accident_id,datetime,annee,mois,jour,heure,minute,departement,commune_insee,adresse,latitude,longitude,luminosite,agglomeration,intersection,meteo,collision,nb_vehicules,nb_usagers,nb_indemnes,nb_tues,nb_blesses_hosp,nb_blesses_legers,age_cond_1,age_cond_2,veh_type_cond_1,veh_type_cond_2,lum_code,agg_code,int_code,atm_code,col_code
201400000933,0014-02-09 10:45:00,14,2,9,10,45,350,168,,47.92352,-1.95733,Plein jour,Hors agglomération,Hors intersection,Normale,Deux véhicules - arrière,,,,,,,,,,,1,1,1,1.0,2
201400000934,0014-04-16 13:00:00,14,4,16,13,0,350,299,,48.62653,-1.92174,Plein jour,Hors agglomération,Intersection à plus de 4 branches,Normale,Deux véhicules - côté,,,,,,,,,,,1,1,5,1.0,3
201400000935,0014-05-09 02:15:00,14,5,9,2,15,350,263,La ville croix,48.67481,-1.9045,Nuit sans éclairage public,En agglomération,Hors intersection,Normale,Autre collision,,,,,,,,,,,3,2,1,1.0,6
201400000936,0014-05-19 22:15:00,14,5,19,22,15,350,179,,48.54403,-1.86673,Nuit sans éclairage public,Hors agglomération,Hors intersection,Normale,Autre collision,,,,,,,,,,,3,1,1,1.0,6
201400000937,0014-06-19 17:15:00,14,6,19,17,15,350,284,,48.6074,-1.9777,Plein jour,Hors agglomération,Hors intersection,Normale,Trois véhicules et plus - en chaîne,,,,,,,,,,,1,1,1,1.0,4
201400000938,0014-06-22 11:00:00,14,6,22,11,0,350,179,,,,Plein jour,Hors agglomération,Hors intersection,Normale,Deux véhicules - côté,,,,,,,,,,,1,1,1,1.0,3
201400000939,0014-08-14 02:15:00,14,8,14,2,15,350,70,,48.5633,-1.92543,Nuit avec éclairage allumé,Hors agglomération,Hors intersection,Normale,Autre collision,,,,,,,,,,,5,1,1,1.0,6
201400000940,0014-01-10 07:15:00,14,1,10,7,15,350,226,,48.40217,-1.87886,Crépuscule ou aube,Hors agglomération,Hors intersection,Brouillard / fumée,Deux véhicules - frontale,,,,,,,,,,,2,1,1,5.0,1
201400000941,0014-01-04 14:30:00,14,1,4,14,30,350,247,,48.59289,-1.61089,Plein jour,Hors agglomération,Hors intersection,Pluie forte,Deux véhicules - frontale,,,,,,,,,,,1,1,1,3.0,1
201400000942,0014-04-13 05:45:00,14,4,13,5,45,350,95,41 rue de paris,,,Nuit sans éclairage public,En agglomération,Hors intersection,Normale,Autre collision,,,,,,,,,,,3,2,1,1.0,6
201400000943,0014-06-01 11:15:00,14,6,1,11,15,350,95,18 RUE DE DINAN,48.54543,-1.75972,Plein jour,En agglomération,Hors intersection,Normale,Autre collision,,,,,,,,,,,1,2,1,1.0,6
201400000944,0014-06-20 23:00:00,14,6,20,23,0,350,247,,48.59526,-1.60196,Nuit sans éclairage public,Hors agglomération,Hors intersection,Normale,Deux véhicules - frontale,,,,,,,,,,,3,1,1,1.0,1
201400000945,0014-06-21 09:00:00,14,6,21,9,0,350,95,Place du Gal De Gaulle,48.54932,-1.75292,Plein jour,En agglomération,Place,Normale,Autre collision,,,,,,,,,,,1,2,7,1.0,6
201400000946,0014-08-05 16:30:00,14,8,5,16,30,350,78,,48.58026,-1.71134,Plein jour,Hors agglomération,Intersection en X,Normale,Deux véhicules - côté,,,,,,,,,,,1,1,2,1.0,3
201400000947,0014-08-24 05:45:00,14,8,24,5,45,350,248,VD8,48.55226,-1.58433,Plein jour,En agglomération,Hors intersection,Normale,Autre collision,,,,,,,,,,,1,2,1,1.0,6
201400000948,0014-01-20 08:00:00,14,1,20,8,0,350,228,"1, rue St Guillaume",48.57952,-2.05878,Plein jour,En agglomération,Giratoire,Normale,Autre collision,,,,,,,,,,,1,2,6,1.0,6
201400000949,0014-02-14 18:00:00,14,2,14,18,0,350,228,,48.62163,-2.09762,Crépuscule ou aube,Hors agglomération,Hors intersection,Pluie légère,Sans collision,,,,,,,,,,,2,1,1,2.0,7
201400000950,0014-10-11 08:15:00,14,10,11,8,15,350,287,,48.62992,-2.09304,Nuit sans éclairage public,Hors agglomération,Hors intersection,Normale,Autre collision,,,,,,,,,,,3,1,1,1.0,6
201400000951,0014-10-17 14:30:00,14,10,17,14,30,350,228,,48.58157,-2.04874,Plein jour,Hors agglomération,Intersection en T,Normale,Deux véhicules - côté,,,,,,,,,,,1,1,3,1.0,3
201400000952,0014-11-06 11:45:00,14,11,6,11,45,350,228,45 rue de Dinard,48.58161,-2.05855,Plein jour,En agglomération,Hors intersection,Normale,Autre collision,,,,,,,,,,,1,2,1,1.0,6
201400000953,0014-12-29 17:00:00,14,12,29,17,0,350,360,rue du mee,48.114,-1.20893,Crépuscule ou aube,En agglomération,Hors intersection,Normale,Autre collision,,,,,,,,,,,2,2,1,1.0,6
201400000954,0014-05-03 14:45:00,14,5,3,14,45,350,119,,48.02301,-1.13774,Plein jour,Hors agglomération,Intersection en X,Normale,Deux véhicules - côté,,,,,,,,,,,1,1,2,1.0,3
201400000955,0014-05-03 19:00:00,14,5,3,19,0,350,119,,48.02293,-1.1377,Plein jour,Hors agglomération,Intersection en X,Normale,Deux véhicules - côté,,,,,,,,,,,1,1,2,1.0,3
201400000956,0014-06-02 02:30:00,14,6,2,2,30,350,15,,,,Nuit sans éclairage public,Hors agglomération,Hors intersection,Normale,Sans collision,,,,,,,,,,,3,1,1,1.0,7
201400000957,0014-06-25 13:30:00,14,6,25,13,30,350,109,,48.07002,-1.18287,Plein jour,Hors agglomération,Hors intersection,Temps couvert,Autre collision,,,,,,,,,,,1,1,1,8.0,6
201400000958,0014-06-29 06:30:00,14,6,29,6,30,350,252,,48.10759,-1.3133,Crépuscule ou aube,Hors agglomération,Hors intersection,Normale,Autre collision,,,,,,,,,,,2,1,1,1.0,6
201400000959,0014-08-18 17:45:00,14,8,18,17,45,350,360,,,,Plein jour,En agglomération,Giratoire,Normale,Deux véhicules - côté,,,,,,,,,,,1,2,6,1.0,3
201400000960,0014-08-23 03:00:00,14,8,23,3,0,350,109,,48.07648,-1.16122,Nuit sans éclairage public,Hors agglomération,Hors intersection,Normale,Sans collision,,,,,,,,,,,3,1,1,1.0,7
201400000961,0014-09-01 15:45:00,14,9,1,15,45,350,105,La Huperie,48.0914,-1.10216,Plein jour,Hors agglomération,Intersection en X,Normale,Deux véhicules - côté,,,,,,,,,,,1,1,2,1.0,3
201400000962,0014-09-13 02:30:00,14,9,13,2,30,350,109,,48.07176,-1.19933,Nuit sans éclairage public,Hors agglomération,Hors intersection,Normale,Autre collision,,,,,,,,,,,3,1,1,1.0,6
201400000963,0014-09-29 14:30:00,14,9,29,14,30,350,360,,48.13568,-1.21745,Plein jour,Hors agglomération,Hors intersection,Normale,Sans collision,,,,,,,,,,,1,1,1,1.0,7
201400000964,0014-10-04 09:45:00,14,10,4,9,45,350,6,,48.05684,-1.15347,Plein jour,En agglomération,Hors intersection,Pluie légère,Autre collision,,,,,,,,,,,1,2,1,2.0,6
201400000965,0014-10-01 09:30:00,14,10,1,9,30,350,360,boulevard Pierre Landais,48.12062,-1.20817,Plein jour,En agglomération,Hors intersection,Normale,Autre collision,,,,,,,,,,,1,2,1,1.0,6
201400000966,0014-10-12 16:30:00,14,10,12,16,30,350,97,,,,Plein jour,Hors agglomération,Hors intersection,Pluie forte,Sans collision,,,,,,,,,,,1,1,1,3.0,7
201400000967,0014-11-10 16:45:00,14,11,10,16,45,350,360,boulevard waldeck rousse,48.1196,-1.20303,Plein jour,En agglomération,Intersection en T,Normale,Deux véhicules - frontale,,,,,,,,,,,1,2,3,1.0,1
201400000968,0014-12-10 18:45:00,14,12,10,18,45,350,338,,48.06203,-1.27626,Nuit sans éclairage public,Hors agglomération,Intersection en X,Pluie légère,Deux véhicules - frontale,,,,,,,,,,,3,1,2,2.0,1
201400000969,0014-01-16 12:15:00,14,1,16,12,15,350,327,,48.11266,-1.43301,Plein jour,Hors agglomération,Hors intersection,Normale,Deux véhicules - frontale,,,,,,,,,,,1,1,1,1.0,1
201400000970,0014-02-01 02:30:00,14,2,1,2,30,350,39,,48.10408,-1.49691,Nuit sans éclairage public,Hors agglomération,Hors intersection,Brouillard / fumée,Trois véhicules et plus - collisions multiples,,,,,,,,,,,3,1,1,5.0,5
201400000971,0014-04-19 16:15:00,14,4,19,16,15,350,204,,48.02897,-1.53335,Plein jour,Hors agglomération,Hors intersection,Normale,Deux véhicules - côté,,,,,,,,,,,1,1,1,1.0,3
201400000972,0014-04-25 10:00:00,14,4,25,10,0,350,207,,,,Plein jour,Hors agglomération,Hors intersection,Normale,Deux véhicules - frontale,,,,,,,,,,,1,1,1,1.0,1
201400000973,0014-06-26 14:45:00,14,6,26,14,45,350,68,,48.15242,-1.40817,Plein jour,Hors agglomération,Hors intersection,Normale,Deux véhicules - frontale,,,,,,,,,,,1,1,1,1.0,1
201400000974,0014-09-02 09:45:00,14,9,2,9,45,350,207,,,,Plein jour,Hors agglomération,Hors intersection,Normale,Deux véhicules - frontale,,,,,,,,,,,1,1,1,1.0,1
201400000975,0014-09-28 16:45:00,14,9,28,16,45,350,207,La Galaicherie,48.09611,-1.53157,Plein jour,Hors agglomération,Hors intersection,Normale,Autre collision,,,,,,,,,,,1,1,1,1.0,6
201400000976,0014-11-11 14:30:00,14,11,11,14,30,350,207,,48.11124,-1.53603,Plein jour,Hors agglomération,Hors intersection,Pluie légère,Autre collision,,,,,,,,,,,1,1,1,2.0,6
201400000977,0014-01-25 01:00:00,14,1,25,1,0,350,167,,47.84388,-1.30614,Nuit sans éclairage public,Hors agglomération,Hors intersection,Pluie légère,Sans collision,,,,,,,,,,,3,1,1,2.0,7
201400000978,0014-05-08 11:45:00,14,5,8,11,45,350,14,rue des tisserands,48.00576,-1.289,Plein jour,En agglomération,Hors intersection,Normale,Sans collision,,,,,,,,,,,1,2,1,1.0,7
201400000979,0014-06-26 13:45:00,14,6,26,13,45,350,125,,47.94452,-1.26163,Plein jour,Hors agglomération,Hors intersection,Normale,Deux véhicules - frontale,,,,,,,,,,,1,1,1,1.0,1
201400000980,0014-07-25 16:45:00,14,7,25,16,45,350,8,,47.95416,-1.21738,Plein jour,Hors agglomération,Hors intersection,Normale,Deux véhicules - frontale,,,,,,,,,,,1,1,1,1.0,1
201400000981,0014-10-05 17:45:00,14,10,5,17,45,350,200,,47.96423,-1.20283,Plein jour,Hors agglomération,Hors intersection,Normale,Autre collision,,,,,,,,,,,1,1,1,1.0,6
201400000982,0014-10-26 18:45:00,14,10,26,18,45,350,167,,47.8398,-1.40283,Nuit sans éclairage public,Hors agglomération,Intersection en X,Normale,Deux véhicules - côté,,,,,,,,,,,3,1,2,1.0,3
201400000983,0014-01-12 07:45:00,14,1,12,7,45,350,108,,47.951,-1.47,Nuit sans éclairage public,Hors agglomération,Hors intersection,Normale,Trois véhicules et plus - collisions multiples,,,,,,,,,,,3,1,1,1.0,5
201400000984,0014-01-18 01:15:00,14,1,18,1,15,350,28,,48.0,-1.382,Nuit sans éclairage public,Hors agglomération,Hors intersection,Normale,Sans collision,,,,,,,,,,,3,1,1,1.0,7
201400000985,0014-03-08 15:00:00,14,3,8,15,0,350,136,27 ROUTE DE BAIN,47.95389,-1.50494,Plein jour,En agglomération,Hors intersection,Temps éblouissant,Deux véhicules - arrière,,,,,,,,,,,1,2,1,7.0,2
201400000986,0014-03-08 17:00:00,14,3,8,17,0,350,335,,47.83657,-1.48995,Plein jour,Hors agglomération,Intersection en Y,Temps éblouissant,Deux véhicules - frontale,,,,,,,,,,,1,1,4,7.0,1
201400000987,0014-04-25 21:45:00,14,4,25,21,45,350,220,La Laurançais,48.0176,-1.41081,Nuit sans éclairage public,Hors agglomération,Hors intersection,Normale,Deux véhicules - arrière,,,,,,,,,,,3,1,1,1.0,2
201400000988,0014-05-14 11:30:00,14,5,14,11,30,350,28,,47.9735,-1.40143,Plein jour,Hors agglomération,Hors intersection,Normale,Deux véhicules - frontale,,,,,,,,,,,1,1,1,1.0,1
201400000989,0014-07-19 16:15:00,14,7,19,16,15,350,41,,47.93794,-1.53405,Plein jour,Hors agglomération,Intersection en Y,Normale,Deux véhicules - côté,,,,,,,,,,,1,1,4,1.0,3
201400000990,0014-07-26 00:01:00,14,7,26,0,1,350,136,,47.97256,-1.48344,Nuit sans éclairage public,Hors agglomération,Hors intersection,Normale,Deux véhicules - côté,,,,,,,,,,,3,1,1,1.0,3
201400000991,0014-09-25 08:15:00,14,9,25,8,15,350,136,rue Chanoine Rossignol,47.96055,-1.49698,Plein jour,En agglomération,Hors intersection,Normale,Autre collision,,,,,,,,,,,1,2,1,1.0,6
201400000992,0014-10-30 12:30:00,14,10,30,12,30,350,220,,47.99371,-1.4205,Plein jour,Hors agglomération,Hors intersection,Normale,Sans collision,,,,,,,,,,,1,1,1,1.0,7
201400000993,0014-12-22 12:00:00,14,12,22,12,0,350,108,,47.96533,-1.42764,Plein jour,Hors agglomération,Hors intersection,Normale,Sans collision,,,,,,,,,,,1,1,1,1.0,7
201400000994,0014-12-20 14:00:00,14,12,20,14,0,220,236,kerdoret,48.65064,-2.96255,Plein jour,Hors agglomération,Intersection en X,Normale,Deux véhicules - côté,,,,,,,,,,,1,1,2,1.0,3
201400000995,0014-12-25 19:00:00,14,12,25,19,0,220,367,,48.55188,-2.85677,Nuit avec éclairage non allumé,Hors agglomération,Intersection en X,Temps couvert,Deux véhicules - côté,,,,,,,,,,,4,1,2,8.0,3
201400000996,0014-02-04 15:30:00,14,2,4,15,30,220,246,,48.4596,-2.63461,Plein jour,Hors agglomération,Hors intersection,Temps couvert,Sans collision,,,,,,,,,,,1,1,1,8.0,7
201400000997,0014-04-15 15:45:00,14,4,15,15,45,220,142,MAROUE (lamballe),48.43534,-2.52888,Plein jour,Hors agglomération,Intersection en X,Normale,Deux véhicules - côté,,,,,,,,,,,1,1,2,1.0,3
201400000998,0014-04-30 13:45:00,14,4,30,13,45,220,93,,48.45542,-2.51369,Plein jour,Hors agglomération,Hors intersection,Normale,Trois véhicules et plus - collisions multiples,,,,,,,,,,,1,1,1,1.0,5
201400000999,0014-05-29 14:45:00,14,5,29,14,45,220,142,MAROUE,48.44583,-2.55063,Plein jour,Hors agglomération,Intersection en X,Normale,Deux véhicules - côté,,,,,,,,,,,1,1,2,1.0,3
201400001000,0014-05-29 02:30:00,14,5,29,2,30,220,160,rue louis hingant,48.44779,-2.48484,Nuit sans éclairage public,En agglomération,Hors intersection,Normale,Autre collision,,,,,,,,,,,3,2,1,1.0,6
201400001001,0014-10-06 12:30:00,14,10,6,12,30,220,93,avenue georges clémencea,48.46134,-2.50315,Plein jour,En agglomération,Giratoire,Pluie forte,Deux véhicules - côté,,,,,,,,,,,1,2,6,3.0,3
201400001002,0014-10-12 11:45:00,14,10,12,11,45,220,142,le moulin provost,48.42564,-2.50688,Plein jour,Hors agglomération,Hors intersection,Pluie forte,Deux véhicules - frontale,,,,,,,,,,,1,1,1,3.0,1
201400001003,0014-10-14 16:15:00,14,10,14,16,15,220,93,rue du général de gaulle,48.47154,-2.51557,Plein jour,En agglomération,Hors intersection,Temps éblouissant,Autre collision,,,,,,,,,,,1,2,1,7.0,6
201400001004,0014-11-18 18:00:00,14,11,18,18,0,220,44,Belle Ville,48.4834,-2.57653,Nuit sans éclairage public,Hors agglomération,Hors intersection,Pluie légère,Autre collision,,,,,,,,,,,3,1,1,2.0,6
201400001005,0014-11-18 08:30:00,14,11,18,8,30,220,160,rue Hingant,48.44783,-2.48472,Plein jour,En agglomération,Intersection en T,Pluie légère,Deux véhicules - côté,,,,,,,,,,,1,2,3,2.0,3
201400001006,0014-12-12 19:00:00,14,12,12,19,0,220,93,Rue du Général LECLERC,48.46744,-2.51421,Nuit avec éclairage allumé,En agglomération,Hors intersection,Pluie légère,Autre collision,,,,,,,,,,,5,2,1,2.0,6
201400001007,0014-01-10 13:30:00,14,1,10,13,30,220,258,Meudon,48.42171,-2.62729,Plein jour,Hors agglomération,Intersection en X,Normale,Trois véhicules et plus - collisions multiples,,,,,,,,,,,1,1,2,1.0,5
201400001008,0014-02-05 18:45:00,14,2,5,18,45,220,79,La Ville Es Bruyères,48.37723,-2.75267,Nuit sans éclairage public,Hors agglomération,Hors intersection,Pluie forte,Sans collision,,,,,,,,,,,3,1,1,3.0,7
201400001009,0014-08-06 08:00:00,14,8,6,8,0,220,258,La Chenaie,48.41839,-2.62574,Plein jour,Hors agglomération,Hors intersection,Pluie légère,Deux véhicules - frontale,,,,,,,,,,,1,1,1,2.0,1
201400001010,0014-08-29 23:30:00,14,8,29,23,30,220,281,Saint Guihen,48.40247,-2.77326,Nuit sans éclairage public,Hors agglomération,Hors intersection,Normale,Deux véhicules - frontale,,,,,,,,,,,3,1,1,1.0,1
201400001011,0014-02-17 09:00:00,14,2,17,9,0,220,390,La Petite tournée,48.71803,-3.02372,Plein jour,Hors agglomération,Hors intersection,Normale,Deux véhicules - côté,,,,,,,,,,,1,1,1,1.0,3
201400001012,0014-06-05 23:30:00,14,6,5,23,30,220,162,avenue chateaubriand,48.77781,-3.04403,Nuit avec éclairage allumé,En agglomération,Hors intersection,Normale,Deux véhicules - frontale,,,,,,,,,,,5,2,1,1.0,1
201400001013,0014-07-12 14:00:00,14,7,12,14,0,220,162,Penvern,48.76703,-3.05742,Plein jour,Hors agglomération,Hors intersection,Normale,Deux véhicules - frontale,,,,,,,,,,,1,1,1,1.0,1
201400001014,0014-11-07 08:00:00,14,11,7,8,0,220,162,guillardon,48.75811,-2.99599,Crépuscule ou aube,Hors agglomération,Hors intersection,Pluie légère,Deux véhicules - frontale,,,,,,,,,,,2,1,1,2.0,1
201400001015,0014-02-15 16:00:00,14,2,15,16,0,220,54,parking magasin super u,48.62248,-2.43859,Plein jour,En agglomération,Autre intersection,Normale,Autre collision,,,,,,,,,,,1,2,9,1.0,6
201400001016,0014-03-23 01:00:00,14,3,23,1,0,220,242,,48.62903,-2.42123,Nuit sans éclairage public,Hors agglomération,Hors intersection,Pluie légère,Sans collision,,,,,,,,,,,3,1,1,2.0,7
201400001017,0014-05-27 08:45:00,14,5,27,8,45,220,242,rue rollard,48.64006,-2.39961,Plein jour,En agglomération,Intersection en X,Normale,Autre collision,,,,,,,,,,,1,2,2,1.0,6
201400001018,0014-08-01 18:00:00,14,8,1,18,0,220,389,,48.48044,-2.64607,Plein jour,Hors agglomération,Giratoire,Normale,Deux véhicules - arrière,,,,,,,,,,,1,1,6,1.0,2
201400001019,0014-08-06 00:15:00,14,8,6,0,15,220,186,le cloître,48.57699,-2.53365,Nuit sans éclairage public,En agglomération,Hors intersection,Pluie forte,Deux véhicules - côté,,,,,,,,,,,3,2,1,3.0,3
201400001020,0014-08-10 14:30:00,14,8,10,14,30,220,186,,48.56439,-2.54518,Plein jour,Hors agglomération,Hors intersection,Normale,Deux véhicules - frontale,,,,,,,,,,,1,1,1,1.0,1
201400001021,0014-09-07 04:45:00,14,9,7,4,45,220,389,rue louis marteil,48.48414,-2.65841,Nuit sans éclairage public,En agglomération,Hors intersection,Normale,Autre collision,,,,,,,,,,,3,2,1,1.0,6
201400001022,0014-11-01 19:00:00,14,11,1,19,0,220,54,rue du parc des sports,48.63037,-2.46332,Nuit avec éclairage allumé,En agglomération,Hors intersection,Normale,Autre collision,,,,,,,,,,,5,2,1,1.0,6
201400001023,0014-01-07 14:30:00,14,1,7,14,30,220,171,rue de la ville gourelle,48.40891,-2.81826,Plein jour,En agglomération,Hors intersection,Normale,Deux véhicules - frontale,,,,,,,,,,,1,2,1,1.0,1
201400001024,0014-04-12 23:15:00,14,4,12,23,15,220,307,"7,rue Saint Gilles",48.43852,-2.8207,Nuit sans éclairage public,Hors agglomération,Hors intersection,Normale,Autre collision,,,,,,,,,,,3,1,1,1.0,6
201400001025,0014-04-16 16:45:00,14,4,16,16,45,220,277,,48.41358,-2.84979,Plein jour,Hors agglomération,Hors intersection,Normale,Trois véhicules et plus - collisions multiples,,,,,,,,,,,1,1,1,1.0,5
201400001026,0014-06-01 10:15:00,14,6,1,10,15,220,45,le paimpeu,48.43715,-2.93897,Plein jour,Hors agglomération,Hors intersection,Normale,Deux véhicules - côté,,,,,,,,,,,1,1,1,1.0,3
201400001027,0014-06-21 07:15:00,14,6,21,7,15,220,176,le moulin de quervilly,48.46209,-2.75573,Plein jour,Hors agglomération,Hors intersection,Normale,Sans collision,,,,,,,,,,,1,1,1,1.0,7
201400001028,0014-07-01 18:45:00,14,7,1,18,45,220,171,rue de sébastopol,48.4079,-2.81732,Plein jour,En agglomération,Intersection en T,Normale,Autre collision,,,,,,,,,,,1,2,3,1.0,6
201400001029,0014-07-16 18:30:00,14,7,16,18,30,220,59,rue du stade,48.39086,-2.86813,Plein jour,En agglomération,Hors intersection,Normale,Autre collision,,,,,,,,,,,1,2,1,1.0,6
201400001030,0014-01-19 16:45:00,14,1,19,16,45,220,77,LESB PHILIPORTES,48.52834,-2.42249,Plein jour,Hors agglomération,Intersection en X,Temps éblouissant,Deux véhicules - frontale,,,,,,,,,,,1,1,2,7.0,1
201400001031,0014-05-09 01:45:00,14,5,9,1,45,220,179,place de Bretagne,48.64048,-2.39414,Nuit sans éclairage public,En agglomération,Hors intersection,Normale,Deux véhicules - frontale,,,,,,,,,,,3,2,1,1.0,1
201400001032,0014-07-03 15:30:00,14,7,3,15,30,220,179,rue des petites fontaine,48.628,-2.36946,Plein jour,En agglomération,Hors intersection,Normale,Deux véhicules - côté,,,,,,,,,,,1,2,1,1.0,3
201400001033,0014-07-30 16:45:00,14,7,30,16,45,220,323,,48.52836,-2.32543,Plein jour,Hors agglomération,Hors intersection,Normale,Deux véhicules - arrière,,,,,,,,,,,1,1,1,1.0,2
201400001034,0014-08-27 17:45:00,14,8,27,17,45,220,143,le Houet,48.60607,-2.28005,Plein jour,Hors agglomération,Hors intersection,Normale,Sans collision,,,,,,,,,,,1,1,1,1.0,7
201400001035,0014-09-07 17:00:00,14,9,7,17,0,220,179,saint aide,48.6196,-2.34744,Plein jour,Hors agglomération,Hors intersection,Normale,Trois véhicules et plus - collisions multiples,,,,,,,,,,,1,1,1,1.0,5
201400001036,0014-09-26 13:15:00,14,9,26,13,15,220,179,rue des petites fontaine,48.6286,-2.36703,Plein jour,En agglomération,Hors intersection,Normale,Autre collision,,,,,,,,,,,1,2,1,1.0,6
201400001037,0014-10-05 11:45:00,14,10,5,11,45,220,282,,48.62812,-2.25686,Plein jour,En agglomération,Hors intersection,Normale,Deux véhicules - côté,,,,,,,,,,,1,2,1,1.0,3
201400001038,0014-02-14 16:00:00,14,2,14,16,0,220,190,rue François Mitterrand,48.533,-2.05724,Plein jour,En agglomération,Hors intersection,Pluie légère,Sans collision,,,,,,,,,,,1,2,1,2.0,7
201400001039,0014-02-22 01:00:00,14,2,22,1,0,220,237,Le Bois Bouan,48.55091,-2.2553,Nuit sans éclairage public,Hors agglomération,Hors intersection,Pluie légère,Autre collision,,,,,,,,,,,3,1,1,2.0,6
201400001040,0014-01-05 17:00:00,14,1,5,17,0,220,225,le pont caffin,48.53494,-3.16147,Plein jour,Hors agglomération,Hors intersection,Temps couvert,Trois véhicules et plus - en chaîne,,,,,,,,,,,1,1,1,8.0,4
201400001041,0014-02-04 11:30:00,14,2,4,11,30,220,70,route de corlay,48.55365,-3.14963,Plein jour,En agglomération,Hors intersection,Temps éblouissant,Autre collision,,,,,,,,,,,1,2,1,7.0,6
201400001042,0014-04-21 19:45:00,14,4,21,19,45,220,272,Kernoble,48.56775,-3.10167,Nuit sans éclairage public,Hors agglomération,Hors intersection,Normale,Deux véhicules - côté,,,,,,,,,,,3,1,1,1.0,3
201400001043,0014-08-05 16:15:00,14,8,5,16,15,220,70,rue st michel,48.56097,-3.15801,Plein jour,En agglomération,Hors intersection,Normale,Autre collision,,,,,,,,,,,1,2,1,1.0,6
201400001044,0014-10-17 07:45:00,14,10,17,7,45,220,272,,48.5697,-3.09287,Crépuscule ou aube,Hors agglomération,Hors intersection,Pluie légère,Sans collision,,,,,,,,,,,2,1,1,2.0,7
201400001045,0014-10-14 07:45:00,14,10,14,7,45,220,70,Rue du Général de GAULLE,48.56317,-3.14991,Crépuscule ou aube,En agglomération,Intersection en X,Autre,Deux véhicules - côté,,,,,,,,,,,2,2,2,9.0,3
201400001046,0014-10-17 10:30:00,14,10,17,10,30,220,70,Rue Ernest RENAN,48.56326,-3.1557,Plein jour,En agglomération,Hors intersection,Pluie légère,Autre collision,,,,,,,,,,,1,2,1,2.0,6
201400001047,0014-11-04 17:45:00,14,11,4,17,45,220,223,pont ezer,48.57189,-3.16233,Nuit sans éclairage public,En agglomération,Intersection en T,Temps couvert,Deux véhicules - côté,,,,,,,,,,,3,2,3,8.0,3
201400001048,0014-01-02 18:30:00,14,1,2,18,30,220,248,rue Pierre COTTIN,48.621,-3.08926,Nuit sans éclairage public,En agglomération,Hors intersection,Normale,Sans collision,,,,,,,,,,,3,2,1,1.0,7
201400001049,0014-01-18 15:30:00,14,1,18,15,30,220,194,rue de la fontaine,48.65708,-3.62612,Plein jour,En agglomération,Intersection en T,Temps couvert,Deux véhicules - côté,,,,,,,,,,,1,2,3,8.0,3
201400001050,0014-02-05 11:45:00,14,2,5,11,45,220,211,rue joseph lasbleiz,48.71659,-3.45479,Plein jour,En agglomération,Hors intersection,Pluie légère,Deux véhicules - côté,,,,,,,,,,,1,2,1,2.0,3
201400001051,0014-02-02 15:45:00,14,2,2,15,45,220,353,trebeurdenPAS DOSGEO,48.82171,-3.51801,Plein jour,En agglomération,Hors intersection,Normale,Deux véhicules - arrière,,,,,,,,,,,1,2,1,1.0,2
201400001052,0014-02-07 13:00:00,14,2,7,13,0,220,198,,48.78627,-3.49227,Plein jour,Hors agglomération,Giratoire,Normale,Deux véhicules - côté,,,,,,,,,,,1,1,6,1.0,3
201400001053,0014-03-09 22:45:00,14,3,9,22,45,220,168,BLD JOSEPH LE BIHAN,48.8159,-3.45833,Nuit avec éclairage allumé,En agglomération,Hors intersection,Normale,Deux véhicules - côté,,,,,,,,,,,5,2,1,1.0,3
201400001054,0014-04-18 20:30:00,14,4,18,20,30,220,198,,48.75327,-3.51582,Plein jour,Hors agglomération,Hors intersection,Normale,Autre collision,,,,,,,,,,,1,1,1,1.0,6
201400001055,0014-05-07 23:15:00,14,5,7,23,15,220,353,rue de poul palud,48.82479,-3.50711,Nuit avec éclairage non allumé,En agglomération,Hors intersection,Normale,Sans collision,,,,,,,,,,,4,2,1,1.0,7
201400001056,0014-07-11 22:45:00,14,7,11,22,45,220,379,rue de trestel,48.81996,-3.35351,Crépuscule ou aube,En agglomération,Hors intersection,Normale,Autre collision,,,,,,,,,,,2,2,1,1.0,6
201400001057,0014-08-11 23:45:00,14,8,11,23,45,220,168,9 rue de la Jetée,48.80597,-3.43748,Nuit avec éclairage allumé,En agglomération,Hors intersection,Normale,Autre collision,,,,,,,,,,,5,2,1,1.0,6
201400001058,0014-08-13 04:30:00,14,8,13,4,30,220,168,rue de Traouros,48.82397,-3.48582,Nuit avec éclairage allumé,En agglomération,Hors intersection,Normale,Autre collision,,,,,,,,,,,5,2,1,1.0,6