accident_id,datetime,annee,mois,jour,heure,minute,departement,commune_insee,adresse,latitude,longitude,luminosite,agglomeration,intersection,meteo,collision,nb_vehicules,nb_usagers,nb_indemnes,nb_tues,nb_blesses_hosp,nb_blesses_legers,age_cond_1,age_cond_2,veh_type_cond_1,veh_type_cond_2,lum_code,agg_code,int_code,atm_code,col_code
201400001187,0014-01-27 20:45:00,14,1,27,20,45,560,120,,,,Nuit sans éclairage public,Hors agglomération,Hors intersection,Normale,Sans collision,,,,,,,,,,,3,1,1,1.0,7
201400001188,0014-01-30 06:15:00,14,1,30,6,15,560,158,,,,Nuit sans éclairage public,Hors agglomération,Hors intersection,Pluie légère,Deux véhicules - frontale,,,,,,,,,,,3,1,1,2.0,1
201400001189,0014-02-01 17:30:00,14,2,1,17,30,560,164,,,,Plein jour,Hors agglomération,Hors intersection,Normale,Sans collision,,,,,,,,,,,1,1,1,1.0,7
201400001190,0014-03-04 09:30:00,14,3,4,9,30,560,67,,,,Plein jour,Hors agglomération,Hors intersection,Normale,Deux véhicules - frontale,,,,,,,,,,,1,1,1,1.0,1
201400001191,0014-05-15 20:30:00,14,5,15,20,30,560,67,,,,Plein jour,Hors agglomération,Hors intersection,Normale,Deux véhicules - frontale,,,,,,,,,,,1,1,1,1.0,1
201400001192,0014-05-28 13:15:00,14,5,28,13,15,560,8,RUE DU 06 AOUT 1944,47.61961,-2.92204,Plein jour,En agglomération,Hors intersection,Normale,Autre collision,,,,,,,,,,,1,2,1,1.0,6
201400001193,0014-07-01 07:30:00,14,7,1,7,30,560,157,,,,Plein jour,Hors agglomération,Hors intersection,Temps couvert,Deux véhicules - côté,,,,,,,,,,,1,1,1,8.0,3
201400001194,0014-07-02 14:30:00,14,7,2,14,30,560,8,RUE DES FRERES GUENEDAL,47.62081,-2.9145,Plein jour,En agglomération,Hors intersection,Normale,Deux véhicules - côté,,,,,,,,,,,1,2,1,1.0,3
201400001195,0014-07-06 20:45:00,14,7,6,20,45,560,106,,,,Plein jour,Hors agglomération,Hors intersection,Normale,Deux véhicules - frontale,,,,,,,,,,,1,1,1,1.0,1
201400001196,0014-10-17 07:00:00,14,10,17,7,0,560,22,,,,Nuit sans éclairage public,Hors agglomération,Hors intersection,Temps couvert,Deux véhicules - frontale,,,,,,,,,,,3,1,1,8.0,1
201400001197,0014-11-20 09:45:00,14,11,20,9,45,560,260,,,,Plein jour,Hors agglomération,Hors intersection,Normale,Deux véhicules - côté,,,,,,,,,,,1,1,1,1.0,3
201400001198,0014-12-27 06:30:00,14,12,27,6,30,560,115,,,,Nuit sans éclairage public,Hors agglomération,Giratoire,Normale,Autre collision,,,,,,,,,,,3,1,6,1.0,6
201400001199,0014-01-23 17:15:00,14,1,23,17,15,560,61,rue de la liberte,,,Plein jour,En agglomération,Hors intersection,Temps couvert,Autre collision,,,,,,,,,,,1,2,1,8.0,6
201400001200,0014-01-25 16:00:00,14,1,25,16,0,560,194,,,,Plein jour,Hors agglomération,Giratoire,Temps éblouissant,Autre collision,,,,,,,,,,,1,1,6,7.0,6
201400001201,0014-03-06 00:45:00,14,3,6,0,45,560,223,,47.64236,-2.09745,Nuit sans éclairage public,Hors agglomération,Hors intersection,Normale,Autre collision,,,,,,,,,,,3,1,1,1.0,6
201400001202,0014-04-10 18:00:00,14,4,10,18,0,560,154,,,,Plein jour,Hors agglomération,Hors intersection,Normale,Deux véhicules - arrière,,,,,,,,,,,1,1,1,1.0,2
201400001203,0014-04-19 16:15:00,14,4,19,16,15,560,33,rue fontaine st louis,,,Plein jour,En agglomération,Hors intersection,Normale,Autre collision,,,,,,,,,,,1,2,1,1.0,6
201400001204,0014-05-23 12:30:00,14,5,23,12,30,560,194,,47.61111,-2.11271,Plein jour,Hors agglomération,Intersection en X,Normale,Autre collision,,,,,,,,,,,1,1,2,1.0,6
201400001205,0014-06-01 01:30:00,14,6,1,1,30,560,60,,,,Nuit sans éclairage public,Hors agglomération,Hors intersection,Normale,Autre collision,,,,,,,,,,,3,1,1,1.0,6
201400001206,0014-06-21 05:15:00,14,6,21,5,15,560,154,,,,Crépuscule ou aube,Hors agglomération,Hors intersection,Normale,Autre collision,,,,,,,,,,,2,1,1,1.0,6
201400001207,0014-07-04 14:45:00,14,7,4,14,45,560,194,,,,Plein jour,Hors agglomération,Giratoire,Vent fort / tempête,Deux véhicules - côté,,,,,,,,,,,1,1,6,6.0,3
201400001208,0014-12-29 16:30:00,14,12,29,16,30,560,33,,,,Plein jour,Hors agglomération,Hors intersection,Normale,Sans collision,,,,,,,,,,,1,1,1,1.0,7
201400001209,0014-01-09 10:15:00,14,1,9,10,15,560,77,,,,Plein jour,Hors agglomération,Hors intersection,Normale,Deux véhicules - frontale,,,,,,,,,,,1,1,1,1.0,1
201400001210,0014-01-14 05:30:00,14,1,14,5,30,560,143,,,,Nuit sans éclairage public,Hors agglomération,Hors intersection,Normale,Sans collision,,,,,,,,,,,3,1,1,1.0,7
201400001211,0014-02-24 12:45:00,14,2,24,12,45,560,149,,47.56706,-2.43073,Plein jour,Hors agglomération,Intersection en X,Normale,Deux véhicules - côté,,,,,,,,,,,1,1,2,1.0,3
201400001212,0014-02-28 11:45:00,14,2,28,11,45,560,2,,,,Plein jour,Hors agglomération,Hors intersection,Normale,Deux véhicules - frontale,,,,,,,,,,,1,1,1,1.0,1
201400001213,0014-07-27 16:30:00,14,7,27,16,30,560,195,2 rue Crespel,47.52173,-2.30409,Plein jour,En agglomération,Hors intersection,Normale,Autre collision,,,,,,,,,,,1,2,1,1.0,6
201400001214,0014-01-01 12:30:00,14,1,1,12,30,560,184,,,,Plein jour,Hors agglomération,Hors intersection,Vent fort / tempête,Autre collision,,,,,,,,,,,1,1,1,6.0,6
201400001215,0014-01-06 16:00:00,14,1,6,16,0,560,184,,,,Plein jour,Hors agglomération,Hors intersection,Temps couvert,Trois véhicules et plus - collisions multiples,,,,,,,,,,,1,1,1,8.0,5
201400001216,0014-02-18 10:30:00,14,2,18,10,30,560,261,,47.69702,-2.51621,Plein jour,Hors agglomération,Hors intersection,Normale,Deux véhicules - côté,,,,,,,,,,,1,1,1,1.0,3
201400001217,0014-04-25 08:00:00,14,4,25,8,0,560,184,,,,Plein jour,Hors agglomération,Intersection en T,Normale,Deux véhicules - frontale,,,,,,,,,,,1,1,3,1.0,1
201400001218,0014-06-27 19:45:00,14,6,27,19,45,560,109,,,,Plein jour,Hors agglomération,Hors intersection,Normale,Trois véhicules et plus - en chaîne,,,,,,,,,,,1,1,1,1.0,4
201400001219,0014-06-28 02:00:00,14,6,28,2,0,560,231,,,,Nuit sans éclairage public,Hors agglomération,Hors intersection,Normale,Sans collision,,,,,,,,,,,3,1,1,1.0,7
201400001220,0014-07-17 20:30:00,14,7,17,20,30,560,123,rue de la belle etoile,,,Plein jour,En agglomération,Hors intersection,Temps couvert,Sans collision,,,,,,,,,,,1,2,1,8.0,7
201400001221,0014-09-22 16:45:00,14,9,22,16,45,560,224,,,,Plein jour,Hors agglomération,Hors intersection,Normale,Deux véhicules - frontale,,,,,,,,,,,1,1,1,1.0,1
201400001222,0014-10-11 09:15:00,14,10,11,9,15,560,231,,,,Plein jour,Hors agglomération,Hors intersection,Normale,Deux véhicules - côté,,,,,,,,,,,1,1,1,1.0,3
201400001223,0014-11-21 08:00:00,14,11,21,8,0,560,184,Place du Marchix,47.66149,-2.45625,Crépuscule ou aube,En agglomération,Autre intersection,Brouillard / fumée,Deux véhicules - côté,,,,,,,,,,,2,2,9,5.0,3
201400001224,0014-01-20 07:45:00,14,1,20,7,45,560,23,Rue Nationale,,,Nuit avec éclairage allumé,En agglomération,Hors intersection,Normale,Deux véhicules - frontale,,,,,,,,,,,5,2,1,1.0,1
201400001225,0014-01-25 10:45:00,14,1,25,10,45,560,7,,47.66747,-2.98531,Plein jour,En agglomération,Hors intersection,Normale,Autre collision,,,,,,,,,,,1,2,1,1.0,6
201400001226,0014-02-23 20:00:00,14,2,23,20,0,560,23,KERIZAN,47.6824,-3.02202,Plein jour,En agglomération,Hors intersection,Normale,Sans collision,,,,,,,,,,,1,2,1,1.0,7
201400001227,0014-03-21 19:45:00,14,3,21,19,45,560,7,rue du Cdt Charcot,47.67271,-2.99325,Nuit avec éclairage allumé,En agglomération,Hors intersection,Normale,Autre collision,,,,,,,,,,,5,2,1,1.0,6
201400001228,0014-03-28 16:00:00,14,3,28,16,0,560,7,,47.67255,-2.99231,Plein jour,En agglomération,Hors intersection,Normale,Deux véhicules - côté,,,,,,,,,,,1,2,1,1.0,3
201400001229,0014-07-09 18:30:00,14,7,9,18,30,560,46,,47.6545,-2.98263,Plein jour,Hors agglomération,Hors intersection,Normale,Trois véhicules et plus - en chaîne,,,,,,,,,,,1,1,1,1.0,4
201400001230,0014-08-31 04:45:00,14,8,31,4,45,560,167,,,,Nuit sans éclairage public,Hors agglomération,Hors intersection,Normale,Sans collision,,,,,,,,,,,3,1,1,1.0,7
201400001231,0014-09-19 07:15:00,14,9,19,7,15,560,176,RUE AMPERE,47.66916,-2.96065,Plein jour,En agglomération,Hors intersection,Normale,Deux véhicules - côté,,,,,,,,,,,1,2,1,1.0,3
201400001232,0014-10-20 01:00:00,14,10,20,1,0,560,176,,,,Nuit sans éclairage public,Hors agglomération,Autre intersection,Normale,Sans collision,,,,,,,,,,,3,1,9,1.0,7
201400001233,0014-11-08 21:15:00,14,11,8,21,15,560,7,1 RUE FRANCIS HELLEC,47.67941,-3.00576,Nuit avec éclairage allumé,En agglomération,Hors intersection,Normale,Autre collision,,,,,,,,,,,5,2,1,1.0,6
201400001234,0014-11-13 20:00:00,14,11,13,20,0,560,46,,,,Nuit sans éclairage public,Hors agglomération,Hors intersection,Temps couvert,Deux véhicules - frontale,,,,,,,,,,,3,1,1,8.0,1
201400001235,0014-11-22 16:30:00,14,11,22,16,30,560,263,,,,Plein jour,Hors agglomération,Intersection en T,Normale,Trois véhicules et plus - collisions multiples,,,,,,,,,,,1,1,3,1.0,5
201400001236,0014-01-09 15:45:00,14,1,9,15,45,560,152,,47.33411,-3.15963,Crépuscule ou aube,Hors agglomération,Hors intersection,Temps couvert,Deux véhicules - frontale,,,,,,,,,,,2,1,1,8.0,1
201400001237,0014-03-06 17:00:00,14,3,6,17,0,560,168,,47.59723,-3.11235,Nuit avec éclairage allumé,En agglomération,Hors intersection,Normale,Deux véhicules - côté,,,,,,,,,,,5,2,1,1.0,3
201400001238,0014-07-26 11:00:00,14,7,26,11,0,560,186,rue des korrigans,47.48272,-3.11072,Plein jour,En agglomération,Hors intersection,Normale,Deux véhicules - côté,,,,,,,,,,,1,2,1,1.0,3
201400001239,0014-08-16 11:15:00,14,8,16,11,15,560,34,2 RUE DU TUMULUS,47.58353,-3.07834,Plein jour,En agglomération,Hors intersection,Normale,Autre collision,,,,,,,,,,,1,2,1,1.0,6
201400001240,0014-01-10 19:45:00,14,1,10,19,45,560,69,Route de Port Melite,47.63993,-3.44996,Nuit avec éclairage non allumé,En agglomération,Hors intersection,Pluie forte,Autre collision,,,,,,,,,,,4,2,1,3.0,6
201400001241,0014-08-14 11:45:00,14,8,14,11,45,560,130,,,,Plein jour,Hors agglomération,Giratoire,Normale,Deux véhicules - côté,,,,,,,,,,,1,1,6,1.0,3
201400001242,0014-09-09 23:00:00,14,9,9,23,0,560,193,route de la Croizetiere,47.71518,-3.33323,Nuit avec éclairage allumé,En agglomération,Hors intersection,Normale,Sans collision,,,,,,,,,,,5,2,1,1.0,7
201400001243,0014-11-12 15:00:00,14,11,12,15,0,560,169,,47.69337,-3.20123,Plein jour,Hors agglomération,Hors intersection,Pluie forte,Deux véhicules - frontale,,,,,,,,,,,1,1,1,3.0,1
201400001244,0014-11-17 09:45:00,14,11,17,9,45,560,161,LOCMARIA,,,Plein jour,En agglomération,Hors intersection,Normale,Deux véhicules - côté,,,,,,,,,,,1,2,1,1.0,3
201400001245,0014-01-20 08:15:00,14,1,20,8,15,560,165,Rue de la Porte Bergault,47.92861,-2.39284,Crépuscule ou aube,En agglomération,Hors intersection,Brouillard / fumée,Autre collision,,,,,,,,,,,2,2,1,5.0,6
201400001246,0014-02-11 20:00:00,14,2,11,20,0,560,134,,,,Nuit sans éclairage public,Hors agglomération,Hors intersection,Temps couvert,Deux véhicules - frontale,,,,,,,,,,,3,1,1,8.0,1
201400001247,0014-03-04 08:45:00,14,3,4,8,45,560,43,,,,Crépuscule ou aube,Hors agglomération,Hors intersection,Temps éblouissant,Sans collision,,,,,,,,,,,2,1,1,7.0,7
201400001248,0014-03-02 12:15:00,14,3,2,12,15,560,165,giratoire GUILLOU,47.93909,-2.40368,Plein jour,En agglomération,Giratoire,Pluie légère,Deux véhicules - arrière,,,,,,,,,,,1,2,6,2.0,2
201400001249,0014-08-17 19:00:00,14,8,17,19,0,560,165,,,,Plein jour,Hors agglomération,Hors intersection,Normale,Deux véhicules - frontale,,,,,,,,,,,1,1,1,1.0,1
201400001250,0014-09-03 17:15:00,14,9,3,17,15,560,165,,,,Plein jour,Hors agglomération,Hors intersection,Normale,Deux véhicules - arrière,,,,,,,,,,,1,1,1,1.0,2
201400001251,0014-09-26 20:30:00,14,9,26,20,30,560,127,avenue Jean Allain,,,Nuit avec éclairage non allumé,En agglomération,Hors intersection,Normale,Sans collision,,,,,,,,,,,4,2,1,1.0,7
201400001252,0014-10-13 18:00:00,14,10,13,18,0,560,122,,47.97591,-2.37934,Plein jour,Hors agglomération,Giratoire,Normale,Deux véhicules - côté,,,,,,,,,,,1,1,6,1.0,3
201400001253,0014-10-09 13:00:00,14,10,9,13,0,560,197,,,,Plein jour,Hors agglomération,Hors intersection,Normale,Sans collision,,,,,,,,,,,1,1,1,1.0,7
201400001254,0014-10-19 18:15:00,14,10,19,18,15,560,138,,47.89183,-2.3636,Plein jour,Hors agglomération,Hors intersection,Normale,Deux véhicules - frontale,,,,,,,,,,,1,1,1,1.0,1
201400001255,0014-12-31 18:45:00,14,12,31,18,45,560,6,,,,Nuit sans éclairage public,Hors agglomération,Hors intersection,Normale,Autre collision,,,,,,,,,,,3,1,1,1.0,6
201400001256,0014-02-09 21:20:00,14,2,9,21,20,560,230,,,,Nuit sans éclairage public,Hors agglomération,Hors intersection,Pluie légère,Sans collision,,,,,,,,,,,3,1,1,2.0,7
201400001257,0014-02-14 00:01:00,14,2,14,0,1,560,219,,47.79577,-2.50631,Nuit sans éclairage public,Hors agglomération,Hors intersection,Pluie légère,Autre collision,,,,,,,,,,,3,1,1,2.0,6
201400001258,0014-05-14 18:45:00,14,5,14,18,45,560,124,Boulevard du pont neuf,,,Plein jour,En agglomération,Intersection en T,Normale,Deux véhicules - côté,,,,,,,,,,,1,2,3,1.0,3
201400001259,0014-08-01 17:30:00,14,8,1,17,30,560,20,,,,Plein jour,Hors agglomération,Intersection en T,Normale,Deux véhicules - côté,,,,,,,,,,,1,1,3,1.0,3
201400001260,0014-09-12 16:45:00,14,9,12,16,45,560,244,51 rue merlin,47.82371,-2.51253,Plein jour,En agglomération,Hors intersection,Normale,Autre collision,,,,,,,,,,,1,2,1,1.0,6
201400001261,0014-10-04 17:15:00,14,10,4,17,15,560,75,,,,Plein jour,Hors agglomération,Intersection en X,Temps couvert,Deux véhicules - côté,,,,,,,,,,,1,1,2,8.0,3
201400001262,0014-10-16 08:45:00,14,10,16,8,45,560,200,,,,Plein jour,Hors agglomération,Hors intersection,Temps couvert,Deux véhicules - frontale,,,,,,,,,,,1,1,1,8.0,1
201400001263,0014-01-10 13:15:00,14,1,10,13,15,560,172,,,,Plein jour,Hors agglomération,Hors intersection,Normale,Autre collision,,,,,,,,,,,1,1,1,1.0,6
201400001264,0014-01-12 11:30:00,14,1,12,11,30,560,222,,47.8661,-2.74267,Plein jour,Hors agglomération,Hors intersection,Normale,Autre collision,,,,,,,,,,,1,1,1,1.0,6
201400001265,0014-03-16 18:30:00,14,3,16,18,30,560,160,,47.98495,-2.68607,Plein jour,Hors agglomération,Hors intersection,Normale,Deux véhicules - frontale,,,,,,,,,,,1,1,1,1.0,1
201400001266,0014-03-16 18:45:00,14,3,16,18,45,560,140,,,,Plein jour,Hors agglomération,Hors intersection,Temps éblouissant,Deux véhicules - arrière,,,,,,,,,,,1,1,1,7.0,2
201400001267,0014-04-07 06:45:00,14,4,7,6,45,560,172,,,,Crépuscule ou aube,Hors agglomération,Hors intersection,Pluie légère,Autre collision,,,,,,,,,,,2,1,1,2.0,6
201400001268,0014-05-09 19:00:00,14,5,9,19,0,560,79,,,,Plein jour,Hors agglomération,Hors intersection,Normale,Autre collision,,,,,,,,,,,1,1,1,1.0,6
201400001269,0014-05-20 15:15:00,14,5,20,15,15,560,17,,,,Crépuscule ou aube,Hors agglomération,Hors intersection,Normale,Deux véhicules - frontale,,,,,,,,,,,2,1,1,1.0,1
201400001270,0014-06-09 02:00:00,14,6,9,2,0,560,24,,,,Nuit sans éclairage public,Hors agglomération,Hors intersection,Normale,Autre collision,,,,,,,,,,,3,1,1,1.0,6
201400001271,0014-06-16 11:30:00,14,6,16,11,30,560,70,,,,Plein jour,Hors agglomération,Hors intersection,Temps éblouissant,Autre collision,,,,,,,,,,,1,1,1,7.0,6
201400001272,0014-07-06 16:00:00,14,7,6,16,0,560,17,,47.86817,-2.7436,Plein jour,Hors agglomération,Hors intersection,Pluie légère,Deux véhicules - frontale,,,,,,,,,,,1,1,1,2.0,1
201400001273,0014-07-06 21:30:00,14,7,6,21,30,560,189,29 RUE CHARLES DE FOUCAU,47.96036,-2.71289,Plein jour,En agglomération,Hors intersection,Normale,Autre collision,,,,,,,,,,,1,2,1,1.0,6
201400001274,0014-07-24 14:00:00,14,7,24,14,0,560,59,,,,Plein jour,Hors agglomération,Hors intersection,Normale,Deux véhicules - frontale,,,,,,,,,,,1,1,1,1.0,1
201400001275,0014-09-05 17:45:00,14,9,5,17,45,560,17,,,,Plein jour,Hors agglomération,Hors intersection,Normale,Sans collision,,,,,,,,,,,1,1,1,1.0,7
201400001276,0014-02-26 16:15:00,14,2,26,16,15,560,41,,,,Plein jour,Hors agglomération,Hors intersection,Normale,Trois véhicules et plus - collisions multiples,,,,,,,,,,,1,1,1,1.0,5
201400001277,0014-08-06 16:00:00,14,8,6,16,0,560,213,,,,Plein jour,Hors agglomération,Hors intersection,Normale,Deux véhicules - frontale,,,,,,,,,,,1,1,1,1.0,1
201400001278,0014-10-05 10:00:00,14,10,5,10,0,560,215,,,,Plein jour,Hors agglomération,Hors intersection,Normale,Autre collision,,,,,,,,,,,1,1,1,1.0,6
201400001279,0014-11-03 17:00:00,14,11,3,17,0,560,151,,,,Crépuscule ou aube,Hors agglomération,Hors intersection,Pluie légère,Deux véhicules - arrière,,,,,,,,,,,2,1,1,2.0,2
201400001280,0014-11-28 09:45:00,14,11,28,9,45,560,178,,,,Plein jour,Hors agglomération,Hors intersection,Normale,Deux véhicules - frontale,,,,,,,,,,,1,1,1,1.0,1
201400001281,0014-01-16 07:45:00,14,1,16,7,45,560,141,,,,Nuit sans éclairage public,Hors agglomération,Hors intersection,Temps couvert,Deux véhicules - frontale,,,,,,,,,,,3,1,1,8.0,1
201400001282,0014-02-04 14:30:00,14,2,4,14,30,560,128,rue d'angleterre,,,Plein jour,En agglomération,Hors intersection,Normale,Autre collision,,,,,,,,,,,1,2,1,1.0,6
201400001283,0014-03-14 01:00:00,14,3,14,1,0,560,140,,,,Nuit sans éclairage public,Hors agglomération,Giratoire,Normale,Autre collision,,,,,,,,,,,3,1,6,1.0,6
201400001284,0014-03-15 18:30:00,14,3,15,18,30,560,10,RUE DE PONYIVY,47.8764,-3.01938,Plein jour,En agglomération,Hors intersection,Normale,Autre collision,,,,,,,,,,,1,2,1,1.0,6
201400001285,0014-03-16 14:15:00,14,3,16,14,15,560,117,RUE DUGUESCLIN,,,Plein jour,En agglomération,Hors intersection,Normale,Deux véhicules - frontale,,,,,,,,,,,1,2,1,1.0,1
201400001286,0014-04-24 09:30:00,14,4,24,9,30,560,141,,,,Plein jour,Hors agglomération,Hors intersection,Normale,Sans collision,,,,,,,,,,,1,1,1,1.0,7
201400001287,0014-05-26 09:00:00,14,5,26,9,0,560,10,,,,Plein jour,Hors agglomération,Hors intersection,Normale,Sans collision,,,,,,,,,,,1,1,1,1.0,7
201400001288,0014-05-31 18:15:00,14,5,31,18,15,560,140,,,,Plein jour,Hors agglomération,Hors intersection,Normale,Deux véhicules - côté,,,,,,,,,,,1,1,1,1.0,3
201400001289,0014-06-18 07:45:00,14,6,18,7,45,560,192,,,,Plein jour,Hors agglomération,Hors intersection,Normale,Deux véhicules - frontale,,,,,,,,,,,1,1,1,1.0,1
201400001290,0014-07-02 21:45:00,14,7,2,21,45,560,207,,,,Plein jour,Hors agglomération,Hors intersection,Normale,Deux véhicules - frontale,,,,,,,,,,,1,1,1,1.0,1
201400001291,0014-07-25 20:00:00,14,7,25,20,0,560,140,LE BRONUT,,,Crépuscule ou aube,En agglomération,Hors intersection,Temps éblouissant,Deux véhicules - frontale,,,,,,,,,,,2,2,1,7.0,1
201400001292,0014-09-02 16:15:00,14,9,2,16,15,560,117,Boulevard duguesclin,,,Plein jour,En agglomération,Hors intersection,Temps éblouissant,Autre collision,,,,,,,,,,,1,2,1,7.0,6
201400001293,0014-12-19 08:45:00,14,12,19,8,45,560,173,,47.95892,-3.02363,Crépuscule ou aube,Hors agglomération,Hors intersection,Pluie légère,Deux véhicules - frontale,,,,,,,,,,,2,1,1,2.0,1
201400001294,0014-03-12 14:15:00,14,3,12,14,15,560,57,,48.02578,-3.50156,Plein jour,Hors agglomération,Hors intersection,Normale,Deux véhicules - arrière,,,,,,,,,,,1,1,1,1.0,2
201400001295,0014-04-26 12:45:00,14,4,26,12,45,560,66,,,,Plein jour,Hors agglomération,Intersection à plus de 4 branches,Temps couvert,Deux véhicules - frontale,,,,,,,,,,,1,1,5,8.0,1
201400001296,0014-05-01 14:00:00,14,5,1,14,0,560,81,,,,Plein jour,Hors agglomération,Hors intersection,Temps couvert,Deux véhicules - frontale,,,,,,,,,,,1,1,1,8.0,1
201400001297,0014-07-21 07:15:00,14,7,21,7,15,560,14,,,,Plein jour,Hors agglomération,Hors intersection,Normale,Deux véhicules - côté,,,,,,,,,,,1,1,1,1.0,3
201400001298,0014-10-28 16:30:00,14,10,28,16,30,560,66,,,,Plein jour,Hors agglomération,Hors intersection,Normale,Autre collision,,,,,,,,,,,1,1,1,1.0,6
201400001299,0014-11-18 18:00:00,14,11,18,18,0,560,57,,,,Nuit sans éclairage public,Hors agglomération,Hors intersection,Normale,Trois véhicules et plus - collisions multiples,,,,,,,,,,,3,1,1,1.0,5
201400001300,0014-10-24 12:45:00,14,10,24,12,45,140,488,,49.2646,-0.26206,Plein jour,Hors agglomération,Giratoire,Normale,Deux véhicules - côté,,,,,,,,,,,1,1,6,1.0,3
201400001301,0014-12-31 07:00:00,14,12,31,7,0,140,76,,,,Nuit sans éclairage public,Hors agglomération,Hors intersection,Temps couvert,Deux véhicules - frontale,,,,,,,,,,,3,1,1,8.0,1
201400001302,0014-01-10 22:30:00,14,1,10,22,30,140,14,,49.2601,-0.40722,Nuit sans éclairage public,Hors agglomération,Hors intersection,Normale,Autre collision,,,,,,,,,,,3,1,1,1.0,6
201400001303,0014-04-24 07:35:00,14,4,24,7,35,140,44,,49.2683,-0.43688,Plein jour,Hors agglomération,Intersection en X,Normale,Deux véhicules - côté,,,,,,,,,,,1,1,2,1.0,3
201400001304,0014-08-14 15:45:00,14,8,14,15,45,140,44,,,,Plein jour,En agglomération,Intersection en X,Temps couvert,Deux véhicules - côté,,,,,,,,,,,1,2,2,8.0,3
201400001305,0014-11-29 12:20:00,14,11,29,12,20,140,44,,49.2908,-0.41212,Plein jour,Hors agglomération,Hors intersection,Normale,Sans collision,,,,,,,,,,,1,1,1,1.0,7
201400001306,0014-12-28 02:30:00,14,12,28,2,30,140,44,,49.28,-0.428,Nuit sans éclairage public,Hors agglomération,Hors intersection,Vent fort / tempête,Autre collision,,,,,,,,,,,3,1,1,6.0,6
201400001307,0014-01-09 08:00:00,14,1,9,8,0,140,747,,49.1232,-0.44691,Crépuscule ou aube,Hors agglomération,Hors intersection,Temps couvert,Autre collision,,,,,,,,,,,2,1,1,8.0,6
201400001308,0014-01-16 18:45:00,14,1,16,18,45,140,747,,49.1119,-0.45254,Nuit sans éclairage public,Hors agglomération,Hors intersection,Normale,Deux véhicules - frontale,,,,,,,,,,,3,1,1,1.0,1
201400001309,0014-02-27 19:15:00,14,2,27,19,15,140,257,,,,Nuit avec éclairage allumé,Hors agglomération,Hors intersection,Pluie légère,Deux véhicules - côté,,,,,,,,,,,5,1,1,2.0,3
201400001310,0014-03-04 07:45:00,14,3,4,7,45,140,42,,49.1244,-0.49126,Crépuscule ou aube,Hors agglomération,Intersection en X,Normale,Deux véhicules - côté,,,,,,,,,,,2,1,2,1.0,3
201400001311,0014-03-18 08:15:00,14,3,18,8,15,140,396,,49.1344,-0.41291,Plein jour,Hors agglomération,Giratoire,Normale,Deux véhicules - côté,,,,,,,,,,,1,1,6,1.0,3
201400001312,0014-05-11 00:45:00,14,5,11,0,45,140,6,RUE DES POMMIERS,49.0847,-0.43295,Nuit avec éclairage non allumé,En agglomération,Hors intersection,Normale,Autre collision,,,,,,,,,,,4,2,1,1.0,6
201400001313,0014-05-25 17:30:00,14,5,25,17,30,140,738,,49.1594,-0.46919,Plein jour,Hors agglomération,Intersection en T,Pluie forte,Deux véhicules - côté,,,,,,,,,,,1,1,3,3.0,3
201400001314,0014-05-28 18:00:00,14,5,28,18,0,140,42,,49.1217,-0.46587,Plein jour,Hors agglomération,Hors intersection,Temps couvert,Deux véhicules - frontale,,,,,,,,,,,1,1,1,8.0,1
201400001315,0014-11-10 05:30:00,14,11,10,5,30,140,311,INTERSECTION D139/D83,49.144,-0.54986,Nuit sans éclairage public,Hors agglomération,Intersection en X,Normale,Deux véhicules - côté,,,,,,,,,,,3,1,2,1.0,3
201400001316,0014-01-01 18:00:00,14,1,1,18,0,140,675,,49.1378,-0.29721,Nuit avec éclairage allumé,En agglomération,Intersection en T,Pluie forte,Autre collision,,,,,,,,,,,5,2,3,3.0,6
201400001317,0014-01-13 16:30:00,14,1,13,16,30,140,57,ROUTE DE PARIS 6 RD613,49.1247,-0.20698,Plein jour,En agglomération,Hors intersection,Normale,Deux véhicules - côté,,,,,,,,,,,1,2,1,1.0,3
201400001318,0014-02-12 07:15:00,14,2,12,7,15,140,145,,49.0402,-0.28137,Crépuscule ou aube,Hors agglomération,Hors intersection,Temps couvert,Deux véhicules - frontale,,,,,,,,,,,2,1,1,8.0,1
201400001319,0014-03-13 05:30:00,14,3,13,5,30,140,20,,49.1248,-0.18385,Nuit sans éclairage public,Hors agglomération,Hors intersection,Brouillard / fumée,Autre collision,,,,,,,,,,,3,1,1,5.0,6
201400001320,0014-04-01 18:00:00,14,4,1,18,0,140,57,,49.1191,-0.22681,Plein jour,Hors agglomération,Hors intersection,Normale,Deux véhicules - frontale,,,,,,,,,,,1,1,1,1.0,1
201400001321,0014-04-24 08:30:00,14,4,24,8,30,140,92,,49.1197,-0.28763,Plein jour,Hors agglomération,Hors intersection,Normale,Deux véhicules - frontale,,,,,,,,,,,1,1,1,1.0,1