accident_id,datetime,annee,mois,jour,heure,minute,departement,commune_insee,adresse,latitude,longitude,luminosite,agglomeration,intersection,meteo,collision,nb_vehicules,nb_usagers,nb_indemnes,nb_tues,nb_blesses_hosp,nb_blesses_legers,age_cond_1,age_cond_2,veh_type_cond_1,veh_type_cond_2,lum_code,agg_code,int_code,atm_code,col_code
201400001322,0014-05-08 04:45:00,14,5,8,4,45,140,74,RUE DU COLOMBIER,49.0789,-0.18126,Nuit sans éclairage public,Hors agglomération,Hors intersection,Normale,Autre collision,,,,,,,,,,,3,1,1,1.0,6
201400001323,0014-05-14 16:45:00,14,5,14,16,45,140,20,,49.1249,-0.1832,Plein jour,Hors agglomération,Hors intersection,Normale,Deux véhicules - arrière,,,,,,,,,,,1,1,1,1.0,2
201400001324,0014-06-13 14:15:00,14,6,13,14,15,140,57,6 ROUTE DE PARIS,49.1266,-0.21123,Plein jour,En agglomération,Hors intersection,Normale,Deux véhicules - frontale,,,,,,,,,,,1,2,1,1.0,1
201400001325,0014-06-15 18:00:00,14,6,15,18,0,140,20,D 613,49.1194,-0.18262,Plein jour,Hors agglomération,Hors intersection,Normale,Deux véhicules - côté,,,,,,,,,,,1,1,1,1.0,3
201400001326,0014-06-25 21:00:00,14,6,25,21,0,140,5,,49.0865,-0.15366,Plein jour,Hors agglomération,Hors intersection,Normale,Deux véhicules - frontale,,,,,,,,,,,1,1,1,1.0,1
201400001327,0014-07-01 20:00:00,14,7,1,20,0,140,119,RD225,,,Plein jour,En agglomération,Hors intersection,Normale,Autre collision,,,,,,,,,,,1,2,1,1.0,6
201400001328,0014-09-14 09:15:00,14,9,14,9,15,140,271,,49.1317,-0.37778,Plein jour,Hors agglomération,Hors intersection,Normale,Deux véhicules - côté,,,,,,,,,,,1,1,1,1.0,3
201400001329,0014-09-17 19:45:00,14,9,17,19,45,140,20,RUE DES ECUYERS,49.1239,-0.17212,Plein jour,En agglomération,Hors intersection,Normale,Deux véhicules - frontale,,,,,,,,,,,1,2,1,1.0,1
201400001330,0014-11-03 07:50:00,14,11,3,7,50,140,456,,49.12,-0.18579,Plein jour,Hors agglomération,Hors intersection,Pluie légère,Deux véhicules - côté,,,,,,,,,,,1,1,1,2.0,3
201400001331,0014-12-01 07:45:00,14,12,1,7,45,140,623,RUE DES BIGANOS,,,Nuit avec éclairage allumé,En agglomération,Hors intersection,Normale,Deux véhicules - frontale,,,,,,,,,,,5,2,1,1.0,1
201400001332,0014-12-07 00:15:00,14,12,7,0,15,140,252,,49.007,-0.276,Plein jour,Hors agglomération,Hors intersection,Normale,Autre collision,,,,,,,,,,,1,1,1,1.0,6
201400001333,0014-12-25 09:00:00,14,12,25,9,0,140,57,,49.13,-0.208,Nuit avec éclairage non allumé,En agglomération,Hors intersection,Normale,Autre collision,,,,,,,,,,,4,2,1,1.0,6
201400001334,0014-01-07 18:30:00,14,1,7,18,30,140,488,RUE DU TOUR DE VILLE,49.2772,-0.26161,Nuit avec éclairage allumé,En agglomération,Intersection en X,Normale,Deux véhicules - côté,,,,,,,,,,,5,2,2,1.0,3
201400001335,0014-03-10 18:00:00,14,3,10,18,0,140,325,RUE DU PR  DE L'ISLE,49.299,-0.30688,Plein jour,En agglomération,Intersection en X,Normale,Deux véhicules - côté,,,,,,,,,,,1,2,2,1.0,3
201400001336,0014-03-11 21:00:00,14,3,11,21,0,140,365,37 PAUL DOUMER,49.3032,-0.32016,Nuit avec éclairage allumé,En agglomération,Intersection en X,Normale,Autre collision,,,,,,,,,,,5,2,2,1.0,6
201400001337,0014-06-12 12:05:00,14,6,12,12,5,140,76,D141,49.2383,-0.31563,Plein jour,Hors agglomération,Intersection en T,Normale,Deux véhicules - côté,,,,,,,,,,,1,1,3,1.0,3
201400001338,0014-08-17 20:55:00,14,8,17,20,55,140,60,,49.2482,-0.27312,Crépuscule ou aube,En agglomération,Intersection en T,Pluie légère,Autre collision,,,,,,,,,,,2,2,3,2.0,6
201400001339,0014-10-08 13:45:00,14,10,8,13,45,140,488,RUE DE LA CR TE AU COQ,,,Plein jour,En agglomération,Hors intersection,Normale,Deux véhicules - frontale,,,,,,,,,,,1,2,1,1.0,1
201400001340,0014-10-12 12:00:00,14,10,12,12,0,140,166,,,,Plein jour,En agglomération,Intersection en X,Pluie légère,Deux véhicules - côté,,,,,,,,,,,1,2,2,2.0,3
201400001341,0014-11-22 15:45:00,14,11,22,15,45,140,488,BOULEVARD DE FRANCE,49.2868,-0.26046,Plein jour,En agglomération,Intersection en X,Normale,Deux véhicules - côté,,,,,,,,,,,1,2,2,1.0,3
201400001342,0014-11-28 18:30:00,14,11,28,18,30,140,488,,49.282,-0.26549,Nuit avec éclairage allumé,En agglomération,Hors intersection,Normale,Deux véhicules - frontale,,,,,,,,,,,5,2,1,1.0,1
201400001343,0014-12-01 11:30:00,14,12,1,11,30,140,325,,,,Plein jour,Hors agglomération,Hors intersection,Temps couvert,Deux véhicules - frontale,,,,,,,,,,,1,1,1,8.0,1
201400001344,0014-01-11 11:45:00,14,1,11,11,45,140,246,RUE CLAUDE LEBRETON,49.2125,-0.2371,Plein jour,En agglomération,Hors intersection,Normale,Autre collision,,,,,,,,,,,1,2,1,1.0,6
201400001345,0014-04-05 15:25:00,14,4,5,15,25,140,344,LA RAM?E,49.1553,-0.16591,Plein jour,Hors agglomération,Hors intersection,Normale,Sans collision,,,,,,,,,,,1,1,1,1.0,7
201400001346,0014-04-09 07:55:00,14,4,9,7,55,140,46,CARREFOUR RD 513/RD95,49.2423,-0.18578,Plein jour,Hors agglomération,Intersection en T,Brouillard / fumée,Deux véhicules - côté,,,,,,,,,,,1,1,3,5.0,3
201400001347,0014-05-02 22:30:00,14,5,2,22,30,140,530,,49.2362,-0.2381,Nuit sans éclairage public,Hors agglomération,Intersection en X,Normale,Deux véhicules - frontale,,,,,,,,,,,3,1,2,1.0,1
201400001348,0014-08-23 23:30:00,14,8,23,23,30,140,530,D 223,49.2209,-0.27375,Nuit sans éclairage public,En agglomération,Hors intersection,Normale,Autre collision,,,,,,,,,,,3,2,1,1.0,6
201400001349,0014-09-04 12:30:00,14,9,4,12,30,140,724,AVENUE DU PR?SIDENT COTY,49.2844,-0.15196,Plein jour,En agglomération,Hors intersection,Normale,Sans collision,,,,,,,,,,,1,2,1,1.0,7
201400001350,0014-10-14 22:45:00,14,10,14,22,45,140,328,,49.2083,-0.27901,Nuit sans éclairage public,Hors agglomération,Hors intersection,Normale,Autre collision,,,,,,,,,,,3,1,1,1.0,6
201400001351,0014-04-18 14:45:00,14,4,18,14,45,140,47,PARKING DES REMPARTS,49.2789,-0.70538,Plein jour,En agglomération,Hors intersection,Normale,Autre collision,,,,,,,,,,,1,2,1,1.0,6
201400001352,0014-06-10 22:00:00,14,6,10,22,0,140,47,,,,Nuit avec éclairage allumé,Hors agglomération,Hors intersection,Normale,Deux véhicules - côté,,,,,,,,,,,5,1,1,1.0,3
201400001353,0014-07-06 01:15:00,14,7,6,1,15,140,436,905 ROUTE DE TILLY,,,Nuit sans éclairage public,En agglomération,Hors intersection,Pluie légère,Deux véhicules - côté,,,,,,,,,,,3,2,1,2.0,3
201400001354,0014-09-29 08:00:00,14,9,29,8,0,140,732,,,,Crépuscule ou aube,Hors agglomération,Hors intersection,Pluie légère,Autre collision,,,,,,,,,,,2,1,1,2.0,6
201400001355,0014-10-10 18:45:00,14,10,10,18,45,140,184,,,,Plein jour,Hors agglomération,Hors intersection,Normale,Deux véhicules - frontale,,,,,,,,,,,1,1,1,1.0,1
201400001356,0014-12-02 18:30:00,14,12,2,18,30,140,630,,,,Nuit sans éclairage public,Hors agglomération,Giratoire,Pluie forte,Deux véhicules - frontale,,,,,,,,,,,3,1,6,3.0,1
201400001357,0014-06-17 10:55:00,14,6,17,10,55,140,468,LES ESSARTS,49.2209,-0.76744,Plein jour,Hors agglomération,Hors intersection,Normale,Sans collision,,,,,,,,,,,1,1,1,1.0,7
201400001358,0014-11-20 10:00:00,14,11,20,10,0,140,727,,,,Plein jour,Hors agglomération,Hors intersection,Normale,Deux véhicules - frontale,,,,,,,,,,,1,1,1,1.0,1
201400001359,0014-03-15 01:50:00,14,3,15,1,50,140,258,,48.8815,-0.19239,Nuit sans éclairage public,Hors agglomération,Giratoire,Normale,Autre collision,,,,,,,,,,,3,1,6,1.0,6
201400001360,0014-04-25 14:00:00,14,4,25,14,0,140,206,,48.8759,-0.08102,Plein jour,Hors agglomération,Hors intersection,Normale,Autre collision,,,,,,,,,,,1,1,1,1.0,6
201400001361,0014-06-27 09:15:00,14,6,27,9,15,140,244,ROUTE DE LIVAROT,48.9078,-0.15806,Plein jour,En agglomération,Intersection en X,Normale,Deux véhicules - côté,,,,,,,,,,,1,2,2,1.0,3
201400001362,0014-07-26 19:45:00,14,7,26,19,45,140,332,LE PETIT CH?TIF,48.861,-0.17374,Plein jour,Hors agglomération,Hors intersection,Normale,Sans collision,,,,,,,,,,,1,1,1,1.0,7
201400001363,0014-08-21 13:00:00,14,8,21,13,0,140,180,,48.863,-0.22421,Plein jour,Hors agglomération,Hors intersection,Normale,Trois véhicules et plus - en chaîne,,,,,,,,,,,1,1,1,1.0,4
201400001364,0014-09-05 18:30:00,14,9,5,18,30,140,467,MIETTE D 243,48.8864,-0.23654,Plein jour,Hors agglomération,Intersection en X,Normale,Trois véhicules et plus - collisions multiples,,,,,,,,,,,1,1,2,1.0,5
201400001365,0014-03-28 21:00:00,14,3,28,21,0,140,207,,49.0046,-0.43651,Nuit sans éclairage public,Hors agglomération,Hors intersection,Temps couvert,Autre collision,,,,,,,,,,,3,1,1,8.0,6
201400001366,0014-06-20 08:45:00,14,6,20,8,45,140,251,RTE D'ESSON,48.9794,-0.4703,Crépuscule ou aube,En agglomération,Hors intersection,Normale,Autre collision,,,,,,,,,,,2,2,1,1.0,6
201400001367,0014-07-03 03:30:00,14,7,3,3,30,140,162,LIEU-DIT ARCLAIS,48.8807,-0.452,Nuit sans éclairage public,Hors agglomération,Hors intersection,Normale,Autre collision,,,,,,,,,,,3,1,1,1.0,6
201400001368,0014-07-26 18:30:00,14,7,26,18,30,140,207,,,,Plein jour,Hors agglomération,Hors intersection,Normale,Sans collision,,,,,,,,,,,1,1,1,1.0,7
201400001369,0014-11-05 15:45:00,14,11,5,15,45,140,656,,48.9531,-0.49355,Plein jour,Hors agglomération,Hors intersection,Normale,Deux véhicules - frontale,,,,,,,,,,,1,1,1,1.0,1
201400001370,0014-11-06 09:00:00,14,11,6,9,0,140,603,CARREFOUR D562/D238A,49.0459,-0.41003,Plein jour,Hors agglomération,Intersection en X,Normale,Autre collision,,,,,,,,,,,1,1,2,1.0,6
201400001371,0014-11-22 14:55:00,14,11,22,14,55,140,223,CARREFOUR D 511/VC 1,48.879,-0.34877,Plein jour,Hors agglomération,Intersection en X,Normale,Deux véhicules - côté,,,,,,,,,,,1,1,2,1.0,3
201400001372,0014-01-17 16:30:00,14,1,17,16,30,140,749,,49.0499,-0.11363,Plein jour,Hors agglomération,Hors intersection,Pluie légère,Deux véhicules - côté,,,,,,,,,,,1,1,1,2.0,3
201400001373,0014-01-19 11:00:00,14,1,19,11,0,140,141,,49.0425,0.09723,Plein jour,Hors agglomération,Hors intersection,Normale,Deux véhicules - frontale,,,,,,,,,,,1,1,1,1.0,1
201400001374,0014-03-09 20:00:00,14,3,9,20,0,140,386,,,,Nuit sans éclairage public,Hors agglomération,Hors intersection,Normale,Deux véhicules - frontale,,,,,,,,,,,3,1,1,1.0,1
201400001375,0014-09-25 12:15:00,14,9,25,12,15,140,431,AVENUE JEAN JAUR S,,,Plein jour,En agglomération,Intersection en X,Normale,Deux véhicules - côté,,,,,,,,,,,1,2,2,1.0,3
201400001376,0014-11-17 08:38:00,14,11,17,8,38,140,201,CD613 - ROUTE DE PARIS,49.1183,0.01671,Crépuscule ou aube,En agglomération,Hors intersection,Pluie légère,Deux véhicules - côté,,,,,,,,,,,2,2,1,2.0,3
201400001377,0014-12-01 09:00:00,14,12,1,9,0,140,82,,,,Plein jour,Hors agglomération,Place,Normale,Sans collision,,,,,,,,,,,1,1,7,1.0,7
201400001378,0014-12-25 13:45:00,14,12,25,13,45,140,520,,,,Plein jour,Hors agglomération,Hors intersection,Normale,Deux véhicules - côté,,,,,,,,,,,1,1,1,1.0,3
201400001379,0014-01-25 19:00:00,14,1,25,19,0,140,259,,48.9772,0.38244,Nuit sans éclairage public,Hors agglomération,Hors intersection,Normale,Deux véhicules - côté,,,,,,,,,,,3,1,1,1.0,3
201400001380,0014-02-07 08:30:00,14,2,7,8,30,140,403,,49.1438,0.34073,Plein jour,Hors agglomération,Hors intersection,Vent fort / tempête,Deux véhicules - côté,,,,,,,,,,,1,1,1,6.0,3
201400001381,0014-10-22 15:00:00,14,10,22,15,0,140,528,,49.3261,0.29241,Plein jour,Hors agglomération,Hors intersection,Normale,Deux véhicules - frontale,,,,,,,,,,,1,1,1,1.0,1
201400001382,0014-11-29 20:00:00,14,11,29,20,0,140,514,RUE ST MELAINE,49.291,0.19037,Nuit sans éclairage public,En agglomération,Hors intersection,Normale,Autre collision,,,,,,,,,,,3,2,1,1.0,6
201400001383,0014-01-31 19:00:00,14,1,31,19,0,140,660,,49.2873,0.00821,Nuit sans éclairage public,Hors agglomération,Hors intersection,Pluie forte,Deux véhicules - frontale,,,,,,,,,,,3,1,1,3.0,1
201400001384,0014-02-28 19:00:00,14,2,28,19,0,140,12,,49.2426,-0.01565,Nuit sans éclairage public,Hors agglomération,Hors intersection,Pluie forte,Autre collision,,,,,,,,,,,3,1,1,3.0,6
201400001385,0014-03-01 11:45:00,14,3,1,11,45,140,474,,49.1358,-0.00445,Plein jour,Hors agglomération,Hors intersection,Normale,Autre collision,,,,,,,,,,,1,1,1,1.0,6
201400001386,0014-03-10 18:45:00,14,3,10,18,45,140,754,RUE COMTESSE DE BEARN,49.3207,-0.0048,Crépuscule ou aube,En agglomération,Intersection en X,Normale,Deux véhicules - côté,,,,,,,,,,,2,2,2,1.0,3
201400001387,0014-03-16 13:15:00,14,3,16,13,15,140,494,,49.2541,-0.07265,Plein jour,Hors agglomération,Hors intersection,Normale,Deux véhicules - côté,,,,,,,,,,,1,1,1,1.0,3
201400001388,0014-06-09 14:15:00,14,6,9,14,15,140,126,,49.1406,0.05708,Plein jour,Hors agglomération,Hors intersection,Normale,Autre collision,,,,,,,,,,,1,1,1,1.0,6
201400001389,0014-07-29 09:00:00,14,7,29,9,0,140,316,,49.2722,-0.04865,Plein jour,Hors agglomération,Hors intersection,Pluie légère,Sans collision,,,,,,,,,,,1,1,1,2.0,7
201400001390,0014-08-27 18:30:00,14,8,27,18,30,140,83,,49.2027,0.08546,Plein jour,Hors agglomération,Hors intersection,Normale,Deux véhicules - frontale,,,,,,,,,,,1,1,1,1.0,1
201400001391,0014-08-30 16:30:00,14,8,30,16,30,140,754,,49.3001,0.02533,Plein jour,Hors agglomération,Intersection en T,Temps couvert,Deux véhicules - côté,,,,,,,,,,,1,1,3,8.0,3
201400001392,0014-09-28 10:15:00,14,9,28,10,15,140,335,,49.1743,-0.06497,Plein jour,Hors agglomération,Hors intersection,Normale,Deux véhicules - côté,,,,,,,,,,,1,1,1,1.0,3
201400001393,0014-09-28 16:35:00,14,9,28,16,35,140,598,LES PANNIERS,49.2159,-0.02781,Plein jour,Hors agglomération,Hors intersection,Normale,Deux véhicules - côté,,,,,,,,,,,1,1,1,1.0,3
201400001394,0014-10-16 22:45:00,14,10,16,22,45,140,12,,49.2397,-0.04306,Nuit sans éclairage public,Hors agglomération,Hors intersection,Pluie forte,Deux véhicules - frontale,,,,,,,,,,,3,1,1,3.0,1
201400001395,0014-11-15 16:45:00,14,11,15,16,45,140,83,,,,Plein jour,Hors agglomération,Hors intersection,Normale,Autre collision,,,,,,,,,,,1,1,1,1.0,6
201400001396,0014-11-22 16:05:00,14,11,22,16,5,140,300,,49.198,1e-05,Crépuscule ou aube,Hors agglomération,Hors intersection,Normale,Deux véhicules - frontale,,,,,,,,,,,2,1,1,1.0,1
201400001397,0014-12-25 13:00:00,14,12,25,13,0,140,126,,49.144,0.053,Plein jour,Hors agglomération,Hors intersection,Temps couvert,Autre collision,,,,,,,,,,,1,1,1,8.0,6
201400001398,0014-01-13 08:15:00,14,1,13,8,15,140,762,,48.8439,-0.92086,Crépuscule ou aube,Hors agglomération,Hors intersection,Normale,Autre collision,,,,,,,,,,,2,1,1,1.0,6
201400001399,0014-01-17 07:45:00,14,1,17,7,45,140,762,AVENUE GEORGES POMPIDOU,48.8468,-0.88825,Nuit avec éclairage allumé,En agglomération,Hors intersection,Pluie légère,Autre collision,,,,,,,,,,,5,2,1,2.0,6
201400001400,0014-04-11 11:30:00,14,4,11,11,30,140,762,RUE DU GENERAL LECLERC,48.8385,-0.8895,Plein jour,En agglomération,Hors intersection,Normale,Autre collision,,,,,,,,,,,1,2,1,1.0,6
201400001401,0014-05-03 19:15:00,14,5,3,19,15,140,658,RUE DE LA GARE,48.8425,-1.05105,Plein jour,En agglomération,Hors intersection,Normale,Autre collision,,,,,,,,,,,1,2,1,1.0,6
201400001402,0014-08-28 21:15:00,14,8,28,21,15,140,717,,48.7958,-0.79963,Nuit sans éclairage public,Hors agglomération,Hors intersection,Pluie forte,Sans collision,,,,,,,,,,,3,1,1,3.0,7
201400001403,0014-10-13 16:15:00,14,10,13,16,15,140,762,13 RUE DES ACRES,48.8402,-0.89474,Plein jour,En agglomération,Hors intersection,Normale,Autre collision,,,,,,,,,,,1,2,1,1.0,6
201400001404,0014-11-05 08:50:00,14,11,5,8,50,140,545,,48.8325,-0.86574,Crépuscule ou aube,Hors agglomération,Intersection en T,Temps éblouissant,Deux véhicules - côté,,,,,,,,,,,2,1,3,7.0,3
201400001405,0014-01-15 16:15:00,14,1,15,16,15,140,84,,49.0019,-0.60829,Plein jour,Hors agglomération,Hors intersection,Temps couvert,Autre collision,,,,,,,,,,,1,1,1,8.0,6
201400001406,0014-03-19 16:15:00,14,3,19,16,15,140,61,,48.9213,-0.85491,Plein jour,Hors agglomération,Intersection en X,Normale,Deux véhicules - côté,,,,,,,,,,,1,1,2,1.0,3
201400001407,0014-04-05 12:25:00,14,4,5,12,25,140,704,,48.9865,-0.84007,Plein jour,Hors agglomération,Hors intersection,Normale,Deux véhicules - frontale,,,,,,,,,,,1,1,1,1.0,1
201400001408,0014-07-23 16:00:00,14,7,23,16,0,140,508,,48.947,-0.61379,Plein jour,Hors agglomération,Hors intersection,Normale,Deux véhicules - côté,,,,,,,,,,,1,1,1,1.0,3
201400001409,0014-07-26 12:00:00,14,7,26,12,0,140,443,,48.938,-0.70234,Plein jour,Hors agglomération,Hors intersection,Normale,Deux véhicules - frontale,,,,,,,,,,,1,1,1,1.0,1
201400001410,0014-10-01 23:15:00,14,10,1,23,15,140,139,,48.9171,-0.86391,Nuit sans éclairage public,Hors agglomération,Hors intersection,Pluie légère,Autre collision,,,,,,,,,,,3,1,1,2.0,6
201400001411,0014-02-05 13:30:00,14,2,5,13,30,140,726,"67, RUE JULES REQUEUT",48.8527,-0.67179,Plein jour,En agglomération,Hors intersection,Pluie légère,Autre collision,,,,,,,,,,,1,2,1,2.0,6
201400001412,0014-03-01 19:00:00,14,3,1,19,0,140,545,,48.8405,-0.81828,Crépuscule ou aube,Hors agglomération,Hors intersection,Normale,Deux véhicules - côté,,,,,,,,,,,2,1,1,1.0,3
201400001413,0014-04-11 16:15:00,14,4,11,16,15,140,585,,48.8473,-0.61282,Plein jour,Hors agglomération,Hors intersection,Normale,Deux véhicules - côté,,,,,,,,,,,1,1,1,1.0,3
201400001414,0014-05-25 11:00:00,14,5,25,11,0,140,564,,48.9285,-0.80134,Plein jour,Hors agglomération,Intersection en X,Normale,Deux véhicules - frontale,,,,,,,,,,,1,1,2,1.0,1
201400001415,0014-06-24 18:30:00,14,6,24,18,30,140,174,RUE ST JACQUES,48.8552,-0.54233,Plein jour,En agglomération,Hors intersection,Normale,Deux véhicules - côté,,,,,,,,,,,1,2,1,1.0,3
201400001416,0014-10-13 08:30:00,14,10,13,8,30,140,653,,,,Crépuscule ou aube,Hors agglomération,Hors intersection,Pluie légère,Sans collision,,,,,,,,,,,2,1,1,2.0,7
201400001417,0014-11-07 20:30:00,14,11,7,20,30,140,174,,,,Nuit sans éclairage public,Hors agglomération,Hors intersection,Normale,Autre collision,,,,,,,,,,,3,1,1,1.0,6
201400001418,0014-03-09 15:45:00,14,3,9,15,45,500,458,LES PONTS D'OUVES,49.3227,-1.26635,Plein jour,Hors agglomération,Autre intersection,Normale,Deux véhicules - arrière,,,,,,,,,,,1,1,9,1.0,2
201400001419,0014-05-16 22:00:00,14,5,16,22,0,500,298,LE LUDE,49.3042,-1.28854,Crépuscule ou aube,Hors agglomération,Hors intersection,Normale,Autre collision,,,,,,,,,,,2,1,1,1.0,6
201400001420,0014-05-19 20:00:00,14,5,19,20,0,500,99,RUE DE TILLOLOY,49.3031,-1.24317,Plein jour,En agglomération,Intersection en X,Normale,Deux véhicules - côté,,,,,,,,,,,1,2,2,1.0,3
201400001421,0014-09-10 09:45:00,14,9,10,9,45,500,99,,49.2691,-1.27545,Plein jour,Hors agglomération,Hors intersection,Normale,Autre collision,,,,,,,,,,,1,1,1,1.0,6
201400001422,0014-09-17 12:00:00,14,9,17,12,0,500,99,,49.3104,-1.26232,Plein jour,Hors agglomération,Intersection en X,Normale,Deux véhicules - frontale,,,,,,,,,,,1,1,2,1.0,1
201400001423,0014-02-22 20:30:00,14,2,22,20,30,500,283,,49.1525,-1.04613,Nuit sans éclairage public,Hors agglomération,Hors intersection,Normale,Deux véhicules - frontale,,,,,,,,,,,3,1,1,1.0,1
201400001424,0014-04-06 05:00:00,14,4,6,5,0,500,348,,49.2546,-1.14169,Nuit sans éclairage public,Hors agglomération,Hors intersection,Normale,Autre collision,,,,,,,,,,,3,1,1,1.0,6
201400001425,0014-10-06 16:00:00,14,10,6,16,0,500,431,LA CROIX BOUTIL,49.1697,-1.25516,Plein jour,Hors agglomération,Hors intersection,Pluie légère,Deux véhicules - frontale,,,,,,,,,,,1,1,1,2.0,1
201400001426,0014-05-23 06:30:00,14,5,23,6,30,500,48,LA COLINIERE,48.8688,-1.20107,Crépuscule ou aube,Hors agglomération,Hors intersection,Normale,Deux véhicules - frontale,,,,,,,,,,,2,1,1,1.0,1
201400001427,0014-09-06 12:30:00,14,9,6,12,30,500,213,HAMEAU GOUPIL,49.0808,-1.09201,Plein jour,Hors agglomération,Hors intersection,Normale,Deux véhicules - frontale,,,,,,,,,,,1,1,1,1.0,1
201400001428,0014-01-20 10:32:00,14,1,20,10,32,940,54,R DU MUSEE,48.7302,2.368,Plein jour,Hors agglomération,Hors intersection,Normale,Deux véhicules - frontale,,,,,,,,,,,1,1,1,1.0,1
201400001429,0014-03-05 09:00:00,14,3,5,9,0,940,54,AV DE PARIS,48.7346,2.3661,Plein jour,Hors agglomération,Hors intersection,Normale,Trois véhicules et plus - en chaîne,,,,,,,,,,,1,1,1,1.0,4
201400001430,0014-01-12 12:15:00,14,1,12,12,15,500,224,LA CROIS ETETE,48.9889,-0.91581,Plein jour,Hors agglomération,Intersection en X,Normale,Deux véhicules - côté,,,,,,,,,,,1,1,2,1.0,3
201400001431,0014-04-17 08:15:00,14,4,17,8,15,940,54,R LOUIS BLERIOT,48.7399,2.36054,Crépuscule ou aube,Hors agglomération,Passage à niveau,Temps éblouissant,Deux véhicules - côté,,,,,,,,,,,2,1,8,7.0,3
201400001432,0014-04-09 18:35:00,14,4,9,18,35,940,54,UNION/ADER,48.7305,2.36264,Plein jour,Hors agglomération,Giratoire,Normale,Trois véhicules et plus - en chaîne,,,,,,,,,,,1,1,6,1.0,4
201400001433,0014-05-06 20:40:00,14,5,6,20,40,940,54,AV DE PARIS,48.7379,2.36486,Crépuscule ou aube,Hors agglomération,Hors intersection,Pluie légère,Sans collision,,,,,,,,,,,2,1,1,2.0,7
201400001434,0014-07-10 20:15:00,14,7,10,20,15,940,54,PARKING P0,48.7287,2.3627,Crépuscule ou aube,Hors agglomération,Hors intersection,Pluie légère,Sans collision,,,,,,,,,,,2,1,1,2.0,7
201400001435,0014-08-11 01:25:00,14,8,11,1,25,940,54,AVENUE DE L'AEROPORT,48.74214,2.36236,Nuit avec éclairage allumé,Hors agglomération,Hors intersection,Temps couvert,Trois véhicules et plus - collisions multiples,,,,,,,,,,,5,1,1,8.0,5
201400001436,0014-09-18 21:30:00,14,9,18,21,30,940,54,AV DE L'AEROPORT,48.7352,2.36528,Nuit avec éclairage allumé,Hors agglomération,Hors intersection,Normale,Deux véhicules - arrière,,,,,,,,,,,5,1,1,1.0,2
201400001437,0014-10-08 14:15:00,14,10,8,14,15,940,54,AV DE PARIS,48.73,2.3698,Plein jour,Hors agglomération,Hors intersection,Normale,Autre collision,,,,,,,,,,,1,1,1,1.0,6
201400001438,0014-10-11 22:55:00,14,10,11,22,55,940,54,AVENUE DE L'OUEST,48.7291,2.3679,Nuit avec éclairage allumé,Hors agglomération,Hors intersection,Normale,Trois véhicules et plus - en chaîne,,,,,,,,,,,5,1,1,1.0,4
201400001439,0014-10-14 12:15:00,14,10,14,12,15,940,54,AV DE L'AEROPORT,48.7323,2.36605,Plein jour,Hors agglomération,Hors intersection,Normale,Deux véhicules - arrière,,,,,,,,,,,1,1,1,1.0,2
201400001440,0014-10-23 22:05:00,14,10,23,22,5,940,54,BRETELLE ACCES RD7/A106,48.7387,2.36394,Nuit avec éclairage allumé,Hors agglomération,Hors intersection,Normale,Autre collision,,,,,,,,,,,5,1,1,1.0,6
201400001441,0014-11-08 05:45:00,14,11,8,5,45,940,54,R MARCEL ALBERT,48.7409,2.36495,Nuit avec éclairage allumé,En agglomération,Passage à niveau,Normale,Deux véhicules - côté,,,,,,,,,,,5,2,8,1.0,3
201400001442,0014-04-29 16:30:00,14,4,29,16,30,500,224,,48.9902,-0.95619,Plein jour,Hors agglomération,Intersection en X,Normale,Trois véhicules et plus - collisions multiples,,,,,,,,,,,1,1,2,1.0,5
201400001443,0014-07-26 15:45:00,14,7,26,15,45,500,601,LE BONFOSSE,49.0393,-0.97548,Plein jour,En agglomération,Intersection en T,Normale,Deux véhicules - frontale,,,,,,,,,,,1,2,3,1.0,1
201400001444,0014-09-14 07:00:00,14,9,14,7,0,500,601,CHEMIN DE LA BIGNE,49.0304,-0.9772,Crépuscule ou aube,En agglomération,Hors intersection,Normale,Autre collision,,,,,,,,,,,2,2,1,1.0,6
201400001445,0014-09-22 22:00:00,14,9,22,22,0,500,224,LA VAUTERIE,48.9779,-0.97213,Nuit sans éclairage public,Hors agglomération,Hors intersection,Normale,Autre collision,,,,,,,,,,,3,1,1,1.0,6
201400001446,0014-11-14 09:15:00,14,11,14,9,15,500,601,,49.035,-0.97895,Plein jour,En agglomération,Intersection en X,Temps couvert,Autre collision,,,,,,,,,,,1,2,2,8.0,6
201400001447,0014-03-06 15:30:00,14,3,6,15,30,500,489,RUE DE LA MAIRIE,48.7094,-1.35739,Plein jour,Hors agglomération,Intersection en T,Normale,Deux véhicules - côté,,,,,,,,,,,1,1,3,1.0,3
201400001448,0014-03-29 14:15:00,14,3,29,14,15,500,505,LES BROUSSETTES,48.6587,-1.33778,Plein jour,Hors agglomération,Intersection en T,Normale,Deux véhicules - côté,,,,,,,,,,,1,1,3,1.0,3
201400001449,0014-07-20 13:00:00,14,7,20,13,0,500,406,LE BOIS DES MONTS,48.7362,-1.34687,Plein jour,Hors agglomération,Hors intersection,Normale,Deux véhicules - frontale,,,,,,,,,,,1,1,1,1.0,1
201400001450,0014-08-14 18:00:00,14,8,14,18,0,500,25,RUE AMIRAL GAUCHET,48.6839,-1.35532,Plein jour,En agglomération,Hors intersection,Normale,Autre collision,,,,,,,,,,,1,2,1,1.0,6