accident_id,datetime,annee,mois,jour,heure,minute,departement,commune_insee,adresse,latitude,longitude,luminosite,agglomeration,intersection,meteo,collision,nb_vehicules,nb_usagers,nb_indemnes,nb_tues,nb_blesses_hosp,nb_blesses_legers,age_cond_1,age_cond_2,veh_type_cond_1,veh_type_cond_2,lum_code,agg_code,int_code,atm_code,col_code
201400001451,0014-09-24 19:45:00,14,9,24,19,45,500,25,BOULEVARD MARECHAL FOSCH,48.6844,-1.36365,Plein jour,En agglomération,Intersection en T,Normale,Deux véhicules - frontale,,,,,,,,,,,1,2,3,1.0,1
201400001452,0014-10-25 11:45:00,14,10,25,11,45,500,25,RUE SAINT GAUDENS,48.6861,-1.35989,Plein jour,En agglomération,Hors intersection,Normale,Autre collision,,,,,,,,,,,1,2,1,1.0,6
201400001453,0014-12-23 22:45:00,14,12,23,22,45,500,25,RUE PENDANTE,48.6882,-1.35926,Nuit avec éclairage allumé,En agglomération,Hors intersection,Normale,Autre collision,,,,,,,,,,,5,2,1,1.0,6
201400001454,0014-01-13 14:30:00,14,1,13,14,30,500,188,VILLAGE PESTEL,48.8127,-1.42713,Plein jour,Hors agglomération,Hors intersection,Temps couvert,Deux véhicules - frontale,,,,,,,,,,,1,1,1,8.0,1
201400001455,0014-04-25 12:45:00,14,4,25,12,45,500,27,LA TREHANNIERE,48.6853,-1.42802,Plein jour,Hors agglomération,Hors intersection,Normale,Autre collision,,,,,,,,,,,1,1,1,1.0,6
201400001456,0014-05-30 17:00:00,14,5,30,17,0,500,276,,48.72,-1.41079,Plein jour,Hors agglomération,Hors intersection,Normale,Deux véhicules - arrière,,,,,,,,,,,1,1,1,1.0,2
201400001457,0014-06-06 16:30:00,14,6,6,16,30,500,247,RUE DE LA LIBERATION,48.8082,-1.39234,Plein jour,Hors agglomération,Intersection en T,Normale,Deux véhicules - arrière,,,,,,,,,,,1,1,3,1.0,2
201400001458,0014-06-25 11:00:00,14,6,25,11,0,500,237,RUE DES ABRINCATES,48.7936,-1.39612,Plein jour,En agglomération,Intersection en Y,Normale,Deux véhicules - côté,,,,,,,,,,,1,2,4,1.0,3
201400001459,0014-07-12 23:30:00,14,7,12,23,30,500,102,LA LANDERIERE,48.7478,-1.54181,Nuit sans éclairage public,Hors agglomération,Hors intersection,Normale,Deux véhicules - frontale,,,,,,,,,,,3,1,1,1.0,1
201400001460,0014-07-28 02:15:00,14,7,28,2,15,500,117,LA CROIX SAINT BLAISE,48.7498,-1.52896,Nuit sans éclairage public,Hors agglomération,Intersection en X,Normale,Deux véhicules - côté,,,,,,,,,,,3,1,2,1.0,3
201400001461,0014-08-18 18:15:00,14,8,18,18,15,500,282,LE PERRON,48.7657,-1.33838,Plein jour,Hors agglomération,Hors intersection,Normale,Autre collision,,,,,,,,,,,1,1,1,1.0,6
201400001462,0014-08-28 15:00:00,14,8,28,15,0,500,114,LE GRIPPON,48.7787,-1.37012,Plein jour,Hors agglomération,Hors intersection,Pluie légère,Deux véhicules - frontale,,,,,,,,,,,1,1,1,2.0,1
201400001463,0014-09-01 18:15:00,14,9,1,18,15,500,493,LA METAISERIE,48.8507,-1.47078,Plein jour,Hors agglomération,Hors intersection,Normale,Deux véhicules - frontale,,,,,,,,,,,1,1,1,1.0,1
201400001464,0014-09-20 10:15:00,14,9,20,10,15,500,565,GRANDE RUE,48.7542,-1.45903,Crépuscule ou aube,En agglomération,Hors intersection,Normale,Autre collision,,,,,,,,,,,2,2,1,1.0,6
201400001465,0014-10-13 13:45:00,14,10,13,13,45,500,38,LE PONT NEUF,48.8364,-1.35417,Plein jour,Hors agglomération,Hors intersection,Temps couvert,Deux véhicules - côté,,,,,,,,,,,1,1,1,8.0,3
201400001466,0014-11-08 10:45:00,14,11,8,10,45,500,38,LA PETITIERE,48.837,-1.37981,Plein jour,Hors agglomération,Hors intersection,Normale,Deux véhicules - frontale,,,,,,,,,,,1,1,1,1.0,1
201400001467,0014-12-05 01:30:00,14,12,5,1,30,500,276,LA BOULE D'OR,48.7406,-1.4373,Nuit sans éclairage public,Hors agglomération,Hors intersection,Temps couvert,Autre collision,,,,,,,,,,,3,1,1,8.0,6
201400001468,0014-12-14 18:00:00,14,12,14,18,0,500,38,,48.833,-1.37211,Nuit sans éclairage public,Hors agglomération,Intersection en X,Normale,Deux véhicules - côté,,,,,,,,,,,3,1,2,1.0,3
201400001469,0014-06-18 14:15:00,14,6,18,14,15,500,443,LA CROIX GENET,48.5106,-1.47762,Plein jour,Hors agglomération,Intersection en X,Normale,Deux véhicules - côté,,,,,,,,,,,1,1,2,1.0,3
201400001470,0014-07-14 17:15:00,14,7,14,17,15,500,410,,48.5638,-1.5109,Plein jour,Hors agglomération,Intersection en X,Normale,Deux véhicules - frontale,,,,,,,,,,,1,1,2,1.0,1
201400001471,0014-08-10 16:15:00,14,8,10,16,15,500,108,,48.6237,-1.37163,Plein jour,Hors agglomération,Hors intersection,Normale,Deux véhicules - côté,,,,,,,,,,,1,1,1,1.0,3
201400001472,0014-12-06 07:30:00,14,12,6,7,30,500,487,,48.5372,-1.33344,Nuit sans éclairage public,Hors agglomération,Hors intersection,Normale,Autre collision,,,,,,,,,,,3,1,1,1.0,6
201400001473,0014-12-07 07:30:00,14,12,7,7,30,500,410,ROUTE DE RENNES,48.5467,-1.50206,Nuit avec éclairage allumé,En agglomération,Intersection à plus de 4 branches,Pluie légère,Deux véhicules - côté,,,,,,,,,,,5,2,5,2.0,3
201400001474,0014-05-02 15:45:00,14,5,2,15,45,500,275,LE VIVIER,48.7606,-1.16407,Plein jour,Hors agglomération,Hors intersection,Normale,Deux véhicules - frontale,,,,,,,,,,,1,1,1,1.0,1
201400001475,0014-05-20 12:30:00,14,5,20,12,30,500,112,,48.7659,-1.23701,Plein jour,En agglomération,Intersection en T,Temps couvert,Deux véhicules - frontale,,,,,,,,,,,1,2,3,8.0,1
201400001476,0014-10-17 13:00:00,14,10,17,13,0,500,499,LA BRISOLIERE,48.7502,-1.12976,Plein jour,Hors agglomération,Hors intersection,Normale,Autre collision,,,,,,,,,,,1,1,1,1.0,6
201400001477,0014-11-06 10:30:00,14,11,6,10,30,500,453,AVENUE DU PRESIDENT,48.8454,-1.20116,Plein jour,Hors agglomération,Intersection en Y,Normale,Deux véhicules - côté,,,,,,,,,,,1,1,4,1.0,3
201400001478,0014-12-19 20:45:00,14,12,19,20,45,500,499,GOURGOU,48.7406,-1.11552,Nuit sans éclairage public,Hors agglomération,Intersection en X,Pluie légère,Deux véhicules - côté,,,,,,,,,,,3,1,2,2.0,3
201400001479,0014-02-20 05:45:00,14,2,20,5,45,500,594,LA CROIX QUENTIN,49.5862,-1.72222,Nuit sans éclairage public,Hors agglomération,Intersection en X,Pluie légère,Deux véhicules - frontale,,,,,,,,,,,3,1,2,2.0,1
201400001480,0014-02-18 19:30:00,14,2,18,19,30,500,294,,49.6005,-1.66759,Nuit sans éclairage public,Hors agglomération,Intersection en T,Normale,Deux véhicules - côté,,,,,,,,,,,3,1,3,1.0,3
201400001481,0014-03-22 18:00:00,14,3,22,18,0,500,57,,49.6135,-1.78839,Plein jour,Hors agglomération,Hors intersection,Normale,Autre collision,,,,,,,,,,,1,1,1,1.0,6
201400001482,0014-06-19 14:00:00,14,6,19,14,0,500,220,RUE DU MILLECENT,49.66,-1.82226,Plein jour,Hors agglomération,Hors intersection,Normale,Deux véhicules - côté,,,,,,,,,,,1,1,1,1.0,3
201400001483,0014-07-07 08:15:00,14,7,7,8,15,500,294,LE PONT,49.6042,-1.66376,Plein jour,Hors agglomération,Giratoire,Temps éblouissant,Deux véhicules - côté,,,,,,,,,,,1,1,6,7.0,3
201400001484,0014-10-27 13:45:00,14,10,27,13,45,500,187,ROUTE HAMEAU ES CONTES,49.6204,-1.72752,Plein jour,Hors agglomération,Hors intersection,Normale,Autre collision,,,,,,,,,,,1,1,1,1.0,6
201400001485,0014-01-11 11:30:00,14,1,11,11,30,500,31,LA FOURCHETTE,49.3882,-1.7545,Plein jour,Hors agglomération,Intersection en T,Temps couvert,Deux véhicules - côté,,,,,,,,,,,1,1,3,8.0,3
201400001486,0014-02-09 11:45:00,14,2,9,11,45,500,82,LE HAUT DE CATTIGNY,49.4775,-1.65858,Plein jour,Hors agglomération,Hors intersection,Temps couvert,Deux véhicules - frontale,,,,,,,,,,,1,1,1,8.0,1
201400001487,0014-04-25 17:30:00,14,4,25,17,30,500,184,RUE DE LA CABOTIERE,49.5414,-1.86657,Plein jour,En agglomération,Hors intersection,Normale,Autre collision,,,,,,,,,,,1,2,1,1.0,6
201400001488,0014-05-31 11:00:00,14,5,31,11,0,500,435,LES OSERAIES,49.4932,-1.6103,Plein jour,Hors agglomération,Intersection en T,Normale,Deux véhicules - arrière,,,,,,,,,,,1,1,3,1.0,2
201400001489,0014-06-08 18:00:00,14,6,8,18,0,500,82,LA PLANCHE AUX VACHES,49.4617,-1.62809,Plein jour,Hors agglomération,Hors intersection,Normale,Deux véhicules - frontale,,,,,,,,,,,1,1,1,1.0,1
201400001490,0014-06-09 16:00:00,14,6,9,16,0,500,471,,49.3666,-1.71823,Plein jour,Hors agglomération,Intersection en T,Normale,Deux véhicules - frontale,,,,,,,,,,,1,1,3,1.0,1
201400001491,0014-07-31 12:30:00,14,7,31,12,30,500,490,,49.3745,-1.73349,Plein jour,Hors agglomération,Hors intersection,Normale,Deux véhicules - frontale,,,,,,,,,,,1,1,1,1.0,1
201400001492,0014-11-01 15:15:00,14,11,1,15,15,500,402,RUE CENTRALE,49.5153,-1.80472,Plein jour,En agglomération,Intersection en T,Normale,Deux véhicules - côté,,,,,,,,,,,1,2,3,1.0,3
201400001493,0014-11-22 20:00:00,14,11,22,20,0,500,31,RUE DE PARIS,49.3768,-1.78739,Nuit avec éclairage allumé,En agglomération,Hors intersection,Pluie légère,Autre collision,,,,,,,,,,,5,2,1,2.0,6
201400001494,0014-12-17 23:00:00,14,12,17,23,0,500,401,MAISON L'ABBE,49.488,-1.79653,Nuit sans éclairage public,Hors agglomération,Hors intersection,Brouillard / fumée,Autre collision,,,,,,,,,,,3,1,1,5.0,6
201400001495,0014-02-06 13:00:00,14,2,6,13,0,500,268,CHEMIN DES LANDES,49.5324,-1.32199,Plein jour,En agglomération,Hors intersection,Pluie légère,Sans collision,,,,,,,,,,,1,2,1,2.0,7
201400001496,0014-04-28 11:30:00,14,4,28,11,30,500,103,,49.3807,-1.30023,Plein jour,Hors agglomération,Hors intersection,Temps couvert,Autre collision,,,,,,,,,,,1,1,1,8.0,6
201400001497,0014-07-04 07:00:00,14,7,4,7,0,500,191,LES CRUTTES,49.4622,-1.23047,Plein jour,Hors agglomération,Hors intersection,Normale,Autre collision,,,,,,,,,,,1,1,1,1.0,6
201400001498,0014-07-20 13:00:00,14,7,20,13,0,500,333,HAMEAU LA CROIX BERTIN,49.3799,-1.43071,Plein jour,En agglomération,Hors intersection,Normale,Sans collision,,,,,,,,,,,1,2,1,1.0,7
201400001499,0014-10-23 11:30:00,14,10,23,11,30,500,55,,49.4279,-1.49386,Plein jour,Hors agglomération,Hors intersection,Normale,Trois véhicules et plus - collisions multiples,,,,,,,,,,,1,1,1,1.0,5
201400001500,0014-04-13 11:45:00,14,4,13,11,45,500,87,,49.5637,-1.57142,Plein jour,Hors agglomération,Hors intersection,Normale,Sans collision,,,,,,,,,,,1,1,1,1.0,7
201400001501,0014-06-15 19:15:00,14,6,15,19,15,500,87,,49.5636,-1.5883,Plein jour,Hors agglomération,Hors intersection,Normale,Deux véhicules - côté,,,,,,,,,,,1,1,1,1.0,3
201400001502,0014-06-22 05:00:00,14,6,22,5,0,500,87,ROUTE DE NEGREVILLE,49.5373,-1.56176,Crépuscule ou aube,Hors agglomération,Hors intersection,Normale,Autre collision,,,,,,,,,,,2,1,1,1.0,6
201400001503,0014-08-14 09:00:00,14,8,14,9,0,500,615,,49.5025,-1.48763,Plein jour,Hors agglomération,Intersection en T,Normale,Deux véhicules - côté,,,,,,,,,,,1,1,3,1.0,3
201400001504,0014-09-21 15:30:00,14,9,21,15,30,500,562,RUE DE REVILLE,49.5918,-1.26675,Plein jour,En agglomération,Intersection en T,Normale,Trois véhicules et plus - collisions multiples,,,,,,,,,,,1,2,3,1.0,5
201400001505,0014-11-01 18:30:00,14,11,1,18,30,500,96,,49.6472,-1.3818,Crépuscule ou aube,Hors agglomération,Intersection en T,Temps couvert,Deux véhicules - côté,,,,,,,,,,,2,1,3,8.0,3
201400001506,0014-12-29 16:45:00,14,12,29,16,45,500,22,,49.5416,-1.32147,Crépuscule ou aube,En agglomération,Hors intersection,Normale,Autre collision,,,,,,,,,,,2,2,1,1.0,6
201400001507,0014-03-31 16:15:00,14,3,31,16,15,500,3,AVENUE DE LA 2?ME D.B,49.0417,-1.56574,Plein jour,Hors agglomération,Hors intersection,Temps éblouissant,Deux véhicules - côté,,,,,,,,,,,1,1,1,7.0,3
201400001508,0014-05-14 16:45:00,14,5,14,16,45,500,111,LA LANGOTIERE,49.0376,-1.30347,Plein jour,Hors agglomération,Hors intersection,Normale,Deux véhicules - frontale,,,,,,,,,,,1,1,1,1.0,1
201400001509,0014-05-28 18:45:00,14,5,28,18,45,500,603,LA BELLE CROIX,49.0554,-1.48409,Plein jour,Hors agglomération,Giratoire,Normale,Deux véhicules - arrière,,,,,,,,,,,1,1,6,1.0,2
201400001510,0014-06-26 08:45:00,14,6,26,8,45,500,354,LA SORIERE,49.1145,-1.51874,Plein jour,Hors agglomération,Intersection en X,Normale,Deux véhicules - côté,,,,,,,,,,,1,1,2,1.0,3
201400001511,0014-07-10 08:30:00,14,7,10,8,30,500,603,LA BELLE CROIX,49.0554,-1.48409,Plein jour,Hors agglomération,Giratoire,Normale,Deux véhicules - côté,,,,,,,,,,,1,1,6,1.0,3
201400001512,0014-08-03 18:45:00,14,8,3,18,45,500,92,L'AUBRIERE,49.0614,-1.40828,Plein jour,Hors agglomération,Hors intersection,Normale,Autre collision,,,,,,,,,,,1,1,1,1.0,6
201400001513,0014-10-07 16:00:00,14,10,7,16,0,500,92,VILLAGE DU MOULIN,49.1044,-1.39427,Plein jour,Hors agglomération,Hors intersection,Pluie forte,Sans collision,,,,,,,,,,,1,1,1,3.0,7
201400001514,0014-11-18 05:30:00,14,11,18,5,30,500,354,,49.1229,-1.50399,Nuit sans éclairage public,Hors agglomération,Giratoire,Brouillard / fumée,Sans collision,,,,,,,,,,,3,1,6,5.0,7
201400001515,0014-01-20 18:30:00,14,1,20,18,30,500,365,LA VALLEE,48.9388,-1.48823,Nuit sans éclairage public,Hors agglomération,Intersection en T,Normale,Deux véhicules - arrière,,,,,,,,,,,3,1,3,1.0,2
201400001516,0014-01-24 08:45:00,14,1,24,8,45,500,140,,48.9938,-1.41876,Crépuscule ou aube,Hors agglomération,Intersection en X,Pluie légère,Deux véhicules - frontale,,,,,,,,,,,2,1,2,2.0,1
201400001517,0014-02-15 00:01:00,14,2,15,0,1,500,228,RUE DE LA PIERRE,48.9402,-1.23865,Nuit sans éclairage public,Hors agglomération,Hors intersection,Temps couvert,Autre collision,,,,,,,,,,,3,1,1,8.0,6
201400001518,0014-03-02 06:45:00,14,3,2,6,45,500,15,RUE DES PEUPLIERS,48.9551,-1.54914,Nuit sans éclairage public,Hors agglomération,Hors intersection,Normale,Autre collision,,,,,,,,,,,3,1,1,1.0,6
201400001519,0014-04-09 17:15:00,14,4,9,17,15,500,85,,48.9223,-1.49876,Plein jour,Hors agglomération,Intersection en T,Normale,Deux véhicules - arrière,,,,,,,,,,,1,1,3,1.0,2
201400001520,0014-06-07 17:45:00,14,6,7,17,45,500,81,LE GRAND CHEMIN,48.8659,-1.54093,Plein jour,En agglomération,Giratoire,Normale,Deux véhicules - côté,,,,,,,,,,,1,2,6,1.0,3
201400001521,0014-06-22 19:30:00,14,6,22,19,30,500,81,,48.8586,-1.55517,Plein jour,Hors agglomération,Intersection en X,Normale,Deux véhicules - côté,,,,,,,,,,,1,1,2,1.0,3
201400001522,0014-07-12 03:30:00,14,7,12,3,30,500,228,ROUTE DES 4 SAPINS,48.9678,-1.26004,Nuit sans éclairage public,Hors agglomération,Hors intersection,Normale,Autre collision,,,,,,,,,,,3,1,1,1.0,6
201400001523,0014-11-08 16:00:00,14,11,8,16,0,500,140,LA PLANCHE BOURBON,48.987,-1.44404,Plein jour,Hors agglomération,Intersection en T,Temps couvert,Deux véhicules - côté,,,,,,,,,,,1,1,3,8.0,3
201400001524,0014-11-11 13:15:00,14,11,11,13,15,500,463,LE GRAND BISSON,48.9178,-1.33736,Plein jour,Hors agglomération,Hors intersection,Normale,Autre collision,,,,,,,,,,,1,1,1,1.0,6
201400001525,0014-11-14 12:15:00,14,11,14,12,15,500,349,,49.0158,-1.50888,Plein jour,Hors agglomération,Hors intersection,Normale,Sans collision,,,,,,,,,,,1,1,1,1.0,7
201400001526,0014-12-02 12:45:00,14,12,2,12,45,500,626,LE PAVE D'AIROU,48.8953,-1.38222,Plein jour,Hors agglomération,Intersection en T,Pluie légère,Deux véhicules - arrière,,,,,,,,,,,1,1,3,2.0,2
201400001527,0014-01-07 18:45:00,14,1,7,18,45,500,558,AV DE LA COTE DES ISLES,49.2931,-1.55299,Nuit sans éclairage public,En agglomération,Hors intersection,Pluie forte,Autre collision,,,,,,,,,,,3,2,1,3.0,6
201400001528,0014-01-18 04:30:00,14,1,18,4,30,500,236,RUE DES HAUTS VENTS,49.2837,-1.54169,Nuit avec éclairage non allumé,En agglomération,Intersection en T,Normale,Autre collision,,,,,,,,,,,4,2,3,1.0,6
201400001529,0014-01-31 17:45:00,14,1,31,17,45,500,136,,49.3262,-1.38938,Nuit sans éclairage public,Hors agglomération,Intersection en X,Pluie forte,Deux véhicules - côté,,,,,,,,,,,3,1,2,3.0,3
201400001530,0014-02-04 13:45:00,14,2,4,13,45,500,510,LE CHATEAU D'EAU,49.1745,-1.35107,Plein jour,Hors agglomération,Intersection en X,Normale,Deux véhicules - frontale,,,,,,,,,,,1,1,2,1.0,1
201400001531,0014-02-06 07:45:00,14,2,6,7,45,500,481,,49.2331,-1.57366,Crépuscule ou aube,Hors agglomération,Intersection en X,Pluie forte,Deux véhicules - arrière,,,,,,,,,,,2,1,2,3.0,2
201400001532,0014-04-28 11:30:00,14,4,28,11,30,500,236,AV DE LA  COTE DES ISLES,49.2939,-1.55482,Plein jour,En agglomération,Hors intersection,Pluie légère,Deux véhicules - arrière,,,,,,,,,,,1,2,1,2.0,2
201400001533,0014-04-27 18:15:00,14,4,27,18,15,500,481,Boulevard  Maritime,,,Plein jour,En agglomération,Hors intersection,Pluie forte,Deux véhicules - frontale,,,,,,,,,,,1,2,1,3.0,1
201400001534,0014-06-13 23:30:00,14,6,13,23,30,500,403,,,,Nuit sans éclairage public,Hors agglomération,Hors intersection,Normale,Deux véhicules - côté,,,,,,,,,,,3,1,1,1.0,3
201400001535,0014-06-16 17:15:00,14,6,16,17,15,500,394,RUE DE ST LO,49.1863,-1.40801,Plein jour,En agglomération,Intersection en X,Normale,Autre collision,,,,,,,,,,,1,2,2,1.0,6
201400001536,0014-09-20 20:45:00,14,9,20,20,45,500,394,,49.186,-1.40679,Crépuscule ou aube,En agglomération,Intersection en X,Normale,Deux véhicules - côté,,,,,,,,,,,2,2,2,1.0,3
201400001537,0014-09-12 18:00:00,14,9,12,18,0,500,394,ROUTE DE LESSAY,49.188,-1.41648,Plein jour,En agglomération,Hors intersection,Normale,Autre collision,,,,,,,,,,,1,2,1,1.0,6
201400001538,0014-10-04 20:15:00,14,10,4,20,15,500,151,RUE DU HAUT CHEMIN,49.1976,-1.56818,Nuit avec éclairage allumé,En agglomération,Hors intersection,Normale,Autre collision,,,,,,,,,,,5,2,1,1.0,6
201400001539,0014-10-05 14:30:00,14,10,5,14,30,500,394,SEVES,49.2194,-1.39123,Plein jour,Hors agglomération,Hors intersection,Normale,Autre collision,,,,,,,,,,,1,1,1,1.0,6
201400001540,0014-10-11 14:30:00,14,10,11,14,30,500,151,,49.1842,-1.58312,Plein jour,Hors agglomération,Intersection en X,Normale,Deux véhicules - arrière,,,,,,,,,,,1,1,2,1.0,2
201400001541,0014-10-18 15:15:00,14,10,18,15,15,500,481,,49.2391,-1.61983,Plein jour,Hors agglomération,Hors intersection,Normale,Sans collision,,,,,,,,,,,1,1,1,1.0,7
201400001542,0014-12-11 17:45:00,14,12,11,17,45,500,622,RUE DE ST LO,49.1859,-1.40638,Nuit avec éclairage allumé,En agglomération,Hors intersection,Pluie légère,Autre collision,,,,,,,,,,,5,2,1,2.0,6
201400001543,0014-12-16 14:00:00,14,12,16,14,0,500,372,,49.2899,-1.54547,Plein jour,En agglomération,Hors intersection,Normale,Deux véhicules - côté,,,,,,,,,,,1,2,1,1.0,3
201400001544,0014-01-25 18:15:00,14,1,25,18,15,500,263,LES LEVURES,48.6016,-0.99196,Nuit sans éclairage public,Hors agglomération,Hors intersection,Temps couvert,Sans collision,,,,,,,,,,,3,1,1,8.0,7
201400001545,0014-04-26 15:45:00,14,4,26,15,45,500,474,LE MOULIN DUBOIS,48.6277,-0.78809,Plein jour,Hors agglomération,Hors intersection,Normale,Deux véhicules - frontale,,,,,,,,,,,1,1,1,1.0,1
201400001546,0014-05-15 12:15:00,14,5,15,12,15,500,582,LA BOUSSARDIERE,48.701,-0.9287,Plein jour,Hors agglomération,Hors intersection,Normale,Deux véhicules - frontale,,,,,,,,,,,1,1,1,1.0,1
201400001547,0014-05-16 17:45:00,14,5,16,17,45,500,200,RUE DU MONT ST MICHEL,48.6804,-0.79161,Plein jour,En agglomération,Intersection en T,Normale,Deux véhicules - côté,,,,,,,,,,,1,2,3,1.0,3
201400001548,0014-05-15 18:30:00,14,5,15,18,30,500,515,LA CHATAIGNIERE,48.5455,-1.18785,Plein jour,Hors agglomération,Hors intersection,Normale,Deux véhicules - frontale,,,,,,,,,,,1,1,1,1.0,1
201400001549,0014-05-17 14:15:00,14,5,17,14,15,500,293,,48.6089,-1.10811,Plein jour,Hors agglomération,Intersection en X,Normale,Deux véhicules - côté,,,,,,,,,,,1,1,2,1.0,3
201400001550,0014-10-15 09:45:00,14,10,15,9,45,500,484,RUE DE PARIS,48.5773,-1.09016,Plein jour,En agglomération,Hors intersection,Normale,Autre collision,,,,,,,,,,,1,2,1,1.0,6
201400001551,0014-01-06 21:05:00,14,1,6,21,5,10,451,RN79,46.2358,5.1832,Nuit sans éclairage public,Hors agglomération,Intersection en X,Temps couvert,Deux véhicules - côté,,,,,,,,,,,3,1,2,8.0,3
201400001552,0014-01-06 19:55:00,14,1,6,19,55,10,53,,,,Nuit sans éclairage public,En agglomération,Intersection en X,Normale,Deux véhicules - côté,,,,,,,,,,,3,2,2,1.0,3
201400001553,0014-01-08 17:45:00,14,1,8,17,45,10,344,TREVOUX (AVENUE DE),46.1982,5.17445,Nuit sans éclairage public,Hors agglomération,Hors intersection,Normale,Deux véhicules - arrière,,,,,,,,,,,3,1,1,1.0,2
201400001554,0014-01-26 13:25:00,14,1,26,13,25,10,53,MERCIER (AVENUE AMEDEE D,46.2035,5.24284,Plein jour,En agglomération,Intersection en X,Normale,Deux véhicules - côté,,,,,,,,,,,1,2,2,1.0,3
201400001555,0014-01-27 16:15:00,14,1,27,16,15,10,53,", ROBIN ( RUE CHARLES)",,,Plein jour,En agglomération,Intersection en X,Normale,Deux véhicules - côté,,,,,,,,,,,1,2,2,1.0,3
201400001556,0014-02-05 13:45:00,14,2,5,13,45,10,53,ANCIENS COMBATTANTS (AVE,,,Plein jour,En agglomération,Hors intersection,Pluie légère,Deux véhicules - frontale,,,,,,,,,,,1,2,1,2.0,1
201400001557,0014-02-15 17:55:00,14,2,15,17,55,10,53,"29, MARBOZ (AVENUEDE - I",,,Plein jour,Hors agglomération,Intersection en T,Pluie forte,Deux véhicules - arrière,,,,,,,,,,,1,1,3,3.0,2
201400001558,0014-02-22 14:50:00,14,2,22,14,50,10,344,BRESSE (AVENUE DE),46.2102,5.2041,Plein jour,En agglomération,Intersection en X,Normale,Deux véhicules - côté,,,,,,,,,,,1,2,2,1.0,3
201400001559,0014-02-26 09:45:00,14,2,26,9,45,10,53,MACON ( AVENUE DE - PAIR,,,Plein jour,En agglomération,Hors intersection,Pluie légère,Deux véhicules - côté,,,,,,,,,,,1,2,1,2.0,3
201400001560,0014-03-01 21:45:00,14,3,1,21,45,10,53,KENNEDY BVD J  - IMPAIR,46.2067,5.24069,Nuit avec éclairage allumé,En agglomération,Intersection en X,Normale,Deux véhicules - côté,,,,,,,,,,,5,2,2,1.0,3
201400001561,0014-03-15 19:30:00,14,3,15,19,30,10,53,MERCIER (AVENUE AMEDEE D,46.2035,5.24284,Nuit avec éclairage allumé,En agglomération,Intersection en X,Normale,Deux véhicules - frontale,,,,,,,,,,,5,2,2,1.0,1
201400001562,0014-03-18 22:20:00,14,3,18,22,20,10,53,"21, MARGUERITES ( RUE DE",,,Nuit sans éclairage public,En agglomération,Hors intersection,Normale,Autre collision,,,,,,,,,,,3,2,1,1.0,6
201400001563,0014-03-21 11:35:00,14,3,21,11,35,10,53,10 AV DE BAD KREUZNACH,46.2132,5.24167,Plein jour,En agglomération,Hors intersection,Normale,Trois véhicules et plus - en chaîne,,,,,,,,,,,1,2,1,1.0,4
201400001564,0014-04-12 23:35:00,14,4,12,23,35,10,451,,46.2788,5.2296,Nuit sans éclairage public,Hors agglomération,Hors intersection,Normale,Autre collision,,,,,,,,,,,3,1,1,1.0,6
201400001565,0014-04-22 16:30:00,14,4,22,16,30,10,289,LENT ( ROUTE DE ),46.1649,5.22083,Plein jour,Hors agglomération,Intersection en X,Normale,Deux véhicules - côté,,,,,,,,,,,1,1,2,1.0,3
201400001566,0014-05-02 11:10:00,14,5,2,11,10,10,53,HERRIOT ( BOULEVARD EDOU,46.2099,5.22536,Plein jour,En agglomération,Intersection en T,Pluie légère,Autre collision,,,,,,,,,,,1,2,3,2.0,6
201400001567,0014-05-02 09:05:00,14,5,2,9,5,10,451,BRESSE (AVENUE DE ),46.2133,5.20387,Plein jour,En agglomération,Giratoire,Pluie légère,Autre collision,,,,,,,,,,,1,2,6,2.0,6
201400001568,0014-05-09 17:20:00,14,5,9,17,20,10,53,"0, BICHAT ( RUE)",,,Plein jour,En agglomération,Hors intersection,Normale,Sans collision,,,,,,,,,,,1,2,1,1.0,7
201400001569,0014-05-19 07:35:00,14,5,19,7,35,10,451,,46.2358,5.1832,Plein jour,Hors agglomération,Intersection en T,Normale,Trois véhicules et plus - collisions multiples,,,,,,,,,,,1,1,3,1.0,5
201400001570,0014-05-24 20:25:00,14,5,24,20,25,10,53,DE GAULLE ( BD GAL) PAIR,46.1978,5.23943,Plein jour,En agglomération,Intersection en X,Normale,Trois véhicules et plus - en chaîne,,,,,,,,,,,1,2,2,1.0,4
201400001571,0014-05-28 09:45:00,14,5,28,9,45,10,53,"""DIMES ( RUE DES) N?",46.2067,5.24069,Plein jour,En agglomération,Intersection en X,Normale,Deux véhicules - côté,,,,,,,,,,,1,2,2,1.0,3
201400001572,0014-06-02 11:09:00,14,6,2,11,9,10,53,LYON (AVENUE DE - N? IMP,46.1935,5.21366,Plein jour,En agglomération,Hors intersection,Normale,Deux véhicules - côté,,,,,,,,,,,1,2,1,1.0,3
201400001573,0014-06-05 12:35:00,14,6,5,12,35,10,53,HUCHET ( BOULEVARD EMILE,,,Plein jour,En agglomération,Hors intersection,Normale,Deux véhicules - arrière,,,,,,,,,,,1,2,1,1.0,2
201400001574,0014-06-12 15:10:00,14,6,12,15,10,10,53,MERCIER (AVENUE AMEDEE D,46.2028,5.24522,Plein jour,En agglomération,Giratoire,Temps éblouissant,Deux véhicules - côté,,,,,,,,,,,1,2,6,7.0,3
201400001575,0014-06-16 16:35:00,14,6,16,16,35,10,53,"8, 23EME R.I. ( RUE DU)",,,Plein jour,En agglomération,Hors intersection,Normale,Autre collision,,,,,,,,,,,1,2,1,1.0,6