accident_id,datetime,annee,mois,jour,heure,minute,departement,commune_insee,adresse,latitude,longitude,luminosite,agglomeration,intersection,meteo,collision,nb_vehicules,nb_usagers,nb_indemnes,nb_tues,nb_blesses_hosp,nb_blesses_legers,age_cond_1,age_cond_2,veh_type_cond_1,veh_type_cond_2,lum_code,agg_code,int_code,atm_code,col_code
201400001576,0014-06-18 15:20:00,14,6,18,15,20,10,289,LYON (AVE DE) JUSQ' N,46.1739,5.19867,Plein jour,Hors agglomération,Hors intersection,Normale,Autre collision,,,,,,,,,,,1,1,1,1.0,6
201400001577,0014-06-23 17:50:00,14,6,23,17,50,10,451,LA NEUVE (ROND POINT),46.215,5.21488,Plein jour,En agglomération,Giratoire,Normale,Deux véhicules - arrière,,,,,,,,,,,1,2,6,1.0,2
201400001578,0014-06-24 17:10:00,14,6,24,17,10,10,53,"5, VALERY ( BD PAUL ) IM",,,Plein jour,En agglomération,Intersection en T,Normale,Deux véhicules - côté,,,,,,,,,,,1,2,3,1.0,3
201400001579,0014-06-25 20:20:00,14,6,25,20,20,10,289,ROCADE (LA) COTE OUEST,46.1772,5.19419,Plein jour,Hors agglomération,Hors intersection,Normale,Deux véhicules - frontale,,,,,,,,,,,1,1,1,1.0,1
201400001580,0014-06-26 09:30:00,14,6,26,9,30,10,451,PARIS (ROUTE DE),46.2223,5.20887,Plein jour,Hors agglomération,Intersection en X,Normale,Deux véhicules - côté,,,,,,,,,,,1,1,2,1.0,3
201400001581,0014-06-28 18:25:00,14,6,28,18,25,10,53,LYON (AVENUE DE - N? PAI,46.1957,5.21591,Plein jour,En agglomération,Hors intersection,Temps couvert,Autre collision,,,,,,,,,,,1,2,1,8.0,6
201400001582,0014-07-01 08:00:00,14,7,1,8,0,10,53,LYON (AVENUE DE - N? IMP,46.1918,5.21241,Plein jour,En agglomération,Intersection en X,Normale,Autre collision,,,,,,,,,,,1,2,2,1.0,6
201400001583,0014-07-01 10:00:00,14,7,1,10,0,10,344,DOMBES (AVENUE DE LA),46.2117,5.20385,Plein jour,Hors agglomération,Hors intersection,Normale,Trois véhicules et plus - en chaîne,,,,,,,,,,,1,1,1,1.0,4
201400001584,0014-07-03 08:30:00,14,7,3,8,30,10,451,BOULE ANDRE ( RUE),,,Plein jour,En agglomération,Hors intersection,Vent fort / tempête,Deux véhicules - arrière,,,,,,,,,,,1,2,1,6.0,2
201400001585,0014-07-05 00:50:00,14,7,5,0,50,10,53,CROIX BLANCHE ( ROND POI,46.2028,5.24533,Nuit avec éclairage allumé,En agglomération,Giratoire,Pluie légère,Autre collision,,,,,,,,,,,5,2,6,2.0,6
201400001586,0014-07-06 03:40:00,14,7,6,3,40,10,53,"192, BROU ( BD N?192 A 1",46.1958,5.23724,Nuit avec éclairage allumé,En agglomération,Intersection en X,Normale,Deux véhicules - côté,,,,,,,,,,,5,2,2,1.0,3
201400001587,0014-07-06 03:55:00,14,7,6,3,55,10,53,"18, MERCIER (AVENUE AMED",,,Nuit avec éclairage allumé,En agglomération,Hors intersection,Normale,Autre collision,,,,,,,,,,,5,2,1,1.0,6
201400001588,0014-07-11 08:45:00,14,7,11,8,45,10,53,JOLIOT CURIE ( BOULEVARD,46.2093,5.23401,Plein jour,En agglomération,Intersection en X,Pluie légère,Autre collision,,,,,,,,,,,1,2,2,2.0,6
201400001589,0014-07-17 00:25:00,14,7,17,0,25,10,53,MONTESQUIEU (RUE),,,Nuit avec éclairage allumé,En agglomération,Intersection en X,Normale,Deux véhicules - côté,,,,,,,,,,,5,2,2,1.0,3
201400001590,0014-07-24 15:55:00,14,7,24,15,55,10,53,"23, SEMARD ( AVENUE PIER",,,Plein jour,En agglomération,Intersection en T,Normale,Trois véhicules et plus - en chaîne,,,,,,,,,,,1,2,3,1.0,4
201400001591,0014-08-01 14:00:00,14,8,1,14,0,10,53,JASSERON (AVENUE DE),46.2114,5.24937,Plein jour,En agglomération,Hors intersection,Normale,Deux véhicules - frontale,,,,,,,,,,,1,2,1,1.0,1
201400001592,0014-08-15 14:25:00,14,8,15,14,25,10,53,"000, DE GAULLE ( BD GAL)",46.1977,5.23936,Plein jour,En agglomération,Hors intersection,Normale,Deux véhicules - côté,,,,,,,,,,,1,2,1,1.0,3
201400001593,0014-08-28 16:25:00,14,8,28,16,25,10,451,"296, VIEUX FLEYRIAT (CHE",,,Plein jour,Hors agglomération,Hors intersection,Normale,Deux véhicules - frontale,,,,,,,,,,,1,1,1,1.0,1
201400001594,0014-09-10 18:25:00,14,9,10,18,25,10,53,"6BIS, CHAMP DE FOIRE ( A",,,Plein jour,En agglomération,Hors intersection,Normale,Autre collision,,,,,,,,,,,1,2,1,1.0,6
201400001595,0014-09-14 17:20:00,14,9,14,17,20,10,53,"39, MONTESQUIEU (RUE)",,,Plein jour,En agglomération,Hors intersection,Normale,Autre collision,,,,,,,,,,,1,2,1,1.0,6
201400001596,0014-09-30 16:30:00,14,9,30,16,30,10,53,JOFFRE (RUE MARECHAL),,,Plein jour,En agglomération,Intersection en X,Normale,Deux véhicules - côté,,,,,,,,,,,1,2,2,1.0,3
201400001597,0014-09-30 20:30:00,14,9,30,20,30,10,53,VALERY ( BD PAUL ) PAIR,,,Nuit sans éclairage public,En agglomération,Intersection en X,Normale,Autre collision,,,,,,,,,,,3,2,2,1.0,6
201400001598,0014-10-03 17:30:00,14,10,3,17,30,10,451,"112, PROSPIR CONVERT (RU",46.252,5.21775,Plein jour,En agglomération,Hors intersection,Temps éblouissant,Autre collision,,,,,,,,,,,1,2,1,7.0,6
201400001599,0014-10-10 19:20:00,14,10,10,19,20,10,53,MAIL (AVENUE DU ),,,Nuit avec éclairage allumé,En agglomération,Hors intersection,Pluie légère,Trois véhicules et plus - collisions multiples,,,,,,,,,,,5,2,1,2.0,5
201400001600,0014-10-14 13:30:00,14,10,14,13,30,10,53,"18, CARNOT( RUE LAZARE)",,,Plein jour,En agglomération,Intersection en X,Normale,Deux véhicules - côté,,,,,,,,,,,1,2,2,1.0,3
201400001601,0014-10-24 19:15:00,14,10,24,19,15,10,451,"3921, PARIS (ROUTE DE)",46.2457,5.18871,Nuit sans éclairage public,Hors agglomération,Hors intersection,Normale,Trois véhicules et plus - en chaîne,,,,,,,,,,,3,1,1,1.0,4
201400001602,0014-11-03 17:45:00,14,11,3,17,45,10,344,"596, TREVOUX (AVENUE DE)",,,Nuit avec éclairage allumé,En agglomération,Hors intersection,Pluie forte,Autre collision,,,,,,,,,,,5,2,1,3.0,6
201400001603,0014-11-10 13:05:00,14,11,10,13,5,10,53,JOLIOT CURIE ( BOULEVARD,,,Plein jour,Hors agglomération,Intersection en X,Temps couvert,Deux véhicules - côté,,,,,,,,,,,1,1,2,8.0,3
201400001604,0014-11-10 14:35:00,14,11,10,14,35,10,53,BROU ( BD N 65 B A FIN),,,Plein jour,En agglomération,Hors intersection,Normale,Trois véhicules et plus - en chaîne,,,,,,,,,,,1,2,1,1.0,4
201400001605,0014-11-16 19:20:00,14,11,16,19,20,10,344,TREVOUX (AVENUE DE),46.2005,5.19566,Nuit avec éclairage allumé,En agglomération,Hors intersection,Pluie légère,Trois véhicules et plus - collisions multiples,,,,,,,,,,,5,2,1,2.0,5
201400001606,0014-11-22 16:55:00,14,11,22,16,55,10,53,KENNEDY BVD J  - IMPAIR,46.2067,5.24069,Plein jour,En agglomération,Intersection en X,Normale,Deux véhicules - arrière,,,,,,,,,,,1,2,2,1.0,2
201400001607,0014-11-26 06:35:00,14,11,26,6,35,10,344,"SANS, BRESSE (AVENUE DE)",46.2102,5.2041,Nuit avec éclairage allumé,En agglomération,Intersection en X,Pluie légère,Deux véhicules - côté,,,,,,,,,,,5,2,2,2.0,3
201400001608,0014-11-26 17:25:00,14,11,26,17,25,10,53,CRETES DU REVERMONT (BOU,46.2213,5.24814,Nuit avec éclairage allumé,Hors agglomération,Hors intersection,Pluie légère,Deux véhicules - côté,,,,,,,,,,,5,1,1,2.0,3
201400001609,0014-11-26 20:10:00,14,11,26,20,10,10,451,MARBOZ RD 996 ( ROUTE DE,46.2726,5.23186,Nuit sans éclairage public,Hors agglomération,Hors intersection,Brouillard / fumée,Deux véhicules - côté,,,,,,,,,,,3,1,1,5.0,3
201400001610,0014-12-02 17:20:00,14,12,2,17,20,10,53,"0, MARBOZ (AVENUEDE   IM",46.221,5.22826,Nuit avec éclairage allumé,En agglomération,Intersection en X,Pluie légère,Deux véhicules - arrière,,,,,,,,,,,5,2,2,2.0,2
201400001611,0014-12-10 13:15:00,14,12,10,13,15,10,53,CARNOT( RUE LAZARE),,,Plein jour,En agglomération,Intersection en T,Pluie légère,Deux véhicules - côté,,,,,,,,,,,1,2,3,2.0,3
201400001612,0014-12-16 14:00:00,14,12,16,14,0,10,53,"04, SPORTS ((AVENUE DES",,,Plein jour,En agglomération,Autre intersection,Pluie légère,Autre collision,,,,,,,,,,,1,2,9,2.0,6
201400001613,0014-12-18 08:20:00,14,12,18,8,20,10,451,STRASBOURG (ROUTE DE),,,Plein jour,Hors agglomération,Hors intersection,Pluie forte,Trois véhicules et plus - en chaîne,,,,,,,,,,,1,1,1,3.0,4
201400001614,0014-12-19 08:10:00,14,12,19,8,10,10,53,"21, JASSERON (AVENUE DE",46.2114,5.24389,Plein jour,En agglomération,,Brouillard / fumée,Autre collision,,,,,,,,,,,1,2,0,5.0,6
201400001615,0014-12-20 18:15:00,14,12,20,18,15,10,53,LYON (AVENUE DE ? N  PAI,,,Nuit avec éclairage allumé,En agglomération,Hors intersection,Pluie légère,Autre collision,,,,,,,,,,,5,2,1,2.0,6
201400001616,0014-02-05 17:00:00,14,2,5,17,0,610,213,AIRE DE REPOS,48.47349,-0.12248,Plein jour,Hors agglomération,Hors intersection,Pluie légère,Autre collision,,,,,,,,,,,1,1,1,2.0,6
201400001617,0014-01-15 08:15:00,14,1,15,8,15,610,464,RD 438 / RD 908,48.59608,0.16774,Crépuscule ou aube,En agglomération,Intersection en T,Pluie légère,Deux véhicules - arrière,,,,,,,,,,,2,2,3,2.0,2
201400001618,0014-02-13 14:15:00,14,2,13,14,15,610,133,,48.60827,0.34407,Plein jour,Hors agglomération,Hors intersection,Pluie légère,Sans collision,,,,,,,,,,,1,1,1,2.0,7
201400001619,0014-04-21 06:00:00,14,4,21,6,0,610,249,,48.65759,0.03012,Nuit sans éclairage public,Hors agglomération,Hors intersection,Normale,Autre collision,,,,,,,,,,,3,1,1,1.0,6
201400001620,0014-06-07 21:00:00,14,6,7,21,0,610,166,,48.64699,0.34892,Plein jour,Hors agglomération,Hors intersection,Normale,Sans collision,,,,,,,,,,,1,1,1,1.0,7
201400001621,0014-06-16 20:15:00,14,6,16,20,15,610,192,L ETRE AUX MEUNIERS,48.6732,0.23548,Nuit sans éclairage public,Hors agglomération,Hors intersection,Normale,Autre collision,,,,,,,,,,,3,1,1,1.0,6
201400001622,0014-07-11 17:30:00,14,7,11,17,30,610,464,,48.6123,0.16572,Plein jour,Hors agglomération,Intersection en X,Normale,Deux véhicules - côté,,,,,,,,,,,1,1,2,1.0,3
201400001623,0014-11-06 17:45:00,14,11,6,17,45,610,464,Carrefour D958 / D748,48.62659,0.13106,Nuit sans éclairage public,En agglomération,Intersection en T,Normale,Deux véhicules - côté,,,,,,,,,,,3,2,3,1.0,3
201400001624,0014-11-07 18:30:00,14,11,7,18,30,610,464,,48.61232,0.16579,Nuit sans éclairage public,Hors agglomération,Intersection en X,Normale,Deux véhicules - frontale,,,,,,,,,,,3,1,2,1.0,1
201400001625,0014-12-09 17:45:00,14,12,9,17,45,610,64,,48.65402,0.31572,Nuit sans éclairage public,Hors agglomération,Intersection en X,Normale,Deux véhicules - côté,,,,,,,,,,,3,1,2,1.0,3
201400001626,0014-01-16 10:15:00,14,1,16,10,15,610,170,,48.69513,-0.04352,Plein jour,Hors agglomération,Intersection en X,Temps couvert,Deux véhicules - côté,,,,,,,,,,,1,1,2,8.0,3
201400001627,0014-01-19 03:00:00,14,1,19,3,0,610,496,,48.74898,0.00279,Nuit sans éclairage public,Hors agglomération,Hors intersection,Temps couvert,Autre collision,,,,,,,,,,,3,1,1,8.0,6
201400001628,0014-02-07 05:45:00,14,2,7,5,45,610,83,,48.80222,0.12425,Nuit sans éclairage public,Hors agglomération,Hors intersection,Vent fort / tempête,Autre collision,,,,,,,,,,,3,1,1,6.0,6
201400001629,0014-02-12 18:15:00,14,2,12,18,15,610,23,LE CROQUET,48.80501,-0.01137,Nuit sans éclairage public,Hors agglomération,Hors intersection,Pluie forte,Deux véhicules - côté,,,,,,,,,,,3,1,1,3.0,3
201400001630,0014-03-16 17:00:00,14,3,16,17,0,610,472,,48.77584,0.00127,Plein jour,Hors agglomération,Intersection en T,Normale,Autre collision,,,,,,,,,,,1,1,3,1.0,6
201400001631,0014-06-07 19:45:00,14,6,7,19,45,610,28,LA GUILLAUMIERE,48.80894,-0.26547,Plein jour,Hors agglomération,Intersection en Y,Temps éblouissant,Deux véhicules - côté,,,,,,,,,,,1,1,4,7.0,3
201400001632,0014-06-10 19:00:00,14,6,10,19,0,610,494,RUE MITERRAND,48.84097,0.03203,Plein jour,En agglomération,Intersection en X,Normale,Deux véhicules - côté,,,,,,,,,,,1,2,2,1.0,3
201400001633,0014-06-15 16:15:00,14,6,15,16,15,610,344,rue des fauvettes,48.64431,-0.2082,Plein jour,En agglomération,Intersection en T,Normale,Deux véhicules - côté,,,,,,,,,,,1,2,3,1.0,3
201400001634,0014-06-22 19:15:00,14,6,22,19,15,610,179,FROMENTEL,48.72334,-0.26326,Plein jour,Hors agglomération,Hors intersection,Normale,Autre collision,,,,,,,,,,,1,1,1,1.0,6
201400001635,0014-07-14 11:30:00,14,7,14,11,30,610,494,54 RUE DE LA LIBERTE,48.84377,0.03187,Plein jour,En agglomération,Hors intersection,Normale,Autre collision,,,,,,,,,,,1,2,1,1.0,6
201400001636,0014-09-27 18:30:00,14,9,27,18,30,610,153,Avenue DE GAULLE,48.71432,-0.12398,Plein jour,En agglomération,Intersection à plus de 4 branches,Normale,Deux véhicules - côté,,,,,,,,,,,1,2,5,1.0,3
201400001637,0014-10-10 12:00:00,14,10,10,12,0,610,265,,48.7658,-0.31894,Plein jour,Hors agglomération,Hors intersection,Normale,Deux véhicules - frontale,,,,,,,,,,,1,1,1,1.0,1
201400001638,0014-10-18 10:15:00,14,10,18,10,15,610,152,LES HORDOUSSEAUX,48.87456,0.07136,Plein jour,Hors agglomération,Hors intersection,Normale,Autre collision,,,,,,,,,,,1,1,1,1.0,6
201400001639,0014-02-27 12:00:00,14,2,27,12,0,610,253,,48.67247,0.2038,Plein jour,Hors agglomération,Hors intersection,Vent fort / tempête,Autre collision,,,,,,,,,,,1,1,1,6.0,6
201400001640,0014-05-01 15:00:00,14,5,1,15,0,610,508,CARREFOUR DE L EUROPE,48.93644,0.19873,Plein jour,En agglomération,Intersection en X,Pluie légère,Deux véhicules - côté,,,,,,,,,,,1,2,2,2.0,3
201400001641,0014-08-31 07:00:00,14,8,31,7,0,610,310,,48.70321,0.24322,Crépuscule ou aube,Hors agglomération,Hors intersection,Normale,Autre collision,,,,,,,,,,,2,1,1,1.0,6
201400001642,0014-09-10 15:05:00,14,9,10,15,5,610,460,LE ROUVRAY,48.89886,0.37443,Plein jour,Hors agglomération,Hors intersection,Normale,Deux véhicules - côté,,,,,,,,,,,1,1,1,1.0,3
201400001643,0014-09-15 18:00:00,14,9,15,18,0,610,150,FUMECON,48.72863,0.40768,Plein jour,Hors agglomération,Hors intersection,Normale,Autre collision,,,,,,,,,,,1,1,1,1.0,6
201400001644,0014-10-06 16:30:00,14,10,6,16,30,610,139,CROQUEMAIN,48.93506,0.14513,Plein jour,Hors agglomération,Hors intersection,Pluie légère,Deux véhicules - frontale,,,,,,,,,,,1,1,1,2.0,1
201400001645,0014-11-22 18:00:00,14,11,22,18,0,610,150,LE GRAND PARC,48.72825,0.40775,Nuit sans éclairage public,Hors agglomération,Hors intersection,Pluie légère,Autre collision,,,,,,,,,,,3,1,1,2.0,6
201400001646,0014-12-24 20:00:00,14,12,24,20,0,610,17,,48.69856,0.31771,Nuit sans éclairage public,Hors agglomération,Hors intersection,Normale,Deux véhicules - frontale,,,,,,,,,,,3,1,1,1.0,1
201400001647,0014-01-25 17:45:00,14,1,25,17,45,610,355,LES EPINETTES,48.59866,-0.74381,Crépuscule ou aube,Hors agglomération,Hors intersection,Normale,Sans collision,,,,,,,,,,,2,1,1,1.0,7
201400001648,0014-07-24 12:00:00,14,7,24,12,0,610,75,ROUTE D AMBRIERE,48.49149,-0.62463,Plein jour,En agglomération,Hors intersection,Normale,Autre collision,,,,,,,,,,,1,2,1,1.0,6
201400001649,0014-10-25 11:30:00,14,10,25,11,30,610,387,LE VILLAGE FOUILLEUL,48.50522,-0.73925,Plein jour,Hors agglomération,Intersection en T,Normale,Trois véhicules et plus - collisions multiples,,,,,,,,,,,1,1,3,1.0,5
201400001650,0014-11-08 18:15:00,14,11,8,18,15,610,75,RUE LORE x PARC SPORTS,48.49509,-0.62305,Nuit avec éclairage allumé,En agglomération,Intersection en T,Pluie légère,Autre collision,,,,,,,,,,,5,2,3,2.0,6
201400001651,0014-11-11 17:45:00,14,11,11,17,45,610,145,01 rue marechal joffre,48.59143,-0.64292,Nuit avec éclairage allumé,En agglomération,Intersection en Y,Pluie légère,Autre collision,,,,,,,,,,,5,2,4,2.0,6
201400001652,0014-05-18 16:45:00,14,5,18,16,45,610,483,rue du Professeur LOUVEL,48.55517,-0.41841,Plein jour,En agglomération,Hors intersection,Normale,Autre collision,,,,,,,,,,,1,2,1,1.0,6
201400001653,0014-06-08 03:30:00,14,6,8,3,30,610,168,bd de la foret d andaine,48.5927,-0.36643,Nuit avec éclairage non allumé,En agglomération,Intersection en X,Normale,Deux véhicules - côté,,,,,,,,,,,4,2,2,1.0,3
201400001654,0014-06-13 07:30:00,14,6,13,7,30,610,168,RUE D'ALENCON,48.58938,-0.35518,Plein jour,En agglomération,Intersection en T,Temps éblouissant,Autre collision,,,,,,,,,,,1,2,3,7.0,6
201400001655,0014-06-14 20:00:00,14,6,14,20,0,610,25,,48.56571,-0.56629,Plein jour,Hors agglomération,Intersection en X,Normale,Deux véhicules - côté,,,,,,,,,,,1,1,2,1.0,3
201400001656,0014-07-10 13:45:00,14,7,10,13,45,610,483,,48.55904,-0.39823,Plein jour,Hors agglomération,Intersection en Y,Normale,Deux véhicules - frontale,,,,,,,,,,,1,1,4,1.0,1
201400001657,0014-09-27 11:15:00,14,9,27,11,15,610,390,LE CLOS LEGER,48.62664,-0.26596,Plein jour,Hors agglomération,Hors intersection,Normale,Sans collision,,,,,,,,,,,1,1,1,1.0,7
201400001658,0014-03-13 15:20:00,14,3,13,15,20,610,7,RUE DE LA VALLEE,48.81185,-0.50094,Plein jour,En agglomération,Intersection en T,Normale,Deux véhicules - côté,,,,,,,,,,,1,2,3,1.0,3
201400001659,0014-03-16 20:30:00,14,3,16,20,30,610,443,LE BOIS LUCIEN,48.72784,-0.6259,Nuit sans éclairage public,Hors agglomération,Hors intersection,Normale,Sans collision,,,,,,,,,,,3,1,1,1.0,7
201400001660,0014-05-15 08:30:00,14,5,15,8,30,610,93,LE PREAU,48.71128,-0.70738,Plein jour,En agglomération,Intersection en T,Normale,Deux véhicules - côté,,,,,,,,,,,1,2,3,1.0,3
201400001661,0014-07-12 11:30:00,14,7,12,11,30,610,486,LA COUDRETTE,48.75292,-0.71295,Plein jour,Hors agglomération,Hors intersection,Pluie légère,Sans collision,,,,,,,,,,,1,1,1,2.0,7
201400001662,0014-07-13 11:30:00,14,7,13,11,30,610,486,17 RUE DE L INDUSTRIE,48.76474,-0.73143,Plein jour,En agglomération,Intersection en Y,Normale,Autre collision,,,,,,,,,,,1,2,4,1.0,6
201400001663,0014-08-27 15:45:00,14,8,27,15,45,610,486,Rue xavier Onffray,48.76272,-0.73572,Plein jour,En agglomération,Intersection en X,Normale,Deux véhicules - côté,,,,,,,,,,,1,2,2,1.0,3
201400001664,0014-10-09 16:45:00,14,10,9,16,45,610,7,RUE DES DEPORTES,48.80892,-0.50044,Plein jour,En agglomération,Giratoire,Normale,Deux véhicules - côté,,,,,,,,,,,1,2,6,1.0,3
201400001665,0014-10-26 17:30:00,14,10,26,17,30,610,73,,48.75882,-0.42895,Plein jour,Hors agglomération,Hors intersection,Normale,Autre collision,,,,,,,,,,,1,1,1,1.0,6
201400001666,0014-10-31 12:00:00,14,10,31,12,0,610,7,rue Berthelot,48.81253,-0.4958,Plein jour,En agglomération,Giratoire,Normale,Autre collision,,,,,,,,,,,1,2,6,1.0,6
201400001667,0014-11-12 16:45:00,14,11,12,16,45,610,478,LE MOULIN DE TAILLEBOIS,48.80202,-0.41708,Plein jour,Hors agglomération,Hors intersection,Normale,Deux véhicules - frontale,,,,,,,,,,,1,1,1,1.0,1
201400001668,0014-09-08 07:45:00,14,9,8,7,45,610,130,LES MARRES,48.51903,0.4877,Plein jour,Hors agglomération,Hors intersection,Normale,Deux véhicules - côté,,,,,,,,,,,1,1,1,1.0,3
201400001669,0014-07-19 17:45:00,14,7,19,17,45,610,426,,48.38434,0.54836,Plein jour,Hors agglomération,Intersection en X,Normale,Deux véhicules - frontale,,,,,,,,,,,1,1,2,1.0,1
201400001670,0014-10-26 16:15:00,14,10,26,16,15,610,426,LE HAUT AITRE,48.34781,0.51808,Plein jour,Hors agglomération,Hors intersection,Normale,Deux véhicules - frontale,,,,,,,,,,,1,1,1,1.0,1
201400001671,0014-01-13 12:30:00,14,1,13,12,30,610,432,LA DETOURBE,48.75971,0.67027,Plein jour,Hors agglomération,Hors intersection,Normale,Deux véhicules - frontale,,,,,,,,,,,1,1,1,1.0,1
201400001672,0014-01-17 18:30:00,14,1,17,18,30,610,214,20 RUE CHARLES MEROUVEL,48.76489,0.6136,Nuit avec éclairage allumé,En agglomération,Hors intersection,Pluie légère,Autre collision,,,,,,,,,,,5,2,1,2.0,6
201400001673,0014-01-14 17:15:00,14,1,14,17,15,610,456,LA BUTTE AUX ROCHES,48.78476,0.64486,Crépuscule ou aube,Hors agglomération,Hors intersection,Temps éblouissant,Autre collision,,,,,,,,,,,2,1,1,7.0,6
201400001674,0014-03-25 18:30:00,14,3,25,18,30,610,8,,48.73045,0.55776,Plein jour,Hors agglomération,Hors intersection,Normale,Deux véhicules - frontale,,,,,,,,,,,1,1,1,1.0,1
201400001675,0014-05-10 22:50:00,14,5,10,22,50,610,159,LE BOIS GAULTIER,48.63857,0.41495,Nuit sans éclairage public,Hors agglomération,Hors intersection,Normale,Sans collision,,,,,,,,,,,3,1,1,1.0,7
201400001676,0014-06-19 17:00:00,14,6,19,17,0,610,456,LES HAIES,48.77534,0.64493,Plein jour,Hors agglomération,Intersection en T,Normale,Deux véhicules - côté,,,,,,,,,,,1,1,3,1.0,3
201400001677,0014-09-23 17:00:00,14,9,23,17,0,610,456,LES ANGLURES,48.76001,0.66961,Plein jour,Hors agglomération,Intersection en T,Normale,Trois véhicules et plus - collisions multiples,,,,,,,,,,,1,1,3,1.0,5
201400001678,0014-11-06 23:30:00,14,11,6,23,30,610,386,,48.76353,0.44763,Nuit avec éclairage non allumé,Hors agglomération,Hors intersection,Pluie forte,Autre collision,,,,,,,,,,,4,1,1,3.0,6
201400001679,0014-12-28 01:45:00,14,12,28,1,45,610,456,LE BOIS AULARD,48.75947,0.67339,Nuit sans éclairage public,Hors agglomération,Hors intersection,Neige / grêle,Autre collision,,,,,,,,,,,3,1,1,4.0,6
201400001680,0014-03-31 15:15:00,14,3,31,15,15,610,335,LES CHAUFFETIERES,48.61583,0.71605,Plein jour,Hors agglomération,Hors intersection,Normale,Deux véhicules - frontale,,,,,,,,,,,1,1,1,1.0,1
201400001681,0014-06-08 08:00:00,14,6,8,8,0,610,125,LA FOURCHE,48.37778,0.89094,Plein jour,Hors agglomération,Hors intersection,Pluie légère,Sans collision,,,,,,,,,,,1,1,1,2.0,7
201400001682,0014-08-08 18:30:00,14,8,8,18,30,610,61,henri levier,48.43475,0.88171,Plein jour,En agglomération,Hors intersection,Pluie légère,Deux véhicules - frontale,,,,,,,,,,,1,2,1,2.0,1
201400001683,0014-11-05 20:00:00,14,11,5,20,0,610,125,LA TUILERIE,48.38272,0.89543,Nuit sans éclairage public,Hors agglomération,Hors intersection,Normale,Deux véhicules - côté,,,,,,,,,,,3,1,1,1.0,3
201400001684,0014-12-27 13:15:00,14,12,27,13,15,610,125,LA FOURCHE,48.37727,0.88941,Plein jour,Hors agglomération,Intersection en Y,Normale,Deux véhicules - frontale,,,,,,,,,,,1,1,4,1.0,1
201400001685,0014-03-26 15:30:00,14,3,26,15,30,440,172,21 rue jean moulin,,,Plein jour,En agglomération,Hors intersection,Normale,Autre collision,,,,,,,,,,,1,2,1,1.0,6
201400001686,0014-03-14 17:00:00,14,3,14,17,0,440,102,L'hommeau,,,Plein jour,Hors agglomération,Hors intersection,Normale,Deux véhicules - frontale,,,,,,,,,,,1,1,1,1.0,1
201400001687,0014-03-24 13:30:00,14,3,24,13,30,440,94,La Grisaulnière,47.316,-1.409,Plein jour,Hors agglomération,Hors intersection,Normale,Sans collision,,,,,,,,,,,1,1,1,1.0,7
201400001688,0014-05-14 08:00:00,14,5,14,8,0,440,94,ROND POINT DE LA PAIX,,,Plein jour,En agglomération,Hors intersection,Normale,Deux véhicules - arrière,,,,,,,,,,,1,2,1,1.0,2
201400001689,0014-07-18 12:30:00,14,7,18,12,30,440,26,Avenue du chene vert,47.301,-1.491,Plein jour,En agglomération,Hors intersection,Normale,Autre collision,,,,,,,,,,,1,2,1,1.0,6
201400001690,0014-10-19 11:15:00,14,10,19,11,15,440,94,quai des mariniers,,,Plein jour,Hors agglomération,Hors intersection,Normale,Deux véhicules - frontale,,,,,,,,,,,1,1,1,1.0,1
201400001691,0014-03-25 18:45:00,14,3,25,18,45,440,216,la boussonière,46.958,-1.434,Plein jour,Hors agglomération,Hors intersection,Normale,Deux véhicules - côté,,,,,,,,,,,1,1,1,1.0,3
201400001692,0014-04-26 00:15:00,14,4,26,0,15,440,64,le chardon,,,Nuit sans éclairage public,Hors agglomération,Hors intersection,Pluie légère,Deux véhicules - frontale,,,,,,,,,,,3,1,1,2.0,1
201400001693,0014-05-23 15:00:00,14,5,23,15,0,440,100,rue de la huperie,47.122,-1.348,Plein jour,Hors agglomération,Hors intersection,Pluie légère,Autre collision,,,,,,,,,,,1,1,1,2.0,6
201400001694,0014-06-19 10:30:00,14,6,19,10,30,440,216,route de l'hommetière,,,Plein jour,En agglomération,Hors intersection,Normale,Deux véhicules - frontale,,,,,,,,,,,1,2,1,1.0,1
201400001695,0014-07-03 13:30:00,14,7,3,13,30,440,223,beauséjour,,,Plein jour,Hors agglomération,Hors intersection,Normale,Deux véhicules - frontale,,,,,,,,,,,1,1,1,1.0,1
201400001696,0014-07-05 11:45:00,14,7,5,11,45,440,14,,47.137,-1.504,Plein jour,Hors agglomération,Hors intersection,Normale,Deux véhicules - frontale,,,,,,,,,,,1,1,1,1.0,1
201400001697,0014-08-10 23:30:00,14,8,10,23,30,440,216,61 route de l'hommetiere,46.976,-1.415,Nuit sans éclairage public,En agglomération,Hors intersection,Normale,Deux véhicules - frontale,,,,,,,,,,,3,2,1,1.0,1
201400001698,0014-09-06 20:30:00,14,9,6,20,30,440,64,rue de la margerie,,,Crépuscule ou aube,En agglomération,Hors intersection,Normale,Deux véhicules - frontale,,,,,,,,,,,2,2,1,1.0,1