accident_id,datetime,annee,mois,jour,heure,minute,departement,commune_insee,adresse,latitude,longitude,luminosite,agglomeration,intersection,meteo,collision,nb_vehicules,nb_usagers,nb_indemnes,nb_tues,nb_blesses_hosp,nb_blesses_legers,age_cond_1,age_cond_2,veh_type_cond_1,veh_type_cond_2,lum_code,agg_code,int_code,atm_code,col_code
201400001699,0014-10-20 07:30:00,14,10,20,7,30,440,2,la croix moutar,,,Crépuscule ou aube,Hors agglomération,Hors intersection,Normale,Trois véhicules et plus - en chaîne,,,,,,,,,,,2,1,1,1.0,4
201400001700,0014-10-30 12:45:00,14,10,30,12,45,440,165,,47.042,-1.323,Plein jour,Hors agglomération,Hors intersection,Normale,Autre collision,,,,,,,,,,,1,1,1,1.0,6
201400001701,0014-11-09 09:30:00,14,11,9,9,30,440,100,51 coursay,,,Crépuscule ou aube,Hors agglomération,Hors intersection,Normale,Autre collision,,,,,,,,,,,2,1,1,1.0,6
201400001702,0014-03-19 14:45:00,14,3,19,14,45,440,81,La garrelière,46.905,-1.564,Plein jour,Hors agglomération,Hors intersection,Normale,Deux véhicules - frontale,,,,,,,,,,,1,1,1,1.0,1
201400001703,0014-04-02 15:00:00,14,4,2,15,0,440,83,carrefour des Jarries,,,Plein jour,Hors agglomération,Intersection en X,Normale,Deux véhicules - côté,,,,,,,,,,,1,1,2,1.0,3
201400001704,0014-07-10 22:00:00,14,7,10,22,0,440,188,la garoterie,,,Nuit sans éclairage public,Hors agglomération,Hors intersection,Normale,Autre collision,,,,,,,,,,,3,1,1,1.0,6
201400001705,0014-07-14 01:00:00,14,7,14,1,0,440,155,les borderies,,,Nuit sans éclairage public,Hors agglomération,Hors intersection,Normale,Autre collision,,,,,,,,,,,3,1,1,1.0,6
201400001706,0014-08-07 15:30:00,14,8,7,15,30,440,81,,46.887,-1.623,Plein jour,Hors agglomération,Hors intersection,Normale,Autre collision,,,,,,,,,,,1,1,1,1.0,6
201400001707,0014-02-12 21:45:00,14,2,12,21,45,440,140,La Doricière,,,Nuit sans éclairage public,Hors agglomération,Hors intersection,Pluie légère,Sans collision,,,,,,,,,,,3,1,1,2.0,7
201400001708,0014-05-09 14:30:00,14,5,9,14,30,440,84,le moulin de douet rouar,,,Plein jour,Hors agglomération,Hors intersection,Normale,Deux véhicules - côté,,,,,,,,,,,1,1,1,1.0,3
201400001709,0014-06-14 08:45:00,14,6,14,8,45,440,169,,,,Plein jour,Hors agglomération,Hors intersection,Normale,Deux véhicules - côté,,,,,,,,,,,1,1,1,1.0,3
201400001710,0014-07-08 07:15:00,14,7,8,7,15,440,169,fort gautier,,,Plein jour,Hors agglomération,Hors intersection,Normale,Deux véhicules - arrière,,,,,,,,,,,1,1,1,1.0,2
201400001711,0014-03-31 11:15:00,14,3,31,11,15,440,215,bd luc dejoie,,,Plein jour,En agglomération,Giratoire,Normale,Deux véhicules - côté,,,,,,,,,,,1,2,6,1.0,3
201400001712,0014-05-15 01:15:00,14,5,15,1,15,440,215,bd auguste priou,,,Nuit sans éclairage public,Hors agglomération,Hors intersection,Normale,Deux véhicules - frontale,,,,,,,,,,,3,1,1,1.0,1
201400001713,0014-05-25 17:30:00,14,5,25,17,30,440,215,route de la gare,,,Plein jour,En agglomération,Hors intersection,Normale,Deux véhicules - arrière,,,,,,,,,,,1,2,1,1.0,2
201400001714,0014-07-18 21:00:00,14,7,18,21,0,440,198,rue  petite meilleraie,,,Plein jour,En agglomération,Hors intersection,Normale,Autre collision,,,,,,,,,,,1,2,1,1.0,6
201400001715,0014-08-19 19:45:00,14,8,19,19,45,440,198,la cour neuve,,,Plein jour,Hors agglomération,Hors intersection,Normale,Autre collision,,,,,,,,,,,1,1,1,1.0,6
201400001716,0014-09-12 16:30:00,14,9,12,16,30,440,215,route des pegers,,,Plein jour,Hors agglomération,Intersection en X,Normale,Deux véhicules - côté,,,,,,,,,,,1,1,2,1.0,3
201400001717,0014-11-06 07:45:00,14,11,6,7,45,440,215,boulevard de l'Europe,,,Plein jour,En agglomération,Hors intersection,Normale,Autre collision,,,,,,,,,,,1,2,1,1.0,6
201400001718,0014-12-18 18:30:00,14,12,18,18,30,440,215,route de la gare,,,Nuit avec éclairage allumé,En agglomération,Hors intersection,Temps couvert,Autre collision,,,,,,,,,,,5,2,1,8.0,6
201400001719,0014-01-18 06:15:00,14,1,18,6,15,440,134,la coicauderie,47.474,-1.156,Nuit sans éclairage public,Hors agglomération,Hors intersection,Normale,Sans collision,,,,,,,,,,,3,1,1,1.0,7
201400001720,0014-04-13 17:15:00,14,4,13,17,15,440,213,Maison neuve,47.44,-1.899,Plein jour,Hors agglomération,Hors intersection,Normale,Sans collision,,,,,,,,,,,1,1,1,1.0,7
201400001721,0014-08-24 07:15:00,14,8,24,7,15,440,213,,,,Plein jour,Hors agglomération,Hors intersection,Normale,Deux véhicules - frontale,,,,,,,,,,,1,1,1,1.0,1
201400001722,0014-09-04 04:45:00,14,9,4,4,45,440,163,,47.402,-1.076,Nuit sans éclairage public,Hors agglomération,Intersection en X,Normale,Deux véhicules - côté,,,,,,,,,,,3,1,2,1.0,3
201400001723,0014-10-04 12:30:00,14,10,4,12,30,440,180,rue Cossé Brissac,,,Plein jour,En agglomération,Giratoire,Normale,Deux véhicules - côté,,,,,,,,,,,1,2,6,1.0,3
201400001724,0014-10-23 14:15:00,14,10,23,14,15,440,219,les thuyas,47.562,-1.046,Plein jour,Hors agglomération,Hors intersection,Normale,Deux véhicules - frontale,,,,,,,,,,,1,1,1,1.0,1
201400001725,0014-12-14 09:15:00,14,12,14,9,15,440,219,,,,Plein jour,Hors agglomération,Hors intersection,Brouillard / fumée,Autre collision,,,,,,,,,,,1,1,1,5.0,6
201400001726,0014-03-14 18:45:00,14,3,14,18,45,440,169,rte des patures,,,Plein jour,Hors agglomération,Hors intersection,Normale,Deux véhicules - côté,,,,,,,,,,,1,1,1,1.0,3
201400001727,0014-09-25 19:00:00,14,9,25,19,0,440,84,la potardière,,,Plein jour,Hors agglomération,Hors intersection,Temps éblouissant,Autre collision,,,,,,,,,,,1,1,1,7.0,6
201400001728,0014-01-18 23:45:00,14,1,18,23,45,440,115,le patis fichet,,,Nuit sans éclairage public,Hors agglomération,Hors intersection,Normale,Autre collision,,,,,,,,,,,3,1,1,1.0,6
201400001729,0014-02-02 09:00:00,14,2,2,9,0,440,118,,,,Plein jour,Hors agglomération,Hors intersection,Temps éblouissant,Deux véhicules - arrière,,,,,,,,,,,1,1,1,7.0,2
201400001730,0014-04-04 19:30:00,14,4,4,19,30,440,28,Le Caunier,,,Plein jour,Hors agglomération,Hors intersection,Normale,Autre collision,,,,,,,,,,,1,1,1,1.0,6
201400001731,0014-05-19 18:15:00,14,5,19,18,15,440,77,Le calvaire de lucinière,,,Plein jour,Hors agglomération,Hors intersection,Normale,Deux véhicules - côté,,,,,,,,,,,1,1,1,1.0,3
201400001732,0014-07-04 14:45:00,14,7,4,14,45,440,115,les ecoubleres,,,Plein jour,Hors agglomération,Autre intersection,Normale,Deux véhicules - côté,,,,,,,,,,,1,1,9,1.0,3
201400001733,0014-01-14 09:00:00,14,1,14,9,0,440,36,rue de l'?galit?,,,Plein jour,En agglomération,Hors intersection,Normale,Autre collision,,,,,,,,,,,1,2,1,1.0,6
201400001734,0014-01-20 16:45:00,14,1,20,16,45,440,99,la basillais,47.629,-1.363,Plein jour,Hors agglomération,Hors intersection,Temps éblouissant,Autre collision,,,,,,,,,,,1,1,1,7.0,6
201400001735,0014-02-27 16:15:00,14,2,27,16,15,440,36,rue alsace lorraine,,,Plein jour,En agglomération,Hors intersection,Normale,Autre collision,,,,,,,,,,,1,2,1,1.0,6
201400001736,0014-05-04 01:00:00,14,5,4,1,0,440,54,le chatelier,,,Nuit sans éclairage public,Hors agglomération,Hors intersection,Normale,Autre collision,,,,,,,,,,,3,1,1,1.0,6
201400001737,0014-07-24 23:45:00,14,7,24,23,45,440,146,la motte,,,Nuit sans éclairage public,Hors agglomération,Hors intersection,Normale,Sans collision,,,,,,,,,,,3,1,1,1.0,7
201400001738,0014-09-13 10:45:00,14,9,13,10,45,440,36,saint andré,,,Plein jour,Hors agglomération,Hors intersection,Temps éblouissant,Autre collision,,,,,,,,,,,1,1,1,7.0,6
201400001739,0014-01-08 19:00:00,14,1,8,19,0,440,23,,47.423,-1.895,Nuit sans éclairage public,Hors agglomération,Intersection en X,Pluie légère,Deux véhicules - côté,,,,,,,,,,,3,1,2,2.0,3
201400001740,0014-01-11 09:30:00,14,1,11,9,30,440,15,la miltais,47.492,-1.742,Plein jour,Hors agglomération,Hors intersection,Normale,Deux véhicules - frontale,,,,,,,,,,,1,1,1,1.0,1
201400001741,0014-01-13 14:45:00,14,1,13,14,45,440,128,,47.521,-1.887,Plein jour,Hors agglomération,Intersection en X,Pluie légère,Deux véhicules - côté,,,,,,,,,,,1,1,2,2.0,3
201400001742,0014-02-10 07:30:00,14,2,10,7,30,440,67,La croix rouge,47.632,-1.844,Nuit sans éclairage public,Hors agglomération,Hors intersection,Pluie légère,Deux véhicules - côté,,,,,,,,,,,3,1,1,2.0,3
201400001743,0014-03-28 13:15:00,14,3,28,13,15,440,91,1 ROUTE DE VAY,47.597,-1.683,Plein jour,En agglomération,Hors intersection,Pluie légère,Autre collision,,,,,,,,,,,1,2,1,2.0,6
201400001744,0014-04-25 15:00:00,14,4,25,15,0,440,23,La Duty,47.417,-1.914,Plein jour,Hors agglomération,Hors intersection,Normale,Autre collision,,,,,,,,,,,1,1,1,1.0,6
201400001745,0014-04-27 02:00:00,14,4,27,2,0,440,56,la rivière des landes,47.413,-1.746,Nuit sans éclairage public,Hors agglomération,Hors intersection,Pluie légère,Autre collision,,,,,,,,,,,3,1,1,2.0,6
201400001746,0014-06-26 17:45:00,14,6,26,17,45,440,62,rue de la matrais,,,Plein jour,Hors agglomération,Hors intersection,Normale,Autre collision,,,,,,,,,,,1,1,1,1.0,6
201400001747,0014-07-29 13:30:00,14,7,29,13,30,440,111,la primais,,,Plein jour,Hors agglomération,Hors intersection,Normale,Sans collision,,,,,,,,,,,1,1,1,1.0,7
201400001748,0014-10-07 19:30:00,14,10,7,19,30,440,128,beauséjour,,,Nuit avec éclairage allumé,Hors agglomération,Hors intersection,Normale,Deux véhicules - arrière,,,,,,,,,,,5,1,1,1.0,2
201400001749,0014-11-16 00:15:00,14,11,16,0,15,440,185,,,,Nuit sans éclairage public,Hors agglomération,Hors intersection,Pluie légère,Deux véhicules - frontale,,,,,,,,,,,3,1,1,2.0,1
201400001750,0014-11-16 09:30:00,14,11,16,9,30,440,67,le trenon-besle sur vila,,,Nuit sans éclairage public,Hors agglomération,Hors intersection,Normale,Autre collision,,,,,,,,,,,3,1,1,1.0,6
201400001751,0014-11-26 17:45:00,14,11,26,17,45,440,67,le bois de brun,,,Crépuscule ou aube,Hors agglomération,Hors intersection,Normale,Autre collision,,,,,,,,,,,2,1,1,1.0,6
201400001752,0014-12-13 18:15:00,14,12,13,18,15,440,67,92 dastres - guenouvry,,,Nuit sans éclairage public,En agglomération,Hors intersection,Temps couvert,Autre collision,,,,,,,,,,,3,2,1,8.0,6
201400001753,0014-12-23 07:45:00,14,12,23,7,45,440,128,lancé,,,Nuit sans éclairage public,Hors agglomération,Intersection en X,Normale,Trois véhicules et plus - en chaîne,,,,,,,,,,,3,1,2,1.0,4
201400001754,0014-04-07 00:30:00,14,4,7,0,30,440,110,Le Pont du Plessis,,,Nuit sans éclairage public,Hors agglomération,Hors intersection,Normale,Autre collision,,,,,,,,,,,3,1,1,1.0,6
201400001755,0014-04-22 07:30:00,14,4,22,7,30,440,27,rue du chateau,,,Plein jour,En agglomération,Hors intersection,Normale,Deux véhicules - côté,,,,,,,,,,,1,2,1,1.0,3
201400001756,0014-05-07 17:30:00,14,5,7,17,30,440,110,rue saint georges,,,Plein jour,En agglomération,Hors intersection,Normale,Deux véhicules - côté,,,,,,,,,,,1,2,1,1.0,3
201400001757,0014-05-31 20:00:00,14,5,31,20,0,440,73,grandville,,,Crépuscule ou aube,Hors agglomération,Intersection en X,Normale,Deux véhicules - côté,,,,,,,,,,,2,1,2,1.0,3
201400001758,0014-06-03 20:30:00,14,6,3,20,30,440,122,la foucaudière,,,Crépuscule ou aube,Hors agglomération,Hors intersection,Normale,Autre collision,,,,,,,,,,,2,1,1,1.0,6
201400001759,0014-06-04 17:30:00,14,6,4,17,30,440,110,,,,Plein jour,En agglomération,Hors intersection,Normale,Autre collision,,,,,,,,,,,1,2,1,1.0,6
201400001760,0014-06-22 20:15:00,14,6,22,20,15,440,110,pt du plessis,,,Plein jour,Hors agglomération,Hors intersection,Normale,Deux véhicules - côté,,,,,,,,,,,1,1,1,1.0,3
201400001761,0014-07-04 01:15:00,14,7,4,1,15,440,179,23 rue Anna de Noailles,,,Nuit sans éclairage public,En agglomération,Hors intersection,Normale,Autre collision,,,,,,,,,,,3,2,1,1.0,6
201400001762,0014-08-22 15:45:00,14,8,22,15,45,440,110,la chapeliere,,,Plein jour,Hors agglomération,Hors intersection,Normale,Deux véhicules - côté,,,,,,,,,,,1,1,1,1.0,3
201400001763,0014-09-14 00:01:00,14,9,14,0,1,440,179,la goulière,,,Nuit sans éclairage public,Hors agglomération,Hors intersection,Normale,Deux véhicules - frontale,,,,,,,,,,,3,1,1,1.0,1
201400001764,0014-10-08 16:15:00,14,10,8,16,15,440,110,rue de l' Erdre,,,Plein jour,En agglomération,Giratoire,Pluie forte,Autre collision,,,,,,,,,,,1,2,6,3.0,6
201400001765,0014-12-12 17:45:00,14,12,12,17,45,440,110,47 rue St Georges,,,Nuit avec éclairage allumé,En agglomération,Hors intersection,Pluie légère,Autre collision,,,,,,,,,,,5,2,1,2.0,6
201400001766,0014-12-23 18:00:00,14,12,23,18,0,440,73,,,,Nuit sans éclairage public,Hors agglomération,Intersection en X,Pluie légère,Autre collision,,,,,,,,,,,3,1,2,2.0,6
201400001767,0014-12-24 20:30:00,14,12,24,20,30,440,179,le grand patis,,,Nuit sans éclairage public,Hors agglomération,Hors intersection,Pluie légère,Deux véhicules - frontale,,,,,,,,,,,3,1,1,2.0,1
201400001768,0014-04-03 07:30:00,14,4,3,7,30,440,86,La gibotière,,,Crépuscule ou aube,Hors agglomération,Hors intersection,Pluie légère,Trois véhicules et plus - collisions multiples,,,,,,,,,,,2,1,1,2.0,5
201400001769,0014-04-19 18:15:00,14,4,19,18,15,440,113,place de l'eglise,,,Plein jour,En agglomération,Hors intersection,Normale,Autre collision,,,,,,,,,,,1,2,1,1.0,6
201400001770,0014-06-21 17:30:00,14,6,21,17,30,440,51,rue de la salle des fete,,,Plein jour,En agglomération,Intersection en T,Normale,Deux véhicules - frontale,,,,,,,,,,,1,2,3,1.0,1
201400001771,0014-07-02 16:45:00,14,7,2,16,45,440,76,La butte,,,Plein jour,Hors agglomération,Hors intersection,Normale,Autre collision,,,,,,,,,,,1,1,1,1.0,6
201400001772,0014-07-08 15:30:00,14,7,8,15,30,440,193,la madeleine,,,Plein jour,Hors agglomération,Hors intersection,Normale,Deux véhicules - frontale,,,,,,,,,,,1,1,1,1.0,1
201400001773,0014-07-12 16:30:00,14,7,12,16,30,440,149,le coudrais,,,Plein jour,Hors agglomération,Hors intersection,Normale,Deux véhicules - frontale,,,,,,,,,,,1,1,1,1.0,1
201400001774,0014-07-28 09:45:00,14,7,28,9,45,440,149,les ormes,,,Plein jour,Hors agglomération,Hors intersection,Normale,Deux véhicules - frontale,,,,,,,,,,,1,1,1,1.0,1
201400001775,0014-10-22 08:15:00,14,10,22,8,15,440,149,,,,Plein jour,Hors agglomération,Intersection en X,Normale,Deux véhicules - côté,,,,,,,,,,,1,1,2,1.0,3
201400001776,0014-09-13 03:45:00,14,9,13,3,45,440,67,guenouvry,,,Nuit sans éclairage public,Hors agglomération,Hors intersection,Normale,Autre collision,,,,,,,,,,,3,1,1,1.0,6
201400001777,0014-01-25 09:00:00,14,1,25,9,0,440,130,viais,,,Plein jour,Hors agglomération,Hors intersection,Pluie légère,Autre collision,,,,,,,,,,,1,1,1,2.0,6
201400001778,0014-05-15 17:00:00,14,5,15,17,0,440,18,les mimosas,,,Plein jour,Hors agglomération,Hors intersection,Normale,Deux véhicules - frontale,,,,,,,,,,,1,1,1,1.0,1
201400001779,0014-07-29 08:15:00,14,7,29,8,15,440,171,le moulin cassé,,,Plein jour,Hors agglomération,Hors intersection,Normale,Deux véhicules - arrière,,,,,,,,,,,1,1,1,1.0,2
201400001780,0014-08-02 23:15:00,14,8,2,23,15,440,24,rue de la chaussée,,,Nuit sans éclairage public,Hors agglomération,Hors intersection,Normale,Autre collision,,,,,,,,,,,3,1,1,1.0,6
201400001781,0014-08-14 16:30:00,14,8,14,16,30,440,150,rte du champ de foire,,,Plein jour,En agglomération,Hors intersection,Normale,Deux véhicules - côté,,,,,,,,,,,1,2,1,1.0,3
201400001782,0014-08-23 04:30:00,14,8,23,4,30,440,39,,,,Nuit sans éclairage public,Hors agglomération,Hors intersection,Normale,Trois véhicules et plus - collisions multiples,,,,,,,,,,,3,1,1,1.0,5
201400001783,0014-09-06 04:30:00,14,9,6,4,30,440,24,,,,Nuit sans éclairage public,Hors agglomération,Hors intersection,Normale,Deux véhicules - arrière,,,,,,,,,,,3,1,1,1.0,2
201400001784,0014-10-18 15:30:00,14,10,18,15,30,440,150,,,,Crépuscule ou aube,Hors agglomération,Hors intersection,Normale,Autre collision,,,,,,,,,,,2,1,1,1.0,6
201400001785,0014-11-18 16:45:00,14,11,18,16,45,440,18,rue de la borne seize,,,Plein jour,Hors agglomération,Hors intersection,Normale,Deux véhicules - frontale,,,,,,,,,,,1,1,1,1.0,1
201400001786,0014-11-28 18:30:00,14,11,28,18,30,440,130,D11 - Rue de la Roche,,,Nuit avec éclairage allumé,En agglomération,Hors intersection,Normale,Deux véhicules - côté,,,,,,,,,,,5,2,1,1.0,3
201400001787,0014-11-29 17:00:00,14,11,29,17,0,440,18,la desiree RD 751A,,,Plein jour,En agglomération,Hors intersection,Normale,Deux véhicules - côté,,,,,,,,,,,1,2,1,1.0,3
201400001788,0014-12-04 08:00:00,14,12,4,8,0,440,130,,,,Nuit sans éclairage public,Hors agglomération,Giratoire,Normale,Deux véhicules - côté,,,,,,,,,,,3,1,6,1.0,3
201400001789,0014-01-09 13:45:00,14,1,9,13,45,440,131,,,,Plein jour,Hors agglomération,Intersection en Y,Normale,Trois véhicules et plus - collisions multiples,,,,,,,,,,,1,1,4,1.0,5
201400001790,0014-01-14 12:15:00,14,1,14,12,15,440,131,Marais mainguy,,,Plein jour,Hors agglomération,Hors intersection,Normale,Deux véhicules - arrière,,,,,,,,,,,1,1,1,1.0,2
201400001791,0014-02-24 17:00:00,14,2,24,17,0,440,131,,,,Plein jour,Hors agglomération,Hors intersection,Normale,Deux véhicules - arrière,,,,,,,,,,,1,1,1,1.0,2
201400001792,0014-03-29 09:45:00,14,3,29,9,45,440,40,,,,Plein jour,Hors agglomération,Hors intersection,Normale,Autre collision,,,,,,,,,,,1,1,1,1.0,6
201400001793,0014-05-05 09:00:00,14,5,5,9,0,440,131,,,,Plein jour,Hors agglomération,Hors intersection,Normale,Deux véhicules - côté,,,,,,,,,,,1,1,1,1.0,3
201400001794,0014-05-04 11:15:00,14,5,4,11,15,440,131,Route de la Rog?re,,,Plein jour,En agglomération,Hors intersection,Normale,Deux véhicules - côté,,,,,,,,,,,1,2,1,1.0,3
201400001795,0014-05-16 16:45:00,14,5,16,16,45,440,126,Rue de la Croix Mouraud,,,Plein jour,En agglomération,Giratoire,Normale,Deux véhicules - côté,,,,,,,,,,,1,2,6,1.0,3
201400001796,0014-06-09 18:30:00,14,6,9,18,30,440,131,,,,Plein jour,Hors agglomération,Hors intersection,Normale,Deux véhicules - frontale,,,,,,,,,,,1,1,1,1.0,1
201400001797,0014-06-26 18:00:00,14,6,26,18,0,440,136,le bois roux,,,Plein jour,Hors agglomération,Hors intersection,Normale,Deux véhicules - côté,,,,,,,,,,,1,1,1,1.0,3
201400001798,0014-07-15 00:45:00,14,7,15,0,45,440,126,54 boulevard de l'Océan,,,Nuit avec éclairage allumé,En agglomération,Hors intersection,Normale,Autre collision,,,,,,,,,,,5,2,1,1.0,6
201400001799,0014-08-06 02:45:00,14,8,6,2,45,440,106,,,,Nuit sans éclairage public,Hors agglomération,Hors intersection,Normale,Autre collision,,,,,,,,,,,3,1,1,1.0,6
201400001800,0014-01-26 15:30:00,14,1,26,15,30,440,5,rue de pornic,,,Plein jour,En agglomération,Intersection en X,Pluie légère,Deux véhicules - côté,,,,,,,,,,,1,2,2,2.0,3
201400001801,0014-02-20 04:00:00,14,2,20,4,0,440,46,Le grand perret,,,Nuit sans éclairage public,Hors agglomération,Hors intersection,Normale,Autre collision,,,,,,,,,,,3,1,1,1.0,6
201400001802,0014-02-23 15:00:00,14,2,23,15,0,440,154,boulevard de l'Oc?an,,,Plein jour,En agglomération,Hors intersection,Normale,Deux véhicules - côté,,,,,,,,,,,1,2,1,1.0,3
201400001803,0014-02-24 23:00:00,14,2,24,23,0,440,154,,,,Nuit sans éclairage public,Hors agglomération,Hors intersection,Normale,Autre collision,,,,,,,,,,,3,1,1,1.0,6
201400001804,0014-03-30 12:45:00,14,3,30,12,45,440,187,le pont neuf,,,Plein jour,Hors agglomération,Intersection en T,Normale,Trois véhicules et plus - en chaîne,,,,,,,,,,,1,1,3,1.0,4
201400001805,0014-06-03 15:30:00,14,6,3,15,30,440,154,Place de la victoire,,,Plein jour,En agglomération,Hors intersection,Pluie légère,Autre collision,,,,,,,,,,,1,2,1,2.0,6
201400001806,0014-06-08 19:15:00,14,6,8,19,15,440,61,,,,Plein jour,Hors agglomération,Intersection en X,Normale,Deux véhicules - côté,,,,,,,,,,,1,1,2,1.0,3
201400001807,0014-07-28 14:00:00,14,7,28,14,0,440,187,les biais,,,Plein jour,Hors agglomération,Hors intersection,Temps couvert,Deux véhicules - frontale,,,,,,,,,,,1,1,1,8.0,1
201400001808,0014-08-19 10:30:00,14,8,19,10,30,440,46,les cassis,,,Plein jour,Hors agglomération,Intersection en X,Normale,Deux véhicules - côté,,,,,,,,,,,1,1,2,1.0,3
201400001809,0014-08-31 10:00:00,14,8,31,10,0,440,61,la rousseliere,,,Plein jour,Hors agglomération,Hors intersection,Normale,Autre collision,,,,,,,,,,,1,1,1,1.0,6
201400001810,0014-09-20 06:00:00,14,9,20,6,0,440,46,,,,Nuit sans éclairage public,Hors agglomération,Hors intersection,Normale,Sans collision,,,,,,,,,,,3,1,1,1.0,7
201400001811,0014-09-28 01:00:00,14,9,28,1,0,440,187,rue de st michel,,,Nuit avec éclairage non allumé,En agglomération,Hors intersection,Normale,Deux véhicules - arrière,,,,,,,,,,,4,2,1,1.0,2
201400001812,0014-10-08 18:00:00,14,10,8,18,0,440,187,PARKING RUE BLANDEAU,,,Plein jour,En agglomération,Hors intersection,Pluie légère,Autre collision,,,,,,,,,,,1,2,1,2.0,6
201400001813,0014-10-22 12:45:00,14,10,22,12,45,440,38,chauve la brenière,,,Plein jour,Hors agglomération,Hors intersection,Normale,Deux véhicules - côté,,,,,,,,,,,1,1,1,1.0,3
201400001814,0014-10-26 17:30:00,14,10,26,17,30,440,46,la croix,,,Plein jour,Hors agglomération,Hors intersection,Normale,Deux véhicules - côté,,,,,,,,,,,1,1,1,1.0,3
201400001815,0014-12-23 17:30:00,14,12,23,17,30,440,154,la grognais,,,Nuit sans éclairage public,Hors agglomération,Intersection en X,Normale,Deux véhicules - côté,,,,,,,,,,,3,1,2,1.0,3
201400001816,0014-03-02 17:45:00,14,3,2,17,45,440,87,,,,Crépuscule ou aube,Hors agglomération,Hors intersection,Pluie forte,Deux véhicules - frontale,,,,,,,,,,,2,1,1,3.0,1
201400001817,0014-03-25 17:30:00,14,3,25,17,30,440,133,beau vent de mer,47.136,-1.806,Plein jour,Hors agglomération,Hors intersection,Pluie forte,Trois véhicules et plus - collisions multiples,,,,,,,,,,,1,1,1,3.0,5
201400001818,0014-04-25 18:45:00,14,4,25,18,45,440,87,rue des capucins,,,Plein jour,Hors agglomération,Hors intersection,Normale,Deux véhicules - côté,,,,,,,,,,,1,1,1,1.0,3
201400001819,0014-05-03 23:45:00,14,5,3,23,45,440,181,le champ joseph,,,Nuit sans éclairage public,Hors agglomération,Hors intersection,Normale,Sans collision,,,,,,,,,,,3,1,1,1.0,7
201400001820,0014-05-04 17:45:00,14,5,4,17,45,440,220,les dodinières,47.182,-1.928,Plein jour,Hors agglomération,Hors intersection,Normale,Deux véhicules - frontale,,,,,,,,,,,1,1,1,1.0,1
201400001821,0014-06-17 02:30:00,14,6,17,2,30,440,119,la grande talonnière,,,Nuit sans éclairage public,Hors agglomération,Hors intersection,Normale,Sans collision,,,,,,,,,,,3,1,1,1.0,7
201400001822,0014-07-12 16:45:00,14,7,12,16,45,440,133,le moulin de beauvais,,,Plein jour,Hors agglomération,Hors intersection,Normale,Trois véhicules et plus - collisions multiples,,,,,,,,,,,1,1,1,1.0,5
201400001823,0014-07-28 15:30:00,14,7,28,15,30,440,133,,47.134,-1.745,Plein jour,Hors agglomération,Hors intersection,Pluie forte,Trois véhicules et plus - collisions multiples,,,,,,,,,,,1,1,1,3.0,5
201400001824,0014-08-21 08:30:00,14,8,21,8,30,440,90,,,,Plein jour,Hors agglomération,Hors intersection,Normale,Trois véhicules et plus - collisions multiples,,,,,,,,,,,1,1,1,1.0,5
201400001825,0014-08-22 17:45:00,14,8,22,17,45,440,157,8 la Pierre Blanche,,,Plein jour,En agglomération,Autre intersection,Normale,Deux véhicules - côté,,,,,,,,,,,1,2,9,1.0,3
201400001826,0014-08-30 13:45:00,14,8,30,13,45,440,119,les brosses,,,Plein jour,Hors agglomération,Hors intersection,Normale,Autre collision,,,,,,,,,,,1,1,1,1.0,6
201400001827,0014-10-24 10:45:00,14,10,24,10,45,440,87,Rue de NANTES,,,Plein jour,En agglomération,Hors intersection,Normale,Deux véhicules - arrière,,,,,,,,,,,1,2,1,1.0,2
201400001828,0014-11-23 11:45:00,14,11,23,11,45,440,145,le buzon,47.179,-1.813,Plein jour,Hors agglomération,Hors intersection,Pluie légère,Autre collision,,,,,,,,,,,1,1,1,2.0,6
201400001829,0014-01-03 08:15:00,14,1,3,8,15,440,47,1 bd de la liberation,,,Crépuscule ou aube,En agglomération,Hors intersection,Pluie légère,Autre collision,,,,,,,,,,,2,2,1,2.0,6
201400001830,0014-01-30 11:00:00,14,1,30,11,0,440,47,Bd des martyrs,,,Plein jour,En agglomération,Autre intersection,Pluie légère,Deux véhicules - frontale,,,,,,,,,,,1,2,9,2.0,1
201400001831,0014-02-19 20:30:00,14,2,19,20,30,440,47,La barrière noire,,,Nuit sans éclairage public,Hors agglomération,Autre intersection,Pluie légère,Deux véhicules - frontale,,,,,,,,,,,3,1,9,2.0,1