accident_id,datetime,annee,mois,jour,heure,minute,departement,commune_insee,adresse,latitude,longitude,luminosite,agglomeration,intersection,meteo,collision,nb_vehicules,nb_usagers,nb_indemnes,nb_tues,nb_blesses_hosp,nb_blesses_legers,age_cond_1,age_cond_2,veh_type_cond_1,veh_type_cond_2,lum_code,agg_code,int_code,atm_code,col_code
201400001832,0014-05-29 14:15:00,14,5,29,14,15,440,47,La guinière,,,Plein jour,Hors agglomération,Hors intersection,Normale,Trois véhicules et plus - collisions multiples,,,,,,,,,,,1,1,1,1.0,5
201400001833,0014-01-19 06:30:00,14,1,19,6,30,440,69,,,,Nuit sans éclairage public,Hors agglomération,Hors intersection,Temps couvert,Deux véhicules - frontale,,,,,,,,,,,3,1,1,8.0,1
201400001834,0014-01-21 15:15:00,14,1,21,15,15,440,69,,,,Plein jour,Hors agglomération,Hors intersection,Pluie légère,Autre collision,,,,,,,,,,,1,1,1,2.0,6
201400001835,0014-01-23 07:30:00,14,1,23,7,30,440,151,rue des ecotais,,,Nuit avec éclairage allumé,Hors agglomération,Hors intersection,Normale,Deux véhicules - côté,,,,,,,,,,,5,1,1,1.0,3
201400001836,0014-05-07 19:00:00,14,5,7,19,0,440,175,,,,Plein jour,Hors agglomération,Intersection en X,Normale,Deux véhicules - arrière,,,,,,,,,,,1,1,2,1.0,2
201400001837,0014-06-17 20:00:00,14,6,17,20,0,440,69,,,,Plein jour,Hors agglomération,Hors intersection,Normale,Deux véhicules - frontale,,,,,,,,,,,1,1,1,1.0,1
201400001838,0014-07-04 20:30:00,14,7,4,20,30,440,72,Brézanvé,47.486,-2.301,Plein jour,Hors agglomération,Hors intersection,Normale,Autre collision,,,,,,,,,,,1,1,1,1.0,6
201400001839,0014-07-13 00:45:00,14,7,13,0,45,440,69,,47.289,-2.435,Nuit sans éclairage public,Hors agglomération,Hors intersection,Normale,Deux véhicules - frontale,,,,,,,,,,,3,1,1,1.0,1
201400001840,0014-07-25 07:45:00,14,7,25,7,45,440,175,,47.391,-2.323,Plein jour,Hors agglomération,Hors intersection,Normale,Deux véhicules - côté,,,,,,,,,,,1,1,1,1.0,3
201400001841,0014-08-17 10:45:00,14,8,17,10,45,440,97,rte de pen loc,,,Plein jour,Hors agglomération,Hors intersection,Normale,Deux véhicules - côté,,,,,,,,,,,1,1,1,1.0,3
201400001842,0014-10-03 09:45:00,14,10,3,9,45,440,175,trecrelin,,,Plein jour,Hors agglomération,Hors intersection,Normale,Trois véhicules et plus - collisions multiples,,,,,,,,,,,1,1,1,1.0,5
201400001843,0014-10-23 18:30:00,14,10,23,18,30,440,6,lieu-dit PONT-MAHE,,,Crépuscule ou aube,En agglomération,Hors intersection,Normale,Autre collision,,,,,,,,,,,2,2,1,1.0,6
201400001844,0014-11-20 07:15:00,14,11,20,7,15,440,69,faubourg Sainte Anne,,,Nuit avec éclairage allumé,En agglomération,Intersection en X,Normale,Deux véhicules - côté,,,,,,,,,,,5,2,2,1.0,3
201400001845,0014-12-07 14:00:00,14,12,7,14,0,440,175,rue le mouchoir,,,Plein jour,Hors agglomération,Hors intersection,Temps couvert,Autre collision,,,,,,,,,,,1,1,1,8.0,6
201400001846,0014-12-28 16:30:00,14,12,28,16,30,440,183,le pigeon blanc,,,Plein jour,Hors agglomération,Intersection en X,Normale,Deux véhicules - côté,,,,,,,,,,,1,1,2,1.0,3
201400001847,0014-01-29 12:15:00,14,1,29,12,15,440,52,ZI JOUY D100,47.321,-2.072,Plein jour,En agglomération,Giratoire,Normale,Autre collision,,,,,,,,,,,1,2,6,1.0,6
201400001848,0014-06-18 02:00:00,14,6,18,2,0,440,210,,47.309,-2.205,Nuit avec éclairage non allumé,Hors agglomération,Giratoire,Normale,Sans collision,,,,,,,,,,,4,1,6,1.0,7
201400001849,0014-09-24 23:00:00,14,9,24,23,0,440,52,l'ardivais,47.384,-2.09399,Nuit sans éclairage public,Hors agglomération,Intersection en X,Normale,Deux véhicules - côté,,,,,,,,,,,3,1,2,1.0,3
201400001850,0014-10-23 19:30:00,14,10,23,19,30,440,103,rue des grandes rivieres,,,Nuit sans éclairage public,Hors agglomération,Giratoire,Normale,Autre collision,,,,,,,,,,,3,1,6,1.0,6
201400001851,0014-10-27 10:15:00,14,10,27,10,15,440,52,Avenue de la Gare,,,Plein jour,En agglomération,Hors intersection,Normale,Autre collision,,,,,,,,,,,1,2,1,1.0,6
201400001852,0014-11-28 19:30:00,14,11,28,19,30,440,210,rd pt de certé,,,Nuit avec éclairage allumé,Hors agglomération,Giratoire,Normale,Autre collision,,,,,,,,,,,5,1,6,1.0,6
201400001853,0014-12-27 15:30:00,14,12,27,15,30,440,210,rd pt de certé,,,Nuit sans éclairage public,Hors agglomération,Giratoire,Normale,Autre collision,,,,,,,,,,,3,1,6,1.0,6
201400001854,0014-03-15 16:30:00,14,3,15,16,30,440,152,la miretterie,,,Plein jour,Hors agglomération,Hors intersection,Normale,Autre collision,,,,,,,,,,,1,1,1,1.0,6
201400001855,0014-03-18 18:30:00,14,3,18,18,30,440,98,La croix de haut,47.505,-2.132,Plein jour,Hors agglomération,Hors intersection,Normale,Deux véhicules - arrière,,,,,,,,,,,1,1,1,1.0,2
201400001856,0014-03-22 08:00:00,14,3,22,8,0,440,68,l'alouette,,,Plein jour,Hors agglomération,Hors intersection,Normale,Autre collision,,,,,,,,,,,1,1,1,1.0,6
201400001857,0014-05-08 10:00:00,14,5,8,10,0,440,161,La Chauvelais,47.51,-2.04199,Plein jour,Hors agglomération,Hors intersection,Normale,Trois véhicules et plus - collisions multiples,,,,,,,,,,,1,1,1,1.0,5
201400001858,0014-09-28 12:00:00,14,9,28,12,0,440,68,BEL AIR,47.54,-1.998,Plein jour,Hors agglomération,Hors intersection,Normale,Autre collision,,,,,,,,,,,1,1,1,1.0,6
201400001859,0014-10-26 13:45:00,14,10,26,13,45,440,196,les landes du bourg,,,Plein jour,Hors agglomération,Hors intersection,Normale,Sans collision,,,,,,,,,,,1,1,1,1.0,7
201400001860,0014-11-14 17:30:00,14,11,14,17,30,440,98,bergon,,,Nuit avec éclairage allumé,Hors agglomération,Hors intersection,Temps couvert,Autre collision,,,,,,,,,,,5,1,1,8.0,6
201400001861,0014-12-02 11:45:00,14,12,2,11,45,440,129,rue de la Cadivais,47.44,-2.087,Plein jour,En agglomération,Hors intersection,Normale,Deux véhicules - frontale,,,,,,,,,,,1,2,1,1.0,1
201400001862,0014-12-13 05:45:00,14,12,13,5,45,440,50,la peltrais,,,Nuit sans éclairage public,Hors agglomération,Hors intersection,Pluie forte,Autre collision,,,,,,,,,,,3,1,1,3.0,6
201400001863,0014-01-25 13:45:00,14,1,25,13,45,440,194,les naudieres,,,Plein jour,Hors agglomération,Hors intersection,Normale,Autre collision,,,,,,,,,,,1,1,1,1.0,6
201400001864,0014-03-16 10:30:00,14,3,16,10,30,440,194,RUE DE BRETAGNE,,,Plein jour,En agglomération,Giratoire,Normale,Autre collision,,,,,,,,,,,1,2,6,1.0,6
201400001865,0014-06-28 09:45:00,14,6,28,9,45,440,158,la coulée du chaud,,,Plein jour,Hors agglomération,Hors intersection,Pluie légère,Trois véhicules et plus - en chaîne,,,,,,,,,,,1,1,1,2.0,4
201400001866,0014-10-07 09:00:00,14,10,7,9,0,440,217,rue anne de bretagne,,,Plein jour,Hors agglomération,Hors intersection,Normale,Deux véhicules - arrière,,,,,,,,,,,1,1,1,1.0,2
201400001867,0014-11-15 15:45:00,14,11,15,15,45,440,194,rue de brumberne,,,Plein jour,En agglomération,Hors intersection,Normale,Autre collision,,,,,,,,,,,1,2,1,1.0,6
201400001868,0014-10-13 09:30:00,14,10,13,9,30,440,195,rue joseph Desmars,,,Plein jour,En agglomération,Hors intersection,Temps éblouissant,Autre collision,,,,,,,,,,,1,2,1,7.0,6
201400001869,0014-11-25 20:15:00,14,11,25,20,15,440,195,la foret,47.345,-1.957,Nuit sans éclairage public,Hors agglomération,Hors intersection,Pluie légère,Deux véhicules - frontale,,,,,,,,,,,3,1,1,2.0,1
201400001870,0014-12-19 19:15:00,14,12,19,19,15,490,20,rond point de decathlon,47.46798,-0.62059,Nuit sans éclairage public,En agglomération,Giratoire,Pluie forte,Autre collision,,,,,,,,,,,3,2,6,3.0,6
201400001871,0014-01-16 22:30:00,14,1,16,22,30,490,106,La croix blanche,47.47213,-0.36656,Nuit sans éclairage public,Hors agglomération,Hors intersection,Pluie légère,Autre collision,,,,,,,,,,,3,1,1,2.0,6
201400001872,0014-04-28 12:00:00,14,4,28,12,0,490,280,,47.50635,-0.21862,Plein jour,Hors agglomération,Hors intersection,Temps couvert,Autre collision,,,,,,,,,,,1,1,1,8.0,6
201400001873,0014-05-28 20:30:00,14,5,28,20,30,490,194,5 chemin Angevins,47.45571,-0.26651,Plein jour,En agglomération,Hors intersection,Normale,Deux véhicules - côté,,,,,,,,,,,1,2,1,1.0,3
201400001874,0014-06-09 19:15:00,14,6,9,19,15,490,194,,47.46076,-0.28592,Plein jour,Hors agglomération,Intersection en T,Normale,Deux véhicules - côté,,,,,,,,,,,1,1,3,1.0,3
201400001875,0014-06-29 12:00:00,14,6,29,12,0,490,106,,47.47469,-0.34036,Plein jour,Hors agglomération,Giratoire,Normale,Deux véhicules - arrière,,,,,,,,,,,1,1,6,1.0,2
201400001876,0014-08-01 11:45:00,14,8,1,11,45,490,194,Grolleau / billauderie,47.4723,-0.30243,Plein jour,Hors agglomération,Intersection en X,Normale,Deux véhicules - côté,,,,,,,,,,,1,1,2,1.0,3
201400001877,0014-09-11 17:15:00,14,9,11,17,15,490,49,,47.451,-0.16144,Plein jour,Hors agglomération,Intersection en X,Normale,Deux véhicules - côté,,,,,,,,,,,1,1,2,1.0,3
201400001878,0014-10-24 07:15:00,14,10,24,7,15,490,194,,47.45138,-0.26329,Crépuscule ou aube,Hors agglomération,Intersection en T,Temps couvert,Deux véhicules - côté,,,,,,,,,,,2,1,3,8.0,3
201400001879,0014-11-28 16:00:00,14,11,28,16,0,490,194,Route de la roche,47.47264,-0.28246,Plein jour,Hors agglomération,Intersection en X,Normale,Deux véhicules - côté,,,,,,,,,,,1,1,2,1.0,3
201400001880,0014-12-14 12:00:00,14,12,14,12,0,490,194,Route de Gardamont,47.4727,-0.28237,Plein jour,Hors agglomération,Intersection en X,Normale,Deux véhicules - côté,,,,,,,,,,,1,1,2,1.0,3
201400001881,0014-03-27 17:30:00,14,3,27,17,30,490,222,Le point du jour,47.37082,-0.55876,Plein jour,Hors agglomération,Hors intersection,Normale,Trois véhicules et plus - collisions multiples,,,,,,,,,,,1,1,1,1.0,5
201400001882,0014-05-18 08:15:00,14,5,18,8,15,490,86,,47.28247,-0.45287,Plein jour,Hors agglomération,Hors intersection,Normale,Autre collision,,,,,,,,,,,1,1,1,1.0,6
201400001883,0014-06-07 10:30:00,14,6,7,10,30,490,290,52 rue St Almand,47.39887,-0.45102,Plein jour,En agglomération,Hors intersection,Normale,Deux véhicules - frontale,,,,,,,,,,,1,2,1,1.0,1
201400001884,0014-06-13 15:00:00,14,6,13,15,0,490,318,,47.36995,-0.42709,Plein jour,Hors agglomération,Hors intersection,Normale,Deux véhicules - frontale,,,,,,,,,,,1,1,1,1.0,1
201400001885,0014-08-05 07:45:00,14,8,5,7,45,490,22,,47.32072,-0.59954,Plein jour,Hors agglomération,Hors intersection,Normale,Deux véhicules - frontale,,,,,,,,,,,1,1,1,1.0,1
201400001886,0014-08-28 19:30:00,14,8,28,19,30,490,363,,47.3505,-0.45866,Plein jour,Hors agglomération,Hors intersection,Normale,Deux véhicules - côté,,,,,,,,,,,1,1,1,1.0,3
201400001887,0014-09-29 07:15:00,14,9,29,7,15,490,338,,47.34339,-0.51736,Nuit sans éclairage public,Hors agglomération,Hors intersection,Normale,Deux véhicules - frontale,,,,,,,,,,,3,1,1,1.0,1
201400001888,0014-10-06 03:00:00,14,10,6,3,0,490,317,,47.39686,-0.33206,Nuit sans éclairage public,Hors agglomération,Hors intersection,Normale,Sans collision,,,,,,,,,,,3,1,1,1.0,7
201400001889,0014-10-06 17:45:00,14,10,6,17,45,490,345,Rue Bonnezeaux,47.26716,-0.49908,Plein jour,En agglomération,Intersection en X,Pluie légère,Deux véhicules - côté,,,,,,,,,,,1,2,2,2.0,3
201400001890,0014-11-08 07:45:00,14,11,8,7,45,490,308,Route de Poitiers,47.39801,-0.50899,Crépuscule ou aube,Hors agglomération,Hors intersection,Normale,Autre collision,,,,,,,,,,,2,1,1,1.0,6
201400001891,0014-11-23 00:45:00,14,11,23,0,45,490,308,Bretelle C,47.39967,-0.51538,Nuit sans éclairage public,Hors agglomération,Hors intersection,Normale,Deux véhicules - frontale,,,,,,,,,,,3,1,1,1.0,1
201400001892,0014-12-10 00:45:00,14,12,10,0,45,490,338,Les Baluères,47.38038,-0.52454,Nuit sans éclairage public,Hors agglomération,Hors intersection,Normale,Sans collision,,,,,,,,,,,3,1,1,1.0,7
201400001893,0014-12-08 18:45:00,14,12,8,18,45,490,22,,47.31288,-0.59572,Nuit avec éclairage allumé,En agglomération,Autre intersection,Normale,Autre collision,,,,,,,,,,,5,2,9,1.0,6
201400001894,0014-10-06 17:15:00,14,10,6,17,15,490,238,blitourne,47.52914,-0.43375,Plein jour,En agglomération,Hors intersection,Temps couvert,Deux véhicules - arrière,,,,,,,,,,,1,2,1,8.0,2
201400001895,0014-10-14 18:30:00,14,10,14,18,30,490,377,Rue Jean de Rely,47.55085,-0.43033,Plein jour,En agglomération,Hors intersection,Normale,Sans collision,,,,,,,,,,,1,2,1,1.0,7
201400001896,0014-06-01 01:30:00,14,6,1,1,30,490,283,rue nationale,47.40874,-0.7607,Nuit avec éclairage allumé,En agglomération,Hors intersection,Normale,Autre collision,,,,,,,,,,,5,2,1,1.0,6
201400001897,0014-06-04 08:15:00,14,6,4,8,15,490,68,,47.41235,-0.85483,Plein jour,Hors agglomération,Intersection en X,Pluie légère,Deux véhicules - côté,,,,,,,,,,,1,1,2,2.0,3
201400001898,0014-09-05 18:00:00,14,9,5,18,0,490,283,Le clos Guinebault,47.33746,-0.75099,Plein jour,Hors agglomération,Hors intersection,Normale,Deux véhicules - côté,,,,,,,,,,,1,1,1,1.0,3
201400001899,0014-10-27 18:15:00,14,10,27,18,15,490,82,,47.33994,-0.71053,Nuit avec éclairage allumé,Hors agglomération,Hors intersection,Normale,Deux véhicules - côté,,,,,,,,,,,5,1,1,1.0,3
201400001900,0014-11-09 10:45:00,14,11,9,10,45,490,259,,47.34015,-0.64602,Plein jour,Hors agglomération,Hors intersection,Normale,Deux véhicules - frontale,,,,,,,,,,,1,1,1,1.0,1
201400001901,0014-11-10 00:15:00,14,11,10,0,15,490,63,36 bis avenue de la gare,47.34847,-0.74709,Nuit sans éclairage public,En agglomération,Hors intersection,Normale,Autre collision,,,,,,,,,,,3,2,1,1.0,6
201400001902,0014-07-17 17:00:00,14,7,17,17,0,490,333,,47.56877,-0.33278,Plein jour,Hors agglomération,Hors intersection,Normale,Deux véhicules - frontale,,,,,,,,,,,1,1,1,1.0,1
201400001903,0014-10-19 18:00:00,14,10,19,18,0,490,220,,47.74931,-0.41064,Plein jour,Hors agglomération,Autre intersection,Normale,Deux véhicules - côté,,,,,,,,,,,1,1,9,1.0,3
201400001904,0014-11-23 19:00:00,14,11,23,19,0,490,257,La carriere,47.65614,-0.22129,Nuit sans éclairage public,Hors agglomération,Hors intersection,Temps couvert,Sans collision,,,,,,,,,,,3,1,1,8.0,7
201400001905,0014-01-25 05:00:00,14,1,25,5,0,490,23,16 rue du moulin foulon,47.20172,-0.97814,Nuit avec éclairage allumé,En agglomération,Hors intersection,Pluie légère,Autre collision,,,,,,,,,,,5,2,1,2.0,6
201400001906,0014-02-02 15:15:00,14,2,2,15,15,490,243,,47.23369,-0.93436,Plein jour,Hors agglomération,Intersection en X,Normale,Deux véhicules - frontale,,,,,,,,,,,1,1,2,1.0,1
201400001907,0014-04-28 00:01:00,14,4,28,0,1,490,6,Tuevache,47.17839,-0.96216,Nuit sans éclairage public,Hors agglomération,Hors intersection,Normale,Sans collision,,,,,,,,,,,3,1,1,1.0,7
201400001908,0014-06-23 11:15:00,14,6,23,11,15,490,23,Le petit angibou,47.22068,-1.00154,Plein jour,Hors agglomération,Hors intersection,Normale,Deux véhicules - frontale,,,,,,,,,,,1,1,1,1.0,1
201400001909,0014-07-26 11:00:00,14,7,26,11,0,490,151,40 rue de bretagne,47.18187,-1.11383,Plein jour,En agglomération,Hors intersection,Normale,Deux véhicules - côté,,,,,,,,,,,1,2,1,1.0,3
201400001910,0014-08-01 20:20:00,14,8,1,20,20,490,23,9 Bd general de Gaulle,47.20149,-0.9964,Plein jour,En agglomération,Hors intersection,Normale,Deux véhicules - côté,,,,,,,,,,,1,2,1,1.0,3
201400001911,0014-10-29 15:00:00,14,10,29,15,0,490,6,Tuevache,47.17796,-0.96163,Crépuscule ou aube,Hors agglomération,Hors intersection,Normale,Deux véhicules - frontale,,,,,,,,,,,2,1,1,1.0,1
201400001912,0014-11-22 15:00:00,14,11,22,15,0,490,23,77 rue des Mauges,47.20153,-0.99389,Plein jour,En agglomération,Hors intersection,Normale,Deux véhicules - côté,,,,,,,,,,,1,2,1,1.0,3
201400001913,0014-04-03 20:45:00,14,4,3,20,45,490,192,,47.01535,-0.74471,Nuit sans éclairage public,Hors agglomération,Hors intersection,Pluie forte,Autre collision,,,,,,,,,,,3,1,1,3.0,6
201400001914,0014-04-22 22:00:00,14,4,22,22,0,490,92,Rue Croix Renaudeau,47.21488,-0.71131,Nuit avec éclairage allumé,En agglomération,Hors intersection,Normale,Autre collision,,,,,,,,,,,5,2,1,1.0,6
201400001915,0014-05-12 15:15:00,14,5,12,15,15,490,355,Monbault,47.10014,-0.81636,Plein jour,Hors agglomération,Hors intersection,Normale,Deux véhicules - frontale,,,,,,,,,,,1,1,1,1.0,1
201400001916,0014-05-17 04:45:00,14,5,17,4,45,490,92,La Guerche,47.21282,-0.77772,Nuit sans éclairage public,Hors agglomération,Hors intersection,Normale,Autre collision,,,,,,,,,,,3,1,1,1.0,6
201400001917,0014-08-26 07:30:00,14,8,26,7,30,490,281,La Brosse Neuve,47.1822,-0.74613,Plein jour,Hors agglomération,Hors intersection,Normale,Deux véhicules - côté,,,,,,,,,,,1,1,1,1.0,3
201400001918,0014-09-30 23:30:00,14,9,30,23,30,490,343,La Marchaisière,46.98969,-0.84286,Nuit sans éclairage public,Hors agglomération,Giratoire,Normale,Autre collision,,,,,,,,,,,3,1,6,1.0,6
201400001919,0014-10-30 03:15:00,14,10,30,3,15,490,281,,47.16284,-0.73873,Nuit sans éclairage public,Hors agglomération,Hors intersection,Normale,Autre collision,,,,,,,,,,,3,1,1,1.0,6
201400001920,0014-11-11 00:15:00,14,11,11,0,15,490,381,,47.0131,-0.71465,Nuit sans éclairage public,Hors agglomération,Hors intersection,Normale,Deux véhicules - frontale,,,,,,,,,,,3,1,1,1.0,1
201400001921,0014-11-16 22:00:00,14,11,16,22,0,490,268,La Beniviere,47.29223,-0.84965,Nuit sans éclairage public,Hors agglomération,Hors intersection,Pluie légère,Autre collision,,,,,,,,,,,3,1,1,2.0,6
201400001922,0014-11-23 00:15:00,14,11,23,0,15,490,192,,47.03534,-0.80415,Nuit sans éclairage public,Hors agglomération,Hors intersection,Normale,Autre collision,,,,,,,,,,,3,1,1,1.0,6
201400001923,0014-12-08 17:30:00,14,12,8,17,30,490,92,255 bis rue nationale,47.20517,-0.72822,Crépuscule ou aube,En agglomération,Hors intersection,Normale,Deux véhicules - côté,,,,,,,,,,,2,2,1,1.0,3
201400001924,0014-02-02 00:45:00,14,2,2,0,45,490,273,La Gat,47.1024,-1.22281,Nuit sans éclairage public,Hors agglomération,Hors intersection,Pluie légère,Sans collision,,,,,,,,,,,3,1,1,2.0,7
201400001925,0014-03-31 11:00:00,14,3,31,11,0,490,332,04 RUE DU SACRE COEUR,47.06504,-0.93671,Plein jour,En agglomération,Hors intersection,Normale,Autre collision,,,,,,,,,,,1,2,1,1.0,6
201400001926,0014-05-28 23:00:00,14,5,28,23,0,490,301,,47.13325,-0.99092,Nuit sans éclairage public,Hors agglomération,Hors intersection,Normale,Autre collision,,,,,,,,,,,3,1,1,1.0,6
201400001927,0014-06-02 18:15:00,14,6,2,18,15,490,264,1 rue louis braille,47.09636,-1.00468,Plein jour,Hors agglomération,Autre intersection,Normale,Autre collision,,,,,,,,,,,1,1,9,1.0,6
201400001928,0014-06-18 17:30:00,14,6,18,17,30,490,332,AVENUE DE NANTES,47.05979,-0.94042,Plein jour,En agglomération,Hors intersection,Temps éblouissant,Deux véhicules - côté,,,,,,,,,,,1,2,1,7.0,3
201400001929,0014-07-29 14:30:00,14,7,29,14,30,490,349,Carrefour RD-223 - RD-63,47.14461,-1.16423,Plein jour,En agglomération,Intersection en X,Normale,Deux véhicules - côté,,,,,,,,,,,1,2,2,1.0,3
201400001930,0014-09-08 10:30:00,14,9,8,10,30,490,264,La Censie,47.09953,-1.00541,Plein jour,Hors agglomération,Hors intersection,Normale,Deux véhicules - frontale,,,,,,,,,,,1,1,1,1.0,1
201400001931,0014-09-08 15:30:00,14,9,8,15,30,490,332,,47.08733,-0.98098,Plein jour,Hors agglomération,Hors intersection,Normale,Deux véhicules - arrière,,,,,,,,,,,1,1,1,1.0,2
201400001932,0014-09-25 19:30:00,14,9,25,19,30,490,27,,47.13851,-0.91843,Crépuscule ou aube,Hors agglomération,Hors intersection,Temps éblouissant,Autre collision,,,,,,,,,,,2,1,1,7.0,6
201400001933,0014-12-10 08:15:00,14,12,10,8,15,490,301,"42, bd du 11 novembre",47.12062,-0.98982,Crépuscule ou aube,En agglomération,Hors intersection,Pluie légère,Autre collision,,,,,,,,,,,2,2,1,2.0,6
201400001934,0014-02-15 08:45:00,14,2,15,8,45,490,296,,47.30086,-1.16523,Plein jour,Hors agglomération,Hors intersection,Temps couvert,Sans collision,,,,,,,,,,,1,1,1,8.0,7
201400001935,0014-02-19 09:15:00,14,2,19,9,15,490,252,,47.22101,-1.1679,Plein jour,Hors agglomération,Hors intersection,Normale,Sans collision,,,,,,,,,,,1,1,1,1.0,7
201400001936,0014-03-03 12:45:00,14,3,3,12,45,490,313,,47.28368,-1.02527,Plein jour,Hors agglomération,Hors intersection,Neige / grêle,Deux véhicules - frontale,,,,,,,,,,,1,1,1,4.0,1
201400001937,0014-03-21 21:45:00,14,3,21,21,45,490,324,,47.24322,-0.99444,Nuit sans éclairage public,Hors agglomération,Hors intersection,Normale,Sans collision,,,,,,,,,,,3,1,1,1.0,7
201400001938,0014-04-25 19:15:00,14,4,25,19,15,490,177,,47.34456,-1.161,Plein jour,Hors agglomération,Hors intersection,Normale,Deux véhicules - arrière,,,,,,,,,,,1,1,1,1.0,2
201400001939,0014-05-18 19:45:00,14,5,18,19,45,490,316,Moulin Pichon,47.27719,-1.10106,Plein jour,Hors agglomération,Hors intersection,Normale,Autre collision,,,,,,,,,,,1,1,1,1.0,6
201400001940,0014-05-21 13:45:00,14,5,21,13,45,490,40,Clos de Ste Barbe,47.34144,-1.11785,Plein jour,Hors agglomération,Hors intersection,Pluie forte,Autre collision,,,,,,,,,,,1,1,1,3.0,6
201400001941,0014-05-25 12:30:00,14,5,25,12,30,490,69,,47.3449,-1.23288,Plein jour,Hors agglomération,Hors intersection,Normale,Autre collision,,,,,,,,,,,1,1,1,1.0,6
201400001942,0014-07-16 18:45:00,14,7,16,18,45,490,360,,47.31194,-1.30886,Plein jour,Hors agglomération,Hors intersection,Normale,Deux véhicules - frontale,,,,,,,,,,,1,1,1,1.0,1
201400001943,0014-07-18 18:00:00,14,7,18,18,0,490,69,avenue des 7 moulins,47.33433,-1.26383,Plein jour,En agglomération,Giratoire,Normale,Deux véhicules - frontale,,,,,,,,,,,1,2,6,1.0,1
201400001944,0014-07-24 00:01:00,14,7,24,0,1,490,320,La Chenaie,47.29211,-1.24804,Nuit sans éclairage public,Hors agglomération,Hors intersection,Normale,Sans collision,,,,,,,,,,,3,1,1,1.0,7
201400001945,0014-08-05 20:15:00,14,8,5,20,15,490,34,Le grand Moulin,47.32042,-1.01175,Plein jour,Hors agglomération,Hors intersection,Normale,Autre collision,,,,,,,,,,,1,1,1,1.0,6
201400001946,0014-08-10 00:15:00,14,8,10,0,15,490,316,rue de l'Evre,47.27389,-1.07583,Nuit sans éclairage public,En agglomération,Hors intersection,Pluie légère,Autre collision,,,,,,,,,,,3,2,1,2.0,6
201400001947,0014-09-06 15:30:00,14,9,6,15,30,490,276,,47.36136,-0.99248,Plein jour,Hors agglomération,Hors intersection,Normale,Deux véhicules - côté,,,,,,,,,,,1,1,1,1.0,3
201400001948,0014-09-20 09:30:00,14,9,20,9,30,490,126,,47.33318,-1.20573,Plein jour,Hors agglomération,Hors intersection,Normale,Deux véhicules - côté,,,,,,,,,,,1,1,1,1.0,3
201400001949,0014-09-26 20:15:00,14,9,26,20,15,490,34,Le grand Moulin,47.32032,-1.01184,Nuit sans éclairage public,Hors agglomération,Hors intersection,Normale,Autre collision,,,,,,,,,,,3,1,1,1.0,6
201400001950,0014-09-26 17:30:00,14,9,26,17,30,490,75,,47.33894,-1.06945,Plein jour,Hors agglomération,Hors intersection,Normale,Deux véhicules - frontale,,,,,,,,,,,1,1,1,1.0,1
201400001951,0014-11-09 16:30:00,14,11,9,16,30,490,360,La Merciere,47.31589,-1.29415,Plein jour,Hors agglomération,Hors intersection,Temps éblouissant,Deux véhicules - côté,,,,,,,,,,,1,1,1,7.0,3
201400001952,0014-11-09 21:45:00,14,11,9,21,45,490,69,La Tenoterie,47.32955,-1.25611,Nuit sans éclairage public,Hors agglomération,Hors intersection,Normale,Deux véhicules - frontale,,,,,,,,,,,3,1,1,1.0,1
201400001953,0014-11-21 21:30:00,14,11,21,21,30,490,296,,47.28541,-1.21942,Nuit sans éclairage public,Hors agglomération,Hors intersection,Normale,Autre collision,,,,,,,,,,,3,1,1,1.0,6
201400001954,0014-11-24 11:55:00,14,11,24,11,55,490,276,Route de la Boutouchere,47.35681,-1.00598,Plein jour,Hors agglomération,Hors intersection,Normale,Sans collision,,,,,,,,,,,1,1,1,1.0,7
201400001955,0014-11-26 00:15:00,14,11,26,0,15,490,83,,47.28968,-0.99013,Nuit sans éclairage public,Hors agglomération,Hors intersection,Normale,Sans collision,,,,,,,,,,,3,1,1,1.0,7
201400001956,0014-12-09 09:45:00,14,12,9,9,45,490,313,route de belleville,47.26161,-1.03561,Plein jour,En agglomération,Hors intersection,Normale,Deux véhicules - côté,,,,,,,,,,,1,2,1,1.0,3
201400001957,0014-12-16 17:45:00,14,12,16,17,45,490,296,rue de Vendée,47.28645,-1.19086,Nuit sans éclairage public,En agglomération,Hors intersection,Normale,Autre collision,,,,,,,,,,,3,2,1,1.0,6
201400001958,0014-12-23 19:45:00,14,12,23,19,45,490,177,rue du val de loire,47.34616,-1.1628,Nuit sans éclairage public,En agglomération,Hors intersection,Normale,Autre collision,,,,,,,,,,,3,2,1,1.0,6
201400001959,0014-01-17 12:45:00,14,1,17,12,45,490,234,Mon idée,47.42424,0.16658,Plein jour,Hors agglomération,Hors intersection,Normale,Deux véhicules - arrière,,,,,,,,,,,1,1,1,1.0,2