accident_id,datetime,annee,mois,jour,heure,minute,departement,commune_insee,adresse,latitude,longitude,luminosite,agglomeration,intersection,meteo,collision,nb_vehicules,nb_usagers,nb_indemnes,nb_tues,nb_blesses_hosp,nb_blesses_legers,age_cond_1,age_cond_2,veh_type_cond_1,veh_type_cond_2,lum_code,agg_code,int_code,atm_code,col_code
201400001960,0014-01-21 17:15:00,14,1,21,17,15,490,18,Av Le gouz de la boulaye,47.53727,-0.09828,Plein jour,En agglomération,Hors intersection,Normale,Trois véhicules et plus - collisions multiples,,,,,,,,,,,1,2,1,1.0,5
201400001961,0014-06-06 19:00:00,14,6,6,19,0,490,372,Le champ des pierres,47.52029,-0.11855,Plein jour,Hors agglomération,Hors intersection,Normale,Deux véhicules - frontale,,,,,,,,,,,1,1,1,1.0,1
201400001962,0014-06-17 17:30:00,14,6,17,17,30,490,116,lieu dit Brené,47.46943,-0.10208,Plein jour,Hors agglomération,Hors intersection,Normale,Deux véhicules - frontale,,,,,,,,,,,1,1,1,1.0,1
201400001963,0014-10-04 02:30:00,14,10,4,2,30,490,13,7 route de Noyant,47.51783,0.05464,Nuit sans éclairage public,En agglomération,Hors intersection,Normale,Autre collision,,,,,,,,,,,3,2,1,1.0,6
201400001964,0014-10-23 14:30:00,14,10,23,14,30,490,18,rue VICTOR HUGO,47.54001,-0.10259,Plein jour,En agglomération,Hors intersection,Normale,Deux véhicules - côté,,,,,,,,,,,1,2,1,1.0,3
201400001965,0014-11-15 12:15:00,14,11,15,12,15,490,18,13 rue Florent Papin,47.54284,-0.11073,Plein jour,En agglomération,Hors intersection,Normale,Deux véhicules - arrière,,,,,,,,,,,1,2,1,1.0,2
201400001966,0014-12-04 08:45:00,14,12,4,8,45,490,31,,47.50578,-0.10131,Plein jour,Hors agglomération,Hors intersection,Normale,Deux véhicules - frontale,,,,,,,,,,,1,1,1,1.0,1
201400001967,0014-05-05 11:15:00,14,5,5,11,15,490,373,La grange,47.13757,-0.57601,Plein jour,Hors agglomération,Hors intersection,Normale,Deux véhicules - frontale,,,,,,,,,,,1,1,1,1.0,1
201400001968,0014-08-30 18:30:00,14,8,30,18,30,490,125,Rue des fontaines,47.1958,-0.2758,Plein jour,En agglomération,Hors intersection,Normale,Autre collision,,,,,,,,,,,1,2,1,1.0,6
201400001969,0014-11-12 20:15:00,14,11,12,20,15,490,125,,47.17709,-0.26318,Nuit sans éclairage public,Hors agglomération,Hors intersection,Normale,Deux véhicules - frontale,,,,,,,,,,,3,1,1,1.0,1
201400001970,0014-12-22 23:00:00,14,12,22,23,0,490,359,Moulin cassé,47.21353,-0.1798,Nuit sans éclairage public,Hors agglomération,Hors intersection,Normale,Sans collision,,,,,,,,,,,3,1,1,1.0,7
201400001971,0014-01-02 12:15:00,14,1,2,12,15,490,361,,47.2392,0.01611,Plein jour,Hors agglomération,Hors intersection,Normale,Deux véhicules - côté,,,,,,,,,,,1,1,1,1.0,3
201400001972,0014-04-01 05:45:00,14,4,1,5,45,490,2,,47.29072,0.03583,Nuit sans éclairage public,Hors agglomération,Giratoire,Normale,Autre collision,,,,,,,,,,,3,1,6,1.0,6
201400001973,0014-04-02 12:15:00,14,4,2,12,15,490,311,La poitevinière,47.39371,-0.04027,Plein jour,Hors agglomération,Hors intersection,Normale,Deux véhicules - frontale,,,,,,,,,,,1,1,1,1.0,1
201400001974,0014-04-20 19:00:00,14,4,20,19,0,490,30,La martinière,47.3655,-0.05242,Plein jour,Hors agglomération,Hors intersection,Normale,Sans collision,,,,,,,,,,,1,1,1,1.0,7
201400001975,0014-06-20 13:00:00,14,6,20,13,0,490,180,,47.37744,-0.12544,Plein jour,Hors agglomération,Hors intersection,Temps éblouissant,Autre collision,,,,,,,,,,,1,1,1,7.0,6
201400001976,0014-06-22 17:45:00,14,6,22,17,45,490,361,Pont de Malheur,47.26329,0.05448,Plein jour,Hors agglomération,Hors intersection,Normale,Autre collision,,,,,,,,,,,1,1,1,1.0,6
201400001977,0014-07-28 10:00:00,14,7,28,10,0,490,180,station essence super U,47.37128,-0.09858,Plein jour,En agglomération,Place,Temps éblouissant,Autre collision,,,,,,,,,,,1,2,7,7.0,6
201400001978,0014-08-16 04:15:00,14,8,16,4,15,490,2,lieu dit boumelle,47.33399,0.02759,Nuit sans éclairage public,En agglomération,Hors intersection,Normale,Autre collision,,,,,,,,,,,3,2,1,1.0,6
201400001979,0014-09-13 08:30:00,14,9,13,8,30,490,45,,47.34545,0.11015,Crépuscule ou aube,Hors agglomération,Hors intersection,Normale,Autre collision,,,,,,,,,,,2,1,1,1.0,6
201400001980,0014-11-04 18:15:00,14,11,4,18,15,490,374,,47.28184,-0.02656,Nuit sans éclairage public,Hors agglomération,Hors intersection,Normale,Autre collision,,,,,,,,,,,3,1,1,1.0,6
201400001981,0014-12-08 18:15:00,14,12,8,18,15,490,304,,47.30926,-0.13853,Crépuscule ou aube,Hors agglomération,Hors intersection,Normale,Sans collision,,,,,,,,,,,2,1,1,1.0,7
201400001982,0014-03-22 15:00:00,14,3,22,15,0,490,215,,47.14757,-0.17148,Plein jour,Hors agglomération,Intersection en T,Normale,Deux véhicules - côté,,,,,,,,,,,1,1,3,1.0,3
201400001983,0014-08-28 14:30:00,14,8,28,14,30,490,364,,47.13975,-0.2258,Plein jour,Hors agglomération,Hors intersection,Normale,Sans collision,,,,,,,,,,,1,1,1,1.0,7
201400001984,0014-02-02 05:30:00,14,2,2,5,30,490,103,Rue de Bretagne,47.71491,-1.00912,Nuit sans éclairage public,En agglomération,Hors intersection,Pluie légère,Autre collision,,,,,,,,,,,3,2,1,2.0,6
201400001985,0014-05-17 23:15:00,14,5,17,23,15,490,229,,47.70886,-0.97158,Nuit sans éclairage public,Hors agglomération,Hors intersection,Normale,Sans collision,,,,,,,,,,,3,1,1,1.0,7
201400001986,0014-11-18 18:30:00,14,11,18,18,30,490,331,,47.68972,-0.86162,Nuit sans éclairage public,Hors agglomération,Hors intersection,Normale,Trois véhicules et plus - en chaîne,,,,,,,,,,,3,1,1,1.0,4
201400001987,0014-02-16 01:15:00,14,2,16,1,15,490,367,,47.59153,-0.83023,Nuit sans éclairage public,Hors agglomération,Hors intersection,Normale,Autre collision,,,,,,,,,,,3,1,1,1.0,6
201400001988,0014-03-07 05:45:00,14,3,7,5,45,490,26,La Hammonerie,47.49644,-0.77428,Nuit sans éclairage public,Hors agglomération,Intersection en T,Normale,Deux véhicules - côté,,,,,,,,,,,3,1,3,1.0,3
201400001989,0014-03-09 13:45:00,14,3,9,13,45,490,155,La tinière,47.59934,-0.72665,Plein jour,Hors agglomération,Hors intersection,Normale,Autre collision,,,,,,,,,,,1,1,1,1.0,6
201400001990,0014-03-16 13:45:00,14,3,16,13,45,490,155,rue du port,47.60144,-0.68778,Plein jour,En agglomération,Hors intersection,Normale,Sans collision,,,,,,,,,,,1,2,1,1.0,7
201400001991,0014-06-13 17:00:00,14,6,13,17,0,490,251,La Chesnaie,47.57354,-0.68273,Plein jour,Hors agglomération,Hors intersection,Normale,Deux véhicules - arrière,,,,,,,,,,,1,1,1,1.0,2
201400001992,0014-06-22 14:30:00,14,6,22,14,30,490,266,rue St Germain des prés,47.45992,-0.79477,Plein jour,En agglomération,Hors intersection,Normale,Autre collision,,,,,,,,,,,1,2,1,1.0,6
201400001993,0014-01-16 07:45:00,14,1,16,7,45,490,347,,47.62632,-0.45101,Nuit avec éclairage non allumé,Hors agglomération,Intersection en X,Temps couvert,Deux véhicules - côté,,,,,,,,,,,4,1,2,8.0,3
201400001994,0014-03-14 17:30:00,14,3,14,17,30,490,80,avenue de gaulle,47.68219,-0.49169,Plein jour,En agglomération,Intersection en X,Normale,Deux véhicules - côté,,,,,,,,,,,1,2,2,1.0,3
201400001995,0014-04-04 09:00:00,14,4,4,9,0,490,96,La Bonnelière,47.71416,-0.57129,Plein jour,Hors agglomération,Hors intersection,Normale,Autre collision,,,,,,,,,,,1,1,1,1.0,6
201400001996,0014-05-07 05:45:00,14,5,7,5,45,490,337,Les Barres,47.59691,-0.41971,Crépuscule ou aube,Hors agglomération,Hors intersection,Normale,Autre collision,,,,,,,,,,,2,1,1,1.0,6
201400001997,0014-07-02 17:45:00,14,7,2,17,45,490,90,,47.60601,-0.52041,Plein jour,Hors agglomération,Hors intersection,Normale,Sans collision,,,,,,,,,,,1,1,1,1.0,7
201400001998,0014-09-03 15:30:00,14,9,3,15,30,490,189,,47.72885,-0.60008,Plein jour,Hors agglomération,Hors intersection,Normale,Deux véhicules - frontale,,,,,,,,,,,1,1,1,1.0,1
201400001999,0014-09-21 20:45:00,14,9,21,20,45,490,347,,47.6176,-0.43417,Nuit sans éclairage public,Hors agglomération,Hors intersection,Normale,Autre collision,,,,,,,,,,,3,1,1,1.0,6
201400002000,0014-09-25 13:45:00,14,9,25,13,45,490,347,,47.62636,-0.45098,Plein jour,Hors agglomération,Hors intersection,Normale,Deux véhicules - côté,,,,,,,,,,,1,1,1,1.0,3
201400002001,0014-09-30 17:45:00,14,9,30,17,45,490,339,,47.57526,-0.53302,Plein jour,Hors agglomération,Hors intersection,Temps éblouissant,Deux véhicules - frontale,,,,,,,,,,,1,1,1,7.0,1
201400002002,0014-11-06 18:00:00,14,11,6,18,0,490,347,rue du bourg joly,47.61458,-0.4655,Nuit avec éclairage allumé,En agglomération,Hors intersection,Normale,Deux véhicules - côté,,,,,,,,,,,5,2,1,1.0,3
201400002003,0014-11-18 17:00:00,14,11,18,17,0,490,347,,47.62636,-0.451,Plein jour,Hors agglomération,Hors intersection,Normale,Deux véhicules - côté,,,,,,,,,,,1,1,1,1.0,3
201400002004,0014-04-26 14:45:00,14,4,26,14,45,530,1,,48.03596,-0.89757,Plein jour,Hors agglomération,Intersection en X,Normale,Deux véhicules - côté,,,,,,,,,,,1,1,2,1.0,3
201400002005,0014-05-03 13:15:00,14,5,3,13,15,530,1,,48.02698,-0.85593,Plein jour,Hors agglomération,Hors intersection,Normale,Autre collision,,,,,,,,,,,1,1,1,1.0,6
201400002006,0014-07-13 06:00:00,14,7,13,6,0,530,158,,47.98864,-0.95292,Crépuscule ou aube,Hors agglomération,Hors intersection,Normale,Autre collision,,,,,,,,,,,2,1,1,1.0,6
201400002007,0014-10-30 10:15:00,14,10,30,10,15,530,94,,,,Plein jour,Hors agglomération,Hors intersection,Normale,Deux véhicules - frontale,,,,,,,,,,,1,1,1,1.0,1
201400002008,0014-11-19 12:15:00,14,11,19,12,15,530,168,RUE DU MOULIN,47.98691,-0.78044,Plein jour,En agglomération,Hors intersection,Normale,Deux véhicules - côté,,,,,,,,,,,1,2,1,1.0,3
201400002009,0014-05-17 19:45:00,14,5,17,19,45,530,140,le landerieau,48.1074,-0.70278,Plein jour,En agglomération,Hors intersection,Normale,Sans collision,,,,,,,,,,,1,2,1,1.0,7
201400002010,0014-05-18 17:30:00,14,5,18,17,30,530,267,,48.0357,-0.47106,Plein jour,En agglomération,Hors intersection,Normale,Autre collision,,,,,,,,,,,1,2,1,1.0,6
201400002011,0014-09-22 16:15:00,14,9,22,16,15,530,140,rue nationale,48.11978,-0.72311,Plein jour,En agglomération,Giratoire,Normale,Deux véhicules - arrière,,,,,,,,,,,1,2,6,1.0,2
201400002012,0014-10-15 15:15:00,14,10,15,15,15,530,67,,47.96632,-0.43221,Plein jour,Hors agglomération,Hors intersection,Normale,Sans collision,,,,,,,,,,,1,1,1,1.0,7
201400002013,0014-12-13 09:15:00,14,12,13,9,15,530,262,,48.06151,-0.58848,Nuit sans éclairage public,Hors agglomération,Hors intersection,Pluie forte,Trois véhicules et plus - collisions multiples,,,,,,,,,,,3,1,1,3.0,5
201400002014,0014-12-26 18:00:00,14,12,26,18,0,530,140,,48.15025,-0.69631,Nuit sans éclairage public,Hors agglomération,Hors intersection,Pluie forte,Autre collision,,,,,,,,,,,3,1,1,3.0,6
201400002015,0014-04-05 06:30:00,14,4,5,6,30,530,97,passage ? niveau 145,48.15758,-0.47654,Nuit avec éclairage allumé,En agglomération,Passage à niveau,Normale,Sans collision,,,,,,,,,,,5,2,8,1.0,7
201400002016,0014-04-26 17:45:00,14,4,26,17,45,530,218,avenue des sports,48.19732,-0.37396,Plein jour,En agglomération,Intersection en X,Normale,Deux véhicules - côté,,,,,,,,,,,1,2,2,1.0,3
201400002017,0014-05-15 20:15:00,14,5,15,20,15,530,265,,48.09303,-0.23648,Plein jour,Hors agglomération,Hors intersection,Temps éblouissant,Sans collision,,,,,,,,,,,1,1,1,7.0,7
201400002018,0014-09-01 07:30:00,14,9,1,7,30,530,97,rond-point de la gare,48.15631,-0.39638,Plein jour,En agglomération,Giratoire,Normale,Deux véhicules - côté,,,,,,,,,,,1,2,6,1.0,3
201400002019,0014-09-24 18:45:00,14,9,24,18,45,530,50,,48.08202,-0.34945,Plein jour,Hors agglomération,Intersection en X,Normale,Deux véhicules - côté,,,,,,,,,,,1,1,2,1.0,3
201400002020,0014-10-09 19:45:00,14,10,9,19,45,530,205,,48.13696,-0.57885,Nuit sans éclairage public,Hors agglomération,Hors intersection,Normale,Autre collision,,,,,,,,,,,3,1,1,1.0,6
201400002021,0014-10-23 19:15:00,14,10,23,19,15,530,50,route de sainte suzanne,48.07827,-0.37541,Crépuscule ou aube,En agglomération,Hors intersection,Normale,Deux véhicules - frontale,,,,,,,,,,,2,2,1,1.0,1
201400002022,0014-10-26 01:00:00,14,10,26,1,0,530,163,,48.15706,-0.46478,Nuit sans éclairage public,Hors agglomération,Hors intersection,Normale,Deux véhicules - frontale,,,,,,,,,,,3,1,1,1.0,1
201400002023,0014-11-02 15:15:00,14,11,2,15,15,530,97,rue de Villeneuve,48.1471,-0.40062,Plein jour,En agglomération,Intersection en X,Normale,Deux véhicules - côté,,,,,,,,,,,1,2,2,1.0,3
201400002024,0014-12-04 09:45:00,14,12,4,9,45,530,97,4 route de crun,48.15684,-0.3931,Plein jour,En agglomération,Hors intersection,Normale,Deux véhicules - côté,,,,,,,,,,,1,2,1,1.0,3
201400002025,0014-12-13 09:45:00,14,12,13,9,45,530,265,,48.11298,-0.25468,Plein jour,Hors agglomération,Hors intersection,Pluie forte,Deux véhicules - côté,,,,,,,,,,,1,1,1,3.0,3
201400002026,0014-12-18 11:00:00,14,12,18,11,0,530,134,,48.12121,-0.46171,Plein jour,Hors agglomération,Intersection en X,Normale,Deux véhicules - frontale,,,,,,,,,,,1,1,2,1.0,1
201400002027,0014-01-04 06:15:00,14,1,4,6,15,530,27,,47.90681,-0.45061,Nuit sans éclairage public,Hors agglomération,Hors intersection,Pluie légère,Sans collision,,,,,,,,,,,3,1,1,2.0,7
201400002028,0014-01-24 19:00:00,14,1,24,19,0,530,210,,47.79981,-0.43159,Nuit sans éclairage public,Hors agglomération,Hors intersection,Pluie forte,Trois véhicules et plus - collisions multiples,,,,,,,,,,,3,1,1,3.0,5
201400002029,0014-03-22 00:45:00,14,3,22,0,45,530,210,,47.80144,-0.44393,Nuit sans éclairage public,Hors agglomération,Hors intersection,Normale,Deux véhicules - frontale,,,,,,,,,,,3,1,1,1.0,1
201400002030,0014-06-19 15:45:00,14,6,19,15,45,530,17,rue de l'Abbé Angot,47.92677,-0.41464,Plein jour,En agglomération,Autre intersection,Normale,Deux véhicules - arrière,,,,,,,,,,,1,2,9,1.0,2
201400002031,0014-07-25 17:30:00,14,7,25,17,30,530,233,,47.89105,-0.41976,Plein jour,En agglomération,Hors intersection,Normale,Deux véhicules - frontale,,,,,,,,,,,1,2,1,1.0,1
201400002032,0014-08-23 10:00:00,14,8,23,10,0,530,62,13 Av. Division Leclerc,47.83517,-0.71869,Plein jour,En agglomération,Hors intersection,Normale,Autre collision,,,,,,,,,,,1,2,1,1.0,6
201400002033,0014-09-05 17:30:00,14,9,5,17,30,530,29,,47.80516,-0.51437,Plein jour,Hors agglomération,Hors intersection,Normale,Sans collision,,,,,,,,,,,1,1,1,1.0,7
201400002034,0014-09-18 12:15:00,14,9,18,12,15,530,62,rue jean mermoz,47.83011,-0.69389,Plein jour,En agglomération,Intersection en X,Normale,Deux véhicules - côté,,,,,,,,,,,1,2,2,1.0,3
201400002035,0014-09-20 01:15:00,14,9,20,1,15,530,62,46 av marechal joffre,47.82993,-0.6945,Nuit avec éclairage allumé,En agglomération,Hors intersection,Normale,Autre collision,,,,,,,,,,,5,2,1,1.0,6
201400002036,0014-10-10 07:30:00,14,10,10,7,30,530,62,rue pierre et marie curi,47.83487,-0.69783,Crépuscule ou aube,En agglomération,Hors intersection,Normale,Deux véhicules - côté,,,,,,,,,,,2,2,1,1.0,3
201400002037,0014-10-13 16:15:00,14,10,13,16,15,530,215,,47.78937,-0.70847,Plein jour,Hors agglomération,Hors intersection,Normale,Trois véhicules et plus - collisions multiples,,,,,,,,,,,1,1,1,1.0,5
201400002038,0014-11-24 12:45:00,14,11,24,12,45,530,184,,47.93413,-0.44622,Plein jour,Hors agglomération,Hors intersection,Temps couvert,Deux véhicules - frontale,,,,,,,,,,,1,1,1,8.0,1
201400002039,0014-12-05 18:45:00,14,12,5,18,45,530,62,Avenue Georges Pomidou,47.82323,-0.69774,Nuit avec éclairage allumé,En agglomération,Giratoire,Normale,Deux véhicules - côté,,,,,,,,,,,5,2,6,1.0,3
201400002040,0014-01-02 18:00:00,14,1,2,18,0,530,75,,47.92289,-0.87836,Nuit sans éclairage public,Hors agglomération,Hors intersection,Temps couvert,Deux véhicules - frontale,,,,,,,,,,,3,1,1,8.0,1
201400002041,0014-06-29 18:00:00,14,6,29,18,0,530,180,,47.8179,-0.87004,Plein jour,Hors agglomération,Hors intersection,Normale,Trois véhicules et plus - collisions multiples,,,,,,,,,,,1,1,1,1.0,5
201400002042,0014-08-31 14:30:00,14,8,31,14,30,530,128,la charroyère,47.94162,-1.07045,Plein jour,Hors agglomération,Hors intersection,Normale,Sans collision,,,,,,,,,,,1,1,1,1.0,7
201400002043,0014-09-05 07:15:00,14,9,5,7,15,530,188,rue de Laubini?re,47.79721,-1.05575,Plein jour,En agglomération,Hors intersection,Normale,Deux véhicules - côté,,,,,,,,,,,1,2,1,1.0,3
201400002044,0014-09-12 11:15:00,14,9,12,11,15,530,197,,47.86226,-1.13221,Plein jour,Hors agglomération,Hors intersection,Normale,Deux véhicules - côté,,,,,,,,,,,1,1,1,1.0,3
201400002045,0014-09-19 08:00:00,14,9,19,8,0,530,35,,47.83029,-0.99226,Crépuscule ou aube,Hors agglomération,Intersection en X,Pluie forte,Deux véhicules - frontale,,,,,,,,,,,2,1,2,3.0,1
201400002046,0014-10-03 17:15:00,14,10,3,17,15,530,84,,47.86454,-0.91831,Plein jour,En agglomération,Hors intersection,Normale,Sans collision,,,,,,,,,,,1,2,1,1.0,7
201400002047,0014-11-23 13:45:00,14,11,23,13,45,530,77,,47.96203,-0.90851,Plein jour,Hors agglomération,Hors intersection,Normale,Deux véhicules - frontale,,,,,,,,,,,1,1,1,1.0,1
201400002048,0014-12-14 16:30:00,14,12,14,16,30,530,77,,47.95433,-0.9356,Plein jour,Hors agglomération,Hors intersection,Brouillard / fumée,Trois véhicules et plus - collisions multiples,,,,,,,,,,,1,1,1,5.0,5
201400002049,0014-03-30 04:45:00,14,3,30,4,45,530,122,,48.26291,-0.5052,Nuit sans éclairage public,Hors agglomération,Hors intersection,Normale,Sans collision,,,,,,,,,,,3,1,1,1.0,7
201400002050,0014-04-22 23:30:00,14,4,22,23,30,530,147,30 Bd Jean Jaures,48.29888,-0.61755,Nuit avec éclairage allumé,En agglomération,Hors intersection,Normale,Sans collision,,,,,,,,,,,5,2,1,1.0,7
201400002051,0014-05-09 18:15:00,14,5,9,18,15,530,147,115 rue de Normandie,48.30985,-0.62299,Plein jour,En agglomération,Hors intersection,Normale,Autre collision,,,,,,,,,,,1,2,1,1.0,6
201400002052,0014-06-25 13:00:00,14,6,25,13,0,530,147,BOULEVARD MENDES FRANCE,48.30784,-0.63284,Plein jour,En agglomération,Giratoire,Normale,Deux véhicules - frontale,,,,,,,,,,,1,2,6,1.0,1
201400002053,0014-07-13 18:00:00,14,7,13,18,0,530,122,,48.26405,-0.48121,Plein jour,Hors agglomération,Hors intersection,Normale,Deux véhicules - frontale,,,,,,,,,,,1,1,1,1.0,1
201400002054,0014-07-16 18:30:00,14,7,16,18,30,530,53,,48.30134,-0.34559,Plein jour,Hors agglomération,Hors intersection,Normale,Deux véhicules - côté,,,,,,,,,,,1,1,1,1.0,3
201400002055,0014-08-02 17:15:00,14,8,2,17,15,530,146,,48.18324,-0.67508,Plein jour,Hors agglomération,Hors intersection,Normale,Trois véhicules et plus - collisions multiples,,,,,,,,,,,1,1,1,1.0,5
201400002056,0014-09-22 18:00:00,14,9,22,18,0,530,53,,48.27257,-0.39526,Plein jour,Hors agglomération,Hors intersection,Normale,Deux véhicules - arrière,,,,,,,,,,,1,1,1,1.0,2
201400002057,0014-10-28 18:30:00,14,10,28,18,30,530,147,29 RUE AMBROISE DE LORE,48.30645,-0.61871,Nuit avec éclairage allumé,En agglomération,Hors intersection,Normale,Autre collision,,,,,,,,,,,5,2,1,1.0,6
201400002058,0014-11-13 18:15:00,14,11,13,18,15,530,23,,48.17148,-0.58113,Nuit sans éclairage public,Hors agglomération,Hors intersection,Temps couvert,Deux véhicules - arrière,,,,,,,,,,,3,1,1,8.0,2
201400002059,0014-03-07 19:45:00,14,3,7,19,45,530,115,,48.43139,-0.85072,Nuit sans éclairage public,Hors agglomération,Hors intersection,Normale,Autre collision,,,,,,,,,,,3,1,1,1.0,6
201400002060,0014-04-20 15:30:00,14,4,20,15,30,530,155,,48.29952,-0.88795,Plein jour,Hors agglomération,Hors intersection,Normale,Deux véhicules - côté,,,,,,,,,,,1,1,1,1.0,3
201400002061,0014-07-25 12:15:00,14,7,25,12,15,530,211,,48.36722,-0.85044,Plein jour,Hors agglomération,Intersection en X,Temps éblouissant,Deux véhicules - frontale,,,,,,,,,,,1,1,2,7.0,1
201400002062,0014-10-19 02:15:00,14,10,19,2,15,530,107,Rond point de l'Europe,48.41099,-0.80582,Nuit avec éclairage non allumé,En agglomération,Giratoire,Normale,Autre collision,,,,,,,,,,,4,2,6,1.0,6
201400002063,0014-10-30 19:15:00,14,10,30,19,15,530,42,,48.38558,-0.78798,Nuit sans éclairage public,Hors agglomération,Hors intersection,Normale,Autre collision,,,,,,,,,,,3,1,1,1.0,6
201400002064,0014-11-06 14:15:00,14,11,6,14,15,530,269,,48.30481,-0.83177,Plein jour,Hors agglomération,Intersection en X,Normale,Deux véhicules - côté,,,,,,,,,,,1,1,2,1.0,3
201400002065,0014-02-25 19:15:00,14,2,25,19,15,530,127,,48.4219,-0.52936,Nuit sans éclairage public,Hors agglomération,Hors intersection,Normale,Sans collision,,,,,,,,,,,3,1,1,1.0,7
201400002066,0014-04-23 19:00:00,14,4,23,19,0,530,51,,48.35327,-0.49362,Plein jour,Hors agglomération,Hors intersection,Pluie légère,Sans collision,,,,,,,,,,,1,1,1,2.0,7
201400002067,0014-08-30 16:15:00,14,8,30,16,15,530,216,,48.32134,-0.56834,Plein jour,Hors agglomération,Hors intersection,Normale,Autre collision,,,,,,,,,,,1,1,1,1.0,6
201400002068,0014-09-11 14:45:00,14,9,11,14,45,530,127,,48.47867,-0.43635,Plein jour,Hors agglomération,Hors intersection,Normale,Deux véhicules - côté,,,,,,,,,,,1,1,1,1.0,3
201400002069,0014-11-27 14:15:00,14,11,27,14,15,530,116,,48.40305,-0.46059,Plein jour,Hors agglomération,Intersection en X,Normale,Deux véhicules - côté,,,,,,,,,,,1,1,2,1.0,3
201400002070,0014-12-11 16:15:00,14,12,11,16,15,530,127,GRANDE RUE,48.43804,-0.49702,Plein jour,En agglomération,Hors intersection,Normale,Autre collision,,,,,,,,,,,1,2,1,1.0,6
201400002071,0014-12-14 08:30:00,14,12,14,8,30,530,116,Rue des forges,48.39753,-0.46124,Plein jour,En agglomération,Hors intersection,Autre,Autre collision,,,,,,,,,,,1,2,1,9.0,6
201400002072,0014-03-23 13:45:00,14,3,23,13,45,530,185,,48.4759,-0.16059,Plein jour,Hors agglomération,Hors intersection,Neige / grêle,Deux véhicules - frontale,,,,,,,,,,,1,1,1,4.0,1
201400002073,0014-09-24 11:45:00,14,9,24,11,45,530,121,,48.4105,-0.33037,Plein jour,Hors agglomération,Hors intersection,Normale,Autre collision,,,,,,,,,,,1,1,1,1.0,6
201400002074,0014-09-26 22:00:00,14,9,26,22,0,530,246,,48.40977,-0.06181,Nuit sans éclairage public,Hors agglomération,Hors intersection,Normale,Deux véhicules - frontale,,,,,,,,,,,3,1,1,1.0,1
201400002075,0014-10-16 09:45:00,14,10,16,9,45,530,164,,48.49127,-0.31089,Plein jour,Hors agglomération,Hors intersection,Normale,Deux véhicules - frontale,,,,,,,,,,,1,1,1,1.0,1
201400002076,0014-12-03 18:00:00,14,12,3,18,0,530,13,,48.32465,-0.20896,Nuit sans éclairage public,Hors agglomération,Hors intersection,Normale,Sans collision,,,,,,,,,,,3,1,1,1.0,7
201400002077,0014-12-09 20:15:00,14,12,9,20,15,530,246,,48.38893,-0.13094,Nuit sans éclairage public,Hors agglomération,Hors intersection,Normale,Autre collision,,,,,,,,,,,3,1,1,1.0,6
201400002078,0014-12-12 23:00:00,14,12,12,23,0,530,223,,48.26373,-0.17243,Nuit sans éclairage public,Hors agglomération,Hors intersection,Pluie forte,Deux véhicules - arrière,,,,,,,,,,,3,1,1,3.0,2
201400002079,0014-09-06 00:20:00,14,9,6,0,20,10,283,6 RUE BERTHELOT,,,Nuit avec éclairage allumé,En agglomération,Hors intersection,Normale,Deux véhicules - côté,,,,,,,,,,,5,2,1,1.0,3
201400002080,0014-02-25 11:40:00,14,2,25,11,40,10,31,"43, FORGE  DE N?     A",,,Plein jour,En agglomération,Intersection en X,Normale,Deux véhicules - frontale,,,,,,,,,,,1,2,2,1.0,1
201400002081,0014-03-27 03:30:00,14,3,27,3,30,10,283,ECHALLON (RUE D'),46.2527,5.68984,Nuit sans éclairage public,Hors agglomération,Hors intersection,Normale,Sans collision,,,,,,,,,,,3,1,1,1.0,7
201400002082,0014-04-27 17:40:00,14,4,27,17,40,10,31,HUGO ( AVENUE VICTOR ),,,Plein jour,En agglomération,Hors intersection,Normale,Autre collision,,,,,,,,,,,1,2,1,1.0,6
201400002083,0014-05-11 17:45:00,14,5,11,17,45,10,283,MICHELET (RUE DU 40/27 A,46.2604,5.63649,Plein jour,En agglomération,Intersection en T,Normale,Deux véhicules - côté,,,,,,,,,,,1,2,3,1.0,3
201400002084,0014-06-09 00:01:00,14,6,9,0,1,10,283,"1, FRANCE (RUE A. DU 1/5",,,Nuit avec éclairage allumé,En agglomération,Intersection en X,Normale,Deux véhicules - côté,,,,,,,,,,,5,2,2,1.0,3
201400002085,0014-06-22 14:25:00,14,6,22,14,25,10,283,"12, BELMONT",,,Plein jour,En agglomération,Intersection en T,Normale,Deux véhicules - côté,,,,,,,,,,,1,2,3,1.0,3