accident_id,datetime,annee,mois,jour,heure,minute,departement,commune_insee,adresse,latitude,longitude,luminosite,agglomeration,intersection,meteo,collision,nb_vehicules,nb_usagers,nb_indemnes,nb_tues,nb_blesses_hosp,nb_blesses_legers,age_cond_1,age_cond_2,veh_type_cond_1,veh_type_cond_2,lum_code,agg_code,int_code,atm_code,col_code
201400002086,0014-06-07 19:50:00,14,6,7,19,50,10,283,JEANTET (PARC),,,Nuit avec éclairage non allumé,En agglomération,Hors intersection,Normale,Autre collision,,,,,,,,,,,4,2,1,1.0,6
201400002087,0014-07-16 22:05:00,14,7,16,22,5,10,14,"29, GENERAL DE GAULLE (R",46.2734,5.67447,Crépuscule ou aube,En agglomération,Hors intersection,Normale,Sans collision,,,,,,,,,,,2,2,1,1.0,7
201400002088,0014-09-21 14:25:00,14,9,21,14,25,10,283,"147, FERRY (JULES)",,,Plein jour,En agglomération,Intersection en T,Normale,Deux véhicules - côté,,,,,,,,,,,1,2,3,1.0,3
201400002089,0014-11-01 04:05:00,14,11,1,4,5,10,283,"5, CLEMENCEAU (RUE G. DU",,,Nuit avec éclairage allumé,En agglomération,Intersection en T,Autre,Deux véhicules - côté,,,,,,,,,,,5,2,3,9.0,3
201400002090,0014-07-16 20:00:00,14,7,16,20,0,720,204,,47.939,0.699,Plein jour,Hors agglomération,Intersection en X,Normale,Deux véhicules - côté,,,,,,,,,,,1,1,2,1.0,3
201400002091,0014-07-27 14:45:00,14,7,27,14,45,720,373,,48.045,0.778,Plein jour,Hors agglomération,Hors intersection,Normale,Deux véhicules - côté,,,,,,,,,,,1,1,1,1.0,3
201400002092,0014-07-30 19:15:00,14,7,30,19,15,720,158,,48.041,0.684,Plein jour,Hors agglomération,Intersection en X,Normale,Deux véhicules - frontale,,,,,,,,,,,1,1,2,1.0,1
201400002093,0014-11-05 09:00:00,14,11,5,9,0,720,42,rue de la petite charmoi,,,Plein jour,En agglomération,Hors intersection,Temps éblouissant,Deux véhicules - frontale,,,,,,,,,,,1,2,1,7.0,1
201400002094,0014-01-04 17:00:00,14,1,4,17,0,720,386,,,,Crépuscule ou aube,Hors agglomération,Giratoire,Temps couvert,Sans collision,,,,,,,,,,,2,1,6,8.0,7
201400002095,0014-01-22 15:45:00,14,1,22,15,45,720,90,,,,Plein jour,En agglomération,Hors intersection,Pluie légère,Autre collision,,,,,,,,,,,1,2,1,2.0,6
201400002096,0014-03-15 16:45:00,14,3,15,16,45,720,90,,,,Plein jour,Hors agglomération,Hors intersection,Normale,Deux véhicules - arrière,,,,,,,,,,,1,1,1,1.0,2
201400002097,0014-04-18 16:30:00,14,4,18,16,30,720,300,,,,Plein jour,Hors agglomération,Hors intersection,Normale,Deux véhicules - côté,,,,,,,,,,,1,1,1,1.0,3
201400002098,0014-05-03 20:30:00,14,5,3,20,30,720,386,,,,Plein jour,Hors agglomération,Hors intersection,Normale,Autre collision,,,,,,,,,,,1,1,1,1.0,6
201400002099,0014-06-19 07:30:00,14,6,19,7,30,720,90,25 avenue de VERDUN,,,Plein jour,En agglomération,Hors intersection,Normale,Autre collision,,,,,,,,,,,1,2,1,1.0,6
201400002100,0014-06-16 21:15:00,14,6,16,21,15,720,358,,48.05,0.526,Crépuscule ou aube,Hors agglomération,Hors intersection,Normale,Autre collision,,,,,,,,,,,2,1,1,1.0,6
201400002101,0014-07-27 22:45:00,14,7,27,22,45,720,54,14 RUE LOUIS ARAGON,48.039,0.343,Nuit sans éclairage public,En agglomération,Hors intersection,Pluie légère,Deux véhicules - arrière,,,,,,,,,,,3,2,1,2.0,2
201400002102,0014-08-08 12:30:00,14,8,8,12,30,720,300,,48.039,0.407,Plein jour,Hors agglomération,Hors intersection,Pluie légère,Deux véhicules - côté,,,,,,,,,,,1,1,1,2.0,3
201400002103,0014-08-10 22:45:00,14,8,10,22,45,720,7,,,,Nuit sans éclairage public,Hors agglomération,Hors intersection,Normale,Trois véhicules et plus - collisions multiples,,,,,,,,,,,3,1,1,1.0,5
201400002104,0014-09-08 12:00:00,14,9,8,12,0,720,358,,48.034,0.5,Plein jour,Hors agglomération,Hors intersection,Normale,Sans collision,,,,,,,,,,,1,1,1,1.0,7
201400002105,0014-12-17 09:30:00,14,12,17,9,30,720,386,,48.007,0.253,Plein jour,Hors agglomération,Hors intersection,Temps couvert,Trois véhicules et plus - collisions multiples,,,,,,,,,,,1,1,1,8.0,5
201400002106,0014-12-24 21:15:00,14,12,24,21,15,720,90,,,,Nuit sans éclairage public,Hors agglomération,Giratoire,Normale,Deux véhicules - côté,,,,,,,,,,,3,1,6,1.0,3
201400002107,0014-04-14 07:15:00,14,4,14,7,15,720,301,,,,Plein jour,Hors agglomération,Intersection en X,Normale,Deux véhicules - côté,,,,,,,,,,,1,1,2,1.0,3
201400002108,0014-06-10 14:00:00,14,6,10,14,0,720,329,,,,Plein jour,Hors agglomération,Hors intersection,Normale,Trois véhicules et plus - collisions multiples,,,,,,,,,,,1,1,1,1.0,5
201400002109,0014-06-27 05:30:00,14,6,27,5,30,720,329,,,,Crépuscule ou aube,Hors agglomération,Hors intersection,Normale,Deux véhicules - frontale,,,,,,,,,,,2,1,1,1.0,1
201400002110,0014-07-09 17:00:00,14,7,9,17,0,720,359,17 rue Saint Roch,,,Plein jour,En agglomération,Hors intersection,Normale,Sans collision,,,,,,,,,,,1,2,1,1.0,7
201400002111,0014-07-10 14:00:00,14,7,10,14,0,720,310,,,,Plein jour,Hors agglomération,Hors intersection,Normale,Deux véhicules - frontale,,,,,,,,,,,1,1,1,1.0,1
201400002112,0014-07-20 11:30:00,14,7,20,11,30,720,147,le bourg,,,Plein jour,En agglomération,Hors intersection,Normale,Autre collision,,,,,,,,,,,1,2,1,1.0,6
201400002113,0014-01-09 19:15:00,14,1,9,19,15,720,253,,47.904,0.057,Nuit avec éclairage allumé,Hors agglomération,Hors intersection,Normale,Deux véhicules - côté,,,,,,,,,,,5,1,1,1.0,3
201400002114,0014-01-22 11:45:00,14,1,22,11,45,720,381,,,,Plein jour,Hors agglomération,Hors intersection,Normale,Deux véhicules - frontale,,,,,,,,,,,1,1,1,1.0,1
201400002115,0014-05-12 17:15:00,14,5,12,17,15,720,253,,47.924,0.083,Plein jour,Hors agglomération,Hors intersection,Normale,Deux véhicules - arrière,,,,,,,,,,,1,1,1,1.0,2
201400002116,0014-05-14 12:30:00,14,5,14,12,30,720,381,,47.924,0.083,Plein jour,Hors agglomération,Hors intersection,Normale,Deux véhicules - frontale,,,,,,,,,,,1,1,1,1.0,1
201400002117,0014-05-22 10:45:00,14,5,22,10,45,720,230,,,,Plein jour,Hors agglomération,Hors intersection,Normale,Deux véhicules - côté,,,,,,,,,,,1,1,1,1.0,3
201400002118,0014-06-11 12:00:00,14,6,11,12,0,720,381,,47.937,0.09,Plein jour,Hors agglomération,Hors intersection,Normale,Deux véhicules - frontale,,,,,,,,,,,1,1,1,1.0,1
201400002119,0014-06-21 12:00:00,14,6,21,12,0,720,344,RUE d'arnage,47.91578,0.15679,Plein jour,En agglomération,Hors intersection,Normale,Sans collision,,,,,,,,,,,1,2,1,1.0,7
201400002120,0014-08-01 12:30:00,14,8,1,12,30,720,344,,,,Plein jour,Hors agglomération,Intersection en X,Normale,Trois véhicules et plus - collisions multiples,,,,,,,,,,,1,1,2,1.0,5
201400002121,0014-08-22 10:45:00,14,8,22,10,45,720,113,,,,Plein jour,Hors agglomération,Hors intersection,Normale,Deux véhicules - frontale,,,,,,,,,,,1,1,1,1.0,1
201400002122,0014-10-15 23:00:00,14,10,15,23,0,720,75,,47.926,-0.044,Nuit sans éclairage public,Hors agglomération,Hors intersection,Normale,Sans collision,,,,,,,,,,,3,1,1,1.0,7
201400002123,0014-10-21 14:15:00,14,10,21,14,15,720,96,,48.026,0.036,Plein jour,Hors agglomération,Hors intersection,Normale,Deux véhicules - côté,,,,,,,,,,,1,1,1,1.0,3
201400002124,0014-10-24 21:45:00,14,10,24,21,45,720,278,,,,Nuit sans éclairage public,Hors agglomération,Hors intersection,Normale,Autre collision,,,,,,,,,,,3,1,1,1.0,6
201400002125,0014-10-25 19:30:00,14,10,25,19,30,720,146,,47.87,0.115,Nuit sans éclairage public,Hors agglomération,Hors intersection,Brouillard / fumée,Trois véhicules et plus - collisions multiples,,,,,,,,,,,3,1,1,5.0,5
201400002126,0014-10-30 11:45:00,14,10,30,11,45,720,168,,,,Plein jour,Hors agglomération,Hors intersection,Normale,Deux véhicules - côté,,,,,,,,,,,1,1,1,1.0,3
201400002127,0014-11-05 16:30:00,14,11,5,16,30,720,344,,47.945,0.176,Plein jour,Hors agglomération,Hors intersection,Normale,Autre collision,,,,,,,,,,,1,1,1,1.0,6
201400002128,0014-11-14 19:30:00,14,11,14,19,30,720,381,,47.933,0.067,Nuit sans éclairage public,Hors agglomération,Hors intersection,Normale,Autre collision,,,,,,,,,,,3,1,1,1.0,6
201400002129,0014-12-21 10:30:00,14,12,21,10,30,720,344,,,,Plein jour,Hors agglomération,Hors intersection,Normale,Autre collision,,,,,,,,,,,1,1,1,1.0,6
201400002130,0014-01-20 07:15:00,14,1,20,7,15,720,110,,47.753,-0.153,Crépuscule ou aube,Hors agglomération,Hors intersection,Brouillard / fumée,Trois véhicules et plus - collisions multiples,,,,,,,,,,,2,1,1,5.0,5
201400002131,0014-01-21 15:30:00,14,1,21,15,30,720,110,,47.749,-0.145,Plein jour,Hors agglomération,Hors intersection,Normale,Deux véhicules - frontale,,,,,,,,,,,1,1,1,1.0,1
201400002132,0014-01-29 19:15:00,14,1,29,19,15,720,154,,47.709,-0.049,Nuit sans éclairage public,Hors agglomération,Hors intersection,Normale,Deux véhicules - côté,,,,,,,,,,,3,1,1,1.0,3
201400002133,0014-05-12 07:00:00,14,5,12,7,0,720,154,,47.712,-0.044,Crépuscule ou aube,Hors agglomération,Hors intersection,Normale,Deux véhicules - côté,,,,,,,,,,,2,1,1,1.0,3
201400002134,0014-05-20 04:00:00,14,5,20,4,0,720,154,,,,Crépuscule ou aube,Hors agglomération,Hors intersection,Normale,Autre collision,,,,,,,,,,,2,1,1,1.0,6
201400002135,0014-06-28 04:45:00,14,6,28,4,45,720,154,,,,Nuit sans éclairage public,Hors agglomération,Hors intersection,Normale,Autre collision,,,,,,,,,,,3,1,1,1.0,6
201400002136,0014-07-24 18:30:00,14,7,24,18,30,720,154,,47.701,-0.065,Plein jour,Hors agglomération,Hors intersection,Normale,Trois véhicules et plus - collisions multiples,,,,,,,,,,,1,1,1,1.0,5
201400002137,0014-07-30 10:30:00,14,7,30,10,30,720,154,rond-point des m?daill?s,,,Plein jour,En agglomération,Giratoire,Normale,Deux véhicules - arrière,,,,,,,,,,,1,2,6,1.0,2
201400002138,0014-09-13 14:45:00,14,9,13,14,45,720,154,Promenade FOCH,,,Plein jour,En agglomération,Hors intersection,Normale,Sans collision,,,,,,,,,,,1,2,1,1.0,7
201400002139,0014-09-30 10:00:00,14,9,30,10,0,720,154,,47.713,-0.041,Plein jour,Hors agglomération,Hors intersection,Brouillard / fumée,Deux véhicules - frontale,,,,,,,,,,,1,1,1,5.0,1
201400002140,0014-10-25 12:30:00,14,10,25,12,30,720,110,,,,Plein jour,Hors agglomération,Hors intersection,Normale,Deux véhicules - frontale,,,,,,,,,,,1,1,1,1.0,1
201400002141,0014-11-19 17:45:00,14,11,19,17,45,720,84,,47.717,-0.029,Crépuscule ou aube,Hors agglomération,Autre intersection,Normale,Deux véhicules - côté,,,,,,,,,,,2,1,9,1.0,3
201400002142,0014-08-25 00:30:00,14,8,25,0,30,720,210,,,,Nuit sans éclairage public,Hors agglomération,Autre intersection,Normale,Autre collision,,,,,,,,,,,3,1,9,1.0,6
201400002143,0014-05-09 22:15:00,14,5,9,22,15,720,68,,47.739,0.555,Nuit sans éclairage public,Hors agglomération,Hors intersection,Normale,Sans collision,,,,,,,,,,,3,1,1,1.0,7
201400002144,0014-06-16 17:15:00,14,6,16,17,15,720,248,,47.856,0.459,Plein jour,Hors agglomération,Hors intersection,Normale,Deux véhicules - frontale,,,,,,,,,,,1,1,1,1.0,1
201400002145,0014-07-11 12:00:00,14,7,11,12,0,720,183,,,,Plein jour,Hors agglomération,Hors intersection,Normale,Deux véhicules - côté,,,,,,,,,,,1,1,1,1.0,3
201400002146,0014-08-21 12:30:00,14,8,21,12,30,720,143,rue du remblais,47.868,0.471,Plein jour,En agglomération,Hors intersection,Normale,Autre collision,,,,,,,,,,,1,2,1,1.0,6
201400002147,0014-10-02 15:45:00,14,10,2,15,45,720,63,,47.823,0.679,Plein jour,Hors agglomération,Intersection en X,Normale,Deux véhicules - côté,,,,,,,,,,,1,1,2,1.0,3
201400002148,0014-12-14 11:00:00,14,12,14,11,0,720,71,05 avenue jean jaur?s,47.699,0.419,Plein jour,En agglomération,Place,Normale,Autre collision,,,,,,,,,,,1,2,7,1.0,6
201400002149,0014-03-08 08:00:00,14,3,8,8,0,720,228,,47.857,-0.2,Plein jour,Hors agglomération,Hors intersection,Normale,Autre collision,,,,,,,,,,,1,1,1,1.0,6
201400002150,0014-04-04 02:30:00,14,4,4,2,30,720,50,avenue de la lib?ration,47.968,-0.232,Nuit sans éclairage public,En agglomération,Hors intersection,Normale,Autre collision,,,,,,,,,,,3,2,1,1.0,6
201400002151,0014-05-10 05:45:00,14,5,10,5,45,720,44,,,,Crépuscule ou aube,Hors agglomération,Hors intersection,Temps couvert,Sans collision,,,,,,,,,,,2,1,1,8.0,7
201400002152,0014-05-09 15:30:00,14,5,9,15,30,720,59,,47.931,-0.191,Plein jour,Hors agglomération,Hors intersection,Normale,Deux véhicules - côté,,,,,,,,,,,1,1,1,1.0,3
201400002153,0014-05-09 12:30:00,14,5,9,12,30,720,44,,47.78,-0.049,Plein jour,Hors agglomération,Hors intersection,Normale,Sans collision,,,,,,,,,,,1,1,1,1.0,7
201400002154,0014-05-07 14:45:00,14,5,7,14,45,720,239,,,,Plein jour,Hors agglomération,Hors intersection,Normale,Deux véhicules - côté,,,,,,,,,,,1,1,1,1.0,3
201400002155,0014-05-27 10:00:00,14,5,27,10,0,720,228,,47.832,-0.158,Plein jour,Hors agglomération,Hors intersection,Normale,Autre collision,,,,,,,,,,,1,1,1,1.0,6
201400002156,0014-05-28 10:30:00,14,5,28,10,30,720,22,,47.78,-0.214,Plein jour,Hors agglomération,Giratoire,Normale,Sans collision,,,,,,,,,,,1,1,6,1.0,7
201400002157,0014-07-01 16:00:00,14,7,1,16,0,720,177,,47.951,-0.039,Plein jour,Hors agglomération,Hors intersection,Normale,Deux véhicules - frontale,,,,,,,,,,,1,1,1,1.0,1
201400002158,0014-07-03 19:15:00,14,7,3,19,15,720,44,,,,Plein jour,Hors agglomération,Hors intersection,Normale,Deux véhicules - frontale,,,,,,,,,,,1,1,1,1.0,1
201400002159,0014-07-09 21:30:00,14,7,9,21,30,720,223,,,,Plein jour,Hors agglomération,Hors intersection,Normale,Autre collision,,,,,,,,,,,1,1,1,1.0,6
201400002160,0014-10-10 19:30:00,14,10,10,19,30,720,239,,47.923,-0.289,Nuit sans éclairage public,Hors agglomération,Hors intersection,Pluie légère,Sans collision,,,,,,,,,,,3,1,1,2.0,7
201400002161,0014-10-23 15:30:00,14,10,23,15,30,720,163,,,,Plein jour,Hors agglomération,Hors intersection,Normale,Sans collision,,,,,,,,,,,1,1,1,1.0,7
201400002162,0014-01-17 19:00:00,14,1,17,19,0,720,51,,47.818,0.063,Nuit sans éclairage public,Hors agglomération,Hors intersection,Normale,Deux véhicules - arrière,,,,,,,,,,,3,1,1,1.0,2
201400002163,0014-05-08 20:30:00,14,5,8,20,30,720,226,,47.8,0.113,Crépuscule ou aube,Hors agglomération,Hors intersection,Normale,Autre collision,,,,,,,,,,,2,1,1,1.0,6
201400002164,0014-06-13 07:15:00,14,6,13,7,15,720,385,,47.849,0.186,Crépuscule ou aube,Hors agglomération,Hors intersection,Temps éblouissant,Deux véhicules - côté,,,,,,,,,,,2,1,1,7.0,3
201400002165,0014-07-26 10:00:00,14,7,26,10,0,720,51,,47.824,0.087,Plein jour,Hors agglomération,Hors intersection,Normale,Deux véhicules - frontale,,,,,,,,,,,1,1,1,1.0,1
201400002166,0014-07-30 09:15:00,14,7,30,9,15,720,182,rue principale,47.751,0.137,Plein jour,En agglomération,Intersection en X,Normale,Deux véhicules - côté,,,,,,,,,,,1,2,2,1.0,3
201400002167,0014-08-01 17:00:00,14,8,1,17,0,720,243,,47.787,0.232,Plein jour,Hors agglomération,Hors intersection,Normale,Autre collision,,,,,,,,,,,1,1,1,1.0,6
201400002168,0014-09-02 12:00:00,14,9,2,12,0,720,176,,47.65035,0.13549,Plein jour,Hors agglomération,Hors intersection,Normale,Autre collision,,,,,,,,,,,1,1,1,1.0,6
201400002169,0014-09-20 01:00:00,14,9,20,1,0,720,243,,,,Nuit sans éclairage public,Hors agglomération,Autre intersection,Temps couvert,Autre collision,,,,,,,,,,,3,1,9,8.0,6
201400002170,0014-09-12 19:15:00,14,9,12,19,15,720,135,,47.778,0.092,Plein jour,Hors agglomération,Hors intersection,Normale,Deux véhicules - côté,,,,,,,,,,,1,1,1,1.0,3
201400002171,0014-09-24 12:15:00,14,9,24,12,15,720,191,rond point Ecommoy,,,Plein jour,En agglomération,Giratoire,Normale,Deux véhicules - frontale,,,,,,,,,,,1,2,6,1.0,1
201400002172,0014-09-26 06:45:00,14,9,26,6,45,720,191,17 AVENUE DE L'AUBEPIN,47.766,0.277,Nuit avec éclairage allumé,En agglomération,Hors intersection,Brouillard / fumée,Autre collision,,,,,,,,,,,5,2,1,5.0,6
201400002173,0014-10-18 19:00:00,14,10,18,19,0,720,252,,47.785,0.16,Crépuscule ou aube,Hors agglomération,Hors intersection,Normale,Autre collision,,,,,,,,,,,2,1,1,1.0,6
201400002174,0014-10-17 17:30:00,14,10,17,17,30,720,176,,47.633,0.124,Plein jour,Hors agglomération,Hors intersection,Normale,Autre collision,,,,,,,,,,,1,1,1,1.0,6
201400002175,0014-10-31 20:30:00,14,10,31,20,30,720,243,RUE DES FONTAINES,47.757,0.191,Nuit avec éclairage allumé,En agglomération,Hors intersection,Normale,Autre collision,,,,,,,,,,,5,2,1,1.0,6
201400002176,0014-11-11 15:00:00,14,11,11,15,0,720,385,,47.82,0.132,Plein jour,Hors agglomération,Hors intersection,Pluie légère,Autre collision,,,,,,,,,,,1,1,1,2.0,6
201400002177,0014-12-08 10:30:00,14,12,8,10,30,720,357,LE BOIS DE DOUVREAU,,,Plein jour,Hors agglomération,Hors intersection,Neige / grêle,Deux véhicules - frontale,,,,,,,,,,,1,1,1,4.0,1
201400002178,0014-12-19 17:45:00,14,12,19,17,45,720,176,LIEU DIT LA POINTE,47.654,0.165,Nuit avec éclairage allumé,Hors agglomération,Hors intersection,Pluie légère,Deux véhicules - côté,,,,,,,,,,,5,1,1,2.0,3
201400002179,0014-12-19 20:00:00,14,12,19,20,0,720,182,,47.755,0.138,Nuit sans éclairage public,Hors agglomération,Hors intersection,Pluie légère,Deux véhicules - côté,,,,,,,,,,,3,1,1,2.0,3
201400002180,0014-01-08 17:15:00,14,1,8,17,15,720,264,ROUTE DU MANS,,,Plein jour,En agglomération,Autre intersection,Normale,Deux véhicules - arrière,,,,,,,,,,,1,2,9,1.0,2
201400002181,0014-01-17 20:00:00,14,1,17,20,0,720,264,48 RUE DU MANS,47.83972,-0.32002,Nuit avec éclairage allumé,En agglomération,Hors intersection,Normale,Autre collision,,,,,,,,,,,5,2,1,1.0,6
201400002182,0014-02-18 19:00:00,14,2,18,19,0,720,264,9 rue aristide briand,47.83902,-0.32742,Nuit avec éclairage allumé,En agglomération,Hors intersection,Temps couvert,Autre collision,,,,,,,,,,,5,2,1,8.0,6
201400002183,0014-03-24 21:00:00,14,3,24,21,0,720,264,Avenue Jo?l le theule,,,Nuit avec éclairage allumé,En agglomération,Hors intersection,Pluie légère,Deux véhicules - arrière,,,,,,,,,,,5,2,1,2.0,2
201400002184,0014-04-16 18:00:00,14,4,16,18,0,720,264,route du mans Pr 10,,,Plein jour,En agglomération,Hors intersection,Normale,Trois véhicules et plus - collisions multiples,,,,,,,,,,,1,2,1,1.0,5
201400002185,0014-06-12 18:00:00,14,6,12,18,0,720,264,,,,Plein jour,Hors agglomération,Hors intersection,Normale,Deux véhicules - frontale,,,,,,,,,,,1,1,1,1.0,1
201400002186,0014-07-01 14:15:00,14,7,1,14,15,720,264,avenue Charles de Gaulle,,,Plein jour,En agglomération,Hors intersection,Normale,Deux véhicules - arrière,,,,,,,,,,,1,2,1,1.0,2
201400002187,0014-07-25 14:15:00,14,7,25,14,15,720,264,avenue joel LE THEULE,47.8396,-0.32566,Plein jour,En agglomération,Autre intersection,Normale,Autre collision,,,,,,,,,,,1,2,9,1.0,6
201400002188,0014-10-15 15:00:00,14,10,15,15,0,720,264,Rue L?on Legludic,,,Plein jour,En agglomération,Autre intersection,Normale,Autre collision,,,,,,,,,,,1,2,9,1.0,6
201400002189,0014-11-18 18:00:00,14,11,18,18,0,720,264,,,,Nuit sans éclairage public,Hors agglomération,Hors intersection,Temps couvert,Trois véhicules et plus - collisions multiples,,,,,,,,,,,3,1,1,8.0,5
201400002190,0014-11-23 18:15:00,14,11,23,18,15,720,244,,,,Nuit sans éclairage public,Hors agglomération,Hors intersection,Normale,Sans collision,,,,,,,,,,,3,1,1,1.0,7
201400002191,0014-12-28 02:15:00,14,12,28,2,15,720,264,avenue Joel LE THEULE,,,Nuit avec éclairage allumé,En agglomération,Hors intersection,Normale,Autre collision,,,,,,,,,,,5,2,1,1.0,6
201400002192,0014-01-02 17:00:00,14,1,2,17,0,720,316,,,,Plein jour,Hors agglomération,Hors intersection,Normale,Autre collision,,,,,,,,,,,1,1,1,1.0,6
201400002193,0014-01-21 07:00:00,14,1,21,7,0,720,39,62 Avenue de la FORET,,,Nuit avec éclairage allumé,En agglomération,Hors intersection,Normale,Autre collision,,,,,,,,,,,5,2,1,1.0,6
201400002194,0014-03-20 18:00:00,14,3,20,18,0,720,189,rue de mamers,,,Plein jour,En agglomération,Hors intersection,Normale,Deux véhicules - côté,,,,,,,,,,,1,2,1,1.0,3
201400002195,0014-03-28 18:00:00,14,3,28,18,0,720,48,rue les floralies,,,Plein jour,En agglomération,Hors intersection,Normale,Deux véhicules - côté,,,,,,,,,,,1,2,1,1.0,3
201400002196,0014-04-10 19:00:00,14,4,10,19,0,720,180,54 place carnot,,,Plein jour,En agglomération,Hors intersection,Normale,Autre collision,,,,,,,,,,,1,2,1,1.0,6
201400002197,0014-05-02 10:45:00,14,5,2,10,45,720,180,rue du FORT,,,Plein jour,En agglomération,Hors intersection,Normale,Autre collision,,,,,,,,,,,1,2,1,1.0,6
201400002198,0014-05-24 14:30:00,14,5,24,14,30,720,189,,,,Plein jour,Hors agglomération,Hors intersection,Normale,Deux véhicules - arrière,,,,,,,,,,,1,1,1,1.0,2
201400002199,0014-05-24 15:45:00,14,5,24,15,45,720,39,avennue du 8 mai,,,Plein jour,En agglomération,Hors intersection,Normale,Autre collision,,,,,,,,,,,1,2,1,1.0,6
201400002200,0014-05-31 15:45:00,14,5,31,15,45,720,196,,,,Plein jour,Hors agglomération,Hors intersection,Normale,Autre collision,,,,,,,,,,,1,1,1,1.0,6
201400002201,0014-07-07 12:15:00,14,7,7,12,15,720,276,,,,Plein jour,Hors agglomération,Intersection en X,Normale,Deux véhicules - côté,,,,,,,,,,,1,1,2,1.0,3
201400002202,0014-08-18 13:15:00,14,8,18,13,15,720,102,,,,Plein jour,Hors agglomération,Hors intersection,Normale,Deux véhicules - frontale,,,,,,,,,,,1,1,1,1.0,1
201400002203,0014-09-12 14:45:00,14,9,12,14,45,720,180,,,,Plein jour,Hors agglomération,Hors intersection,Normale,Deux véhicules - frontale,,,,,,,,,,,1,1,1,1.0,1
201400002204,0014-09-15 17:45:00,14,9,15,17,45,720,196,,,,Plein jour,Hors agglomération,Hors intersection,Normale,Autre collision,,,,,,,,,,,1,1,1,1.0,6
201400002205,0014-10-01 19:00:00,14,10,1,19,0,720,180,,,,Plein jour,Hors agglomération,Hors intersection,Temps éblouissant,Deux véhicules - arrière,,,,,,,,,,,1,1,1,7.0,2
201400002206,0014-11-20 13:00:00,14,11,20,13,0,720,180,Estournelles de Constant,,,Plein jour,En agglomération,Hors intersection,Normale,Deux véhicules - côté,,,,,,,,,,,1,2,1,1.0,3
201400002207,0014-12-30 15:00:00,14,12,30,15,0,720,276,,,,Plein jour,En agglomération,Hors intersection,Normale,Deux véhicules - côté,,,,,,,,,,,1,2,1,1.0,3
201400002208,0014-05-15 12:30:00,14,5,15,12,30,720,39,rue Galllieni,,,Plein jour,En agglomération,Hors intersection,Normale,Deux véhicules - frontale,,,,,,,,,,,1,2,1,1.0,1
201400002209,0014-05-19 17:15:00,14,5,19,17,15,720,132,rue du Pr? Bellard,,,Plein jour,En agglomération,Hors intersection,Normale,Autre collision,,,,,,,,,,,1,2,1,1.0,6
201400002210,0014-07-06 02:30:00,14,7,6,2,30,720,122,,,,Nuit sans éclairage public,Hors agglomération,Hors intersection,Normale,Sans collision,,,,,,,,,,,3,1,1,1.0,7
201400002211,0014-08-08 20:30:00,14,8,8,20,30,720,67,,,,Plein jour,Hors agglomération,Hors intersection,Pluie légère,Autre collision,,,,,,,,,,,1,1,1,2.0,6
201400002212,0014-09-30 15:15:00,14,9,30,15,15,720,208,,,,Plein jour,Hors agglomération,Intersection en Y,Normale,Deux véhicules - frontale,,,,,,,,,,,1,1,4,1.0,1
201400002213,0014-04-18 20:45:00,14,4,18,20,45,720,337,RD 15 Rue des Forgerons,,,Crépuscule ou aube,En agglomération,Hors intersection,Normale,Deux véhicules - frontale,,,,,,,,,,,2,2,1,1.0,1
201400002214,0014-05-14 16:30:00,14,5,14,16,30,720,29,avenue division leclerc,,,Plein jour,En agglomération,Hors intersection,Normale,Deux véhicules - côté,,,,,,,,,,,1,2,1,1.0,3
201400002215,0014-05-15 13:45:00,14,5,15,13,45,720,36,,,,Plein jour,Hors agglomération,Hors intersection,Normale,Trois véhicules et plus - collisions multiples,,,,,,,,,,,1,1,1,1.0,5
201400002216,0014-05-19 17:45:00,14,5,19,17,45,720,141,,,,Plein jour,Hors agglomération,Hors intersection,Normale,Deux véhicules - frontale,,,,,,,,,,,1,1,1,1.0,1
201400002217,0014-09-23 14:45:00,14,9,23,14,45,720,273,,,,Plein jour,Hors agglomération,Hors intersection,Normale,Deux véhicules - frontale,,,,,,,,,,,1,1,1,1.0,1
201400002218,0014-11-06 17:30:00,14,11,6,17,30,720,6,D338,,,Nuit avec éclairage allumé,En agglomération,Giratoire,Temps couvert,Sans collision,,,,,,,,,,,5,2,6,8.0,7
201400002219,0014-03-27 16:45:00,14,3,27,16,45,850,131,LES ESSARTS,46.48832,-1.20438,Plein jour,Hors agglomération,Intersection en X,Temps couvert,Deux véhicules - côté,,,,,,,,,,,1,1,2,8.0,3
201400002220,0014-05-25 16:00:00,14,5,25,16,0,850,8,,46.60849,-1.4454,Plein jour,Hors agglomération,Hors intersection,Normale,Deux véhicules - frontale,,,,,,,,,,,1,1,1,1.0,1
201400002221,0014-06-26 10:45:00,14,6,26,10,45,850,93,,46.64707,-1.23061,Plein jour,Hors agglomération,Intersection en X,Normale,Deux véhicules - côté,,,,,,,,,,,1,1,2,1.0,3