accident_id,datetime,annee,mois,jour,heure,minute,departement,commune_insee,adresse,latitude,longitude,luminosite,agglomeration,intersection,meteo,collision,nb_vehicules,nb_usagers,nb_indemnes,nb_tues,nb_blesses_hosp,nb_blesses_legers,age_cond_1,age_cond_2,veh_type_cond_1,veh_type_cond_2,lum_code,agg_code,int_code,atm_code,col_code
201400002477,0014-03-15 15:30:00,14,3,15,15,30,330,505,,,,Plein jour,Hors agglomération,Hors intersection,Normale,Deux véhicules - arrière,,,,,,,,,,,1,1,1,1.0,2
201400002478,0014-04-30 15:30:00,14,4,30,15,30,330,201,,,,Plein jour,Hors agglomération,Hors intersection,Normale,Sans collision,,,,,,,,,,,1,1,1,1.0,7
201400002479,0014-08-09 17:00:00,14,8,9,17,0,330,311,AVENUE DU CHENE VERT,,,Plein jour,En agglomération,Hors intersection,Normale,Autre collision,,,,,,,,,,,1,2,1,1.0,6
201400002480,0014-08-17 07:00:00,14,8,17,7,0,330,140,AVENUE DE LA CROIX BLANC,,,Crépuscule ou aube,En agglomération,Hors intersection,Normale,Autre collision,,,,,,,,,,,2,2,1,1.0,6
201400002481,0014-08-30 16:15:00,14,8,30,16,15,330,363,,,,Plein jour,En agglomération,Hors intersection,Normale,Autre collision,,,,,,,,,,,1,2,1,1.0,6
201400002482,0014-01-28 17:45:00,14,1,28,17,45,330,496,,,,Crépuscule ou aube,Hors agglomération,Hors intersection,Pluie légère,Deux véhicules - frontale,,,,,,,,,,,2,1,1,2.0,1
201400002483,0014-08-29 21:30:00,14,8,29,21,30,330,165,avenue Entre Deux Mers,,,Nuit avec éclairage allumé,En agglomération,Hors intersection,Normale,Deux véhicules - côté,,,,,,,,,,,5,2,1,1.0,3
201400002484,0014-10-18 15:45:00,14,10,18,15,45,330,496,avenue du P?rigord,,,Plein jour,En agglomération,Hors intersection,Normale,Sans collision,,,,,,,,,,,1,2,1,1.0,7
201400002485,0014-06-22 06:30:00,14,6,22,6,30,330,274,,,,Crépuscule ou aube,Hors agglomération,Hors intersection,Normale,Autre collision,,,,,,,,,,,2,1,1,1.0,6
201400002486,0014-07-12 16:45:00,14,7,12,16,45,330,238,Rue de la Ferme de Riche,,,Plein jour,En agglomération,Intersection en T,Normale,Deux véhicules - côté,,,,,,,,,,,1,2,3,1.0,3
201400002487,0014-08-09 17:45:00,14,8,9,17,45,330,80,,,,Plein jour,Hors agglomération,Hors intersection,Temps couvert,Deux véhicules - frontale,,,,,,,,,,,1,1,1,8.0,1
201400002488,0014-08-30 17:15:00,14,8,30,17,15,330,274,ROUTE DE TOUT VENT,,,Plein jour,En agglomération,Intersection en X,Normale,Deux véhicules - frontale,,,,,,,,,,,1,2,2,1.0,1
201400002489,0014-09-04 23:00:00,14,9,4,23,0,330,238,,,,Nuit avec éclairage allumé,En agglomération,Hors intersection,Normale,Deux véhicules - frontale,,,,,,,,,,,5,2,1,1.0,1
201400002490,0014-11-20 17:45:00,14,11,20,17,45,330,238,28 COURS GAMBETTA,,,Crépuscule ou aube,En agglomération,Hors intersection,Normale,Autre collision,,,,,,,,,,,2,2,1,1.0,6
201400002491,0014-02-09 17:15:00,14,2,9,17,15,330,337,,44.559,-0.326,Nuit avec éclairage allumé,Hors agglomération,Giratoire,Pluie légère,Deux véhicules - côté,,,,,,,,,,,5,1,6,2.0,3
201400002492,0014-03-05 12:15:00,14,3,5,12,15,330,30,,44.627,-0.328,Plein jour,Hors agglomération,Hors intersection,Normale,Trois véhicules et plus - collisions multiples,,,,,,,,,,,1,1,1,1.0,5
201400002493,0014-06-02 16:30:00,14,6,2,16,30,330,205,,,,Plein jour,Hors agglomération,Hors intersection,Normale,Deux véhicules - frontale,,,,,,,,,,,1,1,1,1.0,1
201400002494,0014-08-14 11:45:00,14,8,14,11,45,330,552,,,,Plein jour,Hors agglomération,Hors intersection,Normale,Deux véhicules - côté,,,,,,,,,,,1,1,1,1.0,3
201400002495,0014-09-01 15:30:00,14,9,1,15,30,330,30,,,,Plein jour,Hors agglomération,Hors intersection,Normale,Deux véhicules - côté,,,,,,,,,,,1,1,1,1.0,3
201400002496,0014-11-26 17:00:00,14,11,26,17,0,330,253,,,,Nuit sans éclairage public,Hors agglomération,Hors intersection,Pluie forte,Deux véhicules - frontale,,,,,,,,,,,3,1,1,3.0,1
201400002497,0014-07-30 21:15:00,14,7,30,21,15,330,183,,,,Crépuscule ou aube,Hors agglomération,Passage à niveau,Temps éblouissant,Deux véhicules - frontale,,,,,,,,,,,2,1,8,7.0,1
201400002498,0014-11-13 23:15:00,14,11,13,23,15,330,415,,,,Nuit sans éclairage public,Hors agglomération,Hors intersection,Normale,Deux véhicules - côté,,,,,,,,,,,3,1,1,1.0,3
201400002499,0014-11-19 08:15:00,14,11,19,8,15,330,366,,,,Plein jour,Hors agglomération,Hors intersection,Normale,Deux véhicules - frontale,,,,,,,,,,,1,1,1,1.0,1
201400002500,0014-11-21 18:45:00,14,11,21,18,45,330,366,,,,Nuit sans éclairage public,En agglomération,Intersection en T,Normale,Deux véhicules - côté,,,,,,,,,,,3,2,3,1.0,3
201400002501,0014-12-18 08:00:00,14,12,18,8,0,330,366,,,,Nuit sans éclairage public,Hors agglomération,Hors intersection,Pluie légère,Deux véhicules - frontale,,,,,,,,,,,3,1,1,2.0,1
201400002502,0014-03-17 21:30:00,14,3,17,21,30,330,357,,,,Nuit sans éclairage public,Hors agglomération,Hors intersection,Normale,Autre collision,,,,,,,,,,,3,1,1,1.0,6
201400002503,0014-08-12 13:00:00,14,8,12,13,0,330,435,,,,Plein jour,Hors agglomération,Giratoire,Normale,Deux véhicules - frontale,,,,,,,,,,,1,1,6,1.0,1
201400002504,0014-12-20 16:45:00,14,12,20,16,45,330,237,19 BIS ROUTE DE VILAN,44.507,-0.349,Plein jour,En agglomération,Hors intersection,Normale,Deux véhicules - frontale,,,,,,,,,,,1,2,1,1.0,1
201400002505,0014-12-29 18:30:00,14,12,29,18,30,330,435,,,,Nuit sans éclairage public,Hors agglomération,Giratoire,Temps couvert,Deux véhicules - côté,,,,,,,,,,,3,1,6,8.0,3
201400002506,0014-03-19 23:30:00,14,3,19,23,30,330,36,avenue de la lib?ration,44.415,-0.112,Plein jour,En agglomération,Hors intersection,Normale,Autre collision,,,,,,,,,,,1,2,1,1.0,6
201400002507,0014-07-25 16:00:00,14,7,25,16,0,330,36,2 route de langon,,,Plein jour,En agglomération,Hors intersection,Pluie forte,Deux véhicules - frontale,,,,,,,,,,,1,2,1,3.0,1
201400002508,0014-08-01 10:15:00,14,8,1,10,15,330,144,Le bourg,,,Plein jour,En agglomération,Intersection en X,Temps couvert,Autre collision,,,,,,,,,,,1,2,2,8.0,6
201400002509,0014-10-26 20:15:00,14,10,26,20,15,330,36,,,,Nuit sans éclairage public,Hors agglomération,Intersection en X,Normale,Deux véhicules - côté,,,,,,,,,,,3,1,2,1.0,3
201400002510,0014-04-09 08:30:00,14,4,9,8,30,330,136,,,,Plein jour,Hors agglomération,Hors intersection,Normale,Deux véhicules - côté,,,,,,,,,,,1,1,1,1.0,3
201400002511,0014-10-02 18:45:00,14,10,2,18,45,330,316,,,,Plein jour,Hors agglomération,Hors intersection,Normale,Sans collision,,,,,,,,,,,1,1,1,1.0,7
201400002512,0014-01-18 11:15:00,14,1,18,11,15,330,254,,,,Plein jour,Hors agglomération,Intersection en X,Normale,Deux véhicules - côté,,,,,,,,,,,1,1,2,1.0,3
201400002513,0014-05-18 22:45:00,14,5,18,22,45,40,94,Rue Fontaine Vieille,43.7546,5.88182,Nuit avec éclairage allumé,En agglomération,Hors intersection,Normale,Autre collision,,,,,,,,,,,5,2,1,1.0,6
201400002514,0014-04-30 18:00:00,14,4,30,18,0,330,352,avenue Jean Jaur?s,,,Plein jour,En agglomération,Hors intersection,Normale,Autre collision,,,,,,,,,,,1,2,1,1.0,6
201400002515,0014-05-02 18:00:00,14,5,2,18,0,330,352,avenue Jean Jaur?s,,,Plein jour,En agglomération,Hors intersection,Normale,Autre collision,,,,,,,,,,,1,2,1,1.0,6
201400002516,0014-06-26 07:00:00,14,6,26,7,0,330,352,D9e1,,,Plein jour,En agglomération,Autre intersection,Normale,Deux véhicules - côté,,,,,,,,,,,1,2,9,1.0,3
201400002517,0014-06-29 17:00:00,14,6,29,17,0,330,50,,,,Plein jour,Hors agglomération,Hors intersection,Normale,Autre collision,,,,,,,,,,,1,1,1,1.0,6
201400002518,0014-10-20 07:15:00,14,10,20,7,15,330,169,,,,Nuit sans éclairage public,Hors agglomération,Hors intersection,Brouillard / fumée,Deux véhicules - côté,,,,,,,,,,,3,1,1,5.0,3
201400002519,0014-11-23 11:45:00,14,11,23,11,45,330,72,,,,Plein jour,Hors agglomération,Intersection en X,Normale,Deux véhicules - côté,,,,,,,,,,,1,1,2,1.0,3
201400002520,0014-12-09 16:15:00,14,12,9,16,15,330,352,,,,Plein jour,Hors agglomération,Intersection en X,Normale,Deux véhicules - côté,,,,,,,,,,,1,1,2,1.0,3
201400002521,0014-04-09 09:45:00,14,4,9,9,45,330,536,,,,Plein jour,Hors agglomération,Hors intersection,Normale,Deux véhicules - frontale,,,,,,,,,,,1,1,1,1.0,1
201400002522,0014-09-21 07:00:00,14,9,21,7,0,330,429,,,,Crépuscule ou aube,Hors agglomération,Hors intersection,Normale,Deux véhicules - frontale,,,,,,,,,,,2,1,1,1.0,1
201400002523,0014-12-22 15:15:00,14,12,22,15,15,330,310,,,,Plein jour,Hors agglomération,Hors intersection,Normale,Autre collision,,,,,,,,,,,1,1,1,1.0,6
201400002524,0014-03-29 16:15:00,14,3,29,16,15,330,175,,,,Plein jour,Hors agglomération,Hors intersection,Normale,Sans collision,,,,,,,,,,,1,1,1,1.0,7
201400002525,0014-05-11 16:00:00,14,5,11,16,0,330,129,,,,Plein jour,Hors agglomération,Hors intersection,Normale,Deux véhicules - côté,,,,,,,,,,,1,1,1,1.0,3
201400002526,0014-04-30 08:15:00,14,4,30,8,15,330,482,,,,Plein jour,Hors agglomération,Hors intersection,Pluie légère,Deux véhicules - côté,,,,,,,,,,,1,1,1,2.0,3
201400002527,0014-06-30 23:15:00,14,6,30,23,15,330,299,1 LEU DIT GAILLOU,,,Nuit sans éclairage public,En agglomération,Hors intersection,Normale,Autre collision,,,,,,,,,,,3,2,1,1.0,6
201400002528,0014-08-10 16:45:00,14,8,10,16,45,330,358,19 RUE DE L'EGLISE,,,Plein jour,En agglomération,Hors intersection,Normale,Deux véhicules - frontale,,,,,,,,,,,1,2,1,1.0,1
201400002529,0014-08-29 16:45:00,14,8,29,16,45,330,131,,,,Plein jour,Hors agglomération,Hors intersection,Normale,Autre collision,,,,,,,,,,,1,1,1,1.0,6
201400002530,0014-09-01 15:00:00,14,9,1,15,0,330,506,boulevard du 11 novembre,,,Plein jour,En agglomération,Hors intersection,Normale,Autre collision,,,,,,,,,,,1,2,1,1.0,6
201400002531,0014-11-22 09:15:00,14,11,22,9,15,330,523,,,,Plein jour,Hors agglomération,Hors intersection,Temps éblouissant,Deux véhicules - frontale,,,,,,,,,,,1,1,1,7.0,1
201400002532,0014-02-21 14:00:00,14,2,21,14,0,330,177,,,,Plein jour,Hors agglomération,Hors intersection,Temps éblouissant,Deux véhicules - frontale,,,,,,,,,,,1,1,1,7.0,1
201400002533,0014-06-12 19:30:00,14,6,12,19,30,330,240,Rue Maurice REY,,,Plein jour,En agglomération,Hors intersection,Normale,Autre collision,,,,,,,,,,,1,2,1,1.0,6
201400002534,0014-06-26 13:30:00,14,6,26,13,30,330,412,,,,Plein jour,Hors agglomération,Hors intersection,Normale,Deux véhicules - côté,,,,,,,,,,,1,1,1,1.0,3
201400002535,0014-07-02 19:30:00,14,7,2,19,30,330,300,,,,Plein jour,Hors agglomération,Hors intersection,Normale,Deux véhicules - côté,,,,,,,,,,,1,1,1,1.0,3
201400002536,0014-07-15 14:15:00,14,7,15,14,15,330,493,RUE DE LOMENADE,,,Plein jour,En agglomération,Hors intersection,Normale,Autre collision,,,,,,,,,,,1,2,1,1.0,6
201400002537,0014-08-21 08:15:00,14,8,21,8,15,330,134,,,,Plein jour,Hors agglomération,Intersection en X,Normale,Deux véhicules - côté,,,,,,,,,,,1,1,2,1.0,3
201400002538,0014-08-29 21:00:00,14,8,29,21,0,330,493,Rue de la Colonne,,,Crépuscule ou aube,En agglomération,Hors intersection,Normale,Autre collision,,,,,,,,,,,2,2,1,1.0,6
201400002539,0014-08-02 19:30:00,14,8,2,19,30,330,300,2 route d'hourtin,,,Plein jour,En agglomération,Hors intersection,Normale,Trois véhicules et plus - collisions multiples,,,,,,,,,,,1,2,1,1.0,5
201400002540,0014-09-20 17:45:00,14,9,20,17,45,330,128,,,,Plein jour,Hors agglomération,Hors intersection,Normale,Deux véhicules - arrière,,,,,,,,,,,1,1,1,1.0,2
201400002541,0014-09-21 12:15:00,14,9,21,12,15,330,240,,,,Plein jour,Hors agglomération,Hors intersection,Normale,Deux véhicules - arrière,,,,,,,,,,,1,1,1,1.0,2
201400002542,0014-10-01 08:45:00,14,10,1,8,45,330,128,D 201 Les Trembleaux,,,Plein jour,En agglomération,Hors intersection,Brouillard / fumée,Deux véhicules - côté,,,,,,,,,,,1,2,1,5.0,3
201400002543,0014-10-05 01:45:00,14,10,5,1,45,330,240,CD3e1 chemin C. Luceyran,,,Nuit sans éclairage public,En agglomération,Hors intersection,Pluie légère,Autre collision,,,,,,,,,,,3,2,1,2.0,6
201400002544,0014-11-26 13:15:00,14,11,26,13,15,330,476,,,,Plein jour,Hors agglomération,Hors intersection,Normale,Sans collision,,,,,,,,,,,1,1,1,1.0,7
201400002545,0014-12-20 10:00:00,14,12,20,10,0,330,177,,,,Plein jour,Hors agglomération,Hors intersection,Temps couvert,Deux véhicules - côté,,,,,,,,,,,1,1,1,8.0,3
201400002546,0014-01-03 14:30:00,14,1,3,14,30,330,146,,,,Plein jour,Hors agglomération,Hors intersection,Normale,Trois véhicules et plus - collisions multiples,,,,,,,,,,,1,1,1,1.0,5
201400002547,0014-05-17 16:15:00,14,5,17,16,15,330,104,,,,Crépuscule ou aube,Hors agglomération,Hors intersection,Normale,Autre collision,,,,,,,,,,,2,1,1,1.0,6
201400002548,0014-05-29 11:15:00,14,5,29,11,15,330,220,Route d?partementale D2,,,Plein jour,En agglomération,Hors intersection,Normale,Deux véhicules - frontale,,,,,,,,,,,1,2,1,1.0,1
201400002549,0014-09-18 04:30:00,14,9,18,4,30,330,417,,,,Nuit sans éclairage public,Hors agglomération,Hors intersection,Temps couvert,Deux véhicules - frontale,,,,,,,,,,,3,1,1,8.0,1
201400002550,0014-10-19 19:15:00,14,10,19,19,15,330,417,,,,Plein jour,Hors agglomération,Hors intersection,Normale,Trois véhicules et plus - collisions multiples,,,,,,,,,,,1,1,1,1.0,5
201400002551,0014-11-15 11:30:00,14,11,15,11,30,330,297,rue de la fontaine,,,Plein jour,En agglomération,Hors intersection,Temps couvert,Sans collision,,,,,,,,,,,1,2,1,8.0,7
201400002552,0014-12-10 02:00:00,14,12,10,2,0,330,22,,,,Nuit sans éclairage public,Hors agglomération,Hors intersection,Normale,Autre collision,,,,,,,,,,,3,1,1,1.0,6
201400002553,0014-12-30 10:30:00,14,12,30,10,30,330,248,,,,Plein jour,Hors agglomération,Hors intersection,Normale,Deux véhicules - frontale,,,,,,,,,,,1,1,1,1.0,1
201400002554,0014-02-14 19:45:00,14,2,14,19,45,330,322,,,,Plein jour,Hors agglomération,Hors intersection,Pluie légère,Deux véhicules - côté,,,,,,,,,,,1,1,1,2.0,3
201400002555,0014-05-02 17:00:00,14,5,2,17,0,330,91,,,,Plein jour,Hors agglomération,Hors intersection,Normale,Deux véhicules - côté,,,,,,,,,,,1,1,1,1.0,3
201400002556,0014-10-14 17:30:00,14,10,14,17,30,330,517,route de bessans,,,Plein jour,En agglomération,Hors intersection,Normale,Deux véhicules - frontale,,,,,,,,,,,1,2,1,1.0,1
201400002557,0014-11-01 19:45:00,14,11,1,19,45,330,322,,,,Nuit sans éclairage public,Hors agglomération,Hors intersection,Normale,Sans collision,,,,,,,,,,,3,1,1,1.0,7
201400002558,0014-02-06 12:15:00,14,2,6,12,15,330,314,,,,Plein jour,Hors agglomération,Passage à niveau,Normale,Deux véhicules - frontale,,,,,,,,,,,1,1,8,1.0,1
201400002559,0014-03-22 10:30:00,14,3,22,10,30,330,314,,,,Plein jour,Hors agglomération,Autre intersection,Pluie légère,Deux véhicules - côté,,,,,,,,,,,1,1,9,2.0,3
201400002560,0014-08-31 19:45:00,14,8,31,19,45,330,424,,,,Plein jour,Hors agglomération,Intersection en X,Normale,Deux véhicules - côté,,,,,,,,,,,1,1,2,1.0,3
201400002561,0014-09-13 19:00:00,14,9,13,19,0,330,125,,,,Plein jour,Hors agglomération,Intersection en X,Normale,Deux véhicules - côté,,,,,,,,,,,1,1,2,1.0,3
201400002562,0014-10-17 15:45:00,14,10,17,15,45,330,395,,,,Plein jour,Hors agglomération,Intersection en X,Normale,Deux véhicules - côté,,,,,,,,,,,1,1,2,1.0,3
201400002563,0014-10-31 02:00:00,14,10,31,2,0,330,125,,,,Nuit sans éclairage public,Hors agglomération,Hors intersection,Normale,Autre collision,,,,,,,,,,,3,1,1,1.0,6
201400002564,0014-12-08 07:30:00,14,12,8,7,30,330,545,,,,Crépuscule ou aube,Hors agglomération,Hors intersection,Temps couvert,Deux véhicules - frontale,,,,,,,,,,,2,1,1,8.0,1
201400002565,0014-02-22 11:00:00,14,2,22,11,0,330,514,route de bordeaux,,,Plein jour,En agglomération,Hors intersection,Normale,Deux véhicules - côté,,,,,,,,,,,1,2,1,1.0,3
201400002566,0014-06-28 18:30:00,14,6,28,18,30,330,193,,,,Plein jour,Hors agglomération,Hors intersection,Normale,Deux véhicules - frontale,,,,,,,,,,,1,1,1,1.0,1
201400002567,0014-09-17 13:30:00,14,9,17,13,30,330,514,rue de l'H?tel de Ville,,,Plein jour,En agglomération,Hors intersection,Normale,Deux véhicules - côté,,,,,,,,,,,1,2,1,1.0,3
201400002568,0014-10-05 09:00:00,14,10,5,9,0,330,540,,,,Plein jour,Hors agglomération,Hors intersection,Normale,Sans collision,,,,,,,,,,,1,1,1,1.0,7
201400002569,0014-01-17 17:30:00,14,1,17,17,30,330,328,,,,Plein jour,Hors agglomération,Intersection en X,Normale,Deux véhicules - côté,,,,,,,,,,,1,1,2,1.0,3
201400002570,0014-02-17 18:45:00,14,2,17,18,45,330,243,,,,Crépuscule ou aube,En agglomération,Hors intersection,Normale,Deux véhicules - frontale,,,,,,,,,,,2,2,1,1.0,1
201400002571,0014-04-10 14:45:00,14,4,10,14,45,330,243,117 route de st ?milion,,,Plein jour,En agglomération,Hors intersection,Normale,Autre collision,,,,,,,,,,,1,2,1,1.0,6
201400002572,0014-09-10 23:15:00,14,9,10,23,15,330,243,78 route de St Emilion,,,Nuit avec éclairage non allumé,En agglomération,Hors intersection,Normale,Deux véhicules - frontale,,,,,,,,,,,4,2,1,1.0,1
201400002573,0014-09-12 17:45:00,14,9,12,17,45,330,243,10 av Mar?chal Foch,,,Plein jour,En agglomération,Hors intersection,Normale,Autre collision,,,,,,,,,,,1,2,1,1.0,6
201400002574,0014-09-26 00:30:00,14,9,26,0,30,330,222,,,,Nuit sans éclairage public,Hors agglomération,Hors intersection,Normale,Deux véhicules - arrière,,,,,,,,,,,3,1,1,1.0,2
201400002575,0014-10-17 11:15:00,14,10,17,11,15,330,15,,,,Plein jour,Hors agglomération,Intersection en T,Normale,Deux véhicules - côté,,,,,,,,,,,1,1,3,1.0,3
201400002576,0014-05-24 04:30:00,14,5,24,4,30,330,460,,,,Nuit avec éclairage allumé,Hors agglomération,Hors intersection,Normale,Autre collision,,,,,,,,,,,5,1,1,1.0,6
201400002577,0014-07-15 08:30:00,14,7,15,8,30,330,460,,,,Plein jour,Hors agglomération,Hors intersection,Normale,Deux véhicules - arrière,,,,,,,,,,,1,1,1,1.0,2
201400002578,0014-10-15 07:30:00,14,10,15,7,30,330,350,,,,Crépuscule ou aube,Hors agglomération,Hors intersection,Pluie légère,Autre collision,,,,,,,,,,,2,1,1,2.0,6
201400002579,0014-12-13 07:45:00,14,12,13,7,45,330,194,,,,Crépuscule ou aube,Hors agglomération,Hors intersection,Normale,Autre collision,,,,,,,,,,,2,1,1,1.0,6
201400002580,0014-12-22 22:45:00,14,12,22,22,45,330,296,,,,Nuit sans éclairage public,Hors agglomération,Hors intersection,Brouillard / fumée,Autre collision,,,,,,,,,,,3,1,1,5.0,6
201400002581,0014-01-07 07:30:00,14,1,7,7,30,330,108,"0, place Pierre Orus",,,Nuit avec éclairage allumé,En agglomération,Hors intersection,Pluie légère,Autre collision,,,,,,,,,,,5,2,1,2.0,6
201400002582,0014-01-28 18:45:00,14,1,28,18,45,330,437,AVENUE DU STADE,,,Nuit avec éclairage allumé,En agglomération,Hors intersection,Pluie forte,Deux véhicules - arrière,,,,,,,,,,,5,2,1,3.0,2
201400002583,0014-05-30 14:30:00,14,5,30,14,30,330,546,,,,Plein jour,Hors agglomération,Hors intersection,Normale,Deux véhicules - frontale,,,,,,,,,,,1,1,1,1.0,1
201400002584,0014-06-10 17:30:00,14,6,10,17,30,330,14,,,,Plein jour,Hors agglomération,Hors intersection,Normale,Deux véhicules - frontale,,,,,,,,,,,1,1,1,1.0,1
201400002585,0014-06-27 14:15:00,14,6,27,14,15,330,394,,,,Plein jour,Hors agglomération,Hors intersection,Normale,Deux véhicules - frontale,,,,,,,,,,,1,1,1,1.0,1
201400002586,0014-02-08 18:45:00,14,2,8,18,45,330,478,88 RUE DE LA R2PUBLIQUE,,,Nuit avec éclairage allumé,En agglomération,Hors intersection,Pluie forte,Autre collision,,,,,,,,,,,5,2,1,3.0,6
201400002587,0014-02-24 17:00:00,14,2,24,17,0,330,385,,,,Plein jour,Hors agglomération,Hors intersection,Normale,Deux véhicules - frontale,,,,,,,,,,,1,1,1,1.0,1
201400002588,0014-10-22 21:15:00,14,10,22,21,15,330,191,,,,Nuit avec éclairage allumé,Hors agglomération,Hors intersection,Normale,Deux véhicules - frontale,,,,,,,,,,,5,1,1,1.0,1
201400002589,0014-11-23 19:00:00,14,11,23,19,0,330,154,,,,Nuit avec éclairage allumé,Hors agglomération,Hors intersection,Normale,Deux véhicules - côté,,,,,,,,,,,5,1,1,1.0,3
201400002590,0014-11-30 16:30:00,14,11,30,16,30,330,385,,,,Plein jour,Hors agglomération,Hors intersection,Normale,Autre collision,,,,,,,,,,,1,1,1,1.0,6
201400002591,0014-01-24 21:45:00,14,1,24,21,45,330,393,,,,Nuit avec éclairage allumé,Hors agglomération,Intersection en X,Pluie légère,Deux véhicules - côté,,,,,,,,,,,5,1,2,2.0,3
201400002592,0014-02-03 14:45:00,14,2,3,14,45,330,387,,,,Plein jour,Hors agglomération,Hors intersection,Temps couvert,Deux véhicules - frontale,,,,,,,,,,,1,1,1,8.0,1
201400002593,0014-06-28 16:30:00,14,6,28,16,30,330,218,,45.077,-0.152,Plein jour,Hors agglomération,Hors intersection,Pluie légère,Deux véhicules - côté,,,,,,,,,,,1,1,1,2.0,3
201400002594,0014-11-21 19:15:00,14,11,21,19,15,330,393,Av du G?n?ral de Gaulle,,,Nuit avec éclairage allumé,En agglomération,Giratoire,Normale,Autre collision,,,,,,,,,,,5,2,6,1.0,6
201400002595,0014-01-18 23:30:00,14,1,18,23,30,330,378,,,,Nuit sans éclairage public,Hors agglomération,Hors intersection,Normale,Autre collision,,,,,,,,,,,3,1,1,1.0,6
201400002596,0014-03-01 02:00:00,14,3,1,2,0,330,324,61 rue Jean Moulin,,,Nuit sans éclairage public,En agglomération,Hors intersection,Temps couvert,Sans collision,,,,,,,,,,,3,2,1,8.0,7
201400002597,0014-10-28 12:15:00,14,10,28,12,15,330,324,RD 936,,,Plein jour,En agglomération,Hors intersection,Normale,Deux véhicules - frontale,,,,,,,,,,,1,2,1,1.0,1
201400002598,0014-12-27 11:15:00,14,12,27,11,15,330,462,,,,Plein jour,Hors agglomération,Hors intersection,Normale,Autre collision,,,,,,,,,,,1,1,1,1.0,6
201400002599,0014-02-12 10:45:00,14,2,12,10,45,330,179,,,,Plein jour,Hors agglomération,Hors intersection,Normale,Deux véhicules - côté,,,,,,,,,,,1,1,1,1.0,3
201400002600,0014-04-17 07:45:00,14,4,17,7,45,330,414,,,,Plein jour,Hors agglomération,Hors intersection,Normale,Deux véhicules - arrière,,,,,,,,,,,1,1,1,1.0,2
201400002601,0014-05-23 10:15:00,14,5,23,10,15,330,317,,,,Plein jour,Hors agglomération,Hors intersection,Normale,Sans collision,,,,,,,,,,,1,1,1,1.0,7
201400002602,0014-06-20 14:00:00,14,6,20,14,0,330,179,,,,Plein jour,Hors agglomération,Hors intersection,Normale,Deux véhicules - frontale,,,,,,,,,,,1,1,1,1.0,1
201400002603,0014-07-02 17:15:00,14,7,2,17,15,330,219,,,,Plein jour,Hors agglomération,Hors intersection,Normale,Deux véhicules - côté,,,,,,,,,,,1,1,1,1.0,3
201400002604,0014-08-25 10:30:00,14,8,25,10,30,330,548,,,,Plein jour,Hors agglomération,Hors intersection,Normale,Sans collision,,,,,,,,,,,1,1,1,1.0,7
201400002605,0014-10-18 17:45:00,14,10,18,17,45,330,317,,,,Plein jour,Hors agglomération,Hors intersection,Normale,Deux véhicules - frontale,,,,,,,,,,,1,1,1,1.0,1
201400002606,0014-01-20 11:00:00,14,1,20,11,0,240,571,parking intermarche D08,,,Plein jour,En agglomération,Autre intersection,Normale,Autre collision,,,,,,,,,,,1,2,9,1.0,6
201400002607,0014-03-13 07:15:00,14,3,13,7,15,240,26,LA RICHARDIE,45.1835,0.86564,Nuit sans éclairage public,Hors agglomération,Hors intersection,Normale,Autre collision,,,,,,,,,,,3,1,1,1.0,6
201400002608,0014-05-13 15:30:00,14,5,13,15,30,240,92,MONTFERRIER,44.9894,0.81501,Plein jour,Hors agglomération,Intersection en X,Normale,Deux véhicules - côté,,,,,,,,,,,1,1,2,1.0,3
201400002609,0014-06-08 07:00:00,14,6,8,7,0,240,156,LES VERSANNES,45.082,0.86235,Plein jour,Hors agglomération,Hors intersection,Normale,Sans collision,,,,,,,,,,,1,1,1,1.0,7
201400002610,0014-06-24 14:00:00,14,6,24,14,0,240,26,FONT D'UZERCHE,45.1952,0.80867,Plein jour,En agglomération,Intersection en X,Normale,Deux véhicules - côté,,,,,,,,,,,1,2,2,1.0,3
201400002611,0014-06-24 18:30:00,14,6,24,18,30,240,92,,44.9894,0.81501,Plein jour,Hors agglomération,Intersection en X,Normale,Deux véhicules - côté,,,,,,,,,,,1,1,2,1.0,3
201400002612,0014-08-22 09:00:00,14,8,22,9,0,240,160,,45.082,0.73326,Plein jour,Hors agglomération,Hors intersection,Normale,Autre collision,,,,,,,,,,,1,1,1,1.0,6
201400002613,0014-05-27 17:00:00,14,5,27,17,0,240,64,,45.3692,0.63866,Plein jour,Hors agglomération,Intersection en X,Temps couvert,Deux véhicules - côté,,,,,,,,,,,1,1,2,8.0,3
201400002614,0014-06-06 18:00:00,14,6,6,18,0,240,111,SAINTE MARIE DES BOIS,45.4386,0.6606,Plein jour,Hors agglomération,Hors intersection,Normale,Deux véhicules - frontale,,,,,,,,,,,1,1,1,1.0,1