accident_id,datetime,annee,mois,jour,heure,minute,departement,commune_insee,adresse,latitude,longitude,luminosite,agglomeration,intersection,meteo,collision,nb_vehicules,nb_usagers,nb_indemnes,nb_tues,nb_blesses_hosp,nb_blesses_legers,age_cond_1,age_cond_2,veh_type_cond_1,veh_type_cond_2,lum_code,agg_code,int_code,atm_code,col_code
201400002615,0014-07-31 11:45:00,14,7,31,11,45,240,42,D939/D106,45.3044,0.6633,Plein jour,Hors agglomération,Intersection en T,Normale,Trois véhicules et plus - collisions multiples,,,,,,,,,,,1,1,3,1.0,5
201400002616,0014-09-24 11:45:00,14,9,24,11,45,240,579,,45.43268,0.48679,Plein jour,Hors agglomération,Hors intersection,Normale,Autre collision,,,,,,,,,,,1,1,1,1.0,6
201400002617,0014-10-19 22:00:00,14,10,19,22,0,240,111,BELLEVUE,45.4386,0.6606,Nuit sans éclairage public,Hors agglomération,Hors intersection,Normale,Autre collision,,,,,,,,,,,3,1,1,1.0,6
201400002618,0014-12-03 14:30:00,14,12,3,14,30,240,474,CHARTEAU,45.4029,0.65659,Plein jour,Hors agglomération,Hors intersection,Normale,Sans collision,,,,,,,,,,,1,1,1,1.0,7
201400002619,0014-01-04 23:00:00,14,1,4,23,0,240,108,,45.2077,0.6073,Nuit sans éclairage public,Hors agglomération,Hors intersection,Normale,Sans collision,,,,,,,,,,,3,1,1,1.0,7
201400002620,0014-02-23 17:45:00,14,2,23,17,45,240,350,ROUTE DE R?RIGUEUX,45.1708,0.60706,Plein jour,Hors agglomération,Hors intersection,Normale,Autre collision,,,,,,,,,,,1,1,1,1.0,6
201400002621,0014-03-20 16:45:00,14,3,20,16,45,240,372,LA BORIE,45.1481,0.53464,Plein jour,En agglomération,Hors intersection,Normale,Deux véhicules - côté,,,,,,,,,,,1,2,1,1.0,3
201400002622,0014-06-04 08:30:00,14,6,4,8,30,240,266,LES BRANDES,45.2363,0.53803,Plein jour,Hors agglomération,Hors intersection,Pluie forte,Autre collision,,,,,,,,,,,1,1,1,3.0,6
201400002623,0014-07-10 16:45:00,14,7,10,16,45,240,372,FONTANEAU,45.136,0.48803,Plein jour,Hors agglomération,Hors intersection,Normale,Deux véhicules - frontale,,,,,,,,,,,1,1,1,1.0,1
201400002624,0014-07-19 13:30:00,14,7,19,13,30,240,236,RUE DU PONT,45.1727,0.59239,Plein jour,En agglomération,Hors intersection,Normale,Deux véhicules - frontale,,,,,,,,,,,1,2,1,1.0,1
201400002625,0014-07-31 15:30:00,14,7,31,15,30,240,108,LA COUDE,45.2319,0.65475,Plein jour,Hors agglomération,Intersection en T,Normale,Deux véhicules - frontale,,,,,,,,,,,1,1,3,1.0,1
201400002626,0014-10-25 17:15:00,14,10,25,17,15,240,442,LA LANDE,45.107,0.50181,Plein jour,Hors agglomération,Hors intersection,Normale,Deux véhicules - frontale,,,,,,,,,,,1,1,1,1.0,1
201400002627,0014-11-14 11:45:00,14,11,14,11,45,240,266,LES PLANCHES,45.2345,0.54001,Plein jour,Hors agglomération,Hors intersection,Pluie forte,Deux véhicules - frontale,,,,,,,,,,,1,1,1,3.0,1
201400002628,0014-12-17 17:30:00,14,12,17,17,30,240,372,JEVAH HAUT,45.1432,0.55744,Crépuscule ou aube,Hors agglomération,Intersection en X,Pluie forte,Trois véhicules et plus - collisions multiples,,,,,,,,,,,2,1,2,3.0,5
201400002629,0014-01-24 09:15:00,14,1,24,9,15,240,137,CHARDEUIL,45.3015,0.95713,Plein jour,Hors agglomération,Hors intersection,Pluie légère,Deux véhicules - côté,,,,,,,,,,,1,1,1,2.0,3
201400002630,0014-03-01 06:45:00,14,3,1,6,45,240,210,,45.2373,1.12632,Crépuscule ou aube,Hors agglomération,Intersection en T,Normale,Deux véhicules - côté,,,,,,,,,,,2,1,3,1.0,3
201400002631,0014-03-09 19:45:00,14,3,9,19,45,240,135,LE CHARETIER,45.2354,0.78514,Nuit sans éclairage public,Hors agglomération,Intersection en T,Normale,Deux véhicules - côté,,,,,,,,,,,3,1,3,1.0,3
201400002632,0014-07-18 10:30:00,14,7,18,10,30,240,11,LAURIERE,45.2237,0.86243,Plein jour,Hors agglomération,Intersection en T,Normale,Deux véhicules - frontale,,,,,,,,,,,1,1,3,1.0,1
201400002633,0014-08-10 09:30:00,14,8,10,9,30,240,270,CHENEVRIERE,45.1225,0.94849,Plein jour,Hors agglomération,Hors intersection,Normale,Sans collision,,,,,,,,,,,1,1,1,1.0,7
201400002634,0014-10-17 21:45:00,14,10,17,21,45,240,11,CHAUVEYROU,45.2454,0.82221,Nuit sans éclairage public,Hors agglomération,Hors intersection,Normale,Autre collision,,,,,,,,,,,3,1,1,1.0,6
201400002635,0014-11-14 20:45:00,14,11,14,20,45,240,401,GREZEN,45.2378,1.01217,Nuit sans éclairage public,Hors agglomération,Hors intersection,Pluie forte,Sans collision,,,,,,,,,,,3,1,1,3.0,7
201400002636,0014-11-20 17:30:00,14,11,20,17,30,240,448,,45.326,1.03241,Crépuscule ou aube,En agglomération,Hors intersection,Normale,Autre collision,,,,,,,,,,,2,2,1,1.0,6
201400002637,0014-12-12 16:30:00,14,12,12,16,30,240,19,LA FONDELNAUD,45.1717,1.07312,Plein jour,Hors agglomération,Hors intersection,Normale,Deux véhicules - frontale,,,,,,,,,,,1,1,1,1.0,1
201400002638,0014-01-16 06:15:00,14,1,16,6,15,440,41,Tournebride,47.083,-1.572,Nuit sans éclairage public,Hors agglomération,Hors intersection,Temps couvert,Deux véhicules - côté,,,,,,,,,,,3,1,1,8.0,3
201400002639,0014-01-09 08:45:00,14,1,9,8,45,240,340,SIVADAT,44.8558,0.47803,Plein jour,Hors agglomération,Intersection en T,Normale,Deux véhicules - côté,,,,,,,,,,,1,1,3,1.0,3
201400002640,0014-01-15 07:30:00,14,1,15,7,30,240,234,LE TILLER,44.9601,0.40947,Nuit sans éclairage public,Hors agglomération,Intersection en X,Temps couvert,Deux véhicules - côté,,,,,,,,,,,3,1,2,8.0,3
201400002641,0014-01-17 14:45:00,14,1,17,14,45,240,194,BRAILLAT,44.8378,0.31603,Plein jour,Hors agglomération,Hors intersection,Normale,Autre collision,,,,,,,,,,,1,1,1,1.0,6
201400002642,0014-03-10 09:15:00,14,3,10,9,15,240,233,LE PAS DE L'EYRAUD,44.929,0.43222,Plein jour,Hors agglomération,Intersection en X,Normale,Autre collision,,,,,,,,,,,1,1,2,1.0,6
201400002643,0014-04-08 17:00:00,14,4,8,17,0,240,211,LA VIGNE DE PEILLOU,45.0346,0.45908,Plein jour,Hors agglomération,Hors intersection,Normale,Autre collision,,,,,,,,,,,1,1,1,1.0,6
201400002644,0014-05-16 11:00:00,14,5,16,11,0,240,77,,44.9438,0.57002,Plein jour,Hors agglomération,Hors intersection,Normale,Deux véhicules - côté,,,,,,,,,,,1,1,1,1.0,3
201400002645,0014-07-16 16:45:00,14,7,16,16,45,240,222,D32/D4E2,44.8547,0.37062,Plein jour,Hors agglomération,Intersection en T,Normale,Deux véhicules - côté,,,,,,,,,,,1,1,3,1.0,3
201400002646,0014-08-09 08:00:00,14,8,9,8,0,240,340,ROUTE DES COMBES,44.8678,0.40151,Plein jour,Hors agglomération,Hors intersection,Normale,Deux véhicules - côté,,,,,,,,,,,1,1,1,1.0,3
201400002647,0014-02-08 19:45:00,14,2,8,19,45,240,28,FALGUEYRET,44.7504,0.77495,Nuit sans éclairage public,Hors agglomération,Hors intersection,Pluie légère,Deux véhicules - frontale,,,,,,,,,,,3,1,1,2.0,1
201400002648,0014-06-07 11:45:00,14,6,7,11,45,240,560,la salvagie,44.7988,0.94689,Plein jour,Hors agglomération,Hors intersection,Normale,Sans collision,,,,,,,,,,,1,1,1,1.0,7
201400002649,0014-03-06 05:00:00,14,3,6,5,0,240,382,,44.8444,0.64379,Nuit avec éclairage allumé,Hors agglomération,Hors intersection,Normale,Autre collision,,,,,,,,,,,5,1,1,1.0,6
201400002650,0014-10-26 12:15:00,14,10,26,12,15,240,167,33 BOULEVARD NATIONAL,44.6673,0.39888,Plein jour,En agglomération,Hors intersection,Normale,Autre collision,,,,,,,,,,,1,2,1,1.0,6
201400002651,0014-01-10 06:00:00,14,1,10,6,0,240,494,LE POTEAU DE GIAUD,44.956,0.14229,Nuit sans éclairage public,Hors agglomération,Hors intersection,Brouillard / fumée,Sans collision,,,,,,,,,,,3,1,1,5.0,7
201400002652,0014-04-02 03:30:00,14,4,2,3,30,240,264,LES CABANAUDS,44.9876,0.08566,Nuit sans éclairage public,Hors agglomération,Hors intersection,Normale,Sans collision,,,,,,,,,,,3,1,1,1.0,7
201400002653,0014-04-28 13:30:00,14,4,28,13,30,240,370,CHEMIN DES NOVETTES,44.8443,0.16204,Plein jour,En agglomération,Autre intersection,Normale,Deux véhicules - côté,,,,,,,,,,,1,2,9,1.0,3
201400002654,0014-08-09 15:15:00,14,8,9,15,15,240,292,LE VALLADOUX,44.8888,0.08082,Plein jour,Hors agglomération,Hors intersection,Pluie forte,Deux véhicules - côté,,,,,,,,,,,1,1,1,3.0,3
201400002655,0014-10-17 12:45:00,14,10,17,12,45,240,461,,44.9366,0.18253,Plein jour,Hors agglomération,Hors intersection,Normale,Deux véhicules - frontale,,,,,,,,,,,1,1,1,1.0,1
201400002656,0014-10-18 16:15:00,14,10,18,16,15,240,297,,45.0113,0.06537,Plein jour,Hors agglomération,Autre intersection,Normale,Deux véhicules - arrière,,,,,,,,,,,1,1,9,1.0,2
201400002657,0014-11-14 15:15:00,14,11,14,15,15,240,189,LE LARDOT,44.8698,0.18571,Plein jour,Hors agglomération,Hors intersection,Pluie légère,Deux véhicules - côté,,,,,,,,,,,1,1,1,2.0,3
201400002658,0014-02-12 07:15:00,14,2,12,7,15,240,71,,45.6309,0.60571,Crépuscule ou aube,Hors agglomération,Hors intersection,Autre,Deux véhicules - frontale,,,,,,,,,,,2,1,1,9.0,1
201400002659,0014-02-26 07:30:00,14,2,26,7,30,240,451,,45.5092,0.65291,Plein jour,Hors agglomération,Hors intersection,Normale,Deux véhicules - frontale,,,,,,,,,,,1,1,1,1.0,1
201400002660,0014-08-05 14:30:00,14,8,5,14,30,240,56,PAS BROUILLET,45.5613,0.64358,Plein jour,Hors agglomération,Hors intersection,Normale,Sans collision,,,,,,,,,,,1,1,1,1.0,7
201400002661,0014-09-17 18:00:00,14,9,17,18,0,240,498,VAURES,45.5518,0.87518,Plein jour,Hors agglomération,Hors intersection,Normale,Deux véhicules - frontale,,,,,,,,,,,1,1,1,1.0,1
201400002662,0014-12-23 14:00:00,14,12,23,14,0,240,311,PLACE AGARD,45.529,0.66221,Plein jour,En agglomération,Hors intersection,Normale,Autre collision,,,,,,,,,,,1,2,1,1.0,6
201400002663,0014-01-25 09:00:00,14,1,25,9,0,240,452,MOULIN DU CHAPT,45.3588,0.34923,Plein jour,Hors agglomération,Hors intersection,Pluie légère,Autre collision,,,,,,,,,,,1,1,1,2.0,6
201400002664,0014-02-02 08:30:00,14,2,2,8,30,240,38,LA CHAPELLE SICAIRE,45.2967,0.35743,Plein jour,Hors agglomération,Hors intersection,Autre,Deux véhicules - côté,,,,,,,,,,,1,1,1,9.0,3
201400002665,0014-02-27 15:45:00,14,2,27,15,45,240,460,LA PLAINE DES SPORTS,45.2479,0.41234,Plein jour,Hors agglomération,Hors intersection,Normale,Autre collision,,,,,,,,,,,1,1,1,1.0,6
201400002666,0014-03-19 16:30:00,14,3,19,16,30,240,564,NOTRE DAME DES CHAMPS,45.2239,0.28982,Plein jour,Hors agglomération,Intersection en X,Normale,Deux véhicules - côté,,,,,,,,,,,1,1,2,1.0,3
201400002667,0014-03-29 14:30:00,14,3,29,14,30,240,371,LE BOURG,45.1859,0.49523,Plein jour,En agglomération,Intersection en Y,Normale,Deux véhicules - frontale,,,,,,,,,,,1,2,4,1.0,1
201400002668,0014-06-11 07:30:00,14,6,11,7,30,240,154,LES PEYRONNIES,45.2472,0.45945,Plein jour,Hors agglomération,Intersection en Y,Normale,Deux véhicules - côté,,,,,,,,,,,1,1,4,1.0,3
201400002669,0014-06-21 09:00:00,14,6,21,9,0,240,154,LE BOURG,45.2493,0.42855,Plein jour,En agglomération,Hors intersection,Normale,Deux véhicules - frontale,,,,,,,,,,,1,2,1,1.0,1
201400002670,0014-07-12 23:00:00,14,7,12,23,0,240,114,D5/D43,45.2315,0.26324,Nuit sans éclairage public,Hors agglomération,Intersection en X,Normale,Deux véhicules - côté,,,,,,,,,,,3,1,2,1.0,3
201400002671,0014-08-24 13:15:00,14,8,24,13,15,240,553,BONAS,45.2676,0.51903,Plein jour,Hors agglomération,Hors intersection,Normale,Deux véhicules - frontale,,,,,,,,,,,1,1,1,1.0,1
201400002672,0014-10-01 12:15:00,14,10,1,12,15,240,482,CHEZ RIGANAUD,45.3122,0.27286,Plein jour,Hors agglomération,Autre intersection,Normale,Deux véhicules - frontale,,,,,,,,,,,1,1,9,1.0,1
201400002673,0014-11-10 13:30:00,14,11,10,13,30,240,508,LE BOURG,45.2613,0.43662,Plein jour,Hors agglomération,Hors intersection,Normale,Deux véhicules - frontale,,,,,,,,,,,1,1,1,1.0,1
201400002674,0014-12-12 01:00:00,14,12,12,1,0,240,119,,45.3717,0.37649,Nuit sans éclairage public,Hors agglomération,Hors intersection,Normale,Autre collision,,,,,,,,,,,3,1,1,1.0,6
201400002675,0014-02-18 08:15:00,14,2,18,8,15,240,309,LE COMBALOU,45.089,0.48388,Plein jour,Hors agglomération,Hors intersection,Normale,Autre collision,,,,,,,,,,,1,1,1,1.0,6
201400002676,0014-02-20 17:15:00,14,2,20,17,15,240,294,JARAUTY,44.9903,0.16085,Plein jour,Hors agglomération,Hors intersection,Normale,Autre collision,,,,,,,,,,,1,1,1,1.0,6
201400002677,0014-04-26 16:00:00,14,4,26,16,0,240,299,,45.0383,0.36957,Plein jour,Hors agglomération,Intersection en T,Pluie forte,Deux véhicules - côté,,,,,,,,,,,1,1,3,3.0,3
201400002678,0014-08-16 09:45:00,14,8,16,9,45,240,444,D3/D3E10,45.0588,0.38114,Plein jour,Hors agglomération,Intersection en Y,Normale,Deux véhicules - côté,,,,,,,,,,,1,1,4,1.0,3
201400002679,0014-08-22 07:00:00,14,8,22,7,0,240,264,PLAISANCE,45.0128,0.08347,Crépuscule ou aube,Hors agglomération,Hors intersection,Normale,Autre collision,,,,,,,,,,,2,1,1,1.0,6
201400002680,0014-09-10 19:30:00,14,9,10,19,30,240,294,BOUFFETIAS,45.037,0.20363,Plein jour,Hors agglomération,Hors intersection,Temps éblouissant,Sans collision,,,,,,,,,,,1,1,1,7.0,7
201400002681,0014-11-23 12:00:00,14,11,23,12,0,240,329,RUE DE COLY,45.0138,0.07704,Plein jour,En agglomération,Hors intersection,Normale,Sans collision,,,,,,,,,,,1,2,1,1.0,7
201400002682,0014-01-17 19:45:00,14,1,17,19,45,240,376,RUE DU GENERAL LECLERC,45.2047,0.14022,Nuit sans éclairage public,En agglomération,Hors intersection,Normale,Autre collision,,,,,,,,,,,3,2,1,1.0,6
201400002683,0014-07-02 19:15:00,14,7,2,19,15,240,376,VIRAGE DE L'HOMME MORT,45.1764,0.11366,Plein jour,Hors agglomération,Hors intersection,Normale,Sans collision,,,,,,,,,,,1,1,1,1.0,7
201400002684,0014-07-31 15:30:00,14,7,31,15,30,240,354,BELLE FONT,45.139,-0.0027,Plein jour,Hors agglomération,Intersection en T,Normale,Deux véhicules - arrière,,,,,,,,,,,1,1,3,1.0,2
201400002685,0014-08-13 14:15:00,14,8,13,14,15,240,354,,45.1578,0.00309,Plein jour,Hors agglomération,Hors intersection,Normale,Deux véhicules - côté,,,,,,,,,,,1,1,1,1.0,3
201400002686,0014-01-08 15:30:00,14,1,8,15,30,240,341,LE PECH ETERNEL,44.8942,1.23337,Plein jour,En agglomération,Hors intersection,Normale,Autre collision,,,,,,,,,,,1,2,1,1.0,6
201400002687,0014-05-08 17:15:00,14,5,8,17,15,240,366,ROUTE DE L'HOSTELLERIE,44.8954,1.18452,Plein jour,En agglomération,Intersection en Y,Normale,Deux véhicules - côté,,,,,,,,,,,1,2,4,1.0,3
201400002688,0014-05-31 11:30:00,14,5,31,11,30,240,516,AVENUE DE LA DORDOGNE,44.9728,1.32153,Plein jour,En agglomération,Hors intersection,Normale,Sans collision,,,,,,,,,,,1,2,1,1.0,7
201400002689,0014-07-20 17:45:00,14,7,20,17,45,240,82,,44.8408,1.27521,Plein jour,Hors agglomération,Hors intersection,Pluie légère,Deux véhicules - frontale,,,,,,,,,,,1,1,1,2.0,1
201400002690,0014-09-05 17:15:00,14,9,5,17,15,240,74,PECH D'ESTEVE,44.8444,1.33504,Plein jour,Hors agglomération,Hors intersection,Normale,Sans collision,,,,,,,,,,,1,1,1,1.0,7
201400002691,0014-09-11 18:00:00,14,9,11,18,0,240,520,AVENUE DE LA DORDOGNE,44.8765,1.21335,Plein jour,Hors agglomération,Hors intersection,Normale,Autre collision,,,,,,,,,,,1,1,1,1.0,6
201400002692,0014-10-27 15:45:00,14,10,27,15,45,240,471,LESPINASSE,44.9076,1.26347,Plein jour,Hors agglomération,Intersection en X,Temps éblouissant,Deux véhicules - frontale,,,,,,,,,,,1,1,2,7.0,1
201400002693,0014-11-17 16:15:00,14,11,17,16,15,240,366,BOIS DU PUYMARTIN,44.9124,1.14887,Crépuscule ou aube,Hors agglomération,Hors intersection,Pluie légère,Autre collision,,,,,,,,,,,2,1,1,2.0,6
201400002694,0014-05-19 11:15:00,14,5,19,11,15,240,547,AVENUE VICTOR HUGO,45.1302,1.29645,Plein jour,En agglomération,Hors intersection,Normale,Deux véhicules - côté,,,,,,,,,,,1,2,1,1.0,3
201400002695,0014-03-06 12:30:00,14,3,6,12,30,240,360,FONGAUFFIER,44.7894,1.01155,Plein jour,En agglomération,Hors intersection,Normale,Autre collision,,,,,,,,,,,1,2,1,1.0,6
201400002696,0014-04-11 16:45:00,14,4,11,16,45,240,91,ROUTE DE BACCAS,44.7846,1.20597,Plein jour,Hors agglomération,Intersection en X,Normale,Deux véhicules - côté,,,,,,,,,,,1,1,2,1.0,3
201400002697,0014-04-14 12:15:00,14,4,14,12,15,240,232,,44.621,1.04499,Plein jour,Hors agglomération,Hors intersection,Normale,Sans collision,,,,,,,,,,,1,1,1,1.0,7
201400002698,0014-05-08 17:15:00,14,5,8,17,15,240,386,ZONE D'ACTIVITE DE BEZET,44.6386,1.05913,Plein jour,Hors agglomération,Hors intersection,Normale,Trois véhicules et plus - collisions multiples,,,,,,,,,,,1,1,1,1.0,5
201400002699,0014-05-15 18:45:00,14,5,15,18,45,240,91,face magasin point vert,44.812,1.3,Plein jour,En agglomération,Hors intersection,Normale,Autre collision,,,,,,,,,,,1,2,1,1.0,6
201400002700,0014-06-08 10:30:00,14,6,8,10,30,240,91,,44.7976,1.19163,Plein jour,Hors agglomération,Hors intersection,Normale,Deux véhicules - frontale,,,,,,,,,,,1,1,1,1.0,1
201400002701,0014-06-22 10:30:00,14,6,22,10,30,240,207,,44.7994,1.30227,Plein jour,Hors agglomération,Hors intersection,Normale,Autre collision,,,,,,,,,,,1,1,1,1.0,6
201400002702,0014-02-06 16:45:00,14,2,6,16,45,240,67,LA BARDE,44.926,0.92955,Plein jour,Hors agglomération,Hors intersection,Temps couvert,Deux véhicules - frontale,,,,,,,,,,,1,1,1,8.0,1
201400002703,0014-05-09 17:30:00,14,5,9,17,30,240,172,,44.9263,1.08072,Plein jour,Hors agglomération,Intersection en T,Normale,Trois véhicules et plus - en chaîne,,,,,,,,,,,1,1,3,1.0,4
201400002704,0014-05-31 17:00:00,14,5,31,17,0,240,559,LE VIRAGE DE PELOU,44.9602,1.0436,Plein jour,Hors agglomération,Hors intersection,Normale,Deux véhicules - frontale,,,,,,,,,,,1,1,1,1.0,1
201400002705,0014-07-01 15:50:00,14,7,1,15,50,240,67,ROUTE DE CAMPAGNE,44.9052,0.9509,Plein jour,Hors agglomération,Hors intersection,Normale,Deux véhicules - côté,,,,,,,,,,,1,1,1,1.0,3
201400002706,0014-09-14 08:00:00,14,9,14,8,0,240,67,LE MOULIN DE LADOUCH,44.9295,0.9233,Plein jour,Hors agglomération,Hors intersection,Normale,Autre collision,,,,,,,,,,,1,1,1,1.0,6
201400002707,0014-09-16 10:00:00,14,9,16,10,0,240,67,AVENUE DE LA GARE,44.91242,0.93583,Plein jour,Hors agglomération,Hors intersection,Normale,Sans collision,,,,,,,,,,,1,1,1,1.0,7
201400002708,0014-06-20 19:30:00,14,6,20,19,30,240,547,AVENUE JULES FERRY,45.1312,1.29624,Plein jour,En agglomération,Hors intersection,Normale,Deux véhicules - côté,,,,,,,,,,,1,2,1,1.0,3
201400002709,0014-06-25 15:00:00,14,6,25,15,0,240,130,AVENUE DE COLY,45.12,1.22807,Plein jour,Hors agglomération,Hors intersection,Normale,Autre collision,,,,,,,,,,,1,1,1,1.0,6
201400002710,0014-10-11 19:15:00,14,10,11,19,15,240,291,,45.0809,1.16053,Crépuscule ou aube,Hors agglomération,Intersection en T,Normale,Deux véhicules - côté,,,,,,,,,,,2,1,3,1.0,3
201400002711,0014-02-16 21:15:00,14,2,16,21,15,400,250,,43.92447,-0.4394,Nuit sans éclairage public,Hors agglomération,Hors intersection,Normale,Autre collision,,,,,,,,,,,3,1,1,1.0,6
201400002712,0014-04-03 08:00:00,14,4,3,8,0,400,320,,43.9147,-0.53612,Crépuscule ou aube,Hors agglomération,Hors intersection,Pluie forte,Deux véhicules - côté,,,,,,,,,,,2,1,1,3.0,3
201400002713,0014-04-13 20:00:00,14,4,13,20,0,400,250,,43.91925,-0.44965,Plein jour,Hors agglomération,Hors intersection,Normale,Deux véhicules - frontale,,,,,,,,,,,1,1,1,1.0,1
201400002714,0014-05-07 07:15:00,14,5,7,7,15,400,250,,43.92736,-0.43447,Plein jour,Hors agglomération,Hors intersection,Normale,Trois véhicules et plus - collisions multiples,,,,,,,,,,,1,1,1,1.0,5
201400002715,0014-07-22 00:30:00,14,7,22,0,30,400,164,,44.14241,-0.28849,Nuit sans éclairage public,Hors agglomération,Hors intersection,Normale,Autre collision,,,,,,,,,,,3,1,1,1.0,6
201400002716,0014-08-15 09:00:00,14,8,15,9,0,400,137,,43.96559,-0.31499,Plein jour,Hors agglomération,Intersection en X,Normale,Deux véhicules - côté,,,,,,,,,,,1,1,2,1.0,3
201400002717,0014-08-31 06:30:00,14,8,31,6,30,400,234,,43.99937,-0.36424,Nuit sans éclairage public,Hors agglomération,Hors intersection,Normale,Autre collision,,,,,,,,,,,3,1,1,1.0,6
201400002718,0014-09-05 06:30:00,14,9,5,6,30,400,250,,43.92664,-0.43527,Nuit sans éclairage public,Hors agglomération,Hors intersection,Brouillard / fumée,Deux véhicules - frontale,,,,,,,,,,,3,1,1,5.0,1
201400002719,0014-10-09 23:00:00,14,10,9,23,0,400,62,,43.91585,-0.58042,Nuit sans éclairage public,Hors agglomération,Hors intersection,Pluie forte,Sans collision,,,,,,,,,,,3,1,1,3.0,7
201400002720,0014-11-08 09:15:00,14,11,8,9,15,400,245,place gambetta,44.03415,-0.32169,Plein jour,En agglomération,Giratoire,Normale,Autre collision,,,,,,,,,,,1,2,6,1.0,6
201400002721,0014-03-07 12:15:00,14,3,7,12,15,400,180,,43.85935,-0.71807,Plein jour,Hors agglomération,Hors intersection,Normale,Autre collision,,,,,,,,,,,1,1,1,1.0,6
201400002722,0014-09-24 15:30:00,14,9,24,15,30,400,309,,43.77635,-0.74149,Plein jour,Hors agglomération,Hors intersection,Normale,Deux véhicules - côté,,,,,,,,,,,1,1,1,1.0,3
201400002723,0014-10-04 20:00:00,14,10,4,20,0,400,313,Cours saint jacques,43.83206,-0.80694,Nuit avec éclairage allumé,En agglomération,Hors intersection,Normale,Autre collision,,,,,,,,,,,5,2,1,1.0,6
201400002724,0014-11-01 11:15:00,14,11,1,11,15,400,313,,43.82804,-0.83067,Plein jour,Hors agglomération,Hors intersection,Normale,Deux véhicules - frontale,,,,,,,,,,,1,1,1,1.0,1
201400002725,0014-11-12 03:00:00,14,11,12,3,0,400,243,,43.90562,-0.90444,Nuit avec éclairage non allumé,Hors agglomération,Giratoire,Normale,Autre collision,,,,,,,,,,,4,1,6,1.0,6
201400002726,0014-12-09 09:00:00,14,12,9,9,0,400,230,,43.82336,-0.96816,Plein jour,Hors agglomération,Passage à niveau,Temps éblouissant,Deux véhicules - frontale,,,,,,,,,,,1,1,8,7.0,1
201400002727,0014-01-19 22:00:00,14,1,19,22,0,400,283,ROUTE DU MARENSIN,43.75219,-1.00788,Nuit avec éclairage allumé,En agglomération,Hors intersection,Pluie légère,Autre collision,,,,,,,,,,,5,2,1,2.0,6
201400002728,0014-03-16 02:45:00,14,3,16,2,45,400,202,route du bois,43.68564,-1.01923,Nuit sans éclairage public,En agglomération,Hors intersection,Normale,Autre collision,,,,,,,,,,,3,2,1,1.0,6
201400002729,0014-05-17 19:15:00,14,5,17,19,15,400,202,route des pyrenees,43.69369,-1.01197,Plein jour,En agglomération,Hors intersection,Normale,Deux véhicules - arrière,,,,,,,,,,,1,2,1,1.0,2
201400002730,0014-05-17 18:30:00,14,5,17,18,30,400,277,,43.67346,-1.03531,Plein jour,Hors agglomération,Hors intersection,Normale,Deux véhicules - frontale,,,,,,,,,,,1,1,1,1.0,1
201400002731,0014-06-15 12:45:00,14,6,15,12,45,400,88,,43.78326,-1.11163,Plein jour,Hors agglomération,Hors intersection,Normale,Autre collision,,,,,,,,,,,1,1,1,1.0,6
201400002732,0014-06-26 05:45:00,14,6,26,5,45,400,123,,43.83351,-1.10246,Crépuscule ou aube,Hors agglomération,Hors intersection,Normale,Trois véhicules et plus - collisions multiples,,,,,,,,,,,2,1,1,1.0,5
201400002733,0014-07-14 11:00:00,14,7,14,11,0,400,294,Avenue de la Republique,43.67349,-0.99114,Plein jour,En agglomération,Hors intersection,Normale,Deux véhicules - côté,,,,,,,,,,,1,2,1,1.0,3
201400002734,0014-12-02 11:00:00,14,12,2,11,0,400,314,route des tucs,43.67414,-1.11393,Plein jour,En agglomération,Hors intersection,Normale,Deux véhicules - frontale,,,,,,,,,,,1,2,1,1.0,1
201400002735,0014-01-01 04:20:00,14,1,1,4,20,400,36,,43.62138,-1.38565,Nuit sans éclairage public,Hors agglomération,Hors intersection,Brouillard / fumée,Autre collision,,,,,,,,,,,3,1,1,5.0,6
201400002736,0014-03-20 17:00:00,14,3,20,17,0,400,304,Route des Lacs CD 652,43.66986,-1.39218,Plein jour,En agglomération,Hors intersection,Normale,Autre collision,,,,,,,,,,,1,2,1,1.0,6
201400002737,0014-04-05 05:00:00,14,4,5,5,0,400,65,av du Marechal Leclerc,43.65149,-1.43082,Nuit avec éclairage allumé,En agglomération,Hors intersection,Normale,Autre collision,,,,,,,,,,,5,2,1,1.0,6
201400002738,0014-05-07 14:30:00,14,5,7,14,30,400,4,,43.65785,-1.35569,Plein jour,Hors agglomération,Hors intersection,Normale,Sans collision,,,,,,,,,,,1,1,1,1.0,7
201400002739,0014-08-21 12:15:00,14,8,21,12,15,400,133,,43.59571,-1.42438,Plein jour,Hors agglomération,Hors intersection,Normale,Deux véhicules - côté,,,,,,,,,,,1,1,1,1.0,3
201400002740,0014-10-18 18:00:00,14,10,18,18,0,400,65,RUE DE LA SAVANE,43.64919,-1.44318,Plein jour,En agglomération,Intersection en T,Normale,Deux véhicules - côté,,,,,,,,,,,1,2,3,1.0,3
201400002741,0014-06-17 11:00:00,14,6,17,11,0,400,75,rond point de l'hort,43.86976,-1.13304,Plein jour,En agglomération,Hors intersection,Normale,Deux véhicules - arrière,,,,,,,,,,,1,2,1,1.0,2
201400002742,0014-08-07 10:45:00,14,8,7,10,45,400,150,469 route du puntaou,43.878,-1.30859,Plein jour,En agglomération,Intersection en X,Normale,Deux véhicules - côté,,,,,,,,,,,1,2,2,1.0,3