accident_id,datetime,annee,mois,jour,heure,minute,departement,commune_insee,adresse,latitude,longitude,luminosite,agglomeration,intersection,meteo,collision,nb_vehicules,nb_usagers,nb_indemnes,nb_tues,nb_blesses_hosp,nb_blesses_legers,age_cond_1,age_cond_2,veh_type_cond_1,veh_type_cond_2,lum_code,agg_code,int_code,atm_code,col_code
201400002743,0014-08-13 13:45:00,14,8,13,13,45,400,157,,43.99257,-1.27305,Plein jour,Hors agglomération,Hors intersection,Normale,Deux véhicules - côté,,,,,,,,,,,1,1,1,1.0,3
201400002744,0014-08-14 11:45:00,14,8,14,11,45,400,75,,43.84026,-1.10792,Plein jour,Hors agglomération,Hors intersection,Normale,Autre collision,,,,,,,,,,,1,1,1,1.0,6
201400002745,0014-01-29 20:15:00,14,1,29,20,15,400,249,,43.71973,-0.70088,Nuit sans éclairage public,Hors agglomération,Hors intersection,Pluie forte,Trois véhicules et plus - collisions multiples,,,,,,,,,,,3,1,1,3.0,5
201400002746,0014-02-07 10:00:00,14,2,7,10,0,400,89,,43.68395,-0.6617,Plein jour,Hors agglomération,Intersection en X,Normale,Deux véhicules - côté,,,,,,,,,,,1,1,2,1.0,3
201400002747,0014-05-09 15:15:00,14,5,9,15,15,400,126,,43.70537,-0.94849,Plein jour,Hors agglomération,Hors intersection,Normale,Deux véhicules - côté,,,,,,,,,,,1,1,1,1.0,3
201400002748,0014-07-06 18:15:00,14,7,6,18,15,400,236,,43.70347,-0.87952,Plein jour,Hors agglomération,Hors intersection,Temps couvert,Deux véhicules - frontale,,,,,,,,,,,1,1,1,8.0,1
201400002749,0014-07-25 12:30:00,14,7,25,12,30,400,69,,43.59778,-0.64466,Plein jour,Hors agglomération,Hors intersection,Normale,Deux véhicules - arrière,,,,,,,,,,,1,1,1,1.0,2
201400002750,0014-09-27 17:00:00,14,9,27,17,0,400,126,,43.70526,-0.94094,Plein jour,Hors agglomération,Intersection en X,Normale,Deux véhicules - côté,,,,,,,,,,,1,1,2,1.0,3
201400002751,0014-11-12 15:00:00,14,11,12,15,0,400,228,,43.61725,-0.81304,Plein jour,En agglomération,Hors intersection,Normale,Deux véhicules - frontale,,,,,,,,,,,1,2,1,1.0,1
201400002752,0014-03-09 15:15:00,14,3,9,15,15,400,231,,43.56087,-1.19486,Plein jour,Hors agglomération,Hors intersection,Normale,Deux véhicules - arrière,,,,,,,,,,,1,1,1,1.0,2
201400002753,0014-04-02 08:45:00,14,4,2,8,45,400,199,360  ROUTE D'ORTHEZ,43.5883,-0.87814,Plein jour,En agglomération,Hors intersection,Normale,Autre collision,,,,,,,,,,,1,2,1,1.0,6
201400002754,0014-04-09 21:30:00,14,4,9,21,30,400,233,,43.61754,-0.99226,Nuit sans éclairage public,Hors agglomération,Hors intersection,Normale,Autre collision,,,,,,,,,,,3,1,1,1.0,6
201400002755,0014-04-16 22:45:00,14,4,16,22,45,400,306,,43.53622,-1.07402,Nuit sans éclairage public,Hors agglomération,Hors intersection,Normale,Autre collision,,,,,,,,,,,3,1,1,1.0,6
201400002756,0014-04-25 04:15:00,14,4,25,4,15,400,206,,43.53095,-1.10905,Nuit sans éclairage public,Hors agglomération,Hors intersection,Pluie forte,Autre collision,,,,,,,,,,,3,1,1,3.0,6
201400002757,0014-05-21 18:00:00,14,5,21,18,0,400,306,rue darre lavielle,43.53022,-1.05481,Plein jour,En agglomération,Hors intersection,Normale,Autre collision,,,,,,,,,,,1,2,1,1.0,6
201400002758,0014-05-28 15:15:00,14,5,28,15,15,400,269,,43.62687,-1.11212,Plein jour,Hors agglomération,Hors intersection,Pluie légère,Deux véhicules - frontale,,,,,,,,,,,1,1,1,2.0,1
201400002759,0014-05-28 16:45:00,14,5,28,16,45,400,269,,43.63649,-1.10466,Plein jour,Hors agglomération,Hors intersection,Pluie légère,Deux véhicules - frontale,,,,,,,,,,,1,1,1,2.0,1
201400002760,0014-05-29 05:15:00,14,5,29,5,15,400,183,,43.66816,-0.96701,Nuit sans éclairage public,Hors agglomération,Hors intersection,Normale,Autre collision,,,,,,,,,,,3,1,1,1.0,6
201400002761,0014-06-01 23:30:00,14,6,1,23,30,400,183,CD 947 / ROUTE DU MOULIO,43.63498,-0.9354,Nuit sans éclairage public,Hors agglomération,Hors intersection,Normale,Deux véhicules - côté,,,,,,,,,,,3,1,1,1.0,3
201400002762,0014-06-10 17:45:00,14,6,10,17,45,400,233,route de Misson,43.60045,-0.98967,Plein jour,En agglomération,Hors intersection,Normale,Deux véhicules - côté,,,,,,,,,,,1,2,1,1.0,3
201400002763,0014-06-15 13:30:00,14,6,15,13,30,400,306,,43.53695,-1.0758,Plein jour,Hors agglomération,Hors intersection,Normale,Deux véhicules - frontale,,,,,,,,,,,1,1,1,1.0,1
201400002764,0014-06-20 09:00:00,14,6,20,9,0,400,212,,43.55747,-1.14598,Plein jour,En agglomération,Hors intersection,Temps éblouissant,Deux véhicules - côté,,,,,,,,,,,1,2,1,7.0,3
201400002765,0014-12-18 08:00:00,14,12,18,8,0,400,186,,43.58124,-0.96469,Crépuscule ou aube,Hors agglomération,Hors intersection,Pluie légère,Sans collision,,,,,,,,,,,2,1,1,2.0,7
201400002766,0014-02-22 04:30:00,14,2,22,4,30,400,261,,43.68219,-1.24426,Nuit sans éclairage public,Hors agglomération,Hors intersection,Normale,Autre collision,,,,,,,,,,,3,1,1,1.0,6
201400002767,0014-08-16 11:00:00,14,8,16,11,0,400,261,19 route de Dax,43.68802,-1.22652,Plein jour,En agglomération,Hors intersection,Normale,Autre collision,,,,,,,,,,,1,2,1,1.0,6
201400002768,0014-09-19 02:00:00,14,9,19,2,0,400,310,,43.71787,-1.34634,Nuit sans éclairage public,Hors agglomération,Autre intersection,Normale,Autre collision,,,,,,,,,,,3,1,9,1.0,6
201400002769,0014-10-21 19:45:00,14,10,21,19,45,400,284,,43.65359,-1.3105,Nuit sans éclairage public,Hors agglomération,Hors intersection,Normale,Deux véhicules - côté,,,,,,,,,,,3,1,1,1.0,3
201400002770,0014-10-27 12:30:00,14,10,27,12,30,400,284,CD810,43.65655,-1.31368,Plein jour,En agglomération,Hors intersection,Normale,Deux véhicules - côté,,,,,,,,,,,1,2,1,1.0,3
201400002771,0014-10-31 18:30:00,14,10,31,18,30,400,310,,43.76953,-1.39212,Nuit sans éclairage public,Hors agglomération,Hors intersection,Normale,Autre collision,,,,,,,,,,,3,1,1,1.0,6
201400002772,0014-02-16 05:00:00,14,2,16,5,0,400,312,RD 810,43.54789,-1.46094,Nuit sans éclairage public,En agglomération,Hors intersection,Normale,Autre collision,,,,,,,,,,,3,2,1,1.0,6
201400002773,0014-02-23 11:00:00,14,2,23,11,0,400,271,,43.57128,-1.20941,Plein jour,Hors agglomération,Hors intersection,Normale,Deux véhicules - côté,,,,,,,,,,,1,1,1,1.0,3
201400002774,0014-03-10 08:00:00,14,3,10,8,0,400,312,,43.55299,-1.45799,Plein jour,En agglomération,Hors intersection,Temps éblouissant,Autre collision,,,,,,,,,,,1,2,1,7.0,6
201400002775,0014-08-07 07:15:00,14,8,7,7,15,400,312,avenue du 1er mai,43.53446,-1.49471,Plein jour,En agglomération,Hors intersection,Normale,Sans collision,,,,,,,,,,,1,2,1,1.0,7
201400002776,0014-08-22 07:15:00,14,8,22,7,15,400,209,1290 Avenue du 8 Mai 194,43.55493,-1.43516,Crépuscule ou aube,En agglomération,Hors intersection,Normale,Autre collision,,,,,,,,,,,2,2,1,1.0,6
201400002777,0014-09-03 18:00:00,14,9,3,18,0,400,312,RUE ELSA TRIOLET,43.54946,-1.48803,Plein jour,En agglomération,Hors intersection,Normale,Deux véhicules - frontale,,,,,,,,,,,1,2,1,1.0,1
201400002778,0014-10-01 07:30:00,14,10,1,7,30,400,312,RD 817,43.51755,-1.42743,Crépuscule ou aube,En agglomération,Hors intersection,Normale,Deux véhicules - côté,,,,,,,,,,,2,2,1,1.0,3
201400002779,0014-10-07 18:45:00,14,10,7,18,45,400,312,boulevard jacques duclos,43.5299,-1.46222,Plein jour,En agglomération,Hors intersection,Normale,Deux véhicules - côté,,,,,,,,,,,1,2,1,1.0,3
201400002780,0014-10-31 15:30:00,14,10,31,15,30,400,209,1819 avenue du 11 r,43.56484,-1.46581,Plein jour,En agglomération,Hors intersection,Normale,Trois véhicules et plus - collisions multiples,,,,,,,,,,,1,2,1,1.0,5
201400002781,0014-01-15 19:00:00,14,1,15,19,0,400,332,30 rue Felix Arnaudin,44.32804,-0.95517,Nuit avec éclairage allumé,En agglomération,Hors intersection,Normale,Deux véhicules - côté,,,,,,,,,,,5,2,1,1.0,3
201400002782,0014-03-17 14:30:00,14,3,17,14,30,400,217,Rue du chateau d'eau,44.34588,-1.07076,Plein jour,En agglomération,Autre intersection,Normale,Deux véhicules - côté,,,,,,,,,,,1,2,9,1.0,3
201400002783,0014-03-27 08:30:00,14,3,27,8,30,400,46,,44.19936,-1.2016,Plein jour,Hors agglomération,Hors intersection,Temps couvert,Trois véhicules et plus - collisions multiples,,,,,,,,,,,1,1,1,8.0,5
201400002784,0014-04-18 17:45:00,14,4,18,17,45,400,46,,44.42522,-1.1625,Plein jour,Hors agglomération,Intersection en T,Normale,Deux véhicules - côté,,,,,,,,,,,1,1,3,1.0,3
201400002785,0014-04-30 20:45:00,14,4,30,20,45,400,46,,44.42191,-1.20649,Plein jour,Hors agglomération,Hors intersection,Normale,Deux véhicules - frontale,,,,,,,,,,,1,1,1,1.0,1
201400002786,0014-05-26 14:40:00,14,5,26,14,40,400,46,,44.43353,-1.13118,Plein jour,Hors agglomération,Hors intersection,Normale,Deux véhicules - frontale,,,,,,,,,,,1,1,1,1.0,1
201400002787,0014-10-22 20:30:00,14,10,22,20,30,400,46,,44.42169,-1.20519,Nuit sans éclairage public,Hors agglomération,Hors intersection,Normale,Deux véhicules - frontale,,,,,,,,,,,3,1,1,1.0,1
201400002788,0014-07-20 04:00:00,14,7,20,4,0,400,94,,44.17443,-1.0412,Nuit sans éclairage public,En agglomération,Hors intersection,Temps couvert,Autre collision,,,,,,,,,,,3,2,1,8.0,6
201400002789,0014-09-04 06:45:00,14,9,4,6,45,400,163,,44.26247,-0.99227,Crépuscule ou aube,Hors agglomération,Hors intersection,Brouillard / fumée,Deux véhicules - frontale,,,,,,,,,,,2,1,1,5.0,1
201400002790,0014-06-17 20:15:00,14,6,17,20,15,400,307,,44.32523,-0.60501,Plein jour,Hors agglomération,Hors intersection,Normale,Autre collision,,,,,,,,,,,1,1,1,1.0,6
201400002791,0014-08-08 18:15:00,14,8,8,18,15,400,227,,44.27736,-0.76517,Plein jour,Hors agglomération,Hors intersection,Temps couvert,Autre collision,,,,,,,,,,,1,1,1,8.0,6
201400002792,0014-08-01 19:30:00,14,8,1,19,30,400,295,,44.3867,0.91093,Plein jour,Hors agglomération,Hors intersection,Normale,Deux véhicules - arrière,,,,,,,,,,,1,1,1,1.0,2
201400002793,0014-09-19 13:45:00,14,9,19,13,45,400,227,,44.26456,-0.81202,Plein jour,Hors agglomération,Hors intersection,Normale,Autre collision,,,,,,,,,,,1,1,1,1.0,6
201400002794,0014-10-16 17:45:00,14,10,16,17,45,400,307,,44.3074,-0.58969,Plein jour,Hors agglomération,Intersection en T,Normale,Deux véhicules - côté,,,,,,,,,,,1,1,3,1.0,3
201400002795,0014-12-15 18:15:00,14,12,15,18,15,400,319,,44.2627,-0.7626,Nuit sans éclairage public,Hors agglomération,Hors intersection,Normale,Deux véhicules - côté,,,,,,,,,,,3,1,1,1.0,3
201400002796,0014-12-19 21:00:00,14,12,19,21,0,400,227,,44.29467,-0.78827,Nuit sans éclairage public,Hors agglomération,Intersection en X,Pluie légère,Deux véhicules - côté,,,,,,,,,,,3,1,2,2.0,3
201400002797,0014-06-12 08:15:00,14,6,12,8,15,400,184,,44.1807,-1.17237,Plein jour,Hors agglomération,Intersection en X,Normale,Deux véhicules - côté,,,,,,,,,,,1,1,2,1.0,3
201400002798,0014-08-09 11:00:00,14,8,9,11,0,400,229,,44.23739,-1.09005,Plein jour,Hors agglomération,Hors intersection,Pluie légère,Deux véhicules - frontale,,,,,,,,,,,1,1,1,2.0,1
201400002799,0014-08-18 14:15:00,14,8,18,14,15,400,182,,44.08796,-1.15425,Plein jour,Hors agglomération,Intersection en X,Normale,Deux véhicules - côté,,,,,,,,,,,1,1,2,1.0,3
201400002800,0014-12-25 06:15:00,14,12,25,6,15,400,184,Avenue de la plage,44.21095,-1.25837,Nuit avec éclairage allumé,En agglomération,Hors intersection,Normale,Deux véhicules - arrière,,,,,,,,,,,5,2,1,1.0,2
201400002801,0014-06-27 23:30:00,14,6,27,23,30,400,282,,43.74224,-0.55952,Nuit sans éclairage public,Hors agglomération,Hors intersection,Normale,Autre collision,,,,,,,,,,,3,1,1,1.0,6
201400002802,0014-10-04 17:15:00,14,10,4,17,15,400,188,route d'Hagetmau,43.61997,-0.63126,Plein jour,En agglomération,Hors intersection,Normale,Deux véhicules - côté,,,,,,,,,,,1,2,1,1.0,3
201400002803,0014-03-22 11:40:00,14,3,22,11,40,400,1,Avenue de verdun,43.70086,-0.26413,Plein jour,En agglomération,Hors intersection,Normale,Autre collision,,,,,,,,,,,1,2,1,1.0,6
201400002804,0014-06-14 05:30:00,14,6,14,5,30,400,80,,43.75026,-0.31606,Crépuscule ou aube,Hors agglomération,Hors intersection,Normale,Deux véhicules - frontale,,,,,,,,,,,2,1,1,1.0,1
201400002805,0014-06-21 07:30:00,14,6,21,7,30,400,275,,43.80758,-0.4541,Plein jour,Hors agglomération,Hors intersection,Normale,Autre collision,,,,,,,,,,,1,1,1,1.0,6
201400002806,0014-06-24 16:30:00,14,6,24,16,30,400,25,place Jean Jaures,43.82195,-0.41998,Plein jour,En agglomération,Place,Normale,Deux véhicules - frontale,,,,,,,,,,,1,2,7,1.0,1
201400002807,0014-10-09 19:45:00,14,10,9,19,45,400,110,place l'H?tel de ville,43.64026,-0.37839,Nuit sans éclairage public,En agglomération,Place,Pluie légère,Autre collision,,,,,,,,,,,3,2,7,2.0,6
201400002808,0014-10-20 06:45:00,14,10,20,6,45,400,286,,43.61843,-0.45803,Nuit sans éclairage public,Hors agglomération,Hors intersection,Normale,Deux véhicules - côté,,,,,,,,,,,3,1,1,1.0,3
201400002809,0014-10-26 19:00:00,14,10,26,19,0,400,117,,43.7722,-0.4234,Nuit sans éclairage public,Hors agglomération,Hors intersection,Normale,Autre collision,,,,,,,,,,,3,1,1,1.0,6
201400002810,0014-11-30 06:30:00,14,11,30,6,30,400,55,,43.84949,-0.47822,Nuit sans éclairage public,Hors agglomération,Hors intersection,Normale,Deux véhicules - côté,,,,,,,,,,,3,1,1,1.0,3
201400002811,0014-09-25 12:30:00,14,9,25,12,30,400,172,,43.58654,-0.53574,Plein jour,Hors agglomération,Hors intersection,Normale,Deux véhicules - frontale,,,,,,,,,,,1,1,1,1.0,1
201400002812,0014-03-24 16:15:00,14,3,24,16,15,400,161,,44.09318,-0.02007,Plein jour,Hors agglomération,Hors intersection,Pluie légère,Autre collision,,,,,,,,,,,1,1,1,2.0,6
201400002813,0014-05-06 12:15:00,14,5,6,12,15,400,131,,43.94839,-0.15209,Plein jour,Hors agglomération,Hors intersection,Normale,Sans collision,,,,,,,,,,,1,1,1,1.0,7
201400002814,0014-07-17 21:00:00,14,7,17,21,0,400,96,,44.02617,-0.1352,Plein jour,Hors agglomération,Hors intersection,Normale,Autre collision,,,,,,,,,,,1,1,1,1.0,6
201400002815,0014-08-28 13:45:00,14,8,28,13,45,400,267,,44.01409,-0.26646,Plein jour,Hors agglomération,Hors intersection,Normale,Autre collision,,,,,,,,,,,1,1,1,1.0,6
201400002816,0014-10-02 13:00:00,14,10,2,13,0,400,137,,43.96556,-0.31494,Plein jour,Hors agglomération,Intersection en T,Normale,Deux véhicules - côté,,,,,,,,,,,1,1,3,1.0,3
201400002817,0014-10-24 15:00:00,14,10,24,15,0,400,331,chemin de la cote rouge,43.88184,-0.31418,Plein jour,En agglomération,Hors intersection,Temps éblouissant,Deux véhicules - frontale,,,,,,,,,,,1,2,1,7.0,1
201400002818,0014-01-08 08:15:00,14,1,8,8,15,470,91,PLACE DE LA MAIRIE,44.1687,0.57709,Plein jour,En agglomération,Intersection en T,Normale,Deux véhicules - frontale,,,,,,,,,,,1,2,3,1.0,1
201400002819,0014-01-11 18:30:00,14,1,11,18,30,470,225,Parking Intermarch?,,,Nuit avec éclairage non allumé,En agglomération,Hors intersection,Normale,Deux véhicules - frontale,,,,,,,,,,,4,2,1,1.0,1
201400002820,0014-01-22 08:00:00,14,1,22,8,0,470,40,avenue Des Landes,,,Plein jour,En agglomération,Intersection en T,Pluie légère,Deux véhicules - côté,,,,,,,,,,,1,2,3,2.0,3
201400002821,0014-02-21 20:15:00,14,2,21,20,15,470,145,,,,Nuit sans éclairage public,Hors agglomération,Hors intersection,Pluie légère,Deux véhicules - frontale,,,,,,,,,,,3,1,1,2.0,1
201400002822,0014-03-02 14:30:00,14,3,2,14,30,470,69,,44.22,0.601,Plein jour,Hors agglomération,Hors intersection,Normale,Trois véhicules et plus - en chaîne,,,,,,,,,,,1,1,1,1.0,4
201400002823,0014-04-13 16:45:00,14,4,13,16,45,470,145,,44.1279,0.65955,Plein jour,Hors agglomération,Hors intersection,Normale,Deux véhicules - frontale,,,,,,,,,,,1,1,1,1.0,1
201400002824,0014-04-14 14:15:00,14,4,14,14,15,470,19,,44.239,0.70028,Plein jour,Hors agglomération,Intersection en T,Normale,Deux véhicules - côté,,,,,,,,,,,1,1,3,1.0,3
201400002825,0014-05-07 14:45:00,14,5,7,14,45,470,69,D107/ROUTE SANS NOM,44.2346,0.54786,Plein jour,En agglomération,Hors intersection,Normale,Deux véhicules - côté,,,,,,,,,,,1,2,1,1.0,3
201400002826,0014-05-10 12:00:00,14,5,10,12,0,470,225,38 Rue de Sartre,,,Plein jour,En agglomération,Hors intersection,Normale,Deux véhicules - frontale,,,,,,,,,,,1,2,1,1.0,1
201400002827,0014-05-12 16:15:00,14,5,12,16,15,470,91,,44.1823,0.57291,Plein jour,Hors agglomération,Intersection en T,Normale,Deux véhicules - côté,,,,,,,,,,,1,1,3,1.0,3
201400002828,0014-05-23 16:00:00,14,5,23,16,0,470,100,,44.2388,0.63896,Plein jour,Hors agglomération,Hors intersection,Normale,Deux véhicules - frontale,,,,,,,,,,,1,1,1,1.0,1
201400002829,0014-05-26 13:45:00,14,5,26,13,45,470,209,,44.2175,0.65709,Plein jour,Hors agglomération,Hors intersection,Normale,Deux véhicules - frontale,,,,,,,,,,,1,1,1,1.0,1
201400002830,0014-07-05 09:30:00,14,7,5,9,30,470,91,,44.1632,0.57898,Plein jour,Hors agglomération,Hors intersection,Normale,Deux véhicules - côté,,,,,,,,,,,1,1,1,1.0,3
201400002831,0014-10-25 00:30:00,14,10,25,0,30,470,137,,44.1501,0.52215,Nuit sans éclairage public,Hors agglomération,Hors intersection,Normale,Sans collision,,,,,,,,,,,3,1,1,1.0,7
201400002832,0014-10-28 18:45:00,14,10,28,18,45,470,145,,,,Nuit sans éclairage public,Hors agglomération,Intersection en T,Normale,Deux véhicules - frontale,,,,,,,,,,,3,1,3,1.0,1
201400002833,0014-03-20 07:15:00,14,3,20,7,15,470,276,,,,Crépuscule ou aube,Hors agglomération,Intersection en T,Normale,Deux véhicules - frontale,,,,,,,,,,,2,1,3,1.0,1
201400002834,0014-08-07 10:00:00,14,8,7,10,0,470,154,,44.2549,0.54788,Plein jour,Hors agglomération,Hors intersection,Temps couvert,Deux véhicules - côté,,,,,,,,,,,1,1,1,8.0,3
201400002835,0014-10-02 14:45:00,14,10,2,14,45,470,4,,44.2988,0.34266,Plein jour,Hors agglomération,Hors intersection,Normale,Deux véhicules - frontale,,,,,,,,,,,1,1,1,1.0,1
201400002836,0014-11-05 18:00:00,14,11,5,18,0,470,210,,,,Nuit avec éclairage allumé,Hors agglomération,Autre intersection,Normale,Deux véhicules - frontale,,,,,,,,,,,5,1,9,1.0,1
201400002837,0014-11-22 17:45:00,14,11,22,17,45,470,4,,44.307,0.34209,Plein jour,Hors agglomération,Hors intersection,Normale,Autre collision,,,,,,,,,,,1,1,1,1.0,6
201400002838,0014-08-22 15:45:00,14,8,22,15,45,470,217,,44.189,0.79346,Plein jour,Hors agglomération,Hors intersection,Normale,Sans collision,,,,,,,,,,,1,1,1,1.0,7
201400002839,0014-08-22 18:00:00,14,8,22,18,0,470,87,,44.2573,0.92278,Plein jour,Hors agglomération,Hors intersection,Normale,Sans collision,,,,,,,,,,,1,1,1,1.0,7
201400002840,0014-09-05 15:15:00,14,9,5,15,15,470,51,rond point de siailles,44.184,0.676,Plein jour,En agglomération,Giratoire,Normale,Deux véhicules - arrière,,,,,,,,,,,1,2,6,1.0,2
201400002841,0014-09-14 13:30:00,14,9,14,13,30,470,273,LIEU-DIT LE ROCAL,,,Plein jour,Hors agglomération,Hors intersection,Normale,Autre collision,,,,,,,,,,,1,1,1,1.0,6
201400002842,0014-10-27 18:00:00,14,10,27,18,0,470,274,,44.1615,0.78214,Crépuscule ou aube,Hors agglomération,Intersection en Y,Normale,Deux véhicules - côté,,,,,,,,,,,2,1,4,1.0,3
201400002843,0014-11-08 17:30:00,14,11,8,17,30,470,248,,44.1577,0.72671,Crépuscule ou aube,Hors agglomération,Hors intersection,Normale,Deux véhicules - côté,,,,,,,,,,,2,1,1,1.0,3
201400002844,0014-01-04 17:00:00,14,1,4,17,0,470,157,,44.5112,0.20039,Crépuscule ou aube,Hors agglomération,Intersection en X,Temps couvert,Deux véhicules - côté,,,,,,,,,,,2,1,2,8.0,3
201400002845,0014-01-24 10:30:00,14,1,24,10,30,470,157,,,,Plein jour,Hors agglomération,Hors intersection,Pluie forte,Deux véhicules - frontale,,,,,,,,,,,1,1,1,3.0,1
201400002846,0014-03-06 17:15:00,14,3,6,17,15,470,157,boulevard meyniel,,,Plein jour,En agglomération,Hors intersection,Normale,Deux véhicules - côté,,,,,,,,,,,1,2,1,1.0,3
201400002847,0014-03-16 20:30:00,14,3,16,20,30,470,28,,,,Nuit sans éclairage public,Hors agglomération,Intersection en T,Normale,Sans collision,,,,,,,,,,,3,1,3,1.0,7
201400002848,0014-03-28 17:00:00,14,3,28,17,0,470,157,,,,Plein jour,Hors agglomération,Hors intersection,Normale,Deux véhicules - côté,,,,,,,,,,,1,1,1,1.0,3
201400002849,0014-04-05 11:30:00,14,4,5,11,30,470,157,,44.5041,0.15228,Plein jour,Hors agglomération,Intersection en X,Normale,Deux véhicules - côté,,,,,,,,,,,1,1,2,1.0,3
201400002850,0014-04-18 12:00:00,14,4,18,12,0,470,157,,44.5021,0.15662,Plein jour,En agglomération,Hors intersection,Normale,Autre collision,,,,,,,,,,,1,2,1,1.0,6
201400002851,0014-05-08 10:30:00,14,5,8,10,30,470,28,,,,Plein jour,Hors agglomération,Hors intersection,Normale,Deux véhicules - arrière,,,,,,,,,,,1,1,1,1.0,2
201400002852,0014-06-04 14:00:00,14,6,4,14,0,470,24,COTES DU FORGERON,44.5281,0.14704,Plein jour,Hors agglomération,Hors intersection,Normale,Deux véhicules - côté,,,,,,,,,,,1,1,1,1.0,3
201400002853,0014-06-06 15:30:00,14,6,6,15,30,470,157,AVENUE MAR?CHAL JOFFRE,44.4963,0.17337,Plein jour,En agglomération,Hors intersection,Normale,Autre collision,,,,,,,,,,,1,2,1,1.0,6
201400002854,0014-07-06 11:15:00,14,7,6,11,15,470,157,A.CONDORCET/A.G.BRASSENS,44.5167,0.18214,Plein jour,Hors agglomération,Hors intersection,Normale,Deux véhicules - côté,,,,,,,,,,,1,1,1,1.0,3
201400002855,0014-12-10 08:00:00,14,12,10,8,0,470,157,BUZET,44.5281,0.15753,Crépuscule ou aube,En agglomération,Autre intersection,Normale,Deux véhicules - côté,,,,,,,,,,,2,2,9,1.0,3
201400002856,0014-12-13 18:45:00,14,12,13,18,45,470,157,,,,Nuit sans éclairage public,Hors agglomération,Intersection en X,Pluie légère,Deux véhicules - côté,,,,,,,,,,,3,1,2,2.0,3
201400002857,0014-04-07 18:00:00,14,4,7,18,0,470,226,,,,Plein jour,Hors agglomération,Hors intersection,Normale,Deux véhicules - frontale,,,,,,,,,,,1,1,1,1.0,1
201400002858,0014-04-18 10:30:00,14,4,18,10,30,470,168,,44.605,0.34657,Plein jour,Hors agglomération,Intersection en X,Normale,Deux véhicules - côté,,,,,,,,,,,1,1,2,1.0,3
201400002859,0014-01-09 13:45:00,14,1,9,13,45,470,165,,,,Plein jour,Hors agglomération,Intersection en X,Normale,Deux véhicules - côté,,,,,,,,,,,1,1,2,1.0,3
201400002860,0014-09-07 09:00:00,14,9,7,9,0,470,68,,,,Plein jour,Hors agglomération,Hors intersection,Normale,Sans collision,,,,,,,,,,,1,1,1,1.0,7
201400002861,0014-10-08 19:45:00,14,10,8,19,45,470,121,LDT LES GRAVILLONS,44.35,0.10731,Nuit sans éclairage public,Hors agglomération,Hors intersection,Normale,Deux véhicules - arrière,,,,,,,,,,,3,1,1,1.0,2
201400002862,0014-12-10 18:45:00,14,12,10,18,45,470,34,,44.411,0.126,Nuit sans éclairage public,Hors agglomération,Hors intersection,Pluie légère,Deux véhicules - côté,,,,,,,,,,,3,1,1,2.0,3
201400002863,0014-12-12 19:15:00,14,12,12,19,15,470,156,LDT LUCMAJOU,44.4991,0.08621,Nuit sans éclairage public,Hors agglomération,Hors intersection,Normale,Sans collision,,,,,,,,,,,3,1,1,1.0,7
201400002864,0014-01-05 01:30:00,14,1,5,1,30,470,95,,,,Nuit sans éclairage public,Hors agglomération,Hors intersection,Pluie légère,Autre collision,,,,,,,,,,,3,1,1,2.0,6
201400002865,0014-05-08 11:00:00,14,5,8,11,0,470,112,,44.413,0.38781,Plein jour,Hors agglomération,Hors intersection,Normale,Sans collision,,,,,,,,,,,1,1,1,1.0,7
201400002866,0014-05-25 11:00:00,14,5,25,11,0,470,310,,44.3735,0.31874,Plein jour,Hors agglomération,Hors intersection,Normale,Autre collision,,,,,,,,,,,1,1,1,1.0,6
201400002867,0014-05-28 19:15:00,14,5,28,19,15,470,310,AYET,44.3472,0.31973,Plein jour,Hors agglomération,Hors intersection,Normale,Autre collision,,,,,,,,,,,1,1,1,1.0,6
201400002868,0014-06-09 11:30:00,14,6,9,11,30,470,316,,44.4243,0.34652,Plein jour,Hors agglomération,Intersection en T,Normale,Deux véhicules - côté,,,,,,,,,,,1,1,3,1.0,3
201400002869,0014-06-30 02:45:00,14,6,30,2,45,470,325,PONT DU CANAL,44.3622,0.27185,Nuit sans éclairage public,En agglomération,Hors intersection,Normale,Autre collision,,,,,,,,,,,3,2,1,1.0,6
201400002870,0014-07-22 07:45:00,14,7,22,7,45,470,42,,44.4387,0.48304,Plein jour,Hors agglomération,Hors intersection,Normale,Autre collision,,,,,,,,,,,1,1,1,1.0,6
201400002871,0014-08-15 15:45:00,14,8,15,15,45,470,65,,44.389,0.307,Plein jour,Hors agglomération,Hors intersection,Normale,Autre collision,,,,,,,,,,,1,1,1,1.0,6
201400002872,0014-10-19 09:00:00,14,10,19,9,0,470,101,,44.455,0.14981,Plein jour,Hors agglomération,Hors intersection,Normale,Autre collision,,,,,,,,,,,1,1,1,1.0,6