accident_id,datetime,annee,mois,jour,heure,minute,departement,commune_insee,adresse,latitude,longitude,luminosite,agglomeration,intersection,meteo,collision,nb_vehicules,nb_usagers,nb_indemnes,nb_tues,nb_blesses_hosp,nb_blesses_legers,age_cond_1,age_cond_2,veh_type_cond_1,veh_type_cond_2,lum_code,agg_code,int_code,atm_code,col_code
201400002873,0014-11-03 17:45:00,14,11,3,17,45,470,298,,44.418,0.22916,Crépuscule ou aube,Hors agglomération,Hors intersection,Pluie légère,Sans collision,,,,,,,,,,,2,1,1,2.0,7
201400002874,0014-11-04 10:00:00,14,11,4,10,0,470,310,,44.406,0.32508,Crépuscule ou aube,En agglomération,Intersection en T,Pluie légère,Deux véhicules - frontale,,,,,,,,,,,2,2,3,2.0,1
201400002875,0014-11-25 10:15:00,14,11,25,10,15,470,4,,44.3213,0.35155,Plein jour,Hors agglomération,Hors intersection,Pluie légère,Sans collision,,,,,,,,,,,1,1,1,2.0,7
201400002876,0014-04-16 11:30:00,14,4,16,11,30,470,52,"""LA CARDINE""",44.3075,0.09423,Plein jour,En agglomération,Intersection en X,Normale,Deux véhicules - côté,,,,,,,,,,,1,2,2,1.0,3
201400002877,0014-05-10 11:30:00,14,5,10,11,30,470,205,,,,Plein jour,Hors agglomération,Hors intersection,Normale,Deux véhicules - arrière,,,,,,,,,,,1,1,1,1.0,2
201400002878,0014-05-13 16:30:00,14,5,13,16,30,470,85,LE BOURG,44.1652,0.15625,Plein jour,En agglomération,Hors intersection,Temps couvert,Deux véhicules - côté,,,,,,,,,,,1,2,1,8.0,3
201400002879,0014-11-20 13:45:00,14,11,20,13,45,470,78,,44.2903,0.28486,Plein jour,Hors agglomération,Intersection en T,Normale,Deux véhicules - côté,,,,,,,,,,,1,1,3,1.0,3
201400002880,0014-06-06 14:30:00,14,6,6,14,30,470,228,,44.3337,0.7163,Plein jour,Hors agglomération,Giratoire,Normale,Sans collision,,,,,,,,,,,1,1,6,1.0,7
201400002881,0014-06-09 15:15:00,14,6,9,15,15,470,280,LIEU-DIT RIGOULI?RES,44.415,0.83423,Plein jour,Hors agglomération,Hors intersection,Normale,Trois véhicules et plus - collisions multiples,,,,,,,,,,,1,1,1,1.0,5
201400002882,0014-06-29 07:00:00,14,6,29,7,0,470,280,LIEU-DIT BONGRAT,44.4216,0.83195,Plein jour,Hors agglomération,Hors intersection,Normale,Autre collision,,,,,,,,,,,1,1,1,1.0,6
201400002883,0014-02-10 09:00:00,14,2,10,9,0,470,299,,,,Plein jour,Hors agglomération,Hors intersection,Temps couvert,Sans collision,,,,,,,,,,,1,1,1,8.0,7
201400002884,0014-03-30 15:00:00,14,3,30,15,0,470,193,,,,Plein jour,Hors agglomération,Hors intersection,Temps couvert,Sans collision,,,,,,,,,,,1,1,1,8.0,7
201400002885,0014-06-10 14:15:00,14,6,10,14,15,470,55,RN21,44.4966,0.66823,Plein jour,En agglomération,Hors intersection,Normale,Deux véhicules - côté,,,,,,,,,,,1,2,1,1.0,3
201400002886,0014-12-15 15:45:00,14,12,15,15,45,470,57,AVENUE DE L'HIRONDELLE,44.6519,0.59057,Plein jour,En agglomération,Hors intersection,Normale,Deux véhicules - côté,,,,,,,,,,,1,2,1,1.0,3
201400002887,0014-01-31 17:30:00,14,1,31,17,30,470,77,,44.5417,0.91934,Plein jour,Hors agglomération,Intersection en X,Temps couvert,Deux véhicules - côté,,,,,,,,,,,1,1,2,8.0,3
201400002888,0014-03-06 17:00:00,14,3,6,17,0,470,106,,,,Plein jour,Hors agglomération,Intersection en X,Normale,Deux véhicules - côté,,,,,,,,,,,1,1,2,1.0,3
201400002889,0014-05-11 18:30:00,14,5,11,18,30,470,77,,44.5303,0.92976,Plein jour,Hors agglomération,Hors intersection,Normale,Autre collision,,,,,,,,,,,1,1,1,1.0,6
201400002890,0014-07-11 14:30:00,14,7,11,14,30,470,185,,44.4636,0.95365,Plein jour,Hors agglomération,Hors intersection,Pluie légère,Deux véhicules - frontale,,,,,,,,,,,1,1,1,2.0,1
201400002891,0014-05-10 10:15:00,14,5,10,10,15,470,252,LDT PORTELY,44.4312,0.62252,Plein jour,Hors agglomération,Hors intersection,Normale,Sans collision,,,,,,,,,,,1,1,1,1.0,7
201400002892,0014-05-10 13:45:00,14,5,10,13,45,470,81,,44.3604,0.59206,Plein jour,Hors agglomération,Hors intersection,Normale,Deux véhicules - frontale,,,,,,,,,,,1,1,1,1.0,1
201400002893,0014-06-26 15:30:00,14,6,26,15,30,470,81,LIEU-DIT LES BOUSIGUES,44.357,0.598,Plein jour,Hors agglomération,Hors intersection,Normale,Deux véhicules - frontale,,,,,,,,,,,1,1,1,1.0,1
201400002894,0014-07-22 21:45:00,14,7,22,21,45,470,306,LIEU_DIT GAZAT,,,Nuit sans éclairage public,Hors agglomération,Hors intersection,Normale,Deux véhicules - frontale,,,,,,,,,,,3,1,1,1.0,1
201400002895,0014-08-16 06:30:00,14,8,16,6,30,470,306,,44.39,0.547,Crépuscule ou aube,Hors agglomération,Hors intersection,Normale,Autre collision,,,,,,,,,,,2,1,1,1.0,6
201400002896,0014-03-01 12:15:00,14,3,1,12,15,640,315,,43.301,-0.418,Plein jour,Hors agglomération,Giratoire,Temps couvert,Deux véhicules - côté,,,,,,,,,,,1,1,6,8.0,3
201400002897,0014-03-11 18:30:00,14,3,11,18,30,640,72,,43.264,-0.476,Plein jour,Hors agglomération,Hors intersection,Normale,Sans collision,,,,,,,,,,,1,1,1,1.0,7
201400002898,0014-05-10 16:00:00,14,5,10,16,0,640,230,,43.232,-0.381,Plein jour,Hors agglomération,Hors intersection,Normale,Sans collision,,,,,,,,,,,1,1,1,1.0,7
201400002899,0014-05-24 18:45:00,14,5,24,18,45,640,230,,,,Plein jour,Hors agglomération,Hors intersection,Normale,Deux véhicules - côté,,,,,,,,,,,1,1,1,1.0,3
201400002900,0014-06-18 19:15:00,14,6,18,19,15,640,324,,43.225,-0.512,Plein jour,Hors agglomération,Hors intersection,Normale,Sans collision,,,,,,,,,,,1,1,1,1.0,7
201400002901,0014-02-05 20:30:00,14,2,5,20,30,640,329,CD817/CD613,,,Nuit avec éclairage non allumé,En agglomération,Hors intersection,Normale,Deux véhicules - arrière,,,,,,,,,,,4,2,1,1.0,2
201400002902,0014-05-08 23:15:00,14,5,8,23,15,640,152,CHEMIN DIT PETIT,,,Nuit sans éclairage public,En agglomération,Hors intersection,Normale,Autre collision,,,,,,,,,,,3,2,1,1.0,6
201400002903,0014-05-16 16:45:00,14,5,16,16,45,640,405,,,,Plein jour,Hors agglomération,Hors intersection,Normale,Autre collision,,,,,,,,,,,1,1,1,1.0,6
201400002904,0014-06-13 08:30:00,14,6,13,8,30,640,526,45 avenue LASBORDES,43.27,-0.189,Plein jour,Hors agglomération,Passage à niveau,Normale,Autre collision,,,,,,,,,,,1,1,8,1.0,6
201400002905,0014-07-17 18:30:00,14,7,17,18,30,640,372,,,,Plein jour,Hors agglomération,Intersection en X,Temps éblouissant,Deux véhicules - côté,,,,,,,,,,,1,1,2,7.0,3
201400002906,0014-09-01 16:45:00,14,9,1,16,45,640,405,,,,Plein jour,Hors agglomération,Hors intersection,Temps éblouissant,Autre collision,,,,,,,,,,,1,1,1,7.0,6
201400002907,0014-12-19 03:00:00,14,12,19,3,0,640,60,,,,Nuit sans éclairage public,Hors agglomération,Giratoire,Pluie légère,Autre collision,,,,,,,,,,,3,1,6,2.0,6
201400002908,0014-01-09 08:45:00,14,1,9,8,45,640,54,,,,Plein jour,Hors agglomération,Hors intersection,Normale,Autre collision,,,,,,,,,,,1,1,1,1.0,6
201400002909,0014-02-04 07:30:00,14,2,4,7,30,640,191,,,,Crépuscule ou aube,Hors agglomération,Hors intersection,Autre,Deux véhicules - côté,,,,,,,,,,,2,1,1,9.0,3
201400002910,0014-04-11 16:30:00,14,4,11,16,30,640,339,ROUTE DE LOURDES,43.128,-0.206,Plein jour,En agglomération,Hors intersection,Normale,Autre collision,,,,,,,,,,,1,2,1,1.0,6
201400002911,0014-05-11 18:30:00,14,5,11,18,30,640,23,,,,Plein jour,Hors agglomération,Hors intersection,Normale,Deux véhicules - côté,,,,,,,,,,,1,1,1,1.0,3
201400002912,0014-05-26 16:45:00,14,5,26,16,45,640,444,,,,Plein jour,Hors agglomération,Hors intersection,Normale,Autre collision,,,,,,,,,,,1,1,1,1.0,6
201400002913,0014-06-06 15:00:00,14,6,6,15,0,640,101,CD 937,,,Plein jour,En agglomération,Hors intersection,Normale,Autre collision,,,,,,,,,,,1,2,1,1.0,6
201400002914,0014-06-12 08:00:00,14,6,12,8,0,640,138,,43.251,-0.254,Plein jour,Hors agglomération,Hors intersection,Normale,Autre collision,,,,,,,,,,,1,1,1,1.0,6
201400002915,0014-06-14 08:00:00,14,6,14,8,0,640,68,,43.123,-0.255,Plein jour,Hors agglomération,Hors intersection,Normale,Deux véhicules - frontale,,,,,,,,,,,1,1,1,1.0,1
201400002916,0014-07-11 16:15:00,14,7,11,16,15,640,453,,43.224,-0.103,Plein jour,Hors agglomération,Hors intersection,Normale,Autre collision,,,,,,,,,,,1,1,1,1.0,6
201400002917,0014-08-05 16:15:00,14,8,5,16,15,640,23,,43.233,-0.237,Plein jour,Hors agglomération,Intersection en X,Normale,Deux véhicules - frontale,,,,,,,,,,,1,1,2,1.0,1
201400002918,0014-10-29 11:30:00,14,10,29,11,30,640,138,ROUTE DE LOURDES,,,Plein jour,En agglomération,Hors intersection,Normale,Autre collision,,,,,,,,,,,1,2,1,1.0,6
201400002919,0014-12-05 17:45:00,14,12,5,17,45,640,191,RUE JOLIOT CURIE,43.1739,-0.22983,Crépuscule ou aube,En agglomération,Hors intersection,Pluie légère,Deux véhicules - frontale,,,,,,,,,,,2,2,1,2.0,1
201400002920,0014-09-05 14:45:00,14,9,5,14,45,640,417,place marcadieu,43.184,-0.264,Plein jour,En agglomération,Hors intersection,Normale,Deux véhicules - côté,,,,,,,,,,,1,2,1,1.0,3
201400002921,0014-11-06 09:30:00,14,11,6,9,30,640,389,,43.416,-0.201,Plein jour,Hors agglomération,Hors intersection,Normale,Deux véhicules - frontale,,,,,,,,,,,1,1,1,1.0,1
201400002922,0014-03-01 20:00:00,14,3,1,20,0,640,455,,,,Nuit sans éclairage public,Hors agglomération,Hors intersection,Normale,Autre collision,,,,,,,,,,,3,1,1,1.0,6
201400002923,0014-05-22 12:45:00,14,5,22,12,45,640,234,,,,Plein jour,Hors agglomération,Hors intersection,Normale,Deux véhicules - frontale,,,,,,,,,,,1,1,1,1.0,1
201400002924,0014-06-02 17:00:00,14,6,2,17,0,640,74,,43.57519,-0.13943,Plein jour,Hors agglomération,Hors intersection,Normale,Deux véhicules - côté,,,,,,,,,,,1,1,1,1.0,3
201400002925,0014-08-04 10:00:00,14,8,4,10,0,640,233,,43.582,-0.278,Plein jour,Hors agglomération,Giratoire,Pluie légère,Deux véhicules - frontale,,,,,,,,,,,1,1,6,2.0,1
201400002926,0014-09-21 01:30:00,14,9,21,1,30,640,233,,,,Nuit sans éclairage public,Hors agglomération,Giratoire,Normale,Autre collision,,,,,,,,,,,3,1,6,1.0,6
201400002927,0014-11-03 08:30:00,14,11,3,8,30,640,63,48 PL DE LA REPUBLIQUE,43.539,-0.411,Crépuscule ou aube,En agglomération,Hors intersection,Temps éblouissant,Autre collision,,,,,,,,,,,2,2,1,7.0,6
201400002928,0014-01-28 13:45:00,14,1,28,13,45,640,304,D261/D312,43.495,-1.422,Plein jour,Hors agglomération,Hors intersection,Normale,Deux véhicules - frontale,,,,,,,,,,,1,1,1,1.0,1
201400002929,0014-02-11 08:45:00,14,2,11,8,45,640,496,CD 22 route des cimes,,,Plein jour,En agglomération,Hors intersection,Normale,Deux véhicules - frontale,,,,,,,,,,,1,2,1,1.0,1
201400002930,0014-04-07 15:30:00,14,4,7,15,30,640,540,,,,Plein jour,Hors agglomération,Hors intersection,Normale,Sans collision,,,,,,,,,,,1,1,1,1.0,7
201400002931,0014-08-25 19:45:00,14,8,25,19,45,640,102,CD 257,,,Plein jour,En agglomération,Hors intersection,Normale,Deux véhicules - arrière,,,,,,,,,,,1,2,1,1.0,2
201400002932,0014-10-20 21:00:00,14,10,20,21,0,640,496,ROUTE DES CIMES,43.468,-1.443,Nuit avec éclairage allumé,En agglomération,Hors intersection,Normale,Deux véhicules - côté,,,,,,,,,,,5,2,1,1.0,3
201400002933,0014-11-18 08:45:00,14,11,18,8,45,640,304,CD 261,,,Plein jour,En agglomération,Hors intersection,Normale,Deux véhicules - côté,,,,,,,,,,,1,2,1,1.0,3
201400002934,0014-11-19 07:45:00,14,11,19,7,45,640,496,RD 936,43.46389,-1.42211,Nuit sans éclairage public,Hors agglomération,Intersection en T,Normale,Deux véhicules - frontale,,,,,,,,,,,3,1,3,1.0,1
201400002935,0014-02-28 09:30:00,14,2,28,9,30,640,94,,,,Plein jour,Hors agglomération,Hors intersection,Pluie forte,Autre collision,,,,,,,,,,,1,1,1,3.0,6
201400002936,0014-03-03 22:15:00,14,3,3,22,15,640,256,,,,Nuit sans éclairage public,Hors agglomération,Hors intersection,Pluie forte,Autre collision,,,,,,,,,,,3,1,1,3.0,6
201400002937,0014-04-06 15:15:00,14,4,6,15,15,640,86,,,,Plein jour,Hors agglomération,Hors intersection,Normale,Deux véhicules - côté,,,,,,,,,,,1,1,1,1.0,3
201400002938,0014-04-20 12:30:00,14,4,20,12,30,640,256,,,,Plein jour,Hors agglomération,Hors intersection,Temps couvert,Deux véhicules - côté,,,,,,,,,,,1,1,1,8.0,3
201400002939,0014-04-24 11:15:00,14,4,24,11,15,640,256,,,,Plein jour,Hors agglomération,Hors intersection,Temps couvert,Sans collision,,,,,,,,,,,1,1,1,8.0,7
201400002940,0014-04-24 15:15:00,14,4,24,15,15,640,250,,,,Plein jour,Hors agglomération,Hors intersection,Normale,Autre collision,,,,,,,,,,,1,1,1,1.0,6
201400002941,0014-05-11 06:00:00,14,5,11,6,0,640,289,CD 10 ROUTE DE BARDOS,,,Crépuscule ou aube,En agglomération,Hors intersection,Pluie légère,Autre collision,,,,,,,,,,,2,2,1,2.0,6
201400002942,0014-05-11 14:30:00,14,5,11,14,30,640,147,,43.455,-1.335,Plein jour,Hors agglomération,Hors intersection,Normale,Deux véhicules - côté,,,,,,,,,,,1,1,1,1.0,3
201400002943,0014-05-27 18:30:00,14,5,27,18,30,640,134,,,,Plein jour,Hors agglomération,Hors intersection,Normale,Deux véhicules - frontale,,,,,,,,,,,1,1,1,1.0,1
201400002944,0014-06-12 08:00:00,14,6,12,8,0,640,147,,43.463,-1.336,Plein jour,En agglomération,Hors intersection,Normale,Autre collision,,,,,,,,,,,1,2,1,1.0,6
201400002945,0014-06-14 09:30:00,14,6,14,9,30,640,256,Rue Dibildos,43.388,-1.31,Plein jour,En agglomération,Hors intersection,Normale,Autre collision,,,,,,,,,,,1,2,1,1.0,6
201400002946,0014-07-19 06:00:00,14,7,19,6,0,640,377,,,,Crépuscule ou aube,Hors agglomération,Hors intersection,Normale,Autre collision,,,,,,,,,,,2,1,1,1.0,6
201400002947,0014-09-13 17:30:00,14,9,13,17,30,640,256,RD 76 - DOMAINE PASTORAL,,,Plein jour,En agglomération,Hors intersection,Normale,Sans collision,,,,,,,,,,,1,2,1,1.0,7
201400002948,0014-09-13 10:30:00,14,9,13,10,30,640,86,RD 251,,,Plein jour,En agglomération,Hors intersection,Temps éblouissant,Sans collision,,,,,,,,,,,1,2,1,7.0,7
201400002949,0014-09-28 21:30:00,14,9,28,21,30,640,161,RD 936,,,Nuit avec éclairage non allumé,En agglomération,Hors intersection,Normale,Sans collision,,,,,,,,,,,4,2,1,1.0,7
201400002950,0014-10-09 08:30:00,14,10,9,8,30,640,147,,,,Plein jour,Hors agglomération,Hors intersection,Pluie légère,Deux véhicules - frontale,,,,,,,,,,,1,1,1,2.0,1
201400002951,0014-10-09 21:40:00,14,10,9,21,40,640,161,,,,Nuit avec éclairage non allumé,Hors agglomération,Intersection à plus de 4 branches,Pluie forte,Deux véhicules - côté,,,,,,,,,,,4,1,5,3.0,3
201400002952,0014-11-12 16:15:00,14,11,12,16,15,640,123,,,,Plein jour,Hors agglomération,Hors intersection,Normale,Deux véhicules - frontale,,,,,,,,,,,1,1,1,1.0,1
201400002953,0014-12-14 08:00:00,14,12,14,8,0,640,256,,,,Crépuscule ou aube,Hors agglomération,Hors intersection,Temps couvert,Deux véhicules - frontale,,,,,,,,,,,2,1,1,8.0,1
201400002954,0014-04-02 10:15:00,14,4,2,10,15,640,65,,43.366,-1.636,Plein jour,Hors agglomération,Hors intersection,Normale,Deux véhicules - côté,,,,,,,,,,,1,1,1,1.0,3
201400002955,0014-06-05 15:00:00,14,6,5,15,0,640,495,,43.369,-1.599,Plein jour,Hors agglomération,Hors intersection,Normale,Autre collision,,,,,,,,,,,1,1,1,1.0,6
201400002956,0014-07-21 10:45:00,14,7,21,10,45,640,495,,43.381,-1.595,Plein jour,Hors agglomération,Hors intersection,Temps couvert,Deux véhicules - frontale,,,,,,,,,,,1,1,1,8.0,1
201400002957,0014-08-02 13:15:00,14,8,2,13,15,640,504,,43.315,-1.549,Plein jour,Hors agglomération,Hors intersection,Normale,Autre collision,,,,,,,,,,,1,1,1,1.0,6
201400002958,0014-09-22 22:00:00,14,9,22,22,0,640,495,,43.348,-1.527,Nuit avec éclairage allumé,Hors agglomération,Giratoire,Normale,Deux véhicules - côté,,,,,,,,,,,5,1,6,1.0,3
201400002959,0014-09-23 14:30:00,14,9,23,14,30,640,483,,43.406,-1.597,Plein jour,Hors agglomération,Hors intersection,Normale,Deux véhicules - frontale,,,,,,,,,,,1,1,1,1.0,1
201400002960,0014-10-25 23:00:00,14,10,25,23,0,640,65,RD 4,,,Nuit sans éclairage public,Hors agglomération,Hors intersection,Normale,Sans collision,,,,,,,,,,,3,1,1,1.0,7
201400002961,0014-12-01 17:45:00,14,12,1,17,45,640,495,CARREFOUR D3 ARTO LANDA,,,Nuit avec éclairage allumé,En agglomération,Hors intersection,Pluie forte,Autre collision,,,,,,,,,,,5,2,1,3.0,6
201400002962,0014-12-09 10:00:00,14,12,9,10,0,640,495,,43.4,-1.53,Plein jour,Hors agglomération,Hors intersection,Autre,Deux véhicules - frontale,,,,,,,,,,,1,1,1,9.0,1
201400002963,0014-02-16 11:30:00,14,2,16,11,30,640,160,PARKING LABORDE,,,Plein jour,En agglomération,Autre intersection,Normale,Autre collision,,,,,,,,,,,1,2,9,1.0,6
201400002964,0014-02-23 06:30:00,14,2,23,6,30,640,350,,,,Crépuscule ou aube,Hors agglomération,Hors intersection,Normale,Deux véhicules - frontale,,,,,,,,,,,2,1,1,1.0,1
201400002965,0014-04-17 18:45:00,14,4,17,18,45,640,213,,,,Plein jour,Hors agglomération,Hors intersection,Normale,Deux véhicules - côté,,,,,,,,,,,1,1,1,1.0,3
201400002966,0014-07-20 02:30:00,14,7,20,2,30,640,547,route de Xopolo,,,Nuit sans éclairage public,En agglomération,Hors intersection,Normale,Autre collision,,,,,,,,,,,3,2,1,1.0,6
201400002967,0014-08-28 17:45:00,14,8,28,17,45,640,14,,43.302,-1.507,Plein jour,Hors agglomération,Hors intersection,Normale,Trois véhicules et plus - en chaîne,,,,,,,,,,,1,1,1,1.0,4
201400002968,0014-09-09 08:30:00,14,9,9,8,30,640,547,RD 932,43.397,-1.455,Plein jour,En agglomération,Hors intersection,Normale,Deux véhicules - arrière,,,,,,,,,,,1,2,1,1.0,2
201400002969,0014-09-14 12:15:00,14,9,14,12,15,640,213,,,,Plein jour,Hors agglomération,Hors intersection,Pluie légère,Deux véhicules - frontale,,,,,,,,,,,1,1,1,2.0,1
201400002970,0014-09-16 23:00:00,14,9,16,23,0,640,160,,,,Nuit sans éclairage public,Hors agglomération,Hors intersection,Pluie légère,Deux véhicules - frontale,,,,,,,,,,,3,1,1,2.0,1
201400002971,0014-10-14 18:15:00,14,10,14,18,15,640,547,RD 932   PK 12800,43.394,-1.453,Plein jour,En agglomération,Hors intersection,Normale,Deux véhicules - frontale,,,,,,,,,,,1,2,1,1.0,1
201400002972,0014-10-25 16:00:00,14,10,25,16,0,640,350,,43.317,-1.35,Plein jour,Hors agglomération,Hors intersection,Normale,Deux véhicules - côté,,,,,,,,,,,1,1,1,1.0,3
201400002973,0014-11-30 15:30:00,14,11,30,15,30,640,14,,,,Plein jour,Hors agglomération,Hors intersection,Pluie légère,Trois véhicules et plus - collisions multiples,,,,,,,,,,,1,1,1,2.0,5
201400002974,0014-12-03 18:15:00,14,12,3,18,15,640,160,,43.364,-1.399,Nuit avec éclairage allumé,Hors agglomération,Hors intersection,Temps couvert,Autre collision,,,,,,,,,,,5,1,1,8.0,6
201400002975,0014-12-05 16:30:00,14,12,5,16,30,640,213,,43.337,-1.462,Plein jour,Hors agglomération,Hors intersection,Pluie légère,Autre collision,,,,,,,,,,,1,1,1,2.0,6
201400002976,0014-12-06 13:00:00,14,12,6,13,0,640,527,,43.327,-1.48,Plein jour,Hors agglomération,Hors intersection,Normale,Deux véhicules - frontale,,,,,,,,,,,1,1,1,1.0,1
201400002977,0014-01-08 18:00:00,14,1,8,18,0,640,371,3 rue du jeu de paume,,,Nuit avec éclairage allumé,En agglomération,Hors intersection,Normale,Autre collision,,,,,,,,,,,5,2,1,1.0,6
201400002978,0014-05-15 09:00:00,14,5,15,9,0,640,424,,43.18,-0.956,Plein jour,Hors agglomération,Hors intersection,Temps éblouissant,Deux véhicules - frontale,,,,,,,,,,,1,1,1,7.0,1
201400002979,0014-06-30 08:00:00,14,6,30,8,0,640,371,,,,Plein jour,Hors agglomération,Hors intersection,Normale,Deux véhicules - frontale,,,,,,,,,,,1,1,1,1.0,1
201400002980,0014-07-29 10:45:00,14,7,29,10,45,640,214,,43.269,-0.879,Plein jour,En agglomération,Hors intersection,Normale,Sans collision,,,,,,,,,,,1,2,1,1.0,7
201400002981,0014-04-05 14:15:00,14,4,5,14,15,640,485,,,,Plein jour,Hors agglomération,Hors intersection,Normale,Autre collision,,,,,,,,,,,1,1,1,1.0,6
201400002982,0014-07-07 08:30:00,14,7,7,8,30,640,477,,,,Plein jour,Hors agglomération,Autre intersection,Temps couvert,Deux véhicules - frontale,,,,,,,,,,,1,1,9,8.0,1
201400002983,0014-07-12 12:45:00,14,7,12,12,45,640,297,,43.187,-1.172,Plein jour,Hors agglomération,Hors intersection,Pluie légère,Deux véhicules - frontale,,,,,,,,,,,1,1,1,2.0,1
201400002984,0014-09-21 18:15:00,14,9,21,18,15,640,124,,43.276,-1.346,Plein jour,Hors agglomération,Autre intersection,Normale,Deux véhicules - côté,,,,,,,,,,,1,1,9,1.0,3
201400002985,0014-10-17 02:30:00,14,10,17,2,30,640,124,,43.29,-1.35,Nuit sans éclairage public,Hors agglomération,Hors intersection,Normale,Autre collision,,,,,,,,,,,3,1,1,1.0,6
201400002986,0014-12-23 09:30:00,14,12,23,9,30,640,485,RD 918 ROUTE D'HUART,43.168,-1.237,Plein jour,En agglomération,Hors intersection,Temps éblouissant,Autre collision,,,,,,,,,,,1,2,1,7.0,6
201400002987,0014-12-26 16:15:00,14,12,26,16,15,640,26,ERRATXUENEA,43.1285,-1.29682,Plein jour,Hors agglomération,Hors intersection,Pluie légère,Autre collision,,,,,,,,,,,1,1,1,2.0,6
201400002988,0014-03-10 18:30:00,14,3,10,18,30,640,436,,,,Plein jour,Hors agglomération,Hors intersection,Normale,Autre collision,,,,,,,,,,,1,1,1,1.0,6
201400002989,0014-03-21 16:45:00,14,3,21,16,45,640,10,,,,Plein jour,En agglomération,Hors intersection,Normale,Deux véhicules - côté,,,,,,,,,,,1,2,1,1.0,3
201400002990,0014-05-26 17:15:00,14,5,26,17,15,640,368,,,,Plein jour,Hors agglomération,Hors intersection,Temps couvert,Deux véhicules - frontale,,,,,,,,,,,1,1,1,8.0,1
201400002991,0014-06-08 08:15:00,14,6,8,8,15,640,106,,43.317,-1.01,Plein jour,Hors agglomération,Hors intersection,Normale,Deux véhicules - arrière,,,,,,,,,,,1,1,1,1.0,2
201400002992,0014-06-11 15:30:00,14,6,11,15,30,640,51,,43.396,-1.098,Plein jour,Hors agglomération,Hors intersection,Normale,Deux véhicules - frontale,,,,,,,,,,,1,1,1,1.0,1
201400002993,0014-07-13 05:30:00,14,7,13,5,30,640,362,,,,Nuit sans éclairage public,Hors agglomération,Hors intersection,Normale,Sans collision,,,,,,,,,,,3,1,1,1.0,7
201400002994,0014-09-12 16:00:00,14,9,12,16,0,640,487,,,,Plein jour,Hors agglomération,Hors intersection,Normale,Sans collision,,,,,,,,,,,1,1,1,1.0,7
201400002995,0014-09-13 09:00:00,14,9,13,9,0,640,10,CD 29 PK 1+950,,,Plein jour,En agglomération,Hors intersection,Normale,Sans collision,,,,,,,,,,,1,2,1,1.0,7
201400002996,0014-09-19 09:30:00,14,9,19,9,30,640,493,Avenue de Navarre,43.323,-1.026,Plein jour,En agglomération,Hors intersection,Normale,Sans collision,,,,,,,,,,,1,2,1,1.0,7
201400002997,0014-10-22 16:00:00,14,10,22,16,0,640,319,,,,Plein jour,Hors agglomération,Hors intersection,Normale,Autre collision,,,,,,,,,,,1,1,1,1.0,6
201400002998,0014-10-24 12:15:00,14,10,24,12,15,640,437,,,,Plein jour,Hors agglomération,Hors intersection,Normale,Deux véhicules - côté,,,,,,,,,,,1,1,1,1.0,3
201400002999,0014-12-09 16:45:00,14,12,9,16,45,640,437,,,,Crépuscule ou aube,Hors agglomération,Hors intersection,Normale,Deux véhicules - côté,,,,,,,,,,,2,1,1,1.0,3
201400003000,0014-03-04 17:30:00,14,3,4,17,30,640,422,RUE JACQUES DUFILHO,,,Plein jour,En agglomération,Hors intersection,Pluie forte,Deux véhicules - côté,,,,,,,,,,,1,2,1,3.0,3
201400003001,0014-04-13 17:45:00,14,4,13,17,45,640,421,,,,Plein jour,Hors agglomération,Hors intersection,Normale,Autre collision,,,,,,,,,,,1,1,1,1.0,6
201400003002,0014-06-19 22:45:00,14,6,19,22,45,640,224,,,,Nuit sans éclairage public,Hors agglomération,Hors intersection,Normale,Autre collision,,,,,,,,,,,3,1,1,1.0,6
201400003003,0014-06-27 17:30:00,14,6,27,17,30,640,7,rue du binet,43.163,-0.617,Plein jour,En agglomération,Hors intersection,Normale,Deux véhicules - côté,,,,,,,,,,,1,2,1,1.0,3
201400003004,0014-07-15 14:45:00,14,7,15,14,45,640,422,boulevard aragon,,,Plein jour,En agglomération,Hors intersection,Normale,Deux véhicules - côté,,,,,,,,,,,1,2,1,1.0,3
201400003005,0014-09-06 22:30:00,14,9,6,22,30,640,245,rue de l'enfant,43.206,-0.597,Nuit avec éclairage allumé,En agglomération,Hors intersection,Normale,Sans collision,,,,,,,,,,,5,2,1,1.0,7
201400003006,0014-09-12 10:15:00,14,9,12,10,15,640,422,Place Gambetta,,,Plein jour,En agglomération,Hors intersection,Temps éblouissant,Autre collision,,,,,,,,,,,1,2,1,7.0,6
201400003007,0014-09-27 16:00:00,14,9,27,16,0,640,422,AV DE LATTRE DE TASSIGNY,,,Plein jour,En agglomération,Hors intersection,Normale,Deux véhicules - arrière,,,,,,,,,,,1,2,1,1.0,2
201400003008,0014-10-13 09:45:00,14,10,13,9,45,640,421,,,,Plein jour,Hors agglomération,Hors intersection,Normale,Autre collision,,,,,,,,,,,1,1,1,1.0,6
201400003009,0014-10-25 15:00:00,14,10,25,15,0,640,422,rue camou,,,Plein jour,En agglomération,Hors intersection,Normale,Autre collision,,,,,,,,,,,1,2,1,1.0,6