accident_id,datetime,annee,mois,jour,heure,minute,departement,commune_insee,adresse,latitude,longitude,luminosite,agglomeration,intersection,meteo,collision,nb_vehicules,nb_usagers,nb_indemnes,nb_tues,nb_blesses_hosp,nb_blesses_legers,age_cond_1,age_cond_2,veh_type_cond_1,veh_type_cond_2,lum_code,agg_code,int_code,atm_code,col_code
201400003010,0014-11-08 09:45:00,14,11,8,9,45,640,422,ROND POINT PETILLON,43.192,-0.611,Plein jour,En agglomération,Giratoire,Normale,Deux véhicules - côté,,,,,,,,,,,1,2,6,1.0,3
201400003011,0014-06-12 08:30:00,14,6,12,8,30,640,310,,,,Plein jour,Hors agglomération,Hors intersection,Normale,Sans collision,,,,,,,,,,,1,1,1,1.0,7
201400003012,0014-10-03 00:01:00,14,10,3,0,1,640,40,,43.087,-0.724,Nuit sans éclairage public,Hors agglomération,Hors intersection,Normale,Sans collision,,,,,,,,,,,3,1,1,1.0,7
201400003013,0014-10-11 19:30:00,14,10,11,19,30,640,310,place du fronton,43.117,-0.766,Nuit avec éclairage allumé,En agglomération,Hors intersection,Normale,Autre collision,,,,,,,,,,,5,2,1,1.0,6
201400003014,0014-10-20 09:15:00,14,10,20,9,15,640,506,,,,Plein jour,Hors agglomération,Hors intersection,Normale,Sans collision,,,,,,,,,,,1,1,1,1.0,7
201400003015,0014-01-03 10:30:00,14,1,3,10,30,640,320,,,,Plein jour,Hors agglomération,Hors intersection,Pluie légère,Autre collision,,,,,,,,,,,1,1,1,2.0,6
201400003016,0014-07-18 15:30:00,14,7,18,15,30,640,204,,42.967,-0.347,Plein jour,Hors agglomération,Hors intersection,Normale,Deux véhicules - frontale,,,,,,,,,,,1,1,1,1.0,1
201400003017,0014-09-09 17:00:00,14,9,9,17,0,640,522,,43.162,-0.402,Plein jour,Hors agglomération,Hors intersection,Normale,Deux véhicules - frontale,,,,,,,,,,,1,1,1,1.0,1
201400003018,0014-04-29 13:45:00,14,4,29,13,45,640,443,,,,Plein jour,Hors agglomération,Autre intersection,Normale,Deux véhicules - frontale,,,,,,,,,,,1,1,9,1.0,1
201400003019,0014-05-24 12:45:00,14,5,24,12,45,640,359,,,,Plein jour,Hors agglomération,Hors intersection,Normale,Deux véhicules - frontale,,,,,,,,,,,1,1,1,1.0,1
201400003020,0014-05-24 06:15:00,14,5,24,6,15,640,443,,,,Crépuscule ou aube,Hors agglomération,Hors intersection,Normale,Autre collision,,,,,,,,,,,2,1,1,1.0,6
201400003021,0014-07-22 10:00:00,14,7,22,10,0,640,149,,43.389,-0.737,Plein jour,Hors agglomération,Hors intersection,Normale,Sans collision,,,,,,,,,,,1,1,1,1.0,7
201400003022,0014-10-29 17:45:00,14,10,29,17,45,640,530,RD 936,,,Crépuscule ou aube,En agglomération,Hors intersection,Normale,Deux véhicules - arrière,,,,,,,,,,,2,2,1,1.0,2
201400003023,0014-01-16 18:00:00,14,1,16,18,0,640,430,,43.456,-0.793,Crépuscule ou aube,Hors agglomération,Hors intersection,Normale,Autre collision,,,,,,,,,,,2,1,1,1.0,6
201400003024,0014-05-28 19:15:00,14,5,28,19,15,640,430,03 AVENUE DE PROVENCE,,,Plein jour,En agglomération,Intersection en X,Normale,Deux véhicules - côté,,,,,,,,,,,1,2,2,1.0,3
201400003025,0014-09-07 18:15:00,14,9,7,18,15,640,430,Carr Ch ECOLE-LARROQUE,,,Plein jour,En agglomération,Intersection en T,Normale,Deux véhicules - frontale,,,,,,,,,,,1,2,3,1.0,1
201400003026,0014-09-12 08:15:00,14,9,12,8,15,640,430,,43.816,-0.361,Crépuscule ou aube,Hors agglomération,Hors intersection,Brouillard / fumée,Deux véhicules - arrière,,,,,,,,,,,2,1,1,5.0,2
201400003027,0014-12-04 09:15:00,14,12,4,9,15,640,430,RD 817,,,Plein jour,En agglomération,Hors intersection,Brouillard / fumée,Deux véhicules - frontale,,,,,,,,,,,1,2,1,5.0,1
201400003028,0014-01-08 14:15:00,14,1,8,14,15,640,82,,43.463,-1.014,Plein jour,Hors agglomération,Hors intersection,Normale,Deux véhicules - côté,,,,,,,,,,,1,1,1,1.0,3
201400003029,0014-05-31 15:30:00,14,5,31,15,30,640,499,,,,Plein jour,Hors agglomération,Hors intersection,Normale,Deux véhicules - frontale,,,,,,,,,,,1,1,1,1.0,1
201400003030,0014-08-26 14:15:00,14,8,26,14,15,640,461,RD.817,,,Plein jour,En agglomération,Hors intersection,Normale,Sans collision,,,,,,,,,,,1,2,1,1.0,7
201400003031,0014-12-26 08:30:00,14,12,26,8,30,640,499,RD 933 ROUTE D'ORTHEZ,,,Plein jour,Hors agglomération,Hors intersection,Normale,Deux véhicules - côté,,,,,,,,,,,1,1,1,1.0,3
201400003032,0014-01-30 06:45:00,14,1,30,6,45,860,163,,,,Nuit sans éclairage public,Hors agglomération,Hors intersection,Normale,Autre collision,,,,,,,,,,,3,1,1,1.0,6
201400003033,0014-05-11 08:30:00,14,5,11,8,30,860,163,,,,Plein jour,Hors agglomération,Hors intersection,Normale,Sans collision,,,,,,,,,,,1,1,1,1.0,7
201400003034,0014-07-17 09:45:00,14,7,17,9,45,860,115,avenue de paris,,,Plein jour,En agglomération,Hors intersection,Normale,Deux véhicules - arrière,,,,,,,,,,,1,2,1,1.0,2
201400003035,0014-07-15 01:30:00,14,7,15,1,30,860,95,,,,Nuit sans éclairage public,En agglomération,Hors intersection,Normale,Autre collision,,,,,,,,,,,3,2,1,1.0,6
201400003036,0014-09-10 11:45:00,14,9,10,11,45,860,222,Rt frouzille / Rt Fontai,46.65515,0.41691,Plein jour,Hors agglomération,Intersection en X,Normale,Deux véhicules - côté,,,,,,,,,,,1,1,2,1.0,3
201400003037,0014-10-16 17:15:00,14,10,16,17,15,860,163,,,,Plein jour,Hors agglomération,Hors intersection,Pluie légère,Trois véhicules et plus - collisions multiples,,,,,,,,,,,1,1,1,2.0,5
201400003038,0014-02-16 17:00:00,14,2,16,17,0,860,293,,,,Plein jour,Hors agglomération,Hors intersection,Normale,Sans collision,,,,,,,,,,,1,1,1,1.0,7
201400003039,0014-05-09 17:15:00,14,5,9,17,15,860,293,57 GRAND RUE,,,Plein jour,En agglomération,Hors intersection,Normale,Deux véhicules - côté,,,,,,,,,,,1,2,1,1.0,3
201400003040,0014-08-15 23:30:00,14,8,15,23,30,860,139,,,,Nuit sans éclairage public,Hors agglomération,Hors intersection,Temps couvert,Deux véhicules - arrière,,,,,,,,,,,3,1,1,8.0,2
201400003041,0014-10-14 17:45:00,14,10,14,17,45,860,293,le Recloux desenclavemen,,,Plein jour,Hors agglomération,Hors intersection,Normale,Deux véhicules - frontale,,,,,,,,,,,1,1,1,1.0,1
201400003042,0014-09-13 13:15:00,14,9,13,13,15,860,60,,,,Plein jour,Hors agglomération,Hors intersection,Normale,Sans collision,,,,,,,,,,,1,1,1,1.0,7
201400003043,0014-10-03 10:00:00,14,10,3,10,0,860,292,,46.676,7.169,Plein jour,Hors agglomération,Hors intersection,Normale,Deux véhicules - côté,,,,,,,,,,,1,1,1,1.0,3
201400003044,0014-02-12 22:15:00,14,2,12,22,15,860,284,,,,Nuit sans éclairage public,Hors agglomération,Hors intersection,Temps couvert,Sans collision,,,,,,,,,,,3,1,1,8.0,7
201400003045,0014-03-22 18:00:00,14,3,22,18,0,860,141,,,,Plein jour,Hors agglomération,Hors intersection,Temps couvert,Autre collision,,,,,,,,,,,1,1,1,8.0,6
201400003046,0014-05-12 11:45:00,14,5,12,11,45,860,263,12 route d andillé,,,Plein jour,En agglomération,Hors intersection,Normale,Autre collision,,,,,,,,,,,1,2,1,1.0,6
201400003047,0014-06-08 16:45:00,14,6,8,16,45,860,180,,,,Plein jour,Hors agglomération,Hors intersection,Normale,Sans collision,,,,,,,,,,,1,1,1,1.0,7
201400003048,0014-08-11 01:30:00,14,8,11,1,30,860,178,,,,Nuit sans éclairage public,Hors agglomération,Hors intersection,Normale,Autre collision,,,,,,,,,,,3,1,1,1.0,6
201400003049,0014-09-26 14:30:00,14,9,26,14,30,860,52,,,,Plein jour,Hors agglomération,Hors intersection,Normale,Autre collision,,,,,,,,,,,1,1,1,1.0,6
201400003050,0014-04-02 10:30:00,14,4,2,10,30,860,294,,46.622,0.159,Plein jour,Hors agglomération,Hors intersection,Normale,Deux véhicules - côté,,,,,,,,,,,1,1,1,1.0,3
201400003051,0014-04-11 17:00:00,14,4,11,17,0,860,56,,46.549,0.118,Plein jour,Hors agglomération,Hors intersection,Normale,Sans collision,,,,,,,,,,,1,1,1,1.0,7
201400003052,0014-05-25 11:30:00,14,5,25,11,30,860,100,,46.541,0.283,Plein jour,Hors agglomération,Hors intersection,Normale,Autre collision,,,,,,,,,,,1,1,1,1.0,6
201400003053,0014-06-20 07:15:00,14,6,20,7,15,860,74,R.D62,,,Plein jour,En agglomération,Hors intersection,Normale,Deux véhicules - frontale,,,,,,,,,,,1,2,1,1.0,1
201400003054,0014-07-12 00:01:00,14,7,12,0,1,860,100,,46.549,0.257,Nuit sans éclairage public,Hors agglomération,Hors intersection,Normale,Autre collision,,,,,,,,,,,3,1,1,1.0,6
201400003055,0014-08-17 13:00:00,14,8,17,13,0,860,294,,46.58512,0.11045,Plein jour,Hors agglomération,Intersection en X,Normale,Deux véhicules - côté,,,,,,,,,,,1,1,2,1.0,3
201400003056,0014-10-17 07:30:00,14,10,17,7,30,860,76,,46.639,0.228,Nuit sans éclairage public,Hors agglomération,Hors intersection,Temps couvert,Deux véhicules - frontale,,,,,,,,,,,3,1,1,8.0,1
201400003057,0014-06-08 18:00:00,14,6,8,18,0,860,19,RD82,,,Plein jour,En agglomération,Hors intersection,Normale,Autre collision,,,,,,,,,,,1,2,1,1.0,6
201400003058,0014-11-01 20:45:00,14,11,1,20,45,860,19,8 rue des marteaux,46.73207,0.44185,Nuit sans éclairage public,En agglomération,Hors intersection,Normale,Deux véhicules - frontale,,,,,,,,,,,3,2,1,1.0,1
201400003059,0014-02-08 20:30:00,14,2,8,20,30,860,224,,,,Nuit sans éclairage public,Hors agglomération,Hors intersection,Pluie forte,Autre collision,,,,,,,,,,,3,1,1,3.0,6
201400003060,0014-05-01 12:15:00,14,5,1,12,15,860,280,,46.951,0.535,Plein jour,Hors agglomération,Hors intersection,Autre,Deux véhicules - frontale,,,,,,,,,,,1,1,1,9.0,1
201400003061,0014-05-28 22:45:00,14,5,28,22,45,860,221,,46.819,0.378,Nuit sans éclairage public,Hors agglomération,Hors intersection,Normale,Deux véhicules - arrière,,,,,,,,,,,3,1,1,1.0,2
201400003062,0014-06-05 17:45:00,14,6,5,17,45,860,221,LIEU DIT LES SABOUREAX,46.866,0.359,Plein jour,Hors agglomération,Hors intersection,Normale,Deux véhicules - frontale,,,,,,,,,,,1,1,1,1.0,1
201400003063,0014-08-13 17:45:00,14,8,13,17,45,860,128,,46.882,0.505,Plein jour,Hors agglomération,Intersection en T,Normale,Deux véhicules - frontale,,,,,,,,,,,1,1,3,1.0,1
201400003064,0014-05-22 20:45:00,14,5,22,20,45,860,137,rue carnot,47.00903,0.08388,Plein jour,En agglomération,Hors intersection,Normale,Autre collision,,,,,,,,,,,1,2,1,1.0,6
201400003065,0014-12-16 18:15:00,14,12,16,18,15,860,252,,47.02286,0.143,Nuit sans éclairage public,Hors agglomération,Hors intersection,Normale,Deux véhicules - frontale,,,,,,,,,,,3,1,1,1.0,1
201400003066,0014-01-10 21:15:00,14,1,10,21,15,860,298,,,,Nuit sans éclairage public,Hors agglomération,Hors intersection,Normale,Autre collision,,,,,,,,,,,3,1,1,1.0,6
201400003067,0014-03-18 12:15:00,14,3,18,12,15,860,14,,46.777,0.55,Plein jour,Hors agglomération,Hors intersection,Normale,Deux véhicules - arrière,,,,,,,,,,,1,1,1,1.0,2
201400003068,0014-09-20 19:45:00,14,9,20,19,45,860,14,,46.75,0.554,Crépuscule ou aube,Hors agglomération,Hors intersection,Pluie forte,Deux véhicules - frontale,,,,,,,,,,,2,1,1,3.0,1
201400003069,0014-04-21 15:00:00,14,4,21,15,0,860,93,,46.953,0.228,Plein jour,Hors agglomération,Hors intersection,Normale,Sans collision,,,,,,,,,,,1,1,1,1.0,7
201400003070,0014-06-04 09:00:00,14,6,4,9,0,860,225,,,,Plein jour,Hors agglomération,Hors intersection,Pluie légère,Deux véhicules - frontale,,,,,,,,,,,1,1,1,2.0,1
201400003071,0014-06-05 11:15:00,14,6,5,11,15,860,161,R.D 127 ET VC DE PLUMIN,,,Plein jour,Hors agglomération,Intersection en X,Normale,Deux véhicules - côté,,,,,,,,,,,1,1,2,1.0,3
201400003072,0014-06-28 11:15:00,14,6,28,11,15,860,154,,,,Plein jour,Hors agglomération,Intersection en X,Temps couvert,Deux véhicules - côté,,,,,,,,,,,1,1,2,8.0,3
201400003073,0014-07-28 19:45:00,14,7,28,19,45,860,225,,46.833,0.048,Plein jour,Hors agglomération,Hors intersection,Normale,Sans collision,,,,,,,,,,,1,1,1,1.0,7
201400003074,0014-08-02 10:15:00,14,8,2,10,15,860,75,,,,Plein jour,Hors agglomération,Hors intersection,Normale,Deux véhicules - frontale,,,,,,,,,,,1,1,1,1.0,1
201400003075,0014-09-04 09:30:00,14,9,4,9,30,860,85,,46.84,0.2,Plein jour,Hors agglomération,Hors intersection,Normale,Sans collision,,,,,,,,,,,1,1,1,1.0,7
201400003076,0014-09-06 18:30:00,14,9,6,18,30,860,85,RD.7,,,Plein jour,En agglomération,Intersection en X,Normale,Deux véhicules - frontale,,,,,,,,,,,1,2,2,1.0,1
201400003077,0014-09-15 11:30:00,14,9,15,11,30,860,75,,46.822,0.171,Plein jour,Hors agglomération,Hors intersection,Normale,Deux véhicules - arrière,,,,,,,,,,,1,1,1,1.0,2
201400003078,0014-10-10 13:00:00,14,10,10,13,0,860,5,"RD40/grand rue, triou",46.934,0.101,Plein jour,En agglomération,Intersection en X,Normale,Deux véhicules - côté,,,,,,,,,,,1,2,2,1.0,3
201400003079,0014-07-26 11:45:00,14,7,26,11,45,860,140,,,,Plein jour,Hors agglomération,Hors intersection,Normale,Autre collision,,,,,,,,,,,1,1,1,1.0,6
201400003080,0014-09-22 08:00:00,14,9,22,8,0,860,165,rue des fosses gaudrons,,,Plein jour,En agglomération,Hors intersection,Normale,Autre collision,,,,,,,,,,,1,2,1,1.0,6
201400003081,0014-12-08 07:30:00,14,12,8,7,30,860,120,,,,Crépuscule ou aube,Hors agglomération,Hors intersection,Brouillard / fumée,Deux véhicules - arrière,,,,,,,,,,,2,1,1,5.0,2
201400003082,0014-02-21 15:15:00,14,2,21,15,15,860,126,,46.494,0.786,Plein jour,Hors agglomération,Hors intersection,Autre,Deux véhicules - frontale,,,,,,,,,,,1,1,1,9.0,1
201400003083,0014-04-04 22:30:00,14,4,4,22,30,860,261,,46.564,0.463,Nuit sans éclairage public,Hors agglomération,Intersection en X,Normale,Deux véhicules - côté,,,,,,,,,,,3,1,2,1.0,3
201400003084,0014-04-29 14:45:00,14,4,29,14,45,860,135,,,,Plein jour,Hors agglomération,Hors intersection,Pluie forte,Deux véhicules - côté,,,,,,,,,,,1,1,1,3.0,3
201400003085,0014-05-16 17:45:00,14,5,16,17,45,860,226,2 rue du broussa,46.562,0.51,Plein jour,En agglomération,Hors intersection,Normale,Deux véhicules - côté,,,,,,,,,,,1,2,1,1.0,3
201400003086,0014-06-09 20:30:00,14,6,9,20,30,860,198,LE COURTIOUX,46.564,0.617,Plein jour,Hors agglomération,Hors intersection,Temps couvert,Sans collision,,,,,,,,,,,1,1,1,8.0,7
201400003087,0014-06-15 09:00:00,14,6,15,9,0,860,226,RUE DU JEUNE AVAILLE,,,Plein jour,En agglomération,Hors intersection,Normale,Autre collision,,,,,,,,,,,1,2,1,1.0,6
201400003088,0014-11-23 16:00:00,14,11,23,16,0,860,98,,46.581,0.743,Plein jour,Hors agglomération,Hors intersection,Normale,Sans collision,,,,,,,,,,,1,1,1,1.0,7
201400003089,0014-11-23 16:30:00,14,11,23,16,30,860,233,"Lieu dit ""La Vergne""",,,Plein jour,En agglomération,Hors intersection,Normale,Deux véhicules - frontale,,,,,,,,,,,1,2,1,1.0,1
201400003090,0014-11-29 15:15:00,14,11,29,15,15,860,28,Chemin de Vaujallais,46.607,0.467,Plein jour,Hors agglomération,Hors intersection,Normale,Autre collision,,,,,,,,,,,1,1,1,1.0,6
201400003091,0014-01-02 21:00:00,14,1,2,21,0,860,54,,,,Nuit sans éclairage public,Hors agglomération,Hors intersection,Normale,Sans collision,,,,,,,,,,,3,1,1,1.0,7
201400003092,0014-02-22 18:30:00,14,2,22,18,30,860,295,V.C du Breuil à Neuillet,,,Nuit sans éclairage public,Hors agglomération,Hors intersection,Pluie légère,Autre collision,,,,,,,,,,,3,1,1,2.0,6
201400003093,0014-06-15 07:45:00,14,6,15,7,45,860,231,SAINT MACOUX,,,Plein jour,En agglomération,Hors intersection,Normale,Autre collision,,,,,,,,,,,1,2,1,1.0,6
201400003094,0014-06-19 01:30:00,14,6,19,1,30,860,237,,,,Nuit avec éclairage allumé,Hors agglomération,Hors intersection,Normale,Deux véhicules - arrière,,,,,,,,,,,5,1,1,1.0,2
201400003095,0014-01-25 22:00:00,14,1,25,22,0,860,203,,,,Nuit sans éclairage public,Hors agglomération,Hors intersection,Pluie légère,Autre collision,,,,,,,,,,,3,1,1,2.0,6
201400003096,0014-08-24 16:00:00,14,8,24,16,0,860,289,,46.196,0.607,Plein jour,Hors agglomération,Hors intersection,Normale,Sans collision,,,,,,,,,,,1,1,1,1.0,7
201400003097,0014-12-23 15:00:00,14,12,23,15,0,860,112,route de Thierzat,,,Plein jour,En agglomération,Autre intersection,Temps éblouissant,Deux véhicules - côté,,,,,,,,,,,1,2,9,7.0,3
201400003098,0014-05-12 10:45:00,14,5,12,10,45,860,6,,,,Plein jour,Hors agglomération,Hors intersection,Normale,Sans collision,,,,,,,,,,,1,1,1,1.0,7
201400003099,0014-07-20 13:30:00,14,7,20,13,30,860,6,Rue de la Roche - D33A,46.541,0.852,Plein jour,En agglomération,Hors intersection,Normale,Sans collision,,,,,,,,,,,1,2,1,1.0,7
201400003100,0014-09-11 17:45:00,14,9,11,17,45,860,4,Rue du chateau,,,Crépuscule ou aube,En agglomération,Hors intersection,Normale,Sans collision,,,,,,,,,,,2,2,1,1.0,7
201400003101,0014-10-15 07:45:00,14,10,15,7,45,860,175,,46.603,0.873,Plein jour,Hors agglomération,Hors intersection,Normale,Deux véhicules - côté,,,,,,,,,,,1,1,1,1.0,3
201400003102,0014-03-20 07:15:00,14,3,20,7,15,160,78,Bois de la Buzinie,45.70763,0.17534,Nuit sans éclairage public,Hors agglomération,Hors intersection,Normale,Autre collision,,,,,,,,,,,3,1,1,1.0,6
201400003103,0014-04-14 14:00:00,14,4,14,14,0,160,26,La Croix du Merle,45.71701,0.1453,Plein jour,Hors agglomération,Intersection en T,Normale,Deux véhicules - côté,,,,,,,,,,,1,1,3,1.0,3
201400003104,0014-06-11 18:00:00,14,6,11,18,0,160,232,Camp Americain,45.69242,0.30276,Plein jour,Hors agglomération,Intersection en X,Normale,Deux véhicules - côté,,,,,,,,,,,1,1,2,1.0,3
201400003105,0014-07-05 19:00:00,14,7,5,19,0,160,146,Villars,45.63167,0.25196,Plein jour,Hors agglomération,Hors intersection,Normale,Autre collision,,,,,,,,,,,1,1,1,1.0,6
201400003106,0014-08-12 07:15:00,14,8,12,7,15,160,78,La Croix d'Argence,45.72659,0.18698,Plein jour,Hors agglomération,Hors intersection,Normale,Sans collision,,,,,,,,,,,1,1,1,1.0,7
201400003107,0014-09-26 08:15:00,14,9,26,8,15,160,146,Les Petites Chaumes,45.61209,0.26335,Plein jour,Hors agglomération,Intersection en T,Temps éblouissant,Deux véhicules - côté,,,,,,,,,,,1,1,3,7.0,3
201400003108,0014-10-24 17:00:00,14,10,24,17,0,160,146,Le Picard,45.6021,0.29762,Plein jour,Hors agglomération,Intersection en T,Normale,Deux véhicules - frontale,,,,,,,,,,,1,1,3,1.0,1
201400003109,0014-11-17 10:40:00,14,11,17,10,40,160,78,,45.69322,0.18989,Plein jour,En agglomération,Hors intersection,Normale,Autre collision,,,,,,,,,,,1,2,1,1.0,6
201400003110,0014-11-19 16:30:00,14,11,19,16,30,160,78,Les Montagnes,45.69042,0.19122,Plein jour,Hors agglomération,Hors intersection,Normale,Autre collision,,,,,,,,,,,1,1,1,1.0,6
201400003111,0014-11-20 19:50:00,14,11,20,19,50,160,78,Les Montagnes,45.69229,0.17973,Nuit sans éclairage public,Hors agglomération,Hors intersection,Normale,Deux véhicules - côté,,,,,,,,,,,3,1,1,1.0,3
201400003112,0014-05-06 07:30:00,14,5,6,7,30,160,119,Le Canton des Vaches,45.5348,0.27601,Plein jour,Hors agglomération,Hors intersection,Normale,Deux véhicules - frontale,,,,,,,,,,,1,1,1,1.0,1
201400003113,0014-07-24 17:00:00,14,7,24,17,0,160,143,,45.5023,0.19931,Plein jour,Hors agglomération,Intersection en X,Normale,Deux véhicules - côté,,,,,,,,,,,1,1,2,1.0,3
201400003114,0014-10-07 01:45:00,14,10,7,1,45,160,175,Chez Vignaud,45.54505,-0.03612,Nuit sans éclairage public,Hors agglomération,Hors intersection,Pluie forte,Trois véhicules et plus - collisions multiples,,,,,,,,,,,3,1,1,3.0,5
201400003115,0014-12-03 16:00:00,14,12,3,16,0,160,120,La Font Toussaint,45.60004,0.26621,Plein jour,Hors agglomération,Hors intersection,Normale,Autre collision,,,,,,,,,,,1,1,1,1.0,6
201400003116,0014-01-16 12:45:00,14,1,16,12,45,160,63,La Riviere,45.33012,0.02487,Plein jour,Hors agglomération,Hors intersection,Normale,Autre collision,,,,,,,,,,,1,1,1,1.0,6
201400003117,0014-02-11 07:30:00,14,2,11,7,30,160,4,P de l'Epaud,45.4346,0.14146,Crépuscule ou aube,Hors agglomération,Hors intersection,Pluie légère,Deux véhicules - côté,,,,,,,,,,,2,1,1,2.0,3
201400003118,0014-05-26 11:35:00,14,5,26,11,35,160,347,Le Grand Fonteneau,45.27924,0.11551,Plein jour,En agglomération,Hors intersection,Pluie forte,Deux véhicules - frontale,,,,,,,,,,,1,2,1,3.0,1
201400003119,0014-08-15 16:30:00,14,8,15,16,30,160,20,,45.26825,0.1711,Plein jour,En agglomération,Hors intersection,Normale,Autre collision,,,,,,,,,,,1,2,1,1.0,6
201400003120,0014-08-17 11:10:00,14,8,17,11,10,160,49,La Fresse,45.25129,0.15027,Plein jour,En agglomération,Intersection en T,Normale,Deux véhicules - côté,,,,,,,,,,,1,2,3,1.0,3
201400003121,0014-10-13 07:45:00,14,10,13,7,45,160,112,La Grange de Viaud,45.31168,0.08909,Crépuscule ou aube,Hors agglomération,Hors intersection,Normale,Deux véhicules - frontale,,,,,,,,,,,2,1,1,1.0,1
201400003122,0014-04-05 12:30:00,14,4,5,12,30,160,217,La Pointe,45.657,-0.21683,Plein jour,Hors agglomération,Intersection en X,Normale,Deux véhicules - côté,,,,,,,,,,,1,1,2,1.0,3
201400003123,0014-04-11 16:30:00,14,4,11,16,30,160,151,rue de l'eglise,45.62768,-0.3135,Plein jour,En agglomération,Hors intersection,Normale,Deux véhicules - frontale,,,,,,,,,,,1,2,1,1.0,1
201400003124,0014-08-08 02:15:00,14,8,8,2,15,160,97,Le Mandras,45.74895,-0.30259,Nuit avec éclairage allumé,Hors agglomération,Intersection en X,Normale,Autre collision,,,,,,,,,,,5,1,2,1.0,6
201400003125,0014-10-04 17:15:00,14,10,4,17,15,160,25,Gadebors,45.39158,-0.27699,Plein jour,Hors agglomération,Hors intersection,Temps couvert,Deux véhicules - frontale,,,,,,,,,,,1,1,1,8.0,1
201400003126,0014-03-06 14:45:00,14,3,6,14,45,160,153,rue Carnot,45.67751,-0.17499,Plein jour,En agglomération,Hors intersection,Normale,Deux véhicules - côté,,,,,,,,,,,1,2,1,1.0,3
201400003127,0014-04-02 21:45:00,14,4,2,21,45,160,312,les Bruns,45.80222,-0.03022,Nuit sans éclairage public,Hors agglomération,Hors intersection,Normale,Autre collision,,,,,,,,,,,3,1,1,1.0,6
201400003128,0014-04-18 14:30:00,14,4,18,14,30,160,286,Le Loret,45.79117,-0.09862,Plein jour,Hors agglomération,Intersection en T,Normale,Deux véhicules - côté,,,,,,,,,,,1,1,3,1.0,3
201400003129,0014-08-01 18:15:00,14,8,1,18,15,160,90,Le Pontreau,45.59812,-0.01267,Plein jour,Hors agglomération,Hors intersection,Normale,Autre collision,,,,,,,,,,,1,1,1,1.0,6
201400003130,0014-08-21 11:00:00,14,8,21,11,0,160,351,La Bachellerie,45.64205,-0.03024,Plein jour,Hors agglomération,Hors intersection,Normale,Autre collision,,,,,,,,,,,1,1,1,1.0,6
201400003131,0014-10-02 17:45:00,14,10,2,17,45,160,343,La Cruzelle,45.61996,-0.16159,Plein jour,Hors agglomération,Intersection en X,Normale,Deux véhicules - côté,,,,,,,,,,,1,1,2,1.0,3
201400003132,0014-11-01 20:15:00,14,11,1,20,15,160,204,Le Passage a Niveau,45.56757,-0.09526,Nuit sans éclairage public,Hors agglomération,Hors intersection,Normale,Autre collision,,,,,,,,,,,3,1,1,1.0,6
201400003133,0014-02-06 03:45:00,14,2,6,3,45,160,134,Maison neuve,45.87189,0.65475,Nuit sans éclairage public,Hors agglomération,Intersection en X,Pluie légère,Deux véhicules - côté,,,,,,,,,,,3,1,2,2.0,3
201400003134,0014-03-02 10:30:00,14,3,2,10,30,160,100,le Mas de bonnet,45.94074,0.64426,Plein jour,Hors agglomération,Hors intersection,Normale,Sans collision,,,,,,,,,,,1,1,1,1.0,7
201400003135,0014-03-03 17:45:00,14,3,3,17,45,160,1,la Piece du Reclous,46.07004,0.69563,Crépuscule ou aube,Hors agglomération,Hors intersection,Neige / grêle,Sans collision,,,,,,,,,,,2,1,1,4.0,7
201400003136,0014-06-15 17:15:00,14,6,15,17,15,160,1,,46.10708,0.71282,Plein jour,Hors agglomération,Hors intersection,Normale,Autre collision,,,,,,,,,,,1,1,1,1.0,6
201400003137,0014-09-25 14:30:00,14,9,25,14,30,160,100,Le Mas de Bonnet,45.94075,0.64485,Plein jour,Hors agglomération,Intersection en X,Normale,Deux véhicules - côté,,,,,,,,,,,1,1,2,1.0,3
201400003138,0014-10-14 16:45:00,14,10,14,16,45,160,71,Petite Biere,45.91685,0.07406,Plein jour,Hors agglomération,Hors intersection,Normale,Deux véhicules - frontale,,,,,,,,,,,1,1,1,1.0,1
201400003139,0014-10-29 13:00:00,14,10,29,13,0,160,100,le Mas,45.87975,0.71347,Plein jour,Hors agglomération,Hors intersection,Normale,Deux véhicules - frontale,,,,,,,,,,,1,1,1,1.0,1
201400003140,0014-12-16 07:30:00,14,12,16,7,30,160,64,,45.92675,0.88743,Crépuscule ou aube,Hors agglomération,Hors intersection,Pluie légère,Autre collision,,,,,,,,,,,2,1,1,2.0,6
201400003141,0014-12-26 17:45:00,14,12,26,17,45,160,9,,45.97803,0.55656,Crépuscule ou aube,Hors agglomération,Hors intersection,Normale,Deux véhicules - frontale,,,,,,,,,,,2,1,1,1.0,1
201400003142,0014-12-30 22:15:00,14,12,30,22,15,160,131,Le Pas de la Mule,46.01089,-0.14606,Nuit sans éclairage public,Hors agglomération,Hors intersection,Normale,Sans collision,,,,,,,,,,,3,1,1,1.0,7