accident_id,datetime,annee,mois,jour,heure,minute,departement,commune_insee,adresse,latitude,longitude,luminosite,agglomeration,intersection,meteo,collision,nb_vehicules,nb_usagers,nb_indemnes,nb_tues,nb_blesses_hosp,nb_blesses_legers,age_cond_1,age_cond_2,veh_type_cond_1,veh_type_cond_2,lum_code,agg_code,int_code,atm_code,col_code
201400003272,0014-06-30 17:15:00,14,6,30,17,15,170,359,,46.09481,-0.72121,Plein jour,Hors agglomération,Hors intersection,Normale,Deux véhicules - côté,,,,,,,,,,,1,1,1,1.0,3
201400003273,0014-07-26 20:00:00,14,7,26,20,0,170,221,,46.12687,-0.58323,Plein jour,Hors agglomération,Intersection en X,Normale,Deux véhicules - côté,,,,,,,,,,,1,1,2,1.0,3
201400003274,0014-07-28 15:30:00,14,7,28,15,30,170,434,,46.107,-0.768,Plein jour,Hors agglomération,Intersection en X,Normale,Deux véhicules - frontale,,,,,,,,,,,1,1,2,1.0,1
201400003275,0014-07-29 22:15:00,14,7,29,22,15,170,80,,46.10363,-0.83836,Nuit sans éclairage public,Hors agglomération,Giratoire,Normale,Deux véhicules - côté,,,,,,,,,,,3,1,6,1.0,3
201400003276,0014-09-12 19:15:00,14,9,12,19,15,170,482,,46.15295,-0.77428,Plein jour,Hors agglomération,Hors intersection,Normale,Deux véhicules - frontale,,,,,,,,,,,1,1,1,1.0,1
201400003277,0014-09-28 06:00:00,14,9,28,6,0,170,359,,46.10153,-0.68195,Nuit sans éclairage public,Hors agglomération,Hors intersection,Normale,Autre collision,,,,,,,,,,,3,1,1,1.0,6
201400003278,0014-11-14 06:45:00,14,11,14,6,45,170,57,,46.17228,-0.84088,Crépuscule ou aube,Hors agglomération,Hors intersection,Pluie légère,Sans collision,,,,,,,,,,,2,1,1,2.0,7
201400003279,0014-11-22 01:45:00,14,11,22,1,45,170,18,,46.05568,-0.90133,Nuit sans éclairage public,Hors agglomération,Hors intersection,Normale,Sans collision,,,,,,,,,,,3,1,1,1.0,7
201400003280,0014-12-14 06:00:00,14,12,14,6,0,170,359,,46.10164,-0.66564,Nuit sans éclairage public,Hors agglomération,Hors intersection,Normale,Autre collision,,,,,,,,,,,3,1,1,1.0,6
201400003281,0014-12-24 20:00:00,14,12,24,20,0,170,382,,46.16852,-0.71507,Nuit sans éclairage public,Hors agglomération,Hors intersection,Pluie légère,Deux véhicules - frontale,,,,,,,,,,,3,1,1,2.0,1
201400003282,0014-01-30 05:00:00,14,1,30,5,0,170,45,,45.87865,-0.85462,Nuit avec éclairage non allumé,Hors agglomération,Hors intersection,Pluie légère,Deux véhicules - frontale,,,,,,,,,,,4,1,1,2.0,1
201400003283,0014-03-06 12:00:00,14,3,6,12,0,170,164,24 route de Taillebourg,45.76468,-0.61831,Plein jour,En agglomération,Hors intersection,Normale,Deux véhicules - frontale,,,,,,,,,,,1,2,1,1.0,1
201400003284,0014-03-07 08:45:00,14,3,7,8,45,170,86,,45.75808,-0.55869,Plein jour,Hors agglomération,Hors intersection,Normale,Autre collision,,,,,,,,,,,1,1,1,1.0,6
201400003285,0014-03-08 14:15:00,14,3,8,14,15,170,143,,45.78225,-0.57074,Plein jour,Hors agglomération,Hors intersection,Normale,Deux véhicules - côté,,,,,,,,,,,1,1,1,1.0,3
201400003286,0014-04-04 20:45:00,14,4,4,20,45,170,330,,45.766,-0.879,Crépuscule ou aube,Hors agglomération,Intersection en X,Normale,Deux véhicules - côté,,,,,,,,,,,2,1,2,1.0,3
201400003287,0014-04-18 18:15:00,14,4,18,18,15,170,387,,45.80503,-0.75307,Plein jour,Hors agglomération,Hors intersection,Normale,Deux véhicules - frontale,,,,,,,,,,,1,1,1,1.0,1
201400003288,0014-04-20 11:00:00,14,4,20,11,0,170,86,53 av charles de gaulle,45.71636,-0.55362,Plein jour,En agglomération,Hors intersection,Normale,Autre collision,,,,,,,,,,,1,2,1,1.0,6
201400003289,0014-04-29 15:45:00,14,4,29,15,45,170,86,,45.7454,-0.58103,Plein jour,Hors agglomération,Hors intersection,Temps couvert,Trois véhicules et plus - collisions multiples,,,,,,,,,,,1,1,1,8.0,5
201400003290,0014-05-03 22:15:00,14,5,3,22,15,170,262,,45.74662,-0.70572,Nuit sans éclairage public,Hors agglomération,Hors intersection,Normale,Autre collision,,,,,,,,,,,3,1,1,1.0,6
201400003291,0014-06-23 14:00:00,14,6,23,14,0,170,336,,45.77468,-0.6728,Plein jour,Hors agglomération,Hors intersection,Normale,Deux véhicules - frontale,,,,,,,,,,,1,1,1,1.0,1
201400003292,0014-06-25 07:00:00,14,6,25,7,0,170,336,,45.79178,-0.72763,Plein jour,Hors agglomération,Intersection en X,Normale,Deux véhicules - côté,,,,,,,,,,,1,1,2,1.0,3
201400003293,0014-07-16 23:30:00,14,7,16,23,30,170,387,,45.8208,-0.79228,Nuit sans éclairage public,Hors agglomération,Hors intersection,Normale,Trois véhicules et plus - collisions multiples,,,,,,,,,,,3,1,1,1.0,5
201400003294,0014-08-19 15:30:00,14,8,19,15,30,170,191,,45.6586,-0.59139,Plein jour,Hors agglomération,Intersection en X,Normale,Trois véhicules et plus - collisions multiples,,,,,,,,,,,1,1,2,1.0,5
201400003295,0014-09-06 16:45:00,14,9,6,16,45,170,336,,45.785,-0.707,Plein jour,Hors agglomération,Hors intersection,Normale,Deux véhicules - côté,,,,,,,,,,,1,1,1,1.0,3
201400003296,0014-09-10 17:45:00,14,9,10,17,45,170,30,Route de l'oc?an,45.74217,-0.83801,Plein jour,En agglomération,Intersection en X,Normale,Deux véhicules - frontale,,,,,,,,,,,1,2,2,1.0,1
201400003297,0014-09-15 17:30:00,14,9,15,17,30,170,330,,45.75081,-0.91368,Plein jour,Hors agglomération,Intersection en X,Normale,Deux véhicules - côté,,,,,,,,,,,1,1,2,1.0,3
201400003298,0014-10-05 19:45:00,14,10,5,19,45,170,262,,45.74597,-0.71046,Crépuscule ou aube,Hors agglomération,Intersection en X,Normale,Deux véhicules - côté,,,,,,,,,,,2,1,2,1.0,3
201400003299,0014-10-09 17:45:00,14,10,9,17,45,170,284,avenue ren? caill?e,45.82738,-0.88515,Plein jour,En agglomération,Hors intersection,Normale,Autre collision,,,,,,,,,,,1,2,1,1.0,6
201400003300,0014-10-11 02:15:00,14,10,11,2,15,170,86,,45.72739,-0.58304,Nuit sans éclairage public,Hors agglomération,Hors intersection,Brouillard / fumée,Autre collision,,,,,,,,,,,3,1,1,5.0,6
201400003301,0014-10-21 11:00:00,14,10,21,11,0,170,86,,45.7274,-0.58252,Plein jour,Hors agglomération,Hors intersection,Normale,Sans collision,,,,,,,,,,,1,1,1,1.0,7
201400003302,0014-10-31 07:45:00,14,10,31,7,45,170,284,,45.83085,-0.90285,Plein jour,Hors agglomération,Hors intersection,Normale,Deux véhicules - arrière,,,,,,,,,,,1,1,1,1.0,2
201400003303,0014-11-01 00:45:00,14,11,1,0,45,170,30,"CD 728, rotue de l'oc?an",45.74143,-0.83455,Nuit avec éclairage non allumé,En agglomération,Hors intersection,Normale,Autre collision,,,,,,,,,,,4,2,1,1.0,6
201400003304,0014-11-22 17:45:00,14,11,22,17,45,170,389,ROUTE DE TRIZAY CD 117,45.83181,-0.87823,Nuit avec éclairage allumé,En agglomération,Hors intersection,Normale,Autre collision,,,,,,,,,,,5,2,1,1.0,6
201400003305,0014-12-12 21:45:00,14,12,12,21,45,170,30,,45.74309,-0.86118,Nuit sans éclairage public,Hors agglomération,Intersection en Y,Normale,Deux véhicules - frontale,,,,,,,,,,,3,1,4,1.0,1
201400003306,0014-12-22 23:00:00,14,12,22,23,0,170,164,,45.77007,-0.57911,Nuit sans éclairage public,Hors agglomération,Intersection en Y,Normale,Deux véhicules - côté,,,,,,,,,,,3,1,4,1.0,3
201400003307,0014-04-03 07:30:00,14,4,3,7,30,170,296,,45.66341,-0.75276,Crépuscule ou aube,Hors agglomération,Hors intersection,Pluie légère,Autre collision,,,,,,,,,,,2,1,1,2.0,6
201400003308,0014-06-12 14:30:00,14,6,12,14,30,170,172,,45.58288,-0.67497,Plein jour,Hors agglomération,Hors intersection,Normale,Autre collision,,,,,,,,,,,1,1,1,1.0,6
201400003309,0014-06-19 16:45:00,14,6,19,16,45,170,131,,45.57863,-0.81196,Plein jour,Hors agglomération,Hors intersection,Normale,Deux véhicules - côté,,,,,,,,,,,1,1,1,1.0,3
201400003310,0014-07-30 12:30:00,14,7,30,12,30,170,172,,45.54895,-0.69622,Plein jour,Hors agglomération,Hors intersection,Normale,Deux véhicules - frontale,,,,,,,,,,,1,1,1,1.0,1
201400003311,0014-09-06 18:00:00,14,9,6,18,0,170,441,,45.62062,-0.65786,Plein jour,Hors agglomération,Hors intersection,Normale,Autre collision,,,,,,,,,,,1,1,1,1.0,6
201400003312,0014-11-12 10:00:00,14,11,12,10,0,170,425,,45.5949,-0.88325,Plein jour,Hors agglomération,Intersection en X,Normale,Deux véhicules - côté,,,,,,,,,,,1,1,2,1.0,3
201400003313,0014-11-26 15:00:00,14,11,26,15,0,170,131,,45.57921,-0.79346,Plein jour,Hors agglomération,Intersection en X,Temps éblouissant,Deux véhicules - côté,,,,,,,,,,,1,1,2,7.0,3
201400003314,0014-02-02 19:30:00,14,2,2,19,30,170,400,,45.70066,-0.52813,Nuit sans éclairage public,Hors agglomération,Hors intersection,Pluie légère,Sans collision,,,,,,,,,,,3,1,1,2.0,7
201400003315,0014-04-24 19:45:00,14,4,24,19,45,170,39,,45.52716,-0.55042,Plein jour,Hors agglomération,Hors intersection,Normale,Sans collision,,,,,,,,,,,1,1,1,1.0,7
201400003316,0014-08-24 05:30:00,14,8,24,5,30,170,39,,45.52433,-0.56205,Nuit sans éclairage public,Hors agglomération,Intersection en X,Normale,Deux véhicules - frontale,,,,,,,,,,,3,1,2,1.0,1
201400003317,0014-10-01 12:45:00,14,10,1,12,45,170,283,,45.55219,-0.55632,Plein jour,Hors agglomération,Hors intersection,Normale,Deux véhicules - frontale,,,,,,,,,,,1,1,1,1.0,1
201400003318,0014-10-12 10:45:00,14,10,12,10,45,170,220,,45.53389,-0.46159,Plein jour,Hors agglomération,Hors intersection,Normale,Deux véhicules - frontale,,,,,,,,,,,1,1,1,1.0,1
201400003319,0014-03-25 06:45:00,14,3,25,6,45,170,307,,45.68217,-0.90747,Crépuscule ou aube,Hors agglomération,Hors intersection,Pluie légère,Deux véhicules - frontale,,,,,,,,,,,2,1,1,2.0,1
201400003320,0014-04-16 15:45:00,14,4,16,15,45,170,228,,45.636,-0.974,Plein jour,Hors agglomération,Hors intersection,Normale,Deux véhicules - frontale,,,,,,,,,,,1,1,1,1.0,1
201400003321,0014-05-25 08:30:00,14,5,25,8,30,170,228,,45.6591,-0.94848,Plein jour,Hors agglomération,Hors intersection,Normale,Trois véhicules et plus - collisions multiples,,,,,,,,,,,1,1,1,1.0,5
201400003322,0014-06-06 19:15:00,14,6,6,19,15,170,307,rue du marechal leclerc,45.69145,-0.84812,Plein jour,En agglomération,Hors intersection,Normale,Trois véhicules et plus - collisions multiples,,,,,,,,,,,1,2,1,1.0,5
201400003323,0014-08-09 16:00:00,14,8,9,16,0,170,307,,45.70332,-0.89053,Plein jour,Hors agglomération,Intersection en X,Normale,Deux véhicules - côté,,,,,,,,,,,1,1,2,1.0,3
201400003324,0014-08-16 18:45:00,14,8,16,18,45,170,228,,45.63544,-0.97521,Plein jour,Hors agglomération,Hors intersection,Temps éblouissant,Deux véhicules - côté,,,,,,,,,,,1,1,1,7.0,3
201400003325,0014-08-31 10:45:00,14,8,31,10,45,170,307,,45.69192,-0.90119,Plein jour,Hors agglomération,Intersection en X,Normale,Trois véhicules et plus - collisions multiples,,,,,,,,,,,1,1,2,1.0,5
201400003326,0014-09-03 12:15:00,14,9,3,12,15,170,232,,45.648,-0.771,Plein jour,Hors agglomération,Hors intersection,Normale,Deux véhicules - frontale,,,,,,,,,,,1,1,1,1.0,1
201400003327,0014-11-23 09:45:00,14,11,23,9,45,170,119,,45.63644,-0.8639,Plein jour,Hors agglomération,Hors intersection,Normale,Sans collision,,,,,,,,,,,1,1,1,1.0,7
201400003328,0014-12-26 21:30:00,14,12,26,21,30,170,421,,45.66068,-0.91217,Nuit sans éclairage public,Hors agglomération,Hors intersection,Normale,Autre collision,,,,,,,,,,,3,1,1,1.0,6
201400003329,0014-01-02 10:30:00,14,1,2,10,30,170,459,,45.90878,-0.42472,Plein jour,Hors agglomération,Intersection en X,Normale,Deux véhicules - côté,,,,,,,,,,,1,1,2,1.0,3
201400003330,0014-01-21 22:45:00,14,1,21,22,45,170,347,80 AVENUE DE GAULLE,45.94024,-0.51271,Nuit avec éclairage allumé,En agglomération,Hors intersection,Normale,Autre collision,,,,,,,,,,,5,2,1,1.0,6
201400003331,0014-03-23 13:45:00,14,3,23,13,45,170,356,,46.0025,-0.62981,Plein jour,Hors agglomération,Intersection en X,Pluie légère,Deux véhicules - côté,,,,,,,,,,,1,1,2,2.0,3
201400003332,0014-04-18 17:15:00,14,4,18,17,15,170,440,,45.93825,-0.5454,Plein jour,Hors agglomération,Intersection à plus de 4 branches,Normale,Deux véhicules - côté,,,,,,,,,,,1,1,5,1.0,3
201400003333,0014-05-07 17:15:00,14,5,7,17,15,170,288,,45.94457,-0.46902,Plein jour,Hors agglomération,Hors intersection,Normale,Trois véhicules et plus - collisions multiples,,,,,,,,,,,1,1,1,1.0,5
201400003334,0014-05-19 07:30:00,14,5,19,7,30,170,22,,45.88952,-0.48857,Plein jour,Hors agglomération,Hors intersection,Normale,Sans collision,,,,,,,,,,,1,1,1,1.0,7
201400003335,0014-05-19 20:45:00,14,5,19,20,45,170,347,AVENUE DE ROCHEFORT,45.93591,-0.52741,Plein jour,En agglomération,Intersection en T,Pluie légère,Deux véhicules - côté,,,,,,,,,,,1,2,3,2.0,3
201400003336,0014-06-03 23:45:00,14,6,3,23,45,170,292,,45.96187,-0.76735,Nuit sans éclairage public,Hors agglomération,Hors intersection,Pluie forte,Deux véhicules - arrière,,,,,,,,,,,3,1,1,3.0,2
201400003337,0014-06-17 20:15:00,14,6,17,20,15,170,347,avenue de Marennes,45.94515,-0.53557,Plein jour,En agglomération,Hors intersection,Normale,Sans collision,,,,,,,,,,,1,2,1,1.0,7
201400003338,0014-08-08 21:45:00,14,8,8,21,45,170,277,,45.98213,-0.52086,Nuit avec éclairage allumé,Hors agglomération,Hors intersection,Pluie légère,Deux véhicules - côté,,,,,,,,,,,5,1,1,2.0,3
201400003339,0014-08-22 10:45:00,14,8,22,10,45,170,397,,45.89166,-0.68997,Plein jour,Hors agglomération,Hors intersection,Normale,Autre collision,,,,,,,,,,,1,1,1,1.0,6
201400003340,0014-08-26 13:30:00,14,8,26,13,30,170,465,,45.96297,-0.56693,Plein jour,Hors agglomération,Hors intersection,Normale,Deux véhicules - frontale,,,,,,,,,,,1,1,1,1.0,1
201400003341,0014-09-22 12:15:00,14,9,22,12,15,170,294,,46.03658,-0.62629,Plein jour,Hors agglomération,Hors intersection,Normale,Deux véhicules - arrière,,,,,,,,,,,1,1,1,1.0,2
201400003342,0014-10-07 11:15:00,14,10,7,11,15,170,202,,45.99603,-0.59744,Plein jour,Hors agglomération,Hors intersection,Normale,Autre collision,,,,,,,,,,,1,1,1,1.0,6
201400003343,0014-10-19 09:00:00,14,10,19,9,0,170,397,avenue de la gare,45.87673,-0.67892,Plein jour,En agglomération,Hors intersection,Temps éblouissant,Autre collision,,,,,,,,,,,1,2,1,7.0,6
201400003344,0014-11-23 18:15:00,14,11,23,18,15,170,450,,,,Nuit sans éclairage public,Hors agglomération,Hors intersection,Normale,Deux véhicules - frontale,,,,,,,,,,,3,1,1,1.0,1
201400003345,0014-12-05 23:30:00,14,12,5,23,30,170,459,,45.92268,-0.45507,Nuit sans éclairage public,Hors agglomération,Hors intersection,Normale,Autre collision,,,,,,,,,,,3,1,1,1.0,6
201400003346,0014-02-07 23:00:00,14,2,7,23,0,170,383,,45.95362,-0.41197,Nuit sans éclairage public,Hors agglomération,Hors intersection,Normale,Autre collision,,,,,,,,,,,3,1,1,1.0,6
201400003347,0014-03-16 11:15:00,14,3,16,11,15,170,162,,45.96115,-0.19011,Plein jour,Hors agglomération,Intersection en X,Normale,Deux véhicules - côté,,,,,,,,,,,1,1,2,1.0,3
201400003348,0014-10-26 17:15:00,14,10,26,17,15,170,358,,46.02959,-0.264,Plein jour,Hors agglomération,Hors intersection,Temps éblouissant,Deux véhicules - arrière,,,,,,,,,,,1,1,1,7.0,2
201400003349,0014-01-11 13:30:00,14,1,11,13,30,170,428,Rue de la Grolle,45.83794,-0.27198,Plein jour,En agglomération,Hors intersection,Normale,Deux véhicules - côté,,,,,,,,,,,1,2,1,1.0,3
201400003350,0014-02-12 10:00:00,14,2,12,10,0,170,446,,45.83765,-0.3112,Plein jour,En agglomération,Intersection en T,Normale,Deux véhicules - côté,,,,,,,,,,,1,2,3,1.0,3
201400003351,0014-03-23 18:15:00,14,3,23,18,15,170,180,rue du ch?teau d'eau,45.8919,-0.22092,Plein jour,En agglomération,Hors intersection,Temps couvert,Deux véhicules - frontale,,,,,,,,,,,1,2,1,8.0,1
201400003352,0014-05-08 10:45:00,14,5,8,10,45,170,313,,45.76505,-0.48302,Plein jour,Hors agglomération,Intersection en T,Normale,Deux véhicules - côté,,,,,,,,,,,1,1,3,1.0,3
201400003353,0014-07-15 14:00:00,14,7,15,14,0,170,71,,45.89504,-0.37895,Plein jour,Hors agglomération,Hors intersection,Temps éblouissant,Autre collision,,,,,,,,,,,1,1,1,7.0,6
201400003354,0014-07-27 01:15:00,14,7,27,1,15,170,313,,45.776,-0.497,Nuit sans éclairage public,Hors agglomération,Hors intersection,Normale,Autre collision,,,,,,,,,,,3,1,1,1.0,6
201400003355,0014-10-11 17:00:00,14,10,11,17,0,170,224,,45.8477,-0.31056,Plein jour,Hors agglomération,Hors intersection,Normale,Sans collision,,,,,,,,,,,1,1,1,1.0,7
201400003356,0014-10-16 18:30:00,14,10,16,18,30,170,23,,45.85169,-0.41679,Plein jour,Hors agglomération,Intersection en X,Temps couvert,Deux véhicules - côté,,,,,,,,,,,1,1,2,8.0,3
201400003357,0014-11-05 18:30:00,14,11,5,18,30,170,314,,45.75184,-0.51165,Plein jour,Hors agglomération,Hors intersection,Normale,Deux véhicules - frontale,,,,,,,,,,,1,1,1,1.0,1
201400003358,0014-01-18 05:45:00,14,1,18,5,45,790,219,,,,Nuit sans éclairage public,Hors agglomération,Hors intersection,Normale,Deux véhicules - côté,,,,,,,,,,,3,1,1,1.0,3
201400003359,0014-04-12 23:15:00,14,4,12,23,15,790,356,,,,Nuit sans éclairage public,Hors agglomération,Hors intersection,Normale,Autre collision,,,,,,,,,,,3,1,1,1.0,6
201400003360,0014-02-23 05:15:00,14,2,23,5,15,790,49,,,,Nuit sans éclairage public,Hors agglomération,Hors intersection,Normale,Autre collision,,,,,,,,,,,3,1,1,1.0,6
201400003361,0014-04-28 07:45:00,14,4,28,7,45,790,49,,,,Plein jour,Hors agglomération,Hors intersection,Temps couvert,Deux véhicules - frontale,,,,,,,,,,,1,1,1,8.0,1
201400003362,0014-05-09 17:15:00,14,5,9,17,15,790,49,,,,Plein jour,Hors agglomération,Hors intersection,Normale,Trois véhicules et plus - collisions multiples,,,,,,,,,,,1,1,1,1.0,5
201400003363,0014-07-11 21:30:00,14,7,11,21,30,790,49,7 BD DE LA JOBTIERE,,,Crépuscule ou aube,En agglomération,Hors intersection,Temps couvert,Autre collision,,,,,,,,,,,2,2,1,8.0,6
201400003364,0014-08-15 20:30:00,14,8,15,20,30,790,49,,,,Plein jour,Hors agglomération,Hors intersection,Pluie légère,Deux véhicules - frontale,,,,,,,,,,,1,1,1,2.0,1
201400003365,0014-09-04 17:45:00,14,9,4,17,45,790,49,RUE DE NIORT,,,Plein jour,En agglomération,Intersection en T,Normale,Deux véhicules - côté,,,,,,,,,,,1,2,3,1.0,3
201400003366,0014-11-06 15:30:00,14,11,6,15,30,790,49,48 RUE DE LA CABANE,,,Plein jour,En agglomération,Hors intersection,Temps couvert,Deux véhicules - frontale,,,,,,,,,,,1,2,1,8.0,1
201400003367,0014-12-22 12:30:00,14,12,22,12,30,790,49,13 RUE DES JONCS,,,Plein jour,En agglomération,Hors intersection,Normale,Autre collision,,,,,,,,,,,1,2,1,1.0,6
201400003368,0014-03-23 18:45:00,14,3,23,18,45,790,43,627 RUE D'ANJOU,,,Crépuscule ou aube,En agglomération,Hors intersection,Temps couvert,Autre collision,,,,,,,,,,,2,2,1,8.0,6
201400003369,0014-06-09 12:45:00,14,6,9,12,45,790,13,,,,Plein jour,Hors agglomération,Intersection en X,Normale,Deux véhicules - côté,,,,,,,,,,,1,1,2,1.0,3
201400003370,0014-01-30 08:00:00,14,1,30,8,0,790,61,,,,Crépuscule ou aube,Hors agglomération,Hors intersection,Pluie légère,Trois véhicules et plus - collisions multiples,,,,,,,,,,,2,1,1,2.0,5
201400003371,0014-06-25 15:30:00,14,6,25,15,30,790,4,,,,Plein jour,Hors agglomération,Hors intersection,Temps éblouissant,Sans collision,,,,,,,,,,,1,1,1,7.0,7
201400003372,0014-02-17 15:30:00,14,2,17,15,30,790,230,,,,Plein jour,Hors agglomération,Intersection en T,Normale,Deux véhicules - côté,,,,,,,,,,,1,1,3,1.0,3
201400003373,0014-07-19 21:05:00,14,7,19,21,5,790,83,RUE PIERRE BLANCHARD,,,Plein jour,En agglomération,Hors intersection,Normale,Deux véhicules - frontale,,,,,,,,,,,1,2,1,1.0,1
201400003374,0014-08-05 18:00:00,14,8,5,18,0,790,6,,,,Plein jour,Hors agglomération,Hors intersection,Normale,Sans collision,,,,,,,,,,,1,1,1,1.0,7
201400003375,0014-07-05 21:15:00,14,7,5,21,15,790,19,,,,Plein jour,Hors agglomération,Intersection en X,Normale,Deux véhicules - frontale,,,,,,,,,,,1,1,2,1.0,1
201400003376,0014-01-22 17:00:00,14,1,22,17,0,790,147,,,,Plein jour,Hors agglomération,Hors intersection,Temps couvert,Deux véhicules - frontale,,,,,,,,,,,1,1,1,8.0,1
201400003377,0014-01-23 14:15:00,14,1,23,14,15,870,107,,,,Crépuscule ou aube,Hors agglomération,Hors intersection,Pluie légère,Trois véhicules et plus - collisions multiples,,,,,,,,,,,2,1,1,2.0,5
201400003378,0014-03-31 21:30:00,14,3,31,21,30,870,152,,,,Nuit avec éclairage allumé,En agglomération,Hors intersection,Normale,Autre collision,,,,,,,,,,,5,2,1,1.0,6
201400003379,0014-05-14 07:45:00,14,5,14,7,45,870,201,,,,Plein jour,Hors agglomération,Hors intersection,Temps couvert,Autre collision,,,,,,,,,,,1,1,1,8.0,6
201400003380,0014-09-04 05:15:00,14,9,4,5,15,870,202,,,,Nuit sans éclairage public,Hors agglomération,Hors intersection,Normale,Autre collision,,,,,,,,,,,3,1,1,1.0,6
201400003381,0014-09-23 10:45:00,14,9,23,10,45,870,118,1 rue jean lalue,,,Plein jour,En agglomération,Hors intersection,Normale,Autre collision,,,,,,,,,,,1,2,1,1.0,6
201400003382,0014-11-05 11:45:00,14,11,5,11,45,870,1,,,,Plein jour,Hors agglomération,Hors intersection,Normale,Deux véhicules - côté,,,,,,,,,,,1,1,1,1.0,3
201400003383,0014-11-05 10:15:00,14,11,5,10,15,870,201,Rue des closes,,,Plein jour,En agglomération,Hors intersection,Normale,Deux véhicules - côté,,,,,,,,,,,1,2,1,1.0,3
201400003384,0014-11-12 06:00:00,14,11,12,6,0,870,107,,,,Nuit avec éclairage allumé,Hors agglomération,Hors intersection,Normale,Deux véhicules - frontale,,,,,,,,,,,5,1,1,1.0,1
201400003385,0014-12-12 16:00:00,14,12,12,16,0,870,201,,,,Plein jour,Hors agglomération,Intersection en X,Normale,Deux véhicules - côté,,,,,,,,,,,1,1,2,1.0,3
201400003386,0014-03-17 00:15:00,14,3,17,0,15,870,2,,,,Nuit avec éclairage allumé,Hors agglomération,Hors intersection,Normale,Autre collision,,,,,,,,,,,5,1,1,1.0,6
201400003387,0014-04-19 18:15:00,14,4,19,18,15,870,178,,,,Plein jour,Hors agglomération,Hors intersection,Normale,Deux véhicules - frontale,,,,,,,,,,,1,1,1,1.0,1
201400003388,0014-06-20 06:00:00,14,6,20,6,0,870,178,,,,Plein jour,Hors agglomération,Hors intersection,Normale,Autre collision,,,,,,,,,,,1,1,1,1.0,6
201400003389,0014-09-05 20:45:00,14,9,5,20,45,870,178,route des bardys,,,Crépuscule ou aube,En agglomération,Intersection en X,Normale,Deux véhicules - frontale,,,,,,,,,,,2,2,2,1.0,1
201400003390,0014-04-04 01:45:00,14,4,4,1,45,870,93,,,,Nuit sans éclairage public,Hors agglomération,Hors intersection,Normale,Autre collision,,,,,,,,,,,3,1,1,1.0,6
201400003391,0014-06-20 18:30:00,14,6,20,18,30,870,105,,,,Plein jour,Hors agglomération,Hors intersection,Normale,Deux véhicules - frontale,,,,,,,,,,,1,1,1,1.0,1
201400003392,0014-07-19 15:00:00,14,7,19,15,0,870,40,,,,Plein jour,Hors agglomération,Hors intersection,Normale,Autre collision,,,,,,,,,,,1,1,1,1.0,6
201400003393,0014-11-09 15:30:00,14,11,9,15,30,870,64,,,,Plein jour,En agglomération,Hors intersection,Temps couvert,Autre collision,,,,,,,,,,,1,2,1,8.0,6
201400003394,0014-06-18 12:00:00,14,6,18,12,0,870,161,,,,Plein jour,Hors agglomération,Hors intersection,Normale,Deux véhicules - frontale,,,,,,,,,,,1,1,1,1.0,1
201400003395,0014-10-03 08:45:00,14,10,3,8,45,870,62,LIEU DIT LES VIGNES,,,Plein jour,En agglomération,Hors intersection,Normale,Deux véhicules - frontale,,,,,,,,,,,1,2,1,1.0,1
201400003396,0014-10-24 21:00:00,14,10,24,21,0,870,70,,,,Nuit sans éclairage public,Hors agglomération,Hors intersection,Normale,Deux véhicules - arrière,,,,,,,,,,,3,1,1,1.0,2
201400003397,0014-03-26 17:00:00,14,3,26,17,0,870,187,,,,Plein jour,Hors agglomération,Hors intersection,Normale,Deux véhicules - frontale,,,,,,,,,,,1,1,1,1.0,1
201400003398,0014-04-07 10:15:00,14,4,7,10,15,870,187,,,,Plein jour,Hors agglomération,Hors intersection,Normale,Deux véhicules - frontale,,,,,,,,,,,1,1,1,1.0,1
201400003399,0014-05-15 11:15:00,14,5,15,11,15,870,77,,,,Plein jour,Hors agglomération,Hors intersection,Normale,Sans collision,,,,,,,,,,,1,1,1,1.0,7
201400003400,0014-07-13 07:45:00,14,7,13,7,45,870,49,,,,Crépuscule ou aube,Hors agglomération,Hors intersection,Temps couvert,Autre collision,,,,,,,,,,,2,1,1,8.0,6
201400003401,0014-11-01 16:15:00,14,11,1,16,15,870,96,,,,Plein jour,Hors agglomération,Hors intersection,Normale,Sans collision,,,,,,,,,,,1,1,1,1.0,7
201400003402,0014-02-02 02:30:00,14,2,2,2,30,870,195,,,,Nuit sans éclairage public,Hors agglomération,Hors intersection,Normale,Autre collision,,,,,,,,,,,3,1,1,1.0,6
201400003403,0014-02-24 14:45:00,14,2,24,14,45,870,28,,,,Plein jour,Hors agglomération,Hors intersection,Normale,Deux véhicules - frontale,,,,,,,,,,,1,1,1,1.0,1