accident_id,datetime,annee,mois,jour,heure,minute,departement,commune_insee,adresse,latitude,longitude,luminosite,agglomeration,intersection,meteo,collision,nb_vehicules,nb_usagers,nb_indemnes,nb_tues,nb_blesses_hosp,nb_blesses_legers,age_cond_1,age_cond_2,veh_type_cond_1,veh_type_cond_2,lum_code,agg_code,int_code,atm_code,col_code
201400003798,0014-10-24 15:30:00,14,10,24,15,30,120,182,,,,Plein jour,Hors agglomération,Hors intersection,Normale,Autre collision,,,,,,,,,,,1,1,1,1.0,6
201400003799,0014-01-22 10:04:00,14,1,22,10,4,120,2,LA BORIE SECHE,44.1643,3.08589,Plein jour,Hors agglomération,Intersection en X,Normale,Deux véhicules - côté,,,,,,,,,,,1,1,2,1.0,3
201400003800,0014-06-10 13:00:00,14,6,10,13,0,120,178,VC CARBASSAS/PAULHE,44.1419,3.10781,Plein jour,Hors agglomération,Hors intersection,Normale,Autre collision,,,,,,,,,,,1,1,1,1.0,6
201400003801,0014-06-14 14:35:00,14,6,14,14,35,120,200,RD 907,44.1897,3.15293,Plein jour,Hors agglomération,Hors intersection,Normale,Deux véhicules - arrière,,,,,,,,,,,1,1,1,1.0,2
201400003802,0014-07-26 09:30:00,14,7,26,9,30,120,82,,43.952,3.275,Plein jour,Hors agglomération,Hors intersection,Normale,Sans collision,,,,,,,,,,,1,1,1,1.0,7
201400003803,0014-07-29 16:15:00,14,7,29,16,15,120,63,,,,Plein jour,Hors agglomération,Hors intersection,Normale,Deux véhicules - frontale,,,,,,,,,,,1,1,1,1.0,1
201400003804,0014-08-03 16:30:00,14,8,3,16,30,120,2,,44.14,3.1,Plein jour,Hors agglomération,Hors intersection,Normale,Autre collision,,,,,,,,,,,1,1,1,1.0,6
201400003805,0014-08-21 17:30:00,14,8,21,17,30,120,2,passage ? niveau 74,44.157,3.099,Plein jour,En agglomération,Passage à niveau,Normale,Trois véhicules et plus - collisions multiples,,,,,,,,,,,1,2,8,1.0,5
201400003806,0014-09-16 15:30:00,14,9,16,15,30,120,204,D991,,,Plein jour,En agglomération,Hors intersection,Normale,Trois véhicules et plus - en chaîne,,,,,,,,,,,1,2,1,1.0,4
201400003807,0014-10-19 11:15:00,14,10,19,11,15,120,2,,,,Plein jour,Hors agglomération,Hors intersection,Normale,Sans collision,,,,,,,,,,,1,1,1,1.0,7
201400003808,0014-03-23 20:35:00,14,3,23,20,35,120,299,AVENUE DU LEVEZOU,44.0883,2.70516,Nuit avec éclairage allumé,En agglomération,Hors intersection,Neige / grêle,Autre collision,,,,,,,,,,,5,2,1,4.0,6
201400003809,0014-05-14 09:30:00,14,5,14,9,30,120,213,RD 911,44.1604,3.00571,Plein jour,Hors agglomération,Hors intersection,Normale,Autre collision,,,,,,,,,,,1,1,1,1.0,6
201400003810,0014-05-23 07:45:00,14,5,23,7,45,120,238,RD 911,44.2398,2.96549,Plein jour,Hors agglomération,Hors intersection,Normale,Deux véhicules - frontale,,,,,,,,,,,1,1,1,1.0,1
201400003811,0014-08-28 13:00:00,14,8,28,13,0,120,291,,,,Plein jour,Hors agglomération,Intersection en X,Normale,Deux véhicules - côté,,,,,,,,,,,1,1,2,1.0,3
201400003812,0014-08-30 10:45:00,14,8,30,10,45,120,62,,,,Plein jour,Hors agglomération,Hors intersection,Normale,Sans collision,,,,,,,,,,,1,1,1,1.0,7
201400003813,0014-11-22 15:15:00,14,11,22,15,15,120,153,,,,Plein jour,Hors agglomération,Hors intersection,Brouillard / fumée,Autre collision,,,,,,,,,,,1,1,1,5.0,6
201400003814,0014-11-28 17:30:00,14,11,28,17,30,120,307,RD 199 pk 6+750,,,Nuit sans éclairage public,En agglomération,Hors intersection,Pluie forte,Autre collision,,,,,,,,,,,3,2,1,3.0,6
201400003815,0014-06-07 12:10:00,14,6,7,12,10,120,270,LE MERDANS,44.3372,3.06623,Plein jour,Hors agglomération,Hors intersection,Normale,Autre collision,,,,,,,,,,,1,1,1,1.0,6
201400003816,0014-03-20 13:44:00,14,3,20,13,44,120,243,CD 993,44.0127,2.93545,Plein jour,Hors agglomération,Hors intersection,Normale,Autre collision,,,,,,,,,,,1,1,1,1.0,6
201400003817,0014-06-07 09:45:00,14,6,7,9,45,120,37,,44.0563,2.70335,Plein jour,Hors agglomération,Intersection en T,Normale,Deux véhicules - frontale,,,,,,,,,,,1,1,3,1.0,1
201400003818,0014-07-07 00:15:00,14,7,7,0,15,120,286,,43.937,2.83,Nuit sans éclairage public,Hors agglomération,Hors intersection,Pluie légère,Deux véhicules - côté,,,,,,,,,,,3,1,1,2.0,3
201400003819,0014-08-13 10:15:00,14,8,13,10,15,120,208,,43.962,2.88,Plein jour,En agglomération,Hors intersection,Normale,Autre collision,,,,,,,,,,,1,2,1,1.0,6
201400003820,0014-09-14 05:30:00,14,9,14,5,30,120,208,173 route de couat,43.956,2.896,Nuit avec éclairage non allumé,En agglomération,Hors intersection,Normale,Autre collision,,,,,,,,,,,4,2,1,1.0,6
201400003821,0014-11-02 04:30:00,14,11,2,4,30,120,203,,43.962,2.959,Nuit sans éclairage public,Hors agglomération,Hors intersection,Brouillard / fumée,Autre collision,,,,,,,,,,,3,1,1,5.0,6
201400003822,0014-11-30 04:45:00,14,11,30,4,45,120,37,,44.012,2.701,Nuit sans éclairage public,Hors agglomération,Hors intersection,Temps couvert,Sans collision,,,,,,,,,,,3,1,1,8.0,7
201400003823,0014-01-14 07:45:00,14,1,14,7,45,120,300,D911AVENUE SAINT GILES,44.3515,2.03453,Crépuscule ou aube,En agglomération,Hors intersection,Pluie légère,Autre collision,,,,,,,,,,,2,2,1,2.0,6
201400003824,0014-03-27 13:15:00,14,3,27,13,15,120,136,BELVEZET,44.3766,2.11383,Plein jour,Hors agglomération,Hors intersection,Normale,Sans collision,,,,,,,,,,,1,1,1,1.0,7
201400003825,0014-04-15 14:45:00,14,4,15,14,45,120,263,LIEUDIT : BACH,44.3465,1.959,Plein jour,Hors agglomération,Hors intersection,Normale,Deux véhicules - arrière,,,,,,,,,,,1,1,1,1.0,2
201400003826,0014-05-09 17:20:00,14,5,9,17,20,120,300,PARKING CC LECLERC,44.3605,1.99663,Plein jour,En agglomération,Autre intersection,Normale,Autre collision,,,,,,,,,,,1,2,9,1.0,6
201400003827,0014-06-14 10:45:00,14,6,14,10,45,120,300,RD 922,44.3206,2.02779,Plein jour,Hors agglomération,Hors intersection,Normale,Deux véhicules - frontale,,,,,,,,,,,1,1,1,1.0,1
201400003828,0014-06-20 16:00:00,14,6,20,16,0,120,287,RD 926,44.3249,1.90391,Plein jour,Hors agglomération,Hors intersection,Normale,Autre collision,,,,,,,,,,,1,1,1,1.0,6
201400003829,0014-07-02 14:15:00,14,7,2,14,15,120,300,Pont National,,,Plein jour,En agglomération,Hors intersection,Normale,Trois véhicules et plus - en chaîne,,,,,,,,,,,1,2,1,1.0,4
201400003830,0014-07-27 11:45:00,14,7,27,11,45,120,136,,,,Plein jour,Hors agglomération,Hors intersection,Normale,Deux véhicules - frontale,,,,,,,,,,,1,1,1,1.0,1
201400003831,0014-08-26 12:00:00,14,8,26,12,0,120,300,,,,Plein jour,Hors agglomération,Hors intersection,Pluie légère,Autre collision,,,,,,,,,,,1,1,1,2.0,6
201400003832,0014-09-11 17:15:00,14,9,11,17,15,120,136,,,,Plein jour,Hors agglomération,Intersection en X,Normale,Deux véhicules - côté,,,,,,,,,,,1,1,2,1.0,3
201400003833,0014-09-26 17:15:00,14,9,26,17,15,120,300,,,,Plein jour,Hors agglomération,Hors intersection,Normale,Sans collision,,,,,,,,,,,1,1,1,1.0,7
201400003834,0014-10-20 14:30:00,14,10,20,14,30,120,140,,,,Plein jour,Hors agglomération,Hors intersection,Normale,Deux véhicules - frontale,,,,,,,,,,,1,1,1,1.0,1
201400003835,0014-11-22 12:30:00,14,11,22,12,30,120,300,route de montauban,,,Plein jour,En agglomération,Hors intersection,Normale,Deux véhicules - frontale,,,,,,,,,,,1,2,1,1.0,1
201400003836,0014-04-13 17:00:00,14,4,13,17,0,120,104,FREJEROQUES,44.5134,2.02874,Plein jour,Hors agglomération,Intersection en X,Normale,Deux véhicules - côté,,,,,,,,,,,1,1,2,1.0,3
201400003837,0014-07-04 09:00:00,14,7,4,9,0,120,301,avenue du rouergue,,,Plein jour,En agglomération,Hors intersection,Pluie légère,Deux véhicules - arrière,,,,,,,,,,,1,2,1,2.0,2
201400003838,0014-07-06 17:00:00,14,7,6,17,0,120,257,,44.53,2.056,Plein jour,Hors agglomération,Intersection en X,Temps couvert,Deux véhicules - côté,,,,,,,,,,,1,1,2,8.0,3
201400003839,0014-09-08 17:30:00,14,9,8,17,30,120,257,loupiac,44.544,2.028,Plein jour,En agglomération,Hors intersection,Pluie légère,Deux véhicules - frontale,,,,,,,,,,,1,2,1,2.0,1
201400003840,0014-10-18 16:00:00,14,10,18,16,0,120,52,AVENUE ALBERT THOMAS,,,Plein jour,En agglomération,Intersection en X,Normale,Deux véhicules - côté,,,,,,,,,,,1,2,2,1.0,3
201400003841,0014-10-30 15:00:00,14,10,30,15,0,120,257,BOURG DE LOUPIAC,44.544,2.028,Plein jour,En agglomération,Hors intersection,Normale,Deux véhicules - frontale,,,,,,,,,,,1,2,1,1.0,1
201400003842,0014-10-30 19:45:00,14,10,30,19,45,120,105,,44.236,2.019,Nuit sans éclairage public,Hors agglomération,Hors intersection,Normale,Deux véhicules - côté,,,,,,,,,,,3,1,1,1.0,3
201400003843,0014-11-21 20:00:00,14,11,21,20,0,120,198,,44.329,2.206,Nuit sans éclairage public,Hors agglomération,Hors intersection,Normale,Deux véhicules - frontale,,,,,,,,,,,3,1,1,1.0,1
201400003844,0014-04-07 18:15:00,14,4,7,18,15,320,279,,43.6996,0.65894,Plein jour,Hors agglomération,Hors intersection,Normale,Autre collision,,,,,,,,,,,1,1,1,1.0,6
201400003845,0014-06-15 20:00:00,14,6,15,20,0,320,200,,43.5836,0.54141,Plein jour,Hors agglomération,Hors intersection,Normale,Deux véhicules - frontale,,,,,,,,,,,1,1,1,1.0,1
201400003846,0014-07-31 16:00:00,14,7,31,16,0,320,60,,43.5659,0.61094,Plein jour,Hors agglomération,Hors intersection,Normale,Deux véhicules - arrière,,,,,,,,,,,1,1,1,1.0,2
201400003847,0014-10-05 04:45:00,14,10,5,4,45,320,307,,43.5992,0.61476,Nuit sans éclairage public,Hors agglomération,Hors intersection,Normale,Autre collision,,,,,,,,,,,3,1,1,1.0,6
201400003848,0014-01-07 19:15:00,14,1,7,19,15,320,249,,43.7062,0.85183,Nuit sans éclairage public,Hors agglomération,Hors intersection,Normale,Deux véhicules - frontale,,,,,,,,,,,3,1,1,1.0,1
201400003849,0014-03-21 08:30:00,14,3,21,8,30,320,249,RUE DE LA REPUBLIQUE,43.7297,0.87934,Plein jour,En agglomération,Hors intersection,Normale,Trois véhicules et plus - collisions multiples,,,,,,,,,,,1,2,1,1.0,5
201400003850,0014-04-15 21:30:00,14,4,15,21,30,320,436,,43.7803,0.88824,Nuit sans éclairage public,Hors agglomération,Intersection en T,Normale,Deux véhicules - côté,,,,,,,,,,,3,1,3,1.0,3
201400003851,0014-04-18 16:00:00,14,4,18,16,0,320,376,,43.7613,0.77976,Plein jour,Hors agglomération,Hors intersection,Normale,Autre collision,,,,,,,,,,,1,1,1,1.0,6
201400003852,0014-05-04 13:15:00,14,5,4,13,15,320,12,,43.6377,0.8219,Plein jour,Hors agglomération,Giratoire,Normale,Autre collision,,,,,,,,,,,1,1,6,1.0,6
201400003853,0014-05-28 17:30:00,14,5,28,17,30,320,12,,,,Plein jour,Hors agglomération,Passage à niveau,Pluie légère,Autre collision,,,,,,,,,,,1,1,8,2.0,6
201400003854,0014-07-06 21:30:00,14,7,6,21,30,320,123,,43.6253,0.92506,Crépuscule ou aube,Hors agglomération,Hors intersection,Normale,Autre collision,,,,,,,,,,,2,1,1,1.0,6
201400003855,0014-08-06 17:45:00,14,8,6,17,45,320,436,EN BOUNEAU,43.811,0.90199,Plein jour,En agglomération,Hors intersection,Normale,Deux véhicules - frontale,,,,,,,,,,,1,2,1,1.0,1
201400003856,0014-08-28 10:45:00,14,8,28,10,45,320,147,RUE COMBE DU MIDI,43.6262,0.8748,Plein jour,En agglomération,Intersection en X,Normale,Deux véhicules - côté,,,,,,,,,,,1,2,2,1.0,3
201400003857,0014-09-10 06:45:00,14,9,10,6,45,320,147,,,,Crépuscule ou aube,Hors agglomération,Hors intersection,Normale,Autre collision,,,,,,,,,,,2,1,1,1.0,6
201400003858,0014-09-06 22:45:00,14,9,6,22,45,320,147,BOULEVARD DE CAHUZAC,43.6296,0.87003,Nuit avec éclairage allumé,En agglomération,Hors intersection,Normale,Autre collision,,,,,,,,,,,5,2,1,1.0,6
201400003859,0014-09-30 10:45:00,14,9,30,10,45,320,147,24 BOULEVARD DU NORD,43.628,0.87627,Plein jour,En agglomération,Hors intersection,Temps couvert,Autre collision,,,,,,,,,,,1,2,1,8.0,6
201400003860,0014-01-28 08:00:00,14,1,28,8,0,320,268,,43.6071,0.98567,Plein jour,Hors agglomération,Intersection en X,Normale,Deux véhicules - côté,,,,,,,,,,,1,1,2,1.0,3
201400003861,0014-01-31 18:00:00,14,1,31,18,0,320,425,,43.6304,1.13101,Nuit avec éclairage allumé,En agglomération,Intersection en Y,Normale,Deux véhicules - frontale,,,,,,,,,,,5,2,4,1.0,1
201400003862,0014-03-02 07:45:00,14,3,2,7,45,320,16,,43.5827,1.04658,Plein jour,Hors agglomération,Hors intersection,Normale,Trois véhicules et plus - collisions multiples,,,,,,,,,,,1,1,1,1.0,5
201400003863,0014-05-13 07:45:00,14,5,13,7,45,320,16,,43.5408,1.09674,Plein jour,Hors agglomération,Hors intersection,Normale,Autre collision,,,,,,,,,,,1,1,1,1.0,6
201400003864,0014-09-10 18:45:00,14,9,10,18,45,320,160,,43.6231,1.10976,Plein jour,Hors agglomération,Hors intersection,Normale,Autre collision,,,,,,,,,,,1,1,1,1.0,6
201400003865,0014-10-19 16:00:00,14,10,19,16,0,320,160,,,,Crépuscule ou aube,Hors agglomération,Hors intersection,Normale,Sans collision,,,,,,,,,,,2,1,1,1.0,7
201400003866,0014-02-12 12:00:00,14,2,12,12,0,320,410,,43.4906,0.9426,Plein jour,Hors agglomération,Intersection en T,Normale,Deux véhicules - côté,,,,,,,,,,,1,1,3,1.0,3
201400003867,0014-05-14 18:00:00,14,5,14,18,0,320,322,,43.5325,0.99193,Plein jour,Hors agglomération,Intersection en T,Normale,Deux véhicules - arrière,,,,,,,,,,,1,1,3,1.0,2
201400003868,0014-10-12 18:30:00,14,10,12,18,30,320,433,,,,Plein jour,Hors agglomération,Hors intersection,Normale,Autre collision,,,,,,,,,,,1,1,1,1.0,6
201400003869,0014-10-18 12:30:00,14,10,18,12,30,320,374,,43.4894,0.75247,Plein jour,Hors agglomération,Hors intersection,Normale,Autre collision,,,,,,,,,,,1,1,1,1.0,6
201400003870,0014-01-14 18:30:00,14,1,14,18,30,320,462,,43.7556,0.30238,Nuit avec éclairage allumé,En agglomération,Hors intersection,Pluie légère,Autre collision,,,,,,,,,,,5,2,1,2.0,6
201400003871,0014-01-26 16:30:00,14,1,26,16,30,320,462,RN124,43.7528,0.31279,Plein jour,En agglomération,Hors intersection,Pluie légère,Deux véhicules - frontale,,,,,,,,,,,1,2,1,2.0,1
201400003872,0014-07-25 17:30:00,14,7,25,17,30,320,301,,43.7133,0.43435,Plein jour,Hors agglomération,Hors intersection,Temps couvert,Trois véhicules et plus - collisions multiples,,,,,,,,,,,1,1,1,8.0,5
201400003873,0014-07-27 01:45:00,14,7,27,1,45,320,301,,43.6954,0.45289,Nuit sans éclairage public,Hors agglomération,Hors intersection,Normale,Sans collision,,,,,,,,,,,3,1,1,1.0,7
201400003874,0014-08-23 15:30:00,14,8,23,15,30,320,54,,43.7237,0.38523,Plein jour,Hors agglomération,Hors intersection,Normale,Sans collision,,,,,,,,,,,1,1,1,1.0,7
201400003875,0014-09-18 01:15:00,14,9,18,1,15,320,462,LIEU DIT FAGIAT,43.7613,0.30946,Nuit avec éclairage allumé,En agglomération,Hors intersection,Normale,Autre collision,,,,,,,,,,,5,2,1,1.0,6
201400003876,0014-09-18 15:30:00,14,9,18,15,30,320,204,,43.7585,0.50549,Plein jour,Hors agglomération,Hors intersection,Normale,Autre collision,,,,,,,,,,,1,1,1,1.0,6
201400003877,0014-09-29 20:15:00,14,9,29,20,15,320,301,,,,Nuit sans éclairage public,Hors agglomération,Hors intersection,Normale,Autre collision,,,,,,,,,,,3,1,1,1.0,6
201400003878,0014-10-09 17:30:00,14,10,9,17,30,320,462,,43.7752,0.30209,Plein jour,Hors agglomération,Hors intersection,Pluie forte,Autre collision,,,,,,,,,,,1,1,1,3.0,6
201400003879,0014-10-10 18:45:00,14,10,10,18,45,320,462,,43.7467,0.34202,Crépuscule ou aube,Hors agglomération,Hors intersection,Pluie légère,Deux véhicules - frontale,,,,,,,,,,,2,1,1,2.0,1
201400003880,0014-11-12 22:00:00,14,11,12,22,0,320,43,,43.6939,0.24354,Nuit sans éclairage public,Hors agglomération,Hors intersection,Normale,Deux véhicules - frontale,,,,,,,,,,,3,1,1,1.0,1
201400003881,0014-12-24 14:15:00,14,12,24,14,15,320,462,route nationale 124,,,Nuit avec éclairage allumé,En agglomération,Hors intersection,Brouillard / fumée,Sans collision,,,,,,,,,,,5,2,1,5.0,7
201400003882,0014-01-22 15:00:00,14,1,22,15,0,320,107,BOULEVARD ACAN ET TOE,43.9571,0.37638,Plein jour,En agglomération,Intersection en X,Pluie légère,Deux véhicules - côté,,,,,,,,,,,1,2,2,2.0,3
201400003883,0014-01-30 08:15:00,14,1,30,8,15,320,292,,43.8963,0.29538,Plein jour,Hors agglomération,Hors intersection,Normale,Autre collision,,,,,,,,,,,1,1,1,1.0,6
201400003884,0014-02-21 19:15:00,14,2,21,19,15,320,79,,43.9581,0.08927,Nuit sans éclairage public,Hors agglomération,Hors intersection,Normale,Autre collision,,,,,,,,,,,3,1,1,1.0,6
201400003885,0014-04-22 06:30:00,14,4,22,6,30,320,107,RD110 PK 0+400,,,Crépuscule ou aube,En agglomération,Hors intersection,Pluie légère,Autre collision,,,,,,,,,,,2,2,1,2.0,6
201400003886,0014-04-26 04:15:00,14,4,26,4,15,320,203,,43.9342,0.24313,Nuit sans éclairage public,Hors agglomération,Hors intersection,Temps couvert,Autre collision,,,,,,,,,,,3,1,1,8.0,6
201400003887,0014-06-20 08:00:00,14,6,20,8,0,320,107,4 BOULEVARD ST MICHEL,43.9542,0.37095,Plein jour,En agglomération,Hors intersection,Temps éblouissant,Autre collision,,,,,,,,,,,1,2,1,7.0,6
201400003888,0014-06-21 22:00:00,14,6,21,22,0,320,197,,,,Nuit sans éclairage public,Hors agglomération,Hors intersection,Normale,Autre collision,,,,,,,,,,,3,1,1,1.0,6
201400003889,0014-07-21 22:45:00,14,7,21,22,45,320,107,,,,Nuit sans éclairage public,Hors agglomération,Hors intersection,Normale,Autre collision,,,,,,,,,,,3,1,1,1.0,6
201400003890,0014-10-10 11:00:00,14,10,10,11,0,320,79,,43.9187,0.09222,Plein jour,Hors agglomération,Hors intersection,Pluie légère,Autre collision,,,,,,,,,,,1,1,1,2.0,6
201400003891,0014-10-15 12:30:00,14,10,15,12,30,320,404,,43.8545,0.44976,Plein jour,Hors agglomération,Hors intersection,Normale,Autre collision,,,,,,,,,,,1,1,1,1.0,6
201400003892,0014-11-08 17:00:00,14,11,8,17,0,320,194,,43.9442,0.31042,Plein jour,En agglomération,Hors intersection,Temps éblouissant,Autre collision,,,,,,,,,,,1,2,1,7.0,6
201400003893,0014-12-11 19:15:00,14,12,11,19,15,320,52,,,,Nuit sans éclairage public,Hors agglomération,Hors intersection,Pluie légère,Autre collision,,,,,,,,,,,3,1,1,2.0,6
201400003894,0014-01-06 14:15:00,14,1,6,14,15,320,119,,,,Plein jour,Hors agglomération,Hors intersection,Normale,Sans collision,,,,,,,,,,,1,1,1,1.0,7
201400003895,0014-01-22 15:00:00,14,1,22,15,0,320,155,,43.7804,-0.19814,Plein jour,Hors agglomération,Intersection en T,Pluie forte,Deux véhicules - côté,,,,,,,,,,,1,1,3,3.0,3
201400003896,0014-01-31 18:00:00,14,1,31,18,0,320,296,,43.758,-0.03171,Plein jour,En agglomération,Hors intersection,Normale,Autre collision,,,,,,,,,,,1,2,1,1.0,6
201400003897,0014-02-04 08:20:00,14,2,4,8,20,320,296,,43.7527,-0.02968,Plein jour,En agglomération,Intersection en T,Normale,Deux véhicules - frontale,,,,,,,,,,,1,2,3,1.0,1
201400003898,0014-03-09 09:45:00,14,3,9,9,45,320,296,35 RUE NATIONALE,43.759,-0.03304,Plein jour,En agglomération,Intersection en Y,Normale,Autre collision,,,,,,,,,,,1,2,4,1.0,6
201400003899,0014-05-24 14:45:00,14,5,24,14,45,320,119,,43.849,0.1297,Plein jour,Hors agglomération,Hors intersection,Normale,Autre collision,,,,,,,,,,,1,1,1,1.0,6
201400003900,0014-06-08 06:30:00,14,6,8,6,30,320,25,,43.8666,-0.0497,Plein jour,Hors agglomération,Hors intersection,Normale,Autre collision,,,,,,,,,,,1,1,1,1.0,6
201400003901,0014-06-13 12:15:00,14,6,13,12,15,320,5,,43.7545,-0.09596,Plein jour,Hors agglomération,Hors intersection,Normale,Autre collision,,,,,,,,,,,1,1,1,1.0,6
201400003902,0014-06-15 19:55:00,14,6,15,19,55,320,119,AVENUE DE SAUBOIRES,43.8544,0.08919,Plein jour,En agglomération,Intersection en X,Normale,Deux véhicules - côté,,,,,,,,,,,1,2,2,1.0,3
201400003903,0014-07-16 16:00:00,14,7,16,16,0,320,87,,43.8605,-0.16804,Plein jour,Hors agglomération,Hors intersection,Normale,Deux véhicules - frontale,,,,,,,,,,,1,1,1,1.0,1
201400003904,0014-07-27 17:30:00,14,7,27,17,30,320,191,,43.7471,-0.11333,Plein jour,Hors agglomération,Hors intersection,Normale,Deux véhicules - frontale,,,,,,,,,,,1,1,1,1.0,1
201400003905,0014-07-26 08:15:00,14,7,26,8,15,320,96,,43.9385,-0.07216,Crépuscule ou aube,Hors agglomération,Hors intersection,Brouillard / fumée,Deux véhicules - frontale,,,,,,,,,,,2,1,1,5.0,1
201400003906,0014-08-17 18:15:00,14,8,17,18,15,320,96,,43.9287,-0.07482,Plein jour,Hors agglomération,Hors intersection,Normale,Deux véhicules - arrière,,,,,,,,,,,1,1,1,1.0,2
201400003907,0014-08-22 09:45:00,14,8,22,9,45,320,227,CD 931,43.8004,0.04416,Plein jour,En agglomération,Hors intersection,Normale,Deux véhicules - côté,,,,,,,,,,,1,2,1,1.0,3
201400003908,0014-09-06 16:00:00,14,9,6,16,0,320,264,,43.9334,-0.11811,Plein jour,Hors agglomération,Hors intersection,Normale,Autre collision,,,,,,,,,,,1,1,1,1.0,6
201400003909,0014-12-15 18:00:00,14,12,15,18,0,320,338,,,,Nuit sans éclairage public,Hors agglomération,Hors intersection,Pluie légère,Autre collision,,,,,,,,,,,3,1,1,2.0,6
201400003910,0014-12-18 15:30:00,14,12,18,15,30,320,115,,43.7683,0.15072,Plein jour,Hors agglomération,Hors intersection,Pluie légère,Autre collision,,,,,,,,,,,1,1,1,2.0,6
201400003911,0014-02-12 14:30:00,14,2,12,14,30,320,239,,43.9373,0.51942,Plein jour,Hors agglomération,Hors intersection,Normale,Autre collision,,,,,,,,,,,1,1,1,1.0,6
201400003912,0014-03-09 08:15:00,14,3,9,8,15,320,132,ave Pierre de Coubertin,,,Plein jour,En agglomération,Hors intersection,Normale,Autre collision,,,,,,,,,,,1,2,1,1.0,6
201400003913,0014-04-05 19:00:00,14,4,5,19,0,320,452,,43.8669,0.85298,Plein jour,Hors agglomération,Intersection en X,Temps éblouissant,Deux véhicules - frontale,,,,,,,,,,,1,1,2,7.0,1
201400003914,0014-05-04 20:30:00,14,5,4,20,30,320,442,,43.9122,0.54786,Plein jour,Hors agglomération,Hors intersection,Normale,Autre collision,,,,,,,,,,,1,1,1,1.0,6
201400003915,0014-10-03 14:45:00,14,10,3,14,45,320,395,,43.9957,0.67254,Plein jour,Hors agglomération,Hors intersection,Normale,Deux véhicules - arrière,,,,,,,,,,,1,1,1,1.0,2
201400003916,0014-11-02 12:30:00,14,11,2,12,30,320,132,,43.8548,0.67766,Plein jour,Hors agglomération,Intersection en T,Normale,Deux véhicules - frontale,,,,,,,,,,,1,1,3,1.0,1
201400003917,0014-11-01 15:45:00,14,11,1,15,45,320,391,,43.9996,0.57553,Plein jour,Hors agglomération,Intersection en X,Temps éblouissant,Deux véhicules - côté,,,,,,,,,,,1,1,2,7.0,3
201400003918,0014-12-31 13:45:00,14,12,31,13,45,320,208,Route d'Agen,,,Plein jour,En agglomération,Giratoire,Temps éblouissant,Deux véhicules - côté,,,,,,,,,,,1,2,6,7.0,3
201400003919,0014-01-31 18:30:00,14,1,31,18,30,320,365,,43.3442,0.64849,Crépuscule ou aube,En agglomération,Hors intersection,Temps couvert,Autre collision,,,,,,,,,,,2,2,1,8.0,6
201400003920,0014-02-10 17:30:00,14,2,10,17,30,320,302,,43.5198,0.60479,Crépuscule ou aube,Hors agglomération,Intersection en T,Pluie forte,Trois véhicules et plus - collisions multiples,,,,,,,,,,,2,1,3,3.0,5
201400003921,0014-04-27 07:15:00,14,4,27,7,15,320,304,,43.3916,0.5672,Plein jour,Hors agglomération,Hors intersection,Pluie légère,Autre collision,,,,,,,,,,,1,1,1,2.0,6
201400003922,0014-06-30 10:00:00,14,6,30,10,0,320,361,,43.4532,0.51866,Plein jour,Hors agglomération,Hors intersection,Normale,Sans collision,,,,,,,,,,,1,1,1,1.0,7
201400003923,0014-09-28 03:45:00,14,9,28,3,45,320,186,,43.4913,0.66253,Nuit sans éclairage public,Hors agglomération,Hors intersection,Normale,Autre collision,,,,,,,,,,,3,1,1,1.0,6
201400003924,0014-10-10 16:15:00,14,10,10,16,15,320,256,,43.5337,0.43011,Plein jour,Hors agglomération,Hors intersection,Normale,Trois véhicules et plus - collisions multiples,,,,,,,,,,,1,1,1,1.0,5
201400003925,0014-11-01 17:15:00,14,11,1,17,15,320,397,Le Caillaou,,,Plein jour,En agglomération,Hors intersection,Normale,Deux véhicules - frontale,,,,,,,,,,,1,2,1,1.0,1
201400003926,0014-11-20 16:00:00,14,11,20,16,0,320,41,,43.4216,0.64107,Plein jour,Hors agglomération,Hors intersection,Normale,Autre collision,,,,,,,,,,,1,1,1,1.0,6
201400003927,0014-02-25 18:00:00,14,2,25,18,0,320,152,,43.4172,0.16449,Plein jour,Hors agglomération,Hors intersection,Temps couvert,Autre collision,,,,,,,,,,,1,1,1,8.0,6
201400003928,0014-08-13 12:30:00,14,8,13,12,30,320,252,,43.4239,0.29588,Plein jour,Hors agglomération,Hors intersection,Normale,Deux véhicules - frontale,,,,,,,,,,,1,1,1,1.0,1
201400003929,0014-08-16 15:30:00,14,8,16,15,30,320,167,,,,Plein jour,Hors agglomération,Hors intersection,Normale,Autre collision,,,,,,,,,,,1,1,1,1.0,6
201400003930,0014-10-09 10:15:00,14,10,9,10,15,320,167,,43.4701,0.32802,Plein jour,Hors agglomération,Intersection en T,Temps couvert,Autre collision,,,,,,,,,,,1,1,3,8.0,6
201400003931,0014-11-26 20:30:00,14,11,26,20,30,650,375,RN 21,,,Nuit sans éclairage public,Hors agglomération,Hors intersection,Pluie légère,Sans collision,,,,,,,,,,,3,1,1,2.0,7