accident_id,datetime,annee,mois,jour,heure,minute,departement,commune_insee,adresse,latitude,longitude,luminosite,agglomeration,intersection,meteo,collision,nb_vehicules,nb_usagers,nb_indemnes,nb_tues,nb_blesses_hosp,nb_blesses_legers,age_cond_1,age_cond_2,veh_type_cond_1,veh_type_cond_2,lum_code,agg_code,int_code,atm_code,col_code
201400004607,0014-10-09 16:30:00,14,10,9,16,30,10,427,CHEMIN D ARRAS,,,Plein jour,En agglomération,Hors intersection,Temps couvert,Sans collision,,,,,,,,,,,1,2,1,8.0,7
201400004608,0014-12-05 07:45:00,14,12,5,7,45,10,347,,45.9659,4.77497,Crépuscule ou aube,Hors agglomération,Hors intersection,Normale,Deux véhicules - côté,,,,,,,,,,,2,1,1,1.0,3
201400004609,0014-12-11 16:45:00,14,12,11,16,45,10,194,,,,Nuit sans éclairage public,Hors agglomération,Hors intersection,Pluie forte,Deux véhicules - frontale,,,,,,,,,,,3,1,1,3.0,1
201400004610,0014-02-06 12:30:00,14,2,6,12,30,10,235,,46.0371,5.06601,Plein jour,Hors agglomération,Hors intersection,Normale,Trois véhicules et plus - en chaîne,,,,,,,,,,,1,1,1,1.0,4
201400004611,0014-04-03 16:15:00,14,4,3,16,15,10,383,,46.1036,5.13483,Plein jour,En agglomération,Intersection en T,Normale,Deux véhicules - frontale,,,,,,,,,,,1,2,3,1.0,1
201400004612,0014-04-10 23:30:00,14,4,10,23,30,10,74,,,,Nuit sans éclairage public,Hors agglomération,Hors intersection,Normale,Sans collision,,,,,,,,,,,3,1,1,1.0,7
201400004613,0014-05-08 18:30:00,14,5,8,18,30,10,74,PLACE DU MARCHE,45.997,5.17175,Plein jour,En agglomération,Autre intersection,Normale,Sans collision,,,,,,,,,,,1,2,9,1.0,7
201400004614,0014-07-16 08:45:00,14,7,16,8,45,10,383,"""PERNIN""",46.1055,5.13751,Plein jour,Hors agglomération,Intersection en T,Normale,Deux véhicules - côté,,,,,,,,,,,1,1,3,1.0,3
201400004615,0014-02-10 08:30:00,14,2,10,8,30,10,272,,46.1683,5.02972,Plein jour,Hors agglomération,Hors intersection,Pluie forte,Trois véhicules et plus - collisions multiples,,,,,,,,,,,1,1,1,3.0,5
201400004616,0014-02-24 17:45:00,14,2,24,17,45,10,96,"""LA GENETI?RE""",46.1779,5.07332,Plein jour,Hors agglomération,Intersection en X,Normale,Deux véhicules - côté,,,,,,,,,,,1,1,2,1.0,3
201400004617,0014-05-17 11:15:00,14,5,17,11,15,10,246,,46.2409,5.02537,Plein jour,Hors agglomération,Intersection en X,Normale,Deux véhicules - côté,,,,,,,,,,,1,1,2,1.0,3
201400004618,0014-07-03 15:30:00,14,7,3,15,30,10,246,1090 RTE DE CHAVEYRIAT,46.2309,5.04772,Plein jour,Hors agglomération,Hors intersection,Normale,Deux véhicules - arrière,,,,,,,,,,,1,1,1,1.0,2
201400004619,0014-07-16 16:45:00,14,7,16,16,45,10,246,,46.2328,5.03763,Plein jour,Hors agglomération,Hors intersection,Temps éblouissant,Deux véhicules - frontale,,,,,,,,,,,1,1,1,7.0,1
201400004620,0014-08-10 18:15:00,14,8,10,18,15,10,368,,46.2007,4.94496,Plein jour,Hors agglomération,Hors intersection,Normale,Sans collision,,,,,,,,,,,1,1,1,1.0,7
201400004621,0014-09-06 17:00:00,14,9,6,17,0,10,457,,46.2172,4.9764,Plein jour,Hors agglomération,Hors intersection,Normale,Sans collision,,,,,,,,,,,1,1,1,1.0,7
201400004622,0014-04-11 16:15:00,14,4,11,16,15,10,450,AVENUE CHARLES DE GAULLE,45.9225,5.22542,Plein jour,En agglomération,Hors intersection,Temps éblouissant,Deux véhicules - côté,,,,,,,,,,,1,2,1,7.0,3
201400004623,0014-05-05 19:30:00,14,5,5,19,30,10,378,,45.8254,5.15275,Plein jour,Hors agglomération,Hors intersection,Normale,Sans collision,,,,,,,,,,,1,1,1,1.0,7
201400004624,0014-05-12 16:15:00,14,5,12,16,15,10,349,,45.928,5.13297,Plein jour,Hors agglomération,Hors intersection,Normale,Deux véhicules - frontale,,,,,,,,,,,1,1,1,1.0,1
201400004625,0014-05-16 08:00:00,14,5,16,8,0,10,156,,45.9195,5.1257,Plein jour,Hors agglomération,Intersection en Y,Normale,Deux véhicules - côté,,,,,,,,,,,1,1,4,1.0,3
201400004626,0014-05-29 17:30:00,14,5,29,17,30,10,290,,45.888,5.17263,Plein jour,Hors agglomération,Hors intersection,Normale,Deux véhicules - arrière,,,,,,,,,,,1,1,1,1.0,2
201400004627,0014-05-30 10:30:00,14,5,30,10,30,10,244,76 RUE DE LYON,45.9006,5.18837,Plein jour,En agglomération,Hors intersection,Normale,Deux véhicules - frontale,,,,,,,,,,,1,2,1,1.0,1
201400004628,0014-06-21 11:30:00,14,6,21,11,30,10,450,,45.9067,5.23022,Crépuscule ou aube,Hors agglomération,Hors intersection,Normale,Deux véhicules - frontale,,,,,,,,,,,2,1,1,1.0,1
201400004629,0014-08-30 18:00:00,14,8,30,18,0,10,290,ROUTE DU PEAGE,,,Plein jour,En agglomération,Hors intersection,Normale,Deux véhicules - côté,,,,,,,,,,,1,2,1,1.0,3
201400004630,0014-07-24 12:30:00,14,7,24,12,30,10,244,RUE GRANGES_RUE VERCHERE,,,Plein jour,En agglomération,Intersection en X,Normale,Deux véhicules - frontale,,,,,,,,,,,1,2,2,1.0,1
201400004631,0014-08-06 10:15:00,14,8,6,10,15,10,325,,45.9332,5.18328,Plein jour,Hors agglomération,Hors intersection,Normale,Deux véhicules - frontale,,,,,,,,,,,1,1,1,1.0,1
201400004632,0014-12-09 17:00:00,14,12,9,17,0,10,244,80 RUE DE LYON,,,Nuit avec éclairage allumé,En agglomération,Hors intersection,Normale,Autre collision,,,,,,,,,,,5,2,1,1.0,6
201400004633,0014-02-13 16:45:00,14,2,13,16,45,10,249,960 MONTE  NEUVE,45.825,4.94242,Plein jour,En agglomération,Hors intersection,Pluie légère,Autre collision,,,,,,,,,,,1,2,1,2.0,6
201400004634,0014-02-19 21:00:00,14,2,19,21,0,10,43,1778 ROUTE DE GENEVE,45.8333,4.99228,Nuit avec éclairage allumé,En agglomération,Hors intersection,Normale,Deux véhicules - côté,,,,,,,,,,,5,2,1,1.0,3
201400004635,0014-05-18 19:00:00,14,5,18,19,0,10,249,787 GRANDE RUE,45.8225,4.9491,Plein jour,En agglomération,Hors intersection,Normale,Deux véhicules - côté,,,,,,,,,,,1,2,1,1.0,3
201400004636,0014-06-30 09:50:00,14,6,30,9,50,10,249,,45.8268,4.95299,Plein jour,En agglomération,Intersection en X,Normale,Deux véhicules - côté,,,,,,,,,,,1,2,2,1.0,3
201400004637,0014-06-08 17:55:00,14,6,8,17,55,10,249,,45.8229,4.95018,Plein jour,En agglomération,Hors intersection,Normale,Sans collision,,,,,,,,,,,1,2,1,1.0,7
201400004638,0014-08-28 21:00:00,14,8,28,21,0,10,376,39 ROUTE DE GENEVE,45.8291,4.97675,Nuit avec éclairage allumé,En agglomération,Intersection en X,Normale,Deux véhicules - côté,,,,,,,,,,,5,2,2,1.0,3
201400004639,0014-02-01 14:30:00,14,2,1,14,30,10,276,,,,Plein jour,Hors agglomération,Intersection en Y,Pluie forte,Sans collision,,,,,,,,,,,1,1,4,3.0,7
201400004640,0014-03-14 09:45:00,14,3,14,9,45,10,262,PLACE DE LA VILLE HAUTE,,,Plein jour,En agglomération,Hors intersection,Normale,Autre collision,,,,,,,,,,,1,2,1,1.0,6
201400004641,0014-04-20 14:30:00,14,4,20,14,30,10,49,,45.8447,5.0345,Plein jour,En agglomération,Intersection en Y,Normale,Autre collision,,,,,,,,,,,1,2,4,1.0,6
201400004642,0014-06-05 22:15:00,14,6,5,22,15,10,342,,45.8843,5.05605,Nuit sans éclairage public,Hors agglomération,Hors intersection,Normale,Sans collision,,,,,,,,,,,3,1,1,1.0,7
201400004643,0014-06-21 18:15:00,14,6,21,18,15,10,262,256 FAUBOURG DE LYON,45.8495,5.05183,Plein jour,En agglomération,Hors intersection,Normale,Sans collision,,,,,,,,,,,1,2,1,1.0,7
201400004644,0014-07-03 20:45:00,14,7,3,20,45,10,276,,45.8184,5.05321,Plein jour,Hors agglomération,Hors intersection,Normale,Autre collision,,,,,,,,,,,1,1,1,1.0,6
201400004645,0014-07-05 16:00:00,14,7,5,16,0,10,276,,45.8217,5.07239,Plein jour,Hors agglomération,Intersection en Y,Normale,Deux véhicules - côté,,,,,,,,,,,1,1,4,1.0,3
201400004646,0014-11-29 17:45:00,14,11,29,17,45,10,49,292 Route de Tramoyes,,,Plein jour,En agglomération,Hors intersection,Normale,Autre collision,,,,,,,,,,,1,2,1,1.0,6
201400004647,0014-03-03 07:15:00,14,3,3,7,15,10,443,"""LE GRAND CHEMIN""",45.9846,5.0654,Crépuscule ou aube,Hors agglomération,Hors intersection,Pluie légère,Deux véhicules - frontale,,,,,,,,,,,2,1,1,2.0,1
201400004648,0014-03-16 10:45:00,14,3,16,10,45,10,318,,45.9713,4.85264,Plein jour,Hors agglomération,Intersection en X,Normale,Deux véhicules - frontale,,,,,,,,,,,1,1,2,1.0,1
201400004649,0014-04-25 04:00:00,14,4,25,4,0,10,424,,45.8862,4.96861,Nuit sans éclairage public,Hors agglomération,Hors intersection,Normale,Autre collision,,,,,,,,,,,3,1,1,1.0,6
201400004650,0014-04-24 18:15:00,14,4,24,18,15,10,398,,46.0013,4.86908,Plein jour,Hors agglomération,Intersection en T,Normale,Deux véhicules - arrière,,,,,,,,,,,1,1,3,1.0,2
201400004651,0014-05-22 18:00:00,14,5,22,18,0,10,333,,45.9259,4.96677,Plein jour,Hors agglomération,Intersection en Y,Normale,Deux véhicules - côté,,,,,,,,,,,1,1,4,1.0,3
201400004652,0014-06-27 19:00:00,14,6,27,19,0,10,21,,,,Plein jour,Hors agglomération,Hors intersection,Normale,Autre collision,,,,,,,,,,,1,1,1,1.0,6
201400004653,0014-06-27 08:45:00,14,6,27,8,45,10,424,D38 ROUTE DES ECHETS,45.8737,4.94925,Plein jour,En agglomération,Hors intersection,Normale,Deux véhicules - frontale,,,,,,,,,,,1,2,1,1.0,1
201400004654,0014-07-07 06:30:00,14,7,7,6,30,10,443,,,,Plein jour,Hors agglomération,Hors intersection,Normale,Deux véhicules - frontale,,,,,,,,,,,1,1,1,1.0,1
201400004655,0014-07-12 23:15:00,14,7,12,23,15,10,443,,45.9911,5.05094,Nuit sans éclairage public,Hors agglomération,Hors intersection,Pluie légère,Sans collision,,,,,,,,,,,3,1,1,2.0,7
201400004656,0014-07-17 23:15:00,14,7,17,23,15,10,398,,46.0006,4.85407,Nuit sans éclairage public,Hors agglomération,Hors intersection,Normale,Sans collision,,,,,,,,,,,3,1,1,1.0,7
201400004657,0014-08-22 18:45:00,14,8,22,18,45,10,398,,45.9929,4.84764,Plein jour,Hors agglomération,Intersection en X,Normale,Deux véhicules - côté,,,,,,,,,,,1,1,2,1.0,3
201400004658,0014-10-03 17:45:00,14,10,3,17,45,10,105,,,,Plein jour,Hors agglomération,Hors intersection,Normale,Trois véhicules et plus - collisions multiples,,,,,,,,,,,1,1,1,1.0,5
201400004659,0014-11-13 12:30:00,14,11,13,12,30,10,398,,,,Plein jour,Hors agglomération,Hors intersection,Normale,Deux véhicules - côté,,,,,,,,,,,1,1,1,1.0,3
201400004660,0014-12-04 08:15:00,14,12,4,8,15,10,45,,45.9634,5.04028,Plein jour,Hors agglomération,Intersection en X,Normale,Deux véhicules - côté,,,,,,,,,,,1,1,2,1.0,3
201400004661,0014-02-16 12:00:00,14,2,16,12,0,10,319,,46.061,4.94676,Plein jour,Hors agglomération,Intersection en X,Normale,Deux véhicules - côté,,,,,,,,,,,1,1,2,1.0,3
201400004662,0014-06-09 10:30:00,14,6,9,10,30,10,243,CD933ROUTE DE MONTMERLE,46.0515,4.76615,Plein jour,En agglomération,Hors intersection,Normale,Deux véhicules - côté,,,,,,,,,,,1,2,1,1.0,3
201400004663,0014-06-16 13:45:00,14,6,16,13,45,10,389,,46.0829,4.90977,Plein jour,Hors agglomération,Hors intersection,Normale,Autre collision,,,,,,,,,,,1,1,1,1.0,6
201400004664,0014-07-12 03:15:00,14,7,12,3,15,10,167,,,,Nuit sans éclairage public,Hors agglomération,Hors intersection,Normale,Trois véhicules et plus - collisions multiples,,,,,,,,,,,3,1,1,1.0,5
201400004665,0014-08-05 17:45:00,14,8,5,17,45,10,165,,46.0682,4.81131,Plein jour,Hors agglomération,Hors intersection,Normale,Sans collision,,,,,,,,,,,1,1,1,1.0,7
201400004666,0014-10-19 11:15:00,14,10,19,11,15,10,389,RUE DE LA REPUBLIQUE,,,Plein jour,En agglomération,Hors intersection,Normale,Sans collision,,,,,,,,,,,1,2,1,1.0,7
201400004667,0014-11-01 10:00:00,14,11,1,10,0,10,83,,46.0857,4.86968,Crépuscule ou aube,Hors agglomération,Hors intersection,Brouillard / fumée,Autre collision,,,,,,,,,,,2,1,1,5.0,6
201400004668,0014-11-01 17:30:00,14,11,1,17,30,10,348,,46.185,4.82367,Crépuscule ou aube,Hors agglomération,Intersection en X,Temps couvert,Deux véhicules - côté,,,,,,,,,,,2,1,2,8.0,3
201400004669,0014-01-05 18:45:00,14,1,5,18,45,70,230,,,,Nuit sans éclairage public,Hors agglomération,Hors intersection,Pluie légère,Deux véhicules - frontale,,,,,,,,,,,3,1,1,2.0,1
201400004670,0014-05-24 15:00:00,14,5,24,15,0,70,158,,,,Plein jour,Hors agglomération,Hors intersection,Normale,Autre collision,,,,,,,,,,,1,1,1,1.0,6
201400004671,0014-05-31 12:15:00,14,5,31,12,15,70,139,,,,Plein jour,Hors agglomération,Hors intersection,Normale,Autre collision,,,,,,,,,,,1,1,1,1.0,6
201400004672,0014-06-13 16:30:00,14,6,13,16,30,70,120,,44.819,4.265,Plein jour,Hors agglomération,Hors intersection,Normale,Sans collision,,,,,,,,,,,1,1,1,1.0,7
201400004673,0014-06-14 14:30:00,14,6,14,14,30,70,158,,44.782,4.41,Plein jour,Hors agglomération,Hors intersection,Normale,Sans collision,,,,,,,,,,,1,1,1,1.0,7
201400004674,0014-08-11 18:00:00,14,8,11,18,0,70,296,avenue de l'espinasse,,,Plein jour,En agglomération,Hors intersection,Normale,Deux véhicules - frontale,,,,,,,,,,,1,2,1,1.0,1
201400004675,0014-10-31 14:30:00,14,10,31,14,30,70,254,,44.666,4.387,Plein jour,Hors agglomération,Hors intersection,Normale,Autre collision,,,,,,,,,,,1,1,1,1.0,6
201400004676,0014-11-13 13:15:00,14,11,13,13,15,70,296,rue de l'espinasse,44.579,4.393,Plein jour,En agglomération,Hors intersection,Normale,Autre collision,,,,,,,,,,,1,2,1,1.0,6
201400004677,0014-11-24 06:00:00,14,11,24,6,0,70,296,,,,Nuit sans éclairage public,Hors agglomération,Hors intersection,Brouillard / fumée,Sans collision,,,,,,,,,,,3,1,1,5.0,7
201400004678,0014-04-19 12:15:00,14,4,19,12,15,70,279,,,,Plein jour,Hors agglomération,Hors intersection,Normale,Deux véhicules - frontale,,,,,,,,,,,1,1,1,1.0,1
201400004679,0014-01-18 19:00:00,14,1,18,19,0,70,96,,,,Nuit sans éclairage public,Hors agglomération,Hors intersection,Pluie forte,Deux véhicules - frontale,,,,,,,,,,,3,1,1,3.0,1
201400004680,0014-07-05 16:30:00,14,7,5,16,30,70,295,,,,Plein jour,Hors agglomération,Hors intersection,Normale,Sans collision,,,,,,,,,,,1,1,1,1.0,7
201400004681,0014-07-19 16:30:00,14,7,19,16,30,70,167,,,,Plein jour,Hors agglomération,Hors intersection,Normale,Autre collision,,,,,,,,,,,1,1,1,1.0,6
201400004682,0014-10-06 11:00:00,14,10,6,11,0,70,96,,,,Plein jour,Hors agglomération,Hors intersection,Normale,Autre collision,,,,,,,,,,,1,1,1,1.0,6
201400004683,0014-10-18 14:15:00,14,10,18,14,15,70,96,,,,Plein jour,Hors agglomération,Hors intersection,Normale,Trois véhicules et plus - collisions multiples,,,,,,,,,,,1,1,1,1.0,5
201400004684,0014-12-23 11:30:00,14,12,23,11,30,70,167,,,,Plein jour,Hors agglomération,Hors intersection,Temps éblouissant,Deux véhicules - frontale,,,,,,,,,,,1,1,1,7.0,1
201400004685,0014-06-16 08:30:00,14,6,16,8,30,70,319,1 rue du travail,,,Plein jour,En agglomération,Hors intersection,Normale,Autre collision,,,,,,,,,,,1,2,1,1.0,6
201400004686,0014-06-30 16:00:00,14,6,30,16,0,70,319,Faubourg LATRAU,,,Plein jour,En agglomération,Hors intersection,Normale,Autre collision,,,,,,,,,,,1,2,1,1.0,6
201400004687,0014-09-23 10:15:00,14,9,23,10,15,70,191,,,,Plein jour,Hors agglomération,Hors intersection,Vent fort / tempête,Sans collision,,,,,,,,,,,1,1,1,6.0,7
201400004688,0014-10-17 09:00:00,14,10,17,9,0,70,319,18 RUE 2MILE COMBE,,,Plein jour,En agglomération,Hors intersection,Normale,Autre collision,,,,,,,,,,,1,2,1,1.0,6
201400004689,0014-10-17 17:30:00,14,10,17,17,30,70,319,,,,Plein jour,Hors agglomération,Hors intersection,Temps éblouissant,Deux véhicules - côté,,,,,,,,,,,1,1,1,7.0,3
201400004690,0014-10-22 07:00:00,14,10,22,7,0,70,346,,,,Nuit sans éclairage public,Hors agglomération,Hors intersection,Normale,Deux véhicules - frontale,,,,,,,,,,,3,1,1,1.0,1
201400004691,0014-01-01 07:45:00,14,1,1,7,45,70,247,,,,Crépuscule ou aube,Hors agglomération,Hors intersection,Normale,Deux véhicules - frontale,,,,,,,,,,,2,1,1,1.0,1
201400004692,0014-01-14 14:15:00,14,1,14,14,15,70,348,,,,Plein jour,Hors agglomération,Hors intersection,Normale,Deux véhicules - frontale,,,,,,,,,,,1,1,1,1.0,1
201400004693,0014-01-19 03:45:00,14,1,19,3,45,70,348,,,,Nuit sans éclairage public,Hors agglomération,Hors intersection,Pluie légère,Autre collision,,,,,,,,,,,3,1,1,2.0,6
201400004694,0014-01-22 15:15:00,14,1,22,15,15,70,145,,,,Plein jour,Hors agglomération,Hors intersection,Normale,Deux véhicules - frontale,,,,,,,,,,,1,1,1,1.0,1
201400004695,0014-07-27 06:45:00,14,7,27,6,45,70,242,,,,Plein jour,Hors agglomération,Hors intersection,Normale,Autre collision,,,,,,,,,,,1,1,1,1.0,6
201400004696,0014-01-12 12:15:00,14,1,12,12,15,70,349,AVENUE DU 11 NOVEMBRE,,,Plein jour,En agglomération,Hors intersection,Normale,Trois véhicules et plus - collisions multiples,,,,,,,,,,,1,2,1,1.0,5
201400004697,0014-01-19 04:15:00,14,1,19,4,15,70,55,RD 86 Avenue de Provence,,,Nuit avec éclairage allumé,En agglomération,Hors intersection,Pluie forte,Autre collision,,,,,,,,,,,5,2,1,3.0,6
201400004698,0014-02-03 21:30:00,14,2,3,21,30,70,240,RN86 - Les Blod,,,Nuit avec éclairage allumé,En agglomération,Intersection en T,Normale,Deux véhicules - côté,,,,,,,,,,,5,2,3,1.0,3
201400004699,0014-02-06 18:45:00,14,2,6,18,45,70,349,20 RUE DE PROVENCE,,,Crépuscule ou aube,En agglomération,Hors intersection,Pluie légère,Deux véhicules - côté,,,,,,,,,,,2,2,1,2.0,3
201400004700,0014-02-20 19:00:00,14,2,20,19,0,70,66,,,,Nuit sans éclairage public,Hors agglomération,Hors intersection,Temps couvert,Deux véhicules - frontale,,,,,,,,,,,3,1,1,8.0,1
201400004701,0014-02-22 18:00:00,14,2,22,18,0,70,349,"3, rue de Fontneuve",,,Nuit avec éclairage allumé,En agglomération,Intersection en T,Normale,Deux véhicules - côté,,,,,,,,,,,5,2,3,1.0,3
201400004702,0014-05-10 20:30:00,14,5,10,20,30,70,27,RD86,,,Plein jour,En agglomération,Intersection en T,Normale,Deux véhicules - côté,,,,,,,,,,,1,2,3,1.0,3
201400004703,0014-06-07 02:15:00,14,6,7,2,15,70,288,RD507,,,Nuit avec éclairage allumé,En agglomération,Hors intersection,Normale,Autre collision,,,,,,,,,,,5,2,1,1.0,6
201400004704,0014-06-21 12:30:00,14,6,21,12,30,70,240,,,,Nuit avec éclairage allumé,Hors agglomération,Hors intersection,Normale,Trois véhicules et plus - collisions multiples,,,,,,,,,,,5,1,1,1.0,5
201400004705,0014-06-23 22:45:00,14,6,23,22,45,70,349,,,,Nuit sans éclairage public,Hors agglomération,Hors intersection,Normale,Autre collision,,,,,,,,,,,3,1,1,1.0,6
201400004706,0014-07-03 11:15:00,14,7,3,11,15,70,94,,,,Plein jour,Hors agglomération,Hors intersection,Normale,Deux véhicules - frontale,,,,,,,,,,,1,1,1,1.0,1
201400004707,0014-07-04 17:15:00,14,7,4,17,15,70,181,,,,Plein jour,En agglomération,Hors intersection,Pluie légère,Autre collision,,,,,,,,,,,1,2,1,2.0,6
201400004708,0014-07-19 14:45:00,14,7,19,14,45,70,22,,,,Plein jour,Hors agglomération,Hors intersection,Normale,Deux véhicules - arrière,,,,,,,,,,,1,1,1,1.0,2
201400004709,0014-08-06 12:30:00,14,8,6,12,30,70,27,Face ? Coop'Eyrieux,,,Plein jour,En agglomération,Hors intersection,Normale,Deux véhicules - côté,,,,,,,,,,,1,2,1,1.0,3
201400004710,0014-07-25 11:30:00,14,7,25,11,30,70,349,QUAI ANATOLE FRANCE,,,Plein jour,En agglomération,Hors intersection,Normale,Autre collision,,,,,,,,,,,1,2,1,1.0,6
201400004711,0014-10-04 11:30:00,14,10,4,11,30,70,240,,,,Plein jour,Hors agglomération,Hors intersection,Normale,Autre collision,,,,,,,,,,,1,1,1,1.0,6
201400004712,0014-10-06 18:30:00,14,10,6,18,30,70,66,,,,Crépuscule ou aube,Hors agglomération,Intersection en T,Normale,Deux véhicules - frontale,,,,,,,,,,,2,1,3,1.0,1
201400004713,0014-10-08 17:15:00,14,10,8,17,15,70,27,ROUTE NATIONALE RD 86E,,,Plein jour,En agglomération,Hors intersection,Normale,Autre collision,,,,,,,,,,,1,2,1,1.0,6
201400004714,0014-10-18 18:00:00,14,10,18,18,0,70,349,CD86F quartier  les iles,,,Plein jour,En agglomération,Intersection en T,Normale,Deux véhicules - côté,,,,,,,,,,,1,2,3,1.0,3
201400004715,0014-10-28 07:15:00,14,10,28,7,15,70,27,,,,Crépuscule ou aube,Hors agglomération,Intersection en X,Normale,Deux véhicules - côté,,,,,,,,,,,2,1,2,1.0,3
201400004716,0014-10-27 17:30:00,14,10,27,17,30,70,181,,,,Plein jour,Hors agglomération,Hors intersection,Normale,Deux véhicules - frontale,,,,,,,,,,,1,1,1,1.0,1
201400004717,0014-10-02 14:00:00,14,10,2,14,0,70,55,D 379 route de TOULAUD,,,Plein jour,En agglomération,Hors intersection,Normale,Deux véhicules - arrière,,,,,,,,,,,1,2,1,1.0,2
201400004718,0014-11-08 10:45:00,14,11,8,10,45,70,27,Le R?ly,,,Plein jour,En agglomération,Hors intersection,Normale,Deux véhicules - frontale,,,,,,,,,,,1,2,1,1.0,1
201400004719,0014-11-25 14:15:00,14,11,25,14,15,70,181,RD 86 Avenue JC Dupau,,,Plein jour,En agglomération,Hors intersection,Normale,Autre collision,,,,,,,,,,,1,2,1,1.0,6
201400004720,0014-12-22 10:15:00,14,12,22,10,15,70,240,,,,Plein jour,Hors agglomération,Hors intersection,Normale,Deux véhicules - arrière,,,,,,,,,,,1,1,1,1.0,2
201400004721,0014-10-11 17:00:00,14,10,11,17,0,70,132,RD103 Lieu-dit La C?te,,,Plein jour,En agglomération,Hors intersection,Normale,Deux véhicules - côté,,,,,,,,,,,1,2,1,1.0,3
201400004722,0014-06-24 11:00:00,14,6,24,11,0,70,153,,,,Plein jour,Hors agglomération,Hors intersection,Normale,Autre collision,,,,,,,,,,,1,1,1,1.0,6
201400004723,0014-07-05 17:00:00,14,7,5,17,0,70,119,,,,Plein jour,Hors agglomération,Hors intersection,Normale,Autre collision,,,,,,,,,,,1,1,1,1.0,6
201400004724,0014-07-27 14:15:00,14,7,27,14,15,70,38,,,,Plein jour,Hors agglomération,Hors intersection,Normale,Deux véhicules - frontale,,,,,,,,,,,1,1,1,1.0,1
201400004725,0014-07-27 21:30:00,14,7,27,21,30,70,137,,,,Crépuscule ou aube,Hors agglomération,Hors intersection,Normale,Autre collision,,,,,,,,,,,2,1,1,1.0,6
201400004726,0014-05-04 10:15:00,14,5,4,10,15,70,161,,,,Plein jour,Hors agglomération,Hors intersection,Normale,Deux véhicules - frontale,,,,,,,,,,,1,1,1,1.0,1
201400004727,0014-01-23 10:30:00,14,1,23,10,30,70,53,,,,Plein jour,Hors agglomération,Hors intersection,Brouillard / fumée,Deux véhicules - côté,,,,,,,,,,,1,1,1,5.0,3
201400004728,0014-05-31 12:15:00,14,5,31,12,15,70,330,,44.456,4.309,Plein jour,Hors agglomération,Hors intersection,Normale,Sans collision,,,,,,,,,,,1,1,1,1.0,7
201400004729,0014-08-06 18:15:00,14,8,6,18,15,70,291,,,,Plein jour,Hors agglomération,Hors intersection,Normale,Sans collision,,,,,,,,,,,1,1,1,1.0,7
201400004730,0014-08-31 05:30:00,14,8,31,5,30,70,330,,,,Nuit avec éclairage allumé,Hors agglomération,Hors intersection,Normale,Autre collision,,,,,,,,,,,5,1,1,1.0,6
201400004731,0014-01-28 08:45:00,14,1,28,8,45,70,17,,,,Plein jour,Hors agglomération,Hors intersection,Normale,Autre collision,,,,,,,,,,,1,1,1,1.0,6
201400004732,0014-06-21 03:00:00,14,6,21,3,0,70,17,,,,Nuit sans éclairage public,Hors agglomération,Hors intersection,Normale,Autre collision,,,,,,,,,,,3,1,1,1.0,6
201400004733,0014-11-08 21:45:00,14,11,8,21,45,70,31,,,,Nuit sans éclairage public,Hors agglomération,Hors intersection,Normale,Autre collision,,,,,,,,,,,3,1,1,1.0,6
201400004734,0014-07-03 18:15:00,14,7,3,18,15,70,217,,,,Plein jour,Hors agglomération,Hors intersection,Normale,Deux véhicules - côté,,,,,,,,,,,1,1,1,1.0,3
201400004735,0014-12-16 17:45:00,14,12,16,17,45,70,245,Rue Centrale,,,Nuit avec éclairage allumé,En agglomération,Hors intersection,Normale,Autre collision,,,,,,,,,,,5,2,1,1.0,6
201400004736,0014-01-08 08:30:00,14,1,8,8,30,70,265,avenue du Forez,,,Plein jour,En agglomération,Hors intersection,Normale,Autre collision,,,,,,,,,,,1,2,1,1.0,6
201400004737,0014-02-11 08:15:00,14,2,11,8,15,70,197,,,,Plein jour,Hors agglomération,Hors intersection,Normale,Deux véhicules - frontale,,,,,,,,,,,1,1,1,1.0,1
201400004738,0014-04-19 15:30:00,14,4,19,15,30,70,258,,,,Plein jour,Hors agglomération,Hors intersection,Normale,Deux véhicules - côté,,,,,,,,,,,1,1,1,1.0,3
201400004739,0014-05-05 19:45:00,14,5,5,19,45,70,89,,,,Plein jour,Hors agglomération,Hors intersection,Normale,Deux véhicules - côté,,,,,,,,,,,1,1,1,1.0,3
201400004740,0014-09-19 14:45:00,14,9,19,14,45,70,10,,,,Plein jour,Hors agglomération,Hors intersection,Temps couvert,Autre collision,,,,,,,,,,,1,1,1,8.0,6
201400004741,0014-10-16 13:15:00,14,10,16,13,15,70,10,all?e de Beauregard,,,Plein jour,En agglomération,Hors intersection,Normale,Autre collision,,,,,,,,,,,1,2,1,1.0,6
201400004742,0014-12-19 00:01:00,14,12,19,0,1,70,313,,,,Nuit sans éclairage public,Hors agglomération,Hors intersection,Normale,Sans collision,,,,,,,,,,,3,1,1,1.0,7
201400004743,0014-12-22 15:00:00,14,12,22,15,0,70,10,19 chemin de prade,,,Plein jour,En agglomération,Hors intersection,Normale,Autre collision,,,,,,,,,,,1,2,1,1.0,6