accident_id,datetime,annee,mois,jour,heure,minute,departement,commune_insee,adresse,latitude,longitude,luminosite,agglomeration,intersection,meteo,collision,nb_vehicules,nb_usagers,nb_indemnes,nb_tues,nb_blesses_hosp,nb_blesses_legers,age_cond_1,age_cond_2,veh_type_cond_1,veh_type_cond_2,lum_code,agg_code,int_code,atm_code,col_code
201400004744,0014-04-01 10:15:00,14,4,1,10,15,70,165,,,,Plein jour,Hors agglomération,Autre intersection,Normale,Deux véhicules - frontale,,,,,,,,,,,1,1,9,1.0,1
201400004745,0014-05-08 15:45:00,14,5,8,15,45,70,276,,,,Plein jour,Hors agglomération,Hors intersection,Normale,Deux véhicules - frontale,,,,,,,,,,,1,1,1,1.0,1
201400004746,0014-06-03 16:45:00,14,6,3,16,45,70,108,,,,Plein jour,Hors agglomération,Hors intersection,Normale,Deux véhicules - frontale,,,,,,,,,,,1,1,1,1.0,1
201400004747,0014-08-31 16:45:00,14,8,31,16,45,70,82,,,,Plein jour,Hors agglomération,Hors intersection,Normale,Autre collision,,,,,,,,,,,1,1,1,1.0,6
201400004748,0014-09-29 06:45:00,14,9,29,6,45,70,204,,,,Nuit sans éclairage public,Hors agglomération,Hors intersection,Temps couvert,Deux véhicules - côté,,,,,,,,,,,3,1,1,8.0,3
201400004749,0014-10-31 09:30:00,14,10,31,9,30,70,64,,,,Plein jour,Hors agglomération,Hors intersection,Normale,Deux véhicules - frontale,,,,,,,,,,,1,1,1,1.0,1
201400004750,0014-07-04 23:45:00,14,7,4,23,45,70,129,,,,Nuit sans éclairage public,Hors agglomération,Hors intersection,Pluie légère,Sans collision,,,,,,,,,,,3,1,1,2.0,7
201400004751,0014-04-19 18:15:00,14,4,19,18,15,260,115,26115,,,Plein jour,Hors agglomération,Hors intersection,Normale,Deux véhicules - frontale,,,,,,,,,,,1,1,1,1.0,1
201400004752,0014-08-30 06:15:00,14,8,30,6,15,260,365,26365,,,Crépuscule ou aube,Hors agglomération,Hors intersection,Normale,Autre collision,,,,,,,,,,,2,1,1,1.0,6
201400004753,0014-09-18 11:15:00,14,9,18,11,15,260,108,26108,,,Plein jour,Hors agglomération,Intersection en X,Normale,Deux véhicules - frontale,,,,,,,,,,,1,1,2,1.0,1
201400004754,0014-10-06 18:15:00,14,10,6,18,15,260,125,26125,44.7599,4.9524,Crépuscule ou aube,Hors agglomération,Intersection en X,Normale,Deux véhicules - côté,,,,,,,,,,,2,1,2,1.0,3
201400004755,0014-10-09 12:00:00,14,10,9,12,0,260,125,26125,,,Plein jour,Hors agglomération,Hors intersection,Normale,Sans collision,,,,,,,,,,,1,1,1,1.0,7
201400004756,0014-11-28 11:00:00,14,11,28,11,0,260,108,26108,,,Plein jour,En agglomération,Hors intersection,Normale,Autre collision,,,,,,,,,,,1,2,1,1.0,6
201400004757,0014-03-19 17:45:00,14,3,19,17,45,260,113,ROUTE DE PONET,,,Plein jour,En agglomération,Hors intersection,Normale,Deux véhicules - côté,,,,,,,,,,,1,2,1,1.0,3
201400004758,0014-04-16 17:45:00,14,4,16,17,45,260,69,26069,,,Plein jour,Hors agglomération,Hors intersection,Normale,Deux véhicules - frontale,,,,,,,,,,,1,1,1,1.0,1
201400004759,0014-01-01 13:00:00,14,1,1,13,0,260,167,26167,,,Plein jour,Hors agglomération,Hors intersection,Normale,Autre collision,,,,,,,,,,,1,1,1,1.0,6
201400004760,0014-04-27 20:15:00,14,4,27,20,15,260,40,26040,,,Crépuscule ou aube,Hors agglomération,Hors intersection,Temps couvert,Autre collision,,,,,,,,,,,2,1,1,8.0,6
201400004761,0014-06-28 14:15:00,14,6,28,14,15,260,168,26168,,,Plein jour,Hors agglomération,Hors intersection,Normale,Autre collision,,,,,,,,,,,1,1,1,1.0,6
201400004762,0014-07-31 13:15:00,14,7,31,13,15,260,168,26168,,,Plein jour,Hors agglomération,Hors intersection,Normale,Sans collision,,,,,,,,,,,1,1,1,1.0,7
201400004763,0014-04-18 19:00:00,14,4,18,19,0,260,353,CHEMIN LA PASCALE,44.6602,4.7901,Plein jour,En agglomération,Hors intersection,Normale,Deux véhicules - frontale,,,,,,,,,,,1,2,1,1.0,1
201400004764,0014-08-29 15:30:00,14,8,29,15,30,260,220,PLACE DE LA REPUBLIQUE,44.3611,5.1365,Plein jour,En agglomération,Hors intersection,Normale,Autre collision,,,,,,,,,,,1,2,1,1.0,6
201400004765,0014-10-14 18:00:00,14,10,14,18,0,260,220,26220,,,Crépuscule ou aube,En agglomération,Intersection en T,Pluie légère,Deux véhicules - côté,,,,,,,,,,,2,2,3,2.0,3
201400004766,0014-11-16 01:15:00,14,11,16,1,15,260,220,26220,44.3528,5.1159,Nuit sans éclairage public,Hors agglomération,Hors intersection,Pluie forte,Deux véhicules - frontale,,,,,,,,,,,3,1,1,3.0,1
201400004767,0014-11-27 17:00:00,14,11,27,17,0,260,220,RUE CHANTEMERLE,44.3614,5.1324,Nuit avec éclairage allumé,En agglomération,Hors intersection,Normale,Autre collision,,,,,,,,,,,5,2,1,1.0,6
201400004768,0014-09-20 13:05:00,14,9,20,13,5,20,691,":, 3EME D.I.M (RUE DE LA",49.85042,3.27614,Plein jour,En agglomération,Intersection en X,Normale,Autre collision,,,,,,,,,,,1,2,2,1.0,6
201400004769,0014-09-18 13:00:00,14,9,18,13,0,20,691,rue d'isle,49.84247,3.29424,Plein jour,En agglomération,Intersection en X,Normale,Deux véhicules - côté,,,,,,,,,,,1,2,2,1.0,3
201400004770,0014-09-25 17:25:00,14,9,25,17,25,20,691,SCHUMAN (AV. ROBERT),49.859,3.29408,Plein jour,En agglomération,Hors intersection,Normale,Autre collision,,,,,,,,,,,1,2,1,1.0,6
201400004771,0014-09-27 09:45:00,14,9,27,9,45,20,691,"66, SCHUMAN (AV. ROBERT)",49.86095,3.2993,Plein jour,En agglomération,Hors intersection,Normale,Autre collision,,,,,,,,,,,1,2,1,1.0,6
201400004772,0014-10-18 13:00:00,14,10,18,13,0,20,691,EPARGNEMAILLES DE 1 A 11,49.85124,3.27322,Plein jour,En agglomération,Intersection en X,Normale,Deux véhicules - côté,,,,,,,,,,,1,2,2,1.0,3
201400004773,0014-10-18 14:35:00,14,10,18,14,35,20,691,"17, VARLET (RUE)",49.85205,3.28801,Plein jour,En agglomération,Hors intersection,Normale,Autre collision,,,,,,,,,,,1,2,1,1.0,6
201400004774,0014-11-07 08:50:00,14,11,7,8,50,20,691,12 bd ROOSEVELT,49.85273,3.28778,Plein jour,En agglomération,Hors intersection,Pluie forte,Autre collision,,,,,,,,,,,1,2,1,3.0,6
201400004775,0014-10-21 14:40:00,14,10,21,14,40,20,691,rue JF KENNEDY,49.85803,3.27795,Plein jour,En agglomération,Intersection en T,Normale,Deux véhicules - frontale,,,,,,,,,,,1,2,3,1.0,1
201400004776,0014-12-01 07:55:00,14,12,1,7,55,20,691,"2, BLANC-MONT (RUE DU)",49.85565,3.2791,Nuit sans éclairage public,En agglomération,Intersection en T,Normale,Autre collision,,,,,,,,,,,3,2,3,1.0,6
201400004777,0014-12-21 21:30:00,14,12,21,21,30,20,691,Bd Gambetta,49.84993,3.29537,Nuit avec éclairage allumé,En agglomération,Intersection en X,Normale,Deux véhicules - côté,,,,,,,,,,,5,2,2,1.0,3
201400004778,0014-11-27 17:55:00,14,11,27,17,55,20,691,,49.85327,3.28265,Nuit avec éclairage allumé,En agglomération,Intersection en T,Normale,Autre collision,,,,,,,,,,,5,2,3,1.0,6
201400004779,0014-12-06 17:55:00,14,12,6,17,55,20,691,DUMAS (RUE ALEXANDRE),49.84887,3.27043,Nuit avec éclairage allumé,En agglomération,Intersection en X,Pluie légère,Autre collision,,,,,,,,,,,5,2,2,2.0,6
201400004780,0014-12-13 14:05:00,14,12,13,14,5,20,691,231BIS rue de paris,49.83548,3.2656,Plein jour,En agglomération,Intersection en T,Pluie forte,Trois véhicules et plus - en chaîne,,,,,,,,,,,1,2,3,3.0,4
201400004781,0014-01-13 16:20:00,14,1,13,16,20,20,691,RICHELIEU (BD),49.84903,3.28007,Plein jour,En agglomération,Giratoire,Normale,Autre collision,,,,,,,,,,,1,2,6,1.0,6
201400004782,0014-01-15 08:50:00,14,1,15,8,50,20,691,ROOSEVELT (BD),49.85274,3.28776,Plein jour,En agglomération,Hors intersection,Pluie légère,Autre collision,,,,,,,,,,,1,2,1,2.0,6
201400004783,0014-05-04 16:15:00,14,5,4,16,15,260,63,ALLEE DES PLATANES,,,Plein jour,En agglomération,Hors intersection,Normale,Deux véhicules - côté,,,,,,,,,,,1,2,1,1.0,3
201400004784,0014-02-12 18:35:00,14,2,12,18,35,20,691,"14bis, CORDIER (BD)",49.83814,3.29724,Nuit avec éclairage allumé,En agglomération,Hors intersection,Pluie forte,Autre collision,,,,,,,,,,,5,2,1,3.0,6
201400004785,0014-02-17 12:40:00,14,2,17,12,40,20,340,VARLIN (RUE EUGENE),49.82377,3.28997,Plein jour,En agglomération,Hors intersection,Normale,Deux véhicules - côté,,,,,,,,,,,1,2,1,1.0,3
201400004786,0014-09-07 11:00:00,14,9,7,11,0,260,26,26026,,,Plein jour,Hors agglomération,Hors intersection,Normale,Autre collision,,,,,,,,,,,1,1,1,1.0,6
201400004787,0014-04-04 21:05:00,14,4,4,21,5,20,691,":, KENNEDY (RUE DU PST J",49.85899,3.27754,Nuit avec éclairage allumé,En agglomération,Intersection en T,Normale,Deux véhicules - côté,,,,,,,,,,,5,2,3,1.0,3
201400004788,0014-04-05 07:10:00,14,4,5,7,10,20,691,rue ARCHIMEDE,49.85864,3.30355,Plein jour,En agglomération,Hors intersection,Normale,Deux véhicules - frontale,,,,,,,,,,,1,2,1,1.0,1
201400004789,0014-04-16 18:55:00,14,4,16,18,55,20,691,"3, MAYEURE (RUE)",,,Plein jour,En agglomération,Hors intersection,Normale,Autre collision,,,,,,,,,,,1,2,1,1.0,6
201400004790,0014-05-19 17:40:00,14,5,19,17,40,20,691,":, GODIN (RUE ANDRE)",49.86059,3.29716,Plein jour,En agglomération,Intersection en X,Normale,Autre collision,,,,,,,,,,,1,2,2,1.0,6
201400004791,0014-05-28 14:55:00,14,5,28,14,55,20,691,LECLERC (RUE DU GL),49.84197,3.29512,Plein jour,En agglomération,Place,Normale,Autre collision,,,,,,,,,,,1,2,7,1.0,6
201400004792,0014-06-10 17:28:00,14,6,10,17,28,20,691,":, PAUL (RUE MARCEL)",49.85194,3.25278,Plein jour,En agglomération,Hors intersection,Normale,Deux véhicules - côté,,,,,,,,,,,1,2,1,1.0,3
201400004793,0014-06-23 13:15:00,14,6,23,13,15,20,691,"8, RESISTANCE (AV. DE LA",49.85809,3.30652,Plein jour,En agglomération,Hors intersection,Normale,Deux véhicules - côté,,,,,,,,,,,1,2,1,1.0,3
201400004794,0014-06-23 19:30:00,14,6,23,19,30,20,691,":, KENNEDY (RUE DU PST J",49.87227,3.27075,Plein jour,Hors agglomération,Hors intersection,Normale,Deux véhicules - arrière,,,,,,,,,,,1,1,1,1.0,2
201400004795,0014-04-04 05:00:00,14,4,4,5,0,260,146,26146,,,Nuit sans éclairage public,Hors agglomération,Hors intersection,Normale,Autre collision,,,,,,,,,,,3,1,1,1.0,6
201400004796,0014-03-06 09:45:00,14,3,6,9,45,260,103,26103,,,Plein jour,Hors agglomération,Hors intersection,Normale,Autre collision,,,,,,,,,,,1,1,1,1.0,6
201400004797,0014-05-31 09:00:00,14,5,31,9,0,260,105,LE VILLAGE RD61,,,Plein jour,En agglomération,Hors intersection,Temps éblouissant,Deux véhicules - frontale,,,,,,,,,,,1,2,1,7.0,1
201400004798,0014-06-01 15:45:00,14,6,1,15,45,260,318,26318,,,Plein jour,Hors agglomération,Hors intersection,Temps éblouissant,Deux véhicules - côté,,,,,,,,,,,1,1,1,7.0,3
201400004799,0014-06-06 12:00:00,14,6,6,12,0,260,318,26318,,,Plein jour,Hors agglomération,Hors intersection,Normale,Deux véhicules - arrière,,,,,,,,,,,1,1,1,1.0,2
201400004800,0014-06-15 16:45:00,14,6,15,16,45,260,264,26264,,,Plein jour,Hors agglomération,Hors intersection,Normale,Deux véhicules - frontale,,,,,,,,,,,1,1,1,1.0,1
201400004801,0014-06-27 20:00:00,14,6,27,20,0,260,376,26376,,,Plein jour,Hors agglomération,Hors intersection,Normale,Autre collision,,,,,,,,,,,1,1,1,1.0,6
201400004802,0014-09-22 15:00:00,14,9,22,15,0,260,376,26376,,,Plein jour,Hors agglomération,Hors intersection,Normale,Deux véhicules - arrière,,,,,,,,,,,1,1,1,1.0,2
201400004803,0014-01-10 18:15:00,14,1,10,18,15,260,307,ROUTE DE SAINT THOMAS,,,Nuit avec éclairage allumé,En agglomération,Hors intersection,Normale,Deux véhicules - côté,,,,,,,,,,,5,2,1,1.0,3
201400004804,0014-07-12 23:45:00,14,7,12,23,45,260,4,26004,44.9769,5.0415,Nuit sans éclairage public,Hors agglomération,Hors intersection,Normale,Autre collision,,,,,,,,,,,3,1,1,1.0,6
201400004805,0014-05-15 18:30:00,14,5,15,18,30,260,143,26143,45.2731,5.1039,Plein jour,Hors agglomération,Hors intersection,Normale,Deux véhicules - frontale,,,,,,,,,,,1,1,1,1.0,1
201400004806,0014-09-29 19:30:00,14,9,29,19,30,260,298,26298,45.2152,5.0694,Crépuscule ou aube,Hors agglomération,Hors intersection,Pluie légère,Autre collision,,,,,,,,,,,2,1,1,2.0,6
201400004807,0014-10-10 15:53:00,14,10,10,15,53,20,722,"1, RAYMONDE FIOLET",49.37104,3.3134,Plein jour,En agglomération,Intersection en X,Normale,Autre collision,,,,,,,,,,,1,2,2,1.0,6
201400004808,0014-10-18 16:55:00,14,10,18,16,55,20,722,"37, VOLTAIRE ( AVENUE )",49.38041,3.31538,Plein jour,En agglomération,Hors intersection,Normale,Deux véhicules - côté,,,,,,,,,,,1,2,1,1.0,3
201400004809,0014-11-08 19:00:00,14,11,8,19,0,20,722,SAINT CHRISTOPHE ( RUE ),49.38201,3.32228,Nuit avec éclairage allumé,En agglomération,Hors intersection,Normale,Autre collision,,,,,,,,,,,5,2,1,1.0,6
201400004810,0014-12-05 18:55:00,14,12,5,18,55,20,722,"1, ERNEST LAVISSE ( RUE",49.37437,3.31902,Nuit avec éclairage allumé,En agglomération,Hors intersection,Normale,Autre collision,,,,,,,,,,,5,2,1,1.0,6
201400004811,0014-11-03 18:30:00,14,11,3,18,30,20,722,"1, SAINT LAZARE(RUE)",49.37254,3.33394,Nuit avec éclairage allumé,En agglomération,Intersection en T,Pluie légère,Autre collision,,,,,,,,,,,5,2,3,2.0,6
201400004812,0014-05-18 18:40:00,14,5,18,18,40,20,722,ROUTE NATIONALE 2,,,Plein jour,Hors agglomération,Hors intersection,Normale,Sans collision,,,,,,,,,,,1,1,1,1.0,7
201400004813,0014-12-17 10:34:00,14,12,17,10,34,20,722,13 rue FRANCS BOISIERS,49.3836,3.32427,Plein jour,En agglomération,Intersection en T,Pluie forte,Autre collision,,,,,,,,,,,1,2,3,3.0,6
201400004814,0014-05-22 17:05:00,14,5,22,17,5,20,805,254 square jean moulin,49.37678,3.34271,Plein jour,En agglomération,Hors intersection,Normale,Deux véhicules - côté,,,,,,,,,,,1,2,1,1.0,3
201400004815,0014-12-22 16:35:00,14,12,22,16,35,20,805,,,,Plein jour,En agglomération,Intersection en T,Normale,Autre collision,,,,,,,,,,,1,2,3,1.0,6
201400004816,0014-12-11 17:33:00,14,12,11,17,33,20,722,"3, RAYMONDE FIOLET ( AVE",49.3698,3.31529,Nuit sans éclairage public,En agglomération,Intersection en T,Pluie légère,Autre collision,,,,,,,,,,,3,2,3,2.0,6
201400004817,0014-07-24 18:30:00,14,7,24,18,30,20,722,"09, PRESLES ( BOULEVARD",49.37599,3.30962,Plein jour,En agglomération,Hors intersection,Normale,Autre collision,,,,,,,,,,,1,2,1,1.0,6
201400004818,0014-08-31 06:00:00,14,8,31,6,0,20,722,"52, GENERAL DE GAULLE (",49.36994,3.33716,Nuit avec éclairage non allumé,En agglomération,Hors intersection,Normale,Autre collision,,,,,,,,,,,4,2,1,1.0,6
201400004819,0014-09-05 18:50:00,14,9,5,18,50,20,805,"153, MILEMPART Rue",49.3761,3.34311,Plein jour,En agglomération,Intersection en X,Normale,Deux véhicules - côté,,,,,,,,,,,1,2,2,1.0,3
201400004820,0014-02-08 19:00:00,14,2,8,19,0,20,722,"17, GAMBETTA ( BOULEVARD",49.37783,3.33102,Nuit avec éclairage allumé,En agglomération,Intersection en T,Pluie légère,Autre collision,,,,,,,,,,,5,2,3,2.0,6
201400004821,0014-03-05 18:10:00,14,3,5,18,10,20,722,"53, PASLY ( AVENUE DE )",49.38824,3.31449,Plein jour,En agglomération,Hors intersection,Normale,Autre collision,,,,,,,,,,,1,2,1,1.0,6
201400004822,0014-05-10 10:00:00,14,5,10,10,0,20,243,cote DE VAUXROT,,,Plein jour,En agglomération,Hors intersection,Normale,Autre collision,,,,,,,,,,,1,2,1,1.0,6
201400004823,0014-09-01 17:50:00,14,9,1,17,50,20,722,"23, HELOISE ( RUE )",49.39131,3.34688,Plein jour,En agglomération,Hors intersection,Normale,Autre collision,,,,,,,,,,,1,2,1,1.0,6
201400004824,0014-09-01 21:26:00,14,9,1,21,26,20,722,"25, COMPIEGNE ( AVENUE D",49.22538,3.45699,Nuit avec éclairage allumé,En agglomération,Intersection en X,Normale,Deux véhicules - côté,,,,,,,,,,,5,2,2,1.0,3
201400004825,0014-01-07 11:30:00,14,1,7,11,30,380,547,RUE ALFRED FREYDET,45.27,5.897,Plein jour,En agglomération,Hors intersection,Normale,Autre collision,,,,,,,,,,,1,2,1,1.0,6
201400004826,0014-04-28 11:15:00,14,4,28,11,15,380,150,rue aristid berg?s,,,Plein jour,En agglomération,Hors intersection,Normale,Deux véhicules - côté,,,,,,,,,,,1,2,1,1.0,3
201400004827,0014-07-19 12:30:00,14,7,19,12,30,380,150,,45.162,5.82,Plein jour,Hors agglomération,Hors intersection,Normale,Trois véhicules et plus - collisions multiples,,,,,,,,,,,1,1,1,1.0,5
201400004828,0014-09-11 17:00:00,14,9,11,17,0,380,422,Rte du Sonnant d'Uriage,45.16365,5.81093,Plein jour,En agglomération,Hors intersection,Normale,Deux véhicules - côté,,,,,,,,,,,1,2,1,1.0,3
201400004829,0014-10-15 14:00:00,14,10,15,14,0,380,430,rte de pré long,45.2188,5.9249,Plein jour,Hors agglomération,Hors intersection,Normale,Autre collision,,,,,,,,,,,1,1,1,1.0,6
201400004830,0014-10-22 14:30:00,14,10,22,14,30,380,538,RD 523 / rue du coteau,,,Plein jour,En agglomération,Hors intersection,Normale,Deux véhicules - frontale,,,,,,,,,,,1,2,1,1.0,1
201400004831,0014-11-22 10:00:00,14,11,22,10,0,380,422,Rte de Venon,45.16156,5.83737,Plein jour,Hors agglomération,Autre intersection,Normale,Deux véhicules - côté,,,,,,,,,,,1,1,9,1.0,3
201400004832,0014-12-17 09:00:00,14,12,17,9,0,380,422,Av des Thermes/rte d'Uri,45.13973,5.82776,Plein jour,En agglomération,Giratoire,Normale,Autre collision,,,,,,,,,,,1,2,6,1.0,6
201400004833,0014-08-30 10:00:00,14,8,30,10,0,380,309,Place Georges Brassens,,,Plein jour,En agglomération,Place,Normale,Deux véhicules - frontale,,,,,,,,,,,1,2,7,1.0,1
201400004834,0014-11-04 08:30:00,14,11,4,8,30,380,57,Avenue de la R?publique,,,Plein jour,En agglomération,Hors intersection,Pluie forte,Deux véhicules - frontale,,,,,,,,,,,1,2,1,3.0,1
201400004835,0014-12-03 09:15:00,14,12,3,9,15,380,158,Rue Lamartine,,,Plein jour,En agglomération,Intersection en T,Normale,Deux véhicules - côté,,,,,,,,,,,1,2,3,1.0,3
201400004836,0014-05-26 13:15:00,14,5,26,13,15,380,317,avenue Charles de Gaulle,,,Plein jour,En agglomération,Hors intersection,Normale,Autre collision,,,,,,,,,,,1,2,1,1.0,6
201400004837,0014-07-05 15:00:00,14,7,5,15,0,380,317,cours saint andr?,,,Plein jour,En agglomération,Hors intersection,Normale,Sans collision,,,,,,,,,,,1,2,1,1.0,7
201400004838,0014-04-05 16:30:00,14,4,5,16,30,380,314,,,,Plein jour,Hors agglomération,Hors intersection,Normale,Deux véhicules - arrière,,,,,,,,,,,1,1,1,1.0,2
201400004839,0014-05-25 18:00:00,14,5,25,18,0,380,6,,,,Plein jour,Hors agglomération,Hors intersection,Normale,Sans collision,,,,,,,,,,,1,1,1,1.0,7
201400004840,0014-06-08 09:45:00,14,6,8,9,45,380,439,,,,Plein jour,Hors agglomération,Hors intersection,Normale,Deux véhicules - frontale,,,,,,,,,,,1,1,1,1.0,1
201400004841,0014-06-25 16:30:00,14,6,25,16,30,380,314,,45.47828,5.93383,Plein jour,Hors agglomération,Hors intersection,Normale,Sans collision,,,,,,,,,,,1,1,1,1.0,7
201400004842,0014-07-03 17:00:00,14,7,3,17,0,380,75,rte de francin,45.47336,6.00777,Plein jour,Hors agglomération,Intersection en Y,Normale,Deux véhicules - côté,,,,,,,,,,,1,1,4,1.0,3
201400004843,0014-10-03 16:00:00,14,10,3,16,0,380,314,"D523, PK32,500",,,Plein jour,En agglomération,Hors intersection,Normale,Deux véhicules - frontale,,,,,,,,,,,1,2,1,1.0,1
201400004844,0014-10-20 08:15:00,14,10,20,8,15,380,75,,,,Plein jour,Hors agglomération,Hors intersection,Normale,Deux véhicules - côté,,,,,,,,,,,1,1,1,1.0,3
201400004845,0014-12-07 14:45:00,14,12,7,14,45,380,75,,,,Plein jour,Hors agglomération,Hors intersection,Normale,Deux véhicules - frontale,,,,,,,,,,,1,1,1,1.0,1
201400004846,0014-12-21 13:15:00,14,12,21,13,15,380,6,,,,Plein jour,Hors agglomération,Hors intersection,Normale,Autre collision,,,,,,,,,,,1,1,1,1.0,6
201400004847,0014-12-23 11:45:00,14,12,23,11,45,380,314,,,,Plein jour,Hors agglomération,Hors intersection,Temps éblouissant,Deux véhicules - frontale,,,,,,,,,,,1,1,1,7.0,1
201400004848,0014-12-23 19:30:00,14,12,23,19,30,380,314,AVENUE DU GRANIER,,,Nuit avec éclairage allumé,En agglomération,Hors intersection,Normale,Deux véhicules - frontale,,,,,,,,,,,5,2,1,1.0,1
201400004849,0014-12-27 12:15:00,14,12,27,12,15,380,6,,45.39854,6.10352,Plein jour,Hors agglomération,Hors intersection,Neige / grêle,Autre collision,,,,,,,,,,,1,1,1,4.0,6
201400004850,0014-05-08 15:45:00,14,5,8,15,45,380,472,,,,Plein jour,Hors agglomération,Hors intersection,Normale,Deux véhicules - frontale,,,,,,,,,,,1,1,1,1.0,1
201400004851,0014-05-24 18:00:00,14,5,24,18,0,380,382,01 rue des abattoirs,,,Plein jour,En agglomération,Hors intersection,Normale,Autre collision,,,,,,,,,,,1,2,1,1.0,6
201400004852,0014-06-01 18:00:00,14,6,1,18,0,380,382,rond point pont barrage,,,Plein jour,En agglomération,Giratoire,Normale,Deux véhicules - côté,,,,,,,,,,,1,2,6,1.0,3
201400004853,0014-06-17 13:00:00,14,6,17,13,0,380,382,avenue g?n?ral de gaulle,,,Plein jour,En agglomération,Hors intersection,Normale,Deux véhicules - côté,,,,,,,,,,,1,2,1,1.0,3
201400004854,0014-02-06 13:30:00,14,2,6,13,30,380,412,,45.41175,5.7374,Plein jour,Hors agglomération,Hors intersection,Temps couvert,Sans collision,,,,,,,,,,,1,1,1,8.0,7
201400004855,0014-02-16 13:00:00,14,2,16,13,0,380,405,Pont Demay,45.36145,5.67788,Plein jour,Hors agglomération,Hors intersection,Temps couvert,Autre collision,,,,,,,,,,,1,1,1,8.0,6
201400004856,0014-06-24 16:30:00,14,6,24,16,30,380,405,,,,Plein jour,Hors agglomération,Hors intersection,Normale,Sans collision,,,,,,,,,,,1,1,1,1.0,7
201400004857,0014-07-17 21:30:00,14,7,17,21,30,380,412,,,,Crépuscule ou aube,Hors agglomération,Hors intersection,Normale,Sans collision,,,,,,,,,,,2,1,1,1.0,7
201400004858,0014-10-18 16:30:00,14,10,18,16,30,380,405,,,,Plein jour,Hors agglomération,Hors intersection,Normale,Deux véhicules - côté,,,,,,,,,,,1,1,1,1.0,3
201400004859,0014-10-19 14:15:00,14,10,19,14,15,380,412,,,,Plein jour,Hors agglomération,Hors intersection,Normale,Autre collision,,,,,,,,,,,1,1,1,1.0,6
201400004860,0014-11-10 08:00:00,14,11,10,8,0,380,155,,,,Plein jour,Hors agglomération,Hors intersection,Pluie légère,Deux véhicules - côté,,,,,,,,,,,1,1,1,2.0,3
201400004861,0014-01-17 13:30:00,14,1,17,13,30,380,281,av St Jean/ch vignes,45.23922,5.63378,Plein jour,En agglomération,Intersection en X,Normale,Deux véhicules - côté,,,,,,,,,,,1,2,2,1.0,3
201400004862,0014-02-19 12:15:00,14,2,19,12,15,380,540,,,,Plein jour,Hors agglomération,Hors intersection,Normale,Deux véhicules - côté,,,,,,,,,,,1,1,1,1.0,3
201400004863,0014-03-06 15:00:00,14,3,6,15,0,380,540,échangeur D3,45.26862,5.61953,Plein jour,Hors agglomération,Intersection en Y,Normale,Trois véhicules et plus - collisions multiples,,,,,,,,,,,1,1,4,1.0,5
201400004864,0014-03-28 22:45:00,14,3,28,22,45,380,474,rue Pierre de Coubertin,45.2135,5.66819,Nuit avec éclairage allumé,En agglomération,Hors intersection,Normale,Sans collision,,,,,,,,,,,5,2,1,1.0,7
201400004865,0014-06-08 10:00:00,14,6,8,10,0,380,153,,45.20005,5.63216,Plein jour,Hors agglomération,Hors intersection,Normale,Deux véhicules - frontale,,,,,,,,,,,1,1,1,1.0,1
201400004866,0014-07-13 22:00:00,14,7,13,22,0,380,153,,,,Nuit sans éclairage public,Hors agglomération,Hors intersection,Pluie légère,Autre collision,,,,,,,,,,,3,1,1,2.0,6
201400004867,0014-11-12 17:45:00,14,11,12,17,45,380,474,avenue de romans,,,Nuit avec éclairage allumé,En agglomération,Hors intersection,Pluie forte,Autre collision,,,,,,,,,,,5,2,1,3.0,6
201400004868,0014-12-14 02:30:00,14,12,14,2,30,380,474,avenue de VALENCE,,,Nuit avec éclairage allumé,En agglomération,Hors intersection,Normale,Deux véhicules - côté,,,,,,,,,,,5,2,1,1.0,3
201400004869,0014-01-06 15:00:00,14,1,6,15,0,380,466,Route de MONTALIEU,,,Plein jour,En agglomération,Hors intersection,Normale,Deux véhicules - frontale,,,,,,,,,,,1,2,1,1.0,1
201400004870,0014-07-10 13:30:00,14,7,10,13,30,380,181,,,,Plein jour,Hors agglomération,Hors intersection,Pluie légère,Deux véhicules - frontale,,,,,,,,,,,1,1,1,2.0,1
201400004871,0014-08-22 17:45:00,14,8,22,17,45,380,511,Rd1090,,,Plein jour,En agglomération,Hors intersection,Normale,Deux véhicules - côté,,,,,,,,,,,1,2,1,1.0,3
201400004872,0014-09-18 09:15:00,14,9,18,9,15,380,70,,,,Plein jour,Hors agglomération,Hors intersection,Pluie forte,Deux véhicules - frontale,,,,,,,,,,,1,1,1,3.0,1
201400004873,0014-10-07 17:00:00,14,10,7,17,0,380,181,,,,Plein jour,Hors agglomération,Hors intersection,Normale,Deux véhicules - frontale,,,,,,,,,,,1,1,1,1.0,1
201400004874,0014-10-16 19:00:00,14,10,16,19,0,380,466,grande Rue,,,Nuit avec éclairage allumé,En agglomération,Hors intersection,Normale,Deux véhicules - frontale,,,,,,,,,,,5,2,1,1.0,1
201400004875,0014-07-22 17:45:00,14,7,22,17,45,380,436,,,,Plein jour,Hors agglomération,Hors intersection,Normale,Deux véhicules - arrière,,,,,,,,,,,1,1,1,1.0,2