accident_id,datetime,annee,mois,jour,heure,minute,departement,commune_insee,adresse,latitude,longitude,luminosite,agglomeration,intersection,meteo,collision,nb_vehicules,nb_usagers,nb_indemnes,nb_tues,nb_blesses_hosp,nb_blesses_legers,age_cond_1,age_cond_2,veh_type_cond_1,veh_type_cond_2,lum_code,agg_code,int_code,atm_code,col_code
201400005011,0014-03-03 15:45:00,14,3,3,15,45,380,558,D36 / ch de l'oie,45.5864,4.90822,Plein jour,En agglomération,Intersection en X,Normale,Deux véhicules - côté,,,,,,,,,,,1,2,2,1.0,3
201400005012,0014-04-01 08:00:00,14,4,1,8,0,380,110,RD123A,,,Plein jour,En agglomération,Hors intersection,Normale,Autre collision,,,,,,,,,,,1,2,1,1.0,6
201400005013,0014-03-28 16:30:00,14,3,28,16,30,380,87,parking centre commercia,45.57535,4.81032,Plein jour,En agglomération,Hors intersection,Normale,Autre collision,,,,,,,,,,,1,2,1,1.0,6
201400005014,0014-04-25 12:15:00,14,4,25,12,15,380,110,,,,Plein jour,Hors agglomération,Hors intersection,Normale,Deux véhicules - frontale,,,,,,,,,,,1,1,1,1.0,1
201400005015,0014-05-14 12:00:00,14,5,14,12,0,380,487,,,,Plein jour,Hors agglomération,Hors intersection,Normale,Autre collision,,,,,,,,,,,1,1,1,1.0,6
201400005016,0014-08-08 14:00:00,14,8,8,14,0,380,487,,,,Plein jour,Hors agglomération,Hors intersection,Normale,Deux véhicules - côté,,,,,,,,,,,1,1,1,1.0,3
201400005017,0014-02-22 18:30:00,14,2,22,18,30,380,180,,45.36838,5.28958,Nuit sans éclairage public,Hors agglomération,Hors intersection,Normale,Deux véhicules - frontale,,,,,,,,,,,3,1,1,1.0,1
201400005018,0014-03-15 10:30:00,14,3,15,10,30,380,291,ch de la lagune,45.36199,5.12108,Plein jour,Hors agglomération,Hors intersection,Normale,Deux véhicules - côté,,,,,,,,,,,1,1,1,1.0,3
201400005019,0014-05-25 00:15:00,14,5,25,0,15,380,259,,,,Nuit avec éclairage allumé,Hors agglomération,Hors intersection,Normale,Deux véhicules - côté,,,,,,,,,,,5,1,1,1.0,3
201400005020,0014-06-20 06:45:00,14,6,20,6,45,380,34,,,,Plein jour,Hors agglomération,Hors intersection,Normale,Deux véhicules - côté,,,,,,,,,,,1,1,1,1.0,3
201400005021,0014-06-21 10:30:00,14,6,21,10,30,380,130,,,,Plein jour,En agglomération,Intersection en X,Normale,Deux véhicules - côté,,,,,,,,,,,1,2,2,1.0,3
201400005022,0014-07-08 04:45:00,14,7,8,4,45,380,240,,,,Nuit sans éclairage public,Hors agglomération,Hors intersection,Temps couvert,Autre collision,,,,,,,,,,,3,1,1,8.0,6
201400005023,0014-08-05 02:30:00,14,8,5,2,30,380,324,,,,Nuit sans éclairage public,Hors agglomération,Giratoire,Normale,Sans collision,,,,,,,,,,,3,1,6,1.0,7
201400005024,0014-08-14 15:15:00,14,8,14,15,15,380,180,,,,Plein jour,Hors agglomération,Hors intersection,Normale,Deux véhicules - côté,,,,,,,,,,,1,1,1,1.0,3
201400005025,0014-09-06 18:30:00,14,9,6,18,30,380,198,,,,Plein jour,Hors agglomération,Intersection en X,Normale,Deux véhicules - côté,,,,,,,,,,,1,1,2,1.0,3
201400005026,0014-12-07 15:30:00,14,12,7,15,30,380,284,inter ch savoz,45.40687,5.21765,Plein jour,Hors agglomération,Intersection en X,Normale,Deux véhicules - côté,,,,,,,,,,,1,1,2,1.0,3
201400005027,0014-12-23 07:30:00,14,12,23,7,30,380,335,mont?e de l'embranchemen,,,Nuit sans éclairage public,En agglomération,Hors intersection,Normale,Deux véhicules - frontale,,,,,,,,,,,3,2,1,1.0,1
201400005028,0014-03-02 21:45:00,14,3,2,21,45,380,399,,,,Plein jour,Hors agglomération,Hors intersection,Normale,Autre collision,,,,,,,,,,,1,1,1,1.0,6
201400005029,0014-03-04 15:00:00,14,3,4,15,0,380,189,inter r Albert 1er,45.63044,5.06157,Plein jour,En agglomération,Intersection en X,Normale,Trois véhicules et plus - collisions multiples,,,,,,,,,,,1,2,2,1.0,5
201400005030,0014-04-11 11:00:00,14,4,11,11,0,380,35,,,,Crépuscule ou aube,Hors agglomération,Hors intersection,Normale,Deux véhicules - frontale,,,,,,,,,,,2,1,1,1.0,1
201400005031,0014-04-17 08:00:00,14,4,17,8,0,380,480,rue du Pigeonnier,,,Plein jour,En agglomération,Hors intersection,Temps éblouissant,Autre collision,,,,,,,,,,,1,2,1,7.0,6
201400005032,0014-05-02 19:45:00,14,5,2,19,45,380,476,,,,Plein jour,Hors agglomération,Hors intersection,Temps couvert,Autre collision,,,,,,,,,,,1,1,1,8.0,6
201400005033,0014-05-22 17:45:00,14,5,22,17,45,380,189,,,,Plein jour,Hors agglomération,Hors intersection,Normale,Deux véhicules - arrière,,,,,,,,,,,1,1,1,1.0,2
201400005034,0014-05-22 21:30:00,14,5,22,21,30,380,288,,,,Nuit sans éclairage public,Hors agglomération,Hors intersection,Pluie forte,Deux véhicules - frontale,,,,,,,,,,,3,1,1,3.0,1
201400005035,0014-05-24 18:45:00,14,5,24,18,45,380,389,,,,Plein jour,Hors agglomération,Hors intersection,Normale,Deux véhicules - arrière,,,,,,,,,,,1,1,1,1.0,2
201400005036,0014-06-02 23:30:00,14,6,2,23,30,380,189,,45.63881,5.06327,Nuit avec éclairage allumé,Hors agglomération,Intersection en Y,Normale,Deux véhicules - frontale,,,,,,,,,,,5,1,4,1.0,1
201400005037,0014-06-08 19:15:00,14,6,8,19,15,380,346,,,,Plein jour,Hors agglomération,Hors intersection,Normale,Autre collision,,,,,,,,,,,1,1,1,1.0,6
201400005038,0014-06-20 12:30:00,14,6,20,12,30,380,389,,45.57059,5.06873,Plein jour,Hors agglomération,Hors intersection,Normale,Autre collision,,,,,,,,,,,1,1,1,1.0,6
201400005039,0014-06-27 18:45:00,14,6,27,18,45,380,389,,,,Plein jour,Hors agglomération,Hors intersection,Normale,Deux véhicules - frontale,,,,,,,,,,,1,1,1,1.0,1
201400005040,0014-07-13 03:15:00,14,7,13,3,15,380,184,,,,Nuit sans éclairage public,Hors agglomération,Hors intersection,Normale,Autre collision,,,,,,,,,,,3,1,1,1.0,6
201400005041,0014-07-30 14:45:00,14,7,30,14,45,380,351,,,,Plein jour,Hors agglomération,Hors intersection,Pluie légère,Deux véhicules - frontale,,,,,,,,,,,1,1,1,2.0,1
201400005042,0014-11-01 03:30:00,14,11,1,3,30,380,144,,,,Nuit sans éclairage public,Hors agglomération,Hors intersection,Normale,Deux véhicules - frontale,,,,,,,,,,,3,1,1,1.0,1
201400005043,0014-11-23 06:00:00,14,11,23,6,0,380,389,,,,Nuit sans éclairage public,Hors agglomération,Hors intersection,Normale,Sans collision,,,,,,,,,,,3,1,1,1.0,7
201400005044,0014-02-21 15:30:00,14,2,21,15,30,380,557,17 rue des aub?pines,,,Plein jour,En agglomération,Hors intersection,Normale,Sans collision,,,,,,,,,,,1,2,1,1.0,7
201400005045,0014-03-12 16:30:00,14,3,12,16,30,380,11,,,,Plein jour,Hors agglomération,Hors intersection,Normale,Deux véhicules - arrière,,,,,,,,,,,1,1,1,1.0,2
201400005046,0014-03-24 07:45:00,14,3,24,7,45,380,316,,,,Crépuscule ou aube,Hors agglomération,Hors intersection,Normale,Deux véhicules - côté,,,,,,,,,,,2,1,1,1.0,3
201400005047,0014-05-24 11:15:00,14,5,24,11,15,380,85,place ren? BARBE,,,Plein jour,En agglomération,Hors intersection,Normale,Autre collision,,,,,,,,,,,1,2,1,1.0,6
201400005048,0014-06-24 20:30:00,14,6,24,20,30,380,197,RD 517 route de cr?mieu,,,Crépuscule ou aube,En agglomération,Hors intersection,Normale,Sans collision,,,,,,,,,,,2,2,1,1.0,7
201400005049,0014-10-04 21:00:00,14,10,4,21,0,380,97,Avenue du Revorchon,,,Nuit avec éclairage allumé,En agglomération,Hors intersection,Normale,Autre collision,,,,,,,,,,,5,2,1,1.0,6
201400005050,0014-10-31 19:00:00,14,10,31,19,0,380,11,,,,Nuit sans éclairage public,Hors agglomération,Hors intersection,Normale,Autre collision,,,,,,,,,,,3,1,1,1.0,6
201400005051,0014-11-22 04:15:00,14,11,22,4,15,380,97,44 passage de la bourbre,45.77143,5.18969,Nuit sans éclairage public,En agglomération,Hors intersection,Normale,Autre collision,,,,,,,,,,,3,2,1,1.0,6
201400005052,0014-12-10 18:00:00,14,12,10,18,0,380,507,rue de bourgoin,,,Nuit avec éclairage allumé,En agglomération,Hors intersection,Pluie légère,Autre collision,,,,,,,,,,,5,2,1,2.0,6
201400005053,0014-01-18 17:45:00,14,1,18,17,45,380,344,MONTEE DU CHATEAU,,,Crépuscule ou aube,En agglomération,Hors intersection,Pluie légère,Autre collision,,,,,,,,,,,2,2,1,2.0,6
201400005054,0014-03-07 20:30:00,14,3,7,20,30,380,72,le grand chemin,45.30637,4.80959,Nuit avec éclairage allumé,Hors agglomération,Hors intersection,Normale,Deux véhicules - côté,,,,,,,,,,,5,1,1,1.0,3
201400005055,0014-04-03 21:00:00,14,4,3,21,0,380,51,,45.32717,4.87532,Nuit sans éclairage public,Hors agglomération,Intersection en X,Normale,Deux véhicules - frontale,,,,,,,,,,,3,1,2,1.0,1
201400005056,0014-05-19 08:15:00,14,5,19,8,15,380,344,avenue Jean Jaures,,,Plein jour,En agglomération,Hors intersection,Normale,Autre collision,,,,,,,,,,,1,2,1,1.0,6
201400005057,0014-05-28 16:30:00,14,5,28,16,30,380,349,,,,Plein jour,Hors agglomération,Intersection en X,Normale,Deux véhicules - côté,,,,,,,,,,,1,1,2,1.0,3
201400005058,0014-06-16 11:30:00,14,6,16,11,30,380,344,rue yves Farges,,,Plein jour,En agglomération,Hors intersection,Temps éblouissant,Deux véhicules - côté,,,,,,,,,,,1,2,1,7.0,3
201400005059,0014-06-24 20:00:00,14,6,24,20,0,380,468,,,,Plein jour,Hors agglomération,Hors intersection,Normale,Autre collision,,,,,,,,,,,1,1,1,1.0,6
201400005060,0014-07-05 08:30:00,14,7,5,8,30,380,72,,,,Plein jour,Hors agglomération,Hors intersection,Normale,Deux véhicules - frontale,,,,,,,,,,,1,1,1,1.0,1
201400005061,0014-07-12 10:30:00,14,7,12,10,30,380,349,,,,Plein jour,Hors agglomération,Hors intersection,Normale,Deux véhicules - frontale,,,,,,,,,,,1,1,1,1.0,1
201400005062,0014-07-16 20:15:00,14,7,16,20,15,380,496,,45.36108,4.92575,Crépuscule ou aube,Hors agglomération,Hors intersection,Normale,Trois véhicules et plus - collisions multiples,,,,,,,,,,,2,1,1,1.0,5
201400005063,0014-10-02 17:45:00,14,10,2,17,45,380,298,,,,Plein jour,Hors agglomération,Hors intersection,Normale,Autre collision,,,,,,,,,,,1,1,1,1.0,6
201400005064,0014-10-07 16:00:00,14,10,7,16,0,380,298,Place des beaux arts,,,Plein jour,En agglomération,Hors intersection,Pluie légère,Autre collision,,,,,,,,,,,1,2,1,2.0,6
201400005065,0014-11-07 18:00:00,14,11,7,18,0,380,468,,,,Nuit avec éclairage allumé,Hors agglomération,Hors intersection,Normale,Trois véhicules et plus - en chaîne,,,,,,,,,,,5,1,1,1.0,4
201400005066,0014-11-15 13:45:00,14,11,15,13,45,380,344,63 avenue Gabriel P?ri,,,Plein jour,En agglomération,Hors intersection,Temps couvert,Deux véhicules - côté,,,,,,,,,,,1,2,1,8.0,3
201400005067,0014-12-10 18:30:00,14,12,10,18,30,380,3,,,,Nuit sans éclairage public,Hors agglomération,Hors intersection,Pluie légère,Deux véhicules - côté,,,,,,,,,,,3,1,1,2.0,3
201400005068,0014-11-23 14:45:00,14,11,23,14,45,380,512,,,,Plein jour,Hors agglomération,Hors intersection,Normale,Sans collision,,,,,,,,,,,1,1,1,1.0,7
201400005069,0014-03-03 19:30:00,14,3,3,19,30,380,449,,,,Nuit sans éclairage public,Hors agglomération,Hors intersection,Normale,Deux véhicules - frontale,,,,,,,,,,,3,1,1,1.0,1
201400005070,0014-07-16 15:30:00,14,7,16,15,30,380,537,,,,Plein jour,Hors agglomération,Hors intersection,Normale,Trois véhicules et plus - collisions multiples,,,,,,,,,,,1,1,1,1.0,5
201400005071,0014-08-03 08:45:00,14,8,3,8,45,380,449,,,,Plein jour,Hors agglomération,Hors intersection,Normale,Deux véhicules - frontale,,,,,,,,,,,1,1,1,1.0,1
201400005072,0014-11-14 11:00:00,14,11,14,11,0,380,449,,,,Plein jour,Hors agglomération,Hors intersection,Normale,Deux véhicules - côté,,,,,,,,,,,1,1,1,1.0,3
201400005073,0014-03-27 15:30:00,14,3,27,15,30,420,329,,45.31843,4.50563,Plein jour,Hors agglomération,Hors intersection,Normale,Deux véhicules - frontale,,,,,,,,,,,1,1,1,1.0,1
201400005074,0014-04-12 16:30:00,14,4,12,16,30,420,172,,45.36835,4.44234,Plein jour,Hors agglomération,Hors intersection,Normale,Deux véhicules - frontale,,,,,,,,,,,1,1,1,1.0,1
201400005075,0014-05-18 17:15:00,14,5,18,17,15,420,23,bld jean louis richard,45.22976,4.58074,Plein jour,En agglomération,Hors intersection,Normale,Trois véhicules et plus - collisions multiples,,,,,,,,,,,1,2,1,1.0,5
201400005076,0014-05-25 16:00:00,14,5,25,16,0,420,310,,45.31308,4.5415,Plein jour,Hors agglomération,Hors intersection,Normale,Autre collision,,,,,,,,,,,1,1,1,1.0,6
201400005077,0014-08-27 11:30:00,14,8,27,11,30,420,287,,45.25688,4.46592,Plein jour,Hors agglomération,Intersection en X,Normale,Deux véhicules - frontale,,,,,,,,,,,1,1,2,1.0,1
201400005078,0014-09-05 12:15:00,14,9,5,12,15,420,286,RD 22,45.36713,4.37107,Plein jour,En agglomération,Hors intersection,Normale,Deux véhicules - côté,,,,,,,,,,,1,2,1,1.0,3
201400005079,0014-09-20 18:15:00,14,9,20,18,15,420,23,,45.31616,4.52533,Crépuscule ou aube,Hors agglomération,Hors intersection,Temps couvert,Deux véhicules - côté,,,,,,,,,,,2,1,1,8.0,3
201400005080,0014-01-01 11:30:00,14,1,1,11,30,420,97,,45.5072,4.32086,Plein jour,Hors agglomération,Hors intersection,Normale,Sans collision,,,,,,,,,,,1,1,1,1.0,7
201400005081,0014-01-07 14:00:00,14,1,7,14,0,420,92,Rue du 11 novembre,45.485,4.37925,Plein jour,En agglomération,Hors intersection,Temps éblouissant,Autre collision,,,,,,,,,,,1,2,1,7.0,6
201400005082,0014-02-06 11:15:00,14,2,6,11,15,420,97,RN 102 LA PORCHERE,45.48422,4.3445,Nuit sans éclairage public,En agglomération,Hors intersection,Normale,Deux véhicules - arrière,,,,,,,,,,,3,2,1,1.0,2
201400005083,0014-06-19 17:45:00,14,6,19,17,45,420,234,,45.50802,4.38756,Plein jour,Hors agglomération,Hors intersection,Normale,Deux véhicules - frontale,,,,,,,,,,,1,1,1,1.0,1
201400005084,0014-06-22 09:15:00,14,6,22,9,15,420,97,,45.50547,4.30596,Plein jour,Hors agglomération,Giratoire,Normale,Autre collision,,,,,,,,,,,1,1,6,1.0,6
201400005085,0014-07-25 10:00:00,14,7,25,10,0,420,234,D11 rue Thiolier,45.52899,4.37262,Plein jour,En agglomération,Hors intersection,Normale,Deux véhicules - frontale,,,,,,,,,,,1,2,1,1.0,1
201400005086,0014-09-03 18:45:00,14,9,3,18,45,420,96,La Blétaille,45.53463,4.43266,Plein jour,Hors agglomération,Hors intersection,Normale,Sans collision,,,,,,,,,,,1,1,1,1.0,7
201400005087,0014-09-14 10:00:00,14,9,14,10,0,420,311,LA CROIX MALADIERE,45.48225,4.38901,Plein jour,En agglomération,Intersection en T,Normale,Deux véhicules - côté,,,,,,,,,,,1,2,3,1.0,3
201400005088,0014-01-14 07:00:00,14,1,14,7,0,420,180,,45.58946,4.1468,Nuit avec éclairage allumé,Hors agglomération,Intersection en X,Temps couvert,Deux véhicules - frontale,,,,,,,,,,,5,1,2,8.0,1
201400005089,0014-02-17 13:45:00,14,2,17,13,45,420,46,,45.65005,4.04934,Plein jour,Hors agglomération,Hors intersection,Normale,Deux véhicules - arrière,,,,,,,,,,,1,1,1,1.0,2
201400005090,0014-03-14 08:15:00,14,3,14,8,15,420,147,6 avenue d'Allard,45.60711,4.05799,Plein jour,En agglomération,Intersection en T,Normale,Trois véhicules et plus - collisions multiples,,,,,,,,,,,1,2,3,1.0,5
201400005091,0014-03-17 14:45:00,14,3,17,14,45,420,299,,45.6102,4.09657,Plein jour,Hors agglomération,Hors intersection,Normale,Deux véhicules - arrière,,,,,,,,,,,1,1,1,1.0,2
201400005092,0014-04-06 18:00:00,14,4,6,18,0,420,46,,45.6263,4.05199,Plein jour,Hors agglomération,Hors intersection,Normale,Deux véhicules - côté,,,,,,,,,,,1,1,1,1.0,3
201400005093,0014-04-22 17:30:00,14,4,22,17,30,420,147,rue de pépinière du roi,45.60433,4.06297,Plein jour,En agglomération,Hors intersection,Pluie légère,Autre collision,,,,,,,,,,,1,2,1,2.0,6
201400005094,0014-06-16 05:30:00,14,6,16,5,30,420,299,,45.62077,4.1383,Crépuscule ou aube,Hors agglomération,Hors intersection,Normale,Autre collision,,,,,,,,,,,2,1,1,1.0,6
201400005095,0014-06-17 14:30:00,14,6,17,14,30,420,147,,45.61832,4.07071,Plein jour,Hors agglomération,Hors intersection,Normale,Deux véhicules - frontale,,,,,,,,,,,1,1,1,1.0,1
201400005096,0014-09-19 19:15:00,14,9,19,19,15,420,180,,45.59059,4.1443,Crépuscule ou aube,Hors agglomération,Hors intersection,Temps couvert,Deux véhicules - frontale,,,,,,,,,,,2,1,1,8.0,1
201400005097,0014-10-26 18:15:00,14,10,26,18,15,420,285,,45.56995,4.12838,Nuit sans éclairage public,Hors agglomération,Hors intersection,Normale,Trois véhicules et plus - collisions multiples,,,,,,,,,,,3,1,1,1.0,5
201400005098,0014-11-08 10:45:00,14,11,8,10,45,420,285,,45.58137,4.10689,Plein jour,Hors agglomération,Hors intersection,Normale,Deux véhicules - côté,,,,,,,,,,,1,1,1,1.0,3
201400005099,0014-11-13 09:00:00,14,11,13,9,0,420,147,2 boulevard Lach?ze,45.6055,4.06435,Crépuscule ou aube,En agglomération,Hors intersection,Normale,Autre collision,,,,,,,,,,,2,2,1,1.0,6
201400005100,0014-12-05 07:45:00,14,12,5,7,45,420,180,,45.58995,4.15887,Crépuscule ou aube,Hors agglomération,Hors intersection,Pluie légère,Deux véhicules - arrière,,,,,,,,,,,2,1,1,2.0,2
201400005101,0014-12-08 15:00:00,14,12,8,15,0,420,46,,45.64089,4.05232,Nuit sans éclairage public,Hors agglomération,Hors intersection,Temps couvert,Deux véhicules - côté,,,,,,,,,,,3,1,1,8.0,3
201400005102,0014-12-28 00:30:00,14,12,28,0,30,420,147,Avenue de Saint Etienne,45.59958,4.07321,Nuit avec éclairage allumé,En agglomération,Hors intersection,Neige / grêle,Autre collision,,,,,,,,,,,5,2,1,4.0,6
201400005103,0014-12-31 12:15:00,14,12,31,12,15,420,147,12 place grenette,45.60709,4.06348,Plein jour,En agglomération,Place,Normale,Autre collision,,,,,,,,,,,1,2,7,1.0,6
201400005104,0014-04-18 15:45:00,14,4,18,15,45,420,5,,45.52585,4.27019,Plein jour,En agglomération,Giratoire,Normale,Autre collision,,,,,,,,,,,1,2,6,1.0,6
201400005105,0014-05-16 18:30:00,14,5,16,18,30,420,304,,45.56913,4.18682,Plein jour,Hors agglomération,Hors intersection,Normale,Deux véhicules - côté,,,,,,,,,,,1,1,1,1.0,3
201400005106,0014-06-05 21:00:00,14,6,5,21,0,420,304,boulevard jean moulin,45.54174,4.18591,Plein jour,En agglomération,Hors intersection,Normale,Deux véhicules - frontale,,,,,,,,,,,1,2,1,1.0,1
201400005107,0014-06-10 19:00:00,14,6,10,19,0,420,211,avenue pierre zakarie,45.52959,4.24651,Crépuscule ou aube,En agglomération,Hors intersection,Pluie forte,Deux véhicules - frontale,,,,,,,,,,,2,2,1,3.0,1
201400005108,0014-10-18 16:15:00,14,10,18,16,15,420,5,AVENUE DE ST ETIENNE,45.52588,4.27322,Plein jour,En agglomération,Hors intersection,Temps éblouissant,Autre collision,,,,,,,,,,,1,2,1,7.0,6
201400005109,0014-11-08 17:30:00,14,11,8,17,30,420,5,,45.53562,4.30534,Nuit sans éclairage public,Hors agglomération,Hors intersection,Pluie légère,Deux véhicules - frontale,,,,,,,,,,,3,1,1,2.0,1
201400005110,0014-12-20 04:45:00,14,12,20,4,45,420,5,AVENUE HELENE BOUCHER,45.54023,4.28568,Nuit avec éclairage allumé,En agglomération,Hors intersection,Pluie forte,Autre collision,,,,,,,,,,,5,2,1,3.0,6
201400005111,0014-01-17 14:00:00,14,1,17,14,0,420,197,,45.73841,4.05644,Plein jour,Hors agglomération,Hors intersection,Normale,Deux véhicules - côté,,,,,,,,,,,1,1,1,1.0,3
201400005112,0014-01-22 17:00:00,14,1,22,17,0,420,221,,45.78195,4.10346,Plein jour,Hors agglomération,Hors intersection,Temps couvert,Sans collision,,,,,,,,,,,1,1,1,8.0,7
201400005113,0014-02-16 02:00:00,14,2,16,2,0,420,114,,45.74272,3.81054,Nuit sans éclairage public,Hors agglomération,Hors intersection,Pluie légère,Sans collision,,,,,,,,,,,3,1,1,2.0,7
201400005114,0014-05-07 22:00:00,14,5,7,22,0,420,2,,45.78159,3.92677,Nuit sans éclairage public,Hors agglomération,Hors intersection,Normale,Sans collision,,,,,,,,,,,3,1,1,1.0,7
201400005115,0014-05-23 14:00:00,14,5,23,14,0,420,245,,45.81562,3.83015,Plein jour,Hors agglomération,Hors intersection,Normale,Deux véhicules - frontale,,,,,,,,,,,1,1,1,1.0,1
201400005116,0014-07-01 08:15:00,14,7,1,8,15,420,136,,45.71173,4.03249,Plein jour,Hors agglomération,Hors intersection,Normale,Deux véhicules - côté,,,,,,,,,,,1,1,1,1.0,3
201400005117,0014-07-13 16:30:00,14,7,13,16,30,420,159,,45.78771,3.74269,Plein jour,Hors agglomération,Hors intersection,Pluie légère,Autre collision,,,,,,,,,,,1,1,1,2.0,6
201400005118,0014-09-03 18:00:00,14,9,3,18,0,420,19,RD 3008,45.74322,4.01925,Plein jour,En agglomération,Hors intersection,Normale,Deux véhicules - côté,,,,,,,,,,,1,2,1,1.0,3
201400005119,0014-09-21 12:15:00,14,9,21,12,15,420,205,,45.63619,3.86788,Plein jour,Hors agglomération,Hors intersection,Normale,Deux véhicules - frontale,,,,,,,,,,,1,1,1,1.0,1
201400005120,0014-01-12 15:00:00,14,1,12,15,0,420,165,,45.77804,4.32215,Plein jour,Hors agglomération,Hors intersection,Normale,Deux véhicules - frontale,,,,,,,,,,,1,1,1,1.0,1
201400005121,0014-01-24 16:45:00,14,1,24,16,45,420,214,,45.67797,4.31328,Plein jour,Hors agglomération,Hors intersection,Pluie légère,Deux véhicules - frontale,,,,,,,,,,,1,1,1,2.0,1
201400005122,0014-02-09 10:00:00,14,2,9,10,0,420,319,La Croix Jaune,45.70511,4.3007,Plein jour,Hors agglomération,Hors intersection,Normale,Deux véhicules - côté,,,,,,,,,,,1,1,1,1.0,3
201400005123,0014-03-22 19:00:00,14,3,22,19,0,420,296,,45.734,4.28057,Nuit sans éclairage public,Hors agglomération,Hors intersection,Normale,Deux véhicules - arrière,,,,,,,,,,,3,1,1,1.0,2
201400005124,0014-04-24 17:30:00,14,4,24,17,30,420,41,,45.71479,4.2006,Plein jour,Hors agglomération,Hors intersection,Normale,Trois véhicules et plus - collisions multiples,,,,,,,,,,,1,1,1,1.0,5
201400005125,0014-04-14 12:45:00,14,4,14,12,45,420,94,Rue Louis Blanc,45.73641,4.23588,Plein jour,En agglomération,Intersection en X,Normale,Deux véhicules - côté,,,,,,,,,,,1,2,2,1.0,3
201400005126,0014-05-14 08:15:00,14,5,14,8,15,420,94,bvd de l'hippodrome,45.73641,4.22335,Plein jour,En agglomération,Hors intersection,Normale,Autre collision,,,,,,,,,,,1,2,1,1.0,6
201400005127,0014-06-01 15:45:00,14,6,1,15,45,420,113,Le bourg,45.74526,4.31096,Plein jour,En agglomération,Hors intersection,Normale,Deux véhicules - frontale,,,,,,,,,,,1,2,1,1.0,1
201400005128,0014-07-03 22:00:00,14,7,3,22,0,420,94,,45.74276,4.20767,Nuit sans éclairage public,Hors agglomération,Hors intersection,Normale,Autre collision,,,,,,,,,,,3,1,1,1.0,6
201400005129,0014-07-08 10:30:00,14,7,8,10,30,420,296,,45.73897,4.29522,Plein jour,Hors agglomération,Hors intersection,Temps couvert,Deux véhicules - arrière,,,,,,,,,,,1,1,1,8.0,2
201400005130,0014-08-05 15:00:00,14,8,5,15,0,420,94,rue de la Loire 42 FEUR,45.74281,4.2153,Plein jour,En agglomération,Hors intersection,Normale,Deux véhicules - côté,,,,,,,,,,,1,2,1,1.0,3
201400005131,0014-10-25 15:00:00,14,10,25,15,0,420,94,,45.74523,4.3143,Plein jour,Hors agglomération,Hors intersection,Normale,Autre collision,,,,,,,,,,,1,1,1,1.0,6
201400005132,0014-11-07 07:45:00,14,11,7,7,45,420,94,Rue Jules Ferry,45.74531,4.22363,Crépuscule ou aube,En agglomération,Hors intersection,Normale,Autre collision,,,,,,,,,,,2,2,1,1.0,6
201400005133,0014-11-17 17:15:00,14,11,17,17,15,420,175,Le buis,45.80046,4.22941,Nuit sans éclairage public,En agglomération,Hors intersection,Pluie légère,Deux véhicules - côté,,,,,,,,,,,3,2,1,2.0,3
201400005134,0014-11-18 10:45:00,14,11,18,10,45,420,94,7 rue de la r?publique,45.74368,4.22404,Plein jour,En agglomération,Hors intersection,Pluie légère,Autre collision,,,,,,,,,,,1,2,1,2.0,6
201400005135,0014-11-30 12:15:00,14,11,30,12,15,420,174,,45.72631,4.16472,Plein jour,Hors agglomération,Hors intersection,Pluie légère,Deux véhicules - côté,,,,,,,,,,,1,1,1,2.0,3
201400005136,0014-12-14 00:45:00,14,12,14,0,45,420,94,30 bd boissonnette,45.73827,4.2286,Nuit avec éclairage allumé,En agglomération,Hors intersection,Normale,Deux véhicules - frontale,,,,,,,,,,,5,2,1,1.0,1
201400005137,0014-12-29 16:30:00,14,12,29,16,30,420,94,rue de la Loire,45.7433,4.22097,Plein jour,En agglomération,Hors intersection,Normale,Autre collision,,,,,,,,,,,1,2,1,1.0,6
201400005138,0014-02-08 10:15:00,14,2,8,10,15,420,126,,45.45155,4.08584,Plein jour,Hors agglomération,Hors intersection,Pluie légère,Autre collision,,,,,,,,,,,1,1,1,2.0,6
201400005139,0014-02-23 04:45:00,14,2,23,4,45,420,137,,45.5217,4.03488,Nuit sans éclairage public,Hors agglomération,Hors intersection,Normale,Autre collision,,,,,,,,,,,3,1,1,1.0,6
201400005140,0014-03-19 21:15:00,14,3,19,21,15,420,6,,45.38428,3.999,Nuit avec éclairage allumé,Hors agglomération,Hors intersection,Normale,Autre collision,,,,,,,,,,,5,1,1,1.0,6
201400005141,0014-03-23 17:00:00,14,3,23,17,0,420,137,,45.52159,4.05389,Plein jour,Hors agglomération,Hors intersection,Normale,Sans collision,,,,,,,,,,,1,1,1,1.0,7
201400005142,0014-05-31 15:15:00,14,5,31,15,15,420,312,,45.41314,4.09107,Plein jour,Hors agglomération,Hors intersection,Normale,Deux véhicules - frontale,,,,,,,,,,,1,1,1,1.0,1