accident_id,datetime,annee,mois,jour,heure,minute,departement,commune_insee,adresse,latitude,longitude,luminosite,agglomeration,intersection,meteo,collision,nb_vehicules,nb_usagers,nb_indemnes,nb_tues,nb_blesses_hosp,nb_blesses_legers,age_cond_1,age_cond_2,veh_type_cond_1,veh_type_cond_2,lum_code,agg_code,int_code,atm_code,col_code
201400005545,0014-04-15 07:00:00,14,4,15,7,0,630,283,,,,Crépuscule ou aube,Hors agglomération,Hors intersection,Normale,Autre collision,,,,,,,,,,,2,1,1,1.0,6
201400005546,0014-06-12 19:30:00,14,6,12,19,30,630,85,,,,Plein jour,Hors agglomération,Hors intersection,Normale,Deux véhicules - frontale,,,,,,,,,,,1,1,1,1.0,1
201400005547,0014-06-19 19:30:00,14,6,19,19,30,630,238,,,,Plein jour,Hors agglomération,Hors intersection,Normale,Deux véhicules - frontale,,,,,,,,,,,1,1,1,1.0,1
201400005548,0014-06-29 21:30:00,14,6,29,21,30,630,85,rue des bruyères,45.89249,2.86129,Crépuscule ou aube,En agglomération,Hors intersection,Normale,Autre collision,,,,,,,,,,,2,2,1,1.0,6
201400005549,0014-07-15 08:45:00,14,7,15,8,45,630,165,route d'herment,,,Plein jour,En agglomération,Hors intersection,Normale,Autre collision,,,,,,,,,,,1,2,1,1.0,6
201400005550,0014-09-15 15:45:00,14,9,15,15,45,630,115,,45.864,2.628,Plein jour,Hors agglomération,Hors intersection,Normale,Trois véhicules et plus - en chaîne,,,,,,,,,,,1,1,1,1.0,4
201400005551,0014-09-29 14:15:00,14,9,29,14,15,630,118,,45.846,2.52,Plein jour,Hors agglomération,Hors intersection,Normale,Deux véhicules - frontale,,,,,,,,,,,1,1,1,1.0,1
201400005552,0014-12-18 17:30:00,14,12,18,17,30,630,55,,45.84,2.844,Nuit sans éclairage public,Hors agglomération,Hors intersection,Pluie légère,Deux véhicules - frontale,,,,,,,,,,,3,1,1,2.0,1
201400005553,0014-04-09 12:45:00,14,4,9,12,45,630,11,,,,Plein jour,Hors agglomération,Hors intersection,Normale,Autre collision,,,,,,,,,,,1,1,1,1.0,6
201400005554,0014-04-10 10:45:00,14,4,10,10,45,630,130,,,,Nuit sans éclairage public,Hors agglomération,Hors intersection,Normale,Autre collision,,,,,,,,,,,3,1,1,1.0,6
201400005555,0014-06-22 11:45:00,14,6,22,11,45,630,391,,,,Plein jour,Hors agglomération,Hors intersection,Normale,Autre collision,,,,,,,,,,,1,1,1,1.0,6
201400005556,0014-07-24 10:00:00,14,7,24,10,0,630,338,228 rue Jean JAURES,46.16064,2.83423,Plein jour,En agglomération,Hors intersection,Normale,Autre collision,,,,,,,,,,,1,2,1,1.0,6
201400005557,0014-08-28 16:15:00,14,8,28,16,15,630,243,,,,Plein jour,Hors agglomération,Hors intersection,Normale,Deux véhicules - frontale,,,,,,,,,,,1,1,1,1.0,1
201400005558,0014-09-23 07:45:00,14,9,23,7,45,630,233,,,,Crépuscule ou aube,Hors agglomération,Hors intersection,Normale,Deux véhicules - côté,,,,,,,,,,,2,1,1,1.0,3
201400005559,0014-11-03 08:30:00,14,11,3,8,30,630,11,,,,Plein jour,Hors agglomération,Hors intersection,Normale,Autre collision,,,,,,,,,,,1,1,1,1.0,6
201400005560,0014-03-28 18:15:00,14,3,28,18,15,630,8,Mardan,45.47,3.183,Plein jour,En agglomération,Hors intersection,Normale,Deux véhicules - frontale,,,,,,,,,,,1,2,1,1.0,1
201400005561,0014-04-19 21:00:00,14,4,19,21,0,630,231,28 rue du 14 juillet,,,Nuit avec éclairage allumé,En agglomération,Hors intersection,Normale,Deux véhicules - côté,,,,,,,,,,,5,2,1,1.0,3
201400005562,0014-04-25 15:45:00,14,4,25,15,45,630,430,Avenue L?o LAGRANGE,45.84589,3.52477,Plein jour,En agglomération,Hors intersection,Pluie légère,Deux véhicules - frontale,,,,,,,,,,,1,2,1,2.0,1
201400005563,0014-05-04 14:15:00,14,5,4,14,15,630,276,,45.83007,3.4815,Plein jour,Hors agglomération,Intersection en X,Normale,Deux véhicules - côté,,,,,,,,,,,1,1,2,1.0,3
201400005564,0014-05-08 18:45:00,14,5,8,18,45,630,430,,45.85597,3.52416,Plein jour,Hors agglomération,Intersection en X,Normale,Autre collision,,,,,,,,,,,1,1,2,1.0,6
201400005565,0014-05-31 10:15:00,14,5,31,10,15,630,430,Place Antonin Chastel,45.85539,3.54865,Plein jour,En agglomération,Hors intersection,Normale,Autre collision,,,,,,,,,,,1,2,1,1.0,6
201400005566,0014-07-05 14:00:00,14,7,5,14,0,630,430,,,,Plein jour,Hors agglomération,Hors intersection,Normale,Deux véhicules - frontale,,,,,,,,,,,1,1,1,1.0,1
201400005567,0014-08-11 07:45:00,14,8,11,7,45,630,276,,,,Crépuscule ou aube,Hors agglomération,Hors intersection,Pluie légère,Sans collision,,,,,,,,,,,2,1,1,2.0,7
201400005568,0014-09-30 13:45:00,14,9,30,13,45,630,276,,,,Plein jour,Hors agglomération,Hors intersection,Normale,Autre collision,,,,,,,,,,,1,1,1,1.0,6
201400005569,0014-10-30 17:45:00,14,10,30,17,45,630,430,,,,Crépuscule ou aube,Hors agglomération,Hors intersection,Normale,Trois véhicules et plus - collisions multiples,,,,,,,,,,,2,1,1,1.0,5
201400005570,0014-11-26 13:15:00,14,11,26,13,15,630,430,Avenue Léo Lagrange,45.84727,3.52911,Plein jour,En agglomération,Giratoire,Normale,Deux véhicules - côté,,,,,,,,,,,1,2,6,1.0,3
201400005571,0014-12-06 19:15:00,14,12,6,19,15,630,276,,,,Nuit sans éclairage public,Hors agglomération,Hors intersection,Pluie légère,Autre collision,,,,,,,,,,,3,1,1,2.0,6
201400005572,0014-03-13 23:45:00,14,3,13,23,45,630,195,rue teilhard de chardin,,,Nuit sans éclairage public,En agglomération,Hors intersection,Normale,Deux véhicules - côté,,,,,,,,,,,3,2,1,1.0,3
201400005573,0014-06-29 18:15:00,14,6,29,18,15,630,15,,,,Plein jour,Hors agglomération,Hors intersection,Pluie forte,Autre collision,,,,,,,,,,,1,1,1,3.0,6
201400005574,0014-11-16 18:45:00,14,11,16,18,45,630,194,route du Puy (r garenne),45.83301,3.32949,Nuit avec éclairage allumé,Hors agglomération,Hors intersection,Temps couvert,Deux véhicules - frontale,,,,,,,,,,,5,1,1,8.0,1
201400005575,0014-02-14 13:45:00,14,2,14,13,45,630,210,,45.922,3.352,Plein jour,Hors agglomération,Hors intersection,Normale,Autre collision,,,,,,,,,,,1,1,1,1.0,6
201400005576,0014-03-04 06:00:00,14,3,4,6,0,630,271,les ferriers,,,Nuit sans éclairage public,En agglomération,Hors intersection,Normale,Deux véhicules - côté,,,,,,,,,,,3,2,1,1.0,3
201400005577,0014-03-08 18:30:00,14,3,8,18,30,630,102,,,,Nuit sans éclairage public,Hors agglomération,Hors intersection,Normale,Autre collision,,,,,,,,,,,3,1,1,1.0,6
201400005578,0014-04-30 02:00:00,14,4,30,2,0,630,128,,,,Nuit avec éclairage non allumé,Hors agglomération,Hors intersection,Normale,Autre collision,,,,,,,,,,,4,1,1,1.0,6
201400005579,0014-05-11 14:30:00,14,5,11,14,30,630,291,rue calmette,45.959,3.487,Plein jour,En agglomération,Hors intersection,Normale,Autre collision,,,,,,,,,,,1,2,1,1.0,6
201400005580,0014-07-01 17:30:00,14,7,1,17,30,630,271,farreras,,,Plein jour,En agglomération,Hors intersection,Normale,Autre collision,,,,,,,,,,,1,2,1,1.0,6
201400005581,0014-07-06 10:00:00,14,7,6,10,0,630,128,,,,Plein jour,Hors agglomération,Hors intersection,Normale,Autre collision,,,,,,,,,,,1,1,1,1.0,6
201400005582,0014-07-09 20:45:00,14,7,9,20,45,630,271,,,,Nuit sans éclairage public,Hors agglomération,Hors intersection,Pluie légère,Sans collision,,,,,,,,,,,3,1,1,2.0,7
201400005583,0014-08-15 15:00:00,14,8,15,15,0,630,180,route de vichy,45.868,3.302,Plein jour,En agglomération,Hors intersection,Normale,Deux véhicules - côté,,,,,,,,,,,1,2,1,1.0,3
201400005584,0014-08-19 16:00:00,14,8,19,16,0,630,271,,45.941,3.491,Plein jour,Hors agglomération,Hors intersection,Normale,Autre collision,,,,,,,,,,,1,1,1,1.0,6
201400005585,0014-08-20 18:00:00,14,8,20,18,0,630,180,,,,Plein jour,Hors agglomération,Hors intersection,Normale,Deux véhicules - frontale,,,,,,,,,,,1,1,1,1.0,1
201400005586,0014-09-04 18:00:00,14,9,4,18,0,630,180,2 rue du nord,45.88204,3.3188,Plein jour,En agglomération,Hors intersection,Normale,Autre collision,,,,,,,,,,,1,2,1,1.0,6
201400005587,0014-09-26 18:30:00,14,9,26,18,30,630,210,place Fran?ois Seguin,45.92145,3.33007,Plein jour,En agglomération,Hors intersection,Normale,Autre collision,,,,,,,,,,,1,2,1,1.0,6
201400005588,0014-10-15 17:45:00,14,10,15,17,45,630,291,rue ernest LAROCHE,,,Crépuscule ou aube,En agglomération,Hors intersection,Pluie légère,Deux véhicules - côté,,,,,,,,,,,2,2,1,2.0,3
201400005589,0014-12-24 19:30:00,14,12,24,19,30,630,210,,,,Nuit sans éclairage public,Hors agglomération,Hors intersection,Temps couvert,Autre collision,,,,,,,,,,,3,1,1,8.0,6
201400005590,0014-01-08 16:45:00,14,1,8,16,45,30,200,,46.558,3.3,Plein jour,Hors agglomération,Hors intersection,Normale,Deux véhicules - frontale,,,,,,,,,,,1,1,1,1.0,1
201400005591,0014-03-31 18:00:00,14,3,31,18,0,30,200,,,,Plein jour,Hors agglomération,Hors intersection,Normale,Deux véhicules - arrière,,,,,,,,,,,1,1,1,1.0,2
201400005592,0014-04-27 15:30:00,14,4,27,15,30,30,15,,46.661,3.223,Plein jour,Hors agglomération,Hors intersection,Autre,Sans collision,,,,,,,,,,,1,1,1,9.0,7
201400005593,0014-06-11 19:00:00,14,6,11,19,0,30,121,Route de Lucenay les Aix,46.68,3.422,Plein jour,En agglomération,Hors intersection,Temps éblouissant,Deux véhicules - frontale,,,,,,,,,,,1,2,1,7.0,1
201400005594,0014-06-21 23:20:00,14,6,21,23,20,30,40,,46.547,3.321,Nuit sans éclairage public,Hors agglomération,Hors intersection,Normale,Deux véhicules - arrière,,,,,,,,,,,3,1,1,1.0,2
201400005595,0014-07-15 14:00:00,14,7,15,14,0,30,229,rue Jean Moulin,,,Plein jour,En agglomération,Hors intersection,Normale,Deux véhicules - côté,,,,,,,,,,,1,2,1,1.0,3
201400005596,0014-08-11 15:45:00,14,8,11,15,45,30,316,,46.673,3.24,Plein jour,Hors agglomération,Hors intersection,Temps couvert,Trois véhicules et plus - en chaîne,,,,,,,,,,,1,1,1,8.0,4
201400005597,0014-09-08 07:30:00,14,9,8,7,30,30,121,,,,Plein jour,Hors agglomération,Hors intersection,Normale,Autre collision,,,,,,,,,,,1,1,1,1.0,6
201400005598,0014-11-03 14:00:00,14,11,3,14,0,30,286,,46.523,3.433,Plein jour,Hors agglomération,Hors intersection,Normale,Autre collision,,,,,,,,,,,1,1,1,1.0,6
201400005599,0014-11-11 12:45:00,14,11,11,12,45,30,316,,,,Plein jour,Hors agglomération,Hors intersection,Normale,Deux véhicules - frontale,,,,,,,,,,,1,1,1,1.0,1
201400005600,0014-11-28 19:00:00,14,11,28,19,0,30,286,rond point du Larry,46.506,3.364,Nuit sans éclairage public,Hors agglomération,Hors intersection,Normale,Deux véhicules - côté,,,,,,,,,,,3,1,1,1.0,3
201400005601,0014-12-09 15:30:00,14,12,9,15,30,30,200,,46.574,3.289,Plein jour,Hors agglomération,Hors intersection,Normale,Deux véhicules - frontale,,,,,,,,,,,1,1,1,1.0,1
201400005602,0014-07-16 18:15:00,14,7,16,18,15,30,320,,,,Plein jour,Hors agglomération,Hors intersection,Normale,Autre collision,,,,,,,,,,,1,1,1,1.0,6
201400005603,0014-11-07 16:15:00,14,11,7,16,15,30,155,Boulevard Gambetta,,,Plein jour,En agglomération,Hors intersection,Normale,Deux véhicules - côté,,,,,,,,,,,1,2,1,1.0,3
201400005604,0014-03-24 14:45:00,14,3,24,14,45,30,102,,,,Plein jour,Hors agglomération,Hors intersection,Normale,Trois véhicules et plus - en chaîne,,,,,,,,,,,1,1,1,1.0,4
201400005605,0014-03-24 14:30:00,14,3,24,14,30,30,173,,,,Plein jour,Hors agglomération,Hors intersection,Normale,Trois véhicules et plus - collisions multiples,,,,,,,,,,,1,1,1,1.0,5
201400005606,0014-03-25 13:45:00,14,3,25,13,45,30,102,,,,Plein jour,Hors agglomération,Hors intersection,Temps couvert,Trois véhicules et plus - en chaîne,,,,,,,,,,,1,1,1,8.0,4
201400005607,0014-04-01 00:45:00,14,4,1,0,45,30,265,,,,Nuit sans éclairage public,Hors agglomération,Hors intersection,Normale,Autre collision,,,,,,,,,,,3,1,1,1.0,6
201400005608,0014-04-04 18:15:00,14,4,4,18,15,30,86,,,,Plein jour,Hors agglomération,Hors intersection,Pluie forte,Deux véhicules - frontale,,,,,,,,,,,1,1,1,3.0,1
201400005609,0014-06-23 10:15:00,14,6,23,10,15,30,207,,,,Plein jour,Hors agglomération,Hors intersection,Normale,Deux véhicules - côté,,,,,,,,,,,1,1,1,1.0,3
201400005610,0014-06-25 13:00:00,14,6,25,13,0,30,265,le bourg,,,Plein jour,En agglomération,Hors intersection,Normale,Autre collision,,,,,,,,,,,1,2,1,1.0,6
201400005611,0014-07-15 10:15:00,14,7,15,10,15,30,253,,,,Plein jour,Hors agglomération,Hors intersection,Normale,Deux véhicules - frontale,,,,,,,,,,,1,1,1,1.0,1
201400005612,0014-09-06 18:00:00,14,9,6,18,0,30,253,,,,Plein jour,Hors agglomération,Intersection en X,Normale,Deux véhicules - côté,,,,,,,,,,,1,1,2,1.0,3
201400005613,0014-12-18 08:00:00,14,12,18,8,0,30,65,1 rue de moulins,46.41,3.313,Nuit sans éclairage public,En agglomération,Hors intersection,Normale,Autre collision,,,,,,,,,,,3,2,1,1.0,6
201400005614,0014-01-10 07:15:00,14,1,10,7,15,30,197,,46.495,3.402,Nuit sans éclairage public,Hors agglomération,Hors intersection,Normale,Sans collision,,,,,,,,,,,3,1,1,1.0,7
201400005615,0014-03-12 18:15:00,14,3,12,18,15,30,263,,,,Plein jour,Hors agglomération,Intersection en T,Normale,Deux véhicules - côté,,,,,,,,,,,1,1,3,1.0,3
201400005616,0014-05-10 09:30:00,14,5,10,9,30,30,156,,,,Plein jour,Hors agglomération,Hors intersection,Normale,Autre collision,,,,,,,,,,,1,1,1,1.0,6
201400005617,0014-05-20 20:00:00,14,5,20,20,0,30,114,,,,Plein jour,Hors agglomération,Hors intersection,Normale,Deux véhicules - côté,,,,,,,,,,,1,1,1,1.0,3
201400005618,0014-05-21 16:30:00,14,5,21,16,30,30,25,,,,Plein jour,Hors agglomération,Hors intersection,Normale,Trois véhicules et plus - collisions multiples,,,,,,,,,,,1,1,1,1.0,5
201400005619,0014-08-17 10:15:00,14,8,17,10,15,30,234,,,,Plein jour,Hors agglomération,Hors intersection,Normale,Deux véhicules - arrière,,,,,,,,,,,1,1,1,1.0,2
201400005620,0014-04-02 22:30:00,14,4,2,22,30,30,254,,,,Nuit sans éclairage public,Hors agglomération,Hors intersection,Normale,Deux véhicules - frontale,,,,,,,,,,,3,1,1,1.0,1
201400005621,0014-07-03 19:45:00,14,7,3,19,45,30,175,D22 rue du champ Charret,,,Plein jour,En agglomération,Hors intersection,Normale,Autre collision,,,,,,,,,,,1,2,1,1.0,6
201400005622,0014-11-15 16:45:00,14,11,15,16,45,30,49,,,,Plein jour,Hors agglomération,Hors intersection,Temps couvert,Autre collision,,,,,,,,,,,1,1,1,8.0,6
201400005623,0014-02-26 03:45:00,14,2,26,3,45,30,39,,46.457,3.23,Nuit sans éclairage public,Hors agglomération,Hors intersection,Pluie légère,Sans collision,,,,,,,,,,,3,1,1,2.0,7
201400005624,0014-03-09 17:00:00,14,3,9,17,0,30,65,,46.415,3.314,Plein jour,Hors agglomération,Hors intersection,Normale,Deux véhicules - arrière,,,,,,,,,,,1,1,1,1.0,2
201400005625,0014-03-16 10:30:00,14,3,16,10,30,30,247,,46.583,3.165,Plein jour,Hors agglomération,Hors intersection,Normale,Deux véhicules - côté,,,,,,,,,,,1,1,1,1.0,3
201400005626,0014-04-13 09:00:00,14,4,13,9,0,30,65,,46.434,3.316,Plein jour,Hors agglomération,Hors intersection,Normale,Sans collision,,,,,,,,,,,1,1,1,1.0,7
201400005627,0014-04-16 17:30:00,14,4,16,17,30,30,247,rue feuillin,46.588,3.161,Plein jour,En agglomération,Hors intersection,Normale,Trois véhicules et plus - collisions multiples,,,,,,,,,,,1,2,1,1.0,5
201400005628,0014-06-03 17:15:00,14,6,3,17,15,30,92,,46.451,3.184,Plein jour,Hors agglomération,Intersection en X,Normale,Deux véhicules - côté,,,,,,,,,,,1,1,2,1.0,3
201400005629,0014-06-06 08:15:00,14,6,6,8,15,30,26,,46.463,3.257,Plein jour,Hors agglomération,Hors intersection,Normale,Trois véhicules et plus - collisions multiples,,,,,,,,,,,1,1,1,1.0,5
201400005630,0014-06-13 10:30:00,14,6,13,10,30,30,260,,46.413,3.045,Plein jour,Hors agglomération,Hors intersection,Normale,Sans collision,,,,,,,,,,,1,1,1,1.0,7
201400005631,0014-06-28 14:45:00,14,6,28,14,45,30,65,RD 2009,46.408,3.312,Plein jour,En agglomération,Hors intersection,Normale,Autre collision,,,,,,,,,,,1,2,1,1.0,6
201400005632,0014-08-08 18:45:00,14,8,8,18,45,30,275,,46.541,3.204,Plein jour,Hors agglomération,Hors intersection,Temps couvert,Sans collision,,,,,,,,,,,1,1,1,8.0,7
201400005633,0014-12-05 21:00:00,14,12,5,21,0,30,73,,,,Nuit sans éclairage public,Hors agglomération,Autre intersection,Normale,Deux véhicules - côté,,,,,,,,,,,3,1,9,1.0,3
201400005634,0014-06-08 18:15:00,14,6,8,18,15,30,279,,,,Plein jour,Hors agglomération,Intersection en X,Temps éblouissant,Deux véhicules - arrière,,,,,,,,,,,1,1,2,7.0,2
201400005635,0014-07-27 15:00:00,14,7,27,15,0,30,259,,46.41,2.341,Plein jour,Hors agglomération,Intersection en T,Normale,Deux véhicules - frontale,,,,,,,,,,,1,1,3,1.0,1
201400005636,0014-05-10 16:45:00,14,5,10,16,45,30,37,CD 28,,,Plein jour,En agglomération,Intersection en X,Normale,Deux véhicules - côté,,,,,,,,,,,1,2,2,1.0,3
201400005637,0014-02-21 09:30:00,14,2,21,9,30,30,82,rue Emile male,,,Plein jour,En agglomération,Hors intersection,Normale,Deux véhicules - côté,,,,,,,,,,,1,2,1,1.0,3
201400005638,0014-10-14 10:30:00,14,10,14,10,30,30,82,place 14 Juillet,,,Plein jour,En agglomération,Hors intersection,Normale,Autre collision,,,,,,,,,,,1,2,1,1.0,6
201400005639,0014-11-15 12:00:00,14,11,15,12,0,30,82,,,,Plein jour,Hors agglomération,Intersection en X,Normale,Deux véhicules - côté,,,,,,,,,,,1,1,2,1.0,3
201400005640,0014-12-05 07:45:00,14,12,5,7,45,30,52,,,,Crépuscule ou aube,Hors agglomération,Hors intersection,Normale,Autre collision,,,,,,,,,,,2,1,1,1.0,6
201400005641,0014-12-09 10:30:00,14,12,9,10,30,30,82,Route de MALICORNE d69,,,Plein jour,En agglomération,Hors intersection,Temps couvert,Trois véhicules et plus - collisions multiples,,,,,,,,,,,1,2,1,8.0,5
201400005642,0014-07-20 19:15:00,14,7,20,19,15,30,186,,,,Plein jour,Hors agglomération,Hors intersection,Pluie légère,Trois véhicules et plus - collisions multiples,,,,,,,,,,,1,1,1,2.0,5
201400005643,0014-07-17 13:00:00,14,7,17,13,0,30,189,,,,Plein jour,Hors agglomération,Hors intersection,Normale,Deux véhicules - frontale,,,,,,,,,,,1,1,1,1.0,1
201400005644,0014-08-22 14:15:00,14,8,22,14,15,30,186,,,,Plein jour,Hors agglomération,Hors intersection,Normale,Deux véhicules - frontale,,,,,,,,,,,1,1,1,1.0,1
201400005645,0014-09-20 18:30:00,14,9,20,18,30,30,70,Le bourg,,,Plein jour,En agglomération,Hors intersection,Pluie forte,Autre collision,,,,,,,,,,,1,2,1,3.0,6
201400005646,0014-10-20 06:30:00,14,10,20,6,30,30,186,,,,Nuit avec éclairage allumé,En agglomération,Hors intersection,Normale,Deux véhicules - frontale,,,,,,,,,,,5,2,1,1.0,1
201400005647,0014-03-02 08:00:00,14,3,2,8,0,30,80,,,,Plein jour,Hors agglomération,Hors intersection,Normale,Autre collision,,,,,,,,,,,1,1,1,1.0,6
201400005648,0014-06-20 13:45:00,14,6,20,13,45,30,264,24 avenue de Vichy,,,Plein jour,En agglomération,Hors intersection,Normale,Deux véhicules - frontale,,,,,,,,,,,1,2,1,1.0,1
201400005649,0014-06-26 12:00:00,14,6,26,12,0,30,264,route de vichy,,,Plein jour,En agglomération,Hors intersection,Normale,Deux véhicules - côté,,,,,,,,,,,1,2,1,1.0,3
201400005650,0014-06-29 18:15:00,14,6,29,18,15,30,258,,,,Plein jour,Hors agglomération,Hors intersection,Temps couvert,Deux véhicules - arrière,,,,,,,,,,,1,1,1,8.0,2
201400005651,0014-07-03 18:15:00,14,7,3,18,15,30,174,16 rue du stade,,,Plein jour,En agglomération,Intersection en X,Normale,Deux véhicules - frontale,,,,,,,,,,,1,2,2,1.0,1
201400005652,0014-08-21 16:00:00,14,8,21,16,0,30,56,,,,Plein jour,Hors agglomération,Hors intersection,Normale,Sans collision,,,,,,,,,,,1,1,1,1.0,7
201400005653,0014-10-13 07:00:00,14,10,13,7,0,30,264,17 AVENUE DE VICHY,,,Crépuscule ou aube,En agglomération,Hors intersection,Temps couvert,Autre collision,,,,,,,,,,,2,2,1,8.0,6
201400005654,0014-05-04 02:30:00,14,5,4,2,30,30,118,rue andré cavard,,,Nuit avec éclairage non allumé,En agglomération,Hors intersection,Normale,Sans collision,,,,,,,,,,,4,2,1,1.0,7
201400005655,0014-05-08 18:45:00,14,5,8,18,45,30,220,,,,Plein jour,Hors agglomération,Hors intersection,Normale,Autre collision,,,,,,,,,,,1,1,1,1.0,6
201400005656,0014-07-14 17:15:00,14,7,14,17,15,30,78,,,,Plein jour,Hors agglomération,Hors intersection,Normale,Autre collision,,,,,,,,,,,1,1,1,1.0,6
201400005657,0014-07-28 11:30:00,14,7,28,11,30,30,43,,46.188,3.259,Plein jour,Hors agglomération,Hors intersection,Pluie forte,Trois véhicules et plus - collisions multiples,,,,,,,,,,,1,1,1,3.0,5
201400005658,0014-08-31 16:30:00,14,8,31,16,30,30,118,rue pierre villon,,,Plein jour,En agglomération,Hors intersection,Normale,Deux véhicules - côté,,,,,,,,,,,1,2,1,1.0,3
201400005659,0014-09-20 12:00:00,14,9,20,12,0,30,78,,,,Plein jour,En agglomération,Hors intersection,Normale,Sans collision,,,,,,,,,,,1,2,1,1.0,7
201400005660,0014-10-24 09:45:00,14,10,24,9,45,30,43,,,,Plein jour,Hors agglomération,Hors intersection,Temps éblouissant,Deux véhicules - côté,,,,,,,,,,,1,1,1,7.0,3
201400005661,0014-10-21 12:45:00,14,10,21,12,45,30,135,,,,Plein jour,Hors agglomération,Hors intersection,Normale,Autre collision,,,,,,,,,,,1,1,1,1.0,6
201400005662,0014-01-13 17:30:00,14,1,13,17,30,30,240,,46.676,3.096,Crépuscule ou aube,Hors agglomération,Hors intersection,Temps couvert,Deux véhicules - frontale,,,,,,,,,,,2,1,1,8.0,1
201400005663,0014-03-17 16:30:00,14,3,17,16,30,30,138,Marcel Bathier,,,Plein jour,En agglomération,Intersection en X,Normale,Deux véhicules - côté,,,,,,,,,,,1,2,2,1.0,3
201400005664,0014-04-20 12:00:00,14,4,20,12,0,30,105,,,,Plein jour,Hors agglomération,Hors intersection,Normale,Deux véhicules - frontale,,,,,,,,,,,1,1,1,1.0,1
201400005665,0014-05-24 05:45:00,14,5,24,5,45,30,272,,,,Crépuscule ou aube,Hors agglomération,Hors intersection,Normale,Sans collision,,,,,,,,,,,2,1,1,1.0,7
201400005666,0014-07-29 14:15:00,14,7,29,14,15,30,291,la brosse,,,Plein jour,En agglomération,Hors intersection,Pluie légère,Autre collision,,,,,,,,,,,1,2,1,2.0,6
201400005667,0014-08-19 14:00:00,14,8,19,14,0,30,132,,,,Plein jour,Hors agglomération,Hors intersection,Normale,Deux véhicules - frontale,,,,,,,,,,,1,1,1,1.0,1
201400005668,0014-08-21 12:15:00,14,8,21,12,15,30,138,,,,Plein jour,Hors agglomération,Hors intersection,Normale,Deux véhicules - frontale,,,,,,,,,,,1,1,1,1.0,1
201400005669,0014-08-23 08:45:00,14,8,23,8,45,30,178,,,,Plein jour,Hors agglomération,Hors intersection,Normale,Sans collision,,,,,,,,,,,1,1,1,1.0,7
201400005670,0014-06-24 19:00:00,14,6,24,19,0,30,165,,46.083,3.676,Plein jour,Hors agglomération,Hors intersection,Normale,Autre collision,,,,,,,,,,,1,1,1,1.0,6
201400005671,0014-10-22 10:45:00,14,10,22,10,45,30,42,,46.163,3.648,Plein jour,Hors agglomération,Hors intersection,Normale,Deux véhicules - côté,,,,,,,,,,,1,1,1,1.0,3
201400005672,0014-01-07 09:30:00,14,1,7,9,30,30,298,"17, rue Hôtel de ville",,,Plein jour,En agglomération,Hors intersection,Normale,Autre collision,,,,,,,,,,,1,2,1,1.0,6
201400005673,0014-03-18 16:00:00,14,3,18,16,0,30,187,,46.339,3.444,Plein jour,Hors agglomération,Intersection en X,Normale,Deux véhicules - côté,,,,,,,,,,,1,1,2,1.0,3
201400005674,0014-03-23 12:00:00,14,3,23,12,0,30,215,,46.294,3.463,Plein jour,Hors agglomération,Hors intersection,Normale,Sans collision,,,,,,,,,,,1,1,1,1.0,7
201400005675,0014-08-26 11:00:00,14,8,26,11,0,30,235,rue de Mars,,,Plein jour,Hors agglomération,Hors intersection,Normale,Autre collision,,,,,,,,,,,1,1,1,1.0,6
201400005676,0014-10-08 18:45:00,14,10,8,18,45,30,298,04 rue Claudius Tury,46.32,3.405,Plein jour,En agglomération,Intersection en T,Normale,Deux véhicules - frontale,,,,,,,,,,,1,2,3,1.0,1
201400005677,0014-11-08 09:30:00,14,11,8,9,30,30,298,avenue victor hugo,46.319,3.399,Plein jour,En agglomération,Hors intersection,Normale,Autre collision,,,,,,,,,,,1,2,1,1.0,6
201400005678,0014-12-27 18:45:00,14,12,27,18,45,30,91,,,,Nuit sans éclairage public,Hors agglomération,Hors intersection,Normale,Autre collision,,,,,,,,,,,3,1,1,1.0,6
201400005679,0014-03-02 15:15:00,14,3,2,15,15,150,267,,44.898,2.4,Plein jour,Hors agglomération,Hors intersection,Normale,Deux véhicules - côté,,,,,,,,,,,1,1,1,1.0,3
201400005680,0014-03-27 17:15:00,14,3,27,17,15,150,267,,44.922,2.398,Plein jour,Hors agglomération,Hors intersection,Normale,Autre collision,,,,,,,,,,,1,1,1,1.0,6
201400005681,0014-11-22 10:15:00,14,11,22,10,15,150,267,,,,Plein jour,Hors agglomération,Hors intersection,Normale,Trois véhicules et plus - collisions multiples,,,,,,,,,,,1,1,1,1.0,5
201400005682,0014-12-09 10:00:00,14,12,9,10,0,150,181,,44.702,2.217,Plein jour,Hors agglomération,Intersection en X,Normale,Deux véhicules - côté,,,,,,,,,,,1,1,2,1.0,3
201400005683,0014-06-16 19:00:00,14,6,16,19,0,150,156,,44.847,2.498,Plein jour,Hors agglomération,Hors intersection,Normale,Autre collision,,,,,,,,,,,1,1,1,1.0,6