accident_id,datetime,annee,mois,jour,heure,minute,departement,commune_insee,adresse,latitude,longitude,luminosite,agglomeration,intersection,meteo,collision,nb_vehicules,nb_usagers,nb_indemnes,nb_tues,nb_blesses_hosp,nb_blesses_legers,age_cond_1,age_cond_2,veh_type_cond_1,veh_type_cond_2,lum_code,agg_code,int_code,atm_code,col_code
201400005684,0014-11-16 17:15:00,14,11,16,17,15,150,134,Route d'Entraygues CD920,44.702,2.509,Crépuscule ou aube,En agglomération,Hors intersection,Pluie forte,Autre collision,,,,,,,,,,,2,2,1,3.0,6
201400005685,0014-01-10 07:45:00,14,1,10,7,45,150,28,,,,Plein jour,Hors agglomération,Hors intersection,Normale,Deux véhicules - frontale,,,,,,,,,,,1,1,1,1.0,1
201400005686,0014-02-09 09:00:00,14,2,9,9,0,150,154,,,,Plein jour,Hors agglomération,Hors intersection,Pluie légère,Deux véhicules - côté,,,,,,,,,,,1,1,1,2.0,3
201400005687,0014-02-21 11:00:00,14,2,21,11,0,150,252,,,,Plein jour,Hors agglomération,Hors intersection,Temps couvert,Autre collision,,,,,,,,,,,1,1,1,8.0,6
201400005688,0014-05-14 12:15:00,14,5,14,12,15,150,74,,,,Plein jour,Hors agglomération,Hors intersection,Normale,Deux véhicules - côté,,,,,,,,,,,1,1,1,1.0,3
201400005689,0014-05-24 22:00:00,14,5,24,22,0,150,28,,,,Nuit sans éclairage public,Hors agglomération,Hors intersection,Normale,Sans collision,,,,,,,,,,,3,1,1,1.0,7
201400005690,0014-06-09 17:00:00,14,6,9,17,0,150,58,Lieu dit MONTAMAT,,,Plein jour,En agglomération,Hors intersection,Normale,Sans collision,,,,,,,,,,,1,2,1,1.0,7
201400005691,0014-07-17 16:00:00,14,7,17,16,0,150,257,,,,Plein jour,Hors agglomération,Hors intersection,Normale,Sans collision,,,,,,,,,,,1,1,1,1.0,7
201400005692,0014-08-04 19:30:00,14,8,4,19,30,150,113,,,,Plein jour,Hors agglomération,Hors intersection,Normale,Autre collision,,,,,,,,,,,1,1,1,1.0,6
201400005693,0014-09-04 17:00:00,14,9,4,17,0,150,257,Le Bourg,,,Plein jour,En agglomération,Hors intersection,Normale,Autre collision,,,,,,,,,,,1,2,1,1.0,6
201400005694,0014-09-12 11:00:00,14,9,12,11,0,150,258,Place hotel de ville,,,Plein jour,En agglomération,Hors intersection,Normale,Autre collision,,,,,,,,,,,1,2,1,1.0,6
201400005695,0014-09-16 09:15:00,14,9,16,9,15,150,74,,44.933,2.486,Plein jour,Hors agglomération,Hors intersection,Normale,Deux véhicules - côté,,,,,,,,,,,1,1,1,1.0,3
201400005696,0014-11-17 18:30:00,14,11,17,18,30,150,266,,,,Nuit sans éclairage public,Hors agglomération,Hors intersection,Pluie légère,Trois véhicules et plus - collisions multiples,,,,,,,,,,,3,1,1,2.0,5
201400005697,0014-03-06 17:45:00,14,3,6,17,45,150,63,,45.185,2.379,Plein jour,Hors agglomération,Hors intersection,Normale,Autre collision,,,,,,,,,,,1,1,1,1.0,6
201400005698,0014-04-01 08:45:00,14,4,1,8,45,150,120,,45.24,2.357,Plein jour,Hors agglomération,Hors intersection,Normale,Deux véhicules - frontale,,,,,,,,,,,1,1,1,1.0,1
201400005699,0014-09-05 13:15:00,14,9,5,13,15,150,9,,45.263,2.691,Plein jour,Hors agglomération,Intersection en Y,Normale,Deux véhicules - frontale,,,,,,,,,,,1,1,4,1.0,1
201400005700,0014-02-24 15:15:00,14,2,24,15,15,150,202,,45.113,2.431,Plein jour,Hors agglomération,Hors intersection,Normale,Autre collision,,,,,,,,,,,1,1,1,1.0,6
201400005701,0014-10-23 14:00:00,14,10,23,14,0,150,202,,45.14,2.467,Plein jour,Hors agglomération,Hors intersection,Normale,Deux véhicules - frontale,,,,,,,,,,,1,1,1,1.0,1
201400005702,0014-05-13 16:45:00,14,5,13,16,45,150,265,,45.358,2.463,Plein jour,Hors agglomération,Intersection en X,Normale,Deux véhicules - côté,,,,,,,,,,,1,1,2,1.0,3
201400005703,0014-07-01 14:30:00,14,7,1,14,30,150,111,,,,Plein jour,Hors agglomération,Hors intersection,Temps couvert,Sans collision,,,,,,,,,,,1,1,1,8.0,7
201400005704,0014-10-20 18:00:00,14,10,20,18,0,150,265,,,,Plein jour,Hors agglomération,Hors intersection,Normale,Deux véhicules - côté,,,,,,,,,,,1,1,1,1.0,3
201400005705,0014-11-26 00:15:00,14,11,26,0,15,150,92,,45.45,2.541,Nuit sans éclairage public,Hors agglomération,Hors intersection,Temps couvert,Autre collision,,,,,,,,,,,3,1,1,8.0,6
201400005706,0014-06-16 17:00:00,14,6,16,17,0,150,188,ZI Le crozatier,45.034,3.136,Plein jour,En agglomération,Hors intersection,Normale,Autre collision,,,,,,,,,,,1,2,1,1.0,6
201400005707,0014-06-18 08:30:00,14,6,18,8,30,150,188,,45.012,3.117,Plein jour,Hors agglomération,Hors intersection,Normale,Autre collision,,,,,,,,,,,1,1,1,1.0,6
201400005708,0014-07-18 15:30:00,14,7,18,15,30,150,55,,,,Plein jour,Hors agglomération,Hors intersection,Normale,Sans collision,,,,,,,,,,,1,1,1,1.0,7
201400005709,0014-10-02 17:15:00,14,10,2,17,15,150,164,,45.061,3.014,Plein jour,Hors agglomération,Hors intersection,Normale,Autre collision,,,,,,,,,,,1,1,1,1.0,6
201400005710,0014-01-03 18:00:00,14,1,3,18,0,150,171,,45.173,2.976,Nuit sans éclairage public,Hors agglomération,Hors intersection,Pluie légère,Autre collision,,,,,,,,,,,3,1,1,2.0,6
201400005711,0014-03-26 12:00:00,14,3,26,12,0,150,119,,45.266,3.179,Plein jour,Hors agglomération,Hors intersection,Normale,Deux véhicules - frontale,,,,,,,,,,,1,1,1,1.0,1
201400005712,0014-04-09 06:45:00,14,4,9,6,45,150,119,,45.25,3.183,Crépuscule ou aube,Hors agglomération,Hors intersection,Normale,Sans collision,,,,,,,,,,,2,1,1,1.0,7
201400005713,0014-04-19 14:30:00,14,4,19,14,30,150,171,,45.204,2.939,Plein jour,Hors agglomération,Hors intersection,Normale,Autre collision,,,,,,,,,,,1,1,1,1.0,6
201400005714,0014-04-29 19:30:00,14,4,29,19,30,150,42,,,,Plein jour,Hors agglomération,Hors intersection,Temps couvert,Sans collision,,,,,,,,,,,1,1,1,8.0,7
201400005715,0014-07-17 18:45:00,14,7,17,18,45,150,141,,45.134,2.965,Plein jour,Hors agglomération,Intersection en T,Normale,Deux véhicules - côté,,,,,,,,,,,1,1,3,1.0,3
201400005716,0014-08-23 17:00:00,14,8,23,17,0,150,119,,45.239,3.176,Plein jour,Hors agglomération,Hors intersection,Normale,Sans collision,,,,,,,,,,,1,1,1,1.0,7
201400005717,0014-09-24 09:45:00,14,9,24,9,45,150,127,,45.206,3.091,Plein jour,Hors agglomération,Hors intersection,Normale,Deux véhicules - arrière,,,,,,,,,,,1,1,1,1.0,2
201400005718,0014-10-11 18:45:00,14,10,11,18,45,150,80,,,,Crépuscule ou aube,Hors agglomération,Hors intersection,Normale,Sans collision,,,,,,,,,,,2,1,1,1.0,7
201400005719,0014-11-09 14:45:00,14,11,9,14,45,150,151,,45.197,3.085,Plein jour,Hors agglomération,Hors intersection,Pluie légère,Deux véhicules - frontale,,,,,,,,,,,1,1,1,2.0,1
201400005720,0014-12-02 19:45:00,14,12,2,19,45,150,127,,,,Nuit sans éclairage public,Hors agglomération,Hors intersection,Pluie légère,Autre collision,,,,,,,,,,,3,1,1,2.0,6
201400005721,0014-01-21 14:30:00,14,1,21,14,30,150,61,,45.158,2.819,Plein jour,Hors agglomération,Hors intersection,Normale,Autre collision,,,,,,,,,,,1,1,1,1.0,6
201400005722,0014-04-14 18:00:00,14,4,14,18,0,150,138,,,,Plein jour,Hors agglomération,Autre intersection,Normale,Deux véhicules - frontale,,,,,,,,,,,1,1,9,1.0,1
201400005723,0014-05-20 17:15:00,14,5,20,17,15,150,138,croix jolie,,,Plein jour,En agglomération,Hors intersection,Normale,Autre collision,,,,,,,,,,,1,2,1,1.0,6
201400005724,0014-02-06 19:30:00,14,2,6,19,30,430,18,LE BOURG,45.0091,3.77424,Nuit avec éclairage allumé,En agglomération,Hors intersection,Vent fort / tempête,Autre collision,,,,,,,,,,,5,2,1,6.0,6
201400005725,0014-03-15 18:30:00,14,3,15,18,30,430,221,"LIEU-DIT ""LES CAVES""",44.9733,3.66627,Plein jour,Hors agglomération,Hors intersection,Normale,Autre collision,,,,,,,,,,,1,1,1,1.0,6
201400005726,0014-08-07 12:00:00,14,8,7,12,0,430,39,BIZAC,44.9334,3.84479,Plein jour,Hors agglomération,Hors intersection,Normale,Deux véhicules - frontale,,,,,,,,,,,1,1,1,1.0,1
201400005727,0014-08-19 22:30:00,14,8,19,22,30,430,39,RTE D'USSEL,44.8889,3.86752,Nuit sans éclairage public,Hors agglomération,Hors intersection,Normale,Autre collision,,,,,,,,,,,3,1,1,1.0,6
201400005728,0014-09-01 13:45:00,14,9,1,13,45,430,215,X,44.8151,3.87552,Plein jour,Hors agglomération,Hors intersection,Normale,Deux véhicules - frontale,,,,,,,,,,,1,1,1,1.0,1
201400005729,0014-10-08 00:30:00,14,10,8,0,30,430,241,X,44.9714,3.9088,Nuit sans éclairage public,Hors agglomération,Hors intersection,Pluie légère,Autre collision,,,,,,,,,,,3,1,1,2.0,6
201400005730,0014-10-27 20:45:00,14,10,27,20,45,430,145,REMIGERE HAUTE,44.9161,3.74932,Crépuscule ou aube,Hors agglomération,Hors intersection,Normale,Autre collision,,,,,,,,,,,2,1,1,1.0,6
201400005731,0014-10-31 16:45:00,14,10,31,16,45,430,84,"""LES BARAQUES""",44.99,3.86425,Plein jour,En agglomération,Hors intersection,Normale,Autre collision,,,,,,,,,,,1,2,1,1.0,6
201400005732,0014-02-08 21:30:00,14,2,8,21,30,430,23,PT DE L'ARZON,45.2745,3.82007,Nuit sans éclairage public,Hors agglomération,Hors intersection,Pluie légère,Autre collision,,,,,,,,,,,3,1,1,2.0,6
201400005733,0014-03-04 10:30:00,14,3,4,10,30,430,128,X,45.3442,3.72168,Plein jour,Hors agglomération,Hors intersection,Neige / grêle,Autre collision,,,,,,,,,,,1,1,1,4.0,6
201400005734,0014-03-09 17:30:00,14,3,9,17,30,430,48,"LIEU-DIT ""LA PLENIDE""",45.326,3.69071,Plein jour,Hors agglomération,Hors intersection,Normale,Autre collision,,,,,,,,,,,1,1,1,1.0,6
201400005735,0014-03-12 17:30:00,14,3,12,17,30,430,93,SEMBADEL-GARE,45.2765,3.72625,Plein jour,En agglomération,Hors intersection,Normale,Deux véhicules - frontale,,,,,,,,,,,1,2,1,1.0,1
201400005736,0014-06-18 15:30:00,14,6,18,15,30,430,93,CHAMBORNE,45.2871,3.75403,Plein jour,Hors agglomération,Intersection en T,Pluie forte,Deux véhicules - côté,,,,,,,,,,,1,1,3,3.0,3
201400005737,0014-07-27 02:00:00,14,7,27,2,0,430,80,ROUTE DE LA CHAISE DIEU,45.3298,3.84121,Nuit avec éclairage allumé,En agglomération,Intersection en T,Normale,Sans collision,,,,,,,,,,,5,2,3,1.0,7
201400005738,0014-10-28 09:15:00,14,10,28,9,15,430,95,X,45.1402,3.67467,Plein jour,Hors agglomération,Hors intersection,Normale,Autre collision,,,,,,,,,,,1,1,1,1.0,6
201400005739,0014-02-03 10:45:00,14,2,3,10,45,430,91,X,44.9047,4.14644,Plein jour,Hors agglomération,Hors intersection,Temps éblouissant,Deux véhicules - frontale,,,,,,,,,,,1,1,1,7.0,1
201400005740,0014-02-28 10:15:00,14,2,28,10,15,430,144,"LIEU-DIT ""LE MOULINOU""",44.9388,4.10745,Plein jour,Hors agglomération,Hors intersection,Neige / grêle,Deux véhicules - côté,,,,,,,,,,,1,1,1,4.0,3
201400005741,0014-04-21 06:00:00,14,4,21,6,0,430,150,,45.0934,4.05581,Crépuscule ou aube,Hors agglomération,Hors intersection,Pluie légère,Autre collision,,,,,,,,,,,2,1,1,2.0,6
201400005742,0014-07-03 02:00:00,14,7,3,2,0,430,194,VERS LE CIMETIERE,45.0695,4.04171,Nuit sans éclairage public,Hors agglomération,Hors intersection,Normale,Deux véhicules - côté,,,,,,,,,,,3,1,1,1.0,3
201400005743,0014-07-24 18:00:00,14,7,24,18,0,430,190,LIEU-DIT LE MOULIN NEUF,45.0202,4.00479,Plein jour,Hors agglomération,Hors intersection,Normale,Deux véhicules - côté,,,,,,,,,,,1,1,1,1.0,3
201400005744,0014-08-15 19:15:00,14,8,15,19,15,430,194,X,45.0811,4.05241,Plein jour,Hors agglomération,Hors intersection,Normale,Deux véhicules - frontale,,,,,,,,,,,1,1,1,1.0,1
201400005745,0014-08-28 11:30:00,14,8,28,11,30,430,135,LE MOULIN BAS,44.9313,4.02189,Plein jour,Hors agglomération,Hors intersection,Normale,Deux véhicules - frontale,,,,,,,,,,,1,1,1,1.0,1
201400005746,0014-09-29 19:45:00,14,9,29,19,45,430,53,"LIEU-DIT""LES ARDENNES""",45.0287,4.11266,Nuit sans éclairage public,Hors agglomération,Hors intersection,Normale,Autre collision,,,,,,,,,,,3,1,1,1.0,6
201400005747,0014-10-05 11:15:00,14,10,5,11,15,430,78,MAGNORE,45.0112,3.93728,Plein jour,Hors agglomération,Hors intersection,Normale,Autre collision,,,,,,,,,,,1,1,1,1.0,6
201400005748,0014-10-02 18:00:00,14,10,2,18,0,430,135,AVENUE LAURENT EYNAC,44.9368,3.99656,Plein jour,En agglomération,Intersection en T,Normale,Deux véhicules - côté,,,,,,,,,,,1,2,3,1.0,3
201400005749,0014-12-03 08:30:00,14,12,3,8,30,430,98,X,44.9279,4.07081,Plein jour,Hors agglomération,Hors intersection,Neige / grêle,Autre collision,,,,,,,,,,,1,1,1,4.0,6
201400005750,0014-01-04 11:45:00,14,1,4,11,45,430,124,"LIEU-DIT ""LA CHAZOTTE""",45.098,3.78037,Plein jour,Hors agglomération,Hors intersection,Pluie légère,Deux véhicules - côté,,,,,,,,,,,1,1,1,2.0,3
201400005751,0014-01-09 12:30:00,14,1,9,12,30,430,140,X,45.0767,3.9118,Plein jour,Hors agglomération,Hors intersection,Normale,Autre collision,,,,,,,,,,,1,1,1,1.0,6
201400005752,0014-03-02 19:00:00,14,3,2,19,0,430,152,"LIEU-DIT ""ROCHELIMAGNE""",45.092,3.85516,Nuit sans éclairage public,Hors agglomération,Hors intersection,Normale,Autre collision,,,,,,,,,,,3,1,1,1.0,6
201400005753,0014-04-04 09:45:00,14,4,4,9,45,430,124,"LIEU-DIT ""LA CHAZOTTE""",45.098,3.78037,Plein jour,Hors agglomération,Hors intersection,Normale,Autre collision,,,,,,,,,,,1,1,1,1.0,6
201400005754,0014-06-18 14:30:00,14,6,18,14,30,430,152,CHANCEAUX,45.0931,3.86954,Plein jour,Hors agglomération,Hors intersection,Normale,Deux véhicules - frontale,,,,,,,,,,,1,1,1,1.0,1
201400005755,0014-07-23 04:00:00,14,7,23,4,0,430,230,LA RIBEYRE,45.1686,3.92921,Nuit sans éclairage public,Hors agglomération,Hors intersection,Pluie légère,Autre collision,,,,,,,,,,,3,1,1,2.0,6
201400005756,0014-10-18 14:30:00,14,10,18,14,30,430,49,"LIEU-DIT ""BERNARD""",45.207,3.99362,Plein jour,Hors agglomération,Intersection en T,Normale,Deux véhicules - côté,,,,,,,,,,,1,1,3,1.0,3
201400005757,0014-09-12 14:15:00,14,9,12,14,15,430,131,"LIEU DIT ""BACOU""",45.1887,3.56838,Plein jour,Hors agglomération,Hors intersection,Normale,Autre collision,,,,,,,,,,,1,1,1,1.0,6
201400005758,0014-04-03 15:30:00,14,4,3,15,30,430,112,LA COTE DES CHENES,,,Plein jour,Hors agglomération,Hors intersection,Normale,Autre collision,,,,,,,,,,,1,1,1,1.0,6
201400005759,0014-04-06 04:30:00,14,4,6,4,30,430,60,"LIEU-DIT ""LA PENIDE""",45.0273,3.54388,Nuit sans éclairage public,Hors agglomération,Hors intersection,Normale,Autre collision,,,,,,,,,,,3,1,1,1.0,6
201400005760,0014-04-08 12:15:00,14,4,8,12,15,430,132,X,45.1423,3.56786,Plein jour,Hors agglomération,Hors intersection,Normale,Deux véhicules - côté,,,,,,,,,,,1,1,1,1.0,3
201400005761,0014-04-10 17:30:00,14,4,10,17,30,430,132,CC LE BOISSET,45.1058,3.52161,Plein jour,Hors agglomération,Intersection en T,Normale,Deux véhicules - frontale,,,,,,,,,,,1,1,3,1.0,1
201400005762,0014-05-12 11:15:00,14,5,12,11,15,430,94,X,45.0956,3.40503,Plein jour,Hors agglomération,Hors intersection,Normale,Deux véhicules - frontale,,,,,,,,,,,1,1,1,1.0,1
201400005763,0014-07-15 11:45:00,14,7,15,11,45,430,112,PT DE COSTET,45.1011,3.49748,Plein jour,Hors agglomération,Hors intersection,Normale,Autre collision,,,,,,,,,,,1,1,1,1.0,6
201400005764,0014-11-14 18:15:00,14,11,14,18,15,430,220,"LIEU-DIT ""FREYCENET""",44.9156,3.59197,Crépuscule ou aube,Hors agglomération,Hors intersection,Pluie légère,Autre collision,,,,,,,,,,,2,1,1,2.0,6
201400005765,0014-12-06 15:15:00,14,12,6,15,15,430,185,AVENUE GRANDE BRETAGNE,45.4051,3.31802,Plein jour,En agglomération,Intersection en T,Pluie légère,Deux véhicules - frontale,,,,,,,,,,,1,2,3,2.0,1
201400005766,0014-12-12 01:45:00,14,12,12,1,45,430,258,LIEU-DIT BERGOIDE,,,Nuit sans éclairage public,En agglomération,Hors intersection,Normale,Autre collision,,,,,,,,,,,3,2,1,1.0,6
201400005767,0014-12-19 20:30:00,14,12,19,20,30,430,170,X,45.2736,3.29946,Nuit sans éclairage public,Hors agglomération,Intersection en X,Normale,Trois véhicules et plus - collisions multiples,,,,,,,,,,,3,1,2,1.0,5
201400005768,0014-01-09 11:30:00,14,1,9,11,30,430,268,"LIEU-DIT ""LIVIGNAC""",45.1289,4.14379,Plein jour,Hors agglomération,Hors intersection,Normale,Deux véhicules - frontale,,,,,,,,,,,1,1,1,1.0,1
201400005769,0014-01-10 17:45:00,14,1,10,17,45,430,268,AV. GEORGES CLEMENCEAUX,45.1436,4.12167,Nuit avec éclairage allumé,En agglomération,Intersection en T,Normale,Deux véhicules - côté,,,,,,,,,,,5,2,3,1.0,3
201400005770,0014-01-12 14:30:00,14,1,12,14,30,430,25,CHM ARTAUD,,,Plein jour,Hors agglomération,Hors intersection,Temps couvert,Deux véhicules - frontale,,,,,,,,,,,1,1,1,8.0,1
201400005771,0014-04-04 13:45:00,14,4,4,13,45,430,268,PT DE L'ENCEINTE,45.1626,4.17005,Plein jour,En agglomération,Hors intersection,Pluie légère,Sans collision,,,,,,,,,,,1,2,1,2.0,7
201400005772,0014-07-12 06:30:00,14,7,12,6,30,430,268,"LIEU-DIT ""LE FROMENTAL""",45.1485,4.11998,Crépuscule ou aube,Hors agglomération,Hors intersection,Normale,Deux véhicules - frontale,,,,,,,,,,,2,1,1,1.0,1
201400005773,0014-07-24 16:45:00,14,7,24,16,45,430,102,"LIEU-DIT ""RABISSON""",45.1724,4.18699,Plein jour,Hors agglomération,Intersection en X,Normale,Deux véhicules - côté,,,,,,,,,,,1,1,2,1.0,3
201400005774,0014-10-29 18:30:00,14,10,29,18,30,430,268,AVENUE DU 8 MAI 1945,45.1486,4.12866,Nuit avec éclairage allumé,En agglomération,Intersection en T,Normale,Deux véhicules - frontale,,,,,,,,,,,5,2,3,1.0,1
201400005775,0014-01-05 14:00:00,14,1,5,14,0,430,20,RUE ST ROCH,,,Plein jour,En agglomération,Hors intersection,Normale,Autre collision,,,,,,,,,,,1,2,1,1.0,6
201400005776,0014-01-08 18:45:00,14,1,8,18,45,430,137,AVENUE DE LA GARE,,,Nuit avec éclairage allumé,En agglomération,Intersection en T,Normale,Deux véhicules - arrière,,,,,,,,,,,5,2,3,1.0,2
201400005777,0014-02-15 11:15:00,14,2,15,11,15,430,212,"LIEU-DIT ""BRANDY HAUT""",45.3548,3.92639,Plein jour,Hors agglomération,Hors intersection,Temps couvert,Autre collision,,,,,,,,,,,1,1,1,8.0,6
201400005778,0014-04-15 18:45:00,14,4,15,18,45,430,12,AV DE FIRMINY/PL DE LA L,45.3706,4.20579,Plein jour,En agglomération,Intersection en T,Normale,Deux véhicules - côté,,,,,,,,,,,1,2,3,1.0,3
201400005779,0014-05-21 13:45:00,14,5,21,13,45,430,20,8 RTE DE BEAUZAC,,,Plein jour,En agglomération,Hors intersection,Vent fort / tempête,Autre collision,,,,,,,,,,,1,2,1,6.0,6
201400005780,0014-08-02 05:15:00,14,8,2,5,15,430,20,AVENUE DE VISSAGUET,,,Nuit avec éclairage allumé,En agglomération,Hors intersection,Normale,Deux véhicules - frontale,,,,,,,,,,,5,2,1,1.0,1
201400005781,0014-10-04 18:30:00,14,10,4,18,30,430,12,RUE DE LA LOIRE,,,Plein jour,Hors agglomération,Hors intersection,Normale,Deux véhicules - frontale,,,,,,,,,,,1,1,1,1.0,1
201400005782,0014-12-29 19:15:00,14,12,29,19,15,430,137,AV DU 11 NOVEMBRE,,,Nuit avec éclairage allumé,En agglomération,Intersection en X,Neige / grêle,Deux véhicules - frontale,,,,,,,,,,,5,2,2,4.0,1
201400005783,0014-07-24 11:00:00,14,7,24,11,0,430,223,"LIEU-DIT ""LE CANARD""",45.2544,4.36596,Plein jour,Hors agglomération,Hors intersection,Brouillard / fumée,Deux véhicules - côté,,,,,,,,,,,1,1,1,5.0,3
201400005784,0014-09-25 07:15:00,14,9,25,7,15,430,153,4 RUE DE LA GARE,,,Crépuscule ou aube,En agglomération,Intersection en T,Normale,Deux véhicules - côté,,,,,,,,,,,2,2,3,1.0,3
201400005785,0014-01-23 18:15:00,14,1,23,18,15,430,102,X,45.1691,4.20477,Nuit sans éclairage public,Hors agglomération,Hors intersection,Normale,Deux véhicules - frontale,,,,,,,,,,,3,1,1,1.0,1
201400005786,0014-04-05 23:00:00,14,4,5,23,0,430,51,LE FLACHET,45.0886,4.3153,Nuit sans éclairage public,Hors agglomération,Hors intersection,Normale,Autre collision,,,,,,,,,,,3,1,1,1.0,6
201400005787,0014-06-12 13:45:00,14,6,12,13,45,430,130,X,45.031,4.22447,Plein jour,Hors agglomération,Intersection en Y,Normale,Deux véhicules - côté,,,,,,,,,,,1,1,4,1.0,3
201400005788,0014-06-22 15:00:00,14,6,22,15,0,430,114,X,45.1659,4.2274,Plein jour,Hors agglomération,Intersection en X,Normale,Deux véhicules - côté,,,,,,,,,,,1,1,2,1.0,3
201400005789,0014-06-28 17:00:00,14,6,28,17,0,430,51,LES BARANDONS,45.069,4.32817,Plein jour,Hors agglomération,Intersection en Y,Normale,Deux véhicules - côté,,,,,,,,,,,1,1,4,1.0,3
201400005790,0014-07-21 06:45:00,14,7,21,6,45,430,51,"LIEU-DIT ""LE CHAMP""",45.0398,4.34154,Crépuscule ou aube,Hors agglomération,Hors intersection,Pluie forte,Autre collision,,,,,,,,,,,2,1,1,3.0,6
201400005791,0014-09-07 16:45:00,14,9,7,16,45,430,163,LE MIRAIL,45.2165,4.38324,Plein jour,Hors agglomération,Hors intersection,Normale,Autre collision,,,,,,,,,,,1,1,1,1.0,6
201400005792,0014-11-30 21:15:00,14,11,30,21,15,430,244,LA PEPINIERE DIGONNET,45.1303,4.29344,Nuit sans éclairage public,Hors agglomération,Hors intersection,Brouillard / fumée,Deux véhicules - frontale,,,,,,,,,,,3,1,1,5.0,1
201400005793,0014-01-16 18:55:00,14,1,16,18,55,30,185,"1, THOMAS ( AVENUE ALBER",,,Nuit avec éclairage allumé,En agglomération,Intersection en T,Normale,Deux véhicules - côté,,,,,,,,,,,5,2,3,1.0,3
201400005794,0014-02-17 22:20:00,14,2,17,22,20,30,185,"50, MISCAILLOUX ( RUE )",,,Nuit avec éclairage allumé,En agglomération,Hors intersection,Normale,Deux véhicules - frontale,,,,,,,,,,,5,2,1,1.0,1
201400005795,0014-02-27 19:35:00,14,2,27,19,35,30,185,"27, PEGUY ( RUE CHARLES",,,Nuit avec éclairage allumé,En agglomération,Intersection en X,Pluie légère,Deux véhicules - côté,,,,,,,,,,,5,2,2,2.0,3
201400005796,0014-03-07 21:15:00,14,3,7,21,15,30,185,"sans, BEAULIEU ( RUE DE",,,Nuit avec éclairage allumé,En agglomération,Intersection en X,Normale,Deux véhicules - côté,,,,,,,,,,,5,2,2,1.0,3
201400005797,0014-03-07 21:45:00,14,3,7,21,45,30,185,"sans, PAIX ( RUE DE LA )",,,Nuit avec éclairage allumé,En agglomération,Intersection en T,Normale,Deux véhicules - côté,,,,,,,,,,,5,2,3,1.0,3
201400005798,0014-03-10 10:50:00,14,3,10,10,50,30,185,"174, DE GAULLE ( AVENUE",,,Plein jour,En agglomération,Hors intersection,Normale,Autre collision,,,,,,,,,,,1,2,1,1.0,6
201400005799,0014-03-15 00:50:00,14,3,15,0,50,30,185,"sans, FAUBOURG SAINT - P",,,Nuit avec éclairage allumé,En agglomération,Intersection en X,Normale,Autre collision,,,,,,,,,,,5,2,2,1.0,6
201400005800,0014-03-26 11:05:00,14,3,26,11,5,30,185,"147, REPUBLIQUE ( AV. DE",,,Plein jour,En agglomération,Hors intersection,Normale,Autre collision,,,,,,,,,,,1,2,1,1.0,6
201400005801,0014-04-08 14:00:00,14,4,8,14,0,30,101,"1, BROSSE TEMPETE ( RUE",,,Plein jour,En agglomération,Hors intersection,Normale,Autre collision,,,,,,,,,,,1,2,1,1.0,6
201400005802,0014-04-20 21:30:00,14,4,20,21,30,30,185,"sans, RUE CHARLES TILLON",,,Nuit avec éclairage allumé,En agglomération,Hors intersection,Pluie légère,Autre collision,,,,,,,,,,,5,2,1,2.0,6
201400005803,0014-05-04 16:50:00,14,5,4,16,50,30,101,Avenue des Martyrs,,,Plein jour,Hors agglomération,Hors intersection,Normale,Deux véhicules - frontale,,,,,,,,,,,1,1,1,1.0,1
201400005804,0014-05-22 22:45:00,14,5,22,22,45,30,101,"100, CHALAIS ( RUE DU DO",,,Nuit avec éclairage non allumé,En agglomération,Hors intersection,Normale,Autre collision,,,,,,,,,,,4,2,1,1.0,6
201400005805,0014-05-26 07:20:00,14,5,26,7,20,30,101,"sans, CD943",,,Plein jour,Hors agglomération,Intersection en X,Normale,Deux véhicules - côté,,,,,,,,,,,1,1,2,1.0,3
201400005806,0014-07-08 17:40:00,14,7,8,17,40,30,185,GUINEBERTS ( AVENUE DES,,,Plein jour,En agglomération,Giratoire,Normale,Deux véhicules - côté,,,,,,,,,,,1,2,6,1.0,3
201400005807,0014-07-27 18:28:00,14,7,27,18,28,30,98,"80, STALINGRAD ( AVENUE",,,Plein jour,En agglomération,Hors intersection,Normale,Autre collision,,,,,,,,,,,1,2,1,1.0,6
201400005808,0014-07-28 08:45:00,14,7,28,8,45,30,185,"85, THOMAS ( AVENUE ALBE",,,Plein jour,En agglomération,Hors intersection,Pluie légère,Autre collision,,,,,,,,,,,1,2,1,2.0,6
201400005809,0014-07-30 08:05:00,14,7,30,8,5,30,185,"16, RAQUIN ( RUE )",,,Plein jour,En agglomération,Hors intersection,Normale,Autre collision,,,,,,,,,,,1,2,1,1.0,6
201400005810,0014-08-16 15:45:00,14,8,16,15,45,30,185,KENNEDY ( AVENUE JOHN ),,,Plein jour,En agglomération,Intersection en T,Normale,Deux véhicules - côté,,,,,,,,,,,1,2,3,1.0,3
201400005811,0014-08-19 20:10:00,14,8,19,20,10,30,185,"sans, BARATHON ( RUE )",,,Plein jour,En agglomération,Intersection en X,Normale,Deux véhicules - côté,,,,,,,,,,,1,2,2,1.0,3
201400005812,0014-09-05 18:45:00,14,9,5,18,45,30,185,"sans, CHAUME ( RUE DE LA",,,Plein jour,En agglomération,Intersection en X,Normale,Deux véhicules - côté,,,,,,,,,,,1,2,2,1.0,3