accident_id,datetime,annee,mois,jour,heure,minute,departement,commune_insee,adresse,latitude,longitude,luminosite,agglomeration,intersection,meteo,collision,nb_vehicules,nb_usagers,nb_indemnes,nb_tues,nb_blesses_hosp,nb_blesses_legers,age_cond_1,age_cond_2,veh_type_cond_1,veh_type_cond_2,lum_code,agg_code,int_code,atm_code,col_code
201400005813,0014-09-09 07:40:00,14,9,9,7,40,30,185,"107, REPUBLIQUE ( AV. DE",,,Plein jour,En agglomération,Hors intersection,Pluie légère,Autre collision,,,,,,,,,,,1,2,1,2.0,6
201400005814,0014-09-14 17:05:00,14,9,14,17,5,30,101,"15, PERELLE ( RUE DE LA",,,Plein jour,En agglomération,Hors intersection,Normale,Autre collision,,,,,,,,,,,1,2,1,1.0,6
201400005815,0014-09-25 09:55:00,14,9,25,9,55,30,185,"sans, NEGRE ( AVENUE JEA",,,Plein jour,En agglomération,Intersection en X,Normale,Deux véhicules - côté,,,,,,,,,,,1,2,2,1.0,3
201400005816,0014-10-18 19:40:00,14,10,18,19,40,30,101,JAURES ( RUE JEAN ),,,Nuit avec éclairage allumé,En agglomération,Hors intersection,Normale,Autre collision,,,,,,,,,,,5,2,1,1.0,6
201400005817,0014-10-30 22:05:00,14,10,30,22,5,30,140,VILLEBRET (ROUTE DE ),,,Nuit sans éclairage public,Hors agglomération,Hors intersection,Normale,Autre collision,,,,,,,,,,,3,1,1,1.0,6
201400005818,0014-11-03 18:10:00,14,11,3,18,10,30,185,"sans, REPUBLIQUE ( AV. D",,,Nuit avec éclairage allumé,En agglomération,Intersection en X,Normale,Deux véhicules - côté,,,,,,,,,,,5,2,2,1.0,3
201400005819,0014-11-21 21:15:00,14,11,21,21,15,30,101,"sans, HUGO ( BOULEVARD V",,,Nuit avec éclairage allumé,En agglomération,Hors intersection,Normale,Autre collision,,,,,,,,,,,5,2,1,1.0,6
201400005820,0014-12-05 15:20:00,14,12,5,15,20,30,101,RN 145,,,Plein jour,Hors agglomération,Hors intersection,Normale,Deux véhicules - arrière,,,,,,,,,,,1,1,1,1.0,2
201400005821,0014-09-18 17:50:00,14,9,18,17,50,30,190,PARIS (ROUTE ET RUE),,,Crépuscule ou aube,En agglomération,Intersection en T,Pluie forte,Autre collision,,,,,,,,,,,2,2,3,3.0,6
201400005822,0014-02-02 14:05:00,14,2,2,14,5,30,13,COUASSE (LA),,,Plein jour,Hors agglomération,Intersection en T,Normale,Deux véhicules - côté,,,,,,,,,,,1,1,3,1.0,3
201400005823,0014-01-23 18:40:00,14,1,23,18,40,30,321,VIDAL (RUE JEAN),,,Nuit avec éclairage allumé,En agglomération,Hors intersection,Pluie forte,Autre collision,,,,,,,,,,,5,2,1,3.0,6
201400005824,0014-02-04 16:10:00,14,2,4,16,10,30,190,"11, COURTAIS (BOULEVARD",,,Plein jour,En agglomération,Hors intersection,Normale,Autre collision,,,,,,,,,,,1,2,1,1.0,6
201400005825,0014-02-13 15:30:00,14,2,13,15,30,30,190,ROCHE (RUE ACHILLE),,,Plein jour,En agglomération,Intersection en Y,Normale,Deux véhicules - côté,,,,,,,,,,,1,2,4,1.0,3
201400005826,0014-03-19 18:35:00,14,3,19,18,35,30,190,"13, GAMBETTA (RUE)",,,Plein jour,En agglomération,Autre intersection,Normale,Autre collision,,,,,,,,,,,1,2,9,1.0,6
201400005827,0014-04-26 08:50:00,14,4,26,8,50,30,190,"16, MONTILLY (ROUTE DE)",,,Plein jour,En agglomération,Hors intersection,Normale,Autre collision,,,,,,,,,,,1,2,1,1.0,6
201400005828,0014-05-27 17:35:00,14,5,27,17,35,30,190,"89, LYON (ROUTE DE)",,,Plein jour,En agglomération,Hors intersection,Normale,Deux véhicules - côté,,,,,,,,,,,1,2,1,1.0,3
201400005829,0014-06-04 08:45:00,14,6,4,8,45,30,321,FRATERNITE (ROND POINT D,,,Plein jour,En agglomération,Giratoire,Pluie forte,Deux véhicules - côté,,,,,,,,,,,1,2,6,3.0,3
201400005830,0014-07-17 11:30:00,14,7,17,11,30,30,321,RANCY (RUE DE ),,,Plein jour,En agglomération,Intersection en Y,Normale,Deux véhicules - côté,,,,,,,,,,,1,2,4,1.0,3
201400005831,0014-08-23 11:30:00,14,8,23,11,30,30,321,BRIAND (RUE ARISTIDE),,,Plein jour,En agglomération,Intersection en X,Normale,Deux véhicules - frontale,,,,,,,,,,,1,2,2,1.0,1
201400005832,0014-10-03 18:15:00,14,10,3,18,15,30,321,MILLEPERTUIS (RUE DE),,,Plein jour,Hors agglomération,Hors intersection,Normale,Deux véhicules - frontale,,,,,,,,,,,1,1,1,1.0,1
201400005833,0014-11-27 15:10:00,14,11,27,15,10,30,13,"02, GUYNEMER (RUE)",,,Plein jour,En agglomération,Hors intersection,Normale,Autre collision,,,,,,,,,,,1,2,1,1.0,6
201400005834,0014-09-08 16:30:00,14,9,8,16,30,30,321,RN7 ECHANGEUR 46,,,Plein jour,Hors agglomération,Hors intersection,Normale,Autre collision,,,,,,,,,,,1,1,1,1.0,6
201400005835,0014-09-06 10:08:00,14,9,6,10,8,30,190,"10, SIX FRERES (RUE DES)",,,Plein jour,En agglomération,Hors intersection,Normale,Autre collision,,,,,,,,,,,1,2,1,1.0,6
201400005836,0014-09-11 18:20:00,14,9,11,18,20,30,190,"13, LYON (ROUTE DE)",,,Plein jour,En agglomération,Hors intersection,Normale,Trois véhicules et plus - collisions multiples,,,,,,,,,,,1,2,1,1.0,5
201400005837,0014-01-26 14:15:00,14,1,26,14,15,570,543,,,,Plein jour,Hors agglomération,Hors intersection,Normale,Deux véhicules - côté,,,,,,,,,,,1,1,1,1.0,3
201400005838,0014-01-31 17:45:00,14,1,31,17,45,570,543,,,,Crépuscule ou aube,Hors agglomération,Hors intersection,Normale,Autre collision,,,,,,,,,,,2,1,1,1.0,6
201400005839,0014-02-13 09:45:00,14,2,13,9,45,570,17,rue de la pariotte,,,Plein jour,En agglomération,Hors intersection,Pluie forte,Deux véhicules - côté,,,,,,,,,,,1,2,1,3.0,3
201400005840,0014-05-12 23:45:00,14,5,12,23,45,570,543,rue de verdun,,,Nuit avec éclairage allumé,En agglomération,Hors intersection,Pluie légère,Deux véhicules - côté,,,,,,,,,,,5,2,1,2.0,3
201400005841,0014-05-27 10:15:00,14,5,27,10,15,570,620,28 AVENUE GAMBETTA,49.19153,6.00514,Plein jour,En agglomération,Giratoire,Normale,Autre collision,,,,,,,,,,,1,2,6,1.0,6
201400005842,0014-05-30 22:00:00,14,5,30,22,0,570,481,11 rue du gal de gaulle,49.21731,6.02217,Nuit avec éclairage allumé,En agglomération,Hors intersection,Normale,Sans collision,,,,,,,,,,,5,2,1,1.0,7
201400005843,0014-06-22 13:00:00,14,6,22,13,0,570,620,Rue racine,,,Plein jour,En agglomération,Hors intersection,Normale,Autre collision,,,,,,,,,,,1,2,1,1.0,6
201400005844,0014-07-01 23:45:00,14,7,1,23,45,570,620,,,,Nuit sans éclairage public,Hors agglomération,Hors intersection,Normale,Autre collision,,,,,,,,,,,3,1,1,1.0,6
201400005845,0014-07-08 17:30:00,14,7,8,17,30,570,620,,,,Plein jour,Hors agglomération,Hors intersection,Normale,Deux véhicules - côté,,,,,,,,,,,1,1,1,1.0,3
201400005846,0014-07-29 18:30:00,14,7,29,18,30,570,707,,,,Crépuscule ou aube,Hors agglomération,Hors intersection,Vent fort / tempête,Deux véhicules - frontale,,,,,,,,,,,2,1,1,6.0,1
201400005847,0014-10-27 02:00:00,14,10,27,2,0,570,481,,,,Nuit sans éclairage public,Hors agglomération,Hors intersection,Pluie légère,Deux véhicules - côté,,,,,,,,,,,3,1,1,2.0,3
201400005848,0014-01-02 20:30:00,14,1,2,20,30,570,256,,,,Nuit sans éclairage public,Hors agglomération,Hors intersection,Normale,Deux véhicules - côté,,,,,,,,,,,3,1,1,1.0,3
201400005849,0014-02-28 16:15:00,14,2,28,16,15,570,32,,,,Plein jour,Hors agglomération,Hors intersection,Pluie légère,Deux véhicules - arrière,,,,,,,,,,,1,1,1,2.0,2
201400005850,0014-03-17 14:45:00,14,3,17,14,45,570,701,,,,Plein jour,Hors agglomération,Hors intersection,Normale,Deux véhicules - frontale,,,,,,,,,,,1,1,1,1.0,1
201400005851,0014-06-18 10:15:00,14,6,18,10,15,570,39,,49.073,6.116,Plein jour,Hors agglomération,Hors intersection,Normale,Deux véhicules - côté,,,,,,,,,,,1,1,1,1.0,3
201400005852,0014-08-23 17:00:00,14,8,23,17,0,570,601,,49.11168,6.09388,Plein jour,En agglomération,Hors intersection,Normale,Deux véhicules - frontale,,,,,,,,,,,1,2,1,1.0,1
201400005853,0014-11-26 18:15:00,14,11,26,18,15,570,30,PR12 SUR RIA ET C 14,48.97902,6.04803,Nuit sans éclairage public,Hors agglomération,Hors intersection,Temps couvert,Trois véhicules et plus - en chaîne,,,,,,,,,,,3,1,1,8.0,4
201400005854,0014-12-14 06:15:00,14,12,14,6,15,570,153,Rue de fey,49.04,6.077,Nuit avec éclairage allumé,En agglomération,Hors intersection,Normale,Sans collision,,,,,,,,,,,5,2,1,1.0,7
201400005855,0014-12-30 13:00:00,14,12,30,13,0,570,39,,,,Plein jour,Hors agglomération,Giratoire,Normale,Autre collision,,,,,,,,,,,1,1,6,1.0,6
201400005856,0014-03-03 08:45:00,14,3,3,8,45,570,443,GN49.36 6.251,,,Nuit avec éclairage allumé,Hors agglomération,Hors intersection,Normale,Trois véhicules et plus - en chaîne,,,,,,,,,,,5,1,1,1.0,4
201400005857,0014-02-24 08:00:00,14,2,24,8,0,570,511,,49.17385,6.08523,Plein jour,Hors agglomération,Hors intersection,Normale,Sans collision,,,,,,,,,,,1,1,1,1.0,7
201400005858,0014-03-06 20:15:00,14,3,6,20,15,570,443,rue des pionniers,,,Nuit avec éclairage allumé,En agglomération,Hors intersection,Normale,Deux véhicules - frontale,,,,,,,,,,,5,2,1,1.0,1
201400005859,0014-03-29 15:45:00,14,3,29,15,45,570,433,,,,Crépuscule ou aube,Hors agglomération,Giratoire,Normale,Deux véhicules - côté,,,,,,,,,,,2,1,6,1.0,3
201400005860,0014-04-23 08:45:00,14,4,23,8,45,570,443,,49.2197,6.11585,Plein jour,Hors agglomération,Hors intersection,Normale,Trois véhicules et plus - en chaîne,,,,,,,,,,,1,1,1,1.0,4
201400005861,0014-05-23 21:00:00,14,5,23,21,0,570,433,,,,Plein jour,Hors agglomération,Hors intersection,Normale,Autre collision,,,,,,,,,,,1,1,1,1.0,6
201400005862,0014-06-04 16:30:00,14,6,4,16,30,570,452,,,,Plein jour,Hors agglomération,Hors intersection,Normale,Deux véhicules - frontale,,,,,,,,,,,1,1,1,1.0,1
201400005863,0014-07-12 21:00:00,14,7,12,21,0,570,433,GN 49.337 6.244,,,Plein jour,Hors agglomération,Hors intersection,Normale,Autre collision,,,,,,,,,,,1,1,1,1.0,6
201400005864,0014-08-20 14:00:00,14,8,20,14,0,570,511,,49.17847,6.14112,Plein jour,Hors agglomération,Autre intersection,Normale,Deux véhicules - frontale,,,,,,,,,,,1,1,9,1.0,1
201400005865,0014-08-25 16:45:00,14,8,25,16,45,570,433,route d'hauconcourt,,,Plein jour,En agglomération,Hors intersection,Normale,Trois véhicules et plus - en chaîne,,,,,,,,,,,1,2,1,1.0,4
201400005866,0014-01-17 16:30:00,14,1,17,16,30,570,20,,,,Plein jour,Hors agglomération,Hors intersection,Temps éblouissant,Deux véhicules - frontale,,,,,,,,,,,1,1,1,7.0,1
201400005867,0014-01-26 22:15:00,14,1,26,22,15,570,572,,,,Nuit sans éclairage public,Hors agglomération,Hors intersection,Pluie forte,Autre collision,,,,,,,,,,,3,1,1,3.0,6
201400005868,0014-04-15 10:15:00,14,4,15,10,15,570,146,,49.03152,6.14966,Plein jour,Hors agglomération,Intersection en Y,Normale,Trois véhicules et plus - collisions multiples,,,,,,,,,,,1,1,4,1.0,5
201400005869,0014-07-02 20:15:00,14,7,2,20,15,570,572,Rue du College,,,Plein jour,En agglomération,Hors intersection,Normale,Sans collision,,,,,,,,,,,1,2,1,1.0,7
201400005870,0014-01-26 22:30:00,14,1,26,22,30,570,694,GN 49.162 6.244,,,Nuit avec éclairage allumé,En agglomération,Hors intersection,Pluie légère,Autre collision,,,,,,,,,,,5,2,1,2.0,6
201400005871,0014-01-26 20:00:00,14,1,26,20,0,570,204,GN 49.158 6.265,,,Nuit sans éclairage public,Hors agglomération,Hors intersection,Pluie forte,Autre collision,,,,,,,,,,,3,1,1,3.0,6
201400005872,0014-02-24 17:00:00,14,2,24,17,0,570,523,,49.11774,6.31921,Plein jour,Hors agglomération,Intersection en X,Normale,Deux véhicules - côté,,,,,,,,,,,1,1,2,1.0,3
201400005873,0014-04-09 12:30:00,14,4,9,12,30,570,28,,,,Plein jour,Hors agglomération,Hors intersection,Normale,Deux véhicules - arrière,,,,,,,,,,,1,1,1,1.0,2
201400005874,0014-09-15 07:00:00,14,9,15,7,0,570,155,avenue Charles De Gaulle,,,Plein jour,En agglomération,Hors intersection,Normale,Autre collision,,,,,,,,,,,1,2,1,1.0,6
201400005875,0014-10-26 14:45:00,14,10,26,14,45,570,155,avenue de la liberation,49.113,6.399,Plein jour,En agglomération,Hors intersection,Normale,Deux véhicules - côté,,,,,,,,,,,1,2,1,1.0,3
201400005876,0014-06-04 20:30:00,14,6,4,20,30,570,329,,,,Plein jour,Hors agglomération,Hors intersection,Pluie légère,Autre collision,,,,,,,,,,,1,1,1,2.0,6
201400005877,0014-06-08 09:30:00,14,6,8,9,30,570,471,GN 49.172 6.55,,,Plein jour,Hors agglomération,Hors intersection,Normale,Deux véhicules - côté,,,,,,,,,,,1,1,1,1.0,3
201400005878,0014-06-21 22:30:00,14,6,21,22,30,570,154,"CD72, Route de Guerting,",,,Nuit avec éclairage allumé,En agglomération,Hors intersection,Normale,Autre collision,,,,,,,,,,,5,2,1,1.0,6
201400005879,0014-07-04 11:30:00,14,7,4,11,30,570,149,,,,Plein jour,Hors agglomération,Hors intersection,Normale,Sans collision,,,,,,,,,,,1,1,1,1.0,7
201400005880,0014-09-27 17:30:00,14,9,27,17,30,570,322,Rue Principale,49.26091,6.43357,Plein jour,En agglomération,Hors intersection,Normale,Autre collision,,,,,,,,,,,1,2,1,1.0,6
201400005881,0014-03-08 23:30:00,14,3,8,23,30,570,205,2 RUE DE LA ROCHE POSAY,,,Nuit avec éclairage allumé,En agglomération,Hors intersection,Normale,Autre collision,,,,,,,,,,,5,2,1,1.0,6
201400005882,0014-03-30 20:45:00,14,3,30,20,45,570,274,place du stade,,,Nuit avec éclairage allumé,En agglomération,Place,Normale,Sans collision,,,,,,,,,,,5,2,7,1.0,7
201400005883,0014-05-13 05:30:00,14,5,13,5,30,570,160,rue de valence,,,Crépuscule ou aube,En agglomération,Hors intersection,Temps couvert,Deux véhicules - frontale,,,,,,,,,,,2,2,1,8.0,1
201400005884,0014-09-21 16:15:00,14,9,21,16,15,570,160,3 RUE DE CARLING,49.2054,6.69552,Plein jour,En agglomération,Hors intersection,Pluie forte,Autre collision,,,,,,,,,,,1,2,1,3.0,6
201400005885,0014-11-28 16:00:00,14,11,28,16,0,570,550,48 rue de Saint Avold,,,Plein jour,En agglomération,Hors intersection,Normale,Autre collision,,,,,,,,,,,1,2,1,1.0,6
201400005886,0014-03-28 10:15:00,14,3,28,10,15,570,413,,,,Plein jour,Hors agglomération,Hors intersection,Normale,Sans collision,,,,,,,,,,,1,1,1,1.0,7
201400005887,0014-04-18 08:30:00,14,4,18,8,30,570,159,RUE DE L'HOTEL DE VILLE,,,Plein jour,En agglomération,Hors intersection,Temps couvert,Autre collision,,,,,,,,,,,1,2,1,8.0,6
201400005888,0014-04-25 10:30:00,14,4,25,10,30,570,413,,,,Plein jour,Hors agglomération,Hors intersection,Normale,Deux véhicules - côté,,,,,,,,,,,1,1,1,1.0,3
201400005889,0014-06-06 18:30:00,14,6,6,18,30,570,209,rue de Crehange,49.04837,6.59617,Plein jour,En agglomération,Giratoire,Normale,Deux véhicules - côté,,,,,,,,,,,1,2,6,1.0,3
201400005890,0014-07-25 14:00:00,14,7,25,14,0,570,209,,49.05605,6.60519,Plein jour,Hors agglomération,Giratoire,Normale,Sans collision,,,,,,,,,,,1,1,6,1.0,7
201400005891,0014-08-26 19:15:00,14,8,26,19,15,570,27,,,,Plein jour,Hors agglomération,Hors intersection,Normale,Autre collision,,,,,,,,,,,1,1,1,1.0,6
201400005892,0014-10-16 17:45:00,14,10,16,17,45,570,413,,,,Plein jour,Hors agglomération,Hors intersection,Normale,Deux véhicules - frontale,,,,,,,,,,,1,1,1,1.0,1
201400005893,0014-11-07 07:45:00,14,11,7,7,45,570,442,,,,Plein jour,Hors agglomération,Hors intersection,Normale,Deux véhicules - frontale,,,,,,,,,,,1,1,1,1.0,1
201400005894,0014-03-19 12:00:00,14,3,19,12,0,570,727,,,,Plein jour,Hors agglomération,Hors intersection,Normale,Sans collision,,,,,,,,,,,1,1,1,1.0,7
201400005895,0014-05-13 12:00:00,14,5,13,12,0,570,45,,,,Plein jour,Hors agglomération,Hors intersection,Normale,Sans collision,,,,,,,,,,,1,1,1,1.0,7
201400005896,0014-06-09 11:15:00,14,6,9,11,15,570,712,GN 48.745 6.542,,,Plein jour,Hors agglomération,Hors intersection,Normale,Autre collision,,,,,,,,,,,1,1,1,1.0,6
201400005897,0014-08-06 17:00:00,14,8,6,17,0,570,171,place de la r?publique,48.88693,6.3919,Plein jour,En agglomération,Hors intersection,Normale,Trois véhicules et plus - collisions multiples,,,,,,,,,,,1,2,1,1.0,5
201400005898,0014-12-24 16:45:00,14,12,24,16,45,570,232,,,,Nuit sans éclairage public,Hors agglomération,Hors intersection,Temps couvert,Autre collision,,,,,,,,,,,3,1,1,8.0,6
201400005899,0014-01-16 17:30:00,14,1,16,17,30,570,484,27 rue nationale,49.16646,6.86463,Nuit avec éclairage allumé,En agglomération,Hors intersection,Pluie légère,Autre collision,,,,,,,,,,,5,2,1,2.0,6
201400005900,0014-03-07 22:00:00,14,3,7,22,0,570,58,,49.15726,6.96265,Nuit sans éclairage public,Hors agglomération,Hors intersection,Normale,Sans collision,,,,,,,,,,,3,1,1,1.0,7
201400005901,0014-05-30 12:15:00,14,5,30,12,15,570,58,6 Impasse des fauvettes,49.16642,6.95733,Plein jour,En agglomération,Hors intersection,Normale,Sans collision,,,,,,,,,,,1,2,1,1.0,7
201400005902,0014-06-26 21:15:00,14,6,26,21,15,570,202,,,,Plein jour,Hors agglomération,Hors intersection,Normale,Autre collision,,,,,,,,,,,1,1,1,1.0,6
201400005903,0014-12-01 16:30:00,14,12,1,16,30,570,521,,49.17512,6.92023,Plein jour,Hors agglomération,Hors intersection,Normale,Deux véhicules - côté,,,,,,,,,,,1,1,1,1.0,3
201400005904,0014-04-18 10:00:00,14,4,18,10,0,570,466,34 rue principale,,,Plein jour,En agglomération,Hors intersection,Normale,Deux véhicules - frontale,,,,,,,,,,,1,2,1,1.0,1
201400005905,0014-04-19 17:15:00,14,4,19,17,15,570,144,34 rue principale,,,Plein jour,En agglomération,Hors intersection,Normale,Sans collision,,,,,,,,,,,1,2,1,1.0,7
201400005906,0014-05-28 15:15:00,14,5,28,15,15,570,73,19 rue Nationale,49.13978,6.79983,Plein jour,En agglomération,Hors intersection,Temps couvert,Deux véhicules - côté,,,,,,,,,,,1,2,1,8.0,3
201400005907,0014-06-14 10:00:00,14,6,14,10,0,570,144,rue nationale,,,Plein jour,En agglomération,Hors intersection,Normale,Autre collision,,,,,,,,,,,1,2,1,1.0,6
201400005908,0014-07-20 09:15:00,14,7,20,9,15,570,466,32 rue principale,49.10487,6.9593,Plein jour,En agglomération,Hors intersection,Normale,Deux véhicules - côté,,,,,,,,,,,1,2,1,1.0,3
201400005909,0014-09-10 18:45:00,14,9,10,18,45,570,144,RD 603,,,Plein jour,En agglomération,Hors intersection,Normale,Deux véhicules - côté,,,,,,,,,,,1,2,1,1.0,3
201400005910,0014-12-08 07:15:00,14,12,8,7,15,570,669,,,,Nuit sans éclairage public,Hors agglomération,Hors intersection,Temps couvert,Autre collision,,,,,,,,,,,3,1,1,8.0,6
201400005911,0014-12-05 17:45:00,14,12,5,17,45,570,669,CD 910,49.11832,6.89423,Nuit avec éclairage allumé,En agglomération,Giratoire,Normale,Deux véhicules - frontale,,,,,,,,,,,5,2,6,1.0,1
201400005912,0014-12-17 18:45:00,14,12,17,18,45,570,144,,,,Nuit sans éclairage public,Hors agglomération,Hors intersection,Pluie légère,Deux véhicules - frontale,,,,,,,,,,,3,1,1,2.0,1
201400005913,0014-01-09 17:45:00,14,1,9,17,45,570,275,249 rue principale,,,Nuit avec éclairage allumé,En agglomération,Hors intersection,Pluie légère,Autre collision,,,,,,,,,,,5,2,1,2.0,6
201400005914,0014-03-06 11:30:00,14,3,6,11,30,570,389,Rue de la Liberation,,,Plein jour,En agglomération,Hors intersection,Normale,Autre collision,,,,,,,,,,,1,2,1,1.0,6
201400005915,0014-03-25 15:30:00,14,3,25,15,30,570,311,,,,Plein jour,Hors agglomération,Hors intersection,Normale,Sans collision,,,,,,,,,,,1,1,1,1.0,7
201400005916,0014-05-18 20:00:00,14,5,18,20,0,570,178,,,,Plein jour,Hors agglomération,Hors intersection,Normale,Deux véhicules - frontale,,,,,,,,,,,1,1,1,1.0,1
201400005917,0014-05-31 23:45:00,14,5,31,23,45,570,483,route racrange,48.92503,6.65862,Nuit avec éclairage allumé,En agglomération,Hors intersection,Normale,Autre collision,,,,,,,,,,,5,2,1,1.0,6
201400005918,0014-10-06 12:30:00,14,10,6,12,30,570,684,,,,Plein jour,Hors agglomération,Hors intersection,Normale,Sans collision,,,,,,,,,,,1,1,1,1.0,7
201400005919,0014-11-24 07:00:00,14,11,24,7,0,570,389,,,,Nuit sans éclairage public,Hors agglomération,Hors intersection,Normale,Autre collision,,,,,,,,,,,3,1,1,1.0,6
201400005920,0014-06-13 20:30:00,14,6,13,20,30,570,377,,,,Plein jour,Hors agglomération,Hors intersection,Normale,Deux véhicules - frontale,,,,,,,,,,,1,1,1,1.0,1
201400005921,0014-09-15 16:15:00,14,9,15,16,15,570,44,,,,Plein jour,Hors agglomération,Hors intersection,Normale,Trois véhicules et plus - collisions multiples,,,,,,,,,,,1,1,1,1.0,5
201400005922,0014-12-26 14:00:00,14,12,26,14,0,570,382,route d?partementale 89,,,Plein jour,En agglomération,Hors intersection,Temps couvert,Deux véhicules - frontale,,,,,,,,,,,1,2,1,8.0,1
201400005923,0014-04-21 04:00:00,14,4,21,4,0,570,300,,,,Nuit sans éclairage public,Hors agglomération,Hors intersection,Pluie légère,Autre collision,,,,,,,,,,,3,1,1,2.0,6
201400005924,0014-04-25 11:00:00,14,4,25,11,0,570,747,,,,Plein jour,Hors agglomération,Hors intersection,Normale,Deux véhicules - côté,,,,,,,,,,,1,1,1,1.0,3
201400005925,0014-06-07 16:00:00,14,6,7,16,0,570,163,,,,Plein jour,Hors agglomération,Hors intersection,Normale,Sans collision,,,,,,,,,,,1,1,1,1.0,7
201400005926,0014-06-19 14:30:00,14,6,19,14,30,570,614,,,,Plein jour,Hors agglomération,Hors intersection,Normale,Deux véhicules - arrière,,,,,,,,,,,1,1,1,1.0,2
201400005927,0014-09-11 06:30:00,14,9,11,6,30,570,300,GN 48.683 7.183,,,Crépuscule ou aube,Hors agglomération,Hors intersection,Normale,Sans collision,,,,,,,,,,,2,1,1,1.0,7
201400005928,0014-10-10 07:00:00,14,10,10,7,0,570,614,,,,Crépuscule ou aube,Hors agglomération,Hors intersection,Pluie légère,Sans collision,,,,,,,,,,,2,1,1,2.0,7
201400005929,0014-01-23 12:00:00,14,1,23,12,0,570,260,,,,Plein jour,Hors agglomération,Hors intersection,Temps couvert,Autre collision,,,,,,,,,,,1,1,1,8.0,6
201400005930,0014-02-13 14:15:00,14,2,13,14,15,570,261,,,,Plein jour,Hors agglomération,Hors intersection,Pluie légère,Trois véhicules et plus - en chaîne,,,,,,,,,,,1,1,1,2.0,4
201400005931,0014-04-25 10:30:00,14,4,25,10,30,570,561,,,,Plein jour,Hors agglomération,Hors intersection,Normale,Deux véhicules - arrière,,,,,,,,,,,1,1,1,1.0,2
201400005932,0014-05-01 23:30:00,14,5,1,23,30,570,289,,,,Nuit sans éclairage public,Hors agglomération,Hors intersection,Normale,Deux véhicules - côté,,,,,,,,,,,3,1,1,1.0,3
201400005933,0014-05-31 16:30:00,14,5,31,16,30,570,92,rue de la gare,,,Plein jour,En agglomération,Intersection en X,Normale,Deux véhicules - frontale,,,,,,,,,,,1,2,2,1.0,1
201400005934,0014-10-02 19:15:00,14,10,2,19,15,570,752,,,,Crépuscule ou aube,Hors agglomération,Hors intersection,Normale,Deux véhicules - côté,,,,,,,,,,,2,1,1,1.0,3
201400005935,0014-10-28 03:30:00,14,10,28,3,30,570,535,,,,Nuit sans éclairage public,Hors agglomération,Autre intersection,Normale,Sans collision,,,,,,,,,,,3,1,9,1.0,7
201400005936,0014-11-25 05:30:00,14,11,25,5,30,570,752,,,,Nuit avec éclairage non allumé,Hors agglomération,Giratoire,Normale,Deux véhicules - côté,,,,,,,,,,,4,1,6,1.0,3
201400005937,0014-12-13 17:00:00,14,12,13,17,0,570,74,12 RUE ST MARTIN,,,Nuit avec éclairage allumé,En agglomération,Hors intersection,Pluie légère,Deux véhicules - côté,,,,,,,,,,,5,2,1,2.0,3
201400005938,0014-12-25 19:30:00,14,12,25,19,30,570,260,,,,Nuit sans éclairage public,Hors agglomération,Hors intersection,Normale,Sans collision,,,,,,,,,,,3,1,1,1.0,7
201400005939,0014-03-14 13:00:00,14,3,14,13,0,570,195,Rue d'Ormersviller,49.11272,7.31647,Plein jour,En agglomération,Hors intersection,Normale,Sans collision,,,,,,,,,,,1,2,1,1.0,7
201400005940,0014-07-08 16:15:00,14,7,8,16,15,570,192,GN 49.039 7.321,,,Plein jour,Hors agglomération,Hors intersection,Normale,Trois véhicules et plus - collisions multiples,,,,,,,,,,,1,1,1,1.0,5
201400005941,0014-09-25 16:00:00,14,9,25,16,0,570,390,8 rue de sarreguemines,,,Plein jour,En agglomération,Hors intersection,Normale,Autre collision,,,,,,,,,,,1,2,1,1.0,6
201400005942,0014-09-13 13:45:00,14,9,13,13,45,570,206,rue de la Croix Munier,,,Plein jour,En agglomération,Hors intersection,Normale,Autre collision,,,,,,,,,,,1,2,1,1.0,6
201400005943,0014-10-21 16:45:00,14,10,21,16,45,570,242,,,,Plein jour,Hors agglomération,Hors intersection,Vent fort / tempête,Autre collision,,,,,,,,,,,1,1,1,6.0,6
201400005944,0014-10-27 15:45:00,14,10,27,15,45,570,206,rue de seremange,,,Plein jour,En agglomération,Hors intersection,Normale,Deux véhicules - frontale,,,,,,,,,,,1,2,1,1.0,1
201400005945,0014-11-13 10:30:00,14,11,13,10,30,570,206,av Francois Mitterrand,,,Plein jour,En agglomération,Hors intersection,Pluie légère,Deux véhicules - côté,,,,,,,,,,,1,2,1,2.0,3
201400005946,0014-12-08 17:00:00,14,12,8,17,0,570,206,,,,Nuit avec éclairage non allumé,Hors agglomération,Hors intersection,Pluie forte,Autre collision,,,,,,,,,,,4,1,1,3.0,6
201400005947,0014-12-21 01:15:00,14,12,21,1,15,570,206,carrefour des 4 routes,49.30831,6.10038,Nuit avec éclairage allumé,En agglomération,Intersection en X,Autre,Deux véhicules - côté,,,,,,,,,,,5,2,2,9.0,3