accident_id,datetime,annee,mois,jour,heure,minute,departement,commune_insee,adresse,latitude,longitude,luminosite,agglomeration,intersection,meteo,collision,nb_vehicules,nb_usagers,nb_indemnes,nb_tues,nb_blesses_hosp,nb_blesses_legers,age_cond_1,age_cond_2,veh_type_cond_1,veh_type_cond_2,lum_code,agg_code,int_code,atm_code,col_code
201400006078,0014-11-14 19:45:00,14,11,14,19,45,30,310,"0, WILSON (RUE DU PRESID",,,Nuit avec éclairage allumé,En agglomération,Hors intersection,Pluie forte,Autre collision,,,,,,,,,,,5,2,1,3.0,6
201400006079,0014-11-11 20:25:00,14,11,11,20,25,30,310,"0, JUIN (Esplanade Mar?c",,,Nuit avec éclairage allumé,En agglomération,Hors intersection,Normale,Deux véhicules - arrière,,,,,,,,,,,5,2,1,1.0,2
201400006080,0014-11-17 14:00:00,14,11,17,14,0,30,94,"44, BOUTIRON (RUE DE)",,,Plein jour,Hors agglomération,Hors intersection,Temps couvert,Deux véhicules - côté,,,,,,,,,,,1,1,1,8.0,3
201400006081,0014-11-21 07:45:00,14,11,21,7,45,30,310,DENIERE (BOULEVARD),,,Crépuscule ou aube,En agglomération,Hors intersection,Normale,Autre collision,,,,,,,,,,,2,2,1,1.0,6
201400006082,0014-12-09 08:50:00,14,12,9,8,50,30,95,"0, PAIX (RUE DE LA)",,,Plein jour,En agglomération,Intersection en T,Temps couvert,Deux véhicules - côté,,,,,,,,,,,1,2,3,8.0,3
201400006083,0014-12-10 12:25:00,14,12,10,12,25,30,23,DE GAULLE (AVENUE DU GEN,,,Plein jour,En agglomération,Hors intersection,Pluie légère,Autre collision,,,,,,,,,,,1,2,1,2.0,6
201400006084,0014-05-07 19:30:00,14,5,7,19,30,540,408,5 ter route nationale,49.16128,5.76268,Plein jour,En agglomération,Hors intersection,Normale,Autre collision,,,,,,,,,,,1,2,1,1.0,6
201400006085,0014-07-22 10:00:00,14,7,22,10,0,540,410,RD13/RD28,49.03804,5.96108,Plein jour,Hors agglomération,Intersection en X,Pluie légère,Deux véhicules - côté,,,,,,,,,,,1,1,2,2.0,3
201400006086,0014-07-26 12:15:00,14,7,26,12,15,540,171,12 rue Charles Peche,49.145,5.936,Plein jour,En agglomération,Hors intersection,Normale,Autre collision,,,,,,,,,,,1,2,1,1.0,6
201400006087,0014-08-01 17:30:00,14,8,1,17,30,540,477,,49.02933,5.90485,Plein jour,Hors agglomération,Hors intersection,Normale,Deux véhicules - frontale,,,,,,,,,,,1,1,1,1.0,1
201400006088,0014-09-13 09:15:00,14,9,13,9,15,540,477,,49.029,5.905,Plein jour,Hors agglomération,Hors intersection,Normale,Deux véhicules - frontale,,,,,,,,,,,1,1,1,1.0,1
201400006089,0014-12-20 23:00:00,14,12,20,23,0,540,511,,49.07364,5.84402,Nuit sans éclairage public,Hors agglomération,Hors intersection,Temps couvert,Sans collision,,,,,,,,,,,3,1,1,8.0,7
201400006090,0014-01-24 07:30:00,14,1,24,7,30,540,491,,49.36327,5.9227,Crépuscule ou aube,Hors agglomération,Hors intersection,Temps couvert,Autre collision,,,,,,,,,,,2,1,1,8.0,6
201400006091,0014-02-14 23:15:00,14,2,14,23,15,540,491,,49.36322,5.92558,Nuit sans éclairage public,Hors agglomération,Hors intersection,Normale,Autre collision,,,,,,,,,,,3,1,1,1.0,6
201400006092,0014-03-28 19:15:00,14,3,28,19,15,540,491,,49.363,5.926,Nuit sans éclairage public,Hors agglomération,Hors intersection,Normale,Autre collision,,,,,,,,,,,3,1,1,1.0,6
201400006093,0014-05-25 00:15:00,14,5,25,0,15,540,425,35 rue Ambroize Croizat,49.305,5.789,Nuit avec éclairage allumé,En agglomération,Hors intersection,Normale,Deux véhicules - arrière,,,,,,,,,,,5,2,1,1.0,2
201400006094,0014-07-04 15:30:00,14,7,4,15,30,540,295,rue de la croisette,49.314,5.789,Plein jour,En agglomération,Hors intersection,Normale,Deux véhicules - arrière,,,,,,,,,,,1,2,1,1.0,2
201400006095,0014-07-16 18:30:00,14,7,16,18,30,540,29,,49.37238,5.89954,Plein jour,En agglomération,Hors intersection,Normale,Autre collision,,,,,,,,,,,1,2,1,1.0,6
201400006096,0014-08-16 14:45:00,14,8,16,14,45,540,536,1 rue du 1er mai,49.308,5.908,Plein jour,En agglomération,Hors intersection,Normale,Autre collision,,,,,,,,,,,1,2,1,1.0,6
201400006097,0014-11-30 17:00:00,14,11,30,17,0,540,362,ROUTE NATIONALE,49.38894,5.75578,Nuit avec éclairage allumé,En agglomération,Hors intersection,Brouillard / fumée,Deux véhicules - frontale,,,,,,,,,,,5,2,1,5.0,1
201400006098,0014-12-25 22:00:00,14,12,25,22,0,540,568,,49.41184,5.82732,Nuit sans éclairage public,Hors agglomération,Hors intersection,Normale,Autre collision,,,,,,,,,,,3,1,1,1.0,6
201400006099,0014-02-25 14:45:00,14,2,25,14,45,540,148,,48.59233,6.5687,Plein jour,Hors agglomération,Hors intersection,Normale,Deux véhicules - côté,,,,,,,,,,,1,1,1,1.0,3
201400006100,0014-08-03 13:00:00,14,8,3,13,0,540,260,,48.57099,6.50058,Plein jour,Hors agglomération,Hors intersection,Normale,Autre collision,,,,,,,,,,,1,1,1,1.0,6
201400006101,0014-08-12 22:00:00,14,8,12,22,0,540,83,,48.63676,6.48491,Nuit sans éclairage public,Hors agglomération,Hors intersection,Normale,Deux véhicules - frontale,,,,,,,,,,,3,1,1,1.0,1
201400006102,0014-08-22 12:30:00,14,8,22,12,30,540,373,,48.56907,6.52334,Plein jour,Hors agglomération,Hors intersection,Normale,Deux véhicules - arrière,,,,,,,,,,,1,1,1,1.0,2
201400006103,0014-11-17 11:00:00,14,11,17,11,0,540,83,,48.63281,6.48607,Plein jour,Hors agglomération,Hors intersection,Normale,Autre collision,,,,,,,,,,,1,1,1,1.0,6
201400006104,0014-01-16 17:30:00,14,1,16,17,30,540,565,,48.57017,6.35504,Nuit sans éclairage public,Hors agglomération,Hors intersection,Pluie légère,Deux véhicules - frontale,,,,,,,,,,,3,1,1,2.0,1
201400006105,0014-05-18 18:00:00,14,5,18,18,0,540,42,grand rue,48.437,6.274,Plein jour,En agglomération,Hors intersection,Normale,Deux véhicules - arrière,,,,,,,,,,,1,2,1,1.0,2
201400006106,0014-07-12 16:00:00,14,7,12,16,0,540,152,,48.57416,6.3521,Plein jour,Hors agglomération,Hors intersection,Normale,Autre collision,,,,,,,,,,,1,1,1,1.0,6
201400006107,0014-09-24 15:30:00,14,9,24,15,30,540,455,,48.471,6.482,Plein jour,Hors agglomération,Hors intersection,Normale,Sans collision,,,,,,,,,,,1,1,1,1.0,7
201400006108,0014-12-19 07:15:00,14,12,19,7,15,540,45,,48.565,6.362,Crépuscule ou aube,Hors agglomération,Hors intersection,Pluie légère,Trois véhicules et plus - en chaîne,,,,,,,,,,,2,1,1,2.0,4
201400006109,0014-02-25 00:15:00,14,2,25,0,15,540,163,,48.572,6.719,Nuit sans éclairage public,Hors agglomération,Hors intersection,Normale,Deux véhicules - frontale,,,,,,,,,,,3,1,1,1.0,1
201400006110,0014-06-21 21:45:00,14,6,21,21,45,540,551,,48.66929,6.6973,Plein jour,Hors agglomération,Hors intersection,Normale,Sans collision,,,,,,,,,,,1,1,1,1.0,7
201400006111,0014-01-14 18:00:00,14,1,14,18,0,540,205,rue saint germain,,,Nuit avec éclairage allumé,En agglomération,Hors intersection,Pluie légère,Deux véhicules - côté,,,,,,,,,,,5,2,1,2.0,3
201400006112,0014-03-01 11:30:00,14,3,1,11,30,540,128,,48.66644,5.84987,Plein jour,Hors agglomération,Intersection en T,Normale,Deux véhicules - frontale,,,,,,,,,,,1,1,3,1.0,1
201400006113,0014-02-28 20:15:00,14,2,28,20,15,540,288,,48.7297,5.86668,Nuit sans éclairage public,Hors agglomération,Hors intersection,Autre,Sans collision,,,,,,,,,,,3,1,1,9.0,7
201400006114,0014-03-28 20:00:00,14,3,28,20,0,540,102,,48.708,5.859,Crépuscule ou aube,Hors agglomération,Intersection en X,Normale,Deux véhicules - frontale,,,,,,,,,,,2,1,2,1.0,1
201400006115,0014-03-29 23:15:00,14,3,29,23,15,540,10,,48.54177,5.80463,Nuit sans éclairage public,Hors agglomération,Hors intersection,Normale,Autre collision,,,,,,,,,,,3,1,1,1.0,6
201400006116,0014-03-31 19:30:00,14,3,31,19,30,540,405,,48.58714,5.94687,Plein jour,Hors agglomération,Hors intersection,Normale,Autre collision,,,,,,,,,,,1,1,1,1.0,6
201400006117,0014-05-09 14:30:00,14,5,9,14,30,540,102,,48.71439,5.87618,Plein jour,Hors agglomération,Hors intersection,Normale,Deux véhicules - côté,,,,,,,,,,,1,1,1,1.0,3
201400006118,0014-05-16 15:30:00,14,5,16,15,30,540,102,,48.71528,5.85728,Plein jour,Hors agglomération,Hors intersection,Normale,Deux véhicules - côté,,,,,,,,,,,1,1,1,1.0,3
201400006119,0014-07-20 07:00:00,14,7,20,7,0,540,380,,48.623,5.858,Crépuscule ou aube,Hors agglomération,Hors intersection,Normale,Autre collision,,,,,,,,,,,2,1,1,1.0,6
201400006120,0014-07-28 17:30:00,14,7,28,17,30,540,8,,48.547,5.909,Plein jour,Hors agglomération,Hors intersection,Pluie forte,Autre collision,,,,,,,,,,,1,1,1,3.0,6
201400006121,0014-07-31 23:30:00,14,7,31,23,30,540,8,,48.54608,5.90825,Nuit sans éclairage public,Hors agglomération,Hors intersection,Normale,Deux véhicules - frontale,,,,,,,,,,,3,1,1,1.0,1
201400006122,0014-09-06 15:15:00,14,9,6,15,15,540,120,Rue du progres RD 11E,48.627,5.83,Plein jour,En agglomération,Hors intersection,Normale,Autre collision,,,,,,,,,,,1,2,1,1.0,6
201400006123,0014-12-03 11:15:00,14,12,3,11,15,540,380,,48.685,5.87,Plein jour,Hors agglomération,Hors intersection,Pluie légère,Deux véhicules - côté,,,,,,,,,,,1,1,1,2.0,3
201400006124,0014-01-01 10:00:00,14,1,1,10,0,540,34,,48.76307,5.93812,Plein jour,Hors agglomération,Hors intersection,Normale,Autre collision,,,,,,,,,,,1,1,1,1.0,6
201400006125,0014-03-09 09:15:00,14,3,9,9,15,540,346,,48.782,5.904,Plein jour,Hors agglomération,Hors intersection,Normale,Sans collision,,,,,,,,,,,1,1,1,1.0,7
201400006126,0014-03-17 08:30:00,14,3,17,8,30,540,532,,48.79931,5.93154,Plein jour,Hors agglomération,Hors intersection,Normale,Autre collision,,,,,,,,,,,1,1,1,1.0,6
201400006127,0014-06-11 23:45:00,14,6,11,23,45,540,370,,48.82461,5.88414,Nuit sans éclairage public,Hors agglomération,Hors intersection,Normale,Autre collision,,,,,,,,,,,3,1,1,1.0,6
201400006128,0014-09-13 15:00:00,14,9,13,15,0,540,343,,48.834,5.79,Plein jour,Hors agglomération,Hors intersection,Normale,Sans collision,,,,,,,,,,,1,1,1,1.0,7
201400006129,0014-02-03 14:15:00,14,2,3,14,15,550,514,,,,Plein jour,Hors agglomération,Hors intersection,Normale,Autre collision,,,,,,,,,,,1,1,1,1.0,6
201400006130,0014-02-09 03:45:00,14,2,9,3,45,550,120,face au 6 Grande Rue,,,Nuit avec éclairage allumé,En agglomération,Hors intersection,Normale,Autre collision,,,,,,,,,,,5,2,1,1.0,6
201400006131,0014-03-09 18:00:00,14,3,9,18,0,550,493,chemin des grand pres,,,Plein jour,En agglomération,Hors intersection,Normale,Sans collision,,,,,,,,,,,1,2,1,1.0,7
201400006132,0014-04-19 05:30:00,14,4,19,5,30,550,435,,,,Nuit sans éclairage public,Hors agglomération,Hors intersection,Normale,Autre collision,,,,,,,,,,,3,1,1,1.0,6
201400006133,0014-11-24 19:30:00,14,11,24,19,30,550,369,,,,Nuit sans éclairage public,Hors agglomération,Hors intersection,Normale,Deux véhicules - frontale,,,,,,,,,,,3,1,1,1.0,1
201400006134,0014-12-12 17:45:00,14,12,12,17,45,550,427,,,,Nuit sans éclairage public,Hors agglomération,Hors intersection,Pluie légère,Sans collision,,,,,,,,,,,3,1,1,2.0,7
201400006135,0014-12-19 13:30:00,14,12,19,13,30,550,369,,,,Plein jour,Hors agglomération,Hors intersection,Pluie forte,Autre collision,,,,,,,,,,,1,1,1,3.0,6
201400006136,0014-06-06 19:30:00,14,6,6,19,30,550,300,,,,Plein jour,Hors agglomération,Hors intersection,Normale,Deux véhicules - côté,,,,,,,,,,,1,1,1,1.0,3
201400006137,0014-06-24 17:30:00,14,6,24,17,30,550,291,,,,Plein jour,Hors agglomération,Hors intersection,Normale,Autre collision,,,,,,,,,,,1,1,1,1.0,6
201400006138,0014-08-10 13:45:00,14,8,10,13,45,550,447,,48.64153,5.05926,Plein jour,Hors agglomération,Hors intersection,Pluie forte,Autre collision,,,,,,,,,,,1,1,1,3.0,6
201400006139,0014-08-18 16:45:00,14,8,18,16,45,550,35,,,,Plein jour,Hors agglomération,Intersection en Y,Normale,Deux véhicules - côté,,,,,,,,,,,1,1,4,1.0,3
201400006140,0014-11-01 17:15:00,14,11,1,17,15,550,291,Rue des ETATS UNIS,,,Crépuscule ou aube,En agglomération,Intersection en X,Normale,Deux véhicules - côté,,,,,,,,,,,2,2,2,1.0,3
201400006141,0014-12-01 18:00:00,14,12,1,18,0,550,543,,,,Nuit avec éclairage allumé,Hors agglomération,Hors intersection,Pluie légère,Autre collision,,,,,,,,,,,5,1,1,2.0,6
201400006142,0014-06-29 06:00:00,14,6,29,6,0,550,526,,,,Crépuscule ou aube,Hors agglomération,Hors intersection,Pluie légère,Autre collision,,,,,,,,,,,2,1,1,2.0,6
201400006143,0014-08-05 16:30:00,14,8,5,16,30,550,122,7 rue de Champagne,,,Plein jour,En agglomération,Hors intersection,Normale,Deux véhicules - frontale,,,,,,,,,,,1,2,1,1.0,1
201400006144,0014-08-17 19:15:00,14,8,17,19,15,550,553,,,,Plein jour,Hors agglomération,Hors intersection,Normale,Deux véhicules - frontale,,,,,,,,,,,1,1,1,1.0,1
201400006145,0014-11-22 17:00:00,14,11,22,17,0,550,196,,,,Nuit sans éclairage public,Hors agglomération,Hors intersection,Normale,Sans collision,,,,,,,,,,,3,1,1,1.0,7
201400006146,0014-11-27 07:15:00,14,11,27,7,15,550,526,,,,Nuit sans éclairage public,Hors agglomération,Hors intersection,Pluie forte,Deux véhicules - arrière,,,,,,,,,,,3,1,1,3.0,2
201400006147,0014-05-02 10:00:00,14,5,2,10,0,550,7,,,,Nuit sans éclairage public,Hors agglomération,Hors intersection,Normale,Autre collision,,,,,,,,,,,3,1,1,1.0,6
201400006148,0014-06-14 07:00:00,14,6,14,7,0,550,570,,,,Plein jour,Hors agglomération,Hors intersection,Normale,Sans collision,,,,,,,,,,,1,1,1,1.0,7
201400006149,0014-06-15 20:00:00,14,6,15,20,0,550,540,,49.00374,5.53037,Plein jour,Hors agglomération,Hors intersection,Normale,Sans collision,,,,,,,,,,,1,1,1,1.0,7
201400006150,0014-10-20 21:00:00,14,10,20,21,0,550,551,,48.96834,5.68485,Nuit sans éclairage public,Hors agglomération,Hors intersection,Pluie légère,Autre collision,,,,,,,,,,,3,1,1,2.0,6
201400006151,0014-05-11 19:00:00,14,5,11,19,0,550,397,,,,Plein jour,Hors agglomération,Hors intersection,Temps couvert,Deux véhicules - frontale,,,,,,,,,,,1,1,1,8.0,1
201400006152,0014-05-23 21:30:00,14,5,23,21,30,550,104,RUE DE SAINT NABORD,48.45908,5.43174,Nuit sans éclairage public,En agglomération,Hors intersection,Pluie légère,Autre collision,,,,,,,,,,,3,2,1,2.0,6
201400006153,0014-07-09 15:15:00,14,7,9,15,15,550,5,,48.50171,5.59935,Plein jour,Hors agglomération,Hors intersection,Temps couvert,Sans collision,,,,,,,,,,,1,1,1,8.0,7
201400006154,0014-07-16 16:15:00,14,7,16,16,15,550,573,,,,Plein jour,Hors agglomération,Hors intersection,Normale,Deux véhicules - arrière,,,,,,,,,,,1,1,1,1.0,2
201400006155,0014-07-25 08:00:00,14,7,25,8,0,550,334,,,,Plein jour,Hors agglomération,Hors intersection,Normale,Deux véhicules - frontale,,,,,,,,,,,1,1,1,1.0,1
201400006156,0014-07-25 11:15:00,14,7,25,11,15,550,59,,,,Plein jour,Hors agglomération,Hors intersection,Normale,Autre collision,,,,,,,,,,,1,1,1,1.0,6
201400006157,0014-10-14 09:30:00,14,10,14,9,30,550,496,,48.726,5.646,Plein jour,Hors agglomération,Hors intersection,Normale,Autre collision,,,,,,,,,,,1,1,1,1.0,6
201400006158,0014-10-26 06:30:00,14,10,26,6,30,550,334,,,,Crépuscule ou aube,Hors agglomération,Intersection en X,Brouillard / fumée,Deux véhicules - frontale,,,,,,,,,,,2,1,2,5.0,1
201400006159,0014-11-10 14:00:00,14,11,10,14,0,550,433,GRANDE RUE,,,Plein jour,En agglomération,Hors intersection,Normale,Autre collision,,,,,,,,,,,1,2,1,1.0,6
201400006160,0014-12-28 12:15:00,14,12,28,12,15,550,334,,,,Plein jour,Hors agglomération,Hors intersection,Normale,Autre collision,,,,,,,,,,,1,1,1,1.0,6
201400006161,0014-08-26 23:45:00,14,8,26,23,45,550,252,,,,Nuit sans éclairage public,Hors agglomération,Hors intersection,Pluie légère,Autre collision,,,,,,,,,,,3,1,1,2.0,6
201400006162,0014-11-20 07:00:00,14,11,20,7,0,550,324,route 643,,,Crépuscule ou aube,En agglomération,Hors intersection,Normale,Deux véhicules - frontale,,,,,,,,,,,2,2,1,1.0,1
201400006163,0014-01-06 07:30:00,14,1,6,7,30,550,492,,49.12736,5.46164,Crépuscule ou aube,Hors agglomération,Hors intersection,Temps couvert,Trois véhicules et plus - collisions multiples,,,,,,,,,,,2,1,1,8.0,5
201400006164,0014-09-12 17:45:00,14,9,12,17,45,550,385,"RD20B, PK00+810",,,Nuit avec éclairage allumé,En agglomération,Hors intersection,Normale,Deux véhicules - côté,,,,,,,,,,,5,2,1,1.0,3
201400006165,0014-05-23 22:45:00,14,5,23,22,45,550,416,RUE BASSE,,,Nuit avec éclairage allumé,En agglomération,Hors intersection,Pluie légère,Deux véhicules - frontale,,,,,,,,,,,5,2,1,2.0,1
201400006166,0014-10-19 11:00:00,14,10,19,11,0,550,346,,,,Plein jour,Hors agglomération,Hors intersection,Normale,Trois véhicules et plus - collisions multiples,,,,,,,,,,,1,1,1,1.0,5
201400006167,0014-03-10 17:00:00,14,3,10,17,0,550,2,,,,Plein jour,Hors agglomération,Hors intersection,Normale,Deux véhicules - arrière,,,,,,,,,,,1,1,1,1.0,2
201400006168,0014-06-17 11:15:00,14,6,17,11,15,550,171,,,,Plein jour,Hors agglomération,Hors intersection,Normale,Autre collision,,,,,,,,,,,1,1,1,1.0,6
201400006169,0014-06-28 12:15:00,14,6,28,12,15,550,8,,,,Plein jour,Hors agglomération,Hors intersection,Pluie légère,Deux véhicules - frontale,,,,,,,,,,,1,1,1,2.0,1
201400006170,0014-12-11 19:15:00,14,12,11,19,15,550,201,,43.195,5.637,Nuit avec éclairage non allumé,Hors agglomération,Hors intersection,Vent fort / tempête,Autre collision,,,,,,,,,,,4,1,1,6.0,6
201400006171,0014-02-12 16:45:00,14,2,12,16,45,880,273,,48.2204,6.50785,Plein jour,Hors agglomération,Hors intersection,Normale,Deux véhicules - frontale,,,,,,,,,,,1,1,1,1.0,1
201400006172,0014-03-12 20:15:00,14,3,12,20,15,880,253,,48.19586,6.49922,Crépuscule ou aube,Hors agglomération,Intersection en T,Normale,Deux véhicules - arrière,,,,,,,,,,,2,1,3,1.0,2
201400006173,0014-08-18 18:45:00,14,8,18,18,45,880,273,,48.21755,6.50557,Plein jour,Hors agglomération,Hors intersection,Normale,Deux véhicules - frontale,,,,,,,,,,,1,1,1,1.0,1
201400006174,0014-11-20 08:00:00,14,11,20,8,0,880,253,,,,Crépuscule ou aube,Hors agglomération,Hors intersection,Brouillard / fumée,Deux véhicules - côté,,,,,,,,,,,2,1,1,5.0,3
201400006175,0014-12-03 17:30:00,14,12,3,17,30,880,134,,48.146,6.487,Nuit sans éclairage public,Hors agglomération,Hors intersection,Temps couvert,Deux véhicules - frontale,,,,,,,,,,,3,1,1,8.0,1
201400006176,0014-02-10 17:15:00,14,2,10,17,15,880,135,,48.14894,6.61585,Plein jour,Hors agglomération,Passage à niveau,Pluie légère,Deux véhicules - côté,,,,,,,,,,,1,1,8,2.0,3
201400006177,0014-04-13 18:45:00,14,4,13,18,45,880,340,,48.27077,6.58953,Plein jour,Hors agglomération,Hors intersection,Normale,Deux véhicules - frontale,,,,,,,,,,,1,1,1,1.0,1
201400006178,0014-06-30 09:45:00,14,6,30,9,45,880,86,,48.19145,6.7392,Plein jour,Hors agglomération,Hors intersection,Normale,Deux véhicules - frontale,,,,,,,,,,,1,1,1,1.0,1
201400006179,0014-08-02 06:30:00,14,8,2,6,30,880,76,,48.22358,6.72461,Crépuscule ou aube,Hors agglomération,Hors intersection,Normale,Autre collision,,,,,,,,,,,2,1,1,1.0,6
201400006180,0014-08-03 07:30:00,14,8,3,7,30,880,262,43 RUE DE LA VOLOGNE,48.17958,6.75653,Plein jour,En agglomération,Hors intersection,Normale,Deux véhicules - frontale,,,,,,,,,,,1,2,1,1.0,1
201400006181,0014-08-28 14:30:00,14,8,28,14,30,880,262,rue de la gare,48.1854,6.7518,Plein jour,En agglomération,Passage à niveau,Normale,Deux véhicules - côté,,,,,,,,,,,1,2,8,1.0,3
201400006182,0014-10-29 20:00:00,14,10,29,20,0,880,340,,,,Nuit sans éclairage public,Hors agglomération,Hors intersection,Pluie légère,Deux véhicules - frontale,,,,,,,,,,,3,1,1,2.0,1
201400006183,0014-03-12 17:00:00,14,3,12,17,0,880,90,pont 3 fr?res bosquets,48.378,6.296,Plein jour,En agglomération,Hors intersection,Normale,Deux véhicules - arrière,,,,,,,,,,,1,2,1,1.0,2
201400006184,0014-04-07 08:45:00,14,4,7,8,45,880,522,,48.35272,6.16772,Plein jour,Hors agglomération,Hors intersection,Normale,Deux véhicules - frontale,,,,,,,,,,,1,1,1,1.0,1
201400006185,0014-05-26 08:15:00,14,5,26,8,15,880,173,,48.38112,6.25154,Plein jour,Hors agglomération,Hors intersection,Temps couvert,Autre collision,,,,,,,,,,,1,1,1,8.0,6
201400006186,0014-06-15 22:30:00,14,6,15,22,30,880,449,,48.36122,6.23258,Crépuscule ou aube,Hors agglomération,Hors intersection,Normale,Autre collision,,,,,,,,,,,2,1,1,1.0,6
201400006187,0014-07-15 21:45:00,14,7,15,21,45,880,90,rue maurice barr?s,48.3696,6.29516,Plein jour,En agglomération,Hors intersection,Normale,Autre collision,,,,,,,,,,,1,2,1,1.0,6
201400006188,0014-07-23 00:45:00,14,7,23,0,45,880,56,rue simon de chatellus,48.34948,6.16231,Nuit avec éclairage allumé,En agglomération,Hors intersection,Normale,Autre collision,,,,,,,,,,,5,2,1,1.0,6
201400006189,0014-08-21 18:00:00,14,8,21,18,0,880,90,,48.35625,6.28848,Plein jour,Hors agglomération,Hors intersection,Normale,Deux véhicules - côté,,,,,,,,,,,1,1,1,1.0,3
201400006190,0014-11-04 06:45:00,14,11,4,6,45,880,513,rue d'alsace,,,Crépuscule ou aube,En agglomération,Hors intersection,Pluie légère,Deux véhicules - frontale,,,,,,,,,,,2,2,1,2.0,1
201400006191,0014-12-02 17:15:00,14,12,2,17,15,880,173,,48.39,6.242,Nuit sans éclairage public,Hors agglomération,Hors intersection,Normale,Deux véhicules - arrière,,,,,,,,,,,3,1,1,1.0,2
201400006192,0014-12-09 19:00:00,14,12,9,19,0,880,513,,48.367,6.302,Nuit sans éclairage public,Hors agglomération,Hors intersection,Normale,Autre collision,,,,,,,,,,,3,1,1,1.0,6
201400006193,0014-08-15 16:00:00,14,8,15,16,0,880,452,,48.15618,6.05697,Plein jour,Hors agglomération,Hors intersection,Normale,Deux véhicules - arrière,,,,,,,,,,,1,1,1,1.0,2
201400006194,0014-02-08 05:00:00,14,2,8,5,0,880,412,RD159 BIS,48.35835,6.73179,Nuit avec éclairage allumé,En agglomération,Hors intersection,Normale,Autre collision,,,,,,,,,,,5,2,1,1.0,6
201400006195,0014-02-18 09:30:00,14,2,18,9,30,880,367,27 rue des Fontaines,48.34721,6.63697,Plein jour,En agglomération,Hors intersection,Normale,Autre collision,,,,,,,,,,,1,2,1,1.0,6
201400006196,0014-02-24 10:45:00,14,2,24,10,45,880,521,RUE EPINAL,48.3078,6.61056,Plein jour,En agglomération,Hors intersection,Normale,Deux véhicules - frontale,,,,,,,,,,,1,2,1,1.0,1
201400006197,0014-07-25 14:30:00,14,7,25,14,30,880,251,,48.33743,6.67755,Plein jour,Hors agglomération,Hors intersection,Normale,Deux véhicules - frontale,,,,,,,,,,,1,1,1,1.0,1
201400006198,0014-08-30 18:45:00,14,8,30,18,45,880,110,Grande rue,48.40765,6.53958,Plein jour,En agglomération,Hors intersection,Normale,Deux véhicules - côté,,,,,,,,,,,1,2,1,1.0,3
201400006199,0014-09-02 16:30:00,14,9,2,16,30,880,432,,48.42303,6.58185,Plein jour,Hors agglomération,Intersection en X,Normale,Deux véhicules - arrière,,,,,,,,,,,1,1,2,1.0,2
201400006200,0014-11-11 03:45:00,14,11,11,3,45,880,521,Route d'Epinal,,,Nuit avec éclairage allumé,En agglomération,Hors intersection,Pluie légère,Autre collision,,,,,,,,,,,5,2,1,2.0,6
201400006201,0014-11-12 09:30:00,14,11,12,9,30,880,156,,,,Plein jour,Hors agglomération,Hors intersection,Temps couvert,Autre collision,,,,,,,,,,,1,1,1,8.0,6
201400006202,0014-01-01 04:45:00,14,1,1,4,45,880,342,,48.28666,6.4399,Nuit sans éclairage public,Hors agglomération,Hors intersection,Pluie légère,Deux véhicules - frontale,,,,,,,,,,,3,1,1,2.0,1
201400006203,0014-01-16 07:30:00,14,1,16,7,30,880,99,,48.22656,6.4323,Crépuscule ou aube,Hors agglomération,Autre intersection,Normale,Deux véhicules - arrière,,,,,,,,,,,2,1,9,1.0,2
201400006204,0014-01-21 07:15:00,14,1,21,7,15,880,465,,48.25383,6.42978,Nuit avec éclairage allumé,Hors agglomération,Hors intersection,Pluie légère,Deux véhicules - frontale,,,,,,,,,,,5,1,1,2.0,1
201400006205,0014-02-24 15:15:00,14,2,24,15,15,880,190,,48.2821,6.37252,Plein jour,Hors agglomération,Intersection en T,Temps éblouissant,Deux véhicules - côté,,,,,,,,,,,1,1,3,7.0,3
201400006206,0014-04-06 01:15:00,14,4,6,1,15,880,224,,48.31921,6.47625,Nuit sans éclairage public,Hors agglomération,Hors intersection,Brouillard / fumée,Autre collision,,,,,,,,,,,3,1,1,5.0,6
201400006207,0014-04-06 23:45:00,14,4,6,23,45,880,327,"101, rue de la H?rronni?",48.29556,6.38416,Nuit sans éclairage public,En agglomération,Hors intersection,Normale,Deux véhicules - côté,,,,,,,,,,,3,2,1,1.0,3
201400006208,0014-04-29 08:30:00,14,4,29,8,30,880,454,Route d'Epinal,48.2531,6.53195,Plein jour,En agglomération,Intersection en Y,Normale,Deux véhicules - côté,,,,,,,,,,,1,2,4,1.0,3
201400006209,0014-05-05 07:30:00,14,5,5,7,30,880,94,,48.31422,6.39429,Plein jour,Hors agglomération,Hors intersection,Normale,Autre collision,,,,,,,,,,,1,1,1,1.0,6