accident_id,datetime,annee,mois,jour,heure,minute,departement,commune_insee,adresse,latitude,longitude,luminosite,agglomeration,intersection,meteo,collision,nb_vehicules,nb_usagers,nb_indemnes,nb_tues,nb_blesses_hosp,nb_blesses_legers,age_cond_1,age_cond_2,veh_type_cond_1,veh_type_cond_2,lum_code,agg_code,int_code,atm_code,col_code
201400006210,0014-06-20 09:45:00,14,6,20,9,45,880,465,,48.2507,6.42338,Plein jour,Hors agglomération,Hors intersection,Normale,Deux véhicules - frontale,,,,,,,,,,,1,1,1,1.0,1
201400006211,0014-06-23 11:15:00,14,6,23,11,15,880,327,,48.30555,6.38656,Plein jour,Hors agglomération,Hors intersection,Brouillard / fumée,Deux véhicules - arrière,,,,,,,,,,,1,1,1,5.0,2
201400006212,0014-07-27 01:30:00,14,7,27,1,30,880,224,,48.32353,6.45563,Nuit sans éclairage public,Hors agglomération,Hors intersection,Normale,Autre collision,,,,,,,,,,,3,1,1,1.0,6
201400006213,0014-09-06 18:30:00,14,9,6,18,30,880,143,,48.28234,6.46215,Plein jour,Hors agglomération,Hors intersection,Normale,Autre collision,,,,,,,,,,,1,1,1,1.0,6
201400006214,0014-09-28 19:45:00,14,9,28,19,45,880,190,,48.29368,6.37654,Crépuscule ou aube,Hors agglomération,Intersection en T,Normale,Deux véhicules - côté,,,,,,,,,,,2,1,3,1.0,3
201400006215,0014-11-01 09:45:00,14,11,1,9,45,880,99,,,,Plein jour,Hors agglomération,Hors intersection,Normale,Autre collision,,,,,,,,,,,1,1,1,1.0,6
201400006216,0014-11-23 03:30:00,14,11,23,3,30,880,99,1 Rue du Centre,48.238,6.437,Nuit avec éclairage allumé,En agglomération,Hors intersection,Normale,Autre collision,,,,,,,,,,,5,2,1,1.0,6
201400006217,0014-01-14 09:15:00,14,1,14,9,15,880,321,Quai Jean Moulin,48.35363,5.69272,Plein jour,En agglomération,Hors intersection,Normale,Autre collision,,,,,,,,,,,1,2,1,1.0,6
201400006218,0014-02-14 16:15:00,14,2,14,16,15,880,206,rue de Mirecourt,48.3105,5.93294,Plein jour,En agglomération,Hors intersection,Normale,Deux véhicules - côté,,,,,,,,,,,1,2,1,1.0,3
201400006219,0014-04-09 11:45:00,14,4,9,11,45,880,321,,48.371,5.67975,Plein jour,Hors agglomération,Hors intersection,Normale,Autre collision,,,,,,,,,,,1,1,1,1.0,6
201400006220,0014-04-24 17:00:00,14,4,24,17,0,880,241,,48.27057,5.90003,Plein jour,Hors agglomération,Hors intersection,Normale,Autre collision,,,,,,,,,,,1,1,1,1.0,6
201400006221,0014-04-26 18:45:00,14,4,26,18,45,880,321,12 avFran?ois de Neufcha,48.34908,5.69538,Plein jour,En agglomération,Hors intersection,Pluie légère,Sans collision,,,,,,,,,,,1,2,1,2.0,7
201400006222,0014-04-27 16:30:00,14,4,27,16,30,880,321,,48.35272,5.71682,Plein jour,Hors agglomération,Hors intersection,Normale,Autre collision,,,,,,,,,,,1,1,1,1.0,6
201400006223,0014-05-25 20:00:00,14,5,25,20,0,880,270,"45, route de joinville",48.32759,5.56879,Plein jour,En agglomération,Hors intersection,Normale,Autre collision,,,,,,,,,,,1,2,1,1.0,6
201400006224,0014-06-10 18:45:00,14,6,10,18,45,880,15,,48.39478,5.82242,Plein jour,Hors agglomération,Hors intersection,Normale,Autre collision,,,,,,,,,,,1,1,1,1.0,6
201400006225,0014-06-13 15:15:00,14,6,13,15,15,880,229,,48.39062,5.7618,Plein jour,Hors agglomération,Hors intersection,Normale,Deux véhicules - côté,,,,,,,,,,,1,1,1,1.0,3
201400006226,0014-07-25 11:45:00,14,7,25,11,45,880,460,,48.39743,5.7273,Plein jour,Hors agglomération,Hors intersection,Normale,Autre collision,,,,,,,,,,,1,1,1,1.0,6
201400006227,0014-07-17 09:00:00,14,7,17,9,0,880,401,,48.32645,5.76141,Plein jour,Hors agglomération,Hors intersection,Normale,Sans collision,,,,,,,,,,,1,1,1,1.0,7
201400006228,0014-08-07 09:15:00,14,8,7,9,15,880,393,,48.34415,5.73958,Plein jour,Hors agglomération,Hors intersection,Temps couvert,Deux véhicules - côté,,,,,,,,,,,1,1,1,8.0,3
201400006229,0014-08-23 16:00:00,14,8,23,16,0,880,189,,48.31965,5.61959,Plein jour,Hors agglomération,Intersection en T,Normale,Deux véhicules - côté,,,,,,,,,,,1,1,3,1.0,3
201400006230,0014-08-29 15:30:00,14,8,29,15,30,880,308,,48.33619,5.64966,Plein jour,Hors agglomération,Hors intersection,Normale,Deux véhicules - frontale,,,,,,,,,,,1,1,1,1.0,1
201400006231,0014-09-26 09:30:00,14,9,26,9,30,880,321,,48.37055,5.69848,Plein jour,Hors agglomération,Passage à niveau,Normale,Trois véhicules et plus - en chaîne,,,,,,,,,,,1,1,8,1.0,4
201400006232,0014-10-01 09:45:00,14,10,1,9,45,880,363,,48.47318,5.83589,Plein jour,Hors agglomération,Intersection en X,Brouillard / fumée,Deux véhicules - frontale,,,,,,,,,,,1,1,2,5.0,1
201400006233,0014-10-08 18:00:00,14,10,8,18,0,880,321,rue du moulinot,,,Plein jour,En agglomération,Hors intersection,Normale,Deux véhicules - côté,,,,,,,,,,,1,2,1,1.0,3
201400006234,0014-10-09 13:30:00,14,10,9,13,30,880,321,avenue de Herringen,,,Plein jour,En agglomération,Intersection en X,Pluie forte,Deux véhicules - côté,,,,,,,,,,,1,2,2,3.0,3
201400006235,0014-11-08 04:45:00,14,11,8,4,45,880,290,"787, route nationale",,,Nuit avec éclairage non allumé,En agglomération,Hors intersection,Normale,Autre collision,,,,,,,,,,,4,2,1,1.0,6
201400006236,0014-12-02 13:15:00,14,12,2,13,15,880,270,route d'harr?ville,,,Plein jour,En agglomération,Hors intersection,Normale,Deux véhicules - côté,,,,,,,,,,,1,2,1,1.0,3
201400006237,0014-01-06 13:30:00,14,1,6,13,30,880,103,,48.23929,6.28229,Plein jour,Hors agglomération,Hors intersection,Normale,Autre collision,,,,,,,,,,,1,1,1,1.0,6
201400006238,0014-01-09 18:45:00,14,1,9,18,45,880,400,,48.30801,6.04322,Nuit sans éclairage public,Hors agglomération,Hors intersection,Pluie forte,Deux véhicules - frontale,,,,,,,,,,,3,1,1,3.0,1
201400006239,0014-01-20 14:45:00,14,1,20,14,45,880,304,rue Laberte et Magni?,48.29713,6.13366,Plein jour,En agglomération,Hors intersection,Normale,Autre collision,,,,,,,,,,,1,2,1,1.0,6
201400006240,0014-01-27 22:45:00,14,1,27,22,45,880,185,,48.36056,6.08644,Nuit sans éclairage public,Hors agglomération,Hors intersection,Temps couvert,Sans collision,,,,,,,,,,,3,1,1,8.0,7
201400006241,0014-03-12 11:45:00,14,3,12,11,45,880,47,,48.20455,6.1661,Plein jour,Hors agglomération,Intersection en X,Normale,Deux véhicules - côté,,,,,,,,,,,1,1,2,1.0,3
201400006242,0014-03-14 16:00:00,14,3,14,16,0,880,47,,48.20151,6.15717,Plein jour,Hors agglomération,Intersection en T,Normale,Autre collision,,,,,,,,,,,1,1,3,1.0,6
201400006243,0014-05-06 16:45:00,14,5,6,16,45,880,304,,48.30544,6.14898,Plein jour,Hors agglomération,Intersection en X,Normale,Deux véhicules - frontale,,,,,,,,,,,1,1,2,1.0,1
201400006244,0014-06-24 13:30:00,14,6,24,13,30,880,508,,48.19224,6.23032,Plein jour,Hors agglomération,Intersection en T,Normale,Deux véhicules - côté,,,,,,,,,,,1,1,3,1.0,3
201400006245,0014-07-29 17:45:00,14,7,29,17,45,880,364,,48.34622,6.11469,Plein jour,Hors agglomération,Intersection en X,Normale,Deux véhicules - frontale,,,,,,,,,,,1,1,2,1.0,1
201400006246,0014-08-04 14:45:00,14,8,4,14,45,880,47,,48.20205,6.15361,Plein jour,Hors agglomération,Intersection en X,Normale,Trois véhicules et plus - en chaîne,,,,,,,,,,,1,1,2,1.0,4
201400006247,0014-08-10 16:30:00,14,8,10,16,30,880,210,44 rue de la gite,48.19184,6.28599,Plein jour,En agglomération,Intersection en X,Normale,Deux véhicules - frontale,,,,,,,,,,,1,2,2,1.0,1
201400006248,0014-11-13 18:00:00,14,11,13,18,0,880,292,,,,Nuit avec éclairage allumé,Hors agglomération,Hors intersection,Normale,Sans collision,,,,,,,,,,,5,1,1,1.0,7
201400006249,0014-01-09 15:30:00,14,1,9,15,30,880,516,rue de LORIMA,48.2059,5.95339,Plein jour,En agglomération,Intersection en T,Normale,Deux véhicules - frontale,,,,,,,,,,,1,2,3,1.0,1
201400006250,0014-01-31 14:15:00,14,1,31,14,15,880,332,,48.22487,5.92558,Plein jour,Hors agglomération,Hors intersection,Temps éblouissant,Deux véhicules - frontale,,,,,,,,,,,1,1,1,7.0,1
201400006251,0014-06-22 15:15:00,14,6,22,15,15,880,114,Rue du 11 septembre,48.18009,5.8852,Plein jour,En agglomération,Hors intersection,Normale,Sans collision,,,,,,,,,,,1,2,1,1.0,7
201400006252,0014-07-16 19:45:00,14,7,16,19,45,880,22,,48.23355,5.83782,Plein jour,Hors agglomération,Hors intersection,Normale,Deux véhicules - frontale,,,,,,,,,,,1,1,1,1.0,1
201400006253,0014-08-02 02:15:00,14,8,2,2,15,880,490,ROUTE D'HAREVILLE,48.18721,6.01101,Nuit avec éclairage allumé,En agglomération,Hors intersection,Normale,Autre collision,,,,,,,,,,,5,2,1,1.0,6
201400006254,0014-08-03 05:15:00,14,8,3,5,15,880,488,,48.20171,6.11366,Nuit sans éclairage public,Hors agglomération,Hors intersection,Normale,Sans collision,,,,,,,,,,,3,1,1,1.0,7
201400006255,0014-10-26 18:30:00,14,10,26,18,30,880,285,,,,Crépuscule ou aube,Hors agglomération,Intersection en X,Brouillard / fumée,Deux véhicules - côté,,,,,,,,,,,2,1,2,5.0,3
201400006256,0014-05-27 10:30:00,14,5,27,10,30,880,158,1 rue de l'?glise,48.09285,6.61042,Plein jour,En agglomération,Hors intersection,Temps couvert,Autre collision,,,,,,,,,,,1,2,1,8.0,6
201400006257,0014-09-18 14:00:00,14,9,18,14,0,880,250,Carrefour RD159B/RD 42,48.11181,6.57486,Plein jour,En agglomération,Giratoire,Normale,Deux véhicules - côté,,,,,,,,,,,1,2,6,1.0,3
201400006258,0014-11-08 12:15:00,14,11,8,12,15,880,383,,47.971,6.449,Plein jour,Hors agglomération,Hors intersection,Temps éblouissant,Deux véhicules - côté,,,,,,,,,,,1,1,1,7.0,3
201400006259,0014-01-10 14:30:00,14,1,10,14,30,880,116,64 rue de la 3?DIA,47.96021,6.83355,Plein jour,En agglomération,Hors intersection,Normale,Deux véhicules - côté,,,,,,,,,,,1,2,1,1.0,3
201400006260,0014-01-16 17:15:00,14,1,16,17,15,880,486,rue d'alsace,47.99311,6.7168,Nuit avec éclairage allumé,En agglomération,Hors intersection,Pluie forte,Trois véhicules et plus - collisions multiples,,,,,,,,,,,5,2,1,3.0,5
201400006261,0014-04-07 07:15:00,14,4,7,7,15,880,447,170 Avenue Jules FERRY,47.94919,6.7725,Plein jour,En agglomération,Hors intersection,Normale,Autre collision,,,,,,,,,,,1,2,1,1.0,6
201400006262,0014-07-23 16:15:00,14,7,23,16,15,880,447,LE RAIN BRICE - LE THOLY,48.08481,6.76276,Plein jour,En agglomération,Hors intersection,Normale,Deux véhicules - frontale,,,,,,,,,,,1,2,1,1.0,1
201400006263,0014-07-31 18:00:00,14,7,31,18,0,880,75,,48.02184,6.89384,Plein jour,Hors agglomération,Hors intersection,Normale,Deux véhicules - frontale,,,,,,,,,,,1,1,1,1.0,1
201400006264,0014-08-01 10:45:00,14,8,1,10,45,880,470,,48.08481,6.76281,Plein jour,Hors agglomération,Hors intersection,Normale,Deux véhicules - frontale,,,,,,,,,,,1,1,1,1.0,1
201400006265,0014-08-30 14:45:00,14,8,30,14,45,880,75,,48.01012,6.97405,Plein jour,Hors agglomération,Hors intersection,Normale,Trois véhicules et plus - collisions multiples,,,,,,,,,,,1,1,1,1.0,5
201400006266,0014-10-05 02:00:00,14,10,5,2,0,880,177,,,,Nuit sans éclairage public,Hors agglomération,Hors intersection,Normale,Autre collision,,,,,,,,,,,3,1,1,1.0,6
201400006267,0014-03-01 03:00:00,14,3,1,3,0,880,369,48 bis rue de l'?tat,47.88289,6.7459,Nuit avec éclairage allumé,En agglomération,Hors intersection,Pluie légère,Autre collision,,,,,,,,,,,5,2,1,2.0,6
201400006268,0014-09-09 17:45:00,14,9,9,17,45,880,302,,47.91819,6.7955,Plein jour,Hors agglomération,Hors intersection,Normale,Deux véhicules - frontale,,,,,,,,,,,1,1,1,1.0,1
201400006269,0014-11-03 17:45:00,14,11,3,17,45,880,188,rue de lorraine,,,Nuit avec éclairage allumé,En agglomération,Hors intersection,Pluie légère,Autre collision,,,,,,,,,,,5,2,1,2.0,6
201400006270,0014-02-07 02:00:00,14,2,7,2,0,880,32,18 rue du stade,48.24282,7.06958,Nuit avec éclairage allumé,En agglomération,Hors intersection,Normale,Autre collision,,,,,,,,,,,5,2,1,1.0,6
201400006271,0014-07-29 16:00:00,14,7,29,16,0,880,32,route de la grande voye,48.23608,7.06126,Crépuscule ou aube,En agglomération,Hors intersection,Pluie légère,Sans collision,,,,,,,,,,,2,2,1,2.0,7
201400006272,0014-09-27 20:45:00,14,9,27,20,45,880,112,,48.33987,7.1038,Nuit sans éclairage public,Hors agglomération,Hors intersection,Normale,Sans collision,,,,,,,,,,,3,1,1,1.0,7
201400006273,0014-10-18 14:45:00,14,10,18,14,45,880,112,,48.552,7.155,Plein jour,Hors agglomération,Hors intersection,Normale,Deux véhicules - côté,,,,,,,,,,,1,1,1,1.0,3
201400006274,0014-11-02 14:15:00,14,11,2,14,15,880,213,RD32 face au num?(c)ro 1,,,Plein jour,En agglomération,Hors intersection,Normale,Deux véhicules - frontale,,,,,,,,,,,1,2,1,1.0,1
201400006275,0014-01-18 04:45:00,14,1,18,4,45,880,198,,48.12505,6.91424,Nuit sans éclairage public,Hors agglomération,Hors intersection,Autre,Autre collision,,,,,,,,,,,3,1,1,9.0,6
201400006276,0014-05-23 11:45:00,14,5,23,11,45,880,218,,48.1071,6.86268,Plein jour,Hors agglomération,Hors intersection,Normale,Autre collision,,,,,,,,,,,1,1,1,1.0,6
201400006277,0014-05-31 15:30:00,14,5,31,15,30,880,198,,48.16039,6.91801,Plein jour,Hors agglomération,Hors intersection,Normale,Deux véhicules - frontale,,,,,,,,,,,1,1,1,1.0,1
201400006278,0014-06-21 14:00:00,14,6,21,14,0,880,423,ROUTE DE SAINT DIE,48.22026,6.94473,Plein jour,En agglomération,Intersection en T,Normale,Deux véhicules - frontale,,,,,,,,,,,1,2,3,1.0,1
201400006279,0014-07-19 11:45:00,14,7,19,11,45,880,181,,48.18006,7.02347,Plein jour,Hors agglomération,Hors intersection,Normale,Autre collision,,,,,,,,,,,1,1,1,1.0,6
201400006280,0014-10-28 17:00:00,14,10,28,17,0,880,218,,48.14117,6.81825,Plein jour,Hors agglomération,Hors intersection,Normale,Sans collision,,,,,,,,,,,1,1,1,1.0,7
201400006281,0014-11-14 11:30:00,14,11,14,11,30,880,505,,,,Crépuscule ou aube,Hors agglomération,Intersection en Y,Normale,Deux véhicules - arrière,,,,,,,,,,,2,1,4,1.0,2
201400006282,0014-11-27 18:00:00,14,11,27,18,0,880,9,373 rue de SAINT DIE,,,Nuit avec éclairage allumé,En agglomération,Hors intersection,Brouillard / fumée,Autre collision,,,,,,,,,,,5,2,1,5.0,6
201400006283,0014-11-30 20:30:00,14,11,30,20,30,880,106,,,,Nuit sans éclairage public,Hors agglomération,Hors intersection,Brouillard / fumée,Autre collision,,,,,,,,,,,3,1,1,5.0,6
201400006284,0014-04-10 18:15:00,14,4,10,18,15,880,531,,48.05744,6.99482,Plein jour,Hors agglomération,Hors intersection,Normale,Autre collision,,,,,,,,,,,1,1,1,1.0,6
201400006285,0014-08-20 22:45:00,14,8,20,22,45,880,196,,48.03369,6.86447,Nuit sans éclairage public,Hors agglomération,Hors intersection,Normale,Deux véhicules - frontale,,,,,,,,,,,3,1,1,1.0,1
201400006286,0014-09-07 11:45:00,14,9,7,11,45,880,531,,48.05433,7.00456,Plein jour,Hors agglomération,Hors intersection,Normale,Deux véhicules - côté,,,,,,,,,,,1,1,1,1.0,3
201400006287,0014-10-19 17:00:00,14,10,19,17,0,880,196,rue du 152e RI,,,Plein jour,En agglomération,Hors intersection,Normale,Deux véhicules - arrière,,,,,,,,,,,1,2,1,1.0,2
201400006288,0014-12-09 17:45:00,14,12,9,17,45,880,196,,,,Nuit sans éclairage public,Hors agglomération,Hors intersection,Temps couvert,Autre collision,,,,,,,,,,,3,1,1,8.0,6
201400006289,0014-01-23 16:45:00,14,1,23,16,45,880,346,2 rue de la lib?ration,48.40565,6.9943,Plein jour,En agglomération,Hors intersection,Pluie légère,Autre collision,,,,,,,,,,,1,2,1,2.0,6
201400006290,0014-03-14 16:15:00,14,3,14,16,15,880,451,,48.39294,6.97511,Plein jour,En agglomération,Hors intersection,Normale,Deux véhicules - arrière,,,,,,,,,,,1,2,1,1.0,2
201400006291,0014-03-31 11:00:00,14,3,31,11,0,880,346,Sortie Rue de la Gare,48.40596,6.99415,Plein jour,En agglomération,Intersection en T,Normale,Autre collision,,,,,,,,,,,1,2,3,1.0,6
201400006292,0014-04-11 09:45:00,14,4,11,9,45,880,165,43 av de bellefontaine,48.35904,6.87853,Plein jour,En agglomération,Hors intersection,Normale,Deux véhicules - frontale,,,,,,,,,,,1,2,1,1.0,1
201400006293,0014-04-21 10:15:00,14,4,21,10,15,880,451,,48.38641,6.9596,Plein jour,Hors agglomération,Hors intersection,Pluie légère,Deux véhicules - frontale,,,,,,,,,,,1,1,1,2.0,1
201400006294,0014-08-17 16:00:00,14,8,17,16,0,880,165,,48.36732,6.79848,Plein jour,Hors agglomération,Hors intersection,Normale,Sans collision,,,,,,,,,,,1,1,1,1.0,7
201400006295,0014-12-15 08:30:00,14,12,15,8,30,670,482,44 route de schirmeck,,,Plein jour,En agglomération,Hors intersection,Normale,Deux véhicules - arrière,,,,,,,,,,,1,2,1,1.0,2
201400006296,0014-08-04 00:10:00,14,8,4,0,10,670,545,PV,,,Nuit sans éclairage public,Hors agglomération,Hors intersection,Normale,Autre collision,,,,,,,,,,,3,1,1,1.0,6
201400006297,0014-01-26 04:30:00,14,1,26,4,30,670,378,,48.482,7.75,Nuit sans éclairage public,Hors agglomération,Hors intersection,Normale,Autre collision,,,,,,,,,,,3,1,1,1.0,6
201400006298,0014-02-21 13:45:00,14,2,21,13,45,670,131,rue des fusiliers marins,48.488,7.729,Plein jour,En agglomération,Hors intersection,Temps couvert,Trois véhicules et plus - en chaîne,,,,,,,,,,,1,2,1,8.0,4
201400006299,0014-04-21 16:45:00,14,4,21,16,45,670,131,rue des fusiliers marins,,,Plein jour,En agglomération,Giratoire,Pluie légère,Sans collision,,,,,,,,,,,1,2,6,2.0,7
201400006300,0014-08-08 10:30:00,14,8,8,10,30,670,137,,,,Plein jour,Hors agglomération,Hors intersection,Normale,Trois véhicules et plus - collisions multiples,,,,,,,,,,,1,1,1,1.0,5
201400006301,0014-09-24 15:30:00,14,9,24,15,30,670,378,11 RUE DE LA NIEDEREAU,,,Plein jour,En agglomération,Hors intersection,Normale,Deux véhicules - côté,,,,,,,,,,,1,2,1,1.0,3
201400006302,0014-10-14 13:45:00,14,10,14,13,45,670,137,,,,Plein jour,Hors agglomération,Hors intersection,Normale,Trois véhicules et plus - collisions multiples,,,,,,,,,,,1,1,1,1.0,5
201400006303,0014-01-07 07:45:00,14,1,7,7,45,670,154,,,,Crépuscule ou aube,Hors agglomération,Hors intersection,Normale,Deux véhicules - frontale,,,,,,,,,,,2,1,1,1.0,1
201400006304,0014-03-27 08:30:00,14,3,27,8,30,670,130,,,,Plein jour,Hors agglomération,Hors intersection,Normale,Deux véhicules - frontale,,,,,,,,,,,1,1,1,1.0,1
201400006305,0014-04-06 23:45:00,14,4,6,23,45,670,197,parking salle polyvalent,,,Nuit sans éclairage public,En agglomération,Autre intersection,Normale,Sans collision,,,,,,,,,,,3,2,9,1.0,7
201400006306,0014-05-07 19:00:00,14,5,7,19,0,670,364,49 rue des Pierres,,,Plein jour,En agglomération,Hors intersection,Normale,Autre collision,,,,,,,,,,,1,2,1,1.0,6
201400006307,0014-05-08 03:15:00,14,5,8,3,15,670,154,20 RUE D'Erstein,,,Nuit avec éclairage allumé,En agglomération,Autre intersection,Normale,Deux véhicules - frontale,,,,,,,,,,,5,2,9,1.0,1
201400006308,0014-05-22 22:15:00,14,5,22,22,15,670,130,,,,Nuit sans éclairage public,Hors agglomération,Hors intersection,Pluie légère,Deux véhicules - arrière,,,,,,,,,,,3,1,1,2.0,2
201400006309,0014-05-24 23:45:00,14,5,24,23,45,670,526,"PV, 105D RUE DE BENFELD",,,Nuit avec éclairage allumé,En agglomération,Hors intersection,Normale,Autre collision,,,,,,,,,,,5,2,1,1.0,6
201400006310,0014-06-03 15:15:00,14,6,3,15,15,670,154,,,,Plein jour,Hors agglomération,Hors intersection,Normale,Deux véhicules - côté,,,,,,,,,,,1,1,1,1.0,3
201400006311,0014-07-20 21:45:00,14,7,20,21,45,670,154,,,,Nuit sans éclairage public,Hors agglomération,Hors intersection,Pluie légère,Autre collision,,,,,,,,,,,3,1,1,2.0,6
201400006312,0014-09-09 07:00:00,14,9,9,7,0,670,336,,,,Plein jour,Hors agglomération,Hors intersection,Normale,Deux véhicules - côté,,,,,,,,,,,1,1,1,1.0,3
201400006313,0014-01-24 20:45:00,14,1,24,20,45,670,348,132 boulevard  l'europe,,,Nuit avec éclairage allumé,En agglomération,Hors intersection,Normale,Autre collision,,,,,,,,,,,5,2,1,1.0,6
201400006314,0014-01-31 15:30:00,14,1,31,15,30,670,164,,48.428,7.483,Plein jour,Hors agglomération,Hors intersection,Normale,Deux véhicules - arrière,,,,,,,,,,,1,1,1,1.0,2
201400006315,0014-05-06 14:30:00,14,5,6,14,30,670,164,,,,Plein jour,Hors agglomération,Hors intersection,Normale,Deux véhicules - arrière,,,,,,,,,,,1,1,1,1.0,2
201400006316,0014-06-27 08:45:00,14,6,27,8,45,670,504,,,,Plein jour,Hors agglomération,Hors intersection,Normale,Deux véhicules - frontale,,,,,,,,,,,1,1,1,1.0,1
201400006317,0014-07-29 18:00:00,14,7,29,18,0,670,348,,,,Plein jour,Hors agglomération,Hors intersection,Temps couvert,Deux véhicules - frontale,,,,,,,,,,,1,1,1,8.0,1
201400006318,0014-09-18 17:00:00,14,9,18,17,0,670,31,5 rue des Raisins,,,Plein jour,En agglomération,Hors intersection,Normale,Deux véhicules - frontale,,,,,,,,,,,1,2,1,1.0,1
201400006319,0014-10-13 18:00:00,14,10,13,18,0,670,504,,,,Plein jour,Hors agglomération,Hors intersection,Normale,Autre collision,,,,,,,,,,,1,1,1,1.0,6
201400006320,0014-11-24 14:30:00,14,11,24,14,30,670,8,,,,Nuit sans éclairage public,Hors agglomération,Autre intersection,Autre,Autre collision,,,,,,,,,,,3,1,9,9.0,6
201400006321,0014-12-17 19:00:00,14,12,17,19,0,670,348,Route de Boersch,,,Nuit avec éclairage allumé,En agglomération,Hors intersection,Temps couvert,Deux véhicules - côté,,,,,,,,,,,5,2,1,8.0,3
201400006322,0014-04-09 12:45:00,14,4,9,12,45,670,523,43 rue de la garance,,,Plein jour,En agglomération,Hors intersection,Normale,Deux véhicules - frontale,,,,,,,,,,,1,2,1,1.0,1
201400006323,0014-07-27 23:30:00,14,7,27,23,30,670,523,,,,Nuit sans éclairage public,Hors agglomération,Hors intersection,Normale,Autre collision,,,,,,,,,,,3,1,1,1.0,6
201400006324,0014-11-13 16:00:00,14,11,13,16,0,670,331,,,,Plein jour,Hors agglomération,Hors intersection,Normale,Deux véhicules - frontale,,,,,,,,,,,1,1,1,1.0,1
201400006325,0014-04-16 07:15:00,14,4,16,7,15,670,46,ROUTE DE STRASBOURG,,,Plein jour,En agglomération,Hors intersection,Normale,Sans collision,,,,,,,,,,,1,2,1,1.0,7
201400006326,0014-05-18 20:00:00,14,5,18,20,0,670,46,rue du houblon,,,Plein jour,En agglomération,Hors intersection,Normale,Deux véhicules - côté,,,,,,,,,,,1,2,1,1.0,3
201400006327,0014-05-08 17:00:00,14,5,8,17,0,670,169,,,,Plein jour,Hors agglomération,Giratoire,Normale,Deux véhicules - côté,,,,,,,,,,,1,1,6,1.0,3
201400006328,0014-06-13 01:30:00,14,6,13,1,30,670,46,rue de MARIENTHAL,,,Nuit sans éclairage public,En agglomération,Hors intersection,Normale,Autre collision,,,,,,,,,,,3,2,1,1.0,6
201400006329,0014-07-14 19:45:00,14,7,14,19,45,670,46,rue de WEITBRUCH,,,Plein jour,En agglomération,Hors intersection,Normale,Deux véhicules - côté,,,,,,,,,,,1,2,1,1.0,3
201400006330,0014-09-16 22:00:00,14,9,16,22,0,670,450,,,,Nuit sans éclairage public,Hors agglomération,Hors intersection,Normale,Autre collision,,,,,,,,,,,3,1,1,1.0,6
201400006331,0014-09-21 04:30:00,14,9,21,4,30,670,46,,,,Nuit sans éclairage public,Hors agglomération,Hors intersection,Normale,Autre collision,,,,,,,,,,,3,1,1,1.0,6
201400006332,0014-10-14 17:30:00,14,10,14,17,30,670,345,rue de la for?t,,,Plein jour,En agglomération,Intersection en T,Normale,Deux véhicules - frontale,,,,,,,,,,,1,2,3,1.0,1
201400006333,0014-10-21 05:00:00,14,10,21,5,0,670,46,,,,Nuit sans éclairage public,Hors agglomération,Hors intersection,Normale,Deux véhicules - côté,,,,,,,,,,,3,1,1,1.0,3
201400006334,0014-12-06 10:00:00,14,12,6,10,0,670,169,,,,Plein jour,Hors agglomération,Hors intersection,Pluie légère,Deux véhicules - frontale,,,,,,,,,,,1,1,1,2.0,1
201400006335,0014-02-01 18:15:00,14,2,1,18,15,670,300,,,,Nuit avec éclairage allumé,Hors agglomération,Hors intersection,Normale,Deux véhicules - côté,,,,,,,,,,,5,1,1,1.0,3
201400006336,0014-02-12 14:00:00,14,2,12,14,0,670,101,rue mercure,,,Plein jour,En agglomération,Hors intersection,Normale,Autre collision,,,,,,,,,,,1,2,1,1.0,6
201400006337,0014-04-10 06:45:00,14,4,10,6,45,670,101,"14, faubourg des vosges",,,Plein jour,En agglomération,Hors intersection,Normale,Deux véhicules - côté,,,,,,,,,,,1,2,1,1.0,3
201400006338,0014-04-29 17:15:00,14,4,29,17,15,670,101,Faubourg des Vosges,,,Plein jour,En agglomération,Hors intersection,Normale,Deux véhicules - côté,,,,,,,,,,,1,2,1,1.0,3
201400006339,0014-06-05 21:15:00,14,6,5,21,15,670,127,,,,Crépuscule ou aube,Hors agglomération,Hors intersection,Normale,Deux véhicules - frontale,,,,,,,,,,,2,1,1,1.0,1
201400006340,0014-06-12 14:45:00,14,6,12,14,45,670,188,,,,Plein jour,Hors agglomération,Hors intersection,Normale,Trois véhicules et plus - en chaîne,,,,,,,,,,,1,1,1,1.0,4
201400006341,0014-07-08 12:45:00,14,7,8,12,45,670,188,,,,Plein jour,Hors agglomération,Hors intersection,Temps couvert,Trois véhicules et plus - collisions multiples,,,,,,,,,,,1,1,1,8.0,5