accident_id,datetime,annee,mois,jour,heure,minute,departement,commune_insee,adresse,latitude,longitude,luminosite,agglomeration,intersection,meteo,collision,nb_vehicules,nb_usagers,nb_indemnes,nb_tues,nb_blesses_hosp,nb_blesses_legers,age_cond_1,age_cond_2,veh_type_cond_1,veh_type_cond_2,lum_code,agg_code,int_code,atm_code,col_code
201400006480,0014-06-21 13:15:00,14,6,21,13,15,680,329,,48.06681,7.0578,Plein jour,Hors agglomération,Hors intersection,Normale,Autre collision,,,,,,,,,,,1,1,1,1.0,6
201400006481,0014-08-09 15:30:00,14,8,9,15,30,680,329,,48.06172,7.04661,Plein jour,Hors agglomération,Hors intersection,Normale,Deux véhicules - frontale,,,,,,,,,,,1,1,1,1.0,1
201400006482,0014-08-10 13:15:00,14,8,10,13,15,680,311,,47.99555,7.07256,Plein jour,Hors agglomération,Hors intersection,Normale,Sans collision,,,,,,,,,,,1,1,1,1.0,7
201400006483,0014-08-12 17:15:00,14,8,12,17,15,680,226,Rue de la République,48.0409,7.13819,Plein jour,En agglomération,Hors intersection,Normale,Autre collision,,,,,,,,,,,1,2,1,1.0,6
201400006484,0014-10-22 09:15:00,14,10,22,9,15,680,329,route de la schlucht,48.05491,7.10332,Plein jour,En agglomération,Hors intersection,Pluie forte,Deux véhicules - côté,,,,,,,,,,,1,2,1,3.0,3
201400006485,0014-10-29 21:15:00,14,10,29,21,15,680,193,41 rue principale,48.03241,7.11,Nuit avec éclairage allumé,En agglomération,Intersection en T,Pluie légère,Deux véhicules - frontale,,,,,,,,,,,5,2,3,2.0,1
201400006486,0014-12-24 11:30:00,14,12,24,11,30,680,368,rue de l'?glise,48.05366,7.20411,Plein jour,En agglomération,Hors intersection,Normale,Autre collision,,,,,,,,,,,1,2,1,1.0,6
201400006487,0014-01-02 15:45:00,14,1,2,15,45,680,352,,48.01416,7.53793,Plein jour,Hors agglomération,Giratoire,Normale,Deux véhicules - côté,,,,,,,,,,,1,1,6,1.0,3
201400006488,0014-01-09 12:15:00,14,1,9,12,15,680,1,,48.00561,7.53662,Plein jour,Hors agglomération,Hors intersection,Normale,Autre collision,,,,,,,,,,,1,1,1,1.0,6
201400006489,0014-03-30 19:30:00,14,3,30,19,30,680,351,,48.01988,7.57699,Plein jour,Hors agglomération,Hors intersection,Normale,Autre collision,,,,,,,,,,,1,1,1,1.0,6
201400006490,0014-09-09 15:15:00,14,9,9,15,15,680,130,Route de Strasbourg,47.97293,7.53772,Plein jour,En agglomération,Hors intersection,Normale,Deux véhicules - arrière,,,,,,,,,,,1,2,1,1.0,2
201400006491,0014-11-22 13:30:00,14,11,22,13,30,680,230,,47.9346,7.54141,Plein jour,Hors agglomération,Hors intersection,Normale,Autre collision,,,,,,,,,,,1,1,1,1.0,6
201400006492,0014-04-14 13:30:00,14,4,14,13,30,680,28,43 rue des vignerons,48.20471,7.36162,Plein jour,En agglomération,Hors intersection,Temps éblouissant,Autre collision,,,,,,,,,,,1,2,1,7.0,6
201400006493,0014-05-16 16:45:00,14,5,16,16,45,680,113,,48.19005,7.37333,Plein jour,Hors agglomération,Hors intersection,Normale,Deux véhicules - frontale,,,,,,,,,,,1,1,1,1.0,1
201400006494,0014-09-19 07:45:00,14,9,19,7,45,680,296,,48.24436,7.34638,Plein jour,Hors agglomération,Hors intersection,Normale,Autre collision,,,,,,,,,,,1,1,1,1.0,6
201400006495,0014-11-03 15:45:00,14,11,3,15,45,680,285,,,,Plein jour,En agglomération,Hors intersection,Normale,Deux véhicules - frontale,,,,,,,,,,,1,2,1,1.0,1
201400006496,0014-12-22 04:45:00,14,12,22,4,45,680,269,,48.17417,7.32241,Nuit sans éclairage public,Hors agglomération,Hors intersection,Normale,Autre collision,,,,,,,,,,,3,1,1,1.0,6
201400006497,0014-01-09 13:00:00,14,1,9,13,0,680,185,,48.27099,7.32917,Plein jour,Hors agglomération,Hors intersection,Normale,Autre collision,,,,,,,,,,,1,1,1,1.0,6
201400006498,0014-01-21 17:00:00,14,1,21,17,0,680,185,,48.2684,7.28009,Crépuscule ou aube,Hors agglomération,Hors intersection,Normale,Trois véhicules et plus - collisions multiples,,,,,,,,,,,2,1,1,1.0,5
201400006499,0014-02-19 17:30:00,14,2,19,17,30,680,185,,48.26658,7.30034,Plein jour,Hors agglomération,Hors intersection,Normale,Deux véhicules - frontale,,,,,,,,,,,1,1,1,1.0,1
201400006500,0014-03-07 16:45:00,14,3,7,16,45,680,185,11 rue de la Gare,48.27217,7.28082,Plein jour,En agglomération,Hors intersection,Normale,Autre collision,,,,,,,,,,,1,2,1,1.0,6
201400006501,0014-08-31 15:45:00,14,8,31,15,45,680,298,,48.20141,7.12536,Plein jour,Hors agglomération,Hors intersection,Temps couvert,Deux véhicules - frontale,,,,,,,,,,,1,1,1,8.0,1
201400006502,0014-11-07 16:30:00,14,11,7,16,30,680,298,,48.24488,7.13723,Crépuscule ou aube,Hors agglomération,Hors intersection,Normale,Autre collision,,,,,,,,,,,2,1,1,1.0,6
201400006503,0014-04-05 23:00:00,14,4,5,23,0,680,374,,48.07122,7.31063,Nuit sans éclairage public,Hors agglomération,Intersection en T,Normale,Deux véhicules - côté,,,,,,,,,,,3,1,3,1.0,3
201400006504,0014-06-14 17:00:00,14,6,14,17,0,680,374,,48.09422,7.22854,Plein jour,Hors agglomération,Hors intersection,Normale,Sans collision,,,,,,,,,,,1,1,1,1.0,7
201400006505,0014-07-11 08:30:00,14,7,11,8,30,680,374,130 RUE Clémenceau,48.07428,7.2842,Plein jour,En agglomération,Intersection en T,Normale,Deux véhicules - côté,,,,,,,,,,,1,2,3,1.0,3
201400006506,0014-09-28 17:15:00,14,9,28,17,15,680,338,,,,Plein jour,Hors agglomération,Hors intersection,Normale,Deux véhicules - frontale,,,,,,,,,,,1,1,1,1.0,1
201400006507,0014-09-29 18:15:00,14,9,29,18,15,680,78,,48.03989,7.3227,Plein jour,Hors agglomération,Hors intersection,Normale,Sans collision,,,,,,,,,,,1,1,1,1.0,7
201400006508,0014-09-30 15:45:00,14,9,30,15,45,680,374,RD 83,48.08784,7.31467,Plein jour,En agglomération,Intersection en T,Normale,Deux véhicules - côté,,,,,,,,,,,1,2,3,1.0,3
201400006509,0014-10-06 12:45:00,14,10,6,12,45,680,134,,48.0202,7.31522,Plein jour,Hors agglomération,Hors intersection,Normale,Autre collision,,,,,,,,,,,1,1,1,1.0,6
201400006510,0014-10-24 11:30:00,14,10,24,11,30,680,338,place de la paix,48.091,7.273,Plein jour,En agglomération,Hors intersection,Normale,Autre collision,,,,,,,,,,,1,2,1,1.0,6
201400006511,0014-12-09 16:45:00,14,12,9,16,45,680,354,,48.05733,7.22867,Crépuscule ou aube,Hors agglomération,Intersection en T,Pluie légère,Deux véhicules - côté,,,,,,,,,,,2,1,3,2.0,3
201400006512,0014-01-20 11:15:00,14,1,20,11,15,680,333,,47.61327,7.32259,Plein jour,Hors agglomération,Hors intersection,Temps couvert,Autre collision,,,,,,,,,,,1,1,1,8.0,6
201400006513,0014-04-01 14:00:00,14,4,1,14,0,680,138,20 RUE DU Gal DE GAULLE,47.58479,7.25185,Plein jour,En agglomération,Hors intersection,Normale,Deux véhicules - frontale,,,,,,,,,,,1,2,1,1.0,1
201400006514,0014-04-12 11:15:00,14,4,12,11,15,680,158,rue de Helfrantzkirch,47.59963,7.37069,Plein jour,En agglomération,Intersection en T,Normale,Deux véhicules - côté,,,,,,,,,,,1,2,3,1.0,3
201400006515,0014-04-14 13:15:00,14,4,14,13,15,680,4,Place de la r?union,47.62346,7.23932,Plein jour,En agglomération,Hors intersection,Normale,Autre collision,,,,,,,,,,,1,2,1,1.0,6
201400006516,0014-05-17 17:45:00,14,5,17,17,45,680,139,Rue Principale,47.59861,7.22275,Plein jour,En agglomération,Intersection en X,Normale,Deux véhicules - côté,,,,,,,,,,,1,2,2,1.0,3
201400006517,0014-05-26 11:45:00,14,5,26,11,45,680,4,52 rue Gilardoni,47.62385,7.23929,Plein jour,En agglomération,Hors intersection,Normale,Autre collision,,,,,,,,,,,1,2,1,1.0,6
201400006518,0014-09-05 02:45:00,14,9,5,2,45,680,108,,47.56704,7.29705,Nuit avec éclairage allumé,En agglomération,Hors intersection,Normale,Sans collision,,,,,,,,,,,5,2,1,1.0,7
201400006519,0014-09-17 06:15:00,14,9,17,6,15,680,124,,47.61155,7.32963,Crépuscule ou aube,Hors agglomération,Hors intersection,Normale,Deux véhicules - frontale,,,,,,,,,,,2,1,1,1.0,1
201400006520,0014-11-10 21:45:00,14,11,10,21,45,680,148,,47.61125,7.34788,Nuit sans éclairage public,Hors agglomération,Hors intersection,Normale,Autre collision,,,,,,,,,,,3,1,1,1.0,6
201400006521,0014-02-09 16:15:00,14,2,9,16,15,680,141,,47.70424,7.26021,Plein jour,En agglomération,Hors intersection,Normale,Autre collision,,,,,,,,,,,1,2,1,1.0,6
201400006522,0014-05-23 18:00:00,14,5,23,18,0,680,125,rue principale,47.68855,7.12759,Plein jour,En agglomération,Intersection en X,Normale,Sans collision,,,,,,,,,,,1,2,2,1.0,7
201400006523,0014-09-13 22:30:00,14,9,13,22,30,680,245,rue principale,47.69199,7.30958,Nuit avec éclairage allumé,En agglomération,Hors intersection,Temps couvert,Autre collision,,,,,,,,,,,5,2,1,8.0,6
201400006524,0014-11-02 15:00:00,14,11,2,15,0,680,152,,,,Plein jour,Hors agglomération,Hors intersection,Normale,Deux véhicules - côté,,,,,,,,,,,1,1,1,1.0,3
201400006525,0014-11-07 21:45:00,14,11,7,21,45,680,200,,47.61202,7.10795,Nuit sans éclairage public,Hors agglomération,Hors intersection,Temps couvert,Autre collision,,,,,,,,,,,3,1,1,8.0,6
201400006526,0014-03-17 18:45:00,14,3,17,18,45,680,62,,47.62912,7.18902,Crépuscule ou aube,Hors agglomération,Hors intersection,Normale,Sans collision,,,,,,,,,,,2,1,1,1.0,7
201400006527,0014-06-22 07:45:00,14,6,22,7,45,680,288,,47.54374,7.25625,Plein jour,Hors agglomération,Hors intersection,Normale,Autre collision,,,,,,,,,,,1,1,1,1.0,6
201400006528,0014-06-28 16:00:00,14,6,28,16,0,680,25,,47.47626,7.28255,Plein jour,Hors agglomération,Hors intersection,Temps couvert,Sans collision,,,,,,,,,,,1,1,1,8.0,7
201400006529,0014-07-07 20:45:00,14,7,7,20,45,680,39,,47.53524,7.20529,Plein jour,Hors agglomération,Hors intersection,Normale,Autre collision,,,,,,,,,,,1,1,1,1.0,6
201400006530,0014-07-14 18:00:00,14,7,14,18,0,680,248,,47.49665,7.41391,Plein jour,Hors agglomération,Hors intersection,Temps couvert,Sans collision,,,,,,,,,,,1,1,1,8.0,7
201400006531,0014-08-12 15:45:00,14,8,12,15,45,680,176,,47.56845,7.19565,Plein jour,Hors agglomération,Hors intersection,Normale,Autre collision,,,,,,,,,,,1,1,1,1.0,6
201400006532,0014-08-30 08:15:00,14,8,30,8,15,680,305,,47.53192,7.15473,Plein jour,Hors agglomération,Hors intersection,Brouillard / fumée,Sans collision,,,,,,,,,,,1,1,1,5.0,7
201400006533,0014-08-30 21:45:00,14,8,30,21,45,680,312,,47.47319,7.34216,Nuit sans éclairage public,Hors agglomération,Intersection en X,Normale,Sans collision,,,,,,,,,,,3,1,2,1.0,7
201400006534,0014-08-29 06:15:00,14,8,29,6,15,680,128,,47.56287,7.23967,Crépuscule ou aube,Hors agglomération,Hors intersection,Pluie forte,Sans collision,,,,,,,,,,,2,1,1,3.0,7
201400006535,0014-10-08 19:15:00,14,10,8,19,15,680,87,,47.53244,7.23787,Nuit sans éclairage public,Hors agglomération,Hors intersection,Pluie légère,Autre collision,,,,,,,,,,,3,1,1,2.0,6
201400006536,0014-10-12 05:00:00,14,10,12,5,0,680,100,10 rue Principale,47.59342,7.14141,Nuit avec éclairage allumé,En agglomération,Hors intersection,Normale,Autre collision,,,,,,,,,,,5,2,1,1.0,6
201400006537,0014-10-19 20:00:00,14,10,19,20,0,680,340,,47.56032,7.1573,Nuit sans éclairage public,Hors agglomération,Hors intersection,Normale,Autre collision,,,,,,,,,,,3,1,1,1.0,6
201400006538,0014-10-31 20:45:00,14,10,31,20,45,680,49,,,,Nuit avec éclairage allumé,En agglomération,Hors intersection,Normale,Autre collision,,,,,,,,,,,5,2,1,1.0,6
201400006539,0014-09-20 20:15:00,14,9,20,20,15,680,99,07 rue principale,47.68857,7.26871,Nuit avec éclairage allumé,En agglomération,Hors intersection,Normale,Autre collision,,,,,,,,,,,5,2,1,1.0,6
201400006540,0014-02-18 07:45:00,14,2,18,7,45,680,235,,47.98173,7.44215,Plein jour,Hors agglomération,Hors intersection,Normale,Deux véhicules - frontale,,,,,,,,,,,1,1,1,1.0,1
201400006541,0014-03-11 13:45:00,14,3,11,13,45,680,258,rue d'ensisheim,47.84021,7.31215,Plein jour,En agglomération,Hors intersection,Normale,Deux véhicules - frontale,,,,,,,,,,,1,2,1,1.0,1
201400006542,0014-05-08 20:00:00,14,5,8,20,0,680,266,,47.9046,7.40196,Plein jour,Hors agglomération,Intersection en T,Normale,Autre collision,,,,,,,,,,,1,1,3,1.0,6
201400006543,0014-08-08 14:45:00,14,8,8,14,45,680,37,,47.95073,7.41181,Plein jour,Hors agglomération,Intersection en T,Normale,Deux véhicules - côté,,,,,,,,,,,1,1,3,1.0,3
201400006544,0014-08-11 08:30:00,14,8,11,8,30,680,235,,47.98096,7.37543,Plein jour,Hors agglomération,Hors intersection,Normale,Deux véhicules - frontale,,,,,,,,,,,1,1,1,1.0,1
201400006545,0014-08-31 20:45:00,14,8,31,20,45,680,82,,47.85242,7.34749,Nuit sans éclairage public,Hors agglomération,Hors intersection,Temps couvert,Autre collision,,,,,,,,,,,3,1,1,8.0,6
201400006546,0014-10-08 08:30:00,14,10,8,8,30,680,235,,47.99159,7.37936,Plein jour,Hors agglomération,Hors intersection,Pluie légère,Deux véhicules - frontale,,,,,,,,,,,1,1,1,2.0,1
201400006547,0014-11-17 17:45:00,14,11,17,17,45,680,82,rue de Pulversheim,,,Nuit avec éclairage allumé,En agglomération,Hors intersection,Pluie légère,Deux véhicules - frontale,,,,,,,,,,,5,2,1,2.0,1
201400006548,0014-11-29 18:15:00,14,11,29,18,15,680,266,,47.87662,7.38649,Nuit sans éclairage public,Hors agglomération,Intersection en X,Temps couvert,Deux véhicules - côté,,,,,,,,,,,3,1,2,8.0,3
201400006549,0014-01-28 19:00:00,14,1,28,19,0,680,287,,47.94206,7.28294,Nuit sans éclairage public,Hors agglomération,Intersection en X,Normale,Deux véhicules - côté,,,,,,,,,,,3,1,2,1.0,3
201400006550,0014-03-24 19:15:00,14,3,24,19,15,680,364,rue Saint-Blaise,47.95438,7.25572,Crépuscule ou aube,En agglomération,Intersection en T,Normale,Deux véhicules - côté,,,,,,,,,,,2,2,3,1.0,3
201400006551,0014-08-30 18:15:00,14,8,30,18,15,680,123,,48.01113,7.30583,Plein jour,Hors agglomération,Intersection en X,Normale,Deux véhicules - côté,,,,,,,,,,,1,1,2,1.0,3
201400006552,0014-05-10 17:00:00,14,5,10,17,0,680,154,rue de Bruges,47.7656,7.36217,Plein jour,En agglomération,Hors intersection,Normale,Autre collision,,,,,,,,,,,1,2,1,1.0,6
201400006553,0014-05-21 18:30:00,14,5,21,18,30,680,154,rue du repos,,,Plein jour,En agglomération,Giratoire,Normale,Deux véhicules - côté,,,,,,,,,,,1,2,6,1.0,3
201400006554,0014-06-13 14:00:00,14,6,13,14,0,680,154,RUE DE BERNE,47.77063,7.38678,Plein jour,En agglomération,Hors intersection,Normale,Autre collision,,,,,,,,,,,1,2,1,1.0,6
201400006555,0014-06-24 08:00:00,14,6,24,8,0,680,154,9 rue de Mulhouse,47.77916,7.34752,Plein jour,En agglomération,Giratoire,Normale,Deux véhicules - côté,,,,,,,,,,,1,2,6,1.0,3
201400006556,0014-06-30 17:15:00,14,6,30,17,15,680,154,avenue de belgique,47.76605,7.36244,Plein jour,En agglomération,Autre intersection,Normale,Deux véhicules - côté,,,,,,,,,,,1,2,9,1.0,3
201400006557,0014-09-18 06:45:00,14,9,18,6,45,680,154,rue Hoffet,47.78163,7.34769,Crépuscule ou aube,En agglomération,Hors intersection,Pluie légère,Deux véhicules - frontale,,,,,,,,,,,2,2,1,2.0,1
201400006558,0014-12-06 17:00:00,14,12,6,17,0,680,154,rue de berne,47.77102,7.38637,Nuit avec éclairage allumé,En agglomération,Hors intersection,Pluie légère,Autre collision,,,,,,,,,,,5,2,1,2.0,6
201400006559,0014-12-17 17:00:00,14,12,17,17,0,680,300,,,,Nuit avec éclairage allumé,Hors agglomération,Hors intersection,Pluie légère,Deux véhicules - frontale,,,,,,,,,,,5,1,1,2.0,1
201400006560,0014-01-10 13:30:00,14,1,10,13,30,680,270,rue principale,47.7768,7.29029,Plein jour,En agglomération,Hors intersection,Normale,Autre collision,,,,,,,,,,,1,2,1,1.0,6
201400006561,0014-05-02 14:15:00,14,5,2,14,15,680,218,5 rue de la premi?re arm,47.73633,7.2694,Plein jour,En agglomération,Hors intersection,Normale,Autre collision,,,,,,,,,,,1,2,1,1.0,6
201400006562,0014-09-11 18:30:00,14,9,11,18,30,680,70,,47.71774,7.3014,Plein jour,En agglomération,Intersection en X,Normale,Deux véhicules - côté,,,,,,,,,,,1,2,2,1.0,3
201400006563,0014-11-12 17:15:00,14,11,12,17,15,680,195,rue de thann,47.75904,7.27794,Nuit avec éclairage non allumé,En agglomération,Hors intersection,Pluie forte,Autre collision,,,,,,,,,,,4,2,1,3.0,6
201400006564,0014-01-27 11:30:00,14,1,27,11,30,680,182,rue de flueh,47.49305,7.48082,Plein jour,En agglomération,Intersection en X,Normale,Deux véhicules - côté,,,,,,,,,,,1,2,2,1.0,3
201400006565,0014-01-10 19:15:00,14,1,10,19,15,680,182,,47.51069,7.48646,Nuit sans éclairage public,Hors agglomération,Hors intersection,Normale,Deux véhicules - frontale,,,,,,,,,,,3,1,1,1.0,1
201400006566,0014-03-01 19:00:00,14,3,1,19,0,680,263,rue de Bâle,47.58825,7.44657,Nuit sans éclairage public,En agglomération,Hors intersection,Normale,Deux véhicules - côté,,,,,,,,,,,3,2,1,1.0,3
201400006567,0014-03-02 23:15:00,14,3,2,23,15,680,263,8 rue de b?le,47.58842,7.4469,Nuit avec éclairage allumé,En agglomération,Hors intersection,Normale,Deux véhicules - frontale,,,,,,,,,,,5,2,1,1.0,1
201400006568,0014-04-04 12:15:00,14,4,4,12,15,680,135,rue de l'industrie,47.58313,7.52035,Plein jour,En agglomération,Hors intersection,Normale,Deux véhicules - arrière,,,,,,,,,,,1,2,1,1.0,2
201400006569,0014-04-04 16:00:00,14,4,4,16,0,680,208,rue Principale,47.56885,7.45529,Plein jour,En agglomération,Intersection en X,Normale,Deux véhicules - côté,,,,,,,,,,,1,2,2,1.0,3
201400006570,0014-04-26 22:45:00,14,4,26,22,45,680,182,,47.50125,7.50346,Nuit sans éclairage public,Hors agglomération,Hors intersection,Pluie forte,Deux véhicules - arrière,,,,,,,,,,,3,1,1,3.0,2
201400006571,0014-05-27 17:15:00,14,5,27,17,15,680,61,rue de wentzwiller,47.55811,7.50737,Plein jour,En agglomération,Hors intersection,Normale,Autre collision,,,,,,,,,,,1,2,1,1.0,6
201400006572,0014-06-17 18:45:00,14,6,17,18,45,680,94,,47.54273,7.43507,Plein jour,Hors agglomération,Hors intersection,Normale,Sans collision,,,,,,,,,,,1,1,1,1.0,7
201400006573,0014-06-20 17:15:00,14,6,20,17,15,680,182,,47.50233,7.50801,Plein jour,Hors agglomération,Hors intersection,Normale,Autre collision,,,,,,,,,,,1,1,1,1.0,6
201400006574,0014-08-21 07:15:00,14,8,21,7,15,680,182,rue principale,47.49619,7.48699,Plein jour,En agglomération,Intersection en T,Normale,Deux véhicules - côté,,,,,,,,,,,1,2,3,1.0,3
201400006575,0014-10-01 09:15:00,14,10,1,9,15,680,126,rue longue - rue philipp,47.56218,7.52274,Plein jour,En agglomération,Intersection en X,Normale,Deux véhicules - côté,,,,,,,,,,,1,2,2,1.0,3
201400006576,0014-01-25 04:45:00,14,1,25,4,45,680,21,"rue de Blotzheim, CD 201",47.62638,7.48472,Nuit avec éclairage allumé,En agglomération,Hors intersection,Normale,Autre collision,,,,,,,,,,,5,2,1,1.0,6
201400006577,0014-05-24 23:45:00,14,5,24,23,45,680,197,,47.63375,7.42054,Nuit sans éclairage public,Hors agglomération,Hors intersection,Normale,Autre collision,,,,,,,,,,,3,1,1,1.0,6
201400006578,0014-05-28 17:45:00,14,5,28,17,45,680,163,rue des Paquerettes,47.66281,7.50053,Plein jour,En agglomération,Intersection en X,Normale,Deux véhicules - frontale,,,,,,,,,,,1,2,2,1.0,1
201400006579,0014-06-16 14:30:00,14,6,16,14,30,680,265,,47.63813,7.36978,Plein jour,Hors agglomération,Hors intersection,Normale,Autre collision,,,,,,,,,,,1,1,1,1.0,6
201400006580,0014-12-23 12:30:00,14,12,23,12,30,680,72,,,,Plein jour,Hors agglomération,Hors intersection,Normale,Deux véhicules - côté,,,,,,,,,,,1,1,1,1.0,3
201400006581,0014-02-02 17:30:00,14,2,2,17,30,680,106,,47.86904,7.09507,Crépuscule ou aube,Hors agglomération,Hors intersection,Normale,Sans collision,,,,,,,,,,,2,1,1,1.0,7
201400006582,0014-07-01 12:30:00,14,7,1,12,30,680,334,"11, rue du Rhin",47.82756,7.08096,Plein jour,En agglomération,Hors intersection,Normale,Autre collision,,,,,,,,,,,1,2,1,1.0,6
201400006583,0014-07-19 13:45:00,14,7,19,13,45,680,106,,47.86681,7.12167,Plein jour,Hors agglomération,Hors intersection,Normale,Deux véhicules - côté,,,,,,,,,,,1,1,1,1.0,3
201400006584,0014-09-06 10:15:00,14,9,6,10,15,680,315,,47.89162,7.11265,Plein jour,Hors agglomération,Hors intersection,Normale,Sans collision,,,,,,,,,,,1,1,1,1.0,7
201400006585,0014-09-17 20:00:00,14,9,17,20,0,680,106,,47.88257,7.08069,Nuit sans éclairage public,Hors agglomération,Hors intersection,Normale,Sans collision,,,,,,,,,,,3,1,1,1.0,7
201400006586,0014-01-20 04:45:00,14,1,20,4,45,680,63,,47.79513,7.15837,Nuit avec éclairage allumé,Hors agglomération,Giratoire,Brouillard / fumée,Autre collision,,,,,,,,,,,5,1,6,5.0,6
201400006587,0014-01-31 12:15:00,14,1,31,12,15,680,63,rue de wittelsheim,47.80304,7.17851,Plein jour,En agglomération,Hors intersection,Normale,Autre collision,,,,,,,,,,,1,2,1,1.0,6
201400006588,0014-04-01 14:00:00,14,4,1,14,0,680,63,41 rue des Fabriques,47.80921,7.18458,Plein jour,En agglomération,Hors intersection,Normale,Deux véhicules - côté,,,,,,,,,,,1,2,1,1.0,3
201400006589,0014-07-17 18:45:00,14,7,17,18,45,680,63,,47.80403,7.19174,Plein jour,Hors agglomération,Autre intersection,Normale,Deux véhicules - arrière,,,,,,,,,,,1,1,9,1.0,2
201400006590,0014-10-20 17:00:00,14,10,20,17,0,680,63,rue raymond poincar?,,,Plein jour,En agglomération,Hors intersection,Normale,Autre collision,,,,,,,,,,,1,2,1,1.0,6
201400006591,0014-03-20 12:00:00,14,3,20,12,0,680,292,,47.87597,7.02285,Plein jour,Hors agglomération,Hors intersection,Normale,Deux véhicules - côté,,,,,,,,,,,1,1,1,1.0,3
201400006592,0014-04-23 11:25:00,14,4,23,11,25,680,217,GENERAL DE GAULLE 59,47.86083,7.04864,Plein jour,En agglomération,Hors intersection,Normale,Deux véhicules - côté,,,,,,,,,,,1,2,1,1.0,3
201400006593,0014-05-17 16:00:00,14,5,17,16,0,680,171,,47.95447,6.96131,Plein jour,Hors agglomération,Hors intersection,Normale,Autre collision,,,,,,,,,,,1,1,1,1.0,6
201400006594,0014-05-25 09:00:00,14,5,25,9,0,680,262,,47.91409,7.04401,Plein jour,Hors agglomération,Hors intersection,Normale,Deux véhicules - frontale,,,,,,,,,,,1,1,1,1.0,1
201400006595,0014-05-24 13:15:00,14,5,24,13,15,680,247,,47.94779,6.99564,Plein jour,Hors agglomération,Hors intersection,Normale,Sans collision,,,,,,,,,,,1,1,1,1.0,7
201400006596,0014-05-29 16:00:00,14,5,29,16,0,680,171,,47.97312,6.98797,Plein jour,Hors agglomération,Hors intersection,Temps couvert,Deux véhicules - frontale,,,,,,,,,,,1,1,1,8.0,1
201400006597,0014-07-02 21:15:00,14,7,2,21,15,680,292,,47.87733,7.01232,Plein jour,Hors agglomération,Passage à niveau,Normale,Deux véhicules - côté,,,,,,,,,,,1,1,8,1.0,3
201400006598,0014-08-10 11:30:00,14,8,10,11,30,680,171,,47.95539,6.98866,Plein jour,Hors agglomération,Hors intersection,Temps couvert,Autre collision,,,,,,,,,,,1,1,1,8.0,6
201400006599,0014-09-27 20:15:00,14,9,27,20,15,680,89,90 Grand Rue,47.89788,6.98226,Nuit avec éclairage allumé,En agglomération,Hors intersection,Normale,Deux véhicules - arrière,,,,,,,,,,,5,2,1,1.0,2
201400006600,0014-10-08 12:30:00,14,10,8,12,30,680,217,,47.86993,7.05677,Plein jour,Hors agglomération,Hors intersection,Temps couvert,Autre collision,,,,,,,,,,,1,1,1,8.0,6
201400006601,0014-11-03 14:15:00,14,11,3,14,15,680,89,Rue du G?n?ral de Gaulle,47.86044,7.04914,Plein jour,En agglomération,Intersection en T,Pluie légère,Deux véhicules - côté,,,,,,,,,,,1,2,3,2.0,3
201400006602,0014-12-02 16:00:00,14,12,2,16,0,680,217,56 rue du Gal de Gaulle,47.86074,7.04871,Plein jour,En agglomération,Hors intersection,Pluie légère,Autre collision,,,,,,,,,,,1,2,1,2.0,6
201400006603,0014-01-08 14:45:00,14,1,8,14,45,680,201,rue de Mulhouse,47.77029,7.00386,Plein jour,En agglomération,Intersection en T,Normale,Deux véhicules - côté,,,,,,,,,,,1,2,3,1.0,3
201400006604,0014-09-06 14:30:00,14,9,6,14,30,680,307,,47.81094,6.89515,Plein jour,Hors agglomération,Hors intersection,Temps couvert,Deux véhicules - côté,,,,,,,,,,,1,1,1,8.0,3
201400006605,0014-01-07 18:15:00,14,1,7,18,15,510,548,D3,,,Nuit sans éclairage public,Hors agglomération,Hors intersection,Normale,Deux véhicules - frontale,,,,,,,,,,,3,1,1,1.0,1
201400006606,0014-01-18 11:45:00,14,1,18,11,45,510,149,D60/CHEMIN DES VIGNES,,,Plein jour,En agglomération,Intersection en T,Normale,Trois véhicules et plus - en chaîne,,,,,,,,,,,1,2,3,1.0,4
201400006607,0014-01-23 18:30:00,14,1,23,18,30,510,161,D37,,,Nuit sans éclairage public,Hors agglomération,Hors intersection,Pluie légère,Trois véhicules et plus - collisions multiples,,,,,,,,,,,3,1,1,2.0,5
201400006608,0014-04-08 16:45:00,14,4,8,16,45,510,259,D54/VC,,,Plein jour,Hors agglomération,Intersection en X,Normale,Deux véhicules - côté,,,,,,,,,,,1,1,2,1.0,3
201400006609,0014-06-14 18:30:00,14,6,14,18,30,510,617,N44,,,Plein jour,Hors agglomération,Intersection en T,Normale,Deux véhicules - frontale,,,,,,,,,,,1,1,3,1.0,1