accident_id,datetime,annee,mois,jour,heure,minute,departement,commune_insee,adresse,latitude,longitude,luminosite,agglomeration,intersection,meteo,collision,nb_vehicules,nb_usagers,nb_indemnes,nb_tues,nb_blesses_hosp,nb_blesses_legers,age_cond_1,age_cond_2,veh_type_cond_1,veh_type_cond_2,lum_code,agg_code,int_code,atm_code,col_code
201400006610,0014-07-17 14:15:00,14,7,17,14,15,510,354,D79,,,Plein jour,En agglomération,Hors intersection,Normale,Autre collision,,,,,,,,,,,1,2,1,1.0,6
201400006611,0014-09-11 18:30:00,14,9,11,18,30,510,482,D280,,,Plein jour,Hors agglomération,Hors intersection,Normale,Deux véhicules - frontale,,,,,,,,,,,1,1,1,1.0,1
201400006612,0014-09-14 16:45:00,14,9,14,16,45,510,244,D4,,,Plein jour,Hors agglomération,Hors intersection,Normale,Deux véhicules - côté,,,,,,,,,,,1,1,1,1.0,3
201400006613,0014-09-19 01:30:00,14,9,19,1,30,510,227,D977,,,Nuit sans éclairage public,Hors agglomération,Hors intersection,Normale,Autre collision,,,,,,,,,,,3,1,1,1.0,6
201400006614,0014-01-07 15:45:00,14,1,7,15,45,510,559,D977,,,Plein jour,Hors agglomération,Hors intersection,Normale,Autre collision,,,,,,,,,,,1,1,1,1.0,6
201400006615,0014-01-17 07:00:00,14,1,17,7,0,510,476,D977,,,Crépuscule ou aube,Hors agglomération,Hors intersection,Pluie légère,Autre collision,,,,,,,,,,,2,1,1,2.0,6
201400006616,0014-02-28 20:05:00,14,2,28,20,5,510,546,D931,,,Crépuscule ou aube,Hors agglomération,Hors intersection,Normale,Trois véhicules et plus - collisions multiples,,,,,,,,,,,2,1,1,1.0,5
201400006617,0014-06-02 07:00:00,14,6,2,7,0,510,599,D944,,,Plein jour,Hors agglomération,Hors intersection,Normale,Trois véhicules et plus - collisions multiples,,,,,,,,,,,1,1,1,1.0,5
201400006618,0014-06-06 15:45:00,14,6,6,15,45,510,559,D931,,,Plein jour,En agglomération,Hors intersection,Normale,Deux véhicules - arrière,,,,,,,,,,,1,2,1,1.0,2
201400006619,0014-06-25 09:30:00,14,6,25,9,30,510,388,Rue du 11 Novembre 1918,,,Plein jour,En agglomération,Hors intersection,Normale,Deux véhicules - frontale,,,,,,,,,,,1,2,1,1.0,1
201400006620,0014-10-17 10:45:00,14,10,17,10,45,510,476,D977,,,Plein jour,Hors agglomération,Hors intersection,Normale,Trois véhicules et plus - collisions multiples,,,,,,,,,,,1,1,1,1.0,5
201400006621,0014-11-14 17:45:00,14,11,14,17,45,510,559,D977,,,Nuit sans éclairage public,En agglomération,Place,Pluie légère,Autre collision,,,,,,,,,,,3,2,7,2.0,6
201400006622,0014-12-11 07:45:00,14,12,11,7,45,510,559,D977,,,Crépuscule ou aube,En agglomération,Hors intersection,Pluie légère,Deux véhicules - frontale,,,,,,,,,,,2,2,1,2.0,1
201400006623,0014-12-16 17:30:00,14,12,16,17,30,510,388,D19/D21,,,Nuit avec éclairage allumé,En agglomération,Intersection en T,Autre,Deux véhicules - côté,,,,,,,,,,,5,2,3,9.0,3
201400006624,0014-03-28 12:00:00,14,3,28,12,0,510,612,D9,,,Plein jour,En agglomération,Hors intersection,Normale,Autre collision,,,,,,,,,,,1,2,1,1.0,6
201400006625,0014-05-06 10:15:00,14,5,6,10,15,510,342,D40/RUE DU CHATEAU,,,Plein jour,En agglomération,Intersection en X,Pluie légère,Deux véhicules - côté,,,,,,,,,,,1,2,2,2.0,3
201400006626,0014-05-30 17:45:00,14,5,30,17,45,510,49,LA NOUE PLATET,,,Plein jour,Hors agglomération,Intersection en X,Normale,Deux véhicules - côté,,,,,,,,,,,1,1,2,1.0,3
201400006627,0014-06-02 08:00:00,14,6,2,8,0,510,434,D3/BRETELLE,,,Plein jour,Hors agglomération,Intersection en X,Normale,Deux véhicules - côté,,,,,,,,,,,1,1,2,1.0,3
201400006628,0014-07-26 17:15:00,14,7,26,17,15,510,612,D36,,,Plein jour,En agglomération,Hors intersection,Normale,Deux véhicules - arrière,,,,,,,,,,,1,2,1,1.0,2
201400006629,0014-09-18 18:30:00,14,9,18,18,30,510,239,D40/VC,,,Plein jour,Hors agglomération,Intersection en T,Normale,Deux véhicules - frontale,,,,,,,,,,,1,1,3,1.0,1
201400006630,0014-10-15 16:00:00,14,10,15,16,0,510,93,D951,,,Plein jour,Hors agglomération,Hors intersection,Pluie légère,Trois véhicules et plus - collisions multiples,,,,,,,,,,,1,1,1,2.0,5
201400006631,0014-02-21 22:45:00,14,2,21,22,45,510,217,D3,,,Nuit avec éclairage allumé,En agglomération,Hors intersection,Normale,Sans collision,,,,,,,,,,,5,2,1,1.0,7
201400006632,0014-02-25 19:30:00,14,2,25,19,30,510,346,D423,,,Crépuscule ou aube,Hors agglomération,Hors intersection,Normale,Autre collision,,,,,,,,,,,2,1,1,1.0,6
201400006633,0014-03-07 16:45:00,14,3,7,16,45,510,425,D980,,,Plein jour,En agglomération,Hors intersection,Normale,Deux véhicules - côté,,,,,,,,,,,1,2,1,1.0,3
201400006634,0014-03-08 20:00:00,14,3,8,20,0,510,425,D980,,,Nuit sans éclairage public,Hors agglomération,Hors intersection,Normale,Autre collision,,,,,,,,,,,3,1,1,1.0,6
201400006635,0014-05-04 19:00:00,14,5,4,19,0,510,76,D3,,,Plein jour,Hors agglomération,Hors intersection,Normale,Sans collision,,,,,,,,,,,1,1,1,1.0,7
201400006636,0014-06-21 12:30:00,14,6,21,12,30,510,414,D980,,,Plein jour,Hors agglomération,Intersection en X,Normale,Deux véhicules - côté,,,,,,,,,,,1,1,2,1.0,3
201400006637,0014-06-22 11:00:00,14,6,22,11,0,510,136,D24/VC,,,Plein jour,Hors agglomération,Intersection en X,Normale,Deux véhicules - côté,,,,,,,,,,,1,1,2,1.0,3
201400006638,0014-09-26 17:30:00,14,9,26,17,30,510,585,D3/RUE DE CHAMPAGNE,,,Crépuscule ou aube,En agglomération,Intersection en X,Brouillard / fumée,Deux véhicules - arrière,,,,,,,,,,,2,2,2,5.0,2
201400006639,0014-10-15 18:00:00,14,10,15,18,0,510,585,D3,,,Plein jour,En agglomération,Hors intersection,Pluie légère,Deux véhicules - arrière,,,,,,,,,,,1,2,1,2.0,2
201400006640,0014-11-06 04:15:00,14,11,6,4,15,510,320,D23,,,Nuit sans éclairage public,Hors agglomération,Hors intersection,Normale,Autre collision,,,,,,,,,,,3,1,1,1.0,6
201400006641,0014-11-07 17:30:00,14,11,7,17,30,510,136,RUE DE MONTIGNY,,,Nuit avec éclairage allumé,En agglomération,Hors intersection,Normale,Deux véhicules - frontale,,,,,,,,,,,5,2,1,1.0,1
201400006642,0014-12-25 23:30:00,14,12,25,23,30,510,425,D980/R. DU POINT DU JOUR,,,Nuit avec éclairage allumé,En agglomération,Intersection en X,Normale,Deux véhicules - frontale,,,,,,,,,,,5,2,2,1.0,1
201400006643,0014-01-02 17:45:00,14,1,2,17,45,510,241,D43,,,Nuit sans éclairage public,Hors agglomération,Hors intersection,Temps couvert,Autre collision,,,,,,,,,,,3,1,1,8.0,6
201400006644,0014-06-05 15:15:00,14,6,5,15,15,510,99,D80/VC,,,Plein jour,Hors agglomération,Intersection en X,Normale,Deux véhicules - côté,,,,,,,,,,,1,1,2,1.0,3
201400006645,0014-09-02 14:45:00,14,9,2,14,45,510,165,RUE DE LA GARE,,,Plein jour,En agglomération,Hors intersection,Normale,Autre collision,,,,,,,,,,,1,2,1,1.0,6
201400006646,0014-09-29 08:45:00,14,9,29,8,45,510,90,D39/VC,,,Plein jour,Hors agglomération,Intersection en X,Normale,Deux véhicules - côté,,,,,,,,,,,1,1,2,1.0,3
201400006647,0014-10-13 08:15:00,14,10,13,8,15,510,276,D43,,,Plein jour,Hors agglomération,Hors intersection,Normale,Deux véhicules - frontale,,,,,,,,,,,1,1,1,1.0,1
201400006648,0014-10-20 11:45:00,14,10,20,11,45,510,412,D5,,,Plein jour,Hors agglomération,Hors intersection,Normale,Sans collision,,,,,,,,,,,1,1,1,1.0,7
201400006649,0014-12-09 17:30:00,14,12,9,17,30,510,99,D977,,,Nuit sans éclairage public,Hors agglomération,Hors intersection,Pluie légère,Autre collision,,,,,,,,,,,3,1,1,2.0,6
201400006650,0014-01-21 08:00:00,14,1,21,8,0,510,380,D933,,,Crépuscule ou aube,En agglomération,Hors intersection,Brouillard / fumée,Deux véhicules - arrière,,,,,,,,,,,2,2,1,5.0,2
201400006651,0014-04-06 12:30:00,14,4,6,12,30,510,113,D42/D933,,,Plein jour,Hors agglomération,Intersection en X,Normale,Deux véhicules - côté,,,,,,,,,,,1,1,2,1.0,3
201400006652,0014-04-26 06:30:00,14,4,26,6,30,510,50,D373,,,Crépuscule ou aube,Hors agglomération,Hors intersection,Brouillard / fumée,Sans collision,,,,,,,,,,,2,1,1,5.0,7
201400006653,0014-05-12 06:45:00,14,5,12,6,45,510,50,D373,,,Crépuscule ou aube,Hors agglomération,Hors intersection,Normale,Deux véhicules - côté,,,,,,,,,,,2,1,1,1.0,3
201400006654,0014-05-18 14:45:00,14,5,18,14,45,510,380,D373,,,Plein jour,Hors agglomération,Hors intersection,Normale,Autre collision,,,,,,,,,,,1,1,1,1.0,6
201400006655,0014-06-25 14:45:00,14,6,25,14,45,510,345,D11,,,Plein jour,Hors agglomération,Hors intersection,Normale,Autre collision,,,,,,,,,,,1,1,1,1.0,6
201400006656,0014-06-26 13:45:00,14,6,26,13,45,510,380,D933/D23,,,Plein jour,En agglomération,Intersection en X,Normale,Trois véhicules et plus - collisions multiples,,,,,,,,,,,1,2,2,1.0,5
201400006657,0014-08-03 09:15:00,14,8,3,9,15,510,345,D11,,,Plein jour,Hors agglomération,Hors intersection,Normale,Autre collision,,,,,,,,,,,1,1,1,1.0,6
201400006658,0014-10-03 20:00:00,14,10,3,20,0,510,596,D933,,,Nuit sans éclairage public,Hors agglomération,Hors intersection,Normale,Deux véhicules - arrière,,,,,,,,,,,3,1,1,1.0,2
201400006659,0014-01-24 05:50:00,14,1,24,5,50,510,492,D440,,,Nuit avec éclairage allumé,Hors agglomération,Hors intersection,Pluie légère,Autre collision,,,,,,,,,,,5,1,1,2.0,6
201400006660,0014-01-30 17:15:00,14,1,30,17,15,510,353,D5,,,Plein jour,Hors agglomération,Hors intersection,Normale,Sans collision,,,,,,,,,,,1,1,1,1.0,7
201400006661,0014-03-28 07:15:00,14,3,28,7,15,510,432,D53/D5,,,Plein jour,Hors agglomération,Intersection en X,Normale,Deux véhicules - côté,,,,,,,,,,,1,1,2,1.0,3
201400006662,0014-04-04 10:45:00,14,4,4,10,45,510,535,D373/ R. DU PETIT ETANG,,,Plein jour,En agglomération,Intersection en T,Normale,Autre collision,,,,,,,,,,,1,2,3,1.0,6
201400006663,0014-04-20 22:45:00,14,4,20,22,45,510,258,D49,,,Nuit sans éclairage public,Hors agglomération,Hors intersection,Normale,Autre collision,,,,,,,,,,,3,1,1,1.0,6
201400006664,0014-04-26 08:45:00,14,4,26,8,45,510,492,D82,,,Plein jour,Hors agglomération,Hors intersection,Normale,Deux véhicules - arrière,,,,,,,,,,,1,1,1,1.0,2
201400006665,0014-05-14 00:40:00,14,5,14,0,40,510,492,D440,,,Nuit sans éclairage public,En agglomération,Hors intersection,Normale,Autre collision,,,,,,,,,,,3,2,1,1.0,6
201400006666,0014-05-29 09:00:00,14,5,29,9,0,510,162,D51,,,Plein jour,En agglomération,Hors intersection,Normale,Deux véhicules - frontale,,,,,,,,,,,1,2,1,1.0,1
201400006667,0014-06-20 15:45:00,14,6,20,15,45,510,254,CV2,,,Plein jour,Hors agglomération,Hors intersection,Normale,Deux véhicules - frontale,,,,,,,,,,,1,1,1,1.0,1
201400006668,0014-09-23 17:45:00,14,9,23,17,45,510,9,D373/LA FOSSE AUX LOUPS,,,Plein jour,Hors agglomération,Intersection en T,Normale,Deux véhicules - frontale,,,,,,,,,,,1,1,3,1.0,1
201400006669,0014-10-24 23:15:00,14,10,24,23,15,510,323,N4/VC,,,Nuit sans éclairage public,Hors agglomération,Intersection en T,Normale,Deux véhicules - côté,,,,,,,,,,,3,1,3,1.0,3
201400006670,0014-11-16 05:00:00,14,11,16,5,0,510,162,D48,,,Nuit sans éclairage public,Hors agglomération,Hors intersection,Pluie légère,Sans collision,,,,,,,,,,,3,1,1,2.0,7
201400006671,0014-12-02 22:30:00,14,12,2,22,30,510,237,N4,,,Nuit sans éclairage public,Hors agglomération,Hors intersection,Pluie légère,Deux véhicules - arrière,,,,,,,,,,,3,1,1,2.0,2
201400006672,0014-12-06 09:15:00,14,12,6,9,15,510,313,D951/D346,,,Plein jour,Hors agglomération,Intersection en X,Normale,Deux véhicules - côté,,,,,,,,,,,1,1,2,1.0,3
201400006673,0014-11-03 15:15:00,14,11,3,15,15,510,85,D23,,,Plein jour,Hors agglomération,Hors intersection,Pluie légère,Autre collision,,,,,,,,,,,1,1,1,2.0,6
201400006674,0014-11-18 10:30:00,14,11,18,10,30,510,585,D3,,,Plein jour,Hors agglomération,Hors intersection,Pluie légère,Deux véhicules - frontale,,,,,,,,,,,1,1,1,2.0,1
201400006675,0014-06-19 14:15:00,14,6,19,14,15,510,448,D575,,,Plein jour,Hors agglomération,Hors intersection,Normale,Autre collision,,,,,,,,,,,1,1,1,1.0,6
201400006676,0014-07-14 18:00:00,14,7,14,18,0,510,250,N31,,,Plein jour,Hors agglomération,Hors intersection,Normale,Deux véhicules - frontale,,,,,,,,,,,1,1,1,1.0,1
201400006677,0014-08-10 10:15:00,14,8,10,10,15,510,250,PLACE DE HOTEL DE VILLE,,,Plein jour,En agglomération,Hors intersection,Normale,Autre collision,,,,,,,,,,,1,2,1,1.0,6
201400006678,0014-09-13 05:00:00,14,9,13,5,0,510,86,N31,,,Nuit sans éclairage public,Hors agglomération,Hors intersection,Normale,Autre collision,,,,,,,,,,,3,1,1,1.0,6
201400006679,0014-09-21 05:45:00,14,9,21,5,45,510,308,N31,,,Crépuscule ou aube,Hors agglomération,Hors intersection,Pluie légère,Trois véhicules et plus - collisions multiples,,,,,,,,,,,2,1,1,2.0,5
201400006680,0014-09-20 18:00:00,14,9,20,18,0,510,591,N31,,,Plein jour,Hors agglomération,Hors intersection,Normale,Autre collision,,,,,,,,,,,1,1,1,1.0,6
201400006681,0014-10-04 18:15:00,14,10,4,18,15,510,37,R. DE LA VIGNE DU MAIRE,,,Plein jour,En agglomération,Hors intersection,Normale,Autre collision,,,,,,,,,,,1,2,1,1.0,6
201400006682,0014-10-09 09:45:00,14,10,9,9,45,510,250,N31,,,Plein jour,Hors agglomération,Hors intersection,Pluie légère,Deux véhicules - frontale,,,,,,,,,,,1,1,1,2.0,1
201400006683,0014-10-17 07:00:00,14,10,17,7,0,510,337,N31,,,Nuit sans éclairage public,Hors agglomération,Hors intersection,Pluie légère,Deux véhicules - côté,,,,,,,,,,,3,1,1,2.0,3
201400006684,0014-01-26 08:45:00,14,1,26,8,45,510,532,D951,,,Crépuscule ou aube,Hors agglomération,Hors intersection,Normale,Deux véhicules - frontale,,,,,,,,,,,2,1,1,1.0,1
201400006685,0014-04-27 06:15:00,14,4,27,6,15,510,418,D980,,,Crépuscule ou aube,Hors agglomération,Hors intersection,Normale,Trois véhicules et plus - collisions multiples,,,,,,,,,,,2,1,1,1.0,5
201400006686,0014-05-05 17:15:00,14,5,5,17,15,510,111,D980,,,Plein jour,Hors agglomération,Hors intersection,Normale,Deux véhicules - frontale,,,,,,,,,,,1,1,1,1.0,1
201400006687,0014-06-25 17:00:00,14,6,25,17,0,510,245,D386/RUE DES SORBIERS,,,Plein jour,En agglomération,Intersection en T,Normale,Deux véhicules - côté,,,,,,,,,,,1,2,3,1.0,3
201400006688,0014-06-29 17:15:00,14,6,29,17,15,510,282,D27,,,Plein jour,Hors agglomération,Hors intersection,Pluie légère,Autre collision,,,,,,,,,,,1,1,1,2.0,6
201400006689,0014-07-08 17:00:00,14,7,8,17,0,510,282,D27,,,Plein jour,Hors agglomération,Hors intersection,Normale,Deux véhicules - frontale,,,,,,,,,,,1,1,1,1.0,1
201400006690,0014-07-10 07:30:00,14,7,10,7,30,510,479,D980,,,Plein jour,Hors agglomération,Hors intersection,Pluie légère,Sans collision,,,,,,,,,,,1,1,1,2.0,7
201400006691,0014-07-19 10:15:00,14,7,19,10,15,510,282,D27,,,Plein jour,Hors agglomération,Hors intersection,Normale,Deux véhicules - arrière,,,,,,,,,,,1,1,1,1.0,2
201400006692,0014-08-09 19:30:00,14,8,9,19,30,510,51,D430,,,Plein jour,Hors agglomération,Hors intersection,Normale,Autre collision,,,,,,,,,,,1,1,1,1.0,6
201400006693,0014-08-19 15:00:00,14,8,19,15,0,510,479,D980,,,Plein jour,Hors agglomération,Hors intersection,Normale,Autre collision,,,,,,,,,,,1,1,1,1.0,6
201400006694,0014-09-02 17:30:00,14,9,2,17,30,510,422,D980/VC,,,Plein jour,Hors agglomération,Intersection en X,Normale,Deux véhicules - côté,,,,,,,,,,,1,1,2,1.0,3
201400006695,0014-05-05 12:00:00,14,5,5,12,0,510,643,D951/D11,,,Plein jour,Hors agglomération,Intersection en X,Normale,Deux véhicules - côté,,,,,,,,,,,1,1,2,1.0,3
201400006696,0014-05-16 21:15:00,14,5,16,21,15,510,210,D251,,,Crépuscule ou aube,Hors agglomération,Hors intersection,Normale,Sans collision,,,,,,,,,,,2,1,1,1.0,7
201400006697,0014-09-12 15:15:00,14,9,12,15,15,510,576,D19,,,Plein jour,Hors agglomération,Intersection en X,Normale,Deux véhicules - arrière,,,,,,,,,,,1,1,2,1.0,2
201400006698,0014-03-28 16:45:00,14,3,28,16,45,510,649,D982,,,Plein jour,En agglomération,Hors intersection,Normale,Deux véhicules - côté,,,,,,,,,,,1,2,1,1.0,3
201400006699,0014-05-14 13:15:00,14,5,14,13,15,510,557,N44/VC,,,Plein jour,Hors agglomération,Intersection en X,Temps couvert,Deux véhicules - côté,,,,,,,,,,,1,1,2,8.0,3
201400006700,0014-06-22 04:45:00,14,6,22,4,45,510,184,D14,,,Nuit sans éclairage public,Hors agglomération,Passage à niveau,Normale,Sans collision,,,,,,,,,,,3,1,8,1.0,7
201400006701,0014-08-02 08:45:00,14,8,2,8,45,510,295,D14,,,Plein jour,Hors agglomération,Hors intersection,Normale,Autre collision,,,,,,,,,,,1,1,1,1.0,6
201400006702,0014-09-17 13:15:00,14,9,17,13,15,510,141,N44,,,Plein jour,Hors agglomération,Hors intersection,Normale,Autre collision,,,,,,,,,,,1,1,1,1.0,6
201400006703,0014-09-20 12:15:00,14,9,20,12,15,510,433,D995/CV,,,Plein jour,Hors agglomération,Intersection en T,Normale,Sans collision,,,,,,,,,,,1,1,3,1.0,7
201400006704,0014-11-04 14:30:00,14,11,4,14,30,510,352,N4,,,Plein jour,Hors agglomération,Hors intersection,Pluie légère,Deux véhicules - frontale,,,,,,,,,,,1,1,1,2.0,1
201400006705,0014-11-16 15:00:00,14,11,16,15,0,510,156,D13/D213,,,Plein jour,En agglomération,Intersection en X,Pluie légère,Deux véhicules - côté,,,,,,,,,,,1,2,2,2.0,3
201400006706,0014-12-01 12:45:00,14,12,1,12,45,510,649,D982,,,Plein jour,En agglomération,Giratoire,Normale,Autre collision,,,,,,,,,,,1,2,6,1.0,6
201400006707,0014-12-06 18:15:00,14,12,6,18,15,510,262,AVENUE DE CHAMPAGNE,,,Nuit avec éclairage allumé,En agglomération,Giratoire,Normale,Autre collision,,,,,,,,,,,5,2,6,1.0,6
201400006708,0014-12-27 10:00:00,14,12,27,10,0,510,649,RUE DU PASSAGE SUPERIEUR,,,Plein jour,En agglomération,Intersection en X,Pluie légère,Autre collision,,,,,,,,,,,1,2,2,2.0,6
201400006709,0014-05-11 18:00:00,14,5,11,18,0,510,269,D13/RUE DU LAC,,,Plein jour,Hors agglomération,Intersection en T,Temps éblouissant,Deux véhicules - côté,,,,,,,,,,,1,1,3,7.0,3
201400006710,0014-01-20 18:15:00,14,1,20,18,15,510,590,D982,,,Nuit sans éclairage public,Hors agglomération,Hors intersection,Pluie légère,Sans collision,,,,,,,,,,,3,1,1,2.0,7
201400006711,0014-04-13 15:45:00,14,4,13,15,45,510,135,ROUTE DE CHATILLON,,,Plein jour,Hors agglomération,Hors intersection,Normale,Sans collision,,,,,,,,,,,1,1,1,1.0,7
201400006712,0014-05-24 16:00:00,14,5,24,16,0,510,270,D396,,,Plein jour,Hors agglomération,Hors intersection,Normale,Sans collision,,,,,,,,,,,1,1,1,1.0,7
201400006713,0014-06-08 17:00:00,14,6,8,17,0,510,80,D55/D396,,,Plein jour,Hors agglomération,Intersection en X,Temps éblouissant,Deux véhicules - côté,,,,,,,,,,,1,1,2,7.0,3
201400006714,0014-06-13 22:00:00,14,6,13,22,0,510,455,D58,,,Nuit sans éclairage public,Hors agglomération,Hors intersection,Normale,Sans collision,,,,,,,,,,,3,1,1,1.0,7
201400006715,0014-06-27 12:00:00,14,6,27,12,0,510,66,R DU PT DE LA NOUE/SNCF,,,Plein jour,En agglomération,Intersection en X,Normale,Deux véhicules - côté,,,,,,,,,,,1,2,2,1.0,3
201400006716,0014-08-18 12:45:00,14,8,18,12,45,510,590,D982,,,Plein jour,Hors agglomération,Hors intersection,Pluie légère,Deux véhicules - frontale,,,,,,,,,,,1,1,1,2.0,1
201400006717,0014-10-18 19:30:00,14,10,18,19,30,510,290,D14,,,Nuit sans éclairage public,En agglomération,Hors intersection,Normale,Deux véhicules - frontale,,,,,,,,,,,3,2,1,1.0,1
201400006718,0014-10-19 20:30:00,14,10,19,20,30,510,66,D396,,,Nuit sans éclairage public,Hors agglomération,Hors intersection,Normale,Autre collision,,,,,,,,,,,3,1,1,1.0,6
201400006719,0014-10-21 18:15:00,14,10,21,18,15,510,373,D13/D58,,,Plein jour,Hors agglomération,Intersection en X,Temps couvert,Deux véhicules - côté,,,,,,,,,,,1,1,2,8.0,3
201400006720,0014-12-29 17:00:00,14,12,29,17,0,510,417,D60,,,Nuit sans éclairage public,Hors agglomération,Hors intersection,Autre,Sans collision,,,,,,,,,,,3,1,1,9.0,7
201400006721,0014-03-18 14:30:00,14,3,18,14,30,510,228,D73/D982,,,Plein jour,Hors agglomération,Intersection en T,Normale,Deux véhicules - côté,,,,,,,,,,,1,1,3,1.0,3
201400006722,0014-07-28 18:30:00,14,7,28,18,30,510,138,D982,,,Plein jour,Hors agglomération,Hors intersection,Pluie légère,Deux véhicules - frontale,,,,,,,,,,,1,1,1,2.0,1
201400006723,0014-08-06 16:45:00,14,8,6,16,45,510,399,D982,,,Plein jour,Hors agglomération,Hors intersection,Pluie légère,Autre collision,,,,,,,,,,,1,1,1,2.0,6
201400006724,0014-09-19 19:30:00,14,9,19,19,30,510,399,D982,,,Nuit sans éclairage public,Hors agglomération,Hors intersection,Normale,Sans collision,,,,,,,,,,,3,1,1,1.0,7
201400006725,0014-11-29 05:00:00,14,11,29,5,0,80,180,,49.7176,4.71228,Nuit avec éclairage non allumé,Hors agglomération,Hors intersection,Temps couvert,Deux véhicules - frontale,,,,,,,,,,,4,1,1,8.0,1
201400006726,0014-03-12 16:15:00,14,3,12,16,15,80,284,,,,Plein jour,Hors agglomération,Hors intersection,Normale,Autre collision,,,,,,,,,,,1,1,1,1.0,6
201400006727,0014-03-16 09:30:00,14,3,16,9,30,80,429,RUE DU METIER,49.8105,4.56517,Plein jour,En agglomération,Hors intersection,Temps éblouissant,Autre collision,,,,,,,,,,,1,2,1,7.0,6
201400006728,0014-03-25 07:00:00,14,3,25,7,0,80,460,,49.846,4.50746,Crépuscule ou aube,En agglomération,Giratoire,Temps couvert,Autre collision,,,,,,,,,,,2,2,6,8.0,6
201400006729,0014-01-13 18:30:00,14,1,13,18,30,80,185,110 avenue Jean-Jaur?s,49.994,4.701,Nuit avec éclairage allumé,En agglomération,Hors intersection,Pluie forte,Trois véhicules et plus - en chaîne,,,,,,,,,,,5,2,1,3.0,4
201400006730,0014-02-18 08:00:00,14,2,18,8,0,80,304,,,,Plein jour,Hors agglomération,Hors intersection,Normale,Trois véhicules et plus - collisions multiples,,,,,,,,,,,1,1,1,1.0,5
201400006731,0014-01-08 10:00:00,14,1,8,10,0,80,190,,50.1329,4.81032,Plein jour,Hors agglomération,Hors intersection,Normale,Autre collision,,,,,,,,,,,1,1,1,1.0,6
201400006732,0014-01-26 16:15:00,14,1,26,16,15,80,289,,49.6791,5.15214,Plein jour,En agglomération,Intersection en T,Normale,Deux véhicules - côté,,,,,,,,,,,1,2,3,1.0,3
201400006733,0014-01-28 10:15:00,14,1,28,10,15,80,43,,49.6845,4.97145,Plein jour,Hors agglomération,Hors intersection,Normale,Deux véhicules - côté,,,,,,,,,,,1,1,1,1.0,3
201400006734,0014-02-24 16:15:00,14,2,24,16,15,80,145,"11, rue du Pont",49.671,5.045,Plein jour,En agglomération,Hors intersection,Normale,Deux véhicules - côté,,,,,,,,,,,1,2,1,1.0,3
201400006735,0014-01-16 05:30:00,14,1,16,5,30,80,119,,,,Nuit sans éclairage public,Hors agglomération,Hors intersection,Pluie légère,Autre collision,,,,,,,,,,,3,1,1,2.0,6
201400006736,0014-03-16 18:45:00,14,3,16,18,45,80,280,,,,Plein jour,Hors agglomération,Hors intersection,Normale,Sans collision,,,,,,,,,,,1,1,1,1.0,7
201400006737,0014-01-22 07:30:00,14,1,22,7,30,80,64,,49.489,4.395,Nuit sans éclairage public,Hors agglomération,Hors intersection,Normale,Sans collision,,,,,,,,,,,3,1,1,1.0,7
201400006738,0014-10-19 18:30:00,14,10,19,18,30,80,144,,49.5078,4.44473,Plein jour,Hors agglomération,Hors intersection,Normale,Autre collision,,,,,,,,,,,1,1,1,1.0,6
201400006739,0014-01-08 21:00:00,14,1,8,21,0,80,219,,49.5788,4.29878,Nuit sans éclairage public,Hors agglomération,Autre intersection,Pluie légère,Autre collision,,,,,,,,,,,3,1,9,2.0,6
201400006740,0014-02-02 15:15:00,14,2,2,15,15,80,435,rue Joseph Dupuis,,,Plein jour,En agglomération,Hors intersection,Normale,Autre collision,,,,,,,,,,,1,2,1,1.0,6
201400006741,0014-03-05 20:30:00,14,3,5,20,30,80,107,71 RUE DE LA SOMMEVUE,49.532,4.25443,Nuit avec éclairage allumé,En agglomération,Intersection en X,Normale,Deux véhicules - frontale,,,,,,,,,,,5,2,2,1.0,1
201400006742,0014-03-24 14:15:00,14,3,24,14,15,80,413,19 RUE D 'EDIMBOURG,49.6131,4.20392,Plein jour,En agglomération,Hors intersection,Normale,Autre collision,,,,,,,,,,,1,2,1,1.0,6
201400006743,0014-04-16 07:45:00,14,4,16,7,45,100,425,,48.17092,4.02641,Plein jour,Hors agglomération,Hors intersection,Normale,Autre collision,,,,,,,,,,,1,1,1,1.0,6
201400006744,0014-09-07 17:00:00,14,9,7,17,0,100,18,rue du péage,48.11014,3.92057,Plein jour,En agglomération,Hors intersection,Normale,Deux véhicules - arrière,,,,,,,,,,,1,2,1,1.0,2
201400006745,0014-01-31 22:15:00,14,1,31,22,15,100,412,,,,Nuit sans éclairage public,Hors agglomération,Hors intersection,Normale,Deux véhicules - frontale,,,,,,,,,,,3,1,1,1.0,1
201400006746,0014-03-14 08:00:00,14,3,14,8,0,100,282,,48.38895,3.96879,Plein jour,Hors agglomération,Intersection en X,Normale,Trois véhicules et plus - collisions multiples,,,,,,,,,,,1,1,2,1.0,5