accident_id,datetime,annee,mois,jour,heure,minute,departement,commune_insee,adresse,latitude,longitude,luminosite,agglomeration,intersection,meteo,collision,nb_vehicules,nb_usagers,nb_indemnes,nb_tues,nb_blesses_hosp,nb_blesses_legers,age_cond_1,age_cond_2,veh_type_cond_1,veh_type_cond_2,lum_code,agg_code,int_code,atm_code,col_code
201400007695,0014-09-07 17:45:00,14,9,7,17,45,130,60,route du coteau rouge,,,Plein jour,En agglomération,Hors intersection,Normale,Autre collision,,,,,,,,,,,1,2,1,1.0,6
201400007696,0014-10-14 08:30:00,14,10,14,8,30,130,41,,,,Plein jour,Hors agglomération,Hors intersection,Normale,Deux véhicules - côté,,,,,,,,,,,1,1,1,1.0,3
201400007697,0014-10-13 16:30:00,14,10,13,16,30,130,41,rue thiers,,,Plein jour,En agglomération,Intersection en X,Normale,Deux véhicules - côté,,,,,,,,,,,1,2,2,1.0,3
201400007698,0014-10-18 16:00:00,14,10,18,16,0,130,60,,,,Plein jour,Hors agglomération,Hors intersection,Normale,Sans collision,,,,,,,,,,,1,1,1,1.0,7
201400007699,0014-10-19 20:30:00,14,10,19,20,30,130,62,,,,Nuit avec éclairage non allumé,Hors agglomération,Hors intersection,Normale,Deux véhicules - arrière,,,,,,,,,,,4,1,1,1.0,2
201400007700,0014-11-02 19:30:00,14,11,2,19,30,130,41,RD 58 A,,,Nuit avec éclairage allumé,En agglomération,Hors intersection,Normale,Autre collision,,,,,,,,,,,5,2,1,1.0,6
201400007701,0014-11-08 08:30:00,14,11,8,8,30,130,41,,,,Plein jour,Hors agglomération,Hors intersection,Normale,Sans collision,,,,,,,,,,,1,1,1,1.0,7
201400007702,0014-11-18 14:30:00,14,11,18,14,30,130,41,RD  60,,,Plein jour,En agglomération,Hors intersection,Normale,Deux véhicules - côté,,,,,,,,,,,1,2,1,1.0,3
201400007703,0014-03-26 07:45:00,14,3,26,7,45,130,99,,,,Plein jour,Hors agglomération,Hors intersection,Normale,Trois véhicules et plus - collisions multiples,,,,,,,,,,,1,1,1,1.0,5
201400007704,0014-05-28 16:30:00,14,5,28,16,30,130,99,,,,Plein jour,Hors agglomération,Hors intersection,Normale,Autre collision,,,,,,,,,,,1,1,1,1.0,6
201400007705,0014-06-05 17:45:00,14,6,5,17,45,130,48,,,,Plein jour,Hors agglomération,Hors intersection,Normale,Deux véhicules - frontale,,,,,,,,,,,1,1,1,1.0,1
201400007706,0014-06-19 15:00:00,14,6,19,15,0,130,99,,,,Plein jour,Hors agglomération,Hors intersection,Normale,Deux véhicules - frontale,,,,,,,,,,,1,1,1,1.0,1
201400007707,0014-08-23 07:45:00,14,8,23,7,45,130,48,,,,Crépuscule ou aube,Hors agglomération,Hors intersection,Normale,Deux véhicules - frontale,,,,,,,,,,,2,1,1,1.0,1
201400007708,0014-10-22 18:45:00,14,10,22,18,45,130,74,rue du canal,,,Nuit sans éclairage public,En agglomération,Autre intersection,Normale,Deux véhicules - côté,,,,,,,,,,,3,2,9,1.0,3
201400007709,0014-10-26 16:30:00,14,10,26,16,30,130,59,,,,Plein jour,Hors agglomération,Hors intersection,Normale,Trois véhicules et plus - collisions multiples,,,,,,,,,,,1,1,1,1.0,5
201400007710,0014-11-10 11:45:00,14,11,10,11,45,130,59,,,,Plein jour,Hors agglomération,Hors intersection,Normale,Deux véhicules - frontale,,,,,,,,,,,1,1,1,1.0,1
201400007711,0014-01-06 16:15:00,14,1,6,16,15,130,107,hameau des frenes,,,Plein jour,En agglomération,Hors intersection,Normale,Autre collision,,,,,,,,,,,1,2,1,1.0,6
201400007712,0014-02-13 19:00:00,14,2,13,19,0,130,15,Av. Pauline de Simiane,,,Nuit avec éclairage allumé,En agglomération,Hors intersection,Pluie légère,Deux véhicules - côté,,,,,,,,,,,5,2,1,2.0,3
201400007713,0014-04-10 17:00:00,14,4,10,17,0,130,15,,43.4288,5.40411,Plein jour,Hors agglomération,Giratoire,Normale,Deux véhicules - côté,,,,,,,,,,,1,1,6,1.0,3
201400007714,0014-04-13 17:15:00,14,4,13,17,15,130,15,,,,Plein jour,Hors agglomération,Hors intersection,Normale,Autre collision,,,,,,,,,,,1,1,1,1.0,6
201400007715,0014-07-24 14:00:00,14,7,24,14,0,130,15,d8n la mounine,,,Plein jour,En agglomération,Hors intersection,Normale,Trois véhicules et plus - collisions multiples,,,,,,,,,,,1,2,1,1.0,5
201400007716,0014-09-30 09:30:00,14,9,30,9,30,130,15,,,,Crépuscule ou aube,Hors agglomération,Hors intersection,Pluie forte,Deux véhicules - côté,,,,,,,,,,,2,1,1,3.0,3
201400007717,0014-01-28 15:45:00,14,1,28,15,45,130,72,,,,Plein jour,Hors agglomération,Hors intersection,Normale,Trois véhicules et plus - collisions multiples,,,,,,,,,,,1,1,1,1.0,5
201400007718,0014-04-14 12:00:00,14,4,14,12,0,130,110,,,,Plein jour,Hors agglomération,Hors intersection,Normale,Deux véhicules - frontale,,,,,,,,,,,1,1,1,1.0,1
201400007719,0014-04-17 09:30:00,14,4,17,9,30,130,110,,,,Plein jour,Hors agglomération,Hors intersection,Normale,Deux véhicules - frontale,,,,,,,,,,,1,1,1,1.0,1
201400007720,0014-06-27 09:30:00,14,6,27,9,30,130,72,,,,Plein jour,Hors agglomération,Hors intersection,Normale,Autre collision,,,,,,,,,,,1,1,1,1.0,6
201400007721,0014-09-16 07:45:00,14,9,16,7,45,130,110,,,,Plein jour,Hors agglomération,Hors intersection,Temps éblouissant,Deux véhicules - côté,,,,,,,,,,,1,1,1,7.0,3
201400007722,0014-12-14 04:00:00,14,12,14,4,0,130,72,,,,Nuit sans éclairage public,Hors agglomération,Giratoire,Pluie légère,Sans collision,,,,,,,,,,,3,1,6,2.0,7
201400007723,0014-01-28 16:45:00,14,1,28,16,45,130,4,,,,Plein jour,Hors agglomération,Hors intersection,Normale,Deux véhicules - frontale,,,,,,,,,,,1,1,1,1.0,1
201400007724,0014-03-12 18:30:00,14,3,12,18,30,130,4,RAPHELE LES ARLES,,,Plein jour,En agglomération,Hors intersection,Normale,Autre collision,,,,,,,,,,,1,2,1,1.0,6
201400007725,0014-05-23 16:45:00,14,5,23,16,45,130,4,,,,Plein jour,Hors agglomération,Intersection en T,Normale,Deux véhicules - côté,,,,,,,,,,,1,1,3,1.0,3
201400007726,0014-06-05 16:00:00,14,6,5,16,0,130,4,,,,Plein jour,Hors agglomération,Hors intersection,Normale,Autre collision,,,,,,,,,,,1,1,1,1.0,6
201400007727,0014-06-06 07:00:00,14,6,6,7,0,130,4,,,,Plein jour,Hors agglomération,Hors intersection,Normale,Sans collision,,,,,,,,,,,1,1,1,1.0,7
201400007728,0014-06-08 19:15:00,14,6,8,19,15,130,4,,,,Plein jour,Hors agglomération,Hors intersection,Normale,Deux véhicules - côté,,,,,,,,,,,1,1,1,1.0,3
201400007729,0014-06-14 12:30:00,14,6,14,12,30,130,4,,,,Plein jour,Hors agglomération,Hors intersection,Normale,Sans collision,,,,,,,,,,,1,1,1,1.0,7
201400007730,0014-07-14 00:15:00,14,7,14,0,15,130,4,,,,Nuit sans éclairage public,Hors agglomération,Hors intersection,Normale,Sans collision,,,,,,,,,,,3,1,1,1.0,7
201400007731,0014-07-13 14:45:00,14,7,13,14,45,130,4,,,,Plein jour,Hors agglomération,Hors intersection,Normale,Deux véhicules - frontale,,,,,,,,,,,1,1,1,1.0,1
201400007732,0014-08-23 15:30:00,14,8,23,15,30,130,4,,,,Plein jour,Hors agglomération,Hors intersection,Normale,Sans collision,,,,,,,,,,,1,1,1,1.0,7
201400007733,0014-09-06 11:15:00,14,9,6,11,15,130,4,,43.6684,4.73941,Plein jour,Hors agglomération,Intersection en T,Normale,Deux véhicules - côté,,,,,,,,,,,1,1,3,1.0,3
201400007734,0014-09-20 19:00:00,14,9,20,19,0,130,4,,43.66842,4.73953,Crépuscule ou aube,Hors agglomération,Intersection en T,Normale,Deux véhicules - côté,,,,,,,,,,,2,1,3,1.0,3
201400007735,0014-01-16 20:00:00,14,1,16,20,0,130,27,,,,Nuit sans éclairage public,Hors agglomération,Hors intersection,Pluie forte,Trois véhicules et plus - collisions multiples,,,,,,,,,,,3,1,1,3.0,5
201400007736,0014-02-11 11:45:00,14,2,11,11,45,130,27,Avenue Rhin et Danube,,,Plein jour,En agglomération,Autre intersection,Normale,Autre collision,,,,,,,,,,,1,2,9,1.0,6
201400007737,0014-04-09 08:45:00,14,4,9,8,45,130,27,CD28,,,Plein jour,En agglomération,Intersection en X,Normale,Deux véhicules - frontale,,,,,,,,,,,1,2,2,1.0,1
201400007738,0014-05-19 14:15:00,14,5,19,14,15,130,66,,,,Plein jour,Hors agglomération,Hors intersection,Normale,Deux véhicules - frontale,,,,,,,,,,,1,1,1,1.0,1
201400007739,0014-10-09 07:15:00,14,10,9,7,15,130,27,,,,Crépuscule ou aube,Hors agglomération,Hors intersection,Normale,Trois véhicules et plus - collisions multiples,,,,,,,,,,,2,1,1,1.0,5
201400007740,0014-10-18 16:45:00,14,10,18,16,45,130,66,,,,Plein jour,Hors agglomération,Hors intersection,Normale,Deux véhicules - côté,,,,,,,,,,,1,1,1,1.0,3
201400007741,0014-05-22 00:30:00,14,5,22,0,30,130,96,01 route de Cacharel,,,Nuit avec éclairage allumé,En agglomération,Intersection en X,Normale,Deux véhicules - côté,,,,,,,,,,,5,2,2,1.0,3
201400007742,0014-08-01 17:30:00,14,8,1,17,30,130,96,,,,Plein jour,Hors agglomération,Hors intersection,Normale,Deux véhicules - frontale,,,,,,,,,,,1,1,1,1.0,1
201400007743,0014-01-03 10:15:00,14,1,3,10,15,130,97,,,,Plein jour,Hors agglomération,Hors intersection,Pluie légère,Deux véhicules - frontale,,,,,,,,,,,1,1,1,2.0,1
201400007744,0014-06-17 14:15:00,14,6,17,14,15,130,97,,,,Plein jour,Hors agglomération,Hors intersection,Normale,Sans collision,,,,,,,,,,,1,1,1,1.0,7
201400007745,0014-07-05 19:15:00,14,7,5,19,15,130,97,,,,Plein jour,Hors agglomération,Hors intersection,Normale,Sans collision,,,,,,,,,,,1,1,1,1.0,7
201400007746,0014-07-25 18:00:00,14,7,25,18,0,130,97,Rond-point D24 / D83B,43.64293,4.79969,Plein jour,En agglomération,Giratoire,Normale,Deux véhicules - côté,,,,,,,,,,,1,2,6,1.0,3
201400007747,0014-08-16 14:45:00,14,8,16,14,45,130,97,,,,Plein jour,Hors agglomération,Hors intersection,Normale,Sans collision,,,,,,,,,,,1,1,1,1.0,7
201400007748,0014-08-21 10:30:00,14,8,21,10,30,130,97,,,,Plein jour,Hors agglomération,Autre intersection,Normale,Deux véhicules - arrière,,,,,,,,,,,1,1,9,1.0,2
201400007749,0014-08-26 09:30:00,14,8,26,9,30,130,97,,,,Plein jour,Hors agglomération,Intersection en T,Normale,Deux véhicules - côté,,,,,,,,,,,1,1,3,1.0,3
201400007750,0014-11-08 13:45:00,14,11,8,13,45,130,97,RD 113,,,Plein jour,En agglomération,Hors intersection,Normale,Autre collision,,,,,,,,,,,1,2,1,1.0,6
201400007751,0014-12-19 17:45:00,14,12,19,17,45,130,4,,,,Crépuscule ou aube,Hors agglomération,Hors intersection,Normale,Autre collision,,,,,,,,,,,2,1,1,1.0,6
201400007752,0014-01-21 17:00:00,14,1,21,17,0,130,100,,,,Plein jour,Hors agglomération,Intersection en X,Normale,Deux véhicules - côté,,,,,,,,,,,1,1,2,1.0,3
201400007753,0014-05-09 15:45:00,14,5,9,15,45,130,100,CD31 PK 2+500,,,Plein jour,En agglomération,Hors intersection,Normale,Deux véhicules - frontale,,,,,,,,,,,1,2,1,1.0,1
201400007754,0014-06-08 22:45:00,14,6,8,22,45,130,94,"av de Laurade, CD99",,,Nuit sans éclairage public,En agglomération,Hors intersection,Normale,Autre collision,,,,,,,,,,,3,2,1,1.0,6
201400007755,0014-07-03 05:30:00,14,7,3,5,30,130,100,,,,Crépuscule ou aube,Hors agglomération,Hors intersection,Normale,Autre collision,,,,,,,,,,,2,1,1,1.0,6
201400007756,0014-08-01 15:00:00,14,8,1,15,0,130,100,,,,Plein jour,Hors agglomération,Hors intersection,Normale,Deux véhicules - frontale,,,,,,,,,,,1,1,1,1.0,1
201400007757,0014-09-29 20:00:00,14,9,29,20,0,130,52,,,,Nuit sans éclairage public,Hors agglomération,Hors intersection,Normale,Deux véhicules - côté,,,,,,,,,,,3,1,1,1.0,3
201400007758,0014-12-20 10:30:00,14,12,20,10,30,130,100,39 boulevard Victor Hugo,43.78814,4.83282,Plein jour,En agglomération,Hors intersection,Normale,Autre collision,,,,,,,,,,,1,2,1,1.0,6
201400007759,0014-01-26 16:00:00,14,1,26,16,0,130,30,,,,Plein jour,Hors agglomération,Hors intersection,Normale,Deux véhicules - frontale,,,,,,,,,,,1,1,1,1.0,1
201400007760,0014-02-22 14:45:00,14,2,22,14,45,130,42,,,,Plein jour,Hors agglomération,Hors intersection,Normale,Deux véhicules - côté,,,,,,,,,,,1,1,1,1.0,3
201400007761,0014-08-04 18:15:00,14,8,4,18,15,130,30,,43.27,5.686,Plein jour,Hors agglomération,Hors intersection,Normale,Deux véhicules - côté,,,,,,,,,,,1,1,1,1.0,3
201400007762,0014-04-03 00:15:00,14,4,3,0,15,130,22,rond point des drapeaux,,,Nuit avec éclairage allumé,En agglomération,Giratoire,Normale,Autre collision,,,,,,,,,,,5,2,6,1.0,6
201400007763,0014-06-04 15:45:00,14,6,4,15,45,130,22,,,,Plein jour,Hors agglomération,Hors intersection,Normale,Deux véhicules - frontale,,,,,,,,,,,1,1,1,1.0,1
201400007764,0014-06-04 18:30:00,14,6,4,18,30,130,22,,,,Plein jour,Hors agglomération,Hors intersection,Normale,Deux véhicules - côté,,,,,,,,,,,1,1,1,1.0,3
201400007765,0014-06-11 08:15:00,14,6,11,8,15,130,22,,,,Plein jour,Hors agglomération,Hors intersection,Normale,Deux véhicules - côté,,,,,,,,,,,1,1,1,1.0,3
201400007766,0014-08-15 23:30:00,14,8,15,23,30,130,22,,,,Nuit sans éclairage public,Hors agglomération,Hors intersection,Normale,Deux véhicules - frontale,,,,,,,,,,,3,1,1,1.0,1
201400007767,0014-01-23 10:30:00,14,1,23,10,30,130,85,chemin d stade,,,Plein jour,En agglomération,Hors intersection,Normale,Autre collision,,,,,,,,,,,1,2,1,1.0,6
201400007768,0014-01-25 18:30:00,14,1,25,18,30,130,119,ROND POINT DES BARLES,,,Nuit sans éclairage public,En agglomération,Hors intersection,Normale,Deux véhicules - côté,,,,,,,,,,,3,2,1,1.0,3
201400007769,0014-08-30 08:30:00,14,8,30,8,30,130,85,,,,Plein jour,Hors agglomération,Hors intersection,Normale,Deux véhicules - arrière,,,,,,,,,,,1,1,1,1.0,2
201400007770,0014-09-12 11:30:00,14,9,12,11,30,130,119,ROUTE DE CASSIS,,,Plein jour,En agglomération,Hors intersection,Normale,Deux véhicules - arrière,,,,,,,,,,,1,2,1,1.0,2
201400007771,0014-09-25 16:00:00,14,9,25,16,0,130,85,,,,Plein jour,Hors agglomération,Hors intersection,Normale,Autre collision,,,,,,,,,,,1,1,1,1.0,6
201400007772,0014-03-05 18:45:00,14,3,5,18,45,130,73,RD 7 LE TERME,,,Crépuscule ou aube,En agglomération,Hors intersection,Normale,Deux véhicules - côté,,,,,,,,,,,2,2,1,1.0,3
201400007773,0014-08-05 21:30:00,14,8,5,21,30,130,73,,,,Nuit sans éclairage public,Hors agglomération,Hors intersection,Normale,Deux véhicules - frontale,,,,,,,,,,,3,1,1,1.0,1
201400007774,0014-10-18 10:00:00,14,10,18,10,0,130,46,,,,Plein jour,Hors agglomération,Hors intersection,Normale,Deux véhicules - frontale,,,,,,,,,,,1,1,1,1.0,1
201400007775,0014-01-11 17:45:00,14,1,11,17,45,130,7,CHE MOULIN DE REDON,,,Nuit sans éclairage public,Hors agglomération,Hors intersection,Normale,Deux véhicules - frontale,,,,,,,,,,,3,1,1,1.0,1
201400007776,0014-01-21 16:15:00,14,1,21,16,15,130,86,Rd 96,,,Plein jour,En agglomération,Hors intersection,Normale,Deux véhicules - arrière,,,,,,,,,,,1,2,1,1.0,2
201400007777,0014-03-05 10:30:00,14,3,5,10,30,130,31,ZAC LA TUILERIE,,,Plein jour,En agglomération,Place,Normale,Autre collision,,,,,,,,,,,1,2,7,1.0,6
201400007778,0014-05-16 17:30:00,14,5,16,17,30,130,86,BD S?raphin roux/D96,,,Plein jour,En agglomération,Hors intersection,Normale,Deux véhicules - côté,,,,,,,,,,,1,2,1,1.0,3
201400007779,0014-05-19 20:00:00,14,5,19,20,0,130,86,,,,Plein jour,Hors agglomération,Hors intersection,Normale,Deux véhicules - frontale,,,,,,,,,,,1,1,1,1.0,1
201400007780,0014-07-15 10:00:00,14,7,15,10,0,130,7,Rue*Ravel Timoth?e,,,Plein jour,En agglomération,Hors intersection,Normale,Autre collision,,,,,,,,,,,1,2,1,1.0,6
201400007781,0014-07-26 18:30:00,14,7,26,18,30,130,86,"RD 96, PR 6 + 750",,,Plein jour,En agglomération,Hors intersection,Normale,Trois véhicules et plus - collisions multiples,,,,,,,,,,,1,2,1,1.0,5
201400007782,0014-08-14 03:30:00,14,8,14,3,30,130,86,2 rue ste anne,43.35207,5.60516,Nuit avec éclairage allumé,En agglomération,Hors intersection,Normale,Deux véhicules - frontale,,,,,,,,,,,5,2,1,1.0,1
201400007783,0014-08-19 15:30:00,14,8,19,15,30,130,86,RD96 - CH GAFFE DE QUINE,,,Plein jour,En agglomération,Hors intersection,Normale,Deux véhicules - côté,,,,,,,,,,,1,2,1,1.0,3
201400007784,0014-08-31 12:00:00,14,8,31,12,0,130,86,,,,Plein jour,Hors agglomération,Hors intersection,Normale,Deux véhicules - côté,,,,,,,,,,,1,1,1,1.0,3
201400007785,0014-09-05 15:15:00,14,9,5,15,15,130,86,,,,Plein jour,Hors agglomération,Hors intersection,Normale,Deux véhicules - côté,,,,,,,,,,,1,1,1,1.0,3
201400007786,0014-09-14 11:45:00,14,9,14,11,45,130,7,,,,Plein jour,Hors agglomération,Hors intersection,Normale,Deux véhicules - frontale,,,,,,,,,,,1,1,1,1.0,1
201400007787,0014-11-09 14:30:00,14,11,9,14,30,130,86,,43.36128,5.61053,Plein jour,Hors agglomération,Hors intersection,Pluie légère,Deux véhicules - frontale,,,,,,,,,,,1,1,1,2.0,1
201400007788,0014-12-18 19:45:00,14,12,18,19,45,130,16,Avenue de la Sainte-Baum,,,Nuit sans éclairage public,Hors agglomération,Hors intersection,Normale,Autre collision,,,,,,,,,,,3,1,1,1.0,6
201400007789,0014-02-21 17:45:00,14,2,21,17,45,130,14,"7, avenue de sylvan?s",,,Plein jour,En agglomération,Hors intersection,Normale,Autre collision,,,,,,,,,,,1,2,1,1.0,6
201400007790,0014-06-12 12:00:00,14,6,12,12,0,130,14,avenue joliot curie,43.48015,5.17391,Plein jour,En agglomération,Hors intersection,Normale,Autre collision,,,,,,,,,,,1,2,1,1.0,6
201400007791,0014-06-18 16:00:00,14,6,18,16,0,130,14,,,,Plein jour,Hors agglomération,Hors intersection,Normale,Autre collision,,,,,,,,,,,1,1,1,1.0,6
201400007792,0014-07-26 20:00:00,14,7,26,20,0,130,92,RD.10 le Pont Flavien,43.54175,5.04289,Plein jour,En agglomération,Hors intersection,Normale,Sans collision,,,,,,,,,,,1,2,1,1.0,7
201400007793,0014-08-10 11:30:00,14,8,10,11,30,130,14,avenue de la lib?ration,,,Plein jour,En agglomération,Giratoire,Normale,Autre collision,,,,,,,,,,,1,2,6,1.0,6
201400007794,0014-08-29 21:45:00,14,8,29,21,45,130,92,,43.52793,5.09331,Nuit sans éclairage public,Hors agglomération,Hors intersection,Normale,Autre collision,,,,,,,,,,,3,1,1,1.0,6
201400007795,0014-09-09 20:45:00,14,9,9,20,45,130,14,,,,Nuit sans éclairage public,Hors agglomération,Hors intersection,Normale,Autre collision,,,,,,,,,,,3,1,1,1.0,6
201400007796,0014-09-21 15:00:00,14,9,21,15,0,130,14,,,,Plein jour,Hors agglomération,Hors intersection,Normale,Autre collision,,,,,,,,,,,1,1,1,1.0,6
201400007797,0014-11-19 15:45:00,14,11,19,15,45,130,14,,,,Plein jour,Hors agglomération,Hors intersection,Normale,Deux véhicules - frontale,,,,,,,,,,,1,1,1,1.0,1
201400007798,0014-03-28 08:45:00,14,3,28,8,45,130,35,Avenue Rene CASSIN,,,Plein jour,En agglomération,Hors intersection,Temps éblouissant,Deux véhicules - frontale,,,,,,,,,,,1,2,1,7.0,1
201400007799,0014-06-06 08:30:00,14,6,6,8,30,130,35,,,,Plein jour,Hors agglomération,Hors intersection,Normale,Deux véhicules - arrière,,,,,,,,,,,1,1,1,1.0,2
201400007800,0014-02-23 21:30:00,14,2,23,21,30,130,105,,,,Nuit sans éclairage public,Hors agglomération,Hors intersection,Normale,Deux véhicules - frontale,,,,,,,,,,,3,1,1,1.0,1
201400007801,0014-03-24 08:45:00,14,3,24,8,45,130,53,avenue de craponne,,,Plein jour,En agglomération,Hors intersection,Normale,Autre collision,,,,,,,,,,,1,2,1,1.0,6
201400007802,0014-05-27 22:30:00,14,5,27,22,30,130,105,boulevard gallieni,,,Nuit avec éclairage allumé,En agglomération,Hors intersection,Normale,Deux véhicules - arrière,,,,,,,,,,,5,2,1,1.0,2
201400007803,0014-05-28 19:30:00,14,5,28,19,30,130,53,,,,Plein jour,Hors agglomération,Hors intersection,Normale,Autre collision,,,,,,,,,,,1,1,1,1.0,6
201400007804,0014-10-26 20:45:00,14,10,26,20,45,130,53,,,,Nuit avec éclairage allumé,En agglomération,Hors intersection,Normale,Sans collision,,,,,,,,,,,5,2,1,1.0,7
201400007805,0014-04-03 10:15:00,14,4,3,10,15,130,67,,,,Plein jour,Hors agglomération,Hors intersection,Normale,Deux véhicules - frontale,,,,,,,,,,,1,1,1,1.0,1
201400007806,0014-05-25 16:30:00,14,5,25,16,30,130,76,,,,Plein jour,Hors agglomération,Hors intersection,Normale,Deux véhicules - arrière,,,,,,,,,,,1,1,1,1.0,2
201400007807,0014-07-07 19:15:00,14,7,7,19,15,130,18,Route de ST ANDIOL,,,Plein jour,En agglomération,Hors intersection,Normale,Autre collision,,,,,,,,,,,1,2,1,1.0,6
201400007808,0014-07-09 17:15:00,14,7,9,17,15,130,34,,,,Crépuscule ou aube,Hors agglomération,Hors intersection,Normale,Trois véhicules et plus - collisions multiples,,,,,,,,,,,2,1,1,1.0,5
201400007809,0014-08-04 20:30:00,14,8,4,20,30,130,89,,,,Crépuscule ou aube,Hors agglomération,Hors intersection,Normale,Autre collision,,,,,,,,,,,2,1,1,1.0,6
201400007810,0014-10-03 14:45:00,14,10,3,14,45,130,18,route d'avignon,,,Plein jour,En agglomération,Hors intersection,Normale,Deux véhicules - frontale,,,,,,,,,,,1,2,1,1.0,1
201400007811,0014-05-13 09:15:00,14,5,13,9,15,130,81,,,,Plein jour,Hors agglomération,Intersection en X,Normale,Deux véhicules - côté,,,,,,,,,,,1,1,2,1.0,3
201400007812,0014-05-15 23:15:00,14,5,15,23,15,130,81,,,,Nuit avec éclairage allumé,En agglomération,Hors intersection,Normale,Autre collision,,,,,,,,,,,5,2,1,1.0,6
201400007813,0014-03-06 15:00:00,14,3,6,15,0,130,84,,,,Plein jour,Hors agglomération,Hors intersection,Normale,Deux véhicules - côté,,,,,,,,,,,1,1,1,1.0,3
201400007814,0014-03-09 13:00:00,14,3,9,13,0,130,82,,,,Plein jour,Hors agglomération,Hors intersection,Temps éblouissant,Deux véhicules - frontale,,,,,,,,,,,1,1,1,7.0,1
201400007815,0014-05-17 21:45:00,14,5,17,21,45,130,84,,,,Crépuscule ou aube,Hors agglomération,Hors intersection,Normale,Sans collision,,,,,,,,,,,2,1,1,1.0,7
201400007816,0014-06-05 15:00:00,14,6,5,15,0,130,82,,,,Plein jour,Hors agglomération,Hors intersection,Normale,Trois véhicules et plus - collisions multiples,,,,,,,,,,,1,1,1,1.0,5
201400007817,0014-06-17 15:30:00,14,6,17,15,30,130,84,,,,Plein jour,Hors agglomération,Hors intersection,Normale,Deux véhicules - arrière,,,,,,,,,,,1,1,1,1.0,2
201400007818,0014-09-19 18:45:00,14,9,19,18,45,130,84,,,,Plein jour,Hors agglomération,Intersection en X,Normale,Deux véhicules - côté,,,,,,,,,,,1,1,2,1.0,3
201400007819,0014-10-20 03:45:00,14,10,20,3,45,130,91,,,,Nuit sans éclairage public,Hors agglomération,Hors intersection,Normale,Autre collision,,,,,,,,,,,3,1,1,1.0,6
201400007820,0014-03-10 17:30:00,14,3,10,17,30,40,47,,,,Plein jour,Hors agglomération,Hors intersection,Normale,Autre collision,,,,,,,,,,,1,1,1,1.0,6
201400007821,0014-03-11 17:45:00,14,3,11,17,45,40,46,Le village,,,Crépuscule ou aube,En agglomération,Intersection en T,Normale,Deux véhicules - côté,,,,,,,,,,,2,2,3,1.0,3
201400007822,0014-03-27 13:15:00,14,3,27,13,15,40,122,,,,Plein jour,Hors agglomération,Hors intersection,Normale,Trois véhicules et plus - collisions multiples,,,,,,,,,,,1,1,1,1.0,5
201400007823,0014-05-30 20:30:00,14,5,30,20,30,40,155,,,,Plein jour,Hors agglomération,Hors intersection,Pluie légère,Deux véhicules - frontale,,,,,,,,,,,1,1,1,2.0,1
201400007824,0014-05-31 02:00:00,14,5,31,2,0,40,122,,,,Nuit sans éclairage public,Hors agglomération,Hors intersection,Pluie légère,Autre collision,,,,,,,,,,,3,1,1,2.0,6
201400007825,0014-06-17 14:30:00,14,6,17,14,30,40,46,,,,Plein jour,Hors agglomération,Hors intersection,Normale,Deux véhicules - côté,,,,,,,,,,,1,1,1,1.0,3
201400007826,0014-07-21 15:30:00,14,7,21,15,30,40,167,,,,Plein jour,Hors agglomération,Hors intersection,Normale,Deux véhicules - frontale,,,,,,,,,,,1,1,1,1.0,1
201400007827,0014-07-28 05:00:00,14,7,28,5,0,40,110,,,,Nuit sans éclairage public,Hors agglomération,Hors intersection,Normale,Autre collision,,,,,,,,,,,3,1,1,1.0,6
201400007828,0014-09-09 11:00:00,14,9,9,11,0,40,1,,,,Plein jour,Hors agglomération,Hors intersection,Normale,Autre collision,,,,,,,,,,,1,1,1,1.0,6
201400007829,0014-10-01 09:45:00,14,10,1,9,45,40,167,,,,Plein jour,Hors agglomération,Hors intersection,Normale,Deux véhicules - frontale,,,,,,,,,,,1,1,1,1.0,1
201400007830,0014-10-03 16:45:00,14,10,3,16,45,40,113,,,,Plein jour,Hors agglomération,Hors intersection,Normale,Sans collision,,,,,,,,,,,1,1,1,1.0,7
201400007831,0014-10-22 17:00:00,14,10,22,17,0,40,122,,,,Plein jour,Hors agglomération,Hors intersection,Normale,Trois véhicules et plus - collisions multiples,,,,,,,,,,,1,1,1,1.0,5
201400007832,0014-11-06 23:30:00,14,11,6,23,30,40,47,,,,Nuit avec éclairage allumé,Hors agglomération,Hors intersection,Normale,Autre collision,,,,,,,,,,,5,1,1,1.0,6
201400007833,0014-12-05 22:00:00,14,12,5,22,0,40,113,,,,Nuit sans éclairage public,Hors agglomération,Hors intersection,Normale,Autre collision,,,,,,,,,,,3,1,1,1.0,6
201400007834,0014-03-09 16:00:00,14,3,9,16,0,40,94,,,,Plein jour,Hors agglomération,Hors intersection,Normale,Trois véhicules et plus - collisions multiples,,,,,,,,,,,1,1,1,1.0,5
201400007835,0014-03-23 12:15:00,14,3,23,12,15,40,94,Avenue des Alpes,,,Plein jour,En agglomération,Hors intersection,Normale,Autre collision,,,,,,,,,,,1,2,1,1.0,6