accident_id,datetime,annee,mois,jour,heure,minute,departement,commune_insee,adresse,latitude,longitude,luminosite,agglomeration,intersection,meteo,collision,nb_vehicules,nb_usagers,nb_indemnes,nb_tues,nb_blesses_hosp,nb_blesses_legers,age_cond_1,age_cond_2,veh_type_cond_1,veh_type_cond_2,lum_code,agg_code,int_code,atm_code,col_code
201400007836,0014-04-28 15:45:00,14,4,28,15,45,40,94,Avenue des maronniers,43.75827,5.88648,Plein jour,En agglomération,Hors intersection,Normale,Autre collision,,,,,,,,,,,1,2,1,1.0,6
201400007837,0014-05-31 04:00:00,14,5,31,4,0,40,94,,,,Nuit sans éclairage public,Hors agglomération,Hors intersection,Normale,Deux véhicules - frontale,,,,,,,,,,,3,1,1,1.0,1
201400007838,0014-09-10 22:45:00,14,9,10,22,45,40,94,,,,Nuit sans éclairage public,Hors agglomération,Hors intersection,Normale,Sans collision,,,,,,,,,,,3,1,1,1.0,7
201400007839,0014-10-13 12:00:00,14,10,13,12,0,40,94,,,,Plein jour,Hors agglomération,Hors intersection,Temps couvert,Sans collision,,,,,,,,,,,1,1,1,8.0,7
201400007840,0014-12-09 15:15:00,14,12,9,15,15,40,230,,,,Plein jour,Hors agglomération,Hors intersection,Normale,Deux véhicules - frontale,,,,,,,,,,,1,1,1,1.0,1
201400007841,0014-12-21 19:00:00,14,12,21,19,0,40,230,,,,Nuit sans éclairage public,Hors agglomération,Hors intersection,Normale,Deux véhicules - côté,,,,,,,,,,,3,1,1,1.0,3
201400007842,0014-01-17 09:15:00,14,1,17,9,15,40,106,,,,Plein jour,Hors agglomération,Hors intersection,Temps couvert,Sans collision,,,,,,,,,,,1,1,1,8.0,7
201400007843,0014-02-12 07:00:00,14,2,12,7,0,40,108,,,,Crépuscule ou aube,Hors agglomération,Hors intersection,Normale,Trois véhicules et plus - collisions multiples,,,,,,,,,,,2,1,1,1.0,5
201400007844,0014-02-12 09:15:00,14,2,12,9,15,40,108,,,,Plein jour,Hors agglomération,Hors intersection,Autre,Sans collision,,,,,,,,,,,1,1,1,9.0,7
201400007845,0014-04-10 17:15:00,14,4,10,17,15,40,116,,,,Plein jour,Hors agglomération,Hors intersection,Normale,Deux véhicules - frontale,,,,,,,,,,,1,1,1,1.0,1
201400007846,0014-04-22 15:30:00,14,4,22,15,30,40,143,Allee Arthur Gouin,43.91602,5.91864,Plein jour,Hors agglomération,Place,Normale,Autre collision,,,,,,,,,,,1,1,7,1.0,6
201400007847,0014-07-09 07:00:00,14,7,9,7,0,40,34,,,,Plein jour,Hors agglomération,Hors intersection,Normale,Sans collision,,,,,,,,,,,1,1,1,1.0,7
201400007848,0014-08-01 12:45:00,14,8,1,12,45,40,149,,,,Plein jour,Hors agglomération,Hors intersection,Normale,Deux véhicules - frontale,,,,,,,,,,,1,1,1,1.0,1
201400007849,0014-08-25 09:45:00,14,8,25,9,45,40,149,avenue st roch,,,Plein jour,En agglomération,Hors intersection,Normale,Deux véhicules - frontale,,,,,,,,,,,1,2,1,1.0,1
201400007850,0014-11-20 04:30:00,14,11,20,4,30,40,108,,,,Plein jour,Hors agglomération,Hors intersection,Normale,Deux véhicules - arrière,,,,,,,,,,,1,1,1,1.0,2
201400007851,0014-11-21 11:00:00,14,11,21,11,0,40,116,,,,Plein jour,Hors agglomération,Hors intersection,Normale,Autre collision,,,,,,,,,,,1,1,1,1.0,6
201400007852,0014-04-22 18:00:00,14,4,22,18,0,40,204,,,,Crépuscule ou aube,Hors agglomération,Hors intersection,Pluie légère,Sans collision,,,,,,,,,,,2,1,1,2.0,7
201400007853,0014-04-21 17:45:00,14,4,21,17,45,40,204,,,,Plein jour,Hors agglomération,Hors intersection,Pluie légère,Sans collision,,,,,,,,,,,1,1,1,2.0,7
201400007854,0014-07-06 19:00:00,14,7,6,19,0,40,121,Lieu-dit ferme de Prefai,,,Plein jour,Hors agglomération,Hors intersection,Normale,Autre collision,,,,,,,,,,,1,1,1,1.0,6
201400007855,0014-07-15 11:45:00,14,7,15,11,45,40,22,,,,Plein jour,Hors agglomération,Hors intersection,Normale,Deux véhicules - frontale,,,,,,,,,,,1,1,1,1.0,1
201400007856,0014-07-16 12:00:00,14,7,16,12,0,40,54,,,,Plein jour,Hors agglomération,Hors intersection,Normale,Autre collision,,,,,,,,,,,1,1,1,1.0,6
201400007857,0014-07-28 16:15:00,14,7,28,16,15,40,31,,,,Plein jour,Hors agglomération,Hors intersection,Normale,Sans collision,,,,,,,,,,,1,1,1,1.0,7
201400007858,0014-08-15 20:30:00,14,8,15,20,30,40,204,,,,Crépuscule ou aube,Hors agglomération,Hors intersection,Normale,Autre collision,,,,,,,,,,,2,1,1,1.0,6
201400007859,0014-08-21 18:15:00,14,8,21,18,15,40,31,,,,Plein jour,Hors agglomération,Hors intersection,Normale,Sans collision,,,,,,,,,,,1,1,1,1.0,7
201400007860,0014-05-27 19:30:00,14,5,27,19,30,40,86,,,,Plein jour,Hors agglomération,Hors intersection,Normale,Sans collision,,,,,,,,,,,1,1,1,1.0,7
201400007861,0014-08-09 14:45:00,14,8,9,14,45,40,100,Lieu-dit Maison Meane,44.434,6.871,Plein jour,Hors agglomération,Hors intersection,Normale,Trois véhicules et plus - collisions multiples,,,,,,,,,,,1,1,1,1.0,5
201400007862,0014-08-16 13:45:00,14,8,16,13,45,40,120,,,,Plein jour,Hors agglomération,Intersection en X,Normale,Deux véhicules - côté,,,,,,,,,,,1,1,2,1.0,3
201400007863,0014-08-11 12:00:00,14,8,11,12,0,40,86,,,,Plein jour,Hors agglomération,Hors intersection,Normale,Deux véhicules - frontale,,,,,,,,,,,1,1,1,1.0,1
201400007864,0014-08-27 02:00:00,14,8,27,2,0,40,226,,,,Nuit sans éclairage public,Hors agglomération,Hors intersection,Pluie légère,Autre collision,,,,,,,,,,,3,1,1,2.0,6
201400007865,0014-11-26 18:00:00,14,11,26,18,0,40,19,place Aime Gassier,44.38604,6.65108,Nuit avec éclairage allumé,En agglomération,Place,Pluie légère,Autre collision,,,,,,,,,,,5,2,7,2.0,6
201400007866,0014-12-31 09:30:00,14,12,31,9,30,40,96,Route de Restefond,,,Nuit avec éclairage allumé,En agglomération,Hors intersection,Normale,Autre collision,,,,,,,,,,,5,2,1,1.0,6
201400007867,0014-02-03 12:15:00,14,2,3,12,15,40,198,,,,Plein jour,Hors agglomération,Hors intersection,Normale,Deux véhicules - côté,,,,,,,,,,,1,1,1,1.0,3
201400007868,0014-08-11 17:30:00,14,8,11,17,30,40,198,,,,Plein jour,Hors agglomération,Hors intersection,Normale,Deux véhicules - frontale,,,,,,,,,,,1,1,1,1.0,1
201400007869,0014-09-10 12:45:00,14,9,10,12,45,40,198,,44.45006,6.37116,Plein jour,Hors agglomération,Intersection en T,Temps éblouissant,Deux véhicules - frontale,,,,,,,,,,,1,1,3,7.0,1
201400007870,0014-03-16 08:00:00,14,3,16,8,0,40,161,,,,Plein jour,Hors agglomération,Hors intersection,Normale,Trois véhicules et plus - collisions multiples,,,,,,,,,,,1,1,1,1.0,5
201400007871,0014-06-11 17:45:00,14,6,11,17,45,40,198,,,,Plein jour,Hors agglomération,Hors intersection,Normale,Sans collision,,,,,,,,,,,1,1,1,1.0,7
201400007872,0014-07-14 12:30:00,14,7,14,12,30,40,154,Lieu-dit les Chappas,,,Plein jour,Hors agglomération,Hors intersection,Normale,Deux véhicules - côté,,,,,,,,,,,1,1,1,1.0,3
201400007873,0014-08-01 13:00:00,14,8,1,13,0,40,198,,,,Plein jour,Hors agglomération,Hors intersection,Normale,Deux véhicules - côté,,,,,,,,,,,1,1,1,1.0,3
201400007874,0014-08-15 17:30:00,14,8,15,17,30,40,102,,,,Plein jour,Hors agglomération,Hors intersection,Normale,Deux véhicules - côté,,,,,,,,,,,1,1,1,1.0,3
201400007875,0014-10-14 17:15:00,14,10,14,17,15,40,102,,,,Plein jour,Hors agglomération,Hors intersection,Normale,Deux véhicules - frontale,,,,,,,,,,,1,1,1,1.0,1
201400007876,0014-12-20 07:00:00,14,12,20,7,0,40,33,,,,Crépuscule ou aube,Hors agglomération,Hors intersection,Autre,Sans collision,,,,,,,,,,,2,1,1,9.0,7
201400007877,0014-04-19 16:45:00,14,4,19,16,45,40,92,,,,Plein jour,Hors agglomération,Hors intersection,Normale,Deux véhicules - frontale,,,,,,,,,,,1,1,1,1.0,1
201400007878,0014-05-02 16:00:00,14,5,2,16,0,40,148,,,,Plein jour,Hors agglomération,Hors intersection,Temps couvert,Trois véhicules et plus - collisions multiples,,,,,,,,,,,1,1,1,8.0,5
201400007879,0014-07-11 04:00:00,14,7,11,4,0,40,171,,,,Nuit sans éclairage public,Hors agglomération,Hors intersection,Normale,Sans collision,,,,,,,,,,,3,1,1,1.0,7
201400007880,0014-07-15 12:30:00,14,7,15,12,30,40,39,Hameau de Sionne,,,Plein jour,Hors agglomération,Hors intersection,Normale,Sans collision,,,,,,,,,,,1,1,1,1.0,7
201400007881,0014-07-27 10:15:00,14,7,27,10,15,40,39,,,,Plein jour,Hors agglomération,Hors intersection,Normale,Autre collision,,,,,,,,,,,1,1,1,1.0,6
201400007882,0014-07-27 16:45:00,14,7,27,16,45,40,39,,,,Plein jour,Hors agglomération,Hors intersection,Normale,Deux véhicules - frontale,,,,,,,,,,,1,1,1,1.0,1
201400007883,0014-08-19 15:45:00,14,8,19,15,45,40,39,,,,Plein jour,Hors agglomération,Hors intersection,Normale,Autre collision,,,,,,,,,,,1,1,1,1.0,6
201400007884,0014-08-31 13:30:00,14,8,31,13,30,40,171,,,,Plein jour,Hors agglomération,Hors intersection,Normale,Sans collision,,,,,,,,,,,1,1,1,1.0,7
201400007885,0014-09-04 14:45:00,14,9,4,14,45,40,39,,,,Plein jour,Hors agglomération,Hors intersection,Normale,Deux véhicules - arrière,,,,,,,,,,,1,1,1,1.0,2
201400007886,0014-10-10 17:45:00,14,10,10,17,45,40,39,,,,Plein jour,Hors agglomération,Hors intersection,Normale,Autre collision,,,,,,,,,,,1,1,1,1.0,6
201400007887,0014-10-19 12:45:00,14,10,19,12,45,40,183,,,,Plein jour,Hors agglomération,Hors intersection,Normale,Sans collision,,,,,,,,,,,1,1,1,1.0,7
201400007888,0014-01-02 10:00:00,14,1,2,10,0,40,115,,,,Plein jour,Hors agglomération,Hors intersection,Neige / grêle,Autre collision,,,,,,,,,,,1,1,1,4.0,6
201400007889,0014-09-28 17:00:00,14,9,28,17,0,40,8,,,,Plein jour,Hors agglomération,Hors intersection,Normale,Sans collision,,,,,,,,,,,1,1,1,1.0,7
201400007890,0014-10-26 11:30:00,14,10,26,11,30,40,115,,,,Plein jour,Hors agglomération,Hors intersection,Normale,Deux véhicules - frontale,,,,,,,,,,,1,1,1,1.0,1
201400007891,0014-03-09 00:01:00,14,3,9,0,1,40,219,,,,Nuit sans éclairage public,Hors agglomération,Hors intersection,Normale,Deux véhicules - frontale,,,,,,,,,,,3,1,1,1.0,1
201400007892,0014-08-15 19:45:00,14,8,15,19,45,40,6,,,,Plein jour,Hors agglomération,Hors intersection,Normale,Deux véhicules - frontale,,,,,,,,,,,1,1,1,1.0,1
201400007893,0014-08-22 12:15:00,14,8,22,12,15,40,25,,,,Plein jour,Hors agglomération,Hors intersection,Normale,Deux véhicules - arrière,,,,,,,,,,,1,1,1,1.0,2
201400007894,0014-01-29 08:00:00,14,1,29,8,0,40,166,,,,Crépuscule ou aube,Hors agglomération,Hors intersection,Normale,Deux véhicules - côté,,,,,,,,,,,2,1,1,1.0,3
201400007895,0014-04-14 15:30:00,14,4,14,15,30,40,81,Chemin du bians,43.74075,5.96759,Plein jour,Hors agglomération,Hors intersection,Temps éblouissant,Sans collision,,,,,,,,,,,1,1,1,7.0,7
201400007896,0014-04-16 16:45:00,14,4,16,16,45,40,172,,,,Plein jour,Hors agglomération,Hors intersection,Normale,Autre collision,,,,,,,,,,,1,1,1,1.0,6
201400007897,0014-04-19 13:00:00,14,4,19,13,0,40,166,RUE DU PONT JACQUET,,,Plein jour,En agglomération,Hors intersection,Normale,Trois véhicules et plus - en chaîne,,,,,,,,,,,1,2,1,1.0,4
201400007898,0014-04-19 14:30:00,14,4,19,14,30,40,166,,,,Plein jour,Hors agglomération,Hors intersection,Normale,Trois véhicules et plus - collisions multiples,,,,,,,,,,,1,1,1,1.0,5
201400007899,0014-04-25 15:15:00,14,4,25,15,15,40,81,,,,Plein jour,Hors agglomération,Hors intersection,Normale,Autre collision,,,,,,,,,,,1,1,1,1.0,6
201400007900,0014-07-02 18:45:00,14,7,2,18,45,40,124,,43.771,6.097,Plein jour,Hors agglomération,Hors intersection,Normale,Deux véhicules - côté,,,,,,,,,,,1,1,1,1.0,3
201400007901,0014-07-05 12:15:00,14,7,5,12,15,40,157,,43.886,6.132,Plein jour,Hors agglomération,Hors intersection,Normale,Deux véhicules - arrière,,,,,,,,,,,1,1,1,1.0,2
201400007902,0014-08-10 00:15:00,14,8,10,0,15,40,81,,,,Nuit sans éclairage public,Hors agglomération,Hors intersection,Normale,Autre collision,,,,,,,,,,,3,1,1,1.0,6
201400007903,0014-08-22 06:30:00,14,8,22,6,30,40,4,,43.779,6.056,Nuit sans éclairage public,Hors agglomération,Hors intersection,Normale,Autre collision,,,,,,,,,,,3,1,1,1.0,6
201400007904,0014-09-05 14:30:00,14,9,5,14,30,40,4,,,,Plein jour,Hors agglomération,Hors intersection,Normale,Autre collision,,,,,,,,,,,1,1,1,1.0,6
201400007905,0014-09-23 12:45:00,14,9,23,12,45,40,166,,,,Plein jour,Hors agglomération,Hors intersection,Normale,Sans collision,,,,,,,,,,,1,1,1,1.0,7
201400007906,0014-10-23 08:00:00,14,10,23,8,0,40,81,,,,Plein jour,Hors agglomération,Hors intersection,Normale,Sans collision,,,,,,,,,,,1,1,1,1.0,7
201400007907,0014-11-16 17:45:00,14,11,16,17,45,40,135,D952,,,Nuit sans éclairage public,En agglomération,Hors intersection,Normale,Autre collision,,,,,,,,,,,3,2,1,1.0,6
201400007908,0014-11-17 16:45:00,14,11,17,16,45,40,166,,,,Plein jour,Hors agglomération,Hors intersection,Temps éblouissant,Autre collision,,,,,,,,,,,1,1,1,7.0,6
201400007909,0014-03-05 13:00:00,14,3,5,13,0,40,160,,,,Plein jour,Hors agglomération,Hors intersection,Normale,Sans collision,,,,,,,,,,,1,1,1,1.0,7
201400007910,0014-04-20 10:45:00,14,4,20,10,45,40,160,,,,Plein jour,Hors agglomération,Hors intersection,Pluie légère,Autre collision,,,,,,,,,,,1,1,1,2.0,6
201400007911,0014-05-22 10:45:00,14,5,22,10,45,40,242,,,,Plein jour,Hors agglomération,Hors intersection,Normale,Deux véhicules - côté,,,,,,,,,,,1,1,1,1.0,3
201400007912,0014-07-30 17:00:00,14,7,30,17,0,40,160,,,,Plein jour,Hors agglomération,Hors intersection,Normale,Trois véhicules et plus - collisions multiples,,,,,,,,,,,1,1,1,1.0,5
201400007913,0014-08-09 09:45:00,14,8,9,9,45,40,45,chemin de la falaise,,,Plein jour,En agglomération,Hors intersection,Normale,Deux véhicules - frontale,,,,,,,,,,,1,2,1,1.0,1
201400007914,0014-09-27 12:00:00,14,9,27,12,0,40,160,,,,Plein jour,Hors agglomération,Intersection en X,Normale,Deux véhicules - côté,,,,,,,,,,,1,1,2,1.0,3
201400007915,0014-09-30 07:00:00,14,9,30,7,0,40,241,lieu-dit La Bajoulle,,,Crépuscule ou aube,Hors agglomération,Hors intersection,Pluie légère,Deux véhicules - frontale,,,,,,,,,,,2,1,1,2.0,1
201400007916,0014-10-06 08:00:00,14,10,6,8,0,40,188,"Carrefour des ""4 reines""",,,Crépuscule ou aube,En agglomération,Hors intersection,Temps éblouissant,Trois véhicules et plus - collisions multiples,,,,,,,,,,,2,2,1,7.0,5
201400007917,0014-11-28 16:30:00,14,11,28,16,30,40,242,,,,Plein jour,Hors agglomération,Hors intersection,Temps couvert,Autre collision,,,,,,,,,,,1,1,1,8.0,6
201400007918,0014-12-10 12:30:00,14,12,10,12,30,40,138,,,,Plein jour,Hors agglomération,Hors intersection,Normale,Deux véhicules - côté,,,,,,,,,,,1,1,1,1.0,3
201400007919,0014-12-31 07:30:00,14,12,31,7,30,40,160,,,,Crépuscule ou aube,Hors agglomération,Hors intersection,Normale,Deux véhicules - frontale,,,,,,,,,,,2,1,1,1.0,1
201400007920,0014-02-02 11:45:00,14,2,2,11,45,40,65,,,,Plein jour,Hors agglomération,Hors intersection,Normale,Autre collision,,,,,,,,,,,1,1,1,1.0,6
201400007921,0014-03-09 15:30:00,14,3,9,15,30,40,141,,,,Plein jour,Hors agglomération,Hors intersection,Normale,Sans collision,,,,,,,,,,,1,1,1,1.0,7
201400007922,0014-08-21 16:15:00,14,8,21,16,15,40,162,,,,Plein jour,En agglomération,Hors intersection,Normale,Sans collision,,,,,,,,,,,1,2,1,1.0,7
201400007923,0014-08-23 15:15:00,14,8,23,15,15,40,162,,,,Plein jour,Hors agglomération,Hors intersection,Normale,Deux véhicules - frontale,,,,,,,,,,,1,1,1,1.0,1
201400007924,0014-10-09 09:00:00,14,10,9,9,0,40,109,,,,Plein jour,Hors agglomération,Hors intersection,Normale,Autre collision,,,,,,,,,,,1,1,1,1.0,6
201400007925,0014-10-26 12:15:00,14,10,26,12,15,40,130,,,,Plein jour,Hors agglomération,Hors intersection,Normale,Sans collision,,,,,,,,,,,1,1,1,1.0,7
201400007926,0014-02-23 14:45:00,14,2,23,14,45,40,152,chemin du Quair,,,Plein jour,En agglomération,Hors intersection,Normale,Deux véhicules - frontale,,,,,,,,,,,1,2,1,1.0,1
201400007927,0014-06-28 09:30:00,14,6,28,9,30,40,197,RD4096,,,Plein jour,En agglomération,Intersection en T,Normale,Deux véhicules - arrière,,,,,,,,,,,1,2,3,1.0,2
201400007928,0014-07-05 15:45:00,14,7,5,15,45,40,197,les bastides blanches,,,Plein jour,En agglomération,Intersection en X,Normale,Trois véhicules et plus - collisions multiples,,,,,,,,,,,1,2,2,1.0,5
201400007929,0014-07-24 21:45:00,14,7,24,21,45,40,128,Lieu-dit les Maures,,,Nuit sans éclairage public,Hors agglomération,Hors intersection,Normale,Autre collision,,,,,,,,,,,3,1,1,1.0,6
201400007930,0014-09-12 20:40:00,14,9,12,20,40,40,197,RD4096 avenue PAUL,,,Nuit avec éclairage non allumé,En agglomération,Hors intersection,Normale,Autre collision,,,,,,,,,,,4,2,1,1.0,6
201400007931,0014-10-15 08:15:00,14,10,15,8,15,40,152,route de Manosque,,,Plein jour,En agglomération,Hors intersection,Normale,Deux véhicules - frontale,,,,,,,,,,,1,2,1,1.0,1
201400007932,0014-01-16 18:15:00,14,1,16,18,15,40,209,31 AVENUE JEAN JAURES,44.18452,5.94892,Nuit avec éclairage allumé,En agglomération,Hors intersection,Pluie légère,Autre collision,,,,,,,,,,,5,2,1,2.0,6
201400007933,0014-05-11 10:00:00,14,5,11,10,0,40,123,,,,Plein jour,Hors agglomération,Hors intersection,Pluie légère,Sans collision,,,,,,,,,,,1,1,1,2.0,7
201400007934,0014-06-01 12:30:00,14,6,1,12,30,40,49,rue Emile BOUYOUD,44.077,5.99,Plein jour,En agglomération,Intersection en X,Normale,Deux véhicules - côté,,,,,,,,,,,1,2,2,1.0,3
201400007935,0014-06-12 17:45:00,14,6,12,17,45,40,140,,44.177,5.619,Plein jour,Hors agglomération,Hors intersection,Normale,Sans collision,,,,,,,,,,,1,1,1,1.0,7
201400007936,0014-06-15 06:45:00,14,6,15,6,45,40,13,,,,Plein jour,Hors agglomération,Hors intersection,Normale,Autre collision,,,,,,,,,,,1,1,1,1.0,6
201400007937,0014-09-30 08:30:00,14,9,30,8,30,40,209,route de gap,44.218,5.926,Plein jour,En agglomération,Hors intersection,Pluie légère,Deux véhicules - côté,,,,,,,,,,,1,2,1,2.0,3
201400007938,0014-12-15 18:00:00,14,12,15,18,0,40,145,,,,Nuit sans éclairage public,Hors agglomération,Hors intersection,Pluie légère,Deux véhicules - côté,,,,,,,,,,,3,1,1,2.0,3
201400007939,0014-12-29 16:30:00,14,12,29,16,30,40,79,,44.084,6.018,Plein jour,Hors agglomération,Hors intersection,Normale,Deux véhicules - frontale,,,,,,,,,,,1,1,1,1.0,1
201400007940,0014-04-12 21:45:00,14,4,12,21,45,40,233,,,,Nuit sans éclairage public,Hors agglomération,Hors intersection,Normale,Sans collision,,,,,,,,,,,3,1,1,1.0,7
201400007941,0014-05-23 19:15:00,14,5,23,19,15,40,50,,,,Plein jour,Hors agglomération,Hors intersection,Normale,Sans collision,,,,,,,,,,,1,1,1,1.0,7
201400007942,0014-05-31 11:15:00,14,5,31,11,15,40,26,,,,Plein jour,Hors agglomération,Hors intersection,Normale,Autre collision,,,,,,,,,,,1,1,1,1.0,6
201400007943,0014-05-31 03:45:00,14,5,31,3,45,50,73,,44.35669,5.85857,Nuit sans éclairage public,Hors agglomération,Hors intersection,Normale,Autre collision,,,,,,,,,,,3,1,1,1.0,6
201400007944,0014-06-02 18:30:00,14,6,2,18,30,50,34,,44.27409,5.79454,Plein jour,Hors agglomération,Hors intersection,Normale,Autre collision,,,,,,,,,,,1,1,1,1.0,6
201400007945,0014-07-12 17:30:00,14,7,12,17,30,50,78,,44.38708,5.93593,Plein jour,Hors agglomération,Intersection en X,Normale,Deux véhicules - côté,,,,,,,,,,,1,1,2,1.0,3
201400007946,0014-07-15 08:30:00,14,7,15,8,30,50,70,Avenue du maquis morvan,44.31156,5.82435,Plein jour,En agglomération,Hors intersection,Temps éblouissant,Autre collision,,,,,,,,,,,1,2,1,7.0,6
201400007947,0014-08-22 21:45:00,14,8,22,21,45,50,53,,44.33649,5.7817,Nuit sans éclairage public,Hors agglomération,Hors intersection,Normale,Deux véhicules - arrière,,,,,,,,,,,3,1,1,1.0,2
201400007948,0014-10-18 22:45:00,14,10,18,22,45,50,34,,44.29482,5.82107,Nuit sans éclairage public,Hors agglomération,Hors intersection,Normale,Sans collision,,,,,,,,,,,3,1,1,1.0,7
201400007949,0014-10-24 15:45:00,14,10,24,15,45,50,70,7 Place de la Fontaine,44.31411,5.82283,Plein jour,En agglomération,Hors intersection,Normale,Autre collision,,,,,,,,,,,1,2,1,1.0,6
201400007950,0014-02-03 10:45:00,14,2,3,10,45,50,96,RD944 Bousensayes,44.68337,6.31081,Plein jour,En agglomération,Hors intersection,Normale,Deux véhicules - côté,,,,,,,,,,,1,2,1,1.0,3
201400007951,0014-07-26 18:00:00,14,7,26,18,0,50,56,,44.63897,6.44491,Plein jour,Hors agglomération,Intersection en T,Normale,Deux véhicules - frontale,,,,,,,,,,,1,1,3,1.0,1
201400007952,0014-08-12 13:15:00,14,8,12,13,15,50,95,,44.69917,5.99781,Plein jour,Hors agglomération,Hors intersection,Normale,Autre collision,,,,,,,,,,,1,1,1,1.0,6
201400007953,0014-08-19 10:45:00,14,8,19,10,45,50,96,05170,44.68411,6.32802,Plein jour,Hors agglomération,Hors intersection,Normale,Trois véhicules et plus - en chaîne,,,,,,,,,,,1,1,1,1.0,4
201400007954,0014-10-12 18:15:00,14,10,12,18,15,50,4,,44.62313,6.16713,Crépuscule ou aube,Hors agglomération,Hors intersection,Normale,Deux véhicules - frontale,,,,,,,,,,,2,1,1,1.0,1
201400007955,0014-11-15 09:15:00,14,11,15,9,15,50,96,,44.69204,6.32024,Plein jour,Hors agglomération,Hors intersection,Neige / grêle,Sans collision,,,,,,,,,,,1,1,1,4.0,7
201400007956,0014-12-11 09:45:00,14,12,11,9,45,50,4,,44.61788,6.18095,Plein jour,Hors agglomération,Hors intersection,Autre,Autre collision,,,,,,,,,,,1,1,1,9.0,6
201400007957,0014-03-09 19:00:00,14,3,9,19,0,50,115,,44.46782,6.16758,Nuit avec éclairage allumé,En agglomération,Hors intersection,Normale,Deux véhicules - frontale,,,,,,,,,,,5,2,1,1.0,1
201400007958,0014-05-04 12:15:00,14,5,4,12,15,50,11,,44.54559,6.19839,Plein jour,Hors agglomération,Hors intersection,Normale,Trois véhicules et plus - collisions multiples,,,,,,,,,,,1,1,1,1.0,5
201400007959,0014-08-12 16:00:00,14,8,12,16,0,50,68,,44.47818,6.09661,Plein jour,Hors agglomération,Hors intersection,Normale,Deux véhicules - côté,,,,,,,,,,,1,1,1,1.0,3
201400007960,0014-09-19 19:50:00,14,9,19,19,50,50,176,,44.47316,6.12586,Crépuscule ou aube,Hors agglomération,Hors intersection,Normale,Trois véhicules et plus - collisions multiples,,,,,,,,,,,2,1,1,1.0,5
201400007961,0014-02-08 06:00:00,14,2,8,6,0,50,16,05700,44.466,5.74938,Crépuscule ou aube,Hors agglomération,Hors intersection,Brouillard / fumée,Sans collision,,,,,,,,,,,2,1,1,5.0,7
201400007962,0014-04-28 14:15:00,14,4,28,14,15,50,10,,44.55543,5.76734,Plein jour,Hors agglomération,Hors intersection,Normale,Autre collision,,,,,,,,,,,1,1,1,1.0,6
201400007963,0014-05-07 18:00:00,14,5,7,18,0,50,87,,44.59517,5.85809,Plein jour,Hors agglomération,Hors intersection,Pluie légère,Sans collision,,,,,,,,,,,1,1,1,2.0,7
201400007964,0014-05-30 15:15:00,14,5,30,15,15,50,179,,44.52461,5.80389,Plein jour,Hors agglomération,Hors intersection,Temps couvert,Deux véhicules - frontale,,,,,,,,,,,1,1,1,8.0,1
201400007965,0014-06-03 20:00:00,14,6,3,20,0,50,35,,44.50411,5.84924,Plein jour,Hors agglomération,Hors intersection,Normale,Autre collision,,,,,,,,,,,1,1,1,1.0,6
201400007966,0014-02-28 15:30:00,14,2,28,15,30,50,164,,44.37566,6.37565,Plein jour,Hors agglomération,Hors intersection,Neige / grêle,Sans collision,,,,,,,,,,,1,1,1,4.0,7
201400007967,0014-05-11 10:30:00,14,5,11,10,30,50,45,,44.54158,6.47791,Plein jour,Hors agglomération,Hors intersection,Pluie forte,Autre collision,,,,,,,,,,,1,1,1,3.0,6
201400007968,0014-05-16 16:30:00,14,5,16,16,30,50,46,,44.5862,6.51329,Plein jour,Hors agglomération,Giratoire,Normale,Deux véhicules - frontale,,,,,,,,,,,1,1,6,1.0,1
201400007969,0014-05-18 18:15:00,14,5,18,18,15,50,46,,44.58952,6.51387,Plein jour,Hors agglomération,Autre intersection,Normale,Deux véhicules - frontale,,,,,,,,,,,1,1,9,1.0,1
201400007970,0014-06-16 15:45:00,14,6,16,15,45,50,45,,44.53626,6.46993,Plein jour,Hors agglomération,Hors intersection,Normale,Trois véhicules et plus - collisions multiples,,,,,,,,,,,1,1,1,1.0,5
201400007971,0014-08-05 23:00:00,14,8,5,23,0,50,163,,44.49976,6.34563,Nuit sans éclairage public,Hors agglomération,Hors intersection,Normale,Deux véhicules - frontale,,,,,,,,,,,3,1,1,1.0,1
201400007972,0014-08-29 19:15:00,14,8,29,19,15,50,164,,44.54605,6.38415,Crépuscule ou aube,Hors agglomération,Hors intersection,Normale,Sans collision,,,,,,,,,,,2,1,1,1.0,7
201400007973,0014-09-01 15:45:00,14,9,1,15,45,50,45,,44.53167,6.43918,Plein jour,Hors agglomération,Hors intersection,Normale,Deux véhicules - arrière,,,,,,,,,,,1,1,1,1.0,2
201400007974,0014-06-23 01:45:00,14,6,23,1,45,50,157,,44.7038,6.8551,Nuit sans éclairage public,Hors agglomération,Hors intersection,Normale,Autre collision,,,,,,,,,,,3,1,1,1.0,6