accident_id,datetime,annee,mois,jour,heure,minute,departement,commune_insee,adresse,latitude,longitude,luminosite,agglomeration,intersection,meteo,collision,nb_vehicules,nb_usagers,nb_indemnes,nb_tues,nb_blesses_hosp,nb_blesses_legers,age_cond_1,age_cond_2,veh_type_cond_1,veh_type_cond_2,lum_code,agg_code,int_code,atm_code,col_code
201400008115,0014-10-10 17:45:00,14,10,10,17,45,830,18,,43.561,6.384,Plein jour,Hors agglomération,Hors intersection,Normale,Deux véhicules - frontale,,,,,,,,,,,1,1,1,1.0,1
201400008116,0014-11-21 15:45:00,14,11,21,15,45,830,31,,,,Plein jour,Hors agglomération,Hors intersection,Normale,Deux véhicules - frontale,,,,,,,,,,,1,1,1,1.0,1
201400008117,0014-07-21 19:45:00,14,7,21,19,45,830,7,,,,Plein jour,Hors agglomération,Hors intersection,Normale,Deux véhicules - frontale,,,,,,,,,,,1,1,1,1.0,1
201400008118,0014-08-25 22:15:00,14,8,25,22,15,830,121,,,,Nuit sans éclairage public,Hors agglomération,Hors intersection,Normale,Sans collision,,,,,,,,,,,3,1,1,1.0,7
201400008119,0014-09-20 00:01:00,14,9,20,0,1,830,121,,43.583,6.2,Nuit avec éclairage non allumé,Hors agglomération,Hors intersection,Normale,Sans collision,,,,,,,,,,,4,1,1,1.0,7
201400008120,0014-01-18 18:45:00,14,1,18,18,45,830,23,Quartier St Jean,43.4069,6.0494,Nuit sans éclairage public,En agglomération,Hors intersection,Pluie légère,Autre collision,,,,,,,,,,,3,2,1,2.0,6
201400008121,0014-01-20 17:45:00,14,1,20,17,45,830,23,av des berges,43.4095,6.063,Nuit avec éclairage allumé,En agglomération,Hors intersection,Normale,Autre collision,,,,,,,,,,,5,2,1,1.0,6
201400008122,0014-03-11 15:30:00,14,3,11,15,30,830,143,,,,Plein jour,Hors agglomération,Hors intersection,Normale,Deux véhicules - côté,,,,,,,,,,,1,1,1,1.0,3
201400008123,0014-03-16 09:00:00,14,3,16,9,0,830,23,Chemin des ADRETS,43.41608,6.06153,Plein jour,En agglomération,Hors intersection,Normale,Autre collision,,,,,,,,,,,1,2,1,1.0,6
201400008124,0014-05-13 17:45:00,14,5,13,17,45,830,143,,,,Plein jour,Hors agglomération,Hors intersection,Normale,Deux véhicules - frontale,,,,,,,,,,,1,1,1,1.0,1
201400008125,0014-05-14 18:30:00,14,5,14,18,30,830,143,ROUTE DE VINS SUR CARAMY,,,Plein jour,En agglomération,Hors intersection,Temps éblouissant,Deux véhicules - frontale,,,,,,,,,,,1,2,1,7.0,1
201400008126,0014-05-16 11:15:00,14,5,16,11,15,830,23,,,,Plein jour,Hors agglomération,Hors intersection,Normale,Deux véhicules - frontale,,,,,,,,,,,1,1,1,1.0,1
201400008127,0014-05-17 19:30:00,14,5,17,19,30,830,23,chemin de ceinture,43.41006,6.05247,Plein jour,En agglomération,Hors intersection,Normale,Autre collision,,,,,,,,,,,1,2,1,1.0,6
201400008128,0014-05-30 18:00:00,14,5,30,18,0,830,23,,,,Crépuscule ou aube,Hors agglomération,Hors intersection,Pluie forte,Deux véhicules - côté,,,,,,,,,,,2,1,1,3.0,3
201400008129,0014-06-03 08:45:00,14,6,3,8,45,830,23,Chemin saint-jean,43.4063,6.04976,Plein jour,En agglomération,Hors intersection,Normale,Deux véhicules - côté,,,,,,,,,,,1,2,1,1.0,3
201400008130,0014-06-24 09:15:00,14,6,24,9,15,830,37,,,,Plein jour,Hors agglomération,Hors intersection,Normale,Deux véhicules - côté,,,,,,,,,,,1,1,1,1.0,3
201400008131,0014-09-26 19:30:00,14,9,26,19,30,830,143,,,,Crépuscule ou aube,Hors agglomération,Hors intersection,Normale,Deux véhicules - frontale,,,,,,,,,,,2,1,1,1.0,1
201400008132,0014-10-22 13:00:00,14,10,22,13,0,830,143,2240 Route de Carces,,,Plein jour,En agglomération,Hors intersection,Normale,Autre collision,,,,,,,,,,,1,2,1,1.0,6
201400008133,0014-10-29 15:45:00,14,10,29,15,45,830,23,,,,Plein jour,Hors agglomération,Hors intersection,Normale,Deux véhicules - arrière,,,,,,,,,,,1,1,1,1.0,2
201400008134,0014-10-30 19:30:00,14,10,30,19,30,830,23,,,,Nuit sans éclairage public,Hors agglomération,Hors intersection,Normale,Deux véhicules - arrière,,,,,,,,,,,3,1,1,1.0,2
201400008135,0014-10-28 14:15:00,14,10,28,14,15,830,84,ROUTE DEPARTEMENTALE 13,,,Plein jour,En agglomération,Hors intersection,Normale,Deux véhicules - côté,,,,,,,,,,,1,2,1,1.0,3
201400008136,0014-11-11 07:45:00,14,11,11,7,45,830,12,,,,Crépuscule ou aube,Hors agglomération,Hors intersection,Pluie forte,Deux véhicules - frontale,,,,,,,,,,,2,1,1,3.0,1
201400008137,0014-01-15 10:15:00,14,1,15,10,15,830,150,,,,Plein jour,Hors agglomération,Hors intersection,Normale,Autre collision,,,,,,,,,,,1,1,1,1.0,6
201400008138,0014-04-17 10:45:00,14,4,17,10,45,830,113,,,,Plein jour,Hors agglomération,Hors intersection,Normale,Sans collision,,,,,,,,,,,1,1,1,1.0,7
201400008139,0014-08-13 05:30:00,14,8,13,5,30,830,6,,,,Crépuscule ou aube,Hors agglomération,Hors intersection,Normale,Autre collision,,,,,,,,,,,2,1,1,1.0,6
201400008140,0014-10-07 10:15:00,14,10,7,10,15,830,150,90 rue saint andr?,,,Plein jour,En agglomération,Hors intersection,Normale,Sans collision,,,,,,,,,,,1,2,1,1.0,7
201400008141,0014-11-05 08:15:00,14,11,5,8,15,830,104,,,,Nuit sans éclairage public,Hors agglomération,Hors intersection,Normale,Deux véhicules - frontale,,,,,,,,,,,3,1,1,1.0,1
201400008142,0014-11-08 03:30:00,14,11,8,3,30,830,104,,,,Nuit sans éclairage public,Hors agglomération,Hors intersection,Normale,Sans collision,,,,,,,,,,,3,1,1,1.0,7
201400008143,0014-01-04 20:45:00,14,1,4,20,45,830,77,,,,Nuit sans éclairage public,Hors agglomération,Hors intersection,Pluie légère,Deux véhicules - frontale,,,,,,,,,,,3,1,1,2.0,1
201400008144,0014-01-08 16:15:00,14,1,8,16,15,830,59,,,,Plein jour,Hors agglomération,Hors intersection,Normale,Deux véhicules - côté,,,,,,,,,,,1,1,1,1.0,3
201400008145,0014-01-14 03:30:00,14,1,14,3,30,830,106,,,,Nuit sans éclairage public,Hors agglomération,Hors intersection,Normale,Sans collision,,,,,,,,,,,3,1,1,1.0,7
201400008146,0014-02-23 12:00:00,14,2,23,12,0,830,77,,,,Plein jour,Hors agglomération,Hors intersection,Normale,Deux véhicules - arrière,,,,,,,,,,,1,1,1,1.0,2
201400008147,0014-02-23 15:00:00,14,2,23,15,0,830,77,,,,Plein jour,Hors agglomération,Hors intersection,Normale,Sans collision,,,,,,,,,,,1,1,1,1.0,7
201400008148,0014-03-07 13:30:00,14,3,7,13,30,830,77,,,,Plein jour,Hors agglomération,Hors intersection,Normale,Sans collision,,,,,,,,,,,1,1,1,1.0,7
201400008149,0014-03-12 20:15:00,14,3,12,20,15,830,77,,,,Nuit sans éclairage public,Hors agglomération,Hors intersection,Normale,Autre collision,,,,,,,,,,,3,1,1,1.0,6
201400008150,0014-03-15 15:45:00,14,3,15,15,45,830,76,,,,Plein jour,Hors agglomération,Hors intersection,Normale,Sans collision,,,,,,,,,,,1,1,1,1.0,7
201400008151,0014-04-13 18:00:00,14,4,13,18,0,830,108,,,,Plein jour,Hors agglomération,Hors intersection,Normale,Deux véhicules - frontale,,,,,,,,,,,1,1,1,1.0,1
201400008152,0014-04-14 06:45:00,14,4,14,6,45,830,77,LA SOURCE,,,Plein jour,En agglomération,Hors intersection,Normale,Deux véhicules - côté,,,,,,,,,,,1,2,1,1.0,3
201400008153,0014-04-28 19:30:00,14,4,28,19,30,830,64,,,,Plein jour,Hors agglomération,Hors intersection,Normale,Autre collision,,,,,,,,,,,1,1,1,1.0,6
201400008154,0014-05-25 11:15:00,14,5,25,11,15,830,88,rue republique,43.31072,6.01168,Plein jour,En agglomération,Hors intersection,Normale,Deux véhicules - côté,,,,,,,,,,,1,2,1,1.0,3
201400008155,0014-07-22 22:45:00,14,7,22,22,45,830,77,,,,Nuit sans éclairage public,Hors agglomération,Hors intersection,Normale,Autre collision,,,,,,,,,,,3,1,1,1.0,6
201400008156,0014-07-29 18:45:00,14,7,29,18,45,830,106,,,,Plein jour,Hors agglomération,Hors intersection,Normale,Autre collision,,,,,,,,,,,1,1,1,1.0,6
201400008157,0014-08-08 21:45:00,14,8,8,21,45,830,108,,,,Nuit sans éclairage public,Hors agglomération,Hors intersection,Normale,Autre collision,,,,,,,,,,,3,1,1,1.0,6
201400008158,0014-08-10 17:45:00,14,8,10,17,45,830,77,,,,Plein jour,Hors agglomération,Hors intersection,Normale,Trois véhicules et plus - collisions multiples,,,,,,,,,,,1,1,1,1.0,5
201400008159,0014-09-13 16:30:00,14,9,13,16,30,830,108,,,,Plein jour,Hors agglomération,Hors intersection,Normale,Deux véhicules - côté,,,,,,,,,,,1,1,1,1.0,3
201400008160,0014-09-25 06:15:00,14,9,25,6,15,830,59,,,,Nuit avec éclairage allumé,En agglomération,Hors intersection,Normale,Autre collision,,,,,,,,,,,5,2,1,1.0,6
201400008161,0014-10-02 16:45:00,14,10,2,16,45,830,59,,,,Plein jour,Hors agglomération,Hors intersection,Normale,Deux véhicules - arrière,,,,,,,,,,,1,1,1,1.0,2
201400008162,0014-10-18 11:45:00,14,10,18,11,45,830,77,,,,Plein jour,Hors agglomération,Hors intersection,Normale,Sans collision,,,,,,,,,,,1,1,1,1.0,7
201400008163,0014-10-22 16:00:00,14,10,22,16,0,830,64,,,,Plein jour,En agglomération,Hors intersection,Normale,Deux véhicules - frontale,,,,,,,,,,,1,2,1,1.0,1
201400008164,0014-11-16 09:30:00,14,11,16,9,30,830,106,,,,Nuit sans éclairage public,Hors agglomération,Hors intersection,Normale,Autre collision,,,,,,,,,,,3,1,1,1.0,6
201400008165,0014-11-17 22:30:00,14,11,17,22,30,830,108,,,,Nuit sans éclairage public,Hors agglomération,Hors intersection,Normale,Sans collision,,,,,,,,,,,3,1,1,1.0,7
201400008166,0014-11-23 16:30:00,14,11,23,16,30,830,108,D 64 PR 4+900,,,Plein jour,En agglomération,Hors intersection,Normale,Autre collision,,,,,,,,,,,1,2,1,1.0,6
201400008167,0014-12-22 02:45:00,14,12,22,2,45,830,59,,,,Nuit sans éclairage public,Hors agglomération,Hors intersection,Normale,Autre collision,,,,,,,,,,,3,1,1,1.0,6
201400008168,0014-12-23 13:00:00,14,12,23,13,0,830,64,,,,Plein jour,Hors agglomération,Intersection en X,Normale,Deux véhicules - côté,,,,,,,,,,,1,1,2,1.0,3
201400008169,0014-01-28 08:45:00,14,1,28,8,45,830,116,deviation d560 a,,,Plein jour,En agglomération,Hors intersection,Normale,Trois véhicules et plus - collisions multiples,,,,,,,,,,,1,2,1,1.0,5
201400008170,0014-02-10 18:45:00,14,2,10,18,45,830,140,,,,Nuit sans éclairage public,Hors agglomération,Hors intersection,Normale,Deux véhicules - côté,,,,,,,,,,,3,1,1,1.0,3
201400008171,0014-02-28 06:45:00,14,2,28,6,45,830,140,,,,Nuit sans éclairage public,Hors agglomération,Hors intersection,Normale,Autre collision,,,,,,,,,,,3,1,1,1.0,6
201400008172,0014-03-26 13:45:00,14,3,26,13,45,830,125,,,,Plein jour,Hors agglomération,Hors intersection,Normale,Trois véhicules et plus - collisions multiples,,,,,,,,,,,1,1,1,1.0,5
201400008173,0014-03-27 16:45:00,14,3,27,16,45,830,97,,,,Plein jour,Hors agglomération,Hors intersection,Normale,Trois véhicules et plus - en chaîne,,,,,,,,,,,1,1,1,1.0,4
201400008174,0014-05-07 12:00:00,14,5,7,12,0,830,116,ROUTE DE NICE RN7,,,Plein jour,En agglomération,Hors intersection,Normale,Autre collision,,,,,,,,,,,1,2,1,1.0,6
201400008175,0014-07-07 22:15:00,14,7,7,22,15,830,89,,,,Nuit sans éclairage public,Hors agglomération,Hors intersection,Normale,Autre collision,,,,,,,,,,,3,1,1,1.0,6
201400008176,0014-09-06 10:15:00,14,9,6,10,15,830,116,,,,Plein jour,Hors agglomération,Hors intersection,Normale,Deux véhicules - côté,,,,,,,,,,,1,1,1,1.0,3
201400008177,0014-11-05 20:45:00,14,11,5,20,45,830,125,,,,Nuit sans éclairage public,Hors agglomération,Hors intersection,Normale,Deux véhicules - frontale,,,,,,,,,,,3,1,1,1.0,1
201400008178,0014-11-21 17:00:00,14,11,21,17,0,830,116,,,,Crépuscule ou aube,Hors agglomération,Hors intersection,Normale,Deux véhicules - frontale,,,,,,,,,,,2,1,1,1.0,1
201400008179,0014-01-25 13:45:00,14,1,25,13,45,830,107,,,,Plein jour,Hors agglomération,Hors intersection,Normale,Deux véhicules - frontale,,,,,,,,,,,1,1,1,1.0,1
201400008180,0014-02-03 07:15:00,14,2,3,7,15,830,107,Route de marchandise,43.46464,6.63639,Crépuscule ou aube,Hors agglomération,Hors intersection,Normale,Deux véhicules - côté,,,,,,,,,,,2,1,1,1.0,3
201400008181,0014-03-04 15:30:00,14,3,4,15,30,830,107,,,,Plein jour,Hors agglomération,Hors intersection,Normale,Autre collision,,,,,,,,,,,1,1,1,1.0,6
201400008182,0014-04-05 01:30:00,14,4,5,1,30,830,107,,,,Nuit sans éclairage public,Hors agglomération,Hors intersection,Normale,Sans collision,,,,,,,,,,,3,1,1,1.0,7
201400008183,0014-04-06 12:15:00,14,4,6,12,15,830,107,,43.421,6.674,Plein jour,Hors agglomération,Hors intersection,Normale,Autre collision,,,,,,,,,,,1,1,1,1.0,6
201400008184,0014-04-11 17:30:00,14,4,11,17,30,830,107,,,,Plein jour,Hors agglomération,Hors intersection,Normale,Deux véhicules - côté,,,,,,,,,,,1,1,1,1.0,3
201400008185,0014-04-19 15:00:00,14,4,19,15,0,830,1,,,,Plein jour,Hors agglomération,Hors intersection,Normale,Autre collision,,,,,,,,,,,1,1,1,1.0,6
201400008186,0014-05-09 09:00:00,14,5,9,9,0,830,107,,,,Plein jour,Hors agglomération,Hors intersection,Normale,Deux véhicules - frontale,,,,,,,,,,,1,1,1,1.0,1
201400008187,0014-05-12 15:30:00,14,5,12,15,30,830,1,,43.552,6.791,Plein jour,Hors agglomération,Hors intersection,Normale,Autre collision,,,,,,,,,,,1,1,1,1.0,6
201400008188,0014-05-12 11:15:00,14,5,12,11,15,830,107,,,,Plein jour,Hors agglomération,Hors intersection,Normale,Deux véhicules - frontale,,,,,,,,,,,1,1,1,1.0,1
201400008189,0014-05-17 16:15:00,14,5,17,16,15,830,107,,,,Plein jour,Hors agglomération,Hors intersection,Normale,Deux véhicules - arrière,,,,,,,,,,,1,1,1,1.0,2
201400008190,0014-06-16 17:30:00,14,6,16,17,30,830,107,1130 chemin des fourques,43.46095,6.62643,Plein jour,En agglomération,Hors intersection,Normale,Autre collision,,,,,,,,,,,1,2,1,1.0,6
201400008191,0014-06-20 17:00:00,14,6,20,17,0,830,99,,,,Plein jour,Hors agglomération,Hors intersection,Normale,Deux véhicules - frontale,,,,,,,,,,,1,1,1,1.0,1
201400008192,0014-07-08 15:30:00,14,7,8,15,30,830,107,,,,Plein jour,Hors agglomération,Hors intersection,Normale,Deux véhicules - frontale,,,,,,,,,,,1,1,1,1.0,1
201400008193,0014-07-12 16:45:00,14,7,12,16,45,830,107,,43.459,6.618,Plein jour,Hors agglomération,Hors intersection,Pluie légère,Sans collision,,,,,,,,,,,1,1,1,2.0,7
201400008194,0014-08-19 21:30:00,14,8,19,21,30,830,107,,43.437,6.653,Nuit sans éclairage public,Hors agglomération,Hors intersection,Normale,Deux véhicules - frontale,,,,,,,,,,,3,1,1,1.0,1
201400008195,0014-08-22 05:45:00,14,8,22,5,45,830,99,,,,Nuit sans éclairage public,Hors agglomération,Hors intersection,Normale,Deux véhicules - frontale,,,,,,,,,,,3,1,1,1.0,1
201400008196,0014-08-29 10:15:00,14,8,29,10,15,830,107,,43.46,6.61,Plein jour,Hors agglomération,Autre intersection,Normale,Autre collision,,,,,,,,,,,1,1,9,1.0,6
201400008197,0014-10-23 19:15:00,14,10,23,19,15,830,99,RN 7 - PK 91.200,,,Nuit avec éclairage allumé,En agglomération,Hors intersection,Normale,Deux véhicules - arrière,,,,,,,,,,,5,2,1,1.0,2
201400008198,0014-11-08 15:45:00,14,11,8,15,45,830,99,RN 7 - PK croissant,,,Plein jour,En agglomération,Hors intersection,Normale,Autre collision,,,,,,,,,,,1,2,1,1.0,6
201400008199,0014-12-18 07:45:00,14,12,18,7,45,830,99,,,,Crépuscule ou aube,Hors agglomération,Hors intersection,Normale,Deux véhicules - frontale,,,,,,,,,,,2,1,1,1.0,1
201400008200,0014-01-12 20:15:00,14,1,12,20,15,830,42,avenue de la cauquiere,43.248,6.53,Nuit avec éclairage allumé,En agglomération,Hors intersection,Normale,Autre collision,,,,,,,,,,,5,2,1,1.0,6
201400008201,0014-01-19 20:15:00,14,1,19,20,15,830,68,,,,Nuit avec éclairage allumé,Hors agglomération,Hors intersection,Pluie légère,Sans collision,,,,,,,,,,,5,1,1,2.0,7
201400008202,0014-04-05 20:45:00,14,4,5,20,45,830,42,Carrefour des bastides,43.24,6.533,Nuit avec éclairage allumé,En agglomération,Hors intersection,Normale,Deux véhicules - frontale,,,,,,,,,,,5,2,1,1.0,1
201400008203,0014-04-06 17:15:00,14,4,6,17,15,830,63,,43.293,6.489,Plein jour,Hors agglomération,Hors intersection,Normale,Deux véhicules - frontale,,,,,,,,,,,1,1,1,1.0,1
201400008204,0014-06-23 09:15:00,14,6,23,9,15,830,68,,,,Plein jour,Hors agglomération,Hors intersection,Normale,Deux véhicules - arrière,,,,,,,,,,,1,1,1,1.0,2
201400008205,0014-07-12 09:30:00,14,7,12,9,30,830,68,,,,Plein jour,Hors agglomération,Hors intersection,Normale,Autre collision,,,,,,,,,,,1,1,1,1.0,6
201400008206,0014-07-18 16:30:00,14,7,18,16,30,830,42,,,,Plein jour,Hors agglomération,Hors intersection,Normale,Trois véhicules et plus - collisions multiples,,,,,,,,,,,1,1,1,1.0,5
201400008207,0014-07-22 15:00:00,14,7,22,15,0,830,63,,43.5,6.818,Plein jour,Hors agglomération,Hors intersection,Normale,Deux véhicules - côté,,,,,,,,,,,1,1,1,1.0,3
201400008208,0014-08-01 18:00:00,14,8,1,18,0,830,63,,43.338,6.423,Plein jour,Hors agglomération,Hors intersection,Normale,Deux véhicules - frontale,,,,,,,,,,,1,1,1,1.0,1
201400008209,0014-08-10 02:30:00,14,8,10,2,30,830,68,,,,Nuit sans éclairage public,Hors agglomération,Hors intersection,Normale,Deux véhicules - arrière,,,,,,,,,,,3,1,1,1.0,2
201400008210,0014-08-10 09:45:00,14,8,10,9,45,830,68,,,,Plein jour,Hors agglomération,Hors intersection,Normale,Deux véhicules - côté,,,,,,,,,,,1,1,1,1.0,3
201400008211,0014-08-20 07:30:00,14,8,20,7,30,830,63,,43.504,6.792,Plein jour,Hors agglomération,Hors intersection,Normale,Deux véhicules - frontale,,,,,,,,,,,1,1,1,1.0,1
201400008212,0014-09-12 23:30:00,14,9,12,23,30,830,63,,43.288,6.489,Nuit sans éclairage public,Hors agglomération,Hors intersection,Normale,Sans collision,,,,,,,,,,,3,1,1,1.0,7
201400008213,0014-09-14 07:15:00,14,9,14,7,15,830,42,,,,Plein jour,Hors agglomération,Hors intersection,Normale,Autre collision,,,,,,,,,,,1,1,1,1.0,6
201400008214,0014-09-16 08:00:00,14,9,16,8,0,830,68,,,,Plein jour,Hors agglomération,Giratoire,Normale,Deux véhicules - côté,,,,,,,,,,,1,1,6,1.0,3
201400008215,0014-09-18 08:30:00,14,9,18,8,30,830,42,,43.754,6.556,Plein jour,Hors agglomération,Hors intersection,Normale,Deux véhicules - côté,,,,,,,,,,,1,1,1,1.0,3
201400008216,0014-10-01 13:45:00,14,10,1,13,45,830,42,,43.27,6.503,Plein jour,Hors agglomération,Hors intersection,Normale,Deux véhicules - arrière,,,,,,,,,,,1,1,1,1.0,2
201400008217,0014-10-15 11:45:00,14,10,15,11,45,830,42,,43.43,6.937,Plein jour,Hors agglomération,Hors intersection,Normale,Deux véhicules - côté,,,,,,,,,,,1,1,1,1.0,3
201400008218,0014-10-23 11:15:00,14,10,23,11,15,830,63,,43.567,6.81,Plein jour,Hors agglomération,Hors intersection,Normale,Deux véhicules - frontale,,,,,,,,,,,1,1,1,1.0,1
201400008219,0014-11-12 17:15:00,14,11,12,17,15,830,68,,,,Crépuscule ou aube,Hors agglomération,Hors intersection,Pluie légère,Deux véhicules - arrière,,,,,,,,,,,2,1,1,2.0,2
201400008220,0014-12-15 18:15:00,14,12,15,18,15,830,42,,43.22,6.502,Nuit sans éclairage public,Hors agglomération,Hors intersection,Normale,Sans collision,,,,,,,,,,,3,1,1,1.0,7
201400008221,0014-12-17 07:15:00,14,12,17,7,15,830,68,,,,Crépuscule ou aube,Hors agglomération,Hors intersection,Normale,Deux véhicules - frontale,,,,,,,,,,,2,1,1,1.0,1
201400008222,0014-12-30 17:45:00,14,12,30,17,45,830,68,"RD559,",43.284,6.591,Nuit avec éclairage allumé,En agglomération,Hors intersection,Normale,Deux véhicules - côté,,,,,,,,,,,5,2,1,1.0,3
201400008223,0014-01-02 15:30:00,14,1,2,15,30,830,107,,43.351,6.675,Plein jour,Hors agglomération,Hors intersection,Pluie légère,Deux véhicules - frontale,,,,,,,,,,,1,1,1,2.0,1
201400008224,0014-03-02 17:00:00,14,3,2,17,0,830,115,,,,Plein jour,Hors agglomération,Hors intersection,Normale,Autre collision,,,,,,,,,,,1,1,1,1.0,6
201400008225,0014-03-06 18:00:00,14,3,6,18,0,830,107,,43.35086,6.67487,Plein jour,Hors agglomération,Hors intersection,Normale,Deux véhicules - frontale,,,,,,,,,,,1,1,1,1.0,1
201400008226,0014-04-12 23:00:00,14,4,12,23,0,830,115,avenue 8 mai 45,,,Nuit avec éclairage allumé,En agglomération,Hors intersection,Normale,Autre collision,,,,,,,,,,,5,2,1,1.0,6
201400008227,0014-05-06 14:45:00,14,5,6,14,45,830,115,avenue du 8 mai 1945,,,Plein jour,En agglomération,Hors intersection,Normale,Autre collision,,,,,,,,,,,1,2,1,1.0,6
201400008228,0014-05-30 07:45:00,14,5,30,7,45,830,115,,,,Plein jour,Hors agglomération,Hors intersection,Normale,Deux véhicules - arrière,,,,,,,,,,,1,1,1,1.0,2
201400008229,0014-06-01 17:30:00,14,6,1,17,30,830,115,route du plan de la tour,43.323,6.601,Plein jour,En agglomération,Giratoire,Normale,Deux véhicules - frontale,,,,,,,,,,,1,2,6,1.0,1
201400008230,0014-06-05 16:00:00,14,6,5,16,0,830,115,22 avenue georges pompid,43.306,6.629,Plein jour,En agglomération,Hors intersection,Normale,Deux véhicules - arrière,,,,,,,,,,,1,2,1,1.0,2
201400008231,0014-07-10 18:30:00,14,7,10,18,30,830,107,San Peire les issambres,,,Plein jour,En agglomération,Hors intersection,Normale,Deux véhicules - frontale,,,,,,,,,,,1,2,1,1.0,1
201400008232,0014-08-28 16:00:00,14,8,28,16,0,830,115,33-35 D559  83120 Ste Ma,43.291,6.619,Plein jour,En agglomération,Hors intersection,Normale,Deux véhicules - frontale,,,,,,,,,,,1,2,1,1.0,1
201400008233,0014-09-02 21:45:00,14,9,2,21,45,830,115,avenue Raoul Nordling,,,Nuit avec éclairage allumé,En agglomération,Hors intersection,Normale,Autre collision,,,,,,,,,,,5,2,1,1.0,6
201400008234,0014-10-09 23:15:00,14,10,9,23,15,830,115,,43.39,6.584,Nuit sans éclairage public,Hors agglomération,Hors intersection,Normale,Trois véhicules et plus - collisions multiples,,,,,,,,,,,3,1,1,1.0,5
201400008235,0014-01-27 13:45:00,14,1,27,13,45,830,65,,,,Plein jour,Hors agglomération,Hors intersection,Normale,Deux véhicules - côté,,,,,,,,,,,1,1,1,1.0,3
201400008236,0014-01-28 13:45:00,14,1,28,13,45,830,65,,43.26214,6.57475,Plein jour,Hors agglomération,Autre intersection,Normale,Deux véhicules - côté,,,,,,,,,,,1,1,9,1.0,3
201400008237,0014-02-11 08:00:00,14,2,11,8,0,830,119,Route des salins,43.26648,6.6502,Plein jour,Hors agglomération,Hors intersection,Normale,Autre collision,,,,,,,,,,,1,1,1,1.0,6
201400008238,0014-05-25 02:30:00,14,5,25,2,30,830,119,,43.268,6.634,Nuit avec éclairage allumé,Hors agglomération,Hors intersection,Normale,Deux véhicules - côté,,,,,,,,,,,5,1,1,1.0,3
201400008239,0014-05-27 17:45:00,14,5,27,17,45,830,101,,43.225,6.651,Plein jour,Hors agglomération,Hors intersection,Normale,Deux véhicules - frontale,,,,,,,,,,,1,1,1,1.0,1
201400008240,0014-06-06 09:15:00,14,6,6,9,15,830,65,,43.257,6.572,Plein jour,Hors agglomération,Hors intersection,Normale,Deux véhicules - frontale,,,,,,,,,,,1,1,1,1.0,1
201400008241,0014-06-16 16:45:00,14,6,16,16,45,830,101,,43.23663,6.64978,Plein jour,Hors agglomération,Hors intersection,Normale,Autre collision,,,,,,,,,,,1,1,1,1.0,6
201400008242,0014-06-17 20:15:00,14,6,17,20,15,830,65,,,,Nuit avec éclairage allumé,Hors agglomération,Hors intersection,Normale,Autre collision,,,,,,,,,,,5,1,1,1.0,6
201400008243,0014-06-17 14:00:00,14,6,17,14,0,830,119,34 AV LECLERC,43.268,6.633,Plein jour,Hors agglomération,Hors intersection,Normale,Deux véhicules - arrière,,,,,,,,,,,1,1,1,1.0,2
201400008244,0014-07-22 00:01:00,14,7,22,0,1,830,119,,43.253,6.634,Nuit sans éclairage public,Hors agglomération,Hors intersection,Normale,Deux véhicules - arrière,,,,,,,,,,,3,1,1,1.0,2
201400008245,0014-07-23 11:30:00,14,7,23,11,30,830,101,chemin des ayguiers,43.1923,6.03559,Plein jour,En agglomération,Hors intersection,Normale,Deux véhicules - frontale,,,,,,,,,,,1,2,1,1.0,1
201400008246,0014-07-15 18:30:00,14,7,15,18,30,830,119,Quai Frederic Mistral,43.271,6.637,Plein jour,En agglomération,Hors intersection,Normale,Autre collision,,,,,,,,,,,1,2,1,1.0,6
201400008247,0014-08-08 08:30:00,14,8,8,8,30,830,119,,,,Plein jour,Hors agglomération,Hors intersection,Normale,Deux véhicules - côté,,,,,,,,,,,1,1,1,1.0,3
201400008248,0014-08-12 16:00:00,14,8,12,16,0,830,119,,,,Plein jour,Hors agglomération,Hors intersection,Normale,Deux véhicules - côté,,,,,,,,,,,1,1,1,1.0,3
201400008249,0014-08-16 04:00:00,14,8,16,4,0,830,119,9 av du General LECLERC,43.2692,6.63549,Nuit avec éclairage allumé,En agglomération,Hors intersection,Normale,Deux véhicules - arrière,,,,,,,,,,,5,2,1,1.0,2
201400008250,0014-08-23 18:00:00,14,8,23,18,0,830,65,,,,Plein jour,Hors agglomération,Hors intersection,Normale,Autre collision,,,,,,,,,,,1,1,1,1.0,6
201400008251,0014-08-28 14:15:00,14,8,28,14,15,830,119,48 route des salins,43.26603,6.65278,Plein jour,En agglomération,Hors intersection,Normale,Deux véhicules - arrière,,,,,,,,,,,1,2,1,1.0,2
201400008252,0014-09-16 08:15:00,14,9,16,8,15,830,65,,,,Plein jour,Hors agglomération,Hors intersection,Normale,Deux véhicules - arrière,,,,,,,,,,,1,1,1,1.0,2