accident_id,datetime,annee,mois,jour,heure,minute,departement,commune_insee,adresse,latitude,longitude,luminosite,agglomeration,intersection,meteo,collision,nb_vehicules,nb_usagers,nb_indemnes,nb_tues,nb_blesses_hosp,nb_blesses_legers,age_cond_1,age_cond_2,veh_type_cond_1,veh_type_cond_2,lum_code,agg_code,int_code,atm_code,col_code
201400008253,0014-10-02 09:00:00,14,10,2,9,0,830,101,,43.22651,6.65086,Plein jour,Hors agglomération,Hors intersection,Temps éblouissant,Autre collision,,,,,,,,,,,1,1,1,7.0,6
201400008254,0014-10-03 10:00:00,14,10,3,10,0,830,119,Traverse du marbrier,43.27009,6.63619,Plein jour,En agglomération,Hors intersection,Normale,Sans collision,,,,,,,,,,,1,2,1,1.0,7
201400008255,0014-10-14 08:30:00,14,10,14,8,30,830,65,,,,Plein jour,Hors agglomération,Hors intersection,Pluie forte,Deux véhicules - côté,,,,,,,,,,,1,1,1,3.0,3
201400008256,0014-10-16 08:00:00,14,10,16,8,0,830,65,,43.258,6.61,Plein jour,Hors agglomération,Hors intersection,Normale,Trois véhicules et plus - en chaîne,,,,,,,,,,,1,1,1,1.0,4
201400008257,0014-10-25 12:00:00,14,10,25,12,0,830,65,,,,Plein jour,Hors agglomération,Hors intersection,Normale,Deux véhicules - frontale,,,,,,,,,,,1,1,1,1.0,1
201400008258,0014-11-15 04:15:00,14,11,15,4,15,830,65,,43.258,6.606,Nuit avec éclairage allumé,Hors agglomération,Hors intersection,Pluie forte,Autre collision,,,,,,,,,,,5,1,1,3.0,6
201400008259,0014-01-22 06:45:00,14,1,22,6,45,830,35,,,,Nuit sans éclairage public,Hors agglomération,Hors intersection,Normale,Autre collision,,,,,,,,,,,3,1,1,1.0,6
201400008260,0014-02-17 17:30:00,14,2,17,17,30,830,35,,,,Plein jour,Hors agglomération,Hors intersection,Normale,Deux véhicules - frontale,,,,,,,,,,,1,1,1,1.0,1
201400008261,0014-04-05 09:45:00,14,4,5,9,45,830,16,,,,Plein jour,Hors agglomération,Hors intersection,Normale,Trois véhicules et plus - collisions multiples,,,,,,,,,,,1,1,1,1.0,5
201400008262,0014-04-11 20:15:00,14,4,11,20,15,830,127,,,,Nuit sans éclairage public,Hors agglomération,Hors intersection,Normale,Deux véhicules - frontale,,,,,,,,,,,3,1,1,1.0,1
201400008263,0014-08-05 16:00:00,14,8,5,16,0,830,127,,,,Plein jour,Hors agglomération,Hors intersection,Normale,Deux véhicules - frontale,,,,,,,,,,,1,1,1,1.0,1
201400008264,0014-11-17 22:00:00,14,11,17,22,0,830,127,,,,Nuit sans éclairage public,Hors agglomération,Hors intersection,Normale,Deux véhicules - frontale,,,,,,,,,,,3,1,1,1.0,1
201400008265,0014-05-27 07:45:00,14,5,27,7,45,830,47,,,,Plein jour,Hors agglomération,Hors intersection,Temps éblouissant,Deux véhicules - côté,,,,,,,,,,,1,1,1,7.0,3
201400008266,0014-05-28 17:45:00,14,5,28,17,45,830,47,,,,Plein jour,Hors agglomération,Autre intersection,Normale,Deux véhicules - frontale,,,,,,,,,,,1,1,9,1.0,1
201400008267,0014-09-21 18:30:00,14,9,21,18,30,830,47,Av General de Gaulle,,,Plein jour,En agglomération,Hors intersection,Normale,Deux véhicules - côté,,,,,,,,,,,1,2,1,1.0,3
201400008268,0014-09-21 21:00:00,14,9,21,21,0,830,47,,,,Nuit avec éclairage allumé,Hors agglomération,Hors intersection,Normale,Deux véhicules - frontale,,,,,,,,,,,5,1,1,1.0,1
201400008269,0014-10-28 12:00:00,14,10,28,12,0,830,47,,43.235,6.134,Plein jour,Hors agglomération,Hors intersection,Normale,Autre collision,,,,,,,,,,,1,1,1,1.0,6
201400008270,0014-10-29 10:45:00,14,10,29,10,45,830,47,,,,Plein jour,Hors agglomération,Intersection en T,Normale,Deux véhicules - côté,,,,,,,,,,,1,1,3,1.0,3
201400008271,0014-11-16 17:15:00,14,11,16,17,15,830,47,,,,Crépuscule ou aube,Hors agglomération,Hors intersection,Normale,Deux véhicules - frontale,,,,,,,,,,,2,1,1,1.0,1
201400008272,0014-12-30 21:30:00,14,12,30,21,30,830,47,,,,Nuit sans éclairage public,Hors agglomération,Hors intersection,Normale,Deux véhicules - frontale,,,,,,,,,,,3,1,1,1.0,1
201400008273,0014-03-10 12:15:00,14,3,10,12,15,830,71,,,,Plein jour,Hors agglomération,Hors intersection,Normale,Trois véhicules et plus - en chaîne,,,,,,,,,,,1,1,1,1.0,4
201400008274,0014-05-29 20:45:00,14,5,29,20,45,830,71,Avenue General de Gaulle,,,Crépuscule ou aube,En agglomération,Intersection en T,Normale,Deux véhicules - frontale,,,,,,,,,,,2,2,3,1.0,1
201400008275,0014-07-17 09:45:00,14,7,17,9,45,830,71,,,,Plein jour,Hors agglomération,Hors intersection,Normale,Deux véhicules - frontale,,,,,,,,,,,1,1,1,1.0,1
201400008276,0014-09-11 16:30:00,14,9,11,16,30,830,71,boulevard louis bernard,,,Plein jour,En agglomération,Hors intersection,Normale,Sans collision,,,,,,,,,,,1,2,1,1.0,7
201400008277,0014-09-15 16:30:00,14,9,15,16,30,830,71,851 AVENUE DU GENERAL DE,,,Plein jour,En agglomération,Hors intersection,Normale,Autre collision,,,,,,,,,,,1,2,1,1.0,6
201400008278,0014-11-10 16:15:00,14,11,10,16,15,830,71,,,,Plein jour,Hors agglomération,Hors intersection,Normale,Deux véhicules - côté,,,,,,,,,,,1,1,1,1.0,3
201400008279,0014-01-06 13:45:00,14,1,6,13,45,830,27,CD66 avenue henri jeanso,,,Plein jour,En agglomération,Hors intersection,Normale,Sans collision,,,,,,,,,,,1,2,1,1.0,7
201400008280,0014-03-07 15:30:00,14,3,7,15,30,830,112,,43.17973,5.69789,Plein jour,Hors agglomération,Hors intersection,Normale,Deux véhicules - frontale,,,,,,,,,,,1,1,1,1.0,1
201400008281,0014-04-05 16:45:00,14,4,5,16,45,830,112,,,,Plein jour,Hors agglomération,Hors intersection,Normale,Autre collision,,,,,,,,,,,1,1,1,1.0,6
201400008282,0014-05-18 19:00:00,14,5,18,19,0,830,112,ROND POINT DE SORBA,,,Plein jour,En agglomération,Giratoire,Normale,Deux véhicules - arrière,,,,,,,,,,,1,2,6,1.0,2
201400008283,0014-05-30 18:15:00,14,5,30,18,15,830,112,323 av du marechal JUIN,,,Plein jour,En agglomération,Hors intersection,Normale,Autre collision,,,,,,,,,,,1,2,1,1.0,6
201400008284,0014-06-04 03:45:00,14,6,4,3,45,830,112,avenue tauroemtum,,,Nuit avec éclairage allumé,En agglomération,Hors intersection,Normale,Autre collision,,,,,,,,,,,5,2,1,1.0,6
201400008285,0014-07-27 11:00:00,14,7,27,11,0,830,112,"CD559, rte de LA CIOTAT",,,Plein jour,En agglomération,Hors intersection,Temps éblouissant,Autre collision,,,,,,,,,,,1,2,1,7.0,6
201400008286,0014-08-21 14:00:00,14,8,21,14,0,830,112,,,,Plein jour,Hors agglomération,Hors intersection,Normale,Deux véhicules - frontale,,,,,,,,,,,1,1,1,1.0,1
201400008287,0014-09-11 10:45:00,14,9,11,10,45,830,112,,,,Plein jour,Hors agglomération,Hors intersection,Normale,Deux véhicules - côté,,,,,,,,,,,1,1,1,1.0,3
201400008288,0014-05-22 18:45:00,14,5,22,18,45,840,81,,,,Plein jour,Hors agglomération,Hors intersection,Pluie légère,Deux véhicules - frontale,,,,,,,,,,,1,1,1,2.0,1
201400008289,0014-05-27 17:30:00,14,5,27,17,30,840,34,Route de Gadagne,,,Plein jour,En agglomération,Hors intersection,Normale,Deux véhicules - côté,,,,,,,,,,,1,2,1,1.0,3
201400008290,0014-07-08 07:15:00,14,7,8,7,15,840,119,,,,Plein jour,Hors agglomération,Hors intersection,Normale,Deux véhicules - arrière,,,,,,,,,,,1,1,1,1.0,2
201400008291,0014-09-03 01:45:00,14,9,3,1,45,840,119,,,,Nuit sans éclairage public,Hors agglomération,Hors intersection,Normale,Sans collision,,,,,,,,,,,3,1,1,1.0,7
201400008292,0014-09-15 19:30:00,14,9,15,19,30,840,141,CD53,,,Nuit sans éclairage public,En agglomération,Hors intersection,Pluie forte,Deux véhicules - frontale,,,,,,,,,,,3,2,1,3.0,1
201400008293,0014-09-29 17:15:00,14,9,29,17,15,840,141,,,,Plein jour,Hors agglomération,Hors intersection,Normale,Deux véhicules - frontale,,,,,,,,,,,1,1,1,1.0,1
201400008294,0014-10-14 07:15:00,14,10,14,7,15,840,141,Cous marechal leclerc,,,Crépuscule ou aube,En agglomération,Hors intersection,Normale,Deux véhicules - arrière,,,,,,,,,,,2,2,1,1.0,2
201400008295,0014-10-27 05:15:00,14,10,27,5,15,840,36,,,,Nuit avec éclairage allumé,En agglomération,Hors intersection,Normale,Autre collision,,,,,,,,,,,5,2,1,1.0,6
201400008296,0014-11-01 05:30:00,14,11,1,5,30,840,34,,,,Nuit sans éclairage public,Hors agglomération,Hors intersection,Brouillard / fumée,Autre collision,,,,,,,,,,,3,1,1,5.0,6
201400008297,0014-11-16 03:45:00,14,11,16,3,45,840,141,,,,Nuit sans éclairage public,Hors agglomération,Hors intersection,Normale,Sans collision,,,,,,,,,,,3,1,1,1.0,7
201400008298,0014-01-10 09:15:00,14,1,10,9,15,840,132,,43.95569,4.98493,Plein jour,Hors agglomération,Intersection en X,Normale,Deux véhicules - frontale,,,,,,,,,,,1,1,2,1.0,1
201400008299,0014-01-17 19:30:00,14,1,17,19,30,840,54,route de fontaine,43.92581,5.06594,Nuit sans éclairage public,En agglomération,Hors intersection,Normale,Deux véhicules - frontale,,,,,,,,,,,3,2,1,1.0,1
201400008300,0014-01-20 22:15:00,14,1,20,22,15,840,132,,,,Nuit sans éclairage public,Hors agglomération,Hors intersection,Normale,Deux véhicules - frontale,,,,,,,,,,,3,1,1,1.0,1
201400008301,0014-03-28 23:15:00,14,3,28,23,15,840,54,,,,Nuit sans éclairage public,Hors agglomération,Hors intersection,Normale,Sans collision,,,,,,,,,,,3,1,1,1.0,7
201400008302,0014-04-07 08:00:00,14,4,7,8,0,840,54,,,,Plein jour,Hors agglomération,Intersection en X,Normale,Deux véhicules - côté,,,,,,,,,,,1,1,2,1.0,3
201400008303,0014-05-07 21:30:00,14,5,7,21,30,840,54,,,,Nuit avec éclairage allumé,Hors agglomération,Hors intersection,Normale,Sans collision,,,,,,,,,,,5,1,1,1.0,7
201400008304,0014-05-20 15:45:00,14,5,20,15,45,840,54,route d'APT,,,Plein jour,En agglomération,Hors intersection,Normale,Trois véhicules et plus - collisions multiples,,,,,,,,,,,1,2,1,1.0,5
201400008305,0014-06-13 12:15:00,14,6,13,12,15,840,132,Chemin Saint michel,,,Plein jour,En agglomération,Autre intersection,Normale,Deux véhicules - côté,,,,,,,,,,,1,2,9,1.0,3
201400008306,0014-07-16 16:15:00,14,7,16,16,15,840,124,,,,Plein jour,Hors agglomération,Hors intersection,Normale,Sans collision,,,,,,,,,,,1,1,1,1.0,7
201400008307,0014-07-23 09:45:00,14,7,23,9,45,840,54,,,,Plein jour,Hors agglomération,Hors intersection,Normale,Deux véhicules - frontale,,,,,,,,,,,1,1,1,1.0,1
201400008308,0014-08-01 08:45:00,14,8,1,8,45,840,54,D25,43.92626,5.06435,Plein jour,En agglomération,Intersection en T,Normale,Deux véhicules - arrière,,,,,,,,,,,1,2,3,1.0,2
201400008309,0014-08-18 18:45:00,14,8,18,18,45,840,54,,,,Plein jour,Hors agglomération,Hors intersection,Normale,Autre collision,,,,,,,,,,,1,1,1,1.0,6
201400008310,0014-08-21 14:45:00,14,8,21,14,45,840,54,D25,,,Plein jour,En agglomération,Hors intersection,Normale,Deux véhicules - frontale,,,,,,,,,,,1,2,1,1.0,1
201400008311,0014-08-29 22:45:00,14,8,29,22,45,840,54,,,,Nuit sans éclairage public,Hors agglomération,Hors intersection,Normale,Deux véhicules - côté,,,,,,,,,,,3,1,1,1.0,3
201400008312,0014-09-11 18:15:00,14,9,11,18,15,840,124,,,,Plein jour,Hors agglomération,Hors intersection,Normale,Sans collision,,,,,,,,,,,1,1,1,1.0,7
201400008313,0014-09-22 21:00:00,14,9,22,21,0,840,132,,,,Nuit sans éclairage public,Hors agglomération,Hors intersection,Normale,Deux véhicules - côté,,,,,,,,,,,3,1,1,1.0,3
201400008314,0014-10-04 18:30:00,14,10,4,18,30,840,54,AVENUE JEAN MONNET,,,Plein jour,En agglomération,Hors intersection,Normale,Autre collision,,,,,,,,,,,1,2,1,1.0,6
201400008315,0014-10-08 16:00:00,14,10,8,16,0,840,54,cour fernande peyre,,,Plein jour,En agglomération,Hors intersection,Normale,Deux véhicules - côté,,,,,,,,,,,1,2,1,1.0,3
201400008316,0014-10-09 09:45:00,14,10,9,9,45,840,132,,,,Plein jour,Hors agglomération,Hors intersection,Normale,Deux véhicules - arrière,,,,,,,,,,,1,1,1,1.0,2
201400008317,0014-10-10 15:45:00,14,10,10,15,45,840,54,,,,Plein jour,Hors agglomération,Hors intersection,Normale,Deux véhicules - frontale,,,,,,,,,,,1,1,1,1.0,1
201400008318,0014-10-14 08:00:00,14,10,14,8,0,840,54,cours Rene CHAR,,,Plein jour,En agglomération,Hors intersection,Normale,Autre collision,,,,,,,,,,,1,2,1,1.0,6
201400008319,0014-10-18 20:30:00,14,10,18,20,30,840,54,cours Fernande PEYRE,,,Nuit avec éclairage allumé,En agglomération,Hors intersection,Normale,Deux véhicules - arrière,,,,,,,,,,,5,2,1,1.0,2
201400008320,0014-10-23 13:00:00,14,10,23,13,0,840,54,avenue de l'egalite,,,Plein jour,En agglomération,Hors intersection,Normale,Deux véhicules - frontale,,,,,,,,,,,1,2,1,1.0,1
201400008321,0014-12-02 17:45:00,14,12,2,17,45,840,132,,,,Nuit sans éclairage public,Hors agglomération,Hors intersection,Vent fort / tempête,Deux véhicules - frontale,,,,,,,,,,,3,1,1,6.0,1
201400008322,0014-12-10 11:45:00,14,12,10,11,45,840,54,,,,Plein jour,Hors agglomération,Hors intersection,Normale,Deux véhicules - frontale,,,,,,,,,,,1,1,1,1.0,1
201400008323,0014-02-02 03:30:00,14,2,2,3,30,840,92,,,,Nuit avec éclairage allumé,Hors agglomération,Hors intersection,Temps couvert,Deux véhicules - arrière,,,,,,,,,,,5,1,1,8.0,2
201400008324,0014-02-09 15:30:00,14,2,9,15,30,840,92,avenue Charles de Gaulle,,,Plein jour,En agglomération,Hors intersection,Normale,Autre collision,,,,,,,,,,,1,2,1,1.0,6
201400008325,0014-03-18 09:45:00,14,3,18,9,45,840,92,Parking Picard,,,Plein jour,En agglomération,Autre intersection,Temps couvert,Autre collision,,,,,,,,,,,1,2,9,8.0,6
201400008326,0014-03-28 13:30:00,14,3,28,13,30,840,92,avenue Theophile Delorm,,,Plein jour,En agglomération,Hors intersection,Normale,Autre collision,,,,,,,,,,,1,2,1,1.0,6
201400008327,0014-05-13 10:00:00,14,5,13,10,0,840,92,48 Av. Charles de Gaulle,,,Plein jour,En agglomération,Hors intersection,Normale,Deux véhicules - côté,,,,,,,,,,,1,2,1,1.0,3
201400008328,0014-06-06 16:00:00,14,6,6,16,0,840,92,avenue Charles de Gaulle,,,Plein jour,En agglomération,Hors intersection,Normale,Deux véhicules - arrière,,,,,,,,,,,1,2,1,1.0,2
201400008329,0014-10-19 20:15:00,14,10,19,20,15,840,92,ROND POINT DE GIGA,,,Nuit avec éclairage allumé,En agglomération,Autre intersection,Normale,Deux véhicules - frontale,,,,,,,,,,,5,2,9,1.0,1
201400008330,0014-10-21 09:45:00,14,10,21,9,45,840,92,,,,Plein jour,Hors agglomération,Hors intersection,Temps éblouissant,Autre collision,,,,,,,,,,,1,1,1,7.0,6
201400008331,0014-01-10 08:15:00,14,1,10,8,15,840,129,,,,Plein jour,Hors agglomération,Hors intersection,Brouillard / fumée,Autre collision,,,,,,,,,,,1,1,1,5.0,6
201400008332,0014-03-28 15:00:00,14,3,28,15,0,840,129,chemin de castillon,,,Plein jour,En agglomération,Hors intersection,Normale,Deux véhicules - frontale,,,,,,,,,,,1,2,1,1.0,1
201400008333,0014-04-16 11:00:00,14,4,16,11,0,840,16,,,,Plein jour,Hors agglomération,Hors intersection,Normale,Deux véhicules - frontale,,,,,,,,,,,1,1,1,1.0,1
201400008334,0014-05-30 15:15:00,14,5,30,15,15,840,129,,,,Plein jour,Hors agglomération,Hors intersection,Normale,Autre collision,,,,,,,,,,,1,1,1,1.0,6
201400008335,0014-06-26 15:30:00,14,6,26,15,30,840,129,,,,Plein jour,Hors agglomération,Hors intersection,Normale,Deux véhicules - arrière,,,,,,,,,,,1,1,1,1.0,2
201400008336,0014-07-10 12:00:00,14,7,10,12,0,840,129,,,,Plein jour,Hors agglomération,Hors intersection,Normale,Deux véhicules - arrière,,,,,,,,,,,1,1,1,1.0,2
201400008337,0014-08-29 12:30:00,14,8,29,12,30,840,129,Avenue Avignon,,,Plein jour,En agglomération,Hors intersection,Normale,Deux véhicules - arrière,,,,,,,,,,,1,2,1,1.0,2
201400008338,0014-09-03 09:45:00,14,9,3,9,45,840,129,rue de la Republique,,,Plein jour,En agglomération,Hors intersection,Normale,Autre collision,,,,,,,,,,,1,2,1,1.0,6
201400008339,0014-09-08 16:30:00,14,9,8,16,30,840,129,Route de Monteux,,,Plein jour,En agglomération,Hors intersection,Normale,Autre collision,,,,,,,,,,,1,2,1,1.0,6
201400008340,0014-09-10 19:45:00,14,9,10,19,45,840,129,route de Bedarrides,,,Crépuscule ou aube,En agglomération,Autre intersection,Normale,Autre collision,,,,,,,,,,,2,2,9,1.0,6
201400008341,0014-11-08 16:30:00,14,11,8,16,30,840,129,avenue d'orange,,,Plein jour,En agglomération,Hors intersection,Normale,Sans collision,,,,,,,,,,,1,2,1,1.0,7
201400008342,0014-12-31 14:45:00,14,12,31,14,45,840,129,,,,Plein jour,Hors agglomération,Hors intersection,Vent fort / tempête,Deux véhicules - frontale,,,,,,,,,,,1,1,1,6.0,1
201400008343,0014-01-15 09:15:00,14,1,15,9,15,840,3,Avenue de Saignon,,,Plein jour,En agglomération,Hors intersection,Temps éblouissant,Autre collision,,,,,,,,,,,1,2,1,7.0,6
201400008344,0014-03-05 15:45:00,14,3,5,15,45,840,112,,,,Plein jour,Hors agglomération,Hors intersection,Normale,Autre collision,,,,,,,,,,,1,1,1,1.0,6
201400008345,0014-03-23 10:15:00,14,3,23,10,15,840,3,rue des Paou,,,Plein jour,En agglomération,Hors intersection,Normale,Sans collision,,,,,,,,,,,1,2,1,1.0,7
201400008346,0014-04-26 11:45:00,14,4,26,11,45,840,3,,,,Plein jour,Hors agglomération,Hors intersection,Normale,Deux véhicules - frontale,,,,,,,,,,,1,1,1,1.0,1
201400008347,0014-04-28 20:15:00,14,4,28,20,15,840,118,,,,Plein jour,Hors agglomération,Hors intersection,Normale,Deux véhicules - frontale,,,,,,,,,,,1,1,1,1.0,1
201400008348,0014-07-27 17:30:00,14,7,27,17,30,840,32,,,,Plein jour,Hors agglomération,Autre intersection,Normale,Sans collision,,,,,,,,,,,1,1,9,1.0,7
201400008349,0014-11-22 22:30:00,14,11,22,22,30,840,3,,,,Nuit avec éclairage allumé,Hors agglomération,Hors intersection,Normale,Autre collision,,,,,,,,,,,5,1,1,1.0,6
201400008350,0014-11-27 18:45:00,14,11,27,18,45,840,3,,,,Crépuscule ou aube,Hors agglomération,Hors intersection,Pluie légère,Trois véhicules et plus - collisions multiples,,,,,,,,,,,2,1,1,2.0,5
201400008351,0014-05-22 17:15:00,14,5,22,17,15,840,74,,,,Plein jour,Hors agglomération,Hors intersection,Temps couvert,Trois véhicules et plus - en chaîne,,,,,,,,,,,1,1,1,8.0,4
201400008352,0014-08-23 14:30:00,14,8,23,14,30,840,68,,,,Plein jour,Hors agglomération,Hors intersection,Normale,Deux véhicules - frontale,,,,,,,,,,,1,1,1,1.0,1
201400008353,0014-08-26 20:45:00,14,8,26,20,45,840,74,,,,Crépuscule ou aube,Hors agglomération,Hors intersection,Normale,Deux véhicules - frontale,,,,,,,,,,,2,1,1,1.0,1
201400008354,0014-09-28 08:45:00,14,9,28,8,45,840,147,CHEMIN DES CURATES,,,Crépuscule ou aube,En agglomération,Hors intersection,Normale,Autre collision,,,,,,,,,,,2,2,1,1.0,6
201400008355,0014-10-15 10:45:00,14,10,15,10,45,840,26,,,,Plein jour,Hors agglomération,Hors intersection,Normale,Deux véhicules - arrière,,,,,,,,,,,1,1,1,1.0,2
201400008356,0014-02-05 13:00:00,14,2,5,13,0,840,51,,,,Plein jour,Hors agglomération,Hors intersection,Pluie forte,Autre collision,,,,,,,,,,,1,1,1,3.0,6
201400008357,0014-04-26 18:15:00,14,4,26,18,15,840,50,,,,Plein jour,Hors agglomération,Hors intersection,Normale,Deux véhicules - arrière,,,,,,,,,,,1,1,1,1.0,2
201400008358,0014-05-24 18:45:00,14,5,24,18,45,840,57,,,,Plein jour,Hors agglomération,Intersection en X,Normale,Deux véhicules - côté,,,,,,,,,,,1,1,2,1.0,3
201400008359,0014-11-23 11:15:00,14,11,23,11,15,840,20,,,,Plein jour,Hors agglomération,Hors intersection,Normale,Deux véhicules - côté,,,,,,,,,,,1,1,1,1.0,3
201400008360,0014-12-12 21:15:00,14,12,12,21,15,840,50,"RD2, les imberts",,,Nuit avec éclairage allumé,En agglomération,Hors intersection,Normale,Deux véhicules - frontale,,,,,,,,,,,5,2,1,1.0,1
201400008361,0014-12-26 15:45:00,14,12,26,15,45,840,20,,,,Crépuscule ou aube,Hors agglomération,Hors intersection,Temps éblouissant,Deux véhicules - frontale,,,,,,,,,,,2,1,1,7.0,1
201400008362,0014-01-14 10:30:00,14,1,14,10,30,840,133,BLD ANTOINE DE TRES,,,Plein jour,En agglomération,Hors intersection,Normale,Autre collision,,,,,,,,,,,1,2,1,1.0,6
201400008363,0014-02-06 06:45:00,14,2,6,6,45,840,76,,,,Crépuscule ou aube,Hors agglomération,Hors intersection,Autre,Autre collision,,,,,,,,,,,2,1,1,9.0,6
201400008364,0014-05-31 02:45:00,14,5,31,2,45,840,89,,,,Nuit sans éclairage public,Hors agglomération,Hors intersection,Normale,Autre collision,,,,,,,,,,,3,1,1,1.0,6
201400008365,0014-06-02 22:30:00,14,6,2,22,30,840,89,cours de la republique,,,Plein jour,En agglomération,Hors intersection,Normale,Autre collision,,,,,,,,,,,1,2,1,1.0,6
201400008366,0014-06-16 19:15:00,14,6,16,19,15,840,14,,,,Plein jour,Hors agglomération,Hors intersection,Normale,Autre collision,,,,,,,,,,,1,1,1,1.0,6
201400008367,0014-06-19 07:00:00,14,6,19,7,0,840,89,,,,Crépuscule ou aube,Hors agglomération,Intersection en X,Normale,Deux véhicules - côté,,,,,,,,,,,2,1,2,1.0,3
201400008368,0014-08-29 14:30:00,14,8,29,14,30,840,2,,,,Plein jour,Hors agglomération,Hors intersection,Normale,Deux véhicules - frontale,,,,,,,,,,,1,1,1,1.0,1
201400008369,0014-10-21 17:45:00,14,10,21,17,45,840,14,cours de Verdun / D 42,,,Plein jour,En agglomération,Hors intersection,Normale,Deux véhicules - côté,,,,,,,,,,,1,2,1,1.0,3
201400008370,0014-10-24 18:45:00,14,10,24,18,45,840,2,,,,Nuit sans éclairage public,Hors agglomération,Hors intersection,Normale,Deux véhicules - frontale,,,,,,,,,,,3,1,1,1.0,1
201400008371,0014-11-29 23:00:00,14,11,29,23,0,840,89,Boulevard Jean Guigues,,,Nuit avec éclairage allumé,En agglomération,Hors intersection,Pluie légère,Deux véhicules - côté,,,,,,,,,,,5,2,1,2.0,3
201400008372,0014-05-28 13:45:00,14,5,28,13,45,840,69,,,,Plein jour,Hors agglomération,Hors intersection,Normale,Deux véhicules - frontale,,,,,,,,,,,1,1,1,1.0,1
201400008373,0014-02-23 15:15:00,14,2,23,15,15,840,148,,,,Plein jour,Hors agglomération,Hors intersection,Normale,Autre collision,,,,,,,,,,,1,1,1,1.0,6
201400008374,0014-05-20 20:45:00,14,5,20,20,45,840,41,,,,Nuit sans éclairage public,Hors agglomération,Hors intersection,Normale,Sans collision,,,,,,,,,,,3,1,1,1.0,7
201400008375,0014-05-31 20:30:00,14,5,31,20,30,840,30,rond point de l'europe,,,Plein jour,En agglomération,Giratoire,Normale,Sans collision,,,,,,,,,,,1,2,6,1.0,7
201400008376,0014-06-11 11:00:00,14,6,11,11,0,840,30,,,,Plein jour,Hors agglomération,Hors intersection,Normale,Trois véhicules et plus - collisions multiples,,,,,,,,,,,1,1,1,1.0,5
201400008377,0014-02-05 09:15:00,14,2,5,9,15,840,88,,,,Plein jour,Hors agglomération,Intersection en T,Pluie légère,Deux véhicules - côté,,,,,,,,,,,1,1,3,2.0,3
201400008378,0014-03-26 08:00:00,14,3,26,8,0,840,88,avenue paul de vivie,,,Plein jour,En agglomération,Hors intersection,Normale,Autre collision,,,,,,,,,,,1,2,1,1.0,6
201400008379,0014-08-27 16:15:00,14,8,27,16,15,840,43,,,,Plein jour,Hors agglomération,Hors intersection,Normale,Deux véhicules - frontale,,,,,,,,,,,1,1,1,1.0,1
201400008380,0014-10-27 16:45:00,14,10,27,16,45,840,43,,,,Plein jour,Hors agglomération,Hors intersection,Normale,Deux véhicules - arrière,,,,,,,,,,,1,1,1,1.0,2
201400008381,0014-01-25 14:45:00,14,1,25,14,45,840,29,,,,Plein jour,Hors agglomération,Intersection en X,Normale,Deux véhicules - côté,,,,,,,,,,,1,1,2,1.0,3
201400008382,0014-01-30 09:45:00,14,1,30,9,45,840,135,,,,Plein jour,Hors agglomération,Hors intersection,Pluie légère,Deux véhicules - frontale,,,,,,,,,,,1,1,1,2.0,1
201400008383,0014-06-16 05:30:00,14,6,16,5,30,840,28,,,,Crépuscule ou aube,Hors agglomération,Hors intersection,Normale,Deux véhicules - arrière,,,,,,,,,,,2,1,1,1.0,2
201400008384,0014-07-25 18:00:00,14,7,25,18,0,840,29,,,,Plein jour,Hors agglomération,Intersection en X,Pluie légère,Deux véhicules - côté,,,,,,,,,,,1,1,2,2.0,3
201400008385,0014-12-17 19:00:00,14,12,17,19,0,840,29,,,,Nuit sans éclairage public,Hors agglomération,Hors intersection,Pluie légère,Deux véhicules - côté,,,,,,,,,,,3,1,1,2.0,3
201400008386,0014-12-18 17:30:00,14,12,18,17,30,840,83,,,,Plein jour,Hors agglomération,Hors intersection,Normale,Deux véhicules - frontale,,,,,,,,,,,1,1,1,1.0,1
201400008387,0014-01-27 12:00:00,14,1,27,12,0,840,4,"1395, chemin de Serres",44.09144,5.0178,Plein jour,En agglomération,Hors intersection,Normale,Autre collision,,,,,,,,,,,1,2,1,1.0,6
201400008388,0014-04-03 17:45:00,14,4,3,17,45,840,4,,,,Plein jour,Hors agglomération,Hors intersection,Temps couvert,Sans collision,,,,,,,,,,,1,1,1,8.0,7
201400008389,0014-04-08 10:45:00,14,4,8,10,45,840,136,route de carpentras,,,Plein jour,En agglomération,Autre intersection,Normale,Autre collision,,,,,,,,,,,1,2,9,1.0,6
201400008390,0014-05-03 10:45:00,14,5,3,10,45,840,67,,,,Plein jour,Hors agglomération,Intersection en X,Normale,Trois véhicules et plus - collisions multiples,,,,,,,,,,,1,1,2,1.0,5
201400008391,0014-07-08 09:30:00,14,7,8,9,30,840,122,310 avenue M. Bastidon,,,Plein jour,En agglomération,Hors intersection,Normale,Autre collision,,,,,,,,,,,1,2,1,1.0,6