accident_id,datetime,annee,mois,jour,heure,minute,departement,commune_insee,adresse,latitude,longitude,luminosite,agglomeration,intersection,meteo,collision,nb_vehicules,nb_usagers,nb_indemnes,nb_tues,nb_blesses_hosp,nb_blesses_legers,age_cond_1,age_cond_2,veh_type_cond_1,veh_type_cond_2,lum_code,agg_code,int_code,atm_code,col_code
201400008392,0014-07-20 00:45:00,14,7,20,0,45,840,4,,,,Nuit sans éclairage public,Hors agglomération,Hors intersection,Normale,Deux véhicules - côté,,,,,,,,,,,3,1,1,1.0,3
201400008393,0014-02-22 12:00:00,14,2,22,12,0,840,78,,,,Plein jour,Hors agglomération,Hors intersection,Normale,Autre collision,,,,,,,,,,,1,1,1,1.0,6
201400008394,0014-04-13 19:00:00,14,4,13,19,0,840,19,avenue jean Giono,,,Plein jour,En agglomération,Hors intersection,Normale,Autre collision,,,,,,,,,,,1,2,1,1.0,6
201400008395,0014-05-05 20:15:00,14,5,5,20,15,840,19,avenue Jean Moulin,,,Crépuscule ou aube,En agglomération,Hors intersection,Normale,Autre collision,,,,,,,,,,,2,2,1,1.0,6
201400008396,0014-05-18 05:30:00,14,5,18,5,30,840,78,,,,Crépuscule ou aube,Hors agglomération,Hors intersection,Normale,Sans collision,,,,,,,,,,,2,1,1,1.0,7
201400008397,0014-06-16 17:45:00,14,6,16,17,45,840,63,,,,Plein jour,Hors agglomération,Hors intersection,Temps éblouissant,Deux véhicules - côté,,,,,,,,,,,1,1,1,7.0,3
201400008398,0014-12-31 19:15:00,14,12,31,19,15,840,137,vaison la romaine,,,Plein jour,En agglomération,Hors intersection,Normale,Autre collision,,,,,,,,,,,1,2,1,1.0,6
201400008399,0014-01-07 07:30:00,14,1,7,7,30,840,126,,,,Crépuscule ou aube,Hors agglomération,Hors intersection,Normale,Deux véhicules - frontale,,,,,,,,,,,2,1,1,1.0,1
201400008400,0014-02-01 05:45:00,14,2,1,5,45,840,137,Avenue Ulysse Fabre,,,Nuit avec éclairage allumé,En agglomération,Hors intersection,Pluie légère,Autre collision,,,,,,,,,,,5,2,1,2.0,6
201400008401,0014-02-23 16:00:00,14,2,23,16,0,840,110,,,,Plein jour,Hors agglomération,Hors intersection,Normale,Autre collision,,,,,,,,,,,1,1,1,1.0,6
201400008402,0014-02-27 22:00:00,14,2,27,22,0,840,137,Avenue Ulysse Fabre,,,Nuit avec éclairage allumé,En agglomération,Hors intersection,Normale,Autre collision,,,,,,,,,,,5,2,1,1.0,6
201400008403,0014-03-28 19:00:00,14,3,28,19,0,840,137,avenue Marcel pagnol,,,Crépuscule ou aube,En agglomération,Hors intersection,Normale,Deux véhicules - arrière,,,,,,,,,,,2,2,1,1.0,2
201400008404,0014-06-02 16:00:00,14,6,2,16,0,840,126,,,,Plein jour,Hors agglomération,Hors intersection,Normale,Deux véhicules - frontale,,,,,,,,,,,1,1,1,1.0,1
201400008405,0014-07-16 18:30:00,14,7,16,18,30,840,137,,,,Plein jour,Hors agglomération,Hors intersection,Normale,Deux véhicules - côté,,,,,,,,,,,1,1,1,1.0,3
201400008406,0014-08-06 21:00:00,14,8,6,21,0,840,137,D 938,,,Nuit sans éclairage public,En agglomération,Hors intersection,Normale,Sans collision,,,,,,,,,,,3,2,1,1.0,7
201400008407,0014-08-14 19:45:00,14,8,14,19,45,840,137,,44.26968,5.0261,Plein jour,Hors agglomération,Hors intersection,Normale,Sans collision,,,,,,,,,,,1,1,1,1.0,7
201400008408,0014-09-01 15:00:00,14,9,1,15,0,840,15,,,,Plein jour,Hors agglomération,Hors intersection,Normale,Deux véhicules - frontale,,,,,,,,,,,1,1,1,1.0,1
201400008409,0014-11-06 00:45:00,14,11,6,0,45,840,44,,,,Nuit sans éclairage public,Hors agglomération,Hors intersection,Normale,Autre collision,,,,,,,,,,,3,1,1,1.0,6
201400008410,0014-12-28 17:30:00,14,12,28,17,30,840,15,,,,Crépuscule ou aube,Hors agglomération,Hors intersection,Neige / grêle,Autre collision,,,,,,,,,,,2,1,1,4.0,6
201400008411,0014-01-18 08:15:00,14,1,18,8,15,840,138,avenue jean moulin,,,Nuit avec éclairage allumé,En agglomération,Hors intersection,Pluie forte,Deux véhicules - arrière,,,,,,,,,,,5,2,1,3.0,2
201400008412,0014-02-26 19:15:00,14,2,26,19,15,840,138,route de grillon,44.38459,4.98338,Nuit avec éclairage allumé,En agglomération,Hors intersection,Normale,Deux véhicules - frontale,,,,,,,,,,,5,2,1,1.0,1
201400008413,0014-03-14 15:00:00,14,3,14,15,0,840,138,MDR les capucins,44.37995,4.9901,Plein jour,En agglomération,Hors intersection,Normale,Autre collision,,,,,,,,,,,1,2,1,1.0,6
201400008414,0014-03-11 09:45:00,14,3,11,9,45,840,138,,,,Plein jour,Hors agglomération,Hors intersection,Normale,Trois véhicules et plus - collisions multiples,,,,,,,,,,,1,1,1,1.0,5
201400008415,0014-03-21 06:45:00,14,3,21,6,45,840,97,D18,,,Crépuscule ou aube,En agglomération,Hors intersection,Normale,Sans collision,,,,,,,,,,,2,2,1,1.0,7
201400008416,0014-03-28 21:30:00,14,3,28,21,30,840,138,,,,Nuit sans éclairage public,Hors agglomération,Intersection en X,Normale,Deux véhicules - côté,,,,,,,,,,,3,1,2,1.0,3
201400008417,0014-03-17 16:00:00,14,3,17,16,0,840,138,COURS VICTOR HUGO,,,Plein jour,En agglomération,Hors intersection,Normale,Autre collision,,,,,,,,,,,1,2,1,1.0,6
201400008418,0014-04-12 12:45:00,14,4,12,12,45,840,138,,,,Plein jour,Hors agglomération,Hors intersection,Normale,Trois véhicules et plus - collisions multiples,,,,,,,,,,,1,1,1,1.0,5
201400008419,0014-04-22 17:30:00,14,4,22,17,30,840,138,,,,Plein jour,Hors agglomération,Hors intersection,Pluie légère,Deux véhicules - arrière,,,,,,,,,,,1,1,1,2.0,2
201400008420,0014-04-28 18:45:00,14,4,28,18,45,840,138,chemin des estimeurs est,,,Plein jour,En agglomération,Intersection en X,Normale,Deux véhicules - côté,,,,,,,,,,,1,2,2,1.0,3
201400008421,0014-07-19 14:15:00,14,7,19,14,15,840,138,,,,Plein jour,Hors agglomération,Hors intersection,Normale,Deux véhicules - frontale,,,,,,,,,,,1,1,1,1.0,1
201400008422,0014-08-17 10:00:00,14,8,17,10,0,840,150,,,,Plein jour,Hors agglomération,Hors intersection,Normale,Autre collision,,,,,,,,,,,1,1,1,1.0,6
201400008423,0014-11-05 13:45:00,14,11,5,13,45,840,138,,,,Plein jour,Hors agglomération,Hors intersection,Normale,Autre collision,,,,,,,,,,,1,1,1,1.0,6
201400008424,0014-11-14 16:45:00,14,11,14,16,45,840,138,,,,Crépuscule ou aube,Hors agglomération,Hors intersection,Pluie légère,Sans collision,,,,,,,,,,,2,1,1,2.0,7
201400008425,0014-11-24 15:45:00,14,11,24,15,45,840,138,D197,,,Plein jour,En agglomération,Hors intersection,Normale,Deux véhicules - frontale,,,,,,,,,,,1,2,1,1.0,1
201400008426,0014-01-23 11:30:00,14,1,23,11,30,340,57,avenue rene Couvehnes,,,Plein jour,En agglomération,Autre intersection,Normale,Autre collision,,,,,,,,,,,1,2,9,1.0,6
201400008427,0014-02-28 19:30:00,14,2,28,19,30,340,57,,,,Nuit sans éclairage public,Hors agglomération,Giratoire,Normale,Deux véhicules - côté,,,,,,,,,,,3,1,6,1.0,3
201400008428,0014-07-21 13:45:00,14,7,21,13,45,340,57,ROND POINT DE BERLIN,,,Plein jour,En agglomération,Giratoire,Normale,Deux véhicules - côté,,,,,,,,,,,1,2,6,1.0,3
201400008429,0014-09-10 12:45:00,14,9,10,12,45,340,57,Avenue de l'europe,,,Plein jour,En agglomération,Hors intersection,Normale,Autre collision,,,,,,,,,,,1,2,1,1.0,6
201400008430,0014-01-11 12:00:00,14,1,11,12,0,340,22,RD613,,,Plein jour,En agglomération,Hors intersection,Normale,Deux véhicules - côté,,,,,,,,,,,1,2,1,1.0,3
201400008431,0014-05-05 14:45:00,14,5,5,14,45,340,227,RD610,,,Plein jour,En agglomération,Hors intersection,Normale,Deux véhicules - frontale,,,,,,,,,,,1,2,1,1.0,1
201400008432,0014-08-27 17:30:00,14,8,27,17,30,340,327,carrefour garribaldi,,,Plein jour,En agglomération,Intersection en T,Normale,Deux véhicules - côté,,,,,,,,,,,1,2,3,1.0,3
201400008433,0014-08-26 01:30:00,14,8,26,1,30,340,307,36 rue Louis BUIS,43.188,4.011,Nuit avec éclairage allumé,En agglomération,Hors intersection,Normale,Autre collision,,,,,,,,,,,5,2,1,1.0,6
201400008434,0014-10-09 18:00:00,14,10,9,18,0,340,256,,,,Crépuscule ou aube,Hors agglomération,Hors intersection,Normale,Deux véhicules - côté,,,,,,,,,,,2,1,1,1.0,3
201400008435,0014-11-01 16:30:00,14,11,1,16,30,340,58,,43.131,3.619,Plein jour,Hors agglomération,Hors intersection,Normale,Autre collision,,,,,,,,,,,1,1,1,1.0,6
201400008436,0014-11-21 00:01:00,14,11,21,0,1,340,249,,43.72,3.952,Nuit sans éclairage public,Hors agglomération,Hors intersection,Normale,Autre collision,,,,,,,,,,,3,1,1,1.0,6
201400008437,0014-12-15 18:00:00,14,12,15,18,0,340,22,RN113 14 +250,43.654,4.003,Nuit avec éclairage allumé,En agglomération,Autre intersection,Normale,Deux véhicules - frontale,,,,,,,,,,,5,2,9,1.0,1
201400008438,0014-02-25 18:15:00,14,2,25,18,15,340,274,,43.77199,3.72444,Crépuscule ou aube,Hors agglomération,Hors intersection,Normale,Deux véhicules - frontale,,,,,,,,,,,2,1,1,1.0,1
201400008439,0014-04-06 15:00:00,14,4,6,15,0,340,343,d32 route de saint marti,43.74663,3.70933,Plein jour,En agglomération,Hors intersection,Normale,Autre collision,,,,,,,,,,,1,2,1,1.0,6
201400008440,0014-05-03 18:45:00,14,5,3,18,45,340,128,avenue de l'europe,,,Nuit avec éclairage allumé,En agglomération,Intersection en T,Normale,Deux véhicules - côté,,,,,,,,,,,5,2,3,1.0,3
201400008441,0014-02-02 17:15:00,14,2,2,17,15,340,344,avenue de Montpellier,,,Plein jour,En agglomération,Hors intersection,Normale,Sans collision,,,,,,,,,,,1,2,1,1.0,7
201400008442,0014-06-14 09:00:00,14,6,14,9,0,340,344,Avenue Mar?chal Leclerc,,,Plein jour,En agglomération,Hors intersection,Normale,Deux véhicules - frontale,,,,,,,,,,,1,2,1,1.0,1
201400008443,0014-07-27 22:30:00,14,7,27,22,30,340,344,Quai Georges Pompidou,43.933,4.138,Nuit avec éclairage allumé,En agglomération,Hors intersection,Normale,Autre collision,,,,,,,,,,,5,2,1,1.0,6
201400008444,0014-08-09 23:30:00,14,8,9,23,30,340,344,avenue jean bene,,,Nuit avec éclairage allumé,En agglomération,Hors intersection,Normale,Deux véhicules - côté,,,,,,,,,,,5,2,1,1.0,3
201400008445,0014-10-13 22:30:00,14,10,13,22,30,340,344,,,,Nuit sans éclairage public,Hors agglomération,Hors intersection,Normale,Autre collision,,,,,,,,,,,3,1,1,1.0,6
201400008446,0014-10-31 20:45:00,14,10,31,20,45,340,344,rue de la croisade,43.937,4.162,Nuit avec éclairage allumé,En agglomération,Hors intersection,Normale,Autre collision,,,,,,,,,,,5,2,1,1.0,6
201400008447,0014-01-30 14:30:00,14,1,30,14,30,340,33,,43.239,4.085,Plein jour,Hors agglomération,Hors intersection,Pluie légère,Autre collision,,,,,,,,,,,1,1,1,2.0,6
201400008448,0014-01-25 05:15:00,14,1,25,5,15,340,145,,,,Nuit sans éclairage public,Hors agglomération,Hors intersection,Normale,Sans collision,,,,,,,,,,,3,1,1,1.0,7
201400008449,0014-02-24 23:45:00,14,2,24,23,45,340,321,,43.67174,4.05359,Nuit sans éclairage public,Hors agglomération,Hors intersection,Normale,Autre collision,,,,,,,,,,,3,1,1,1.0,6
201400008450,0014-03-16 04:15:00,14,3,16,4,15,340,288,avenue ST ROCH,43.72982,4.10545,Nuit avec éclairage allumé,En agglomération,Hors intersection,Normale,Autre collision,,,,,,,,,,,5,2,1,1.0,6
201400008451,0014-04-23 14:45:00,14,4,23,14,45,340,151,,43.64235,4.13846,Plein jour,Hors agglomération,Autre intersection,Normale,Deux véhicules - côté,,,,,,,,,,,1,1,9,1.0,3
201400008452,0014-05-05 12:30:00,14,5,5,12,30,340,145,avenue du vidourleRN 113,43.68977,4.15919,Plein jour,En agglomération,Hors intersection,Normale,Autre collision,,,,,,,,,,,1,2,1,1.0,6
201400008453,0014-05-06 21:45:00,14,5,6,21,45,340,145,,43.687,4.155,Plein jour,Hors agglomération,Hors intersection,Normale,Deux véhicules - frontale,,,,,,,,,,,1,1,1,1.0,1
201400008454,0014-06-08 17:15:00,14,6,8,17,15,340,145,,,,Plein jour,Hors agglomération,Hors intersection,Normale,Autre collision,,,,,,,,,,,1,1,1,1.0,6
201400008455,0014-06-16 07:30:00,14,6,16,7,30,340,151,,43.075,4.31,Crépuscule ou aube,Hors agglomération,Hors intersection,Normale,Autre collision,,,,,,,,,,,2,1,1,1.0,6
201400008456,0014-07-14 16:15:00,14,7,14,16,15,340,145,,,,Plein jour,Hors agglomération,Hors intersection,Normale,Deux véhicules - frontale,,,,,,,,,,,1,1,1,1.0,1
201400008457,0014-07-19 13:30:00,14,7,19,13,30,340,145,Rue de Verdun,,,Plein jour,En agglomération,Intersection en X,Normale,Deux véhicules - côté,,,,,,,,,,,1,2,2,1.0,3
201400008458,0014-07-31 18:15:00,14,7,31,18,15,340,145,route de la mer,43.115,4.239,Plein jour,En agglomération,Intersection en X,Normale,Deux véhicules - côté,,,,,,,,,,,1,2,2,1.0,3
201400008459,0014-08-18 13:45:00,14,8,18,13,45,340,151,,43.065,4.283,Plein jour,Hors agglomération,Hors intersection,Normale,Deux véhicules - frontale,,,,,,,,,,,1,1,1,1.0,1
201400008460,0014-08-28 18:45:00,14,8,28,18,45,340,145,,,,Plein jour,En agglomération,Intersection en X,Normale,Deux véhicules - côté,,,,,,,,,,,1,2,2,1.0,3
201400008461,0014-09-17 07:30:00,14,9,17,7,30,340,145,av m. de lattre tassigny,43.672,4.134,Plein jour,En agglomération,Hors intersection,Normale,Deux véhicules - frontale,,,,,,,,,,,1,2,1,1.0,1
201400008462,0014-11-21 00:01:00,14,11,21,0,1,340,151,,,,Nuit sans éclairage public,Hors agglomération,Hors intersection,Normale,Deux véhicules - frontale,,,,,,,,,,,3,1,1,1.0,1
201400008463,0014-12-07 13:00:00,14,12,7,13,0,340,151,,,,Plein jour,Hors agglomération,Intersection en X,Normale,Deux véhicules - côté,,,,,,,,,,,1,1,2,1.0,3
201400008464,0014-12-30 21:30:00,14,12,30,21,30,340,145,300 avenue des Abrivados,43.669,4.12399,Nuit avec éclairage allumé,En agglomération,Hors intersection,Vent fort / tempête,Autre collision,,,,,,,,,,,5,2,1,6.0,6
201400008465,0014-01-07 18:15:00,14,1,7,18,15,340,154,avenue de la mer,43.61,4.0,Crépuscule ou aube,En agglomération,Hors intersection,Autre,Deux véhicules - frontale,,,,,,,,,,,2,2,1,9.0,1
201400008466,0014-04-11 06:15:00,14,4,11,6,15,340,154,,,,Crépuscule ou aube,Hors agglomération,Autre intersection,Brouillard / fumée,Trois véhicules et plus - collisions multiples,,,,,,,,,,,2,1,9,5.0,5
201400008467,0014-06-19 17:30:00,14,6,19,17,30,340,154,,,,Plein jour,Hors agglomération,Hors intersection,Normale,Deux véhicules - frontale,,,,,,,,,,,1,1,1,1.0,1
201400008468,0014-06-25 15:45:00,14,6,25,15,45,340,154,,,,Plein jour,Hors agglomération,Hors intersection,Normale,Deux véhicules - côté,,,,,,,,,,,1,1,1,1.0,3
201400008469,0014-10-03 09:45:00,14,10,3,9,45,340,127,,,,Plein jour,Hors agglomération,Hors intersection,Normale,Deux véhicules - frontale,,,,,,,,,,,1,1,1,1.0,1
201400008470,0014-10-17 15:45:00,14,10,17,15,45,340,154,,,,Plein jour,Hors agglomération,Hors intersection,Normale,Trois véhicules et plus - collisions multiples,,,,,,,,,,,1,1,1,1.0,5
201400008471,0014-06-13 07:45:00,14,6,13,7,45,340,314,,43.74098,3.84778,Plein jour,Hors agglomération,Hors intersection,Normale,Deux véhicules - côté,,,,,,,,,,,1,1,1,1.0,3
201400008472,0014-08-04 14:30:00,14,8,4,14,30,340,322,,,,Plein jour,Hors agglomération,Hors intersection,Normale,Autre collision,,,,,,,,,,,1,1,1,1.0,6
201400008473,0014-08-16 15:00:00,14,8,16,15,0,340,322,,,,Plein jour,Hors agglomération,Autre intersection,Normale,Deux véhicules - côté,,,,,,,,,,,1,1,9,1.0,3
201400008474,0014-11-29 19:30:00,14,11,29,19,30,340,318,,43.8,3.917,Nuit sans éclairage public,Hors agglomération,Hors intersection,Pluie légère,Sans collision,,,,,,,,,,,3,1,1,2.0,7
201400008475,0014-12-29 17:30:00,14,12,29,17,30,340,110,238 route de buzignargue,,,Crépuscule ou aube,En agglomération,Hors intersection,Normale,Autre collision,,,,,,,,,,,2,2,1,1.0,6
201400008476,0014-05-11 01:45:00,14,5,11,1,45,340,28,route de pezenes,43.60407,3.17086,Nuit avec éclairage allumé,En agglomération,Hors intersection,Normale,Autre collision,,,,,,,,,,,5,2,1,1.0,6
201400008477,0014-05-17 12:30:00,14,5,17,12,30,340,96,,,,Plein jour,Hors agglomération,Hors intersection,Normale,Deux véhicules - côté,,,,,,,,,,,1,1,1,1.0,3
201400008478,0014-06-08 10:45:00,14,6,8,10,45,340,28,,,,Plein jour,Hors agglomération,Hors intersection,Normale,Autre collision,,,,,,,,,,,1,1,1,1.0,6
201400008479,0014-06-22 21:00:00,14,6,22,21,0,340,144,,,,Crépuscule ou aube,Hors agglomération,Hors intersection,Normale,Sans collision,,,,,,,,,,,2,1,1,1.0,7
201400008480,0014-07-17 11:45:00,14,7,17,11,45,340,312,BOUSSAGUES,,,Plein jour,En agglomération,Hors intersection,Normale,Autre collision,,,,,,,,,,,1,2,1,1.0,6
201400008481,0014-08-09 09:45:00,14,8,9,9,45,340,119,CD908,,,Plein jour,En agglomération,Hors intersection,Normale,Deux véhicules - frontale,,,,,,,,,,,1,2,1,1.0,1
201400008482,0014-11-06 23:00:00,14,11,6,23,0,340,235,,,,Plein jour,Hors agglomération,Hors intersection,Normale,Autre collision,,,,,,,,,,,1,1,1,1.0,6
201400008483,0014-12-01 07:45:00,14,12,1,7,45,340,96,,,,Crépuscule ou aube,Hors agglomération,Hors intersection,Temps couvert,Deux véhicules - frontale,,,,,,,,,,,2,1,1,8.0,1
201400008484,0014-12-02 17:30:00,14,12,2,17,30,340,28,,,,Nuit avec éclairage allumé,Hors agglomération,Hors intersection,Temps couvert,Autre collision,,,,,,,,,,,5,1,1,8.0,6
201400008485,0014-01-10 18:15:00,14,1,10,18,15,340,225,Boulevard Victor Hugo,43.372,3.042,Nuit avec éclairage allumé,En agglomération,Hors intersection,Normale,Autre collision,,,,,,,,,,,5,2,1,1.0,6
201400008486,0014-01-30 16:00:00,14,1,30,16,0,340,52,,43.323,3.016,Plein jour,Hors agglomération,Hors intersection,Normale,Autre collision,,,,,,,,,,,1,1,1,1.0,6
201400008487,0014-02-09 15:45:00,14,2,9,15,45,340,183,,43.32501,3.13149,Plein jour,Hors agglomération,Hors intersection,Normale,Deux véhicules - côté,,,,,,,,,,,1,1,1,1.0,3
201400008488,0014-04-12 16:30:00,14,4,12,16,30,340,52,,,,Plein jour,Hors agglomération,Hors intersection,Normale,Autre collision,,,,,,,,,,,1,1,1,1.0,6
201400008489,0014-05-16 17:30:00,14,5,16,17,30,340,161,";,",43.34217,3.1296,Plein jour,En agglomération,Hors intersection,Normale,Sans collision,,,,,,,,,,,1,2,1,1.0,7
201400008490,0014-05-18 07:00:00,14,5,18,7,0,340,52,"43.339006,3.040604",,,Plein jour,En agglomération,Hors intersection,Normale,Autre collision,,,,,,,,,,,1,2,1,1.0,6
201400008491,0014-05-17 18:00:00,14,5,17,18,0,340,26,"43.295215,2.751793",,,Plein jour,En agglomération,Hors intersection,Normale,Autre collision,,,,,,,,,,,1,2,1,1.0,6
201400008492,0014-07-02 14:00:00,14,7,2,14,0,340,183,Carrefour Marengo,43.29306,3.12563,Plein jour,En agglomération,Hors intersection,Normale,Deux véhicules - frontale,,,,,,,,,,,1,2,1,1.0,1
201400008493,0014-06-25 20:45:00,14,6,25,20,45,340,225,,,,Crépuscule ou aube,Hors agglomération,Hors intersection,Normale,Autre collision,,,,,,,,,,,2,1,1,1.0,6
201400008494,0014-07-06 04:15:00,14,7,6,4,15,340,155,,,,Nuit sans éclairage public,Hors agglomération,Hors intersection,Normale,Autre collision,,,,,,,,,,,3,1,1,1.0,6
201400008495,0014-08-07 10:30:00,14,8,7,10,30,340,183,,,,Plein jour,Hors agglomération,Hors intersection,Normale,Deux véhicules - côté,,,,,,,,,,,1,1,1,1.0,3
201400008496,0014-08-27 10:45:00,14,8,27,10,45,340,89,,,,Plein jour,Hors agglomération,Hors intersection,Normale,Trois véhicules et plus - collisions multiples,,,,,,,,,,,1,1,1,1.0,5
201400008497,0014-12-12 04:45:00,14,12,12,4,45,340,183,"43.291853,3.120395",,,Nuit avec éclairage allumé,En agglomération,Hors intersection,Normale,Deux véhicules - côté,,,,,,,,,,,5,2,1,1.0,3
201400008498,0014-12-14 06:45:00,14,12,14,6,45,340,206,"43.310534,3.078743",,,Nuit avec éclairage allumé,En agglomération,Hors intersection,Normale,Autre collision,,,,,,,,,,,5,2,1,1.0,6
201400008499,0014-12-20 03:45:00,14,12,20,3,45,340,225,,,,Nuit sans éclairage public,Hors agglomération,Hors intersection,Normale,Autre collision,,,,,,,,,,,3,1,1,1.0,6
201400008500,0014-01-04 01:00:00,14,1,4,1,0,340,245,,,,Nuit sans éclairage public,Hors agglomération,Hors intersection,Pluie légère,Autre collision,,,,,,,,,,,3,1,1,2.0,6
201400008501,0014-01-02 18:15:00,14,1,2,18,15,340,69,,43.392,3.106,Crépuscule ou aube,Hors agglomération,Hors intersection,Normale,Deux véhicules - arrière,,,,,,,,,,,2,1,1,1.0,2
201400008502,0014-02-18 13:00:00,14,2,18,13,0,340,74,,43.453,3.027,Plein jour,Hors agglomération,Hors intersection,Normale,Sans collision,,,,,,,,,,,1,1,1,1.0,7
201400008503,0014-06-20 12:00:00,14,6,20,12,0,340,178,villenouvette maraussan,,,Plein jour,En agglomération,Hors intersection,Normale,Deux véhicules - côté,,,,,,,,,,,1,2,1,1.0,3
201400008504,0014-08-18 11:45:00,14,8,18,11,45,340,74,,,,Plein jour,Hors agglomération,Hors intersection,Normale,Deux véhicules - frontale,,,,,,,,,,,1,1,1,1.0,1
201400008505,0014-08-23 17:45:00,14,8,23,17,45,340,100,,,,Plein jour,Hors agglomération,Hors intersection,Normale,Deux véhicules - frontale,,,,,,,,,,,1,1,1,1.0,1
201400008506,0014-09-18 08:30:00,14,9,18,8,30,340,201,,,,Plein jour,Hors agglomération,Hors intersection,Normale,Autre collision,,,,,,,,,,,1,1,1,1.0,6
201400008507,0014-10-15 16:00:00,14,10,15,16,0,340,84,,,,Plein jour,Hors agglomération,Hors intersection,Normale,Deux véhicules - frontale,,,,,,,,,,,1,1,1,1.0,1
201400008508,0014-09-24 15:30:00,14,9,24,15,30,340,189,Route de BEZIERS,43.276,2.738,Plein jour,En agglomération,Hors intersection,Normale,Deux véhicules - côté,,,,,,,,,,,1,2,1,1.0,3
201400008509,0014-12-24 16:15:00,14,12,24,16,15,340,189,,43.35,2.767,Plein jour,Hors agglomération,Hors intersection,Temps éblouissant,Deux véhicules - côté,,,,,,,,,,,1,1,1,7.0,3
201400008510,0014-06-27 19:30:00,14,6,27,19,30,340,136,Rue de Bedillieres,,,Plein jour,En agglomération,Hors intersection,Normale,Autre collision,,,,,,,,,,,1,2,1,1.0,6
201400008511,0014-08-21 08:45:00,14,8,21,8,45,340,103,Av paul Valery -Bd Ferry,,,Plein jour,En agglomération,Hors intersection,Normale,Deux véhicules - frontale,,,,,,,,,,,1,2,1,1.0,1
201400008512,0014-10-26 11:30:00,14,10,26,11,30,340,199,av du marechal leclerc,,,Plein jour,En agglomération,Hors intersection,Normale,Deux véhicules - côté,,,,,,,,,,,1,2,1,1.0,3
201400008513,0014-11-01 03:00:00,14,11,1,3,0,340,162,,,,Nuit sans éclairage public,Hors agglomération,Hors intersection,Normale,Sans collision,,,,,,,,,,,3,1,1,1.0,7
201400008514,0014-04-19 16:00:00,14,4,19,16,0,340,284,,43.46949,2.76688,Plein jour,Hors agglomération,Hors intersection,Normale,Sans collision,,,,,,,,,,,1,1,1,1.0,7
201400008515,0014-04-27 01:30:00,14,4,27,1,30,340,284,120 grand rue,43.5009,2.7907,Nuit avec éclairage allumé,En agglomération,Hors intersection,Pluie légère,Autre collision,,,,,,,,,,,5,2,1,2.0,6
201400008516,0014-05-30 17:00:00,14,5,30,17,0,340,80,3 avenue Marcel Raynal,,,Plein jour,En agglomération,Hors intersection,Normale,Autre collision,,,,,,,,,,,1,2,1,1.0,6
201400008517,0014-06-08 18:00:00,14,6,8,18,0,340,229,,,,Plein jour,Hors agglomération,Hors intersection,Normale,Sans collision,,,,,,,,,,,1,1,1,1.0,7
201400008518,0014-08-09 15:00:00,14,8,9,15,0,340,331,,43.767,2.139,Plein jour,Hors agglomération,Hors intersection,Normale,Deux véhicules - frontale,,,,,,,,,,,1,1,1,1.0,1
201400008519,0014-09-06 06:45:00,14,9,6,6,45,340,107,,43.997,2.298,Crépuscule ou aube,Hors agglomération,Hors intersection,Normale,Autre collision,,,,,,,,,,,2,1,1,1.0,6
201400008520,0014-02-09 07:00:00,14,2,9,7,0,340,224,,,,Plein jour,Hors agglomération,Giratoire,Normale,Autre collision,,,,,,,,,,,1,1,6,1.0,6
201400008521,0014-03-12 20:15:00,14,3,12,20,15,340,300,,43.43377,3.29619,Nuit sans éclairage public,Hors agglomération,Hors intersection,Normale,Sans collision,,,,,,,,,,,3,1,1,1.0,7
201400008522,0014-05-04 08:30:00,14,5,4,8,30,340,9,,,,Plein jour,Hors agglomération,Hors intersection,Normale,Sans collision,,,,,,,,,,,1,1,1,1.0,7
201400008523,0014-08-12 18:00:00,14,8,12,18,0,340,224,,,,Plein jour,Hors agglomération,Intersection en T,Normale,Trois véhicules et plus - collisions multiples,,,,,,,,,,,1,1,3,1.0,5
201400008524,0014-08-21 10:00:00,14,8,21,10,0,340,224,,,,Plein jour,Hors agglomération,Hors intersection,Normale,Autre collision,,,,,,,,,,,1,1,1,1.0,6
201400008525,0014-08-25 08:45:00,14,8,25,8,45,340,224,,,,Plein jour,Hors agglomération,Hors intersection,Normale,Autre collision,,,,,,,,,,,1,1,1,1.0,6
201400008526,0014-10-13 15:15:00,14,10,13,15,15,340,139,,,,Plein jour,Hors agglomération,Hors intersection,Normale,Deux véhicules - frontale,,,,,,,,,,,1,1,1,1.0,1
201400008527,0014-10-16 19:45:00,14,10,16,19,45,340,147,,,,Nuit sans éclairage public,Hors agglomération,Hors intersection,Normale,Deux véhicules - frontale,,,,,,,,,,,3,1,1,1.0,1
201400008528,0014-03-08 09:45:00,14,3,8,9,45,340,324,boulevard Jean Moulin,43.242,3.288,Plein jour,En agglomération,Hors intersection,Normale,Autre collision,,,,,,,,,,,1,2,1,1.0,6