accident_id,datetime,annee,mois,jour,heure,minute,departement,commune_insee,adresse,latitude,longitude,luminosite,agglomeration,intersection,meteo,collision,nb_vehicules,nb_usagers,nb_indemnes,nb_tues,nb_blesses_hosp,nb_blesses_legers,age_cond_1,age_cond_2,veh_type_cond_1,veh_type_cond_2,lum_code,agg_code,int_code,atm_code,col_code
201400008529,0014-04-12 22:30:00,14,4,12,22,30,340,135,,43.276,3.797,Nuit sans éclairage public,Hors agglomération,Hors intersection,Normale,Sans collision,,,,,,,,,,,3,1,1,1.0,7
201400008530,0014-07-24 22:30:00,14,7,24,22,30,340,299,,43.28579,3.27665,Nuit sans éclairage public,Hors agglomération,Hors intersection,Normale,Trois véhicules et plus - en chaîne,,,,,,,,,,,3,1,1,1.0,4
201400008531,0014-08-20 17:45:00,14,8,20,17,45,340,299,,43.422,3.456,Plein jour,Hors agglomération,Hors intersection,Normale,Deux véhicules - côté,,,,,,,,,,,1,1,1,1.0,3
201400008532,0014-08-25 18:30:00,14,8,25,18,30,340,299,avenue giscard d'estaing,43.267,3.267,Plein jour,En agglomération,Giratoire,Normale,Deux véhicules - côté,,,,,,,,,,,1,2,6,1.0,3
201400008533,0014-08-30 17:30:00,14,8,30,17,30,340,299,,,,Plein jour,Hors agglomération,Hors intersection,Normale,Deux véhicules - côté,,,,,,,,,,,1,1,1,1.0,3
201400008534,0014-10-24 18:45:00,14,10,24,18,45,340,209,,43.308,3.341,Nuit sans éclairage public,Hors agglomération,Autre intersection,Normale,Deux véhicules - côté,,,,,,,,,,,3,1,9,1.0,3
201400008535,0014-11-25 09:45:00,14,11,25,9,45,340,329,CD 37 E9 avenue du port,,,Nuit sans éclairage public,En agglomération,Hors intersection,Normale,Autre collision,,,,,,,,,,,3,2,1,1.0,6
201400008536,0014-12-06 14:45:00,14,12,6,14,45,340,209,,,,Nuit sans éclairage public,Hors agglomération,Hors intersection,Normale,Trois véhicules et plus - collisions multiples,,,,,,,,,,,3,1,1,1.0,5
201400008537,0014-08-17 02:00:00,14,8,17,2,0,340,142,,,,Nuit sans éclairage public,Hors agglomération,Hors intersection,Normale,Autre collision,,,,,,,,,,,3,1,1,1.0,6
201400008538,0014-06-01 15:15:00,14,6,1,15,15,340,76,9 route de clermont,,,Plein jour,En agglomération,Hors intersection,Normale,Deux véhicules - frontale,,,,,,,,,,,1,2,1,1.0,1
201400008539,0014-06-16 15:00:00,14,6,16,15,0,340,239,,,,Plein jour,Hors agglomération,Hors intersection,Normale,Deux véhicules - frontale,,,,,,,,,,,1,1,1,1.0,1
201400008540,0014-07-30 13:30:00,14,7,30,13,30,340,10,,,,Plein jour,Hors agglomération,Hors intersection,Normale,Deux véhicules - côté,,,,,,,,,,,1,1,1,1.0,3
201400008541,0014-09-11 14:45:00,14,9,11,14,45,340,239,rte de jonquieres-RD130,,,Plein jour,En agglomération,Hors intersection,Normale,Deux véhicules - côté,,,,,,,,,,,1,2,1,1.0,3
201400008542,0014-03-22 07:00:00,14,3,22,7,0,340,332,,,,Plein jour,Hors agglomération,Hors intersection,Autre,Sans collision,,,,,,,,,,,1,1,1,9.0,7
201400008543,0014-04-04 22:15:00,14,4,4,22,15,340,31,chemin de la monadiere,43.583,3.7,Nuit avec éclairage allumé,En agglomération,Hors intersection,Normale,Autre collision,,,,,,,,,,,5,2,1,1.0,6
201400008544,0014-05-01 16:45:00,14,5,1,16,45,340,31,Chemin de la Renga,43.367,3.417,Plein jour,En agglomération,Giratoire,Normale,Deux véhicules - côté,,,,,,,,,,,1,2,6,1.0,3
201400008545,0014-05-09 22:45:00,14,5,9,22,45,340,31,",",43.38056,3.41972,Nuit sans éclairage public,Hors agglomération,Hors intersection,Normale,Autre collision,,,,,,,,,,,3,1,1,1.0,6
201400008546,0014-05-25 19:30:00,14,5,25,19,30,340,31,,43.579,3.705,Plein jour,Hors agglomération,Hors intersection,Normale,Sans collision,,,,,,,,,,,1,1,1,1.0,7
201400008547,0014-08-15 09:45:00,14,8,15,9,45,340,901,,43.32035,3.54255,Plein jour,Hors agglomération,Hors intersection,Normale,Deux véhicules - arrière,,,,,,,,,,,1,1,1,1.0,2
201400008548,0014-08-29 07:30:00,14,8,29,7,30,340,203,,,,Plein jour,Hors agglomération,Hors intersection,Normale,Deux véhicules - arrière,,,,,,,,,,,1,1,1,1.0,2
201400008549,0014-02-11 18:00:00,14,2,11,18,0,340,88,CD5/ route de PIGNAN,,,Nuit avec éclairage allumé,En agglomération,Hors intersection,Normale,Deux véhicules - côté,,,,,,,,,,,5,2,1,1.0,3
201400008550,0014-03-01 19:00:00,14,3,1,19,0,340,88,,43.54856,3.73355,Nuit sans éclairage public,Hors agglomération,Hors intersection,Normale,Autre collision,,,,,,,,,,,3,1,1,1.0,6
201400008551,0014-03-11 19:30:00,14,3,11,19,30,340,113,,,,Nuit sans éclairage public,Hors agglomération,Hors intersection,Normale,Deux véhicules - côté,,,,,,,,,,,3,1,1,1.0,3
201400008552,0014-12-18 16:00:00,14,12,18,16,0,340,88,,43.56,3.726,Plein jour,Hors agglomération,Hors intersection,Normale,Deux véhicules - frontale,,,,,,,,,,,1,1,1,1.0,1
201400008553,0014-01-04 07:45:00,14,1,4,7,45,340,341,,,,Plein jour,Hors agglomération,Hors intersection,Temps couvert,Deux véhicules - frontale,,,,,,,,,,,1,1,1,8.0,1
201400008554,0014-04-14 13:45:00,14,4,14,13,45,340,213,,,,Plein jour,Hors agglomération,Hors intersection,Normale,Deux véhicules - côté,,,,,,,,,,,1,1,1,1.0,3
201400008555,0014-05-14 09:00:00,14,5,14,9,0,340,213,,,,Plein jour,Hors agglomération,Autre intersection,Normale,Sans collision,,,,,,,,,,,1,1,9,1.0,7
201400008556,0014-06-24 17:00:00,14,6,24,17,0,340,157,35 AVENUE DE PEZENAS,,,Plein jour,En agglomération,Hors intersection,Normale,Deux véhicules - côté,,,,,,,,,,,1,2,1,1.0,3
201400008557,0014-07-23 15:45:00,14,7,23,15,45,340,143,,43.44007,3.62598,Plein jour,Hors agglomération,Hors intersection,Normale,Deux véhicules - frontale,,,,,,,,,,,1,1,1,1.0,1
201400008558,0014-09-11 19:45:00,14,9,11,19,45,340,157,RD613 - Pont de Pallas,,,Crépuscule ou aube,En agglomération,Hors intersection,Normale,Autre collision,,,,,,,,,,,2,2,1,1.0,6
201400008559,0014-12-02 08:30:00,14,12,2,8,30,340,213,,,,Plein jour,Hors agglomération,Hors intersection,Normale,Sans collision,,,,,,,,,,,1,1,1,1.0,7
201400008560,0014-09-24 08:30:00,14,9,24,8,30,110,212,,43.325,2.836,Plein jour,Hors agglomération,Hors intersection,Normale,Sans collision,,,,,,,,,,,1,1,1,1.0,7
201400008561,0014-12-11 11:00:00,14,12,11,11,0,110,262,,43.216,3.032,Plein jour,Hors agglomération,Hors intersection,Normale,Deux véhicules - arrière,,,,,,,,,,,1,1,1,1.0,2
201400008562,0014-02-24 14:00:00,14,2,24,14,0,110,115,,,,Plein jour,Hors agglomération,Hors intersection,Vent fort / tempête,Autre collision,,,,,,,,,,,1,1,1,6.0,6
201400008563,0014-03-01 14:30:00,14,3,1,14,30,110,25,,,,Plein jour,Hors agglomération,Hors intersection,Normale,Sans collision,,,,,,,,,,,1,1,1,1.0,7
201400008564,0014-05-07 07:45:00,14,5,7,7,45,110,99,,,,Plein jour,Hors agglomération,Hors intersection,Normale,Autre collision,,,,,,,,,,,1,1,1,1.0,6
201400008565,0014-05-08 18:15:00,14,5,8,18,15,110,367,,,,Plein jour,Hors agglomération,Hors intersection,Normale,Sans collision,,,,,,,,,,,1,1,1,1.0,7
201400008566,0014-05-25 09:45:00,14,5,25,9,45,110,410,RD.620,43.25822,2.41355,Plein jour,En agglomération,Hors intersection,Normale,Autre collision,,,,,,,,,,,1,2,1,1.0,6
201400008567,0014-05-24 23:30:00,14,5,24,23,30,110,279,,,,Nuit sans éclairage public,Hors agglomération,Hors intersection,Normale,Deux véhicules - frontale,,,,,,,,,,,3,1,1,1.0,1
201400008568,0014-08-02 06:30:00,14,8,2,6,30,110,429,,43.25033,2.372,Nuit sans éclairage public,Hors agglomération,Hors intersection,Temps couvert,Autre collision,,,,,,,,,,,3,1,1,8.0,6
201400008569,0014-08-31 23:45:00,14,8,31,23,45,110,79,,,,Nuit sans éclairage public,Hors agglomération,Hors intersection,Normale,Autre collision,,,,,,,,,,,3,1,1,1.0,6
201400008570,0014-09-03 16:45:00,14,9,3,16,45,110,52,,43.34186,2.25315,Plein jour,Hors agglomération,Hors intersection,Normale,Sans collision,,,,,,,,,,,1,1,1,1.0,7
201400008571,0014-10-06 18:00:00,14,10,6,18,0,110,429,,43.25336,2.36758,Plein jour,Hors agglomération,Hors intersection,Normale,Autre collision,,,,,,,,,,,1,1,1,1.0,6
201400008572,0014-11-06 16:30:00,14,11,6,16,30,110,410,avenue jean jaures,43.25803,2.41274,Crépuscule ou aube,En agglomération,Hors intersection,Temps éblouissant,Autre collision,,,,,,,,,,,2,2,1,7.0,6
201400008573,0014-05-14 17:00:00,14,5,14,17,0,110,384,,42.86804,2.48243,Plein jour,Hors agglomération,Hors intersection,Normale,Deux véhicules - côté,,,,,,,,,,,1,1,1,1.0,3
201400008574,0014-07-25 02:30:00,14,7,25,2,30,110,7,,42.949,2.456,Nuit sans éclairage public,Hors agglomération,Hors intersection,Normale,Autre collision,,,,,,,,,,,3,1,1,1.0,6
201400008575,0014-10-28 19:00:00,14,10,28,19,0,110,311,,43.112,2.64,Nuit sans éclairage public,Hors agglomération,Hors intersection,Normale,Autre collision,,,,,,,,,,,3,1,1,1.0,6
201400008576,0014-11-18 15:15:00,14,11,18,15,15,110,388,rue de la Promenada,43.005,2.565,Plein jour,En agglomération,Hors intersection,Normale,Deux véhicules - arrière,,,,,,,,,,,1,2,1,1.0,2
201400008577,0014-02-06 15:00:00,14,2,6,15,0,110,286,,43.303,2.576,Plein jour,Hors agglomération,Hors intersection,Normale,Sans collision,,,,,,,,,,,1,1,1,1.0,7
201400008578,0014-02-16 19:30:00,14,2,16,19,30,110,433,,43.304,2.463,Nuit sans éclairage public,Hors agglomération,Hors intersection,Normale,Sans collision,,,,,,,,,,,3,1,1,1.0,7
201400008579,0014-03-28 16:45:00,14,3,28,16,45,110,198,,43.253,2.664,Plein jour,Hors agglomération,Hors intersection,Normale,Autre collision,,,,,,,,,,,1,1,1,1.0,6
201400008580,0014-05-07 16:45:00,14,5,7,16,45,110,286,,43.298,2.571,Plein jour,Hors agglomération,Hors intersection,Normale,Trois véhicules et plus - collisions multiples,,,,,,,,,,,1,1,1,1.0,5
201400008581,0014-06-05 03:00:00,14,6,5,3,0,110,280,Boulevard du Minervois,43.302,2.677,Nuit avec éclairage non allumé,En agglomération,Giratoire,Normale,Autre collision,,,,,,,,,,,4,2,6,1.0,6
201400008582,0014-06-30 13:15:00,14,6,30,13,15,110,301,,43.219,2.62,Plein jour,Hors agglomération,Hors intersection,Normale,Deux véhicules - frontale,,,,,,,,,,,1,1,1,1.0,1
201400008583,0014-07-31 13:00:00,14,7,31,13,0,110,190,,,,Plein jour,Hors agglomération,Hors intersection,Normale,Autre collision,,,,,,,,,,,1,1,1,1.0,6
201400008584,0014-09-02 15:45:00,14,9,2,15,45,110,342,,43.262,2.557,Plein jour,Hors agglomération,Hors intersection,Normale,Deux véhicules - frontale,,,,,,,,,,,1,1,1,1.0,1
201400008585,0014-10-30 22:45:00,14,10,30,22,45,110,190,,43.266,2.656,Nuit sans éclairage public,Hors agglomération,Hors intersection,Normale,Autre collision,,,,,,,,,,,3,1,1,1.0,6
201400008586,0014-11-12 22:30:00,14,11,12,22,30,110,198,,43.25943,2.56401,Nuit sans éclairage public,Hors agglomération,Hors intersection,Normale,Autre collision,,,,,,,,,,,3,1,1,1.0,6
201400008587,0014-11-23 19:15:00,14,11,23,19,15,110,286,,,,Nuit sans éclairage public,Hors agglomération,Hors intersection,Pluie légère,Sans collision,,,,,,,,,,,3,1,1,2.0,7
201400008588,0014-01-21 17:00:00,14,1,21,17,0,110,76,avenue Mar?chal LECLERC,43.31375,1.94477,Plein jour,En agglomération,Hors intersection,Normale,Autre collision,,,,,,,,,,,1,2,1,1.0,6
201400008589,0014-02-12 18:30:00,14,2,12,18,30,110,76,,,,Crépuscule ou aube,Hors agglomération,Hors intersection,Normale,Deux véhicules - frontale,,,,,,,,,,,2,1,1,1.0,1
201400008590,0014-04-28 16:15:00,14,4,28,16,15,110,281,18 rue des caves,43.26938,2.03725,Plein jour,En agglomération,Hors intersection,Normale,Deux véhicules - frontale,,,,,,,,,,,1,2,1,1.0,1
201400008591,0014-06-23 08:30:00,14,6,23,8,30,110,313,,,,Plein jour,Hors agglomération,Hors intersection,Pluie légère,Trois véhicules et plus - collisions multiples,,,,,,,,,,,1,1,1,2.0,5
201400008592,0014-09-26 02:00:00,14,9,26,2,0,110,76,Rue du G?n?ral Laperrine,43.31278,1.95391,Nuit avec éclairage allumé,En agglomération,Hors intersection,Normale,Autre collision,,,,,,,,,,,5,2,1,1.0,6
201400008593,0014-10-17 13:00:00,14,10,17,13,0,110,361,,43.355,2.00599,Plein jour,Hors agglomération,Hors intersection,Normale,Autre collision,,,,,,,,,,,1,1,1,1.0,6
201400008594,0014-10-18 00:45:00,14,10,18,0,45,110,281,grand rue,43.273,2.036,Nuit avec éclairage allumé,En agglomération,Hors intersection,Normale,Autre collision,,,,,,,,,,,5,2,1,1.0,6
201400008595,0014-10-18 14:45:00,14,10,18,14,45,110,192,,43.301,2.047,Plein jour,En agglomération,Hors intersection,Normale,Deux véhicules - frontale,,,,,,,,,,,1,2,1,1.0,1
201400008596,0014-10-18 17:45:00,14,10,18,17,45,110,225,,43.314,1.909,Plein jour,Hors agglomération,Hors intersection,Normale,Autre collision,,,,,,,,,,,1,1,1,1.0,6
201400008597,0014-11-30 20:45:00,14,11,30,20,45,110,356,,43.31602,2.00468,Nuit sans éclairage public,Hors agglomération,Hors intersection,Pluie forte,Sans collision,,,,,,,,,,,3,1,1,3.0,7
201400008598,0014-12-17 10:30:00,14,12,17,10,30,110,356,,43.322,2.00999,Plein jour,Hors agglomération,Hors intersection,Pluie légère,Autre collision,,,,,,,,,,,1,1,1,2.0,6
201400008599,0014-01-07 20:00:00,14,1,7,20,0,110,9,,,,Nuit sans éclairage public,Hors agglomération,Hors intersection,Normale,Deux véhicules - côté,,,,,,,,,,,3,1,1,1.0,3
201400008600,0014-02-11 13:00:00,14,2,11,13,0,110,254,,43.198,2.12,Plein jour,Hors agglomération,Hors intersection,Normale,Deux véhicules - arrière,,,,,,,,,,,1,1,1,1.0,2
201400008601,0014-02-25 13:15:00,14,2,25,13,15,110,288,,,,Plein jour,Hors agglomération,Hors intersection,Normale,Autre collision,,,,,,,,,,,1,1,1,1.0,6
201400008602,0014-04-27 21:30:00,14,4,27,21,30,110,84,,43.21218,2.26283,Crépuscule ou aube,Hors agglomération,Hors intersection,Pluie légère,Autre collision,,,,,,,,,,,2,1,1,2.0,6
201400008603,0014-05-20 10:00:00,14,5,20,10,0,110,199,Route de Limoux,43.187,2.27,Plein jour,En agglomération,Hors intersection,Normale,Deux véhicules - frontale,,,,,,,,,,,1,2,1,1.0,1
201400008604,0014-06-16 17:30:00,14,6,16,17,30,110,438,,43.228,2.089,Plein jour,Hors agglomération,Hors intersection,Normale,Deux véhicules - côté,,,,,,,,,,,1,1,1,1.0,3
201400008605,0014-07-02 08:30:00,14,7,2,8,30,110,18,,,,Crépuscule ou aube,Hors agglomération,Hors intersection,Temps couvert,Autre collision,,,,,,,,,,,2,1,1,8.0,6
201400008606,0014-07-05 05:30:00,14,7,5,5,30,110,259,,43.275,2.228,Plein jour,Hors agglomération,Hors intersection,Normale,Autre collision,,,,,,,,,,,1,1,1,1.0,6
201400008607,0014-07-26 05:00:00,14,7,26,5,0,110,18,,43.214,2.233,Nuit sans éclairage public,Hors agglomération,Hors intersection,Normale,Trois véhicules et plus - collisions multiples,,,,,,,,,,,3,1,1,1.0,5
201400008608,0014-08-27 13:30:00,14,8,27,13,30,110,18,,43.213,2.23,Plein jour,Hors agglomération,Hors intersection,Normale,Autre collision,,,,,,,,,,,1,1,1,1.0,6
201400008609,0014-09-15 14:15:00,14,9,15,14,15,110,49,,43.27298,2.10756,Plein jour,Hors agglomération,Hors intersection,Normale,Autre collision,,,,,,,,,,,1,1,1,1.0,6
201400008610,0014-09-24 20:30:00,14,9,24,20,30,110,18,,,,Nuit sans éclairage public,Hors agglomération,Hors intersection,Normale,Deux véhicules - frontale,,,,,,,,,,,3,1,1,1.0,1
201400008611,0014-10-09 18:00:00,14,10,9,18,0,110,136,Montee du Christ,43.189,2.035,Plein jour,En agglomération,Hors intersection,Normale,Autre collision,,,,,,,,,,,1,2,1,1.0,6
201400008612,0014-11-30 05:15:00,14,11,30,5,15,110,9,,43.24233,2.18112,Nuit sans éclairage public,Hors agglomération,Passage à niveau,Pluie forte,Deux véhicules - frontale,,,,,,,,,,,3,1,8,3.0,1
201400008613,0014-12-01 15:30:00,14,12,1,15,30,110,434,,43.283,2.095,Plein jour,Hors agglomération,Hors intersection,Pluie légère,Deux véhicules - frontale,,,,,,,,,,,1,1,1,2.0,1
201400008614,0014-12-14 06:30:00,14,12,14,6,30,110,281,,,,Nuit sans éclairage public,Hors agglomération,Hors intersection,Normale,Autre collision,,,,,,,,,,,3,1,1,1.0,6
201400008615,0014-05-15 07:00:00,14,5,15,7,0,110,33,,43.217,1.727,Plein jour,Hors agglomération,Hors intersection,Normale,Deux véhicules - frontale,,,,,,,,,,,1,1,1,1.0,1
201400008616,0014-05-20 17:00:00,14,5,20,17,0,110,275,,43.273,1.844,Plein jour,Hors agglomération,Hors intersection,Normale,Sans collision,,,,,,,,,,,1,1,1,1.0,7
201400008617,0014-05-20 12:45:00,14,5,20,12,45,110,134,,43.283,1.748,Plein jour,Hors agglomération,Hors intersection,Vent fort / tempête,Deux véhicules - frontale,,,,,,,,,,,1,1,1,6.0,1
201400008618,0014-06-10 14:15:00,14,6,10,14,15,110,149,,43.223,1.914,Plein jour,Hors agglomération,Hors intersection,Normale,Deux véhicules - frontale,,,,,,,,,,,1,1,1,1.0,1
201400008619,0014-11-17 18:00:00,14,11,17,18,0,110,33,,43.212,1.731,Nuit sans éclairage public,Hors agglomération,Hors intersection,Normale,Deux véhicules - frontale,,,,,,,,,,,3,1,1,1.0,1
201400008620,0014-03-09 19:00:00,14,3,9,19,0,110,206,avenue du languedoc,,,Nuit avec éclairage allumé,En agglomération,Hors intersection,Normale,Deux véhicules - frontale,,,,,,,,,,,5,2,1,1.0,1
201400008621,0014-05-28 12:45:00,14,5,28,12,45,110,8,,42.99,2.265,Plein jour,Hors agglomération,Hors intersection,Normale,Trois véhicules et plus - collisions multiples,,,,,,,,,,,1,1,1,1.0,5
201400008622,0014-05-14 18:45:00,14,5,14,18,45,110,206,avenue du tivoli,43.05427,2.21326,Plein jour,En agglomération,Hors intersection,Normale,Autre collision,,,,,,,,,,,1,2,1,1.0,6
201400008623,0014-07-14 16:30:00,14,7,14,16,30,110,34,Avenue du lac,43.128,2.091,Plein jour,En agglomération,Intersection en T,Normale,Deux véhicules - côté,,,,,,,,,,,1,2,3,1.0,3
201400008624,0014-07-22 14:30:00,14,7,22,14,30,110,206,CD118,43.04433,2.23156,Plein jour,En agglomération,Intersection en T,Normale,Deux véhicules - côté,,,,,,,,,,,1,2,3,1.0,3
201400008625,0014-10-11 16:45:00,14,10,11,16,45,110,299,,43.14383,2.29433,Plein jour,Hors agglomération,Intersection en T,Normale,Deux véhicules - côté,,,,,,,,,,,1,1,3,1.0,3
201400008626,0014-11-15 09:30:00,14,11,15,9,30,110,207,,,,Plein jour,Hors agglomération,Hors intersection,Temps éblouissant,Deux véhicules - arrière,,,,,,,,,,,1,1,1,7.0,2
201400008627,0014-06-09 16:45:00,14,6,9,16,45,110,36,,42.84527,2.07628,Plein jour,Hors agglomération,Hors intersection,Normale,Autre collision,,,,,,,,,,,1,1,1,1.0,6
201400008628,0014-08-17 16:30:00,14,8,17,16,30,110,130,,,,Plein jour,Hors agglomération,Hors intersection,Normale,Sans collision,,,,,,,,,,,1,1,1,1.0,7
201400008629,0014-12-14 03:30:00,14,12,14,3,30,110,91,,,,Nuit sans éclairage public,Hors agglomération,Hors intersection,Normale,Autre collision,,,,,,,,,,,3,1,1,1.0,6
201400008630,0014-01-07 16:30:00,14,1,7,16,30,110,131,,,,Plein jour,Hors agglomération,Hors intersection,Normale,Autre collision,,,,,,,,,,,1,1,1,1.0,6
201400008631,0014-01-12 01:30:00,14,1,12,1,30,110,240,,42.94228,2.23618,Nuit sans éclairage public,Hors agglomération,Hors intersection,Normale,Sans collision,,,,,,,,,,,3,1,1,1.0,7
201400008632,0014-03-01 16:15:00,14,3,1,16,15,110,304,CD 118,,,Plein jour,En agglomération,Hors intersection,Normale,Deux véhicules - frontale,,,,,,,,,,,1,2,1,1.0,1
201400008633,0014-05-04 19:15:00,14,5,4,19,15,110,165,,,,Plein jour,Hors agglomération,Hors intersection,Normale,Sans collision,,,,,,,,,,,1,1,1,1.0,7
201400008634,0014-05-26 15:00:00,14,5,26,15,0,110,304,,,,Plein jour,Hors agglomération,Hors intersection,Pluie légère,Autre collision,,,,,,,,,,,1,1,1,2.0,6
201400008635,0014-07-15 00:45:00,14,7,15,0,45,110,304,,,,Nuit sans éclairage public,Hors agglomération,Hors intersection,Normale,Sans collision,,,,,,,,,,,3,1,1,1.0,7
201400008636,0014-09-06 12:00:00,14,9,6,12,0,110,240,,42.94038,2.24237,Plein jour,Hors agglomération,Hors intersection,Normale,Autre collision,,,,,,,,,,,1,1,1,1.0,6
201400008637,0014-09-19 21:15:00,14,9,19,21,15,110,129,D 12,,,Nuit avec éclairage allumé,En agglomération,Hors intersection,Normale,Deux véhicules - côté,,,,,,,,,,,5,2,1,1.0,3
201400008638,0014-10-18 18:45:00,14,10,18,18,45,110,310,,,,Nuit sans éclairage public,Hors agglomération,Hors intersection,Normale,Autre collision,,,,,,,,,,,3,1,1,1.0,6
201400008639,0014-11-27 15:15:00,14,11,27,15,15,110,209,,42.96649,2.2593,Plein jour,Hors agglomération,Hors intersection,Pluie légère,Deux véhicules - frontale,,,,,,,,,,,1,1,1,2.0,1
201400008640,0014-01-07 17:15:00,14,1,7,17,15,110,116,,43.26858,3.01252,Crépuscule ou aube,Hors agglomération,Hors intersection,Normale,Deux véhicules - côté,,,,,,,,,,,2,1,1,1.0,3
201400008641,0014-01-12 18:15:00,14,1,12,18,15,110,264,,43.19807,2.89871,Nuit sans éclairage public,Hors agglomération,Hors intersection,Normale,Autre collision,,,,,,,,,,,3,1,1,1.0,6
201400008642,0014-01-31 15:15:00,14,1,31,15,15,110,262,,43.19152,3.12736,Plein jour,Hors agglomération,Hors intersection,Normale,Deux véhicules - côté,,,,,,,,,,,1,1,1,1.0,3
201400008643,0014-02-01 05:45:00,14,2,1,5,45,110,262,,,,Nuit sans éclairage public,Hors agglomération,Hors intersection,Normale,Deux véhicules - frontale,,,,,,,,,,,3,1,1,1.0,1
201400008644,0014-02-02 14:00:00,14,2,2,14,0,110,170,,43.11422,3.09275,Plein jour,En agglomération,Hors intersection,Normale,Sans collision,,,,,,,,,,,1,2,1,1.0,7
201400008645,0014-03-02 17:15:00,14,3,2,17,15,110,262,D31 NARBONNE,43.18703,3.06539,Plein jour,En agglomération,Hors intersection,Normale,Deux véhicules - frontale,,,,,,,,,,,1,2,1,1.0,1
201400008646,0014-04-02 08:15:00,14,4,2,8,15,110,106,,43.23365,3.05404,Plein jour,Hors agglomération,Intersection en T,Temps couvert,Deux véhicules - frontale,,,,,,,,,,,1,1,3,8.0,1
201400008647,0014-04-04 16:15:00,14,4,4,16,15,110,255,,43.1854,2.92926,Plein jour,Hors agglomération,Giratoire,Normale,Deux véhicules - arrière,,,,,,,,,,,1,1,6,1.0,2
201400008648,0014-05-02 17:45:00,14,5,2,17,45,110,370,Chemin de Lies,43.23903,3.12455,Plein jour,En agglomération,Intersection en X,Normale,Deux véhicules - côté,,,,,,,,,,,1,2,2,1.0,3
201400008649,0014-05-12 18:00:00,14,5,12,18,0,110,262,,,,Nuit sans éclairage public,Hors agglomération,Hors intersection,Normale,Deux véhicules - frontale,,,,,,,,,,,3,1,1,1.0,1
201400008650,0014-05-25 12:15:00,14,5,25,12,15,110,217,,,,Plein jour,Hors agglomération,Hors intersection,Normale,Sans collision,,,,,,,,,,,1,1,1,1.0,7
201400008651,0014-06-01 21:30:00,14,6,1,21,30,110,106,,43.23338,3.07615,Crépuscule ou aube,Hors agglomération,Hors intersection,Normale,Deux véhicules - frontale,,,,,,,,,,,2,1,1,1.0,1
201400008652,0014-06-06 16:45:00,14,6,6,16,45,110,264,,,,Plein jour,Hors agglomération,Hors intersection,Vent fort / tempête,Deux véhicules - frontale,,,,,,,,,,,1,1,1,6.0,1
201400008653,0014-06-10 09:00:00,14,6,10,9,0,110,255,,43.18366,2.93703,Plein jour,Hors agglomération,Hors intersection,Normale,Deux véhicules - frontale,,,,,,,,,,,1,1,1,1.0,1
201400008654,0014-06-27 14:45:00,14,6,27,14,45,110,262,,,,Plein jour,Hors agglomération,Hors intersection,Normale,Deux véhicules - côté,,,,,,,,,,,1,1,1,1.0,3
201400008655,0014-07-18 18:00:00,14,7,18,18,0,110,170,,,,Plein jour,Hors agglomération,Hors intersection,Normale,Trois véhicules et plus - collisions multiples,,,,,,,,,,,1,1,1,1.0,5
201400008656,0014-07-23 17:30:00,14,7,23,17,30,110,262,,,,Plein jour,Hors agglomération,Hors intersection,Normale,Autre collision,,,,,,,,,,,1,1,1,1.0,6
201400008657,0014-08-05 22:30:00,14,8,5,22,30,110,106,,,,Nuit sans éclairage public,Hors agglomération,Hors intersection,Normale,Autre collision,,,,,,,,,,,3,1,1,1.0,6
201400008658,0014-08-18 18:00:00,14,8,18,18,0,110,106,,,,Plein jour,Hors agglomération,Hors intersection,Normale,Deux véhicules - arrière,,,,,,,,,,,1,1,1,1.0,2
201400008659,0014-08-21 00:15:00,14,8,21,0,15,110,262,,,,Nuit sans éclairage public,Hors agglomération,Hors intersection,Normale,Deux véhicules - frontale,,,,,,,,,,,3,1,1,1.0,1
201400008660,0014-09-04 13:45:00,14,9,4,13,45,110,106,impasse de l'H?rault,43.23766,3.05842,Plein jour,En agglomération,Hors intersection,Normale,Autre collision,,,,,,,,,,,1,2,1,1.0,6
201400008661,0014-09-09 16:15:00,14,9,9,16,15,110,106,coursan,43.2328,3.05565,Plein jour,En agglomération,Hors intersection,Normale,Sans collision,,,,,,,,,,,1,2,1,1.0,7
201400008662,0014-10-05 04:30:00,14,10,5,4,30,110,106,,,,Nuit sans éclairage public,Hors agglomération,Hors intersection,Pluie légère,Autre collision,,,,,,,,,,,3,1,1,2.0,6
201400008663,0014-10-26 18:45:00,14,10,26,18,45,110,262,,43.22932,3.00414,Nuit sans éclairage public,Hors agglomération,Hors intersection,Normale,Trois véhicules et plus - en chaîne,,,,,,,,,,,3,1,1,1.0,4