accident_id,datetime,annee,mois,jour,heure,minute,departement,commune_insee,adresse,latitude,longitude,luminosite,agglomeration,intersection,meteo,collision,nb_vehicules,nb_usagers,nb_indemnes,nb_tues,nb_blesses_hosp,nb_blesses_legers,age_cond_1,age_cond_2,veh_type_cond_1,veh_type_cond_2,lum_code,agg_code,int_code,atm_code,col_code
201400008664,0014-12-15 13:45:00,14,12,15,13,45,110,170,BOULEVARD DE LA CORDERIE,43.10487,3.09339,Plein jour,En agglomération,Hors intersection,Pluie légère,Deux véhicules - frontale,,,,,,,,,,,1,2,1,2.0,1
201400008665,0014-08-04 13:30:00,14,8,4,13,30,110,332,,43.133,2.857,Plein jour,Hors agglomération,Hors intersection,Normale,Deux véhicules - frontale,,,,,,,,,,,1,1,1,1.0,1
201400008666,0014-09-26 10:45:00,14,9,26,10,45,110,401,,42.904,2.745,Plein jour,Hors agglomération,Hors intersection,Normale,Autre collision,,,,,,,,,,,1,1,1,1.0,6
201400008667,0014-02-17 11:30:00,14,2,17,11,30,110,67,avenue de la distillerie,43.234,2.848,Plein jour,En agglomération,Hors intersection,Normale,Autre collision,,,,,,,,,,,1,2,1,1.0,6
201400008668,0014-03-03 16:00:00,14,3,3,16,0,110,41,,43.316,2.858,Plein jour,Hors agglomération,Intersection en X,Normale,Deux véhicules - côté,,,,,,,,,,,1,1,2,1.0,3
201400008669,0014-04-27 22:45:00,14,4,27,22,45,110,98,,43.185,2.708,Nuit sans éclairage public,Hors agglomération,Hors intersection,Normale,Sans collision,,,,,,,,,,,3,1,1,1.0,7
201400008670,0014-07-03 14:30:00,14,7,3,14,30,110,132,,43.106,2.733,Plein jour,Hors agglomération,Hors intersection,Normale,Autre collision,,,,,,,,,,,1,1,1,1.0,6
201400008671,0014-07-06 00:45:00,14,7,6,0,45,110,164,,43.274,2.879,Nuit avec éclairage allumé,Hors agglomération,Hors intersection,Normale,Autre collision,,,,,,,,,,,5,1,1,1.0,6
201400008672,0014-06-30 13:30:00,14,6,30,13,30,110,203,rd6113,43.207,2.765,Plein jour,En agglomération,Intersection en X,Normale,Deux véhicules - côté,,,,,,,,,,,1,2,2,1.0,3
201400008673,0014-07-13 05:00:00,14,7,13,5,0,110,405,,43.263,2.848,Nuit sans éclairage public,Hors agglomération,Hors intersection,Normale,Autre collision,,,,,,,,,,,3,1,1,1.0,6
201400008674,0014-07-14 15:00:00,14,7,14,15,0,110,111,,43.197,2.797,Plein jour,Hors agglomération,Hors intersection,Normale,Deux véhicules - côté,,,,,,,,,,,1,1,1,1.0,3
201400008675,0014-07-25 18:45:00,14,7,25,18,45,110,203,,43.24768,2.86836,Plein jour,Hors agglomération,Hors intersection,Normale,Deux véhicules - frontale,,,,,,,,,,,1,1,1,1.0,1
201400008676,0014-08-01 19:00:00,14,8,1,19,0,110,12,,43.308,2.903,Plein jour,Hors agglomération,Hors intersection,Temps couvert,Deux véhicules - côté,,,,,,,,,,,1,1,1,8.0,3
201400008677,0014-08-27 16:45:00,14,8,27,16,45,110,203,avenue Armand Barbes,43.19931,2.75378,Plein jour,En agglomération,Intersection en X,Normale,Deux véhicules - côté,,,,,,,,,,,1,2,2,1.0,3
201400008678,0014-09-11 17:00:00,14,9,11,17,0,110,41,,,,Plein jour,Hors agglomération,Hors intersection,Normale,Deux véhicules - côté,,,,,,,,,,,1,1,1,1.0,3
201400008679,0014-11-08 14:15:00,14,11,8,14,15,110,164,,43.28,2.887,Plein jour,Hors agglomération,Intersection en X,Normale,Deux véhicules - côté,,,,,,,,,,,1,1,2,1.0,3
201400008680,0014-11-26 16:00:00,14,11,26,16,0,110,210,rue du rascas,43.18,2.783,Crépuscule ou aube,En agglomération,Hors intersection,Pluie légère,Deux véhicules - frontale,,,,,,,,,,,2,2,1,2.0,1
201400008681,0014-12-10 09:45:00,14,12,10,9,45,110,172,,43.271,2.736,Plein jour,Hors agglomération,Hors intersection,Normale,Deux véhicules - frontale,,,,,,,,,,,1,1,1,1.0,1
201400008682,0014-01-25 13:15:00,14,1,25,13,15,110,322,,43.00113,2.96946,Plein jour,Hors agglomération,Hors intersection,Normale,Deux véhicules - frontale,,,,,,,,,,,1,1,1,1.0,1
201400008683,0014-05-31 15:15:00,14,5,31,15,15,110,379,,43.02926,2.96729,Plein jour,Hors agglomération,Hors intersection,Normale,Autre collision,,,,,,,,,,,1,1,1,1.0,6
201400008684,0014-07-22 00:01:00,14,7,22,0,1,110,266,,42.997,3.04,Nuit sans éclairage public,Hors agglomération,Hors intersection,Normale,Sans collision,,,,,,,,,,,3,1,1,1.0,7
201400008685,0014-03-11 01:00:00,14,3,11,1,0,300,3,,43.56018,4.15247,Nuit sans éclairage public,Hors agglomération,Giratoire,Normale,Sans collision,,,,,,,,,,,3,1,6,1.0,7
201400008686,0014-04-25 22:15:00,14,4,25,22,15,300,133,d?partementale 62,43.55326,4.12924,Nuit sans éclairage public,En agglomération,Hors intersection,Normale,Deux véhicules - frontale,,,,,,,,,,,3,2,1,1.0,1
201400008687,0014-05-06 18:30:00,14,5,6,18,30,300,133,rue des m?dards,43.54139,4.13649,Plein jour,En agglomération,Hors intersection,Normale,Deux véhicules - arrière,,,,,,,,,,,1,2,1,1.0,2
201400008688,0014-06-22 14:00:00,14,6,22,14,0,300,3,,43.56468,4.12929,Plein jour,Hors agglomération,Hors intersection,Normale,Autre collision,,,,,,,,,,,1,1,1,1.0,6
201400008689,0014-07-11 06:00:00,14,7,11,6,0,300,3,,43.5724,4.17461,Crépuscule ou aube,Hors agglomération,Giratoire,Normale,Autre collision,,,,,,,,,,,2,1,6,1.0,6
201400008690,0014-07-15 07:15:00,14,7,15,7,15,300,133,avenue de camargue,43.52825,4.14937,Crépuscule ou aube,En agglomération,Hors intersection,Normale,Deux véhicules - côté,,,,,,,,,,,2,2,1,1.0,3
201400008691,0014-07-31 23:00:00,14,7,31,23,0,300,3,,43.56231,4.15886,Nuit sans éclairage public,Hors agglomération,Hors intersection,Normale,Deux véhicules - côté,,,,,,,,,,,3,1,1,1.0,3
201400008692,0014-08-16 10:45:00,14,8,16,10,45,300,3,,43.56946,4.16986,Plein jour,Hors agglomération,Hors intersection,Normale,Deux véhicules - arrière,,,,,,,,,,,1,1,1,1.0,2
201400008693,0014-08-19 12:00:00,14,8,19,12,0,300,133,,43.54885,4.13384,Plein jour,Hors agglomération,Giratoire,Normale,Deux véhicules - frontale,,,,,,,,,,,1,1,6,1.0,1
201400008694,0014-08-23 23:45:00,14,8,23,23,45,300,276,,43.60661,4.21425,Nuit sans éclairage public,Hors agglomération,Hors intersection,Normale,Autre collision,,,,,,,,,,,3,1,1,1.0,6
201400008695,0014-08-25 11:15:00,14,8,25,11,15,300,3,,43.58264,4.20748,Plein jour,Hors agglomération,Hors intersection,Normale,Deux véhicules - côté,,,,,,,,,,,1,1,1,1.0,3
201400008696,0014-09-06 17:30:00,14,9,6,17,30,300,133,route des Marines,43.51243,4.13739,Plein jour,En agglomération,Hors intersection,Normale,Deux véhicules - côté,,,,,,,,,,,1,2,1,1.0,3
201400008697,0014-12-06 13:45:00,14,12,6,13,45,300,133,,43.57776,4.1017,Plein jour,Hors agglomération,Hors intersection,Pluie forte,Deux véhicules - arrière,,,,,,,,,,,1,1,1,3.0,2
201400008698,0014-12-07 01:15:00,14,12,7,1,15,300,133,ROUTE DES MARINES,43.50911,4.16969,Nuit avec éclairage allumé,En agglomération,Hors intersection,Normale,Sans collision,,,,,,,,,,,5,2,1,1.0,7
201400008699,0014-01-02 22:45:00,14,1,2,22,45,300,245,,43.82932,4.19755,Nuit sans éclairage public,Hors agglomération,Hors intersection,Normale,Sans collision,,,,,,,,,,,3,1,1,1.0,7
201400008700,0014-01-17 17:45:00,14,1,17,17,45,300,91,,43.77495,4.1498,Crépuscule ou aube,Hors agglomération,Hors intersection,Temps couvert,Deux véhicules - frontale,,,,,,,,,,,2,1,1,8.0,1
201400008701,0014-03-08 05:00:00,14,3,8,5,0,300,62,,43.80119,4.15796,Nuit sans éclairage public,Hors agglomération,Hors intersection,Normale,Sans collision,,,,,,,,,,,3,1,1,1.0,7
201400008702,0014-03-10 15:45:00,14,3,10,15,45,300,62,,43.78926,4.19969,Plein jour,En agglomération,Hors intersection,Normale,Deux véhicules - côté,,,,,,,,,,,1,2,1,1.0,3
201400008703,0014-05-07 09:45:00,14,5,7,9,45,300,75,ROUTE DE NIMES,43.82302,4.27348,Nuit sans éclairage public,En agglomération,Hors intersection,Normale,Deux véhicules - frontale,,,,,,,,,,,3,2,1,1.0,1
201400008704,0014-05-28 12:15:00,14,5,28,12,15,300,321,,43.78898,4.08211,Plein jour,Hors agglomération,Giratoire,Normale,Autre collision,,,,,,,,,,,1,1,6,1.0,6
201400008705,0014-05-16 14:45:00,14,5,16,14,45,300,62,,43.7821,4.20502,Plein jour,Hors agglomération,Hors intersection,Normale,Deux véhicules - côté,,,,,,,,,,,1,1,1,1.0,3
201400008706,0014-07-04 12:15:00,14,7,4,12,15,300,138,D?partementale 14,43.79007,4.26228,Plein jour,En agglomération,Hors intersection,Vent fort / tempête,Autre collision,,,,,,,,,,,1,2,1,6.0,6
201400008707,0014-07-20 04:45:00,14,7,20,4,45,300,23,,43.78219,4.13202,Nuit sans éclairage public,Hors agglomération,Hors intersection,Normale,Autre collision,,,,,,,,,,,3,1,1,1.0,6
201400008708,0014-07-21 15:15:00,14,7,21,15,15,300,75,,43.82256,4.2773,Plein jour,Hors agglomération,Hors intersection,Normale,Deux véhicules - côté,,,,,,,,,,,1,1,1,1.0,3
201400008709,0014-10-03 09:15:00,14,10,3,9,15,300,321,rue emilien dumas,43.78582,4.09022,Nuit avec éclairage allumé,En agglomération,Hors intersection,Normale,Autre collision,,,,,,,,,,,5,2,1,1.0,6
201400008710,0014-10-28 19:45:00,14,10,28,19,45,300,62,,43.77756,4.18653,Crépuscule ou aube,Hors agglomération,Hors intersection,Normale,Deux véhicules - frontale,,,,,,,,,,,2,1,1,1.0,1
201400008711,0014-11-12 19:15:00,14,11,12,19,15,300,62,,43.77107,4.20006,Nuit sans éclairage public,Hors agglomération,Hors intersection,Normale,Deux véhicules - frontale,,,,,,,,,,,3,1,1,1.0,1
201400008712,0014-12-20 15:45:00,14,12,20,15,45,300,138,rue des chasselats,43.80335,4.24823,Plein jour,En agglomération,Hors intersection,Normale,Deux véhicules - côté,,,,,,,,,,,1,2,1,1.0,3
201400008713,0014-03-28 10:45:00,14,3,28,10,45,300,156,,43.86624,4.44436,Plein jour,Hors agglomération,Giratoire,Normale,Deux véhicules - côté,,,,,,,,,,,1,1,6,1.0,3
201400008714,0014-04-11 23:15:00,14,4,11,23,15,300,156,,43.86833,4.45042,Nuit sans éclairage public,Hors agglomération,Hors intersection,Normale,Sans collision,,,,,,,,,,,3,1,1,1.0,7
201400008715,0014-04-22 15:30:00,14,4,22,15,30,300,39,,43.87958,4.48314,Plein jour,Hors agglomération,Hors intersection,Normale,Deux véhicules - côté,,,,,,,,,,,1,1,1,1.0,3
201400008716,0014-05-16 14:00:00,14,5,16,14,0,300,257,CD6086,43.87638,4.47047,Plein jour,En agglomération,Hors intersection,Normale,Deux véhicules - arrière,,,,,,,,,,,1,2,1,1.0,2
201400008717,0014-05-29 15:45:00,14,5,29,15,45,300,257,D6086,43.87623,4.46982,Plein jour,En agglomération,Hors intersection,Normale,Deux véhicules - côté,,,,,,,,,,,1,2,1,1.0,3
201400008718,0014-06-05 19:30:00,14,6,5,19,30,300,156,RUE MIREILLE,43.859,4.44864,Plein jour,En agglomération,Hors intersection,Normale,Deux véhicules - côté,,,,,,,,,,,1,2,1,1.0,3
201400008719,0014-09-15 12:00:00,14,9,15,12,0,300,156,,43.88219,4.43829,Plein jour,Hors agglomération,Hors intersection,Temps couvert,Deux véhicules - frontale,,,,,,,,,,,1,1,1,8.0,1
201400008720,0014-09-26 08:30:00,14,9,26,8,30,300,156,Avenue de Provence,43.86075,4.44499,Plein jour,En agglomération,Intersection en X,Normale,Deux véhicules - côté,,,,,,,,,,,1,2,2,1.0,3
201400008721,0014-10-22 19:00:00,14,10,22,19,0,300,39,route de nimes,43.88152,4.48905,Nuit avec éclairage allumé,En agglomération,Hors intersection,Normale,Deux véhicules - frontale,,,,,,,,,,,5,2,1,1.0,1
201400008722,0014-03-10 15:00:00,14,3,10,15,0,300,128,Route de Beauvoisin,,,Plein jour,En agglomération,Hors intersection,Normale,Deux véhicules - frontale,,,,,,,,,,,1,2,1,1.0,1
201400008723,0014-05-18 14:15:00,14,5,18,14,15,300,258,,43.66472,4.44162,Plein jour,Hors agglomération,Hors intersection,Normale,Sans collision,,,,,,,,,,,1,1,1,1.0,7
201400008724,0014-06-22 22:30:00,14,6,22,22,30,300,128,,43.74868,4.34231,Nuit sans éclairage public,Hors agglomération,Hors intersection,Normale,Deux véhicules - côté,,,,,,,,,,,3,1,1,1.0,3
201400008725,0014-08-02 02:00:00,14,8,2,2,0,300,258,,43.67137,4.44096,Nuit sans éclairage public,Hors agglomération,Hors intersection,Normale,Sans collision,,,,,,,,,,,3,1,1,1.0,7
201400008726,0014-01-02 16:45:00,14,1,2,16,45,300,36,,43.78116,4.28086,Plein jour,Hors agglomération,Hors intersection,Normale,Autre collision,,,,,,,,,,,1,1,1,1.0,6
201400008727,0014-01-31 02:45:00,14,1,31,2,45,300,347,,43.74702,4.26246,Nuit sans éclairage public,Hors agglomération,Hors intersection,Autre,Sans collision,,,,,,,,,,,3,1,1,9.0,7
201400008728,0014-03-11 15:15:00,14,3,11,15,15,300,347,,43.71905,4.2639,Plein jour,Hors agglomération,Hors intersection,Normale,Deux véhicules - côté,,,,,,,,,,,1,1,1,1.0,3
201400008729,0014-04-05 19:00:00,14,4,5,19,0,300,341,rue de la condamine,43.68862,4.27392,Plein jour,En agglomération,Hors intersection,Normale,Autre collision,,,,,,,,,,,1,2,1,1.0,6
201400008730,0014-04-10 23:00:00,14,4,10,23,0,300,36,,43.7697,4.28,Nuit avec éclairage allumé,Hors agglomération,Hors intersection,Normale,Deux véhicules - arrière,,,,,,,,,,,5,1,1,1.0,2
201400008731,0014-05-21 19:30:00,14,5,21,19,30,300,123,,43.70593,4.16831,Plein jour,Hors agglomération,Hors intersection,Vent fort / tempête,Sans collision,,,,,,,,,,,1,1,1,6.0,7
201400008732,0014-05-31 04:45:00,14,5,31,4,45,300,20,,43.74398,4.29791,Nuit sans éclairage public,Hors agglomération,Hors intersection,Pluie légère,Autre collision,,,,,,,,,,,3,1,1,2.0,6
201400008733,0014-06-08 06:30:00,14,6,8,6,30,300,347,,43.74661,4.25969,Crépuscule ou aube,Hors agglomération,Hors intersection,Normale,Deux véhicules - frontale,,,,,,,,,,,2,1,1,1.0,1
201400008734,0014-06-24 08:30:00,14,6,24,8,30,300,341,,43.71532,4.27435,Plein jour,Hors agglomération,Hors intersection,Normale,Sans collision,,,,,,,,,,,1,1,1,1.0,7
201400008735,0014-06-29 15:30:00,14,6,29,15,30,300,59,,43.65032,4.25221,Plein jour,Hors agglomération,Hors intersection,Normale,Deux véhicules - frontale,,,,,,,,,,,1,1,1,1.0,1
201400008736,0014-07-16 08:45:00,14,7,16,8,45,300,341,,43.69014,4.26081,Plein jour,Hors agglomération,Hors intersection,Normale,Autre collision,,,,,,,,,,,1,1,1,1.0,6
201400008737,0014-07-18 10:45:00,14,7,18,10,45,300,123,,43.72584,4.16363,Plein jour,Hors agglomération,Hors intersection,Normale,Deux véhicules - arrière,,,,,,,,,,,1,1,1,1.0,2
201400008738,0014-07-17 17:00:00,14,7,17,17,0,300,341,,43.68324,4.275,Plein jour,Hors agglomération,Hors intersection,Normale,Deux véhicules - frontale,,,,,,,,,,,1,1,1,1.0,1
201400008739,0014-08-02 17:45:00,14,8,2,17,45,300,341,,43.68735,4.24765,Nuit sans éclairage public,Hors agglomération,Hors intersection,Pluie légère,Deux véhicules - frontale,,,,,,,,,,,3,1,1,2.0,1
201400008740,0014-08-09 14:30:00,14,8,9,14,30,300,36,,43.77919,4.2911,Plein jour,Hors agglomération,Hors intersection,Normale,Autre collision,,,,,,,,,,,1,1,1,1.0,6
201400008741,0014-08-17 19:00:00,14,8,17,19,0,300,6,,43.68793,4.21448,Plein jour,Hors agglomération,Giratoire,Normale,Deux véhicules - arrière,,,,,,,,,,,1,1,6,1.0,2
201400008742,0014-08-28 04:45:00,14,8,28,4,45,300,36,,43.77229,4.28285,Nuit sans éclairage public,Hors agglomération,Hors intersection,Normale,Deux véhicules - côté,,,,,,,,,,,3,1,1,1.0,3
201400008743,0014-09-15 10:15:00,14,9,15,10,15,300,6,,43.69376,4.16632,Plein jour,Hors agglomération,Hors intersection,Pluie légère,Deux véhicules - frontale,,,,,,,,,,,1,1,1,2.0,1
201400008744,0014-10-01 19:00:00,14,10,1,19,0,300,4,,43.71291,4.21843,Crépuscule ou aube,Hors agglomération,Hors intersection,Normale,Deux véhicules - frontale,,,,,,,,,,,2,1,1,1.0,1
201400008745,0014-10-02 22:45:00,14,10,2,22,45,300,33,,43.71587,4.28861,Nuit sans éclairage public,Hors agglomération,Hors intersection,Normale,Sans collision,,,,,,,,,,,3,1,1,1.0,7
201400008746,0014-10-31 20:00:00,14,10,31,20,0,300,169,RN113,43.78336,4.29877,Nuit avec éclairage allumé,En agglomération,Hors intersection,Normale,Deux véhicules - côté,,,,,,,,,,,5,2,1,1.0,3
201400008747,0014-11-09 18:30:00,14,11,9,18,30,300,6,,43.69466,4.16824,Crépuscule ou aube,Hors agglomération,Hors intersection,Normale,Deux véhicules - côté,,,,,,,,,,,2,1,1,1.0,3
201400008748,0014-11-14 08:15:00,14,11,14,8,15,300,83,,43.71383,4.21891,Plein jour,Hors agglomération,Hors intersection,Normale,Deux véhicules - frontale,,,,,,,,,,,1,1,1,1.0,1
201400008749,0014-11-24 18:15:00,14,11,24,18,15,300,341,,43.69834,4.27338,Nuit avec éclairage non allumé,Hors agglomération,Hors intersection,Pluie légère,Autre collision,,,,,,,,,,,4,1,1,2.0,6
201400008750,0014-11-26 10:00:00,14,11,26,10,0,300,33,,43.71507,4.29639,Plein jour,Hors agglomération,Hors intersection,Pluie légère,Deux véhicules - frontale,,,,,,,,,,,1,1,1,2.0,1
201400008751,0014-12-17 11:15:00,14,12,17,11,15,300,344,,43.73918,4.24242,Nuit sans éclairage public,Hors agglomération,Hors intersection,Normale,Deux véhicules - côté,,,,,,,,,,,3,1,1,1.0,3
201400008752,0014-12-28 13:15:00,14,12,28,13,15,300,344,,43.73356,4.23533,Plein jour,Hors agglomération,Giratoire,Normale,Deux véhicules - côté,,,,,,,,,,,1,1,6,1.0,3
201400008753,0014-01-31 08:00:00,14,1,31,8,0,300,42,,44.0628,4.02337,Plein jour,Hors agglomération,Hors intersection,Temps couvert,Trois véhicules et plus - en chaîne,,,,,,,,,,,1,1,1,8.0,4
201400008754,0014-03-07 18:45:00,14,3,7,18,45,300,269,avenue de la R?sistance,44.1024,3.88323,Nuit avec éclairage allumé,En agglomération,Hors intersection,Normale,Deux véhicules - côté,,,,,,,,,,,5,2,1,1.0,3
201400008755,0014-05-03 17:45:00,14,5,3,17,45,300,129,,44.07041,3.9803,Plein jour,Hors agglomération,Hors intersection,Normale,Autre collision,,,,,,,,,,,1,1,1,1.0,6
201400008756,0014-05-10 04:30:00,14,5,10,4,30,300,214,,44.04592,4.09802,Nuit sans éclairage public,Hors agglomération,Hors intersection,Normale,Autre collision,,,,,,,,,,,3,1,1,1.0,6
201400008757,0014-07-12 15:15:00,14,7,12,15,15,300,129,,44.07041,3.98033,Plein jour,Hors agglomération,Passage à niveau,Normale,Deux véhicules - frontale,,,,,,,,,,,1,1,8,1.0,1
201400008758,0014-07-25 21:30:00,14,7,25,21,30,300,269,Parking de la Gare,44.10177,3.88359,Crépuscule ou aube,En agglomération,Hors intersection,Normale,Autre collision,,,,,,,,,,,2,2,1,1.0,6
201400008759,0014-11-17 17:00:00,14,11,17,17,0,300,10,CD907/Chemin de Recoulin,44.05993,3.98108,Crépuscule ou aube,En agglomération,Intersection en X,Normale,Deux véhicules - frontale,,,,,,,,,,,2,2,2,1.0,1
201400008760,0014-11-24 07:15:00,14,11,24,7,15,300,94,,44.07335,3.96131,Crépuscule ou aube,Hors agglomération,Hors intersection,Pluie légère,Autre collision,,,,,,,,,,,2,1,1,2.0,6
201400008761,0014-05-23 20:45:00,14,5,23,20,45,300,51,,43.91958,4.21482,Crépuscule ou aube,Hors agglomération,Hors intersection,Pluie forte,Sans collision,,,,,,,,,,,2,1,1,3.0,7
201400008762,0014-08-01 09:15:00,14,8,1,9,15,300,142,,44.2322,4.0572,Plein jour,Hors agglomération,Hors intersection,Normale,Deux véhicules - côté,,,,,,,,,,,1,1,1,1.0,3
201400008763,0014-08-22 13:15:00,14,8,22,13,15,300,307,21 rue Louis Gourdouze,44.21384,4.02004,Plein jour,En agglomération,Hors intersection,Normale,Deux véhicules - frontale,,,,,,,,,,,1,2,1,1.0,1
201400008764,0014-08-29 13:15:00,14,8,29,13,15,300,307,RUE DE LA POMAREDE,44.20834,4.02299,Plein jour,En agglomération,Hors intersection,Normale,Deux véhicules - frontale,,,,,,,,,,,1,2,1,1.0,1
201400008765,0014-02-06 17:45:00,14,2,6,17,45,300,274,mont?e des rosiers,44.17472,4.11329,Crépuscule ou aube,En agglomération,Hors intersection,Normale,Sans collision,,,,,,,,,,,2,2,1,1.0,7
201400008766,0014-05-09 17:15:00,14,5,9,17,15,300,284,,44.153,4.05844,Plein jour,Hors agglomération,Hors intersection,Normale,Deux véhicules - arrière,,,,,,,,,,,1,1,1,1.0,2
201400008767,0014-06-10 18:15:00,14,6,10,18,15,300,284,RD 906,44.17818,4.08171,Plein jour,En agglomération,Hors intersection,Normale,Deux véhicules - côté,,,,,,,,,,,1,2,1,1.0,3
201400008768,0014-06-20 16:45:00,14,6,20,16,45,300,77,,44.16144,4.05651,Plein jour,Hors agglomération,Hors intersection,Normale,Autre collision,,,,,,,,,,,1,1,1,1.0,6
201400008769,0014-07-19 22:45:00,14,7,19,22,45,300,197,,44.13913,4.20275,Nuit sans éclairage public,Hors agglomération,Hors intersection,Normale,Sans collision,,,,,,,,,,,3,1,1,1.0,7
201400008770,0014-07-27 17:30:00,14,7,27,17,30,300,284,,44.16292,4.0589,Plein jour,Hors agglomération,Hors intersection,Normale,Deux véhicules - frontale,,,,,,,,,,,1,1,1,1.0,1
201400008771,0014-09-08 04:00:00,14,9,8,4,0,300,320,,44.11689,4.27508,Nuit sans éclairage public,Hors agglomération,Hors intersection,Normale,Deux véhicules - frontale,,,,,,,,,,,3,1,1,1.0,1
201400008772,0014-09-10 23:15:00,14,9,10,23,15,300,284,CD 60 A,44.15153,4.07815,Nuit sans éclairage public,En agglomération,Hors intersection,Normale,Sans collision,,,,,,,,,,,3,2,1,1.0,7
201400008773,0014-09-22 21:00:00,14,9,22,21,0,300,274,Mont?e des rosiers,44.16418,4.09837,Nuit avec éclairage allumé,En agglomération,Hors intersection,Normale,Sans collision,,,,,,,,,,,5,2,1,1.0,7
201400008774,0014-10-23 17:00:00,14,10,23,17,0,300,284,avenue de sainte barbe,44.15993,4.08525,Plein jour,En agglomération,Hors intersection,Normale,Deux véhicules - côté,,,,,,,,,,,1,2,1,1.0,3
201400008775,0014-11-07 08:00:00,14,11,7,8,0,300,223,,44.21472,4.15235,Plein jour,Hors agglomération,Autre intersection,Normale,Deux véhicules - côté,,,,,,,,,,,1,1,9,1.0,3
201400008776,0014-12-30 19:45:00,14,12,30,19,45,300,284,,44.15688,4.09375,Nuit avec éclairage allumé,Hors agglomération,Hors intersection,Normale,Deux véhicules - frontale,,,,,,,,,,,5,1,1,1.0,1
201400008777,0014-02-16 00:45:00,14,2,16,0,45,300,348,,44.05015,4.13966,Nuit avec éclairage allumé,Hors agglomération,Hors intersection,Normale,Autre collision,,,,,,,,,,,5,1,1,1.0,6
201400008778,0014-03-08 11:15:00,14,3,8,11,15,300,2,,43.95703,4.09922,Plein jour,Hors agglomération,Hors intersection,Normale,Deux véhicules - côté,,,,,,,,,,,1,1,1,1.0,3
201400008779,0014-03-24 08:00:00,14,3,24,8,0,300,161,,44.03119,4.10996,Plein jour,Hors agglomération,Hors intersection,Normale,Deux véhicules - côté,,,,,,,,,,,1,1,1,1.0,3
201400008780,0014-05-14 08:00:00,14,5,14,8,0,300,68,,44.0059,4.10303,Plein jour,Hors agglomération,Hors intersection,Normale,Autre collision,,,,,,,,,,,1,1,1,1.0,6
201400008781,0014-06-05 10:45:00,14,6,5,10,45,300,46,cd8,43.97544,4.19787,Crépuscule ou aube,En agglomération,Hors intersection,Normale,Autre collision,,,,,,,,,,,2,2,1,1.0,6
201400008782,0014-06-11 21:15:00,14,6,11,21,15,300,146,,43.99096,4.11163,Nuit sans éclairage public,Hors agglomération,Hors intersection,Normale,Sans collision,,,,,,,,,,,3,1,1,1.0,7
201400008783,0014-06-18 17:30:00,14,6,18,17,30,300,146,,43.98423,4.11254,Plein jour,Hors agglomération,Hors intersection,Normale,Deux véhicules - côté,,,,,,,,,,,1,1,1,1.0,3
201400008784,0014-07-17 15:15:00,14,7,17,15,15,300,109,cd981 route d'uzes,44.07074,4.22331,Plein jour,En agglomération,Giratoire,Normale,Deux véhicules - côté,,,,,,,,,,,1,2,6,1.0,3
201400008785,0014-08-03 00:15:00,14,8,3,0,15,300,259,,44.07661,4.11236,Nuit sans éclairage public,Hors agglomération,Hors intersection,Normale,Deux véhicules - arrière,,,,,,,,,,,3,1,1,1.0,2
201400008786,0014-10-05 01:15:00,14,10,5,1,15,300,348,,44.04989,4.14724,Nuit sans éclairage public,Hors agglomération,Hors intersection,Normale,Sans collision,,,,,,,,,,,3,1,1,1.0,7
201400008787,0014-11-05 18:30:00,14,11,5,18,30,300,2,,43.95666,4.09931,Nuit sans éclairage public,Hors agglomération,Intersection en X,Pluie légère,Deux véhicules - côté,,,,,,,,,,,3,1,2,2.0,3
201400008788,0014-11-14 23:45:00,14,11,14,23,45,300,240,,44.02485,4.19723,Nuit sans éclairage public,Hors agglomération,Hors intersection,Pluie forte,Sans collision,,,,,,,,,,,3,1,1,3.0,7
201400008789,0014-12-21 05:45:00,14,12,21,5,45,300,348,,44.07164,4.11293,Nuit sans éclairage public,Hors agglomération,Hors intersection,Normale,Trois véhicules et plus - en chaîne,,,,,,,,,,,3,1,1,1.0,4
201400008790,0014-04-11 02:00:00,14,4,11,2,0,300,153,,44.42691,4.03165,Nuit sans éclairage public,Hors agglomération,Hors intersection,Normale,Autre collision,,,,,,,,,,,3,1,1,1.0,6
201400008791,0014-04-22 10:30:00,14,4,22,10,30,300,80,,44.28996,3.98392,Plein jour,Hors agglomération,Hors intersection,Pluie légère,Autre collision,,,,,,,,,,,1,1,1,2.0,6
201400008792,0014-06-12 15:45:00,14,6,12,15,45,300,130,,44.34142,3.95122,Plein jour,Hors agglomération,Hors intersection,Pluie forte,Deux véhicules - frontale,,,,,,,,,,,1,1,1,3.0,1
201400008793,0014-08-28 11:30:00,14,8,28,11,30,300,153,,44.42896,4.02144,Plein jour,Hors agglomération,Hors intersection,Normale,Sans collision,,,,,,,,,,,1,1,1,1.0,7