accident_id,datetime,annee,mois,jour,heure,minute,departement,commune_insee,adresse,latitude,longitude,luminosite,agglomeration,intersection,meteo,collision,nb_vehicules,nb_usagers,nb_indemnes,nb_tues,nb_blesses_hosp,nb_blesses_legers,age_cond_1,age_cond_2,veh_type_cond_1,veh_type_cond_2,lum_code,agg_code,int_code,atm_code,col_code
201400008927,0014-10-09 17:00:00,14,10,9,17,0,660,37,,42.70247,3.03446,Plein jour,En agglomération,Hors intersection,Normale,Deux véhicules - côté,,,,,,,,,,,1,2,1,1.0,3
201400008928,0014-12-13 18:30:00,14,12,13,18,30,660,224,Avenue de Perpignan,42.72721,2.98372,Nuit avec éclairage allumé,En agglomération,Hors intersection,Normale,Deux véhicules - frontale,,,,,,,,,,,5,2,1,1.0,1
201400008929,0014-12-15 11:15:00,14,12,15,11,15,660,37,RD 81 A,,,Plein jour,En agglomération,Hors intersection,Normale,Deux véhicules - frontale,,,,,,,,,,,1,2,1,1.0,1
201400008930,0014-12-21 16:30:00,14,12,21,16,30,660,182,,,,Plein jour,Hors agglomération,Hors intersection,Normale,Trois véhicules et plus - collisions multiples,,,,,,,,,,,1,1,1,1.0,5
201400008931,0014-01-07 20:00:00,14,1,7,20,0,660,59,,,,Nuit sans éclairage public,Hors agglomération,Hors intersection,Normale,Trois véhicules et plus - collisions multiples,,,,,,,,,,,3,1,1,1.0,5
201400008932,0014-05-02 19:30:00,14,5,2,19,30,660,65,Avenue Narcisse  PLANAS,42.6046,2.97028,Plein jour,En agglomération,Hors intersection,Normale,Deux véhicules - côté,,,,,,,,,,,1,2,1,1.0,3
201400008933,0014-07-31 16:15:00,14,7,31,16,15,660,227,,,,Plein jour,Hors agglomération,Hors intersection,Normale,Deux véhicules - frontale,,,,,,,,,,,1,1,1,1.0,1
201400008934,0014-09-08 08:15:00,14,9,8,8,15,660,11,Avenue de la mediterrane,,,Plein jour,En agglomération,Hors intersection,Normale,Deux véhicules - côté,,,,,,,,,,,1,2,1,1.0,3
201400008935,0014-10-09 18:45:00,14,10,9,18,45,660,65,rue nationale,42.59847,2.97357,Plein jour,En agglomération,Hors intersection,Normale,Autre collision,,,,,,,,,,,1,2,1,1.0,6
201400008936,0014-12-11 14:30:00,14,12,11,14,30,660,65,Rue Alfred de Musset,42.60833,2.97165,Plein jour,En agglomération,Intersection en X,Normale,Deux véhicules - côté,,,,,,,,,,,1,2,2,1.0,3
201400008937,0014-06-16 23:45:00,14,6,16,23,45,660,71,,,,Nuit sans éclairage public,Hors agglomération,Hors intersection,Normale,Sans collision,,,,,,,,,,,3,1,1,1.0,7
201400008938,0014-10-02 16:15:00,14,10,2,16,15,660,46,,,,Plein jour,Hors agglomération,Hors intersection,Normale,Deux véhicules - frontale,,,,,,,,,,,1,1,1,1.0,1
201400008939,0014-04-09 08:00:00,14,4,9,8,0,660,174,,,,Crépuscule ou aube,Hors agglomération,Hors intersection,Normale,Deux véhicules - frontale,,,,,,,,,,,2,1,1,1.0,1
201400008940,0014-06-22 08:30:00,14,6,22,8,30,660,58,,,,Plein jour,Hors agglomération,Hors intersection,Normale,Deux véhicules - côté,,,,,,,,,,,1,1,1,1.0,3
201400008941,0014-08-25 05:30:00,14,8,25,5,30,660,108,traverse des lacs,42.69839,2.68232,Nuit sans éclairage public,En agglomération,Hors intersection,Normale,Sans collision,,,,,,,,,,,3,2,1,1.0,7
201400008942,0014-07-23 18:00:00,14,7,23,18,0,660,190,,,,Plein jour,Hors agglomération,Hors intersection,Normale,Deux véhicules - frontale,,,,,,,,,,,1,1,1,1.0,1
201400008943,0014-02-13 19:30:00,14,2,13,19,30,660,212,,,,Nuit avec éclairage allumé,En agglomération,Hors intersection,Normale,Trois véhicules et plus - collisions multiples,,,,,,,,,,,5,2,1,1.0,5
201400008944,0014-03-09 15:15:00,14,3,9,15,15,660,212,,42.76394,3.01894,Plein jour,Hors agglomération,Hors intersection,Normale,Deux véhicules - côté,,,,,,,,,,,1,1,1,1.0,3
201400008945,0014-04-15 18:15:00,14,4,15,18,15,660,180,Avenue Alsace Lorraine,,,Plein jour,En agglomération,Hors intersection,Normale,Autre collision,,,,,,,,,,,1,2,1,1.0,6
201400008946,0014-06-29 01:15:00,14,6,29,1,15,660,180,CHEMIN PAS  LAS CADENES,42.76877,2.97913,Nuit sans éclairage public,En agglomération,Hors intersection,Normale,Autre collision,,,,,,,,,,,3,2,1,1.0,6
201400008947,0014-06-29 23:15:00,14,6,29,23,15,660,180,,,,Nuit sans éclairage public,Hors agglomération,Hors intersection,Normale,Deux véhicules - frontale,,,,,,,,,,,3,1,1,1.0,1
201400008948,0014-08-19 06:00:00,14,8,19,6,0,660,17,,,,Nuit sans éclairage public,Hors agglomération,Hors intersection,Normale,Autre collision,,,,,,,,,,,3,1,1,1.0,6
201400008949,0014-09-27 07:00:00,14,9,27,7,0,660,180,Rue Arago - rue J. Bart,42.77182,2.98846,Crépuscule ou aube,En agglomération,Hors intersection,Normale,Deux véhicules - côté,,,,,,,,,,,2,2,1,1.0,3
201400008950,0014-12-02 16:00:00,14,12,2,16,0,660,180,26 Rue Baudelaire,42.77276,2.99658,Plein jour,En agglomération,Hors intersection,Temps couvert,Autre collision,,,,,,,,,,,1,2,1,8.0,6
201400008951,0014-12-21 17:30:00,14,12,21,17,30,660,180,,,,Plein jour,Hors agglomération,Hors intersection,Normale,Deux véhicules - frontale,,,,,,,,,,,1,1,1,1.0,1
201400008952,0014-01-21 10:30:00,14,1,21,10,30,660,210,Avenue mediterranee,,,Plein jour,En agglomération,Hors intersection,Normale,Autre collision,,,,,,,,,,,1,2,1,1.0,6
201400008953,0014-02-15 15:45:00,14,2,15,15,45,660,99,,,,Plein jour,Hors agglomération,Hors intersection,Normale,Sans collision,,,,,,,,,,,1,1,1,1.0,7
201400008954,0014-03-11 13:30:00,14,3,11,13,30,660,217,,,,Plein jour,Hors agglomération,Hors intersection,Normale,Deux véhicules - côté,,,,,,,,,,,1,1,1,1.0,3
201400008955,0014-03-23 07:15:00,14,3,23,7,15,660,144,,,,Plein jour,Hors agglomération,Hors intersection,Normale,Trois véhicules et plus - collisions multiples,,,,,,,,,,,1,1,1,1.0,5
201400008956,0014-03-25 14:00:00,14,3,25,14,0,660,33,,,,Plein jour,Hors agglomération,Hors intersection,Normale,Autre collision,,,,,,,,,,,1,1,1,1.0,6
201400008957,0014-06-25 13:30:00,14,6,25,13,30,660,210,,,,Plein jour,Hors agglomération,Hors intersection,Normale,Deux véhicules - frontale,,,,,,,,,,,1,1,1,1.0,1
201400008958,0014-07-20 14:15:00,14,7,20,14,15,660,145,,,,Crépuscule ou aube,Hors agglomération,Hors intersection,Normale,Deux véhicules - frontale,,,,,,,,,,,2,1,1,1.0,1
201400008959,0014-09-06 16:30:00,14,9,6,16,30,660,101,Rue Cami de les Olivedes,42.62332,2.77015,Plein jour,En agglomération,Hors intersection,Normale,Deux véhicules - arrière,,,,,,,,,,,1,2,1,1.0,2
201400008960,0014-10-15 17:45:00,14,10,15,17,45,660,210,,,,Plein jour,Hors agglomération,Hors intersection,Normale,Autre collision,,,,,,,,,,,1,1,1,1.0,6
201400008961,0014-11-08 08:00:00,14,11,8,8,0,660,217,croisement rue du stade,,,Plein jour,En agglomération,Hors intersection,Normale,Trois véhicules et plus - collisions multiples,,,,,,,,,,,1,2,1,1.0,5
201400008962,0014-11-26 15:00:00,14,11,26,15,0,660,144,,,,Plein jour,Hors agglomération,Hors intersection,Pluie légère,Deux véhicules - côté,,,,,,,,,,,1,1,1,2.0,3
201400008963,0014-12-05 07:15:00,14,12,5,7,15,660,101,,,,Nuit sans éclairage public,Hors agglomération,Hors intersection,Normale,Deux véhicules - côté,,,,,,,,,,,3,1,1,1.0,3
201400008964,0014-12-31 07:00:00,14,12,31,7,0,660,144,,,,Nuit sans éclairage public,Hors agglomération,Hors intersection,Normale,Deux véhicules - arrière,,,,,,,,,,,3,1,1,1.0,2
201400008965,0014-01-14 02:45:00,14,1,14,2,45,660,160,,,,Nuit sans éclairage public,Hors agglomération,Hors intersection,Pluie légère,Deux véhicules - côté,,,,,,,,,,,3,1,1,2.0,3
201400008966,0014-01-20 10:30:00,14,1,20,10,30,660,168,,,,Plein jour,Hors agglomération,Hors intersection,Vent fort / tempête,Deux véhicules - côté,,,,,,,,,,,1,1,1,6.0,3
201400008967,0014-03-21 17:30:00,14,3,21,17,30,660,8,,42.57656,3.00429,Plein jour,Hors agglomération,Hors intersection,Normale,Deux véhicules - côté,,,,,,,,,,,1,1,1,1.0,3
201400008968,0014-04-18 09:15:00,14,4,18,9,15,660,8,,,,Plein jour,Hors agglomération,Intersection en T,Normale,Autre collision,,,,,,,,,,,1,1,3,1.0,6
201400008969,0014-07-31 08:30:00,14,7,31,8,30,660,8,,42.56232,3.0141,Plein jour,Hors agglomération,Hors intersection,Normale,Deux véhicules - frontale,,,,,,,,,,,1,1,1,1.0,1
201400008970,0014-08-18 18:45:00,14,8,18,18,45,660,8,avenue Moliere,42.55183,3.02921,Plein jour,En agglomération,Autre intersection,Normale,Sans collision,,,,,,,,,,,1,2,9,1.0,7
201400008971,0014-10-16 16:45:00,14,10,16,16,45,660,225,,,,Plein jour,Hors agglomération,Autre intersection,Normale,Deux véhicules - côté,,,,,,,,,,,1,1,9,1.0,3
201400008972,0014-01-30 10:30:00,14,1,30,10,30,660,24,avenue d en cavailles,42.53281,2.83883,Plein jour,En agglomération,Hors intersection,Normale,Deux véhicules - frontale,,,,,,,,,,,1,2,1,1.0,1
201400008973,0014-02-16 18:30:00,14,2,16,18,30,660,178,rue du mas d'en marty,42.50881,2.77905,Nuit sans éclairage public,En agglomération,Hors intersection,Pluie légère,Autre collision,,,,,,,,,,,3,2,1,2.0,6
201400008974,0014-03-07 14:15:00,14,3,7,14,15,660,106,,42.50084,2.82104,Plein jour,Hors agglomération,Intersection en T,Normale,Trois véhicules et plus - collisions multiples,,,,,,,,,,,1,1,3,1.0,5
201400008975,0014-05-04 08:15:00,14,5,4,8,15,660,137,,,,Plein jour,Hors agglomération,Hors intersection,Normale,Autre collision,,,,,,,,,,,1,1,1,1.0,6
201400008976,0014-06-07 23:15:00,14,6,7,23,15,660,115,,,,Nuit sans éclairage public,Hors agglomération,Hors intersection,Normale,Deux véhicules - côté,,,,,,,,,,,3,1,1,1.0,3
201400008977,0014-06-11 14:30:00,14,6,11,14,30,660,15,,,,Plein jour,Hors agglomération,Hors intersection,Normale,Deux véhicules - côté,,,,,,,,,,,1,1,1,1.0,3
201400008978,0014-08-30 11:00:00,14,8,30,11,0,660,63,,,,Plein jour,Hors agglomération,Hors intersection,Normale,Autre collision,,,,,,,,,,,1,1,1,1.0,6
201400008979,0014-03-21 16:30:00,14,3,21,16,30,660,48,,,,Plein jour,Hors agglomération,Hors intersection,Normale,Deux véhicules - côté,,,,,,,,,,,1,1,1,1.0,3
201400008980,0014-04-12 17:15:00,14,4,12,17,15,660,209,,,,Plein jour,Hors agglomération,Hors intersection,Normale,Trois véhicules et plus - collisions multiples,,,,,,,,,,,1,1,1,1.0,5
201400008981,0014-07-14 11:15:00,14,7,14,11,15,660,125,RN 116,,,Plein jour,En agglomération,Hors intersection,Normale,Deux véhicules - côté,,,,,,,,,,,1,2,1,1.0,3
201400008982,0014-07-22 09:15:00,14,7,22,9,15,660,149,,,,Plein jour,Hors agglomération,Hors intersection,Normale,Deux véhicules - frontale,,,,,,,,,,,1,1,1,1.0,1
201400008983,0014-08-06 17:15:00,14,8,6,17,15,660,149,,,,Plein jour,Hors agglomération,Hors intersection,Normale,Autre collision,,,,,,,,,,,1,1,1,1.0,6
201400008984,0014-10-06 18:00:00,14,10,6,18,0,660,149,Rond Point du Canigou,,,Plein jour,En agglomération,Hors intersection,Normale,Deux véhicules - frontale,,,,,,,,,,,1,2,1,1.0,1
201400008985,0014-10-29 16:30:00,14,10,29,16,30,660,149,,,,Plein jour,Hors agglomération,Hors intersection,Normale,Sans collision,,,,,,,,,,,1,1,1,1.0,7
201400008986,0014-01-18 13:30:00,14,1,18,13,30,660,146,,,,Plein jour,Hors agglomération,Hors intersection,Neige / grêle,Autre collision,,,,,,,,,,,1,1,1,4.0,6
201400008987,0014-09-01 15:15:00,14,9,1,15,15,660,95,,,,Plein jour,Hors agglomération,Hors intersection,Normale,Trois véhicules et plus - collisions multiples,,,,,,,,,,,1,1,1,1.0,5
201400008988,0014-06-09 10:00:00,14,6,9,10,0,660,154,,,,Plein jour,Hors agglomération,Hors intersection,Normale,Autre collision,,,,,,,,,,,1,1,1,1.0,6
201400008989,0014-08-03 09:45:00,14,8,3,9,45,660,5,Route des Pyrenees,,,Plein jour,En agglomération,Hors intersection,Normale,Autre collision,,,,,,,,,,,1,2,1,1.0,6
201400008990,0014-12-01 11:45:00,14,12,1,11,45,660,124,,42.52026,2.05907,Plein jour,Hors agglomération,Hors intersection,Normale,Deux véhicules - frontale,,,,,,,,,,,1,1,1,1.0,1
201400008991,0014-03-23 18:30:00,14,3,23,18,30,660,103,,,,Plein jour,Hors agglomération,Hors intersection,Normale,Deux véhicules - arrière,,,,,,,,,,,1,1,1,1.0,2
201400008992,0014-04-29 17:45:00,14,4,29,17,45,660,230,,42.64601,2.5133,Plein jour,Hors agglomération,Hors intersection,Normale,Deux véhicules - côté,,,,,,,,,,,1,1,1,1.0,3
201400008993,0014-06-07 09:15:00,14,6,7,9,15,660,165,,,,Plein jour,Hors agglomération,Hors intersection,Normale,Deux véhicules - frontale,,,,,,,,,,,1,1,1,1.0,1
201400008994,0014-08-08 21:00:00,14,8,8,21,0,660,230,,,,Nuit sans éclairage public,Hors agglomération,Hors intersection,Normale,Deux véhicules - côté,,,,,,,,,,,3,1,1,1.0,3
201400008995,0014-08-19 12:30:00,14,8,19,12,30,660,230,,,,Plein jour,Hors agglomération,Hors intersection,Normale,Deux véhicules - frontale,,,,,,,,,,,1,1,1,1.0,1
201400008996,0014-11-02 17:00:00,14,11,2,17,0,660,230,,,,Plein jour,Hors agglomération,Intersection en X,Normale,Deux véhicules - côté,,,,,,,,,,,1,1,2,1.0,3
201400008997,0014-12-19 17:15:00,14,12,19,17,15,660,88,RD615,,,Crépuscule ou aube,En agglomération,Hors intersection,Normale,Deux véhicules - frontale,,,,,,,,,,,2,2,1,1.0,1
201400008998,0014-02-10 15:15:00,14,2,10,15,15,201,32,mascardaccia,41.92308,8.84461,Plein jour,En agglomération,Hors intersection,Pluie forte,Autre collision,,,,,,,,,,,1,2,1,3.0,6
201400008999,0014-03-02 14:30:00,14,3,2,14,30,201,32,,41.92314,8.83264,Plein jour,Hors agglomération,Hors intersection,Normale,Autre collision,,,,,,,,,,,1,1,1,1.0,6
201400009000,0014-06-01 23:45:00,14,6,1,23,45,201,130,Porticcio CD 55,41.87777,8.78662,Nuit avec éclairage allumé,En agglomération,Hors intersection,Normale,Trois véhicules et plus - collisions multiples,,,,,,,,,,,5,2,1,1.0,5
201400009001,0014-06-18 10:45:00,14,6,18,10,45,201,228,,41.84216,8.76785,Plein jour,Hors agglomération,Giratoire,Normale,Deux véhicules - côté,,,,,,,,,,,1,1,6,1.0,3
201400009002,0014-06-20 13:00:00,14,6,20,13,0,201,8,agosta plage,41.85912,8.79154,Plein jour,En agglomération,Hors intersection,Normale,Deux véhicules - côté,,,,,,,,,,,1,2,1,1.0,3
201400009003,0014-03-08 09:30:00,14,3,8,9,30,201,62,,42.0291,8.93582,Plein jour,Hors agglomération,Hors intersection,Normale,Deux véhicules - côté,,,,,,,,,,,1,1,1,1.0,3
201400009004,0014-03-22 10:45:00,14,3,22,10,45,201,209,,41.99829,8.85479,Plein jour,Hors agglomération,Intersection en T,Normale,Deux véhicules - côté,,,,,,,,,,,1,1,3,1.0,3
201400009005,0014-04-04 11:30:00,14,4,4,11,30,201,40,,42.07781,9.03016,Plein jour,Hors agglomération,Hors intersection,Pluie forte,Deux véhicules - frontale,,,,,,,,,,,1,1,1,3.0,1
201400009006,0014-04-15 13:00:00,14,4,15,13,0,201,271,,41.9755,8.82585,Plein jour,Hors agglomération,Hors intersection,Normale,Deux véhicules - frontale,,,,,,,,,,,1,1,1,1.0,1
201400009007,0014-07-09 08:30:00,14,7,9,8,30,201,40,,42.08633,9.04121,Plein jour,Hors agglomération,Hors intersection,Normale,Trois véhicules et plus - collisions multiples,,,,,,,,,,,1,1,1,1.0,5
201400009008,0014-07-20 06:30:00,14,7,20,6,30,201,6,,41.96036,8.78027,Plein jour,Hors agglomération,Hors intersection,Normale,Trois véhicules et plus - collisions multiples,,,,,,,,,,,1,1,1,1.0,5
201400009009,0014-08-02 17:00:00,14,8,2,17,0,201,271,chaus?a,41.96348,8.81308,Plein jour,En agglomération,Autre intersection,Normale,Deux véhicules - côté,,,,,,,,,,,1,2,9,1.0,3
201400009010,0014-08-07 09:30:00,14,8,7,9,30,201,271,,,,Plein jour,Hors agglomération,Hors intersection,Normale,Deux véhicules - côté,,,,,,,,,,,1,1,1,1.0,3
201400009011,0014-10-04 07:00:00,14,10,4,7,0,201,324,,,,Crépuscule ou aube,Hors agglomération,Hors intersection,Normale,Deux véhicules - frontale,,,,,,,,,,,2,1,1,1.0,1
201400009012,0014-10-07 06:45:00,14,10,7,6,45,201,271,,41.976,8.82,Crépuscule ou aube,Hors agglomération,Hors intersection,Normale,Deux véhicules - côté,,,,,,,,,,,2,1,1,1.0,3
201400009013,0014-10-12 18:45:00,14,10,12,18,45,201,271,RN 194 Quartier MERENDA,41.95984,8.80628,Crépuscule ou aube,En agglomération,Hors intersection,Normale,Deux véhicules - côté,,,,,,,,,,,2,2,1,1.0,3
201400009014,0014-10-13 16:45:00,14,10,13,16,45,201,209,,,,Plein jour,Hors agglomération,Hors intersection,Normale,Deux véhicules - arrière,,,,,,,,,,,1,1,1,1.0,2
201400009015,0014-04-23 16:30:00,14,4,23,16,30,201,197,,42.355,8.645,Plein jour,Hors agglomération,Hors intersection,Normale,Autre collision,,,,,,,,,,,1,1,1,1.0,6
201400009016,0014-05-26 09:30:00,14,5,26,9,30,201,197,,42.36043,8.65197,Plein jour,Hors agglomération,Hors intersection,Normale,Autre collision,,,,,,,,,,,1,1,1,1.0,6
201400009017,0014-05-28 15:30:00,14,5,28,15,30,201,212,,42.03339,8.76364,Plein jour,Hors agglomération,Hors intersection,Normale,Sans collision,,,,,,,,,,,1,1,1,1.0,7
201400009018,0014-06-25 16:45:00,14,6,25,16,45,201,198,,,,Plein jour,Hors agglomération,Hors intersection,Normale,Deux véhicules - frontale,,,,,,,,,,,1,1,1,1.0,1
201400009019,0014-07-25 14:00:00,14,7,25,14,0,201,197,,42.32433,8.66039,Plein jour,Hors agglomération,Hors intersection,Normale,Deux véhicules - côté,,,,,,,,,,,1,1,1,1.0,3
201400009020,0014-09-06 14:45:00,14,9,6,14,45,201,198,,,,Plein jour,Hors agglomération,Hors intersection,Normale,Deux véhicules - frontale,,,,,,,,,,,1,1,1,1.0,1
201400009021,0014-10-31 15:15:00,14,10,31,15,15,201,279,,,,Plein jour,Hors agglomération,Hors intersection,Normale,Deux véhicules - côté,,,,,,,,,,,1,1,1,1.0,3
201400009022,0014-07-04 06:15:00,14,7,4,6,15,201,41,,41.42368,9.19957,Crépuscule ou aube,Hors agglomération,Hors intersection,Normale,Autre collision,,,,,,,,,,,2,1,1,1.0,6
201400009023,0014-07-19 13:30:00,14,7,19,13,30,201,41,Quartier Saint Fran?ois,41.38704,9.1518,Plein jour,En agglomération,Hors intersection,Normale,Sans collision,,,,,,,,,,,1,2,1,1.0,7
201400009024,0014-07-24 12:30:00,14,7,24,12,30,201,41,Rue prosper Merime,41.38749,9.15662,Plein jour,En agglomération,Hors intersection,Normale,Autre collision,,,,,,,,,,,1,2,1,1.0,6
201400009025,0014-07-25 22:00:00,14,7,25,22,0,201,41,,41.45385,9.21168,Nuit sans éclairage public,Hors agglomération,Hors intersection,Normale,Autre collision,,,,,,,,,,,3,1,1,1.0,6
201400009026,0014-08-02 11:30:00,14,8,2,11,30,201,215,,,,Plein jour,Hors agglomération,Hors intersection,Normale,Deux véhicules - arrière,,,,,,,,,,,1,1,1,1.0,2
201400009027,0014-08-08 09:45:00,14,8,8,9,45,201,41,route de Sant'Amanza,,,Plein jour,En agglomération,Hors intersection,Normale,Deux véhicules - côté,,,,,,,,,,,1,2,1,1.0,3
201400009028,0014-09-12 11:45:00,14,9,12,11,45,201,114,,41.51652,9.11136,Plein jour,Hors agglomération,Hors intersection,Normale,Autre collision,,,,,,,,,,,1,1,1,1.0,6
201400009029,0014-09-26 14:30:00,14,9,26,14,30,201,215,Lieu dit Viagenti,,,Plein jour,En agglomération,Hors intersection,Normale,Autre collision,,,,,,,,,,,1,2,1,1.0,6
201400009030,0014-01-15 09:30:00,14,1,15,9,30,201,247,,41.647,9.207,Plein jour,Hors agglomération,Hors intersection,Normale,Autre collision,,,,,,,,,,,1,1,1,1.0,6
201400009031,0014-01-24 18:45:00,14,1,24,18,45,201,247,Rue Henry Frenay,41.60178,9.27872,Nuit avec éclairage allumé,En agglomération,Hors intersection,Temps couvert,Autre collision,,,,,,,,,,,5,2,1,8.0,6
201400009032,0014-02-14 10:30:00,14,2,14,10,30,201,247,D468b rte de Cala Rossa,41.62392,9.29578,Plein jour,En agglomération,Hors intersection,Normale,Autre collision,,,,,,,,,,,1,2,1,1.0,6
201400009033,0014-03-16 20:30:00,14,3,16,20,30,201,247,,41.56665,9.24928,Nuit sans éclairage public,Hors agglomération,Hors intersection,Normale,Autre collision,,,,,,,,,,,3,1,1,1.0,6
201400009034,0014-03-26 20:45:00,14,3,26,20,45,201,247,,41.59316,9.26468,Nuit sans éclairage public,Hors agglomération,Hors intersection,Pluie forte,Sans collision,,,,,,,,,,,3,1,1,3.0,7
201400009035,0014-05-03 17:30:00,14,5,3,17,30,201,247,,41.60536,9.27601,Plein jour,En agglomération,Giratoire,Normale,Autre collision,,,,,,,,,,,1,2,6,1.0,6
201400009036,0014-06-21 07:15:00,14,6,21,7,15,201,247,,41.59806,9.26668,Plein jour,En agglomération,Giratoire,Normale,Deux véhicules - côté,,,,,,,,,,,1,2,6,1.0,3
201400009037,0014-06-22 02:45:00,14,6,22,2,45,201,247,Avenue de Bastia,,,Nuit avec éclairage allumé,En agglomération,Giratoire,Normale,Autre collision,,,,,,,,,,,5,2,6,1.0,6
201400009038,0014-06-24 16:00:00,14,6,24,16,0,201,247,,41.64344,9.23074,Plein jour,Hors agglomération,Hors intersection,Normale,Deux véhicules - côté,,,,,,,,,,,1,1,1,1.0,3
201400009039,0014-06-30 18:30:00,14,6,30,18,30,201,247,AVENUE DE BASTIA,41.60294,9.27672,Plein jour,En agglomération,Giratoire,Normale,Deux véhicules - frontale,,,,,,,,,,,1,2,6,1.0,1
201400009040,0014-07-20 14:30:00,14,7,20,14,30,201,247,,41.57613,9.2748,Plein jour,Hors agglomération,Autre intersection,Normale,Deux véhicules - frontale,,,,,,,,,,,1,1,9,1.0,1
201400009041,0014-08-01 12:15:00,14,8,1,12,15,201,247,Route de Cala Rossa,41.62511,9.30098,Plein jour,En agglomération,Hors intersection,Normale,Deux véhicules - frontale,,,,,,,,,,,1,2,1,1.0,1
201400009042,0014-09-01 19:00:00,14,9,1,19,0,201,247,RN198 (Rocade),41.60174,9.26886,Plein jour,En agglomération,Giratoire,Normale,Autre collision,,,,,,,,,,,1,2,6,1.0,6
201400009043,0014-09-06 02:45:00,14,9,6,2,45,201,247,,41.59455,9.2563,Nuit sans éclairage public,Hors agglomération,Hors intersection,Normale,Autre collision,,,,,,,,,,,3,1,1,1.0,6
201400009044,0014-09-13 09:45:00,14,9,13,9,45,201,247,QUAI PASCAL PAOLI,41.58934,9.28361,Plein jour,En agglomération,Hors intersection,Temps éblouissant,Autre collision,,,,,,,,,,,1,2,1,7.0,6
201400009045,0014-09-16 18:00:00,14,9,16,18,0,201,247,,,,Plein jour,En agglomération,Hors intersection,Normale,Deux véhicules - côté,,,,,,,,,,,1,2,1,1.0,3
201400009046,0014-11-18 09:25:00,14,11,18,9,25,201,247,Rond Point des 4 Chemins,,,Plein jour,En agglomération,Giratoire,Normale,Deux véhicules - côté,,,,,,,,,,,1,2,6,1.0,3
201400009047,0014-02-28 20:45:00,14,2,28,20,45,201,272,,41.63164,8.95794,Nuit sans éclairage public,Hors agglomération,Hors intersection,Pluie forte,Deux véhicules - côté,,,,,,,,,,,3,1,1,3.0,3
201400009048,0014-03-22 20:15:00,14,3,22,20,15,201,272,,41.64286,8.95732,Nuit sans éclairage public,Hors agglomération,Hors intersection,Temps couvert,Deux véhicules - frontale,,,,,,,,,,,3,1,1,8.0,1
201400009049,0014-05-10 19:45:00,14,5,10,19,45,201,272,,41.64591,8.96666,Plein jour,Hors agglomération,Hors intersection,Normale,Deux véhicules - frontale,,,,,,,,,,,1,1,1,1.0,1
201400009050,0014-06-03 17:00:00,14,6,3,17,0,201,128,,41.64067,9.00046,Plein jour,Hors agglomération,Hors intersection,Normale,Sans collision,,,,,,,,,,,1,1,1,1.0,7
201400009051,0014-06-28 08:45:00,14,6,28,8,45,201,272,rond point symply,41.61827,8.97331,Plein jour,En agglomération,Intersection en X,Normale,Autre collision,,,,,,,,,,,1,2,2,1.0,6
201400009052,0014-09-14 18:00:00,14,9,14,18,0,201,272,,41.63201,8.95801,Plein jour,Hors agglomération,Hors intersection,Normale,Deux véhicules - frontale,,,,,,,,,,,1,1,1,1.0,1
201400009053,0014-12-08 13:30:00,14,12,8,13,30,201,272,,,,Plein jour,Hors agglomération,Hors intersection,Temps éblouissant,Deux véhicules - frontale,,,,,,,,,,,1,1,1,7.0,1
201400009054,0014-09-01 20:30:00,14,9,1,20,30,201,232,,41.7268,8.81489,Nuit sans éclairage public,Hors agglomération,Hors intersection,Normale,Deux véhicules - frontale,,,,,,,,,,,3,1,1,1.0,1
201400009055,0014-06-03 08:45:00,14,6,3,8,45,201,189,lieu dit les cannes,41.69797,8.90308,Plein jour,Hors agglomération,Hors intersection,Normale,Trois véhicules et plus - collisions multiples,,,,,,,,,,,1,1,1,1.0,5
201400009056,0014-08-28 19:30:00,14,8,28,19,30,201,249,rue casanova d'arraciani,41.6713,8.90669,Plein jour,En agglomération,Hors intersection,Normale,Deux véhicules - côté,,,,,,,,,,,1,2,1,1.0,3
201400009057,0014-04-29 21:15:00,14,4,29,21,15,202,42,,,,Nuit sans éclairage public,Hors agglomération,Hors intersection,Normale,Sans collision,,,,,,,,,,,3,1,1,1.0,7
201400009058,0014-07-05 05:15:00,14,7,5,5,15,202,148,RD 507,,,Crépuscule ou aube,En agglomération,Hors intersection,Normale,Sans collision,,,,,,,,,,,2,2,1,1.0,7
201400009059,0014-08-24 21:45:00,14,8,24,21,45,202,148,,,,Nuit sans éclairage public,Hors agglomération,Hors intersection,Normale,Sans collision,,,,,,,,,,,3,1,1,1.0,7
201400009060,0014-10-01 14:45:00,14,10,1,14,45,202,350,,,,Plein jour,Hors agglomération,Hors intersection,Normale,Trois véhicules et plus - collisions multiples,,,,,,,,,,,1,1,1,1.0,5