accident_id,datetime,annee,mois,jour,heure,minute,departement,commune_insee,adresse,latitude,longitude,luminosite,agglomeration,intersection,meteo,collision,nb_vehicules,nb_usagers,nb_indemnes,nb_tues,nb_blesses_hosp,nb_blesses_legers,age_cond_1,age_cond_2,veh_type_cond_1,veh_type_cond_2,lum_code,agg_code,int_code,atm_code,col_code
201400009193,0014-11-29 13:00:00,14,11,29,13,0,780,140,,,,Plein jour,Hors agglomération,Hors intersection,Normale,Deux véhicules - arrière,,,,,,,,,,,1,1,1,1.0,2
201400009194,0014-12-29 16:15:00,14,12,29,16,15,780,206,rue de la R?publique,,,Crépuscule ou aube,En agglomération,Hors intersection,Normale,Deux véhicules - côté,,,,,,,,,,,2,2,1,1.0,3
201400009195,0014-08-06 12:00:00,14,8,6,12,0,780,263,AVENUE DE NEUVILLE,,,Plein jour,En agglomération,Hors intersection,Pluie légère,Deux véhicules - frontale,,,,,,,,,,,1,2,1,2.0,1
201400009196,0014-09-17 17:00:00,14,9,17,17,0,780,263,,,,Plein jour,Hors agglomération,Intersection en X,Normale,Deux véhicules - côté,,,,,,,,,,,1,1,2,1.0,3
201400009197,0014-10-19 17:45:00,14,10,19,17,45,780,263,,,,Plein jour,Hors agglomération,Hors intersection,Normale,Trois véhicules et plus - collisions multiples,,,,,,,,,,,1,1,1,1.0,5
201400009198,0014-11-29 08:15:00,14,11,29,8,15,780,48,,,,Plein jour,Hors agglomération,Hors intersection,Normale,Autre collision,,,,,,,,,,,1,1,1,1.0,6
201400009199,0014-04-24 08:00:00,14,4,24,8,0,780,380,RD 191 - Route de Mantes,,,Plein jour,En agglomération,Hors intersection,Normale,Trois véhicules et plus - collisions multiples,,,,,,,,,,,1,2,1,1.0,5
201400009200,0014-06-07 02:30:00,14,6,7,2,30,780,380,,,,Nuit sans éclairage public,Hors agglomération,Hors intersection,Normale,Autre collision,,,,,,,,,,,3,1,1,1.0,6
201400009201,0014-07-09 12:15:00,14,7,9,12,15,780,62,Route d?partementale 191,,,Plein jour,En agglomération,Hors intersection,Normale,Deux véhicules - côté,,,,,,,,,,,1,2,1,1.0,3
201400009202,0014-07-31 11:00:00,14,7,31,11,0,780,305,,,,Plein jour,Hors agglomération,Hors intersection,Normale,Deux véhicules - frontale,,,,,,,,,,,1,1,1,1.0,1
201400009203,0014-09-17 09:00:00,14,9,17,9,0,780,368,Rue Christian Pouillard,,,Plein jour,En agglomération,Hors intersection,Normale,Autre collision,,,,,,,,,,,1,2,1,1.0,6
201400009204,0014-11-12 18:15:00,14,11,12,18,15,780,380,chauss?e Saint Vincent,,,Nuit avec éclairage allumé,En agglomération,Hors intersection,Normale,Autre collision,,,,,,,,,,,5,2,1,1.0,6
201400009205,0014-02-11 12:15:00,14,2,11,12,15,780,530,Boulevard de l'Europe,,,Plein jour,En agglomération,Intersection en T,Temps couvert,Deux véhicules - côté,,,,,,,,,,,1,2,3,8.0,3
201400009206,0014-06-06 12:30:00,14,6,6,12,30,780,439,,,,Plein jour,Hors agglomération,Hors intersection,Normale,Deux véhicules - côté,,,,,,,,,,,1,1,1,1.0,3
201400009207,0014-08-01 09:45:00,14,8,1,9,45,780,417,,48.894,1.608,Plein jour,Hors agglomération,Hors intersection,Normale,Autre collision,,,,,,,,,,,1,1,1,1.0,6
201400009208,0014-12-22 19:00:00,14,12,22,19,0,780,474,,48.854,1.639,Nuit sans éclairage public,Hors agglomération,Hors intersection,Normale,Sans collision,,,,,,,,,,,3,1,1,1.0,7
201400009209,0014-06-28 19:45:00,14,6,28,19,45,780,497,,,,Plein jour,Hors agglomération,Hors intersection,Normale,Deux véhicules - côté,,,,,,,,,,,1,1,1,1.0,3
201400009210,0014-07-10 19:15:00,14,7,10,19,15,780,497,route de Rambouillet,,,Nuit avec éclairage allumé,En agglomération,Hors intersection,Normale,Sans collision,,,,,,,,,,,5,2,1,1.0,7
201400009211,0014-09-21 04:15:00,14,9,21,4,15,780,557,,,,Nuit sans éclairage public,Hors agglomération,Hors intersection,Pluie légère,Autre collision,,,,,,,,,,,3,1,1,2.0,6
201400009212,0014-02-18 17:00:00,14,2,18,17,0,780,3,,,,Plein jour,Hors agglomération,Hors intersection,Normale,Trois véhicules et plus - en chaîne,,,,,,,,,,,1,1,1,1.0,4
201400009213,0014-03-10 20:15:00,14,3,10,20,15,780,478,,,,Nuit sans éclairage public,Hors agglomération,Hors intersection,Normale,Sans collision,,,,,,,,,,,3,1,1,1.0,7
201400009214,0014-06-04 12:30:00,14,6,4,12,30,780,3,,,,Plein jour,Hors agglomération,Hors intersection,Pluie forte,Deux véhicules - arrière,,,,,,,,,,,1,1,1,3.0,2
201400009215,0014-06-15 15:15:00,14,6,15,15,15,780,470,,48.583,1.813,Plein jour,Hors agglomération,Hors intersection,Normale,Deux véhicules - frontale,,,,,,,,,,,1,1,1,1.0,1
201400009216,0014-02-16 17:30:00,14,2,16,17,30,780,548,,,,Plein jour,Hors agglomération,Hors intersection,Normale,Deux véhicules - frontale,,,,,,,,,,,1,1,1,1.0,1
201400009217,0014-03-27 17:15:00,14,3,27,17,15,780,590,,,,Plein jour,Hors agglomération,Hors intersection,Normale,Deux véhicules - côté,,,,,,,,,,,1,1,1,1.0,3
201400009218,0014-07-10 11:45:00,14,7,10,11,45,780,160,12 rue porte de paris,,,Plein jour,En agglomération,Hors intersection,Normale,Autre collision,,,,,,,,,,,1,2,1,1.0,6
201400009219,0014-02-09 11:45:00,14,2,9,11,45,780,289,route des aubris,,,Plein jour,En agglomération,Hors intersection,Normale,Autre collision,,,,,,,,,,,1,2,1,1.0,6
201400009220,0014-02-12 09:00:00,14,2,12,9,0,780,443,,,,Plein jour,Hors agglomération,Hors intersection,Normale,Deux véhicules - arrière,,,,,,,,,,,1,1,1,1.0,2
201400009221,0014-03-05 01:00:00,14,3,5,1,0,780,398,,48.766,1.83,Nuit sans éclairage public,Hors agglomération,Hors intersection,Normale,Deux véhicules - frontale,,,,,,,,,,,3,1,1,1.0,1
201400009222,0014-03-31 10:30:00,14,3,31,10,30,780,420,cd 155,48.784,1.814,Plein jour,En agglomération,Giratoire,Normale,Deux véhicules - côté,,,,,,,,,,,1,2,6,1.0,3
201400009223,0014-04-09 09:00:00,14,4,9,9,0,780,576,,48.742,1.887,Plein jour,Hors agglomération,Hors intersection,Normale,Deux véhicules - frontale,,,,,,,,,,,1,1,1,1.0,1
201400009224,0014-08-10 12:15:00,14,8,10,12,15,780,562,,48.743,1.776,Plein jour,Hors agglomération,Hors intersection,Normale,Autre collision,,,,,,,,,,,1,1,1,1.0,6
201400009225,0014-09-06 21:15:00,14,9,6,21,15,780,443,,48.805,1.842,Nuit sans éclairage public,Hors agglomération,Autre intersection,Normale,Autre collision,,,,,,,,,,,3,1,9,1.0,6
201400009226,0014-01-05 08:30:00,14,1,5,8,30,780,321,,,,Plein jour,Hors agglomération,Hors intersection,Normale,Autre collision,,,,,,,,,,,1,1,1,1.0,6
201400009227,0014-03-22 16:00:00,14,3,22,16,0,780,623,,,,Plein jour,Hors agglomération,Hors intersection,Normale,Trois véhicules et plus - en chaîne,,,,,,,,,,,1,1,1,1.0,4
201400009228,0014-04-13 19:30:00,14,4,13,19,30,780,683,rue charles de gaulle,,,Plein jour,En agglomération,Hors intersection,Normale,Autre collision,,,,,,,,,,,1,2,1,1.0,6
201400009229,0014-07-03 08:45:00,14,7,3,8,45,780,321,,,,Plein jour,Hors agglomération,Hors intersection,Normale,Deux véhicules - arrière,,,,,,,,,,,1,1,1,1.0,2
201400009230,0014-02-02 10:00:00,14,2,2,10,0,780,616,,,,Plein jour,Hors agglomération,Hors intersection,Normale,Autre collision,,,,,,,,,,,1,1,1,1.0,6
201400009231,0014-02-26 08:00:00,14,2,26,8,0,780,262,,,,Crépuscule ou aube,Hors agglomération,Hors intersection,Normale,Deux véhicules - arrière,,,,,,,,,,,2,1,1,1.0,2
201400009232,0014-03-03 19:30:00,14,3,3,19,30,780,364,,,,Nuit sans éclairage public,Hors agglomération,Hors intersection,Normale,Deux véhicules - côté,,,,,,,,,,,3,1,1,1.0,3
201400009233,0014-04-30 17:45:00,14,4,30,17,45,780,364,,,,Plein jour,Hors agglomération,Hors intersection,Normale,Deux véhicules - côté,,,,,,,,,,,1,1,1,1.0,3
201400009234,0014-05-24 10:00:00,14,5,24,10,0,780,262,rue de Montfort,,,Plein jour,En agglomération,Hors intersection,Normale,Autre collision,,,,,,,,,,,1,2,1,1.0,6
201400009235,0014-05-29 10:30:00,14,5,29,10,30,780,513,zac les croix / parking,,,Plein jour,En agglomération,Autre intersection,Normale,Autre collision,,,,,,,,,,,1,2,9,1.0,6
201400009236,0014-08-13 10:00:00,14,8,13,10,0,780,62,,,,Plein jour,En agglomération,Hors intersection,Normale,Sans collision,,,,,,,,,,,1,2,1,1.0,7
201400009237,0014-08-26 22:45:00,14,8,26,22,45,780,513,,,,Plein jour,Hors agglomération,Hors intersection,Pluie légère,Autre collision,,,,,,,,,,,1,1,1,2.0,6
201400009238,0014-09-13 16:00:00,14,9,13,16,0,780,265,,,,Plein jour,Hors agglomération,Hors intersection,Normale,Autre collision,,,,,,,,,,,1,1,1,1.0,6
201400009239,0014-09-13 16:00:00,14,9,13,16,0,780,265,,,,Plein jour,Hors agglomération,Hors intersection,Normale,Deux véhicules - frontale,,,,,,,,,,,1,1,1,1.0,1
201400009240,0014-07-02 17:45:00,14,7,2,17,45,780,522,,,,Plein jour,Hors agglomération,Hors intersection,Normale,Autre collision,,,,,,,,,,,1,1,1,1.0,6
201400009241,0014-07-18 17:45:00,14,7,18,17,45,780,601,,,,Plein jour,Hors agglomération,Hors intersection,Normale,Deux véhicules - frontale,,,,,,,,,,,1,1,1,1.0,1
201400009242,0014-08-20 14:30:00,14,8,20,14,30,780,349,Route d?partementale 149,,,Plein jour,En agglomération,Hors intersection,Normale,Autre collision,,,,,,,,,,,1,2,1,1.0,6
201400009243,0014-11-08 10:15:00,14,11,8,10,15,780,537,D?partementale 149 Pk 09,,,Plein jour,En agglomération,Hors intersection,Normale,Sans collision,,,,,,,,,,,1,2,1,1.0,7
201400009244,0014-04-12 12:30:00,14,4,12,12,30,780,466,route des quarante sous,48.932,1.995,Plein jour,En agglomération,Hors intersection,Normale,Deux véhicules - côté,,,,,,,,,,,1,2,1,1.0,3
201400009245,0014-02-07 07:45:00,14,2,7,7,45,910,235,rue de l'essonne,,,Plein jour,En agglomération,Hors intersection,Normale,Autre collision,,,,,,,,,,,1,2,1,1.0,6
201400009246,0014-03-20 17:45:00,14,3,20,17,45,910,235,RN 445,,,Plein jour,En agglomération,Giratoire,Normale,Deux véhicules - côté,,,,,,,,,,,1,2,6,1.0,3
201400009247,0014-09-03 17:45:00,14,9,3,17,45,910,235,RD 445,,,Plein jour,En agglomération,Hors intersection,Normale,Autre collision,,,,,,,,,,,1,2,1,1.0,6
201400009248,0014-10-25 16:00:00,14,10,25,16,0,910,235,Av du hurepoix,48.625,2.351,Plein jour,En agglomération,Hors intersection,Normale,Deux véhicules - côté,,,,,,,,,,,1,2,1,1.0,3
201400009249,0014-10-26 18:45:00,14,10,26,18,45,910,235,RD 445,48.635,2.357,Nuit sans éclairage public,Hors agglomération,Hors intersection,Normale,Deux véhicules - arrière,,,,,,,,,,,3,1,1,1.0,2
201400009250,0014-04-09 14:30:00,14,4,9,14,30,910,386,avenue des porcelaines,,,Plein jour,En agglomération,Hors intersection,Normale,Deux véhicules - frontale,,,,,,,,,,,1,2,1,1.0,1
201400009251,0014-06-05 18:00:00,14,6,5,18,0,910,179,D 948,,,Plein jour,Hors agglomération,Hors intersection,Temps éblouissant,Deux véhicules - côté,,,,,,,,,,,1,1,1,7.0,3
201400009252,0014-06-13 19:15:00,14,6,13,19,15,910,386,BVD CHARLES DE GAULLE,,,Plein jour,En agglomération,Hors intersection,Normale,Sans collision,,,,,,,,,,,1,2,1,1.0,7
201400009253,0014-09-11 21:30:00,14,9,11,21,30,910,179,Route de Milly,,,Nuit avec éclairage allumé,En agglomération,Intersection en T,Normale,Deux véhicules - côté,,,,,,,,,,,5,2,3,1.0,3
201400009254,0014-11-21 16:45:00,14,11,21,16,45,910,179,Chemin justice /N7,,,Plein jour,Hors agglomération,Hors intersection,Normale,Deux véhicules - arrière,,,,,,,,,,,1,1,1,1.0,2
201400009255,0014-11-26 09:30:00,14,11,26,9,30,910,468,RD191,48.577,2.47,Plein jour,En agglomération,Hors intersection,Pluie légère,Autre collision,,,,,,,,,,,1,2,1,2.0,6
201400009256,0014-01-05 16:15:00,14,1,5,16,15,910,405,D837,,,Plein jour,Hors agglomération,Hors intersection,Normale,Deux véhicules - côté,,,,,,,,,,,1,1,1,1.0,3
201400009257,0014-01-28 16:45:00,14,1,28,16,45,910,408,D948,,,Plein jour,Hors agglomération,Hors intersection,Normale,Deux véhicules - frontale,,,,,,,,,,,1,1,1,1.0,1
201400009258,0014-03-11 15:45:00,14,3,11,15,45,910,405,D1,,,Plein jour,Hors agglomération,Hors intersection,Normale,Deux véhicules - arrière,,,,,,,,,,,1,1,1,1.0,2
201400009259,0014-03-14 18:45:00,14,3,14,18,45,910,359,rue de l'espérance,48.39,2.379,Plein jour,En agglomération,Hors intersection,Normale,Autre collision,,,,,,,,,,,1,2,1,1.0,6
201400009260,0014-06-05 22:30:00,14,6,5,22,30,910,405,Rue Jean Cocteau,,,Nuit avec éclairage allumé,En agglomération,Hors intersection,Normale,Deux véhicules - frontale,,,,,,,,,,,5,2,1,1.0,1
201400009261,0014-06-12 16:15:00,14,6,12,16,15,910,180,D372,48.44,2.475,Plein jour,Hors agglomération,Hors intersection,Normale,Deux véhicules - frontale,,,,,,,,,,,1,1,1,1.0,1
201400009262,0014-08-03 15:00:00,14,8,3,15,0,910,180,D372,48.446,2.483,Plein jour,Hors agglomération,Hors intersection,Normale,Deux véhicules - côté,,,,,,,,,,,1,1,1,1.0,3
201400009263,0014-08-10 10:45:00,14,8,10,10,45,910,195,D948,,,Plein jour,Hors agglomération,Hors intersection,Normale,Deux véhicules - frontale,,,,,,,,,,,1,1,1,1.0,1
201400009264,0014-11-19 08:15:00,14,11,19,8,15,910,69,RD 449,,,Plein jour,Hors agglomération,Hors intersection,Normale,Deux véhicules - frontale,,,,,,,,,,,1,1,1,1.0,1
201400009265,0014-01-09 18:30:00,14,1,9,18,30,910,175,Forêt domaniale C3,,,Nuit sans éclairage public,Hors agglomération,Hors intersection,Temps couvert,Autre collision,,,,,,,,,,,3,1,1,8.0,6
201400009266,0014-04-05 20:00:00,14,4,5,20,0,910,200,av du 14 juillet 1789,48.525,2.023,Plein jour,En agglomération,Hors intersection,Normale,Deux véhicules - côté,,,,,,,,,,,1,2,1,1.0,3
201400009267,0014-04-08 16:00:00,14,4,8,16,0,910,200,rue Pierre CECCALDI,48.532,2.012,Plein jour,En agglomération,Hors intersection,Normale,Deux véhicules - côté,,,,,,,,,,,1,2,1,1.0,3
201400009268,0014-07-05 11:45:00,14,7,5,11,45,910,98,RD 191,48.46,2.072,Plein jour,Hors agglomération,Hors intersection,Normale,Deux véhicules - frontale,,,,,,,,,,,1,1,1,1.0,1
201400009269,0014-11-17 10:30:00,14,11,17,10,30,910,393,RD 21,,,Plein jour,Hors agglomération,Hors intersection,Temps couvert,Sans collision,,,,,,,,,,,1,1,1,8.0,7
201400009270,0014-12-05 18:30:00,14,12,5,18,30,910,200,place du chariot,,,Plein jour,En agglomération,Place,Temps couvert,Autre collision,,,,,,,,,,,1,2,7,8.0,6
201400009271,0014-12-08 12:30:00,14,12,8,12,30,910,200,D836,48.545,1.997,Plein jour,Hors agglomération,Hors intersection,Pluie légère,Autre collision,,,,,,,,,,,1,1,1,2.0,6
201400009272,0014-12-18 09:00:00,14,12,18,9,0,910,200,D116,,,Plein jour,Hors agglomération,Giratoire,Normale,Sans collision,,,,,,,,,,,1,1,6,1.0,7
201400009273,0014-05-26 11:15:00,14,5,26,11,15,910,226,Face au 60 ter Grande Ru,,,Plein jour,En agglomération,Hors intersection,Pluie légère,Autre collision,,,,,,,,,,,1,2,1,2.0,6
201400009274,0014-06-16 19:15:00,14,6,16,19,15,910,671,D191,48.466,2.267,Crépuscule ou aube,Hors agglomération,Hors intersection,Normale,Autre collision,,,,,,,,,,,2,1,1,1.0,6
201400009275,0014-06-14 18:00:00,14,6,14,18,0,910,226,Route de Saint Fiacre,,,Plein jour,En agglomération,Hors intersection,Temps éblouissant,Deux véhicules - côté,,,,,,,,,,,1,2,1,7.0,3
201400009276,0014-07-04 13:45:00,14,7,4,13,45,910,132,RN 20,48.522,2.204,Plein jour,Hors agglomération,Hors intersection,Temps couvert,Autre collision,,,,,,,,,,,1,1,1,8.0,6
201400009277,0014-10-19 11:30:00,14,10,19,11,30,910,95,RD 99,48.52,2.289,Plein jour,Hors agglomération,Hors intersection,Normale,Deux véhicules - côté,,,,,,,,,,,1,1,1,1.0,3
201400009278,0014-12-20 17:30:00,14,12,20,17,30,910,226,Avenue d'Orleans,,,Nuit avec éclairage allumé,En agglomération,Hors intersection,Pluie légère,Autre collision,,,,,,,,,,,5,2,1,2.0,6
201400009279,0014-04-20 18:00:00,14,4,20,18,0,910,473,D145,,,Plein jour,Hors agglomération,Hors intersection,Normale,Autre collision,,,,,,,,,,,1,1,1,1.0,6
201400009280,0014-06-18 15:45:00,14,6,18,15,45,910,129,D191,48.479,2.304,Plein jour,Hors agglomération,Hors intersection,Normale,Deux véhicules - arrière,,,,,,,,,,,1,1,1,1.0,2
201400009281,0014-07-13 15:15:00,14,7,13,15,15,910,100,intersection RD837/RD145,48.43,2.284,Plein jour,Hors agglomération,Intersection en T,Pluie forte,Deux véhicules - côté,,,,,,,,,,,1,1,3,3.0,3
201400009282,0014-07-23 17:45:00,14,7,23,17,45,910,294,RD108,,,Plein jour,Hors agglomération,Hors intersection,Temps couvert,Deux véhicules - frontale,,,,,,,,,,,1,1,1,8.0,1
201400009283,0014-05-03 00:01:00,14,5,3,0,1,910,568,RD 27,,,Nuit avec éclairage allumé,En agglomération,Intersection en X,Normale,Deux véhicules - frontale,,,,,,,,,,,5,2,2,1.0,1
201400009284,0014-08-02 10:30:00,14,8,2,10,30,910,546,CD838/CD27,48.571,2.031,Plein jour,En agglomération,Intersection en X,Normale,Deux véhicules - côté,,,,,,,,,,,1,2,2,1.0,3
201400009285,0014-08-09 13:00:00,14,8,9,13,0,910,81,D82,,,Plein jour,Hors agglomération,Hors intersection,Normale,Sans collision,,,,,,,,,,,1,1,1,1.0,7
201400009286,0014-09-13 08:00:00,14,9,13,8,0,910,661,,48.692,2.2,Plein jour,Hors agglomération,Hors intersection,Normale,Autre collision,,,,,,,,,,,1,1,1,1.0,6
201400009287,0014-12-02 18:30:00,14,12,2,18,30,910,661,RUE DE PALAISEAU,,,Nuit avec éclairage allumé,En agglomération,Hors intersection,Pluie légère,Autre collision,,,,,,,,,,,5,2,1,2.0,6
201400009288,0014-02-17 18:15:00,14,2,17,18,15,910,115,rue de l'abreuvoir,,,Plein jour,En agglomération,Hors intersection,Normale,Autre collision,,,,,,,,,,,1,2,1,1.0,6
201400009289,0014-03-20 07:30:00,14,3,20,7,30,910,461,D97,,,Plein jour,En agglomération,Giratoire,Normale,Deux véhicules - côté,,,,,,,,,,,1,2,6,1.0,3
201400009290,0014-04-10 00:15:00,14,4,10,0,15,910,461,route de baillot,48.598,2.217,Nuit sans éclairage public,Hors agglomération,Hors intersection,Normale,Trois véhicules et plus - en chaîne,,,,,,,,,,,3,1,1,1.0,4
201400009291,0014-08-01 17:45:00,14,8,1,17,45,910,207,RN20,48.58,2.235,Plein jour,Hors agglomération,Hors intersection,Normale,Deux véhicules - arrière,,,,,,,,,,,1,1,1,1.0,2
201400009292,0014-10-03 18:45:00,14,10,3,18,45,910,41,route de la Ferté Alais,48.571,2.262,Plein jour,Hors agglomération,Hors intersection,Normale,Deux véhicules - arrière,,,,,,,,,,,1,1,1,1.0,2
201400009293,0014-12-18 18:15:00,14,12,18,18,15,910,156,route de Lardy,48.552,2.278,Nuit avec éclairage allumé,Hors agglomération,Hors intersection,Normale,Deux véhicules - arrière,,,,,,,,,,,5,1,1,1.0,2
201400009294,0014-01-21 07:15:00,14,1,21,7,15,910,332,D26,,,Crépuscule ou aube,Hors agglomération,Hors intersection,Normale,Deux véhicules - frontale,,,,,,,,,,,2,1,1,1.0,1
201400009295,0014-04-07 15:00:00,14,4,7,15,0,910,579,carrefour giratoire CD8,,,Plein jour,En agglomération,Giratoire,Normale,Deux véhicules - frontale,,,,,,,,,,,1,2,6,1.0,1
201400009296,0014-11-10 07:15:00,14,11,10,7,15,910,579,chemin vicinal n°1,,,Crépuscule ou aube,Hors agglomération,Hors intersection,Brouillard / fumée,Deux véhicules - frontale,,,,,,,,,,,2,1,1,5.0,1
201400009297,0014-01-16 18:15:00,14,1,16,18,15,910,338,D838,,,Nuit sans éclairage public,Hors agglomération,Hors intersection,Pluie légère,Autre collision,,,,,,,,,,,3,1,1,2.0,6
201400009298,0014-01-21 07:30:00,14,1,21,7,30,910,338,D838,,,Nuit sans éclairage public,Hors agglomération,Intersection en X,Pluie légère,Deux véhicules - côté,,,,,,,,,,,3,1,2,2.0,3
201400009299,0014-01-23 08:15:00,14,1,23,8,15,910,411,D838,48.688,2.068,Crépuscule ou aube,Hors agglomération,Hors intersection,Temps couvert,Trois véhicules et plus - collisions multiples,,,,,,,,,,,2,1,1,8.0,5
201400009300,0014-02-04 09:30:00,14,2,4,9,30,910,111,D131,,,Plein jour,Hors agglomération,Giratoire,Pluie légère,Autre collision,,,,,,,,,,,1,1,6,2.0,6
201400009301,0014-02-23 00:45:00,14,2,23,0,45,910,243,D3,48.624,2.166,Nuit sans éclairage public,Hors agglomération,Hors intersection,Pluie légère,Autre collision,,,,,,,,,,,3,1,1,2.0,6
201400009302,0014-04-24 20:45:00,14,4,24,20,45,910,411,D838,48.687,2.06999,Plein jour,Hors agglomération,Hors intersection,Normale,Sans collision,,,,,,,,,,,1,1,1,1.0,7
201400009303,0014-05-02 08:30:00,14,5,2,8,30,910,111,D24,48.644,2.122,Plein jour,Hors agglomération,Giratoire,Pluie légère,Autre collision,,,,,,,,,,,1,1,6,2.0,6
201400009304,0014-07-10 09:45:00,14,7,10,9,45,910,243,intersection CD 97/ CD3,,,Plein jour,En agglomération,Intersection en X,Pluie légère,Deux véhicules - frontale,,,,,,,,,,,1,2,2,2.0,1
201400009305,0014-09-18 15:15:00,14,9,18,15,15,910,243,rue de la Roche Turpin,48.621,2.169,Plein jour,Hors agglomération,Hors intersection,Normale,Deux véhicules - arrière,,,,,,,,,,,1,1,1,1.0,2
201400009306,0014-10-04 15:30:00,14,10,4,15,30,910,319,RD40,,,Plein jour,Hors agglomération,Hors intersection,Normale,Trois véhicules et plus - collisions multiples,,,,,,,,,,,1,1,1,1.0,5
201400009307,0014-10-06 18:00:00,14,10,6,18,0,910,249,rue du Général Leclerc,,,Crépuscule ou aube,Hors agglomération,Intersection en T,Pluie légère,Deux véhicules - côté,,,,,,,,,,,2,1,3,2.0,3
201400009308,0014-10-19 10:00:00,14,10,19,10,0,910,93,rue du tartelet,,,Plein jour,En agglomération,Intersection en X,Normale,Deux véhicules - côté,,,,,,,,,,,1,2,2,1.0,3
201400009309,0014-12-12 17:30:00,14,12,12,17,30,910,243,D3,,,Nuit sans éclairage public,Hors agglomération,Intersection en T,Pluie légère,Deux véhicules - côté,,,,,,,,,,,3,1,3,2.0,3
201400009310,0014-12-15 09:00:00,14,12,15,9,0,910,338,D24,,,Plein jour,Hors agglomération,Hors intersection,Temps couvert,Sans collision,,,,,,,,,,,1,1,1,8.0,7
201400009311,0014-12-30 07:30:00,14,12,30,7,30,910,338,RD988,48.659,2.07799,Nuit sans éclairage public,Hors agglomération,Hors intersection,Neige / grêle,Deux véhicules - arrière,,,,,,,,,,,3,1,1,4.0,2
201400009312,0014-05-20 07:00:00,14,5,20,7,0,910,44,RPT VERONIQUE D186,,,Plein jour,Hors agglomération,Giratoire,Normale,Trois véhicules et plus - collisions multiples,,,,,,,,,,,1,1,6,1.0,5
201400009313,0014-07-27 20:00:00,14,7,27,20,0,910,587,RN 20,,,Plein jour,Hors agglomération,Hors intersection,Normale,Deux véhicules - arrière,,,,,,,,,,,1,1,1,1.0,2
201400009314,0014-08-27 17:45:00,14,8,27,17,45,910,44,N20,,,Plein jour,Hors agglomération,Hors intersection,Normale,Deux véhicules - arrière,,,,,,,,,,,1,1,1,1.0,2
201400009315,0014-10-18 15:45:00,14,10,18,15,45,910,44,RN20,,,Plein jour,Hors agglomération,Hors intersection,Normale,Deux véhicules - frontale,,,,,,,,,,,1,1,1,1.0,1
201400009316,0014-12-12 17:45:00,14,12,12,17,45,910,136,N20,,,Nuit sans éclairage public,Hors agglomération,Hors intersection,Pluie légère,Deux véhicules - côté,,,,,,,,,,,3,1,1,2.0,3
201400009317,0014-12-18 07:45:00,14,12,18,7,45,910,136,10 route de versailles,,,Nuit avec éclairage allumé,En agglomération,Hors intersection,Normale,Autre collision,,,,,,,,,,,5,2,1,1.0,6
201400009318,0014-02-23 16:45:00,14,2,23,16,45,910,635,D36,48.734,2.179,Plein jour,Hors agglomération,Hors intersection,Normale,Deux véhicules - côté,,,,,,,,,,,1,1,1,1.0,3
201400009319,0014-03-25 16:45:00,14,3,25,16,45,910,534,N118,48.744,2.186,Plein jour,Hors agglomération,Hors intersection,Pluie légère,Deux véhicules - arrière,,,,,,,,,,,1,1,1,2.0,2
201400009320,0014-08-09 17:30:00,14,8,9,17,30,910,477,D36,,,Plein jour,Hors agglomération,Giratoire,Normale,Deux véhicules - frontale,,,,,,,,,,,1,1,6,1.0,1
201400009321,0014-11-13 01:45:00,14,11,13,1,45,910,534,RD 36,48.735,2.149,Nuit avec éclairage allumé,Hors agglomération,Hors intersection,Normale,Sans collision,,,,,,,,,,,5,1,1,1.0,7
201400009322,0014-01-15 06:30:00,14,1,15,6,30,910,679,,,,Nuit sans éclairage public,Hors agglomération,Hors intersection,Pluie légère,Deux véhicules - arrière,,,,,,,,,,,3,1,1,2.0,2
201400009323,0014-01-18 14:45:00,14,1,18,14,45,910,272,123 AVENEU DU G LECLERC,48.709,2.118,Plein jour,En agglomération,Hors intersection,Normale,Trois véhicules et plus - en chaîne,,,,,,,,,,,1,2,1,1.0,4
201400009324,0014-02-01 19:15:00,14,2,1,19,15,910,679,Rue du Billehou,,,Nuit avec éclairage allumé,Hors agglomération,Hors intersection,Normale,Deux véhicules - frontale,,,,,,,,,,,5,1,1,1.0,1
201400009325,0014-02-05 07:45:00,14,2,5,7,45,910,274,D40,48.677,2.113,Crépuscule ou aube,Hors agglomération,Hors intersection,Normale,Sans collision,,,,,,,,,,,2,1,1,1.0,7
201400009326,0014-02-06 19:30:00,14,2,6,19,30,910,272,av. du général leclerc,,,Nuit avec éclairage allumé,En agglomération,Hors intersection,Normale,Deux véhicules - côté,,,,,,,,,,,5,2,1,1.0,3
201400009327,0014-02-12 08:45:00,14,2,12,8,45,910,274,D131,,,Plein jour,Hors agglomération,Hors intersection,Normale,Sans collision,,,,,,,,,,,1,1,1,1.0,7
201400009328,0014-02-24 20:30:00,14,2,24,20,30,910,272,rue Juliette adam,48.706,2.124,Nuit sans éclairage public,En agglomération,Hors intersection,Normale,Deux véhicules - côté,,,,,,,,,,,3,2,1,1.0,3