accident_id,datetime,annee,mois,jour,heure,minute,departement,commune_insee,adresse,latitude,longitude,luminosite,agglomeration,intersection,meteo,collision,nb_vehicules,nb_usagers,nb_indemnes,nb_tues,nb_blesses_hosp,nb_blesses_legers,age_cond_1,age_cond_2,veh_type_cond_1,veh_type_cond_2,lum_code,agg_code,int_code,atm_code,col_code
201400009329,0014-05-15 20:00:00,14,5,15,20,0,910,275,D35,,,Plein jour,Hors agglomération,Giratoire,Normale,Autre collision,,,,,,,,,,,1,1,6,1.0,6
201400009330,0014-05-27 10:00:00,14,5,27,10,0,910,275,D35,,,Plein jour,Hors agglomération,Giratoire,Normale,Sans collision,,,,,,,,,,,1,1,6,1.0,7
201400009331,0014-11-04 08:15:00,14,11,4,8,15,910,272,RD 306,,,Plein jour,Hors agglomération,Hors intersection,Normale,Deux véhicules - frontale,,,,,,,,,,,1,1,1,1.0,1
201400009332,0014-11-12 05:45:00,14,11,12,5,45,910,679,RD 36,48.736,2.111,Nuit sans éclairage public,Hors agglomération,Hors intersection,Autre,Deux véhicules - arrière,,,,,,,,,,,3,1,1,9.0,2
201400009333,0014-12-11 18:00:00,14,12,11,18,0,910,635,D36,,,Nuit sans éclairage public,Hors agglomération,Hors intersection,Pluie légère,Autre collision,,,,,,,,,,,3,1,1,2.0,6
201400009334,0014-12-27 08:30:00,14,12,27,8,30,910,679,RD95,,,Nuit sans éclairage public,Hors agglomération,Hors intersection,Normale,Autre collision,,,,,,,,,,,3,1,1,1.0,6
201400009335,0014-08-29 03:45:00,14,8,29,3,45,950,157,RD 100,49.0839,1.6968,Nuit sans éclairage public,Hors agglomération,Hors intersection,Normale,Autre collision,,,,,,,,,,,3,1,1,1.0,6
201400009336,0014-01-31 13:00:00,14,1,31,13,0,950,287,R DU BOIS QUERY,49.1367,2.0459,Plein jour,Hors agglomération,Hors intersection,Normale,Autre collision,,,,,,,,,,,1,1,1,1.0,6
201400009337,0014-05-10 06:15:00,14,5,10,6,15,950,271,R SAINT MELLON,49.1039,2.05629,Crépuscule ou aube,En agglomération,Hors intersection,Normale,Autre collision,,,,,,,,,,,2,2,1,1.0,6
201400009338,0014-06-12 20:00:00,14,6,12,20,0,950,308,CHEMIN DE PONTOISE,49.1066,2.1332,Plein jour,Hors agglomération,Hors intersection,Normale,Deux véhicules - côté,,,,,,,,,,,1,1,1,1.0,3
201400009339,0014-07-01 08:30:00,14,7,1,8,30,950,211,RTE DE GENICOURT,49.0835,2.0867,Plein jour,Hors agglomération,Hors intersection,Normale,Deux véhicules - frontale,,,,,,,,,,,1,1,1,1.0,1
201400009340,0014-08-28 06:45:00,14,8,28,6,45,950,627,R DE PONTOISE,49.1395,2.1182,Crépuscule ou aube,Hors agglomération,Hors intersection,Normale,Deux véhicules - frontale,,,,,,,,,,,2,1,1,1.0,1
201400009341,0014-04-09 14:15:00,14,4,9,14,15,950,2,RD 14,49.0694,1.9609,Plein jour,Hors agglomération,Hors intersection,Normale,Trois véhicules et plus - collisions multiples,,,,,,,,,,,1,1,1,1.0,5
201400009342,0014-06-14 14:15:00,14,6,14,14,15,950,535,RD 28,49.0652,1.9612,Plein jour,Hors agglomération,Hors intersection,Normale,Autre collision,,,,,,,,,,,1,1,1,1.0,6
201400009343,0014-06-27 16:45:00,14,6,27,16,45,950,348,RD 169,49.0683,1.9211,Plein jour,Hors agglomération,Hors intersection,Pluie légère,Deux véhicules - frontale,,,,,,,,,,,1,1,1,2.0,1
201400009344,0014-11-10 07:15:00,14,11,10,7,15,950,166,RD 14,49.1227,1.8551,Nuit sans éclairage public,Hors agglomération,Hors intersection,Normale,Trois véhicules et plus - en chaîne,,,,,,,,,,,3,1,1,1.0,4
201400009345,0014-01-05 18:30:00,14,1,5,18,30,950,199,RD 909,49.0261,2.3112,Nuit sans éclairage public,Hors agglomération,Intersection en T,Normale,Deux véhicules - frontale,,,,,,,,,,,3,1,3,1.0,1
201400009346,0014-05-19 13:00:00,14,5,19,13,0,950,199,RTE DE MONTMORENCY,49.0154,2.3127,Plein jour,Hors agglomération,Hors intersection,Normale,Deux véhicules - frontale,,,,,,,,,,,1,1,1,1.0,1
201400009347,0014-08-29 02:30:00,14,8,29,2,30,950,409,RD 909,49.0448,2.3259,Nuit avec éclairage allumé,En agglomération,Hors intersection,Normale,Autre collision,,,,,,,,,,,5,2,1,1.0,6
201400009348,0014-11-08 10:15:00,14,11,8,10,15,950,199,AV DU LYCEE,49.0281,2.3393,Plein jour,En agglomération,Giratoire,Normale,Autre collision,,,,,,,,,,,1,2,6,1.0,6
201400009349,0014-12-03 20:00:00,14,12,3,20,0,950,199,R DE LA REPUBLIQUE,49.0251,2.3243,Nuit avec éclairage allumé,En agglomération,Hors intersection,Pluie légère,Autre collision,,,,,,,,,,,5,2,1,2.0,6
201400009350,0014-06-09 18:00:00,14,6,9,18,0,950,365,RD 316,49.0718,2.4073,Plein jour,Hors agglomération,Hors intersection,Pluie légère,Deux véhicules - côté,,,,,,,,,,,1,1,1,2.0,3
201400009351,0014-08-10 15:45:00,14,8,10,15,45,950,205,R DE LA LIBERATION,49.0235,2.3727,Plein jour,En agglomération,Hors intersection,Temps couvert,Deux véhicules - frontale,,,,,,,,,,,1,2,1,8.0,1
201400009352,0014-12-03 00:01:00,14,12,3,0,1,950,675,RD 317,49.0715,2.5285,Nuit sans éclairage public,Hors agglomération,Hors intersection,Pluie légère,Autre collision,,,,,,,,,,,3,1,1,2.0,6
201400009353,0014-05-26 16:15:00,14,5,26,16,15,770,153,,49.05,2.717,Plein jour,Hors agglomération,Autre intersection,Normale,Deux véhicules - côté,,,,,,,,,,,1,1,9,1.0,3
201400009354,0014-01-03 17:30:00,14,1,3,17,30,770,127,,48.40434,2.4256,Crépuscule ou aube,Hors agglomération,Hors intersection,Normale,Deux véhicules - frontale,,,,,,,,,,,2,1,1,1.0,1
201400009355,0014-07-15 07:45:00,14,7,15,7,45,770,457,,48.676,2.697,Plein jour,Hors agglomération,Intersection en X,Normale,Deux véhicules - frontale,,,,,,,,,,,1,1,2,1.0,1
201400009356,0014-02-23 17:15:00,14,2,23,17,15,770,100,,48.492,2.792,Plein jour,Hors agglomération,Hors intersection,Normale,Autre collision,,,,,,,,,,,1,1,1,1.0,6
201400009357,0014-05-08 18:15:00,14,5,8,18,15,770,103,,,,Plein jour,Hors agglomération,Hors intersection,Pluie légère,Deux véhicules - frontale,,,,,,,,,,,1,1,1,2.0,1
201400009358,0014-02-03 15:30:00,14,2,3,15,30,770,145,,48.596,2.726,Plein jour,Hors agglomération,Hors intersection,Temps éblouissant,Deux véhicules - frontale,,,,,,,,,,,1,1,1,7.0,1
201400009359,0014-01-30 13:30:00,14,1,30,13,30,770,222,rue de servolles,48.64,2.796,Plein jour,En agglomération,Hors intersection,Normale,Autre collision,,,,,,,,,,,1,2,1,1.0,6
201400009360,0014-04-22 09:00:00,14,4,22,9,0,770,107,,,,Plein jour,Hors agglomération,Hors intersection,Normale,Autre collision,,,,,,,,,,,1,1,1,1.0,6
201400009361,0014-06-12 07:45:00,14,6,12,7,45,770,222,place denis cadas,48.664,2.754,Plein jour,En agglomération,Intersection en X,Normale,Deux véhicules - côté,,,,,,,,,,,1,2,2,1.0,3
201400009362,0014-06-27 16:45:00,14,6,27,16,45,770,145,,,,Plein jour,Hors agglomération,Hors intersection,Normale,Deux véhicules - frontale,,,,,,,,,,,1,1,1,1.0,1
201400009363,0014-07-05 07:15:00,14,7,5,7,15,770,107,,,,Crépuscule ou aube,Hors agglomération,Hors intersection,Pluie légère,Trois véhicules et plus - collisions multiples,,,,,,,,,,,2,1,1,2.0,5
201400009364,0014-11-16 18:00:00,14,11,16,18,0,770,493,,,,Nuit sans éclairage public,Hors agglomération,Hors intersection,Pluie légère,Trois véhicules et plus - collisions multiples,,,,,,,,,,,3,1,1,2.0,5
201400009365,0014-11-21 18:30:00,14,11,21,18,30,770,145,,,,Nuit sans éclairage public,Hors agglomération,Hors intersection,Normale,Deux véhicules - frontale,,,,,,,,,,,3,1,1,1.0,1
201400009366,0014-11-23 20:45:00,14,11,23,20,45,770,145,,,,Nuit sans éclairage public,Hors agglomération,Intersection en X,Normale,Trois véhicules et plus - collisions multiples,,,,,,,,,,,3,1,2,1.0,5
201400009367,0014-11-24 22:45:00,14,11,24,22,45,770,534,,,,Nuit sans éclairage public,Hors agglomération,Hors intersection,Normale,Autre collision,,,,,,,,,,,3,1,1,1.0,6
201400009368,0014-11-29 17:45:00,14,11,29,17,45,770,107,,,,Nuit sans éclairage public,Hors agglomération,Hors intersection,Normale,Deux véhicules - frontale,,,,,,,,,,,3,1,1,1.0,1
201400009369,0014-12-30 14:15:00,14,12,30,14,15,770,107,,48.39386,2.48318,Plein jour,Hors agglomération,Hors intersection,Pluie légère,Trois véhicules et plus - collisions multiples,,,,,,,,,,,1,1,1,2.0,5
201400009370,0014-02-04 07:15:00,14,2,4,7,15,770,86,,48.556,2.912,Crépuscule ou aube,Hors agglomération,Hors intersection,Normale,Deux véhicules - frontale,,,,,,,,,,,2,1,1,1.0,1
201400009371,0014-05-06 11:30:00,14,5,6,11,30,770,222,,48.648,2.735,Plein jour,Hors agglomération,Hors intersection,Normale,Deux véhicules - côté,,,,,,,,,,,1,1,1,1.0,3
201400009372,0014-10-13 15:00:00,14,10,13,15,0,770,86,,48.913,2.46,Plein jour,Hors agglomération,Giratoire,Normale,Deux véhicules - arrière,,,,,,,,,,,1,1,6,1.0,2
201400009373,0014-12-07 05:15:00,14,12,7,5,15,770,211,,48.586,2.855,Nuit sans éclairage public,Hors agglomération,Hors intersection,Brouillard / fumée,Autre collision,,,,,,,,,,,3,1,1,5.0,6
201400009374,0014-12-21 18:15:00,14,12,21,18,15,770,428,,48.923,2.533,Crépuscule ou aube,Hors agglomération,Hors intersection,Normale,Trois véhicules et plus - collisions multiples,,,,,,,,,,,2,1,1,1.0,5
201400009375,0014-03-09 16:15:00,14,3,9,16,15,770,177,,,,Plein jour,Hors agglomération,Intersection en X,Normale,Trois véhicules et plus - collisions multiples,,,,,,,,,,,1,1,2,1.0,5
201400009376,0014-03-21 15:45:00,14,3,21,15,45,770,104,,,,Plein jour,Hors agglomération,Intersection en X,Normale,Sans collision,,,,,,,,,,,1,1,2,1.0,7
201400009377,0014-12-09 12:45:00,14,12,9,12,45,770,104,,,,Plein jour,Hors agglomération,Hors intersection,Normale,Trois véhicules et plus - collisions multiples,,,,,,,,,,,1,1,1,1.0,5
201400009378,0014-12-13 21:15:00,14,12,13,21,15,770,104,,48.43298,2.49314,Nuit sans éclairage public,Hors agglomération,Hors intersection,Pluie légère,Deux véhicules - frontale,,,,,,,,,,,3,1,1,2.0,1
201400009379,0014-01-27 05:45:00,14,1,27,5,45,770,128,,48.52027,2.52332,Nuit sans éclairage public,Hors agglomération,Hors intersection,Pluie légère,Deux véhicules - frontale,,,,,,,,,,,3,1,1,2.0,1
201400009380,0014-02-12 08:30:00,14,2,12,8,30,770,142,rue de Bouleurs,,,Plein jour,En agglomération,Intersection en X,Temps couvert,Deux véhicules - côté,,,,,,,,,,,1,2,2,8.0,3
201400009381,0014-04-07 19:15:00,14,4,7,19,15,770,142,Rue du march?,48.863,2.9,Plein jour,En agglomération,Hors intersection,Normale,Autre collision,,,,,,,,,,,1,2,1,1.0,6
201400009382,0014-04-09 09:45:00,14,4,9,9,45,770,130,,,,Plein jour,Hors agglomération,Hors intersection,Normale,Sans collision,,,,,,,,,,,1,1,1,1.0,7
201400009383,0014-05-13 19:00:00,14,5,13,19,0,770,128,RUE ALFONSE BOULINGRE,,,Plein jour,En agglomération,Hors intersection,Normale,Deux véhicules - côté,,,,,,,,,,,1,2,1,1.0,3
201400009384,0014-09-27 13:00:00,14,9,27,13,0,770,529,Rue de Saint Martin,,,Plein jour,En agglomération,Hors intersection,Normale,Deux véhicules - côté,,,,,,,,,,,1,2,1,1.0,3
201400009385,0014-11-13 19:00:00,14,11,13,19,0,770,529,,,,Nuit sans éclairage public,Hors agglomération,Hors intersection,Pluie légère,Deux véhicules - côté,,,,,,,,,,,3,1,1,2.0,3
201400009386,0014-11-29 12:45:00,14,11,29,12,45,770,142,38 rue nationale,,,Plein jour,En agglomération,Passage à niveau,Normale,Autre collision,,,,,,,,,,,1,2,8,1.0,6
201400009387,0014-01-30 08:45:00,14,1,30,8,45,770,228,,48.54432,3.18306,Crépuscule ou aube,Hors agglomération,Hors intersection,Pluie légère,Autre collision,,,,,,,,,,,2,1,1,2.0,6
201400009388,0014-03-28 08:30:00,14,3,28,8,30,770,182,,48.46434,3.18171,Plein jour,Hors agglomération,Hors intersection,Normale,Deux véhicules - arrière,,,,,,,,,,,1,1,1,1.0,2
201400009389,0014-04-16 18:15:00,14,4,16,18,15,770,406,,48.851,3.208,Plein jour,Hors agglomération,Hors intersection,Normale,Deux véhicules - côté,,,,,,,,,,,1,1,1,1.0,3
201400009390,0014-04-22 15:30:00,14,4,22,15,30,770,512,5 rue du prsbyt?re,,,Plein jour,En agglomération,Hors intersection,Normale,Autre collision,,,,,,,,,,,1,2,1,1.0,6
201400009391,0014-06-15 16:30:00,14,6,15,16,30,770,116,,48.793,3.206,Plein jour,Hors agglomération,Hors intersection,Normale,Deux véhicules - arrière,,,,,,,,,,,1,1,1,1.0,2
201400009392,0014-06-22 13:00:00,14,6,22,13,0,770,417,,48.845,3.251,Plein jour,Hors agglomération,Hors intersection,Temps éblouissant,Deux véhicules - côté,,,,,,,,,,,1,1,1,7.0,3
201400009393,0014-08-29 10:00:00,14,8,29,10,0,770,406,CD61,48.836,3.204,Plein jour,En agglomération,Hors intersection,Normale,Deux véhicules - frontale,,,,,,,,,,,1,2,1,1.0,1
201400009394,0014-09-13 15:00:00,14,9,13,15,0,770,97,,48.763,3.227,Plein jour,Hors agglomération,Hors intersection,Normale,Deux véhicules - frontale,,,,,,,,,,,1,1,1,1.0,1
201400009395,0014-10-01 14:30:00,14,10,1,14,30,770,398,,48.881,3.293,Plein jour,Hors agglomération,Intersection en X,Normale,Deux véhicules - frontale,,,,,,,,,,,1,1,2,1.0,1
201400009396,0014-10-03 11:30:00,14,10,3,11,30,770,116,,48.793,3.198,Plein jour,Hors agglomération,Hors intersection,Normale,Deux véhicules - côté,,,,,,,,,,,1,1,1,1.0,3
201400009397,0014-10-21 11:45:00,14,10,21,11,45,770,116,,48.793,3.21,Plein jour,Hors agglomération,Hors intersection,Normale,Deux véhicules - arrière,,,,,,,,,,,1,1,1,1.0,2
201400009398,0014-12-20 13:30:00,14,12,20,13,30,770,405,,48.912,3.151,Plein jour,Hors agglomération,Hors intersection,Normale,Autre collision,,,,,,,,,,,1,1,1,1.0,6
201400009399,0014-12-22 14:30:00,14,12,22,14,30,770,421,,48.735,3.292,Plein jour,Hors agglomération,Hors intersection,Normale,Sans collision,,,,,,,,,,,1,1,1,1.0,7
201400009400,0014-01-17 08:15:00,14,1,17,8,15,770,183,rue de cond?,,,Plein jour,En agglomération,Hors intersection,Normale,Autre collision,,,,,,,,,,,1,2,1,1.0,6
201400009401,0014-04-08 13:30:00,14,4,8,13,30,770,183,6 avenue de montmirail,,,Plein jour,En agglomération,Hors intersection,Normale,Autre collision,,,,,,,,,,,1,2,1,1.0,6
201400009402,0014-04-22 15:15:00,14,4,22,15,15,770,397,rue de la plage,48.68,3.449,Plein jour,En agglomération,Hors intersection,Normale,Autre collision,,,,,,,,,,,1,2,1,1.0,6
201400009403,0014-05-04 18:15:00,14,5,4,18,15,770,183,,,,Plein jour,Hors agglomération,Hors intersection,Normale,Deux véhicules - frontale,,,,,,,,,,,1,1,1,1.0,1
201400009404,0014-07-24 07:30:00,14,7,24,7,30,770,361,,,,Nuit sans éclairage public,Hors agglomération,Hors intersection,Normale,Autre collision,,,,,,,,,,,3,1,1,1.0,6
201400009405,0014-09-27 19:15:00,14,9,27,19,15,770,415,,48.586,3.08,Plein jour,Hors agglomération,Hors intersection,Normale,Deux véhicules - côté,,,,,,,,,,,1,1,1,1.0,3
201400009406,0014-11-01 10:30:00,14,11,1,10,30,770,265,,48.619,3.29,Nuit sans éclairage public,Hors agglomération,Hors intersection,Normale,Deux véhicules - frontale,,,,,,,,,,,3,1,1,1.0,1
201400009407,0014-11-13 16:00:00,14,11,13,16,0,770,183,rue de cond?,48.567,3.2,Plein jour,En agglomération,Hors intersection,Normale,Autre collision,,,,,,,,,,,1,2,1,1.0,6
201400009408,0014-11-21 13:45:00,14,11,21,13,45,770,397,,48.623,3.369,Plein jour,Hors agglomération,Hors intersection,Normale,Autre collision,,,,,,,,,,,1,1,1,1.0,6
201400009409,0014-01-07 18:30:00,14,1,7,18,30,770,264,,48.254,2.567,Nuit sans éclairage public,Hors agglomération,Hors intersection,Pluie légère,Autre collision,,,,,,,,,,,3,1,1,2.0,6
201400009410,0014-02-17 16:30:00,14,2,17,16,30,770,229,,,,Plein jour,Hors agglomération,Hors intersection,Normale,Deux véhicules - arrière,,,,,,,,,,,1,1,1,1.0,2
201400009411,0014-05-03 12:45:00,14,5,3,12,45,770,336,,,,Plein jour,Hors agglomération,Intersection en X,Normale,Autre collision,,,,,,,,,,,1,1,2,1.0,6
201400009412,0014-05-28 17:45:00,14,5,28,17,45,770,318,,,,Plein jour,Hors agglomération,Intersection en X,Normale,Trois véhicules et plus - collisions multiples,,,,,,,,,,,1,1,2,1.0,5
201400009413,0014-06-24 10:00:00,14,6,24,10,0,770,318,,,,Plein jour,Hors agglomération,Hors intersection,Normale,Trois véhicules et plus - collisions multiples,,,,,,,,,,,1,1,1,1.0,5
201400009414,0014-08-17 14:45:00,14,8,17,14,45,770,508,,,,Plein jour,Hors agglomération,Hors intersection,Normale,Deux véhicules - frontale,,,,,,,,,,,1,1,1,1.0,1
201400009415,0014-10-22 20:15:00,14,10,22,20,15,770,318,,,,Nuit sans éclairage public,Hors agglomération,Giratoire,Normale,Deux véhicules - arrière,,,,,,,,,,,3,1,6,1.0,2
201400009416,0014-10-22 19:45:00,14,10,22,19,45,770,219,,,,Nuit sans éclairage public,Hors agglomération,Hors intersection,Normale,Deux véhicules - côté,,,,,,,,,,,3,1,1,1.0,3
201400009417,0014-11-15 08:00:00,14,11,15,8,0,770,508,,,,Plein jour,Hors agglomération,Hors intersection,Normale,Deux véhicules - frontale,,,,,,,,,,,1,1,1,1.0,1
201400009418,0014-11-26 09:15:00,14,11,26,9,15,770,219,,,,Plein jour,Hors agglomération,Intersection en X,Temps couvert,Deux véhicules - côté,,,,,,,,,,,1,1,2,8.0,3
201400009419,0014-11-26 15:00:00,14,11,26,15,0,770,318,,,,Plein jour,Hors agglomération,Hors intersection,Normale,Sans collision,,,,,,,,,,,1,1,1,1.0,7
201400009420,0014-04-04 14:15:00,14,4,4,14,15,770,278,,48.303,3.269,Plein jour,Hors agglomération,Intersection en X,Temps couvert,Deux véhicules - côté,,,,,,,,,,,1,1,2,8.0,3
201400009421,0014-03-11 17:45:00,14,3,11,17,45,770,360,,,,Plein jour,Hors agglomération,Intersection en T,Normale,Deux véhicules - côté,,,,,,,,,,,1,1,3,1.0,3
201400009422,0014-03-31 10:15:00,14,3,31,10,15,770,192,,48.657,2.865,Plein jour,Hors agglomération,Hors intersection,Normale,Deux véhicules - côté,,,,,,,,,,,1,1,1,1.0,3
201400009423,0014-04-22 17:30:00,14,4,22,17,30,770,469,RUE DE PARIS,,,Plein jour,En agglomération,Hors intersection,Normale,Autre collision,,,,,,,,,,,1,2,1,1.0,6
201400009424,0014-05-05 08:15:00,14,5,5,8,15,770,192,,48.161,2.5,Plein jour,Hors agglomération,Intersection en X,Normale,Trois véhicules et plus - collisions multiples,,,,,,,,,,,1,1,2,1.0,5
201400009425,0014-05-11 14:00:00,14,5,11,14,0,770,486,,,,Plein jour,Hors agglomération,Hors intersection,Normale,Deux véhicules - frontale,,,,,,,,,,,1,1,1,1.0,1
201400009426,0014-07-15 17:15:00,14,7,15,17,15,770,264,,48.253,2.9763,Plein jour,Hors agglomération,Hors intersection,Normale,Deux véhicules - frontale,,,,,,,,,,,1,1,1,1.0,1
201400009427,0014-08-20 19:15:00,14,8,20,19,15,770,365,,48.192,3.071,Plein jour,Hors agglomération,Hors intersection,Normale,Deux véhicules - frontale,,,,,,,,,,,1,1,1,1.0,1
201400009428,0014-09-10 17:00:00,14,9,10,17,0,770,192,avendu g?n?ral  de gaule,48.178,2.446,Plein jour,En agglomération,Hors intersection,Normale,Autre collision,,,,,,,,,,,1,2,1,1.0,6
201400009429,0014-06-25 16:00:00,14,6,25,16,0,770,69,,,,Plein jour,Hors agglomération,Hors intersection,Normale,Deux véhicules - côté,,,,,,,,,,,1,1,1,1.0,3
201400009430,0014-07-25 18:30:00,14,7,25,18,30,770,185,,,,Plein jour,Hors agglomération,Hors intersection,Normale,Deux véhicules - côté,,,,,,,,,,,1,1,1,1.0,3
201400009431,0014-07-30 16:30:00,14,7,30,16,30,770,65,,,,Plein jour,Hors agglomération,Hors intersection,Normale,Deux véhicules - frontale,,,,,,,,,,,1,1,1,1.0,1
201400009432,0014-03-08 14:30:00,14,3,8,14,30,770,41,,,,Plein jour,Hors agglomération,Autre intersection,Normale,Deux véhicules - côté,,,,,,,,,,,1,1,9,1.0,3
201400009433,0014-04-05 17:00:00,14,4,5,17,0,770,1,,48.621,2.935,Plein jour,Hors agglomération,Hors intersection,Normale,Deux véhicules - frontale,,,,,,,,,,,1,1,1,1.0,1
201400009434,0014-06-12 16:45:00,14,6,12,16,45,770,386,rue du Clos du Roi,48.583,2.077,Plein jour,En agglomération,Hors intersection,Normale,Autre collision,,,,,,,,,,,1,2,1,1.0,6
201400009435,0014-06-24 19:45:00,14,6,24,19,45,770,88,D 64 QUARTIER DE LA GARE,48.54,2.941,Plein jour,En agglomération,Hors intersection,Normale,Deux véhicules - frontale,,,,,,,,,,,1,2,1,1.0,1
201400009436,0014-08-03 16:00:00,14,8,3,16,0,770,339,,48.375,2.559,Plein jour,Hors agglomération,Hors intersection,Normale,Deux véhicules - frontale,,,,,,,,,,,1,1,1,1.0,1
201400009437,0014-03-17 17:30:00,14,3,17,17,30,770,99,,,,Crépuscule ou aube,Hors agglomération,Hors intersection,Normale,Deux véhicules - arrière,,,,,,,,,,,2,1,1,1.0,2
201400009438,0014-09-17 14:45:00,14,9,17,14,45,770,45,1 RUE DE CORBEVAL,,,Plein jour,En agglomération,Hors intersection,Normale,Autre collision,,,,,,,,,,,1,2,1,1.0,6
201400009439,0014-09-22 11:30:00,14,9,22,11,30,770,267,,,,Plein jour,Hors agglomération,Hors intersection,Normale,Deux véhicules - côté,,,,,,,,,,,1,1,1,1.0,3
201400009440,0014-01-10 10:00:00,14,1,10,10,0,770,370,,48.253,2.774,Plein jour,Hors agglomération,Hors intersection,Brouillard / fumée,Autre collision,,,,,,,,,,,1,1,1,5.0,6
201400009441,0014-01-21 08:00:00,14,1,21,8,0,770,500,,48.222,2.918,Plein jour,Hors agglomération,Hors intersection,Brouillard / fumée,Trois véhicules et plus - collisions multiples,,,,,,,,,,,1,1,1,5.0,5
201400009442,0014-03-29 04:45:00,14,3,29,4,45,770,489,,,,Nuit sans éclairage public,Hors agglomération,Hors intersection,Normale,Autre collision,,,,,,,,,,,3,1,1,1.0,6
201400009443,0014-04-11 23:00:00,14,4,11,23,0,770,531,,48.286,2.97,Nuit sans éclairage public,Hors agglomération,Intersection en X,Normale,Deux véhicules - côté,,,,,,,,,,,3,1,2,1.0,3
201400009444,0014-06-30 17:30:00,14,6,30,17,30,770,387,,,,Plein jour,Hors agglomération,Intersection en X,Normale,Deux véhicules - côté,,,,,,,,,,,1,1,2,1.0,3
201400009445,0014-07-19 17:00:00,14,7,19,17,0,770,35,,48.258,3.026,Plein jour,Hors agglomération,Intersection en X,Normale,Deux véhicules - côté,,,,,,,,,,,1,1,2,1.0,3
201400009446,0014-09-01 06:30:00,14,9,1,6,30,770,115,,48.244,2.981,Crépuscule ou aube,Hors agglomération,Hors intersection,Normale,Deux véhicules - frontale,,,,,,,,,,,2,1,1,1.0,1
201400009447,0014-01-26 18:30:00,14,1,26,18,30,770,153,chemin departemental 13,49.03448,2.4138,Nuit sans éclairage public,En agglomération,Intersection en T,Pluie forte,Deux véhicules - côté,,,,,,,,,,,3,2,3,3.0,3
201400009448,0014-02-09 17:45:00,14,2,9,17,45,770,259,,49.038,2.727,Crépuscule ou aube,Hors agglomération,Hors intersection,Normale,Deux véhicules - arrière,,,,,,,,,,,2,1,1,1.0,2
201400009449,0014-05-03 15:45:00,14,5,3,15,45,770,392,,,,Plein jour,Hors agglomération,Hors intersection,Normale,Deux véhicules - frontale,,,,,,,,,,,1,1,1,1.0,1
201400009450,0014-06-24 07:45:00,14,6,24,7,45,770,420,,49.045,2.708,Plein jour,Hors agglomération,Hors intersection,Normale,Deux véhicules - frontale,,,,,,,,,,,1,1,1,1.0,1
201400009451,0014-09-23 07:45:00,14,9,23,7,45,770,420,AVENUE DE LA GARE,49.038,2.696,Plein jour,En agglomération,Autre intersection,Normale,Autre collision,,,,,,,,,,,1,2,9,1.0,6
201400009452,0014-10-01 12:15:00,14,10,1,12,15,770,153,3 rue cl?ment ader,49.069,2.698,Plein jour,En agglomération,Hors intersection,Temps éblouissant,Deux véhicules - frontale,,,,,,,,,,,1,2,1,7.0,1
201400009453,0014-11-01 14:15:00,14,11,1,14,15,770,349,,49.085,2.665,Plein jour,Hors agglomération,Hors intersection,Normale,Autre collision,,,,,,,,,,,1,1,1,1.0,6
201400009454,0014-01-13 08:00:00,14,1,13,8,0,770,171,avenue foch,48.908,2.82,Crépuscule ou aube,En agglomération,Hors intersection,Normale,Autre collision,,,,,,,,,,,2,2,1,1.0,6
201400009455,0014-06-07 12:15:00,14,6,7,12,15,770,5,,48.917,2.692,Plein jour,Hors agglomération,Hors intersection,Pluie légère,Autre collision,,,,,,,,,,,1,1,1,2.0,6
201400009456,0014-09-27 15:00:00,14,9,27,15,0,770,196,,48.936,2.725,Plein jour,Hors agglomération,Hors intersection,Normale,Sans collision,,,,,,,,,,,1,1,1,1.0,7
201400009457,0014-10-09 18:30:00,14,10,9,18,30,770,95,,48.967,2.767,Plein jour,Hors agglomération,Hors intersection,Normale,Deux véhicules - côté,,,,,,,,,,,1,1,1,1.0,3
201400009458,0014-10-25 00:15:00,14,10,25,0,15,770,248,,48.92,2.791,Nuit sans éclairage public,Hors agglomération,Hors intersection,Temps couvert,Autre collision,,,,,,,,,,,3,1,1,8.0,6
201400009459,0014-10-27 08:45:00,14,10,27,8,45,770,95,,48.956,2.743,Plein jour,Hors agglomération,Hors intersection,Brouillard / fumée,Deux véhicules - frontale,,,,,,,,,,,1,1,1,5.0,1
201400009460,0014-12-07 08:15:00,14,12,7,8,15,770,94,,48.943,2.751,Plein jour,Hors agglomération,Hors intersection,Brouillard / fumée,Deux véhicules - côté,,,,,,,,,,,1,1,1,5.0,3
201400009461,0014-12-27 16:45:00,14,12,27,16,45,770,234,,48.908,2.767,Crépuscule ou aube,Hors agglomération,Hors intersection,Pluie légère,Deux véhicules - côté,,,,,,,,,,,2,1,1,2.0,3