accident_id,datetime,annee,mois,jour,heure,minute,departement,commune_insee,adresse,latitude,longitude,luminosite,agglomeration,intersection,meteo,collision,nb_vehicules,nb_usagers,nb_indemnes,nb_tues,nb_blesses_hosp,nb_blesses_legers,age_cond_1,age_cond_2,veh_type_cond_1,veh_type_cond_2,lum_code,agg_code,int_code,atm_code,col_code
201400009462,0014-03-23 06:00:00,14,3,23,6,0,770,148,,49.172,3.138,Crépuscule ou aube,Hors agglomération,Hors intersection,Normale,Autre collision,,,,,,,,,,,2,1,1,1.0,6
201400009463,0014-04-11 15:30:00,14,4,11,15,30,770,343,,,,Plein jour,Hors agglomération,Hors intersection,Normale,Autre collision,,,,,,,,,,,1,1,1,1.0,6
201400009464,0014-06-21 19:00:00,14,6,21,19,0,770,483,,49.744,2.575,Plein jour,Hors agglomération,Hors intersection,Normale,Deux véhicules - frontale,,,,,,,,,,,1,1,1,1.0,1
201400009465,0014-07-12 07:45:00,14,7,12,7,45,770,8,,48.606,2.661,Crépuscule ou aube,Hors agglomération,Hors intersection,Pluie légère,Autre collision,,,,,,,,,,,2,1,1,2.0,6
201400009466,0014-03-25 04:45:00,14,3,25,4,45,770,273,,49.051,2.735,Nuit sans éclairage public,Hors agglomération,Hors intersection,Normale,Deux véhicules - frontale,,,,,,,,,,,3,1,1,1.0,1
201400009467,0014-04-25 18:30:00,14,4,25,18,30,770,274,RUE DU PONT,,,Plein jour,En agglomération,Hors intersection,Normale,Sans collision,,,,,,,,,,,1,2,1,1.0,7
201400009468,0014-06-20 16:15:00,14,6,20,16,15,770,344,,49.059,0.808,Plein jour,Hors agglomération,Hors intersection,Normale,Deux véhicules - frontale,,,,,,,,,,,1,1,1,1.0,1
201400009469,0014-06-24 15:45:00,14,6,24,15,45,770,193,,49.055,2.866,Plein jour,Hors agglomération,Hors intersection,Normale,Autre collision,,,,,,,,,,,1,1,1,1.0,6
201400009470,0014-06-25 19:15:00,14,6,25,19,15,770,273,,49.052,2.785,Plein jour,Hors agglomération,Intersection en X,Normale,Deux véhicules - côté,,,,,,,,,,,1,1,2,1.0,3
201400009471,0014-08-31 18:30:00,14,8,31,18,30,770,150,,49.023,2.771,Plein jour,En agglomération,Intersection en X,Normale,Deux véhicules - côté,,,,,,,,,,,1,2,2,1.0,3
201400009472,0014-10-07 19:00:00,14,10,7,19,0,770,525,,49.027,2.208,Crépuscule ou aube,Hors agglomération,Hors intersection,Temps éblouissant,Trois véhicules et plus - collisions multiples,,,,,,,,,,,2,1,1,7.0,5
201400009473,0014-10-09 14:30:00,14,10,9,14,30,770,515,,48.654,2.28,Plein jour,Hors agglomération,Intersection en T,Normale,Deux véhicules - frontale,,,,,,,,,,,1,1,3,1.0,1
201400009474,0014-10-10 06:45:00,14,10,10,6,45,770,233,,49.651,2.306,Nuit sans éclairage public,Hors agglomération,Hors intersection,Temps couvert,Deux véhicules - côté,,,,,,,,,,,3,1,1,8.0,3
201400009475,0014-10-11 00:30:00,14,10,11,0,30,770,437,,48.665,2.278,Nuit sans éclairage public,Hors agglomération,Hors intersection,Pluie légère,Sans collision,,,,,,,,,,,3,1,1,2.0,7
201400009476,0014-03-09 16:30:00,14,3,9,16,30,770,357,,48.083,6.217,Plein jour,Hors agglomération,Hors intersection,Normale,Deux véhicules - arrière,,,,,,,,,,,1,1,1,1.0,2
201400009477,0014-03-25 07:45:00,14,3,25,7,45,770,416,,48.619,3.102,Plein jour,Hors agglomération,Hors intersection,Temps couvert,Deux véhicules - frontale,,,,,,,,,,,1,1,1,8.0,1
201400009478,0014-05-04 18:15:00,14,5,4,18,15,770,66,,48.731,3.363,Plein jour,Hors agglomération,Hors intersection,Normale,Autre collision,,,,,,,,,,,1,1,1,1.0,6
201400009479,0014-05-08 18:30:00,14,5,8,18,30,770,530,,48.594,3.359,Plein jour,Hors agglomération,Hors intersection,Pluie légère,Sans collision,,,,,,,,,,,1,1,1,2.0,7
201400009480,0014-06-01 18:45:00,14,6,1,18,45,770,357,,48.093,3.137,Plein jour,Hors agglomération,Intersection en X,Normale,Deux véhicules - côté,,,,,,,,,,,1,1,2,1.0,3
201400009481,0014-06-27 15:00:00,14,6,27,15,0,770,20,,48.41332,3.10414,Plein jour,Hors agglomération,Hors intersection,Normale,Deux véhicules - frontale,,,,,,,,,,,1,1,1,1.0,1
201400009482,0014-07-02 20:45:00,14,7,2,20,45,770,12,,48.658,3.338,Crépuscule ou aube,Hors agglomération,Hors intersection,Normale,Sans collision,,,,,,,,,,,2,1,1,1.0,7
201400009483,0014-07-04 16:15:00,14,7,4,16,15,770,414,,48.027,3.489,Plein jour,Hors agglomération,Intersection en X,Normale,Deux véhicules - côté,,,,,,,,,,,1,1,2,1.0,3
201400009484,0014-07-07 18:00:00,14,7,7,18,0,770,530,,48.618,3.327,Plein jour,Hors agglomération,Intersection en Y,Pluie légère,Deux véhicules - côté,,,,,,,,,,,1,1,4,2.0,3
201400009485,0014-08-11 11:30:00,14,8,11,11,30,770,137,,48.692,3.275,Plein jour,Hors agglomération,Hors intersection,Normale,Deux véhicules - frontale,,,,,,,,,,,1,1,1,1.0,1
201400009486,0014-10-16 08:15:00,14,10,16,8,15,770,530,,,,Plein jour,Hors agglomération,Hors intersection,Normale,Deux véhicules - frontale,,,,,,,,,,,1,1,1,1.0,1
201400009487,0014-10-22 11:15:00,14,10,22,11,15,770,109,,,,Plein jour,Hors agglomération,Hors intersection,Normale,Trois véhicules et plus - en chaîne,,,,,,,,,,,1,1,1,1.0,4
201400009488,0014-12-26 17:00:00,14,12,26,17,0,770,109,,48.0,3.187,Nuit sans éclairage public,Hors agglomération,Hors intersection,Normale,Deux véhicules - frontale,,,,,,,,,,,3,1,1,1.0,1
201400009489,0014-03-30 11:15:00,14,3,30,11,15,770,286,,,,Plein jour,Hors agglomération,Hors intersection,Normale,Deux véhicules - frontale,,,,,,,,,,,1,1,1,1.0,1
201400009490,0014-05-04 01:30:00,14,5,4,1,30,770,227,,,,Nuit sans éclairage public,Hors agglomération,Hors intersection,Normale,Deux véhicules - frontale,,,,,,,,,,,3,1,1,1.0,1
201400009491,0014-05-15 07:45:00,14,5,15,7,45,770,347,,48.462,3.23,Plein jour,Hors agglomération,Hors intersection,Normale,Trois véhicules et plus - collisions multiples,,,,,,,,,,,1,1,1,1.0,5
201400009492,0014-04-30 07:45:00,14,4,30,7,45,770,90,,48.558,3.181,Plein jour,Hors agglomération,Hors intersection,Pluie légère,Autre collision,,,,,,,,,,,1,1,1,2.0,6
201400009493,0014-07-18 03:00:00,14,7,18,3,0,770,496,,48.59,3.166,Nuit sans éclairage public,Hors agglomération,Hors intersection,Normale,Sans collision,,,,,,,,,,,3,1,1,1.0,7
201400009494,0014-09-27 11:15:00,14,9,27,11,15,770,327,Rue Aristide Briand,48.56,3.016,Plein jour,En agglomération,Hors intersection,Normale,Autre collision,,,,,,,,,,,1,2,1,1.0,6
201400009495,0014-05-27 19:30:00,14,5,27,19,30,450,296,LA CROIX FARON,47.99491,1.7142,Plein jour,Hors agglomération,Hors intersection,Normale,Trois véhicules et plus - collisions multiples,,,,,,,,,,,1,1,1,1.0,5
201400009496,0014-09-07 16:45:00,14,9,7,16,45,450,74,,48.03682,1.62477,Plein jour,Hors agglomération,Hors intersection,Normale,Autre collision,,,,,,,,,,,1,1,1,1.0,6
201400009497,0014-10-08 17:15:00,14,10,8,17,15,450,248,D 935/BD 15 AOUT 1944,48.04533,1.69701,Plein jour,En agglomération,Intersection en X,Pluie forte,Deux véhicules - côté,,,,,,,,,,,1,2,2,3.0,3
201400009498,0014-01-02 11:30:00,14,1,2,11,30,450,82,R ALBERT VIGIER,47.86543,2.21875,Plein jour,En agglomération,Hors intersection,Normale,Deux véhicules - côté,,,,,,,,,,,1,2,1,1.0,3
201400009499,0014-03-30 06:15:00,14,3,30,6,15,450,290,RTE GIEN,47.85501,2.27529,Nuit avec éclairage allumé,En agglomération,Hors intersection,Normale,Autre collision,,,,,,,,,,,5,2,1,1.0,6
201400009500,0014-03-30 14:45:00,14,3,30,14,45,450,346,AV GARE/R ALOUETTES,47.94345,2.26604,Plein jour,En agglomération,Intersection en T,Normale,Deux véhicules - côté,,,,,,,,,,,1,2,3,1.0,3
201400009501,0014-05-05 12:45:00,14,5,5,12,45,450,82,LA CHARBONNIERE,47.89208,2.26955,Plein jour,Hors agglomération,Hors intersection,Normale,Trois véhicules et plus - collisions multiples,,,,,,,,,,,1,1,1,1.0,5
201400009502,0014-06-01 08:45:00,14,6,1,8,45,450,267,D 952/D 88/D 148,47.84401,2.32164,Plein jour,Hors agglomération,Intersection en X,Normale,Deux véhicules - côté,,,,,,,,,,,1,1,2,1.0,3
201400009503,0014-09-14 12:00:00,14,9,14,12,0,450,82,D 10/CH CHOISY,47.89187,2.23858,Plein jour,Hors agglomération,Intersection en T,Normale,Deux véhicules - frontale,,,,,,,,,,,1,1,3,1.0,1
201400009504,0014-12-03 16:00:00,14,12,3,16,0,450,153,CH BAUDINS/GROSSE PIERRE,47.83862,2.26407,Plein jour,Hors agglomération,Intersection en X,Temps couvert,Deux véhicules - côté,,,,,,,,,,,1,1,2,8.0,3
201400009505,0014-03-13 14:00:00,14,3,13,14,0,450,197,R ROUSSELIERE/FOUR A CHA,47.96211,2.02219,Plein jour,En agglomération,Intersection en T,Normale,Autre collision,,,,,,,,,,,1,2,3,1.0,6
201400009506,0014-05-15 07:30:00,14,5,15,7,30,450,89,D 8/RUE DU LIEVRE,47.90986,2.03582,Plein jour,En agglomération,Intersection en T,Normale,Deux véhicules - côté,,,,,,,,,,,1,2,3,1.0,3
201400009507,0014-09-27 04:30:00,14,9,27,4,30,450,72,,47.98813,1.93543,Nuit sans éclairage public,Hors agglomération,Hors intersection,Normale,Deux véhicules - frontale,,,,,,,,,,,3,1,1,1.0,1
201400009508,0014-10-03 22:45:00,14,10,3,22,45,450,89,R DES PLANTES,47.88875,2.02961,Nuit avec éclairage allumé,En agglomération,Hors intersection,Normale,Deux véhicules - côté,,,,,,,,,,,5,2,1,1.0,3
201400009509,0014-10-11 14:15:00,14,10,11,14,15,450,72,RTE FORESTIERE DES CHAPE,47.97951,1.95442,Plein jour,Hors agglomération,Hors intersection,Normale,Deux véhicules - côté,,,,,,,,,,,1,1,1,1.0,3
201400009510,0014-02-24 17:15:00,14,2,24,17,15,450,98,,47.82574,1.76269,Plein jour,En agglomération,Hors intersection,Normale,Deux véhicules - côté,,,,,,,,,,,1,2,1,1.0,3
201400009511,0014-06-12 16:30:00,14,6,12,16,30,450,146,LE PETIT RUTH,47.69417,1.95369,Plein jour,Hors agglomération,Hors intersection,Normale,Deux véhicules - arrière,,,,,,,,,,,1,1,1,1.0,2
201400009512,0014-07-03 18:15:00,14,7,3,18,15,450,196,LEVEE DE LA LOIRE,47.85799,1.77532,Plein jour,Hors agglomération,Hors intersection,Normale,Deux véhicules - frontale,,,,,,,,,,,1,1,1,1.0,1
201400009513,0014-10-01 20:15:00,14,10,1,20,15,450,146,87 R MASSENA,47.72278,1.9354,Nuit sans éclairage public,En agglomération,Hors intersection,Normale,Autre collision,,,,,,,,,,,3,2,1,1.0,6
201400009514,0014-10-18 16:00:00,14,10,18,16,0,450,146,BD A.BRIAND/PRES FLEURIS,47.71723,1.94501,Plein jour,En agglomération,Intersection en X,Normale,Deux véhicules - côté,,,,,,,,,,,1,2,2,1.0,3
201400009515,0014-10-31 18:00:00,14,10,31,18,0,450,146,,47.70277,1.9903,Crépuscule ou aube,Hors agglomération,Hors intersection,Normale,Autre collision,,,,,,,,,,,2,1,1,1.0,6
201400009516,0014-11-09 01:15:00,14,11,9,1,15,450,146,17 RUE GENERAL LECLERC,47.72411,1.94119,Nuit avec éclairage allumé,En agglomération,Hors intersection,Normale,Deux véhicules - frontale,,,,,,,,,,,5,2,1,1.0,1
201400009517,0014-11-26 07:45:00,14,11,26,7,45,450,175,,47.78014,1.82132,Crépuscule ou aube,Hors agglomération,Hors intersection,Pluie légère,Trois véhicules et plus - collisions multiples,,,,,,,,,,,2,1,1,2.0,5
201400009518,0014-12-05 07:30:00,14,12,5,7,30,450,204,LE BAILLY,47.80075,1.83099,Nuit sans éclairage public,Hors agglomération,Hors intersection,Temps couvert,Deux véhicules - frontale,,,,,,,,,,,3,1,1,8.0,1
201400009519,0014-01-03 18:00:00,14,1,3,18,0,450,193,118 PLACE DE L'EGLISE,47.76491,2.02131,Nuit avec éclairage allumé,En agglomération,Hors intersection,Temps couvert,Autre collision,,,,,,,,,,,5,2,1,8.0,6
201400009520,0014-02-06 17:00:00,14,2,6,17,0,450,300,BARBEREAU,47.81225,2.04189,Plein jour,Hors agglomération,Hors intersection,Normale,Trois véhicules et plus - collisions multiples,,,,,,,,,,,1,1,1,1.0,5
201400009521,0014-03-11 12:45:00,14,3,11,12,45,450,123,R EGLISE/R BAFFAITS,47.86457,2.10941,Plein jour,En agglomération,Intersection en Y,Normale,Deux véhicules - côté,,,,,,,,,,,1,2,4,1.0,3
201400009522,0014-04-24 15:45:00,14,4,24,15,45,450,272,456 R D'OLIVET,47.83394,1.96245,Plein jour,En agglomération,Hors intersection,Normale,Autre collision,,,,,,,,,,,1,2,1,1.0,6
201400009523,0014-07-07 15:00:00,14,7,7,15,0,450,173,10 R DES MOULINS,47.86735,2.12396,Plein jour,En agglomération,Hors intersection,Normale,Autre collision,,,,,,,,,,,1,2,1,1.0,6
201400009524,0014-07-12 10:00:00,14,7,12,10,0,450,273,36 RUE DE LA SOLAIE,47.87572,2.12783,Plein jour,En agglomération,Hors intersection,Normale,Autre collision,,,,,,,,,,,1,2,1,1.0,6
201400009525,0014-07-15 15:00:00,14,7,15,15,0,450,272,LES ACACIAS,47.80995,1.92908,Plein jour,Hors agglomération,Hors intersection,Normale,Autre collision,,,,,,,,,,,1,1,1,1.0,6
201400009526,0014-08-11 16:15:00,14,8,11,16,15,450,324,,47.81422,2.20994,Plein jour,Hors agglomération,Intersection en X,Normale,Deux véhicules - côté,,,,,,,,,,,1,1,2,1.0,3
201400009527,0014-09-05 18:00:00,14,9,5,18,0,450,144,11 RTE DE SULLY,47.83594,2.14074,Plein jour,Hors agglomération,Hors intersection,Normale,Deux véhicules - frontale,,,,,,,,,,,1,1,1,1.0,1
201400009528,0014-09-14 09:00:00,14,9,14,9,0,450,273,R DES FONTAINES,47.87039,2.12588,Plein jour,En agglomération,Hors intersection,Temps éblouissant,Deux véhicules - côté,,,,,,,,,,,1,2,1,7.0,3
201400009529,0014-09-16 14:00:00,14,9,16,14,0,450,272,D 326/R RACINERIE,47.82323,1.95481,Plein jour,Hors agglomération,Intersection en X,Normale,Deux véhicules - côté,,,,,,,,,,,1,1,2,1.0,3
201400009530,0014-09-24 12:15:00,14,9,24,12,15,450,335,,47.76501,2.10853,Plein jour,Hors agglomération,Intersection en X,Normale,Deux véhicules - côté,,,,,,,,,,,1,1,2,1.0,3
201400009531,0014-01-25 20:30:00,14,1,25,20,30,450,28,167 AV CHATEAUDUN,47.79844,1.62503,Nuit avec éclairage allumé,En agglomération,Hors intersection,Pluie légère,Deux véhicules - frontale,,,,,,,,,,,5,2,1,2.0,1
201400009532,0014-01-28 18:15:00,14,1,28,18,15,450,203,32 R GL DE GAULLE,47.82825,1.69838,Nuit avec éclairage allumé,En agglomération,Hors intersection,Pluie légère,Autre collision,,,,,,,,,,,5,2,1,2.0,6
201400009533,0014-03-19 13:15:00,14,3,19,13,15,450,81,D 2157,47.92069,1.55504,Plein jour,Hors agglomération,Hors intersection,Normale,Deux véhicules - frontale,,,,,,,,,,,1,1,1,1.0,1
201400009534,0014-04-07 08:45:00,14,4,7,8,45,450,301,,48.08626,2.14999,Plein jour,Hors agglomération,Hors intersection,Normale,Trois véhicules et plus - collisions multiples,,,,,,,,,,,1,1,1,1.0,5
201400009535,0014-07-28 06:45:00,14,7,28,6,45,450,224,,48.0535,2.05643,Plein jour,Hors agglomération,Hors intersection,Pluie légère,Autre collision,,,,,,,,,,,1,1,1,2.0,6
201400009536,0014-03-03 06:00:00,14,3,3,6,0,450,254,,47.64489,2.58692,Nuit sans éclairage public,Hors agglomération,Hors intersection,Pluie légère,Deux véhicules - arrière,,,,,,,,,,,3,1,1,2.0,2
201400009537,0014-03-22 13:00:00,14,3,22,13,0,450,36,LA BIFURE,47.78027,2.73286,Plein jour,Hors agglomération,Hors intersection,Temps couvert,Deux véhicules - côté,,,,,,,,,,,1,1,1,8.0,3
201400009538,0014-04-24 16:45:00,14,4,24,16,45,450,227,,47.73055,2.57461,Plein jour,Hors agglomération,Hors intersection,Normale,Deux véhicules - frontale,,,,,,,,,,,1,1,1,1.0,1
201400009539,0014-04-26 21:00:00,14,4,26,21,0,450,227,D 952,47.71449,2.58881,Nuit sans éclairage public,Hors agglomération,Hors intersection,Pluie légère,Deux véhicules - arrière,,,,,,,,,,,3,1,1,2.0,2
201400009540,0014-05-16 10:00:00,14,5,16,10,0,450,155,R DE LA FABRIQUE,47.68827,2.62133,Plein jour,En agglomération,Hors intersection,Normale,Autre collision,,,,,,,,,,,1,2,1,1.0,6
201400009541,0014-05-16 18:00:00,14,5,16,18,0,450,108,,47.61755,2.54254,Plein jour,Hors agglomération,Intersection en X,Normale,Deux véhicules - frontale,,,,,,,,,,,1,1,2,1.0,1
201400009542,0014-05-31 11:45:00,14,5,31,11,45,450,155,Q LENOIR/R J.ARC/Q LESTR,47.68501,2.62743,Plein jour,En agglomération,Intersection en T,Normale,Trois véhicules et plus - collisions multiples,,,,,,,,,,,1,2,3,1.0,5
201400009543,0014-06-17 11:00:00,14,6,17,11,0,450,155,LES ROIS,47.68742,2.66503,Plein jour,Hors agglomération,Hors intersection,Normale,Deux véhicules - côté,,,,,,,,,,,1,1,1,1.0,3
201400009544,0014-07-05 08:00:00,14,7,5,8,0,450,155,CH MONTFORT,47.71333,2.62404,Plein jour,Hors agglomération,Hors intersection,Pluie légère,Autre collision,,,,,,,,,,,1,1,1,2.0,6
201400009545,0014-07-09 14:00:00,14,7,9,14,0,450,254,D 940/D 53,47.64601,2.58869,Plein jour,Hors agglomération,Intersection en X,Pluie légère,Deux véhicules - côté,,,,,,,,,,,1,1,2,2.0,3
201400009546,0014-11-28 20:00:00,14,11,28,20,0,450,155,,,,Nuit sans éclairage public,Hors agglomération,Hors intersection,Normale,Deux véhicules - côté,,,,,,,,,,,3,1,1,1.0,3
201400009547,0014-02-05 20:30:00,14,2,5,20,30,450,53,LA THIAU,47.66244,2.70677,Nuit sans éclairage public,Hors agglomération,Hors intersection,Normale,Deux véhicules - frontale,,,,,,,,,,,3,1,1,1.0,1
201400009548,0014-03-30 17:00:00,14,3,30,17,0,450,1,RTE LA BUSSIERE,47.76349,2.79638,Plein jour,En agglomération,Hors intersection,Normale,Autre collision,,,,,,,,,,,1,2,1,1.0,6
201400009549,0014-06-06 17:30:00,14,6,6,17,30,450,53,LA THIAU,47.66937,2.68768,Plein jour,Hors agglomération,Hors intersection,Normale,Autre collision,,,,,,,,,,,1,1,1,1.0,6
201400009550,0014-06-14 15:00:00,14,6,14,15,0,450,53,LA THIAU,47.66907,2.68908,Plein jour,Hors agglomération,Hors intersection,Normale,Autre collision,,,,,,,,,,,1,1,1,1.0,6
201400009551,0014-08-01 20:00:00,14,8,1,20,0,450,53,D 50/CV 12,47.60148,2.76658,Plein jour,Hors agglomération,Intersection en X,Normale,Deux véhicules - frontale,,,,,,,,,,,1,1,2,1.0,1
201400009552,0014-08-02 04:00:00,14,8,2,4,0,450,53,,47.61631,2.76545,Nuit sans éclairage public,Hors agglomération,Hors intersection,Normale,Deux véhicules - frontale,,,,,,,,,,,3,1,1,1.0,1
201400009553,0014-08-03 15:00:00,14,8,3,15,0,450,53,LA THIAU,47.66998,2.68317,Plein jour,Hors agglomération,Hors intersection,Normale,Deux véhicules - côté,,,,,,,,,,,1,1,1,1.0,3
201400009554,0014-08-12 16:00:00,14,8,12,16,0,450,29,CH 4 CHENES/RTE SAVIGNY,47.51842,2.82751,Plein jour,Hors agglomération,Intersection en X,Normale,Deux véhicules - côté,,,,,,,,,,,1,1,2,1.0,3
201400009555,0014-09-24 22:15:00,14,9,24,22,15,450,53,D 50/VC 12,47.60147,2.76657,Crépuscule ou aube,Hors agglomération,Intersection en X,Brouillard / fumée,Deux véhicules - côté,,,,,,,,,,,2,1,2,5.0,3
201400009556,0014-09-27 20:30:00,14,9,27,20,30,450,16,RTE BLANCAFORT,47.58777,2.5913,Nuit sans éclairage public,Hors agglomération,Hors intersection,Normale,Autre collision,,,,,,,,,,,3,1,1,1.0,6
201400009557,0014-11-19 14:15:00,14,11,19,14,15,450,53,,,,Plein jour,Hors agglomération,Hors intersection,Normale,Autre collision,,,,,,,,,,,1,1,1,1.0,6
201400009558,0014-01-21 08:00:00,14,1,21,8,0,450,244,,47.75237,2.48755,Crépuscule ou aube,Hors agglomération,Hors intersection,Temps couvert,Trois véhicules et plus - collisions multiples,,,,,,,,,,,2,1,1,8.0,5
201400009559,0014-02-22 00:01:00,14,2,22,0,1,450,268,,47.72761,2.41171,Nuit sans éclairage public,Hors agglomération,Hors intersection,Pluie légère,Autre collision,,,,,,,,,,,3,1,1,2.0,6
201400009560,0014-03-14 16:45:00,14,3,14,16,45,450,315,PL MAURICE DE SULLY,47.76581,2.37569,Plein jour,En agglomération,Hors intersection,Normale,Autre collision,,,,,,,,,,,1,2,1,1.0,6
201400009561,0014-04-16 14:45:00,14,4,16,14,45,450,171,,47.6947,2.28243,Plein jour,Hors agglomération,Intersection en X,Normale,Deux véhicules - côté,,,,,,,,,,,1,1,2,1.0,3
201400009562,0014-04-26 13:00:00,14,4,26,13,0,450,297,,,,Plein jour,Hors agglomération,Hors intersection,Pluie légère,Sans collision,,,,,,,,,,,1,1,1,2.0,7
201400009563,0014-05-20 11:00:00,14,5,20,11,0,450,270,,47.82567,2.29399,Plein jour,Hors agglomération,Hors intersection,Normale,Autre collision,,,,,,,,,,,1,1,1,1.0,6
201400009564,0014-06-11 12:00:00,14,6,11,12,0,450,122,D 953/R TABARDERIE,47.73181,2.52526,Plein jour,Hors agglomération,Intersection en T,Temps éblouissant,Deux véhicules - côté,,,,,,,,,,,1,1,3,7.0,3
201400009565,0014-07-18 07:15:00,14,7,18,7,15,450,270,,47.82001,2.2991,Plein jour,Hors agglomération,Hors intersection,Temps éblouissant,Trois véhicules et plus - collisions multiples,,,,,,,,,,,1,1,1,7.0,5
201400009566,0014-08-18 03:30:00,14,8,18,3,30,450,42,D 961/RTE TOURNANTE,,,Nuit sans éclairage public,Hors agglomération,Intersection en X,Normale,Deux véhicules - côté,,,,,,,,,,,3,1,2,1.0,3
201400009567,0014-09-05 21:15:00,14,9,5,21,15,450,270,,,,Nuit sans éclairage public,Hors agglomération,Hors intersection,Normale,Sans collision,,,,,,,,,,,3,1,1,1.0,7
201400009568,0014-12-23 17:45:00,14,12,23,17,45,450,63,,,,Nuit sans éclairage public,Hors agglomération,Hors intersection,Normale,Deux véhicules - frontale,,,,,,,,,,,3,1,1,1.0,1
201400009569,0014-01-02 15:30:00,14,1,2,15,30,450,345,BECHEREAU,47.94856,2.66239,Plein jour,Hors agglomération,Intersection en T,Normale,Deux véhicules - côté,,,,,,,,,,,1,1,3,1.0,3
201400009570,0014-02-06 07:00:00,14,2,6,7,0,450,334,32 RTE ETANG DES BOIS,47.87663,2.44101,Crépuscule ou aube,Hors agglomération,Hors intersection,Pluie légère,Autre collision,,,,,,,,,,,2,1,1,2.0,6
201400009571,0014-02-15 19:00:00,14,2,15,19,0,450,178,RTE AUVILLIERS,47.99598,2.51763,Nuit sans éclairage public,Hors agglomération,Hors intersection,Normale,Autre collision,,,,,,,,,,,3,1,1,1.0,6
201400009572,0014-02-23 05:30:00,14,2,23,5,30,450,216,,47.94701,2.7356,Nuit sans éclairage public,Hors agglomération,Hors intersection,Normale,Autre collision,,,,,,,,,,,3,1,1,1.0,6
201400009573,0014-05-09 14:45:00,14,5,9,14,45,450,321,105 RUE DE SULLY,47.91638,2.58931,Plein jour,Hors agglomération,Hors intersection,Normale,Deux véhicules - côté,,,,,,,,,,,1,1,1,1.0,3
201400009574,0014-06-09 16:30:00,14,6,9,16,30,450,150,LA MADRE,48.01346,2.45819,Plein jour,Hors agglomération,Hors intersection,Normale,Deux véhicules - frontale,,,,,,,,,,,1,1,1,1.0,1
201400009575,0014-07-14 04:45:00,14,7,14,4,45,450,178,,48.00165,2.55009,Nuit sans éclairage public,Hors agglomération,Hors intersection,Normale,Autre collision,,,,,,,,,,,3,1,1,1.0,6
201400009576,0014-07-18 17:45:00,14,7,18,17,45,450,187,RTE COUR MARIGNY,,,Plein jour,Hors agglomération,Hors intersection,Normale,Autre collision,,,,,,,,,,,1,1,1,1.0,6
201400009577,0014-09-20 11:00:00,14,9,20,11,0,450,247,,48.02201,2.66017,Plein jour,Hors agglomération,Hors intersection,Normale,Deux véhicules - frontale,,,,,,,,,,,1,1,1,1.0,1
201400009578,0014-04-07 14:45:00,14,4,7,14,45,450,76,,,,Plein jour,Hors agglomération,Hors intersection,Normale,Deux véhicules - frontale,,,,,,,,,,,1,1,1,1.0,1
201400009579,0014-05-16 11:30:00,14,5,16,11,30,450,279,AV MOULIN PLATEAU,,,Plein jour,En agglomération,Hors intersection,Normale,Trois véhicules et plus - collisions multiples,,,,,,,,,,,1,2,1,1.0,5
201400009580,0014-05-16 14:30:00,14,5,16,14,30,450,306,D 2060/D 36,48.01907,2.88922,Plein jour,Hors agglomération,Intersection en X,Normale,Deux véhicules - côté,,,,,,,,,,,1,1,2,1.0,3
201400009581,0014-06-17 16:30:00,14,6,17,16,30,450,113,,48.02478,2.92941,Plein jour,Hors agglomération,Hors intersection,Normale,Deux véhicules - frontale,,,,,,,,,,,1,1,1,1.0,1
201400009582,0014-01-29 09:30:00,14,1,29,9,30,450,212,,,,Plein jour,Hors agglomération,Intersection en X,Pluie légère,Deux véhicules - frontale,,,,,,,,,,,1,1,2,2.0,1
201400009583,0014-05-03 19:15:00,14,5,3,19,15,450,332,,,,Plein jour,Hors agglomération,Hors intersection,Normale,Autre collision,,,,,,,,,,,1,1,1,1.0,6
201400009584,0014-05-09 18:45:00,14,5,9,18,45,450,210,D 93 // CRAON,,,Plein jour,Hors agglomération,Hors intersection,Normale,Autre collision,,,,,,,,,,,1,1,1,1.0,6
201400009585,0014-06-07 09:30:00,14,6,7,9,30,450,229,18 RUE DE LA TUILERIE,47.83166,2.72618,Plein jour,En agglomération,Hors intersection,Normale,Deux véhicules - côté,,,,,,,,,,,1,2,1,1.0,3
201400009586,0014-03-28 20:30:00,14,3,28,20,30,450,156,RTE NARGIS - L'EPINOIS,48.07967,2.73119,Nuit sans éclairage public,Hors agglomération,Hors intersection,Normale,Sans collision,,,,,,,,,,,3,1,1,1.0,7
201400009587,0014-04-05 21:15:00,14,4,5,21,15,450,104,R ROBERT PIOCHON/RONDONN,48.03421,2.72437,Nuit avec éclairage allumé,En agglomération,Intersection en Y,Normale,Autre collision,,,,,,,,,,,5,2,4,1.0,6
201400009588,0014-04-12 00:30:00,14,4,12,0,30,450,206,48 R DU MOULIN,48.04321,2.63009,Nuit avec éclairage allumé,En agglomération,Hors intersection,Normale,Autre collision,,,,,,,,,,,5,2,1,1.0,6
201400009589,0014-06-05 06:30:00,14,6,5,6,30,450,207,21 RTE DE MONTARGIS,48.05409,2.59998,Crépuscule ou aube,En agglomération,Hors intersection,Normale,Deux véhicules - frontale,,,,,,,,,,,2,2,1,1.0,1