accident_id,datetime,annee,mois,jour,heure,minute,departement,commune_insee,adresse,latitude,longitude,luminosite,agglomeration,intersection,meteo,collision,nb_vehicules,nb_usagers,nb_indemnes,nb_tues,nb_blesses_hosp,nb_blesses_legers,age_cond_1,age_cond_2,veh_type_cond_1,veh_type_cond_2,lum_code,agg_code,int_code,atm_code,col_code
201400009590,0014-09-01 18:00:00,14,9,1,18,0,450,161,D 32/LES CHASSINS,48.08478,2.82108,Plein jour,Hors agglomération,Intersection en T,Normale,Deux véhicules - côté,,,,,,,,,,,1,1,3,1.0,3
201400009591,0014-03-06 17:30:00,14,3,6,17,30,450,252,6 R DES ROULOIRS,48.17592,2.25353,Plein jour,En agglomération,Hors intersection,Normale,Autre collision,,,,,,,,,,,1,2,1,1.0,6
201400009592,0014-04-29 21:00:00,14,4,29,21,0,450,253,,,,Nuit sans éclairage public,Hors agglomération,Hors intersection,Pluie forte,Deux véhicules - arrière,,,,,,,,,,,3,1,1,3.0,2
201400009593,0014-05-06 18:15:00,14,5,6,18,15,450,119,BT Z. ARTISANALE DADONVI,48.16122,2.25635,Plein jour,Hors agglomération,Hors intersection,Normale,Autre collision,,,,,,,,,,,1,1,1,1.0,6
201400009594,0014-05-24 15:30:00,14,5,24,15,30,450,38,D 2152/D 928,48.18649,2.26671,Plein jour,Hors agglomération,Giratoire,Normale,Sans collision,,,,,,,,,,,1,1,6,1.0,7
201400009595,0014-06-13 20:30:00,14,6,13,20,30,450,348,,48.13106,2.33152,Plein jour,Hors agglomération,Hors intersection,Normale,Autre collision,,,,,,,,,,,1,1,1,1.0,6
201400009596,0014-06-21 11:15:00,14,6,21,11,15,450,252,FG ORLEANS/BD BEAUVALLET,48.16976,2.25198,Plein jour,En agglomération,Intersection en X,Normale,Autre collision,,,,,,,,,,,1,2,2,1.0,6
201400009597,0014-10-27 15:30:00,14,10,27,15,30,450,10,29 BIS R DE JARGEAU,48.12483,2.25122,Plein jour,En agglomération,Hors intersection,Temps éblouissant,Autre collision,,,,,,,,,,,1,2,1,7.0,6
201400009598,0014-04-08 17:30:00,14,4,8,17,30,450,18,R CHAPELLE/PARADIS,48.09404,2.46954,Plein jour,En agglomération,Intersection en X,Normale,Deux véhicules - côté,,,,,,,,,,,1,2,2,1.0,3
201400009599,0014-05-22 19:00:00,14,5,22,19,0,450,14,D 26/R MOULIN FARAULT,48.19091,2.36582,Plein jour,En agglomération,Intersection en T,Temps éblouissant,Deux véhicules - côté,,,,,,,,,,,1,2,3,7.0,3
201400009600,0014-06-29 19:30:00,14,6,29,19,30,450,22,4 PL 08 mai 1945,48.07281,2.38117,Plein jour,En agglomération,Place,Normale,Autre collision,,,,,,,,,,,1,2,7,1.0,6
201400009601,0014-07-22 15:15:00,14,7,22,15,15,450,258,196 R DE LA NOUE,48.22427,2.43249,Plein jour,Hors agglomération,Hors intersection,Normale,Autre collision,,,,,,,,,,,1,1,1,1.0,6
201400009602,0014-04-23 10:15:00,14,4,23,10,15,450,310,AV PARIS/R GUY REGNIER,48.29589,2.20129,Plein jour,En agglomération,Intersection en X,Normale,Deux véhicules - côté,,,,,,,,,,,1,2,2,1.0,3
201400009603,0014-09-12 22:15:00,14,9,12,22,15,450,133,,48.24453,2.21918,Nuit sans éclairage public,Hors agglomération,Hors intersection,Normale,Deux véhicules - côté,,,,,,,,,,,3,1,1,1.0,3
201400009604,0014-10-20 17:30:00,14,10,20,17,30,450,310,R PARIS/PRIEURE,48.29825,2.20038,Plein jour,En agglomération,Intersection en X,Pluie légère,Deux véhicules - côté,,,,,,,,,,,1,2,2,2.0,3
201400009605,0014-11-06 16:45:00,14,11,6,16,45,180,99,Rue du Lavoir,47.08648,2.88764,Crépuscule ou aube,En agglomération,Hors intersection,Temps éblouissant,Autre collision,,,,,,,,,,,2,2,1,7.0,6
201400009606,0014-12-01 14:15:00,14,12,1,14,15,180,282,,,,Plein jour,Hors agglomération,Intersection en X,Normale,Deux véhicules - côté,,,,,,,,,,,1,1,2,1.0,3
201400009607,0014-06-28 15:45:00,14,6,28,15,45,180,117,,,,Plein jour,Hors agglomération,Intersection en T,Normale,Deux véhicules - côté,,,,,,,,,,,1,1,3,1.0,3
201400009608,0014-10-02 18:00:00,14,10,2,18,0,180,241,,47.33096,2.84498,Plein jour,Hors agglomération,Intersection en T,Normale,Deux véhicules - frontale,,,,,,,,,,,1,1,3,1.0,1
201400009609,0014-08-09 19:30:00,14,8,9,19,30,180,197,,46.72338,2.54473,Plein jour,Hors agglomération,Intersection en X,Normale,Deux véhicules - côté,,,,,,,,,,,1,1,2,1.0,3
201400009610,0014-06-29 00:15:00,14,6,29,0,15,180,197,Rue Nationale,46.728,2.507,Nuit avec éclairage allumé,En agglomération,Giratoire,Normale,Autre collision,,,,,,,,,,,5,2,6,1.0,6
201400009611,0014-06-30 18:15:00,14,6,30,18,15,180,69,,46.70213,2.54961,Plein jour,Hors agglomération,Intersection en X,Normale,Deux véhicules - côté,,,,,,,,,,,1,1,2,1.0,3
201400009612,0014-07-04 03:30:00,14,7,4,3,30,180,197,rue nationale,46.72498,2.50648,Nuit avec éclairage allumé,En agglomération,Giratoire,Pluie légère,Autre collision,,,,,,,,,,,5,2,6,2.0,6
201400009613,0014-07-08 16:45:00,14,7,8,16,45,180,8,,46.974,2.331,Plein jour,Hors agglomération,Intersection en X,Normale,Deux véhicules - frontale,,,,,,,,,,,1,1,2,1.0,1
201400009614,0014-08-14 00:15:00,14,8,14,0,15,180,46,,46.77884,2.32324,Nuit sans éclairage public,Hors agglomération,Hors intersection,Normale,Autre collision,,,,,,,,,,,3,1,1,1.0,6
201400009615,0014-11-01 16:00:00,14,11,1,16,0,180,15,rue Etienne SOYER,47.48696,2.4378,Plein jour,En agglomération,Hors intersection,Temps éblouissant,Autre collision,,,,,,,,,,,1,2,1,7.0,6
201400009616,0014-02-06 04:45:00,14,2,6,4,45,180,207,,,,Nuit sans éclairage public,Hors agglomération,Hors intersection,Normale,Deux véhicules - frontale,,,,,,,,,,,3,1,1,1.0,1
201400009617,0014-02-20 06:45:00,14,2,20,6,45,180,133,,,,Crépuscule ou aube,Hors agglomération,Intersection en T,Pluie légère,Deux véhicules - côté,,,,,,,,,,,2,1,3,2.0,3
201400009618,0014-04-12 21:45:00,14,4,12,21,45,180,181,,47.005,2.16,Nuit sans éclairage public,Hors agglomération,Hors intersection,Normale,Deux véhicules - frontale,,,,,,,,,,,3,1,1,1.0,1
201400009619,0014-06-14 02:00:00,14,6,14,2,0,180,188,,,,Nuit sans éclairage public,Hors agglomération,Hors intersection,Normale,Autre collision,,,,,,,,,,,3,1,1,1.0,6
201400009620,0014-08-08 08:00:00,14,8,8,8,0,180,133,13 route de l echalusse,46.93467,2.26228,Plein jour,En agglomération,Hors intersection,Normale,Deux véhicules - côté,,,,,,,,,,,1,2,1,1.0,3
201400009621,0014-10-14 15:00:00,14,10,14,15,0,180,207,6 avenue Gabriel DORDAIN,46.99249,2.24526,Plein jour,En agglomération,Hors intersection,Normale,Autre collision,,,,,,,,,,,1,2,1,1.0,6
201400009622,0014-10-16 19:15:00,14,10,16,19,15,180,207,rue et clos Gironnais,46.99563,2.25801,Nuit avec éclairage non allumé,En agglomération,Hors intersection,Pluie forte,Deux véhicules - côté,,,,,,,,,,,4,2,1,3.0,3
201400009623,0014-10-17 10:30:00,14,10,17,10,30,180,207,10 AVE GABRIEL DORDAIN,46.99255,2.24548,Plein jour,En agglomération,Hors intersection,Normale,Autre collision,,,,,,,,,,,1,2,1,1.0,6
201400009624,0014-12-11 20:30:00,14,12,11,20,30,180,207,rue Marcel Lafleur,46.99672,2.2536,Nuit avec éclairage allumé,En agglomération,Hors intersection,Normale,Autre collision,,,,,,,,,,,5,2,1,1.0,6
201400009625,0014-12-17 08:45:00,14,12,17,8,45,180,207,General LECLERC,46.99935,2.25935,Plein jour,En agglomération,Hors intersection,Pluie forte,Autre collision,,,,,,,,,,,1,2,1,3.0,6
201400009626,0014-02-19 19:15:00,14,2,19,19,15,180,229,,,,Nuit sans éclairage public,Hors agglomération,Giratoire,Temps couvert,Autre collision,,,,,,,,,,,3,1,6,8.0,6
201400009627,0014-06-04 08:00:00,14,6,4,8,0,180,226,,,,Plein jour,Hors agglomération,Hors intersection,Pluie légère,Autre collision,,,,,,,,,,,1,1,1,2.0,6
201400009628,0014-06-15 03:45:00,14,6,15,3,45,180,3,,,,Nuit sans éclairage public,Hors agglomération,Hors intersection,Normale,Autre collision,,,,,,,,,,,3,1,1,1.0,6
201400009629,0014-07-11 21:00:00,14,7,11,21,0,180,211,,47.19805,2.41603,Plein jour,Hors agglomération,Hors intersection,Normale,Deux véhicules - côté,,,,,,,,,,,1,1,1,1.0,3
201400009630,0014-11-04 13:15:00,14,11,4,13,15,180,189,,47.23764,2.45451,Plein jour,Hors agglomération,Hors intersection,Temps couvert,Deux véhicules - frontale,,,,,,,,,,,1,1,1,8.0,1
201400009631,0014-01-23 19:30:00,14,1,23,19,30,280,24,rue du bois de st jean,48.4064,1.47809,Nuit avec éclairage allumé,En agglomération,Hors intersection,Pluie légère,Autre collision,,,,,,,,,,,5,2,1,2.0,6
201400009632,0014-01-25 02:00:00,14,1,25,2,0,280,100,,,,Nuit sans éclairage public,Hors agglomération,Hors intersection,Pluie forte,Autre collision,,,,,,,,,,,3,1,1,3.0,6
201400009633,0014-02-09 03:30:00,14,2,9,3,30,280,100,,48.43792,1.37407,Nuit sans éclairage public,Hors agglomération,Hors intersection,Vent fort / tempête,Autre collision,,,,,,,,,,,3,1,1,6.0,6
201400009634,0014-02-22 17:30:00,14,2,22,17,30,280,358,,48.48734,1.48288,Plein jour,Hors agglomération,Hors intersection,Normale,Autre collision,,,,,,,,,,,1,1,1,1.0,6
201400009635,0014-03-19 20:00:00,14,3,19,20,0,280,22,,48.48509,1.3948,Nuit sans éclairage public,Hors agglomération,Hors intersection,Normale,Deux véhicules - côté,,,,,,,,,,,3,1,1,1.0,3
201400009636,0014-04-06 14:00:00,14,4,6,14,0,280,253,Rue des Fleurs,48.36279,1.43111,Plein jour,En agglomération,Hors intersection,Normale,Autre collision,,,,,,,,,,,1,2,1,1.0,6
201400009637,0014-05-17 07:15:00,14,5,17,7,15,280,358,,48.49699,1.4992,Plein jour,Hors agglomération,Hors intersection,Normale,Autre collision,,,,,,,,,,,1,1,1,1.0,6
201400009638,0014-05-29 14:30:00,14,5,29,14,30,280,102,,48.54815,1.37305,Plein jour,Hors agglomération,Hors intersection,Normale,Sans collision,,,,,,,,,,,1,1,1,1.0,7
201400009639,0014-05-30 05:00:00,14,5,30,5,0,280,309,,48.37991,1.58638,Crépuscule ou aube,Hors agglomération,Giratoire,Brouillard / fumée,Autre collision,,,,,,,,,,,2,1,6,5.0,6
201400009640,0014-06-26 01:15:00,14,6,26,1,15,280,122,,48.34868,1.49523,Nuit avec éclairage allumé,Hors agglomération,Hors intersection,Normale,Deux véhicules - frontale,,,,,,,,,,,5,1,1,1.0,1
201400009641,0014-07-08 15:45:00,14,7,8,15,45,280,48,,48.31913,1.42947,Plein jour,Hors agglomération,Hors intersection,Pluie légère,Deux véhicules - frontale,,,,,,,,,,,1,1,1,2.0,1
201400009642,0014-08-17 04:45:00,14,8,17,4,45,280,278,,48.45821,1.55966,Nuit sans éclairage public,Hors agglomération,Hors intersection,Normale,Autre collision,,,,,,,,,,,3,1,1,1.0,6
201400009643,0014-08-24 07:15:00,14,8,24,7,15,280,380,,48.39364,1.56978,Plein jour,Hors agglomération,Hors intersection,Normale,Autre collision,,,,,,,,,,,1,1,1,1.0,6
201400009644,0014-09-02 08:30:00,14,9,2,8,30,280,35,,48.38613,1.57665,Plein jour,Hors agglomération,Hors intersection,Normale,Trois véhicules et plus - en chaîne,,,,,,,,,,,1,1,1,1.0,4
201400009645,0014-09-27 19:00:00,14,9,27,19,0,280,380,,48.39813,1.60337,Plein jour,Hors agglomération,Hors intersection,Normale,Sans collision,,,,,,,,,,,1,1,1,1.0,7
201400009646,0014-10-08 07:45:00,14,10,8,7,45,280,158,,48.40529,1.39725,Crépuscule ou aube,Hors agglomération,Hors intersection,Pluie forte,Deux véhicules - frontale,,,,,,,,,,,2,1,1,3.0,1
201400009647,0014-10-19 05:30:00,14,10,19,5,30,280,158,,48.40584,1.45884,Crépuscule ou aube,Hors agglomération,Hors intersection,Normale,Deux véhicules - arrière,,,,,,,,,,,2,1,1,1.0,2
201400009648,0014-10-31 16:15:00,14,10,31,16,15,280,35,,48.37576,1.59251,Plein jour,Hors agglomération,Hors intersection,Normale,Trois véhicules et plus - collisions multiples,,,,,,,,,,,1,1,1,1.0,5
201400009649,0014-12-05 14:15:00,14,12,5,14,15,280,6,,48.44592,1.40092,Plein jour,Hors agglomération,Hors intersection,Normale,Deux véhicules - frontale,,,,,,,,,,,1,1,1,1.0,1
201400009650,0014-01-23 17:00:00,14,1,23,17,0,280,386,,,,Plein jour,Hors agglomération,Hors intersection,Temps couvert,Deux véhicules - frontale,,,,,,,,,,,1,1,1,8.0,1
201400009651,0014-04-11 18:00:00,14,4,11,18,0,280,325,,48.45826,1.39071,Plein jour,Hors agglomération,Hors intersection,Normale,Deux véhicules - côté,,,,,,,,,,,1,1,1,1.0,3
201400009652,0014-04-16 07:00:00,14,4,16,7,0,280,351,,48.5991,1.21735,Plein jour,Hors agglomération,Intersection en X,Normale,Deux véhicules - côté,,,,,,,,,,,1,1,2,1.0,3
201400009653,0014-05-16 19:00:00,14,5,16,19,0,280,290,,48.41841,1.28183,Plein jour,Hors agglomération,Hors intersection,Normale,Deux véhicules - côté,,,,,,,,,,,1,1,1,1.0,3
201400009654,0014-08-01 21:00:00,14,8,1,21,0,280,116,,48.43809,1.23602,Plein jour,Hors agglomération,Hors intersection,Normale,Deux véhicules - frontale,,,,,,,,,,,1,1,1,1.0,1
201400009655,0014-10-07 18:00:00,14,10,7,18,0,280,324,,48.481,1.243,Plein jour,Hors agglomération,Hors intersection,Normale,Deux véhicules - frontale,,,,,,,,,,,1,1,1,1.0,1
201400009656,0014-10-27 17:15:00,14,10,27,17,15,280,53,3 rue de Beaulieu,48.642,1.33,Plein jour,En agglomération,Hors intersection,Normale,Deux véhicules - frontale,,,,,,,,,,,1,2,1,1.0,1
201400009657,0014-07-22 08:30:00,14,7,22,8,30,280,61,AVENUE GALLIENI,48.20868,1.1777,Plein jour,En agglomération,Hors intersection,Normale,Autre collision,,,,,,,,,,,1,2,1,1.0,6
201400009658,0014-07-22 09:15:00,14,7,22,9,15,280,123,,48.23569,1.11174,Plein jour,Hors agglomération,Hors intersection,Normale,Deux véhicules - côté,,,,,,,,,,,1,1,1,1.0,3
201400009659,0014-09-12 19:15:00,14,9,12,19,15,280,41,,48.30039,1.28147,Crépuscule ou aube,Hors agglomération,Hors intersection,Temps éblouissant,Trois véhicules et plus - collisions multiples,,,,,,,,,,,2,1,1,7.0,5
201400009660,0014-09-28 00:15:00,14,9,28,0,15,280,66,01 RUE SAINT PIERRE,48.23999,1.25048,Nuit avec éclairage non allumé,En agglomération,Hors intersection,Normale,Autre collision,,,,,,,,,,,4,2,1,1.0,6
201400009661,0014-02-05 07:15:00,14,2,5,7,15,280,227,D18 - RUE DE GALLARDON,48.58406,1.58927,Nuit avec éclairage allumé,En agglomération,Hors intersection,Autre,Autre collision,,,,,,,,,,,5,2,1,9.0,6
201400009662,0014-03-23 09:00:00,14,3,23,9,0,280,172,,48.57364,1.67119,Plein jour,Hors agglomération,Hors intersection,Normale,Autre collision,,,,,,,,,,,1,1,1,1.0,6
201400009663,0014-03-30 18:15:00,14,3,30,18,15,280,74,,48.42466,1.8112,Plein jour,Hors agglomération,Hors intersection,Normale,Autre collision,,,,,,,,,,,1,1,1,1.0,6
201400009664,0014-04-12 16:00:00,14,4,12,16,0,280,317,,48.43149,1.74389,Plein jour,Hors agglomération,Hors intersection,Normale,Deux véhicules - côté,,,,,,,,,,,1,1,1,1.0,3
201400009665,0014-04-19 22:45:00,14,4,19,22,45,280,23,,48.52907,1.65573,Nuit sans éclairage public,Hors agglomération,Hors intersection,Pluie légère,Sans collision,,,,,,,,,,,3,1,1,2.0,7
201400009666,0014-05-02 22:30:00,14,5,2,22,30,280,84,,48.54358,1.54641,Nuit sans éclairage public,Hors agglomération,Intersection en X,Normale,Deux véhicules - arrière,,,,,,,,,,,3,1,2,1.0,2
201400009667,0014-06-04 11:45:00,14,6,4,11,45,280,421,,48.39743,1.70672,Plein jour,Hors agglomération,Intersection en X,Pluie légère,Deux véhicules - côté,,,,,,,,,,,1,1,2,2.0,3
201400009668,0014-09-11 20:45:00,14,9,11,20,45,280,363,RUE JEAN GUILLIEN,48.41242,1.87613,Nuit avec éclairage allumé,En agglomération,Hors intersection,Normale,Sans collision,,,,,,,,,,,5,2,1,1.0,7
201400009669,0014-09-18 18:00:00,14,9,18,18,0,280,140,17 ROUTE DE GALLARDON,48.606,1.676,Plein jour,En agglomération,Hors intersection,Normale,Deux véhicules - arrière,,,,,,,,,,,1,2,1,1.0,2
201400009670,0014-09-20 15:45:00,14,9,20,15,45,280,15,,48.47608,1.77022,Plein jour,Hors agglomération,Intersection en T,Normale,Deux véhicules - arrière,,,,,,,,,,,1,1,3,1.0,2
201400009671,0014-10-02 08:00:00,14,10,2,8,0,280,188,,48.499,1.697,Plein jour,Hors agglomération,Hors intersection,Normale,Deux véhicules - frontale,,,,,,,,,,,1,1,1,1.0,1
201400009672,0014-10-06 20:15:00,14,10,6,20,15,280,74,,48.416,1.801,Nuit sans éclairage public,Hors agglomération,Hors intersection,Normale,Deux véhicules - arrière,,,,,,,,,,,3,1,1,1.0,2
201400009673,0014-10-16 14:15:00,14,10,16,14,15,280,421,,,,Plein jour,Hors agglomération,Hors intersection,Normale,Deux véhicules - côté,,,,,,,,,,,1,1,1,1.0,3
201400009674,0014-11-08 23:45:00,14,11,8,23,45,280,188,,48.5,1.7,Nuit sans éclairage public,Hors agglomération,Hors intersection,Normale,Deux véhicules - frontale,,,,,,,,,,,3,1,1,1.0,1
201400009675,0014-11-28 17:30:00,14,11,28,17,30,280,317,,48.447,1.775,Crépuscule ou aube,Hors agglomération,Intersection en X,Pluie légère,Deux véhicules - frontale,,,,,,,,,,,2,1,2,2.0,1
201400009676,0014-01-14 06:15:00,14,1,14,6,15,280,199,21 av du Grl DE GAULLE,,,Nuit avec éclairage allumé,En agglomération,Hors intersection,Autre,Deux véhicules - côté,,,,,,,,,,,5,2,1,9.0,3
201400009677,0014-01-22 07:45:00,14,1,22,7,45,280,32,,,,Nuit sans éclairage public,Hors agglomération,Hors intersection,Normale,Autre collision,,,,,,,,,,,3,1,1,1.0,6
201400009678,0014-03-18 16:00:00,14,3,18,16,0,280,199,Rue de la madeleine,48.20239,1.87731,Plein jour,En agglomération,Hors intersection,Normale,Autre collision,,,,,,,,,,,1,2,1,1.0,6
201400009679,0014-05-31 14:00:00,14,5,31,14,0,280,391,87 RUE NATIONALE,48.1956,1.93713,Plein jour,En agglomération,Hors intersection,Normale,Autre collision,,,,,,,,,,,1,2,1,1.0,6
201400009680,0014-07-06 15:00:00,14,7,6,15,0,280,391,,48.19042,1.91082,Plein jour,Hors agglomération,Hors intersection,Pluie légère,Autre collision,,,,,,,,,,,1,1,1,2.0,6
201400009681,0014-07-10 01:15:00,14,7,10,1,15,280,47,,48.30934,1.68539,Nuit sans éclairage public,Hors agglomération,Hors intersection,Pluie légère,Deux véhicules - frontale,,,,,,,,,,,3,1,1,2.0,1
201400009682,0014-08-01 08:00:00,14,8,1,8,0,280,391,,48.1882,1.92728,Plein jour,Hors agglomération,Intersection en X,Normale,Deux véhicules - frontale,,,,,,,,,,,1,1,2,1.0,1
201400009683,0014-02-02 08:45:00,14,2,2,8,45,280,410,,48.04653,1.46588,Plein jour,Hors agglomération,Hors intersection,Autre,Deux véhicules - frontale,,,,,,,,,,,1,1,1,9.0,1
201400009684,0014-02-09 06:30:00,14,2,9,6,30,280,103,,47.98097,1.23178,Plein jour,Hors agglomération,Hors intersection,Normale,Autre collision,,,,,,,,,,,1,1,1,1.0,6
201400009685,0014-02-15 13:30:00,14,2,15,13,30,280,224,,48.05297,1.42248,Plein jour,Hors agglomération,Hors intersection,Normale,Autre collision,,,,,,,,,,,1,1,1,1.0,6
201400009686,0014-02-27 16:00:00,14,2,27,16,0,280,88,rue du val saint aignan,48.073,1.327,Plein jour,En agglomération,Hors intersection,Normale,Sans collision,,,,,,,,,,,1,2,1,1.0,7
201400009687,0014-02-26 15:45:00,14,2,26,15,45,280,233,avenue du 15 ao?t,48.117,1.332,Plein jour,En agglomération,Hors intersection,Normale,Autre collision,,,,,,,,,,,1,2,1,1.0,6
201400009688,0014-03-19 19:00:00,14,3,19,19,0,280,88,,48.07983,1.29812,Nuit sans éclairage public,Hors agglomération,Hors intersection,Normale,Sans collision,,,,,,,,,,,3,1,1,1.0,7
201400009689,0014-04-08 18:45:00,14,4,8,18,45,280,75,,48.05561,1.33665,Plein jour,Hors agglomération,Passage à niveau,Normale,Deux véhicules - côté,,,,,,,,,,,1,1,8,1.0,3
201400009690,0014-05-13 16:30:00,14,5,13,16,30,280,75,,48.06114,1.30538,Plein jour,Hors agglomération,Intersection en X,Pluie légère,Deux véhicules - côté,,,,,,,,,,,1,1,2,2.0,3
201400009691,0014-06-28 19:30:00,14,6,28,19,30,280,75,,48.0671,1.32072,Plein jour,Hors agglomération,Hors intersection,Normale,Trois véhicules et plus - collisions multiples,,,,,,,,,,,1,1,1,1.0,5
201400009692,0014-06-28 19:00:00,14,6,28,19,0,280,198,,48.07637,1.38264,Crépuscule ou aube,Hors agglomération,Hors intersection,Pluie forte,Sans collision,,,,,,,,,,,2,1,1,3.0,7
201400009693,0014-07-18 12:30:00,14,7,18,12,30,280,75,,48.04204,1.31232,Plein jour,Hors agglomération,Hors intersection,Normale,Autre collision,,,,,,,,,,,1,1,1,1.0,6
201400009694,0014-08-25 10:15:00,14,8,25,10,15,280,75,,48.06109,1.30541,Plein jour,Hors agglomération,Intersection en X,Pluie légère,Deux véhicules - côté,,,,,,,,,,,1,1,2,2.0,3
201400009695,0014-09-06 20:45:00,14,9,6,20,45,280,93,,48.10743,1.1737,Nuit sans éclairage public,Hors agglomération,Hors intersection,Normale,Sans collision,,,,,,,,,,,3,1,1,1.0,7
201400009696,0014-09-12 18:15:00,14,9,12,18,15,280,88,60 rue de CHOLLET,48.07621,1.32938,Plein jour,En agglomération,Intersection en T,Normale,Deux véhicules - côté,,,,,,,,,,,1,2,3,1.0,3
201400009697,0014-09-27 18:15:00,14,9,27,18,15,280,389,,48.02714,1.41683,Plein jour,Hors agglomération,Intersection en T,Normale,Deux véhicules - frontale,,,,,,,,,,,1,1,3,1.0,1
201400009698,0014-10-04 17:00:00,14,10,4,17,0,280,12,15 rue du Pont de pierre,48.09757,1.12332,Plein jour,En agglomération,Hors intersection,Normale,Autre collision,,,,,,,,,,,1,2,1,1.0,6
201400009699,0014-10-10 12:45:00,14,10,10,12,45,280,389,,,,Plein jour,Hors agglomération,Hors intersection,Normale,Deux véhicules - côté,,,,,,,,,,,1,1,1,1.0,3
201400009700,0014-10-10 21:00:00,14,10,10,21,0,280,75,,48.05528,1.31385,Nuit avec éclairage allumé,En agglomération,Hors intersection,Normale,Deux véhicules - côté,,,,,,,,,,,5,2,1,1.0,3
201400009701,0014-12-04 18:00:00,14,12,4,18,0,280,88,rue Henri DUNANT,48.0788,1.34895,Nuit avec éclairage allumé,En agglomération,Hors intersection,Pluie légère,Autre collision,,,,,,,,,,,5,2,1,2.0,6
201400009702,0014-12-23 18:45:00,14,12,23,18,45,280,389,,48.02427,1.3655,Nuit sans éclairage public,Hors agglomération,Hors intersection,Normale,Deux véhicules - frontale,,,,,,,,,,,3,1,1,1.0,1
201400009703,0014-01-30 17:00:00,14,1,30,17,0,280,121,,48.24162,1.95671,Plein jour,Hors agglomération,Hors intersection,Neige / grêle,Deux véhicules - frontale,,,,,,,,,,,1,1,1,4.0,1
201400009704,0014-03-14 10:45:00,14,3,14,10,45,280,108,,,,Plein jour,Hors agglomération,Hors intersection,Normale,Deux véhicules - côté,,,,,,,,,,,1,1,1,1.0,3
201400009705,0014-04-20 17:00:00,14,4,20,17,0,280,51,Route de M?roger,48.19249,1.40108,Plein jour,En agglomération,Hors intersection,Normale,Sans collision,,,,,,,,,,,1,2,1,1.0,7
201400009706,0014-08-05 11:00:00,14,8,5,11,0,280,51,01 rue de St Martin,48.1794,1.38257,Plein jour,En agglomération,Hors intersection,Normale,Deux véhicules - côté,,,,,,,,,,,1,2,1,1.0,3
201400009707,0014-09-21 15:00:00,14,9,21,15,0,280,51,,48.18284,1.40371,Plein jour,Hors agglomération,Hors intersection,Normale,Autre collision,,,,,,,,,,,1,1,1,1.0,6
201400009708,0014-11-12 14:00:00,14,11,12,14,0,280,19,,48.13136,1.85151,Plein jour,Hors agglomération,Hors intersection,Normale,Deux véhicules - côté,,,,,,,,,,,1,1,1,1.0,3
201400009709,0014-11-15 14:45:00,14,11,15,14,45,280,305,,48.178,1.47,Plein jour,Hors agglomération,Hors intersection,Normale,Autre collision,,,,,,,,,,,1,1,1,1.0,6
201400009710,0014-11-18 18:00:00,14,11,18,18,0,280,51,rue de la resisitance,48.1804,1.38443,Nuit avec éclairage allumé,En agglomération,Hors intersection,Normale,Autre collision,,,,,,,,,,,5,2,1,1.0,6
201400009711,0014-12-29 22:15:00,14,12,29,22,15,280,51,,48.17871,1.37371,Nuit sans éclairage public,Hors agglomération,Hors intersection,Normale,Autre collision,,,,,,,,,,,3,1,1,1.0,6
201400009712,0014-04-25 03:30:00,14,4,25,3,30,280,21,,48.35138,1.30653,Nuit sans éclairage public,Hors agglomération,Hors intersection,Pluie forte,Deux véhicules - frontale,,,,,,,,,,,3,1,1,3.0,1
201400009713,0014-08-15 16:30:00,14,8,15,16,30,280,398,,48.18705,1.13195,Plein jour,Hors agglomération,Hors intersection,Pluie légère,Deux véhicules - côté,,,,,,,,,,,1,1,1,2.0,3
201400009714,0014-09-07 17:45:00,14,9,7,17,45,280,127,,48.21184,1.31037,Plein jour,Hors agglomération,Hors intersection,Normale,Sans collision,,,,,,,,,,,1,1,1,1.0,7
201400009715,0014-11-11 23:45:00,14,11,11,23,45,280,61,,48.223,1.173,Nuit sans éclairage public,Hors agglomération,Hors intersection,Pluie légère,Autre collision,,,,,,,,,,,3,1,1,2.0,6
201400009716,0014-11-18 21:45:00,14,11,18,21,45,280,225,,48.342,1.292,Nuit sans éclairage public,Hors agglomération,Hors intersection,Brouillard / fumée,Deux véhicules - arrière,,,,,,,,,,,3,1,1,5.0,2
201400009717,0014-12-24 14:45:00,14,12,24,14,45,280,234,,48.351,1.237,Plein jour,Hors agglomération,Hors intersection,Temps couvert,Deux véhicules - frontale,,,,,,,,,,,1,1,1,8.0,1
201400009718,0014-02-22 07:15:00,14,2,22,7,15,280,124,,48.77124,1.15145,Plein jour,Hors agglomération,Hors intersection,Normale,Autre collision,,,,,,,,,,,1,1,1,1.0,6
201400009719,0014-03-24 13:15:00,14,3,24,13,15,280,98,,48.7506,1.42445,Plein jour,Hors agglomération,Hors intersection,Normale,Trois véhicules et plus - collisions multiples,,,,,,,,,,,1,1,1,1.0,5