accident_id,datetime,annee,mois,jour,heure,minute,departement,commune_insee,adresse,latitude,longitude,luminosite,agglomeration,intersection,meteo,collision,nb_vehicules,nb_usagers,nb_indemnes,nb_tues,nb_blesses_hosp,nb_blesses_legers,age_cond_1,age_cond_2,veh_type_cond_1,veh_type_cond_2,lum_code,agg_code,int_code,atm_code,col_code
201400009720,0014-07-25 15:15:00,14,7,25,15,15,280,171,,48.71332,1.31146,Plein jour,Hors agglomération,Intersection en X,Normale,Deux véhicules - côté,,,,,,,,,,,1,1,2,1.0,3
201400009721,0014-07-25 19:45:00,14,7,25,19,45,280,14,,48.66326,1.30869,Plein jour,Hors agglomération,Hors intersection,Normale,Autre collision,,,,,,,,,,,1,1,1,1.0,6
201400009722,0014-08-19 21:15:00,14,8,19,21,15,280,359,rue de nonancourt,48.76181,1.231,Nuit avec éclairage allumé,En agglomération,Hors intersection,Normale,Deux véhicules - arrière,,,,,,,,,,,5,2,1,1.0,2
201400009723,0014-09-10 20:00:00,14,9,10,20,0,280,82,,48.70085,1.43595,Plein jour,Hors agglomération,Intersection en X,Normale,Deux véhicules - côté,,,,,,,,,,,1,1,2,1.0,3
201400009724,0014-11-16 17:15:00,14,11,16,17,15,280,359,RN 12 - PK/PR 25,48.7496,1.2653,Crépuscule ou aube,En agglomération,Hors intersection,Temps couvert,Trois véhicules et plus - collisions multiples,,,,,,,,,,,2,2,1,8.0,5
201400009725,0014-11-22 15:30:00,14,11,22,15,30,280,171,,48.71186,1.34347,Plein jour,Hors agglomération,Hors intersection,Normale,Sans collision,,,,,,,,,,,1,1,1,1.0,7
201400009726,0014-12-11 23:15:00,14,12,11,23,15,280,348,,48.76492,1.1672,Nuit sans éclairage public,Hors agglomération,Hors intersection,Normale,Autre collision,,,,,,,,,,,3,1,1,1.0,6
201400009727,0014-02-22 14:30:00,14,2,22,14,30,280,371,,48.84644,1.39993,Plein jour,Hors agglomération,Hors intersection,Normale,Sans collision,,,,,,,,,,,1,1,1,1.0,7
201400009728,0014-04-25 19:00:00,14,4,25,19,0,280,235,,48.76879,1.51238,Plein jour,Hors agglomération,Hors intersection,Normale,Deux véhicules - frontale,,,,,,,,,,,1,1,1,1.0,1
201400009729,0014-06-06 16:45:00,14,6,6,16,45,280,293,,48.86249,1.49417,Plein jour,Hors agglomération,Hors intersection,Normale,Trois véhicules et plus - collisions multiples,,,,,,,,,,,1,1,1,1.0,5
201400009730,0014-07-04 14:45:00,14,7,4,14,45,280,377,,48.83287,1.4199,Plein jour,Hors agglomération,Hors intersection,Normale,Deux véhicules - côté,,,,,,,,,,,1,1,1,1.0,3
201400009731,0014-07-13 11:45:00,14,7,13,11,45,280,1,,48.7702,1.40845,Plein jour,Hors agglomération,Hors intersection,Pluie légère,Sans collision,,,,,,,,,,,1,1,1,2.0,7
201400009732,0014-07-16 08:15:00,14,7,16,8,15,280,7,Route d'OULINS,48.86262,1.4551,Plein jour,En agglomération,Hors intersection,Normale,Autre collision,,,,,,,,,,,1,2,1,1.0,6
201400009733,0014-10-23 08:30:00,14,10,23,8,30,280,1,,,,Plein jour,Hors agglomération,Hors intersection,Normale,Trois véhicules et plus - collisions multiples,,,,,,,,,,,1,1,1,1.0,5
201400009734,0014-10-26 10:45:00,14,10,26,10,45,280,185,,48.77278,1.54597,Plein jour,Hors agglomération,Hors intersection,Normale,Sans collision,,,,,,,,,,,1,1,1,1.0,7
201400009735,0014-11-07 08:00:00,14,11,7,8,0,280,1,,48.81964,1.44552,Plein jour,Hors agglomération,Hors intersection,Pluie légère,Deux véhicules - frontale,,,,,,,,,,,1,1,1,2.0,1
201400009736,0014-12-04 10:00:00,14,12,4,10,0,280,62,,48.76075,1.50423,Plein jour,Hors agglomération,Hors intersection,Normale,Sans collision,,,,,,,,,,,1,1,1,1.0,7
201400009737,0014-12-15 17:45:00,14,12,15,17,45,280,96,,48.89416,1.47761,Nuit sans éclairage public,Hors agglomération,Hors intersection,Pluie légère,Deux véhicules - arrière,,,,,,,,,,,3,1,1,2.0,2
201400009738,0014-12-22 19:15:00,14,12,22,19,15,280,1,,48.76958,1.4187,Nuit sans éclairage public,Hors agglomération,Autre intersection,Normale,Autre collision,,,,,,,,,,,3,1,9,1.0,6
201400009739,0014-12-30 10:15:00,14,12,30,10,15,280,130,,48.528,1.189,Plein jour,Hors agglomération,Hors intersection,Normale,Sans collision,,,,,,,,,,,1,1,1,1.0,7
201400009740,0014-01-18 19:15:00,14,1,18,19,15,280,120,,,,Nuit sans éclairage public,Hors agglomération,Hors intersection,Pluie légère,Deux véhicules - arrière,,,,,,,,,,,3,1,1,2.0,2
201400009741,0014-04-03 14:45:00,14,4,3,14,45,280,59,,48.68497,1.05881,Plein jour,Hors agglomération,Hors intersection,Normale,Deux véhicules - frontale,,,,,,,,,,,1,1,1,1.0,1
201400009742,0014-05-23 01:30:00,14,5,23,1,30,280,346,,48.70306,1.09724,Nuit sans éclairage public,Hors agglomération,Hors intersection,Normale,Autre collision,,,,,,,,,,,3,1,1,1.0,6
201400009743,0014-07-09 17:15:00,14,7,9,17,15,280,315,,48.72208,1.07495,Plein jour,Hors agglomération,Hors intersection,Normale,Deux véhicules - côté,,,,,,,,,,,1,1,1,1.0,3
201400009744,0014-01-13 12:30:00,14,1,13,12,30,280,279,,,,Plein jour,Hors agglomération,Hors intersection,Normale,Deux véhicules - frontale,,,,,,,,,,,1,1,1,1.0,1
201400009745,0014-02-13 08:30:00,14,2,13,8,30,280,374,,48.58193,1.43119,Plein jour,Hors agglomération,Hors intersection,Temps couvert,Deux véhicules - frontale,,,,,,,,,,,1,1,1,8.0,1
201400009746,0014-03-10 06:15:00,14,3,10,6,15,280,349,,48.63473,1.60577,Crépuscule ou aube,Hors agglomération,Hors intersection,Normale,Autre collision,,,,,,,,,,,2,1,1,1.0,6
201400009747,0014-04-19 08:00:00,14,4,19,8,0,280,54,,48.65393,1.39762,Plein jour,Hors agglomération,Hors intersection,Normale,Sans collision,,,,,,,,,,,1,1,1,1.0,7
201400009748,0014-09-02 15:45:00,14,9,2,15,45,280,56,,48.764,1.606,Plein jour,Hors agglomération,Hors intersection,Normale,Deux véhicules - côté,,,,,,,,,,,1,1,1,1.0,3
201400009749,0014-09-26 08:45:00,14,9,26,8,45,280,343,,48.69695,1.53487,Plein jour,Hors agglomération,Hors intersection,Temps éblouissant,Deux véhicules - frontale,,,,,,,,,,,1,1,1,7.0,1
201400009750,0014-04-18 19:00:00,14,4,18,19,0,280,236,,48.33636,0.84683,Plein jour,Hors agglomération,Hors intersection,Normale,Autre collision,,,,,,,,,,,1,1,1,1.0,6
201400009751,0014-07-14 00:15:00,14,7,14,0,15,280,280,,48.29083,0.80896,Nuit sans éclairage public,Hors agglomération,Hors intersection,Normale,Autre collision,,,,,,,,,,,3,1,1,1.0,6
201400009752,0014-09-30 18:00:00,14,9,30,18,0,280,236,rue  de  l'?glise,48.3365,0.83351,Plein jour,En agglomération,Hors intersection,Normale,Deux véhicules - côté,,,,,,,,,,,1,2,1,1.0,3
201400009753,0014-11-20 17:00:00,14,11,20,17,0,280,236,,48.33746,0.85305,Plein jour,Hors agglomération,Hors intersection,Normale,Autre collision,,,,,,,,,,,1,1,1,1.0,6
201400009754,0014-01-05 11:00:00,14,1,5,11,0,280,161,,,,Plein jour,Hors agglomération,Hors intersection,Temps couvert,Deux véhicules - frontale,,,,,,,,,,,1,1,1,8.0,1
201400009755,0014-03-21 19:45:00,14,3,21,19,45,280,214,41 avenue Charles de GAU,48.47023,1.01887,Nuit avec éclairage allumé,En agglomération,Hors intersection,Normale,Autre collision,,,,,,,,,,,5,2,1,1.0,6
201400009756,0014-04-15 17:30:00,14,4,15,17,30,280,335,,48.46055,1.00307,Plein jour,Hors agglomération,Hors intersection,Temps éblouissant,Deux véhicules - côté,,,,,,,,,,,1,1,1,7.0,3
201400009757,0014-06-07 11:15:00,14,6,7,11,15,280,109,,48.36568,1.13162,Plein jour,Hors agglomération,Intersection en Y,Normale,Deux véhicules - côté,,,,,,,,,,,1,1,4,1.0,3
201400009758,0014-09-27 10:45:00,14,9,27,10,45,280,214,avenue charles de gaulle,48.47157,1.02399,Plein jour,En agglomération,Hors intersection,Normale,Autre collision,,,,,,,,,,,1,2,1,1.0,6
201400009759,0014-12-20 16:15:00,14,12,20,16,15,280,265,D 923 PR 37 + 200,46.377,1.01699,Plein jour,En agglomération,Hors intersection,Temps couvert,Deux véhicules - côté,,,,,,,,,,,1,2,1,8.0,3
201400009760,0014-01-30 15:00:00,14,1,30,15,0,360,42,"LIEU DIT ""LA PENSEE""",46.67,1.48329,Plein jour,Hors agglomération,Hors intersection,Normale,Deux véhicules - frontale,,,,,,,,,,,1,1,1,1.0,1
201400009761,0014-05-30 14:15:00,14,5,30,14,15,360,219,,46.6228,1.54895,Plein jour,Hors agglomération,Hors intersection,Pluie légère,Sans collision,,,,,,,,,,,1,1,1,2.0,7
201400009762,0014-07-08 13:30:00,14,7,8,13,30,360,174,,46.4687,1.42535,Plein jour,Hors agglomération,Hors intersection,Normale,Autre collision,,,,,,,,,,,1,1,1,1.0,6
201400009763,0014-07-16 18:30:00,14,7,16,18,30,360,182,,46.4602,1.41592,Plein jour,Hors agglomération,Hors intersection,Normale,Autre collision,,,,,,,,,,,1,1,1,1.0,6
201400009764,0014-08-15 12:30:00,14,8,15,12,30,360,150,,46.4423,1.48769,Plein jour,Hors agglomération,Hors intersection,Normale,Autre collision,,,,,,,,,,,1,1,1,1.0,6
201400009765,0014-09-07 18:00:00,14,9,7,18,0,360,12,,46.4843,1.56152,Crépuscule ou aube,Hors agglomération,Hors intersection,Normale,Deux véhicules - frontale,,,,,,,,,,,2,1,1,1.0,1
201400009766,0014-09-14 13:15:00,14,9,14,13,15,360,67,,46.4817,1.2848,Plein jour,Hors agglomération,Hors intersection,Normale,Sans collision,,,,,,,,,,,1,1,1,1.0,7
201400009767,0014-09-19 21:30:00,14,9,19,21,30,360,32,,46.548,1.55327,Nuit sans éclairage public,Hors agglomération,Hors intersection,Temps couvert,Deux véhicules - côté,,,,,,,,,,,3,1,1,8.0,3
201400009768,0014-03-08 15:00:00,14,3,8,15,0,360,123,"LD ""LES GRANDES SALLES""",46.8122,1.28535,Plein jour,Hors agglomération,Hors intersection,Normale,Deux véhicules - frontale,,,,,,,,,,,1,1,1,1.0,1
201400009769,0014-06-08 17:00:00,14,6,8,17,0,360,241,AV MONNET/RUE DU MARAIS,46.8401,1.5291,Plein jour,En agglomération,Intersection en X,Normale,Autre collision,,,,,,,,,,,1,2,2,1.0,6
201400009770,0014-10-01 11:15:00,14,10,1,11,15,360,142,LIEU DIT LA SAURA,46.8173,1.59882,Plein jour,Hors agglomération,Hors intersection,Normale,Deux véhicules - frontale,,,,,,,,,,,1,1,1,1.0,1
201400009771,0014-01-01 05:30:00,14,1,1,5,30,360,34,,47.24,1.64946,Nuit sans éclairage public,Hors agglomération,Hors intersection,Pluie légère,Autre collision,,,,,,,,,,,3,1,1,2.0,6
201400009772,0014-03-19 22:00:00,14,3,19,22,0,360,230,,47.0742,1.84255,Nuit sans éclairage public,Hors agglomération,Hors intersection,Normale,Sans collision,,,,,,,,,,,3,1,1,1.0,7
201400009773,0014-04-21 00:01:00,14,4,21,0,1,360,229,,47.2067,1.6038,Nuit sans éclairage public,Hors agglomération,Hors intersection,Normale,Sans collision,,,,,,,,,,,3,1,1,1.0,7
201400009774,0014-04-28 06:00:00,14,4,28,6,0,360,13,,47.0349,1.60749,Nuit sans éclairage public,Hors agglomération,Hors intersection,Pluie légère,Trois véhicules et plus - collisions multiples,,,,,,,,,,,3,1,1,2.0,5
201400009775,0014-06-13 16:00:00,14,6,13,16,0,360,235,,47.1343,1.50145,Plein jour,Hors agglomération,Hors intersection,Normale,Autre collision,,,,,,,,,,,1,1,1,1.0,6
201400009776,0014-06-24 15:00:00,14,6,24,15,0,360,13,,47.0575,1.60342,Plein jour,Hors agglomération,Hors intersection,Normale,Autre collision,,,,,,,,,,,1,1,1,1.0,6
201400009777,0014-07-28 17:15:00,14,7,28,17,15,360,77,"LD ""LA TIERCERIE""",47.2047,1.54633,Plein jour,Hors agglomération,Hors intersection,Normale,Autre collision,,,,,,,,,,,1,1,1,1.0,6
201400009778,0014-08-18 11:00:00,14,8,18,11,0,360,34,1 RUE JEAN JAURES,46.8867,1.41613,Plein jour,En agglomération,Hors intersection,Normale,Autre collision,,,,,,,,,,,1,2,1,1.0,6
201400009779,0014-09-21 02:00:00,14,9,21,2,0,360,77,,47.208,1.53851,Nuit sans éclairage public,Hors agglomération,Hors intersection,Normale,Autre collision,,,,,,,,,,,3,1,1,1.0,6
201400009780,0014-10-02 20:45:00,14,10,2,20,45,360,162,,47.1792,1.62759,Nuit sans éclairage public,Hors agglomération,Hors intersection,Normale,Deux véhicules - côté,,,,,,,,,,,3,1,1,1.0,3
201400009781,0014-10-05 21:15:00,14,10,5,21,15,360,237,,47.0744,1.58937,Nuit sans éclairage public,Hors agglomération,Hors intersection,Normale,Autre collision,,,,,,,,,,,3,1,1,1.0,6
201400009782,0014-10-19 10:30:00,14,10,19,10,30,360,103,,47.1267,1.38005,Plein jour,Hors agglomération,Intersection en X,Temps éblouissant,Deux véhicules - côté,,,,,,,,,,,1,1,2,7.0,3
201400009783,0014-11-29 04:45:00,14,11,29,4,45,360,93,,46.9712,1.64376,Nuit sans éclairage public,Hors agglomération,Hors intersection,Normale,Autre collision,,,,,,,,,,,3,1,1,1.0,6
201400009784,0014-12-01 18:30:00,14,12,1,18,30,360,151,,47.2299,1.65522,Nuit sans éclairage public,Hors agglomération,Hors intersection,Pluie légère,Deux véhicules - côté,,,,,,,,,,,3,1,1,2.0,3
201400009785,0014-04-05 17:45:00,14,4,5,17,45,360,16,,46.5545,1.17798,Plein jour,Hors agglomération,Hors intersection,Normale,Deux véhicules - côté,,,,,,,,,,,1,1,1,1.0,3
201400009786,0014-05-16 20:15:00,14,5,16,20,15,360,53,ROUTE NATIONALE,46.6307,1.24944,Plein jour,En agglomération,Hors intersection,Normale,Deux véhicules - arrière,,,,,,,,,,,1,2,1,1.0,2
201400009787,0014-05-23 19:15:00,14,5,23,19,15,360,18,RUE DES ALOUETTES,46.635,1.062,Plein jour,En agglomération,Hors intersection,Normale,Sans collision,,,,,,,,,,,1,2,1,1.0,7
201400009788,0014-06-19 17:15:00,14,6,19,17,15,360,18,,46.6286,1.14533,Plein jour,Hors agglomération,Intersection en T,Normale,Deux véhicules - arrière,,,,,,,,,,,1,1,3,1.0,2
201400009789,0014-06-16 18:45:00,14,6,16,18,45,360,18,6 RUE FARDEAU,46.6288,1.06078,Plein jour,En agglomération,Hors intersection,Normale,Sans collision,,,,,,,,,,,1,2,1,1.0,7
201400009790,0014-08-19 15:45:00,14,8,19,15,45,360,167,,46.7031,0.98421,Plein jour,Hors agglomération,Hors intersection,Normale,Autre collision,,,,,,,,,,,1,1,1,1.0,6
201400009791,0014-09-06 00:01:00,14,9,6,0,1,360,144,RD 11,46.6865,1.43335,Nuit sans éclairage public,En agglomération,Hors intersection,Normale,Autre collision,,,,,,,,,,,3,2,1,1.0,6
201400009792,0014-10-19 18:30:00,14,10,19,18,30,360,113,87 RUE DE LA POSTE,46.8032,1.05363,Plein jour,En agglomération,Hors intersection,Normale,Deux véhicules - côté,,,,,,,,,,,1,2,1,1.0,3
201400009793,0014-11-01 12:45:00,14,11,1,12,45,360,224,,46.7355,0.97164,Plein jour,Hors agglomération,Intersection en X,Normale,Deux véhicules - côté,,,,,,,,,,,1,1,2,1.0,3
201400009794,0014-12-03 07:45:00,14,12,3,7,45,360,176,74 ROUTE NATIONALE,46.6293,1.1694,Crépuscule ou aube,En agglomération,Intersection en Y,Temps couvert,Autre collision,,,,,,,,,,,2,2,4,8.0,6
201400009795,0014-12-09 23:45:00,14,12,9,23,45,360,224,,46.7104,0.95523,Nuit sans éclairage public,Hors agglomération,Hors intersection,Normale,Autre collision,,,,,,,,,,,3,1,1,1.0,6
201400009796,0014-12-16 19:00:00,14,12,16,19,0,360,16,,46.5734,1.15418,Nuit sans éclairage public,Hors agglomération,Hors intersection,Normale,Deux véhicules - frontale,,,,,,,,,,,3,1,1,1.0,1
201400009797,0014-12-26 10:00:00,14,12,26,10,0,360,66,,46.7084,1.11095,Crépuscule ou aube,Hors agglomération,Hors intersection,Brouillard / fumée,Sans collision,,,,,,,,,,,2,1,1,5.0,7
201400009798,0014-05-08 16:15:00,14,5,8,16,15,360,70,,46.4568,1.59868,Plein jour,Hors agglomération,Hors intersection,Normale,Sans collision,,,,,,,,,,,1,1,1,1.0,7
201400009799,0014-03-15 05:00:00,14,3,15,5,0,360,109,,46.5666,1.96278,Nuit sans éclairage public,Hors agglomération,Hors intersection,Normale,Autre collision,,,,,,,,,,,3,1,1,1.0,6
201400009800,0014-05-28 15:15:00,14,5,28,15,15,360,46,RUE MAURICE ROLLINAT,46.5857,1.98967,Plein jour,En agglomération,Hors intersection,Normale,Autre collision,,,,,,,,,,,1,2,1,1.0,6
201400009801,0014-06-14 22:45:00,14,6,14,22,45,360,143,,46.6248,1.9743,Nuit avec éclairage allumé,Hors agglomération,Hors intersection,Normale,Autre collision,,,,,,,,,,,5,1,1,1.0,6
201400009802,0014-06-30 13:15:00,14,6,30,13,15,360,227,,46.5234,2.15596,Plein jour,Hors agglomération,Intersection en Y,Normale,Deux véhicules - côté,,,,,,,,,,,1,1,4,1.0,3
201400009803,0014-09-19 09:45:00,14,9,19,9,45,360,1,RUE LA MARCHE/AV VERDUN,46.4311,1.82932,Plein jour,En agglomération,Intersection en X,Normale,Deux véhicules - frontale,,,,,,,,,,,1,2,2,1.0,1
201400009804,0014-10-15 14:15:00,14,10,15,14,15,360,25,,46.5619,2.04873,Plein jour,Hors agglomération,Intersection en X,Normale,Deux véhicules - côté,,,,,,,,,,,1,1,2,1.0,3
201400009805,0014-02-07 04:45:00,14,2,7,4,45,360,112,,,,Nuit sans éclairage public,Hors agglomération,Hors intersection,Normale,Autre collision,,,,,,,,,,,3,1,1,1.0,6
201400009806,0014-08-01 16:00:00,14,8,1,16,0,360,56,,46.5573,1.75079,Plein jour,Hors agglomération,Hors intersection,Normale,Deux véhicules - frontale,,,,,,,,,,,1,1,1,1.0,1
201400009807,0014-01-06 11:15:00,14,1,6,11,15,360,3,,46.8106,1.95351,Plein jour,Hors agglomération,Intersection en X,Normale,Deux véhicules - côté,,,,,,,,,,,1,1,2,1.0,3
201400009808,0014-02-23 16:15:00,14,2,23,16,15,360,52,,46.9039,2.0659,Plein jour,Hors agglomération,Hors intersection,Normale,Autre collision,,,,,,,,,,,1,1,1,1.0,6
201400009809,0014-03-09 00:30:00,14,3,9,0,30,360,121,,46.8157,1.94246,Nuit sans éclairage public,Hors agglomération,Hors intersection,Normale,Deux véhicules - frontale,,,,,,,,,,,3,1,1,1.0,1
201400009810,0014-03-19 00:15:00,14,3,19,0,15,360,125,,47.0244,2.06765,Nuit avec éclairage allumé,En agglomération,Hors intersection,Normale,Autre collision,,,,,,,,,,,5,2,1,1.0,6
201400009811,0014-03-23 11:45:00,14,3,23,11,45,360,140,,46.8665,1.8587,Plein jour,Hors agglomération,Hors intersection,Normale,Sans collision,,,,,,,,,,,1,1,1,1.0,7
201400009812,0014-04-08 00:01:00,14,4,8,0,1,360,88,,47.0809,1.31557,Nuit sans éclairage public,Hors agglomération,Hors intersection,Normale,Autre collision,,,,,,,,,,,3,1,1,1.0,6
201400009813,0014-05-11 11:00:00,14,5,11,11,0,360,98,,46.9936,1.91782,Plein jour,Hors agglomération,Intersection en X,Pluie légère,Deux véhicules - côté,,,,,,,,,,,1,1,2,2.0,3
201400009814,0014-05-16 16:00:00,14,5,16,16,0,360,64,RUE LAFAYETTE,46.8251,1.77314,Plein jour,Hors agglomération,Hors intersection,Normale,Deux véhicules - côté,,,,,,,,,,,1,1,1,1.0,3
201400009815,0014-05-27 17:45:00,14,5,27,17,45,360,88,,46.955,2.045,Plein jour,Hors agglomération,Hors intersection,Autre,Deux véhicules - frontale,,,,,,,,,,,1,1,1,9.0,1
201400009816,0014-06-17 14:30:00,14,6,17,14,30,360,199,14 BIS ROUTE DE REUILLY,47.0105,2.02477,Plein jour,En agglomération,Hors intersection,Normale,Autre collision,,,,,,,,,,,1,2,1,1.0,6
201400009817,0014-07-30 17:00:00,14,7,30,17,0,360,98,RD65/RUE DU MAL FERRAND,46.9835,1.90817,Plein jour,En agglomération,Intersection en T,Normale,Deux véhicules - frontale,,,,,,,,,,,1,2,3,1.0,1
201400009818,0014-09-07 17:15:00,14,9,7,17,15,360,3,,46.7885,1.94661,Plein jour,Hors agglomération,Hors intersection,Normale,Sans collision,,,,,,,,,,,1,1,1,1.0,7
201400009819,0014-10-26 15:00:00,14,10,26,15,0,360,88,,,,Plein jour,Hors agglomération,Hors intersection,Normale,Autre collision,,,,,,,,,,,1,1,1,1.0,6
201400009820,0014-12-17 11:45:00,14,12,17,11,45,360,222,,46.9244,1.96339,Plein jour,Hors agglomération,Hors intersection,Pluie légère,Sans collision,,,,,,,,,,,1,1,1,2.0,7
201400009821,0014-03-20 12:00:00,14,3,20,12,0,370,185,VILLERET,,,Plein jour,En agglomération,Hors intersection,Normale,Deux véhicules - frontale,,,,,,,,,,,1,2,1,1.0,1
201400009822,0014-03-30 18:00:00,14,3,30,18,0,370,163,20 bd du sevrage,,,Plein jour,En agglomération,Hors intersection,Pluie légère,Deux véhicules - côté,,,,,,,,,,,1,2,1,2.0,3
201400009823,0014-04-22 17:30:00,14,4,22,17,30,370,161,,,,Plein jour,Hors agglomération,Hors intersection,Normale,Autre collision,,,,,,,,,,,1,1,1,1.0,6
201400009824,0014-05-21 14:30:00,14,5,21,14,30,370,163,7 RUE DE POCE,,,Plein jour,Hors agglomération,Hors intersection,Temps couvert,Autre collision,,,,,,,,,,,1,1,1,8.0,6
201400009825,0014-07-18 16:45:00,14,7,18,16,45,370,171,,,,Plein jour,Hors agglomération,Hors intersection,Normale,Trois véhicules et plus - en chaîne,,,,,,,,,,,1,1,1,1.0,4
201400009826,0014-09-08 07:45:00,14,9,8,7,45,370,163,,,,Plein jour,Hors agglomération,Hors intersection,Normale,Sans collision,,,,,,,,,,,1,1,1,1.0,7
201400009827,0014-09-24 07:30:00,14,9,24,7,30,370,163,BOULEVARD DU SEVRAGE,,,Plein jour,En agglomération,Hors intersection,Normale,Deux véhicules - côté,,,,,,,,,,,1,2,1,1.0,3
201400009828,0014-09-27 18:00:00,14,9,27,18,0,370,131,31 RUE DE BLOIS,,,Plein jour,En agglomération,Hors intersection,Normale,Autre collision,,,,,,,,,,,1,2,1,1.0,6
201400009829,0014-11-09 15:15:00,14,11,9,15,15,370,3,,,,Plein jour,En agglomération,Hors intersection,Normale,Deux véhicules - frontale,,,,,,,,,,,1,2,1,1.0,1
201400009830,0014-12-03 15:45:00,14,12,3,15,45,370,185,,,,Plein jour,En agglomération,Hors intersection,Temps couvert,Autre collision,,,,,,,,,,,1,2,1,8.0,6
201400009831,0014-03-30 20:00:00,14,3,30,20,0,370,13,,,,Crépuscule ou aube,Hors agglomération,Hors intersection,Temps couvert,Autre collision,,,,,,,,,,,2,1,1,8.0,6
201400009832,0014-04-04 12:00:00,14,4,4,12,0,370,55,,,,Plein jour,Hors agglomération,Hors intersection,Normale,Deux véhicules - frontale,,,,,,,,,,,1,1,1,1.0,1
201400009833,0014-06-09 12:45:00,14,6,9,12,45,370,217,ROUTE DE LA CHAPPE,,,Plein jour,Hors agglomération,Hors intersection,Normale,Deux véhicules - frontale,,,,,,,,,,,1,1,1,1.0,1
201400009834,0014-01-16 19:45:00,14,1,16,19,45,370,274,,,,Nuit sans éclairage public,Hors agglomération,Hors intersection,Pluie légère,Deux véhicules - côté,,,,,,,,,,,3,1,1,2.0,3
201400009835,0014-02-07 16:45:00,14,2,7,16,45,370,152,,,,Plein jour,Hors agglomération,Hors intersection,Normale,Deux véhicules - arrière,,,,,,,,,,,1,1,1,1.0,2
201400009836,0014-05-22 17:30:00,14,5,22,17,30,370,207,LA VACHERIE,,,Plein jour,Hors agglomération,Hors intersection,Normale,Sans collision,,,,,,,,,,,1,1,1,1.0,7
201400009837,0014-07-17 16:15:00,14,7,17,16,15,370,151,LA VELLERIE,,,Plein jour,Hors agglomération,Intersection en X,Normale,Deux véhicules - côté,,,,,,,,,,,1,1,2,1.0,3
201400009838,0014-08-17 17:45:00,14,8,17,17,45,370,151,LA ROUSSELIERE,,,Plein jour,Hors agglomération,Hors intersection,Normale,Deux véhicules - frontale,,,,,,,,,,,1,1,1,1.0,1
201400009839,0014-08-20 22:45:00,14,8,20,22,45,370,170,,,,Nuit sans éclairage public,Hors agglomération,Hors intersection,Normale,Autre collision,,,,,,,,,,,3,1,1,1.0,6
201400009840,0014-12-02 09:00:00,14,12,2,9,0,370,21,,,,Plein jour,Hors agglomération,Hors intersection,Brouillard / fumée,Sans collision,,,,,,,,,,,1,1,1,5.0,7
201400009841,0014-04-20 18:15:00,14,4,20,18,15,370,231,,,,Plein jour,Hors agglomération,Hors intersection,Normale,Sans collision,,,,,,,,,,,1,1,1,1.0,7
201400009842,0014-06-21 16:15:00,14,6,21,16,15,370,68,LES GRANDES MAISONS,,,Plein jour,Hors agglomération,Intersection en X,Normale,Deux véhicules - côté,,,,,,,,,,,1,1,2,1.0,3
201400009843,0014-01-17 19:15:00,14,1,17,19,15,370,153,La croix poelon,,,Nuit avec éclairage allumé,En agglomération,Hors intersection,Normale,Deux véhicules - frontale,,,,,,,,,,,5,2,1,1.0,1
201400009844,0014-01-25 18:45:00,14,1,25,18,45,370,153,80 rue nationale,,,Nuit avec éclairage allumé,En agglomération,Hors intersection,Pluie légère,Autre collision,,,,,,,,,,,5,2,1,2.0,6
201400009845,0014-03-07 16:45:00,14,3,7,16,45,370,281,,,,Plein jour,Hors agglomération,Hors intersection,Normale,Deux véhicules - frontale,,,,,,,,,,,1,1,1,1.0,1
201400009846,0014-03-05 18:30:00,14,3,5,18,30,370,169,,,,Plein jour,Hors agglomération,Intersection en X,Normale,Deux véhicules - côté,,,,,,,,,,,1,1,2,1.0,3
201400009847,0014-04-17 18:00:00,14,4,17,18,0,370,153,,,,Plein jour,Hors agglomération,Hors intersection,Normale,Trois véhicules et plus - en chaîne,,,,,,,,,,,1,1,1,1.0,4
201400009848,0014-05-17 14:15:00,14,5,17,14,15,370,52,,,,Plein jour,Hors agglomération,Hors intersection,Normale,Deux véhicules - frontale,,,,,,,,,,,1,1,1,1.0,1
201400009849,0014-05-18 17:30:00,14,5,18,17,30,370,281,64 ROUTE DE MONNAIE,,,Plein jour,Hors agglomération,Hors intersection,Normale,Deux véhicules - côté,,,,,,,,,,,1,1,1,1.0,3
201400009850,0014-07-17 10:30:00,14,7,17,10,30,370,281,RUE  LEON BRULE,,,Plein jour,En agglomération,Intersection en X,Normale,Deux véhicules - côté,,,,,,,,,,,1,2,2,1.0,3
201400009851,0014-07-22 21:30:00,14,7,22,21,30,370,153,RUE DE  PIERRE A BIDEAU,,,Plein jour,En agglomération,Hors intersection,Normale,Autre collision,,,,,,,,,,,1,2,1,1.0,6
201400009852,0014-08-05 16:15:00,14,8,5,16,15,370,153,,,,Plein jour,Hors agglomération,Hors intersection,Normale,Sans collision,,,,,,,,,,,1,1,1,1.0,7
201400009853,0014-08-31 08:00:00,14,8,31,8,0,370,224,,,,Plein jour,Hors agglomération,Hors intersection,Normale,Autre collision,,,,,,,,,,,1,1,1,1.0,6