accident_id,datetime,annee,mois,jour,heure,minute,departement,commune_insee,adresse,latitude,longitude,luminosite,agglomeration,intersection,meteo,collision,nb_vehicules,nb_usagers,nb_indemnes,nb_tues,nb_blesses_hosp,nb_blesses_legers,age_cond_1,age_cond_2,veh_type_cond_1,veh_type_cond_2,lum_code,agg_code,int_code,atm_code,col_code
201400009854,0014-09-08 03:00:00,14,9,8,3,0,370,153,EN AGGLO,,,Nuit sans éclairage public,Hors agglomération,Hors intersection,Normale,Sans collision,,,,,,,,,,,3,1,1,1.0,7
201400009855,0014-09-11 07:15:00,14,9,11,7,15,370,281,rue Rabelais,,,Crépuscule ou aube,En agglomération,Intersection en X,Normale,Deux véhicules - côté,,,,,,,,,,,2,2,2,1.0,3
201400009856,0014-10-10 08:00:00,14,10,10,8,0,370,9,,,,Plein jour,Hors agglomération,Hors intersection,Brouillard / fumée,Deux véhicules - frontale,,,,,,,,,,,1,1,1,5.0,1
201400009857,0014-12-09 02:00:00,14,12,9,2,0,370,63,,,,Nuit sans éclairage public,Hors agglomération,Hors intersection,Autre,Sans collision,,,,,,,,,,,3,1,1,9.0,7
201400009858,0014-12-17 20:00:00,14,12,17,20,0,370,52,RUE DES ECOLES,,,Nuit avec éclairage allumé,En agglomération,Hors intersection,Pluie légère,Autre collision,,,,,,,,,,,5,2,1,2.0,6
201400009859,0014-02-02 18:45:00,14,2,2,18,45,370,210,,,,Nuit sans éclairage public,Hors agglomération,Hors intersection,Normale,Sans collision,,,,,,,,,,,3,1,1,1.0,7
201400009860,0014-02-18 07:30:00,14,2,18,7,30,370,76,CINAIS,,,Crépuscule ou aube,Hors agglomération,Hors intersection,Normale,Deux véhicules - côté,,,,,,,,,,,2,1,1,1.0,3
201400009861,0014-04-03 19:15:00,14,4,3,19,15,370,118,,,,Plein jour,Hors agglomération,Hors intersection,Pluie forte,Deux véhicules - frontale,,,,,,,,,,,1,1,1,3.0,1
201400009862,0014-04-06 18:30:00,14,4,6,18,30,370,24,,,,Plein jour,Hors agglomération,Hors intersection,Normale,Autre collision,,,,,,,,,,,1,1,1,1.0,6
201400009863,0014-04-17 21:00:00,14,4,17,21,0,370,31,ROUTE DU TAPIS,,,Plein jour,Hors agglomération,Hors intersection,Normale,Trois véhicules et plus - collisions multiples,,,,,,,,,,,1,1,1,1.0,5
201400009864,0014-05-03 10:15:00,14,5,3,10,15,370,72,,,,Plein jour,Hors agglomération,Hors intersection,Normale,Deux véhicules - frontale,,,,,,,,,,,1,1,1,1.0,1
201400009865,0014-06-07 02:00:00,14,6,7,2,0,370,74,L ILETTE,,,Nuit sans éclairage public,Hors agglomération,Hors intersection,Normale,Sans collision,,,,,,,,,,,3,1,1,1.0,7
201400009866,0014-06-26 13:30:00,14,6,26,13,30,370,74,RUE DES REAUX,,,Plein jour,En agglomération,Hors intersection,Normale,Deux véhicules - frontale,,,,,,,,,,,1,2,1,1.0,1
201400009867,0014-07-03 14:00:00,14,7,3,14,0,370,31,RUE DE LA COGNARDERIE,,,Plein jour,En agglomération,Intersection en X,Normale,Deux véhicules - côté,,,,,,,,,,,1,2,2,1.0,3
201400009868,0014-08-09 17:45:00,14,8,9,17,45,370,58,RUE  TOURS/ PETITE ALLEE,,,Plein jour,En agglomération,Autre intersection,Normale,Autre collision,,,,,,,,,,,1,2,9,1.0,6
201400009869,0014-08-23 11:00:00,14,8,23,11,0,370,74,RUE DE  L'ILETTE,,,Plein jour,Hors agglomération,Intersection en T,Normale,Deux véhicules - côté,,,,,,,,,,,1,1,3,1.0,3
201400009870,0014-08-31 13:30:00,14,8,31,13,30,370,120,,,,Plein jour,Hors agglomération,Hors intersection,Normale,Trois véhicules et plus - collisions multiples,,,,,,,,,,,1,1,1,1.0,5
201400009871,0014-09-10 19:30:00,14,9,10,19,30,370,120,RD71/RD35,,,Plein jour,Hors agglomération,Intersection en X,Normale,Sans collision,,,,,,,,,,,1,1,2,1.0,7
201400009872,0014-09-16 19:45:00,14,9,16,19,45,370,31,RUE DE LA CAYOLLE,,,Crépuscule ou aube,Hors agglomération,Hors intersection,Normale,Deux véhicules - frontale,,,,,,,,,,,2,1,1,1.0,1
201400009873,0014-09-21 01:30:00,14,9,21,1,30,370,58,LE PORTEAU,,,Nuit sans éclairage public,Hors agglomération,Hors intersection,Pluie légère,Sans collision,,,,,,,,,,,3,1,1,2.0,7
201400009874,0014-12-11 14:30:00,14,12,11,14,30,370,11,RUE MARCEL  VIGNAUD,,,Plein jour,En agglomération,Hors intersection,Normale,Autre collision,,,,,,,,,,,1,2,1,1.0,6
201400009875,0014-01-07 17:15:00,14,1,7,17,15,370,232,LA GRENOUILLERE,,,Plein jour,Hors agglomération,Hors intersection,Temps couvert,Deux véhicules - frontale,,,,,,,,,,,1,1,1,8.0,1
201400009876,0014-03-07 08:45:00,14,3,7,8,45,370,205,,,,Plein jour,Hors agglomération,Hors intersection,Normale,Deux véhicules - côté,,,,,,,,,,,1,1,1,1.0,3
201400009877,0014-03-17 00:45:00,14,3,17,0,45,370,128,,,,Nuit sans éclairage public,Hors agglomération,Hors intersection,Normale,Autre collision,,,,,,,,,,,3,1,1,1.0,6
201400009878,0014-05-09 20:15:00,14,5,9,20,15,370,257,LE CHATELET,,,Plein jour,Hors agglomération,Hors intersection,Normale,Autre collision,,,,,,,,,,,1,1,1,1.0,6
201400009879,0014-06-14 18:15:00,14,6,14,18,15,370,150,LA BORDE,,,Plein jour,Hors agglomération,Hors intersection,Normale,Autre collision,,,,,,,,,,,1,1,1,1.0,6
201400009880,0014-07-16 14:15:00,14,7,16,14,15,370,14,,,,Plein jour,Hors agglomération,Hors intersection,Normale,Deux véhicules - frontale,,,,,,,,,,,1,1,1,1.0,1
201400009881,0014-08-20 10:45:00,14,8,20,10,45,370,77,,,,Plein jour,Hors agglomération,Autre intersection,Normale,Deux véhicules - frontale,,,,,,,,,,,1,1,9,1.0,1
201400009882,0014-08-27 18:15:00,14,8,27,18,15,370,200,CAR JEHAN DE SAINTRE,,,Plein jour,Hors agglomération,Hors intersection,Normale,Deux véhicules - arrière,,,,,,,,,,,1,1,1,1.0,2
201400009883,0014-10-05 17:15:00,14,10,5,17,15,370,67,LA BARBEE,,,Plein jour,Hors agglomération,Hors intersection,Normale,Deux véhicules - côté,,,,,,,,,,,1,1,1,1.0,3
201400009884,0014-11-04 19:00:00,14,11,4,19,0,370,200,,,,Nuit sans éclairage public,Hors agglomération,Hors intersection,Normale,Deux véhicules - frontale,,,,,,,,,,,3,1,1,1.0,1
201400009885,0014-04-02 20:30:00,14,4,2,20,30,370,65,BOIS DE LA PICHARDIERE,,,Plein jour,Hors agglomération,Hors intersection,Normale,Autre collision,,,,,,,,,,,1,1,1,1.0,6
201400009886,0014-04-11 08:00:00,14,4,11,8,0,370,165,03 rue marron,,,Plein jour,En agglomération,Hors intersection,Temps éblouissant,Autre collision,,,,,,,,,,,1,2,1,7.0,6
201400009887,0014-05-16 11:45:00,14,5,16,11,45,370,178,,,,Plein jour,Hors agglomération,Hors intersection,Normale,Deux véhicules - côté,,,,,,,,,,,1,1,1,1.0,3
201400009888,0014-06-20 21:15:00,14,6,20,21,15,370,12,LE MARCHAIS BLANC,,,Plein jour,Hors agglomération,Hors intersection,Normale,Deux véhicules - frontale,,,,,,,,,,,1,1,1,1.0,1
201400009889,0014-07-06 06:45:00,14,7,6,6,45,370,129,,,,Plein jour,Hors agglomération,Hors intersection,Pluie légère,Autre collision,,,,,,,,,,,1,1,1,2.0,6
201400009890,0014-08-08 14:45:00,14,8,8,14,45,370,226,INTER ROUTE DES COTEAUX,,,Plein jour,Hors agglomération,Hors intersection,Normale,Deux véhicules - côté,,,,,,,,,,,1,1,1,1.0,3
201400009891,0014-08-28 18:00:00,14,8,28,18,0,370,4,,,,Plein jour,Hors agglomération,Autre intersection,Normale,Deux véhicules - frontale,,,,,,,,,,,1,1,9,1.0,1
201400009892,0014-09-13 13:30:00,14,9,13,13,30,370,180,7 RUE DU PONT,,,Plein jour,En agglomération,Hors intersection,Normale,Deux véhicules - côté,,,,,,,,,,,1,2,1,1.0,3
201400009893,0014-10-29 21:45:00,14,10,29,21,45,370,226,32 AV GL DE GAULLE,,,Nuit avec éclairage allumé,En agglomération,Hors intersection,Normale,Autre collision,,,,,,,,,,,5,2,1,1.0,6
201400009894,0014-11-06 18:30:00,14,11,6,18,30,370,260,LE PETIT CREUILLY,,,Nuit sans éclairage public,Hors agglomération,Hors intersection,Normale,Autre collision,,,,,,,,,,,3,1,1,1.0,6
201400009895,0014-12-26 02:15:00,14,12,26,2,15,370,176,,,,Nuit sans éclairage public,Hors agglomération,Hors intersection,Normale,Autre collision,,,,,,,,,,,3,1,1,1.0,6
201400009896,0014-05-15 17:30:00,14,5,15,17,30,370,49,,,,Plein jour,Hors agglomération,Hors intersection,Normale,Deux véhicules - frontale,,,,,,,,,,,1,1,1,1.0,1
201400009897,0014-06-18 07:45:00,14,6,18,7,45,370,183,LA COUTIERE,,,Plein jour,Hors agglomération,Hors intersection,Normale,Trois véhicules et plus - collisions multiples,,,,,,,,,,,1,1,1,1.0,5
201400009898,0014-07-04 03:30:00,14,7,4,3,30,370,23,,,,Nuit sans éclairage public,Hors agglomération,Hors intersection,Normale,Autre collision,,,,,,,,,,,3,1,1,1.0,6
201400009899,0014-07-09 07:45:00,14,7,9,7,45,370,66,15 route Flandres Dunker,,,Plein jour,En agglomération,Hors intersection,Normale,Deux véhicules - frontale,,,,,,,,,,,1,2,1,1.0,1
201400009900,0014-08-09 16:15:00,14,8,9,16,15,370,46,PROXIMITE DE MONTPOUPON,,,Plein jour,Hors agglomération,Hors intersection,Normale,Autre collision,,,,,,,,,,,1,1,1,1.0,6
201400009901,0014-09-22 08:15:00,14,9,22,8,15,370,39,,,,Plein jour,Hors agglomération,Hors intersection,Normale,Autre collision,,,,,,,,,,,1,1,1,1.0,6
201400009902,0014-01-28 14:00:00,14,1,28,14,0,370,113,,,,Plein jour,Hors agglomération,Hors intersection,Normale,Deux véhicules - frontale,,,,,,,,,,,1,1,1,1.0,1
201400009903,0014-03-06 08:30:00,14,3,6,8,30,370,181,LA TRIPIERE,,,Plein jour,Hors agglomération,Intersection en T,Temps éblouissant,Deux véhicules - frontale,,,,,,,,,,,1,1,3,7.0,1
201400009904,0014-03-12 17:30:00,14,3,12,17,30,370,113,,,,Plein jour,Hors agglomération,Hors intersection,Normale,Autre collision,,,,,,,,,,,1,1,1,1.0,6
201400009905,0014-04-29 11:15:00,14,4,29,11,15,370,44,,,,Plein jour,Hors agglomération,Hors intersection,Pluie légère,Sans collision,,,,,,,,,,,1,1,1,2.0,7
201400009906,0014-06-04 17:45:00,14,6,4,17,45,370,181,,,,Plein jour,Hors agglomération,Hors intersection,Pluie légère,Sans collision,,,,,,,,,,,1,1,1,2.0,7
201400009907,0014-07-27 11:30:00,14,7,27,11,30,370,107,LA CHENAIE,,,Plein jour,Hors agglomération,Intersection en X,Normale,Deux véhicules - côté,,,,,,,,,,,1,1,2,1.0,3
201400009908,0014-08-16 11:45:00,14,8,16,11,45,370,33,MOULIN DE  HAMEAU,,,Plein jour,Hors agglomération,Hors intersection,Normale,Deux véhicules - arrière,,,,,,,,,,,1,1,1,1.0,2
201400009909,0014-09-27 21:15:00,14,9,27,21,15,370,28,LA COUTURE,,,Nuit sans éclairage public,Hors agglomération,Hors intersection,Normale,Sans collision,,,,,,,,,,,3,1,1,1.0,7
201400009910,0014-06-10 10:30:00,14,6,10,10,30,370,29,RUE DES CYPRES,,,Plein jour,Hors agglomération,Hors intersection,Normale,Autre collision,,,,,,,,,,,1,1,1,1.0,6
201400009911,0014-12-27 07:45:00,14,12,27,7,45,370,98,,,,Plein jour,Hors agglomération,Hors intersection,Autre,Trois véhicules et plus - collisions multiples,,,,,,,,,,,1,1,1,9.0,5
201400009912,0014-03-09 03:00:00,14,3,9,3,0,370,211,,,,Nuit sans éclairage public,Hors agglomération,Hors intersection,Normale,Autre collision,,,,,,,,,,,3,1,1,1.0,6
201400009913,0014-03-21 06:45:00,14,3,21,6,45,370,104,,,,Crépuscule ou aube,Hors agglomération,Hors intersection,Normale,Deux véhicules - côté,,,,,,,,,,,2,1,1,1.0,3
201400009914,0014-03-22 11:15:00,14,3,22,11,15,370,6,2 RUE DU COMMERCE,,,Plein jour,En agglomération,Hors intersection,Normale,Autre collision,,,,,,,,,,,1,2,1,1.0,6
201400009915,0014-04-04 22:45:00,14,4,4,22,45,370,211,place 11 novembre 1918,,,Nuit avec éclairage allumé,En agglomération,Place,Normale,Autre collision,,,,,,,,,,,5,2,7,1.0,6
201400009916,0014-05-13 16:45:00,14,5,13,16,45,370,85,LA GRANDE COUTURE,,,Plein jour,Hors agglomération,Hors intersection,Normale,Deux véhicules - frontale,,,,,,,,,,,1,1,1,1.0,1
201400009917,0014-06-17 17:45:00,14,6,17,17,45,370,104,,,,Plein jour,Hors agglomération,Hors intersection,Normale,Deux véhicules - frontale,,,,,,,,,,,1,1,1,1.0,1
201400009918,0014-07-14 00:30:00,14,7,14,0,30,370,154,Carrefour RD 910 D 87,,,Nuit sans éclairage public,En agglomération,Intersection en T,Normale,Deux véhicules - côté,,,,,,,,,,,3,2,3,1.0,3
201400009919,0014-08-07 22:45:00,14,8,7,22,45,370,250,,,,Nuit sans éclairage public,Hors agglomération,Hors intersection,Normale,Sans collision,,,,,,,,,,,3,1,1,1.0,7
201400009920,0014-09-06 05:15:00,14,9,6,5,15,370,211,CARREFOURBESNERIE/COTEAU,,,Nuit sans éclairage public,Hors agglomération,Hors intersection,Brouillard / fumée,Autre collision,,,,,,,,,,,3,1,1,5.0,6
201400009921,0014-10-11 16:15:00,14,10,11,16,15,370,159,RUE DE LA VASSELIERE,,,Plein jour,En agglomération,Hors intersection,Normale,Deux véhicules - frontale,,,,,,,,,,,1,2,1,1.0,1
201400009922,0014-05-17 23:45:00,14,5,17,23,45,370,133,LE REIN DES BOIS,,,Nuit sans éclairage public,Hors agglomération,Hors intersection,Normale,Sans collision,,,,,,,,,,,3,1,1,1.0,7
201400009923,0014-06-05 17:30:00,14,6,5,17,30,410,61,Routede Chitenay,47.5,1.397,Plein jour,En agglomération,Hors intersection,Normale,Deux véhicules - côté,,,,,,,,,,,1,2,1,1.0,3
201400009924,0014-11-04 18:00:00,14,11,4,18,0,410,67,,47.504,1.463,Nuit sans éclairage public,Hors agglomération,Intersection en X,Normale,Deux véhicules - côté,,,,,,,,,,,3,1,2,1.0,3
201400009925,0014-11-08 06:45:00,14,11,8,6,45,410,31,,47.547,1.376,Nuit sans éclairage public,Hors agglomération,Hors intersection,Normale,Autre collision,,,,,,,,,,,3,1,1,1.0,6
201400009926,0014-11-12 17:30:00,14,11,12,17,30,410,32,Route Nationale,47.528,1.305,Plein jour,En agglomération,Hors intersection,Normale,Autre collision,,,,,,,,,,,1,2,1,1.0,6
201400009927,0014-04-01 19:00:00,14,4,1,19,0,410,221,,47.842,1.36,Plein jour,Hors agglomération,Hors intersection,Normale,Sans collision,,,,,,,,,,,1,1,1,1.0,7
201400009928,0014-04-25 12:15:00,14,4,25,12,15,410,244,,47.93,1.37,Plein jour,Hors agglomération,Hors intersection,Normale,Autre collision,,,,,,,,,,,1,1,1,1.0,6
201400009929,0014-10-27 18:45:00,14,10,27,18,45,410,283,,47.707,1.176,Crépuscule ou aube,Hors agglomération,Hors intersection,Normale,Deux véhicules - arrière,,,,,,,,,,,2,1,1,1.0,2
201400009930,0014-10-29 09:30:00,14,10,29,9,30,410,173,rue du commerce,47.915,1.529,Plein jour,En agglomération,Hors intersection,Normale,Autre collision,,,,,,,,,,,1,2,1,1.0,6
201400009931,0014-01-25 12:00:00,14,1,25,12,0,410,85,route de saint cyr,47.657,1.697,Plein jour,Hors agglomération,Hors intersection,Temps couvert,Deux véhicules - frontale,,,,,,,,,,,1,1,1,8.0,1
201400009932,0014-01-30 07:45:00,14,1,30,7,45,410,220,RD951 le cavereau,47.695,1.574,Nuit avec éclairage allumé,Hors agglomération,Autre intersection,Temps couvert,Autre collision,,,,,,,,,,,5,1,9,8.0,6
201400009933,0014-03-22 16:15:00,14,3,22,16,15,410,288,,47.669,1.375,Plein jour,Hors agglomération,Hors intersection,Normale,Sans collision,,,,,,,,,,,1,1,1,1.0,7
201400009934,0014-05-13 07:30:00,14,5,13,7,30,410,155,Carrefour D951 D112,47.674,1.531,Plein jour,En agglomération,Intersection en X,Normale,Trois véhicules et plus - collisions multiples,,,,,,,,,,,1,2,2,1.0,5
201400009935,0014-06-22 17:45:00,14,6,22,17,45,410,220,"""La Brosse""",47.748,1.641,Plein jour,Hors agglomération,Hors intersection,Normale,Deux véhicules - côté,,,,,,,,,,,1,1,1,1.0,3
201400009936,0014-07-16 09:00:00,14,7,16,9,0,410,136,,47.708,1.51,Plein jour,Hors agglomération,Hors intersection,Normale,Autre collision,,,,,,,,,,,1,1,1,1.0,6
201400009937,0014-07-26 04:00:00,14,7,26,4,0,410,206,,47.626,1.378,Nuit sans éclairage public,Hors agglomération,Hors intersection,Normale,Autre collision,,,,,,,,,,,3,1,1,1.0,6
201400009938,0014-07-26 12:15:00,14,7,26,12,15,410,207,,47.659,1.503,Plein jour,Hors agglomération,Hors intersection,Normale,Deux véhicules - arrière,,,,,,,,,,,1,1,1,1.0,2
201400009939,0014-08-03 12:15:00,14,8,3,12,15,410,220,CD951 rd point super U,47.712,1.604,Plein jour,En agglomération,Giratoire,Temps éblouissant,Deux véhicules - arrière,,,,,,,,,,,1,2,6,7.0,2
201400009940,0014-08-08 18:45:00,14,8,8,18,45,410,155,route d'orl?ans,47.675,1.531,Plein jour,En agglomération,Intersection en X,Pluie forte,Deux véhicules - côté,,,,,,,,,,,1,2,2,3.0,3
201400009941,0014-08-20 08:15:00,14,8,20,8,15,410,207,,47.658,1.482,Plein jour,Hors agglomération,Hors intersection,Normale,Autre collision,,,,,,,,,,,1,1,1,1.0,6
201400009942,0014-08-28 22:30:00,14,8,28,22,30,410,136,142 rue basse d'aulnay,47.713,1.497,Nuit avec éclairage allumé,En agglomération,Hors intersection,Normale,Sans collision,,,,,,,,,,,5,2,1,1.0,7
201400009943,0014-10-17 17:45:00,14,10,17,17,45,410,8,,47.734,1.555,Crépuscule ou aube,Hors agglomération,Hors intersection,Normale,Deux véhicules - arrière,,,,,,,,,,,2,1,1,1.0,2
201400009944,0014-10-26 04:45:00,14,10,26,4,45,410,136,,47.717,1.527,Nuit sans éclairage public,Hors agglomération,Giratoire,Brouillard / fumée,Sans collision,,,,,,,,,,,3,1,6,5.0,7
201400009945,0014-10-26 16:00:00,14,10,26,16,0,410,220,rue de crouy,47.678,1.572,Plein jour,Hors agglomération,Hors intersection,Normale,Sans collision,,,,,,,,,,,1,1,1,1.0,7
201400009946,0014-12-05 23:30:00,14,12,5,23,30,410,136,,47.7,1.51,Nuit sans éclairage public,En agglomération,Hors intersection,Normale,Deux véhicules - côté,,,,,,,,,,,3,2,1,1.0,3
201400009947,0014-12-19 12:15:00,14,12,19,12,15,410,39,,47.713,1.45,Plein jour,Hors agglomération,Hors intersection,Pluie légère,Deux véhicules - frontale,,,,,,,,,,,1,1,1,2.0,1
201400009948,0014-04-25 19:00:00,14,4,25,19,0,410,152,route de la marolle,47.559,1.73,Plein jour,Hors agglomération,Hors intersection,Normale,Autre collision,,,,,,,,,,,1,1,1,1.0,6
201400009949,0014-11-15 21:15:00,14,11,15,21,15,410,242,CD 956 - PK 41+500,47.274,1.555,Nuit avec éclairage non allumé,En agglomération,Hors intersection,Pluie légère,Autre collision,,,,,,,,,,,4,2,1,2.0,6
201400009950,0014-01-24 08:00:00,14,1,24,8,0,410,10,Route de galette,47.853,0.992,Nuit avec éclairage allumé,En agglomération,Intersection en Y,Pluie légère,Trois véhicules et plus - collisions multiples,,,,,,,,,,,5,2,4,2.0,5
201400009951,0014-02-23 16:00:00,14,2,23,16,0,330,214,,,,Plein jour,Hors agglomération,Hors intersection,Normale,Deux véhicules - côté,,,,,,,,,,,1,1,1,1.0,3
201400009952,0014-06-21 05:00:00,14,6,21,5,0,330,333,,,,Nuit sans éclairage public,Hors agglomération,Hors intersection,Normale,Autre collision,,,,,,,,,,,3,1,1,1.0,6
201400009953,0014-08-17 02:30:00,14,8,17,2,30,330,333,36 avenue de Bordeaux,,,Nuit avec éclairage non allumé,En agglomération,Giratoire,Normale,Sans collision,,,,,,,,,,,4,2,6,1.0,7
201400009954,0014-10-07 10:15:00,14,10,7,10,15,330,503,,,,Plein jour,Hors agglomération,Hors intersection,Temps couvert,Deux véhicules - arrière,,,,,,,,,,,1,1,1,8.0,2
201400009955,0014-10-13 12:30:00,14,10,13,12,30,330,214,"RD6, lieu-dit ""Le Huga""",,,Plein jour,En agglomération,Hors intersection,Temps couvert,Deux véhicules - frontale,,,,,,,,,,,1,2,1,8.0,1
201400009956,0014-03-07 20:00:00,14,3,7,20,0,290,147,route de quimperl?,47.88719,-3.53114,Nuit avec éclairage allumé,En agglomération,Hors intersection,Normale,Autre collision,,,,,,,,,,,5,2,1,1.0,6
201400009957,0014-04-20 23:30:00,14,4,20,23,30,290,233,,47.87264,-3.54699,Nuit sans éclairage public,En agglomération,Giratoire,Pluie légère,Autre collision,,,,,,,,,,,3,2,6,2.0,6
201400009958,0014-05-17 10:15:00,14,5,17,10,15,290,2,,47.9015,-3.44044,Plein jour,Hors agglomération,Hors intersection,Normale,Deux véhicules - frontale,,,,,,,,,,,1,1,1,1.0,1
201400009959,0014-08-12 18:45:00,14,8,12,18,45,290,233,,47.87258,-3.54754,Plein jour,Hors agglomération,Hors intersection,Normale,Deux véhicules - arrière,,,,,,,,,,,1,1,1,1.0,2
201400009960,0014-10-13 13:30:00,14,10,13,13,30,290,233,65 rue du Pont Aven,47.87218,-3.55433,Plein jour,En agglomération,Hors intersection,Normale,Deux véhicules - arrière,,,,,,,,,,,1,2,1,1.0,2
201400009961,0014-10-16 16:45:00,14,10,16,16,45,290,233,101 bis route de lorient,47.86609,-3.53246,Plein jour,En agglomération,Hors intersection,Pluie légère,Deux véhicules - frontale,,,,,,,,,,,1,2,1,2.0,1
201400009962,0014-12-18 18:15:00,14,12,18,18,15,290,233,RP du 19 mars 1962,47.87229,-3.54661,Nuit avec éclairage allumé,En agglomération,Hors intersection,Pluie légère,Autre collision,,,,,,,,,,,5,2,1,2.0,6
201400009963,0014-02-15 15:45:00,14,2,15,15,45,290,153,,47.81917,-3.79258,Plein jour,Hors agglomération,Hors intersection,Normale,Autre collision,,,,,,,,,,,1,1,1,1.0,6
201400009964,0014-07-04 09:15:00,14,7,4,9,15,290,150,Le Croiziou,47.8047,-3.62815,Plein jour,En agglomération,Giratoire,Temps éblouissant,Deux véhicules - côté,,,,,,,,,,,1,2,6,7.0,3
201400009965,0014-07-19 15:15:00,14,7,19,15,15,290,31,rue de quillien,47.78985,-3.58191,Plein jour,En agglomération,Hors intersection,Normale,Deux véhicules - côté,,,,,,,,,,,1,2,1,1.0,3
201400009966,0014-03-13 07:30:00,14,3,13,7,30,290,241,75 rue de scaer,,,Crépuscule ou aube,En agglomération,Hors intersection,Temps couvert,Sans collision,,,,,,,,,,,2,2,1,8.0,7
201400009967,0014-03-17 09:30:00,14,3,17,9,30,290,274,,,,Plein jour,Hors agglomération,Hors intersection,Normale,Deux véhicules - côté,,,,,,,,,,,1,1,1,1.0,3
201400009968,0014-04-09 17:00:00,14,4,9,17,0,290,49,RUE CHALONIC,47.99837,-3.89072,Plein jour,En agglomération,Hors intersection,Normale,Deux véhicules - frontale,,,,,,,,,,,1,2,1,1.0,1
201400009969,0014-06-08 17:00:00,14,6,8,17,0,290,281,,48.02527,-3.82547,Plein jour,Hors agglomération,Hors intersection,Normale,Deux véhicules - frontale,,,,,,,,,,,1,1,1,1.0,1
201400009970,0014-06-14 20:00:00,14,6,14,20,0,290,281,,48.02527,-3.82547,Plein jour,Hors agglomération,Hors intersection,Normale,Autre collision,,,,,,,,,,,1,1,1,1.0,6
201400009971,0014-07-17 03:15:00,14,7,17,3,15,290,49,,47.99521,-3.89036,Nuit sans éclairage public,Hors agglomération,Hors intersection,Normale,Autre collision,,,,,,,,,,,3,1,1,1.0,6
201400009972,0014-07-27 17:45:00,14,7,27,17,45,290,49,,47.99521,-3.89036,Plein jour,Hors agglomération,Hors intersection,Normale,Autre collision,,,,,,,,,,,1,1,1,1.0,6
201400009973,0014-09-12 07:30:00,14,9,12,7,30,290,241,,47.95931,-3.82802,Crépuscule ou aube,Hors agglomération,Hors intersection,Normale,Autre collision,,,,,,,,,,,2,1,1,1.0,6
201400009974,0014-10-06 16:00:00,14,10,6,16,0,290,4,Rue de Quimperl?,47.93032,-3.69108,Plein jour,En agglomération,Hors intersection,Normale,Deux véhicules - côté,,,,,,,,,,,1,2,1,1.0,3
201400009975,0014-10-31 18:45:00,14,10,31,18,45,290,49,,47.99521,-3.89036,Nuit sans éclairage public,Hors agglomération,Hors intersection,Normale,Deux véhicules - frontale,,,,,,,,,,,3,1,1,1.0,1
201400009976,0014-11-15 04:30:00,14,11,15,4,30,290,274,,48.02739,-3.70316,Nuit sans éclairage public,Hors agglomération,Hors intersection,Pluie légère,Sans collision,,,,,,,,,,,3,1,1,2.0,7
201400009977,0014-11-24 10:00:00,14,11,24,10,0,290,49,,47.99521,-3.89036,Plein jour,Hors agglomération,Hors intersection,Normale,Deux véhicules - frontale,,,,,,,,,,,1,1,1,1.0,1
201400009978,0014-12-07 19:00:00,14,12,7,19,0,290,274,rue du G?n?ral De Gaulle,48.02028,-3.7184,Nuit avec éclairage allumé,En agglomération,Hors intersection,Normale,Autre collision,,,,,,,,,,,5,2,1,1.0,6
201400009979,0014-12-17 20:45:00,14,12,17,20,45,290,274,rue jean jaures,48.02725,-3.70298,Nuit avec éclairage allumé,En agglomération,Hors intersection,Pluie légère,Deux véhicules - côté,,,,,,,,,,,5,2,1,2.0,3
201400009980,0014-12-17 15:30:00,14,12,17,15,30,290,274,place de la liberation,48.02672,-3.70205,Plein jour,En agglomération,Hors intersection,Pluie légère,Autre collision,,,,,,,,,,,1,2,1,2.0,6
201400009981,0014-01-22 10:15:00,14,1,22,10,15,130,104,Avenue de la cote bleue,,,Plein jour,En agglomération,Intersection en T,Normale,Autre collision,,,,,,,,,,,1,2,3,1.0,6
201400009982,0014-06-29 12:15:00,14,6,29,12,15,130,21,avenue pierre semard,,,Plein jour,En agglomération,Hors intersection,Normale,Deux véhicules - côté,,,,,,,,,,,1,2,1,1.0,3
201400009983,0014-03-30 15:00:00,14,3,30,15,0,950,652,RD 922,49.1359,2.3806,Plein jour,Hors agglomération,Hors intersection,Normale,Deux véhicules - frontale,,,,,,,,,,,1,1,1,1.0,1
201400009984,0014-03-06 18:15:00,14,3,6,18,15,440,20,Salvador Alliende,,,Plein jour,En agglomération,Giratoire,Normale,Deux véhicules - arrière,,,,,,,,,,,1,2,6,1.0,2
201400009985,0014-07-30 22:45:00,14,7,30,22,45,440,20,rue du desert,,,Nuit sans éclairage public,Hors agglomération,Hors intersection,Normale,Autre collision,,,,,,,,,,,3,1,1,1.0,6
201400009986,0014-02-19 20:30:00,14,2,19,20,30,330,199,56 rue chante cigale,44.632,-1.061,Nuit avec éclairage allumé,En agglomération,Hors intersection,Temps couvert,Autre collision,,,,,,,,,,,5,2,1,8.0,6