accident_id,datetime,annee,mois,jour,heure,minute,departement,commune_insee,adresse,latitude,longitude,luminosite,agglomeration,intersection,meteo,collision,nb_vehicules,nb_usagers,nb_indemnes,nb_tues,nb_blesses_hosp,nb_blesses_legers,age_cond_1,age_cond_2,veh_type_cond_1,veh_type_cond_2,lum_code,agg_code,int_code,atm_code,col_code
201400010118,0014-12-30 13:00:00,14,12,30,13,0,60,155,"3546, HORIZON BD DE L'",,,Plein jour,Hors agglomération,Hors intersection,Normale,Deux véhicules - côté,,,,,,,,,,,1,1,1,1.0,3
201400010119,0014-01-03 18:00:00,14,1,3,18,0,60,27,JUIN BOULEVARD MARECHAL,,,Plein jour,En agglomération,Intersection en X,Normale,Deux véhicules - côté,,,,,,,,,,,1,2,2,1.0,3
201400010120,0014-01-03 19:45:00,14,1,3,19,45,60,123,LECLERC GENERAL AVENUE,,,Nuit avec éclairage allumé,En agglomération,Hors intersection,Pluie légère,Deux véhicules - côté,,,,,,,,,,,5,2,1,2.0,3
201400010121,0014-01-08 11:20:00,14,1,8,11,20,60,123,"2, DE GAULLE GENERAL AVE",,,Plein jour,En agglomération,Hors intersection,Normale,Autre collision,,,,,,,,,,,1,2,1,1.0,6
201400010122,0014-01-09 14:50:00,14,1,9,14,50,60,27,"37, FAUVETTES AVENUE DES",,,Plein jour,En agglomération,Intersection en T,Normale,Deux véhicules - côté,,,,,,,,,,,1,2,3,1.0,3
201400010123,0014-01-09 16:40:00,14,1,9,16,40,60,27,CLAVERIE RUE DU BRIGADIE,,,Plein jour,En agglomération,Giratoire,Normale,Deux véhicules - côté,,,,,,,,,,,1,2,6,1.0,3
201400010124,0014-01-10 14:15:00,14,1,10,14,15,60,27,RENOIR AVENUE AUGUSTE,,,Plein jour,En agglomération,Intersection en X,Normale,Autre collision,,,,,,,,,,,1,2,2,1.0,6
201400010125,0014-01-10 16:10:00,14,1,10,16,10,60,123,CURIE PIERRE ET MARIE AV,,,Plein jour,En agglomération,Intersection en T,Normale,Deux véhicules - côté,,,,,,,,,,,1,2,3,1.0,3
201400010126,0014-01-12 15:15:00,14,1,12,15,15,60,27,PLAGE BOULEVARD DE LA,,,Plein jour,En agglomération,Hors intersection,Normale,Deux véhicules - arrière,,,,,,,,,,,1,2,1,1.0,2
201400010127,0014-01-15 17:50:00,14,1,15,17,50,60,27,"27, JUIN BOULEVARD MAREC",,,Plein jour,En agglomération,Hors intersection,Normale,Autre collision,,,,,,,,,,,1,2,1,1.0,6
201400010128,0014-01-16 09:00:00,14,1,16,9,0,60,123,PLATEAUX FLEURIS CHEMIN,,,Plein jour,En agglomération,Intersection en Y,Pluie légère,Deux véhicules - côté,,,,,,,,,,,1,2,4,2.0,3
201400010129,0014-01-20 09:10:00,14,1,20,9,10,60,27,PAGNOL AVENUE MARCEL,,,Plein jour,En agglomération,Intersection en X,Normale,Deux véhicules - côté,,,,,,,,,,,1,2,2,1.0,3
201400010130,0014-01-21 18:40:00,14,1,21,18,40,60,123,NOTRE DAME AVENUE,,,Nuit avec éclairage allumé,En agglomération,Intersection en T,Normale,Deux véhicules - côté,,,,,,,,,,,5,2,3,1.0,3
201400010131,0014-01-22 11:30:00,14,1,22,11,30,60,123,"859, CURIE PIERRE ET MAR",,,Plein jour,En agglomération,Hors intersection,Normale,Deux véhicules - côté,,,,,,,,,,,1,2,1,1.0,3
201400010132,0014-01-23 09:50:00,14,1,23,9,50,60,123,MOSCHETTI RUE,,,Plein jour,En agglomération,Hors intersection,Normale,Deux véhicules - côté,,,,,,,,,,,1,2,1,1.0,3
201400010133,0014-01-24 15:00:00,14,1,24,15,0,60,123,"602, DE GAULLE GENERAL A",,,Plein jour,En agglomération,Hors intersection,Normale,Autre collision,,,,,,,,,,,1,2,1,1.0,6
201400010134,0014-01-27 10:00:00,14,1,27,10,0,60,123,ST JEANNET ROUTE DE,,,Plein jour,En agglomération,Hors intersection,Normale,Trois véhicules et plus - collisions multiples,,,,,,,,,,,1,2,1,1.0,5
201400010135,0014-01-28 09:50:00,14,1,28,9,50,60,27,BESSET AVENUE CYRILLE,,,Plein jour,En agglomération,Hors intersection,Normale,Deux véhicules - arrière,,,,,,,,,,,1,2,1,1.0,2
201400010136,0014-01-29 10:00:00,14,1,29,10,0,60,27,GARE AVENUE DE LA,,,Plein jour,En agglomération,Hors intersection,Pluie légère,Autre collision,,,,,,,,,,,1,2,1,2.0,6
201400010137,0014-01-30 13:10:00,14,1,30,13,10,60,27,CANNES AVENUE DE (RN7),,,Plein jour,En agglomération,Intersection en T,Pluie forte,Deux véhicules - côté,,,,,,,,,,,1,2,3,3.0,3
201400010138,0014-02-01 10:20:00,14,2,1,10,20,60,27,GIONO RUE JEAN,,,Plein jour,En agglomération,Giratoire,Normale,Autre collision,,,,,,,,,,,1,2,6,1.0,6
201400010139,0014-02-12 15:50:00,14,2,12,15,50,60,123,DE GAULLE GENERAL AVENUE,,,Plein jour,En agglomération,Intersection en X,Normale,Deux véhicules - côté,,,,,,,,,,,1,2,2,1.0,3
201400010140,0014-02-15 18:10:00,14,2,15,18,10,60,123,DEGOUTAI CHEMIN DU,,,Crépuscule ou aube,En agglomération,Hors intersection,Normale,Sans collision,,,,,,,,,,,2,2,1,1.0,7
201400010141,0014-02-18 08:50:00,14,2,18,8,50,60,27,"95, BESSET AVENUE CYRILL",,,Plein jour,En agglomération,Hors intersection,Normale,Deux véhicules - arrière,,,,,,,,,,,1,2,1,1.0,2
201400010142,0014-02-19 12:30:00,14,2,19,12,30,60,123,"550, VESPINS ROUTE DES",,,Plein jour,En agglomération,Hors intersection,Normale,Deux véhicules - côté,,,,,,,,,,,1,2,1,1.0,3
201400010143,0014-02-20 18:35:00,14,2,20,18,35,60,123,VESPINS ROUTE DES,,,Plein jour,En agglomération,Hors intersection,Normale,Deux véhicules - côté,,,,,,,,,,,1,2,1,1.0,3
201400010144,0014-02-22 11:30:00,14,2,22,11,30,60,123,"932, VESPINS ROUTE DES",,,Plein jour,En agglomération,Hors intersection,Normale,Deux véhicules - côté,,,,,,,,,,,1,2,1,1.0,3
201400010145,0014-02-24 08:20:00,14,2,24,8,20,60,123,BENES SQUARE,,,Plein jour,En agglomération,Hors intersection,Normale,Deux véhicules - arrière,,,,,,,,,,,1,2,1,1.0,2
201400010146,0014-02-25 10:30:00,14,2,25,10,30,60,27,PLAGE BOULEVARD DE LA,,,Plein jour,En agglomération,Hors intersection,Normale,Trois véhicules et plus - collisions multiples,,,,,,,,,,,1,2,1,1.0,5
201400010147,0014-02-28 13:45:00,14,2,28,13,45,60,27,VENCE ROUTE DE,,,Plein jour,En agglomération,Giratoire,Normale,Deux véhicules - côté,,,,,,,,,,,1,2,6,1.0,3
201400010148,0014-03-01 09:45:00,14,3,1,9,45,60,27,"114, PLAGE BOULEVARD DE",,,Plein jour,En agglomération,Hors intersection,Normale,Deux véhicules - arrière,,,,,,,,,,,1,2,1,1.0,2
201400010149,0014-03-03 11:15:00,14,3,3,11,15,60,27,CHENES AVENUE DES,,,Plein jour,En agglomération,Hors intersection,Pluie légère,Deux véhicules - côté,,,,,,,,,,,1,2,1,2.0,3
201400010150,0014-03-04 01:20:00,14,3,4,1,20,60,27,PLAGE BOULEVARD DE LA,,,Nuit avec éclairage allumé,En agglomération,Hors intersection,Normale,Autre collision,,,,,,,,,,,5,2,1,1.0,6
201400010151,0014-03-04 11:50:00,14,3,4,11,50,60,27,GARE AVENUE DE LA,,,Plein jour,En agglomération,Hors intersection,Normale,Deux véhicules - côté,,,,,,,,,,,1,2,1,1.0,3
201400010152,0014-03-08 18:00:00,14,3,8,18,0,60,123,SAUVAIGO PIERRE AVENUE,,,Plein jour,En agglomération,Hors intersection,Normale,Deux véhicules - côté,,,,,,,,,,,1,2,1,1.0,3
201400010153,0014-03-12 11:45:00,14,3,12,11,45,60,27,NICE AVENUE DE (RN7),,,Plein jour,En agglomération,Hors intersection,Normale,Trois véhicules et plus - en chaîne,,,,,,,,,,,1,2,1,1.0,4
201400010154,0014-03-13 16:50:00,14,3,13,16,50,60,27,"0, DE GAULLE PLACE CHARL",,,Plein jour,En agglomération,Hors intersection,Normale,Deux véhicules - arrière,,,,,,,,,,,1,2,1,1.0,2
201400010155,0014-03-17 12:15:00,14,3,17,12,15,60,27,"0, GRASSE AVENUE DE",,,Plein jour,En agglomération,Hors intersection,Normale,Autre collision,,,,,,,,,,,1,2,1,1.0,6
201400010156,0014-03-19 15:35:00,14,3,19,15,35,60,27,"5, KENNEDY BOULEVARD J.F",,,Plein jour,En agglomération,Hors intersection,Normale,Deux véhicules - côté,,,,,,,,,,,1,2,1,1.0,3
201400010157,0014-03-24 08:40:00,14,3,24,8,40,60,123,BARONNE ROUTE DE LA,,,Plein jour,En agglomération,Hors intersection,Normale,Deux véhicules - frontale,,,,,,,,,,,1,2,1,1.0,1
201400010158,0014-03-24 14:50:00,14,3,24,14,50,60,27,NICE AVENUE DE (RN7),,,Plein jour,En agglomération,Intersection en X,Normale,Deux véhicules - côté,,,,,,,,,,,1,2,2,1.0,3
201400010159,0014-03-25 11:15:00,14,3,25,11,15,60,123,DE GAULLE GENERAL AVENUE,,,Plein jour,En agglomération,Intersection en Y,Normale,Deux véhicules - arrière,,,,,,,,,,,1,2,4,1.0,2
201400010160,0014-03-31 15:15:00,14,3,31,15,15,60,123,DE GAULLE GENERAL AVENUE,,,Plein jour,En agglomération,Intersection en T,Normale,Autre collision,,,,,,,,,,,1,2,3,1.0,6
201400010161,0014-04-01 13:00:00,14,4,1,13,0,60,27,JUIN BOULEVARD MARECHAL,,,Plein jour,En agglomération,Intersection en X,Normale,Deux véhicules - côté,,,,,,,,,,,1,2,2,1.0,3
201400010162,0014-04-04 14:00:00,14,4,4,14,0,60,123,DE GAULLE GENERAL AVENUE,,,Plein jour,En agglomération,Hors intersection,Normale,Deux véhicules - côté,,,,,,,,,,,1,2,1,1.0,3
201400010163,0014-04-08 12:20:00,14,4,8,12,20,60,123,ORANGERS AVENUE DES,,,Plein jour,En agglomération,Hors intersection,Normale,Trois véhicules et plus - collisions multiples,,,,,,,,,,,1,2,1,1.0,5
201400010164,0014-04-09 12:20:00,14,4,9,12,20,60,27,LECLERCAVENUE GENERAL,,,Plein jour,En agglomération,Intersection en X,Normale,Deux véhicules - côté,,,,,,,,,,,1,2,2,1.0,3
201400010165,0014-04-14 08:45:00,14,4,14,8,45,60,27,NICE AVENUE DE (RN7),,,Plein jour,En agglomération,Hors intersection,Normale,Deux véhicules - arrière,,,,,,,,,,,1,2,1,1.0,2
201400010166,0014-04-16 10:45:00,14,4,16,10,45,60,27,FERRIERE CHEMIN DE LA,,,Plein jour,En agglomération,Hors intersection,Normale,Deux véhicules - arrière,,,,,,,,,,,1,2,1,1.0,2
201400010167,0014-04-18 22:35:00,14,4,18,22,35,60,27,NICE AVENUE DE (RN7),,,Nuit avec éclairage allumé,En agglomération,Intersection en T,Normale,Deux véhicules - côté,,,,,,,,,,,5,2,3,1.0,3
201400010168,0014-04-20 11:30:00,14,4,20,11,30,60,27,"55, GARE AVENUE DE LA",,,Plein jour,En agglomération,Hors intersection,Normale,Deux véhicules - arrière,,,,,,,,,,,1,2,1,1.0,2
201400010169,0014-04-23 13:00:00,14,4,23,13,0,60,27,CHEIRON AVENUE DU,,,Plein jour,En agglomération,Hors intersection,Normale,Deux véhicules - côté,,,,,,,,,,,1,2,1,1.0,3
201400010170,0014-04-28 15:15:00,14,4,28,15,15,60,27,GARE AVENUE DE LA,,,Plein jour,En agglomération,Hors intersection,Normale,Autre collision,,,,,,,,,,,1,2,1,1.0,6
201400010171,0014-04-28 20:15:00,14,4,28,20,15,60,27,TUILIERES AVENUE DES,,,Crépuscule ou aube,En agglomération,Intersection en T,Normale,Autre collision,,,,,,,,,,,2,2,3,1.0,6
201400010172,0014-04-28 14:00:00,14,4,28,14,0,60,27,FRANCE ROUTE DE,,,Plein jour,En agglomération,Giratoire,Normale,Autre collision,,,,,,,,,,,1,2,6,1.0,6
201400010173,0014-04-30 16:10:00,14,4,30,16,10,60,123,"227, OSSOLA JEAN BOULEVA",,,Plein jour,En agglomération,Hors intersection,Normale,Deux véhicules - côté,,,,,,,,,,,1,2,1,1.0,3
201400010174,0014-05-07 12:50:00,14,5,7,12,50,60,27,JUIN BOULEVARD MARECHAL,,,Plein jour,En agglomération,Hors intersection,Normale,Autre collision,,,,,,,,,,,1,2,1,1.0,6
201400010175,0014-05-07 17:00:00,14,5,7,17,0,60,27,PAGNOL AVENUE MARCEL,,,Plein jour,En agglomération,Hors intersection,Normale,Deux véhicules - côté,,,,,,,,,,,1,2,1,1.0,3
201400010176,0014-05-10 13:30:00,14,5,10,13,30,60,27,HOTEL DE VILLE AVENUE DE,,,Plein jour,En agglomération,Hors intersection,Normale,Autre collision,,,,,,,,,,,1,2,1,1.0,6
201400010177,0014-05-11 21:10:00,14,5,11,21,10,60,27,CHENES AVENUE DES,,,Nuit avec éclairage allumé,En agglomération,Intersection en X,Normale,Deux véhicules - frontale,,,,,,,,,,,5,2,2,1.0,1
201400010178,0014-05-14 16:00:00,14,5,14,16,0,60,27,NICE AVENUE DE (RN7),,,Plein jour,En agglomération,Intersection en X,Normale,Trois véhicules et plus - collisions multiples,,,,,,,,,,,1,2,2,1.0,5
201400010179,0014-05-15 16:30:00,14,5,15,16,30,60,123,GARE ROUTE DE LA,,,Plein jour,En agglomération,Hors intersection,Normale,Trois véhicules et plus - en chaîne,,,,,,,,,,,1,2,1,1.0,4
201400010180,0014-05-16 22:40:00,14,5,16,22,40,60,27,PLAGE BOULEVARD DE LA,,,Nuit avec éclairage allumé,En agglomération,Hors intersection,Normale,Deux véhicules - côté,,,,,,,,,,,5,2,1,1.0,3
201400010181,0014-05-20 11:45:00,14,5,20,11,45,60,123,BORD DE MER RN 98,,,Plein jour,En agglomération,Hors intersection,Normale,Deux véhicules - arrière,,,,,,,,,,,1,2,1,1.0,2
201400010182,0014-05-23 12:10:00,14,5,23,12,10,60,123,IMPRIMEURS ALLEE DES,,,Plein jour,En agglomération,Intersection en T,Normale,Deux véhicules - côté,,,,,,,,,,,1,2,3,1.0,3
201400010183,0014-05-23 23:25:00,14,5,23,23,25,60,123,BORD DE MER RN 98,,,Nuit avec éclairage allumé,En agglomération,Hors intersection,Normale,Deux véhicules - arrière,,,,,,,,,,,5,2,1,1.0,2
201400010184,0014-05-23 21:00:00,14,5,23,21,0,60,27,PROMENADE DE L HIPPODROM,,,Crépuscule ou aube,En agglomération,Hors intersection,Normale,Autre collision,,,,,,,,,,,2,2,1,1.0,6
201400010185,0014-05-28 09:15:00,14,5,28,9,15,60,27,"0, CANNES AVENUE DE (RN7",,,Plein jour,En agglomération,Hors intersection,Normale,Trois véhicules et plus - en chaîne,,,,,,,,,,,1,2,1,1.0,4
201400010186,0014-05-29 11:00:00,14,5,29,11,0,60,27,PROMENADE DE L HIPPODROM,,,Plein jour,En agglomération,Hors intersection,Normale,Deux véhicules - arrière,,,,,,,,,,,1,2,1,1.0,2
201400010187,0014-05-31 21:40:00,14,5,31,21,40,60,123,MOATTI PASSAGE,,,Nuit avec éclairage allumé,En agglomération,Intersection en T,Normale,Deux véhicules - côté,,,,,,,,,,,5,2,3,1.0,3
201400010188,0014-06-02 12:30:00,14,6,2,12,30,60,27,PAGNOL AVENUE MARCEL,,,Plein jour,En agglomération,Hors intersection,Normale,Deux véhicules - frontale,,,,,,,,,,,1,2,1,1.0,1
201400010189,0014-06-02 15:45:00,14,6,2,15,45,60,27,"23, PLAGE BOULEVARD DE L",,,Plein jour,En agglomération,Hors intersection,Normale,Trois véhicules et plus - en chaîne,,,,,,,,,,,1,2,1,1.0,4
201400010190,0014-06-02 19:15:00,14,6,2,19,15,60,123,DE GAULLE GENERAL AVENUE,,,Plein jour,En agglomération,Hors intersection,Normale,Deux véhicules - arrière,,,,,,,,,,,1,2,1,1.0,2
201400010191,0014-06-04 16:50:00,14,6,4,16,50,60,123,POMPIDOU GEORGES BOULEVA,,,Plein jour,En agglomération,Giratoire,Normale,Deux véhicules - côté,,,,,,,,,,,1,2,6,1.0,3
201400010192,0014-06-05 15:35:00,14,6,5,15,35,60,27,GAUDE AVENUE DE LA,,,Plein jour,En agglomération,Hors intersection,Normale,Autre collision,,,,,,,,,,,1,2,1,1.0,6
201400010193,0014-06-06 09:20:00,14,6,6,9,20,60,27,"26, CANNES AVENUE DE (RN",,,Plein jour,En agglomération,Hors intersection,Normale,Deux véhicules - côté,,,,,,,,,,,1,2,1,1.0,3
201400010194,0014-06-07 12:25:00,14,6,7,12,25,60,27,BONAPARTE RUE,,,Plein jour,En agglomération,Hors intersection,Normale,Deux véhicules - arrière,,,,,,,,,,,1,2,1,1.0,2
201400010195,0014-06-09 08:30:00,14,6,9,8,30,60,123,PUGETS ROUTE DES,,,Plein jour,En agglomération,Intersection en T,Normale,Deux véhicules - côté,,,,,,,,,,,1,2,3,1.0,3
201400010196,0014-06-10 10:40:00,14,6,10,10,40,60,27,"115, NICE AVENUE DE (RN7",,,Plein jour,En agglomération,Hors intersection,Normale,Autre collision,,,,,,,,,,,1,2,1,1.0,6
201400010197,0014-06-12 18:50:00,14,6,12,18,50,60,27,KENNEDY BOULEVARD J.F.,,,Plein jour,En agglomération,Hors intersection,Normale,Deux véhicules - arrière,,,,,,,,,,,1,2,1,1.0,2
201400010198,0014-06-12 17:10:00,14,6,12,17,10,60,27,ALPES AVENUE DES,,,Plein jour,En agglomération,Hors intersection,Normale,Deux véhicules - côté,,,,,,,,,,,1,2,1,1.0,3
201400010199,0014-06-16 20:15:00,14,6,16,20,15,60,123,"4158, FAHNESTOCK G. CORN",,,Crépuscule ou aube,En agglomération,Hors intersection,Pluie légère,Deux véhicules - frontale,,,,,,,,,,,2,2,1,2.0,1
201400010200,0014-06-17 18:40:00,14,6,17,18,40,60,123,GARE ROUTE DE LA,,,Plein jour,En agglomération,Hors intersection,Normale,Deux véhicules - côté,,,,,,,,,,,1,2,1,1.0,3
201400010201,0014-06-18 18:45:00,14,6,18,18,45,60,123,"88, OSSOLA JEAN BOULEVAR",,,Plein jour,En agglomération,Hors intersection,Normale,Autre collision,,,,,,,,,,,1,2,1,1.0,6
201400010202,0014-06-20 23:30:00,14,6,20,23,30,60,27,"57, VAL FLEURI CHEMIN DU",,,Nuit avec éclairage allumé,En agglomération,Intersection en X,Normale,Deux véhicules - côté,,,,,,,,,,,5,2,2,1.0,3
201400010203,0014-06-24 14:30:00,14,6,24,14,30,60,27,BUGADIERES ALLEE DES,,,Plein jour,Hors agglomération,Hors intersection,Normale,Autre collision,,,,,,,,,,,1,1,1,1.0,6
201400010204,0014-06-26 08:20:00,14,6,26,8,20,60,27,JUIN BOULEVARD MARECHAL,,,Plein jour,En agglomération,Hors intersection,Normale,Deux véhicules - côté,,,,,,,,,,,1,2,1,1.0,3
201400010205,0014-07-01 09:25:00,14,7,1,9,25,60,123,LEDIEU JEAN ALLEE,,,Plein jour,En agglomération,Intersection en T,Normale,Deux véhicules - frontale,,,,,,,,,,,1,2,3,1.0,1
201400010206,0014-07-04 09:45:00,14,7,4,9,45,60,123,POMPIDOU GEORGES BOULEVA,,,Plein jour,En agglomération,Hors intersection,Normale,Deux véhicules - frontale,,,,,,,,,,,1,2,1,1.0,1
201400010207,0014-07-08 08:40:00,14,7,8,8,40,60,123,BORD DE MER RN 98,,,Plein jour,En agglomération,Hors intersection,Normale,Deux véhicules - côté,,,,,,,,,,,1,2,1,1.0,3
201400010208,0014-07-10 10:45:00,14,7,10,10,45,60,123,"896, AGRIMONT CORNICHE D",,,Plein jour,En agglomération,Hors intersection,Normale,Deux véhicules - frontale,,,,,,,,,,,1,2,1,1.0,1
201400010209,0014-07-12 14:30:00,14,7,12,14,30,60,27,PLAGE BOULEVARD DE LA,,,Plein jour,En agglomération,Hors intersection,Normale,Autre collision,,,,,,,,,,,1,2,1,1.0,6
201400010210,0014-07-15 10:40:00,14,7,15,10,40,60,27,NICE AVENUE DE (RN7),,,Plein jour,En agglomération,Intersection en X,Normale,Autre collision,,,,,,,,,,,1,2,2,1.0,6
201400010211,0014-07-15 07:15:00,14,7,15,7,15,60,27,"34, NICE AVENUE DE (RN7)",,,Plein jour,En agglomération,Hors intersection,Normale,Deux véhicules - côté,,,,,,,,,,,1,2,1,1.0,3
201400010212,0014-07-16 08:45:00,14,7,16,8,45,60,123,VESPINS ROUTE DES,,,Plein jour,En agglomération,Intersection en T,Normale,Deux véhicules - frontale,,,,,,,,,,,1,2,3,1.0,1
201400010213,0014-07-16 20:30:00,14,7,16,20,30,60,123,GERBAULT ALAIN PROMENADE,,,Crépuscule ou aube,En agglomération,Hors intersection,Normale,Deux véhicules - côté,,,,,,,,,,,2,2,1,1.0,3
201400010214,0014-07-18 11:30:00,14,7,18,11,30,60,27,ST LAURENT CHEMIN DE,,,Plein jour,En agglomération,Hors intersection,Normale,Trois véhicules et plus - en chaîne,,,,,,,,,,,1,2,1,1.0,4
201400010215,0014-07-20 00:55:00,14,7,20,0,55,60,123,BORD DE MER RN 98,,,Nuit avec éclairage allumé,En agglomération,Hors intersection,Normale,Autre collision,,,,,,,,,,,5,2,1,1.0,6
201400010216,0014-07-22 17:05:00,14,7,22,17,5,60,27,"42, NICE AVENUE DE (RN7)",,,Plein jour,En agglomération,Hors intersection,Normale,Deux véhicules - arrière,,,,,,,,,,,1,2,1,1.0,2
201400010217,0014-07-22 23:10:00,14,7,22,23,10,60,27,GARE AVENUE DE LA,,,Nuit avec éclairage allumé,En agglomération,Intersection en X,Normale,Deux véhicules - côté,,,,,,,,,,,5,2,2,1.0,3
201400010218,0014-07-27 18:10:00,14,7,27,18,10,60,27,"10, CHENES AVENUE DES",,,Plein jour,En agglomération,Hors intersection,Normale,Autre collision,,,,,,,,,,,1,2,1,1.0,6
201400010219,0014-07-27 20:40:00,14,7,27,20,40,60,123,ST JEANNET ROUTE DE,,,Crépuscule ou aube,En agglomération,Intersection en Y,Normale,Deux véhicules - côté,,,,,,,,,,,2,2,4,1.0,3
201400010220,0014-07-31 07:45:00,14,7,31,7,45,60,27,GARE AVENUE DE LA,,,Plein jour,En agglomération,Intersection en T,Normale,Deux véhicules - arrière,,,,,,,,,,,1,2,3,1.0,2
201400010221,0014-07-31 08:15:00,14,7,31,8,15,60,27,"105, PLAGE BOULEVARD DE",,,Plein jour,En agglomération,Hors intersection,Normale,Deux véhicules - côté,,,,,,,,,,,1,2,1,1.0,3
201400010222,0014-08-02 18:25:00,14,8,2,18,25,60,123,VESPINS ROUTE DES,,,Plein jour,En agglomération,Intersection en T,Normale,Deux véhicules - côté,,,,,,,,,,,1,2,3,1.0,3
201400010223,0014-08-03 18:00:00,14,8,3,18,0,60,27,"24, COLLINES CHEMIN DES",,,Plein jour,En agglomération,Hors intersection,Normale,Deux véhicules - frontale,,,,,,,,,,,1,2,1,1.0,1
201400010224,0014-08-04 12:00:00,14,8,4,12,0,60,27,"15, GRASSE AVENUE DE",,,Plein jour,En agglomération,Hors intersection,Normale,Trois véhicules et plus - en chaîne,,,,,,,,,,,1,2,1,1.0,4
201400010225,0014-08-05 22:00:00,14,8,5,22,0,60,27,PLAGE BOULEVARD DE LA,,,Nuit avec éclairage allumé,En agglomération,Intersection en T,Normale,Deux véhicules - côté,,,,,,,,,,,5,2,3,1.0,3
201400010226,0014-08-14 18:35:00,14,8,14,18,35,60,27,"80, MAURE CHEMIN DE LA",,,Plein jour,En agglomération,Hors intersection,Normale,Deux véhicules - frontale,,,,,,,,,,,1,2,1,1.0,1
201400010227,0014-08-14 21:30:00,14,8,14,21,30,60,27,CANNES AVENUE DE (RN7),,,Nuit avec éclairage allumé,En agglomération,Hors intersection,Normale,Deux véhicules - côté,,,,,,,,,,,5,2,1,1.0,3
201400010228,0014-08-16 15:00:00,14,8,16,15,0,60,123,AICARD AVENUE,,,Plein jour,En agglomération,Giratoire,Normale,Autre collision,,,,,,,,,,,1,2,6,1.0,6
201400010229,0014-08-22 14:30:00,14,8,22,14,30,60,123,"700, VESPINS ROUTE DES",,,Plein jour,En agglomération,Hors intersection,Normale,Autre collision,,,,,,,,,,,1,2,1,1.0,6
201400010230,0014-08-28 17:45:00,14,8,28,17,45,60,123,POMPIDOU GEORGES BOULEVA,,,Plein jour,En agglomération,Giratoire,Normale,Deux véhicules - côté,,,,,,,,,,,1,2,6,1.0,3
201400010231,0014-08-29 10:30:00,14,8,29,10,30,60,123,LECLERC GENERAL AVENUE,,,Plein jour,En agglomération,Intersection en T,Normale,Autre collision,,,,,,,,,,,1,2,3,1.0,6
201400010232,0014-09-01 21:50:00,14,9,1,21,50,60,27,FUSAINS RUE DES,,,Nuit avec éclairage allumé,En agglomération,Hors intersection,Normale,Deux véhicules - côté,,,,,,,,,,,5,2,1,1.0,3
201400010233,0014-09-02 18:45:00,14,9,2,18,45,60,27,PLAGE BOULEVARD DE LA,,,Plein jour,En agglomération,Hors intersection,Normale,Deux véhicules - côté,,,,,,,,,,,1,2,1,1.0,3
201400010234,0014-08-31 21:10:00,14,8,31,21,10,60,123,"301, PAGNOL MARCEL BOULE",,,Crépuscule ou aube,En agglomération,Hors intersection,Normale,Deux véhicules - côté,,,,,,,,,,,2,2,1,1.0,3
201400010235,0014-09-03 18:00:00,14,9,3,18,0,60,27,PLAGE BOULEVARD DE LA,,,Plein jour,En agglomération,Hors intersection,Normale,Deux véhicules - côté,,,,,,,,,,,1,2,1,1.0,3
201400010236,0014-09-07 13:50:00,14,9,7,13,50,60,123,BORD DE MER RN 98,,,Plein jour,En agglomération,Hors intersection,Normale,Deux véhicules - arrière,,,,,,,,,,,1,2,1,1.0,2
201400010237,0014-09-08 19:20:00,14,9,8,19,20,60,123,"702, DE GAULLE GENERAL A",,,Plein jour,En agglomération,Hors intersection,Normale,Trois véhicules et plus - en chaîne,,,,,,,,,,,1,2,1,1.0,4
201400010238,0014-09-09 19:00:00,14,9,9,19,0,60,123,"371, POINT DU JOUR BOULE",,,Crépuscule ou aube,En agglomération,Hors intersection,Normale,Deux véhicules - arrière,,,,,,,,,,,2,2,1,1.0,2
201400010239,0014-09-09 23:00:00,14,9,9,23,0,60,27,STE ANNE MONTEE,,,Nuit avec éclairage allumé,En agglomération,Intersection en X,Normale,Deux véhicules - côté,,,,,,,,,,,5,2,2,1.0,3
201400010240,0014-09-11 15:30:00,14,9,11,15,30,60,27,BESSET AVENUE CYRILLE,,,Plein jour,En agglomération,Hors intersection,Normale,Deux véhicules - arrière,,,,,,,,,,,1,2,1,1.0,2
201400010241,0014-09-17 08:20:00,14,9,17,8,20,60,27,NICE AVENUE DE (RN7),,,Plein jour,En agglomération,Intersection en X,Normale,Deux véhicules - côté,,,,,,,,,,,1,2,2,1.0,3
201400010242,0014-09-24 13:25:00,14,9,24,13,25,60,123,"3784, PUGETS MOYENNE COR",,,Plein jour,En agglomération,Hors intersection,Normale,Deux véhicules - frontale,,,,,,,,,,,1,2,1,1.0,1
201400010243,0014-09-24 20:10:00,14,9,24,20,10,60,123,VESPINS ROUTE DES,,,Nuit avec éclairage allumé,En agglomération,Intersection en T,Normale,Autre collision,,,,,,,,,,,5,2,3,1.0,6
201400010244,0014-09-25 13:15:00,14,9,25,13,15,60,123,COLLET ROUGE CHEMIN DU,,,Plein jour,En agglomération,Hors intersection,Normale,Deux véhicules - frontale,,,,,,,,,,,1,2,1,1.0,1
201400010245,0014-09-26 23:40:00,14,9,26,23,40,60,27,GAUDE AVENUE DE LA,,,Nuit avec éclairage allumé,En agglomération,Hors intersection,Normale,Deux véhicules - côté,,,,,,,,,,,5,2,1,1.0,3
201400010246,0014-09-28 19:30:00,14,9,28,19,30,60,27,"0, VERDUN AVENUE DE",,,Crépuscule ou aube,En agglomération,Intersection en T,Normale,Deux véhicules - côté,,,,,,,,,,,2,2,3,1.0,3
201400010247,0014-09-29 03:15:00,14,9,29,3,15,60,27,"91, GROS BUAUX CHEMIN DE",,,Nuit avec éclairage allumé,En agglomération,Hors intersection,Normale,Sans collision,,,,,,,,,,,5,2,1,1.0,7
201400010248,0014-10-04 17:10:00,14,10,4,17,10,60,27,"7, NEGRO RUE LOUIS",,,Plein jour,En agglomération,Hors intersection,Normale,Deux véhicules - arrière,,,,,,,,,,,1,2,1,1.0,2
201400010249,0014-10-08 12:55:00,14,10,8,12,55,60,27,PLAGE BOULEVARD DE LA,,,Plein jour,En agglomération,Intersection en T,Normale,Deux véhicules - arrière,,,,,,,,,,,1,2,3,1.0,2