accident_id,datetime,annee,mois,jour,heure,minute,departement,commune_insee,adresse,latitude,longitude,luminosite,agglomeration,intersection,meteo,collision,nb_vehicules,nb_usagers,nb_indemnes,nb_tues,nb_blesses_hosp,nb_blesses_legers,age_cond_1,age_cond_2,veh_type_cond_1,veh_type_cond_2,lum_code,agg_code,int_code,atm_code,col_code
201400010250,0014-10-08 13:30:00,14,10,8,13,30,60,27,"15, RENOIR AVENUE AUGUST",,,Plein jour,En agglomération,Hors intersection,Normale,Autre collision,,,,,,,,,,,1,2,1,1.0,6
201400010251,0014-10-09 11:10:00,14,10,9,11,10,60,123,BORD DE MER RN 98,,,Plein jour,En agglomération,Intersection en T,Normale,Deux véhicules - arrière,,,,,,,,,,,1,2,3,1.0,2
201400010252,0014-10-14 08:10:00,14,10,14,8,10,60,27,"85, GRASSE AVENUE DE",,,Plein jour,En agglomération,Hors intersection,Pluie légère,Deux véhicules - arrière,,,,,,,,,,,1,2,1,2.0,2
201400010253,0014-10-16 17:50:00,14,10,16,17,50,60,27,DRAKKAR ROND POINT,,,Plein jour,En agglomération,Giratoire,Normale,Deux véhicules - côté,,,,,,,,,,,1,2,6,1.0,3
201400010254,0014-10-17 07:40:00,14,10,17,7,40,60,27,NICE AVENUE DE (RN7),,,Plein jour,En agglomération,Intersection en X,Normale,Deux véhicules - arrière,,,,,,,,,,,1,2,2,1.0,2
201400010255,0014-10-17 18:10:00,14,10,17,18,10,60,123,MAICON PROMENADE,,,Plein jour,En agglomération,Hors intersection,Normale,Deux véhicules - arrière,,,,,,,,,,,1,2,1,1.0,2
201400010256,0014-10-20 13:00:00,14,10,20,13,0,60,27,"7, PLAGE BOULEVARD DE LA",,,Plein jour,En agglomération,Hors intersection,Normale,Deux véhicules - côté,,,,,,,,,,,1,2,1,1.0,3
201400010257,0014-10-20 18:15:00,14,10,20,18,15,60,27,"7, DONAT AVENUE DOCTEUR",,,Plein jour,En agglomération,Hors intersection,Normale,Autre collision,,,,,,,,,,,1,2,1,1.0,6
201400010258,0014-10-21 16:50:00,14,10,21,16,50,60,123,BARONNE ROUTE DE LA,,,Plein jour,En agglomération,Intersection en T,Normale,Deux véhicules - côté,,,,,,,,,,,1,2,3,1.0,3
201400010259,0014-10-22 10:35:00,14,10,22,10,35,60,27,ALLEE DES ARTISTES,,,Plein jour,En agglomération,Intersection en T,Normale,Deux véhicules - côté,,,,,,,,,,,1,2,3,1.0,3
201400010260,0014-10-23 11:45:00,14,10,23,11,45,60,27,"87, GRASSE AVENUE DE",,,Plein jour,En agglomération,Hors intersection,Normale,Deux véhicules - côté,,,,,,,,,,,1,2,1,1.0,3
201400010261,0014-10-23 23:00:00,14,10,23,23,0,60,27,"69, VAL FLEURI CHEMIN DU",,,Nuit avec éclairage allumé,En agglomération,Hors intersection,Normale,Deux véhicules - côté,,,,,,,,,,,5,2,1,1.0,3
201400010262,0014-10-25 18:15:00,14,10,25,18,15,60,27,LECLERCAVENUE GENERAL,,,Plein jour,En agglomération,Hors intersection,Normale,Autre collision,,,,,,,,,,,1,2,1,1.0,6
201400010263,0014-10-26 16:25:00,14,10,26,16,25,60,27,"67, JUIN BOULEVARD MAREC",,,Plein jour,En agglomération,Hors intersection,Normale,Deux véhicules - côté,,,,,,,,,,,1,2,1,1.0,3
201400010264,0014-10-28 11:35:00,14,10,28,11,35,60,27,ORANGERS AVENUE DES,,,Plein jour,En agglomération,Hors intersection,Normale,Autre collision,,,,,,,,,,,1,2,1,1.0,6
201400010265,0014-10-28 15:40:00,14,10,28,15,40,60,27,ALPES AVENUE DES,,,Plein jour,En agglomération,Hors intersection,Normale,Sans collision,,,,,,,,,,,1,2,1,1.0,7
201400010266,0014-10-28 16:10:00,14,10,28,16,10,60,123,ROSES CHEMIN DES,,,Plein jour,En agglomération,Hors intersection,Normale,Deux véhicules - côté,,,,,,,,,,,1,2,1,1.0,3
201400010267,0014-10-28 18:40:00,14,10,28,18,40,60,123,"177, PAGNOL MARCEL BOULE",,,Nuit avec éclairage allumé,En agglomération,Hors intersection,Normale,Deux véhicules - côté,,,,,,,,,,,5,2,1,1.0,3
201400010268,0014-10-29 08:00:00,14,10,29,8,0,60,27,"75, BESSET AVENUE CYRILL",,,Plein jour,En agglomération,Hors intersection,Normale,Deux véhicules - côté,,,,,,,,,,,1,2,1,1.0,3
201400010269,0014-11-06 16:20:00,14,11,6,16,20,60,27,"24, CANNES AVENUE DE (RN",,,Plein jour,En agglomération,Hors intersection,Normale,Deux véhicules - arrière,,,,,,,,,,,1,2,1,1.0,2
201400010270,0014-11-12 09:40:00,14,11,12,9,40,60,27,JUIN BOULEVARD MARECHAL,,,Plein jour,En agglomération,Hors intersection,Normale,Autre collision,,,,,,,,,,,1,2,1,1.0,6
201400010271,0014-11-14 08:00:00,14,11,14,8,0,60,27,CANNES AVENUE DE (RN7),,,Plein jour,En agglomération,Intersection en T,Normale,Deux véhicules - côté,,,,,,,,,,,1,2,3,1.0,3
201400010272,0014-11-14 08:05:00,14,11,14,8,5,60,27,"90, VAL FLEURI CHEMIN DU",,,Plein jour,En agglomération,Hors intersection,Normale,Deux véhicules - arrière,,,,,,,,,,,1,2,1,1.0,2
201400010273,0014-11-17 16:10:00,14,11,17,16,10,60,27,JUIN BOULEVARD MARECHAL,,,Plein jour,En agglomération,Hors intersection,Normale,Autre collision,,,,,,,,,,,1,2,1,1.0,6
201400010274,0014-11-21 08:30:00,14,11,21,8,30,60,27,"53, VAL FLEURI CHEMIN DU",,,Plein jour,En agglomération,Hors intersection,Normale,Deux véhicules - côté,,,,,,,,,,,1,2,1,1.0,3
201400010275,0014-11-26 07:50:00,14,11,26,7,50,60,27,"37, BESSET AVENUE CYRILL",,,Plein jour,En agglomération,Hors intersection,Pluie légère,Trois véhicules et plus - collisions multiples,,,,,,,,,,,1,2,1,2.0,5
201400010276,0014-11-29 06:20:00,14,11,29,6,20,60,27,"112, PLAGE BOULEVARD DE",,,Nuit avec éclairage allumé,En agglomération,Intersection en T,Normale,Autre collision,,,,,,,,,,,5,2,3,1.0,6
201400010277,0014-12-06 11:40:00,14,12,6,11,40,60,123,BORD DE MER RN 98,,,Plein jour,En agglomération,Hors intersection,Normale,Deux véhicules - côté,,,,,,,,,,,1,2,1,1.0,3
201400010278,0014-12-09 11:50:00,14,12,9,11,50,60,27,"113, PLAGE BOULEVARD DE",,,Plein jour,En agglomération,Hors intersection,Normale,Autre collision,,,,,,,,,,,1,2,1,1.0,6
201400010279,0014-12-13 18:45:00,14,12,13,18,45,60,27,"0, NICE AVENUE DE (RN7)",,,Nuit avec éclairage allumé,En agglomération,Hors intersection,Normale,Autre collision,,,,,,,,,,,5,2,1,1.0,6
201400010280,0014-12-15 16:30:00,14,12,15,16,30,60,27,"125, NICE AVENUE DE (RN7",,,Plein jour,En agglomération,Hors intersection,Normale,Trois véhicules et plus - collisions multiples,,,,,,,,,,,1,2,1,1.0,5
201400010281,0014-12-19 07:40:00,14,12,19,7,40,60,123,CURIE PIERRE ET MARIE AV,,,Plein jour,En agglomération,Hors intersection,Normale,Trois véhicules et plus - en chaîne,,,,,,,,,,,1,2,1,1.0,4
201400010282,0014-12-20 09:25:00,14,12,20,9,25,60,27,NETTER RUE,,,Plein jour,En agglomération,Hors intersection,Normale,Autre collision,,,,,,,,,,,1,2,1,1.0,6
201400010283,0014-12-21 10:10:00,14,12,21,10,10,60,123,JEANNE D'ARC AVENUE,,,Plein jour,En agglomération,Hors intersection,Normale,Autre collision,,,,,,,,,,,1,2,1,1.0,6
201400010284,0014-12-23 16:00:00,14,12,23,16,0,60,123,MISTRAL FREDERIC AVENUE,,,Plein jour,En agglomération,Hors intersection,Normale,Deux véhicules - frontale,,,,,,,,,,,1,2,1,1.0,1
201400010285,0014-12-27 22:20:00,14,12,27,22,20,60,123,"1567, PUGETS ROUTE DES",,,Nuit avec éclairage allumé,En agglomération,Hors intersection,Normale,Autre collision,,,,,,,,,,,5,2,1,1.0,6
201400010286,0014-12-31 16:55:00,14,12,31,16,55,60,27,TUILIERES AVENUE DES,,,Plein jour,En agglomération,Giratoire,Normale,Deux véhicules - côté,,,,,,,,,,,1,2,6,1.0,3
201400010287,0014-01-07 19:55:00,14,1,7,19,55,60,29,DIX HUIT JUIN (PLACE DU),,,Nuit avec éclairage allumé,En agglomération,Hors intersection,Normale,Deux véhicules - arrière,,,,,,,,,,,5,2,1,1.0,2
201400010288,0014-01-15 17:00:00,14,1,15,17,0,60,30,SADI CARNOT (BOULEVARD),,,Nuit avec éclairage allumé,En agglomération,Hors intersection,Normale,Deux véhicules - côté,,,,,,,,,,,5,2,1,1.0,3
201400010289,0014-01-12 16:00:00,14,1,12,16,0,60,29,"32, MIDI (BOULEVARD DU)",,,Plein jour,En agglomération,Hors intersection,Normale,Autre collision,,,,,,,,,,,1,2,1,1.0,6
201400010290,0014-01-16 17:00:00,14,1,16,17,0,60,29,MARIA (PLACE COMMANDANT),,,Nuit avec éclairage allumé,En agglomération,Hors intersection,Normale,Autre collision,,,,,,,,,,,5,2,1,1.0,6
201400010291,0014-01-17 17:00:00,14,1,17,17,0,60,29,GRASSE (AVENUE DE),,,Plein jour,En agglomération,Hors intersection,Pluie forte,Trois véhicules et plus - en chaîne,,,,,,,,,,,1,2,1,3.0,4
201400010292,0014-01-21 16:45:00,14,1,21,16,45,60,30,POMPIDOU (AVENUE GEORGES,,,Plein jour,En agglomération,Hors intersection,Normale,Autre collision,,,,,,,,,,,1,2,1,1.0,6
201400010293,0014-01-24 09:50:00,14,1,24,9,50,60,29,JUIN (AVENUE MARECHAL),,,Plein jour,En agglomération,Hors intersection,Normale,Deux véhicules - côté,,,,,,,,,,,1,2,1,1.0,3
201400010294,0014-02-03 18:30:00,14,2,3,18,30,60,30,ROOSEVELT (AVENUE FRANKL,,,Nuit avec éclairage allumé,En agglomération,Hors intersection,Normale,Sans collision,,,,,,,,,,,5,2,1,1.0,7
201400010295,0014-02-04 12:45:00,14,2,4,12,45,60,29,TONNER (AVENUE FRANCIS),,,Plein jour,En agglomération,Hors intersection,Pluie légère,Trois véhicules et plus - collisions multiples,,,,,,,,,,,1,2,1,2.0,5
201400010296,0014-02-05 07:20:00,14,2,5,7,20,60,29,CROISETTE (BOULEVARD DE,,,Plein jour,En agglomération,Hors intersection,Normale,Autre collision,,,,,,,,,,,1,2,1,1.0,6
201400010297,0014-02-06 11:15:00,14,2,6,11,15,60,29,FERRAGE (BOULEVARD DE LA,,,Plein jour,En agglomération,Hors intersection,Normale,Sans collision,,,,,,,,,,,1,2,1,1.0,7
201400010298,0014-02-07 09:12:00,14,2,7,9,12,60,29,BUQUET (RUE LEOPOLD),,,Plein jour,En agglomération,Hors intersection,Normale,Autre collision,,,,,,,,,,,1,2,1,1.0,6
201400010299,0014-02-18 17:55:00,14,2,18,17,55,60,29,"60, DELATTRE DE TASSIGNY",,,Nuit avec éclairage allumé,En agglomération,Hors intersection,Normale,Deux véhicules - frontale,,,,,,,,,,,5,2,1,1.0,1
201400010300,0014-02-20 12:10:00,14,2,20,12,10,60,29,"23, PICAUD (AVENUE DU DO",,,Plein jour,En agglomération,Hors intersection,Normale,Deux véhicules - arrière,,,,,,,,,,,1,2,1,1.0,2
201400010301,0014-02-20 13:15:00,14,2,20,13,15,60,29,PICAUD (AVENUE DU DOCTEU,,,Plein jour,En agglomération,Hors intersection,Normale,Deux véhicules - côté,,,,,,,,,,,1,2,1,1.0,3
201400010302,0014-02-20 16:54:00,14,2,20,16,54,60,29,"42, COUBERTIN (AVENUE PI",,,Plein jour,En agglomération,Hors intersection,Normale,Deux véhicules - côté,,,,,,,,,,,1,2,1,1.0,3
201400010303,0014-02-28 09:47:00,14,2,28,9,47,60,29,LAFONTAINE (RUE),,,Plein jour,En agglomération,Hors intersection,Normale,Autre collision,,,,,,,,,,,1,2,1,1.0,6
201400010304,0014-03-05 09:00:00,14,3,5,9,0,60,29,"55, ANTIBES (RUE D')",,,Plein jour,En agglomération,Hors intersection,Normale,Autre collision,,,,,,,,,,,1,2,1,1.0,6
201400010305,0014-03-08 19:28:00,14,3,8,19,28,60,29,"260, GRASSE (AVENUE DE)",,,Nuit avec éclairage allumé,En agglomération,Hors intersection,Normale,Autre collision,,,,,,,,,,,5,2,1,1.0,6
201400010306,0014-03-09 15:58:00,14,3,9,15,58,60,29,MIDI (BOULEVARD DU),,,Plein jour,En agglomération,Hors intersection,Normale,Autre collision,,,,,,,,,,,1,2,1,1.0,6
201400010307,0014-03-10 07:45:00,14,3,10,7,45,60,29,"143, REPUBLIQUE (BOULEVA",,,Plein jour,En agglomération,Hors intersection,Normale,Deux véhicules - côté,,,,,,,,,,,1,2,1,1.0,3
201400010308,0014-03-11 14:13:00,14,3,11,14,13,60,29,GALLIENI (AVENUE MARECHA,,,Plein jour,En agglomération,Hors intersection,Normale,Autre collision,,,,,,,,,,,1,2,1,1.0,6
201400010309,0014-03-11 16:45:00,14,3,11,16,45,60,29,"00, JOURDAN (AVENUE MICH",,,Plein jour,En agglomération,Hors intersection,Normale,Autre collision,,,,,,,,,,,1,2,1,1.0,6
201400010310,0014-03-12 11:20:00,14,3,12,11,20,60,29,"90, CARNOT (BOULEVARD)",,,Plein jour,En agglomération,Hors intersection,Normale,Autre collision,,,,,,,,,,,1,2,1,1.0,6
201400010311,0014-03-12 18:40:00,14,3,12,18,40,60,29,"98, CARNOT (BOULEVARD)",,,Crépuscule ou aube,En agglomération,Hors intersection,Normale,Autre collision,,,,,,,,,,,2,2,1,1.0,6
201400010312,0014-03-13 15:42:00,14,3,13,15,42,60,29,MERIMEE (SQUARE),,,Plein jour,En agglomération,Hors intersection,Normale,Autre collision,,,,,,,,,,,1,2,1,1.0,6
201400010313,0014-03-15 17:05:00,14,3,15,17,5,60,29,CLEMENCEAU (RUE GEORGES),,,Plein jour,En agglomération,Hors intersection,Normale,Autre collision,,,,,,,,,,,1,2,1,1.0,6
201400010314,0014-03-18 10:20:00,14,3,18,10,20,60,30,MASSENA (RUE) CANNET,,,Plein jour,En agglomération,Hors intersection,Normale,Deux véhicules - côté,,,,,,,,,,,1,2,1,1.0,3
201400010315,0014-03-18 11:53:00,14,3,18,11,53,60,29,"82, CLEMENCEAU (RUE GEOR",,,Plein jour,En agglomération,Hors intersection,Normale,Deux véhicules - frontale,,,,,,,,,,,1,2,1,1.0,1
201400010316,0014-03-20 17:50:00,14,3,20,17,50,60,30,ROOSEVELT (AVENUE FRANKL,,,Plein jour,En agglomération,Hors intersection,Normale,Sans collision,,,,,,,,,,,1,2,1,1.0,7
201400010317,0014-03-21 12:04:00,14,3,21,12,4,60,30,AUBAREDE (CHEMIN DE L'),,,Plein jour,En agglomération,Hors intersection,Normale,Autre collision,,,,,,,,,,,1,2,1,1.0,6
201400010318,0014-03-23 23:50:00,14,3,23,23,50,60,29,REPUBLIQUE (BOULEVARD DE,,,Nuit avec éclairage allumé,En agglomération,Hors intersection,Normale,Autre collision,,,,,,,,,,,5,2,1,1.0,6
201400010319,0014-03-25 10:30:00,14,3,25,10,30,60,29,"06, MIDI (BOULEVARD DU)",,,Plein jour,En agglomération,Hors intersection,Normale,Autre collision,,,,,,,,,,,1,2,1,1.0,6
201400010320,0014-04-04 13:34:00,14,4,4,13,34,60,30,"12-14, JEANPIERRE (AVENU",,,Plein jour,En agglomération,Hors intersection,Normale,Sans collision,,,,,,,,,,,1,2,1,1.0,7
201400010321,0014-04-05 12:30:00,14,4,5,12,30,60,29,CROISETTE (BOULEVARD DE,,,Plein jour,En agglomération,Hors intersection,Normale,Autre collision,,,,,,,,,,,1,2,1,1.0,6
201400010322,0014-04-07 14:25:00,14,4,7,14,25,60,29,LATOUR MAUBOURG (RUE),,,Plein jour,En agglomération,Hors intersection,Normale,Autre collision,,,,,,,,,,,1,2,1,1.0,6
201400010323,0014-04-09 13:45:00,14,4,9,13,45,60,30,"49, DOUMER (BOULEVARD PA",,,Plein jour,En agglomération,Hors intersection,Normale,Deux véhicules - arrière,,,,,,,,,,,1,2,1,1.0,2
201400010324,0014-04-09 18:00:00,14,4,9,18,0,60,29,BORDE (AVENUE DE LA),,,Plein jour,En agglomération,Hors intersection,Normale,Deux véhicules - côté,,,,,,,,,,,1,2,1,1.0,3
201400010325,0014-04-09 18:50:00,14,4,9,18,50,60,29,BACHAGA SAID BOUALAM (AV,,,Plein jour,En agglomération,Hors intersection,Normale,Sans collision,,,,,,,,,,,1,2,1,1.0,7
201400010326,0014-04-10 15:15:00,14,4,10,15,15,60,29,"58, CARNOT (BOULEVARD)",,,Plein jour,En agglomération,Hors intersection,Normale,Autre collision,,,,,,,,,,,1,2,1,1.0,6
201400010327,0014-04-11 14:36:00,14,4,11,14,36,60,29,"11, CROISETTE (BOULEVARD",,,Plein jour,En agglomération,Hors intersection,Normale,Sans collision,,,,,,,,,,,1,2,1,1.0,7
201400010328,0014-04-11 15:05:00,14,4,11,15,5,60,29,"09, CARNOT (BOULEVARD)",,,Plein jour,En agglomération,Hors intersection,Normale,Autre collision,,,,,,,,,,,1,2,1,1.0,6
201400010329,0014-04-14 18:45:00,14,4,14,18,45,60,30,INDUSTRIE (CHEMIN DE L'),,,Plein jour,En agglomération,Hors intersection,Normale,Deux véhicules - côté,,,,,,,,,,,1,2,1,1.0,3
201400010330,0014-04-15 12:07:00,14,4,15,12,7,60,29,"16, ALSACE ( BOULEVARD D",,,Plein jour,En agglomération,Hors intersection,Normale,Autre collision,,,,,,,,,,,1,2,1,1.0,6
201400010331,0014-04-16 15:50:00,14,4,16,15,50,60,29,"183, ROUBINE (AVENUE DE",,,Plein jour,En agglomération,Hors intersection,Normale,Deux véhicules - côté,,,,,,,,,,,1,2,1,1.0,3
201400010332,0014-04-22 08:26:00,14,4,22,8,26,60,29,"02, BRIEUX (RUE EUGENE)",,,Plein jour,En agglomération,Hors intersection,Normale,Autre collision,,,,,,,,,,,1,2,1,1.0,6
201400010333,0014-04-20 10:20:00,14,4,20,10,20,60,29,"44, ALEXANDRE III (BOULE",,,Plein jour,En agglomération,Hors intersection,Normale,Sans collision,,,,,,,,,,,1,2,1,1.0,7
201400010334,0014-04-18 12:00:00,14,4,18,12,0,60,29,TONNER (AVENUE FRANCIS),,,Plein jour,En agglomération,Hors intersection,Normale,Autre collision,,,,,,,,,,,1,2,1,1.0,6
201400010335,0014-04-21 20:30:00,14,4,21,20,30,60,29,"25, ALSACE ( BOULEVARD D",,,Crépuscule ou aube,En agglomération,Hors intersection,Normale,Sans collision,,,,,,,,,,,2,2,1,1.0,7
201400010336,0014-04-22 10:47:00,14,4,22,10,47,60,29,"26, JOURDAN (AVENUE MICH",,,Plein jour,En agglomération,Hors intersection,Normale,Autre collision,,,,,,,,,,,1,2,1,1.0,6
201400010337,0014-04-23 11:50:00,14,4,23,11,50,60,30,GAMBETTA (BOULEVARD),,,Plein jour,En agglomération,Hors intersection,Normale,Sans collision,,,,,,,,,,,1,2,1,1.0,7
201400010338,0014-04-24 15:10:00,14,4,24,15,10,60,29,REPUBLIQUE (BOULEVARD DE,,,Plein jour,En agglomération,Hors intersection,Normale,Deux véhicules - côté,,,,,,,,,,,1,2,1,1.0,3
201400010339,0014-04-24 18:45:00,14,4,24,18,45,60,30,"369, POMPIDOU (AVENUE GE",,,Plein jour,En agglomération,Hors intersection,Normale,Sans collision,,,,,,,,,,,1,2,1,1.0,7
201400010340,0014-04-26 10:34:00,14,4,26,10,34,60,29,CROISETTE (BOULEVARD DE,,,Plein jour,En agglomération,Hors intersection,Normale,Autre collision,,,,,,,,,,,1,2,1,1.0,6
201400010341,0014-04-27 09:45:00,14,4,27,9,45,60,29,CHEVALIER (AVENUE MAURIC,,,Plein jour,En agglomération,Hors intersection,Normale,Deux véhicules - côté,,,,,,,,,,,1,2,1,1.0,3
201400010342,0014-04-27 11:35:00,14,4,27,11,35,60,29,"101, CARNOT (BOULEVARD)",,,Plein jour,En agglomération,Hors intersection,Normale,Autre collision,,,,,,,,,,,1,2,1,1.0,6
201400010343,0014-04-28 14:55:00,14,4,28,14,55,60,29,CLEMENCEAU (RUE GEORGES),,,Plein jour,En agglomération,Hors intersection,Normale,Deux véhicules - côté,,,,,,,,,,,1,2,1,1.0,3
201400010344,0014-04-29 10:20:00,14,4,29,10,20,60,30,DOUMER (BOULEVARD PAUL),,,Plein jour,En agglomération,Hors intersection,Normale,Deux véhicules - côté,,,,,,,,,,,1,2,1,1.0,3
201400010345,0014-04-29 12:20:00,14,4,29,12,20,60,30,AUBAREDE (AVENUE DE L'),,,Plein jour,En agglomération,Hors intersection,Normale,Deux véhicules - côté,,,,,,,,,,,1,2,1,1.0,3
201400010346,0014-04-29 13:37:00,14,4,29,13,37,60,29,ALSACE ( BOULEVARD D'),,,Plein jour,En agglomération,Hors intersection,Normale,Autre collision,,,,,,,,,,,1,2,1,1.0,6
201400010347,0014-04-30 14:48:00,14,4,30,14,48,60,30,"42, MONTJOLI (AVENUE DU)",,,Plein jour,En agglomération,Hors intersection,Normale,Autre collision,,,,,,,,,,,1,2,1,1.0,6
201400010348,0014-05-02 23:10:00,14,5,2,23,10,60,30,"00, CANNES (RUE DE)",,,Nuit avec éclairage allumé,En agglomération,Hors intersection,Normale,Deux véhicules - côté,,,,,,,,,,,5,2,1,1.0,3
201400010349,0014-05-05 13:45:00,14,5,5,13,45,60,29,"07, PICAUD (AVENUE DR) B",,,Plein jour,En agglomération,Hors intersection,Normale,Trois véhicules et plus - en chaîne,,,,,,,,,,,1,2,1,1.0,4
201400010350,0014-05-06 13:20:00,14,5,6,13,20,60,29,"00, BROUSSAILLES (AVENUE",,,Plein jour,En agglomération,Hors intersection,Normale,Deux véhicules - côté,,,,,,,,,,,1,2,1,1.0,3
201400010351,0014-05-06 18:10:00,14,5,6,18,10,60,29,MIDI (BOULEVARD DU),,,Plein jour,En agglomération,Hors intersection,Normale,Autre collision,,,,,,,,,,,1,2,1,1.0,6
201400010352,0014-05-08 15:35:00,14,5,8,15,35,60,30,"00, SADI CARNOT (BOULEVA",,,Plein jour,En agglomération,Hors intersection,Normale,Sans collision,,,,,,,,,,,1,2,1,1.0,7
201400010353,0014-05-12 08:28:00,14,5,12,8,28,60,29,"98, TONNER (AVENUE FRANC",,,Plein jour,En agglomération,Hors intersection,Normale,Sans collision,,,,,,,,,,,1,2,1,1.0,7
201400010354,0014-05-12 08:55:00,14,5,12,8,55,60,29,GALLIENI (AVENUE MARECHA,,,Plein jour,En agglomération,Hors intersection,Normale,Sans collision,,,,,,,,,,,1,2,1,1.0,7
201400010355,0014-05-12 11:27:00,14,5,12,11,27,60,29,LYON (AVENUE DE),,,Plein jour,En agglomération,Hors intersection,Normale,Autre collision,,,,,,,,,,,1,2,1,1.0,6
201400010356,0014-05-14 15:00:00,14,5,14,15,0,60,29,RIOU (BOULEVARD DU),,,Plein jour,En agglomération,Hors intersection,Normale,Deux véhicules - côté,,,,,,,,,,,1,2,1,1.0,3
201400010357,0014-05-15 14:10:00,14,5,15,14,10,60,29,"72, TONNER (AVENUE FRANC",,,Plein jour,En agglomération,Hors intersection,Normale,Deux véhicules - côté,,,,,,,,,,,1,2,1,1.0,3
201400010358,0014-05-16 07:30:00,14,5,16,7,30,60,29,LORRAINE (BOULEVARD DE),,,Plein jour,En agglomération,Intersection en T,Normale,Deux véhicules - côté,,,,,,,,,,,1,2,3,1.0,3
201400010359,0014-05-16 07:55:00,14,5,16,7,55,60,29,"00, GALLIENI (AVENUE MAR",,,Plein jour,En agglomération,Hors intersection,Normale,Autre collision,,,,,,,,,,,1,2,1,1.0,6
201400010360,0014-05-16 19:15:00,14,5,16,19,15,60,29,"19, CARNOT (BOULEVARD)",,,Plein jour,En agglomération,Hors intersection,Normale,Deux véhicules - côté,,,,,,,,,,,1,2,1,1.0,3
201400010361,0014-05-18 07:10:00,14,5,18,7,10,60,29,ALEXANDRE III (BOULEVARD,,,Plein jour,En agglomération,Hors intersection,Normale,Autre collision,,,,,,,,,,,1,2,1,1.0,6
201400010362,0014-05-18 21:13:00,14,5,18,21,13,60,29,TRIPET (BOULEVARD EUGENE,,,Nuit avec éclairage allumé,En agglomération,Hors intersection,Normale,Deux véhicules - côté,,,,,,,,,,,5,2,1,1.0,3
201400010363,0014-05-19 12:05:00,14,5,19,12,5,60,29,CROISETTE (BOULEVARD DE,,,Plein jour,En agglomération,Hors intersection,Normale,Autre collision,,,,,,,,,,,1,2,1,1.0,6
201400010364,0014-05-20 03:02:00,14,5,20,3,2,60,29,"95, CROISETTE (BOULEVARD",,,Nuit avec éclairage allumé,En agglomération,Hors intersection,Normale,Deux véhicules - côté,,,,,,,,,,,5,2,1,1.0,3
201400010365,0014-05-20 17:50:00,14,5,20,17,50,60,29,"135, JOURDAN (AVENUE MIC",,,Plein jour,En agglomération,Hors intersection,Normale,Deux véhicules - côté,,,,,,,,,,,1,2,1,1.0,3
201400010366,0014-05-20 18:40:00,14,5,20,18,40,60,29,REYER (RUE),,,Plein jour,En agglomération,Hors intersection,Normale,Sans collision,,,,,,,,,,,1,2,1,1.0,7
201400010367,0014-05-21 16:14:00,14,5,21,16,14,60,29,GOLFES (AVENUE DES),,,Plein jour,En agglomération,Hors intersection,Normale,Autre collision,,,,,,,,,,,1,2,1,1.0,6
201400010368,0014-05-23 16:40:00,14,5,23,16,40,60,29,FAURE (RUE FELIX),,,Plein jour,En agglomération,Hors intersection,Normale,Autre collision,,,,,,,,,,,1,2,1,1.0,6
201400010369,0014-05-23 14:15:00,14,5,23,14,15,60,30,"68, ROOSEVELT (AVENUE FR",,,Plein jour,En agglomération,Hors intersection,Normale,Autre collision,,,,,,,,,,,1,2,1,1.0,6
201400010370,0014-05-23 22:00:00,14,5,23,22,0,60,29,"22, BUISSONS ARDENTS",,,Nuit avec éclairage allumé,En agglomération,Hors intersection,Normale,Deux véhicules - côté,,,,,,,,,,,5,2,1,1.0,3
201400010371,0014-05-25 10:00:00,14,5,25,10,0,60,29,TONNER (AVENUE FRANCIS),,,Plein jour,En agglomération,Hors intersection,Normale,Autre collision,,,,,,,,,,,1,2,1,1.0,6
201400010372,0014-05-25 10:44:00,14,5,25,10,44,60,29,VAUTRIN (BOULEVARD DU GE,,,Plein jour,En agglomération,Hors intersection,Normale,Deux véhicules - côté,,,,,,,,,,,1,2,1,1.0,3
201400010373,0014-05-25 18:45:00,14,5,25,18,45,60,29,"00, VALLOMBROSA (BOULEBA",,,Plein jour,En agglomération,Hors intersection,Normale,Deux véhicules - arrière,,,,,,,,,,,1,2,1,1.0,2
201400010374,0014-05-27 11:00:00,14,5,27,11,0,60,29,LERINS (AVENUE DE),,,Plein jour,En agglomération,Hors intersection,Normale,Sans collision,,,,,,,,,,,1,2,1,1.0,7
201400010375,0014-05-28 13:55:00,14,5,28,13,55,60,29,"11, COUBERTIN (AVENUE PI",,,Plein jour,En agglomération,Hors intersection,Normale,Deux véhicules - côté,,,,,,,,,,,1,2,1,1.0,3
201400010376,0014-05-29 13:40:00,14,5,29,13,40,60,29,MIDI (BOULEVARD DU),,,Plein jour,En agglomération,Hors intersection,Normale,Deux véhicules - côté,,,,,,,,,,,1,2,1,1.0,3
201400010377,0014-05-31 20:25:00,14,5,31,20,25,60,29,MIDI (BOULEVARD DU),,,Plein jour,En agglomération,Hors intersection,Normale,Deux véhicules - arrière,,,,,,,,,,,1,2,1,1.0,2
201400010378,0014-05-31 21:15:00,14,5,31,21,15,60,29,"78, CROISETTE (BOULEVARD",,,Nuit avec éclairage allumé,En agglomération,Hors intersection,Normale,Deux véhicules - côté,,,,,,,,,,,5,2,1,1.0,3
201400010379,0014-05-31 00:45:00,14,5,31,0,45,60,29,MIDI (BOULEVARD DU),,,Nuit avec éclairage allumé,En agglomération,Hors intersection,Normale,Autre collision,,,,,,,,,,,5,2,1,1.0,6
201400010380,0014-06-05 15:50:00,14,6,5,15,50,60,30,BREGUIERES (CHEMIN DES),,,Plein jour,En agglomération,Hors intersection,Normale,Deux véhicules - côté,,,,,,,,,,,1,2,1,1.0,3
201400010381,0014-06-06 10:55:00,14,6,6,10,55,60,29,CHABAUD (RUE),,,Plein jour,En agglomération,Hors intersection,Normale,Sans collision,,,,,,,,,,,1,2,1,1.0,7