accident_id,datetime,annee,mois,jour,heure,minute,departement,commune_insee,adresse,latitude,longitude,luminosite,agglomeration,intersection,meteo,collision,nb_vehicules,nb_usagers,nb_indemnes,nb_tues,nb_blesses_hosp,nb_blesses_legers,age_cond_1,age_cond_2,veh_type_cond_1,veh_type_cond_2,lum_code,agg_code,int_code,atm_code,col_code
201400010899,0014-02-18 08:25:00,14,2,18,8,25,60,88,"20, SAINT-JEAN D'ANGELY",,,Plein jour,En agglomération,Hors intersection,Normale,Deux véhicules - frontale,,,,,,,,,,,1,2,1,1.0,1
201400010900,0014-02-18 08:30:00,14,2,18,8,30,60,88,"38, ESTIENNE -D'ORVES (A",,,Plein jour,En agglomération,Hors intersection,Normale,Autre collision,,,,,,,,,,,1,2,1,1.0,6
201400010901,0014-02-19 10:05:00,14,2,19,10,5,60,88,"0, BCA (RUE DU 22IEME)",,,Plein jour,En agglomération,Hors intersection,Normale,Autre collision,,,,,,,,,,,1,2,1,1.0,6
201400010902,0014-02-19 15:15:00,14,2,19,15,15,60,88,"243, CALIFORNIE (AV.) (A",,,Plein jour,En agglomération,Hors intersection,Normale,Autre collision,,,,,,,,,,,1,2,1,1.0,6
201400010903,0014-02-19 19:45:00,14,2,19,19,45,60,88,"8, SAPPIA (AV. HENRI)",,,Plein jour,En agglomération,Hors intersection,Normale,Deux véhicules - côté,,,,,,,,,,,1,2,1,1.0,3
201400010904,0014-02-20 08:25:00,14,2,20,8,25,60,88,"0, PRAT (R. DU DR LOUIS)",,,Plein jour,En agglomération,Intersection en T,Normale,Deux véhicules - côté,,,,,,,,,,,1,2,3,1.0,3
201400010905,0014-02-21 07:45:00,14,2,21,7,45,60,88,"29, CESSOLE (BD DE) (JUS",,,Plein jour,En agglomération,Hors intersection,Normale,Autre collision,,,,,,,,,,,1,2,1,1.0,6
201400010906,0014-02-21 13:20:00,14,2,21,13,20,60,88,"10, DUBOUCHAGE (BD)",,,Plein jour,En agglomération,Hors intersection,Normale,Deux véhicules - côté,,,,,,,,,,,1,2,1,1.0,3
201400010907,0014-02-21 00:01:00,14,2,21,0,1,60,88,"0, GRINDA (AV. EDOUARD)",,,Nuit avec éclairage allumé,En agglomération,Hors intersection,Normale,Deux véhicules - côté,,,,,,,,,,,5,2,1,1.0,3
201400010908,0014-02-22 15:20:00,14,2,22,15,20,60,88,"0, SAINT-JEAN BAPTISTE (",,,Plein jour,En agglomération,Intersection en X,Normale,Autre collision,,,,,,,,,,,1,2,2,1.0,6
201400010909,0014-02-22 18:00:00,14,2,22,18,0,60,88,"0, ROQUEBILLIERE (R. DE)",,,Plein jour,En agglomération,Hors intersection,Normale,Autre collision,,,,,,,,,,,1,2,1,1.0,6
201400010910,0014-02-22 22:55:00,14,2,22,22,55,60,88,"36, HUGO (BD VICTOR)",,,Nuit avec éclairage allumé,En agglomération,Hors intersection,Normale,Deux véhicules - côté,,,,,,,,,,,5,2,1,1.0,3
201400010911,0014-02-23 17:35:00,14,2,23,17,35,60,88,"0, GROSSO (A PARTIR DU N",,,Plein jour,En agglomération,Hors intersection,Normale,Deux véhicules - frontale,,,,,,,,,,,1,2,1,1.0,1
201400010912,0014-02-23 19:30:00,14,2,23,19,30,60,88,"0, LEPANTE (R. DE)",,,Nuit avec éclairage allumé,En agglomération,Hors intersection,Normale,Deux véhicules - côté,,,,,,,,,,,5,2,1,1.0,3
201400010913,0014-02-24 11:30:00,14,2,24,11,30,60,88,"91, ANGLAIS PLAGE (DU 26",,,Plein jour,En agglomération,Hors intersection,Normale,Autre collision,,,,,,,,,,,1,2,1,1.0,6
201400010914,0014-02-24 17:20:00,14,2,24,17,20,60,88,"114, GRENOBLE (ROUTE DE)",,,Plein jour,En agglomération,Hors intersection,Normale,Deux véhicules - arrière,,,,,,,,,,,1,2,1,1.0,2
201400010915,0014-02-24 17:40:00,14,2,24,17,40,60,88,"0, ANGLAIS (A PARTIR DU",,,Plein jour,En agglomération,Hors intersection,Normale,Autre collision,,,,,,,,,,,1,2,1,1.0,6
201400010916,0014-02-24 02:10:00,14,2,24,2,10,60,88,"06, PROVANA-DE-LEYNI (R.",,,Nuit avec éclairage allumé,En agglomération,Hors intersection,Normale,Autre collision,,,,,,,,,,,5,2,1,1.0,6
201400010917,0014-02-25 11:05:00,14,2,25,11,5,60,88,"33, DEROULEDE (RUE PAUL)",,,Plein jour,En agglomération,Hors intersection,Normale,Autre collision,,,,,,,,,,,1,2,1,1.0,6
201400010918,0014-02-25 15:40:00,14,2,25,15,40,60,88,"58, PONCHETTES (R. DES)",,,Plein jour,En agglomération,Hors intersection,Normale,Autre collision,,,,,,,,,,,1,2,1,1.0,6
201400010919,0014-02-26 09:10:00,14,2,26,9,10,60,88,"0, MEDECIN (PL. ALEXANDR",,,Plein jour,En agglomération,Hors intersection,Pluie légère,Deux véhicules - arrière,,,,,,,,,,,1,2,1,2.0,2
201400010920,0014-02-26 11:45:00,14,2,26,11,45,60,159,"655, LEOPOLD II (AVENUE)",,,Plein jour,En agglomération,Hors intersection,Normale,Autre collision,,,,,,,,,,,1,2,1,1.0,6
201400010921,0014-02-26 18:50:00,14,2,26,18,50,60,159,"1, ALBERT 1ER (AVENUE)",,,Nuit avec éclairage allumé,En agglomération,Hors intersection,Pluie légère,Autre collision,,,,,,,,,,,5,2,1,2.0,6
201400010922,0014-02-27 08:20:00,14,2,27,8,20,60,88,"0, CASSIN (BD RENE)",,,Plein jour,En agglomération,Hors intersection,Normale,Deux véhicules - arrière,,,,,,,,,,,1,2,1,1.0,2
201400010923,0014-02-27 10:10:00,14,2,27,10,10,60,88,"16, DELFINO (BD GENERAL)",,,Plein jour,En agglomération,Hors intersection,Normale,Autre collision,,,,,,,,,,,1,2,1,1.0,6
201400010924,0014-02-27 19:00:00,14,2,27,19,0,60,88,"0, BELLA VISTA (AV.)",,,Nuit avec éclairage allumé,En agglomération,Intersection en T,Normale,Deux véhicules - côté,,,,,,,,,,,5,2,3,1.0,3
201400010925,0014-02-28 08:00:00,14,2,28,8,0,60,88,GARE DU SUD (PL. DE LA),,,Plein jour,En agglomération,Hors intersection,Normale,Deux véhicules - côté,,,,,,,,,,,1,2,1,1.0,3
201400010926,0014-02-28 09:50:00,14,2,28,9,50,60,88,"21, JOLY (CORNICHE ANDRE",,,Plein jour,En agglomération,Hors intersection,Normale,Deux véhicules - arrière,,,,,,,,,,,1,2,1,1.0,2
201400010927,0014-02-28 21:15:00,14,2,28,21,15,60,88,"0, LAMARTINE (R.)",,,Plein jour,En agglomération,Hors intersection,Pluie forte,Autre collision,,,,,,,,,,,1,2,1,3.0,6
201400010928,0014-03-01 08:30:00,14,3,1,8,30,60,88,"0, ANGLAIS (DU N? 265 AU",,,Plein jour,En agglomération,Hors intersection,Normale,Trois véhicules et plus - en chaîne,,,,,,,,,,,1,2,1,1.0,4
201400010929,0014-03-03 12:45:00,14,3,3,12,45,60,88,"15, SCOFFIER (R. EDOUARD",,,Plein jour,En agglomération,Hors intersection,Pluie légère,Autre collision,,,,,,,,,,,1,2,1,2.0,6
201400010930,0014-03-03 21:31:00,14,3,3,21,31,60,88,"0, ANGLAIS (A PARTIR DU",,,Nuit avec éclairage allumé,En agglomération,Hors intersection,Normale,Autre collision,,,,,,,,,,,5,2,1,1.0,6
201400010931,0014-03-04 16:45:00,14,3,4,16,45,60,88,"6, PELLOS (R. FRANCOIS)",,,Plein jour,En agglomération,Hors intersection,Normale,Deux véhicules - côté,,,,,,,,,,,1,2,1,1.0,3
201400010932,0014-03-05 13:50:00,14,3,5,13,50,60,88,"0, MIRABEAU (AV.)",,,Plein jour,En agglomération,Intersection en X,Normale,Deux véhicules - côté,,,,,,,,,,,1,2,2,1.0,3
201400010933,0014-03-05 18:30:00,14,3,5,18,30,60,88,"0, FODERE (R. ET IMP.)",43.69919,7.28523,Plein jour,En agglomération,Intersection en T,Normale,Trois véhicules et plus - collisions multiples,,,,,,,,,,,1,2,3,1.0,5
201400010934,0014-03-05 18:40:00,14,3,5,18,40,60,88,"0, DUNOYER DE SEGONZAC (",,,Plein jour,En agglomération,Hors intersection,Normale,Autre collision,,,,,,,,,,,1,2,1,1.0,6
201400010935,0014-03-06 08:40:00,14,3,6,8,40,60,88,"57, MATISSE (AV. HENRI)",43.67487,7.21108,Plein jour,En agglomération,Hors intersection,Normale,Autre collision,,,,,,,,,,,1,2,1,1.0,6
201400010936,0014-03-06 17:20:00,14,3,6,17,20,60,88,"52, CALIFORNIE (AV.) (A",,,Plein jour,En agglomération,Hors intersection,Normale,Autre collision,,,,,,,,,,,1,2,1,1.0,6
201400010937,0014-03-07 02:50:00,14,3,7,2,50,60,88,"450, STE-MARGUERITE (AV.",,,Nuit avec éclairage allumé,En agglomération,Hors intersection,Normale,Autre collision,,,,,,,,,,,5,2,1,1.0,6
201400010938,0014-03-07 07:20:00,14,3,7,7,20,60,88,"42, BARBERIS (RUE)",,,Plein jour,En agglomération,Hors intersection,Normale,Deux véhicules - côté,,,,,,,,,,,1,2,1,1.0,3
201400010939,0014-03-08 10:10:00,14,3,8,10,10,60,88,"0, FABRON (AV. DE) (JUSQ",,,Plein jour,En agglomération,Intersection en Y,Normale,Deux véhicules - frontale,,,,,,,,,,,1,2,4,1.0,1
201400010940,0014-03-08 21:29:00,14,3,8,21,29,60,88,"0, BRANCOLAR (AV.) (A PA",,,Nuit avec éclairage allumé,En agglomération,Intersection en T,Normale,Deux véhicules - côté,,,,,,,,,,,5,2,3,1.0,3
201400010941,0014-03-10 14:50:00,14,3,10,14,50,60,88,"114, CALIFORNIE (AV.) (J",,,Plein jour,En agglomération,Hors intersection,Normale,Autre collision,,,,,,,,,,,1,2,1,1.0,6
201400010942,0014-03-10 15:15:00,14,3,10,15,15,60,88,"45, ANGLAIS (A PARTIR DU",,,Plein jour,En agglomération,Hors intersection,Normale,Trois véhicules et plus - en chaîne,,,,,,,,,,,1,2,1,1.0,4
201400010943,0014-03-11 10:10:00,14,3,11,10,10,60,88,"11, FLIREY (AV. DE)",,,Plein jour,En agglomération,Hors intersection,Normale,Deux véhicules - côté,,,,,,,,,,,1,2,1,1.0,3
201400010944,0014-03-12 10:30:00,14,3,12,10,30,60,88,"165, FRANCE (R. DE) DU N",,,Plein jour,En agglomération,Hors intersection,Normale,Deux véhicules - arrière,,,,,,,,,,,1,2,1,1.0,2
201400010945,0014-03-13 08:45:00,14,3,13,8,45,60,88,"0, PASTEUR (BD)",,,Plein jour,En agglomération,Hors intersection,Normale,Trois véhicules et plus - collisions multiples,,,,,,,,,,,1,2,1,1.0,5
201400010946,0014-03-14 16:00:00,14,3,14,16,0,60,88,"139, MADELEINE (BD DE LA",,,Plein jour,En agglomération,Hors intersection,Normale,Deux véhicules - côté,,,,,,,,,,,1,2,1,1.0,3
201400010947,0014-03-14 19:10:00,14,3,14,19,10,60,88,"74, DUFY (RUE RAOUL)",,,Nuit avec éclairage allumé,En agglomération,Hors intersection,Normale,Deux véhicules - frontale,,,,,,,,,,,5,2,1,1.0,1
201400010948,0014-03-15 09:00:00,14,3,15,9,0,60,88,"0, ROQUEBILLIERE (R. DE)",,,Plein jour,En agglomération,Intersection en T,Normale,Deux véhicules - côté,,,,,,,,,,,1,2,3,1.0,3
201400010949,0014-03-15 20:07:00,14,3,15,20,7,60,88,"88, TURIN (RTE DE)",,,Nuit avec éclairage allumé,En agglomération,Hors intersection,Normale,Deux véhicules - côté,,,,,,,,,,,5,2,1,1.0,3
201400010950,0014-03-15 20:40:00,14,3,15,20,40,60,88,"0, SMOLETT (R.)",,,Nuit avec éclairage allumé,En agglomération,Intersection en X,Normale,Deux véhicules - côté,,,,,,,,,,,5,2,2,1.0,3
201400010951,0014-03-16 04:25:00,14,3,16,4,25,60,88,"0, LINDBERG (AV.)",,,Nuit avec éclairage allumé,En agglomération,Hors intersection,Normale,Autre collision,,,,,,,,,,,5,2,1,1.0,6
201400010952,0014-03-16 19:00:00,14,3,16,19,0,60,88,"0, ROQUEBILLIERE (R. DE)",,,Plein jour,En agglomération,Giratoire,Normale,Deux véhicules - côté,,,,,,,,,,,1,2,6,1.0,3
201400010953,0014-03-17 14:50:00,14,3,17,14,50,60,88,"0, GRENOBLE (ROUTE DE)",,,Plein jour,En agglomération,Hors intersection,Normale,Deux véhicules - arrière,,,,,,,,,,,1,2,1,1.0,2
201400010954,0014-03-17 16:40:00,14,3,17,16,40,60,88,"231, ANGLAIS (A PARTIR D",,,Plein jour,En agglomération,Hors intersection,Normale,Deux véhicules - côté,,,,,,,,,,,1,2,1,1.0,3
201400010955,0014-03-18 14:30:00,14,3,18,14,30,60,88,"0, GALLIENI (AV.)",,,Plein jour,En agglomération,Intersection en X,Normale,Deux véhicules - côté,,,,,,,,,,,1,2,2,1.0,3
201400010956,0014-03-18 19:30:00,14,3,18,19,30,60,88,"100, CALIFORNIE (AV.) (D",,,Plein jour,En agglomération,Hors intersection,Normale,Trois véhicules et plus - collisions multiples,,,,,,,,,,,1,2,1,1.0,5
201400010957,0014-03-19 16:40:00,14,3,19,16,40,60,88,"0, ARSON (RUE)",,,Plein jour,En agglomération,Hors intersection,Normale,Autre collision,,,,,,,,,,,1,2,1,1.0,6
201400010958,0014-03-20 14:30:00,14,3,20,14,30,60,88,"0, ARMEE DES ALPES (BD D",,,Plein jour,En agglomération,Hors intersection,Normale,Deux véhicules - arrière,,,,,,,,,,,1,2,1,1.0,2
201400010959,0014-03-20 15:25:00,14,3,20,15,25,60,88,"0, CARABACEL (BD)",,,Plein jour,En agglomération,Hors intersection,Normale,Deux véhicules - arrière,,,,,,,,,,,1,2,1,1.0,2
201400010960,0014-03-21 08:20:00,14,3,21,8,20,60,88,"0, ARSON (RUE)",,,Plein jour,En agglomération,Hors intersection,Normale,Autre collision,,,,,,,,,,,1,2,1,1.0,6
201400010961,0014-03-21 12:10:00,14,3,21,12,10,60,88,"0, ANGLAIS (A PARTIR DU",,,Plein jour,En agglomération,Hors intersection,Normale,Deux véhicules - arrière,,,,,,,,,,,1,2,1,1.0,2
201400010962,0014-03-21 14:45:00,14,3,21,14,45,60,88,"113, ANGLAIS (A PARTIR D",43.69077,7.24564,Plein jour,En agglomération,Hors intersection,Normale,Deux véhicules - arrière,,,,,,,,,,,1,2,1,1.0,2
201400010963,0014-03-21 16:30:00,14,3,21,16,30,60,88,"23, ARMEE DES ALPES (BD",,,Plein jour,En agglomération,Hors intersection,Normale,Autre collision,,,,,,,,,,,1,2,1,1.0,6
201400010964,0014-03-21 16:40:00,14,3,21,16,40,60,88,"29 -33, GRACE DE MONACO",,,Plein jour,En agglomération,Hors intersection,Normale,Deux véhicules - côté,,,,,,,,,,,1,2,1,1.0,3
201400010965,0014-03-23 18:10:00,14,3,23,18,10,60,88,"13, CARLONE (BD)",,,Crépuscule ou aube,En agglomération,Hors intersection,Normale,Autre collision,,,,,,,,,,,2,2,1,1.0,6
201400010966,0014-03-21 23:20:00,14,3,21,23,20,60,88,"0, SMOLETT (R.)",,,Nuit avec éclairage allumé,En agglomération,Intersection en X,Normale,Deux véhicules - côté,,,,,,,,,,,5,2,2,1.0,3
201400010967,0014-03-22 14:00:00,14,3,22,14,0,60,88,"68, SAINT-PIERRE DE FERI",,,Plein jour,En agglomération,Hors intersection,Pluie forte,Deux véhicules - côté,,,,,,,,,,,1,2,1,3.0,3
201400010968,0014-03-22 22:45:00,14,3,22,22,45,60,88,ROQUEBILLIERE (R. DE),,,Nuit avec éclairage allumé,En agglomération,Intersection en X,Normale,Deux véhicules - côté,,,,,,,,,,,5,2,2,1.0,3
201400010969,0014-03-23 09:15:00,14,3,23,9,15,60,88,"0, FALICON (BD COMTE DE)",,,Plein jour,En agglomération,Hors intersection,Normale,Autre collision,,,,,,,,,,,1,2,1,1.0,6
201400010970,0014-03-23 15:40:00,14,3,23,15,40,60,88,"92, ESTIENNE -D'ORVES (A",,,Plein jour,En agglomération,Hors intersection,Normale,Deux véhicules - frontale,,,,,,,,,,,1,2,1,1.0,1
201400010971,0014-03-23 18:00:00,14,3,23,18,0,60,88,"142, ARIANE (BD DE L')",43.73665,7.30595,Plein jour,En agglomération,Hors intersection,Normale,Autre collision,,,,,,,,,,,1,2,1,1.0,6
201400010972,0014-03-23 18:45:00,14,3,23,18,45,60,88,"66, BAUMETTES (AV. DES)",,,Crépuscule ou aube,En agglomération,Hors intersection,Normale,Autre collision,,,,,,,,,,,2,2,1,1.0,6
201400010973,0014-03-23 21:11:00,14,3,23,21,11,60,88,VEILLON (R.),,,Nuit avec éclairage allumé,En agglomération,Hors intersection,Normale,Autre collision,,,,,,,,,,,5,2,1,1.0,6
201400010974,0014-03-24 08:30:00,14,3,24,8,30,60,88,"27, BARLA (RUE)",,,Plein jour,En agglomération,Hors intersection,Normale,Autre collision,,,,,,,,,,,1,2,1,1.0,6
201400010975,0014-03-25 07:20:00,14,3,25,7,20,60,88,"66, CIMIEZ (BD) A PARTIR",,,Plein jour,En agglomération,Hors intersection,Normale,Deux véhicules - côté,,,,,,,,,,,1,2,1,1.0,3
201400010976,0014-03-26 11:30:00,14,3,26,11,30,60,88,"140, TURIN (RTE DE)",,,Plein jour,En agglomération,Hors intersection,Normale,Deux véhicules - côté,,,,,,,,,,,1,2,1,1.0,3
201400010977,0014-03-27 18:01:00,14,3,27,18,1,60,88,"0, FALICON (BD COMTE DE)",,,Plein jour,En agglomération,Intersection en T,Normale,Deux véhicules - côté,,,,,,,,,,,1,2,3,1.0,3
201400010978,0014-03-28 07:55:00,14,3,28,7,55,60,88,"26, SAPPIA (AV. HENRI)",,,Plein jour,En agglomération,Hors intersection,Normale,Autre collision,,,,,,,,,,,1,2,1,1.0,6
201400010979,0014-03-28 08:40:00,14,3,28,8,40,60,88,"0, TURIN (RTE DE)",,,Plein jour,En agglomération,Hors intersection,Normale,Autre collision,,,,,,,,,,,1,2,1,1.0,6
201400010980,0014-03-28 13:00:00,14,3,28,13,0,60,88,"306, GRENOBLE (ROUTE DE)",,,Plein jour,En agglomération,Hors intersection,Normale,Deux véhicules - arrière,,,,,,,,,,,1,2,1,1.0,2
201400010981,0014-03-28 17:00:00,14,3,28,17,0,60,88,"0, PASTEUR (BD)",,,Plein jour,En agglomération,Intersection en T,Normale,Deux véhicules - côté,,,,,,,,,,,1,2,3,1.0,3
201400010982,0014-03-28 17:10:00,14,3,28,17,10,60,88,"0, SAINT-JEAN BAPTISTE (",,,Plein jour,En agglomération,Hors intersection,Normale,Deux véhicules - arrière,,,,,,,,,,,1,2,1,1.0,2
201400010983,0014-03-29 14:00:00,14,3,29,14,0,60,88,"0, FANNY (AV.)",,,Plein jour,En agglomération,Intersection en T,Normale,Deux véhicules - côté,,,,,,,,,,,1,2,3,1.0,3
201400010984,0014-03-29 15:35:00,14,3,29,15,35,60,88,"64, CAP DE CROIX (AV. ET",,,Plein jour,En agglomération,Hors intersection,Normale,Deux véhicules - côté,,,,,,,,,,,1,2,1,1.0,3
201400010985,0014-03-29 15:40:00,14,3,29,15,40,60,88,"0, BAREL (BD VIRGILE)",,,Plein jour,En agglomération,Intersection en X,Normale,Deux véhicules - côté,,,,,,,,,,,1,2,2,1.0,3
201400010986,0014-03-30 14:00:00,14,3,30,14,0,60,88,MONTEL (BD PAUL),,,Plein jour,En agglomération,Hors intersection,Normale,Autre collision,,,,,,,,,,,1,2,1,1.0,6
201400010987,0014-03-30 20:50:00,14,3,30,20,50,60,88,RD 6202,,,Nuit avec éclairage allumé,En agglomération,Hors intersection,Normale,Autre collision,,,,,,,,,,,5,2,1,1.0,6
201400010988,0014-03-31 17:50:00,14,3,31,17,50,60,88,"0, HOTEL DES POSTES (R.)",,,Plein jour,En agglomération,Hors intersection,Normale,Autre collision,,,,,,,,,,,1,2,1,1.0,6
201400010989,0014-03-31 18:20:00,14,3,31,18,20,60,88,"0, BOSQUETS (AV. DES)",,,Plein jour,En agglomération,Intersection en X,Normale,Deux véhicules - côté,,,,,,,,,,,1,2,2,1.0,3
201400010990,0014-04-01 00:45:00,14,4,1,0,45,60,88,"1, ANGLAIS (DU N? 1 AU N",,,Nuit avec éclairage allumé,En agglomération,Hors intersection,Normale,Deux véhicules - côté,,,,,,,,,,,5,2,1,1.0,3
201400010991,0014-04-01 13:00:00,14,4,1,13,0,60,88,"14, ARSON (RUE)",,,Plein jour,En agglomération,Hors intersection,Normale,Trois véhicules et plus - en chaîne,,,,,,,,,,,1,2,1,1.0,4
201400010992,0014-04-01 14:00:00,14,4,1,14,0,60,88,"0, CORNIGLION MOLINIER (",,,Plein jour,En agglomération,Hors intersection,Normale,Trois véhicules et plus - en chaîne,,,,,,,,,,,1,2,1,1.0,4
201400010993,0014-04-02 02:55:00,14,4,2,2,55,60,88,"0, CIMIEZ (BD) A PARTIR",,,Nuit avec éclairage allumé,En agglomération,Hors intersection,Normale,Sans collision,,,,,,,,,,,5,2,1,1.0,7
201400010994,0014-04-02 10:00:00,14,4,2,10,0,60,88,"2, FAURE (AV. FELIX)",,,Plein jour,En agglomération,Hors intersection,Normale,Autre collision,,,,,,,,,,,1,2,1,1.0,6
201400010995,0014-04-03 07:45:00,14,4,3,7,45,60,159,"20, MARECHAL FOCH (AVENU",,,Plein jour,En agglomération,Intersection en Y,Normale,Deux véhicules - côté,,,,,,,,,,,1,2,4,1.0,3
201400010996,0014-04-03 08:20:00,14,4,3,8,20,60,88,"0, SAINT-SYLVESTRE (AV.",,,Plein jour,En agglomération,Intersection en T,Normale,Deux véhicules - côté,,,,,,,,,,,1,2,3,1.0,3
201400010997,0014-04-03 17:30:00,14,4,3,17,30,60,88,"0, PENETRANTE DU PAILLON",,,Plein jour,En agglomération,Hors intersection,Normale,Trois véhicules et plus - collisions multiples,,,,,,,,,,,1,2,1,1.0,5
201400010998,0014-04-03 19:15:00,14,4,3,19,15,60,88,"84, GAMBETTA (A PARTIR D",,,Plein jour,En agglomération,Hors intersection,Normale,Autre collision,,,,,,,,,,,1,2,1,1.0,6
201400010999,0014-04-04 11:45:00,14,4,4,11,45,60,88,"68, DURANDY (AV. JOSEPH)",,,Plein jour,En agglomération,Hors intersection,Normale,Autre collision,,,,,,,,,,,1,2,1,1.0,6
201400011000,0014-04-04 17:00:00,14,4,4,17,0,60,88,"0, ANGLAIS (A PARTIR DU",,,Plein jour,En agglomération,Hors intersection,Normale,Autre collision,,,,,,,,,,,1,2,1,1.0,6
201400011001,0014-04-04 19:15:00,14,4,4,19,15,60,88,"19, BRAILLE (BD LOUIS)",,,Plein jour,En agglomération,Hors intersection,Normale,Autre collision,,,,,,,,,,,1,2,1,1.0,6
201400011002,0014-04-05 08:50:00,14,4,5,8,50,60,88,"183, MADELEINE (BD DE LA",,,Plein jour,En agglomération,Hors intersection,Normale,Autre collision,,,,,,,,,,,1,2,1,1.0,6
201400011003,0014-04-05 11:25:00,14,4,5,11,25,60,88,"13, REPUBLIQUE (AV. DE L",,,Plein jour,En agglomération,Hors intersection,Normale,Autre collision,,,,,,,,,,,1,2,1,1.0,6
201400011004,0014-04-05 17:30:00,14,4,5,17,30,60,88,"340, ANGLAIS (A PARTIR D",,,Plein jour,En agglomération,Hors intersection,Normale,Trois véhicules et plus - collisions multiples,,,,,,,,,,,1,2,1,1.0,5
201400011005,0014-04-06 01:30:00,14,4,6,1,30,60,88,"31, ANGLAIS (DU N? 1 AU",,,Nuit avec éclairage allumé,En agglomération,Hors intersection,Normale,Deux véhicules - arrière,,,,,,,,,,,5,2,1,1.0,2
201400011006,0014-04-06 06:20:00,14,4,6,6,20,60,88,"244, RD 6202",,,Plein jour,En agglomération,Intersection en X,Normale,Deux véhicules - côté,,,,,,,,,,,1,2,2,1.0,3
201400011007,0014-04-06 12:20:00,14,4,6,12,20,60,88,"0, MEDECIN (PL. ALEXANDR",,,Plein jour,En agglomération,Hors intersection,Normale,Deux véhicules - côté,,,,,,,,,,,1,2,1,1.0,3
201400011008,0014-04-07 12:15:00,14,4,7,12,15,60,88,"0, VOIE RAPIDE",,,Plein jour,En agglomération,Hors intersection,Normale,Sans collision,,,,,,,,,,,1,2,1,1.0,7
201400011009,0014-04-07 16:10:00,14,4,7,16,10,60,88,"0, SOLA (BD PIERRE)",,,Plein jour,En agglomération,Intersection en X,Normale,Sans collision,,,,,,,,,,,1,2,2,1.0,7
201400011010,0014-04-08 08:30:00,14,4,8,8,30,60,88,"0, ROASSAL (R. CLEMENT)",,,Plein jour,En agglomération,Hors intersection,Normale,Autre collision,,,,,,,,,,,1,2,1,1.0,6
201400011011,0014-04-08 12:05:00,14,4,8,12,5,60,88,"2, SOLA (BD PIERRE)",,,Plein jour,En agglomération,Hors intersection,Normale,Deux véhicules - côté,,,,,,,,,,,1,2,1,1.0,3
201400011012,0014-04-09 08:36:00,14,4,9,8,36,60,88,"13, MARAICHERS (TRAV. DE",,,Plein jour,En agglomération,Hors intersection,Normale,Autre collision,,,,,,,,,,,1,2,1,1.0,6
201400011013,0014-04-09 15:15:00,14,4,9,15,15,60,88,"0, MADELEINE (BD DE LA)",,,Plein jour,En agglomération,Hors intersection,Normale,Autre collision,,,,,,,,,,,1,2,1,1.0,6
201400011014,0014-04-09 16:25:00,14,4,9,16,25,60,88,"161, ANGLAIS (A PARTIR D",,,Plein jour,En agglomération,Hors intersection,Normale,Deux véhicules - arrière,,,,,,,,,,,1,2,1,1.0,2
201400011015,0014-04-09 18:00:00,14,4,9,18,0,60,88,"0, SOLA (BD PIERRE)",,,Plein jour,En agglomération,Hors intersection,Normale,Autre collision,,,,,,,,,,,1,2,1,1.0,6
201400011016,0014-04-09 22:05:00,14,4,9,22,5,60,88,"0, GOUNOD (RUE)",,,Nuit avec éclairage allumé,En agglomération,Intersection en X,Normale,Deux véhicules - côté,,,,,,,,,,,5,2,2,1.0,3
201400011017,0014-04-10 08:30:00,14,4,10,8,30,60,88,"142, SAINT-PIERRE DE FER",,,Plein jour,En agglomération,Hors intersection,Normale,Deux véhicules - côté,,,,,,,,,,,1,2,1,1.0,3
201400011018,0014-04-10 08:50:00,14,4,10,8,50,60,88,"0, CORNICHE (MOYENNE)",,,Plein jour,En agglomération,Intersection en T,Normale,Deux véhicules - côté,,,,,,,,,,,1,2,3,1.0,3
201400011019,0014-04-10 08:55:00,14,4,10,8,55,60,88,"8/10, GIORDAN (AV. JOSEP",,,Plein jour,En agglomération,Hors intersection,Normale,Autre collision,,,,,,,,,,,1,2,1,1.0,6
201400011020,0014-04-10 14:56:00,14,4,10,14,56,60,88,"10, GUYNEMER (PL.)",,,Plein jour,En agglomération,Hors intersection,Normale,Deux véhicules - côté,,,,,,,,,,,1,2,1,1.0,3
201400011021,0014-04-10 17:50:00,14,4,10,17,50,60,88,"9, CAP DE CROIX (AV. ET",,,Plein jour,En agglomération,Hors intersection,Normale,Deux véhicules - côté,,,,,,,,,,,1,2,1,1.0,3
201400011022,0014-04-10 20:30:00,14,4,10,20,30,60,88,"0, RISSO (BD)",,,Crépuscule ou aube,En agglomération,Hors intersection,Normale,Autre collision,,,,,,,,,,,2,2,1,1.0,6
201400011023,0014-04-11 11:00:00,14,4,11,11,0,60,88,"455, ANGLAIS (A PARTIR D",,,Plein jour,En agglomération,Hors intersection,Normale,Autre collision,,,,,,,,,,,1,2,1,1.0,6
201400011024,0014-04-11 11:45:00,14,4,11,11,45,60,88,"25-27, GRACE DE MONACO (",,,Plein jour,En agglomération,Hors intersection,Normale,Deux véhicules - côté,,,,,,,,,,,1,2,1,1.0,3
201400011025,0014-04-11 22:35:00,14,4,11,22,35,60,88,"0, BORRIGLIONE (A PARTIR",,,Nuit avec éclairage allumé,En agglomération,Intersection en X,Normale,Autre collision,,,,,,,,,,,5,2,2,1.0,6
201400011026,0014-04-12 11:45:00,14,4,12,11,45,60,88,"0, JOLY (CORNICHE ANDRE",,,Plein jour,En agglomération,Hors intersection,Normale,Autre collision,,,,,,,,,,,1,2,1,1.0,6
201400011027,0014-04-13 03:40:00,14,4,13,3,40,60,88,"44, CANTA GALET (RTE DE)",,,Nuit avec éclairage allumé,En agglomération,Hors intersection,Normale,Autre collision,,,,,,,,,,,5,2,1,1.0,6
201400011028,0014-04-13 11:55:00,14,4,13,11,55,60,88,"84, CLUA (AV. DE LA)",,,Plein jour,En agglomération,Hors intersection,Normale,Autre collision,,,,,,,,,,,1,2,1,1.0,6
201400011029,0014-04-13 16:30:00,14,4,13,16,30,60,88,"267, ANGLAIS (A PARTIR D",,,Plein jour,En agglomération,Hors intersection,Normale,Deux véhicules - arrière,,,,,,,,,,,1,2,1,1.0,2