accident_id,datetime,annee,mois,jour,heure,minute,departement,commune_insee,adresse,latitude,longitude,luminosite,agglomeration,intersection,meteo,collision,nb_vehicules,nb_usagers,nb_indemnes,nb_tues,nb_blesses_hosp,nb_blesses_legers,age_cond_1,age_cond_2,veh_type_cond_1,veh_type_cond_2,lum_code,agg_code,int_code,atm_code,col_code
201400011030,0014-04-13 18:45:00,14,4,13,18,45,60,88,"222, TURIN (RTE DE)",,,Plein jour,En agglomération,Hors intersection,Normale,Autre collision,,,,,,,,,,,1,2,1,1.0,6
201400011031,0014-04-14 07:10:00,14,4,14,7,10,60,88,"0, ROUBAUDI (R. LOUIS)",,,Crépuscule ou aube,En agglomération,Intersection en X,Normale,Deux véhicules - côté,,,,,,,,,,,2,2,2,1.0,3
201400011032,0014-04-14 16:20:00,14,4,14,16,20,60,88,"0, ROSSINI (R.)",,,Plein jour,En agglomération,Intersection en X,Normale,Autre collision,,,,,,,,,,,1,2,2,1.0,6
201400011033,0014-04-14 19:45:00,14,4,14,19,45,60,88,"0, ANGLAIS PLAGE(  PARTI",,,Plein jour,En agglomération,Hors intersection,Normale,Autre collision,,,,,,,,,,,1,2,1,1.0,6
201400011034,0014-04-15 07:15:00,14,4,15,7,15,60,88,"0, RICHELMI (R. DR P.)",,,Plein jour,En agglomération,Intersection en X,Normale,Deux véhicules - côté,,,,,,,,,,,1,2,2,1.0,3
201400011035,0014-04-15 13:30:00,14,4,15,13,30,60,88,"326, TURIN (RTE DE)",,,Plein jour,En agglomération,Hors intersection,Normale,Autre collision,,,,,,,,,,,1,2,1,1.0,6
201400011036,0014-04-16 18:10:00,14,4,16,18,10,60,88,"176, CALIFORNIE (AV.) (A",,,Plein jour,En agglomération,Hors intersection,Normale,Autre collision,,,,,,,,,,,1,2,1,1.0,6
201400011037,0014-04-17 07:50:00,14,4,17,7,50,60,88,"147, COLOMARS (ROUTE DE)",,,Plein jour,En agglomération,Hors intersection,Normale,Deux véhicules - frontale,,,,,,,,,,,1,2,1,1.0,1
201400011038,0014-04-17 10:00:00,14,4,17,10,0,60,88,"21, FRANCE (R. DE) DU N?",,,Plein jour,En agglomération,Hors intersection,Normale,Deux véhicules - côté,,,,,,,,,,,1,2,1,1.0,3
201400011039,0014-04-17 11:00:00,14,4,17,11,0,60,88,"0, GRENOBLE (ROUTE DE)",,,Plein jour,En agglomération,Hors intersection,Normale,Autre collision,,,,,,,,,,,1,2,1,1.0,6
201400011040,0014-04-17 17:00:00,14,4,17,17,0,60,88,"30, DUNANT (AV. HENRI)",,,Plein jour,En agglomération,Hors intersection,Normale,Autre collision,,,,,,,,,,,1,2,1,1.0,6
201400011041,0014-04-17 21:38:00,14,4,17,21,38,60,88,"33, STALINGRAD (BD DE)",,,Nuit avec éclairage allumé,En agglomération,Hors intersection,Normale,Autre collision,,,,,,,,,,,5,2,1,1.0,6
201400011042,0014-04-18 07:30:00,14,4,18,7,30,60,88,"97, ANGLAIS (N? 113)",,,Plein jour,En agglomération,Hors intersection,Normale,Deux véhicules - arrière,,,,,,,,,,,1,2,1,1.0,2
201400011043,0014-04-18 10:10:00,14,4,18,10,10,60,88,"29, CERNUSCHI (AV.)",,,Plein jour,En agglomération,Hors intersection,Normale,Deux véhicules - côté,,,,,,,,,,,1,2,1,1.0,3
201400011044,0014-04-19 11:50:00,14,4,19,11,50,60,88,"0, KARR (R. ALPHONSE)",,,Plein jour,En agglomération,Intersection en X,Normale,Autre collision,,,,,,,,,,,1,2,2,1.0,6
201400011045,0014-04-19 15:30:00,14,4,19,15,30,60,88,"74, CASSIN (BD RENE)",,,Plein jour,En agglomération,Hors intersection,Normale,Deux véhicules - côté,,,,,,,,,,,1,2,1,1.0,3
201400011046,0014-04-20 21:30:00,14,4,20,21,30,60,88,"05, ARENE (AV. PAUL)",,,Nuit avec éclairage allumé,En agglomération,Hors intersection,Normale,Autre collision,,,,,,,,,,,5,2,1,1.0,6
201400011047,0014-04-21 20:50:00,14,4,21,20,50,60,88,"36, SAINT-PIERRE DE FERI",43.70385,7.24348,Nuit avec éclairage allumé,Hors agglomération,Hors intersection,Normale,Autre collision,,,,,,,,,,,5,1,1,1.0,6
201400011048,0014-04-22 03:40:00,14,4,22,3,40,60,88,"0, VOIE RAPIDE",,,Nuit avec éclairage allumé,En agglomération,Hors intersection,Normale,Autre collision,,,,,,,,,,,5,2,1,1.0,6
201400011049,0014-04-22 14:45:00,14,4,22,14,45,60,88,"19, VALOMBROSE (AV. DE)",,,Plein jour,En agglomération,Hors intersection,Normale,Deux véhicules - côté,,,,,,,,,,,1,2,1,1.0,3
201400011050,0014-04-23 16:10:00,14,4,23,16,10,60,88,"5, KARR (R. ALPHONSE)",,,Plein jour,En agglomération,Hors intersection,Normale,Autre collision,,,,,,,,,,,1,2,1,1.0,6
201400011051,0014-04-24 08:40:00,14,4,24,8,40,60,88,"34, DURANDY (AV. JOSEPH)",,,Plein jour,En agglomération,Hors intersection,Normale,Deux véhicules - côté,,,,,,,,,,,1,2,1,1.0,3
201400011052,0014-04-24 12:50:00,14,4,24,12,50,60,88,"0, GRENOBLE (ROUTE DE)",,,Plein jour,En agglomération,Hors intersection,Normale,Deux véhicules - côté,,,,,,,,,,,1,2,1,1.0,3
201400011053,0014-04-24 15:15:00,14,4,24,15,15,60,88,"0, PEGUY (R. CHARLES)",,,Plein jour,En agglomération,Intersection en X,Normale,Deux véhicules - côté,,,,,,,,,,,1,2,2,1.0,3
201400011054,0014-04-24 17:20:00,14,4,24,17,20,60,159,"0, NAPOLEON III (BOULEVA",,,Plein jour,En agglomération,Hors intersection,Normale,Deux véhicules - côté,,,,,,,,,,,1,2,1,1.0,3
201400011055,0014-04-24 17:20:00,14,4,24,17,20,60,88,"0, CASSIN (BD RENE)",,,Plein jour,En agglomération,Intersection en T,Normale,Deux véhicules - côté,,,,,,,,,,,1,2,3,1.0,3
201400011056,0014-04-25 23:49:00,14,4,25,23,49,60,88,"18, GRACE DE MONACO (BD",43.68734,7.30591,Nuit avec éclairage non allumé,En agglomération,Hors intersection,Normale,Autre collision,,,,,,,,,,,4,2,1,1.0,6
201400011057,0014-04-25 09:00:00,14,4,25,9,0,60,88,"0, TURIN (RTE DE)",,,Plein jour,En agglomération,Hors intersection,Normale,Deux véhicules - côté,,,,,,,,,,,1,2,1,1.0,3
201400011058,0014-04-28 07:30:00,14,4,28,7,30,60,88,"0, THIERS (AV.)",,,Plein jour,En agglomération,Hors intersection,Normale,Deux véhicules - côté,,,,,,,,,,,1,2,1,1.0,3
201400011059,0014-04-29 11:28:00,14,4,29,11,28,60,88,"0, PASTEUR (BD)",,,Plein jour,En agglomération,Hors intersection,Normale,Autre collision,,,,,,,,,,,1,2,1,1.0,6
201400011060,0014-04-29 18:35:00,14,4,29,18,35,60,88,"7, CARABACEL (BD)",,,Plein jour,En agglomération,Hors intersection,Normale,Autre collision,,,,,,,,,,,1,2,1,1.0,6
201400011061,0014-04-30 11:40:00,14,4,30,11,40,60,88,"0, VOIE RAPIDE",,,Plein jour,En agglomération,Hors intersection,Normale,Trois véhicules et plus - en chaîne,,,,,,,,,,,1,2,1,1.0,4
201400011062,0014-04-30 12:00:00,14,4,30,12,0,60,88,"0, RD 6007",,,Plein jour,En agglomération,Intersection en T,Normale,Deux véhicules - côté,,,,,,,,,,,1,2,3,1.0,3
201400011063,0014-05-01 09:30:00,14,5,1,9,30,60,88,"0, EGLISE ST PANCRACE (C",,,Plein jour,En agglomération,Hors intersection,Normale,Autre collision,,,,,,,,,,,1,2,1,1.0,6
201400011064,0014-05-02 09:13:00,14,5,2,9,13,60,88,"110, CESSOLE (BD DE) (A",,,Plein jour,En agglomération,Hors intersection,Normale,Autre collision,,,,,,,,,,,1,2,1,1.0,6
201400011065,0014-05-04 19:30:00,14,5,4,19,30,60,88,"0, FLEURS (AV. DES)",,,Plein jour,En agglomération,Intersection en X,Normale,Deux véhicules - côté,,,,,,,,,,,1,2,2,1.0,3
201400011066,0014-05-05 18:25:00,14,5,5,18,25,60,88,"17, ETATS UNIS (QUAI DES",,,Plein jour,Hors agglomération,Hors intersection,Normale,Deux véhicules - arrière,,,,,,,,,,,1,1,1,1.0,2
201400011067,0014-05-05 20:10:00,14,5,5,20,10,60,88,"0, SAINT-PIERRE (CH. DU",,,Plein jour,En agglomération,Hors intersection,Normale,Autre collision,,,,,,,,,,,1,2,1,1.0,6
201400011068,0014-05-06 08:30:00,14,5,6,8,30,60,88,"22, MONTREAL (BD DE)",,,Plein jour,En agglomération,Hors intersection,Normale,Autre collision,,,,,,,,,,,1,2,1,1.0,6
201400011069,0014-05-06 12:08:00,14,5,6,12,8,60,88,"0, VOIE RAPIDE",,,Plein jour,En agglomération,Hors intersection,Normale,Deux véhicules - arrière,,,,,,,,,,,1,2,1,1.0,2
201400011070,0014-05-07 16:00:00,14,5,7,16,0,60,88,"4, RAY (AV. DU)",,,Plein jour,En agglomération,Hors intersection,Normale,Autre collision,,,,,,,,,,,1,2,1,1.0,6
201400011071,0014-05-07 12:20:00,14,5,7,12,20,60,88,"31, ANGLAIS (DU N? 1 AU",,,Plein jour,En agglomération,Hors intersection,Normale,Deux véhicules - côté,,,,,,,,,,,1,2,1,1.0,3
201400011072,0014-05-09 19:30:00,14,5,9,19,30,60,88,"0, MARSHALL (PL. GENERAL",,,Plein jour,Hors agglomération,Intersection en X,Normale,Deux véhicules - côté,,,,,,,,,,,1,1,2,1.0,3
201400011073,0014-05-09 23:50:00,14,5,9,23,50,60,88,"7, MAETERLINCK (BD M.)",,,Nuit avec éclairage allumé,Hors agglomération,Hors intersection,Normale,Autre collision,,,,,,,,,,,5,1,1,1.0,6
201400011074,0014-05-10 14:15:00,14,5,10,14,15,60,88,"5, SEMARD (BD PIERRE)",,,Plein jour,En agglomération,Hors intersection,Normale,Deux véhicules - côté,,,,,,,,,,,1,2,1,1.0,3
201400011075,0014-05-12 01:55:00,14,5,12,1,55,60,88,"75, ETATS UNIS (QUAI DES",,,Nuit avec éclairage allumé,En agglomération,Hors intersection,Normale,Trois véhicules et plus - collisions multiples,,,,,,,,,,,5,2,1,1.0,5
201400011076,0014-05-12 08:30:00,14,5,12,8,30,60,88,"0, DUBOUCHAGE (BD)",,,Plein jour,En agglomération,Hors intersection,Normale,Deux véhicules - côté,,,,,,,,,,,1,2,1,1.0,3
201400011077,0014-05-12 08:50:00,14,5,12,8,50,60,88,"128, SAINT-LAMBERT (AV.)",,,Plein jour,En agglomération,Hors intersection,Normale,Autre collision,,,,,,,,,,,1,2,1,1.0,6
201400011078,0014-05-12 13:30:00,14,5,12,13,30,60,159,"0, BELLAVISTA (AVENUE)",,,Plein jour,En agglomération,Intersection en T,Normale,Deux véhicules - frontale,,,,,,,,,,,1,2,3,1.0,1
201400011079,0014-05-12 14:40:00,14,5,12,14,40,60,88,"0, RAOUL BOSIO (Rue)",,,Plein jour,En agglomération,Intersection en X,Normale,Autre collision,,,,,,,,,,,1,2,2,1.0,6
201400011080,0014-05-12 22:10:00,14,5,12,22,10,60,88,"0, SAINT-PHILIPPE (R.)",,,Nuit avec éclairage allumé,En agglomération,Intersection en X,Normale,Deux véhicules - côté,,,,,,,,,,,5,2,2,1.0,3
201400011081,0014-05-13 11:00:00,14,5,13,11,0,60,159,"0, BASSE CORNICHE",,,Plein jour,En agglomération,Hors intersection,Normale,Deux véhicules - côté,,,,,,,,,,,1,2,1,1.0,3
201400011082,0014-05-13 11:20:00,14,5,13,11,20,60,88,"94, TURIN (RTE DE)",,,Plein jour,En agglomération,Hors intersection,Normale,Autre collision,,,,,,,,,,,1,2,1,1.0,6
201400011083,0014-05-13 12:40:00,14,5,13,12,40,60,88,"96, BRANCOLAR (AV.) (A P",,,Plein jour,En agglomération,Hors intersection,Normale,Trois véhicules et plus - collisions multiples,,,,,,,,,,,1,2,1,1.0,5
201400011084,0014-05-13 13:15:00,14,5,13,13,15,60,88,"98, VINAIGRIER (CH. DU)",,,Plein jour,En agglomération,Hors intersection,Normale,Deux véhicules - frontale,,,,,,,,,,,1,2,1,1.0,1
201400011085,0014-05-13 13:42:00,14,5,13,13,42,60,88,"0, BAREL (PLACE MAX)",,,Plein jour,En agglomération,Hors intersection,Normale,Deux véhicules - côté,,,,,,,,,,,1,2,1,1.0,3
201400011086,0014-05-13 17:15:00,14,5,13,17,15,60,88,"614, BELLA VISTA (AV.)",,,Plein jour,En agglomération,Hors intersection,Normale,Deux véhicules - côté,,,,,,,,,,,1,2,1,1.0,3
201400011087,0014-05-13 21:55:00,14,5,13,21,55,60,88,"0, MONTEL (BD PAUL)",,,Nuit avec éclairage allumé,En agglomération,Hors intersection,Normale,Deux véhicules - côté,,,,,,,,,,,5,2,1,1.0,3
201400011088,0014-05-14 14:35:00,14,5,14,14,35,60,88,"0, NAPOLEON III (BD)",,,Plein jour,En agglomération,Hors intersection,Normale,Deux véhicules - arrière,,,,,,,,,,,1,2,1,1.0,2
201400011089,0014-05-14 16:50:00,14,5,14,16,50,60,88,"0, RD 6202",,,Plein jour,En agglomération,Hors intersection,Normale,Deux véhicules - côté,,,,,,,,,,,1,2,1,1.0,3
201400011090,0014-05-14 19:14:00,14,5,14,19,14,60,88,"75, JOLY (CORNICHE ANDRE",,,Plein jour,En agglomération,Hors intersection,Normale,Autre collision,,,,,,,,,,,1,2,1,1.0,6
201400011091,0014-05-14 20:15:00,14,5,14,20,15,60,88,"0, FABRON (CH. DE)",,,Crépuscule ou aube,En agglomération,Hors intersection,Normale,Autre collision,,,,,,,,,,,2,2,1,1.0,6
201400011092,0014-05-15 09:25:00,14,5,15,9,25,60,88,"12, MALAUSSENA (AV.)",,,Plein jour,En agglomération,Hors intersection,Normale,Autre collision,,,,,,,,,,,1,2,1,1.0,6
201400011093,0014-05-15 15:15:00,14,5,15,15,15,60,88,"0, COMBOUL (AV. RAYMOND)",,,Plein jour,En agglomération,Hors intersection,Normale,Deux véhicules - côté,,,,,,,,,,,1,2,1,1.0,3
201400011094,0014-05-15 15:35:00,14,5,15,15,35,60,88,"41, CARABACEL (BD)",,,Plein jour,En agglomération,Hors intersection,Normale,Deux véhicules - côté,,,,,,,,,,,1,2,1,1.0,3
201400011095,0014-05-15 17:10:00,14,5,15,17,10,60,88,"0, RD 6202",,,Plein jour,En agglomération,Hors intersection,Normale,Deux véhicules - arrière,,,,,,,,,,,1,2,1,1.0,2
201400011096,0014-05-15 22:50:00,14,5,15,22,50,60,88,"0, GROSSO (A PARTIR DU N",,,Nuit avec éclairage allumé,En agglomération,Intersection en X,Normale,Deux véhicules - côté,,,,,,,,,,,5,2,2,1.0,3
201400011097,0014-05-16 08:20:00,14,5,16,8,20,60,88,"165ch, MADELEINE (BD DE",,,Plein jour,En agglomération,Hors intersection,Normale,Autre collision,,,,,,,,,,,1,2,1,1.0,6
201400011098,0014-05-16 09:05:00,14,5,16,9,5,60,88,"0, VERNIER (R.)",,,Plein jour,En agglomération,Hors intersection,Normale,Deux véhicules - arrière,,,,,,,,,,,1,2,1,1.0,2
201400011099,0014-05-16 13:45:00,14,5,16,13,45,60,88,"7, ALSACE-LORRAINE (RUE",,,Plein jour,En agglomération,Hors intersection,Normale,Autre collision,,,,,,,,,,,1,2,1,1.0,6
201400011100,0014-05-16 15:50:00,14,5,16,15,50,60,88,"61, MADELEINE (BD DE LA)",,,Plein jour,En agglomération,Hors intersection,Normale,Deux véhicules - côté,,,,,,,,,,,1,2,1,1.0,3
201400011101,0014-05-16 18:10:00,14,5,16,18,10,60,88,"0, VOIE RAPIDE",,,Plein jour,En agglomération,Hors intersection,Normale,Deux véhicules - côté,,,,,,,,,,,1,2,1,1.0,3
201400011102,0014-05-16 18:20:00,14,5,16,18,20,60,88,"0, VIGNY (AV. IMP. ALFRE",,,Plein jour,En agglomération,Intersection en X,Normale,Deux véhicules - côté,,,,,,,,,,,1,2,2,1.0,3
201400011103,0014-05-17 00:45:00,14,5,17,0,45,60,88,"31, LEPANTE (R. DE)",,,Nuit avec éclairage allumé,En agglomération,Intersection en X,Normale,Deux véhicules - côté,,,,,,,,,,,5,2,2,1.0,3
201400011104,0014-05-17 04:00:00,14,5,17,4,0,60,88,"13/15, ANGLAIS PLAGE (N?",,,Nuit avec éclairage allumé,En agglomération,Hors intersection,Normale,Deux véhicules - arrière,,,,,,,,,,,5,2,1,1.0,2
201400011105,0014-05-17 18:00:00,14,5,17,18,0,60,88,"0, CIMETIERE DE L'EST (R",,,Plein jour,En agglomération,Hors intersection,Normale,Deux véhicules - frontale,,,,,,,,,,,1,2,1,1.0,1
201400011106,0014-05-19 14:45:00,14,5,19,14,45,60,88,COTY (PONT RENE),,,Plein jour,En agglomération,Hors intersection,Normale,Deux véhicules - côté,,,,,,,,,,,1,2,1,1.0,3
201400011107,0014-05-19 16:00:00,14,5,19,16,0,60,88,"390, ANGLAIS (A PARTIR D",,,Plein jour,En agglomération,Hors intersection,Normale,Deux véhicules - arrière,,,,,,,,,,,1,2,1,1.0,2
201400011108,0014-05-19 20:10:00,14,5,19,20,10,60,88,"0, GAUTHIER (R. ANTOINE)",,,Plein jour,En agglomération,Hors intersection,Normale,Deux véhicules - côté,,,,,,,,,,,1,2,1,1.0,3
201400011109,0014-05-20 15:20:00,14,5,20,15,20,60,88,"0, PASTEUR (BD)",,,Plein jour,En agglomération,Intersection en X,Normale,Deux véhicules - côté,,,,,,,,,,,1,2,2,1.0,3
201400011110,0014-05-21 08:20:00,14,5,21,8,20,60,88,"68, JOLY (CORNICHE ANDRE",,,Plein jour,En agglomération,Hors intersection,Normale,Deux véhicules - côté,,,,,,,,,,,1,2,1,1.0,3
201400011111,0014-05-21 09:40:00,14,5,21,9,40,60,88,"0, COTY (PONT RENE)",,,Plein jour,En agglomération,Hors intersection,Normale,Autre collision,,,,,,,,,,,1,2,1,1.0,6
201400011112,0014-05-22 11:55:00,14,5,22,11,55,60,88,"0, SAINT-PHILIPPE (PL.)",,,Plein jour,En agglomération,Hors intersection,Normale,Deux véhicules - frontale,,,,,,,,,,,1,2,1,1.0,1
201400011113,0014-05-22 15:00:00,14,5,22,15,0,60,88,"0, MOULIN (PL. JEAN)",,,Plein jour,En agglomération,Hors intersection,Pluie légère,Deux véhicules - côté,,,,,,,,,,,1,2,1,2.0,3
201400011114,0014-05-22 18:20:00,14,5,22,18,20,60,88,"0, VOIE RAPIDE",,,Plein jour,En agglomération,Hors intersection,Normale,Trois véhicules et plus - en chaîne,,,,,,,,,,,1,2,1,1.0,4
201400011115,0014-05-22 20:35:00,14,5,22,20,35,60,88,"308, STE MARGUERITE (AV.",,,Crépuscule ou aube,Hors agglomération,Intersection en T,Normale,Autre collision,,,,,,,,,,,2,1,3,1.0,6
201400011116,0014-05-23 11:00:00,14,5,23,11,0,60,88,"85, MADELEINE (BD DE LA)",,,Plein jour,En agglomération,Hors intersection,Normale,Deux véhicules - côté,,,,,,,,,,,1,2,1,1.0,3
201400011117,0014-05-23 16:15:00,14,5,23,16,15,60,88,"57, RAY (AV. DU)",,,Plein jour,En agglomération,Hors intersection,Normale,Deux véhicules - côté,,,,,,,,,,,1,2,1,1.0,3
201400011118,0014-05-23 17:25:00,14,5,23,17,25,60,88,"23, GAMBETTA (JUSQU'AU N",,,Plein jour,En agglomération,Hors intersection,Normale,Autre collision,,,,,,,,,,,1,2,1,1.0,6
201400011119,0014-05-24 21:07:00,14,5,24,21,7,60,88,"0, ROQUEBILLIERE (R. DE)",,,Nuit avec éclairage allumé,En agglomération,Intersection en X,Normale,Deux véhicules - côté,,,,,,,,,,,5,2,2,1.0,3
201400011120,0014-05-25 05:55:00,14,5,25,5,55,60,88,"63, ANGLAIS (DU N? 45 AU",,,Crépuscule ou aube,En agglomération,Hors intersection,Normale,Autre collision,,,,,,,,,,,2,2,1,1.0,6
201400011121,0014-05-25 10:00:00,14,5,25,10,0,60,88,"0, CAP DE NICE (AV. DU)",,,Plein jour,En agglomération,Hors intersection,Normale,Autre collision,,,,,,,,,,,1,2,1,1.0,6
201400011122,0014-05-26 11:15:00,14,5,26,11,15,60,88,"4, GUIDE (R. COLONEL)",,,Plein jour,En agglomération,Hors intersection,Normale,Deux véhicules - côté,,,,,,,,,,,1,2,1,1.0,3
201400011123,0014-05-27 12:20:00,14,5,27,12,20,60,88,DE GAULLE (PLACE GENERAL,,,Plein jour,En agglomération,Hors intersection,Normale,Autre collision,,,,,,,,,,,1,2,1,1.0,6
201400011124,0014-05-27 12:35:00,14,5,27,12,35,60,88,"0, BORRIGLIONE (A PARTIR",,,Plein jour,En agglomération,Hors intersection,Normale,Deux véhicules - côté,,,,,,,,,,,1,2,1,1.0,3
201400011125,0014-05-27 15:30:00,14,5,27,15,30,60,88,"0, FAURE (AV. FELIX)",,,Plein jour,En agglomération,Hors intersection,Normale,Trois véhicules et plus - collisions multiples,,,,,,,,,,,1,2,1,1.0,5
201400011126,0014-05-28 07:20:00,14,5,28,7,20,60,88,"369, ANGLAIS (A PARTIR D",,,Plein jour,En agglomération,Hors intersection,Normale,Deux véhicules - côté,,,,,,,,,,,1,2,1,1.0,3
201400011127,0014-05-28 16:00:00,14,5,28,16,0,60,88,"0, BORRIGLIONE (A PARTIR",,,Plein jour,En agglomération,Intersection en X,Normale,Deux véhicules - côté,,,,,,,,,,,1,2,2,1.0,3
201400011128,0014-05-28 16:15:00,14,5,28,16,15,60,88,"10, CLEMENCEAU (AV. GEOR",,,Plein jour,En agglomération,Intersection en X,Normale,Deux véhicules - côté,,,,,,,,,,,1,2,2,1.0,3
201400011129,0014-05-28 16:50:00,14,5,28,16,50,60,88,"0, AURIOL (PONT VINCENT)",,,Plein jour,En agglomération,Intersection en X,Normale,Deux véhicules - côté,,,,,,,,,,,1,2,2,1.0,3
201400011130,0014-05-30 17:55:00,14,5,30,17,55,60,88,"34, GAMBETTA (A PARTIR D",,,Plein jour,En agglomération,Hors intersection,Normale,Deux véhicules - côté,,,,,,,,,,,1,2,1,1.0,3
201400011131,0014-06-01 04:50:00,14,6,1,4,50,60,88,"09, FRERE MARC (CORNICHE",,,Crépuscule ou aube,En agglomération,Hors intersection,Normale,Deux véhicules - frontale,,,,,,,,,,,2,2,1,1.0,1
201400011132,0014-06-01 06:50:00,14,6,1,6,50,60,88,"0, MEDECIN (AV. JEAN)",,,Plein jour,En agglomération,Intersection en X,Normale,Deux véhicules - côté,,,,,,,,,,,1,2,2,1.0,3
201400011133,0014-06-01 11:00:00,14,6,1,11,0,60,88,"80, CASSIN (BD RENE)",,,Plein jour,En agglomération,Hors intersection,Normale,Autre collision,,,,,,,,,,,1,2,1,1.0,6
201400011134,0014-06-01 20:30:00,14,6,1,20,30,60,88,"25, CIMIEZ (BD) A PARTIR",,,Nuit avec éclairage allumé,En agglomération,Hors intersection,Normale,Autre collision,,,,,,,,,,,5,2,1,1.0,6
201400011135,0014-06-02 13:05:00,14,6,2,13,5,60,88,"0, DE GAULLE (PLACE GENE",,,Plein jour,En agglomération,Place,Normale,Autre collision,,,,,,,,,,,1,2,7,1.0,6
201400011136,0014-06-02 16:35:00,14,6,2,16,35,60,88,"0, BARBUSSE (AV. HENRI)",,,Plein jour,En agglomération,Intersection en X,Normale,Deux véhicules - côté,,,,,,,,,,,1,2,2,1.0,3
201400011137,0014-06-03 08:05:00,14,6,3,8,5,60,88,"2, QUAI PAPACINO",,,Plein jour,En agglomération,Hors intersection,Normale,Deux véhicules - arrière,,,,,,,,,,,1,2,1,1.0,2
201400011138,0014-06-03 15:30:00,14,6,3,15,30,60,88,"2, ARMEE DES ALPES (BD D",,,Plein jour,En agglomération,Hors intersection,Normale,Deux véhicules - côté,,,,,,,,,,,1,2,1,1.0,3
201400011139,0014-06-03 17:25:00,14,6,3,17,25,60,88,"9BIS, PESSICART (JUSQU'A",,,Plein jour,En agglomération,Hors intersection,Normale,Autre collision,,,,,,,,,,,1,2,1,1.0,6
201400011140,0014-06-03 19:10:00,14,6,3,19,10,60,88,"190, TURIN (RTE DE)",,,Plein jour,En agglomération,Hors intersection,Normale,Deux véhicules - arrière,,,,,,,,,,,1,2,1,1.0,2
201400011141,0014-06-03 20:00:00,14,6,3,20,0,60,88,"63, PASTEUR (BD)",,,Plein jour,En agglomération,Hors intersection,Normale,Trois véhicules et plus - collisions multiples,,,,,,,,,,,1,2,1,1.0,5
201400011142,0014-06-04 00:45:00,14,6,4,0,45,60,88,"0, PHOCEENS (AV. DES)",,,Nuit avec éclairage allumé,En agglomération,Hors intersection,Normale,Autre collision,,,,,,,,,,,5,2,1,1.0,6
201400011143,0014-06-04 10:00:00,14,6,4,10,0,60,88,"0, FAURE (R. GABRIEL)",,,Plein jour,En agglomération,Intersection en T,Normale,Autre collision,,,,,,,,,,,1,2,3,1.0,6
201400011144,0014-06-04 14:00:00,14,6,4,14,0,60,88,"0, CASSIN (BD RENE)",,,Plein jour,En agglomération,Intersection en X,Normale,Deux véhicules - côté,,,,,,,,,,,1,2,2,1.0,3
201400011145,0014-06-05 10:15:00,14,6,5,10,15,60,88,"69, ROQUEBILLIERE (R. DE",,,Plein jour,En agglomération,Place,Normale,Deux véhicules - arrière,,,,,,,,,,,1,2,7,1.0,2
201400011146,0014-06-05 10:30:00,14,6,5,10,30,60,88,"0, RIQUIER (BD DE)",,,Plein jour,En agglomération,Intersection en X,Normale,Autre collision,,,,,,,,,,,1,2,2,1.0,6
201400011147,0014-06-05 15:00:00,14,6,5,15,0,60,88,"0, STE MARGUERITE (AV.)",,,Plein jour,En agglomération,Hors intersection,Normale,Deux véhicules - côté,,,,,,,,,,,1,2,1,1.0,3
201400011148,0014-06-06 11:20:00,14,6,6,11,20,60,88,"0, RISSO (BD)",,,Plein jour,En agglomération,Intersection en X,Normale,Deux véhicules - côté,,,,,,,,,,,1,2,2,1.0,3
201400011149,0014-06-06 18:15:00,14,6,6,18,15,60,88,"0, BARLA (TRAV.)",,,Plein jour,En agglomération,Hors intersection,Normale,Deux véhicules - côté,,,,,,,,,,,1,2,1,1.0,3
201400011150,0014-06-06 21:00:00,14,6,6,21,0,60,88,"44B, GAMBETTA (A PARTIR",,,Plein jour,En agglomération,Hors intersection,Normale,Deux véhicules - côté,,,,,,,,,,,1,2,1,1.0,3
201400011151,0014-06-09 03:41:00,14,6,9,3,41,60,88,"0, ANGLAIS PLAGE (N?1 AU",,,Nuit avec éclairage allumé,En agglomération,Hors intersection,Normale,Deux véhicules - arrière,,,,,,,,,,,5,2,1,1.0,2
201400011152,0014-06-09 13:45:00,14,6,9,13,45,60,88,"12, MARAICHERS (TRAV. DE",,,Plein jour,En agglomération,Hors intersection,Normale,Deux véhicules - côté,,,,,,,,,,,1,2,1,1.0,3
201400011153,0014-06-10 16:10:00,14,6,10,16,10,60,88,"65, HERRIOT (BD EDOUARD)",,,Plein jour,En agglomération,Hors intersection,Normale,Deux véhicules - côté,,,,,,,,,,,1,2,1,1.0,3
201400011154,0014-06-10 16:30:00,14,6,10,16,30,60,88,"0, NAPOLEON III (BD)",,,Plein jour,En agglomération,Hors intersection,Normale,Trois véhicules et plus - collisions multiples,,,,,,,,,,,1,2,1,1.0,5
201400011155,0014-06-10 16:55:00,14,6,10,16,55,60,88,"0, JAURES (BD JEAN)",,,Plein jour,En agglomération,Hors intersection,Normale,Autre collision,,,,,,,,,,,1,2,1,1.0,6
201400011156,0014-06-11 11:40:00,14,6,11,11,40,60,88,"100, ANGLAIS PLAGE(DU 45",,,Plein jour,En agglomération,Hors intersection,Normale,Deux véhicules - arrière,,,,,,,,,,,1,2,1,1.0,2
201400011157,0014-06-12 09:20:00,14,6,12,9,20,60,88,"0, GAUTHIER (R. ANTOINE)",,,Plein jour,En agglomération,Hors intersection,Normale,Deux véhicules - côté,,,,,,,,,,,1,2,1,1.0,3
201400011158,0014-06-12 09:55:00,14,6,12,9,55,60,88,"34, LAMARTINE (R.)",,,Plein jour,En agglomération,Hors intersection,Normale,Deux véhicules - frontale,,,,,,,,,,,1,2,1,1.0,1
201400011159,0014-06-12 16:30:00,14,6,12,16,30,60,88,"23, PILATTE (BD FRANCK)",,,Plein jour,En agglomération,Hors intersection,Normale,Autre collision,,,,,,,,,,,1,2,1,1.0,6
201400011160,0014-06-12 17:00:00,14,6,12,17,0,60,88,"0, RISSO (BD)",,,Plein jour,En agglomération,Hors intersection,Normale,Deux véhicules - côté,,,,,,,,,,,1,2,1,1.0,3