accident_id,datetime,annee,mois,jour,heure,minute,departement,commune_insee,adresse,latitude,longitude,luminosite,agglomeration,intersection,meteo,collision,nb_vehicules,nb_usagers,nb_indemnes,nb_tues,nb_blesses_hosp,nb_blesses_legers,age_cond_1,age_cond_2,veh_type_cond_1,veh_type_cond_2,lum_code,agg_code,int_code,atm_code,col_code
201400011292,0014-08-12 08:25:00,14,8,12,8,25,60,88,"12, CASSINI (RUE)",,,Plein jour,En agglomération,Hors intersection,Normale,Autre collision,,,,,,,,,,,1,2,1,1.0,6
201400011293,0014-08-12 11:30:00,14,8,12,11,30,60,88,"44, SAINT-AUGUSTIN (AV.",,,Plein jour,En agglomération,Intersection en T,Normale,Autre collision,,,,,,,,,,,1,2,3,1.0,6
201400011294,0014-08-12 12:30:00,14,8,12,12,30,60,88,"23 BIS, JOLY (CORNICHE A",,,Plein jour,En agglomération,Hors intersection,Normale,Deux véhicules - côté,,,,,,,,,,,1,2,1,1.0,3
201400011295,0014-08-12 18:10:00,14,8,12,18,10,60,88,"0, CORNIGLION MOLINIER (",,,Plein jour,En agglomération,Hors intersection,Normale,Deux véhicules - arrière,,,,,,,,,,,1,2,1,1.0,2
201400011296,0014-08-13 02:30:00,14,8,13,2,30,60,88,"12, RAY (AV. DU)",,,Nuit avec éclairage allumé,En agglomération,Hors intersection,Normale,Autre collision,,,,,,,,,,,5,2,1,1.0,6
201400011297,0014-08-13 00:17:00,14,8,13,0,17,60,88,"120, FRANCE (R. DE) A PA",,,Nuit avec éclairage allumé,En agglomération,Hors intersection,Normale,Deux véhicules - arrière,,,,,,,,,,,5,2,1,1.0,2
201400011298,0014-08-13 14:30:00,14,8,13,14,30,60,88,"68, BRANCOLAR (AV.) (A P",,,Plein jour,En agglomération,Hors intersection,Normale,Trois véhicules et plus - collisions multiples,,,,,,,,,,,1,2,1,1.0,5
201400011299,0014-08-13 19:00:00,14,8,13,19,0,60,88,"0, GARIGLIANO (PONTS)",,,Plein jour,En agglomération,Hors intersection,Normale,Deux véhicules - côté,,,,,,,,,,,1,2,1,1.0,3
201400011300,0014-08-13 23:13:00,14,8,13,23,13,60,88,"0, MITTERAND (RUE FRANCO",,,Nuit avec éclairage allumé,En agglomération,Hors intersection,Normale,Sans collision,,,,,,,,,,,5,2,1,1.0,7
201400011301,0014-08-14 22:20:00,14,8,14,22,20,60,88,"57, CESSOLE (BD DE) (A P",,,Nuit avec éclairage allumé,En agglomération,Hors intersection,Normale,Deux véhicules - côté,,,,,,,,,,,5,2,1,1.0,3
201400011302,0014-08-17 15:30:00,14,8,17,15,30,60,88,"101, ARIANE (BD DE L')",,,Plein jour,En agglomération,Hors intersection,Normale,Deux véhicules - côté,,,,,,,,,,,1,2,1,1.0,3
201400011303,0014-08-18 04:20:00,14,8,18,4,20,60,88,"0, ANGLAIS (A PARTIR DU",,,Nuit avec éclairage allumé,En agglomération,Hors intersection,Normale,Deux véhicules - côté,,,,,,,,,,,5,2,1,1.0,3
201400011304,0014-08-18 14:05:00,14,8,18,14,5,60,88,"63, PASTEUR (BD)",,,Plein jour,En agglomération,Hors intersection,Normale,Deux véhicules - côté,,,,,,,,,,,1,2,1,1.0,3
201400011305,0014-08-18 16:30:00,14,8,18,16,30,60,88,"0, RIQUIER (BD DE)",,,Plein jour,En agglomération,Intersection en X,Normale,Autre collision,,,,,,,,,,,1,2,2,1.0,6
201400011306,0014-08-18 23:45:00,14,8,18,23,45,60,88,"0, VERNIER (R.)",,,Nuit avec éclairage allumé,En agglomération,Intersection en X,Normale,Deux véhicules - côté,,,,,,,,,,,5,2,2,1.0,3
201400011307,0014-08-19 14:00:00,14,8,19,14,0,60,88,"143, LYAUTEY (AV. DU MAL",,,Plein jour,En agglomération,Hors intersection,Normale,Deux véhicules - frontale,,,,,,,,,,,1,2,1,1.0,1
201400011308,0014-08-19 19:20:00,14,8,19,19,20,60,88,"18, MONTEL (BD PAUL)",,,Plein jour,En agglomération,Hors intersection,Normale,Autre collision,,,,,,,,,,,1,2,1,1.0,6
201400011309,0014-08-20 21:25:00,14,8,20,21,25,60,88,"61, ETATS UNIS (QUAI DES",,,Crépuscule ou aube,En agglomération,Hors intersection,Normale,Autre collision,,,,,,,,,,,2,2,1,1.0,6
201400011310,0014-08-21 08:20:00,14,8,21,8,20,60,88,"332, PESSICART (A PARTIR",,,Plein jour,En agglomération,Hors intersection,Normale,Autre collision,,,,,,,,,,,1,2,1,1.0,6
201400011311,0014-08-21 19:00:00,14,8,21,19,0,60,88,"43, DIABLES BLEUS (AV. D",,,Plein jour,En agglomération,Hors intersection,Normale,Autre collision,,,,,,,,,,,1,2,1,1.0,6
201400011312,0014-08-23 23:45:00,14,8,23,23,45,60,88,"0, PASTORELLI (R.)",,,Nuit avec éclairage allumé,En agglomération,Intersection en X,Normale,Deux véhicules - côté,,,,,,,,,,,5,2,2,1.0,3
201400011313,0014-08-24 07:30:00,14,8,24,7,30,60,88,"4, CIMIEZ (BD) JUSQU'AU",,,Plein jour,En agglomération,Hors intersection,Normale,Autre collision,,,,,,,,,,,1,2,1,1.0,6
201400011314,0014-08-24 21:15:00,14,8,24,21,15,60,88,"0, VAUBAN (R. MARECHAL)",,,Plein jour,En agglomération,Intersection en X,Normale,Deux véhicules - côté,,,,,,,,,,,1,2,2,1.0,3
201400011315,0014-08-25 13:30:00,14,8,25,13,30,60,88,"0, JOFFRE (R. MARECHAL)",,,Plein jour,En agglomération,Intersection en X,Normale,Deux véhicules - côté,,,,,,,,,,,1,2,2,1.0,3
201400011316,0014-08-25 17:25:00,14,8,25,17,25,60,88,DIGUE DES FRANCAIS (TRAV,,,Plein jour,En agglomération,Hors intersection,Normale,Deux véhicules - côté,,,,,,,,,,,1,2,1,1.0,3
201400011317,0014-08-26 12:55:00,14,8,26,12,55,60,88,"4, JAURES (BD JEAN)",,,Plein jour,En agglomération,Hors intersection,Normale,Deux véhicules - arrière,,,,,,,,,,,1,2,1,1.0,2
201400011318,0014-08-26 22:47:00,14,8,26,22,47,60,88,"0, ETATS UNIS (QUAI DES)",,,Nuit avec éclairage allumé,En agglomération,Hors intersection,Normale,Deux véhicules - côté,,,,,,,,,,,5,2,1,1.0,3
201400011319,0014-08-29 11:30:00,14,8,29,11,30,60,88,"27, JOLY (CORNICHE ANDRE",,,Plein jour,En agglomération,Hors intersection,Normale,Deux véhicules - côté,,,,,,,,,,,1,2,1,1.0,3
201400011320,0014-08-29 18:00:00,14,8,29,18,0,60,88,"0, CASSIN (BD RENE)",,,Plein jour,En agglomération,Hors intersection,Normale,Deux véhicules - arrière,,,,,,,,,,,1,2,1,1.0,2
201400011321,0014-08-30 12:40:00,14,8,30,12,40,60,88,"0, ARMEE DES ALPES (BD D",,,Plein jour,En agglomération,Hors intersection,Normale,Deux véhicules - côté,,,,,,,,,,,1,2,1,1.0,3
201400011322,0014-08-30 16:30:00,14,8,30,16,30,60,88,"0, ITALIE (R. D')",,,Plein jour,En agglomération,Hors intersection,Normale,Autre collision,,,,,,,,,,,1,2,1,1.0,6
201400011323,0014-08-31 10:00:00,14,8,31,10,0,60,88,"225, ANGLAIS (A PARTIR D",,,Plein jour,En agglomération,Hors intersection,Normale,Deux véhicules - côté,,,,,,,,,,,1,2,1,1.0,3
201400011324,0014-09-01 13:10:00,14,9,1,13,10,60,88,"0, VALOMBROSE (AV. DE)",,,Plein jour,En agglomération,Hors intersection,Normale,Deux véhicules - arrière,,,,,,,,,,,1,2,1,1.0,2
201400011325,0014-09-01 14:00:00,14,9,1,14,0,60,88,"0, JOLY (CORNICHE ANDRE",,,Plein jour,En agglomération,Hors intersection,Normale,Deux véhicules - arrière,,,,,,,,,,,1,2,1,1.0,2
201400011326,0014-09-01 19:20:00,14,9,1,19,20,60,88,"0, VOIE RAPIDE",,,Plein jour,En agglomération,Hors intersection,Normale,Deux véhicules - arrière,,,,,,,,,,,1,2,1,1.0,2
201400011327,0014-09-02 08:00:00,14,9,2,8,0,60,88,"0, VOIE RAPIDE",,,Plein jour,En agglomération,Hors intersection,Normale,Trois véhicules et plus - collisions multiples,,,,,,,,,,,1,2,1,1.0,5
201400011328,0014-09-02 16:00:00,14,9,2,16,0,60,88,VEILLON (R.),,,Plein jour,En agglomération,Hors intersection,Normale,Deux véhicules - côté,,,,,,,,,,,1,2,1,1.0,3
201400011329,0014-09-02 17:42:00,14,9,2,17,42,60,88,"0, FRANCE (R. DE) DU N?",,,Plein jour,En agglomération,Hors intersection,Normale,Autre collision,,,,,,,,,,,1,2,1,1.0,6
201400011330,0014-09-02 19:30:00,14,9,2,19,30,60,88,"26, QUAI LUNEL",,,Plein jour,En agglomération,Hors intersection,Normale,Autre collision,,,,,,,,,,,1,2,1,1.0,6
201400011331,0014-09-03 09:40:00,14,9,3,9,40,60,88,"19, VALOMBROSE (AV. DE)",,,Plein jour,En agglomération,Hors intersection,Normale,Deux véhicules - côté,,,,,,,,,,,1,2,1,1.0,3
201400011332,0014-09-03 09:20:00,14,9,3,9,20,60,88,"0, RAY (AV. DU)",,,Plein jour,En agglomération,Hors intersection,Normale,Deux véhicules - arrière,,,,,,,,,,,1,2,1,1.0,2
201400011333,0014-09-04 09:29:00,14,9,4,9,29,60,88,"0, REPUBLIQUE (AV. DE LA",,,Plein jour,En agglomération,Hors intersection,Normale,Deux véhicules - côté,,,,,,,,,,,1,2,1,1.0,3
201400011334,0014-09-04 09:35:00,14,9,4,9,35,60,88,"219, ANGLAIS (DU N? 114",,,Plein jour,En agglomération,Hors intersection,Normale,Deux véhicules - arrière,,,,,,,,,,,1,2,1,1.0,2
201400011335,0014-09-04 09:50:00,14,9,4,9,50,60,88,"0, VOIE ROMAINE (AV. DE",,,Plein jour,En agglomération,Intersection en X,Normale,Deux véhicules - côté,,,,,,,,,,,1,2,2,1.0,3
201400011336,0014-09-05 08:40:00,14,9,5,8,40,60,88,"0, ETATS UNIS (QUAI DES)",,,Plein jour,En agglomération,Hors intersection,Normale,Autre collision,,,,,,,,,,,1,2,1,1.0,6
201400011337,0014-09-05 10:20:00,14,9,5,10,20,60,88,"0, MASSENA (PLACE)",,,Plein jour,En agglomération,Hors intersection,Normale,Autre collision,,,,,,,,,,,1,2,1,1.0,6
201400011338,0014-09-05 15:10:00,14,9,5,15,10,60,88,"10 BIS, SORGENTINO (R.)",,,Plein jour,En agglomération,Hors intersection,Normale,Deux véhicules - frontale,,,,,,,,,,,1,2,1,1.0,1
201400011339,0014-09-06 12:45:00,14,9,6,12,45,60,88,"0, CASTEL DES 2 ROIS (PA",,,Plein jour,En agglomération,Hors intersection,Normale,Autre collision,,,,,,,,,,,1,2,1,1.0,6
201400011340,0014-09-06 22:40:00,14,9,6,22,40,60,88,"0, PARC IMPERIAL (BD DU)",,,Nuit avec éclairage allumé,En agglomération,Intersection en X,Normale,Deux véhicules - côté,,,,,,,,,,,5,2,2,1.0,3
201400011341,0014-09-07 22:25:00,14,9,7,22,25,60,88,MONTREAL (BD DE),,,Nuit avec éclairage allumé,En agglomération,Hors intersection,Normale,Deux véhicules - arrière,,,,,,,,,,,5,2,1,1.0,2
201400011342,0014-09-08 08:15:00,14,9,8,8,15,60,88,"38, ESTIENNE -D'ORVES (A",,,Plein jour,En agglomération,Hors intersection,Normale,Autre collision,,,,,,,,,,,1,2,1,1.0,6
201400011343,0014-09-08 08:30:00,14,9,8,8,30,60,88,"0, MONTEL (BD PAUL)",,,Plein jour,En agglomération,Hors intersection,Normale,Deux véhicules - côté,,,,,,,,,,,1,2,1,1.0,3
201400011344,0014-09-08 15:00:00,14,9,8,15,0,60,88,"57, RAYBAUD JOSEPH",,,Plein jour,En agglomération,Hors intersection,Normale,Trois véhicules et plus - en chaîne,,,,,,,,,,,1,2,1,1.0,4
201400011345,0014-09-08 15:30:00,14,9,8,15,30,60,88,"0, DELFINO (BD GENERAL)",,,Plein jour,En agglomération,Hors intersection,Normale,Deux véhicules - côté,,,,,,,,,,,1,2,1,1.0,3
201400011346,0014-09-09 07:30:00,14,9,9,7,30,60,88,ARMEE DU RHIN (PLACE),,,Plein jour,En agglomération,Hors intersection,Normale,Deux véhicules - côté,,,,,,,,,,,1,2,1,1.0,3
201400011347,0014-09-09 10:10:00,14,9,9,10,10,60,88,"0, LYAUTEY (AV. DU MAL)",,,Plein jour,En agglomération,Intersection en T,Normale,Deux véhicules - côté,,,,,,,,,,,1,2,3,1.0,3
201400011348,0014-09-09 16:50:00,14,9,9,16,50,60,88,"39, MATISSE (AV. HENRI)",,,Plein jour,En agglomération,Hors intersection,Normale,Deux véhicules - côté,,,,,,,,,,,1,2,1,1.0,3
201400011349,0014-09-10 07:40:00,14,9,10,7,40,60,88,"101, LYAUTEY (AV. DU MAL",,,Plein jour,En agglomération,Hors intersection,Normale,Autre collision,,,,,,,,,,,1,2,1,1.0,6
201400011350,0014-09-12 10:55:00,14,9,12,10,55,60,88,"4, DOUANE (QUAI DE LA)",,,Plein jour,En agglomération,Hors intersection,Normale,Autre collision,,,,,,,,,,,1,2,1,1.0,6
201400011351,0014-09-12 14:30:00,14,9,12,14,30,60,88,"0, SMOLETT (R.)",,,Plein jour,En agglomération,Intersection en X,Normale,Autre collision,,,,,,,,,,,1,2,2,1.0,6
201400011352,0014-09-12 15:30:00,14,9,12,15,30,60,88,"54, CESSOLE (BD DE) (JUS",,,Plein jour,En agglomération,Hors intersection,Normale,Deux véhicules - arrière,,,,,,,,,,,1,2,1,1.0,2
201400011353,0014-09-12 16:55:00,14,9,12,16,55,60,88,"0, VOIE RAPIDE",,,Plein jour,En agglomération,Hors intersection,Normale,Trois véhicules et plus - collisions multiples,,,,,,,,,,,1,2,1,1.0,5
201400011354,0014-09-12 22:00:00,14,9,12,22,0,60,88,"28-30, CORNICHE FLEURIE",,,Nuit avec éclairage allumé,En agglomération,Hors intersection,Normale,Autre collision,,,,,,,,,,,5,2,1,1.0,6
201400011355,0014-09-13 19:10:00,14,9,13,19,10,60,88,"0, BARLA (TRAV.)",,,Plein jour,En agglomération,Intersection en X,Normale,Autre collision,,,,,,,,,,,1,2,2,1.0,6
201400011356,0014-09-13 20:50:00,14,9,13,20,50,60,88,"0, BELLET (RTE DE)",,,Nuit avec éclairage allumé,En agglomération,Intersection en X,Normale,Deux véhicules - côté,,,,,,,,,,,5,2,2,1.0,3
201400011357,0014-09-15 10:35:00,14,9,15,10,35,60,88,"0, ROQUEBILLIERE (R. DE)",,,Plein jour,En agglomération,Hors intersection,Normale,Deux véhicules - côté,,,,,,,,,,,1,2,1,1.0,3
201400011358,0014-09-15 12:05:00,14,9,15,12,5,60,88,"0, PASTEUR (BD)",,,Plein jour,En agglomération,Intersection en T,Normale,Deux véhicules - côté,,,,,,,,,,,1,2,3,1.0,3
201400011359,0014-09-15 16:45:00,14,9,15,16,45,60,88,"0, BARLA (RUE)",,,Plein jour,En agglomération,Intersection en T,Pluie légère,Autre collision,,,,,,,,,,,1,2,3,2.0,6
201400011360,0014-09-15 17:30:00,14,9,15,17,30,60,88,BOTTAU (AV. FRANCOIS),,,Plein jour,En agglomération,Intersection en T,Normale,Trois véhicules et plus - collisions multiples,,,,,,,,,,,1,2,3,1.0,5
201400011361,0014-09-17 13:50:00,14,9,17,13,50,60,88,"163, GRENOBLE (ROUTE DE)",,,Plein jour,En agglomération,Hors intersection,Normale,Autre collision,,,,,,,,,,,1,2,1,1.0,6
201400011362,0014-09-18 14:00:00,14,9,18,14,0,60,88,"27, GAITE (IMP. DE LA)",,,Plein jour,En agglomération,Hors intersection,Normale,Autre collision,,,,,,,,,,,1,2,1,1.0,6
201400011363,0014-09-19 14:30:00,14,9,19,14,30,60,88,"0, ARENES DE CIMIEZ (AV.",,,Plein jour,En agglomération,Intersection en Y,Normale,Deux véhicules - côté,,,,,,,,,,,1,2,4,1.0,3
201400011364,0014-09-20 04:25:00,14,9,20,4,25,60,88,"2, GROSSO (A PARTIR DU N",,,Nuit avec éclairage allumé,En agglomération,Hors intersection,Normale,Autre collision,,,,,,,,,,,5,2,1,1.0,6
201400011365,0014-09-20 10:15:00,14,9,20,10,15,60,88,"0, ASSALIT (RUE)",,,Plein jour,En agglomération,Hors intersection,Normale,Autre collision,,,,,,,,,,,1,2,1,1.0,6
201400011366,0014-09-20 15:00:00,14,9,20,15,0,60,88,"0, RD 6202",,,Plein jour,En agglomération,Hors intersection,Normale,Trois véhicules et plus - en chaîne,,,,,,,,,,,1,2,1,1.0,4
201400011367,0014-09-20 15:25:00,14,9,20,15,25,60,88,"77 bis, GAMBETTA (A PART",,,Plein jour,En agglomération,Intersection en X,Normale,Deux véhicules - côté,,,,,,,,,,,1,2,2,1.0,3
201400011368,0014-09-21 13:40:00,14,9,21,13,40,60,88,"67, ARIANE (BD DE L')",,,Plein jour,En agglomération,Hors intersection,Normale,Deux véhicules - côté,,,,,,,,,,,1,2,1,1.0,3
201400011369,0014-09-22 07:45:00,14,9,22,7,45,60,88,"8, CASSINI (RUE)",,,Plein jour,En agglomération,Hors intersection,Normale,Autre collision,,,,,,,,,,,1,2,1,1.0,6
201400011370,0014-09-22 08:50:00,14,9,22,8,50,60,88,"0, VOIE RAPIDE",,,Plein jour,En agglomération,Hors intersection,Normale,Trois véhicules et plus - en chaîne,,,,,,,,,,,1,2,1,1.0,4
201400011371,0014-09-22 12:10:00,14,9,22,12,10,60,88,"0, SAINT-LAMBERT (AV.) (",,,Plein jour,En agglomération,Intersection en X,Normale,Deux véhicules - côté,,,,,,,,,,,1,2,2,1.0,3
201400011372,0014-09-22 12:45:00,14,9,22,12,45,60,88,"0, THIERS (AV.)",,,Plein jour,En agglomération,Intersection en T,Normale,Deux véhicules - côté,,,,,,,,,,,1,2,3,1.0,3
201400011373,0014-09-22 18:45:00,14,9,22,18,45,60,88,"0, LYAUTEY (AV. DU MAL)",,,Plein jour,En agglomération,Hors intersection,Normale,Autre collision,,,,,,,,,,,1,2,1,1.0,6
201400011374,0014-09-23 09:05:00,14,9,23,9,5,60,88,"14, DUFOURMANTEL (AV.)",,,Plein jour,En agglomération,Hors intersection,Normale,Deux véhicules - frontale,,,,,,,,,,,1,2,1,1.0,1
201400011375,0014-09-23 19:45:00,14,9,23,19,45,60,88,"144, TURIN (RTE DE)",,,Nuit avec éclairage allumé,En agglomération,Hors intersection,Normale,Deux véhicules - côté,,,,,,,,,,,5,2,1,1.0,3
201400011376,0014-09-24 07:40:00,14,9,24,7,40,60,159,"64, CORNE D OR (BOULEVAR",,,Crépuscule ou aube,En agglomération,Hors intersection,Normale,Deux véhicules - côté,,,,,,,,,,,2,2,1,1.0,3
201400011377,0014-09-24 14:45:00,14,9,24,14,45,60,88,"0, GROSSO (A PARTIR DU N",,,Plein jour,En agglomération,Hors intersection,Normale,Deux véhicules - côté,,,,,,,,,,,1,2,1,1.0,3
201400011378,0014-09-25 05:00:00,14,9,25,5,0,60,88,"122, CARNOT (BD)",,,Nuit avec éclairage allumé,En agglomération,Hors intersection,Normale,Autre collision,,,,,,,,,,,5,2,1,1.0,6
201400011379,0014-09-25 08:15:00,14,9,25,8,15,60,88,"103, CASSIN (BD RENE)",,,Plein jour,En agglomération,Hors intersection,Normale,Autre collision,,,,,,,,,,,1,2,1,1.0,6
201400011380,0014-09-26 14:40:00,14,9,26,14,40,60,88,"0, BARBERIS (RUE)",,,Plein jour,En agglomération,Intersection en X,Normale,Deux véhicules - côté,,,,,,,,,,,1,2,2,1.0,3
201400011381,0014-09-26 22:45:00,14,9,26,22,45,60,88,"43, MILLION DE VERAILLON",,,Nuit avec éclairage allumé,En agglomération,Hors intersection,Normale,Autre collision,,,,,,,,,,,5,2,1,1.0,6
201400011382,0014-09-27 00:30:00,14,9,27,0,30,60,159,NAPOLEON III (BOULEVARD),,,Nuit avec éclairage allumé,En agglomération,Hors intersection,Normale,Autre collision,,,,,,,,,,,5,2,1,1.0,6
201400011383,0014-09-27 03:05:00,14,9,27,3,5,60,88,"56, GORBELLA (BD DE)",,,Nuit avec éclairage allumé,En agglomération,Hors intersection,Normale,Autre collision,,,,,,,,,,,5,2,1,1.0,6
201400011384,0014-09-27 20:10:00,14,9,27,20,10,60,88,PENETRANTE DU PAILLON,,,Nuit avec éclairage allumé,En agglomération,Hors intersection,Normale,Deux véhicules - arrière,,,,,,,,,,,5,2,1,1.0,2
201400011385,0014-09-27 23:00:00,14,9,27,23,0,60,88,"0, VERANY (BD J.B.)",,,Nuit avec éclairage allumé,En agglomération,Intersection en X,Normale,Deux véhicules - côté,,,,,,,,,,,5,2,2,1.0,3
201400011386,0014-09-28 12:55:00,14,9,28,12,55,60,88,"51, HUGO (BD VICTOR)",,,Plein jour,En agglomération,Hors intersection,Normale,Autre collision,,,,,,,,,,,1,2,1,1.0,6
201400011387,0014-09-30 05:30:00,14,9,30,5,30,60,88,"0, ARSON (RUE)",,,Nuit avec éclairage allumé,En agglomération,Intersection en X,Pluie légère,Deux véhicules - côté,,,,,,,,,,,5,2,2,2.0,3
201400011388,0014-10-01 04:00:00,14,10,1,4,0,60,88,"0, RIQUIER (BD DE)",,,Nuit avec éclairage allumé,En agglomération,Hors intersection,Normale,Deux véhicules - frontale,,,,,,,,,,,5,2,1,1.0,1
201400011389,0014-10-01 16:00:00,14,10,1,16,0,60,88,"0, ARIANE (BD DE L')",,,Plein jour,En agglomération,Intersection en T,Normale,Deux véhicules - côté,,,,,,,,,,,1,2,3,1.0,3
201400011390,0014-10-02 00:01:00,14,10,2,0,1,60,88,"0, SAQUI (AV. JOSEPH)",,,Nuit avec éclairage allumé,En agglomération,Hors intersection,Normale,Autre collision,,,,,,,,,,,5,2,1,1.0,6
201400011391,0014-10-02 14:55:00,14,10,2,14,55,60,88,"113, FRANCE (R. DE) A PA",,,Plein jour,En agglomération,Intersection en T,Normale,Autre collision,,,,,,,,,,,1,2,3,1.0,6
201400011392,0014-10-02 22:50:00,14,10,2,22,50,60,88,"3, RD 6202",,,Nuit sans éclairage public,En agglomération,Hors intersection,Normale,Autre collision,,,,,,,,,,,3,2,1,1.0,6
201400011393,0014-10-04 13:15:00,14,10,4,13,15,60,88,"0, RAYNAUD (BD AUGUSTE)",,,Plein jour,En agglomération,Intersection en T,Normale,Deux véhicules - côté,,,,,,,,,,,1,2,3,1.0,3
201400011394,0014-10-05 09:10:00,14,10,5,9,10,60,88,"71, GAIRAUT (AV. DE)",,,Plein jour,En agglomération,Hors intersection,Pluie forte,Autre collision,,,,,,,,,,,1,2,1,3.0,6
201400011395,0014-10-05 15:00:00,14,10,5,15,0,60,88,"58, MONTEL (BD PAUL)",,,Plein jour,En agglomération,Hors intersection,Normale,Deux véhicules - arrière,,,,,,,,,,,1,2,1,1.0,2
201400011396,0014-10-06 17:45:00,14,10,6,17,45,60,88,"0, DIABLES BLEUS (AV. DE",,,Plein jour,En agglomération,Hors intersection,Normale,Deux véhicules - côté,,,,,,,,,,,1,2,1,1.0,3
201400011397,0014-10-07 00:40:00,14,10,7,0,40,60,88,"0, ILE-DE-BEAUTE (PL. DE",,,Nuit avec éclairage allumé,En agglomération,Hors intersection,Normale,Deux véhicules - côté,,,,,,,,,,,5,2,1,1.0,3
201400011398,0014-10-07 17:15:00,14,10,7,17,15,60,88,"0, VOIE RAPIDE",,,Plein jour,En agglomération,Hors intersection,Normale,Deux véhicules - arrière,,,,,,,,,,,1,2,1,1.0,2
201400011399,0014-10-08 08:20:00,14,10,8,8,20,60,88,"0, SAINT-LAMBERT (AV.) (",,,Plein jour,En agglomération,Intersection en X,Normale,Deux véhicules - frontale,,,,,,,,,,,1,2,2,1.0,1
201400011400,0014-10-09 18:00:00,14,10,9,18,0,60,88,"113, ANGLAIS (N? 113)",,,Plein jour,En agglomération,Hors intersection,Normale,Deux véhicules - côté,,,,,,,,,,,1,2,1,1.0,3
201400011401,0014-10-09 18:15:00,14,10,9,18,15,60,88,"96, CESSOLE (BD DE) (A P",,,Plein jour,En agglomération,Hors intersection,Normale,Autre collision,,,,,,,,,,,1,2,1,1.0,6
201400011402,0014-10-10 11:50:00,14,10,10,11,50,60,88,"0, ROQUEBILLIERE (R. DE)",,,Plein jour,En agglomération,Giratoire,Normale,Deux véhicules - côté,,,,,,,,,,,1,2,6,1.0,3
201400011403,0014-10-10 12:50:00,14,10,10,12,50,60,88,"0, BOURGADA (TRAV. DE LA",,,Plein jour,En agglomération,Hors intersection,Normale,Deux véhicules - arrière,,,,,,,,,,,1,2,1,1.0,2
201400011404,0014-10-12 11:20:00,14,10,12,11,20,60,88,"0, LISERONS (IMPASSE DES",,,Plein jour,En agglomération,Hors intersection,Normale,Autre collision,,,,,,,,,,,1,2,1,1.0,6
201400011405,0014-10-12 22:50:00,14,10,12,22,50,60,159,MARECHAL FOCH (AVENUE),,,Nuit avec éclairage allumé,En agglomération,Intersection en T,Normale,Deux véhicules - arrière,,,,,,,,,,,5,2,3,1.0,2
201400011406,0014-10-13 16:20:00,14,10,13,16,20,60,88,"0, GAMBETTA (JUSQU'AU N?",,,Plein jour,En agglomération,Hors intersection,Pluie forte,Sans collision,,,,,,,,,,,1,2,1,3.0,7
201400011407,0014-10-14 09:15:00,14,10,14,9,15,60,88,"0, REINE-VICTORIA (AV.)",,,Plein jour,En agglomération,Hors intersection,Pluie légère,Deux véhicules - côté,,,,,,,,,,,1,2,1,2.0,3
201400011408,0014-10-14 18:35:00,14,10,14,18,35,60,88,"0, CIAIS (RUE DU DOCTEUR",,,Plein jour,En agglomération,Intersection en X,Normale,Deux véhicules - côté,,,,,,,,,,,1,2,2,1.0,3
201400011409,0014-10-14 18:55:00,14,10,14,18,55,60,88,"68, CIMIEZ (BD) A PARTIR",,,Nuit avec éclairage allumé,En agglomération,Hors intersection,Normale,Trois véhicules et plus - collisions multiples,,,,,,,,,,,5,2,1,1.0,5
201400011410,0014-10-15 09:45:00,14,10,15,9,45,60,88,"0, RIQUIER (BD DE)",,,Plein jour,En agglomération,Hors intersection,Normale,Autre collision,,,,,,,,,,,1,2,1,1.0,6
201400011411,0014-10-15 14:50:00,14,10,15,14,50,60,88,"4, CIMIEZ (BD) JUSQU'AU",,,Plein jour,En agglomération,Hors intersection,Normale,Deux véhicules - arrière,,,,,,,,,,,1,2,1,1.0,2
201400011412,0014-10-17 11:35:00,14,10,17,11,35,60,88,"0, BARLA (TRAV.)",,,Plein jour,En agglomération,Hors intersection,Normale,Autre collision,,,,,,,,,,,1,2,1,1.0,6
201400011413,0014-10-18 14:40:00,14,10,18,14,40,60,88,"229, ANGLAIS (DU N? 114",,,Plein jour,En agglomération,Hors intersection,Normale,Deux véhicules - côté,,,,,,,,,,,1,2,1,1.0,3
201400011414,0014-10-19 18:45:00,14,10,19,18,45,60,88,"17, CARNOT (BD)",,,Plein jour,En agglomération,Hors intersection,Normale,Autre collision,,,,,,,,,,,1,2,1,1.0,6
201400011415,0014-10-20 19:00:00,14,10,20,19,0,60,88,"217, CALIFORNIE (AV.) (A",,,Nuit avec éclairage allumé,En agglomération,Hors intersection,Normale,Deux véhicules - côté,,,,,,,,,,,5,2,1,1.0,3
201400011416,0014-10-21 09:55:00,14,10,21,9,55,60,88,"0, DIABLES BLEUS (AV. DE",,,Plein jour,En agglomération,Intersection en X,Normale,Deux véhicules - côté,,,,,,,,,,,1,2,2,1.0,3
201400011417,0014-10-21 11:00:00,14,10,21,11,0,60,88,"0, RD 6202",,,Plein jour,En agglomération,Hors intersection,Normale,Deux véhicules - côté,,,,,,,,,,,1,2,1,1.0,3
201400011418,0014-10-21 15:10:00,14,10,21,15,10,60,88,GUYNEMER (PL.),,,Plein jour,En agglomération,Intersection en X,Normale,Deux véhicules - côté,,,,,,,,,,,1,2,2,1.0,3
201400011419,0014-10-21 21:45:00,14,10,21,21,45,60,88,"137, ANGLAIS (A PARTIR D",,,Nuit avec éclairage allumé,En agglomération,Hors intersection,Normale,Autre collision,,,,,,,,,,,5,2,1,1.0,6
201400011420,0014-10-22 08:15:00,14,10,22,8,15,60,88,"32, MALAUSSENA (AV.)",,,Plein jour,En agglomération,Hors intersection,Normale,Autre collision,,,,,,,,,,,1,2,1,1.0,6
201400011421,0014-10-22 12:30:00,14,10,22,12,30,60,88,"108, BRANCOLAR (AV.) (A",,,Plein jour,En agglomération,Hors intersection,Normale,Deux véhicules - côté,,,,,,,,,,,1,2,1,1.0,3
201400011422,0014-10-23 14:40:00,14,10,23,14,40,60,88,"37, MEDECIN (AV. JEAN)",,,Plein jour,En agglomération,Hors intersection,Normale,Autre collision,,,,,,,,,,,1,2,1,1.0,6