accident_id,datetime,annee,mois,jour,heure,minute,departement,commune_insee,adresse,latitude,longitude,luminosite,agglomeration,intersection,meteo,collision,nb_vehicules,nb_usagers,nb_indemnes,nb_tues,nb_blesses_hosp,nb_blesses_legers,age_cond_1,age_cond_2,veh_type_cond_1,veh_type_cond_2,lum_code,agg_code,int_code,atm_code,col_code
201400011423,0014-10-24 04:30:00,14,10,24,4,30,60,88,"7-9, GARIBALDI (PL.)",,,Nuit avec éclairage allumé,En agglomération,Hors intersection,Normale,Autre collision,,,,,,,,,,,5,2,1,1.0,6
201400011424,0014-10-24 14:05:00,14,10,24,14,5,60,88,"33, BANVILLE (RUE THEODO",,,Plein jour,En agglomération,Hors intersection,Normale,Deux véhicules - côté,,,,,,,,,,,1,2,1,1.0,3
201400011425,0014-10-24 21:10:00,14,10,24,21,10,60,88,"0, COMBATTANTS D'AFN (RU",,,Nuit avec éclairage allumé,En agglomération,Intersection en X,Normale,Deux véhicules - côté,,,,,,,,,,,5,2,2,1.0,3
201400011426,0014-10-25 12:55:00,14,10,25,12,55,60,88,POMPIDOU (BD GEORGES),,,Plein jour,En agglomération,Hors intersection,Normale,Autre collision,,,,,,,,,,,1,2,1,1.0,6
201400011427,0014-10-26 10:30:00,14,10,26,10,30,60,88,"0, GAMBETTA (A PARTIR DU",,,Plein jour,En agglomération,Intersection en X,Normale,Deux véhicules - côté,,,,,,,,,,,1,2,2,1.0,3
201400011428,0014-10-27 07:30:00,14,10,27,7,30,60,88,"10, JOLY (CORNICHE ANDRE",,,Plein jour,En agglomération,Hors intersection,Normale,Sans collision,,,,,,,,,,,1,2,1,1.0,7
201400011429,0014-10-27 10:15:00,14,10,27,10,15,60,88,"23, MIOLLIS (R.)",,,Plein jour,En agglomération,Intersection en X,Normale,Deux véhicules - côté,,,,,,,,,,,1,2,2,1.0,3
201400011430,0014-10-27 11:00:00,14,10,27,11,0,60,88,"8, NOTRE-DAME (AV.)",,,Plein jour,En agglomération,Hors intersection,Normale,Autre collision,,,,,,,,,,,1,2,1,1.0,6
201400011431,0014-10-28 18:20:00,14,10,28,18,20,60,88,"24, ARIANE (BD DE L')",,,Nuit avec éclairage allumé,En agglomération,Hors intersection,Normale,Deux véhicules - arrière,,,,,,,,,,,5,2,1,1.0,2
201400011432,0014-10-28 14:20:00,14,10,28,14,20,60,88,"43, FRANCE (R. DE) DU N?",,,Plein jour,En agglomération,Hors intersection,Normale,Autre collision,,,,,,,,,,,1,2,1,1.0,6
201400011433,0014-10-28 17:45:00,14,10,28,17,45,60,88,"179, CASSIN (BD RENE)",,,Crépuscule ou aube,En agglomération,Hors intersection,Normale,Deux véhicules - côté,,,,,,,,,,,2,2,1,1.0,3
201400011434,0014-10-28 19:45:00,14,10,28,19,45,60,88,"0, RAYNAUD (BD AUGUSTE)",,,Nuit avec éclairage allumé,En agglomération,Intersection en X,Normale,Deux véhicules - côté,,,,,,,,,,,5,2,2,1.0,3
201400011435,0014-10-29 17:30:00,14,10,29,17,30,60,88,VOIE RAPIDE,,,Crépuscule ou aube,En agglomération,Hors intersection,Normale,Trois véhicules et plus - en chaîne,,,,,,,,,,,2,2,1,1.0,4
201400011436,0014-10-30 13:04:00,14,10,30,13,4,60,88,"0, SEMERIA (AV. DENIS)",,,Plein jour,En agglomération,Intersection en X,Normale,Deux véhicules - côté,,,,,,,,,,,1,2,2,1.0,3
201400011437,0014-10-30 17:15:00,14,10,30,17,15,60,88,"0, ARIANE (BD DE L')",,,Crépuscule ou aube,En agglomération,Intersection en T,Normale,Deux véhicules - côté,,,,,,,,,,,2,2,3,1.0,3
201400011438,0014-10-31 12:50:00,14,10,31,12,50,60,88,"0, THIERS (AV.)",,,Plein jour,En agglomération,Hors intersection,Normale,Deux véhicules - côté,,,,,,,,,,,1,2,1,1.0,3
201400011439,0014-10-31 22:45:00,14,10,31,22,45,60,88,"12, ARMEE DES ALPES (BD",,,Nuit avec éclairage allumé,En agglomération,Intersection en X,Normale,Autre collision,,,,,,,,,,,5,2,2,1.0,6
201400011440,0014-11-01 00:30:00,14,11,1,0,30,60,88,"1, ANGLAIS (DU N? 1 AU N",,,Nuit avec éclairage allumé,En agglomération,Hors intersection,Normale,Autre collision,,,,,,,,,,,5,2,1,1.0,6
201400011441,0014-11-01 13:55:00,14,11,1,13,55,60,88,"0, ROQUEBILLIERE (R. DE)",,,Plein jour,En agglomération,Hors intersection,Normale,Deux véhicules - côté,,,,,,,,,,,1,2,1,1.0,3
201400011442,0014-11-01 23:50:00,14,11,1,23,50,60,88,"0, BESSET (AV.) (A PARTI",,,Nuit avec éclairage allumé,En agglomération,Intersection en X,Normale,Deux véhicules - côté,,,,,,,,,,,5,2,2,1.0,3
201400011443,0014-11-02 01:10:00,14,11,2,1,10,60,88,RD 6202,,,Nuit avec éclairage allumé,En agglomération,Hors intersection,Normale,Sans collision,,,,,,,,,,,5,2,1,1.0,7
201400011444,0014-11-02 02:02:00,14,11,2,2,2,60,88,"12, RISSO (BD)",,,Nuit avec éclairage allumé,En agglomération,Intersection en X,Normale,Autre collision,,,,,,,,,,,5,2,2,1.0,6
201400011445,0014-11-04 18:00:00,14,11,4,18,0,60,88,"0, BOYER (RUE)",,,Nuit avec éclairage allumé,En agglomération,Intersection en T,Pluie forte,Autre collision,,,,,,,,,,,5,2,3,3.0,6
201400011446,0014-11-05 16:20:00,14,11,5,16,20,60,88,"0, VOIE RAPIDE",,,Plein jour,En agglomération,Hors intersection,Normale,Deux véhicules - arrière,,,,,,,,,,,1,2,1,1.0,2
201400011447,0014-11-05 17:30:00,14,11,5,17,30,60,88,"0, DIABLES BLEUS (AV. DE",,,Nuit avec éclairage allumé,En agglomération,Intersection en T,Normale,Deux véhicules - côté,,,,,,,,,,,5,2,3,1.0,3
201400011448,0014-11-05 22:30:00,14,11,5,22,30,60,88,"0, MONZIE (R. ANATOLE DE",,,Nuit avec éclairage allumé,En agglomération,Intersection en T,Normale,Deux véhicules - côté,,,,,,,,,,,5,2,3,1.0,3
201400011449,0014-11-06 08:15:00,14,11,6,8,15,60,88,"02, FAURE (AV. FELIX)",,,Plein jour,En agglomération,Hors intersection,Normale,Autre collision,,,,,,,,,,,1,2,1,1.0,6
201400011450,0014-11-06 17:20:00,14,11,6,17,20,60,88,"0, LEPANTE (R. DE)",,,Crépuscule ou aube,En agglomération,Intersection en X,Normale,Deux véhicules - côté,,,,,,,,,,,2,2,2,1.0,3
201400011451,0014-11-07 17:52:00,14,11,7,17,52,60,88,"57, GAMBETTA (A PARTIR D",,,Nuit avec éclairage allumé,En agglomération,Hors intersection,Normale,Autre collision,,,,,,,,,,,5,2,1,1.0,6
201400011452,0014-11-07 21:10:00,14,11,7,21,10,60,88,"0, VERNIER (R.)",,,Nuit avec éclairage allumé,En agglomération,Intersection en X,Normale,Deux véhicules - côté,,,,,,,,,,,5,2,2,1.0,3
201400011453,0014-11-08 05:25:00,14,11,8,5,25,60,88,"245, ANGLAIS PLAGE (DU 1",,,Nuit avec éclairage allumé,En agglomération,Intersection en X,Normale,Autre collision,,,,,,,,,,,5,2,2,1.0,6
201400011454,0014-11-08 07:10:00,14,11,8,7,10,60,88,"0, BARLA (RUE)",,,Plein jour,En agglomération,Hors intersection,Normale,Deux véhicules - côté,,,,,,,,,,,1,2,1,1.0,3
201400011455,0014-11-09 17:30:00,14,11,9,17,30,60,88,"70, GAMBETTA (A PARTIR D",,,Nuit avec éclairage non allumé,En agglomération,Hors intersection,Pluie forte,Autre collision,,,,,,,,,,,4,2,1,3.0,6
201400011456,0014-11-10 10:45:00,14,11,10,10,45,60,88,"16, RIQUIER (BD DE)",,,Plein jour,En agglomération,Hors intersection,Pluie légère,Deux véhicules - arrière,,,,,,,,,,,1,2,1,2.0,2
201400011457,0014-11-11 20:45:00,14,11,11,20,45,60,88,"39, SANTOLINE (R. DE LA)",,,Plein jour,En agglomération,Hors intersection,Pluie légère,Autre collision,,,,,,,,,,,1,2,1,2.0,6
201400011458,0014-11-12 08:25:00,14,11,12,8,25,60,88,"25, ROQUEBILLIERE (R. DE",,,Plein jour,En agglomération,Hors intersection,Normale,Deux véhicules - côté,,,,,,,,,,,1,2,1,1.0,3
201400011459,0014-11-12 14:00:00,14,11,12,14,0,60,88,"22, FALICON (BD COMTE DE",,,Plein jour,En agglomération,Hors intersection,Pluie légère,Deux véhicules - arrière,,,,,,,,,,,1,2,1,2.0,2
201400011460,0014-11-13 08:40:00,14,11,13,8,40,60,88,"0, VOIE RAPIDE",,,Plein jour,En agglomération,Hors intersection,Normale,Deux véhicules - côté,,,,,,,,,,,1,2,1,1.0,3
201400011461,0014-11-13 14:00:00,14,11,13,14,0,60,88,"ignor?, ANGLAIS (DU N? 4",,,Plein jour,En agglomération,Hors intersection,Normale,Deux véhicules - arrière,,,,,,,,,,,1,2,1,1.0,2
201400011462,0014-11-14 07:45:00,14,11,14,7,45,60,88,"37 BIS, MATISSE (AV. HEN",,,Plein jour,En agglomération,Hors intersection,Normale,Autre collision,,,,,,,,,,,1,2,1,1.0,6
201400011463,0014-11-15 11:00:00,14,11,15,11,0,60,159,"9, ALBERT 1ER (AVENUE)",,,Plein jour,En agglomération,Hors intersection,Pluie forte,Autre collision,,,,,,,,,,,1,2,1,3.0,6
201400011464,0014-11-15 11:00:00,14,11,15,11,0,60,88,"0, VOIE RAPIDE",,,Plein jour,En agglomération,Hors intersection,Pluie forte,Trois véhicules et plus - en chaîne,,,,,,,,,,,1,2,1,3.0,4
201400011465,0014-11-16 07:45:00,14,11,16,7,45,60,88,"67, ARIANE (BD DE L')",,,Plein jour,En agglomération,Intersection en X,Normale,Deux véhicules - côté,,,,,,,,,,,1,2,2,1.0,3
201400011466,0014-11-16 12:35:00,14,11,16,12,35,60,88,"31, CAP DE CROIX (AV. ET",,,Plein jour,En agglomération,Hors intersection,Normale,Deux véhicules - côté,,,,,,,,,,,1,2,1,1.0,3
201400011467,0014-11-16 16:15:00,14,11,16,16,15,60,88,"0, RAYNAUD (BD AUGUSTE)",,,Plein jour,En agglomération,Hors intersection,Normale,Deux véhicules - côté,,,,,,,,,,,1,2,1,1.0,3
201400011468,0014-11-17 14:20:00,14,11,17,14,20,60,88,"0, LEPANTE (R. DE)",,,Plein jour,En agglomération,Hors intersection,Normale,Autre collision,,,,,,,,,,,1,2,1,1.0,6
201400011469,0014-11-17 17:15:00,14,11,17,17,15,60,88,"20, ARIANE (BD DE L')",,,Crépuscule ou aube,En agglomération,Intersection en T,Normale,Deux véhicules - côté,,,,,,,,,,,2,2,3,1.0,3
201400011470,0014-11-18 10:25:00,14,11,18,10,25,60,88,"0, CASSIN (BD RENE)",,,Plein jour,En agglomération,Hors intersection,Normale,Deux véhicules - côté,,,,,,,,,,,1,2,1,1.0,3
201400011471,0014-11-18 13:40:00,14,11,18,13,40,60,88,"0, RD 6202",,,Plein jour,En agglomération,Hors intersection,Normale,Deux véhicules - arrière,,,,,,,,,,,1,2,1,1.0,2
201400011472,0014-11-19 06:50:00,14,11,19,6,50,60,88,"0, TZAREWITCH (BD DU)",,,Plein jour,En agglomération,Hors intersection,Normale,Deux véhicules - côté,,,,,,,,,,,1,2,1,1.0,3
201400011473,0014-11-19 07:45:00,14,11,19,7,45,60,88,"45, MADELEINE (BD DE LA)",,,Plein jour,En agglomération,Hors intersection,Normale,Autre collision,,,,,,,,,,,1,2,1,1.0,6
201400011474,0014-11-19 14:45:00,14,11,19,14,45,60,88,"28, ROQUEBILLIERE (R. DE",,,Plein jour,En agglomération,Hors intersection,Normale,Autre collision,,,,,,,,,,,1,2,1,1.0,6
201400011475,0014-11-19 15:30:00,14,11,19,15,30,60,88,ETATS UNIS (QUAI DES),,,Plein jour,En agglomération,Intersection en T,Normale,Deux véhicules - côté,,,,,,,,,,,1,2,3,1.0,3
201400011476,0014-11-19 17:20:00,14,11,19,17,20,60,88,"63, MADELEINE (BD DE LA)",,,Nuit avec éclairage non allumé,En agglomération,Hors intersection,Normale,Deux véhicules - côté,,,,,,,,,,,4,2,1,1.0,3
201400011477,0014-11-24 12:25:00,14,11,24,12,25,60,88,"0, COMBOUL (AV. RAYMOND)",,,Plein jour,En agglomération,Intersection en X,Temps couvert,Deux véhicules - côté,,,,,,,,,,,1,2,2,8.0,3
201400011478,0014-11-24 14:50:00,14,11,24,14,50,60,88,"0, RD 6202",,,Plein jour,En agglomération,Hors intersection,Normale,Deux véhicules - arrière,,,,,,,,,,,1,2,1,1.0,2
201400011479,0014-11-26 00:20:00,14,11,26,0,20,60,88,"143, GAMBETTA (A PARTIR",,,Nuit avec éclairage allumé,En agglomération,Hors intersection,Pluie légère,Trois véhicules et plus - en chaîne,,,,,,,,,,,5,2,1,2.0,4
201400011480,0014-11-26 08:30:00,14,11,26,8,30,60,88,"0, GINESTIERE (CH. DE LA",,,Plein jour,En agglomération,Hors intersection,Temps couvert,Deux véhicules - côté,,,,,,,,,,,1,2,1,8.0,3
201400011481,0014-11-28 07:30:00,14,11,28,7,30,60,88,"87, LYAUTEY (AV. DU MAL)",,,Crépuscule ou aube,En agglomération,Hors intersection,Pluie légère,Autre collision,,,,,,,,,,,2,2,1,2.0,6
201400011482,0014-11-28 07:50:00,14,11,28,7,50,60,88,"59, CIMIEZ (BD) A PARTIR",,,Plein jour,En agglomération,Hors intersection,Pluie légère,Deux véhicules - arrière,,,,,,,,,,,1,2,1,2.0,2
201400011483,0014-11-29 13:05:00,14,11,29,13,5,60,88,"0, SAINT-ISIDORE (QUART.",,,Plein jour,En agglomération,Hors intersection,Normale,Deux véhicules - côté,,,,,,,,,,,1,2,1,1.0,3
201400011484,0014-11-29 18:00:00,14,11,29,18,0,60,88,"31, GAMBETTA (JUSQU'AU N",,,Nuit avec éclairage allumé,En agglomération,Intersection en X,Pluie légère,Deux véhicules - côté,,,,,,,,,,,5,2,2,2.0,3
201400011485,0014-12-02 08:00:00,14,12,2,8,0,60,88,"111, CAL DE SPAGNOL SOUB",,,Plein jour,En agglomération,Hors intersection,Normale,Trois véhicules et plus - en chaîne,,,,,,,,,,,1,2,1,1.0,4
201400011486,0014-12-02 14:00:00,14,12,2,14,0,60,88,"2, SAINT-SYLVESTRE (AV.",,,Plein jour,En agglomération,Hors intersection,Normale,Autre collision,,,,,,,,,,,1,2,1,1.0,6
201400011487,0014-12-04 08:45:00,14,12,4,8,45,60,88,"17, RAY (AV. DU)",,,Plein jour,En agglomération,Hors intersection,Normale,Autre collision,,,,,,,,,,,1,2,1,1.0,6
201400011488,0014-12-04 18:49:00,14,12,4,18,49,60,88,MONTEL (BD PAUL),,,Nuit avec éclairage allumé,En agglomération,Hors intersection,Pluie légère,Autre collision,,,,,,,,,,,5,2,1,2.0,6
201400011489,0014-12-04 19:00:00,14,12,4,19,0,60,88,"158, SAINT-ANTOINE (RTE",,,Nuit avec éclairage allumé,En agglomération,Autre intersection,Pluie légère,Autre collision,,,,,,,,,,,5,2,9,2.0,6
201400011490,0014-12-06 10:30:00,14,12,6,10,30,60,88,"138, ARIANE (BD DE L')",,,Plein jour,En agglomération,Hors intersection,Pluie légère,Autre collision,,,,,,,,,,,1,2,1,2.0,6
201400011491,0014-12-06 11:25:00,14,12,6,11,25,60,159,"0, CHARLES II D ANJOU (P",,,Plein jour,En agglomération,Hors intersection,Normale,Deux véhicules - frontale,,,,,,,,,,,1,2,1,1.0,1
201400011492,0014-12-06 16:15:00,14,12,6,16,15,60,88,"0, VOIE RAPIDE",,,Plein jour,En agglomération,Hors intersection,Pluie forte,Deux véhicules - arrière,,,,,,,,,,,1,2,1,3.0,2
201400011493,0014-12-07 16:00:00,14,12,7,16,0,60,88,"0, ETATS UNIS (QUAI DES)",,,Plein jour,En agglomération,Hors intersection,Normale,Trois véhicules et plus - en chaîne,,,,,,,,,,,1,2,1,1.0,4
201400011494,0014-12-08 07:10:00,14,12,8,7,10,60,88,"38, LEPANTE (R. DE)",,,Crépuscule ou aube,En agglomération,Hors intersection,Normale,Autre collision,,,,,,,,,,,2,2,1,1.0,6
201400011495,0014-12-08 11:25:00,14,12,8,11,25,60,88,"54, BRANCOLAR (AV.) (A P",,,Plein jour,En agglomération,Hors intersection,Normale,Deux véhicules - côté,,,,,,,,,,,1,2,1,1.0,3
201400011496,0014-12-09 07:50:00,14,12,9,7,50,60,88,"0, ARBORAS (TRAV. DES)",,,Plein jour,En agglomération,Intersection en T,Normale,Deux véhicules - frontale,,,,,,,,,,,1,2,3,1.0,1
201400011497,0014-12-10 11:25:00,14,12,10,11,25,60,88,LYAUTEY (AV. DU MAL),,,Plein jour,En agglomération,Hors intersection,Normale,Deux véhicules - arrière,,,,,,,,,,,1,2,1,1.0,2
201400011498,0014-12-11 19:10:00,14,12,11,19,10,60,88,"6, AUNE (RUE FRANCOIS)",,,Nuit avec éclairage allumé,En agglomération,Hors intersection,Normale,Autre collision,,,,,,,,,,,5,2,1,1.0,6
201400011499,0014-12-12 13:00:00,14,12,12,13,0,60,88,"0, SLAMA (RUE MAURICE)",,,Plein jour,En agglomération,Hors intersection,Normale,Deux véhicules - côté,,,,,,,,,,,1,2,1,1.0,3
201400011500,0014-12-13 17:50:00,14,12,13,17,50,60,88,"0, BRES (RUE J.)",,,Nuit avec éclairage allumé,En agglomération,Hors intersection,Normale,Autre collision,,,,,,,,,,,5,2,1,1.0,6
201400011501,0014-12-13 18:40:00,14,12,13,18,40,60,88,"400, ANGLAIS PLAGE(  PAR",,,Nuit avec éclairage allumé,En agglomération,Hors intersection,Normale,Deux véhicules - côté,,,,,,,,,,,5,2,1,1.0,3
201400011502,0014-12-13 21:23:00,14,12,13,21,23,60,88,"290, FABRON (AV. DE) (A",,,Nuit avec éclairage allumé,En agglomération,Hors intersection,Normale,Autre collision,,,,,,,,,,,5,2,1,1.0,6
201400011503,0014-12-14 02:50:00,14,12,14,2,50,60,88,"0, ANGLAIS (DU N? 45 AU",,,Nuit avec éclairage allumé,En agglomération,Hors intersection,Pluie légère,Deux véhicules - côté,,,,,,,,,,,5,2,1,2.0,3
201400011504,0014-12-14 14:35:00,14,12,14,14,35,60,88,"5, ANGLAIS (A PARTIR DU",,,Plein jour,En agglomération,Hors intersection,Normale,Autre collision,,,,,,,,,,,1,2,1,1.0,6
201400011505,0014-12-15 08:00:00,14,12,15,8,0,60,88,"30, FLIREY (AV. DE)",,,Plein jour,En agglomération,Hors intersection,Normale,Autre collision,,,,,,,,,,,1,2,1,1.0,6
201400011506,0014-12-15 15:30:00,14,12,15,15,30,60,88,"50, GROSSO (JUSQU'AU N?",,,Plein jour,En agglomération,Hors intersection,Normale,Autre collision,,,,,,,,,,,1,2,1,1.0,6
201400011507,0014-12-16 08:45:00,14,12,16,8,45,60,159,"0, CORNE D OR (BOULEVARD",,,Plein jour,En agglomération,Intersection en T,Pluie légère,Deux véhicules - côté,,,,,,,,,,,1,2,3,2.0,3
201400011508,0014-12-17 14:20:00,14,12,17,14,20,60,88,"0, TASSIGNY (ESPLANADE L",,,Plein jour,En agglomération,Hors intersection,Normale,Autre collision,,,,,,,,,,,1,2,1,1.0,6
201400011509,0014-12-17 14:35:00,14,12,17,14,35,60,88,SAINT-PHILIPPE (PL.),,,Plein jour,En agglomération,Hors intersection,Normale,Deux véhicules - côté,,,,,,,,,,,1,2,1,1.0,3
201400011510,0014-12-17 19:05:00,14,12,17,19,5,60,88,VERANY (BD J.B.),,,Nuit avec éclairage allumé,En agglomération,Intersection en X,Normale,Deux véhicules - côté,,,,,,,,,,,5,2,2,1.0,3
201400011511,0014-12-18 02:20:00,14,12,18,2,20,60,88,"0, VERANY (BD J.B.)",,,Nuit avec éclairage allumé,En agglomération,Hors intersection,Normale,Deux véhicules - côté,,,,,,,,,,,5,2,1,1.0,3
201400011512,0014-12-18 03:40:00,14,12,18,3,40,60,88,"0, ANGLAIS (A PARTIR DU",,,Nuit avec éclairage allumé,En agglomération,Hors intersection,Normale,Autre collision,,,,,,,,,,,5,2,1,1.0,6
201400011513,0014-12-18 13:25:00,14,12,18,13,25,60,88,"7, BOSQUETS (AV. DES)",,,Plein jour,En agglomération,Hors intersection,Normale,Deux véhicules - côté,,,,,,,,,,,1,2,1,1.0,3
201400011514,0014-12-18 16:30:00,14,12,18,16,30,60,88,"0, HUGO (BD VICTOR)",,,Plein jour,En agglomération,Hors intersection,Normale,Deux véhicules - côté,,,,,,,,,,,1,2,1,1.0,3
201400011515,0014-12-18 16:50:00,14,12,18,16,50,60,88,"5, FALICON (BD COMTE DE)",,,Plein jour,En agglomération,Hors intersection,Normale,Autre collision,,,,,,,,,,,1,2,1,1.0,6
201400011516,0014-12-18 18:15:00,14,12,18,18,15,60,88,"10, GARNIER (BD JOSEPH)",,,Nuit avec éclairage allumé,En agglomération,Hors intersection,Normale,Trois véhicules et plus - en chaîne,,,,,,,,,,,5,2,1,1.0,4
201400011517,0014-12-19 11:50:00,14,12,19,11,50,60,88,"0, BOSQUETS (AV. DES)",,,Plein jour,En agglomération,Intersection en X,Normale,Deux véhicules - côté,,,,,,,,,,,1,2,2,1.0,3
201400011518,0014-12-19 13:25:00,14,12,19,13,25,60,88,"58, BRAILLE (BD LOUIS)",,,Plein jour,En agglomération,Hors intersection,Normale,Autre collision,,,,,,,,,,,1,2,1,1.0,6
201400011519,0014-12-23 03:00:00,14,12,23,3,0,60,88,"0, MASSENA (PLACE)",,,Nuit avec éclairage allumé,En agglomération,Hors intersection,Normale,Autre collision,,,,,,,,,,,5,2,1,1.0,6
201400011520,0014-12-23 12:25:00,14,12,23,12,25,60,88,"0, ROQUEBILLIERE (R. DE)",,,Plein jour,En agglomération,Hors intersection,Normale,Deux véhicules - arrière,,,,,,,,,,,1,2,1,1.0,2
201400011521,0014-12-24 11:00:00,14,12,24,11,0,60,88,"0, SOLA (BD PIERRE)",,,Plein jour,En agglomération,Hors intersection,Normale,Autre collision,,,,,,,,,,,1,2,1,1.0,6
201400011522,0014-12-24 11:00:00,14,12,24,11,0,60,88,"0, MASSENA (PLACE)",,,Plein jour,En agglomération,Hors intersection,Normale,Autre collision,,,,,,,,,,,1,2,1,1.0,6
201400011523,0014-12-24 14:30:00,14,12,24,14,30,60,88,"22, ANGLETERRE (RUE D')",,,Plein jour,En agglomération,Hors intersection,Normale,Autre collision,,,,,,,,,,,1,2,1,1.0,6
201400011524,0014-12-25 17:15:00,14,12,25,17,15,60,159,"19, PRINCESSE GRACE DE M",,,Crépuscule ou aube,En agglomération,Hors intersection,Normale,Deux véhicules - frontale,,,,,,,,,,,2,2,1,1.0,1
201400011525,0014-12-26 07:45:00,14,12,26,7,45,60,88,"13, GAMBETTA (JUSQU'AU N",,,Crépuscule ou aube,En agglomération,Hors intersection,Normale,Autre collision,,,,,,,,,,,2,2,1,1.0,6
201400011526,0014-12-26 11:00:00,14,12,26,11,0,60,88,"0, LATTRE DE TASSIGNY (E",,,Plein jour,En agglomération,Intersection en X,Normale,Autre collision,,,,,,,,,,,1,2,2,1.0,6
201400011527,0014-12-26 18:35:00,14,12,26,18,35,60,88,GRENOBLE (ROUTE DE),,,Nuit avec éclairage allumé,En agglomération,Hors intersection,Normale,Deux véhicules - arrière,,,,,,,,,,,5,2,1,1.0,2
201400011528,0014-12-28 14:05:00,14,12,28,14,5,60,88,BAREL (PLACE MAX),,,Plein jour,En agglomération,Place,Normale,Deux véhicules - côté,,,,,,,,,,,1,2,7,1.0,3
201400011529,0014-12-30 14:10:00,14,12,30,14,10,60,88,"57, ANGLAIS (DU N? 45 AU",,,Plein jour,En agglomération,Intersection en X,Normale,Deux véhicules - côté,,,,,,,,,,,1,2,2,1.0,3
201400011530,0014-12-30 15:20:00,14,12,30,15,20,60,88,"6, PHOCEENS (AV. DES)",,,Plein jour,En agglomération,Hors intersection,Normale,Deux véhicules - arrière,,,,,,,,,,,1,2,1,1.0,2
201400011531,0014-12-30 17:20:00,14,12,30,17,20,60,88,QUAI PAPACINO,,,Nuit avec éclairage allumé,En agglomération,Hors intersection,Normale,Deux véhicules - côté,,,,,,,,,,,5,2,1,1.0,3
201400011532,0014-12-31 11:15:00,14,12,31,11,15,60,88,"38, SAPPIA (AV. HENRI)",,,Plein jour,En agglomération,Hors intersection,Normale,Autre collision,,,,,,,,,,,1,2,1,1.0,6
201400011533,0014-12-31 11:35:00,14,12,31,11,35,60,88,"33, GEORGES V (AV.)",,,Plein jour,En agglomération,Hors intersection,Normale,Deux véhicules - côté,,,,,,,,,,,1,2,1,1.0,3
201400011534,0014-05-23 05:15:00,14,5,23,5,15,330,234,,,,Nuit sans éclairage public,Hors agglomération,Hors intersection,Normale,Deux véhicules - frontale,,,,,,,,,,,3,1,1,1.0,1
201400011535,0014-09-25 17:30:00,14,9,25,17,30,330,85,,,,Plein jour,Hors agglomération,Intersection en X,Normale,Deux véhicules - côté,,,,,,,,,,,1,1,2,1.0,3
201400011536,0014-01-12 15:30:00,14,1,12,15,30,580,214,,,,Plein jour,Hors agglomération,Hors intersection,Normale,Autre collision,,,,,,,,,,,1,1,1,1.0,6
201400011537,0014-01-17 19:00:00,14,1,17,19,0,580,303,,,,Crépuscule ou aube,Hors agglomération,Hors intersection,Normale,Deux véhicules - côté,,,,,,,,,,,2,1,1,1.0,3
201400011538,0014-04-06 15:45:00,14,4,6,15,45,580,303,,,,Plein jour,Hors agglomération,Hors intersection,Normale,Sans collision,,,,,,,,,,,1,1,1,1.0,7
201400011539,0014-11-02 06:15:00,14,11,2,6,15,580,212,,,,Crépuscule ou aube,Hors agglomération,Hors intersection,Normale,Sans collision,,,,,,,,,,,2,1,1,1.0,7
201400011540,0014-04-15 17:30:00,14,4,15,17,30,210,515,Bld de l'universit?,47.316,5.1,Plein jour,En agglomération,Hors intersection,Normale,Deux véhicules - côté,,,,,,,,,,,1,2,1,1.0,3
201400011541,0014-08-29 13:45:00,14,8,29,13,45,210,171,9 boulevard Jean Moulin,47.296,5.139,Plein jour,En agglomération,Hors intersection,Normale,Trois véhicules et plus - collisions multiples,,,,,,,,,,,1,2,1,1.0,5
201400011542,0014-11-04 17:30:00,14,11,4,17,30,210,515,rue des charri?res,47.318,5.099,Plein jour,En agglomération,Hors intersection,Pluie légère,Deux véhicules - côté,,,,,,,,,,,1,2,1,2.0,3
201400011543,0014-11-24 14:00:00,14,11,24,14,0,210,515,Boulevard Jean Jaurés,,,Plein jour,En agglomération,Hors intersection,Normale,Deux véhicules - frontale,,,,,,,,,,,1,2,1,1.0,1
201400011544,0014-11-27 07:30:00,14,11,27,7,30,210,171,avenue de la R?publique,47.302,5.135,Nuit avec éclairage allumé,En agglomération,Hors intersection,Pluie légère,Autre collision,,,,,,,,,,,5,2,1,2.0,6
201400011545,0014-12-22 13:15:00,14,12,22,13,15,150,145,,44.96,2.923,Plein jour,Hors agglomération,Hors intersection,Normale,Autre collision,,,,,,,,,,,1,1,1,1.0,6
201400011546,0014-01-20 06:15:00,14,1,20,6,15,130,40,CHEMIN DU ROUSSET,,,Nuit sans éclairage public,Hors agglomération,Hors intersection,Autre,Autre collision,,,,,,,,,,,3,1,1,9.0,6
201400011547,0014-02-09 01:00:00,14,2,9,1,0,130,40,,,,Nuit sans éclairage public,Hors agglomération,Hors intersection,Temps couvert,Autre collision,,,,,,,,,,,3,1,1,8.0,6
201400011548,0014-02-13 10:15:00,14,2,13,10,15,130,87,,,,Plein jour,Hors agglomération,Intersection en X,Normale,Deux véhicules - côté,,,,,,,,,,,1,1,2,1.0,3
201400011549,0014-02-16 09:15:00,14,2,16,9,15,130,40,,,,Plein jour,Hors agglomération,Hors intersection,Pluie légère,Deux véhicules - arrière,,,,,,,,,,,1,1,1,2.0,2
201400011550,0014-05-04 03:30:00,14,5,4,3,30,130,40,,,,Nuit sans éclairage public,Hors agglomération,Hors intersection,Normale,Autre collision,,,,,,,,,,,3,1,1,1.0,6
201400011551,0014-06-15 13:45:00,14,6,15,13,45,130,87,,,,Plein jour,Hors agglomération,Hors intersection,Normale,Autre collision,,,,,,,,,,,1,1,1,1.0,6
201400011552,0014-09-04 05:45:00,14,9,4,5,45,130,87,Campagne Man?ou,,,Nuit sans éclairage public,En agglomération,Hors intersection,Normale,Deux véhicules - frontale,,,,,,,,,,,3,2,1,1.0,1