accident_id,datetime,annee,mois,jour,heure,minute,departement,commune_insee,adresse,latitude,longitude,luminosite,agglomeration,intersection,meteo,collision,nb_vehicules,nb_usagers,nb_indemnes,nb_tues,nb_blesses_hosp,nb_blesses_legers,age_cond_1,age_cond_2,veh_type_cond_1,veh_type_cond_2,lum_code,agg_code,int_code,atm_code,col_code
201400011553,0014-09-07 02:45:00,14,9,7,2,45,130,40,,,,Nuit sans éclairage public,Hors agglomération,Hors intersection,Normale,Deux véhicules - frontale,,,,,,,,,,,3,1,1,1.0,1
201400011554,0014-09-20 08:15:00,14,9,20,8,15,130,87,,,,Plein jour,Hors agglomération,Hors intersection,Normale,Autre collision,,,,,,,,,,,1,1,1,1.0,6
201400011555,0014-10-03 19:30:00,14,10,3,19,30,130,40,,,,Nuit avec éclairage allumé,En agglomération,Hors intersection,Normale,Deux véhicules - arrière,,,,,,,,,,,5,2,1,1.0,2
201400011556,0014-10-19 17:30:00,14,10,19,17,30,130,40,,,,Plein jour,Hors agglomération,Hors intersection,Normale,Deux véhicules - frontale,,,,,,,,,,,1,1,1,1.0,1
201400011557,0014-01-01 09:45:00,14,1,1,9,45,470,195,,44.0933,0.36041,Plein jour,Hors agglomération,Hors intersection,Normale,Autre collision,,,,,,,,,,,1,1,1,1.0,6
201400011558,0014-01-08 08:00:00,14,1,8,8,0,470,174,,44.056,0.369,Crépuscule ou aube,Hors agglomération,Hors intersection,Normale,Autre collision,,,,,,,,,,,2,1,1,1.0,6
201400011559,0014-02-13 21:30:00,14,2,13,21,30,470,143,avenue g?n?ral de Gaulle,,,Nuit avec éclairage allumé,En agglomération,Hors intersection,Normale,Deux véhicules - frontale,,,,,,,,,,,5,2,1,1.0,1
201400011560,0014-03-09 12:00:00,14,3,9,12,0,470,195,,44.152,0.323,Plein jour,Hors agglomération,Hors intersection,Normale,Deux véhicules - arrière,,,,,,,,,,,1,1,1,1.0,2
201400011561,0014-06-04 15:30:00,14,6,4,15,30,470,172,,44.138,0.512,Plein jour,Hors agglomération,Intersection en X,Normale,Deux véhicules - côté,,,,,,,,,,,1,1,2,1.0,3
201400011562,0014-11-11 09:00:00,14,11,11,9,0,470,195,,44.134,0.358,Plein jour,Hors agglomération,Hors intersection,Normale,Autre collision,,,,,,,,,,,1,1,1,1.0,6
201400011563,0014-11-15 22:45:00,14,11,15,22,45,470,186,,44.211,0.452,Nuit sans éclairage public,Hors agglomération,Hors intersection,Pluie forte,Autre collision,,,,,,,,,,,3,1,1,3.0,6
201400011564,0014-12-27 09:45:00,14,12,27,9,45,470,176,,44.2039,0.29392,Plein jour,Hors agglomération,Intersection en X,Pluie légère,Deux véhicules - côté,,,,,,,,,,,1,1,2,2.0,3
201400011565,0014-12-21 10:10:00,14,12,21,10,10,70,229,"247, ROUTE DE MONTELIMAR",,,Plein jour,En agglomération,Hors intersection,Normale,Autre collision,,,,,,,,,,,1,2,1,1.0,6
201400011566,0014-12-22 06:40:00,14,12,22,6,40,70,116,RN 102,,,Nuit sans éclairage public,Hors agglomération,Hors intersection,Normale,Autre collision,,,,,,,,,,,3,1,1,1.0,6
201400011567,0014-01-22 05:00:00,14,1,22,5,0,70,19,"9, BELLANDE (AVENUE DE )",,,Nuit avec éclairage allumé,En agglomération,Hors intersection,Normale,Autre collision,,,,,,,,,,,5,2,1,1.0,6
201400011568,0014-02-15 13:00:00,14,2,15,13,0,70,19,"10, GEORGES COUDERC (RUE",,,Plein jour,En agglomération,Hors intersection,Pluie légère,Sans collision,,,,,,,,,,,1,2,1,2.0,7
201400011569,0014-03-15 16:10:00,14,3,15,16,10,70,19,RN 102,,,Plein jour,Hors agglomération,Hors intersection,Normale,Deux véhicules - frontale,,,,,,,,,,,1,1,1,1.0,1
201400011570,0014-03-19 14:35:00,14,3,19,14,35,70,19,"12, DOCTEUR PARGOIRE (RU",,,Plein jour,En agglomération,Intersection en T,Normale,Deux véhicules - côté,,,,,,,,,,,1,2,3,1.0,3
201400011571,0014-03-24 14:00:00,14,3,24,14,0,70,19,MONTELIMAR ( ROUTE DE ),,,Plein jour,En agglomération,Giratoire,Normale,Deux véhicules - côté,,,,,,,,,,,1,2,6,1.0,3
201400011572,0014-04-12 15:15:00,14,4,12,15,15,70,19,"20, DELATTRE DE TASSIGNY",,,Plein jour,En agglomération,Hors intersection,Normale,Deux véhicules - côté,,,,,,,,,,,1,2,1,1.0,3
201400011573,0014-05-12 13:00:00,14,5,12,13,0,70,19,"93, JEAN MATHON(BOULEVAR",,,Plein jour,En agglomération,Hors intersection,Normale,Autre collision,,,,,,,,,,,1,2,1,1.0,6
201400011574,0014-06-08 06:00:00,14,6,8,6,0,70,116,RN 102,,,Plein jour,Hors agglomération,Hors intersection,Normale,Deux véhicules - frontale,,,,,,,,,,,1,1,1,1.0,1
201400011575,0014-08-01 14:15:00,14,8,1,14,15,70,19,BOISVIGNAL (AVENUE),,,Plein jour,En agglomération,Hors intersection,Normale,Trois véhicules et plus - collisions multiples,,,,,,,,,,,1,2,1,1.0,5
201400011576,0014-08-25 05:15:00,14,8,25,5,15,70,19,"34, SAINT PIERRE(CHEMIN",,,Nuit sans éclairage public,En agglomération,Hors intersection,Normale,Autre collision,,,,,,,,,,,3,2,1,1.0,6
201400011577,0014-09-15 15:10:00,14,9,15,15,10,70,19,RN 102,,,Plein jour,Hors agglomération,Hors intersection,Normale,Autre collision,,,,,,,,,,,1,1,1,1.0,6
201400011578,0014-09-20 23:00:00,14,9,20,23,0,70,19,"4, CAMILLE LAPRADE (BOUL",,,Nuit avec éclairage allumé,En agglomération,Giratoire,Normale,Autre collision,,,,,,,,,,,5,2,6,1.0,6
201400011579,0014-02-05 18:30:00,14,2,5,18,30,70,102,REPUBLIQUE (AV. DE LA) [,,,Nuit avec éclairage allumé,En agglomération,Hors intersection,Pluie légère,Autre collision,,,,,,,,,,,5,2,1,2.0,6
201400011580,0014-02-17 08:20:00,14,2,17,8,20,70,102,Chemin des MULETS,,,Plein jour,En agglomération,Hors intersection,Normale,Deux véhicules - arrière,,,,,,,,,,,1,2,1,1.0,2
201400011581,0014-02-19 07:00:00,14,2,19,7,0,70,102,", MISTRAL (PONT FREDERIC",,,Crépuscule ou aube,En agglomération,Hors intersection,Normale,Deux véhicules - côté,,,,,,,,,,,2,2,1,1.0,3
201400011582,0014-03-08 15:59:00,14,3,8,15,59,70,102,"0, BRANDONS (RUE DES)",,,Plein jour,En agglomération,Intersection en X,Normale,Deux véhicules - côté,,,,,,,,,,,1,2,2,1.0,3
201400011583,0014-03-30 15:10:00,14,3,30,15,10,70,281,C.D. 533 (VERS LE PUY),,,Plein jour,Hors agglomération,Hors intersection,Normale,Autre collision,,,,,,,,,,,1,1,1,1.0,6
201400011584,0014-04-26 05:00:00,14,4,26,5,0,70,102,REPUBLIQUE (AV.DE LA) [D,,,Nuit avec éclairage allumé,En agglomération,Giratoire,Normale,Autre collision,,,,,,,,,,,5,2,6,1.0,6
201400011585,0014-05-08 17:20:00,14,5,8,17,20,70,281,C.D. 533 (VERS LE PUY),,,Plein jour,Hors agglomération,Hors intersection,Normale,Trois véhicules et plus - en chaîne,,,,,,,,,,,1,1,1,1.0,4
201400011586,0014-05-21 07:50:00,14,5,21,7,50,70,70,"100, COLONNEL ROUSSET (A",,,Plein jour,En agglomération,Intersection en T,Pluie légère,Deux véhicules - côté,,,,,,,,,,,1,2,3,2.0,3
201400011587,0014-05-28 13:25:00,14,5,28,13,25,70,281,GAULLE (AVENUE CHARLES D,,,Plein jour,En agglomération,Hors intersection,Normale,Autre collision,,,,,,,,,,,1,2,1,1.0,6
201400011588,0014-06-26 19:55:00,14,6,26,19,55,70,281,C.D.533,,,Plein jour,Hors agglomération,Hors intersection,Normale,Deux véhicules - frontale,,,,,,,,,,,1,1,1,1.0,1
201400011589,0014-06-27 09:05:00,14,6,27,9,5,70,281,C.D. 533 (VERS LE PUY),,,Plein jour,Hors agglomération,Hors intersection,Normale,Sans collision,,,,,,,,,,,1,1,1,1.0,7
201400011590,0014-07-20 10:47:00,14,7,20,10,47,70,102,"0, CRUSSOL (RUE DE)",,,Plein jour,En agglomération,Giratoire,Normale,Deux véhicules - côté,,,,,,,,,,,1,2,6,1.0,3
201400011591,0014-08-02 12:15:00,14,8,2,12,15,70,281,C.D. 533 (VERS LE PUY),,,Plein jour,Hors agglomération,Hors intersection,Normale,Autre collision,,,,,,,,,,,1,1,1,1.0,6
201400011592,0014-04-13 16:30:00,14,4,13,16,30,110,202,,,,Plein jour,Hors agglomération,Hors intersection,Normale,Deux véhicules - frontale,,,,,,,,,,,1,1,1,1.0,1
201400011593,0014-04-15 16:30:00,14,4,15,16,30,110,202,,,,Plein jour,Hors agglomération,Hors intersection,Normale,Deux véhicules - frontale,,,,,,,,,,,1,1,1,1.0,1
201400011594,0014-06-20 11:45:00,14,6,20,11,45,110,86,,42.9364,2.99134,Plein jour,Hors agglomération,Hors intersection,Normale,Deux véhicules - côté,,,,,,,,,,,1,1,1,1.0,3
201400011595,0014-08-08 07:15:00,14,8,8,7,15,110,202,Avenue du Languedoc,,,Plein jour,En agglomération,Hors intersection,Normale,Deux véhicules - frontale,,,,,,,,,,,1,2,1,1.0,1
201400011596,0014-11-23 18:45:00,14,11,23,18,45,110,202,,42.85568,3.03279,Nuit sans éclairage public,Hors agglomération,Hors intersection,Pluie légère,Deux véhicules - arrière,,,,,,,,,,,3,1,1,2.0,2
201400011597,0014-03-05 05:30:00,14,3,5,5,30,570,38,GN49.453 5.952,,,Crépuscule ou aube,Hors agglomération,Hors intersection,Normale,Deux véhicules - frontale,,,,,,,,,,,2,1,1,1.0,1
201400011598,0014-04-01 14:00:00,14,4,1,14,0,570,38,rue Salvador Allende,,,Plein jour,En agglomération,Hors intersection,Normale,Deux véhicules - côté,,,,,,,,,,,1,2,1,1.0,3
201400011599,0014-04-02 18:30:00,14,4,2,18,30,570,529,RUE DES ECOLES49.43 6.01,,,Plein jour,En agglomération,Hors intersection,Normale,Deux véhicules - côté,,,,,,,,,,,1,2,1,1.0,3
201400011600,0014-04-06 21:15:00,14,4,6,21,15,570,305,,,,Nuit sans éclairage public,Hors agglomération,Giratoire,Normale,Sans collision,,,,,,,,,,,3,1,6,1.0,7
201400011601,0014-05-03 20:15:00,14,5,3,20,15,570,41,Rond point RD906,49.42314,5.9346,Plein jour,En agglomération,Giratoire,Normale,Sans collision,,,,,,,,,,,1,2,6,1.0,7
201400011602,0014-05-05 15:15:00,14,5,5,15,15,570,38,GN 49.468 5.964,,,Plein jour,Hors agglomération,Hors intersection,Normale,Deux véhicules - frontale,,,,,,,,,,,1,1,1,1.0,1
201400011603,0014-06-21 00:15:00,14,6,21,0,15,570,38,RD 16 008+100,,,Nuit avec éclairage allumé,En agglomération,Hors intersection,Normale,Sans collision,,,,,,,,,,,5,2,1,1.0,7
201400011604,0014-06-27 20:15:00,14,6,27,20,15,570,498,RD57,,,Plein jour,En agglomération,Hors intersection,Normale,Deux véhicules - côté,,,,,,,,,,,1,2,1,1.0,3
201400011605,0014-10-03 11:30:00,14,10,3,11,30,570,41,,,,Plein jour,Hors agglomération,Hors intersection,Normale,Deux véhicules - côté,,,,,,,,,,,1,1,1,1.0,3
201400011606,0014-12-17 17:40:00,14,12,17,17,40,70,186,COTE DU BARON,,,Nuit avec éclairage allumé,En agglomération,Hors intersection,Pluie légère,Deux véhicules - côté,,,,,,,,,,,5,2,1,2.0,3
201400011607,0014-01-31 17:05:00,14,1,31,17,5,70,186,"300, PASTE (BLD. DE)",,,Plein jour,En agglomération,Hors intersection,Normale,Autre collision,,,,,,,,,,,1,2,1,1.0,6
201400011608,0014-02-17 01:35:00,14,2,17,1,35,70,186,"55, MINES (ROUTES DES) A",,,Nuit avec éclairage allumé,En agglomération,Hors intersection,Normale,Autre collision,,,,,,,,,,,5,2,1,1.0,6
201400011609,0014-05-15 12:10:00,14,5,15,12,10,70,186,"445, SEGUIN (AVENUE MARC",,,Plein jour,En agglomération,Hors intersection,Normale,Deux véhicules - arrière,,,,,,,,,,,1,2,1,1.0,2
201400011610,0014-05-23 15:40:00,14,5,23,15,40,70,186,"263, SEGUIN (AVENUE MARC",,,Plein jour,En agglomération,Intersection en T,Normale,Deux véhicules - côté,,,,,,,,,,,1,2,3,1.0,3
201400011611,0014-05-31 04:35:00,14,5,31,4,35,70,72,CHASSAGNE (BAS),,,Nuit sans éclairage public,Hors agglomération,Hors intersection,Normale,Autre collision,,,,,,,,,,,3,1,1,1.0,6
201400011612,0014-08-05 19:25:00,14,8,5,19,25,70,186,"1 TER, MINES (ROUTES DES",,,Plein jour,En agglomération,Hors intersection,Normale,Deux véhicules - arrière,,,,,,,,,,,1,2,1,1.0,2
201400011613,0014-08-24 15:25:00,14,8,24,15,25,70,72,CHASSAGNE (HAUT),,,Plein jour,Hors agglomération,Hors intersection,Normale,Sans collision,,,,,,,,,,,1,1,1,1.0,7
201400011614,0014-09-11 08:45:00,14,9,11,8,45,70,186,"07, CHOMERAC (AVENUE DE)",,,Plein jour,En agglomération,Hors intersection,Normale,Autre collision,,,,,,,,,,,1,2,1,1.0,6
201400011615,0014-10-03 08:20:00,14,10,3,8,20,70,8,GRANDE RUE,,,Plein jour,En agglomération,Hors intersection,Normale,Deux véhicules - côté,,,,,,,,,,,1,2,1,1.0,3
201400011616,0014-09-23 19:55:00,14,9,23,19,55,70,8,"339, Route de ROCHESSAUV",,,Crépuscule ou aube,En agglomération,Hors intersection,Normale,Autre collision,,,,,,,,,,,2,2,1,1.0,6
201400011617,0014-10-19 16:45:00,14,10,19,16,45,70,186,"1, ROMAINE (VOIE)",,,Plein jour,En agglomération,Hors intersection,Normale,Sans collision,,,,,,,,,,,1,2,1,1.0,7
201400011618,0014-10-31 16:45:00,14,10,31,16,45,70,186,"1, ROUTE DEPARTEMENTALE",,,Plein jour,En agglomération,Hors intersection,Normale,Deux véhicules - côté,,,,,,,,,,,1,2,1,1.0,3
201400011619,0014-11-06 16:55:00,14,11,6,16,55,70,186,"13, COUX (AVENUE DE)",,,Plein jour,En agglomération,Hors intersection,Normale,Deux véhicules - arrière,,,,,,,,,,,1,2,1,1.0,2
201400011620,0014-11-08 22:20:00,14,11,8,22,20,70,186,"39, AUBENAS (ROUTE D')",,,Nuit avec éclairage allumé,En agglomération,Hors intersection,Normale,Autre collision,,,,,,,,,,,5,2,1,1.0,6
201400011621,0014-11-11 07:10:00,14,11,11,7,10,70,186,"42, AUBENAS (ROUTE D')",,,Crépuscule ou aube,En agglomération,Hors intersection,Pluie légère,Autre collision,,,,,,,,,,,2,2,1,2.0,6
201400011622,0014-11-17 13:25:00,14,11,17,13,25,70,186,"1, RECLUSE (RUE DE LA)",,,Plein jour,En agglomération,Hors intersection,Normale,Autre collision,,,,,,,,,,,1,2,1,1.0,6
201400011623,0014-12-13 13:10:00,14,12,13,13,10,70,8,D2 ( ROUTE DEPARTEMENTAL,,,Plein jour,Hors agglomération,Hors intersection,Temps couvert,Deux véhicules - côté,,,,,,,,,,,1,1,1,8.0,3
201400011624,0014-01-17 13:15:00,14,1,17,13,15,340,259,Route de Lodeve,,,Plein jour,En agglomération,Hors intersection,Normale,Deux véhicules - côté,,,,,,,,,,,1,2,1,1.0,3
201400011625,0014-01-18 06:15:00,14,1,18,6,15,340,123,Route de Lodeve,,,Nuit avec éclairage allumé,En agglomération,Intersection en X,Normale,Deux véhicules - côté,,,,,,,,,,,5,2,2,1.0,3
201400011626,0014-03-05 19:15:00,14,3,5,19,15,340,134,cd 5,43.595,3.806,Nuit sans éclairage public,En agglomération,Hors intersection,Normale,Autre collision,,,,,,,,,,,3,2,1,1.0,6
201400011627,0014-08-03 19:00:00,14,8,3,19,0,340,202,,,,Plein jour,Hors agglomération,Hors intersection,Normale,Deux véhicules - côté,,,,,,,,,,,1,1,1,1.0,3
201400011628,0014-08-09 08:00:00,14,8,9,8,0,340,202,,,,Plein jour,Hors agglomération,Hors intersection,Normale,Autre collision,,,,,,,,,,,1,1,1,1.0,6
201400011629,0014-11-05 18:45:00,14,11,5,18,45,340,134,1 rue des serres,43.976,3.334,Nuit avec éclairage allumé,En agglomération,Hors intersection,Normale,Autre collision,,,,,,,,,,,5,2,1,1.0,6
201400011630,0014-06-24 11:15:00,14,6,24,11,15,110,397,,43.202,2.492,Plein jour,Hors agglomération,Autre intersection,Normale,Trois véhicules et plus - collisions multiples,,,,,,,,,,,1,1,9,1.0,5
201400011631,0014-07-12 13:15:00,14,7,12,13,15,110,397,route de BEZIERS,,,Plein jour,En agglomération,Hors intersection,Normale,Autre collision,,,,,,,,,,,1,2,1,1.0,6
201400011632,0014-10-16 15:30:00,14,10,16,15,30,110,397,1 rue de picardie,43.21,2.442,Plein jour,En agglomération,Hors intersection,Normale,Autre collision,,,,,,,,,,,1,2,1,1.0,6
201400011633,0014-11-13 13:45:00,14,11,13,13,45,110,337,,43.219,2.628,Plein jour,Hors agglomération,Hors intersection,Normale,Deux véhicules - frontale,,,,,,,,,,,1,1,1,1.0,1
201400011634,0014-06-01 07:30:00,14,6,1,7,30,230,257,,,,Crépuscule ou aube,Hors agglomération,Hors intersection,Normale,Autre collision,,,,,,,,,,,2,1,1,1.0,6
201400011635,0014-12-10 18:45:00,14,12,10,18,45,780,575,Place du 14 juillet,,,Nuit avec éclairage allumé,En agglomération,Giratoire,Normale,Autre collision,,,,,,,,,,,5,2,6,1.0,6
201400011636,0014-01-15 12:45:00,14,1,15,12,45,910,319,A10,48.641,2.145,Plein jour,Hors agglomération,Hors intersection,Pluie légère,Sans collision,,,,,,,,,,,1,1,1,2.0,7
201400011637,0014-02-12 06:30:00,14,2,12,6,30,780,9,,,,Nuit sans éclairage public,Hors agglomération,Hors intersection,Normale,Deux véhicules - arrière,,,,,,,,,,,3,1,1,1.0,2
201400011638,0014-02-27 17:30:00,14,2,27,17,30,280,92,,48.35405,1.87456,Plein jour,Hors agglomération,Hors intersection,Normale,Autre collision,,,,,,,,,,,1,1,1,1.0,6
201400011639,0014-04-02 11:15:00,14,4,2,11,15,280,26,,48.32164,1.86348,Plein jour,Hors agglomération,Hors intersection,Normale,Autre collision,,,,,,,,,,,1,1,1,1.0,6
201400011640,0014-05-23 11:00:00,14,5,23,11,0,280,363,,48.41943,1.89915,Plein jour,Hors agglomération,Hors intersection,Normale,Autre collision,,,,,,,,,,,1,1,1,1.0,6
201400011641,0014-05-30 23:00:00,14,5,30,23,0,280,26,,48.32792,1.86458,Nuit sans éclairage public,Hors agglomération,Hors intersection,Normale,Autre collision,,,,,,,,,,,3,1,1,1.0,6
201400011642,0014-06-22 16:30:00,14,6,22,16,30,280,363,,48.40085,1.89361,Plein jour,Hors agglomération,Hors intersection,Normale,Autre collision,,,,,,,,,,,1,1,1,1.0,6
201400011643,0014-07-10 08:00:00,14,7,10,8,0,780,3,,48.531,1.836,Plein jour,Hors agglomération,Hors intersection,Temps couvert,Autre collision,,,,,,,,,,,1,1,1,8.0,6
201400011644,0014-07-13 01:00:00,14,7,13,1,0,780,537,,,,Nuit avec éclairage allumé,Hors agglomération,Hors intersection,Normale,Deux véhicules - arrière,,,,,,,,,,,5,1,1,1.0,2
201400011645,0014-07-30 22:30:00,14,7,30,22,30,780,9,,48.468,1.913,Nuit sans éclairage public,Hors agglomération,Hors intersection,Normale,Deux véhicules - arrière,,,,,,,,,,,3,1,1,1.0,2
201400011646,0014-08-03 08:30:00,14,8,3,8,30,780,506,,,,Plein jour,Hors agglomération,Hors intersection,Normale,Autre collision,,,,,,,,,,,1,1,1,1.0,6
201400011647,0014-08-31 23:15:00,14,8,31,23,15,280,26,,48.32295,1.86352,Nuit sans éclairage public,Hors agglomération,Hors intersection,Normale,Autre collision,,,,,,,,,,,3,1,1,1.0,6
201400011648,0014-09-14 11:30:00,14,9,14,11,30,280,408,,48.37515,1.8868,Plein jour,Hors agglomération,Hors intersection,Normale,Sans collision,,,,,,,,,,,1,1,1,1.0,7
201400011649,0014-09-22 18:00:00,14,9,22,18,0,780,349,,48.575,1.993,Plein jour,Hors agglomération,Hors intersection,Normale,Trois véhicules et plus - collisions multiples,,,,,,,,,,,1,1,1,1.0,5
201400011650,0014-09-24 15:45:00,14,9,24,15,45,780,349,,48.57,1.979,Plein jour,Hors agglomération,Hors intersection,Normale,Sans collision,,,,,,,,,,,1,1,1,1.0,7
201400011651,0014-09-28 13:45:00,14,9,28,13,45,780,601,,,,Plein jour,Hors agglomération,Hors intersection,Normale,Autre collision,,,,,,,,,,,1,1,1,1.0,6
201400011652,0014-09-29 08:45:00,14,9,29,8,45,910,363,A10,,,Plein jour,Hors agglomération,Hors intersection,Pluie légère,Deux véhicules - arrière,,,,,,,,,,,1,1,1,2.0,2
201400011653,0014-10-11 07:45:00,14,10,11,7,45,780,3,,,,Crépuscule ou aube,Hors agglomération,Autre intersection,Pluie légère,Trois véhicules et plus - en chaîne,,,,,,,,,,,2,1,9,2.0,4
201400011654,0014-10-14 10:00:00,14,10,14,10,0,780,562,,,,Plein jour,Hors agglomération,Autre intersection,Normale,Sans collision,,,,,,,,,,,1,1,9,1.0,7
201400011655,0014-10-14 16:30:00,14,10,14,16,30,780,499,,,,Plein jour,Hors agglomération,Hors intersection,Normale,Deux véhicules - côté,,,,,,,,,,,1,1,1,1.0,3
201400011656,0014-10-14 12:00:00,14,10,14,12,0,780,537,,48.559,1.932,Plein jour,Hors agglomération,Hors intersection,Normale,Autre collision,,,,,,,,,,,1,1,1,1.0,6
201400011657,0014-10-26 17:00:00,14,10,26,17,0,910,200,A 10,48.562,1.939,Plein jour,Hors agglomération,Hors intersection,Normale,Deux véhicules - arrière,,,,,,,,,,,1,1,1,1.0,2
201400011658,0014-10-27 08:30:00,14,10,27,8,30,780,143,,,,Plein jour,Hors agglomération,Hors intersection,Brouillard / fumée,Deux véhicules - frontale,,,,,,,,,,,1,1,1,5.0,1
201400011659,0014-11-13 08:30:00,14,11,13,8,30,780,537,8 rue de Guhermont,,,Plein jour,En agglomération,Hors intersection,Normale,Sans collision,,,,,,,,,,,1,2,1,1.0,7
201400011660,0014-11-14 16:00:00,14,11,14,16,0,780,3,,48.535,1.833,Plein jour,Hors agglomération,Giratoire,Temps couvert,Sans collision,,,,,,,,,,,1,1,6,8.0,7
201400011661,0014-11-26 13:15:00,14,11,26,13,15,780,3,,,,Plein jour,Hors agglomération,Hors intersection,Pluie légère,Autre collision,,,,,,,,,,,1,1,1,2.0,6
201400011662,0014-11-26 19:30:00,14,11,26,19,30,780,356,Rue jean baudin,,,Nuit avec éclairage allumé,En agglomération,Hors intersection,Pluie légère,Deux véhicules - frontale,,,,,,,,,,,5,2,1,2.0,1
201400011663,0014-11-26 11:30:00,14,11,26,11,30,780,513,Les Croix,,,Plein jour,En agglomération,Hors intersection,Normale,Autre collision,,,,,,,,,,,1,2,1,1.0,6
201400011664,0014-12-01 11:45:00,14,12,1,11,45,780,499,,,,Plein jour,Hors agglomération,Hors intersection,Normale,Deux véhicules - arrière,,,,,,,,,,,1,1,1,1.0,2
201400011665,0014-12-07 18:45:00,14,12,7,18,45,780,497,,,,Nuit sans éclairage public,Hors agglomération,Hors intersection,Normale,Deux véhicules - frontale,,,,,,,,,,,3,1,1,1.0,1
201400011666,0014-12-13 13:00:00,14,12,13,13,0,780,128,,,,Plein jour,Hors agglomération,Hors intersection,Pluie forte,Autre collision,,,,,,,,,,,1,1,1,3.0,6
201400011667,0014-12-18 11:30:00,14,12,18,11,30,780,464,,,,Plein jour,Hors agglomération,Hors intersection,Normale,Deux véhicules - côté,,,,,,,,,,,1,1,1,1.0,3
201400011668,0014-12-19 12:45:00,14,12,19,12,45,780,356,,,,Plein jour,Hors agglomération,Hors intersection,Pluie légère,Deux véhicules - frontale,,,,,,,,,,,1,1,1,2.0,1
201400011669,0014-12-30 11:30:00,14,12,30,11,30,780,569,,48.536,1.952,Plein jour,Hors agglomération,Hors intersection,Normale,Deux véhicules - frontale,,,,,,,,,,,1,1,1,1.0,1
201400011670,0014-04-20 23:30:00,14,4,20,23,30,510,232,D980,,,Nuit sans éclairage public,Hors agglomération,Hors intersection,Normale,Autre collision,,,,,,,,,,,3,1,1,1.0,6
201400011671,0014-06-21 12:25:00,14,6,21,12,25,510,105,D64,,,Plein jour,Hors agglomération,Hors intersection,Normale,Deux véhicules - frontale,,,,,,,,,,,1,1,1,1.0,1
201400011672,0014-07-26 22:00:00,14,7,26,22,0,510,75,D274,,,Nuit sans éclairage public,Hors agglomération,Hors intersection,Normale,Autre collision,,,,,,,,,,,3,1,1,1.0,6
201400011673,0014-05-17 21:00:00,14,5,17,21,0,690,7,ROUTE DE LA TAQUIERE,45.492,4.805,Crépuscule ou aube,En agglomération,Hors intersection,Normale,Deux véhicules - côté,,,,,,,,,,,2,2,1,1.0,3
201400011674,0014-06-12 15:45:00,14,6,12,15,45,690,189,,,,Plein jour,Hors agglomération,Hors intersection,Normale,Deux véhicules - côté,,,,,,,,,,,1,1,1,1.0,3
201400011675,0014-06-29 07:45:00,14,6,29,7,45,690,80,,,,Plein jour,Hors agglomération,Hors intersection,Normale,Autre collision,,,,,,,,,,,1,1,1,1.0,6
201400011676,0014-07-18 21:00:00,14,7,18,21,0,690,7,,,,Crépuscule ou aube,Hors agglomération,Hors intersection,Normale,Deux véhicules - arrière,,,,,,,,,,,2,1,1,1.0,2
201400011677,0014-08-27 11:30:00,14,8,27,11,30,690,7,place de l'?glise,,,Plein jour,En agglomération,Place,Normale,Autre collision,,,,,,,,,,,1,2,7,1.0,6
201400011678,0014-08-28 17:45:00,14,8,28,17,45,690,64,Rue de l'Arbuel,45.472,4.768,Plein jour,En agglomération,Hors intersection,Normale,Sans collision,,,,,,,,,,,1,2,1,1.0,7
201400011679,0014-09-02 17:30:00,14,9,2,17,30,690,7,,,,Plein jour,Hors agglomération,Intersection en T,Normale,Deux véhicules - côté,,,,,,,,,,,1,1,3,1.0,3
201400011680,0014-10-26 18:00:00,14,10,26,18,0,690,7,,,,Plein jour,Hors agglomération,Hors intersection,Normale,Autre collision,,,,,,,,,,,1,1,1,1.0,6
201400011681,0014-01-17 11:15:00,14,1,17,11,15,370,50,avenue de la Branchoire,,,Plein jour,En agglomération,Hors intersection,Normale,Deux véhicules - côté,,,,,,,,,,,1,2,1,1.0,3
201400011682,0014-04-03 07:45:00,14,4,3,7,45,370,50,Carrefour RD910/RD943,,,Plein jour,En agglomération,Hors intersection,Pluie légère,Deux véhicules - côté,,,,,,,,,,,1,2,1,2.0,3
201400011683,0014-04-28 18:15:00,14,4,28,18,15,370,50,AVENUE DE LA REPUBLIQUE,,,Plein jour,En agglomération,Hors intersection,Normale,Deux véhicules - côté,,,,,,,,,,,1,2,1,1.0,3
201400011684,0014-07-10 16:15:00,14,7,10,16,15,370,50,AV ALEXANDRE MINKOWSKI,,,Plein jour,En agglomération,Hors intersection,Normale,Autre collision,,,,,,,,,,,1,2,1,1.0,6
201400011685,0014-08-27 11:00:00,14,8,27,11,0,370,99,ROND POINT DU PANIER,,,Plein jour,Hors agglomération,Giratoire,Temps couvert,Deux véhicules - côté,,,,,,,,,,,1,1,6,8.0,3
201400011686,0014-09-10 18:45:00,14,9,10,18,45,370,50,PARKING AUCHAN,,,Plein jour,En agglomération,Autre intersection,Normale,Autre collision,,,,,,,,,,,1,2,9,1.0,6
201400011687,0014-04-23 19:15:00,14,4,23,19,15,290,140,,48.37586,-4.30625,Plein jour,Hors agglomération,Hors intersection,Normale,Autre collision,,,,,,,,,,,1,1,1,1.0,6