accident_id,datetime,annee,mois,jour,heure,minute,departement,commune_insee,adresse,latitude,longitude,luminosite,agglomeration,intersection,meteo,collision,nb_vehicules,nb_usagers,nb_indemnes,nb_tues,nb_blesses_hosp,nb_blesses_legers,age_cond_1,age_cond_2,veh_type_cond_1,veh_type_cond_2,lum_code,agg_code,int_code,atm_code,col_code
201400011824,0014-12-24 19:15:00,14,12,24,19,15,270,701,,49.143,1.113,Nuit sans éclairage public,Hors agglomération,Hors intersection,Normale,Deux véhicules - arrière,,,,,,,,,,,3,1,1,1.0,2
201400011825,0014-12-27 22:30:00,14,12,27,22,30,270,188,,49.171,1.072,Nuit sans éclairage public,Hors agglomération,Hors intersection,Normale,Trois véhicules et plus - en chaîne,,,,,,,,,,,3,1,1,1.0,4
201400011826,0014-01-17 23:30:00,14,1,17,23,30,600,541,,,,Nuit sans éclairage public,Hors agglomération,Autre intersection,Normale,Deux véhicules - arrière,,,,,,,,,,,3,1,9,1.0,2
201400011827,0014-03-06 22:15:00,14,3,6,22,15,600,369,,,,Nuit sans éclairage public,Hors agglomération,Hors intersection,Normale,Trois véhicules et plus - en chaîne,,,,,,,,,,,3,1,1,1.0,4
201400011828,0014-03-17 20:00:00,14,3,17,20,0,600,125,,,,Nuit avec éclairage non allumé,Hors agglomération,Hors intersection,Normale,Sans collision,,,,,,,,,,,4,1,1,1.0,7
201400011829,0014-04-24 18:00:00,14,4,24,18,0,600,125,,,,Plein jour,Hors agglomération,Hors intersection,Normale,Deux véhicules - arrière,,,,,,,,,,,1,1,1,1.0,2
201400011830,0014-04-27 16:30:00,14,4,27,16,30,600,369,,,,Plein jour,Hors agglomération,Hors intersection,Normale,Autre collision,,,,,,,,,,,1,1,1,1.0,6
201400011831,0014-05-02 02:00:00,14,5,2,2,0,600,100,,,,Nuit sans éclairage public,Hors agglomération,Hors intersection,Normale,Deux véhicules - côté,,,,,,,,,,,3,1,1,1.0,3
201400011832,0014-05-16 05:30:00,14,5,16,5,30,600,100,,,,Crépuscule ou aube,Hors agglomération,Hors intersection,Normale,Autre collision,,,,,,,,,,,2,1,1,1.0,6
201400011833,0014-05-26 08:15:00,14,5,26,8,15,600,100,,,,Plein jour,Hors agglomération,Hors intersection,Pluie légère,Trois véhicules et plus - collisions multiples,,,,,,,,,,,1,1,1,2.0,5
201400011834,0014-06-22 08:49:00,14,6,22,8,49,600,19,,,,Plein jour,Hors agglomération,Hors intersection,Normale,Autre collision,,,,,,,,,,,1,1,1,1.0,6
201400011835,0014-08-12 06:30:00,14,8,12,6,30,600,100,,,,Crépuscule ou aube,Hors agglomération,Hors intersection,Normale,Autre collision,,,,,,,,,,,2,1,1,1.0,6
201400011836,0014-10-19 02:45:00,14,10,19,2,45,600,558,,,,Nuit sans éclairage public,Hors agglomération,Hors intersection,Normale,Trois véhicules et plus - collisions multiples,,,,,,,,,,,3,1,1,1.0,5
201400011837,0014-11-29 16:00:00,14,11,29,16,0,600,341,3 RUE DU TOURNESOL,,,Plein jour,En agglomération,Hors intersection,Normale,Deux véhicules - frontale,,,,,,,,,,,1,2,1,1.0,1
201400011838,0014-11-29 15:45:00,14,11,29,15,45,600,533,,,,Plein jour,Hors agglomération,Hors intersection,Normale,Autre collision,,,,,,,,,,,1,1,1,1.0,6
201400011839,0014-11-30 07:30:00,14,11,30,7,30,600,100,,,,Crépuscule ou aube,Hors agglomération,Hors intersection,Brouillard / fumée,Trois véhicules et plus - collisions multiples,,,,,,,,,,,2,1,1,5.0,5
201400011840,0014-12-22 11:00:00,14,12,22,11,0,600,160,,,,Plein jour,Hors agglomération,Hors intersection,Normale,Sans collision,,,,,,,,,,,1,1,1,1.0,7
201400011841,0014-03-14 01:30:00,14,3,14,1,30,210,589,,47.473,4.956,Nuit sans éclairage public,Hors agglomération,Hors intersection,Normale,Autre collision,,,,,,,,,,,3,1,1,1.0,6
201400011842,0014-04-06 10:30:00,14,4,6,10,30,210,479,,47.509,4.74,Plein jour,Hors agglomération,Hors intersection,Normale,Deux véhicules - côté,,,,,,,,,,,1,1,1,1.0,3
201400011843,0014-05-25 21:15:00,14,5,25,21,15,210,573,,47.447,4.794,Nuit sans éclairage public,Hors agglomération,Hors intersection,Normale,Sans collision,,,,,,,,,,,3,1,1,1.0,7
201400011844,0014-08-30 13:45:00,14,8,30,13,45,210,27,,47.385,5.053,Plein jour,Hors agglomération,Hors intersection,Normale,Deux véhicules - arrière,,,,,,,,,,,1,1,1,1.0,2
201400011845,0014-09-28 16:00:00,14,9,28,16,0,210,651,,,,Plein jour,Hors agglomération,Hors intersection,Normale,Sans collision,,,,,,,,,,,1,1,1,1.0,7
201400011846,0014-11-07 18:15:00,14,11,7,18,15,210,3,,47.376,5.038,Nuit sans éclairage public,Hors agglomération,Intersection en X,Normale,Deux véhicules - côté,,,,,,,,,,,3,1,2,1.0,3
201400011847,0014-01-29 07:15:00,14,1,29,7,15,690,19,,,,Nuit sans éclairage public,Hors agglomération,Hors intersection,Pluie légère,Deux véhicules - arrière,,,,,,,,,,,3,1,1,2.0,2
201400011848,0014-05-21 18:00:00,14,5,21,18,0,690,264,,,,Plein jour,Hors agglomération,Hors intersection,Normale,Autre collision,,,,,,,,,,,1,1,1,1.0,6
201400011849,0014-06-01 13:00:00,14,6,1,13,0,690,77,,,,Plein jour,Hors agglomération,Hors intersection,Normale,Deux véhicules - arrière,,,,,,,,,,,1,1,1,1.0,2
201400011850,0014-06-14 06:00:00,14,6,14,6,0,690,13,,,,Plein jour,Hors agglomération,Hors intersection,Normale,Deux véhicules - côté,,,,,,,,,,,1,1,1,1.0,3
201400011851,0014-06-18 10:30:00,14,6,18,10,30,690,115,,,,Plein jour,Hors agglomération,Hors intersection,Normale,Sans collision,,,,,,,,,,,1,1,1,1.0,7
201400011852,0014-06-20 20:15:00,14,6,20,20,15,690,206,,,,Plein jour,Hors agglomération,Hors intersection,Normale,Autre collision,,,,,,,,,,,1,1,1,1.0,6
201400011853,0014-06-23 16:00:00,14,6,23,16,0,690,206,,,,Plein jour,Hors agglomération,Hors intersection,Normale,Deux véhicules - arrière,,,,,,,,,,,1,1,1,1.0,2
201400011854,0014-11-08 17:15:00,14,11,8,17,15,690,115,,,,Crépuscule ou aube,Hors agglomération,Hors intersection,Normale,Autre collision,,,,,,,,,,,2,1,1,1.0,6
201400011855,0014-03-05 05:00:00,14,3,5,5,0,590,623,,,,Nuit sans éclairage public,Hors agglomération,Hors intersection,Normale,Sans collision,,,,,,,,,,,3,1,1,1.0,7
201400011856,0014-05-18 19:45:00,14,5,18,19,45,620,731,,,,Plein jour,Hors agglomération,Hors intersection,Normale,Autre collision,,,,,,,,,,,1,1,1,1.0,6
201400011857,0014-08-04 05:45:00,14,8,4,5,45,590,488,,,,Crépuscule ou aube,Hors agglomération,Hors intersection,Normale,Autre collision,,,,,,,,,,,2,1,1,1.0,6
201400011858,0014-09-06 05:30:00,14,9,6,5,30,590,125,,,,Nuit sans éclairage public,Hors agglomération,Hors intersection,Normale,Trois véhicules et plus - collisions multiples,,,,,,,,,,,3,1,1,1.0,5
201400011859,0014-01-10 20:15:00,14,1,10,20,15,380,377,,,,Nuit sans éclairage public,Hors agglomération,Hors intersection,Normale,Deux véhicules - arrière,,,,,,,,,,,3,1,1,1.0,2
201400011860,0014-01-30 22:00:00,14,1,30,22,0,380,449,,,,Nuit sans éclairage public,Hors agglomération,Hors intersection,Pluie légère,Autre collision,,,,,,,,,,,3,1,1,2.0,6
201400011861,0014-04-16 03:30:00,14,4,16,3,30,380,381,,,,Nuit sans éclairage public,Hors agglomération,Hors intersection,Normale,Deux véhicules - côté,,,,,,,,,,,3,1,1,1.0,3
201400011862,0014-04-19 04:45:00,14,4,19,4,45,380,348,,,,Nuit sans éclairage public,Hors agglomération,Hors intersection,Normale,Trois véhicules et plus - collisions multiples,,,,,,,,,,,3,1,1,1.0,5
201400011863,0014-06-23 14:45:00,14,6,23,14,45,380,64,,45.932,5.661,Plein jour,Hors agglomération,Hors intersection,Normale,Deux véhicules - arrière,,,,,,,,,,,1,1,1,1.0,2
201400011864,0014-07-17 18:15:00,14,7,17,18,15,380,381,,,,Plein jour,Hors agglomération,Hors intersection,Normale,Deux véhicules - frontale,,,,,,,,,,,1,1,1,1.0,1
201400011865,0014-08-02 00:15:00,14,8,2,0,15,380,530,,,,Nuit sans éclairage public,Hors agglomération,Hors intersection,Pluie forte,Autre collision,,,,,,,,,,,3,1,1,3.0,6
201400011866,0014-08-15 15:30:00,14,8,15,15,30,380,449,,,,Plein jour,Hors agglomération,Hors intersection,Temps couvert,Deux véhicules - côté,,,,,,,,,,,1,1,1,8.0,3
201400011867,0014-10-30 18:15:00,14,10,30,18,15,380,481,,,,Nuit sans éclairage public,Hors agglomération,Hors intersection,Normale,Deux véhicules - arrière,,,,,,,,,,,3,1,1,1.0,2
201400011868,0014-11-01 16:15:00,14,11,1,16,15,380,530,,,,Plein jour,Hors agglomération,Hors intersection,Normale,Autre collision,,,,,,,,,,,1,1,1,1.0,6
201400011869,0014-11-02 20:15:00,14,11,2,20,15,380,343,,,,Nuit sans éclairage public,Hors agglomération,Hors intersection,Normale,Deux véhicules - côté,,,,,,,,,,,3,1,1,1.0,3
201400011870,0014-01-10 03:00:00,14,1,10,3,0,680,278,rue de Mulhouse,47.75433,7.39088,Nuit avec éclairage allumé,En agglomération,Hors intersection,Pluie légère,Autre collision,,,,,,,,,,,5,2,1,2.0,6
201400011871,0014-01-24 11:30:00,14,1,24,11,30,680,118,,47.71553,7.44691,Plein jour,Hors agglomération,Hors intersection,Normale,Deux véhicules - arrière,,,,,,,,,,,1,1,1,1.0,2
201400011872,0014-02-11 08:45:00,14,2,11,8,45,680,278,,47.74978,7.40791,Plein jour,En agglomération,Intersection en X,Normale,Autre collision,,,,,,,,,,,1,2,2,1.0,6
201400011873,0014-05-19 17:40:00,14,5,19,17,40,680,278,ALBERT SCWHEITZER 40,47.75337,7.38435,Plein jour,En agglomération,Hors intersection,Normale,Deux véhicules - arrière,,,,,,,,,,,1,2,1,1.0,2
201400011874,0014-05-26 19:00:00,14,5,26,19,0,680,278,rue saint jean,47.74806,7.39835,Plein jour,En agglomération,Intersection en T,Normale,Deux véhicules - côté,,,,,,,,,,,1,2,3,1.0,3
201400011875,0014-05-27 07:55:00,14,5,27,7,55,680,118,,47.72832,7.42635,Plein jour,En agglomération,Intersection en X,Normale,Deux véhicules - côté,,,,,,,,,,,1,2,2,1.0,3
201400011876,0014-08-19 18:00:00,14,8,19,18,0,680,278,8 rue de bellevue,47.74707,7.38985,Plein jour,En agglomération,Hors intersection,Normale,Autre collision,,,,,,,,,,,1,2,1,1.0,6
201400011877,0014-10-17 15:30:00,14,10,17,15,30,680,278,42 rue Ile napoleon,47.75535,7.40302,Plein jour,En agglomération,Hors intersection,Normale,Deux véhicules - côté,,,,,,,,,,,1,2,1,1.0,3
201400011878,0014-11-28 18:45:00,14,11,28,18,45,680,278,HABSHEIM (RUE DE) 16,47.74833,7.40917,Nuit avec éclairage allumé,En agglomération,Hors intersection,Normale,Deux véhicules - côté,,,,,,,,,,,5,2,1,1.0,3
201400011879,0014-01-18 13:45:00,14,1,18,13,45,530,108,,48.07393,-1.01844,Plein jour,Hors agglomération,Intersection en T,Normale,Deux véhicules - côté,,,,,,,,,,,1,1,3,1.0,3
201400011880,0014-05-06 15:30:00,14,5,6,15,30,530,39,,48.15706,-1.00535,Plein jour,Hors agglomération,Hors intersection,Pluie légère,Autre collision,,,,,,,,,,,1,1,1,2.0,6
201400011881,0014-07-04 14:45:00,14,7,4,14,45,530,182,,48.11521,-0.96009,Plein jour,Hors agglomération,Hors intersection,Normale,Sans collision,,,,,,,,,,,1,1,1,1.0,7
201400011882,0014-08-19 17:00:00,14,8,19,17,0,530,243,,48.14275,-0.89881,Plein jour,Hors agglomération,Hors intersection,Normale,Deux véhicules - côté,,,,,,,,,,,1,1,1,1.0,3
201400011883,0014-09-08 13:30:00,14,9,8,13,30,530,137,,48.07042,-0.93134,Plein jour,Hors agglomération,Hors intersection,Normale,Deux véhicules - arrière,,,,,,,,,,,1,1,1,1.0,2
201400011884,0014-09-17 22:30:00,14,9,17,22,30,530,226,la chevallerie,48.24116,-0.95774,Nuit sans éclairage public,Hors agglomération,Hors intersection,Normale,Sans collision,,,,,,,,,,,3,1,1,1.0,7
201400011885,0014-10-08 00:30:00,14,10,8,0,30,530,137,,48.07451,-0.939,Nuit sans éclairage public,Hors agglomération,Hors intersection,Normale,Deux véhicules - frontale,,,,,,,,,,,3,1,1,1.0,1
201400011886,0014-12-20 18:00:00,14,12,20,18,0,530,229,rue de la mairie,48.1334,-0.75344,Nuit sans éclairage public,En agglomération,Hors intersection,Normale,Autre collision,,,,,,,,,,,3,2,1,1.0,6
201400011887,0014-01-04 20:00:00,14,1,4,20,0,950,250,GRANDE RUE,49.0959,2.4822,Nuit avec éclairage allumé,En agglomération,Hors intersection,Pluie légère,Deux véhicules - côté,,,,,,,,,,,5,2,1,2.0,3
201400011888,0014-01-23 05:30:00,14,1,23,5,30,950,604,RD 317,49.1076,2.5319,Nuit sans éclairage public,Hors agglomération,Hors intersection,Pluie forte,Deux véhicules - côté,,,,,,,,,,,3,1,1,3.0,3
201400011889,0014-02-18 11:30:00,14,2,18,11,30,950,250,SQUARE DE PROVENCE,49.0967,2.5016,Plein jour,En agglomération,Hors intersection,Normale,Autre collision,,,,,,,,,,,1,2,1,1.0,6
201400011890,0014-03-05 17:00:00,14,3,5,17,0,950,604,RD 317,49.0995,2.5315,Plein jour,Hors agglomération,Giratoire,Normale,Sans collision,,,,,,,,,,,1,1,6,1.0,7
201400011891,0014-03-05 20:15:00,14,3,5,20,15,950,580,RD 16,49.0878,2.5405,Nuit sans éclairage public,Hors agglomération,Hors intersection,Normale,Sans collision,,,,,,,,,,,3,1,1,1.0,7
201400011892,0014-03-11 19:45:00,14,3,11,19,45,950,250,AV DE LA HAUTE GREVE,49.0968,2.5035,Nuit avec éclairage allumé,En agglomération,Hors intersection,Normale,Deux véhicules - arrière,,,,,,,,,,,5,2,1,1.0,2
201400011893,0014-11-20 10:00:00,14,11,20,10,0,950,250,AV HENRI BARBUSSE,49.0955,2.5119,Plein jour,En agglomération,Hors intersection,Normale,Autre collision,,,,,,,,,,,1,2,1,1.0,6
201400011894,0014-12-04 15:00:00,14,12,4,15,0,950,250,AV HENRI BARBUSSE,49.0983,2.5206,Crépuscule ou aube,En agglomération,Hors intersection,Temps couvert,Autre collision,,,,,,,,,,,2,2,1,8.0,6
201400011895,0014-12-02 10:15:00,14,12,2,10,15,510,571,D931/D34,,,Plein jour,Hors agglomération,Intersection en X,Temps couvert,Deux véhicules - arrière,,,,,,,,,,,1,1,2,8.0,2
201400011896,0014-06-14 19:00:00,14,6,14,19,0,760,377,,49.5034,1.17602,Plein jour,Hors agglomération,Hors intersection,Normale,Sans collision,,,,,,,,,,,1,1,1,1.0,7
201400011897,0014-10-26 23:45:00,14,10,26,23,45,760,517,,49.50472,1.17769,Nuit sans éclairage public,Hors agglomération,Hors intersection,Normale,Autre collision,,,,,,,,,,,3,1,1,1.0,6
201400011898,0014-12-23 15:30:00,14,12,23,15,30,170,434,,46.11802,-0.76117,Plein jour,Hors agglomération,Hors intersection,Brouillard / fumée,Autre collision,,,,,,,,,,,1,1,1,5.0,6
201400011899,0014-01-12 04:15:00,14,1,12,4,15,170,299,,45.96252,-0.96103,Nuit sans éclairage public,Hors agglomération,Hors intersection,Normale,Sans collision,,,,,,,,,,,3,1,1,1.0,7
201400011900,0014-05-05 21:15:00,14,5,5,21,15,170,388,,45.53127,-0.60862,Nuit sans éclairage public,Hors agglomération,Hors intersection,Normale,Autre collision,,,,,,,,,,,3,1,1,1.0,6
201400011901,0014-08-26 01:30:00,14,8,26,1,30,170,181,,45.88533,-0.61633,Nuit sans éclairage public,Hors agglomération,Hors intersection,Pluie forte,Autre collision,,,,,,,,,,,3,1,1,3.0,6
201400011902,0014-09-05 09:45:00,14,9,5,9,45,170,299,,45.96213,-0.95877,Plein jour,Hors agglomération,Hors intersection,Normale,Trois véhicules et plus - en chaîne,,,,,,,,,,,1,1,1,1.0,4
201400011903,0014-09-18 07:15:00,14,9,18,7,15,170,45,,45.84882,-0.82096,Crépuscule ou aube,Hors agglomération,Hors intersection,Temps couvert,Autre collision,,,,,,,,,,,2,1,1,8.0,6
201400011904,0014-09-18 15:00:00,14,9,18,15,0,170,181,,45.87904,-0.62158,Plein jour,Hors agglomération,Hors intersection,Normale,Deux véhicules - côté,,,,,,,,,,,1,1,1,1.0,3
201400011905,0014-10-05 10:00:00,14,10,5,10,0,170,227,,45.56724,-0.60119,Plein jour,Hors agglomération,Hors intersection,Normale,Deux véhicules - arrière,,,,,,,,,,,1,1,1,1.0,2
201400011906,0014-11-12 16:15:00,14,11,12,16,15,170,179,,45.69399,-0.61785,Plein jour,Hors agglomération,Hors intersection,Normale,Deux véhicules - frontale,,,,,,,,,,,1,1,1,1.0,1
201400011907,0014-11-16 12:15:00,14,11,16,12,15,170,444,,45.68167,-0.64401,Plein jour,Hors agglomération,Autre intersection,Pluie forte,Trois véhicules et plus - en chaîne,,,,,,,,,,,1,1,9,3.0,4
201400011908,0014-11-19 05:30:00,14,11,19,5,30,170,157,,45.9005,-0.59238,Nuit sans éclairage public,Hors agglomération,Hors intersection,Temps couvert,Deux véhicules - arrière,,,,,,,,,,,3,1,1,8.0,2
201400011909,0014-11-20 09:00:00,14,11,20,9,0,170,131,,45.58518,-0.84759,Plein jour,Hors agglomération,Intersection en X,Temps éblouissant,Deux véhicules - côté,,,,,,,,,,,1,1,2,7.0,3
201400011910,0014-12-04 16:30:00,14,12,4,16,30,170,336,,45.77195,-0.6894,Plein jour,Hors agglomération,Hors intersection,Temps couvert,Deux véhicules - arrière,,,,,,,,,,,1,1,1,8.0,2
201400011911,0014-12-15 19:00:00,14,12,15,19,0,170,387,,45.81517,-0.77287,Nuit sans éclairage public,Hors agglomération,Hors intersection,Pluie forte,Deux véhicules - arrière,,,,,,,,,,,3,1,1,3.0,2
201400011912,0014-05-05 07:30:00,14,5,5,7,30,250,262,grande rue,,,Plein jour,En agglomération,Hors intersection,Normale,Sans collision,,,,,,,,,,,1,2,1,1.0,7
201400011913,0014-10-30 13:30:00,14,10,30,13,30,250,578,GRANDE RUE,47.14727,6.34577,Plein jour,En agglomération,Hors intersection,Normale,Autre collision,,,,,,,,,,,1,2,1,1.0,6
201400011914,0014-01-17 10:45:00,14,1,17,10,45,310,22,"32, route de Fronton",,,Plein jour,En agglomération,Hors intersection,Brouillard / fumée,Deux véhicules - frontale,,,,,,,,,,,1,2,1,5.0,1
201400011915,0014-02-02 14:15:00,14,2,2,14,15,310,484,ROUTE DU CHATEAU D'EAU,43.68751,1.49601,Plein jour,En agglomération,Hors intersection,Temps couvert,Deux véhicules - frontale,,,,,,,,,,,1,2,1,8.0,1
201400011916,0014-02-17 19:00:00,14,2,17,19,0,310,186,102 route de Fronton,43.67634,1.42414,Nuit avec éclairage allumé,En agglomération,Hors intersection,Normale,Deux véhicules - côté,,,,,,,,,,,5,2,1,1.0,3
201400011917,0014-06-29 08:30:00,14,6,29,8,30,310,410,,43.6993,1.4547,Plein jour,Hors agglomération,Hors intersection,Normale,Deux véhicules - frontale,,,,,,,,,,,1,1,1,1.0,1
201400011918,0014-08-02 17:45:00,14,8,2,17,45,310,116,Chemin des Barrières,43.69579,1.43357,Plein jour,En agglomération,Hors intersection,Normale,Sans collision,,,,,,,,,,,1,2,1,1.0,7
201400011919,0014-10-24 11:00:00,14,10,24,11,0,310,22,,,,Nuit avec éclairage allumé,Hors agglomération,Hors intersection,Normale,Sans collision,,,,,,,,,,,5,1,1,1.0,7
201400011920,0014-12-10 20:00:00,14,12,10,20,0,310,22,31 avenue de Fronton,43.66146,1.43145,Nuit avec éclairage allumé,En agglomération,Giratoire,Pluie légère,Autre collision,,,,,,,,,,,5,2,6,2.0,6
201400011921,0014-11-06 13:00:00,14,11,6,13,0,390,567,,,,Plein jour,Hors agglomération,Hors intersection,Normale,Trois véhicules et plus - collisions multiples,,,,,,,,,,,1,1,1,1.0,5
201400011922,0014-02-22 07:00:00,14,2,22,7,0,830,116,,,,Crépuscule ou aube,Hors agglomération,Hors intersection,Normale,Trois véhicules et plus - collisions multiples,,,,,,,,,,,2,1,1,1.0,5
201400011923,0014-03-02 14:45:00,14,3,2,14,45,830,23,,,,Plein jour,Hors agglomération,Hors intersection,Normale,Deux véhicules - arrière,,,,,,,,,,,1,1,1,1.0,2
201400011924,0014-03-03 08:45:00,14,3,3,8,45,830,116,,,,Plein jour,Hors agglomération,Hors intersection,Pluie forte,Autre collision,,,,,,,,,,,1,1,1,3.0,6
201400011925,0014-05-16 21:45:00,14,5,16,21,45,130,110,,,,Nuit avec éclairage non allumé,Hors agglomération,Hors intersection,Normale,Deux véhicules - arrière,,,,,,,,,,,4,1,1,1.0,2
201400011926,0014-05-23 07:00:00,14,5,23,7,0,830,116,,,,Plein jour,Hors agglomération,Hors intersection,Normale,Deux véhicules - arrière,,,,,,,,,,,1,1,1,1.0,2
201400011927,0014-09-09 16:00:00,14,9,9,16,0,830,23,,,,Plein jour,Hors agglomération,Hors intersection,Normale,Deux véhicules - côté,,,,,,,,,,,1,1,1,1.0,3
201400011928,0014-09-14 17:30:00,14,9,14,17,30,830,116,,,,Plein jour,Hors agglomération,Hors intersection,Normale,Deux véhicules - arrière,,,,,,,,,,,1,1,1,1.0,2
201400011929,0014-11-10 14:15:00,14,11,10,14,15,830,23,,,,Plein jour,Hors agglomération,Hors intersection,Pluie légère,Deux véhicules - côté,,,,,,,,,,,1,1,1,2.0,3
201400011930,0014-11-14 13:15:00,14,11,14,13,15,130,87,,,,Plein jour,Hors agglomération,Hors intersection,Pluie forte,Deux véhicules - arrière,,,,,,,,,,,1,1,1,3.0,2
201400011931,0014-12-24 06:15:00,14,12,24,6,15,830,23,,,,Nuit sans éclairage public,Hors agglomération,Hors intersection,Normale,Autre collision,,,,,,,,,,,3,1,1,1.0,6
201400011932,0014-03-05 07:45:00,14,3,5,7,45,740,256,,,,Plein jour,Hors agglomération,Hors intersection,Normale,Autre collision,,,,,,,,,,,1,1,1,1.0,6
201400011933,0014-06-04 05:45:00,14,6,4,5,45,740,197,,,,Crépuscule ou aube,Hors agglomération,Autre intersection,Normale,Deux véhicules - arrière,,,,,,,,,,,2,1,9,1.0,2
201400011934,0014-09-16 07:00:00,14,9,16,7,0,740,118,,,,Crépuscule ou aube,Hors agglomération,Hors intersection,Normale,Sans collision,,,,,,,,,,,2,1,1,1.0,7
201400011935,0014-01-01 04:00:00,14,1,1,4,0,340,340,,43.193,4.226,Nuit sans éclairage public,Hors agglomération,Giratoire,Pluie légère,Autre collision,,,,,,,,,,,3,1,6,2.0,6
201400011936,0014-01-07 19:15:00,14,1,7,19,15,300,123,,43.72711,4.18283,Nuit sans éclairage public,Hors agglomération,Hors intersection,Normale,Autre collision,,,,,,,,,,,3,1,1,1.0,6
201400011937,0014-02-08 20:00:00,14,2,8,20,0,300,333,,43.76465,4.26691,Nuit sans éclairage public,Hors agglomération,Hors intersection,Normale,Autre collision,,,,,,,,,,,3,1,1,1.0,6
201400011938,0014-02-17 08:00:00,14,2,17,8,0,300,333,,43.75599,4.25996,Plein jour,Hors agglomération,Hors intersection,Normale,Deux véhicules - côté,,,,,,,,,,,1,1,1,1.0,3
201400011939,0014-02-22 12:30:00,14,2,22,12,30,340,22,,43.65303,3.99043,Plein jour,Hors agglomération,Hors intersection,Normale,Deux véhicules - arrière,,,,,,,,,,,1,1,1,1.0,2
201400011940,0014-02-24 03:00:00,14,2,24,3,0,340,240,,,,Nuit sans éclairage public,Hors agglomération,Hors intersection,Normale,Trois véhicules et plus - collisions multiples,,,,,,,,,,,3,1,1,1.0,5
201400011941,0014-02-25 04:15:00,14,2,25,4,15,300,347,,43.74825,4.24349,Nuit sans éclairage public,Hors agglomération,Hors intersection,Normale,Deux véhicules - arrière,,,,,,,,,,,3,1,1,1.0,2
201400011942,0014-02-28 19:15:00,14,2,28,19,15,300,145,,43.90203,4.53327,Nuit sans éclairage public,Hors agglomération,Hors intersection,Normale,Deux véhicules - côté,,,,,,,,,,,3,1,1,1.0,3
201400011943,0014-06-15 11:45:00,14,6,15,11,45,300,347,,43.74855,4.24706,Plein jour,Hors agglomération,Hors intersection,Normale,Trois véhicules et plus - collisions multiples,,,,,,,,,,,1,1,1,1.0,5
201400011944,0014-06-18 13:45:00,14,6,18,13,45,340,240,,,,Plein jour,Hors agglomération,Hors intersection,Normale,Deux véhicules - frontale,,,,,,,,,,,1,1,1,1.0,1
201400011945,0014-06-29 10:30:00,14,6,29,10,30,300,123,,43.72706,4.18273,Plein jour,Hors agglomération,Hors intersection,Normale,Deux véhicules - arrière,,,,,,,,,,,1,1,1,1.0,2
201400011946,0014-07-01 11:30:00,14,7,1,11,30,340,294,,43.70143,4.11407,Plein jour,Hors agglomération,Hors intersection,Normale,Autre collision,,,,,,,,,,,1,1,1,1.0,6
201400011947,0014-07-04 18:00:00,14,7,4,18,0,300,34,,43.73402,4.46786,Plein jour,Hors agglomération,Hors intersection,Normale,Deux véhicules - arrière,,,,,,,,,,,1,1,1,1.0,2
201400011948,0014-07-08 14:30:00,14,7,8,14,30,300,125,,43.77272,4.41847,Plein jour,Hors agglomération,Hors intersection,Normale,Autre collision,,,,,,,,,,,1,1,1,1.0,6
201400011949,0014-08-02 12:00:00,14,8,2,12,0,300,189,,43.80679,4.36044,Plein jour,Hors agglomération,Hors intersection,Normale,Trois véhicules et plus - en chaîne,,,,,,,,,,,1,1,1,1.0,4
201400011950,0014-08-30 17:30:00,14,8,30,17,30,300,60,,43.79005,4.39916,Plein jour,Hors agglomération,Hors intersection,Normale,Deux véhicules - arrière,,,,,,,,,,,1,1,1,1.0,2
201400011951,0014-09-09 13:45:00,14,9,9,13,45,300,344,,43.75046,4.22693,Plein jour,Hors agglomération,Hors intersection,Normale,Sans collision,,,,,,,,,,,1,1,1,1.0,7
201400011952,0014-09-22 06:00:00,14,9,22,6,0,340,22,,,,Nuit sans éclairage public,Hors agglomération,Hors intersection,Normale,Deux véhicules - côté,,,,,,,,,,,3,1,1,1.0,3
201400011953,0014-10-26 17:00:00,14,10,26,17,0,300,317,,43.91646,4.57482,Plein jour,Hors agglomération,Hors intersection,Normale,Autre collision,,,,,,,,,,,1,1,1,1.0,6
201400011954,0014-11-15 08:45:00,14,11,15,8,45,300,123,,43.72584,4.17779,Plein jour,Hors agglomération,Hors intersection,Pluie légère,Deux véhicules - arrière,,,,,,,,,,,1,1,1,2.0,2
201400011955,0014-11-17 01:00:00,14,11,17,1,0,340,240,,,,Nuit sans éclairage public,Hors agglomération,Hors intersection,Normale,Deux véhicules - arrière,,,,,,,,,,,3,1,1,1.0,2
201400011956,0014-11-07 20:15:00,14,11,7,20,15,340,240,,,,Nuit sans éclairage public,Hors agglomération,Hors intersection,Normale,Deux véhicules - côté,,,,,,,,,,,3,1,1,1.0,3
201400011957,0014-11-30 16:30:00,14,11,30,16,30,300,189,,43.80715,4.3579,Plein jour,Hors agglomération,Hors intersection,Normale,Deux véhicules - frontale,,,,,,,,,,,1,1,1,1.0,1