accident_id,datetime,annee,mois,jour,heure,minute,departement,commune_insee,adresse,latitude,longitude,luminosite,agglomeration,intersection,meteo,collision,nb_vehicules,nb_usagers,nb_indemnes,nb_tues,nb_blesses_hosp,nb_blesses_legers,age_cond_1,age_cond_2,veh_type_cond_1,veh_type_cond_2,lum_code,agg_code,int_code,atm_code,col_code
201400012092,0014-11-10 18:00:00,14,11,10,18,0,340,135,,,,Nuit sans éclairage public,Hors agglomération,Hors intersection,Pluie légère,Trois véhicules et plus - collisions multiples,,,,,,,,,,,3,1,1,2.0,5
201400012093,0014-11-17 06:15:00,14,11,17,6,15,340,73,,43.346,3.308,Nuit sans éclairage public,Hors agglomération,Hors intersection,Normale,Trois véhicules et plus - collisions multiples,,,,,,,,,,,3,1,1,1.0,5
201400012094,0014-11-26 18:00:00,14,11,26,18,0,340,157,,,,Nuit sans éclairage public,Hors agglomération,Hors intersection,Pluie forte,Deux véhicules - côté,,,,,,,,,,,3,1,1,3.0,3
201400012095,0014-11-30 05:15:00,14,11,30,5,15,340,336,,,,Nuit sans éclairage public,Hors agglomération,Hors intersection,Pluie légère,Autre collision,,,,,,,,,,,3,1,1,2.0,6
201400012096,0014-12-07 08:00:00,14,12,7,8,0,340,95,,,,Crépuscule ou aube,Hors agglomération,Hors intersection,Normale,Autre collision,,,,,,,,,,,2,1,1,1.0,6
201400012097,0014-12-11 17:30:00,14,12,11,17,30,340,172,,,,Plein jour,Hors agglomération,Hors intersection,Normale,Deux véhicules - côté,,,,,,,,,,,1,1,1,1.0,3
201400012098,0014-02-09 15:00:00,14,2,9,15,0,330,331,,,,Plein jour,Hors agglomération,Hors intersection,Normale,Deux véhicules - frontale,,,,,,,,,,,1,1,1,1.0,1
201400012099,0014-05-04 16:30:00,14,5,4,16,30,330,46,,,,Plein jour,Hors agglomération,Hors intersection,Normale,Autre collision,,,,,,,,,,,1,1,1,1.0,6
201400012100,0014-05-27 07:15:00,14,5,27,7,15,330,36,,,,Plein jour,Hors agglomération,Hors intersection,Normale,Autre collision,,,,,,,,,,,1,1,1,1.0,6
201400012101,0014-07-03 03:45:00,14,7,3,3,45,330,205,,,,Nuit sans éclairage public,Hors agglomération,Hors intersection,Normale,Autre collision,,,,,,,,,,,3,1,1,1.0,6
201400012102,0014-08-10 06:30:00,14,8,10,6,30,330,552,,,,Plein jour,Hors agglomération,Hors intersection,Normale,Deux véhicules - arrière,,,,,,,,,,,1,1,1,1.0,2
201400012103,0014-08-12 08:00:00,14,8,12,8,0,330,552,,,,Plein jour,Hors agglomération,Hors intersection,Normale,Autre collision,,,,,,,,,,,1,1,1,1.0,6
201400012104,0014-09-02 06:30:00,14,9,2,6,30,330,2,,,,Crépuscule ou aube,Hors agglomération,Hors intersection,Normale,Trois véhicules et plus - collisions multiples,,,,,,,,,,,2,1,1,1.0,5
201400012105,0014-09-13 15:15:00,14,9,13,15,15,330,155,,,,Plein jour,Hors agglomération,Hors intersection,Normale,Sans collision,,,,,,,,,,,1,1,1,1.0,7
201400012106,0014-10-16 06:00:00,14,10,16,6,0,330,50,,,,Nuit sans éclairage public,Hors agglomération,Hors intersection,Normale,Autre collision,,,,,,,,,,,3,1,1,1.0,6
201400012107,0014-10-19 19:00:00,14,10,19,19,0,330,508,,,,Nuit sans éclairage public,Hors agglomération,Hors intersection,Normale,Trois véhicules et plus - collisions multiples,,,,,,,,,,,3,1,1,1.0,5
201400012108,0014-11-09 20:00:00,14,11,9,20,0,330,46,,,,Nuit sans éclairage public,Hors agglomération,Hors intersection,Normale,Autre collision,,,,,,,,,,,3,1,1,1.0,6
201400012109,0014-11-24 15:15:00,14,11,24,15,15,330,227,,,,Plein jour,Hors agglomération,Hors intersection,Normale,Trois véhicules et plus - collisions multiples,,,,,,,,,,,1,1,1,1.0,5
201400012110,0014-01-24 19:45:00,14,1,24,19,45,310,506,28 avenue de gameville,43.55272,1.53336,Nuit avec éclairage allumé,En agglomération,Hors intersection,Pluie forte,Autre collision,,,,,,,,,,,5,2,1,3.0,6
201400012111,0014-02-25 13:15:00,14,2,25,13,15,310,446,Rue Louis Braille,43.53566,1.47857,Plein jour,En agglomération,Hors intersection,Normale,Autre collision,,,,,,,,,,,1,2,1,1.0,6
201400012112,0014-04-26 10:30:00,14,4,26,10,30,310,506,AV GAMEVILLE/RUE LALANDE,,,Plein jour,En agglomération,Intersection en T,Normale,Deux véhicules - frontale,,,,,,,,,,,1,2,3,1.0,1
201400012113,0014-05-14 20:30:00,14,5,14,20,30,310,254,,,,Plein jour,Hors agglomération,Hors intersection,Normale,Deux véhicules - côté,,,,,,,,,,,1,1,1,1.0,3
201400012114,0014-05-19 08:00:00,14,5,19,8,0,310,254,rte  baziège/lauragaise,43.5426,1.52072,Plein jour,Hors agglomération,Hors intersection,Normale,Trois véhicules et plus - en chaîne,,,,,,,,,,,1,1,1,1.0,4
201400012115,0014-06-20 17:15:00,14,6,20,17,15,310,446,,,,Plein jour,Hors agglomération,Hors intersection,Normale,Deux véhicules - frontale,,,,,,,,,,,1,1,1,1.0,1
201400012116,0014-09-16 13:30:00,14,9,16,13,30,310,254,,43.53417,1.51373,Plein jour,Hors agglomération,Hors intersection,Vent fort / tempête,Deux véhicules - côté,,,,,,,,,,,1,1,1,6.0,3
201400012117,0014-10-28 12:30:00,14,10,28,12,30,310,254,,43.53011,1.52059,Plein jour,Hors agglomération,Giratoire,Normale,Deux véhicules - côté,,,,,,,,,,,1,1,6,1.0,3
201400012118,0014-01-01 05:00:00,14,1,1,5,0,260,83,26083,45.2529,4.9606,Nuit sans éclairage public,Hors agglomération,Hors intersection,Normale,Sans collision,,,,,,,,,,,3,1,1,1.0,7
201400012119,0014-01-01 08:30:00,14,1,1,8,30,260,10,26010,,,Plein jour,Hors agglomération,Hors intersection,Normale,Autre collision,,,,,,,,,,,1,1,1,1.0,6
201400012120,0014-01-03 10:30:00,14,1,3,10,30,260,84,26084,45.0144,4.9625,Plein jour,Hors agglomération,Intersection en X,Temps couvert,Deux véhicules - côté,,,,,,,,,,,1,1,2,8.0,3
201400012121,0014-01-27 15:00:00,14,1,27,15,0,260,118,QUARTIER NEUF,,,Plein jour,En agglomération,Hors intersection,Normale,Deux véhicules - frontale,,,,,,,,,,,1,2,1,1.0,1
201400012122,0014-02-12 16:15:00,14,2,12,16,15,260,149,26149,,,Plein jour,Hors agglomération,Hors intersection,Normale,Deux véhicules - côté,,,,,,,,,,,1,1,1,1.0,3
201400012123,0014-02-15 14:30:00,14,2,15,14,30,260,41,26041,45.2137,4.848,Plein jour,Hors agglomération,Hors intersection,Normale,Autre collision,,,,,,,,,,,1,1,1,1.0,6
201400012124,0014-02-19 14:00:00,14,2,19,14,0,260,148,26148,45.2753,5.0413,Plein jour,Hors agglomération,Hors intersection,Normale,Deux véhicules - frontale,,,,,,,,,,,1,1,1,1.0,1
201400012125,0014-03-01 11:00:00,14,3,1,11,0,260,301,AV GENERAL DE GAULLE,,,Plein jour,En agglomération,Autre intersection,Normale,Deux véhicules - côté,,,,,,,,,,,1,2,9,1.0,3
201400012126,0014-03-07 08:30:00,14,3,7,8,30,260,341,26341,45.1371,4.8174,Plein jour,En agglomération,Hors intersection,Normale,Deux véhicules - côté,,,,,,,,,,,1,2,1,1.0,3
201400012127,0014-03-08 17:00:00,14,3,8,17,0,260,41,RTE B LAFFEMAS,,,Plein jour,En agglomération,Hors intersection,Normale,Deux véhicules - frontale,,,,,,,,,,,1,2,1,1.0,1
201400012128,0014-03-14 13:30:00,14,3,14,13,30,260,83,26083,,,Plein jour,Hors agglomération,Giratoire,Normale,Autre collision,,,,,,,,,,,1,1,6,1.0,6
201400012129,0014-03-16 19:45:00,14,3,16,19,45,260,333,QUAI SARRERE,,,Nuit avec éclairage allumé,Hors agglomération,Hors intersection,Normale,Deux véhicules - côté,,,,,,,,,,,5,1,1,1.0,3
201400012130,0014-03-18 09:45:00,14,3,18,9,45,260,325,RUE DU RHONE,45.2981,4.8114,Plein jour,En agglomération,Hors intersection,Temps éblouissant,Autre collision,,,,,,,,,,,1,2,1,7.0,6
201400012131,0014-03-31 07:30:00,14,3,31,7,30,260,87,26087,,,Plein jour,En agglomération,Hors intersection,Normale,Deux véhicules - côté,,,,,,,,,,,1,2,1,1.0,3
201400012132,0014-03-31 17:00:00,14,3,31,17,0,260,88,RUE DU 19 MARS 1962,45.0317,5.0804,Plein jour,Hors agglomération,Intersection en T,Normale,Deux véhicules - côté,,,,,,,,,,,1,1,3,1.0,3
201400012133,0014-04-03 17:30:00,14,4,3,17,30,260,4,26004,44.999,5.0024,Plein jour,Hors agglomération,Hors intersection,Normale,Sans collision,,,,,,,,,,,1,1,1,1.0,7
201400012134,0014-04-04 09:00:00,14,4,4,9,0,260,139,26139,45.0712,5.0881,Plein jour,Hors agglomération,Intersection en X,Normale,Deux véhicules - côté,,,,,,,,,,,1,1,2,1.0,3
201400012135,0014-04-07 17:15:00,14,4,7,17,15,260,140,26140,,,Plein jour,Hors agglomération,Hors intersection,Normale,Autre collision,,,,,,,,,,,1,1,1,1.0,6
201400012136,0014-04-14 07:45:00,14,4,14,7,45,260,61,26061,,,Plein jour,Hors agglomération,Hors intersection,Normale,Autre collision,,,,,,,,,,,1,1,1,1.0,6
201400012137,0014-04-23 15:30:00,14,4,23,15,30,260,88,26088,,,Plein jour,Hors agglomération,Intersection en X,Normale,Deux véhicules - côté,,,,,,,,,,,1,1,2,1.0,3
201400012138,0014-04-27 18:30:00,14,4,27,18,30,260,323,26323,45.0695,5.1455,Plein jour,Hors agglomération,Intersection en X,Normale,Deux véhicules - côté,,,,,,,,,,,1,1,2,1.0,3
201400012139,0014-04-27 15:15:00,14,4,27,15,15,260,77,26077,,,Plein jour,Hors agglomération,Hors intersection,Normale,Autre collision,,,,,,,,,,,1,1,1,1.0,6
201400012140,0014-05-03 11:00:00,14,5,3,11,0,260,139,26139,,,Plein jour,Hors agglomération,Intersection en X,Normale,Deux véhicules - côté,,,,,,,,,,,1,1,2,1.0,3
201400012141,0014-05-11 11:30:00,14,5,11,11,30,260,10,26010,,,Plein jour,Hors agglomération,Hors intersection,Normale,Autre collision,,,,,,,,,,,1,1,1,1.0,6
201400012142,0014-05-12 15:30:00,14,5,12,15,30,260,79,26079,,,Plein jour,En agglomération,Intersection en X,Normale,Deux véhicules - côté,,,,,,,,,,,1,2,2,1.0,3
201400012143,0014-05-19 08:45:00,14,5,19,8,45,260,295,26295,,,Plein jour,Hors agglomération,Hors intersection,Normale,Trois véhicules et plus - collisions multiples,,,,,,,,,,,1,1,1,1.0,5
201400012144,0014-06-06 09:15:00,14,6,6,9,15,260,179,26179,,,Plein jour,Hors agglomération,Autre intersection,Normale,Deux véhicules - frontale,,,,,,,,,,,1,1,9,1.0,1
201400012145,0014-06-13 09:00:00,14,6,13,9,0,260,72,26072,,,Plein jour,Hors agglomération,Intersection en T,Normale,Deux véhicules - côté,,,,,,,,,,,1,1,3,1.0,3
201400012146,0014-06-13 17:15:00,14,6,13,17,15,260,88,26088,,,Plein jour,Hors agglomération,Hors intersection,Temps éblouissant,Deux véhicules - arrière,,,,,,,,,,,1,1,1,7.0,2
201400012147,0014-06-17 17:45:00,14,6,17,17,45,260,380,26380,,,Plein jour,Hors agglomération,Intersection en T,Normale,Sans collision,,,,,,,,,,,1,1,3,1.0,7
201400012148,0014-06-19 17:15:00,14,6,19,17,15,260,88,AVENUE CHARLES DE GAULLE,,,Plein jour,En agglomération,Hors intersection,Normale,Deux véhicules - frontale,,,,,,,,,,,1,2,1,1.0,1
201400012149,0014-06-20 23:30:00,14,6,20,23,30,260,9,26009,,,Nuit sans éclairage public,Hors agglomération,Hors intersection,Autre,Autre collision,,,,,,,,,,,3,1,1,9.0,6
201400012150,0014-06-27 00:30:00,14,6,27,0,30,260,332,RUE DU LIEUT MABBOUX,,,Nuit avec éclairage allumé,En agglomération,Hors intersection,Normale,Autre collision,,,,,,,,,,,5,2,1,1.0,6
201400012151,0014-06-30 16:45:00,14,6,30,16,45,260,88,26088,,,Plein jour,Hors agglomération,Hors intersection,Normale,Deux véhicules - arrière,,,,,,,,,,,1,1,1,1.0,2
201400012152,0014-07-03 22:00:00,14,7,3,22,0,260,79,26079,,,Nuit avec éclairage allumé,En agglomération,Intersection en X,Normale,Deux véhicules - arrière,,,,,,,,,,,5,2,2,1.0,2
201400012153,0014-07-04 17:30:00,14,7,4,17,30,260,2,26002,45.2221,4.8781,Plein jour,Hors agglomération,Hors intersection,Normale,Deux véhicules - frontale,,,,,,,,,,,1,1,1,1.0,1
201400012154,0014-07-06 11:00:00,14,7,6,11,0,260,250,26250,,,Plein jour,Hors agglomération,Hors intersection,Normale,Deux véhicules - arrière,,,,,,,,,,,1,1,1,1.0,2
201400012155,0014-07-08 15:15:00,14,7,8,15,15,260,88,26088,,,Plein jour,Hors agglomération,Hors intersection,Normale,Deux véhicules - frontale,,,,,,,,,,,1,1,1,1.0,1
201400012156,0014-07-10 13:45:00,14,7,10,13,45,260,323,26323,,,Plein jour,Hors agglomération,Hors intersection,Normale,Deux véhicules - côté,,,,,,,,,,,1,1,1,1.0,3
201400012157,0014-07-15 16:00:00,14,7,15,16,0,260,301,26301,45.1058,5.0065,Plein jour,Hors agglomération,Intersection en T,Normale,Deux véhicules - côté,,,,,,,,,,,1,1,3,1.0,3
201400012158,0014-07-15 18:45:00,14,7,15,18,45,260,179,26179,,,Plein jour,Hors agglomération,Hors intersection,Normale,Deux véhicules - côté,,,,,,,,,,,1,1,1,1.0,3
201400012159,0014-07-18 19:00:00,14,7,18,19,0,260,231,26231,,,Plein jour,Hors agglomération,Hors intersection,Normale,Deux véhicules - côté,,,,,,,,,,,1,1,1,1.0,3
201400012160,0014-08-08 08:45:00,14,8,8,8,45,260,295,26295,,,Plein jour,Hors agglomération,Hors intersection,Normale,Deux véhicules - frontale,,,,,,,,,,,1,1,1,1.0,1
201400012161,0014-08-11 17:30:00,14,8,11,17,30,260,380,26380,,,Plein jour,Hors agglomération,Hors intersection,Normale,Deux véhicules - frontale,,,,,,,,,,,1,1,1,1.0,1
201400012162,0014-08-12 13:15:00,14,8,12,13,15,260,9,RUE DE BELLEVUE,45.2623,4.8192,Plein jour,En agglomération,Hors intersection,Normale,Deux véhicules - frontale,,,,,,,,,,,1,2,1,1.0,1
201400012163,0014-08-16 18:00:00,14,8,16,18,0,260,88,26088,,,Plein jour,Hors agglomération,Hors intersection,Normale,Sans collision,,,,,,,,,,,1,1,1,1.0,7
201400012164,0014-08-19 13:15:00,14,8,19,13,15,260,9,26009,,,Plein jour,Hors agglomération,Hors intersection,Normale,Deux véhicules - frontale,,,,,,,,,,,1,1,1,1.0,1
201400012165,0014-08-25 10:00:00,14,8,25,10,0,260,34,26034,,,Plein jour,Hors agglomération,Intersection en T,Normale,Deux véhicules - arrière,,,,,,,,,,,1,1,3,1.0,2
201400012166,0014-08-28 13:30:00,14,8,28,13,30,260,250,26250,,,Plein jour,Hors agglomération,Hors intersection,Normale,Deux véhicules - côté,,,,,,,,,,,1,1,1,1.0,3
201400012167,0014-09-01 16:30:00,14,9,1,16,30,260,129,26129,,,Plein jour,Hors agglomération,Hors intersection,Normale,Autre collision,,,,,,,,,,,1,1,1,1.0,6
201400012168,0014-09-07 18:00:00,14,9,7,18,0,260,347,AVENUE RHIN ET DANUBE,,,Plein jour,En agglomération,Hors intersection,Temps éblouissant,Autre collision,,,,,,,,,,,1,2,1,7.0,6
201400012169,0014-09-11 17:45:00,14,9,11,17,45,260,84,26084,,,Plein jour,Hors agglomération,Intersection en T,Normale,Deux véhicules - côté,,,,,,,,,,,1,1,3,1.0,3
201400012170,0014-09-20 03:30:00,14,9,20,3,30,260,347,26347,,,Nuit sans éclairage public,En agglomération,Hors intersection,Normale,Sans collision,,,,,,,,,,,3,2,1,1.0,7
201400012171,0014-09-20 15:45:00,14,9,20,15,45,260,34,26034,,,Plein jour,Hors agglomération,Intersection en X,Normale,Deux véhicules - côté,,,,,,,,,,,1,1,2,1.0,3
201400012172,0014-09-21 11:45:00,14,9,21,11,45,260,72,26072,,,Plein jour,En agglomération,Hors intersection,Normale,Deux véhicules - frontale,,,,,,,,,,,1,2,1,1.0,1
201400012173,0014-09-24 12:30:00,14,9,24,12,30,260,325,26325,,,Plein jour,Hors agglomération,Hors intersection,Pluie forte,Deux véhicules - côté,,,,,,,,,,,1,1,1,3.0,3
201400012174,0014-10-11 03:00:00,14,10,11,3,0,260,2,26002,,,Nuit sans éclairage public,Hors agglomération,Hors intersection,Pluie forte,Deux véhicules - frontale,,,,,,,,,,,3,1,1,3.0,1
201400012175,0014-10-19 05:00:00,14,10,19,5,0,260,88,26088,,,Nuit sans éclairage public,Hors agglomération,Hors intersection,Normale,Deux véhicules - frontale,,,,,,,,,,,3,1,1,1.0,1
201400012176,0014-10-18 20:45:00,14,10,18,20,45,260,325,26325,,,Nuit sans éclairage public,Hors agglomération,Hors intersection,Normale,Autre collision,,,,,,,,,,,3,1,1,1.0,6
201400012177,0014-10-19 14:30:00,14,10,19,14,30,260,4,26004,45.0106,5.0068,Plein jour,Hors agglomération,Hors intersection,Normale,Deux véhicules - côté,,,,,,,,,,,1,1,1,1.0,3
201400012178,0014-10-19 21:00:00,14,10,19,21,0,260,194,26194,,,Nuit sans éclairage public,Hors agglomération,Autre intersection,Normale,Autre collision,,,,,,,,,,,3,1,9,1.0,6
201400012179,0014-10-24 19:45:00,14,10,24,19,45,260,231,26231,,,Nuit sans éclairage public,Hors agglomération,Hors intersection,Normale,Deux véhicules - frontale,,,,,,,,,,,3,1,1,1.0,1
201400012180,0014-10-31 20:00:00,14,10,31,20,0,260,301,26301,,,Nuit avec éclairage allumé,En agglomération,Hors intersection,Normale,Deux véhicules - frontale,,,,,,,,,,,5,2,1,1.0,1
201400012181,0014-11-09 17:15:00,14,11,9,17,15,260,194,26350,,,Crépuscule ou aube,Hors agglomération,Hors intersection,Pluie forte,Autre collision,,,,,,,,,,,2,1,1,3.0,6
201400012182,0014-11-13 07:45:00,14,11,13,7,45,260,231,26231,,,Plein jour,Hors agglomération,Hors intersection,Temps couvert,Sans collision,,,,,,,,,,,1,1,1,8.0,7
201400012183,0014-11-13 18:30:00,14,11,13,18,30,260,129,26129,,,Nuit sans éclairage public,Hors agglomération,Hors intersection,Normale,Deux véhicules - frontale,,,,,,,,,,,3,1,1,1.0,1
201400012184,0014-11-14 21:45:00,14,11,14,21,45,260,341,379 LES BARRES,,,Nuit sans éclairage public,En agglomération,Autre intersection,Pluie forte,Trois véhicules et plus - collisions multiples,,,,,,,,,,,3,2,9,3.0,5
201400012185,0014-11-16 00:01:00,14,11,16,0,1,260,218,26218,,,Nuit avec éclairage allumé,En agglomération,Hors intersection,Normale,Autre collision,,,,,,,,,,,5,2,1,1.0,6
201400012186,0014-11-18 09:45:00,14,11,18,9,45,260,301,26301,,,Plein jour,Hors agglomération,Hors intersection,Temps couvert,Deux véhicules - côté,,,,,,,,,,,1,1,1,8.0,3
201400012187,0014-11-21 08:30:00,14,11,21,8,30,260,87,26087,45.0892,5.1316,Plein jour,En agglomération,Autre intersection,Normale,Autre collision,,,,,,,,,,,1,2,9,1.0,6
201400012188,0014-11-28 18:30:00,14,11,28,18,30,260,333,26333,,,Nuit avec éclairage allumé,En agglomération,Intersection en T,Normale,Deux véhicules - côté,,,,,,,,,,,5,2,3,1.0,3
201400012189,0014-12-07 04:45:00,14,12,7,4,45,260,160,,,,Nuit sans éclairage public,Hors agglomération,Hors intersection,Normale,Autre collision,,,,,,,,,,,3,1,1,1.0,6
201400012190,0014-08-30 02:15:00,14,8,30,2,15,260,301,26301,,,Nuit sans éclairage public,Hors agglomération,Hors intersection,Pluie légère,Sans collision,,,,,,,,,,,3,1,1,2.0,7
201400012191,0014-03-17 08:30:00,14,3,17,8,30,630,21,,,,Plein jour,Hors agglomération,Hors intersection,Normale,Autre collision,,,,,,,,,,,1,1,1,1.0,6
201400012192,0014-05-14 14:15:00,14,5,14,14,15,630,284,,,,Plein jour,Hors agglomération,Hors intersection,Normale,Trois véhicules et plus - collisions multiples,,,,,,,,,,,1,1,1,1.0,5
201400012193,0014-06-07 22:30:00,14,6,7,22,30,630,302,,,,Crépuscule ou aube,Hors agglomération,Hors intersection,Normale,Deux véhicules - frontale,,,,,,,,,,,2,1,1,1.0,1
201400012194,0014-06-13 23:15:00,14,6,13,23,15,630,302,,,,Nuit sans éclairage public,Hors agglomération,Hors intersection,Normale,Trois véhicules et plus - collisions multiples,,,,,,,,,,,3,1,1,1.0,5
201400012195,0014-07-26 06:00:00,14,7,26,6,0,630,302,,,,Crépuscule ou aube,Hors agglomération,Hors intersection,Normale,Deux véhicules - frontale,,,,,,,,,,,2,1,1,1.0,1
201400012196,0014-09-30 07:45:00,14,9,30,7,45,630,272,,,,Crépuscule ou aube,Hors agglomération,Hors intersection,Normale,Trois véhicules et plus - en chaîne,,,,,,,,,,,2,1,1,1.0,4
201400012197,0014-10-04 11:45:00,14,10,4,11,45,630,113,,,,Plein jour,Hors agglomération,Hors intersection,Normale,Trois véhicules et plus - en chaîne,,,,,,,,,,,1,1,1,1.0,4
201400012198,0014-10-10 05:00:00,14,10,10,5,0,630,126,,,,Nuit sans éclairage public,Hors agglomération,Hors intersection,Pluie légère,Deux véhicules - frontale,,,,,,,,,,,3,1,1,2.0,1
201400012199,0014-11-03 08:15:00,14,11,3,8,15,630,302,,,,Plein jour,Hors agglomération,Hors intersection,Pluie forte,Deux véhicules - arrière,,,,,,,,,,,1,1,1,3.0,2
201400012200,0014-11-03 12:15:00,14,11,3,12,15,630,284,,45.78524,3.1934,Plein jour,Hors agglomération,Autre intersection,Temps couvert,Sans collision,,,,,,,,,,,1,1,9,8.0,7
201400012201,0014-12-02 08:30:00,14,12,2,8,30,630,302,,,,Plein jour,Hors agglomération,Hors intersection,Normale,Deux véhicules - arrière,,,,,,,,,,,1,1,1,1.0,2
201400012202,0014-01-02 01:15:00,14,1,2,1,15,640,483,,43.404,-1.637,Nuit sans éclairage public,Hors agglomération,Hors intersection,Normale,Autre collision,,,,,,,,,,,3,1,1,1.0,6
201400012203,0014-01-05 19:00:00,14,1,5,19,0,640,125,,,,Nuit sans éclairage public,Hors agglomération,Hors intersection,Normale,Trois véhicules et plus - collisions multiples,,,,,,,,,,,3,1,1,1.0,5
201400012204,0014-02-01 18:00:00,14,2,1,18,0,640,545,,,,Nuit sans éclairage public,Hors agglomération,Hors intersection,Neige / grêle,Trois véhicules et plus - collisions multiples,,,,,,,,,,,3,1,1,4.0,5
201400012205,0014-05-27 17:15:00,14,5,27,17,15,640,483,,,,Plein jour,Hors agglomération,Hors intersection,Normale,Deux véhicules - arrière,,,,,,,,,,,1,1,1,1.0,2
201400012206,0014-06-13 09:15:00,14,6,13,9,15,640,546,,43.477,-1.282,Plein jour,Hors agglomération,Hors intersection,Normale,Autre collision,,,,,,,,,,,1,1,1,1.0,6
201400012207,0014-06-29 15:30:00,14,6,29,15,30,640,102,,,,Plein jour,Hors agglomération,Hors intersection,Pluie légère,Deux véhicules - côté,,,,,,,,,,,1,1,1,2.0,3
201400012208,0014-07-15 10:00:00,14,7,15,10,0,640,125,,,,Plein jour,Hors agglomération,Hors intersection,Normale,Trois véhicules et plus - en chaîne,,,,,,,,,,,1,1,1,1.0,4
201400012209,0014-07-30 07:15:00,14,7,30,7,15,640,102,,,,Crépuscule ou aube,Hors agglomération,Hors intersection,Pluie légère,Deux véhicules - côté,,,,,,,,,,,2,1,1,2.0,3
201400012210,0014-10-03 08:00:00,14,10,3,8,0,640,122,,,,Plein jour,Hors agglomération,Hors intersection,Normale,Deux véhicules - côté,,,,,,,,,,,1,1,1,1.0,3
201400012211,0014-11-03 08:15:00,14,11,3,8,15,640,102,,,,Plein jour,Hors agglomération,Autre intersection,Normale,Trois véhicules et plus - en chaîne,,,,,,,,,,,1,1,9,1.0,4
201400012212,0014-11-12 10:15:00,14,11,12,10,15,640,122,,,,Plein jour,Hors agglomération,Hors intersection,Normale,Deux véhicules - arrière,,,,,,,,,,,1,1,1,1.0,2
201400012213,0014-02-06 11:10:00,14,2,6,11,10,80,409,"11, VERDUN (AVENUE DE)",49.6985,4.9486,Plein jour,En agglomération,Intersection en X,Temps couvert,Autre collision,,,,,,,,,,,1,2,2,8.0,6
201400012214,0014-04-03 07:36:00,14,4,3,7,36,80,409,LAC (ESPLANADE DU),49.6927,4.94196,Plein jour,En agglomération,Intersection en X,Normale,Deux véhicules - côté,,,,,,,,,,,1,2,2,1.0,3
201400012215,0014-04-18 17:55:00,14,4,18,17,55,80,409,CRUSSY (PLACE),49.7001,4.94642,Plein jour,En agglomération,Intersection en T,Normale,Deux véhicules - frontale,,,,,,,,,,,1,2,3,1.0,1
201400012216,0014-07-10 01:05:00,14,7,10,1,5,80,409,PHILIPPOTEAUX (AVENUE),49.6959,4.93477,Nuit avec éclairage allumé,En agglomération,Intersection en T,Normale,Deux véhicules - côté,,,,,,,,,,,5,2,3,1.0,3
201400012217,0014-07-25 15:00:00,14,7,25,15,0,80,194,MARNE (AVENUE DE LA),49.6968,4.91768,Plein jour,En agglomération,Hors intersection,Normale,Autre collision,,,,,,,,,,,1,2,1,1.0,6
201400012218,0014-10-19 22:25:00,14,10,19,22,25,80,409,MARGUERITTE (AVENUE GENE,49.7079,4.93582,Nuit avec éclairage allumé,En agglomération,Intersection en T,Normale,Deux véhicules - côté,,,,,,,,,,,5,2,3,1.0,3
201400012219,0014-11-03 15:25:00,14,11,3,15,25,80,409,"39, PHILIPPOTEAUX (AVENU",49.6967,4.93894,Plein jour,En agglomération,Intersection en X,Pluie forte,Deux véhicules - frontale,,,,,,,,,,,1,2,2,3.0,1
201400012220,0014-05-02 12:45:00,14,5,2,12,45,710,14,,46.95633,4.31549,Plein jour,Hors agglomération,Hors intersection,Normale,Deux véhicules - côté,,,,,,,,,,,1,1,1,1.0,3
201400012221,0014-04-15 12:20:00,14,4,15,12,20,20,610,,,,Plein jour,Hors agglomération,Hors intersection,Normale,Trois véhicules et plus - collisions multiples,,,,,,,,,,,1,1,1,1.0,5
201400012222,0014-09-18 19:00:00,14,9,18,19,0,20,514,32 Hameau de Tannieres,,,Crépuscule ou aube,En agglomération,Hors intersection,Autre,Deux véhicules - frontale,,,,,,,,,,,2,2,1,9.0,1
201400012223,0014-04-12 15:45:00,14,4,12,15,45,510,454,A344,,,Plein jour,Hors agglomération,Hors intersection,Normale,Trois véhicules et plus - en chaîne,,,,,,,,,,,1,1,1,1.0,4
201400012224,0014-05-05 15:45:00,14,5,5,15,45,510,278,A4,,,Plein jour,Hors agglomération,Hors intersection,Normale,Trois véhicules et plus - en chaîne,,,,,,,,,,,1,1,1,1.0,4
201400012225,0014-05-05 14:15:00,14,5,5,14,15,510,599,A4,,,Plein jour,Hors agglomération,Hors intersection,Normale,Trois véhicules et plus - en chaîne,,,,,,,,,,,1,1,1,1.0,4
201400012226,0014-06-02 11:30:00,14,6,2,11,30,510,171,A26,,,Plein jour,Hors agglomération,Hors intersection,Normale,Sans collision,,,,,,,,,,,1,1,1,1.0,7