accident_id,datetime,annee,mois,jour,heure,minute,departement,commune_insee,adresse,latitude,longitude,luminosite,agglomeration,intersection,meteo,collision,nb_vehicules,nb_usagers,nb_indemnes,nb_tues,nb_blesses_hosp,nb_blesses_legers,age_cond_1,age_cond_2,veh_type_cond_1,veh_type_cond_2,lum_code,agg_code,int_code,atm_code,col_code
201400012227,0014-06-19 13:00:00,14,6,19,13,0,510,278,A4,,,Plein jour,Hors agglomération,Hors intersection,Normale,Trois véhicules et plus - en chaîne,,,,,,,,,,,1,1,1,1.0,4
201400012228,0014-06-02 16:45:00,14,6,2,16,45,130,45,,,,Plein jour,Hors agglomération,Hors intersection,Normale,Trois véhicules et plus - collisions multiples,,,,,,,,,,,1,1,1,1.0,5
201400012229,0014-07-15 20:15:00,14,7,15,20,15,130,96,,,,Plein jour,Hors agglomération,Hors intersection,Normale,Deux véhicules - frontale,,,,,,,,,,,1,1,1,1.0,1
201400012230,0014-08-06 11:45:00,14,8,6,11,45,130,11,,,,Plein jour,Hors agglomération,Hors intersection,Normale,Autre collision,,,,,,,,,,,1,1,1,1.0,6
201400012231,0014-08-24 15:30:00,14,8,24,15,30,130,45,,43.84365,4.74436,Plein jour,Hors agglomération,Intersection en T,Normale,Deux véhicules - frontale,,,,,,,,,,,1,1,3,1.0,1
201400012232,0014-09-10 10:15:00,14,9,10,10,15,130,4,,,,Plein jour,Hors agglomération,Hors intersection,Normale,Autre collision,,,,,,,,,,,1,1,1,1.0,6
201400012233,0014-09-17 17:45:00,14,9,17,17,45,130,68,D17,,,Plein jour,En agglomération,Hors intersection,Normale,Deux véhicules - frontale,,,,,,,,,,,1,2,1,1.0,1
201400012234,0014-09-28 17:45:00,14,9,28,17,45,130,4,,,,Plein jour,Hors agglomération,Hors intersection,Normale,Deux véhicules - frontale,,,,,,,,,,,1,1,1,1.0,1
201400012235,0014-10-25 01:15:00,14,10,25,1,15,130,4,,,,Nuit sans éclairage public,Hors agglomération,Hors intersection,Normale,Deux véhicules - frontale,,,,,,,,,,,3,1,1,1.0,1
201400012236,0014-12-09 12:30:00,14,12,9,12,30,130,10,ROUTE DES CARRIERES,43.88458,4.74807,Plein jour,En agglomération,Hors intersection,Vent fort / tempête,Autre collision,,,,,,,,,,,1,2,1,6.0,6
201400012237,0014-01-12 03:45:00,14,1,12,3,45,910,105,ROUTE DE DOUDAN,,,Nuit avec éclairage allumé,En agglomération,Hors intersection,Normale,Autre collision,,,,,,,,,,,5,2,1,1.0,6
201400012238,0014-03-07 21:30:00,14,3,7,21,30,910,105,D19,48.569,2.183,Nuit avec éclairage allumé,Hors agglomération,Hors intersection,Normale,Deux véhicules - frontale,,,,,,,,,,,5,1,1,1.0,1
201400012239,0014-05-09 13:15:00,14,5,9,13,15,910,85,N20,48.56,2.223,Plein jour,Hors agglomération,Hors intersection,Normale,Deux véhicules - frontale,,,,,,,,,,,1,1,1,1.0,1
201400012240,0014-05-17 09:30:00,14,5,17,9,30,380,485,Route de Saint Nizier,,,Plein jour,En agglomération,Hors intersection,Normale,Autre collision,,,,,,,,,,,1,2,1,1.0,6
201400012241,0014-05-17 15:45:00,14,5,17,15,45,380,485,boulevard de l'Europe,,,Plein jour,En agglomération,Hors intersection,Normale,Deux véhicules - côté,,,,,,,,,,,1,2,1,1.0,3
201400012242,0014-05-28 22:30:00,14,5,28,22,30,380,485,,,,Nuit sans éclairage public,Hors agglomération,Hors intersection,Normale,Deux véhicules - côté,,,,,,,,,,,3,1,1,1.0,3
201400012243,0014-06-04 20:30:00,14,6,4,20,30,380,485,,,,Plein jour,En agglomération,Hors intersection,Normale,Deux véhicules - arrière,,,,,,,,,,,1,2,1,1.0,2
201400012244,0014-08-22 10:15:00,14,8,22,10,15,380,486,rond point du rondeau,45.15931,5.69603,Plein jour,En agglomération,Giratoire,Normale,Deux véhicules - arrière,,,,,,,,,,,1,2,6,1.0,2
201400012245,0014-09-07 09:45:00,14,9,7,9,45,380,485,G?n?ral de Gaulle,,,Plein jour,En agglomération,Hors intersection,Normale,Deux véhicules - côté,,,,,,,,,,,1,2,1,1.0,3
201400012246,0014-11-14 18:30:00,14,11,14,18,30,380,485,avenue de la r?publique,,,Nuit sans éclairage public,En agglomération,Hors intersection,Pluie légère,Deux véhicules - arrière,,,,,,,,,,,3,2,1,2.0,2
201400012247,0014-11-11 12:45:00,14,11,11,12,45,380,486,RUE DU PL?TRE,,,Plein jour,En agglomération,Hors intersection,Normale,Deux véhicules - côté,,,,,,,,,,,1,2,1,1.0,3
201400012248,0014-04-20 17:00:00,14,4,20,17,0,380,52,,,,Plein jour,Hors agglomération,Hors intersection,Normale,Autre collision,,,,,,,,,,,1,1,1,1.0,6
201400012249,0014-06-01 18:15:00,14,6,1,18,15,380,237,,,,Plein jour,Hors agglomération,Hors intersection,Normale,Autre collision,,,,,,,,,,,1,1,1,1.0,6
201400012250,0014-06-16 19:30:00,14,6,16,19,30,380,191,,,,Plein jour,Hors agglomération,Hors intersection,Normale,Sans collision,,,,,,,,,,,1,1,1,1.0,7
201400012251,0014-06-15 10:30:00,14,6,15,10,30,380,550,,,,Plein jour,Hors agglomération,Hors intersection,Normale,Autre collision,,,,,,,,,,,1,1,1,1.0,6
201400012252,0014-06-29 19:00:00,14,6,29,19,0,380,191,,45.0783,6.05053,Plein jour,Hors agglomération,Hors intersection,Normale,Autre collision,,,,,,,,,,,1,1,1,1.0,6
201400012253,0014-07-18 10:30:00,14,7,18,10,30,380,52,,,,Plein jour,Hors agglomération,Hors intersection,Normale,Deux véhicules - frontale,,,,,,,,,,,1,1,1,1.0,1
201400012254,0014-08-12 17:00:00,14,8,12,17,0,380,52,les Alberges,45.03405,6.0667,Plein jour,Hors agglomération,Hors intersection,Pluie légère,Trois véhicules et plus - collisions multiples,,,,,,,,,,,1,1,1,2.0,5
201400012255,0014-08-10 11:15:00,14,8,10,11,15,380,289,,45.208,6.071,Plein jour,Hors agglomération,Hors intersection,Normale,Sans collision,,,,,,,,,,,1,1,1,1.0,7
201400012256,0014-04-26 11:45:00,14,4,26,11,45,510,211,A4,,,Plein jour,Hors agglomération,Hors intersection,Normale,Sans collision,,,,,,,,,,,1,1,1,1.0,7
201400012257,0014-10-16 13:15:00,14,10,16,13,15,510,507,A4,,,Plein jour,Hors agglomération,Hors intersection,Normale,Autre collision,,,,,,,,,,,1,1,1,1.0,6
201400012258,0014-12-21 18:45:00,14,12,21,18,45,510,515,A4,,,Nuit sans éclairage public,Hors agglomération,Hors intersection,Normale,Autre collision,,,,,,,,,,,3,1,1,1.0,6
201400012259,0014-10-09 15:15:00,14,10,9,15,15,570,144,,,,Plein jour,Hors agglomération,Hors intersection,Pluie légère,Deux véhicules - frontale,,,,,,,,,,,1,1,1,2.0,1
201400012260,0014-01-02 06:00:00,14,1,2,6,0,860,275,,46.85,0.526,Nuit sans éclairage public,Hors agglomération,Hors intersection,Neige / grêle,Autre collision,,,,,,,,,,,3,1,1,4.0,6
201400012261,0014-03-19 06:45:00,14,3,19,6,45,860,115,,,,Nuit avec éclairage allumé,Hors agglomération,Hors intersection,Brouillard / fumée,Deux véhicules - frontale,,,,,,,,,,,5,1,1,5.0,1
201400012262,0014-05-20 16:45:00,14,5,20,16,45,860,207,carrefour Rd 725b et RD5,46.793,0.813,Plein jour,En agglomération,Intersection en X,Pluie forte,Deux véhicules - côté,,,,,,,,,,,1,2,2,3.0,3
201400012263,0014-06-01 13:30:00,14,6,1,13,30,860,174,,,,Plein jour,Hors agglomération,Hors intersection,Normale,Sans collision,,,,,,,,,,,1,1,1,1.0,7
201400012264,0014-06-04 01:45:00,14,6,4,1,45,860,158,,,,Nuit sans éclairage public,Hors agglomération,Hors intersection,Normale,Sans collision,,,,,,,,,,,3,1,1,1.0,7
201400012265,0014-06-11 19:45:00,14,6,11,19,45,860,174,,46.782,0.497,Plein jour,Hors agglomération,Hors intersection,Normale,Trois véhicules et plus - collisions multiples,,,,,,,,,,,1,1,1,1.0,5
201400012266,0014-09-05 10:00:00,14,9,5,10,0,860,66,,,,Plein jour,Hors agglomération,Hors intersection,Normale,Trois véhicules et plus - collisions multiples,,,,,,,,,,,1,1,1,1.0,5
201400012267,0014-09-08 12:15:00,14,9,8,12,15,860,19,,46.737,0.401,Plein jour,Hors agglomération,Hors intersection,Normale,Trois véhicules et plus - collisions multiples,,,,,,,,,,,1,1,1,1.0,5
201400012268,0014-10-28 16:00:00,14,10,28,16,0,860,224,,46.919,0.445,Plein jour,Hors agglomération,Hors intersection,Temps éblouissant,Deux véhicules - côté,,,,,,,,,,,1,1,1,7.0,3
201400012269,0014-09-30 08:15:00,14,9,30,8,15,860,22,Route du Haut-Nueil,,,Plein jour,En agglomération,Hors intersection,Normale,Deux véhicules - côté,,,,,,,,,,,1,2,1,1.0,3
201400012270,0014-11-02 01:30:00,14,11,2,1,30,860,66,,46.834,0.522,Nuit sans éclairage public,Hors agglomération,Hors intersection,Normale,Deux véhicules - côté,,,,,,,,,,,3,1,1,1.0,3
201400012271,0014-12-08 19:00:00,14,12,8,19,0,860,49,,46.999,0.091,Nuit sans éclairage public,Hors agglomération,Hors intersection,Temps couvert,Trois véhicules et plus - collisions multiples,,,,,,,,,,,3,1,1,8.0,5
201400012272,0014-02-27 15:45:00,14,2,27,15,45,360,57,,46.8828,1.72473,Plein jour,Hors agglomération,Hors intersection,Neige / grêle,Deux véhicules - arrière,,,,,,,,,,,1,1,1,4.0,2
201400012273,0014-05-05 22:45:00,14,5,5,22,45,360,122,,47.0902,1.85149,Nuit sans éclairage public,Hors agglomération,Hors intersection,Normale,Deux véhicules - côté,,,,,,,,,,,3,1,1,1.0,3
201400012274,0014-06-17 01:15:00,14,6,17,1,15,360,26,,46.9477,1.75387,Nuit sans éclairage public,Hors agglomération,Hors intersection,Normale,Autre collision,,,,,,,,,,,3,1,1,1.0,6
201400012275,0014-11-09 16:15:00,14,11,9,16,15,360,230,,47.0643,1.82001,Crépuscule ou aube,Hors agglomération,Hors intersection,Pluie légère,Sans collision,,,,,,,,,,,2,1,1,2.0,7
201400012276,0014-02-10 16:30:00,14,2,10,16,30,490,298,,47.4455,-0.72926,Plein jour,Hors agglomération,Hors intersection,Normale,Deux véhicules - frontale,,,,,,,,,,,1,1,1,1.0,1
201400012277,0014-04-02 17:00:00,14,4,2,17,0,490,7,A11,47.49285,-0.52877,Plein jour,Hors agglomération,Hors intersection,Normale,Deux véhicules - côté,,,,,,,,,,,1,1,1,1.0,3
201400012278,0014-09-02 07:30:00,14,9,2,7,30,490,7,,47.49219,-0.53089,Plein jour,Hors agglomération,Hors intersection,Normale,Deux véhicules - arrière,,,,,,,,,,,1,1,1,1.0,2
201400012279,0014-10-05 08:30:00,14,10,5,8,30,490,68,,47.43342,-0.87081,Crépuscule ou aube,Hors agglomération,Autre intersection,Normale,Autre collision,,,,,,,,,,,2,1,9,1.0,6
201400012280,0014-10-28 14:00:00,14,10,28,14,0,490,68,La haute Parque,47.40273,-0.8536,Plein jour,Hors agglomération,Intersection en X,Temps éblouissant,Deux véhicules - côté,,,,,,,,,,,1,1,2,7.0,3
201400012281,0014-11-03 13:45:00,14,11,3,13,45,490,167,,47.38933,-0.49769,Plein jour,Hors agglomération,Hors intersection,Pluie forte,Deux véhicules - arrière,,,,,,,,,,,1,1,1,3.0,2
201400012282,0014-02-20 17:30:00,14,2,20,17,30,20,85,,,,Plein jour,Hors agglomération,Hors intersection,Pluie légère,Sans collision,,,,,,,,,,,1,1,1,2.0,7
201400012283,0014-05-15 17:30:00,14,5,15,17,30,20,290,rue Jacques Fourrier,,,Plein jour,En agglomération,Hors intersection,Normale,Deux véhicules - frontale,,,,,,,,,,,1,2,1,1.0,1
201400012284,0014-12-21 12:30:00,14,12,21,12,30,20,164,,,,Plein jour,Hors agglomération,Hors intersection,Temps couvert,Autre collision,,,,,,,,,,,1,1,1,8.0,6
201400012285,0014-09-20 02:30:00,14,9,20,2,30,90,59,,42.87837,0.9672,Nuit sans éclairage public,Hors agglomération,Hors intersection,Normale,Autre collision,,,,,,,,,,,3,1,1,1.0,6
201400012286,0014-03-20 16:00:00,14,3,20,16,0,60,88,,,,Plein jour,Hors agglomération,Hors intersection,Normale,Autre collision,,,,,,,,,,,1,1,1,1.0,6
201400012287,0014-05-09 14:45:00,14,5,9,14,45,60,88,,,,Plein jour,Hors agglomération,Hors intersection,Normale,Sans collision,,,,,,,,,,,1,1,1,1.0,7
201400012288,0014-05-14 14:45:00,14,5,14,14,45,60,149,,,,Plein jour,Hors agglomération,Hors intersection,Normale,Autre collision,,,,,,,,,,,1,1,1,1.0,6
201400012289,0014-06-12 03:45:00,14,6,12,3,45,60,67,,,,Nuit avec éclairage allumé,Hors agglomération,Autre intersection,Normale,Autre collision,,,,,,,,,,,5,1,9,1.0,6
201400012290,0014-07-06 13:00:00,14,7,6,13,0,60,83,,,,Plein jour,Hors agglomération,Autre intersection,Normale,Autre collision,,,,,,,,,,,1,1,9,1.0,6
201400012291,0014-07-09 10:30:00,14,7,9,10,30,60,149,,,,Plein jour,Hors agglomération,Hors intersection,Normale,Trois véhicules et plus - en chaîne,,,,,,,,,,,1,1,1,1.0,4
201400012292,0014-07-10 11:00:00,14,7,10,11,0,60,88,,,,Plein jour,Hors agglomération,Hors intersection,Normale,Trois véhicules et plus - en chaîne,,,,,,,,,,,1,1,1,1.0,4
201400012293,0014-07-19 20:30:00,14,7,19,20,30,60,88,,,,Plein jour,Hors agglomération,Hors intersection,Normale,Trois véhicules et plus - collisions multiples,,,,,,,,,,,1,1,1,1.0,5
201400012294,0014-07-21 06:15:00,14,7,21,6,15,60,88,,,,Crépuscule ou aube,Hors agglomération,Hors intersection,Normale,Deux véhicules - frontale,,,,,,,,,,,2,1,1,1.0,1
201400012295,0014-08-02 07:30:00,14,8,2,7,30,60,88,,,,Crépuscule ou aube,Hors agglomération,Hors intersection,Normale,Deux véhicules - frontale,,,,,,,,,,,2,1,1,1.0,1
201400012296,0014-08-03 00:15:00,14,8,3,0,15,60,88,,,,Nuit sans éclairage public,Hors agglomération,Hors intersection,Normale,Deux véhicules - arrière,,,,,,,,,,,3,1,1,1.0,2
201400012297,0014-08-30 14:30:00,14,8,30,14,30,60,88,,,,Plein jour,Hors agglomération,Hors intersection,Normale,Deux véhicules - arrière,,,,,,,,,,,1,1,1,1.0,2
201400012298,0014-10-28 06:15:00,14,10,28,6,15,60,88,,,,Nuit avec éclairage allumé,Hors agglomération,Hors intersection,Normale,Autre collision,,,,,,,,,,,5,1,1,1.0,6
201400012299,0014-11-22 04:15:00,14,11,22,4,15,60,88,,,,Nuit avec éclairage allumé,Hors agglomération,Hors intersection,Normale,Autre collision,,,,,,,,,,,5,1,1,1.0,6
201400012300,0014-12-15 14:00:00,14,12,15,14,0,60,88,,,,Plein jour,Hors agglomération,Hors intersection,Normale,Deux véhicules - arrière,,,,,,,,,,,1,1,1,1.0,2
201400012301,0014-02-04 19:45:00,14,2,4,19,45,670,434,,,,Nuit sans éclairage public,Hors agglomération,Hors intersection,Temps couvert,Deux véhicules - arrière,,,,,,,,,,,3,1,1,8.0,2
201400012302,0014-03-09 15:00:00,14,3,9,15,0,570,540,,,,Plein jour,Hors agglomération,Hors intersection,Normale,Autre collision,,,,,,,,,,,1,1,1,1.0,6
201400012303,0014-07-15 22:45:00,14,7,15,22,45,670,488,,,,Nuit sans éclairage public,Hors agglomération,Hors intersection,Normale,Deux véhicules - frontale,,,,,,,,,,,3,1,1,1.0,1
201400012304,0014-09-27 12:30:00,14,9,27,12,30,570,761,,,,Plein jour,Hors agglomération,Hors intersection,Normale,Autre collision,,,,,,,,,,,1,1,1,1.0,6
201400012305,0014-06-22 08:45:00,14,6,22,8,45,900,10,,,,Plein jour,Hors agglomération,Hors intersection,Normale,Deux véhicules - arrière,,,,,,,,,,,1,1,1,1.0,2
201400012306,0014-09-09 15:15:00,14,9,9,15,15,900,94,,,,Plein jour,Hors agglomération,Hors intersection,Pluie légère,Autre collision,,,,,,,,,,,1,1,1,2.0,6
201400012307,0014-09-10 18:00:00,14,9,10,18,0,900,1,,,,Plein jour,Hors agglomération,Hors intersection,Pluie légère,Trois véhicules et plus - collisions multiples,,,,,,,,,,,1,1,1,2.0,5
201400012308,0014-09-16 16:45:00,14,9,16,16,45,900,15,,,,Plein jour,Hors agglomération,Hors intersection,Pluie légère,Trois véhicules et plus - collisions multiples,,,,,,,,,,,1,1,1,2.0,5
201400012309,0014-11-26 04:15:00,14,11,26,4,15,680,129,,,,Nuit sans éclairage public,Hors agglomération,Hors intersection,Normale,Trois véhicules et plus - collisions multiples,,,,,,,,,,,3,1,1,1.0,5
201400012310,0014-05-06 20:00:00,14,5,6,20,0,660,217,,,,Plein jour,Hors agglomération,Hors intersection,Normale,Sans collision,,,,,,,,,,,1,1,1,1.0,7
201400012311,0014-06-07 01:30:00,14,6,7,1,30,660,214,,,,Nuit sans éclairage public,Hors agglomération,Hors intersection,Normale,Deux véhicules - frontale,,,,,,,,,,,3,1,1,1.0,1
201400012312,0014-06-12 03:00:00,14,6,12,3,0,660,164,,,,Nuit sans éclairage public,Hors agglomération,Hors intersection,Normale,Autre collision,,,,,,,,,,,3,1,1,1.0,6
201400012313,0014-06-16 15:00:00,14,6,16,15,0,660,217,,,,Plein jour,Hors agglomération,Hors intersection,Normale,Autre collision,,,,,,,,,,,1,1,1,1.0,6
201400012314,0014-06-26 14:00:00,14,6,26,14,0,660,190,,,,Plein jour,Hors agglomération,Hors intersection,Normale,Deux véhicules - arrière,,,,,,,,,,,1,1,1,1.0,2
201400012315,0014-08-26 01:15:00,14,8,26,1,15,660,15,,42.5783,2.84762,Nuit avec éclairage allumé,Hors agglomération,Autre intersection,Normale,Autre collision,,,,,,,,,,,5,1,9,1.0,6
201400012316,0014-09-14 05:45:00,14,9,14,5,45,660,137,,42.47253,2.8629,Nuit sans éclairage public,Hors agglomération,Hors intersection,Normale,Autre collision,,,,,,,,,,,3,1,1,1.0,6
201400012317,0014-09-20 05:15:00,14,9,20,5,15,660,164,,,,Nuit sans éclairage public,Hors agglomération,Hors intersection,Normale,Autre collision,,,,,,,,,,,3,1,1,1.0,6
201400012318,0014-10-30 16:45:00,14,10,30,16,45,660,214,,,,Plein jour,Hors agglomération,Hors intersection,Normale,Sans collision,,,,,,,,,,,1,1,1,1.0,7
201400012319,0014-12-21 15:30:00,14,12,21,15,30,660,106,,,,Crépuscule ou aube,Hors agglomération,Autre intersection,Normale,Deux véhicules - frontale,,,,,,,,,,,2,1,9,1.0,1
201400012320,0014-05-27 15:30:00,14,5,27,15,30,670,67,,,,Plein jour,Hors agglomération,Hors intersection,Normale,Deux véhicules - frontale,,,,,,,,,,,1,1,1,1.0,1
201400012321,0014-06-06 03:30:00,14,6,6,3,30,670,67,,,,Nuit sans éclairage public,Hors agglomération,Hors intersection,Normale,Deux véhicules - arrière,,,,,,,,,,,3,1,1,1.0,2
201400012322,0014-09-19 17:30:00,14,9,19,17,30,670,460,,,,Plein jour,Hors agglomération,Hors intersection,Normale,Deux véhicules - arrière,,,,,,,,,,,1,1,1,1.0,2
201400012323,0014-10-14 05:15:00,14,10,14,5,15,670,506,,,,Nuit sans éclairage public,Hors agglomération,Hors intersection,Normale,Trois véhicules et plus - collisions multiples,,,,,,,,,,,3,1,1,1.0,5
201400012324,0014-12-12 17:00:00,14,12,12,17,0,670,67,,,,Crépuscule ou aube,Hors agglomération,Hors intersection,Normale,Trois véhicules et plus - collisions multiples,,,,,,,,,,,2,1,1,1.0,5
201400012325,0014-03-13 04:15:00,14,3,13,4,15,620,701,,50.58019,2.36945,Nuit sans éclairage public,Hors agglomération,Hors intersection,Normale,Autre collision,,,,,,,,,,,3,1,1,1.0,6
201400012326,0014-10-08 13:45:00,14,10,8,13,45,620,186,,,,Plein jour,Hors agglomération,Hors intersection,Pluie légère,Autre collision,,,,,,,,,,,1,1,1,2.0,6
201400012327,0014-12-26 10:45:00,14,12,26,10,45,620,224,,,,Plein jour,Hors agglomération,Hors intersection,Normale,Autre collision,,,,,,,,,,,1,1,1,1.0,6
201400012328,0014-12-29 14:30:00,14,12,29,14,30,620,737,,,,Plein jour,Hors agglomération,Hors intersection,Pluie légère,Deux véhicules - côté,,,,,,,,,,,1,1,1,2.0,3
201400012329,0014-05-14 16:00:00,14,5,14,16,0,440,210,rd pt des herbins,47.295,-2.209,Plein jour,Hors agglomération,Giratoire,Normale,Deux véhicules - côté,,,,,,,,,,,1,1,6,1.0,3
201400012330,0014-10-10 09:15:00,14,10,10,9,15,530,219,,48.30957,-0.67613,Plein jour,Hors agglomération,Hors intersection,Brouillard / fumée,Trois véhicules et plus - en chaîne,,,,,,,,,,,1,1,1,5.0,4
201400012331,0014-12-17 14:00:00,14,12,17,14,0,530,155,,48.29937,-0.88945,Plein jour,Hors agglomération,Intersection en T,Pluie légère,Trois véhicules et plus - en chaîne,,,,,,,,,,,1,1,3,2.0,4
201400012332,0014-01-03 22:15:00,14,1,3,22,15,620,621,,50.881,2.01149,Nuit sans éclairage public,Hors agglomération,Hors intersection,Neige / grêle,Deux véhicules - frontale,,,,,,,,,,,3,1,1,4.0,1
201400012333,0014-12-28 18:45:00,14,12,28,18,45,620,504,,,,Nuit sans éclairage public,Hors agglomération,Hors intersection,Normale,Trois véhicules et plus - collisions multiples,,,,,,,,,,,3,1,1,1.0,5
201400012334,0014-05-26 07:45:00,14,5,26,7,45,270,16,,49.16,1.25,Plein jour,Hors agglomération,Autre intersection,Pluie légère,Deux véhicules - frontale,,,,,,,,,,,1,1,9,2.0,1
201400012335,0014-12-12 16:00:00,14,12,12,16,0,170,348,,45.81894,-0.93115,Plein jour,Hors agglomération,Intersection en X,Temps couvert,Deux véhicules - frontale,,,,,,,,,,,1,1,2,8.0,1
201400012336,0014-10-16 07:45:00,14,10,16,7,45,790,49,,,,Crépuscule ou aube,Hors agglomération,Intersection en T,Temps couvert,Deux véhicules - arrière,,,,,,,,,,,2,1,3,8.0,2
201400012337,0014-07-28 07:15:00,14,7,28,7,15,770,32,"RN 4, PK 52+466",48.42038,3.14586,Plein jour,En agglomération,Hors intersection,Normale,Deux véhicules - frontale,,,,,,,,,,,1,2,1,1.0,1
201400012338,0014-08-05 10:15:00,14,8,5,10,15,770,327,Carrefour RD 201 / RD 12,,,Plein jour,En agglomération,Intersection en X,Normale,Deux véhicules - côté,,,,,,,,,,,1,2,2,1.0,3
201400012339,0014-02-26 23:30:00,14,2,26,23,30,180,33,,,,Nuit avec éclairage non allumé,Hors agglomération,Hors intersection,Normale,Deux véhicules - arrière,,,,,,,,,,,4,1,1,1.0,2
201400012340,0014-03-31 07:45:00,14,3,31,7,45,180,126,,,,Plein jour,Hors agglomération,Hors intersection,Normale,Autre collision,,,,,,,,,,,1,1,1,1.0,6
201400012341,0014-03-31 13:30:00,14,3,31,13,30,180,33,,,,Plein jour,Hors agglomération,Hors intersection,Normale,Autre collision,,,,,,,,,,,1,1,1,1.0,6
201400012342,0014-04-18 02:00:00,14,4,18,2,0,180,89,,,,Nuit sans éclairage public,Hors agglomération,Hors intersection,Normale,Autre collision,,,,,,,,,,,3,1,1,1.0,6
201400012343,0014-08-09 02:45:00,14,8,9,2,45,180,63,,,,Nuit sans éclairage public,Hors agglomération,Hors intersection,Normale,Autre collision,,,,,,,,,,,3,1,1,1.0,6
201400012344,0014-11-08 18:45:00,14,11,8,18,45,180,63,,,,Nuit sans éclairage public,Hors agglomération,Hors intersection,Temps couvert,Autre collision,,,,,,,,,,,3,1,1,8.0,6
201400012345,0014-10-17 15:30:00,14,10,17,15,30,70,155,,,,Plein jour,Hors agglomération,Hors intersection,Normale,Sans collision,,,,,,,,,,,1,1,1,1.0,7
201400012346,0014-03-15 18:45:00,14,3,15,18,45,130,81,,,,Nuit avec éclairage allumé,Hors agglomération,Hors intersection,Vent fort / tempête,Autre collision,,,,,,,,,,,5,1,1,6.0,6
201400012347,0014-06-03 15:15:00,14,6,3,15,15,130,88,RN568/Bd Carreirade,43.36806,5.251,Plein jour,En agglomération,Hors intersection,Normale,Trois véhicules et plus - collisions multiples,,,,,,,,,,,1,2,1,1.0,5
201400012348,0014-06-07 17:30:00,14,6,7,17,30,130,14,,43.51941,5.1708,Plein jour,Hors agglomération,Hors intersection,Normale,Autre collision,,,,,,,,,,,1,1,1,1.0,6
201400012349,0014-07-12 05:45:00,14,7,12,5,45,130,33,,,,Crépuscule ou aube,Hors agglomération,Hors intersection,Normale,Deux véhicules - frontale,,,,,,,,,,,2,1,1,1.0,1
201400012350,0014-07-18 23:00:00,14,7,18,23,0,130,63,,43.48214,5.16548,Nuit sans éclairage public,Hors agglomération,Giratoire,Normale,Autre collision,,,,,,,,,,,3,1,6,1.0,6
201400012351,0014-03-27 19:45:00,14,3,27,19,45,130,22,,,,Nuit sans éclairage public,Hors agglomération,Hors intersection,Normale,Trois véhicules et plus - collisions multiples,,,,,,,,,,,3,1,1,1.0,5
201400012352,0014-04-16 09:00:00,14,4,16,9,0,130,13,,,,Plein jour,Hors agglomération,Hors intersection,Normale,Deux véhicules - côté,,,,,,,,,,,1,1,1,1.0,3
201400012353,0014-04-20 16:30:00,14,4,20,16,30,130,7,,,,Plein jour,Hors agglomération,Hors intersection,Normale,Sans collision,,,,,,,,,,,1,1,1,1.0,7
201400012354,0014-04-26 17:15:00,14,4,26,17,15,130,42,,,,Plein jour,Hors agglomération,Hors intersection,Normale,Trois véhicules et plus - collisions multiples,,,,,,,,,,,1,1,1,1.0,5
201400012355,0014-06-08 09:45:00,14,6,8,9,45,130,30,,,,Plein jour,Hors agglomération,Hors intersection,Normale,Deux véhicules - frontale,,,,,,,,,,,1,1,1,1.0,1
201400012356,0014-07-18 14:15:00,14,7,18,14,15,130,22,,,,Plein jour,Hors agglomération,Hors intersection,Normale,Deux véhicules - côté,,,,,,,,,,,1,1,1,1.0,3
201400012357,0014-07-26 21:15:00,14,7,26,21,15,130,7,,43.373,5.659,Crépuscule ou aube,Hors agglomération,Hors intersection,Normale,Deux véhicules - frontale,,,,,,,,,,,2,1,1,1.0,1
201400012358,0014-07-29 20:15:00,14,7,29,20,15,130,42,Coord GPS,43.273,5.648,Plein jour,Hors agglomération,Hors intersection,Normale,Trois véhicules et plus - collisions multiples,,,,,,,,,,,1,1,1,1.0,5
201400012359,0014-10-13 07:00:00,14,10,13,7,0,130,7,,,,Crépuscule ou aube,Hors agglomération,Hors intersection,Pluie légère,Trois véhicules et plus - collisions multiples,,,,,,,,,,,2,1,1,2.0,5
201400012360,0014-10-28 05:15:00,14,10,28,5,15,130,42,,,,Nuit avec éclairage allumé,Hors agglomération,Hors intersection,Normale,Sans collision,,,,,,,,,,,5,1,1,1.0,7
201400012361,0014-12-03 15:15:00,14,12,3,15,15,840,37,,,,Plein jour,Hors agglomération,Hors intersection,Normale,Sans collision,,,,,,,,,,,1,1,1,1.0,7
201400012362,0014-12-12 07:30:00,14,12,12,7,30,340,31,,43.607,3.683,Nuit sans éclairage public,Hors agglomération,Hors intersection,Normale,Trois véhicules et plus - collisions multiples,,,,,,,,,,,3,1,1,1.0,5