accident_id,datetime,annee,mois,jour,heure,minute,departement,commune_insee,adresse,latitude,longitude,luminosite,agglomeration,intersection,meteo,collision,nb_vehicules,nb_usagers,nb_indemnes,nb_tues,nb_blesses_hosp,nb_blesses_legers,age_cond_1,age_cond_2,veh_type_cond_1,veh_type_cond_2,lum_code,agg_code,int_code,atm_code,col_code
201400012500,0014-07-15 08:15:00,14,7,15,8,15,330,284,,,,Plein jour,Hors agglomération,Hors intersection,Temps éblouissant,Sans collision,,,,,,,,,,,1,1,1,7.0,7
201400012501,0014-08-25 19:30:00,14,8,25,19,30,330,284,,,,Plein jour,Hors agglomération,Hors intersection,Normale,Deux véhicules - arrière,,,,,,,,,,,1,1,1,1.0,2
201400012502,0014-08-26 13:00:00,14,8,26,13,0,330,498,,,,Plein jour,Hors agglomération,Hors intersection,Pluie légère,Trois véhicules et plus - en chaîne,,,,,,,,,,,1,1,1,2.0,4
201400012503,0014-09-02 21:00:00,14,9,2,21,0,330,284,,,,Nuit sans éclairage public,Hors agglomération,Hors intersection,Normale,Sans collision,,,,,,,,,,,3,1,1,1.0,7
201400012504,0014-11-24 13:45:00,14,11,24,13,45,330,284,,,,Plein jour,Hors agglomération,Hors intersection,Normale,Deux véhicules - arrière,,,,,,,,,,,1,1,1,1.0,2
201400012505,0014-01-19 16:45:00,14,1,19,16,45,740,256,341 AVENUE DE GENEVE,,,Plein jour,En agglomération,Hors intersection,Normale,Deux véhicules - arrière,,,,,,,,,,,1,2,1,1.0,2
201400012506,0014-07-09 00:15:00,14,7,9,0,15,740,208,,,,Nuit sans éclairage public,Hors agglomération,Hors intersection,Temps couvert,Autre collision,,,,,,,,,,,3,1,1,8.0,6
201400012507,0014-10-28 11:30:00,14,10,28,11,30,740,56,,,,Plein jour,Hors agglomération,Hors intersection,Normale,Deux véhicules - arrière,,,,,,,,,,,1,1,1,1.0,2
201400012508,0014-08-20 06:15:00,14,8,20,6,15,460,256,,,,Crépuscule ou aube,Hors agglomération,Hors intersection,Normale,Autre collision,,,,,,,,,,,2,1,1,1.0,6
201400012509,0014-10-01 15:15:00,14,10,1,15,15,460,37,,44.48587,1.64426,Plein jour,Hors agglomération,Hors intersection,Normale,Deux véhicules - frontale,,,,,,,,,,,1,1,1,1.0,1
201400012510,0014-08-10 08:45:00,14,8,10,8,45,690,112,,,,Plein jour,Hors agglomération,Hors intersection,Normale,Autre collision,,,,,,,,,,,1,1,1,1.0,6
201400012511,0014-08-10 15:00:00,14,8,10,15,0,690,102,,,,Plein jour,Hors agglomération,Hors intersection,Normale,Autre collision,,,,,,,,,,,1,1,1,1.0,6
201400012512,0014-03-29 18:45:00,14,3,29,18,45,720,61,,,,Crépuscule ou aube,Hors agglomération,Hors intersection,Neige / grêle,Deux véhicules - arrière,,,,,,,,,,,2,1,1,4.0,2
201400012513,0014-04-20 09:30:00,14,4,20,9,30,720,22,,,,Plein jour,Hors agglomération,Hors intersection,Normale,Deux véhicules - arrière,,,,,,,,,,,1,1,1,1.0,2
201400012514,0014-06-16 05:30:00,14,6,16,5,30,720,149,,,,Crépuscule ou aube,Hors agglomération,Hors intersection,Normale,Sans collision,,,,,,,,,,,2,1,1,1.0,7
201400012515,0014-07-15 15:00:00,14,7,15,15,0,720,223,,,,Plein jour,Hors agglomération,Hors intersection,Normale,Autre collision,,,,,,,,,,,1,1,1,1.0,6
201400012516,0014-09-20 16:30:00,14,9,20,16,30,720,127,,,,Plein jour,Hors agglomération,Hors intersection,Normale,Autre collision,,,,,,,,,,,1,1,1,1.0,6
201400012517,0014-11-01 15:00:00,14,11,1,15,0,720,149,,,,Plein jour,Hors agglomération,Hors intersection,Normale,Autre collision,,,,,,,,,,,1,1,1,1.0,6
201400012518,0014-12-10 14:00:00,14,12,10,14,0,720,253,,,,Plein jour,Hors agglomération,Hors intersection,Normale,Sans collision,,,,,,,,,,,1,1,1,1.0,7
201400012519,0014-12-24 00:30:00,14,12,24,0,30,720,177,,,,Nuit sans éclairage public,Hors agglomération,Hors intersection,Normale,Trois véhicules et plus - collisions multiples,,,,,,,,,,,3,1,1,1.0,5
201400012520,0014-02-08 06:45:00,14,2,8,6,45,680,21,,47.63543,7.50095,Nuit sans éclairage public,Hors agglomération,Hors intersection,Normale,Deux véhicules - arrière,,,,,,,,,,,3,1,1,1.0,2
201400012521,0014-03-09 05:45:00,14,3,9,5,45,680,301,,47.68511,7.45458,Nuit sans éclairage public,Hors agglomération,Hors intersection,Normale,Deux véhicules - arrière,,,,,,,,,,,3,1,1,1.0,2
201400012522,0014-03-21 16:30:00,14,3,21,16,30,680,309,,47.66761,7.47675,Plein jour,Hors agglomération,Hors intersection,Normale,Trois véhicules et plus - en chaîne,,,,,,,,,,,1,1,1,1.0,4
201400012523,0014-03-28 04:50:00,14,3,28,4,50,680,309,,47.65713,7.48686,Nuit sans éclairage public,Hors agglomération,Hors intersection,Normale,Deux véhicules - côté,,,,,,,,,,,3,1,1,1.0,3
201400012524,0014-04-08 17:45:00,14,4,8,17,45,680,301,,47.69892,7.44221,Plein jour,Hors agglomération,Hors intersection,Normale,Deux véhicules - arrière,,,,,,,,,,,1,1,1,1.0,2
201400012525,0014-04-26 12:30:00,14,4,26,12,30,680,72,,47.70024,7.44128,Plein jour,Hors agglomération,Hors intersection,Normale,Autre collision,,,,,,,,,,,1,1,1,1.0,6
201400012526,0014-05-03 01:00:00,14,5,3,1,0,680,72,,47.70045,7.44133,Nuit sans éclairage public,Hors agglomération,Hors intersection,Pluie légère,Autre collision,,,,,,,,,,,3,1,1,2.0,6
201400012527,0014-10-24 08:30:00,14,10,24,8,30,680,42,,47.61649,7.51597,Plein jour,Hors agglomération,Hors intersection,Normale,Autre collision,,,,,,,,,,,1,1,1,1.0,6
201400012528,0014-02-17 07:30:00,14,2,17,7,30,530,267,,48.05078,-0.44148,Nuit sans éclairage public,Hors agglomération,Hors intersection,Normale,Autre collision,,,,,,,,,,,3,1,1,1.0,6
201400012529,0014-03-23 13:45:00,14,3,23,13,45,530,45,,48.07747,-0.96978,Plein jour,Hors agglomération,Hors intersection,Neige / grêle,Autre collision,,,,,,,,,,,1,1,1,4.0,6
201400012530,0014-05-04 16:45:00,14,5,4,16,45,530,34,,48.10426,-0.73567,Plein jour,Hors agglomération,Autre intersection,Normale,Autre collision,,,,,,,,,,,1,1,9,1.0,6
201400012531,0014-05-15 10:45:00,14,5,15,10,45,530,108,,48.08274,-1.03562,Plein jour,Hors agglomération,Hors intersection,Normale,Deux véhicules - arrière,,,,,,,,,,,1,1,1,1.0,2
201400012532,0014-06-12 10:45:00,14,6,12,10,45,530,108,,48.08305,-1.02687,Plein jour,Hors agglomération,Hors intersection,Normale,Deux véhicules - frontale,,,,,,,,,,,1,1,1,1.0,1
201400012533,0014-06-16 12:00:00,14,6,16,12,0,530,137,,48.07448,-0.93991,Plein jour,Hors agglomération,Hors intersection,Normale,Autre collision,,,,,,,,,,,1,1,1,1.0,6
201400012534,0014-10-22 07:45:00,14,10,22,7,45,530,276,,48.14369,-0.28588,Nuit sans éclairage public,Hors agglomération,Hors intersection,Pluie légère,Deux véhicules - frontale,,,,,,,,,,,3,1,1,2.0,1
201400012535,0014-12-01 22:45:00,14,12,1,22,45,530,262,,48.06227,-0.59813,Nuit sans éclairage public,Hors agglomération,Hors intersection,Temps couvert,Deux véhicules - frontale,,,,,,,,,,,3,1,1,8.0,1
201400012536,0014-01-21 08:15:00,14,1,21,8,15,440,163,,,,Nuit sans éclairage public,Hors agglomération,Hors intersection,Normale,Deux véhicules - côté,,,,,,,,,,,3,1,1,1.0,3
201400012537,0014-03-21 18:15:00,14,3,21,18,15,440,3,,,,Crépuscule ou aube,Hors agglomération,Hors intersection,Normale,Sans collision,,,,,,,,,,,2,1,1,1.0,7
201400012538,0014-05-29 18:15:00,14,5,29,18,15,440,213,,47.424,-1.028,Plein jour,Hors agglomération,Hors intersection,Normale,Autre collision,,,,,,,,,,,1,1,1,1.0,6
201400012539,0014-08-15 19:45:00,14,8,15,19,45,440,3,péage,,,Plein jour,Hors agglomération,Hors intersection,Normale,Autre collision,,,,,,,,,,,1,1,1,1.0,6
201400012540,0014-09-22 16:30:00,14,9,22,16,30,440,163,,,,Plein jour,Hors agglomération,Hors intersection,Normale,Sans collision,,,,,,,,,,,1,1,1,1.0,7
201400012541,0014-05-23 16:30:00,14,5,23,16,30,470,169,,44.1587,0.61511,Plein jour,Hors agglomération,Hors intersection,Normale,Autre collision,,,,,,,,,,,1,1,1,1.0,6
201400012542,0014-07-16 15:00:00,14,7,16,15,0,470,41,,44.2127,0.42632,Plein jour,Hors agglomération,Hors intersection,Temps éblouissant,Deux véhicules - frontale,,,,,,,,,,,1,1,1,7.0,1
201400012543,0014-08-30 14:00:00,14,8,30,14,0,470,91,,44.1658,0.58569,Plein jour,Hors agglomération,Hors intersection,Normale,Autre collision,,,,,,,,,,,1,1,1,1.0,6
201400012544,0014-03-19 17:45:00,14,3,19,17,45,310,202,,,,Plein jour,Hors agglomération,Hors intersection,Normale,Deux véhicules - arrière,,,,,,,,,,,1,1,1,1.0,2
201400012545,0014-04-20 21:30:00,14,4,20,21,30,820,27,,43.887,1.3172,Nuit sans éclairage public,Hors agglomération,Hors intersection,Pluie légère,Deux véhicules - arrière,,,,,,,,,,,3,1,1,2.0,2
201400012546,0014-09-23 10:30:00,14,9,23,10,30,820,85,,,,Plein jour,Hors agglomération,Hors intersection,Normale,Trois véhicules et plus - collisions multiples,,,,,,,,,,,1,1,1,1.0,5
201400012547,0014-12-06 18:15:00,14,12,6,18,15,820,79,,,,Plein jour,Hors agglomération,Hors intersection,Normale,Trois véhicules et plus - en chaîne,,,,,,,,,,,1,1,1,1.0,4
201400012548,0014-12-12 05:15:00,14,12,12,5,15,820,149,,,,Nuit sans éclairage public,Hors agglomération,Hors intersection,Brouillard / fumée,Deux véhicules - arrière,,,,,,,,,,,3,1,1,5.0,2
201400012549,0014-12-11 06:30:00,14,12,11,6,30,820,25,,,,Nuit sans éclairage public,Hors agglomération,Hors intersection,Normale,Sans collision,,,,,,,,,,,3,1,1,1.0,7
201400012550,0014-07-19 09:00:00,14,7,19,9,0,201,90,,42.09844,8.72431,Plein jour,Hors agglomération,Hors intersection,Normale,Sans collision,,,,,,,,,,,1,1,1,1.0,7
201400012551,0014-12-31 11:45:00,14,12,31,11,45,201,934,RD70,,,Plein jour,En agglomération,Intersection en X,Temps couvert,Autre collision,,,,,,,,,,,1,2,2,8.0,6
201400012552,0014-06-17 11:15:00,14,6,17,11,15,201,331,,41.83692,8.96417,Plein jour,Hors agglomération,Hors intersection,Pluie légère,Deux véhicules - frontale,,,,,,,,,,,1,1,1,2.0,1
201400012553,0014-03-03 14:15:00,14,3,3,14,15,390,219,,,,Plein jour,Hors agglomération,Hors intersection,Normale,Deux véhicules - côté,,,,,,,,,,,1,1,1,1.0,3
201400012554,0014-06-23 09:00:00,14,6,23,9,0,390,465,,,,Plein jour,Hors agglomération,Hors intersection,Normale,Autre collision,,,,,,,,,,,1,1,1,1.0,6
201400012555,0014-10-21 15:00:00,14,10,21,15,0,390,501,,,,Plein jour,Hors agglomération,Hors intersection,Normale,Autre collision,,,,,,,,,,,1,1,1,1.0,6
201400012556,0014-11-19 17:30:00,14,11,19,17,30,390,31,,,,Crépuscule ou aube,Hors agglomération,Hors intersection,Normale,Autre collision,,,,,,,,,,,2,1,1,1.0,6
201400012557,0014-03-14 16:00:00,14,3,14,16,0,380,431,,45.26292,5.84226,Plein jour,Hors agglomération,Hors intersection,Normale,Deux véhicules - arrière,,,,,,,,,,,1,1,1,1.0,2
201400012558,0014-03-19 08:15:00,14,3,19,8,15,380,471,les Boullières,45.25037,5.76642,Plein jour,Hors agglomération,Hors intersection,Normale,Deux véhicules - arrière,,,,,,,,,,,1,1,1,1.0,2
201400012559,0014-04-16 10:00:00,14,4,16,10,0,380,471,D512,,,Plein jour,En agglomération,Hors intersection,Normale,Deux véhicules - frontale,,,,,,,,,,,1,2,1,1.0,1
201400012560,0014-05-13 19:15:00,14,5,13,19,15,380,249,,,,Plein jour,Hors agglomération,Hors intersection,Pluie légère,Autre collision,,,,,,,,,,,1,1,1,2.0,6
201400012561,0014-09-02 16:15:00,14,9,2,16,15,380,140,,,,Plein jour,En agglomération,Hors intersection,Normale,Deux véhicules - côté,,,,,,,,,,,1,2,1,1.0,3
201400012562,0014-09-07 11:45:00,14,9,7,11,45,380,39,,45.27071,5.84116,Plein jour,Hors agglomération,Hors intersection,Normale,Deux véhicules - côté,,,,,,,,,,,1,1,1,1.0,3
201400012563,0014-11-13 09:30:00,14,11,13,9,30,380,229,avenue du gr?sivaudan,,,Plein jour,En agglomération,Hors intersection,Normale,Deux véhicules - côté,,,,,,,,,,,1,2,1,1.0,3
201400012564,0014-12-09 07:15:00,14,12,9,7,15,380,249,CD 11 PK 2.8,,,Nuit sans éclairage public,En agglomération,Hors intersection,Pluie légère,Deux véhicules - côté,,,,,,,,,,,3,2,1,2.0,3
201400012565,0014-03-02 23:00:00,14,3,2,23,0,60,85,AVENUE MARECHAL JUIN,,,Nuit avec éclairage allumé,En agglomération,Hors intersection,Normale,Deux véhicules - côté,,,,,,,,,,,5,2,1,1.0,3
201400012566,0014-05-09 09:45:00,14,5,9,9,45,60,85,route de vallauris,,,Plein jour,En agglomération,Hors intersection,Normale,Deux véhicules - frontale,,,,,,,,,,,1,2,1,1.0,1
201400012567,0014-08-27 11:30:00,14,8,27,11,30,60,85,16 avenue de tournamy,,,Plein jour,En agglomération,Hors intersection,Normale,Autre collision,,,,,,,,,,,1,2,1,1.0,6
201400012568,0014-09-17 07:30:00,14,9,17,7,30,60,85,chemin des campelieres,,,Plein jour,En agglomération,Hors intersection,Normale,Deux véhicules - côté,,,,,,,,,,,1,2,1,1.0,3
201400012569,0014-09-20 02:00:00,14,9,20,2,0,60,85,rond point de la victoir,,,Nuit avec éclairage allumé,En agglomération,Giratoire,Normale,Deux véhicules - arrière,,,,,,,,,,,5,2,6,1.0,2
201400012570,0014-09-26 18:45:00,14,9,26,18,45,60,85,avenue du golf,,,Plein jour,En agglomération,Hors intersection,Normale,Deux véhicules - arrière,,,,,,,,,,,1,2,1,1.0,2
201400012571,0014-10-20 14:15:00,14,10,20,14,15,60,85,1318 chemin des peyroues,,,Plein jour,En agglomération,Hors intersection,Normale,Deux véhicules - côté,,,,,,,,,,,1,2,1,1.0,3
201400012572,0014-12-11 07:30:00,14,12,11,7,30,60,85,route de la roquette,,,Plein jour,En agglomération,Hors intersection,Normale,Deux véhicules - arrière,,,,,,,,,,,1,2,1,1.0,2
201400012573,0014-12-18 23:30:00,14,12,18,23,30,60,85,45 avenue saint basile,,,Nuit avec éclairage allumé,En agglomération,Hors intersection,Normale,Autre collision,,,,,,,,,,,5,2,1,1.0,6
201400012574,0014-01-11 00:30:00,14,1,11,0,30,780,189,,,,Nuit sans éclairage public,Hors agglomération,Hors intersection,Pluie légère,Deux véhicules - frontale,,,,,,,,,,,3,1,1,2.0,1
201400012575,0014-04-09 19:00:00,14,4,9,19,0,780,466,,,,Plein jour,Hors agglomération,Hors intersection,Normale,Deux véhicules - côté,,,,,,,,,,,1,1,1,1.0,3
201400012576,0014-05-10 15:45:00,14,5,10,15,45,780,10,,48.919,1.935,Plein jour,Hors agglomération,Hors intersection,Normale,Deux véhicules - côté,,,,,,,,,,,1,1,1,1.0,3
201400012577,0014-05-17 11:30:00,14,5,17,11,30,780,466,,48.932,1.998,Plein jour,Hors agglomération,Hors intersection,Normale,Deux véhicules - frontale,,,,,,,,,,,1,1,1,1.0,1
201400012578,0014-08-10 04:15:00,14,8,10,4,15,780,189,,48.901,1.952,Nuit sans éclairage public,Hors agglomération,Hors intersection,Normale,Autre collision,,,,,,,,,,,3,1,1,1.0,6
201400012579,0014-03-11 08:00:00,14,3,11,8,0,330,122,,44.746,-0.764,Plein jour,Hors agglomération,Giratoire,Normale,Deux véhicules - côté,,,,,,,,,,,1,1,6,1.0,3
201400012580,0014-04-17 02:45:00,14,4,17,2,45,330,122,,44.765,-0.633,Nuit sans éclairage public,Hors agglomération,Hors intersection,Normale,Autre collision,,,,,,,,,,,3,1,1,1.0,6
201400012581,0014-02-10 13:30:00,14,2,10,13,30,660,213,,,,Plein jour,Hors agglomération,Hors intersection,Vent fort / tempête,Deux véhicules - frontale,,,,,,,,,,,1,1,1,6.0,1
201400012582,0014-01-04 05:30:00,14,1,4,5,30,670,348,,,,Nuit sans éclairage public,Hors agglomération,Hors intersection,Temps couvert,Trois véhicules et plus - collisions multiples,,,,,,,,,,,3,1,1,8.0,5
201400012583,0014-04-13 03:45:00,14,4,13,3,45,670,125,"PV, SENS STRASBG-COLMAR",,,Nuit sans éclairage public,Hors agglomération,Hors intersection,Normale,Autre collision,,,,,,,,,,,3,1,1,1.0,6
201400012584,0014-05-25 17:45:00,14,5,25,17,45,670,84,,,,Plein jour,Hors agglomération,Hors intersection,Normale,Autre collision,,,,,,,,,,,1,1,1,1.0,6
201400012585,0014-06-18 17:15:00,14,6,18,17,15,670,329,,,,Plein jour,Hors agglomération,Hors intersection,Normale,Trois véhicules et plus - en chaîne,,,,,,,,,,,1,1,1,1.0,4
201400012586,0014-06-28 11:45:00,14,6,28,11,45,670,223,,,,Plein jour,Hors agglomération,Hors intersection,Pluie légère,Deux véhicules - arrière,,,,,,,,,,,1,1,1,2.0,2
201400012587,0014-07-08 11:15:00,14,7,8,11,15,670,8,,,,Plein jour,Hors agglomération,Hors intersection,Temps couvert,Autre collision,,,,,,,,,,,1,1,1,8.0,6
201400012588,0014-07-18 15:30:00,14,7,18,15,30,670,411,,,,Plein jour,Hors agglomération,Hors intersection,Normale,Autre collision,,,,,,,,,,,1,1,1,1.0,6
201400012589,0014-10-10 20:15:00,14,10,10,20,15,670,329,PV,,,Nuit sans éclairage public,Hors agglomération,Hors intersection,Pluie forte,Trois véhicules et plus - en chaîne,,,,,,,,,,,3,1,1,3.0,4
201400012590,0014-11-28 16:00:00,14,11,28,16,0,670,239,,,,Plein jour,Hors agglomération,Hors intersection,Normale,Deux véhicules - côté,,,,,,,,,,,1,1,1,1.0,3
201400012591,0014-01-06 11:45:00,14,1,6,11,45,790,31,,,,Plein jour,Hors agglomération,Hors intersection,Normale,Sans collision,,,,,,,,,,,1,1,1,1.0,7
201400012592,0014-08-03 20:00:00,14,8,3,20,0,330,351,,,,Crépuscule ou aube,Hors agglomération,Hors intersection,Normale,Sans collision,,,,,,,,,,,2,1,1,1.0,7
201400012593,0014-10-04 04:30:00,14,10,4,4,30,170,236,,45.35434,-0.58393,Nuit sans éclairage public,Hors agglomération,Hors intersection,Normale,Deux véhicules - côté,,,,,,,,,,,3,1,1,1.0,3
201400012594,0014-01-12 21:00:00,14,1,12,21,0,10,91,,,,Nuit sans éclairage public,Hors agglomération,Hors intersection,Normale,Trois véhicules et plus - collisions multiples,,,,,,,,,,,3,1,1,1.0,5
201400012595,0014-02-13 09:00:00,14,2,13,9,0,740,201,,,,Plein jour,Hors agglomération,Hors intersection,Pluie forte,Autre collision,,,,,,,,,,,1,1,1,3.0,6
201400012596,0014-04-11 00:15:00,14,4,11,0,15,740,9,,,,Nuit avec éclairage allumé,Hors agglomération,Hors intersection,Normale,Sans collision,,,,,,,,,,,5,1,1,1.0,7
201400012597,0014-04-27 15:15:00,14,4,27,15,15,10,91,,,,Plein jour,Hors agglomération,Hors intersection,Normale,Autre collision,,,,,,,,,,,1,1,1,1.0,6
201400012598,0014-05-18 22:00:00,14,5,18,22,0,740,44,,,,Nuit sans éclairage public,Hors agglomération,Hors intersection,Normale,Sans collision,,,,,,,,,,,3,1,1,1.0,7
201400012599,0014-06-01 10:30:00,14,6,1,10,30,740,243,,,,Plein jour,Hors agglomération,Hors intersection,Normale,Autre collision,,,,,,,,,,,1,1,1,1.0,6
201400012600,0014-07-11 06:45:00,14,7,11,6,45,740,16,,,,Crépuscule ou aube,Hors agglomération,Hors intersection,Normale,Sans collision,,,,,,,,,,,2,1,1,1.0,7
201400012601,0014-07-29 17:15:00,14,7,29,17,15,740,82,,,,Plein jour,Hors agglomération,Hors intersection,Pluie légère,Autre collision,,,,,,,,,,,1,1,1,2.0,6
201400012602,0014-09-20 07:00:00,14,9,20,7,0,740,288,,,,Plein jour,Hors agglomération,Hors intersection,Normale,Autre collision,,,,,,,,,,,1,1,1,1.0,6
201400012603,0014-11-04 21:30:00,14,11,4,21,30,740,201,,,,Nuit avec éclairage allumé,Hors agglomération,Hors intersection,Pluie forte,Deux véhicules - arrière,,,,,,,,,,,5,1,1,3.0,2
201400012604,0014-12-13 07:15:00,14,12,13,7,15,740,118,,,,Crépuscule ou aube,Hors agglomération,Hors intersection,Normale,Autre collision,,,,,,,,,,,2,1,1,1.0,6
201400012605,0014-03-10 13:15:00,14,3,10,13,15,201,139,,41.67379,9.31383,Plein jour,Hors agglomération,Autre intersection,Normale,Deux véhicules - frontale,,,,,,,,,,,1,1,9,1.0,1
201400012606,0014-05-30 20:15:00,14,5,30,20,15,201,139,allee Ile de beaute,41.63383,9.34551,Plein jour,En agglomération,Hors intersection,Normale,Deux véhicules - côté,,,,,,,,,,,1,2,1,1.0,3
201400012607,0014-07-10 18:00:00,14,7,10,18,0,201,269,,41.8078,9.399,Plein jour,Hors agglomération,Hors intersection,Normale,Trois véhicules et plus - collisions multiples,,,,,,,,,,,1,1,1,1.0,5
201400012608,0014-08-18 10:30:00,14,8,18,10,30,201,139,,41.7037,9.35693,Plein jour,Hors agglomération,Hors intersection,Normale,Deux véhicules - côté,,,,,,,,,,,1,1,1,1.0,3
201400012609,0014-08-27 14:15:00,14,8,27,14,15,201,139,,,,Plein jour,Hors agglomération,Hors intersection,Normale,Sans collision,,,,,,,,,,,1,1,1,1.0,7
201400012610,0014-10-09 08:30:00,14,10,9,8,30,201,139,la croix,41.68399,9.319,Plein jour,En agglomération,Hors intersection,Temps couvert,Deux véhicules - côté,,,,,,,,,,,1,2,1,8.0,3
201400012611,0014-10-12 16:45:00,14,10,12,16,45,201,92,lieu dit Tarco RN 198,41.751,9.404,Plein jour,En agglomération,Hors intersection,Normale,Autre collision,,,,,,,,,,,1,2,1,1.0,6
201400012612,0014-01-21 18:15:00,14,1,21,18,15,740,268,,,,Crépuscule ou aube,En agglomération,Hors intersection,Temps couvert,Autre collision,,,,,,,,,,,2,2,1,8.0,6
201400012613,0014-02-17 19:45:00,14,2,17,19,45,740,268,76 AVENUE AIX LES BAINS,,,Nuit avec éclairage allumé,En agglomération,Hors intersection,Normale,Deux véhicules - côté,,,,,,,,,,,5,2,1,1.0,3
201400012614,0014-05-16 12:00:00,14,5,16,12,0,740,268,AVENUE HENRI ZANAROLLI,,,Plein jour,En agglomération,Hors intersection,Normale,Deux véhicules - côté,,,,,,,,,,,1,2,1,1.0,3
201400012615,0014-05-21 21:45:00,14,5,21,21,45,740,186,,,,Nuit sans éclairage public,Hors agglomération,Hors intersection,Normale,Autre collision,,,,,,,,,,,3,1,1,1.0,6
201400012616,0014-06-04 20:35:00,14,6,4,20,35,740,186,,,,Plein jour,Hors agglomération,Hors intersection,Normale,Autre collision,,,,,,,,,,,1,1,1,1.0,6
201400012617,0014-06-14 05:30:00,14,6,14,5,30,740,268,route des creuses,,,Crépuscule ou aube,En agglomération,Hors intersection,Normale,Autre collision,,,,,,,,,,,2,2,1,1.0,6
201400012618,0014-09-18 12:00:00,14,9,18,12,0,740,268,RUE DU MURAILLON,,,Plein jour,En agglomération,Intersection en T,Normale,Deux véhicules - côté,,,,,,,,,,,1,2,3,1.0,3
201400012619,0014-12-08 06:45:00,14,12,8,6,45,740,268,,,,Nuit sans éclairage public,Hors agglomération,Intersection en T,Normale,Deux véhicules - arrière,,,,,,,,,,,3,1,3,1.0,2
201400012620,0014-02-09 05:45:00,14,2,9,5,45,10,49,A 42,45.8344,5.03233,Nuit sans éclairage public,Hors agglomération,Hors intersection,Normale,Autre collision,,,,,,,,,,,3,1,1,1.0,6
201400012621,0014-02-19 07:15:00,14,2,19,7,15,690,288,,45.68,5.055,Crépuscule ou aube,Hors agglomération,Hors intersection,Normale,Trois véhicules et plus - en chaîne,,,,,,,,,,,2,1,1,1.0,4
201400012622,0014-03-16 04:30:00,14,3,16,4,30,10,89,,45.9876,5.31285,Nuit sans éclairage public,Hors agglomération,Hors intersection,Normale,Deux véhicules - arrière,,,,,,,,,,,3,1,1,1.0,2
201400012623,0014-05-19 16:45:00,14,5,19,16,45,10,89,,45.993,5.31335,Plein jour,Hors agglomération,Hors intersection,Normale,Sans collision,,,,,,,,,,,1,1,1,1.0,7
201400012624,0014-06-18 22:15:00,14,6,18,22,15,690,288,,,,Nuit sans éclairage public,Hors agglomération,Hors intersection,Normale,Deux véhicules - frontale,,,,,,,,,,,3,1,1,1.0,1
201400012625,0014-06-16 15:15:00,14,6,16,15,15,10,450,,45.9051,5.2333,Plein jour,Hors agglomération,Hors intersection,Normale,Deux véhicules - arrière,,,,,,,,,,,1,1,1,1.0,2
201400012626,0014-10-23 14:15:00,14,10,23,14,15,10,213,,45.9387,5.2866,Plein jour,Hors agglomération,Hors intersection,Normale,Deux véhicules - arrière,,,,,,,,,,,1,1,1,1.0,2
201400012627,0014-09-10 12:30:00,14,9,10,12,30,370,131,SUR LE PONT SENS NORD,,,Plein jour,Hors agglomération,Hors intersection,Normale,Deux véhicules - frontale,,,,,,,,,,,1,1,1,1.0,1
201400012628,0014-11-23 18:15:00,14,11,23,18,15,370,153,,,,Nuit sans éclairage public,Hors agglomération,Hors intersection,Normale,Deux véhicules - côté,,,,,,,,,,,3,1,1,1.0,3
201400012629,0014-01-13 11:45:00,14,1,13,11,45,420,279,,45.49419,4.28762,Plein jour,Hors agglomération,Hors intersection,Temps couvert,Trois véhicules et plus - collisions multiples,,,,,,,,,,,1,1,1,8.0,5
201400012630,0014-02-02 12:30:00,14,2,2,12,30,420,42,Vassalieux,45.45287,4.20883,Plein jour,Hors agglomération,Hors intersection,Normale,Autre collision,,,,,,,,,,,1,1,1,1.0,6
201400012631,0014-02-21 15:15:00,14,2,21,15,15,420,279,53 avenue mellet mandard,45.50552,4.26212,Plein jour,En agglomération,Hors intersection,Normale,Deux véhicules - arrière,,,,,,,,,,,1,2,1,1.0,2
201400012632,0014-05-17 11:15:00,14,5,17,11,15,420,42,Chemin de Sarroux,45.4478,4.2262,Plein jour,Hors agglomération,Hors intersection,Normale,Deux véhicules - frontale,,,,,,,,,,,1,1,1,1.0,1
201400012633,0014-06-07 10:45:00,14,6,7,10,45,420,279,Bd de la Lib?ration,45.49993,4.24027,Plein jour,En agglomération,Hors intersection,Temps éblouissant,Autre collision,,,,,,,,,,,1,2,1,7.0,6
201400012634,0014-06-14 11:30:00,14,6,14,11,30,420,279,,45.50654,4.23924,Plein jour,En agglomération,Hors intersection,Normale,Deux véhicules - frontale,,,,,,,,,,,1,2,1,1.0,1
201400012635,0014-08-07 21:30:00,14,8,7,21,30,420,256,av charles de gaulle,45.49762,4.16585,Nuit avec éclairage allumé,En agglomération,Hors intersection,Normale,Deux véhicules - côté,,,,,,,,,,,5,2,1,1.0,3