accident_id,datetime,annee,mois,jour,heure,minute,departement,commune_insee,adresse,latitude,longitude,luminosite,agglomeration,intersection,meteo,collision,nb_vehicules,nb_usagers,nb_indemnes,nb_tues,nb_blesses_hosp,nb_blesses_legers,age_cond_1,age_cond_2,veh_type_cond_1,veh_type_cond_2,lum_code,agg_code,int_code,atm_code,col_code
201400013034,0014-08-26 10:25:00,14,8,26,10,25,110,69,CITROEN ANDRE,43.21919,2.34378,Plein jour,En agglomération,Hors intersection,Normale,Sans collision,,,,,,,,,,,1,2,1,1.0,7
201400013035,0014-01-25 13:50:00,14,1,25,13,50,110,69,"2, DUPLEIX JOSEPH FRANCO",43.20946,2.32362,Plein jour,Hors agglomération,Hors intersection,Normale,Deux véhicules - côté,,,,,,,,,,,1,1,1,1.0,3
201400013036,0014-01-26 16:04:00,14,1,26,16,4,110,69,"87, BRINGER JEAN -ET IMP",43.21532,2.35304,Plein jour,En agglomération,Hors intersection,Normale,Sans collision,,,,,,,,,,,1,2,1,1.0,7
201400013037,0014-01-31 23:33:00,14,1,31,23,33,110,69,R N 113 sens NARBONNE/TO,43.20427,2.41224,Nuit sans éclairage public,Hors agglomération,Hors intersection,Normale,Sans collision,,,,,,,,,,,3,1,1,1.0,7
201400013038,0014-02-03 07:55:00,14,2,3,7,55,110,69,MONTREAL -ROUTE DE -,43.21343,2.30728,Crépuscule ou aube,Hors agglomération,Hors intersection,Normale,Autre collision,,,,,,,,,,,2,1,1,1.0,6
201400013039,0014-02-04 14:02:00,14,2,4,14,2,110,69,LECLERC AV. DU GENERAL P,,,Plein jour,En agglomération,Hors intersection,Normale,Autre collision,,,,,,,,,,,1,2,1,1.0,6
201400013040,0014-02-04 17:56:00,14,2,4,17,56,110,69,"1430, BLUM NR IMPAIRS JU",43.22494,2.34521,Plein jour,En agglomération,Hors intersection,Normale,Deux véhicules - frontale,,,,,,,,,,,1,2,1,1.0,1
201400013041,0014-02-05 18:54:00,14,2,5,18,54,110,69,"29, GOUT HENRI -AV. N I",43.21093,2.33924,Plein jour,En agglomération,Hors intersection,Normale,Deux véhicules - côté,,,,,,,,,,,1,2,1,1.0,3
201400013042,0014-02-07 17:00:00,14,2,7,17,0,110,69,ROCADE OUEST,43.20123,2.31497,Plein jour,Hors agglomération,Hors intersection,Normale,Sans collision,,,,,,,,,,,1,1,1,1.0,7
201400013043,0014-02-10 12:33:00,14,2,10,12,33,110,69,"3, COLOMB CHRISTOPHE -PO",43.23623,2.36909,Plein jour,Hors agglomération,Hors intersection,Normale,Sans collision,,,,,,,,,,,1,1,1,1.0,7
201400013044,0014-02-15 15:06:00,14,2,15,15,6,110,69,"2, BRINGER JEAN -ET IMPA",43.21553,2.35313,Plein jour,En agglomération,Hors intersection,Normale,Deux véhicules - côté,,,,,,,,,,,1,2,1,1.0,3
201400013045,0014-02-17 09:00:00,14,2,17,9,0,110,69,"2, ALPHA -DU CENTAURE-",43.18041,2.41035,Plein jour,Hors agglomération,Hors intersection,Normale,Deux véhicules - frontale,,,,,,,,,,,1,1,1,1.0,1
201400013046,0014-02-17 17:03:00,14,2,17,17,3,110,69,POMPIDOU GEORGES -ROND P,43.22627,2.33109,Plein jour,En agglomération,Hors intersection,Normale,Deux véhicules - côté,,,,,,,,,,,1,2,1,1.0,3
201400013047,0014-02-18 07:25:00,14,2,18,7,25,110,69,BRAM -ROUTE DE-,43.22621,2.29013,Crépuscule ou aube,En agglomération,Hors intersection,Normale,Sans collision,,,,,,,,,,,2,2,1,1.0,7
201400013048,0014-02-18 17:36:00,14,2,18,17,36,110,69,LECLERC AV. DU GENERAL I,43.2179,2.34489,Plein jour,En agglomération,Hors intersection,Normale,Autre collision,,,,,,,,,,,1,2,1,1.0,6
201400013049,0014-02-19 14:55:00,14,2,19,14,55,110,69,GARIGLIANO -PONT DU-,43.20347,2.33422,Plein jour,En agglomération,Hors intersection,Normale,Trois véhicules et plus - en chaîne,,,,,,,,,,,1,2,1,1.0,4
201400013050,0014-03-07 11:15:00,14,3,7,11,15,110,69,"2, BERRIAC -ROUTE DE-",43.20905,2.3792,Plein jour,En agglomération,Hors intersection,Normale,Deux véhicules - arrière,,,,,,,,,,,1,2,1,1.0,2
201400013051,0014-03-12 19:21:00,14,3,12,19,21,110,69,PAPIN DENIS -BD-,43.20828,2.31993,Crépuscule ou aube,En agglomération,Hors intersection,Normale,Trois véhicules et plus - en chaîne,,,,,,,,,,,2,2,1,1.0,4
201400013052,0014-03-14 05:00:00,14,3,14,5,0,110,69,NARBONNE -ROUTE DE-,43.2048,2.39939,Nuit sans éclairage public,En agglomération,Hors intersection,Normale,Sans collision,,,,,,,,,,,3,2,1,1.0,7
201400013053,0014-03-14 19:48:00,14,3,14,19,48,110,69,BRAM -ROUTE DE-,43.21947,2.30349,Nuit sans éclairage public,En agglomération,Hors intersection,Normale,Deux véhicules - frontale,,,,,,,,,,,3,2,1,1.0,1
201400013054,0014-03-15 21:18:00,14,3,15,21,18,110,69,NARBONNE -ROUTE DE-,43.20495,2.40555,Nuit sans éclairage public,En agglomération,Hors intersection,Normale,Deux véhicules - arrière,,,,,,,,,,,3,2,1,1.0,2
201400013055,0014-03-18 07:35:00,14,3,18,7,35,110,69,VARSOVIE -BD-,43.21351,2.34673,Plein jour,En agglomération,Hors intersection,Normale,Autre collision,,,,,,,,,,,1,2,1,1.0,6
201400013056,0014-03-22 20:02:00,14,3,22,20,2,110,69,MARECHAL FOCH -AVENUE-,43.21732,2.35265,Crépuscule ou aube,En agglomération,Hors intersection,Normale,Autre collision,,,,,,,,,,,2,2,1,1.0,6
201400013057,0014-04-01 07:55:00,14,4,1,7,55,110,69,NOEL SUZANNE DR -AVENUE-,43.19255,2.34068,Plein jour,En agglomération,Hors intersection,Normale,Deux véhicules - frontale,,,,,,,,,,,1,2,1,1.0,1
201400013058,0014-04-03 10:35:00,14,4,3,10,35,110,69,CHARLEMAGNE -ROND POINT,,,Plein jour,En agglomération,Hors intersection,Normale,Deux véhicules - arrière,,,,,,,,,,,1,2,1,1.0,2
201400013059,0014-04-08 17:54:00,14,4,8,17,54,110,69,BARBES BD ET PROMENADE-P,43.21034,2.34892,Plein jour,En agglomération,Hors intersection,Normale,Deux véhicules - côté,,,,,,,,,,,1,2,1,1.0,3
201400013060,0014-04-11 16:09:00,14,4,11,16,9,110,69,MOULIN JEAN -AVENUE-,43.20891,2.37609,Plein jour,En agglomération,Hors intersection,Normale,Deux véhicules - arrière,,,,,,,,,,,1,2,1,1.0,2
201400013061,0014-04-12 11:04:00,14,4,12,11,4,110,69,BUFFON RUE A PARTIR DU 5,43.22275,2.35465,Plein jour,En agglomération,Hors intersection,Normale,Autre collision,,,,,,,,,,,1,2,1,1.0,6
201400013062,0014-04-14 07:51:00,14,4,14,7,51,110,69,CHARLEMAGNE -ROND POINT,43.19729,2.35789,Plein jour,En agglomération,Hors intersection,Normale,Deux véhicules - côté,,,,,,,,,,,1,2,1,1.0,3
201400013063,0014-04-15 17:50:00,14,4,15,17,50,110,69,ROCADE SUD RD 342,43.22863,2.3387,Plein jour,En agglomération,Hors intersection,Normale,Deux véhicules - arrière,,,,,,,,,,,1,2,1,1.0,2
201400013064,0014-04-15 22:39:00,14,4,15,22,39,110,69,ALSACE,43.21559,2.35707,Crépuscule ou aube,En agglomération,Hors intersection,Normale,Deux véhicules - côté,,,,,,,,,,,2,2,1,1.0,3
201400013065,0014-04-17 20:35:00,14,4,17,20,35,110,69,SARRAUT MAURICE,43.21642,2.35147,Plein jour,En agglomération,Hors intersection,Normale,Autre collision,,,,,,,,,,,1,2,1,1.0,6
201400013066,0014-04-18 09:52:00,14,4,18,9,52,110,69,MONNET JEAN,43.20785,2.38162,Plein jour,En agglomération,Hors intersection,Normale,Autre collision,,,,,,,,,,,1,2,1,1.0,6
201400013067,0014-04-19 17:55:00,14,4,19,17,55,110,69,BOUFFET HENRY,43.20976,2.30673,Plein jour,En agglomération,Hors intersection,Normale,Deux véhicules - côté,,,,,,,,,,,1,2,1,1.0,3
201400013068,0014-04-24 16:48:00,14,4,24,16,48,110,69,NARBONNE -ROUTE DE-,43.20813,2.38964,Plein jour,En agglomération,Hors intersection,Normale,Deux véhicules - arrière,,,,,,,,,,,1,2,1,1.0,2
201400013069,0014-04-26 11:05:00,14,4,26,11,5,110,69,SARRAUT OMER BR -PAIRS-,,,Plein jour,En agglomération,Hors intersection,Normale,Autre collision,,,,,,,,,,,1,2,1,1.0,6
201400013070,0014-04-27 21:00:00,14,4,27,21,0,110,69,JARDIN BEAUMETZ,43.20683,2.35995,Crépuscule ou aube,En agglomération,Hors intersection,Normale,Sans collision,,,,,,,,,,,2,2,1,1.0,7
201400013071,0014-04-30 15:50:00,14,4,30,15,50,110,69,VEDRINES JULES,43.2134,2.30403,Plein jour,Hors agglomération,Hors intersection,Normale,Deux véhicules - côté,,,,,,,,,,,1,1,1,1.0,3
201400013072,0014-05-03 16:12:00,14,5,3,16,12,110,69,ROCADE SUD RD 342,43.19402,2.34175,Plein jour,En agglomération,Hors intersection,Normale,Trois véhicules et plus - collisions multiples,,,,,,,,,,,1,2,1,1.0,5
201400013073,0014-05-04 14:04:00,14,5,4,14,4,110,69,ZAMENHOF -DU DOCTEUR-,43.2172,2.34206,Plein jour,En agglomération,Hors intersection,Normale,Deux véhicules - côté,,,,,,,,,,,1,2,1,1.0,3
201400013074,0014-05-04 20:50:00,14,5,4,20,50,110,69,LECLERC AV. DU GENERAL I,43.20927,2.3681,Crépuscule ou aube,En agglomération,Hors intersection,Normale,Deux véhicules - côté,,,,,,,,,,,2,2,1,1.0,3
201400013075,0014-05-06 14:30:00,14,5,6,14,30,110,69,MADELEINE -CHEMIN DE LA,43.22808,2.39376,Plein jour,Hors agglomération,Hors intersection,Normale,Deux véhicules - frontale,,,,,,,,,,,1,1,1,1.0,1
201400013076,0014-05-12 15:16:00,14,5,12,15,16,110,69,PAPIN,43.20827,2.32004,Plein jour,En agglomération,Hors intersection,Normale,Deux véhicules - arrière,,,,,,,,,,,1,2,1,1.0,2
201400013077,0014-05-12 17:06:00,14,5,12,17,6,110,69,ROCADE SUD RD 342,,,Plein jour,En agglomération,Hors intersection,Normale,Deux véhicules - arrière,,,,,,,,,,,1,2,1,1.0,2
201400013078,0014-05-13 01:30:00,14,5,13,1,30,110,69,BRAM -ROUTE DE-,43.21992,2.30227,Nuit sans éclairage public,En agglomération,Hors intersection,Pluie légère,Sans collision,,,,,,,,,,,3,2,1,2.0,7
201400013079,0014-05-16 12:14:00,14,5,16,12,14,110,69,JUIN MARECHAL,43.21119,2.37602,Plein jour,En agglomération,Hors intersection,Normale,Deux véhicules - côté,,,,,,,,,,,1,2,1,1.0,3
201400013080,0014-05-16 18:15:00,14,5,16,18,15,110,69,JOLIOT CURIE -BD IRENE F,43.21112,2.36973,Plein jour,En agglomération,Hors intersection,Normale,Deux véhicules - frontale,,,,,,,,,,,1,2,1,1.0,1
201400013081,0014-05-17 17:39:00,14,5,17,17,39,110,69,LUPINS -ET ALLEE DES-,43.22922,2.39027,Plein jour,En agglomération,Hors intersection,Normale,Sans collision,,,,,,,,,,,1,2,1,1.0,7
201400013082,0014-05-22 04:50:00,14,5,22,4,50,110,69,LECLERC AV. DU GENERAL I,43.20921,2.36787,Crépuscule ou aube,En agglomération,Hors intersection,Normale,Sans collision,,,,,,,,,,,2,2,1,1.0,7
201400013083,0014-05-22 18:28:00,14,5,22,18,28,110,69,BLUM APRES LE 1429,43.22528,2.34499,Plein jour,En agglomération,Hors intersection,Normale,Deux véhicules - arrière,,,,,,,,,,,1,2,1,1.0,2
201400013084,0014-05-23 17:13:00,14,5,23,17,13,110,69,ROCADE SUD RD 342,43.1926,2.33926,Plein jour,En agglomération,Hors intersection,Normale,Sans collision,,,,,,,,,,,1,2,1,1.0,7
201400013085,0014-05-24 18:18:00,14,5,24,18,18,110,69,ROCADE SUD RD 342,43.19957,2.36542,Plein jour,En agglomération,Hors intersection,Normale,Deux véhicules - frontale,,,,,,,,,,,1,2,1,1.0,1
201400013086,0014-05-28 01:50:00,14,5,28,1,50,110,69,IENA -ALLEE D- N IMPAI,43.21324,2.34506,Nuit sans éclairage public,En agglomération,Hors intersection,Normale,Sans collision,,,,,,,,,,,3,2,1,1.0,7
201400013087,0014-05-30 18:42:00,14,5,30,18,42,110,69,CLEMATITES -CHEMIN-,43.22092,2.35938,Crépuscule ou aube,En agglomération,Hors intersection,Normale,Sans collision,,,,,,,,,,,2,2,1,1.0,7
201400013088,0014-05-31 12:19:00,14,5,31,12,19,110,69,GUESDES JULES -BD-,43.20821,2.32828,Plein jour,En agglomération,Hors intersection,Normale,Autre collision,,,,,,,,,,,1,2,1,1.0,6
201400013089,0014-06-06 13:51:00,14,6,6,13,51,110,69,PEGUY CHARLES,43.2234,2.35408,Plein jour,En agglomération,Hors intersection,Normale,Deux véhicules - frontale,,,,,,,,,,,1,2,1,1.0,1
201400013090,0014-06-08 10:30:00,14,6,8,10,30,110,69,MINERVOISE -ROUTE-,43.21756,2.35319,Plein jour,En agglomération,Hors intersection,Normale,Deux véhicules - côté,,,,,,,,,,,1,2,1,1.0,3
201400013091,0014-06-08 22:07:00,14,6,8,22,7,110,69,MAZAGRAN,43.21415,2.35702,Plein jour,En agglomération,Hors intersection,Normale,Deux véhicules - côté,,,,,,,,,,,1,2,1,1.0,3
201400013092,0014-06-09 17:31:00,14,6,9,17,31,110,69,BREL JACQUES,43.2263,2.36433,Plein jour,En agglomération,Hors intersection,Normale,Autre collision,,,,,,,,,,,1,2,1,1.0,6
201400013093,0014-06-11 08:32:00,14,6,11,8,32,110,69,LECLERC AV. DU GENERAL P,43.20882,2.36922,Plein jour,En agglomération,Hors intersection,Normale,Deux véhicules - arrière,,,,,,,,,,,1,2,1,1.0,2
201400013094,0014-06-11 20:17:00,14,6,11,20,17,110,69,SARRAUT OMER BD -IMPAIRS,43.21637,2.35408,Plein jour,En agglomération,Hors intersection,Normale,Autre collision,,,,,,,,,,,1,2,1,1.0,6
201400013095,0014-06-13 18:58:00,14,6,13,18,58,110,69,"R N 113, SENS TOULOUSE/",43.20455,2.41018,Plein jour,En agglomération,Hors intersection,Normale,Sans collision,,,,,,,,,,,1,2,1,1.0,7
201400013096,0014-06-13 19:47:00,14,6,13,19,47,110,69,RAMOND AIME,43.21196,2.35049,Plein jour,En agglomération,Hors intersection,Normale,Deux véhicules - côté,,,,,,,,,,,1,2,1,1.0,3
201400013097,0014-06-24 14:29:00,14,6,24,14,29,110,69,JUIN MARECHAL,43.21197,2.37391,Plein jour,En agglomération,Hors intersection,Normale,Deux véhicules - côté,,,,,,,,,,,1,2,1,1.0,3
201400013098,0014-07-01 11:25:00,14,7,1,11,25,110,69,SEMARD PIERRE -AVENUE-,43.21498,2.34102,Plein jour,En agglomération,Hors intersection,Normale,Deux véhicules - frontale,,,,,,,,,,,1,2,1,1.0,1
201400013099,0014-07-04 09:10:00,14,7,4,9,10,110,69,MAGINOT ANDRE -AVENUE-,43.21954,2.38055,Plein jour,Hors agglomération,Hors intersection,Pluie légère,Autre collision,,,,,,,,,,,1,1,1,2.0,6
201400013100,0014-07-05 16:50:00,14,7,5,16,50,110,69,REPUBLIQUE,43.21426,2.35478,Plein jour,En agglomération,Autre intersection,Normale,Deux véhicules - côté,,,,,,,,,,,1,2,9,1.0,3
201400013101,0014-07-07 15:40:00,14,7,7,15,40,110,69,SARRAUT OMER BR -PAIRS-,43.21645,2.35207,Plein jour,En agglomération,Hors intersection,Normale,Deux véhicules - arrière,,,,,,,,,,,1,2,1,1.0,2
201400013102,0014-07-10 21:02:00,14,7,10,21,2,110,69,ROCADE SUD RD 342,43.19951,2.36557,Crépuscule ou aube,Hors agglomération,Hors intersection,Normale,Sans collision,,,,,,,,,,,2,1,1,1.0,7
201400013103,0014-07-19 17:18:00,14,7,19,17,18,110,69,JAURES JEAN -BD-IMPAIRS,43.21343,2.35548,Plein jour,En agglomération,Hors intersection,Normale,Deux véhicules - arrière,,,,,,,,,,,1,2,1,1.0,2
201400013104,0014-07-23 15:25:00,14,7,23,15,25,110,69,ROCADE SUD RD 342,,,Plein jour,Hors agglomération,Hors intersection,Normale,Autre collision,,,,,,,,,,,1,1,1,1.0,6
201400013105,0014-07-24 19:00:00,14,7,24,19,0,110,69,CAVAYERE -ROUTE DE LA -,43.18742,2.40284,Plein jour,Hors agglomération,Hors intersection,Normale,Sans collision,,,,,,,,,,,1,1,1,1.0,7
201400013106,0014-08-02 01:50:00,14,8,2,1,50,110,69,VERDUN,43.21266,2.35203,Nuit avec éclairage non allumé,En agglomération,Hors intersection,Pluie légère,Sans collision,,,,,,,,,,,4,2,1,2.0,7
201400013107,0014-08-06 16:17:00,14,8,6,16,17,110,69,ROCADE SUD RD 342,43.20427,2.38703,Plein jour,En agglomération,Hors intersection,Normale,Deux véhicules - côté,,,,,,,,,,,1,2,1,1.0,3
201400013108,0014-08-10 03:30:00,14,8,10,3,30,110,69,CARCASS -DAME-,,,Nuit sans éclairage public,En agglomération,Hors intersection,Normale,Sans collision,,,,,,,,,,,3,2,1,1.0,7
201400013109,0014-08-13 11:35:00,14,8,13,11,35,110,69,MINERVOISE -ROUTE-,43.21931,2.35456,Plein jour,En agglomération,Hors intersection,Normale,Autre collision,,,,,,,,,,,1,2,1,1.0,6
201400013110,0014-08-14 13:30:00,14,8,14,13,30,110,69,ROCADE SUD RD 342,43.20377,2.38097,Plein jour,En agglomération,Hors intersection,Normale,Autre collision,,,,,,,,,,,1,2,1,1.0,6
201400013111,0014-08-16 17:56:00,14,8,16,17,56,110,69,ROCADE SUD RD 342,,,Plein jour,En agglomération,Hors intersection,Normale,Deux véhicules - arrière,,,,,,,,,,,1,2,1,1.0,2
201400013112,0014-08-18 10:49:00,14,8,18,10,49,110,69,ROCADE SUD RD 342,43.19888,2.35804,Plein jour,En agglomération,Hors intersection,Normale,Deux véhicules - côté,,,,,,,,,,,1,2,1,1.0,3
201400013113,0014-08-21 23:15:00,14,8,21,23,15,110,69,ROCADE SUD RD 342,,,Nuit sans éclairage public,Hors agglomération,Hors intersection,Normale,Deux véhicules - frontale,,,,,,,,,,,3,1,1,1.0,1
201400013114,0014-08-23 05:55:00,14,8,23,5,55,110,69,MONTREAL -ROUTE DE -,43.21374,2.29118,Nuit sans éclairage public,Hors agglomération,Hors intersection,Normale,Autre collision,,,,,,,,,,,3,1,1,1.0,6
201400013115,0014-08-23 21:40:00,14,8,23,21,40,110,69,LECLERC AV. DU GENERAL I,,,Crépuscule ou aube,En agglomération,Hors intersection,Normale,Deux véhicules - arrière,,,,,,,,,,,2,2,1,1.0,2
201400013116,0014-08-25 10:26:00,14,8,25,10,26,110,69,BUNAU VARILLA -AV-,43.20943,2.3389,Plein jour,En agglomération,Hors intersection,Normale,Deux véhicules - arrière,,,,,,,,,,,1,2,1,1.0,2
201400013117,0014-08-25 12:43:00,14,8,25,12,43,110,69,RIVOLI  -BD ET IMPASSE-,43.22746,2.35365,Plein jour,En agglomération,Hors intersection,Normale,Deux véhicules - côté,,,,,,,,,,,1,2,1,1.0,3
201400013118,0014-08-27 09:00:00,14,8,27,9,0,110,69,NADAUD GUSTAVE,,,Plein jour,En agglomération,Hors intersection,Normale,Sans collision,,,,,,,,,,,1,2,1,1.0,7
201400013119,0014-08-29 09:41:00,14,8,29,9,41,110,69,LIMOUX -ROUTE DE - JUSQU,43.20645,2.33471,Plein jour,En agglomération,Hors intersection,Normale,Deux véhicules - côté,,,,,,,,,,,1,2,1,1.0,3
201400013120,0014-08-29 12:32:00,14,8,29,12,32,110,69,SARRAUT OMER BD -IMPAIRS,,,Plein jour,En agglomération,Hors intersection,Normale,Trois véhicules et plus - collisions multiples,,,,,,,,,,,1,2,1,1.0,5
201400013121,0014-09-01 09:41:00,14,9,1,9,41,110,69,ROCADE OUEST,43.22139,2.32424,Plein jour,En agglomération,Hors intersection,Normale,Deux véhicules - arrière,,,,,,,,,,,1,2,1,1.0,2
201400013122,0014-09-02 21:08:00,14,9,2,21,8,110,69,CURIE PIERRE,43.21617,2.36375,Plein jour,En agglomération,Hors intersection,Normale,Deux véhicules - arrière,,,,,,,,,,,1,2,1,1.0,2
201400013123,0014-09-03 18:28:00,14,9,3,18,28,110,69,AIGLE D'OR,43.21361,2.3518,Plein jour,En agglomération,Hors intersection,Normale,Autre collision,,,,,,,,,,,1,2,1,1.0,6
201400013124,0014-09-08 00:16:00,14,9,8,0,16,110,69,BUFFON RUE JUSQUAU 48 ET,43.22633,2.3584,Nuit sans éclairage public,En agglomération,Hors intersection,Normale,Sans collision,,,,,,,,,,,3,2,1,1.0,7
201400013125,0014-09-09 08:55:00,14,9,9,8,55,110,69,JOLIOT CURIE -BD IRENE F,43.21487,2.36746,Plein jour,En agglomération,Hors intersection,Normale,Autre collision,,,,,,,,,,,1,2,1,1.0,6
201400013126,0014-09-12 07:59:00,14,9,12,7,59,110,69,MUSSET ALFRED -ET IMPASS,43.21962,2.34394,Plein jour,En agglomération,Hors intersection,Normale,Autre collision,,,,,,,,,,,1,2,1,1.0,6
201400013127,0014-09-12 10:45:00,14,9,12,10,45,110,69,GARIGLIANO -PONT DU-,43.20361,2.33418,Plein jour,En agglomération,Hors intersection,Normale,Deux véhicules - arrière,,,,,,,,,,,1,2,1,1.0,2
201400013128,0014-09-12 22:32:00,14,9,12,22,32,110,69,EIFFEL GUSTAVE,43.20746,2.30395,Nuit sans éclairage public,En agglomération,Hors intersection,Normale,Deux véhicules - frontale,,,,,,,,,,,3,2,1,1.0,1
201400013129,0014-09-26 09:45:00,14,9,26,9,45,110,69,BARBES BD IMPAIR,43.21032,2.34898,Plein jour,En agglomération,Hors intersection,Normale,Autre collision,,,,,,,,,,,1,2,1,1.0,6
201400013130,0014-09-26 16:17:00,14,9,26,16,17,110,69,ROOSEVELT - PAIRS APRES,43.22353,2.33538,Plein jour,En agglomération,Hors intersection,Normale,Deux véhicules - arrière,,,,,,,,,,,1,2,1,1.0,2
201400013131,0014-10-08 08:46:00,14,10,8,8,46,110,69,IENA -ALLEE D- N PAIRS,43.21115,2.34497,Plein jour,En agglomération,Hors intersection,Normale,Autre collision,,,,,,,,,,,1,2,1,1.0,6
201400013132,0014-10-11 16:02:00,14,10,11,16,2,110,69,"5, BRINGER JEAN -ET IMPA",43.21154,2.35349,Plein jour,En agglomération,Hors intersection,Normale,Autre collision,,,,,,,,,,,1,2,1,1.0,6
201400013133,0014-10-13 18:07:00,14,10,13,18,7,110,69,BRAM -ROUTE DE-,43.22625,2.28989,Plein jour,Hors agglomération,Hors intersection,Normale,Sans collision,,,,,,,,,,,1,1,1,1.0,7
201400013134,0014-10-19 19:19:00,14,10,19,19,19,110,69,PARKING KFC,43.20395,2.31223,Crépuscule ou aube,Hors agglomération,Hors intersection,Normale,Sans collision,,,,,,,,,,,2,1,1,1.0,7
201400013135,0014-11-01 01:55:00,14,11,1,1,55,110,69,VARSOVIE -BD-,43.21464,2.34729,Nuit avec éclairage allumé,En agglomération,Hors intersection,Normale,Sans collision,,,,,,,,,,,5,2,1,1.0,7
201400013136,0014-11-03 14:15:00,14,11,3,14,15,110,69,ISLY D',43.21213,2.33817,Plein jour,En agglomération,Hors intersection,Normale,Sans collision,,,,,,,,,,,1,2,1,1.0,7
201400013137,0014-11-04 17:58:00,14,11,4,17,58,110,69,SOUVENIR FRANCAIS -AVENU,43.20835,2.38523,Crépuscule ou aube,En agglomération,Hors intersection,Normale,Sans collision,,,,,,,,,,,2,2,1,1.0,7
201400013138,0014-11-07 20:45:00,14,11,7,20,45,110,69,BLUM APRES LE 1429,43.22403,2.3539,Crépuscule ou aube,En agglomération,Hors intersection,Normale,Sans collision,,,,,,,,,,,2,2,1,1.0,7
201400013139,0014-11-12 18:15:00,14,11,12,18,15,110,69,SAINT HILAIRE -ROUTE DE-,43.1929,2.33613,Crépuscule ou aube,En agglomération,Hors intersection,Normale,Deux véhicules - côté,,,,,,,,,,,2,2,1,1.0,3
201400013140,0014-11-13 15:53:00,14,11,13,15,53,110,69,VOLTAIRE,43.21112,2.34856,Plein jour,En agglomération,Hors intersection,Normale,Deux véhicules - côté,,,,,,,,,,,1,2,1,1.0,3
201400013141,0014-11-21 15:13:00,14,11,21,15,13,110,69,ARMAGNAC -ANCIEN RUE DU,43.2149,2.35113,Plein jour,En agglomération,Hors intersection,Normale,Autre collision,,,,,,,,,,,1,2,1,1.0,6
201400013142,0014-11-25 08:54:00,14,11,25,8,54,110,69,SARRAUT MAURICE,43.21648,2.35059,Plein jour,En agglomération,Hors intersection,Normale,Trois véhicules et plus - en chaîne,,,,,,,,,,,1,2,1,1.0,4
201400013143,0014-11-26 15:20:00,14,11,26,15,20,110,69,ETUDES -DES-,43.21337,2.34836,Plein jour,En agglomération,Hors intersection,Normale,Deux véhicules - côté,,,,,,,,,,,1,2,1,1.0,3
201400013144,0014-11-27 09:07:00,14,11,27,9,7,110,69,GRAZAILLES -DE-,43.22663,2.35895,Plein jour,En agglomération,Hors intersection,Normale,Deux véhicules - côté,,,,,,,,,,,1,2,1,1.0,3
201400013145,0014-12-07 05:43:00,14,12,7,5,43,110,69,IENA -ALLEE D- N PAIRS,43.2124,2.34498,Crépuscule ou aube,En agglomération,Hors intersection,Normale,Sans collision,,,,,,,,,,,2,2,1,1.0,7
201400013146,0014-12-09 10:00:00,14,12,9,10,0,110,69,DUPLEIX JOSEPH FRANCOIS,43.21135,2.32651,Plein jour,En agglomération,Hors intersection,Normale,Deux véhicules - côté,,,,,,,,,,,1,2,1,1.0,3
201400013147,0014-12-09 10:54:00,14,12,9,10,54,110,69,LIMOUX -ROUTE DE - JUSQU,43.20117,2.31249,Plein jour,En agglomération,Hors intersection,Normale,Trois véhicules et plus - collisions multiples,,,,,,,,,,,1,2,1,1.0,5
201400013148,0014-12-12 16:10:00,14,12,12,16,10,110,69,IENA -ALLEE D- N PAIRS,43.21145,2.34503,Plein jour,En agglomération,Hors intersection,Normale,Deux véhicules - arrière,,,,,,,,,,,1,2,1,1.0,2
201400013149,0014-12-19 18:10:00,14,12,19,18,10,110,69,PAPIN,43.20907,2.32498,Crépuscule ou aube,En agglomération,Hors intersection,Normale,Deux véhicules - côté,,,,,,,,,,,2,2,1,1.0,3
201400013150,0014-12-21 13:26:00,14,12,21,13,26,110,69,SAINT SAENS CAMILLE,43.20733,2.37117,Plein jour,En agglomération,Hors intersection,Normale,Deux véhicules - frontale,,,,,,,,,,,1,2,1,1.0,1
201400013151,0014-12-22 12:34:00,14,12,22,12,34,110,69,ALSACE,43.21561,2.35835,Plein jour,En agglomération,Hors intersection,Normale,Deux véhicules - côté,,,,,,,,,,,1,2,1,1.0,3
201400013152,0014-01-02 16:45:00,14,1,2,16,45,310,232,,,,Plein jour,Hors agglomération,Hors intersection,Normale,Autre collision,,,,,,,,,,,1,1,1,1.0,6
201400013153,0014-02-20 12:45:00,14,2,20,12,45,310,216,,,,Plein jour,Hors agglomération,Hors intersection,Normale,Deux véhicules - arrière,,,,,,,,,,,1,1,1,1.0,2
201400013154,0014-02-28 13:30:00,14,2,28,13,30,310,228,,,,Plein jour,Hors agglomération,Hors intersection,Neige / grêle,Deux véhicules - frontale,,,,,,,,,,,1,1,1,4.0,1
201400013155,0014-03-20 14:30:00,14,3,20,14,30,310,94,,,,Nuit sans éclairage public,Hors agglomération,Hors intersection,Normale,Trois véhicules et plus - en chaîne,,,,,,,,,,,3,1,1,1.0,4
201400013156,0014-06-07 06:45:00,14,6,7,6,45,310,118,A 62,43.76399,1.38542,Plein jour,Hors agglomération,Hors intersection,Normale,Deux véhicules - arrière,,,,,,,,,,,1,1,1,1.0,2
201400013157,0014-07-07 16:00:00,14,7,7,16,0,310,91,,43.71697,1.39952,Plein jour,Hors agglomération,Hors intersection,Pluie légère,Deux véhicules - frontale,,,,,,,,,,,1,1,1,2.0,1