accident_id,datetime,annee,mois,jour,heure,minute,departement,commune_insee,adresse,latitude,longitude,luminosite,agglomeration,intersection,meteo,collision,nb_vehicules,nb_usagers,nb_indemnes,nb_tues,nb_blesses_hosp,nb_blesses_legers,age_cond_1,age_cond_2,veh_type_cond_1,veh_type_cond_2,lum_code,agg_code,int_code,atm_code,col_code
201400013158,0014-08-01 08:00:00,14,8,1,8,0,310,117,,,,Plein jour,Hors agglomération,Hors intersection,Normale,Deux véhicules - frontale,,,,,,,,,,,1,1,1,1.0,1
201400013159,0014-09-02 10:15:00,14,9,2,10,15,310,467,,,,Plein jour,Hors agglomération,Hors intersection,Normale,Deux véhicules - arrière,,,,,,,,,,,1,1,1,1.0,2
201400013160,0014-12-26 20:30:00,14,12,26,20,30,310,91,,43.73539,1.39527,Nuit sans éclairage public,Hors agglomération,Hors intersection,Pluie légère,Autre collision,,,,,,,,,,,3,1,1,2.0,6
201400013161,0014-06-02 00:45:00,14,6,2,0,45,770,306,,48.586,2.686,Nuit sans éclairage public,Hors agglomération,Hors intersection,Normale,Sans collision,,,,,,,,,,,3,1,1,1.0,7
201400013162,0014-08-02 06:15:00,14,8,2,6,15,770,279,,48.152,2.955,Crépuscule ou aube,Hors agglomération,Hors intersection,Normale,Autre collision,,,,,,,,,,,2,1,1,1.0,6
201400013163,0014-09-15 08:00:00,14,9,15,8,0,770,453,,48.721,2.404,Plein jour,Hors agglomération,Hors intersection,Normale,Autre collision,,,,,,,,,,,1,1,1,1.0,6
201400013164,0014-12-31 02:00:00,14,12,31,2,0,770,34,,48.931,2.28,Nuit sans éclairage public,Hors agglomération,Hors intersection,Normale,Sans collision,,,,,,,,,,,3,1,1,1.0,7
201400013165,0014-01-07 12:05:00,14,1,7,12,5,110,262,FERROUL (BOULEVARD  DOCT,43.18077,3.00482,Plein jour,En agglomération,Intersection en X,Normale,Deux véhicules - côté,,,,,,,,,,,1,2,2,1.0,3
201400013166,0014-01-10 10:45:00,14,1,10,10,45,110,262,PYRENEES (PLACE ET AVENU,43.18263,2.99759,Plein jour,En agglomération,Hors intersection,Normale,Autre collision,,,,,,,,,,,1,2,1,1.0,6
201400013167,0014-01-22 05:00:00,14,1,22,5,0,110,262,RD 6009 NARBONNE - PERPI,,,Nuit sans éclairage public,En agglomération,Hors intersection,Normale,Autre collision,,,,,,,,,,,3,2,1,1.0,6
201400013168,0014-11-16 17:40:00,14,11,16,17,40,110,262,"0, DIGEON (PLACE EMILE)",43.1811,3.00445,Crépuscule ou aube,En agglomération,Hors intersection,Normale,Autre collision,,,,,,,,,,,2,2,1,1.0,6
201400013169,0014-02-08 14:20:00,14,2,8,14,20,110,262,RD 6009 NARBONNE - BEZIE,,,Plein jour,En agglomération,Hors intersection,Normale,Trois véhicules et plus - en chaîne,,,,,,,,,,,1,2,1,1.0,4
201400013170,0014-02-10 07:50:00,14,2,10,7,50,110,262,"15, BRUXELLES (RUE DE)",43.17716,3.00467,Plein jour,En agglomération,Intersection en X,Normale,Deux véhicules - côté,,,,,,,,,,,1,2,2,1.0,3
201400013171,0014-02-21 08:50:00,14,2,21,8,50,110,262,PYRENEES (PLACE ET AVENU,43.18258,2.99771,Plein jour,En agglomération,Hors intersection,Normale,Autre collision,,,,,,,,,,,1,2,1,1.0,6
201400013172,0014-03-07 17:55:00,14,3,7,17,55,110,262,"0, SERMET (AVENUE ELIE)",43.18703,3.01578,Plein jour,En agglomération,Intersection en T,Normale,Deux véhicules - côté,,,,,,,,,,,1,2,3,1.0,3
201400013173,0014-03-16 04:05:00,14,3,16,4,5,110,262,MAYOLLE (BOULEVARD DE LA,43.17559,3.01029,Nuit avec éclairage allumé,En agglomération,Hors intersection,Vent fort / tempête,Autre collision,,,,,,,,,,,5,2,1,6.0,6
201400013174,0014-05-23 07:45:00,14,5,23,7,45,110,262,"0, BORDEAUX (AVENUE DE)",,,Plein jour,En agglomération,Hors intersection,Normale,Deux véhicules - arrière,,,,,,,,,,,1,2,1,1.0,2
201400013175,0014-03-16 04:30:00,14,3,16,4,30,110,262,AUGE (BOULEVARD DU DR LE,43.18748,3.00198,Crépuscule ou aube,En agglomération,Hors intersection,Normale,Deux véhicules - côté,,,,,,,,,,,2,2,1,1.0,3
201400013176,0014-01-17 10:53:00,14,1,17,10,53,110,262,PORT (RUE DU),43.18477,2.99872,Plein jour,En agglomération,Hors intersection,Normale,Autre collision,,,,,,,,,,,1,2,1,1.0,6
201400013177,0014-02-14 18:45:00,14,2,14,18,45,110,262,"1, DIGEON (PLACE EMILE)",43.18116,3.00441,Nuit avec éclairage allumé,En agglomération,Hors intersection,Normale,Deux véhicules - frontale,,,,,,,,,,,5,2,1,1.0,1
201400013178,0014-03-19 17:15:00,14,3,19,17,15,110,262,LORRAINE (QUAI DE),43.18657,2.99769,Plein jour,En agglomération,Intersection en X,Normale,Deux véhicules - côté,,,,,,,,,,,1,2,2,1.0,3
201400013179,0014-03-22 15:30:00,14,3,22,15,30,110,262,"1, BEZIERS (ROUTE DE)",43.19335,2.98062,Plein jour,En agglomération,Hors intersection,Normale,Autre collision,,,,,,,,,,,1,2,1,1.0,6
201400013180,0014-01-19 20:40:00,14,1,19,20,40,110,262,RD 6009 NARBONNE - PERPI,,,Nuit avec éclairage non allumé,En agglomération,Hors intersection,Normale,Deux véhicules - arrière,,,,,,,,,,,4,2,1,1.0,2
201400013181,0014-03-27 14:35:00,14,3,27,14,35,110,262,"0, LACROIX (BOULEVARD DU",43.18076,2.99955,Plein jour,En agglomération,Hors intersection,Normale,Autre collision,,,,,,,,,,,1,2,1,1.0,6
201400013182,0014-01-22 09:25:00,14,1,22,9,25,110,262,LECLERC (AVENUE DU GENER,,,Plein jour,En agglomération,Hors intersection,Normale,Sans collision,,,,,,,,,,,1,2,1,1.0,7
201400013183,0014-01-22 15:20:00,14,1,22,15,20,110,262,1848 (BOULEVARD),,,Plein jour,En agglomération,Intersection en T,Normale,Deux véhicules - côté,,,,,,,,,,,1,2,3,1.0,3
201400013184,0014-04-19 08:05:00,14,4,19,8,5,110,262,DAHLIAS (RUES DES),43.18972,3.02426,Plein jour,En agglomération,Intersection en X,Normale,Deux véhicules - côté,,,,,,,,,,,1,2,2,1.0,3
201400013185,0014-01-25 19:30:00,14,1,25,19,30,110,262,ESPAGNE (AVENUE D'),43.17083,2.98986,Nuit avec éclairage allumé,En agglomération,Hors intersection,Normale,Autre collision,,,,,,,,,,,5,2,1,1.0,6
201400013186,0014-05-05 14:45:00,14,5,5,14,45,110,262,JACOBINS (RUE ET PLACE D,43.18186,3.0043,Plein jour,En agglomération,Hors intersection,Normale,Autre collision,,,,,,,,,,,1,2,1,1.0,6
201400013187,0014-01-28 11:10:00,14,1,28,11,10,110,262,MARS (AVENUE DU CHAMP DE,43.16964,2.98844,Plein jour,En agglomération,Hors intersection,Normale,Autre collision,,,,,,,,,,,1,2,1,1.0,6
201400013188,0014-05-10 21:35:00,14,5,10,21,35,110,262,TOULOUSE (AVENUE DE),43.18211,2.99141,Nuit avec éclairage allumé,En agglomération,Hors intersection,Normale,Deux véhicules - arrière,,,,,,,,,,,5,2,1,1.0,2
201400013189,0014-05-11 16:30:00,14,5,11,16,30,110,262,KENNEDY (AVENUE DU PRESI,43.18421,3.01256,Plein jour,En agglomération,Hors intersection,Normale,Autre collision,,,,,,,,,,,1,2,1,1.0,6
201400013190,0014-05-08 16:45:00,14,5,8,16,45,110,262,HUBERT MOULY (AVENUE),43.18068,3.02488,Plein jour,En agglomération,Hors intersection,Normale,Autre collision,,,,,,,,,,,1,2,1,1.0,6
201400013191,0014-02-14 17:16:00,14,2,14,17,16,110,262,"0, BORDEAUX (AVENUE DE)",,,Plein jour,En agglomération,Hors intersection,Normale,Deux véhicules - côté,,,,,,,,,,,1,2,1,1.0,3
201400013192,0014-05-24 11:00:00,14,5,24,11,0,110,262,"9, REPUBLIQUE (COURS DE",43.18315,3.00475,Plein jour,En agglomération,Hors intersection,Normale,Autre collision,,,,,,,,,,,1,2,1,1.0,6
201400013193,0014-05-04 12:30:00,14,5,4,12,30,110,262,"171, BORDEAUX (AVENUE DE",43.18129,2.97383,Plein jour,En agglomération,Hors intersection,Vent fort / tempête,Deux véhicules - côté,,,,,,,,,,,1,2,1,6.0,3
201400013194,0014-02-24 10:20:00,14,2,24,10,20,110,262,FABRE (RUE D'EGLANTINE),,,Plein jour,En agglomération,Intersection en X,Normale,Deux véhicules - côté,,,,,,,,,,,1,2,2,1.0,3
201400013195,0014-05-24 07:11:00,14,5,24,7,11,110,262,FRANCE (AVENUE ANATOLE),43.18684,2.99119,Plein jour,En agglomération,Hors intersection,Normale,Deux véhicules - côté,,,,,,,,,,,1,2,1,1.0,3
201400013196,0014-06-29 17:00:00,14,6,29,17,0,110,262,"28, BRIQUETTERIE (RUE DE",43.18583,2.99268,Plein jour,En agglomération,Giratoire,Normale,Autre collision,,,,,,,,,,,1,2,6,1.0,6
201400013197,0014-05-16 17:04:00,14,5,16,17,4,110,262,"0, HUGO (QUAI ET PASSERE",43.18081,3.00981,Plein jour,En agglomération,Hors intersection,Normale,Autre collision,,,,,,,,,,,1,2,1,1.0,6
201400013198,0014-02-26 08:23:00,14,2,26,8,23,110,262,ESPAGNE (AVENUE D'),43.17207,2.99063,Plein jour,En agglomération,Hors intersection,Normale,Deux véhicules - arrière,,,,,,,,,,,1,2,1,1.0,2
201400013199,0014-07-06 19:15:00,14,7,6,19,15,110,262,LECLERC (AVENUE DU GENER,43.17825,2.99501,Plein jour,En agglomération,Hors intersection,Normale,Deux véhicules - arrière,,,,,,,,,,,1,2,1,1.0,2
201400013200,0014-07-21 20:10:00,14,7,21,20,10,110,262,"17, HUGO (QUAI ET PASSER",43.18086,3.00995,Crépuscule ou aube,En agglomération,Hors intersection,Temps éblouissant,Autre collision,,,,,,,,,,,2,2,1,7.0,6
201400013201,0014-03-05 14:15:00,14,3,5,14,15,110,262,"0, CARNOT (AVENUE)",43.19466,3.01042,Plein jour,En agglomération,Intersection en T,Normale,Deux véhicules - côté,,,,,,,,,,,1,2,3,1.0,3
201400013202,0014-07-31 20:50:00,14,7,31,20,50,110,262,"0, MAINE (RUE DU)",43.1964,3.01758,Plein jour,En agglomération,Intersection en T,Normale,Deux véhicules - côté,,,,,,,,,,,1,2,3,1.0,3
201400013203,0014-08-05 16:15:00,14,8,5,16,15,110,262,"0, FERROUL (BOULEVARD  D",43.18077,3.0049,Plein jour,En agglomération,Hors intersection,Normale,Deux véhicules - côté,,,,,,,,,,,1,2,1,1.0,3
201400013204,0014-08-13 11:40:00,14,8,13,11,40,110,262,"1, GAMBETTA (BOULEVARD)",43.18288,3.00769,Plein jour,En agglomération,Hors intersection,Normale,Deux véhicules - arrière,,,,,,,,,,,1,2,1,1.0,2
201400013205,0014-08-18 14:19:00,14,8,18,14,19,110,262,MARAUSSAN (BOULEVARD DE),43.17508,3.00333,Plein jour,En agglomération,Hors intersection,Normale,Trois véhicules et plus - en chaîne,,,,,,,,,,,1,2,1,1.0,4
201400013206,0014-08-12 12:45:00,14,8,12,12,45,110,262,"0, COLONNES (GIRATOIRES",43.1815,3.03005,Plein jour,En agglomération,Hors intersection,Normale,Deux véhicules - arrière,,,,,,,,,,,1,2,1,1.0,2
201400013207,0014-09-12 12:25:00,14,9,12,12,25,110,262,"0, GRUISSAN (ROUTE DE)",43.17841,3.02155,Plein jour,En agglomération,Hors intersection,Normale,Sans collision,,,,,,,,,,,1,2,1,1.0,7
201400013208,0014-03-15 08:35:00,14,3,15,8,35,110,262,SALVAYRE (RUE DE),43.18556,2.98726,Plein jour,En agglomération,Hors intersection,Normale,Deux véhicules - côté,,,,,,,,,,,1,2,1,1.0,3
201400013209,0014-09-05 11:50:00,14,9,5,11,50,110,262,RD 6009 NARBONNE - BEZIE,43.20075,3.01224,Plein jour,En agglomération,Hors intersection,Normale,Sans collision,,,,,,,,,,,1,2,1,1.0,7
201400013210,0014-09-18 09:15:00,14,9,18,9,15,110,262,"0, MISTRAL (BOULEVARD FR",43.18839,3.00429,Plein jour,En agglomération,Hors intersection,Normale,Autre collision,,,,,,,,,,,1,2,1,1.0,6
201400013211,0014-09-21 23:00:00,14,9,21,23,0,110,262,"1, COUBERTIN (AVENUE PIE",43.18268,3.02003,Nuit avec éclairage allumé,En agglomération,Hors intersection,Normale,Sans collision,,,,,,,,,,,5,2,1,1.0,7
201400013212,0014-09-25 23:00:00,14,9,25,23,0,110,262,CARNOT (AVENUE),43.19476,3.01042,Nuit avec éclairage allumé,En agglomération,Giratoire,Normale,Autre collision,,,,,,,,,,,5,2,6,1.0,6
201400013213,0014-09-26 22:50:00,14,9,26,22,50,110,262,PYRENEES (PLACE ET AVENU,43.18247,2.99761,Nuit avec éclairage allumé,En agglomération,Giratoire,Normale,Trois véhicules et plus - collisions multiples,,,,,,,,,,,5,2,6,1.0,5
201400013214,0014-09-29 07:55:00,14,9,29,7,55,110,262,"0, MISTRAL (BOULEVARD FR",43.18821,3.00417,Plein jour,En agglomération,Hors intersection,Normale,Autre collision,,,,,,,,,,,1,2,1,1.0,6
201400013215,0014-03-22 15:15:00,14,3,22,15,15,110,262,CORBIERES (RUE DES),43.18127,2.99325,Plein jour,En agglomération,Intersection en X,Normale,Deux véhicules - côté,,,,,,,,,,,1,2,2,1.0,3
201400013216,0014-03-24 17:45:00,14,3,24,17,45,110,262,RD 6009 NARBONNE - BEZIE,43.17435,2.97458,Plein jour,Hors agglomération,Hors intersection,Normale,Trois véhicules et plus - en chaîne,,,,,,,,,,,1,1,1,1.0,4
201400013217,0014-10-07 17:35:00,14,10,7,17,35,110,262,"1, GAMBETTA (BOULEVARD)",43.18289,3.00767,Plein jour,En agglomération,Hors intersection,Normale,Autre collision,,,,,,,,,,,1,2,1,1.0,6
201400013218,0014-03-26 19:10:00,14,3,26,19,10,110,262,MALARD (GIRATOIRE DE),43.18698,3.03136,Crépuscule ou aube,En agglomération,Giratoire,Normale,Deux véhicules - côté,,,,,,,,,,,2,2,6,1.0,3
201400013219,0014-10-15 10:20:00,14,10,15,10,20,110,262,VIEU (RUE PAUL),43.18269,2.99256,Plein jour,En agglomération,Hors intersection,Normale,Autre collision,,,,,,,,,,,1,2,1,1.0,6
201400013220,0014-10-25 16:10:00,14,10,25,16,10,110,262,"15, REVERDY (RUE PIERRE)",43.17962,2.99466,Plein jour,En agglomération,Hors intersection,Normale,Autre collision,,,,,,,,,,,1,2,1,1.0,6
201400013221,0014-04-04 09:30:00,14,4,4,9,30,110,262,ASTON(RUE),43.15717,2.96739,Plein jour,En agglomération,Intersection en T,Pluie légère,Deux véhicules - côté,,,,,,,,,,,1,2,3,2.0,3
201400013222,0014-04-04 08:30:00,14,4,4,8,30,110,262,"0, ELYSIQUES (VOIES DES)",43.18568,2.98269,Plein jour,En agglomération,Hors intersection,Normale,Autre collision,,,,,,,,,,,1,2,1,1.0,6
201400013223,0014-04-05 10:20:00,14,4,5,10,20,110,262,ELYSIQUES (VOIES DES),43.18538,2.97935,Plein jour,En agglomération,Hors intersection,Normale,Autre collision,,,,,,,,,,,1,2,1,1.0,6
201400013224,0014-04-05 12:30:00,14,4,5,12,30,110,262,HUBERT MOULY (AVENUE),43.18049,3.02509,Plein jour,En agglomération,Hors intersection,Normale,Sans collision,,,,,,,,,,,1,2,1,1.0,7
201400013225,0014-04-09 18:45:00,14,4,9,18,45,110,262,"0, MARAUSSAN (BOULEVARD",43.17559,2.99973,Plein jour,En agglomération,Hors intersection,Normale,Autre collision,,,,,,,,,,,1,2,1,1.0,6
201400013226,0014-12-05 11:50:00,14,12,5,11,50,110,262,"2, THIERS (RUE PAUL)",43.18372,3.01424,Plein jour,En agglomération,Hors intersection,Pluie légère,Sans collision,,,,,,,,,,,1,2,1,2.0,7
201400013227,0014-12-31 15:34:00,14,12,31,15,34,110,262,"0, AUGE (BOULEVARD DU DR",43.18547,3.00001,Plein jour,En agglomération,Hors intersection,Temps éblouissant,Autre collision,,,,,,,,,,,1,2,1,7.0,6
201400013228,0014-04-17 15:35:00,14,4,17,15,35,110,262,"0, ESPAGNE (AVENUE D')",43.17209,2.99063,Plein jour,En agglomération,Hors intersection,Normale,Trois véhicules et plus - en chaîne,,,,,,,,,,,1,2,1,1.0,4
201400013229,0014-04-25 20:20:00,14,4,25,20,20,110,262,"0, FERROUL (BOULEVARD  D",43.18071,3.00469,Plein jour,En agglomération,Hors intersection,Normale,Autre collision,,,,,,,,,,,1,2,1,1.0,6
201400013230,0014-04-27 17:26:00,14,4,27,17,26,110,262,ALARIC (RUE DU MONT),43.18313,2.97312,Plein jour,En agglomération,Hors intersection,Normale,Sans collision,,,,,,,,,,,1,2,1,1.0,7
201400013231,0014-04-28 16:35:00,14,4,28,16,35,110,262,LORRAINE (QUAI DE),43.18665,2.99769,Plein jour,En agglomération,Hors intersection,Normale,Autre collision,,,,,,,,,,,1,2,1,1.0,6
201400013232,0014-04-28 20:15:00,14,4,28,20,15,110,262,CORBIERES (RUE DES),43.17997,2.9907,Crépuscule ou aube,En agglomération,Hors intersection,Normale,Autre collision,,,,,,,,,,,2,2,1,1.0,6
201400013233,0014-05-09 19:05:00,14,5,9,19,5,110,262,FRANCE (AVENUE ANATOLE),43.18614,2.99263,Crépuscule ou aube,En agglomération,Hors intersection,Normale,Deux véhicules - arrière,,,,,,,,,,,2,2,1,1.0,2
201400013234,0014-05-12 16:45:00,14,5,12,16,45,110,262,FORUM (CHEMIN DU),43.18659,3.00609,Plein jour,En agglomération,Hors intersection,Normale,Autre collision,,,,,,,,,,,1,2,1,1.0,6
201400013235,0014-05-14 18:50:00,14,5,14,18,50,110,262,SERMET (AVENUE ELIE),,,Plein jour,En agglomération,Intersection en T,Normale,Autre collision,,,,,,,,,,,1,2,3,1.0,6
201400013236,0014-05-16 17:50:00,14,5,16,17,50,110,262,"1, MARCORIGNAN (ROUTE DE",43.19607,2.97741,Plein jour,En agglomération,Hors intersection,Normale,Deux véhicules - arrière,,,,,,,,,,,1,2,1,1.0,2
201400013237,0014-05-17 18:07:00,14,5,17,18,7,110,262,"0, MARAUSSAN (BOULEVARD",43.17492,3.00574,Plein jour,En agglomération,Hors intersection,Normale,Deux véhicules - côté,,,,,,,,,,,1,2,1,1.0,3
201400013238,0014-05-18 08:01:00,14,5,18,8,1,110,262,TRENET (RUE CHARLES),43.18485,2.99784,Plein jour,En agglomération,Hors intersection,Normale,Autre collision,,,,,,,,,,,1,2,1,1.0,6
201400013239,0014-05-20 15:55:00,14,5,20,15,55,110,262,CREISSEL (BOULEVARD DE),43.17824,3.02909,Plein jour,En agglomération,Hors intersection,Normale,Deux véhicules - frontale,,,,,,,,,,,1,2,1,1.0,1
201400013240,0014-05-24 15:57:00,14,5,24,15,57,110,262,CROIX SUD (AVENUE DE),43.15881,2.98619,Plein jour,En agglomération,Hors intersection,Normale,Sans collision,,,,,,,,,,,1,2,1,1.0,7
201400013241,0014-05-26 15:35:00,14,5,26,15,35,110,262,MISTRAL (BOULEVARD FREDE,43.18759,3.00351,Plein jour,En agglomération,Hors intersection,Normale,Deux véhicules - arrière,,,,,,,,,,,1,2,1,1.0,2
201400013242,0014-06-02 15:09:00,14,6,2,15,9,110,262,POMPIDOR (AVENUE),43.18331,3.00652,Plein jour,En agglomération,Hors intersection,Normale,Deux véhicules - arrière,,,,,,,,,,,1,2,1,1.0,2
201400013243,0014-06-03 15:43:00,14,6,3,15,43,110,262,HUGO (QUAI ET PASSERELLE,43.18083,3.00984,Plein jour,En agglomération,Hors intersection,Normale,Autre collision,,,,,,,,,,,1,2,1,1.0,6
201400013244,0014-06-10 16:56:00,14,6,10,16,56,110,262,CROIX SUD (ZI),43.16255,2.9887,Plein jour,En agglomération,Hors intersection,Normale,Deux véhicules - côté,,,,,,,,,,,1,2,1,1.0,3
201400013245,0014-06-12 11:10:00,14,6,12,11,10,110,262,"0, BORDEAUX (AVENUE DE)",43.18168,2.98012,Plein jour,En agglomération,Hors intersection,Normale,Trois véhicules et plus - en chaîne,,,,,,,,,,,1,2,1,1.0,4
201400013246,0014-06-13 10:25:00,14,6,13,10,25,110,262,"0, RD 6009 NARBONNE - PE",,,Plein jour,En agglomération,Hors intersection,Normale,Sans collision,,,,,,,,,,,1,2,1,1.0,7
201400013247,0014-06-24 18:35:00,14,6,24,18,35,110,262,ESPAGNE (AVENUE D'),43.17207,2.99059,Plein jour,En agglomération,Giratoire,Normale,Deux véhicules - côté,,,,,,,,,,,1,2,6,1.0,3
201400013248,0014-06-29 15:20:00,14,6,29,15,20,110,262,"0, RD 6009 NARBONNE - BE",43.18092,2.96742,Plein jour,En agglomération,Hors intersection,Normale,Deux véhicules - frontale,,,,,,,,,,,1,2,1,1.0,1
201400013249,0014-07-01 17:30:00,14,7,1,17,30,110,262,TLEMCEN (RUE DE),43.18579,2.99716,Plein jour,En agglomération,Hors intersection,Temps couvert,Sans collision,,,,,,,,,,,1,2,1,8.0,7
201400013250,0014-07-02 12:47:00,14,7,2,12,47,110,262,"0, LECLERC (AVENUE DU GE",43.17589,2.99357,Plein jour,En agglomération,Hors intersection,Normale,Trois véhicules et plus - collisions multiples,,,,,,,,,,,1,2,1,1.0,5
201400013251,0014-07-06 01:32:00,14,7,6,1,32,110,262,ESPAGNE (AVENUE D'),43.17421,2.99241,Nuit avec éclairage non allumé,Hors agglomération,Hors intersection,Normale,Sans collision,,,,,,,,,,,4,1,1,1.0,7
201400013252,0014-07-21 12:50:00,14,7,21,12,50,110,262,"0, REVERDY (RUE PIERRE)",43.17989,2.9937,Plein jour,En agglomération,Hors intersection,Normale,Deux véhicules - côté,,,,,,,,,,,1,2,1,1.0,3
201400013253,0014-08-02 18:06:00,14,8,2,18,6,110,262,"0, HUGO (QUAI ET PASSERE",43.18081,3.0098,Plein jour,En agglomération,Hors intersection,Pluie légère,Deux véhicules - côté,,,,,,,,,,,1,2,1,2.0,3
201400013254,0014-08-09 12:10:00,14,8,9,12,10,110,262,VERDOUBLE (RUE DU),43.18277,2.97881,Plein jour,En agglomération,Hors intersection,Normale,Deux véhicules - côté,,,,,,,,,,,1,2,1,1.0,3
201400013255,0014-08-11 16:25:00,14,8,11,16,25,110,262,"0, GRUISSAN (ROUTE DE)",43.10586,3.08572,Plein jour,En agglomération,Hors intersection,Normale,Deux véhicules - côté,,,,,,,,,,,1,2,1,1.0,3
201400013256,0014-08-23 19:05:00,14,8,23,19,5,110,262,"10, HUGO (QUAI ET PASSER",43.18099,3.00919,Plein jour,En agglomération,Hors intersection,Normale,Trois véhicules et plus - en chaîne,,,,,,,,,,,1,2,1,1.0,4
201400013257,0014-08-30 19:35:00,14,8,30,19,35,110,262,REMPARTS (RUE DES),43.18037,3.00298,Plein jour,En agglomération,Hors intersection,Normale,Deux véhicules - côté,,,,,,,,,,,1,2,1,1.0,3
201400013258,0014-09-01 09:35:00,14,9,1,9,35,110,262,RD 6009 NARBONNE - BEZIE,43.17019,2.97948,Plein jour,En agglomération,Hors intersection,Normale,Deux véhicules - arrière,,,,,,,,,,,1,2,1,1.0,2
201400013259,0014-09-01 17:45:00,14,9,1,17,45,110,262,MAZAGRAN (RUE DE),43.18038,2.99741,Plein jour,En agglomération,Hors intersection,Normale,Deux véhicules - côté,,,,,,,,,,,1,2,1,1.0,3
201400013260,0014-09-05 11:35:00,14,9,5,11,35,110,262,BATIES (RUE DES VIGNES),43.18909,3.0153,Plein jour,En agglomération,Intersection en T,Normale,Autre collision,,,,,,,,,,,1,2,3,1.0,6
201400013261,0014-09-18 13:50:00,14,9,18,13,50,110,262,BORDEAUX (AVENUE DE),43.18182,2.98548,Plein jour,En agglomération,Hors intersection,Normale,Sans collision,,,,,,,,,,,1,2,1,1.0,7
201400013262,0014-09-23 17:10:00,14,9,23,17,10,110,262,CORBIERES (RUE DES),43.18118,2.9931,Plein jour,En agglomération,Intersection en X,Normale,Deux véhicules - arrière,,,,,,,,,,,1,2,2,1.0,2
201400013263,0014-09-28 04:03:00,14,9,28,4,3,110,262,HUBERT MOULY (AVENUE),43.18089,3.02492,Nuit avec éclairage allumé,En agglomération,Hors intersection,Normale,Sans collision,,,,,,,,,,,5,2,1,1.0,7
201400013264,0014-10-01 07:50:00,14,10,1,7,50,110,262,1848 (BOULEVARD),43.19213,3.01392,Plein jour,En agglomération,Intersection en X,Normale,Deux véhicules - côté,,,,,,,,,,,1,2,2,1.0,3
201400013265,0014-10-01 14:35:00,14,10,1,14,35,110,262,"0, MARCORIGNAN (ROUTE DE",43.19526,2.97844,Plein jour,En agglomération,Hors intersection,Normale,Deux véhicules - arrière,,,,,,,,,,,1,2,1,1.0,2
201400013266,0014-10-03 14:55:00,14,10,3,14,55,110,262,BORDEAUX (AVENUE DE),43.18162,2.98046,Plein jour,En agglomération,Hors intersection,Normale,Deux véhicules - arrière,,,,,,,,,,,1,2,1,1.0,2
201400013267,0014-10-03 15:48:00,14,10,3,15,48,110,262,"0, RD 6009 NARBONNE - BE",43.15091,2.97891,Plein jour,En agglomération,Hors intersection,Normale,Deux véhicules - arrière,,,,,,,,,,,1,2,1,1.0,2
201400013268,0014-10-03 16:00:00,14,10,3,16,0,110,262,"1, RD 6009 NARBONNE - PE",43.15091,2.97891,Plein jour,En agglomération,Hors intersection,Normale,Deux véhicules - arrière,,,,,,,,,,,1,2,1,1.0,2
201400013269,0014-10-09 23:05:00,14,10,9,23,5,110,262,"0, TOULOUSE (AVENUE DE)",43.18236,2.99632,Nuit avec éclairage allumé,En agglomération,Hors intersection,Normale,Autre collision,,,,,,,,,,,5,2,1,1.0,6
201400013270,0014-10-10 16:05:00,14,10,10,16,5,110,262,GRUISSAN (ROUTE DE),43.17983,3.01849,Plein jour,En agglomération,Hors intersection,Normale,Deux véhicules - arrière,,,,,,,,,,,1,2,1,1.0,2
201400013271,0014-10-10 23:45:00,14,10,10,23,45,110,262,POMPIDOR (AVENUE),43.18285,2.97926,Nuit avec éclairage allumé,En agglomération,Intersection en X,Normale,Deux véhicules - côté,,,,,,,,,,,5,2,2,1.0,3
201400013272,0014-10-13 17:45:00,14,10,13,17,45,110,262,"0, MARAUSSAN (BOULEVARD",43.17562,2.9996,Plein jour,En agglomération,Hors intersection,Normale,Deux véhicules - côté,,,,,,,,,,,1,2,1,1.0,3
201400013273,0014-10-29 10:30:00,14,10,29,10,30,110,262,"0, MISTRAL (BOULEVARD FR",43.18764,3.00351,Plein jour,En agglomération,Hors intersection,Normale,Deux véhicules - côté,,,,,,,,,,,1,2,1,1.0,3
201400013274,0014-10-30 14:00:00,14,10,30,14,0,110,262,"0, DILLON (QUAI)",43.18454,3.00053,Plein jour,En agglomération,Hors intersection,Normale,Autre collision,,,,,,,,,,,1,2,1,1.0,6
201400013275,0014-10-31 10:35:00,14,10,31,10,35,110,262,"0, LECLERC (AVENUE DU GE",43.17806,2.99505,Plein jour,En agglomération,Hors intersection,Normale,Autre collision,,,,,,,,,,,1,2,1,1.0,6
201400013276,0014-11-03 18:35:00,14,11,3,18,35,110,262,MAYOLLE (BOULEVARD DE LA,43.17806,3.01216,Nuit avec éclairage allumé,En agglomération,Intersection en T,Normale,Deux véhicules - arrière,,,,,,,,,,,5,2,3,1.0,2
201400013277,0014-11-13 13:10:00,14,11,13,13,10,110,262,ESPAGNE (AVENUE D'),43.17079,2.98993,Plein jour,En agglomération,Hors intersection,Normale,Sans collision,,,,,,,,,,,1,2,1,1.0,7
201400013278,0014-11-14 12:00:00,14,11,14,12,0,110,262,"28, HIPPOLYTE (RUE DE SA",43.16164,2.97432,Plein jour,En agglomération,Hors intersection,Normale,Trois véhicules et plus - collisions multiples,,,,,,,,,,,1,2,1,1.0,5
201400013279,0014-11-15 16:10:00,14,11,15,16,10,110,262,"0, LACROIX (BOULEVARD DU",43.18032,3.00138,Plein jour,En agglomération,Hors intersection,Normale,Autre collision,,,,,,,,,,,1,2,1,1.0,6