accident_id,datetime,annee,mois,jour,heure,minute,departement,commune_insee,adresse,latitude,longitude,luminosite,agglomeration,intersection,meteo,collision,nb_vehicules,nb_usagers,nb_indemnes,nb_tues,nb_blesses_hosp,nb_blesses_legers,age_cond_1,age_cond_2,veh_type_cond_1,veh_type_cond_2,lum_code,agg_code,int_code,atm_code,col_code
201400013412,0014-02-27 16:15:00,14,2,27,16,15,450,247,,47.99588,2.67639,Plein jour,Hors agglomération,Hors intersection,Normale,Autre collision,,,,,,,,,,,1,1,1,1.0,6
201400013413,0014-11-23 13:00:00,14,11,23,13,0,450,148,D 2007/RUE DE LA GARE,48.09637,2.77333,Plein jour,En agglomération,Intersection en X,Temps éblouissant,Deux véhicules - côté,,,,,,,,,,,1,2,2,7.0,3
201400013414,0014-12-10 08:45:00,14,12,10,8,45,450,66,,47.94269,2.55422,Plein jour,Hors agglomération,Intersection en X,Pluie légère,Deux véhicules - côté,,,,,,,,,,,1,1,2,2.0,3
201400013415,0014-03-17 17:00:00,14,3,17,17,0,240,370,PRENTYGARDE,44.8496,0.11264,Plein jour,Hors agglomération,Hors intersection,Normale,Deux véhicules - côté,,,,,,,,,,,1,1,1,1.0,3
201400013416,0014-09-24 11:00:00,14,9,24,11,0,240,501,PORT DE PESSAC,44.8219,0.07682,Plein jour,Hors agglomération,Hors intersection,Normale,Autre collision,,,,,,,,,,,1,1,1,1.0,6
201400013417,0014-12-13 02:15:00,14,12,13,2,15,240,35,VAUREZ,44.7752,1.00808,Nuit avec éclairage allumé,En agglomération,Hors intersection,Normale,Autre collision,,,,,,,,,,,5,2,1,1.0,6
201400013418,0014-10-01 09:15:00,14,10,1,9,15,530,14,,47.83042,-0.6856,Plein jour,Hors agglomération,Hors intersection,Brouillard / fumée,Deux véhicules - côté,,,,,,,,,,,1,1,1,5.0,3
201400013419,0014-05-22 11:00:00,14,5,22,11,0,190,135,INTERSECTION D979/ D982,45.4906,2.31328,Plein jour,En agglomération,Intersection en T,Temps couvert,Deux véhicules - côté,,,,,,,,,,,1,2,3,8.0,3
201400013420,0014-07-10 10:30:00,14,7,10,10,30,190,134,SENS CLERMONT > BORDEAUX,45.6238,2.47794,Plein jour,Hors agglomération,Hors intersection,Pluie forte,Deux véhicules - arrière,,,,,,,,,,,1,1,1,3.0,2
201400013421,0014-08-15 06:45:00,14,8,15,6,45,630,399,,,,Crépuscule ou aube,Hors agglomération,Hors intersection,Temps couvert,Sans collision,,,,,,,,,,,2,1,1,8.0,7
201400013422,0014-12-15 07:45:00,14,12,15,7,45,190,58,LA VILLE EN BOIS,45.4703,2.15882,Crépuscule ou aube,Hors agglomération,Intersection en X,Brouillard / fumée,Deux véhicules - côté,,,,,,,,,,,2,1,2,5.0,3
201400013423,0014-12-22 13:45:00,14,12,22,13,45,190,70,FONT MARTIN,45.4353,2.08998,Plein jour,Hors agglomération,Hors intersection,Normale,Sans collision,,,,,,,,,,,1,1,1,1.0,7
201400013424,0014-01-02 20:45:00,14,1,2,20,45,100,45,,,,Nuit sans éclairage public,Hors agglomération,Hors intersection,Normale,Trois véhicules et plus - en chaîne,,,,,,,,,,,3,1,1,1.0,4
201400013425,0014-01-04 02:30:00,14,1,4,2,30,100,130,,,,Nuit sans éclairage public,Hors agglomération,Hors intersection,Normale,Autre collision,,,,,,,,,,,3,1,1,1.0,6
201400013426,0014-01-16 18:30:00,14,1,16,18,30,100,92,,,,Nuit sans éclairage public,Hors agglomération,Hors intersection,Temps couvert,Deux véhicules - arrière,,,,,,,,,,,3,1,1,8.0,2
201400013427,0014-02-13 20:45:00,14,2,13,20,45,100,442,,,,Nuit sans éclairage public,Hors agglomération,Hors intersection,Temps couvert,Autre collision,,,,,,,,,,,3,1,1,8.0,6
201400013428,0014-12-02 13:00:00,14,12,2,13,0,100,45,,48.17244,4.45841,Plein jour,Hors agglomération,Hors intersection,Temps couvert,Sans collision,,,,,,,,,,,1,1,1,8.0,7
201400013429,0014-01-31 04:00:00,14,1,31,4,0,130,1,"00, ARTS ET METIERS (COU",,,Nuit avec éclairage allumé,En agglomération,Hors intersection,Pluie légère,Autre collision,,,,,,,,,,,5,2,1,2.0,6
201400013430,0014-01-15 12:30:00,14,1,15,12,30,130,1,"0, ST CANADET (ROUTE) D",43.59884,5.46402,Plein jour,Hors agglomération,Intersection en X,Normale,Deux véhicules - côté,,,,,,,,,,,1,1,2,1.0,3
201400013431,0014-01-26 02:20:00,14,1,26,2,20,130,1,"2100, PUY SAINTE REPARAD",43.5771,5.43212,Nuit sans éclairage public,En agglomération,Hors intersection,Normale,Autre collision,,,,,,,,,,,3,2,1,1.0,6
201400013432,0014-01-22 08:25:00,14,1,22,8,25,130,1,"1, VILLENEUVE ST THOMAS",43.5334,5.4591,Crépuscule ou aube,En agglomération,Intersection en T,Normale,Autre collision,,,,,,,,,,,2,2,3,1.0,6
201400013433,0014-02-03 08:40:00,14,2,3,8,40,130,1,"1, SAINT MITRE (QUARTIER",,,Plein jour,En agglomération,Giratoire,Normale,Autre collision,,,,,,,,,,,1,2,6,1.0,6
201400013434,0014-02-04 18:47:00,14,2,4,18,47,130,1,RD9,43.49997,5.38562,Crépuscule ou aube,En agglomération,Hors intersection,Autre,Trois véhicules et plus - en chaîne,,,,,,,,,,,2,2,1,9.0,4
201400013435,0014-02-07 17:16:00,14,2,7,17,16,130,1,"FACE 33, ST LOUIS (COURS",,,Plein jour,En agglomération,Hors intersection,Normale,Autre collision,,,,,,,,,,,1,2,1,1.0,6
201400013436,0014-02-12 15:55:00,14,2,12,15,55,130,1,"90, BONAPARTE NAPOLEON(A",43.5265,5.44496,Plein jour,En agglomération,Hors intersection,Normale,Autre collision,,,,,,,,,,,1,2,1,1.0,6
201400013437,0014-02-14 12:00:00,14,2,14,12,0,130,1,"2840, BELLEC MAURICE (RT",43.57559,5.425,Plein jour,Hors agglomération,Hors intersection,Normale,Deux véhicules - côté,,,,,,,,,,,1,1,1,1.0,3
201400013438,0014-02-16 08:10:00,14,2,16,8,10,130,1,"19, ST JEROME (AV)",43.52255,5.45239,Crépuscule ou aube,En agglomération,Hors intersection,Pluie légère,Deux véhicules - arrière,,,,,,,,,,,2,2,1,2.0,2
201400013439,0014-02-12 08:00:00,14,2,12,8,0,130,1,"0, MARSEILLE (ROUTE DE )",,,Plein jour,Hors agglomération,Hors intersection,Normale,Deux véhicules - arrière,,,,,,,,,,,1,1,1,1.0,2
201400013440,0014-02-26 09:50:00,14,2,26,9,50,130,1,"115, VILLEVIELLE JOSEPH",43.52625,5.44241,Plein jour,En agglomération,Hors intersection,Pluie légère,Autre collision,,,,,,,,,,,1,2,1,2.0,6
201400013441,0014-03-02 06:40:00,14,3,2,6,40,130,1,"6065, RD 543",,,Nuit sans éclairage public,Hors agglomération,Hors intersection,Normale,Sans collision,,,,,,,,,,,3,1,1,1.0,7
201400013442,0014-02-20 14:38:00,14,2,20,14,38,130,1,".;, LEDOUX CLAUDE NICOLA",,,Plein jour,Hors agglomération,Hors intersection,Normale,Deux véhicules - arrière,,,,,,,,,,,1,1,1,1.0,2
201400013443,0014-03-08 06:45:00,14,3,8,6,45,130,1,RD 14,,,Nuit sans éclairage public,Hors agglomération,Hors intersection,Normale,Deux véhicules - frontale,,,,,,,,,,,3,1,1,1.0,1
201400013444,0014-03-12 12:05:00,14,3,12,12,5,130,1,"., BEAUVALLE (CH DE LA)",,,Plein jour,En agglomération,Hors intersection,Normale,Autre collision,,,,,,,,,,,1,2,1,1.0,6
201400013445,0014-03-12 20:00:00,14,3,12,20,0,130,1,"0, GALICE (RTE DE)",,,Nuit sans éclairage public,En agglomération,Hors intersection,Normale,Autre collision,,,,,,,,,,,3,2,1,1.0,6
201400013446,0014-03-05 13:30:00,14,3,5,13,30,130,1,SCHUMAN ROBERT (AV),,,Plein jour,En agglomération,Intersection en T,Normale,Deux véhicules - côté,,,,,,,,,,,1,2,3,1.0,3
201400013447,0014-03-14 13:20:00,14,3,14,13,20,130,1,"/, JUVENAL MAX (AV)",43.52609,5.44116,Plein jour,En agglomération,Intersection en X,Normale,Autre collision,,,,,,,,,,,1,2,2,1.0,6
201400013448,0014-03-21 17:30:00,14,3,21,17,30,130,1,"36, ZOLA FRANCOIS ET EMI",43.53289,5.45492,Plein jour,En agglomération,Hors intersection,Normale,Deux véhicules - côté,,,,,,,,,,,1,2,1,1.0,3
201400013449,0014-04-03 10:50:00,14,4,3,10,50,130,1,"67, BROSSOLETTE PIERRE (",,,Plein jour,En agglomération,Hors intersection,Temps couvert,Deux véhicules - côté,,,,,,,,,,,1,2,1,8.0,3
201400013450,0014-03-27 15:00:00,14,3,27,15,0,130,1,"35, BELGES (AV DES)",,,Plein jour,En agglomération,Hors intersection,Normale,Deux véhicules - côté,,,,,,,,,,,1,2,1,1.0,3
201400013451,0014-04-14 16:25:00,14,4,14,16,25,130,1,"1, HUGO VICTOR (AV)",43.52576,5.4461,Plein jour,En agglomération,Hors intersection,Normale,Autre collision,,,,,,,,,,,1,2,1,1.0,6
201400013452,0014-04-24 20:50:00,14,4,24,20,50,130,1,"20, ROI RENE (BD DU)",,,Nuit avec éclairage allumé,En agglomération,Hors intersection,Normale,Deux véhicules - côté,,,,,,,,,,,5,2,1,1.0,3
201400013453,0014-05-07 16:10:00,14,5,7,16,10,130,1,"160, VAIR GUILLAUME DU (",43.50809,5.40644,Plein jour,En agglomération,Intersection en T,Normale,Deux véhicules - côté,,,,,,,,,,,1,2,3,1.0,3
201400013454,0014-05-14 14:00:00,14,5,14,14,0,130,1,"22, MANUEL (RUE)",43.52846,5.4527,Plein jour,En agglomération,Hors intersection,Normale,Autre collision,,,,,,,,,,,1,2,1,1.0,6
201400013455,0014-05-09 12:30:00,14,5,9,12,30,130,1,"/, MARSEILLE (ROUTE DE )",,,Plein jour,En agglomération,Hors intersection,Normale,Autre collision,,,,,,,,,,,1,2,1,1.0,6
201400013456,0014-05-28 15:30:00,14,5,28,15,30,130,1,"nc, MILLES (RTE DES)",,,Plein jour,Hors agglomération,Hors intersection,Normale,Autre collision,,,,,,,,,,,1,1,1,1.0,6
201400013457,0014-06-01 01:15:00,14,6,1,1,15,130,1,"1, PETRARQUE (RUE)",43.53301,5.45546,Nuit avec éclairage allumé,En agglomération,Intersection en X,Normale,Sans collision,,,,,,,,,,,5,2,2,1.0,7
201400013458,0014-05-28 18:15:00,14,5,28,18,15,130,1,"4865, BELLEC MAURICE (RT",43.58119,5.44858,Plein jour,Hors agglomération,Hors intersection,Normale,Deux véhicules - côté,,,,,,,,,,,1,1,1,1.0,3
201400013459,0014-05-31 20:15:00,14,5,31,20,15,130,1,"/, KENNEDY PRESIDENT (BD",43.51865,5.43168,Crépuscule ou aube,En agglomération,Intersection en T,Autre,Trois véhicules et plus - en chaîne,,,,,,,,,,,2,2,3,9.0,4
201400013460,0014-05-27 11:25:00,14,5,27,11,25,130,1,"100, THUMINE GRANDE (BD",,,Plein jour,En agglomération,Hors intersection,Normale,Deux véhicules - frontale,,,,,,,,,,,1,2,1,1.0,1
201400013461,0014-06-05 15:15:00,14,6,5,15,15,130,1,BROSSOLETTE PIERRE (AV),43.51644,5.44278,Plein jour,En agglomération,Intersection en X,Normale,Deux véhicules - côté,,,,,,,,,,,1,2,2,1.0,3
201400013462,0014-06-08 11:40:00,14,6,8,11,40,130,1,"40, EUROPE (AV )",43.52487,5.43007,Plein jour,En agglomération,Hors intersection,Normale,Autre collision,,,,,,,,,,,1,2,1,1.0,6
201400013463,0014-05-03 08:10:00,14,5,3,8,10,130,1,RD 543,,,Plein jour,En agglomération,Hors intersection,Normale,Autre collision,,,,,,,,,,,1,2,1,1.0,6
201400013464,0014-06-07 14:00:00,14,6,7,14,0,130,1,"1, DE GAULE GENERALE (PL",,,Plein jour,En agglomération,Hors intersection,Normale,Sans collision,,,,,,,,,,,1,2,1,1.0,7
201400013465,0014-06-11 16:15:00,14,6,11,16,15,130,1,"13, HUGO VICTOR (AV)",43.525,5.44628,Plein jour,En agglomération,Hors intersection,Normale,Autre collision,,,,,,,,,,,1,2,1,1.0,6
201400013466,0014-06-07 03:45:00,14,6,7,3,45,130,1,"563, DALMAS JEAN (RUE)",43.53164,5.43126,Nuit avec éclairage allumé,En agglomération,Hors intersection,Normale,Deux véhicules - arrière,,,,,,,,,,,5,2,1,1.0,2
201400013467,0014-06-21 21:25:00,14,6,21,21,25,130,1,RD 17,,,Nuit avec éclairage non allumé,Hors agglomération,Hors intersection,Normale,Autre collision,,,,,,,,,,,4,1,1,1.0,6
201400013468,0014-06-21 05:45:00,14,6,21,5,45,130,1,RD9,,,Crépuscule ou aube,Hors agglomération,Hors intersection,Normale,Deux véhicules - côté,,,,,,,,,,,2,1,1,1.0,3
201400013469,0014-06-16 14:05:00,14,6,16,14,5,130,1,"1, DE LATTRE DE TASSIGNY",,,Plein jour,En agglomération,Hors intersection,Normale,Autre collision,,,,,,,,,,,1,2,1,1.0,6
201400013470,0014-06-22 02:15:00,14,6,22,2,15,130,1,"0, ENFANT (RTE DE L')",43.48856,5.38734,Nuit avec éclairage allumé,En agglomération,Intersection en X,Normale,Deux véhicules - côté,,,,,,,,,,,5,2,2,1.0,3
201400013471,0014-06-28 19:00:00,14,6,28,19,0,130,1,BREDASQUE (AV DE LA),,,Plein jour,En agglomération,Hors intersection,Normale,Deux véhicules - côté,,,,,,,,,,,1,2,1,1.0,3
201400013472,0014-07-13 06:00:00,14,7,13,6,0,130,1,"1025, GARDANNE (ROUTE DE",43.49585,5.40397,Crépuscule ou aube,Hors agglomération,Hors intersection,Normale,Sans collision,,,,,,,,,,,2,1,1,1.0,7
201400013473,0014-07-29 08:30:00,14,7,29,8,30,130,1,"44, GALICE (RTE DE)",43.52853,5.42557,Plein jour,En agglomération,Hors intersection,Normale,Autre collision,,,,,,,,,,,1,2,1,1.0,6
201400013474,0014-07-30 15:35:00,14,7,30,15,35,130,1,"90, BONAPARTE NAPOLEON(A",43.52649,5.44495,Plein jour,En agglomération,Hors intersection,Normale,Autre collision,,,,,,,,,,,1,2,1,1.0,6
201400013475,0014-07-28 17:00:00,14,7,28,17,0,130,1,"2260, RD 65",43.5099,5.39211,Plein jour,Hors agglomération,Hors intersection,Normale,Deux véhicules - côté,,,,,,,,,,,1,1,1,1.0,3
201400013476,0014-08-12 15:20:00,14,8,12,15,20,130,1,"1, GALICE (RTE DE)",,,Plein jour,En agglomération,Giratoire,Normale,Deux véhicules - arrière,,,,,,,,,,,1,2,6,1.0,2
201400013477,0014-08-15 08:30:00,14,8,15,8,30,130,1,EUROPE (AV ),43.52363,5.43697,Plein jour,En agglomération,Giratoire,Normale,Deux véhicules - côté,,,,,,,,,,,1,2,6,1.0,3
201400013478,0014-08-16 23:15:00,14,8,16,23,15,130,1,R.D7,,,Nuit avec éclairage non allumé,En agglomération,Hors intersection,Normale,Deux véhicules - côté,,,,,,,,,,,4,2,1,1.0,3
201400013479,0014-08-16 01:45:00,14,8,16,1,45,130,1,"50, ROI RENE (BD DU)",43.52426,5.45256,Nuit avec éclairage allumé,En agglomération,Hors intersection,Normale,Autre collision,,,,,,,,,,,5,2,1,1.0,6
201400013480,0014-08-21 21:15:00,14,8,21,21,15,130,1,"2005, PRESIDENTE (CH DE",43.59055,5.45682,Nuit avec éclairage allumé,En agglomération,Hors intersection,Normale,Deux véhicules - arrière,,,,,,,,,,,5,2,1,1.0,2
201400013481,0014-08-27 04:00:00,14,8,27,4,0,130,1,"/, GARDANNE (ROUTE DE )",43.48953,5.40769,Nuit sans éclairage public,En agglomération,Hors intersection,Temps couvert,Autre collision,,,,,,,,,,,3,2,1,8.0,6
201400013482,0014-08-23 20:10:00,14,8,23,20,10,130,1,"24, GAMBETTA (COURS)",43.52374,5.45536,Plein jour,En agglomération,Giratoire,Normale,Deux véhicules - côté,,,,,,,,,,,1,2,6,1.0,3
201400013483,0014-09-04 18:00:00,14,9,4,18,0,130,1,RN 7,43.54929,5.42724,Plein jour,En agglomération,Intersection en T,Normale,Sans collision,,,,,,,,,,,1,2,3,1.0,7
201400013484,0014-09-14 04:30:00,14,9,14,4,30,130,1,RD9,,,Nuit sans éclairage public,Hors agglomération,Hors intersection,Normale,Deux véhicules - arrière,,,,,,,,,,,3,1,1,1.0,2
201400013485,0014-09-16 17:40:00,14,9,16,17,40,130,1,"15, MALACRIDA HENRI (AV)",43.51675,5.46652,Plein jour,En agglomération,Hors intersection,Normale,Autre collision,,,,,,,,,,,1,2,1,1.0,6
201400013486,0014-09-18 14:45:00,14,9,18,14,45,130,1,PETIT BARTHELEMY (AV DU),43.51923,5.43626,Plein jour,En agglomération,Intersection en Y,Normale,Deux véhicules - côté,,,,,,,,,,,1,2,4,1.0,3
201400013487,0014-09-20 09:45:00,14,9,20,9,45,130,1,"10, AUBEPINES (CHEMIN DE",,,Plein jour,Hors agglomération,Autre intersection,Normale,Autre collision,,,,,,,,,,,1,1,9,1.0,6
201400013488,0014-08-23 13:35:00,14,8,23,13,35,130,1,"10, VILLEVIELLE JOSEPH (",43.52511,5.44146,Plein jour,En agglomération,Hors intersection,Normale,Autre collision,,,,,,,,,,,1,2,1,1.0,6
201400013489,0014-09-20 21:20:00,14,9,20,21,20,130,1,FOURANE (RUE),,,Nuit avec éclairage allumé,En agglomération,Hors intersection,Normale,Deux véhicules - côté,,,,,,,,,,,5,2,1,1.0,3
201400013490,0014-09-28 18:15:00,14,9,28,18,15,130,1,"N96, R.N 296",,,Plein jour,Hors agglomération,Hors intersection,Normale,Deux véhicules - arrière,,,,,,,,,,,1,1,1,1.0,2
201400013491,0014-10-08 12:30:00,14,10,8,12,30,130,1,"389, CLUB HIPPIQUE (AV)",43.51428,5.43178,Plein jour,En agglomération,Hors intersection,Normale,Autre collision,,,,,,,,,,,1,2,1,1.0,6
201400013492,0014-10-14 17:45:00,14,10,14,17,45,130,1,ROSE (CH DE LA),43.55898,5.44276,Plein jour,Hors agglomération,Intersection en X,Pluie légère,Trois véhicules et plus - collisions multiples,,,,,,,,,,,1,1,2,2.0,5
201400013493,0014-10-17 20:30:00,14,10,17,20,30,130,1,PEUPLIERS (ALLEE DES),43.53783,5.45231,Nuit avec éclairage allumé,En agglomération,Hors intersection,Normale,Deux véhicules - frontale,,,,,,,,,,,5,2,1,1.0,1
201400013494,0014-10-18 20:00:00,14,10,18,20,0,130,1,"51, ST MICHEL DU PIGONNE",,,Nuit avec éclairage allumé,En agglomération,Intersection en X,Normale,Deux véhicules - côté,,,,,,,,,,,5,2,2,1.0,3
201400013495,0014-10-22 09:05:00,14,10,22,9,5,130,1,,,,Plein jour,Hors agglomération,Hors intersection,Normale,Deux véhicules - frontale,,,,,,,,,,,1,1,1,1.0,1
201400013496,0014-10-23 23:45:00,14,10,23,23,45,130,1,"1925, BLAQUE (CHEMIN )",43.50563,5.42214,Nuit sans éclairage public,Hors agglomération,Autre intersection,Normale,Autre collision,,,,,,,,,,,3,1,9,1.0,6
201400013497,0014-10-24 02:30:00,14,10,24,2,30,130,1,"0, GIONO JEAN (AV)",,,Nuit avec éclairage allumé,En agglomération,Hors intersection,Normale,Sans collision,,,,,,,,,,,5,2,1,1.0,7
201400013498,0014-09-29 19:20:00,14,9,29,19,20,130,1,BROSSOLETTE PIERRE (AV),,,Crépuscule ou aube,En agglomération,Hors intersection,Normale,Deux véhicules - arrière,,,,,,,,,,,2,2,1,1.0,2
201400013499,0014-10-14 13:00:00,14,10,14,13,0,130,1,REPUBLIQUE (BD DE LA),43.52731,5.44318,Plein jour,En agglomération,Intersection en X,Normale,Autre collision,,,,,,,,,,,1,2,2,1.0,6
201400013500,0014-10-30 18:16:00,14,10,30,18,16,130,1,MALACRIDA HENRI (AV),43.51719,5.46544,Nuit avec éclairage allumé,En agglomération,Intersection en T,Normale,Deux véhicules - côté,,,,,,,,,,,5,2,3,1.0,3
201400013501,0014-11-01 09:00:00,14,11,1,9,0,130,1,"/, RD 7",43.56477,5.40484,Plein jour,Hors agglomération,Intersection en T,Normale,Deux véhicules - côté,,,,,,,,,,,1,1,3,1.0,3
201400013502,0014-11-06 20:45:00,14,11,6,20,45,130,1,"580, VAIR GUILLAUME DU (",43.5075,5.40165,Nuit avec éclairage allumé,Hors agglomération,Hors intersection,Normale,Deux véhicules - côté,,,,,,,,,,,5,1,1,1.0,3
201400013503,0014-11-07 19:30:00,14,11,7,19,30,130,1,"791, FERRINI FORTUNE (AV",43.50484,5.43544,Nuit sans éclairage public,En agglomération,Intersection en T,Normale,Deux véhicules - arrière,,,,,,,,,,,3,2,3,1.0,2
201400013504,0014-10-20 17:10:00,14,10,20,17,10,130,1,RD9,,,Plein jour,Hors agglomération,Hors intersection,Normale,Deux véhicules - arrière,,,,,,,,,,,1,1,1,1.0,2
201400013505,0014-11-13 09:20:00,14,11,13,9,20,130,1,"0, ST EXUPERY (RUE)",43.51891,5.43276,Plein jour,En agglomération,Giratoire,Normale,Deux véhicules - côté,,,,,,,,,,,1,2,6,1.0,3
201400013506,0014-11-14 23:50:00,14,11,14,23,50,130,1,HUGO VICTOR (AV),43.52492,5.44632,Nuit avec éclairage allumé,En agglomération,Intersection en T,Pluie légère,Deux véhicules - côté,,,,,,,,,,,5,2,3,2.0,3
201400013507,0014-11-07 20:30:00,14,11,7,20,30,130,1,"4665, EGUILLES (ROUTE D'",43.55613,5.38177,Nuit sans éclairage public,Hors agglomération,Hors intersection,Normale,Deux véhicules - frontale,,,,,,,,,,,3,1,1,1.0,1
201400013508,0014-11-30 04:15:00,14,11,30,4,15,130,1,R.N 296,,,Nuit sans éclairage public,Hors agglomération,Hors intersection,Normale,Autre collision,,,,,,,,,,,3,1,1,1.0,6
201400013509,0014-12-04 14:50:00,14,12,4,14,50,130,1,BROSSOLETTE PIERRE (AV),43.51599,5.44281,Plein jour,En agglomération,Intersection en T,Normale,Deux véhicules - côté,,,,,,,,,,,1,2,3,1.0,3
201400013510,0014-12-16 17:40:00,14,12,16,17,40,130,1,PUY SAINTE REPARADE (CH),43.58746,5.43258,Nuit sans éclairage public,En agglomération,Intersection en X,Normale,Autre collision,,,,,,,,,,,3,2,2,1.0,6
201400013511,0014-12-17 08:40:00,14,12,17,8,40,130,1,GUIENNE (CH DE LA),43.57511,5.40926,Plein jour,En agglomération,Hors intersection,Normale,Deux véhicules - frontale,,,,,,,,,,,1,2,1,1.0,1
201400013512,0014-12-19 15:30:00,14,12,19,15,30,130,1,PREMIERE DIV FRANCAISE L,,,Plein jour,En agglomération,Hors intersection,Normale,Autre collision,,,,,,,,,,,1,2,1,1.0,6
201400013513,0014-12-20 08:00:00,14,12,20,8,0,130,1,"., SOLARI PHILIPPE (AV)",,,Crépuscule ou aube,En agglomération,Hors intersection,Normale,Deux véhicules - côté,,,,,,,,,,,2,2,1,1.0,3
201400013514,0014-12-22 16:55:00,14,12,22,16,55,130,1,"1460, GALICE (RTE DE)",43.53037,5.41874,Crépuscule ou aube,En agglomération,Hors intersection,Normale,Autre collision,,,,,,,,,,,2,2,1,1.0,6
201400013515,0014-01-15 17:05:00,14,1,15,17,5,130,4,DOCTEUR SCHWEITZER RUE D,,,Crépuscule ou aube,En agglomération,Hors intersection,Normale,Autre collision,,,,,,,,,,,2,2,1,1.0,6
201400013516,0014-01-30 18:40:00,14,1,30,18,40,130,4,"158, STALINGRAD AVENUE D",43.69371,4.63962,Nuit avec éclairage allumé,En agglomération,Hors intersection,Pluie légère,Autre collision,,,,,,,,,,,5,2,1,2.0,6
201400013517,0014-02-08 09:50:00,14,2,8,9,50,130,4,DOCTEUR ROBERT MOREL AVE,43.68156,4.61896,Plein jour,En agglomération,Intersection en Y,Normale,Autre collision,,,,,,,,,,,1,2,4,1.0,6
201400013518,0014-02-13 18:50:00,14,2,13,18,50,130,4,MARECHAL JUIN AVENUE DU,,,Nuit avec éclairage allumé,En agglomération,Hors intersection,Normale,Autre collision,,,,,,,,,,,5,2,1,1.0,6
201400013519,0014-02-24 14:50:00,14,2,24,14,50,130,4,VALENTIN JAUME RUE,,,Plein jour,En agglomération,Intersection en X,Normale,Sans collision,,,,,,,,,,,1,2,2,1.0,7
201400013520,0014-02-26 15:55:00,14,2,26,15,55,130,4,STALINGRAD AVENUE DE,,,Plein jour,En agglomération,Hors intersection,Normale,Autre collision,,,,,,,,,,,1,2,1,1.0,6
201400013521,0014-03-01 17:30:00,14,3,1,17,30,130,4,ABRIVADO RUE DE L',,,Nuit sans éclairage public,Hors agglomération,Hors intersection,Normale,Deux véhicules - côté,,,,,,,,,,,3,1,1,1.0,3
201400013522,0014-03-22 20:45:00,14,3,22,20,45,130,4,V.C.N33 DITE CHEMIN DE F,,,Nuit avec éclairage allumé,En agglomération,Hors intersection,Normale,Deux véhicules - côté,,,,,,,,,,,5,2,1,1.0,3
201400013523,0014-03-22 09:50:00,14,3,22,9,50,130,4,VICTOR HUGO AVENUE,43.67493,4.6341,Plein jour,En agglomération,Hors intersection,Normale,Autre collision,,,,,,,,,,,1,2,1,1.0,6
201400013524,0014-04-20 00:25:00,14,4,20,0,25,130,4,V.C.N34 DE NADAL,,,Nuit sans éclairage public,Hors agglomération,Intersection en Y,Normale,Deux véhicules - côté,,,,,,,,,,,3,1,4,1.0,3
201400013525,0014-04-22 18:25:00,14,4,22,18,25,130,4,GEORGES CLEMENCEAU BOULE,,,Plein jour,En agglomération,Hors intersection,Normale,Sans collision,,,,,,,,,,,1,2,1,1.0,7
201400013526,0014-05-03 23:15:00,14,5,3,23,15,130,4,GAMBETTA RUE,,,Nuit avec éclairage allumé,En agglomération,Hors intersection,Normale,Sans collision,,,,,,,,,,,5,2,1,1.0,7
201400013527,0014-05-16 17:40:00,14,5,16,17,40,130,4,"0, EMILE COMBES BOULEVAR",,,Plein jour,En agglomération,Hors intersection,Normale,Autre collision,,,,,,,,,,,1,2,1,1.0,6
201400013528,0014-05-29 12:00:00,14,5,29,12,0,130,4,R.D113 DU PETIT RHONE,,,Plein jour,Hors agglomération,Hors intersection,Normale,Deux véhicules - arrière,,,,,,,,,,,1,1,1,1.0,2
201400013529,0014-06-08 12:00:00,14,6,8,12,0,130,4,R.N.N113 DU PETIT RHONE,,,Plein jour,Hors agglomération,Hors intersection,Normale,Deux véhicules - arrière,,,,,,,,,,,1,1,1,1.0,2
201400013530,0014-06-11 18:10:00,14,6,11,18,10,130,4,RUE DE HERPY L'ARLESIENN,,,Plein jour,En agglomération,Intersection en T,Normale,Deux véhicules - côté,,,,,,,,,,,1,2,3,1.0,3
201400013531,0014-06-17 18:00:00,14,6,17,18,0,130,4,STALINGRAD AVENUE DE,,,Plein jour,En agglomération,Hors intersection,Normale,Deux véhicules - côté,,,,,,,,,,,1,2,1,1.0,3
201400013532,0014-06-26 13:10:00,14,6,26,13,10,130,4,"35, GEORGES CLEMENCEAU B",,,Plein jour,En agglomération,Hors intersection,Normale,Autre collision,,,,,,,,,,,1,2,1,1.0,6
201400013533,0014-07-03 17:45:00,14,7,3,17,45,130,4,R.N.572 DU VITTIER VERS,43.67915,4.60755,Plein jour,Hors agglomération,Autre intersection,Normale,Deux véhicules - frontale,,,,,,,,,,,1,1,9,1.0,1
201400013534,0014-07-23 09:00:00,14,7,23,9,0,130,4,R.N.N113 DU PETIT RHONE,,,Plein jour,Hors agglomération,Hors intersection,Normale,Deux véhicules - arrière,,,,,,,,,,,1,1,1,1.0,2
201400013535,0014-07-24 12:05:00,14,7,24,12,5,130,4,ARCHES AVENUE DES,,,Plein jour,En agglomération,Hors intersection,Normale,Deux véhicules - côté,,,,,,,,,,,1,2,1,1.0,3
201400013536,0014-07-26 15:42:00,14,7,26,15,42,130,4,"75, MOINES CHEMIN DES",43.69875,4.6392,Plein jour,En agglomération,Hors intersection,Normale,Deux véhicules - côté,,,,,,,,,,,1,2,1,1.0,3
201400013537,0014-07-31 16:30:00,14,7,31,16,30,130,4,R.N.N113 DU PETIT RHONE,,,Plein jour,Hors agglomération,Autre intersection,Normale,Trois véhicules et plus - collisions multiples,,,,,,,,,,,1,1,9,1.0,5