accident_id,datetime,annee,mois,jour,heure,minute,departement,commune_insee,adresse,latitude,longitude,luminosite,agglomeration,intersection,meteo,collision,nb_vehicules,nb_usagers,nb_indemnes,nb_tues,nb_blesses_hosp,nb_blesses_legers,age_cond_1,age_cond_2,veh_type_cond_1,veh_type_cond_2,lum_code,agg_code,int_code,atm_code,col_code
201400013789,0014-06-23 16:50:00,14,6,23,16,50,130,47,RN 1569 LA TRANSHUMANCE,,,Plein jour,Hors agglomération,Hors intersection,Normale,Deux véhicules - frontale,,,,,,,,,,,1,1,1,1.0,1
201400013790,0014-07-04 20:05:00,14,7,4,20,5,130,63,ARC EN CIEL AVENUE DE L',43.59806,5.00952,Plein jour,En agglomération,Intersection en T,Normale,Deux véhicules - côté,,,,,,,,,,,1,2,3,1.0,3
201400013791,0014-08-06 05:30:00,14,8,6,5,30,130,47,"100, FOS ROUTE DE",,,Nuit avec éclairage allumé,En agglomération,Hors intersection,Normale,Deux véhicules - frontale,,,,,,,,,,,5,2,1,1.0,1
201400013792,0014-08-20 18:30:00,14,8,20,18,30,130,47,CD16 (LE DELA),,,Plein jour,Hors agglomération,Hors intersection,Normale,Deux véhicules - côté,,,,,,,,,,,1,1,1,1.0,3
201400013793,0014-08-22 12:25:00,14,8,22,12,25,130,47,"19, BELLONS CHEMIN DES",43.52881,4.97155,Plein jour,Hors agglomération,Passage à niveau,Normale,Autre collision,,,,,,,,,,,1,1,8,1.0,6
201400013794,0014-09-04 19:00:00,14,9,4,19,0,130,47,"94, RD16 (LE DELA)",43.55069,5.01149,Plein jour,Hors agglomération,Hors intersection,Normale,Deux véhicules - côté,,,,,,,,,,,1,1,1,1.0,3
201400013795,0014-10-10 16:25:00,14,10,10,16,25,130,47,D.5,,,Plein jour,Hors agglomération,Hors intersection,Normale,Deux véhicules - côté,,,,,,,,,,,1,1,1,1.0,3
201400013796,0014-10-15 11:55:00,14,10,15,11,55,130,47,"100, MAS DE CHAUVET CHEM",,,Plein jour,Hors agglomération,Intersection en T,Normale,Autre collision,,,,,,,,,,,1,1,3,1.0,6
201400013797,0014-10-27 13:15:00,14,10,27,13,15,130,47,RD 1569,,,Plein jour,Hors agglomération,Hors intersection,Normale,Deux véhicules - côté,,,,,,,,,,,1,1,1,1.0,3
201400013798,0014-12-04 17:40:00,14,12,4,17,40,130,47,"100, D.5",43.46462,5.00346,Nuit sans éclairage public,Hors agglomération,Hors intersection,Pluie légère,Deux véhicules - frontale,,,,,,,,,,,3,1,1,2.0,1
201400013799,0014-12-11 19:50:00,14,12,11,19,50,130,47,"100, RAYMOND FILIPPI AVE",,,Nuit avec éclairage allumé,En agglomération,Hors intersection,Normale,Autre collision,,,,,,,,,,,5,2,1,1.0,6
201400013800,0014-12-13 18:10:00,14,12,13,18,10,130,47,ALDERIC CHAVE AVENUE,43.50264,4.99303,Nuit avec éclairage allumé,En agglomération,Hors intersection,Normale,Autre collision,,,,,,,,,,,5,2,1,1.0,6
201400013801,0014-01-04 20:25:00,14,1,4,20,25,130,54,"10, C D 9",43.42128,5.22872,Nuit sans éclairage public,Hors agglomération,Hors intersection,Pluie légère,Deux véhicules - frontale,,,,,,,,,,,3,1,1,2.0,1
201400013802,0014-01-10 19:25:00,14,1,10,19,25,130,54,"45,AV BARRELET  HENRI",43.41676,5.21003,Nuit avec éclairage allumé,En agglomération,Hors intersection,Normale,Deux véhicules - côté,,,,,,,,,,,5,2,1,1.0,3
201400013803,0014-01-12 18:20:00,14,1,12,18,20,130,102,ABBADIE  BLD,43.41577,5.24401,Nuit avec éclairage allumé,En agglomération,Intersection en X,Normale,Deux véhicules - côté,,,,,,,,,,,5,2,2,1.0,3
201400013804,0014-01-13 10:50:00,14,1,13,10,50,130,54,C D 9,,,Plein jour,Hors agglomération,Hors intersection,Normale,Trois véhicules et plus - en chaîne,,,,,,,,,,,1,1,1,1.0,4
201400013805,0014-01-17 16:50:00,14,1,17,16,50,130,54,CD9,,,Plein jour,Hors agglomération,Hors intersection,Normale,Deux véhicules - arrière,,,,,,,,,,,1,1,1,1.0,2
201400013806,0014-02-08 14:50:00,14,2,8,14,50,130,54,"25, SAINT PIERRE  CHE DE",43.41354,5.21139,Plein jour,En agglomération,Hors intersection,Pluie légère,Deux véhicules - arrière,,,,,,,,,,,1,2,1,2.0,2
201400013807,0014-02-13 11:25:00,14,2,13,11,25,130,54,DUBOS  RUE RENE,,,Plein jour,En agglomération,Hors intersection,Normale,Deux véhicules - frontale,,,,,,,,,,,1,2,1,1.0,1
201400013808,0014-02-19 18:40:00,14,2,19,18,40,130,54,"0, SALAN  AVE GENERAL",,,Nuit avec éclairage allumé,En agglomération,Intersection en T,Normale,Deux véhicules - côté,,,,,,,,,,,5,2,3,1.0,3
201400013809,0014-03-03 07:36:00,14,3,3,7,36,130,54,R D 9,,,Plein jour,Hors agglomération,Hors intersection,Pluie légère,Trois véhicules et plus - en chaîne,,,,,,,,,,,1,1,1,2.0,4
201400013810,0014-03-08 18:20:00,14,3,8,18,20,130,54,"0, BERNARD  BOULEVARD A.",43.42033,5.21958,Plein jour,En agglomération,Intersection en T,Normale,Deux véhicules - côté,,,,,,,,,,,1,2,3,1.0,3
201400013811,0014-03-19 19:45:00,14,3,19,19,45,130,43,PAUL  AVENUE MARCEL,,,Nuit avec éclairage allumé,En agglomération,Hors intersection,Normale,Autre collision,,,,,,,,,,,5,2,1,1.0,6
201400013812,0014-03-20 12:05:00,14,3,20,12,5,130,54,DUBOS  RUE RENE,,,Plein jour,En agglomération,Hors intersection,Normale,Deux véhicules - frontale,,,,,,,,,,,1,2,1,1.0,1
201400013813,0014-03-28 09:50:00,14,3,28,9,50,130,54,SALAN  AVE GENERAL,43.40295,5.2165,Plein jour,En agglomération,Intersection en X,Normale,Deux véhicules - arrière,,,,,,,,,,,1,2,2,1.0,2
201400013814,0014-04-05 14:50:00,14,4,5,14,50,130,43,FRANCOIS MITTERAND  AVEN,43.39605,5.23862,Plein jour,En agglomération,Giratoire,Normale,Deux véhicules - côté,,,,,,,,,,,1,2,6,1.0,3
201400013815,0014-04-06 19:55:00,14,4,6,19,55,130,54,MARTIGUES  RTE DE,,,Plein jour,En agglomération,Hors intersection,Normale,Deux véhicules - côté,,,,,,,,,,,1,2,1,1.0,3
201400013816,0014-04-11 21:55:00,14,4,11,21,55,130,102,JUIN  AVENUE MARECHAL,,,Nuit sans éclairage public,En agglomération,Intersection en Y,Normale,Deux véhicules - côté,,,,,,,,,,,3,2,4,1.0,3
201400013817,0014-04-17 08:10:00,14,4,17,8,10,130,102,ABBADIE  BLD,43.41998,5.23654,Plein jour,En agglomération,Giratoire,Normale,Deux véhicules - côté,,,,,,,,,,,1,2,6,1.0,3
201400013818,0014-04-17 15:00:00,14,4,17,15,0,130,54,DE GAULLE  AVE GAL DE,,,Plein jour,En agglomération,Hors intersection,Normale,Deux véhicules - côté,,,,,,,,,,,1,2,1,1.0,3
201400013819,0014-04-26 23:40:00,14,4,26,23,40,130,54,RUINAT  AVENUE MARIUS,43.41564,5.21066,Nuit avec éclairage allumé,En agglomération,Intersection en X,Pluie légère,Deux véhicules - côté,,,,,,,,,,,5,2,2,2.0,3
201400013820,0014-04-29 14:20:00,14,4,29,14,20,130,54,RD9,,,Plein jour,En agglomération,Hors intersection,Normale,Trois véhicules et plus - collisions multiples,,,,,,,,,,,1,2,1,1.0,5
201400013821,0014-04-30 16:20:00,14,4,30,16,20,130,43,FERNANDEL  AVENUE,,,Plein jour,Hors agglomération,Intersection en T,Normale,Deux véhicules - côté,,,,,,,,,,,1,1,3,1.0,3
201400013822,0014-05-11 14:10:00,14,5,11,14,10,130,54,GUYNEMER  AVENUE,,,Plein jour,En agglomération,Intersection en X,Normale,Deux véhicules - côté,,,,,,,,,,,1,2,2,1.0,3
201400013823,0014-05-17 10:50:00,14,5,17,10,50,130,54,SALAN  AVE GENERAL,43.40368,5.21705,Plein jour,En agglomération,Intersection en X,Normale,Trois véhicules et plus - collisions multiples,,,,,,,,,,,1,2,2,1.0,5
201400013824,0014-06-07 00:35:00,14,6,7,0,35,130,54,"30, ROSTAND  RUE EDMOND",43.41586,5.20602,Nuit avec éclairage non allumé,En agglomération,Hors intersection,Normale,Autre collision,,,,,,,,,,,4,2,1,1.0,6
201400013825,0014-06-10 09:20:00,14,6,10,9,20,130,54,BRUYERES  RUE DES,,,Plein jour,En agglomération,Hors intersection,Normale,Autre collision,,,,,,,,,,,1,2,1,1.0,6
201400013826,0014-06-10 13:15:00,14,6,10,13,15,130,54,SALAN  AVE GENERAL,43.40368,5.21705,Plein jour,En agglomération,Intersection en T,Normale,Deux véhicules - côté,,,,,,,,,,,1,2,3,1.0,3
201400013827,0014-06-16 21:40:00,14,6,16,21,40,130,43,"1, POUSARAQUE  AVENUE DE",,,Nuit avec éclairage non allumé,En agglomération,Intersection en T,Normale,Deux véhicules - côté,,,,,,,,,,,4,2,3,1.0,3
201400013828,0014-07-03 14:45:00,14,7,3,14,45,130,43,RD 368,43.39487,5.20698,Plein jour,Hors agglomération,Intersection en Y,Normale,Deux véhicules - côté,,,,,,,,,,,1,1,4,1.0,3
201400013829,0014-08-02 17:35:00,14,8,2,17,35,130,43,MEDITERRANEE  AVENUE DE,,,Plein jour,Hors agglomération,Hors intersection,Normale,Deux véhicules - côté,,,,,,,,,,,1,1,1,1.0,3
201400013830,0014-08-08 13:10:00,14,8,8,13,10,130,54,CD9,,,Plein jour,Hors agglomération,Hors intersection,Normale,Trois véhicules et plus - en chaîne,,,,,,,,,,,1,1,1,1.0,4
201400013831,0014-08-14 10:10:00,14,8,14,10,10,130,54,GUYNEMER  AVENUE,43.41838,5.21827,Plein jour,En agglomération,Intersection en X,Normale,Autre collision,,,,,,,,,,,1,2,2,1.0,6
201400013832,0014-09-05 23:20:00,14,9,5,23,20,130,54,SAINT EXUPERY  RUE A.,43.41727,5.21968,Nuit avec éclairage allumé,En agglomération,Intersection en T,Normale,Deux véhicules - côté,,,,,,,,,,,5,2,3,1.0,3
201400013833,0014-09-10 16:55:00,14,9,10,16,55,130,43,"96, POMPIDOU (384)",43.38751,5.21449,Plein jour,En agglomération,Intersection en T,Normale,Deux véhicules - arrière,,,,,,,,,,,1,2,3,1.0,2
201400013834,0014-09-11 07:55:00,14,9,11,7,55,130,54,OLIVIERS  ALLEE DES,43.41415,5.23022,Plein jour,En agglomération,Intersection en Y,Normale,Deux véhicules - côté,,,,,,,,,,,1,2,4,1.0,3
201400013835,0014-09-12 15:15:00,14,9,12,15,15,130,54,BARRELET  AVENUE HENRI,,,Plein jour,En agglomération,Hors intersection,Normale,Deux véhicules - côté,,,,,,,,,,,1,2,1,1.0,3
201400013836,0014-09-15 12:15:00,14,9,15,12,15,130,43,"23, REPUBLIQUE  AVENUE D",43.39415,5.23736,Plein jour,En agglomération,Hors intersection,Normale,Sans collision,,,,,,,,,,,1,2,1,1.0,7
201400013837,0014-10-15 12:30:00,14,10,15,12,30,130,54,MAI-45 AV DU 8,,,Plein jour,En agglomération,Hors intersection,Normale,Trois véhicules et plus - en chaîne,,,,,,,,,,,1,2,1,1.0,4
201400013838,0014-10-20 10:30:00,14,10,20,10,30,130,54,COUVENT  CHEMIN DU,43.41881,5.22728,Plein jour,En agglomération,Intersection en T,Normale,Deux véhicules - côté,,,,,,,,,,,1,2,3,1.0,3
201400013839,0014-10-23 13:35:00,14,10,23,13,35,130,43,"000, POMPIDOU  AVENUE",43.38752,5.21447,Plein jour,Hors agglomération,Intersection en X,Vent fort / tempête,Deux véhicules - côté,,,,,,,,,,,1,1,2,6.0,3
201400013840,0014-10-26 12:55:00,14,10,26,12,55,130,43,"0000, RICAUD  AVENUE JUL",,,Plein jour,En agglomération,Intersection en X,Normale,Deux véhicules - côté,,,,,,,,,,,1,2,2,1.0,3
201400013841,0014-10-27 17:40:00,14,10,27,17,40,130,54,"00000, CD9",,,Plein jour,Hors agglomération,Intersection en X,Temps couvert,Deux véhicules - côté,,,,,,,,,,,1,1,2,8.0,3
201400013842,0014-10-28 16:20:00,14,10,28,16,20,130,54,"6, SCHWEITZER  AVENUE DU",43.41828,5.21825,Plein jour,En agglomération,Intersection en T,Normale,Autre collision,,,,,,,,,,,1,2,3,1.0,6
201400013843,0014-11-19 18:35:00,14,11,19,18,35,130,102,"00000, JUIN  AVENUE MARE",,,Nuit avec éclairage allumé,En agglomération,Hors intersection,Normale,Deux véhicules - frontale,,,,,,,,,,,5,2,1,1.0,1
201400013844,0014-12-12 16:00:00,14,12,12,16,0,130,54,DE GAULLE  AVE GAL DE,,,Plein jour,En agglomération,Hors intersection,Normale,Deux véhicules - côté,,,,,,,,,,,1,2,1,1.0,3
201400013845,0014-12-18 19:50:00,14,12,18,19,50,130,54,CARPENTIER  AVENUE GEORG,,,Crépuscule ou aube,En agglomération,Hors intersection,Normale,Deux véhicules - arrière,,,,,,,,,,,2,2,1,1.0,2
201400013846,0014-01-07 08:40:00,14,1,7,8,40,130,55,"6, RUE LAUTARD",43.30911,5.38158,Plein jour,En agglomération,Hors intersection,Normale,Autre collision,,,,,,,,,,,1,2,1,1.0,6
201400013847,0014-12-26 21:15:00,14,12,26,21,15,130,55,"89, BD LOUIS MAZAUDIER",43.31145,5.42288,Nuit avec éclairage non allumé,En agglomération,Intersection en X,Normale,Autre collision,,,,,,,,,,,4,2,2,1.0,6
201400013848,0014-12-09 16:55:00,14,12,9,16,55,130,55,"12, VOI LA CANEBIERE",43.2955,5.37511,Plein jour,En agglomération,Hors intersection,Normale,Autre collision,,,,,,,,,,,1,2,1,1.0,6
201400013849,0014-12-08 18:30:00,14,12,8,18,30,130,55,"21, BD JEAN MOULIN",43.28982,5.39987,Nuit avec éclairage allumé,En agglomération,Hors intersection,Normale,Deux véhicules - arrière,,,,,,,,,,,5,2,1,1.0,2
201400013850,0014-12-09 10:30:00,14,12,9,10,30,130,55,"02, RUE DE VERDUN",43.29654,5.39514,Plein jour,En agglomération,Intersection en X,Normale,Deux véhicules - côté,,,,,,,,,,,1,2,2,1.0,3
201400013851,0014-11-26 22:30:00,14,11,26,22,30,130,55,"01, BD D ATHENES",,5.38091,Nuit avec éclairage allumé,En agglomération,Hors intersection,Pluie forte,Autre collision,,,,,,,,,,,5,2,1,3.0,6
201400013852,0014-12-26 19:15:00,14,12,26,19,15,130,55,"49, RUE BROCHIER",43.29098,5.39211,Nuit avec éclairage allumé,En agglomération,Intersection en X,Normale,Deux véhicules - côté,,,,,,,,,,,5,2,2,1.0,3
201400013853,0014-12-05 11:00:00,14,12,5,11,0,130,55,"69, PCE JEAN JAURES",43.29415,5.38601,Plein jour,En agglomération,Hors intersection,Normale,Autre collision,,,,,,,,,,,1,2,1,1.0,6
201400013854,0014-12-15 09:45:00,14,12,15,9,45,130,55,"14, AVE DE CORINTHE",43.28396,5.39027,Plein jour,En agglomération,Hors intersection,Normale,Deux véhicules - arrière,,,,,,,,,,,1,2,1,1.0,2
201400013855,0014-11-04 12:00:00,14,11,4,12,0,130,55,"00, BD SAKAKINI",,,Plein jour,En agglomération,Hors intersection,Pluie légère,Autre collision,,,,,,,,,,,1,2,1,2.0,6
201400013856,0014-12-19 14:15:00,14,12,19,14,15,130,55,"222, RUE SAINT PIERRE",43.2927,5.40022,Plein jour,En agglomération,Hors intersection,Normale,Deux véhicules - arrière,,,,,,,,,,,1,2,1,1.0,2
201400013857,0014-12-19 16:40:00,14,12,19,16,40,130,55,"08, RUE DES CATALANS",43.29076,5.35591,Plein jour,En agglomération,Hors intersection,Normale,Deux véhicules - arrière,,,,,,,,,,,1,2,1,1.0,2
201400013858,0014-09-30 13:45:00,14,9,30,13,45,130,55,"00, RTE LEON LACHAMP",,,Plein jour,En agglomération,Hors intersection,Pluie forte,Autre collision,,,,,,,,,,,1,2,1,3.0,6
201400013859,0014-12-24 11:45:00,14,12,24,11,45,130,55,"36, TRA DE LA MONTRE",43.29401,5.47447,Plein jour,En agglomération,Hors intersection,Normale,Autre collision,,,,,,,,,,,1,2,1,1.0,6
201400013860,0014-12-28 19:30:00,14,12,28,19,30,130,55,"00, RUE BELLE OMBRE",43.26948,5.40842,Nuit sans éclairage public,En agglomération,Hors intersection,Normale,Deux véhicules - arrière,,,,,,,,,,,3,2,1,1.0,2
201400013861,0014-12-18 11:20:00,14,12,18,11,20,130,55,"70, AVE ANDRE ZENATTI",43.24634,5.38774,Plein jour,En agglomération,Hors intersection,Normale,Autre collision,,,,,,,,,,,1,2,1,1.0,6
201400013862,0014-12-29 11:20:00,14,12,29,11,20,130,55,"15, BD DES DAMES",43.30209,5.37117,Plein jour,En agglomération,Hors intersection,Normale,Autre collision,,,,,,,,,,,1,2,1,1.0,6
201400013863,0014-12-19 14:35:00,14,12,19,14,35,130,55,"54, RUE FRANCOIS ARAGO",43.28967,5.39117,Plein jour,En agglomération,Hors intersection,Normale,Autre collision,,,,,,,,,,,1,2,1,1.0,6
201400013864,0014-08-16 09:20:00,14,8,16,9,20,130,55,"00, RPT PIERRE PARAF",43.32966,5.38821,Plein jour,En agglomération,Giratoire,Normale,Deux véhicules - côté,,,,,,,,,,,1,2,6,1.0,3
201400013865,0014-12-04 16:15:00,14,12,4,16,15,130,55,"07, CHE DE SAINT JOSEPH",43.34184,5.38648,Plein jour,En agglomération,Hors intersection,Pluie légère,Autre collision,,,,,,,,,,,1,2,1,2.0,6
201400013866,0014-12-23 06:00:00,14,12,23,6,0,130,55,"57, RUE ALPHONSE DAUDET",43.31908,5.40816,Nuit sans éclairage public,En agglomération,Intersection en X,Normale,Deux véhicules - côté,,,,,,,,,,,3,2,2,1.0,3
201400013867,0014-12-22 19:00:00,14,12,22,19,0,130,55,"00, BD HENRI BARNIER",,,Nuit avec éclairage allumé,En agglomération,Hors intersection,Normale,Autre collision,,,,,,,,,,,5,2,1,1.0,6
201400013868,0014-12-25 13:20:00,14,12,25,13,20,130,55,"01, BD SIMON BOLIVAR",43.3411,5.37721,Plein jour,En agglomération,Intersection en T,Normale,Autre collision,,,,,,,,,,,1,2,3,1.0,6
201400013869,0014-12-23 10:15:00,14,12,23,10,15,130,55,"18, VSN ROSE A LA GRAVE",,,Plein jour,En agglomération,Hors intersection,Normale,Autre collision,,,,,,,,,,,1,2,1,1.0,6
201400013870,0014-12-08 16:35:00,14,12,8,16,35,130,55,"278, AVE DE LA CROIX ROU",,,Plein jour,En agglomération,Hors intersection,Normale,Sans collision,,,,,,,,,,,1,2,1,1.0,7
201400013871,0014-12-18 14:20:00,14,12,18,14,20,130,55,"0.3, PCE SADI CARNOT",43.29939,5.37159,Plein jour,En agglomération,Hors intersection,Normale,Sans collision,,,,,,,,,,,1,2,1,1.0,7
201400013872,0014-12-12 16:40:00,14,12,12,16,40,130,55,"10, BD VOLTAIRE",43.30208,5.38258,Plein jour,En agglomération,Hors intersection,Normale,Autre collision,,,,,,,,,,,1,2,1,1.0,6
201400013873,0014-10-12 18:30:00,14,10,12,18,30,130,55,"30, BD MICHELET",43.27075,5.39226,Plein jour,En agglomération,Hors intersection,Normale,Autre collision,,,,,,,,,,,1,2,1,1.0,6
201400013874,0014-12-13 15:50:00,14,12,13,15,50,130,55,"71, RUE D' ITALIE",43.28822,5.3833,Plein jour,En agglomération,Hors intersection,Normale,Autre collision,,,,,,,,,,,1,2,1,1.0,6
201400013875,0014-12-22 14:30:00,14,12,22,14,30,130,55,"11, RUE DES TROIS FRERES",43.2927,5.38448,Plein jour,En agglomération,Hors intersection,Normale,Autre collision,,,,,,,,,,,1,2,1,1.0,6
201400013876,0014-12-19 14:30:00,14,12,19,14,30,130,55,"433, RUE DE LYON",43.34219,5.35987,Plein jour,En agglomération,Hors intersection,Normale,Autre collision,,,,,,,,,,,1,2,1,1.0,6
201400013877,0014-10-14 11:20:00,14,10,14,11,20,130,55,"36, BD CHARLES LIVON",43.29221,5.36045,Plein jour,En agglomération,Hors intersection,Normale,Autre collision,,,,,,,,,,,1,2,1,1.0,6
201400013878,0014-12-08 09:15:00,14,12,8,9,15,130,55,"06, ALL LEON GAMBETTA",43.29911,5.38115,Plein jour,En agglomération,Hors intersection,Normale,Autre collision,,,,,,,,,,,1,2,1,1.0,6
201400013879,0014-12-10 12:10:00,14,12,10,12,10,130,55,"144, BD BAILLE",43.28826,5.3926,Plein jour,En agglomération,Hors intersection,Normale,Autre collision,,,,,,,,,,,1,2,1,1.0,6
201400013880,0014-10-17 13:45:00,14,10,17,13,45,130,55,"00, BD SCHLOESING",,,Plein jour,En agglomération,Hors intersection,Normale,Sans collision,,,,,,,,,,,1,2,1,1.0,7
201400013881,0014-12-05 18:00:00,14,12,5,18,0,130,2,"00, CANTON VERT (AVENUE",,,Nuit avec éclairage allumé,En agglomération,Hors intersection,Temps couvert,Trois véhicules et plus - en chaîne,,,,,,,,,,,5,2,1,8.0,4
201400013882,0014-12-19 16:30:00,14,12,19,16,30,130,55,"780, AVE DU VINGT QUATRE",,,Plein jour,En agglomération,Hors intersection,Normale,Autre collision,,,,,,,,,,,1,2,1,1.0,6
201400013883,0014-12-29 15:50:00,14,12,29,15,50,130,55,"34, BD DE PLOMBIERES",43.31545,5.38655,Plein jour,En agglomération,Hors intersection,Normale,Autre collision,,,,,,,,,,,1,2,1,1.0,6
201400013884,0014-12-19 15:00:00,14,12,19,15,0,130,55,"67, CHE DE LA PARETTE",,,Plein jour,En agglomération,Hors intersection,Normale,Deux véhicules - frontale,,,,,,,,,,,1,2,1,1.0,1
201400013885,0014-12-20 00:30:00,14,12,20,0,30,130,55,"131, COR PRESIDENT JOHN",43.28699,5.3519,Nuit avec éclairage allumé,En agglomération,Hors intersection,Normale,Sans collision,,,,,,,,,,,5,2,1,1.0,7
201400013886,0014-12-20 01:55:00,14,12,20,1,55,130,55,"44, BD NOTRE DAME",43.28837,5.37317,Nuit avec éclairage allumé,En agglomération,Hors intersection,Normale,Deux véhicules - arrière,,,,,,,,,,,5,2,1,1.0,2
201400013887,0014-12-31 13:10:00,14,12,31,13,10,130,55,"00, QAI DE RIVE NEUVE",43.29222,5.36321,Plein jour,En agglomération,Intersection en Y,Normale,Autre collision,,,,,,,,,,,1,2,4,1.0,6
201400013888,0014-12-12 13:20:00,14,12,12,13,20,130,55,"22, ALL LEON GAMBETTA",43.29909,5.38218,Plein jour,En agglomération,Hors intersection,Pluie légère,Autre collision,,,,,,,,,,,1,2,1,2.0,6
201400013889,0014-12-24 11:50:00,14,12,24,11,50,130,55,"08, RUE SAINTE BARBE",43.29976,5.37429,Plein jour,En agglomération,Hors intersection,Normale,Autre collision,,,,,,,,,,,1,2,1,1.0,6
201400013890,0014-11-26 18:00:00,14,11,26,18,0,130,2,"08, BON RENCONTRE (CHEMI",43.35208,5.47848,Nuit avec éclairage allumé,En agglomération,Hors intersection,Pluie légère,Sans collision,,,,,,,,,,,5,2,1,2.0,7
201400013891,0014-12-08 18:15:00,14,12,8,18,15,130,55,"01, CV DU RUISSEAU MIRAB",43.35103,5.35379,Nuit avec éclairage allumé,En agglomération,Hors intersection,Normale,Deux véhicules - arrière,,,,,,,,,,,5,2,1,1.0,2
201400013892,0014-12-27 12:25:00,14,12,27,12,25,130,55,"182, CHE DE GIBBES",43.32659,5.38404,Plein jour,En agglomération,Hors intersection,Normale,Trois véhicules et plus - en chaîne,,,,,,,,,,,1,2,1,1.0,4
201400013893,0014-12-18 11:45:00,14,12,18,11,45,130,55,"75, RUE DU DOCTEUR ESCAT",43.28305,5.38047,Plein jour,En agglomération,Hors intersection,Normale,Autre collision,,,,,,,,,,,1,2,1,1.0,6
201400013894,0014-12-20 13:45:00,14,12,20,13,45,130,55,"140, AVE DU PRADO",43.27977,5.38686,Plein jour,En agglomération,Hors intersection,Normale,Deux véhicules - arrière,,,,,,,,,,,1,2,1,1.0,2
201400013895,0014-11-20 01:40:00,14,11,20,1,40,130,55,"410, RUE PARADIS",43.27615,5.38405,Nuit avec éclairage allumé,En agglomération,Hors intersection,Normale,Autre collision,,,,,,,,,,,5,2,1,1.0,6
201400013896,0014-12-30 17:00:00,14,12,30,17,0,130,55,"282, BD MIREILLE LAUZE",43.28495,5.42177,Crépuscule ou aube,En agglomération,Hors intersection,Normale,Autre collision,,,,,,,,,,,2,2,1,1.0,6
201400013897,0014-12-27 17:40:00,14,12,27,17,40,130,55,"01, AVE MILLIE MATHYS",,,Crépuscule ou aube,En agglomération,Hors intersection,Normale,Autre collision,,,,,,,,,,,2,2,1,1.0,6
201400013898,0014-10-05 19:30:00,14,10,5,19,30,130,55,"261, AVE DE LA VISTE",,,Plein jour,En agglomération,Hors intersection,Normale,Trois véhicules et plus - en chaîne,,,,,,,,,,,1,2,1,1.0,4
201400013899,0014-11-20 21:21:00,14,11,20,21,21,130,55,"23, AVE DESIRE BIANCO",43.28635,5.42553,Nuit avec éclairage allumé,En agglomération,Hors intersection,Pluie légère,Deux véhicules - frontale,,,,,,,,,,,5,2,1,2.0,1
201400013900,0014-12-24 18:50:00,14,12,24,18,50,130,55,"132, BD ROMAIN ROLLAND",43.27376,5.41387,Nuit avec éclairage allumé,En agglomération,Intersection en X,Normale,Autre collision,,,,,,,,,,,5,2,2,1.0,6
201400013901,0014-01-10 07:10:00,14,1,10,7,10,130,55,AVE ALEXANDRE FLEMING,,,Crépuscule ou aube,En agglomération,Hors intersection,Normale,Deux véhicules - arrière,,,,,,,,,,,2,2,1,1.0,2
201400013902,0014-01-03 16:55:00,14,1,3,16,55,130,55,"140, AVE DU PRADO",43.27986,5.38682,Nuit avec éclairage allumé,En agglomération,Intersection en X,Normale,Deux véhicules - côté,,,,,,,,,,,5,2,2,1.0,3
201400013903,0014-01-03 06:10:00,14,1,3,6,10,130,55,"546, BD MIREILLE LAUZE",43.28877,5.43652,Nuit avec éclairage allumé,En agglomération,Hors intersection,Normale,Deux véhicules - côté,,,,,,,,,,,5,2,1,1.0,3
201400013904,0014-01-01 06:45:00,14,1,1,6,45,130,55,RPT PERE WRESINKI,,,Nuit avec éclairage allumé,En agglomération,Giratoire,Normale,Sans collision,,,,,,,,,,,5,2,6,1.0,7
201400013905,0014-01-03 15:00:00,14,1,3,15,0,130,55,"129, CHE DE SAINT JOSEPH",43.3458,5.38179,Plein jour,En agglomération,Hors intersection,Normale,Autre collision,,,,,,,,,,,1,2,1,1.0,6
201400013906,0014-01-03 19:30:00,14,1,3,19,30,130,55,"315, BD NATIONAL",43.31272,5.37587,Nuit sans éclairage public,En agglomération,Hors intersection,Normale,Autre collision,,,,,,,,,,,3,2,1,1.0,6
201400013907,0014-01-05 23:00:00,14,1,5,23,0,130,55,BD LEDRU ROLLIN,,,Nuit avec éclairage allumé,En agglomération,Hors intersection,Pluie légère,Deux véhicules - frontale,,,,,,,,,,,5,2,1,2.0,1
201400013908,0014-10-12 00:55:00,14,10,12,0,55,130,55,"00, RTE LEON LACHAMP",,,Nuit avec éclairage allumé,En agglomération,Hors intersection,Normale,Autre collision,,,,,,,,,,,5,2,1,1.0,6
201400013909,0014-01-05 03:20:00,14,1,5,3,20,130,55,BD DU MARECHAL JUIN,43.3138,5.40579,Nuit avec éclairage allumé,En agglomération,Intersection en X,Pluie forte,Autre collision,,,,,,,,,,,5,2,2,3.0,6
201400013910,0014-12-31 23:30:00,14,12,31,23,30,130,55,"156, BD RABATAU",,,Nuit avec éclairage allumé,En agglomération,Hors intersection,Normale,Autre collision,,,,,,,,,,,5,2,1,1.0,6
201400013911,0014-07-04 21:20:00,14,7,4,21,20,130,55,"340, AVE DE LA CAPELETTE",43.27982,5.41613,Nuit avec éclairage allumé,En agglomération,Hors intersection,Normale,Autre collision,,,,,,,,,,,5,2,1,1.0,6
201400013912,0014-10-27 15:30:00,14,10,27,15,30,130,55,"41, BD CHARLES MORETTI",43.32377,5.38443,Plein jour,En agglomération,Hors intersection,Normale,Autre collision,,,,,,,,,,,1,2,1,1.0,6