accident_id,datetime,annee,mois,jour,heure,minute,departement,commune_insee,adresse,latitude,longitude,luminosite,agglomeration,intersection,meteo,collision,nb_vehicules,nb_usagers,nb_indemnes,nb_tues,nb_blesses_hosp,nb_blesses_legers,age_cond_1,age_cond_2,veh_type_cond_1,veh_type_cond_2,lum_code,agg_code,int_code,atm_code,col_code
201400013913,0014-01-13 19:45:00,14,1,13,19,45,130,55,RUE DE RUFFI,,,Nuit avec éclairage allumé,En agglomération,Intersection en X,Pluie forte,Deux véhicules - côté,,,,,,,,,,,5,2,2,3.0,3
201400013914,0014-01-03 23:30:00,14,1,3,23,30,130,55,"117, AVE DE SAINT LOUIS",43.34692,5.35914,Nuit avec éclairage allumé,En agglomération,Hors intersection,Normale,Autre collision,,,,,,,,,,,5,2,1,1.0,6
201400013915,0014-01-16 08:10:00,14,1,16,8,10,130,55,"02, RUE FAUCHIER",43.30487,5.37271,Plein jour,En agglomération,Hors intersection,Pluie légère,Autre collision,,,,,,,,,,,1,2,1,2.0,6
201400013916,0014-12-30 13:40:00,14,12,30,13,40,130,55,QAI D ARENC,43.31326,5.36631,Plein jour,En agglomération,Intersection en T,Normale,Autre collision,,,,,,,,,,,1,2,3,1.0,6
201400013917,0014-01-06 18:00:00,14,1,6,18,0,130,55,"72, RUE FRANCOIS MAURIAC",43.27364,5.41978,Nuit avec éclairage allumé,En agglomération,Hors intersection,Normale,Autre collision,,,,,,,,,,,5,2,1,1.0,6
201400013918,0014-11-05 16:45:00,14,11,5,16,45,130,55,"47, CRS LIEUTAUD",,,Plein jour,En agglomération,Intersection en T,Normale,Deux véhicules - frontale,,,,,,,,,,,1,2,3,1.0,1
201400013919,0014-11-04 09:50:00,14,11,4,9,50,130,55,"49, RUE DES TROIS FRERES",43.29332,5.38622,Plein jour,En agglomération,Hors intersection,Pluie légère,Autre collision,,,,,,,,,,,1,2,1,2.0,6
201400013920,0014-12-28 06:25:00,14,12,28,6,25,130,55,"00, TUN TUNNEL ST CHARLE",,,Nuit avec éclairage allumé,En agglomération,Hors intersection,Normale,Sans collision,,,,,,,,,,,5,2,1,1.0,7
201400013921,0014-01-16 12:45:00,14,1,16,12,45,130,55,"1, VOL PLOMBIERES FERDIN",,,Plein jour,En agglomération,Hors intersection,Normale,Deux véhicules - arrière,,,,,,,,,,,1,2,1,1.0,2
201400013922,0014-01-01 16:45:00,14,1,1,16,45,130,55,"19, AVE DE LA MARTHELINE",43.24647,5.39881,Plein jour,En agglomération,Hors intersection,Normale,Deux véhicules - côté,,,,,,,,,,,1,2,1,1.0,3
201400013923,0014-11-12 11:30:00,14,11,12,11,30,130,55,"18, AVE DE VALDONNE",,,Plein jour,En agglomération,Hors intersection,Temps couvert,Autre collision,,,,,,,,,,,1,2,1,8.0,6
201400013924,0014-12-31 21:20:00,14,12,31,21,20,130,55,"05, BD GARIBALDI",43.29693,5.38117,Nuit avec éclairage allumé,En agglomération,Hors intersection,Normale,Autre collision,,,,,,,,,,,5,2,1,1.0,6
201400013925,0014-01-04 06:00:00,14,1,4,6,0,130,55,"4, BD GILLIBERT",43.26483,5.40934,Nuit sans éclairage public,En agglomération,Intersection en X,Pluie légère,Deux véhicules - côté,,,,,,,,,,,3,2,2,2.0,3
201400013926,0014-01-17 21:30:00,14,1,17,21,30,130,55,"76, AVE DES CHUTES LAVIE",43.31444,5.39754,Nuit avec éclairage allumé,En agglomération,Hors intersection,Normale,Autre collision,,,,,,,,,,,5,2,1,1.0,6
201400013927,0014-01-21 19:40:00,14,1,21,19,40,130,55,"16, CRS FRANKLIN ROOSEVE",43.29904,5.38663,Nuit avec éclairage allumé,En agglomération,Intersection en T,Normale,Deux véhicules - côté,,,,,,,,,,,5,2,3,1.0,3
201400013928,0014-01-19 20:55:00,14,1,19,20,55,130,55,"49, RUE BRETEUIL",43.29025,5.37585,Nuit avec éclairage allumé,En agglomération,Intersection en X,Pluie légère,Deux véhicules - côté,,,,,,,,,,,5,2,2,2.0,3
201400013929,0014-11-22 12:00:00,14,11,22,12,0,130,55,"000, RUE PARADIS",,,Plein jour,En agglomération,Hors intersection,Normale,Autre collision,,,,,,,,,,,1,2,1,1.0,6
201400013930,0014-01-14 21:00:00,14,1,14,21,0,130,55,BD DE LA CORDERIE,43.29023,5.36866,Nuit avec éclairage allumé,En agglomération,Hors intersection,Normale,Trois véhicules et plus - collisions multiples,,,,,,,,,,,5,2,1,1.0,5
201400013931,0014-01-08 19:15:00,14,1,8,19,15,130,55,"03, RTE D ENCO DE BOTTE",43.31284,5.46524,Nuit avec éclairage allumé,En agglomération,Hors intersection,Normale,Deux véhicules - côté,,,,,,,,,,,5,2,1,1.0,3
201400013932,0014-01-09 18:00:00,14,1,9,18,0,130,55,"41, AVE LOUIS MALOSSE",,,Nuit avec éclairage allumé,En agglomération,Hors intersection,Temps couvert,Deux véhicules - côté,,,,,,,,,,,5,2,1,8.0,3
201400013933,0014-01-12 16:25:00,14,1,12,16,25,130,55,"146, BD DE LA VALBARELLE",43.28833,5.4514,Plein jour,En agglomération,Hors intersection,Normale,Deux véhicules - côté,,,,,,,,,,,1,2,1,1.0,3
201400013934,0014-01-13 15:10:00,14,1,13,15,10,130,55,AVE DES PEINTRES ROUX,,,Nuit avec éclairage allumé,En agglomération,Hors intersection,Pluie légère,Deux véhicules - arrière,,,,,,,,,,,5,2,1,2.0,2
201400013935,0014-01-14 13:30:00,14,1,14,13,30,130,55,"15, BD JEAN EUGENE CABAS",43.2859,5.41288,Plein jour,En agglomération,Hors intersection,Normale,Deux véhicules - côté,,,,,,,,,,,1,2,1,1.0,3
201400013936,0014-01-21 17:10:00,14,1,21,17,10,130,55,"108, AVE DU PRADO",43.28111,5.38608,Plein jour,En agglomération,Hors intersection,Normale,Deux véhicules - frontale,,,,,,,,,,,1,2,1,1.0,1
201400013937,0014-01-22 01:25:00,14,1,22,1,25,130,55,"50, CHE DE LA MADRAGUE V",43.32152,5.36496,Nuit sans éclairage public,En agglomération,Hors intersection,Normale,Autre collision,,,,,,,,,,,3,2,1,1.0,6
201400013938,0014-01-12 08:00:00,14,1,12,8,0,130,75,"55, PAUL SIRVENT (AVE)",43.34277,5.46946,Plein jour,En agglomération,Hors intersection,Normale,Sans collision,,,,,,,,,,,1,2,1,1.0,7
201400013939,0014-01-14 16:00:00,14,1,14,16,0,130,55,"164, BD DE PLOMBIERES",43.31867,5.37962,Plein jour,En agglomération,Hors intersection,Normale,Trois véhicules et plus - en chaîne,,,,,,,,,,,1,2,1,1.0,4
201400013940,0014-01-17 18:00:00,14,1,17,18,0,130,55,RUE DES MUSARDISES,,,Crépuscule ou aube,En agglomération,Hors intersection,Normale,Deux véhicules - frontale,,,,,,,,,,,2,2,1,1.0,1
201400013941,0014-12-30 19:15:00,14,12,30,19,15,130,55,"262, RUE PARADIS",43.28147,5.38183,Nuit avec éclairage allumé,En agglomération,Hors intersection,Normale,Autre collision,,,,,,,,,,,5,2,1,1.0,6
201400013942,0014-01-22 08:30:00,14,1,22,8,30,130,55,"1, AVE DU CAP PINEDE ROC",43.32898,5.36563,Plein jour,En agglomération,Hors intersection,Normale,Deux véhicules - frontale,,,,,,,,,,,1,2,1,1.0,1
201400013943,0014-01-09 16:30:00,14,1,9,16,30,130,55,VSN CAP JANET CHE,,,Plein jour,Hors agglomération,Hors intersection,Normale,Deux véhicules - frontale,,,,,,,,,,,1,1,1,1.0,1
201400013944,0014-01-26 23:50:00,14,1,26,23,50,130,55,"1, AVE DU CAP PINEDE ROC",,,Nuit sans éclairage public,En agglomération,Hors intersection,Normale,Deux véhicules - arrière,,,,,,,,,,,3,2,1,1.0,2
201400013945,0014-10-28 15:30:00,14,10,28,15,30,130,55,"08, BD DUGOMMIER",43.29829,5.38096,Plein jour,En agglomération,Hors intersection,Normale,Autre collision,,,,,,,,,,,1,2,1,1.0,6
201400013946,0014-01-18 19:00:00,14,1,18,19,0,130,55,CHE DES JONQUILLES,,,Nuit avec éclairage allumé,En agglomération,Hors intersection,Pluie légère,Deux véhicules - frontale,,,,,,,,,,,5,2,1,2.0,1
201400013947,0014-01-08 07:30:00,14,1,8,7,30,130,55,"04, CHE DE SAINT ANTOINE",43.34973,5.37515,Crépuscule ou aube,En agglomération,Hors intersection,Normale,Autre collision,,,,,,,,,,,2,2,1,1.0,6
201400013948,0014-01-28 09:40:00,14,1,28,9,40,130,55,"142, AVE PIERRE MENDES F",43.25683,5.37647,Plein jour,En agglomération,Hors intersection,Normale,Autre collision,,,,,,,,,,,1,2,1,1.0,6
201400013949,0014-01-15 13:40:00,14,1,15,13,40,130,55,"105, CRS LIEUTAUD",43.28913,5.38408,Plein jour,En agglomération,Hors intersection,Normale,Deux véhicules - côté,,,,,,,,,,,1,2,1,1.0,3
201400013950,0014-01-12 17:00:00,14,1,12,17,0,130,55,"146, RUE DE ROME",43.2887,5.3822,Plein jour,En agglomération,Intersection en T,Normale,Autre collision,,,,,,,,,,,1,2,3,1.0,6
201400013951,0014-11-05 13:00:00,14,11,5,13,0,130,55,"01, AVE FLORIAN",43.28171,5.42755,Plein jour,En agglomération,Hors intersection,Normale,Autre collision,,,,,,,,,,,1,2,1,1.0,6
201400013952,0014-01-16 13:10:00,14,1,16,13,10,130,55,AVE ESCADRILLE NORMANDIE,,,Plein jour,En agglomération,Hors intersection,Temps couvert,Deux véhicules - côté,,,,,,,,,,,1,2,1,8.0,3
201400013953,0014-01-09 18:25:00,14,1,9,18,25,130,55,"84, AVE DU MERLAN",43.33909,5.40802,Nuit avec éclairage allumé,En agglomération,Hors intersection,Normale,Deux véhicules - côté,,,,,,,,,,,5,2,1,1.0,3
201400013954,0014-01-05 12:35:00,14,1,5,12,35,130,55,"111, RUE DE L' EVECHE",43.30242,5.36736,Plein jour,En agglomération,Intersection en T,Normale,Autre collision,,,,,,,,,,,1,2,3,1.0,6
201400013955,0014-01-07 16:30:00,14,1,7,16,30,130,55,"75, BD LOUIS VILLECROZE",43.32025,5.39198,Plein jour,En agglomération,Hors intersection,Normale,Autre collision,,,,,,,,,,,1,2,1,1.0,6
201400013956,0014-01-13 10:30:00,14,1,13,10,30,130,55,"106, RUE D' ITALIE",43.28657,5.38442,Plein jour,En agglomération,Hors intersection,Normale,Autre collision,,,,,,,,,,,1,2,1,1.0,6
201400013957,0014-01-08 21:00:00,14,1,8,21,0,130,55,"30, RTE DE LA SABLIERE",43.29233,5.47937,Nuit avec éclairage allumé,En agglomération,Hors intersection,Normale,Sans collision,,,,,,,,,,,5,2,1,1.0,7
201400013958,0014-12-11 19:10:00,14,12,11,19,10,130,55,"40, RUE CHATEAU PAYAN",43.29106,5.38904,Nuit avec éclairage allumé,En agglomération,Intersection en T,Normale,Autre collision,,,,,,,,,,,5,2,3,1.0,6
201400013959,0014-01-14 18:30:00,14,1,14,18,30,130,55,"55, CV DE MORGIOU",,,Crépuscule ou aube,En agglomération,Hors intersection,Pluie légère,Deux véhicules - côté,,,,,,,,,,,2,2,1,2.0,3
201400013960,0014-01-16 08:30:00,14,1,16,8,30,130,55,"69, AVE DE LATTRE DE TAS",43.24657,5.40819,Plein jour,En agglomération,Hors intersection,Pluie légère,Trois véhicules et plus - en chaîne,,,,,,,,,,,1,2,1,2.0,4
201400013961,0014-01-22 21:30:00,14,1,22,21,30,130,55,CHE DE LA MILLIERE A S,43.28924,5.4992,Nuit avec éclairage allumé,En agglomération,Intersection en T,Normale,Deux véhicules - frontale,,,,,,,,,,,5,2,3,1.0,1
201400013962,0014-01-09 10:05:00,14,1,9,10,5,130,55,CV DE L' ARGILE,,,Plein jour,En agglomération,Hors intersection,Normale,Sans collision,,,,,,,,,,,1,2,1,1.0,7
201400013963,0014-01-10 10:00:00,14,1,10,10,0,130,55,"120, BD RABATAU",43.27796,5.39922,Plein jour,En agglomération,Hors intersection,Pluie légère,Sans collision,,,,,,,,,,,1,2,1,2.0,7
201400013964,0014-01-16 08:30:00,14,1,16,8,30,130,55,"12, BD FERNAND BONNEFOY",,,Plein jour,En agglomération,Hors intersection,Pluie forte,Sans collision,,,,,,,,,,,1,2,1,3.0,7
201400013965,0014-12-04 09:15:00,14,12,4,9,15,130,55,"00, RUE DE SUEZ",,,Plein jour,En agglomération,Hors intersection,Normale,Autre collision,,,,,,,,,,,1,2,1,1.0,6
201400013966,0014-01-17 14:10:00,14,1,17,14,10,130,55,AVE SALVADOR ALLENDE,43.33038,5.38906,Plein jour,En agglomération,Giratoire,Normale,Deux véhicules - arrière,,,,,,,,,,,1,2,6,1.0,2
201400013967,0014-01-03 14:40:00,14,1,3,14,40,130,2,"4, GUSTAVE RAMBERT (BOUL",,,Plein jour,En agglomération,Intersection en X,Normale,Deux véhicules - côté,,,,,,,,,,,1,2,2,1.0,3
201400013968,0014-01-05 17:00:00,14,1,5,17,0,130,75,"1, PAUL SIRVENT (AVE)",43.34501,5.46134,Nuit avec éclairage allumé,En agglomération,Hors intersection,Normale,Deux véhicules - frontale,,,,,,,,,,,5,2,1,1.0,1
201400013969,0014-01-08 07:00:00,14,1,8,7,0,130,55,BD SIMON BOLIVAR,43.3432,5.37586,Crépuscule ou aube,Hors agglomération,Intersection en T,Normale,Deux véhicules - côté,,,,,,,,,,,2,1,3,1.0,3
201400013970,0014-01-08 11:45:00,14,1,8,11,45,130,55,"89, AVE DES CAILLOLS",43.30357,5.43132,Plein jour,En agglomération,Hors intersection,Normale,Autre collision,,,,,,,,,,,1,2,1,1.0,6
201400013971,0014-01-11 00:01:00,14,1,11,0,1,130,2,"1,AV GENERAL LECLERC",43.33966,5.48434,Nuit avec éclairage allumé,En agglomération,Giratoire,Normale,Sans collision,,,,,,,,,,,5,2,6,1.0,7
201400013972,0014-01-11 15:30:00,14,1,11,15,30,130,2,"12, JEAN GIONO (AVENUE)",43.3341,5.4801,Plein jour,En agglomération,Hors intersection,Normale,Autre collision,,,,,,,,,,,1,2,1,1.0,6
201400013973,0014-01-13 17:10:00,14,1,13,17,10,130,2,"563, SALVATORE ALLENDE (",43.35251,5.48145,Plein jour,En agglomération,Hors intersection,Pluie forte,Autre collision,,,,,,,,,,,1,2,1,3.0,6
201400013974,0014-01-15 07:30:00,14,1,15,7,30,130,55,"205, AVE DU VINGT QUATRE",,,Crépuscule ou aube,En agglomération,Hors intersection,Normale,Autre collision,,,,,,,,,,,2,2,1,1.0,6
201400013975,0014-01-18 18:30:00,14,1,18,18,30,130,75,"90, FREDERIC CHEVILLON",43.34812,5.46476,Nuit avec éclairage allumé,En agglomération,Hors intersection,Pluie forte,Sans collision,,,,,,,,,,,5,2,1,3.0,7
201400013976,0014-01-08 12:15:00,14,1,8,12,15,130,55,"347, AVE DE SAINT ANTOIN",43.38028,5.35742,Plein jour,En agglomération,Intersection en T,Normale,Deux véhicules - arrière,,,,,,,,,,,1,2,3,1.0,2
201400013977,0014-01-18 15:15:00,14,1,18,15,15,130,55,"1, RUE DE ROUBAIX",43.32232,5.4127,Plein jour,En agglomération,Intersection en X,Pluie forte,Deux véhicules - côté,,,,,,,,,,,1,2,2,3.0,3
201400013978,0014-01-19 07:35:00,14,1,19,7,35,130,55,"41, BD SIMON BOLIVAR",43.34521,5.37822,Plein jour,En agglomération,Intersection en T,Pluie légère,Deux véhicules - arrière,,,,,,,,,,,1,2,3,2.0,2
201400013979,0014-01-25 14:15:00,14,1,25,14,15,130,55,RUE ALBERT MARQUET,,,Plein jour,En agglomération,Hors intersection,Normale,Autre collision,,,,,,,,,,,1,2,1,1.0,6
201400013980,0014-12-08 21:30:00,14,12,8,21,30,130,55,"01, RPT PERE WRESINKI",43.33033,5.40969,Nuit avec éclairage allumé,En agglomération,Giratoire,Normale,Autre collision,,,,,,,,,,,5,2,6,1.0,6
201400013981,0014-01-29 07:00:00,14,1,29,7,0,130,55,AVE DE LA CAPELETTE,43.27934,5.41142,Plein jour,En agglomération,Hors intersection,Pluie légère,Deux véhicules - frontale,,,,,,,,,,,1,2,1,2.0,1
201400013982,0014-01-17 14:50:00,14,1,17,14,50,130,55,"8, PCE DE LA GARE DE L'",43.28123,5.42696,Plein jour,En agglomération,Intersection en X,Normale,Deux véhicules - côté,,,,,,,,,,,1,2,2,1.0,3
201400013983,0014-02-03 09:20:00,14,2,3,9,20,130,55,"01, AVE MERLEAU PONTY",43.33745,5.42089,Plein jour,En agglomération,Intersection en T,Normale,Autre collision,,,,,,,,,,,1,2,3,1.0,6
201400013984,0014-01-01 03:00:00,14,1,1,3,0,130,55,"13, RTE D ENCO DE BOTTE",43.3136,5.46578,Nuit avec éclairage allumé,En agglomération,Intersection en T,Normale,Deux véhicules - arrière,,,,,,,,,,,5,2,3,1.0,2
201400013985,0014-01-07 19:30:00,14,1,7,19,30,130,55,AVE DU MARECHAL FOCH,,,Nuit avec éclairage non allumé,En agglomération,Hors intersection,Normale,Autre collision,,,,,,,,,,,4,2,1,1.0,6
201400013986,0014-01-19 13:50:00,14,1,19,13,50,130,55,"44, RUE DU RACATI",43.30664,5.37565,Plein jour,En agglomération,Hors intersection,Pluie légère,Deux véhicules - frontale,,,,,,,,,,,1,2,1,2.0,1
201400013987,0014-01-20 16:50:00,14,1,20,16,50,130,55,AVE JEAN PAUL SARTRE,,,Plein jour,En agglomération,Hors intersection,Normale,Deux véhicules - côté,,,,,,,,,,,1,2,1,1.0,3
201400013988,0014-01-11 13:50:00,14,1,11,13,50,130,55,"12, RUE DE LA GRANDE ARM",43.30028,5.38418,Plein jour,En agglomération,Intersection en T,Normale,Deux véhicules - côté,,,,,,,,,,,1,2,3,1.0,3
201400013989,0014-01-22 14:45:00,14,1,22,14,45,130,55,RUE BENEDIT,43.30641,5.39309,Plein jour,En agglomération,Hors intersection,Normale,Autre collision,,,,,,,,,,,1,2,1,1.0,6
201400013990,0014-01-15 12:15:00,14,1,15,12,15,130,55,"341, CHE DE LA MADRAGUE",43.33782,5.35774,Plein jour,En agglomération,Hors intersection,Normale,Deux véhicules - arrière,,,,,,,,,,,1,2,1,1.0,2
201400013991,0014-01-04 14:30:00,14,1,4,14,30,130,55,"252, AVE DES CAILLOLS",43.30224,5.44529,Plein jour,En agglomération,Hors intersection,Pluie légère,Sans collision,,,,,,,,,,,1,2,1,2.0,7
201400013992,0014-01-25 19:15:00,14,1,25,19,15,130,55,"24, RUE ALBERT EINSTEIN",43.33361,5.4312,Nuit avec éclairage allumé,En agglomération,Autre intersection,Normale,Autre collision,,,,,,,,,,,5,2,9,1.0,6
201400013993,0014-01-20 12:40:00,14,1,20,12,40,130,55,"104, RUE FELIX PYAT",43.3166,5.37414,Plein jour,En agglomération,Intersection en T,Normale,Sans collision,,,,,,,,,,,1,2,3,1.0,7
201400013994,0014-08-05 20:15:00,14,8,5,20,15,130,55,"00, RUE ESPERANDIEU",,,Plein jour,En agglomération,Hors intersection,Normale,Autre collision,,,,,,,,,,,1,2,1,1.0,6
201400013995,0014-01-25 15:25:00,14,1,25,15,25,130,55,"1, BD DE PLOMBIERES AERI",,,Plein jour,En agglomération,Hors intersection,Normale,Deux véhicules - arrière,,,,,,,,,,,1,2,1,1.0,2
201400013996,0014-01-10 09:15:00,14,1,10,9,15,130,55,"62, RUE CONSOLAT",43.30064,5.38833,Plein jour,En agglomération,Intersection en X,Normale,Deux véhicules - arrière,,,,,,,,,,,1,2,2,1.0,2
201400013997,0014-01-13 14:07:00,14,1,13,14,7,130,55,"960, BD DE LA LIBERATION",,,Nuit avec éclairage allumé,En agglomération,Hors intersection,Pluie légère,Deux véhicules - côté,,,,,,,,,,,5,2,1,2.0,3
201400013998,0014-01-25 12:15:00,14,1,25,12,15,130,55,RUE BEL AIR,43.28958,5.3824,Plein jour,En agglomération,Intersection en X,Normale,Deux véhicules - côté,,,,,,,,,,,1,2,2,1.0,3
201400013999,0014-01-26 16:15:00,14,1,26,16,15,130,55,"12, QAI DE RIVE NEUVE",43.29334,5.37108,Plein jour,En agglomération,Hors intersection,Normale,Deux véhicules - arrière,,,,,,,,,,,1,2,1,1.0,2
201400014000,0014-01-16 17:00:00,14,1,16,17,0,130,55,"368, BD HENRI BARNIER",43.36073,5.34258,Crépuscule ou aube,En agglomération,Hors intersection,Pluie légère,Trois véhicules et plus - collisions multiples,,,,,,,,,,,2,2,1,2.0,5
201400014001,0014-01-16 20:40:00,14,1,16,20,40,130,55,"44, BD FERDINAND DE LESS",43.32087,5.37481,Nuit avec éclairage allumé,En agglomération,Hors intersection,Pluie légère,Deux véhicules - côté,,,,,,,,,,,5,2,1,2.0,3
201400014002,0014-11-27 11:00:00,14,11,27,11,0,130,2,"01, ANGE MARTIN  (BOULEV",,,Plein jour,En agglomération,Intersection en T,Normale,Autre collision,,,,,,,,,,,1,2,3,1.0,6
201400014003,0014-01-20 10:40:00,14,1,20,10,40,130,55,AVE JEAN PAUL SARTRE,,,Plein jour,En agglomération,Hors intersection,Pluie légère,Deux véhicules - arrière,,,,,,,,,,,1,2,1,2.0,2
201400014004,0014-01-24 15:20:00,14,1,24,15,20,130,55,"60, RUE DE LA REPUBLIQUE",43.30089,5.37046,Plein jour,En agglomération,Hors intersection,Normale,Deux véhicules - côté,,,,,,,,,,,1,2,1,1.0,3
201400014005,0014-01-22 12:30:00,14,1,22,12,30,130,55,"17, AVE CAMILLE PELLETAN",43.3031,5.374,Plein jour,En agglomération,Hors intersection,Normale,Deux véhicules - côté,,,,,,,,,,,1,2,1,1.0,3
201400014006,0014-01-23 16:35:00,14,1,23,16,35,130,55,"1, RUE LOUIS REYBAUD",43.29737,5.42698,Plein jour,En agglomération,Giratoire,Normale,Autre collision,,,,,,,,,,,1,2,6,1.0,6
201400014007,0014-12-01 02:45:00,14,12,1,2,45,130,55,"122, AVE DES PEINTRES RO",43.30297,5.47384,Nuit avec éclairage allumé,En agglomération,Hors intersection,Pluie légère,Sans collision,,,,,,,,,,,5,2,1,2.0,7
201400014008,0014-01-24 11:50:00,14,1,24,11,50,130,55,BD DE LA BOUGIE,,,Plein jour,En agglomération,Hors intersection,Normale,Autre collision,,,,,,,,,,,1,2,1,1.0,6
201400014009,0014-01-27 16:30:00,14,1,27,16,30,130,55,"243, AVE ROGER SALENGRO",43.32056,5.36757,Plein jour,En agglomération,Intersection en T,Normale,Deux véhicules - côté,,,,,,,,,,,1,2,3,1.0,3
201400014010,0014-01-22 13:15:00,14,1,22,13,15,130,55,", RUE PEYSSONNEL",,,Plein jour,En agglomération,Hors intersection,Normale,Autre collision,,,,,,,,,,,1,2,1,1.0,6
201400014011,0014-01-18 09:30:00,14,1,18,9,30,130,55,CHE DU LITTORAL,,,Plein jour,En agglomération,Hors intersection,Pluie légère,Sans collision,,,,,,,,,,,1,2,1,2.0,7
201400014012,0014-01-28 13:30:00,14,1,28,13,30,130,55,RUE BOISSELOT,,,Plein jour,En agglomération,Hors intersection,Normale,Autre collision,,,,,,,,,,,1,2,1,1.0,6
201400014013,0014-02-23 19:40:00,14,2,23,19,40,130,55,"01, BD DE PLOMBIERES",,,Nuit avec éclairage allumé,En agglomération,Hors intersection,Temps couvert,Deux véhicules - arrière,,,,,,,,,,,5,2,1,8.0,2
201400014014,0014-01-14 12:00:00,14,1,14,12,0,130,55,VSN ROVE ANC CHE DU,,,Plein jour,En agglomération,Hors intersection,Normale,Deux véhicules - frontale,,,,,,,,,,,1,2,1,1.0,1
201400014015,0014-02-05 23:00:00,14,2,5,23,0,130,55,"77, BD DE PLOMBIERES",43.31608,5.38401,Nuit avec éclairage allumé,En agglomération,Intersection en T,Normale,Deux véhicules - frontale,,,,,,,,,,,5,2,3,1.0,1
201400014016,0014-01-30 08:00:00,14,1,30,8,0,130,106,NELSON MANDELA (AVENUE),43.40841,5.36648,Plein jour,En agglomération,Hors intersection,Pluie forte,Deux véhicules - côté,,,,,,,,,,,1,2,1,3.0,3
201400014017,0014-02-01 08:00:00,14,2,1,8,0,130,106,"00, NELSON MANDELA (AVEN",,,Plein jour,En agglomération,Hors intersection,Pluie forte,Deux véhicules - frontale,,,,,,,,,,,1,2,1,3.0,1
201400014018,0014-01-13 11:40:00,14,1,13,11,40,130,55,"37, RUE FALQUE",43.28414,5.38193,Plein jour,En agglomération,Hors intersection,Normale,Deux véhicules - côté,,,,,,,,,,,1,2,1,1.0,3
201400014019,0014-02-05 07:35:00,14,2,5,7,35,130,55,"74, BD DE SAINT LOUP",,,Plein jour,En agglomération,Hors intersection,Pluie forte,Autre collision,,,,,,,,,,,1,2,1,3.0,6
201400014020,0014-01-27 16:35:00,14,1,27,16,35,130,55,"161, BD ROMAIN ROLLAND",43.27635,5.41818,Plein jour,En agglomération,Hors intersection,Normale,Trois véhicules et plus - en chaîne,,,,,,,,,,,1,2,1,1.0,4
201400014021,0014-10-21 22:45:00,14,10,21,22,45,130,55,"76B, AVE JEAN LOMBARD",43.28893,5.43092,Nuit avec éclairage allumé,En agglomération,Hors intersection,Normale,Sans collision,,,,,,,,,,,5,2,1,1.0,7
201400014022,0014-01-14 17:45:00,14,1,14,17,45,130,55,"95, BD VAUBAN",43.28274,5.3743,Crépuscule ou aube,En agglomération,Hors intersection,Pluie légère,Deux véhicules - frontale,,,,,,,,,,,2,2,1,2.0,1
201400014023,0014-07-31 00:15:00,14,7,31,0,15,130,55,"88, BD DE LA MILLIERE",,,Nuit avec éclairage allumé,En agglomération,Hors intersection,Normale,Sans collision,,,,,,,,,,,5,2,1,1.0,7
201400014024,0014-01-17 12:09:00,14,1,17,12,9,130,55,"11, BD DU METRO",43.3344,5.42877,Plein jour,En agglomération,Hors intersection,Normale,Deux véhicules - arrière,,,,,,,,,,,1,2,1,1.0,2
201400014025,0014-02-09 10:30:00,14,2,9,10,30,130,55,"00, BD MIREILLE LAUZE",43.28332,5.41281,Plein jour,En agglomération,Intersection en X,Normale,Deux véhicules - côté,,,,,,,,,,,1,2,2,1.0,3
201400014026,0014-02-09 17:00:00,14,2,9,17,0,130,55,"11, AVE D' AIR BEL",,,Plein jour,En agglomération,Hors intersection,Normale,Autre collision,,,,,,,,,,,1,2,1,1.0,6
201400014027,0014-01-27 13:45:00,14,1,27,13,45,130,55,"41, BD CHARLES MORETTI",43.32383,5.38442,Plein jour,En agglomération,Hors intersection,Normale,Deux véhicules - côté,,,,,,,,,,,1,2,1,1.0,3
201400014028,0014-02-06 12:30:00,14,2,6,12,30,130,55,"01, BD DU BOSPHORE",,,Plein jour,En agglomération,Hors intersection,Normale,Autre collision,,,,,,,,,,,1,2,1,1.0,6
201400014029,0014-01-28 12:00:00,14,1,28,12,0,130,55,"210, AVE DE SAINT LOUIS",43.35067,5.35868,Plein jour,En agglomération,Hors intersection,Normale,Deux véhicules - arrière,,,,,,,,,,,1,2,1,1.0,2
201400014030,0014-01-09 11:00:00,14,1,9,11,0,130,55,"9, RUE SAINT PIERRE",43.29378,5.38732,Plein jour,En agglomération,Hors intersection,Normale,Deux véhicules - arrière,,,,,,,,,,,1,2,1,1.0,2
201400014031,0014-01-27 18:30:00,14,1,27,18,30,130,55,"1, PRO GEORGES POMPIDOU",,,Nuit avec éclairage allumé,En agglomération,Hors intersection,Normale,Deux véhicules - côté,,,,,,,,,,,5,2,1,1.0,3
201400014032,0014-01-29 22:30:00,14,1,29,22,30,130,55,"83, BD DE STRASBOURG",43.30904,5.3784,Nuit avec éclairage allumé,En agglomération,Intersection en X,Normale,Autre collision,,,,,,,,,,,5,2,2,1.0,6
201400014033,0014-02-01 05:40:00,14,2,1,5,40,130,55,"00, RUE CHARRAS",43.29073,5.35736,Nuit avec éclairage allumé,En agglomération,Intersection en X,Normale,Deux véhicules - côté,,,,,,,,,,,5,2,2,1.0,3
201400014034,0014-01-20 10:15:00,14,1,20,10,15,130,55,VSN LEON LACHAMP (RTE),,,Plein jour,Hors agglomération,Hors intersection,Normale,Sans collision,,,,,,,,,,,1,1,1,1.0,7
201400014035,0014-01-22 09:10:00,14,1,22,9,10,130,55,"386, RUE PARADIS",43.27745,5.38351,Plein jour,En agglomération,Hors intersection,Normale,Deux véhicules - côté,,,,,,,,,,,1,2,1,1.0,3