accident_id,datetime,annee,mois,jour,heure,minute,departement,commune_insee,adresse,latitude,longitude,luminosite,agglomeration,intersection,meteo,collision,nb_vehicules,nb_usagers,nb_indemnes,nb_tues,nb_blesses_hosp,nb_blesses_legers,age_cond_1,age_cond_2,veh_type_cond_1,veh_type_cond_2,lum_code,agg_code,int_code,atm_code,col_code
201400014281,0014-03-22 19:00:00,14,3,22,19,0,130,55,"260, BD NATIONAL",43.3112,5.37806,Nuit avec éclairage allumé,En agglomération,Hors intersection,Pluie légère,Autre collision,,,,,,,,,,,5,2,1,2.0,6
201400014282,0014-03-20 08:00:00,14,3,20,8,0,130,55,"03, BD DU MARECHAL JUIN",,,Plein jour,En agglomération,Hors intersection,Normale,Autre collision,,,,,,,,,,,1,2,1,1.0,6
201400014283,0014-03-13 18:40:00,14,3,13,18,40,130,55,"01, ALL MANUEL DE FALLA",,,Crépuscule ou aube,En agglomération,Hors intersection,Normale,Autre collision,,,,,,,,,,,2,2,1,1.0,6
201400014284,0014-03-14 14:50:00,14,3,14,14,50,130,55,"28, BD DU CABOT",43.26012,5.41588,Plein jour,En agglomération,Hors intersection,Normale,Deux véhicules - frontale,,,,,,,,,,,1,2,1,1.0,1
201400014285,0014-03-14 18:00:00,14,3,14,18,0,130,55,"87, RUE AUGUSTIN AUBERT",43.26509,5.40372,Plein jour,En agglomération,Hors intersection,Normale,Autre collision,,,,,,,,,,,1,2,1,1.0,6
201400014286,0014-03-20 11:30:00,14,3,20,11,30,130,55,"08, RUE RAYMOND TEISSEIR",43.27315,5.39903,Plein jour,En agglomération,Hors intersection,Normale,Autre collision,,,,,,,,,,,1,2,1,1.0,6
201400014287,0014-03-19 18:25:00,14,3,19,18,25,130,55,"89, BD PINATEL",43.31526,5.44446,Plein jour,En agglomération,Hors intersection,Normale,Autre collision,,,,,,,,,,,1,2,1,1.0,6
201400014288,0014-03-16 12:54:00,14,3,16,12,54,130,55,RPT JANE CASTINEL,43.31695,5.43684,Plein jour,En agglomération,Hors intersection,Normale,Deux véhicules - arrière,,,,,,,,,,,1,2,1,1.0,2
201400014289,0014-03-17 12:45:00,14,3,17,12,45,130,55,"01, RTE DE LA SABLIERE",,,Plein jour,En agglomération,Hors intersection,Normale,Autre collision,,,,,,,,,,,1,2,1,1.0,6
201400014290,0014-01-18 11:35:00,14,1,18,11,35,130,55,"41, AVE FRANCOIS MIGNET",43.33079,5.42773,Plein jour,En agglomération,Hors intersection,Normale,Autre collision,,,,,,,,,,,1,2,1,1.0,6
201400014291,0014-03-03 09:20:00,14,3,3,9,20,130,55,"61, BD DE PLOMBIERES",43.31583,5.38484,Plein jour,En agglomération,Hors intersection,Temps couvert,Autre collision,,,,,,,,,,,1,2,1,8.0,6
201400014292,0014-02-18 16:00:00,14,2,18,16,0,130,106,"09, Z.A.C. HAUTE B?DOULE",,,Plein jour,En agglomération,Hors intersection,Normale,Deux véhicules - arrière,,,,,,,,,,,1,2,1,1.0,2
201400014293,0014-03-27 11:55:00,14,3,27,11,55,130,55,"27, BD FRANCOISE DUPARC",43.30163,5.40056,Plein jour,En agglomération,Hors intersection,Normale,Autre collision,,,,,,,,,,,1,2,1,1.0,6
201400014294,0014-03-23 12:40:00,14,3,23,12,40,130,55,"70, AVE DE HAMBOURG",43.25119,5.38789,Plein jour,En agglomération,Hors intersection,Normale,Autre collision,,,,,,,,,,,1,2,1,1.0,6
201400014295,0014-04-01 17:50:00,14,4,1,17,50,130,55,"00, RUE AVIATEUR LE BRIX",,,Plein jour,En agglomération,Hors intersection,Normale,Autre collision,,,,,,,,,,,1,2,1,1.0,6
201400014296,0014-04-04 13:25:00,14,4,4,13,25,130,55,"000, BD CHAVE",43.29519,5.39081,Plein jour,En agglomération,Intersection en T,Normale,Autre collision,,,,,,,,,,,1,2,3,1.0,6
201400014297,0014-01-11 11:45:00,14,1,11,11,45,130,55,"14, RUE DES TROIS FRERES",,,Plein jour,En agglomération,Hors intersection,Normale,Autre collision,,,,,,,,,,,1,2,1,1.0,6
201400014298,0014-04-04 13:10:00,14,4,4,13,10,130,55,"41, RUE DES BONS ENFANTS",43.29088,5.3883,Plein jour,En agglomération,Intersection en X,Normale,Deux véhicules - côté,,,,,,,,,,,1,2,2,1.0,3
201400014299,0014-04-05 22:15:00,14,4,5,22,15,130,55,"35, PRO GEORGES POMPIDOU",43.26516,5.37353,Nuit avec éclairage non allumé,En agglomération,Hors intersection,Normale,Autre collision,,,,,,,,,,,4,2,1,1.0,6
201400014300,0014-04-07 02:45:00,14,4,7,2,45,130,55,"142, RUE DU COMMANDANT R",43.26812,5.37913,Nuit avec éclairage allumé,En agglomération,Hors intersection,Normale,Sans collision,,,,,,,,,,,5,2,1,1.0,7
201400014301,0014-04-06 19:20:00,14,4,6,19,20,130,55,"57, MTE DE SAINT MENET",43.29417,5.49223,Plein jour,En agglomération,Hors intersection,Normale,Autre collision,,,,,,,,,,,1,2,1,1.0,6
201400014302,0014-03-07 12:00:00,14,3,7,12,0,130,55,"01, RUE DU DOCTEUR LEON",43.31321,5.38627,Plein jour,En agglomération,Hors intersection,Pluie légère,Autre collision,,,,,,,,,,,1,2,1,2.0,6
201400014303,0014-04-07 23:10:00,14,4,7,23,10,130,55,"00, AVE DU MERLAN",43.33195,5.40658,Nuit avec éclairage allumé,En agglomération,Intersection en T,Normale,Deux véhicules - côté,,,,,,,,,,,5,2,3,1.0,3
201400014304,0014-03-28 07:40:00,14,3,28,7,40,130,55,"00, BD RABATAU",,,Crépuscule ou aube,En agglomération,Hors intersection,Normale,Autre collision,,,,,,,,,,,2,2,1,1.0,6
201400014305,0014-02-07 08:30:00,14,2,7,8,30,130,55,"04, AVE LUDOVIC LEGRE",,,Plein jour,En agglomération,Hors intersection,Pluie forte,Deux véhicules - frontale,,,,,,,,,,,1,2,1,3.0,1
201400014306,0014-03-06 13:30:00,14,3,6,13,30,130,55,"327, BD MICHELET",43.25797,5.39979,Plein jour,En agglomération,Hors intersection,Normale,Autre collision,,,,,,,,,,,1,2,1,1.0,6
201400014307,0014-03-24 19:00:00,14,3,24,19,0,130,55,"32, AVE CESAR BOY",43.29629,5.4828,Crépuscule ou aube,En agglomération,Hors intersection,Normale,Autre collision,,,,,,,,,,,2,2,1,1.0,6
201400014308,0014-03-25 13:00:00,14,3,25,13,0,130,55,"28, BD DU CABOT",43.26016,5.41585,Plein jour,En agglomération,Hors intersection,Normale,Autre collision,,,,,,,,,,,1,2,1,1.0,6
201400014309,0014-03-12 12:40:00,14,3,12,12,40,130,55,"23, BD AMPERE",,,Plein jour,En agglomération,Giratoire,Normale,Deux véhicules - arrière,,,,,,,,,,,1,2,6,1.0,2
201400014310,0014-03-04 09:30:00,14,3,4,9,30,130,55,"01, AVE CAMILLE PELLETAN",43.30189,5.3744,Plein jour,En agglomération,Hors intersection,Normale,Deux véhicules - frontale,,,,,,,,,,,1,2,1,1.0,1
201400014311,0014-02-23 10:30:00,14,2,23,10,30,130,55,"00, AVE SALVADOR ALLENDE",43.33019,5.40976,Plein jour,En agglomération,Intersection en X,Normale,Deux véhicules - côté,,,,,,,,,,,1,2,2,1.0,3
201400014312,0014-03-18 08:00:00,14,3,18,8,0,130,55,"853, AVE ROGER SALENGRO",,,Plein jour,En agglomération,Hors intersection,Normale,Autre collision,,,,,,,,,,,1,2,1,1.0,6
201400014313,0014-02-19 15:05:00,14,2,19,15,5,130,55,"00, RUE ANDRE CHAMSON",,,Plein jour,En agglomération,Hors intersection,Normale,Deux véhicules - frontale,,,,,,,,,,,1,2,1,1.0,1
201400014314,0014-02-20 08:00:00,14,2,20,8,0,130,55,"03 bis, RUE D HOZIER",43.30475,5.36971,Plein jour,En agglomération,Hors intersection,Normale,Autre collision,,,,,,,,,,,1,2,1,1.0,6
201400014315,0014-03-11 20:30:00,14,3,11,20,30,130,55,"95, BD HENRI FABRE",,,Nuit avec éclairage allumé,En agglomération,Intersection en X,Normale,Trois véhicules et plus - collisions multiples,,,,,,,,,,,5,2,2,1.0,5
201400014316,0014-03-21 18:15:00,14,3,21,18,15,130,55,BD ACHILLE MARCEL,,,Plein jour,En agglomération,Hors intersection,Normale,Autre collision,,,,,,,,,,,1,2,1,1.0,6
201400014317,0014-04-08 11:50:00,14,4,8,11,50,130,55,"93, CHE DE SAINT JOSEPH",43.3436,5.38536,Plein jour,En agglomération,Intersection en T,Normale,Autre collision,,,,,,,,,,,1,2,3,1.0,6
201400014318,0014-04-07 07:05:00,14,4,7,7,5,130,55,"10, BD LAVERAN",43.32512,5.41473,Crépuscule ou aube,En agglomération,Hors intersection,Normale,Autre collision,,,,,,,,,,,2,2,1,1.0,6
201400014319,0014-02-26 04:10:00,14,2,26,4,10,130,55,"01, AVE DU VINGT QUATRE",43.30768,5.42536,Nuit avec éclairage allumé,En agglomération,Intersection en X,Normale,Deux véhicules - côté,,,,,,,,,,,5,2,2,1.0,3
201400014320,0014-03-09 02:15:00,14,3,9,2,15,130,55,"00, RUE PIERRE DOIZE",,,Nuit avec éclairage allumé,En agglomération,Hors intersection,Normale,Deux véhicules - côté,,,,,,,,,,,5,2,1,1.0,3
201400014321,0014-03-21 18:30:00,14,3,21,18,30,130,55,"39-41, BD VINCENT DELPUE",43.2829,5.39196,Plein jour,En agglomération,Hors intersection,Normale,Deux véhicules - arrière,,,,,,,,,,,1,2,1,1.0,2
201400014322,0014-03-18 12:30:00,14,3,18,12,30,130,55,"38, BD FERDINAND DE LESS",43.3206,5.3738,Plein jour,En agglomération,Hors intersection,Normale,Autre collision,,,,,,,,,,,1,2,1,1.0,6
201400014323,0014-03-10 17:35:00,14,3,10,17,35,130,55,"425, BD ROMAIN ROLLAND",,,Plein jour,En agglomération,Hors intersection,Normale,Autre collision,,,,,,,,,,,1,2,1,1.0,6
201400014324,0014-03-19 11:05:00,14,3,19,11,5,130,75,"136, LIBERATION (AVE DE",43.34345,5.45809,Plein jour,En agglomération,Intersection en T,Normale,Trois véhicules et plus - collisions multiples,,,,,,,,,,,1,2,3,1.0,5
201400014325,0014-03-21 14:00:00,14,3,21,14,0,130,2,"272, MARCEL JULIEN (AVEN",43.35708,5.48814,Plein jour,En agglomération,Giratoire,Normale,Autre collision,,,,,,,,,,,1,2,6,1.0,6
201400014326,0014-04-09 00:30:00,14,4,9,0,30,130,55,"18, BD CHARLES MORETTI",43.32603,5.3773,Nuit avec éclairage allumé,En agglomération,Hors intersection,Normale,Autre collision,,,,,,,,,,,5,2,1,1.0,6
201400014327,0014-02-13 08:15:00,14,2,13,8,15,130,75,"0, MARECHAL JUIN (AVE DU",,,Plein jour,En agglomération,Hors intersection,Normale,Autre collision,,,,,,,,,,,1,2,1,1.0,6
201400014328,0014-02-08 05:04:00,14,2,8,5,4,130,55,"00, RUE JEAN MARTIN",43.29341,5.40309,Nuit avec éclairage allumé,En agglomération,Intersection en X,Normale,Deux véhicules - côté,,,,,,,,,,,5,2,2,1.0,3
201400014329,0014-03-13 13:00:00,14,3,13,13,0,130,55,"395, RUE PARADIS",43.27548,5.38434,Plein jour,En agglomération,Hors intersection,Normale,Autre collision,,,,,,,,,,,1,2,1,1.0,6
201400014330,0014-03-15 18:40:00,14,3,15,18,40,130,55,"01, RTE LEON LACHAMP",43.24499,5.42801,Crépuscule ou aube,Hors agglomération,Hors intersection,Vent fort / tempête,Deux véhicules - frontale,,,,,,,,,,,2,1,1,6.0,1
201400014331,0014-01-30 09:45:00,14,1,30,9,45,130,55,"23, RUE PIERRE DOIZE",43.28114,5.42961,Plein jour,En agglomération,Hors intersection,Normale,Autre collision,,,,,,,,,,,1,2,1,1.0,6
201400014332,0014-02-09 16:00:00,14,2,9,16,0,130,55,"20, BD SCHLOESING",43.27479,5.39974,Plein jour,Hors agglomération,Hors intersection,Normale,Autre collision,,,,,,,,,,,1,1,1,1.0,6
201400014333,0014-02-26 16:20:00,14,2,26,16,20,130,55,"17, PRO GEORGES POMPIDOU",43.26682,5.37256,Plein jour,En agglomération,Hors intersection,Normale,Autre collision,,,,,,,,,,,1,2,1,1.0,6
201400014334,0014-04-09 17:10:00,14,4,9,17,10,130,55,"52, BD DU CAPITAINE GEZE",43.33081,5.37232,Plein jour,En agglomération,Hors intersection,Normale,Trois véhicules et plus - collisions multiples,,,,,,,,,,,1,2,1,1.0,5
201400014335,0014-04-09 21:30:00,14,4,9,21,30,130,55,"135, RUE DE LYON",43.32922,5.36555,Nuit avec éclairage allumé,En agglomération,Intersection en X,Normale,Deux véhicules - côté,,,,,,,,,,,5,2,2,1.0,3
201400014336,0014-03-28 17:10:00,14,3,28,17,10,130,55,"33, CRS LIEUTAUD",,,Plein jour,En agglomération,Hors intersection,Normale,Autre collision,,,,,,,,,,,1,2,1,1.0,6
201400014337,0014-03-28 11:10:00,14,3,28,11,10,130,55,"20, BD BAILLE",43.28669,5.38653,Plein jour,En agglomération,Hors intersection,Normale,Autre collision,,,,,,,,,,,1,2,1,1.0,6
201400014338,0014-04-09 17:45:00,14,4,9,17,45,130,55,"33, AVE RAIMU",,,Plein jour,En agglomération,Hors intersection,Normale,Autre collision,,,,,,,,,,,1,2,1,1.0,6
201400014339,0014-03-14 07:15:00,14,3,14,7,15,130,55,"00, BD DE PLOMBIERES AER",,,Crépuscule ou aube,En agglomération,Hors intersection,Normale,Deux véhicules - arrière,,,,,,,,,,,2,2,1,1.0,2
201400014340,0014-03-14 17:15:00,14,3,14,17,15,130,55,"112, AVE CAMILLE PELLETA",43.30836,5.3741,Plein jour,En agglomération,Hors intersection,Normale,Autre collision,,,,,,,,,,,1,2,1,1.0,6
201400014341,0014-03-21 09:20:00,14,3,21,9,20,130,55,"05, RUE DE LYON",43.32297,5.36771,Plein jour,En agglomération,Hors intersection,Normale,Deux véhicules - arrière,,,,,,,,,,,1,2,1,1.0,2
201400014342,0014-03-16 17:00:00,14,3,16,17,0,130,55,"01, PCE ERNEST DELIBES",43.27908,5.38286,Plein jour,En agglomération,Intersection en X,Normale,Deux véhicules - côté,,,,,,,,,,,1,2,2,1.0,3
201400014343,0014-03-26 13:30:00,14,3,26,13,30,130,55,"00, RPT LOUIS MATHIEU VE",,,Plein jour,En agglomération,Giratoire,Normale,Autre collision,,,,,,,,,,,1,2,6,1.0,6
201400014344,0014-03-05 13:30:00,14,3,5,13,30,130,55,"62, AVE DU MERLAN",43.33773,5.40751,Plein jour,En agglomération,Hors intersection,Normale,Deux véhicules - arrière,,,,,,,,,,,1,2,1,1.0,2
201400014345,0014-03-06 13:30:00,14,3,6,13,30,130,55,"62, PGE DE L' ESTAQUE",,,Plein jour,En agglomération,Hors intersection,Normale,Autre collision,,,,,,,,,,,1,2,1,1.0,6
201400014346,0014-03-26 14:50:00,14,3,26,14,50,130,55,"10, TRA DU PRIEUR",43.3425,5.35991,Plein jour,En agglomération,Hors intersection,Pluie légère,Autre collision,,,,,,,,,,,1,2,1,2.0,6
201400014347,0014-03-24 18:15:00,14,3,24,18,15,130,75,"18, JEAN GIONO (AVE)",43.34485,5.45824,Plein jour,En agglomération,Hors intersection,Normale,Autre collision,,,,,,,,,,,1,2,1,1.0,6
201400014348,0014-04-10 20:55:00,14,4,10,20,55,130,55,"01, PCE PAUL RICARD",43.28442,5.3497,Crépuscule ou aube,En agglomération,Hors intersection,Normale,Autre collision,,,,,,,,,,,2,2,1,1.0,6
201400014349,0014-04-12 16:30:00,14,4,12,16,30,130,55,"54, BD PAUL PEYTRAL",43.29013,5.37821,Plein jour,En agglomération,Hors intersection,Normale,Autre collision,,,,,,,,,,,1,2,1,1.0,6
201400014350,0014-03-28 20:30:00,14,3,28,20,30,130,75,"18 BIS, JEAN GIONO (AVE)",43.345,,Nuit avec éclairage allumé,En agglomération,Intersection en X,Normale,Deux véhicules - côté,,,,,,,,,,,5,2,2,1.0,3
201400014351,0014-03-25 14:15:00,14,3,25,14,15,130,55,CHE DE SAINT JOSEPH A SA,,,Plein jour,En agglomération,Hors intersection,Normale,Deux véhicules - arrière,,,,,,,,,,,1,2,1,1.0,2
201400014352,0014-02-19 11:30:00,14,2,19,11,30,130,55,"121, AVE DU VINGT QUATRE",43.30816,5.43532,Plein jour,En agglomération,Hors intersection,Normale,Autre collision,,,,,,,,,,,1,2,1,1.0,6
201400014353,0014-04-14 09:25:00,14,4,14,9,25,130,55,"01, AVE ALEXANDRE ANSALD",43.33236,5.40404,Plein jour,En agglomération,Intersection en T,Normale,Autre collision,,,,,,,,,,,1,2,3,1.0,6
201400014354,0014-03-14 10:30:00,14,3,14,10,30,130,55,"0, BD HILARION BOEUF",43.28982,5.40719,Plein jour,En agglomération,Intersection en T,Normale,Deux véhicules - côté,,,,,,,,,,,1,2,3,1.0,3
201400014355,0014-03-11 22:00:00,14,3,11,22,0,130,55,"293, BD ROMAIN ROLLAND",43.27268,5.41159,Nuit avec éclairage allumé,En agglomération,Hors intersection,Normale,Autre collision,,,,,,,,,,,5,2,1,1.0,6
201400014356,0014-03-22 21:00:00,14,3,22,21,0,130,55,"02, RUE AGUILLON",43.26585,5.4117,Nuit avec éclairage allumé,En agglomération,Hors intersection,Normale,Autre collision,,,,,,,,,,,5,2,1,1.0,6
201400014357,0014-04-01 08:35:00,14,4,1,8,35,130,55,"90, AVE DE MAZARGUES",43.26722,5.38952,Plein jour,En agglomération,Hors intersection,Normale,Autre collision,,,,,,,,,,,1,2,1,1.0,6
201400014358,0014-03-28 14:30:00,14,3,28,14,30,130,55,"05, RUE CALLELONGUE",,,Plein jour,En agglomération,Hors intersection,Normale,Autre collision,,,,,,,,,,,1,2,1,1.0,6
201400014359,0014-03-28 18:00:00,14,3,28,18,0,130,55,"10, CR DE LA VALBARELLE",,,Plein jour,En agglomération,Hors intersection,Normale,Autre collision,,,,,,,,,,,1,2,1,1.0,6
201400014360,0014-01-27 13:20:00,14,1,27,13,20,130,55,"00, AVE DES TROIS LUCS",43.2978,5.48273,Plein jour,En agglomération,Intersection en T,Normale,Deux véhicules - arrière,,,,,,,,,,,1,2,3,1.0,2
201400014361,0014-03-15 17:50:00,14,3,15,17,50,130,55,"40, AVE DES BORROMEES",43.30055,5.43435,Plein jour,En agglomération,Hors intersection,Normale,Deux véhicules - frontale,,,,,,,,,,,1,2,1,1.0,1
201400014362,0014-03-25 09:20:00,14,3,25,9,20,130,55,"51, BD DU CAPITAINE GEZE",43.33118,5.37367,Plein jour,En agglomération,Hors intersection,Normale,Deux véhicules - arrière,,,,,,,,,,,1,2,1,1.0,2
201400014363,0014-03-26 17:15:00,14,3,26,17,15,130,55,"44, BD DU CAPITAINE GEZE",43.33058,5.37136,Plein jour,En agglomération,Hors intersection,Normale,Autre collision,,,,,,,,,,,1,2,1,1.0,6
201400014364,0014-03-03 09:30:00,14,3,3,9,30,130,55,"37, AVE DE FRAIS VALLON",43.32462,5.42445,Plein jour,En agglomération,Hors intersection,Normale,Deux véhicules - arrière,,,,,,,,,,,1,2,1,1.0,2
201400014365,0014-03-10 09:30:00,14,3,10,9,30,130,55,"00, AVE ESCADRILLE NORMA",,,Plein jour,En agglomération,Hors intersection,Normale,Deux véhicules - arrière,,,,,,,,,,,1,2,1,1.0,2
201400014366,0014-03-21 17:15:00,14,3,21,17,15,130,55,"00, BD SCHLOESING",,,Plein jour,En agglomération,Hors intersection,Normale,Autre collision,,,,,,,,,,,1,2,1,1.0,6
201400014367,0014-03-12 11:00:00,14,3,12,11,0,130,55,"59, AVE DE LA CROIX ROUG",43.33201,5.43428,Plein jour,En agglomération,Hors intersection,Pluie légère,Deux véhicules - arrière,,,,,,,,,,,1,2,1,2.0,2
201400014368,0014-03-27 19:30:00,14,3,27,19,30,130,55,"15, BD GUEY",43.3041,5.42249,Nuit avec éclairage allumé,En agglomération,Hors intersection,Normale,Deux véhicules - arrière,,,,,,,,,,,5,2,1,1.0,2
201400014369,0014-03-25 20:20:00,14,3,25,20,20,130,55,"146, AVE DES OLIVES",43.32639,5.43864,Nuit avec éclairage allumé,Hors agglomération,Hors intersection,Normale,Autre collision,,,,,,,,,,,5,1,1,1.0,6
201400014370,0014-03-25 19:50:00,14,3,25,19,50,130,55,"01, RUE DES DOCKS",,,Nuit avec éclairage allumé,En agglomération,Hors intersection,Pluie légère,Autre collision,,,,,,,,,,,5,2,1,2.0,6
201400014371,0014-03-27 12:15:00,14,3,27,12,15,130,55,"01, RUE CENTRALE",,,Plein jour,En agglomération,Intersection en T,Normale,Autre collision,,,,,,,,,,,1,2,3,1.0,6
201400014372,0014-03-26 18:15:00,14,3,26,18,15,130,2,ETIENNE CUCCA-RD908 (AVE,,,Plein jour,En agglomération,Hors intersection,Pluie légère,Deux véhicules - frontale,,,,,,,,,,,1,2,1,2.0,1
201400014373,0014-04-02 15:10:00,14,4,2,15,10,130,2,"459, ETIENNE CUCCA-RD908",,,Plein jour,En agglomération,Hors intersection,Normale,Autre collision,,,,,,,,,,,1,2,1,1.0,6
201400014374,0014-01-30 13:30:00,14,1,30,13,30,130,55,"222, CHE DU ROUCAS BLANC",43.28064,5.36874,Plein jour,En agglomération,Hors intersection,Pluie légère,Autre collision,,,,,,,,,,,1,2,1,2.0,6
201400014375,0014-03-05 10:20:00,14,3,5,10,20,130,55,"147, CRS LIEUTAUD",43.28724,5.38506,Plein jour,En agglomération,Hors intersection,Normale,Autre collision,,,,,,,,,,,1,2,1,1.0,6
201400014376,0014-03-15 13:30:00,14,3,15,13,30,130,55,"21, RUE NATIONALE",43.29955,5.37743,Plein jour,En agglomération,Hors intersection,Normale,Autre collision,,,,,,,,,,,1,2,1,1.0,6
201400014377,0014-03-26 02:45:00,14,3,26,2,45,130,55,BD CHARLES LIVON,,,Nuit avec éclairage allumé,En agglomération,Hors intersection,Normale,Autre collision,,,,,,,,,,,5,2,1,1.0,6
201400014378,0014-03-27 15:20:00,14,3,27,15,20,130,55,"100, CRS LIEUTAUD",43.29115,5.38305,Plein jour,En agglomération,Hors intersection,Normale,Autre collision,,,,,,,,,,,1,2,1,1.0,6
201400014379,0014-03-28 08:00:00,14,3,28,8,0,130,55,"00, CRS GOUFFE",43.28607,5.387,Plein jour,En agglomération,Intersection en X,Normale,Deux véhicules - côté,,,,,,,,,,,1,2,2,1.0,3
201400014380,0014-03-31 07:55:00,14,3,31,7,55,130,55,"60, RUE DES BONS ENFANTS",43.28996,5.38834,Plein jour,En agglomération,Intersection en X,Normale,Deux véhicules - côté,,,,,,,,,,,1,2,2,1.0,3
201400014381,0014-03-31 13:30:00,14,3,31,13,30,130,55,"00, QAI DES BELGES",,,Plein jour,En agglomération,Hors intersection,Normale,Autre collision,,,,,,,,,,,1,2,1,1.0,6
201400014382,0014-03-28 15:00:00,14,3,28,15,0,130,55,"27, BD MIRABEAU",43.31381,5.36811,Plein jour,En agglomération,Hors intersection,Normale,Autre collision,,,,,,,,,,,1,2,1,1.0,6
201400014383,0014-03-21 14:10:00,14,3,21,14,10,130,55,"00, BD RABATAU DANIEL MA",,,Plein jour,En agglomération,Hors intersection,Normale,Deux véhicules - côté,,,,,,,,,,,1,2,1,1.0,3
201400014384,0014-03-25 14:45:00,14,3,25,14,45,130,55,"51, AVE FRANCOIS MIGNET",43.33181,5.42878,Plein jour,En agglomération,Hors intersection,Normale,Trois véhicules et plus - en chaîne,,,,,,,,,,,1,2,1,1.0,4
201400014385,0014-04-04 15:10:00,14,4,4,15,10,130,55,"66, CHE DE SAINTE MARTHE",43.32122,5.38985,Plein jour,En agglomération,Hors intersection,Temps couvert,Autre collision,,,,,,,,,,,1,2,1,8.0,6
201400014386,0014-03-31 13:00:00,14,3,31,13,0,130,55,"00, RUE LE PELLETIER",,,Plein jour,En agglomération,Hors intersection,Normale,Autre collision,,,,,,,,,,,1,2,1,1.0,6
201400014387,0014-03-19 18:10:00,14,3,19,18,10,130,55,"00, AVE DU CAP PINEDE RO",,,Plein jour,En agglomération,Hors intersection,Normale,Autre collision,,,,,,,,,,,1,2,1,1.0,6
201400014388,0014-04-02 11:25:00,14,4,2,11,25,130,55,"08, BD LOUIS VILLECROZE",43.3178,5.39056,Plein jour,En agglomération,Hors intersection,Normale,Deux véhicules - arrière,,,,,,,,,,,1,2,1,1.0,2
201400014389,0014-04-12 22:40:00,14,4,12,22,40,130,55,"179, BD NATIONAL",43.30887,5.38059,Nuit avec éclairage allumé,En agglomération,Intersection en T,Normale,Deux véhicules - côté,,,,,,,,,,,5,2,3,1.0,3
201400014390,0014-04-01 09:30:00,14,4,1,9,30,130,55,"145, BD BAILLE",43.28877,5.3943,Plein jour,En agglomération,Hors intersection,Normale,Autre collision,,,,,,,,,,,1,2,1,1.0,6
201400014391,0014-04-05 16:50:00,14,4,5,16,50,130,55,"05, RUE HENRI BARBUSSE",43.29723,5.37409,Plein jour,En agglomération,Hors intersection,Normale,Autre collision,,,,,,,,,,,1,2,1,1.0,6
201400014392,0014-04-05 14:25:00,14,4,5,14,25,130,55,"01, RPT DE MAZARGUES",43.2506,5.40378,Plein jour,Hors agglomération,Place,Normale,Deux véhicules - côté,,,,,,,,,,,1,1,7,1.0,3
201400014393,0014-04-02 19:10:00,14,4,2,19,10,130,55,"26, BD FERNAND BONNEFOY",43.28081,5.40123,Plein jour,En agglomération,Hors intersection,Normale,Autre collision,,,,,,,,,,,1,2,1,1.0,6
201400014394,0014-04-04 09:35:00,14,4,4,9,35,130,55,"01, BD DE LA POMME",43.29093,5.44188,Plein jour,En agglomération,Hors intersection,Normale,Autre collision,,,,,,,,,,,1,2,1,1.0,6
201400014395,0014-04-10 13:45:00,14,4,10,13,45,130,55,"88, IMP DE LA FARANDOLE",43.32685,5.42307,Plein jour,En agglomération,Hors intersection,Normale,Autre collision,,,,,,,,,,,1,2,1,1.0,6
201400014396,0014-04-11 22:30:00,14,4,11,22,30,130,55,"00, RPT PIERRE PARAF",,,Nuit avec éclairage allumé,En agglomération,Hors intersection,Normale,Autre collision,,,,,,,,,,,5,2,1,1.0,6
201400014397,0014-03-27 16:00:00,14,3,27,16,0,130,2,"41, VALLON VERT (AVENUE",43.33599,5.45549,Plein jour,En agglomération,Intersection en T,Normale,Autre collision,,,,,,,,,,,1,2,3,1.0,6
201400014398,0014-03-28 18:20:00,14,3,28,18,20,130,75,"126, LIBERATION (AVE DE",43.34265,5.4575,Plein jour,En agglomération,Hors intersection,Normale,Deux véhicules - arrière,,,,,,,,,,,1,2,1,1.0,2
201400014399,0014-04-08 17:00:00,14,4,8,17,0,130,2,"52, ENCO DE BOTTE (ROUTE",,,Plein jour,En agglomération,Hors intersection,Normale,Autre collision,,,,,,,,,,,1,2,1,1.0,6
201400014400,0014-04-02 07:45:00,14,4,2,7,45,130,55,"140, BD HENRI BARNIER",43.37077,5.34697,Plein jour,En agglomération,Hors intersection,Normale,Autre collision,,,,,,,,,,,1,2,1,1.0,6
201400014401,0014-04-02 16:30:00,14,4,2,16,30,130,55,"34, BD DU CAPITAINE GEZE",43.33027,5.37008,Plein jour,En agglomération,Intersection en X,Normale,Deux véhicules - côté,,,,,,,,,,,1,2,2,1.0,3
201400014402,0014-04-06 08:50:00,14,4,6,8,50,130,55,"00, AVE JEAN PAUL SARTRE",,,Plein jour,En agglomération,Hors intersection,Normale,Autre collision,,,,,,,,,,,1,2,1,1.0,6
201400014403,0014-04-15 17:20:00,14,4,15,17,20,130,55,"127, CHE DU MERLAN A LA",43.33079,5.40757,Plein jour,En agglomération,Hors intersection,Normale,Autre collision,,,,,,,,,,,1,2,1,1.0,6
201400014404,0014-03-02 15:40:00,14,3,2,15,40,130,55,"186, BD DE PARIS",43.31343,5.36814,Plein jour,En agglomération,Hors intersection,Normale,Autre collision,,,,,,,,,,,1,2,1,1.0,6
201400014405,0014-03-08 18:30:00,14,3,8,18,30,130,55,"00, RUE CAPITAINE DESSEM",,,Crépuscule ou aube,En agglomération,Hors intersection,Normale,Deux véhicules - arrière,,,,,,,,,,,2,2,1,1.0,2