accident_id,datetime,annee,mois,jour,heure,minute,departement,commune_insee,adresse,latitude,longitude,luminosite,agglomeration,intersection,meteo,collision,nb_vehicules,nb_usagers,nb_indemnes,nb_tues,nb_blesses_hosp,nb_blesses_legers,age_cond_1,age_cond_2,veh_type_cond_1,veh_type_cond_2,lum_code,agg_code,int_code,atm_code,col_code
201400014655,0014-04-11 16:10:00,14,4,11,16,10,130,55,"63, BD JEAN MOULIN",43.28549,5.39882,Plein jour,En agglomération,Hors intersection,Normale,Autre collision,,,,,,,,,,,1,2,1,1.0,6
201400014656,0014-04-30 08:20:00,14,4,30,8,20,130,55,"00, BD DE LA CONCORDE",43.2506,5.40345,Plein jour,En agglomération,Place,Normale,Deux véhicules - côté,,,,,,,,,,,1,2,7,1.0,3
201400014657,0014-03-04 10:00:00,14,3,4,10,0,130,55,"87, AVE FERNANDEL",43.31168,5.45314,Plein jour,En agglomération,Hors intersection,Normale,Deux véhicules - arrière,,,,,,,,,,,1,2,1,1.0,2
201400014658,0014-04-11 20:40:00,14,4,11,20,40,130,55,"83, TRA DU DIABLE",43.30924,5.44937,Nuit avec éclairage allumé,En agglomération,Hors intersection,Normale,Autre collision,,,,,,,,,,,5,2,1,1.0,6
201400014659,0014-05-05 07:55:00,14,5,5,7,55,130,75,"36, PAUL SIRVENT (AVE)",,,Plein jour,En agglomération,Hors intersection,Normale,Deux véhicules - arrière,,,,,,,,,,,1,2,1,1.0,2
201400014660,0014-05-25 15:00:00,14,5,25,15,0,130,55,"210, BD ROMAIN ROLLAND",43.27459,5.41524,Plein jour,En agglomération,Intersection en T,Normale,Deux véhicules - arrière,,,,,,,,,,,1,2,3,1.0,2
201400014661,0014-05-26 22:30:00,14,5,26,22,30,130,55,AVE ALEXANDRE FLEMING,,,Nuit avec éclairage allumé,En agglomération,Hors intersection,Normale,Autre collision,,,,,,,,,,,5,2,1,1.0,6
201400014662,0014-05-27 09:15:00,14,5,27,9,15,130,55,"92 BIS, VSN SABLES JAUNE",43.31129,5.4356,Plein jour,En agglomération,Hors intersection,Normale,Deux véhicules - côté,,,,,,,,,,,1,2,1,1.0,3
201400014663,0014-05-02 08:40:00,14,5,2,8,40,130,55,"27, BD CHARLES MORETTI",43.32609,5.37712,Plein jour,En agglomération,Hors intersection,Normale,Deux véhicules - arrière,,,,,,,,,,,1,2,1,1.0,2
201400014664,0014-05-05 17:30:00,14,5,5,17,30,130,55,"00, VOL PASSER PLOMBIERE",,,Plein jour,En agglomération,Hors intersection,Normale,Deux véhicules - arrière,,,,,,,,,,,1,2,1,1.0,2
201400014665,0014-04-04 18:50:00,14,4,4,18,50,130,55,"83, BD DU REDON",,,Plein jour,En agglomération,Hors intersection,Normale,Autre collision,,,,,,,,,,,1,2,1,1.0,6
201400014666,0014-05-15 18:30:00,14,5,15,18,30,130,55,"306, BD DE SAINT MARCEL",43.28624,5.47353,Plein jour,En agglomération,Hors intersection,Normale,Deux véhicules - arrière,,,,,,,,,,,1,2,1,1.0,2
201400014667,0014-05-09 07:45:00,14,5,9,7,45,130,55,"02, AVE DES CIGALONS",43.30332,5.45381,Plein jour,En agglomération,Hors intersection,Normale,Autre collision,,,,,,,,,,,1,2,1,1.0,6
201400014668,0014-04-25 14:00:00,14,4,25,14,0,130,55,"000, RUE GEORGES DE BEAU",,,Plein jour,En agglomération,Hors intersection,Normale,Autre collision,,,,,,,,,,,1,2,1,1.0,6
201400014669,0014-04-25 17:00:00,14,4,25,17,0,130,55,"00, CHE DE SAINTE MARTHE",,,Plein jour,En agglomération,Hors intersection,Normale,Autre collision,,,,,,,,,,,1,2,1,1.0,6
201400014670,0014-05-11 01:00:00,14,5,11,1,0,130,2,"01, ALLAUCH A PICHAURIS",,,Nuit sans éclairage public,En agglomération,Hors intersection,Normale,Sans collision,,,,,,,,,,,3,2,1,1.0,7
201400014671,0014-05-31 01:25:00,14,5,31,1,25,130,55,"0, AVE DU PRADO",43.28185,5.38569,Nuit avec éclairage allumé,En agglomération,Hors intersection,Normale,Autre collision,,,,,,,,,,,5,2,1,1.0,6
201400014672,0014-05-31 04:15:00,14,5,31,4,15,130,55,"68, BD NATIONAL",43.30558,5.38401,Nuit avec éclairage allumé,En agglomération,Hors intersection,Normale,Autre collision,,,,,,,,,,,5,2,1,1.0,6
201400014673,0014-04-19 19:40:00,14,4,19,19,40,130,55,"47, AVE DE TOULON",43.28535,5.38817,Plein jour,En agglomération,Hors intersection,Normale,Autre collision,,,,,,,,,,,1,2,1,1.0,6
201400014674,0014-04-06 21:20:00,14,4,6,21,20,130,55,"30, BD CAMILLE FLAMMARIO",43.30482,5.39052,Nuit avec éclairage allumé,En agglomération,Hors intersection,Normale,Deux véhicules - frontale,,,,,,,,,,,5,2,1,1.0,1
201400014675,0014-04-23 13:05:00,14,4,23,13,5,130,55,"65, AVE DE TOULON",43.28512,5.38917,Plein jour,En agglomération,Hors intersection,Normale,Autre collision,,,,,,,,,,,1,2,1,1.0,6
201400014676,0014-05-12 08:35:00,14,5,12,8,35,130,55,"55, BD SAKAKINI",43.2959,5.40038,Plein jour,En agglomération,Hors intersection,Normale,Autre collision,,,,,,,,,,,1,2,1,1.0,6
201400014677,0014-05-03 13:10:00,14,5,3,13,10,130,55,"142, BD DE SAINT MARCEL",43.28794,5.46397,Plein jour,En agglomération,Hors intersection,Normale,Autre collision,,,,,,,,,,,1,2,1,1.0,6
201400014678,0014-02-25 10:45:00,14,2,25,10,45,130,55,"00, RUE ALPHONSE DAUDET",43.32231,5.4127,Plein jour,En agglomération,Intersection en X,Normale,Deux véhicules - côté,,,,,,,,,,,1,2,2,1.0,3
201400014679,0014-05-15 11:50:00,14,5,15,11,50,130,55,"45, AVE DE SAINT LOUIS",43.34435,5.3594,Plein jour,En agglomération,Hors intersection,Normale,Autre collision,,,,,,,,,,,1,2,1,1.0,6
201400014680,0014-05-15 20:15:00,14,5,15,20,15,130,55,"30, BD CAMILLE FLAMMARIO",43.30481,5.39068,Plein jour,En agglomération,Hors intersection,Normale,Autre collision,,,,,,,,,,,1,2,1,1.0,6
201400014681,0014-04-29 16:00:00,14,4,29,16,0,130,55,"306, AVE DU VINGT QUATRE",43.31032,5.44229,Plein jour,En agglomération,Hors intersection,Normale,Deux véhicules - arrière,,,,,,,,,,,1,2,1,1.0,2
201400014682,0014-05-14 09:30:00,14,5,14,9,30,130,55,"23, RUE DES AYGADIERS",43.34747,5.41619,Plein jour,En agglomération,Hors intersection,Normale,Deux véhicules - frontale,,,,,,,,,,,1,2,1,1.0,1
201400014683,0014-05-16 07:35:00,14,5,16,7,35,130,55,"141, TRA CHARLES SUSINI",43.34105,5.41108,Plein jour,En agglomération,Hors intersection,Normale,Autre collision,,,,,,,,,,,1,2,1,1.0,6
201400014684,0014-05-16 12:50:00,14,5,16,12,50,130,55,"01, CHE DES JONQUILLES",,,Plein jour,En agglomération,Hors intersection,Normale,Autre collision,,,,,,,,,,,1,2,1,1.0,6
201400014685,0014-05-17 15:45:00,14,5,17,15,45,130,55,"428, AVE DE SAINT ANTOIN",43.38242,5.35807,Plein jour,En agglomération,Hors intersection,Normale,Deux véhicules - frontale,,,,,,,,,,,1,2,1,1.0,1
201400014686,0014-05-17 16:00:00,14,5,17,16,0,130,55,"17, BD DE PLOMBIERES",43.31477,5.38857,Plein jour,En agglomération,Intersection en X,Normale,Autre collision,,,,,,,,,,,1,2,2,1.0,6
201400014687,0014-05-18 22:45:00,14,5,18,22,45,130,55,"28, RUE STANISLAS TORREN",43.28779,5.37823,Nuit avec éclairage allumé,En agglomération,Intersection en X,Normale,Deux véhicules - côté,,,,,,,,,,,5,2,2,1.0,3
201400014688,0014-05-02 11:30:00,14,5,2,11,30,130,55,"91, CHE DU ROY D' ESPAGN",,,Plein jour,En agglomération,Hors intersection,Normale,Autre collision,,,,,,,,,,,1,2,1,1.0,6
201400014689,0014-05-13 12:30:00,14,5,13,12,30,130,55,"151, BD MICHELET",43.26524,5.39568,Plein jour,En agglomération,Intersection en X,Normale,Deux véhicules - côté,,,,,,,,,,,1,2,2,1.0,3
201400014690,0014-05-13 17:50:00,14,5,13,17,50,130,55,"69, AVE D' HAIFA",43.25111,5.39024,Plein jour,En agglomération,Hors intersection,Normale,Trois véhicules et plus - en chaîne,,,,,,,,,,,1,2,1,1.0,4
201400014691,0014-05-16 07:55:00,14,5,16,7,55,130,55,"27, BD DE LOUVAIN",43.27632,5.39274,Plein jour,En agglomération,Hors intersection,Normale,Autre collision,,,,,,,,,,,1,2,1,1.0,6
201400014692,0014-03-19 20:40:00,14,3,19,20,40,130,55,"161, BD RABATAU",,,Nuit avec éclairage allumé,En agglomération,Hors intersection,Normale,Autre collision,,,,,,,,,,,5,2,1,1.0,6
201400014693,0014-05-26 00:20:00,14,5,26,0,20,130,55,"391, BD PIERRE DRAMARD",,,Nuit avec éclairage allumé,En agglomération,Hors intersection,Normale,Deux véhicules - arrière,,,,,,,,,,,5,2,1,1.0,2
201400014694,0014-05-09 12:20:00,14,5,9,12,20,130,55,"42, AVE BACCHUS",,,Plein jour,En agglomération,Hors intersection,Normale,Autre collision,,,,,,,,,,,1,2,1,1.0,6
201400014695,0014-05-22 10:15:00,14,5,22,10,15,130,55,"278, CHE DE SAINT ANTOIN",,,Plein jour,En agglomération,Hors intersection,Normale,Autre collision,,,,,,,,,,,1,2,1,1.0,6
201400014696,0014-03-29 17:40:00,14,3,29,17,40,130,55,"00, BD DU MARECHAL JUIN",,,Plein jour,En agglomération,Hors intersection,Normale,Autre collision,,,,,,,,,,,1,2,1,1.0,6
201400014697,0014-04-29 08:50:00,14,4,29,8,50,130,55,"317, COR PRESIDENT JOHN",43.27466,5.36067,Plein jour,En agglomération,Hors intersection,Normale,Deux véhicules - arrière,,,,,,,,,,,1,2,1,1.0,2
201400014698,0014-05-03 19:35:00,14,5,3,19,35,130,55,"100, CRS LIEUTAUD",43.29114,5.38305,Plein jour,En agglomération,Hors intersection,Normale,Deux véhicules - côté,,,,,,,,,,,1,2,1,1.0,3
201400014699,0014-05-15 17:45:00,14,5,15,17,45,130,55,BD BOUYALA D' ARNAUD,,,Plein jour,En agglomération,Hors intersection,Normale,Autre collision,,,,,,,,,,,1,2,1,1.0,6
201400014700,0014-05-17 11:30:00,14,5,17,11,30,130,55,"02, AVE DU DOCTEUR HECKE",,,Plein jour,En agglomération,Intersection en T,Normale,Autre collision,,,,,,,,,,,1,2,3,1.0,6
201400014701,0014-04-08 14:00:00,14,4,8,14,0,130,55,"472, RPT FRANCE INDOCHIN",,,Plein jour,En agglomération,Hors intersection,Normale,Autre collision,,,,,,,,,,,1,2,1,1.0,6
201400014702,0014-04-30 19:30:00,14,4,30,19,30,130,55,"00, BD LIONEL TERRAY",,,Plein jour,En agglomération,Hors intersection,Normale,Deux véhicules - arrière,,,,,,,,,,,1,2,1,1.0,2
201400014703,0014-06-01 09:30:00,14,6,1,9,30,130,55,"02, BD SIDOLLE",43.28153,5.42366,Plein jour,En agglomération,Hors intersection,Normale,Autre collision,,,,,,,,,,,1,2,1,1.0,6
201400014704,0014-05-24 13:10:00,14,5,24,13,10,130,55,"157, BD DE PLOMBIERES",43.31846,5.37954,Plein jour,En agglomération,Intersection en T,Normale,Deux véhicules - côté,,,,,,,,,,,1,2,3,1.0,3
201400014705,0014-03-18 11:00:00,14,3,18,11,0,130,55,"01, AVE DU CAP PINEDE RO",,,Plein jour,En agglomération,Hors intersection,Normale,Autre collision,,,,,,,,,,,1,2,1,1.0,6
201400014706,0014-04-16 10:35:00,14,4,16,10,35,130,55,"118, CHE DE MIMET",43.38115,5.35824,Plein jour,En agglomération,Hors intersection,Normale,Autre collision,,,,,,,,,,,1,2,1,1.0,6
201400014707,0014-05-09 18:08:00,14,5,9,18,8,130,55,"182, BD HENRI BARNIER",43.36875,5.34476,Plein jour,En agglomération,Hors intersection,Normale,Trois véhicules et plus - collisions multiples,,,,,,,,,,,1,2,1,1.0,5
201400014708,0014-05-17 00:55:00,14,5,17,0,55,130,55,"179, BD DE SAINT MARCEL",43.28729,5.46586,Nuit avec éclairage allumé,En agglomération,Hors intersection,Normale,Autre collision,,,,,,,,,,,5,2,1,1.0,6
201400014709,0014-05-19 12:00:00,14,5,19,12,0,130,55,"28, AVE ANDRE ZENATTI",,,Plein jour,En agglomération,Hors intersection,Pluie légère,Autre collision,,,,,,,,,,,1,2,1,2.0,6
201400014710,0014-05-20 20:45:00,14,5,20,20,45,130,55,"187, AVE PIERRE MENDES F",43.2525,5.37587,Crépuscule ou aube,En agglomération,Intersection en T,Normale,Autre collision,,,,,,,,,,,2,2,3,1.0,6
201400014711,0014-05-20 09:05:00,14,5,20,9,5,130,55,"130, BD RABATAU",43.2785,5.39925,Plein jour,En agglomération,Hors intersection,Normale,Trois véhicules et plus - en chaîne,,,,,,,,,,,1,2,1,1.0,4
201400014712,0014-05-20 15:30:00,14,5,20,15,30,130,55,"280, AVE DU PRADO",43.27388,5.39025,Plein jour,En agglomération,Hors intersection,Normale,Deux véhicules - côté,,,,,,,,,,,1,2,1,1.0,3
201400014713,0014-05-20 21:40:00,14,5,20,21,40,130,75,"89, FREDERIC MISTRAL (AV",,,Nuit sans éclairage public,En agglomération,Intersection en T,Normale,Deux véhicules - côté,,,,,,,,,,,3,2,3,1.0,3
201400014714,0014-05-22 12:00:00,14,5,22,12,0,130,55,"30, BD BARRAL",43.2647,5.39342,Plein jour,En agglomération,Hors intersection,Normale,Deux véhicules - côté,,,,,,,,,,,1,2,1,1.0,3
201400014715,0014-05-23 03:15:00,14,5,23,3,15,130,55,"122, BD DE PONT DE VIVAU",43.28153,5.42341,Nuit avec éclairage allumé,En agglomération,Hors intersection,Normale,Sans collision,,,,,,,,,,,5,2,1,1.0,7
201400014716,0014-05-23 15:20:00,14,5,23,15,20,130,55,"00, RUE PIERRE DOIZE",,,Plein jour,En agglomération,Hors intersection,Normale,Autre collision,,,,,,,,,,,1,2,1,1.0,6
201400014717,0014-03-12 10:50:00,14,3,12,10,50,130,55,"09, AVE DE GARLABAN",43.29822,5.41857,Plein jour,En agglomération,Hors intersection,Normale,Deux véhicules - arrière,,,,,,,,,,,1,2,1,1.0,2
201400014718,0014-03-23 21:00:00,14,3,23,21,0,130,55,"00, ALL DES PRIMEVERES",,,Nuit avec éclairage allumé,En agglomération,Hors intersection,Normale,Autre collision,,,,,,,,,,,5,2,1,1.0,6
201400014719,0014-05-06 19:00:00,14,5,6,19,0,130,55,"02, CV DE LA MILLIERE A",,,Plein jour,En agglomération,Hors intersection,Normale,Deux véhicules - arrière,,,,,,,,,,,1,2,1,1.0,2
201400014720,0014-05-17 18:25:00,14,5,17,18,25,130,55,"52, AVE DE LA CROIX ROUG",43.33149,5.43325,Plein jour,En agglomération,Hors intersection,Normale,Trois véhicules et plus - collisions multiples,,,,,,,,,,,1,2,1,1.0,5
201400014721,0014-05-24 17:30:00,14,5,24,17,30,130,55,"96, CHE DE LA PELOUQUE",43.36491,5.33789,Plein jour,En agglomération,Hors intersection,Normale,Deux véhicules - frontale,,,,,,,,,,,1,2,1,1.0,1
201400014722,0014-06-03 17:30:00,14,6,3,17,30,130,55,"000, RUE MAHBOUBI TIR",,,Plein jour,En agglomération,Hors intersection,Normale,Trois véhicules et plus - en chaîne,,,,,,,,,,,1,2,1,1.0,4
201400014723,0014-04-25 14:00:00,14,4,25,14,0,130,55,"23, IMP BOYER",,,Plein jour,En agglomération,Hors intersection,Normale,Autre collision,,,,,,,,,,,1,2,1,1.0,6
201400014724,0014-05-12 09:10:00,14,5,12,9,10,130,55,"61, RUE PAUL LANGEVIN",43.34335,5.43164,Plein jour,En agglomération,Hors intersection,Normale,Deux véhicules - frontale,,,,,,,,,,,1,2,1,1.0,1
201400014725,0014-05-14 09:25:00,14,5,14,9,25,130,55,"37, BD PIERRE DRAMARD",,,Plein jour,En agglomération,Hors intersection,Normale,Sans collision,,,,,,,,,,,1,2,1,1.0,7
201400014726,0014-05-17 10:30:00,14,5,17,10,30,130,55,"100, AVE DES OLIVES",43.32753,5.43598,Plein jour,En agglomération,Hors intersection,Normale,Deux véhicules - arrière,,,,,,,,,,,1,2,1,1.0,2
201400014727,0014-05-23 14:50:00,14,5,23,14,50,130,55,"71, AVE DE LA VISTE",43.35721,5.35747,Plein jour,En agglomération,Hors intersection,Normale,Autre collision,,,,,,,,,,,1,2,1,1.0,6
201400014728,0014-05-03 18:05:00,14,5,3,18,5,130,55,"56, RUE GRANOUX",43.29875,5.40059,Plein jour,En agglomération,Hors intersection,Normale,Deux véhicules - arrière,,,,,,,,,,,1,2,1,1.0,2
201400014729,0014-05-22 10:00:00,14,5,22,10,0,130,55,"00, AVE SAINT PAUL",,,Plein jour,En agglomération,Hors intersection,Normale,Autre collision,,,,,,,,,,,1,2,1,1.0,6
201400014730,0014-06-02 12:55:00,14,6,2,12,55,130,55,"01, BD THERMIDOR",43.33561,5.43646,Plein jour,En agglomération,Hors intersection,Normale,Autre collision,,,,,,,,,,,1,2,1,1.0,6
201400014731,0014-05-19 16:00:00,14,5,19,16,0,130,55,"97, AVE DES OLIVES",43.32751,5.43608,Plein jour,En agglomération,Hors intersection,Pluie légère,Deux véhicules - côté,,,,,,,,,,,1,2,1,2.0,3
201400014732,0014-05-20 10:30:00,14,5,20,10,30,130,55,"38, AVE CAMILLE PELLETAN",43.30377,5.37366,Plein jour,En agglomération,Hors intersection,Normale,Deux véhicules - arrière,,,,,,,,,,,1,2,1,1.0,2
201400014733,0014-05-23 12:00:00,14,5,23,12,0,130,55,"80, AVE DES AYGALADES",43.33714,5.3673,Plein jour,En agglomération,Hors intersection,Normale,Trois véhicules et plus - collisions multiples,,,,,,,,,,,1,2,1,1.0,5
201400014734,0014-05-19 17:25:00,14,5,19,17,25,130,55,"63, AVE DE SAINT JEROME",43.33072,5.41921,Plein jour,En agglomération,Hors intersection,Normale,Autre collision,,,,,,,,,,,1,2,1,1.0,6
201400014735,0014-05-04 11:15:00,14,5,4,11,15,130,55,"107, BD SAKAKINI",43.2926,5.40135,Plein jour,En agglomération,Hors intersection,Normale,Deux véhicules - arrière,,,,,,,,,,,1,2,1,1.0,2
201400014736,0014-05-08 18:50:00,14,5,8,18,50,130,55,"31, ALL LATERALE P. CRS",,,Plein jour,En agglomération,Hors intersection,Normale,Sans collision,,,,,,,,,,,1,2,1,1.0,7
201400014737,0014-05-14 16:10:00,14,5,14,16,10,130,55,"43, AVE DE LA CORSE",43.2891,5.36206,Plein jour,En agglomération,Intersection en X,Normale,Deux véhicules - côté,,,,,,,,,,,1,2,2,1.0,3
201400014738,0014-05-13 11:40:00,14,5,13,11,40,130,55,"00, RUE CHARRAS",,,Plein jour,En agglomération,Hors intersection,Normale,Autre collision,,,,,,,,,,,1,2,1,1.0,6
201400014739,0014-05-30 20:30:00,14,5,30,20,30,130,55,"21, BD CARMAGNOLE",43.26829,5.38704,Plein jour,Hors agglomération,Hors intersection,Normale,Autre collision,,,,,,,,,,,1,1,1,1.0,6
201400014740,0014-05-23 21:00:00,14,5,23,21,0,130,55,"28, RUE JULES ISAAC",43.25609,5.39845,Nuit avec éclairage allumé,En agglomération,Hors intersection,Normale,Sans collision,,,,,,,,,,,5,2,1,1.0,7
201400014741,0014-05-31 14:10:00,14,5,31,14,10,130,55,"00, RPT IAN PALACH",43.27892,5.42628,Plein jour,En agglomération,Giratoire,Normale,Deux véhicules - côté,,,,,,,,,,,1,2,6,1.0,3
201400014742,0014-04-21 12:20:00,14,4,21,12,20,130,55,"19, QAI DES BELGES",43.29529,5.37442,Plein jour,En agglomération,Intersection en T,Normale,Autre collision,,,,,,,,,,,1,2,3,1.0,6
201400014743,0014-05-20 13:30:00,14,5,20,13,30,130,55,"01, BD DE LA LIBERTE",43.30069,5.38084,Plein jour,En agglomération,Hors intersection,Normale,Autre collision,,,,,,,,,,,1,2,1,1.0,6
201400014744,0014-05-20 17:30:00,14,5,20,17,30,130,55,"41, RUE BERLIOZ",43.28979,5.3855,Plein jour,En agglomération,Hors intersection,Normale,Autre collision,,,,,,,,,,,1,2,1,1.0,6
201400014745,0014-05-02 09:00:00,14,5,2,9,0,130,55,"40, BD VOLTAIRE",43.30269,5.38435,Plein jour,En agglomération,Hors intersection,Normale,Autre collision,,,,,,,,,,,1,2,1,1.0,6
201400014746,0014-05-24 22:15:00,14,5,24,22,15,130,55,"00, AVE ALEXANDRE FLEMIN",,,Nuit avec éclairage allumé,En agglomération,Hors intersection,Normale,Deux véhicules - arrière,,,,,,,,,,,5,2,1,1.0,2
201400014747,0014-05-30 16:30:00,14,5,30,16,30,130,55,"00, AVE DE HAMBOURG",43.24613,5.39454,Plein jour,En agglomération,Giratoire,Normale,Deux véhicules - arrière,,,,,,,,,,,1,2,6,1.0,2
201400014748,0014-05-31 06:05:00,14,5,31,6,5,130,55,"251, BD PERIER",43.27715,5.37554,Crépuscule ou aube,En agglomération,Hors intersection,Normale,Autre collision,,,,,,,,,,,2,2,1,1.0,6
201400014749,0014-04-26 19:30:00,14,4,26,19,30,130,55,"258, BD ROMAIN ROLLAND",,,Plein jour,En agglomération,Hors intersection,Normale,Autre collision,,,,,,,,,,,1,2,1,1.0,6
201400014750,0014-05-19 13:30:00,14,5,19,13,30,130,55,TRA REGNY,,,Plein jour,En agglomération,Hors intersection,Pluie légère,Autre collision,,,,,,,,,,,1,2,1,2.0,6
201400014751,0014-05-20 15:00:00,14,5,20,15,0,130,55,"182, BD DE SAINTE MARGUE",43.2652,5.40897,Plein jour,En agglomération,Hors intersection,Normale,Deux véhicules - arrière,,,,,,,,,,,1,2,1,1.0,2
201400014752,0014-05-27 17:50:00,14,5,27,17,50,130,55,"56, BD ROMAIN ROLLAND",43.27958,5.42357,Plein jour,En agglomération,Hors intersection,Normale,Autre collision,,,,,,,,,,,1,2,1,1.0,6
201400014753,0014-05-28 10:00:00,14,5,28,10,0,130,55,"02, AVE DU DOCTEUR HECKE",43.28997,5.4411,Plein jour,En agglomération,Hors intersection,Normale,Autre collision,,,,,,,,,,,1,2,1,1.0,6
201400014754,0014-05-27 16:00:00,14,5,27,16,0,130,55,"38, BD BARRAL",43.2643,5.39242,Plein jour,En agglomération,Hors intersection,Normale,Autre collision,,,,,,,,,,,1,2,1,1.0,6
201400014755,0014-05-12 18:45:00,14,5,12,18,45,130,55,"262, AVE DE LA CAPELETTE",43.27913,5.41223,Plein jour,En agglomération,Intersection en T,Normale,Deux véhicules - côté,,,,,,,,,,,1,2,3,1.0,3
201400014756,0014-05-13 07:30:00,14,5,13,7,30,130,55,"46, CHE DU VALLON DE TOU",43.26687,5.42409,Plein jour,En agglomération,Intersection en T,Normale,Deux véhicules - côté,,,,,,,,,,,1,2,3,1.0,3
201400014757,0014-05-14 08:00:00,14,5,14,8,0,130,55,"190, VSN PERIER",43.27878,5.37709,Plein jour,En agglomération,Hors intersection,Normale,Deux véhicules - arrière,,,,,,,,,,,1,2,1,1.0,2
201400014758,0014-05-23 17:20:00,14,5,23,17,20,130,55,"01, AVE SOLE MIO",,,Plein jour,En agglomération,Intersection en T,Normale,Deux véhicules - côté,,,,,,,,,,,1,2,3,1.0,3
201400014759,0014-03-14 17:30:00,14,3,14,17,30,130,55,"33, AVE CLOT BEY",43.26019,5.38824,Plein jour,En agglomération,Hors intersection,Normale,Deux véhicules - frontale,,,,,,,,,,,1,2,1,1.0,1
201400014760,0014-05-26 16:20:00,14,5,26,16,20,130,55,"02, BD DE LA CHARBONNELL",43.29824,5.41669,Plein jour,En agglomération,Intersection en T,Normale,Deux véhicules - côté,,,,,,,,,,,1,2,3,1.0,3
201400014761,0014-05-16 20:00:00,14,5,16,20,0,130,55,"06, BD SIMON BOLIVAR",43.34145,5.3776,Plein jour,En agglomération,Hors intersection,Normale,Deux véhicules - arrière,,,,,,,,,,,1,2,1,1.0,2
201400014762,0014-05-07 15:10:00,14,5,7,15,10,130,55,"255, AVE DU PRADO",43.27422,5.39067,Plein jour,En agglomération,Hors intersection,Normale,Autre collision,,,,,,,,,,,1,2,1,1.0,6
201400014763,0014-05-07 12:50:00,14,5,7,12,50,130,55,"34, CHE DE SAINT JOSEPH",43.34091,5.38675,Plein jour,En agglomération,Hors intersection,Normale,Autre collision,,,,,,,,,,,1,2,1,1.0,6
201400014764,0014-05-19 10:30:00,14,5,19,10,30,130,55,"327, COR PRESIDENT JOHN",43.2739,5.36239,Plein jour,En agglomération,Hors intersection,Pluie légère,Autre collision,,,,,,,,,,,1,2,1,2.0,6
201400014765,0014-05-09 08:58:00,14,5,9,8,58,130,55,BD SIMON BOLIVAR,,,Plein jour,En agglomération,Hors intersection,Normale,Autre collision,,,,,,,,,,,1,2,1,1.0,6
201400014766,0014-04-16 13:50:00,14,4,16,13,50,130,55,"194, BD DE SAINT LOUP",43.28457,5.43701,Plein jour,En agglomération,Hors intersection,Normale,Deux véhicules - arrière,,,,,,,,,,,1,2,1,1.0,2
201400014767,0014-06-09 23:45:00,14,6,9,23,45,130,55,"147, AVE DES CHARTREUX",43.30844,5.40026,Nuit avec éclairage allumé,En agglomération,Hors intersection,Normale,Autre collision,,,,,,,,,,,5,2,1,1.0,6
201400014768,0014-06-06 01:40:00,14,6,6,1,40,130,55,"04, BD LOUIS VILLECROZE",,,Nuit avec éclairage allumé,En agglomération,Hors intersection,Normale,Autre collision,,,,,,,,,,,5,2,1,1.0,6
201400014769,0014-06-06 13:45:00,14,6,6,13,45,130,55,"00, QAI DE LA TOURETTE",,,Plein jour,En agglomération,Hors intersection,Normale,Autre collision,,,,,,,,,,,1,2,1,1.0,6
201400014770,0014-05-02 15:30:00,14,5,2,15,30,130,55,"000, CHE DE NOTRE DAME D",,,Plein jour,En agglomération,Hors intersection,Normale,Deux véhicules - frontale,,,,,,,,,,,1,2,1,1.0,1
201400014771,0014-05-15 12:20:00,14,5,15,12,20,130,55,"000, RUE DESIREE CLARY",43.30949,5.37264,Plein jour,En agglomération,Intersection en T,Normale,Autre collision,,,,,,,,,,,1,2,3,1.0,6
201400014772,0014-05-19 17:45:00,14,5,19,17,45,130,55,"00, RUE LOUBON",,,Crépuscule ou aube,En agglomération,Hors intersection,Normale,Autre collision,,,,,,,,,,,2,2,1,1.0,6
201400014773,0014-05-21 11:30:00,14,5,21,11,30,130,55,"114, TRA CHARLES SUSINI",43.33973,5.41377,Plein jour,En agglomération,Intersection en T,Normale,Deux véhicules - côté,,,,,,,,,,,1,2,3,1.0,3
201400014774,0014-01-27 12:30:00,14,1,27,12,30,130,55,"00, BD BOISSON",43.29682,5.40397,Plein jour,En agglomération,Intersection en X,Normale,Deux véhicules - côté,,,,,,,,,,,1,2,2,1.0,3
201400014775,0014-04-23 18:00:00,14,4,23,18,0,130,55,"141, BD FRANCOISE DUPARC",43.30794,5.40192,Plein jour,En agglomération,Hors intersection,Normale,Deux véhicules - arrière,,,,,,,,,,,1,2,1,1.0,2
201400014776,0014-05-17 01:00:00,14,5,17,1,0,130,55,"50, CRS GOUFFE",43.28637,5.38578,Nuit avec éclairage allumé,En agglomération,Intersection en X,Normale,Deux véhicules - côté,,,,,,,,,,,5,2,2,1.0,3
201400014777,0014-05-18 18:15:00,14,5,18,18,15,130,55,"06, RUE EDOUARD PONS",43.28862,5.38838,Plein jour,En agglomération,Intersection en X,Normale,Deux véhicules - côté,,,,,,,,,,,1,2,2,1.0,3
201400014778,0014-05-17 11:40:00,14,5,17,11,40,130,55,"09, PCE ROBESPIERRE",,,Plein jour,En agglomération,Hors intersection,Normale,Autre collision,,,,,,,,,,,1,2,1,1.0,6
201400014779,0014-06-02 08:05:00,14,6,2,8,5,130,55,"193, AVE DE LA CAPELETTE",43.28042,5.40831,Plein jour,En agglomération,Hors intersection,Normale,Autre collision,,,,,,,,,,,1,2,1,1.0,6