accident_id,datetime,annee,mois,jour,heure,minute,departement,commune_insee,adresse,latitude,longitude,luminosite,agglomeration,intersection,meteo,collision,nb_vehicules,nb_usagers,nb_indemnes,nb_tues,nb_blesses_hosp,nb_blesses_legers,age_cond_1,age_cond_2,veh_type_cond_1,veh_type_cond_2,lum_code,agg_code,int_code,atm_code,col_code
201400014780,0014-06-11 15:30:00,14,6,11,15,30,130,55,"03, CRS GOUFFE",43.28629,5.3862,Plein jour,En agglomération,Hors intersection,Normale,Deux véhicules - arrière,,,,,,,,,,,1,2,1,1.0,2
201400014781,0014-06-11 18:00:00,14,6,11,18,0,130,55,"45, BD FRANCOISE DUPARC",43.30385,5.40079,Plein jour,En agglomération,Hors intersection,Normale,Autre collision,,,,,,,,,,,1,2,1,1.0,6
201400014782,0014-06-12 05:51:00,14,6,12,5,51,130,55,"26, BD SAKAKINI",43.29796,5.40082,Crépuscule ou aube,En agglomération,Hors intersection,Normale,Deux véhicules - arrière,,,,,,,,,,,2,2,1,1.0,2
201400014783,0014-06-01 18:30:00,14,6,1,18,30,130,55,"138, AVE PIERRE MENDES F",,,Plein jour,En agglomération,Hors intersection,Normale,Autre collision,,,,,,,,,,,1,2,1,1.0,6
201400014784,0014-06-02 21:30:00,14,6,2,21,30,130,55,"24, RUE LOUIS REGE",43.28148,5.39141,Crépuscule ou aube,En agglomération,Hors intersection,Normale,Deux véhicules - arrière,,,,,,,,,,,2,2,1,1.0,2
201400014785,0014-06-05 11:30:00,14,6,5,11,30,130,106,"00, NELSON MANDELA (AVEN",43.40847,5.36654,Plein jour,En agglomération,Intersection en T,Normale,Deux véhicules - frontale,,,,,,,,,,,1,2,3,1.0,1
201400014786,0014-04-04 14:45:00,14,4,4,14,45,130,55,"239, VSN MORGIOU CHE",,,Plein jour,En agglomération,Hors intersection,Normale,Autre collision,,,,,,,,,,,1,2,1,1.0,6
201400014787,0014-04-09 16:50:00,14,4,9,16,50,130,55,"82, RUE AUGUSTIN AUBERT",43.2656,5.40345,Plein jour,En agglomération,Hors intersection,Normale,Trois véhicules et plus - collisions multiples,,,,,,,,,,,1,2,1,1.0,5
201400014788,0014-05-24 15:30:00,14,5,24,15,30,130,55,"338, AVE DE MAZARGUES",43.25972,5.39405,Plein jour,En agglomération,Hors intersection,Normale,Autre collision,,,,,,,,,,,1,2,1,1.0,6
201400014789,0014-05-27 07:30:00,14,5,27,7,30,130,55,"00, AVE DE LATTRE DE TAS",,,Plein jour,En agglomération,Hors intersection,Normale,Autre collision,,,,,,,,,,,1,2,1,1.0,6
201400014790,0014-06-03 08:10:00,14,6,3,8,10,130,106,"00, BEDOULE (CHEMIN DE L",,,Plein jour,Hors agglomération,Intersection en T,Normale,Deux véhicules - côté,,,,,,,,,,,1,1,3,1.0,3
201400014791,0014-06-02 13:45:00,14,6,2,13,45,130,55,"81, BD HENRI BARNIER",43.37264,5.3495,Plein jour,En agglomération,Hors intersection,Normale,Deux véhicules - côté,,,,,,,,,,,1,2,1,1.0,3
201400014792,0014-04-22 18:30:00,14,4,22,18,30,130,55,"91, ALL DE LA ROUGUIERE",43.2976,5.45774,Plein jour,En agglomération,Hors intersection,Normale,Autre collision,,,,,,,,,,,1,2,1,1.0,6
201400014793,0014-05-20 07:30:00,14,5,20,7,30,130,55,"162, AVE DE LA TIMONE",43.28607,5.4097,Plein jour,En agglomération,Hors intersection,Normale,Autre collision,,,,,,,,,,,1,2,1,1.0,6
201400014794,0014-05-23 15:30:00,14,5,23,15,30,130,55,"174, BD DU REDON",43.25129,5.42198,Plein jour,En agglomération,Hors intersection,Normale,Autre collision,,,,,,,,,,,1,2,1,1.0,6
201400014795,0014-06-03 14:30:00,14,6,3,14,30,130,55,"219, BD DE SAINT LOUP",43.28489,5.43932,Plein jour,En agglomération,Hors intersection,Normale,Autre collision,,,,,,,,,,,1,2,1,1.0,6
201400014796,0014-05-20 16:55:00,14,5,20,16,55,130,55,CHE DE SAINT JOSEPH A SA,,,Plein jour,En agglomération,Hors intersection,Normale,Deux véhicules - arrière,,,,,,,,,,,1,2,1,1.0,2
201400014797,0014-05-25 16:00:00,14,5,25,16,0,130,55,"52, BD DANIELLE CASANOVA",43.32315,5.37428,Plein jour,En agglomération,Intersection en T,Normale,Deux véhicules - côté,,,,,,,,,,,1,2,3,1.0,3
201400014798,0014-05-30 08:45:00,14,5,30,8,45,130,55,"124, CHE DE NOTRE DAME D",43.33905,5.42857,Plein jour,En agglomération,Hors intersection,Normale,Autre collision,,,,,,,,,,,1,2,1,1.0,6
201400014799,0014-06-02 12:20:00,14,6,2,12,20,130,55,"0, RPT PIERRE PARAF",,,Plein jour,En agglomération,Hors intersection,Normale,Deux véhicules - arrière,,,,,,,,,,,1,2,1,1.0,2
201400014800,0014-04-22 18:30:00,14,4,22,18,30,130,55,"39, BD BALTHAZAR BLANC",43.34455,5.35751,Plein jour,En agglomération,Hors intersection,Normale,Autre collision,,,,,,,,,,,1,2,1,1.0,6
201400014801,0014-01-31 12:20:00,14,1,31,12,20,130,55,"34, VOI LA CANEBIERE",,,Plein jour,En agglomération,Hors intersection,Normale,Autre collision,,,,,,,,,,,1,2,1,1.0,6
201400014802,0014-06-01 16:45:00,14,6,1,16,45,130,55,"205, RUE PARADIS",43.2839,5.38083,Plein jour,En agglomération,Intersection en T,Normale,Deux véhicules - côté,,,,,,,,,,,1,2,3,1.0,3
201400014803,0014-06-02 05:40:00,14,6,2,5,40,130,55,"69, BD BAILLE",43.28731,5.38891,Crépuscule ou aube,En agglomération,Hors intersection,Normale,Autre collision,,,,,,,,,,,2,2,1,1.0,6
201400014804,0014-05-29 16:40:00,14,5,29,16,40,130,55,"01, RUE MIGNARD",43.26204,5.40087,Plein jour,En agglomération,Hors intersection,Normale,Deux véhicules - frontale,,,,,,,,,,,1,2,1,1.0,1
201400014805,0014-06-02 11:00:00,14,6,2,11,0,130,55,"14, RUE FRANCOIS MAURIAC",43.27832,5.41648,Plein jour,En agglomération,Hors intersection,Normale,Autre collision,,,,,,,,,,,1,2,1,1.0,6
201400014806,0014-06-08 22:55:00,14,6,8,22,55,130,55,"30, BD SCHLOESING",43.27323,5.40057,Nuit avec éclairage allumé,En agglomération,Hors intersection,Normale,Autre collision,,,,,,,,,,,5,2,1,1.0,6
201400014807,0014-02-15 22:45:00,14,2,15,22,45,130,55,"43, AVE DE LA VISTE",43.35631,5.35735,Nuit avec éclairage allumé,En agglomération,Hors intersection,Normale,Autre collision,,,,,,,,,,,5,2,1,1.0,6
201400014808,0014-05-25 17:00:00,14,5,25,17,0,130,55,"11, AVE DES OLIVES",43.32958,5.43007,Plein jour,En agglomération,Hors intersection,Normale,Autre collision,,,,,,,,,,,1,2,1,1.0,6
201400014809,0014-05-27 12:45:00,14,5,27,12,45,130,55,CHE DU MERLAN A LA ROSE,,,Plein jour,En agglomération,Hors intersection,Normale,Autre collision,,,,,,,,,,,1,2,1,1.0,6
201400014810,0014-05-20 18:10:00,14,5,20,18,10,130,55,"130, AVE DE LA VISTE",,,Plein jour,En agglomération,Intersection en T,Normale,Autre collision,,,,,,,,,,,1,2,3,1.0,6
201400014811,0014-06-02 16:30:00,14,6,2,16,30,130,55,"21, AVE DE LA CROIX ROUG",43.3306,5.43072,Plein jour,En agglomération,Hors intersection,Normale,Autre collision,,,,,,,,,,,1,2,1,1.0,6
201400014812,0014-06-01 04:00:00,14,6,1,4,0,130,55,"366, AVE DE SAINT ANTOIN",43.37908,5.35702,Nuit avec éclairage allumé,En agglomération,Hors intersection,Normale,Deux véhicules - côté,,,,,,,,,,,5,2,1,1.0,3
201400014813,0014-06-01 05:30:00,14,6,1,5,30,130,55,"01, BD DE PLOMBIERES",43.31489,5.38787,Nuit avec éclairage allumé,En agglomération,Intersection en X,Normale,Deux véhicules - côté,,,,,,,,,,,5,2,2,1.0,3
201400014814,0014-06-04 12:00:00,14,6,4,12,0,130,55,"305, CHE DE SAINTE MARTH",43.33613,5.39215,Plein jour,En agglomération,Hors intersection,Normale,Deux véhicules - frontale,,,,,,,,,,,1,2,1,1.0,1
201400014815,0014-06-06 19:45:00,14,6,6,19,45,130,55,"21, BD SIMON BOLIVAR",43.34105,5.37735,Plein jour,En agglomération,Intersection en T,Normale,Autre collision,,,,,,,,,,,1,2,3,1.0,6
201400014816,0014-01-24 10:47:00,14,1,24,10,47,130,55,"34, AVE DE SAINT JEROME",43.32929,5.41895,Plein jour,En agglomération,Hors intersection,Normale,Deux véhicules - frontale,,,,,,,,,,,1,2,1,1.0,1
201400014817,0014-06-02 07:30:00,14,6,2,7,30,130,55,"03, AVE ROGER SALENGRO",43.30911,5.37403,Plein jour,En agglomération,Hors intersection,Normale,Autre collision,,,,,,,,,,,1,2,1,1.0,6
201400014818,0014-04-28 17:15:00,14,4,28,17,15,130,55,"86, BD VAUBAN",43.28317,5.37479,Plein jour,En agglomération,Hors intersection,Normale,Autre collision,,,,,,,,,,,1,2,1,1.0,6
201400014819,0014-05-13 14:30:00,14,5,13,14,30,130,55,"22, RUE DE LA GRANDE ARM",43.30101,5.38353,Plein jour,En agglomération,Hors intersection,Normale,Autre collision,,,,,,,,,,,1,2,1,1.0,6
201400014820,0014-05-21 16:45:00,14,5,21,16,45,130,55,"00, RUE DE LA REINE ELIS",,,Plein jour,En agglomération,Hors intersection,Normale,Deux véhicules - arrière,,,,,,,,,,,1,2,1,1.0,2
201400014821,0014-05-28 08:25:00,14,5,28,8,25,130,55,"272, BD CHAVE",43.29596,5.4022,Plein jour,En agglomération,Intersection en X,Normale,Autre collision,,,,,,,,,,,1,2,2,1.0,6
201400014822,0014-05-28 14:50:00,14,5,28,14,50,130,55,"11, BD DU DOCTEUR DAVID",43.29297,5.39758,Plein jour,En agglomération,Hors intersection,Normale,Autre collision,,,,,,,,,,,1,2,1,1.0,6
201400014823,0014-06-01 02:35:00,14,6,1,2,35,130,55,"100, BD DE LA LIBERATION",43.30102,5.39117,Nuit avec éclairage allumé,En agglomération,Hors intersection,Normale,Deux véhicules - arrière,,,,,,,,,,,5,2,1,1.0,2
201400014824,0014-06-03 07:50:00,14,6,3,7,50,130,55,"366, AVE DES POILUS",43.31325,5.46362,Plein jour,En agglomération,Hors intersection,Normale,Autre collision,,,,,,,,,,,1,2,1,1.0,6
201400014825,0014-05-27 15:00:00,14,5,27,15,0,130,55,"355, AVE DU PRADO",43.27016,5.38803,Plein jour,En agglomération,Hors intersection,Normale,Autre collision,,,,,,,,,,,1,2,1,1.0,6
201400014826,0014-05-28 19:15:00,14,5,28,19,15,130,106,"000, COLLINES (R?SIDENCE",,,Plein jour,En agglomération,Hors intersection,Normale,Autre collision,,,,,,,,,,,1,2,1,1.0,6
201400014827,0014-06-18 07:00:00,14,6,18,7,0,130,55,"149, BD BAILLE",43.28947,5.39694,Plein jour,En agglomération,Hors intersection,Normale,Deux véhicules - côté,,,,,,,,,,,1,2,1,1.0,3
201400014828,0014-06-18 01:35:00,14,6,18,1,35,130,55,"20, RUE SAINT THEODORE",,,Nuit avec éclairage allumé,En agglomération,Hors intersection,Normale,Deux véhicules - côté,,,,,,,,,,,5,2,1,1.0,3
201400014829,0014-05-13 07:20:00,14,5,13,7,20,130,55,"000, AVE DU MARCHE NATIO",,,Plein jour,En agglomération,Hors intersection,Normale,Autre collision,,,,,,,,,,,1,2,1,1.0,6
201400014830,0014-06-03 16:40:00,14,6,3,16,40,130,55,"126, RPT ADRIEN LEGROS 1",43.29081,5.47281,Plein jour,En agglomération,Giratoire,Normale,Deux véhicules - côté,,,,,,,,,,,1,2,6,1.0,3
201400014831,0014-05-30 03:38:00,14,5,30,3,38,130,55,"240, CHE SAINT JEAN DU D",43.29546,5.41924,Nuit avec éclairage allumé,En agglomération,Hors intersection,Normale,Deux véhicules - frontale,,,,,,,,,,,5,2,1,1.0,1
201400014832,0014-06-03 13:25:00,14,6,3,13,25,130,55,"20, ALL DE LA ROUGUIERE",43.29585,5.45808,Plein jour,En agglomération,Hors intersection,Normale,Autre collision,,,,,,,,,,,1,2,1,1.0,6
201400014833,0014-05-12 18:30:00,14,5,12,18,30,130,55,"01, CHE DE LA MADRAGUE V",,,Plein jour,En agglomération,Intersection en T,Normale,Deux véhicules - côté,,,,,,,,,,,1,2,3,1.0,3
201400014834,0014-06-03 07:30:00,14,6,3,7,30,130,55,"79, AVE DE LA ROSE",,,Plein jour,En agglomération,Hors intersection,Normale,Deux véhicules - arrière,,,,,,,,,,,1,2,1,1.0,2
201400014835,0014-06-06 13:55:00,14,6,6,13,55,130,55,"00, AVE RAIMU",43.33576,5.39873,Plein jour,En agglomération,Intersection en T,Normale,Deux véhicules - côté,,,,,,,,,,,1,2,3,1.0,3
201400014836,0014-06-05 19:30:00,14,6,5,19,30,130,55,"01, AVE DU CAP PINEDE RO",,,Plein jour,En agglomération,Hors intersection,Normale,Autre collision,,,,,,,,,,,1,2,1,1.0,6
201400014837,0014-06-11 11:05:00,14,6,11,11,5,130,55,"67, BD MARIUS RICHARD",43.31561,5.42733,Plein jour,En agglomération,Hors intersection,Normale,Autre collision,,,,,,,,,,,1,2,1,1.0,6
201400014838,0014-06-05 11:00:00,14,6,5,11,0,130,55,"08, BD DE PARIS",43.30558,5.37262,Plein jour,En agglomération,Hors intersection,Normale,Autre collision,,,,,,,,,,,1,2,1,1.0,6
201400014839,0014-05-28 12:30:00,14,5,28,12,30,130,55,"149, BD MICHELET",43.2652,5.39571,Plein jour,En agglomération,Hors intersection,Normale,Autre collision,,,,,,,,,,,1,2,1,1.0,6
201400014840,0014-05-21 14:30:00,14,5,21,14,30,130,55,"384, BD MICHELET",43.25502,5.40094,Plein jour,En agglomération,Hors intersection,Normale,Autre collision,,,,,,,,,,,1,2,1,1.0,6
201400014841,0014-05-29 20:30:00,14,5,29,20,30,130,55,"08, AVE DES GOUMIERS",43.24785,5.37511,Crépuscule ou aube,En agglomération,Hors intersection,Normale,Sans collision,,,,,,,,,,,2,2,1,1.0,7
201400014842,0014-05-05 13:20:00,14,5,5,13,20,130,55,"38, AVE DE LA FIGONE",43.30672,5.43824,Plein jour,En agglomération,Hors intersection,Normale,Deux véhicules - arrière,,,,,,,,,,,1,2,1,1.0,2
201400014843,0014-05-20 10:30:00,14,5,20,10,30,130,55,"63, RUE SAINT JEAN DU DE",43.29835,5.43621,Plein jour,En agglomération,Hors intersection,Normale,Sans collision,,,,,,,,,,,1,2,1,1.0,7
201400014844,0014-03-12 06:10:00,14,3,12,6,10,130,55,"12, AVE ROBERT SCHUMAN",43.30073,5.36591,Nuit avec éclairage allumé,En agglomération,Hors intersection,Normale,Deux véhicules - arrière,,,,,,,,,,,5,2,1,1.0,2
201400014845,0014-04-17 20:15:00,14,4,17,20,15,130,55,"57, AVE DU GENERAL LECLE",43.30325,5.37896,Crépuscule ou aube,En agglomération,Intersection en T,Normale,Deux véhicules - côté,,,,,,,,,,,2,2,3,1.0,3
201400014846,0014-06-05 20:20:00,14,6,5,20,20,130,106,"102, 8 MAI 1945 (AVENUE",43.40527,5.37184,Plein jour,En agglomération,Hors intersection,Normale,Autre collision,,,,,,,,,,,1,2,1,1.0,6
201400014847,0014-06-08 13:15:00,14,6,8,13,15,130,55,"146, AVE DES OLIVES",43.32638,5.43873,Plein jour,En agglomération,Hors intersection,Normale,Autre collision,,,,,,,,,,,1,2,1,1.0,6
201400014848,0014-06-08 19:45:00,14,6,8,19,45,130,55,"58, AVE DE LA CROIX ROUG",43.33156,5.4334,Plein jour,En agglomération,Hors intersection,Normale,Deux véhicules - arrière,,,,,,,,,,,1,2,1,1.0,2
201400014849,0014-06-16 13:20:00,14,6,16,13,20,130,55,"110, BD DE LA LIBERATION",43.30116,5.3916,Plein jour,En agglomération,Hors intersection,Normale,Autre collision,,,,,,,,,,,1,2,1,1.0,6
201400014850,0014-06-07 12:50:00,14,6,7,12,50,130,55,"90, AVE DU PRADO",43.28185,5.38569,Plein jour,En agglomération,Hors intersection,Normale,Deux véhicules - côté,,,,,,,,,,,1,2,1,1.0,3
201400014851,0014-06-05 17:00:00,14,6,5,17,0,130,55,"26, RUE ELZEARD ROUGIER",43.3094,5.41031,Plein jour,En agglomération,Hors intersection,Normale,Autre collision,,,,,,,,,,,1,2,1,1.0,6
201400014852,0014-06-11 15:00:00,14,6,11,15,0,130,55,"00, RUE JOSEPH CLERISSY",,,Plein jour,En agglomération,Hors intersection,Normale,Deux véhicules - arrière,,,,,,,,,,,1,2,1,1.0,2
201400014853,0014-06-19 11:09:00,14,6,19,11,9,130,55,"779, AVE DE MAZARGUES",43.24827,5.39893,Plein jour,En agglomération,Hors intersection,Normale,Autre collision,,,,,,,,,,,1,2,1,1.0,6
201400014854,0014-05-29 16:00:00,14,5,29,16,0,130,55,"02, QAI D ARENC",43.31228,5.36699,Plein jour,En agglomération,Hors intersection,Normale,Autre collision,,,,,,,,,,,1,2,1,1.0,6
201400014855,0014-06-04 18:40:00,14,6,4,18,40,130,55,"96, BD DANIELLE CASANOVA",43.32511,5.37391,Plein jour,En agglomération,Hors intersection,Normale,Autre collision,,,,,,,,,,,1,2,1,1.0,6
201400014856,0014-04-30 10:00:00,14,4,30,10,0,130,55,"57, RUE ROQUEBRUNE",43.30799,5.40475,Plein jour,En agglomération,Hors intersection,Normale,Autre collision,,,,,,,,,,,1,2,1,1.0,6
201400014857,0014-05-29 10:45:00,14,5,29,10,45,130,55,"00, BD FRANCOISE DUPARC",43.30293,5.40079,Plein jour,En agglomération,Intersection en X,Normale,Deux véhicules - côté,,,,,,,,,,,1,2,2,1.0,3
201400014858,0014-06-05 15:10:00,14,6,5,15,10,130,55,"18, BD GARIBALDI",43.29675,5.38123,Plein jour,En agglomération,Hors intersection,Normale,Autre collision,,,,,,,,,,,1,2,1,1.0,6
201400014859,0014-06-06 20:00:00,14,6,6,20,0,130,55,"549, BD DE LA CORDERIE",,,Plein jour,En agglomération,Hors intersection,Normale,Deux véhicules - côté,,,,,,,,,,,1,2,1,1.0,3
201400014860,0014-05-20 09:00:00,14,5,20,9,0,130,55,"101, BD DES LIBERATEURS",43.29838,5.45915,Plein jour,En agglomération,Hors intersection,Normale,Deux véhicules - arrière,,,,,,,,,,,1,2,1,1.0,2
201400014861,0014-05-20 11:50:00,14,5,20,11,50,130,55,"23, RUE GRAND RUE",43.29775,5.37209,Plein jour,En agglomération,Intersection en X,Normale,Deux véhicules - côté,,,,,,,,,,,1,2,2,1.0,3
201400014862,0014-06-04 20:45:00,14,6,4,20,45,130,55,"01, AVE SALVADOR ALLENDE",43.33013,5.38907,Plein jour,En agglomération,Giratoire,Normale,Deux véhicules - arrière,,,,,,,,,,,1,2,6,1.0,2
201400014863,0014-06-05 18:15:00,14,6,5,18,15,130,55,"00, RUE LE CHATELIER",43.34707,5.36847,Plein jour,En agglomération,Intersection en T,Normale,Deux véhicules - arrière,,,,,,,,,,,1,2,3,1.0,2
201400014864,0014-06-07 12:00:00,14,6,7,12,0,130,55,"17, RUE CRINAS",43.28803,5.36096,Plein jour,En agglomération,Intersection en X,Normale,Deux véhicules - côté,,,,,,,,,,,1,2,2,1.0,3
201400014865,0014-05-23 15:00:00,14,5,23,15,0,130,55,"74, AVE DE MAZARGUES",43.26772,5.38925,Plein jour,En agglomération,Intersection en T,Normale,Autre collision,,,,,,,,,,,1,2,3,1.0,6
201400014866,0014-06-09 19:20:00,14,6,9,19,20,130,55,"263, AVE DU PRADO",43.274,5.39079,Plein jour,En agglomération,Hors intersection,Normale,Autre collision,,,,,,,,,,,1,2,1,1.0,6
201400014867,0014-06-10 09:00:00,14,6,10,9,0,130,55,"458, RUE DE LYON",43.34171,5.36022,Plein jour,En agglomération,Hors intersection,Normale,Autre collision,,,,,,,,,,,1,2,1,1.0,6
201400014868,0014-06-10 15:30:00,14,6,10,15,30,130,55,"00, CHE DE SAINT ANTOINE",43.35188,5.37313,Plein jour,En agglomération,Intersection en T,Normale,Deux véhicules - côté,,,,,,,,,,,1,2,3,1.0,3
201400014869,0014-06-11 08:40:00,14,6,11,8,40,130,55,"01, RPT PERE WRESINKI",,,Plein jour,En agglomération,Hors intersection,Normale,Deux véhicules - côté,,,,,,,,,,,1,2,1,1.0,3
201400014870,0014-06-11 20:00:00,14,6,11,20,0,130,55,"01, VOL FRAIS VALLON / J",,,Plein jour,En agglomération,Hors intersection,Normale,Deux véhicules - frontale,,,,,,,,,,,1,2,1,1.0,1
201400014871,0014-05-18 06:30:00,14,5,18,6,30,130,75,"31, LOUIS PASTEUR (AVE)",43.3527,5.46729,Crépuscule ou aube,En agglomération,Hors intersection,Normale,Sans collision,,,,,,,,,,,2,2,1,1.0,7
201400014872,0014-05-27 16:30:00,14,5,27,16,30,130,55,"28, TRA PARANGON",43.24506,5.38016,Plein jour,En agglomération,Hors intersection,Normale,Autre collision,,,,,,,,,,,1,2,1,1.0,6
201400014873,0014-06-02 16:45:00,14,6,2,16,45,130,55,"147, AVE WILLIAM BOOTH",,,Crépuscule ou aube,En agglomération,Intersection en T,Normale,Deux véhicules - côté,,,,,,,,,,,2,2,3,1.0,3
201400014874,0014-01-24 20:00:00,14,1,24,20,0,130,55,"51, RUE D' ITALIE",43.28884,5.38289,Plein jour,En agglomération,Intersection en X,Normale,Deux véhicules - côté,,,,,,,,,,,1,2,2,1.0,3
201400014875,0014-05-02 13:30:00,14,5,2,13,30,130,55,"10, RUE DE LA REPUBLIQUE",43.29692,5.37363,Plein jour,En agglomération,Intersection en X,Pluie légère,Deux véhicules - côté,,,,,,,,,,,1,2,2,2.0,3
201400014876,0014-05-13 00:35:00,14,5,13,0,35,130,55,"22, AVE DE CORINTHE",43.28305,5.39,Nuit avec éclairage allumé,En agglomération,Intersection en X,Normale,Deux véhicules - côté,,,,,,,,,,,5,2,2,1.0,3
201400014877,0014-05-26 17:45:00,14,5,26,17,45,130,55,"169, RUE SAINT PIERRE",43.29218,5.39542,Plein jour,En agglomération,Hors intersection,Normale,Trois véhicules et plus - en chaîne,,,,,,,,,,,1,2,1,1.0,4
201400014878,0014-06-07 15:00:00,14,6,7,15,0,130,55,"28, BD JEAN MOULIN",43.2895,5.39997,Plein jour,En agglomération,Hors intersection,Normale,Autre collision,,,,,,,,,,,1,2,1,1.0,6
201400014879,0014-05-16 23:45:00,14,5,16,23,45,130,55,"35, AVE DE LA CORSE",43.2893,5.36314,Nuit avec éclairage non allumé,En agglomération,Intersection en T,Normale,Autre collision,,,,,,,,,,,4,2,3,1.0,6
201400014880,0014-05-28 15:20:00,14,5,28,15,20,130,55,"00, PCE LOUIS BONNEFON",43.25441,5.38199,Plein jour,En agglomération,Giratoire,Normale,Autre collision,,,,,,,,,,,1,2,6,1.0,6
201400014881,0014-06-03 18:15:00,14,6,3,18,15,130,55,"49, BD GILLIBERT",43.26436,5.40657,Plein jour,En agglomération,Hors intersection,Normale,Deux véhicules - arrière,,,,,,,,,,,1,2,1,1.0,2
201400014882,0014-05-14 15:35:00,14,5,14,15,35,130,55,AVE JEAN PAUL SARTRE,,,Plein jour,En agglomération,Hors intersection,Normale,Autre collision,,,,,,,,,,,1,2,1,1.0,6
201400014883,0014-05-27 13:55:00,14,5,27,13,55,130,55,"06, BD DE REIMS",,,Plein jour,Hors agglomération,Intersection en T,Normale,Deux véhicules - côté,,,,,,,,,,,1,1,3,1.0,3
201400014884,0014-05-30 14:40:00,14,5,30,14,40,130,55,"76, RUE LE CHATELIER",43.34638,5.36518,Plein jour,En agglomération,Hors intersection,Normale,Sans collision,,,,,,,,,,,1,2,1,1.0,7
201400014885,0014-06-04 18:00:00,14,6,4,18,0,130,55,"01, VOL PASSERELLE PLOMB",,,Plein jour,En agglomération,Hors intersection,Normale,Deux véhicules - arrière,,,,,,,,,,,1,2,1,1.0,2
201400014886,0014-06-07 12:10:00,14,6,7,12,10,130,55,"148, CHE DE LA MADRAGUE",43.32755,5.36013,Plein jour,En agglomération,Hors intersection,Normale,Autre collision,,,,,,,,,,,1,2,1,1.0,6
201400014887,0014-06-11 18:30:00,14,6,11,18,30,130,55,"01, RPT PIERRE PARAF",43.33016,5.38905,Plein jour,En agglomération,Giratoire,Normale,Deux véhicules - côté,,,,,,,,,,,1,2,6,1.0,3
201400014888,0014-05-13 09:30:00,14,5,13,9,30,130,55,"430, RUE PARADIS",43.27545,5.38434,Plein jour,En agglomération,Hors intersection,Normale,Autre collision,,,,,,,,,,,1,2,1,1.0,6
201400014889,0014-06-07 16:25:00,14,6,7,16,25,130,55,"93, RUE FELIX PYAT",43.31613,5.37439,Plein jour,En agglomération,Intersection en T,Normale,Autre collision,,,,,,,,,,,1,2,3,1.0,6
201400014890,0014-06-17 08:45:00,14,6,17,8,45,130,55,"83, RTE DES TROIS LUCS A",43.3076,5.47026,Plein jour,En agglomération,Intersection en Y,Normale,Autre collision,,,,,,,,,,,1,2,4,1.0,6
201400014891,0014-06-22 16:00:00,14,6,22,16,0,130,55,"90, CHE DU FOUR DE BUZE",43.34541,5.39792,Plein jour,En agglomération,Hors intersection,Normale,Autre collision,,,,,,,,,,,1,2,1,1.0,6
201400014892,0014-05-26 02:10:00,14,5,26,2,10,130,55,"00, BD NATIONAL",43.30348,5.38596,Nuit avec éclairage allumé,En agglomération,Intersection en X,Normale,Deux véhicules - côté,,,,,,,,,,,5,2,2,1.0,3
201400014893,0014-03-11 17:40:00,14,3,11,17,40,130,55,"36, RUE DU ROUET",43.28416,5.38555,Plein jour,En agglomération,Intersection en X,Normale,Deux véhicules - arrière,,,,,,,,,,,1,2,2,1.0,2
201400014894,0014-05-21 15:35:00,14,5,21,15,35,130,55,"397, COR PRESIDENT JOHN",43.27009,5.36609,Plein jour,En agglomération,Hors intersection,Normale,Deux véhicules - arrière,,,,,,,,,,,1,2,1,1.0,2
201400014895,0014-06-06 23:45:00,14,6,6,23,45,130,55,"07, RUE FONDERE",43.30185,5.39896,Nuit avec éclairage non allumé,En agglomération,Hors intersection,Normale,Deux véhicules - arrière,,,,,,,,,,,4,2,1,1.0,2
201400014896,0014-06-10 08:45:00,14,6,10,8,45,130,55,"95, AVE DU PRADO",43.28093,5.38688,Plein jour,En agglomération,Hors intersection,Normale,Autre collision,,,,,,,,,,,1,2,1,1.0,6
201400014897,0014-06-12 14:45:00,14,6,12,14,45,130,55,"10, RUE DE L' EGLISE SAI",43.2959,5.39362,Plein jour,Hors agglomération,Intersection en X,Normale,Deux véhicules - côté,,,,,,,,,,,1,1,2,1.0,3
201400014898,0014-06-04 11:40:00,14,6,4,11,40,130,55,"166, BD DE PLOMBIERES",43.31901,5.37916,Plein jour,En agglomération,Intersection en T,Normale,Autre collision,,,,,,,,,,,1,2,3,1.0,6
201400014899,0014-06-10 15:00:00,14,6,10,15,0,130,55,"61, CHE DE SAINT ANTOINE",43.35347,5.37175,Plein jour,En agglomération,Hors intersection,Normale,Deux véhicules - arrière,,,,,,,,,,,1,2,1,1.0,2
201400014900,0014-06-12 17:50:00,14,6,12,17,50,130,55,"43, RUE FELIX PYAT",43.31418,5.37614,Plein jour,En agglomération,Hors intersection,Pluie légère,Deux véhicules - arrière,,,,,,,,,,,1,2,1,2.0,2
201400014901,0014-06-14 18:15:00,14,6,14,18,15,130,55,"181, RUE LE CHATELIER",43.34895,5.37388,Plein jour,En agglomération,Hors intersection,Normale,Trois véhicules et plus - en chaîne,,,,,,,,,,,1,2,1,1.0,4
201400014902,0014-05-21 12:15:00,14,5,21,12,15,130,55,"92, BD SAKAKINI",,,Plein jour,En agglomération,Hors intersection,Vent fort / tempête,Autre collision,,,,,,,,,,,1,2,1,6.0,6
201400014903,0014-06-12 16:30:00,14,6,12,16,30,130,55,"53, BD CHARLES MORETTI",43.32359,5.38665,Plein jour,En agglomération,Intersection en X,Normale,Deux véhicules - côté,,,,,,,,,,,1,2,2,1.0,3
201400014904,0014-06-13 15:00:00,14,6,13,15,0,130,55,"04, BD DES DAMES",43.30164,5.37347,Plein jour,En agglomération,Hors intersection,Normale,Autre collision,,,,,,,,,,,1,2,1,1.0,6