accident_id,datetime,annee,mois,jour,heure,minute,departement,commune_insee,adresse,latitude,longitude,luminosite,agglomeration,intersection,meteo,collision,nb_vehicules,nb_usagers,nb_indemnes,nb_tues,nb_blesses_hosp,nb_blesses_legers,age_cond_1,age_cond_2,veh_type_cond_1,veh_type_cond_2,lum_code,agg_code,int_code,atm_code,col_code
201400015153,0014-07-31 15:30:00,14,7,31,15,30,130,55,"85, AVE DE LA POINTE ROU",43.24557,5.3733,Plein jour,En agglomération,Hors intersection,Normale,Autre collision,,,,,,,,,,,1,2,1,1.0,6
201400015154,0014-08-03 10:55:00,14,8,3,10,55,130,55,"55, RUE DU DOCTEUR ESCAT",43.2833,5.38164,Plein jour,En agglomération,Hors intersection,Normale,Deux véhicules - arrière,,,,,,,,,,,1,2,1,1.0,2
201400015155,0014-07-08 16:40:00,14,7,8,16,40,130,55,"341, CHE DE LA MADRAGUE",43.33782,5.35773,Plein jour,En agglomération,Hors intersection,Normale,Autre collision,,,,,,,,,,,1,2,1,1.0,6
201400015156,0014-07-09 19:40:00,14,7,9,19,40,130,55,"131, CRS LIEUTAUD",43.28785,5.38476,Plein jour,En agglomération,Hors intersection,Normale,Autre collision,,,,,,,,,,,1,2,1,1.0,6
201400015157,0014-07-14 18:20:00,14,7,14,18,20,130,55,"43, QAI DE RIVE NEUVE",43.29241,5.36664,Plein jour,En agglomération,Hors intersection,Normale,Autre collision,,,,,,,,,,,1,2,1,1.0,6
201400015158,0014-07-19 20:30:00,14,7,19,20,30,130,55,"02, RUE SAINTE CECILE",43.28671,5.39037,Plein jour,En agglomération,Intersection à plus de 4 branches,Normale,Deux véhicules - côté,,,,,,,,,,,1,2,5,1.0,3
201400015159,0014-06-18 10:15:00,14,6,18,10,15,130,55,"18, BD GASTON CREMIEUX",43.27952,5.37973,Plein jour,En agglomération,Hors intersection,Normale,Autre collision,,,,,,,,,,,1,2,1,1.0,6
201400015160,0014-07-13 14:40:00,14,7,13,14,40,130,55,"00, BD DANIELLE CASANOVA",43.32589,5.37437,Plein jour,En agglomération,Intersection en T,Normale,Autre collision,,,,,,,,,,,1,2,3,1.0,6
201400015161,0014-07-01 21:45:00,14,7,1,21,45,130,55,"160, BD DE SAINT MARCEL",43.28763,5.46483,Nuit avec éclairage allumé,En agglomération,Hors intersection,Normale,Deux véhicules - arrière,,,,,,,,,,,5,2,1,1.0,2
201400015162,0014-01-27 12:30:00,14,1,27,12,30,130,55,"00, RUE LOUIS MOURONVAL",43.31188,5.38643,Plein jour,En agglomération,Intersection en X,Normale,Autre collision,,,,,,,,,,,1,2,2,1.0,6
201400015163,0014-07-01 16:30:00,14,7,1,16,30,130,55,"00, AVE DE LATTRE DE TAS",43.24592,5.421,Plein jour,En agglomération,Intersection en T,Normale,Deux véhicules - frontale,,,,,,,,,,,1,2,3,1.0,1
201400015164,0014-08-02 02:00:00,14,8,2,2,0,130,55,"60, BD VOLTAIRE",43.30337,5.38578,Nuit avec éclairage allumé,En agglomération,Hors intersection,Normale,Deux véhicules - frontale,,,,,,,,,,,5,2,1,1.0,1
201400015165,0014-07-24 08:45:00,14,7,24,8,45,130,55,"122, BD DE LA CORDERIE",,,Plein jour,En agglomération,Hors intersection,Normale,Deux véhicules - côté,,,,,,,,,,,1,2,1,1.0,3
201400015166,0014-07-10 07:40:00,14,7,10,7,40,130,55,"24, AVE DU PRADO",43.28412,5.38444,Plein jour,En agglomération,Hors intersection,Normale,Deux véhicules - arrière,,,,,,,,,,,1,2,1,1.0,2
201400015167,0014-07-21 11:30:00,14,7,21,11,30,130,55,"438, BD MIREILLE LAUZE",43.28834,5.43498,Plein jour,En agglomération,Hors intersection,Temps éblouissant,Autre collision,,,,,,,,,,,1,2,1,7.0,6
201400015168,0014-07-04 17:30:00,14,7,4,17,30,130,55,"343, BD ROMAIN ROLLAND",43.27133,5.40912,Plein jour,En agglomération,Intersection en X,Normale,Deux véhicules - côté,,,,,,,,,,,1,2,2,1.0,3
201400015169,0014-07-25 12:25:00,14,7,25,12,25,130,55,"154, BD DE SAINT LOUP",43.28363,5.43453,Plein jour,En agglomération,Hors intersection,Normale,Deux véhicules - côté,,,,,,,,,,,1,2,1,1.0,3
201400015170,0014-07-06 13:45:00,14,7,6,13,45,130,2,"00, ETIENNE CUCCA-CD908",,,Plein jour,Hors agglomération,Hors intersection,Normale,Sans collision,,,,,,,,,,,1,1,1,1.0,7
201400015171,0014-07-02 12:50:00,14,7,2,12,50,130,55,"45, CHE DU VALLON DE L'",43.28216,5.36341,Plein jour,En agglomération,Hors intersection,Normale,Deux véhicules - arrière,,,,,,,,,,,1,2,1,1.0,2
201400015172,0014-07-26 04:00:00,14,7,26,4,0,130,55,"00, CHE DU VALLON DE TOU",43.26657,5.42677,Nuit avec éclairage allumé,En agglomération,Intersection en X,Normale,Sans collision,,,,,,,,,,,5,2,2,1.0,7
201400015173,0014-07-17 16:56:00,14,7,17,16,56,130,55,"138, RUE MONTAIGNE",43.30383,5.41749,Plein jour,En agglomération,Hors intersection,Normale,Deux véhicules - côté,,,,,,,,,,,1,2,1,1.0,3
201400015174,0014-07-24 21:40:00,14,7,24,21,40,130,55,"00, PRK ANDRE BARDON/FLO",43.28208,5.42692,Nuit avec éclairage allumé,En agglomération,Giratoire,Normale,Deux véhicules - côté,,,,,,,,,,,5,2,6,1.0,3
201400015175,0014-07-01 23:00:00,14,7,1,23,0,130,55,"00, AVE DU PRADO",43.26909,5.38637,Nuit avec éclairage allumé,En agglomération,Intersection en T,Normale,Deux véhicules - côté,,,,,,,,,,,5,2,3,1.0,3
201400015176,0014-07-02 16:40:00,14,7,2,16,40,130,55,"26, CHE DES CAMPANULES",43.30162,5.44814,Plein jour,En agglomération,Hors intersection,Normale,Deux véhicules - frontale,,,,,,,,,,,1,2,1,1.0,1
201400015177,0014-07-10 21:00:00,14,7,10,21,0,130,55,"08, AVE DE HAMBOURG",43.25377,5.3841,Crépuscule ou aube,En agglomération,Hors intersection,Normale,Autre collision,,,,,,,,,,,2,2,1,1.0,6
201400015178,0014-07-01 12:30:00,14,7,1,12,30,130,55,"176, AVE DES POILUS",43.32099,5.45804,Plein jour,En agglomération,Hors intersection,Normale,Deux véhicules - côté,,,,,,,,,,,1,2,1,1.0,3
201400015179,0014-07-16 10:15:00,14,7,16,10,15,130,55,"50, BD FERDINAND DE LESS",43.32102,5.37539,Plein jour,En agglomération,Hors intersection,Normale,Autre collision,,,,,,,,,,,1,2,1,1.0,6
201400015180,0014-07-16 17:30:00,14,7,16,17,30,130,55,"01, RPT DE FORESTA",43.36593,5.3546,Plein jour,En agglomération,Hors intersection,Normale,Deux véhicules - arrière,,,,,,,,,,,1,2,1,1.0,2
201400015181,0014-07-19 19:45:00,14,7,19,19,45,130,55,"143, AVE DE LA CROIX ROU",43.33425,5.44181,Plein jour,En agglomération,Hors intersection,Normale,Sans collision,,,,,,,,,,,1,2,1,1.0,7
201400015182,0014-06-16 11:00:00,14,6,16,11,0,130,55,"154, CHE DE LA COMMANDER",43.34578,5.36145,Plein jour,En agglomération,Hors intersection,Normale,Deux véhicules - côté,,,,,,,,,,,1,2,1,1.0,3
201400015183,0014-06-28 12:30:00,14,6,28,12,30,130,55,"00, BD DU CAPITAINE GEZE",,,Plein jour,En agglomération,Hors intersection,Normale,Deux véhicules - frontale,,,,,,,,,,,1,2,1,1.0,1
201400015184,0014-05-21 08:50:00,14,5,21,8,50,130,55,"88, BD DE LA CORDERIE",43.29019,5.36845,Plein jour,En agglomération,Hors intersection,Normale,Autre collision,,,,,,,,,,,1,2,1,1.0,6
201400015185,0014-06-03 16:30:00,14,6,3,16,30,130,55,"042, QAI DE RIVE NEUVE",,,Plein jour,En agglomération,Hors intersection,Normale,Deux véhicules - côté,,,,,,,,,,,1,2,1,1.0,3
201400015186,0014-06-25 16:30:00,14,6,25,16,30,130,55,"304, RUE SAINT PIERRE",43.29162,5.40599,Plein jour,En agglomération,Intersection en T,Normale,Deux véhicules - côté,,,,,,,,,,,1,2,3,1.0,3
201400015187,0014-07-05 21:45:00,14,7,5,21,45,130,55,"55, BD JEAN MOULIN",43.28646,5.3992,Nuit avec éclairage allumé,En agglomération,Hors intersection,Normale,Sans collision,,,,,,,,,,,5,2,1,1.0,7
201400015188,0014-07-12 02:00:00,14,7,12,2,0,130,55,"294, RUE SAINT ANTOINE",43.3758,5.35604,Nuit avec éclairage allumé,En agglomération,Hors intersection,Normale,Deux véhicules - côté,,,,,,,,,,,5,2,1,1.0,3
201400015189,0014-07-28 01:00:00,14,7,28,1,0,130,55,"99, BD DE LA LIBERATION",43.30061,5.38987,Nuit avec éclairage allumé,En agglomération,Hors intersection,Pluie légère,Autre collision,,,,,,,,,,,5,2,1,2.0,6
201400015190,0014-07-11 10:00:00,14,7,11,10,0,130,55,"152, AVE DE MAZARGUES",43.26546,5.39029,Plein jour,En agglomération,Hors intersection,Normale,Autre collision,,,,,,,,,,,1,2,1,1.0,6
201400015191,0014-07-16 05:50:00,14,7,16,5,50,130,55,"00, CHE DE SORMIOU",,,Crépuscule ou aube,En agglomération,Hors intersection,Normale,Autre collision,,,,,,,,,,,2,2,1,1.0,6
201400015192,0014-07-18 12:25:00,14,7,18,12,25,130,55,"256, AVE DE TOULON",43.28338,5.39721,Plein jour,En agglomération,Hors intersection,Normale,Autre collision,,,,,,,,,,,1,2,1,1.0,6
201400015193,0014-08-04 20:45:00,14,8,4,20,45,130,55,"00, AVE DE LA MARTHELINE",,,Plein jour,En agglomération,Hors intersection,Normale,Autre collision,,,,,,,,,,,1,2,1,1.0,6
201400015194,0014-06-22 01:20:00,14,6,22,1,20,130,55,"01, BD D ATHENES",43.29913,5.38089,Nuit avec éclairage allumé,En agglomération,Intersection en X,Normale,Autre collision,,,,,,,,,,,5,2,2,1.0,6
201400015195,0014-07-22 11:00:00,14,7,22,11,0,130,55,"227, RUE SAINT PIERRE",43.29264,5.39906,Plein jour,En agglomération,Hors intersection,Normale,Deux véhicules - arrière,,,,,,,,,,,1,2,1,1.0,2
201400015196,0014-07-26 20:00:00,14,7,26,20,0,130,55,"35, RUE D' ALGER",43.28931,5.38913,Plein jour,Hors agglomération,Intersection en X,Normale,Deux véhicules - côté,,,,,,,,,,,1,1,2,1.0,3
201400015197,0014-07-17 11:15:00,14,7,17,11,15,130,55,"400, AVE PIERRE MENDES F",43.25502,5.37634,Plein jour,En agglomération,Hors intersection,Normale,Deux véhicules - arrière,,,,,,,,,,,1,2,1,1.0,2
201400015198,0014-07-22 07:20:00,14,7,22,7,20,130,55,"00, RUE DU ROUET",,,Plein jour,En agglomération,Hors intersection,Normale,Deux véhicules - arrière,,,,,,,,,,,1,2,1,1.0,2
201400015199,0014-07-28 08:50:00,14,7,28,8,50,130,55,"28, BD MICHELET",43.27073,5.39209,Plein jour,En agglomération,Hors intersection,Normale,Autre collision,,,,,,,,,,,1,2,1,1.0,6
201400015200,0014-06-09 07:25:00,14,6,9,7,25,130,55,"148, AVE PIERRE MENDES F",,,Plein jour,En agglomération,Hors intersection,Normale,Deux véhicules - côté,,,,,,,,,,,1,2,1,1.0,3
201400015201,0014-07-17 15:15:00,14,7,17,15,15,130,55,"254, AVE DU PRADO",43.275,5.38953,Plein jour,En agglomération,Hors intersection,Normale,Autre collision,,,,,,,,,,,1,2,1,1.0,6
201400015202,0014-06-10 16:00:00,14,6,10,16,0,130,55,"430, AVE DE LATTRE DE TA",43.24498,5.42482,Plein jour,En agglomération,Hors intersection,Normale,Deux véhicules - arrière,,,,,,,,,,,1,2,1,1.0,2
201400015203,0014-04-11 23:15:00,14,4,11,23,15,130,55,"000, PCE BOUGAINVILLE",,,Nuit avec éclairage non allumé,En agglomération,Hors intersection,Normale,Deux véhicules - côté,,,,,,,,,,,4,2,1,1.0,3
201400015204,0014-07-24 15:30:00,14,7,24,15,30,130,55,"00, BD ODDO",,,Plein jour,En agglomération,Hors intersection,Normale,Autre collision,,,,,,,,,,,1,2,1,1.0,6
201400015205,0014-07-20 18:00:00,14,7,20,18,0,130,55,"120, CHE DE PALAMA",43.36054,5.44299,Plein jour,En agglomération,Intersection en T,Normale,Deux véhicules - frontale,,,,,,,,,,,1,2,3,1.0,1
201400015206,0014-07-27 13:10:00,14,7,27,13,10,130,75,"31, JEAN GIONO (AVE)",43.34653,5.45651,Plein jour,En agglomération,Hors intersection,Normale,Autre collision,,,,,,,,,,,1,2,1,1.0,6
201400015207,0014-08-05 18:40:00,14,8,5,18,40,130,55,"00, BD DES BASSINS DE RA",,,Plein jour,En agglomération,Hors intersection,Normale,Autre collision,,,,,,,,,,,1,2,1,1.0,6
201400015208,0014-06-27 00:20:00,14,6,27,0,20,130,55,"0, BD BAILLE",43.28638,5.38577,Nuit avec éclairage allumé,En agglomération,Intersection en X,Normale,Deux véhicules - côté,,,,,,,,,,,5,2,2,1.0,3
201400015209,0014-06-28 22:20:00,14,6,28,22,20,130,55,"00, CRS BELSUNCE",43.29638,5.37765,Nuit avec éclairage allumé,En agglomération,Intersection en T,Normale,Deux véhicules - frontale,,,,,,,,,,,5,2,3,1.0,1
201400015210,0014-07-07 15:00:00,14,7,7,15,0,130,55,"29, RUE DE LA PROVIDENCE",43.2996,5.3782,Plein jour,En agglomération,Hors intersection,Normale,Autre collision,,,,,,,,,,,1,2,1,1.0,6
201400015211,0014-07-23 08:00:00,14,7,23,8,0,130,55,"05, CRS GOUFFE",43.28659,5.38632,Plein jour,En agglomération,Hors intersection,Normale,Trois véhicules et plus - en chaîne,,,,,,,,,,,1,2,1,1.0,4
201400015212,0014-07-24 08:40:00,14,7,24,8,40,130,55,"00, AVE DU PARC BORELY",,,Plein jour,En agglomération,Hors intersection,Normale,Autre collision,,,,,,,,,,,1,2,1,1.0,6
201400015213,0014-07-18 11:20:00,14,7,18,11,20,130,75,"122, LIBERATION (AVE DE",43.34253,5.45745,Plein jour,En agglomération,Hors intersection,Normale,Autre collision,,,,,,,,,,,1,2,1,1.0,6
201400015214,0014-07-23 16:10:00,14,7,23,16,10,130,55,"00, RTE LEON LACHAMP",,,Plein jour,En agglomération,Hors intersection,Normale,Deux véhicules - frontale,,,,,,,,,,,1,2,1,1.0,1
201400015215,0014-08-07 04:50:00,14,8,7,4,50,130,55,"35, BD SCHLOESING",43.27408,5.4002,Nuit avec éclairage allumé,En agglomération,Hors intersection,Normale,Deux véhicules - arrière,,,,,,,,,,,5,2,1,1.0,2
201400015216,0014-08-07 08:00:00,14,8,7,8,0,130,55,"14, BD GUSTAVE GANAY",43.26574,5.39948,Plein jour,En agglomération,Hors intersection,Normale,Autre collision,,,,,,,,,,,1,2,1,1.0,6
201400015217,0014-08-07 12:30:00,14,8,7,12,30,130,55,"00, BD DANIELLE CASANOVA",,,Plein jour,En agglomération,Hors intersection,Normale,Autre collision,,,,,,,,,,,1,2,1,1.0,6
201400015218,0014-07-25 16:40:00,14,7,25,16,40,130,55,"100, CRS LIEUTAUD",43.2911,5.38307,Plein jour,En agglomération,Intersection en X,Normale,Deux véhicules - côté,,,,,,,,,,,1,2,2,1.0,3
201400015219,0014-07-26 16:00:00,14,7,26,16,0,130,55,"00, BD CHARLES MORETTI",,,Plein jour,En agglomération,Hors intersection,Normale,Autre collision,,,,,,,,,,,1,2,1,1.0,6
201400015220,0014-07-22 15:20:00,14,7,22,15,20,130,55,"143, RUE*D ENDOUME",43.28622,5.36213,Plein jour,En agglomération,Hors intersection,Normale,Deux véhicules - côté,,,,,,,,,,,1,2,1,1.0,3
201400015221,0014-07-24 11:00:00,14,7,24,11,0,130,55,"01, TRA PARANGON",43.24573,5.38036,Plein jour,En agglomération,Giratoire,Normale,Deux véhicules - arrière,,,,,,,,,,,1,2,6,1.0,2
201400015222,0014-07-24 09:25:00,14,7,24,9,25,130,55,"01, CHE DES PAROYES",43.35915,5.46052,Plein jour,En agglomération,Intersection en T,Normale,Autre collision,,,,,,,,,,,1,2,3,1.0,6
201400015223,0014-07-25 09:45:00,14,7,25,9,45,130,55,"358, AVE DE SAINT ANTOIN",43.37865,5.35683,Plein jour,En agglomération,Intersection à plus de 4 branches,Normale,Deux véhicules - côté,,,,,,,,,,,1,2,5,1.0,3
201400015224,0014-07-26 18:40:00,14,7,26,18,40,130,55,"80, CHEMIN VICINAL DE LA",,,Plein jour,En agglomération,Hors intersection,Normale,Sans collision,,,,,,,,,,,1,2,1,1.0,7
201400015225,0014-07-23 11:00:00,14,7,23,11,0,130,75,"146, FREDERIC*MISTRAL (A",43.35188,5.47589,Plein jour,Hors agglomération,Intersection en X,Normale,Deux véhicules - frontale,,,,,,,,,,,1,1,2,1.0,1
201400015226,0014-07-20 11:40:00,14,7,20,11,40,130,55,"387, BD NATIONAL",43.3148,5.37263,Plein jour,En agglomération,Intersection en Y,Normale,Deux véhicules - côté,,,,,,,,,,,1,2,4,1.0,3
201400015227,0014-07-25 09:00:00,14,7,25,9,0,130,55,"23, AVE DE CORINTHE",43.2835,5.39023,Plein jour,En agglomération,Hors intersection,Normale,Autre collision,,,,,,,,,,,1,2,1,1.0,6
201400015228,0014-07-29 11:35:00,14,7,29,11,35,130,55,"115, AVE DU*PRADO",43.28006,5.38739,Plein jour,En agglomération,Hors intersection,Normale,Trois véhicules et plus - collisions multiples,,,,,,,,,,,1,2,1,1.0,5
201400015229,0014-07-28 16:30:00,14,7,28,16,30,130,55,"243, AVE DES POILUS",43.31847,5.45971,Plein jour,En agglomération,Hors intersection,Normale,Autre collision,,,,,,,,,,,1,2,1,1.0,6
201400015230,0014-07-27 19:50:00,14,7,27,19,50,130,55,"00, AVE LOUIS MALOSSE",43.29821,5.45011,Plein jour,En agglomération,Intersection en T,Normale,Deux véhicules - côté,,,,,,,,,,,1,2,3,1.0,3
201400015231,0014-07-03 16:00:00,14,7,3,16,0,130,55,"01, BD MIRABEAU",43.31455,5.3705,Plein jour,En agglomération,Intersection en X,Normale,Autre collision,,,,,,,,,,,1,2,2,1.0,6
201400015232,0014-07-07 15:30:00,14,7,7,15,30,130,55,"10, CRS PIERRE PUGET",43.29052,5.37699,Plein jour,En agglomération,Hors intersection,Normale,Autre collision,,,,,,,,,,,1,2,1,1.0,6
201400015233,0014-07-24 16:00:00,14,7,24,16,0,130,55,"100, BD DE LA BLANCARDE",43.30319,5.40311,Plein jour,En agglomération,Intersection en X,Normale,Deux véhicules - côté,,,,,,,,,,,1,2,2,1.0,3
201400015234,0014-07-27 09:20:00,14,7,27,9,20,130,55,"49, BD DE LA LIBERTE",43.30185,5.38334,Plein jour,En agglomération,Intersection en X,Normale,Deux véhicules - côté,,,,,,,,,,,1,2,2,1.0,3
201400015235,0014-07-27 04:15:00,14,7,27,4,15,130,55,"01, PCE DU GENERAL FERRI",43.2776,5.39895,Nuit avec éclairage allumé,En agglomération,Hors intersection,Normale,Autre collision,,,,,,,,,,,5,2,1,1.0,6
201400015236,0014-07-31 16:30:00,14,7,31,16,30,130,55,"69, AVE DE LATTRE DE TAS",43.24661,5.40814,Plein jour,En agglomération,Hors intersection,Normale,Autre collision,,,,,,,,,,,1,2,1,1.0,6
201400015237,0014-07-23 18:35:00,14,7,23,18,35,130,55,"56, AVE DE FRAIS VALLON",43.32554,5.43051,Plein jour,En agglomération,Intersection en T,Normale,Deux véhicules - côté,,,,,,,,,,,1,2,3,1.0,3
201400015238,0014-07-28 15:00:00,14,7,28,15,0,130,55,"00, CHE DU LITTORAL",,,Plein jour,En agglomération,Hors intersection,Normale,Autre collision,,,,,,,,,,,1,2,1,1.0,6
201400015239,0014-07-28 19:00:00,14,7,28,19,0,130,55,"23, BD LAVERAN",43.32504,5.41478,Plein jour,En agglomération,Hors intersection,Normale,Deux véhicules - frontale,,,,,,,,,,,1,2,1,1.0,1
201400015240,0014-07-30 21:30:00,14,7,30,21,30,130,55,"347, AVE DE CHATEAU GOMB",43.35047,5.43201,Nuit avec éclairage allumé,En agglomération,Hors intersection,Normale,Autre collision,,,,,,,,,,,5,2,1,1.0,6
201400015241,0014-07-30 16:15:00,14,7,30,16,15,130,55,"40, AVE DE LA CROIX ROUG",43.33128,5.43258,Plein jour,En agglomération,Hors intersection,Normale,Deux véhicules - frontale,,,,,,,,,,,1,2,1,1.0,1
201400015242,0014-07-06 20:20:00,14,7,6,20,20,130,55,"162, VOI LA CANEBIERE",43.29878,5.38446,Plein jour,En agglomération,Hors intersection,Normale,Autre collision,,,,,,,,,,,1,2,1,1.0,6
201400015243,0014-07-30 13:30:00,14,7,30,13,30,130,55,"00, BD MARIUS THOMAS",43.28506,5.36,Plein jour,En agglomération,Intersection en X,Normale,Autre collision,,,,,,,,,,,1,2,2,1.0,6
201400015244,0014-07-31 18:10:00,14,7,31,18,10,130,55,"17, RUE DU CAMBODGE",43.28052,5.37513,Plein jour,En agglomération,Intersection en T,Normale,Deux véhicules - côté,,,,,,,,,,,1,2,3,1.0,3
201400015245,0014-07-10 12:20:00,14,7,10,12,20,130,55,"00, RUE DE CRIMEE",43.30903,5.37841,Plein jour,En agglomération,Intersection en X,Normale,Deux véhicules - côté,,,,,,,,,,,1,2,2,1.0,3
201400015246,0014-07-31 04:10:00,14,7,31,4,10,130,55,"160, AVE DU PRADO",43.27903,5.38732,Nuit avec éclairage allumé,En agglomération,Hors intersection,Normale,Deux véhicules - côté,,,,,,,,,,,5,2,1,1.0,3
201400015247,0014-08-05 15:00:00,14,8,5,15,0,130,55,"35, RUE ADOLPHE THIERS",43.29744,5.38539,Plein jour,En agglomération,Hors intersection,Normale,Autre collision,,,,,,,,,,,1,2,1,1.0,6
201400015248,0014-08-09 13:30:00,14,8,9,13,30,130,55,"255, AVE DU PRADO",43.27422,5.39067,Plein jour,En agglomération,Hors intersection,Normale,Autre collision,,,,,,,,,,,1,2,1,1.0,6
201400015249,0014-08-03 00:45:00,14,8,3,0,45,130,55,"200, COR PRESIDENT JOHN",43.26886,5.36909,Nuit avec éclairage allumé,En agglomération,Hors intersection,Temps couvert,Autre collision,,,,,,,,,,,5,2,1,8.0,6
201400015250,0014-08-05 08:00:00,14,8,5,8,0,130,55,"110, RUE SAINT PIERRE",43.29194,5.39348,Plein jour,En agglomération,Hors intersection,Normale,Autre collision,,,,,,,,,,,1,2,1,1.0,6
201400015251,0014-08-06 00:35:00,14,8,6,0,35,130,55,"36, BD JEAN MOULIN",43.2876,5.40031,Nuit avec éclairage allumé,En agglomération,Hors intersection,Normale,Sans collision,,,,,,,,,,,5,2,1,1.0,7
201400015252,0014-07-06 12:15:00,14,7,6,12,15,130,55,"83, PRO GEORGES POMPIDOU",43.26372,5.37391,Plein jour,En agglomération,Hors intersection,Normale,Autre collision,,,,,,,,,,,1,2,1,1.0,6
201400015253,0014-08-08 21:35:00,14,8,8,21,35,130,55,"38, AVE DE LA CROIX ROUG",43.33123,5.43236,Nuit avec éclairage allumé,En agglomération,Hors intersection,Normale,Trois véhicules et plus - collisions multiples,,,,,,,,,,,5,2,1,1.0,5
201400015254,0014-06-16 09:30:00,14,6,16,9,30,130,55,"00, AVE PAUL GAFFAREL",,,Plein jour,En agglomération,Hors intersection,Normale,Deux véhicules - côté,,,,,,,,,,,1,2,1,1.0,3
201400015255,0014-06-16 09:30:00,14,6,16,9,30,130,55,"01, AVE ARNAVON",,,Plein jour,En agglomération,Hors intersection,Normale,Deux véhicules - arrière,,,,,,,,,,,1,2,1,1.0,2
201400015256,0014-08-03 02:35:00,14,8,3,2,35,130,55,"01, RPT HENRI FRENAY",43.25449,5.3764,Nuit avec éclairage allumé,En agglomération,Hors intersection,Pluie forte,Sans collision,,,,,,,,,,,5,2,1,3.0,7
201400015257,0014-04-23 02:00:00,14,4,23,2,0,130,55,"222, AVE DE LA MADRAGUE",,,Nuit avec éclairage allumé,En agglomération,Hors intersection,Temps couvert,Autre collision,,,,,,,,,,,5,2,1,8.0,6
201400015258,0014-07-22 17:45:00,14,7,22,17,45,130,55,"21, AVE DE LA FOURRAGERE",43.29896,5.43066,Plein jour,En agglomération,Hors intersection,Normale,Autre collision,,,,,,,,,,,1,2,1,1.0,6
201400015259,0014-08-04 16:45:00,14,8,4,16,45,130,55,"68, RTE DES CAMOINS",43.29655,5.49586,Plein jour,Hors agglomération,Hors intersection,Normale,Autre collision,,,,,,,,,,,1,1,1,1.0,6
201400015260,0014-08-05 11:23:00,14,8,5,11,23,130,55,"125, AVE DU PRADO",43.2799,5.38749,Plein jour,En agglomération,Hors intersection,Normale,Autre collision,,,,,,,,,,,1,2,1,1.0,6
201400015261,0014-02-03 11:30:00,14,2,3,11,30,130,55,"237, RUE DE LYON",43.33344,5.36409,Plein jour,En agglomération,Intersection en T,Normale,Autre collision,,,,,,,,,,,1,2,3,1.0,6
201400015262,0014-03-28 18:30:00,14,3,28,18,30,130,55,"00, RPT 1ERE ARMEE FRANC",43.37353,5.35486,Crépuscule ou aube,En agglomération,Giratoire,Normale,Sans collision,,,,,,,,,,,2,2,6,1.0,7
201400015263,0014-05-27 14:45:00,14,5,27,14,45,130,55,"00, AVE DU MARCHE NATION",,,Plein jour,En agglomération,Hors intersection,Normale,Deux véhicules - arrière,,,,,,,,,,,1,2,1,1.0,2
201400015264,0014-08-02 23:00:00,14,8,2,23,0,130,55,"00, AVE DU CAP PINEDE RO",43.32871,5.36569,Nuit avec éclairage allumé,En agglomération,Giratoire,Pluie forte,Deux véhicules - côté,,,,,,,,,,,5,2,6,3.0,3
201400015265,0014-08-12 14:25:00,14,8,12,14,25,130,55,"326, AVE DE MONTOLIVET",43.31767,5.41754,Plein jour,En agglomération,Hors intersection,Normale,Autre collision,,,,,,,,,,,1,2,1,1.0,6
201400015266,0014-08-03 12:00:00,14,8,3,12,0,130,55,"34, BD DU CAPITAINE GEZE",43.33024,5.37008,Plein jour,En agglomération,Hors intersection,Normale,Autre collision,,,,,,,,,,,1,2,1,1.0,6
201400015267,0014-07-09 17:40:00,14,7,9,17,40,130,55,"551, AVE DE MAZARGUES",43.25413,5.39435,Plein jour,En agglomération,Intersection en T,Normale,Deux véhicules - frontale,,,,,,,,,,,1,2,3,1.0,1
201400015268,0014-07-26 15:50:00,14,7,26,15,50,130,55,"00, RPT IAN PALACH",,,Plein jour,En agglomération,Giratoire,Normale,Autre collision,,,,,,,,,,,1,2,6,1.0,6
201400015269,0014-07-31 17:50:00,14,7,31,17,50,130,55,"00, RPT M.LAUZE/FLORIAN",43.28584,5.42526,Plein jour,Hors agglomération,Giratoire,Normale,Autre collision,,,,,,,,,,,1,1,6,1.0,6
201400015270,0014-08-01 18:30:00,14,8,1,18,30,130,2,"00, QUATRE SAISONS (ROUT",,,Plein jour,En agglomération,Hors intersection,Normale,Autre collision,,,,,,,,,,,1,2,1,1.0,6
201400015271,0014-08-04 10:15:00,14,8,4,10,15,130,55,"19, AVE DE LA TIMONE",43.28552,5.40018,Plein jour,En agglomération,Hors intersection,Normale,Autre collision,,,,,,,,,,,1,2,1,1.0,6
201400015272,0014-08-07 08:40:00,14,8,7,8,40,130,55,"00, BD SCHLOESING",43.27017,5.40262,Plein jour,En agglomération,Intersection en T,Normale,Deux véhicules - arrière,,,,,,,,,,,1,2,3,1.0,2
201400015273,0014-08-02 17:15:00,14,8,2,17,15,130,55,"100, BD DE SAINT LOUP",43.28258,5.43167,Plein jour,En agglomération,Hors intersection,Normale,Autre collision,,,,,,,,,,,1,2,1,1.0,6
201400015274,0014-08-07 20:05:00,14,8,7,20,5,130,55,"00, PGE DE L' ESTAQUE",,,Plein jour,En agglomération,Hors intersection,Normale,Trois véhicules et plus - en chaîne,,,,,,,,,,,1,2,1,1.0,4
201400015275,0014-08-14 18:50:00,14,8,14,18,50,130,55,"100, AVE ROGER SALENGRO",43.31676,5.36913,Plein jour,En agglomération,Intersection en X,Normale,Deux véhicules - côté,,,,,,,,,,,1,2,2,1.0,3