accident_id,datetime,annee,mois,jour,heure,minute,departement,commune_insee,adresse,latitude,longitude,luminosite,agglomeration,intersection,meteo,collision,nb_vehicules,nb_usagers,nb_indemnes,nb_tues,nb_blesses_hosp,nb_blesses_legers,age_cond_1,age_cond_2,veh_type_cond_1,veh_type_cond_2,lum_code,agg_code,int_code,atm_code,col_code
201400015399,0014-08-21 15:45:00,14,8,21,15,45,130,55,"77, BD FRANCOISE DUPARC",43.30532,5.40077,Plein jour,En agglomération,Hors intersection,Normale,Autre collision,,,,,,,,,,,1,2,1,1.0,6
201400015400,0014-08-23 06:50:00,14,8,23,6,50,130,75,"33, MARECHAL JUIN (AVE D",43.35211,5.46093,Crépuscule ou aube,En agglomération,Hors intersection,Normale,Deux véhicules - arrière,,,,,,,,,,,2,2,1,1.0,2
201400015401,0014-08-28 14:30:00,14,8,28,14,30,130,55,"28, RUE ABBE DE L EPEE",43.29701,5.38879,Plein jour,En agglomération,Intersection en X,Normale,Deux véhicules - côté,,,,,,,,,,,1,2,2,1.0,3
201400015402,0014-09-03 18:00:00,14,9,3,18,0,130,55,"84, BD ODDO",43.32922,5.36554,Plein jour,En agglomération,Intersection en T,Normale,Deux véhicules - côté,,,,,,,,,,,1,2,3,1.0,3
201400015403,0014-09-04 07:50:00,14,9,4,7,50,130,55,"20, RUE LOUBON",43.31164,5.3787,Plein jour,En agglomération,Hors intersection,Normale,Autre collision,,,,,,,,,,,1,2,1,1.0,6
201400015404,0014-09-04 09:30:00,14,9,4,9,30,130,55,"89, BD DE STRASBOURG",43.30925,5.3787,Plein jour,En agglomération,Hors intersection,Normale,Autre collision,,,,,,,,,,,1,2,1,1.0,6
201400015405,0014-09-06 14:10:00,14,9,6,14,10,130,55,"00, RUE DE LA PETITE OUR",43.3418,5.37293,Plein jour,En agglomération,Hors intersection,Normale,Deux véhicules - côté,,,,,,,,,,,1,2,1,1.0,3
201400015406,0014-09-06 14:57:00,14,9,6,14,57,130,55,"360, CHE DE LA MADRAGUE",,,Plein jour,En agglomération,Hors intersection,Normale,Autre collision,,,,,,,,,,,1,2,1,1.0,6
201400015407,0014-09-06 17:30:00,14,9,6,17,30,130,55,"000, CHE DU CAP JANET",,,Plein jour,En agglomération,Hors intersection,Normale,Deux véhicules - frontale,,,,,,,,,,,1,2,1,1.0,1
201400015408,0014-07-05 15:15:00,14,7,5,15,15,130,55,"197, AVE PIERRE MENDES F",43.25182,5.37571,Plein jour,En agglomération,Hors intersection,Normale,Deux véhicules - arrière,,,,,,,,,,,1,2,1,1.0,2
201400015409,0014-09-03 16:40:00,14,9,3,16,40,130,55,"105, RUE FLORALIA",43.24535,5.38917,Plein jour,En agglomération,Hors intersection,Normale,Autre collision,,,,,,,,,,,1,2,1,1.0,6
201400015410,0014-09-05 22:20:00,14,9,5,22,20,130,55,"106, BD DE SAINT MARCEL",43.28859,5.46206,Nuit avec éclairage allumé,En agglomération,Hors intersection,Normale,Autre collision,,,,,,,,,,,5,2,1,1.0,6
201400015411,0014-09-01 10:30:00,14,9,1,10,30,130,55,"347, BD MICHELET",,,Plein jour,En agglomération,Hors intersection,Normale,Autre collision,,,,,,,,,,,1,2,1,1.0,6
201400015412,0014-09-16 18:40:00,14,9,16,18,40,130,55,"00, TUN TUNNEL ST CHARLE",,,Plein jour,En agglomération,Hors intersection,Normale,Autre collision,,,,,,,,,,,1,2,1,1.0,6
201400015413,0014-09-01 19:00:00,14,9,1,19,0,130,55,"349, BD ROMAIN ROLLAND",43.27133,5.40909,Plein jour,En agglomération,Intersection en X,Normale,Autre collision,,,,,,,,,,,1,2,2,1.0,6
201400015414,0014-09-03 18:30:00,14,9,3,18,30,130,55,"86, BD DE PONT DE VIVAUX",43.28065,5.42114,Plein jour,En agglomération,Hors intersection,Normale,Autre collision,,,,,,,,,,,1,2,1,1.0,6
201400015415,0014-09-05 19:00:00,14,9,5,19,0,130,55,"371, BD ROMAIN ROLLAND",43.2706,5.40747,Plein jour,En agglomération,Intersection en X,Normale,Deux véhicules - côté,,,,,,,,,,,1,2,2,1.0,3
201400015416,0014-09-06 09:55:00,14,9,6,9,55,130,55,"555, RUE SAINT PIERRE",43.29048,5.42028,Plein jour,En agglomération,Hors intersection,Normale,Trois véhicules et plus - en chaîne,,,,,,,,,,,1,2,1,1.0,4
201400015417,0014-08-26 17:20:00,14,8,26,17,20,130,55,"141, BD DE SAINT MARCEL",43.28803,5.46375,Plein jour,En agglomération,Hors intersection,Normale,Deux véhicules - arrière,,,,,,,,,,,1,2,1,1.0,2
201400015418,0014-08-27 17:40:00,14,8,27,17,40,130,55,"028, BD DE LA PADOUANE",43.35341,5.3664,Plein jour,En agglomération,Hors intersection,Normale,Autre collision,,,,,,,,,,,1,2,1,1.0,6
201400015419,0014-09-03 15:45:00,14,9,3,15,45,130,55,"12, PCE BOUGAINVILLE",,,Plein jour,En agglomération,Intersection en X,Normale,Autre collision,,,,,,,,,,,1,2,2,1.0,6
201400015420,0014-08-24 03:50:00,14,8,24,3,50,130,55,"66, VOI LA CANEBIERE",43.29711,5.37966,Nuit avec éclairage allumé,En agglomération,Hors intersection,Normale,Deux véhicules - arrière,,,,,,,,,,,5,2,1,1.0,2
201400015421,0014-06-10 14:15:00,14,6,10,14,15,130,55,"00, RUE BERNEX",43.30063,5.38833,Plein jour,En agglomération,Intersection en X,Normale,Deux véhicules - côté,,,,,,,,,,,1,2,2,1.0,3
201400015422,0014-08-28 13:11:00,14,8,28,13,11,130,55,"78, AVE DE LA CORSE",43.28936,5.3576,Plein jour,En agglomération,Intersection en X,Normale,Deux véhicules - frontale,,,,,,,,,,,1,2,2,1.0,1
201400015423,0014-09-07 14:00:00,14,9,7,14,0,130,55,"146, BD BAILLE",,,Plein jour,En agglomération,Hors intersection,Normale,Autre collision,,,,,,,,,,,1,2,1,1.0,6
201400015424,0014-08-27 19:45:00,14,8,27,19,45,130,55,"00, BD RICARD",43.31281,5.38449,Plein jour,En agglomération,Intersection en T,Normale,Autre collision,,,,,,,,,,,1,2,3,1.0,6
201400015425,0014-07-31 09:30:00,14,7,31,9,30,130,55,"67, AVE DE SAINT ANTOINE",43.3697,5.3563,Plein jour,En agglomération,Hors intersection,Normale,Deux véhicules - frontale,,,,,,,,,,,1,2,1,1.0,1
201400015426,0014-09-04 15:30:00,14,9,4,15,30,130,55,"27, AVE DU PRADO",43.28402,5.38479,Plein jour,En agglomération,Intersection en X,Normale,Deux véhicules - arrière,,,,,,,,,,,1,2,2,1.0,2
201400015427,0014-08-23 17:00:00,14,8,23,17,0,130,55,"00, AVE DE LA MADRAGUE D",43.23877,5.36517,Plein jour,En agglomération,Intersection en T,Normale,Autre collision,,,,,,,,,,,1,2,3,1.0,6
201400015428,0014-08-31 10:30:00,14,8,31,10,30,130,55,"00, COR PRESIDENT JOHN F",,,Plein jour,En agglomération,Hors intersection,Normale,Deux véhicules - arrière,,,,,,,,,,,1,2,1,1.0,2
201400015429,0014-09-04 11:50:00,14,9,4,11,50,130,55,"224, BD ROMAIN ROLLAND",43.27421,5.41465,Plein jour,En agglomération,Hors intersection,Normale,Deux véhicules - frontale,,,,,,,,,,,1,2,1,1.0,1
201400015430,0014-09-12 13:50:00,14,9,12,13,50,130,55,"01, RPT PROFESSEUR LOUIS",43.24665,5.43451,Plein jour,En agglomération,Hors intersection,Normale,Deux véhicules - arrière,,,,,,,,,,,1,2,1,1.0,2
201400015431,0014-09-09 10:10:00,14,9,9,10,10,130,55,"34, RUE DE LA CREDENCE",,,Plein jour,En agglomération,Hors intersection,Normale,Autre collision,,,,,,,,,,,1,2,1,1.0,6
201400015432,0014-09-09 10:00:00,14,9,9,10,0,130,55,"186, BD DE PARIS",,,Plein jour,En agglomération,Intersection en X,Normale,Deux véhicules - côté,,,,,,,,,,,1,2,2,1.0,3
201400015433,0014-09-09 17:05:00,14,9,9,17,5,130,55,"56, CHE DE GIBBES",,,Plein jour,En agglomération,Hors intersection,Normale,Autre collision,,,,,,,,,,,1,2,1,1.0,6
201400015434,0014-04-02 16:00:00,14,4,2,16,0,130,55,"01, TRA DE L HERMITAGE",43.36217,5.35732,Plein jour,En agglomération,Intersection en T,Normale,Deux véhicules - côté,,,,,,,,,,,1,2,3,1.0,3
201400015435,0014-09-17 21:35:00,14,9,17,21,35,130,55,"171, AVE DE LA VISTE",43.36504,5.35689,Nuit avec éclairage allumé,En agglomération,Hors intersection,Pluie forte,Trois véhicules et plus - en chaîne,,,,,,,,,,,5,2,1,3.0,4
201400015436,0014-09-04 20:00:00,14,9,4,20,0,130,55,"00, RUE ANDRE MAURIC",,,Nuit avec éclairage allumé,En agglomération,Hors intersection,Normale,Autre collision,,,,,,,,,,,5,2,1,1.0,6
201400015437,0014-09-04 17:00:00,14,9,4,17,0,130,55,"101, AVE DES OLIVES",43.32721,5.43666,Plein jour,En agglomération,Hors intersection,Normale,Autre collision,,,,,,,,,,,1,2,1,1.0,6
201400015438,0014-09-14 15:50:00,14,9,14,15,50,130,55,"160, RUE ALBERT EINSTEIN",43.33914,5.43981,Plein jour,En agglomération,Intersection en X,Normale,Deux véhicules - côté,,,,,,,,,,,1,2,2,1.0,3
201400015439,0014-09-13 15:30:00,14,9,13,15,30,130,55,"298, AVE DU VINGT QUATRE",43.30992,5.44163,Plein jour,En agglomération,Intersection en Y,Normale,Autre collision,,,,,,,,,,,1,2,4,1.0,6
201400015440,0014-09-15 07:50:00,14,9,15,7,50,130,55,"04, RUE MARIUS DUBOIS",43.27747,5.39936,Plein jour,En agglomération,Hors intersection,Pluie légère,Deux véhicules - arrière,,,,,,,,,,,1,2,1,2.0,2
201400015441,0014-09-11 16:00:00,14,9,11,16,0,130,55,"00, BD DANIELLE CASANOVA",,,Plein jour,En agglomération,Hors intersection,Normale,Deux véhicules - arrière,,,,,,,,,,,1,2,1,1.0,2
201400015442,0014-09-04 15:30:00,14,9,4,15,30,130,2,"01, GUERIDON (CHEMIN  DU",43.33186,5.48655,Plein jour,En agglomération,Giratoire,Normale,Sans collision,,,,,,,,,,,1,2,6,1.0,7
201400015443,0014-09-08 10:40:00,14,9,8,10,40,130,55,"765, CHE DU LITTORAL",43.35695,5.3273,Plein jour,En agglomération,Hors intersection,Normale,Deux véhicules - arrière,,,,,,,,,,,1,2,1,1.0,2
201400015444,0014-09-18 16:31:00,14,9,18,16,31,130,55,"36, BD CHARLES LIVON",43.29225,5.36055,Plein jour,En agglomération,Hors intersection,Normale,Autre collision,,,,,,,,,,,1,2,1,1.0,6
201400015445,0014-09-18 15:49:00,14,9,18,15,49,130,55,"00, BD SAKAKINI",,,Plein jour,En agglomération,Hors intersection,Normale,Autre collision,,,,,,,,,,,1,2,1,1.0,6
201400015446,0014-09-21 07:00:00,14,9,21,7,0,130,55,"176, AVE JULES CANTINI",43.27945,5.39559,Crépuscule ou aube,En agglomération,Hors intersection,Normale,Sans collision,,,,,,,,,,,2,2,1,1.0,7
201400015447,0014-09-22 11:45:00,14,9,22,11,45,130,55,"47, RUE LE CHATELIER",43.34825,5.36248,Plein jour,En agglomération,Intersection en X,Normale,Autre collision,,,,,,,,,,,1,2,2,1.0,6
201400015448,0014-09-09 10:30:00,14,9,9,10,30,130,55,"469, RUE PARADIS",43.27281,5.3855,Plein jour,En agglomération,Hors intersection,Normale,Autre collision,,,,,,,,,,,1,2,1,1.0,6
201400015449,0014-09-11 13:15:00,14,9,11,13,15,130,55,"94, RUE D AUBAGNE",43.29357,5.38178,Plein jour,En agglomération,Hors intersection,Normale,Autre collision,,,,,,,,,,,1,2,1,1.0,6
201400015450,0014-08-31 18:10:00,14,8,31,18,10,130,55,"11, BD DE LA POMME",,,Plein jour,En agglomération,Hors intersection,Normale,Deux véhicules - arrière,,,,,,,,,,,1,2,1,1.0,2
201400015451,0014-06-08 01:45:00,14,6,8,1,45,130,55,"44, AVE MARIE JEANNE BER",43.29395,5.48791,Nuit avec éclairage allumé,En agglomération,Hors intersection,Normale,Autre collision,,,,,,,,,,,5,2,1,1.0,6
201400015452,0014-09-06 21:52:00,14,9,6,21,52,130,55,"18, TRA DES QUATRE CHEMI",43.31572,5.422,Plein jour,En agglomération,Hors intersection,Normale,Autre collision,,,,,,,,,,,1,2,1,1.0,6
201400015453,0014-09-07 22:00:00,14,9,7,22,0,130,55,"55, AVE DU VINGT QUATRE",43.30797,5.43056,Nuit avec éclairage allumé,En agglomération,Hors intersection,Normale,Deux véhicules - arrière,,,,,,,,,,,5,2,1,1.0,2
201400015454,0014-09-08 09:15:00,14,9,8,9,15,130,55,"99, RTE DES CAMOINS",43.29806,5.49813,Plein jour,En agglomération,Hors intersection,Normale,Sans collision,,,,,,,,,,,1,2,1,1.0,7
201400015455,0014-09-11 19:35:00,14,9,11,19,35,130,55,"00, AVE DE SAINT BARNABE",43.30428,5.41307,Plein jour,En agglomération,Intersection en X,Normale,Deux véhicules - côté,,,,,,,,,,,1,2,2,1.0,3
201400015456,0014-09-04 05:30:00,14,9,4,5,30,130,55,"96, RUE DE LYON",43.32644,5.36654,Nuit avec éclairage allumé,En agglomération,Hors intersection,Normale,Autre collision,,,,,,,,,,,5,2,1,1.0,6
201400015457,0014-09-01 17:45:00,14,9,1,17,45,130,55,"249, AVE DES AYGALADES",43.35213,5.36545,Plein jour,En agglomération,Hors intersection,Normale,Deux véhicules - frontale,,,,,,,,,,,1,2,1,1.0,1
201400015458,0014-09-01 06:50:00,14,9,1,6,50,130,55,"01, RUE DU CARGO RHIN FI",43.32731,5.35531,Plein jour,En agglomération,Hors intersection,Normale,Autre collision,,,,,,,,,,,1,2,1,1.0,6
201400015459,0014-09-15 11:00:00,14,9,15,11,0,130,55,"107, BD JEANNE D' ARC",43.29297,5.40633,Plein jour,En agglomération,Hors intersection,Normale,Autre collision,,,,,,,,,,,1,2,1,1.0,6
201400015460,0014-09-05 10:15:00,14,9,5,10,15,130,55,"81, BD DE SAINT LOUP",43.28274,5.43208,Plein jour,En agglomération,Hors intersection,Normale,Sans collision,,,,,,,,,,,1,2,1,1.0,7
201400015461,0014-09-13 10:50:00,14,9,13,10,50,130,55,"147, CR DES PRUD' HOMMES",,,Plein jour,En agglomération,Hors intersection,Normale,Sans collision,,,,,,,,,,,1,2,1,1.0,7
201400015462,0014-08-29 17:30:00,14,8,29,17,30,130,55,"24, BD SCHLOESING",43.27431,5.40001,Plein jour,En agglomération,Hors intersection,Normale,Deux véhicules - arrière,,,,,,,,,,,1,2,1,1.0,2
201400015463,0014-09-11 09:55:00,14,9,11,9,55,130,106,"00, BEDOULE (CHEMIN DE L",,,Plein jour,En agglomération,Hors intersection,Normale,Autre collision,,,,,,,,,,,1,2,1,1.0,6
201400015464,0014-09-12 08:00:00,14,9,12,8,0,130,55,"96, AVE DE LA CAPELETTE",43.2814,5.40506,Plein jour,En agglomération,Intersection en T,Normale,Deux véhicules - frontale,,,,,,,,,,,1,2,3,1.0,1
201400015465,0014-09-06 16:50:00,14,9,6,16,50,130,55,"00, BD MICHELET",,,Plein jour,En agglomération,Hors intersection,Normale,Autre collision,,,,,,,,,,,1,2,1,1.0,6
201400015466,0014-07-21 20:40:00,14,7,21,20,40,130,55,"325, BD ROMAIN ROLLAND",43.27191,5.4102,Plein jour,En agglomération,Hors intersection,Normale,Deux véhicules - arrière,,,,,,,,,,,1,2,1,1.0,2
201400015467,0014-09-02 14:00:00,14,9,2,14,0,130,55,"00, BD DE LA POMME",43.29326,5.45506,Plein jour,En agglomération,Intersection en T,Normale,Autre collision,,,,,,,,,,,1,2,3,1.0,6
201400015468,0014-09-08 12:00:00,14,9,8,12,0,130,55,"45, RUE D ENDOUME",43.28886,5.36652,Plein jour,En agglomération,Hors intersection,Normale,Autre collision,,,,,,,,,,,1,2,1,1.0,6
201400015469,0014-08-18 15:10:00,14,8,18,15,10,130,55,"207, BD DE SAINT MARCEL",43.28677,5.46731,Plein jour,En agglomération,Hors intersection,Normale,Sans collision,,,,,,,,,,,1,2,1,1.0,7
201400015470,0014-09-17 06:00:00,14,9,17,6,0,130,55,"49/55, AVE DU DOCTEUR HE",43.28739,5.442,Nuit avec éclairage allumé,En agglomération,Hors intersection,Normale,Deux véhicules - frontale,,,,,,,,,,,5,2,1,1.0,1
201400015471,0014-09-22 16:55:00,14,9,22,16,55,130,55,"11, QAI DES BELGES",43.29464,5.37456,Plein jour,En agglomération,Hors intersection,Normale,Autre collision,,,,,,,,,,,1,2,1,1.0,6
201400015472,0014-09-16 06:30:00,14,9,16,6,30,130,55,"363, RUE PARADIS",43.2772,5.38366,Plein jour,En agglomération,Hors intersection,Normale,Autre collision,,,,,,,,,,,1,2,1,1.0,6
201400015473,0014-09-06 11:30:00,14,9,6,11,30,130,55,"00, AVE ANDRE ZENATTI",,,Plein jour,En agglomération,Hors intersection,Normale,Deux véhicules - arrière,,,,,,,,,,,1,2,1,1.0,2
201400015474,0014-09-08 14:45:00,14,9,8,14,45,130,55,"61, AVE ROGER SALENGRO",43.31239,5.3719,Plein jour,En agglomération,Hors intersection,Normale,Deux véhicules - arrière,,,,,,,,,,,1,2,1,1.0,2
201400015475,0014-09-09 20:00:00,14,9,9,20,0,130,55,"55, SQ DE LA COMETE",43.34446,5.37308,Crépuscule ou aube,En agglomération,Hors intersection,Normale,Autre collision,,,,,,,,,,,2,2,1,1.0,6
201400015476,0014-09-12 16:00:00,14,9,12,16,0,130,55,"00, AVE MILLIE MATHYS",,,Plein jour,En agglomération,Hors intersection,Normale,Sans collision,,,,,,,,,,,1,2,1,1.0,7
201400015477,0014-09-13 13:45:00,14,9,13,13,45,130,55,"07, BD DE BRIANCON",43.3169,5.36955,Plein jour,En agglomération,Intersection en T,Normale,Deux véhicules - côté,,,,,,,,,,,1,2,3,1.0,3
201400015478,0014-09-13 18:15:00,14,9,13,18,15,130,55,"101, CHE DE SAINTE MARTH",,,Plein jour,En agglomération,Hors intersection,Normale,Autre collision,,,,,,,,,,,1,2,1,1.0,6
201400015479,0014-09-18 12:50:00,14,9,18,12,50,130,55,"12, BD DE PARIS",43.306,5.37238,Plein jour,En agglomération,Hors intersection,Normale,Autre collision,,,,,,,,,,,1,2,1,1.0,6
201400015480,0014-09-19 20:30:00,14,9,19,20,30,130,55,"00, AVE DE LA FOURRAGERE",,,Nuit avec éclairage allumé,En agglomération,Hors intersection,Normale,Sans collision,,,,,,,,,,,5,2,1,1.0,7
201400015481,0014-09-24 16:55:00,14,9,24,16,55,130,55,"033, VSN MARECHAL JUIN F",,,Plein jour,En agglomération,Hors intersection,Normale,Autre collision,,,,,,,,,,,1,2,1,1.0,6
201400015482,0014-09-09 17:20:00,14,9,9,17,20,130,55,"32, CRS LIEUTAUD",43.29428,5.38202,Plein jour,En agglomération,Hors intersection,Normale,Autre collision,,,,,,,,,,,1,2,1,1.0,6
201400015483,0014-09-12 09:00:00,14,9,12,9,0,130,55,"84, RUE DE LODI",43.28861,5.38793,Plein jour,En agglomération,Intersection en T,Normale,Deux véhicules - côté,,,,,,,,,,,1,2,3,1.0,3
201400015484,0014-09-19 15:30:00,14,9,19,15,30,130,55,"142, CRS LIEUTAUD",43.28859,5.38434,Plein jour,En agglomération,Hors intersection,Normale,Autre collision,,,,,,,,,,,1,2,1,1.0,6
201400015485,0014-09-09 07:10:00,14,9,9,7,10,130,55,"03, AVE CAMILLE PELLETAN",43.30261,5.37431,Plein jour,En agglomération,Hors intersection,Normale,Deux véhicules - arrière,,,,,,,,,,,1,2,1,1.0,2
201400015486,0014-09-09 10:15:00,14,9,9,10,15,130,55,"121, CHE DE SAINTE MARTH",43.32516,5.38824,Plein jour,En agglomération,Hors intersection,Normale,Trois véhicules et plus - en chaîne,,,,,,,,,,,1,2,1,1.0,4
201400015487,0014-09-09 14:30:00,14,9,9,14,30,130,55,"297, AVE DE SAINT ANTOIN",43.3767,5.3563,Plein jour,En agglomération,Hors intersection,Normale,Autre collision,,,,,,,,,,,1,2,1,1.0,6
201400015488,0014-09-20 18:20:00,14,9,20,18,20,130,55,"67, AVE DE FRAIS VALLON",43.32539,5.4294,Plein jour,En agglomération,Hors intersection,Normale,Autre collision,,,,,,,,,,,1,2,1,1.0,6
201400015489,0014-09-16 16:30:00,14,9,16,16,30,130,55,"07, RUE EMILE ZOLA",43.24789,5.39985,Plein jour,En agglomération,Hors intersection,Normale,Deux véhicules - frontale,,,,,,,,,,,1,2,1,1.0,1
201400015490,0014-09-19 08:00:00,14,9,19,8,0,130,55,"114, BD MIREILLE LAUZE",43.28153,5.41107,Plein jour,En agglomération,Hors intersection,Normale,Trois véhicules et plus - en chaîne,,,,,,,,,,,1,2,1,1.0,4
201400015491,0014-02-28 05:15:00,14,2,28,5,15,130,55,"62, AVE JULES CANTINI",43.28268,5.3896,Nuit sans éclairage public,En agglomération,Hors intersection,Temps couvert,Sans collision,,,,,,,,,,,3,2,1,8.0,7
201400015492,0014-08-01 09:30:00,14,8,1,9,30,130,55,"01, PIERRE CHEVALIER (RU",43.29529,5.42537,Plein jour,En agglomération,Hors intersection,Normale,Sans collision,,,,,,,,,,,1,2,1,1.0,7
201400015493,0014-09-04 19:00:00,14,9,4,19,0,130,55,"210, RUE PIERRE DOIZE",43.27271,5.42815,Plein jour,En agglomération,Hors intersection,Normale,Sans collision,,,,,,,,,,,1,2,1,1.0,7
201400015494,0014-09-15 12:10:00,14,9,15,12,10,130,2,"0, ENCO DE BOTTE (ROUTE",,,Plein jour,En agglomération,Hors intersection,Normale,Autre collision,,,,,,,,,,,1,2,1,1.0,6
201400015495,0014-09-16 16:10:00,14,9,16,16,10,130,55,"168, AVE DE SAINT JULIEN",43.30763,5.42546,Plein jour,En agglomération,Intersection en X,Normale,Autre collision,,,,,,,,,,,1,2,2,1.0,6
201400015496,0014-09-18 10:55:00,14,9,18,10,55,130,55,"219, AVE DE CHATEAU GOMB",43.34575,5.42472,Plein jour,En agglomération,Hors intersection,Normale,Deux véhicules - arrière,,,,,,,,,,,1,2,1,1.0,2
201400015497,0014-09-18 13:30:00,14,9,18,13,30,130,55,"122, RUE DE LYON",43.32721,5.36626,Plein jour,En agglomération,Hors intersection,Normale,Sans collision,,,,,,,,,,,1,2,1,1.0,7
201400015498,0014-09-29 17:00:00,14,9,29,17,0,130,55,"168, AVE DE LA ROSE",43.32861,5.42625,Plein jour,En agglomération,Hors intersection,Temps couvert,Autre collision,,,,,,,,,,,1,2,1,8.0,6
201400015499,0014-09-29 18:30:00,14,9,29,18,30,130,55,"78, BD NATIONAL",43.30602,5.38356,Plein jour,En agglomération,Hors intersection,Normale,Sans collision,,,,,,,,,,,1,2,1,1.0,7
201400015500,0014-08-19 19:20:00,14,8,19,19,20,130,55,"04, RUE DES DOMINICAINES",43.29999,5.37619,Plein jour,En agglomération,Hors intersection,Normale,Autre collision,,,,,,,,,,,1,2,1,1.0,6
201400015501,0014-09-13 11:10:00,14,9,13,11,10,130,55,"06, BD D ATHENES",43.29918,5.38088,Plein jour,En agglomération,Hors intersection,Normale,Autre collision,,,,,,,,,,,1,2,1,1.0,6
201400015502,0014-09-30 16:30:00,14,9,30,16,30,130,55,"80, AVE ALEXANDRE ANSALD",43.33089,5.40591,Plein jour,En agglomération,Hors intersection,Pluie forte,Autre collision,,,,,,,,,,,1,2,1,3.0,6
201400015503,0014-09-17 15:35:00,14,9,17,15,35,130,55,AVE DE MAZARGUES,43.26143,5.39358,Plein jour,En agglomération,Intersection en T,Normale,Deux véhicules - frontale,,,,,,,,,,,1,2,3,1.0,1
201400015504,0014-09-23 21:20:00,14,9,23,21,20,130,55,"70, AVE DE MAZARGUES",43.26812,5.38898,Nuit avec éclairage allumé,En agglomération,Hors intersection,Pluie légère,Sans collision,,,,,,,,,,,5,2,1,2.0,7
201400015505,0014-09-18 20:00:00,14,9,18,20,0,130,55,"00, AVE DE MAZARGUES",43.24762,5.40046,Nuit sans éclairage public,En agglomération,Place,Normale,Autre collision,,,,,,,,,,,3,2,7,1.0,6
201400015506,0014-09-19 07:15:00,14,9,19,7,15,130,55,"239, CV DE MORGIOU",43.23323,5.41253,Plein jour,En agglomération,Hors intersection,Temps couvert,Autre collision,,,,,,,,,,,1,2,1,8.0,6
201400015507,0014-09-20 13:00:00,14,9,20,13,0,130,55,"02, AVE DE BONNEVEINE",,,Plein jour,En agglomération,Hors intersection,Normale,Autre collision,,,,,,,,,,,1,2,1,1.0,6
201400015508,0014-09-22 17:30:00,14,9,22,17,30,130,55,"131, AVE DU PRADO",43.27958,5.38766,Plein jour,Hors agglomération,Hors intersection,Normale,Autre collision,,,,,,,,,,,1,1,1,1.0,6
201400015509,0014-09-11 17:30:00,14,9,11,17,30,130,55,"02, RUE PIERRE DRAVET",43.28886,5.46145,Plein jour,En agglomération,Hors intersection,Normale,Autre collision,,,,,,,,,,,1,2,1,1.0,6
201400015510,0014-09-17 11:00:00,14,9,17,11,0,130,55,"00, BD DE LA POMME",,,Plein jour,En agglomération,Hors intersection,Normale,Autre collision,,,,,,,,,,,1,2,1,1.0,6
201400015511,0014-09-20 13:45:00,14,9,20,13,45,130,55,"68, BD DE PLOMBIERES",43.31605,5.38466,Plein jour,En agglomération,Hors intersection,Normale,Autre collision,,,,,,,,,,,1,2,1,1.0,6
201400015512,0014-09-23 18:05:00,14,9,23,18,5,130,55,"00, AVE ALEXANDRE FLEMIN",,,Plein jour,En agglomération,Hors intersection,Normale,Autre collision,,,,,,,,,,,1,2,1,1.0,6
201400015513,0014-09-03 11:10:00,14,9,3,11,10,130,55,"134, BD DE PONT DE VIVAU",43.28157,5.42365,Plein jour,Hors agglomération,Intersection en T,Normale,Deux véhicules - frontale,,,,,,,,,,,1,1,3,1.0,1
201400015514,0014-09-11 14:25:00,14,9,11,14,25,130,2,"314, ETIENNE CUCCA-CD908",43.36088,5.49399,Plein jour,En agglomération,Hors intersection,Normale,Autre collision,,,,,,,,,,,1,2,1,1.0,6
201400015515,0014-09-17 18:25:00,14,9,17,18,25,130,75,"17, LOUIS PASTEUR (AVE)",43.35093,5.46818,Plein jour,En agglomération,Hors intersection,Normale,Autre collision,,,,,,,,,,,1,2,1,1.0,6
201400015516,0014-08-24 13:40:00,14,8,24,13,40,130,55,"01, PCE DES MARSEILLAISE",43.30137,5.37988,Plein jour,En agglomération,Hors intersection,Normale,Autre collision,,,,,,,,,,,1,2,1,1.0,6
201400015517,0014-08-24 18:50:00,14,8,24,18,50,130,55,"44, CRS FRANKLIN ROOSEVE",43.29896,5.38815,Plein jour,En agglomération,Intersection en X,Normale,Autre collision,,,,,,,,,,,1,2,2,1.0,6
201400015518,0014-09-07 07:00:00,14,9,7,7,0,130,55,"02, RAM SAINT MAURICE",,,Plein jour,En agglomération,Hors intersection,Normale,Sans collision,,,,,,,,,,,1,2,1,1.0,7
201400015519,0014-09-21 14:45:00,14,9,21,14,45,130,55,"139, AVE CAMILLE PELLETA",43.30804,5.37394,Plein jour,En agglomération,Hors intersection,Normale,Autre collision,,,,,,,,,,,1,2,1,1.0,6
201400015520,0014-08-25 19:00:00,14,8,25,19,0,130,55,"270, BD PAUL CLAUDEL",43.26976,5.42189,Plein jour,En agglomération,Hors intersection,Normale,Autre collision,,,,,,,,,,,1,2,1,1.0,6
201400015521,0014-09-22 19:54:00,14,9,22,19,54,130,55,"09, TRA PETROCCOCHINO",43.25214,5.38395,Crépuscule ou aube,En agglomération,Intersection en T,Normale,Autre collision,,,,,,,,,,,2,2,3,1.0,6
201400015522,0014-09-16 16:05:00,14,9,16,16,5,130,55,"00, RPT PERE WRESINKI",,,Plein jour,En agglomération,Giratoire,Normale,Deux véhicules - frontale,,,,,,,,,,,1,2,6,1.0,1
201400015523,0014-06-22 00:01:00,14,6,22,0,1,130,55,"546, AVE DU PRADO",43.26433,5.37822,Nuit avec éclairage allumé,En agglomération,Hors intersection,Normale,Autre collision,,,,,,,,,,,5,2,1,1.0,6