accident_id,datetime,annee,mois,jour,heure,minute,departement,commune_insee,adresse,latitude,longitude,luminosite,agglomeration,intersection,meteo,collision,nb_vehicules,nb_usagers,nb_indemnes,nb_tues,nb_blesses_hosp,nb_blesses_legers,age_cond_1,age_cond_2,veh_type_cond_1,veh_type_cond_2,lum_code,agg_code,int_code,atm_code,col_code
201400015769,0014-11-07 12:30:00,14,11,7,12,30,130,55,"69, AVE D' HAIFA",43.25109,5.39019,Plein jour,En agglomération,Hors intersection,Normale,Autre collision,,,,,,,,,,,1,2,1,1.0,6
201400015770,0014-09-30 09:30:00,14,9,30,9,30,130,55,"148, RUE BRETEUIL",43.2841,5.37834,Plein jour,En agglomération,Hors intersection,Normale,Autre collision,,,,,,,,,,,1,2,1,1.0,6
201400015771,0014-10-30 17:15:00,14,10,30,17,15,130,55,"25, CRS GOUFFE",43.28597,5.3876,Plein jour,En agglomération,Hors intersection,Normale,Autre collision,,,,,,,,,,,1,2,1,1.0,6
201400015772,0014-07-05 01:00:00,14,7,5,1,0,130,55,"331, COR PRESIDENT JOHN",43.27331,5.36274,Nuit avec éclairage allumé,En agglomération,Hors intersection,Normale,Autre collision,,,,,,,,,,,5,2,1,1.0,6
201400015773,0014-11-09 14:30:00,14,11,9,14,30,130,55,"40, CHE DES BAUMILLONS",43.38151,5.36786,Plein jour,En agglomération,Hors intersection,Pluie légère,Autre collision,,,,,,,,,,,1,2,1,2.0,6
201400015774,0014-09-30 20:15:00,14,9,30,20,15,130,55,"153, AVE DE SAINT LOUIS",43.34845,5.35894,Crépuscule ou aube,En agglomération,Hors intersection,Normale,Autre collision,,,,,,,,,,,2,2,1,1.0,6
201400015775,0014-10-25 09:30:00,14,10,25,9,30,130,55,"120, BD LOUIS VILLECROZE",43.32227,5.3922,Plein jour,En agglomération,Intersection en T,Normale,Autre collision,,,,,,,,,,,1,2,3,1.0,6
201400015776,0014-11-01 21:30:00,14,11,1,21,30,130,55,"202, BD DE LA VALBARELLE",43.2886,5.45495,Nuit avec éclairage allumé,En agglomération,Hors intersection,Normale,Sans collision,,,,,,,,,,,5,2,1,1.0,7
201400015777,0014-10-30 13:20:00,14,10,30,13,20,130,55,"00, BD SCHLOESING",,,Plein jour,En agglomération,Hors intersection,Normale,Sans collision,,,,,,,,,,,1,2,1,1.0,7
201400015778,0014-11-01 14:25:00,14,11,1,14,25,130,55,"56, AVE JULES CANTINI",43.28309,5.38881,Plein jour,En agglomération,Hors intersection,Normale,Sans collision,,,,,,,,,,,1,2,1,1.0,7
201400015779,0014-10-13 16:10:00,14,10,13,16,10,130,55,"47, CRS LIEUTAUD",43.29255,5.38261,Plein jour,En agglomération,Hors intersection,Normale,Autre collision,,,,,,,,,,,1,2,1,1.0,6
201400015780,0014-10-29 17:00:00,14,10,29,17,0,130,55,"00, BD CHARLES MORETTI",,,Plein jour,En agglomération,Hors intersection,Normale,Autre collision,,,,,,,,,,,1,2,1,1.0,6
201400015781,0014-10-26 19:10:00,14,10,26,19,10,130,55,"72, BD NATIONAL",43.30573,5.38385,Nuit avec éclairage allumé,En agglomération,Hors intersection,Normale,Autre collision,,,,,,,,,,,5,2,1,1.0,6
201400015782,0014-10-27 09:00:00,14,10,27,9,0,130,55,"00, RUE PARADIS",,,Plein jour,En agglomération,Hors intersection,Normale,Autre collision,,,,,,,,,,,1,2,1,1.0,6
201400015783,0014-11-03 18:50:00,14,11,3,18,50,130,55,"00, TRA DE CHANTE PERDRI",,,Crépuscule ou aube,En agglomération,Hors intersection,Normale,Deux véhicules - frontale,,,,,,,,,,,2,2,1,1.0,1
201400015784,0014-11-03 05:50:00,14,11,3,5,50,130,55,"02, AVE DU MARCHE NATION",43.34108,5.37723,Nuit avec éclairage allumé,En agglomération,Intersection en X,Pluie légère,Deux véhicules - côté,,,,,,,,,,,5,2,2,2.0,3
201400015785,0014-10-31 17:55:00,14,10,31,17,55,130,55,"00, CHE DE SAINT ANTOINE",,,Plein jour,En agglomération,Hors intersection,Normale,Deux véhicules - arrière,,,,,,,,,,,1,2,1,1.0,2
201400015786,0014-11-01 19:20:00,14,11,1,19,20,130,55,"01, RUE DE L' OLIVIER",43.29449,5.38695,Nuit avec éclairage allumé,En agglomération,Hors intersection,Normale,Autre collision,,,,,,,,,,,5,2,1,1.0,6
201400015787,0014-10-28 12:15:00,14,10,28,12,15,130,55,"17, BD GARIBALDI",43.29641,5.38137,Plein jour,En agglomération,Hors intersection,Normale,Autre collision,,,,,,,,,,,1,2,1,1.0,6
201400015788,0014-11-02 22:10:00,14,11,2,22,10,130,75,"143, ANDRE BAILLET (RUE)",,,Nuit avec éclairage allumé,En agglomération,Hors intersection,Normale,Autre collision,,,,,,,,,,,5,2,1,1.0,6
201400015789,0014-09-01 10:30:00,14,9,1,10,30,130,55,"236, AVE DE MONTOLIVET",43.3144,5.41389,Plein jour,En agglomération,Hors intersection,Normale,Autre collision,,,,,,,,,,,1,2,1,1.0,6
201400015790,0014-09-18 10:30:00,14,9,18,10,30,130,55,"10, RUE DE LA REPUBLIQUE",43.29692,5.3736,Plein jour,En agglomération,Intersection en X,Normale,Deux véhicules - côté,,,,,,,,,,,1,2,2,1.0,3
201400015791,0014-10-06 07:15:00,14,10,6,7,15,130,55,"17, CHE DU VALLON VERT",43.33507,5.45274,Plein jour,En agglomération,Hors intersection,Normale,Autre collision,,,,,,,,,,,1,2,1,1.0,6
201400015792,0014-09-25 10:10:00,14,9,25,10,10,130,55,"01, RPT DU PRADO",43.27247,5.39129,Plein jour,En agglomération,Hors intersection,Normale,Autre collision,,,,,,,,,,,1,2,1,1.0,6
201400015793,0014-10-29 11:30:00,14,10,29,11,30,130,55,"546, BD MIREILLE LAUZE",43.28871,5.4362,Plein jour,En agglomération,Hors intersection,Normale,Autre collision,,,,,,,,,,,1,2,1,1.0,6
201400015794,0014-10-15 13:30:00,14,10,15,13,30,130,2,"563, SALVATORE ALLENDE (",43.3525,5.48143,Plein jour,En agglomération,Hors intersection,Normale,Trois véhicules et plus - en chaîne,,,,,,,,,,,1,2,1,1.0,4
201400015795,0014-10-05 18:50:00,14,10,5,18,50,130,55,"56, BD DE LA VALBARELLE",43.28689,5.44556,Nuit avec éclairage allumé,En agglomération,Hors intersection,Normale,Autre collision,,,,,,,,,,,5,2,1,1.0,6
201400015796,0014-09-20 07:40:00,14,9,20,7,40,130,55,"192, BD DU REDON",43.24961,5.42258,Plein jour,En agglomération,Intersection en T,Temps couvert,Deux véhicules - côté,,,,,,,,,,,1,2,3,8.0,3
201400015797,0014-10-30 15:10:00,14,10,30,15,10,130,55,"00, RUE DU ROUET",43.27612,5.39496,Plein jour,En agglomération,Intersection en X,Normale,Deux véhicules - côté,,,,,,,,,,,1,2,2,1.0,3
201400015798,0014-10-28 15:45:00,14,10,28,15,45,130,55,"28, BD DE LA CARTONNERIE",43.29162,5.46064,Plein jour,En agglomération,Hors intersection,Normale,Deux véhicules - arrière,,,,,,,,,,,1,2,1,1.0,2
201400015799,0014-09-25 10:05:00,14,9,25,10,5,130,55,"218, CHE DE L ARMEE D AF",43.28673,5.41436,Plein jour,En agglomération,Hors intersection,Normale,Autre collision,,,,,,,,,,,1,2,1,1.0,6
201400015800,0014-10-29 16:30:00,14,10,29,16,30,130,55,"46, BD DE LA CARTONNERIE",43.29126,5.46165,Plein jour,En agglomération,Hors intersection,Normale,Deux véhicules - arrière,,,,,,,,,,,1,2,1,1.0,2
201400015801,0014-10-20 14:45:00,14,10,20,14,45,130,55,"01, RPT DE MAZARGUES",43.25075,5.40355,Plein jour,En agglomération,Giratoire,Normale,Autre collision,,,,,,,,,,,1,2,6,1.0,6
201400015802,0014-10-30 08:15:00,14,10,30,8,15,130,55,"21, AVE DE LA CAPELETTE",43.28362,5.39968,Plein jour,En agglomération,Intersection en T,Temps éblouissant,Autre collision,,,,,,,,,,,1,2,3,7.0,6
201400015803,0014-10-28 06:30:00,14,10,28,6,30,130,55,"55, RTE DES CAMOINS",43.29705,5.49404,Nuit avec éclairage allumé,En agglomération,Hors intersection,Normale,Autre collision,,,,,,,,,,,5,2,1,1.0,6
201400015804,0014-10-29 20:20:00,14,10,29,20,20,130,55,"30, BD SCHLOESING",43.27323,5.40055,Nuit avec éclairage allumé,En agglomération,Hors intersection,Normale,Autre collision,,,,,,,,,,,5,2,1,1.0,6
201400015805,0014-10-30 17:25:00,14,10,30,17,25,130,2,"409, ANTOINE CAMOIN (CHE",43.33064,5.45975,Plein jour,En agglomération,Hors intersection,Normale,Deux véhicules - frontale,,,,,,,,,,,1,2,1,1.0,1
201400015806,0014-11-15 14:30:00,14,11,15,14,30,130,55,RTE LEON LACHAMP,,,Plein jour,Hors agglomération,Hors intersection,Normale,Autre collision,,,,,,,,,,,1,1,1,1.0,6
201400015807,0014-10-17 19:15:00,14,10,17,19,15,130,55,"00, CV DU RUISSEAU MIRAB",,,Nuit avec éclairage allumé,En agglomération,Hors intersection,Normale,Deux véhicules - frontale,,,,,,,,,,,5,2,1,1.0,1
201400015808,0014-11-01 14:40:00,14,11,1,14,40,130,55,"00, AVE ARNAVON",,,Plein jour,En agglomération,Hors intersection,Normale,Deux véhicules - arrière,,,,,,,,,,,1,2,1,1.0,2
201400015809,0014-11-07 08:30:00,14,11,7,8,30,130,55,"582, CHE DU LITTORAL",43.35383,5.33195,Plein jour,En agglomération,Hors intersection,Normale,Autre collision,,,,,,,,,,,1,2,1,1.0,6
201400015810,0014-07-28 22:30:00,14,7,28,22,30,130,55,"00, CHE DE SAINT ANTOINE",43.36375,5.36136,Nuit avec éclairage allumé,En agglomération,Intersection en T,Normale,Deux véhicules - côté,,,,,,,,,,,5,2,3,1.0,3
201400015811,0014-11-08 15:55:00,14,11,8,15,55,130,55,"00, BD PIERRE MENARD",,,Plein jour,En agglomération,Hors intersection,Normale,Autre collision,,,,,,,,,,,1,2,1,1.0,6
201400015812,0014-10-27 17:30:00,14,10,27,17,30,130,55,"00, CHE DU MERLAN A LA R",,,Plein jour,En agglomération,Hors intersection,Normale,Autre collision,,,,,,,,,,,1,2,1,1.0,6
201400015813,0014-11-08 13:30:00,14,11,8,13,30,130,55,"01, BD HENRI BARNIER",43.37319,5.35501,Plein jour,En agglomération,Hors intersection,Normale,Autre collision,,,,,,,,,,,1,2,1,1.0,6
201400015814,0014-11-03 12:00:00,14,11,3,12,0,130,55,"01, CHE DE MIMET",43.37027,5.35667,Plein jour,En agglomération,Hors intersection,Normale,Autre collision,,,,,,,,,,,1,2,1,1.0,6
201400015815,0014-11-06 12:10:00,14,11,6,12,10,130,55,"41, AVE ALEXANDRE ANSALD",43.3335,5.40287,Plein jour,En agglomération,Hors intersection,Normale,Autre collision,,,,,,,,,,,1,2,1,1.0,6
201400015816,0014-11-05 11:15:00,14,11,5,11,15,130,55,"70, CV DU RUISSEAU MIRAB",43.35029,5.34903,Plein jour,En agglomération,Hors intersection,Normale,Autre collision,,,,,,,,,,,1,2,1,1.0,6
201400015817,0014-10-25 10:30:00,14,10,25,10,30,130,55,"00, AVE FLORIAN",,,Plein jour,En agglomération,Intersection en Y,Normale,Autre collision,,,,,,,,,,,1,2,4,1.0,6
201400015818,0014-11-02 14:15:00,14,11,2,14,15,130,55,"09, AVE LOUIS MALOSSE",43.3024,5.44963,Plein jour,En agglomération,Hors intersection,Normale,Autre collision,,,,,,,,,,,1,2,1,1.0,6
201400015819,0014-10-04 15:15:00,14,10,4,15,15,130,55,"02, RUE D' ITALIE",43.29071,5.38155,Plein jour,En agglomération,Hors intersection,Normale,Deux véhicules - arrière,,,,,,,,,,,1,2,1,1.0,2
201400015820,0014-10-19 10:40:00,14,10,19,10,40,130,55,"00, BD CHAVE",43.29572,5.39787,Plein jour,En agglomération,Intersection en X,Normale,Sans collision,,,,,,,,,,,1,2,2,1.0,7
201400015821,0014-11-03 18:10:00,14,11,3,18,10,130,55,"35, AVE DES FELIBRES",43.31154,5.42538,Nuit avec éclairage non allumé,En agglomération,Hors intersection,Normale,Autre collision,,,,,,,,,,,4,2,1,1.0,6
201400015822,0014-10-30 22:20:00,14,10,30,22,20,130,55,"46, BD DE LA CARTONNERIE",43.29106,5.46218,Nuit avec éclairage allumé,En agglomération,Hors intersection,Normale,Autre collision,,,,,,,,,,,5,2,1,1.0,6
201400015823,0014-11-03 22:30:00,14,11,3,22,30,130,55,"00, AVE D' AIR BEL",,,Nuit avec éclairage allumé,En agglomération,Hors intersection,Normale,Sans collision,,,,,,,,,,,5,2,1,1.0,7
201400015824,0014-10-31 08:30:00,14,10,31,8,30,130,55,"00, RUE FLORALIA",,,Plein jour,En agglomération,Hors intersection,Normale,Autre collision,,,,,,,,,,,1,2,1,1.0,6
201400015825,0014-10-24 09:20:00,14,10,24,9,20,130,55,"00, RUE DES MYOSOTIS",43.29217,5.44153,Plein jour,En agglomération,Intersection en T,Normale,Deux véhicules - frontale,,,,,,,,,,,1,2,3,1.0,1
201400015826,0014-10-10 15:30:00,14,10,10,15,30,130,55,"98, CHE DE LA COLLINE SA",43.25066,5.41568,Plein jour,En agglomération,Intersection en T,Normale,Deux véhicules - arrière,,,,,,,,,,,1,2,3,1.0,2
201400015827,0014-10-28 14:30:00,14,10,28,14,30,130,55,"26, AVE ANDRE ZENATTI",43.24679,5.3836,Plein jour,En agglomération,Intersection en T,Normale,Deux véhicules - côté,,,,,,,,,,,1,2,3,1.0,3
201400015828,0014-11-08 18:00:00,14,11,8,18,0,130,55,"81, BD FRANCOISE DUPARC",43.30615,5.40075,Nuit avec éclairage allumé,En agglomération,Hors intersection,Normale,Trois véhicules et plus - en chaîne,,,,,,,,,,,5,2,1,1.0,4
201400015829,0014-11-07 13:50:00,14,11,7,13,50,130,55,"00, BD ACHILLE MARCEL",,,Plein jour,En agglomération,Hors intersection,Normale,Autre collision,,,,,,,,,,,1,2,1,1.0,6
201400015830,0014-09-12 11:46:00,14,9,12,11,46,130,2,"0, GENERAL MONTSABERT (A",43.34949,5.48745,Plein jour,En agglomération,Giratoire,Normale,Deux véhicules - côté,,,,,,,,,,,1,2,6,1.0,3
201400015831,0014-11-03 10:30:00,14,11,3,10,30,130,55,"313, COR PRESIDENT JOHN",43.27554,5.3597,Plein jour,En agglomération,Hors intersection,Normale,Autre collision,,,,,,,,,,,1,2,1,1.0,6
201400015832,0014-09-16 12:45:00,14,9,16,12,45,130,55,"00, PCE CASTELLANE",43.28569,5.38384,Plein jour,En agglomération,Giratoire,Normale,Autre collision,,,,,,,,,,,1,2,6,1.0,6
201400015833,0014-11-02 16:15:00,14,11,2,16,15,130,55,"31, PCE JEAN JAURES",43.29511,5.38589,Plein jour,En agglomération,Hors intersection,Normale,Autre collision,,,,,,,,,,,1,2,1,1.0,6
201400015834,0014-11-05 21:20:00,14,11,5,21,20,130,55,"32, BD NATIONAL",43.30298,5.3864,Nuit avec éclairage allumé,En agglomération,Hors intersection,Normale,Autre collision,,,,,,,,,,,5,2,1,1.0,6
201400015835,0014-11-04 08:20:00,14,11,4,8,20,130,55,"51, AVE FRANCOIS MIGNET",43.33174,5.42864,Plein jour,En agglomération,Hors intersection,Normale,Autre collision,,,,,,,,,,,1,2,1,1.0,6
201400015836,0014-11-08 17:15:00,14,11,8,17,15,130,55,"00, AVE PIERRE MENDES FR",,,Plein jour,En agglomération,Hors intersection,Normale,Autre collision,,,,,,,,,,,1,2,1,1.0,6
201400015837,0014-10-31 04:00:00,14,10,31,4,0,130,55,"01, VOI LA CANEBIERE",,,Nuit avec éclairage allumé,En agglomération,Hors intersection,Normale,Sans collision,,,,,,,,,,,5,2,1,1.0,7
201400015838,0014-11-06 18:15:00,14,11,6,18,15,130,55,"00, RPT ALAIN SAVARY",43.24621,5.39509,Crépuscule ou aube,En agglomération,Giratoire,Normale,Autre collision,,,,,,,,,,,2,2,6,1.0,6
201400015839,0014-11-07 14:30:00,14,11,7,14,30,130,55,"270, BD PAUL CLAUDEL",43.26979,5.42197,Plein jour,En agglomération,Hors intersection,Normale,Autre collision,,,,,,,,,,,1,2,1,1.0,6
201400015840,0014-10-03 12:00:00,14,10,3,12,0,130,55,"57, AVE DU MERLAN",43.33668,5.40726,Plein jour,En agglomération,Hors intersection,Normale,Trois véhicules et plus - en chaîne,,,,,,,,,,,1,2,1,1.0,4
201400015841,0014-11-11 09:15:00,14,11,11,9,15,130,55,"162, AVE DE FRAIS VALLON",43.32465,5.43528,Plein jour,En agglomération,Hors intersection,Pluie forte,Autre collision,,,,,,,,,,,1,2,1,3.0,6
201400015842,0014-10-09 08:15:00,14,10,9,8,15,130,55,"00, AVE DE LA CAPELETTE",,,Plein jour,En agglomération,Hors intersection,Normale,Autre collision,,,,,,,,,,,1,2,1,1.0,6
201400015843,0014-10-10 11:25:00,14,10,10,11,25,130,55,"00, TRA DE LA MAURELLE",,,Plein jour,En agglomération,Hors intersection,Normale,Autre collision,,,,,,,,,,,1,2,1,1.0,6
201400015844,0014-10-03 18:20:00,14,10,3,18,20,130,55,"115, AVE DE TOULON",43.28476,5.39276,Plein jour,En agglomération,Hors intersection,Normale,Autre collision,,,,,,,,,,,1,2,1,1.0,6
201400015845,0014-11-12 06:10:00,14,11,12,6,10,130,55,"29, BD SCHLOESING",43.27459,5.39996,Nuit avec éclairage allumé,En agglomération,Hors intersection,Pluie légère,Sans collision,,,,,,,,,,,5,2,1,2.0,7
201400015846,0014-11-02 18:10:00,14,11,2,18,10,130,55,"01, AVE PIERRE MENDES FR",,,Nuit avec éclairage allumé,En agglomération,Hors intersection,Normale,Autre collision,,,,,,,,,,,5,2,1,1.0,6
201400015847,0014-11-08 20:30:00,14,11,8,20,30,130,55,"76, BD DE LA BARASSE RN",43.28585,5.47936,Nuit avec éclairage allumé,En agglomération,Hors intersection,Normale,Autre collision,,,,,,,,,,,5,2,1,1.0,6
201400015848,0014-11-02 12:30:00,14,11,2,12,30,130,75,"52, L'ENJOLRAS (AVE DE)",43.33929,5.45413,Plein jour,En agglomération,Hors intersection,Normale,Trois véhicules et plus - collisions multiples,,,,,,,,,,,1,2,1,1.0,5
201400015849,0014-11-08 00:10:00,14,11,8,0,10,130,55,"10, AVE DE BONNEVEINE",43.25437,5.38028,Nuit avec éclairage allumé,En agglomération,Hors intersection,Normale,Sans collision,,,,,,,,,,,5,2,1,1.0,7
201400015850,0014-09-07 14:00:00,14,9,7,14,0,130,55,"36, BD JEAN MOULIN",43.28755,5.4003,Plein jour,En agglomération,Hors intersection,Normale,Deux véhicules - arrière,,,,,,,,,,,1,2,1,1.0,2
201400015851,0014-11-05 17:45:00,14,11,5,17,45,130,55,"35, BD SCHLOESING",43.27409,5.40017,Crépuscule ou aube,En agglomération,Hors intersection,Normale,Trois véhicules et plus - en chaîne,,,,,,,,,,,2,2,1,1.0,4
201400015852,0014-11-12 12:40:00,14,11,12,12,40,130,55,"103, AVE DE LA MADRAGUE",43.235,5.36023,Plein jour,En agglomération,Intersection en T,Pluie légère,Autre collision,,,,,,,,,,,1,2,3,2.0,6
201400015853,0014-10-30 21:15:00,14,10,30,21,15,130,55,"00, CHE DU MERLAN A LA R",,,Nuit avec éclairage allumé,En agglomération,Hors intersection,Normale,Autre collision,,,,,,,,,,,5,2,1,1.0,6
201400015854,0014-11-11 19:50:00,14,11,11,19,50,130,55,"310, CHE DE L ARMEE D AF",43.28555,5.42122,Nuit avec éclairage non allumé,En agglomération,Hors intersection,Normale,Autre collision,,,,,,,,,,,4,2,1,1.0,6
201400015855,0014-10-31 19:40:00,14,10,31,19,40,130,55,"154, BD MIREILLE LAUZE",43.28345,5.41399,Nuit avec éclairage allumé,En agglomération,Hors intersection,Normale,Autre collision,,,,,,,,,,,5,2,1,1.0,6
201400015856,0014-10-22 15:45:00,14,10,22,15,45,130,55,"185, PRK KENNEDY / RAPAT",43.2843,5.34974,Plein jour,En agglomération,Hors intersection,Vent fort / tempête,Deux véhicules - frontale,,,,,,,,,,,1,2,1,6.0,1
201400015857,0014-11-09 18:40:00,14,11,9,18,40,130,55,"106, BD CHARLES MORETTI",,,Nuit avec éclairage allumé,En agglomération,Hors intersection,Pluie légère,Autre collision,,,,,,,,,,,5,2,1,2.0,6
201400015858,0014-11-06 12:30:00,14,11,6,12,30,130,55,"39, BD CHARLES MORETTI",43.32502,5.38232,Plein jour,En agglomération,Hors intersection,Normale,Autre collision,,,,,,,,,,,1,2,1,1.0,6
201400015859,0014-11-05 12:10:00,14,11,5,12,10,130,55,"00, CHE DE SAINT ANTOINE",,,Plein jour,En agglomération,Hors intersection,Normale,Autre collision,,,,,,,,,,,1,2,1,1.0,6
201400015860,0014-11-12 07:45:00,14,11,12,7,45,130,55,"10, CHE DU ROY D' ESPAGN",,,Plein jour,En agglomération,Hors intersection,Pluie forte,Deux véhicules - arrière,,,,,,,,,,,1,2,1,3.0,2
201400015861,0014-09-25 12:30:00,14,9,25,12,30,130,55,"01, AVE ESCADRILLE NORMA",,,Plein jour,En agglomération,Hors intersection,Normale,Autre collision,,,,,,,,,,,1,2,1,1.0,6
201400015862,0014-11-12 13:50:00,14,11,12,13,50,130,55,"00, AVE RAIMU",,,Plein jour,En agglomération,Hors intersection,Normale,Autre collision,,,,,,,,,,,1,2,1,1.0,6
201400015863,0014-11-09 11:30:00,14,11,9,11,30,130,55,"09, CRS FRANKLIN ROOSEVE",43.29903,5.38662,Plein jour,En agglomération,Intersection en T,Normale,Deux véhicules - frontale,,,,,,,,,,,1,2,3,1.0,1
201400015864,0014-10-19 12:20:00,14,10,19,12,20,130,55,"00, CRS LIEUTAUD",43.29347,5.38227,Plein jour,Hors agglomération,Intersection en T,Normale,Autre collision,,,,,,,,,,,1,1,3,1.0,6
201400015865,0014-10-30 12:00:00,14,10,30,12,0,130,55,"91, RUE DE LODI",43.28839,5.38812,Plein jour,En agglomération,Hors intersection,Normale,Deux véhicules - arrière,,,,,,,,,,,1,2,1,1.0,2
201400015866,0014-11-13 01:45:00,14,11,13,1,45,130,55,"26, AVE JULES CANTINI",43.2843,5.38663,Nuit avec éclairage allumé,En agglomération,Hors intersection,Normale,Autre collision,,,,,,,,,,,5,2,1,1.0,6
201400015867,0014-11-13 17:30:00,14,11,13,17,30,130,55,"25, RUE AVIATEUR LE BRIX",43.2618,5.40404,Crépuscule ou aube,En agglomération,Hors intersection,Normale,Autre collision,,,,,,,,,,,2,2,1,1.0,6
201400015868,0014-10-29 20:10:00,14,10,29,20,10,130,55,"79, AVE DE LA CORSE",,,Nuit avec éclairage allumé,En agglomération,Hors intersection,Normale,Autre collision,,,,,,,,,,,5,2,1,1.0,6
201400015869,0014-11-02 01:30:00,14,11,2,1,30,130,55,"203, AVE ROGER SALENGRO",43.3184,5.36801,Nuit avec éclairage allumé,En agglomération,Hors intersection,Normale,Autre collision,,,,,,,,,,,5,2,1,1.0,6
201400015870,0014-11-12 16:50:00,14,11,12,16,50,130,55,"00, AVE DU GENERAL LECLE",,,Plein jour,En agglomération,Hors intersection,Normale,Autre collision,,,,,,,,,,,1,2,1,1.0,6
201400015871,0014-11-01 10:00:00,14,11,1,10,0,130,55,"64, BD MIREILLE LAUZE",43.2826,5.40685,Plein jour,En agglomération,Hors intersection,Normale,Autre collision,,,,,,,,,,,1,2,1,1.0,6
201400015872,0014-11-14 07:00:00,14,11,14,7,0,130,55,"27, BD LOUIS MAZAUDIER",43.31215,5.41795,Plein jour,Hors agglomération,Intersection en X,Normale,Autre collision,,,,,,,,,,,1,1,2,1.0,6
201400015873,0014-05-05 21:45:00,14,5,5,21,45,130,55,"02, BD DE SAINT LOUP",,,Nuit avec éclairage allumé,En agglomération,Intersection en X,Normale,Deux véhicules - côté,,,,,,,,,,,5,2,2,1.0,3
201400015874,0014-11-03 15:30:00,14,11,3,15,30,130,55,"120, BD RABATAU",43.27796,5.3992,Plein jour,En agglomération,Hors intersection,Normale,Autre collision,,,,,,,,,,,1,2,1,1.0,6
201400015875,0014-10-08 08:40:00,14,10,8,8,40,130,55,"00, RUE SAINT PIERRE",,,Plein jour,En agglomération,Hors intersection,Normale,Autre collision,,,,,,,,,,,1,2,1,1.0,6
201400015876,0014-11-19 17:50:00,14,11,19,17,50,130,55,"33, BD DU CABOT",43.26018,5.41582,Crépuscule ou aube,En agglomération,Intersection en T,Normale,Deux véhicules - côté,,,,,,,,,,,2,2,3,1.0,3
201400015877,0014-11-12 15:35:00,14,11,12,15,35,130,55,"395, RUE PARADIS",43.27526,5.38445,Plein jour,En agglomération,Hors intersection,Normale,Autre collision,,,,,,,,,,,1,2,1,1.0,6
201400015878,0014-11-21 06:10:00,14,11,21,6,10,130,55,"69, BD DE LA LIBERATION",43.30017,5.38872,Nuit avec éclairage allumé,En agglomération,Intersection en X,Normale,Autre collision,,,,,,,,,,,5,2,2,1.0,6
201400015879,0014-11-21 02:21:00,14,11,21,2,21,130,55,"00, AVE DES PEINTRES ROU",,,Nuit avec éclairage allumé,En agglomération,Hors intersection,Normale,Autre collision,,,,,,,,,,,5,2,1,1.0,6
201400015880,0014-11-04 19:45:00,14,11,4,19,45,130,55,"00, BD DE LA LIBERTE",,,Nuit avec éclairage allumé,En agglomération,Hors intersection,Normale,Autre collision,,,,,,,,,,,5,2,1,1.0,6
201400015881,0014-10-13 07:50:00,14,10,13,7,50,130,55,"348, AVE DES POILUS",43.31381,5.46301,Plein jour,En agglomération,Hors intersection,Normale,Deux véhicules - arrière,,,,,,,,,,,1,2,1,1.0,2
201400015882,0014-11-12 07:20:00,14,11,12,7,20,130,2,"00, ETIENNE CUCCA-CD908",,,Plein jour,En agglomération,Hors intersection,Pluie légère,Trois véhicules et plus - en chaîne,,,,,,,,,,,1,2,1,2.0,4
201400015883,0014-11-14 23:00:00,14,11,14,23,0,130,2,"535, SALVATORE ALLENDE",43.35263,5.48211,Nuit avec éclairage allumé,En agglomération,Intersection en T,Pluie légère,Autre collision,,,,,,,,,,,5,2,3,2.0,6
201400015884,0014-11-16 19:20:00,14,11,16,19,20,130,55,"00, AVE DU MARCHE NATION",43.34074,5.37819,Nuit avec éclairage allumé,En agglomération,Intersection en X,Normale,Autre collision,,,,,,,,,,,5,2,2,1.0,6
201400015885,0014-11-12 08:00:00,14,11,12,8,0,130,75,"89, LIBERATION (AVE DE L",43.34082,5.45675,Plein jour,Hors agglomération,Hors intersection,Pluie forte,Deux véhicules - frontale,,,,,,,,,,,1,1,1,3.0,1
201400015886,0014-11-16 13:15:00,14,11,16,13,15,130,55,"257, BD DE SAINT LOUP",43.28577,5.4423,Plein jour,En agglomération,Hors intersection,Normale,Autre collision,,,,,,,,,,,1,2,1,1.0,6
201400015887,0014-11-16 19:50:00,14,11,16,19,50,130,55,"51, AVE DE SAINT JULIEN",43.30527,5.41679,Nuit avec éclairage allumé,En agglomération,Hors intersection,Normale,Autre collision,,,,,,,,,,,5,2,1,1.0,6
201400015888,0014-11-02 10:15:00,14,11,2,10,15,130,55,"47, BD DE LA VALBARELLE",43.28678,5.44519,Plein jour,En agglomération,Hors intersection,Normale,Autre collision,,,,,,,,,,,1,2,1,1.0,6
201400015889,0014-10-02 22:00:00,14,10,2,22,0,130,55,"250, BD MIREILLE LAUZE",43.2841,5.41945,Nuit avec éclairage allumé,En agglomération,Hors intersection,Normale,Autre collision,,,,,,,,,,,5,2,1,1.0,6
201400015890,0014-11-03 08:20:00,14,11,3,8,20,130,55,"218, AVE DES CAILLOLS",43.30327,5.44242,Plein jour,En agglomération,Hors intersection,Pluie forte,Deux véhicules - frontale,,,,,,,,,,,1,2,1,3.0,1
201400015891,0014-11-14 18:15:00,14,11,14,18,15,130,55,"44, RUE NEGRESKO",43.26926,5.38903,Nuit avec éclairage allumé,En agglomération,Intersection en T,Pluie légère,Deux véhicules - frontale,,,,,,,,,,,5,2,3,2.0,1