accident_id,datetime,annee,mois,jour,heure,minute,departement,commune_insee,adresse,latitude,longitude,luminosite,agglomeration,intersection,meteo,collision,nb_vehicules,nb_usagers,nb_indemnes,nb_tues,nb_blesses_hosp,nb_blesses_legers,age_cond_1,age_cond_2,veh_type_cond_1,veh_type_cond_2,lum_code,agg_code,int_code,atm_code,col_code
201400016014,0014-11-28 12:40:00,14,11,28,12,40,130,55,"207, RTE DES TROIS LUCS",43.30049,5.47717,Plein jour,En agglomération,Giratoire,Pluie légère,Autre collision,,,,,,,,,,,1,2,6,2.0,6
201400016015,0014-11-17 07:30:00,14,11,17,7,30,130,55,"01, RUE DE LYON",43.32306,5.3677,Plein jour,En agglomération,Hors intersection,Pluie légère,Autre collision,,,,,,,,,,,1,2,1,2.0,6
201400016016,0014-11-30 11:10:00,14,11,30,11,10,130,55,"00, AVE JEAN PAUL SARTRE",,,Plein jour,En agglomération,Hors intersection,Normale,Autre collision,,,,,,,,,,,1,2,1,1.0,6
201400016017,0014-11-21 07:55:00,14,11,21,7,55,130,55,"01, RPT DOCTEUR MARIA",43.36366,5.34218,Plein jour,En agglomération,Hors intersection,Normale,Autre collision,,,,,,,,,,,1,2,1,1.0,6
201400016018,0014-12-16 14:15:00,14,12,16,14,15,130,55,"55, AVE DE LA ROSE",43.32581,5.41982,Plein jour,En agglomération,Hors intersection,Normale,Autre collision,,,,,,,,,,,1,2,1,1.0,6
201400016019,0014-10-03 13:00:00,14,10,3,13,0,130,55,"00, TUN TUNNEL ST CHARLE",43.30193,5.38074,Plein jour,En agglomération,Intersection en Y,Normale,Autre collision,,,,,,,,,,,1,2,4,1.0,6
201400016020,0014-08-14 14:10:00,14,8,14,14,10,130,55,RUE ANTOINE ZATTARA,43.30402,5.37753,Plein jour,En agglomération,Intersection à plus de 4 branches,Normale,Autre collision,,,,,,,,,,,1,2,5,1.0,6
201400016021,0014-12-02 09:30:00,14,12,2,9,30,130,55,"00, CHE DE L HERMITAGE",,,Plein jour,En agglomération,Hors intersection,Pluie légère,Autre collision,,,,,,,,,,,1,2,1,2.0,6
201400016022,0014-12-02 12:30:00,14,12,2,12,30,130,55,"121, CHE DE SAINTE MARTH",,,Plein jour,En agglomération,Intersection en T,Normale,Deux véhicules - côté,,,,,,,,,,,1,2,3,1.0,3
201400016023,0014-12-10 05:30:00,14,12,10,5,30,130,55,"84, COR PRESIDENT JOHN F",43.28427,5.34971,Nuit avec éclairage allumé,En agglomération,Hors intersection,Normale,Autre collision,,,,,,,,,,,5,2,1,1.0,6
201400016024,0014-11-19 11:50:00,14,11,19,11,50,130,55,"00, TRA CAPRON",43.31352,5.41799,Plein jour,En agglomération,Intersection en X,Normale,Autre collision,,,,,,,,,,,1,2,2,1.0,6
201400016025,0014-11-21 12:00:00,14,11,21,12,0,130,55,"53, RUE ESPERANDIEU",43.30513,5.39173,Plein jour,En agglomération,Hors intersection,Normale,Autre collision,,,,,,,,,,,1,2,1,1.0,6
201400016026,0014-11-27 17:00:00,14,11,27,17,0,130,55,"148, AVE DES CHARTREUX",43.30821,5.40022,Crépuscule ou aube,En agglomération,Hors intersection,Normale,Sans collision,,,,,,,,,,,2,2,1,1.0,7
201400016027,0014-09-16 19:40:00,14,9,16,19,40,130,55,"00, BD DU MARECHAL JUIN",,,Crépuscule ou aube,En agglomération,Hors intersection,Normale,Autre collision,,,,,,,,,,,2,2,1,1.0,6
201400016028,0014-12-03 09:00:00,14,12,3,9,0,130,55,"15, CRS GOUFFE",43.28609,5.387,Plein jour,En agglomération,Intersection en X,Normale,Deux véhicules - côté,,,,,,,,,,,1,2,2,1.0,3
201400016029,0014-12-18 19:10:00,14,12,18,19,10,130,55,"00, AVE DE LATTRE DE TAS",,,Nuit sans éclairage public,En agglomération,Hors intersection,Normale,Autre collision,,,,,,,,,,,3,2,1,1.0,6
201400016030,0014-12-19 15:00:00,14,12,19,15,0,130,55,AVE RAOUL FOLLEREAU,,,Plein jour,En agglomération,Hors intersection,Temps éblouissant,Autre collision,,,,,,,,,,,1,2,1,7.0,6
201400016031,0014-12-05 16:35:00,14,12,5,16,35,130,55,"10, AVE DE VALDONNE",43.32294,5.41299,Plein jour,En agglomération,Hors intersection,Normale,Sans collision,,,,,,,,,,,1,2,1,1.0,7
201400016032,0014-12-03 09:45:00,14,12,3,9,45,130,55,"15, RUE DE BISKRA",43.32745,5.37647,Plein jour,En agglomération,Intersection en X,Normale,Autre collision,,,,,,,,,,,1,2,2,1.0,6
201400016033,0014-09-28 14:30:00,14,9,28,14,30,130,55,"249, AVE ROGER SALENGRO",43.32069,5.36751,Plein jour,En agglomération,Hors intersection,Normale,Deux véhicules - frontale,,,,,,,,,,,1,2,1,1.0,1
201400016034,0014-12-05 11:00:00,14,12,5,11,0,130,55,"293, AVE ROGER SALENGRO",43.32293,5.36769,Plein jour,En agglomération,Hors intersection,Normale,Autre collision,,,,,,,,,,,1,2,1,1.0,6
201400016035,0014-11-29 12:10:00,14,11,29,12,10,130,55,"37, AVE DES CAILLOLS",43.30377,5.42639,Plein jour,En agglomération,Hors intersection,Normale,Trois véhicules et plus - en chaîne,,,,,,,,,,,1,2,1,1.0,4
201400016036,0014-11-11 09:30:00,14,11,11,9,30,130,55,"146, AVE DE LA VISTE",43.36321,5.35716,Plein jour,En agglomération,Hors intersection,Normale,Autre collision,,,,,,,,,,,1,2,1,1.0,6
201400016037,0014-10-16 08:00:00,14,10,16,8,0,130,55,"277, AVE DES OLIVES",43.3231,5.44709,Plein jour,En agglomération,Hors intersection,Normale,Deux véhicules - arrière,,,,,,,,,,,1,2,1,1.0,2
201400016038,0014-11-26 17:50:00,14,11,26,17,50,130,55,"23, BD FERDINAND DE LESS",43.32033,5.37219,Nuit avec éclairage allumé,En agglomération,Hors intersection,Pluie légère,Deux véhicules - côté,,,,,,,,,,,5,2,1,2.0,3
201400016039,0014-11-27 20:05:00,14,11,27,20,5,130,55,"00, RUE DU DOCTEUR LEON",43.31321,5.38626,Nuit avec éclairage allumé,En agglomération,Intersection en X,Normale,Autre collision,,,,,,,,,,,5,2,2,1.0,6
201400016040,0014-12-01 13:50:00,14,12,1,13,50,130,55,"52, BD DE LA POMME",43.29153,5.4482,Plein jour,En agglomération,Hors intersection,Pluie légère,Deux véhicules - frontale,,,,,,,,,,,1,2,1,2.0,1
201400016041,0014-11-20 12:40:00,14,11,20,12,40,130,55,"40, CHE DE LA MADRAGUE V",43.32088,5.36486,Plein jour,En agglomération,Hors intersection,Normale,Deux véhicules - frontale,,,,,,,,,,,1,2,1,1.0,1
201400016042,0014-12-06 17:50:00,14,12,6,17,50,130,55,AVE PROSPER MERIMEE,,,Plein jour,En agglomération,Hors intersection,Pluie forte,Autre collision,,,,,,,,,,,1,2,1,3.0,6
201400016043,0014-10-04 21:30:00,14,10,4,21,30,130,55,"00, BD D ATHENES",,,Nuit avec éclairage allumé,En agglomération,Hors intersection,Normale,Autre collision,,,,,,,,,,,5,2,1,1.0,6
201400016044,0014-11-24 19:10:00,14,11,24,19,10,130,55,"23, RUE AVIATEUR LE BRIX",43.26186,5.40411,Nuit avec éclairage allumé,En agglomération,Hors intersection,Normale,Autre collision,,,,,,,,,,,5,2,1,1.0,6
201400016045,0014-12-06 19:25:00,14,12,6,19,25,130,55,"01, AVE DU CORAIL",43.2403,5.37711,Nuit avec éclairage allumé,En agglomération,Hors intersection,Pluie légère,Autre collision,,,,,,,,,,,5,2,1,2.0,6
201400016046,0014-12-05 11:50:00,14,12,5,11,50,130,55,"132, AVE JULES CANTINI",43.2807,5.39327,Plein jour,En agglomération,Hors intersection,Temps couvert,Autre collision,,,,,,,,,,,1,2,1,8.0,6
201400016047,0014-12-07 03:00:00,14,12,7,3,0,130,55,"48, AVE DE BONNEVEINE",43.25437,5.37912,Nuit avec éclairage allumé,En agglomération,Hors intersection,Normale,Sans collision,,,,,,,,,,,5,2,1,1.0,7
201400016048,0014-12-05 07:00:00,14,12,5,7,0,130,55,"153, AVE WILLIAM BOOTH",43.29598,5.4463,Nuit avec éclairage allumé,En agglomération,Hors intersection,Pluie légère,Autre collision,,,,,,,,,,,5,2,1,2.0,6
201400016049,0014-11-28 18:35:00,14,11,28,18,35,130,55,"27, RUE PIERRE GUYS",43.30963,5.43752,Nuit avec éclairage allumé,En agglomération,Intersection en X,Pluie légère,Deux véhicules - côté,,,,,,,,,,,5,2,2,2.0,3
201400016050,0014-11-26 06:20:00,14,11,26,6,20,130,2,ETIENNE CUCCA-CD908 (AVE,,,Nuit sans éclairage public,En agglomération,Hors intersection,Pluie légère,Sans collision,,,,,,,,,,,3,2,1,2.0,7
201400016051,0014-11-18 11:15:00,14,11,18,11,15,130,2,"00, RIBASSIERE (CHEMIN D",,,Plein jour,En agglomération,Hors intersection,Normale,Sans collision,,,,,,,,,,,1,2,1,1.0,7
201400016052,0014-11-26 15:40:00,14,11,26,15,40,130,55,"10, AVE CLAUDE MONET",43.32403,5.39328,Plein jour,En agglomération,Hors intersection,Temps couvert,Trois véhicules et plus - collisions multiples,,,,,,,,,,,1,2,1,8.0,5
201400016053,0014-09-21 12:10:00,14,9,21,12,10,130,55,"42, BD CHAVE",43.29517,5.38951,Plein jour,En agglomération,Hors intersection,Normale,Autre collision,,,,,,,,,,,1,2,1,1.0,6
201400016054,0014-11-04 13:30:00,14,11,4,13,30,130,55,"132, CHE DU ROUCAS BLANC",43.28318,5.36781,Plein jour,En agglomération,Hors intersection,Pluie légère,Sans collision,,,,,,,,,,,1,2,1,2.0,7
201400016055,0014-11-21 14:50:00,14,11,21,14,50,130,55,"20, RUE DES VERTUS",43.2913,5.3921,Plein jour,En agglomération,Hors intersection,Normale,Autre collision,,,,,,,,,,,1,2,1,1.0,6
201400016056,0014-11-06 12:15:00,14,11,6,12,15,130,55,"05, BD NOTRE DAME",43.29038,5.37238,Plein jour,En agglomération,Hors intersection,Normale,Deux véhicules - arrière,,,,,,,,,,,1,2,1,1.0,2
201400016057,0014-11-27 16:35:00,14,11,27,16,35,130,55,"00, BD FRANCOISE DUPARC",,,Plein jour,En agglomération,Hors intersection,Pluie légère,Autre collision,,,,,,,,,,,1,2,1,2.0,6
201400016058,0014-11-05 07:20:00,14,11,5,7,20,130,55,"31, AVE DU PRADO",43.28398,5.38519,Plein jour,En agglomération,Hors intersection,Normale,Autre collision,,,,,,,,,,,1,2,1,1.0,6
201400016059,0014-12-07 21:30:00,14,12,7,21,30,130,55,"541, AVE DU PRADO",43.26389,5.37825,Nuit avec éclairage allumé,En agglomération,Hors intersection,Normale,Autre collision,,,,,,,,,,,5,2,1,1.0,6
201400016060,0014-12-07 16:45:00,14,12,7,16,45,130,55,"197, AVE PIERRE MENDES F",43.25183,5.3757,Crépuscule ou aube,En agglomération,Hors intersection,Normale,Trois véhicules et plus - en chaîne,,,,,,,,,,,2,2,1,1.0,4
201400016061,0014-11-21 16:40:00,14,11,21,16,40,130,55,"90, TRA DU COMMANDEUR",43.31972,5.46531,Plein jour,En agglomération,Hors intersection,Normale,Deux véhicules - frontale,,,,,,,,,,,1,2,1,1.0,1
201400016062,0014-11-25 20:10:00,14,11,25,20,10,130,55,"01, BD MARCEL DELPRAT",43.33484,5.45352,Nuit avec éclairage non allumé,En agglomération,Hors intersection,Pluie forte,Autre collision,,,,,,,,,,,4,2,1,3.0,6
201400016063,0014-12-06 19:35:00,14,12,6,19,35,130,55,AVE DE L' ARGILITE,,,Nuit avec éclairage allumé,En agglomération,Hors intersection,Pluie légère,Deux véhicules - arrière,,,,,,,,,,,5,2,1,2.0,2
201400016064,0014-12-05 22:35:00,14,12,5,22,35,130,55,"29, AVE RAIMU",43.33189,5.39854,Nuit avec éclairage allumé,En agglomération,Intersection en T,Pluie forte,Autre collision,,,,,,,,,,,5,2,3,3.0,6
201400016065,0014-12-07 20:10:00,14,12,7,20,10,130,55,"01, AVE JEAN PAUL SARTRE",,,Nuit avec éclairage allumé,En agglomération,Hors intersection,Normale,Autre collision,,,,,,,,,,,5,2,1,1.0,6
201400016066,0014-12-19 11:35:00,14,12,19,11,35,130,55,"67, AVE DES CAILLOLS",43.30378,5.42647,Plein jour,En agglomération,Hors intersection,Normale,Autre collision,,,,,,,,,,,1,2,1,1.0,6
201400016067,0014-10-20 18:00:00,14,10,20,18,0,130,55,"00, TRA DE BEAUMONT",43.31006,5.44053,Plein jour,En agglomération,Hors intersection,Normale,Autre collision,,,,,,,,,,,1,2,1,1.0,6
201400016068,0014-12-23 10:00:00,14,12,23,10,0,130,55,"00, IMP MONTAGNON MONIER",43.3122,5.45397,Plein jour,En agglomération,Hors intersection,Normale,Autre collision,,,,,,,,,,,1,2,1,1.0,6
201400016069,0014-12-06 21:00:00,14,12,6,21,0,130,55,"125, BD BOURRELY",43.38512,5.36447,Nuit avec éclairage allumé,En agglomération,Hors intersection,Temps couvert,Autre collision,,,,,,,,,,,5,2,1,8.0,6
201400016070,0014-12-28 13:00:00,14,12,28,13,0,130,55,"166, BD DE PLOMBIERES",43.31902,5.37918,Plein jour,En agglomération,Intersection en X,Normale,Autre collision,,,,,,,,,,,1,2,2,1.0,6
201400016071,0014-12-27 13:30:00,14,12,27,13,30,130,55,VSN ANCIEN CHEMIN DU LIT,,,Plein jour,En agglomération,Hors intersection,Pluie légère,Deux véhicules - arrière,,,,,,,,,,,1,2,1,2.0,2
201400016072,0014-12-31 19:00:00,14,12,31,19,0,130,55,"61, BD NOTRE DAME",43.28708,5.37377,Nuit avec éclairage allumé,En agglomération,Hors intersection,Normale,Deux véhicules - arrière,,,,,,,,,,,5,2,1,1.0,2
201400016073,0014-12-23 19:30:00,14,12,23,19,30,130,55,"00, PCE DE LA JOLIETTE",,,Nuit avec éclairage allumé,En agglomération,Hors intersection,Normale,Sans collision,,,,,,,,,,,5,2,1,1.0,7
201400016074,0014-12-21 06:30:00,14,12,21,6,30,130,55,"03, ALL DE LA MONTAGNETT",43.34778,5.37279,Nuit avec éclairage allumé,En agglomération,Hors intersection,Normale,Autre collision,,,,,,,,,,,5,2,1,1.0,6
201400016075,0014-12-09 11:30:00,14,12,9,11,30,130,55,"91, CHE DU MERLAN A LA",43.33067,5.41178,Plein jour,En agglomération,Intersection en T,Normale,Autre collision,,,,,,,,,,,1,2,3,1.0,6
201400016076,0014-11-26 18:10:00,14,11,26,18,10,130,55,"40, BD DE DUNKERQUE",43.30621,5.36754,Nuit avec éclairage allumé,En agglomération,Intersection en X,Pluie forte,Autre collision,,,,,,,,,,,5,2,2,3.0,6
201400016077,0014-12-10 12:10:00,14,12,10,12,10,130,55,"267, AVE DE SAINT LOUIS",43.35261,5.3577,Plein jour,En agglomération,Intersection en T,Normale,Autre collision,,,,,,,,,,,1,2,3,1.0,6
201400016078,0014-12-07 08:45:00,14,12,7,8,45,130,55,"00, RUE MARCEL SEMBAT",43.30174,5.38249,Plein jour,En agglomération,Intersection en X,Normale,Deux véhicules - côté,,,,,,,,,,,1,2,2,1.0,3
201400016079,0014-12-11 20:15:00,14,12,11,20,15,130,55,"36, AVE FLORIAN",43.28352,5.42699,Nuit avec éclairage allumé,En agglomération,Hors intersection,Normale,Deux véhicules - arrière,,,,,,,,,,,5,2,1,1.0,2
201400016080,0014-12-12 15:00:00,14,12,12,15,0,130,55,"134, BD MICHELET",43.26536,5.39508,Plein jour,En agglomération,Hors intersection,Normale,Autre collision,,,,,,,,,,,1,2,1,1.0,6
201400016081,0014-12-12 08:25:00,14,12,12,8,25,130,55,"71, TRA PARANGON",43.24128,5.37868,Plein jour,En agglomération,Hors intersection,Normale,Deux véhicules - arrière,,,,,,,,,,,1,2,1,1.0,2
201400016082,0014-12-10 07:55:00,14,12,10,7,55,130,55,"23, BD DES DAMES",43.30221,5.37052,Plein jour,En agglomération,Hors intersection,Normale,Autre collision,,,,,,,,,,,1,2,1,1.0,6
201400016083,0014-12-14 12:30:00,14,12,14,12,30,130,55,"61, RUE PAUL LANGEVIN",43.34327,5.43175,Plein jour,En agglomération,Hors intersection,Normale,Autre collision,,,,,,,,,,,1,2,1,1.0,6
201400016084,0014-12-10 21:00:00,14,12,10,21,0,130,75,"80, FREDERIC MISTRAL (AV",43.35061,5.47119,Nuit avec éclairage allumé,En agglomération,Intersection en Y,Normale,Deux véhicules - arrière,,,,,,,,,,,5,2,4,1.0,2
201400016085,0014-11-28 17:00:00,14,11,28,17,0,130,55,"358, AVE DE SAINT ANTOIN",43.37864,5.35685,Plein jour,En agglomération,Intersection en T,Normale,Deux véhicules - arrière,,,,,,,,,,,1,2,3,1.0,2
201400016086,0014-11-16 13:20:00,14,11,16,13,20,130,55,"24, AVE CLAUDE MONET",43.32527,5.39401,Plein jour,En agglomération,Hors intersection,Normale,Autre collision,,,,,,,,,,,1,2,1,1.0,6
201400016087,0014-11-04 19:50:00,14,11,4,19,50,130,55,"01, AVE ARNAVON",43.33041,5.38771,Nuit avec éclairage allumé,En agglomération,Hors intersection,Normale,Autre collision,,,,,,,,,,,5,2,1,1.0,6
201400016088,0014-12-09 13:50:00,14,12,9,13,50,130,55,"0268, CHE DE LA MADRAGUE",43.33358,5.35841,Plein jour,En agglomération,Hors intersection,Normale,Autre collision,,,,,,,,,,,1,2,1,1.0,6
201400016089,0014-11-27 10:45:00,14,11,27,10,45,130,55,"21, BD DE PLOMBIERES",43.31525,5.3872,Plein jour,En agglomération,Intersection en T,Pluie forte,Autre collision,,,,,,,,,,,1,2,3,3.0,6
201400016090,0014-12-09 19:30:00,14,12,9,19,30,130,55,"102, CHE DE L ARMEE D AF",43.28904,5.4087,Nuit avec éclairage allumé,En agglomération,Hors intersection,Normale,Autre collision,,,,,,,,,,,5,2,1,1.0,6
201400016091,0014-11-25 13:00:00,14,11,25,13,0,130,55,"27, AVE DESIRE BIANCO",43.28748,5.42518,Plein jour,En agglomération,Hors intersection,Normale,Deux véhicules - frontale,,,,,,,,,,,1,2,1,1.0,1
201400016092,0014-12-10 13:35:00,14,12,10,13,35,130,55,"03, AVE ELSA TRIOLET",43.25063,5.38545,Plein jour,En agglomération,Intersection en T,Normale,Autre collision,,,,,,,,,,,1,2,3,1.0,6
201400016093,0014-12-04 17:40:00,14,12,4,17,40,130,55,"00, AVE WILLIAM BOOTH",43.29622,5.44785,Nuit avec éclairage allumé,En agglomération,Intersection en T,Pluie forte,Autre collision,,,,,,,,,,,5,2,3,3.0,6
201400016094,0014-12-08 18:15:00,14,12,8,18,15,130,55,"20, RUE JOBIN",43.31059,5.38925,Nuit avec éclairage allumé,En agglomération,Hors intersection,Normale,Deux véhicules - frontale,,,,,,,,,,,5,2,1,1.0,1
201400016095,0014-10-18 15:00:00,14,10,18,15,0,130,55,"15, BD DES DAMES",43.30207,5.37123,Plein jour,En agglomération,Hors intersection,Normale,Autre collision,,,,,,,,,,,1,2,1,1.0,6
201400016096,0014-12-17 14:30:00,14,12,17,14,30,130,55,"184, BD RABATAU",43.28111,5.39932,Plein jour,En agglomération,Hors intersection,Temps couvert,Deux véhicules - arrière,,,,,,,,,,,1,2,1,8.0,2
201400016097,0014-11-28 13:50:00,14,11,28,13,50,130,75,"69, REPUBLIQUE (AVE DE L",,,Plein jour,En agglomération,Intersection en T,Normale,Autre collision,,,,,,,,,,,1,2,3,1.0,6
201400016098,0014-12-09 09:00:00,14,12,9,9,0,130,55,"188, BD BAILLE",43.28892,5.39486,Plein jour,En agglomération,Hors intersection,Normale,Sans collision,,,,,,,,,,,1,2,1,1.0,7
201400016099,0014-11-26 13:00:00,14,11,26,13,0,130,55,"03, BD MAURICE BOURDET",43.30234,5.37958,Plein jour,En agglomération,Hors intersection,Normale,Sans collision,,,,,,,,,,,1,2,1,1.0,7
201400016100,0014-12-07 15:20:00,14,12,7,15,20,130,55,"00, AVE DU CAP PINEDE RO",,,Plein jour,En agglomération,Hors intersection,Normale,Autre collision,,,,,,,,,,,1,2,1,1.0,6
201400016101,0014-12-07 00:15:00,14,12,7,0,15,130,55,"23, BD DUGOMMIER",43.29869,5.38092,Nuit avec éclairage allumé,En agglomération,Hors intersection,Normale,Autre collision,,,,,,,,,,,5,2,1,1.0,6
201400016102,0014-12-23 11:00:00,14,12,23,11,0,130,106,"106, 8 MAI 1945 (AVENUE",43.4068,5.37115,Plein jour,En agglomération,Intersection en T,Normale,Autre collision,,,,,,,,,,,1,2,3,1.0,6
201400016103,0014-12-03 10:00:00,14,12,3,10,0,130,55,"38, AVE DE LA VISTE",,,Plein jour,En agglomération,Hors intersection,Normale,Deux véhicules - frontale,,,,,,,,,,,1,2,1,1.0,1
201400016104,0014-02-20 10:40:00,14,2,20,10,40,130,55,"139, CHE DE LA MADRAGUE",43.32688,5.36066,Plein jour,En agglomération,Hors intersection,Normale,Autre collision,,,,,,,,,,,1,2,1,1.0,6
201400016105,0014-12-09 18:00:00,14,12,9,18,0,130,55,"70, AVE CLAUDE MONET",43.3262,5.39445,Crépuscule ou aube,En agglomération,Hors intersection,Normale,Autre collision,,,,,,,,,,,2,2,1,1.0,6
201400016106,0014-12-15 09:50:00,14,12,15,9,50,130,55,"27, BD CHRISTOPHE MONCAD",43.32319,5.36919,Plein jour,En agglomération,Intersection en X,Normale,Autre collision,,,,,,,,,,,1,2,2,1.0,6
201400016107,0014-12-11 10:15:00,14,12,11,10,15,130,55,"439, RUE DE LYON",43.34245,5.35969,Plein jour,En agglomération,Hors intersection,Normale,Autre collision,,,,,,,,,,,1,2,1,1.0,6
201400016108,0014-12-01 05:50:00,14,12,1,5,50,130,55,"264, AVE ROGER SALENGRO",43.32241,5.36772,Nuit sans éclairage public,En agglomération,Hors intersection,Autre,Autre collision,,,,,,,,,,,3,2,1,9.0,6
201400016109,0014-11-08 21:10:00,14,11,8,21,10,130,55,"01, TRA DU PRADEL",43.35594,5.34631,Nuit avec éclairage allumé,En agglomération,Intersection en T,Normale,Autre collision,,,,,,,,,,,5,2,3,1.0,6
201400016110,0014-11-29 22:20:00,14,11,29,22,20,130,55,"34, BD FRANCOISE DUPARC",43.30192,5.40071,Nuit avec éclairage allumé,En agglomération,Hors intersection,Pluie légère,Autre collision,,,,,,,,,,,5,2,1,2.0,6
201400016111,0014-12-02 07:30:00,14,12,2,7,30,130,55,"16, BD DE SAINT MARCEL",43.28862,5.45612,Nuit avec éclairage allumé,En agglomération,Hors intersection,Pluie forte,Deux véhicules - frontale,,,,,,,,,,,5,2,1,3.0,1
201400016112,0014-12-15 20:45:00,14,12,15,20,45,130,55,"00, AVE FLORIAN",,,Nuit avec éclairage allumé,En agglomération,Hors intersection,Normale,Sans collision,,,,,,,,,,,5,2,1,1.0,7
201400016113,0014-12-16 16:20:00,14,12,16,16,20,130,55,"110, BD ROMAIN ROLLAND",43.27804,5.42105,Plein jour,En agglomération,Hors intersection,Normale,Sans collision,,,,,,,,,,,1,2,1,1.0,7
201400016114,0014-12-14 07:05:00,14,12,14,7,5,130,55,"01, BD DU REDON",43.25651,5.41972,Crépuscule ou aube,En agglomération,Hors intersection,Temps couvert,Autre collision,,,,,,,,,,,2,2,1,8.0,6
201400016115,0014-12-12 17:07:00,14,12,12,17,7,130,55,"03, BD GILLIBERT",43.26478,5.40876,Crépuscule ou aube,En agglomération,Hors intersection,Normale,Autre collision,,,,,,,,,,,2,2,1,1.0,6
201400016116,0014-12-16 15:50:00,14,12,16,15,50,130,55,"222, AVE DU PRADO",43.27636,5.38879,Plein jour,En agglomération,Hors intersection,Normale,Autre collision,,,,,,,,,,,1,2,1,1.0,6
201400016117,0014-11-03 14:33:00,14,11,3,14,33,130,75,"04, GENERAL DE GAULLE (M",43.33735,5.48343,Plein jour,En agglomération,Hors intersection,Normale,Autre collision,,,,,,,,,,,1,2,1,1.0,6
201400016118,0014-12-16 19:00:00,14,12,16,19,0,130,55,"02, BD GUSTAVE GANAY",43.26546,5.39673,Nuit avec éclairage allumé,En agglomération,Hors intersection,Normale,Autre collision,,,,,,,,,,,5,2,1,1.0,6
201400016119,0014-12-17 17:30:00,14,12,17,17,30,130,55,AVE MERLEAU PONTY,,,Nuit avec éclairage allumé,En agglomération,Hors intersection,Pluie légère,Deux véhicules - arrière,,,,,,,,,,,5,2,1,2.0,2
201400016120,0014-12-17 13:45:00,14,12,17,13,45,130,55,"17, BD ROLAND DORGELES",43.34646,5.37982,Plein jour,En agglomération,Hors intersection,Pluie légère,Autre collision,,,,,,,,,,,1,2,1,2.0,6
201400016121,0014-12-18 17:00:00,14,12,18,17,0,130,55,"28, BD DE LA PADOUANE",43.35337,5.36659,Plein jour,En agglomération,Hors intersection,Normale,Autre collision,,,,,,,,,,,1,2,1,1.0,6
201400016122,0014-12-19 13:05:00,14,12,19,13,5,130,55,"158, BD DE SAINTE MARGUE",43.26648,5.40824,Plein jour,En agglomération,Intersection en T,Normale,Autre collision,,,,,,,,,,,1,2,3,1.0,6
201400016123,0014-12-04 16:10:00,14,12,4,16,10,130,55,"00, RUE ALBERT EINSTEIN",,,Plein jour,En agglomération,Hors intersection,Pluie légère,Autre collision,,,,,,,,,,,1,2,1,2.0,6
201400016124,0014-12-16 18:30:00,14,12,16,18,30,130,55,"137, AVE CLOT BEY",43.25694,5.38283,Nuit avec éclairage allumé,En agglomération,Hors intersection,Normale,Autre collision,,,,,,,,,,,5,2,1,1.0,6
201400016125,0014-11-23 18:55:00,14,11,23,18,55,130,55,"00, RPT ALEXANDRE ET JER",43.29223,5.44585,Nuit avec éclairage allumé,En agglomération,Giratoire,Normale,Autre collision,,,,,,,,,,,5,2,6,1.0,6
201400016126,0014-12-22 19:15:00,14,12,22,19,15,130,55,"07, BD JULIEN RANCUREL",43.28483,5.48303,Nuit avec éclairage allumé,En agglomération,Hors intersection,Normale,Autre collision,,,,,,,,,,,5,2,1,1.0,6
201400016127,0014-12-19 15:00:00,14,12,19,15,0,130,55,"68, BD NATIONAL",,,Plein jour,En agglomération,Intersection en X,Normale,Sans collision,,,,,,,,,,,1,2,2,1.0,7
201400016128,0014-12-21 13:30:00,14,12,21,13,30,130,55,"236, AVE DE SAINT ANTOIN",43.37391,5.35578,Plein jour,En agglomération,Hors intersection,Normale,Autre collision,,,,,,,,,,,1,2,1,1.0,6
201400016129,0014-12-22 04:20:00,14,12,22,4,20,130,55,"130, AVE DE SAINT JEROME",43.33358,5.42017,Nuit avec éclairage allumé,En agglomération,Hors intersection,Normale,Autre collision,,,,,,,,,,,5,2,1,1.0,6
201400016130,0014-11-28 09:00:00,14,11,28,9,0,130,55,"01, AVE FERNAND SARDOU",43.35973,5.33925,Plein jour,En agglomération,Hors intersection,Vent fort / tempête,Autre collision,,,,,,,,,,,1,2,1,6.0,6
201400016131,0014-12-20 15:00:00,14,12,20,15,0,130,55,"36, TRA DE GIBBES",43.31846,5.37884,Crépuscule ou aube,En agglomération,Hors intersection,Normale,Autre collision,,,,,,,,,,,2,2,1,1.0,6
201400016132,0014-12-19 08:45:00,14,12,19,8,45,130,55,"00, CHE DE L ARMEE D AFR",,,Plein jour,En agglomération,Hors intersection,Normale,Autre collision,,,,,,,,,,,1,2,1,1.0,6
201400016133,0014-12-23 15:30:00,14,12,23,15,30,130,55,"30, BD DE LA POMME",43.29209,5.44606,Plein jour,En agglomération,Hors intersection,Normale,Autre collision,,,,,,,,,,,1,2,1,1.0,6
201400016134,0014-12-10 21:10:00,14,12,10,21,10,130,55,"344, BD MICHELET",43.25787,5.39936,Nuit sans éclairage public,En agglomération,Intersection en X,Normale,Deux véhicules - frontale,,,,,,,,,,,3,2,2,1.0,1
201400016135,0014-12-16 17:30:00,14,12,16,17,30,130,55,"01, AVE ELLEON",43.2856,5.44209,Crépuscule ou aube,En agglomération,Hors intersection,Normale,Autre collision,,,,,,,,,,,2,2,1,1.0,6