accident_id,datetime,annee,mois,jour,heure,minute,departement,commune_insee,adresse,latitude,longitude,luminosite,agglomeration,intersection,meteo,collision,nb_vehicules,nb_usagers,nb_indemnes,nb_tues,nb_blesses_hosp,nb_blesses_legers,age_cond_1,age_cond_2,veh_type_cond_1,veh_type_cond_2,lum_code,agg_code,int_code,atm_code,col_code
201400016262,0014-06-09 18:00:00,14,6,9,18,0,130,56,CARRO (avenue de),,,Plein jour,En agglomération,Hors intersection,Normale,Autre collision,,,,,,,,,,,1,2,1,1.0,6
201400016263,0014-06-11 06:00:00,14,6,11,6,0,130,26,MICHELES (rue des),,,Crépuscule ou aube,En agglomération,Hors intersection,Normale,Autre collision,,,,,,,,,,,2,2,1,1.0,6
201400016264,0014-06-12 08:05:00,14,6,12,8,5,130,56,ROUTE DU PORT DE LAVERA,,,Plein jour,En agglomération,Hors intersection,Normale,Deux véhicules - arrière,,,,,,,,,,,1,2,1,1.0,2
201400016265,0014-06-16 11:20:00,14,6,16,11,20,130,56,LECLERC (Parking G?n?ral,,,Plein jour,En agglomération,Hors intersection,Normale,Deux véhicules - côté,,,,,,,,,,,1,2,1,1.0,3
201400016266,0014-06-20 13:00:00,14,6,20,13,0,130,56,ELUARD BOULEVARD PAUL,,,Plein jour,En agglomération,Hors intersection,Normale,Deux véhicules - frontale,,,,,,,,,,,1,2,1,1.0,1
201400016267,0014-06-22 19:15:00,14,6,22,19,15,130,39,RN 568,,,Plein jour,Hors agglomération,Hors intersection,Normale,Deux véhicules - côté,,,,,,,,,,,1,1,1,1.0,3
201400016268,0014-06-28 05:50:00,14,6,28,5,50,130,77,RN 568,,,Crépuscule ou aube,En agglomération,Hors intersection,Normale,Deux véhicules - côté,,,,,,,,,,,2,2,1,1.0,3
201400016269,0014-07-02 20:05:00,14,7,2,20,5,130,56,TOURET DE VALLIER,43.42689,5.05838,Plein jour,En agglomération,Hors intersection,Normale,Autre collision,,,,,,,,,,,1,2,1,1.0,6
201400016270,0014-07-01 20:30:00,14,7,1,20,30,130,56,ALLENDE BOULEVARD SALVAD,,,Plein jour,En agglomération,Hors intersection,Normale,Autre collision,,,,,,,,,,,1,2,1,1.0,6
201400016271,0014-07-06 18:30:00,14,7,6,18,30,130,77,CHOPIN FREDERIC (bld),,,Crépuscule ou aube,En agglomération,Hors intersection,Normale,Deux véhicules - frontale,,,,,,,,,,,2,2,1,1.0,1
201400016272,0014-07-21 21:45:00,14,7,21,21,45,130,56,TAMARIS,43.38466,5.02553,Nuit avec éclairage allumé,Hors agglomération,Intersection en T,Normale,Deux véhicules - côté,,,,,,,,,,,5,1,3,1.0,3
201400016273,0014-07-18 08:40:00,14,7,18,8,40,130,56,COURONNE,,,Plein jour,Hors agglomération,Hors intersection,Normale,Deux véhicules - côté,,,,,,,,,,,1,1,1,1.0,3
201400016274,0014-07-19 10:10:00,14,7,19,10,10,130,77,RN 568,43.42181,4.97736,Plein jour,En agglomération,Intersection en T,Normale,Deux véhicules - côté,,,,,,,,,,,1,2,3,1.0,3
201400016275,0014-07-22 06:40:00,14,7,22,6,40,130,26,RN 568,,,Plein jour,Hors agglomération,Hors intersection,Normale,Trois véhicules et plus - collisions multiples,,,,,,,,,,,1,1,1,1.0,5
201400016276,0014-07-30 14:50:00,14,7,30,14,50,130,56,QUATORZE JUILLET,43.40874,5.05628,Plein jour,En agglomération,Hors intersection,Normale,Autre collision,,,,,,,,,,,1,2,1,1.0,6
201400016277,0014-07-24 17:40:00,14,7,24,17,40,130,26,RN 568,,,Plein jour,Hors agglomération,Hors intersection,Normale,Deux véhicules - frontale,,,,,,,,,,,1,1,1,1.0,1
201400016278,0014-08-03 14:30:00,14,8,3,14,30,130,56,REVEILLA,43.42267,5.02111,Plein jour,Hors agglomération,Intersection en T,Normale,Deux véhicules - côté,,,,,,,,,,,1,1,3,1.0,3
201400016279,0014-08-10 00:01:00,14,8,10,0,1,130,39,PHION (Chemin de),43.45556,4.93732,Nuit avec éclairage allumé,En agglomération,Intersection en X,Normale,Deux véhicules - frontale,,,,,,,,,,,5,2,2,1.0,1
201400016280,0014-08-23 02:40:00,14,8,23,2,40,130,56,ROUTE DE SAINT PIERRE,43.37782,5.06467,Nuit sans éclairage public,Hors agglomération,Hors intersection,Normale,Trois véhicules et plus - collisions multiples,,,,,,,,,,,3,1,1,1.0,5
201400016281,0014-08-25 05:40:00,14,8,25,5,40,130,77,RN 568,,,Crépuscule ou aube,Hors agglomération,Hors intersection,Normale,Trois véhicules et plus - en chaîne,,,,,,,,,,,2,1,1,1.0,4
201400016282,0014-08-20 10:50:00,14,8,20,10,50,130,77,LA TREMIE (acc?s RN 568,,,Plein jour,Hors agglomération,Hors intersection,Normale,Deux véhicules - arrière,,,,,,,,,,,1,1,1,1.0,2
201400016283,0014-08-21 18:10:00,14,8,21,18,10,130,56,PORT DE BOUC ROUTE DE,43.41091,5.02112,Plein jour,En agglomération,Intersection en T,Normale,Deux véhicules - côté,,,,,,,,,,,1,2,3,1.0,3
201400016284,0014-08-27 22:00:00,14,8,27,22,0,130,77,THOREZ MAURICE (avenue),,,Nuit avec éclairage allumé,En agglomération,Hors intersection,Normale,Deux véhicules - frontale,,,,,,,,,,,5,2,1,1.0,1
201400016285,0014-09-03 20:57:00,14,9,3,20,57,130,56,ROUTE DU PORT DE LAVERA,43.40156,5.01386,Nuit sans éclairage public,En agglomération,Hors intersection,Normale,Autre collision,,,,,,,,,,,3,2,1,1.0,6
201400016286,0014-08-25 16:15:00,14,8,25,16,15,130,56,ISTRES ROUTE D',43.42289,5.05614,Plein jour,En agglomération,Intersection en T,Normale,Deux véhicules - côté,,,,,,,,,,,1,2,3,1.0,3
201400016287,0014-08-28 18:40:00,14,8,28,18,40,130,77,RN 568,,,Plein jour,En agglomération,Hors intersection,Normale,Autre collision,,,,,,,,,,,1,2,1,1.0,6
201400016288,0014-09-12 15:45:00,14,9,12,15,45,130,56,DIX NEUF MARS 1962 BOULE,43.42084,5.03582,Plein jour,En agglomération,Intersection en T,Normale,Deux véhicules - côté,,,,,,,,,,,1,2,3,1.0,3
201400016289,0014-09-12 18:10:00,14,9,12,18,10,130,56,PARADIS CHEMIN DE,,,Plein jour,En agglomération,Hors intersection,Normale,Autre collision,,,,,,,,,,,1,2,1,1.0,6
201400016290,0014-09-21 05:15:00,14,9,21,5,15,130,39,FOSSETTE (Rond-point de,43.48679,4.88541,Nuit sans éclairage public,Hors agglomération,Hors intersection,Brouillard / fumée,Sans collision,,,,,,,,,,,3,1,1,5.0,7
201400016291,0014-09-29 13:40:00,14,9,29,13,40,130,39,RN 544,43.46045,4.89693,Plein jour,Hors agglomération,Hors intersection,Normale,Autre collision,,,,,,,,,,,1,1,1,1.0,6
201400016292,0014-09-26 15:30:00,14,9,26,15,30,130,39,RN 568,,,Plein jour,Hors agglomération,Hors intersection,Normale,Autre collision,,,,,,,,,,,1,1,1,1.0,6
201400016293,0014-09-19 14:45:00,14,9,19,14,45,130,56,AV TURCAN FRANCIS,,,Plein jour,En agglomération,Hors intersection,Normale,Trois véhicules et plus - en chaîne,,,,,,,,,,,1,2,1,1.0,4
201400016294,0014-10-06 10:55:00,14,10,6,10,55,130,39,SAINT-GERVAIS (Carrefour,43.43305,4.94129,Plein jour,Hors agglomération,Hors intersection,Normale,Deux véhicules - arrière,,,,,,,,,,,1,1,1,1.0,2
201400016295,0014-10-07 11:15:00,14,10,7,11,15,130,56,BARBOUSSADE CHEMIN DE,43.42484,5.05353,Plein jour,En agglomération,Intersection en X,Pluie légère,Autre collision,,,,,,,,,,,1,2,2,2.0,6
201400016296,0014-10-08 19:45:00,14,10,8,19,45,130,26,AUDIBERT (bld Armand),43.38628,5.16915,Nuit avec éclairage allumé,En agglomération,Intersection en X,Normale,Deux véhicules - côté,,,,,,,,,,,5,2,2,1.0,3
201400016297,0014-10-20 08:00:00,14,10,20,8,0,130,39,RN 568,43.49082,4.88114,Crépuscule ou aube,Hors agglomération,Hors intersection,Brouillard / fumée,Trois véhicules et plus - en chaîne,,,,,,,,,,,2,1,1,5.0,4
201400016298,0014-10-29 09:10:00,14,10,29,9,10,130,39,RN 568,,,Plein jour,Hors agglomération,Hors intersection,Normale,Trois véhicules et plus - en chaîne,,,,,,,,,,,1,1,1,1.0,4
201400016299,0014-10-13 14:30:00,14,10,13,14,30,130,77,RN 568,,,Plein jour,Hors agglomération,Hors intersection,Normale,Deux véhicules - arrière,,,,,,,,,,,1,1,1,1.0,2
201400016300,0014-10-14 08:30:00,14,10,14,8,30,130,26,CD 9,,,Plein jour,Hors agglomération,Hors intersection,Normale,Autre collision,,,,,,,,,,,1,1,1,1.0,6
201400016301,0014-10-21 23:55:00,14,10,21,23,55,130,56,FOURNIER BOULEVARD HELEN,43.41364,5.05703,Nuit avec éclairage allumé,En agglomération,Intersection en X,Normale,Deux véhicules - frontale,,,,,,,,,,,5,2,2,1.0,1
201400016302,0014-10-24 17:50:00,14,10,24,17,50,130,56,LECLERC QUAI GENERAL CHA,,,Plein jour,En agglomération,Hors intersection,Normale,Deux véhicules - arrière,,,,,,,,,,,1,2,1,1.0,2
201400016303,0014-11-08 19:10:00,14,11,8,19,10,130,56,TESSE MAURICE,,,Nuit avec éclairage allumé,En agglomération,Hors intersection,Normale,Autre collision,,,,,,,,,,,5,2,1,1.0,6
201400016304,0014-11-10 08:30:00,14,11,10,8,30,130,56,ARAGON (rue Louis),,,Plein jour,En agglomération,Hors intersection,Normale,Deux véhicules - frontale,,,,,,,,,,,1,2,1,1.0,1
201400016305,0014-11-19 11:20:00,14,11,19,11,20,130,56,TURCAN FRANCIS,,,Plein jour,En agglomération,Hors intersection,Normale,Deux véhicules - arrière,,,,,,,,,,,1,2,1,1.0,2
201400016306,0014-12-03 15:30:00,14,12,3,15,30,130,26,CD 9,,,Plein jour,Hors agglomération,Hors intersection,Normale,Deux véhicules - arrière,,,,,,,,,,,1,1,1,1.0,2
201400016307,0014-11-13 08:15:00,14,11,13,8,15,130,77,LA TREMIE (acc?s RN 568,,,Plein jour,En agglomération,Hors intersection,Normale,Deux véhicules - arrière,,,,,,,,,,,1,2,1,1.0,2
201400016308,0014-11-19 08:30:00,14,11,19,8,30,130,56,PINEDE ALLEE DE LA,,,Plein jour,En agglomération,Hors intersection,Normale,Autre collision,,,,,,,,,,,1,2,1,1.0,6
201400016309,0014-11-27 12:10:00,14,11,27,12,10,130,26,AUDIBERT (bld Armand),43.38625,5.16913,Plein jour,En agglomération,Intersection en X,Pluie forte,Deux véhicules - côté,,,,,,,,,,,1,2,2,3.0,3
201400016310,0014-12-12 15:40:00,14,12,12,15,40,130,39,RN 568,,,Plein jour,Hors agglomération,Hors intersection,Normale,Autre collision,,,,,,,,,,,1,1,1,1.0,6
201400016311,0014-12-13 11:30:00,14,12,13,11,30,130,56,FLEMING AVENUE DU ALEXAN,,,Plein jour,En agglomération,Hors intersection,Pluie légère,Deux véhicules - arrière,,,,,,,,,,,1,2,1,2.0,2
201400016312,0014-12-18 15:15:00,14,12,18,15,15,130,39,GUIGONNET (Route du),,,Plein jour,En agglomération,Hors intersection,Normale,Sans collision,,,,,,,,,,,1,2,1,1.0,7
201400016313,0014-01-09 16:10:00,14,1,9,16,10,130,103,"275, RUE PIRON -EUGENE",,,Plein jour,En agglomération,Hors intersection,Normale,Autre collision,,,,,,,,,,,1,2,1,1.0,6
201400016314,0014-01-16 08:20:00,14,1,16,8,20,130,103,CHEMIN SAINT JEAN-RD 68E,,,Plein jour,En agglomération,Hors intersection,Pluie légère,Autre collision,,,,,,,,,,,1,2,1,2.0,6
201400016315,0014-01-18 05:04:00,14,1,18,5,4,130,103,D 113,,,Nuit sans éclairage public,Hors agglomération,Hors intersection,Temps couvert,Autre collision,,,,,,,,,,,3,1,1,8.0,6
201400016316,0014-01-28 17:10:00,14,1,28,17,10,130,103,ROUTE DE JEAN MOULIN-RN,43.64733,5.09333,Crépuscule ou aube,Hors agglomération,Hors intersection,Normale,Deux véhicules - côté,,,,,,,,,,,2,1,1,1.0,3
201400016317,0014-01-29 07:35:00,14,1,29,7,35,130,103,AVENUE CHABAN DELMAS -JA,43.64048,5.06474,Crépuscule ou aube,Hors agglomération,Intersection en T,Pluie forte,Deux véhicules - côté,,,,,,,,,,,2,1,3,3.0,3
201400016318,0014-03-17 07:50:00,14,3,17,7,50,130,103,"1, RPT DES BARETTES",43.64035,5.07641,Plein jour,En agglomération,Giratoire,Normale,Deux véhicules - côté,,,,,,,,,,,1,2,6,1.0,3
201400016319,0014-04-30 08:45:00,14,4,30,8,45,130,103,AVENUE DE L' EUROPE,,,Plein jour,En agglomération,Hors intersection,Normale,Deux véhicules - côté,,,,,,,,,,,1,2,1,1.0,3
201400016320,0014-05-01 22:30:00,14,5,1,22,30,130,103,ROUTE D'ARLES-RN 113,,,Nuit sans éclairage public,Hors agglomération,Hors intersection,Normale,Autre collision,,,,,,,,,,,3,1,1,1.0,6
201400016321,0014-05-09 14:45:00,14,5,9,14,45,130,103,RTE D' EYGUIERES-RD 17,,,Plein jour,Hors agglomération,Hors intersection,Normale,Deux véhicules - frontale,,,,,,,,,,,1,1,1,1.0,1
201400016322,0014-05-26 11:50:00,14,5,26,11,50,130,103,VIEILLE ROUTE DE PELISSA,,,Plein jour,Hors agglomération,Hors intersection,Normale,Sans collision,,,,,,,,,,,1,1,1,1.0,7
201400016323,0014-05-27 12:00:00,14,5,27,12,0,130,103,RUE DE GRIGNAN,,,Plein jour,En agglomération,Autre intersection,Normale,Sans collision,,,,,,,,,,,1,2,9,1.0,7
201400016324,0014-06-29 06:10:00,14,6,29,6,10,130,103,RTE DE PELISSANNE-RD 572,,,Crépuscule ou aube,Hors agglomération,Hors intersection,Normale,Autre collision,,,,,,,,,,,2,1,1,1.0,6
201400016325,0014-07-03 12:30:00,14,7,3,12,30,130,103,"483, AVENUE DE LATTRE DE",,,Plein jour,En agglomération,Hors intersection,Normale,Deux véhicules - côté,,,,,,,,,,,1,2,1,1.0,3
201400016326,0014-07-18 03:15:00,14,7,18,3,15,130,103,ROUTE DE JEAN MOULIN-RN,,,Nuit sans éclairage public,Hors agglomération,Hors intersection,Normale,Deux véhicules - frontale,,,,,,,,,,,3,1,1,1.0,1
201400016327,0014-07-18 15:00:00,14,7,18,15,0,130,103,RN 569,,,Plein jour,Hors agglomération,Hors intersection,Normale,Trois véhicules et plus - en chaîne,,,,,,,,,,,1,1,1,1.0,4
201400016328,0014-07-25 08:30:00,14,7,25,8,30,130,103,AVENUE MICHELET,,,Plein jour,En agglomération,Hors intersection,Normale,Autre collision,,,,,,,,,,,1,2,1,1.0,6
201400016329,0014-07-27 02:10:00,14,7,27,2,10,130,103,"153, ROUTE DE JEAN MOULI",43.64868,5.09392,Nuit sans éclairage public,Hors agglomération,Hors intersection,Normale,Autre collision,,,,,,,,,,,3,1,1,1.0,6
201400016330,0014-07-28 22:00:00,14,7,28,22,0,130,103,BOULEVARD DANTON,,,Nuit avec éclairage allumé,En agglomération,Hors intersection,Normale,Autre collision,,,,,,,,,,,5,2,1,1.0,6
201400016331,0014-08-15 00:01:00,14,8,15,0,1,130,103,AVENUE DE LATTRE DE TASS,43.67299,5.07361,Nuit sans éclairage public,En agglomération,Hors intersection,Normale,Sans collision,,,,,,,,,,,3,2,1,1.0,7
201400016332,0014-08-26 09:30:00,14,8,26,9,30,130,103,AVENUE CHABAN DELMAS  J,43.64049,5.06475,Plein jour,En agglomération,Intersection en T,Temps couvert,Deux véhicules - frontale,,,,,,,,,,,1,2,3,8.0,1
201400016333,0014-09-09 15:50:00,14,9,9,15,50,130,103,"0, BOULEVARD DES CAPUCIN",,,Plein jour,En agglomération,Hors intersection,Normale,Autre collision,,,,,,,,,,,1,2,1,1.0,6
201400016334,0014-09-15 23:10:00,14,9,15,23,10,130,103,"0, RUE KINET",43.6473,5.09298,Nuit avec éclairage allumé,En agglomération,Intersection en X,Pluie légère,Deux véhicules - côté,,,,,,,,,,,5,2,2,2.0,3
201400016335,0014-10-09 13:05:00,14,10,9,13,5,130,103,"0, AVENUE LECLERC   DU M",,,Plein jour,En agglomération,Hors intersection,Normale,Deux véhicules - côté,,,,,,,,,,,1,2,1,1.0,3
201400016336,0014-11-17 04:30:00,14,11,17,4,30,130,103,RUE CHANZY,43.64014,5.09454,Nuit avec éclairage allumé,En agglomération,Hors intersection,Normale,Autre collision,,,,,,,,,,,5,2,1,1.0,6
201400016337,0014-11-17 16:40:00,14,11,17,16,40,130,103,AVENUE MOULIN -JEAN- RN,,,Plein jour,Hors agglomération,Autre intersection,Normale,Deux véhicules - côté,,,,,,,,,,,1,1,9,1.0,3
201400016338,0014-12-07 12:05:00,14,12,7,12,5,130,103,COURS CARNOT,,,Plein jour,En agglomération,Hors intersection,Normale,Autre collision,,,,,,,,,,,1,2,1,1.0,6
201400016339,0014-01-02 00:20:00,14,1,2,0,20,300,32,BELLEGARDE ROUTE DE,43.77966,4.54872,Nuit sans éclairage public,Hors agglomération,Hors intersection,Pluie légère,Deux véhicules - frontale,,,,,,,,,,,3,1,1,2.0,1
201400016340,0014-01-03 12:50:00,14,1,3,12,50,300,32,SAINT GILLES ROUTE DE,43.79738,4.60914,Plein jour,Hors agglomération,Intersection en T,Normale,Autre collision,,,,,,,,,,,1,1,3,1.0,6
201400016341,0014-01-11 18:30:00,14,1,11,18,30,300,32,FARCIENNES AVENUE DE,43.81237,4.62964,Nuit avec éclairage allumé,En agglomération,Intersection en T,Normale,Deux véhicules - côté,,,,,,,,,,,5,2,3,1.0,3
201400016342,0014-01-23 10:30:00,14,1,23,10,30,130,108,VALLABREGUES ( RD 81 ROU,,,Plein jour,Hors agglomération,Hors intersection,Normale,Sans collision,,,,,,,,,,,1,1,1,1.0,7
201400016343,0014-01-31 07:00:00,14,1,31,7,0,130,108,JULES FERRY (BOULEVARD),43.8021,4.66378,Crépuscule ou aube,En agglomération,Hors intersection,Pluie forte,Autre collision,,,,,,,,,,,2,2,1,3.0,6
201400016344,0014-01-08 08:00:00,14,1,8,8,0,130,108,"1, D33 ROUTE DE FONTVEIL",43.75046,4.70165,Crépuscule ou aube,Hors agglomération,Hors intersection,Normale,Sans collision,,,,,,,,,,,2,1,1,1.0,7
201400016345,0014-02-01 01:20:00,14,2,1,1,20,300,32,SAINT GILLES ROUTE DE,,,Nuit sans éclairage public,Hors agglomération,Hors intersection,Normale,Sans collision,,,,,,,,,,,3,1,1,1.0,7
201400016346,0014-02-07 12:30:00,14,2,7,12,30,130,108,"70, VICTOR HUGO (BOULEVA",43.80306,4.66135,Plein jour,En agglomération,Intersection en T,Normale,Deux véhicules - côté,,,,,,,,,,,1,2,3,1.0,3
201400016347,0014-02-08 10:10:00,14,2,8,10,10,300,32,"8135, saint gilles route",43.78024,4.54998,Plein jour,Hors agglomération,Hors intersection,Pluie légère,Sans collision,,,,,,,,,,,1,1,1,2.0,7
201400016348,0014-02-12 22:55:00,14,2,12,22,55,300,32,D999,43.80462,4.64919,Nuit avec éclairage allumé,Hors agglomération,Hors intersection,Normale,Autre collision,,,,,,,,,,,5,1,1,1.0,6
201400016349,0014-02-12 12:35:00,14,2,12,12,35,130,108,RD 570 N ROUTE D ARLES,,,Plein jour,Hors agglomération,Hors intersection,Normale,Sans collision,,,,,,,,,,,1,1,1,1.0,7
201400016350,0014-02-17 08:45:00,14,2,17,8,45,300,32,NIMES ROUTE DE CD 999,43.81718,4.61682,Plein jour,Hors agglomération,Hors intersection,Normale,Deux véhicules - frontale,,,,,,,,,,,1,1,1,1.0,1
201400016351,0014-02-17 18:45:00,14,2,17,18,45,300,32,NIMES ROUTE DE CD 999,43.81682,4.61446,Nuit avec éclairage non allumé,En agglomération,Hors intersection,Normale,Autre collision,,,,,,,,,,,4,2,1,1.0,6
201400016352,0014-02-20 12:20:00,14,2,20,12,20,300,32,NIMES ROUTE DE CD 999,43.81865,4.61227,Plein jour,Hors agglomération,Hors intersection,Normale,Sans collision,,,,,,,,,,,1,1,1,1.0,7
201400016353,0014-02-21 18:40:00,14,2,21,18,40,130,108,"3, REPUBLIQUE (AVENUE)",43.80486,4.65519,Crépuscule ou aube,En agglomération,Hors intersection,Normale,Autre collision,,,,,,,,,,,2,2,1,1.0,6
201400016354,0014-02-25 07:00:00,14,2,25,7,0,300,32,saint gilles route de,43.79821,4.60857,Crépuscule ou aube,Hors agglomération,Intersection en T,Normale,Deux véhicules - côté,,,,,,,,,,,2,1,3,1.0,3
201400016355,0014-03-01 14:00:00,14,3,1,14,0,300,32,CABANETTE CHEMIN DE,43.73854,4.58408,Plein jour,Hors agglomération,Intersection en X,Normale,Deux véhicules - côté,,,,,,,,,,,1,1,2,1.0,3
201400016356,0014-03-08 23:30:00,14,3,8,23,30,300,32,D 90,43.79249,4.63025,Nuit sans éclairage public,Hors agglomération,Autre intersection,Normale,Sans collision,,,,,,,,,,,3,1,9,1.0,7
201400016357,0014-03-09 17:45:00,14,3,9,17,45,130,108,RD 970 ROUTE D'AVIGNON,43.81401,4.67212,Plein jour,Hors agglomération,Hors intersection,Normale,Trois véhicules et plus - collisions multiples,,,,,,,,,,,1,1,1,1.0,5
201400016358,0014-03-13 00:01:00,14,3,13,0,1,130,108,ARLES (PETITE ROUTE D AR,43.74212,4.65352,Nuit sans éclairage public,Hors agglomération,Hors intersection,Normale,Sans collision,,,,,,,,,,,3,1,1,1.0,7
201400016359,0014-03-23 18:30:00,14,3,23,18,30,130,108,"2A, RD 970 ROUTE D'AVIGN",43.81767,4.68076,Crépuscule ou aube,Hors agglomération,Hors intersection,Normale,Sans collision,,,,,,,,,,,2,1,1,1.0,7
201400016360,0014-03-27 17:20:00,14,3,27,17,20,300,32,MIRABEAU RUE,43.80728,4.64782,Plein jour,En agglomération,Intersection en T,Normale,Deux véhicules - côté,,,,,,,,,,,1,2,3,1.0,3
201400016361,0014-04-10 13:45:00,14,4,10,13,45,130,108,VOLTAIRE (FAUBOURG),,,Plein jour,En agglomération,Hors intersection,Normale,Deux véhicules - arrière,,,,,,,,,,,1,2,1,1.0,2
201400016362,0014-04-10 14:00:00,14,4,10,14,0,130,108,ARLES (PETITE ROUTE D AR,,,Plein jour,Hors agglomération,Hors intersection,Normale,Sans collision,,,,,,,,,,,1,1,1,1.0,7
201400016363,0014-04-11 20:15:00,14,4,11,20,15,130,108,"1, SAINT GEORGES (CHEMIN",43.80778,4.66293,Crépuscule ou aube,En agglomération,Autre intersection,Normale,Sans collision,,,,,,,,,,,2,2,9,1.0,7
201400016364,0014-04-14 11:45:00,14,4,14,11,45,300,32,"12, FARCIENNES AVENUE DE",43.80928,4.63856,Plein jour,En agglomération,Hors intersection,Normale,Autre collision,,,,,,,,,,,1,2,1,1.0,6
201400016365,0014-04-15 17:10:00,14,4,15,17,10,130,108,RD 99 ROUTE DE SAINT REM,43.79662,4.69045,Plein jour,Hors agglomération,Hors intersection,Normale,Autre collision,,,,,,,,,,,1,1,1,1.0,6
201400016366,0014-04-17 19:00:00,14,4,17,19,0,300,32,"34, MARECHAL JUIN AVENUE",43.80911,4.62265,Plein jour,En agglomération,Hors intersection,Normale,Sans collision,,,,,,,,,,,1,2,1,1.0,7
201400016367,0014-04-21 16:35:00,14,4,21,16,35,130,108,RD 970 ROUTE D'AVIGNON,43.83694,4.72565,Plein jour,Hors agglomération,Intersection en X,Normale,Deux véhicules - côté,,,,,,,,,,,1,1,2,1.0,3
201400016368,0014-04-25 09:58:00,14,4,25,9,58,300,32,MARECHAL FOCH BD DU,43.80956,4.63863,Plein jour,En agglomération,Hors intersection,Normale,Deux véhicules - arrière,,,,,,,,,,,1,2,1,1.0,2
201400016369,0014-05-02 09:00:00,14,5,2,9,0,130,108,CD 35 ROUTE DE BOULBON,43.83508,4.67378,Plein jour,Hors agglomération,Hors intersection,Normale,Sans collision,,,,,,,,,,,1,1,1,1.0,7
201400016370,0014-05-03 09:45:00,14,5,3,9,45,130,108,RD 970 ROUTE D'AVIGNON,,,Plein jour,Hors agglomération,Hors intersection,Normale,Deux véhicules - arrière,,,,,,,,,,,1,1,1,1.0,2
201400016371,0014-05-06 16:00:00,14,5,6,16,0,130,108,RD 570 N ROUTE D ARLES,,,Plein jour,Hors agglomération,Hors intersection,Normale,Sans collision,,,,,,,,,,,1,1,1,1.0,7
201400016372,0014-05-08 17:20:00,14,5,8,17,20,300,32,"43, LILAS IMPASSE DES",,,Plein jour,En agglomération,Hors intersection,Normale,Sans collision,,,,,,,,,,,1,2,1,1.0,7
201400016373,0014-05-13 17:40:00,14,5,13,17,40,300,32,BELLEGARDE ROUTE DE,43.78518,4.56978,Plein jour,Hors agglomération,Hors intersection,Normale,Sans collision,,,,,,,,,,,1,1,1,1.0,7
201400016374,0014-05-15 14:30:00,14,5,15,14,30,130,108,REVOLUTION (RUE),43.80474,4.66135,Plein jour,En agglomération,Intersection en T,Normale,Deux véhicules - côté,,,,,,,,,,,1,2,3,1.0,3
201400016375,0014-05-17 04:19:00,14,5,17,4,19,300,32,FOURQUES ROUTE DE,,,Nuit sans éclairage public,Hors agglomération,Hors intersection,Normale,Deux véhicules - frontale,,,,,,,,,,,3,1,1,1.0,1
201400016376,0014-05-17 18:49:00,14,5,17,18,49,130,108,RD 99 ROUTE DE SAINT REM,43.79663,4.69032,Plein jour,Hors agglomération,Hors intersection,Normale,Deux véhicules - côté,,,,,,,,,,,1,1,1,1.0,3
201400016377,0014-05-22 09:30:00,14,5,22,9,30,300,32,VALESCURE CHEMIN DE,43.7799,4.5298,Plein jour,Hors agglomération,Hors intersection,Normale,Deux véhicules - côté,,,,,,,,,,,1,1,1,1.0,3
201400016378,0014-05-24 06:55:00,14,5,24,6,55,300,32,D 90,43.83087,4.61846,Plein jour,Hors agglomération,Hors intersection,Normale,Deux véhicules - arrière,,,,,,,,,,,1,1,1,1.0,2
201400016379,0014-06-03 15:40:00,14,6,3,15,40,300,32,BELLEGARDE ROUTE DE,43.7733,4.53754,Plein jour,Hors agglomération,Hors intersection,Normale,Autre collision,,,,,,,,,,,1,1,1,1.0,6
201400016380,0014-06-07 10:45:00,14,6,7,10,45,300,32,FARCIENNES AVENUE DE,43.8113,4.63486,Plein jour,En agglomération,Hors intersection,Normale,Trois véhicules et plus - collisions multiples,,,,,,,,,,,1,2,1,1.0,5
201400016381,0014-06-15 15:46:00,14,6,15,15,46,300,32,MOULINELLE AVENUE DE,,,Plein jour,En agglomération,Hors intersection,Pluie légère,Sans collision,,,,,,,,,,,1,2,1,2.0,7
201400016382,0014-06-14 14:15:00,14,6,14,14,15,130,108,RD 570 N ROUTE D ARLES,,,Plein jour,Hors agglomération,Hors intersection,Normale,Sans collision,,,,,,,,,,,1,1,1,1.0,7
201400016383,0014-06-09 15:30:00,14,6,9,15,30,300,32,CHEMIN DE LANDAU,43.78532,4.55502,Plein jour,En agglomération,Hors intersection,Normale,Sans collision,,,,,,,,,,,1,2,1,1.0,7
201400016384,0014-06-17 08:30:00,14,6,17,8,30,130,108,RD 99 ROUTE DE SAINT REM,43.7952,4.69669,Plein jour,Hors agglomération,Hors intersection,Normale,Sans collision,,,,,,,,,,,1,1,1,1.0,7
201400016385,0014-06-24 18:10:00,14,6,24,18,10,130,108,RD 970 ROUTE D'AVIGNON,,,Plein jour,Hors agglomération,Hors intersection,Normale,Sans collision,,,,,,,,,,,1,1,1,1.0,7
201400016386,0014-06-25 19:30:00,14,6,25,19,30,130,108,VALLABREGUES ( RD 81 ROU,,,Plein jour,Hors agglomération,Hors intersection,Normale,Sans collision,,,,,,,,,,,1,1,1,1.0,7
201400016387,0014-06-25 10:45:00,14,6,25,10,45,300,32,FARCIENNES AVENUE DE,,,Plein jour,En agglomération,Hors intersection,Pluie forte,Deux véhicules - arrière,,,,,,,,,,,1,2,1,3.0,2