accident_id,datetime,annee,mois,jour,heure,minute,departement,commune_insee,adresse,latitude,longitude,luminosite,agglomeration,intersection,meteo,collision,nb_vehicules,nb_usagers,nb_indemnes,nb_tues,nb_blesses_hosp,nb_blesses_legers,age_cond_1,age_cond_2,veh_type_cond_1,veh_type_cond_2,lum_code,agg_code,int_code,atm_code,col_code
201400016388,0014-06-26 21:10:00,14,6,26,21,10,130,108,DESPLACES GUSTAVE (BOULE,43.80258,4.65766,Nuit avec éclairage allumé,En agglomération,Hors intersection,Normale,Sans collision,,,,,,,,,,,5,2,1,1.0,7
201400016389,0014-06-27 18:45:00,14,6,27,18,45,300,32,JEAN MONNET AVENUE,,,Plein jour,Hors agglomération,Hors intersection,Normale,Trois véhicules et plus - collisions multiples,,,,,,,,,,,1,1,1,1.0,5
201400016390,0014-07-05 07:30:00,14,7,5,7,30,300,32,BELLEGARDE ROUTE DE,43.77954,4.54844,Plein jour,Hors agglomération,Hors intersection,Normale,Deux véhicules - côté,,,,,,,,,,,1,1,1,1.0,3
201400016391,0014-07-22 17:00:00,14,7,22,17,0,130,108,RD 570 N ROUTE D ARLES,43.75607,4.68337,Plein jour,Hors agglomération,Hors intersection,Normale,Deux véhicules - côté,,,,,,,,,,,1,1,1,1.0,3
201400016392,0014-07-22 12:50:00,14,7,22,12,50,130,108,RD 570 N ROUTE D ARLES,43.75607,4.68337,Plein jour,Hors agglomération,Hors intersection,Normale,Sans collision,,,,,,,,,,,1,1,1,1.0,7
201400016393,0014-07-25 19:50:00,14,7,25,19,50,300,32,"8135, SAINT GILLES ROUTE",43.77855,4.54546,Plein jour,Hors agglomération,Hors intersection,Pluie légère,Sans collision,,,,,,,,,,,1,1,1,2.0,7
201400016394,0014-07-25 20:00:00,14,7,25,20,0,130,108,RD 970 ROUTE D ARLES,43.78661,4.67652,Plein jour,Hors agglomération,Hors intersection,Normale,Sans collision,,,,,,,,,,,1,1,1,1.0,7
201400016395,0014-07-29 08:20:00,14,7,29,8,20,300,32,D 90,43.79892,4.60813,Plein jour,Hors agglomération,Hors intersection,Normale,Sans collision,,,,,,,,,,,1,1,1,1.0,7
201400016396,0014-08-01 22:50:00,14,8,1,22,50,130,108,CHATEAU (RUE),,,Nuit avec éclairage non allumé,En agglomération,Hors intersection,Normale,Trois véhicules et plus - collisions multiples,,,,,,,,,,,4,2,1,1.0,5
201400016397,0014-08-05 11:30:00,14,8,5,11,30,300,32,ANCIENS COMBATTANTS AFRI,43.81138,4.64429,Plein jour,En agglomération,Intersection en X,Normale,Deux véhicules - côté,,,,,,,,,,,1,2,2,1.0,3
201400016398,0014-08-05 13:46:00,14,8,5,13,46,130,108,RD 99 ROUTE DE SAINT REM,43.80113,4.67021,Plein jour,En agglomération,Hors intersection,Normale,Deux véhicules - arrière,,,,,,,,,,,1,2,1,1.0,2
201400016399,0014-08-10 15:50:00,14,8,10,15,50,130,108,RD 570 N ROUTE D ARLES,43.79476,4.67011,Plein jour,Hors agglomération,Intersection en T,Normale,Deux véhicules - côté,,,,,,,,,,,1,1,3,1.0,3
201400016400,0014-08-17 18:10:00,14,8,17,18,10,130,108,"1, D33 ROUTE DE FONTVEIL",43.75096,4.70083,Plein jour,Hors agglomération,Intersection en Y,Normale,Deux véhicules - côté,,,,,,,,,,,1,1,4,1.0,3
201400016401,0014-08-21 16:15:00,14,8,21,16,15,300,32,NIMES ROUTE DE CD 999,43.79246,4.63123,Plein jour,Hors agglomération,Hors intersection,Normale,Trois véhicules et plus - en chaîne,,,,,,,,,,,1,1,1,1.0,4
201400016402,0014-08-26 19:25:00,14,8,26,19,25,130,108,"1, D33 A",43.75102,4.70079,Plein jour,Hors agglomération,Intersection en T,Normale,Autre collision,,,,,,,,,,,1,1,3,1.0,6
201400016403,0014-08-31 07:40:00,14,8,31,7,40,130,108,RD 570 N ROUTE D ARLES,43.74611,4.67691,Plein jour,Hors agglomération,Hors intersection,Normale,Sans collision,,,,,,,,,,,1,1,1,1.0,7
201400016404,0014-09-01 08:45:00,14,9,1,8,45,130,108,ITAM (BOULEVARD),43.80654,4.65743,Plein jour,En agglomération,Intersection en X,Normale,Autre collision,,,,,,,,,,,1,2,2,1.0,6
201400016405,0014-09-01 15:15:00,14,9,1,15,15,300,32,SAINT JOSEPH CHEMIN DE,43.8034,4.64157,Plein jour,En agglomération,Hors intersection,Normale,Deux véhicules - côté,,,,,,,,,,,1,2,1,1.0,3
201400016406,0014-09-01 17:25:00,14,9,1,17,25,300,32,"22, FARCIENNES AVENUE DE",43.81127,4.63545,Plein jour,En agglomération,Hors intersection,Normale,Deux véhicules - arrière,,,,,,,,,,,1,2,1,1.0,2
201400016407,0014-09-03 07:50:00,14,9,3,7,50,300,32,GAMBETTA COURS,43.80607,4.64337,Plein jour,En agglomération,Intersection en X,Normale,Deux véhicules - côté,,,,,,,,,,,1,2,2,1.0,3
201400016408,0014-09-05 17:00:00,14,9,5,17,0,130,108,ARLES (PETITE ROUTE D AR,43.7699,4.66814,Plein jour,Hors agglomération,Hors intersection,Normale,Deux véhicules - frontale,,,,,,,,,,,1,1,1,1.0,1
201400016409,0014-09-09 16:15:00,14,9,9,16,15,130,108,JULES FERRY (BOULEVARD),43.80271,4.66294,Plein jour,En agglomération,Hors intersection,Normale,Autre collision,,,,,,,,,,,1,2,1,1.0,6
201400016410,0014-09-11 15:45:00,14,9,11,15,45,130,108,RD 970 ROUTE D'AVIGNON,43.80213,4.66326,Plein jour,Hors agglomération,Hors intersection,Normale,Sans collision,,,,,,,,,,,1,1,1,1.0,7
201400016411,0014-09-13 15:40:00,14,9,13,15,40,130,108,"2, VOLTAIRE (FAUBOURG)",43.80876,4.66358,Plein jour,En agglomération,Hors intersection,Normale,Trois véhicules et plus - collisions multiples,,,,,,,,,,,1,2,1,1.0,5
201400016412,0014-09-16 12:30:00,14,9,16,12,30,300,32,"38, SAINT GILLES ROUTE D",,,Plein jour,Hors agglomération,Hors intersection,Normale,Deux véhicules - arrière,,,,,,,,,,,1,1,1,1.0,2
201400016413,0014-09-20 08:40:00,14,9,20,8,40,130,108,RD 570 N ROUTE D ARLES,43.78024,4.70029,Plein jour,Hors agglomération,Hors intersection,Normale,Sans collision,,,,,,,,,,,1,1,1,1.0,7
201400016414,0014-09-24 08:18:00,14,9,24,8,18,300,32,saint gilles route de D3,43.77879,4.54608,Plein jour,Hors agglomération,Hors intersection,Pluie forte,Sans collision,,,,,,,,,,,1,1,1,3.0,7
201400016415,0014-09-26 07:45:00,14,9,26,7,45,130,108,RD 99 ROUTE DE SAINT REM,,,Plein jour,Hors agglomération,Hors intersection,Normale,Autre collision,,,,,,,,,,,1,1,1,1.0,6
201400016416,0014-09-26 10:15:00,14,9,26,10,15,130,108,VALLABREGUES ( RD 81 ROU,43.82345,4.64944,Plein jour,Hors agglomération,Hors intersection,Normale,Autre collision,,,,,,,,,,,1,1,1,1.0,6
201400016417,0014-09-30 17:30:00,14,9,30,17,30,300,32,SAINT GILLES ROUTE DE,43.79917,4.60983,Plein jour,Hors agglomération,Hors intersection,Normale,Deux véhicules - arrière,,,,,,,,,,,1,1,1,1.0,2
201400016418,0014-10-09 21:30:00,14,10,9,21,30,300,32,COMPS ROUTE DE,43.83073,4.61783,Nuit sans éclairage public,Hors agglomération,Hors intersection,Normale,Autre collision,,,,,,,,,,,3,1,1,1.0,6
201400016419,0014-10-10 13:50:00,14,10,10,13,50,130,108,ROUSTIDES (CHEMIN DES),,,Plein jour,En agglomération,Hors intersection,Pluie légère,Sans collision,,,,,,,,,,,1,2,1,2.0,7
201400016420,0014-10-10 15:00:00,14,10,10,15,0,130,108,CD 8O ROUTE DE GRAVESON,,,Plein jour,Hors agglomération,Hors intersection,Normale,Autre collision,,,,,,,,,,,1,1,1,1.0,6
201400016421,0014-10-12 16:45:00,14,10,12,16,45,300,32,REDOUTE RUE DE LA,,,Plein jour,En agglomération,Hors intersection,Normale,Autre collision,,,,,,,,,,,1,2,1,1.0,6
201400016422,0014-10-18 17:30:00,14,10,18,17,30,300,32,saint gilles route de,43.80718,4.6364,Plein jour,En agglomération,Hors intersection,Normale,Sans collision,,,,,,,,,,,1,2,1,1.0,7
201400016423,0014-10-31 18:15:00,14,10,31,18,15,300,32,saint gilles route de D3,43.79142,4.5824,Nuit sans éclairage public,Hors agglomération,Hors intersection,Normale,Sans collision,,,,,,,,,,,3,1,1,1.0,7
201400016424,0014-11-01 02:15:00,14,11,1,2,15,300,32,saint gilles route de D3,,,Nuit sans éclairage public,Hors agglomération,Hors intersection,Normale,Sans collision,,,,,,,,,,,3,1,1,1.0,7
201400016425,0014-11-04 19:03:00,14,11,4,19,3,130,108,RD 970 ROUTE D'AVIGNON,43.8247,4.69685,Nuit sans éclairage public,Hors agglomération,Hors intersection,Pluie légère,Sans collision,,,,,,,,,,,3,1,1,2.0,7
201400016426,0014-11-06 17:15:00,14,11,6,17,15,300,32,D 90,43.79412,4.61167,Crépuscule ou aube,Hors agglomération,Hors intersection,Normale,Autre collision,,,,,,,,,,,2,1,1,1.0,6
201400016427,0014-11-07 07:35:00,14,11,7,7,35,300,32,paix quai de la,,,Crépuscule ou aube,En agglomération,Hors intersection,Normale,Autre collision,,,,,,,,,,,2,2,1,1.0,6
201400016428,0014-11-04 12:30:00,14,11,4,12,30,130,108,CD 35 ROUTE DE BOULBON,,,Plein jour,Hors agglomération,Hors intersection,Pluie légère,Sans collision,,,,,,,,,,,1,1,1,2.0,7
201400016429,0014-11-08 16:30:00,14,11,8,16,30,130,108,RD 970 ROUTE D'AVIGNON,43.77963,4.68142,Plein jour,Hors agglomération,Hors intersection,Normale,Deux véhicules - côté,,,,,,,,,,,1,1,1,1.0,3
201400016430,0014-11-15 18:05:00,14,11,15,18,5,130,108,GAMBETTA (BOULEVARD),43.80277,4.6629,Nuit avec éclairage allumé,En agglomération,Hors intersection,Pluie légère,Autre collision,,,,,,,,,,,5,2,1,2.0,6
201400016431,0014-11-18 20:05:00,14,11,18,20,5,130,108,VALLABREGUES ( RD 81 ROU,43.82996,4.65142,Nuit sans éclairage public,Hors agglomération,Hors intersection,Normale,Sans collision,,,,,,,,,,,3,1,1,1.0,7
201400016432,0014-11-19 16:15:00,14,11,19,16,15,300,32,hotel de ville,,,Plein jour,En agglomération,Hors intersection,Normale,Autre collision,,,,,,,,,,,1,2,1,1.0,6
201400016433,0014-11-19 23:00:00,14,11,19,23,0,300,32,"4828, BELLEGARDE ROUTE D",43.79283,4.5859,Nuit sans éclairage public,Hors agglomération,Hors intersection,Normale,Sans collision,,,,,,,,,,,3,1,1,1.0,7
201400016434,0014-11-27 15:40:00,14,11,27,15,40,300,32,JULES FERRY AVENUE,,,Plein jour,En agglomération,Hors intersection,Normale,Autre collision,,,,,,,,,,,1,2,1,1.0,6
201400016435,0014-11-27 17:30:00,14,11,27,17,30,130,108,RD 99 D,43.78522,4.66033,Nuit sans éclairage public,Hors agglomération,Hors intersection,Pluie forte,Deux véhicules - frontale,,,,,,,,,,,3,1,1,3.0,1
201400016436,0014-12-07 17:45:00,14,12,7,17,45,130,108,ITAM (BOULEVARD),,,Nuit avec éclairage non allumé,En agglomération,Hors intersection,Normale,Trois véhicules et plus - en chaîne,,,,,,,,,,,4,2,1,1.0,4
201400016437,0014-12-06 18:52:00,14,12,6,18,52,130,108,RD 570 N ROUTE D ARLES,,,Nuit sans éclairage public,Hors agglomération,Hors intersection,Normale,Deux véhicules - frontale,,,,,,,,,,,3,1,1,1.0,1
201400016438,0014-12-12 16:57:00,14,12,12,16,57,130,108,"699, MAS DE BOSC CHEMIN",,,Crépuscule ou aube,Hors agglomération,Hors intersection,Normale,Deux véhicules - arrière,,,,,,,,,,,2,1,1,1.0,2
201400016439,0014-12-12 19:30:00,14,12,12,19,30,300,32,FOURQUES ROUTE DE,43.75764,4.615,Nuit sans éclairage public,Hors agglomération,Hors intersection,Normale,Deux véhicules - côté,,,,,,,,,,,3,1,1,1.0,3
201400016440,0014-12-18 11:00:00,14,12,18,11,0,300,32,SAINT GILLES ROUTE DE,,,Plein jour,Hors agglomération,Hors intersection,Normale,Sans collision,,,,,,,,,,,1,1,1,1.0,7
201400016441,0014-12-18 14:00:00,14,12,18,14,0,300,32,CARREFOUR PARKING CENTRE,43.81716,4.61339,Plein jour,En agglomération,Hors intersection,Normale,Autre collision,,,,,,,,,,,1,2,1,1.0,6
201400016442,0014-12-19 11:45:00,14,12,19,11,45,130,108,"1, D33 ROUTE DE FONTVEIL",,,Plein jour,Hors agglomération,Hors intersection,Normale,Sans collision,,,,,,,,,,,1,1,1,1.0,7
201400016443,0014-12-20 21:50:00,14,12,20,21,50,300,32,D999,,,Nuit avec éclairage allumé,En agglomération,Hors intersection,Normale,Sans collision,,,,,,,,,,,5,2,1,1.0,7
201400016444,0014-12-22 19:56:00,14,12,22,19,56,130,108,VALLABREGUES ( RD 81 ROU,43.82378,4.64903,Nuit sans éclairage public,Hors agglomération,Hors intersection,Normale,Sans collision,,,,,,,,,,,3,1,1,1.0,7
201400016445,0014-12-23 15:00:00,14,12,23,15,0,300,32,FOURQUES ROUTE DE,43.78488,4.6269,Plein jour,Hors agglomération,Hors intersection,Normale,Deux véhicules - frontale,,,,,,,,,,,1,1,1,1.0,1
201400016446,0014-12-23 19:30:00,14,12,23,19,30,130,108,D33 ROUTE DE FONTVEILLE,,,Nuit sans éclairage public,Hors agglomération,Hors intersection,Normale,Sans collision,,,,,,,,,,,3,1,1,1.0,7
201400016447,0014-12-24 10:50:00,14,12,24,10,50,300,32,CARREFOUR PARKING CENTRE,43.8171,4.6136,Plein jour,En agglomération,Hors intersection,Normale,Deux véhicules - côté,,,,,,,,,,,1,2,1,1.0,3
201400016448,0014-01-01 13:00:00,14,1,1,13,0,130,19,"7255, AVENUE MARCEL MATT",43.46191,5.36953,Plein jour,Hors agglomération,Hors intersection,Normale,Autre collision,,,,,,,,,,,1,1,1,1.0,6
201400016449,0014-01-02 14:10:00,14,1,2,14,10,130,117,GRIFFON ( ECHANGEUR DU ),,,Plein jour,En agglomération,Autre intersection,Normale,Deux véhicules - arrière,,,,,,,,,,,1,2,9,1.0,2
201400016450,0014-01-03 11:40:00,14,1,3,11,40,130,117,PADOVANI ( AVE ),,,Plein jour,En agglomération,Hors intersection,Normale,Autre collision,,,,,,,,,,,1,2,1,1.0,6
201400016451,0014-01-07 20:30:00,14,1,7,20,30,130,71,"87, MITTERRAND (AVENUE F",43.38019,5.34846,Nuit avec éclairage allumé,En agglomération,Hors intersection,Normale,Trois véhicules et plus - collisions multiples,,,,,,,,,,,5,2,1,1.0,5
201400016452,0014-01-07 21:30:00,14,1,7,21,30,130,71,RD 543,43.41759,5.3671,Nuit avec éclairage allumé,Hors agglomération,Intersection en X,Normale,Deux véhicules - côté,,,,,,,,,,,5,1,2,1.0,3
201400016453,0014-01-10 05:30:00,14,1,10,5,30,130,117,"48, ATHENES (RUE D')",43.44208,5.2414,Nuit avec éclairage allumé,En agglomération,Hors intersection,Normale,Deux véhicules - arrière,,,,,,,,,,,5,2,1,1.0,2
201400016454,0014-01-10 18:15:00,14,1,10,18,15,130,71,"17, HUGO ( AVENUE VICTOR",43.41025,5.3123,Nuit avec éclairage allumé,En agglomération,Hors intersection,Normale,Autre collision,,,,,,,,,,,5,2,1,1.0,6
201400016455,0014-01-13 16:10:00,14,1,13,16,10,130,117,STADIUM (CD9),,,Plein jour,Hors agglomération,Hors intersection,Pluie légère,Trois véhicules et plus - en chaîne,,,,,,,,,,,1,1,1,2.0,4
201400016456,0014-01-15 08:30:00,14,1,15,8,30,130,117,ROUTE DEPARTEMENTALE 20,,,Plein jour,Hors agglomération,Hors intersection,Normale,Deux véhicules - côté,,,,,,,,,,,1,1,1,1.0,3
201400016457,0014-01-15 15:30:00,14,1,15,15,30,130,117,"xx, MONNET ( AVENUE JEAN",43.42592,5.27838,Plein jour,En agglomération,Intersection en X,Normale,Deux véhicules - côté,,,,,,,,,,,1,2,2,1.0,3
201400016458,0014-01-15 20:10:00,14,1,15,20,10,130,117,"xx, RABIN ( AVENUE YITZH",43.44852,5.24652,Nuit avec éclairage allumé,En agglomération,Intersection en X,Normale,Deux véhicules - côté,,,,,,,,,,,5,2,2,1.0,3
201400016459,0014-01-16 07:45:00,14,1,16,7,45,130,117,SALYENS ( AVENUE DES ),43.44405,5.25177,Crépuscule ou aube,En agglomération,Intersection en X,Pluie légère,Deux véhicules - frontale,,,,,,,,,,,2,2,2,2.0,1
201400016460,0014-01-16 08:10:00,14,1,16,8,10,130,117,D9,,,Plein jour,Hors agglomération,Hors intersection,Pluie forte,Autre collision,,,,,,,,,,,1,1,1,3.0,6
201400016461,0014-01-19 13:00:00,14,1,19,13,0,130,117,ROUTE NATIONALE 113 - CA,,,Plein jour,En agglomération,Hors intersection,Temps couvert,Autre collision,,,,,,,,,,,1,2,1,8.0,6
201400016462,0014-01-20 12:30:00,14,1,20,12,30,130,19,ROUTE D'APT,43.42194,5.36774,Plein jour,Hors agglomération,Giratoire,Normale,Deux véhicules - arrière,,,,,,,,,,,1,1,6,1.0,2
201400016463,0014-01-21 16:00:00,14,1,21,16,0,130,71,JEAN-JAURES,,,Plein jour,En agglomération,Hors intersection,Normale,Deux véhicules - frontale,,,,,,,,,,,1,2,1,1.0,1
201400016464,0014-01-23 16:40:00,14,1,23,16,40,130,71,MITTERRAND (AVENUE FRANC,,,Plein jour,En agglomération,Hors intersection,Normale,Autre collision,,,,,,,,,,,1,2,1,1.0,6
201400016465,0014-01-24 03:40:00,14,1,24,3,40,130,117,MARSEILLE ( AVENUE DE ),43.45477,5.25069,Nuit avec éclairage allumé,En agglomération,Hors intersection,Normale,Autre collision,,,,,,,,,,,5,2,1,1.0,6
201400016466,0014-01-26 17:45:00,14,1,26,17,45,130,117,EUROPE ( AVENUE DE L' ),43.44156,5.24377,Crépuscule ou aube,En agglomération,Intersection en X,Normale,Deux véhicules - côté,,,,,,,,,,,2,2,2,1.0,3
201400016467,0014-01-27 07:10:00,14,1,27,7,10,130,71,ROUTE NATIONALE 113 - AG,43.41719,5.28302,Plein jour,En agglomération,Giratoire,Normale,Deux véhicules - arrière,,,,,,,,,,,1,2,6,1.0,2
201400016468,0014-01-29 19:00:00,14,1,29,19,0,130,71,ROUTE NATIONALE 368 (PLA,43.40803,5.30392,Nuit sans éclairage public,Hors agglomération,Intersection en T,Normale,Deux véhicules - côté,,,,,,,,,,,3,1,3,1.0,3
201400016469,0014-01-30 17:00:00,14,1,30,17,0,130,71,BOEUFS ( CHEMIN DES ),,,Plein jour,En agglomération,Hors intersection,Pluie légère,Deux véhicules - côté,,,,,,,,,,,1,2,1,2.0,3
201400016470,0014-01-30 10:15:00,14,1,30,10,15,130,117,DEPARTEMENTALE 9,,,Plein jour,Hors agglomération,Hors intersection,Pluie forte,Autre collision,,,,,,,,,,,1,1,1,3.0,6
201400016471,0014-02-05 09:05:00,14,2,5,9,5,130,117,RD 20,,,Plein jour,Hors agglomération,Hors intersection,Pluie forte,Autre collision,,,,,,,,,,,1,1,1,3.0,6
201400016472,0014-02-05 11:45:00,14,2,5,11,45,130,117,ROUCAS ( CORNICHE DU ),,,Plein jour,En agglomération,Hors intersection,Pluie forte,Autre collision,,,,,,,,,,,1,2,1,3.0,6
201400016473,0014-02-04 11:50:00,14,2,4,11,50,130,19,"2, AVENUE ETIENNE RABATT",,,Plein jour,Hors agglomération,Hors intersection,Normale,Autre collision,,,,,,,,,,,1,1,1,1.0,6
201400016474,0014-02-06 16:30:00,14,2,6,16,30,130,117,D 9,,,Plein jour,Hors agglomération,Hors intersection,Normale,Deux véhicules - arrière,,,,,,,,,,,1,1,1,1.0,2
201400016475,0014-02-06 18:00:00,14,2,6,18,0,130,117,D 9 ESTROUBLANS,,,Nuit sans éclairage public,En agglomération,Hors intersection,Normale,Deux véhicules - arrière,,,,,,,,,,,3,2,1,1.0,2
201400016476,0014-02-07 16:00:00,14,2,7,16,0,130,117,"0, ROUARD ( AVENUE VITAL",,,Plein jour,En agglomération,Hors intersection,Normale,Deux véhicules - arrière,,,,,,,,,,,1,2,1,1.0,2
201400016477,0014-02-07 19:00:00,14,2,7,19,0,130,19,RD6,,,Nuit avec éclairage non allumé,Hors agglomération,Hors intersection,Normale,Deux véhicules - arrière,,,,,,,,,,,4,1,1,1.0,2
201400016478,0014-02-08 18:45:00,14,2,8,18,45,130,19,ROUTE D'APT,,,Nuit sans éclairage public,Hors agglomération,Hors intersection,Pluie légère,Autre collision,,,,,,,,,,,3,1,1,2.0,6
201400016479,0014-02-10 12:05:00,14,2,10,12,5,130,71,CD 543,,,Plein jour,Hors agglomération,Hors intersection,Pluie légère,Deux véhicules - côté,,,,,,,,,,,1,1,1,2.0,3
201400016480,0014-02-16 04:20:00,14,2,16,4,20,130,117,STADIUM (CD9),,,Nuit sans éclairage public,Hors agglomération,Hors intersection,Normale,Sans collision,,,,,,,,,,,3,1,1,1.0,7
201400016481,0014-02-16 11:45:00,14,2,16,11,45,130,117,ROUTE NATIONALE 113-L'AN,,,Plein jour,Hors agglomération,Hors intersection,Normale,Autre collision,,,,,,,,,,,1,1,1,1.0,6
201400016482,0014-02-16 14:10:00,14,2,16,14,10,130,19,AVENUE DU PLAN DE CAMPAG,,,Plein jour,En agglomération,Hors intersection,Normale,Autre collision,,,,,,,,,,,1,2,1,1.0,6
201400016483,0014-02-18 16:10:00,14,2,18,16,10,130,117,ROUTE NATIONALE 113 - CA,,,Plein jour,En agglomération,Hors intersection,Normale,Deux véhicules - frontale,,,,,,,,,,,1,2,1,1.0,1
201400016484,0014-02-20 19:10:00,14,2,20,19,10,130,19,RD 6 (,,,Nuit sans éclairage public,Hors agglomération,Hors intersection,Normale,Autre collision,,,,,,,,,,,3,1,1,1.0,6
201400016485,0014-03-04 17:55:00,14,3,4,17,55,130,117,MONNET (AVENUE JEAN),,,Plein jour,En agglomération,Giratoire,Normale,Trois véhicules et plus - en chaîne,,,,,,,,,,,1,2,6,1.0,4
201400016486,0014-03-06 11:20:00,14,3,6,11,20,130,71,VERSAILLES (ROND POINT D,,,Plein jour,En agglomération,Autre intersection,Normale,Autre collision,,,,,,,,,,,1,2,9,1.0,6
201400016487,0014-03-09 15:50:00,14,3,9,15,50,130,117,TRESORERIE PRINCIPALE (A,,,Plein jour,En agglomération,Hors intersection,Normale,Sans collision,,,,,,,,,,,1,2,1,1.0,7
201400016488,0014-03-13 09:30:00,14,3,13,9,30,130,71,PTT GAVOTTE (RN 113),,,Plein jour,Hors agglomération,Hors intersection,Normale,Deux véhicules - arrière,,,,,,,,,,,1,1,1,1.0,2
201400016489,0014-03-14 16:30:00,14,3,14,16,30,130,117,RD 9 ESTROUBLANS,43.42735,5.26637,Plein jour,En agglomération,Intersection en Y,Normale,Deux véhicules - arrière,,,,,,,,,,,1,2,4,1.0,2
201400016490,0014-03-14 18:00:00,14,3,14,18,0,130,117,RD 113-L'AN,,,Plein jour,Hors agglomération,Hors intersection,Normale,Trois véhicules et plus - en chaîne,,,,,,,,,,,1,1,1,1.0,4
201400016491,0014-03-16 18:50:00,14,3,16,18,50,130,71,ROUTE NATIONALE 368 (PLA,43.40616,5.28589,Plein jour,Hors agglomération,Intersection en X,Normale,Deux véhicules - côté,,,,,,,,,,,1,1,2,1.0,3
201400016492,0014-03-18 17:45:00,14,3,18,17,45,130,117,GLACIERE ( RUE DE LA ),,,Plein jour,En agglomération,Intersection en T,Normale,Deux véhicules - côté,,,,,,,,,,,1,2,3,1.0,3
201400016493,0014-03-19 08:45:00,14,3,19,8,45,130,117,RD 9 ESTROUBLANS,,,Plein jour,Hors agglomération,Hors intersection,Normale,Trois véhicules et plus - en chaîne,,,,,,,,,,,1,1,1,1.0,4
201400016494,0014-03-20 00:25:00,14,3,20,0,25,130,117,EUROCOPTER RD 20,,,Nuit sans éclairage public,Hors agglomération,Hors intersection,Normale,Sans collision,,,,,,,,,,,3,1,1,1.0,7
201400016495,0014-03-21 08:50:00,14,3,21,8,50,130,117,RD 113 - AG,,,Plein jour,En agglomération,Hors intersection,Temps couvert,Trois véhicules et plus - en chaîne,,,,,,,,,,,1,2,1,8.0,4
201400016496,0014-03-21 17:45:00,14,3,21,17,45,130,19,AVENUE MARCEL MATTEODA,43.45584,5.38449,Plein jour,En agglomération,Intersection en T,Normale,Deux véhicules - frontale,,,,,,,,,,,1,2,3,1.0,1
201400016497,0014-03-21 22:20:00,14,3,21,22,20,130,117,EUROPE ( AVENUE DE L' ),,,Nuit avec éclairage allumé,En agglomération,Intersection en T,Normale,Deux véhicules - côté,,,,,,,,,,,5,2,3,1.0,3
201400016498,0014-03-22 10:00:00,14,3,22,10,0,130,19,ROUTE D'APT,,,Plein jour,Hors agglomération,Hors intersection,Pluie légère,Autre collision,,,,,,,,,,,1,1,1,2.0,6
201400016499,0014-03-23 15:20:00,14,3,23,15,20,130,117,RD 113 - CA,,,Plein jour,Hors agglomération,Hors intersection,Normale,Deux véhicules - côté,,,,,,,,,,,1,1,1,1.0,3
201400016500,0014-03-24 10:00:00,14,3,24,10,0,130,71,AVENUE BARREAU NORD-SUD,,,Plein jour,En agglomération,Hors intersection,Normale,Trois véhicules et plus - en chaîne,,,,,,,,,,,1,2,1,1.0,4
201400016501,0014-03-25 09:00:00,14,3,25,9,0,130,117,RD 9,,,Plein jour,Hors agglomération,Hors intersection,Normale,Deux véhicules - côté,,,,,,,,,,,1,1,1,1.0,3
201400016502,0014-03-25 09:00:00,14,3,25,9,0,130,117,GLYCINES ( ALLEE DES ),43.44124,5.25487,Plein jour,Hors agglomération,Hors intersection,Normale,Autre collision,,,,,,,,,,,1,1,1,1.0,6
201400016503,0014-03-23 10:55:00,14,3,23,10,55,130,19,AVENUE DU PLAN DE CAMPAG,,,Plein jour,Hors agglomération,Hors intersection,Normale,Autre collision,,,,,,,,,,,1,1,1,1.0,6
201400016504,0014-03-29 10:15:00,14,3,29,10,15,130,19,CARREFOUR DU MAR. DE LA,43.46533,5.35358,Plein jour,En agglomération,Giratoire,Normale,Deux véhicules - arrière,,,,,,,,,,,1,2,6,1.0,2
201400016505,0014-03-29 18:20:00,14,3,29,18,20,130,117,ROUARD ( AVENUE VITAL ),43.45634,5.2503,Plein jour,En agglomération,Intersection en T,Normale,Deux véhicules - arrière,,,,,,,,,,,1,2,3,1.0,2
201400016506,0014-04-03 13:45:00,14,4,3,13,45,130,117,MONNET ( AVENUE JEAN ),,,Plein jour,En agglomération,Hors intersection,Normale,Trois véhicules et plus - en chaîne,,,,,,,,,,,1,2,1,1.0,4
201400016507,0014-04-03 17:35:00,14,4,3,17,35,130,117,"10, LION ( CHEMIN DU )",43.45388,5.23285,Plein jour,En agglomération,Hors intersection,Normale,Deux véhicules - côté,,,,,,,,,,,1,2,1,1.0,3
201400016508,0014-04-04 08:30:00,14,4,4,8,30,130,117,ROUTE DEPARTEMENTALE 20,,,Plein jour,En agglomération,Hors intersection,Normale,Deux véhicules - arrière,,,,,,,,,,,1,2,1,1.0,2
201400016509,0014-04-10 08:30:00,14,4,10,8,30,130,19,AVENUE MARECHAL LECLERC,,,Plein jour,En agglomération,Hors intersection,Normale,Autre collision,,,,,,,,,,,1,2,1,1.0,6
201400016510,0014-04-10 09:00:00,14,4,10,9,0,130,71,"2, BRUTUS (AV DU CAPITAI",43.39956,5.33276,Plein jour,Hors agglomération,Hors intersection,Normale,Sans collision,,,,,,,,,,,1,1,1,1.0,7
201400016511,0014-04-10 16:00:00,14,4,10,16,0,130,71,TOTAL (RN 113 - LE TUNNE,,,Plein jour,Hors agglomération,Hors intersection,Normale,Trois véhicules et plus - en chaîne,,,,,,,,,,,1,1,1,1.0,4
201400016512,0014-04-12 16:40:00,14,4,12,16,40,130,117,MARSEILLE ( AVENUE DE ),,,Plein jour,En agglomération,Hors intersection,Normale,Deux véhicules - côté,,,,,,,,,,,1,2,1,1.0,3