accident_id,datetime,annee,mois,jour,heure,minute,departement,commune_insee,adresse,latitude,longitude,luminosite,agglomeration,intersection,meteo,collision,nb_vehicules,nb_usagers,nb_indemnes,nb_tues,nb_blesses_hosp,nb_blesses_legers,age_cond_1,age_cond_2,veh_type_cond_1,veh_type_cond_2,lum_code,agg_code,int_code,atm_code,col_code
201400016513,0014-04-14 13:00:00,14,4,14,13,0,130,19,ROUTE D?APT,43.42194,5.36774,Plein jour,Hors agglomération,Giratoire,Normale,Autre collision,,,,,,,,,,,1,1,6,1.0,6
201400016514,0014-04-15 17:05:00,14,4,15,17,5,130,117,RD 20,,,Plein jour,Hors agglomération,Hors intersection,Normale,Deux véhicules - arrière,,,,,,,,,,,1,1,1,1.0,2
201400016515,0014-04-18 05:55:00,14,4,18,5,55,130,117,"37, PADOVANI ( AVE )",,,Nuit avec éclairage allumé,En agglomération,Hors intersection,Normale,Sans collision,,,,,,,,,,,5,2,1,1.0,7
201400016516,0014-04-19 11:15:00,14,4,19,11,15,130,19,"817, AVENUE EUGENE MIRAB",,,Plein jour,En agglomération,Hors intersection,Normale,Autre collision,,,,,,,,,,,1,2,1,1.0,6
201400016517,0014-04-19 12:00:00,14,4,19,12,0,130,19,ROUTE DE PIMPARIN,43.46242,5.36892,Plein jour,Hors agglomération,Intersection en T,Normale,Deux véhicules - côté,,,,,,,,,,,1,1,3,1.0,3
201400016518,0014-04-20 10:30:00,14,4,20,10,30,130,71,CAPITAINE DE CORVETTE P.,,,Plein jour,Hors agglomération,Hors intersection,Pluie légère,Autre collision,,,,,,,,,,,1,1,1,2.0,6
201400016519,0014-04-21 05:55:00,14,4,21,5,55,130,117,MONNET (AVENUE JEAN),,,Crépuscule ou aube,En agglomération,Autre intersection,Normale,Autre collision,,,,,,,,,,,2,2,9,1.0,6
201400016520,0014-04-22 11:00:00,14,4,22,11,0,130,71,JAS DE RHODES (RUE DU),43.38933,5.33415,Plein jour,En agglomération,Giratoire,Pluie légère,Deux véhicules - côté,,,,,,,,,,,1,2,6,2.0,3
201400016521,0014-04-23 08:05:00,14,4,23,8,5,130,19,D9,,,Crépuscule ou aube,Hors agglomération,Hors intersection,Brouillard / fumée,Deux véhicules - arrière,,,,,,,,,,,2,1,1,5.0,2
201400016522,0014-04-25 13:45:00,14,4,25,13,45,130,117,LAVANDE (ROND POINT),,,Plein jour,Hors agglomération,Giratoire,Pluie légère,Deux véhicules - côté,,,,,,,,,,,1,1,6,2.0,3
201400016523,0014-04-28 08:00:00,14,4,28,8,0,130,117,"12, GLACIERE ( RUE DE LA",43.41889,5.24513,Plein jour,En agglomération,Hors intersection,Normale,Deux véhicules - côté,,,,,,,,,,,1,2,1,1.0,3
201400016524,0014-04-28 17:40:00,14,4,28,17,40,130,117,EUROPE (AVENUE DE L'),,,Plein jour,Hors agglomération,Hors intersection,Normale,Autre collision,,,,,,,,,,,1,1,1,1.0,6
201400016525,0014-05-03 17:10:00,14,5,3,17,10,130,71,PINCHINADES ( CHEMIN DES,,,Plein jour,Hors agglomération,Hors intersection,Normale,Autre collision,,,,,,,,,,,1,1,1,1.0,6
201400016526,0014-05-06 13:30:00,14,5,6,13,30,130,71,"82, HUGO ( AVENUE VICTOR",43.4108,5.31803,Plein jour,En agglomération,Hors intersection,Normale,Sans collision,,,,,,,,,,,1,2,1,1.0,7
201400016527,0014-05-07 10:30:00,14,5,7,10,30,130,71,"6, DOMREMY ( RUE )",43.38221,5.34508,Plein jour,En agglomération,Hors intersection,Normale,Sans collision,,,,,,,,,,,1,2,1,1.0,7
201400016528,0014-05-07 22:20:00,14,5,7,22,20,130,71,PLAN DE CAMPAGNE,,,Nuit avec éclairage allumé,En agglomération,Hors intersection,Normale,Deux véhicules - côté,,,,,,,,,,,5,2,1,1.0,3
201400016529,0014-05-10 16:10:00,14,5,10,16,10,130,19,D9,43.45728,5.33034,Plein jour,Hors agglomération,Hors intersection,Normale,Autre collision,,,,,,,,,,,1,1,1,1.0,6
201400016530,0014-05-12 18:45:00,14,5,12,18,45,130,71,"90, VIEILLE ROUTE DE LA",43.39251,5.34121,Plein jour,En agglomération,Hors intersection,Normale,Deux véhicules - côté,,,,,,,,,,,1,2,1,1.0,3
201400016531,0014-05-14 21:00:00,14,5,14,21,0,130,71,VIEILLE ROUTE DE LA GAVO,,,Nuit avec éclairage allumé,En agglomération,Intersection en T,Normale,Deux véhicules - côté,,,,,,,,,,,5,2,3,1.0,3
201400016532,0014-05-15 18:10:00,14,5,15,18,10,130,117,"24, PADOVANI ( AVE )",,,Plein jour,Hors agglomération,Hors intersection,Normale,Deux véhicules - arrière,,,,,,,,,,,1,1,1,1.0,2
201400016533,0014-05-16 23:15:00,14,5,16,23,15,130,117,EUROCOPTER CD 20,,,Nuit avec éclairage allumé,Hors agglomération,Hors intersection,Normale,Deux véhicules - arrière,,,,,,,,,,,5,1,1,1.0,2
201400016534,0014-05-16 19:35:00,14,5,16,19,35,130,71,ROUTE NATIONALE 113 - RE,43.41587,5.29547,Plein jour,En agglomération,Intersection en T,Normale,Deux véhicules - côté,,,,,,,,,,,1,2,3,1.0,3
201400016535,0014-05-18 13:07:00,14,5,18,13,7,130,117,"31, 8 MAI 1945 (AVENUE)",,,Plein jour,En agglomération,Hors intersection,Normale,Autre collision,,,,,,,,,,,1,2,1,1.0,6
201400016536,0014-05-18 16:25:00,14,5,18,16,25,130,117,RHIN DANUBE ( AVENUE ),,,Plein jour,En agglomération,Hors intersection,Normale,Sans collision,,,,,,,,,,,1,2,1,1.0,7
201400016537,0014-05-20 16:15:00,14,5,20,16,15,130,19,AVENUE DU PLAN DE CAMPAG,,,Plein jour,En agglomération,Hors intersection,Normale,Deux véhicules - côté,,,,,,,,,,,1,2,1,1.0,3
201400016538,0014-05-20 18:30:00,14,5,20,18,30,130,71,PENNES AUX PINS ( CHEMIN,,,Plein jour,En agglomération,Hors intersection,Normale,Autre collision,,,,,,,,,,,1,2,1,1.0,6
201400016539,0014-05-22 21:35:00,14,5,22,21,35,130,117,LAMARTINE (RESIDENCE) AV,,,Nuit avec éclairage allumé,En agglomération,Hors intersection,Pluie légère,Deux véhicules - arrière,,,,,,,,,,,5,2,1,2.0,2
201400016540,0014-05-24 20:20:00,14,5,24,20,20,130,117,CARREFOUR (PARKING CENTR,,,Plein jour,En agglomération,Hors intersection,Normale,Autre collision,,,,,,,,,,,1,2,1,1.0,6
201400016541,0014-05-27 16:40:00,14,5,27,16,40,130,117,ROUTE NATIONALE 113-L'AN,,,Plein jour,Hors agglomération,Hors intersection,Normale,Autre collision,,,,,,,,,,,1,1,1,1.0,6
201400016542,0014-05-31 12:30:00,14,5,31,12,30,130,71,ROUTE NATIONALE 113 - VI,43.41124,5.31229,Plein jour,En agglomération,Intersection en Y,Normale,Deux véhicules - côté,,,,,,,,,,,1,2,4,1.0,3
201400016543,0014-05-26 00:50:00,14,5,26,0,50,130,117,CARREFOUR (CENTRE COMMER,,,Nuit avec éclairage allumé,En agglomération,Hors intersection,Normale,Sans collision,,,,,,,,,,,5,2,1,1.0,7
201400016544,0014-06-01 14:55:00,14,6,1,14,55,130,117,PADOVANI ( AVE ),,,Plein jour,En agglomération,Hors intersection,Normale,Autre collision,,,,,,,,,,,1,2,1,1.0,6
201400016545,0014-06-03 11:00:00,14,6,3,11,0,130,117,EUROCOPTER RD20,,,Plein jour,En agglomération,Hors intersection,Normale,Deux véhicules - frontale,,,,,,,,,,,1,2,1,1.0,1
201400016546,0014-06-05 08:45:00,14,6,5,8,45,130,117,CHEMIN DEPARTEMENTAL RD,,,Plein jour,Hors agglomération,Hors intersection,Normale,Deux véhicules - arrière,,,,,,,,,,,1,1,1,1.0,2
201400016547,0014-06-05 10:15:00,14,6,5,10,15,130,117,CHEMIN DEPARTEMENTAL CD,,,Plein jour,Hors agglomération,Intersection en X,Normale,Deux véhicules - côté,,,,,,,,,,,1,1,2,1.0,3
201400016548,0014-06-05 17:35:00,14,6,5,17,35,130,117,ROUTE NATIONALE 113-L'AN,,,Plein jour,Hors agglomération,Hors intersection,Normale,Trois véhicules et plus - en chaîne,,,,,,,,,,,1,1,1,1.0,4
201400016549,0014-06-07 15:35:00,14,6,7,15,35,130,19,ROUTE D'APT,,,Plein jour,Hors agglomération,Hors intersection,Normale,Deux véhicules - frontale,,,,,,,,,,,1,1,1,1.0,1
201400016550,0014-06-07 21:15:00,14,6,7,21,15,130,117,"00, PIERRE PLANTEE (ROND",43.44639,5.2484,Plein jour,En agglomération,Hors intersection,Normale,Deux véhicules - côté,,,,,,,,,,,1,2,1,1.0,3
201400016551,0014-06-10 08:35:00,14,6,10,8,35,130,117,DROITS DE L'HOMME (AVENU,,,Plein jour,En agglomération,Hors intersection,Normale,Deux véhicules - arrière,,,,,,,,,,,1,2,1,1.0,2
201400016552,0014-06-10 16:30:00,14,6,10,16,30,130,71,ROUTE NATIONALE 368 (PLA,,,Plein jour,Hors agglomération,Hors intersection,Normale,Deux véhicules - côté,,,,,,,,,,,1,1,1,1.0,3
201400016553,0014-06-11 17:00:00,14,6,11,17,0,130,117,DE LATTRE DE TASSIGNY (,,,Plein jour,En agglomération,Autre intersection,Normale,Deux véhicules - côté,,,,,,,,,,,1,2,9,1.0,3
201400016554,0014-06-12 19:40:00,14,6,12,19,40,130,117,LUTHER-KING ( RUE MARTIN,,,Plein jour,En agglomération,Autre intersection,Pluie légère,Autre collision,,,,,,,,,,,1,2,9,2.0,6
201400016555,0014-06-16 17:00:00,14,6,16,17,0,130,71,ROUTE NATIONALE 368 (PLA,,,Plein jour,Hors agglomération,Hors intersection,Normale,Deux véhicules - arrière,,,,,,,,,,,1,1,1,1.0,2
201400016556,0014-06-21 13:50:00,14,6,21,13,50,130,71,BAMBA (LA) - CHEMIN DE B,,,Plein jour,Hors agglomération,Hors intersection,Normale,Deux véhicules - côté,,,,,,,,,,,1,1,1,1.0,3
201400016557,0014-06-22 14:45:00,14,6,22,14,45,130,117,LA BASTIDE BLANCHE CD 9,,,Plein jour,Hors agglomération,Hors intersection,Normale,Sans collision,,,,,,,,,,,1,1,1,1.0,7
201400016558,0014-06-25 06:20:00,14,6,25,6,20,130,19,D9,,,Crépuscule ou aube,Hors agglomération,Hors intersection,Pluie légère,Sans collision,,,,,,,,,,,2,1,1,2.0,7
201400016559,0014-06-29 22:45:00,14,6,29,22,45,130,71,"0, VANADES  ( CHEMIN DES",,,Nuit sans éclairage public,Hors agglomération,Hors intersection,Normale,Sans collision,,,,,,,,,,,3,1,1,1.0,7
201400016560,0014-06-30 10:00:00,14,6,30,10,0,130,71,TOTAL (RN 113 - LE TUNNE,,,Plein jour,En agglomération,Hors intersection,Normale,Deux véhicules - arrière,,,,,,,,,,,1,2,1,1.0,2
201400016561,0014-06-30 18:10:00,14,6,30,18,10,130,117,PADOVANI ( AVE ),,,Plein jour,En agglomération,Hors intersection,Normale,Trois véhicules et plus - en chaîne,,,,,,,,,,,1,2,1,1.0,4
201400016562,0014-07-02 05:35:00,14,7,2,5,35,130,117,CHEMIN DEPARTEMENTAL CD,43.50006,5.22694,Crépuscule ou aube,En agglomération,Intersection en Y,Normale,Deux véhicules - côté,,,,,,,,,,,2,2,4,1.0,3
201400016563,0014-07-05 20:00:00,14,7,5,20,0,130,117,STADIUM (CD9),,,Plein jour,Hors agglomération,Hors intersection,Normale,Autre collision,,,,,,,,,,,1,1,1,1.0,6
201400016564,0014-07-08 17:20:00,14,7,8,17,20,130,117,"1071, MONNET (AVENUE JEA",43.42367,5.28428,Plein jour,En agglomération,Hors intersection,Normale,Deux véhicules - côté,,,,,,,,,,,1,2,1,1.0,3
201400016565,0014-07-10 13:00:00,14,7,10,13,0,130,71,ROUTE NATIONALE 113 - MO,,,Plein jour,En agglomération,Hors intersection,Normale,Sans collision,,,,,,,,,,,1,2,1,1.0,7
201400016566,0014-07-10 20:50:00,14,7,10,20,50,130,117,LONDRES (AVENUE DE),43.42719,5.23538,Plein jour,Hors agglomération,Intersection en X,Normale,Deux véhicules - côté,,,,,,,,,,,1,1,2,1.0,3
201400016567,0014-07-11 14:00:00,14,7,11,14,0,130,19,D60 A,,,Plein jour,Hors agglomération,Hors intersection,Normale,Deux véhicules - arrière,,,,,,,,,,,1,1,1,1.0,2
201400016568,0014-07-11 16:00:00,14,7,11,16,0,130,117,RHIN DANUBE ( AVENUE ),43.42275,5.27074,Plein jour,En agglomération,Intersection en T,Normale,Deux véhicules - côté,,,,,,,,,,,1,2,3,1.0,3
201400016569,0014-07-11 18:00:00,14,7,11,18,0,130,117,FILLE DU PUISATIER ( RUE,,,Plein jour,En agglomération,Hors intersection,Normale,Autre collision,,,,,,,,,,,1,2,1,1.0,6
201400016570,0014-07-14 19:45:00,14,7,14,19,45,130,71,CD 6,,,Plein jour,En agglomération,Hors intersection,Normale,Deux véhicules - arrière,,,,,,,,,,,1,2,1,1.0,2
201400016571,0014-07-21 12:30:00,14,7,21,12,30,130,117,INDOCHINE( ROND POINT),43.44414,5.24575,Plein jour,En agglomération,Giratoire,Normale,Deux véhicules - arrière,,,,,,,,,,,1,2,6,1.0,2
201400016572,0014-07-26 16:20:00,14,7,26,16,20,130,19,"0, CD6",,,Plein jour,Hors agglomération,Hors intersection,Normale,Trois véhicules et plus - en chaîne,,,,,,,,,,,1,1,1,1.0,4
201400016573,0014-07-28 22:50:00,14,7,28,22,50,130,117,ROUTE NATIONALE 113 - CA,,,Nuit avec éclairage allumé,En agglomération,Hors intersection,Normale,Autre collision,,,,,,,,,,,5,2,1,1.0,6
201400016574,0014-07-29 05:40:00,14,7,29,5,40,130,117,CD 9 ESTROUBLANS,,,Nuit sans éclairage public,Hors agglomération,Hors intersection,Normale,Autre collision,,,,,,,,,,,3,1,1,1.0,6
201400016575,0014-07-31 19:30:00,14,7,31,19,30,130,19,AVENUE RENE CASSIN,43.46076,5.35361,Plein jour,En agglomération,Intersection en Y,Normale,Deux véhicules - côté,,,,,,,,,,,1,2,4,1.0,3
201400016576,0014-08-03 03:40:00,14,8,3,3,40,130,117,CHEMIN DEPARTEMENTAL 9 (,,,Nuit avec éclairage allumé,En agglomération,Hors intersection,Pluie forte,Autre collision,,,,,,,,,,,5,2,1,3.0,6
201400016577,0014-08-08 13:10:00,14,8,8,13,10,130,71,PENNES AUX PINS ( CHEMIN,,,Plein jour,Hors agglomération,Hors intersection,Normale,Deux véhicules - frontale,,,,,,,,,,,1,1,1,1.0,1
201400016578,0014-08-10 13:20:00,14,8,10,13,20,130,117,ROUTE NATIONALE 113 - LA,,,Plein jour,Hors agglomération,Hors intersection,Normale,Autre collision,,,,,,,,,,,1,1,1,1.0,6
201400016579,0014-08-14 19:00:00,14,8,14,19,0,130,71,"138, MITTERRAND (AVENUE",43.38536,5.3455,Plein jour,En agglomération,Intersection en X,Normale,Deux véhicules - frontale,,,,,,,,,,,1,2,2,1.0,1
201400016580,0014-08-14 18:25:00,14,8,14,18,25,130,117,MARSEILLE ( AVENUE DE ),43.44742,5.25509,Plein jour,En agglomération,Intersection en T,Normale,Sans collision,,,,,,,,,,,1,2,3,1.0,7
201400016581,0014-08-15 23:45:00,14,8,15,23,45,130,71,ROUTE NATIONALE 113 - AG,,,Nuit avec éclairage allumé,Hors agglomération,Hors intersection,Normale,Deux véhicules - côté,,,,,,,,,,,5,1,1,1.0,3
201400016582,0014-08-18 18:30:00,14,8,18,18,30,130,117,STADIUM (CD9),,,Plein jour,Hors agglomération,Hors intersection,Normale,Sans collision,,,,,,,,,,,1,1,1,1.0,7
201400016583,0014-08-21 15:20:00,14,8,21,15,20,130,117,ASSEDIC (DENIS PADOVANI),43.43807,5.25607,Plein jour,En agglomération,Hors intersection,Normale,Deux véhicules - arrière,,,,,,,,,,,1,2,1,1.0,2
201400016584,0014-08-22 17:00:00,14,8,22,17,0,130,117,STADIUM (CD9),,,Plein jour,Hors agglomération,Intersection en T,Normale,Autre collision,,,,,,,,,,,1,1,3,1.0,6
201400016585,0014-08-25 10:00:00,14,8,25,10,0,130,19,ROUTE DE PONT DE BOUC,43.44547,5.37639,Plein jour,Hors agglomération,Intersection en T,Normale,Deux véhicules - côté,,,,,,,,,,,1,1,3,1.0,3
201400016586,0014-08-25 11:30:00,14,8,25,11,30,130,117,PADOVANI ( AVE ),43.43792,5.25649,Plein jour,En agglomération,Intersection en T,Normale,Deux véhicules - côté,,,,,,,,,,,1,2,3,1.0,3
201400016587,0014-08-25 12:20:00,14,8,25,12,20,130,117,DROITS DE L'HOMME (AVENU,,,Plein jour,En agglomération,Hors intersection,Normale,Deux véhicules - côté,,,,,,,,,,,1,2,1,1.0,3
201400016588,0014-08-26 07:05:00,14,8,26,7,5,130,117,CHEMIN DEPARTEMENTAL 20,43.45401,5.23184,Plein jour,Hors agglomération,Intersection en T,Normale,Deux véhicules - côté,,,,,,,,,,,1,1,3,1.0,3
201400016589,0014-08-26 17:15:00,14,8,26,17,15,130,117,ROUTE DEPARTEMENTALE 20,,,Plein jour,Hors agglomération,Hors intersection,Normale,Trois véhicules et plus - collisions multiples,,,,,,,,,,,1,1,1,1.0,5
201400016590,0014-08-27 20:00:00,14,8,27,20,0,130,71,"16, CD 543",43.40434,5.3639,Plein jour,En agglomération,Hors intersection,Normale,Deux véhicules - arrière,,,,,,,,,,,1,2,1,1.0,2
201400016591,0014-08-30 11:50:00,14,8,30,11,50,130,19,CD6,,,Plein jour,En agglomération,Hors intersection,Normale,Autre collision,,,,,,,,,,,1,2,1,1.0,6
201400016592,0014-08-30 12:40:00,14,8,30,12,40,130,71,"1, QUICK (CD6)",,,Plein jour,En agglomération,Hors intersection,Normale,Deux véhicules - côté,,,,,,,,,,,1,2,1,1.0,3
201400016593,0014-09-02 10:40:00,14,9,2,10,40,130,71,"72, MITTERRAND (AVENUE F",43.37984,5.35078,Plein jour,En agglomération,Hors intersection,Normale,Autre collision,,,,,,,,,,,1,2,1,1.0,6
201400016594,0014-09-04 10:20:00,14,9,4,10,20,130,19,CHEMIN DU MOULIN DES SON,,,Plein jour,En agglomération,Hors intersection,Normale,Deux véhicules - arrière,,,,,,,,,,,1,2,1,1.0,2
201400016595,0014-09-04 13:30:00,14,9,4,13,30,130,19,AVENUE DU PLAN DE CAMPAG,,,Plein jour,Hors agglomération,Hors intersection,Normale,Autre collision,,,,,,,,,,,1,1,1,1.0,6
201400016596,0014-09-04 16:45:00,14,9,4,16,45,130,19,D9,,,Plein jour,Hors agglomération,Hors intersection,Normale,Autre collision,,,,,,,,,,,1,1,1,1.0,6
201400016597,0014-09-05 16:30:00,14,9,5,16,30,130,117,ROUTE NATIONALE 113 - AG,,,Plein jour,En agglomération,Intersection en Y,Normale,Deux véhicules - côté,,,,,,,,,,,1,2,4,1.0,3
201400016598,0014-09-08 11:50:00,14,9,8,11,50,130,19,ROUTE D'APT,43.44005,5.36179,Plein jour,Hors agglomération,Intersection en X,Normale,Deux véhicules - côté,,,,,,,,,,,1,1,2,1.0,3
201400016599,0014-09-10 18:15:00,14,9,10,18,15,130,117,FONT BLANCHE ( ROND POIN,,,Plein jour,En agglomération,Hors intersection,Normale,Deux véhicules - côté,,,,,,,,,,,1,2,1,1.0,3
201400016600,0014-09-16 08:20:00,14,9,16,8,20,130,117,PADOVANI ( AVE ),,,Plein jour,En agglomération,Intersection en T,Normale,Deux véhicules - côté,,,,,,,,,,,1,2,3,1.0,3
201400016601,0014-09-17 15:30:00,14,9,17,15,30,130,117,CD 9 ESTROUBLANS,,,Plein jour,Hors agglomération,Hors intersection,Normale,Sans collision,,,,,,,,,,,1,1,1,1.0,7
201400016602,0014-09-18 12:10:00,14,9,18,12,10,130,19,AVENUE ETIENNE RABATTU,,,Plein jour,Hors agglomération,Intersection en T,Normale,Deux véhicules - côté,,,,,,,,,,,1,1,3,1.0,3
201400016603,0014-09-18 16:55:00,14,9,18,16,55,130,71,ROUTE NATIONALE 113 - AG,,,Plein jour,Hors agglomération,Hors intersection,Normale,Deux véhicules - arrière,,,,,,,,,,,1,1,1,1.0,2
201400016604,0014-09-19 02:15:00,14,9,19,2,15,130,117,CHEMIN DEPARTEMENTAL CD,,,Nuit sans éclairage public,En agglomération,Hors intersection,Normale,Autre collision,,,,,,,,,,,3,2,1,1.0,6
201400016605,0014-09-19 09:40:00,14,9,19,9,40,130,117,VICTOIRE ( PLACE DE LA ),,,Plein jour,En agglomération,Hors intersection,Pluie forte,Autre collision,,,,,,,,,,,1,2,1,3.0,6
201400016606,0014-09-19 12:00:00,14,9,19,12,0,130,117,CHEMIN DEPARTEMENTAL 9 (,,,Plein jour,Hors agglomération,Hors intersection,Normale,Autre collision,,,,,,,,,,,1,1,1,1.0,6
201400016607,0014-09-21 13:00:00,14,9,21,13,0,130,19,"519, AVENUE EUGENE MIRAB",43.4522,5.38039,Plein jour,Hors agglomération,Hors intersection,Normale,Deux véhicules - côté,,,,,,,,,,,1,1,1,1.0,3
201400016608,0014-09-24 10:00:00,14,9,24,10,0,130,117,EUROCOPTER CD 20,,,Plein jour,Hors agglomération,Hors intersection,Pluie légère,Autre collision,,,,,,,,,,,1,1,1,2.0,6
201400016609,0014-09-24 14:00:00,14,9,24,14,0,130,117,CORNICHE (MONTEE DE LA),,,Plein jour,En agglomération,Hors intersection,Temps couvert,Autre collision,,,,,,,,,,,1,2,1,8.0,6
201400016610,0014-09-24 14:00:00,14,9,24,14,0,130,117,EUROCOPTER CD 20,43.4372,5.23523,Plein jour,Hors agglomération,Hors intersection,Temps couvert,Sans collision,,,,,,,,,,,1,1,1,8.0,7
201400016611,0014-09-28 13:15:00,14,9,28,13,15,130,71,PLAN DE CAMPAGNE (AVE. D,,,Plein jour,En agglomération,Hors intersection,Normale,Deux véhicules - côté,,,,,,,,,,,1,2,1,1.0,3
201400016612,0014-09-28 18:50:00,14,9,28,18,50,130,19,CHEMIN DE LA GRANDE CAMP,,,Plein jour,En agglomération,Hors intersection,Normale,Deux véhicules - arrière,,,,,,,,,,,1,2,1,1.0,2
201400016613,0014-09-30 16:50:00,14,9,30,16,50,130,71,CD 543,,,Plein jour,Hors agglomération,Hors intersection,Pluie forte,Deux véhicules - frontale,,,,,,,,,,,1,1,1,3.0,1
201400016614,0014-10-01 20:10:00,14,10,1,20,10,130,71,ROUTE NATIONALE 113 - AG,,,Nuit sans éclairage public,Hors agglomération,Intersection en T,Normale,Deux véhicules - côté,,,,,,,,,,,3,1,3,1.0,3
201400016615,0014-10-03 19:00:00,14,10,3,19,0,130,71,CD 6,,,Plein jour,Hors agglomération,Hors intersection,Normale,Sans collision,,,,,,,,,,,1,1,1,1.0,7
201400016616,0014-10-04 17:30:00,14,10,4,17,30,130,71,RIGONS ( CHEMIN DES ),,,Plein jour,En agglomération,Hors intersection,Normale,Deux véhicules - arrière,,,,,,,,,,,1,2,1,1.0,2
201400016617,0014-10-07 12:15:00,14,10,7,12,15,130,117,EUROPE ( AVENUE DE L' ),43.43974,5.24261,Plein jour,En agglomération,Giratoire,Normale,Deux véhicules - frontale,,,,,,,,,,,1,2,6,1.0,1
201400016618,0014-10-07 20:30:00,14,10,7,20,30,130,117,"1, AEROPORT(ZONE DE L')",,,Nuit sans éclairage public,Hors agglomération,Hors intersection,Normale,Sans collision,,,,,,,,,,,3,1,1,1.0,7
201400016619,0014-10-08 12:10:00,14,10,8,12,10,130,117,SALYENS ( AVENUE DES ),,,Plein jour,En agglomération,Hors intersection,Normale,Deux véhicules - côté,,,,,,,,,,,1,2,1,1.0,3
201400016620,0014-10-09 17:15:00,14,10,9,17,15,130,117,ROUTE NATIONALE 113-L'AN,,,Plein jour,En agglomération,Hors intersection,Normale,Trois véhicules et plus - collisions multiples,,,,,,,,,,,1,2,1,1.0,5
201400016621,0014-10-12 17:30:00,14,10,12,17,30,130,117,SALYENS ( AVENUE DES ),43.44205,5.25299,Plein jour,En agglomération,Intersection en X,Normale,Deux véhicules - frontale,,,,,,,,,,,1,2,2,1.0,1
201400016622,0014-10-14 15:30:00,14,10,14,15,30,130,117,D55F,,,Plein jour,En agglomération,Hors intersection,Pluie légère,Deux véhicules - frontale,,,,,,,,,,,1,2,1,2.0,1
201400016623,0014-10-15 17:30:00,14,10,15,17,30,130,117,ROUTE NATIONALE 113-L'AN,,,Plein jour,Hors agglomération,Hors intersection,Normale,Trois véhicules et plus - en chaîne,,,,,,,,,,,1,1,1,1.0,4
201400016624,0014-10-16 13:15:00,14,10,16,13,15,130,71,VELAUX (CHEMIN),43.41486,5.35015,Plein jour,En agglomération,Giratoire,Normale,Deux véhicules - côté,,,,,,,,,,,1,2,6,1.0,3
201400016625,0014-10-16 17:30:00,14,10,16,17,30,130,117,EUROPE ( AVENUE DE L' ),,,Plein jour,Hors agglomération,Hors intersection,Normale,Deux véhicules - côté,,,,,,,,,,,1,1,1,1.0,3
201400016626,0014-10-17 17:10:00,14,10,17,17,10,130,71,HUGO ( AVENUE VICTOR ),,,Plein jour,En agglomération,Hors intersection,Normale,Deux véhicules - côté,,,,,,,,,,,1,2,1,1.0,3
201400016627,0014-10-21 11:20:00,14,10,21,11,20,130,117,LA BASTIDE BLANCHE RN 11,,,Plein jour,Hors agglomération,Hors intersection,Normale,Deux véhicules - arrière,,,,,,,,,,,1,1,1,1.0,2
201400016628,0014-10-26 15:30:00,14,10,26,15,30,130,117,CHEMIN DEPARTEMENTAL CD,,,Plein jour,Hors agglomération,Hors intersection,Normale,Sans collision,,,,,,,,,,,1,1,1,1.0,7
201400016629,0014-10-27 18:30:00,14,10,27,18,30,130,117,MOULIN ( AVENUE JEAN),43.4548,5.24379,Crépuscule ou aube,En agglomération,Intersection en T,Normale,Deux véhicules - côté,,,,,,,,,,,2,2,3,1.0,3
201400016630,0014-11-01 04:50:00,14,11,1,4,50,130,71,"1854, VELAUX (CHEMIN)",43.41966,5.34818,Nuit avec éclairage allumé,En agglomération,Hors intersection,Brouillard / fumée,Autre collision,,,,,,,,,,,5,2,1,5.0,6
201400016631,0014-11-03 08:45:00,14,11,3,8,45,130,71,JOYEUX ( AVENUE DES ),,,Plein jour,En agglomération,Hors intersection,Pluie légère,Deux véhicules - arrière,,,,,,,,,,,1,2,1,2.0,2
201400016632,0014-11-03 11:35:00,14,11,3,11,35,130,117,ROUTE NATIONALE 113-L'AN,,,Plein jour,En agglomération,Hors intersection,Pluie légère,Deux véhicules - côté,,,,,,,,,,,1,2,1,2.0,3
201400016633,0014-11-03 09:10:00,14,11,3,9,10,130,19,CHEMIN DE LA GRANDE CAMP,,,Plein jour,Hors agglomération,Hors intersection,Pluie légère,Sans collision,,,,,,,,,,,1,1,1,2.0,7
201400016634,0014-11-06 08:20:00,14,11,6,8,20,130,19,ROUTE D'APT,,,Plein jour,Hors agglomération,Hors intersection,Normale,Deux véhicules - arrière,,,,,,,,,,,1,1,1,1.0,2
201400016635,0014-11-10 08:20:00,14,11,10,8,20,130,19,ROUTE D'APT,,,Plein jour,Hors agglomération,Hors intersection,Temps couvert,Deux véhicules - frontale,,,,,,,,,,,1,1,1,8.0,1
201400016636,0014-11-10 08:35:00,14,11,10,8,35,130,117,CUGNOT ( AVENUE JOSEPH ),,,Plein jour,En agglomération,Hors intersection,Temps couvert,Sans collision,,,,,,,,,,,1,2,1,8.0,7
201400016637,0014-11-10 10:30:00,14,11,10,10,30,130,117,STADIUM (CD9),,,Plein jour,Hors agglomération,Hors intersection,Temps couvert,Sans collision,,,,,,,,,,,1,1,1,8.0,7
201400016638,0014-11-12 11:00:00,14,11,12,11,0,130,19,ROUTE D'APT,,,Plein jour,En agglomération,Hors intersection,Pluie légère,Autre collision,,,,,,,,,,,1,2,1,2.0,6
201400016639,0014-11-11 15:15:00,14,11,11,15,15,130,71,"1448, CD 6",,,Plein jour,Hors agglomération,Hors intersection,Pluie légère,Deux véhicules - côté,,,,,,,,,,,1,1,1,2.0,3
201400016640,0014-11-12 08:45:00,14,11,12,8,45,130,117,CHEMIN DEPARTEMENTAL 9 (,43.42864,5.27221,Plein jour,En agglomération,Autre intersection,Pluie forte,Autre collision,,,,,,,,,,,1,2,9,3.0,6
201400016641,0014-11-12 20:35:00,14,11,12,20,35,130,71,ROUTE NATIONALE 113 - AG,,,Nuit avec éclairage allumé,En agglomération,Hors intersection,Normale,Autre collision,,,,,,,,,,,5,2,1,1.0,6