accident_id,datetime,annee,mois,jour,heure,minute,departement,commune_insee,adresse,latitude,longitude,luminosite,agglomeration,intersection,meteo,collision,nb_vehicules,nb_usagers,nb_indemnes,nb_tues,nb_blesses_hosp,nb_blesses_legers,age_cond_1,age_cond_2,veh_type_cond_1,veh_type_cond_2,lum_code,agg_code,int_code,atm_code,col_code
201400016893,0014-05-20 08:30:00,14,5,20,8,30,140,117,GENERAL LECLERC (AVENUE,49.2868,-0.11712,Plein jour,En agglomération,Hors intersection,Temps couvert,Deux véhicules - arrière,,,,,,,,,,,1,2,1,8.0,2
201400016894,0014-07-23 17:00:00,14,7,23,17,0,140,225,FRANCOIS MITTERAND (AVEN,49.2807,-0.09577,Plein jour,En agglomération,Hors intersection,Normale,Deux véhicules - frontale,,,,,,,,,,,1,2,1,1.0,1
201400016895,0014-08-04 13:35:00,14,8,4,13,35,140,117,"16, CHARLES DE GAULLE (A",49.2875,-0.12344,Plein jour,En agglomération,Giratoire,Pluie légère,Deux véhicules - côté,,,,,,,,,,,1,2,6,2.0,3
201400016896,0014-08-12 11:25:00,14,8,12,11,25,140,117,GENERAL LECLERC (AVENUE,49.2868,-0.11729,Plein jour,En agglomération,Hors intersection,Normale,Deux véhicules - côté,,,,,,,,,,,1,2,1,1.0,3
201400016897,0014-08-26 09:00:00,14,8,26,9,0,140,225,MAURICE THOREZ (BLD),49.2909,-0.09606,Plein jour,En agglomération,Intersection en X,Normale,Deux véhicules - côté,,,,,,,,,,,1,2,2,1.0,3
201400016898,0014-09-03 15:15:00,14,9,3,15,15,140,225,LISIEUX (ROUTE DE),49.2826,-0.08144,Plein jour,Hors agglomération,Hors intersection,Normale,Deux véhicules - arrière,,,,,,,,,,,1,1,1,1.0,2
201400016899,0014-07-26 20:55:00,14,7,26,20,55,140,117,"14, GENERAL LECLERC (AVE",49.2863,-0.11347,Plein jour,En agglomération,Hors intersection,Temps éblouissant,Sans collision,,,,,,,,,,,1,2,1,7.0,7
201400016900,0014-09-18 18:00:00,14,9,18,18,0,140,117,MAURICE DUVAL (RUE),,,Plein jour,En agglomération,Intersection en X,Normale,Deux véhicules - côté,,,,,,,,,,,1,2,2,1.0,3
201400016901,0014-10-14 15:30:00,14,10,14,15,30,140,225,"00, SARLABOT (COTE)",49.2889,-0.08932,Plein jour,Hors agglomération,Hors intersection,Normale,Sans collision,,,,,,,,,,,1,1,1,1.0,7
201400016902,0014-10-19 18:25:00,14,10,19,18,25,140,117,"28, CHARLES DE GAULLE (A",49.2871,-0.12623,Plein jour,En agglomération,Giratoire,Normale,Deux véhicules - côté,,,,,,,,,,,1,2,6,1.0,3
201400016903,0014-11-13 15:05:00,14,11,13,15,5,140,225,SARLABOT (COTE),49.2862,-0.091,Plein jour,En agglomération,Giratoire,Normale,Autre collision,,,,,,,,,,,1,2,6,1.0,6
201400016904,0014-12-06 17:25:00,14,12,6,17,25,140,225,LIBERTE (AVENUE DE LA),,,Nuit avec éclairage allumé,En agglomération,Hors intersection,Normale,Sans collision,,,,,,,,,,,5,2,1,1.0,7
201400016905,0014-02-25 11:45:00,14,2,25,11,45,300,34,,43.76184,4.52514,Plein jour,Hors agglomération,Intersection en T,Pluie légère,Deux véhicules - frontale,,,,,,,,,,,1,1,3,2.0,1
201400016906,0014-03-19 17:45:00,14,3,19,17,45,300,135,RD999 et RD 763,43.83041,4.5634,Plein jour,En agglomération,Hors intersection,Normale,Deux véhicules - côté,,,,,,,,,,,1,2,1,1.0,3
201400016907,0014-04-30 07:00:00,14,4,30,7,0,300,135,,43.82853,4.59106,Plein jour,Hors agglomération,Hors intersection,Normale,Deux véhicules - frontale,,,,,,,,,,,1,1,1,1.0,1
201400016908,0014-07-21 14:15:00,14,7,21,14,15,300,60,CD 135,43.79251,4.38236,Plein jour,En agglomération,Intersection en T,Normale,Deux véhicules - côté,,,,,,,,,,,1,2,3,1.0,3
201400016909,0014-07-30 01:15:00,14,7,30,1,15,300,34,,43.76848,4.47402,Nuit sans éclairage public,Hors agglomération,Hors intersection,Normale,Autre collision,,,,,,,,,,,3,1,1,1.0,6
201400016910,0014-10-05 16:15:00,14,10,5,16,15,300,60,98 route de saint gilles,43.7905,4.38665,Plein jour,En agglomération,Hors intersection,Normale,Deux véhicules - arrière,,,,,,,,,,,1,2,1,1.0,2
201400016911,0014-11-13 22:30:00,14,11,13,22,30,300,135,,43.83122,4.58202,Nuit sans éclairage public,Hors agglomération,Hors intersection,Normale,Autre collision,,,,,,,,,,,3,1,1,1.0,6
201400016912,0014-11-16 19:00:00,14,11,16,19,0,300,34,,43.73945,4.47547,Nuit sans éclairage public,Hors agglomération,Hors intersection,Normale,Autre collision,,,,,,,,,,,3,1,1,1.0,6
201400016913,0014-12-14 03:15:00,14,12,14,3,15,300,34,,43.77054,4.53385,Nuit sans éclairage public,Hors agglomération,Hors intersection,Normale,Autre collision,,,,,,,,,,,3,1,1,1.0,6
201400016914,0014-12-25 13:30:00,14,12,25,13,30,300,47,,43.80028,4.40985,Plein jour,Hors agglomération,Hors intersection,Normale,Deux véhicules - frontale,,,,,,,,,,,1,1,1,1.0,1
201400016915,0014-12-21 16:30:00,14,12,21,16,30,300,125,,43.77621,4.42754,Plein jour,Hors agglomération,Intersection en X,Temps éblouissant,Deux véhicules - côté,,,,,,,,,,,1,1,2,7.0,3
201400016916,0014-04-18 21:30:00,14,4,18,21,30,880,65,3 rue de mirecourt,48.09839,6.05686,Nuit avec éclairage allumé,En agglomération,Hors intersection,Normale,Deux véhicules - côté,,,,,,,,,,,5,2,1,1.0,3
201400016917,0014-07-29 18:00:00,14,7,29,18,0,880,450,,47.98642,5.7952,Plein jour,Hors agglomération,Hors intersection,Normale,Deux véhicules - côté,,,,,,,,,,,1,1,1,1.0,3
201400016918,0014-05-18 13:45:00,14,5,18,13,45,80,237,,49.8277,4.77357,Plein jour,Hors agglomération,Intersection en X,Normale,Deux véhicules - frontale,,,,,,,,,,,1,1,2,1.0,1
201400016919,0014-06-07 11:15:00,14,6,7,11,15,80,328,Rue des M?sanges,,,Plein jour,En agglomération,Intersection en X,Normale,Deux véhicules - côté,,,,,,,,,,,1,2,2,1.0,3
201400016920,0014-06-08 09:30:00,14,6,8,9,30,80,448,,49.886,4.80684,Plein jour,Hors agglomération,Hors intersection,Normale,Deux véhicules - frontale,,,,,,,,,,,1,1,1,1.0,1
201400016921,0014-06-09 01:15:00,14,6,9,1,15,80,302,LES WOIRIES,49.9072,4.74771,Nuit sans éclairage public,En agglomération,Hors intersection,Normale,Autre collision,,,,,,,,,,,3,2,1,1.0,6
201400016922,0014-07-19 14:00:00,14,7,19,14,0,80,302,,,,Plein jour,Hors agglomération,Hors intersection,Normale,Autre collision,,,,,,,,,,,1,1,1,1.0,6
201400016923,0014-10-14 14:45:00,14,10,14,14,45,80,139,,,,Nuit sans éclairage public,Hors agglomération,Hors intersection,Temps couvert,Autre collision,,,,,,,,,,,3,1,1,8.0,6
201400016924,0014-11-05 21:00:00,14,11,5,21,0,80,328,191 RUE JEAN JAURES,49.8173,4.76888,Nuit avec éclairage allumé,En agglomération,Hors intersection,Normale,Autre collision,,,,,,,,,,,5,2,1,1.0,6
201400016925,0014-12-21 16:00:00,14,12,21,16,0,80,218,30 BIS RUE DU RAUTOU,49.8797,4.84517,Nuit avec éclairage allumé,En agglomération,Hors intersection,Normale,Autre collision,,,,,,,,,,,5,2,1,1.0,6
201400016926,0014-01-13 18:00:00,14,1,13,18,0,80,460,,49.862,4.51,Nuit sans éclairage public,Hors agglomération,Hors intersection,Pluie légère,Deux véhicules - côté,,,,,,,,,,,3,1,1,2.0,3
201400016927,0014-06-01 12:30:00,14,6,1,12,30,80,206,route de Lonny,,,Plein jour,En agglomération,Hors intersection,Normale,Autre collision,,,,,,,,,,,1,2,1,1.0,6
201400016928,0014-06-16 07:15:00,14,6,16,7,15,80,260,ROUTE DE LAON,49.8133,4.58301,Plein jour,En agglomération,Hors intersection,Normale,Deux véhicules - côté,,,,,,,,,,,1,2,1,1.0,3
201400016929,0014-07-02 11:45:00,14,7,2,11,45,80,155,,49.8605,4.4479,Plein jour,Hors agglomération,Hors intersection,Normale,Deux véhicules - côté,,,,,,,,,,,1,1,1,1.0,3
201400016930,0014-07-16 14:00:00,14,7,16,14,0,80,340,CD925-PK5,,,Plein jour,En agglomération,Intersection en X,Normale,Deux véhicules - côté,,,,,,,,,,,1,2,2,1.0,3
201400016931,0014-11-12 09:00:00,14,11,12,9,0,80,239,,,,Plein jour,En agglomération,Hors intersection,Normale,Deux véhicules - côté,,,,,,,,,,,1,2,1,1.0,3
201400016932,0014-12-21 12:30:00,14,12,21,12,30,80,314,22 RUE FREDERIC PATE,49.408,4.31187,Plein jour,En agglomération,Hors intersection,Normale,Autre collision,,,,,,,,,,,1,2,1,1.0,6
201400016933,0014-03-09 15:45:00,14,3,9,15,45,80,419,Ruelle de Cour Rogelet,,,Plein jour,En agglomération,Hors intersection,Normale,Autre collision,,,,,,,,,,,1,2,1,1.0,6
201400016934,0014-05-13 16:30:00,14,5,13,16,30,80,262,,49.541,4.46491,Plein jour,Hors agglomération,Hors intersection,Pluie légère,Autre collision,,,,,,,,,,,1,1,1,2.0,6
201400016935,0014-06-17 12:15:00,14,6,17,12,15,80,113,,49.6274,4.2145,Plein jour,Hors agglomération,Hors intersection,Normale,Sans collision,,,,,,,,,,,1,1,1,1.0,7
201400016936,0014-08-03 19:15:00,14,8,3,19,15,80,329,,,,Plein jour,Hors agglomération,Hors intersection,Normale,Sans collision,,,,,,,,,,,1,1,1,1.0,7
201400016937,0014-08-07 20:00:00,14,8,7,20,0,80,102,,49.6088,4.32158,Plein jour,Hors agglomération,Hors intersection,Temps couvert,Sans collision,,,,,,,,,,,1,1,1,8.0,7
201400016938,0014-09-14 05:00:00,14,9,14,5,0,80,402,,,,Nuit avec éclairage allumé,En agglomération,Hors intersection,Normale,Autre collision,,,,,,,,,,,5,2,1,1.0,6
201400016939,0014-10-30 11:45:00,14,10,30,11,45,80,185,RUE DES EVIGNES,49.9911,4.69589,Plein jour,En agglomération,Intersection en Y,Normale,Deux véhicules - côté,,,,,,,,,,,1,2,4,1.0,3
201400016940,0014-11-23 04:00:00,14,11,23,4,0,80,363,,49.9082,4.68808,Nuit sans éclairage public,Hors agglomération,Hors intersection,Brouillard / fumée,Sans collision,,,,,,,,,,,3,1,1,5.0,7
201400016941,0014-03-08 14:30:00,14,3,8,14,30,80,28,7 RUE MARECHAL FOCH,50.1026,4.76326,Plein jour,En agglomération,Hors intersection,Temps éblouissant,Deux véhicules - côté,,,,,,,,,,,1,2,1,7.0,3
201400016942,0014-08-03 12:00:00,14,8,3,12,0,80,183,RD 46,50.1307,4.84718,Plein jour,En agglomération,Hors intersection,Normale,Deux véhicules - arrière,,,,,,,,,,,1,2,1,1.0,2
201400016943,0014-11-27 02:00:00,14,11,27,2,0,80,122,,50.1251,4.7952,Nuit sans éclairage public,Hors agglomération,Hors intersection,Normale,Autre collision,,,,,,,,,,,3,1,1,1.0,6
201400016944,0014-05-04 21:00:00,14,5,4,21,0,80,37,,,,Crépuscule ou aube,En agglomération,Hors intersection,Normale,Deux véhicules - arrière,,,,,,,,,,,2,2,1,1.0,2
201400016945,0014-05-17 23:00:00,14,5,17,23,0,80,37,,,,Nuit sans éclairage public,Hors agglomération,Hors intersection,Normale,Autre collision,,,,,,,,,,,3,1,1,1.0,6
201400016946,0014-09-18 11:45:00,14,9,18,11,45,80,282,7 RUE DE CHARLEVILLE-MEZ,49.8693,4.42749,Plein jour,En agglomération,Hors intersection,Normale,Sans collision,,,,,,,,,,,1,2,1,1.0,7
201400016947,0014-10-05 05:45:00,14,10,5,5,45,80,53,24 RUE DU FOUR,49.6735,4.97863,Nuit avec éclairage allumé,En agglomération,Hors intersection,Pluie forte,Autre collision,,,,,,,,,,,5,2,1,3.0,6
201400016948,0014-11-23 05:45:00,14,11,23,5,45,80,475,"14, RUE DE LA BARRIERE",49.7158,5.03457,Nuit avec éclairage allumé,En agglomération,Hors intersection,Normale,Autre collision,,,,,,,,,,,5,2,1,1.0,6
201400016949,0014-04-10 10:00:00,14,4,10,10,0,80,119,,,,Plein jour,Hors agglomération,Hors intersection,Normale,Deux véhicules - frontale,,,,,,,,,,,1,1,1,1.0,1
201400016950,0014-08-05 18:15:00,14,8,5,18,15,80,357,,49.6632,4.97339,Plein jour,Hors agglomération,Hors intersection,Normale,Sans collision,,,,,,,,,,,1,1,1,1.0,7
201400016951,0014-08-09 18:45:00,14,8,9,18,45,80,23,,49.5742,4.86917,Plein jour,Hors agglomération,Intersection en X,Normale,Deux véhicules - côté,,,,,,,,,,,1,1,2,1.0,3
201400016952,0014-08-17 10:15:00,14,8,17,10,15,80,191,RUE DES SABOTIERS,49.7225,4.98872,Plein jour,En agglomération,Intersection en Y,Normale,Deux véhicules - côté,,,,,,,,,,,1,2,4,1.0,3
201400016953,0014-09-28 20:30:00,14,9,28,20,30,80,354,,49.5734,4.96071,Nuit sans éclairage public,Hors agglomération,Hors intersection,Normale,Deux véhicules - arrière,,,,,,,,,,,3,1,1,1.0,2
201400016954,0014-10-05 12:15:00,14,10,5,12,15,80,391,,49.7541,4.93801,Plein jour,Hors agglomération,Hors intersection,Normale,Autre collision,,,,,,,,,,,1,1,1,1.0,6
201400016955,0014-11-06 14:15:00,14,11,6,14,15,80,357,,49.6528,4.99365,Plein jour,En agglomération,Hors intersection,Normale,Sans collision,,,,,,,,,,,1,2,1,1.0,7
201400016956,0014-02-07 20:30:00,14,2,7,20,30,80,164,,49.3953,4.73332,Nuit sans éclairage public,Hors agglomération,Hors intersection,Pluie légère,Autre collision,,,,,,,,,,,3,1,1,2.0,6
201400016957,0014-05-04 15:00:00,14,5,4,15,0,80,490,rue albert caquot,,,Plein jour,En agglomération,Hors intersection,Normale,Autre collision,,,,,,,,,,,1,2,1,1.0,6
201400016958,0014-05-05 11:30:00,14,5,5,11,30,80,490,Rue Chanzy,,,Plein jour,En agglomération,Hors intersection,Normale,Autre collision,,,,,,,,,,,1,2,1,1.0,6
201400016959,0014-06-26 00:01:00,14,6,26,0,1,80,443,,,,Nuit sans éclairage public,Hors agglomération,Hors intersection,Normale,Autre collision,,,,,,,,,,,3,1,1,1.0,6
201400016960,0014-07-18 18:45:00,14,7,18,18,45,80,103,,,,Plein jour,Hors agglomération,Hors intersection,Temps éblouissant,Deux véhicules - côté,,,,,,,,,,,1,1,1,7.0,3
201400016961,0014-08-31 17:00:00,14,8,31,17,0,80,320,,49.3498,4.44792,Plein jour,Hors agglomération,Hors intersection,Normale,Sans collision,,,,,,,,,,,1,1,1,1.0,7
201400016962,0014-09-15 08:30:00,14,9,15,8,30,80,97,23 RUE REMUAT,49.3132,4.71242,Plein jour,En agglomération,Hors intersection,Normale,Autre collision,,,,,,,,,,,1,2,1,1.0,6
201400016963,0014-12-17 11:00:00,14,12,17,11,0,80,490,,49.4117,4.72105,Plein jour,Hors agglomération,Intersection en X,Pluie forte,Deux véhicules - côté,,,,,,,,,,,1,1,2,3.0,3
201400016964,0014-06-29 06:15:00,14,6,29,6,15,80,116,,,,Crépuscule ou aube,Hors agglomération,Hors intersection,Pluie forte,Autre collision,,,,,,,,,,,2,1,1,3.0,6
201400016965,0014-08-24 17:15:00,14,8,24,17,15,80,405,,49.5425,4.7771,Plein jour,Hors agglomération,Hors intersection,Normale,Sans collision,,,,,,,,,,,1,1,1,1.0,7
201400016966,0014-08-29 11:30:00,14,8,29,11,30,520,353,1 rue Carnot,48.02669,5.3425,Plein jour,En agglomération,Hors intersection,Normale,Autre collision,,,,,,,,,,,1,2,1,1.0,6
201400016967,0014-05-30 19:15:00,14,5,30,19,15,520,60,Route de Bourgogne,47.9529,5.75237,Plein jour,En agglomération,Hors intersection,Normale,Deux véhicules - côté,,,,,,,,,,,1,2,1,1.0,3
201400016968,0014-07-29 05:15:00,14,7,29,5,15,520,60,u,47.92471,5.76018,Plein jour,Hors agglomération,Hors intersection,Pluie légère,Autre collision,,,,,,,,,,,1,1,1,2.0,6
201400016969,0014-08-11 11:15:00,14,8,11,11,15,520,135,,47.92583,5.69633,Plein jour,Hors agglomération,Hors intersection,Normale,Deux véhicules - arrière,,,,,,,,,,,1,1,1,1.0,2
201400016970,0014-09-03 14:45:00,14,9,3,14,45,520,197,,47.7893,5.60549,Plein jour,Hors agglomération,Hors intersection,Normale,Deux véhicules - frontale,,,,,,,,,,,1,1,1,1.0,1
201400016971,0014-01-09 08:30:00,14,1,9,8,30,140,243,CD 579,49.3971,0.2125,Crépuscule ou aube,En agglomération,Giratoire,Normale,Deux véhicules - côté,,,,,,,,,,,2,2,6,1.0,3
201400016972,0014-01-10 15:40:00,14,1,10,15,40,140,536,QUATRE FRANCS (CARREFOUR,49.4095,0.25132,Plein jour,En agglomération,Intersection en X,Normale,Deux véhicules - côté,,,,,,,,,,,1,2,2,1.0,3
201400016973,0014-01-25 01:35:00,14,1,25,1,35,140,243,"49, CAPUCINS (RUE DES)",49.422,0.22925,Nuit avec éclairage allumé,En agglomération,Hors intersection,Pluie légère,Autre collision,,,,,,,,,,,5,2,1,2.0,6
201400016974,0014-01-28 07:58:00,14,1,28,7,58,140,333,"0, CARTIER (AVENUE JACQU",49.3933,0.24756,Nuit sans éclairage public,En agglomération,Intersection en T,Pluie légère,Deux véhicules - arrière,,,,,,,,,,,3,2,3,2.0,2
201400016975,0014-02-03 18:30:00,14,2,3,18,30,140,1,LE CALVAIRE,49.3877,0.28915,Nuit sans éclairage public,Hors agglomération,Hors intersection,Normale,Sans collision,,,,,,,,,,,3,1,1,1.0,7
201400016976,0014-02-24 15:30:00,14,2,24,15,30,140,536,CD 580,49.4117,0.25149,Plein jour,En agglomération,Hors intersection,Temps éblouissant,Deux véhicules - côté,,,,,,,,,,,1,2,1,7.0,3
201400016977,0014-02-28 13:50:00,14,2,28,13,50,140,333,DUCHESNE (AVENUE DU PRES,49.4155,0.25144,Plein jour,En agglomération,Intersection en T,Pluie légère,Deux véhicules - frontale,,,,,,,,,,,1,2,3,2.0,1
201400016978,0014-03-01 14:25:00,14,3,1,14,25,140,333,"2, PASSAGERS (QUAI DES)",49.4214,0.23365,Plein jour,En agglomération,Hors intersection,Normale,Autre collision,,,,,,,,,,,1,2,1,1.0,6
201400016979,0014-04-05 17:40:00,14,4,5,17,40,140,333,"16, MONTPENSIER (RUE)",49.4195,0.23293,Plein jour,En agglomération,Hors intersection,Normale,Deux véhicules - côté,,,,,,,,,,,1,2,1,1.0,3
201400016980,0014-04-24 14:00:00,14,4,24,14,0,140,333,"24, BUTTES (RUE DES)",49.4156,0.2315,Plein jour,En agglomération,Hors intersection,Normale,Autre collision,,,,,,,,,,,1,2,1,1.0,6
201400016981,0014-04-27 02:25:00,14,4,27,2,25,140,333,"BAT  C, MANUEL (COURS AL",49.4129,0.22776,Nuit avec éclairage allumé,En agglomération,Hors intersection,Normale,Sans collision,,,,,,,,,,,5,2,1,1.0,7
201400016982,0014-05-03 15:20:00,14,5,3,15,20,140,333,"64, MANUEL (COURS ALBERT",49.4112,0.22654,Plein jour,En agglomération,Hors intersection,Normale,Trois véhicules et plus - en chaîne,,,,,,,,,,,1,2,1,1.0,4
201400016983,0014-05-06 12:24:00,14,5,6,12,24,140,333,JETEE DE L'EST,49.421,0.23775,Plein jour,En agglomération,Hors intersection,Pluie forte,Deux véhicules - côté,,,,,,,,,,,1,2,1,3.0,3
201400016984,0014-05-22 09:25:00,14,5,22,9,25,140,1,"1700, GENNEVILLE (ROUTE)",49.3895,0.27685,Plein jour,Hors agglomération,Intersection en T,Normale,Deux véhicules - côté,,,,,,,,,,,1,1,3,1.0,3
201400016985,0014-05-31 16:30:00,14,5,31,16,30,140,536,CANTELOUP (AVENUE DU),49.4087,0.24692,Plein jour,En agglomération,Intersection en X,Normale,Deux véhicules - côté,,,,,,,,,,,1,2,2,1.0,3
201400016986,0014-06-16 15:55:00,14,6,16,15,55,140,333,"16, LEPAULMIER (QUAI)",49.4187,0.237,Plein jour,En agglomération,Hors intersection,Normale,Autre collision,,,,,,,,,,,1,2,1,1.0,6
201400016987,0014-06-23 16:10:00,14,6,23,16,10,140,536,ANGLAIS (ROND POINT DES),49.4112,0.2589,Plein jour,En agglomération,Giratoire,Normale,Deux véhicules - arrière,,,,,,,,,,,1,2,6,1.0,2
201400016988,0014-07-01 17:50:00,14,7,1,17,50,140,333,CD 579,49.3937,0.24993,Plein jour,Hors agglomération,Hors intersection,Normale,Sans collision,,,,,,,,,,,1,1,1,1.0,7
201400016989,0014-07-10 10:04:00,14,7,10,10,4,140,333,"9, CHARLES V (BOULEVARD)",49.4226,0.23291,Plein jour,En agglomération,Hors intersection,Temps couvert,Deux véhicules - arrière,,,,,,,,,,,1,2,1,8.0,2
201400016990,0014-08-22 17:20:00,14,8,22,17,20,140,1,"1650, GENNEVILLE (ROUTE)",49.3901,0.27683,Plein jour,Hors agglomération,Hors intersection,Pluie légère,Autre collision,,,,,,,,,,,1,1,1,2.0,6
201400016991,0014-09-20 16:25:00,14,9,20,16,25,140,333,"22, HAMELIN (PLACE)",,,Plein jour,En agglomération,Hors intersection,Normale,Autre collision,,,,,,,,,,,1,2,1,1.0,6
201400016992,0014-09-28 02:30:00,14,9,28,2,30,140,243,CD 579,,,Nuit sans éclairage public,Hors agglomération,Hors intersection,Normale,Autre collision,,,,,,,,,,,3,1,1,1.0,6
201400016993,0014-10-08 18:45:00,14,10,8,18,45,140,1,"23, LES VATS",,,Plein jour,Hors agglomération,Hors intersection,Normale,Deux véhicules - arrière,,,,,,,,,,,1,1,1,1.0,2
201400016994,0014-10-13 19:45:00,14,10,13,19,45,140,333,"39 BIS, CHARLES V (BOULE",49.4232,0.23178,Nuit avec éclairage allumé,En agglomération,Hors intersection,Normale,Deux véhicules - côté,,,,,,,,,,,5,2,1,1.0,3
201400016995,0014-11-01 18:55:00,14,11,1,18,55,140,243,CD 579,,,Nuit avec éclairage allumé,En agglomération,Hors intersection,Normale,Deux véhicules - côté,,,,,,,,,,,5,2,1,1.0,3
201400016996,0014-11-05 16:02:00,14,11,5,16,2,140,304,"0, CD 144 B",,,Plein jour,Hors agglomération,Intersection en X,Pluie légère,Deux véhicules - côté,,,,,,,,,,,1,1,2,2.0,3
201400016997,0014-11-13 19:40:00,14,11,13,19,40,140,536,MONTSAINT (CHARRIERE),,,Nuit sans éclairage public,En agglomération,Intersection en Y,Temps couvert,Deux véhicules - côté,,,,,,,,,,,3,2,4,8.0,3
201400016998,0014-11-27 17:50:00,14,11,27,17,50,140,333,"2, PORTE DE ROUEN (PLACE",,,Nuit avec éclairage allumé,En agglomération,Hors intersection,Temps couvert,Autre collision,,,,,,,,,,,5,2,1,8.0,6
201400016999,0014-12-04 09:05:00,14,12,4,9,5,140,304,C D 579,,,Plein jour,Hors agglomération,Intersection en X,Temps couvert,Deux véhicules - côté,,,,,,,,,,,1,1,2,8.0,3
201400017000,0014-12-12 07:56:00,14,12,12,7,56,140,333,"1, DAUPHIN (RUE DU)",,,Nuit avec éclairage allumé,En agglomération,Intersection en X,Pluie légère,Autre collision,,,,,,,,,,,5,2,2,2.0,6
201400017001,0014-03-26 13:30:00,14,3,26,13,30,520,364,,47.77585,5.27158,Plein jour,En agglomération,Hors intersection,Normale,Deux véhicules - frontale,,,,,,,,,,,1,2,1,1.0,1
201400017002,0014-05-18 15:45:00,14,5,18,15,45,520,425,rue de cheville,47.65908,5.23358,Plein jour,En agglomération,Hors intersection,Normale,Autre collision,,,,,,,,,,,1,2,1,1.0,6
201400017003,0014-09-21 12:00:00,14,9,21,12,0,520,189,mis permis valide,47.68697,5.24708,Plein jour,En agglomération,Hors intersection,Normale,Sans collision,,,,,,,,,,,1,2,1,1.0,7
201400017004,0014-05-03 11:15:00,14,5,3,11,15,520,250,24 av. de la Marne,48.4494,5.14699,Plein jour,En agglomération,Hors intersection,Normale,Deux véhicules - côté,,,,,,,,,,,1,2,1,1.0,3
201400017005,0014-05-17 02:00:00,14,5,17,2,0,520,391,u2 prise sang ms ps taux,48.50872,4.79618,Nuit sans éclairage public,Hors agglomération,Hors intersection,Normale,Autre collision,,,,,,,,,,,3,1,1,1.0,6
201400017006,0014-02-26 10:00:00,14,2,26,10,0,480,133,,,,Plein jour,Hors agglomération,Hors intersection,Temps couvert,Sans collision,,,,,,,,,,,1,1,1,8.0,7
201400017007,0014-05-01 05:45:00,14,5,1,5,45,480,147,,,,Crépuscule ou aube,Hors agglomération,Hors intersection,Temps couvert,Sans collision,,,,,,,,,,,2,1,1,8.0,7
201400017008,0014-06-06 17:00:00,14,6,6,17,0,480,13,12 AV J-Antoine CHAPTAL,,,Plein jour,En agglomération,Hors intersection,Normale,Autre collision,,,,,,,,,,,1,2,1,1.0,6
201400017009,0014-06-07 12:45:00,14,6,7,12,45,480,147,,,,Plein jour,Hors agglomération,Hors intersection,Normale,Autre collision,,,,,,,,,,,1,1,1,1.0,6
201400017010,0014-06-08 12:15:00,14,6,8,12,15,480,16,,,,Plein jour,Hors agglomération,Hors intersection,Normale,Sans collision,,,,,,,,,,,1,1,1,1.0,7
201400017011,0014-07-19 12:00:00,14,7,19,12,0,480,27,,,,Plein jour,Hors agglomération,Hors intersection,Normale,Deux véhicules - frontale,,,,,,,,,,,1,1,1,1.0,1
201400017012,0014-08-14 16:15:00,14,8,14,16,15,480,157,,,,Plein jour,Hors agglomération,Hors intersection,Normale,Deux véhicules - frontale,,,,,,,,,,,1,1,1,1.0,1
201400017013,0014-08-31 12:15:00,14,8,31,12,15,480,53,,,,Plein jour,Hors agglomération,Hors intersection,Normale,Sans collision,,,,,,,,,,,1,1,1,1.0,7
201400017014,0014-10-04 05:30:00,14,10,4,5,30,480,42,,,,Nuit sans éclairage public,Hors agglomération,Hors intersection,Normale,Autre collision,,,,,,,,,,,3,1,1,1.0,6
201400017015,0014-06-11 07:30:00,14,6,11,7,30,480,180,,,,Plein jour,Hors agglomération,Hors intersection,Normale,Autre collision,,,,,,,,,,,1,1,1,1.0,6
201400017016,0014-06-18 17:45:00,14,6,18,17,45,480,146,,,,Plein jour,Hors agglomération,Hors intersection,Pluie légère,Deux véhicules - frontale,,,,,,,,,,,1,1,1,2.0,1
201400017017,0014-07-03 15:45:00,14,7,3,15,45,480,146,,44.372,3.414,Plein jour,Hors agglomération,Hors intersection,Temps éblouissant,Sans collision,,,,,,,,,,,1,1,1,7.0,7
201400017018,0014-10-20 00:15:00,14,10,20,0,15,480,39,,,,Nuit sans éclairage public,Hors agglomération,Hors intersection,Normale,Deux véhicules - côté,,,,,,,,,,,3,1,1,1.0,3
201400017019,0014-09-03 17:15:00,14,9,3,17,15,480,90,,44.855,3.329,Plein jour,Hors agglomération,Hors intersection,Normale,Autre collision,,,,,,,,,,,1,1,1,1.0,6
201400017020,0014-01-30 17:45:00,14,1,30,17,45,300,102,,43.92782,4.28128,Nuit sans éclairage public,Hors agglomération,Hors intersection,Temps couvert,Deux véhicules - frontale,,,,,,,,,,,3,1,1,8.0,1
201400017021,0014-01-19 18:30:00,14,1,19,18,30,370,50,1 AVENUE MINKOWSKI a,,,Nuit avec éclairage allumé,En agglomération,Hors intersection,Normale,Deux véhicules - arrière,,,,,,,,,,,5,2,1,1.0,2
201400017022,0014-05-05 16:00:00,14,5,5,16,0,370,272,rue principale,,,Plein jour,En agglomération,Hors intersection,Normale,Autre collision,,,,,,,,,,,1,2,1,1.0,6
201400017023,0014-08-27 10:40:00,14,8,27,10,40,370,99,ROND POINT DU PANIER,,,Plein jour,En agglomération,Giratoire,Temps couvert,Deux véhicules - côté,,,,,,,,,,,1,2,6,8.0,3