accident_id,datetime,annee,mois,jour,heure,minute,departement,commune_insee,adresse,latitude,longitude,luminosite,agglomeration,intersection,meteo,collision,nb_vehicules,nb_usagers,nb_indemnes,nb_tues,nb_blesses_hosp,nb_blesses_legers,age_cond_1,age_cond_2,veh_type_cond_1,veh_type_cond_2,lum_code,agg_code,int_code,atm_code,col_code
201400017155,0014-09-07 04:00:00,14,9,7,4,0,270,573,,48.49,0.551,Nuit sans éclairage public,Hors agglomération,Hors intersection,Normale,Autre collision,,,,,,,,,,,3,1,1,1.0,6
201400017156,0014-09-30 11:45:00,14,9,30,11,45,270,112,Place Laffitte,48.501,0.544,Plein jour,En agglomération,Place,Temps éblouissant,Autre collision,,,,,,,,,,,1,2,7,7.0,6
201400017157,0014-10-24 22:45:00,14,10,24,22,45,270,108,,48.445,0.474,Nuit sans éclairage public,Hors agglomération,Intersection en X,Normale,Deux véhicules - côté,,,,,,,,,,,3,1,2,1.0,3
201400017158,0014-11-14 22:45:00,14,11,14,22,45,270,19,,48.415,0.494,Plein jour,Hors agglomération,Hors intersection,Pluie légère,Autre collision,,,,,,,,,,,1,1,1,2.0,6
201400017159,0014-12-12 21:30:00,14,12,12,21,30,270,643,,48.445,1.01,Nuit sans éclairage public,Hors agglomération,Hors intersection,Pluie légère,Autre collision,,,,,,,,,,,3,1,1,2.0,6
201400017160,0014-07-06 18:45:00,14,7,6,18,45,270,463,,49.081,0.385,Plein jour,Hors agglomération,Hors intersection,Normale,Trois véhicules et plus - collisions multiples,,,,,,,,,,,1,1,1,1.0,5
201400017161,0014-11-10 18:45:00,14,11,10,18,45,270,295,,49.02,0.312,Nuit sans éclairage public,Hors agglomération,Intersection en X,Normale,Deux véhicules - côté,,,,,,,,,,,3,1,2,1.0,3
201400017162,0014-12-09 07:30:00,14,12,9,7,30,270,179,,49.065,0.34,Crépuscule ou aube,Hors agglomération,Hors intersection,Normale,Sans collision,,,,,,,,,,,2,1,1,1.0,7
201400017163,0014-12-11 19:00:00,14,12,11,19,0,270,414,,48.563,0.283,Nuit sans éclairage public,Hors agglomération,Hors intersection,Pluie légère,Autre collision,,,,,,,,,,,3,1,1,2.0,6
201400017164,0014-12-24 16:15:00,14,12,24,16,15,270,442,,,,Plein jour,Hors agglomération,Hors intersection,Pluie légère,Deux véhicules - côté,,,,,,,,,,,1,1,1,2.0,3
201400017165,0014-04-18 12:00:00,14,4,18,12,0,270,296,,49.021,0.4,Plein jour,Hors agglomération,Hors intersection,Normale,Deux véhicules - frontale,,,,,,,,,,,1,1,1,1.0,1
201400017166,0014-04-15 18:15:00,14,4,15,18,15,270,51,boulevard boisgelin,49.044,0.463,Plein jour,En agglomération,Hors intersection,Normale,Deux véhicules - côté,,,,,,,,,,,1,2,1,1.0,3
201400017167,0014-05-15 12:00:00,14,5,15,12,0,270,210,RD 613,49.075,0.483,Plein jour,En agglomération,Hors intersection,Normale,Deux véhicules - frontale,,,,,,,,,,,1,2,1,1.0,1
201400017168,0014-05-15 12:00:00,14,5,15,12,0,270,52,,49.122,0.444,Plein jour,Hors agglomération,Hors intersection,Normale,Autre collision,,,,,,,,,,,1,1,1,1.0,6
201400017169,0014-06-08 06:45:00,14,6,8,6,45,270,210,,49.071,0.503,Plein jour,Hors agglomération,Hors intersection,Normale,Sans collision,,,,,,,,,,,1,1,1,1.0,7
201400017170,0014-07-10 10:00:00,14,7,10,10,0,270,41,rue de l'?glise,48.564,0.395,Plein jour,En agglomération,Hors intersection,Normale,Deux véhicules - côté,,,,,,,,,,,1,2,1,1.0,3
201400017171,0014-10-26 15:30:00,14,10,26,15,30,270,49,,49.001,0.414,Plein jour,Hors agglomération,Hors intersection,Normale,Sans collision,,,,,,,,,,,1,1,1,1.0,7
201400017172,0014-10-31 23:00:00,14,10,31,23,0,270,40,route de beaumont,49.014,0.515,Nuit avec éclairage allumé,En agglomération,Intersection en X,Normale,Deux véhicules - côté,,,,,,,,,,,5,2,2,1.0,3
201400017173,0014-11-12 08:45:00,14,11,12,8,45,270,164,,49.07,0.514,Plein jour,Hors agglomération,Hors intersection,Normale,Sans collision,,,,,,,,,,,1,1,1,1.0,7
201400017174,0014-11-23 18:45:00,14,11,23,18,45,270,444,,49.002,0.465,Nuit sans éclairage public,Hors agglomération,Hors intersection,Pluie légère,Sans collision,,,,,,,,,,,3,1,1,2.0,7
201400017175,0014-02-04 07:15:00,14,2,4,7,15,270,670,,49.222,1.195,Nuit sans éclairage public,Hors agglomération,Hors intersection,Normale,Trois véhicules et plus - en chaîne,,,,,,,,,,,3,1,1,1.0,4
201400017176,0014-05-28 19:45:00,14,5,28,19,45,270,294,,49.193,1.231,Crépuscule ou aube,Hors agglomération,Hors intersection,Pluie légère,Sans collision,,,,,,,,,,,2,1,1,2.0,7
201400017177,0014-01-31 07:00:00,14,1,31,7,0,270,617,,48.183,1.313,Nuit sans éclairage public,Hors agglomération,Hors intersection,Brouillard / fumée,Deux véhicules - frontale,,,,,,,,,,,3,1,1,5.0,1
201400017178,0014-03-19 17:30:00,14,3,19,17,30,270,324,rue des landes,49.21,1.433,Crépuscule ou aube,En agglomération,Intersection en T,Normale,Deux véhicules - côté,,,,,,,,,,,2,2,3,1.0,3
201400017179,0014-12-17 18:45:00,14,12,17,18,45,270,284,,49.16,1.47,Nuit avec éclairage non allumé,Hors agglomération,Hors intersection,Pluie légère,Deux véhicules - frontale,,,,,,,,,,,4,1,1,2.0,1
201400017180,0014-03-07 20:30:00,14,3,7,20,30,270,428,rue de Verdun,49.09,0.542,Nuit avec éclairage allumé,En agglomération,Hors intersection,Normale,Deux véhicules - arrière,,,,,,,,,,,5,2,1,1.0,2
201400017181,0014-04-23 10:15:00,14,4,23,10,15,270,192,Hameau de Coquerel,49.072,0.562,Plein jour,Hors agglomération,Intersection en X,Temps éblouissant,Deux véhicules - côté,,,,,,,,,,,1,1,2,7.0,3
201400017182,0014-08-30 18:30:00,14,8,30,18,30,270,53,,49.143,0.584,Plein jour,Hors agglomération,Intersection en X,Pluie légère,Deux véhicules - côté,,,,,,,,,,,1,1,2,2.0,3
201400017183,0014-09-10 16:30:00,14,9,10,16,30,270,185,,49.123,0.583,Plein jour,Hors agglomération,Intersection en X,Normale,Deux véhicules - côté,,,,,,,,,,,1,1,2,1.0,3
201400017184,0014-05-23 15:00:00,14,5,23,15,0,270,243,,49.232,0.183,Plein jour,En agglomération,Hors intersection,Normale,Sans collision,,,,,,,,,,,1,2,1,1.0,7
201400017185,0014-04-09 16:30:00,14,4,9,16,30,270,227,,49.225,0.402,Plein jour,Hors agglomération,Hors intersection,Normale,Sans collision,,,,,,,,,,,1,1,1,1.0,7
201400017186,0014-08-05 19:30:00,14,8,5,19,30,270,102,,49.212,0.464,Plein jour,Hors agglomération,Hors intersection,Normale,Deux véhicules - côté,,,,,,,,,,,1,1,1,1.0,3
201400017187,0014-09-03 22:15:00,14,9,3,22,15,270,77,,49.16,0.461,Nuit sans éclairage public,Hors agglomération,Hors intersection,Normale,Deux véhicules - frontale,,,,,,,,,,,3,1,1,1.0,1
201400017188,0014-09-28 18:00:00,14,9,28,18,0,270,340,,49.2228,0.4828,Plein jour,Hors agglomération,Hors intersection,Normale,Deux véhicules - côté,,,,,,,,,,,1,1,1,1.0,3
201400017189,0014-10-18 15:30:00,14,10,18,15,30,270,340,,49.213,0.511,Plein jour,Hors agglomération,Hors intersection,Normale,Deux véhicules - côté,,,,,,,,,,,1,1,1,1.0,3
201400017190,0014-10-26 18:30:00,14,10,26,18,30,270,316,route de barneville,49.234,0.461,Nuit avec éclairage allumé,En agglomération,Hors intersection,Normale,Deux véhicules - frontale,,,,,,,,,,,5,2,1,1.0,1
201400017191,0014-11-23 21:15:00,14,11,23,21,15,270,163,,49.212,0.381,Nuit sans éclairage public,Hors agglomération,Hors intersection,Normale,Deux véhicules - frontale,,,,,,,,,,,3,1,1,1.0,1
201400017192,0014-04-13 17:15:00,14,4,13,17,15,40,230,,,,Plein jour,Hors agglomération,Hors intersection,Normale,Deux véhicules - arrière,,,,,,,,,,,1,1,1,1.0,2
201400017193,0014-06-28 00:15:00,14,6,28,0,15,40,94,,,,Nuit sans éclairage public,Hors agglomération,Hors intersection,Normale,Autre collision,,,,,,,,,,,3,1,1,1.0,6
201400017194,0014-06-29 16:00:00,14,6,29,16,0,40,230,,,,Plein jour,Hors agglomération,Hors intersection,Normale,Deux véhicules - frontale,,,,,,,,,,,1,1,1,1.0,1
201400017195,0014-01-17 09:30:00,14,1,17,9,30,40,90,,,,Plein jour,Hors agglomération,Hors intersection,Neige / grêle,Autre collision,,,,,,,,,,,1,1,1,4.0,6
201400017196,0014-06-22 15:00:00,14,6,22,15,0,40,8,,,,Plein jour,Hors agglomération,Hors intersection,Normale,Deux véhicules - frontale,,,,,,,,,,,1,1,1,1.0,1
201400017197,0014-09-12 14:45:00,14,9,12,14,45,40,174,,,,Plein jour,Hors agglomération,Hors intersection,Normale,Deux véhicules - côté,,,,,,,,,,,1,1,1,1.0,3
201400017198,0014-12-20 04:15:00,14,12,20,4,15,40,76,,,,Nuit sans éclairage public,Hors agglomération,Hors intersection,Brouillard / fumée,Autre collision,,,,,,,,,,,3,1,1,5.0,6
201400017199,0014-07-13 17:45:00,14,7,13,17,45,40,6,,,,Crépuscule ou aube,Hors agglomération,Hors intersection,Normale,Autre collision,,,,,,,,,,,2,1,1,1.0,6
201400017200,0014-09-26 16:15:00,14,9,26,16,15,40,136,,,,Plein jour,Hors agglomération,Hors intersection,Normale,Deux véhicules - frontale,,,,,,,,,,,1,1,1,1.0,1
201400017201,0014-09-27 16:00:00,14,9,27,16,0,40,219,,,,Plein jour,Hors agglomération,Hors intersection,Normale,Deux véhicules - côté,,,,,,,,,,,1,1,1,1.0,3
201400017202,0014-01-13 15:45:00,14,1,13,15,45,40,157,RD08 PK 24.800,,,Plein jour,En agglomération,Hors intersection,Temps couvert,Deux véhicules - côté,,,,,,,,,,,1,2,1,8.0,3
201400017203,0014-03-16 17:15:00,14,3,16,17,15,40,135,,,,Plein jour,Hors agglomération,Hors intersection,Normale,Sans collision,,,,,,,,,,,1,1,1,1.0,7
201400017204,0014-06-22 00:45:00,14,6,22,0,45,40,135,,,,Nuit sans éclairage public,Hors agglomération,Hors intersection,Normale,Sans collision,,,,,,,,,,,3,1,1,1.0,7
201400017205,0014-01-13 14:45:00,14,1,13,14,45,40,88,,,,Plein jour,Hors agglomération,Hors intersection,Pluie légère,Deux véhicules - frontale,,,,,,,,,,,1,1,1,2.0,1
201400017206,0014-02-16 03:15:00,14,2,16,3,15,40,242,,,,Nuit sans éclairage public,Hors agglomération,Hors intersection,Normale,Autre collision,,,,,,,,,,,3,1,1,1.0,6
201400017207,0014-03-31 09:15:00,14,3,31,9,15,40,111,,,,Plein jour,Hors agglomération,Hors intersection,Normale,Deux véhicules - côté,,,,,,,,,,,1,1,1,1.0,3
201400017208,0014-04-28 09:15:00,14,4,28,9,15,40,88,,43.94633,5.77318,Plein jour,Hors agglomération,Hors intersection,Normale,Deux véhicules - arrière,,,,,,,,,,,1,1,1,1.0,2
201400017209,0014-05-24 00:30:00,14,5,24,0,30,40,188,,,,Nuit sans éclairage public,Hors agglomération,Hors intersection,Pluie légère,Autre collision,,,,,,,,,,,3,1,1,2.0,6
201400017210,0014-09-29 20:45:00,14,9,29,20,45,40,162,lieu-dit Gubian,,,Nuit sans éclairage public,Hors agglomération,Hors intersection,Normale,Autre collision,,,,,,,,,,,3,1,1,1.0,6
201400017211,0014-07-10 20:45:00,14,7,10,20,45,40,123,,44.28,5.853,Crépuscule ou aube,Hors agglomération,Hors intersection,Normale,Deux véhicules - frontale,,,,,,,,,,,2,1,1,1.0,1
201400017212,0014-12-17 21:15:00,14,12,17,21,15,40,134,,,,Nuit sans éclairage public,Hors agglomération,Hors intersection,Normale,Autre collision,,,,,,,,,,,3,1,1,1.0,6
201400017213,0014-04-26 05:00:00,14,4,26,5,0,240,468,LE COMBALET,45.0022,0.71732,Nuit sans éclairage public,Hors agglomération,Hors intersection,Normale,Autre collision,,,,,,,,,,,3,1,1,1.0,6
201400017214,0014-06-06 18:30:00,14,6,6,18,30,240,115,LA TAMANIE,45.2679,0.71063,Plein jour,Hors agglomération,Hors intersection,Normale,Autre collision,,,,,,,,,,,1,1,1,1.0,6
201400017215,0014-01-25 12:00:00,14,1,25,12,0,240,210,LE BUISSON,45.2707,1.12888,Plein jour,Hors agglomération,Intersection en T,Normale,Deux véhicules - côté,,,,,,,,,,,1,1,3,1.0,3
201400017216,0014-02-16 19:30:00,14,2,16,19,30,240,123,LEYTERIE,44.9564,0.65377,Nuit avec éclairage non allumé,Hors agglomération,Hors intersection,Normale,Autre collision,,,,,,,,,,,4,1,1,1.0,6
201400017217,0014-01-21 10:30:00,14,1,21,10,30,240,28,GONDRAS,44.7545,0.77333,Plein jour,Hors agglomération,Intersection en X,Normale,Deux véhicules - frontale,,,,,,,,,,,1,1,2,1.0,1
201400017218,0014-08-26 12:50:00,14,8,26,12,50,240,307,LE TONDU,44.7505,0.73112,Plein jour,Hors agglomération,Hors intersection,Pluie forte,Deux véhicules - frontale,,,,,,,,,,,1,1,1,3.0,1
201400017219,0014-11-19 07:30:00,14,11,19,7,30,240,142,LES PRADASQUES,44.8333,0.94043,Plein jour,Hors agglomération,Hors intersection,Brouillard / fumée,Autre collision,,,,,,,,,,,1,1,1,5.0,6
201400017220,0014-01-05 09:30:00,14,1,5,9,30,240,311,ROUTE DE VILLARS,45.5228,0.66418,Plein jour,En agglomération,Hors intersection,Temps couvert,Autre collision,,,,,,,,,,,1,2,1,8.0,6
201400017221,0014-02-20 15:00:00,14,2,20,15,0,240,311,ROUTE DE VILLARS,45.5223,0.66449,Plein jour,En agglomération,Hors intersection,Pluie légère,Deux véhicules - frontale,,,,,,,,,,,1,2,1,2.0,1
201400017222,0014-06-12 20:00:00,14,6,12,20,0,240,56,LE BOURG,45.6022,0.62823,Crépuscule ou aube,En agglomération,Intersection en X,Normale,Deux véhicules - côté,,,,,,,,,,,2,2,2,1.0,3
201400017223,0014-06-30 16:30:00,14,6,30,16,30,240,479,SIMPLY MARKET,45.4943,0.74188,Plein jour,En agglomération,Hors intersection,Normale,Deux véhicules - frontale,,,,,,,,,,,1,2,1,1.0,1
201400017224,0014-08-24 12:00:00,14,8,24,12,0,240,311,AVENUE JULES FERRY,45.5327,0.66519,Plein jour,En agglomération,Hors intersection,Normale,Autre collision,,,,,,,,,,,1,2,1,1.0,6
201400017225,0014-12-30 11:45:00,14,12,30,11,45,240,16,PUYBEGOUT,45.5639,0.69363,Plein jour,Hors agglomération,Hors intersection,Normale,Deux véhicules - frontale,,,,,,,,,,,1,1,1,1.0,1
201400017226,0014-07-16 17:15:00,14,7,16,17,15,240,99,LES TROIS PIERRES,45.4446,0.58767,Plein jour,Hors agglomération,Hors intersection,Normale,Autre collision,,,,,,,,,,,1,1,1,1.0,6
201400017227,0014-05-14 19:45:00,14,5,14,19,45,240,304,AVENUE L?ON COUZINOU,45.4087,0.92098,Plein jour,En agglomération,Intersection en X,Normale,Deux véhicules - côté,,,,,,,,,,,1,2,2,1.0,3
201400017228,0014-07-08 19:00:00,14,7,8,19,0,240,8,D704/D80,45.4256,1.14211,Plein jour,Hors agglomération,Intersection en X,Normale,Deux véhicules - frontale,,,,,,,,,,,1,1,2,1.0,1
201400017229,0014-12-03 16:15:00,14,12,3,16,15,240,551,PLACE DE LA REPUBLIQUE,45.4155,0.91881,Plein jour,En agglomération,Hors intersection,Temps couvert,Autre collision,,,,,,,,,,,1,2,1,8.0,6
201400017230,0014-09-18 09:15:00,14,9,18,9,15,240,504,LE MAS POITEVIN,45.175,0.38867,Plein jour,Hors agglomération,Hors intersection,Pluie légère,Deux véhicules - côté,,,,,,,,,,,1,1,1,2.0,3
201400017231,0014-03-12 00:45:00,14,3,12,0,45,240,354,BALAN,45.1592,0.00706,Nuit avec éclairage allumé,En agglomération,Hors intersection,Normale,Autre collision,,,,,,,,,,,5,2,1,1.0,6
201400017232,0014-03-01 14:30:00,14,3,1,14,30,240,520,LE BOIS DE BONTEMPS,44.8674,1.24784,Plein jour,Hors agglomération,Intersection en Y,Normale,Deux véhicules - côté,,,,,,,,,,,1,1,4,1.0,3
201400017233,0014-04-15 19:00:00,14,4,15,19,0,240,520,Impasse Pech Sud,44.894,1.245,Plein jour,En agglomération,Hors intersection,Normale,Deux véhicules - frontale,,,,,,,,,,,1,2,1,1.0,1
201400017234,0014-04-08 08:15:00,14,4,8,8,15,240,516,ROUTE DE SARLAT,44.9738,1.3234,Plein jour,En agglomération,Hors intersection,Normale,Autre collision,,,,,,,,,,,1,2,1,1.0,6
201400017235,0014-05-23 15:30:00,14,5,23,15,30,240,412,LES QUATRE ROUTES,44.9961,1.24176,Plein jour,Hors agglomération,Intersection en X,Pluie légère,Deux véhicules - côté,,,,,,,,,,,1,1,2,2.0,3
201400017236,0014-07-26 11:30:00,14,7,26,11,30,240,82,LE SINGLE DE MONFORT,44.8443,1.25249,Plein jour,Hors agglomération,Hors intersection,Normale,Deux véhicules - frontale,,,,,,,,,,,1,1,1,1.0,1
201400017237,0014-12-08 17:15:00,14,12,8,17,15,240,82,LES SIX CHEMINS,44.8627,1.26337,Crépuscule ou aube,Hors agglomération,Intersection en T,Pluie légère,Deux véhicules - côté,,,,,,,,,,,2,1,3,2.0,3
201400017238,0014-11-28 17:45:00,14,11,28,17,45,240,179,GUINASSOU,45.1252,1.39684,Nuit sans éclairage public,Hors agglomération,Hors intersection,Normale,Deux véhicules - frontale,,,,,,,,,,,3,1,1,1.0,1
201400017239,0014-12-31 16:00:00,14,12,31,16,0,400,102,rue du marsan,43.98522,0.01087,Plein jour,En agglomération,Hors intersection,Normale,Sans collision,,,,,,,,,,,1,2,1,1.0,7
201400017240,0014-06-01 20:45:00,14,6,1,20,45,400,259,les arbouts,43.81293,-0.29658,Plein jour,Hors agglomération,Intersection en X,Normale,Trois véhicules et plus - collisions multiples,,,,,,,,,,,1,1,2,1.0,5
201400017241,0014-08-03 05:30:00,14,8,3,5,30,400,161,RD 933N,44.09871,-0.01704,Crépuscule ou aube,Hors agglomération,Hors intersection,Normale,Autre collision,,,,,,,,,,,2,1,1,1.0,6
201400017242,0014-07-12 10:00:00,14,7,12,10,0,400,233,,43.59287,-1.03124,Plein jour,Hors agglomération,Hors intersection,Normale,Deux véhicules - frontale,,,,,,,,,,,1,1,1,1.0,1
201400017243,0014-09-03 09:30:00,14,9,3,9,30,400,332,,44.32188,-0.89812,Plein jour,Hors agglomération,Hors intersection,Normale,Deux véhicules - côté,,,,,,,,,,,1,1,1,1.0,3
201400017244,0014-10-11 16:00:00,14,10,11,16,0,400,217,,44.33491,-1.05316,Plein jour,Hors agglomération,Hors intersection,Pluie légère,Trois véhicules et plus - collisions multiples,,,,,,,,,,,1,1,1,2.0,5
201400017245,0014-10-26 10:30:00,14,10,26,10,30,400,217,,44.34209,-1.02379,Plein jour,Hors agglomération,Intersection en X,Normale,Trois véhicules et plus - collisions multiples,,,,,,,,,,,1,1,2,1.0,5
201400017246,0014-06-27 22:15:00,14,6,27,22,15,400,78,,43.6711,-0.76414,Nuit sans éclairage public,Hors agglomération,Intersection en X,Normale,Deux véhicules - côté,,,,,,,,,,,3,1,2,1.0,3
201400017247,0014-10-05 21:30:00,14,10,5,21,30,400,205,,43.72023,-0.81414,Nuit sans éclairage public,Hors agglomération,Hors intersection,Normale,Autre collision,,,,,,,,,,,3,1,1,1.0,6
201400017248,0014-01-11 23:30:00,14,1,11,23,30,210,32,,,,Nuit sans éclairage public,Hors agglomération,Hors intersection,Normale,Autre collision,,,,,,,,,,,3,1,1,1.0,6
201400017249,0014-12-06 07:30:00,14,12,6,7,30,210,502,,47.03,5.108,Crépuscule ou aube,Hors agglomération,Hors intersection,Normale,Autre collision,,,,,,,,,,,2,1,1,1.0,6
201400017250,0014-03-13 13:45:00,14,3,13,13,45,210,163,,,,Plein jour,Hors agglomération,Hors intersection,Normale,Trois véhicules et plus - collisions multiples,,,,,,,,,,,1,1,1,1.0,5
201400017251,0014-06-22 00:45:00,14,6,22,0,45,210,211,,,,Nuit sans éclairage public,Hors agglomération,Hors intersection,Normale,Deux véhicules - côté,,,,,,,,,,,3,1,1,1.0,3
201400017252,0014-05-25 01:15:00,14,5,25,1,15,210,547,,,,Nuit sans éclairage public,Hors agglomération,Hors intersection,Normale,Deux véhicules - arrière,,,,,,,,,,,3,1,1,1.0,2
201400017253,0014-09-13 04:00:00,14,9,13,4,0,210,429,,47.585,4.336,Nuit sans éclairage public,Hors agglomération,Hors intersection,Normale,Autre collision,,,,,,,,,,,3,1,1,1.0,6
201400017254,0014-09-16 06:15:00,14,9,16,6,15,210,394,D9D,47.512,4.4,Nuit sans éclairage public,En agglomération,Hors intersection,Normale,Autre collision,,,,,,,,,,,3,2,1,1.0,6
201400017255,0014-09-21 06:15:00,14,9,21,6,15,210,709,,47.542,4.296,Crépuscule ou aube,Hors agglomération,Hors intersection,Normale,Autre collision,,,,,,,,,,,2,1,1,1.0,6
201400017256,0014-01-02 16:30:00,14,1,2,16,30,210,393,,47.888,4.596,Plein jour,Hors agglomération,Hors intersection,Normale,Deux véhicules - frontale,,,,,,,,,,,1,1,1,1.0,1
201400017257,0014-02-10 13:45:00,14,2,10,13,45,210,104,,47.74,4.595,Plein jour,Hors agglomération,Hors intersection,Pluie légère,Autre collision,,,,,,,,,,,1,1,1,2.0,6
201400017258,0014-09-04 17:15:00,14,9,4,17,15,210,154,marechal de lattre,47.863,4.573,Plein jour,En agglomération,Hors intersection,Normale,Autre collision,,,,,,,,,,,1,2,1,1.0,6
201400017259,0014-01-25 23:00:00,14,1,25,23,0,210,663,Avenue de Dijon,47.545,4.462,Nuit avec éclairage allumé,En agglomération,Intersection en X,Normale,Deux véhicules - côté,,,,,,,,,,,5,2,2,1.0,3
201400017260,0014-02-26 07:30:00,14,2,26,7,30,530,140,,48.11076,-0.73457,Plein jour,Hors agglomération,Hors intersection,Brouillard / fumée,Deux véhicules - arrière,,,,,,,,,,,1,1,1,5.0,2
201400017261,0014-06-10 15:45:00,14,6,10,15,45,530,76,,47.9648,-0.35675,Plein jour,Hors agglomération,Intersection en X,Normale,Deux véhicules - côté,,,,,,,,,,,1,1,2,1.0,3
201400017262,0014-12-19 08:45:00,14,12,19,8,45,530,152,,47.95311,-0.59074,Crépuscule ou aube,Hors agglomération,Hors intersection,Pluie légère,Autre collision,,,,,,,,,,,2,1,1,2.0,6
201400017263,0014-03-01 20:00:00,14,3,1,20,0,530,153,,48.20722,-0.43775,Nuit sans éclairage public,Hors agglomération,Hors intersection,Pluie légère,Autre collision,,,,,,,,,,,3,1,1,2.0,6
201400017264,0014-06-11 11:45:00,14,6,11,11,45,530,97,,48.12015,-0.37258,Plein jour,Hors agglomération,Hors intersection,Normale,Deux véhicules - côté,,,,,,,,,,,1,1,1,1.0,3
201400017265,0014-08-24 23:45:00,14,8,24,23,45,530,161,rue de la Gare,48.14028,-0.55181,Nuit sans éclairage public,En agglomération,Hors intersection,Normale,Autre collision,,,,,,,,,,,3,2,1,1.0,6
201400017266,0014-09-14 18:00:00,14,9,14,18,0,530,97,,48.15977,-0.41081,Plein jour,Hors agglomération,Hors intersection,Normale,Autre collision,,,,,,,,,,,1,1,1,1.0,6
201400017267,0014-01-24 08:30:00,14,1,24,8,30,530,84,PLACE DU 11 NOVEMBRE,47.84689,-0.94825,Nuit avec éclairage non allumé,En agglomération,Giratoire,Pluie légère,Autre collision,,,,,,,,,,,4,2,6,2.0,6
201400017268,0014-02-06 18:30:00,14,2,6,18,30,530,84,boulevard d'Ok?hampton,47.84692,-0.94823,Nuit avec éclairage allumé,En agglomération,Giratoire,Pluie légère,Autre collision,,,,,,,,,,,5,2,6,2.0,6
201400017269,0014-03-12 09:15:00,14,3,12,9,15,530,12,,47.89266,-0.9318,Plein jour,Hors agglomération,Hors intersection,Normale,Deux véhicules - frontale,,,,,,,,,,,1,1,1,1.0,1
201400017270,0014-03-14 19:15:00,14,3,14,19,15,530,88,,47.95662,-1.10877,Crépuscule ou aube,Hors agglomération,Hors intersection,Temps couvert,Sans collision,,,,,,,,,,,2,1,1,8.0,7
201400017271,0014-08-18 17:15:00,14,8,18,17,15,530,147,rue boris vian,48.30423,-0.63932,Plein jour,En agglomération,Intersection en T,Normale,Deux véhicules - côté,,,,,,,,,,,1,2,3,1.0,3
201400017272,0014-03-11 17:30:00,14,3,11,17,30,530,107,avenue de l'Abb? Angot,48.41332,-0.82828,Plein jour,En agglomération,Autre intersection,Normale,Deux véhicules - arrière,,,,,,,,,,,1,2,9,1.0,2
201400017273,0014-02-07 13:45:00,14,2,7,13,45,530,190,,48.36015,-0.45107,Plein jour,Hors agglomération,Intersection en T,Normale,Deux véhicules - frontale,,,,,,,,,,,1,1,3,1.0,1
201400017274,0014-01-16 18:00:00,14,1,16,18,0,70,349,avenue L?on Blum,,,Nuit avec éclairage allumé,En agglomération,Hors intersection,Pluie forte,Autre collision,,,,,,,,,,,5,2,1,3.0,6
201400017275,0014-02-01 09:30:00,14,2,1,9,30,70,260,intersection RD 2 RD 322,,,Plein jour,En agglomération,Intersection en T,Normale,Deux véhicules - côté,,,,,,,,,,,1,2,3,1.0,3
201400017276,0014-03-08 16:00:00,14,3,8,16,0,70,5,,,,Plein jour,Hors agglomération,Hors intersection,Normale,Deux véhicules - côté,,,,,,,,,,,1,1,1,1.0,3
201400017277,0014-05-17 17:45:00,14,5,17,17,45,70,38,,44.609,4.067,Plein jour,Hors agglomération,Hors intersection,Normale,Autre collision,,,,,,,,,,,1,1,1,1.0,6
201400017278,0014-07-25 19:45:00,14,7,25,19,45,70,81,,44.939,4.1044,Plein jour,Hors agglomération,Hors intersection,Normale,Autre collision,,,,,,,,,,,1,1,1,1.0,6
201400017279,0014-08-23 19:45:00,14,8,23,19,45,70,132,,44.862,4.519,Crépuscule ou aube,Hors agglomération,Hors intersection,Normale,Deux véhicules - frontale,,,,,,,,,,,2,1,1,1.0,1
201400017280,0014-01-22 13:30:00,14,1,22,13,30,70,91,,,,Plein jour,Hors agglomération,Hors intersection,Normale,Deux véhicules - frontale,,,,,,,,,,,1,1,1,1.0,1
201400017281,0014-02-23 15:00:00,14,2,23,15,0,70,158,,44.82,4.334,Plein jour,Hors agglomération,Hors intersection,Normale,Sans collision,,,,,,,,,,,1,1,1,1.0,7
201400017282,0014-03-01 15:30:00,14,3,1,15,30,70,210,,,,Plein jour,Hors agglomération,Hors intersection,Normale,Deux véhicules - frontale,,,,,,,,,,,1,1,1,1.0,1
201400017283,0014-08-16 10:15:00,14,8,16,10,15,70,139,,,,Plein jour,Hors agglomération,Hors intersection,Normale,Autre collision,,,,,,,,,,,1,1,1,1.0,6
201400017284,0014-08-15 04:45:00,14,8,15,4,45,70,121,,,,Nuit sans éclairage public,Hors agglomération,Hors intersection,Normale,Sans collision,,,,,,,,,,,3,1,1,1.0,7
201400017285,0014-04-02 13:15:00,14,4,2,13,15,70,156,,,,Plein jour,Hors agglomération,Hors intersection,Normale,Deux véhicules - côté,,,,,,,,,,,1,1,1,1.0,3
201400017286,0014-08-27 07:45:00,14,8,27,7,45,70,156,,,,Nuit sans éclairage public,Hors agglomération,Hors intersection,Normale,Deux véhicules - frontale,,,,,,,,,,,3,1,1,1.0,1