accident_id,datetime,annee,mois,jour,heure,minute,departement,commune_insee,adresse,latitude,longitude,luminosite,agglomeration,intersection,meteo,collision,nb_vehicules,nb_usagers,nb_indemnes,nb_tues,nb_blesses_hosp,nb_blesses_legers,age_cond_1,age_cond_2,veh_type_cond_1,veh_type_cond_2,lum_code,agg_code,int_code,atm_code,col_code
201400017287,0014-01-15 10:00:00,14,1,15,10,0,70,23,,,,Plein jour,Hors agglomération,Hors intersection,Normale,Deux véhicules - frontale,,,,,,,,,,,1,1,1,1.0,1
201400017288,0014-02-26 08:00:00,14,2,26,8,0,70,183,,,,Plein jour,Hors agglomération,Hors intersection,Normale,Trois véhicules et plus - en chaîne,,,,,,,,,,,1,1,1,1.0,4
201400017289,0014-06-15 19:30:00,14,6,15,19,30,70,201,,,,Plein jour,Hors agglomération,Hors intersection,Normale,Autre collision,,,,,,,,,,,1,1,1,1.0,6
201400017290,0014-06-25 21:00:00,14,6,25,21,0,70,330,,,,Plein jour,Hors agglomération,Hors intersection,Normale,Deux véhicules - côté,,,,,,,,,,,1,1,1,1.0,3
201400017291,0014-06-29 11:30:00,14,6,29,11,30,70,291,,,,Plein jour,Hors agglomération,Hors intersection,Normale,Deux véhicules - arrière,,,,,,,,,,,1,1,1,1.0,2
201400017292,0014-07-23 23:00:00,14,7,23,23,0,70,328,,,,Nuit sans éclairage public,Hors agglomération,Hors intersection,Pluie légère,Autre collision,,,,,,,,,,,3,1,1,2.0,6
201400017293,0014-07-25 17:00:00,14,7,25,17,0,70,101,,,,Plein jour,Hors agglomération,Hors intersection,Pluie forte,Deux véhicules - frontale,,,,,,,,,,,1,1,1,3.0,1
201400017294,0014-02-23 17:45:00,14,2,23,17,45,70,308,,,,Plein jour,Hors agglomération,Hors intersection,Normale,Trois véhicules et plus - collisions multiples,,,,,,,,,,,1,1,1,1.0,5
201400017295,0014-09-29 17:15:00,14,9,29,17,15,70,227,,,,Plein jour,Hors agglomération,Hors intersection,Temps couvert,Deux véhicules - côté,,,,,,,,,,,1,1,1,8.0,3
201400017296,0014-10-14 20:00:00,14,10,14,20,0,70,10,,,,Nuit sans éclairage public,Hors agglomération,Hors intersection,Temps couvert,Autre collision,,,,,,,,,,,3,1,1,8.0,6
201400017297,0014-10-19 15:00:00,14,10,19,15,0,70,243,,,,Plein jour,Hors agglomération,Hors intersection,Normale,Sans collision,,,,,,,,,,,1,1,1,1.0,7
201400017298,0014-12-02 14:15:00,14,12,2,14,15,70,10,ROUTE LEVERT,,,Plein jour,En agglomération,Passage à niveau,Temps couvert,Autre collision,,,,,,,,,,,1,2,8,8.0,6
201400017299,0014-02-12 14:30:00,14,2,12,14,30,70,73,,,,Plein jour,Hors agglomération,Hors intersection,Normale,Autre collision,,,,,,,,,,,1,1,1,1.0,6
201400017300,0014-03-01 14:15:00,14,3,1,14,15,70,52,,,,Nuit sans éclairage public,Hors agglomération,Hors intersection,Normale,Deux véhicules - frontale,,,,,,,,,,,3,1,1,1.0,1
201400017301,0014-09-13 20:00:00,14,9,13,20,0,70,79,,,,Plein jour,Hors agglomération,Hors intersection,Normale,Sans collision,,,,,,,,,,,1,1,1,1.0,7
201400017302,0014-05-25 20:15:00,14,5,25,20,15,70,204,,,,Plein jour,Hors agglomération,Hors intersection,Normale,Deux véhicules - frontale,,,,,,,,,,,1,1,1,1.0,1
201400017303,0014-09-18 16:30:00,14,9,18,16,30,70,64,AVENUE DE JAGORNAC,,,Plein jour,En agglomération,Hors intersection,Pluie légère,Autre collision,,,,,,,,,,,1,2,1,2.0,6
201400017304,0014-10-30 00:45:00,14,10,30,0,45,70,204,,,,Nuit sans éclairage public,Hors agglomération,Hors intersection,Normale,Autre collision,,,,,,,,,,,3,1,1,1.0,6
201400017305,0014-01-21 10:00:00,14,1,21,10,0,160,119,Le Pouyaud Chateau,45.55429,0.26372,Plein jour,Hors agglomération,Hors intersection,Temps éblouissant,Autre collision,,,,,,,,,,,1,1,1,7.0,6
201400017306,0014-02-21 08:45:00,14,2,21,8,45,160,175,Cote de Petignac,45.53837,-0.04503,Plein jour,Hors agglomération,Hors intersection,Normale,Trois véhicules et plus - collisions multiples,,,,,,,,,,,1,1,1,1.0,5
201400017307,0014-06-15 17:20:00,14,6,15,17,20,160,338,rue de l'eglise,45.51141,-0.13785,Plein jour,En agglomération,Hors intersection,Normale,Deux véhicules - frontale,,,,,,,,,,,1,2,1,1.0,1
201400017308,0014-01-01 02:15:00,14,1,1,2,15,160,167,17 rue pasteur,45.6815,-0.17216,Nuit sans éclairage public,En agglomération,Hors intersection,Pluie légère,Autre collision,,,,,,,,,,,3,2,1,2.0,6
201400017309,0014-05-17 19:30:00,14,5,17,19,30,160,148,Les petits Foys,45.79228,0.01231,Plein jour,Hors agglomération,Hors intersection,Normale,Sans collision,,,,,,,,,,,1,1,1,1.0,7
201400017310,0014-06-21 11:30:00,14,6,21,11,30,160,167,Lartige,45.68698,-0.15155,Nuit sans éclairage public,Hors agglomération,Hors intersection,Normale,Deux véhicules - côté,,,,,,,,,,,3,1,1,1.0,3
201400017311,0014-06-23 16:00:00,14,6,23,16,0,160,167,avenue du general Lecler,45.68068,-0.15725,Plein jour,En agglomération,Hors intersection,Normale,Sans collision,,,,,,,,,,,1,2,1,1.0,7
201400017312,0014-08-27 17:15:00,14,8,27,17,15,160,369,La Jarrie,45.73974,-0.18901,Plein jour,Hors agglomération,Intersection en X,Normale,Deux véhicules - côté,,,,,,,,,,,1,1,2,1.0,3
201400017313,0014-03-09 15:45:00,14,3,9,15,45,160,393,,45.74247,0.13136,Plein jour,Hors agglomération,Hors intersection,Normale,Trois véhicules et plus - collisions multiples,,,,,,,,,,,1,1,1,1.0,5
201400017314,0014-05-10 10:30:00,14,5,10,10,30,160,206,RUE GRANGE DU CHAPITRE,45.87488,0.17885,Plein jour,En agglomération,Hors intersection,Normale,Autre collision,,,,,,,,,,,1,2,1,1.0,6
201400017315,0014-08-18 10:15:00,14,8,18,10,15,160,140,La Gagnarderie,45.8814,0.183,Plein jour,En agglomération,Hors intersection,Normale,Deux véhicules - frontale,,,,,,,,,,,1,2,1,1.0,1
201400017316,0014-10-10 07:30:00,14,10,10,7,30,160,210,,45.71582,0.0742,Crépuscule ou aube,Hors agglomération,Hors intersection,Brouillard / fumée,Trois véhicules et plus - collisions multiples,,,,,,,,,,,2,1,1,5.0,5
201400017317,0014-04-18 11:45:00,14,4,18,11,45,160,292,route d'aigre,45.02249,0.19236,Plein jour,En agglomération,Hors intersection,Normale,Deux véhicules - frontale,,,,,,,,,,,1,2,1,1.0,1
201400017318,0014-03-16 13:30:00,14,3,16,13,30,360,86,,47.038,1.42576,Plein jour,Hors agglomération,Hors intersection,Normale,Autre collision,,,,,,,,,,,1,1,1,1.0,6
201400017319,0014-06-15 16:00:00,14,6,15,16,0,360,149,RUE DU MOULIN,46.9417,1.31575,Plein jour,En agglomération,Hors intersection,Normale,Autre collision,,,,,,,,,,,1,2,1,1.0,6
201400017320,0014-08-28 19:00:00,14,8,28,19,0,360,188,,47.0217,1.12132,Plein jour,Hors agglomération,Hors intersection,Normale,Autre collision,,,,,,,,,,,1,1,1,1.0,6
201400017321,0014-08-31 18:30:00,14,8,31,18,30,360,88,LES MAISONS NEUVES,46.9389,2.02679,Plein jour,Hors agglomération,Hors intersection,Normale,Deux véhicules - côté,,,,,,,,,,,1,1,1,1.0,3
201400017322,0014-01-14 11:45:00,14,1,14,11,45,360,143,,46.6307,1.94432,Plein jour,Hors agglomération,Intersection en X,Normale,Deux véhicules - côté,,,,,,,,,,,1,1,2,1.0,3
201400017323,0014-01-19 07:00:00,14,1,19,7,0,360,109,,46.5422,1.9871,Crépuscule ou aube,Hors agglomération,Hors intersection,Normale,Sans collision,,,,,,,,,,,2,1,1,1.0,7
201400017324,0014-04-04 18:15:00,14,4,4,18,15,360,91,,46.5814,2.04022,Plein jour,Hors agglomération,Hors intersection,Pluie légère,Deux véhicules - frontale,,,,,,,,,,,1,1,1,2.0,1
201400017325,0014-06-09 18:15:00,14,6,9,18,15,360,208,,46.5246,2.06771,Plein jour,Hors agglomération,Hors intersection,Normale,Sans collision,,,,,,,,,,,1,1,1,1.0,7
201400017326,0014-07-03 18:30:00,14,7,3,18,30,360,91,R LA FONTAINE/RUE DU PRE,46.5841,2.02385,Plein jour,En agglomération,Intersection en X,Normale,Deux véhicules - côté,,,,,,,,,,,1,2,2,1.0,3
201400017327,0014-08-26 17:45:00,14,8,26,17,45,360,240,,46.4273,2.15916,Crépuscule ou aube,Hors agglomération,Hors intersection,Pluie légère,Autre collision,,,,,,,,,,,2,1,1,2.0,6
201400017328,0014-09-08 19:00:00,14,9,8,19,0,360,46,30 RUE P DECOURTEIX,46.5793,1.9876,Plein jour,En agglomération,Hors intersection,Normale,Deux véhicules - arrière,,,,,,,,,,,1,2,1,1.0,2
201400017329,0014-11-10 18:00:00,14,11,10,18,0,360,46,AVENUE ARISTIDE BRIAND,46.5831,1.98467,Nuit avec éclairage allumé,En agglomération,Hors intersection,Normale,Autre collision,,,,,,,,,,,5,2,1,1.0,6
201400017330,0014-12-23 08:15:00,14,12,23,8,15,360,126,,46.4896,1.76465,Crépuscule ou aube,Hors agglomération,Hors intersection,Autre,Autre collision,,,,,,,,,,,2,1,1,9.0,6
201400017331,0014-01-28 13:30:00,14,1,28,13,30,360,78,LIEU DIT FROMENTEAU,46.5816,1.8782,Plein jour,Hors agglomération,Hors intersection,Normale,Autre collision,,,,,,,,,,,1,1,1,1.0,6
201400017332,0014-01-26 02:00:00,14,1,26,2,0,360,172,,46.6403,1.39772,Nuit avec éclairage allumé,Hors agglomération,Giratoire,Normale,Sans collision,,,,,,,,,,,5,1,6,1.0,7
201400017333,0014-02-17 11:30:00,14,2,17,11,30,360,161,,46.6266,1.4901,Plein jour,En agglomération,Intersection en T,Normale,Deux véhicules - côté,,,,,,,,,,,1,2,3,1.0,3
201400017334,0014-03-01 12:15:00,14,3,1,12,15,360,42,,46.679,1.50032,Plein jour,Hors agglomération,Intersection en X,Normale,Deux véhicules - côté,,,,,,,,,,,1,1,2,1.0,3
201400017335,0014-03-07 14:15:00,14,3,7,14,15,360,219,,46.6503,1.56317,Plein jour,Hors agglomération,Intersection en T,Normale,Deux véhicules - côté,,,,,,,,,,,1,1,3,1.0,3
201400017336,0014-03-14 13:30:00,14,3,14,13,30,360,32,"LD ""LES GRANGES""",46.544,1.5558,Plein jour,Hors agglomération,Hors intersection,Normale,Deux véhicules - frontale,,,,,,,,,,,1,1,1,1.0,1
201400017337,0014-06-08 10:30:00,14,6,8,10,30,360,134,11 LIEU DIT RHODE,46.3535,1.42359,Plein jour,En agglomération,Intersection en T,Normale,Autre collision,,,,,,,,,,,1,2,3,1.0,6
201400017338,0014-08-09 13:30:00,14,8,9,13,30,360,33,,46.5468,1.4966,Plein jour,Hors agglomération,Hors intersection,Normale,Autre collision,,,,,,,,,,,1,1,1,1.0,6
201400017339,0014-11-20 17:30:00,14,11,20,17,30,360,231,ROUTE DE MOSNAY,46.6867,1.64677,Nuit avec éclairage allumé,En agglomération,Hors intersection,Normale,Autre collision,,,,,,,,,,,5,2,1,1.0,6
201400017340,0014-11-27 16:15:00,14,11,27,16,15,360,6,RUE BARA,,,Plein jour,En agglomération,Hors intersection,Normale,Autre collision,,,,,,,,,,,1,2,1,1.0,6
201400017341,0014-07-09 00:01:00,14,7,9,0,1,100,430,,48.63374,4.11215,Nuit avec éclairage allumé,Hors agglomération,Hors intersection,Pluie légère,Autre collision,,,,,,,,,,,5,1,1,2.0,6
201400017342,0014-11-29 21:15:00,14,11,29,21,15,100,6,,48.519,4.143,Nuit sans éclairage public,Hors agglomération,Hors intersection,Normale,Deux véhicules - arrière,,,,,,,,,,,3,1,1,1.0,2
201400017343,0014-01-22 12:15:00,14,1,22,12,15,100,133,,,,Plein jour,Hors agglomération,Intersection en T,Normale,Deux véhicules - côté,,,,,,,,,,,1,1,3,1.0,3
201400017344,0014-06-21 02:40:00,14,6,21,2,40,100,40,Route d?partemantale 23,47.9951,4.00036,Nuit sans éclairage public,En agglomération,Hors intersection,Normale,Autre collision,,,,,,,,,,,3,2,1,1.0,6
201400017345,0014-06-29 22:30:00,14,6,29,22,30,100,140,,48.09767,3.8645,Crépuscule ou aube,Hors agglomération,Hors intersection,Normale,Autre collision,,,,,,,,,,,2,1,1,1.0,6
201400017346,0014-07-04 18:00:00,14,7,4,18,0,100,395,10 rue du bois,48.02656,4.02704,Plein jour,En agglomération,Hors intersection,Normale,Autre collision,,,,,,,,,,,1,2,1,1.0,6
201400017347,0014-08-16 10:30:00,14,8,16,10,30,100,371,,48.16352,3.94193,Plein jour,Hors agglomération,Hors intersection,Normale,Sans collision,,,,,,,,,,,1,1,1,1.0,7
201400017348,0014-08-27 17:45:00,14,8,27,17,45,100,51,,48.18417,3.98489,Plein jour,Hors agglomération,Hors intersection,Normale,Sans collision,,,,,,,,,,,1,1,1,1.0,7
201400017349,0014-09-30 08:45:00,14,9,30,8,45,100,331,,48.14197,4.17831,Plein jour,Hors agglomération,Hors intersection,Normale,Autre collision,,,,,,,,,,,1,1,1,1.0,6
201400017350,0014-12-20 09:45:00,14,12,20,9,45,100,328,,48.358,4.261,Plein jour,Hors agglomération,Hors intersection,Normale,Autre collision,,,,,,,,,,,1,1,1,1.0,6
201400017351,0014-01-12 16:00:00,14,1,12,16,0,100,401,,,,Plein jour,Hors agglomération,Hors intersection,Normale,Autre collision,,,,,,,,,,,1,1,1,1.0,6
201400017352,0014-09-10 15:45:00,14,9,10,15,45,100,33,Ave du G?n?ral Leclerc,48.23771,4.70101,Plein jour,En agglomération,Hors intersection,Normale,Deux véhicules - arrière,,,,,,,,,,,1,2,1,1.0,2
201400017353,0014-02-02 06:45:00,14,2,2,6,45,100,158,,48.148,4.275,Nuit sans éclairage public,Hors agglomération,Hors intersection,Autre,Autre collision,,,,,,,,,,,3,1,1,9.0,6
201400017354,0014-02-03 18:45:00,14,2,3,18,45,100,418,,48.08832,4.30401,Crépuscule ou aube,Hors agglomération,Hors intersection,Normale,Sans collision,,,,,,,,,,,2,1,1,1.0,7
201400017355,0014-02-13 21:00:00,14,2,13,21,0,100,34,10 avenue Paul Portier,48.115,4.379,Nuit avec éclairage allumé,En agglomération,Hors intersection,Normale,Autre collision,,,,,,,,,,,5,2,1,1.0,6
201400017356,0014-02-18 21:45:00,14,2,18,21,45,100,55,,48.13,4.365,Nuit sans éclairage public,Hors agglomération,Hors intersection,Normale,Autre collision,,,,,,,,,,,3,1,1,1.0,6
201400017357,0014-04-21 17:45:00,14,4,21,17,45,100,158,,48.14309,4.27946,Plein jour,Hors agglomération,Hors intersection,Pluie légère,Deux véhicules - frontale,,,,,,,,,,,1,1,1,2.0,1
201400017358,0014-07-20 09:45:00,14,7,20,9,45,100,155,,48.08645,4.59629,Plein jour,Hors agglomération,Hors intersection,Pluie légère,Autre collision,,,,,,,,,,,1,1,1,2.0,6
201400017359,0014-08-26 15:00:00,14,8,26,15,0,100,296,,48.04815,4.37435,Plein jour,Hors agglomération,Hors intersection,Vent fort / tempête,Sans collision,,,,,,,,,,,1,1,1,6.0,7
201400017360,0014-09-04 06:00:00,14,9,4,6,0,100,55,,48.1293,4.34136,Crépuscule ou aube,Hors agglomération,Hors intersection,Normale,Autre collision,,,,,,,,,,,2,1,1,1.0,6
201400017361,0014-01-17 18:00:00,14,1,17,18,0,100,54,,48.389,3.612,Crépuscule ou aube,Hors agglomération,Intersection en Y,Normale,Deux véhicules - côté,,,,,,,,,,,2,1,4,1.0,3
201400017362,0014-03-30 06:00:00,14,3,30,6,0,100,280,80 rue nationale,48.49,3.732,Nuit sans éclairage public,En agglomération,Hors intersection,Normale,Autre collision,,,,,,,,,,,3,2,1,1.0,6
201400017363,0014-03-27 18:45:00,14,3,27,18,45,100,280,,48.46,3.707,Plein jour,Hors agglomération,Hors intersection,Normale,Autre collision,,,,,,,,,,,1,1,1,1.0,6
201400017364,0014-04-24 14:45:00,14,4,24,14,45,100,323,rue Pierre Semard,48.512,3.746,Plein jour,En agglomération,Giratoire,Normale,Deux véhicules - frontale,,,,,,,,,,,1,2,6,1.0,1
201400017365,0014-05-04 09:45:00,14,5,4,9,45,100,341,,48.51232,3.68342,Plein jour,Hors agglomération,Intersection en Y,Temps éblouissant,Deux véhicules - côté,,,,,,,,,,,1,1,4,7.0,3
201400017366,0014-05-23 07:30:00,14,5,23,7,30,100,280,Route Nationale,48.48341,3.73024,Plein jour,En agglomération,Intersection en X,Normale,Deux véhicules - côté,,,,,,,,,,,1,2,2,1.0,3
201400017367,0014-06-30 17:00:00,14,6,30,17,0,100,323,85 rue Pierre Semard,48.50615,3.75136,Plein jour,En agglomération,Hors intersection,Normale,Autre collision,,,,,,,,,,,1,2,1,1.0,6
201400017368,0014-07-15 18:00:00,14,7,15,18,0,100,220,,48.504,3.817,Plein jour,Hors agglomération,Hors intersection,Normale,Deux véhicules - frontale,,,,,,,,,,,1,1,1,1.0,1
201400017369,0014-07-16 12:30:00,14,7,16,12,30,100,353,,48.442,3.911,Plein jour,Hors agglomération,Hors intersection,Normale,Deux véhicules - frontale,,,,,,,,,,,1,1,1,1.0,1
201400017370,0014-07-22 06:15:00,14,7,22,6,15,100,89,,48.503,3.84,Crépuscule ou aube,Hors agglomération,Hors intersection,Normale,Sans collision,,,,,,,,,,,2,1,1,1.0,7
201400017371,0014-07-24 14:30:00,14,7,24,14,30,100,347,,48.452,3.635,Plein jour,Hors agglomération,Hors intersection,Normale,Sans collision,,,,,,,,,,,1,1,1,1.0,7
201400017372,0014-09-02 20:00:00,14,9,2,20,0,100,341,Rue Mouille Cul,48.51721,3.6583,Nuit avec éclairage allumé,En agglomération,Hors intersection,Normale,Autre collision,,,,,,,,,,,5,2,1,1.0,6
201400017373,0014-09-14 08:45:00,14,9,14,8,45,100,368,,48.42,3.932,Plein jour,Hors agglomération,Hors intersection,Normale,Autre collision,,,,,,,,,,,1,1,1,1.0,6
201400017374,0014-10-05 09:00:00,14,10,5,9,0,100,280,rue traversiere,48.487,3.731,Plein jour,En agglomération,Intersection en X,Pluie légère,Deux véhicules - frontale,,,,,,,,,,,1,2,2,2.0,1
201400017375,0014-12-19 20:00:00,14,12,19,20,0,100,323,1r Gornet Boivin,48.523,3.727,Nuit avec éclairage allumé,En agglomération,Hors intersection,Temps couvert,Sans collision,,,,,,,,,,,5,2,1,8.0,7
201400017376,0014-12-24 18:00:00,14,12,24,18,0,100,323,,48.52973,3.73896,Nuit avec éclairage allumé,Hors agglomération,Hors intersection,Pluie légère,Deux véhicules - frontale,,,,,,,,,,,5,1,1,2.0,1
201400017377,0014-06-07 10:00:00,14,6,7,10,0,430,111,LOT BEL AIR,,,Plein jour,En agglomération,Intersection en T,Normale,Deux véhicules - côté,,,,,,,,,,,1,2,3,1.0,3
201400017378,0014-03-16 14:30:00,14,3,16,14,30,430,190,RDPT DE SAINT GERMAIN,45.0386,3.97007,Plein jour,Hors agglomération,Giratoire,Normale,Deux véhicules - côté,,,,,,,,,,,1,1,6,1.0,3
201400017379,0014-06-29 13:35:00,14,6,29,13,35,430,150,"LIEU-DIT ""LES GRANGES""",45.1057,4.07247,Plein jour,Hors agglomération,Hors intersection,Normale,Deux véhicules - côté,,,,,,,,,,,1,1,1,1.0,3
201400017380,0014-09-09 13:40:00,14,9,9,13,40,430,61,"LIEU-DIT ""LES VARENNES""",45.0745,3.96441,Plein jour,Hors agglomération,Hors intersection,Pluie légère,Autre collision,,,,,,,,,,,1,1,1,2.0,6
201400017381,0014-12-21 14:15:00,14,12,21,14,15,430,216,"LIEU-DIT ""NOLHAC""",45.115,3.81858,Plein jour,Hors agglomération,Hors intersection,Normale,Autre collision,,,,,,,,,,,1,1,1,1.0,6
201400017382,0014-01-31 14:00:00,14,1,31,14,0,430,234,MOULIN NEUF,44.9657,3.5425,Plein jour,Hors agglomération,Hors intersection,Normale,Sans collision,,,,,,,,,,,1,1,1,1.0,7
201400017383,0014-04-02 10:45:00,14,4,2,10,45,430,185,RD5 /RUE DE LA GAIETE,45.392,3.32704,Plein jour,En agglomération,Intersection en T,Normale,Deux véhicules - arrière,,,,,,,,,,,1,2,3,1.0,2
201400017384,0014-07-20 01:30:00,14,7,20,1,30,430,121,LIEU-DIT TOURETTE,,,Nuit sans éclairage public,Hors agglomération,Hors intersection,Normale,Autre collision,,,,,,,,,,,3,1,1,1.0,6
201400017385,0014-12-31 23:00:00,14,12,31,23,0,430,25,PIROLLES,45.2704,4.11365,Nuit avec éclairage allumé,Hors agglomération,Hors intersection,Normale,Deux véhicules - frontale,,,,,,,,,,,5,1,1,1.0,1
201400017386,0014-09-29 08:45:00,14,9,29,8,45,430,268,GARE ROUTI?RE D'ANTREUIL,,,Plein jour,En agglomération,Place,Normale,Autre collision,,,,,,,,,,,1,2,7,1.0,6
201400017387,0014-07-19 09:30:00,14,7,19,9,30,430,268,INTER ROUTE D'ARD'HUY,45.1432,4.14093,Plein jour,Hors agglomération,Intersection en T,Normale,Deux véhicules - frontale,,,,,,,,,,,1,1,3,1.0,1
201400017388,0014-09-24 15:00:00,14,9,24,15,0,430,203,LA CHAUD DE VERNE,45.1669,4.0599,Plein jour,Hors agglomération,Hors intersection,Temps couvert,Autre collision,,,,,,,,,,,1,1,1,8.0,6
201400017389,0014-12-14 11:45:00,14,12,14,11,45,430,25,SUC DU CHABANOU,45.2631,4.10529,Plein jour,Hors agglomération,Hors intersection,Temps couvert,Autre collision,,,,,,,,,,,1,1,1,8.0,6
201400017390,0014-03-03 12:45:00,14,3,3,12,45,430,223,"LIEU-DIT ""LES COINS""",45.272,4.33651,Plein jour,Hors agglomération,Hors intersection,Normale,Autre collision,,,,,,,,,,,1,1,1,1.0,6
201400017391,0014-05-07 08:45:00,14,5,7,8,45,430,227,"LIEU-DIT""LE TREVE""",45.302,4.31568,Plein jour,Hors agglomération,Hors intersection,Pluie légère,Autre collision,,,,,,,,,,,1,1,1,2.0,6
201400017392,0014-08-19 10:00:00,14,8,19,10,0,430,213,"LIEU-DIT ""LA VIALATTE""",45.2565,4.27571,Plein jour,Hors agglomération,Hors intersection,Normale,Deux véhicules - frontale,,,,,,,,,,,1,1,1,1.0,1
201400017393,0014-08-28 15:45:00,14,8,28,15,45,430,224,RUE ST DIDIER/RUE FAYARD,45.2437,4.23557,Plein jour,En agglomération,Intersection en X,Normale,Deux véhicules - frontale,,,,,,,,,,,1,2,2,1.0,1
201400017394,0014-11-24 15:45:00,14,11,24,15,45,430,177,2 BIS RUE NATIONALE,45.3035,4.27666,Plein jour,En agglomération,Hors intersection,Temps couvert,Deux véhicules - frontale,,,,,,,,,,,1,2,1,8.0,1
201400017395,0014-06-22 16:45:00,14,6,22,16,45,430,142,LA BERTHE,45.165,4.36791,Plein jour,Hors agglomération,Hors intersection,Normale,Autre collision,,,,,,,,,,,1,1,1,1.0,6
201400017396,0014-10-13 09:30:00,14,10,13,9,30,430,51,"LIEU-DIT ""LA FAYOLLE""",45.0551,4.28658,Plein jour,Hors agglomération,Hors intersection,Normale,Autre collision,,,,,,,,,,,1,1,1,1.0,6
201400017397,0014-10-21 21:15:00,14,10,21,21,15,430,159,LA DETOURBE,45.1719,4.28572,Nuit sans éclairage public,Hors agglomération,Hors intersection,Normale,Deux véhicules - frontale,,,,,,,,,,,3,1,1,1.0,1
201400017398,0014-11-09 18:30:00,14,11,9,18,30,430,244,"LIEU-DIT ""LA POMME """,45.1037,4.30029,Crépuscule ou aube,Hors agglomération,Hors intersection,Pluie légère,Deux véhicules - côté,,,,,,,,,,,2,1,1,2.0,3
201400017399,0014-12-03 08:15:00,14,12,3,8,15,430,142,LIEU-DIT AULAGNIER,45.1612,4.30693,Plein jour,Hors agglomération,Hors intersection,Neige / grêle,Autre collision,,,,,,,,,,,1,1,1,4.0,6
201400017400,0014-01-08 09:00:00,14,1,8,9,0,180,23,rue saint martin,47.08088,2.72795,Plein jour,En agglomération,Hors intersection,Normale,Autre collision,,,,,,,,,,,1,2,1,1.0,6
201400017401,0014-03-16 09:45:00,14,3,16,9,45,180,118,,47.049,2.986,Plein jour,Hors agglomération,Hors intersection,Normale,Autre collision,,,,,,,,,,,1,1,1,1.0,6
201400017402,0014-03-18 21:00:00,14,3,18,21,0,180,18,,47.041,2.601,Nuit sans éclairage public,Hors agglomération,Hors intersection,Normale,Deux véhicules - côté,,,,,,,,,,,3,1,1,1.0,3
201400017403,0014-03-30 16:30:00,14,3,30,16,30,180,139,,,,Plein jour,Hors agglomération,Hors intersection,Normale,Deux véhicules - frontale,,,,,,,,,,,1,1,1,1.0,1
201400017404,0014-04-07 06:15:00,14,4,7,6,15,180,53,,47.156,2.858,Crépuscule ou aube,Hors agglomération,Hors intersection,Normale,Sans collision,,,,,,,,,,,2,1,1,1.0,7
201400017405,0014-06-01 04:30:00,14,6,1,4,30,180,49,71 avenue jacques Coeur,,,Nuit avec éclairage allumé,En agglomération,Hors intersection,Normale,Autre collision,,,,,,,,,,,5,2,1,1.0,6
201400017406,0014-06-17 08:45:00,14,6,17,8,45,180,118,,47.05,2.997,Plein jour,Hors agglomération,Hors intersection,Normale,Sans collision,,,,,,,,,,,1,1,1,1.0,7
201400017407,0014-06-18 04:15:00,14,6,18,4,15,180,174,,,,Nuit sans éclairage public,Hors agglomération,Hors intersection,Normale,Sans collision,,,,,,,,,,,3,1,1,1.0,7
201400017408,0014-08-14 09:00:00,14,8,14,9,0,180,77,D53,47.11681,2.82472,Plein jour,En agglomération,Intersection en T,Normale,Autre collision,,,,,,,,,,,1,2,3,1.0,6
201400017409,0014-08-31 17:30:00,14,8,31,17,30,180,35,,,,Plein jour,Hors agglomération,Hors intersection,Temps éblouissant,Deux véhicules - côté,,,,,,,,,,,1,1,1,7.0,3
201400017410,0014-09-12 19:30:00,14,9,12,19,30,180,265,,46.98767,3.00187,Crépuscule ou aube,Hors agglomération,Intersection en X,Normale,Deux véhicules - côté,,,,,,,,,,,2,1,2,1.0,3
201400017411,0014-11-10 16:45:00,14,11,10,16,45,180,240,RN 151,47.155,2.914,Plein jour,En agglomération,Hors intersection,Normale,Autre collision,,,,,,,,,,,1,2,1,1.0,6
201400017412,0014-12-12 18:45:00,14,12,12,18,45,180,118,Cite Heymann,47.06112,3.01616,Nuit avec éclairage allumé,En agglomération,Hors intersection,Normale,Deux véhicules - frontale,,,,,,,,,,,5,2,1,1.0,1
201400017413,0014-12-21 05:15:00,14,12,21,5,15,180,184,,47.12132,2.93076,Nuit sans éclairage public,Hors agglomération,Hors intersection,Normale,Autre collision,,,,,,,,,,,3,1,1,1.0,6
201400017414,0014-01-08 20:30:00,14,1,8,20,30,180,162,,,,Nuit sans éclairage public,Hors agglomération,Hors intersection,Normale,Autre collision,,,,,,,,,,,3,1,1,1.0,6
201400017415,0014-02-07 11:45:00,14,2,7,11,45,180,151,,47.26071,2.69976,Plein jour,Hors agglomération,Hors intersection,Vent fort / tempête,Deux véhicules - côté,,,,,,,,,,,1,1,1,6.0,3
201400017416,0014-04-10 02:00:00,14,4,10,2,0,180,151,,,,Nuit sans éclairage public,Hors agglomération,Hors intersection,Pluie légère,Autre collision,,,,,,,,,,,3,1,1,2.0,6
201400017417,0014-04-12 19:45:00,14,4,12,19,45,180,194,11 route des Aix,47.18798,2.61048,Plein jour,Hors agglomération,Hors intersection,Normale,Deux véhicules - arrière,,,,,,,,,,,1,1,1,1.0,2