accident_id,datetime,annee,mois,jour,heure,minute,departement,commune_insee,adresse,latitude,longitude,luminosite,agglomeration,intersection,meteo,collision,nb_vehicules,nb_usagers,nb_indemnes,nb_tues,nb_blesses_hosp,nb_blesses_legers,age_cond_1,age_cond_2,veh_type_cond_1,veh_type_cond_2,lum_code,agg_code,int_code,atm_code,col_code
201400018487,0014-11-13 13:15:00,14,11,13,13,15,860,137,,,,Plein jour,Hors agglomération,Hors intersection,Normale,Deux véhicules - arrière,,,,,,,,,,,1,1,1,1.0,2
201400018488,0014-07-18 16:30:00,14,7,18,16,30,290,189,rue du pont,48.37623,-4.37077,Plein jour,En agglomération,Hors intersection,Normale,Autre collision,,,,,,,,,,,1,2,1,1.0,6
201400018489,0014-08-19 17:30:00,14,8,19,17,30,290,86,,48.373,-4.217,Plein jour,Hors agglomération,Hors intersection,Normale,Deux véhicules - frontale,,,,,,,,,,,1,1,1,1.0,1
201400018490,0014-11-12 15:45:00,14,11,12,15,45,290,189,Gorrequer,48.385,-4.343,Plein jour,En agglomération,Hors intersection,Normale,Autre collision,,,,,,,,,,,1,2,1,1.0,6
201400018491,0014-01-04 12:30:00,14,1,4,12,30,410,97,,47.272,1.663,Plein jour,Hors agglomération,Hors intersection,Normale,Deux véhicules - côté,,,,,,,,,,,1,1,1,1.0,3
201400018492,0014-01-14 16:45:00,14,1,14,16,45,410,97,R villefranche/R pecheri,47.284,1.707,Plein jour,Hors agglomération,Intersection en X,Temps éblouissant,Deux véhicules - côté,,,,,,,,,,,1,1,2,7.0,3
201400018493,0014-02-22 09:30:00,14,2,22,9,30,410,38,,47.278,1.745,Plein jour,Hors agglomération,Hors intersection,Normale,Deux véhicules - côté,,,,,,,,,,,1,1,1,1.0,3
201400018494,0014-06-11 11:00:00,14,6,11,11,0,410,222,,47.273,1.818,Plein jour,Hors agglomération,Hors intersection,Normale,Sans collision,,,,,,,,,,,1,1,1,1.0,7
201400018495,0014-06-13 21:00:00,14,6,13,21,0,410,242,61 rue de la collinière,47.276,1.563,Crépuscule ou aube,Hors agglomération,Hors intersection,Normale,Autre collision,,,,,,,,,,,2,1,1,1.0,6
201400018496,0014-09-05 21:00:00,14,9,5,21,0,410,242,all?e de la gravouille,47.277,1.558,Nuit avec éclairage allumé,En agglomération,Hors intersection,Normale,Autre collision,,,,,,,,,,,5,2,1,1.0,6
201400018497,0014-08-27 09:30:00,14,8,27,9,30,410,97,,47.288,1.714,Plein jour,Hors agglomération,Hors intersection,Normale,Autre collision,,,,,,,,,,,1,1,1,1.0,6
201400018498,0014-09-17 12:30:00,14,9,17,12,30,410,242,,47.272,1.557,Plein jour,Hors agglomération,Hors intersection,Normale,Autre collision,,,,,,,,,,,1,1,1,1.0,6
201400018499,0014-10-05 04:15:00,14,10,5,4,15,410,139,Les avrays,47.255,1.529,Nuit sans éclairage public,Hors agglomération,Hors intersection,Pluie légère,Autre collision,,,,,,,,,,,3,1,1,2.0,6
201400018500,0014-11-02 20:15:00,14,11,2,20,15,410,185,chateau margot,47.348,1.723,Nuit sans éclairage public,Hors agglomération,Hors intersection,Pluie forte,Autre collision,,,,,,,,,,,3,1,1,3.0,6
201400018501,0014-12-13 13:45:00,14,12,13,13,45,410,16,,47.322,1.571,Plein jour,Hors agglomération,Hors intersection,Temps couvert,Sans collision,,,,,,,,,,,1,1,1,8.0,7
201400018502,0014-01-02 15:15:00,14,1,2,15,15,410,229,,47.31,1.348,Plein jour,Hors agglomération,Hors intersection,Pluie légère,Deux véhicules - arrière,,,,,,,,,,,1,1,1,2.0,2
201400018503,0014-01-09 13:30:00,14,1,9,13,30,410,180,lieu dit l'alleu,47.408,1.21,Plein jour,Hors agglomération,Hors intersection,Vent fort / tempête,Autre collision,,,,,,,,,,,1,1,1,6.0,6
201400018504,0014-01-20 14:00:00,14,1,20,14,0,410,151,08 rue vieille de Blois,47.346,1.186,Plein jour,En agglomération,Hors intersection,Normale,Autre collision,,,,,,,,,,,1,2,1,1.0,6
201400018505,0014-02-25 10:30:00,14,2,25,10,30,410,145,,47.47,1.294,Plein jour,Hors agglomération,Hors intersection,Normale,Deux véhicules - frontale,,,,,,,,,,,1,1,1,1.0,1
201400018506,0014-03-15 13:30:00,14,3,15,13,30,410,229,RD675,47.311,1.398,Plein jour,Hors agglomération,Hors intersection,Normale,Deux véhicules - frontale,,,,,,,,,,,1,1,1,1.0,1
201400018507,0014-04-01 11:15:00,14,4,1,11,15,410,59,boulevard de l'industrie,47.426,1.433,Plein jour,En agglomération,Hors intersection,Normale,Deux véhicules - côté,,,,,,,,,,,1,2,1,1.0,3
201400018508,0014-04-12 14:30:00,14,4,12,14,30,410,257,rue pierre girault,47.388,1.283,Plein jour,En agglomération,Hors intersection,Normale,Autre collision,,,,,,,,,,,1,2,1,1.0,6
201400018509,0014-04-21 18:00:00,14,4,21,18,0,410,92,route des vignobles de t,47.448,1.342,Plein jour,En agglomération,Intersection en X,Normale,Deux véhicules - côté,,,,,,,,,,,1,2,2,1.0,3
201400018510,0014-05-25 00:15:00,14,5,25,0,15,410,146,7 route de thenay,47.367,1.312,Nuit sans éclairage public,Hors agglomération,Hors intersection,Temps couvert,Autre collision,,,,,,,,,,,3,1,1,8.0,6
201400018511,0014-06-18 07:00:00,14,6,18,7,0,410,94,,47.443,1.427,Plein jour,Hors agglomération,Hors intersection,Normale,Deux véhicules - frontale,,,,,,,,,,,1,1,1,1.0,1
201400018512,0014-07-21 07:45:00,14,7,21,7,45,410,237,6 route de soings,47.395,1.442,Plein jour,En agglomération,Hors intersection,Normale,Deux véhicules - arrière,,,,,,,,,,,1,2,1,1.0,2
201400018513,0014-07-25 08:00:00,14,7,25,8,0,410,145,28 route de montrichard,47.476,1.294,Plein jour,En agglomération,Hors intersection,Temps couvert,Autre collision,,,,,,,,,,,1,2,1,8.0,6
201400018514,0014-08-06 12:15:00,14,8,6,12,15,410,181,,47.326,1.273,Plein jour,Hors agglomération,Hors intersection,Pluie légère,Sans collision,,,,,,,,,,,1,1,1,2.0,7
201400018515,0014-08-19 11:30:00,14,8,19,11,30,410,51,route de vallières,47.345,1.14,Plein jour,Hors agglomération,Hors intersection,Normale,Deux véhicules - frontale,,,,,,,,,,,1,1,1,1.0,1
201400018516,0014-08-27 16:30:00,14,8,27,16,30,410,145,,47.346,1.262,Plein jour,Hors agglomération,Hors intersection,Normale,Deux véhicules - frontale,,,,,,,,,,,1,1,1,1.0,1
201400018517,0014-08-26 18:00:00,14,8,26,18,0,410,151,,47.363,1.21,Plein jour,Hors agglomération,Hors intersection,Normale,Deux véhicules - frontale,,,,,,,,,,,1,1,1,1.0,1
201400018518,0014-09-04 11:15:00,14,9,4,11,15,410,239,,47.26,1.356,Plein jour,Hors agglomération,Hors intersection,Normale,Sans collision,,,,,,,,,,,1,1,1,1.0,7
201400018519,0014-09-19 11:30:00,14,9,19,11,30,410,164,rue du g?n?ral de gaulle,47.289,1.387,Plein jour,En agglomération,Hors intersection,Normale,Autre collision,,,,,,,,,,,1,2,1,1.0,6
201400018520,0014-09-26 17:30:00,14,9,26,17,30,410,94,,47.44,1.402,Plein jour,Hors agglomération,Hors intersection,Normale,Autre collision,,,,,,,,,,,1,1,1,1.0,6
201400018521,0014-09-28 10:45:00,14,9,28,10,45,410,80,,47.332,1.195,Plein jour,Hors agglomération,Hors intersection,Normale,Autre collision,,,,,,,,,,,1,1,1,1.0,6
201400018522,0014-10-27 17:00:00,14,10,27,17,0,410,49,,47.346,1.481,Crépuscule ou aube,Hors agglomération,Hors intersection,Normale,Deux véhicules - arrière,,,,,,,,,,,2,1,1,1.0,2
201400018523,0014-11-05 12:00:00,14,11,5,12,0,410,180,57 route de montrichard,47.687,1.251,Plein jour,En agglomération,Hors intersection,Normale,Deux véhicules - frontale,,,,,,,,,,,1,2,1,1.0,1
201400018524,0014-11-24 15:00:00,14,11,24,15,0,410,258,LIEU DIT LES VARENNES,47.326,1.318,Plein jour,En agglomération,Passage à niveau,Pluie légère,Deux véhicules - frontale,,,,,,,,,,,1,2,8,2.0,1
201400018525,0014-01-05 12:30:00,14,1,5,12,30,410,232,route de marcilly,47.439,2.02599,Plein jour,Hors agglomération,Hors intersection,Normale,Autre collision,,,,,,,,,,,1,1,1,1.0,6
201400018526,0014-01-09 08:30:00,14,1,9,8,30,410,232,23 bvd de la république,47.425,2.053,Plein jour,En agglomération,Hors intersection,Normale,Autre collision,,,,,,,,,,,1,2,1,1.0,6
201400018527,0014-02-05 17:30:00,14,2,5,17,30,410,152,La métairie du chesnay,47.539,1.692,Crépuscule ou aube,Hors agglomération,Hors intersection,Normale,Deux véhicules - frontale,,,,,,,,,,,2,1,1,1.0,1
201400018528,0014-02-10 08:00:00,14,2,10,8,0,410,106,avenue napoléon 3,47.596,2.019,Plein jour,Hors agglomération,Hors intersection,Pluie légère,Autre collision,,,,,,,,,,,1,1,1,2.0,6
201400018529,0014-04-05 18:30:00,14,4,5,18,30,410,232,RD 55,47.454,2.06999,Plein jour,Hors agglomération,Hors intersection,Normale,Deux véhicules - frontale,,,,,,,,,,,1,1,1,1.0,1
201400018530,0014-07-06 06:45:00,14,7,6,6,45,410,297,,47.655,1.864,Crépuscule ou aube,Hors agglomération,Hors intersection,Pluie légère,Autre collision,,,,,,,,,,,2,1,1,2.0,6
201400018531,0014-08-27 20:15:00,14,8,27,20,15,410,241,,47.358,1.905,Nuit sans éclairage public,Hors agglomération,Hors intersection,Pluie légère,Sans collision,,,,,,,,,,,3,1,1,2.0,7
201400018532,0014-09-08 04:30:00,14,9,8,4,30,410,296,,47.634,2.001,Nuit sans éclairage public,Hors agglomération,Hors intersection,Normale,Sans collision,,,,,,,,,,,3,1,1,1.0,7
201400018533,0014-09-26 18:15:00,14,9,26,18,15,410,232,,47.444,2.067,Plein jour,Hors agglomération,Hors intersection,Normale,Sans collision,,,,,,,,,,,1,1,1,1.0,7
201400018534,0014-10-27 03:30:00,14,10,27,3,30,410,296,,47.637,2.004,Nuit sans éclairage public,Hors agglomération,Hors intersection,Brouillard / fumée,Sans collision,,,,,,,,,,,3,1,1,5.0,7
201400018535,0014-11-15 09:15:00,14,11,15,9,15,410,241,,,,Plein jour,Hors agglomération,Intersection en X,Normale,Deux véhicules - côté,,,,,,,,,,,1,1,2,1.0,3
201400018536,0014-12-01 10:45:00,14,12,1,10,45,410,159,,47.54,1.763,Plein jour,Hors agglomération,Hors intersection,Pluie légère,Autre collision,,,,,,,,,,,1,1,1,2.0,6
201400018537,0014-01-06 18:30:00,14,1,6,18,30,410,175,34 Route de PARIS,47.87,1.141,Nuit avec éclairage allumé,En agglomération,Hors intersection,Pluie légère,Deux véhicules - arrière,,,,,,,,,,,5,2,1,2.0,2
201400018538,0014-01-08 07:45:00,14,1,8,7,45,410,209,Rue des bl?s d'or,47.852,1.087,Crépuscule ou aube,En agglomération,Hors intersection,Normale,Autre collision,,,,,,,,,,,2,2,1,1.0,6
201400018539,0014-01-28 16:30:00,14,1,28,16,30,410,26,D42 PR 3+600,47.946,1.288,Plein jour,Hors agglomération,Hors intersection,Pluie légère,Sans collision,,,,,,,,,,,1,1,1,2.0,7
201400018540,0014-03-22 22:30:00,14,3,22,22,30,410,190,,47.287,1.134,Nuit sans éclairage public,Hors agglomération,Hors intersection,Normale,Sans collision,,,,,,,,,,,3,1,1,1.0,7
201400018541,0014-05-29 08:00:00,14,5,29,8,0,410,254,,47.929,0.933,Plein jour,Hors agglomération,Hors intersection,Normale,Autre collision,,,,,,,,,,,1,1,1,1.0,6
201400018542,0014-06-02 05:30:00,14,6,2,5,30,410,209,,47.857,1.084,Crépuscule ou aube,Hors agglomération,Hors intersection,Normale,Autre collision,,,,,,,,,,,2,1,1,1.0,6
201400018543,0014-06-25 15:15:00,14,6,25,15,15,410,60,RD151 A,47.971,0.909,Plein jour,Hors agglomération,Hors intersection,Normale,Deux véhicules - arrière,,,,,,,,,,,1,1,1,1.0,2
201400018544,0014-06-28 23:00:00,14,6,28,23,0,410,254,1 route de mondoubleau,47.938,0.934,Nuit avec éclairage non allumé,En agglomération,Hors intersection,Normale,Autre collision,,,,,,,,,,,4,2,1,1.0,6
201400018545,0014-07-19 19:15:00,14,7,19,19,15,410,277,les fontaines,47.969,1.17,Plein jour,Hors agglomération,Hors intersection,Pluie légère,Autre collision,,,,,,,,,,,1,1,1,2.0,6
201400018546,0014-07-25 06:30:00,14,7,25,6,30,410,28,,47.893,1.119,Plein jour,Hors agglomération,Hors intersection,Normale,Autre collision,,,,,,,,,,,1,1,1,1.0,6
201400018547,0014-09-02 15:45:00,14,9,2,15,45,410,214,RD19,47.919,1.213,Plein jour,Hors agglomération,Hors intersection,Normale,Trois véhicules et plus - en chaîne,,,,,,,,,,,1,1,1,1.0,4
201400018548,0014-09-13 20:45:00,14,9,13,20,45,410,73,,47.883,1.03699,Nuit sans éclairage public,Hors agglomération,Hors intersection,Normale,Sans collision,,,,,,,,,,,3,1,1,1.0,7
201400018549,0014-10-05 00:45:00,14,10,5,0,45,410,175,RN 10,47.867,1.127,Nuit sans éclairage public,Hors agglomération,Hors intersection,Normale,Deux véhicules - frontale,,,,,,,,,,,3,1,1,1.0,1
201400018550,0014-10-07 04:45:00,14,10,7,4,45,410,235,lieu dit monplaisir,47.91,0.851,Nuit avec éclairage allumé,En agglomération,Hors intersection,Pluie légère,Autre collision,,,,,,,,,,,5,2,1,2.0,6
201400018551,0014-10-31 13:45:00,14,10,31,13,45,410,196,,48.024,1.123,Plein jour,Hors agglomération,Hors intersection,Normale,Deux véhicules - côté,,,,,,,,,,,1,1,1,1.0,3
201400018552,0014-02-24 09:45:00,14,2,24,9,45,470,209,,,,Plein jour,Hors agglomération,Hors intersection,Normale,Autre collision,,,,,,,,,,,1,1,1,1.0,6
201400018553,0014-04-04 19:00:00,14,4,4,19,0,470,66,,44.2513,0.40572,Crépuscule ou aube,Hors agglomération,Hors intersection,Normale,Autre collision,,,,,,,,,,,2,1,1,1.0,6
201400018554,0014-01-23 14:45:00,14,1,23,14,45,470,113,,,,Plein jour,Hors agglomération,Hors intersection,Normale,Autre collision,,,,,,,,,,,1,1,1,1.0,6
201400018555,0014-01-23 17:30:00,14,1,23,17,30,470,216,,,,Plein jour,Hors agglomération,Intersection en T,Pluie forte,Deux véhicules - côté,,,,,,,,,,,1,1,3,3.0,3
201400018556,0014-01-28 11:45:00,14,1,28,11,45,470,3,,,,Plein jour,Hors agglomération,Intersection en T,Pluie forte,Deux véhicules - côté,,,,,,,,,,,1,1,3,3.0,3
201400018557,0014-03-19 18:15:00,14,3,19,18,15,470,35,,,,Plein jour,Hors agglomération,Hors intersection,Normale,Deux véhicules - frontale,,,,,,,,,,,1,1,1,1.0,1
201400018558,0014-07-22 08:00:00,14,7,22,8,0,470,232,,,,Plein jour,Hors agglomération,Hors intersection,Normale,Autre collision,,,,,,,,,,,1,1,1,1.0,6
201400018559,0014-07-28 18:45:00,14,7,28,18,45,470,296,,44.5961,0.52057,Plein jour,Hors agglomération,Intersection en X,Normale,Deux véhicules - côté,,,,,,,,,,,1,1,2,1.0,3
201400018560,0014-09-02 19:15:00,14,9,2,19,15,470,218,,,,Plein jour,Hors agglomération,Hors intersection,Normale,Sans collision,,,,,,,,,,,1,1,1,1.0,7
201400018561,0014-09-10 08:15:00,14,9,10,8,15,470,294,,44.7269,0.19332,Plein jour,Hors agglomération,Hors intersection,Normale,Deux véhicules - côté,,,,,,,,,,,1,1,1,1.0,3
201400018562,0014-09-29 07:15:00,14,9,29,7,15,470,301,,,,Crépuscule ou aube,En agglomération,Hors intersection,Normale,Deux véhicules - côté,,,,,,,,,,,2,2,1,1.0,3
201400018563,0014-10-14 18:30:00,14,10,14,18,30,470,168,17 LATTRE DE TASSIGNY,44.6003,0.36254,Crépuscule ou aube,En agglomération,Intersection en X,Normale,Deux véhicules - côté,,,,,,,,,,,2,2,2,1.0,3
201400018564,0014-03-30 10:30:00,14,3,30,10,30,470,325,LACASSORE,,,Plein jour,En agglomération,Hors intersection,Normale,Sans collision,,,,,,,,,,,1,2,1,1.0,7
201400018565,0014-05-26 07:30:00,14,5,26,7,30,470,65,,,,Crépuscule ou aube,Hors agglomération,Hors intersection,Normale,Sans collision,,,,,,,,,,,2,1,1,1.0,7
201400018566,0014-08-22 15:45:00,14,8,22,15,45,470,95,RUE J PANNO/D813,44.405,0.29694,Plein jour,En agglomération,Intersection en T,Pluie forte,Deux véhicules - côté,,,,,,,,,,,1,2,3,3.0,3
201400018567,0014-08-30 13:45:00,14,8,30,13,45,470,65,,,,Plein jour,Hors agglomération,Hors intersection,Normale,Autre collision,,,,,,,,,,,1,1,1,1.0,6
201400018568,0014-09-09 16:45:00,14,9,9,16,45,470,110,,44.4469,0.29243,Plein jour,Hors agglomération,Hors intersection,Normale,Deux véhicules - frontale,,,,,,,,,,,1,1,1,1.0,1
201400018569,0014-09-29 18:30:00,14,9,29,18,30,470,42,,,,Plein jour,Hors agglomération,Hors intersection,Normale,Sans collision,,,,,,,,,,,1,1,1,1.0,7
201400018570,0014-11-16 06:30:00,14,11,16,6,30,470,46,,44.38,0.23968,Nuit sans éclairage public,Hors agglomération,Hors intersection,Pluie légère,Deux véhicules - frontale,,,,,,,,,,,3,1,1,2.0,1
201400018571,0014-12-08 18:15:00,14,12,8,18,15,470,310,,44.3781,0.31846,Plein jour,Hors agglomération,Hors intersection,Normale,Autre collision,,,,,,,,,,,1,1,1,1.0,6
201400018572,0014-12-22 09:45:00,14,12,22,9,45,470,285,,44.4192,0.12525,Plein jour,Hors agglomération,Hors intersection,Brouillard / fumée,Sans collision,,,,,,,,,,,1,1,1,5.0,7
201400018573,0014-07-25 23:15:00,14,7,25,23,15,470,41,,44.2061,0.41043,Nuit sans éclairage public,Hors agglomération,Intersection en T,Normale,Autre collision,,,,,,,,,,,3,1,3,1.0,6
201400018574,0014-01-06 17:30:00,14,1,6,17,30,470,43,,,,Crépuscule ou aube,Hors agglomération,Hors intersection,Normale,Deux véhicules - côté,,,,,,,,,,,2,1,1,1.0,3
201400018575,0014-02-25 10:00:00,14,2,25,10,0,470,93,,,,Plein jour,Hors agglomération,Hors intersection,Normale,Autre collision,,,,,,,,,,,1,1,1,1.0,6
201400018576,0014-03-11 18:15:00,14,3,11,18,15,470,39,,44.148,0.111,Plein jour,Hors agglomération,Hors intersection,Normale,Deux véhicules - frontale,,,,,,,,,,,1,1,1,1.0,1
201400018577,0014-05-09 10:33:00,14,5,9,10,33,470,43,RD642,,,Plein jour,En agglomération,Hors intersection,Pluie légère,Deux véhicules - frontale,,,,,,,,,,,1,2,1,2.0,1
201400018578,0014-05-24 04:15:00,14,5,24,4,15,470,52,,44.2963,0.0993,Nuit sans éclairage public,Hors agglomération,Hors intersection,Normale,Autre collision,,,,,,,,,,,3,1,1,1.0,6
201400018579,0014-12-13 22:30:00,14,12,13,22,30,470,222,,44.3102,0.13398,Nuit avec éclairage non allumé,Hors agglomération,Hors intersection,Normale,Sans collision,,,,,,,,,,,4,1,1,1.0,7
201400018580,0014-11-08 14:15:00,14,11,8,14,15,470,280,,,,Plein jour,Hors agglomération,Hors intersection,Normale,Autre collision,,,,,,,,,,,1,1,1,1.0,6
201400018581,0014-11-19 15:15:00,14,11,19,15,15,470,203,,44.3822,0.83019,Plein jour,Hors agglomération,Hors intersection,Normale,Autre collision,,,,,,,,,,,1,1,1,1.0,6
201400018582,0014-11-26 17:30:00,14,11,26,17,30,470,315,,44.4499,0.88691,Nuit sans éclairage public,Hors agglomération,Giratoire,Pluie légère,Deux véhicules - arrière,,,,,,,,,,,3,1,6,2.0,2
201400018583,0014-12-04 19:15:00,14,12,4,19,15,470,175,ROND POINT DU COLL?GE,44.5275,0.76069,Nuit avec éclairage allumé,En agglomération,Giratoire,Normale,Deux véhicules - côté,,,,,,,,,,,5,2,6,1.0,3
201400018584,0014-09-23 13:15:00,14,9,23,13,15,470,241,,,,Plein jour,Hors agglomération,Hors intersection,Normale,Deux véhicules - frontale,,,,,,,,,,,1,1,1,1.0,1
201400018585,0014-02-15 19:00:00,14,2,15,19,0,470,79,,44.38,0.876,Crépuscule ou aube,Hors agglomération,Hors intersection,Normale,Autre collision,,,,,,,,,,,2,1,1,1.0,6
201400018586,0014-06-02 05:00:00,14,6,2,5,0,470,106,,44.5008,0.94717,Nuit sans éclairage public,Hors agglomération,Hors intersection,Normale,Autre collision,,,,,,,,,,,3,1,1,1.0,6
201400018587,0014-11-11 03:00:00,14,11,11,3,0,470,36,,44.4168,0.97231,Nuit sans éclairage public,Hors agglomération,Hors intersection,Normale,Autre collision,,,,,,,,,,,3,1,1,1.0,6
201400018588,0014-06-06 15:00:00,14,6,6,15,0,460,169,,44.7079,1.2969,Plein jour,Hors agglomération,Hors intersection,Normale,Autre collision,,,,,,,,,,,1,1,1,1.0,6
201400018589,0014-11-20 17:00:00,14,11,20,17,0,10,79,,,,Nuit sans éclairage public,Hors agglomération,Hors intersection,Normale,Deux véhicules - frontale,,,,,,,,,,,3,1,1,1.0,1
201400018590,0014-01-03 16:30:00,14,1,3,16,30,120,56,449 AVENUE DU CENTRE,44.2771,2.43603,Plein jour,En agglomération,Hors intersection,Pluie légère,Autre collision,,,,,,,,,,,1,2,1,2.0,6
201400018591,0014-04-18 17:30:00,14,4,18,17,30,120,133,291 AVENUE DE RODEZ,44.318,2.55819,Plein jour,Hors agglomération,Hors intersection,Normale,Deux véhicules - côté,,,,,,,,,,,1,1,1,1.0,3
201400018592,0014-05-23 14:50:00,14,5,23,14,50,120,102,BELLEVUE,44.3149,2.66616,Plein jour,Hors agglomération,Intersection en T,Temps couvert,Deux véhicules - frontale,,,,,,,,,,,1,1,3,8.0,1
201400018593,0014-06-11 08:05:00,14,6,11,8,5,120,162,INTERSECTION VC 24/CD 85,44.3431,2.39802,Plein jour,En agglomération,Intersection en T,Normale,Deux véhicules - côté,,,,,,,,,,,1,2,3,1.0,3
201400018594,0014-07-27 13:00:00,14,7,27,13,0,120,50,RD 176,,,Plein jour,En agglomération,Hors intersection,Normale,Autre collision,,,,,,,,,,,1,2,1,1.0,6
201400018595,0014-08-02 17:30:00,14,8,2,17,30,120,133,route de calzins,44.319,2.535,Plein jour,En agglomération,Hors intersection,Normale,Deux véhicules - côté,,,,,,,,,,,1,2,1,1.0,3
201400018596,0014-11-08 09:30:00,14,11,8,9,30,120,185,,,,Plein jour,Hors agglomération,Hors intersection,Temps éblouissant,Deux véhicules - frontale,,,,,,,,,,,1,1,1,7.0,1
201400018597,0014-11-09 17:45:00,14,11,9,17,45,120,162,,44.358,2.395,Nuit sans éclairage public,Hors agglomération,Hors intersection,Pluie légère,Autre collision,,,,,,,,,,,3,1,1,2.0,6
201400018598,0014-08-30 17:00:00,14,8,30,17,0,120,94,,44.652,2.561,Plein jour,Hors agglomération,Hors intersection,Normale,Sans collision,,,,,,,,,,,1,1,1,1.0,7
201400018599,0014-09-04 09:00:00,14,9,4,9,0,120,116,,,,Plein jour,Hors agglomération,Hors intersection,Temps éblouissant,Deux véhicules - frontale,,,,,,,,,,,1,1,1,7.0,1
201400018600,0014-09-07 11:00:00,14,9,7,11,0,120,209,,44.666,2.663,Plein jour,Hors agglomération,Hors intersection,Normale,Autre collision,,,,,,,,,,,1,1,1,1.0,6
201400018601,0014-10-04 19:15:00,14,10,4,19,15,120,93,,44.659,2.509,Crépuscule ou aube,Hors agglomération,Hors intersection,Normale,Autre collision,,,,,,,,,,,2,1,1,1.0,6
201400018602,0014-10-08 07:15:00,14,10,8,7,15,120,36,,44.829,2.688,Crépuscule ou aube,Hors agglomération,Hors intersection,Normale,Autre collision,,,,,,,,,,,2,1,1,1.0,6
201400018603,0014-06-12 16:00:00,14,6,12,16,0,120,168,LIEUDIT : LES CARBONIES,44.0925,3.26206,Plein jour,Hors agglomération,Hors intersection,Pluie forte,Autre collision,,,,,,,,,,,1,1,1,3.0,6
201400018604,0014-10-17 09:00:00,14,10,17,9,0,120,208,Bd Aristide Briand,43.963,2.882,Plein jour,En agglomération,Giratoire,Normale,Deux véhicules - frontale,,,,,,,,,,,1,2,6,1.0,1
201400018605,0014-02-01 20:30:00,14,2,1,20,30,120,147,LIEUDIT CAMI DE LA ROQUE,43.8068,3.01129,Crépuscule ou aube,Hors agglomération,Hors intersection,Pluie légère,Sans collision,,,,,,,,,,,2,1,1,2.0,7
201400018606,0014-02-06 14:45:00,14,2,6,14,45,120,186,CD 999,43.869,2.56863,Plein jour,Hors agglomération,Hors intersection,Normale,Trois véhicules et plus - collisions multiples,,,,,,,,,,,1,1,1,1.0,5
201400018607,0014-05-02 16:30:00,14,5,2,16,30,120,25,CARREFOUR DU PETIT ST JE,43.8703,2.75674,Plein jour,Hors agglomération,Intersection en T,Normale,Deux véhicules - côté,,,,,,,,,,,1,1,3,1.0,3
201400018608,0014-05-28 12:00:00,14,5,28,12,0,120,42,RD 902,43.9269,2.73492,Plein jour,Hors agglomération,Hors intersection,Normale,Deux véhicules - côté,,,,,,,,,,,1,1,1,1.0,3
201400018609,0014-06-26 09:45:00,14,6,26,9,45,120,69,LIEUDIT : LA BESSEDE,43.8763,2.70105,Plein jour,Hors agglomération,Hors intersection,Normale,Autre collision,,,,,,,,,,,1,1,1,1.0,6
201400018610,0014-07-07 11:45:00,14,7,7,11,45,120,195,,,,Plein jour,Hors agglomération,Hors intersection,Pluie légère,Trois véhicules et plus - collisions multiples,,,,,,,,,,,1,1,1,2.0,5
201400018611,0014-07-02 19:30:00,14,7,2,19,30,120,217,,44.429,1.955,Plein jour,Hors agglomération,Hors intersection,Normale,Autre collision,,,,,,,,,,,1,1,1,1.0,6
201400018612,0014-04-25 23:30:00,14,4,25,23,30,490,35,rue chevrière,47.41896,-0.61175,Nuit avec éclairage allumé,En agglomération,Hors intersection,Normale,Deux véhicules - frontale,,,,,,,,,,,5,2,1,1.0,1
201400018613,0014-05-17 09:45:00,14,5,17,9,45,490,214,10 Rue Espéranto,47.52924,-0.60475,Plein jour,En agglomération,Hors intersection,Normale,Autre collision,,,,,,,,,,,1,2,1,1.0,6
201400018614,0014-06-17 18:00:00,14,6,17,18,0,490,278,,47.43292,-0.56929,Plein jour,Hors agglomération,Hors intersection,Normale,Sans collision,,,,,,,,,,,1,1,1,1.0,7
201400018615,0014-01-12 03:15:00,14,1,12,3,15,490,42,,47.46697,-0.43526,Nuit sans éclairage public,Hors agglomération,Giratoire,Pluie légère,Autre collision,,,,,,,,,,,3,1,6,2.0,6
201400018616,0014-01-12 17:00:00,14,1,12,17,0,490,42,rue du veau dore,47.48019,-0.41382,Plein jour,En agglomération,Hors intersection,Normale,Deux véhicules - côté,,,,,,,,,,,1,2,1,1.0,3
201400018617,0014-02-15 19:00:00,14,2,15,19,0,490,307,,47.42917,-0.29974,Nuit sans éclairage public,Hors agglomération,Hors intersection,Normale,Autre collision,,,,,,,,,,,3,1,1,1.0,6
201400018618,0014-03-02 12:00:00,14,3,2,12,0,490,307,,47.41415,-0.3474,Plein jour,Hors agglomération,Hors intersection,Normale,Deux véhicules - arrière,,,,,,,,,,,1,1,1,1.0,2
201400018619,0014-06-10 08:45:00,14,6,10,8,45,490,32,,47.41604,-0.35837,Plein jour,Hors agglomération,Hors intersection,Normale,Trois véhicules et plus - en chaîne,,,,,,,,,,,1,1,1,1.0,4