accident_id,datetime,annee,mois,jour,heure,minute,departement,commune_insee,adresse,latitude,longitude,luminosite,agglomeration,intersection,meteo,collision,nb_vehicules,nb_usagers,nb_indemnes,nb_tues,nb_blesses_hosp,nb_blesses_legers,age_cond_1,age_cond_2,veh_type_cond_1,veh_type_cond_2,lum_code,agg_code,int_code,atm_code,col_code
201400018884,0014-08-20 19:00:00,14,8,20,19,0,820,51,,44.185,1.158,Plein jour,Hors agglomération,Hors intersection,Normale,Autre collision,,,,,,,,,,,1,1,1,1.0,6
201400018885,0014-10-29 22:45:00,14,10,29,22,45,820,112,,,,Nuit sans éclairage public,Hors agglomération,Hors intersection,Normale,Autre collision,,,,,,,,,,,3,1,1,1.0,6
201400018886,0014-11-14 17:15:00,14,11,14,17,15,820,169,,,,Crépuscule ou aube,Hors agglomération,Hors intersection,Pluie forte,Deux véhicules - arrière,,,,,,,,,,,2,1,1,3.0,2
201400018887,0014-11-25 20:45:00,14,11,25,20,45,820,80,,,,Nuit sans éclairage public,Hors agglomération,Hors intersection,Brouillard / fumée,Deux véhicules - frontale,,,,,,,,,,,3,1,1,5.0,1
201400018888,0014-02-10 15:30:00,14,2,10,15,30,800,338,"63, RUE JULES LARDIERE",,,Plein jour,En agglomération,Hors intersection,Normale,Autre collision,,,,,,,,,,,1,2,1,1.0,6
201400018889,0014-02-15 22:15:00,14,2,15,22,15,800,36,,,,Nuit sans éclairage public,Hors agglomération,Hors intersection,Temps couvert,Autre collision,,,,,,,,,,,3,1,1,8.0,6
201400018890,0014-03-21 19:00:00,14,3,21,19,0,800,461,,,,Crépuscule ou aube,Hors agglomération,Intersection en X,Normale,Deux véhicules - côté,,,,,,,,,,,2,1,2,1.0,3
201400018891,0014-04-30 23:45:00,14,4,30,23,45,800,426,,,,Nuit sans éclairage public,Hors agglomération,Hors intersection,Normale,Deux véhicules - frontale,,,,,,,,,,,3,1,1,1.0,1
201400018892,0014-05-18 16:00:00,14,5,18,16,0,800,752,,,,Plein jour,Hors agglomération,Hors intersection,Normale,Autre collision,,,,,,,,,,,1,1,1,1.0,6
201400018893,0014-07-21 16:00:00,14,7,21,16,0,800,112,,,,Plein jour,Hors agglomération,Hors intersection,Normale,Autre collision,,,,,,,,,,,1,1,1,1.0,6
201400018894,0014-08-03 07:15:00,14,8,3,7,15,800,429,1 rue du Chateau,,,Crépuscule ou aube,En agglomération,Hors intersection,Normale,Autre collision,,,,,,,,,,,2,2,1,1.0,6
201400018895,0014-10-06 13:30:00,14,10,6,13,30,800,507,,49.85408,2.54997,Plein jour,Hors agglomération,Hors intersection,Normale,Deux véhicules - frontale,,,,,,,,,,,1,1,1,1.0,1
201400018896,0014-11-17 19:30:00,14,11,17,19,30,800,159,,49.86965,2.46662,Nuit sans éclairage public,Hors agglomération,Hors intersection,Pluie légère,Sans collision,,,,,,,,,,,3,1,1,2.0,7
201400018897,0014-03-14 07:45:00,14,3,14,7,45,800,754,,,,Plein jour,Hors agglomération,Hors intersection,Brouillard / fumée,Trois véhicules et plus - collisions multiples,,,,,,,,,,,1,1,1,5.0,5
201400018898,0014-03-16 10:45:00,14,3,16,10,45,800,62,38 RUE DE BEUVILLE,49.84601,1.78448,Plein jour,En agglomération,Hors intersection,Normale,Deux véhicules - frontale,,,,,,,,,,,1,2,1,1.0,1
201400018899,0014-04-09 14:30:00,14,4,9,14,30,800,554,,,,Plein jour,Hors agglomération,Hors intersection,Normale,Sans collision,,,,,,,,,,,1,1,1,1.0,7
201400018900,0014-04-14 11:45:00,14,4,14,11,45,800,456,,,,Plein jour,Hors agglomération,Hors intersection,Normale,Trois véhicules et plus - collisions multiples,,,,,,,,,,,1,1,1,1.0,5
201400018901,0014-06-18 06:00:00,14,6,18,6,0,800,796,,,,Plein jour,Hors agglomération,Hors intersection,Normale,Sans collision,,,,,,,,,,,1,1,1,1.0,7
201400018902,0014-07-25 10:30:00,14,7,25,10,30,800,587,,,,Plein jour,Hors agglomération,Hors intersection,Normale,Deux véhicules - côté,,,,,,,,,,,1,1,1,1.0,3
201400018903,0014-09-01 02:30:00,14,9,1,2,30,800,61,,49.82856,1.77331,Nuit sans éclairage public,Hors agglomération,Hors intersection,Normale,Autre collision,,,,,,,,,,,3,1,1,1.0,6
201400018904,0014-10-31 05:30:00,14,10,31,5,30,800,732,,49.88882,1.71836,Nuit avec éclairage allumé,Hors agglomération,Hors intersection,Normale,Deux véhicules - arrière,,,,,,,,,,,5,1,1,1.0,2
201400018905,0014-12-24 11:30:00,14,12,24,11,30,800,61,,49.82929,1.77273,Plein jour,Hors agglomération,Hors intersection,Pluie légère,Autre collision,,,,,,,,,,,1,1,1,2.0,6
201400018906,0014-01-31 09:15:00,14,1,31,9,15,800,583,,,,Plein jour,Hors agglomération,Intersection en X,Brouillard / fumée,Deux véhicules - côté,,,,,,,,,,,1,1,2,5.0,3
201400018907,0014-02-09 05:45:00,14,2,9,5,45,800,301,rue de la gare,,,Nuit avec éclairage allumé,En agglomération,Hors intersection,Vent fort / tempête,Autre collision,,,,,,,,,,,5,2,1,6.0,6
201400018908,0014-02-23 16:45:00,14,2,23,16,45,800,656,,,,Plein jour,Hors agglomération,Hors intersection,Normale,Sans collision,,,,,,,,,,,1,1,1,1.0,7
201400018909,0014-03-03 14:00:00,14,3,3,14,0,800,791,01 le culmont,,,Plein jour,En agglomération,Hors intersection,Temps couvert,Autre collision,,,,,,,,,,,1,2,1,8.0,6
201400018910,0014-04-25 03:30:00,14,4,25,3,30,800,627,,,,Nuit sans éclairage public,Hors agglomération,Hors intersection,Normale,Sans collision,,,,,,,,,,,3,1,1,1.0,7
201400018911,0014-06-07 19:30:00,14,6,7,19,30,800,611,RUE DE LA FONTENELLE,49.76994,2.26965,Plein jour,Hors agglomération,Hors intersection,Normale,Sans collision,,,,,,,,,,,1,1,1,1.0,7
201400018912,0014-06-22 15:45:00,14,6,22,15,45,800,485,5 rue du marais,49.77218,2.17023,Plein jour,En agglomération,Hors intersection,Normale,Autre collision,,,,,,,,,,,1,2,1,1.0,6
201400018913,0014-07-16 19:15:00,14,7,16,19,15,800,717,,,,Plein jour,Hors agglomération,Hors intersection,Normale,Deux véhicules - côté,,,,,,,,,,,1,1,1,1.0,3
201400018914,0014-07-25 19:30:00,14,7,25,19,30,800,696,Rue de la chaussée - RD7,,,Plein jour,En agglomération,Hors intersection,Normale,Deux véhicules - frontale,,,,,,,,,,,1,2,1,1.0,1
201400018915,0014-08-09 17:50:00,14,8,9,17,50,800,573,,,,Plein jour,Hors agglomération,Hors intersection,Normale,Deux véhicules - côté,,,,,,,,,,,1,1,1,1.0,3
201400018916,0014-09-30 18:30:00,14,9,30,18,30,800,583,RUE D AMIENS,49.79507,2.20176,Plein jour,En agglomération,Hors intersection,Normale,Autre collision,,,,,,,,,,,1,2,1,1.0,6
201400018917,0014-01-18 22:45:00,14,1,18,22,45,800,207,,,,Nuit sans éclairage public,Hors agglomération,Hors intersection,Normale,Autre collision,,,,,,,,,,,3,1,1,1.0,6
201400018918,0014-02-22 19:00:00,14,2,22,19,0,800,24,,,,Nuit sans éclairage public,Hors agglomération,Hors intersection,Normale,Deux véhicules - côté,,,,,,,,,,,3,1,1,1.0,3
201400018919,0014-03-04 11:00:00,14,3,4,11,0,800,718,331 RUE MAURICE THOREZ,,,Plein jour,En agglomération,Hors intersection,Temps couvert,Autre collision,,,,,,,,,,,1,2,1,8.0,6
201400018920,0014-07-01 13:30:00,14,7,1,13,30,800,20,,,,Plein jour,Hors agglomération,Hors intersection,Normale,Deux véhicules - côté,,,,,,,,,,,1,1,1,1.0,3
201400018921,0014-09-05 23:00:00,14,9,5,23,0,800,639,rue H et G. DESJARDIN,49.94214,2.28028,Nuit sans éclairage public,En agglomération,Hors intersection,Normale,Deux véhicules - côté,,,,,,,,,,,3,2,1,1.0,3
201400018922,0014-10-08 16:00:00,14,10,8,16,0,800,173,RUE D'ARTOIS,49.95204,2.358,Plein jour,Hors agglomération,Hors intersection,Normale,Deux véhicules - frontale,,,,,,,,,,,1,1,1,1.0,1
201400018923,0014-10-13 15:15:00,14,10,13,15,15,800,24,,49.94067,2.23276,Plein jour,Hors agglomération,Hors intersection,Normale,Deux véhicules - côté,,,,,,,,,,,1,1,1,1.0,3
201400018924,0014-12-02 00:15:00,14,12,2,0,15,800,562,,49.97967,2.43026,Nuit sans éclairage public,Hors agglomération,Hors intersection,Normale,Autre collision,,,,,,,,,,,3,1,1,1.0,6
201400018925,0014-12-10 08:15:00,14,12,10,8,15,800,718,,49.9574,2.22786,Nuit sans éclairage public,Hors agglomération,Hors intersection,Pluie légère,Deux véhicules - arrière,,,,,,,,,,,3,1,1,2.0,2
201400018926,0014-02-15 03:15:00,14,2,15,3,15,800,512,route de rouen,,,Nuit sans éclairage public,En agglomération,Hors intersection,Vent fort / tempête,Autre collision,,,,,,,,,,,3,2,1,6.0,6
201400018927,0014-05-30 09:15:00,14,5,30,9,15,800,215,,,,Plein jour,Hors agglomération,Hors intersection,Normale,Deux véhicules - arrière,,,,,,,,,,,1,1,1,1.0,2
201400018928,0014-06-01 16:45:00,14,6,1,16,45,800,328,,,,Plein jour,Hors agglomération,Hors intersection,Normale,Deux véhicules - frontale,,,,,,,,,,,1,1,1,1.0,1
201400018929,0014-06-12 12:30:00,14,6,12,12,30,800,635,cd901,,,Plein jour,En agglomération,Hors intersection,Normale,Deux véhicules - frontale,,,,,,,,,,,1,2,1,1.0,1
201400018930,0014-06-25 15:45:00,14,6,25,15,45,800,779,,,,Plein jour,Hors agglomération,Hors intersection,Normale,Trois véhicules et plus - collisions multiples,,,,,,,,,,,1,1,1,1.0,5
201400018931,0014-07-05 08:45:00,14,7,5,8,45,800,282,,,,Plein jour,Hors agglomération,Hors intersection,Normale,Autre collision,,,,,,,,,,,1,1,1,1.0,6
201400018932,0014-09-07 12:00:00,14,9,7,12,0,800,486,32 R DE LA CHAPELLE,50.04267,1.98626,Plein jour,Hors agglomération,Hors intersection,Normale,Deux véhicules - côté,,,,,,,,,,,1,1,1,1.0,3
201400018933,0014-09-21 20:45:00,14,9,21,20,45,800,249,29 chaussee brunehaut,50.11677,2.04715,Nuit avec éclairage allumé,En agglomération,Hors intersection,Normale,Deux véhicules - arrière,,,,,,,,,,,5,2,1,1.0,2
201400018934,0014-10-26 19:15:00,14,10,26,19,15,800,512,107 grande rue,50.07348,1.8224,Nuit avec éclairage allumé,En agglomération,Hors intersection,Normale,Autre collision,,,,,,,,,,,5,2,1,1.0,6
201400018935,0014-11-25 17:30:00,14,11,25,17,30,800,578,,50.06625,1.77414,Nuit sans éclairage public,Hors agglomération,Hors intersection,Pluie légère,Deux véhicules - frontale,,,,,,,,,,,3,1,1,2.0,1
201400018936,0014-12-08 14:15:00,14,12,8,14,15,800,260,,50.1501,1.8506,Plein jour,Hors agglomération,Hors intersection,Normale,Deux véhicules - frontale,,,,,,,,,,,1,1,1,1.0,1
201400018937,0014-12-17 12:00:00,14,12,17,12,0,800,635,,50.06094,1.89439,Plein jour,Hors agglomération,Hors intersection,Pluie légère,Trois véhicules et plus - en chaîne,,,,,,,,,,,1,1,1,2.0,4
201400018938,0014-01-13 17:15:00,14,1,13,17,15,800,368,RUE JULES VALLES,50.08951,1.5521,Plein jour,En agglomération,Hors intersection,Normale,Autre collision,,,,,,,,,,,1,2,1,1.0,6
201400018939,0014-02-07 20:45:00,14,2,7,20,45,800,182,RUE MARECHAL FOCH,,,Nuit avec éclairage allumé,En agglomération,Hors intersection,Normale,Autre collision,,,,,,,,,,,5,2,1,1.0,6
201400018940,0014-02-18 07:15:00,14,2,18,7,15,800,183,,,,Nuit sans éclairage public,Hors agglomération,Hors intersection,Normale,Autre collision,,,,,,,,,,,3,1,1,1.0,6
201400018941,0014-02-25 13:00:00,14,2,25,13,0,800,597,10 RUE DE FEUQUIERES,50.07802,1.60074,Plein jour,En agglomération,Hors intersection,Normale,Deux véhicules - frontale,,,,,,,,,,,1,2,1,1.0,1
201400018942,0014-03-02 11:30:00,14,3,2,11,30,800,39,BD MICHEL COUILLET,50.10686,1.45151,Plein jour,En agglomération,Hors intersection,Normale,Autre collision,,,,,,,,,,,1,2,1,1.0,6
201400018943,0014-03-03 14:15:00,14,3,3,14,15,800,265,,50.03394,1.56712,Plein jour,Hors agglomération,Intersection en X,Normale,Deux véhicules - côté,,,,,,,,,,,1,1,2,1.0,3
201400018944,0014-03-09 14:45:00,14,3,9,14,45,800,662,,,,Plein jour,En agglomération,Hors intersection,Normale,Deux véhicules - côté,,,,,,,,,,,1,2,1,1.0,3
201400018945,0014-03-22 07:00:00,14,3,22,7,0,800,146,6 route nationale,,,Crépuscule ou aube,En agglomération,Hors intersection,Normale,Autre collision,,,,,,,,,,,2,2,1,1.0,6
201400018946,0014-04-15 08:45:00,14,4,15,8,45,800,146,,,,Plein jour,Hors agglomération,Hors intersection,Normale,Autre collision,,,,,,,,,,,1,1,1,1.0,6
201400018947,0014-04-29 12:30:00,14,4,29,12,30,800,518,14 rue de vismes,,,Plein jour,En agglomération,Hors intersection,Normale,Sans collision,,,,,,,,,,,1,2,1,1.0,7
201400018948,0014-05-09 18:30:00,14,5,9,18,30,800,597,rue de feuquieres,50.07839,1.60052,Plein jour,En agglomération,Hors intersection,Normale,Autre collision,,,,,,,,,,,1,2,1,1.0,6
201400018949,0014-05-13 16:45:00,14,5,13,16,45,800,368,Avenue de la Liberation,,,Plein jour,En agglomération,Intersection en T,Normale,Deux véhicules - côté,,,,,,,,,,,1,2,3,1.0,3
201400018950,0014-06-01 17:45:00,14,6,1,17,45,800,110,,50.16201,1.65558,Plein jour,Hors agglomération,Hors intersection,Normale,Sans collision,,,,,,,,,,,1,1,1,1.0,7
201400018951,0014-06-30 18:30:00,14,6,30,18,30,800,182,,,,Plein jour,Hors agglomération,Hors intersection,Normale,Deux véhicules - frontale,,,,,,,,,,,1,1,1,1.0,1
201400018952,0014-07-07 18:00:00,14,7,7,18,0,800,110,,,,Plein jour,Hors agglomération,Hors intersection,Normale,Trois véhicules et plus - collisions multiples,,,,,,,,,,,1,1,1,1.0,5
201400018953,0014-07-11 16:15:00,14,7,11,16,15,800,518,,,,Plein jour,Hors agglomération,Intersection en X,Pluie légère,Deux véhicules - côté,,,,,,,,,,,1,1,2,2.0,3
201400018954,0014-07-31 17:00:00,14,7,31,17,0,800,765,carrefour CD 29 - CD 22,,,Plein jour,En agglomération,Intersection en X,Normale,Deux véhicules - côté,,,,,,,,,,,1,2,2,1.0,3
201400018955,0014-08-03 11:45:00,14,8,3,11,45,800,721,,,,Plein jour,Hors agglomération,Intersection en X,Temps couvert,Deux véhicules - côté,,,,,,,,,,,1,1,2,8.0,3
201400018956,0014-08-17 19:15:00,14,8,17,19,15,800,110,CD940,,,Plein jour,En agglomération,Hors intersection,Pluie légère,Sans collision,,,,,,,,,,,1,2,1,2.0,7
201400018957,0014-09-13 11:15:00,14,9,13,11,15,800,161,,50.12762,1.73898,Plein jour,Hors agglomération,Hors intersection,Normale,Deux véhicules - frontale,,,,,,,,,,,1,1,1,1.0,1
201400018958,0014-09-22 16:45:00,14,9,22,16,45,800,714,,50.0631,1.4655,Plein jour,Hors agglomération,Giratoire,Normale,Deux véhicules - côté,,,,,,,,,,,1,1,6,1.0,3
201400018959,0014-12-07 12:45:00,14,12,7,12,45,800,721,"49, QUAI BLAVET",50.18596,1.64172,Plein jour,En agglomération,Hors intersection,Temps couvert,Autre collision,,,,,,,,,,,1,2,1,8.0,6
201400018960,0014-12-14 14:15:00,14,12,14,14,15,800,4,,,,Plein jour,Hors agglomération,Hors intersection,Normale,Deux véhicules - frontale,,,,,,,,,,,1,1,1,1.0,1
201400018961,0014-12-27 15:45:00,14,12,27,15,45,800,500,rue principale,50.01043,1.60647,Plein jour,En agglomération,Hors intersection,Temps éblouissant,Deux véhicules - frontale,,,,,,,,,,,1,2,1,7.0,1
201400018962,0014-03-09 14:15:00,14,3,9,14,15,800,688,,,,Plein jour,Hors agglomération,Hors intersection,Normale,Deux véhicules - arrière,,,,,,,,,,,1,1,1,1.0,2
201400018963,0014-03-09 11:30:00,14,3,9,11,30,800,598,,,,Plein jour,En agglomération,Hors intersection,Normale,Deux véhicules - côté,,,,,,,,,,,1,2,1,1.0,3
201400018964,0014-04-01 17:15:00,14,4,1,17,15,800,250,,,,Plein jour,Hors agglomération,Hors intersection,Normale,Deux véhicules - côté,,,,,,,,,,,1,1,1,1.0,3
201400018965,0014-06-26 20:45:00,14,6,26,20,45,800,649,,,,Plein jour,Hors agglomération,Hors intersection,Normale,Autre collision,,,,,,,,,,,1,1,1,1.0,6
201400018966,0014-07-22 08:00:00,14,7,22,8,0,800,590,,,,Plein jour,Hors agglomération,Intersection en X,Normale,Autre collision,,,,,,,,,,,1,1,2,1.0,6
201400018967,0014-08-14 13:00:00,14,8,14,13,0,800,149,,,,Plein jour,Hors agglomération,Hors intersection,Pluie légère,Deux véhicules - côté,,,,,,,,,,,1,1,1,2.0,3
201400018968,0014-09-04 08:15:00,14,9,4,8,15,800,688,rue du marais,50.26885,1.67607,Plein jour,En agglomération,Hors intersection,Normale,Autre collision,,,,,,,,,,,1,2,1,1.0,6
201400018969,0014-10-04 22:00:00,14,10,4,22,0,800,149,,50.15539,1.81812,Nuit sans éclairage public,Hors agglomération,Hors intersection,Pluie légère,Autre collision,,,,,,,,,,,3,1,1,2.0,6
201400018970,0014-10-06 16:30:00,14,10,6,16,30,800,633,,50.22907,1.7206,Plein jour,Hors agglomération,Hors intersection,Pluie forte,Deux véhicules - côté,,,,,,,,,,,1,1,1,3.0,3
201400018971,0014-10-13 10:30:00,14,10,13,10,30,800,633,,50.21139,1.67162,Plein jour,Hors agglomération,Hors intersection,Vent fort / tempête,Autre collision,,,,,,,,,,,1,1,1,6.0,6
201400018972,0014-10-31 18:30:00,14,10,31,18,30,800,109,,50.25701,1.96922,Nuit sans éclairage public,Hors agglomération,Autre intersection,Normale,Deux véhicules - frontale,,,,,,,,,,,3,1,9,1.0,1
201400018973,0014-11-02 05:30:00,14,11,2,5,30,800,374,rue du quesnoy,50.19049,1.94194,Nuit sans éclairage public,En agglomération,Hors intersection,Normale,Autre collision,,,,,,,,,,,3,2,1,1.0,6
201400018974,0014-05-11 11:00:00,14,5,11,11,0,800,153,3 Grande rue,,,Plein jour,En agglomération,Hors intersection,Pluie légère,Sans collision,,,,,,,,,,,1,2,1,2.0,7
201400018975,0014-07-01 10:30:00,14,7,1,10,30,800,253,PLACE THELU,50.15579,2.34348,Plein jour,En agglomération,Place,Normale,Autre collision,,,,,,,,,,,1,2,7,1.0,6
201400018976,0014-08-07 11:15:00,14,8,7,11,15,800,3,"8, rue de Lealvillers",50.07241,2.5314,Plein jour,En agglomération,Hors intersection,Normale,Deux véhicules - frontale,,,,,,,,,,,1,2,1,1.0,1
201400018977,0014-10-04 22:00:00,14,10,4,22,0,800,253,,,,Nuit sans éclairage public,Hors agglomération,Hors intersection,Pluie légère,Deux véhicules - côté,,,,,,,,,,,3,1,1,2.0,3
201400018978,0014-11-14 23:00:00,14,11,14,23,0,800,70,,50.07541,2.35399,Nuit sans éclairage public,Hors agglomération,Hors intersection,Temps couvert,Sans collision,,,,,,,,,,,3,1,1,8.0,7
201400018979,0014-12-08 15:45:00,14,12,8,15,45,800,43,,50.11628,2.50313,Plein jour,Hors agglomération,Hors intersection,Normale,Deux véhicules - frontale,,,,,,,,,,,1,1,1,1.0,1
201400018980,0014-05-27 20:15:00,14,5,27,20,15,800,100,rue principale,,,Crépuscule ou aube,En agglomération,Hors intersection,Normale,Sans collision,,,,,,,,,,,2,2,1,1.0,7
201400018981,0014-07-09 19:45:00,14,7,9,19,45,800,795,"2, rue georges outrebon",,,Plein jour,En agglomération,Hors intersection,Pluie légère,Autre collision,,,,,,,,,,,1,2,1,2.0,6
201400018982,0014-07-18 19:00:00,14,7,18,19,0,800,93,"12, rue lucien peyrat",50.04608,2.14698,Plein jour,En agglomération,Hors intersection,Temps éblouissant,Deux véhicules - côté,,,,,,,,,,,1,2,1,7.0,3
201400018983,0014-10-03 18:30:00,14,10,3,18,30,800,566,,50.08854,2.20131,Plein jour,Hors agglomération,Intersection en X,Normale,Deux véhicules - frontale,,,,,,,,,,,1,1,2,1.0,1
201400018984,0014-10-17 11:15:00,14,10,17,11,15,800,318,2 rue roger godard,50.0167,2.07944,Plein jour,En agglomération,Hors intersection,Normale,Autre collision,,,,,,,,,,,1,2,1,1.0,6
201400018985,0014-01-18 18:15:00,14,1,18,18,15,800,685,AV FRANCOIS MITTERAND,49.69625,2.79799,Crépuscule ou aube,Hors agglomération,Intersection en T,Normale,Deux véhicules - frontale,,,,,,,,,,,2,1,3,1.0,1
201400018986,0014-03-14 07:30:00,14,3,14,7,30,800,176,,,,Crépuscule ou aube,Hors agglomération,Hors intersection,Brouillard / fumée,Deux véhicules - côté,,,,,,,,,,,2,1,1,5.0,3
201400018987,0014-04-28 16:45:00,14,4,28,16,45,800,561,Avenue Maurice Leconte,,,Plein jour,En agglomération,Hors intersection,Normale,Deux véhicules - frontale,,,,,,,,,,,1,2,1,1.0,1
201400018988,0014-05-01 19:30:00,14,5,1,19,30,800,561,place exeter,,,Plein jour,En agglomération,Hors intersection,Normale,Deux véhicules - côté,,,,,,,,,,,1,2,1,1.0,3
201400018989,0014-05-20 17:45:00,14,5,20,17,45,800,232,,,,Crépuscule ou aube,Hors agglomération,Hors intersection,Pluie légère,Deux véhicules - côté,,,,,,,,,,,2,1,1,2.0,3
201400018990,0014-05-29 03:15:00,14,5,29,3,15,800,685,Rue St Gilles,,,Nuit avec éclairage allumé,En agglomération,Hors intersection,Normale,Autre collision,,,,,,,,,,,5,2,1,1.0,6
201400018991,0014-07-11 16:15:00,14,7,11,16,15,800,685,,,,Plein jour,Hors agglomération,Hors intersection,Pluie légère,Deux véhicules - frontale,,,,,,,,,,,1,1,1,2.0,1
201400018992,0014-08-02 22:30:00,14,8,2,22,30,800,74,,,,Nuit sans éclairage public,Hors agglomération,Hors intersection,Normale,Sans collision,,,,,,,,,,,3,1,1,1.0,7
201400018993,0014-09-18 17:30:00,14,9,18,17,30,800,53,route de Roye,49.71003,2.86169,Plein jour,En agglomération,Hors intersection,Normale,Deux véhicules - frontale,,,,,,,,,,,1,2,1,1.0,1
201400018994,0014-10-11 01:15:00,14,10,11,1,15,800,232,,,,Nuit sans éclairage public,Hors agglomération,Hors intersection,Normale,Autre collision,,,,,,,,,,,3,1,1,1.0,6
201400018995,0014-11-06 12:00:00,14,11,6,12,0,800,293,,49.6688,2.60198,Plein jour,Hors agglomération,Intersection en X,Normale,Deux véhicules - côté,,,,,,,,,,,1,1,2,1.0,3
201400018996,0014-12-13 16:00:00,14,12,13,16,0,800,170,,49.65909,2.50181,Plein jour,Hors agglomération,Hors intersection,Pluie légère,Sans collision,,,,,,,,,,,1,1,1,2.0,7
201400018997,0014-01-16 17:30:00,14,1,16,17,30,800,652,,,,Crépuscule ou aube,En agglomération,Hors intersection,Pluie légère,Deux véhicules - frontale,,,,,,,,,,,2,2,1,2.0,1
201400018998,0014-02-19 07:30:00,14,2,19,7,30,800,242,,,,Crépuscule ou aube,Hors agglomération,Hors intersection,Normale,Autre collision,,,,,,,,,,,2,1,1,1.0,6
201400018999,0014-08-03 07:30:00,14,8,3,7,30,800,315,Route Nationale,,,Plein jour,En agglomération,Hors intersection,Normale,Autre collision,,,,,,,,,,,1,2,1,1.0,6
201400019000,0014-08-31 14:00:00,14,8,31,14,0,800,499,RUE DE SAUVILLERS,,,Plein jour,En agglomération,Hors intersection,Normale,Deux véhicules - côté,,,,,,,,,,,1,2,1,1.0,3
201400019001,0014-09-14 14:15:00,14,9,14,14,15,800,758,,49.73338,2.42817,Plein jour,Hors agglomération,Hors intersection,Normale,Deux véhicules - frontale,,,,,,,,,,,1,1,1,1.0,1
201400019002,0014-09-27 20:30:00,14,9,27,20,30,800,321,,49.69488,2.37228,Nuit sans éclairage public,Hors agglomération,Hors intersection,Normale,Sans collision,,,,,,,,,,,3,1,1,1.0,7
201400019003,0014-10-18 16:15:00,14,10,18,16,15,800,31,,49.75544,2.65152,Plein jour,Hors agglomération,Hors intersection,Normale,Sans collision,,,,,,,,,,,1,1,1,1.0,7
201400019004,0014-05-04 20:00:00,14,5,4,20,0,800,240,,,,Plein jour,Hors agglomération,Intersection en X,Temps éblouissant,Deux véhicules - côté,,,,,,,,,,,1,1,2,7.0,3
201400019005,0014-06-30 11:45:00,14,6,30,11,45,800,150,,,,Plein jour,Hors agglomération,Hors intersection,Normale,Deux véhicules - frontale,,,,,,,,,,,1,1,1,1.0,1
201400019006,0014-09-13 11:00:00,14,9,13,11,0,800,620,,49.90143,2.92455,Plein jour,En agglomération,Hors intersection,Normale,Deux véhicules - arrière,,,,,,,,,,,1,2,1,1.0,2
201400019007,0014-09-24 13:45:00,14,9,24,13,45,800,762,,49.94382,3.03477,Plein jour,Hors agglomération,Hors intersection,Normale,Autre collision,,,,,,,,,,,1,1,1,1.0,6
201400019008,0014-10-10 20:30:00,14,10,10,20,30,800,258,,49.95131,2.99992,Nuit sans éclairage public,Hors agglomération,Hors intersection,Normale,Autre collision,,,,,,,,,,,3,1,1,1.0,6
201400019009,0014-10-19 17:30:00,14,10,19,17,30,800,401,,,,Plein jour,Hors agglomération,Hors intersection,Normale,Deux véhicules - frontale,,,,,,,,,,,1,1,1,1.0,1
201400019010,0014-11-06 16:45:00,14,11,6,16,45,800,620,"25, RUE DU QUINCONCE",49.93561,2.92873,Plein jour,En agglomération,Hors intersection,Normale,Deux véhicules - frontale,,,,,,,,,,,1,2,1,1.0,1
201400019011,0014-11-11 21:45:00,14,11,11,21,45,800,601,ROUTE NATIONALE,50.00688,3.0191,Nuit avec éclairage allumé,En agglomération,Hors intersection,Pluie légère,Deux véhicules - côté,,,,,,,,,,,5,2,1,2.0,3
201400019012,0014-01-09 09:00:00,14,1,9,9,0,800,116,D934,,,Plein jour,En agglomération,Intersection en X,Normale,Deux véhicules - côté,,,,,,,,,,,1,2,2,1.0,3
201400019013,0014-02-17 07:45:00,14,2,17,7,45,800,186,rue de nesle,,,Crépuscule ou aube,En agglomération,Hors intersection,Normale,Autre collision,,,,,,,,,,,2,2,1,1.0,6
201400019014,0014-03-02 13:30:00,14,3,2,13,30,800,481,,49.81287,2.76946,Plein jour,Hors agglomération,Passage à niveau,Normale,Deux véhicules - frontale,,,,,,,,,,,1,1,8,1.0,1
201400019015,0014-03-16 10:30:00,14,3,16,10,30,800,417,Rue de Lihons,,,Plein jour,En agglomération,Intersection en T,Normale,Deux véhicules - côté,,,,,,,,,,,1,2,3,1.0,3
201400019016,0014-08-25 17:45:00,14,8,25,17,45,800,608,,,,Plein jour,Hors agglomération,Hors intersection,Normale,Autre collision,,,,,,,,,,,1,1,1,1.0,6
201400019017,0014-10-30 14:00:00,14,10,30,14,0,800,432,,49.87416,2.75211,Plein jour,Hors agglomération,Hors intersection,Normale,Sans collision,,,,,,,,,,,1,1,1,1.0,7