accident_id,datetime,annee,mois,jour,heure,minute,departement,commune_insee,adresse,latitude,longitude,luminosite,agglomeration,intersection,meteo,collision,nb_vehicules,nb_usagers,nb_indemnes,nb_tues,nb_blesses_hosp,nb_blesses_legers,age_cond_1,age_cond_2,veh_type_cond_1,veh_type_cond_2,lum_code,agg_code,int_code,atm_code,col_code
201400019018,0014-11-29 20:45:00,14,11,29,20,45,800,33,,49.89356,2.83297,Nuit sans éclairage public,Hors agglomération,Hors intersection,Brouillard / fumée,Deux véhicules - frontale,,,,,,,,,,,3,1,1,5.0,1
201400019019,0014-12-07 20:30:00,14,12,7,20,30,800,593,55 ROUTE DE ROYE,49.92532,2.72554,Nuit avec éclairage allumé,En agglomération,Hors intersection,Normale,Deux véhicules - frontale,,,,,,,,,,,5,2,1,1.0,1
201400019020,0014-02-05 20:15:00,14,2,5,20,15,800,410,Rue de ST Quentin,,,Nuit avec éclairage allumé,En agglomération,Hors intersection,Normale,Deux véhicules - côté,,,,,,,,,,,5,2,1,1.0,3
201400019021,0014-06-01 16:30:00,14,6,1,16,30,800,585,,,,Plein jour,Hors agglomération,Hors intersection,Normale,Deux véhicules - côté,,,,,,,,,,,1,1,1,1.0,3
201400019022,0014-06-24 20:50:00,14,6,24,20,50,800,158,,,,Plein jour,Hors agglomération,Hors intersection,Normale,Sans collision,,,,,,,,,,,1,1,1,1.0,7
201400019023,0014-12-28 17:45:00,14,12,28,17,45,800,509,,,,Nuit sans éclairage public,Hors agglomération,Hors intersection,Normale,Sans collision,,,,,,,,,,,3,1,1,1.0,7
201400019024,0014-03-30 19:00:00,14,3,30,19,0,600,154,Rue Yvonne DROUIN,,,Plein jour,En agglomération,Intersection en X,Normale,Deux véhicules - côté,,,,,,,,,,,1,2,2,1.0,3
201400019025,0014-04-17 08:15:00,14,4,17,8,15,600,539,,,,Plein jour,Hors agglomération,Hors intersection,Normale,Deux véhicules - côté,,,,,,,,,,,1,1,1,1.0,3
201400019026,0014-05-24 05:30:00,14,5,24,5,30,600,539,,,,Crépuscule ou aube,Hors agglomération,Hors intersection,Normale,Autre collision,,,,,,,,,,,2,1,1,1.0,6
201400019027,0014-11-14 11:00:00,14,11,14,11,0,600,102,chemin de halage,,,Plein jour,En agglomération,Hors intersection,Pluie légère,Deux véhicules - côté,,,,,,,,,,,1,2,1,2.0,3
201400019028,0014-11-26 07:30:00,14,11,26,7,30,600,587,Rue de Paris,,,Nuit avec éclairage allumé,En agglomération,Hors intersection,Pluie légère,Autre collision,,,,,,,,,,,5,2,1,2.0,6
201400019029,0014-02-03 11:30:00,14,2,3,11,30,190,30,sens brive > bordeaux,45.16014,1.33607,Plein jour,Hors agglomération,Hors intersection,Normale,Deux véhicules - arrière,,,,,,,,,,,1,1,1,1.0,2
201400019030,0014-05-26 14:45:00,14,5,26,14,45,190,274,SORTIE 19,45.1749,1.47139,Plein jour,Hors agglomération,Hors intersection,Pluie forte,Autre collision,,,,,,,,,,,1,1,1,3.0,6
201400019031,0014-06-23 11:15:00,14,6,23,11,15,190,124,,,,Plein jour,Hors agglomération,Hors intersection,Normale,Autre collision,,,,,,,,,,,1,1,1,1.0,6
201400019032,0014-08-11 15:30:00,14,8,11,15,30,202,233,COVILI,,,Plein jour,En agglomération,Hors intersection,Normale,Autre collision,,,,,,,,,,,1,2,1,1.0,6
201400019033,0014-05-04 23:00:00,14,5,4,23,0,202,194,,,,Nuit sans éclairage public,Hors agglomération,Hors intersection,Normale,Sans collision,,,,,,,,,,,3,1,1,1.0,7
201400019034,0014-05-06 17:30:00,14,5,6,17,30,202,299,,,,Plein jour,Hors agglomération,Hors intersection,Normale,Sans collision,,,,,,,,,,,1,1,1,1.0,7
201400019035,0014-01-23 15:00:00,14,1,23,15,0,202,49,,,,Plein jour,Hors agglomération,Giratoire,Pluie légère,Autre collision,,,,,,,,,,,1,1,6,2.0,6
201400019036,0014-01-30 13:30:00,14,1,30,13,30,202,50,,,,Plein jour,Hors agglomération,Hors intersection,Pluie légère,Autre collision,,,,,,,,,,,1,1,1,2.0,6
201400019037,0014-06-18 12:45:00,14,6,18,12,45,202,150,,,,Plein jour,Hors agglomération,Hors intersection,Normale,Deux véhicules - frontale,,,,,,,,,,,1,1,1,1.0,1
201400019038,0014-04-22 05:30:00,14,4,22,5,30,202,218,,,,Nuit sans éclairage public,Hors agglomération,Hors intersection,Normale,Sans collision,,,,,,,,,,,3,1,1,1.0,7
201400019039,0014-11-10 11:30:00,14,11,10,11,30,202,96,RN 200 Chenes verts,,,Plein jour,En agglomération,Hors intersection,Normale,Deux véhicules - côté,,,,,,,,,,,1,2,1,1.0,3
201400019040,0014-01-15 17:45:00,14,1,15,17,45,202,251,D244/strada di a scola,,,Nuit avec éclairage non allumé,En agglomération,Hors intersection,Normale,Deux véhicules - côté,,,,,,,,,,,4,2,1,1.0,3
201400019041,0014-03-16 00:30:00,14,3,16,0,30,202,123,route de Ghisoni,,,Nuit avec éclairage allumé,En agglomération,Hors intersection,Normale,Deux véhicules - arrière,,,,,,,,,,,5,2,1,1.0,2
201400019042,0014-05-30 22:00:00,14,5,30,22,0,202,251,,,,Nuit sans éclairage public,Hors agglomération,Hors intersection,Normale,Deux véhicules - côté,,,,,,,,,,,3,1,1,1.0,3
201400019043,0014-07-29 17:30:00,14,7,29,17,30,202,123,,,,Plein jour,Hors agglomération,Hors intersection,Normale,Deux véhicules - frontale,,,,,,,,,,,1,1,1,1.0,1
201400019044,0014-08-05 16:30:00,14,8,5,16,30,202,123,,,,Plein jour,Hors agglomération,Hors intersection,Normale,Deux véhicules - côté,,,,,,,,,,,1,1,1,1.0,3
201400019045,0014-08-24 04:15:00,14,8,24,4,15,202,123,,,,Nuit sans éclairage public,Hors agglomération,Hors intersection,Normale,Deux véhicules - côté,,,,,,,,,,,3,1,1,1.0,3
201400019046,0014-09-06 08:45:00,14,9,6,8,45,202,342,,,,Plein jour,Hors agglomération,Intersection en X,Normale,Deux véhicules - frontale,,,,,,,,,,,1,1,2,1.0,1
201400019047,0014-11-24 18:00:00,14,11,24,18,0,202,123,Ancienne voie ferr?e,,,Nuit sans éclairage public,En agglomération,Hors intersection,Normale,Deux véhicules - arrière,,,,,,,,,,,3,2,1,1.0,2
201400019048,0014-01-08 16:30:00,14,1,8,16,30,310,56,50 rue de la république,43.66338,1.37052,Plein jour,En agglomération,Hors intersection,Normale,Autre collision,,,,,,,,,,,1,2,1,1.0,6
201400019049,0014-03-18 08:30:00,14,3,18,8,30,310,150,32 route de Aussonne,43.65738,1.32458,Plein jour,En agglomération,Hors intersection,Temps couvert,Autre collision,,,,,,,,,,,1,2,1,8.0,6
201400019050,0014-04-18 15:15:00,14,4,18,15,15,310,150,RD 63E,,,Plein jour,En agglomération,Hors intersection,Normale,Deux véhicules - arrière,,,,,,,,,,,1,2,1,1.0,2
201400019051,0014-07-16 04:45:00,14,7,16,4,45,310,541,route de Grenade,43.69553,1.35078,Plein jour,En agglomération,Hors intersection,Normale,Deux véhicules - côté,,,,,,,,,,,1,2,1,1.0,3
201400019052,0014-07-29 10:30:00,14,7,29,10,30,310,56,,,,Plein jour,Hors agglomération,Hors intersection,Normale,Autre collision,,,,,,,,,,,1,1,1,1.0,6
201400019053,0014-08-23 09:00:00,14,8,23,9,0,310,150,route de pibrac,,,Plein jour,Hors agglomération,Hors intersection,Normale,Deux véhicules - frontale,,,,,,,,,,,1,1,1,1.0,1
201400019054,0014-09-01 15:45:00,14,9,1,15,45,310,541,,,,Plein jour,Hors agglomération,Hors intersection,Normale,Trois véhicules et plus - collisions multiples,,,,,,,,,,,1,1,1,1.0,5
201400019055,0014-09-12 15:00:00,14,9,12,15,0,310,541,,43.69321,1.35929,Plein jour,Hors agglomération,Hors intersection,Normale,Sans collision,,,,,,,,,,,1,1,1,1.0,7
201400019056,0014-10-31 22:30:00,14,10,31,22,30,310,351,8 RUE DE LA REPUBLIQUE,43.6712,1.28786,Nuit avec éclairage allumé,En agglomération,Hors intersection,Normale,Deux véhicules - frontale,,,,,,,,,,,5,2,1,1.0,1
201400019057,0014-12-17 06:45:00,14,12,17,6,45,310,150,,43.6652,1.31404,Nuit sans éclairage public,Hors agglomération,Hors intersection,Normale,Deux véhicules - arrière,,,,,,,,,,,3,1,1,1.0,2
201400019058,0014-03-13 13:00:00,14,3,13,13,0,201,48,,42.05104,8.75107,Plein jour,Hors agglomération,Hors intersection,Normale,Deux véhicules - frontale,,,,,,,,,,,1,1,1,1.0,1
201400019059,0014-05-20 12:00:00,14,5,20,12,0,201,48,,42.03196,8.76292,Plein jour,Hors agglomération,Hors intersection,Normale,Deux véhicules - côté,,,,,,,,,,,1,1,1,1.0,3
201400019060,0014-04-28 16:45:00,14,4,28,16,45,201,130,DEPARTEMENTALE 555,41.88977,8.81424,Plein jour,En agglomération,Hors intersection,Normale,Deux véhicules - côté,,,,,,,,,,,1,2,1,1.0,3
201400019061,0014-09-27 06:15:00,14,9,27,6,15,201,130,BD Marie Jeanne Bozzi,41.88863,8.79888,Crépuscule ou aube,En agglomération,Hors intersection,Normale,Deux véhicules - côté,,,,,,,,,,,2,2,1,1.0,3
201400019062,0014-03-13 10:45:00,14,3,13,10,45,201,41,,41.41923,9.17962,Plein jour,Hors agglomération,Hors intersection,Normale,Deux véhicules - arrière,,,,,,,,,,,1,1,1,1.0,2
201400019063,0014-04-27 06:00:00,14,4,27,6,0,201,41,,41.47317,9.22678,Crépuscule ou aube,Hors agglomération,Hors intersection,Normale,Sans collision,,,,,,,,,,,2,1,1,1.0,7
201400019064,0014-05-31 17:15:00,14,5,31,17,15,201,41,,41.37775,9.20898,Plein jour,Hors agglomération,Hors intersection,Normale,Autre collision,,,,,,,,,,,1,1,1,1.0,6
201400019065,0014-12-31 19:45:00,14,12,31,19,45,201,130,,41.87823,8.94767,Nuit sans éclairage public,Hors agglomération,Hors intersection,Normale,Trois véhicules et plus - collisions multiples,,,,,,,,,,,3,1,1,1.0,5
201400019066,0014-04-02 23:15:00,14,4,2,23,15,790,66,,,,Nuit sans éclairage public,Hors agglomération,Giratoire,Normale,Autre collision,,,,,,,,,,,3,1,6,1.0,6
201400019067,0014-06-30 21:00:00,14,6,30,21,0,790,119,,,,Plein jour,Hors agglomération,Hors intersection,Normale,Sans collision,,,,,,,,,,,1,1,1,1.0,7
201400019068,0014-07-10 18:45:00,14,7,10,18,45,790,281,ROUTE DE NIORT,,,Plein jour,En agglomération,Hors intersection,Normale,Autre collision,,,,,,,,,,,1,2,1,1.0,6
201400019069,0014-10-20 18:00:00,14,10,20,18,0,790,77,,,,Plein jour,Hors agglomération,Intersection en X,Normale,Deux véhicules - côté,,,,,,,,,,,1,1,2,1.0,3
201400019070,0014-10-26 17:30:00,14,10,26,17,30,790,351,,,,Plein jour,Hors agglomération,Hors intersection,Normale,Autre collision,,,,,,,,,,,1,1,1,1.0,6
201400019071,0014-12-28 09:30:00,14,12,28,9,30,790,77,"LD ""LE BOIS CHAPELEAU""",,,Plein jour,Hors agglomération,Hors intersection,Normale,Autre collision,,,,,,,,,,,1,1,1,1.0,6
201400019072,0014-01-12 12:00:00,14,1,12,12,0,790,34,RUE DU CHATEAU D'EAU,,,Plein jour,En agglomération,Hors intersection,Normale,Deux véhicules - frontale,,,,,,,,,,,1,2,1,1.0,1
201400019073,0014-02-18 11:45:00,14,2,18,11,45,790,46,,,,Plein jour,Hors agglomération,Intersection en X,Normale,Deux véhicules - côté,,,,,,,,,,,1,1,2,1.0,3
201400019074,0014-03-06 08:15:00,14,3,6,8,15,790,137,,,,Plein jour,Hors agglomération,Intersection en T,Normale,Deux véhicules - côté,,,,,,,,,,,1,1,3,1.0,3
201400019075,0014-04-02 15:40:00,14,4,2,15,40,790,100,11 RUE DE PREPLOT,,,Plein jour,En agglomération,Hors intersection,Normale,Autre collision,,,,,,,,,,,1,2,1,1.0,6
201400019076,0014-04-03 11:30:00,14,4,3,11,30,790,257,,,,Plein jour,Hors agglomération,Hors intersection,Normale,Sans collision,,,,,,,,,,,1,1,1,1.0,7
201400019077,0014-04-07 09:45:00,14,4,7,9,45,790,162,,,,Plein jour,En agglomération,Hors intersection,Normale,Deux véhicules - arrière,,,,,,,,,,,1,2,1,1.0,2
201400019078,0014-04-13 09:45:00,14,4,13,9,45,790,112,,,,Plein jour,En agglomération,Hors intersection,Normale,Autre collision,,,,,,,,,,,1,2,1,1.0,6
201400019079,0014-05-09 17:45:00,14,5,9,17,45,790,216,,,,Plein jour,Hors agglomération,Hors intersection,Normale,Deux véhicules - frontale,,,,,,,,,,,1,1,1,1.0,1
201400019080,0014-06-07 09:15:00,14,6,7,9,15,790,34,,,,Plein jour,Hors agglomération,Hors intersection,Normale,Trois véhicules et plus - collisions multiples,,,,,,,,,,,1,1,1,1.0,5
201400019081,0014-07-06 05:15:00,14,7,6,5,15,790,216,"LD ""CHIRON-MALLET""",,,Crépuscule ou aube,Hors agglomération,Hors intersection,Pluie forte,Sans collision,,,,,,,,,,,2,1,1,3.0,7
201400019082,0014-07-05 05:30:00,14,7,5,5,30,790,130,,,,Nuit sans éclairage public,Hors agglomération,Autre intersection,Pluie légère,Sans collision,,,,,,,,,,,3,1,9,2.0,7
201400019083,0014-08-05 13:45:00,14,8,5,13,45,790,130,,,,Plein jour,Hors agglomération,Intersection en X,Normale,Deux véhicules - côté,,,,,,,,,,,1,1,2,1.0,3
201400019084,0014-09-02 08:00:00,14,9,2,8,0,790,3,,,,Plein jour,Hors agglomération,Hors intersection,Normale,Deux véhicules - côté,,,,,,,,,,,1,1,1,1.0,3
201400019085,0014-10-06 12:00:00,14,10,6,12,0,790,170,ROUTE SAINT-HILAIRE,,,Plein jour,En agglomération,Hors intersection,Temps couvert,Deux véhicules - côté,,,,,,,,,,,1,2,1,8.0,3
201400019086,0014-02-12 14:30:00,14,2,12,14,30,790,327,,,,Plein jour,Hors agglomération,Hors intersection,Vent fort / tempête,Autre collision,,,,,,,,,,,1,1,1,6.0,6
201400019087,0014-07-25 16:40:00,14,7,25,16,40,790,4,,,,Plein jour,Hors agglomération,Hors intersection,Normale,Sans collision,,,,,,,,,,,1,1,1,1.0,7
201400019088,0014-08-24 02:15:00,14,8,24,2,15,790,217,,,,Nuit sans éclairage public,Hors agglomération,Hors intersection,Normale,Sans collision,,,,,,,,,,,3,1,1,1.0,7
201400019089,0014-08-29 03:45:00,14,8,29,3,45,790,90,ROUTE DU FOUR A CHAUX,,,Nuit avec éclairage non allumé,En agglomération,Hors intersection,Normale,Sans collision,,,,,,,,,,,4,2,1,1.0,7
201400019090,0014-10-17 18:15:00,14,10,17,18,15,790,126,,,,Plein jour,Hors agglomération,Hors intersection,Normale,Deux véhicules - frontale,,,,,,,,,,,1,1,1,1.0,1
201400019091,0014-10-31 12:00:00,14,10,31,12,0,790,174,"LD ""LA VERGNE""",,,Plein jour,Hors agglomération,Hors intersection,Normale,Deux véhicules - frontale,,,,,,,,,,,1,1,1,1.0,1
201400019092,0014-11-19 16:00:00,14,11,19,16,0,790,174,PLACE RENE GROUSSARD,,,Plein jour,En agglomération,Hors intersection,Normale,Autre collision,,,,,,,,,,,1,2,1,1.0,6
201400019093,0014-02-19 19:30:00,14,2,19,19,30,790,270,RUE GARRAN DE BALZAN,,,Nuit avec éclairage allumé,En agglomération,Intersection en X,Normale,Deux véhicules - côté,,,,,,,,,,,5,2,2,1.0,3
201400019094,0014-02-28 16:00:00,14,2,28,16,0,790,48,,,,Plein jour,Hors agglomération,Hors intersection,Autre,Autre collision,,,,,,,,,,,1,1,1,9.0,6
201400019095,0014-03-13 13:06:00,14,3,13,13,6,790,48,,,,Plein jour,Hors agglomération,Hors intersection,Normale,Deux véhicules - arrière,,,,,,,,,,,1,1,1,1.0,2
201400019096,0014-03-28 20:25:00,14,3,28,20,25,790,24,,,,Nuit sans éclairage public,Hors agglomération,Hors intersection,Normale,Autre collision,,,,,,,,,,,3,1,1,1.0,6
201400019097,0014-08-11 17:45:00,14,8,11,17,45,790,270,24 AVENUE GAMBETTA,,,Plein jour,En agglomération,Hors intersection,Normale,Autre collision,,,,,,,,,,,1,2,1,1.0,6
201400019098,0014-09-02 18:45:00,14,9,2,18,45,790,302,,,,Plein jour,Hors agglomération,Intersection en T,Temps éblouissant,Deux véhicules - côté,,,,,,,,,,,1,1,3,7.0,3
201400019099,0014-11-07 12:15:00,14,11,7,12,15,790,114,,,,Plein jour,Hors agglomération,Hors intersection,Pluie légère,Autre collision,,,,,,,,,,,1,1,1,2.0,6
201400019100,0014-12-12 19:45:00,14,12,12,19,45,790,201,,,,Nuit sans éclairage public,Hors agglomération,Intersection en X,Temps couvert,Deux véhicules - frontale,,,,,,,,,,,3,1,2,8.0,1
201400019101,0014-03-20 16:00:00,14,3,20,16,0,790,79,RUE DU MOUTON BLANC,,,Plein jour,En agglomération,Hors intersection,Normale,Deux véhicules - frontale,,,,,,,,,,,1,2,1,1.0,1
201400019102,0014-04-13 19:45:00,14,4,13,19,45,790,62,,,,Plein jour,Hors agglomération,Intersection en X,Normale,Deux véhicules - côté,,,,,,,,,,,1,1,2,1.0,3
201400019103,0014-08-02 15:45:00,14,8,2,15,45,790,207,"LD ""LA MAUFREYERE""",,,Plein jour,Hors agglomération,Intersection en T,Pluie forte,Trois véhicules et plus - en chaîne,,,,,,,,,,,1,1,3,3.0,4
201400019104,0014-09-05 04:45:00,14,9,5,4,45,790,195,,,,Nuit sans éclairage public,Hors agglomération,Hors intersection,Normale,Autre collision,,,,,,,,,,,3,1,1,1.0,6
201400019105,0014-09-23 07:30:00,14,9,23,7,30,790,50,,,,Crépuscule ou aube,Hors agglomération,Hors intersection,Normale,Deux véhicules - côté,,,,,,,,,,,2,1,1,1.0,3
201400019106,0014-10-31 16:15:00,14,10,31,16,15,790,62,20 AVENEU DE LA GARE,,,Plein jour,En agglomération,Hors intersection,Normale,Deux véhicules - côté,,,,,,,,,,,1,2,1,1.0,3
201400019107,0014-05-23 17:00:00,14,5,23,17,0,790,265,RUE DE FONTENILLES,,,Plein jour,En agglomération,Hors intersection,Normale,Deux véhicules - frontale,,,,,,,,,,,1,2,1,1.0,1
201400019108,0014-07-25 15:45:00,14,7,25,15,45,790,161,,,,Plein jour,Hors agglomération,Passage à niveau,Normale,Deux véhicules - côté,,,,,,,,,,,1,1,8,1.0,3
201400019109,0014-08-01 14:30:00,14,8,1,14,30,790,292,,,,Plein jour,Hors agglomération,Hors intersection,Normale,Autre collision,,,,,,,,,,,1,1,1,1.0,6
201400019110,0014-08-09 21:45:00,14,8,9,21,45,790,171,RUE DE LA LOGE,,,Crépuscule ou aube,En agglomération,Intersection en T,Normale,Autre collision,,,,,,,,,,,2,2,3,1.0,6
201400019111,0014-09-18 17:45:00,14,9,18,17,45,790,171,"LD ""LA CROIX D'INGAND""",,,Plein jour,Hors agglomération,Hors intersection,Normale,Autre collision,,,,,,,,,,,1,1,1,1.0,6
201400019112,0014-11-01 20:00:00,14,11,1,20,0,790,161,,46.923,-0.196,Nuit sans éclairage public,Hors agglomération,Hors intersection,Normale,Sans collision,,,,,,,,,,,3,1,1,1.0,7
201400019113,0014-11-02 09:10:00,14,11,2,9,10,790,280,,,,Plein jour,Hors agglomération,Hors intersection,Normale,Autre collision,,,,,,,,,,,1,1,1,1.0,6
201400019114,0014-03-28 15:45:00,14,3,28,15,45,790,213,,,,Plein jour,Hors agglomération,Hors intersection,Normale,Autre collision,,,,,,,,,,,1,1,1,1.0,6
201400019115,0014-04-17 15:20:00,14,4,17,15,20,790,202,,,,Plein jour,En agglomération,Hors intersection,Normale,Autre collision,,,,,,,,,,,1,2,1,1.0,6
201400019116,0014-05-06 20:45:00,14,5,6,20,45,790,202,,,,Crépuscule ou aube,Hors agglomération,Hors intersection,Normale,Deux véhicules - frontale,,,,,,,,,,,2,1,1,1.0,1
201400019117,0014-05-09 20:45:00,14,5,9,20,45,790,172,RUE DE LA VERRONNERIE,,,Plein jour,En agglomération,Intersection en X,Normale,Deux véhicules - arrière,,,,,,,,,,,1,2,2,1.0,2
201400019118,0014-05-16 11:45:00,14,5,16,11,45,790,213,ROUTE DE ST MAIXENT,,,Plein jour,En agglomération,Autre intersection,Normale,Deux véhicules - côté,,,,,,,,,,,1,2,9,1.0,3
201400019119,0014-07-09 01:15:00,14,7,9,1,15,790,29,,,,Nuit sans éclairage public,Hors agglomération,Hors intersection,Temps couvert,Sans collision,,,,,,,,,,,3,1,1,8.0,7
201400019120,0014-08-04 14:45:00,14,8,4,14,45,790,225,,,,Plein jour,Hors agglomération,Hors intersection,Normale,Deux véhicules - frontale,,,,,,,,,,,1,1,1,1.0,1
201400019121,0014-10-06 14:45:00,14,10,6,14,45,790,29,"LD ""LA PIOCHERE""",,,Plein jour,Hors agglomération,Hors intersection,Pluie légère,Autre collision,,,,,,,,,,,1,1,1,2.0,6
201400019122,0014-10-16 17:30:00,14,10,16,17,30,790,202,Boulevard de l'Europe,,,Plein jour,En agglomération,Giratoire,Pluie forte,Sans collision,,,,,,,,,,,1,2,6,3.0,7
201400019123,0014-10-27 17:00:00,14,10,27,17,0,790,339,4 RUE DU CHENE,,,Plein jour,En agglomération,Hors intersection,Normale,Deux véhicules - frontale,,,,,,,,,,,1,2,1,1.0,1
201400019124,0014-11-21 13:45:00,14,11,21,13,45,790,8,,,,Plein jour,Hors agglomération,Hors intersection,Normale,Autre collision,,,,,,,,,,,1,1,1,1.0,6
201400019125,0014-11-25 14:15:00,14,11,25,14,15,790,202,,,,Plein jour,En agglomération,Hors intersection,Temps couvert,Autre collision,,,,,,,,,,,1,2,1,8.0,6
201400019126,0014-12-18 08:30:00,14,12,18,8,30,790,213,,,,Crépuscule ou aube,Hors agglomération,Hors intersection,Normale,Deux véhicules - frontale,,,,,,,,,,,2,1,1,1.0,1
201400019127,0014-12-22 04:45:00,14,12,22,4,45,790,347,ROUTE DE THOUARS,,,Nuit avec éclairage allumé,En agglomération,Hors intersection,Normale,Deux véhicules - frontale,,,,,,,,,,,5,2,1,1.0,1
201400019128,0014-02-12 20:15:00,14,2,12,20,15,790,135,,,,Nuit avec éclairage non allumé,Hors agglomération,Intersection en X,Pluie forte,Deux véhicules - côté,,,,,,,,,,,4,1,2,3.0,3
201400019129,0014-04-04 17:45:00,14,4,4,17,45,790,16,,,,Plein jour,Hors agglomération,Intersection en Y,Temps couvert,Deux véhicules - frontale,,,,,,,,,,,1,1,4,8.0,1
201400019130,0014-04-09 17:30:00,14,4,9,17,30,790,5,,,,Plein jour,En agglomération,Hors intersection,Normale,Autre collision,,,,,,,,,,,1,2,1,1.0,6
201400019131,0014-12-16 16:30:00,14,12,16,16,30,790,260,,,,Plein jour,Hors agglomération,Hors intersection,Normale,Deux véhicules - frontale,,,,,,,,,,,1,1,1,1.0,1
201400019132,0014-01-26 14:30:00,14,1,26,14,30,790,311,,,,Plein jour,Hors agglomération,Hors intersection,Pluie forte,Autre collision,,,,,,,,,,,1,1,1,3.0,6
201400019133,0014-02-12 19:00:00,14,2,12,19,0,790,179,,,,Nuit sans éclairage public,En agglomération,Hors intersection,Pluie forte,Autre collision,,,,,,,,,,,3,2,1,3.0,6
201400019134,0014-04-20 22:45:00,14,4,20,22,45,790,188,,,,Nuit sans éclairage public,Hors agglomération,Hors intersection,Normale,Autre collision,,,,,,,,,,,3,1,1,1.0,6
201400019135,0014-05-08 20:00:00,14,5,8,20,0,790,311,6 ROUTE DE LA FORET,,,Crépuscule ou aube,En agglomération,Hors intersection,Normale,Autre collision,,,,,,,,,,,2,2,1,1.0,6
201400019136,0014-07-19 03:30:00,14,7,19,3,30,790,7,"LD ""L'AUBERTIERE""",,,Nuit sans éclairage public,Hors agglomération,Hors intersection,Pluie légère,Autre collision,,,,,,,,,,,3,1,1,2.0,6
201400019137,0014-08-08 17:45:00,14,8,8,17,45,790,311,,,,Plein jour,Hors agglomération,Hors intersection,Pluie forte,Autre collision,,,,,,,,,,,1,1,1,3.0,6
201400019138,0014-10-19 15:15:00,14,10,19,15,15,790,94,,,,Plein jour,Hors agglomération,Hors intersection,Normale,Deux véhicules - côté,,,,,,,,,,,1,1,1,1.0,3
201400019139,0014-02-06 10:45:00,14,2,6,10,45,760,179,,49.61408,1.10962,Plein jour,Hors agglomération,Hors intersection,Pluie légère,Deux véhicules - côté,,,,,,,,,,,1,1,1,2.0,3
201400019140,0014-07-14 13:45:00,14,7,14,13,45,760,197,,49.77928,1.07817,Plein jour,Hors agglomération,Intersection en T,Normale,Deux véhicules - côté,,,,,,,,,,,1,1,3,1.0,3
201400019141,0014-10-23 14:00:00,14,10,23,14,0,760,360,,49.73346,1.06577,Plein jour,Hors agglomération,Hors intersection,Temps couvert,Autre collision,,,,,,,,,,,1,1,1,8.0,6
201400019142,0014-03-28 12:00:00,14,3,28,12,0,760,556,D81,49.53031,0.47577,Plein jour,Hors agglomération,Intersection en T,Normale,Deux véhicules - côté,,,,,,,,,,,1,1,3,1.0,3
201400019143,0014-10-19 15:30:00,14,10,19,15,30,760,279,,49.61613,0.59304,Plein jour,En agglomération,Hors intersection,Normale,Deux véhicules - frontale,,,,,,,,,,,1,2,1,1.0,1
201400019144,0014-12-16 16:15:00,14,12,16,16,15,760,281,,49.52195,0.58435,Plein jour,Hors agglomération,Intersection en X,Normale,Deux véhicules - côté,,,,,,,,,,,1,1,2,1.0,3
201400019145,0014-06-23 08:45:00,14,6,23,8,45,760,744,,49.83866,1.56869,Plein jour,En agglomération,Intersection en T,Normale,Deux véhicules - frontale,,,,,,,,,,,1,2,3,1.0,1
201400019146,0014-01-14 09:30:00,14,1,14,9,30,760,495,"22, R JEAN MAILLARD",49.56841,0.95388,Plein jour,En agglomération,Hors intersection,Temps éblouissant,Autre collision,,,,,,,,,,,1,2,1,7.0,6
201400019147,0014-02-13 06:45:00,14,2,13,6,45,760,433,,49.58409,0.88624,Nuit sans éclairage public,Hors agglomération,Intersection en X,Pluie forte,Deux véhicules - côté,,,,,,,,,,,3,1,2,3.0,3
201400019148,0014-06-22 16:30:00,14,6,22,16,30,760,436,,49.41926,0.86421,Plein jour,Hors agglomération,Hors intersection,Normale,Deux véhicules - frontale,,,,,,,,,,,1,1,1,1.0,1
201400019149,0014-07-31 20:00:00,14,7,31,20,0,760,608,"91, RTE DE SAINT PAER",49.51074,0.85124,Plein jour,En agglomération,Hors intersection,Normale,Autre collision,,,,,,,,,,,1,2,1,1.0,6
201400019150,0014-11-11 17:00:00,14,11,11,17,0,760,636,,49.51515,0.9196,Plein jour,Hors agglomération,Giratoire,Normale,Deux véhicules - côté,,,,,,,,,,,1,1,6,1.0,3
201400019151,0014-04-17 12:30:00,14,4,17,12,30,670,165,,,,Plein jour,Hors agglomération,Hors intersection,Normale,Autre collision,,,,,,,,,,,1,1,1,1.0,6
201400019152,0014-05-21 11:45:00,14,5,21,11,45,670,59,,,,Plein jour,Hors agglomération,Hors intersection,Normale,Deux véhicules - côté,,,,,,,,,,,1,1,1,1.0,3
201400019153,0014-06-25 22:30:00,14,6,25,22,30,670,436,,,,Crépuscule ou aube,Hors agglomération,Hors intersection,Normale,Autre collision,,,,,,,,,,,2,1,1,1.0,6
201400019154,0014-07-24 23:15:00,14,7,24,23,15,670,325,,,,Nuit sans éclairage public,Hors agglomération,Hors intersection,Normale,Autre collision,,,,,,,,,,,3,1,1,1.0,6
201400019155,0014-10-20 16:45:00,14,10,20,16,45,670,276,"142, rue principale",,,Plein jour,En agglomération,Hors intersection,Normale,Deux véhicules - frontale,,,,,,,,,,,1,2,1,1.0,1