accident_id,datetime,annee,mois,jour,heure,minute,departement,commune_insee,adresse,latitude,longitude,luminosite,agglomeration,intersection,meteo,collision,nb_vehicules,nb_usagers,nb_indemnes,nb_tues,nb_blesses_hosp,nb_blesses_legers,age_cond_1,age_cond_2,veh_type_cond_1,veh_type_cond_2,lum_code,agg_code,int_code,atm_code,col_code
201400019156,0014-11-15 12:00:00,14,11,15,12,0,670,543,,,,Plein jour,Hors agglomération,Hors intersection,Normale,Deux véhicules - frontale,,,,,,,,,,,1,1,1,1.0,1
201400019157,0014-12-07 00:01:00,14,12,7,0,1,670,342,PV,,,Nuit sans éclairage public,Hors agglomération,Hors intersection,Normale,Autre collision,,,,,,,,,,,3,1,1,1.0,6
201400019158,0014-12-15 17:00:00,14,12,15,17,0,670,420,,,,Nuit sans éclairage public,Hors agglomération,Hors intersection,Normale,Deux véhicules - frontale,,,,,,,,,,,3,1,1,1.0,1
201400019159,0014-08-21 18:30:00,14,8,21,18,30,670,105,12 rue du printemps,,,Plein jour,En agglomération,Hors intersection,Normale,Autre collision,,,,,,,,,,,1,2,1,1.0,6
201400019160,0014-11-15 16:45:00,14,11,15,16,45,670,2,,,,Crépuscule ou aube,Hors agglomération,Hors intersection,Normale,Deux véhicules - arrière,,,,,,,,,,,2,1,1,1.0,2
201400019161,0014-11-28 07:15:00,14,11,28,7,15,670,234,,,,Nuit sans éclairage public,Hors agglomération,Hors intersection,Normale,Sans collision,,,,,,,,,,,3,1,1,1.0,7
201400019162,0014-11-30 02:00:00,14,11,30,2,0,670,514,,,,Nuit avec éclairage allumé,Hors agglomération,Hors intersection,Brouillard / fumée,Autre collision,,,,,,,,,,,5,1,1,5.0,6
201400019163,0014-09-25 15:15:00,14,9,25,15,15,670,330,,48.89,8.04299,Plein jour,Hors agglomération,Intersection en X,Temps couvert,Deux véhicules - côté,,,,,,,,,,,1,1,2,8.0,3
201400019164,0014-03-09 15:30:00,14,3,9,15,30,670,160,,,,Plein jour,Hors agglomération,Hors intersection,Normale,Deux véhicules - côté,,,,,,,,,,,1,1,1,1.0,3
201400019165,0014-04-07 07:30:00,14,4,7,7,30,670,379,CD28 / CD77,,,Plein jour,En agglomération,Hors intersection,Normale,Deux véhicules - côté,,,,,,,,,,,1,2,1,1.0,3
201400019166,0014-05-15 17:15:00,14,5,15,17,15,670,257,3 rue du g?n?ral LECLERC,,,Plein jour,En agglomération,Hors intersection,Normale,Autre collision,,,,,,,,,,,1,2,1,1.0,6
201400019167,0014-09-01 12:15:00,14,9,1,12,15,670,537,,,,Plein jour,Hors agglomération,Hors intersection,Normale,Deux véhicules - frontale,,,,,,,,,,,1,1,1,1.0,1
201400019168,0014-09-12 20:30:00,14,9,12,20,30,670,110,71 rue principale,,,Nuit avec éclairage allumé,En agglomération,Hors intersection,Pluie légère,Deux véhicules - côté,,,,,,,,,,,5,2,1,2.0,3
201400019169,0014-10-05 07:15:00,14,10,5,7,15,670,160,,,,Crépuscule ou aube,Hors agglomération,Hors intersection,Temps couvert,Autre collision,,,,,,,,,,,2,1,1,8.0,6
201400019170,0014-07-22 15:30:00,14,7,22,15,30,780,597,,,,Plein jour,Hors agglomération,Hors intersection,Normale,Deux véhicules - frontale,,,,,,,,,,,1,1,1,1.0,1
201400019171,0014-07-28 00:15:00,14,7,28,0,15,780,474,,48.872,1.651,Nuit sans éclairage public,Hors agglomération,Hors intersection,Pluie forte,Deux véhicules - frontale,,,,,,,,,,,3,1,1,3.0,1
201400019172,0014-04-09 08:15:00,14,4,9,8,15,770,446,,,,Plein jour,Hors agglomération,Hors intersection,Normale,Deux véhicules - frontale,,,,,,,,,,,1,1,1,1.0,1
201400019173,0014-07-12 04:15:00,14,7,12,4,15,770,467,,48.391,3.086,Nuit avec éclairage allumé,Hors agglomération,Hors intersection,Temps couvert,Deux véhicules - frontale,,,,,,,,,,,5,1,1,8.0,1
201400019174,0014-12-08 17:30:00,14,12,8,17,30,770,507,,,,Nuit sans éclairage public,Hors agglomération,Hors intersection,Pluie légère,Deux véhicules - arrière,,,,,,,,,,,3,1,1,2.0,2
201400019175,0014-12-18 06:45:00,14,12,18,6,45,770,212,,48.403,3.122,Nuit sans éclairage public,Hors agglomération,Hors intersection,Pluie légère,Autre collision,,,,,,,,,,,3,1,1,2.0,6
201400019176,0014-01-06 07:30:00,14,1,6,7,30,740,11,RUE DES CYGNES/MOUETTES,,,Crépuscule ou aube,En agglomération,Intersection en T,Normale,Autre collision,,,,,,,,,,,2,2,3,1.0,6
201400019177,0014-04-29 14:15:00,14,4,29,14,15,740,282,LIEU DIT CHENE,,,Plein jour,Hors agglomération,Hors intersection,Normale,Autre collision,,,,,,,,,,,1,1,1,1.0,6
201400019178,0014-07-01 19:15:00,14,7,1,19,15,740,11,,,,Plein jour,Hors agglomération,Hors intersection,Normale,Deux véhicules - frontale,,,,,,,,,,,1,1,1,1.0,1
201400019179,0014-07-07 18:15:00,14,7,7,18,15,740,120,,,,Plein jour,Hors agglomération,Hors intersection,Pluie légère,Trois véhicules et plus - collisions multiples,,,,,,,,,,,1,1,1,2.0,5
201400019180,0014-08-17 19:00:00,14,8,17,19,0,740,299,ROUTE d'ANNECY,,,Plein jour,Hors agglomération,Hors intersection,Normale,Trois véhicules et plus - collisions multiples,,,,,,,,,,,1,1,1,1.0,5
201400019181,0014-09-01 11:15:00,14,9,1,11,15,740,307,,,,Plein jour,Hors agglomération,Hors intersection,Normale,Deux véhicules - frontale,,,,,,,,,,,1,1,1,1.0,1
201400019182,0014-10-21 07:45:00,14,10,21,7,45,740,11,"17,avenue de Chavoires",,,Crépuscule ou aube,En agglomération,Hors intersection,Pluie légère,Autre collision,,,,,,,,,,,2,2,1,2.0,6
201400019183,0014-06-16 18:45:00,14,6,16,18,45,740,289,,,,Plein jour,Hors agglomération,Hors intersection,Normale,Sans collision,,,,,,,,,,,1,1,1,1.0,7
201400019184,0014-10-07 04:00:00,14,10,7,4,0,740,225,,,,Nuit sans éclairage public,Hors agglomération,Hors intersection,Pluie légère,Deux véhicules - frontale,,,,,,,,,,,3,1,1,2.0,1
201400019185,0014-10-19 04:00:00,14,10,19,4,0,740,170,CHEMIN DE LIGNY A PERRET,,,Nuit sans éclairage public,Hors agglomération,Hors intersection,Brouillard / fumée,Sans collision,,,,,,,,,,,3,1,1,5.0,7
201400019186,0014-10-19 19:45:00,14,10,19,19,45,740,2,,,,Nuit sans éclairage public,Hors agglomération,Hors intersection,Normale,Sans collision,,,,,,,,,,,3,1,1,1.0,7
201400019187,0014-11-02 17:45:00,14,11,2,17,45,740,165,,,,Nuit sans éclairage public,Hors agglomération,Hors intersection,Normale,Deux véhicules - arrière,,,,,,,,,,,3,1,1,1.0,2
201400019188,0014-03-30 03:55:00,14,3,30,3,55,20,288,rue de Saint Quentin,,,Nuit sans éclairage public,En agglomération,Hors intersection,Normale,Autre collision,,,,,,,,,,,3,2,1,1.0,6
201400019189,0014-01-24 10:30:00,14,1,24,10,30,740,240,,,,Plein jour,Hors agglomération,Hors intersection,Normale,Sans collision,,,,,,,,,,,1,1,1,1.0,7
201400019190,0014-02-14 18:30:00,14,2,14,18,30,740,312,AVENUE DE GENEVE,,,Nuit avec éclairage allumé,En agglomération,Hors intersection,Normale,Deux véhicules - frontale,,,,,,,,,,,5,2,1,1.0,1
201400019191,0014-03-28 20:00:00,14,3,28,20,0,740,164,121 AVENUE D'ANTERNE,,,Nuit avec éclairage allumé,En agglomération,Hors intersection,Normale,Deux véhicules - frontale,,,,,,,,,,,5,2,1,1.0,1
201400019192,0014-05-22 14:15:00,14,5,22,14,15,740,311,ROUTE DE THY,,,Plein jour,Hors agglomération,Hors intersection,Normale,Deux véhicules - frontale,,,,,,,,,,,1,1,1,1.0,1
201400019193,0014-07-01 14:30:00,14,7,1,14,30,740,304,,,,Plein jour,Hors agglomération,Hors intersection,Normale,Deux véhicules - frontale,,,,,,,,,,,1,1,1,1.0,1
201400019194,0014-08-09 23:15:00,14,8,9,23,15,740,294,Route de taninges,,,Nuit sans éclairage public,Hors agglomération,Hors intersection,Normale,Autre collision,,,,,,,,,,,3,1,1,1.0,6
201400019195,0014-09-07 15:00:00,14,9,7,15,0,740,183,,,,Plein jour,Hors agglomération,Hors intersection,Normale,Autre collision,,,,,,,,,,,1,1,1,1.0,6
201400019196,0014-02-03 16:45:00,14,2,3,16,45,740,229,,,,Plein jour,Hors agglomération,Hors intersection,Normale,Deux véhicules - frontale,,,,,,,,,,,1,1,1,1.0,1
201400019197,0014-05-06 22:30:00,14,5,6,22,30,740,40,,,,Nuit sans éclairage public,Hors agglomération,Hors intersection,Pluie légère,Deux véhicules - frontale,,,,,,,,,,,3,1,1,2.0,1
201400019198,0014-05-30 10:00:00,14,5,30,10,0,740,21,LIEU DI LA CHAPELLE,,,Plein jour,Hors agglomération,Intersection en X,Normale,Trois véhicules et plus - collisions multiples,,,,,,,,,,,1,1,2,1.0,5
201400019199,0014-07-02 07:45:00,14,7,2,7,45,740,128,,,,Plein jour,Hors agglomération,Hors intersection,Pluie légère,Deux véhicules - côté,,,,,,,,,,,1,1,1,2.0,3
201400019200,0014-10-05 10:15:00,14,10,5,10,15,740,220,,,,Plein jour,En agglomération,Intersection en T,Normale,Autre collision,,,,,,,,,,,1,2,3,1.0,6
201400019201,0014-10-13 08:45:00,14,10,13,8,45,740,197,,,,Plein jour,Hors agglomération,Hors intersection,Autre,Trois véhicules et plus - en chaîne,,,,,,,,,,,1,1,1,9.0,4
201400019202,0014-11-01 09:45:00,14,11,1,9,45,740,220,intersection CD 2 et 19,,,Nuit avec éclairage allumé,En agglomération,Intersection en X,Normale,Deux véhicules - frontale,,,,,,,,,,,5,2,2,1.0,1
201400019203,0014-11-05 06:45:00,14,11,5,6,45,740,193,34 centre ville,,,Nuit avec éclairage allumé,En agglomération,Hors intersection,Pluie légère,Autre collision,,,,,,,,,,,5,2,1,2.0,6
201400019204,0014-12-15 12:45:00,14,12,15,12,45,740,197,,,,Plein jour,Hors agglomération,Hors intersection,Normale,Autre collision,,,,,,,,,,,1,1,1,1.0,6
201400019205,0014-12-29 18:00:00,14,12,29,18,0,740,128,,,,Nuit sans éclairage public,Hors agglomération,Hors intersection,Neige / grêle,Deux véhicules - frontale,,,,,,,,,,,3,1,1,4.0,1
201400019206,0014-03-08 07:45:00,14,3,8,7,45,740,314,,,,Plein jour,Hors agglomération,Hors intersection,Normale,Autre collision,,,,,,,,,,,1,1,1,1.0,6
201400019207,0014-06-12 22:45:00,14,6,12,22,45,740,296,,,,Nuit sans éclairage public,Hors agglomération,Hors intersection,Normale,Deux véhicules - frontale,,,,,,,,,,,3,1,1,1.0,1
201400019208,0014-06-21 23:30:00,14,6,21,23,30,740,88,,,,Nuit avec éclairage allumé,Hors agglomération,Intersection en T,Normale,Deux véhicules - côté,,,,,,,,,,,5,1,3,1.0,3
201400019209,0014-05-28 06:45:00,14,5,28,6,45,740,168,,,,Crépuscule ou aube,Hors agglomération,Hors intersection,Normale,Sans collision,,,,,,,,,,,2,1,1,1.0,7
201400019210,0014-07-18 17:15:00,14,7,18,17,15,740,269,,,,Plein jour,Hors agglomération,Hors intersection,Normale,Autre collision,,,,,,,,,,,1,1,1,1.0,6
201400019211,0014-07-18 18:45:00,14,7,18,18,45,740,311,,,,Plein jour,Hors agglomération,Hors intersection,Normale,Autre collision,,,,,,,,,,,1,1,1,1.0,6
201400019212,0014-09-24 08:15:00,14,9,24,8,15,740,140,,,,Plein jour,Hors agglomération,Hors intersection,Normale,Deux véhicules - frontale,,,,,,,,,,,1,1,1,1.0,1
201400019213,0014-10-05 15:15:00,14,10,5,15,15,740,236,,,,Plein jour,Hors agglomération,Intersection en Y,Normale,Deux véhicules - frontale,,,,,,,,,,,1,1,4,1.0,1
201400019214,0014-04-18 17:00:00,14,4,18,17,0,740,208,,,,Plein jour,Hors agglomération,Intersection en T,Normale,Autre collision,,,,,,,,,,,1,1,3,1.0,6
201400019215,0014-06-24 14:15:00,14,6,24,14,15,740,208,,,,Plein jour,En agglomération,Intersection en Y,Normale,Deux véhicules - côté,,,,,,,,,,,1,2,4,1.0,3
201400019216,0014-02-20 19:00:00,14,2,20,19,0,590,94,rue decoussemaecker,,,Nuit avec éclairage allumé,En agglomération,Hors intersection,Temps couvert,Autre collision,,,,,,,,,,,5,2,1,8.0,6
201400019217,0014-04-20 18:15:00,14,4,20,18,15,590,358,,50.9,2.262,Plein jour,Hors agglomération,Hors intersection,Normale,Sans collision,,,,,,,,,,,1,1,1,1.0,7
201400019218,0014-08-18 11:00:00,14,8,18,11,0,590,94,rue de bergues,,,Plein jour,En agglomération,Hors intersection,Normale,Deux véhicules - frontale,,,,,,,,,,,1,2,1,1.0,1
201400019219,0014-10-11 11:15:00,14,10,11,11,15,590,94,,,,Plein jour,En agglomération,Hors intersection,Normale,Deux véhicules - frontale,,,,,,,,,,,1,2,1,1.0,1
201400019220,0014-10-04 18:30:00,14,10,4,18,30,590,18,,,,Plein jour,Hors agglomération,Hors intersection,Normale,Autre collision,,,,,,,,,,,1,1,1,1.0,6
201400019221,0014-02-15 17:30:00,14,2,15,17,30,250,186,,,,Plein jour,Hors agglomération,Hors intersection,Pluie forte,Deux véhicules - frontale,,,,,,,,,,,1,1,1,3.0,1
201400019222,0014-06-18 14:45:00,14,6,18,14,45,250,258,4 Grande Rue,47.24,5.926,Plein jour,En agglomération,Hors intersection,Normale,Autre collision,,,,,,,,,,,1,2,1,1.0,6
201400019223,0014-07-19 20:00:00,14,7,19,20,0,250,258,,47.217,5.936,Plein jour,Hors agglomération,Hors intersection,Normale,Autre collision,,,,,,,,,,,1,1,1,1.0,6
201400019224,0014-08-01 15:30:00,14,8,1,15,30,250,381,RUE DU NEUF SEPTEMBRE,47.292,5.973,Plein jour,En agglomération,Hors intersection,Normale,Sans collision,,,,,,,,,,,1,2,1,1.0,7
201400019225,0014-08-27 06:00:00,14,8,27,6,0,250,133,,47.319,5.998,Crépuscule ou aube,Hors agglomération,Hors intersection,Normale,Deux véhicules - frontale,,,,,,,,,,,2,1,1,1.0,1
201400019226,0014-09-13 19:45:00,14,9,13,19,45,250,30,,,,Plein jour,Hors agglomération,Hors intersection,Normale,Trois véhicules et plus - collisions multiples,,,,,,,,,,,1,1,1,1.0,5
201400019227,0014-12-16 07:45:00,14,12,16,7,45,560,67,,,,Nuit sans éclairage public,Hors agglomération,Hors intersection,Temps couvert,Deux véhicules - frontale,,,,,,,,,,,3,1,1,8.0,1
201400019228,0014-04-11 17:45:00,14,4,11,17,45,560,2,,,,Plein jour,Hors agglomération,Hors intersection,Normale,Deux véhicules - frontale,,,,,,,,,,,1,1,1,1.0,1
201400019229,0014-06-12 20:15:00,14,6,12,20,15,560,126,,,,Plein jour,Hors agglomération,Hors intersection,Normale,Autre collision,,,,,,,,,,,1,1,1,1.0,6
201400019230,0014-09-26 11:30:00,14,9,26,11,30,560,212,,,,Plein jour,Hors agglomération,Hors intersection,Normale,Deux véhicules - côté,,,,,,,,,,,1,1,1,1.0,3
201400019231,0014-10-03 11:15:00,14,10,3,11,15,560,52,rue de kervoyal,47.52097,-2.56972,Plein jour,En agglomération,Hors intersection,Normale,Deux véhicules - côté,,,,,,,,,,,1,2,1,1.0,3
201400019232,0014-10-07 13:15:00,14,10,7,13,15,560,58,,,,Plein jour,Hors agglomération,Hors intersection,Normale,Trois véhicules et plus - collisions multiples,,,,,,,,,,,1,1,1,1.0,5
201400019233,0014-05-21 20:15:00,14,5,21,20,15,560,150,,,,Plein jour,Hors agglomération,Hors intersection,Pluie forte,Deux véhicules - frontale,,,,,,,,,,,1,1,1,3.0,1
201400019234,0014-05-25 14:15:00,14,5,25,14,15,560,251,,,,Plein jour,Hors agglomération,Hors intersection,Normale,Deux véhicules - côté,,,,,,,,,,,1,1,1,1.0,3
201400019235,0014-07-14 11:00:00,14,7,14,11,0,560,240,,47.53923,-2.73752,Plein jour,Hors agglomération,Hors intersection,Normale,Deux véhicules - côté,,,,,,,,,,,1,1,1,1.0,3
201400019236,0014-08-24 11:00:00,14,8,24,11,0,560,5,Rue de la Gendarmerie,47.55007,-2.89252,Plein jour,En agglomération,Hors intersection,Normale,Autre collision,,,,,,,,,,,1,2,1,1.0,6
201400019237,0014-10-23 07:00:00,14,10,23,7,0,560,252,,,,Nuit sans éclairage public,Hors agglomération,Hors intersection,Pluie légère,Autre collision,,,,,,,,,,,3,1,1,2.0,6
201400019238,0014-01-11 02:15:00,14,1,11,2,15,560,168,,,,Nuit sans éclairage public,Hors agglomération,Hors intersection,Temps couvert,Autre collision,,,,,,,,,,,3,1,1,8.0,6
201400019239,0014-04-19 12:15:00,14,4,19,12,15,560,34,,47.61232,-3.0507,Plein jour,Hors agglomération,Hors intersection,Normale,Autre collision,,,,,,,,,,,1,1,1,1.0,6
201400019240,0014-05-28 13:45:00,14,5,28,13,45,560,34,,47.57358,-3.0722,Plein jour,Hors agglomération,Hors intersection,Normale,Deux véhicules - côté,,,,,,,,,,,1,1,1,1.0,3
201400019241,0014-07-21 17:00:00,14,7,21,17,0,560,186,Bd Rene Cassin,47.47607,-3.11237,Plein jour,En agglomération,Hors intersection,Normale,Autre collision,,,,,,,,,,,1,2,1,1.0,6
201400019242,0014-08-15 19:00:00,14,8,15,19,0,560,186,3 RUE DE LA VIERGE,47.49929,-3.12162,Plein jour,En agglomération,Hors intersection,Normale,Sans collision,,,,,,,,,,,1,2,1,1.0,7
201400019243,0014-08-23 05:15:00,14,8,23,5,15,560,34,,,,Nuit sans éclairage public,Hors agglomération,Hors intersection,Normale,Autre collision,,,,,,,,,,,3,1,1,1.0,6
201400019244,0014-08-28 06:00:00,14,8,28,6,0,560,34,Avenue de l'Atlantique,,,Nuit avec éclairage allumé,En agglomération,Hors intersection,Normale,Deux véhicules - frontale,,,,,,,,,,,5,2,1,1.0,1
201400019245,0014-09-17 10:45:00,14,9,17,10,45,560,233,rue des Ormes,47.58683,-3.00159,Plein jour,En agglomération,Intersection en X,Normale,Deux véhicules - côté,,,,,,,,,,,1,2,2,1.0,3
201400019246,0014-09-28 09:45:00,14,9,28,9,45,560,234,,,,Plein jour,Hors agglomération,Hors intersection,Normale,Deux véhicules - côté,,,,,,,,,,,1,1,1,1.0,3
201400019247,0014-10-12 14:00:00,14,10,12,14,0,560,234,,,,Plein jour,Hors agglomération,Hors intersection,Pluie forte,Autre collision,,,,,,,,,,,1,1,1,3.0,6
201400019248,0014-10-24 19:45:00,14,10,24,19,45,560,258,RUE DE CARNAC,47.58965,-3.02948,Nuit avec éclairage allumé,En agglomération,Hors intersection,Normale,Autre collision,,,,,,,,,,,5,2,1,1.0,6
201400019249,0014-11-01 11:30:00,14,11,1,11,30,560,34,10 avenue des salines,47.58292,-3.08155,Plein jour,En agglomération,Hors intersection,Normale,Sans collision,,,,,,,,,,,1,2,1,1.0,7
201400019250,0014-11-09 12:30:00,14,11,9,12,30,560,186,rue de kermorvan,47.48492,-3.11724,Plein jour,En agglomération,Hors intersection,Normale,Autre collision,,,,,,,,,,,1,2,1,1.0,6
201400019251,0014-12-28 06:30:00,14,12,28,6,30,560,258,,,,Nuit avec éclairage allumé,Hors agglomération,Hors intersection,Pluie légère,Sans collision,,,,,,,,,,,5,1,1,2.0,7
201400019252,0014-07-25 03:30:00,14,7,25,3,30,560,101,,,,Nuit sans éclairage public,Hors agglomération,Hors intersection,Normale,Autre collision,,,,,,,,,,,3,1,1,1.0,6
201400019253,0014-01-20 07:45:00,14,1,20,7,45,560,185,,,,Nuit sans éclairage public,Hors agglomération,Hors intersection,Temps couvert,Deux véhicules - frontale,,,,,,,,,,,3,1,1,8.0,1
201400019254,0014-02-25 18:15:00,14,2,25,18,15,560,36,,47.79131,-3.34063,Plein jour,Hors agglomération,Hors intersection,Normale,Deux véhicules - frontale,,,,,,,,,,,1,1,1,1.0,1
201400019255,0014-03-08 03:00:00,14,3,8,3,0,560,26,,,,Nuit sans éclairage public,Hors agglomération,Hors intersection,Brouillard / fumée,Autre collision,,,,,,,,,,,3,1,1,5.0,6
201400019256,0014-03-27 21:30:00,14,3,27,21,30,560,78,,,,Crépuscule ou aube,Hors agglomération,Hors intersection,Temps couvert,Autre collision,,,,,,,,,,,2,1,1,8.0,6
201400019257,0014-05-31 11:30:00,14,5,31,11,30,560,78,,,,Plein jour,Hors agglomération,Hors intersection,Normale,Deux véhicules - arrière,,,,,,,,,,,1,1,1,1.0,2
201400019258,0014-06-18 10:45:00,14,6,18,10,45,560,26,,,,Plein jour,Hors agglomération,Hors intersection,Normale,Deux véhicules - frontale,,,,,,,,,,,1,1,1,1.0,1
201400019259,0014-06-27 10:30:00,14,6,27,10,30,560,185,,,,Plein jour,Hors agglomération,Hors intersection,Pluie légère,Sans collision,,,,,,,,,,,1,1,1,2.0,7
201400019260,0014-07-15 16:00:00,14,7,15,16,0,560,40,,47.87888,-3.37265,Plein jour,Hors agglomération,Hors intersection,Normale,Deux véhicules - côté,,,,,,,,,,,1,1,1,1.0,3
201400019261,0014-07-24 18:15:00,14,7,24,18,15,560,78,,,,Plein jour,Hors agglomération,Hors intersection,Normale,Deux véhicules - arrière,,,,,,,,,,,1,1,1,1.0,2
201400019262,0014-07-31 18:45:00,14,7,31,18,45,560,179,,,,Plein jour,Hors agglomération,Hors intersection,Normale,Deux véhicules - côté,,,,,,,,,,,1,1,1,1.0,3
201400019263,0014-08-25 16:15:00,14,8,25,16,15,560,78,RUE ANNE DE BRETAGNE,47.81469,-3.47686,Crépuscule ou aube,En agglomération,Hors intersection,Pluie forte,Autre collision,,,,,,,,,,,2,2,1,3.0,6
201400019264,0014-08-29 00:15:00,14,8,29,0,15,560,166,BD CHAMPIONNATS DU MONDE,,,Nuit sans éclairage public,En agglomération,Hors intersection,Normale,Autre collision,,,,,,,,,,,3,2,1,1.0,6
201400019265,0014-09-07 21:30:00,14,9,7,21,30,560,40,,,,Crépuscule ou aube,Hors agglomération,Intersection en T,Normale,Deux véhicules - côté,,,,,,,,,,,2,1,3,1.0,3
201400019266,0014-09-20 10:15:00,14,9,20,10,15,560,185,,,,Plein jour,Hors agglomération,Hors intersection,Normale,Trois véhicules et plus - collisions multiples,,,,,,,,,,,1,1,1,1.0,5
201400019267,0014-09-23 12:00:00,14,9,23,12,0,560,36,,47.79014,-3.32031,Plein jour,Hors agglomération,Hors intersection,Normale,Autre collision,,,,,,,,,,,1,1,1,1.0,6
201400019268,0014-09-25 11:00:00,14,9,25,11,0,560,36,,,,Plein jour,Hors agglomération,Hors intersection,Normale,Trois véhicules et plus - en chaîne,,,,,,,,,,,1,1,1,1.0,4
201400019269,0014-09-25 18:00:00,14,9,25,18,0,560,185,RUE JULES VERNE,47.78041,-3.4121,Plein jour,En agglomération,Giratoire,Normale,Sans collision,,,,,,,,,,,1,2,6,1.0,7
201400019270,0014-09-29 13:15:00,14,9,29,13,15,560,36,,,,Plein jour,Hors agglomération,Hors intersection,Normale,Deux véhicules - arrière,,,,,,,,,,,1,1,1,1.0,2
201400019271,0014-12-10 07:45:00,14,12,10,7,45,560,36,,47.7931,-3.35315,Nuit avec éclairage allumé,En agglomération,Hors intersection,Pluie légère,Deux véhicules - frontale,,,,,,,,,,,5,2,1,2.0,1
201400019272,0014-01-11 11:00:00,14,1,11,11,0,560,119,,,,Plein jour,Hors agglomération,Hors intersection,Normale,Deux véhicules - côté,,,,,,,,,,,1,1,1,1.0,3
201400019273,0014-07-03 23:15:00,14,7,3,23,15,560,54,,,,Nuit sans éclairage public,Hors agglomération,Hors intersection,Normale,Deux véhicules - côté,,,,,,,,,,,3,1,1,1.0,3
201400019274,0014-09-02 18:45:00,14,9,2,18,45,560,13,,,,Plein jour,Hors agglomération,Intersection en Y,Temps éblouissant,Deux véhicules - frontale,,,,,,,,,,,1,1,4,7.0,1
201400019275,0014-09-03 09:15:00,14,9,3,9,15,560,55,RUE CROIX IZAN,,,Plein jour,En agglomération,Hors intersection,Temps éblouissant,Deux véhicules - frontale,,,,,,,,,,,1,2,1,7.0,1
201400019276,0014-04-21 16:00:00,14,4,21,16,0,560,165,,,,Plein jour,Hors agglomération,Hors intersection,Normale,Autre collision,,,,,,,,,,,1,1,1,1.0,6
201400019277,0014-02-23 10:30:00,14,2,23,10,30,560,124,"4, rue Edouard Entremont",47.80992,-2.3773,Plein jour,En agglomération,Hors intersection,Normale,Autre collision,,,,,,,,,,,1,2,1,1.0,6
201400019278,0014-06-22 12:00:00,14,6,22,12,0,560,12,place de l'eglise,47.97014,-2.17204,Plein jour,En agglomération,Place,Normale,Autre collision,,,,,,,,,,,1,2,7,1.0,6
201400019279,0014-06-21 15:30:00,14,6,21,15,30,560,133,,,,Plein jour,Hors agglomération,Hors intersection,Normale,Deux véhicules - frontale,,,,,,,,,,,1,1,1,1.0,1
201400019280,0014-07-04 22:15:00,14,7,4,22,15,560,191,rue de l'eglise,47.85932,-2.2322,Nuit sans éclairage public,En agglomération,Hors intersection,Pluie forte,Sans collision,,,,,,,,,,,3,2,1,3.0,7
201400019281,0014-07-12 02:45:00,14,7,12,2,45,560,75,,,,Nuit sans éclairage public,Hors agglomération,Hors intersection,Normale,Deux véhicules - frontale,,,,,,,,,,,3,1,1,1.0,1
201400019282,0014-07-03 16:30:00,14,7,3,16,30,560,124,CHEMIN DE L'ECLUSE,47.81103,-2.38369,Plein jour,En agglomération,Hors intersection,Normale,Autre collision,,,,,,,,,,,1,2,1,1.0,6
201400019283,0014-10-01 17:00:00,14,10,1,17,0,560,219,,,,Plein jour,Hors agglomération,Hors intersection,Normale,Deux véhicules - arrière,,,,,,,,,,,1,1,1,1.0,2
201400019284,0014-09-30 08:45:00,14,9,30,8,45,560,75,1 rue aux roux,47.90411,-2.11966,Plein jour,En agglomération,Hors intersection,Brouillard / fumée,Autre collision,,,,,,,,,,,1,2,1,5.0,6
201400019285,0014-11-27 13:00:00,14,11,27,13,0,560,75,rue du cahello,47.94461,-2.1259,Plein jour,En agglomération,Hors intersection,Normale,Deux véhicules - côté,,,,,,,,,,,1,2,1,1.0,3
201400019286,0014-12-15 19:45:00,14,12,15,19,45,560,124,place queinnec,47.81057,-2.38413,Nuit avec éclairage allumé,En agglomération,Place,Pluie légère,Deux véhicules - côté,,,,,,,,,,,5,2,7,2.0,3
201400019287,0014-01-11 08:15:00,14,1,11,8,15,560,102,,47.98063,-2.60175,Nuit sans éclairage public,Hors agglomération,Hors intersection,Normale,Autre collision,,,,,,,,,,,3,1,1,1.0,6
201400019288,0014-03-08 16:15:00,14,3,8,16,15,560,204,,,,Plein jour,Hors agglomération,Hors intersection,Normale,Autre collision,,,,,,,,,,,1,1,1,1.0,6
201400019289,0014-04-18 16:00:00,14,4,18,16,0,560,50,,,,Plein jour,Hors agglomération,Hors intersection,Normale,Sans collision,,,,,,,,,,,1,1,1,1.0,7
201400019290,0014-04-24 18:30:00,14,4,24,18,30,560,47,lieu dit kerbris D17,,,Plein jour,En agglomération,Hors intersection,Normale,Deux véhicules - côté,,,,,,,,,,,1,2,1,1.0,3
201400019291,0014-06-19 19:00:00,14,6,19,19,0,560,222,,,,Plein jour,Hors agglomération,Hors intersection,Normale,Deux véhicules - côté,,,,,,,,,,,1,1,1,1.0,3