accident_id,datetime,annee,mois,jour,heure,minute,departement,commune_insee,adresse,latitude,longitude,luminosite,agglomeration,intersection,meteo,collision,nb_vehicules,nb_usagers,nb_indemnes,nb_tues,nb_blesses_hosp,nb_blesses_legers,age_cond_1,age_cond_2,veh_type_cond_1,veh_type_cond_2,lum_code,agg_code,int_code,atm_code,col_code
201400019292,0014-09-18 21:45:00,14,9,18,21,45,560,24,,,,Nuit sans éclairage public,Hors agglomération,Autre intersection,Normale,Autre collision,,,,,,,,,,,3,1,9,1.0,6
201400019293,0014-10-30 12:15:00,14,10,30,12,15,560,70,,,,Plein jour,Hors agglomération,Hors intersection,Normale,Autre collision,,,,,,,,,,,1,1,1,1.0,6
201400019294,0014-12-29 05:00:00,14,12,29,5,0,560,189,,,,Nuit sans éclairage public,Hors agglomération,Hors intersection,Normale,Autre collision,,,,,,,,,,,3,1,1,1.0,6
201400019295,0014-05-28 19:45:00,14,5,28,19,45,560,92,,,,Plein jour,Hors agglomération,Hors intersection,Pluie légère,Deux véhicules - frontale,,,,,,,,,,,1,1,1,2.0,1
201400019296,0014-08-18 14:45:00,14,8,18,14,45,560,151,,,,Plein jour,Hors agglomération,Hors intersection,Normale,Sans collision,,,,,,,,,,,1,1,1,1.0,7
201400019297,0014-11-01 17:15:00,14,11,1,17,15,560,151,,,,Plein jour,Hors agglomération,Hors intersection,Normale,Deux véhicules - arrière,,,,,,,,,,,1,1,1,1.0,2
201400019298,0014-11-14 09:00:00,14,11,14,9,0,560,151,,48.05399,-2.88733,Plein jour,Hors agglomération,Hors intersection,Normale,Autre collision,,,,,,,,,,,1,1,1,1.0,6
201400019299,0014-11-11 09:30:00,14,11,11,9,30,560,178,26 Ave de la liberation,48.06878,-2.95625,Plein jour,En agglomération,Giratoire,Normale,Deux véhicules - côté,,,,,,,,,,,1,2,6,1.0,3
201400019300,0014-12-10 08:30:00,14,12,10,8,30,560,178,3 RUE DES RECOLLETS,48.07029,-2.96579,Crépuscule ou aube,En agglomération,Hors intersection,Autre,Autre collision,,,,,,,,,,,2,2,1,9.0,6
201400019301,0014-07-09 08:45:00,14,7,9,8,45,560,117,BOULEVARD DUGUESCLIN,,,Plein jour,En agglomération,Hors intersection,Normale,Autre collision,,,,,,,,,,,1,2,1,1.0,6
201400019302,0014-09-12 18:00:00,14,9,12,18,0,560,140,,,,Plein jour,Hors agglomération,Hors intersection,Normale,Trois véhicules et plus - collisions multiples,,,,,,,,,,,1,1,1,1.0,5
201400019303,0014-02-02 03:00:00,14,2,2,3,0,560,66,route de spezet,48.14395,-3.61659,Nuit sans éclairage public,En agglomération,Hors intersection,Normale,Sans collision,,,,,,,,,,,3,2,1,1.0,7
201400019304,0014-09-14 16:30:00,14,9,14,16,30,560,66,Rue J Louis KERGARAVAT,48.13652,-3.61075,Plein jour,En agglomération,Hors intersection,Normale,Deux véhicules - frontale,,,,,,,,,,,1,2,1,1.0,1
201400019305,0014-01-08 20:00:00,14,1,8,20,0,950,280,RD 47,49.0129,2.4716,Nuit sans éclairage public,Hors agglomération,Giratoire,Pluie légère,Deux véhicules - côté,,,,,,,,,,,3,1,6,2.0,3
201400019306,0014-03-09 12:30:00,14,3,9,12,30,950,527,RD 317 B2,49.0016,2.4859,Plein jour,Hors agglomération,Hors intersection,Normale,Deux véhicules - arrière,,,,,,,,,,,1,1,1,1.0,2
201400019307,0014-08-04 08:00:00,14,8,4,8,0,950,527,AV CHARLES DE GAULLE,48.9979,2.5075,Plein jour,Hors agglomération,Hors intersection,Normale,Trois véhicules et plus - en chaîne,,,,,,,,,,,1,1,1,1.0,4
201400019308,0014-09-08 16:15:00,14,9,8,16,15,950,633,R DE PARIS,49.0013,2.4876,Plein jour,En agglomération,Hors intersection,Normale,Deux véhicules - arrière,,,,,,,,,,,1,2,1,1.0,2
201400019309,0014-10-31 19:45:00,14,10,31,19,45,950,527,RD 902A,49.0051,2.5057,Nuit sans éclairage public,Hors agglomération,Hors intersection,Normale,Deux véhicules - côté,,,,,,,,,,,3,1,1,1.0,3
201400019310,0014-12-02 08:00:00,14,12,2,8,0,950,612,RTE DE GONESSE,49.0066,2.4639,Crépuscule ou aube,En agglomération,Hors intersection,Temps couvert,Deux véhicules - côté,,,,,,,,,,,2,2,1,8.0,3
201400019311,0014-02-14 16:30:00,14,2,14,16,30,190,176,FONTAINE DU TRAIT,45.3721,2.00278,Plein jour,Hors agglomération,Hors intersection,Normale,Deux véhicules - frontale,,,,,,,,,,,1,1,1,1.0,1
201400019312,0014-11-22 11:00:00,14,11,22,11,0,190,235,LA CROIX DU DON,45.2064,1.89324,Plein jour,Hors agglomération,Hors intersection,Pluie légère,Deux véhicules - frontale,,,,,,,,,,,1,1,1,2.0,1
201400019313,0014-06-23 11:45:00,14,6,23,11,45,190,213,LES FONTBELLES,45.3814,1.67003,Plein jour,Hors agglomération,Hors intersection,Pluie légère,Trois véhicules et plus - collisions multiples,,,,,,,,,,,1,1,1,2.0,5
201400019314,0014-01-17 12:00:00,14,1,17,12,0,190,273,LA VAYSSE,45.0552,1.57354,Plein jour,Hors agglomération,Hors intersection,Temps couvert,Trois véhicules et plus - collisions multiples,,,,,,,,,,,1,1,1,8.0,5
201400019315,0014-03-11 23:45:00,14,3,11,23,45,190,13,LES VAYRES,45.2018,1.66109,Nuit sans éclairage public,Hors agglomération,Hors intersection,Normale,Autre collision,,,,,,,,,,,3,1,1,1.0,6
201400019316,0014-09-03 09:30:00,14,9,3,9,30,190,19,Place du Marche,,,Plein jour,En agglomération,Place,Normale,Autre collision,,,,,,,,,,,1,2,7,1.0,6
201400019317,0014-09-07 19:15:00,14,9,7,19,15,190,257,LA PLANTADE,45.1035,1.73561,Crépuscule ou aube,Hors agglomération,Hors intersection,Temps éblouissant,Autre collision,,,,,,,,,,,2,1,1,7.0,6
201400019318,0014-09-11 14:30:00,14,9,11,14,30,190,19,COURSAC,44.9697,1.82574,Plein jour,Hors agglomération,Hors intersection,Normale,Deux véhicules - frontale,,,,,,,,,,,1,1,1,1.0,1
201400019319,0014-01-14 18:30:00,14,1,14,18,30,560,101,rue de la resistance,,,Nuit avec éclairage allumé,En agglomération,Autre intersection,Temps couvert,Deux véhicules - frontale,,,,,,,,,,,5,2,9,8.0,1
201400019320,0014-01-17 17:00:00,14,1,17,17,0,560,177,,,,Plein jour,Hors agglomération,Hors intersection,Normale,Deux véhicules - frontale,,,,,,,,,,,1,1,1,1.0,1
201400019321,0014-01-19 15:00:00,14,1,19,15,0,560,94,,47.78052,-3.21466,Plein jour,Hors agglomération,Hors intersection,Normale,Sans collision,,,,,,,,,,,1,1,1,1.0,7
201400019322,0014-02-04 13:30:00,14,2,4,13,30,560,175,,,,Plein jour,Hors agglomération,Hors intersection,Normale,Deux véhicules - frontale,,,,,,,,,,,1,1,1,1.0,1
201400019323,0014-05-04 12:15:00,14,5,4,12,15,560,90,,47.86403,-3.21628,Plein jour,Hors agglomération,Hors intersection,Normale,Autre collision,,,,,,,,,,,1,1,1,1.0,6
201400019324,0014-05-25 11:30:00,14,5,25,11,30,560,83,,,,Plein jour,Hors agglomération,Hors intersection,Normale,Deux véhicules - arrière,,,,,,,,,,,1,1,1,1.0,2
201400019325,0014-06-07 13:30:00,14,6,7,13,30,560,101,,,,Plein jour,Hors agglomération,Hors intersection,Normale,Trois véhicules et plus - collisions multiples,,,,,,,,,,,1,1,1,1.0,5
201400019326,0014-06-07 18:30:00,14,6,7,18,30,560,101,rue de la mairie,,,Plein jour,En agglomération,Intersection en X,Normale,Deux véhicules - côté,,,,,,,,,,,1,2,2,1.0,3
201400019327,0014-06-12 12:45:00,14,6,12,12,45,560,175,,,,Plein jour,Hors agglomération,Hors intersection,Normale,Sans collision,,,,,,,,,,,1,1,1,1.0,7
201400019328,0014-08-22 17:15:00,14,8,22,17,15,560,177,,47.75768,-2.96973,Plein jour,Hors agglomération,Intersection en X,Normale,Deux véhicules - côté,,,,,,,,,,,1,1,2,1.0,3
201400019329,0014-09-01 19:15:00,14,9,1,19,15,560,90,15 RUE LANN VIHAN,47.82952,-3.25622,Plein jour,En agglomération,Hors intersection,Normale,Trois véhicules et plus - collisions multiples,,,,,,,,,,,1,2,1,1.0,5
201400019330,0014-09-01 18:00:00,14,9,1,18,0,560,177,ROUTE DE BIEUZY,,,Plein jour,En agglomération,Hors intersection,Normale,Deux véhicules - arrière,,,,,,,,,,,1,2,1,1.0,2
201400019331,0014-09-28 16:30:00,14,9,28,16,30,560,31,,,,Plein jour,Hors agglomération,Hors intersection,Normale,Sans collision,,,,,,,,,,,1,1,1,1.0,7
201400019332,0014-12-19 18:45:00,14,12,19,18,45,560,94,,47.76265,-3.29523,Crépuscule ou aube,Hors agglomération,Hors intersection,Temps couvert,Deux véhicules - frontale,,,,,,,,,,,2,1,1,8.0,1
201400019333,0014-12-20 15:15:00,14,12,20,15,15,560,31,,,,Plein jour,Hors agglomération,Hors intersection,Temps couvert,Deux véhicules - côté,,,,,,,,,,,1,1,1,8.0,3
201400019334,0014-12-25 16:45:00,14,12,25,16,45,560,94,,,,Plein jour,Hors agglomération,Giratoire,Normale,Autre collision,,,,,,,,,,,1,1,6,1.0,6
201400019335,0014-12-28 10:45:00,14,12,28,10,45,560,101,,,,Plein jour,Hors agglomération,Hors intersection,Normale,Sans collision,,,,,,,,,,,1,1,1,1.0,7
201400019336,0014-10-01 06:00:00,14,10,1,6,0,590,384,RUE DES JUIFS,,,Crépuscule ou aube,En agglomération,Hors intersection,Brouillard / fumée,Autre collision,,,,,,,,,,,2,2,1,5.0,6
201400019337,0014-10-19 17:45:00,14,10,19,17,45,590,607,GRAND RUE,,,Plein jour,En agglomération,Hors intersection,Pluie légère,Sans collision,,,,,,,,,,,1,2,1,2.0,7
201400019338,0014-11-30 16:15:00,14,11,30,16,15,590,384,,,,Crépuscule ou aube,Hors agglomération,Hors intersection,Brouillard / fumée,Autre collision,,,,,,,,,,,2,1,1,5.0,6
201400019339,0014-12-21 07:45:00,14,12,21,7,45,590,61,route de floyon,,,Crépuscule ou aube,En agglomération,Hors intersection,Normale,Autre collision,,,,,,,,,,,2,2,1,1.0,6
201400019340,0014-10-20 08:30:00,14,10,20,8,30,590,528,,,,Plein jour,Hors agglomération,Hors intersection,Normale,Deux véhicules - frontale,,,,,,,,,,,1,1,1,1.0,1
201400019341,0014-03-27 11:45:00,14,3,27,11,45,590,624,ROUTE DE GOUY,,,Plein jour,En agglomération,Intersection en X,Normale,Deux véhicules - arrière,,,,,,,,,,,1,2,2,1.0,2
201400019342,0014-07-25 18:00:00,14,7,25,18,0,590,231,rue L?o LAGARANGE,,,Plein jour,En agglomération,Hors intersection,Normale,Autre collision,,,,,,,,,,,1,2,1,1.0,6
201400019343,0014-02-04 18:00:00,14,2,4,18,0,510,343,D50,,,Crépuscule ou aube,Hors agglomération,Hors intersection,Normale,Autre collision,,,,,,,,,,,2,1,1,1.0,6
201400019344,0014-06-02 16:00:00,14,6,2,16,0,510,535,N4/BRETELLE,,,Plein jour,Hors agglomération,Autre intersection,Normale,Deux véhicules - frontale,,,,,,,,,,,1,1,9,1.0,1
201400019345,0014-06-04 16:30:00,14,6,4,16,30,510,407,N4,,,Plein jour,Hors agglomération,Hors intersection,Pluie forte,Deux véhicules - frontale,,,,,,,,,,,1,1,1,3.0,1
201400019346,0014-04-10 05:30:00,14,4,10,5,30,510,488,D951,,,Nuit sans éclairage public,Hors agglomération,Hors intersection,Normale,Deux véhicules - frontale,,,,,,,,,,,3,1,1,1.0,1
201400019347,0014-09-22 21:15:00,14,9,22,21,15,510,347,D1,,,Nuit sans éclairage public,Hors agglomération,Hors intersection,Normale,Autre collision,,,,,,,,,,,3,1,1,1.0,6
201400019348,0014-10-20 12:00:00,14,10,20,12,0,510,204,D1/R. DU GENERAL SARRAIL,,,Plein jour,Hors agglomération,Intersection en X,Normale,Deux véhicules - côté,,,,,,,,,,,1,1,2,1.0,3
201400019349,0014-12-14 15:15:00,14,12,14,15,15,510,76,D3/D222,,,Plein jour,Hors agglomération,Intersection en T,Brouillard / fumée,Trois véhicules et plus - collisions multiples,,,,,,,,,,,1,1,3,5.0,5
201400019350,0014-03-13 17:00:00,14,3,13,17,0,510,362,CV3 DE POUILLON,,,Plein jour,Hors agglomération,Hors intersection,Normale,Deux véhicules - frontale,,,,,,,,,,,1,1,1,1.0,1
201400019351,0014-07-25 23:45:00,14,7,25,23,45,510,183,D26,,,Nuit avec éclairage allumé,En agglomération,Hors intersection,Normale,Deux véhicules - frontale,,,,,,,,,,,5,2,1,1.0,1
201400019352,0014-11-19 13:30:00,14,11,19,13,30,510,580,D26,,,Crépuscule ou aube,Hors agglomération,Hors intersection,Brouillard / fumée,Trois véhicules et plus - collisions multiples,,,,,,,,,,,2,1,1,5.0,5
201400019353,0014-08-24 03:45:00,14,8,24,3,45,510,440,D980,,,Nuit sans éclairage public,Hors agglomération,Hors intersection,Normale,Autre collision,,,,,,,,,,,3,1,1,1.0,6
201400019354,0014-08-25 14:45:00,14,8,25,14,45,510,440,D64,,,Plein jour,Hors agglomération,Hors intersection,Normale,Autre collision,,,,,,,,,,,1,1,1,1.0,6
201400019355,0014-12-02 08:15:00,14,12,2,8,15,510,261,D74,,,Plein jour,Hors agglomération,Hors intersection,Pluie légère,Deux véhicules - frontale,,,,,,,,,,,1,1,1,2.0,1
201400019356,0014-12-07 02:15:00,14,12,7,2,15,620,443,RD65,50.45633,2.65143,Nuit avec éclairage allumé,En agglomération,Hors intersection,Autre,Autre collision,,,,,,,,,,,5,2,1,9.0,6
201400019357,0014-05-05 17:30:00,14,5,5,17,30,620,230,,50.74747,1.86481,Plein jour,Hors agglomération,Hors intersection,Pluie forte,Deux véhicules - frontale,,,,,,,,,,,1,1,1,3.0,1
201400019358,0014-06-24 11:00:00,14,6,24,11,0,620,281,,50.70796,1.66016,Plein jour,Hors agglomération,Hors intersection,Normale,Deux véhicules - côté,,,,,,,,,,,1,1,1,1.0,3
201400019359,0014-06-28 09:00:00,14,6,28,9,0,620,896,Route de desvres,50.68001,1.77957,Plein jour,En agglomération,Hors intersection,Normale,Deux véhicules - côté,,,,,,,,,,,1,2,1,1.0,3
201400019360,0014-02-20 17:15:00,14,2,20,17,15,910,573,avenue louis lachenal,,,Plein jour,En agglomération,Hors intersection,Pluie légère,Deux véhicules - côté,,,,,,,,,,,1,2,1,2.0,3
201400019361,0014-02-23 02:45:00,14,2,23,2,45,910,225,D448,48.632,2.474,Nuit avec éclairage non allumé,Hors agglomération,Giratoire,Brouillard / fumée,Sans collision,,,,,,,,,,,4,1,6,5.0,7
201400019362,0014-02-24 19:45:00,14,2,24,19,45,910,573,Av Louis Lachenal,,,Nuit sans éclairage public,Hors agglomération,Hors intersection,Normale,Deux véhicules - côté,,,,,,,,,,,3,1,1,1.0,3
201400019363,0014-03-03 02:15:00,14,3,3,2,15,910,600,av du général de gaulle,48.646,2.457,Nuit avec éclairage non allumé,En agglomération,Hors intersection,Normale,Deux véhicules - arrière,,,,,,,,,,,4,2,1,1.0,2
201400019364,0014-03-20 02:15:00,14,3,20,2,15,910,600,N448,48.646,2.457,Nuit sans éclairage public,En agglomération,Hors intersection,Normale,Deux véhicules - arrière,,,,,,,,,,,3,2,1,1.0,2
201400019365,0014-06-02 08:30:00,14,6,2,8,30,910,573,rue vivaldi,48.625,2.535,Plein jour,En agglomération,Hors intersection,Normale,Autre collision,,,,,,,,,,,1,2,1,1.0,6
201400019366,0014-08-11 17:45:00,14,8,11,17,45,910,573,AVENUE DU GAL DE GAULLE,,,Plein jour,En agglomération,Giratoire,Normale,Autre collision,,,,,,,,,,,1,2,6,1.0,6
201400019367,0014-06-09 22:15:00,14,6,9,22,15,910,274,D988,,,Nuit sans éclairage public,Hors agglomération,Hors intersection,Temps couvert,Sans collision,,,,,,,,,,,3,1,1,8.0,7
201400019368,0014-09-28 00:15:00,14,9,28,0,15,910,274,9 rue de la vacheresse,48.681,2.1,Nuit avec éclairage allumé,En agglomération,Hors intersection,Normale,Autre collision,,,,,,,,,,,5,2,1,1.0,6
201400019369,0014-02-07 20:30:00,14,2,7,20,30,950,26,RD 316,49.1426,2.4393,Nuit sans éclairage public,Hors agglomération,Hors intersection,Normale,Autre collision,,,,,,,,,,,3,1,1,1.0,6
201400019370,0014-02-22 14:45:00,14,2,22,14,45,950,652,R JEAN MOULIN,49.1348,2.3753,Plein jour,En agglomération,Hors intersection,Normale,Autre collision,,,,,,,,,,,1,2,1,1.0,6
201400019371,0014-07-16 16:45:00,14,7,16,16,45,950,56,RD 909,49.0887,2.3583,Plein jour,Hors agglomération,Hors intersection,Normale,Deux véhicules - arrière,,,,,,,,,,,1,1,1,1.0,2
201400019372,0014-07-21 16:30:00,14,7,21,16,30,950,352,RD 922,49.1002,2.4131,Plein jour,Hors agglomération,Hors intersection,Normale,Deux véhicules - frontale,,,,,,,,,,,1,1,1,1.0,1
201400019373,0014-10-12 11:30:00,14,10,12,11,30,950,144,R HONORE MIRABEAU,49.0663,2.4619,Plein jour,Hors agglomération,Hors intersection,Normale,Autre collision,,,,,,,,,,,1,1,1,1.0,6
201400019374,0014-02-02 08:45:00,14,2,2,8,45,890,308,,48.17831,3.4236,Plein jour,Hors agglomération,Hors intersection,Autre,Deux véhicules - frontale,,,,,,,,,,,1,1,1,9.0,1
201400019375,0014-07-14 20:30:00,14,7,14,20,30,890,240,,48.17455,3.3994,Plein jour,Hors agglomération,Hors intersection,Normale,Deux véhicules - arrière,,,,,,,,,,,1,1,1,1.0,2
201400019376,0014-07-27 14:00:00,14,7,27,14,0,890,14,24 route de St Florentin,48.08769,3.60392,Plein jour,En agglomération,Hors intersection,Normale,Autre collision,,,,,,,,,,,1,2,1,1.0,6
201400019377,0014-09-01 09:15:00,14,9,1,9,15,890,429,,48.15044,3.4947,Plein jour,Hors agglomération,Hors intersection,Normale,Deux véhicules - frontale,,,,,,,,,,,1,1,1,1.0,1
201400019378,0014-10-10 16:45:00,14,10,10,16,45,890,387,rd606,48.14684,3.30705,Plein jour,En agglomération,Hors intersection,Normale,Deux véhicules - côté,,,,,,,,,,,1,2,1,1.0,3
201400019379,0014-10-24 16:15:00,14,10,24,16,15,40,102,,,,Plein jour,Hors agglomération,Hors intersection,Normale,Deux véhicules - frontale,,,,,,,,,,,1,1,1,1.0,1
201400019380,0014-03-08 17:30:00,14,3,8,17,30,570,708,D913-D67,,,Plein jour,En agglomération,Intersection en X,Normale,Trois véhicules et plus - collisions multiples,,,,,,,,,,,1,2,2,1.0,5
201400019381,0014-10-09 22:00:00,14,10,9,22,0,570,57,,,,Nuit sans éclairage public,Hors agglomération,Hors intersection,Normale,Autre collision,,,,,,,,,,,3,1,1,1.0,6
201400019382,0014-10-13 02:30:00,14,10,13,2,30,570,547,,,,Nuit sans éclairage public,Hors agglomération,Hors intersection,Pluie légère,Autre collision,,,,,,,,,,,3,1,1,2.0,6
201400019383,0014-01-29 10:00:00,14,1,29,10,0,570,28,,,,Plein jour,Hors agglomération,Hors intersection,Normale,Trois véhicules et plus - collisions multiples,,,,,,,,,,,1,1,1,1.0,5
201400019384,0014-02-11 08:45:00,14,2,11,8,45,570,510,,49.12639,6.2675,Plein jour,Hors agglomération,Giratoire,Normale,Autre collision,,,,,,,,,,,1,1,6,1.0,6
201400019385,0014-02-08 19:00:00,14,2,8,19,0,570,97,,,,Nuit avec éclairage allumé,En agglomération,Hors intersection,Pluie légère,Deux véhicules - frontale,,,,,,,,,,,5,2,1,2.0,1
201400019386,0014-04-19 09:30:00,14,4,19,9,30,570,132,"4, rue de METZ",,,Plein jour,En agglomération,Hors intersection,Normale,Autre collision,,,,,,,,,,,1,2,1,1.0,6
201400019387,0014-06-15 12:45:00,14,6,15,12,45,570,290,,,,Plein jour,Hors agglomération,Hors intersection,Normale,Trois véhicules et plus - collisions multiples,,,,,,,,,,,1,1,1,1.0,5
201400019388,0014-07-20 00:15:00,14,7,20,0,15,570,483,,,,Nuit sans éclairage public,Hors agglomération,Hors intersection,Normale,Sans collision,,,,,,,,,,,3,1,1,1.0,7
201400019389,0014-11-10 00:01:00,14,11,10,0,1,570,275,,,,Nuit sans éclairage public,Hors agglomération,Hors intersection,Pluie légère,Autre collision,,,,,,,,,,,3,1,1,2.0,6
201400019390,0014-05-20 15:30:00,14,5,20,15,30,570,682,,,,Plein jour,Hors agglomération,Hors intersection,Normale,Deux véhicules - frontale,,,,,,,,,,,1,1,1,1.0,1
201400019391,0014-05-25 15:30:00,14,5,25,15,30,570,682,,,,Plein jour,Hors agglomération,Hors intersection,Normale,Sans collision,,,,,,,,,,,1,1,1,1.0,7
201400019392,0014-06-19 15:30:00,14,6,19,15,30,570,321,,,,Plein jour,Hors agglomération,Hors intersection,Normale,Autre collision,,,,,,,,,,,1,1,1,1.0,6
201400019393,0014-06-21 16:30:00,14,6,21,16,30,570,382,,,,Plein jour,En agglomération,Hors intersection,Normale,Sans collision,,,,,,,,,,,1,2,1,1.0,7
201400019394,0014-07-23 10:30:00,14,7,23,10,30,570,462,R Principale48.808 7.207,,,Plein jour,En agglomération,Hors intersection,Normale,Deux véhicules - côté,,,,,,,,,,,1,2,1,1.0,3
201400019395,0014-04-13 09:45:00,14,4,13,9,45,570,260,,,,Plein jour,Hors agglomération,Hors intersection,Normale,Deux véhicules - côté,,,,,,,,,,,1,1,1,1.0,3
201400019396,0014-05-15 18:45:00,14,5,15,18,45,570,535,9A rue de la colline,49.05303,7.30099,Plein jour,En agglomération,Hors intersection,Normale,Deux véhicules - arrière,,,,,,,,,,,1,2,1,1.0,2
201400019397,0014-05-31 03:45:00,14,5,31,3,45,570,89,2 place du g?n?ral Bizot,49.05584,7.43408,Nuit avec éclairage allumé,En agglomération,Giratoire,Normale,Autre collision,,,,,,,,,,,5,2,6,1.0,6
201400019398,0014-07-20 18:45:00,14,7,20,18,45,570,338,GN 49.087 7.382,,,Plein jour,Hors agglomération,Hors intersection,Normale,Deux véhicules - frontale,,,,,,,,,,,1,1,1,1.0,1
201400019399,0014-10-01 18:15:00,14,10,1,18,15,570,541,48.996 7.559,,,Plein jour,Hors agglomération,Hors intersection,Normale,Sans collision,,,,,,,,,,,1,1,1,1.0,7
201400019400,0014-10-05 13:30:00,14,10,5,13,30,570,89,,,,Plein jour,Hors agglomération,Hors intersection,Normale,Autre collision,,,,,,,,,,,1,1,1,1.0,6
201400019401,0014-10-07 16:30:00,14,10,7,16,30,570,103,"7, rue Eugene PISTORIUS",49.1217,7.45703,Plein jour,En agglomération,Hors intersection,Normale,Autre collision,,,,,,,,,,,1,2,1,1.0,6
201400019402,0014-03-10 14:00:00,14,3,10,14,0,570,38,1 rue de la libération,,,Plein jour,En agglomération,Hors intersection,Temps éblouissant,Autre collision,,,,,,,,,,,1,2,1,7.0,6
201400019403,0014-03-02 16:00:00,14,3,2,16,0,570,331,GN49.302 6.364,,,Plein jour,Hors agglomération,Hors intersection,Normale,Sans collision,,,,,,,,,,,1,1,1,1.0,7
201400019404,0014-03-04 11:00:00,14,3,4,11,0,570,358,1T route de Bouzonville,49.30682,6.33575,Plein jour,En agglomération,Hors intersection,Normale,Sans collision,,,,,,,,,,,1,2,1,1.0,7
201400019405,0014-03-24 14:30:00,14,3,24,14,30,570,269,rue du General MANGIN,,,Plein jour,En agglomération,Hors intersection,Pluie forte,Autre collision,,,,,,,,,,,1,2,1,3.0,6
201400019406,0014-02-05 09:00:00,14,2,5,9,0,350,24,BOULEVARD D'ARMORIQUE,48.18156,-1.63977,Plein jour,En agglomération,Autre intersection,Normale,Autre collision,,,,,,,,,,,1,2,9,1.0,6
201400019407,0014-02-28 18:30:00,14,2,28,18,30,350,173,,48.19576,-1.69167,Crépuscule ou aube,Hors agglomération,Intersection en X,Pluie légère,Trois véhicules et plus - collisions multiples,,,,,,,,,,,2,1,2,2.0,5
201400019408,0014-03-25 12:00:00,14,3,25,12,0,350,24,,48.15524,-1.62533,Plein jour,Hors agglomération,Giratoire,Normale,Deux véhicules - côté,,,,,,,,,,,1,1,6,1.0,3
201400019409,0014-03-27 14:30:00,14,3,27,14,30,350,24,,48.16166,-1.65484,Plein jour,Hors agglomération,Hors intersection,Temps couvert,Deux véhicules - frontale,,,,,,,,,,,1,1,1,8.0,1
201400019410,0014-04-28 10:30:00,14,4,28,10,30,350,24,,48.16626,-1.67344,Plein jour,Hors agglomération,Hors intersection,Normale,Trois véhicules et plus - en chaîne,,,,,,,,,,,1,1,1,1.0,4
201400019411,0014-05-21 15:15:00,14,5,21,15,15,350,24,rue de rennes,48.18078,-1.63596,Plein jour,En agglomération,Hors intersection,Normale,Deux véhicules - arrière,,,,,,,,,,,1,2,1,1.0,2
201400019412,0014-07-08 14:45:00,14,7,8,14,45,350,24,Les 4 chemins,48.18966,-1.67136,Plein jour,Hors agglomération,Intersection en X,Pluie légère,Deux véhicules - côté,,,,,,,,,,,1,1,2,2.0,3
201400019413,0014-07-30 18:30:00,14,7,30,18,30,350,173,le Clos Vallé,48.23007,-1.69314,Plein jour,Hors agglomération,Intersection en Y,Normale,Deux véhicules - arrière,,,,,,,,,,,1,1,4,1.0,2
201400019414,0014-08-19 17:00:00,14,8,19,17,0,350,24,,48.21678,-1.72767,Plein jour,Hors agglomération,Intersection en X,Normale,Deux véhicules - côté,,,,,,,,,,,1,1,2,1.0,3
201400019415,0014-10-20 16:00:00,14,10,20,16,0,350,24,,48.18483,-1.69384,Plein jour,Hors agglomération,Intersection en X,Normale,Deux véhicules - côté,,,,,,,,,,,1,1,2,1.0,3
201400019416,0014-11-25 08:15:00,14,11,25,8,15,350,24,RUE DU TREGOR,48.18393,-1.65011,Crépuscule ou aube,En agglomération,Hors intersection,Pluie légère,Autre collision,,,,,,,,,,,2,2,1,2.0,6
201400019417,0014-01-13 07:45:00,14,1,13,7,45,310,203,CH MAILHEAUX/RUE FERRY,43.51991,1.32017,Nuit avec éclairage allumé,En agglomération,Giratoire,Pluie forte,Deux véhicules - côté,,,,,,,,,,,5,2,6,3.0,3
201400019418,0014-03-28 16:45:00,14,3,28,16,45,310,157,rue du canigou,43.53279,1.35449,Plein jour,En agglomération,Giratoire,Normale,Deux véhicules - frontale,,,,,,,,,,,1,2,6,1.0,1
201400019419,0014-10-01 20:00:00,14,10,1,20,0,310,157,avenue du 11 novembre,43.54528,1.34975,Crépuscule ou aube,En agglomération,Giratoire,Normale,Autre collision,,,,,,,,,,,2,2,6,1.0,6
201400019420,0014-01-18 06:00:00,14,1,18,6,0,440,9,,,,Nuit avec éclairage allumé,Hors agglomération,Hors intersection,Normale,Autre collision,,,,,,,,,,,5,1,1,1.0,6
201400019421,0014-01-15 09:00:00,14,1,15,9,0,440,9,,47.217,-1.427,Crépuscule ou aube,Hors agglomération,Hors intersection,Pluie forte,Trois véhicules et plus - en chaîne,,,,,,,,,,,2,1,1,3.0,4
201400019422,0014-02-11 17:00:00,14,2,11,17,0,440,71,Le champ failli,,,Crépuscule ou aube,En agglomération,Intersection en X,Pluie forte,Trois véhicules et plus - collisions multiples,,,,,,,,,,,2,2,2,3.0,5
201400019423,0014-06-18 11:30:00,14,6,18,11,30,440,70,rue de la gare,,,Plein jour,En agglomération,Hors intersection,Normale,Deux véhicules - frontale,,,,,,,,,,,1,2,1,1.0,1