accident_id,datetime,annee,mois,jour,heure,minute,departement,commune_insee,adresse,latitude,longitude,luminosite,agglomeration,intersection,meteo,collision,nb_vehicules,nb_usagers,nb_indemnes,nb_tues,nb_blesses_hosp,nb_blesses_legers,age_cond_1,age_cond_2,veh_type_cond_1,veh_type_cond_2,lum_code,agg_code,int_code,atm_code,col_code
201400019675,0014-11-15 23:10:00,14,11,15,23,10,170,299,"510, PELTIER RUE DU DOCT",45.93709,-0.96415,Nuit avec éclairage allumé,En agglomération,Hors intersection,Pluie légère,Sans collision,,,,,,,,,,,5,2,1,2.0,7
201400019676,0014-11-25 17:45:00,14,11,25,17,45,170,449,SAINTONGE AVENUE DE,45.94938,-0.90201,Crépuscule ou aube,En agglomération,Intersection en X,Normale,Deux véhicules - côté,,,,,,,,,,,2,2,2,1.0,3
201400019677,0014-12-01 18:15:00,14,12,1,18,15,170,299,"., PELLETAN AVENUE",45.94322,-0.96061,Nuit avec éclairage allumé,En agglomération,Giratoire,Normale,Sans collision,,,,,,,,,,,5,2,6,1.0,7
201400019678,0014-12-02 07:45:00,14,12,2,7,45,170,299,"20, DULIN AVENUE",45.96005,-0.96132,Nuit avec éclairage allumé,En agglomération,Hors intersection,Pluie légère,Deux véhicules - arrière,,,,,,,,,,,5,2,1,2.0,2
201400019679,0014-12-03 12:30:00,14,12,3,12,30,170,299,ONZE NOVEMBRE 1918 AVENU,45.92342,-0.95848,Plein jour,En agglomération,Autre intersection,Normale,Deux véhicules - côté,,,,,,,,,,,1,2,9,1.0,3
201400019680,0014-12-06 13:45:00,14,12,6,13,45,170,299,"75, GAMBETTA RUE",45.94015,-0.97114,Plein jour,En agglomération,Intersection en X,Normale,Deux véhicules - côté,,,,,,,,,,,1,2,2,1.0,3
201400019681,0014-12-11 09:25:00,14,12,11,9,25,170,299,"63, PELTIER RUE DU DOCTE",45.93574,-0.96444,Plein jour,En agglomération,Hors intersection,Normale,Sans collision,,,,,,,,,,,1,2,1,1.0,7
201400019682,0014-12-12 18:15:00,14,12,12,18,15,170,299,MILLE PATTES BOULEVARD D,45.92661,-0.97674,Nuit sans éclairage public,Hors agglomération,Hors intersection,Normale,Sans collision,,,,,,,,,,,3,1,1,1.0,7
201400019683,0014-12-15 18:20:00,14,12,15,18,20,170,299,"., TORRELAVEGA AVENUE DE",45.92697,-0.96592,Nuit avec éclairage allumé,En agglomération,Hors intersection,Pluie légère,Deux véhicules - côté,,,,,,,,,,,5,2,1,2.0,3
201400019684,0014-12-17 08:20:00,14,12,17,8,20,170,299,"34, DEPORTES ET FUSILLES",45.93305,-0.96647,Crépuscule ou aube,En agglomération,Hors intersection,Pluie légère,Sans collision,,,,,,,,,,,2,2,1,2.0,7
201400019685,0014-01-02 00:35:00,14,1,2,0,35,170,300,"40, LYAUTEY   BOULEVARD",46.16143,-1.20649,Nuit avec éclairage allumé,En agglomération,Hors intersection,Pluie légère,Autre collision,,,,,,,,,,,5,2,1,2.0,6
201400019686,0014-01-03 12:20:00,14,1,3,12,20,170,300,"125, CORSAIRES   AVENUE",46.16952,-1.17021,Plein jour,En agglomération,Hors intersection,Normale,Deux véhicules - arrière,,,,,,,,,,,1,2,1,1.0,2
201400019687,0014-01-07 07:19:00,14,1,7,7,19,170,300,SARTRE   AVENUE JEAN-PAU,46.15656,-1.12659,Crépuscule ou aube,En agglomération,Intersection en X,Normale,Autre collision,,,,,,,,,,,2,2,2,1.0,6
201400019688,0014-01-07 09:00:00,14,1,7,9,0,170,300,SAUTEL  BOULEVARD ANDRE,46.1667,-1.13658,Plein jour,En agglomération,Intersection en T,Normale,Deux véhicules - côté,,,,,,,,,,,1,2,3,1.0,3
201400019689,0014-01-14 18:01:00,14,1,14,18,1,170,274,"3, GRANDE RUE   RUE",46.15436,-1.09707,Crépuscule ou aube,En agglomération,Hors intersection,Normale,Deux véhicules - côté,,,,,,,,,,,2,2,1,1.0,3
201400019690,0014-01-16 16:50:00,14,1,16,16,50,170,300,VILLENEUVE   RUE,46.16175,-1.14669,Plein jour,En agglomération,Intersection en X,Normale,Autre collision,,,,,,,,,,,1,2,2,1.0,6
201400019691,0014-01-16 17:55:00,14,1,16,17,55,170,300,"40, VOILIERS   RUE DES",46.16521,-1.14561,Plein jour,En agglomération,Hors intersection,Normale,Autre collision,,,,,,,,,,,1,2,1,1.0,6
201400019692,0014-01-25 18:13:00,14,1,25,18,13,170,300,"2, REAUMUR   RUE",46.15862,-1.15638,Crépuscule ou aube,En agglomération,Intersection en T,Normale,Autre collision,,,,,,,,,,,2,2,3,1.0,6
201400019693,0014-02-01 22:35:00,14,2,1,22,35,170,28,"2, PLAGE   ROUTE DE LA",46.12622,-1.12718,Nuit avec éclairage allumé,Hors agglomération,Hors intersection,Pluie légère,Sans collision,,,,,,,,,,,5,1,1,2.0,7
201400019694,0014-02-01 15:15:00,14,2,1,15,15,170,300,35 PK RN11 ROCADE NANTES,46.17222,-1.12005,Plein jour,En agglomération,Hors intersection,Normale,Autre collision,,,,,,,,,,,1,2,1,1.0,6
201400019695,0014-02-02 22:40:00,14,2,2,22,40,170,300,116 PK RN137 ROCHEFORT J,46.15459,-1.11499,Nuit avec éclairage non allumé,Hors agglomération,Hors intersection,Normale,Sans collision,,,,,,,,,,,4,1,1,1.0,7
201400019696,0014-02-02 22:25:00,14,2,2,22,25,170,300,"2, 05 PK RN237 MOULIN JU",46.17438,-1.17498,Nuit sans éclairage public,Hors agglomération,Hors intersection,Normale,Autre collision,,,,,,,,,,,3,1,1,1.0,6
201400019697,0014-02-05 17:06:00,14,2,5,17,6,170,300,"2, DEFLANDRE   RUE MARCE",46.17222,-1.21293,Plein jour,En agglomération,Intersection en T,Pluie légère,Deux véhicules - côté,,,,,,,,,,,1,2,3,2.0,3
201400019698,0014-02-05 17:51:00,14,2,5,17,51,170,300,"2, DENFERT-ROCHEREAU   A",46.16554,-1.1886,Crépuscule ou aube,En agglomération,Hors intersection,Normale,Autre collision,,,,,,,,,,,2,2,1,1.0,6
201400019699,0014-02-07 18:02:00,14,2,7,18,2,170,300,"36, MARILLAC   AVENUE",46.14119,-1.16053,Plein jour,En agglomération,Hors intersection,Normale,Deux véhicules - côté,,,,,,,,,,,1,2,1,1.0,3
201400019700,0014-02-11 12:25:00,14,2,11,12,25,170,300,"50, SCHWEITZER   RUE DU",46.15851,-1.14565,Plein jour,En agglomération,Hors intersection,Normale,Sans collision,,,,,,,,,,,1,2,1,1.0,7
201400019701,0014-02-11 18:23:00,14,2,11,18,23,170,300,"2, CARNOT   AVENUE",46.16458,-1.18166,Crépuscule ou aube,En agglomération,Hors intersection,Normale,Deux véhicules - côté,,,,,,,,,,,2,2,1,1.0,3
201400019702,0014-02-13 08:40:00,14,2,13,8,40,170,300,"2, SCHWEITZER   RUE DU D",46.15851,-1.14547,Plein jour,En agglomération,Hors intersection,Normale,Autre collision,,,,,,,,,,,1,2,1,1.0,6
201400019703,0014-02-15 17:25:00,14,2,15,17,25,170,291,02 PK RN237 RE MOULIN JU,46.18152,-1.14149,Plein jour,Hors agglomération,Hors intersection,Normale,Deux véhicules - côté,,,,,,,,,,,1,1,1,1.0,3
201400019704,0014-02-18 08:20:00,14,2,18,8,20,170,300,"4, GUILLAUMAT   RUE GENE",46.16336,-1.18246,Plein jour,En agglomération,Hors intersection,Pluie légère,Sans collision,,,,,,,,,,,1,2,1,2.0,7
201400019705,0014-02-18 18:50:00,14,2,18,18,50,170,300,"2, GRANDES VARENNES   AV",46.17142,-1.17701,Crépuscule ou aube,En agglomération,Hors intersection,Normale,Autre collision,,,,,,,,,,,2,2,1,1.0,6
201400019706,0014-02-19 15:41:00,14,2,19,15,41,170,300,SAUTEL  BOULEVARD ANDRE,46.17066,-1.12459,Plein jour,En agglomération,Intersection en T,Normale,Deux véhicules - côté,,,,,,,,,,,1,2,3,1.0,3
201400019707,0014-02-21 19:24:00,14,2,21,19,24,170,200,"2, MOISY   AVENUE DU REC",46.17393,-1.16664,Crépuscule ou aube,En agglomération,Giratoire,Normale,Deux véhicules - côté,,,,,,,,,,,2,2,6,1.0,3
201400019708,0014-03-05 17:45:00,14,3,5,17,45,170,300,"2, CORDELIERS   AVENUE D",46.16329,-1.1455,Plein jour,En agglomération,Hors intersection,Normale,Autre collision,,,,,,,,,,,1,2,1,1.0,6
201400019709,0014-03-06 12:47:00,14,3,6,12,47,170,200,02 PK RN237 MOULIN JUSTI,46.18149,-1.14155,Plein jour,Hors agglomération,Hors intersection,Normale,Trois véhicules et plus - collisions multiples,,,,,,,,,,,1,1,1,1.0,5
201400019710,0014-03-07 18:20:00,14,3,7,18,20,170,200,"2, MOISY   AVENUE DU REC",46.17262,-1.17026,Plein jour,En agglomération,Hors intersection,Normale,Sans collision,,,,,,,,,,,1,2,1,1.0,7
201400019711,0014-03-12 16:10:00,14,3,12,16,10,170,300,33 PK RN11 ROCADE NANTES,46.17673,-1.1031,Plein jour,Hors agglomération,Hors intersection,Normale,Autre collision,,,,,,,,,,,1,1,1,1.0,6
201400019712,0014-03-13 21:10:00,14,3,13,21,10,170,300,"2, BRIAND   AVENUE ARIST",46.16309,-1.16501,Nuit avec éclairage allumé,En agglomération,Hors intersection,Normale,Autre collision,,,,,,,,,,,5,2,1,1.0,6
201400019713,0014-03-14 12:50:00,14,3,14,12,50,170,300,"14, HILAIRE   COURS DAME",46.15755,-1.15371,Plein jour,En agglomération,Hors intersection,Normale,Sans collision,,,,,,,,,,,1,2,1,1.0,7
201400019714,0014-03-16 03:15:00,14,3,16,3,15,170,300,"2, CHIRONS LONGS   CHEMI",46.16488,-1.20341,Nuit avec éclairage allumé,En agglomération,Hors intersection,Normale,Autre collision,,,,,,,,,,,5,2,1,1.0,6
201400019715,0014-03-26 18:20:00,14,3,26,18,20,170,300,"02, LACROIX   RUE MARIUS",46.16951,-1.14658,Plein jour,En agglomération,Hors intersection,Normale,Autre collision,,,,,,,,,,,1,2,1,1.0,6
201400019716,0014-03-30 04:40:00,14,3,30,4,40,170,28,"2, ANVILLE   RUE D'",46.13793,-1.1111,Nuit avec éclairage allumé,En agglomération,Hors intersection,Normale,Deux véhicules - frontale,,,,,,,,,,,5,2,1,1.0,1
201400019717,0014-04-01 12:45:00,14,4,1,12,45,170,300,"2, VALIN   QUAI",46.15704,-1.14996,Plein jour,En agglomération,Hors intersection,Normale,Autre collision,,,,,,,,,,,1,2,1,1.0,6
201400019718,0014-04-03 19:35:00,14,4,3,19,35,170,291,"46, LIBERATION   RUE DE",46.17693,-1.11518,Plein jour,Hors agglomération,Hors intersection,Normale,Deux véhicules - arrière,,,,,,,,,,,1,1,1,1.0,2
201400019719,0014-04-07 01:20:00,14,4,7,1,20,170,274,QUATRE CHEVALIERS   RUE,46.16329,-1.11174,Nuit avec éclairage allumé,En agglomération,Hors intersection,Normale,Sans collision,,,,,,,,,,,5,2,1,1.0,7
201400019720,0014-04-08 16:40:00,14,4,8,16,40,170,300,"2, NORMANDIN   RUE EMILE",46.14144,-1.13863,Plein jour,En agglomération,Hors intersection,Normale,Autre collision,,,,,,,,,,,1,2,1,1.0,6
201400019721,0014-04-10 08:30:00,14,4,10,8,30,170,300,"176, CARNOT   AVENUE",46.16461,-1.17893,Plein jour,En agglomération,Hors intersection,Temps éblouissant,Sans collision,,,,,,,,,,,1,2,1,7.0,7
201400019722,0014-04-11 18:40:00,14,4,11,18,40,170,300,"124, GUITON   AVENUE JEA",46.16059,-1.17143,Plein jour,En agglomération,Hors intersection,Normale,Autre collision,,,,,,,,,,,1,2,1,1.0,6
201400019723,0014-04-11 18:30:00,14,4,11,18,30,170,300,"2, CRAPAUDIERES   AVENUE",46.16896,-1.17196,Plein jour,En agglomération,Hors intersection,Normale,Autre collision,,,,,,,,,,,1,2,1,1.0,6
201400019724,0014-05-27 20:21:00,14,5,27,20,21,170,200,"44, ROSE AVENUE DU FIEF",46.18091,-1.16716,Crépuscule ou aube,Hors agglomération,Intersection en X,Normale,Deux véhicules - frontale,,,,,,,,,,,2,1,2,1.0,1
201400019725,0014-04-14 17:22:00,14,4,14,17,22,170,300,"6, FROMENTIN   RUE CHARL",46.1603,-1.15397,Plein jour,En agglomération,Hors intersection,Normale,Autre collision,,,,,,,,,,,1,2,1,1.0,6
201400019726,0014-04-15 09:25:00,14,4,15,9,25,170,300,"170, GUITON   AVENUE JEA",46.16116,-1.17491,Plein jour,En agglomération,Hors intersection,Normale,Sans collision,,,,,,,,,,,1,2,1,1.0,7
201400019727,0014-04-21 18:26:00,14,4,21,18,26,170,300,CHAMP DE MARS   AVENUE D,46.1694,-1.14875,Plein jour,En agglomération,Hors intersection,Normale,Autre collision,,,,,,,,,,,1,2,1,1.0,6
201400019728,0014-04-22 01:40:00,14,4,22,1,40,170,300,"395, GUITON   AVENUE JEA",46.15994,-1.19693,Nuit avec éclairage allumé,En agglomération,Hors intersection,Normale,Sans collision,,,,,,,,,,,5,2,1,1.0,7
201400019729,0014-04-22 08:53:00,14,4,22,8,53,170,300,115 PK RN137 ROCHEFORT J,46.14589,-1.10901,Plein jour,Hors agglomération,Hors intersection,Normale,Sans collision,,,,,,,,,,,1,1,1,1.0,7
201400019730,0014-04-22 09:26:00,14,4,22,9,26,170,28,"2, 114 PK RN137 JUSTICE",46.13726,-1.10348,Plein jour,En agglomération,Hors intersection,Normale,Autre collision,,,,,,,,,,,1,2,1,1.0,6
201400019731,0014-04-22 18:29:00,14,4,22,18,29,170,200,"12, ROSE AVENUE DU FIEF",46.17444,-1.16669,Plein jour,Hors agglomération,Hors intersection,Normale,Sans collision,,,,,,,,,,,1,1,1,1.0,7
201400019732,0014-04-22 15:09:00,14,4,22,15,9,170,300,"22, ALBERT IER   RUE",46.16449,-1.15165,Plein jour,En agglomération,Hors intersection,Normale,Sans collision,,,,,,,,,,,1,2,1,1.0,7
201400019733,0014-04-25 12:30:00,14,4,25,12,30,170,300,"2, BERLIN   AVENUE DE",46.16705,-1.1817,Plein jour,En agglomération,Hors intersection,Normale,Sans collision,,,,,,,,,,,1,2,1,1.0,7
201400019734,0014-04-29 17:50:00,14,4,29,17,50,170,300,"2, DEFLANDRE   RUE MARCE",46.1705,-1.21284,Plein jour,Hors agglomération,Intersection en T,Normale,Deux véhicules - côté,,,,,,,,,,,1,1,3,1.0,3
201400019735,0014-04-29 10:40:00,14,4,29,10,40,170,300,"2, LACROIX   RUE MARIUS",46.16951,-1.14656,Plein jour,En agglomération,Hors intersection,Normale,Sans collision,,,,,,,,,,,1,2,1,1.0,7
201400019736,0014-05-03 15:17:00,14,5,3,15,17,170,300,"2, 112 PK RN137 JUSTICE",46.12082,-1.10954,Plein jour,En agglomération,Hors intersection,Normale,Autre collision,,,,,,,,,,,1,2,1,1.0,6
201400019737,0014-05-07 12:11:00,14,5,7,12,11,170,300,"230, CARNOT   AVENUE",46.16485,-1.18324,Plein jour,En agglomération,Hors intersection,Normale,Sans collision,,,,,,,,,,,1,2,1,1.0,7
201400019738,0014-05-08 14:50:00,14,5,8,14,50,170,300,05 PK RN237 MOULIN JUSTI,46.18089,-1.14716,Plein jour,Hors agglomération,Hors intersection,Normale,Deux véhicules - côté,,,,,,,,,,,1,1,1,1.0,3
201400019739,0014-05-10 15:25:00,14,5,10,15,25,170,200,"2, ROSE AVENUE DU FIEF",46.18,-1.16416,Plein jour,En agglomération,Intersection en T,Normale,Autre collision,,,,,,,,,,,1,2,3,1.0,6
201400019740,0014-05-10 16:20:00,14,5,10,16,20,170,300,"48, GARGOULLEAU   RUE",46.16202,-1.15251,Plein jour,En agglomération,Hors intersection,Pluie légère,Sans collision,,,,,,,,,,,1,2,1,2.0,7
201400019741,0014-05-16 23:50:00,14,5,16,23,50,170,274,"2, REPUBLIQUE   ROND-POI",46.15304,-1.11188,Nuit avec éclairage allumé,En agglomération,Hors intersection,Normale,Sans collision,,,,,,,,,,,5,2,1,1.0,7
201400019742,0014-05-20 12:20:00,14,5,20,12,20,170,300,"2, 537 RN ROND POINT DEN",46.16465,-1.19782,Plein jour,En agglomération,Hors intersection,Normale,Autre collision,,,,,,,,,,,1,2,1,1.0,6
201400019743,0014-05-21 16:35:00,14,5,21,16,35,170,300,"86, SAUTEL  BOULEVARD AN",46.17069,-1.12481,Plein jour,En agglomération,Hors intersection,Pluie forte,Autre collision,,,,,,,,,,,1,2,1,3.0,6
201400019744,0014-05-22 12:05:00,14,5,22,12,5,170,300,DUPERRE   QUAI,46.15815,-1.15188,Plein jour,En agglomération,Hors intersection,Normale,Sans collision,,,,,,,,,,,1,2,1,1.0,7
201400019745,0014-05-24 03:50:00,14,5,24,3,50,170,300,CREPEAU   AVENUE MICHEL,46.14815,-1.15847,Nuit avec éclairage allumé,En agglomération,Hors intersection,Autre,Autre collision,,,,,,,,,,,5,2,1,9.0,6
201400019746,0014-06-05 10:03:00,14,6,5,10,3,170,300,"60, SAUTEL  BOULEVARD AN",46.16792,-1.13309,Plein jour,En agglomération,Hors intersection,Normale,Sans collision,,,,,,,,,,,1,2,1,1.0,7
201400019747,0014-06-05 14:32:00,14,6,5,14,32,170,300,"2, ROUX   RUE DE",46.14711,-1.15219,Plein jour,En agglomération,Hors intersection,Normale,Autre collision,,,,,,,,,,,1,2,1,1.0,6
201400019748,0014-06-07 00:05:00,14,6,7,0,5,170,300,"134, SAUTEL  BOULEVARD A",46.17022,-1.1261,Nuit avec éclairage allumé,En agglomération,Hors intersection,Normale,Deux véhicules - arrière,,,,,,,,,,,5,2,1,1.0,2
201400019749,0014-06-12 15:20:00,14,6,12,15,20,170,300,"88, SAUTEL  BOULEVARD AN",46.16912,-1.12938,Plein jour,En agglomération,Hors intersection,Normale,Sans collision,,,,,,,,,,,1,2,1,1.0,7
201400019750,0014-06-13 15:13:00,14,6,13,15,13,170,300,"2, JOFFRE   BOULEVARD (1",46.16089,-1.14036,Plein jour,En agglomération,Hors intersection,Normale,Autre collision,,,,,,,,,,,1,2,1,1.0,6
201400019751,0014-06-15 19:30:00,14,6,15,19,30,170,300,"59, ONZE NOVEMBRE 1918",46.17447,-1.15048,Plein jour,En agglomération,Hors intersection,Normale,Deux véhicules - arrière,,,,,,,,,,,1,2,1,1.0,2
201400019752,0014-06-22 04:35:00,14,6,22,4,35,170,291,"52, MARE  RUE DU FIEF DE",46.18062,-1.12713,Nuit avec éclairage allumé,En agglomération,Hors intersection,Normale,Trois véhicules et plus - collisions multiples,,,,,,,,,,,5,2,1,1.0,5
201400019753,0014-06-25 18:09:00,14,6,25,18,9,170,300,114 PK RN137 JUSTICE ROC,46.1514,-1.11275,Plein jour,Hors agglomération,Hors intersection,Normale,Deux véhicules - arrière,,,,,,,,,,,1,1,1,1.0,2
201400019754,0014-06-25 12:10:00,14,6,25,12,10,170,300,"2, MAUBEC   QUAI",46.15903,-1.14864,Plein jour,En agglomération,Hors intersection,Normale,Autre collision,,,,,,,,,,,1,2,1,1.0,6
201400019755,0014-06-22 07:25:00,14,6,22,7,25,170,274,"2, D 111",46.16118,-1.06965,Crépuscule ou aube,Hors agglomération,Hors intersection,Normale,Sans collision,,,,,,,,,,,2,1,1,1.0,7
201400019756,0014-06-30 09:58:00,14,6,30,9,58,170,300,"27, SCHWEITZER   RUE DU",46.15854,-1.14551,Plein jour,En agglomération,Hors intersection,Pluie légère,Deux véhicules - côté,,,,,,,,,,,1,2,1,2.0,3
201400019757,0014-06-30 10:22:00,14,6,30,10,22,170,300,"12, LYAUTEY   BOULEVARD",46.16154,-1.20389,Plein jour,En agglomération,Hors intersection,Normale,Deux véhicules - frontale,,,,,,,,,,,1,2,1,1.0,1
201400019758,0014-07-08 22:40:00,14,7,8,22,40,170,300,SCIERIE   RUE DE LA,46.14896,-1.15354,Nuit avec éclairage allumé,En agglomération,Hors intersection,Normale,Deux véhicules - frontale,,,,,,,,,,,5,2,1,1.0,1
201400019759,0014-07-10 19:45:00,14,7,10,19,45,170,300,"2, 33 PK RN11 ROCADE NAN",46.17253,-1.11893,Crépuscule ou aube,En agglomération,Hors intersection,Normale,Autre collision,,,,,,,,,,,2,2,1,1.0,6
201400019760,0014-07-11 20:50:00,14,7,11,20,50,170,300,"28, MAIL   ALLEE DU",46.15601,-1.16513,Crépuscule ou aube,En agglomération,Hors intersection,Normale,Deux véhicules - arrière,,,,,,,,,,,2,2,1,1.0,2
201400019761,0014-07-14 18:27:00,14,7,14,18,27,170,300,"18, LECLERC   AVENUE DU",46.16255,-1.15986,Plein jour,En agglomération,Hors intersection,Normale,Deux véhicules - côté,,,,,,,,,,,1,2,1,1.0,3
201400019762,0014-07-14 20:16:00,14,7,14,20,16,170,28,CLAIRES   RUE DES,46.13138,-1.13707,Plein jour,En agglomération,Hors intersection,Normale,Deux véhicules - frontale,,,,,,,,,,,1,2,1,1.0,1
201400019763,0014-07-14 22:10:00,14,7,14,22,10,170,300,"148, LECLERC   AVENUE DU",46.16293,-1.16339,Crépuscule ou aube,En agglomération,Intersection en T,Normale,Deux véhicules - frontale,,,,,,,,,,,2,2,3,1.0,1
201400019764,0014-07-16 16:57:00,14,7,16,16,57,170,274,"2, REPUBLIQUE   ROND-POI",46.15288,-1.11072,Plein jour,En agglomération,Hors intersection,Normale,Deux véhicules - côté,,,,,,,,,,,1,2,1,1.0,3
201400019765,0014-07-22 08:24:00,14,7,22,8,24,170,300,"2, MAIL   ALLEE DU",46.15613,-1.16239,Plein jour,En agglomération,Hors intersection,Normale,Autre collision,,,,,,,,,,,1,2,1,1.0,6
201400019766,0014-07-22 18:00:00,14,7,22,18,0,170,300,"107, BRIAND   AVENUE ARI",46.16857,-1.16371,Plein jour,En agglomération,Hors intersection,Normale,Autre collision,,,,,,,,,,,1,2,1,1.0,6
201400019767,0014-07-24 17:21:00,14,7,24,17,21,170,300,LECLERC   AVENUE DU GENE,46.16245,-1.15857,Plein jour,En agglomération,Intersection en X,Normale,Deux véhicules - côté,,,,,,,,,,,1,2,2,1.0,3
201400019768,0014-07-28 04:15:00,14,7,28,4,15,170,300,SARTRE   AVENUE JEAN-PAU,46.15642,-1.12803,Nuit avec éclairage allumé,En agglomération,Hors intersection,Normale,Sans collision,,,,,,,,,,,5,2,1,1.0,7
201400019769,0014-07-31 11:44:00,14,7,31,11,44,170,300,JUIN   AVENUE DU MARECHA,46.15573,-1.18089,Plein jour,En agglomération,Intersection en T,Normale,Autre collision,,,,,,,,,,,1,2,3,1.0,6
201400019770,0014-07-31 17:41:00,14,7,31,17,41,170,300,"2, NORMANDIN   RUE EMILE",46.14119,-1.13788,Plein jour,En agglomération,Hors intersection,Normale,Autre collision,,,,,,,,,,,1,2,1,1.0,6
201400019771,0014-07-31 20:50:00,14,7,31,20,50,170,300,"2, VERDUN   PLACE DE",46.1628,-1.15258,Plein jour,En agglomération,Hors intersection,Normale,Sans collision,,,,,,,,,,,1,2,1,1.0,7
201400019772,0014-08-06 09:55:00,14,8,6,9,55,170,291,112 PK RN137 ROCHEFORT J,46.17216,-1.12125,Plein jour,Hors agglomération,Hors intersection,Pluie forte,Sans collision,,,,,,,,,,,1,1,1,3.0,7
201400019773,0014-08-06 11:40:00,14,8,6,11,40,170,291,113 PK RN137 JUSTICE ROC,46.17225,-1.12127,Plein jour,Hors agglomération,Hors intersection,Normale,Deux véhicules - arrière,,,,,,,,,,,1,1,1,1.0,2
201400019774,0014-08-06 12:36:00,14,8,6,12,36,170,300,"6, CORDELIERS   PLACE DE",46.16289,-1.14561,Plein jour,En agglomération,Hors intersection,Normale,Deux véhicules - côté,,,,,,,,,,,1,2,1,1.0,3
201400019775,0014-08-10 02:15:00,14,8,10,2,15,170,200,"2, HUIT MAI 1945   AVENU",46.17748,-1.15261,Nuit avec éclairage allumé,En agglomération,Intersection en T,Normale,Deux véhicules - côté,,,,,,,,,,,5,2,3,1.0,3
201400019776,0014-08-15 09:23:00,14,8,15,9,23,170,300,"30, KENNEDY   AVENUE DU",46.16752,-1.18035,Plein jour,En agglomération,Hors intersection,Normale,Autre collision,,,,,,,,,,,1,2,1,1.0,6
201400019777,0014-08-15 21:30:00,14,8,15,21,30,170,300,"06, BERNIER   AVENUE DU",46.16654,-1.15956,Plein jour,En agglomération,Hors intersection,Normale,Sans collision,,,,,,,,,,,1,2,1,1.0,7
201400019778,0014-08-16 21:25:00,14,8,16,21,25,170,300,BILLAUD-VARENNE   AVENUE,46.15157,-1.11883,Crépuscule ou aube,En agglomération,Hors intersection,Normale,Deux véhicules - frontale,,,,,,,,,,,2,2,1,1.0,1
201400019779,0014-08-26 08:25:00,14,8,26,8,25,170,300,"2, SAUTEL  BOULEVARD AND",46.16667,-1.13667,Plein jour,En agglomération,Hors intersection,Normale,Autre collision,,,,,,,,,,,1,2,1,1.0,6
201400019780,0014-08-21 16:00:00,14,8,21,16,0,170,300,ALBERT IER   RUE,46.16317,-1.15219,Plein jour,En agglomération,Hors intersection,Normale,Deux véhicules - côté,,,,,,,,,,,1,2,1,1.0,3
201400019781,0014-08-25 17:00:00,14,8,25,17,0,170,300,"23, FLEURIAU   RUE",46.16152,-1.15221,Plein jour,En agglomération,Hors intersection,Normale,Autre collision,,,,,,,,,,,1,2,1,1.0,6
201400019782,0014-08-26 00:30:00,14,8,26,0,30,170,300,"167, SAUTEL  BOULEVARD A",46.17072,-1.1247,Nuit avec éclairage allumé,En agglomération,Hors intersection,Pluie forte,Deux véhicules - arrière,,,,,,,,,,,5,2,1,3.0,2
201400019783,0014-09-02 17:19:00,14,9,2,17,19,170,28,"13, COPERNIC   RUE",46.12833,-1.09462,Plein jour,En agglomération,Hors intersection,Normale,Autre collision,,,,,,,,,,,1,2,1,1.0,6
201400019784,0014-09-03 12:14:00,14,9,3,12,14,170,300,"2, REMBLAIS   CHEMIN DES",46.16723,-1.20407,Plein jour,En agglomération,Hors intersection,Normale,Autre collision,,,,,,,,,,,1,2,1,1.0,6
201400019785,0014-09-04 16:57:00,14,9,4,16,57,170,291,09 PK RN237 RE MOULIN JU,46.17831,-1.15861,Plein jour,Hors agglomération,Hors intersection,Normale,Deux véhicules - arrière,,,,,,,,,,,1,1,1,1.0,2
201400019786,0014-09-04 16:05:00,14,9,4,16,5,170,28,"74, GRASSET   AVENUE EDM",46.1318,-1.10675,Plein jour,En agglomération,Hors intersection,Normale,Autre collision,,,,,,,,,,,1,2,1,1.0,6
201400019787,0014-09-05 08:25:00,14,9,5,8,25,170,274,"2, GRANDE RUE   RUE",46.15424,-1.09749,Plein jour,En agglomération,Hors intersection,Normale,Deux véhicules - arrière,,,,,,,,,,,1,2,1,1.0,2
201400019788,0014-09-06 20:24:00,14,9,6,20,24,170,28,D 939,46.13127,-1.09891,Plein jour,En agglomération,Hors intersection,Normale,Deux véhicules - arrière,,,,,,,,,,,1,2,1,1.0,2
201400019789,0014-09-07 13:35:00,14,9,7,13,35,170,300,115 PK RN137 ROCHEFORT J,,,Plein jour,En agglomération,Hors intersection,Normale,Autre collision,,,,,,,,,,,1,2,1,1.0,6
201400019790,0014-09-07 10:45:00,14,9,7,10,45,170,291,SONNETTERIE   RUE DE LA,46.18118,-1.12511,Plein jour,En agglomération,Giratoire,Normale,Deux véhicules - côté,,,,,,,,,,,1,2,6,1.0,3
201400019791,0014-09-12 17:33:00,14,9,12,17,33,170,291,0 PK RN237 RE MOULIN DE,46.1727,-1.12161,Plein jour,Hors agglomération,Hors intersection,Normale,Deux véhicules - arrière,,,,,,,,,,,1,1,1,1.0,2
201400019792,0014-09-13 10:16:00,14,9,13,10,16,170,300,"2, DENFERT-ROCHEREAU   A",46.16555,-1.18866,Plein jour,En agglomération,Hors intersection,Normale,Deux véhicules - côté,,,,,,,,,,,1,2,1,1.0,3
201400019793,0014-09-14 14:55:00,14,9,14,14,55,170,300,"156, CARNOT   AVENUE",46.16436,-1.17723,Plein jour,En agglomération,Hors intersection,Normale,Deux véhicules - arrière,,,,,,,,,,,1,2,1,1.0,2
201400019794,0014-09-15 16:00:00,14,9,15,16,0,170,300,"2, TASDON   IMPASSE DE",46.14367,-1.14032,Plein jour,En agglomération,Hors intersection,Normale,Autre collision,,,,,,,,,,,1,2,1,1.0,6