accident_id,datetime,annee,mois,jour,heure,minute,departement,commune_insee,adresse,latitude,longitude,luminosite,agglomeration,intersection,meteo,collision,nb_vehicules,nb_usagers,nb_indemnes,nb_tues,nb_blesses_hosp,nb_blesses_legers,age_cond_1,age_cond_2,veh_type_cond_1,veh_type_cond_2,lum_code,agg_code,int_code,atm_code,col_code
201400019795,0014-09-18 15:03:00,14,9,18,15,3,170,300,SAUTEL  BOULEVARD ANDRE,46.17123,-1.1231,Plein jour,En agglomération,Hors intersection,Normale,Deux véhicules - arrière,,,,,,,,,,,1,2,1,1.0,2
201400019796,0014-09-20 17:25:00,14,9,20,17,25,170,300,"74, CORSAIRES   AVENUE D",46.16474,-1.17531,Plein jour,En agglomération,Intersection en T,Normale,Deux véhicules - côté,,,,,,,,,,,1,2,3,1.0,3
201400019797,0014-09-20 19:05:00,14,9,20,19,5,170,300,33 PK RN11 NANTES ROCADE,46.17917,-1.09653,Plein jour,Hors agglomération,Hors intersection,Normale,Deux véhicules - côté,,,,,,,,,,,1,1,1,1.0,3
201400019798,0014-09-21 22:35:00,14,9,21,22,35,170,300,115 PK RN137 JUSTICE ROC,46.14594,-1.10922,Nuit avec éclairage allumé,Hors agglomération,Hors intersection,Normale,Autre collision,,,,,,,,,,,5,1,1,1.0,6
201400019799,0014-09-23 19:16:00,14,9,23,19,16,170,300,"2, CHAUDRIER   RUE",46.1612,-1.15306,Plein jour,En agglomération,Hors intersection,Normale,Autre collision,,,,,,,,,,,1,2,1,1.0,6
201400019800,0014-09-26 10:00:00,14,9,26,10,0,170,300,"251, GUITON   AVENUE JEA",46.16147,-1.17903,Plein jour,En agglomération,Giratoire,Normale,Autre collision,,,,,,,,,,,1,2,6,1.0,6
201400019801,0014-09-28 06:55:00,14,9,28,6,55,170,300,"2, CACAUD    PLACE",46.16306,-1.14767,Nuit avec éclairage allumé,En agglomération,Hors intersection,Normale,Sans collision,,,,,,,,,,,5,2,1,1.0,7
201400019802,0014-09-29 10:30:00,14,9,29,10,30,170,291,0 PK RN237 MOULIN JUSTIC,46.18144,-1.14148,Plein jour,Hors agglomération,Hors intersection,Normale,Sans collision,,,,,,,,,,,1,1,1,1.0,7
201400019803,0014-09-30 18:30:00,14,9,30,18,30,170,300,LECLERC   AVENUE DU GENE,46.16311,-1.16517,Plein jour,En agglomération,Hors intersection,Normale,Deux véhicules - arrière,,,,,,,,,,,1,2,1,1.0,2
201400019804,0014-10-01 18:21:00,14,10,1,18,21,170,300,"78, SARTRE   AVENUE JEAN",46.15616,-1.11878,Plein jour,En agglomération,Hors intersection,Normale,Autre collision,,,,,,,,,,,1,2,1,1.0,6
201400019805,0014-10-03 21:00:00,14,10,3,21,0,170,300,"33, VIENNE   AVENUE DE",46.16771,-1.16915,Crépuscule ou aube,En agglomération,Hors intersection,Normale,Autre collision,,,,,,,,,,,2,2,1,1.0,6
201400019806,0014-10-08 14:20:00,14,10,8,14,20,170,300,"74, FRERES PRECHEURS   R",46.16298,-1.14718,Plein jour,En agglomération,Intersection en T,Normale,Deux véhicules - côté,,,,,,,,,,,1,2,3,1.0,3
201400019807,0014-10-09 18:07:00,14,10,9,18,7,170,300,"5, LA FONTAINE   RUE",46.16562,-1.14121,Plein jour,En agglomération,Hors intersection,Normale,Deux véhicules - côté,,,,,,,,,,,1,2,1,1.0,3
201400019808,0014-10-18 15:08:00,14,10,18,15,8,170,300,"18, PARIS   AVENUE DE",46.16939,-1.17476,Plein jour,En agglomération,Hors intersection,Normale,Autre collision,,,,,,,,,,,1,2,1,1.0,6
201400019809,0014-10-18 19:43:00,14,10,18,19,43,170,300,"20, SARTRE   AVENUE JEAN",46.15569,-1.13447,Crépuscule ou aube,En agglomération,Hors intersection,Normale,Deux véhicules - frontale,,,,,,,,,,,2,2,1,1.0,1
201400019810,0014-10-21 00:15:00,14,10,21,0,15,170,300,LACROIX   RUE MARIUS,46.17306,-1.1464,Nuit avec éclairage allumé,En agglomération,Hors intersection,Normale,Sans collision,,,,,,,,,,,5,2,1,1.0,7
201400019811,0014-10-22 07:05:00,14,10,22,7,5,170,300,"176, SAUTEL  BOULEVARD A",46.17106,-1.12337,Nuit avec éclairage allumé,Hors agglomération,Hors intersection,Normale,Deux véhicules - côté,,,,,,,,,,,5,1,1,1.0,3
201400019812,0014-10-27 18:00:00,14,10,27,18,0,170,300,JURA   RUE DU,46.17391,-1.19951,Nuit avec éclairage allumé,En agglomération,Intersection en Y,Normale,Autre collision,,,,,,,,,,,5,2,4,1.0,6
201400019813,0014-10-29 15:35:00,14,10,29,15,35,170,300,"81, GUITON   AVENUE JEAN",46.15986,-1.16683,Plein jour,En agglomération,Hors intersection,Normale,Deux véhicules - arrière,,,,,,,,,,,1,2,1,1.0,2
201400019814,0014-10-31 17:30:00,14,10,31,17,30,170,300,"150, SARTRE   AVENUE JEA",46.15626,-1.12975,Plein jour,En agglomération,Hors intersection,Normale,Autre collision,,,,,,,,,,,1,2,1,1.0,6
201400019815,0014-11-01 18:35:00,14,11,1,18,35,170,300,"16, MESCHINET DE RICHEMO",46.16228,-1.18355,Plein jour,En agglomération,Hors intersection,Normale,Deux véhicules - arrière,,,,,,,,,,,1,2,1,1.0,2
201400019816,0014-11-03 15:00:00,14,11,3,15,0,170,28,LYSIACK   AVENUE DU COMM,46.13634,-1.12419,Plein jour,En agglomération,Hors intersection,Normale,Deux véhicules - arrière,,,,,,,,,,,1,2,1,1.0,2
201400019817,0014-11-09 18:35:00,14,11,9,18,35,170,300,"12, GERMINAL   RUE",46.16787,-1.18009,Crépuscule ou aube,En agglomération,Hors intersection,Normale,Sans collision,,,,,,,,,,,2,2,1,1.0,7
201400019818,0014-11-16 19:15:00,14,11,16,19,15,170,274,"25, JOLIOT-CURIE   AVENU",46.15753,-1.10682,Nuit avec éclairage allumé,En agglomération,Hors intersection,Normale,Sans collision,,,,,,,,,,,5,2,1,1.0,7
201400019819,0014-11-17 21:40:00,14,11,17,21,40,170,300,"64, MOULIN   AVENUE JEAN",46.14863,-1.13815,Nuit avec éclairage non allumé,En agglomération,Hors intersection,Pluie légère,Sans collision,,,,,,,,,,,4,2,1,2.0,7
201400019820,0014-11-18 09:25:00,14,11,18,9,25,170,200,"1, BECQUEREL   RUE HENRI",46.1874,-1.15285,Crépuscule ou aube,En agglomération,Intersection en X,Normale,Autre collision,,,,,,,,,,,2,2,2,1.0,6
201400019821,0014-11-20 16:16:00,14,11,20,16,16,170,300,"2, ROYALE   AVENUE DE LA",46.16239,-1.1408,Plein jour,En agglomération,Hors intersection,Normale,Autre collision,,,,,,,,,,,1,2,1,1.0,6
201400019822,0014-11-21 05:50:00,14,11,21,5,50,170,300,SAINT-LOUIS   RUE,46.16082,-1.1457,Nuit avec éclairage allumé,En agglomération,Hors intersection,Normale,Deux véhicules - arrière,,,,,,,,,,,5,2,1,1.0,2
201400019823,0014-11-24 22:30:00,14,11,24,22,30,170,300,MOULIN   AVENUE JEAN,46.15175,-1.13964,Nuit avec éclairage allumé,En agglomération,Hors intersection,Pluie légère,Deux véhicules - côté,,,,,,,,,,,5,2,1,2.0,3
201400019824,0014-11-26 16:00:00,14,11,26,16,0,170,300,"15, GUE   RUE DU",46.17695,-1.14094,Plein jour,En agglomération,Hors intersection,Normale,Sans collision,,,,,,,,,,,1,2,1,1.0,7
201400019825,0014-11-26 17:13:00,14,11,26,17,13,170,300,"12, SCHUMANN   AVENUE RO",46.16652,-1.17848,Plein jour,En agglomération,Hors intersection,Normale,Deux véhicules - côté,,,,,,,,,,,1,2,1,1.0,3
201400019826,0014-11-30 22:10:00,14,11,30,22,10,170,300,"2, DAME HILAIRE   COURS",46.16861,-1.17309,Nuit avec éclairage allumé,En agglomération,Hors intersection,Normale,Autre collision,,,,,,,,,,,5,2,1,1.0,6
201400019827,0014-12-04 01:05:00,14,12,4,1,5,170,300,"2, VESPUCCI   AVENUE AME",46.15313,-1.15469,Nuit avec éclairage allumé,En agglomération,Hors intersection,Normale,Sans collision,,,,,,,,,,,5,2,1,1.0,7
201400019828,0014-12-08 07:50:00,14,12,8,7,50,170,300,SARTRE   AVENUE JEAN-PAU,46.15575,-1.13437,Nuit avec éclairage allumé,En agglomération,Intersection en T,Normale,Deux véhicules - côté,,,,,,,,,,,5,2,3,1.0,3
201400019829,0014-12-11 15:00:00,14,12,11,15,0,170,291,"2, QUATORZE JUILLET   RU",46.17466,-1.11675,Plein jour,Hors agglomération,Hors intersection,Normale,Autre collision,,,,,,,,,,,1,1,1,1.0,6
201400019830,0014-12-11 17:20:00,14,12,11,17,20,170,300,"02, PRIEURE   CHEMIN DU",46.17341,-1.15036,Nuit avec éclairage allumé,En agglomération,Intersection en X,Pluie légère,Deux véhicules - côté,,,,,,,,,,,5,2,2,2.0,3
201400019831,0014-12-12 20:30:00,14,12,12,20,30,170,291,33 PK RN11 ROCADE NANTES,46.17912,-1.09652,Nuit avec éclairage allumé,Hors agglomération,Hors intersection,Normale,Deux véhicules - arrière,,,,,,,,,,,5,1,1,1.0,2
201400019832,0014-12-18 08:02:00,14,12,18,8,2,170,274,"2, LUMIERE   AVENUE LOUI",46.15856,-1.10115,Crépuscule ou aube,En agglomération,Hors intersection,Normale,Deux véhicules - frontale,,,,,,,,,,,2,2,1,1.0,1
201400019833,0014-12-18 17:50:00,14,12,18,17,50,170,300,MONNET   AVENUE JEAN,46.14433,-1.15308,Nuit avec éclairage allumé,En agglomération,Hors intersection,Normale,Autre collision,,,,,,,,,,,5,2,1,1.0,6
201400019834,0014-12-18 18:09:00,14,12,18,18,9,170,300,"9, COLIGNY   AVENUE",46.15716,-1.16618,Nuit avec éclairage allumé,En agglomération,Hors intersection,Normale,Autre collision,,,,,,,,,,,5,2,1,1.0,6
201400019835,0014-12-19 10:45:00,14,12,19,10,45,170,291,"02, CHENES  RUE DES",46.19271,-1.11101,Plein jour,Hors agglomération,Hors intersection,Normale,Sans collision,,,,,,,,,,,1,1,1,1.0,7
201400019836,0014-12-22 11:50:00,14,12,22,11,50,170,300,"8, FORBIN   COURS",46.16537,-1.17646,Plein jour,En agglomération,Hors intersection,Normale,Autre collision,,,,,,,,,,,1,2,1,1.0,6
201400019837,0014-12-28 16:45:00,14,12,28,16,45,170,300,"167, GUITON   AVENUE JEA",46.16087,-1.17318,Plein jour,En agglomération,Hors intersection,Normale,Deux véhicules - côté,,,,,,,,,,,1,2,1,1.0,3
201400019838,0014-12-29 18:11:00,14,12,29,18,11,170,291,05 PK RN237 MOULIN JUSTI,46.17824,-1.12832,Crépuscule ou aube,En agglomération,Hors intersection,Normale,Trois véhicules et plus - collisions multiples,,,,,,,,,,,2,2,1,1.0,5
201400019839,0014-01-03 09:00:00,14,1,3,9,0,170,306,"., CLEMENCEAU  GEORGES (",45.62753,-1.02012,Plein jour,En agglomération,Intersection en X,Normale,Deux véhicules - côté,,,,,,,,,,,1,2,2,1.0,3
201400019840,0014-01-22 20:14:00,14,1,22,20,14,170,306,"16, SION (DE)",45.63028,-1.02931,Nuit avec éclairage allumé,En agglomération,Hors intersection,Pluie légère,Autre collision,,,,,,,,,,,5,2,1,2.0,6
201400019841,0014-02-04 14:15:00,14,2,4,14,15,170,461,"78, SOURCE (CHEMIN DE LA",45.6428,-1.05,Plein jour,En agglomération,Hors intersection,Normale,Autre collision,,,,,,,,,,,1,2,1,1.0,6
201400019842,0014-02-05 22:00:00,14,2,5,22,0,170,306,"2, PAPIN DENIS",45.63232,-0.99406,Nuit avec éclairage allumé,En agglomération,Hors intersection,Normale,Autre collision,,,,,,,,,,,5,2,1,1.0,6
201400019843,0014-02-09 22:20:00,14,2,9,22,20,170,461,ROCHE (DE LA),45.64794,-1.05473,Nuit avec éclairage allumé,En agglomération,Hors intersection,Normale,Autre collision,,,,,,,,,,,5,2,1,1.0,6
201400019844,0014-02-19 19:58:00,14,2,19,19,58,170,306,LOTI PIERRE,45.62451,-1.02974,Nuit avec éclairage allumé,En agglomération,Intersection en X,Normale,Deux véhicules - côté,,,,,,,,,,,5,2,2,1.0,3
201400019845,0014-02-26 14:05:00,14,2,26,14,5,170,306,LOTI PIERRE,45.62453,-1.02975,Plein jour,En agglomération,Intersection en X,Normale,Deux véhicules - côté,,,,,,,,,,,1,2,2,1.0,3
201400019846,0014-02-18 19:55:00,14,2,18,19,55,170,306,"., QUEBEC (AVENUE)",45.63372,-1.02035,Nuit avec éclairage allumé,En agglomération,Hors intersection,Normale,Deux véhicules - arrière,,,,,,,,,,,5,2,1,1.0,2
201400019847,0014-02-19 10:00:00,14,2,19,10,0,170,306,ROCHEFORT (DE)  (AVENUE),45.6356,-1.02636,Plein jour,En agglomération,Intersection en X,Normale,Deux véhicules - côté,,,,,,,,,,,1,2,2,1.0,3
201400019848,0014-03-04 09:45:00,14,3,4,9,45,170,333,SAUJON (DE),45.60467,-0.98172,Plein jour,En agglomération,Intersection en Y,Normale,Deux véhicules - côté,,,,,,,,,,,1,2,4,1.0,3
201400019849,0014-03-11 10:12:00,14,3,11,10,12,170,306,EXPRESS (VOIE),45.63931,-1.02573,Plein jour,Hors agglomération,Hors intersection,Normale,Deux véhicules - arrière,,,,,,,,,,,1,1,1,1.0,2
201400019850,0014-03-17 10:45:00,14,3,17,10,45,170,380,GANIPOTE (AVENUE DE LA),45.65156,-1.08525,Plein jour,En agglomération,Hors intersection,Normale,Autre collision,,,,,,,,,,,1,2,1,1.0,6
201400019851,0014-03-18 13:50:00,14,3,18,13,50,170,306,"61, DOUMER PAUL (PARKING",45.62923,-1.02958,Plein jour,En agglomération,Hors intersection,Normale,Deux véhicules - côté,,,,,,,,,,,1,2,1,1.0,3
201400019852,0014-03-25 16:51:00,14,3,25,16,51,170,380,VERDUN (AVENUE DE),45.66365,-1.07201,Plein jour,Hors agglomération,Intersection en X,Normale,Deux véhicules - côté,,,,,,,,,,,1,1,2,1.0,3
201400019853,0014-03-08 14:25:00,14,3,8,14,25,170,306,CLEMENCEAU  GEORGES (BD),45.62751,-1.02011,Plein jour,En agglomération,Hors intersection,Normale,Deux véhicules - côté,,,,,,,,,,,1,2,1,1.0,3
201400019854,0014-04-02 19:00:00,14,4,2,19,0,170,306,"51, GAMBETTA",45.62248,-1.03107,Plein jour,En agglomération,Hors intersection,Normale,Autre collision,,,,,,,,,,,1,2,1,1.0,6
201400019855,0014-04-08 23:25:00,14,4,8,23,25,170,306,"89, BASTIE MARYSE",45.62402,-1.01492,Nuit avec éclairage allumé,En agglomération,Hors intersection,Normale,Sans collision,,,,,,,,,,,5,2,1,1.0,7
201400019856,0014-04-17 15:02:00,14,4,17,15,2,170,306,FRONT DE MER (PROMENADE,45.62385,-1.02716,Plein jour,En agglomération,Hors intersection,Normale,Autre collision,,,,,,,,,,,1,2,1,1.0,6
201400019857,0014-04-19 20:15:00,14,4,19,20,15,170,306,SCHUMAN (PLACE),45.62134,-1.03167,Plein jour,En agglomération,Hors intersection,Normale,Autre collision,,,,,,,,,,,1,2,1,1.0,6
201400019858,0014-04-22 18:25:00,14,4,22,18,25,170,380,PALOMBES (DES),45.65156,-1.10868,Crépuscule ou aube,En agglomération,Intersection en X,Pluie légère,Deux véhicules - côté,,,,,,,,,,,2,2,2,2.0,3
201400019859,0014-04-24 11:40:00,14,4,24,11,40,170,306,"46, BRIAND  ARISTIDE  (B",45.62595,-1.03009,Plein jour,En agglomération,Intersection en X,Normale,Deux véhicules - côté,,,,,,,,,,,1,2,2,1.0,3
201400019860,0014-04-27 03:20:00,14,4,27,3,20,170,306,"76, LAMY (BD FRANCK)",45.62766,-1.01509,Nuit sans éclairage public,En agglomération,Hors intersection,Normale,Sans collision,,,,,,,,,,,3,2,1,1.0,7
201400019861,0014-04-07 23:35:00,14,4,7,23,35,170,306,"60, GRANDE CONCHE (DE LA",45.62366,-1.01716,Nuit sans éclairage public,En agglomération,Hors intersection,Normale,Sans collision,,,,,,,,,,,3,2,1,1.0,7
201400019862,0014-04-30 18:05:00,14,4,30,18,5,170,306,SOURCE (DE LA),45.62809,-1.03225,Plein jour,En agglomération,Hors intersection,Normale,Autre collision,,,,,,,,,,,1,2,1,1.0,6
201400019863,0014-05-11 12:05:00,14,5,11,12,5,170,306,EUROPE (COURS DE L'),45.62486,-1.02235,Plein jour,En agglomération,Hors intersection,Normale,Deux véhicules - arrière,,,,,,,,,,,1,2,1,1.0,2
201400019864,0014-05-11 18:15:00,14,5,11,18,15,170,306,"4, 5 JANVIER 1945 (DU) (",45.62519,-1.02801,Crépuscule ou aube,En agglomération,Hors intersection,Normale,Autre collision,,,,,,,,,,,2,2,1,1.0,6
201400019865,0014-05-14 08:15:00,14,5,14,8,15,170,306,ZOLA (ALLEE EMILE),45.61795,-1.01388,Plein jour,En agglomération,Hors intersection,Normale,Autre collision,,,,,,,,,,,1,2,1,1.0,6
201400019866,0014-05-21 16:05:00,14,5,21,16,5,170,333,MOULIN  JEAN  (AVENUE),45.59313,-0.96997,Plein jour,En agglomération,Hors intersection,Normale,Deux véhicules - frontale,,,,,,,,,,,1,2,1,1.0,1
201400019867,0014-05-23 13:45:00,14,5,23,13,45,170,306,"222, ROCHEFORT (DE)  (AV",45.65343,-1.02327,Plein jour,En agglomération,Intersection en X,Normale,Deux véhicules - côté,,,,,,,,,,,1,2,2,1.0,3
201400019868,0014-05-25 22:30:00,14,5,25,22,30,170,306,PUISADE,45.63384,-0.97994,Nuit sans éclairage public,Hors agglomération,Hors intersection,Normale,Autre collision,,,,,,,,,,,3,1,1,1.0,6
201400019869,0014-05-29 20:35:00,14,5,29,20,35,170,306,"28, RENAISSANCE (DE LA)",45.62967,-1.03977,Crépuscule ou aube,En agglomération,Hors intersection,Normale,Deux véhicules - frontale,,,,,,,,,,,2,2,1,1.0,1
201400019870,0014-05-30 15:42:00,14,5,30,15,42,170,306,"1, LIBERATION (DE LA) (A",45.62359,-1.01286,Plein jour,En agglomération,Hors intersection,Normale,Deux véhicules - côté,,,,,,,,,,,1,2,1,1.0,3
201400019871,0014-06-01 05:45:00,14,6,1,5,45,170,306,EXPRESS (VOIE),45.63191,-0.98583,Nuit sans éclairage public,Hors agglomération,Hors intersection,Normale,Deux véhicules - frontale,,,,,,,,,,,3,1,1,1.0,1
201400019872,0014-06-03 19:06:00,14,6,3,19,6,170,306,"13, CHATEAU D'EAU (DU)",45.62381,-1.03258,Crépuscule ou aube,En agglomération,Hors intersection,Normale,Autre collision,,,,,,,,,,,2,2,1,1.0,6
201400019873,0014-06-08 10:46:00,14,6,8,10,46,170,306,"143, ROCHEFORT (DE)  (AV",45.65486,-1.023,Plein jour,En agglomération,Hors intersection,Normale,Deux véhicules - côté,,,,,,,,,,,1,2,1,1.0,3
201400019874,0014-06-13 19:00:00,14,6,13,19,0,170,333,MEDIS  (DE),45.60923,-0.96986,Crépuscule ou aube,Hors agglomération,Hors intersection,Normale,Deux véhicules - frontale,,,,,,,,,,,2,1,1,1.0,1
201400019875,0014-06-14 01:55:00,14,6,14,1,55,170,306,"41, PONTAILLAC (DE) (AVE",45.62122,-1.03746,Nuit avec éclairage allumé,En agglomération,Hors intersection,Normale,Autre collision,,,,,,,,,,,5,2,1,1.0,6
201400019876,0014-06-14 14:50:00,14,6,14,14,50,170,306,EXPRESS (VOIE),45.63934,-1.0257,Plein jour,Hors agglomération,Hors intersection,Normale,Trois véhicules et plus - collisions multiples,,,,,,,,,,,1,1,1,1.0,5
201400019877,0014-06-15 18:55:00,14,6,15,18,55,170,306,"47, GRANDE CONCHE (DE LA",45.62362,-1.01787,Plein jour,En agglomération,Hors intersection,Normale,Deux véhicules - frontale,,,,,,,,,,,1,2,1,1.0,1
201400019878,0014-06-18 23:50:00,14,6,18,23,50,170,306,VERDUN (DE) AVENUE),45.62108,-1.00883,Nuit sans éclairage public,En agglomération,Intersection en X,Normale,Deux véhicules - côté,,,,,,,,,,,3,2,2,1.0,3
201400019879,0014-06-24 12:45:00,14,6,24,12,45,170,380,EXPRESS (VOIE),45.65573,-1.11517,Plein jour,Hors agglomération,Hors intersection,Normale,Deux véhicules - côté,,,,,,,,,,,1,1,1,1.0,3
201400019880,0014-07-06 15:10:00,14,7,6,15,10,170,380,EXPRESS (VOIE),45.66247,-1.13318,Plein jour,Hors agglomération,Hors intersection,Normale,Deux véhicules - frontale,,,,,,,,,,,1,1,1,1.0,1
201400019881,0014-07-07 15:30:00,14,7,7,15,30,170,306,"01, PLATANES (DES) (AVEN",45.62509,-1.04107,Plein jour,En agglomération,Hors intersection,Normale,Autre collision,,,,,,,,,,,1,2,1,1.0,6
201400019882,0014-07-10 17:40:00,14,7,10,17,40,170,333,RHIN ET DANUBLE (AVENUE),45.6187,-0.96549,Plein jour,En agglomération,Hors intersection,Normale,Autre collision,,,,,,,,,,,1,2,1,1.0,6
201400019883,0014-07-11 17:00:00,14,7,11,17,0,170,333,"49, DE GAULLE (DU GENERA",45.60584,-0.99716,Plein jour,En agglomération,Hors intersection,Normale,Autre collision,,,,,,,,,,,1,2,1,1.0,6
201400019884,0014-07-11 14:40:00,14,7,11,14,40,170,306,"., FRONT DE MER (PROMENA",45.6213,-1.02997,Plein jour,En agglomération,Hors intersection,Normale,Deux véhicules - arrière,,,,,,,,,,,1,2,1,1.0,2
201400019885,0014-07-19 05:05:00,14,7,19,5,5,170,380,"51, MOUILLERES (AVENUE D",45.65158,-1.09629,Nuit avec éclairage allumé,En agglomération,Hors intersection,Pluie légère,Autre collision,,,,,,,,,,,5,2,1,2.0,6
201400019886,0014-07-19 11:50:00,14,7,19,11,50,170,306,"., EXPRESS (VOIE)",45.62905,-1.00346,Plein jour,Hors agglomération,Hors intersection,Normale,Autre collision,,,,,,,,,,,1,1,1,1.0,6
201400019887,0014-07-24 18:04:00,14,7,24,18,4,170,306,"49, CLEMENCEAU  GEORGES",45.62843,-1.02209,Plein jour,En agglomération,Hors intersection,Normale,Autre collision,,,,,,,,,,,1,2,1,1.0,6
201400019888,0014-07-26 12:50:00,14,7,26,12,50,170,333,"., EXPRESS (voie)",45.61659,-0.98822,Plein jour,Hors agglomération,Hors intersection,Normale,Autre collision,,,,,,,,,,,1,1,1,1.0,6
201400019889,0014-07-29 23:30:00,14,7,29,23,30,170,380,"., TAMARIS (AVENUE DES)",45.62329,-1.04991,Nuit sans éclairage public,En agglomération,Hors intersection,Normale,Autre collision,,,,,,,,,,,3,2,1,1.0,6
201400019890,0014-07-30 14:15:00,14,7,30,14,15,170,306,BOUCHET LOUIS (AVENUE),45.62866,-0.99495,Plein jour,En agglomération,Intersection en T,Normale,Deux véhicules - côté,,,,,,,,,,,1,2,3,1.0,3
201400019891,0014-07-31 01:30:00,14,7,31,1,30,170,306,BAILLET (BD COLONEL ROBE,45.62674,-1.04351,Nuit avec éclairage allumé,En agglomération,Intersection en X,Normale,Deux véhicules - côté,,,,,,,,,,,5,2,2,1.0,3
201400019892,0014-08-04 17:50:00,14,8,4,17,50,170,333,"., TILLEULS (AVENUE DES)",45.60314,-0.9934,Plein jour,En agglomération,Intersection en X,Normale,Autre collision,,,,,,,,,,,1,2,2,1.0,6
201400019893,0014-08-06 11:35:00,14,8,6,11,35,170,306,"., CLEMENCEAU  GEORGES (",45.6309,-1.02833,Plein jour,En agglomération,Intersection en T,Normale,Deux véhicules - côté,,,,,,,,,,,1,2,3,1.0,3
201400019894,0014-08-09 16:25:00,14,8,9,16,25,170,306,"., CLEMENCEAU  GEORGES (",45.62752,-1.02012,Plein jour,En agglomération,Intersection en X,Normale,Autre collision,,,,,,,,,,,1,2,2,1.0,6
201400019895,0014-08-10 11:04:00,14,8,10,11,4,170,306,"., ISAURE CLEMENCE (AVEN",45.6266,-1.04834,Plein jour,En agglomération,Intersection en T,Normale,Deux véhicules - côté,,,,,,,,,,,1,2,3,1.0,3
201400019896,0014-08-12 17:15:00,14,8,12,17,15,170,333,"., COTE DE BEAUTE (BOULE",45.60121,-0.99852,Plein jour,En agglomération,Hors intersection,Normale,Autre collision,,,,,,,,,,,1,2,1,1.0,6
201400019897,0014-08-16 09:30:00,14,8,16,9,30,170,461,"., PASTEUR (AVENUE)",45.63177,-1.05688,Plein jour,En agglomération,Hors intersection,Normale,Deux véhicules - côté,,,,,,,,,,,1,2,1,1.0,3
201400019898,0014-08-17 00:50:00,14,8,17,0,50,170,306,"71-73, HEDDE (AVENUE DAN",45.63657,-1.02845,Nuit avec éclairage allumé,En agglomération,Hors intersection,Normale,Autre collision,,,,,,,,,,,5,2,1,1.0,6
201400019899,0014-08-19 14:43:00,14,8,19,14,43,170,306,"., EUROPE (COURS DE L')",45.62489,-1.02152,Plein jour,En agglomération,Hors intersection,Normale,Deux véhicules - arrière,,,,,,,,,,,1,2,1,1.0,2
201400019900,0014-08-20 11:49:00,14,8,20,11,49,170,306,"., ROCHEFORT (DE)  (AVEN",45.6397,-1.02507,Plein jour,En agglomération,Hors intersection,Normale,Deux véhicules - arrière,,,,,,,,,,,1,2,1,1.0,2
201400019901,0014-08-22 21:30:00,14,8,22,21,30,170,306,"., CLEMENCEAU  GEORGES (",45.62499,-1.0181,Crépuscule ou aube,En agglomération,Intersection en T,Normale,Deux véhicules - côté,,,,,,,,,,,2,2,3,1.0,3
201400019902,0014-08-24 17:20:00,14,8,24,17,20,170,333,"., MOCQUERIES (AVENUE)",45.59944,-0.99427,Plein jour,En agglomération,Giratoire,Normale,Autre collision,,,,,,,,,,,1,2,6,1.0,6
201400019903,0014-08-31 22:00:00,14,8,31,22,0,170,333,"., COTE DE BEAUTE (BOULE",45.59519,-0.99159,Nuit avec éclairage allumé,En agglomération,Hors intersection,Normale,Deux véhicules - côté,,,,,,,,,,,5,2,1,1.0,3
201400019904,0014-09-03 17:16:00,14,9,3,17,16,170,306,"., EUROPE (COURS DE L')",45.62489,-1.02159,Plein jour,En agglomération,Hors intersection,Normale,Autre collision,,,,,,,,,,,1,2,1,1.0,6
201400019905,0014-09-07 02:05:00,14,9,7,2,5,170,333,"82, DE LATTRE DE TASSIGN",45.6071,-1.00669,Nuit avec éclairage allumé,En agglomération,Hors intersection,Normale,Autre collision,,,,,,,,,,,5,2,1,1.0,6
201400019906,0014-09-09 08:58:00,14,9,9,8,58,170,306,AQUITAINE (ALIENOR D') (,45.61639,-1.00268,Plein jour,En agglomération,Hors intersection,Pluie légère,Autre collision,,,,,,,,,,,1,2,1,2.0,6
201400019907,0014-09-09 15:20:00,14,9,9,15,20,170,333,"., 107 REGIMENT D'INFANT",45.59311,-0.97056,Plein jour,En agglomération,Hors intersection,Normale,Trois véhicules et plus - en chaîne,,,,,,,,,,,1,2,1,1.0,4
201400019908,0014-09-12 08:10:00,14,9,12,8,10,170,306,"., AMPERE",45.63088,-1.00539,Plein jour,En agglomération,Hors intersection,Normale,Autre collision,,,,,,,,,,,1,2,1,1.0,6
201400019909,0014-09-17 08:15:00,14,9,17,8,15,170,333,"., TILLEULS (AVENUE DES)",45.60476,-0.99332,Plein jour,En agglomération,Giratoire,Normale,Autre collision,,,,,,,,,,,1,2,6,1.0,6
201400019910,0014-09-20 15:00:00,14,9,20,15,0,170,306,"80, BRIAND  ARISTIDE  (B",45.6268,-1.03072,Plein jour,En agglomération,Hors intersection,Normale,Autre collision,,,,,,,,,,,1,2,1,1.0,6
201400019911,0014-10-03 14:07:00,14,10,3,14,7,170,306,AMPERE,45.63122,-0.99681,Plein jour,En agglomération,Hors intersection,Normale,Deux véhicules - arrière,,,,,,,,,,,1,2,1,1.0,2
201400019912,0014-10-10 07:53:00,14,10,10,7,53,170,306,ROCHEFORT (DE)  (AVENUE),45.64898,-1.02447,Nuit sans éclairage public,En agglomération,Intersection en X,Normale,Autre collision,,,,,,,,,,,3,2,2,1.0,6