accident_id,datetime,annee,mois,jour,heure,minute,departement,commune_insee,adresse,latitude,longitude,luminosite,agglomeration,intersection,meteo,collision,nb_vehicules,nb_usagers,nb_indemnes,nb_tues,nb_blesses_hosp,nb_blesses_legers,age_cond_1,age_cond_2,veh_type_cond_1,veh_type_cond_2,lum_code,agg_code,int_code,atm_code,col_code
201400019913,0014-10-10 17:40:00,14,10,10,17,40,170,306,"27, VERDUN (DE) AVENUE)",45.62233,-1.01305,Plein jour,Hors agglomération,Hors intersection,Normale,Autre collision,,,,,,,,,,,1,1,1,1.0,6
201400019914,0014-10-15 17:52:00,14,10,15,17,52,170,333,"2, SUZAC (AVENUE DE)",45.58455,-0.98555,Plein jour,Hors agglomération,Intersection en X,Normale,Deux véhicules - côté,,,,,,,,,,,1,1,2,1.0,3
201400019915,0014-10-20 18:15:00,14,10,20,18,15,170,306,"43, MARNE (DE LA) (BD)",45.62676,-1.00825,Crépuscule ou aube,En agglomération,Intersection en X,Normale,Deux véhicules - côté,,,,,,,,,,,2,2,2,1.0,3
201400019916,0014-11-05 14:45:00,14,11,5,14,45,170,306,"., HEDDE (AVENUE DANIEL)",45.63613,-1.02858,Plein jour,En agglomération,Intersection en Y,Normale,Deux véhicules - côté,,,,,,,,,,,1,2,4,1.0,3
201400019917,0014-11-12 19:30:00,14,11,12,19,30,170,306,REGAZZONI (AVENUE CHARLE,45.63922,-1.04014,Nuit avec éclairage allumé,En agglomération,Hors intersection,Normale,Sans collision,,,,,,,,,,,5,2,1,1.0,7
201400019918,0014-11-14 12:21:00,14,11,14,12,21,170,306,"6, REUTIN (BD FELIX)",45.63603,-1.02747,Plein jour,En agglomération,Hors intersection,Pluie légère,Autre collision,,,,,,,,,,,1,2,1,2.0,6
201400019919,0014-11-14 18:00:00,14,11,14,18,0,170,306,"71, HEDDE (AVENUE DANIEL",45.63672,-1.02848,Nuit avec éclairage allumé,En agglomération,Hors intersection,Normale,Deux véhicules - arrière,,,,,,,,,,,5,2,1,1.0,2
201400019920,0014-11-20 19:40:00,14,11,20,19,40,170,306,"6, PAIX (DE LA)",45.62004,-1.03756,Nuit avec éclairage allumé,En agglomération,Intersection en X,Normale,Deux véhicules - côté,,,,,,,,,,,5,2,2,1.0,3
201400019921,0014-11-26 18:28:00,14,11,26,18,28,170,306,EUROPE (COURS DE L'),45.62489,-1.02166,Nuit avec éclairage allumé,En agglomération,Hors intersection,Normale,Deux véhicules - arrière,,,,,,,,,,,5,2,1,1.0,2
201400019922,0014-12-01 13:00:00,14,12,1,13,0,170,306,"., FRESNEL AUGUSTIN",45.63148,-0.99231,Plein jour,En agglomération,Hors intersection,Normale,Deux véhicules - arrière,,,,,,,,,,,1,2,1,1.0,2
201400019923,0014-12-08 19:28:00,14,12,8,19,28,170,306,"05, BRANLY EDOUARD",45.63007,-0.99491,Nuit avec éclairage allumé,En agglomération,Hors intersection,Normale,Autre collision,,,,,,,,,,,5,2,1,1.0,6
201400019924,0014-12-12 18:10:00,14,12,12,18,10,170,306,"., DE LATTRE DE TASSIGNY",45.62527,-1.02276,Nuit avec éclairage allumé,En agglomération,Hors intersection,Normale,Autre collision,,,,,,,,,,,5,2,1,1.0,6
201400019925,0014-12-22 10:30:00,14,12,22,10,30,170,306,"0, ROCHEFORT (DE)  (AVEN",45.65458,-1.02301,Plein jour,En agglomération,Hors intersection,Normale,Autre collision,,,,,,,,,,,1,2,1,1.0,6
201400019926,0014-12-29 11:20:00,14,12,29,11,20,170,306,"63, CLEMENCEAU  GEORGES",45.62963,-1.02515,Plein jour,En agglomération,Hors intersection,Autre,Deux véhicules - arrière,,,,,,,,,,,1,2,1,9.0,2
201400019927,0014-10-02 07:30:00,14,10,2,7,30,270,564,,49.042,0.282,Nuit sans éclairage public,Hors agglomération,Hors intersection,Pluie légère,Autre collision,,,,,,,,,,,3,1,1,2.0,6
201400019928,0014-05-04 17:40:00,14,5,4,17,40,610,192,,48.67984,0.2302,Plein jour,Hors agglomération,Hors intersection,Normale,Sans collision,,,,,,,,,,,1,1,1,1.0,7
201400019929,0014-08-24 12:00:00,14,8,24,12,0,610,352,,48.81628,-0.12934,Plein jour,Hors agglomération,Autre intersection,Normale,Sans collision,,,,,,,,,,,1,1,9,1.0,7
201400019930,0014-01-01 18:00:00,14,1,1,18,0,170,415,"1, SAINT PIERRE PLACE",45.74503,-0.63259,Nuit avec éclairage allumé,En agglomération,Hors intersection,Normale,Autre collision,,,,,,,,,,,5,2,1,1.0,6
201400019931,0014-01-07 08:05:00,14,1,7,8,5,170,415,route nationale 141,45.74579,-0.59005,Crépuscule ou aube,Hors agglomération,Hors intersection,Normale,Autre collision,,,,,,,,,,,2,1,1,1.0,6
201400019932,0014-01-12 15:05:00,14,1,12,15,5,170,415,"2, DUFAURE AVENUE JULES",45.74622,-0.61786,Plein jour,En agglomération,Hors intersection,Normale,Autre collision,,,,,,,,,,,1,2,1,1.0,6
201400019933,0014-01-17 09:50:00,14,1,17,9,50,170,415,"107, BOULE RUE DE LA",45.75132,-0.6388,Plein jour,En agglomération,Hors intersection,Normale,Sans collision,,,,,,,,,,,1,2,1,1.0,7
201400019934,0014-01-18 23:15:00,14,1,18,23,15,170,415,"42, NATIONAL 69 A FIN ET",45.74724,-0.63287,Nuit avec éclairage allumé,En agglomération,Hors intersection,Normale,Autre collision,,,,,,,,,,,5,2,1,1.0,6
201400019935,0014-01-20 07:58:00,14,1,20,7,58,170,415,VOIVILLE EST ROND POINT,45.74044,-0.66129,Crépuscule ou aube,Hors agglomération,Hors intersection,Normale,Autre collision,,,,,,,,,,,2,1,1,1.0,6
201400019936,0014-01-25 17:10:00,14,1,25,17,10,170,415,"10, BELLEVUE AVENUE DE",45.7328,-0.64334,Plein jour,En agglomération,Hors intersection,Normale,Autre collision,,,,,,,,,,,1,2,1,1.0,6
201400019937,0014-01-31 12:30:00,14,1,31,12,30,170,415,route nationale 141,45.72397,-0.69205,Plein jour,Hors agglomération,Hors intersection,Normale,Autre collision,,,,,,,,,,,1,1,1,1.0,6
201400019938,0014-02-01 11:20:00,14,2,1,11,20,170,415,"1, NATIONAL 1 A 67 ET 2",45.74704,-0.63063,Crépuscule ou aube,En agglomération,Hors intersection,Normale,Autre collision,,,,,,,,,,,2,2,1,1.0,6
201400019939,0014-02-08 01:15:00,14,2,8,1,15,170,415,"113, DUFAURE AVENUE JULE",45.74868,-0.60995,Nuit avec éclairage allumé,En agglomération,Hors intersection,Normale,Autre collision,,,,,,,,,,,5,2,1,1.0,6
201400019940,0014-02-09 05:25:00,14,2,9,5,25,170,415,Route Départementale 137,45.75091,-0.66042,Nuit sans éclairage public,Hors agglomération,Hors intersection,Normale,Autre collision,,,,,,,,,,,3,1,1,1.0,6
201400019941,0014-02-15 22:45:00,14,2,15,22,45,170,415,VOIVILLE EST ROND POINT,45.74029,-0.66221,Nuit sans éclairage public,Hors agglomération,Hors intersection,Pluie légère,Autre collision,,,,,,,,,,,3,1,1,2.0,6
201400019942,0014-02-17 14:35:00,14,2,17,14,35,170,415,"1, GAMBETTA 2 A 72 ET 5",45.74698,-0.6283,Plein jour,En agglomération,Hors intersection,Normale,Autre collision,,,,,,,,,,,1,2,1,1.0,6
201400019943,0014-02-28 11:30:00,14,2,28,11,30,170,415,"44, NATIONAL 1 A 67 ET 2",45.74725,-0.63355,Plein jour,En agglomération,Hors intersection,Normale,Autre collision,,,,,,,,,,,1,2,1,1.0,6
201400019944,0014-02-28 15:50:00,14,2,28,15,50,170,415,"01, SAINTONGE IMPASSE DE",45.7407,-0.6226,Plein jour,En agglomération,Hors intersection,Normale,Autre collision,,,,,,,,,,,1,2,1,1.0,6
201400019945,0014-03-15 14:00:00,14,3,15,14,0,170,415,KENNEDY AVENUE JOHN FITZ,45.73362,-0.64541,Plein jour,En agglomération,Hors intersection,Normale,Autre collision,,,,,,,,,,,1,2,1,1.0,6
201400019946,0014-03-25 12:20:00,14,3,25,12,20,170,415,"1, LECLERC COURS DU MARE",45.74873,-0.64411,Plein jour,En agglomération,Hors intersection,Normale,Autre collision,,,,,,,,,,,1,2,1,1.0,6
201400019947,0014-03-30 18:55:00,14,3,30,18,55,170,415,"16 bis, MONTPLAISIR RUE",45.74037,-0.6155,Plein jour,En agglomération,Hors intersection,Normale,Autre collision,,,,,,,,,,,1,2,1,1.0,6
201400019948,0014-04-01 08:25:00,14,4,1,8,25,170,415,"16, REVERSEAUX 2 A 46 ET",45.74586,-0.63826,Plein jour,En agglomération,Hors intersection,Normale,Autre collision,,,,,,,,,,,1,2,1,1.0,6
201400019949,0014-04-03 07:50:00,14,4,3,7,50,170,415,"., RETAUD ROUTE DE",45.73903,-0.65366,Crépuscule ou aube,Hors agglomération,Intersection à plus de 4 branches,Normale,Autre collision,,,,,,,,,,,2,1,5,1.0,6
201400019950,0014-04-10 16:40:00,14,4,10,16,40,170,415,"33, MASSIOU 31 A 45 RUE",45.74958,-0.63448,Plein jour,En agglomération,Hors intersection,Normale,Autre collision,,,,,,,,,,,1,2,1,1.0,6
201400019951,0014-04-12 14:35:00,14,4,12,14,35,170,415,"15, LECLERC COURS DU MAR",45.74931,-0.64543,Plein jour,En agglomération,Hors intersection,Normale,Autre collision,,,,,,,,,,,1,2,1,1.0,6
201400019952,0014-04-15 14:30:00,14,4,15,14,30,170,415,"2, EGLANTINES RUE DES",45.73767,-0.64703,Plein jour,En agglomération,Hors intersection,Normale,Autre collision,,,,,,,,,,,1,2,1,1.0,6
201400019953,0014-04-18 16:20:00,14,4,18,16,20,170,415,"20, COTE DE BEAUTE RUE D",45.74978,-0.66808,Plein jour,Hors agglomération,Hors intersection,Normale,Autre collision,,,,,,,,,,,1,1,1,1.0,6
201400019954,0014-04-25 17:25:00,14,4,25,17,25,170,415,"24, GAUTIER RUE",45.74468,-0.62735,Plein jour,En agglomération,Hors intersection,Normale,Autre collision,,,,,,,,,,,1,2,1,1.0,6
201400019955,0014-05-07 16:00:00,14,5,7,16,0,170,415,"02, CHAMP DE TIR RUE DU",45.74646,-0.67417,Plein jour,En agglomération,Hors intersection,Normale,Autre collision,,,,,,,,,,,1,2,1,1.0,6
201400019956,0014-05-16 11:30:00,14,5,16,11,30,170,415,"2, GENET 2 A 64 COURS",45.74774,-0.64538,Plein jour,En agglomération,Hors intersection,Normale,Autre collision,,,,,,,,,,,1,2,1,1.0,6
201400019957,0014-05-21 21:55:00,14,5,21,21,55,170,415,Route Nationale 137,45.7452,-0.66171,Crépuscule ou aube,Hors agglomération,Hors intersection,Normale,Autre collision,,,,,,,,,,,2,1,1,1.0,6
201400019958,0014-05-27 11:30:00,14,5,27,11,30,170,415,Route Nationale 137,45.73535,-0.65957,Plein jour,Hors agglomération,Hors intersection,Normale,Autre collision,,,,,,,,,,,1,1,1,1.0,6
201400019959,0014-06-04 16:10:00,14,6,4,16,10,170,415,"1, FROMENTIN RUE EUGENE",45.74761,-0.62961,Plein jour,En agglomération,Hors intersection,Normale,Autre collision,,,,,,,,,,,1,2,1,1.0,6
201400019960,0014-06-10 23:50:00,14,6,10,23,50,170,415,"1, KENNEDY AVENUE JOHN F",45.73344,-0.64548,Nuit avec éclairage allumé,Hors agglomération,Hors intersection,Normale,Autre collision,,,,,,,,,,,5,1,1,1.0,6
201400019961,0014-06-20 17:10:00,14,6,20,17,10,170,415,D?partementale  137,45.71652,-0.63456,Plein jour,Hors agglomération,Hors intersection,Normale,Autre collision,,,,,,,,,,,1,1,1,1.0,6
201400019962,0014-06-20 18:50:00,14,6,20,18,50,170,415,D?partementale  137,45.72402,-0.63936,Plein jour,Hors agglomération,Hors intersection,Normale,Autre collision,,,,,,,,,,,1,1,1,1.0,6
201400019963,0014-06-26 13:00:00,14,6,26,13,0,170,415,D?partementale  137,45.73221,-0.65869,Plein jour,Hors agglomération,Hors intersection,Normale,Autre collision,,,,,,,,,,,1,1,1,1.0,6
201400019964,0014-06-27 15:55:00,14,6,27,15,55,170,415,"1, DOUMER 2 A 143 /ROC.O",45.74391,-0.64718,Plein jour,En agglomération,Hors intersection,Normale,Autre collision,,,,,,,,,,,1,2,1,1.0,6
201400019965,0014-07-07 17:25:00,14,7,7,17,25,170,415,"7, GEMOZAC AVENUE DE",45.72202,-0.64144,Plein jour,Hors agglomération,Hors intersection,Normale,Autre collision,,,,,,,,,,,1,1,1,1.0,6
201400019966,0014-07-08 20:00:00,14,7,8,20,0,170,415,"92, BOULE RUE DE LA",45.75001,-0.6389,Plein jour,En agglomération,Hors intersection,Normale,Autre collision,,,,,,,,,,,1,2,1,1.0,6
201400019967,0014-07-18 16:15:00,14,7,18,16,15,170,415,D?partementale  137,45.73309,-0.65898,Plein jour,Hors agglomération,Hors intersection,Normale,Autre collision,,,,,,,,,,,1,1,1,1.0,6
201400019968,0014-07-21 18:30:00,14,7,21,18,30,170,415,"23, DUFAURE AVENUE JULES",45.74697,-0.61434,Plein jour,En agglomération,Hors intersection,Normale,Autre collision,,,,,,,,,,,1,2,1,1.0,6
201400019969,0014-07-30 09:25:00,14,7,30,9,25,170,415,"1, CASSIN RUE RENE",45.74201,-0.62716,Plein jour,En agglomération,Hors intersection,Normale,Autre collision,,,,,,,,,,,1,2,1,1.0,6
201400019970,0014-08-02 08:00:00,14,8,2,8,0,170,415,"15, LECLERC COURS DU MAR",45.74935,-0.64554,Plein jour,En agglomération,Hors intersection,Normale,Autre collision,,,,,,,,,,,1,2,1,1.0,6
201400019971,0014-08-13 21:35:00,14,8,13,21,35,170,415,"26, BERTHELOT RUE MARCEL",45.74236,-0.62153,Nuit avec éclairage non allumé,En agglomération,Hors intersection,Normale,Autre collision,,,,,,,,,,,4,2,1,1.0,6
201400019972,0014-08-18 14:35:00,14,8,18,14,35,170,415,"1, ECHALAS RUE DE L'",45.74084,-0.65397,Plein jour,En agglomération,Hors intersection,Normale,Autre collision,,,,,,,,,,,1,2,1,1.0,6
201400019973,0014-08-24 15:20:00,14,8,24,15,20,170,415,"1, PORT D'ENVAUX ROUTE D",45.76378,-0.64038,Plein jour,Hors agglomération,Hors intersection,Normale,Sans collision,,,,,,,,,,,1,1,1,1.0,7
201400019974,0014-08-28 16:00:00,14,8,28,16,0,170,415,"1, VARENNE RUE DE LA",45.74819,-0.67453,Plein jour,En agglomération,Hors intersection,Normale,Autre collision,,,,,,,,,,,1,2,1,1.0,6
201400019975,0014-09-19 10:30:00,14,9,19,10,30,170,415,"1, DESCLAUDE RUE GEORGES",45.75783,-0.64471,Plein jour,En agglomération,Giratoire,Normale,Autre collision,,,,,,,,,,,1,2,6,1.0,6
201400019976,0014-09-22 10:30:00,14,9,22,10,30,170,415,"1, JEAN RUE DU DOCTEUR",45.73799,-0.6165,Plein jour,En agglomération,Intersection en X,Normale,Autre collision,,,,,,,,,,,1,2,2,1.0,6
201400019977,0014-09-25 17:40:00,14,9,25,17,40,170,415,"8, ORMEAU DE PIED RUE DE",45.74358,-0.6643,Plein jour,En agglomération,Hors intersection,Normale,Autre collision,,,,,,,,,,,1,2,1,1.0,6
201400019978,0014-09-25 21:00:00,14,9,25,21,0,170,415,"9, JOURDAN AVENUE",45.74523,-0.61683,Nuit avec éclairage allumé,En agglomération,Hors intersection,Normale,Autre collision,,,,,,,,,,,5,2,1,1.0,6
201400019979,0014-10-04 16:00:00,14,10,4,16,0,170,415,"., BAUCHES DE GATERAT CH",45.74569,-0.67605,Plein jour,En agglomération,Hors intersection,Normale,Autre collision,,,,,,,,,,,1,2,1,1.0,6
201400019980,0014-10-07 17:40:00,14,10,7,17,40,170,415,"1, DOUMER 2 A 143 /ROC.O",45.7462,-0.66458,Plein jour,En agglomération,Hors intersection,Normale,Autre collision,,,,,,,,,,,1,2,1,1.0,6
201400019981,0014-10-07 18:40:00,14,10,7,18,40,170,415,"1, CHANIERS RUE DE",45.73293,-0.60916,Crépuscule ou aube,Hors agglomération,Hors intersection,Normale,Autre collision,,,,,,,,,,,2,1,1,1.0,6
201400019982,0014-10-20 16:10:00,14,10,20,16,10,170,415,Route Nationale 137,45.74453,-0.66153,Plein jour,Hors agglomération,Hors intersection,Normale,Autre collision,,,,,,,,,,,1,1,1,1.0,6
201400019983,0014-10-31 10:30:00,14,10,31,10,30,170,415,"1, JOURDAN AVENUE",45.74523,-0.61787,Plein jour,En agglomération,Hors intersection,Normale,Autre collision,,,,,,,,,,,1,2,1,1.0,6
201400019984,0014-10-31 20:15:00,14,10,31,20,15,170,415,"1, TOMBOUCTOU AVENUE DE",45.7385,-0.65362,Nuit avec éclairage allumé,Hors agglomération,Hors intersection,Normale,Autre collision,,,,,,,,,,,5,1,1,1.0,6
201400019985,0014-11-11 03:00:00,14,11,11,3,0,170,415,"5, EPINEUIL 1 A 65 RUE D",45.74032,-0.6227,Nuit avec éclairage allumé,En agglomération,Hors intersection,Normale,Autre collision,,,,,,,,,,,5,2,1,1.0,6
201400019986,0014-11-23 11:40:00,14,11,23,11,40,170,415,"2, GEMOZAC AVENUE DE",45.72371,-0.64008,Plein jour,Hors agglomération,Hors intersection,Normale,Autre collision,,,,,,,,,,,1,1,1,1.0,6
201400019987,0014-11-27 22:45:00,14,11,27,22,45,170,415,"23, ROCHES 1 A 31 QUAI D",45.73736,-0.63913,Nuit avec éclairage allumé,En agglomération,Hors intersection,Normale,Sans collision,,,,,,,,,,,5,2,1,1.0,7
201400019988,0014-12-05 17:45:00,14,12,5,17,45,170,415,"1, SAINTONGE BLANC. A AP",45.74181,-0.64271,Crépuscule ou aube,En agglomération,Hors intersection,Normale,Autre collision,,,,,,,,,,,2,2,1,1.0,6
201400019989,0014-12-05 18:00:00,14,12,5,18,0,170,415,"1, SAINTONGE RUELLE  DE",45.74515,-0.62726,Nuit avec éclairage allumé,En agglomération,Hors intersection,Pluie légère,Autre collision,,,,,,,,,,,5,2,1,2.0,6
201400019990,0014-12-05 18:51:00,14,12,5,18,51,170,415,"1, DUFAURE AVENUE JULES",45.74627,-0.61745,Nuit avec éclairage allumé,En agglomération,Hors intersection,Pluie légère,Autre collision,,,,,,,,,,,5,2,1,2.0,6
201400019991,0014-12-12 19:10:00,14,12,12,19,10,170,415,"., VARZAY ROUTE DE",45.72651,-0.67711,Nuit sans éclairage public,Hors agglomération,Hors intersection,Normale,Autre collision,,,,,,,,,,,3,1,1,1.0,6
201400019992,0014-12-23 09:20:00,14,12,23,9,20,170,415,Route Nationale 137,45.7253,-0.64422,Plein jour,Hors agglomération,Hors intersection,Normale,Autre collision,,,,,,,,,,,1,1,1,1.0,6
201400019993,0014-06-02 13:10:00,14,6,2,13,10,170,415,"1, LECLERC COURS DU MARE",45.74875,-0.64429,Plein jour,En agglomération,Hors intersection,Normale,Autre collision,,,,,,,,,,,1,2,1,1.0,6
201400019994,0014-04-19 06:10:00,14,4,19,6,10,370,153,,,,Nuit sans éclairage public,Hors agglomération,Hors intersection,Normale,Deux véhicules - côté,,,,,,,,,,,3,1,1,1.0,3
201400019995,0014-05-02 05:30:00,14,5,2,5,30,370,166,,,,Nuit sans éclairage public,Hors agglomération,Hors intersection,Normale,Deux véhicules - arrière,,,,,,,,,,,3,1,1,1.0,2
201400019996,0014-07-16 18:15:00,14,7,16,18,15,370,166,,,,Plein jour,Hors agglomération,Hors intersection,Normale,Deux véhicules - arrière,,,,,,,,,,,1,1,1,1.0,2
201400019997,0014-08-10 18:15:00,14,8,10,18,15,370,204,,,,Plein jour,Hors agglomération,Hors intersection,Normale,Trois véhicules et plus - collisions multiples,,,,,,,,,,,1,1,1,1.0,5
201400019998,0014-09-14 13:45:00,14,9,14,13,45,370,153,,,,Plein jour,Hors agglomération,Hors intersection,Normale,Autre collision,,,,,,,,,,,1,1,1,1.0,6
201400019999,0014-10-13 07:00:00,14,10,13,7,0,370,203,26 QUAI DE LA LOIRE,,,Crépuscule ou aube,En agglomération,Hors intersection,Normale,Deux véhicules - côté,,,,,,,,,,,2,2,1,1.0,3
201400020000,0014-12-22 11:45:00,14,12,22,11,45,370,213,,,,Plein jour,Hors agglomération,Hors intersection,Normale,Deux véhicules - arrière,,,,,,,,,,,1,1,1,1.0,2
201400020001,0014-02-23 17:30:00,14,2,23,17,30,340,270,,,,Plein jour,Hors agglomération,Giratoire,Normale,Deux véhicules - arrière,,,,,,,,,,,1,1,6,1.0,2
201400020002,0014-03-26 10:00:00,14,3,26,10,0,340,95,,,,Plein jour,Hors agglomération,Hors intersection,Vent fort / tempête,Trois véhicules et plus - collisions multiples,,,,,,,,,,,1,1,1,6.0,5
201400020003,0014-07-02 11:15:00,14,7,2,11,15,340,270,rue Gossec,,,Plein jour,En agglomération,Hors intersection,Normale,Deux véhicules - côté,,,,,,,,,,,1,2,1,1.0,3
201400020004,0014-08-09 00:15:00,14,8,9,0,15,340,270,,,,Nuit sans éclairage public,Hors agglomération,Hors intersection,Pluie forte,Deux véhicules - frontale,,,,,,,,,,,3,1,1,3.0,1
201400020005,0014-09-27 15:45:00,14,9,27,15,45,340,95,,,,Nuit sans éclairage public,Hors agglomération,Hors intersection,Normale,Deux véhicules - frontale,,,,,,,,,,,3,1,1,1.0,1
201400020006,0014-10-09 10:00:00,14,10,9,10,0,340,270,,,,Plein jour,Hors agglomération,Hors intersection,Normale,Deux véhicules - frontale,,,,,,,,,,,1,1,1,1.0,1
201400020007,0014-01-14 21:30:00,14,1,14,21,30,660,141,,,,Nuit sans éclairage public,Hors agglomération,Hors intersection,Normale,Deux véhicules - frontale,,,,,,,,,,,3,1,1,1.0,1
201400020008,0014-03-23 15:00:00,14,3,23,15,0,660,21,"d1 pk 24,300",,,Plein jour,En agglomération,Hors intersection,Normale,Deux véhicules - côté,,,,,,,,,,,1,2,1,1.0,3
201400020009,0014-02-18 08:30:00,14,2,18,8,30,300,141,,44.10043,4.6419,Plein jour,Hors agglomération,Hors intersection,Normale,Deux véhicules - arrière,,,,,,,,,,,1,1,1,1.0,2
201400020010,0014-03-27 10:45:00,14,3,27,10,45,300,127,chemin de l'oppidum,44.07928,4.57027,Plein jour,En agglomération,Hors intersection,Normale,Sans collision,,,,,,,,,,,1,2,1,1.0,7
201400020011,0014-04-16 09:00:00,14,4,16,9,0,300,141,D121,44.09809,4.67767,Plein jour,En agglomération,Hors intersection,Normale,Trois véhicules et plus - collisions multiples,,,,,,,,,,,1,2,1,1.0,5
201400020012,0014-04-27 02:30:00,14,4,27,2,30,300,127,,44.06307,4.5749,Nuit sans éclairage public,Hors agglomération,Hors intersection,Temps couvert,Autre collision,,,,,,,,,,,3,1,1,8.0,6
201400020013,0014-06-26 20:00:00,14,6,26,20,0,300,141,,44.10015,4.64084,Plein jour,Hors agglomération,Hors intersection,Normale,Autre collision,,,,,,,,,,,1,1,1,1.0,6
201400020014,0014-09-04 08:00:00,14,9,4,8,0,300,331,,44.12017,4.61526,Plein jour,Hors agglomération,Autre intersection,Normale,Deux véhicules - côté,,,,,,,,,,,1,1,9,1.0,3
201400020015,0014-09-07 23:45:00,14,9,7,23,45,300,225,,44.16552,4.54606,Nuit sans éclairage public,Hors agglomération,Hors intersection,Normale,Autre collision,,,,,,,,,,,3,1,1,1.0,6
201400020016,0014-11-11 19:45:00,14,11,11,19,45,300,127,,44.0707,4.58112,Nuit sans éclairage public,Hors agglomération,Hors intersection,Temps couvert,Deux véhicules - frontale,,,,,,,,,,,3,1,1,8.0,1
201400020017,0014-12-12 15:30:00,14,12,12,15,30,300,141,,44.11226,4.69085,Plein jour,Hors agglomération,Hors intersection,Normale,Trois véhicules et plus - collisions multiples,,,,,,,,,,,1,1,1,1.0,5
201400020018,0014-01-04 02:45:00,14,1,4,2,45,410,10,,47.838,0.997,Nuit sans éclairage public,Hors agglomération,Hors intersection,Normale,Autre collision,,,,,,,,,,,3,1,1,1.0,6
201400020019,0014-02-25 14:00:00,14,2,25,14,0,410,287,,47.756,1.044,Plein jour,Hors agglomération,Hors intersection,Temps couvert,Deux véhicules - frontale,,,,,,,,,,,1,1,1,8.0,1
201400020020,0014-06-06 18:00:00,14,6,6,18,0,410,107,RD 108 RD 65 chandelay,47.678,1.04099,Plein jour,Hors agglomération,Intersection en T,Normale,Deux véhicules - côté,,,,,,,,,,,1,1,3,1.0,3
201400020021,0014-06-10 18:30:00,14,6,10,18,30,410,278,lieu dit la carte RD71,47.649,0.941,Plein jour,Hors agglomération,Hors intersection,Normale,Autre collision,,,,,,,,,,,1,1,1,1.0,6
201400020022,0014-06-29 01:00:00,14,6,29,1,0,410,199,54 rue pasteur,47.684,1.02,Nuit avec éclairage non allumé,En agglomération,Hors intersection,Pluie légère,Autre collision,,,,,,,,,,,4,2,1,2.0,6
201400020023,0014-07-21 20:00:00,14,7,21,20,0,410,255,,47.742,0.803,Plein jour,Hors agglomération,Hors intersection,Normale,Deux véhicules - côté,,,,,,,,,,,1,1,1,1.0,3
201400020024,0014-07-30 09:30:00,14,7,30,9,30,410,265,"""la borde""",47.775,0.766,Plein jour,Hors agglomération,Hors intersection,Normale,Deux véhicules - arrière,,,,,,,,,,,1,1,1,1.0,2
201400020025,0014-08-04 09:15:00,14,8,4,9,15,410,87,,47.77,0.855,Plein jour,Hors agglomération,Hors intersection,Normale,Deux véhicules - côté,,,,,,,,,,,1,1,1,1.0,3
201400020026,0014-08-09 11:00:00,14,8,9,11,0,410,225,,47.75,0.815,Plein jour,Hors agglomération,Hors intersection,Normale,Autre collision,,,,,,,,,,,1,1,1,1.0,6
201400020027,0014-08-18 17:00:00,14,8,18,17,0,410,102,,47.761,0.95,Plein jour,Hors agglomération,Hors intersection,Normale,Deux véhicules - frontale,,,,,,,,,,,1,1,1,1.0,1
201400020028,0014-09-13 15:15:00,14,9,13,15,15,410,120,,47.787,0.918,Plein jour,Hors agglomération,Hors intersection,Normale,Sans collision,,,,,,,,,,,1,1,1,1.0,7
201400020029,0014-10-12 16:30:00,14,10,12,16,30,410,278,,47.652,0.952,Plein jour,Hors agglomération,Hors intersection,Normale,Sans collision,,,,,,,,,,,1,1,1,1.0,7
201400020030,0014-10-17 07:30:00,14,10,17,7,30,410,199,,47.677,0.978,Nuit sans éclairage public,Hors agglomération,Hors intersection,Pluie légère,Deux véhicules - frontale,,,,,,,,,,,3,1,1,2.0,1
201400020031,0014-11-03 12:45:00,14,11,3,12,45,410,287,,47.764,1.053,Plein jour,Hors agglomération,Hors intersection,Pluie légère,Trois véhicules et plus - collisions multiples,,,,,,,,,,,1,1,1,2.0,5
201400020032,0014-11-12 11:30:00,14,11,12,11,30,410,113,,47.751,0.895,Plein jour,Hors agglomération,Hors intersection,Normale,Deux véhicules - frontale,,,,,,,,,,,1,1,1,1.0,1
201400020033,0014-12-01 07:45:00,14,12,1,7,45,410,10,Place de l'Eglise,46.431,4.761,Crépuscule ou aube,En agglomération,Hors intersection,Pluie légère,Deux véhicules - côté,,,,,,,,,,,2,2,1,2.0,3
201400020034,0014-03-29 23:20:00,14,3,29,23,20,140,488,,49.2752,-0.26631,Nuit sans éclairage public,En agglomération,Hors intersection,Normale,Sans collision,,,,,,,,,,,3,2,1,1.0,7
201400020035,0014-02-03 09:00:00,14,2,3,9,0,770,162,,48.873,3.128,Plein jour,Hors agglomération,Hors intersection,Autre,Deux véhicules - frontale,,,,,,,,,,,1,1,1,9.0,1
201400020036,0014-02-07 21:45:00,14,2,7,21,45,770,116,10 la fr?nois,48.769,3.231,Nuit avec éclairage allumé,En agglomération,Hors intersection,Normale,Sans collision,,,,,,,,,,,5,2,1,1.0,7
201400020037,0014-05-06 20:15:00,14,5,6,20,15,770,406,,48.834,3.509,Plein jour,Hors agglomération,Intersection en X,Normale,Deux véhicules - côté,,,,,,,,,,,1,1,2,1.0,3