accident_id,datetime,annee,mois,jour,heure,minute,departement,commune_insee,adresse,latitude,longitude,luminosite,agglomeration,intersection,meteo,collision,nb_vehicules,nb_usagers,nb_indemnes,nb_tues,nb_blesses_hosp,nb_blesses_legers,age_cond_1,age_cond_2,veh_type_cond_1,veh_type_cond_2,lum_code,agg_code,int_code,atm_code,col_code
201400020169,0014-03-17 14:30:00,14,3,17,14,30,180,33,rue du gl challe,,,Plein jour,En agglomération,Intersection en X,Normale,Deux véhicules - côté,,,,,,,,,,,1,2,2,1.0,3
201400020170,0014-03-17 17:20:00,14,3,17,17,20,180,33,"305, SAINT-MICHEL (RTE D",47.10744,2.42941,Plein jour,En agglomération,Intersection en T,Normale,Autre collision,,,,,,,,,,,1,2,3,1.0,6
201400020171,0014-03-19 13:21:00,14,3,19,13,21,180,33,GAUTIERS (CHEMIN DE,47.11982,2.42139,Plein jour,En agglomération,Hors intersection,Normale,Autre collision,,,,,,,,,,,1,2,1,1.0,6
201400020172,0014-03-25 14:10:00,14,3,25,14,10,180,33,"125, TURLY (RUE DE)",47.09931,2.4181,Plein jour,En agglomération,Intersection en T,Pluie légère,Autre collision,,,,,,,,,,,1,2,3,2.0,6
201400020173,0014-03-26 17:40:00,14,3,26,17,40,180,205,"1, DEBORD (AVENUE DU)",47.09597,2.37263,Plein jour,En agglomération,Hors intersection,Normale,Deux véhicules - côté,,,,,,,,,,,1,2,1,1.0,3
201400020174,0014-03-27 08:30:00,14,3,27,8,30,180,205,RD 2076,47.12494,2.34688,Plein jour,Hors agglomération,Intersection en X,Normale,Trois véhicules et plus - collisions multiples,,,,,,,,,,,1,1,2,1.0,5
201400020175,0014-04-01 08:00:00,14,4,1,8,0,180,33,DE GAULLE (AV DU GENERAL,47.10249,2.40889,Plein jour,En agglomération,Hors intersection,Normale,Autre collision,,,,,,,,,,,1,2,1,1.0,6
201400020176,0014-04-01 17:07:00,14,4,1,17,7,180,33,"4, PLANCHAT (PLACE)",47.08549,2.393,Plein jour,En agglomération,Hors intersection,Normale,Autre collision,,,,,,,,,,,1,2,1,1.0,6
201400020177,0014-04-01 18:58:00,14,4,1,18,58,180,33,CHARITE (ROUTE DE LA),47.09374,2.40387,Plein jour,En agglomération,Hors intersection,Normale,Trois véhicules et plus - en chaîne,,,,,,,,,,,1,2,1,1.0,4
201400020178,0014-04-03 12:00:00,14,4,3,12,0,180,33,"175, DE GAULLE (AV DU GE",47.10453,2.41028,Plein jour,En agglomération,Intersection en X,Normale,Deux véhicules - frontale,,,,,,,,,,,1,2,2,1.0,1
201400020179,0014-04-07 18:24:00,14,4,7,18,24,180,33,DUN-SUR-AURON (AVENUE DE,47.07132,2.4122,Plein jour,En agglomération,Hors intersection,Normale,Trois véhicules et plus - en chaîne,,,,,,,,,,,1,2,1,1.0,4
201400020180,0014-04-09 13:15:00,14,4,9,13,15,180,33,"02, CLEMENCEAU (BOULEVAR",47.08629,2.39903,Plein jour,En agglomération,Hors intersection,Normale,Deux véhicules - côté,,,,,,,,,,,1,2,1,1.0,3
201400020181,0014-04-09 16:29:00,14,4,9,16,29,180,33,JURANVILLE (BOULEV,47.08256,2.38917,Plein jour,En agglomération,Hors intersection,Normale,Deux véhicules - côté,,,,,,,,,,,1,2,1,1.0,3
201400020182,0014-04-09 17:09:00,14,4,9,17,9,180,33,"13a, LIBERATION (AVENUE",47.10298,2.40501,Plein jour,En agglomération,Autre intersection,Normale,Deux véhicules - côté,,,,,,,,,,,1,2,9,1.0,3
201400020183,0014-04-14 18:30:00,14,4,14,18,30,180,205,RD 2076,47.12503,2.34639,Plein jour,Hors agglomération,Hors intersection,Normale,Deux véhicules - arrière,,,,,,,,,,,1,1,1,1.0,2
201400020184,0014-04-18 22:04:00,14,4,18,22,4,180,33,CHARITE (ROUTE DE,47.09491,2.42064,Nuit avec éclairage allumé,En agglomération,Intersection en X,Normale,Deux véhicules - côté,,,,,,,,,,,5,2,2,1.0,3
201400020185,0014-04-25 13:15:00,14,4,25,13,15,180,205,PORTE DE BERRY-BOUY (ROC,47.09775,2.33577,Plein jour,Hors agglomération,Hors intersection,Normale,Sans collision,,,,,,,,,,,1,1,1,1.0,7
201400020186,0014-04-26 11:35:00,14,4,26,11,35,180,33,"54, GAMBETTA (BOULEVARD)",47.08777,2.38939,Plein jour,En agglomération,Hors intersection,Pluie légère,Trois véhicules et plus - en chaîne,,,,,,,,,,,1,2,1,2.0,4
201400020187,0014-04-27 14:40:00,14,4,27,14,40,180,33,RD 400 (Rocade),,,Plein jour,Hors agglomération,Giratoire,Normale,Autre collision,,,,,,,,,,,1,1,6,1.0,6
201400020188,0014-04-29 17:44:00,14,4,29,17,44,180,205,RD 2076,47.12355,2.35559,Plein jour,Hors agglomération,Hors intersection,Pluie forte,Deux véhicules - arrière,,,,,,,,,,,1,1,1,3.0,2
201400020189,0014-05-03 00:05:00,14,5,3,0,5,180,33,"14, LAUDIER (AVENUE HENR",47.09232,2.39383,Nuit avec éclairage allumé,En agglomération,Hors intersection,Normale,Autre collision,,,,,,,,,,,5,2,1,1.0,6
201400020190,0014-05-09 22:15:00,14,5,9,22,15,180,267,"202, SAINT-AMAND (ROUTE",,,Nuit avec éclairage allumé,En agglomération,Hors intersection,Normale,Autre collision,,,,,,,,,,,5,2,1,1.0,6
201400020191,0014-05-10 06:40:00,14,5,10,6,40,180,205,"496, BERRY-BOUY (ROUTE D",,,Crépuscule ou aube,En agglomération,Hors intersection,Normale,Autre collision,,,,,,,,,,,2,2,1,1.0,6
201400020192,0014-05-13 18:05:00,14,5,13,18,5,180,33,INDUSTRIE (BOULEVA,47.07237,2.39608,Plein jour,En agglomération,Hors intersection,Normale,Deux véhicules - côté,,,,,,,,,,,1,2,1,1.0,3
201400020193,0014-05-16 19:55:00,14,5,16,19,55,180,205,Rocade,,,Plein jour,Hors agglomération,Hors intersection,Normale,Sans collision,,,,,,,,,,,1,1,1,1.0,7
201400020194,0014-05-17 14:40:00,14,5,17,14,40,180,33,RD 106,47.04958,2.40834,Plein jour,Hors agglomération,Hors intersection,Normale,Autre collision,,,,,,,,,,,1,1,1,1.0,6
201400020195,0014-05-19 06:55:00,14,5,19,6,55,180,213,"20, GENERAL DE GAULLE (A",47.09908,2.48346,Plein jour,En agglomération,Hors intersection,Normale,Autre collision,,,,,,,,,,,1,2,1,1.0,6
201400020196,0014-05-20 18:30:00,14,5,20,18,30,180,33,"43, FOCH (BOULEVARD DU M",47.07731,2.40776,Plein jour,En agglomération,Hors intersection,Normale,Autre collision,,,,,,,,,,,1,2,1,1.0,6
201400020197,0014-05-21 11:10:00,14,5,21,11,10,180,33,"34, PARMENTIER (RUE)",47.08874,2.39625,Plein jour,En agglomération,Intersection en T,Temps couvert,Autre collision,,,,,,,,,,,1,2,3,8.0,6
201400020198,0014-05-25 16:35:00,14,5,25,16,35,180,33,"10, HAEGELEN (AVENUE MAR",47.07531,2.38399,Plein jour,En agglomération,Hors intersection,Normale,Deux véhicules - côté,,,,,,,,,,,1,2,1,1.0,3
201400020199,0014-06-03 08:00:00,14,6,3,8,0,180,33,RD 400,,,Plein jour,Hors agglomération,Hors intersection,Normale,Trois véhicules et plus - en chaîne,,,,,,,,,,,1,1,1,1.0,4
201400020200,0014-06-03 10:30:00,14,6,3,10,30,180,33,"1, JAURES (AVENUE JEAN)",47.09046,2.39351,Plein jour,En agglomération,Giratoire,Normale,Autre collision,,,,,,,,,,,1,2,6,1.0,6
201400020201,0014-06-04 08:55:00,14,6,4,8,55,180,33,FOCH (BD DU MARECHAL),47.07855,2.40925,Plein jour,En agglomération,Intersection en T,Pluie légère,Autre collision,,,,,,,,,,,1,2,3,2.0,6
201400020202,0014-06-04 16:00:00,14,6,4,16,0,180,205,RD 400 (Rocade),,,Plein jour,Hors agglomération,Hors intersection,Normale,Trois véhicules et plus - collisions multiples,,,,,,,,,,,1,1,1,1.0,5
201400020203,0014-06-07 11:33:00,14,6,7,11,33,180,33,BOUIN (RUE JEAN),47.07777,2.39772,Plein jour,En agglomération,Intersection en T,Normale,Autre collision,,,,,,,,,,,1,2,3,1.0,6
201400020204,0014-06-10 18:10:00,14,6,10,18,10,180,33,"8, LAHITOLLE (BOULEVARD)",47.08103,2.40821,Plein jour,En agglomération,Intersection en T,Temps éblouissant,Deux véhicules - côté,,,,,,,,,,,1,2,3,7.0,3
201400020205,0014-06-12 18:20:00,14,6,12,18,20,180,33,"40, FILEUSES (RUE DES)",47.06487,2.4155,Plein jour,En agglomération,Hors intersection,Temps éblouissant,Autre collision,,,,,,,,,,,1,2,1,7.0,6
201400020206,0014-06-13 16:50:00,14,6,13,16,50,180,33,AUGER (BD),47.07818,2.4097,Plein jour,En agglomération,Intersection à plus de 4 branches,Normale,Deux véhicules - côté,,,,,,,,,,,1,2,5,1.0,3
201400020207,0014-06-14 20:45:00,14,6,14,20,45,180,33,"113, HAEGELEN (AVENUE MA",47.07109,2.37789,Crépuscule ou aube,En agglomération,Hors intersection,Normale,Autre collision,,,,,,,,,,,2,2,1,1.0,6
201400020208,0014-06-16 02:10:00,14,6,16,2,10,180,33,GARE DE MARCHANDISES (RU,47.0952,2.39272,Nuit avec éclairage allumé,En agglomération,Hors intersection,Normale,Autre collision,,,,,,,,,,,5,2,1,1.0,6
201400020209,0014-06-16 12:50:00,14,6,16,12,50,180,33,RN 151,47.05378,2.35181,Plein jour,Hors agglomération,Hors intersection,Normale,Autre collision,,,,,,,,,,,1,1,1,1.0,6
201400020210,0014-06-18 11:10:00,14,6,18,11,10,180,33,"59, MITTERRAND (AVENUE F",47.08371,2.42455,Plein jour,En agglomération,Hors intersection,Normale,Autre collision,,,,,,,,,,,1,2,1,1.0,6
201400020211,0014-06-20 02:39:00,14,6,20,2,39,180,213,CHARITE (ROUTE DE LA),,,Nuit avec éclairage allumé,En agglomération,Hors intersection,Normale,Sans collision,,,,,,,,,,,5,2,1,1.0,7
201400020212,0014-06-25 16:30:00,14,6,25,16,30,180,205,RD 2076,,,Plein jour,Hors agglomération,Hors intersection,Normale,Autre collision,,,,,,,,,,,1,1,1,1.0,6
201400020213,0014-06-25 18:08:00,14,6,25,18,8,180,33,CHARITE (ROUTE DE,47.09571,2.43477,Plein jour,En agglomération,Hors intersection,Normale,Deux véhicules - arrière,,,,,,,,,,,1,2,1,1.0,2
201400020214,0014-07-01 11:50:00,14,7,1,11,50,180,33,"39, MERMOZ (BOULEVARD JE",47.06697,2.37995,Plein jour,En agglomération,Intersection en X,Normale,Deux véhicules - côté,,,,,,,,,,,1,2,2,1.0,3
201400020215,0014-07-04 13:45:00,14,7,4,13,45,180,33,LATTRE DE TASSIGNY (AVEN,47.09493,2.42078,Plein jour,En agglomération,Intersection en T,Pluie forte,Trois véhicules et plus - collisions multiples,,,,,,,,,,,1,2,3,3.0,5
201400020216,0014-07-04 15:11:00,14,7,4,15,11,180,33,porte de Nevers,47.08395,2.44522,Plein jour,Hors agglomération,Giratoire,Pluie légère,Deux véhicules - arrière,,,,,,,,,,,1,1,6,2.0,2
201400020217,0014-07-04 19:20:00,14,7,4,19,20,180,33,GARROS (AVENUE ROLLAND),47.06653,2.38249,Plein jour,En agglomération,Hors intersection,Pluie forte,Deux véhicules - côté,,,,,,,,,,,1,2,1,3.0,3
201400020218,0014-07-08 12:40:00,14,7,8,12,40,180,33,"14 TER, CHATEAU D'EAU (R",47.07591,2.402,Plein jour,En agglomération,Hors intersection,Normale,Autre collision,,,,,,,,,,,1,2,1,1.0,6
201400020219,0014-07-09 18:00:00,14,7,9,18,0,180,213,RN142,47.08265,2.44359,Plein jour,Hors agglomération,Giratoire,Pluie forte,Trois véhicules et plus - collisions multiples,,,,,,,,,,,1,1,6,3.0,5
201400020220,0014-07-14 18:25:00,14,7,14,18,25,180,33,GARE DE MARCHANDISES (RU,47.09638,2.39283,Plein jour,Hors agglomération,Intersection en T,Pluie légère,Deux véhicules - côté,,,,,,,,,,,1,1,3,2.0,3
201400020221,0014-07-18 15:20:00,14,7,18,15,20,180,33,PAUL (RUE MARCEL),47.06545,2.39481,Plein jour,En agglomération,Giratoire,Normale,Trois véhicules et plus - en chaîne,,,,,,,,,,,1,2,6,1.0,4
201400020222,0014-07-21 16:30:00,14,7,21,16,30,180,33,"30, SANTOS-DUMONT (BOULE",47.07072,2.38462,Plein jour,En agglomération,Hors intersection,Normale,Deux véhicules - côté,,,,,,,,,,,1,2,1,1.0,3
201400020223,0014-07-22 17:50:00,14,7,22,17,50,180,50,LE VERNILLET (LIEU-DIT),47.04878,2.32348,Plein jour,En agglomération,Hors intersection,Normale,Deux véhicules - arrière,,,,,,,,,,,1,2,1,1.0,2
201400020224,0014-07-22 18:49:00,14,7,22,18,49,180,33,avenue ernest renan,47.08257,2.41303,Plein jour,En agglomération,Hors intersection,Normale,Deux véhicules - côté,,,,,,,,,,,1,2,1,1.0,3
201400020225,0014-07-23 08:00:00,14,7,23,8,0,180,33,RN 142,47.05666,2.42764,Plein jour,Hors agglomération,Giratoire,Normale,Sans collision,,,,,,,,,,,1,1,6,1.0,7
201400020226,0014-07-24 07:25:00,14,7,24,7,25,180,33,CHAPPE (CHAUSSEE DE,47.09178,2.42164,Plein jour,En agglomération,Giratoire,Normale,Autre collision,,,,,,,,,,,1,2,6,1.0,6
201400020227,0014-07-25 17:45:00,14,7,25,17,45,180,33,LIBERATION (AVENUE DE LA,47.10265,2.40468,Plein jour,En agglomération,Hors intersection,Normale,Autre collision,,,,,,,,,,,1,2,1,1.0,6
201400020228,0014-07-28 07:47:00,14,7,28,7,47,180,33,VAL D'AURON (AV DU),47.06365,2.41174,Plein jour,En agglomération,Hors intersection,Pluie forte,Autre collision,,,,,,,,,,,1,2,1,3.0,6
201400020229,0014-07-28 10:05:00,14,7,28,10,5,180,33,QUATRE VENTS (ROUTE DES),,,Plein jour,Hors agglomération,Hors intersection,Temps couvert,Trois véhicules et plus - en chaîne,,,,,,,,,,,1,1,1,8.0,4
201400020230,0014-07-28 15:00:00,14,7,28,15,0,180,33,SAINT-MICHEL (ROUTE DE),,,Plein jour,Hors agglomération,Hors intersection,Normale,Autre collision,,,,,,,,,,,1,1,1,1.0,6
201400020231,0014-07-29 18:00:00,14,7,29,18,0,180,213,RN 151,47.09635,2.44405,Plein jour,En agglomération,Giratoire,Pluie légère,Sans collision,,,,,,,,,,,1,2,6,2.0,7
201400020232,0014-07-31 19:00:00,14,7,31,19,0,180,33,NIEPCE (RUE NICEPH,47.04579,2.34404,Plein jour,Hors agglomération,Intersection en T,Normale,Deux véhicules - frontale,,,,,,,,,,,1,1,3,1.0,1
201400020233,0014-08-07 18:03:00,14,8,7,18,3,180,33,DE VOGUE (RUE ARNAUD),47.09469,2.40543,Plein jour,En agglomération,Intersection en T,Normale,Deux véhicules - côté,,,,,,,,,,,1,2,3,1.0,3
201400020234,0014-08-08 18:45:00,14,8,8,18,45,180,33,DUN-SUR-AURON (AVENUE DE,47.06623,2.41819,Plein jour,En agglomération,Hors intersection,Normale,Deux véhicules - côté,,,,,,,,,,,1,2,1,1.0,3
201400020235,0014-08-12 11:35:00,14,8,12,11,35,180,267,PLAIMPIED (ROUTE DE),47.01006,2.3847,Plein jour,Hors agglomération,Hors intersection,Normale,Autre collision,,,,,,,,,,,1,1,1,1.0,6
201400020236,0014-08-12 15:54:00,14,8,12,15,54,180,33,"sans, FRANCE (COUR ANATO",47.08325,2.40261,Plein jour,En agglomération,Hors intersection,Normale,Autre collision,,,,,,,,,,,1,2,1,1.0,6
201400020237,0014-08-14 20:10:00,14,8,14,20,10,180,205,ORLEANS (ROUTE D'),47.09174,2.38383,Plein jour,En agglomération,Intersection en Y,Normale,Deux véhicules - frontale,,,,,,,,,,,1,2,4,1.0,1
201400020238,0014-08-20 14:40:00,14,8,20,14,40,180,205,"80, ORLEANS (ROUTE D')",47.09971,2.38119,Plein jour,En agglomération,Intersection en T,Normale,Deux véhicules - arrière,,,,,,,,,,,1,2,3,1.0,2
201400020239,0014-08-20 18:00:00,14,8,20,18,0,180,33,AVENIR (BD DE L'),47.08074,2.38293,Plein jour,En agglomération,Intersection en X,Normale,Deux véhicules - côté,,,,,,,,,,,1,2,2,1.0,3
201400020240,0014-08-24 18:15:00,14,8,24,18,15,180,205,ORLEANS (AVENUE D'),47.09141,2.38398,Plein jour,En agglomération,Intersection en Y,Normale,Deux véhicules - frontale,,,,,,,,,,,1,2,4,1.0,1
201400020241,0014-08-26 08:40:00,14,8,26,8,40,180,205,PONTS (RUE DES DEUX),47.09606,2.38687,Plein jour,En agglomération,Hors intersection,Pluie légère,Autre collision,,,,,,,,,,,1,2,1,2.0,6
201400020242,0014-09-02 13:30:00,14,9,2,13,30,180,33,"112, LATTRE DE TASSIGNY",47.09827,2.417,Plein jour,En agglomération,Hors intersection,Normale,Deux véhicules - côté,,,,,,,,,,,1,2,1,1.0,3
201400020243,0014-09-03 14:05:00,14,9,3,14,5,180,33,"362, DE GAULLE (AV DU GE",47.11379,2.41662,Plein jour,En agglomération,Hors intersection,Normale,Deux véhicules - arrière,,,,,,,,,,,1,2,1,1.0,2
201400020244,0014-09-06 15:08:00,14,9,6,15,8,180,33,rue de sarrebourg,47.08007,2.40248,Plein jour,En agglomération,Hors intersection,Normale,Deux véhicules - arrière,,,,,,,,,,,1,2,1,1.0,2
201400020245,0014-09-08 19:20:00,14,9,8,19,20,180,33,"224, SAINT-MICHEL (ROUTE",47.10449,2.42452,Plein jour,En agglomération,Intersection en T,Normale,Deux véhicules - arrière,,,,,,,,,,,1,2,3,1.0,2
201400020246,0014-09-09 17:11:00,14,9,9,17,11,180,33,VILLON (RUE FRANCOIS),47.10185,2.41084,Plein jour,En agglomération,Hors intersection,Normale,Autre collision,,,,,,,,,,,1,2,1,1.0,6
201400020247,0014-09-10 14:45:00,14,9,10,14,45,180,33,RD 400 (Rocade),,,Plein jour,Hors agglomération,Giratoire,Normale,Deux véhicules - côté,,,,,,,,,,,1,1,6,1.0,3
201400020248,0014-09-10 19:55:00,14,9,10,19,55,180,33,VOLTA (RUE),47.08891,2.39325,Plein jour,En agglomération,Intersection en T,Normale,Deux véhicules - côté,,,,,,,,,,,1,2,3,1.0,3
201400020249,0014-09-11 17:00:00,14,9,11,17,0,180,33,CHARITE (ROUTE DE LA),47.09499,2.42154,Plein jour,En agglomération,Hors intersection,Normale,Deux véhicules - arrière,,,,,,,,,,,1,2,1,1.0,2
201400020250,0014-09-11 23:50:00,14,9,11,23,50,180,33,"64, LAMARCK (BOULEVARD)",47.07853,2.39186,Nuit sans éclairage public,En agglomération,Hors intersection,Normale,Autre collision,,,,,,,,,,,3,2,1,1.0,6
201400020251,0014-09-12 18:50:00,14,9,12,18,50,180,33,AUGER (BD),,,Plein jour,En agglomération,Giratoire,Normale,Deux véhicules - arrière,,,,,,,,,,,1,2,6,1.0,2
201400020252,0014-09-18 13:55:00,14,9,18,13,55,180,33,DE GAULLE (AV DU GENERA,47.10316,2.40934,Plein jour,En agglomération,Intersection en T,Normale,Sans collision,,,,,,,,,,,1,2,3,1.0,7
201400020253,0014-09-20 01:17:00,14,9,20,1,17,180,33,CHAUSSEE DE CHAPPE,47.09486,2.42348,Nuit avec éclairage allumé,Hors agglomération,Hors intersection,Normale,Deux véhicules - arrière,,,,,,,,,,,5,1,1,1.0,2
201400020254,0014-09-24 16:00:00,14,9,24,16,0,180,33,JURANVILLE (BOULEVARD DE,47.08243,2.38911,Plein jour,En agglomération,Hors intersection,Normale,Trois véhicules et plus - en chaîne,,,,,,,,,,,1,2,1,1.0,4
201400020255,0014-09-27 22:20:00,14,9,27,22,20,180,33,"69, BOURBONNOUX (RUE)",47.0833,2.39997,Nuit avec éclairage allumé,En agglomération,Hors intersection,Normale,Deux véhicules - frontale,,,,,,,,,,,5,2,1,1.0,1
201400020256,0014-10-02 08:45:00,14,10,2,8,45,180,33,rue du gl challe,47.09385,2.40153,Plein jour,En agglomération,Hors intersection,Normale,Trois véhicules et plus - en chaîne,,,,,,,,,,,1,2,1,1.0,4
201400020257,0014-10-06 15:50:00,14,10,6,15,50,180,33,Rocade,,,Plein jour,Hors agglomération,Hors intersection,Normale,Autre collision,,,,,,,,,,,1,1,1,1.0,6
201400020258,0014-10-07 09:45:00,14,10,7,9,45,180,33,bd Ml Foch/rue E Martin,47.07823,2.4089,Plein jour,En agglomération,Intersection en X,Pluie légère,Deux véhicules - frontale,,,,,,,,,,,1,2,2,2.0,1
201400020259,0014-10-14 16:10:00,14,10,14,16,10,180,33,"25, JURANVILLE (BOULEVAR",47.08555,2.38847,Plein jour,En agglomération,Hors intersection,Normale,Autre collision,,,,,,,,,,,1,2,1,1.0,6
201400020260,0014-10-18 11:25:00,14,10,18,11,25,180,213,RD 151,,,Plein jour,Hors agglomération,Hors intersection,Normale,Deux véhicules - frontale,,,,,,,,,,,1,1,1,1.0,1
201400020261,0014-10-20 16:55:00,14,10,20,16,55,180,33,"69, BOURBONNOUX (RUE)",47.08307,2.40009,Plein jour,En agglomération,Hors intersection,Normale,Autre collision,,,,,,,,,,,1,2,1,1.0,6
201400020262,0014-10-23 17:15:00,14,10,23,17,15,180,33,LYAUTEY (ALLEE DU MARECH,47.11199,2.4177,Plein jour,En agglomération,Intersection en X,Normale,Deux véhicules - côté,,,,,,,,,,,1,2,2,1.0,3
201400020263,0014-11-04 10:45:00,14,11,4,10,45,180,33,LAMARCK (BOULEVARD,47.08219,2.38926,Plein jour,En agglomération,Autre intersection,Pluie légère,Autre collision,,,,,,,,,,,1,2,9,2.0,6
201400020264,0014-11-06 08:50:00,14,11,6,8,50,180,33,SANTOS-DUMONT (BOULEVARD,47.07038,2.38228,Plein jour,En agglomération,Intersection en X,Brouillard / fumée,Deux véhicules - arrière,,,,,,,,,,,1,2,2,5.0,2
201400020265,0014-11-10 08:05:00,14,11,10,8,5,180,33,"15, AUDOUX (rueMARGUERIT",47.07709,2.37773,Plein jour,En agglomération,Hors intersection,Normale,Deux véhicules - arrière,,,,,,,,,,,1,2,1,1.0,2
201400020266,0014-11-11 11:50:00,14,11,11,11,50,180,33,LAZENAY (RUE DE),47.06317,2.40018,Plein jour,En agglomération,Intersection en X,Normale,Deux véhicules - côté,,,,,,,,,,,1,2,2,1.0,3
201400020267,0014-11-11 18:50:00,14,11,11,18,50,180,33,"165, DE GAULLE (AV DU GE",47.10387,2.40979,Nuit avec éclairage allumé,En agglomération,Intersection en X,Normale,Deux véhicules - côté,,,,,,,,,,,5,2,2,1.0,3
201400020268,0014-11-13 14:55:00,14,11,13,14,55,180,33,REPUBLIQUE (BD DE LA),47.08873,2.39618,Plein jour,En agglomération,Intersection en T,Normale,Trois véhicules et plus - collisions multiples,,,,,,,,,,,1,2,3,1.0,5
201400020269,0014-11-15 15:57:00,14,11,15,15,57,180,213,RN 151,,,Plein jour,En agglomération,Hors intersection,Pluie forte,Deux véhicules - frontale,,,,,,,,,,,1,2,1,3.0,1
201400020270,0014-11-18 12:45:00,14,11,18,12,45,180,33,SAINT-MICHEL (RTE,47.10007,2.41565,Plein jour,En agglomération,Intersection en X,Pluie forte,Deux véhicules - côté,,,,,,,,,,,1,2,2,3.0,3
201400020271,0014-11-20 19:05:00,14,11,20,19,5,180,33,"20, FOCH (BOULEVARD DU M",47.07681,2.40717,Nuit avec éclairage allumé,En agglomération,Hors intersection,Normale,Autre collision,,,,,,,,,,,5,2,1,1.0,6
201400020272,0014-12-01 08:20:00,14,12,1,8,20,180,33,"57, SERAUCOURT (RUE DE)",47.07626,2.40086,Plein jour,En agglomération,Hors intersection,Pluie légère,Autre collision,,,,,,,,,,,1,2,1,2.0,6
201400020273,0014-12-10 16:50:00,14,12,10,16,50,180,33,MALRAUX (PLACE,,,Crépuscule ou aube,En agglomération,Giratoire,Pluie légère,Autre collision,,,,,,,,,,,2,2,6,2.0,6
201400020274,0014-12-11 17:00:00,14,12,11,17,0,180,33,LATTRE DE TASSIGNY (AVEN,47.09777,2.41739,Plein jour,En agglomération,Hors intersection,Normale,Deux véhicules - arrière,,,,,,,,,,,1,2,1,1.0,2
201400020275,0014-12-18 08:10:00,14,12,18,8,10,180,33,MALLET (RUE LOUIS),47.07983,2.38193,Crépuscule ou aube,En agglomération,Intersection en X,Pluie légère,Autre collision,,,,,,,,,,,2,2,2,2.0,6
201400020276,0014-12-18 17:45:00,14,12,18,17,45,180,33,"43, PRES-LE-ROI (AVENUE",47.09337,2.38655,Nuit avec éclairage non allumé,En agglomération,Hors intersection,Pluie légère,Autre collision,,,,,,,,,,,4,2,1,2.0,6
201400020277,0014-01-22 09:15:00,14,1,22,9,15,830,91,la joselette,,,Plein jour,En agglomération,Hors intersection,Normale,Deux véhicules - frontale,,,,,,,,,,,1,2,1,1.0,1
201400020278,0014-01-24 11:15:00,14,1,24,11,15,830,49,,,,Plein jour,Hors agglomération,Hors intersection,Normale,Deux véhicules - arrière,,,,,,,,,,,1,1,1,1.0,2
201400020279,0014-01-25 09:30:00,14,1,25,9,30,830,100,177 rue de la liberation,,,Plein jour,En agglomération,Hors intersection,Normale,Sans collision,,,,,,,,,,,1,2,1,1.0,7
201400020280,0014-02-09 19:00:00,14,2,9,19,0,830,91,,,,Nuit sans éclairage public,Hors agglomération,Hors intersection,Normale,Deux véhicules - frontale,,,,,,,,,,,3,1,1,1.0,1
201400020281,0014-02-17 17:15:00,14,2,17,17,15,830,43,AVENUE CAMINAT,,,Plein jour,En agglomération,Hors intersection,Normale,Deux véhicules - frontale,,,,,,,,,,,1,2,1,1.0,1
201400020282,0014-02-24 10:45:00,14,2,24,10,45,830,33,2 rue Pierre Curie,,,Plein jour,En agglomération,Intersection en X,Normale,Autre collision,,,,,,,,,,,1,2,2,1.0,6
201400020283,0014-03-31 08:15:00,14,3,31,8,15,830,49,,,,Plein jour,Hors agglomération,Hors intersection,Normale,Deux véhicules - côté,,,,,,,,,,,1,1,1,1.0,3
201400020284,0014-05-11 15:00:00,14,5,11,15,0,830,43,,,,Plein jour,Hors agglomération,Hors intersection,Normale,Autre collision,,,,,,,,,,,1,1,1,1.0,6
201400020285,0014-05-25 18:00:00,14,5,25,18,0,830,91,,,,Plein jour,En agglomération,Hors intersection,Normale,Autre collision,,,,,,,,,,,1,2,1,1.0,6
201400020286,0014-05-29 00:01:00,14,5,29,0,1,830,100,,,,Nuit sans éclairage public,Hors agglomération,Hors intersection,Normale,Deux véhicules - arrière,,,,,,,,,,,3,1,1,1.0,2
201400020287,0014-06-27 06:00:00,14,6,27,6,0,830,100,,,,Crépuscule ou aube,Hors agglomération,Hors intersection,Normale,Autre collision,,,,,,,,,,,2,1,1,1.0,6
201400020288,0014-08-22 11:00:00,14,8,22,11,0,830,91,,,,Plein jour,Hors agglomération,Hors intersection,Normale,Sans collision,,,,,,,,,,,1,1,1,1.0,7
201400020289,0014-09-16 10:00:00,14,9,16,10,0,830,43,,,,Plein jour,Hors agglomération,Hors intersection,Normale,Sans collision,,,,,,,,,,,1,1,1,1.0,7
201400020290,0014-10-04 17:00:00,14,10,4,17,0,830,100,,,,Plein jour,Hors agglomération,Hors intersection,Normale,Autre collision,,,,,,,,,,,1,1,1,1.0,6
201400020291,0014-12-02 06:00:00,14,12,2,6,0,830,49,place pasteur,43.23788,6.0713,Nuit avec éclairage allumé,En agglomération,Hors intersection,Pluie légère,Autre collision,,,,,,,,,,,5,2,1,2.0,6
201400020292,0014-12-05 14:15:00,14,12,5,14,15,830,49,,,,Plein jour,Hors agglomération,Hors intersection,Pluie légère,Trois véhicules et plus - collisions multiples,,,,,,,,,,,1,1,1,2.0,5
201400020293,0014-12-10 06:30:00,14,12,10,6,30,830,91,Parking du DIXMUDE,,,Nuit avec éclairage allumé,En agglomération,Hors intersection,Normale,Autre collision,,,,,,,,,,,5,2,1,1.0,6
201400020294,0014-12-12 17:45:00,14,12,12,17,45,830,100,,,,Nuit sans éclairage public,Hors agglomération,Intersection en T,Normale,Deux véhicules - côté,,,,,,,,,,,3,1,3,1.0,3