accident_id,datetime,annee,mois,jour,heure,minute,departement,commune_insee,adresse,latitude,longitude,luminosite,agglomeration,intersection,meteo,collision,nb_vehicules,nb_usagers,nb_indemnes,nb_tues,nb_blesses_hosp,nb_blesses_legers,age_cond_1,age_cond_2,veh_type_cond_1,veh_type_cond_2,lum_code,agg_code,int_code,atm_code,col_code
201400020807,0014-02-16 18:20:00,14,2,16,18,20,220,113,MENDES FRANCE (BOULEVARD,48.73038,-3.47238,Crépuscule ou aube,En agglomération,Hors intersection,Normale,Sans collision,,,,,,,,,,,2,2,1,1.0,7
201400020808,0014-03-03 10:20:00,14,3,3,10,20,220,113,rue de PLACENN AR GUER,48.74681,-3.46093,Plein jour,En agglomération,Giratoire,Pluie légère,Autre collision,,,,,,,,,,,1,2,6,2.0,6
201400020809,0014-03-24 16:50:00,14,3,24,16,50,220,113,"32, POMPIDOU (RUE GEORGE",48.73406,-3.466,Plein jour,En agglomération,Hors intersection,Temps couvert,Autre collision,,,,,,,,,,,1,2,1,8.0,6
201400020810,0014-04-09 16:55:00,14,4,9,16,55,220,113,PARK NEVEZ (AVENUE DE),48.72981,-3.44837,Plein jour,En agglomération,Hors intersection,Normale,Sans collision,,,,,,,,,,,1,2,1,1.0,7
201400020811,0014-04-28 16:20:00,14,4,28,16,20,220,113,PALAIS DE JUSTICE (ALLEE,48.73024,-3.45943,Plein jour,En agglomération,Hors intersection,Normale,Autre collision,,,,,,,,,,,1,2,1,1.0,6
201400020812,0014-03-26 14:15:00,14,3,26,14,15,220,113,", TRIBUNAL (ALLEE DU)",48.73031,-3.45953,Plein jour,En agglomération,Hors intersection,Normale,Sans collision,,,,,,,,,,,1,2,1,1.0,7
201400020813,0014-06-14 14:35:00,14,6,14,14,35,220,113,"146, KER AN FAOUT (CHEMI",48.75487,-3.48453,Plein jour,En agglomération,Hors intersection,Normale,Deux véhicules - côté,,,,,,,,,,,1,2,1,1.0,3
201400020814,0014-07-04 18:12:00,14,7,4,18,12,220,113,KERMARIA SULARD (ROUTE D,48.74251,-3.42768,Plein jour,Hors agglomération,Autre intersection,Pluie légère,Deux véhicules - frontale,,,,,,,,,,,1,1,9,2.0,1
201400020815,0014-07-04 17:15:00,14,7,4,17,15,220,113,MENDES FRANCE (BOULEVARD,48.72228,-3.48079,Plein jour,En agglomération,Giratoire,Pluie légère,Sans collision,,,,,,,,,,,1,2,6,2.0,7
201400020816,0014-08-05 15:55:00,14,8,5,15,55,220,113,TREBEURDEN (ROUTE DE),48.74729,-3.48208,Plein jour,Hors agglomération,Hors intersection,Normale,Autre collision,,,,,,,,,,,1,1,1,1.0,6
201400020817,0014-09-17 14:18:00,14,9,17,14,18,220,113,KERLIGONAN (LIEU-DIT),48.74133,-3.48117,Plein jour,En agglomération,Hors intersection,Normale,Sans collision,,,,,,,,,,,1,2,1,1.0,7
201400020818,0014-09-25 16:00:00,14,9,25,16,0,220,113,SARTRE (RUE JEAN PAUL),48.74444,-3.47702,Plein jour,En agglomération,Autre intersection,Temps éblouissant,Autre collision,,,,,,,,,,,1,2,9,7.0,6
201400020819,0014-10-14 06:50:00,14,10,14,6,50,220,113,"29, TREBEURDEN (ROUTE DE",48.74808,-3.48423,Nuit sans éclairage public,Hors agglomération,Hors intersection,Pluie forte,Deux véhicules - arrière,,,,,,,,,,,3,1,1,3.0,2
201400020820,0014-11-26 17:20:00,14,11,26,17,20,220,113,"66,ROUTE DE TREBEURDEN",48.75157,-3.49538,Crépuscule ou aube,Hors agglomération,Hors intersection,Pluie légère,Autre collision,,,,,,,,,,,2,1,1,2.0,6
201400020821,0014-11-30 19:45:00,14,11,30,19,45,220,113,MENDES FRANCE (BOULEVARD,48.73029,-3.46614,Nuit avec éclairage allumé,En agglomération,Hors intersection,Temps couvert,Deux véhicules - frontale,,,,,,,,,,,5,2,1,8.0,1
201400020822,0014-12-13 13:55:00,14,12,13,13,55,220,113,AIGUILLON (QUAI D'),48.73234,-3.4618,Plein jour,En agglomération,Giratoire,Normale,Deux véhicules - côté,,,,,,,,,,,1,2,6,1.0,3
201400020823,0014-06-11 23:15:00,14,6,11,23,15,220,113,SARTRE (RUE JEAN PAUL),48.74338,-3.47409,Nuit avec éclairage non allumé,En agglomération,Hors intersection,Normale,Autre collision,,,,,,,,,,,4,2,1,1.0,6
201400020824,0014-12-12 02:19:00,14,12,12,2,19,220,113,RESISTANCE (AVENUE DE LA,48.75291,-3.45801,Nuit avec éclairage allumé,En agglomération,Giratoire,Pluie forte,Autre collision,,,,,,,,,,,5,2,6,3.0,6
201400020825,0014-01-01 16:30:00,14,1,1,16,30,220,360,D 700,48.47872,-2.76789,Plein jour,Hors agglomération,Hors intersection,Pluie forte,Trois véhicules et plus - en chaîne,,,,,,,,,,,1,1,1,3.0,4
201400020826,0014-01-05 12:15:00,14,1,5,12,15,220,215,"1, PONT DES ILES (RUE DU",48.51831,-2.81368,Plein jour,Hors agglomération,Hors intersection,Normale,Sans collision,,,,,,,,,,,1,1,1,1.0,7
201400020827,0014-01-06 19:05:00,14,1,6,19,5,220,215,rue guy de MAUPASSANT,48.50131,-2.77999,Nuit avec éclairage allumé,En agglomération,Giratoire,Pluie légère,Autre collision,,,,,,,,,,,5,2,6,2.0,6
201400020828,0014-01-07 16:20:00,14,1,7,16,20,220,278,Rue E. ROSTAND,48.51692,-2.73459,Plein jour,En agglomération,Hors intersection,Normale,Autre collision,,,,,,,,,,,1,2,1,1.0,6
201400020829,0014-01-08 14:15:00,14,1,8,14,15,220,360,D 700,48.48368,-2.76529,Plein jour,Hors agglomération,Hors intersection,Normale,Deux véhicules - côté,,,,,,,,,,,1,1,1,1.0,3
201400020830,0014-01-10 08:15:00,14,1,10,8,15,220,360,D 700,48.49072,-2.76303,Crépuscule ou aube,Hors agglomération,Intersection en Y,Brouillard / fumée,Deux véhicules - arrière,,,,,,,,,,,2,1,4,5.0,2
201400020831,0014-01-11 19:40:00,14,1,11,19,40,220,278,"1, PENTHIEVRE (DE)",48.51932,-2.79315,Nuit avec éclairage allumé,En agglomération,Hors intersection,Normale,Autre collision,,,,,,,,,,,5,2,1,1.0,6
201400020832,0014-01-13 12:45:00,14,1,13,12,45,220,187,rue de BEAUREGARD,48.52928,-2.78178,Plein jour,Hors agglomération,Intersection en Y,Normale,Deux véhicules - côté,,,,,,,,,,,1,1,4,1.0,3
201400020833,0014-01-15 18:49:00,14,1,15,18,49,220,360,"0, VALLEE (RUE DE LA)",48.47889,-2.70951,Nuit sans éclairage public,Hors agglomération,Intersection en T,Pluie forte,Trois véhicules et plus - collisions multiples,,,,,,,,,,,3,1,3,3.0,5
201400020834,0014-01-16 14:15:00,14,1,16,14,15,220,215,PONT DES ILES (RUE DU),48.52258,-2.81678,Plein jour,Hors agglomération,Hors intersection,Normale,Autre collision,,,,,,,,,,,1,1,1,1.0,6
201400020835,0014-01-17 17:55:00,14,1,17,17,55,220,360,Rue Marcel RAULT,48.4889,-2.73844,Nuit avec éclairage non allumé,En agglomération,Intersection en T,Pluie légère,Autre collision,,,,,,,,,,,4,2,3,2.0,6
201400020836,0014-01-20 08:15:00,14,1,20,8,15,220,278,chemin de  l'ECLUSES,48.52769,-2.73119,Crépuscule ou aube,En agglomération,Intersection en X,Normale,Sans collision,,,,,,,,,,,2,2,2,1.0,7
201400020837,0014-01-23 08:45:00,14,1,23,8,45,220,187,"33, ADOLPHE LE BAIL (RUE",48.52511,-2.74172,Plein jour,En agglomération,Hors intersection,Pluie légère,Autre collision,,,,,,,,,,,1,2,1,2.0,6
201400020838,0014-01-24 16:15:00,14,1,24,16,15,220,106,GENETS (RUE DES),48.49902,-2.73563,Plein jour,En agglomération,Hors intersection,Pluie légère,Deux véhicules - arrière,,,,,,,,,,,1,2,1,2.0,2
201400020839,0014-01-25 14:10:00,14,1,25,14,10,220,278,"10, GOUEDIC (DE)",48.51118,-2.75757,Plein jour,En agglomération,Hors intersection,Normale,Autre collision,,,,,,,,,,,1,2,1,1.0,6
201400020840,0014-01-26 23:30:00,14,1,26,23,30,220,278,"81, ATLANTIQUE (BD) N 58",48.51896,-2.79314,Nuit sans éclairage public,En agglomération,Intersection en T,Pluie légère,Deux véhicules - arrière,,,,,,,,,,,3,2,3,2.0,2
201400020841,0014-01-30 16:20:00,14,1,30,16,20,220,278,"0, APOLLINAIRE (GUILLAUM",48.49732,-2.74718,Plein jour,En agglomération,Giratoire,Normale,Deux véhicules - côté,,,,,,,,,,,1,2,6,1.0,3
201400020842,0014-01-30 19:25:00,14,1,30,19,25,220,278,ABBE GARNIER,48.50687,-2.76092,Nuit avec éclairage allumé,En agglomération,Hors intersection,Normale,Autre collision,,,,,,,,,,,5,2,1,1.0,6
201400020843,0014-01-31 09:55:00,14,1,31,9,55,220,360,RN12,48.4888,-2.72055,Plein jour,Hors agglomération,Hors intersection,Normale,Autre collision,,,,,,,,,,,1,1,1,1.0,6
201400020844,0014-01-31 11:48:00,14,1,31,11,48,220,278,"0, SAINT-MICHEL (PL.)",48.51599,-2.75807,Plein jour,En agglomération,Hors intersection,Normale,Sans collision,,,,,,,,,,,1,2,1,1.0,7
201400020845,0014-02-03 10:45:00,14,2,3,10,45,220,278,10.Bd de L'ATLANTIQUE,48.51906,-2.78618,Plein jour,En agglomération,Hors intersection,Normale,Deux véhicules - arrière,,,,,,,,,,,1,2,1,1.0,2
201400020846,0014-02-05 10:40:00,14,2,5,10,40,220,278,"43, FERRY (JULES)",48.50465,-2.76717,Plein jour,En agglomération,Intersection en X,Pluie forte,Deux véhicules - côté,,,,,,,,,,,1,2,2,3.0,3
201400020847,0014-02-07 16:07:00,14,2,7,16,7,220,278,RUE DE LA GARE,48.50808,-2.76453,Plein jour,En agglomération,Giratoire,Pluie légère,Deux véhicules - arrière,,,,,,,,,,,1,2,6,2.0,2
201400020848,0014-02-10 08:50:00,14,2,10,8,50,220,360,RN12,48.48292,-2.69322,Plein jour,Hors agglomération,Hors intersection,Normale,Autre collision,,,,,,,,,,,1,1,1,1.0,6
201400020849,0014-02-08 11:00:00,14,2,8,11,0,220,278,"0, BOUGAINVILLE (DE)",48.51991,-2.71686,Plein jour,En agglomération,Hors intersection,Normale,Deux véhicules - frontale,,,,,,,,,,,1,2,1,1.0,1
201400020850,0014-02-16 00:30:00,14,2,16,0,30,220,106,RENNES (RUE DE),48.49281,-2.70874,Nuit sans éclairage public,En agglomération,Giratoire,Normale,Sans collision,,,,,,,,,,,3,2,6,1.0,7
201400020851,0014-02-17 01:30:00,14,2,17,1,30,220,278,"32,Av. CORNEILLE",48.5122,-2.74844,Nuit avec éclairage allumé,En agglomération,Hors intersection,Normale,Sans collision,,,,,,,,,,,5,2,1,1.0,7
201400020852,0014-02-16 19:10:00,14,2,16,19,10,220,278,"58,RUE DE  PARIS",48.5035,-2.73994,Nuit avec éclairage allumé,En agglomération,Hors intersection,Normale,Deux véhicules - côté,,,,,,,,,,,5,2,1,1.0,3
201400020853,0014-02-21 09:00:00,14,2,21,9,0,220,278,RUE DU DOCTEUR RAHUEL,48.50564,-2.74513,Plein jour,En agglomération,Intersection en X,Normale,Trois véhicules et plus - collisions multiples,,,,,,,,,,,1,2,2,1.0,5
201400020854,0014-02-21 16:25:00,14,2,21,16,25,220,215,RUE DU  PONT NOIR,48.48966,-2.84041,Plein jour,Hors agglomération,Hors intersection,Normale,Deux véhicules - arrière,,,,,,,,,,,1,1,1,1.0,2
201400020855,0014-02-21 19:15:00,14,2,21,19,15,220,360,RUE DE LA VALLEE,48.47796,-2.71159,Crépuscule ou aube,Hors agglomération,Intersection en T,Normale,Deux véhicules - arrière,,,,,,,,,,,2,1,3,1.0,2
201400020856,0014-02-21 20:50:00,14,2,21,20,50,220,278,"167, BERT (PAUL)",48.50087,-2.75181,Crépuscule ou aube,En agglomération,Hors intersection,Normale,Sans collision,,,,,,,,,,,2,2,1,1.0,7
201400020857,0014-02-22 01:30:00,14,2,22,1,30,220,278,"0, BERRIEN (DE)",48.52472,-2.80415,Nuit avec éclairage allumé,En agglomération,Intersection en X,Pluie légère,Sans collision,,,,,,,,,,,5,2,2,2.0,7
201400020858,0014-02-25 17:45:00,14,2,25,17,45,220,215,5RUE DES IRIS,48.49761,-2.7864,Plein jour,En agglomération,Intersection en T,Normale,Autre collision,,,,,,,,,,,1,2,3,1.0,6
201400020859,0014-02-27 18:00:00,14,2,27,18,0,220,278,GOUEDIC (DE),48.51081,-2.75704,Crépuscule ou aube,En agglomération,Hors intersection,Normale,Autre collision,,,,,,,,,,,2,2,1,1.0,6
201400020860,0014-03-04 10:00:00,14,3,4,10,0,220,187,Av. CHALUTIER SANS PITIE,48.53327,-2.75959,Plein jour,Hors agglomération,Giratoire,Normale,Deux véhicules - côté,,,,,,,,,,,1,1,6,1.0,3
201400020861,0014-03-05 14:30:00,14,3,5,14,30,220,278,RAHUEL (DOCTEUR),48.50712,-2.75055,Plein jour,En agglomération,Hors intersection,Normale,Deux véhicules - arrière,,,,,,,,,,,1,2,1,1.0,2
201400020862,0014-03-06 15:45:00,14,3,6,15,45,220,278,"0, VALLES (JULES)",48.50019,-2.74794,Plein jour,En agglomération,Hors intersection,Normale,Sans collision,,,,,,,,,,,1,2,1,1.0,7
201400020863,0014-03-06 23:00:00,14,3,6,23,0,220,360,"0, MONCONTOUR (RUE DE)",48.48382,-2.7319,Nuit avec éclairage non allumé,En agglomération,Hors intersection,Normale,Deux véhicules - arrière,,,,,,,,,,,4,2,1,1.0,2
201400020864,0014-03-07 14:15:00,14,3,7,14,15,220,215,"47,Ae CHATELETS",48.46268,-2.78544,Plein jour,En agglomération,Hors intersection,Normale,Autre collision,,,,,,,,,,,1,2,1,1.0,6
201400020865,0014-03-09 15:00:00,14,3,9,15,0,220,187,"0, RN12",48.54593,-2.77841,Plein jour,Hors agglomération,Hors intersection,Normale,Deux véhicules - arrière,,,,,,,,,,,1,1,1,1.0,2
201400020866,0014-03-11 19:00:00,14,3,11,19,0,220,278,"27, LE GOFF (DES TROIS F",48.51645,-2.76463,Crépuscule ou aube,En agglomération,Hors intersection,Normale,Deux véhicules - frontale,,,,,,,,,,,2,2,1,1.0,1
201400020867,0014-03-12 17:30:00,14,3,12,17,30,220,187,"14,rue René  DESCARTES",48.54641,-2.80286,Plein jour,Hors agglomération,Hors intersection,Normale,Autre collision,,,,,,,,,,,1,1,1,1.0,6
201400020868,0014-03-13 20:30:00,14,3,13,20,30,220,187,RD786,48.54876,-2.79417,Nuit sans éclairage public,Hors agglomération,Hors intersection,Brouillard / fumée,Deux véhicules - arrière,,,,,,,,,,,3,1,1,5.0,2
201400020869,0014-03-16 17:30:00,14,3,16,17,30,220,215,"0, RD 712",48.50062,-2.77764,Plein jour,En agglomération,Giratoire,Normale,Sans collision,,,,,,,,,,,1,2,6,1.0,7
201400020870,0014-03-20 08:55:00,14,3,20,8,55,220,278,"76, HAREL-DE-LA-NOE (BD)",48.51886,-2.74808,Plein jour,En agglomération,Hors intersection,Normale,Trois véhicules et plus - en chaîne,,,,,,,,,,,1,2,1,1.0,4
201400020871,0014-03-22 10:30:00,14,3,22,10,30,220,215,RUE DE LA  CENSIE,48.48729,-2.82699,Plein jour,En agglomération,Intersection en T,Pluie légère,Sans collision,,,,,,,,,,,1,2,3,2.0,7
201400020872,0014-03-23 22:50:00,14,3,23,22,50,220,106,"0, RN12",48.50083,-2.72761,Nuit avec éclairage allumé,Hors agglomération,Hors intersection,Normale,Sans collision,,,,,,,,,,,5,1,1,1.0,7
201400020873,0014-03-23 12:25:00,14,3,23,12,25,220,278,VIEILLE COTE DE GOUET,48.51793,-2.76594,Plein jour,En agglomération,Hors intersection,Normale,Sans collision,,,,,,,,,,,1,2,1,1.0,7
201400020874,0014-03-25 15:15:00,14,3,25,15,15,220,187,3bPLACE DU SOUVENIR,48.53504,-2.76786,Plein jour,En agglomération,Hors intersection,Normale,Autre collision,,,,,,,,,,,1,2,1,1.0,6
201400020875,0014-03-29 15:45:00,14,3,29,15,45,220,278,RUE DES LYCEENS-MARTYRS,48.51194,-2.76204,Plein jour,En agglomération,Hors intersection,Normale,Autre collision,,,,,,,,,,,1,2,1,1.0,6
201400020876,0014-04-04 08:00:00,14,4,4,8,0,220,278,RUE EDOUARD PRIGENT,48.50878,-2.77202,Crépuscule ou aube,En agglomération,Giratoire,Pluie légère,Autre collision,,,,,,,,,,,2,2,6,2.0,6
201400020877,0014-04-03 18:20:00,14,4,3,18,20,220,215,RUE DU  PONT NOIR,48.48732,-2.8269,Plein jour,Hors agglomération,Intersection en T,Normale,Sans collision,,,,,,,,,,,1,1,3,1.0,7
201400020878,0014-04-07 17:00:00,14,4,7,17,0,220,278,RAHUEL (DOCTEUR),48.50616,-2.74682,Plein jour,En agglomération,Hors intersection,Normale,Deux véhicules - arrière,,,,,,,,,,,1,2,1,1.0,2
201400020879,0014-04-07 18:00:00,14,4,7,18,0,220,187,RN12,48.53242,-2.7571,Plein jour,Hors agglomération,Autre intersection,Normale,Trois véhicules et plus - en chaîne,,,,,,,,,,,1,1,9,1.0,4
201400020880,0014-04-09 19:15:00,14,4,9,19,15,220,187,"33,Rue des  Chênes",48.53423,-2.76234,Plein jour,En agglomération,Hors intersection,Normale,Autre collision,,,,,,,,,,,1,2,1,1.0,6
201400020881,0014-04-10 15:10:00,14,4,10,15,10,220,215,"40,RUE  GRANDE METAIRIE",48.4913,-2.80607,Plein jour,En agglomération,Hors intersection,Normale,Deux véhicules - arrière,,,,,,,,,,,1,2,1,1.0,2
201400020882,0014-04-13 01:30:00,14,4,13,1,30,220,278,"RUE, MONGE",48.5024,-2.73816,Nuit avec éclairage non allumé,En agglomération,Intersection en X,Normale,Deux véhicules - arrière,,,,,,,,,,,4,2,2,1.0,2
201400020883,0014-04-14 07:45:00,14,4,14,7,45,220,278,"0, AGADEZ (ROND-POINT)",48.51036,-2.78279,Crépuscule ou aube,En agglomération,Giratoire,Pluie légère,Sans collision,,,,,,,,,,,2,2,6,2.0,7
201400020884,0014-04-19 21:45:00,14,4,19,21,45,220,106,RUE DE  RENNES,48.49133,-2.70323,Nuit avec éclairage allumé,En agglomération,Hors intersection,Normale,Autre collision,,,,,,,,,,,5,2,1,1.0,6
201400020885,0014-04-23 19:40:00,14,4,23,19,40,220,278,"6, BALZAC",48.51415,-2.74745,Plein jour,En agglomération,Hors intersection,Normale,Sans collision,,,,,,,,,,,1,2,1,1.0,7
201400020886,0014-04-26 03:15:00,14,4,26,3,15,220,360,RUE DE MONCONTOUR,48.47827,-2.72417,Nuit avec éclairage non allumé,Hors agglomération,Hors intersection,Pluie légère,Sans collision,,,,,,,,,,,4,1,1,2.0,7
201400020887,0014-04-26 15:30:00,14,4,26,15,30,220,278,"04, GARNIER (ABBE)",48.50625,-2.76118,Plein jour,En agglomération,Hors intersection,Normale,Sans collision,,,,,,,,,,,1,2,1,1.0,7
201400020888,0014-04-29 23:45:00,14,4,29,23,45,220,187,"1, LAMARTINE (Rue )",48.53933,-2.83351,Nuit avec éclairage allumé,En agglomération,Hors intersection,Normale,Sans collision,,,,,,,,,,,5,2,1,1.0,7
201400020889,0014-04-30 16:00:00,14,4,30,16,0,220,360,Avenue du G. LECLERC,48.49346,-2.73512,Plein jour,En agglomération,Hors intersection,Normale,Autre collision,,,,,,,,,,,1,2,1,1.0,6
201400020890,0014-05-02 09:30:00,14,5,2,9,30,220,360,Rd point DU BOCAGE,48.48331,-2.7485,Plein jour,Hors agglomération,Giratoire,Normale,Deux véhicules - côté,,,,,,,,,,,1,1,6,1.0,3
201400020891,0014-05-02 22:20:00,14,5,2,22,20,220,360,RUE DE L'URNE,48.48328,-2.74843,Nuit avec éclairage allumé,Hors agglomération,Hors intersection,Normale,Deux véhicules - arrière,,,,,,,,,,,5,1,1,1.0,2
201400020892,0014-05-03 06:50:00,14,5,3,6,50,220,278,Rue du 71ème RI,48.511,-2.76034,Plein jour,En agglomération,Intersection en T,Normale,Deux véhicules - côté,,,,,,,,,,,1,2,3,1.0,3
201400020893,0014-05-03 20:00:00,14,5,3,20,0,220,106,RUE DE RENNES,48.49458,-2.71477,Plein jour,En agglomération,Intersection en T,Normale,Deux véhicules - côté,,,,,,,,,,,1,2,3,1.0,3
201400020894,0014-05-09 14:00:00,14,5,9,14,0,220,278,"44, TROIS-FRERES-LE-GOFF",48.51687,-2.76506,Plein jour,En agglomération,Hors intersection,Normale,Deux véhicules - côté,,,,,,,,,,,1,2,1,1.0,3
201400020895,0014-05-09 16:10:00,14,5,9,16,10,220,187,RUE DE LA CROIX,48.53064,-2.76515,Plein jour,En agglomération,Hors intersection,Normale,Sans collision,,,,,,,,,,,1,2,1,1.0,7
201400020896,0014-05-11 03:40:00,14,5,11,3,40,220,278,LAENNEC (BD),48.51075,-2.77418,Nuit avec éclairage non allumé,En agglomération,Hors intersection,Normale,Sans collision,,,,,,,,,,,4,2,1,1.0,7
201400020897,0014-05-12 18:00:00,14,5,12,18,0,220,278,Bd HERAULT,48.51709,-2.75443,Plein jour,En agglomération,Intersection en X,Normale,Deux véhicules - côté,,,,,,,,,,,1,2,2,1.0,3
201400020898,0014-05-12 20:40:00,14,5,12,20,40,220,187,"1, RN12",48.54561,-2.79013,Plein jour,Hors agglomération,Intersection en Y,Normale,Deux véhicules - arrière,,,,,,,,,,,1,1,4,1.0,2
201400020899,0014-05-01 12:30:00,14,5,1,12,30,220,278,RUE DE  GOUEDIC,48.50832,-2.75289,Plein jour,En agglomération,Intersection en T,Normale,Sans collision,,,,,,,,,,,1,2,3,1.0,7
201400020900,0014-05-17 20:55:00,14,5,17,20,55,220,278,"93, PRIGENT (EDOUARD)",48.51004,-2.78155,Crépuscule ou aube,En agglomération,Hors intersection,Normale,Autre collision,,,,,,,,,,,2,2,1,1.0,6
201400020901,0014-05-18 10:15:00,14,5,18,10,15,220,215,giratoire du GRIMOLET,48.48792,-2.79489,Plein jour,Hors agglomération,Giratoire,Normale,Deux véhicules - côté,,,,,,,,,,,1,1,6,1.0,3
201400020902,0014-05-17 17:45:00,14,5,17,17,45,220,278,Parking Cc Géant,48.5202,-2.78993,Plein jour,En agglomération,Hors intersection,Normale,Autre collision,,,,,,,,,,,1,2,1,1.0,6
201400020903,0014-05-21 08:55:00,14,5,21,8,55,220,187,"1, VERDUN (rue de )",48.54271,-2.78242,Plein jour,En agglomération,Intersection en X,Normale,Deux véhicules - côté,,,,,,,,,,,1,2,2,1.0,3
201400020904,0014-05-22 01:00:00,14,5,22,1,0,220,106,"14, JOLIOT CURIE",48.49925,-2.72145,Nuit sans éclairage public,Hors agglomération,Hors intersection,Normale,Autre collision,,,,,,,,,,,3,1,1,1.0,6
201400020905,0014-05-22 08:30:00,14,5,22,8,30,220,360,"0, RN12",48.4831,-2.69806,Plein jour,Hors agglomération,Hors intersection,Pluie légère,Trois véhicules et plus - en chaîne,,,,,,,,,,,1,1,1,2.0,4
201400020906,0014-05-24 19:55:00,14,5,24,19,55,220,215,"7, CHATELETS (rue des )",48.4711,-2.80151,Crépuscule ou aube,Hors agglomération,Hors intersection,Normale,Sans collision,,,,,,,,,,,2,1,1,1.0,7
201400020907,0014-05-26 18:30:00,14,5,26,18,30,220,187,"26, GRIPPET (Rue du )",48.52941,-2.7534,Plein jour,En agglomération,Hors intersection,Normale,Deux véhicules - frontale,,,,,,,,,,,1,2,1,1.0,1
201400020908,0014-05-30 15:40:00,14,5,30,15,40,220,187,"1, RN12",48.54607,-2.7798,Plein jour,Hors agglomération,Hors intersection,Normale,Sans collision,,,,,,,,,,,1,1,1,1.0,7
201400020909,0014-06-01 12:30:00,14,6,1,12,30,220,215,"0, BRETAGNE (AVENUE DE)",48.49346,-2.78437,Plein jour,En agglomération,Hors intersection,Normale,Deux véhicules - arrière,,,,,,,,,,,1,2,1,1.0,2
201400020910,0014-06-04 16:00:00,14,6,4,16,0,220,360,RUE DE LA  FONTENELLE,48.49347,-2.73765,Plein jour,En agglomération,Giratoire,Normale,Deux véhicules - côté,,,,,,,,,,,1,2,6,1.0,3
201400020911,0014-06-06 15:15:00,14,6,6,15,15,220,278,RUE DES GALLOIS,48.49694,-2.74709,Plein jour,En agglomération,Hors intersection,Normale,Deux véhicules - côté,,,,,,,,,,,1,2,1,1.0,3
201400020912,0014-06-07 07:10:00,14,6,7,7,10,220,360,"0, D 700",48.47781,-2.76818,Crépuscule ou aube,Hors agglomération,Giratoire,Pluie légère,Sans collision,,,,,,,,,,,2,1,6,2.0,7
201400020913,0014-06-11 21:40:00,14,6,11,21,40,220,187,rue de la FONTAINE HUE,48.53429,-2.81837,Crépuscule ou aube,Hors agglomération,Intersection en X,Normale,Deux véhicules - côté,,,,,,,,,,,2,1,2,1.0,3
201400020914,0014-06-12 18:00:00,14,6,12,18,0,220,187,"10, GABRIEL PERI (Quai)",48.52437,-2.74673,Plein jour,En agglomération,Hors intersection,Normale,Deux véhicules - côté,,,,,,,,,,,1,2,1,1.0,3
201400020915,0014-06-14 18:10:00,14,6,14,18,10,220,278,"1, ROCHE-GAUTIER (DE LA)",48.49038,-2.75324,Plein jour,En agglomération,Intersection en T,Normale,Deux véhicules - frontale,,,,,,,,,,,1,2,3,1.0,1
201400020916,0014-06-16 14:50:00,14,6,16,14,50,220,278,"0, COMBAT-DES-TRENTE (DU",48.51071,-2.75888,Plein jour,En agglomération,Intersection en X,Normale,Autre collision,,,,,,,,,,,1,2,2,1.0,6
201400020917,0014-06-19 15:30:00,14,6,19,15,30,220,278,"81rue de, GOUEDIC",48.50874,-2.75361,Plein jour,En agglomération,Hors intersection,Normale,Deux véhicules - arrière,,,,,,,,,,,1,2,1,1.0,2
201400020918,0014-06-20 08:00:00,14,6,20,8,0,220,215,"0, BEL-AIR (RUE DE)",48.49855,-2.78585,Plein jour,En agglomération,Hors intersection,Normale,Deux véhicules - arrière,,,,,,,,,,,1,2,1,1.0,2
201400020919,0014-06-21 06:00:00,14,6,21,6,0,220,278,"40, CLEMENCEAU (BD)",48.50815,-2.76039,Crépuscule ou aube,En agglomération,Intersection en T,Normale,Deux véhicules - côté,,,,,,,,,,,2,2,3,1.0,3
201400020920,0014-06-22 12:50:00,14,6,22,12,50,220,278,"0, HOCHE (BD)",48.50521,-2.76967,Plein jour,En agglomération,Intersection en X,Normale,Deux véhicules - côté,,,,,,,,,,,1,2,2,1.0,3
201400020921,0014-06-24 17:20:00,14,6,24,17,20,220,278,"0, LAMAZE (DOCTEUR)",48.50392,-2.74064,Plein jour,En agglomération,Giratoire,Normale,Sans collision,,,,,,,,,,,1,2,6,1.0,7
201400020922,0014-06-26 13:05:00,14,6,26,13,5,220,215,"0, CROIX (RUE DES)",48.48588,-2.78921,Plein jour,En agglomération,Hors intersection,Normale,Sans collision,,,,,,,,,,,1,2,1,1.0,7
201400020923,0014-07-02 19:30:00,14,7,2,19,30,220,278,"0, CHAPTAL",48.51023,-2.73545,Plein jour,En agglomération,Hors intersection,Normale,Deux véhicules - côté,,,,,,,,,,,1,2,1,1.0,3
201400020924,0014-07-03 15:30:00,14,7,3,15,30,220,278,"0, LAMAZE (DOCTEUR)",48.50387,-2.74079,Plein jour,En agglomération,Giratoire,Normale,Deux véhicules - arrière,,,,,,,,,,,1,2,6,1.0,2
201400020925,0014-07-03 21:30:00,14,7,3,21,30,220,187,RD786,48.54997,-2.79739,Crépuscule ou aube,Hors agglomération,Hors intersection,Normale,Autre collision,,,,,,,,,,,2,1,1,1.0,6
201400020926,0014-07-07 18:50:00,14,7,7,18,50,220,215,"0, MAUPASSANT (Rue Guy d",48.49474,-2.76479,Plein jour,Hors agglomération,Hors intersection,Pluie forte,Trois véhicules et plus - en chaîne,,,,,,,,,,,1,1,1,3.0,4
201400020927,0014-07-09 16:10:00,14,7,9,16,10,220,187,"0, ROSAIRES  AVE",48.55628,-2.7649,Plein jour,Hors agglomération,Intersection en X,Normale,Deux véhicules - côté,,,,,,,,,,,1,1,2,1.0,3
201400020928,0014-07-12 13:15:00,14,7,12,13,15,220,187,"61G, RN12",48.54617,-2.78136,Plein jour,Hors agglomération,Hors intersection,Normale,Deux véhicules - arrière,,,,,,,,,,,1,1,1,1.0,2