accident_id,datetime,annee,mois,jour,heure,minute,departement,commune_insee,adresse,latitude,longitude,luminosite,agglomeration,intersection,meteo,collision,nb_vehicules,nb_usagers,nb_indemnes,nb_tues,nb_blesses_hosp,nb_blesses_legers,age_cond_1,age_cond_2,veh_type_cond_1,veh_type_cond_2,lum_code,agg_code,int_code,atm_code,col_code
201400021051,0014-04-03 08:00:00,14,4,3,8,0,240,37,BOULEVARD CLAVEILLE,44.8529,0.507,Plein jour,En agglomération,Intersection en Y,Pluie légère,Deux véhicules - côté,,,,,,,,,,,1,2,4,2.0,3
201400021052,0014-04-28 17:30:00,14,4,28,17,30,240,437,LES MARTRAS,44.8187,0.45451,Plein jour,Hors agglomération,Hors intersection,Normale,Deux véhicules - arrière,,,,,,,,,,,1,1,1,1.0,2
201400021053,0014-06-01 05:00:00,14,6,1,5,0,240,437,"28 ROUTE DE, BORDEAUX",44.8338,0.43868,Nuit sans éclairage public,Hors agglomération,Hors intersection,Normale,Autre collision,,,,,,,,,,,3,1,1,1.0,6
201400021054,0014-09-17 08:50:00,14,9,17,8,50,240,145,PLACE DE LA CREYSSETTE,44.8558,0.57038,Plein jour,En agglomération,Hors intersection,Normale,Deux véhicules - côté,,,,,,,,,,,1,2,1,1.0,3
201400021055,0014-09-27 10:21:00,14,9,27,10,21,240,37,AVENUE DU WILSON,44.8562,0.49124,Plein jour,En agglomération,Intersection en X,Normale,Autre collision,,,,,,,,,,,1,2,2,1.0,6
201400021056,0014-09-28 02:37:00,14,9,28,2,37,240,37,RN21,44.8275,0.51188,Nuit sans éclairage public,Hors agglomération,Hors intersection,Normale,Sans collision,,,,,,,,,,,3,1,1,1.0,7
201400021057,0014-10-17 06:35:00,14,10,17,6,35,240,145,ROUTE DE LA NAUVE,44.8501,0.5369,Crépuscule ou aube,En agglomération,Giratoire,Normale,Deux véhicules - arrière,,,,,,,,,,,2,2,6,1.0,2
201400021058,0014-11-11 11:55:00,14,11,11,11,55,240,37,SAINT-CHRISTOPHE,44.8147,0.50603,Plein jour,Hors agglomération,Hors intersection,Normale,Trois véhicules et plus - collisions multiples,,,,,,,,,,,1,1,1,1.0,5
201400021059,0014-11-13 19:40:00,14,11,13,19,40,240,140,AVENUE  DE LA ROQUE,44.8532,0.55435,Nuit avec éclairage allumé,En agglomération,Intersection en T,Normale,Autre collision,,,,,,,,,,,5,2,3,1.0,6
201400021060,0014-11-29 17:37:00,14,11,29,17,37,240,419,GRAND RUE,44.8551,0.56503,Nuit avec éclairage allumé,En agglomération,Hors intersection,Pluie légère,Autre collision,,,,,,,,,,,5,2,1,2.0,6
201400021061,0014-02-21 11:00:00,14,2,21,11,0,240,322,RUE ANTOINE GADAUD,45.1881,0.71723,Plein jour,En agglomération,Intersection en X,Temps couvert,Deux véhicules - côté,,,,,,,,,,,1,2,2,8.0,3
201400021062,0014-03-08 17:30:00,14,3,8,17,30,240,557,"165, AVENUE GRANDOU",45.1893,0.7517,Plein jour,En agglomération,Intersection en T,Normale,Deux véhicules - côté,,,,,,,,,,,1,2,3,1.0,3
201400021063,0014-03-31 22:55:00,14,3,31,22,55,240,138,AVENUE CHURCHILL,45.182,0.69909,Nuit avec éclairage allumé,En agglomération,Hors intersection,Normale,Autre collision,,,,,,,,,,,5,2,1,1.0,6
201400021064,0014-04-02 18:15:00,14,4,2,18,15,240,322,PLACE YVES GUENA,45.1872,0.72152,Plein jour,En agglomération,Hors intersection,Normale,Autre collision,,,,,,,,,,,1,2,1,1.0,6
201400021065,0014-04-04 21:25:00,14,4,4,21,25,240,322,PLACE YVES GUENA,45.1872,0.72152,Nuit avec éclairage allumé,En agglomération,Giratoire,Normale,Deux véhicules - côté,,,,,,,,,,,5,2,6,1.0,3
201400021066,0014-05-09 16:30:00,14,5,9,16,30,240,53,ALLEE JACQUES DUCLOS,45.1849,0.77686,Plein jour,En agglomération,Hors intersection,Normale,Autre collision,,,,,,,,,,,1,2,1,1.0,6
201400021067,0014-05-15 05:05:00,14,5,15,5,5,240,557,AVENUE MICHEL GRANDOU,45.1945,0.77785,Nuit avec éclairage allumé,En agglomération,Intersection en T,Normale,Sans collision,,,,,,,,,,,5,2,3,1.0,7
201400021068,0014-05-20 18:25:00,14,5,20,18,25,240,138,ALLEE DES CHENES,45.1598,0.67292,Plein jour,Hors agglomération,Hors intersection,Pluie légère,Deux véhicules - frontale,,,,,,,,,,,1,1,1,2.0,1
201400021069,0014-05-25 22:15:00,14,5,25,22,15,240,557,CHARRIERAS,45.2037,0.80291,Nuit avec éclairage allumé,En agglomération,Giratoire,Normale,Sans collision,,,,,,,,,,,5,2,6,1.0,7
201400021070,0014-05-24 16:24:00,14,5,24,16,24,240,53,AVENUE MARCEL PAUL,45.1829,0.767,Plein jour,En agglomération,Hors intersection,Autre,Autre collision,,,,,,,,,,,1,2,1,9.0,6
201400021071,0014-05-23 14:45:00,14,5,23,14,45,240,322,PLACE BUGEAUD,45.184,0.7188,Plein jour,En agglomération,Hors intersection,Pluie légère,Autre collision,,,,,,,,,,,1,2,1,2.0,6
201400021072,0014-05-29 17:44:00,14,5,29,17,44,240,102,"71, ROUTE DE RIBERAC",45.1962,0.651,Plein jour,Hors agglomération,Intersection en T,Normale,Deux véhicules - côté,,,,,,,,,,,1,1,3,1.0,3
201400021073,0014-06-01 16:00:00,14,6,1,16,0,240,322,COURS FENELON,45.1826,0.71904,Plein jour,En agglomération,Hors intersection,Normale,Autre collision,,,,,,,,,,,1,2,1,1.0,6
201400021074,0014-06-02 12:30:00,14,6,2,12,30,240,557,RUE DU MOULIN,45.1888,0.74054,Plein jour,En agglomération,Intersection en X,Normale,Deux véhicules - côté,,,,,,,,,,,1,2,2,1.0,3
201400021075,0014-06-08 12:20:00,14,6,8,12,20,240,138,AVENUE DE GAULLE,45.1877,0.69843,Plein jour,En agglomération,Hors intersection,Normale,Deux véhicules - côté,,,,,,,,,,,1,2,1,1.0,3
201400021076,0014-06-17 16:08:00,14,6,17,16,8,240,256,"122, ROUTE DE BORDEAUX",45.1832,0.64943,Plein jour,Hors agglomération,Hors intersection,Normale,Deux véhicules - arrière,,,,,,,,,,,1,1,1,1.0,2
201400021077,0014-06-17 09:40:00,14,6,17,9,40,240,322,"66, RUE PIERRE SEMARD",45.1943,0.70442,Plein jour,En agglomération,Hors intersection,Normale,Autre collision,,,,,,,,,,,1,2,1,1.0,6
201400021078,0014-08-30 13:44:00,14,8,30,13,44,240,322,RUE VICTOR HUGO,45.1897,0.71179,Plein jour,En agglomération,Intersection en T,Normale,Deux véhicules - côté,,,,,,,,,,,1,2,3,1.0,3
201400021079,0014-09-11 10:52:00,14,9,11,10,52,240,322,PLACE CHARLES DURAND,45.1796,0.71535,Plein jour,En agglomération,Hors intersection,Normale,Deux véhicules - côté,,,,,,,,,,,1,2,1,1.0,3
201400021080,0014-09-21 18:10:00,14,9,21,18,10,240,322,"276, ROUTE D'ANGOULEME",45.2006,0.68442,Plein jour,En agglomération,Hors intersection,Normale,Autre collision,,,,,,,,,,,1,2,1,1.0,6
201400021081,0014-10-06 21:15:00,14,10,6,21,15,240,322,BOULEVARD SAUMANDE,45.1809,0.72277,Nuit avec éclairage allumé,En agglomération,Intersection en T,Pluie légère,Deux véhicules - côté,,,,,,,,,,,5,2,3,2.0,3
201400021082,0014-10-10 10:35:00,14,10,10,10,35,240,53,ROUTE NATIONALE 221,45.1661,0.77026,Plein jour,Hors agglomération,Hors intersection,Normale,Deux véhicules - frontale,,,,,,,,,,,1,1,1,1.0,1
201400021083,0014-10-29 08:12:00,14,10,29,8,12,240,322,"16, RUE GAMBETTA",45.186,0.71813,Plein jour,En agglomération,Hors intersection,Normale,Autre collision,,,,,,,,,,,1,2,1,1.0,6
201400021084,0014-11-01 19:12:00,14,11,1,19,12,240,138,AVENUE DE GAULLE,45.1901,0.69388,Nuit avec éclairage allumé,En agglomération,Hors intersection,Normale,Autre collision,,,,,,,,,,,5,2,1,1.0,6
201400021085,0014-11-19 13:06:00,14,11,19,13,6,240,322,"80, BASCH (RUE VICTOR)",,,Plein jour,En agglomération,Intersection en T,Normale,Deux véhicules - côté,,,,,,,,,,,1,2,3,1.0,3
201400021086,0014-12-11 09:00:00,14,12,11,9,0,240,138,PLACE PERON,45.1575,0.68863,Plein jour,Hors agglomération,Autre intersection,Pluie légère,Autre collision,,,,,,,,,,,1,1,9,2.0,6
201400021087,0014-01-05 01:56:00,14,1,5,1,56,250,56,"50, DOLE RUE DE <82",47.23468,6.00894,Nuit avec éclairage allumé,En agglomération,Hors intersection,Pluie forte,Autre collision,,,,,,,,,,,5,2,1,3.0,6
201400021088,0014-01-09 12:45:00,14,1,9,12,45,250,56,"SANS, CHAR  RUE RENE",,,Plein jour,En agglomération,Giratoire,Normale,Deux véhicules - côté,,,,,,,,,,,1,2,6,1.0,3
201400021089,0014-01-10 10:18:00,14,1,10,10,18,250,56,"20, BRABANT RUE DE",,,Plein jour,En agglomération,Hors intersection,Normale,Autre collision,,,,,,,,,,,1,2,1,1.0,6
201400021090,0014-01-11 10:30:00,14,1,11,10,30,250,56,"SANS, BASILIQUE RUE DE L",,,Plein jour,En agglomération,Intersection en T,Normale,Autre collision,,,,,,,,,,,1,2,3,1.0,6
201400021091,0014-01-10 14:51:00,14,1,10,14,51,250,56,OUEST BOULEVARD,,,Plein jour,En agglomération,Hors intersection,Normale,Deux véhicules - côté,,,,,,,,,,,1,2,1,1.0,3
201400021092,0014-01-14 16:25:00,14,1,14,16,25,250,56,"SANS, OUEST BOULEVARD",,,Plein jour,En agglomération,Hors intersection,Pluie forte,Trois véhicules et plus - en chaîne,,,,,,,,,,,1,2,1,3.0,4
201400021093,0014-01-15 08:00:00,14,1,15,8,0,250,56,"sans, CHURCHILL BD WINST",,,Plein jour,En agglomération,Hors intersection,Normale,Deux véhicules - côté,,,,,,,,,,,1,2,1,1.0,3
201400021094,0014-01-15 14:30:00,14,1,15,14,30,250,56,"105 Bis, BELFORT RUE DE",47.25149,6.03458,Plein jour,En agglomération,Hors intersection,Normale,Autre collision,,,,,,,,,,,1,2,1,1.0,6
201400021095,0014-01-17 15:25:00,14,1,17,15,25,250,56,"sans, LILAS  RUE DES",,,Crépuscule ou aube,En agglomération,Intersection en X,Normale,Autre collision,,,,,,,,,,,2,2,2,1.0,6
201400021096,0014-01-18 18:43:00,14,1,18,18,43,250,56,"10, CHAR  RUE RENE",47.21831,5.95205,Nuit avec éclairage allumé,En agglomération,Hors intersection,Normale,Autre collision,,,,,,,,,,,5,2,1,1.0,6
201400021097,0014-01-20 18:10:00,14,1,20,18,10,250,56,ALLENDE  BOULEVARD SALVA,,,Nuit avec éclairage allumé,En agglomération,Hors intersection,Pluie forte,Autre collision,,,,,,,,,,,5,2,1,3.0,6
201400021098,0014-01-24 06:30:00,14,1,24,6,30,250,56,"SANS, ESCALE  CHEMIN DE",,,Nuit sans éclairage public,En agglomération,Hors intersection,Normale,Sans collision,,,,,,,,,,,3,2,1,1.0,7
201400021099,0014-01-25 18:00:00,14,1,25,18,0,250,56,"SANS, CHURCHILL BD WINST",,,Nuit avec éclairage allumé,Hors agglomération,Intersection en T,Normale,Deux véhicules - côté,,,,,,,,,,,5,1,3,1.0,3
201400021100,0014-01-25 22:08:00,14,1,25,22,8,250,56,ALLENDE  BOULEVARD SALVA,,,Nuit avec éclairage allumé,En agglomération,Hors intersection,Normale,Autre collision,,,,,,,,,,,5,2,1,1.0,6
201400021101,0014-01-27 19:15:00,14,1,27,19,15,250,56,"sans, PROUDHON RUE J-B V",,,Nuit avec éclairage allumé,En agglomération,Intersection en X,Normale,Autre collision,,,,,,,,,,,5,2,2,1.0,6
201400021102,0014-01-29 19:01:00,14,1,29,19,1,250,56,"23, VESOUL RUE DE < 52",47.24828,6.01994,Nuit avec éclairage allumé,En agglomération,Hors intersection,Pluie légère,Deux véhicules - côté,,,,,,,,,,,5,2,1,2.0,3
201400021103,0014-02-04 09:50:00,14,2,4,9,50,250,56,"SANS, EPITAPHE CHEMIN DE",,,Plein jour,En agglomération,Hors intersection,Pluie légère,Autre collision,,,,,,,,,,,1,2,1,2.0,6
201400021104,0014-02-04 10:30:00,14,2,4,10,30,250,56,"SANS, MONTBOUCONS CHEMIN",,,Plein jour,En agglomération,Giratoire,Pluie légère,Autre collision,,,,,,,,,,,1,2,6,2.0,6
201400021105,0014-02-06 07:55:00,14,2,6,7,55,250,56,"2, GRAY ROUTE DE",47.24493,5.99575,Plein jour,En agglomération,Giratoire,Temps couvert,Deux véhicules - côté,,,,,,,,,,,1,2,6,8.0,3
201400021106,0014-02-07 11:10:00,14,2,7,11,10,250,56,"61, GRANGES RUE DES > 26",47.23712,6.02689,Plein jour,En agglomération,Hors intersection,Pluie légère,Autre collision,,,,,,,,,,,1,2,1,2.0,6
201400021107,0014-02-07 12:52:00,14,2,7,12,52,250,56,"172, DOLE RUE DE >82 & <",47.22782,5.98266,Plein jour,En agglomération,Hors intersection,Pluie légère,Autre collision,,,,,,,,,,,1,2,1,2.0,6
201400021108,0014-02-08 23:00:00,14,2,8,23,0,250,56,RN 1057 (ROUTE DE GRAY-C,,,Nuit avec éclairage allumé,En agglomération,Hors intersection,Temps couvert,Autre collision,,,,,,,,,,,5,2,1,8.0,6
201400021109,0014-02-11 11:11:00,14,2,11,11,11,250,56,PLANCON RUE GABRIEL,,,Plein jour,En agglomération,Hors intersection,Normale,Autre collision,,,,,,,,,,,1,2,1,1.0,6
201400021110,0014-02-11 14:29:00,14,2,11,14,29,250,56,SEPTIEME ARMEE AM. AVENU,,,Plein jour,En agglomération,Hors intersection,Normale,Autre collision,,,,,,,,,,,1,2,1,1.0,6
201400021111,0014-02-15 19:30:00,14,2,15,19,30,250,56,"SANS, KENNEDY  BOULEVARD",47.1407,5.59057,Nuit avec éclairage allumé,En agglomération,Hors intersection,Pluie légère,Deux véhicules - côté,,,,,,,,,,,5,2,1,2.0,3
201400021112,0014-02-17 16:10:00,14,2,17,16,10,250,56,DOLE RUE DE >200,,,Plein jour,En agglomération,Hors intersection,Normale,Deux véhicules - arrière,,,,,,,,,,,1,2,1,1.0,2
201400021113,0014-02-17 16:40:00,14,2,17,16,40,250,56,"52, VESOUL RUE DE < 52",47.25431,6.01546,Plein jour,En agglomération,Hors intersection,Normale,Autre collision,,,,,,,,,,,1,2,1,1.0,6
201400021114,0014-03-03 12:08:00,14,3,3,12,8,250,56,CHURCHILL BD WINSTON >19,47.25089,6.00922,Plein jour,En agglomération,Hors intersection,Normale,Autre collision,,,,,,,,,,,1,2,1,1.0,6
201400021115,0014-03-03 17:10:00,14,3,3,17,10,250,56,DOLE RUE DE >185 & <200,,,Plein jour,En agglomération,Hors intersection,Normale,Trois véhicules et plus - en chaîne,,,,,,,,,,,1,2,1,1.0,4
201400021116,0014-03-07 16:16:00,14,3,7,16,16,250,56,"10, MUGUET  RUE DU",47.26615,6.04988,Plein jour,En agglomération,Intersection en T,Normale,Deux véhicules - côté,,,,,,,,,,,1,2,3,1.0,3
201400021117,0014-03-07 17:01:00,14,3,7,17,1,250,56,"5, BERLIOZ RUE HECTOR",47.26103,6.04073,Plein jour,En agglomération,Hors intersection,Normale,Autre collision,,,,,,,,,,,1,2,1,1.0,6
201400021118,0014-03-10 11:18:00,14,3,10,11,18,250,56,"06, VOIRIN RUE",,,Plein jour,En agglomération,Hors intersection,Normale,Trois véhicules et plus - en chaîne,,,,,,,,,,,1,2,1,1.0,4
201400021119,0014-03-11 09:24:00,14,3,11,9,24,250,56,"sans, NODIER  RUE CHARLE",,,Plein jour,En agglomération,Hors intersection,Normale,Deux véhicules - arrière,,,,,,,,,,,1,2,1,1.0,2
201400021120,0014-03-13 16:52:00,14,3,13,16,52,250,56,"18, PARC AVENUE DU",47.218,5.97126,Plein jour,En agglomération,Hors intersection,Normale,Autre collision,,,,,,,,,,,1,2,1,1.0,6
201400021121,0014-03-20 21:20:00,14,3,20,21,20,250,56,"SANS, KENNEDY  BOULEVARD",,,Nuit avec éclairage allumé,En agglomération,Hors intersection,Normale,Autre collision,,,,,,,,,,,5,2,1,1.0,6
201400021122,0014-03-25 07:46:00,14,3,25,7,46,250,56,"SANS, LAGRANGE  AVENUE L",,,Plein jour,En agglomération,Hors intersection,Normale,Deux véhicules - arrière,,,,,,,,,,,1,2,1,1.0,2
201400021123,0014-03-30 15:24:00,14,3,30,15,24,250,56,"SANS, MONTBOUCONS CHEMIN",,,Plein jour,En agglomération,Hors intersection,Normale,Autre collision,,,,,,,,,,,1,2,1,1.0,6
201400021124,0014-04-02 17:55:00,14,4,2,17,55,250,56,"SANS, DOLE RUE DE >82 &",,,Plein jour,En agglomération,Hors intersection,Normale,Autre collision,,,,,,,,,,,1,2,1,1.0,6
201400021125,0014-04-04 08:35:00,14,4,4,8,35,250,56,"61, BELFORT RUE DE <144",,,Plein jour,En agglomération,Autre intersection,Normale,Autre collision,,,,,,,,,,,1,2,9,1.0,6
201400021126,0014-04-06 10:15:00,14,4,6,10,15,250,56,FRIBOURG RUE DE,,,Plein jour,En agglomération,Hors intersection,Normale,Sans collision,,,,,,,,,,,1,2,1,1.0,7
201400021127,0014-04-08 07:31:00,14,4,8,7,31,250,56,"81, DOLE RUE DE <82",,,Plein jour,En agglomération,Hors intersection,Pluie légère,Deux véhicules - arrière,,,,,,,,,,,1,2,1,2.0,2
201400021128,0014-04-08 17:10:00,14,4,8,17,10,250,56,"SANS, DOLE RUE DE >185 &",,,Plein jour,En agglomération,Hors intersection,Normale,Deux véhicules - arrière,,,,,,,,,,,1,2,1,1.0,2
201400021129,0014-04-09 11:37:00,14,4,9,11,37,250,56,"SANS, KENNEDY  BOULEVARD",,,Plein jour,En agglomération,Hors intersection,Normale,Trois véhicules et plus - en chaîne,,,,,,,,,,,1,2,1,1.0,4
201400021130,0014-04-09 19:50:00,14,4,9,19,50,250,56,"30, CHOPARD RUE ALEXIS",47.24867,6.03172,Crépuscule ou aube,En agglomération,Hors intersection,Normale,Autre collision,,,,,,,,,,,2,2,1,1.0,6
201400021131,0014-04-12 11:25:00,14,4,12,11,25,250,56,"3, FLEMING BOULEVARD",,,Plein jour,En agglomération,Hors intersection,Normale,Autre collision,,,,,,,,,,,1,2,1,1.0,6
201400021132,0014-04-13 15:26:00,14,4,13,15,26,250,56,"SANS, VAN GOGH SQUARE",,,Plein jour,En agglomération,Hors intersection,Normale,Autre collision,,,,,,,,,,,1,2,1,1.0,6
201400021133,0014-04-16 17:44:00,14,4,16,17,44,250,56,"SANS, FAURE AVENUE EDGAR",47.14691,6.13519,Plein jour,En agglomération,Hors intersection,Normale,Deux véhicules - arrière,,,,,,,,,,,1,2,1,1.0,2
201400021134,0014-04-26 04:17:00,14,4,26,4,17,250,56,MORRE ROUTE DE,,,Nuit sans éclairage public,Hors agglomération,Hors intersection,Pluie légère,Deux véhicules - frontale,,,,,,,,,,,3,1,1,2.0,1
201400021135,0014-04-27 12:48:00,14,4,27,12,48,250,56,"27, GRETTE  RUE",47.23246,6.02042,Plein jour,En agglomération,Hors intersection,Normale,Sans collision,,,,,,,,,,,1,2,1,1.0,7
201400021136,0014-05-04 14:50:00,14,5,4,14,50,250,56,", MONTBOUCONS VOIES CITE",,,Plein jour,En agglomération,Hors intersection,Normale,Autre collision,,,,,,,,,,,1,2,1,1.0,6
201400021137,0014-05-07 13:00:00,14,5,7,13,0,250,56,"SANS, ERMITAGE  CHEMIN D",,,Plein jour,En agglomération,Intersection en T,Normale,Trois véhicules et plus - collisions multiples,,,,,,,,,,,1,2,3,1.0,5
201400021138,0014-05-13 17:20:00,14,5,13,17,20,250,56,"SANS, MARCHAUX ROUTE DE",47.2876,6.06519,Plein jour,Hors agglomération,Intersection en X,Pluie légère,Trois véhicules et plus - collisions multiples,,,,,,,,,,,1,1,2,2.0,5
201400021139,0014-05-13 17:47:00,14,5,13,17,47,250,56,"SANS, SEPTIEME ARMEE AM.",47.1436,6.041,Plein jour,En agglomération,Hors intersection,Pluie légère,Autre collision,,,,,,,,,,,1,2,1,2.0,6
201400021140,0014-05-19 07:20:00,14,5,19,7,20,250,56,"14 bis, JARDINS RUE DES",47.25028,6.0374,Plein jour,En agglomération,Hors intersection,Normale,Deux véhicules - côté,,,,,,,,,,,1,2,1,1.0,3
201400021141,0014-05-19 15:10:00,14,5,19,15,10,250,56,MARCHAUX ROUTE DE,,,Plein jour,Hors agglomération,Hors intersection,Normale,Autre collision,,,,,,,,,,,1,1,1,1.0,6
201400021142,0014-05-20 11:53:00,14,5,20,11,53,250,56,VESOUL RUE DE < 52,,,Plein jour,En agglomération,Hors intersection,Normale,Deux véhicules - frontale,,,,,,,,,,,1,2,1,1.0,1
201400021143,0014-05-26 20:42:00,14,5,26,20,42,250,56,KENNEDY  BOULEVARD J.F.,,,Crépuscule ou aube,En agglomération,Intersection en T,Pluie forte,Deux véhicules - côté,,,,,,,,,,,2,2,3,3.0,3
201400021144,0014-05-24 14:37:00,14,5,24,14,37,250,56,"13, BERNARD RUE TRISTAN",47.24894,6.03951,Plein jour,En agglomération,Hors intersection,Normale,Autre collision,,,,,,,,,,,1,2,1,1.0,6
201400021145,0014-05-25 12:09:00,14,5,25,12,9,250,56,"20, FONTAINE ECU RUE DE",47.24962,6.01102,Plein jour,En agglomération,Hors intersection,Normale,Deux véhicules - frontale,,,,,,,,,,,1,2,1,1.0,1
201400021146,0014-05-27 00:11:00,14,5,27,0,11,250,56,LECLERC   PLACE MA,,,Nuit avec éclairage allumé,En agglomération,Intersection à plus de 4 branches,Pluie légère,Deux véhicules - côté,,,,,,,,,,,5,2,5,2.0,3
201400021147,0014-05-28 08:59:00,14,5,28,8,59,250,56,DOLE RUE DE <82,47.23215,5.99922,Plein jour,En agglomération,Hors intersection,Normale,Autre collision,,,,,,,,,,,1,2,1,1.0,6
201400021148,0014-05-28 12:55:00,14,5,28,12,55,250,56,CHURCHILL BD WINST,47.2482,6.00048,Plein jour,En agglomération,Hors intersection,Normale,Autre collision,,,,,,,,,,,1,2,1,1.0,6
201400021149,0014-05-31 14:23:00,14,5,31,14,23,250,56,"15, CHARMONT RUE DU PETI",47.24084,6.01672,Plein jour,En agglomération,Hors intersection,Normale,Autre collision,,,,,,,,,,,1,2,1,1.0,6
201400021150,0014-05-31 23:45:00,14,5,31,23,45,250,56,"14, CHAMPROND RUE",47.24205,6.02156,Nuit avec éclairage allumé,En agglomération,Hors intersection,Normale,Autre collision,,,,,,,,,,,5,2,1,1.0,6
201400021151,0014-06-02 15:41:00,14,6,2,15,41,250,56,BELLAY RUE JOACHIM DU,47.21465,5.95109,Plein jour,En agglomération,Intersection en X,Normale,Deux véhicules - côté,,,,,,,,,,,1,2,2,1.0,3
201400021152,0014-06-03 07:15:00,14,6,3,7,15,250,56,"SANS, BLUM  BOULEVARD LE",47.25944,6.02917,Plein jour,En agglomération,Hors intersection,Normale,Autre collision,,,,,,,,,,,1,2,1,1.0,6
201400021153,0014-06-03 08:08:00,14,6,3,8,8,250,56,"SANS, MARCHAUX ROUTE DE",,,Plein jour,En agglomération,Hors intersection,Normale,Trois véhicules et plus - en chaîne,,,,,,,,,,,1,2,1,1.0,4
201400021154,0014-06-04 16:15:00,14,6,4,16,15,250,56,"136, DOLE RUE DE >82 & <",47.22907,5.98859,Plein jour,En agglomération,Hors intersection,Normale,Deux véhicules - arrière,,,,,,,,,,,1,2,1,1.0,2
201400021155,0014-06-06 14:15:00,14,6,6,14,15,250,56,"SANS, VESOUL RUE DE < 52",47.25431,6.01546,Plein jour,En agglomération,Intersection en T,Normale,Autre collision,,,,,,,,,,,1,2,3,1.0,6
201400021156,0014-06-09 10:17:00,14,6,9,10,17,250,56,"40, DOLE RUE DE <82",47.23458,6.01066,Plein jour,En agglomération,Intersection en T,Normale,Deux véhicules - côté,,,,,,,,,,,1,2,3,1.0,3
201400021157,0014-06-17 10:35:00,14,6,17,10,35,250,56,"87, VESOUL RUE DE < 52",47.25709,6.01135,Plein jour,En agglomération,Hors intersection,Normale,Autre collision,,,,,,,,,,,1,2,1,1.0,6
201400021158,0014-06-17 12:25:00,14,6,17,12,25,250,56,"21 B, DELACROIX RUE ALPH",47.24495,6.00554,Plein jour,En agglomération,Hors intersection,Normale,Autre collision,,,,,,,,,,,1,2,1,1.0,6
201400021159,0014-06-17 16:51:00,14,6,17,16,51,250,56,"SANS, DROZ   AVENUE EDOU",47.23959,6.03233,Plein jour,En agglomération,Hors intersection,Normale,Autre collision,,,,,,,,,,,1,2,1,1.0,6
201400021160,0014-06-19 03:07:00,14,6,19,3,7,250,56,"70, CRAS RUE DES",47.25686,6.03587,Nuit avec éclairage allumé,En agglomération,Hors intersection,Normale,Sans collision,,,,,,,,,,,5,2,1,1.0,7
201400021161,0014-06-21 23:13:00,14,6,21,23,13,250,56,"0, FOCH AVENUE MARECHAL",47.24295,6.02534,Nuit avec éclairage allumé,En agglomération,Hors intersection,Normale,Autre collision,,,,,,,,,,,5,2,1,1.0,6
201400021162,0014-06-24 10:26:00,14,6,24,10,26,250,56,"17, EDISON RUE THOMAS",47.23026,5.97108,Plein jour,En agglomération,Hors intersection,Normale,Autre collision,,,,,,,,,,,1,2,1,1.0,6
201400021163,0014-06-24 16:38:00,14,6,24,16,38,250,56,"SANS, BATTANT GRAPILLE D",47.24337,6.02291,Plein jour,En agglomération,Hors intersection,Normale,Autre collision,,,,,,,,,,,1,2,1,1.0,6
201400021164,0014-06-25 11:46:00,14,6,25,11,46,250,56,"SANS, MARCHAUX ROUTE DE",47.27066,6.05782,Plein jour,En agglomération,Intersection en T,Normale,Deux véhicules - arrière,,,,,,,,,,,1,2,3,1.0,2
201400021165,0014-06-26 12:47:00,14,6,26,12,47,250,56,"0, LAGRANGE  AVENUE LEO",47.24474,6.0037,Plein jour,En agglomération,Hors intersection,Normale,Deux véhicules - côté,,,,,,,,,,,1,2,1,1.0,3
201400021166,0014-06-26 18:40:00,14,6,26,18,40,250,56,"0, BOURGOGNE AVENUE DE",47.22162,5.97414,Plein jour,En agglomération,Hors intersection,Normale,Autre collision,,,,,,,,,,,1,2,1,1.0,6
201400021167,0014-06-27 08:54:00,14,6,27,8,54,250,56,"SANS, VOIRIN RUE",47.24252,6.01288,Plein jour,En agglomération,Hors intersection,Normale,Deux véhicules - côté,,,,,,,,,,,1,2,1,1.0,3
201400021168,0014-07-08 20:21:00,14,7,8,20,21,250,56,"SANS, RN 1057 (BD CHURCH",47.2505,6.00667,Nuit avec éclairage allumé,Hors agglomération,Hors intersection,Pluie forte,Autre collision,,,,,,,,,,,5,1,1,3.0,6
201400021169,0014-07-10 10:18:00,14,7,10,10,18,250,56,"sans, BELIN RUE EDOUARD",47.22597,5.96895,Plein jour,En agglomération,Hors intersection,Pluie légère,Autre collision,,,,,,,,,,,1,2,1,2.0,6
201400021170,0014-07-15 13:11:00,14,7,15,13,11,250,56,"1, GRANGES RUE DES < 26",47.23972,6.02325,Plein jour,En agglomération,Hors intersection,Normale,Autre collision,,,,,,,,,,,1,2,1,1.0,6
201400021171,0014-07-16 18:56:00,14,7,16,18,56,250,56,"sans, GAULARD AVENUE < 1",47.23497,6.0333,Plein jour,En agglomération,Intersection en T,Normale,Autre collision,,,,,,,,,,,1,2,3,1.0,6
201400021172,0014-07-21 12:18:00,14,7,21,12,18,250,56,"0, CHAR  RUE RENE",47.21813,5.9515,Plein jour,En agglomération,Giratoire,Pluie légère,Deux véhicules - côté,,,,,,,,,,,1,2,6,2.0,3
201400021173,0014-07-21 18:46:00,14,7,21,18,46,250,56,"0, BRETON RUE ANDRE",47.21564,5.9497,Plein jour,En agglomération,Autre intersection,Temps couvert,Deux véhicules - côté,,,,,,,,,,,1,2,9,8.0,3
201400021174,0014-07-22 18:45:00,14,7,22,18,45,250,56,"0, RN 1057 (CH. EPITAPHE",47.25094,5.99196,Plein jour,Hors agglomération,Hors intersection,Temps couvert,Sans collision,,,,,,,,,,,1,1,1,8.0,7