accident_id,datetime,annee,mois,jour,heure,minute,departement,commune_insee,adresse,latitude,longitude,luminosite,agglomeration,intersection,meteo,collision,nb_vehicules,nb_usagers,nb_indemnes,nb_tues,nb_blesses_hosp,nb_blesses_legers,age_cond_1,age_cond_2,veh_type_cond_1,veh_type_cond_2,lum_code,agg_code,int_code,atm_code,col_code
201400021175,0014-07-24 08:56:00,14,7,24,8,56,250,56,"sans, GARE D'EAU AV.  DE",47.23175,6.02396,Plein jour,En agglomération,Hors intersection,Normale,Deux véhicules - côté,,,,,,,,,,,1,2,1,1.0,3
201400021176,0014-07-25 07:49:00,14,7,25,7,49,250,56,"30, CHASNOT RUE DU",47.2504,6.02676,Plein jour,En agglomération,Hors intersection,Normale,Autre collision,,,,,,,,,,,1,2,1,1.0,6
201400021177,0014-07-26 04:51:00,14,7,26,4,51,250,56,"sans, CHAMARS PARKING",,,Nuit avec éclairage allumé,En agglomération,Hors intersection,Pluie forte,Autre collision,,,,,,,,,,,5,2,1,3.0,6
201400021178,0014-07-26 04:46:00,14,7,26,4,46,250,56,"228, DOLE RUE DE >200",,,Nuit avec éclairage allumé,En agglomération,Hors intersection,Pluie forte,Deux véhicules - arrière,,,,,,,,,,,5,2,1,3.0,2
201400021179,0014-07-29 18:35:00,14,7,29,18,35,250,56,GRAY ROUTE DE,47.2445,5.98321,Plein jour,Hors agglomération,Hors intersection,Pluie légère,Deux véhicules - frontale,,,,,,,,,,,1,1,1,2.0,1
201400021180,0014-08-01 00:55:00,14,8,1,0,55,250,56,"170, BELFORT RUE DE BELF",47.25694,6.04246,Nuit avec éclairage allumé,En agglomération,Hors intersection,Normale,Autre collision,,,,,,,,,,,5,2,1,1.0,6
201400021181,0014-08-07 21:26:00,14,8,7,21,26,250,56,"SANS, CHENE NOTRE DAME R",47.17835,6.18842,Nuit sans éclairage public,En agglomération,Hors intersection,Normale,Autre collision,,,,,,,,,,,3,2,1,1.0,6
201400021182,0014-08-20 14:51:00,14,8,20,14,51,250,56,"SANS, HELVETIE AVENUE D'",47.1455,6.17778,Plein jour,En agglomération,Hors intersection,Temps couvert,Autre collision,,,,,,,,,,,1,2,1,8.0,6
201400021183,0014-08-23 05:12:00,14,8,23,5,12,250,56,"SANS, DOLE RUE DE >82 &",,,Nuit avec éclairage allumé,En agglomération,Hors intersection,Normale,Autre collision,,,,,,,,,,,5,2,1,1.0,6
201400021184,0014-08-23 17:28:00,14,8,23,17,28,250,56,"sans, FLEMING BOULEVARD",47.22547,5.96482,Plein jour,En agglomération,Hors intersection,Normale,Autre collision,,,,,,,,,,,1,2,1,1.0,6
201400021185,0014-08-23 23:36:00,14,8,23,23,36,250,56,"SANS, CHIFFLET RUE",47.23316,6.02615,Nuit avec éclairage allumé,En agglomération,Intersection en X,Pluie légère,Deux véhicules - côté,,,,,,,,,,,5,2,2,2.0,3
201400021186,0014-08-28 18:38:00,14,8,28,18,38,250,56,"SANS, FAURE AVENUE EDGAR",47.24391,6.01763,Plein jour,En agglomération,Hors intersection,Normale,Autre collision,,,,,,,,,,,1,2,1,1.0,6
201400021187,0014-08-29 19:37:00,14,8,29,19,37,250,56,"SANS, GRAY ROUTE DE",47.24003,5.98203,Plein jour,En agglomération,Hors intersection,Normale,Deux véhicules - côté,,,,,,,,,,,1,2,1,1.0,3
201400021188,0014-09-02 17:18:00,14,9,2,17,18,250,56,"54, DOLE RUE DE <82",47.14041,6.04618,Plein jour,En agglomération,Hors intersection,Normale,Deux véhicules - côté,,,,,,,,,,,1,2,1,1.0,3
201400021189,0014-09-02 20:30:00,14,9,2,20,30,250,56,"SANS, CLEMENCEAU AVENUE",47.23707,6.00412,Nuit avec éclairage allumé,En agglomération,Intersection en T,Normale,Deux véhicules - frontale,,,,,,,,,,,5,2,3,1.0,1
201400021190,0014-09-09 18:10:00,14,9,9,18,10,250,56,"31, CLEMENCEAU AVENUE G.",47.23865,6.01113,Plein jour,En agglomération,Hors intersection,Normale,Deux véhicules - côté,,,,,,,,,,,1,2,1,1.0,3
201400021191,0014-09-05 12:57:00,14,9,5,12,57,250,56,"10, VIGNY  RUE ALFRED",47.21574,5.96212,Plein jour,En agglomération,Hors intersection,Normale,Autre collision,,,,,,,,,,,1,2,1,1.0,6
201400021192,0014-09-06 19:52:00,14,9,6,19,52,250,56,"SANS, DOLE RUE DE <82",47.23215,5.99922,Plein jour,En agglomération,Hors intersection,Normale,Deux véhicules - arrière,,,,,,,,,,,1,2,1,1.0,2
201400021193,0014-09-07 09:26:00,14,9,7,9,26,250,56,"sans, BLUM BOULEVARD LEO",47.26022,6.03156,Plein jour,En agglomération,Hors intersection,Normale,Deux véhicules - côté,,,,,,,,,,,1,2,1,1.0,3
201400021194,0014-09-12 19:53:00,14,9,12,19,53,250,56,RN 1057 (CH. EPITAPHE-CH,47.25327,5.9886,Crépuscule ou aube,En agglomération,Hors intersection,Normale,Autre collision,,,,,,,,,,,2,2,1,1.0,6
201400021195,0014-09-13 14:14:00,14,9,13,14,14,250,56,"SANS, MONTARMOTS CHEMIN",47.26612,6.02734,Plein jour,En agglomération,Giratoire,Normale,Deux véhicules - côté,,,,,,,,,,,1,2,6,1.0,3
201400021196,0014-09-13 19:05:00,14,9,13,19,5,250,56,"15, AVANNE A VELOTTE CHE",47.12975,6.01508,Plein jour,En agglomération,Hors intersection,Normale,Autre collision,,,,,,,,,,,1,2,1,1.0,6
201400021197,0014-09-14 20:25:00,14,9,14,20,25,250,56,"SANS, FAURE AVENUE EDGAR",47.14579,6.10273,Nuit avec éclairage allumé,En agglomération,Hors intersection,Normale,Autre collision,,,,,,,,,,,5,2,1,1.0,6
201400021198,0014-09-13 18:25:00,14,9,13,18,25,250,56,"SANS, MORRE ROUTE DE",,,Plein jour,En agglomération,Hors intersection,Normale,Deux véhicules - côté,,,,,,,,,,,1,2,1,1.0,3
201400021199,0014-09-15 17:41:00,14,9,15,17,41,250,56,"SANS, DOLE RUE DE >185 &",47.227,5.98039,Plein jour,En agglomération,Hors intersection,Normale,Deux véhicules - côté,,,,,,,,,,,1,2,1,1.0,3
201400021200,0014-09-19 04:25:00,14,9,19,4,25,250,56,"58, DOLE RUE DE <82",47.23309,6.00393,Nuit avec éclairage allumé,En agglomération,Hors intersection,Normale,Autre collision,,,,,,,,,,,5,2,1,1.0,6
201400021201,0014-09-18 19:20:00,14,9,18,19,20,250,56,"48, FORT BENOIT CHEMIN D",47.25953,6.05151,Crépuscule ou aube,En agglomération,Hors intersection,Normale,Deux véhicules - frontale,,,,,,,,,,,2,2,1,1.0,1
201400021202,0014-09-22 07:32:00,14,9,22,7,32,250,56,OUEST BOULEVARD,,,Plein jour,En agglomération,Hors intersection,Normale,Deux véhicules - côté,,,,,,,,,,,1,2,1,1.0,3
201400021203,0014-09-04 17:00:00,14,9,4,17,0,250,56,HUIT MAI 1945 AVENUE DU,47.23523,6.01315,Plein jour,En agglomération,Hors intersection,Normale,Autre collision,,,,,,,,,,,1,2,1,1.0,6
201400021204,0014-10-07 17:45:00,14,10,7,17,45,250,56,LAGRANGE  AVENUE LEO,,,Plein jour,En agglomération,Hors intersection,Pluie forte,Sans collision,,,,,,,,,,,1,2,1,3.0,7
201400021205,0014-10-09 13:07:00,14,10,9,13,7,250,56,"SANS, LAGRANGE  AVENUE L",,,Plein jour,En agglomération,Hors intersection,Normale,Autre collision,,,,,,,,,,,1,2,1,1.0,6
201400021206,0014-10-10 07:40:00,14,10,10,7,40,250,56,"SANS, TORCOLS CHEMIN DES",47.15559,6.0952,Crépuscule ou aube,En agglomération,Giratoire,Pluie légère,Deux véhicules - arrière,,,,,,,,,,,2,2,6,2.0,2
201400021207,0014-10-15 19:08:00,14,10,15,19,8,250,56,"SANS, BELFORT RUE DE <14",47.2468,6.02669,Plein jour,En agglomération,Intersection en X,Pluie légère,Deux véhicules - côté,,,,,,,,,,,1,2,2,2.0,3
201400021208,0014-10-16 19:51:00,14,10,16,19,51,250,56,"SANS, GAULLE BOULEVARD C",,,Nuit avec éclairage allumé,En agglomération,Intersection en X,Pluie forte,Deux véhicules - côté,,,,,,,,,,,5,2,2,3.0,3
201400021209,0014-10-18 17:29:00,14,10,18,17,29,250,56,"SANS, LECLERC   PLACE MA",,,Plein jour,En agglomération,Intersection à plus de 4 branches,Normale,Deux véhicules - côté,,,,,,,,,,,1,2,5,1.0,3
201400021210,0014-10-19 02:55:00,14,10,19,2,55,250,56,"SANS, FAURE AVENUE EDGAR",,,Nuit avec éclairage allumé,En agglomération,Hors intersection,Normale,Deux véhicules - frontale,,,,,,,,,,,5,2,1,1.0,1
201400021211,0014-10-17 17:13:00,14,10,17,17,13,250,56,"SANS, DOLE RUE DE >82 &",47.1328,5.2812,Plein jour,En agglomération,Hors intersection,Normale,Deux véhicules - arrière,,,,,,,,,,,1,2,1,1.0,2
201400021212,0014-10-20 16:30:00,14,10,20,16,30,250,56,"SANS, VOIRIN RUE",,,Plein jour,En agglomération,Hors intersection,Normale,Deux véhicules - côté,,,,,,,,,,,1,2,1,1.0,3
201400021213,0014-10-21 12:13:00,14,10,21,12,13,250,56,"SANS, LECLERC   PLACE MA",47.24205,6.01467,Plein jour,En agglomération,Intersection à plus de 4 branches,Pluie légère,Deux véhicules - côté,,,,,,,,,,,1,2,5,2.0,3
201400021214,0014-10-21 23:49:00,14,10,21,23,49,250,56,"SANS, PICARD RUE EMILE",47.24439,6.04085,Nuit avec éclairage allumé,En agglomération,Intersection en X,Normale,Autre collision,,,,,,,,,,,5,2,2,1.0,6
201400021215,0014-10-24 17:58:00,14,10,24,17,58,250,56,PUITS RUE DU,47.23434,5.98948,Plein jour,En agglomération,Hors intersection,Normale,Deux véhicules - frontale,,,,,,,,,,,1,2,1,1.0,1
201400021216,0014-10-29 11:50:00,14,10,29,11,50,250,56,"2, BIBLIOTHEQUE RUE DE L",47.23613,6.02805,Plein jour,En agglomération,Hors intersection,Normale,Autre collision,,,,,,,,,,,1,2,1,1.0,6
201400021217,0014-11-13 16:02:00,14,11,13,16,2,250,56,"1, BERLIOZ RUE HECTOR",47.26099,6.04104,Plein jour,En agglomération,Hors intersection,Normale,Autre collision,,,,,,,,,,,1,2,1,1.0,6
201400021218,0014-11-14 12:16:00,14,11,14,12,16,250,56,"SANS, DROZ   AVENUE EDOU",,,Plein jour,En agglomération,Hors intersection,Normale,Autre collision,,,,,,,,,,,1,2,1,1.0,6
201400021219,0014-11-20 16:00:00,14,11,20,16,0,250,56,"sans, CHAR  RUE RENE",,,Plein jour,En agglomération,Hors intersection,Normale,Deux véhicules - côté,,,,,,,,,,,1,2,1,1.0,3
201400021220,0014-11-25 11:30:00,14,11,25,11,30,250,56,"SANS, VESOUL RUE DE < 52",47.25431,6.01546,Plein jour,En agglomération,Hors intersection,Normale,Deux véhicules - côté,,,,,,,,,,,1,2,1,1.0,3
201400021221,0014-11-26 17:15:00,14,11,26,17,15,250,56,"97, DOLE RUE DE >82 & <1",47.22925,5.98968,Nuit avec éclairage allumé,En agglomération,Hors intersection,Normale,Deux véhicules - côté,,,,,,,,,,,5,2,1,1.0,3
201400021222,0014-11-27 15:30:00,14,11,27,15,30,250,56,"42, MONTRAPON AVENUE DE",47.24802,6.00596,Plein jour,En agglomération,Hors intersection,Normale,Deux véhicules - côté,,,,,,,,,,,1,2,1,1.0,3
201400021223,0014-12-01 17:15:00,14,12,1,17,15,250,56,"4, CAUSSES RUE DES",47.21766,5.96598,Nuit avec éclairage allumé,En agglomération,Hors intersection,Normale,Autre collision,,,,,,,,,,,5,2,1,1.0,6
201400021224,0014-12-04 15:53:00,14,12,4,15,53,250,56,"9, BEAUREGARD RUE",47.24442,6.03309,Plein jour,En agglomération,Hors intersection,Normale,Autre collision,,,,,,,,,,,1,2,1,1.0,6
201400021225,0014-12-07 15:00:00,14,12,7,15,0,250,56,"72, CHALEZEULE RUE DE >",47.24923,6.05044,Plein jour,En agglomération,Hors intersection,Normale,Sans collision,,,,,,,,,,,1,2,1,1.0,7
201400021226,0014-12-13 11:15:00,14,12,13,11,15,250,56,"1, PREFECTURE RUE DE LA",47.23586,6.02632,Plein jour,En agglomération,Hors intersection,Normale,Autre collision,,,,,,,,,,,1,2,1,1.0,6
201400021227,0014-12-19 21:36:00,14,12,19,21,36,250,56,"SANS, JARDINS RUE DES",47.25123,6.03767,Nuit avec éclairage allumé,En agglomération,Hors intersection,Pluie légère,Autre collision,,,,,,,,,,,5,2,1,2.0,6
201400021228,0014-12-25 00:07:00,14,12,25,0,7,250,56,"25, CASSOTTE  RUE DE LA",47.24711,6.03093,Nuit avec éclairage allumé,En agglomération,Hors intersection,Pluie légère,Autre collision,,,,,,,,,,,5,2,1,2.0,6
201400021229,0014-12-28 14:19:00,14,12,28,14,19,250,56,"SANS, RN 1057 (CH. EPITA",,,Plein jour,Hors agglomération,Hors intersection,Neige / grêle,Autre collision,,,,,,,,,,,1,1,1,4.0,6
201400021230,0014-01-15 14:05:00,14,1,15,14,5,250,20,PERLINSKY (RUE R.),,,Plein jour,En agglomération,Giratoire,Normale,Autre collision,,,,,,,,,,,1,2,6,1.0,6
201400021231,0014-01-19 15:34:00,14,1,19,15,34,250,388,"45, CHABAUD-LATOUR (AVEN",47.51071,6.80891,Plein jour,En agglomération,Hors intersection,Normale,Autre collision,,,,,,,,,,,1,2,1,1.0,6
201400021232,0014-03-18 07:55:00,14,3,18,7,55,250,388,"0, CHENOIS (RUE DU PETIT",,,Plein jour,En agglomération,Hors intersection,Normale,Autre collision,,,,,,,,,,,1,2,1,1.0,6
201400021233,0014-05-26 16:20:00,14,5,26,16,20,250,388,ALLIES (AVENUE DES),47.51364,6.79874,Plein jour,En agglomération,Hors intersection,Normale,Deux véhicules - côté,,,,,,,,,,,1,2,1,1.0,3
201400021234,0014-05-26 09:45:00,14,5,26,9,45,250,388,LUDWIGSBURG (AVENUE DE),,,Plein jour,En agglomération,Hors intersection,Normale,Trois véhicules et plus - collisions multiples,,,,,,,,,,,1,2,1,1.0,5
201400021235,0014-06-11 16:10:00,14,6,11,16,10,250,31,PRESBYTERE (RUE DU),47.48651,6.83164,Plein jour,En agglomération,Hors intersection,Normale,Autre collision,,,,,,,,,,,1,2,1,1.0,6
201400021236,0014-11-21 12:20:00,14,11,21,12,20,250,388,LECLERC (RUE DU GENERAL),47.51044,6.79767,Plein jour,En agglomération,Hors intersection,Normale,Deux véhicules - frontale,,,,,,,,,,,1,2,1,1.0,1
201400021237,0014-07-10 16:49:00,14,7,10,16,49,250,539,"2, BANNOT (RUE DU)",47.45941,6.85787,Plein jour,En agglomération,Giratoire,Temps couvert,Deux véhicules - côté,,,,,,,,,,,1,2,6,8.0,3
201400021238,0014-07-15 16:15:00,14,7,15,16,15,250,31,"37, JAURES (AVENUE JEAN)",47.48754,6.83086,Plein jour,En agglomération,Hors intersection,Temps éblouissant,Autre collision,,,,,,,,,,,1,2,1,7.0,6
201400021239,0014-10-06 16:13:00,14,10,6,16,13,250,388,HOLLANDE (RUE DE LA PETI,47.50067,6.79163,Plein jour,En agglomération,Hors intersection,Normale,Autre collision,,,,,,,,,,,1,2,1,1.0,6
201400021240,0014-11-02 18:05:00,14,11,2,18,5,250,20,"1, RD 472",,,Nuit avec éclairage allumé,En agglomération,Hors intersection,Normale,Deux véhicules - côté,,,,,,,,,,,5,2,1,1.0,3
201400021241,0014-07-26 17:46:00,14,7,26,17,46,250,547,"4, rue d'Epinal",47.51502,6.83047,Plein jour,En agglomération,Hors intersection,Normale,Sans collision,,,,,,,,,,,1,2,1,1.0,7
201400021242,0014-09-19 13:42:00,14,9,19,13,42,250,388,"24, LECLERC (RUE DU GENE",47.51231,6.79806,Plein jour,En agglomération,Hors intersection,Normale,Autre collision,,,,,,,,,,,1,2,1,1.0,6
201400021243,0014-09-25 13:55:00,14,9,25,13,55,250,388,"09, FONTAINE (RUE JEAN D",47.51917,6.78722,Plein jour,En agglomération,Hors intersection,Normale,Autre collision,,,,,,,,,,,1,2,1,1.0,6
201400021244,0014-10-23 16:40:00,14,10,23,16,40,250,388,"1, GAMBETTA (AVENUE)",47.51449,6.79755,Plein jour,En agglomération,Intersection en T,Normale,Deux véhicules - frontale,,,,,,,,,,,1,2,3,1.0,1
201400021245,0014-10-23 15:51:00,14,10,23,15,51,250,230,"2, CONTEJEAN (RUE LOUIS)",47.4978,6.83328,Plein jour,En agglomération,Intersection en T,Normale,Autre collision,,,,,,,,,,,1,2,3,1.0,6
201400021246,0014-11-12 11:04:00,14,11,12,11,4,250,388,"2, MONT BART (RUE DU)",47.50612,6.79422,Plein jour,En agglomération,Intersection en T,Pluie légère,Autre collision,,,,,,,,,,,1,2,3,2.0,6
201400021247,0014-11-12 18:37:00,14,11,12,18,37,250,539,"6, BERNE (RUE DE)",47.45385,6.87563,Nuit avec éclairage allumé,En agglomération,Hors intersection,Pluie forte,Autre collision,,,,,,,,,,,5,2,1,3.0,6
201400021248,0014-11-24 20:31:00,14,11,24,20,31,250,31,DASLE (RUE DE),47.47967,6.86082,Nuit sans éclairage public,Hors agglomération,Hors intersection,Normale,Deux véhicules - frontale,,,,,,,,,,,3,1,1,1.0,1
201400021249,0014-10-11 23:40:00,14,10,11,23,40,250,547,"2, GRAND CHARMONT (RUE D",47.53537,6.7961,Nuit avec éclairage allumé,En agglomération,Hors intersection,Normale,Sans collision,,,,,,,,,,,5,2,1,1.0,7
201400021250,0014-07-22 17:40:00,14,7,22,17,40,250,580,BEAULIEU- RN 437 (ROUTE,47.45687,6.84012,Plein jour,En agglomération,Hors intersection,Pluie forte,Deux véhicules - côté,,,,,,,,,,,1,2,1,3.0,3
201400021251,0014-11-28 17:10:00,14,11,28,17,10,250,388,"102, AUDINCOURT (ROUTE D",47.49722,6.80616,Nuit avec éclairage allumé,En agglomération,Hors intersection,Normale,Autre collision,,,,,,,,,,,5,2,1,1.0,6
201400021252,0014-09-26 12:50:00,14,9,26,12,50,250,547,"06, rue d'Epinal",47.51515,6.82986,Plein jour,En agglomération,Hors intersection,Normale,Deux véhicules - frontale,,,,,,,,,,,1,2,1,1.0,1
201400021253,0014-10-03 20:15:00,14,10,3,20,15,250,388,"59, CHABAUD-LATOUR (AVEN",47.50919,6.80961,Nuit avec éclairage allumé,En agglomération,Hors intersection,Normale,Autre collision,,,,,,,,,,,5,2,1,1.0,6
201400021254,0014-10-29 09:16:00,14,10,29,9,16,250,539,"129, LECLERC (AVENUE DU",47.46139,6.85971,Plein jour,En agglomération,Hors intersection,Normale,Autre collision,,,,,,,,,,,1,2,1,1.0,6
201400021255,0014-11-12 07:40:00,14,11,12,7,40,250,539,"6, LECLERC (AVENUE DU GE",47.45875,6.86851,Nuit avec éclairage allumé,En agglomération,Hors intersection,Pluie légère,Autre collision,,,,,,,,,,,5,2,1,2.0,6
201400021256,0014-11-15 17:17:00,14,11,15,17,17,250,31,"36, JAURES (AVENUE JEAN)",47.48745,6.83059,Nuit avec éclairage allumé,En agglomération,Hors intersection,Pluie légère,Autre collision,,,,,,,,,,,5,2,1,2.0,6
201400021257,0014-11-18 14:50:00,14,11,18,14,50,250,580,"15, BRUYERES (AVENUE DES",47.45485,6.82828,Plein jour,En agglomération,Hors intersection,Normale,Deux véhicules - côté,,,,,,,,,,,1,2,1,1.0,3
201400021258,0014-01-14 13:40:00,14,1,14,13,40,250,204,Fruiti?re  (de la ),,,Plein jour,En agglomération,Hors intersection,Normale,Autre collision,,,,,,,,,,,1,2,1,1.0,6
201400021259,0014-01-14 18:04:00,14,1,14,18,4,250,462,PILLOD JOSEPH,,,Nuit avec éclairage allumé,En agglomération,Hors intersection,Neige / grêle,Autre collision,,,,,,,,,,,5,2,1,4.0,6
201400021260,0014-01-31 06:50:00,14,1,31,6,50,250,462,"18, DENIS PAPIN",46.91467,6.33765,Nuit avec éclairage allumé,En agglomération,Hors intersection,Autre,Sans collision,,,,,,,,,,,5,2,1,9.0,7
201400021261,0014-02-26 16:20:00,14,2,26,16,20,250,462,ETRACHES LES,,,Plein jour,En agglomération,Hors intersection,Neige / grêle,Sans collision,,,,,,,,,,,1,2,1,4.0,7
201400021262,0014-02-28 12:35:00,14,2,28,12,35,250,204,"115, rue de Besançon",46.92077,6.34379,Plein jour,En agglomération,Hors intersection,Pluie légère,Autre collision,,,,,,,,,,,1,2,1,2.0,6
201400021263,0014-03-02 17:20:00,14,3,2,17,20,250,462,"1, MORTEAU DE (DU 0 AU 3",46.90588,6.35757,Plein jour,En agglomération,Giratoire,Temps couvert,Deux véhicules - côté,,,,,,,,,,,1,2,6,8.0,3
201400021264,0014-03-20 16:40:00,14,3,20,16,40,250,462,"8, CAMUS ALBERT",,,Plein jour,En agglomération,Hors intersection,Normale,Autre collision,,,,,,,,,,,1,2,1,1.0,6
201400021265,0014-03-18 12:15:00,14,3,18,12,15,250,462,"15, PAIX DE LA",,,Plein jour,En agglomération,Intersection en X,Normale,Deux véhicules - côté,,,,,,,,,,,1,2,2,1.0,3
201400021266,0014-04-05 15:30:00,14,4,5,15,30,250,462,GARE (DE LA),,,Plein jour,En agglomération,Intersection en T,Pluie légère,Autre collision,,,,,,,,,,,1,2,3,2.0,6
201400021267,0014-04-26 07:35:00,14,4,26,7,35,250,462,"12, PAIX DE LA",46.91029,6.35059,Plein jour,En agglomération,Intersection en X,Normale,Deux véhicules - côté,,,,,,,,,,,1,2,2,1.0,3
201400021268,0014-05-24 17:00:00,14,5,24,17,0,250,462,"34A, BESANCON (RUE DE)",46.90702,6.35035,Plein jour,En agglomération,Hors intersection,Normale,Autre collision,,,,,,,,,,,1,2,1,1.0,6
201400021269,0014-06-21 19:23:00,14,6,21,19,23,250,462,BESANCON (DU 72TER A LA,47.53129,6.81057,Plein jour,En agglomération,Giratoire,Normale,Trois véhicules et plus - collisions multiples,,,,,,,,,,,1,2,6,1.0,5
201400021270,0014-06-23 09:28:00,14,6,23,9,28,250,462,"18, ARMEE DE L'EST (AVEN",46.9041,6.35424,Plein jour,En agglomération,Hors intersection,Normale,Deux véhicules - côté,,,,,,,,,,,1,2,1,1.0,3
201400021271,0014-06-23 22:25:00,14,6,23,22,25,250,462,ROCADE G.POMPIDOU (DU 25,,,Nuit avec éclairage allumé,En agglomération,Giratoire,Pluie forte,Deux véhicules - côté,,,,,,,,,,,5,2,6,3.0,3
201400021272,0014-07-01 09:45:00,14,7,1,9,45,250,462,CHAPPE CLAUDE,46.90816,6.34118,Plein jour,En agglomération,Intersection en T,Normale,Autre collision,,,,,,,,,,,1,2,3,1.0,6
201400021273,0014-07-01 12:10:00,14,7,1,12,10,250,462,MARPAUD,46.90198,6.35477,Plein jour,En agglomération,Hors intersection,Normale,Deux véhicules - arrière,,,,,,,,,,,1,2,1,1.0,2
201400021274,0014-07-01 18:20:00,14,7,1,18,20,250,462,"60, SALINS DE (DU 16 AU",46.90849,6.34109,Plein jour,En agglomération,Hors intersection,Normale,Autre collision,,,,,,,,,,,1,2,1,1.0,6
201400021275,0014-07-10 09:30:00,14,7,10,9,30,250,462,"38, BESANCON (RUE DE)",46.9077,6.35052,Plein jour,En agglomération,Hors intersection,Pluie forte,Autre collision,,,,,,,,,,,1,2,1,3.0,6
201400021276,0014-07-11 18:50:00,14,7,11,18,50,250,462,"40, LIBERATION DE LA (DU",46.91102,6.33864,Plein jour,En agglomération,Hors intersection,Pluie légère,Autre collision,,,,,,,,,,,1,2,1,2.0,6
201400021277,0014-07-15 16:00:00,14,7,15,16,0,250,462,BESANCON (DU 72TER A LA,46.91435,6.34611,Plein jour,En agglomération,Hors intersection,Normale,Deux véhicules - arrière,,,,,,,,,,,1,2,1,1.0,2
201400021278,0014-07-19 19:50:00,14,7,19,19,50,250,462,MARPAUD,46.90198,6.35477,Plein jour,En agglomération,Hors intersection,Normale,Deux véhicules - arrière,,,,,,,,,,,1,2,1,1.0,2
201400021279,0014-08-01 14:24:00,14,8,1,14,24,250,204,Route D?partementale 437,,,Plein jour,Hors agglomération,Hors intersection,Normale,Autre collision,,,,,,,,,,,1,1,1,1.0,6
201400021280,0014-08-02 11:35:00,14,8,2,11,35,250,462,"12, PASTEUR (RUE)",46.90424,6.35032,Plein jour,En agglomération,Hors intersection,Normale,Deux véhicules - côté,,,,,,,,,,,1,2,1,1.0,3
201400021281,0014-08-08 10:10:00,14,8,8,10,10,250,462,"4, SCHUMAN (ROBERT)",46.90838,6.33583,Plein jour,En agglomération,Autre intersection,Normale,Deux véhicules - côté,,,,,,,,,,,1,2,9,1.0,3
201400021282,0014-08-09 18:00:00,14,8,9,18,0,250,204,"12, Buraco",46.55,6.21,Plein jour,En agglomération,Hors intersection,Normale,Autre collision,,,,,,,,,,,1,2,1,1.0,6
201400021283,0014-08-20 18:52:00,14,8,20,18,52,250,462,ARMEE DE L'EST (AVENUE D,,,Plein jour,En agglomération,Giratoire,Normale,Deux véhicules - arrière,,,,,,,,,,,1,2,6,1.0,2
201400021284,0014-09-08 14:50:00,14,9,8,14,50,250,462,"1, BERNARDINES",46.90508,6.35457,Plein jour,En agglomération,Hors intersection,Normale,Autre collision,,,,,,,,,,,1,2,1,1.0,6
201400021285,0014-09-25 19:20:00,14,9,25,19,20,250,204,R-N 57.,,,Nuit sans éclairage public,Hors agglomération,Hors intersection,Normale,Autre collision,,,,,,,,,,,3,1,1,1.0,6
201400021286,0014-09-26 19:19:00,14,9,26,19,19,250,462,CAPUCINS DES,46.90655,6.35,Crépuscule ou aube,En agglomération,Intersection en T,Normale,Deux véhicules - côté,,,,,,,,,,,2,2,3,1.0,3
201400021287,0014-10-03 15:25:00,14,10,3,15,25,250,462,"53, DOUBS DE (DU 25 A LA",46.92,6.35,Plein jour,En agglomération,Intersection en T,Normale,Autre collision,,,,,,,,,,,1,2,3,1.0,6
201400021288,0014-10-21 07:00:00,14,10,21,7,0,250,462,ROCADE G.POMPIDOU (DU 25,,,Nuit avec éclairage allumé,En agglomération,Hors intersection,Pluie légère,Deux véhicules - frontale,,,,,,,,,,,5,2,1,2.0,1
201400021289,0014-10-22 15:20:00,14,10,22,15,20,250,462,"17, GRANGES DES",46.89814,6.34587,Plein jour,En agglomération,Intersection en T,Temps couvert,Deux véhicules - côté,,,,,,,,,,,1,2,3,8.0,3
201400021290,0014-11-15 17:10:00,14,11,15,17,10,250,462,"33, SAINT ETIENNE FAUBOU",46.90127,6.36078,Nuit avec éclairage allumé,En agglomération,Hors intersection,Pluie légère,Autre collision,,,,,,,,,,,5,2,1,2.0,6
201400021291,0014-11-25 12:15:00,14,11,25,12,15,250,204,"1, Grande rue",46.92748,6.34697,Plein jour,En agglomération,Hors intersection,Normale,Deux véhicules - arrière,,,,,,,,,,,1,2,1,1.0,2
201400021292,0014-11-27 11:17:00,14,11,27,11,17,250,462,ROCADE G.POMPIDOU (DU 25,46.90185,6.34476,Plein jour,Hors agglomération,Hors intersection,Normale,Sans collision,,,,,,,,,,,1,1,1,1.0,7
201400021293,0014-11-28 13:40:00,14,11,28,13,40,250,462,"1, THOMAS EMILE",46.90574,6.34956,Plein jour,En agglomération,Intersection en T,Normale,Deux véhicules - côté,,,,,,,,,,,1,2,3,1.0,3
201400021294,0014-11-29 13:30:00,14,11,29,13,30,250,204,"1, Route D?partementale",47.3889,6.75296,Plein jour,Hors agglomération,Hors intersection,Normale,Sans collision,,,,,,,,,,,1,1,1,1.0,7
201400021295,0014-12-12 08:20:00,14,12,12,8,20,250,204,"1, Chauss?e   (de la)",,,Plein jour,En agglomération,Intersection en T,Neige / grêle,Deux véhicules - frontale,,,,,,,,,,,1,2,3,4.0,1
201400021296,0014-12-18 15:55:00,14,12,18,15,55,250,462,"29, DENIS PAPIN",46.90962,6.33526,Plein jour,En agglomération,Hors intersection,Pluie légère,Sans collision,,,,,,,,,,,1,2,1,2.0,7