accident_id,datetime,annee,mois,jour,heure,minute,departement,commune_insee,adresse,latitude,longitude,luminosite,agglomeration,intersection,meteo,collision,nb_vehicules,nb_usagers,nb_indemnes,nb_tues,nb_blesses_hosp,nb_blesses_legers,age_cond_1,age_cond_2,veh_type_cond_1,veh_type_cond_2,lum_code,agg_code,int_code,atm_code,col_code
201400021560,0014-04-06 08:15:00,14,4,6,8,15,380,133,route de chartreuse,45.36338,5.6054,Plein jour,En agglomération,Hors intersection,Normale,Autre collision,,,,,,,,,,,1,2,1,1.0,6
201400021561,0014-04-09 19:15:00,14,4,9,19,15,380,105,,,,Plein jour,Hors agglomération,Hors intersection,Normale,Deux véhicules - arrière,,,,,,,,,,,1,1,1,1.0,2
201400021562,0014-06-05 07:15:00,14,6,5,7,15,380,383,,,,Plein jour,Hors agglomération,Hors intersection,Normale,Autre collision,,,,,,,,,,,1,1,1,1.0,6
201400021563,0014-08-01 16:30:00,14,8,1,16,30,380,84,,,,Plein jour,Hors agglomération,Hors intersection,Normale,Autre collision,,,,,,,,,,,1,1,1,1.0,6
201400021564,0014-08-29 11:00:00,14,8,29,11,0,380,105,,,,Plein jour,Hors agglomération,Hors intersection,Normale,Deux véhicules - frontale,,,,,,,,,,,1,1,1,1.0,1
201400021565,0014-09-12 18:15:00,14,9,12,18,15,380,337,75 RUE DE LA REPUBLIQUE,,,Plein jour,En agglomération,Hors intersection,Normale,Autre collision,,,,,,,,,,,1,2,1,1.0,6
201400021566,0014-09-14 06:30:00,14,9,14,6,30,380,337,,,,Crépuscule ou aube,Hors agglomération,Hors intersection,Normale,Deux véhicules - frontale,,,,,,,,,,,2,1,1,1.0,1
201400021567,0014-10-10 22:15:00,14,10,10,22,15,380,383,chemin des reynauds,,,Nuit sans éclairage public,En agglomération,Hors intersection,Normale,Autre collision,,,,,,,,,,,3,2,1,1.0,6
201400021568,0014-10-12 11:30:00,14,10,12,11,30,380,337,,,,Plein jour,Hors agglomération,Autre intersection,Normale,Deux véhicules - frontale,,,,,,,,,,,1,1,9,1.0,1
201400021569,0014-10-15 16:00:00,14,10,15,16,0,380,337,RUE ALFRED BUTTIN,,,Plein jour,En agglomération,Hors intersection,Normale,Deux véhicules - arrière,,,,,,,,,,,1,2,1,1.0,2
201400021570,0014-10-30 18:30:00,14,10,30,18,30,380,30,,,,Nuit sans éclairage public,Hors agglomération,Hors intersection,Normale,Autre collision,,,,,,,,,,,3,1,1,1.0,6
201400021571,0014-12-12 10:00:00,14,12,12,10,0,380,337,RD 50 F,,,Plein jour,En agglomération,Hors intersection,Normale,Deux véhicules - frontale,,,,,,,,,,,1,2,1,1.0,1
201400021572,0014-12-20 12:30:00,14,12,20,12,30,690,283,route d' Heyrieux,,,Plein jour,En agglomération,Hors intersection,Pluie légère,Deux véhicules - frontale,,,,,,,,,,,1,2,1,2.0,1
201400021573,0014-01-24 10:30:00,14,1,24,10,30,580,33,,,,Plein jour,Hors agglomération,Hors intersection,Temps couvert,Sans collision,,,,,,,,,,,1,1,1,8.0,7
201400021574,0014-06-04 14:45:00,14,6,4,14,45,580,86,Rue du Colonel RABIER,,,Plein jour,En agglomération,Hors intersection,Normale,Deux véhicules - côté,,,,,,,,,,,1,2,1,1.0,3
201400021575,0014-08-05 21:45:00,14,8,5,21,45,580,86,quai du marchal joffre,,,Nuit avec éclairage allumé,En agglomération,Hors intersection,Normale,Autre collision,,,,,,,,,,,5,2,1,1.0,6
201400021576,0014-12-08 22:30:00,14,12,8,22,30,580,187,route de villeberne,,,Nuit avec éclairage allumé,En agglomération,Hors intersection,Pluie légère,Autre collision,,,,,,,,,,,5,2,1,2.0,6
201400021577,0014-01-25 00:30:00,14,1,25,0,30,410,136,A10,47.72,1.488,Nuit sans éclairage public,Hors agglomération,Hors intersection,Pluie légère,Deux véhicules - frontale,,,,,,,,,,,3,1,1,2.0,1
201400021578,0014-01-28 07:45:00,14,1,28,7,45,410,252,A10,47.688,1.427,Nuit sans éclairage public,Hors agglomération,Hors intersection,Temps couvert,Sans collision,,,,,,,,,,,3,1,1,8.0,7
201400021579,0014-04-08 01:15:00,14,4,8,1,15,410,206,A10 PR 145+300,47.647,1.368,Nuit sans éclairage public,Hors agglomération,Hors intersection,Temps couvert,Sans collision,,,,,,,,,,,3,1,1,8.0,7
201400021580,0014-05-02 13:45:00,14,5,2,13,45,410,288,,47.662,1.384,Plein jour,Hors agglomération,Hors intersection,Temps couvert,Autre collision,,,,,,,,,,,1,1,1,8.0,6
201400021581,0014-05-05 06:00:00,14,5,5,6,0,410,223,,47.617,1.214,Crépuscule ou aube,Hors agglomération,Hors intersection,Normale,Deux véhicules - arrière,,,,,,,,,,,2,1,1,1.0,2
201400021582,0014-06-07 08:45:00,14,6,7,8,45,410,101,A10 PR 163+400,47.614,1.157,Plein jour,Hors agglomération,Hors intersection,Normale,Deux véhicules - arrière,,,,,,,,,,,1,1,1,1.0,2
201400021583,0014-06-12 03:30:00,14,6,12,3,30,410,156,,47.672,1.396,Nuit sans éclairage public,Hors agglomération,Hors intersection,Normale,Trois véhicules et plus - collisions multiples,,,,,,,,,,,3,1,1,1.0,5
201400021584,0014-06-19 21:00:00,14,6,19,21,0,410,8,A10 paris province,47.738,1.523,Crépuscule ou aube,Hors agglomération,Hors intersection,Temps éblouissant,Deux véhicules - arrière,,,,,,,,,,,2,1,1,7.0,2
201400021585,0014-07-04 17:45:00,14,7,4,17,45,410,276,A10 PR 152+700,47.616,1.309,Plein jour,Hors agglomération,Hors intersection,Normale,Deux véhicules - frontale,,,,,,,,,,,1,1,1,1.0,1
201400021586,0014-07-21 00:15:00,14,7,21,0,15,410,252,,47.693,1.434,Nuit sans éclairage public,Hors agglomération,Hors intersection,Normale,Trois véhicules et plus - en chaîne,,,,,,,,,,,3,1,1,1.0,4
201400021587,0014-10-17 21:45:00,14,10,17,21,45,410,252,A10 PR 141+500,47.677,1.403,Nuit sans éclairage public,Hors agglomération,Hors intersection,Normale,Deux véhicules - arrière,,,,,,,,,,,3,1,1,1.0,2
201400021588,0014-10-25 03:30:00,14,10,25,3,30,410,206,,47.63,1.353,Nuit sans éclairage public,Hors agglomération,Autre intersection,Normale,Deux véhicules - arrière,,,,,,,,,,,3,1,9,1.0,2
201400021589,0014-11-25 03:00:00,14,11,25,3,0,410,206,,47.636,1.358,Nuit sans éclairage public,Hors agglomération,Hors intersection,Temps couvert,Deux véhicules - côté,,,,,,,,,,,3,1,1,8.0,3
201400021590,0014-12-21 18:00:00,14,12,21,18,0,410,136,,47.715,1.478,Plein jour,Hors agglomération,Hors intersection,Normale,Autre collision,,,,,,,,,,,1,1,1,1.0,6
201400021591,0014-12-15 18:30:00,14,12,15,18,30,410,206,,47.637,1.358,Nuit sans éclairage public,Hors agglomération,Hors intersection,Pluie légère,Sans collision,,,,,,,,,,,3,1,1,2.0,7
201400021592,0014-01-10 09:25:00,14,1,10,9,25,270,229,"0, MOULIN (RUE JEAN)",49.01,1.091,Plein jour,En agglomération,Hors intersection,Normale,Autre collision,,,,,,,,,,,1,2,1,1.0,6
201400021593,0014-01-29 19:35:00,14,1,29,19,35,270,299,"133, BRIAND (AVENUE ARIS",49.025,1.095,Nuit avec éclairage allumé,En agglomération,Hors intersection,Normale,Deux véhicules - arrière,,,,,,,,,,,5,2,1,1.0,2
201400021594,0014-02-06 02:50:00,14,2,6,2,50,270,229,QUATORZE JUILLET (BOULEV,49.002,1.094,Nuit avec éclairage allumé,En agglomération,Hors intersection,Normale,Autre collision,,,,,,,,,,,5,2,1,1.0,6
201400021595,0014-03-03 12:05:00,14,3,3,12,5,270,229,"1, BROSSOLETTE (RUE PIER",49.01,1.101,Plein jour,En agglomération,Giratoire,Normale,Deux véhicules - côté,,,,,,,,,,,1,2,6,1.0,3
201400021596,0014-03-06 15:55:00,14,3,6,15,55,270,229,"57, QUATORZE JUILLET (BO",49.002,1.095,Plein jour,En agglomération,Hors intersection,Normale,Autre collision,,,,,,,,,,,1,2,1,1.0,6
201400021597,0014-03-11 12:59:00,14,3,11,12,59,270,229,route de paris,49.005,1.111,Plein jour,En agglomération,Hors intersection,Normale,Autre collision,,,,,,,,,,,1,2,1,1.0,6
201400021598,0014-03-19 18:49:00,14,3,19,18,49,270,229,"28, LEPOUZE (RUE)",49.014,1.091,Plein jour,En agglomération,Hors intersection,Normale,Autre collision,,,,,,,,,,,1,2,1,1.0,6
201400021599,0014-03-29 13:00:00,14,3,29,13,0,270,299,"91, BRIAND (AVENUE ARIST",49.024,1.093,Plein jour,En agglomération,Hors intersection,Normale,Trois véhicules et plus - en chaîne,,,,,,,,,,,1,2,1,1.0,4
201400021600,0014-04-09 19:20:00,14,4,9,19,20,270,229,rue des lombards,49.013,1.085,Plein jour,En agglomération,Autre intersection,Normale,Autre collision,,,,,,,,,,,1,2,9,1.0,6
201400021601,0014-04-30 09:35:00,14,4,30,9,35,270,229,SEPTIEME CHASSEUR (RUE D,49.014,1.084,Plein jour,En agglomération,Hors intersection,Normale,Autre collision,,,,,,,,,,,1,2,1,1.0,6
201400021602,0014-05-16 13:25:00,14,5,16,13,25,270,229,"27, CHARTRAINE (RUE)",49.013,1.085,Plein jour,En agglomération,Hors intersection,Normale,Autre collision,,,,,,,,,,,1,2,1,1.0,6
201400021603,0014-05-25 21:55:00,14,5,25,21,55,270,299,rue de netreville,49.023,1.102,Nuit sans éclairage public,En agglomération,Hors intersection,Normale,Deux véhicules - frontale,,,,,,,,,,,3,2,1,1.0,1
201400021604,0014-06-01 12:55:00,14,6,1,12,55,270,229,MOULIN (RUE JEAN),49.005,1.09,Plein jour,En agglomération,Intersection en T,Normale,Deux véhicules - côté,,,,,,,,,,,1,2,3,1.0,3
201400021605,0014-06-05 18:10:00,14,6,5,18,10,270,229,"72, VERNON (RUE DE)",49.012,1.1,Plein jour,En agglomération,Hors intersection,Normale,Autre collision,,,,,,,,,,,1,2,1,1.0,6
201400021606,0014-06-16 13:50:00,14,6,16,13,50,270,229,"2, BORVILLE DUPUIS (RUE)",49.014,1.09,Plein jour,En agglomération,Hors intersection,Normale,Autre collision,,,,,,,,,,,1,2,1,1.0,6
201400021607,0014-06-23 15:25:00,14,6,23,15,25,270,229,"17, MILLET (RUE)",49.015,1.092,Plein jour,En agglomération,Hors intersection,Normale,Deux véhicules - côté,,,,,,,,,,,1,2,1,1.0,3
201400021608,0014-06-07 14:40:00,14,6,7,14,40,270,229,"4, CURIE (RUE PIERRE ET",49.01,1.095,Plein jour,En agglomération,Hors intersection,Normale,Autre collision,,,,,,,,,,,1,2,1,1.0,6
201400021609,0014-07-07 12:35:00,14,7,7,12,35,270,229,REPUBLIQUE (PLACE DE LA),49.013,1.092,Plein jour,En agglomération,Hors intersection,Normale,Deux véhicules - côté,,,,,,,,,,,1,2,1,1.0,3
201400021610,0014-08-15 17:40:00,14,8,15,17,40,270,229,"34, RUGBY (RUE DE)",49.003,1.093,Plein jour,En agglomération,Intersection en X,Normale,Autre collision,,,,,,,,,,,1,2,2,1.0,6
201400021611,0014-08-16 02:00:00,14,8,16,2,0,270,229,"46, ARGENCE (RUE D')",49.02,1.094,Nuit avec éclairage allumé,En agglomération,Hors intersection,Normale,Autre collision,,,,,,,,,,,5,2,1,1.0,6
201400021612,0014-10-02 10:00:00,14,10,2,10,0,270,229,SEMARD (RUE PIERRE),49.005,1.094,Plein jour,En agglomération,Hors intersection,Pluie légère,Autre collision,,,,,,,,,,,1,2,1,2.0,6
201400021613,0014-10-09 09:05:00,14,10,9,9,5,270,229,"1, CONCHES (ROUTE DE)",49.012,1.073,Plein jour,En agglomération,Hors intersection,Normale,Autre collision,,,,,,,,,,,1,2,1,1.0,6
201400021614,0014-11-15 22:30:00,14,11,15,22,30,270,229,"2, BERNARD (RUE GEORGES)",,,Nuit avec éclairage allumé,En agglomération,Hors intersection,Normale,Autre collision,,,,,,,,,,,5,2,1,1.0,6
201400021615,0014-11-16 21:15:00,14,11,16,21,15,270,229,"41, GAMBETTA (BOULEVARD)",,,Nuit avec éclairage allumé,En agglomération,Hors intersection,Normale,Autre collision,,,,,,,,,,,5,2,1,1.0,6
201400021616,0014-12-01 16:55:00,14,12,1,16,55,270,299,"21, AVIRON (RUE D')",49.025,1.093,Plein jour,En agglomération,Hors intersection,Normale,Autre collision,,,,,,,,,,,1,2,1,1.0,6
201400021617,0014-12-03 08:05:00,14,12,3,8,5,270,229,"01, CHURCHILL (AVENUE WI",,,Crépuscule ou aube,En agglomération,Hors intersection,Normale,Autre collision,,,,,,,,,,,2,2,1,1.0,6
201400021618,0014-11-25 21:10:00,14,11,25,21,10,270,229,ROCHETTE (RUE DE LA),,,Nuit avec éclairage allumé,En agglomération,Hors intersection,Normale,Deux véhicules - frontale,,,,,,,,,,,5,2,1,1.0,1
201400021619,0014-06-25 18:00:00,14,6,25,18,0,350,353,,48.12255,-1.77371,Plein jour,Hors agglomération,Hors intersection,Normale,Deux véhicules - arrière,,,,,,,,,,,1,1,1,1.0,2
201400021620,0014-01-22 08:15:00,14,1,22,8,15,270,375,CHURCHILL (AVENUE WINSTO,49.133,1.1,Nuit avec éclairage allumé,En agglomération,Hors intersection,Pluie forte,Sans collision,,,,,,,,,,,5,2,1,3.0,7
201400021621,0014-03-01 15:50:00,14,3,1,15,50,270,701,"0, BLANCHE (CH. DE LA VO",49.162,1.121,Plein jour,En agglomération,Hors intersection,Normale,Autre collision,,,,,,,,,,,1,2,1,1.0,6
201400021622,0014-03-20 09:55:00,14,3,20,9,55,270,375,"0, BELGIQUE (RUE DE)",49.121,1.091,Plein jour,En agglomération,Hors intersection,Normale,Autre collision,,,,,,,,,,,1,2,1,1.0,6
201400021623,0014-04-15 11:50:00,14,4,15,11,50,270,375,JOFFRE (BOULEVARD DU ML),49.125,1.1,Plein jour,En agglomération,Intersection en X,Normale,Trois véhicules et plus - collisions multiples,,,,,,,,,,,1,2,2,1.0,5
201400021624,0014-05-04 17:20:00,14,5,4,17,20,270,375,"1, RD313",49.131,1.105,Plein jour,Hors agglomération,Hors intersection,Normale,Autre collision,,,,,,,,,,,1,1,1,1.0,6
201400021625,0014-05-30 14:20:00,14,5,30,14,20,270,701,QUATRES SAISONS (PLACE D,49.161,1.123,Plein jour,En agglomération,Hors intersection,Normale,Autre collision,,,,,,,,,,,1,2,1,1.0,6
201400021626,0014-08-25 14:50:00,14,8,25,14,50,270,701,"1, ANDELLE (CHAUSSEE D')",49.161,1.14,Plein jour,En agglomération,Intersection en X,Pluie légère,Deux véhicules - côté,,,,,,,,,,,1,2,2,2.0,3
201400021627,0014-09-16 16:35:00,14,9,16,16,35,270,701,ANDELLE (CHAUSSEE D'),49.163,1.134,Plein jour,En agglomération,Hors intersection,Normale,Deux véhicules - côté,,,,,,,,,,,1,2,1,1.0,3
201400021628,0014-09-25 10:45:00,14,9,25,10,45,270,701,ANDELLE (CHAUSSEE D'),49.163,1.134,Plein jour,En agglomération,Intersection en T,Normale,Deux véhicules - côté,,,,,,,,,,,1,2,3,1.0,3
201400021629,0014-09-25 13:55:00,14,9,25,13,55,270,375,"19, SAINT JEAN (RUE)",49.123,1.103,Plein jour,En agglomération,Hors intersection,Normale,Deux véhicules - arrière,,,,,,,,,,,1,2,1,1.0,2
201400021630,0014-10-15 14:15:00,14,10,15,14,15,270,375,HUIT MAI 1945 (RUE DU),49.124,1.095,Plein jour,En agglomération,Intersection en X,Normale,Deux véhicules - côté,,,,,,,,,,,1,2,2,1.0,3
201400021631,0014-11-04 20:10:00,14,11,4,20,10,270,375,CHURCHILL (AVENUE WINSTO,49.131,1.1,Nuit avec éclairage allumé,En agglomération,Intersection en T,Normale,Autre collision,,,,,,,,,,,5,2,3,1.0,6
201400021632,0014-12-17 18:55:00,14,12,17,18,55,270,375,CHURCHILL (AVENUE WINSTO,49.132,1.1,Plein jour,En agglomération,Intersection en T,Pluie légère,Trois véhicules et plus - en chaîne,,,,,,,,,,,1,2,3,2.0,4
201400021633,0014-12-23 17:55:00,14,12,23,17,55,270,701,LERY (CH. DE) SEINE A FA,49.1461,1.13,Nuit avec éclairage non allumé,En agglomération,Intersection en X,Normale,Trois véhicules et plus - collisions multiples,,,,,,,,,,,4,2,2,1.0,5
201400021634,0014-01-01 08:15:00,14,1,1,8,15,140,700,,49.2997,-0.79592,Crépuscule ou aube,Hors agglomération,Hors intersection,Pluie légère,Autre collision,,,,,,,,,,,2,1,1,2.0,6
201400021635,0014-01-10 23:45:00,14,1,10,23,45,140,4,,49.3339,-0.91691,Nuit sans éclairage public,Hors agglomération,Hors intersection,Pluie légère,Autre collision,,,,,,,,,,,3,1,1,2.0,6
201400021636,0014-01-30 16:15:00,14,1,30,16,15,140,453,,49.3046,-0.8168,Plein jour,Hors agglomération,Hors intersection,Neige / grêle,Autre collision,,,,,,,,,,,1,1,1,4.0,6
201400021637,0014-04-09 20:45:00,14,4,9,20,45,140,124,,49.3401,-1.01513,Nuit sans éclairage public,Hors agglomération,Hors intersection,Normale,Autre collision,,,,,,,,,,,3,1,1,1.0,6
201400021638,0014-04-23 02:30:00,14,4,23,2,30,140,124,,49.3395,-1.01423,Nuit sans éclairage public,Hors agglomération,Hors intersection,Normale,Autre collision,,,,,,,,,,,3,1,1,1.0,6
201400021639,0014-06-07 10:30:00,14,6,7,10,30,140,132,RN 13 CANCHY,49.3414,-0.98005,Plein jour,Hors agglomération,Hors intersection,Normale,Deux véhicules - côté,,,,,,,,,,,1,1,1,1.0,3
201400021640,0014-07-04 20:20:00,14,7,4,20,20,140,480,,49.3316,-1.0699,Plein jour,Hors agglomération,Hors intersection,Normale,Autre collision,,,,,,,,,,,1,1,1,1.0,6
201400021641,0014-09-20 05:30:00,14,9,20,5,30,140,397,RN 13 PR 105+500,49.3179,-0.84955,Nuit sans éclairage public,Hors agglomération,Hors intersection,Normale,Autre collision,,,,,,,,,,,3,1,1,1.0,6
201400021642,0014-09-22 08:30:00,14,9,22,8,30,140,543,,,,Plein jour,Hors agglomération,Hors intersection,Normale,Trois véhicules et plus - en chaîne,,,,,,,,,,,1,1,1,1.0,4
201400021643,0014-09-23 20:15:00,14,9,23,20,15,140,406,,,,Nuit sans éclairage public,Hors agglomération,Hors intersection,Normale,Autre collision,,,,,,,,,,,3,1,1,1.0,6
201400021644,0014-12-12 04:45:00,14,12,12,4,45,140,378,,,,Nuit sans éclairage public,Hors agglomération,Hors intersection,Pluie forte,Autre collision,,,,,,,,,,,3,1,1,3.0,6
201400021645,0014-01-05 17:15:00,14,1,5,17,15,60,118,Route des grottes,,,Plein jour,En agglomération,Hors intersection,Pluie légère,Deux véhicules - frontale,,,,,,,,,,,1,2,1,2.0,1
201400021646,0014-02-09 14:15:00,14,2,9,14,15,60,130,,,,Plein jour,Hors agglomération,Hors intersection,Normale,Autre collision,,,,,,,,,,,1,1,1,1.0,6
201400021647,0014-03-21 18:00:00,14,3,21,18,0,60,118,,,,Plein jour,Hors agglomération,Hors intersection,Normale,Autre collision,,,,,,,,,,,1,1,1,1.0,6
201400021648,0014-04-16 07:30:00,14,4,16,7,30,60,95,AV DE BOUTINY,,,Plein jour,En agglomération,Hors intersection,Normale,Deux véhicules - côté,,,,,,,,,,,1,2,1,1.0,3
201400021649,0014-04-28 09:00:00,14,4,28,9,0,60,95,,,,Plein jour,En agglomération,Hors intersection,Normale,Autre collision,,,,,,,,,,,1,2,1,1.0,6
201400021650,0014-05-06 11:15:00,14,5,6,11,15,60,95,82 route de DRAGUIGNAN,,,Plein jour,En agglomération,Hors intersection,Normale,Deux véhicules - arrière,,,,,,,,,,,1,2,1,1.0,2
201400021651,0014-05-23 16:15:00,14,5,23,16,15,60,95,03 av du doctr belletrud,,,Plein jour,En agglomération,Hors intersection,Normale,Autre collision,,,,,,,,,,,1,2,1,1.0,6
201400021652,0014-05-24 15:45:00,14,5,24,15,45,60,95,02 RUE DE LA TOUR,,,Plein jour,En agglomération,Hors intersection,Normale,Autre collision,,,,,,,,,,,1,2,1,1.0,6
201400021653,0014-06-07 11:00:00,14,6,7,11,0,60,140,380 ROUTE DE DRAGUIGNAN,,,Plein jour,En agglomération,Hors intersection,Normale,Deux véhicules - côté,,,,,,,,,,,1,2,1,1.0,3
201400021654,0014-07-29 13:15:00,14,7,29,13,15,60,95,,,,Plein jour,Hors agglomération,Hors intersection,Normale,Autre collision,,,,,,,,,,,1,1,1,1.0,6
201400021655,0014-08-02 17:00:00,14,8,2,17,0,60,130,,,,Plein jour,Hors agglomération,Hors intersection,Normale,Autre collision,,,,,,,,,,,1,1,1,1.0,6
201400021656,0014-08-11 11:15:00,14,8,11,11,15,60,95,,,,Plein jour,En agglomération,Hors intersection,Normale,Deux véhicules - arrière,,,,,,,,,,,1,2,1,1.0,2
201400021657,0014-09-06 10:45:00,14,9,6,10,45,60,95,25 avenue Boutiny,,,Plein jour,En agglomération,Hors intersection,Normale,Autre collision,,,,,,,,,,,1,2,1,1.0,6
201400021658,0014-09-13 13:00:00,14,9,13,13,0,60,130,,,,Plein jour,Hors agglomération,Autre intersection,Normale,Autre collision,,,,,,,,,,,1,1,9,1.0,6
201400021659,0014-10-09 14:30:00,14,10,9,14,30,60,118,,,,Plein jour,Hors agglomération,Hors intersection,Normale,Sans collision,,,,,,,,,,,1,1,1,1.0,7
201400021660,0014-12-05 19:45:00,14,12,5,19,45,60,140,route de draguignan,,,Nuit avec éclairage allumé,En agglomération,Hors intersection,Pluie légère,Deux véhicules - côté,,,,,,,,,,,5,2,1,2.0,3
201400021661,0014-12-19 17:45:00,14,12,19,17,45,60,140,,,,Nuit sans éclairage public,Hors agglomération,Hors intersection,Normale,Deux véhicules - frontale,,,,,,,,,,,3,1,1,1.0,1
201400021662,0014-12-25 21:15:00,14,12,25,21,15,60,95,Avenue de Boutiny,,,Nuit avec éclairage allumé,En agglomération,Hors intersection,Normale,Deux véhicules - frontale,,,,,,,,,,,5,2,1,1.0,1
201400021663,0014-11-10 14:15:00,14,11,10,14,15,390,331,,,,Plein jour,Hors agglomération,Intersection en X,Temps couvert,Deux véhicules - côté,,,,,,,,,,,1,1,2,8.0,3
201400021664,0014-12-30 14:40:00,14,12,30,14,40,270,681,ISAMBARD (BOULEVARD),,,Plein jour,En agglomération,Giratoire,Normale,Deux véhicules - côté,,,,,,,,,,,1,2,6,1.0,3
201400021665,0014-01-04 18:45:00,14,1,4,18,45,270,562,PRES (RUE DES),49.06,1.27,Nuit avec éclairage allumé,En agglomération,Intersection en T,Pluie légère,Deux véhicules - côté,,,,,,,,,,,5,2,3,2.0,3
201400021666,0014-03-11 11:10:00,14,3,11,11,10,270,562,"1, D 64",49.053,1.245,Plein jour,Hors agglomération,Hors intersection,Normale,Sans collision,,,,,,,,,,,1,1,1,1.0,7
201400021667,0014-04-12 07:50:00,14,4,12,7,50,270,681,"8, ROUEN (AVENUE DE)",49.054,1.285,Plein jour,En agglomération,Hors intersection,Normale,Deux véhicules - côté,,,,,,,,,,,1,2,1,1.0,3
201400021668,0014-05-06 17:45:00,14,5,6,17,45,270,562,HAUTVILLE (RUE DE),49.053,1.264,Plein jour,En agglomération,Autre intersection,Normale,Deux véhicules - frontale,,,,,,,,,,,1,2,9,1.0,1
201400021669,0014-06-12 08:30:00,14,6,12,8,30,270,588,,49.074,1.255,Plein jour,Hors agglomération,Hors intersection,Normale,Trois véhicules et plus - collisions multiples,,,,,,,,,,,1,1,1,1.0,5
201400021670,0014-07-03 09:05:00,14,7,3,9,5,270,681,"125, PARIS (AVENUE DE)",49.052,1.292,Plein jour,En agglomération,Intersection en T,Normale,Deux véhicules - côté,,,,,,,,,,,1,2,3,1.0,3
201400021671,0014-07-31 07:55:00,14,7,31,7,55,270,681,FUTAIE (RUE DE LA),49.043,1.29,Plein jour,En agglomération,Intersection en T,Normale,Deux véhicules - côté,,,,,,,,,,,1,2,3,1.0,3
201400021672,0014-08-18 14:25:00,14,8,18,14,25,270,681,BULLY (RUE AMBROISE),49.053,1.285,Plein jour,En agglomération,Intersection en T,Normale,Sans collision,,,,,,,,,,,1,2,3,1.0,7
201400021673,0014-08-14 18:55:00,14,8,14,18,55,270,681,"1, SAINT LOUIS (RUE)",49.051,1.284,Plein jour,En agglomération,Intersection en T,Normale,Deux véhicules - côté,,,,,,,,,,,1,2,3,1.0,3
201400021674,0014-09-08 09:15:00,14,9,8,9,15,270,681,RIQUIER (RUE),49.053,1.285,Plein jour,En agglomération,Intersection en T,Normale,Deux véhicules - côté,,,,,,,,,,,1,2,3,1.0,3
201400021675,0014-09-16 21:05:00,14,9,16,21,5,270,681,IVRY (ROUTE D'),49.044,1.283,Nuit sans éclairage public,En agglomération,Hors intersection,Normale,Autre collision,,,,,,,,,,,3,2,1,1.0,6
201400021676,0014-10-05 11:45:00,14,10,5,11,45,270,681,"8, ROUEN (AVENUE DE)",49.054,1.285,Plein jour,En agglomération,Hors intersection,Normale,Autre collision,,,,,,,,,,,1,2,1,1.0,6
201400021677,0014-10-27 16:05:00,14,10,27,16,5,270,681,"20, CAPUCINS (AVENUE DES",49.053,1.095,Crépuscule ou aube,En agglomération,Giratoire,Normale,Autre collision,,,,,,,,,,,2,2,6,1.0,6
201400021678,0014-12-10 14:45:00,14,12,10,14,45,270,681,MONET (RUE CLAUDE),,,Plein jour,En agglomération,Intersection en T,Normale,Deux véhicules - côté,,,,,,,,,,,1,2,3,1.0,3
201400021679,0014-02-02 11:15:00,14,2,2,11,15,170,142,,46.16719,-1.09236,Plein jour,Hors agglomération,Intersection en T,Normale,Deux véhicules - frontale,,,,,,,,,,,1,1,3,1.0,1
201400021680,0014-07-13 20:30:00,14,7,13,20,30,170,222,,46.2319,-1.12365,Plein jour,Hors agglomération,Giratoire,Normale,Deux véhicules - arrière,,,,,,,,,,,1,1,6,1.0,2
201400021681,0014-11-02 14:30:00,14,11,2,14,30,170,222,,46.24318,-1.12112,Plein jour,Hors agglomération,Hors intersection,Normale,Deux véhicules - côté,,,,,,,,,,,1,1,1,1.0,3
201400021682,0014-02-22 06:30:00,14,2,22,6,30,250,32,,47.382,6.387,Crépuscule ou aube,Hors agglomération,Hors intersection,Normale,Sans collision,,,,,,,,,,,2,1,1,1.0,7
201400021683,0014-07-04 17:15:00,14,7,4,17,15,250,614,,,,Plein jour,Hors agglomération,Hors intersection,Normale,Deux véhicules - arrière,,,,,,,,,,,1,1,1,1.0,2
201400021684,0014-07-25 09:00:00,14,7,25,9,0,250,67,,47.421,6.621,Plein jour,Hors agglomération,Hors intersection,Normale,Trois véhicules et plus - collisions multiples,,,,,,,,,,,1,1,1,1.0,5
201400021685,0014-11-24 09:15:00,14,11,24,9,15,250,20,,47.492,6.815,Plein jour,Hors agglomération,Hors intersection,Normale,Deux véhicules - frontale,,,,,,,,,,,1,1,1,1.0,1
201400021686,0014-01-05 17:45:00,14,1,5,17,45,910,363,Rue Gambetta,48.646,2.22,Nuit avec éclairage allumé,En agglomération,Hors intersection,Pluie légère,Autre collision,,,,,,,,,,,5,2,1,2.0,6
201400021687,0014-01-08 08:00:00,14,1,8,8,0,910,363,D3,,,Crépuscule ou aube,Hors agglomération,Hors intersection,Normale,Sans collision,,,,,,,,,,,2,1,1,1.0,7
201400021688,0014-03-05 16:00:00,14,3,5,16,0,910,363,Impasse Colette,,,Plein jour,En agglomération,Hors intersection,Normale,Sans collision,,,,,,,,,,,1,2,1,1.0,7
201400021689,0014-06-02 08:30:00,14,6,2,8,30,910,665,chemin saint éloi,,,Plein jour,En agglomération,Hors intersection,Normale,Deux véhicules - côté,,,,,,,,,,,1,2,1,1.0,3