accident_id,datetime,annee,mois,jour,heure,minute,departement,commune_insee,adresse,latitude,longitude,luminosite,agglomeration,intersection,meteo,collision,nb_vehicules,nb_usagers,nb_indemnes,nb_tues,nb_blesses_hosp,nb_blesses_legers,age_cond_1,age_cond_2,veh_type_cond_1,veh_type_cond_2,lum_code,agg_code,int_code,atm_code,col_code
201400021690,0014-06-29 16:00:00,14,6,29,16,0,910,363,D446,48.667,2.2,Plein jour,Hors agglomération,Hors intersection,Pluie légère,Deux véhicules - frontale,,,,,,,,,,,1,1,1,2.0,1
201400021691,0014-06-29 20:15:00,14,6,29,20,15,910,665,vieux chemin de montlher,48.66,2.27,Plein jour,En agglomération,Hors intersection,Normale,Deux véhicules - arrière,,,,,,,,,,,1,2,1,1.0,2
201400021692,0014-07-02 01:30:00,14,7,2,1,30,910,666,avenue des Tropiques,,,Nuit sans éclairage public,En agglomération,Giratoire,Normale,Autre collision,,,,,,,,,,,3,2,6,1.0,6
201400021693,0014-09-03 18:15:00,14,9,3,18,15,910,458,Voie Nouvelle,,,Plein jour,Hors agglomération,Giratoire,Normale,Deux véhicules - côté,,,,,,,,,,,1,1,6,1.0,3
201400021694,0014-09-13 17:30:00,14,9,13,17,30,910,458,Route de Montlhéry,,,Plein jour,Hors agglomération,Hors intersection,Normale,Deux véhicules - arrière,,,,,,,,,,,1,1,1,1.0,2
201400021695,0014-10-26 14:00:00,14,10,26,14,0,910,665,vieux chemin montlhery,,,Plein jour,En agglomération,Intersection en X,Normale,Deux véhicules - côté,,,,,,,,,,,1,2,2,1.0,3
201400021696,0014-12-23 17:45:00,14,12,23,17,45,910,458,CD35,48.662,2.233,Nuit sans éclairage public,Hors agglomération,Hors intersection,Pluie légère,Trois véhicules et plus - collisions multiples,,,,,,,,,,,3,1,1,2.0,5
201400021697,0014-09-02 11:45:00,14,9,2,11,45,760,278,,49.84063,1.54022,Plein jour,Hors agglomération,Hors intersection,Normale,Autre collision,,,,,,,,,,,1,1,1,1.0,6
201400021698,0014-03-03 11:40:00,14,3,3,11,40,870,203,,,,Plein jour,Hors agglomération,Hors intersection,Temps couvert,Trois véhicules et plus - collisions multiples,,,,,,,,,,,1,1,1,8.0,5
201400021699,0014-03-13 09:00:00,14,3,13,9,0,870,203,,,,Plein jour,Hors agglomération,Hors intersection,Normale,Autre collision,,,,,,,,,,,1,1,1,1.0,6
201400021700,0014-05-19 18:45:00,14,5,19,18,45,870,203,,,,Plein jour,Hors agglomération,Hors intersection,Normale,Deux véhicules - arrière,,,,,,,,,,,1,1,1,1.0,2
201400021701,0014-11-05 15:45:00,14,11,5,15,45,870,146,,,,Plein jour,Hors agglomération,Hors intersection,Normale,Autre collision,,,,,,,,,,,1,1,1,1.0,6
201400021702,0014-11-25 20:45:00,14,11,25,20,45,870,154,,,,Nuit sans éclairage public,Hors agglomération,Hors intersection,Pluie forte,Deux véhicules - frontale,,,,,,,,,,,3,1,1,3.0,1
201400021703,0014-01-26 00:01:00,14,1,26,0,1,190,248,SENS PARIS > PROVINCE,45.463,1.51332,Nuit sans éclairage public,Hors agglomération,Hors intersection,Normale,Sans collision,,,,,,,,,,,3,1,1,1.0,7
201400021704,0014-04-27 18:00:00,14,4,27,18,0,190,250,,,,Plein jour,Hors agglomération,Hors intersection,Pluie légère,Deux véhicules - côté,,,,,,,,,,,1,1,1,2.0,3
201400021705,0014-06-08 17:45:00,14,6,8,17,45,190,178,SENS PARIS - TOULOUSE,45.2734,1.5571,Plein jour,Hors agglomération,Hors intersection,Normale,Sans collision,,,,,,,,,,,1,1,1,1.0,7
201400021706,0014-07-15 13:45:00,14,7,15,13,45,190,250,SENS PARIS > TOULOUSE,45.4806,1.52747,Plein jour,Hors agglomération,Autre intersection,Normale,Autre collision,,,,,,,,,,,1,1,9,1.0,6
201400021707,0014-08-09 05:00:00,14,8,9,5,0,190,250,SENS TOULOUSE > PARIS,45.4942,1.52599,Nuit sans éclairage public,Hors agglomération,Hors intersection,Normale,Trois véhicules et plus - collisions multiples,,,,,,,,,,,3,1,1,1.0,5
201400021708,0014-09-25 06:45:00,14,9,25,6,45,190,276,SENS PARIS - PROVINCE,45.4051,1.55807,Crépuscule ou aube,Hors agglomération,Hors intersection,Normale,Deux véhicules - arrière,,,,,,,,,,,2,1,1,1.0,2
201400021709,0014-10-10 09:30:00,14,10,10,9,30,190,72,SENS PARIS - PROVINCE,45.2508,1.53748,Plein jour,Hors agglomération,Hors intersection,Normale,Autre collision,,,,,,,,,,,1,1,1,1.0,6
201400021710,0014-10-29 16:00:00,14,10,29,16,0,190,129,SENS PARIS - PROVINCE,45.5242,1.51507,Plein jour,Hors agglomération,Hors intersection,Temps éblouissant,Deux véhicules - arrière,,,,,,,,,,,1,1,1,7.0,2
201400021711,0014-11-12 18:45:00,14,11,12,18,45,190,250,SENS PARIS - PROVINCE,45.5018,1.51589,Nuit sans éclairage public,Hors agglomération,Hors intersection,Pluie légère,Deux véhicules - côté,,,,,,,,,,,3,1,1,2.0,3
201400021712,0014-12-15 13:45:00,14,12,15,13,45,190,276,SENS PARIS - PROVINCE,45.4036,1.56044,Plein jour,Hors agglomération,Hors intersection,Normale,Deux véhicules - arrière,,,,,,,,,,,1,1,1,1.0,2
201400021713,0014-02-03 08:45:00,14,2,3,8,45,590,123,,,,Plein jour,Hors agglomération,Hors intersection,Temps éblouissant,Trois véhicules et plus - collisions multiples,,,,,,,,,,,1,1,1,7.0,5
201400021714,0014-04-02 15:45:00,14,4,2,15,45,590,266,Rue Joseph Poissonnier,,,Plein jour,En agglomération,Hors intersection,Normale,Autre collision,,,,,,,,,,,1,2,1,1.0,6
201400021715,0014-05-26 08:45:00,14,5,26,8,45,590,266,64 rue de la barre,,,Plein jour,En agglomération,Hors intersection,Normale,Deux véhicules - arrière,,,,,,,,,,,1,2,1,1.0,2
201400021716,0014-12-30 05:15:00,14,12,30,5,15,590,123,,,,Nuit sans éclairage public,Hors agglomération,Hors intersection,Autre,Deux véhicules - frontale,,,,,,,,,,,3,1,1,9.0,1
201400021717,0014-01-04 17:15:00,14,1,4,17,15,280,85,"56, MERMOZ (RUE JEAN)",48.45027,1.50899,Nuit avec éclairage allumé,En agglomération,Hors intersection,Normale,Trois véhicules et plus - collisions multiples,,,,,,,,,,,5,2,1,1.0,5
201400021718,0014-09-16 17:25:00,14,9,16,17,25,280,110,"26, VOVES (RUE DE)",48.42873,1.49327,Plein jour,En agglomération,Hors intersection,Normale,Autre collision,,,,,,,,,,,1,2,1,1.0,6
201400021719,0014-01-07 22:26:00,14,1,7,22,26,280,110,"1, Henri MACE",,,Nuit sans éclairage public,En agglomération,Hors intersection,Pluie forte,Sans collision,,,,,,,,,,,3,2,1,3.0,7
201400021720,0014-01-08 19:40:00,14,1,8,19,40,280,218,REPUBLIQUE (AVENUE DE LA,48.43908,1.45927,Nuit avec éclairage allumé,En agglomération,Hors intersection,Pluie légère,Trois véhicules et plus - en chaîne,,,,,,,,,,,5,2,1,2.0,4
201400021721,0014-09-19 08:40:00,14,9,19,8,40,280,85,MAUNOURY (RUE DU DOCTEUR,48.43874,1.48139,Plein jour,En agglomération,Hors intersection,Normale,Deux véhicules - frontale,,,,,,,,,,,1,2,1,1.0,1
201400021722,0014-01-10 07:38:00,14,1,10,7,38,280,85,"4, SEMARD (PLACE PIERRE)",48.44811,1.48206,Nuit avec éclairage allumé,En agglomération,Place,Normale,Autre collision,,,,,,,,,,,5,2,7,1.0,6
201400021723,0014-09-20 02:20:00,14,9,20,2,20,280,85,"30, COURTILLE (BOULEVARD",48.44196,1.49305,Nuit avec éclairage allumé,En agglomération,Hors intersection,Normale,Deux véhicules - frontale,,,,,,,,,,,5,2,1,1.0,1
201400021724,0014-01-11 15:10:00,14,1,11,15,10,280,85,"22, CORROIERIE (RUE DE L",48.44791,1.49042,Plein jour,En agglomération,Hors intersection,Normale,Autre collision,,,,,,,,,,,1,2,1,1.0,6
201400021725,0014-09-20 16:40:00,14,9,20,16,40,280,218,"49, CLEMENCEAU (RUE GEOR",48.43513,1.47404,Plein jour,En agglomération,Hors intersection,Normale,Autre collision,,,,,,,,,,,1,2,1,1.0,6
201400021726,0014-09-25 14:17:00,14,9,25,14,17,280,220,"6, L'Orme de Sours (Rue",48.41929,1.45553,Plein jour,En agglomération,Hors intersection,Normale,Autre collision,,,,,,,,,,,1,2,1,1.0,6
201400021727,0014-01-13 18:50:00,14,1,13,18,50,280,85,HUGO (AVENUE VICTOR),,,Nuit avec éclairage allumé,En agglomération,Hors intersection,Pluie légère,Deux véhicules - côté,,,,,,,,,,,5,2,1,2.0,3
201400021728,0014-09-25 19:40:00,14,9,25,19,40,280,85,COURTILLE (BOULEVARD DE,48.44234,1.49388,Plein jour,En agglomération,Hors intersection,Normale,Trois véhicules et plus - collisions multiples,,,,,,,,,,,1,2,1,1.0,5
201400021729,0014-01-19 06:35:00,14,1,19,6,35,280,85,"sans, NOGENT LE PHAYE (R",48.44721,1.54531,Nuit sans éclairage public,Hors agglomération,Hors intersection,Normale,Autre collision,,,,,,,,,,,3,1,1,1.0,6
201400021730,0014-09-20 15:10:00,14,9,20,15,10,280,220,LECLERC (RUE DU MARECHAL,48.43102,1.46386,Plein jour,Hors agglomération,Intersection en X,Normale,Deux véhicules - côté,,,,,,,,,,,1,1,2,1.0,3
201400021731,0014-01-21 12:25:00,14,1,21,12,25,280,85,"18 ter, REPUBLIQUE (AVEN",48.45564,1.47721,Plein jour,En agglomération,Hors intersection,Normale,Deux véhicules - arrière,,,,,,,,,,,1,2,1,1.0,2
201400021732,0014-09-22 07:35:00,14,9,22,7,35,280,24,RN 123,48.41625,1.46403,Crépuscule ou aube,Hors agglomération,Giratoire,Normale,Deux véhicules - frontale,,,,,,,,,,,2,1,6,1.0,1
201400021733,0014-01-21 14:25:00,14,1,21,14,25,280,85,"43, NICOLE (RUE)",48.44531,1.47791,Plein jour,En agglomération,Hors intersection,Normale,Deux véhicules - arrière,,,,,,,,,,,1,2,1,1.0,2
201400021734,0014-09-28 10:40:00,14,9,28,10,40,280,85,"12, CHANZY (RUE ET ROND",48.43741,1.48474,Plein jour,En agglomération,Hors intersection,Normale,Autre collision,,,,,,,,,,,1,2,1,1.0,6
201400021735,0014-01-22 19:15:00,14,1,22,19,15,280,85,"1, LAUNAY (RUE DE)",48.43307,1.4929,Nuit avec éclairage allumé,En agglomération,Intersection en T,Normale,Autre collision,,,,,,,,,,,5,2,3,1.0,6
201400021736,0014-10-03 17:35:00,14,10,3,17,35,280,209,RN 1154,48.47166,1.46391,Plein jour,Hors agglomération,Hors intersection,Normale,Deux véhicules - arrière,,,,,,,,,,,1,1,1,1.0,2
201400021737,0014-01-23 17:40:00,14,1,23,17,40,280,85,"28, CHASLES (BOULEVARD)",48.44275,1.48616,Nuit avec éclairage allumé,En agglomération,Hors intersection,Normale,Autre collision,,,,,,,,,,,5,2,1,1.0,6
201400021738,0014-10-04 05:15:00,14,10,4,5,15,280,85,"70, MERMOZ (RUE JEAN)",48.45214,1.51999,Nuit avec éclairage allumé,En agglomération,Hors intersection,Normale,Deux véhicules - côté,,,,,,,,,,,5,2,1,1.0,3
201400021739,0014-01-24 10:58:00,14,1,24,10,58,280,218,BEAUCE (RUE DE),,,Plein jour,En agglomération,Intersection en T,Pluie légère,Deux véhicules - côté,,,,,,,,,,,1,2,3,2.0,3
201400021740,0014-10-07 18:00:00,14,10,7,18,0,280,85,"41, LAUNAY (RUE DE)",,,Plein jour,En agglomération,Intersection en T,Normale,Deux véhicules - frontale,,,,,,,,,,,1,2,3,1.0,1
201400021741,0014-01-27 14:15:00,14,1,27,14,15,280,85,"60, MAUNOURY (RUE DU DOC",48.44077,1.48259,Plein jour,En agglomération,Hors intersection,Normale,Deux véhicules - côté,,,,,,,,,,,1,2,1,1.0,3
201400021742,0014-10-08 15:00:00,14,10,8,15,0,280,218,EUROPE (CARREFOUR DE L'),,,Plein jour,En agglomération,Giratoire,Normale,Autre collision,,,,,,,,,,,1,2,6,1.0,6
201400021743,0014-02-03 20:05:00,14,2,3,20,5,280,70,D823,48.46258,1.52736,Nuit sans éclairage public,Hors agglomération,Hors intersection,Normale,Sans collision,,,,,,,,,,,3,1,1,1.0,7
201400021744,0014-10-11 13:50:00,14,10,11,13,50,280,70,Rue Jean Moulin,48.46685,1.5058,Plein jour,En agglomération,Intersection en T,Normale,Deux véhicules - côté,,,,,,,,,,,1,2,3,1.0,3
201400021745,0014-02-03 19:30:00,14,2,3,19,30,280,85,BOURGNEUF (RUE DU),48.45772,1.4854,Nuit avec éclairage non allumé,En agglomération,Intersection en X,Normale,Deux véhicules - côté,,,,,,,,,,,4,2,2,1.0,3
201400021746,0014-10-12 08:45:00,14,10,12,8,45,280,85,"01, PORTE DROUAISE (RUE",48.4523,1.48876,Plein jour,En agglomération,Hors intersection,Pluie légère,Deux véhicules - frontale,,,,,,,,,,,1,2,1,2.0,1
201400021747,0014-02-09 20:40:00,14,2,9,20,40,280,229,"1, RD24",48.45048,1.4499,Nuit sans éclairage public,Hors agglomération,Hors intersection,Vent fort / tempête,Autre collision,,,,,,,,,,,3,1,1,6.0,6
201400021748,0014-10-12 01:50:00,14,10,12,1,50,280,85,"40, FAUBOURG LA GRAPPE (",48.44176,1.50056,Nuit avec éclairage allumé,En agglomération,Hors intersection,Normale,Autre collision,,,,,,,,,,,5,2,1,1.0,6
201400021749,0014-10-12 18:25:00,14,10,12,18,25,280,218,"23, FOCH (RUE DU MARECHA",48.43604,1.47517,Plein jour,En agglomération,Hors intersection,Normale,Autre collision,,,,,,,,,,,1,2,1,1.0,6
201400021750,0014-02-11 06:50:00,14,2,11,6,50,280,229,"5, DUNANT (IMPASSE HENRI",48.44465,1.46666,Nuit sans éclairage public,En agglomération,Hors intersection,Normale,Sans collision,,,,,,,,,,,3,2,1,1.0,7
201400021751,0014-10-14 17:25:00,14,10,14,17,25,280,85,"39, NICOLE (RUE)",,,Plein jour,En agglomération,Hors intersection,Normale,Trois véhicules et plus - en chaîne,,,,,,,,,,,1,2,1,1.0,4
201400021752,0014-02-11 13:57:00,14,2,11,13,57,280,220,"0, LIBERTE (RUE DE LA)",48.42766,1.46535,Plein jour,En agglomération,Hors intersection,Normale,Deux véhicules - frontale,,,,,,,,,,,1,2,1,1.0,1
201400021753,0014-10-16 09:00:00,14,10,16,9,0,280,218,EUROPE (AVENUE DE L'),48.44297,1.45153,Plein jour,En agglomération,Hors intersection,Normale,Autre collision,,,,,,,,,,,1,2,1,1.0,6
201400021754,0014-02-12 08:30:00,14,2,12,8,30,280,218,FOREAU (RUE FRANCOIS),,,Plein jour,En agglomération,Intersection en X,Normale,Sans collision,,,,,,,,,,,1,2,2,1.0,7
201400021755,0014-10-16 12:20:00,14,10,16,12,20,280,85,"44, FOCH (BOULEVARD DU M",48.45003,1.49189,Plein jour,En agglomération,Hors intersection,Normale,Autre collision,,,,,,,,,,,1,2,1,1.0,6
201400021756,0014-02-13 08:00:00,14,2,13,8,0,280,218,"12, DE TASSIGNY (RUE DE",48.43464,1.45682,Crépuscule ou aube,En agglomération,Autre intersection,Pluie forte,Autre collision,,,,,,,,,,,2,2,9,3.0,6
201400021757,0014-10-22 12:35:00,14,10,22,12,35,280,85,BEAULIEU (AVENUE DE),,,Plein jour,En agglomération,Hors intersection,Normale,Autre collision,,,,,,,,,,,1,2,1,1.0,6
201400021758,0014-02-12 11:25:00,14,2,12,11,25,280,70,D823,48.47164,1.51162,Plein jour,En agglomération,Giratoire,Normale,Sans collision,,,,,,,,,,,1,2,6,1.0,7
201400021759,0014-02-12 08:30:00,14,2,12,8,30,280,110,"1, DU GORD",48.43582,1.46118,Plein jour,En agglomération,Hors intersection,Normale,Sans collision,,,,,,,,,,,1,2,1,1.0,7
201400021760,0014-10-29 16:45:00,14,10,29,16,45,280,85,CHANZY (RUE ET ROND POIN,,,Plein jour,En agglomération,Intersection en X,Pluie légère,Deux véhicules - côté,,,,,,,,,,,1,2,2,2.0,3
201400021761,0014-02-16 15:00:00,14,2,16,15,0,280,220,"30, Hochstadt (boulevard",48.4224,1.46616,Plein jour,En agglomération,Hors intersection,Normale,Autre collision,,,,,,,,,,,1,2,1,1.0,6
201400021762,0014-10-31 06:38:00,14,10,31,6,38,280,85,MENDES FRANCE (RUE PIERR,48.44142,1.4952,Nuit avec éclairage allumé,En agglomération,Intersection en Y,Normale,Deux véhicules - frontale,,,,,,,,,,,5,2,4,1.0,1
201400021763,0014-02-17 16:40:00,14,2,17,16,40,280,220,"1, AVENUE DE LA REPUBLIQ",48.41924,1.46667,Plein jour,En agglomération,Intersection en X,Normale,Autre collision,,,,,,,,,,,1,2,2,1.0,6
201400021764,0014-10-31 11:30:00,14,10,31,11,30,280,85,"01, VIOLETTE (BOULEVARD",48.44574,1.4836,Plein jour,En agglomération,Hors intersection,Normale,Autre collision,,,,,,,,,,,1,2,1,1.0,6
201400021765,0014-02-20 22:00:00,14,2,20,22,0,280,85,MARTIN (RUE JULES),48.44207,1.49341,Nuit avec éclairage allumé,En agglomération,Intersection en Y,Normale,Trois véhicules et plus - collisions multiples,,,,,,,,,,,5,2,4,1.0,5
201400021766,0014-02-21 07:30:00,14,2,21,7,30,280,85,LAENNEC (AVENUE DU DOCTE,48.44537,1.52951,Plein jour,Hors agglomération,Hors intersection,Normale,Autre collision,,,,,,,,,,,1,1,1,1.0,6
201400021767,0014-10-31 15:05:00,14,10,31,15,5,280,85,"FACE 7, DESPORTES (RUE P",48.43988,1.4812,Plein jour,En agglomération,Hors intersection,Normale,Sans collision,,,,,,,,,,,1,2,1,1.0,7
201400021768,0014-10-31 19:30:00,14,10,31,19,30,280,220,"31, AVENUE DE LA REPUBLI",48.42582,1.47164,Crépuscule ou aube,En agglomération,Hors intersection,Normale,Autre collision,,,,,,,,,,,2,2,1,1.0,6
201400021769,0014-02-21 19:45:00,14,2,21,19,45,280,70,PRESSOIR (RUE DU),48.47023,1.50603,Nuit avec éclairage allumé,En agglomération,Hors intersection,Normale,Autre collision,,,,,,,,,,,5,2,1,1.0,6
201400021770,0014-02-22 19:18:00,14,2,22,19,18,280,209,RN 1154,48.46705,1.46481,Nuit sans éclairage public,Hors agglomération,Intersection à plus de 4 branches,Normale,Deux véhicules - côté,,,,,,,,,,,3,1,5,1.0,3
201400021771,0014-11-01 14:05:00,14,11,1,14,5,280,85,PICHARD (RUE JOSEPH),,,Plein jour,En agglomération,Hors intersection,Normale,Autre collision,,,,,,,,,,,1,2,1,1.0,6
201400021772,0014-02-24 12:30:00,14,2,24,12,30,280,218,"9, MAUNOURY (CITE JEAN)",48.43829,1.46097,Plein jour,En agglomération,Hors intersection,Normale,Deux véhicules - côté,,,,,,,,,,,1,2,1,1.0,3
201400021773,0014-11-02 07:40:00,14,11,2,7,40,280,85,ROUTE NATIONALE 123,48.42741,1.51484,Plein jour,Hors agglomération,Giratoire,Normale,Autre collision,,,,,,,,,,,1,1,6,1.0,6
201400021774,0014-11-03 20:20:00,14,11,3,20,20,280,85,"1, MACE (RUE HENRI)",48.42895,1.50546,Nuit avec éclairage allumé,En agglomération,Hors intersection,Pluie forte,Deux véhicules - côté,,,,,,,,,,,5,2,1,3.0,3
201400021775,0014-02-28 19:20:00,14,2,28,19,20,280,85,"2, VIOLETTE (BOULEVARD M",48.44554,1.48357,Nuit avec éclairage allumé,En agglomération,Hors intersection,Pluie légère,Deux véhicules - arrière,,,,,,,,,,,5,2,1,2.0,2
201400021776,0014-11-04 18:25:00,14,11,4,18,25,280,218,"01, REPUBLIQUE (RUE DE L",,,Nuit avec éclairage allumé,En agglomération,Intersection en X,Normale,Deux véhicules - frontale,,,,,,,,,,,5,2,2,1.0,1
201400021777,0014-11-05 13:25:00,14,11,5,13,25,280,85,"34, MERMOZ (RUE JEAN)",48.44957,1.50549,Plein jour,En agglomération,Hors intersection,Normale,Autre collision,,,,,,,,,,,1,2,1,1.0,6
201400021778,0014-03-06 15:25:00,14,3,6,15,25,280,220,"1, VALLEE DE L'EURE (RUE",48.42959,1.4811,Plein jour,En agglomération,Intersection en T,Normale,Deux véhicules - côté,,,,,,,,,,,1,2,3,1.0,3
201400021779,0014-03-09 00:01:00,14,3,9,0,1,280,85,ORMES (RUE DES),48.44313,1.4899,Nuit avec éclairage allumé,En agglomération,Intersection en T,Normale,Deux véhicules - côté,,,,,,,,,,,5,2,3,1.0,3
201400021780,0014-11-07 08:30:00,14,11,7,8,30,280,220,"34, DE GAULLE (RUE GENER",,,Plein jour,En agglomération,Hors intersection,Temps couvert,Autre collision,,,,,,,,,,,1,2,1,8.0,6
201400021781,0014-03-10 14:45:00,14,3,10,14,45,280,85,REGNIER (RUE MATHURIN),48.44302,1.48736,Plein jour,En agglomération,Hors intersection,Normale,Autre collision,,,,,,,,,,,1,2,1,1.0,6
201400021782,0014-11-08 16:00:00,14,11,8,16,0,280,85,JUBELINES (IMPASSE DES),48.45027,1.48232,Plein jour,Hors agglomération,Hors intersection,Normale,Deux véhicules - frontale,,,,,,,,,,,1,1,1,1.0,1
201400021783,0014-10-30 16:00:00,14,10,30,16,0,280,110,DOUIN Charles Isidor (D3,48.42924,1.49271,Plein jour,Hors agglomération,Intersection en T,Normale,Deux véhicules - frontale,,,,,,,,,,,1,1,3,1.0,1
201400021784,0014-03-10 15:45:00,14,3,10,15,45,280,229,CHATEAU D'EAU (RUE DU),,,Plein jour,En agglomération,Hors intersection,Normale,Deux véhicules - arrière,,,,,,,,,,,1,2,1,1.0,2
201400021785,0014-11-16 13:55:00,14,11,16,13,55,280,85,"2, BOURGNEUF (RUE DU)",,,Plein jour,En agglomération,Hors intersection,Pluie légère,Deux véhicules - côté,,,,,,,,,,,1,2,1,2.0,3
201400021786,0014-03-11 15:08:00,14,3,11,15,8,280,220,"1, MARCEAU (RUE)",48.42677,1.47265,Plein jour,En agglomération,Hors intersection,Normale,Deux véhicules - côté,,,,,,,,,,,1,2,1,1.0,3
201400021787,0014-03-12 08:20:00,14,3,12,8,20,280,85,SAINT ANDRE (PLACE ET RU,48.44975,1.48984,Plein jour,En agglomération,Hors intersection,Normale,Autre collision,,,,,,,,,,,1,2,1,1.0,6
201400021788,0014-11-21 08:00:00,14,11,21,8,0,280,218,GENEVE (RUE DE),48.43908,1.44313,Plein jour,En agglomération,Hors intersection,Normale,Deux véhicules - frontale,,,,,,,,,,,1,2,1,1.0,1
201400021789,0014-03-12 10:40:00,14,3,12,10,40,280,220,"1, MARCEAU (RUE)",48.42679,1.47257,Plein jour,En agglomération,Hors intersection,Normale,Deux véhicules - arrière,,,,,,,,,,,1,2,1,1.0,2
201400021790,0014-11-22 18:00:00,14,11,22,18,0,280,85,ROUTE D'ORLEANS,48.42741,1.51539,Nuit sans éclairage public,Hors agglomération,Hors intersection,Pluie légère,Autre collision,,,,,,,,,,,3,1,1,2.0,6
201400021791,0014-11-25 18:30:00,14,11,25,18,30,280,85,SEMARD (PLACE PIERRE),48.44785,1.48161,Nuit avec éclairage non allumé,En agglomération,Hors intersection,Pluie légère,Autre collision,,,,,,,,,,,4,2,1,2.0,6
201400021792,0014-03-12 16:55:00,14,3,12,16,55,280,70,"1, SAINT PERE EN VALLEE",48.46579,1.50668,Plein jour,En agglomération,Intersection en T,Temps éblouissant,Deux véhicules - frontale,,,,,,,,,,,1,2,3,7.0,1
201400021793,0014-03-19 08:15:00,14,3,19,8,15,280,85,HUGO (AVENUE VICTOR),48.44699,1.54157,Plein jour,Hors agglomération,Hors intersection,Normale,Sans collision,,,,,,,,,,,1,1,1,1.0,7
201400021794,0014-11-26 15:40:00,14,11,26,15,40,280,85,"6, CHATEAUDUN (RUE DE)",,,Plein jour,En agglomération,Hors intersection,Normale,Deux véhicules - frontale,,,,,,,,,,,1,2,1,1.0,1
201400021795,0014-03-19 14:30:00,14,3,19,14,30,280,220,LECLERC (RUE DU MARECHAL,48.42846,1.46023,Plein jour,En agglomération,Intersection en X,Normale,Deux véhicules - côté,,,,,,,,,,,1,2,2,1.0,3
201400021796,0014-11-27 12:00:00,14,11,27,12,0,280,85,"1, DROUAISE (PLACE)",48.45297,1.48852,Plein jour,En agglomération,Hors intersection,Normale,Deux véhicules - frontale,,,,,,,,,,,1,2,1,1.0,1
201400021797,0014-03-20 09:45:00,14,3,20,9,45,280,85,"7, LECLERC (RUE DU MAREC",48.43918,1.47422,Plein jour,En agglomération,Intersection en T,Normale,Deux véhicules - côté,,,,,,,,,,,1,2,3,1.0,3
201400021798,0014-11-28 09:00:00,14,11,28,9,0,280,85,"45, ORLEANS (AVENUE D')",,,Plein jour,En agglomération,Hors intersection,Normale,Deux véhicules - frontale,,,,,,,,,,,1,2,1,1.0,1
201400021799,0014-11-28 18:50:00,14,11,28,18,50,280,85,"31, PATTON (RUE DU GENER",,,Nuit avec éclairage allumé,En agglomération,Hors intersection,Pluie légère,Sans collision,,,,,,,,,,,5,2,1,2.0,7
201400021800,0014-03-11 08:30:00,14,3,11,8,30,280,85,MORARD (PLACE),48.44526,1.49648,Crépuscule ou aube,En agglomération,Intersection en X,Normale,Deux véhicules - côté,,,,,,,,,,,2,2,2,1.0,3
201400021801,0014-03-22 16:15:00,14,3,22,16,15,280,110,RN 123 (ROCADE),48.41587,1.50168,Plein jour,Hors agglomération,Hors intersection,Normale,Deux véhicules - arrière,,,,,,,,,,,1,1,1,1.0,2
201400021802,0014-11-21 22:35:00,14,11,21,22,35,280,220,"33, MAUNOURY (MAURICE)",48.43463,1.47825,Nuit avec éclairage allumé,En agglomération,Intersection en T,Normale,Deux véhicules - arrière,,,,,,,,,,,5,2,3,1.0,2
201400021803,0014-03-24 20:30:00,14,3,24,20,30,280,85,"102, GRANDES FILLES DIEU",48.45641,1.49491,Nuit avec éclairage allumé,En agglomération,Intersection en T,Normale,Deux véhicules - côté,,,,,,,,,,,5,2,3,1.0,3
201400021804,0014-12-02 17:45:00,14,12,2,17,45,280,85,"01, SAINT MICHEL (RUE)",48.44364,1.48987,Nuit avec éclairage allumé,En agglomération,Intersection en T,Pluie légère,Sans collision,,,,,,,,,,,5,2,3,2.0,7
201400021805,0014-03-25 19:15:00,14,3,25,19,15,280,85,VIOLETTE (BOULEVARD MAUR,48.44505,1.4835,Nuit avec éclairage allumé,En agglomération,Autre intersection,Normale,Deux véhicules - côté,,,,,,,,,,,5,2,9,1.0,3
201400021806,0014-12-08 15:18:00,14,12,8,15,18,280,229,CHATEAU D'EAU (RUE DU),48.45093,1.44711,Plein jour,Hors agglomération,Intersection en T,Pluie légère,Deux véhicules - côté,,,,,,,,,,,1,1,3,2.0,3
201400021807,0014-03-25 12:40:00,14,3,25,12,40,280,85,MERMOZ (RUE JEAN),,,Plein jour,En agglomération,Giratoire,Pluie légère,Sans collision,,,,,,,,,,,1,2,6,2.0,7
201400021808,0014-12-08 17:35:00,14,12,8,17,35,280,229,"6, COUBERTIN (RUE PIERRE",48.44685,1.47371,Nuit avec éclairage allumé,En agglomération,Hors intersection,Pluie légère,Autre collision,,,,,,,,,,,5,2,1,2.0,6
201400021809,0014-03-26 15:45:00,14,3,26,15,45,280,85,ONZE NOVEMBRE (PLACE DU),48.44717,1.51989,Plein jour,En agglomération,Autre intersection,Normale,Autre collision,,,,,,,,,,,1,2,9,1.0,6
201400021810,0014-12-09 09:00:00,14,12,9,9,0,280,85,"72, MERMOZ (RUE JEAN)",48.45223,1.51967,Plein jour,En agglomération,Hors intersection,Autre,Sans collision,,,,,,,,,,,1,2,1,9.0,7
201400021811,0014-03-27 10:10:00,14,3,27,10,10,280,209,RD 1154,48.48252,1.46294,Plein jour,Hors agglomération,Hors intersection,Normale,Sans collision,,,,,,,,,,,1,1,1,1.0,7