accident_id,datetime,annee,mois,jour,heure,minute,departement,commune_insee,adresse,latitude,longitude,luminosite,agglomeration,intersection,meteo,collision,nb_vehicules,nb_usagers,nb_indemnes,nb_tues,nb_blesses_hosp,nb_blesses_legers,age_cond_1,age_cond_2,veh_type_cond_1,veh_type_cond_2,lum_code,agg_code,int_code,atm_code,col_code
201400021812,0014-12-09 16:00:00,14,12,9,16,0,280,85,PEGUY (BOULEVARD CHARLES,48.27009,1.29041,Plein jour,En agglomération,Hors intersection,Normale,Autre collision,,,,,,,,,,,1,2,1,1.0,6
201400021813,0014-03-29 16:25:00,14,3,29,16,25,280,85,"1, CHASLES (BOULEVARD)",48.44218,1.48927,Plein jour,En agglomération,Hors intersection,Normale,Deux véhicules - côté,,,,,,,,,,,1,2,1,1.0,3
201400021814,0014-12-10 18:45:00,14,12,10,18,45,280,229,D105,48.46531,1.46445,Nuit sans éclairage public,Hors agglomération,Hors intersection,Pluie légère,Deux véhicules - arrière,,,,,,,,,,,3,1,1,2.0,2
201400021815,0014-04-04 16:50:00,14,4,4,16,50,280,85,"62, BRIAND (RUE ARISTIDE",48.44705,1.52083,Plein jour,En agglomération,Hors intersection,Normale,Autre collision,,,,,,,,,,,1,2,1,1.0,6
201400021816,0014-12-11 08:35:00,14,12,11,8,35,280,229,"88, REPUBLIQUE (rue de L",48.26545,1.28068,Plein jour,En agglomération,Intersection en X,Normale,Autre collision,,,,,,,,,,,1,2,2,1.0,6
201400021817,0014-04-05 23:00:00,14,4,5,23,0,280,110,ROUTE NATIONALE 123,48.41681,1.50479,Nuit avec éclairage allumé,Hors agglomération,Hors intersection,Normale,Sans collision,,,,,,,,,,,5,1,1,1.0,7
201400021818,0014-12-14 15:55:00,14,12,14,15,55,280,218,BEAUCE (RUE DE),48.42846,1.46026,Plein jour,Hors agglomération,Intersection en X,Pluie légère,Deux véhicules - frontale,,,,,,,,,,,1,1,2,2.0,1
201400021819,0014-04-09 21:10:00,14,4,9,21,10,280,209,RN 154,48.48575,1.46747,Nuit sans éclairage public,Hors agglomération,Hors intersection,Normale,Deux véhicules - côté,,,,,,,,,,,3,1,1,1.0,3
201400021820,0014-12-16 07:05:00,14,12,16,7,5,280,85,FRESNAY (RUE DE),48.46665,1.46532,Nuit sans éclairage public,Hors agglomération,Giratoire,Normale,Autre collision,,,,,,,,,,,3,1,6,1.0,6
201400021821,0014-04-11 09:50:00,14,4,11,9,50,280,85,EPARS (PLACE DES),48.44421,1.48359,Plein jour,En agglomération,Giratoire,Normale,Deux véhicules - côté,,,,,,,,,,,1,2,6,1.0,3
201400021822,0014-12-14 07:50:00,14,12,14,7,50,280,85,"01, SAINT MICHEL (RUE)",48.44234,1.48955,Crépuscule ou aube,En agglomération,Hors intersection,Pluie légère,Autre collision,,,,,,,,,,,2,2,1,2.0,6
201400021823,0014-04-12 19:05:00,14,4,12,19,5,280,85,"1, MADELEINE (RUE DE LA)",48.45065,1.5104,Plein jour,En agglomération,Intersection en T,Normale,Trois véhicules et plus - en chaîne,,,,,,,,,,,1,2,3,1.0,4
201400021824,0014-12-17 18:00:00,14,12,17,18,0,280,209,RD 1154,48.48758,1.47054,Nuit sans éclairage public,Hors agglomération,Hors intersection,Pluie légère,Deux véhicules - arrière,,,,,,,,,,,3,1,1,2.0,2
201400021825,0014-04-13 21:40:00,14,4,13,21,40,280,85,"98, FAUBOURG LA GRAPPE (",48.43775,1.504,Nuit avec éclairage allumé,En agglomération,Intersection en T,Normale,Deux véhicules - frontale,,,,,,,,,,,5,2,3,1.0,1
201400021826,0014-12-19 12:43:00,14,12,19,12,43,280,85,"13, EPARS (PLACE DES)",48.44367,1.48377,Plein jour,En agglomération,Giratoire,Normale,Deux véhicules - côté,,,,,,,,,,,1,2,6,1.0,3
201400021827,0014-04-15 16:35:00,14,4,15,16,35,280,85,COMTESSES (IMPASSE ET RU,48.43465,1.48459,Plein jour,En agglomération,Hors intersection,Normale,Deux véhicules - arrière,,,,,,,,,,,1,2,1,1.0,2
201400021828,0014-12-22 16:40:00,14,12,22,16,40,280,218,FOREAU (RUE FRANCOIS),48.43586,1.46125,Plein jour,En agglomération,Intersection en X,Normale,Deux véhicules - côté,,,,,,,,,,,1,2,2,1.0,3
201400021829,0014-04-19 19:30:00,14,4,19,19,30,280,218,"2, PARC (RUE DU)",48.44062,1.4723,Plein jour,En agglomération,Hors intersection,Pluie légère,Deux véhicules - arrière,,,,,,,,,,,1,2,1,2.0,2
201400021830,0014-12-21 20:20:00,14,12,21,20,20,280,85,PROUST (AVENUE MARCEL),48.45122,1.52798,Nuit avec éclairage allumé,En agglomération,Intersection en T,Normale,Deux véhicules - côté,,,,,,,,,,,5,2,3,1.0,3
201400021831,0014-12-22 18:00:00,14,12,22,18,0,280,229,"34, DUNANT (RUE HENRI)",48.26516,1.28048,Nuit avec éclairage allumé,En agglomération,Hors intersection,Normale,Autre collision,,,,,,,,,,,5,2,1,1.0,6
201400021832,0014-05-06 11:50:00,14,5,6,11,50,280,85,CHASLES (BOULEVARD),48.44226,1.48892,Plein jour,En agglomération,Hors intersection,Normale,Autre collision,,,,,,,,,,,1,2,1,1.0,6
201400021833,0014-12-24 11:30:00,14,12,24,11,30,280,220,RIBOUCHES (RUE DES),48.41929,1.46469,Plein jour,Hors agglomération,Hors intersection,Normale,Autre collision,,,,,,,,,,,1,1,1,1.0,6
201400021834,0014-05-06 13:20:00,14,5,6,13,20,280,85,"1, DROUAISE (PLACE)",48.45282,1.48803,Plein jour,En agglomération,Hors intersection,Pluie légère,Sans collision,,,,,,,,,,,1,2,1,2.0,7
201400021835,0014-12-27 17:40:00,14,12,27,17,40,280,85,"41, MAUNOURY (RUE DU DOC",,,Crépuscule ou aube,En agglomération,Autre intersection,Pluie légère,Autre collision,,,,,,,,,,,2,2,9,2.0,6
201400021836,0014-05-07 01:49:00,14,5,7,1,49,280,85,"0, FAUBOURG GUILLAUME (R",48.44699,1.49222,Nuit avec éclairage allumé,En agglomération,Hors intersection,Normale,Autre collision,,,,,,,,,,,5,2,1,1.0,6
201400021837,0014-12-29 13:08:00,14,12,29,13,8,280,229,ANJOU (RUE D'),,,Plein jour,En agglomération,Intersection en T,Normale,Deux véhicules - côté,,,,,,,,,,,1,2,3,1.0,3
201400021838,0014-05-08 09:55:00,14,5,8,9,55,280,229,R.N.1154,48.44493,1.43543,Plein jour,Hors agglomération,Hors intersection,Normale,Sans collision,,,,,,,,,,,1,1,1,1.0,7
201400021839,0014-12-30 08:40:00,14,12,30,8,40,280,85,ARAGO (RUE FRANCOIS),48.43386,1.52006,Plein jour,Hors agglomération,Hors intersection,Autre,Sans collision,,,,,,,,,,,1,1,1,9.0,7
201400021840,0014-05-10 18:40:00,14,5,10,18,40,280,85,", PATTON (RUE DU GENERAL",48.44148,1.4744,Plein jour,En agglomération,Hors intersection,Normale,Deux véhicules - côté,,,,,,,,,,,1,2,1,1.0,3
201400021841,0014-12-30 19:20:00,14,12,30,19,20,280,218,"31, LECLERC (RUE DU MARE",48.43756,1.47247,Nuit avec éclairage allumé,En agglomération,Intersection en T,Normale,Autre collision,,,,,,,,,,,5,2,3,1.0,6
201400021842,0014-05-11 11:50:00,14,5,11,11,50,280,85,BEAUREPAIRE (AVENUE),48.45858,1.48797,Plein jour,En agglomération,Intersection en X,Normale,Deux véhicules - côté,,,,,,,,,,,1,2,2,1.0,3
201400021843,0014-05-13 11:40:00,14,5,13,11,40,280,85,MERMOZ (RUE JEAN),48.44902,1.5028,Plein jour,En agglomération,Intersection en T,Normale,Deux véhicules - côté,,,,,,,,,,,1,2,3,1.0,3
201400021844,0014-05-19 16:55:00,14,5,19,16,55,280,220,AVENUE DE LA REPUBLIQUE,48.41629,1.46417,Plein jour,Hors agglomération,Giratoire,Normale,Deux véhicules - côté,,,,,,,,,,,1,1,6,1.0,3
201400021845,0014-05-23 13:25:00,14,5,23,13,25,280,85,HALLES (PLACE DES),48.44421,1.48769,Plein jour,En agglomération,Autre intersection,Normale,Autre collision,,,,,,,,,,,1,2,9,1.0,6
201400021846,0014-05-23 19:00:00,14,5,23,19,0,280,229,"1.000, RN 1154",48.44633,1.43747,Plein jour,Hors agglomération,Hors intersection,Normale,Trois véhicules et plus - en chaîne,,,,,,,,,,,1,1,1,1.0,4
201400021847,0014-05-25 15:08:00,14,5,25,15,8,280,85,FRANCOIS MITTERAND (rue),48.43686,1.51094,Plein jour,En agglomération,Hors intersection,Normale,Autre collision,,,,,,,,,,,1,2,1,1.0,6
201400021848,0014-05-28 18:15:00,14,5,28,18,15,280,85,"44, CLEMENCEAU (BOULEVAR",48.44669,1.494,Plein jour,En agglomération,Hors intersection,Pluie légère,Sans collision,,,,,,,,,,,1,2,1,2.0,7
201400021849,0014-06-04 19:20:00,14,6,4,19,20,280,229,"1.000, RD24",48.45065,1.4437,Plein jour,Hors agglomération,Intersection en T,Normale,Autre collision,,,,,,,,,,,1,1,3,1.0,6
201400021850,0014-06-06 08:30:00,14,6,6,8,30,280,218,LECLERC (RUE DU MARECHAL,48.43097,1.46386,Plein jour,En agglomération,Intersection en X,Normale,Deux véhicules - côté,,,,,,,,,,,1,2,2,1.0,3
201400021851,0014-06-06 19:40:00,14,6,6,19,40,280,229,D939,,,Plein jour,Hors agglomération,Intersection en T,Normale,Deux véhicules - arrière,,,,,,,,,,,1,1,3,1.0,2
201400021852,0014-06-10 14:00:00,14,6,10,14,0,280,220,"81, LEPINE (fran?ois)",48.42709,1.46316,Plein jour,En agglomération,Giratoire,Normale,Autre collision,,,,,,,,,,,1,2,6,1.0,6
201400021853,0014-06-10 19:10:00,14,6,10,19,10,280,218,"1.000, LECLERC (RUE DU M",48.42507,1.45554,Plein jour,En agglomération,Hors intersection,Normale,Deux véhicules - arrière,,,,,,,,,,,1,2,1,1.0,2
201400021854,0014-06-11 11:25:00,14,6,11,11,25,280,229,"1, RENOIR (RUE AUGUSTE)",48.45348,1.46891,Plein jour,En agglomération,Intersection en T,Normale,Autre collision,,,,,,,,,,,1,2,3,1.0,6
201400021855,0014-06-13 13:30:00,14,6,13,13,30,280,85,MORARD (PLACE),48.44522,1.49653,Plein jour,En agglomération,Place,Normale,Deux véhicules - arrière,,,,,,,,,,,1,2,7,1.0,2
201400021856,0014-06-14 14:50:00,14,6,14,14,50,280,110,RN 123 (ROCADE),48.4214,1.51117,Plein jour,En agglomération,Hors intersection,Normale,Trois véhicules et plus - en chaîne,,,,,,,,,,,1,2,1,1.0,4
201400021857,0014-06-20 23:50:00,14,6,20,23,50,280,85,"30, SAINT PIERRE (RUE)",48.44469,1.49173,Nuit avec éclairage allumé,En agglomération,Hors intersection,Normale,Deux véhicules - arrière,,,,,,,,,,,5,2,1,1.0,2
201400021858,0014-06-22 20:35:00,14,6,22,20,35,280,229,MARCHE (PLACE DU),48.45099,1.46288,Plein jour,En agglomération,Hors intersection,Normale,Autre collision,,,,,,,,,,,1,2,1,1.0,6
201400021859,0014-06-21 17:50:00,14,6,21,17,50,280,85,"36, ALLONNES (RUE D')",48.4339,1.50775,Plein jour,En agglomération,Hors intersection,Normale,Deux véhicules - côté,,,,,,,,,,,1,2,1,1.0,3
201400021860,0014-06-27 08:25:00,14,6,27,8,25,280,229,"33, COUBERTIN (RUE PIERR",48.44701,1.46899,Plein jour,En agglomération,Hors intersection,Normale,Deux véhicules - arrière,,,,,,,,,,,1,2,1,1.0,2
201400021861,0014-06-28 19:45:00,14,6,28,19,45,280,85,BOURGNEUF (RUE DU),48.46051,1.48301,Plein jour,En agglomération,Hors intersection,Pluie légère,Deux véhicules - arrière,,,,,,,,,,,1,2,1,2.0,2
201400021862,0014-07-06 20:45:00,14,7,6,20,45,280,85,"20, RENOUARD SAINT LOUP",48.43884,1.4885,Plein jour,En agglomération,Hors intersection,Normale,Trois véhicules et plus - en chaîne,,,,,,,,,,,1,2,1,1.0,4
201400021863,0014-07-08 21:45:00,14,7,8,21,45,280,209,"52, LONGSAULT(RUE)",48.46882,1.49064,Crépuscule ou aube,En agglomération,Hors intersection,Pluie forte,Autre collision,,,,,,,,,,,2,2,1,3.0,6
201400021864,0014-07-16 14:55:00,14,7,16,14,55,280,85,RESERVOIRS (RUE - IMPASS,48.43693,1.48967,Plein jour,En agglomération,Intersection en X,Normale,Deux véhicules - côté,,,,,,,,,,,1,2,2,1.0,3
201400021865,0014-07-17 18:40:00,14,7,17,18,40,280,218,"61 BIS, REPUBLIQUE (RUE",48.43949,1.46153,Plein jour,En agglomération,Hors intersection,Normale,Deux véhicules - côté,,,,,,,,,,,1,2,1,1.0,3
201400021866,0014-07-18 17:35:00,14,7,18,17,35,280,85,"1, PROUST (AVENUE MARCEL",48.4521,1.52685,Plein jour,En agglomération,Autre intersection,Normale,Deux véhicules - côté,,,,,,,,,,,1,2,9,1.0,3
201400021867,0014-07-17 16:05:00,14,7,17,16,5,280,218,"10, ARCADES (PLACE DES)",48.4364,1.44722,Plein jour,En agglomération,Hors intersection,Normale,Autre collision,,,,,,,,,,,1,2,1,1.0,6
201400021868,0014-07-21 17:20:00,14,7,21,17,20,280,85,VIEUX CAPUCINS (rue des),48.438,1.48853,Plein jour,En agglomération,Giratoire,Normale,Deux véhicules - côté,,,,,,,,,,,1,2,6,1.0,3
201400021869,0014-07-23 16:10:00,14,7,23,16,10,280,209,"1.000, HOCHE ALLARD (rue",48.47023,1.48027,Plein jour,En agglomération,Hors intersection,Normale,Deux véhicules - côté,,,,,,,,,,,1,2,1,1.0,3
201400021870,0014-07-24 14:35:00,14,7,24,14,35,280,85,HUGO (AVENUE VICTOR),48.44665,1.53485,Plein jour,Hors agglomération,Hors intersection,Normale,Autre collision,,,,,,,,,,,1,1,1,1.0,6
201400021871,0014-07-24 16:50:00,14,7,24,16,50,280,209,"1, Mousseau (Rue du)",48.48849,1.4481,Plein jour,Hors agglomération,Hors intersection,Normale,Autre collision,,,,,,,,,,,1,1,1,1.0,6
201400021872,0014-07-25 17:40:00,14,7,25,17,40,280,85,"8, CHANZY (RUE ET ROND P",48.4374,1.48465,Plein jour,En agglomération,Intersection en X,Normale,Deux véhicules - côté,,,,,,,,,,,1,2,2,1.0,3
201400021873,0014-07-29 13:25:00,14,7,29,13,25,280,85,VIOLETTE (BOULEVARD MAUR,48.44544,1.48355,Plein jour,En agglomération,Hors intersection,Normale,Autre collision,,,,,,,,,,,1,2,1,1.0,6
201400021874,0014-08-06 14:35:00,14,8,6,14,35,280,218,"113, REPUBLIQUE (AVENUE",48.43866,1.45656,Plein jour,En agglomération,Hors intersection,Temps couvert,Sans collision,,,,,,,,,,,1,2,1,8.0,7
201400021875,0014-08-07 18:25:00,14,8,7,18,25,280,85,"44, FOCH (BOULEVARD DU M",48.45014,1.49186,Plein jour,En agglomération,Hors intersection,Pluie légère,Sans collision,,,,,,,,,,,1,2,1,2.0,7
201400021876,0014-08-09 19:00:00,14,8,9,19,0,280,229,"45, LIBERATION (RUE DE L",48.454,1.4589,Plein jour,En agglomération,Hors intersection,Normale,Autre collision,,,,,,,,,,,1,2,1,1.0,6
201400021877,0014-08-10 11:30:00,14,8,10,11,30,280,218,"59, REPUBLIQUE (RUE DE L",48.43957,1.46202,Plein jour,En agglomération,Hors intersection,Pluie légère,Deux véhicules - côté,,,,,,,,,,,1,2,1,2.0,3
201400021878,0014-08-16 12:30:00,14,8,16,12,30,280,220,"23, AVENUE DE LA REPUBLI",48.42722,1.47268,Plein jour,En agglomération,Autre intersection,Normale,Deux véhicules - frontale,,,,,,,,,,,1,2,9,1.0,1
201400021879,0014-08-10 01:45:00,14,8,10,1,45,280,85,"3, ANE REZ (RUE DE L')",48.44427,1.49328,Nuit avec éclairage allumé,En agglomération,Hors intersection,Pluie légère,Autre collision,,,,,,,,,,,5,2,1,2.0,6
201400021880,0014-08-23 20:20:00,14,8,23,20,20,280,85,"97, MAUNOURY (RUE DU DOC",48.43969,1.4821,Plein jour,En agglomération,Hors intersection,Normale,Deux véhicules - côté,,,,,,,,,,,1,2,1,1.0,3
201400021881,0014-08-29 17:30:00,14,8,29,17,30,280,110,RN 123 (ROCADE),48.41549,1.49243,Plein jour,Hors agglomération,Hors intersection,Normale,Deux véhicules - arrière,,,,,,,,,,,1,1,1,1.0,2
201400021882,0014-09-02 12:50:00,14,9,2,12,50,280,85,"1, NICOLE (RUE)",48.44766,1.4813,Plein jour,En agglomération,Passage à niveau,Normale,Autre collision,,,,,,,,,,,1,2,8,1.0,6
201400021883,0014-09-03 22:20:00,14,9,3,22,20,280,229,RD24,48.451,1.44296,Nuit sans éclairage public,Hors agglomération,Hors intersection,Normale,Autre collision,,,,,,,,,,,3,1,1,1.0,6
201400021884,0014-09-04 08:20:00,14,9,4,8,20,280,85,"33, FAUBOURG LA GRAPPE (",48.44324,1.49905,Plein jour,En agglomération,Hors intersection,Normale,Sans collision,,,,,,,,,,,1,2,1,1.0,7
201400021885,0014-09-04 20:40:00,14,9,4,20,40,280,85,"56, COURTILLE (BOULEVARD",48.44457,1.49626,Nuit avec éclairage allumé,En agglomération,Hors intersection,Normale,Autre collision,,,,,,,,,,,5,2,1,1.0,6
201400021886,0014-09-05 08:20:00,14,9,5,8,20,280,85,"46, MAUNOURY (RUE DU DOC",48.44091,1.48264,Plein jour,En agglomération,Hors intersection,Temps couvert,Deux véhicules - côté,,,,,,,,,,,1,2,1,8.0,3
201400021887,0014-09-05 12:25:00,14,9,5,12,25,280,85,GILBERT (RUE VICTOR),48.44026,1.49113,Plein jour,En agglomération,Intersection en T,Temps couvert,Autre collision,,,,,,,,,,,1,2,3,8.0,6
201400021888,0014-09-05 16:15:00,14,9,5,16,15,280,85,"46, ORLEANS (AVENUE D')",48.43076,1.51068,Plein jour,En agglomération,Intersection en T,Normale,Deux véhicules - côté,,,,,,,,,,,1,2,3,1.0,3
201400021889,0014-09-06 11:20:00,14,9,6,11,20,280,85,"14, PERRIERS (RUE DES)",48.43457,1.49205,Plein jour,En agglomération,Hors intersection,Normale,Sans collision,,,,,,,,,,,1,2,1,1.0,7
201400021890,0014-09-08 12:30:00,14,9,8,12,30,280,229,D121.5,48.46591,1.44065,Plein jour,Hors agglomération,Hors intersection,Normale,Sans collision,,,,,,,,,,,1,1,1,1.0,7
201400021891,0014-09-09 19:40:00,14,9,9,19,40,280,85,"98, FAUBOURG LA GRAPPE (",48.43792,1.50391,Plein jour,En agglomération,Hors intersection,Normale,Deux véhicules - arrière,,,,,,,,,,,1,2,1,1.0,2
201400021892,0014-09-07 07:00:00,14,9,7,7,0,280,85,"10, FOCH (BOULEVARD DU M",48.44756,1.4934,Crépuscule ou aube,En agglomération,Intersection en X,Normale,Autre collision,,,,,,,,,,,2,2,2,1.0,6
201400021893,0014-09-12 20:10:00,14,9,12,20,10,280,85,FAUBOURG LA GRAPPE (RUE,,,Crépuscule ou aube,En agglomération,Hors intersection,Normale,Autre collision,,,,,,,,,,,2,2,1,1.0,6
201400021894,0014-09-14 21:30:00,14,9,14,21,30,280,85,"68, SOUVENIR FRANCAIS (R",48.44402,1.50431,Nuit avec éclairage allumé,En agglomération,Hors intersection,Normale,Autre collision,,,,,,,,,,,5,2,1,1.0,6
201400021895,0014-09-13 16:55:00,14,9,13,16,55,280,85,ARAGO (RUE FRANCOIS),48.43212,1.51893,Plein jour,En agglomération,Hors intersection,Normale,Trois véhicules et plus - collisions multiples,,,,,,,,,,,1,2,1,1.0,5
201400021896,0014-09-12 18:30:00,14,9,12,18,30,280,85,SAINT BRICE (RUE),48.43383,1.49297,Plein jour,En agglomération,Hors intersection,Normale,Deux véhicules - côté,,,,,,,,,,,1,2,1,1.0,3
201400021897,0014-02-24 17:45:00,14,2,24,17,45,420,232,PLACE VERDUN,46.06698,3.91447,Plein jour,En agglomération,Hors intersection,Normale,Sans collision,,,,,,,,,,,1,2,1,1.0,7
201400021898,0014-09-28 13:00:00,14,9,28,13,0,420,49,,46.14676,3.90029,Plein jour,Hors agglomération,Hors intersection,Normale,Autre collision,,,,,,,,,,,1,1,1,1.0,6
201400021899,0014-02-20 11:15:00,14,2,20,11,15,420,220,,46.12465,3.93131,Plein jour,Hors agglomération,Intersection en X,Normale,Deux véhicules - côté,,,,,,,,,,,1,1,2,1.0,3
201400021900,0014-05-10 18:00:00,14,5,10,18,0,420,3,Le Moulin Juste,46.08989,3.90503,Plein jour,Hors agglomération,Hors intersection,Normale,Sans collision,,,,,,,,,,,1,1,1,1.0,7
201400021901,0014-05-27 11:00:00,14,5,27,11,0,420,232,,46.06385,3.92452,Plein jour,Hors agglomération,Hors intersection,Normale,Deux véhicules - côté,,,,,,,,,,,1,1,1,1.0,3
201400021902,0014-05-30 16:15:00,14,5,30,16,15,420,257,,46.20358,3.80466,Plein jour,Hors agglomération,Hors intersection,Temps éblouissant,Deux véhicules - frontale,,,,,,,,,,,1,1,1,7.0,1
201400021903,0014-07-07 09:30:00,14,7,7,9,30,420,49,,46.1404,3.89975,Plein jour,Hors agglomération,Hors intersection,Pluie légère,Autre collision,,,,,,,,,,,1,1,1,2.0,6
201400021904,0014-07-09 13:45:00,14,7,9,13,45,420,182,,46.05571,3.90586,Plein jour,Hors agglomération,Hors intersection,Pluie légère,Autre collision,,,,,,,,,,,1,1,1,2.0,6
201400021905,0014-07-15 09:30:00,14,7,15,9,30,420,233,,46.06707,3.92185,Plein jour,En agglomération,Intersection en X,Normale,Trois véhicules et plus - collisions multiples,,,,,,,,,,,1,2,2,1.0,5
201400021906,0014-09-06 16:30:00,14,9,6,16,30,420,253,Chemin des Saules,46.03651,4.0026,Plein jour,En agglomération,Hors intersection,Temps éblouissant,Deux véhicules - frontale,,,,,,,,,,,1,2,1,7.0,1
201400021907,0014-09-08 08:15:00,14,9,8,8,15,420,182,,46.04053,3.86832,Crépuscule ou aube,Hors agglomération,Hors intersection,Normale,Sans collision,,,,,,,,,,,2,1,1,1.0,7
201400021908,0014-09-11 12:15:00,14,9,11,12,15,420,49,,46.1383,3.89437,Plein jour,Hors agglomération,Intersection en X,Temps éblouissant,Deux véhicules - côté,,,,,,,,,,,1,1,2,7.0,3
201400021909,0014-10-08 18:45:00,14,10,8,18,45,420,253,592 route de rensaison,46.04267,4.00126,Crépuscule ou aube,En agglomération,Hors intersection,Normale,Deux véhicules - côté,,,,,,,,,,,2,2,1,1.0,3
201400021910,0014-10-08 13:15:00,14,10,8,13,15,420,3,,46.12108,3.89861,Plein jour,Hors agglomération,Hors intersection,Normale,Autre collision,,,,,,,,,,,1,1,1,1.0,6
201400021911,0014-12-09 12:15:00,14,12,9,12,15,420,253,,46.03613,4.01196,Plein jour,Hors agglomération,Hors intersection,Normale,Autre collision,,,,,,,,,,,1,1,1,1.0,6
201400021912,0014-12-26 12:30:00,14,12,26,12,30,420,220,,46.12503,3.93061,Plein jour,Hors agglomération,Hors intersection,Temps couvert,Trois véhicules et plus - collisions multiples,,,,,,,,,,,1,1,1,8.0,5
201400021913,0014-01-03 13:30:00,14,1,3,13,30,280,134,"17, VIEUX PRE (PLACE DU)",,,Plein jour,En agglomération,Hors intersection,Normale,Deux véhicules - arrière,,,,,,,,,,,1,2,1,1.0,2
201400021914,0014-09-30 09:45:00,14,9,30,9,45,280,404,RN 154,48.70884,1.36986,Plein jour,Hors agglomération,Hors intersection,Normale,Deux véhicules - arrière,,,,,,,,,,,1,1,1,1.0,2
201400021915,0014-01-09 16:40:00,14,1,9,16,40,280,134,"2, FENOTS (AVENUE DES)",,,Plein jour,En agglomération,Hors intersection,Normale,Autre collision,,,,,,,,,,,1,2,1,1.0,6
201400021916,0014-10-05 20:15:00,14,10,5,20,15,280,404,BREZOLLES (ROUTE DE),,,Nuit avec éclairage allumé,En agglomération,Hors intersection,Normale,Deux véhicules - arrière,,,,,,,,,,,5,2,1,1.0,2
201400021917,0014-10-09 19:20:00,14,10,9,19,20,280,134,"91, NUISEMENT (RUE DE)",48.71894,1.37526,Crépuscule ou aube,En agglomération,Hors intersection,Normale,Deux véhicules - côté,,,,,,,,,,,2,2,1,1.0,3
201400021918,0014-02-03 08:20:00,14,2,3,8,20,280,404,DE GAULLE (ROND POINT CH,48.71193,1.35995,Plein jour,En agglomération,Intersection en X,Normale,Autre collision,,,,,,,,,,,1,2,2,1.0,6
201400021919,0014-11-07 10:55:00,14,11,7,10,55,780,643,"75, BUREAU (RUE SUZANNE)",,,Plein jour,En agglomération,Hors intersection,Normale,Deux véhicules - frontale,,,,,,,,,,,1,2,1,1.0,1
201400021920,0014-02-06 06:50:00,14,2,6,6,50,280,134,"31, DUNANT (RUE HENRI)",48.73753,1.39348,Crépuscule ou aube,En agglomération,Hors intersection,Normale,Autre collision,,,,,,,,,,,2,2,1,1.0,6
201400021921,0014-11-08 18:00:00,14,11,8,18,0,280,134,"24, LIVRAINDIERES (RUE D",48.74838,1.36097,Nuit avec éclairage allumé,En agglomération,Hors intersection,Normale,Deux véhicules - côté,,,,,,,,,,,5,2,1,1.0,3
201400021922,0014-11-21 18:35:00,14,11,21,18,35,280,134,"17, MARCEAU (AVENUE DU G",48.72578,1.36629,Nuit avec éclairage allumé,En agglomération,Hors intersection,Normale,Autre collision,,,,,,,,,,,5,2,1,1.0,6
201400021923,0014-03-11 18:15:00,14,3,11,18,15,280,134,"72, SAINT THIBAULT (RUE)",,,Plein jour,En agglomération,Giratoire,Normale,Deux véhicules - arrière,,,,,,,,,,,1,2,6,1.0,2
201400021924,0014-12-03 16:00:00,14,12,3,16,0,280,134,MARCEAU (AVENUE DU GENER,48.72428,1.36607,Plein jour,En agglomération,Intersection en T,Normale,Deux véhicules - côté,,,,,,,,,,,1,2,3,1.0,3
201400021925,0014-03-20 20:05:00,14,3,20,20,5,280,134,POTEZ (RUE HENRY),48.75059,1.36091,Crépuscule ou aube,En agglomération,Intersection en T,Normale,Deux véhicules - côté,,,,,,,,,,,2,2,3,1.0,3
201400021926,0014-12-28 11:50:00,14,12,28,11,50,280,134,ISAACS (RUE SAM),48.74665,1.38291,Plein jour,En agglomération,Hors intersection,Normale,Deux véhicules - frontale,,,,,,,,,,,1,2,1,1.0,1
201400021927,0014-03-23 06:40:00,14,3,23,6,40,280,404,LIBERTE (AVENUE DE LA),48.72947,1.32677,Plein jour,En agglomération,Hors intersection,Normale,Sans collision,,,,,,,,,,,1,2,1,1.0,7
201400021928,0014-03-29 23:50:00,14,3,29,23,50,280,404,RN 154,48.70474,1.37218,Nuit sans éclairage public,Hors agglomération,Hors intersection,Normale,Deux véhicules - côté,,,,,,,,,,,3,1,1,1.0,3
201400021929,0014-03-30 05:45:00,14,3,30,5,45,280,134,RN 12 (CARREFOUR DELISLE,48.74598,1.36838,Nuit avec éclairage allumé,En agglomération,Hors intersection,Normale,Deux véhicules - côté,,,,,,,,,,,5,2,1,1.0,3
201400021930,0014-04-04 06:35:00,14,4,4,6,35,280,134,RN 12 (DESCENTE ET PONT,48.74648,1.38101,Nuit sans éclairage public,Hors agglomération,Hors intersection,Normale,Deux véhicules - frontale,,,,,,,,,,,3,1,1,1.0,1
201400021931,0014-04-07 13:55:00,14,4,7,13,55,280,134,"18, EUROPE (BOULEVARD DE",48.73967,1.34588,Plein jour,En agglomération,Hors intersection,Normale,Autre collision,,,,,,,,,,,1,2,1,1.0,6
201400021932,0014-04-07 12:30:00,14,4,7,12,30,280,134,"73, HAUTS BUISSONS (RUE",48.75366,1.33126,Plein jour,En agglomération,Hors intersection,Normale,Deux véhicules - arrière,,,,,,,,,,,1,2,1,1.0,2
201400021933,0014-04-09 17:25:00,14,4,9,17,25,280,134,"0, SAINT THIBAULT (RUE)",48.73333,1.34713,Plein jour,En agglomération,Passage à niveau,Normale,Deux véhicules - côté,,,,,,,,,,,1,2,8,1.0,3
201400021934,0014-05-07 14:45:00,14,5,7,14,45,280,134,"0, EPARGES (RUE DES)",48.7324,1.37174,Plein jour,En agglomération,Hors intersection,Normale,Trois véhicules et plus - collisions multiples,,,,,,,,,,,1,2,1,1.0,5