accident_id,datetime,annee,mois,jour,heure,minute,departement,commune_insee,adresse,latitude,longitude,luminosite,agglomeration,intersection,meteo,collision,nb_vehicules,nb_usagers,nb_indemnes,nb_tues,nb_blesses_hosp,nb_blesses_legers,age_cond_1,age_cond_2,veh_type_cond_1,veh_type_cond_2,lum_code,agg_code,int_code,atm_code,col_code
201400021935,0014-05-07 18:30:00,14,5,7,18,30,280,134,"7, VERNOUILLET (RUE DE)",48.73078,1.36409,Plein jour,En agglomération,Hors intersection,Normale,Deux véhicules - arrière,,,,,,,,,,,1,2,1,1.0,2
201400021936,0014-05-19 14:45:00,14,5,19,14,45,280,134,"124, SAINT THIBAULT (RUE",48.73332,1.35516,Plein jour,En agglomération,Hors intersection,Normale,Deux véhicules - arrière,,,,,,,,,,,1,2,1,1.0,2
201400021937,0014-05-23 05:30:00,14,5,23,5,30,280,134,"111, RN 12 (ARCHE DU GAZ",48.74291,1.33761,Crépuscule ou aube,En agglomération,Autre intersection,Normale,Deux véhicules - côté,,,,,,,,,,,2,2,9,1.0,3
201400021938,0014-06-03 12:00:00,14,6,3,12,0,280,404,DE GAULLE (ROND POINT CH,48.71187,1.36035,Plein jour,En agglomération,Giratoire,Normale,Deux véhicules - côté,,,,,,,,,,,1,2,6,1.0,3
201400021939,0014-06-06 14:10:00,14,6,6,14,10,280,134,"0, HARICOT (RUE LEON)",48.73238,1.3807,Plein jour,En agglomération,Hors intersection,Normale,Autre collision,,,,,,,,,,,1,2,1,1.0,6
201400021940,0014-06-13 12:50:00,14,6,13,12,50,280,134,"70, SAINT THIBAULT (RUE)",48.73469,1.36001,Plein jour,En agglomération,Hors intersection,Normale,Autre collision,,,,,,,,,,,1,2,1,1.0,6
201400021941,0014-06-17 08:00:00,14,6,17,8,0,280,134,RN 12 (CARREFOUR DELISLE,48.74541,1.39172,Plein jour,Hors agglomération,Hors intersection,Normale,Deux véhicules - côté,,,,,,,,,,,1,1,1,1.0,3
201400021942,0014-06-18 12:00:00,14,6,18,12,0,280,404,FRANCOIS MITTERAND (AVE),48.70916,1.35803,Plein jour,En agglomération,Intersection en X,Normale,Deux véhicules - côté,,,,,,,,,,,1,2,2,1.0,3
201400021943,0014-06-21 16:20:00,14,6,21,16,20,280,134,", GARENNE (RUE DE LA)",48.75842,1.35652,Plein jour,En agglomération,Hors intersection,Normale,Deux véhicules - côté,,,,,,,,,,,1,2,1,1.0,3
201400021944,0014-06-22 18:00:00,14,6,22,18,0,280,134,"40, KENNEDY (AVENUE DU P",48.73045,1.37912,Plein jour,En agglomération,Hors intersection,Normale,Autre collision,,,,,,,,,,,1,2,1,1.0,6
201400021945,0014-07-04 06:55:00,14,7,4,6,55,280,134,GAULTS (RUE DES),48.73648,1.37218,Plein jour,En agglomération,Intersection en X,Normale,Deux véhicules - côté,,,,,,,,,,,1,2,2,1.0,3
201400021946,0014-07-07 17:45:00,14,7,7,17,45,280,404,"55, CHARTRES (AVE DE)",48.71598,1.36735,Plein jour,En agglomération,Hors intersection,Normale,Deux véhicules - côté,,,,,,,,,,,1,2,1,1.0,3
201400021947,0014-07-17 12:50:00,14,7,17,12,50,280,134,"2, ROND POINT DES BATES",48.73755,1.35712,Plein jour,En agglomération,Giratoire,Normale,Deux véhicules - côté,,,,,,,,,,,1,2,6,1.0,3
201400021948,0014-07-21 13:10:00,14,7,21,13,10,280,134,"33, DUNANT (RUE HENRI)",48.73746,1.39291,Plein jour,En agglomération,Hors intersection,Normale,Sans collision,,,,,,,,,,,1,2,1,1.0,7
201400021949,0014-07-23 12:30:00,14,7,23,12,30,280,134,"2, MELSUNGEN  (AVENUE DE",48.73063,1.36517,Plein jour,En agglomération,Hors intersection,Normale,Autre collision,,,,,,,,,,,1,2,1,1.0,6
201400021950,0014-08-01 18:50:00,14,8,1,18,50,280,404,RN 154,48.72091,1.38357,Plein jour,Hors agglomération,Hors intersection,Normale,Deux véhicules - côté,,,,,,,,,,,1,1,1,1.0,3
201400021951,0014-08-08 22:05:00,14,8,8,22,5,280,404,RN 154,48.7005,1.37453,Nuit sans éclairage public,Hors agglomération,Hors intersection,Pluie légère,Sans collision,,,,,,,,,,,3,1,1,2.0,7
201400021952,0014-09-04 01:10:00,14,9,4,1,10,280,134,"31, FENOTS (AVENUE DES)",48.74032,1.34902,Nuit avec éclairage allumé,En agglomération,Hors intersection,Normale,Deux véhicules - arrière,,,,,,,,,,,5,2,1,1.0,2
201400021953,0014-09-05 12:40:00,14,9,5,12,40,280,134,"0, PASTEUR (BOULEVARD)",48.73452,1.37612,Plein jour,En agglomération,Hors intersection,Normale,Deux véhicules - frontale,,,,,,,,,,,1,2,1,1.0,1
201400021954,0014-09-15 16:55:00,14,9,15,16,55,280,134,"34, SAINT THIBAULT (RUE)",48.73589,1.36169,Plein jour,En agglomération,Hors intersection,Normale,Autre collision,,,,,,,,,,,1,2,1,1.0,6
201400021955,0014-01-09 18:45:00,14,1,9,18,45,710,512,,,,Nuit sans éclairage public,Hors agglomération,Hors intersection,Normale,Trois véhicules et plus - collisions multiples,,,,,,,,,,,3,1,1,1.0,5
201400021956,0014-03-13 01:15:00,14,3,13,1,15,710,52,,,,Nuit sans éclairage public,Hors agglomération,Autre intersection,Normale,Deux véhicules - arrière,,,,,,,,,,,3,1,9,1.0,2
201400021957,0014-06-02 11:30:00,14,6,2,11,30,710,520,,,,Plein jour,Hors agglomération,Hors intersection,Normale,Autre collision,,,,,,,,,,,1,1,1,1.0,6
201400021958,0014-06-15 20:15:00,14,6,15,20,15,710,475,,,,Plein jour,Hors agglomération,Hors intersection,Normale,Autre collision,,,,,,,,,,,1,1,1,1.0,6
201400021959,0014-09-08 08:00:00,14,9,8,8,0,710,202,,,,Plein jour,Hors agglomération,Hors intersection,Normale,Deux véhicules - arrière,,,,,,,,,,,1,1,1,1.0,2
201400021960,0014-10-13 09:30:00,14,10,13,9,30,710,512,,,,Plein jour,Hors agglomération,Hors intersection,Normale,Deux véhicules - arrière,,,,,,,,,,,1,1,1,1.0,2
201400021961,0014-12-05 09:30:00,14,12,5,9,30,950,527,RD 317,49.0072,2.4901,Plein jour,Hors agglomération,Hors intersection,Pluie légère,Deux véhicules - arrière,,,,,,,,,,,1,1,1,2.0,2
201400021962,0014-02-27 07:45:00,14,2,27,7,45,140,347,,49.0312,-0.73278,Crépuscule ou aube,Hors agglomération,Intersection en X,Pluie forte,Deux véhicules - côté,,,,,,,,,,,2,1,2,3.0,3
201400021963,0014-07-06 08:45:00,14,7,6,8,45,140,129,,48.9637,-0.9392,Plein jour,Hors agglomération,Hors intersection,Pluie légère,Autre collision,,,,,,,,,,,1,1,1,2.0,6
201400021964,0014-09-06 21:15:00,14,9,6,21,15,140,347,RD 107 / RD 577 JURQUES,49.0312,-0.73278,Nuit sans éclairage public,Hors agglomération,Intersection en X,Normale,Deux véhicules - côté,,,,,,,,,,,3,1,2,1.0,3
201400021965,0014-09-21 19:40:00,14,9,21,19,40,140,532,LE MESNIL LE RECULEY,48.8999,-0.83877,Crépuscule ou aube,Hors agglomération,Hors intersection,Normale,Deux véhicules - frontale,,,,,,,,,,,2,1,1,1.0,1
201400021966,0014-02-01 07:45:00,14,2,1,7,45,220,188,,48.52583,-2.89437,Plein jour,Hors agglomération,Hors intersection,Temps éblouissant,Deux véhicules - arrière,,,,,,,,,,,1,1,1,7.0,2
201400021967,0014-02-20 11:15:00,14,2,20,11,15,220,67,,48.54909,-3.16294,Plein jour,Hors agglomération,Hors intersection,Normale,Autre collision,,,,,,,,,,,1,1,1,1.0,6
201400021968,0014-02-27 11:15:00,14,2,27,11,15,220,135,,48.56737,-3.31058,Plein jour,Hors agglomération,Hors intersection,Neige / grêle,Sans collision,,,,,,,,,,,1,1,1,4.0,7
201400021969,0014-03-28 15:30:00,14,3,28,15,30,220,4,,48.61765,-3.29226,Plein jour,Hors agglomération,Hors intersection,Pluie forte,Sans collision,,,,,,,,,,,1,1,1,3.0,7
201400021970,0014-04-02 17:00:00,14,4,2,17,0,220,5,,48.55103,-3.39099,Plein jour,Hors agglomération,Hors intersection,Normale,Autre collision,,,,,,,,,,,1,1,1,1.0,6
201400021971,0014-04-16 14:00:00,14,4,16,14,0,220,304,,48.53612,-3.03524,Plein jour,Hors agglomération,Hors intersection,Normale,Sans collision,,,,,,,,,,,1,1,1,1.0,7
201400021972,0014-05-03 23:00:00,14,5,3,23,0,220,225,belle vue PAS DOSSIER,48.55235,-3.12955,Nuit sans éclairage public,Hors agglomération,Autre intersection,Normale,Autre collision,,,,,,,,,,,3,1,9,1.0,6
201400021973,0014-05-24 14:00:00,14,5,24,14,0,220,182,LA BRAGUETTE,48.53132,-2.9358,Plein jour,Hors agglomération,Hors intersection,Temps couvert,Sans collision,,,,,,,,,,,1,1,1,8.0,7
201400021974,0014-08-06 13:15:00,14,8,6,13,15,220,225,,48.55208,-3.11796,Plein jour,Hors agglomération,Hors intersection,Normale,Sans collision,,,,,,,,,,,1,1,1,1.0,7
201400021975,0014-09-13 20:30:00,14,9,13,20,30,220,251,,48.5349,-2.85016,Crépuscule ou aube,Hors agglomération,Hors intersection,Normale,Autre collision,,,,,,,,,,,2,1,1,1.0,6
201400021976,0014-09-24 14:00:00,14,9,24,14,0,220,225,,48.5516,-3.13356,Plein jour,Hors agglomération,Hors intersection,Normale,Autre collision,,,,,,,,,,,1,1,1,1.0,6
201400021977,0014-12-03 18:30:00,14,12,3,18,30,220,225,,48.54361,-3.08338,Nuit sans éclairage public,Hors agglomération,Intersection en Y,Pluie légère,Trois véhicules et plus - en chaîne,,,,,,,,,,,3,1,4,2.0,4
201400021978,0014-12-31 08:30:00,14,12,31,8,30,220,372,,48.52241,-2.87348,Plein jour,Hors agglomération,Hors intersection,Autre,Autre collision,,,,,,,,,,,1,1,1,9.0,6
201400021979,0014-02-03 08:45:00,14,2,3,8,45,220,341,pas dossier geo,48.39369,-2.39876,Plein jour,Hors agglomération,Hors intersection,Normale,Autre collision,,,,,,,,,,,1,1,1,1.0,6
201400021980,0014-02-27 10:00:00,14,2,27,10,0,220,44,Les Landes,48.47586,-2.58151,Plein jour,Hors agglomération,Hors intersection,Normale,Trois véhicules et plus - en chaîne,,,,,,,,,,,1,1,1,1.0,4
201400021981,0014-03-01 12:30:00,14,3,1,12,30,220,193,,48.4202,-2.43884,Plein jour,Hors agglomération,Autre intersection,Normale,Autre collision,,,,,,,,,,,1,1,9,1.0,6
201400021982,0014-03-31 11:15:00,14,3,31,11,15,220,327,,48.48502,-2.04179,Plein jour,Hors agglomération,Hors intersection,Normale,Sans collision,,,,,,,,,,,1,1,1,1.0,7
201400021983,0014-06-04 04:15:00,14,6,4,4,15,220,259,,48.45833,-2.07595,Nuit sans éclairage public,Hors agglomération,Hors intersection,Pluie légère,Sans collision,,,,,,,,,,,3,1,1,2.0,7
201400021984,0014-06-21 17:45:00,14,6,21,17,45,220,185,PAS DOSSIER GEO,48.42621,-2.45758,Plein jour,Hors agglomération,Hors intersection,Normale,Autre collision,,,,,,,,,,,1,1,1,1.0,6
201400021985,0014-06-30 13:30:00,14,6,30,13,30,220,93,,48.46745,-2.54884,Plein jour,Hors agglomération,Hors intersection,Normale,Trois véhicules et plus - collisions multiples,,,,,,,,,,,1,1,1,1.0,5
201400021986,0014-07-06 00:30:00,14,7,6,0,30,220,193,,48.42354,-2.45327,Nuit sans éclairage public,Hors agglomération,Hors intersection,Pluie forte,Autre collision,,,,,,,,,,,3,1,1,3.0,6
201400021987,0014-07-15 14:15:00,14,7,15,14,15,220,213,,48.5349,-2.01152,Plein jour,Hors agglomération,Hors intersection,Normale,Autre collision,,,,,,,,,,,1,1,1,1.0,6
201400021988,0014-07-28 10:45:00,14,7,28,10,45,220,193,,48.42245,-2.45181,Plein jour,Hors agglomération,Hors intersection,Normale,Sans collision,,,,,,,,,,,1,1,1,1.0,7
201400021989,0014-07-20 17:15:00,14,7,20,17,15,220,337,,48.35346,-2.30263,Plein jour,Hors agglomération,Hors intersection,Normale,Autre collision,,,,,,,,,,,1,1,1,1.0,6
201400021990,0014-08-08 22:15:00,14,8,8,22,15,220,20,,48.29287,-2.2173,Plein jour,Hors agglomération,Hors intersection,Normale,Autre collision,,,,,,,,,,,1,1,1,1.0,6
201400021991,0014-10-28 07:20:00,14,10,28,7,20,220,339,,48.47083,-2.05481,Nuit sans éclairage public,Hors agglomération,Hors intersection,Brouillard / fumée,Autre collision,,,,,,,,,,,3,1,1,5.0,6
201400021992,0014-11-05 08:45:00,14,11,5,8,45,220,93,La Ville es Lan,48.46662,-2.54734,Plein jour,Hors agglomération,Hors intersection,Pluie forte,Trois véhicules et plus - en chaîne,,,,,,,,,,,1,1,1,3.0,4
201400021993,0014-11-23 05:00:00,14,11,23,5,0,220,97,la tombe,48.42739,-2.1755,Nuit sans éclairage public,Hors agglomération,Hors intersection,Pluie forte,Autre collision,,,,,,,,,,,3,1,1,3.0,6
201400021994,0014-12-08 09:45:00,14,12,8,9,45,220,93,,48.46114,-2.5386,Plein jour,Hors agglomération,Hors intersection,Normale,Sans collision,,,,,,,,,,,1,1,1,1.0,7
201400021995,0014-12-09 04:30:00,14,12,9,4,30,220,305,,48.27017,-2.15464,Nuit sans éclairage public,Hors agglomération,Hors intersection,Autre,Autre collision,,,,,,,,,,,3,1,1,9.0,6
201400021996,0014-12-13 04:45:00,14,12,13,4,45,220,93,,48.46831,-2.55005,Nuit sans éclairage public,Hors agglomération,Autre intersection,Pluie forte,Autre collision,,,,,,,,,,,3,1,9,3.0,6
201400021997,0014-12-15 08:45:00,14,12,15,8,45,220,389,,48.47966,-2.67094,Plein jour,Hors agglomération,Hors intersection,Pluie légère,Deux véhicules - arrière,,,,,,,,,,,1,1,1,2.0,2
201400021998,0014-01-21 07:15:00,14,1,21,7,15,290,179,,48.48084,-4.3028,Nuit sans éclairage public,Hors agglomération,Hors intersection,Normale,Trois véhicules et plus - en chaîne,,,,,,,,,,,3,1,1,1.0,4
201400021999,0014-02-25 14:15:00,14,2,25,14,15,290,68,,48.5511,-3.96233,Plein jour,Hors agglomération,Hors intersection,Normale,Sans collision,,,,,,,,,,,1,1,1,1.0,7
201400022000,0014-03-12 17:00:00,14,3,12,17,0,290,75,,,,Plein jour,Hors agglomération,Hors intersection,Normale,Sans collision,,,,,,,,,,,1,1,1,1.0,7
201400022001,0014-04-09 15:45:00,14,4,9,15,45,290,266,,48.52125,-3.94684,Plein jour,Hors agglomération,Hors intersection,Normale,Sans collision,,,,,,,,,,,1,1,1,1.0,7
201400022002,0014-04-16 08:00:00,14,4,16,8,0,290,245,,48.45369,-4.33553,Plein jour,Hors agglomération,Hors intersection,Normale,Sans collision,,,,,,,,,,,1,1,1,1.0,7
201400022003,0014-06-10 04:00:00,14,6,10,4,0,290,105,,48.51823,-4.04155,Nuit sans éclairage public,Hors agglomération,Hors intersection,Normale,Deux véhicules - frontale,,,,,,,,,,,3,1,1,1.0,1
201400022004,0014-06-18 09:30:00,14,6,18,9,30,290,266,,48.52681,-3.95256,Plein jour,Hors agglomération,Hors intersection,Temps éblouissant,Sans collision,,,,,,,,,,,1,1,1,7.0,7
201400022005,0014-08-28 13:00:00,14,8,28,13,0,290,75,,48.43598,-4.4007,Plein jour,Hors agglomération,Hors intersection,Normale,Autre collision,,,,,,,,,,,1,1,1,1.0,6
201400022006,0014-09-07 17:30:00,14,9,7,17,30,290,245,,48.45369,-4.33553,Plein jour,Hors agglomération,Hors intersection,Normale,Autre collision,,,,,,,,,,,1,1,1,1.0,6
201400022007,0014-10-05 02:30:00,14,10,5,2,30,290,264,,48.51154,-4.15433,Nuit sans éclairage public,Hors agglomération,Hors intersection,Normale,Autre collision,,,,,,,,,,,3,1,1,1.0,6
201400022008,0014-10-17 23:15:00,14,10,17,23,15,290,68,,48.5511,-3.96233,Nuit sans éclairage public,Hors agglomération,Hors intersection,Normale,Autre collision,,,,,,,,,,,3,1,1,1.0,6
201400022009,0014-10-21 15:15:00,14,10,21,15,15,290,199,,48.56761,-3.70135,Nuit sans éclairage public,Hors agglomération,Hors intersection,Normale,Autre collision,,,,,,,,,,,3,1,1,1.0,6
201400022010,0014-11-06 12:30:00,14,11,6,12,30,290,75,,48.43598,-4.4007,Plein jour,Hors agglomération,Hors intersection,Pluie légère,Sans collision,,,,,,,,,,,1,1,1,2.0,7
201400022011,0014-12-09 05:30:00,14,12,9,5,30,290,183,bourg,48.62076,-3.67413,Nuit sans éclairage public,Hors agglomération,Autre intersection,Pluie légère,Autre collision,,,,,,,,,,,3,1,9,2.0,6
201400022012,0014-12-15 08:30:00,14,12,15,8,30,290,61,bourg,48.45133,-4.46899,Crépuscule ou aube,Hors agglomération,Hors intersection,Normale,Trois véhicules et plus - en chaîne,,,,,,,,,,,2,1,1,1.0,4
201400022013,0014-12-17 17:45:00,14,12,17,17,45,290,61,vieux bourg,48.45133,-4.46899,Nuit sans éclairage public,Hors agglomération,Hors intersection,Pluie légère,Autre collision,,,,,,,,,,,3,1,1,2.0,6
201400022014,0014-05-03 08:00:00,14,5,3,8,0,290,302,,48.25439,-4.08964,Plein jour,Hors agglomération,Hors intersection,Normale,Deux véhicules - arrière,,,,,,,,,,,1,1,1,1.0,2
201400022015,0014-03-16 12:30:00,14,3,16,12,30,290,215,VC721/VC1-RUE TRINITE,47.99207,-4.43088,Plein jour,En agglomération,Intersection en X,Normale,Deux véhicules - frontale,,,,,,,,,,,1,2,2,1.0,1
201400022016,0014-06-28 15:15:00,14,6,28,15,15,290,20,,48.10239,-3.99989,Plein jour,Hors agglomération,Hors intersection,Normale,Deux véhicules - arrière,,,,,,,,,,,1,1,1,1.0,2
201400022017,0014-07-29 08:45:00,14,7,29,8,45,290,20,,48.10239,-3.99989,Plein jour,Hors agglomération,Hors intersection,Normale,Autre collision,,,,,,,,,,,1,1,1,1.0,6
201400022018,0014-03-03 05:30:00,14,3,3,5,30,350,139,,47.99003,-1.69542,Nuit sans éclairage public,Hors agglomération,Hors intersection,Pluie légère,Deux véhicules - côté,,,,,,,,,,,3,1,1,2.0,3
201400022019,0014-03-16 14:45:00,14,3,16,14,45,350,124,,47.74513,-1.71483,Plein jour,Hors agglomération,Autre intersection,Normale,Sans collision,,,,,,,,,,,1,1,9,1.0,7
201400022020,0014-03-29 08:00:00,14,3,29,8,0,350,231,,47.91967,-1.67945,Plein jour,Hors agglomération,Hors intersection,Normale,Autre collision,,,,,,,,,,,1,1,1,1.0,6
201400022021,0014-04-13 22:15:00,14,4,13,22,15,350,139,,,,Nuit sans éclairage public,Hors agglomération,Hors intersection,Normale,Deux véhicules - arrière,,,,,,,,,,,3,1,1,1.0,2
201400022022,0014-06-13 10:00:00,14,6,13,10,0,350,139,,47.97886,-1.69548,Plein jour,Hors agglomération,Hors intersection,Normale,Autre collision,,,,,,,,,,,1,1,1,1.0,6
201400022023,0014-06-25 10:00:00,14,6,25,10,0,350,206,,48.07189,-1.67609,Plein jour,Hors agglomération,Hors intersection,Normale,Trois véhicules et plus - en chaîne,,,,,,,,,,,1,1,1,1.0,4
201400022024,0014-09-16 08:00:00,14,9,16,8,0,350,66,,48.04229,-1.68522,Crépuscule ou aube,Hors agglomération,Hors intersection,Brouillard / fumée,Deux véhicules - arrière,,,,,,,,,,,2,1,1,5.0,2
201400022025,0014-12-07 08:45:00,14,12,7,8,45,350,231,,47.88671,-1.69021,Plein jour,Hors agglomération,Hors intersection,Normale,Autre collision,,,,,,,,,,,1,1,1,1.0,6
201400022026,0014-07-22 14:45:00,14,7,22,14,45,350,152,,48.23539,-1.47836,Plein jour,Hors agglomération,Hors intersection,Normale,Deux véhicules - côté,,,,,,,,,,,1,1,1,1.0,3
201400022027,0014-11-16 22:00:00,14,11,16,22,0,350,356,,48.24194,-1.76032,Nuit sans éclairage public,Hors agglomération,Hors intersection,Temps couvert,Deux véhicules - arrière,,,,,,,,,,,3,1,1,8.0,2
201400022028,0014-01-24 19:25:00,14,1,24,19,25,10,109,,46.1228,5.89782,Crépuscule ou aube,Hors agglomération,Hors intersection,Pluie légère,Deux véhicules - frontale,,,,,,,,,,,2,1,1,2.0,1
201400022029,0014-03-26 21:00:00,14,3,26,21,0,10,401,181 RUE DES PRESLES,,,Nuit avec éclairage allumé,En agglomération,Hors intersection,Normale,Autre collision,,,,,,,,,,,5,2,1,1.0,6
201400022030,0014-04-05 21:00:00,14,4,5,21,0,10,354,,46.2445,6.03851,Nuit sans éclairage public,Hors agglomération,Hors intersection,Normale,Deux véhicules - frontale,,,,,,,,,,,3,1,1,1.0,1
201400022031,0014-04-07 17:30:00,14,4,7,17,30,10,308,,46.139,5.95116,Plein jour,En agglomération,Hors intersection,Normale,Deux véhicules - frontale,,,,,,,,,,,1,2,1,1.0,1
201400022032,0014-07-09 13:30:00,14,7,9,13,30,10,209,,46.0919,5.86803,Plein jour,Hors agglomération,Hors intersection,Normale,Autre collision,,,,,,,,,,,1,1,1,1.0,6
201400022033,0014-05-16 00:01:00,14,5,16,0,1,10,401,RUE DU MONT BLANC,,,Nuit sans éclairage public,Hors agglomération,Hors intersection,Normale,Autre collision,,,,,,,,,,,3,1,1,1.0,6
201400022034,0014-07-03 21:15:00,14,7,3,21,15,10,78,ROUTE DE LA PLAINE,,,Plein jour,En agglomération,Hors intersection,Normale,Deux véhicules - côté,,,,,,,,,,,1,2,1,1.0,3
201400022035,0014-09-25 13:15:00,14,9,25,13,15,10,109,RD 884,,,Plein jour,En agglomération,Hors intersection,Normale,Deux véhicules - frontale,,,,,,,,,,,1,2,1,1.0,1
201400022036,0014-09-26 18:45:00,14,9,26,18,45,10,135,ROUTE AVOUZON,,,Plein jour,En agglomération,Hors intersection,Normale,Deux véhicules - côté,,,,,,,,,,,1,2,1,1.0,3
201400022037,0014-10-18 20:30:00,14,10,18,20,30,10,401,1510 RUE DU JURA,,,Nuit avec éclairage allumé,En agglomération,Hors intersection,Normale,Deux véhicules - frontale,,,,,,,,,,,5,2,1,1.0,1
201400022038,0014-10-22 09:45:00,14,10,22,9,45,10,354,,46.2544,6.04208,Plein jour,Hors agglomération,Hors intersection,Normale,Autre collision,,,,,,,,,,,1,1,1,1.0,6
201400022039,0014-11-05 14:45:00,14,11,5,14,45,10,354,,46.252,6.04549,Plein jour,Hors agglomération,Hors intersection,Pluie légère,Sans collision,,,,,,,,,,,1,1,1,2.0,7
201400022040,0014-07-05 08:30:00,14,7,5,8,30,10,209,,,,Plein jour,Hors agglomération,Hors intersection,Temps couvert,Deux véhicules - côté,,,,,,,,,,,1,1,1,8.0,3
201400022041,0014-09-23 18:00:00,14,9,23,18,0,10,78,ROUTE DE LA PLAINE,46.1805,5.98379,Plein jour,En agglomération,Hors intersection,Normale,Deux véhicules - côté,,,,,,,,,,,1,2,1,1.0,3
201400022042,0014-09-27 17:45:00,14,9,27,17,45,10,354,,,,Plein jour,Hors agglomération,Hors intersection,Normale,Autre collision,,,,,,,,,,,1,1,1,1.0,6
201400022043,0014-10-11 13:45:00,14,10,11,13,45,10,109,,,,Plein jour,Hors agglomération,Hors intersection,Temps couvert,Autre collision,,,,,,,,,,,1,1,1,8.0,6
201400022044,0014-01-11 18:00:00,14,1,11,18,0,540,138,,49.51323,5.72806,Nuit sans éclairage public,Hors agglomération,Hors intersection,Normale,Deux véhicules - frontale,,,,,,,,,,,3,1,1,1.0,1
201400022045,0014-01-13 07:15:00,14,1,13,7,15,540,514,,49.50396,5.62978,Nuit sans éclairage public,Hors agglomération,Hors intersection,Brouillard / fumée,Sans collision,,,,,,,,,,,3,1,1,5.0,7
201400022046,0014-04-25 19:30:00,14,4,25,19,30,540,378,,49.47395,5.66549,Plein jour,Hors agglomération,Hors intersection,Normale,Deux véhicules - frontale,,,,,,,,,,,1,1,1,1.0,1
201400022047,0014-05-20 17:00:00,14,5,20,17,0,540,151,29 route de chenieres,49.47954,5.75102,Plein jour,En agglomération,Hors intersection,Normale,Autre collision,,,,,,,,,,,1,2,1,1.0,6
201400022048,0014-06-03 08:30:00,14,6,3,8,30,540,428,,49.431,5.696,Plein jour,Hors agglomération,Hors intersection,Normale,Deux véhicules - frontale,,,,,,,,,,,1,1,1,1.0,1
201400022049,0014-06-20 12:15:00,14,6,20,12,15,540,322,RUE DE LONGWY  D618,49.45237,5.60134,Plein jour,En agglomération,Hors intersection,Normale,Sans collision,,,,,,,,,,,1,2,1,1.0,7
201400022050,0014-07-06 23:45:00,14,7,6,23,45,540,322,,49.46059,5.59459,Nuit sans éclairage public,Hors agglomération,Hors intersection,Temps couvert,Autre collision,,,,,,,,,,,3,1,1,8.0,6
201400022051,0014-07-13 10:30:00,14,7,13,10,30,540,322,rue marechal Joffre,49.453,5.603,Plein jour,En agglomération,Hors intersection,Normale,Autre collision,,,,,,,,,,,1,2,1,1.0,6
201400022052,0014-07-20 19:15:00,14,7,20,19,15,540,322,RD643,49.44387,5.60426,Plein jour,En agglomération,Hors intersection,Normale,Sans collision,,,,,,,,,,,1,2,1,1.0,7
201400022053,0014-09-26 21:30:00,14,9,26,21,30,540,134,Avenue antioche,49.45751,5.55885,Nuit sans éclairage public,En agglomération,Hors intersection,Normale,Autre collision,,,,,,,,,,,3,2,1,1.0,6
201400022054,0014-10-05 02:30:00,14,10,5,2,30,540,476,RUE DU 1ER BCP,49.45591,5.46916,Nuit avec éclairage allumé,En agglomération,Hors intersection,Normale,Deux véhicules - frontale,,,,,,,,,,,5,2,1,1.0,1
201400022055,0014-10-15 15:45:00,14,10,15,15,45,540,537,,49.45812,5.71357,Plein jour,Hors agglomération,Hors intersection,Normale,Trois véhicules et plus - collisions multiples,,,,,,,,,,,1,1,1,1.0,5
201400022056,0014-03-03 19:15:00,14,3,3,19,15,670,283,,,,Nuit sans éclairage public,Hors agglomération,Hors intersection,Normale,Autre collision,,,,,,,,,,,3,1,1,1.0,6
201400022057,0014-03-18 17:15:00,14,3,18,17,15,670,6,,,,Plein jour,Hors agglomération,Hors intersection,Normale,Autre collision,,,,,,,,,,,1,1,1,1.0,6
201400022058,0014-08-04 00:30:00,14,8,4,0,30,670,161,,,,Nuit sans éclairage public,Hors agglomération,Hors intersection,Normale,Autre collision,,,,,,,,,,,3,1,1,1.0,6
201400022059,0014-05-22 13:15:00,14,5,22,13,15,570,106,avenue de l' europe,49.29651,6.55166,Plein jour,En agglomération,Hors intersection,Temps couvert,Autre collision,,,,,,,,,,,1,2,1,8.0,6
201400022060,0014-04-22 17:30:00,14,4,22,17,30,830,48,RD559 - Le Resto,,,Plein jour,En agglomération,Hors intersection,Normale,Autre collision,,,,,,,,,,,1,2,1,1.0,6
201400022061,0014-05-31 22:15:00,14,5,31,22,15,830,36,,43.313,6.913,Nuit avec éclairage allumé,Hors agglomération,Hors intersection,Normale,Deux véhicules - frontale,,,,,,,,,,,5,1,1,1.0,1
201400022062,0014-07-30 18:30:00,14,7,30,18,30,830,152,4 avenue Courmes,43.154,6.486,Plein jour,En agglomération,Hors intersection,Temps éblouissant,Deux véhicules - frontale,,,,,,,,,,,1,2,1,7.0,1
201400022063,0014-09-08 18:15:00,14,9,8,18,15,830,152,,43.15,6.45,Plein jour,Hors agglomération,Hors intersection,Normale,Deux véhicules - frontale,,,,,,,,,,,1,1,1,1.0,1
201400022064,0014-09-20 00:15:00,14,9,20,0,15,830,36,,43.197,6.547,Nuit sans éclairage public,Hors agglomération,Hors intersection,Normale,Autre collision,,,,,,,,,,,3,1,1,1.0,6