accident_id,datetime,annee,mois,jour,heure,minute,departement,commune_insee,adresse,latitude,longitude,luminosite,agglomeration,intersection,meteo,collision,nb_vehicules,nb_usagers,nb_indemnes,nb_tues,nb_blesses_hosp,nb_blesses_legers,age_cond_1,age_cond_2,veh_type_cond_1,veh_type_cond_2,lum_code,agg_code,int_code,atm_code,col_code
201400022192,0014-06-25 13:10:00,14,6,25,13,10,290,19,EUROPE (DE 13 A 15),48.41319,-4.4875,Plein jour,En agglomération,Hors intersection,Normale,Deux véhicules - arrière,,,,,,,,,,,1,2,1,1.0,2
201400022193,0014-06-27 11:55:00,14,6,27,11,55,290,19,SALAUN PENQUER,48.38432,-4.48403,Plein jour,En agglomération,Giratoire,Normale,Deux véhicules - côté,,,,,,,,,,,1,2,6,1.0,3
201400022194,0014-06-27 23:00:00,14,6,27,23,0,290,19,COLAS ALAIN (PARTIE O,48.39031,-4.4433,Nuit avec éclairage allumé,En agglomération,Hors intersection,Normale,Deux véhicules - côté,,,,,,,,,,,5,2,1,1.0,3
201400022195,0014-06-29 18:35:00,14,6,29,18,35,290,19,LE GORGEU,48.40461,-4.50601,Plein jour,En agglomération,Giratoire,Normale,Deux véhicules - côté,,,,,,,,,,,1,2,6,1.0,3
201400022196,0014-07-02 13:55:00,14,7,2,13,55,290,19,"2, ARCHIVES",48.39877,-4.50757,Plein jour,En agglomération,Hors intersection,Normale,Deux véhicules - côté,,,,,,,,,,,1,2,1,1.0,3
201400022197,0014-07-04 16:55:00,14,7,4,16,55,290,19,KERVALGUEN (CHEMIN),48.45015,-4.51258,Plein jour,En agglomération,Hors intersection,Pluie légère,Trois véhicules et plus - collisions multiples,,,,,,,,,,,1,2,1,2.0,5
201400022198,0014-07-08 13:25:00,14,7,8,13,25,290,19,"., BRUAT (DE 1 A 23 ET 2",48.39658,-4.48263,Plein jour,En agglomération,Intersection en X,Normale,Deux véhicules - côté,,,,,,,,,,,1,2,2,1.0,3
201400022199,0014-07-08 23:30:00,14,7,8,23,30,290,19,Albert 1er,48.39759,-4.48935,Nuit avec éclairage allumé,En agglomération,Place,Normale,Deux véhicules - côté,,,,,,,,,,,5,2,7,1.0,3
201400022200,0014-07-16 16:40:00,14,7,16,16,40,290,19,"5, MORVAN AUGUSTIN",48.39182,-4.48712,Plein jour,En agglomération,Hors intersection,Normale,Deux véhicules - frontale,,,,,,,,,,,1,2,1,1.0,1
201400022201,0014-07-18 14:45:00,14,7,18,14,45,290,19,PEN AR CH'LEUZ,48.41405,-4.47933,Plein jour,En agglomération,Hors intersection,Normale,Deux véhicules - arrière,,,,,,,,,,,1,2,1,1.0,2
201400022202,0014-07-19 16:30:00,14,7,19,16,30,290,19,"., DUPLEIX",48.39283,-4.48318,Plein jour,En agglomération,Intersection en X,Normale,Autre collision,,,,,,,,,,,1,2,2,1.0,6
201400022203,0014-07-23 10:00:00,14,7,23,10,0,290,19,"13, MESSIDOU",48.40192,-4.48134,Plein jour,En agglomération,Hors intersection,Normale,Autre collision,,,,,,,,,,,1,2,1,1.0,6
201400022204,0014-07-23 12:55:00,14,7,23,12,55,290,19,"., PREMIERE DFL (AVENUE)",48.37604,-4.55391,Plein jour,En agglomération,Giratoire,Temps éblouissant,Deux véhicules - côté,,,,,,,,,,,1,2,6,7.0,3
201400022205,0014-07-30 09:55:00,14,7,30,9,55,290,19,BOUGUEN,48.39716,-4.49744,Plein jour,En agglomération,Intersection en T,Normale,Deux véhicules - côté,,,,,,,,,,,1,2,3,1.0,3
201400022206,0014-07-30 20:40:00,14,7,30,20,40,290,19,"0, RN 12 (PEN AR CH'LEUZ",48.39039,-4.48607,Plein jour,Hors agglomération,Hors intersection,Normale,Deux véhicules - arrière,,,,,,,,,,,1,1,1,1.0,2
201400022207,0014-08-02 08:35:00,14,8,2,8,35,290,19,"0, PICASSO PABLO",48.41587,-4.47376,Plein jour,En agglomération,Hors intersection,Normale,Autre collision,,,,,,,,,,,1,2,1,1.0,6
201400022208,0014-08-05 18:10:00,14,8,5,18,10,290,19,"., HEMON LOUIS",48.38733,-4.49213,Plein jour,En agglomération,Intersection en T,Normale,Deux véhicules - côté,,,,,,,,,,,1,2,3,1.0,3
201400022209,0014-08-07 11:10:00,14,8,7,11,10,290,19,"., LE GORGEU (SANS N? EN",48.40461,-4.50601,Plein jour,En agglomération,Hors intersection,Normale,Deux véhicules - arrière,,,,,,,,,,,1,2,1,1.0,2
201400022210,0014-08-11 14:20:00,14,8,11,14,20,290,19,"80, PAULET GENERAL (DE 1",48.41047,-4.47654,Plein jour,En agglomération,Hors intersection,Normale,Deux véhicules - côté,,,,,,,,,,,1,2,1,1.0,3
201400022211,0014-08-18 14:40:00,14,8,18,14,40,290,19,"., FRANCE ANATOLE (DE 1",48.38075,-4.53063,Plein jour,En agglomération,Intersection en X,Normale,Deux véhicules - côté,,,,,,,,,,,1,2,2,1.0,3
201400022212,0014-08-19 13:10:00,14,8,19,13,10,290,19,"., PARIS ( 33 ET 42 A FI",48.407,-4.46037,Plein jour,En agglomération,Intersection en X,Normale,Deux véhicules - côté,,,,,,,,,,,1,2,2,1.0,3
201400022213,0014-08-21 08:20:00,14,8,21,8,20,290,19,PRIGENT TANGUY (DE MESNO,48.39677,-4.53253,Plein jour,En agglomération,Hors intersection,Normale,Deux véhicules - frontale,,,,,,,,,,,1,2,1,1.0,1
201400022214,0014-08-22 19:00:00,14,8,22,19,0,290,19,"., TARENTE",48.40469,-4.5096,Plein jour,En agglomération,Hors intersection,Normale,Deux véhicules - arrière,,,,,,,,,,,1,2,1,1.0,2
201400022215,0014-09-01 07:55:00,14,9,1,7,55,290,19,"., RN 12",48.39039,-4.48607,Plein jour,En agglomération,Hors intersection,Normale,Deux véhicules - arrière,,,,,,,,,,,1,2,1,1.0,2
201400022216,0014-09-02 11:35:00,14,9,2,11,35,290,19,"7, TARENTE",,,Plein jour,En agglomération,Hors intersection,Normale,Autre collision,,,,,,,,,,,1,2,1,1.0,6
201400022217,0014-09-05 07:50:00,14,9,5,7,50,290,19,"., MAISSIN",48.3879,-4.50338,Plein jour,En agglomération,Intersection en X,Normale,Deux véhicules - côté,,,,,,,,,,,1,2,2,1.0,3
201400022218,0014-09-05 08:25:00,14,9,5,8,25,290,19,"., BEREST EUGENE",48.39368,-4.43454,Plein jour,En agglomération,Hors intersection,Normale,Deux véhicules - côté,,,,,,,,,,,1,2,1,1.0,3
201400022219,0014-09-07 16:30:00,14,9,7,16,30,290,19,"59, MONTAIGNE (DE 39 A 1",48.40246,-4.48144,Plein jour,En agglomération,Hors intersection,Normale,Deux véhicules - côté,,,,,,,,,,,1,2,1,1.0,3
201400022220,0014-09-10 07:55:00,14,9,10,7,55,290,19,"., QUIMPER (DE 1 A 103 E",48.40088,-4.45133,Plein jour,En agglomération,Giratoire,Normale,Autre collision,,,,,,,,,,,1,2,6,1.0,6
201400022221,0014-09-11 10:33:00,14,9,11,10,33,290,19,"0, SARTHE",48.38388,-4.49039,Plein jour,En agglomération,Hors intersection,Normale,Autre collision,,,,,,,,,,,1,2,1,1.0,6
201400022222,0014-09-11 13:00:00,14,9,11,13,0,290,19,"0, VILLENEUVE (RUE)",48.41004,-4.46289,Plein jour,En agglomération,Hors intersection,Normale,Deux véhicules - côté,,,,,,,,,,,1,2,1,1.0,3
201400022223,0014-09-01 19:25:00,14,9,1,19,25,290,19,"., LE GORGEU (SANS N? EN",48.40461,-4.50601,Plein jour,En agglomération,Hors intersection,Normale,Deux véhicules - arrière,,,,,,,,,,,1,2,1,1.0,2
201400022224,0014-09-15 08:00:00,14,9,15,8,0,290,19,MONTAIGNE (DE 1 A 37 ET,48.40328,-4.48087,Plein jour,En agglomération,Intersection en T,Normale,Deux véhicules - arrière,,,,,,,,,,,1,2,3,1.0,2
201400022225,0014-09-18 20:15:00,14,9,18,20,15,290,19,"., FRANCE ANATOLE (DE 1",48.38289,-4.51791,Crépuscule ou aube,En agglomération,Intersection en X,Normale,Deux véhicules - côté,,,,,,,,,,,2,2,2,1.0,3
201400022226,0014-09-19 17:35:00,14,9,19,17,35,290,19,"., VAUBAN (DE 1 A 23 ET",48.38489,-4.50096,Plein jour,En agglomération,Intersection en T,Normale,Autre collision,,,,,,,,,,,1,2,3,1.0,6
201400022227,0014-09-22 10:53:00,14,9,22,10,53,290,19,"., TARENTE",48.40469,-4.5096,Plein jour,En agglomération,Intersection en T,Normale,Deux véhicules - côté,,,,,,,,,,,1,2,3,1.0,3
201400022228,0014-09-23 12:05:00,14,9,23,12,5,290,19,"., BLUM LEON",48.40559,-4.48466,Plein jour,En agglomération,Intersection en X,Normale,Autre collision,,,,,,,,,,,1,2,2,1.0,6
201400022229,0014-09-23 17:00:00,14,9,23,17,0,290,19,MAGENTA,48.39778,-4.47281,Plein jour,En agglomération,Intersection en T,Normale,Autre collision,,,,,,,,,,,1,2,3,1.0,6
201400022230,0014-09-26 07:55:00,14,9,26,7,55,290,19,"18, COLLET YVES (DE 1 A",48.39124,-4.48143,Crépuscule ou aube,En agglomération,Hors intersection,Normale,Deux véhicules - côté,,,,,,,,,,,2,2,1,1.0,3
201400022231,0014-09-26 18:30:00,14,9,26,18,30,290,19,QUIMPER (DE 1 A 103 ET 2,48.40088,-4.45133,Plein jour,En agglomération,Hors intersection,Pluie légère,Trois véhicules et plus - en chaîne,,,,,,,,,,,1,2,1,2.0,4
201400022232,0014-09-28 10:20:00,14,9,28,10,20,290,19,"., THOMAS ALBERT",48.40268,-4.4944,Plein jour,En agglomération,Intersection en X,Normale,Deux véhicules - côté,,,,,,,,,,,1,2,2,1.0,3
201400022233,0014-09-29 13:30:00,14,9,29,13,30,290,19,"207, RUE HUNDERTWASSER",48.38884,-4.53722,Plein jour,En agglomération,Hors intersection,Normale,Deux véhicules - arrière,,,,,,,,,,,1,2,1,1.0,2
201400022234,0014-09-29 15:50:00,14,9,29,15,50,290,19,EUROPE (DE 161 A 199),48.41319,-4.4875,Plein jour,En agglomération,Hors intersection,Normale,Deux véhicules - côté,,,,,,,,,,,1,2,1,1.0,3
201400022235,0014-10-02 20:30:00,14,10,2,20,30,290,19,HUGO VICTOR (DE 1 A 17 E,48.39089,-4.47895,Crépuscule ou aube,En agglomération,Hors intersection,Normale,Deux véhicules - côté,,,,,,,,,,,2,2,1,1.0,3
201400022236,0014-10-01 07:50:00,14,10,1,7,50,290,19,"., LOUPPE ALBERT (DE 1 A",48.40352,-4.47229,Crépuscule ou aube,En agglomération,Intersection en X,Pluie légère,Deux véhicules - côté,,,,,,,,,,,2,2,2,2.0,3
201400022237,0014-10-01 16:35:00,14,10,1,16,35,290,19,GILOUX YVES (DE 13 A 63,48.41492,-4.48383,Plein jour,En agglomération,Hors intersection,Normale,Autre collision,,,,,,,,,,,1,2,1,1.0,6
201400022238,0014-10-02 19:10:00,14,10,2,19,10,290,19,"., TARENTE",48.40469,-4.5096,Plein jour,En agglomération,Hors intersection,Normale,Deux véhicules - arrière,,,,,,,,,,,1,2,1,1.0,2
201400022239,0014-10-04 14:00:00,14,10,4,14,0,290,19,"., PLYMOUTH (DE 89 A 135",48.38613,-4.53243,Plein jour,En agglomération,Intersection en T,Normale,Autre collision,,,,,,,,,,,1,2,3,1.0,6
201400022240,0014-10-05 02:05:00,14,10,5,2,5,290,19,"., DONNART MATHIEU (DE 1",48.3997,-4.486,Nuit avec éclairage allumé,En agglomération,Intersection en T,Normale,Deux véhicules - côté,,,,,,,,,,,5,2,3,1.0,3
201400022241,0014-10-06 17:25:00,14,10,6,17,25,290,19,"., GOUESNOU (DE 1 A 29 E",48.41515,-4.46823,Plein jour,En agglomération,Intersection en X,Normale,Deux véhicules - côté,,,,,,,,,,,1,2,2,1.0,3
201400022242,0014-10-07 15:35:00,14,10,7,15,35,290,19,"., PEN AR CH'LEUZ (ROND",48.41405,-4.47933,Plein jour,En agglomération,Giratoire,Normale,Deux véhicules - côté,,,,,,,,,,,1,2,6,1.0,3
201400022243,0014-10-07 16:10:00,14,10,7,16,10,290,19,"., ROOSEVELT FRANKLIN (A",48.38225,-4.49012,Plein jour,En agglomération,Hors intersection,Normale,Autre collision,,,,,,,,,,,1,2,1,1.0,6
201400022244,0014-10-11 02:20:00,14,10,11,2,20,290,19,PEN AR CH'LEUZ (ROND POI,48.41405,-4.47933,Nuit avec éclairage non allumé,En agglomération,Giratoire,Temps couvert,Autre collision,,,,,,,,,,,4,2,6,8.0,6
201400022245,0014-10-11 15:15:00,14,10,11,15,15,290,19,PEN AR CH'LEUZ (ROND POI,48.41405,-4.47933,Plein jour,En agglomération,Hors intersection,Normale,Deux véhicules - arrière,,,,,,,,,,,1,2,1,1.0,2
201400022246,0014-10-15 12:15:00,14,10,15,12,15,290,19,BLUM LEON,,,Plein jour,En agglomération,Hors intersection,Pluie légère,Autre collision,,,,,,,,,,,1,2,1,2.0,6
201400022247,0014-10-16 09:20:00,14,10,16,9,20,290,19,ROBESPIERRE (96 ET 109 A,48.41005,-4.49088,Plein jour,En agglomération,Hors intersection,Autre,Deux véhicules - côté,,,,,,,,,,,1,2,1,9.0,3
201400022248,0014-10-20 17:40:00,14,10,20,17,40,290,19,"56, DUVAL MARCELLIN (DE",48.41685,-4.48731,Plein jour,En agglomération,Intersection en X,Normale,Autre collision,,,,,,,,,,,1,2,2,1.0,6
201400022249,0014-10-21 16:10:00,14,10,21,16,10,290,19,"., LE GROS CHARLES (DE 1",48.42477,-4.46038,Plein jour,En agglomération,Hors intersection,Normale,Deux véhicules - arrière,,,,,,,,,,,1,2,1,1.0,2
201400022250,0014-10-22 21:45:00,14,10,22,21,45,290,19,SIAM (DE 46 A 82 ET 49 A,48.38725,-4.49019,Nuit avec éclairage non allumé,En agglomération,Hors intersection,Normale,Sans collision,,,,,,,,,,,4,2,1,1.0,7
201400022251,0014-10-24 09:25:00,14,10,24,9,25,290,19,QUIMPER (DE 1 A 103 ET 2,48.40088,-4.45133,Plein jour,En agglomération,Hors intersection,Pluie légère,Autre collision,,,,,,,,,,,1,2,1,2.0,6
201400022252,0014-10-24 15:45:00,14,10,24,15,45,290,19,"., LE GORGEU (N?29 (TOTA",48.40461,-4.50601,Plein jour,En agglomération,Hors intersection,Normale,Deux véhicules - côté,,,,,,,,,,,1,2,1,1.0,3
201400022253,0014-10-28 07:45:00,14,10,28,7,45,290,19,"109, GOUESNOU (DE 43 A 2",48.4118,-4.46836,Plein jour,En agglomération,Hors intersection,Normale,Trois véhicules et plus - en chaîne,,,,,,,,,,,1,2,1,1.0,4
201400022254,0014-10-28 13:30:00,14,10,28,13,30,290,19,PEN AR CH'LEUZ (ROND POI,48.41405,-4.47933,Plein jour,En agglomération,Hors intersection,Normale,Deux véhicules - arrière,,,,,,,,,,,1,2,1,1.0,2
201400022255,0014-10-28 18:55:00,14,10,28,18,55,290,19,"., CLEMENCEAU GEORGES (D",48.39083,-4.48715,Nuit avec éclairage non allumé,En agglomération,Intersection en X,Normale,Deux véhicules - arrière,,,,,,,,,,,4,2,2,1.0,2
201400022256,0014-11-02 16:12:00,14,11,2,16,12,290,19,"7, PARIS (DE 1 A 31 ET 2",47.99787,-4.12655,Plein jour,En agglomération,Hors intersection,Temps couvert,Autre collision,,,,,,,,,,,1,2,1,8.0,6
201400022257,0014-11-03 08:10:00,14,11,3,8,10,290,19,"., DURAS MARGUERITE",48.41787,-4.49652,Nuit avec éclairage allumé,En agglomération,Intersection en T,Normale,Autre collision,,,,,,,,,,,5,2,3,1.0,6
201400022258,0014-11-03 13:20:00,14,11,3,13,20,290,19,KIEL,,,Plein jour,En agglomération,Hors intersection,Normale,Sans collision,,,,,,,,,,,1,2,1,1.0,7
201400022259,0014-11-04 07:30:00,14,11,4,7,30,290,19,"8, COLAS ALAIN (PARTIE Z",48.39318,-4.44859,Crépuscule ou aube,En agglomération,Hors intersection,Pluie légère,Deux véhicules - côté,,,,,,,,,,,2,2,1,2.0,3
201400022260,0014-11-04 09:00:00,14,11,4,9,0,290,19,"., FOCH MARECHAL",48.3953,-4.48848,Plein jour,En agglomération,Hors intersection,Normale,Autre collision,,,,,,,,,,,1,2,1,1.0,6
201400022261,0014-11-05 18:20:00,14,11,5,18,20,290,19,"., VALY HIR (DE 1 A 19 E",48.38558,-4.52259,Nuit sans éclairage public,En agglomération,Intersection en T,Normale,Autre collision,,,,,,,,,,,3,2,3,1.0,6
201400022262,0014-11-05 20:15:00,14,11,5,20,15,290,19,HUGO VICTOR (DE 1 A 17 E,48.39089,-4.47895,Nuit avec éclairage allumé,En agglomération,Giratoire,Normale,Deux véhicules - côté,,,,,,,,,,,5,2,6,1.0,3
201400022263,0014-11-16 11:45:00,14,11,16,11,45,290,19,PETIT THOUARS,48.39039,-4.48607,Plein jour,En agglomération,Intersection en T,Normale,Deux véhicules - côté,,,,,,,,,,,1,2,3,1.0,3
201400022264,0014-11-24 01:35:00,14,11,24,1,35,290,19,"., SALAUN PENQUER",48.38432,-4.48403,Nuit avec éclairage allumé,En agglomération,Hors intersection,Pluie forte,Deux véhicules - frontale,,,,,,,,,,,5,2,1,3.0,1
201400022265,0014-11-29 08:35:00,14,11,29,8,35,290,19,"., MIRABEAU",48.40816,-4.48683,Plein jour,En agglomération,Hors intersection,Normale,Autre collision,,,,,,,,,,,1,2,1,1.0,6
201400022266,0014-11-27 07:15:00,14,11,27,7,15,290,19,"., LOSCOAT",48.42355,-4.49135,Nuit avec éclairage allumé,En agglomération,Hors intersection,Normale,Autre collision,,,,,,,,,,,5,2,1,1.0,6
201400022267,0014-11-29 12:15:00,14,11,29,12,15,290,19,"99, MONTAIGNE (DE 98 ET",48.40441,-4.47881,Plein jour,En agglomération,Hors intersection,Normale,Deux véhicules - arrière,,,,,,,,,,,1,2,1,1.0,2
201400022268,0014-11-29 16:10:00,14,11,29,16,10,290,19,"111, ECOLE NAVALE (DE 86",48.37974,-4.52689,Plein jour,En agglomération,Hors intersection,Normale,Autre collision,,,,,,,,,,,1,2,1,1.0,6
201400022269,0014-12-01 16:35:00,14,12,1,16,35,290,19,"., GILLOUX YVES (DE 1 A",48.41548,-4.48078,Plein jour,En agglomération,Intersection en X,Normale,Deux véhicules - côté,,,,,,,,,,,1,2,2,1.0,3
201400022270,0014-12-02 08:00:00,14,12,2,8,0,290,19,"74, GALLIENI GENERAL (DE",48.39089,-4.50652,Crépuscule ou aube,En agglomération,Hors intersection,Pluie légère,Autre collision,,,,,,,,,,,2,2,1,2.0,6
201400022271,0014-12-04 07:35:00,14,12,4,7,35,290,19,"., LANGEVIN PROFESSEUR",48.40272,-4.49838,Nuit avec éclairage allumé,En agglomération,Intersection en X,Pluie légère,Autre collision,,,,,,,,,,,5,2,2,2.0,6
201400022272,0014-12-07 02:05:00,14,12,7,2,5,290,19,"22, LE BORGNE JOSEPH (1",48.40243,-4.49025,Nuit sans éclairage public,En agglomération,Hors intersection,Normale,Autre collision,,,,,,,,,,,3,2,1,1.0,6
201400022273,0014-12-08 08:45:00,14,12,8,8,45,290,19,"., GRETRY",48.41054,-4.49684,Plein jour,En agglomération,Intersection en X,Pluie légère,Autre collision,,,,,,,,,,,1,2,2,2.0,6
201400022274,0014-12-08 11:00:00,14,12,8,11,0,290,19,"., SALAUN PENQUER",48.38474,-4.4831,Plein jour,En agglomération,Hors intersection,Pluie légère,Trois véhicules et plus - en chaîne,,,,,,,,,,,1,2,1,2.0,4
201400022275,0014-12-08 12:45:00,14,12,8,12,45,290,19,"27 BIS, PORTE (DE 1 A 75",48.38437,-4.4991,Plein jour,En agglomération,Intersection en T,Pluie légère,Deux véhicules - arrière,,,,,,,,,,,1,2,3,2.0,2
201400022276,0014-12-10 18:15:00,14,12,10,18,15,290,19,"., ALBERT 1ER",48.39758,-4.48906,Nuit avec éclairage allumé,En agglomération,Place,Pluie légère,Deux véhicules - côté,,,,,,,,,,,5,2,7,2.0,3
201400022277,0014-12-11 12:25:00,14,12,11,12,25,290,19,"., MONTAIGNE (DE 1 A 37",48.40328,-4.48087,Plein jour,En agglomération,Hors intersection,Normale,Trois véhicules et plus - en chaîne,,,,,,,,,,,1,2,1,1.0,4
201400022278,0014-12-15 08:05:00,14,12,15,8,5,290,19,"., PRIGENT TANGUY (RP CA",48.39549,-4.53877,Crépuscule ou aube,En agglomération,Giratoire,Pluie légère,Deux véhicules - côté,,,,,,,,,,,2,2,6,2.0,3
201400022279,0014-12-18 11:38:00,14,12,18,11,38,290,19,"3, BEAUMANOIR",48.38718,-4.51392,Plein jour,En agglomération,Intersection en X,Pluie légère,Autre collision,,,,,,,,,,,1,2,2,2.0,6
201400022280,0014-12-20 17:00:00,14,12,20,17,0,290,19,"., PARIS ( 33 ET 42 A FI",48.40497,-4.46357,Plein jour,En agglomération,Intersection en T,Normale,Deux véhicules - arrière,,,,,,,,,,,1,2,3,1.0,2
201400022281,0014-02-26 16:15:00,14,2,26,16,15,400,164,,44.13956,-0.27585,Plein jour,Hors agglomération,Hors intersection,Pluie forte,Autre collision,,,,,,,,,,,1,1,1,3.0,6
201400022282,0014-04-13 12:15:00,14,4,13,12,15,400,259,,43.84611,-0.33537,Plein jour,Hors agglomération,Hors intersection,Normale,Autre collision,,,,,,,,,,,1,1,1,1.0,6
201400022283,0014-07-18 12:15:00,14,7,18,12,15,400,245,,44.03997,-0.34317,Plein jour,Hors agglomération,Hors intersection,Normale,Autre collision,,,,,,,,,,,1,1,1,1.0,6
201400022284,0014-01-14 14:13:00,14,1,14,14,13,290,39,VILLENEUVE ( RUE DE LA),47.89964,-3.91174,Plein jour,Hors agglomération,Hors intersection,Normale,Trois véhicules et plus - en chaîne,,,,,,,,,,,1,1,1,1.0,4
201400022285,0014-01-18 22:30:00,14,1,18,22,30,290,39,KERAMPERU ( ROND POINT D,47.89463,-3.91401,Nuit avec éclairage non allumé,Hors agglomération,Hors intersection,Pluie légère,Sans collision,,,,,,,,,,,4,1,1,2.0,7
201400022286,0014-01-28 06:08:00,14,1,28,6,8,290,39,KERSIMONOU ( CHEMIN DE ),47.93512,-3.9197,Nuit sans éclairage public,Hors agglomération,Hors intersection,Pluie légère,Sans collision,,,,,,,,,,,3,1,1,2.0,7
201400022287,0014-01-27 18:15:00,14,1,27,18,15,290,39,RD 783,47.89662,-3.912,Nuit sans éclairage public,En agglomération,Hors intersection,Temps couvert,Sans collision,,,,,,,,,,,3,2,1,8.0,7
201400022288,0014-02-01 14:00:00,14,2,1,14,0,290,39,RN165 (VE),47.87283,-3.92073,Plein jour,Hors agglomération,Hors intersection,Pluie légère,Deux véhicules - côté,,,,,,,,,,,1,1,1,2.0,3
201400022289,0014-02-03 18:50:00,14,2,3,18,50,290,39,GENERAL DE GAULLE (PLACE,47.8716,-3.91901,Nuit avec éclairage allumé,En agglomération,Hors intersection,Normale,Autre collision,,,,,,,,,,,5,2,1,1.0,6
201400022290,0014-02-11 18:30:00,14,2,11,18,30,290,39,"118, GARE AVENUE DE LA",47.88218,-3.91943,Plein jour,En agglomération,Hors intersection,Normale,Autre collision,,,,,,,,,,,1,2,1,1.0,6
201400022291,0014-02-15 00:01:00,14,2,15,0,1,290,39,"122, GARE AVENUE DE LA",47.88263,-3.91923,Nuit avec éclairage allumé,En agglomération,Giratoire,Normale,Deux véhicules - frontale,,,,,,,,,,,5,2,6,1.0,1
201400022292,0014-02-28 10:55:00,14,2,28,10,55,290,39,STANG AR LIN ( RUE DE),47.88133,-3.90531,Plein jour,Hors agglomération,Hors intersection,Vent fort / tempête,Autre collision,,,,,,,,,,,1,1,1,6.0,6
201400022293,0014-03-01 15:25:00,14,3,1,15,25,290,39,TREGUNC RUE DE,47.86033,-3.88295,Plein jour,Hors agglomération,Hors intersection,Normale,Autre collision,,,,,,,,,,,1,1,1,1.0,6
201400022294,0014-03-17 20:00:00,14,3,17,20,0,290,39,RD 70 (route d?partement,,,Nuit sans éclairage public,Hors agglomération,Giratoire,Normale,Deux véhicules - arrière,,,,,,,,,,,3,1,6,1.0,2
201400022295,0014-04-07 17:20:00,14,4,7,17,20,290,39,PARE ( RUE AMBOISE),47.86753,-3.89892,Plein jour,En agglomération,Hors intersection,Normale,Deux véhicules - côté,,,,,,,,,,,1,2,1,1.0,3
201400022296,0014-05-08 12:45:00,14,5,8,12,45,290,39,RD 783 MOROS 'ROND POINT,47.87974,-3.90598,Plein jour,En agglomération,Hors intersection,Pluie légère,Sans collision,,,,,,,,,,,1,2,1,2.0,7
201400022297,0014-05-08 16:48:00,14,5,8,16,48,290,39,SIMON ( RUE JULES ),47.87283,-3.92073,Plein jour,En agglomération,Intersection en X,Pluie légère,Deux véhicules - frontale,,,,,,,,,,,1,2,2,2.0,1
201400022298,0014-05-27 13:15:00,14,5,27,13,15,290,39,"30, DEBUSSY ( RUE CLAUDE",47.87764,-3.92437,Plein jour,En agglomération,Hors intersection,Normale,Autre collision,,,,,,,,,,,1,2,1,1.0,6
201400022299,0014-06-04 10:55:00,14,6,4,10,55,290,39,"1, JAN (RUE ROBERT)",47.87283,-3.92073,Plein jour,En agglomération,Giratoire,Normale,Sans collision,,,,,,,,,,,1,2,6,1.0,7
201400022300,0014-06-19 10:45:00,14,6,19,10,45,290,39,"20, TREGUNC ( RUE DE )",47.86855,-3.90418,Plein jour,En agglomération,Hors intersection,Normale,Autre collision,,,,,,,,,,,1,2,1,1.0,6
201400022301,0014-06-20 13:40:00,14,6,20,13,40,290,39,"23, MAISON BLANCHE (LIEU",47.88965,-3.91851,Plein jour,En agglomération,Hors intersection,Normale,Deux véhicules - côté,,,,,,,,,,,1,2,1,1.0,3
201400022302,0014-06-24 17:30:00,14,6,24,17,30,290,39,RN165 (VE),47.87283,-3.92073,Plein jour,Hors agglomération,Hors intersection,Normale,Sans collision,,,,,,,,,,,1,1,1,1.0,7
201400022303,0014-06-25 18:40:00,14,6,25,18,40,290,39,VILLENEUVE ( RUE DE LA),47.89727,-3.9124,Plein jour,En agglomération,Hors intersection,Normale,Trois véhicules et plus - en chaîne,,,,,,,,,,,1,2,1,1.0,4
201400022304,0014-07-01 09:35:00,14,7,1,9,35,290,39,RD 44,47.87283,-3.92073,Plein jour,Hors agglomération,Hors intersection,Pluie légère,Deux véhicules - côté,,,,,,,,,,,1,1,1,2.0,3
201400022305,0014-07-13 16:40:00,14,7,13,16,40,290,39,LANRIEC ( RUE DE ),47.86918,-3.89477,Plein jour,En agglomération,Hors intersection,Normale,Sans collision,,,,,,,,,,,1,2,1,1.0,7
201400022306,0014-07-21 13:30:00,14,7,21,13,30,290,39,PENEROFF ( QUAI),47.87064,-3.91677,Plein jour,En agglomération,Hors intersection,Normale,Sans collision,,,,,,,,,,,1,2,1,1.0,7
201400022307,0014-07-25 11:30:00,14,7,25,11,30,290,39,TRICHARD (RUE YVES),47.87868,-3.86993,Plein jour,Hors agglomération,Intersection en X,Normale,Deux véhicules - côté,,,,,,,,,,,1,1,2,1.0,3
201400022308,0014-07-30 10:30:00,14,7,30,10,30,290,39,STANG BIHAN ( LIEU-DIT),47.87283,-3.92073,Plein jour,Hors agglomération,Hors intersection,Normale,Sans collision,,,,,,,,,,,1,1,1,1.0,7
201400022309,0014-08-09 12:08:00,14,8,9,12,8,290,39,JAN (RUE ROBERT),47.87891,-3.92427,Plein jour,En agglomération,Hors intersection,Normale,Sans collision,,,,,,,,,,,1,2,1,1.0,7
201400022310,0014-08-17 21:10:00,14,8,17,21,10,290,39,"16, GUILLOU ( BOULEVARD",47.87476,-3.92847,Nuit sans éclairage public,En agglomération,Hors intersection,Normale,Autre collision,,,,,,,,,,,3,2,1,1.0,6
201400022311,0014-08-20 14:08:00,14,8,20,14,8,290,39,RD 783,47.87283,-3.92073,Plein jour,Hors agglomération,Hors intersection,Normale,Deux véhicules - côté,,,,,,,,,,,1,1,1,1.0,3
201400022312,0014-08-31 08:25:00,14,8,31,8,25,290,39,NEUVE ( RUE),47.89423,-3.90559,Plein jour,En agglomération,Hors intersection,Normale,Autre collision,,,,,,,,,,,1,2,1,1.0,6
201400022313,0014-09-04 10:25:00,14,9,4,10,25,290,39,"01, TREGUNC ( RUE DE )",47.87297,-3.9054,Plein jour,En agglomération,Giratoire,Normale,Sans collision,,,,,,,,,,,1,2,6,1.0,7