accident_id,datetime,annee,mois,jour,heure,minute,departement,commune_insee,adresse,latitude,longitude,luminosite,agglomeration,intersection,meteo,collision,nb_vehicules,nb_usagers,nb_indemnes,nb_tues,nb_blesses_hosp,nb_blesses_legers,age_cond_1,age_cond_2,veh_type_cond_1,veh_type_cond_2,lum_code,agg_code,int_code,atm_code,col_code
201400022557,0014-09-20 14:00:00,14,9,20,14,0,300,7,MAS D'HOURS (QUAI DU),,,Plein jour,En agglomération,Hors intersection,Normale,Deux véhicules - arrière,,,,,,,,,,,1,2,1,1.0,2
201400022558,0014-10-03 01:00:00,14,10,3,1,0,300,7,SPORTS (CHEMIN DES),44.11972,4.08671,Nuit avec éclairage allumé,En agglomération,Giratoire,Normale,Deux véhicules - côté,,,,,,,,,,,5,2,6,1.0,3
201400022559,0014-11-05 17:54:00,14,11,5,17,54,300,7,"., SERRES (AVE OLIVIER D",,,Nuit avec éclairage allumé,En agglomération,Hors intersection,Normale,Deux véhicules - arrière,,,,,,,,,,,5,2,1,1.0,2
201400022560,0014-10-28 16:37:00,14,10,28,16,37,300,7,"., MONGE (AVENUE)",,,Plein jour,En agglomération,Hors intersection,Normale,Trois véhicules et plus - collisions multiples,,,,,,,,,,,1,2,1,1.0,5
201400022561,0014-10-18 11:10:00,14,10,18,11,10,300,7,"0, BAGNOLS (ROUTE DE)",,,Plein jour,En agglomération,Hors intersection,Normale,Deux véhicules - arrière,,,,,,,,,,,1,2,1,1.0,2
201400022562,0014-11-06 11:00:00,14,11,6,11,0,300,7,BLANC (BD LOUIS),,,Plein jour,En agglomération,Hors intersection,Normale,Autre collision,,,,,,,,,,,1,2,1,1.0,6
201400022563,0014-11-17 12:55:00,14,11,17,12,55,300,7,ERMITAGE (PROMENADE DE L,,,Plein jour,En agglomération,Hors intersection,Normale,Sans collision,,,,,,,,,,,1,2,1,1.0,7
201400022564,0014-11-19 13:35:00,14,11,19,13,35,300,7,PASTEUR (RUE),,,Plein jour,En agglomération,Hors intersection,Autre,Autre collision,,,,,,,,,,,1,2,1,9.0,6
201400022565,0014-11-21 21:45:00,14,11,21,21,45,300,7,DE GAULLE (AVE DU GENERA,44.12702,4.08237,Nuit avec éclairage allumé,En agglomération,Hors intersection,Autre,Deux véhicules - côté,,,,,,,,,,,5,2,1,9.0,3
201400022566,0014-12-13 21:25:00,14,12,13,21,25,300,243,DRAILLE (ROUTE DE LA),,,Nuit sans éclairage public,En agglomération,Hors intersection,Autre,Autre collision,,,,,,,,,,,3,2,1,9.0,6
201400022567,0014-12-01 08:15:00,14,12,1,8,15,300,7,"., SAINT MARTIN (ROUTE D",,,Plein jour,En agglomération,Hors intersection,Normale,Autre collision,,,,,,,,,,,1,2,1,1.0,6
201400022568,0014-12-02 11:35:00,14,12,2,11,35,300,7,RESCA (PONT DE),44.12661,4.0735,Plein jour,En agglomération,Hors intersection,Normale,Deux véhicules - côté,,,,,,,,,,,1,2,1,1.0,3
201400022569,0014-12-14 15:40:00,14,12,14,15,40,300,7,CLAVIERES (AVE DE),,,Plein jour,En agglomération,Hors intersection,Normale,Autre collision,,,,,,,,,,,1,2,1,1.0,6
201400022570,0014-12-20 15:35:00,14,12,20,15,35,300,7,"7, ALSACE (ROUTE D')",44.13572,4.08427,Plein jour,En agglomération,Hors intersection,Temps éblouissant,Autre collision,,,,,,,,,,,1,2,1,7.0,6
201400022571,0014-12-11 11:30:00,14,12,11,11,30,300,7,MOULIN (GRAND' RUE JEAN),,,Plein jour,En agglomération,Hors intersection,Normale,Deux véhicules - côté,,,,,,,,,,,1,2,1,1.0,3
201400022572,0014-01-17 10:10:00,14,1,17,10,10,300,28,"1, LACOMBE (BOULEVARD TH",44.16185,4.62264,Plein jour,En agglomération,Hors intersection,Pluie légère,Autre collision,,,,,,,,,,,1,2,1,2.0,6
201400022573,0014-01-22 02:40:00,14,1,22,2,40,300,28,BERRET (AVENUE DE),44.15685,4.63381,Nuit avec éclairage allumé,En agglomération,Passage à niveau,Normale,Deux véhicules - côté,,,,,,,,,,,5,2,8,1.0,3
201400022574,0014-02-05 19:00:00,14,2,5,19,0,300,28,PERRIERES (DESCENTE DES),,,Nuit avec éclairage allumé,En agglomération,Hors intersection,Normale,Autre collision,,,,,,,,,,,5,2,1,1.0,6
201400022575,0014-02-14 13:45:00,14,2,14,13,45,300,28,"354, COMMANDO VIGAN BRAQ",44.16283,4.6118,Plein jour,En agglomération,Hors intersection,Normale,Deux véhicules - arrière,,,,,,,,,,,1,2,1,1.0,2
201400022576,0014-03-01 05:25:00,14,3,1,5,25,300,28,NIMES (ROUTE DE),44.14804,4.61548,Nuit avec éclairage allumé,En agglomération,Hors intersection,Normale,Deux véhicules - arrière,,,,,,,,,,,5,2,1,1.0,2
201400022577,0014-03-07 11:10:00,14,3,7,11,10,300,28,LADROIT (RUE DU),,,Plein jour,En agglomération,Intersection en T,Normale,Deux véhicules - côté,,,,,,,,,,,1,2,3,1.0,3
201400022578,0014-03-23 06:30:00,14,3,23,6,30,300,28,"1, SAINT GERVAIS (ROUTE)",,,Crépuscule ou aube,En agglomération,Hors intersection,Normale,Autre collision,,,,,,,,,,,2,2,1,1.0,6
201400022579,0014-04-13 10:15:00,14,4,13,10,15,300,28,PONT SAINT ESPRIT (ROUTE,,,Plein jour,Hors agglomération,Hors intersection,Normale,Deux véhicules - arrière,,,,,,,,,,,1,1,1,1.0,2
201400022580,0014-04-23 12:30:00,14,4,23,12,30,300,28,"1, ROGER SALENGRO (AVENU",44.16517,4.61873,Plein jour,En agglomération,Hors intersection,Normale,Autre collision,,,,,,,,,,,1,2,1,1.0,6
201400022581,0014-05-10 13:45:00,14,5,10,13,45,300,28,PONT SAINT ESPRIT (ROUTE,44.18417,4.62111,Plein jour,En agglomération,Hors intersection,Normale,Deux véhicules - arrière,,,,,,,,,,,1,2,1,1.0,2
201400022582,0014-05-29 17:55:00,14,5,29,17,55,300,28,"2, ANCYSE (AVENUE DEL')",44.15979,4.61386,Plein jour,En agglomération,Intersection en T,Normale,Deux véhicules - côté,,,,,,,,,,,1,2,3,1.0,3
201400022583,0014-06-04 06:40:00,14,6,4,6,40,300,28,"1, JAURES (PLACE JEAN)",44.1653,4.61936,Plein jour,En agglomération,Intersection en T,Normale,Deux véhicules - côté,,,,,,,,,,,1,2,3,1.0,3
201400022584,0014-06-18 12:20:00,14,6,18,12,20,300,28,CHARRIER (AVENUE),44.16128,4.62441,Plein jour,En agglomération,Hors intersection,Normale,Deux véhicules - arrière,,,,,,,,,,,1,2,1,1.0,2
201400022585,0014-06-25 18:55:00,14,6,25,18,55,300,28,AVIGNON (ROUTE D'),44.1545,4.6426,Plein jour,Hors agglomération,Hors intersection,Normale,Deux véhicules - frontale,,,,,,,,,,,1,1,1,1.0,1
201400022586,0014-07-15 11:54:00,14,7,15,11,54,300,28,"36, ANCYSE (AVENUE DE L)",44.16047,4.60819,Plein jour,En agglomération,Hors intersection,Normale,Deux véhicules - côté,,,,,,,,,,,1,2,1,1.0,3
201400022587,0014-07-28 13:50:00,14,7,28,13,50,300,28,GOURDON (AVENUE ROBERT),44.1655,4.62561,Plein jour,En agglomération,Hors intersection,Normale,Deux véhicules - frontale,,,,,,,,,,,1,2,1,1.0,1
201400022588,0014-07-23 12:40:00,14,7,23,12,40,300,28,DE LATTRE DE TASSIGNY (A,44.16901,4.61882,Plein jour,En agglomération,Giratoire,Normale,Deux véhicules - arrière,,,,,,,,,,,1,2,6,1.0,2
201400022589,0014-07-25 19:20:00,14,7,25,19,20,300,28,"1, CASSOULE (CHEMIN DE)",44.17975,4.60056,Plein jour,Hors agglomération,Intersection en T,Normale,Deux véhicules - côté,,,,,,,,,,,1,1,3,1.0,3
201400022590,0014-08-05 18:10:00,14,8,5,18,10,300,28,JEAN MONNET (ROND POINT),44.16883,4.61941,Plein jour,En agglomération,Hors intersection,Normale,Deux véhicules - côté,,,,,,,,,,,1,2,1,1.0,3
201400022591,0014-08-06 18:00:00,14,8,6,18,0,300,28,"1, ROUTE DE SAINT GERVAI",44.1781,4.61441,Plein jour,Hors agglomération,Intersection en T,Normale,Deux véhicules - côté,,,,,,,,,,,1,1,3,1.0,3
201400022592,0014-10-03 11:25:00,14,10,3,11,25,300,28,GENERAL DE GAULE (AVENUE,,,Plein jour,En agglomération,Hors intersection,Normale,Trois véhicules et plus - en chaîne,,,,,,,,,,,1,2,1,1.0,4
201400022593,0014-10-31 05:30:00,14,10,31,5,30,300,28,ALES (ROUTE D'),,,Nuit sans éclairage public,Hors agglomération,Hors intersection,Normale,Deux véhicules - frontale,,,,,,,,,,,3,1,1,1.0,1
201400022594,0014-10-13 13:30:00,14,10,13,13,30,300,28,"1, LACOMBE (BOULEVARD TH",44.16181,4.62264,Plein jour,En agglomération,Hors intersection,Normale,Autre collision,,,,,,,,,,,1,2,1,1.0,6
201400022595,0014-11-15 06:20:00,14,11,15,6,20,300,28,COMPERE MOREL (ROND POIN,44.15823,4.63236,Nuit avec éclairage allumé,En agglomération,Hors intersection,Normale,Deux véhicules - arrière,,,,,,,,,,,5,2,1,1.0,2
201400022596,0014-12-04 17:00:00,14,12,4,17,0,300,28,"1, AURIOL (AVENUE VINCEN",44.15529,4.6166,Nuit avec éclairage allumé,En agglomération,Hors intersection,Pluie légère,Autre collision,,,,,,,,,,,5,2,1,2.0,6
201400022597,0014-01-02 17:00:00,14,1,2,17,0,300,189,"125, BEAUCAIRE (ROUTE)",43.83765,4.38119,Plein jour,En agglomération,Hors intersection,Normale,Deux véhicules - côté,,,,,,,,,,,1,2,1,1.0,3
201400022598,0014-01-04 18:30:00,14,1,4,18,30,300,189,MAS DE CHEYLON,43.80525,4.33644,Nuit avec éclairage allumé,En agglomération,Intersection en T,Normale,Deux véhicules - côté,,,,,,,,,,,5,2,3,1.0,3
201400022599,0014-01-07 18:15:00,14,1,7,18,15,300,189,AVIGNON (ROUTE),43.84216,4.37895,Nuit avec éclairage allumé,En agglomération,Intersection en T,Normale,Autre collision,,,,,,,,,,,5,2,3,1.0,6
201400022600,0014-01-11 12:15:00,14,1,11,12,15,300,189,DHUODA (RUE),,,Plein jour,En agglomération,Hors intersection,Pluie légère,Deux véhicules - arrière,,,,,,,,,,,1,2,1,2.0,2
201400022601,0014-01-13 18:20:00,14,1,13,18,20,300,189,"6, LIBERATION (BOULEVARD",43.82283,4.35511,Nuit avec éclairage allumé,En agglomération,Intersection en T,Pluie légère,Autre collision,,,,,,,,,,,5,2,3,2.0,6
201400022602,0014-01-17 14:40:00,14,1,17,14,40,300,189,ALLENDE SALVADOR (RUE),43.81784,4.3475,Plein jour,En agglomération,Giratoire,Normale,Autre collision,,,,,,,,,,,1,2,6,1.0,6
201400022603,0014-01-18 22:10:00,14,1,18,22,10,300,189,AQUITAINE (RUE),43.84159,4.36308,Nuit avec éclairage allumé,En agglomération,Intersection en X,Pluie légère,Autre collision,,,,,,,,,,,5,2,2,2.0,6
201400022604,0014-01-17 07:20:00,14,1,17,7,20,300,189,ARENES (BOULEVARD),,,Crépuscule ou aube,En agglomération,Hors intersection,Normale,Autre collision,,,,,,,,,,,2,2,1,1.0,6
201400022605,0014-01-21 18:20:00,14,1,21,18,20,300,189,PARATONNERRE (CHEMIN),,,Nuit sans éclairage public,Hors agglomération,Intersection en X,Normale,Deux véhicules - côté,,,,,,,,,,,3,1,2,1.0,3
201400022606,0014-01-26 12:05:00,14,1,26,12,5,300,189,POULX (ROUTE DE),43.89203,4.41886,Plein jour,Hors agglomération,Intersection en T,Normale,Deux véhicules - côté,,,,,,,,,,,1,1,3,1.0,3
201400022607,0014-01-29 08:30:00,14,1,29,8,30,300,189,ALLENDE SALVADOR (RUE),,,Plein jour,En agglomération,Hors intersection,Pluie légère,Deux véhicules - arrière,,,,,,,,,,,1,2,1,2.0,2
201400022608,0014-01-31 09:45:00,14,1,31,9,45,300,189,baillet claude,,,Plein jour,En agglomération,Giratoire,Pluie légère,Sans collision,,,,,,,,,,,1,2,6,2.0,7
201400022609,0014-01-31 18:25:00,14,1,31,18,25,300,189,AQUEDUC (RUE),43.83024,4.35458,Nuit avec éclairage allumé,En agglomération,Intersection en X,Normale,Deux véhicules - côté,,,,,,,,,,,5,2,2,1.0,3
201400022610,0014-01-31 19:25:00,14,1,31,19,25,300,189,BEAUCAIRE (RUE),43.83852,4.37212,Nuit avec éclairage allumé,En agglomération,Intersection en T,Normale,Autre collision,,,,,,,,,,,5,2,3,1.0,6
201400022611,0014-01-31 21:45:00,14,1,31,21,45,300,189,REPUBLIQUE (RUE),43.82969,4.35586,Nuit avec éclairage allumé,En agglomération,Intersection en X,Normale,Sans collision,,,,,,,,,,,5,2,2,1.0,7
201400022612,0014-02-03 09:00:00,14,2,3,9,0,300,189,MARECHAL JUIN (BOULEVARD,43.82096,4.34699,Plein jour,En agglomération,Intersection en X,Normale,Autre collision,,,,,,,,,,,1,2,2,1.0,6
201400022613,0014-02-04 10:10:00,14,2,4,10,10,300,189,POETES (AVENUE),43.82198,4.33694,Plein jour,En agglomération,Hors intersection,Normale,Deux véhicules - frontale,,,,,,,,,,,1,2,1,1.0,1
201400022614,0014-02-05 19:15:00,14,2,5,19,15,300,189,DAYAN GEORGES (AVENUE),43.82035,4.34029,Nuit avec éclairage allumé,En agglomération,Intersection en T,Normale,Deux véhicules - côté,,,,,,,,,,,5,2,3,1.0,3
201400022615,0014-02-07 15:40:00,14,2,7,15,40,300,189,ALES (ROUTE),43.8536,4.32115,Plein jour,En agglomération,Hors intersection,Normale,Deux véhicules - arrière,,,,,,,,,,,1,2,1,1.0,2
201400022616,0014-02-07 16:10:00,14,2,7,16,10,300,189,ALES (ROUTE),43.83611,4.32111,Plein jour,En agglomération,Hors intersection,Normale,Trois véhicules et plus - en chaîne,,,,,,,,,,,1,2,1,1.0,4
201400022617,0014-02-07 20:40:00,14,2,7,20,40,300,189,CONDE (RUE),43.8393,4.36426,Nuit avec éclairage allumé,En agglomération,Hors intersection,Normale,Autre collision,,,,,,,,,,,5,2,1,1.0,6
201400022618,0014-02-10 12:05:00,14,2,10,12,5,300,189,DEBUSSY CLAUDE (PLACE),43.8241,4.33564,Plein jour,En agglomération,Place,Normale,Autre collision,,,,,,,,,,,1,2,7,1.0,6
201400022619,0014-02-12 21:50:00,14,2,12,21,50,300,189,JAURES JEAN (BOULEVARD),43.82687,4.3531,Nuit avec éclairage allumé,En agglomération,Intersection en X,Normale,Deux véhicules - côté,,,,,,,,,,,5,2,2,1.0,3
201400022620,0014-02-15 23:45:00,14,2,15,23,45,300,189,"25, TRIAIRE SERGENT (BOU",43.82841,4.35996,Nuit avec éclairage allumé,En agglomération,Intersection en X,Normale,Deux véhicules - côté,,,,,,,,,,,5,2,2,1.0,3
201400022621,0014-02-19 18:10:00,14,2,19,18,10,300,189,CROIX DE VAUVERT (CHEMIN,43.82106,4.3473,Crépuscule ou aube,En agglomération,Intersection en X,Normale,Autre collision,,,,,,,,,,,2,2,2,1.0,6
201400022622,0014-02-19 18:25:00,14,2,19,18,25,300,189,MENDES FRANCE PIERRE (AV,43.82146,4.38468,Nuit avec éclairage allumé,En agglomération,Hors intersection,Normale,Deux véhicules - arrière,,,,,,,,,,,5,2,1,1.0,2
201400022623,0014-02-19 19:15:00,14,2,19,19,15,300,189,"16, FAITA VINCENT (RUE)",43.84134,4.36674,Nuit avec éclairage allumé,En agglomération,Intersection en Y,Normale,Deux véhicules - arrière,,,,,,,,,,,5,2,4,1.0,2
201400022624,0014-02-20 18:35:00,14,2,20,18,35,300,189,"13, POETES (AVENUE)",43.8216,4.33042,Nuit avec éclairage allumé,En agglomération,Hors intersection,Normale,Autre collision,,,,,,,,,,,5,2,1,1.0,6
201400022625,0014-02-21 07:40:00,14,2,21,7,40,300,189,POMPIDOU GEORGES (AVENUE,43.83609,4.34671,Plein jour,En agglomération,Hors intersection,Pluie légère,Autre collision,,,,,,,,,,,1,2,1,2.0,6
201400022626,0014-02-24 07:35:00,14,2,24,7,35,300,189,D 135,43.78855,4.3626,Plein jour,Hors agglomération,Hors intersection,Normale,Deux véhicules - frontale,,,,,,,,,,,1,1,1,1.0,1
201400022627,0014-02-24 09:20:00,14,2,24,9,20,300,189,REINACH SALOMON (RUE),43.83566,4.37513,Plein jour,En agglomération,Intersection en X,Autre,Trois véhicules et plus - collisions multiples,,,,,,,,,,,1,2,2,9.0,5
201400022628,0014-02-24 14:20:00,14,2,24,14,20,300,189,BEAUCAIRE (ROUTE),,,Plein jour,En agglomération,Hors intersection,Normale,Autre collision,,,,,,,,,,,1,2,1,1.0,6
201400022629,0014-03-02 22:33:00,14,3,2,22,33,300,189,TRIAIRE SERGENT (BOULEVA,43.8285,4.35995,Nuit avec éclairage allumé,En agglomération,Intersection en X,Normale,Deux véhicules - côté,,,,,,,,,,,5,2,2,1.0,3
201400022630,0014-03-03 17:08:00,14,3,3,17,8,300,189,ALLENDE SALVADOR (RUE),,,Plein jour,En agglomération,Hors intersection,Normale,Trois véhicules et plus - en chaîne,,,,,,,,,,,1,2,1,1.0,4
201400022631,0014-03-04 19:45:00,14,3,4,19,45,300,189,JAURES JEAN (BOULEVARD),43.83325,4.40562,Nuit avec éclairage allumé,En agglomération,Intersection en X,Normale,Deux véhicules - côté,,,,,,,,,,,5,2,2,1.0,3
201400022632,0014-03-07 12:10:00,14,3,7,12,10,300,189,SAINT GILLES (ROUTE),43.76466,4.40562,Plein jour,Hors agglomération,Intersection en T,Normale,Deux véhicules - arrière,,,,,,,,,,,1,1,3,1.0,2
201400022633,0014-03-08 16:20:00,14,3,8,16,20,300,189,MAS DE CHEYLON,43.80523,4.33643,Plein jour,En agglomération,Intersection en X,Normale,Deux véhicules - côté,,,,,,,,,,,1,2,2,1.0,3
201400022634,0014-03-08 19:25:00,14,3,8,19,25,300,189,MENDES FRANCE PIERRE (AV,43.82734,4.3749,Nuit avec éclairage allumé,En agglomération,Intersection en T,Normale,Deux véhicules - côté,,,,,,,,,,,5,2,3,1.0,3
201400022635,0014-03-09 16:58:00,14,3,9,16,58,300,189,FOUR A CHAUX (ROND POINT,43.81417,4.33477,Plein jour,En agglomération,Giratoire,Normale,Deux véhicules - côté,,,,,,,,,,,1,2,6,1.0,3
201400022636,0014-03-14 14:42:00,14,3,14,14,42,300,189,"990, MAURICE SCHUMANN",43.81225,4.36876,Plein jour,En agglomération,Hors intersection,Normale,Deux véhicules - côté,,,,,,,,,,,1,2,1,1.0,3
201400022637,0014-03-14 18:25:00,14,3,14,18,25,300,189,TRIAIRE SERGENT (BOULEVA,43.83004,4.36237,Crépuscule ou aube,En agglomération,Intersection en Y,Normale,Autre collision,,,,,,,,,,,2,2,4,1.0,6
201400022638,0014-03-15 17:40:00,14,3,15,17,40,300,189,DAYAN GEORGES (AVENUE),43.81652,4.333,Plein jour,En agglomération,Intersection en T,Normale,Deux véhicules - côté,,,,,,,,,,,1,2,3,1.0,3
201400022639,0014-03-16 15:35:00,14,3,16,15,35,300,189,VERDUN (RUE),43.83058,4.35165,Plein jour,En agglomération,Place,Normale,Deux véhicules - arrière,,,,,,,,,,,1,2,7,1.0,2
201400022640,0014-03-17 08:17:00,14,3,17,8,17,300,189,DAYAN GEORGES (AVENUE),43.81652,4.333,Plein jour,En agglomération,Intersection en T,Normale,Trois véhicules et plus - en chaîne,,,,,,,,,,,1,2,3,1.0,4
201400022641,0014-03-17 08:20:00,14,3,17,8,20,300,189,VIERGE (RUE),43.84235,4.36253,Plein jour,En agglomération,Intersection en X,Normale,Deux véhicules - côté,,,,,,,,,,,1,2,2,1.0,3
201400022642,0014-03-20 07:00:00,14,3,20,7,0,300,189,"57, FAITA VINCENT (RUE)",43.84889,4.37364,Plein jour,En agglomération,Hors intersection,Normale,Deux véhicules - frontale,,,,,,,,,,,1,2,1,1.0,1
201400022643,0014-03-21 18:45:00,14,3,21,18,45,300,189,BEAUCAIRE (ROUTE),43.83697,4.38716,Crépuscule ou aube,En agglomération,Intersection en T,Normale,Deux véhicules - côté,,,,,,,,,,,2,2,3,1.0,3
201400022644,0014-03-21 18:30:00,14,3,21,18,30,300,189,MENDES FRANCE PIERRE (AV,43.82503,4.37875,Nuit avec éclairage allumé,En agglomération,Intersection en X,Normale,Deux véhicules - côté,,,,,,,,,,,5,2,2,1.0,3
201400022645,0014-03-27 16:02:00,14,3,27,16,2,300,189,BOEGNER PASTEUR MARC (BO,,,Plein jour,En agglomération,Giratoire,Normale,Deux véhicules - arrière,,,,,,,,,,,1,2,6,1.0,2
201400022646,0014-03-27 16:45:00,14,3,27,16,45,300,189,DE LATTRE DE TASSIGNY (A,,,Plein jour,En agglomération,Hors intersection,Normale,Autre collision,,,,,,,,,,,1,2,1,1.0,6
201400022647,0014-03-28 11:10:00,14,3,28,11,10,300,189,MAS DE CHEYLON,43.80524,4.33644,Plein jour,En agglomération,Intersection en X,Normale,Trois véhicules et plus - collisions multiples,,,,,,,,,,,1,2,2,1.0,5
201400022648,0014-03-28 17:10:00,14,3,28,17,10,300,189,MENARD (RUE),43.84216,4.35551,Plein jour,En agglomération,Intersection en X,Normale,Deux véhicules - côté,,,,,,,,,,,1,2,2,1.0,3
201400022649,0014-03-30 06:00:00,14,3,30,6,0,300,189,"103, SAINT GILLES (ROUTE",43.82107,4.36555,Nuit avec éclairage allumé,En agglomération,Hors intersection,Normale,Autre collision,,,,,,,,,,,5,2,1,1.0,6
201400022650,0014-04-01 01:00:00,14,4,1,1,0,300,189,UTRILLO (RUE OU IMPASSE),43.82274,4.33517,Nuit avec éclairage allumé,En agglomération,Hors intersection,Normale,Autre collision,,,,,,,,,,,5,2,1,1.0,6
201400022651,0014-04-02 12:59:00,14,4,2,12,59,300,189,ALLENDE SALVADOR (RUE),43.82739,4.37478,Plein jour,En agglomération,Intersection en X,Normale,Deux véhicules - arrière,,,,,,,,,,,1,2,2,1.0,2
201400022652,0014-04-03 14:20:00,14,4,3,14,20,300,189,MONTJARDIN (RUE),,,Plein jour,En agglomération,Hors intersection,Normale,Autre collision,,,,,,,,,,,1,2,1,1.0,6
201400022653,0014-04-03 15:55:00,14,4,3,15,55,300,189,PAVLOV (AVENUE),43.81428,4.31511,Plein jour,En agglomération,Intersection en T,Normale,Deux véhicules - côté,,,,,,,,,,,1,2,3,1.0,3
201400022654,0014-04-04 11:45:00,14,4,4,11,45,300,189,ATON BERNARD (RUE),43.8321,4.36256,Plein jour,En agglomération,Intersection en X,Normale,Deux véhicules - côté,,,,,,,,,,,1,2,2,1.0,3
201400022655,0014-04-04 16:55:00,14,4,4,16,55,300,189,FOURNIER ALAIN (RUE),43.8242,4.34791,Plein jour,En agglomération,Intersection en X,Normale,Deux véhicules - côté,,,,,,,,,,,1,2,2,1.0,3
201400022656,0014-04-05 15:50:00,14,4,5,15,50,300,189,CANAUX (CHEMIN),,,Plein jour,En agglomération,Intersection en T,Normale,Deux véhicules - côté,,,,,,,,,,,1,2,3,1.0,3
201400022657,0014-04-06 06:10:00,14,4,6,6,10,300,189,KENNEDY (AVENUE),,,Plein jour,En agglomération,Hors intersection,Normale,Sans collision,,,,,,,,,,,1,2,1,1.0,7
201400022658,0014-04-07 05:44:00,14,4,7,5,44,300,189,BEAUCAIRE (ROUTE),,,Nuit sans éclairage public,En agglomération,Giratoire,Normale,Deux véhicules - côté,,,,,,,,,,,3,2,6,1.0,3
201400022659,0014-04-08 21:10:00,14,4,8,21,10,300,189,MAIL (RUE),43.83274,4.35266,Nuit avec éclairage allumé,En agglomération,Intersection en X,Normale,Deux véhicules - côté,,,,,,,,,,,5,2,2,1.0,3
201400022660,0014-04-09 21:06:00,14,4,9,21,6,300,189,BOMPARD ROBERT (AVENUE),,,Nuit avec éclairage allumé,En agglomération,Hors intersection,Normale,Deux véhicules - frontale,,,,,,,,,,,5,2,1,1.0,1
201400022661,0014-04-10 23:28:00,14,4,10,23,28,300,189,PUCCINI (RUE),43.82298,4.33601,Nuit avec éclairage allumé,En agglomération,Giratoire,Normale,Autre collision,,,,,,,,,,,5,2,6,1.0,6
201400022662,0014-04-11 20:50:00,14,4,11,20,50,300,189,ROBERVAL GILLES (RUE OU,,,Nuit avec éclairage allumé,En agglomération,Hors intersection,Normale,Deux véhicules - frontale,,,,,,,,,,,5,2,1,1.0,1
201400022663,0014-04-12 13:05:00,14,4,12,13,5,300,189,SAINT GILLES (ROUTE),,,Plein jour,En agglomération,Hors intersection,Normale,Trois véhicules et plus - en chaîne,,,,,,,,,,,1,2,1,1.0,4
201400022664,0014-04-12 14:50:00,14,4,12,14,50,300,189,TRIAIRE SERGENT (BOULEVA,43.82842,4.35996,Plein jour,En agglomération,Intersection en T,Normale,Autre collision,,,,,,,,,,,1,2,3,1.0,6
201400022665,0014-04-14 14:40:00,14,4,14,14,40,300,189,JAURES JEAN (BOULEVARD),43.83333,4.35167,Plein jour,En agglomération,Intersection en X,Normale,Trois véhicules et plus - en chaîne,,,,,,,,,,,1,2,2,1.0,4
201400022666,0014-04-18 23:50:00,14,4,18,23,50,300,189,TELLIER CHARLES (RUE),43.83875,4.42161,Nuit avec éclairage allumé,En agglomération,Hors intersection,Normale,Deux véhicules - côté,,,,,,,,,,,5,2,1,1.0,3
201400022667,0014-04-19 16:25:00,14,4,19,16,25,300,189,UZES (ROUTE D'),43.8504,4.37442,Plein jour,En agglomération,Intersection en X,Normale,Deux véhicules - arrière,,,,,,,,,,,1,2,2,1.0,2
201400022668,0014-04-19 22:25:00,14,4,19,22,25,300,189,DELON ANTOINE (RUE),43.84136,4.37598,Nuit avec éclairage allumé,En agglomération,Intersection en T,Normale,Deux véhicules - côté,,,,,,,,,,,5,2,3,1.0,3
201400022669,0014-04-20 19:42:00,14,4,20,19,42,300,189,BEAUCAIRE (ROUTE),43.83688,4.38841,Nuit sans éclairage public,En agglomération,Giratoire,Pluie légère,Deux véhicules - arrière,,,,,,,,,,,3,2,6,2.0,2
201400022670,0014-04-23 07:40:00,14,4,23,7,40,300,189,MENDES FRANCE PIERRE (AV,,,Plein jour,En agglomération,Hors intersection,Pluie légère,Deux véhicules - arrière,,,,,,,,,,,1,2,1,2.0,2
201400022671,0014-04-22 15:50:00,14,4,22,15,50,300,189,NICOT (RUE),43.84081,4.37107,Plein jour,En agglomération,Intersection en X,Pluie légère,Deux véhicules - côté,,,,,,,,,,,1,2,2,2.0,3
201400022672,0014-04-25 01:30:00,14,4,25,1,30,300,189,KENNEDY (AVENUE),43.82625,4.33242,Nuit avec éclairage allumé,En agglomération,Hors intersection,Normale,Sans collision,,,,,,,,,,,5,2,1,1.0,7
201400022673,0014-04-28 03:50:00,14,4,28,3,50,300,189,"149, SAUVE (ROUTE)",43.84038,4.31859,Nuit sans éclairage public,En agglomération,Hors intersection,Normale,Autre collision,,,,,,,,,,,3,2,1,1.0,6
201400022674,0014-04-29 11:55:00,14,4,29,11,55,300,189,POMPIDOU GEORGES (AVENUE,43.8378,4.34521,Plein jour,En agglomération,Intersection en X,Normale,Autre collision,,,,,,,,,,,1,2,2,1.0,6
201400022675,0014-04-30 03:10:00,14,4,30,3,10,300,189,MAS DE LAUZE (CHEMIN),43.83078,4.32272,Nuit avec éclairage allumé,En agglomération,Intersection en Y,Normale,Deux véhicules - côté,,,,,,,,,,,5,2,4,1.0,3
201400022676,0014-05-01 18:10:00,14,5,1,18,10,300,189,MAS DE CHEYLON,43.80522,4.33645,Plein jour,En agglomération,Intersection en X,Normale,Deux véhicules - arrière,,,,,,,,,,,1,2,2,1.0,2
201400022677,0014-05-03 11:50:00,14,5,3,11,50,300,189,SEMARD PIERRE (RUE),43.83925,4.36473,Plein jour,En agglomération,Intersection en X,Normale,Autre collision,,,,,,,,,,,1,2,2,1.0,6
201400022678,0014-05-03 17:17:00,14,5,3,17,17,300,189,TALABOT (BOULEVARD),43.83846,4.37243,Plein jour,En agglomération,Intersection en X,Normale,Autre collision,,,,,,,,,,,1,2,2,1.0,6
201400022679,0014-05-04 13:38:00,14,5,4,13,38,300,189,FRANCAIS LIBRES (BD),43.83639,4.3211,Plein jour,En agglomération,Hors intersection,Normale,Autre collision,,,,,,,,,,,1,2,1,1.0,6