accident_id,datetime,annee,mois,jour,heure,minute,departement,commune_insee,adresse,latitude,longitude,luminosite,agglomeration,intersection,meteo,collision,nb_vehicules,nb_usagers,nb_indemnes,nb_tues,nb_blesses_hosp,nb_blesses_legers,age_cond_1,age_cond_2,veh_type_cond_1,veh_type_cond_2,lum_code,agg_code,int_code,atm_code,col_code
201400022680,0014-05-05 08:20:00,14,5,5,8,20,300,189,"8, DHUODA (RUE)",43.8294,4.35359,Plein jour,En agglomération,Hors intersection,Normale,Autre collision,,,,,,,,,,,1,2,1,1.0,6
201400022681,0014-05-06 14:55:00,14,5,6,14,55,300,189,MENDES FRANCE PIERRE (AV,43.81435,4.38663,Plein jour,En agglomération,Intersection en T,Normale,Deux véhicules - frontale,,,,,,,,,,,1,2,3,1.0,1
201400022682,0014-05-09 15:00:00,14,5,9,15,0,300,189,CANAUX (CHEMIN),43.79175,4.37366,Plein jour,Hors agglomération,Hors intersection,Normale,Deux véhicules - frontale,,,,,,,,,,,1,1,1,1.0,1
201400022683,0014-05-13 12:25:00,14,5,13,12,25,300,189,NATIONALE (RUE),43.84003,4.35948,Plein jour,En agglomération,Hors intersection,Normale,Autre collision,,,,,,,,,,,1,2,1,1.0,6
201400022684,0014-05-13 20:00:00,14,5,13,20,0,300,189,TRIAIRE SERGENT (BOULEVA,43.83128,4.36428,Plein jour,En agglomération,Intersection en X,Normale,Deux véhicules - frontale,,,,,,,,,,,1,2,2,1.0,1
201400022685,0014-05-16 08:15:00,14,5,16,8,15,300,189,GOLF (CHEMIN OU IMPASSE),43.85105,4.30978,Plein jour,En agglomération,Hors intersection,Normale,Deux véhicules - côté,,,,,,,,,,,1,2,1,1.0,3
201400022686,0014-05-17 22:58:00,14,5,17,22,58,300,189,ENCLOS REY (RUE),43.8416,4.36309,Nuit avec éclairage allumé,En agglomération,Intersection en X,Normale,Deux véhicules - côté,,,,,,,,,,,5,2,2,1.0,3
201400022687,0014-05-20 18:20:00,14,5,20,18,20,300,189,PLACETTE (PLACE),43.83371,4.35317,Plein jour,En agglomération,Intersection en X,Normale,Deux véhicules - côté,,,,,,,,,,,1,2,2,1.0,3
201400022688,0014-05-20 19:55:00,14,5,20,19,55,300,189,BIR HAKEIM (AVENUE),43.84195,4.38787,Plein jour,En agglomération,Intersection en X,Normale,Autre collision,,,,,,,,,,,1,2,2,1.0,6
201400022689,0014-05-22 10:05:00,14,5,22,10,5,300,189,SIMON ANDRE (RUE),43.82511,4.36183,Plein jour,En agglomération,Intersection à plus de 4 branches,Normale,Deux véhicules - côté,,,,,,,,,,,1,2,5,1.0,3
201400022690,0014-05-27 09:10:00,14,5,27,9,10,300,189,LECLERC GENERAL (AVENUE),,,Plein jour,En agglomération,Hors intersection,Normale,Trois véhicules et plus - en chaîne,,,,,,,,,,,1,2,1,1.0,4
201400022691,0014-05-28 21:12:00,14,5,28,21,12,300,189,GENERAC (ROUTE),,,Crépuscule ou aube,En agglomération,Hors intersection,Normale,Autre collision,,,,,,,,,,,2,2,1,1.0,6
201400022692,0014-05-31 09:55:00,14,5,31,9,55,300,189,TOUR DE L'EVEQUE (RUE),43.82662,4.36616,Plein jour,En agglomération,Intersection en X,Normale,Deux véhicules - côté,,,,,,,,,,,1,2,2,1.0,3
201400022693,0014-05-31 22:25:00,14,5,31,22,25,300,189,SAUVE (ROUTE),,,Nuit avec éclairage allumé,Hors agglomération,Hors intersection,Normale,Deux véhicules - côté,,,,,,,,,,,5,1,1,1.0,3
201400022694,0014-06-06 06:15:00,14,6,6,6,15,300,189,TALABOT (BOULEVARD),43.83389,4.36721,Plein jour,En agglomération,Hors intersection,Normale,Autre collision,,,,,,,,,,,1,2,1,1.0,6
201400022695,0014-06-06 18:40:00,14,6,6,18,40,300,189,"25, CALVAS (RUE)",43.84986,4.36542,Plein jour,Hors agglomération,Hors intersection,Normale,Deux véhicules - côté,,,,,,,,,,,1,1,1,1.0,3
201400022696,0014-06-08 14:20:00,14,6,8,14,20,300,189,SAUVE (ROUTE),,,Plein jour,En agglomération,Hors intersection,Normale,Deux véhicules - frontale,,,,,,,,,,,1,2,1,1.0,1
201400022697,0014-06-08 22:45:00,14,6,8,22,45,300,189,"51, POMPIDOU GEORGES (AV",43.83649,4.34634,Nuit avec éclairage allumé,En agglomération,Hors intersection,Normale,Autre collision,,,,,,,,,,,5,2,1,1.0,6
201400022698,0014-06-09 16:50:00,14,6,9,16,50,300,189,JAURES JEAN (BOULEVARD),,,Plein jour,En agglomération,Hors intersection,Normale,Autre collision,,,,,,,,,,,1,2,1,1.0,6
201400022699,0014-06-09 00:45:00,14,6,9,0,45,300,189,JAURES JEAN (BOULEVARD),43.82684,4.35311,Nuit avec éclairage allumé,En agglomération,Intersection en X,Normale,Deux véhicules - côté,,,,,,,,,,,5,2,2,1.0,3
201400022700,0014-06-09 20:25:00,14,6,9,20,25,300,189,MENDES FRANCE PIERRE (AV,43.82514,4.3785,Plein jour,En agglomération,Intersection en T,Normale,Deux véhicules - côté,,,,,,,,,,,1,2,3,1.0,3
201400022701,0014-06-10 09:00:00,14,6,10,9,0,300,189,ALES (ROUTE),43.87191,4.31984,Plein jour,En agglomération,Hors intersection,Normale,Deux véhicules - arrière,,,,,,,,,,,1,2,1,1.0,2
201400022702,0014-06-13 17:50:00,14,6,13,17,50,300,189,ALES (ROUTE),43.8558,4.32315,Plein jour,Hors agglomération,Hors intersection,Pluie forte,Deux véhicules - côté,,,,,,,,,,,1,1,1,3.0,3
201400022703,0014-06-13 19:45:00,14,6,13,19,45,300,189,GAMBETTA (BD),43.83964,4.35556,Plein jour,En agglomération,Intersection en X,Pluie légère,Deux véhicules - arrière,,,,,,,,,,,1,2,2,2.0,2
201400022704,0014-06-17 12:25:00,14,6,17,12,25,300,189,REPUBLIQUE (RUE),43.83255,4.35845,Plein jour,En agglomération,Intersection en T,Normale,Autre collision,,,,,,,,,,,1,2,3,1.0,6
201400022705,0014-06-17 17:50:00,14,6,17,17,50,300,189,NEPER (RUE),,,Plein jour,En agglomération,Hors intersection,Normale,Autre collision,,,,,,,,,,,1,2,1,1.0,6
201400022706,0014-06-17 21:50:00,14,6,17,21,50,300,189,MAURICE SCHUMANN,43.84121,4.38648,Nuit avec éclairage allumé,En agglomération,Intersection en T,Pluie légère,Deux véhicules - frontale,,,,,,,,,,,5,2,3,2.0,1
201400022707,0014-06-18 16:30:00,14,6,18,16,30,300,189,REINACH SALOMON (RUE),43.83397,4.37784,Plein jour,En agglomération,Hors intersection,Pluie forte,Deux véhicules - arrière,,,,,,,,,,,1,2,1,3.0,2
201400022708,0014-06-18 22:40:00,14,6,18,22,40,300,189,AVIGNON (ROUTE),43.84219,4.37909,Nuit avec éclairage allumé,En agglomération,Intersection en T,Normale,Sans collision,,,,,,,,,,,5,2,3,1.0,7
201400022709,0014-06-20 17:20:00,14,6,20,17,20,300,189,ARTS (AVENUE),43.82387,4.33526,Plein jour,En agglomération,Hors intersection,Normale,Sans collision,,,,,,,,,,,1,2,1,1.0,7
201400022710,0014-06-25 07:25:00,14,6,25,7,25,300,189,MENDES FRANCE PIERRE (AV,,,Plein jour,En agglomération,Hors intersection,Pluie légère,Deux véhicules - arrière,,,,,,,,,,,1,2,1,2.0,2
201400022711,0014-06-26 02:30:00,14,6,26,2,30,300,189,MAS DE CHEYLON,43.79372,4.34652,Nuit sans éclairage public,Hors agglomération,Intersection en T,Normale,Sans collision,,,,,,,,,,,3,1,3,1.0,7
201400022712,0014-06-26 16:05:00,14,6,26,16,5,300,189,NATOIRE (BOULEVARD),43.8308,4.36915,Plein jour,En agglomération,Intersection en Y,Normale,Autre collision,,,,,,,,,,,1,2,4,1.0,6
201400022713,0014-06-30 21:15:00,14,6,30,21,15,300,189,BOURDAN PIERRE (RUE),43.84243,4.38495,Crépuscule ou aube,En agglomération,Intersection en X,Normale,Autre collision,,,,,,,,,,,2,2,2,1.0,6
201400022714,0014-07-01 12:40:00,14,7,1,12,40,300,189,TOUR DE L'EVEQUE (RUE),43.82885,4.36286,Plein jour,En agglomération,Hors intersection,Normale,Deux véhicules - côté,,,,,,,,,,,1,2,1,1.0,3
201400022715,0014-07-01 15:45:00,14,7,1,15,45,300,189,FEUCHERES (AVENUE),43.83295,4.36542,Plein jour,En agglomération,Hors intersection,Normale,Autre collision,,,,,,,,,,,1,2,1,1.0,6
201400022716,0014-07-01 17:35:00,14,7,1,17,35,300,189,ALLENDE SALVADOR (RUE),43.81561,4.34204,Plein jour,En agglomération,Hors intersection,Normale,Deux véhicules - côté,,,,,,,,,,,1,2,1,1.0,3
201400022717,0014-07-05 17:20:00,14,7,5,17,20,300,189,CHASSAINTES (RUE),43.83702,4.35233,Plein jour,En agglomération,Intersection en T,Normale,Autre collision,,,,,,,,,,,1,2,3,1.0,6
201400022718,0014-07-07 22:25:00,14,7,7,22,25,300,189,RISHON LE ZION (ROND POI,43.83689,4.38851,Nuit avec éclairage allumé,En agglomération,Giratoire,Normale,Deux véhicules - frontale,,,,,,,,,,,5,2,6,1.0,1
201400022719,0014-07-08 19:12:00,14,7,8,19,12,300,189,"57, JAURES JEAN (BOULEVA",43.82948,4.35276,Plein jour,En agglomération,Hors intersection,Normale,Trois véhicules et plus - en chaîne,,,,,,,,,,,1,2,1,1.0,4
201400022720,0014-07-08 18:10:00,14,7,8,18,10,300,189,BABY JACQUES (RUE ET IMP,43.85008,4.39899,Plein jour,En agglomération,Hors intersection,Normale,Autre collision,,,,,,,,,,,1,2,1,1.0,6
201400022721,0014-07-08 21:15:00,14,7,8,21,15,300,189,SAUVE (RUE),43.83748,4.34764,Crépuscule ou aube,En agglomération,Intersection en T,Normale,Deux véhicules - côté,,,,,,,,,,,2,2,3,1.0,3
201400022722,0014-07-13 00:52:00,14,7,13,0,52,300,189,CLERISSEAU (RUE),43.84137,4.35794,Nuit avec éclairage allumé,En agglomération,Intersection en X,Normale,Sans collision,,,,,,,,,,,5,2,2,1.0,7
201400022723,0014-07-15 13:40:00,14,7,15,13,40,300,189,ROND POINT DE LA LIBERTE,43.81182,4.36693,Plein jour,En agglomération,Giratoire,Normale,Deux véhicules - côté,,,,,,,,,,,1,2,6,1.0,3
201400022724,0014-07-15 14:52:00,14,7,15,14,52,300,189,FRANCAIS LIBRES (BD),43.82481,4.32687,Plein jour,En agglomération,Hors intersection,Normale,Sans collision,,,,,,,,,,,1,2,1,1.0,7
201400022725,0014-07-16 07:25:00,14,7,16,7,25,300,189,BOSC AUGUSTE (RUE),43.82806,4.34772,Plein jour,En agglomération,Intersection en T,Normale,Deux véhicules - côté,,,,,,,,,,,1,2,3,1.0,3
201400022726,0014-07-18 00:15:00,14,7,18,0,15,300,189,CASERNETTE (RUE),43.82811,4.35518,Nuit avec éclairage allumé,En agglomération,Intersection en X,Normale,Deux véhicules - côté,,,,,,,,,,,5,2,2,1.0,3
201400022727,0014-07-19 15:20:00,14,7,19,15,20,300,189,JAURES JEAN (BOULEVARD),43.83793,4.35034,Plein jour,En agglomération,Intersection en T,Normale,Autre collision,,,,,,,,,,,1,2,3,1.0,6
201400022728,0014-07-23 11:45:00,14,7,23,11,45,300,189,MONTPELLIER (ROUTE DE),,,Plein jour,En agglomération,Hors intersection,Normale,Deux véhicules - côté,,,,,,,,,,,1,2,1,1.0,3
201400022729,0014-07-25 04:45:00,14,7,25,4,45,300,189,MAS DE CHEYLON,43.80026,4.34116,Nuit avec éclairage allumé,En agglomération,Hors intersection,Normale,Deux véhicules - côté,,,,,,,,,,,5,2,1,1.0,3
201400022730,0014-07-25 21:45:00,14,7,25,21,45,300,189,LANGUEDOC (AVENUE),,,Nuit avec éclairage allumé,En agglomération,Giratoire,Normale,Deux véhicules - côté,,,,,,,,,,,5,2,6,1.0,3
201400022731,0014-07-26 18:28:00,14,7,26,18,28,300,189,"3, HUGO VICTOR (BOULEVAR",43.83579,4.35778,Plein jour,En agglomération,Intersection en T,Normale,Deux véhicules - côté,,,,,,,,,,,1,2,3,1.0,3
201400022732,0014-07-30 13:00:00,14,7,30,13,0,300,189,BOEGNER PASTEUR MARC (BO,,,Plein jour,En agglomération,Hors intersection,Normale,Deux véhicules - arrière,,,,,,,,,,,1,2,1,1.0,2
201400022733,0014-07-31 18:20:00,14,7,31,18,20,300,189,BEAUCAIRE (ROUTE),43.83327,4.42469,Plein jour,En agglomération,Hors intersection,Normale,Deux véhicules - arrière,,,,,,,,,,,1,2,1,1.0,2
201400022734,0014-08-03 18:00:00,14,8,3,18,0,300,189,CANAUX (CHEMIN),43.79169,4.3724,Plein jour,Hors agglomération,Hors intersection,Normale,Sans collision,,,,,,,,,,,1,1,1,1.0,7
201400022735,0014-08-04 09:35:00,14,8,4,9,35,300,189,ALLENDE SALVADOR (RUE),43.82328,4.36772,Plein jour,En agglomération,Hors intersection,Normale,Deux véhicules - arrière,,,,,,,,,,,1,2,1,1.0,2
201400022736,0014-08-08 19:15:00,14,8,8,19,15,300,189,ARTS (AVENUE),43.82612,4.33265,Plein jour,En agglomération,Giratoire,Normale,Deux véhicules - côté,,,,,,,,,,,1,2,6,1.0,3
201400022737,0014-08-10 23:30:00,14,8,10,23,30,300,189,"19, ECLUSE (PLACE OU RUE",43.83889,4.36578,Nuit avec éclairage allumé,En agglomération,Hors intersection,Normale,Sans collision,,,,,,,,,,,5,2,1,1.0,7
201400022738,0014-08-11 21:35:00,14,8,11,21,35,300,189,JAURES JEAN (BOULEVARD),43.8297,4.35226,Nuit avec éclairage allumé,En agglomération,Intersection en T,Normale,Autre collision,,,,,,,,,,,5,2,3,1.0,6
201400022739,0014-08-13 18:50:00,14,8,13,18,50,300,189,TESSIER GASTON (RUE),43.82226,4.35612,Plein jour,En agglomération,Intersection en X,Normale,Autre collision,,,,,,,,,,,1,2,2,1.0,6
201400022740,0014-08-15 00:15:00,14,8,15,0,15,300,189,"13, GAMBETTA (BD)",43.84046,4.3594,Nuit avec éclairage allumé,En agglomération,Hors intersection,Normale,Deux véhicules - côté,,,,,,,,,,,5,2,1,1.0,3
201400022741,0014-08-28 07:45:00,14,8,28,7,45,300,189,MONTPELLIER (ROUTE DE),43.81323,4.33312,Crépuscule ou aube,En agglomération,Hors intersection,Normale,Deux véhicules - côté,,,,,,,,,,,2,2,1,1.0,3
201400022742,0014-09-01 15:30:00,14,9,1,15,30,300,189,FAITA VINCENT (RUE),43.84433,3.65997,Plein jour,En agglomération,Intersection en T,Normale,Deux véhicules - côté,,,,,,,,,,,1,2,3,1.0,3
201400022743,0014-09-01 18:30:00,14,9,1,18,30,300,189,DHUODA (RUE),43.82753,4.35582,Plein jour,En agglomération,Intersection en X,Normale,Deux véhicules - côté,,,,,,,,,,,1,2,2,1.0,3
201400022744,0014-09-03 12:40:00,14,9,3,12,40,300,189,FAITA VINCENT (RUE),,,Plein jour,En agglomération,Hors intersection,Normale,Deux véhicules - côté,,,,,,,,,,,1,2,1,1.0,3
201400022745,0014-09-04 17:20:00,14,9,4,17,20,300,189,JEAN LAURET,43.80937,4.36163,Plein jour,En agglomération,Hors intersection,Normale,Deux véhicules - côté,,,,,,,,,,,1,2,1,1.0,3
201400022746,0014-09-05 17:30:00,14,9,5,17,30,300,189,ALLENDE SALVADOR (RUE),,,Plein jour,En agglomération,Hors intersection,Normale,Deux véhicules - arrière,,,,,,,,,,,1,2,1,1.0,2
201400022747,0014-09-06 09:45:00,14,9,6,9,45,300,189,ANDUZE (ROUTE OU ANCIENN,43.86752,4.30112,Plein jour,En agglomération,Intersection en X,Normale,Deux véhicules - arrière,,,,,,,,,,,1,2,2,1.0,2
201400022748,0014-09-09 21:35:00,14,9,9,21,35,300,189,SAUVE (ROUTE),,,Nuit sans éclairage public,Hors agglomération,Hors intersection,Normale,Deux véhicules - frontale,,,,,,,,,,,3,1,1,1.0,1
201400022749,0014-09-10 10:25:00,14,9,10,10,25,300,189,BEAUCAIRE (ROUTE),43.83771,4.3808,Plein jour,En agglomération,Intersection en T,Normale,Autre collision,,,,,,,,,,,1,2,3,1.0,6
201400022750,0014-09-11 21:00:00,14,9,11,21,0,300,189,BROSSOLETTE PIERRE (RUE),43.84364,4.39124,Nuit avec éclairage allumé,En agglomération,Intersection en T,Normale,Autre collision,,,,,,,,,,,5,2,3,1.0,6
201400022751,0014-09-12 06:30:00,14,9,12,6,30,300,189,SAINT GILLES (ROUTE),,,Crépuscule ou aube,Hors agglomération,Hors intersection,Normale,Deux véhicules - côté,,,,,,,,,,,2,1,1,1.0,3
201400022752,0014-09-13 09:30:00,14,9,13,9,30,300,189,BEAUCAIRE (ROUTE),43.83315,4.42629,Plein jour,Hors agglomération,Giratoire,Normale,Deux véhicules - arrière,,,,,,,,,,,1,1,6,1.0,2
201400022753,0014-09-13 08:35:00,14,9,13,8,35,300,189,KENNEDY (AVENUE),43.82636,4.33304,Plein jour,En agglomération,Autre intersection,Normale,Autre collision,,,,,,,,,,,1,2,9,1.0,6
201400022754,0014-09-14 22:05:00,14,9,14,22,5,300,189,GAMBETTA (BD),43.84045,4.36013,Nuit avec éclairage allumé,En agglomération,Intersection en T,Normale,Deux véhicules - arrière,,,,,,,,,,,5,2,3,1.0,2
201400022755,0014-09-14 22:45:00,14,9,14,22,45,300,189,CIRQUE ROMAIN (RUE),43.83206,4.35283,Nuit avec éclairage allumé,En agglomération,Intersection en T,Normale,Deux véhicules - côté,,,,,,,,,,,5,2,3,1.0,3
201400022756,0014-09-15 09:25:00,14,9,15,9,25,300,189,baillet claude,,,Plein jour,En agglomération,Hors intersection,Pluie légère,Autre collision,,,,,,,,,,,1,2,1,2.0,6
201400022757,0014-09-16 07:30:00,14,9,16,7,30,300,189,ANDUZE (ROUTE OU ANCIENN,,,Crépuscule ou aube,Hors agglomération,Hors intersection,Pluie légère,Sans collision,,,,,,,,,,,2,1,1,2.0,7
201400022758,0014-09-17 12:28:00,14,9,17,12,28,300,189,BEAUCAIRE (ROUTE),43.83689,4.38826,Plein jour,En agglomération,Giratoire,Normale,Deux véhicules - côté,,,,,,,,,,,1,2,6,1.0,3
201400022759,0014-09-17 13:00:00,14,9,17,13,0,300,189,SAINT GILLES (ROUTE),,,Plein jour,En agglomération,Hors intersection,Normale,Deux véhicules - frontale,,,,,,,,,,,1,2,1,1.0,1
201400022760,0014-09-17 13:00:00,14,9,17,13,0,300,189,NATOIRE (BOULEVARD),43.83078,4.36701,Plein jour,En agglomération,Intersection en Y,Normale,Autre collision,,,,,,,,,,,1,2,4,1.0,6
201400022761,0014-09-18 08:10:00,14,9,18,8,10,300,189,BEAUCAIRE (ROUTE),43.83321,4.42527,Plein jour,En agglomération,Hors intersection,Pluie légère,Deux véhicules - arrière,,,,,,,,,,,1,2,1,2.0,2
201400022762,0014-09-18 09:20:00,14,9,18,9,20,300,189,DAUMIER (RUE),43.82089,4.33377,Plein jour,En agglomération,Hors intersection,Normale,Autre collision,,,,,,,,,,,1,2,1,1.0,6
201400022763,0014-09-19 15:11:00,14,9,19,15,11,300,189,ROBERT JEAN (PLACE),43.84,4.3657,Plein jour,En agglomération,Place,Normale,Autre collision,,,,,,,,,,,1,2,7,1.0,6
201400022764,0014-09-19 21:20:00,14,9,19,21,20,300,189,ALLENDE SALVADOR (RUE),43.8222,4.36497,Nuit avec éclairage allumé,En agglomération,Hors intersection,Normale,Deux véhicules - arrière,,,,,,,,,,,5,2,1,1.0,2
201400022765,0014-09-19 21:15:00,14,9,19,21,15,300,189,MAS BOULBON (CHEMIN),,,Nuit avec éclairage allumé,En agglomération,Hors intersection,Normale,Sans collision,,,,,,,,,,,5,2,1,1.0,7
201400022766,0014-09-22 13:00:00,14,9,22,13,0,300,189,PITOT (RUE),43.84725,4.37804,Plein jour,En agglomération,Hors intersection,Normale,Autre collision,,,,,,,,,,,1,2,1,1.0,6
201400022767,0014-09-22 15:10:00,14,9,22,15,10,300,189,BABY JACQUES (RUE ET IMP,43.85307,4.39773,Plein jour,En agglomération,Intersection en Y,Normale,Autre collision,,,,,,,,,,,1,2,4,1.0,6
201400022768,0014-09-27 18:25:00,14,9,27,18,25,300,189,JAURES JEAN (BOULEVARD),,,Plein jour,En agglomération,Hors intersection,Normale,Sans collision,,,,,,,,,,,1,2,1,1.0,7
201400022769,0014-09-30 15:15:00,14,9,30,15,15,300,189,"21, REPUBLIQUE (RUE)",43.83217,4.358,Plein jour,En agglomération,Intersection en X,Normale,Deux véhicules - côté,,,,,,,,,,,1,2,2,1.0,3
201400022770,0014-10-01 09:55:00,14,10,1,9,55,300,189,PASTEUR PAUL BRUNEL,,,Plein jour,En agglomération,Intersection en T,Normale,Deux véhicules - côté,,,,,,,,,,,1,2,3,1.0,3
201400022771,0014-10-06 06:35:00,14,10,6,6,35,300,189,JAURES JEAN (BOULEVARD),43.83025,4.35234,Nuit avec éclairage allumé,En agglomération,Intersection en X,Normale,Deux véhicules - côté,,,,,,,,,,,5,2,2,1.0,3
201400022772,0014-10-06 08:50:00,14,10,6,8,50,300,189,VERDUN (RUE),43.83217,4.34986,Plein jour,En agglomération,Intersection en T,Normale,Autre collision,,,,,,,,,,,1,2,3,1.0,6
201400022773,0014-10-06 15:50:00,14,10,6,15,50,300,189,ALLENDE SALVADOR (RUE),43.82436,4.36926,Plein jour,En agglomération,Giratoire,Normale,Deux véhicules - côté,,,,,,,,,,,1,2,6,1.0,3
201400022774,0014-10-07 09:20:00,14,10,7,9,20,300,189,AVIGNON (ROUTE),43.84182,4.3776,Plein jour,En agglomération,Intersection en T,Pluie légère,Deux véhicules - côté,,,,,,,,,,,1,2,3,2.0,3
201400022775,0014-10-07 10:45:00,14,10,7,10,45,300,189,AVIGNON (ROUTE),,,Plein jour,Hors agglomération,Hors intersection,Normale,Deux véhicules - arrière,,,,,,,,,,,1,1,1,1.0,2
201400022776,0014-10-07 12:10:00,14,10,7,12,10,300,189,GENERAC (ROUTE),43.80525,4.33644,Plein jour,En agglomération,Intersection en X,Pluie forte,Deux véhicules - côté,,,,,,,,,,,1,2,2,3.0,3
201400022777,0014-10-07 20:10:00,14,10,7,20,10,300,189,"163, SAUVE (ROUTE)",43.83936,4.32183,Nuit sans éclairage public,En agglomération,Hors intersection,Pluie légère,Deux véhicules - arrière,,,,,,,,,,,3,2,1,2.0,2
201400022778,0014-10-09 22:10:00,14,10,9,22,10,300,189,DAYAN GEORGES (AVENUE),43.82143,4.3429,Nuit avec éclairage allumé,En agglomération,Intersection en T,Normale,Deux véhicules - côté,,,,,,,,,,,5,2,3,1.0,3
201400022779,0014-10-11 14:30:00,14,10,11,14,30,300,189,TRIAIRE SERGENT (BOULEVA,43.82671,4.3568,Plein jour,En agglomération,Intersection en X,Normale,Deux véhicules - côté,,,,,,,,,,,1,2,2,1.0,3
201400022780,0014-10-11 18:00:00,14,10,11,18,0,300,189,KENNEDY (AVENUE),43.82353,4.32787,Plein jour,En agglomération,Giratoire,Normale,Autre collision,,,,,,,,,,,1,2,6,1.0,6
201400022781,0014-10-11 22:20:00,14,10,11,22,20,300,189,"GALILEE (RUE, PLACE OU I",43.82947,4.32653,Nuit avec éclairage allumé,En agglomération,Intersection en T,Normale,Autre collision,,,,,,,,,,,5,2,3,1.0,6
201400022782,0014-10-12 15:25:00,14,10,12,15,25,300,189,"63, LECLERC GENERAL (AVE",43.82852,4.37288,Plein jour,En agglomération,Hors intersection,Pluie légère,Deux véhicules - côté,,,,,,,,,,,1,2,1,2.0,3
201400022783,0014-10-12 20:44:00,14,10,12,20,44,300,189,RANGUEIL (RUE),43.84211,4.36124,Nuit avec éclairage allumé,En agglomération,Intersection en X,Normale,Deux véhicules - côté,,,,,,,,,,,5,2,2,1.0,3
201400022784,0014-10-14 08:40:00,14,10,14,8,40,300,189,SAUVE (ROUTE),43.83942,4.32162,Plein jour,En agglomération,Intersection en T,Normale,Deux véhicules - côté,,,,,,,,,,,1,2,3,1.0,3
201400022785,0014-10-16 22:20:00,14,10,16,22,20,300,189,PUECH DE LA GRUE (CHEMIN,43.82255,4.3477,Nuit avec éclairage allumé,En agglomération,Intersection en T,Normale,Autre collision,,,,,,,,,,,5,2,3,1.0,6
201400022786,0014-10-17 12:46:00,14,10,17,12,46,300,189,AVIGNON (ROUTE),,,Plein jour,En agglomération,Intersection en X,Normale,Deux véhicules - côté,,,,,,,,,,,1,2,2,1.0,3
201400022787,0014-10-19 11:41:00,14,10,19,11,41,300,189,BOEGNER PASTEUR MARC (BO,,,Plein jour,En agglomération,Hors intersection,Normale,Deux véhicules - arrière,,,,,,,,,,,1,2,1,1.0,2
201400022788,0014-10-19 18:20:00,14,10,19,18,20,300,189,BEAUCAIRE (ROUTE),43.83321,4.42634,Plein jour,Hors agglomération,Giratoire,Normale,Autre collision,,,,,,,,,,,1,1,6,1.0,6
201400022789,0014-10-24 21:25:00,14,10,24,21,25,300,189,"276, AVIGNON (ROUTE)",43.84725,4.38961,Nuit avec éclairage allumé,En agglomération,Intersection en T,Normale,Deux véhicules - côté,,,,,,,,,,,5,2,3,1.0,3
201400022790,0014-10-26 09:25:00,14,10,26,9,25,300,189,BOUIN JEAN (RUE),43.84746,4.373,Plein jour,En agglomération,Intersection en T,Normale,Deux véhicules - frontale,,,,,,,,,,,1,2,3,1.0,1
201400022791,0014-10-26 10:50:00,14,10,26,10,50,300,189,FAITA VINCENT (RUE),43.84747,4.37301,Plein jour,En agglomération,Intersection en T,Normale,Deux véhicules - côté,,,,,,,,,,,1,2,3,1.0,3
201400022792,0014-10-29 15:56:00,14,10,29,15,56,300,189,PERE BROTTIER  (RUE),43.81781,4.3475,Plein jour,En agglomération,Giratoire,Normale,Deux véhicules - côté,,,,,,,,,,,1,2,6,1.0,3
201400022793,0014-10-29 22:55:00,14,10,29,22,55,300,189,SEMARD PIERRE (RUE),43.84088,4.37325,Nuit avec éclairage allumé,En agglomération,Intersection en X,Normale,Deux véhicules - côté,,,,,,,,,,,5,2,2,1.0,3
201400022794,0014-10-30 18:15:00,14,10,30,18,15,300,189,ADER CLEMENT (AVENUE),,,Nuit avec éclairage allumé,En agglomération,Hors intersection,Normale,Autre collision,,,,,,,,,,,5,2,1,1.0,6
201400022795,0014-10-31 23:55:00,14,10,31,23,55,300,189,ARENES (BOULEVARD),43.83391,4.35989,Nuit avec éclairage allumé,En agglomération,Intersection en X,Normale,Autre collision,,,,,,,,,,,5,2,2,1.0,6
201400022796,0014-10-31 08:40:00,14,10,31,8,40,300,189,LANGUEDOC (AVENUE),,,Plein jour,En agglomération,Hors intersection,Normale,Autre collision,,,,,,,,,,,1,2,1,1.0,6
201400022797,0014-11-03 01:25:00,14,11,3,1,25,300,189,BRETELLE SORTIE RN 106,43.8942,4.28962,Nuit sans éclairage public,En agglomération,Hors intersection,Normale,Autre collision,,,,,,,,,,,3,2,1,1.0,6
201400022798,0014-11-05 17:30:00,14,11,5,17,30,300,189,MARECHAL JUIN (BOULEVARD,43.82224,4.35003,Crépuscule ou aube,En agglomération,Intersection en T,Normale,Deux véhicules - côté,,,,,,,,,,,2,2,3,1.0,3
201400022799,0014-11-06 17:55:00,14,11,6,17,55,300,189,FAITA VINCENT (RUE),43.84568,4.37169,Crépuscule ou aube,En agglomération,Intersection en T,Normale,Deux véhicules - côté,,,,,,,,,,,2,2,3,1.0,3
201400022800,0014-11-07 09:50:00,14,11,7,9,50,300,189,TRAJAN (RUE),43.83977,4.35338,Plein jour,En agglomération,Intersection en X,Normale,Deux véhicules - côté,,,,,,,,,,,1,2,2,1.0,3
201400022801,0014-11-07 16:50:00,14,11,7,16,50,300,189,"538, PROUVE JEAN (AVENUE",43.81421,4.35297,Plein jour,En agglomération,Hors intersection,Normale,Autre collision,,,,,,,,,,,1,2,1,1.0,6
201400022802,0014-11-08 12:50:00,14,11,8,12,50,300,189,GAMBETTA (BD),43.84043,4.36032,Plein jour,En agglomération,Intersection en T,Normale,Autre collision,,,,,,,,,,,1,2,3,1.0,6