accident_id,datetime,annee,mois,jour,heure,minute,departement,commune_insee,adresse,latitude,longitude,luminosite,agglomeration,intersection,meteo,collision,nb_vehicules,nb_usagers,nb_indemnes,nb_tues,nb_blesses_hosp,nb_blesses_legers,age_cond_1,age_cond_2,veh_type_cond_1,veh_type_cond_2,lum_code,agg_code,int_code,atm_code,col_code
201400023062,0014-01-30 10:40:00,14,1,30,10,40,310,555,"1, AV JEAN RIEUX",,,Plein jour,En agglomération,Intersection en T,Pluie légère,Autre collision,,,,,,,,,,,1,2,3,2.0,6
201400023063,0014-01-31 14:00:00,14,1,31,14,0,310,555,"1, RUE AUGUSTE GUENOT",,,Plein jour,En agglomération,Hors intersection,Normale,Autre collision,,,,,,,,,,,1,2,1,1.0,6
201400023064,0014-01-31 17:30:00,14,1,31,17,30,310,555,"1, RTE DE SAINT SIMON",,,Plein jour,En agglomération,Intersection en T,Normale,Autre collision,,,,,,,,,,,1,2,3,1.0,6
201400023065,0014-02-03 16:10:00,14,2,3,16,10,310,555,"28, RUE JEAN PERRIN",,,Plein jour,En agglomération,Hors intersection,Normale,Deux véhicules - côté,,,,,,,,,,,1,2,1,1.0,3
201400023066,0014-01-30 18:10:00,14,1,30,18,10,310,555,"416, RTE DE SAINT SIMON",,,Nuit avec éclairage allumé,En agglomération,Intersection en T,Normale,Autre collision,,,,,,,,,,,5,2,3,1.0,6
201400023067,0014-01-31 14:30:00,14,1,31,14,30,310,149,"46, HUGO (BOULEVARD VICT",43.6167,1.31227,Plein jour,En agglomération,Hors intersection,Pluie légère,Autre collision,,,,,,,,,,,1,2,1,2.0,6
201400023068,0014-02-05 14:50:00,14,2,5,14,50,310,555,RUE BOUDEVILLE,,,Plein jour,En agglomération,Intersection en T,Normale,Deux véhicules - côté,,,,,,,,,,,1,2,3,1.0,3
201400023069,0014-01-30 20:10:00,14,1,30,20,10,310,555,AV CRAMPEL,,,Nuit avec éclairage allumé,En agglomération,Hors intersection,Pluie légère,Autre collision,,,,,,,,,,,5,2,1,2.0,6
201400023070,0014-02-05 20:05:00,14,2,5,20,5,310,555,"56, BD DE STRASBOURG",,,Nuit avec éclairage allumé,En agglomération,Hors intersection,Normale,Deux véhicules - côté,,,,,,,,,,,5,2,1,1.0,3
201400023071,0014-02-06 11:25:00,14,2,6,11,25,310,555,AV DE FRONTON,,,Plein jour,En agglomération,Hors intersection,Normale,Deux véhicules - arrière,,,,,,,,,,,1,2,1,1.0,2
201400023072,0014-02-06 16:50:00,14,2,6,16,50,310,555,"92 bis, RTE DE SAINT SIM",,,Plein jour,En agglomération,Hors intersection,Temps éblouissant,Autre collision,,,,,,,,,,,1,2,1,7.0,6
201400023073,0014-02-06 13:55:00,14,2,6,13,55,310,555,"98, BD SILVIO TRENTIN",,,Plein jour,En agglomération,Hors intersection,Normale,Autre collision,,,,,,,,,,,1,2,1,1.0,6
201400023074,0014-02-07 16:35:00,14,2,7,16,35,310,555,VA007379 BAYLAC  A624 So,,,Plein jour,Hors agglomération,Hors intersection,Normale,Deux véhicules - arrière,,,,,,,,,,,1,1,1,1.0,2
201400023075,0014-02-07 16:50:00,14,2,7,16,50,310,557,"3, BORDENEUVE (CH DE)",43.57754,1.32576,Plein jour,En agglomération,Hors intersection,Normale,Deux véhicules - côté,,,,,,,,,,,1,2,1,1.0,3
201400023076,0014-02-07 17:45:00,14,2,7,17,45,310,555,"999, AV DE CASSELARDIT",,,Plein jour,En agglomération,Hors intersection,Normale,Deux véhicules - côté,,,,,,,,,,,1,2,1,1.0,3
201400023077,0014-02-08 10:15:00,14,2,8,10,15,310,555,PL DES CARMES,,,Plein jour,En agglomération,Hors intersection,Normale,Sans collision,,,,,,,,,,,1,2,1,1.0,7
201400023078,0014-02-10 07:45:00,14,2,10,7,45,310,555,"93, AV JEAN CHAUBET",,,Crépuscule ou aube,En agglomération,Autre intersection,Normale,Deux véhicules - côté,,,,,,,,,,,2,2,9,1.0,3
201400023079,0014-02-06 18:10:00,14,2,6,18,10,310,149,MARCEL DASSAULT (BD),43.61127,1.34583,Plein jour,En agglomération,Hors intersection,Normale,Autre collision,,,,,,,,,,,1,2,1,1.0,6
201400023080,0014-02-06 19:30:00,14,2,6,19,30,310,555,"999, RUE DU POLE",,,Nuit avec éclairage allumé,Hors agglomération,Intersection en T,Normale,Deux véhicules - côté,,,,,,,,,,,5,1,3,1.0,3
201400023081,0014-02-07 20:00:00,14,2,7,20,0,310,555,LA FAOURETTE A620,43.5826,1.40402,Plein jour,Hors agglomération,Hors intersection,Normale,Deux véhicules - frontale,,,,,,,,,,,1,1,1,1.0,1
201400023082,0014-02-11 18:40:00,14,2,11,18,40,310,555,"9, RUE CLAUDE GONIN",,,Nuit avec éclairage allumé,En agglomération,Hors intersection,Pluie légère,Autre collision,,,,,,,,,,,5,2,1,2.0,6
201400023083,0014-02-12 02:00:00,14,2,12,2,0,310,69,ROND POINT BORDEBASSE,43.6369,1.37568,Nuit avec éclairage allumé,En agglomération,Hors intersection,Pluie légère,Autre collision,,,,,,,,,,,5,2,1,2.0,6
201400023084,0014-02-12 07:00:00,14,2,12,7,0,310,555,VA007553 A62,,,Crépuscule ou aube,Hors agglomération,Hors intersection,Normale,Sans collision,,,,,,,,,,,2,1,1,1.0,7
201400023085,0014-02-12 16:15:00,14,2,12,16,15,310,557,1 SPORTS (ALL DES),43.57953,1.34276,Plein jour,En agglomération,Hors intersection,Normale,Deux véhicules - côté,,,,,,,,,,,1,2,1,1.0,3
201400023086,0014-02-12 16:15:00,14,2,12,16,15,310,69,"15, COMPANS (AV DU GENER",43.62668,1.39839,Plein jour,En agglomération,Hors intersection,Normale,Autre collision,,,,,,,,,,,1,2,1,1.0,6
201400023087,0014-02-13 08:00:00,14,2,13,8,0,310,555,"260, AV DE CASSELARDIT",,,Crépuscule ou aube,En agglomération,Hors intersection,Normale,Autre collision,,,,,,,,,,,2,2,1,1.0,6
201400023088,0014-02-13 13:40:00,14,2,13,13,40,310,557,39 DOUMERGUE (RUE GASTON,43.5841,1.3429,Plein jour,En agglomération,Hors intersection,Normale,Deux véhicules - arrière,,,,,,,,,,,1,2,1,1.0,2
201400023089,0014-02-14 13:50:00,14,2,14,13,50,310,555,"28, BD LAZARE CARNOT",,,Plein jour,En agglomération,Hors intersection,Normale,Deux véhicules - côté,,,,,,,,,,,1,2,1,1.0,3
201400023090,0014-02-15 21:50:00,14,2,15,21,50,310,149,"4, 3 COLOMIERS EST (A624",,,Nuit avec éclairage allumé,En agglomération,Hors intersection,Pluie légère,Deux véhicules - arrière,,,,,,,,,,,5,2,1,2.0,2
201400023091,0014-02-17 00:05:00,14,2,17,0,5,310,555,"999, PL DU PARLEMENT",,,Plein jour,En agglomération,Hors intersection,Pluie légère,Deux véhicules - côté,,,,,,,,,,,1,2,1,2.0,3
201400023092,0014-02-14 18:35:00,14,2,14,18,35,310,555,"1, PL INTERIEURE ST CYPR",,,Nuit avec éclairage allumé,En agglomération,Hors intersection,Normale,Deux véhicules - côté,,,,,,,,,,,5,2,1,1.0,3
201400023093,0014-02-21 17:30:00,14,2,21,17,30,310,555,"999, AV SALVADOR DALI",,,Plein jour,En agglomération,Hors intersection,Normale,Deux véhicules - frontale,,,,,,,,,,,1,2,1,1.0,1
201400023094,0014-02-21 21:40:00,14,2,21,21,40,310,555,"999, ALL CHARLES DE FITT",,,Nuit avec éclairage allumé,En agglomération,Hors intersection,Normale,Deux véhicules - côté,,,,,,,,,,,5,2,1,1.0,3
201400023095,0014-02-26 17:15:00,14,2,26,17,15,310,149,CH NASQUE/CH DE CHASSE,43.60081,1.30615,Plein jour,Hors agglomération,Intersection en T,Normale,Deux véhicules - côté,,,,,,,,,,,1,1,3,1.0,3
201400023096,0014-02-24 16:05:00,14,2,24,16,5,310,149,RP F.LUMINEU/RTE BAYONNE,43.60952,1.35275,Plein jour,En agglomération,Hors intersection,Normale,Deux véhicules - arrière,,,,,,,,,,,1,2,1,1.0,2
201400023097,0014-02-24 19:35:00,14,2,24,19,35,310,149,D980,,,Nuit avec éclairage allumé,En agglomération,Hors intersection,Normale,Trois véhicules et plus - en chaîne,,,,,,,,,,,5,2,1,1.0,4
201400023098,0014-02-27 06:00:00,14,2,27,6,0,310,555,A 62,,,Nuit avec éclairage allumé,Hors agglomération,Hors intersection,Normale,Sans collision,,,,,,,,,,,5,1,1,1.0,7
201400023099,0014-02-27 22:30:00,14,2,27,22,30,310,555,"72, AV DES ETATS UNIS",,,Nuit avec éclairage allumé,En agglomération,Hors intersection,Pluie légère,Autre collision,,,,,,,,,,,5,2,1,2.0,6
201400023100,0014-02-28 07:00:00,14,2,28,7,0,310,69,D 902,,,Crépuscule ou aube,En agglomération,Hors intersection,Pluie légère,Autre collision,,,,,,,,,,,2,2,1,2.0,6
201400023101,0014-02-28 09:00:00,14,2,28,9,0,310,555,"999, AV EDOUARD BELIN",,,Crépuscule ou aube,En agglomération,Hors intersection,Pluie forte,Deux véhicules - arrière,,,,,,,,,,,2,2,1,3.0,2
201400023102,0014-02-28 09:00:00,14,2,28,9,0,310,555,"58, AV DES ETATS UNIS",,,Plein jour,En agglomération,Intersection en T,Pluie légère,Autre collision,,,,,,,,,,,1,2,3,2.0,6
201400023103,0014-03-02 18:00:00,14,3,2,18,0,310,555,"1, RUE DE L ETOILE",,,Crépuscule ou aube,En agglomération,Hors intersection,Normale,Autre collision,,,,,,,,,,,2,2,1,1.0,6
201400023104,0014-03-03 20:25:00,14,3,3,20,25,310,555,"999, RTE DE NARBONNE",,,Nuit avec éclairage allumé,En agglomération,Hors intersection,Pluie forte,Autre collision,,,,,,,,,,,5,2,1,3.0,6
201400023105,0014-03-03 21:25:00,14,3,3,21,25,310,555,"999, AV DE LA GLOIRE",,,Nuit avec éclairage allumé,En agglomération,Intersection en X,Pluie légère,Deux véhicules - côté,,,,,,,,,,,5,2,2,2.0,3
201400023106,0014-01-06 15:00:00,14,1,6,15,0,310,555,"xx, RUE LANCEFOC",,,Plein jour,En agglomération,Intersection en X,Normale,Deux véhicules - côté,,,,,,,,,,,1,2,2,1.0,3
201400023107,0014-03-05 15:45:00,14,3,5,15,45,310,555,"999, RUE ARISTIDE MAILLO",,,Plein jour,En agglomération,Intersection en T,Normale,Autre collision,,,,,,,,,,,1,2,3,1.0,6
201400023108,0014-03-06 18:00:00,14,3,6,18,0,310,555,VA007313 LE CHAPITRE A64,,,Plein jour,Hors agglomération,Hors intersection,Normale,Deux véhicules - arrière,,,,,,,,,,,1,1,1,1.0,2
201400023109,0014-03-07 17:00:00,14,3,7,17,0,310,555,"13, AV DES MAZADES",,,Plein jour,En agglomération,Hors intersection,Normale,Autre collision,,,,,,,,,,,1,2,1,1.0,6
201400023110,0014-03-07 17:45:00,14,3,7,17,45,310,555,"999, AV JEAN RIEUX",,,Plein jour,En agglomération,Hors intersection,Normale,Deux véhicules - côté,,,,,,,,,,,1,2,1,1.0,3
201400023111,0014-03-08 08:15:00,14,3,8,8,15,310,555,VA007418 PONT JUMEAUX A6,43.6112,1.41577,Plein jour,Hors agglomération,Hors intersection,Normale,Sans collision,,,,,,,,,,,1,1,1,1.0,7
201400023112,0014-03-08 12:00:00,14,3,8,12,0,310,555,"78, BD PIERRE ET MARIE C",,,Plein jour,En agglomération,Hors intersection,Normale,Deux véhicules - frontale,,,,,,,,,,,1,2,1,1.0,1
201400023113,0014-03-08 17:10:00,14,3,8,17,10,310,555,VA007495 A62,,,Plein jour,Hors agglomération,Hors intersection,Normale,Autre collision,,,,,,,,,,,1,1,1,1.0,6
201400023114,0014-03-09 13:55:00,14,3,9,13,55,310,555,"0, BD LAZARE CARNOT",,,Plein jour,En agglomération,Hors intersection,Normale,Deux véhicules - arrière,,,,,,,,,,,1,2,1,1.0,2
201400023115,0014-03-06 10:20:00,14,3,6,10,20,310,555,VA007331 A620,43.558,1.4902,Plein jour,Hors agglomération,Hors intersection,Normale,Trois véhicules et plus - collisions multiples,,,,,,,,,,,1,1,1,1.0,5
201400023116,0014-03-11 02:20:00,14,3,11,2,20,310,555,"2, AV YVES BRUNAUD",,,Nuit avec éclairage allumé,En agglomération,Hors intersection,Normale,Sans collision,,,,,,,,,,,5,2,1,1.0,7
201400023117,0014-03-06 17:24:00,14,3,6,17,24,310,557,"32, AURIOL (BD VINCENT)",43.58709,1.34921,Plein jour,En agglomération,Hors intersection,Normale,Trois véhicules et plus - en chaîne,,,,,,,,,,,1,2,1,1.0,4
201400023118,0014-03-11 18:05:00,14,3,11,18,5,310,555,"91, CHE DE GABARDIE",,,Plein jour,En agglomération,Intersection en T,Normale,Autre collision,,,,,,,,,,,1,2,3,1.0,6
201400023119,0014-03-12 01:00:00,14,3,12,1,0,310,555,"32, AV VICTOR SEGOFFIN",,,Nuit avec éclairage allumé,En agglomération,Hors intersection,Normale,Autre collision,,,,,,,,,,,5,2,1,1.0,6
201400023120,0014-03-11 17:30:00,14,3,11,17,30,310,555,"999, BD DE LA GARE",,,Plein jour,En agglomération,Intersection en X,Normale,Deux véhicules - frontale,,,,,,,,,,,1,2,2,1.0,1
201400023121,0014-03-12 13:00:00,14,3,12,13,0,310,555,"999, AV DU GENERAL EISEN",,,Plein jour,En agglomération,Hors intersection,Normale,Autre collision,,,,,,,,,,,1,2,1,1.0,6
201400023122,0014-03-12 18:45:00,14,3,12,18,45,310,555,RD901,43.6165,1.39312,Plein jour,En agglomération,Hors intersection,Pluie légère,Deux véhicules - arrière,,,,,,,,,,,1,2,1,2.0,2
201400023123,0014-03-10 17:00:00,14,3,10,17,0,310,149,SIDOBRE (PLACE DU),43.60956,1.3457,Plein jour,En agglomération,Hors intersection,Normale,Deux véhicules - arrière,,,,,,,,,,,1,2,1,1.0,2
201400023124,0014-03-13 18:20:00,14,3,13,18,20,310,555,"224, AV DES ETATS UNIS",,,Plein jour,En agglomération,Hors intersection,Normale,Autre collision,,,,,,,,,,,1,2,1,1.0,6
201400023125,0014-03-12 17:30:00,14,3,12,17,30,310,555,"348, CHE DE TUCAUT",,,Plein jour,En agglomération,Hors intersection,Normale,Trois véhicules et plus - en chaîne,,,,,,,,,,,1,2,1,1.0,4
201400023126,0014-03-14 10:15:00,14,3,14,10,15,310,555,"999, RTE D ALBI",,,Plein jour,En agglomération,Hors intersection,Normale,Deux véhicules - arrière,,,,,,,,,,,1,2,1,1.0,2
201400023127,0014-03-14 11:10:00,14,3,14,11,10,310,555,"999, CHE CARROSSE",,,Plein jour,En agglomération,Giratoire,Normale,Deux véhicules - côté,,,,,,,,,,,1,2,6,1.0,3
201400023128,0014-03-14 17:15:00,14,3,14,17,15,310,555,"999, RUE DU POLE",,,Plein jour,En agglomération,Hors intersection,Normale,Trois véhicules et plus - collisions multiples,,,,,,,,,,,1,2,1,1.0,5
201400023129,0014-03-14 22:00:00,14,3,14,22,0,310,69,BELISAIRE (CH)/CH BERRY,43.63373,1.38973,Nuit avec éclairage allumé,En agglomération,Intersection en T,Normale,Deux véhicules - frontale,,,,,,,,,,,5,2,3,1.0,1
201400023130,0014-03-15 05:45:00,14,3,15,5,45,310,555,"999, AV DE GRANDE BRETAG",,,Plein jour,En agglomération,Hors intersection,Normale,Sans collision,,,,,,,,,,,1,2,1,1.0,7
201400023131,0014-03-15 21:45:00,14,3,15,21,45,310,555,"112, GRANDE RUE SAINT MI",,,Plein jour,En agglomération,Intersection en T,Normale,Deux véhicules - côté,,,,,,,,,,,1,2,3,1.0,3
201400023132,0014-03-15 23:15:00,14,3,15,23,15,310,555,AV PAUL SEJOURNE,,,Nuit avec éclairage allumé,En agglomération,Hors intersection,Normale,Deux véhicules - côté,,,,,,,,,,,5,2,1,1.0,3
201400023133,0014-03-16 04:45:00,14,3,16,4,45,310,555,VA007547 SOUPETARD A61 S,,,Plein jour,Hors agglomération,Hors intersection,Normale,Sans collision,,,,,,,,,,,1,1,1,1.0,7
201400023134,0014-03-16 01:00:00,14,3,16,1,0,310,555,"41, AV CRAMPEL",,,Nuit avec éclairage allumé,En agglomération,Intersection en T,Normale,Deux véhicules - frontale,,,,,,,,,,,5,2,3,1.0,1
201400023135,0014-03-17 08:45:00,14,3,17,8,45,310,555,VA007518 A68,43.64476,1.49756,Plein jour,Hors agglomération,Hors intersection,Normale,Trois véhicules et plus - collisions multiples,,,,,,,,,,,1,1,1,1.0,5
201400023136,0014-03-18 18:00:00,14,3,18,18,0,310,555,"999, RUE DU GENERAL PELE",,,Plein jour,En agglomération,Intersection en X,Normale,Deux véhicules - côté,,,,,,,,,,,1,2,2,1.0,3
201400023137,0014-03-14 09:35:00,14,3,14,9,35,310,149,RP GALILEE,43.60973,1.30819,Plein jour,En agglomération,Giratoire,Normale,Deux véhicules - arrière,,,,,,,,,,,1,2,6,1.0,2
201400023138,0014-03-20 08:32:00,14,3,20,8,32,310,555,RUE DU PONT GUILHEMERY,,,Plein jour,En agglomération,Intersection en X,Normale,Deux véhicules - arrière,,,,,,,,,,,1,2,2,1.0,2
201400023139,0014-03-20 09:40:00,14,3,20,9,40,310,555,VA007539 LA ROSERAIE A61,,,Plein jour,Hors agglomération,Hors intersection,Normale,Trois véhicules et plus - collisions multiples,,,,,,,,,,,1,1,1,1.0,5
201400023140,0014-03-20 19:00:00,14,3,20,19,0,310,555,"331, AV DE FRONTON",,,Plein jour,En agglomération,Hors intersection,Normale,Deux véhicules - frontale,,,,,,,,,,,1,2,1,1.0,1
201400023141,0014-03-21 08:25:00,14,3,21,8,25,310,555,"22, RUE SALVY",,,Plein jour,En agglomération,Intersection en T,Normale,Deux véhicules - côté,,,,,,,,,,,1,2,3,1.0,3
201400023142,0014-03-21 11:25:00,14,3,21,11,25,310,555,VA007331 A620,43.5686,1.41579,Plein jour,Hors agglomération,Hors intersection,Normale,Deux véhicules - arrière,,,,,,,,,,,1,1,1,1.0,2
201400023143,0014-03-21 18:00:00,14,3,21,18,0,310,69,AVE CORNEBARRIEU/PINS,43.63757,1.38383,Plein jour,En agglomération,Hors intersection,Normale,Deux véhicules - côté,,,,,,,,,,,1,2,1,1.0,3
201400023144,0014-03-22 17:00:00,14,3,22,17,0,310,555,"271, AV DE MURET",,,Plein jour,En agglomération,Hors intersection,Normale,Autre collision,,,,,,,,,,,1,2,1,1.0,6
201400023145,0014-03-23 06:00:00,14,3,23,6,0,310,555,"18, PL DOMINIQUE MARTIN",,,Nuit avec éclairage allumé,En agglomération,Hors intersection,Normale,Sans collision,,,,,,,,,,,5,2,1,1.0,7
201400023146,0014-03-24 15:15:00,14,3,24,15,15,310,555,"999, BD MATABIAU",,,Plein jour,En agglomération,Intersection en T,Normale,Deux véhicules - côté,,,,,,,,,,,1,2,3,1.0,3
201400023147,0014-03-24 19:40:00,14,3,24,19,40,310,555,"999, CHE RAYNAL",,,Nuit avec éclairage allumé,En agglomération,Intersection en T,Pluie forte,Trois véhicules et plus - collisions multiples,,,,,,,,,,,5,2,3,3.0,5
201400023148,0014-03-25 10:25:00,14,3,25,10,25,310,555,BD DE L EMBOUCHURE,,,Plein jour,En agglomération,Hors intersection,Normale,Autre collision,,,,,,,,,,,1,2,1,1.0,6
201400023149,0014-03-23 09:05:00,14,3,23,9,5,310,555,VA007644 EMPALOT A620,43.5718,1.43558,Plein jour,Hors agglomération,Hors intersection,Normale,Sans collision,,,,,,,,,,,1,1,1,1.0,7
201400023150,0014-03-25 13:45:00,14,3,25,13,45,310,555,"25, RTE D ESPAGNE",,,Plein jour,En agglomération,Hors intersection,Pluie forte,Deux véhicules - frontale,,,,,,,,,,,1,2,1,3.0,1
201400023151,0014-03-25 16:20:00,14,3,25,16,20,310,555,VA007493 LES IZARDS A62,,,Plein jour,Hors agglomération,Hors intersection,Normale,Deux véhicules - arrière,,,,,,,,,,,1,1,1,1.0,2
201400023152,0014-03-25 21:40:00,14,3,25,21,40,310,555,"57, BD LASCROSSES",,,Plein jour,En agglomération,Hors intersection,Normale,Autre collision,,,,,,,,,,,1,2,1,1.0,6
201400023153,0014-03-24 20:00:00,14,3,24,20,0,310,555,"999, RTE DE LAUNAGUET",,,Nuit avec éclairage allumé,En agglomération,Hors intersection,Normale,Deux véhicules - frontale,,,,,,,,,,,5,2,1,1.0,1
201400023154,0014-03-25 17:25:00,14,3,25,17,25,310,555,VA007379 BAYLAC  A624,43.6049,1.39716,Plein jour,Hors agglomération,Hors intersection,Normale,Trois véhicules et plus - collisions multiples,,,,,,,,,,,1,1,1,1.0,5
201400023155,0014-03-26 12:30:00,14,3,26,12,30,310,555,"33, BD LAZARE CARNOT",,,Plein jour,En agglomération,Hors intersection,Normale,Autre collision,,,,,,,,,,,1,2,1,1.0,6
201400023156,0014-03-27 08:20:00,14,3,27,8,20,310,555,"999, RTE DE LAUNAGUET",,,Plein jour,En agglomération,Hors intersection,Normale,Autre collision,,,,,,,,,,,1,2,1,1.0,6
201400023157,0014-03-27 07:50:00,14,3,27,7,50,310,555,"999, CHE DE GABARDIE",,,Plein jour,En agglomération,Hors intersection,Normale,Trois véhicules et plus - collisions multiples,,,,,,,,,,,1,2,1,1.0,5
201400023158,0014-03-26 20:20:00,14,3,26,20,20,310,555,"999, ALL DES DEMOISELLES",,,Nuit avec éclairage non allumé,En agglomération,Hors intersection,Normale,Deux véhicules - frontale,,,,,,,,,,,4,2,1,1.0,1
201400023159,0014-03-28 18:00:00,14,3,28,18,0,310,555,"999, RUE DR ALBERT SCHWE",,,Plein jour,En agglomération,Hors intersection,Normale,Autre collision,,,,,,,,,,,1,2,1,1.0,6
201400023160,0014-03-28 19:00:00,14,3,28,19,0,310,555,"20, RTE DE REVEL",,,Crépuscule ou aube,En agglomération,Hors intersection,Normale,Autre collision,,,,,,,,,,,2,2,1,1.0,6
201400023161,0014-03-28 14:35:00,14,3,28,14,35,310,149,CALVET (BOULEVARD EMILE),43.61158,1.33662,Plein jour,En agglomération,Hors intersection,Normale,Deux véhicules - côté,,,,,,,,,,,1,2,1,1.0,3
201400023162,0014-04-01 08:30:00,14,4,1,8,30,310,555,"1, RUE JOACHIM DU BELLAY",,,Plein jour,En agglomération,Hors intersection,Normale,Autre collision,,,,,,,,,,,1,2,1,1.0,6
201400023163,0014-04-01 09:00:00,14,4,1,9,0,310,555,VA007333 LA FAOURETTE,43.5814,1.40482,Plein jour,Hors agglomération,Hors intersection,Normale,Autre collision,,,,,,,,,,,1,1,1,1.0,6
201400023164,0014-04-01 11:40:00,14,4,1,11,40,310,555,"2, RUE MONTMORENCY",,,Plein jour,En agglomération,Hors intersection,Normale,Deux véhicules - côté,,,,,,,,,,,1,2,1,1.0,3
201400023165,0014-03-27 19:10:00,14,3,27,19,10,310,555,"999, AV JULES JULIEN",,,Crépuscule ou aube,En agglomération,Hors intersection,Normale,Autre collision,,,,,,,,,,,2,2,1,1.0,6
201400023166,0014-04-02 10:00:00,14,4,2,10,0,310,555,"37bis, AV JEAN ZAY",,,Plein jour,En agglomération,Hors intersection,Normale,Autre collision,,,,,,,,,,,1,2,1,1.0,6
201400023167,0014-04-03 13:50:00,14,4,3,13,50,310,555,"235, AV DE FRONTON",,,Plein jour,En agglomération,Hors intersection,Normale,Autre collision,,,,,,,,,,,1,2,1,1.0,6
201400023168,0014-04-03 17:30:00,14,4,3,17,30,310,555,"19, CHE DE LA LOGE",,,Plein jour,En agglomération,Hors intersection,Normale,Deux véhicules - frontale,,,,,,,,,,,1,2,1,1.0,1
201400023169,0014-04-05 02:15:00,14,4,5,2,15,310,555,"65, AV DES MINIMES",,,Plein jour,En agglomération,Hors intersection,Normale,Deux véhicules - arrière,,,,,,,,,,,1,2,1,1.0,2
201400023170,0014-04-05 04:25:00,14,4,5,4,25,310,555,"999, ALL JULES GUESDE",,,Plein jour,En agglomération,Hors intersection,Normale,Deux véhicules - arrière,,,,,,,,,,,1,2,1,1.0,2
201400023171,0014-04-07 08:20:00,14,4,7,8,20,310,557,"158, LARRAMET (CH DE)",43.56058,1.35509,Plein jour,En agglomération,Hors intersection,Normale,Autre collision,,,,,,,,,,,1,2,1,1.0,6
201400023172,0014-04-07 13:45:00,14,4,7,13,45,310,555,VA007379 BAYLAC  A624 So,43.6049,1.39729,Plein jour,Hors agglomération,Hors intersection,Normale,Deux véhicules - arrière,,,,,,,,,,,1,1,1,1.0,2
201400023173,0014-04-07 17:55:00,14,4,7,17,55,310,555,"999, AV DE RANGUEIL",,,Plein jour,En agglomération,Hors intersection,Normale,Autre collision,,,,,,,,,,,1,2,1,1.0,6
201400023174,0014-04-02 17:00:00,14,4,2,17,0,310,149,OCCITANIE (PLACE D'),43.61133,1.33515,Plein jour,En agglomération,Hors intersection,Normale,Autre collision,,,,,,,,,,,1,2,1,1.0,6
201400023175,0014-04-01 17:55:00,14,4,1,17,55,310,149,Maurice Grynfogel (bd),43.61686,1.33988,Plein jour,En agglomération,Hors intersection,Normale,Deux véhicules - arrière,,,,,,,,,,,1,2,1,1.0,2
201400023176,0014-04-07 07:00:00,14,4,7,7,0,310,149,"07, MARCEL DASSAULT (BOU",43.61027,1.34854,Plein jour,En agglomération,Hors intersection,Normale,Deux véhicules - arrière,,,,,,,,,,,1,2,1,1.0,2
201400023177,0014-04-08 10:05:00,14,4,8,10,5,310,555,"3, BD LASCROSSES",,,Plein jour,En agglomération,Hors intersection,Normale,Autre collision,,,,,,,,,,,1,2,1,1.0,6
201400023178,0014-04-08 16:30:00,14,4,8,16,30,310,555,"75, ALL JULES GUESDE",,,Plein jour,En agglomération,Hors intersection,Normale,Autre collision,,,,,,,,,,,1,2,1,1.0,6
201400023179,0014-04-08 23:25:00,14,4,8,23,25,310,555,"0, AV DE LARDENNE",43.5921,1.39939,Nuit avec éclairage allumé,En agglomération,Intersection en X,Normale,Deux véhicules - frontale,,,,,,,,,,,5,2,2,1.0,1
201400023180,0014-04-09 11:20:00,14,4,9,11,20,310,555,"999, RUE BERTRAND DE BOR",,,Plein jour,En agglomération,Intersection en T,Normale,Deux véhicules - côté,,,,,,,,,,,1,2,3,1.0,3
201400023181,0014-04-09 19:40:00,14,4,9,19,40,310,555,DEMOISELLE/RANGUEIL,43.5723,1.45796,Plein jour,Hors agglomération,Hors intersection,Normale,Deux véhicules - arrière,,,,,,,,,,,1,1,1,1.0,2
201400023182,0014-04-09 21:18:00,14,4,9,21,18,310,555,VA007500 CROIX DAURADE A,,,Nuit avec éclairage allumé,Hors agglomération,Hors intersection,Normale,Autre collision,,,,,,,,,,,5,1,1,1.0,6
201400023183,0014-04-10 10:28:00,14,4,10,10,28,310,69,BRASSENS (AV GEORGE,43.64954,1.3797,Plein jour,En agglomération,Hors intersection,Normale,Deux véhicules - côté,,,,,,,,,,,1,2,1,1.0,3
201400023184,0014-04-10 19:30:00,14,4,10,19,30,310,149,"15, BD DE L'EUROPE",43.60039,1.35618,Plein jour,En agglomération,Hors intersection,Normale,Deux véhicules - côté,,,,,,,,,,,1,2,1,1.0,3
201400023185,0014-04-11 06:55:00,14,4,11,6,55,310,149,HUGO (BLD) VICTOR,43.60496,1.3069,Plein jour,Hors agglomération,Hors intersection,Normale,Deux véhicules - frontale,,,,,,,,,,,1,1,1,1.0,1
201400023186,0014-04-12 14:29:00,14,4,12,14,29,310,149,RN124,,,Plein jour,En agglomération,Hors intersection,Normale,Deux véhicules - côté,,,,,,,,,,,1,2,1,1.0,3
201400023187,0014-04-12 16:40:00,14,4,12,16,40,310,555,"999, RUE D ALSACE LORRAI",,,Plein jour,En agglomération,Hors intersection,Normale,Autre collision,,,,,,,,,,,1,2,1,1.0,6
201400023188,0014-04-13 00:20:00,14,4,13,0,20,310,555,"999, BD DE BONREPOS",,,Nuit avec éclairage allumé,En agglomération,Intersection en X,Normale,Deux véhicules - côté,,,,,,,,,,,5,2,2,1.0,3