accident_id,datetime,annee,mois,jour,heure,minute,departement,commune_insee,adresse,latitude,longitude,luminosite,agglomeration,intersection,meteo,collision,nb_vehicules,nb_usagers,nb_indemnes,nb_tues,nb_blesses_hosp,nb_blesses_legers,age_cond_1,age_cond_2,veh_type_cond_1,veh_type_cond_2,lum_code,agg_code,int_code,atm_code,col_code
201400023189,0014-04-13 00:50:00,14,4,13,0,50,310,555,VA007306 A64,,,Nuit avec éclairage allumé,Hors agglomération,Hors intersection,Normale,Deux véhicules - arrière,,,,,,,,,,,5,1,1,1.0,2
201400023190,0014-04-13 08:27:00,14,4,13,8,27,310,555,"999, RTE DE SAINT SIMON",,,Plein jour,En agglomération,Intersection en T,Normale,Deux véhicules - côté,,,,,,,,,,,1,2,3,1.0,3
201400023191,0014-04-13 18:20:00,14,4,13,18,20,310,555,"37, RUE ROBERT MESURET",,,Plein jour,En agglomération,Autre intersection,Normale,Autre collision,,,,,,,,,,,1,2,9,1.0,6
201400023192,0014-04-14 08:30:00,14,4,14,8,30,310,555,"999, RUE ADOLPHE COLL",,,Plein jour,En agglomération,Hors intersection,Normale,Autre collision,,,,,,,,,,,1,2,1,1.0,6
201400023193,0014-04-09 20:35:00,14,4,9,20,35,310,555,"999, Rd Pt Firmin Pons",,,Crépuscule ou aube,En agglomération,Hors intersection,Normale,Sans collision,,,,,,,,,,,2,2,1,1.0,7
201400023194,0014-04-14 08:35:00,14,4,14,8,35,310,555,"118, RTE DE NARBONNE",,,Plein jour,En agglomération,Hors intersection,Normale,Autre collision,,,,,,,,,,,1,2,1,1.0,6
201400023195,0014-04-15 08:45:00,14,4,15,8,45,310,557,TARBES (ROUTE DE),,,Plein jour,En agglomération,Intersection en T,Normale,Deux véhicules - côté,,,,,,,,,,,1,2,3,1.0,3
201400023196,0014-04-15 10:45:00,14,4,15,10,45,310,555,"408, AV DE FRONTON",,,Plein jour,En agglomération,Hors intersection,Normale,Deux véhicules - arrière,,,,,,,,,,,1,2,1,1.0,2
201400023197,0014-04-15 16:45:00,14,4,15,16,45,310,555,VA008482 A624,43.6113,1.37832,Plein jour,Hors agglomération,Hors intersection,Normale,Trois véhicules et plus - en chaîne,,,,,,,,,,,1,1,1,1.0,4
201400023198,0014-04-15 15:50:00,14,4,15,15,50,310,149,"8, BRUNAUD (AVENUE YVES)",43.61499,1.34731,Plein jour,En agglomération,Hors intersection,Normale,Deux véhicules - côté,,,,,,,,,,,1,2,1,1.0,3
201400023199,0014-04-15 18:15:00,14,4,15,18,15,310,555,VA008124 A 620,43.6054,1.40471,Plein jour,Hors agglomération,Hors intersection,Normale,Trois véhicules et plus - en chaîne,,,,,,,,,,,1,1,1,1.0,4
201400023200,0014-04-16 08:28:00,14,4,16,8,28,310,555,"223, RTE D ALBI",,,Plein jour,En agglomération,Hors intersection,Normale,Deux véhicules - côté,,,,,,,,,,,1,2,1,1.0,3
201400023201,0014-04-16 20:00:00,14,4,16,20,0,310,149,AL DU LOT/RUE GILET,43.60963,1.33927,Plein jour,En agglomération,Intersection en X,Normale,Deux véhicules - frontale,,,,,,,,,,,1,2,2,1.0,1
201400023202,0014-04-17 06:50:00,14,4,17,6,50,310,555,VA008482 A624 ancely,43.6053,1.39485,Plein jour,Hors agglomération,Hors intersection,Normale,Deux véhicules - frontale,,,,,,,,,,,1,1,1,1.0,1
201400023203,0014-04-17 22:00:00,14,4,17,22,0,310,555,"999, BD DES RECOLLETS",,,Nuit avec éclairage allumé,En agglomération,Hors intersection,Normale,Deux véhicules - arrière,,,,,,,,,,,5,2,1,1.0,2
201400023204,0014-04-19 06:10:00,14,4,19,6,10,310,555,VA007418 PURPAN,43.6061,1.40626,Nuit avec éclairage allumé,Hors agglomération,Hors intersection,Normale,Deux véhicules - arrière,,,,,,,,,,,5,1,1,1.0,2
201400023205,0014-04-22 20:40:00,14,4,22,20,40,310,555,"999, RTE DE NARBONNE",,,Plein jour,En agglomération,Hors intersection,Normale,Trois véhicules et plus - collisions multiples,,,,,,,,,,,1,2,1,1.0,5
201400023206,0014-04-23 06:50:00,14,4,23,6,50,310,149,MONTEL (BD)/AL COMMINGES,43.60705,1.33525,Nuit avec éclairage allumé,En agglomération,Hors intersection,Normale,Deux véhicules - côté,,,,,,,,,,,5,2,1,1.0,3
201400023207,0014-04-23 18:15:00,14,4,23,18,15,310,555,"999, CHE DE FENOUILLET",,,Plein jour,En agglomération,Hors intersection,Normale,Deux véhicules - côté,,,,,,,,,,,1,2,1,1.0,3
201400023208,0014-04-23 08:50:00,14,4,23,8,50,310,555,"13, RUE DE METZ",,,Plein jour,En agglomération,Hors intersection,Normale,Autre collision,,,,,,,,,,,1,2,1,1.0,6
201400023209,0014-04-24 13:35:00,14,4,24,13,35,310,555,"999, RUE ANDRE VASSEUR",,,Plein jour,En agglomération,Hors intersection,Normale,Deux véhicules - frontale,,,,,,,,,,,1,2,1,1.0,1
201400023210,0014-04-24 18:20:00,14,4,24,18,20,310,555,"999, AV DE FRONTON",,,Plein jour,En agglomération,Hors intersection,Normale,Deux véhicules - côté,,,,,,,,,,,1,2,1,1.0,3
201400023211,0014-04-25 11:40:00,14,4,25,11,40,310,555,"999, RUE ANTONIO VIVALDI",,,Plein jour,En agglomération,Hors intersection,Normale,Autre collision,,,,,,,,,,,1,2,1,1.0,6
201400023212,0014-04-28 06:15:00,14,4,28,6,15,310,69,"51, BUCHES (RUE DES)",43.63674,1.39138,Crépuscule ou aube,En agglomération,Hors intersection,Normale,Autre collision,,,,,,,,,,,2,2,1,1.0,6
201400023213,0014-04-28 09:00:00,14,4,28,9,0,310,69,88 RTE GRENADE/ PASTEUR,43.63437,1.39135,Plein jour,En agglomération,Hors intersection,Normale,Deux véhicules - côté,,,,,,,,,,,1,2,1,1.0,3
201400023214,0014-04-28 14:45:00,14,4,28,14,45,310,149,SALVETAT (CHEMIN DE),43.60333,1.30469,Plein jour,En agglomération,Hors intersection,Normale,Deux véhicules - arrière,,,,,,,,,,,1,2,1,1.0,2
201400023215,0014-04-29 17:00:00,14,4,29,17,0,310,555,VA007331 A620,43.5831,1.40373,Plein jour,Hors agglomération,Hors intersection,Normale,Deux véhicules - arrière,,,,,,,,,,,1,1,1,1.0,2
201400023216,0014-04-28 11:35:00,14,4,28,11,35,310,555,"999, RUE HENRI DESBALS",,,Plein jour,En agglomération,Hors intersection,Normale,Autre collision,,,,,,,,,,,1,2,1,1.0,6
201400023217,0014-04-30 08:20:00,14,4,30,8,20,310,555,VA007622 RANGUEIL A620 S,43.5723,1.45823,Plein jour,Hors agglomération,Hors intersection,Normale,Deux véhicules - arrière,,,,,,,,,,,1,1,1,1.0,2
201400023218,0014-04-30 10:10:00,14,4,30,10,10,310,149,LOUDET (CHEMIN DU),43.60776,1.30078,Plein jour,En agglomération,Hors intersection,Normale,Deux véhicules - frontale,,,,,,,,,,,1,2,1,1.0,1
201400023219,0014-04-30 23:55:00,14,4,30,23,55,310,555,"999, AV DE L URSS",,,Nuit avec éclairage allumé,En agglomération,Intersection en T,Normale,Autre collision,,,,,,,,,,,5,2,3,1.0,6
201400023220,0014-05-03 17:10:00,14,5,3,17,10,310,555,"999, AV DE LAVAUR",,,Plein jour,En agglomération,Hors intersection,Normale,Autre collision,,,,,,,,,,,1,2,1,1.0,6
201400023221,0014-05-04 01:15:00,14,5,4,1,15,310,555,"999, AV DES MINIMES",,,Nuit avec éclairage allumé,En agglomération,Intersection en T,Normale,Deux véhicules - côté,,,,,,,,,,,5,2,3,1.0,3
201400023222,0014-05-04 06:00:00,14,5,4,6,0,310,555,"999, AV DE LA GLOIRE",,,Nuit avec éclairage allumé,En agglomération,Intersection en T,Normale,Deux véhicules - côté,,,,,,,,,,,5,2,3,1.0,3
201400023223,0014-05-06 02:09:00,14,5,6,2,9,310,555,VA007440 LES MINIMESA620,43.6242,1.41788,Nuit avec éclairage allumé,Hors agglomération,Hors intersection,Normale,Deux véhicules - arrière,,,,,,,,,,,5,1,1,1.0,2
201400023224,0014-05-06 13:45:00,14,5,6,13,45,310,555,"60, BD DE L EMBOUCHURE",,,Plein jour,En agglomération,Hors intersection,Normale,Deux véhicules - arrière,,,,,,,,,,,1,2,1,1.0,2
201400023225,0014-05-07 19:45:00,14,5,7,19,45,310,555,"42, RUE DE LA BEAUCE",,,Plein jour,En agglomération,Hors intersection,Normale,Autre collision,,,,,,,,,,,1,2,1,1.0,6
201400023226,0014-05-08 02:25:00,14,5,8,2,25,310,555,"81, BD LAZARE CARNOT",,,Nuit avec éclairage allumé,En agglomération,Intersection en X,Normale,Autre collision,,,,,,,,,,,5,2,2,1.0,6
201400023227,0014-05-08 22:20:00,14,5,8,22,20,310,555,"999, AV DES MINIMES",,,Nuit avec éclairage allumé,En agglomération,Hors intersection,Normale,Autre collision,,,,,,,,,,,5,2,1,1.0,6
201400023228,0014-05-02 20:40:00,14,5,2,20,40,310,149,COMMINGES/PISCINE (ALLEE,43.60764,1.33347,Crépuscule ou aube,En agglomération,Intersection en T,Normale,Deux véhicules - côté,,,,,,,,,,,2,2,3,1.0,3
201400023229,0014-05-08 14:30:00,14,5,8,14,30,310,555,"91, BD GABRIEL KOENIGS",,,Plein jour,En agglomération,Hors intersection,Normale,Deux véhicules - côté,,,,,,,,,,,1,2,1,1.0,3
201400023230,0014-05-10 23:40:00,14,5,10,23,40,310,555,"125, RTE DE REVEL",,,Plein jour,En agglomération,Hors intersection,Normale,Deux véhicules - frontale,,,,,,,,,,,1,2,1,1.0,1
201400023231,0014-05-13 20:20:00,14,5,13,20,20,310,555,"999, ALL GABRIEL BIENES",,,Plein jour,En agglomération,Hors intersection,Normale,Autre collision,,,,,,,,,,,1,2,1,1.0,6
201400023232,0014-05-14 07:15:00,14,5,14,7,15,310,555,"999, PONT GARIGLIANO",,,Plein jour,En agglomération,Hors intersection,Normale,Deux véhicules - côté,,,,,,,,,,,1,2,1,1.0,3
201400023233,0014-05-14 11:15:00,14,5,14,11,15,310,555,"999, AV DES ETATS UNIS",,,Plein jour,En agglomération,Hors intersection,Normale,Deux véhicules - côté,,,,,,,,,,,1,2,1,1.0,3
201400023234,0014-05-14 19:10:00,14,5,14,19,10,310,555,VA007500 CROIX DAURADA62,,,Plein jour,Hors agglomération,Hors intersection,Normale,Deux véhicules - côté,,,,,,,,,,,1,1,1,1.0,3
201400023235,0014-05-15 07:30:00,14,5,15,7,30,310,555,VA007306 A64,,,Plein jour,Hors agglomération,Hors intersection,Normale,Sans collision,,,,,,,,,,,1,1,1,1.0,7
201400023236,0014-05-16 07:45:00,14,5,16,7,45,310,149,ROUERGUE (ALLEE DU),43.60942,1.33018,Plein jour,En agglomération,Hors intersection,Normale,Deux véhicules - frontale,,,,,,,,,,,1,2,1,1.0,1
201400023237,0014-05-16 08:50:00,14,5,16,8,50,310,555,"999, AV EMMANUEL MAIGNAN",,,Plein jour,En agglomération,Intersection en X,Normale,Deux véhicules - côté,,,,,,,,,,,1,2,2,1.0,3
201400023238,0014-05-16 10:05:00,14,5,16,10,5,310,555,"999, PL DU RAVELIN",,,Plein jour,En agglomération,Hors intersection,Normale,Autre collision,,,,,,,,,,,1,2,1,1.0,6
201400023239,0014-05-17 03:50:00,14,5,17,3,50,310,555,"15, BD DE LA GARE",,,Nuit avec éclairage non allumé,En agglomération,Hors intersection,Normale,Autre collision,,,,,,,,,,,4,2,1,1.0,6
201400023240,0014-05-17 17:30:00,14,5,17,17,30,310,555,"999, RUE RIGUEPELS",,,Plein jour,En agglomération,Hors intersection,Normale,Autre collision,,,,,,,,,,,1,2,1,1.0,6
201400023241,0014-05-17 19:50:00,14,5,17,19,50,310,555,ALL DES DEMOISELLES,,,Plein jour,En agglomération,Intersection en T,Normale,Deux véhicules - côté,,,,,,,,,,,1,2,3,1.0,3
201400023242,0014-05-18 12:55:00,14,5,18,12,55,310,555,"72, RUE ACHILLE VIADIEU",,,Plein jour,En agglomération,Hors intersection,Normale,Autre collision,,,,,,,,,,,1,2,1,1.0,6
201400023243,0014-05-18 16:40:00,14,5,18,16,40,310,555,"17, RUE ANDRE CHAMSON",,,Plein jour,En agglomération,Hors intersection,Normale,Autre collision,,,,,,,,,,,1,2,1,1.0,6
201400023244,0014-05-18 17:25:00,14,5,18,17,25,310,555,"20, GRANDE RUE SAINT MIC",,,Plein jour,En agglomération,Hors intersection,Normale,Deux véhicules - côté,,,,,,,,,,,1,2,1,1.0,3
201400023245,0014-05-18 19:00:00,14,5,18,19,0,310,555,"221, RTE D ALBI",,,Plein jour,En agglomération,Hors intersection,Normale,Deux véhicules - arrière,,,,,,,,,,,1,2,1,1.0,2
201400023246,0014-05-16 19:20:00,14,5,16,19,20,310,149,EL PEY (CHEMIN D'),43.60218,1.31492,Plein jour,En agglomération,Hors intersection,Normale,Sans collision,,,,,,,,,,,1,2,1,1.0,7
201400023247,0014-05-17 13:45:00,14,5,17,13,45,310,149,"80, LOUDET (CHEMIN DU)",43.60983,1.30776,Plein jour,En agglomération,Hors intersection,Normale,Autre collision,,,,,,,,,,,1,2,1,1.0,6
201400023248,0014-05-19 08:50:00,14,5,19,8,50,310,555,VA007644 EMPALOT A620 So,43.5707,1.43147,Plein jour,Hors agglomération,Hors intersection,Normale,Deux véhicules - arrière,,,,,,,,,,,1,1,1,1.0,2
201400023249,0014-05-20 11:05:00,14,5,20,11,5,310,69,CORNEBARRIEU (ROUTE DE),43.64502,1.36427,Plein jour,En agglomération,Hors intersection,Normale,Autre collision,,,,,,,,,,,1,2,1,1.0,6
201400023250,0014-05-20 09:35:00,14,5,20,9,35,310,555,"10, PORT SAINT SAUVEUR",,,Plein jour,En agglomération,Hors intersection,Normale,Trois véhicules et plus - en chaîne,,,,,,,,,,,1,2,1,1.0,4
201400023251,0014-05-20 12:20:00,14,5,20,12,20,310,555,BD PIERRE ET MARIE CURIE,,,Plein jour,En agglomération,Intersection à plus de 4 branches,Normale,Deux véhicules - côté,,,,,,,,,,,1,2,5,1.0,3
201400023252,0014-04-18 13:40:00,14,4,18,13,40,310,555,"42, RUE MATABIAU",,,Plein jour,En agglomération,Hors intersection,Normale,Autre collision,,,,,,,,,,,1,2,1,1.0,6
201400023253,0014-05-16 14:00:00,14,5,16,14,0,310,555,"15, RUE DE LA REPUBLIQUE",,,Plein jour,En agglomération,Hors intersection,Normale,Autre collision,,,,,,,,,,,1,2,1,1.0,6
201400023254,0014-05-18 17:30:00,14,5,18,17,30,310,555,"82, RTE DE BAYONNE",,,Plein jour,En agglomération,Hors intersection,Normale,Autre collision,,,,,,,,,,,1,2,1,1.0,6
201400023255,0014-05-23 08:50:00,14,5,23,8,50,310,149,"12, GUYNEMER (AVE) GEORG",43.61784,1.34396,Plein jour,En agglomération,Hors intersection,Normale,Deux véhicules - côté,,,,,,,,,,,1,2,1,1.0,3
201400023256,0014-05-23 12:40:00,14,5,23,12,40,310,69,FIL D'ARIANE (RD902),,,Plein jour,En agglomération,Hors intersection,Normale,Deux véhicules - arrière,,,,,,,,,,,1,2,1,1.0,2
201400023257,0014-05-23 20:50:00,14,5,23,20,50,310,149,RN124,43.6069,1.33142,Crépuscule ou aube,En agglomération,Hors intersection,Normale,Autre collision,,,,,,,,,,,2,2,1,1.0,6
201400023258,0014-05-24 17:30:00,14,5,24,17,30,310,555,VA008432 LANGLADE A620,43.5686,1.41992,Plein jour,Hors agglomération,Hors intersection,Normale,Autre collision,,,,,,,,,,,1,1,1,1.0,6
201400023259,0014-05-24 23:45:00,14,5,24,23,45,310,555,"999, AV ETIENNE BILLIERE",,,Nuit avec éclairage allumé,En agglomération,Giratoire,Normale,Autre collision,,,,,,,,,,,5,2,6,1.0,6
201400023260,0014-05-23 18:00:00,14,5,23,18,0,310,555,"999, AV DES ETATS UNIS",,,Plein jour,En agglomération,Intersection en T,Normale,Deux véhicules - côté,,,,,,,,,,,1,2,3,1.0,3
201400023261,0014-05-24 15:20:00,14,5,24,15,20,310,555,"999, AV DES ETATS UNIS",,,Plein jour,En agglomération,Hors intersection,Normale,Deux véhicules - arrière,,,,,,,,,,,1,2,1,1.0,2
201400023262,0014-05-27 17:10:00,14,5,27,17,10,310,555,"13, CHE CARROSSE",,,Plein jour,En agglomération,Hors intersection,Normale,Autre collision,,,,,,,,,,,1,2,1,1.0,6
201400023263,0014-05-26 15:15:00,14,5,26,15,15,310,555,"10, CHE DES CAPELLES",,,Plein jour,En agglomération,Hors intersection,Pluie forte,Autre collision,,,,,,,,,,,1,2,1,3.0,6
201400023264,0014-05-28 06:55:00,14,5,28,6,55,310,555,AV JEAN ZAY,,,Plein jour,En agglomération,Intersection en X,Normale,Deux véhicules - côté,,,,,,,,,,,1,2,2,1.0,3
201400023265,0014-05-28 07:45:00,14,5,28,7,45,310,555,"999, BD RICHARD WAGNER",,,Plein jour,En agglomération,Hors intersection,Normale,Deux véhicules - côté,,,,,,,,,,,1,2,1,1.0,3
201400023266,0014-05-28 19:30:00,14,5,28,19,30,310,555,RTE DE LABEGE,,,Crépuscule ou aube,En agglomération,Hors intersection,Pluie forte,Deux véhicules - frontale,,,,,,,,,,,2,2,1,3.0,1
201400023267,0014-05-28 12:40:00,14,5,28,12,40,310,555,"999, RUE LOUIS BONIN",,,Plein jour,En agglomération,Giratoire,Normale,Autre collision,,,,,,,,,,,1,2,6,1.0,6
201400023268,0014-05-29 16:35:00,14,5,29,16,35,310,555,ROND POINT LALANDE,,,Plein jour,En agglomération,Giratoire,Normale,Deux véhicules - côté,,,,,,,,,,,1,2,6,1.0,3
201400023269,0014-05-30 14:00:00,14,5,30,14,0,310,555,"999, RUE D ARMAGNAC",,,Plein jour,En agglomération,Hors intersection,Normale,Autre collision,,,,,,,,,,,1,2,1,1.0,6
201400023270,0014-05-30 14:35:00,14,5,30,14,35,310,555,VA007440 LES MINIMESA620,,,Plein jour,Hors agglomération,Hors intersection,Normale,Autre collision,,,,,,,,,,,1,1,1,1.0,6
201400023271,0014-05-30 16:45:00,14,5,30,16,45,310,555,"19, AV JEAN RIEUX",,,Plein jour,En agglomération,Intersection en T,Normale,Deux véhicules - côté,,,,,,,,,,,1,2,3,1.0,3
201400023272,0014-05-30 18:50:00,14,5,30,18,50,310,555,"999, RUE THOMAS EDISON",,,Plein jour,En agglomération,Hors intersection,Normale,Autre collision,,,,,,,,,,,1,2,1,1.0,6
201400023273,0014-05-30 19:30:00,14,5,30,19,30,310,555,"325, AV DES ETATS UNIS",,,Plein jour,En agglomération,Hors intersection,Normale,Autre collision,,,,,,,,,,,1,2,1,1.0,6
201400023274,0014-05-30 07:50:00,14,5,30,7,50,310,555,"999, RUE DU POLE",,,Plein jour,En agglomération,Intersection en T,Normale,Deux véhicules - côté,,,,,,,,,,,1,2,3,1.0,3
201400023275,0014-05-31 13:25:00,14,5,31,13,25,310,555,"42, RUE DE LA TOURAINE",,,Plein jour,En agglomération,Hors intersection,Normale,Autre collision,,,,,,,,,,,1,2,1,1.0,6
201400023276,0014-06-01 23:15:00,14,6,1,23,15,310,149,"3, MONNET (AVENUE JEAN)",43.61784,1.34082,Nuit avec éclairage allumé,En agglomération,Hors intersection,Normale,Autre collision,,,,,,,,,,,5,2,1,1.0,6
201400023277,0014-06-02 15:25:00,14,6,2,15,25,310,555,"67, GRANDE RUE SAINT MIC",,,Plein jour,En agglomération,Hors intersection,Normale,Autre collision,,,,,,,,,,,1,2,1,1.0,6
201400023278,0014-06-03 14:35:00,14,6,3,14,35,310,555,"16, AV CAMILLE FLAMMARIO",,,Plein jour,En agglomération,Hors intersection,Normale,Sans collision,,,,,,,,,,,1,2,1,1.0,7
201400023279,0014-06-02 17:00:00,14,6,2,17,0,310,555,"999, RUE DU CHER",,,Plein jour,En agglomération,Hors intersection,Normale,Autre collision,,,,,,,,,,,1,2,1,1.0,6
201400023280,0014-06-02 16:10:00,14,6,2,16,10,310,555,"999, AV DE GRANDE BRETAG",,,Plein jour,En agglomération,Hors intersection,Normale,Deux véhicules - frontale,,,,,,,,,,,1,2,1,1.0,1
201400023281,0014-06-05 13:45:00,14,6,5,13,45,310,555,"1, AV DE LESPINET",,,Plein jour,En agglomération,Intersection en T,Normale,Autre collision,,,,,,,,,,,1,2,3,1.0,6
201400023282,0014-06-05 23:29:00,14,6,5,23,29,310,149,sortie 4/colomiers gare,43.60624,1.33759,Nuit avec éclairage non allumé,En agglomération,Hors intersection,Normale,Sans collision,,,,,,,,,,,4,2,1,1.0,7
201400023283,0014-06-02 16:58:00,14,6,2,16,58,310,149,ADER (AVENUE CLEMENT),43.61525,1.3457,Plein jour,En agglomération,Hors intersection,Normale,Autre collision,,,,,,,,,,,1,2,1,1.0,6
201400023284,0014-06-05 17:55:00,14,6,5,17,55,310,149,EUGENE MONTEL (BOULEV),43.6078,1.33582,Plein jour,En agglomération,Hors intersection,Normale,Autre collision,,,,,,,,,,,1,2,1,1.0,6
201400023285,0014-06-07 12:10:00,14,6,7,12,10,310,555,"999, RUE DOULADOURE",,,Plein jour,En agglomération,Intersection en T,Normale,Deux véhicules - côté,,,,,,,,,,,1,2,3,1.0,3
201400023286,0014-06-07 21:10:00,14,6,7,21,10,310,555,"999, AV CRAMPEL",,,Plein jour,En agglomération,Hors intersection,Normale,Sans collision,,,,,,,,,,,1,2,1,1.0,7
201400023287,0014-06-10 10:00:00,14,6,10,10,0,310,555,"47, BD LAZARE CARNOT",,,Plein jour,En agglomération,Intersection à plus de 4 branches,Normale,Sans collision,,,,,,,,,,,1,2,5,1.0,7
201400023288,0014-06-10 12:55:00,14,6,10,12,55,310,555,"37, AV HONORE SERRES",,,Plein jour,En agglomération,Hors intersection,Normale,Sans collision,,,,,,,,,,,1,2,1,1.0,7
201400023289,0014-06-10 17:40:00,14,6,10,17,40,310,555,"999, PONT DES CATALANS",,,Plein jour,En agglomération,Hors intersection,Normale,Deux véhicules - frontale,,,,,,,,,,,1,2,1,1.0,1
201400023290,0014-06-11 12:20:00,14,6,11,12,20,310,555,"999, ALL DE BARCELONE",,,Plein jour,En agglomération,Hors intersection,Normale,Deux véhicules - côté,,,,,,,,,,,1,2,1,1.0,3
201400023291,0014-06-11 15:36:00,14,6,11,15,36,310,69,"211, GRENADE (ROUTE DE)",43.64434,1.38581,Plein jour,En agglomération,Hors intersection,Normale,Deux véhicules - côté,,,,,,,,,,,1,2,1,1.0,3
201400023292,0014-06-11 16:00:00,14,6,11,16,0,310,557,"210, RAMELET MOUNDI (CH",43.57917,1.35908,Plein jour,En agglomération,Hors intersection,Normale,Deux véhicules - frontale,,,,,,,,,,,1,2,1,1.0,1
201400023293,0014-06-11 18:40:00,14,6,11,18,40,310,555,"143, CHE DE FENOUILLET",,,Plein jour,En agglomération,Hors intersection,Normale,Deux véhicules - frontale,,,,,,,,,,,1,2,1,1.0,1
201400023294,0014-06-11 19:20:00,14,6,11,19,20,310,555,"37 Bis, AV HONORE SERRES",,,Plein jour,En agglomération,Hors intersection,Normale,Deux véhicules - côté,,,,,,,,,,,1,2,1,1.0,3
201400023295,0014-06-11 22:18:00,14,6,11,22,18,310,555,"999, CHE HENRI BESSEMER",,,Nuit avec éclairage allumé,En agglomération,Hors intersection,Normale,Autre collision,,,,,,,,,,,5,2,1,1.0,6
201400023296,0014-06-11 22:42:00,14,6,11,22,42,310,555,VA007331 A620,43.5557,1.49142,Nuit avec éclairage allumé,Hors agglomération,Hors intersection,Normale,Deux véhicules - arrière,,,,,,,,,,,5,1,1,1.0,2
201400023297,0014-06-12 13:10:00,14,6,12,13,10,310,555,"999, RUE SARAH BERNHARDT",,,Plein jour,En agglomération,Hors intersection,Normale,Autre collision,,,,,,,,,,,1,2,1,1.0,6
201400023298,0014-06-12 16:30:00,14,6,12,16,30,310,555,"999, AV DES ETATS UNIS",,,Plein jour,En agglomération,Hors intersection,Normale,Sans collision,,,,,,,,,,,1,2,1,1.0,7
201400023299,0014-06-12 20:00:00,14,6,12,20,0,310,555,"44, ALL JEAN JAURES",,,Plein jour,En agglomération,Hors intersection,Normale,Autre collision,,,,,,,,,,,1,2,1,1.0,6
201400023300,0014-06-13 19:35:00,14,6,13,19,35,310,69,BARTAVELLES/BRASSENS,43.64868,1.37229,Plein jour,En agglomération,Intersection en X,Normale,Deux véhicules - côté,,,,,,,,,,,1,2,2,1.0,3
201400023301,0014-06-15 00:20:00,14,6,15,0,20,310,149,SAINT GRANIER (AVENUE DE,43.59724,1.36307,Nuit avec éclairage allumé,En agglomération,Hors intersection,Normale,Autre collision,,,,,,,,,,,5,2,1,1.0,6
201400023302,0014-06-16 00:10:00,14,6,16,0,10,310,555,RD916,43.55879,1.49597,Nuit avec éclairage allumé,En agglomération,Hors intersection,Normale,Deux véhicules - frontale,,,,,,,,,,,5,2,1,1.0,1
201400023303,0014-06-17 16:35:00,14,6,17,16,35,310,149,ingres (auguste),43.59708,1.34989,Plein jour,En agglomération,Hors intersection,Normale,Deux véhicules - côté,,,,,,,,,,,1,2,1,1.0,3
201400023304,0014-06-18 16:08:00,14,6,18,16,8,310,555,"999, BD LAZARE CARNOT",,,Plein jour,En agglomération,Intersection en T,Normale,Deux véhicules - frontale,,,,,,,,,,,1,2,3,1.0,1
201400023305,0014-06-18 20:05:00,14,6,18,20,5,310,555,CHE MARTYRS DE BORDELONG,,,Plein jour,En agglomération,Hors intersection,Normale,Trois véhicules et plus - collisions multiples,,,,,,,,,,,1,2,1,1.0,5
201400023306,0014-06-19 07:45:00,14,6,19,7,45,310,555,"999, PL DU DR JOSEPH BAY",,,Plein jour,En agglomération,Hors intersection,Normale,Autre collision,,,,,,,,,,,1,2,1,1.0,6
201400023307,0014-06-19 08:25:00,14,6,19,8,25,310,555,"14, IMP BARTHE",,,Plein jour,En agglomération,Hors intersection,Normale,Deux véhicules - côté,,,,,,,,,,,1,2,1,1.0,3
201400023308,0014-06-19 10:00:00,14,6,19,10,0,310,555,"116, RTE DE BLAGNAC",,,Plein jour,En agglomération,Hors intersection,Temps éblouissant,Autre collision,,,,,,,,,,,1,2,1,7.0,6
201400023309,0014-06-19 17:05:00,14,6,19,17,5,310,555,VA007418 PONTJUMEAUXA620,43.6113,1.4159,Plein jour,Hors agglomération,Hors intersection,Normale,Deux véhicules - arrière,,,,,,,,,,,1,1,1,1.0,2
201400023310,0014-06-20 19:30:00,14,6,20,19,30,310,555,"8, BD LASCROSSES",,,Plein jour,En agglomération,Hors intersection,Normale,Deux véhicules - côté,,,,,,,,,,,1,2,1,1.0,3
201400023311,0014-06-20 12:35:00,14,6,20,12,35,310,555,"10, RUE MARIE FRANCE BRI",,,Plein jour,En agglomération,Hors intersection,Normale,Autre collision,,,,,,,,,,,1,2,1,1.0,6
201400023312,0014-06-20 11:55:00,14,6,20,11,55,310,555,VA00 N124,,,Plein jour,Hors agglomération,Hors intersection,Normale,Trois véhicules et plus - collisions multiples,,,,,,,,,,,1,1,1,1.0,5
201400023313,0014-06-21 18:49:00,14,6,21,18,49,310,555,"39, RUE DU PONT DE TOUNI",,,Plein jour,En agglomération,Hors intersection,Normale,Deux véhicules - frontale,,,,,,,,,,,1,2,1,1.0,1
201400023314,0014-06-21 21:10:00,14,6,21,21,10,310,557,sortie tournef./lardenne,43.58789,1.36139,Nuit avec éclairage allumé,Hors agglomération,Hors intersection,Normale,Sans collision,,,,,,,,,,,5,1,1,1.0,7
201400023315,0014-06-20 16:20:00,14,6,20,16,20,310,555,"999, BD DE BONREPOS",,,Plein jour,En agglomération,Hors intersection,Normale,Deux véhicules - côté,,,,,,,,,,,1,2,1,1.0,3
201400023316,0014-06-23 08:10:00,14,6,23,8,10,310,149,"49, GILET (RUE)",43.61029,1.33957,Plein jour,En agglomération,Hors intersection,Normale,Deux véhicules - côté,,,,,,,,,,,1,2,1,1.0,3