accident_id,datetime,annee,mois,jour,heure,minute,departement,commune_insee,adresse,latitude,longitude,luminosite,agglomeration,intersection,meteo,collision,nb_vehicules,nb_usagers,nb_indemnes,nb_tues,nb_blesses_hosp,nb_blesses_legers,age_cond_1,age_cond_2,veh_type_cond_1,veh_type_cond_2,lum_code,agg_code,int_code,atm_code,col_code
201400023444,0014-09-11 09:50:00,14,9,11,9,50,310,555,"269, RTE DE NARBONNE",,,Plein jour,En agglomération,Hors intersection,Normale,Deux véhicules - côté,,,,,,,,,,,1,2,1,1.0,3
201400023445,0014-09-11 20:25:00,14,9,11,20,25,310,555,VA007333LA FAOURETTEA620,43.583,1.40375,Plein jour,Hors agglomération,Hors intersection,Normale,Deux véhicules - arrière,,,,,,,,,,,1,1,1,1.0,2
201400023446,0014-09-12 08:45:00,14,9,12,8,45,310,555,"999, RUE DELMAS",,,Plein jour,En agglomération,Intersection en X,Normale,Deux véhicules - côté,,,,,,,,,,,1,2,2,1.0,3
201400023447,0014-09-12 16:50:00,14,9,12,16,50,310,555,"999, R-PT EUGENE CLAUDIU",,,Plein jour,En agglomération,Hors intersection,Normale,Deux véhicules - arrière,,,,,,,,,,,1,2,1,1.0,2
201400023448,0014-09-13 10:30:00,14,9,13,10,30,310,555,"999, BARRIERE DE LOMBEZ",,,Plein jour,En agglomération,Hors intersection,Normale,Deux véhicules - côté,,,,,,,,,,,1,2,1,1.0,3
201400023449,0014-09-10 05:55:00,14,9,10,5,55,310,555,"213, AV ANTOINE DE ST EX",,,Nuit avec éclairage allumé,En agglomération,Hors intersection,Normale,Sans collision,,,,,,,,,,,5,2,1,1.0,7
201400023450,0014-09-10 08:45:00,14,9,10,8,45,310,555,"999, RUE JACQUES BABINET",,,Plein jour,En agglomération,Hors intersection,Normale,Sans collision,,,,,,,,,,,1,2,1,1.0,7
201400023451,0014-09-11 08:30:00,14,9,11,8,30,310,557,"275, LARDENNE (AV DE)",43.58991,1.37632,Plein jour,En agglomération,Hors intersection,Normale,Deux véhicules - côté,,,,,,,,,,,1,2,1,1.0,3
201400023452,0014-09-15 19:45:00,14,9,15,19,45,310,555,"79, BD DE LA MARQUETTE",,,Plein jour,En agglomération,Hors intersection,Normale,Autre collision,,,,,,,,,,,1,2,1,1.0,6
201400023453,0014-09-15 20:05:00,14,9,15,20,5,310,555,"999, AV CRAMPEL",,,Plein jour,En agglomération,Hors intersection,Normale,Deux véhicules - frontale,,,,,,,,,,,1,2,1,1.0,1
201400023454,0014-09-12 08:54:00,14,9,12,8,54,310,555,"999, Rd Pt Firmin Pons",,,Plein jour,En agglomération,Hors intersection,Normale,Deux véhicules - arrière,,,,,,,,,,,1,2,1,1.0,2
201400023455,0014-09-12 17:55:00,14,9,12,17,55,310,69,SERVANTY (AV LUCIEN),43.62526,1.39811,Plein jour,En agglomération,Hors intersection,Normale,Deux véhicules - frontale,,,,,,,,,,,1,2,1,1.0,1
201400023456,0014-09-18 13:32:00,14,9,18,13,32,310,555,"12, BD DE STRASBOURG",,,Plein jour,En agglomération,Hors intersection,Normale,Autre collision,,,,,,,,,,,1,2,1,1.0,6
201400023457,0014-09-19 13:50:00,14,9,19,13,50,310,555,"25, BD DE SUISSE",,,Plein jour,En agglomération,Hors intersection,Normale,Deux véhicules - frontale,,,,,,,,,,,1,2,1,1.0,1
201400023458,0014-09-20 20:40:00,14,9,20,20,40,310,555,"999, BD DE STRASBOURG",,,Nuit avec éclairage allumé,En agglomération,Hors intersection,Normale,Deux véhicules - arrière,,,,,,,,,,,5,2,1,1.0,2
201400023459,0014-09-21 18:25:00,14,9,21,18,25,310,555,"347, AV DES ETATS UNIS",,,Plein jour,En agglomération,Hors intersection,Normale,Deux véhicules - arrière,,,,,,,,,,,1,2,1,1.0,2
201400023460,0014-09-22 10:45:00,14,9,22,10,45,310,555,"999, AV ETIENNE BILLIERE",,,Plein jour,En agglomération,Hors intersection,Normale,Deux véhicules - frontale,,,,,,,,,,,1,2,1,1.0,1
201400023461,0014-09-22 11:25:00,14,9,22,11,25,310,555,"33, AV ETIENNE BILLIERES",,,Plein jour,En agglomération,Hors intersection,Normale,Deux véhicules - côté,,,,,,,,,,,1,2,1,1.0,3
201400023462,0014-09-22 10:15:00,14,9,22,10,15,310,555,"81, BD DEODAT DE SEVERAC",,,Plein jour,En agglomération,Hors intersection,Normale,Deux véhicules - frontale,,,,,,,,,,,1,2,1,1.0,1
201400023463,0014-09-19 15:40:00,14,9,19,15,40,310,557,3 b AURIOL (BD VINCENT),43.58503,1.3452,Plein jour,En agglomération,Hors intersection,Normale,Autre collision,,,,,,,,,,,1,2,1,1.0,6
201400023464,0014-09-23 05:55:00,14,9,23,5,55,310,557,AV JAURES/CH ST EXUPERY,43.58851,1.35881,Plein jour,En agglomération,Giratoire,Normale,Deux véhicules - côté,,,,,,,,,,,1,2,6,1.0,3
201400023465,0014-09-23 19:30:00,14,9,23,19,30,310,555,"999, AVENUE DU 14EME REG",,,Plein jour,Hors agglomération,Hors intersection,Pluie légère,Deux véhicules - côté,,,,,,,,,,,1,1,1,2.0,3
201400023466,0014-09-23 20:45:00,14,9,23,20,45,310,555,"23, AV ANTOINE DE ST EXU",,,Nuit avec éclairage allumé,En agglomération,Hors intersection,Normale,Deux véhicules - frontale,,,,,,,,,,,5,2,1,1.0,1
201400023467,0014-09-24 12:15:00,14,9,24,12,15,310,555,"101, RTE DE REVEL",,,Plein jour,En agglomération,Hors intersection,Normale,Deux véhicules - côté,,,,,,,,,,,1,2,1,1.0,3
201400023468,0014-09-25 08:35:00,14,9,25,8,35,310,555,VA007306 A64,,,Plein jour,Hors agglomération,Hors intersection,Normale,Deux véhicules - arrière,,,,,,,,,,,1,1,1,1.0,2
201400023469,0014-09-25 08:45:00,14,9,25,8,45,310,555,"73, BD SILVIO TRENTIN",,,Plein jour,En agglomération,Hors intersection,Normale,Autre collision,,,,,,,,,,,1,2,1,1.0,6
201400023470,0014-09-25 15:00:00,14,9,25,15,0,310,555,"23, RUE DES FRERES LION",,,Plein jour,En agglomération,Hors intersection,Normale,Autre collision,,,,,,,,,,,1,2,1,1.0,6
201400023471,0014-09-25 16:37:00,14,9,25,16,37,310,555,"45, RUE DE GIRONIS",,,Plein jour,En agglomération,Hors intersection,Normale,Deux véhicules - côté,,,,,,,,,,,1,2,1,1.0,3
201400023472,0014-09-26 07:30:00,14,9,26,7,30,310,69,PARC (AV DU)R P BELLONTE,43.62706,1.38522,Plein jour,En agglomération,Giratoire,Normale,Trois véhicules et plus - en chaîne,,,,,,,,,,,1,2,6,1.0,4
201400023473,0014-09-26 07:40:00,14,9,26,7,40,310,149,RN124,,,Plein jour,En agglomération,Hors intersection,Normale,Deux véhicules - côté,,,,,,,,,,,1,2,1,1.0,3
201400023474,0014-09-26 06:46:00,14,9,26,6,46,310,555,"999, RTE DE SEYSSES",,,Nuit avec éclairage allumé,En agglomération,Hors intersection,Normale,Deux véhicules - frontale,,,,,,,,,,,5,2,1,1.0,1
201400023475,0014-09-28 03:21:00,14,9,28,3,21,310,555,VA007333LA FAOURETTEA620,43.57522,1.40908,Nuit avec éclairage allumé,Hors agglomération,Hors intersection,Normale,Autre collision,,,,,,,,,,,5,1,1,1.0,6
201400023476,0014-09-26 08:28:00,14,9,26,8,28,310,555,"25, RUE DE SAINTONGE",,,Plein jour,En agglomération,Hors intersection,Normale,Autre collision,,,,,,,,,,,1,2,1,1.0,6
201400023477,0014-09-26 14:15:00,14,9,26,14,15,310,555,"37, BD DES RECOLLETS",,,Plein jour,En agglomération,Hors intersection,Normale,Autre collision,,,,,,,,,,,1,2,1,1.0,6
201400023478,0014-09-26 15:10:00,14,9,26,15,10,310,555,"999, CHE D ESCALLES",,,Plein jour,En agglomération,Hors intersection,Normale,Deux véhicules - frontale,,,,,,,,,,,1,2,1,1.0,1
201400023479,0014-09-26 17:25:00,14,9,26,17,25,310,555,"4, CHE MICHOUN",,,Plein jour,En agglomération,Hors intersection,Normale,Autre collision,,,,,,,,,,,1,2,1,1.0,6
201400023480,0014-09-26 19:10:00,14,9,26,19,10,310,555,VA007333LA FAOURETTEA620,43.6072,1.40866,Plein jour,Hors agglomération,Hors intersection,Normale,Deux véhicules - arrière,,,,,,,,,,,1,1,1,1.0,2
201400023481,0014-09-26 22:30:00,14,9,26,22,30,310,555,", BD DES MINIMES",,,Plein jour,En agglomération,Hors intersection,Normale,Deux véhicules - frontale,,,,,,,,,,,1,2,1,1.0,1
201400023482,0014-09-28 05:40:00,14,9,28,5,40,310,555,"999, RUE DU POLE",,,Plein jour,En agglomération,Hors intersection,Normale,Trois véhicules et plus - en chaîne,,,,,,,,,,,1,2,1,1.0,4
201400023483,0014-09-28 22:20:00,14,9,28,22,20,310,555,"999, AV DE L URSS",,,Plein jour,En agglomération,Hors intersection,Normale,Autre collision,,,,,,,,,,,1,2,1,1.0,6
201400023484,0014-09-29 08:40:00,14,9,29,8,40,310,555,RUE PAUL BERNIES,,,Plein jour,En agglomération,Intersection en X,Normale,Deux véhicules - côté,,,,,,,,,,,1,2,2,1.0,3
201400023485,0014-09-29 17:30:00,14,9,29,17,30,310,555,AV M BOURGES MAUNOURY,,,Plein jour,En agglomération,Hors intersection,Normale,Autre collision,,,,,,,,,,,1,2,1,1.0,6
201400023486,0014-09-29 20:15:00,14,9,29,20,15,310,555,"999, AV PIERRE G LATECOE",,,Plein jour,En agglomération,Hors intersection,Normale,Autre collision,,,,,,,,,,,1,2,1,1.0,6
201400023487,0014-09-27 00:20:00,14,9,27,0,20,310,555,"999, BD PIERRE PAUL RIQU",,,Nuit avec éclairage allumé,En agglomération,Hors intersection,Normale,Autre collision,,,,,,,,,,,5,2,1,1.0,6
201400023488,0014-09-30 08:15:00,14,9,30,8,15,310,555,"62, AV JULES JULIEN",,,Plein jour,En agglomération,Hors intersection,Normale,Autre collision,,,,,,,,,,,1,2,1,1.0,6
201400023489,0014-09-30 07:20:00,14,9,30,7,20,310,555,"11, RUE FEDERICO GARCIA",,,Plein jour,En agglomération,Hors intersection,Normale,Deux véhicules - frontale,,,,,,,,,,,1,2,1,1.0,1
201400023490,0014-09-30 17:20:00,14,9,30,17,20,310,555,"5, PL ROBERT SCHUMAN",,,Plein jour,En agglomération,Hors intersection,Normale,Autre collision,,,,,,,,,,,1,2,1,1.0,6
201400023491,0014-10-01 07:30:00,14,10,1,7,30,310,555,"14, AV GEORGES POMPIDOU",,,Nuit avec éclairage allumé,En agglomération,Hors intersection,Normale,Deux véhicules - côté,,,,,,,,,,,5,2,1,1.0,3
201400023492,0014-10-01 08:00:00,14,10,1,8,0,310,555,VA007331 A620,43.571,1.43381,Plein jour,Hors agglomération,Hors intersection,Normale,Deux véhicules - arrière,,,,,,,,,,,1,1,1,1.0,2
201400023493,0014-10-02 08:00:00,14,10,2,8,0,310,555,"999, ALL CHARLES DE FITT",,,Plein jour,En agglomération,Hors intersection,Normale,Autre collision,,,,,,,,,,,1,2,1,1.0,6
201400023494,0014-10-02 12:00:00,14,10,2,12,0,310,555,"31, RUE DES COSMONAUTES",,,Plein jour,En agglomération,Hors intersection,Normale,Deux véhicules - côté,,,,,,,,,,,1,2,1,1.0,3
201400023495,0014-10-02 14:50:00,14,10,2,14,50,310,555,"150, AV DE LESPINET",,,Plein jour,En agglomération,Hors intersection,Normale,Autre collision,,,,,,,,,,,1,2,1,1.0,6
201400023496,0014-10-02 18:00:00,14,10,2,18,0,310,555,"999, RTE DE SAINT SIMON",,,Plein jour,En agglomération,Hors intersection,Normale,Deux véhicules - arrière,,,,,,,,,,,1,2,1,1.0,2
201400023497,0014-10-03 00:05:00,14,10,3,0,5,310,555,"341, AV DES ETATS UNIS",,,Nuit avec éclairage allumé,En agglomération,Hors intersection,Normale,Deux véhicules - côté,,,,,,,,,,,5,2,1,1.0,3
201400023498,0014-10-03 18:00:00,14,10,3,18,0,310,555,"248, AV DE GRANDE BRETAG",,,Plein jour,En agglomération,Hors intersection,Normale,Deux véhicules - arrière,,,,,,,,,,,1,2,1,1.0,2
201400023499,0014-10-04 10:00:00,14,10,4,10,0,310,555,"999, AV JEAN RIEUX",,,Plein jour,En agglomération,Hors intersection,Normale,Deux véhicules - côté,,,,,,,,,,,1,2,1,1.0,3
201400023500,0014-10-03 15:35:00,14,10,3,15,35,310,555,"129, RUE DE CUGNAUX",,,Plein jour,En agglomération,Hors intersection,Normale,Autre collision,,,,,,,,,,,1,2,1,1.0,6
201400023501,0014-10-04 19:50:00,14,10,4,19,50,310,555,"16, GRANDE RUE SAINT MIC",,,Plein jour,En agglomération,Hors intersection,Normale,Autre collision,,,,,,,,,,,1,2,1,1.0,6
201400023502,0014-10-05 22:30:00,14,10,5,22,30,310,555,"999, BD DU MARECHAL JUIN",,,Nuit avec éclairage allumé,En agglomération,Hors intersection,Normale,Deux véhicules - côté,,,,,,,,,,,5,2,1,1.0,3
201400023503,0014-10-05 20:39:00,14,10,5,20,39,310,555,"999, QU DE LA DAURADE",,,Nuit avec éclairage allumé,En agglomération,Hors intersection,Normale,Autre collision,,,,,,,,,,,5,2,1,1.0,6
201400023504,0014-10-03 12:20:00,14,10,3,12,20,310,69,VA001490 A621,43.6232,1.38978,Plein jour,Hors agglomération,Hors intersection,Normale,Deux véhicules - arrière,,,,,,,,,,,1,1,1,1.0,2
201400023505,0014-10-05 16:55:00,14,10,5,16,55,310,69,"19, DE GAULLE (AV DU GEN",43.64091,1.37964,Plein jour,En agglomération,Hors intersection,Normale,Autre collision,,,,,,,,,,,1,2,1,1.0,6
201400023506,0014-10-02 22:55:00,14,10,2,22,55,310,555,"66, AV ETIENNE BILLIERES",,,Nuit avec éclairage allumé,En agglomération,Hors intersection,Normale,Deux véhicules - côté,,,,,,,,,,,5,2,1,1.0,3
201400023507,0014-10-06 15:30:00,14,10,6,15,30,310,555,"312, AV DES ETATS UNIS",,,Plein jour,En agglomération,Hors intersection,Normale,Autre collision,,,,,,,,,,,1,2,1,1.0,6
201400023508,0014-10-06 17:40:00,14,10,6,17,40,310,555,VA007331 A620,,,Plein jour,Hors agglomération,Hors intersection,Normale,Deux véhicules - arrière,,,,,,,,,,,1,1,1,1.0,2
201400023509,0014-10-06 18:10:00,14,10,6,18,10,310,555,"999, AV SALVADOR DALI",,,Plein jour,En agglomération,Hors intersection,Normale,Deux véhicules - côté,,,,,,,,,,,1,2,1,1.0,3
201400023510,0014-10-02 16:00:00,14,10,2,16,0,310,555,"999, BD LAZARE CARNOT",,,Plein jour,En agglomération,Hors intersection,Normale,Deux véhicules - côté,,,,,,,,,,,1,2,1,1.0,3
201400023511,0014-10-07 23:00:00,14,10,7,23,0,310,555,"999, PL DE LA PATTE D OI",,,Nuit avec éclairage allumé,En agglomération,Hors intersection,Normale,Deux véhicules - côté,,,,,,,,,,,5,2,1,1.0,3
201400023512,0014-10-08 02:35:00,14,10,8,2,35,310,555,"20, BD DE LA GARE",,,Nuit avec éclairage allumé,En agglomération,Hors intersection,Normale,Sans collision,,,,,,,,,,,5,2,1,1.0,7
201400023513,0014-10-08 08:18:00,14,10,8,8,18,310,555,"33, AV DES MAZADES",,,Nuit avec éclairage non allumé,En agglomération,Hors intersection,Normale,Deux véhicules - côté,,,,,,,,,,,4,2,1,1.0,3
201400023514,0014-10-08 13:55:00,14,10,8,13,55,310,555,"239, RTE DE NARBONNE",,,Plein jour,En agglomération,Hors intersection,Normale,Deux véhicules - côté,,,,,,,,,,,1,2,1,1.0,3
201400023515,0014-10-08 14:30:00,14,10,8,14,30,310,555,VA008482 A624,43.61,1.38581,Plein jour,Hors agglomération,Hors intersection,Normale,Sans collision,,,,,,,,,,,1,1,1,1.0,7
201400023516,0014-10-08 08:05:00,14,10,8,8,5,310,149,BRUNAUD (AVENUE YVES),43.61399,1.35304,Plein jour,En agglomération,Giratoire,Normale,Deux véhicules - côté,,,,,,,,,,,1,2,6,1.0,3
201400023517,0014-10-10 17:10:00,14,10,10,17,10,310,555,VA007342 LA CEPIERE A620,43.5915,1.39875,Plein jour,Hors agglomération,Hors intersection,Normale,Deux véhicules - arrière,,,,,,,,,,,1,1,1,1.0,2
201400023518,0014-10-10 21:30:00,14,10,10,21,30,310,555,"999, Rd Pt Firmin Pons",,,Nuit avec éclairage allumé,En agglomération,Hors intersection,Pluie légère,Autre collision,,,,,,,,,,,5,2,1,2.0,6
201400023519,0014-10-13 12:00:00,14,10,13,12,0,310,555,BD SUISSE/AVE ELCHE,43.6218,1.42492,Plein jour,En agglomération,Intersection en T,Normale,Deux véhicules - côté,,,,,,,,,,,1,2,3,1.0,3
201400023520,0014-10-08 19:15:00,14,10,8,19,15,310,555,"999, PL DE LA PATTE D OI",,,Plein jour,En agglomération,Hors intersection,Normale,Deux véhicules - côté,,,,,,,,,,,1,2,1,1.0,3
201400023521,0014-10-13 12:30:00,14,10,13,12,30,310,555,VA008482 A624,43.60904,1.37104,Plein jour,Hors agglomération,Hors intersection,Normale,Trois véhicules et plus - en chaîne,,,,,,,,,,,1,1,1,1.0,4
201400023522,0014-10-13 17:35:00,14,10,13,17,35,310,149,MARCEL DASSAULT (BD),43.612,1.34403,Plein jour,En agglomération,Hors intersection,Normale,Deux véhicules - arrière,,,,,,,,,,,1,2,1,1.0,2
201400023523,0014-10-14 14:35:00,14,10,14,14,35,310,555,"999, ALL DE BARCELONE",,,Plein jour,En agglomération,Hors intersection,Normale,Deux véhicules - côté,,,,,,,,,,,1,2,1,1.0,3
201400023524,0014-10-13 15:50:00,14,10,13,15,50,310,555,"40, AV JULES JULIEN",,,Plein jour,En agglomération,Hors intersection,Normale,Autre collision,,,,,,,,,,,1,2,1,1.0,6
201400023525,0014-10-14 17:45:00,14,10,14,17,45,310,555,"999, RUE CAMBARD",,,Nuit avec éclairage non allumé,En agglomération,Hors intersection,Normale,Deux véhicules - côté,,,,,,,,,,,4,2,1,1.0,3
201400023526,0014-10-15 07:25:00,14,10,15,7,25,310,555,"999, ALL DE BARCELONE",,,Crépuscule ou aube,En agglomération,Hors intersection,Normale,Deux véhicules - côté,,,,,,,,,,,2,2,1,1.0,3
201400023527,0014-10-15 07:55:00,14,10,15,7,55,310,555,"3, RUE ANDRE VILLET",,,Crépuscule ou aube,En agglomération,Hors intersection,Normale,Deux véhicules - côté,,,,,,,,,,,2,2,1,1.0,3
201400023528,0014-10-15 10:45:00,14,10,15,10,45,310,555,"25, RTE D ESPAGNE",,,Plein jour,En agglomération,Hors intersection,Normale,Deux véhicules - côté,,,,,,,,,,,1,2,1,1.0,3
201400023529,0014-10-15 13:55:00,14,10,15,13,55,310,555,"8, RUE DU POIDS DE L HUI",,,Plein jour,En agglomération,Hors intersection,Normale,Deux véhicules - frontale,,,,,,,,,,,1,2,1,1.0,1
201400023530,0014-10-15 15:49:00,14,10,15,15,49,310,555,"118, RTE DE NARBONNE",,,Plein jour,En agglomération,Hors intersection,Normale,Deux véhicules - côté,,,,,,,,,,,1,2,1,1.0,3
201400023531,0014-10-15 16:00:00,14,10,15,16,0,310,555,"999, PONT GEORGES POMPID",,,Plein jour,En agglomération,Hors intersection,Normale,Deux véhicules - côté,,,,,,,,,,,1,2,1,1.0,3
201400023532,0014-10-16 07:40:00,14,10,16,7,40,310,555,"50, AV DE LOMBEZ",,,Plein jour,En agglomération,Hors intersection,Normale,Deux véhicules - arrière,,,,,,,,,,,1,2,1,1.0,2
201400023533,0014-10-16 19:05:00,14,10,16,19,5,310,555,"999, RTE D ALBI",,,Plein jour,Hors agglomération,Intersection en T,Normale,Deux véhicules - côté,,,,,,,,,,,1,1,3,1.0,3
201400023534,0014-10-19 04:15:00,14,10,19,4,15,310,555,"39, BD LASCROSSES",,,Nuit avec éclairage allumé,En agglomération,Hors intersection,Normale,Deux véhicules - arrière,,,,,,,,,,,5,2,1,1.0,2
201400023535,0014-10-17 17:20:00,14,10,17,17,20,310,149,Grynfogel Bd/CH GRAMONT,43.6183,1.33888,Plein jour,En agglomération,Intersection en T,Normale,Deux véhicules - côté,,,,,,,,,,,1,2,3,1.0,3
201400023536,0014-10-16 17:30:00,14,10,16,17,30,310,149,PYRENEES (ALLEE DES),43.61191,1.3266,Plein jour,En agglomération,Hors intersection,Normale,Autre collision,,,,,,,,,,,1,2,1,1.0,6
201400023537,0014-10-19 16:30:00,14,10,19,16,30,310,555,"999, AV JEAN MOULIN",,,Plein jour,En agglomération,Hors intersection,Normale,Autre collision,,,,,,,,,,,1,2,1,1.0,6
201400023538,0014-10-20 08:20:00,14,10,20,8,20,310,555,VA007622 RANGUEIL A620 S,43.5755,1.44501,Plein jour,Hors agglomération,Hors intersection,Normale,Deux véhicules - arrière,,,,,,,,,,,1,1,1,1.0,2
201400023539,0014-10-20 13:20:00,14,10,20,13,20,310,555,VA007553 A61,,,Plein jour,Hors agglomération,Hors intersection,Normale,Deux véhicules - arrière,,,,,,,,,,,1,1,1,1.0,2
201400023540,0014-10-21 17:20:00,14,10,21,17,20,310,555,"52, RUE ANDRE VASSEUR",,,Plein jour,En agglomération,Hors intersection,Normale,Deux véhicules - arrière,,,,,,,,,,,1,2,1,1.0,2
201400023541,0014-10-21 17:32:00,14,10,21,17,32,310,555,"14, RUE DES BOUQUETINS",,,Plein jour,En agglomération,Hors intersection,Normale,Autre collision,,,,,,,,,,,1,2,1,1.0,6
201400023542,0014-10-16 12:20:00,14,10,16,12,20,310,555,"65, AV DE L URSS",,,Plein jour,En agglomération,Hors intersection,Normale,Autre collision,,,,,,,,,,,1,2,1,1.0,6
201400023543,0014-10-22 23:30:00,14,10,22,23,30,310,555,"999, BD DE STRASBOURG",,,Nuit avec éclairage allumé,En agglomération,Hors intersection,Normale,Deux véhicules - frontale,,,,,,,,,,,5,2,1,1.0,1
201400023544,0014-10-23 18:00:00,14,10,23,18,0,310,555,VA007644 EMPALOT A620 So,43.56876,1.41568,Nuit avec éclairage allumé,Hors agglomération,Hors intersection,Normale,Trois véhicules et plus - collisions multiples,,,,,,,,,,,5,1,1,1.0,5
201400023545,0014-10-23 07:41:00,14,10,23,7,41,310,555,"12, BD SILVIO TRENTIN",,,Crépuscule ou aube,En agglomération,Hors intersection,Normale,Deux véhicules - côté,,,,,,,,,,,2,2,1,1.0,3
201400023546,0014-10-23 12:45:00,14,10,23,12,45,310,555,VA007598 LESPINET A620,43.5732,1.47246,Plein jour,Hors agglomération,Hors intersection,Normale,Deux véhicules - arrière,,,,,,,,,,,1,1,1,1.0,2
201400023547,0014-10-23 16:00:00,14,10,23,16,0,310,555,"999, RUE HENRI DESBALS",,,Plein jour,En agglomération,Hors intersection,Normale,Autre collision,,,,,,,,,,,1,2,1,1.0,6
201400023548,0014-10-23 16:50:00,14,10,23,16,50,310,555,VA007539 LA ROSERAIE A61,,,Plein jour,Hors agglomération,Hors intersection,Normale,Deux véhicules - arrière,,,,,,,,,,,1,1,1,1.0,2
201400023549,0014-10-23 18:30:00,14,10,23,18,30,310,555,"15, BD LASCROSSES",,,Plein jour,En agglomération,Hors intersection,Normale,Autre collision,,,,,,,,,,,1,2,1,1.0,6
201400023550,0014-10-25 05:45:00,14,10,25,5,45,310,555,"54, BD DE STRASBOURG",,,Nuit avec éclairage allumé,En agglomération,Hors intersection,Normale,Autre collision,,,,,,,,,,,5,2,1,1.0,6
201400023551,0014-10-26 04:40:00,14,10,26,4,40,310,555,"127, CHE DE LANUSSE",,,Nuit avec éclairage allumé,En agglomération,Hors intersection,Normale,Autre collision,,,,,,,,,,,5,2,1,1.0,6
201400023552,0014-10-25 14:20:00,14,10,25,14,20,310,555,"134, RTE D ESPAGNE",,,Plein jour,En agglomération,Hors intersection,Normale,Deux véhicules - arrière,,,,,,,,,,,1,2,1,1.0,2
201400023553,0014-10-25 18:40:00,14,10,25,18,40,310,555,"999, AV DE GRANDE BRETAG",,,Nuit avec éclairage allumé,En agglomération,Hors intersection,Normale,Autre collision,,,,,,,,,,,5,2,1,1.0,6
201400023554,0014-10-27 15:35:00,14,10,27,15,35,310,555,"999, RUE CAMBARD",,,Plein jour,En agglomération,Hors intersection,Normale,Autre collision,,,,,,,,,,,1,2,1,1.0,6
201400023555,0014-10-28 14:18:00,14,10,28,14,18,310,555,"62, RUE DE METZ",,,Plein jour,En agglomération,Hors intersection,Normale,Autre collision,,,,,,,,,,,1,2,1,1.0,6
201400023556,0014-10-29 01:25:00,14,10,29,1,25,310,555,"57, AV DE L URSS",,,Nuit avec éclairage allumé,En agglomération,Hors intersection,Normale,Deux véhicules - côté,,,,,,,,,,,5,2,1,1.0,3
201400023557,0014-10-29 08:05:00,14,10,29,8,5,310,555,"6, RUE CLAUDE GONIN",,,Plein jour,En agglomération,Hors intersection,Normale,Deux véhicules - côté,,,,,,,,,,,1,2,1,1.0,3
201400023558,0014-10-24 17:30:00,14,10,24,17,30,310,149,LOUDET (CH DU)/AV AMPERE,43.6093,1.30596,Plein jour,En agglomération,Intersection en T,Normale,Deux véhicules - frontale,,,,,,,,,,,1,2,3,1.0,1
201400023559,0014-10-27 08:10:00,14,10,27,8,10,310,149,GUYNEMER (8 AVE) GEORGES,43.61677,1.34354,Plein jour,En agglomération,Hors intersection,Normale,Trois véhicules et plus - collisions multiples,,,,,,,,,,,1,2,1,1.0,5
201400023560,0014-10-29 10:45:00,14,10,29,10,45,310,555,"1, PL AGAPITO NADAL",,,Plein jour,En agglomération,Hors intersection,Normale,Autre collision,,,,,,,,,,,1,2,1,1.0,6
201400023561,0014-10-29 15:50:00,14,10,29,15,50,310,555,"125, RUE HENRI DESBALS",,,Plein jour,En agglomération,Hors intersection,Normale,Autre collision,,,,,,,,,,,1,2,1,1.0,6
201400023562,0014-10-29 18:30:00,14,10,29,18,30,310,555,"999, PONT NEUF",,,Nuit avec éclairage allumé,En agglomération,Intersection en X,Normale,Deux véhicules - côté,,,,,,,,,,,5,2,2,1.0,3
201400023563,0014-10-29 18:50:00,14,10,29,18,50,310,555,"999, RUE ANTONIO VIVALDI",,,Nuit avec éclairage allumé,En agglomération,Hors intersection,Normale,Deux véhicules - côté,,,,,,,,,,,5,2,1,1.0,3
201400023564,0014-10-30 14:50:00,14,10,30,14,50,310,555,"34-36, BD DE STRASBOURG",,,Plein jour,En agglomération,Hors intersection,Normale,Deux véhicules - côté,,,,,,,,,,,1,2,1,1.0,3
201400023565,0014-10-30 11:20:00,14,10,30,11,20,310,555,VA007456 SESQUIERES,43.6512,1.42287,Plein jour,Hors agglomération,Hors intersection,Normale,Deux véhicules - arrière,,,,,,,,,,,1,1,1,1.0,2
201400023566,0014-10-31 10:25:00,14,10,31,10,25,310,555,"24 bis, RTE DE NARBONNE",,,Plein jour,En agglomération,Hors intersection,Normale,Deux véhicules - arrière,,,,,,,,,,,1,2,1,1.0,2
201400023567,0014-11-01 01:43:00,14,11,1,1,43,310,555,"86 bis, RTE D ALBI",,,Nuit avec éclairage allumé,En agglomération,Hors intersection,Normale,Sans collision,,,,,,,,,,,5,2,1,1.0,7
201400023568,0014-11-01 06:00:00,14,11,1,6,0,310,555,"999, RUE CROIX BARAGNON",,,Nuit avec éclairage allumé,En agglomération,Hors intersection,Normale,Autre collision,,,,,,,,,,,5,2,1,1.0,6
201400023569,0014-11-01 13:50:00,14,11,1,13,50,310,555,"28, RUE DES FRERES LION",,,Plein jour,En agglomération,Hors intersection,Normale,Autre collision,,,,,,,,,,,1,2,1,1.0,6
201400023570,0014-11-01 13:55:00,14,11,1,13,55,310,555,RD916,43.57786,1.4939,Plein jour,En agglomération,Hors intersection,Normale,Trois véhicules et plus - en chaîne,,,,,,,,,,,1,2,1,1.0,4