accident_id,datetime,annee,mois,jour,heure,minute,departement,commune_insee,adresse,latitude,longitude,luminosite,agglomeration,intersection,meteo,collision,nb_vehicules,nb_usagers,nb_indemnes,nb_tues,nb_blesses_hosp,nb_blesses_legers,age_cond_1,age_cond_2,veh_type_cond_1,veh_type_cond_2,lum_code,agg_code,int_code,atm_code,col_code
201400023698,0014-05-12 09:30:00,14,5,12,9,30,830,26,,,,Plein jour,Hors agglomération,Hors intersection,Normale,Autre collision,,,,,,,,,,,1,1,1,1.0,6
201400023699,0014-05-28 18:45:00,14,5,28,18,45,830,54,,,,Plein jour,Hors agglomération,Hors intersection,Normale,Deux véhicules - côté,,,,,,,,,,,1,1,1,1.0,3
201400023700,0014-06-06 08:30:00,14,6,6,8,30,830,67,,,,Plein jour,Hors agglomération,Hors intersection,Normale,Deux véhicules - frontale,,,,,,,,,,,1,1,1,1.0,1
201400023701,0014-06-08 18:00:00,14,6,8,18,0,830,31,,,,Plein jour,Hors agglomération,Hors intersection,Normale,Autre collision,,,,,,,,,,,1,1,1,1.0,6
201400023702,0014-06-26 09:15:00,14,6,26,9,15,830,99,,,,Plein jour,Hors agglomération,Hors intersection,Normale,Autre collision,,,,,,,,,,,1,1,1,1.0,6
201400023703,0014-07-08 12:15:00,14,7,8,12,15,830,148,,,,Plein jour,Hors agglomération,Hors intersection,Normale,Deux véhicules - côté,,,,,,,,,,,1,1,1,1.0,3
201400023704,0014-07-19 19:45:00,14,7,19,19,45,830,73,,,,Plein jour,Hors agglomération,Hors intersection,Normale,Deux véhicules - arrière,,,,,,,,,,,1,1,1,1.0,2
201400023705,0014-07-21 17:30:00,14,7,21,17,30,830,26,,,,Plein jour,Hors agglomération,Hors intersection,Normale,Deux véhicules - côté,,,,,,,,,,,1,1,1,1.0,3
201400023706,0014-08-14 07:15:00,14,8,14,7,15,830,31,,,,Plein jour,Hors agglomération,Hors intersection,Normale,Autre collision,,,,,,,,,,,1,1,1,1.0,6
201400023707,0014-10-10 07:30:00,14,10,10,7,30,830,54,,,,Crépuscule ou aube,Hors agglomération,Hors intersection,Normale,Trois véhicules et plus - en chaîne,,,,,,,,,,,2,1,1,1.0,4
201400023708,0014-10-10 12:15:00,14,10,10,12,15,830,99,,,,Plein jour,Hors agglomération,Hors intersection,Normale,Deux véhicules - arrière,,,,,,,,,,,1,1,1,1.0,2
201400023709,0014-10-25 14:15:00,14,10,25,14,15,830,57,,,,Plein jour,Hors agglomération,Hors intersection,Normale,Trois véhicules et plus - collisions multiples,,,,,,,,,,,1,1,1,1.0,5
201400023710,0014-10-27 18:15:00,14,10,27,18,15,830,54,,,,Crépuscule ou aube,Hors agglomération,Hors intersection,Normale,Trois véhicules et plus - collisions multiples,,,,,,,,,,,2,1,1,1.0,5
201400023711,0014-11-04 18:30:00,14,11,4,18,30,830,99,,,,Nuit sans éclairage public,Hors agglomération,Hors intersection,Pluie forte,Autre collision,,,,,,,,,,,3,1,1,3.0,6
201400023712,0014-11-13 06:30:00,14,11,13,6,30,830,62,,,,Crépuscule ou aube,Hors agglomération,Autre intersection,Normale,Autre collision,,,,,,,,,,,2,1,9,1.0,6
201400023713,0014-11-24 07:15:00,14,11,24,7,15,830,130,,,,Crépuscule ou aube,Hors agglomération,Hors intersection,Normale,Deux véhicules - arrière,,,,,,,,,,,2,1,1,1.0,2
201400023714,0014-12-17 18:15:00,14,12,17,18,15,830,54,,,,Nuit sans éclairage public,Hors agglomération,Hors intersection,Normale,Deux véhicules - arrière,,,,,,,,,,,3,1,1,1.0,2
201400023715,0014-12-18 10:45:00,14,12,18,10,45,830,54,,,,Plein jour,Hors agglomération,Hors intersection,Normale,Deux véhicules - arrière,,,,,,,,,,,1,1,1,1.0,2
201400023716,0014-12-30 21:30:00,14,12,30,21,30,830,148,,,,Nuit sans éclairage public,Hors agglomération,Hors intersection,Normale,Deux véhicules - arrière,,,,,,,,,,,3,1,1,1.0,2
201400023717,0014-03-15 07:45:00,14,3,15,7,45,280,141,,48.32211,1.3603,Plein jour,Hors agglomération,Hors intersection,Normale,Autre collision,,,,,,,,,,,1,1,1,1.0,6
201400023718,0014-03-23 18:00:00,14,3,23,18,0,280,403,,48.38506,1.49062,Plein jour,Hors agglomération,Hors intersection,Neige / grêle,Deux véhicules - côté,,,,,,,,,,,1,1,1,4.0,3
201400023719,0014-05-20 16:00:00,14,5,20,16,0,280,110,,48.42164,1.51145,Plein jour,Hors agglomération,Hors intersection,Pluie forte,Sans collision,,,,,,,,,,,1,1,1,3.0,7
201400023720,0014-06-08 10:15:00,14,6,8,10,15,280,123,,48.24022,1.08583,Plein jour,Hors agglomération,Hors intersection,Normale,Autre collision,,,,,,,,,,,1,1,1,1.0,6
201400023721,0014-06-16 14:45:00,14,6,16,14,45,280,73,,48.47784,1.62853,Plein jour,Hors agglomération,Hors intersection,Normale,Deux véhicules - côté,,,,,,,,,,,1,1,1,1.0,3
201400023722,0014-06-23 17:00:00,14,6,23,17,0,280,141,,48.34946,1.42034,Plein jour,Hors agglomération,Hors intersection,Normale,Autre collision,,,,,,,,,,,1,1,1,1.0,6
201400023723,0014-06-29 08:15:00,14,6,29,8,15,280,73,,48.4787,1.63204,Plein jour,Hors agglomération,Hors intersection,Temps couvert,Autre collision,,,,,,,,,,,1,1,1,8.0,6
201400023724,0014-07-18 22:45:00,14,7,18,22,45,280,327,,48.19247,0.84362,Nuit sans éclairage public,Hors agglomération,Hors intersection,Temps couvert,Deux véhicules - arrière,,,,,,,,,,,3,1,1,8.0,2
201400023725,0014-09-21 03:15:00,14,9,21,3,15,280,139,,48.317,1.3312,Nuit sans éclairage public,Hors agglomération,Hors intersection,Temps couvert,Autre collision,,,,,,,,,,,3,1,1,8.0,6
201400023726,0014-12-23 06:15:00,14,12,23,6,15,280,361,,48.51016,1.74931,Nuit sans éclairage public,Hors agglomération,Hors intersection,Temps couvert,Sans collision,,,,,,,,,,,3,1,1,8.0,7
201400023727,0014-06-23 19:45:00,14,6,23,19,45,450,50,,48.09783,2.3621,Plein jour,Hors agglomération,Hors intersection,Normale,Deux véhicules - arrière,,,,,,,,,,,1,1,1,1.0,2
201400023728,0014-06-28 09:30:00,14,6,28,9,30,450,310,RTE DE PITHIVIERS,48.29168,2.20332,Plein jour,En agglomération,Hors intersection,Pluie légère,Deux véhicules - frontale,,,,,,,,,,,1,2,1,2.0,1
201400023729,0014-09-26 07:45:00,14,9,26,7,45,450,328,,48.07232,2.64049,Plein jour,Hors agglomération,Hors intersection,Normale,Deux véhicules - arrière,,,,,,,,,,,1,1,1,1.0,2
201400023730,0014-01-02 18:30:00,14,1,2,18,30,440,14,,,,Nuit avec éclairage allumé,Hors agglomération,Hors intersection,Temps couvert,Deux véhicules - arrière,,,,,,,,,,,5,1,1,8.0,2
201400023731,0014-02-01 12:15:00,14,2,1,12,15,440,216,,,,Plein jour,Hors agglomération,Hors intersection,Neige / grêle,Deux véhicules - côté,,,,,,,,,,,1,1,1,4.0,3
201400023732,0014-06-20 06:45:00,14,6,20,6,45,440,206,la grollière,,,Plein jour,Hors agglomération,Intersection en X,Normale,Trois véhicules et plus - collisions multiples,,,,,,,,,,,1,1,2,1.0,5
201400023733,0014-10-15 07:45:00,14,10,15,7,45,440,41,,,,Nuit sans éclairage public,Hors agglomération,Hors intersection,Pluie légère,Deux véhicules - arrière,,,,,,,,,,,3,1,1,2.0,2
201400023734,0014-11-04 09:45:00,14,11,4,9,45,440,9,,,,Plein jour,Hors agglomération,Hors intersection,Normale,Deux véhicules - arrière,,,,,,,,,,,1,1,1,1.0,2
201400023735,0014-11-07 16:00:00,14,11,7,16,0,440,24,moulin cassé,,,Plein jour,Hors agglomération,Hors intersection,Normale,Deux véhicules - frontale,,,,,,,,,,,1,1,1,1.0,1
201400023736,0014-11-18 07:15:00,14,11,18,7,15,440,14,les gros cailloux,,,Crépuscule ou aube,Hors agglomération,Hors intersection,Normale,Deux véhicules - frontale,,,,,,,,,,,2,1,1,1.0,1
201400023737,0014-12-03 14:30:00,14,12,3,14,30,440,41,,,,Plein jour,Hors agglomération,Hors intersection,Temps couvert,Autre collision,,,,,,,,,,,1,1,1,8.0,6
201400023738,0014-03-24 08:30:00,14,3,24,8,30,130,78,avenue louis arragon,,,Plein jour,En agglomération,Hors intersection,Normale,Deux véhicules - côté,,,,,,,,,,,1,2,1,1.0,3
201400023739,0014-02-23 04:15:00,14,2,23,4,15,770,141,,,,Nuit avec éclairage allumé,Hors agglomération,Autre intersection,Normale,Trois véhicules et plus - en chaîne,,,,,,,,,,,5,1,9,1.0,4
201400023740,0014-05-04 15:15:00,14,5,4,15,15,770,401,,,,Plein jour,Hors agglomération,Hors intersection,Normale,Autre collision,,,,,,,,,,,1,1,1,1.0,6
201400023741,0014-11-13 17:00:00,14,11,13,17,0,770,505,,48.919,2.989,Crépuscule ou aube,Hors agglomération,Hors intersection,Normale,Deux véhicules - frontale,,,,,,,,,,,2,1,1,1.0,1
201400023742,0014-10-04 04:00:00,14,10,4,4,0,810,198,,,,Nuit sans éclairage public,Hors agglomération,Hors intersection,Pluie légère,Sans collision,,,,,,,,,,,3,1,1,2.0,7
201400023743,0014-10-04 22:00:00,14,10,4,22,0,810,97,,43.8732,2.21385,Nuit sans éclairage public,Hors agglomération,Hors intersection,Normale,Autre collision,,,,,,,,,,,3,1,1,1.0,6
201400023744,0014-05-14 06:30:00,14,5,14,6,30,810,238,LIEU DIT RIEUVERGNET,43.475,2.50431,Nuit sans éclairage public,Hors agglomération,Hors intersection,Normale,Autre collision,,,,,,,,,,,3,1,1,1.0,6
201400023745,0014-07-11 10:00:00,14,7,11,10,0,810,115,37 BOULEVARD CARNOT,43.4761,2.63811,Plein jour,En agglomération,Hors intersection,Pluie légère,Deux véhicules - frontale,,,,,,,,,,,1,2,1,2.0,1
201400023746,0014-08-02 15:15:00,14,8,2,15,15,810,36,,43.4969,2.40207,Plein jour,Hors agglomération,Hors intersection,Temps couvert,Deux véhicules - arrière,,,,,,,,,,,1,1,1,8.0,2
201400023747,0014-08-21 14:45:00,14,8,21,14,45,810,321,le mariech,,,Plein jour,En agglomération,Hors intersection,Normale,Deux véhicules - côté,,,,,,,,,,,1,2,1,1.0,3
201400023748,0014-09-09 10:00:00,14,9,9,10,0,810,239,,43.489,2.4605,Plein jour,Hors agglomération,Hors intersection,Normale,Autre collision,,,,,,,,,,,1,1,1,1.0,6
201400023749,0014-02-16 21:00:00,14,2,16,21,0,320,13,"28, LORRAINE",43.6497,0.58693,Nuit avec éclairage allumé,En agglomération,Intersection en T,Normale,Deux véhicules - frontale,,,,,,,,,,,5,2,3,1.0,1
201400023750,0014-02-21 18:16:00,14,2,21,18,16,320,13,AGEN (ROUTE D'),43.673,0.60229,Crépuscule ou aube,Hors agglomération,Hors intersection,Temps couvert,Sans collision,,,,,,,,,,,2,1,1,8.0,7
201400023751,0014-03-09 00:01:00,14,3,9,0,1,320,117,ROCADE (RN 124 OUEST),43.6653,0.5527,Nuit sans éclairage public,Hors agglomération,Hors intersection,Normale,Deux véhicules - frontale,,,,,,,,,,,3,1,1,1.0,1
201400023752,0014-03-25 16:45:00,14,3,25,16,45,320,13,"11, RUE CHARRAS",43.6461,0.58755,Plein jour,En agglomération,Hors intersection,Pluie légère,Sans collision,,,,,,,,,,,1,2,1,2.0,7
201400023753,0014-04-15 09:20:00,14,4,15,9,20,320,13,PARKING DU MOUZON,43.6361,0.58616,Plein jour,En agglomération,Intersection en T,Normale,Deux véhicules - frontale,,,,,,,,,,,1,2,3,1.0,1
201400023754,0014-04-15 11:30:00,14,4,15,11,30,320,13,CORPS FRANC POMMIES (AVE,43.6311,0.58131,Plein jour,En agglomération,Intersection en X,Normale,Deux véhicules - côté,,,,,,,,,,,1,2,2,1.0,3
201400023755,0014-04-30 05:00:00,14,4,30,5,0,320,13,,43.6602,0.63953,Nuit sans éclairage public,Hors agglomération,Hors intersection,Autre,Autre collision,,,,,,,,,,,3,1,1,9.0,6
201400023756,0014-05-05 17:40:00,14,5,5,17,40,320,13,"62, AV. 1ER  ARMEE FRANC",43.6497,0.59806,Plein jour,En agglomération,Intersection en Y,Normale,Deux véhicules - côté,,,,,,,,,,,1,2,4,1.0,3
201400023757,0014-05-13 11:00:00,14,5,13,11,0,320,13,"119, PREMIERE ARMEE FRAN",43.651,0.60244,Plein jour,En agglomération,Intersection en Y,Pluie légère,Deux véhicules - côté,,,,,,,,,,,1,2,4,2.0,3
201400023758,0014-06-03 16:05:00,14,6,3,16,5,320,13,"41, JEANNE D'ALBRET",43.6323,0.59276,Plein jour,En agglomération,Hors intersection,Normale,Sans collision,,,,,,,,,,,1,2,1,1.0,7
201400023759,0014-06-17 11:20:00,14,6,17,11,20,320,13,METZ,43.6436,0.58327,Plein jour,En agglomération,Hors intersection,Normale,Autre collision,,,,,,,,,,,1,2,1,1.0,6
201400023760,0014-06-19 19:15:00,14,6,19,19,15,320,13,AGEN (ROUTE D'),43.6564,0.59697,Plein jour,En agglomération,Hors intersection,Normale,Deux véhicules - côté,,,,,,,,,,,1,2,1,1.0,3
201400023761,0014-06-20 02:27:00,14,6,20,2,27,320,13,ROQUELAURE (CHEMIN DE),43.6878,0.59585,Nuit sans éclairage public,Hors agglomération,Hors intersection,Normale,Autre collision,,,,,,,,,,,3,1,1,1.0,6
201400023762,0014-07-02 01:50:00,14,7,2,1,50,320,13,CHEMIN DE L'AR?ON,43.6771,0.61864,Nuit sans éclairage public,Hors agglomération,Hors intersection,Pluie légère,Autre collision,,,,,,,,,,,3,1,1,2.0,6
201400023763,0014-07-16 07:55:00,14,7,16,7,55,320,13,PREMIERE ARMEE FRANCAISE,43.6496,0.59757,Plein jour,En agglomération,Hors intersection,Normale,Deux véhicules - arrière,,,,,,,,,,,1,2,1,1.0,2
201400023764,0014-07-25 17:40:00,14,7,25,17,40,320,13,TOULOUSE (ROUTE DE),43.6517,0.62002,Plein jour,Hors agglomération,Hors intersection,Temps couvert,Deux véhicules - frontale,,,,,,,,,,,1,1,1,8.0,1
201400023765,0014-07-29 11:35:00,14,7,29,11,35,320,13,PREMIERE ARMEE FRANCAISE,43.6501,0.59936,Plein jour,En agglomération,Hors intersection,Normale,Deux véhicules - arrière,,,,,,,,,,,1,2,1,1.0,2
201400023766,0014-08-06 17:40:00,14,8,6,17,40,320,13,AVENUE DES PYR?N?ES,43.6367,0.58375,Plein jour,En agglomération,Intersection en T,Normale,Trois véhicules et plus - collisions multiples,,,,,,,,,,,1,2,3,1.0,5
201400023767,0014-08-07 09:35:00,14,8,7,9,35,320,13,RETHOURIE (IMPASSE DE),43.644,0.60379,Plein jour,En agglomération,Hors intersection,Normale,Sans collision,,,,,,,,,,,1,2,1,1.0,7
201400023768,0014-08-14 08:28:00,14,8,14,8,28,320,13,"8, ONZE NOVEMBRE",43.6423,0.59083,Plein jour,En agglomération,Hors intersection,Normale,Autre collision,,,,,,,,,,,1,2,1,1.0,6
201400023769,0014-08-23 12:00:00,14,8,23,12,0,320,13,SAINT-CRICQ (CHEMIN DE),43.668,0.6325,Plein jour,Hors agglomération,Hors intersection,Normale,Autre collision,,,,,,,,,,,1,1,1,1.0,6
201400023770,0014-08-24 07:30:00,14,8,24,7,30,320,13,BARRAN (ROUTE DE),43.6476,0.52811,Plein jour,Hors agglomération,Hors intersection,Normale,Sans collision,,,,,,,,,,,1,1,1,1.0,7
201400023771,0014-09-12 12:10:00,14,9,12,12,10,320,13,HERMITAGE (CHEMIN DE L'),43.6366,0.59816,Plein jour,En agglomération,Intersection en T,Normale,Deux véhicules - frontale,,,,,,,,,,,1,2,3,1.0,1
201400023772,0014-09-12 14:05:00,14,9,12,14,5,320,13,ROUGET DE LISLE,43.6466,0.59183,Plein jour,En agglomération,Intersection en X,Normale,Deux véhicules - arrière,,,,,,,,,,,1,2,2,1.0,2
201400023773,0014-09-18 11:30:00,14,9,18,11,30,320,13,"17, MARCEAU (RUE)",43.65,0.58881,Plein jour,En agglomération,Hors intersection,Normale,Sans collision,,,,,,,,,,,1,2,1,1.0,7
201400023774,0014-09-23 22:40:00,14,9,23,22,40,320,13,"1, SADI-CARNOT (BOULEVAR",43.6399,0.58498,Nuit avec éclairage allumé,En agglomération,Hors intersection,Normale,Sans collision,,,,,,,,,,,5,2,1,1.0,7
201400023775,0014-09-28 12:05:00,14,9,28,12,5,320,13,"0, SADI-CARNOT (BOULEVAR",43.6475,0.58869,Plein jour,En agglomération,Hors intersection,Normale,Sans collision,,,,,,,,,,,1,2,1,1.0,7
201400023776,0014-10-03 16:20:00,14,10,3,16,20,320,13,AGEN (ROUTE D'),43.6668,0.60216,Plein jour,Hors agglomération,Hors intersection,Normale,Deux véhicules - côté,,,,,,,,,,,1,1,1,1.0,3
201400023777,0014-10-17 03:43:00,14,10,17,3,43,320,13,"1, RUE DU POUY",43.6485,0.58711,Nuit avec éclairage allumé,En agglomération,Hors intersection,Normale,Autre collision,,,,,,,,,,,5,2,1,1.0,6
201400023778,0014-10-27 17:06:00,14,10,27,17,6,320,13,R N 21,43.6869,0.604,Plein jour,Hors agglomération,Hors intersection,Normale,Sans collision,,,,,,,,,,,1,1,1,1.0,7
201400023779,0014-10-30 10:30:00,14,10,30,10,30,320,13,VOLTAIRE,43.6466,0.59192,Plein jour,En agglomération,Hors intersection,Normale,Sans collision,,,,,,,,,,,1,2,1,1.0,7
201400023780,0014-11-08 11:40:00,14,11,8,11,40,320,13,"1, VOLTAIRE",43.6466,0.59191,Plein jour,En agglomération,Hors intersection,Normale,Sans collision,,,,,,,,,,,1,2,1,1.0,7
201400023781,0014-11-12 16:55:00,14,11,12,16,55,320,13,"3, PAUL DESCOMPS (PLACE)",43.6338,0.59483,Crépuscule ou aube,En agglomération,Hors intersection,Normale,Sans collision,,,,,,,,,,,2,2,1,1.0,7
201400023782,0014-11-14 08:00:00,14,11,14,8,0,320,13,SADI CARNOT (BOULEVARD),43.649,0.58943,Crépuscule ou aube,En agglomération,Hors intersection,Pluie légère,Sans collision,,,,,,,,,,,2,2,1,2.0,7
201400023783,0014-11-27 11:45:00,14,11,27,11,45,320,13,ROUGET DE LISLE,43.6479,0.59256,Plein jour,En agglomération,Hors intersection,Normale,Sans collision,,,,,,,,,,,1,2,1,1.0,7
201400023784,0014-11-29 02:56:00,14,11,29,2,56,320,13,ENGACHIES (ROUTE D'),43.6551,0.61566,Nuit sans éclairage public,En agglomération,Hors intersection,Normale,Sans collision,,,,,,,,,,,3,2,1,1.0,7
201400023785,0014-12-06 19:59:00,14,12,6,19,59,320,13,PESSAN (ROUTE DE),43.6408,0.59606,Nuit sans éclairage public,En agglomération,Hors intersection,Pluie légère,Autre collision,,,,,,,,,,,3,2,1,2.0,6
201400023786,0014-12-10 14:05:00,14,12,10,14,5,320,13,CORPS FRANC POMMIES (AVE,43.6351,0.58316,Plein jour,En agglomération,Hors intersection,Normale,Autre collision,,,,,,,,,,,1,2,1,1.0,6
201400023787,0014-12-16 18:40:00,14,12,16,18,40,320,13,JEAN JAURES (AVENUE),43.6645,0.59539,Nuit avec éclairage allumé,Hors agglomération,Hors intersection,Pluie légère,Deux véhicules - côté,,,,,,,,,,,5,1,1,2.0,3
201400023788,0014-12-17 23:55:00,14,12,17,23,55,320,13,VILLARET DE JOYEUSE (PLA,43.6493,0.58813,Nuit avec éclairage allumé,En agglomération,Hors intersection,Pluie légère,Deux véhicules - frontale,,,,,,,,,,,5,2,1,2.0,1
201400023789,0014-04-08 07:15:00,14,4,8,7,15,570,629,,,,Plein jour,Hors agglomération,Hors intersection,Normale,Trois véhicules et plus - collisions multiples,,,,,,,,,,,1,1,1,1.0,5
201400023790,0014-04-07 16:15:00,14,4,7,16,15,570,635,,,,Plein jour,Hors agglomération,Hors intersection,Normale,Sans collision,,,,,,,,,,,1,1,1,1.0,7
201400023791,0014-05-18 17:30:00,14,5,18,17,30,570,246,,48.75299,6.73091,Plein jour,Hors agglomération,Hors intersection,Normale,Deux véhicules - frontale,,,,,,,,,,,1,1,1,1.0,1
201400023792,0014-08-07 06:45:00,14,8,7,6,45,570,98,,,,Plein jour,Hors agglomération,Hors intersection,Normale,Autre collision,,,,,,,,,,,1,1,1,1.0,6
201400023793,0014-12-05 16:15:00,14,12,5,16,15,570,65,,,,Nuit sans éclairage public,Hors agglomération,Hors intersection,Normale,Autre collision,,,,,,,,,,,3,1,1,1.0,6
201400023794,0014-02-04 08:45:00,14,2,4,8,45,210,57,,,,Plein jour,Hors agglomération,Hors intersection,Pluie légère,Trois véhicules et plus - collisions multiples,,,,,,,,,,,1,1,1,2.0,5
201400023795,0014-06-06 14:15:00,14,6,6,14,15,210,599,,,,Plein jour,Hors agglomération,Hors intersection,Normale,Deux véhicules - côté,,,,,,,,,,,1,1,1,1.0,3
201400023796,0014-11-27 18:30:00,14,11,27,18,30,210,171,,47.28113,5.12445,Nuit sans éclairage public,Hors agglomération,Hors intersection,Normale,Deux véhicules - arrière,,,,,,,,,,,3,1,1,1.0,2
201400023797,0014-12-20 17:45:00,14,12,20,17,45,210,330,,,,Nuit sans éclairage public,Hors agglomération,Hors intersection,Normale,Autre collision,,,,,,,,,,,3,1,1,1.0,6
201400023798,0014-02-12 07:15:00,14,2,12,7,15,760,10,,49.64538,0.96649,Crépuscule ou aube,Hors agglomération,Hors intersection,Autre,Autre collision,,,,,,,,,,,2,1,1,9.0,6
201400023799,0014-11-17 15:00:00,14,11,17,15,0,760,227,,49.66199,0.9179,Plein jour,Hors agglomération,Hors intersection,Pluie légère,Sans collision,,,,,,,,,,,1,1,1,2.0,7
201400023800,0014-03-05 08:15:00,14,3,5,8,15,310,445,route de castres,43.5859,1.52378,Plein jour,Hors agglomération,Hors intersection,Temps couvert,Deux véhicules - côté,,,,,,,,,,,1,1,1,8.0,3
201400023801,0014-04-18 18:15:00,14,4,18,18,15,310,285,,43.64396,1.60806,Plein jour,Hors agglomération,Hors intersection,Normale,Deux véhicules - frontale,,,,,,,,,,,1,1,1,1.0,1
201400023802,0014-05-31 19:15:00,14,5,31,19,15,310,163,,,,Plein jour,Hors agglomération,Hors intersection,Normale,Autre collision,,,,,,,,,,,1,1,1,1.0,6
201400023803,0014-02-20 19:30:00,14,2,20,19,30,310,446,83 avenue tolosane,43.54189,1.47833,Nuit avec éclairage allumé,En agglomération,Hors intersection,Normale,Trois véhicules et plus - en chaîne,,,,,,,,,,,5,2,1,1.0,4
201400023804,0014-04-10 08:45:00,14,4,10,8,45,310,506,CHEMIN DE CAYRAS,43.56889,1.51157,Plein jour,En agglomération,Hors intersection,Normale,Sans collision,,,,,,,,,,,1,2,1,1.0,7
201400023805,0014-06-27 13:45:00,14,6,27,13,45,310,446,salvador allende,43.54054,1.48304,Plein jour,En agglomération,Giratoire,Normale,Autre collision,,,,,,,,,,,1,2,6,1.0,6
201400023806,0014-11-27 18:00:00,14,11,27,18,0,310,446,106 AVENUE TOLOSANE,43.53872,1.48057,Nuit avec éclairage allumé,En agglomération,Hors intersection,Normale,Deux véhicules - côté,,,,,,,,,,,5,2,1,1.0,3
201400023807,0014-08-08 23:45:00,14,8,8,23,45,840,116,,,,Nuit sans éclairage public,Hors agglomération,Hors intersection,Normale,Autre collision,,,,,,,,,,,3,1,1,1.0,6
201400023808,0014-11-20 18:45:00,14,11,20,18,45,310,282,,,,Nuit sans éclairage public,Hors agglomération,Hors intersection,Normale,Autre collision,,,,,,,,,,,3,1,1,1.0,6
201400023809,0014-02-01 06:00:00,14,2,1,6,0,410,167,,47.492,1.191,Nuit avec éclairage allumé,Hors agglomération,Giratoire,Pluie forte,Sans collision,,,,,,,,,,,5,1,6,3.0,7
201400023810,0014-02-22 18:30:00,14,2,22,18,30,410,93,,47.642,1.104,Crépuscule ou aube,Hors agglomération,Hors intersection,Temps couvert,Autre collision,,,,,,,,,,,2,1,1,8.0,6
201400023811,0014-04-03 16:45:00,14,4,3,16,45,410,101,RD26 rue de beauce,47.607,1.143,Plein jour,En agglomération,Hors intersection,Normale,Deux véhicules - côté,,,,,,,,,,,1,2,1,1.0,3
201400023812,0014-04-28 10:00:00,14,4,28,10,0,410,55,la sablière,47.502,1.227,Plein jour,Hors agglomération,Hors intersection,Pluie légère,Deux véhicules - frontale,,,,,,,,,,,1,1,1,2.0,1
201400023813,0014-05-22 16:45:00,14,5,22,16,45,410,55,la morandière,47.532,1.236,Plein jour,Hors agglomération,Hors intersection,Normale,Deux véhicules - frontale,,,,,,,,,,,1,1,1,1.0,1
201400023814,0014-05-27 16:00:00,14,5,27,16,0,410,142,CHEMIN DES TIRONS,47.57,1.219,Plein jour,En agglomération,Hors intersection,Normale,Deux véhicules - côté,,,,,,,,,,,1,2,1,1.0,3
201400023815,0014-05-30 09:00:00,14,5,30,9,0,410,272,,47.47,1.121,Nuit sans éclairage public,Hors agglomération,Hors intersection,Normale,Sans collision,,,,,,,,,,,3,1,1,1.0,7
201400023816,0014-06-15 05:30:00,14,6,15,5,30,410,167,,47.488,1.192,Crépuscule ou aube,Hors agglomération,Autre intersection,Normale,Sans collision,,,,,,,,,,,2,1,9,1.0,7
201400023817,0014-07-30 23:30:00,14,7,30,23,30,410,230,ROUTE D4HERBAULT - CD 32,47.607,1.272,Nuit avec éclairage allumé,En agglomération,Hors intersection,Normale,Autre collision,,,,,,,,,,,5,2,1,1.0,6
201400023818,0014-08-28 18:15:00,14,8,28,18,15,410,276,,47.624,1.326,Plein jour,Hors agglomération,Hors intersection,Normale,Deux véhicules - frontale,,,,,,,,,,,1,1,1,1.0,1
201400023819,0014-09-16 10:30:00,14,9,16,10,30,410,55,,47.531,1.267,Plein jour,Hors agglomération,Hors intersection,Normale,Deux véhicules - frontale,,,,,,,,,,,1,1,1,1.0,1
201400023820,0014-09-21 10:45:00,14,9,21,10,45,410,55,,47.535,1.274,Plein jour,Hors agglomération,Hors intersection,Normale,Deux véhicules - frontale,,,,,,,,,,,1,1,1,1.0,1
201400023821,0014-11-12 12:30:00,14,11,12,12,30,410,230,,47.607,1.267,Plein jour,En agglomération,Hors intersection,Normale,Deux véhicules - frontale,,,,,,,,,,,1,2,1,1.0,1
201400023822,0014-12-26 00:30:00,14,12,26,0,30,410,167,,47.484,1.177,Nuit sans éclairage public,Hors agglomération,Hors intersection,Brouillard / fumée,Sans collision,,,,,,,,,,,3,1,1,5.0,7
201400023823,0014-01-14 07:55:00,14,1,14,7,55,330,529,"33, CAZAUX (BD DE) DU 01",,,Nuit avec éclairage allumé,En agglomération,Hors intersection,Pluie forte,Deux véhicules - arrière,,,,,,,,,,,5,2,1,3.0,2
201400023824,0014-01-24 14:00:00,14,1,24,14,0,330,9,"., FARGES (AVE JEAN) DU",,,Plein jour,En agglomération,Intersection en X,Autre,Deux véhicules - côté,,,,,,,,,,,1,2,2,9.0,3
201400023825,0014-02-06 16:20:00,14,2,6,16,20,330,9,"37, GAMBETTA (AVE) DU 37",,,Plein jour,En agglomération,Hors intersection,Normale,Autre collision,,,,,,,,,,,1,2,1,1.0,6
201400023826,0014-02-13 14:55:00,14,2,13,14,55,330,529,"24, CAZAUX (BD DE) DU 02",,,Plein jour,Hors agglomération,Hors intersection,Normale,Deux véhicules - arrière,,,,,,,,,,,1,1,1,1.0,2
201400023827,0014-02-17 21:30:00,14,2,17,21,30,330,529,"60, LAGRUA (CH.)",,,Nuit avec éclairage allumé,En agglomération,Hors intersection,Normale,Deux véhicules - frontale,,,,,,,,,,,5,2,1,1.0,1
201400023828,0014-02-19 13:45:00,14,2,19,13,45,330,529,"., GRAILLY (RUE JEAN DE)",,,Plein jour,En agglomération,Hors intersection,Normale,Deux véhicules - côté,,,,,,,,,,,1,2,1,1.0,3