accident_id,datetime,annee,mois,jour,heure,minute,departement,commune_insee,adresse,latitude,longitude,luminosite,agglomeration,intersection,meteo,collision,nb_vehicules,nb_usagers,nb_indemnes,nb_tues,nb_blesses_hosp,nb_blesses_legers,age_cond_1,age_cond_2,veh_type_cond_1,veh_type_cond_2,lum_code,agg_code,int_code,atm_code,col_code
201400023829,0014-03-06 16:05:00,14,3,6,16,5,330,9,"33, DELATTRE DE TASSIGNY",,,Plein jour,En agglomération,Intersection en X,Normale,Deux véhicules - côté,,,,,,,,,,,1,2,2,1.0,3
201400023830,0014-03-08 19:35:00,14,3,8,19,35,330,529,"., RD 1250 (CAMICAS-OUST",,,Plein jour,En agglomération,Hors intersection,Normale,Autre collision,,,,,,,,,,,1,2,1,1.0,6
201400023831,0014-03-12 15:45:00,14,3,12,15,45,330,529,RD1250 (BONNEVAL - LA HU,,,Plein jour,Hors agglomération,Hors intersection,Normale,Deux véhicules - frontale,,,,,,,,,,,1,1,1,1.0,1
201400023832,0014-03-13 09:35:00,14,3,13,9,35,330,529,"141, INDUSTRIE (BD DE L'",,,Plein jour,En agglomération,Hors intersection,Normale,Deux véhicules - côté,,,,,,,,,,,1,2,1,1.0,3
201400023833,0014-03-17 15:15:00,14,3,17,15,15,330,529,"., RD 259",,,Plein jour,Hors agglomération,Hors intersection,Normale,Deux véhicules - frontale,,,,,,,,,,,1,1,1,1.0,1
201400023834,0014-04-30 19:25:00,14,4,30,19,25,330,529,"., RD 259",,,Plein jour,Hors agglomération,Hors intersection,Temps couvert,Autre collision,,,,,,,,,,,1,1,1,8.0,6
201400023835,0014-05-03 18:15:00,14,5,3,18,15,330,529,"., LISIERE DU GOLF (ALL.",,,Plein jour,Hors agglomération,Intersection en X,Normale,Deux véhicules - côté,,,,,,,,,,,1,1,2,1.0,3
201400023836,0014-05-04 17:45:00,14,5,4,17,45,330,529,"3, DE GAULLE (AVE GAL) D",,,Plein jour,En agglomération,Hors intersection,Temps éblouissant,Deux véhicules - côté,,,,,,,,,,,1,2,1,7.0,3
201400023837,0014-05-09 14:40:00,14,5,9,14,40,330,529,"., RD1250 (BONNEVAL - LA",,,Plein jour,Hors agglomération,Hors intersection,Normale,Trois véhicules et plus - en chaîne,,,,,,,,,,,1,1,1,1.0,4
201400023838,0014-05-17 02:45:00,14,5,17,2,45,330,529,"63, OCEAN (BD DE L')",,,Nuit avec éclairage allumé,Hors agglomération,Hors intersection,Normale,Autre collision,,,,,,,,,,,5,1,1,1.0,6
201400023839,0014-06-01 17:00:00,14,6,1,17,0,330,529,BISCAROSSE (AVE) DUNE VE,,,Plein jour,Hors agglomération,Hors intersection,Normale,Deux véhicules - frontale,,,,,,,,,,,1,1,1,1.0,1
201400023840,0014-06-13 08:05:00,14,6,13,8,5,330,529,"., RD 1250 (BONNEVAL -LA",,,Plein jour,Hors agglomération,Hors intersection,Normale,Autre collision,,,,,,,,,,,1,1,1,1.0,6
201400023841,0014-06-08 20:15:00,14,6,8,20,15,330,529,"., HUGO (RUE VICTOR)",,,Plein jour,En agglomération,Giratoire,Normale,Deux véhicules - côté,,,,,,,,,,,1,2,6,1.0,3
201400023842,0014-06-22 08:30:00,14,6,22,8,30,330,529,RD 112,,,Plein jour,Hors agglomération,Hors intersection,Normale,Autre collision,,,,,,,,,,,1,1,1,1.0,6
201400023843,0014-07-08 18:28:00,14,7,8,18,28,330,529,"255, OCEAN (BD DE L')",,,Plein jour,Hors agglomération,Hors intersection,Normale,Autre collision,,,,,,,,,,,1,1,1,1.0,6
201400023844,0014-07-15 18:55:00,14,7,15,18,55,330,9,"164, COTE D'ARGENT (BD)",,,Plein jour,Hors agglomération,Hors intersection,Normale,Deux véhicules - côté,,,,,,,,,,,1,1,1,1.0,3
201400023845,0014-07-16 19:30:00,14,7,16,19,30,330,529,"., LAC (RTE DU)",,,Plein jour,En agglomération,Hors intersection,Normale,Deux véhicules - arrière,,,,,,,,,,,1,2,1,1.0,2
201400023846,0014-07-15 14:30:00,14,7,15,14,30,330,529,"311, PARC DES EXPOSITION",,,Plein jour,Hors agglomération,Hors intersection,Normale,Autre collision,,,,,,,,,,,1,1,1,1.0,6
201400023847,0014-08-04 19:30:00,14,8,4,19,30,330,529,"4, CUREPIPE (BD DE) DU 0",,,Plein jour,En agglomération,Hors intersection,Normale,Deux véhicules - côté,,,,,,,,,,,1,2,1,1.0,3
201400023848,0014-08-13 14:20:00,14,8,13,14,20,330,529,"55, SAINT-EXUPERY (AVE)",,,Plein jour,En agglomération,Hors intersection,Normale,Deux véhicules - côté,,,,,,,,,,,1,2,1,1.0,3
201400023849,0014-08-21 15:00:00,14,8,21,15,0,330,9,"., BERDOULAT (AVE GAL)",,,Plein jour,En agglomération,Hors intersection,Normale,Autre collision,,,,,,,,,,,1,2,1,1.0,6
201400023850,0014-08-25 15:30:00,14,8,25,15,30,330,529,BISCAROSSE (AVE) DUNE VE,,,Plein jour,Hors agglomération,Hors intersection,Normale,Autre collision,,,,,,,,,,,1,1,1,1.0,6
201400023851,0014-09-08 10:14:00,14,9,8,10,14,330,529,"., BONDON (RPT)",,,Plein jour,Hors agglomération,Hors intersection,Normale,Autre collision,,,,,,,,,,,1,1,1,1.0,6
201400023852,0014-08-28 18:10:00,14,8,28,18,10,330,529,"51 bis, LECLERC (AVE DU",,,Plein jour,Hors agglomération,Hors intersection,Normale,Autre collision,,,,,,,,,,,1,1,1,1.0,6
201400023853,0014-09-14 06:10:00,14,9,14,6,10,330,529,BISCAROSSE (AVE) DUNE VE,,,Nuit sans éclairage public,Hors agglomération,Hors intersection,Normale,Deux véhicules - côté,,,,,,,,,,,3,1,1,1.0,3
201400023854,0014-09-12 16:20:00,14,9,12,16,20,330,529,RD 1250 (OUSTALET - BONN,,,Plein jour,Hors agglomération,Hors intersection,Normale,Trois véhicules et plus - collisions multiples,,,,,,,,,,,1,1,1,1.0,5
201400023855,0014-09-25 17:30:00,14,9,25,17,30,330,9,"., GAMBETTA (AVE) DU 01",,,Plein jour,En agglomération,Intersection en X,Normale,Deux véhicules - côté,,,,,,,,,,,1,2,2,1.0,3
201400023856,0014-10-03 16:10:00,14,10,3,16,10,330,529,"., DE GAULLE (AVE CHARLE",,,Plein jour,Hors agglomération,Hors intersection,Normale,Autre collision,,,,,,,,,,,1,1,1,1.0,6
201400023857,0014-10-12 19:20:00,14,10,12,19,20,330,529,"., PLOS (RUE GUSTAVE FER",,,Nuit avec éclairage allumé,En agglomération,Intersection en X,Normale,Deux véhicules - côté,,,,,,,,,,,5,2,2,1.0,3
201400023858,0014-10-13 12:00:00,14,10,13,12,0,330,9,"., LAMARQUE PLAISANCE (C",,,Plein jour,En agglomération,Intersection en X,Normale,Deux véhicules - côté,,,,,,,,,,,1,2,2,1.0,3
201400023859,0014-10-16 19:45:00,14,10,16,19,45,330,529,"83, DE GAULLE (AVE CHARL",,,Nuit avec éclairage allumé,En agglomération,Hors intersection,Normale,Autre collision,,,,,,,,,,,5,2,1,1.0,6
201400023860,0014-10-25 12:10:00,14,10,25,12,10,330,9,RAPP (AVE),,,Plein jour,En agglomération,Intersection en X,Normale,Deux véhicules - côté,,,,,,,,,,,1,2,2,1.0,3
201400023861,0014-10-22 19:14:00,14,10,22,19,14,330,9,"., REGUE VERTE (AVE)* BA",,,Nuit avec éclairage allumé,En agglomération,Hors intersection,Normale,Autre collision,,,,,,,,,,,5,2,1,1.0,6
201400023862,0014-11-10 19:30:00,14,11,10,19,30,330,529,"., LECLERC (AVE DU GAL)",,,Nuit avec éclairage allumé,En agglomération,Autre intersection,Normale,Deux véhicules - côté,,,,,,,,,,,5,2,9,1.0,3
201400023863,0014-11-28 14:00:00,14,11,28,14,0,330,529,"., LECLERC (AVE DU GAL)",,,Plein jour,En agglomération,Intersection en T,Normale,Deux véhicules - côté,,,,,,,,,,,1,2,3,1.0,3
201400023864,0014-11-27 09:30:00,14,11,27,9,30,330,9,"., ALBERT 1ER (RUE)",,,Plein jour,Hors agglomération,Hors intersection,Normale,Deux véhicules - côté,,,,,,,,,,,1,1,1,1.0,3
201400023865,0014-12-13 21:15:00,14,12,13,21,15,330,529,"., CAZAUX (BD DE)",,,Nuit avec éclairage allumé,En agglomération,Giratoire,Normale,Deux véhicules - frontale,,,,,,,,,,,5,2,6,1.0,1
201400023866,0014-12-12 20:50:00,14,12,12,20,50,330,529,"., CARNOT (RUE DU PRESID",,,Nuit avec éclairage allumé,En agglomération,Autre intersection,Normale,Autre collision,,,,,,,,,,,5,2,9,1.0,6
201400023867,0014-12-28 14:15:00,14,12,28,14,15,330,9,"., GRANDS CHENES (CITE)",,,Plein jour,En agglomération,Giratoire,Normale,Deux véhicules - côté,,,,,,,,,,,1,2,6,1.0,3
201400023868,0014-07-17 19:00:00,14,7,17,19,0,740,191,parking de la poste,,,Plein jour,En agglomération,Hors intersection,Normale,Deux véhicules - côté,,,,,,,,,,,1,2,1,1.0,3
201400023869,0014-08-08 18:15:00,14,8,8,18,15,740,188,LES LINDARETS,,,Plein jour,Hors agglomération,Hors intersection,Normale,Deux véhicules - frontale,,,,,,,,,,,1,1,1,1.0,1
201400023870,0014-08-20 18:00:00,14,8,20,18,0,740,191,,,,Plein jour,En agglomération,Hors intersection,Normale,Deux véhicules - côté,,,,,,,,,,,1,2,1,1.0,3
201400023871,0014-08-22 12:00:00,14,8,22,12,0,740,188,LE LAVANCHY,46.209,6.706,Plein jour,En agglomération,Hors intersection,Normale,Deux véhicules - frontale,,,,,,,,,,,1,2,1,1.0,1
201400023872,0014-08-26 16:45:00,14,8,26,16,45,740,34,,,,Plein jour,Hors agglomération,Hors intersection,Normale,Deux véhicules - côté,,,,,,,,,,,1,1,1,1.0,3
201400023873,0014-08-30 13:40:00,14,8,30,13,40,740,238,ROUTE DES MARTINETS,46.231,6.658,Plein jour,Hors agglomération,Hors intersection,Normale,Deux véhicules - côté,,,,,,,,,,,1,1,1,1.0,3
201400023874,0014-08-31 10:15:00,14,8,31,10,15,740,114,LIEUDIT CREUX DE LA MIAZ,46.218,6.668,Plein jour,Hors agglomération,Hors intersection,Normale,Sans collision,,,,,,,,,,,1,1,1,1.0,7
201400023875,0014-09-25 07:45:00,14,9,25,7,45,740,238,,46.219,6.67,Plein jour,Hors agglomération,Hors intersection,Normale,Autre collision,,,,,,,,,,,1,1,1,1.0,6
201400023876,0014-12-31 14:15:00,14,12,31,14,15,740,34,,46.259,6.63,Plein jour,Hors agglomération,Hors intersection,Normale,Autre collision,,,,,,,,,,,1,1,1,1.0,6
201400023877,0014-01-02 07:45:00,14,1,2,7,45,330,63,QUAI DE LA SOUYS,,,Crépuscule ou aube,En agglomération,Intersection en T,Pluie légère,Deux véhicules - côté,,,,,,,,,,,2,2,3,2.0,3
201400023878,0014-01-02 16:50:00,14,1,2,16,50,330,63,RUE DE PESSAC,,,Plein jour,En agglomération,Intersection en T,Normale,Deux véhicules - côté,,,,,,,,,,,1,2,3,1.0,3
201400023879,0014-12-31 20:00:00,14,12,31,20,0,330,63,"27, RUE DOC CHARLES NANC",,,Nuit avec éclairage allumé,En agglomération,Hors intersection,Normale,Deux véhicules - côté,,,,,,,,,,,5,2,1,1.0,3
201400023880,0014-01-02 19:20:00,14,1,2,19,20,330,63,"139, RUE FONDAUDEGE",,,Nuit avec éclairage allumé,En agglomération,Hors intersection,Normale,Deux véhicules - côté,,,,,,,,,,,5,2,1,1.0,3
201400023881,0014-01-06 15:30:00,14,1,6,15,30,330,63,"88, RUE BERNARD ADOUR CA",,,Plein jour,En agglomération,Intersection en X,Normale,Deux véhicules - arrière,,,,,,,,,,,1,2,2,1.0,2
201400023882,0014-01-07 20:43:00,14,1,7,20,43,330,63,"5, PCE LOUIS BARTHOU",,,Nuit avec éclairage allumé,En agglomération,Hors intersection,Normale,Autre collision,,,,,,,,,,,5,2,1,1.0,6
201400023883,0014-01-02 17:15:00,14,1,2,17,15,330,162,"2, ALL DE L'EUROPE",,,Crépuscule ou aube,En agglomération,Hors intersection,Normale,Autre collision,,,,,,,,,,,2,2,1,1.0,6
201400023884,0014-01-02 16:30:00,14,1,2,16,30,330,281,"24, AVE DE LA SOMME",,,Plein jour,En agglomération,Hors intersection,Normale,Deux véhicules - côté,,,,,,,,,,,1,2,1,1.0,3
201400023885,0014-01-06 17:00:00,14,1,6,17,0,330,63,CRS SAINT LOUIS,,,Plein jour,En agglomération,Intersection en X,Normale,Deux véhicules - côté,,,,,,,,,,,1,2,2,1.0,3
201400023886,0014-01-06 14:25:00,14,1,6,14,25,330,281,AVE DE L'YSER,,,Plein jour,En agglomération,Giratoire,Normale,Autre collision,,,,,,,,,,,1,2,6,1.0,6
201400023887,0014-01-03 19:26:00,14,1,3,19,26,330,167,QUAI DE LA SOUYS,,,Nuit avec éclairage allumé,En agglomération,Hors intersection,Normale,Deux véhicules - arrière,,,,,,,,,,,5,2,1,1.0,2
201400023888,0014-01-09 11:40:00,14,1,9,11,40,330,63,"95, RUE BELLEVILLE",,,Plein jour,En agglomération,Intersection en T,Normale,Autre collision,,,,,,,,,,,1,2,3,1.0,6
201400023889,0014-01-12 02:00:00,14,1,12,2,0,330,63,"61, QUAI DES CHARTRONS",,,Nuit avec éclairage allumé,En agglomération,Intersection en T,Normale,Autre collision,,,,,,,,,,,5,2,3,1.0,6
201400023890,0014-01-08 08:30:00,14,1,8,8,30,330,281,"23, AVE MARCEL DASSAULT",,,Plein jour,En agglomération,Hors intersection,Normale,Trois véhicules et plus - collisions multiples,,,,,,,,,,,1,2,1,1.0,5
201400023891,0014-01-12 14:45:00,14,1,12,14,45,330,63,RUE STEHELIN CAUD,,,Plein jour,En agglomération,Intersection en X,Normale,Deux véhicules - côté,,,,,,,,,,,1,2,2,1.0,3
201400023892,0014-01-08 17:50:00,14,1,8,17,50,330,281,AVE PRESIDENT J.F. KENNE,,,Nuit avec éclairage allumé,En agglomération,Intersection à plus de 4 branches,Normale,Deux véhicules - côté,,,,,,,,,,,5,2,5,1.0,3
201400023893,0014-01-10 08:56:00,14,1,10,8,56,330,63,"75, CRS DE L'YSER",,,Plein jour,En agglomération,Intersection en X,Normale,Autre collision,,,,,,,,,,,1,2,2,1.0,6
201400023894,0014-01-03 14:20:00,14,1,3,14,20,330,39,RUE FERDINAND BUISSON,,,Plein jour,En agglomération,Intersection en T,Normale,Deux véhicules - côté,,,,,,,,,,,1,2,3,1.0,3
201400023895,0014-01-11 17:00:00,14,1,11,17,0,330,63,PONT SAINT- JEAN,,,Plein jour,En agglomération,Intersection en T,Normale,Autre collision,,,,,,,,,,,1,2,3,1.0,6
201400023896,0014-01-07 16:45:00,14,1,7,16,45,330,167,"38, AVE HUBERT DUBEDOUT",,,Plein jour,En agglomération,Hors intersection,Normale,Deux véhicules - côté,,,,,,,,,,,1,2,1,1.0,3
201400023897,0014-01-11 09:40:00,14,1,11,9,40,330,281,"7, AVE DE L'ALOUETTE",,,Plein jour,En agglomération,Hors intersection,Normale,Deux véhicules - côté,,,,,,,,,,,1,2,1,1.0,3
201400023898,0014-01-11 02:40:00,14,1,11,2,40,330,281,"364, AVE D'ARES",,,Nuit avec éclairage allumé,En agglomération,Hors intersection,Normale,Sans collision,,,,,,,,,,,5,2,1,1.0,7
201400023899,0014-01-12 14:06:00,14,1,12,14,6,330,281,AVE DU MARECHAL GALLIENI,,,Plein jour,En agglomération,Intersection en X,Normale,Deux véhicules - côté,,,,,,,,,,,1,2,2,1.0,3
201400023900,0014-01-13 07:25:00,14,1,13,7,25,330,63,QUAI SAINTE- CROIX,,,Nuit avec éclairage allumé,En agglomération,Intersection en Y,Pluie légère,Trois véhicules et plus - collisions multiples,,,,,,,,,,,5,2,4,2.0,5
201400023901,0014-01-10 16:10:00,14,1,10,16,10,330,281,AVE ROLAND GARROS,,,Plein jour,En agglomération,Giratoire,Normale,Deux véhicules - arrière,,,,,,,,,,,1,2,6,1.0,2
201400023902,0014-01-09 10:40:00,14,1,9,10,40,330,281,AVE DE LA LIBERATION,,,Plein jour,En agglomération,Intersection en X,Normale,Deux véhicules - côté,,,,,,,,,,,1,2,2,1.0,3
201400023903,0014-01-07 23:19:00,14,1,7,23,19,330,522,RUE BOURGES,,,Nuit avec éclairage allumé,En agglomération,Hors intersection,Normale,Sans collision,,,,,,,,,,,5,2,1,1.0,7
201400023904,0014-12-31 17:29:00,14,12,31,17,29,330,318,AVE DU GENERAL LECLERC,,,Plein jour,En agglomération,Intersection en T,Normale,Deux véhicules - arrière,,,,,,,,,,,1,2,3,1.0,2
201400023905,0014-12-31 19:30:00,14,12,31,19,30,330,39,"141, RUE ALEXIS LABRO",,,Plein jour,En agglomération,Hors intersection,Normale,Deux véhicules - frontale,,,,,,,,,,,1,2,1,1.0,1
201400023906,0014-01-13 14:00:00,14,1,13,14,0,330,318,AVE PASTEUR,,,Plein jour,En agglomération,Intersection en T,Normale,Trois véhicules et plus - collisions multiples,,,,,,,,,,,1,2,3,1.0,5
201400023907,0014-01-16 14:50:00,14,1,16,14,50,330,63,"70, CRS D'ALBRET",,,Plein jour,En agglomération,Intersection en T,Normale,Deux véhicules - côté,,,,,,,,,,,1,2,3,1.0,3
201400023908,0014-01-14 16:40:00,14,1,14,16,40,330,318,"156, AVE JEAN JAURES",,,Plein jour,En agglomération,Intersection en T,Normale,Autre collision,,,,,,,,,,,1,2,3,1.0,6
201400023909,0014-01-18 00:50:00,14,1,18,0,50,330,63,"71, CRS ARISTIDE BRIAND",,,Nuit avec éclairage allumé,En agglomération,Intersection en T,Normale,Deux véhicules - côté,,,,,,,,,,,5,2,3,1.0,3
201400023910,0014-01-19 11:50:00,14,1,19,11,50,330,63,RUE DE LA FUSTERIE,,,Plein jour,En agglomération,Intersection en X,Normale,Autre collision,,,,,,,,,,,1,2,2,1.0,6
201400023911,0014-01-13 07:30:00,14,1,13,7,30,330,63,PONT SAINT- JEAN,,,Nuit avec éclairage allumé,En agglomération,Hors intersection,Pluie légère,Trois véhicules et plus - collisions multiples,,,,,,,,,,,5,2,1,2.0,5
201400023912,0014-01-19 11:10:00,14,1,19,11,10,330,63,PONT DU GUIT,,,Plein jour,En agglomération,Hors intersection,Normale,Sans collision,,,,,,,,,,,1,2,1,1.0,7
201400023913,0014-01-10 07:40:00,14,1,10,7,40,330,318,AVE DE MONBALLON,,,Crépuscule ou aube,En agglomération,Intersection en T,Normale,Deux véhicules - côté,,,,,,,,,,,2,2,3,1.0,3
201400023914,0014-01-17 11:05:00,14,1,17,11,5,330,63,RUE ESPRIT-DES-LOIS,,,Plein jour,En agglomération,Intersection en T,Normale,Deux véhicules - côté,,,,,,,,,,,1,2,3,1.0,3
201400023915,0014-01-19 07:00:00,14,1,19,7,0,330,63,PCE DE LA VICTOIRE,,,Nuit avec éclairage allumé,En agglomération,Intersection en T,Pluie légère,Autre collision,,,,,,,,,,,5,2,3,2.0,6
201400023916,0014-01-14 09:40:00,14,1,14,9,40,330,13,AVE DE L'EGLISE ROMANE,,,Plein jour,En agglomération,Intersection en T,Pluie forte,Deux véhicules - frontale,,,,,,,,,,,1,2,3,3.0,1
201400023917,0014-01-15 20:10:00,14,1,15,20,10,330,13,AVE DES TABERNOTTES,,,Nuit avec éclairage non allumé,En agglomération,Intersection en T,Normale,Deux véhicules - côté,,,,,,,,,,,4,2,3,1.0,3
201400023918,0014-01-16 14:45:00,14,1,16,14,45,330,167,ALL DE LA GABARRE,,,Plein jour,En agglomération,Hors intersection,Normale,Deux véhicules - côté,,,,,,,,,,,1,2,1,1.0,3
201400023919,0014-01-16 16:55:00,14,1,16,16,55,330,318,AVE DU DOCTEUR ROGER MAR,,,Plein jour,En agglomération,Intersection en X,Normale,Deux véhicules - côté,,,,,,,,,,,1,2,2,1.0,3
201400023920,0014-01-14 07:50:00,14,1,14,7,50,330,39,AVE JEANNE D'ARC,,,Nuit avec éclairage allumé,En agglomération,Intersection en X,Pluie légère,Deux véhicules - côté,,,,,,,,,,,5,2,2,2.0,3
201400023921,0014-01-15 19:50:00,14,1,15,19,50,330,63,QUAI DES QUEYRIES,,,Nuit avec éclairage allumé,En agglomération,Intersection en X,Normale,Autre collision,,,,,,,,,,,5,2,2,1.0,6
201400023922,0014-01-21 14:55:00,14,1,21,14,55,330,63,RUE LAFAURIE DE MONBADON,,,Plein jour,En agglomération,Intersection en X,Normale,Deux véhicules - côté,,,,,,,,,,,1,2,2,1.0,3
201400023923,0014-01-16 11:20:00,14,1,16,11,20,330,75,AVE DE LA RESERVE,,,Plein jour,En agglomération,Intersection en T,Normale,Deux véhicules - côté,,,,,,,,,,,1,2,3,1.0,3
201400023924,0014-01-21 07:50:00,14,1,21,7,50,330,63,RUE DE LA PELOUSE DE DOU,,,Plein jour,En agglomération,Hors intersection,Normale,Deux véhicules - arrière,,,,,,,,,,,1,2,1,1.0,2
201400023925,0014-01-16 21:45:00,14,1,16,21,45,330,162,AVE DU MEDOC,,,Nuit avec éclairage allumé,En agglomération,Intersection en T,Normale,Deux véhicules - côté,,,,,,,,,,,5,2,3,1.0,3
201400023926,0014-01-21 09:00:00,14,1,21,9,0,330,63,QUAI DE PALUDATE,,,Plein jour,En agglomération,Hors intersection,Normale,Deux véhicules - arrière,,,,,,,,,,,1,2,1,1.0,2
201400023927,0014-01-18 13:00:00,14,1,18,13,0,330,281,"132, AVE DE LA MARNE",,,Plein jour,En agglomération,Intersection en T,Pluie légère,Deux véhicules - arrière,,,,,,,,,,,1,2,3,2.0,2
201400023928,0014-01-16 08:10:00,14,1,16,8,10,330,281,AVE FRANCOIS MITTERRAND,,,Plein jour,En agglomération,Giratoire,Normale,Deux véhicules - côté,,,,,,,,,,,1,2,6,1.0,3
201400023929,0014-01-17 08:20:00,14,1,17,8,20,330,249,AVE DE PARIS,,,Plein jour,En agglomération,Intersection en X,Normale,Autre collision,,,,,,,,,,,1,2,2,1.0,6
201400023930,0014-01-20 07:15:00,14,1,20,7,15,330,249,AVE CARNOT,,,Nuit avec éclairage allumé,En agglomération,Hors intersection,Pluie légère,Autre collision,,,,,,,,,,,5,2,1,2.0,6
201400023931,0014-01-17 10:00:00,14,1,17,10,0,330,249,AVE DE LA LIBERATION,,,Plein jour,En agglomération,Hors intersection,Normale,Autre collision,,,,,,,,,,,1,2,1,1.0,6
201400023932,0014-01-17 05:10:00,14,1,17,5,10,330,39,RUE GUSTAVE EIFFEL,,,Nuit avec éclairage allumé,En agglomération,Hors intersection,Normale,Deux véhicules - arrière,,,,,,,,,,,5,2,1,1.0,2
201400023933,0014-01-17 13:24:00,14,1,17,13,24,330,69,"44, AVE VICTOR HUGO",,,Plein jour,En agglomération,Hors intersection,Normale,Deux véhicules - côté,,,,,,,,,,,1,2,1,1.0,3
201400023934,0014-01-17 19:10:00,14,1,17,19,10,330,550,CHEM DE COUHINS,,,Nuit avec éclairage allumé,En agglomération,Giratoire,Normale,Deux véhicules - arrière,,,,,,,,,,,5,2,6,1.0,2
201400023935,0014-01-20 15:50:00,14,1,20,15,50,330,200,RUE VICTOR HUGO,,,Plein jour,En agglomération,Giratoire,Pluie légère,Deux véhicules - côté,,,,,,,,,,,1,2,6,2.0,3
201400023936,0014-01-17 18:50:00,14,1,17,18,50,330,550,"555, RTE DE TOULOUSE",,,Nuit avec éclairage allumé,En agglomération,Intersection en T,Normale,Autre collision,,,,,,,,,,,5,2,3,1.0,6
201400023937,0014-01-10 08:35:00,14,1,10,8,35,330,522,"351, CRS DE LA LIBERATIO",,,Plein jour,En agglomération,Hors intersection,Normale,Deux véhicules - côté,,,,,,,,,,,1,2,1,1.0,3
201400023938,0014-01-23 17:00:00,14,1,23,17,0,330,522,"88, CRS MARECHAL GALLIEN",,,Plein jour,En agglomération,Hors intersection,Pluie légère,Trois véhicules et plus - collisions multiples,,,,,,,,,,,1,2,1,2.0,5
201400023939,0014-01-18 14:25:00,14,1,18,14,25,330,75,"27, AVE PERIER",,,Plein jour,En agglomération,Hors intersection,Normale,Deux véhicules - côté,,,,,,,,,,,1,2,1,1.0,3
201400023940,0014-01-24 19:53:00,14,1,24,19,53,330,63,IMP Brown de COLSTOUN,,,Nuit avec éclairage allumé,En agglomération,Intersection en Y,Pluie légère,Deux véhicules - côté,,,,,,,,,,,5,2,4,2.0,3
201400023941,0014-01-25 16:30:00,14,1,25,16,30,330,63,"3, QUAI DE LA SOUYS",,,Plein jour,En agglomération,Hors intersection,Normale,Deux véhicules - côté,,,,,,,,,,,1,2,1,1.0,3
201400023942,0014-01-26 02:25:00,14,1,26,2,25,330,63,RUE DOC CHARLES NANCEL P,,,Nuit avec éclairage allumé,En agglomération,Intersection en Y,Pluie légère,Deux véhicules - frontale,,,,,,,,,,,5,2,4,2.0,1
201400023943,0014-01-24 18:50:00,14,1,24,18,50,330,63,RUE CORPS FRANC POMMIES,,,Nuit avec éclairage allumé,En agglomération,Intersection en X,Pluie forte,Autre collision,,,,,,,,,,,5,2,2,3.0,6
201400023944,0014-01-25 17:40:00,14,1,25,17,40,330,63,"24, CRS GEORGES CLEMENCE",,,Plein jour,En agglomération,Hors intersection,Normale,Autre collision,,,,,,,,,,,1,2,1,1.0,6
201400023945,0014-01-24 17:00:00,14,1,24,17,0,330,63,"150, AVE THIERS",,,Plein jour,En agglomération,Hors intersection,Pluie légère,Deux véhicules - arrière,,,,,,,,,,,1,2,1,2.0,2
201400023946,0014-01-28 00:35:00,14,1,28,0,35,330,63,CARLES (RUE VITAL),,,Nuit avec éclairage allumé,En agglomération,Intersection en X,Pluie légère,Deux véhicules - côté,,,,,,,,,,,5,2,2,2.0,3
201400023947,0014-01-21 16:35:00,14,1,21,16,35,330,39,FAVARQUE (AVE),,,Plein jour,En agglomération,Intersection en X,Normale,Deux véhicules - côté,,,,,,,,,,,1,2,2,1.0,3
201400023948,0014-01-20 14:55:00,14,1,20,14,55,330,522,RUE DE LA REPUBLIQUE,,,Plein jour,En agglomération,Intersection en T,Normale,Deux véhicules - côté,,,,,,,,,,,1,2,3,1.0,3
201400023949,0014-12-19 22:00:00,14,12,19,22,0,330,63,"74, AVE THIERS",,,Nuit avec éclairage allumé,En agglomération,Hors intersection,Normale,Autre collision,,,,,,,,,,,5,2,1,1.0,6
201400023950,0014-01-27 13:40:00,14,1,27,13,40,330,63,AVE DE LABARDE,,,Plein jour,En agglomération,Hors intersection,Pluie légère,Sans collision,,,,,,,,,,,1,2,1,2.0,7
201400023951,0014-01-27 17:50:00,14,1,27,17,50,330,63,"15/21, BD DU PRESIDENT W",,,Crépuscule ou aube,En agglomération,Hors intersection,Pluie légère,Autre collision,,,,,,,,,,,2,2,1,2.0,6
201400023952,0014-01-27 11:20:00,14,1,27,11,20,330,63,AVE MARCEL DASSAULT,,,Plein jour,En agglomération,Intersection en X,Pluie forte,Autre collision,,,,,,,,,,,1,2,2,3.0,6
201400023953,0014-01-30 15:15:00,14,1,30,15,15,330,63,PCE MARTYRS DE LA RESIST,,,Plein jour,En agglomération,Intersection en Y,Normale,Autre collision,,,,,,,,,,,1,2,4,1.0,6
201400023954,0014-01-30 13:10:00,14,1,30,13,10,330,63,RUE CROIX DE SEGUEY,,,Plein jour,En agglomération,Intersection en T,Normale,Deux véhicules - côté,,,,,,,,,,,1,2,3,1.0,3
201400023955,0014-01-28 08:05:00,14,1,28,8,5,330,281,"221, AVE DE L'ARGONNE",,,Plein jour,En agglomération,Hors intersection,Pluie légère,Deux véhicules - côté,,,,,,,,,,,1,2,1,2.0,3
201400023956,0014-01-27 07:45:00,14,1,27,7,45,330,63,CRS DE L'ARGONNE,,,Nuit avec éclairage non allumé,En agglomération,Giratoire,Pluie forte,Deux véhicules - côté,,,,,,,,,,,4,2,6,3.0,3
201400023957,0014-02-01 11:10:00,14,2,1,11,10,330,69,BD GODARD,,,Plein jour,En agglomération,Hors intersection,Normale,Autre collision,,,,,,,,,,,1,2,1,1.0,6
201400023958,0014-01-31 11:10:00,14,1,31,11,10,330,63,AVE D'ARES CAUD,,,Plein jour,En agglomération,Place,Normale,Autre collision,,,,,,,,,,,1,2,7,1.0,6