accident_id,datetime,annee,mois,jour,heure,minute,departement,commune_insee,adresse,latitude,longitude,luminosite,agglomeration,intersection,meteo,collision,nb_vehicules,nb_usagers,nb_indemnes,nb_tues,nb_blesses_hosp,nb_blesses_legers,age_cond_1,age_cond_2,veh_type_cond_1,veh_type_cond_2,lum_code,agg_code,int_code,atm_code,col_code
201400024089,0014-03-24 19:00:00,14,3,24,19,0,330,318,AVE MONTESQUIEU,,,Nuit avec éclairage allumé,En agglomération,Intersection en X,Pluie légère,Deux véhicules - côté,,,,,,,,,,,5,2,2,2.0,3
201400024090,0014-03-25 12:30:00,14,3,25,12,30,330,63,CRS DE LA LIBERATION,,,Plein jour,En agglomération,Intersection à plus de 4 branches,Pluie légère,Deux véhicules - côté,,,,,,,,,,,1,2,5,2.0,3
201400024091,0014-03-24 17:20:00,14,3,24,17,20,330,63,AVE DE LA REPUBLIQUE CAU,,,Plein jour,En agglomération,Intersection en T,Pluie légère,Deux véhicules - côté,,,,,,,,,,,1,2,3,2.0,3
201400024092,0014-03-25 12:40:00,14,3,25,12,40,330,281,"76, AVE DE LA MARNE",,,Plein jour,En agglomération,Intersection en Y,Pluie légère,Deux véhicules - côté,,,,,,,,,,,1,2,4,2.0,3
201400024093,0014-03-25 20:35:00,14,3,25,20,35,330,162,"9, AVE DU MAL DE LATTRE",,,Nuit avec éclairage allumé,En agglomération,Hors intersection,Normale,Autre collision,,,,,,,,,,,5,2,1,1.0,6
201400024094,0014-03-25 19:00:00,14,3,25,19,0,330,63,CRS GEORGES CLEMENCEAU,,,Nuit avec éclairage allumé,En agglomération,Intersection en X,Pluie légère,Trois véhicules et plus - collisions multiples,,,,,,,,,,,5,2,2,2.0,5
201400024095,0014-03-26 09:15:00,14,3,26,9,15,330,63,"56, RUE AMEDEE SAINT-GER",,,Plein jour,En agglomération,Intersection en T,Normale,Autre collision,,,,,,,,,,,1,2,3,1.0,6
201400024096,0014-03-26 16:00:00,14,3,26,16,0,330,63,"4, RUE DU PORT",,,Plein jour,En agglomération,Hors intersection,Normale,Autre collision,,,,,,,,,,,1,2,1,1.0,6
201400024097,0014-03-27 20:54:00,14,3,27,20,54,330,63,RTE DE TOULOUSE,,,Nuit avec éclairage allumé,En agglomération,Intersection en X,Normale,Deux véhicules - côté,,,,,,,,,,,5,2,2,1.0,3
201400024098,0014-03-27 19:50:00,14,3,27,19,50,330,63,"10, RUE DE TAUZIA",,,Nuit avec éclairage allumé,En agglomération,Intersection en X,Normale,Autre collision,,,,,,,,,,,5,2,2,1.0,6
201400024099,0014-03-28 21:50:00,14,3,28,21,50,330,63,RUE SAINT- JEAN,,,Nuit avec éclairage allumé,En agglomération,Intersection en X,Normale,Deux véhicules - côté,,,,,,,,,,,5,2,2,1.0,3
201400024100,0014-03-30 01:10:00,14,3,30,1,10,330,63,QUAI DE LA MONNAIE,,,Nuit avec éclairage allumé,En agglomération,Hors intersection,Normale,Autre collision,,,,,,,,,,,5,2,1,1.0,6
201400024101,0014-03-30 11:15:00,14,3,30,11,15,330,63,AVE MAL DE LATTRE TASSIG,,,Plein jour,En agglomération,Intersection en X,Normale,Deux véhicules - côté,,,,,,,,,,,1,2,2,1.0,3
201400024102,0014-03-30 18:05:00,14,3,30,18,5,330,249,AVE DE LA LIBERATION,,,Plein jour,En agglomération,Intersection en T,Normale,Deux véhicules - côté,,,,,,,,,,,1,2,3,1.0,3
201400024103,0014-03-30 11:40:00,14,3,30,11,40,330,162,"98, AVE DE PICOT",,,Plein jour,En agglomération,Intersection en T,Normale,Deux véhicules - frontale,,,,,,,,,,,1,2,3,1.0,1
201400024104,0014-03-31 08:40:00,14,3,31,8,40,330,63,"8, BARBEY (CRS )",,,Plein jour,En agglomération,Hors intersection,Normale,Autre collision,,,,,,,,,,,1,2,1,1.0,6
201400024105,0014-04-01 18:50:00,14,4,1,18,50,330,63,RUE LACORNEE,,,Plein jour,En agglomération,Intersection en X,Normale,Deux véhicules - côté,,,,,,,,,,,1,2,2,1.0,3
201400024106,0014-04-01 23:25:00,14,4,1,23,25,330,281,RUE DIDIER PIRONI,,,Nuit avec éclairage allumé,En agglomération,Autre intersection,Normale,Autre collision,,,,,,,,,,,5,2,9,1.0,6
201400024107,0014-04-02 11:45:00,14,4,2,11,45,330,249,AVE DE PARIS,,,Plein jour,En agglomération,Hors intersection,Normale,Deux véhicules - arrière,,,,,,,,,,,1,2,1,1.0,2
201400024108,0014-03-28 11:30:00,14,3,28,11,30,330,119,AVE ROGER SCHWOB,,,Plein jour,En agglomération,Hors intersection,Normale,Autre collision,,,,,,,,,,,1,2,1,1.0,6
201400024109,0014-04-03 10:15:00,14,4,3,10,15,330,63,DESCHAMPS (QUAI ),,,Plein jour,En agglomération,Intersection en Y,Pluie légère,Deux véhicules - côté,,,,,,,,,,,1,2,4,2.0,3
201400024110,0014-04-02 15:52:00,14,4,2,15,52,330,63,"162, ARGONNE (CRS DE L)",,,Plein jour,En agglomération,Intersection en X,Normale,Autre collision,,,,,,,,,,,1,2,2,1.0,6
201400024111,0014-04-03 15:50:00,14,4,3,15,50,330,249,RUE DU PIMPIN,,,Plein jour,En agglomération,Intersection en T,Pluie légère,Deux véhicules - arrière,,,,,,,,,,,1,2,3,2.0,2
201400024112,0014-04-03 21:05:00,14,4,3,21,5,330,63,RUE JULES FERRY CAUD,,,Nuit avec éclairage allumé,En agglomération,Giratoire,Pluie légère,Autre collision,,,,,,,,,,,5,2,6,2.0,6
201400024113,0014-04-03 21:10:00,14,4,3,21,10,330,63,"75, MEDOC (CRS DU)",,,Nuit avec éclairage allumé,En agglomération,Hors intersection,Pluie forte,Deux véhicules - côté,,,,,,,,,,,5,2,1,3.0,3
201400024114,0014-04-04 21:15:00,14,4,4,21,15,330,63,BD JOLIOT-CURIE,,,Nuit avec éclairage allumé,En agglomération,Intersection en Y,Normale,Autre collision,,,,,,,,,,,5,2,4,1.0,6
201400024115,0014-04-04 19:40:00,14,4,4,19,40,330,119,RUE JULES GUESDE,,,Plein jour,En agglomération,Intersection en T,Normale,Deux véhicules - côté,,,,,,,,,,,1,2,3,1.0,3
201400024116,0014-04-05 15:10:00,14,4,5,15,10,330,63,"273, CRS DE LA SOMME",,,Plein jour,En agglomération,Intersection en X,Normale,Autre collision,,,,,,,,,,,1,2,2,1.0,6
201400024117,0014-04-06 07:25:00,14,4,6,7,25,330,318,AVE JEAN JAURES,,,Crépuscule ou aube,En agglomération,Intersection en X,Normale,Deux véhicules - arrière,,,,,,,,,,,2,2,2,1.0,2
201400024118,0014-04-06 19:35:00,14,4,6,19,35,330,63,AVE DE LA REPUBLIQUE CAU,,,Plein jour,En agglomération,Hors intersection,Normale,Deux véhicules - arrière,,,,,,,,,,,1,2,1,1.0,2
201400024119,0014-04-06 21:00:00,14,4,6,21,0,330,63,"3, QUAI RICHELIEU",,,Nuit avec éclairage allumé,En agglomération,Hors intersection,Normale,Deux véhicules - arrière,,,,,,,,,,,5,2,1,1.0,2
201400024120,0014-04-05 13:00:00,14,4,5,13,0,330,281,RUE DES VIGNOBLES,,,Plein jour,En agglomération,Intersection en T,Normale,Autre collision,,,,,,,,,,,1,2,3,1.0,6
201400024121,0014-04-07 08:15:00,14,4,7,8,15,330,63,"326, AVE D'ARES CAUD",,,Plein jour,En agglomération,Hors intersection,Normale,Autre collision,,,,,,,,,,,1,2,1,1.0,6
201400024122,0014-04-07 19:15:00,14,4,7,19,15,330,63,CROIX (QUAI SAINTE-),,,Plein jour,En agglomération,Intersection en T,Normale,Deux véhicules - côté,,,,,,,,,,,1,2,3,1.0,3
201400024123,0014-04-08 10:10:00,14,4,8,10,10,330,318,AVE DU GENERAL LECLERC,,,Plein jour,En agglomération,Intersection en X,Normale,Deux véhicules - côté,,,,,,,,,,,1,2,2,1.0,3
201400024124,0014-04-08 13:10:00,14,4,8,13,10,330,281,"146, AVE DE MAGUDAS",,,Plein jour,En agglomération,Intersection en T,Normale,Deux véhicules - côté,,,,,,,,,,,1,2,3,1.0,3
201400024125,0014-04-08 13:20:00,14,4,8,13,20,330,63,CRS DE L'ARGONNE,,,Plein jour,En agglomération,Intersection en X,Normale,Deux véhicules - côté,,,,,,,,,,,1,2,2,1.0,3
201400024126,0014-04-09 09:30:00,14,4,9,9,30,330,63,RUE CLAUDE BONNIER,,,Plein jour,En agglomération,Intersection en X,Normale,Deux véhicules - côté,,,,,,,,,,,1,2,2,1.0,3
201400024127,0014-04-09 09:00:00,14,4,9,9,0,330,63,"35, ALBERT 1ER (BD )",,,Plein jour,En agglomération,Hors intersection,Normale,Autre collision,,,,,,,,,,,1,2,1,1.0,6
201400024128,0014-04-09 10:20:00,14,4,9,10,20,330,63,CRS DU CHAPEAU ROUGE,,,Plein jour,En agglomération,Place,Normale,Autre collision,,,,,,,,,,,1,2,7,1.0,6
201400024129,0014-04-09 16:55:00,14,4,9,16,55,330,63,AUCHAN (PRK ),,,Plein jour,En agglomération,Intersection en X,Normale,Deux véhicules - côté,,,,,,,,,,,1,2,2,1.0,3
201400024130,0014-04-09 20:50:00,14,4,9,20,50,330,13,AVE DESCLAUX,,,Nuit avec éclairage allumé,En agglomération,Intersection en T,Normale,Sans collision,,,,,,,,,,,5,2,3,1.0,7
201400024131,0014-04-07 16:40:00,14,4,7,16,40,330,75,"78, RTE DU MEDOC",,,Plein jour,En agglomération,Intersection en T,Normale,Autre collision,,,,,,,,,,,1,2,3,1.0,6
201400024132,0014-04-10 08:15:00,14,4,10,8,15,330,63,BD DU PRESIDENT WILSON,,,Plein jour,En agglomération,Intersection en X,Normale,Deux véhicules - côté,,,,,,,,,,,1,2,2,1.0,3
201400024133,0014-04-10 09:35:00,14,4,10,9,35,330,63,"31, RUE CAMILLE GODARD",,,Plein jour,En agglomération,Intersection en X,Normale,Deux véhicules - arrière,,,,,,,,,,,1,2,2,1.0,2
201400024134,0014-04-10 21:25:00,14,4,10,21,25,330,550,RTE DE TOULOUSE,,,Nuit avec éclairage allumé,En agglomération,Intersection en T,Normale,Deux véhicules - côté,,,,,,,,,,,5,2,3,1.0,3
201400024135,0014-04-11 00:50:00,14,4,11,0,50,330,63,"241, RUE CAMILLE GODARD",,,Nuit avec éclairage allumé,En agglomération,Hors intersection,Normale,Sans collision,,,,,,,,,,,5,2,1,1.0,7
201400024136,0014-04-10 17:45:00,14,4,10,17,45,330,318,AVE GUSTAVE EIFFEL,,,Plein jour,En agglomération,Intersection en T,Normale,Deux véhicules - côté,,,,,,,,,,,1,2,3,1.0,3
201400024137,0014-04-11 10:50:00,14,4,11,10,50,330,63,AVE DE LA REPUBLIQUE CAU,,,Plein jour,En agglomération,Intersection en T,Normale,Deux véhicules - côté,,,,,,,,,,,1,2,3,1.0,3
201400024138,0014-04-11 13:30:00,14,4,11,13,30,330,69,"449, AVE D'EYSINES",,,Plein jour,En agglomération,Hors intersection,Normale,Autre collision,,,,,,,,,,,1,2,1,1.0,6
201400024139,0014-04-11 17:00:00,14,4,11,17,0,330,318,"14, AVE GUSTAVE EIFFEL",,,Plein jour,En agglomération,Intersection en T,Normale,Deux véhicules - arrière,,,,,,,,,,,1,2,3,1.0,2
201400024140,0014-04-12 00:01:00,14,4,12,0,1,330,69,RUE RAYMOND LAVIGNE,,,Nuit avec éclairage allumé,En agglomération,Hors intersection,Normale,Sans collision,,,,,,,,,,,5,2,1,1.0,7
201400024141,0014-04-12 15:05:00,14,4,12,15,5,330,63,TONDU (RUE DU),,,Plein jour,En agglomération,Intersection en X,Normale,Deux véhicules - frontale,,,,,,,,,,,1,2,2,1.0,1
201400024142,0014-04-12 22:14:00,14,4,12,22,14,330,63,"52, PASTEUR (CRS )",,,Nuit avec éclairage allumé,En agglomération,Hors intersection,Normale,Deux véhicules - arrière,,,,,,,,,,,5,2,1,1.0,2
201400024143,0014-04-13 23:40:00,14,4,13,23,40,330,63,CURSOL (RUE DE),,,Nuit avec éclairage allumé,En agglomération,Intersection en X,Normale,Deux véhicules - côté,,,,,,,,,,,5,2,2,1.0,3
201400024144,0014-04-13 00:01:00,14,4,13,0,1,330,281,RUE FONTAINE D'ARLAC,,,Nuit avec éclairage allumé,En agglomération,Intersection en T,Normale,Deux véhicules - frontale,,,,,,,,,,,5,2,3,1.0,1
201400024145,0014-04-14 13:00:00,14,4,14,13,0,330,522,RUE PACARIS,,,Plein jour,En agglomération,Giratoire,Normale,Sans collision,,,,,,,,,,,1,2,6,1.0,7
201400024146,0014-04-10 09:15:00,14,4,10,9,15,330,281,AVE NEIL ARMSTRONG,,,Plein jour,En agglomération,Intersection en X,Normale,Deux véhicules - côté,,,,,,,,,,,1,2,2,1.0,3
201400024147,0014-04-14 13:00:00,14,4,14,13,0,330,63,BACALAN (QUAI DE),,,Plein jour,En agglomération,Intersection en X,Normale,Deux véhicules - frontale,,,,,,,,,,,1,2,2,1.0,1
201400024148,0014-04-15 08:20:00,14,4,15,8,20,330,63,"287, BD ALFRED DANEY",,,Plein jour,En agglomération,Hors intersection,Normale,Deux véhicules - arrière,,,,,,,,,,,1,2,1,1.0,2
201400024149,0014-04-15 11:20:00,14,4,15,11,20,330,522,"2, AVE MAL DE LATTRE DE",,,Plein jour,En agglomération,Giratoire,Normale,Autre collision,,,,,,,,,,,1,2,6,1.0,6
201400024150,0014-04-14 10:00:00,14,4,14,10,0,330,522,AVE MAL DE LATTRE DE TAS,,,Plein jour,En agglomération,Intersection en X,Normale,Autre collision,,,,,,,,,,,1,2,2,1.0,6
201400024151,0014-04-15 16:35:00,14,4,15,16,35,330,63,"103, CRS ARISTIDE BRIAND",,,Plein jour,En agglomération,Intersection en T,Normale,Autre collision,,,,,,,,,,,1,2,3,1.0,6
201400024152,0014-04-15 09:15:00,14,4,15,9,15,330,318,AVE MAL DE LATTRE DE TAS,,,Plein jour,En agglomération,Hors intersection,Normale,Deux véhicules - côté,,,,,,,,,,,1,2,1,1.0,3
201400024153,0014-04-16 19:20:00,14,4,16,19,20,330,63,WILSON (BD DU PRESIDENT),,,Plein jour,En agglomération,Intersection en X,Normale,Deux véhicules - arrière,,,,,,,,,,,1,2,2,1.0,2
201400024154,0014-04-17 09:50:00,14,4,17,9,50,330,63,AVE DES QUARANTE JOURNAU,,,Plein jour,En agglomération,Hors intersection,Normale,Autre collision,,,,,,,,,,,1,2,1,1.0,6
201400024155,0014-04-17 17:50:00,14,4,17,17,50,330,63,BD ALFRED DANEY,,,Plein jour,En agglomération,Intersection en T,Normale,Deux véhicules - côté,,,,,,,,,,,1,2,3,1.0,3
201400024156,0014-04-17 17:00:00,14,4,17,17,0,330,63,"280, AVE THIERS",,,Plein jour,En agglomération,Intersection en T,Normale,Trois véhicules et plus - collisions multiples,,,,,,,,,,,1,2,3,1.0,5
201400024157,0014-04-18 07:30:00,14,4,18,7,30,330,13,"7, AVE DESCLAUX",,,Plein jour,En agglomération,Hors intersection,Normale,Deux véhicules - arrière,,,,,,,,,,,1,2,1,1.0,2
201400024158,0014-04-18 11:35:00,14,4,18,11,35,330,550,RUE 19 MARS 1962,,,Plein jour,En agglomération,Intersection en T,Normale,Autre collision,,,,,,,,,,,1,2,3,1.0,6
201400024159,0014-04-17 19:25:00,14,4,17,19,25,330,550,AVE DES PYRENEES,,,Plein jour,En agglomération,Intersection en Y,Normale,Deux véhicules - côté,,,,,,,,,,,1,2,4,1.0,3
201400024160,0014-04-18 12:50:00,14,4,18,12,50,330,63,RUE PERINOT CAUD,,,Plein jour,En agglomération,Intersection en X,Normale,Deux véhicules - côté,,,,,,,,,,,1,2,2,1.0,3
201400024161,0014-04-19 19:00:00,14,4,19,19,0,330,63,AVE DES QUARANTE JOURNAU,,,Plein jour,En agglomération,Hors intersection,Normale,Autre collision,,,,,,,,,,,1,2,1,1.0,6
201400024162,0014-04-20 02:50:00,14,4,20,2,50,330,63,"127, RUE AMEDEE SAINT-GE",,,Nuit avec éclairage allumé,En agglomération,Hors intersection,Normale,Sans collision,,,,,,,,,,,5,2,1,1.0,7
201400024163,0014-04-22 01:35:00,14,4,22,1,35,330,63,"182, FONDAUDEGE (RUE )",,,Nuit avec éclairage allumé,En agglomération,Intersection en T,Normale,Deux véhicules - côté,,,,,,,,,,,5,2,3,1.0,3
201400024164,0014-04-22 16:30:00,14,4,22,16,30,330,318,"63, AVE PASTEUR",,,Plein jour,En agglomération,Hors intersection,Normale,Deux véhicules - arrière,,,,,,,,,,,1,2,1,1.0,2
201400024165,0014-04-06 15:50:00,14,4,6,15,50,330,200,RUE HUSTIN,,,Plein jour,En agglomération,Intersection en T,Normale,Deux véhicules - côté,,,,,,,,,,,1,2,3,1.0,3
201400024166,0014-03-31 18:10:00,14,3,31,18,10,330,69,AVE DE LA LIBERATION-CH.,,,Plein jour,En agglomération,Intersection en T,Normale,Deux véhicules - côté,,,,,,,,,,,1,2,3,1.0,3
201400024167,0014-04-05 19:45:00,14,4,5,19,45,330,281,AVE HENRI VIGNEAU,,,Plein jour,En agglomération,Giratoire,Normale,Autre collision,,,,,,,,,,,1,2,6,1.0,6
201400024168,0014-04-23 19:30:00,14,4,23,19,30,330,63,CRS PORTAL,,,Plein jour,En agglomération,Intersection en T,Normale,Deux véhicules - côté,,,,,,,,,,,1,2,3,1.0,3
201400024169,0014-04-23 19:30:00,14,4,23,19,30,330,119,"13, AVE JEAN JAURES",,,Plein jour,En agglomération,Hors intersection,Normale,Autre collision,,,,,,,,,,,1,2,1,1.0,6
201400024170,0014-04-24 07:45:00,14,4,24,7,45,330,63,BOSC (BD JEAN-JACQUES),,,Plein jour,En agglomération,Intersection en T,Normale,Deux véhicules - côté,,,,,,,,,,,1,2,3,1.0,3
201400024171,0014-04-24 18:00:00,14,4,24,18,0,330,192,"36, RUE DU BOURDILLAT",,,Plein jour,En agglomération,Hors intersection,Normale,Deux véhicules - côté,,,,,,,,,,,1,2,1,1.0,3
201400024172,0014-04-25 13:50:00,14,4,25,13,50,330,281,AVE FRANCOIS MITTERRAND,,,Plein jour,En agglomération,Giratoire,Pluie légère,Deux véhicules - arrière,,,,,,,,,,,1,2,6,2.0,2
201400024173,0014-04-25 15:15:00,14,4,25,15,15,330,119,RUE CAMILLE PELLETAN,,,Plein jour,En agglomération,Intersection en X,Normale,Deux véhicules - arrière,,,,,,,,,,,1,2,2,1.0,2
201400024174,0014-04-26 14:40:00,14,4,26,14,40,330,167,CRS GAMBETTA,,,Plein jour,En agglomération,Intersection en X,Pluie légère,Deux véhicules - côté,,,,,,,,,,,1,2,2,2.0,3
201400024175,0014-04-28 07:50:00,14,4,28,7,50,330,63,"54, RUE CROIX DE SEGUEY",,,Plein jour,En agglomération,Hors intersection,Pluie légère,Deux véhicules - côté,,,,,,,,,,,1,2,1,2.0,3
201400024176,0014-04-28 09:10:00,14,4,28,9,10,330,63,"391, WILSON (BD DU PRESI",,,Plein jour,En agglomération,Intersection en T,Normale,Autre collision,,,,,,,,,,,1,2,3,1.0,6
201400024177,0014-04-29 08:55:00,14,4,29,8,55,330,63,RUE DELBOS,,,Plein jour,En agglomération,Intersection en X,Pluie légère,Autre collision,,,,,,,,,,,1,2,2,2.0,6
201400024178,0014-04-29 14:10:00,14,4,29,14,10,330,192,CRS DU GENERAL DE GAULLE,,,Plein jour,En agglomération,Hors intersection,Pluie légère,Deux véhicules - arrière,,,,,,,,,,,1,2,1,2.0,2
201400024179,0014-04-30 07:30:00,14,4,30,7,30,330,318,AVE JEAN JAURES,,,Plein jour,En agglomération,Hors intersection,Pluie légère,Deux véhicules - côté,,,,,,,,,,,1,2,1,2.0,3
201400024180,0014-04-30 08:25:00,14,4,30,8,25,330,550,AVE DES PYRENEES,,,Plein jour,En agglomération,Intersection en T,Pluie légère,Deux véhicules - côté,,,,,,,,,,,1,2,3,2.0,3
201400024181,0014-04-30 07:20:00,14,4,30,7,20,330,63,"9, BD JOLIOT-CURIE",,,Plein jour,En agglomération,Intersection en Y,Normale,Deux véhicules - côté,,,,,,,,,,,1,2,4,1.0,3
201400024182,0014-04-30 11:10:00,14,4,30,11,10,330,119,RUE STEPHANE MALLARME,,,Plein jour,En agglomération,Hors intersection,Normale,Autre collision,,,,,,,,,,,1,2,1,1.0,6
201400024183,0014-04-30 16:00:00,14,4,30,16,0,330,63,RUE ESPRIT-DES-LOIS,,,Plein jour,En agglomération,Intersection en X,Normale,Deux véhicules - frontale,,,,,,,,,,,1,2,2,1.0,1
201400024184,0014-04-30 18:55:00,14,4,30,18,55,330,192,RUE DE CANTARANNE,,,Plein jour,En agglomération,Hors intersection,Normale,Trois véhicules et plus - collisions multiples,,,,,,,,,,,1,2,1,1.0,5
201400024185,0014-05-01 12:00:00,14,5,1,12,0,330,63,QUAI DE LA SOUYS,,,Plein jour,En agglomération,Hors intersection,Normale,Deux véhicules - côté,,,,,,,,,,,1,2,1,1.0,3
201400024186,0014-04-30 16:30:00,14,4,30,16,30,330,281,RUE DU JARD,,,Plein jour,En agglomération,Intersection à plus de 4 branches,Normale,Deux véhicules - côté,,,,,,,,,,,1,2,5,1.0,3
201400024187,0014-05-01 06:50:00,14,5,1,6,50,330,281,MERIGNAC (AVENUE DE),,,Crépuscule ou aube,En agglomération,Intersection en X,Temps couvert,Deux véhicules - côté,,,,,,,,,,,2,2,2,8.0,3
201400024188,0014-05-02 11:20:00,14,5,2,11,20,330,550,"40, RTE DE TOULOUSE",,,Plein jour,En agglomération,Hors intersection,Normale,Deux véhicules - côté,,,,,,,,,,,1,2,1,1.0,3
201400024189,0014-05-04 12:15:00,14,5,4,12,15,330,281,AVE FRANCOIS MITTERRAND,,,Plein jour,En agglomération,Giratoire,Normale,Deux véhicules - côté,,,,,,,,,,,1,2,6,1.0,3
201400024190,0014-05-05 06:20:00,14,5,5,6,20,330,249,AVE DU PRESIDENT J.F. KE,,,Plein jour,En agglomération,Intersection à plus de 4 branches,Normale,Deux véhicules - côté,,,,,,,,,,,1,2,5,1.0,3
201400024191,0014-05-05 09:15:00,14,5,5,9,15,330,281,RUE PROSPER MERIMEE,,,Plein jour,En agglomération,Intersection en T,Normale,Deux véhicules - côté,,,,,,,,,,,1,2,3,1.0,3
201400024192,0014-05-05 12:20:00,14,5,5,12,20,330,318,AVE DU HAUT LEVEQUE,,,Plein jour,En agglomération,Hors intersection,Normale,Autre collision,,,,,,,,,,,1,2,1,1.0,6
201400024193,0014-05-05 18:50:00,14,5,5,18,50,330,281,ROCADE EXTERIEURE N?12,,,Plein jour,En agglomération,Giratoire,Normale,Deux véhicules - arrière,,,,,,,,,,,1,2,6,1.0,2
201400024194,0014-05-05 19:45:00,14,5,5,19,45,330,162,AVE DE LA POMPE,,,Plein jour,En agglomération,Giratoire,Normale,Deux véhicules - côté,,,,,,,,,,,1,2,6,1.0,3
201400024195,0014-04-29 23:45:00,14,4,29,23,45,330,63,BACALAN (QUAI DE),,,Nuit avec éclairage allumé,En agglomération,Hors intersection,Normale,Sans collision,,,,,,,,,,,5,2,1,1.0,7
201400024196,0014-05-06 12:45:00,14,5,6,12,45,330,63,AVE D'EYSINES CAUD,,,Plein jour,En agglomération,Intersection en T,Normale,Autre collision,,,,,,,,,,,1,2,3,1.0,6
201400024197,0014-05-06 15:20:00,14,5,6,15,20,330,63,LOUIS XVIII (QUAI ),,,Plein jour,En agglomération,Intersection en T,Normale,Autre collision,,,,,,,,,,,1,2,3,1.0,6
201400024198,0014-05-07 14:10:00,14,5,7,14,10,330,63,PRK LEROY MERLIN,,,Plein jour,En agglomération,Hors intersection,Normale,Autre collision,,,,,,,,,,,1,2,1,1.0,6
201400024199,0014-05-07 16:20:00,14,5,7,16,20,330,281,RUE FUSTEL DE COULANGES,,,Plein jour,En agglomération,Intersection en X,Normale,Deux véhicules - côté,,,,,,,,,,,1,2,2,1.0,3
201400024200,0014-05-07 18:00:00,14,5,7,18,0,330,63,PCE MARTYRS DE LA RESIST,,,Plein jour,En agglomération,Hors intersection,Normale,Deux véhicules - côté,,,,,,,,,,,1,2,1,1.0,3
201400024201,0014-05-07 16:20:00,14,5,7,16,20,330,63,RUE CHABRELY,,,Plein jour,En agglomération,Intersection en X,Normale,Autre collision,,,,,,,,,,,1,2,2,1.0,6
201400024202,0014-05-08 17:15:00,14,5,8,17,15,330,281,"132, AVE DE LA MARNE",,,Plein jour,En agglomération,Hors intersection,Normale,Trois véhicules et plus - collisions multiples,,,,,,,,,,,1,2,1,1.0,5
201400024203,0014-05-07 17:15:00,14,5,7,17,15,330,522,RUE DE MEGRET,,,Plein jour,En agglomération,Intersection en X,Normale,Deux véhicules - côté,,,,,,,,,,,1,2,2,1.0,3
201400024204,0014-05-09 09:11:00,14,5,9,9,11,330,63,QUAI SAINTE- CROIX,,,Plein jour,En agglomération,Intersection en T,Normale,Deux véhicules - côté,,,,,,,,,,,1,2,3,1.0,3
201400024205,0014-05-09 08:20:00,14,5,9,8,20,330,167,CHEM DES PLATEAUX,,,Plein jour,En agglomération,Intersection en T,Pluie légère,Deux véhicules - côté,,,,,,,,,,,1,2,3,2.0,3
201400024206,0014-05-09 14:00:00,14,5,9,14,0,330,63,"35, PCE PEY BERLAND",,,Plein jour,En agglomération,Intersection en T,Normale,Autre collision,,,,,,,,,,,1,2,3,1.0,6
201400024207,0014-05-09 14:10:00,14,5,9,14,10,330,318,AVE DU DOCTEUR NANCEL PE,,,Plein jour,En agglomération,Intersection en X,Normale,Deux véhicules - côté,,,,,,,,,,,1,2,2,1.0,3
201400024208,0014-05-09 14:50:00,14,5,9,14,50,330,63,AVE DE MERIGNAC CAUD,,,Plein jour,En agglomération,Intersection en T,Normale,Deux véhicules - côté,,,,,,,,,,,1,2,3,1.0,3
201400024209,0014-05-09 14:45:00,14,5,9,14,45,330,63,"59, QUAI RICHELIEU",,,Plein jour,En agglomération,Hors intersection,Normale,Autre collision,,,,,,,,,,,1,2,1,1.0,6
201400024210,0014-05-09 12:20:00,14,5,9,12,20,330,63,RUE PROFESSEUR DARGET,,,Plein jour,En agglomération,Intersection en T,Temps couvert,Deux véhicules - côté,,,,,,,,,,,1,2,3,8.0,3
201400024211,0014-05-10 18:10:00,14,5,10,18,10,330,63,CRS D'ALBRET,,,Plein jour,En agglomération,Intersection en X,Normale,Autre collision,,,,,,,,,,,1,2,2,1.0,6
201400024212,0014-05-10 22:15:00,14,5,10,22,15,330,63,AQUITAINE (BD ALIENOR D),,,Nuit avec éclairage allumé,En agglomération,Hors intersection,Pluie légère,Sans collision,,,,,,,,,,,5,2,1,2.0,7
201400024213,0014-05-11 16:40:00,14,5,11,16,40,330,63,"3, FONDAUDEGE (RUE )",,,Plein jour,En agglomération,Intersection en Y,Normale,Deux véhicules - côté,,,,,,,,,,,1,2,4,1.0,3
201400024214,0014-05-12 06:35:00,14,5,12,6,35,330,119,RUE CAMILLE PELLETAN,,,Plein jour,En agglomération,Giratoire,Normale,Deux véhicules - côté,,,,,,,,,,,1,2,6,1.0,3
201400024215,0014-05-12 09:35:00,14,5,12,9,35,330,318,AVE DE MADRAN,,,Plein jour,En agglomération,Intersection en T,Normale,Trois véhicules et plus - collisions multiples,,,,,,,,,,,1,2,3,1.0,5
201400024216,0014-05-12 12:00:00,14,5,12,12,0,330,281,"188, AVE MARCEL DASSAULT",,,Plein jour,En agglomération,Hors intersection,Pluie légère,Deux véhicules - côté,,,,,,,,,,,1,2,1,2.0,3
201400024217,0014-05-12 16:41:00,14,5,12,16,41,330,281,MERIGNAC (AVENUE DE),,,Plein jour,En agglomération,Intersection en T,Normale,Deux véhicules - côté,,,,,,,,,,,1,2,3,1.0,3
201400024218,0014-05-12 17:15:00,14,5,12,17,15,330,522,"65, AVE MARECHAL LECLERC",,,Plein jour,En agglomération,Hors intersection,Normale,Deux véhicules - arrière,,,,,,,,,,,1,2,1,1.0,2
201400024219,0014-05-12 22:18:00,14,5,12,22,18,330,119,"69, AVE JEAN JAURES",,,Nuit avec éclairage allumé,En agglomération,Intersection en Y,Normale,Sans collision,,,,,,,,,,,5,2,4,1.0,7
201400024220,0014-05-13 08:40:00,14,5,13,8,40,330,63,ALBERT 1ER (BD ),,,Plein jour,En agglomération,Intersection en X,Normale,Autre collision,,,,,,,,,,,1,2,2,1.0,6
201400024221,0014-05-13 20:30:00,14,5,13,20,30,330,63,"2, RUE DES ANCIENS COMBA",,,Plein jour,En agglomération,Hors intersection,Normale,Autre collision,,,,,,,,,,,1,2,1,1.0,6