accident_id,datetime,annee,mois,jour,heure,minute,departement,commune_insee,adresse,latitude,longitude,luminosite,agglomeration,intersection,meteo,collision,nb_vehicules,nb_usagers,nb_indemnes,nb_tues,nb_blesses_hosp,nb_blesses_legers,age_cond_1,age_cond_2,veh_type_cond_1,veh_type_cond_2,lum_code,agg_code,int_code,atm_code,col_code
201400024355,0014-07-01 14:00:00,14,7,1,14,0,330,39,"102, AVE LUCIEN LEROUSSE",,,Plein jour,En agglomération,Hors intersection,Pluie légère,Deux véhicules - côté,,,,,,,,,,,1,2,1,2.0,3
201400024356,0014-06-30 21:30:00,14,6,30,21,30,330,318,AVE DU HAUT-BRION,,,Nuit avec éclairage allumé,En agglomération,Hors intersection,Normale,Sans collision,,,,,,,,,,,5,2,1,1.0,7
201400024357,0014-07-01 23:40:00,14,7,1,23,40,330,75,PONTS (AVE DES 4),,,Nuit sans éclairage public,En agglomération,Hors intersection,Normale,Autre collision,,,,,,,,,,,3,2,1,1.0,6
201400024358,0014-07-01 12:55:00,14,7,1,12,55,330,63,"21, MOUNEYRA (RUE )",,,Plein jour,En agglomération,Hors intersection,Normale,Deux véhicules - côté,,,,,,,,,,,1,2,1,1.0,3
201400024359,0014-07-02 07:20:00,14,7,2,7,20,330,63,RUE BUHAN,,,Plein jour,En agglomération,Intersection en X,Normale,Deux véhicules - côté,,,,,,,,,,,1,2,2,1.0,3
201400024360,0014-06-30 20:28:00,14,6,30,20,28,330,318,AVE JEAN JAURES,,,Plein jour,En agglomération,Intersection en X,Normale,Deux véhicules - côté,,,,,,,,,,,1,2,2,1.0,3
201400024361,0014-07-02 13:30:00,14,7,2,13,30,330,318,"290, AVE JEAN JAURES",,,Plein jour,En agglomération,Hors intersection,Normale,Deux véhicules - côté,,,,,,,,,,,1,2,1,1.0,3
201400024362,0014-07-03 17:20:00,14,7,3,17,20,330,281,"158, AVE DES MARRONNIERS",,,Plein jour,En agglomération,Hors intersection,Normale,Deux véhicules - côté,,,,,,,,,,,1,2,1,1.0,3
201400024363,0014-07-03 15:00:00,14,7,3,15,0,330,281,"28, RUE JACQUES PREVERT",,,Plein jour,En agglomération,Hors intersection,Normale,Trois véhicules et plus - collisions multiples,,,,,,,,,,,1,2,1,1.0,5
201400024364,0014-07-03 17:20:00,14,7,3,17,20,330,63,AVE DE LABARDE,,,Plein jour,En agglomération,Intersection en T,Normale,Trois véhicules et plus - collisions multiples,,,,,,,,,,,1,2,3,1.0,5
201400024365,0014-07-04 09:42:00,14,7,4,9,42,330,281,RUE DEMEULIN,,,Plein jour,En agglomération,Intersection en X,Normale,Deux véhicules - côté,,,,,,,,,,,1,2,2,1.0,3
201400024366,0014-07-04 14:30:00,14,7,4,14,30,330,63,RUE DU TONDU,,,Plein jour,En agglomération,Intersection en X,Normale,Deux véhicules - côté,,,,,,,,,,,1,2,2,1.0,3
201400024367,0014-06-30 09:45:00,14,6,30,9,45,330,167,ENTREE ROCADE N?24,,,Plein jour,En agglomération,Giratoire,Normale,Deux véhicules - côté,,,,,,,,,,,1,2,6,1.0,3
201400024368,0014-07-06 02:35:00,14,7,6,2,35,330,75,AVE PERIER,,,Nuit avec éclairage allumé,En agglomération,Intersection en X,Normale,Deux véhicules - côté,,,,,,,,,,,5,2,2,1.0,3
201400024369,0014-07-06 15:00:00,14,7,6,15,0,330,63,"177, AVE THIERS",,,Plein jour,En agglomération,Hors intersection,Pluie légère,Sans collision,,,,,,,,,,,1,2,1,2.0,7
201400024370,0014-07-04 18:30:00,14,7,4,18,30,330,162,"21, RTE DE PAUILLAC",,,Plein jour,En agglomération,Hors intersection,Normale,Deux véhicules - frontale,,,,,,,,,,,1,2,1,1.0,1
201400024371,0014-07-07 12:25:00,14,7,7,12,25,330,63,CRS D'ALBRET,,,Plein jour,En agglomération,Intersection en X,Normale,Deux véhicules - côté,,,,,,,,,,,1,2,2,1.0,3
201400024372,0014-07-07 15:15:00,14,7,7,15,15,330,63,KLEBER (RUE ),,,Plein jour,En agglomération,Intersection en X,Pluie légère,Autre collision,,,,,,,,,,,1,2,2,2.0,6
201400024373,0014-07-07 17:10:00,14,7,7,17,10,330,32,RUE MAL DE LATTRE DE TAS,,,Plein jour,En agglomération,Intersection en X,Normale,Deux véhicules - côté,,,,,,,,,,,1,2,2,1.0,3
201400024374,0014-07-07 21:50:00,14,7,7,21,50,330,32,AVE MANON CORMIER,,,Nuit avec éclairage allumé,En agglomération,Hors intersection,Normale,Autre collision,,,,,,,,,,,5,2,1,1.0,6
201400024375,0014-07-08 09:50:00,14,7,8,9,50,330,63,RUE JUDAIQUE,,,Plein jour,En agglomération,Intersection en X,Pluie légère,Deux véhicules - côté,,,,,,,,,,,1,2,2,2.0,3
201400024376,0014-07-09 02:40:00,14,7,9,2,40,330,63,"8, CRS DE LA MARNE",,,Nuit avec éclairage allumé,En agglomération,Hors intersection,Normale,Autre collision,,,,,,,,,,,5,2,1,1.0,6
201400024377,0014-07-08 10:00:00,14,7,8,10,0,330,281,AVE DE LA GARE,,,Plein jour,En agglomération,Intersection en T,Pluie légère,Deux véhicules - arrière,,,,,,,,,,,1,2,3,2.0,2
201400024378,0014-07-08 17:00:00,14,7,8,17,0,330,63,RUE MOUNEYRA,,,Plein jour,En agglomération,Intersection en X,Normale,Deux véhicules - côté,,,,,,,,,,,1,2,2,1.0,3
201400024379,0014-07-09 22:10:00,14,7,9,22,10,330,63,"28, CHARTRONS (QUAI DES)",,,Nuit avec éclairage allumé,En agglomération,Hors intersection,Temps couvert,Deux véhicules - côté,,,,,,,,,,,5,2,1,8.0,3
201400024380,0014-07-09 19:40:00,14,7,9,19,40,330,63,AVE DU MAL DE LATTRE DE,,,Plein jour,En agglomération,Intersection en X,Normale,Deux véhicules - côté,,,,,,,,,,,1,2,2,1.0,3
201400024381,0014-07-07 08:30:00,14,7,7,8,30,330,281,AVE FRANCOIS MITTERRAND,,,Plein jour,En agglomération,Intersection en X,Normale,Deux véhicules - côté,,,,,,,,,,,1,2,2,1.0,3
201400024382,0014-07-08 18:40:00,14,7,8,18,40,330,63,"110, RUE CAMILLE GODARD",,,Plein jour,En agglomération,Hors intersection,Normale,Autre collision,,,,,,,,,,,1,2,1,1.0,6
201400024383,0014-07-11 10:10:00,14,7,11,10,10,330,550,AVE PIERRE PROUDHON,,,Plein jour,En agglomération,Hors intersection,Normale,Autre collision,,,,,,,,,,,1,2,1,1.0,6
201400024384,0014-07-11 12:30:00,14,7,11,12,30,330,281,"48, RUE DU JARD",,,Plein jour,En agglomération,Hors intersection,Normale,Deux véhicules - côté,,,,,,,,,,,1,2,1,1.0,3
201400024385,0014-07-11 22:25:00,14,7,11,22,25,330,63,"402, AVE D'ARES CAUD",,,Nuit avec éclairage allumé,En agglomération,Intersection en T,Normale,Sans collision,,,,,,,,,,,5,2,3,1.0,7
201400024386,0014-07-12 11:50:00,14,7,12,11,50,330,281,RUE DU JARD,,,Plein jour,En agglomération,Intersection en T,Normale,Autre collision,,,,,,,,,,,1,2,3,1.0,6
201400024387,0014-07-14 23:25:00,14,7,14,23,25,330,63,"48, QUAI DE BRAZZA",,,Nuit avec éclairage allumé,En agglomération,Hors intersection,Normale,Deux véhicules - arrière,,,,,,,,,,,5,2,1,1.0,2
201400024388,0014-07-15 07:30:00,14,7,15,7,30,330,63,QUAI DES QUEYRIES,,,Plein jour,En agglomération,Intersection en T,Normale,Deux véhicules - côté,,,,,,,,,,,1,2,3,1.0,3
201400024389,0014-07-16 19:40:00,14,7,16,19,40,330,69,"191, AVE DE LA LIBERATIO",,,Plein jour,En agglomération,Intersection en X,Normale,Deux véhicules - frontale,,,,,,,,,,,1,2,2,1.0,1
201400024390,0014-07-04 18:40:00,14,7,4,18,40,330,318,GUTENBERG (RUE),,,Plein jour,En agglomération,Intersection en X,Normale,Deux véhicules - côté,,,,,,,,,,,1,2,2,1.0,3
201400024391,0014-07-16 16:08:00,14,7,16,16,8,330,63,"188, CRS DE LA SOMME",,,Plein jour,En agglomération,Intersection en T,Normale,Autre collision,,,,,,,,,,,1,2,3,1.0,6
201400024392,0014-07-16 16:30:00,14,7,16,16,30,330,63,"39, CROIX BLANCHE (RUE D",,,Plein jour,En agglomération,Intersection en T,Normale,Deux véhicules - côté,,,,,,,,,,,1,2,3,1.0,3
201400024393,0014-07-16 18:50:00,14,7,16,18,50,330,522,AVE DES FACULTES,,,Plein jour,En agglomération,Hors intersection,Normale,Autre collision,,,,,,,,,,,1,2,1,1.0,6
201400024394,0014-07-16 20:20:00,14,7,16,20,20,330,318,AVE MAL DE LATTRE DE TAS,,,Plein jour,En agglomération,Intersection en X,Normale,Deux véhicules - côté,,,,,,,,,,,1,2,2,1.0,3
201400024395,0014-07-17 22:35:00,14,7,17,22,35,330,167,"6, CHEM DES BORIES",,,Nuit avec éclairage non allumé,En agglomération,Hors intersection,Normale,Autre collision,,,,,,,,,,,4,2,1,1.0,6
201400024396,0014-07-17 23:00:00,14,7,17,23,0,330,522,"208, RUE DE SUZON",,,Nuit avec éclairage allumé,En agglomération,Intersection en T,Normale,Autre collision,,,,,,,,,,,5,2,3,1.0,6
201400024397,0014-07-18 06:25:00,14,7,18,6,25,330,63,"68, QUAI DE PALUDATE",,,Nuit avec éclairage allumé,En agglomération,Hors intersection,Normale,Deux véhicules - côté,,,,,,,,,,,5,2,1,1.0,3
201400024398,0014-07-18 09:25:00,14,7,18,9,25,330,162,AVE DU DERBY,,,Plein jour,En agglomération,Intersection en X,Normale,Autre collision,,,,,,,,,,,1,2,2,1.0,6
201400024399,0014-07-19 09:15:00,14,7,19,9,15,330,162,"176, AVE DU TAILLAN-MEDO",,,Plein jour,En agglomération,Intersection en X,Normale,Deux véhicules - arrière,,,,,,,,,,,1,2,2,1.0,2
201400024400,0014-07-19 15:25:00,14,7,19,15,25,330,75,"451, MEDOC (RTE DU)",,,Plein jour,En agglomération,Intersection en X,Normale,Autre collision,,,,,,,,,,,1,2,2,1.0,6
201400024401,0014-07-19 18:20:00,14,7,19,18,20,330,63,"19, RUE RAYMOND POINCARE",,,Plein jour,En agglomération,Hors intersection,Normale,Autre collision,,,,,,,,,,,1,2,1,1.0,6
201400024402,0014-07-20 19:30:00,14,7,20,19,30,330,281,AVE FRANCOIS MITTERRAND,,,Plein jour,En agglomération,Hors intersection,Pluie légère,Trois véhicules et plus - en chaîne,,,,,,,,,,,1,2,1,2.0,4
201400024403,0014-07-21 18:20:00,14,7,21,18,20,330,63,WILSON (BD DU PRESIDENT),,,Plein jour,En agglomération,Intersection en Y,Normale,Deux véhicules - arrière,,,,,,,,,,,1,2,4,1.0,2
201400024404,0014-07-21 17:25:00,14,7,21,17,25,330,281,AVE DE L'YSER,,,Plein jour,En agglomération,Intersection en T,Normale,Deux véhicules - côté,,,,,,,,,,,1,2,3,1.0,3
201400024405,0014-07-17 19:00:00,14,7,17,19,0,330,63,PIERRE 1ER (BD ),,,Plein jour,En agglomération,Intersection en Y,Normale,Trois véhicules et plus - collisions multiples,,,,,,,,,,,1,2,4,1.0,5
201400024406,0014-07-22 12:55:00,14,7,22,12,55,330,550,"65, CHEM DE GALGON",,,Plein jour,En agglomération,Intersection en T,Normale,Deux véhicules - frontale,,,,,,,,,,,1,2,3,1.0,1
201400024407,0014-07-25 13:20:00,14,7,25,13,20,330,63,"15, BD ANTOINE GAUTIER",,,Plein jour,En agglomération,Hors intersection,Normale,Autre collision,,,,,,,,,,,1,2,1,1.0,6
201400024408,0014-07-26 06:50:00,14,7,26,6,50,330,192,RUE DE MARTINON,,,Crépuscule ou aube,En agglomération,Intersection en T,Brouillard / fumée,Deux véhicules - côté,,,,,,,,,,,2,2,3,5.0,3
201400024409,0014-07-26 07:40:00,14,7,26,7,40,330,550,CHEM DU PAS DE LA COTE,,,Plein jour,En agglomération,Intersection en X,Brouillard / fumée,Deux véhicules - côté,,,,,,,,,,,1,2,2,5.0,3
201400024410,0014-07-26 21:49:00,14,7,26,21,49,330,249,RUE DU COURANT,,,Nuit avec éclairage allumé,En agglomération,Hors intersection,Normale,Autre collision,,,,,,,,,,,5,2,1,1.0,6
201400024411,0014-07-26 12:25:00,14,7,26,12,25,330,162,"3, AVE DU TAILLAN-MEDOC",,,Plein jour,En agglomération,Intersection en T,Normale,Trois véhicules et plus - en chaîne,,,,,,,,,,,1,2,3,1.0,4
201400024412,0014-07-24 17:05:00,14,7,24,17,5,330,281,AVE PRESIDENT J.F. KENNE,,,Plein jour,En agglomération,Giratoire,Normale,Deux véhicules - côté,,,,,,,,,,,1,2,6,1.0,3
201400024413,0014-07-26 09:30:00,14,7,26,9,30,330,281,"35, RUE MAURIAN",,,Plein jour,En agglomération,Hors intersection,Normale,Deux véhicules - côté,,,,,,,,,,,1,2,1,1.0,3
201400024414,0014-07-27 14:23:00,14,7,27,14,23,330,63,"200, AVE DE LABARDE",,,Plein jour,En agglomération,Intersection en T,Normale,Deux véhicules - arrière,,,,,,,,,,,1,2,3,1.0,2
201400024415,0014-07-26 03:45:00,14,7,26,3,45,330,63,QUAI SAINTE- CROIX,,,Nuit avec éclairage allumé,En agglomération,Intersection en Y,Normale,Deux véhicules - côté,,,,,,,,,,,5,2,4,1.0,3
201400024416,0014-07-27 23:30:00,14,7,27,23,30,330,318,"13, AVE DU GENERAL LECLE",,,Nuit avec éclairage allumé,En agglomération,Intersection en T,Normale,Deux véhicules - côté,,,,,,,,,,,5,2,3,1.0,3
201400024417,0014-07-29 07:30:00,14,7,29,7,30,330,63,"56, QUAI DE BRAZZA",,,Plein jour,En agglomération,Hors intersection,Normale,Deux véhicules - côté,,,,,,,,,,,1,2,1,1.0,3
201400024418,0014-07-29 11:20:00,14,7,29,11,20,330,249,RUE MARC NOUAUX,,,Plein jour,En agglomération,Intersection en T,Normale,Deux véhicules - côté,,,,,,,,,,,1,2,3,1.0,3
201400024419,0014-07-30 00:10:00,14,7,30,0,10,330,63,AVE DE LABARDE,,,Nuit avec éclairage non allumé,Hors agglomération,Intersection en T,Normale,Deux véhicules - arrière,,,,,,,,,,,4,1,3,1.0,2
201400024420,0014-07-30 19:45:00,14,7,30,19,45,330,63,RUE DE CAPEYRON CAUD,,,Plein jour,En agglomération,Intersection en T,Normale,Deux véhicules - côté,,,,,,,,,,,1,2,3,1.0,3
201400024421,0014-07-31 19:25:00,14,7,31,19,25,330,63,"72, RUE PIERRE TREBOD",,,Plein jour,En agglomération,Hors intersection,Normale,Deux véhicules - frontale,,,,,,,,,,,1,2,1,1.0,1
201400024422,0014-07-31 19:50:00,14,7,31,19,50,330,63,PCE BIR HAKEIM,,,Plein jour,En agglomération,Intersection en T,Normale,Deux véhicules - côté,,,,,,,,,,,1,2,3,1.0,3
201400024423,0014-08-01 10:15:00,14,8,1,10,15,330,167,AVE SALVADOR ALLENDE,,,Plein jour,En agglomération,Hors intersection,Normale,Autre collision,,,,,,,,,,,1,2,1,1.0,6
201400024424,0014-08-01 17:35:00,14,8,1,17,35,330,281,"80, AVE DE LA SOMME",,,Plein jour,En agglomération,Hors intersection,Normale,Trois véhicules et plus - en chaîne,,,,,,,,,,,1,2,1,1.0,4
201400024425,0014-08-02 09:35:00,14,8,2,9,35,330,162,ALL DE L'EUROPE,,,Plein jour,En agglomération,Giratoire,Normale,Deux véhicules - arrière,,,,,,,,,,,1,2,6,1.0,2
201400024426,0014-08-03 02:05:00,14,8,3,2,5,330,63,CRS D'ALSACE ET LORRAINE,,,Nuit avec éclairage allumé,En agglomération,Intersection à plus de 4 branches,Normale,Autre collision,,,,,,,,,,,5,2,5,1.0,6
201400024427,0014-08-03 04:20:00,14,8,3,4,20,330,63,BD ANTOINE GAUTIER,,,Nuit avec éclairage allumé,En agglomération,Intersection en X,Pluie légère,Sans collision,,,,,,,,,,,5,2,2,2.0,7
201400024428,0014-08-03 21:30:00,14,8,3,21,30,330,63,BLANQUI (RUE ),,,Crépuscule ou aube,En agglomération,Intersection en X,Normale,Autre collision,,,,,,,,,,,2,2,2,1.0,6
201400024429,0014-08-04 17:15:00,14,8,4,17,15,330,281,AVE PRESIDENT J.F. KENNE,,,Plein jour,En agglomération,Intersection en X,Normale,Deux véhicules - côté,,,,,,,,,,,1,2,2,1.0,3
201400024430,0014-08-05 17:00:00,14,8,5,17,0,330,63,RUE DE CURSOL,,,Plein jour,En agglomération,Intersection en X,Normale,Autre collision,,,,,,,,,,,1,2,2,1.0,6
201400024431,0014-08-05 20:10:00,14,8,5,20,10,330,63,BD ALFRED DANEY,,,Plein jour,En agglomération,Intersection en Y,Normale,Deux véhicules - côté,,,,,,,,,,,1,2,4,1.0,3
201400024432,0014-07-16 17:30:00,14,7,16,17,30,330,281,AVE FRANCOIS MITTERRAND,,,Plein jour,En agglomération,Hors intersection,Normale,Deux véhicules - côté,,,,,,,,,,,1,2,1,1.0,3
201400024433,0014-08-05 19:54:00,14,8,5,19,54,330,318,AVE ANTOINE BECQUEREL,,,Crépuscule ou aube,En agglomération,Intersection en T,Normale,Deux véhicules - côté,,,,,,,,,,,2,2,3,1.0,3
201400024434,0014-08-06 15:00:00,14,8,6,15,0,330,63,"41, CRS GEORGES CLEMENCE",,,Plein jour,En agglomération,Hors intersection,Normale,Deux véhicules - côté,,,,,,,,,,,1,2,1,1.0,3
201400024435,0014-08-06 15:50:00,14,8,6,15,50,330,63,RUE ALBERT PITRES,,,Plein jour,En agglomération,Intersection en X,Normale,Deux véhicules - côté,,,,,,,,,,,1,2,2,1.0,3
201400024436,0014-08-07 16:25:00,14,8,7,16,25,330,119,IMP PELLETAN,,,Plein jour,En agglomération,Intersection en Y,Normale,Deux véhicules - côté,,,,,,,,,,,1,2,4,1.0,3
201400024437,0014-08-08 01:15:00,14,8,8,1,15,330,63,"59, RUE SAINTE- CATHERIN",,,Nuit avec éclairage allumé,En agglomération,Hors intersection,Normale,Sans collision,,,,,,,,,,,5,2,1,1.0,7
201400024438,0014-08-08 09:00:00,14,8,8,9,0,330,63,RUE DURIEU DE MAISONNEUV,,,Plein jour,En agglomération,Intersection en T,Pluie légère,Deux véhicules - côté,,,,,,,,,,,1,2,3,2.0,3
201400024439,0014-08-08 12:30:00,14,8,8,12,30,330,63,"223, GALLIENI (CRS DU MA",,,Plein jour,En agglomération,Hors intersection,Normale,Trois véhicules et plus - collisions multiples,,,,,,,,,,,1,2,1,1.0,5
201400024440,0014-08-08 13:16:00,14,8,8,13,16,330,281,AVE DE BOURRANVILLE,,,Plein jour,En agglomération,Intersection en X,Normale,Autre collision,,,,,,,,,,,1,2,2,1.0,6
201400024441,0014-08-08 19:35:00,14,8,8,19,35,330,63,"12, RUE ESPRIT-DES-LOIS",,,Plein jour,En agglomération,Hors intersection,Normale,Trois véhicules et plus - collisions multiples,,,,,,,,,,,1,2,1,1.0,5
201400024442,0014-08-09 14:20:00,14,8,9,14,20,330,281,"137, AVE DE LA LIBERATIO",,,Plein jour,En agglomération,Hors intersection,Normale,Deux véhicules - arrière,,,,,,,,,,,1,2,1,1.0,2
201400024443,0014-08-10 12:20:00,14,8,10,12,20,330,63,"56, ALL DE TOURNY",,,Plein jour,En agglomération,Hors intersection,Normale,Autre collision,,,,,,,,,,,1,2,1,1.0,6
201400024444,0014-08-11 00:10:00,14,8,11,0,10,330,162,AVE DU MEDOC,,,Nuit avec éclairage allumé,En agglomération,Intersection en Y,Normale,Deux véhicules - côté,,,,,,,,,,,5,2,4,1.0,3
201400024445,0014-08-11 02:40:00,14,8,11,2,40,330,318,"60, RUE DE ROMAINVILLE",,,Nuit avec éclairage allumé,En agglomération,Hors intersection,Normale,Deux véhicules - côté,,,,,,,,,,,5,2,1,1.0,3
201400024446,0014-08-13 12:15:00,14,8,13,12,15,330,63,CRS D'ALBRET,,,Plein jour,En agglomération,Intersection en X,Pluie légère,Deux véhicules - arrière,,,,,,,,,,,1,2,2,2.0,2
201400024447,0014-08-13 15:00:00,14,8,13,15,0,330,39,RTE DE TOULOUSE,,,Plein jour,En agglomération,Intersection en T,Normale,Autre collision,,,,,,,,,,,1,2,3,1.0,6
201400024448,0014-08-14 17:20:00,14,8,14,17,20,330,63,CRS GEORGES CLEMENCEAU,,,Plein jour,En agglomération,Hors intersection,Normale,Deux véhicules - côté,,,,,,,,,,,1,2,1,1.0,3
201400024449,0014-08-14 16:45:00,14,8,14,16,45,330,522,RUE LAMARTINE,,,Plein jour,En agglomération,Intersection en X,Normale,Deux véhicules - côté,,,,,,,,,,,1,2,2,1.0,3
201400024450,0014-08-14 21:40:00,14,8,14,21,40,330,63,"20, RUE DES CARMES",,,Nuit avec éclairage allumé,En agglomération,Hors intersection,Pluie légère,Autre collision,,,,,,,,,,,5,2,1,2.0,6
201400024451,0014-08-15 19:00:00,14,8,15,19,0,330,63,BD MARECHAL LECLERC,,,Plein jour,En agglomération,Intersection en X,Normale,Deux véhicules - côté,,,,,,,,,,,1,2,2,1.0,3
201400024452,0014-08-17 18:45:00,14,8,17,18,45,330,63,RUE LAMOUROUS,,,Plein jour,En agglomération,Hors intersection,Normale,Autre collision,,,,,,,,,,,1,2,1,1.0,6
201400024453,0014-08-18 19:18:00,14,8,18,19,18,330,63,AVE D'ARES CAUD,,,Plein jour,En agglomération,Intersection en X,Normale,Deux véhicules - côté,,,,,,,,,,,1,2,2,1.0,3
201400024454,0014-08-18 22:40:00,14,8,18,22,40,330,63,"72, RUE FONDAUDEGE",,,Nuit avec éclairage allumé,En agglomération,Intersection en T,Normale,Autre collision,,,,,,,,,,,5,2,3,1.0,6
201400024455,0014-08-19 08:00:00,14,8,19,8,0,330,75,"67, AVE DE VERDUN",,,Plein jour,En agglomération,Hors intersection,Normale,Deux véhicules - côté,,,,,,,,,,,1,2,1,1.0,3
201400024456,0014-08-20 07:30:00,14,8,20,7,30,330,200,"32, AVE DE MAGUDAS",,,Plein jour,En agglomération,Giratoire,Normale,Deux véhicules - côté,,,,,,,,,,,1,2,6,1.0,3
201400024457,0014-08-20 12:00:00,14,8,20,12,0,330,249,AVE DE PARIS,,,Plein jour,En agglomération,Giratoire,Normale,Deux véhicules - côté,,,,,,,,,,,1,2,6,1.0,3
201400024458,0014-08-20 15:55:00,14,8,20,15,55,330,63,RUE ESPRIT-DES-LOIS,,,Plein jour,En agglomération,Intersection en T,Normale,Autre collision,,,,,,,,,,,1,2,3,1.0,6
201400024459,0014-08-20 18:00:00,14,8,20,18,0,330,63,"66-68, CRS PORTAL",,,Plein jour,En agglomération,Hors intersection,Normale,Deux véhicules - arrière,,,,,,,,,,,1,2,1,1.0,2
201400024460,0014-08-21 19:40:00,14,8,21,19,40,330,32,AVE PASTEUR,,,Plein jour,En agglomération,Intersection en X,Normale,Autre collision,,,,,,,,,,,1,2,2,1.0,6
201400024461,0014-08-22 08:25:00,14,8,22,8,25,330,32,"18, AVE LUCIEN VICTOR ME",,,Plein jour,En agglomération,Hors intersection,Normale,Deux véhicules - frontale,,,,,,,,,,,1,2,1,1.0,1
201400024462,0014-08-21 20:30:00,14,8,21,20,30,330,63,"123, CRS DE LA MARNE",,,Plein jour,En agglomération,Intersection en T,Normale,Autre collision,,,,,,,,,,,1,2,3,1.0,6
201400024463,0014-08-22 16:00:00,14,8,22,16,0,330,39,RTE DE COURREJEAN,,,Plein jour,En agglomération,Hors intersection,Normale,Deux véhicules - arrière,,,,,,,,,,,1,2,1,1.0,2
201400024464,0014-08-22 14:50:00,14,8,22,14,50,330,63,QUAI DE LA SOUYS,,,Plein jour,En agglomération,Intersection en T,Normale,Deux véhicules - côté,,,,,,,,,,,1,2,3,1.0,3
201400024465,0014-08-23 18:10:00,14,8,23,18,10,330,281,AVE PRESIDENT J.F. KENNE,,,Plein jour,En agglomération,Intersection en T,Normale,Deux véhicules - côté,,,,,,,,,,,1,2,3,1.0,3
201400024466,0014-08-23 20:10:00,14,8,23,20,10,330,63,"377, WILSON (BD DU PRESI",,,Plein jour,En agglomération,Intersection en Y,Normale,Deux véhicules - côté,,,,,,,,,,,1,2,4,1.0,3
201400024467,0014-08-23 19:20:00,14,8,23,19,20,330,63,"107, CARTHY CAUD (RUE MA",,,Plein jour,En agglomération,Hors intersection,Normale,Deux véhicules - côté,,,,,,,,,,,1,2,1,1.0,3
201400024468,0014-08-25 08:15:00,14,8,25,8,15,330,192,RTE DE CANEJAN,,,Plein jour,En agglomération,Intersection en X,Normale,Deux véhicules - côté,,,,,,,,,,,1,2,2,1.0,3
201400024469,0014-08-25 10:50:00,14,8,25,10,50,330,63,BOSC (BD JEAN-JACQUES),,,Plein jour,En agglomération,Intersection en X,Normale,Deux véhicules - arrière,,,,,,,,,,,1,2,2,1.0,2
201400024470,0014-08-26 12:25:00,14,8,26,12,25,330,281,AVE DU MARECHAL GALLIENI,,,Plein jour,En agglomération,Hors intersection,Pluie légère,Sans collision,,,,,,,,,,,1,2,1,2.0,7
201400024471,0014-08-26 16:25:00,14,8,26,16,25,330,63,ALL DE BOUTAUT,,,Plein jour,En agglomération,Hors intersection,Pluie légère,Trois véhicules et plus - en chaîne,,,,,,,,,,,1,2,1,2.0,4
201400024472,0014-08-26 19:10:00,14,8,26,19,10,330,13,AVE DE L' ILE DE FRANCE,,,Plein jour,En agglomération,Hors intersection,Pluie légère,Deux véhicules - frontale,,,,,,,,,,,1,2,1,2.0,1
201400024473,0014-08-22 16:20:00,14,8,22,16,20,330,162,RUE ANDRE BLANC,,,Plein jour,En agglomération,Intersection en X,Normale,Deux véhicules - côté,,,,,,,,,,,1,2,2,1.0,3
201400024474,0014-08-27 14:35:00,14,8,27,14,35,330,167,"51, RUE JULES GUESDE",,,Plein jour,En agglomération,Hors intersection,Normale,Autre collision,,,,,,,,,,,1,2,1,1.0,6
201400024475,0014-08-27 14:30:00,14,8,27,14,30,330,550,RUE PABLO NERUDA,,,Plein jour,En agglomération,Giratoire,Normale,Deux véhicules - côté,,,,,,,,,,,1,2,6,1.0,3
201400024476,0014-08-28 08:45:00,14,8,28,8,45,330,281,AVE DE VERDUN,,,Plein jour,En agglomération,Intersection en T,Normale,Deux véhicules - arrière,,,,,,,,,,,1,2,3,1.0,2
201400024477,0014-08-28 07:15:00,14,8,28,7,15,330,69,"1, RUE HENRI GROSSARD",,,Plein jour,En agglomération,Intersection en T,Normale,Autre collision,,,,,,,,,,,1,2,3,1.0,6
201400024478,0014-08-28 10:00:00,14,8,28,10,0,330,69,"102, AVE DE LA LIBERATIO",,,Plein jour,En agglomération,Intersection en T,Normale,Autre collision,,,,,,,,,,,1,2,3,1.0,6
201400024479,0014-08-29 02:55:00,14,8,29,2,55,330,63,BD DES FRERES MOGA,,,Nuit avec éclairage allumé,En agglomération,Hors intersection,Pluie forte,Sans collision,,,,,,,,,,,5,2,1,3.0,7
201400024480,0014-08-30 17:30:00,14,8,30,17,30,330,281,AVE MONTESQUIEU,,,Plein jour,En agglomération,Intersection en T,Normale,Deux véhicules - côté,,,,,,,,,,,1,2,3,1.0,3
201400024481,0014-08-30 14:02:00,14,8,30,14,2,330,75,"427, RTE DU MEDOC",,,Plein jour,En agglomération,Hors intersection,Normale,Deux véhicules - arrière,,,,,,,,,,,1,2,1,1.0,2
201400024482,0014-08-30 07:15:00,14,8,30,7,15,330,63,CURIE (BD JOLIOT),,,Plein jour,En agglomération,Intersection en T,Normale,Autre collision,,,,,,,,,,,1,2,3,1.0,6
201400024483,0014-08-31 16:00:00,14,8,31,16,0,330,63,BD MARECHAL LECLERC,,,Plein jour,En agglomération,Intersection en T,Normale,Autre collision,,,,,,,,,,,1,2,3,1.0,6
201400024484,0014-08-31 23:40:00,14,8,31,23,40,330,65,COTE DU PIQUET,,,Nuit sans éclairage public,Hors agglomération,Intersection en Y,Normale,Sans collision,,,,,,,,,,,3,1,4,1.0,7
201400024485,0014-09-02 17:00:00,14,9,2,17,0,330,63,CRS D'ALBRET,,,Plein jour,En agglomération,Intersection en X,Normale,Deux véhicules - côté,,,,,,,,,,,1,2,2,1.0,3
201400024486,0014-09-03 08:25:00,14,9,3,8,25,330,63,"201, AVE DE LABARDE",,,Plein jour,En agglomération,Intersection en Y,Temps éblouissant,Deux véhicules - côté,,,,,,,,,,,1,2,4,7.0,3