accident_id,datetime,annee,mois,jour,heure,minute,departement,commune_insee,adresse,latitude,longitude,luminosite,agglomeration,intersection,meteo,collision,nb_vehicules,nb_usagers,nb_indemnes,nb_tues,nb_blesses_hosp,nb_blesses_legers,age_cond_1,age_cond_2,veh_type_cond_1,veh_type_cond_2,lum_code,agg_code,int_code,atm_code,col_code
201400024487,0014-09-03 09:50:00,14,9,3,9,50,330,281,ST MEDARD (AVE),,,Plein jour,En agglomération,Intersection en T,Normale,Autre collision,,,,,,,,,,,1,2,3,1.0,6
201400024488,0014-09-03 23:35:00,14,9,3,23,35,330,39,RUE DES QUATRE CASTERA,,,Nuit avec éclairage allumé,En agglomération,Intersection en T,Normale,Autre collision,,,,,,,,,,,5,2,3,1.0,6
201400024489,0014-09-02 19:25:00,14,9,2,19,25,330,75,RUE DES REDUITS,,,Plein jour,En agglomération,Intersection en X,Normale,Deux véhicules - côté,,,,,,,,,,,1,2,2,1.0,3
201400024490,0014-09-04 07:50:00,14,9,4,7,50,330,167,"0, AVE SALVADOR ALLENDE",,,Plein jour,En agglomération,Intersection en T,Normale,Deux véhicules - côté,,,,,,,,,,,1,2,3,1.0,3
201400024491,0014-09-04 09:23:00,14,9,4,9,23,330,63,PCE BIR HAKEIM,,,Plein jour,En agglomération,Giratoire,Normale,Deux véhicules - côté,,,,,,,,,,,1,2,6,1.0,3
201400024492,0014-09-04 08:00:00,14,9,4,8,0,330,318,AVE PEY BERLAND,,,Plein jour,En agglomération,Intersection en X,Normale,Deux véhicules - côté,,,,,,,,,,,1,2,2,1.0,3
201400024493,0014-09-04 08:55:00,14,9,4,8,55,330,192,ROUMEGOUS (Place Bernard,,,Plein jour,En agglomération,Hors intersection,Normale,Deux véhicules - côté,,,,,,,,,,,1,2,1,1.0,3
201400024494,0014-09-04 10:00:00,14,9,4,10,0,330,63,RUE DU DOCTEUR GABRIEL P,,,Plein jour,En agglomération,Intersection en T,Normale,Deux véhicules - frontale,,,,,,,,,,,1,2,3,1.0,1
201400024495,0014-09-04 14:15:00,14,9,4,14,15,330,63,RUE FRANCOIS DE SOURDIS,,,Plein jour,En agglomération,Giratoire,Normale,Deux véhicules - côté,,,,,,,,,,,1,2,6,1.0,3
201400024496,0014-09-04 17:25:00,14,9,4,17,25,330,69,AVE LEON BLUM,,,Plein jour,En agglomération,Intersection en T,Normale,Autre collision,,,,,,,,,,,1,2,3,1.0,6
201400024497,0014-09-04 17:45:00,14,9,4,17,45,330,63,"29, AVE CARNOT CAUD",,,Plein jour,En agglomération,Hors intersection,Normale,Deux véhicules - côté,,,,,,,,,,,1,2,1,1.0,3
201400024498,0014-09-04 16:30:00,14,9,4,16,30,330,63,CRS PASTEUR,,,Plein jour,En agglomération,Intersection en T,Normale,Autre collision,,,,,,,,,,,1,2,3,1.0,6
201400024499,0014-09-05 08:45:00,14,9,5,8,45,330,281,AVE DE L'YSER,,,Plein jour,En agglomération,Giratoire,Normale,Deux véhicules - côté,,,,,,,,,,,1,2,6,1.0,3
201400024500,0014-09-05 08:40:00,14,9,5,8,40,330,281,AVENUE DU CHATEAU D'EAU,,,Plein jour,En agglomération,Intersection en T,Normale,Deux véhicules - côté,,,,,,,,,,,1,2,3,1.0,3
201400024501,0014-09-05 11:11:00,14,9,5,11,11,330,63,CRS BALGUERIE STUTTENBER,,,Plein jour,En agglomération,Intersection en X,Normale,Autre collision,,,,,,,,,,,1,2,2,1.0,6
201400024502,0014-09-05 11:30:00,14,9,5,11,30,330,63,AVE DU MAL DE LATTRE DE,,,Plein jour,En agglomération,Intersection en T,Normale,Deux véhicules - côté,,,,,,,,,,,1,2,3,1.0,3
201400024503,0014-09-05 18:40:00,14,9,5,18,40,330,63,BD JEAN-JACQUES BOSC,,,Plein jour,En agglomération,Intersection en X,Normale,Deux véhicules - côté,,,,,,,,,,,1,2,2,1.0,3
201400024504,0014-09-07 04:20:00,14,9,7,4,20,330,63,"38, QUAI DE PALUDATE",,,Nuit avec éclairage allumé,En agglomération,Hors intersection,Normale,Autre collision,,,,,,,,,,,5,2,1,1.0,6
201400024505,0014-09-08 01:20:00,14,9,8,1,20,330,63,PCE RAVESIES,,,Nuit avec éclairage allumé,En agglomération,Intersection à plus de 4 branches,Normale,Deux véhicules - côté,,,,,,,,,,,5,2,5,1.0,3
201400024506,0014-09-06 19:00:00,14,9,6,19,0,330,192,RUE DU MOULINEAU,,,Plein jour,En agglomération,Hors intersection,Normale,Sans collision,,,,,,,,,,,1,2,1,1.0,7
201400024507,0014-09-08 11:40:00,14,9,8,11,40,330,63,RUE EDMOND COSTEDOAT,,,Plein jour,En agglomération,Intersection en X,Normale,Autre collision,,,,,,,,,,,1,2,2,1.0,6
201400024508,0014-09-08 12:50:00,14,9,8,12,50,330,550,CHEM DU TILLON,,,Plein jour,En agglomération,Intersection en Y,Normale,Deux véhicules - côté,,,,,,,,,,,1,2,4,1.0,3
201400024509,0014-09-08 14:15:00,14,9,8,14,15,330,69,RTE DU MEDOC,,,Plein jour,En agglomération,Intersection en X,Normale,Deux véhicules - côté,,,,,,,,,,,1,2,2,1.0,3
201400024510,0014-09-08 14:15:00,14,9,8,14,15,330,63,RUE DU CHAI DES FARINES,,,Plein jour,En agglomération,Intersection en X,Normale,Deux véhicules - frontale,,,,,,,,,,,1,2,2,1.0,1
201400024511,0014-09-08 14:30:00,14,9,8,14,30,330,63,CRS VICTOR HUGO,,,Plein jour,En agglomération,Giratoire,Normale,Autre collision,,,,,,,,,,,1,2,6,1.0,6
201400024512,0014-09-08 17:40:00,14,9,8,17,40,330,281,AVE FRANCOIS MITTERRAND,,,Plein jour,En agglomération,Hors intersection,Normale,Deux véhicules - côté,,,,,,,,,,,1,2,1,1.0,3
201400024513,0014-09-08 17:30:00,14,9,8,17,30,330,249,AVE DE LA LIBERATION,,,Plein jour,En agglomération,Intersection en T,Normale,Deux véhicules - côté,,,,,,,,,,,1,2,3,1.0,3
201400024514,0014-09-09 14:30:00,14,9,9,14,30,330,63,"56, CRS MARECHAL JUIN",,,Plein jour,En agglomération,Hors intersection,Normale,Deux véhicules - arrière,,,,,,,,,,,1,2,1,1.0,2
201400024515,0014-09-09 17:00:00,14,9,9,17,0,330,63,"68, BD MARECHAL LECLERC",,,Plein jour,En agglomération,Hors intersection,Normale,Deux véhicules - côté,,,,,,,,,,,1,2,1,1.0,3
201400024516,0014-09-09 16:54:00,14,9,9,16,54,330,63,AVE CHARLES DE GAULLE CA,,,Plein jour,En agglomération,Intersection en T,Normale,Deux véhicules - côté,,,,,,,,,,,1,2,3,1.0,3
201400024517,0014-09-09 18:50:00,14,9,9,18,50,330,63,BD ANDRE RICARD,,,Plein jour,En agglomération,Giratoire,Normale,Deux véhicules - côté,,,,,,,,,,,1,2,6,1.0,3
201400024518,0014-09-09 22:20:00,14,9,9,22,20,330,162,"86, AVE DE L'HIPPODROME",,,Nuit avec éclairage allumé,En agglomération,Hors intersection,Normale,Deux véhicules - côté,,,,,,,,,,,5,2,1,1.0,3
201400024519,0014-09-09 20:40:00,14,9,9,20,40,330,192,RUE DU MOULINEAU,,,Nuit avec éclairage allumé,En agglomération,Hors intersection,Normale,Trois véhicules et plus - collisions multiples,,,,,,,,,,,5,2,1,1.0,5
201400024520,0014-09-10 08:30:00,14,9,10,8,30,330,522,"71, AVE MARECHAL LECLERC",,,Plein jour,En agglomération,Intersection en T,Normale,Autre collision,,,,,,,,,,,1,2,3,1.0,6
201400024521,0014-09-10 10:17:00,14,9,10,10,17,330,63,"17, RUE DU GRAND LEBRUN",,,Plein jour,En agglomération,Hors intersection,Normale,Deux véhicules - côté,,,,,,,,,,,1,2,1,1.0,3
201400024522,0014-09-10 09:15:00,14,9,10,9,15,330,63,RUE CAPDEVILLE,,,Plein jour,En agglomération,Intersection en T,Normale,Deux véhicules - frontale,,,,,,,,,,,1,2,3,1.0,1
201400024523,0014-09-10 18:05:00,14,9,10,18,5,330,69,BD PIERRE 1ER,,,Plein jour,En agglomération,Intersection en X,Normale,Deux véhicules - côté,,,,,,,,,,,1,2,2,1.0,3
201400024524,0014-09-11 08:10:00,14,9,11,8,10,330,75,AVE PERIER,,,Plein jour,En agglomération,Hors intersection,Normale,Deux véhicules - arrière,,,,,,,,,,,1,2,1,1.0,2
201400024525,0014-09-10 20:15:00,14,9,10,20,15,330,63,"138, AVE DE LA REPUBLIQU",,,Crépuscule ou aube,En agglomération,Intersection en X,Normale,Trois véhicules et plus - collisions multiples,,,,,,,,,,,2,2,2,1.0,5
201400024526,0014-09-12 00:55:00,14,9,12,0,55,330,63,"40, QUAI DE PALUDATE",,,Nuit avec éclairage allumé,En agglomération,Hors intersection,Normale,Autre collision,,,,,,,,,,,5,2,1,1.0,6
201400024527,0014-09-12 07:00:00,14,9,12,7,0,330,318,"156, AVE DU GENERAL LECL",,,Crépuscule ou aube,En agglomération,Hors intersection,Normale,Deux véhicules - côté,,,,,,,,,,,2,2,1,1.0,3
201400024528,0014-09-12 16:45:00,14,9,12,16,45,330,63,LARMINAT (RUE GENERAL DE,,,Plein jour,En agglomération,Intersection en X,Normale,Deux véhicules - frontale,,,,,,,,,,,1,2,2,1.0,1
201400024529,0014-09-12 15:45:00,14,9,12,15,45,330,63,RUE SAINT- JEAN,,,Plein jour,En agglomération,Intersection en X,Normale,Deux véhicules - côté,,,,,,,,,,,1,2,2,1.0,3
201400024530,0014-09-12 19:10:00,14,9,12,19,10,330,281,"35, AVE DE VERDUN",,,Plein jour,En agglomération,Hors intersection,Normale,Deux véhicules - arrière,,,,,,,,,,,1,2,1,1.0,2
201400024531,0014-09-13 08:58:00,14,9,13,8,58,330,63,CRS DU MEDOC,,,Plein jour,En agglomération,Intersection en X,Normale,Deux véhicules - côté,,,,,,,,,,,1,2,2,1.0,3
201400024532,0014-09-13 09:47:00,14,9,13,9,47,330,192,"00, AVE DE L'HIPPODROME",,,Plein jour,En agglomération,Giratoire,Normale,Deux véhicules - frontale,,,,,,,,,,,1,2,6,1.0,1
201400024533,0014-09-13 11:30:00,14,9,13,11,30,330,63,RUE MOUNEYRA,,,Plein jour,En agglomération,Intersection en X,Normale,Deux véhicules - côté,,,,,,,,,,,1,2,2,1.0,3
201400024534,0014-09-12 16:15:00,14,9,12,16,15,330,318,RUE CHATEAUBRIAND,,,Plein jour,En agglomération,Intersection en T,Normale,Deux véhicules - côté,,,,,,,,,,,1,2,3,1.0,3
201400024535,0014-09-13 13:50:00,14,9,13,13,50,330,281,"5, AVE PRESIDENT J.F. KE",,,Plein jour,En agglomération,Intersection en T,Normale,Deux véhicules - frontale,,,,,,,,,,,1,2,3,1.0,1
201400024536,0014-09-13 17:45:00,14,9,13,17,45,330,318,AVE LEON BLUM,,,Plein jour,En agglomération,Giratoire,Normale,Deux véhicules - arrière,,,,,,,,,,,1,2,6,1.0,2
201400024537,0014-09-13 22:00:00,14,9,13,22,0,330,63,CRS DE L'YSER,,,Nuit avec éclairage allumé,En agglomération,Intersection en X,Normale,Deux véhicules - côté,,,,,,,,,,,5,2,2,1.0,3
201400024538,0014-09-13 22:20:00,14,9,13,22,20,330,318,RUE CHATEAUBRIAND,,,Nuit avec éclairage non allumé,En agglomération,Giratoire,Normale,Deux véhicules - côté,,,,,,,,,,,4,2,6,1.0,3
201400024539,0014-09-14 00:45:00,14,9,14,0,45,330,63,BD DU PDT FRANKLIN ROOSE,,,Nuit avec éclairage allumé,En agglomération,Intersection en Y,Normale,Deux véhicules - côté,,,,,,,,,,,5,2,4,1.0,3
201400024540,0014-09-15 02:10:00,14,9,15,2,10,330,63,BRETELLE D'ACCES QUAI DE,,,Nuit avec éclairage allumé,En agglomération,Hors intersection,Normale,Deux véhicules - arrière,,,,,,,,,,,5,2,1,1.0,2
201400024541,0014-09-15 18:10:00,14,9,15,18,10,330,281,AVE FRANCOIS MITTERRAND,,,Plein jour,Hors agglomération,Hors intersection,Normale,Deux véhicules - côté,,,,,,,,,,,1,1,1,1.0,3
201400024542,0014-09-15 18:50:00,14,9,15,18,50,330,63,BD ANTOINE GAUTIER,,,Plein jour,En agglomération,Intersection en T,Normale,Deux véhicules - côté,,,,,,,,,,,1,2,3,1.0,3
201400024543,0014-08-23 21:15:00,14,8,23,21,15,330,281,RUE PAUL DOUMER,,,Crépuscule ou aube,En agglomération,Intersection en T,Normale,Trois véhicules et plus - collisions multiples,,,,,,,,,,,2,2,3,1.0,5
201400024544,0014-09-16 09:00:00,14,9,16,9,0,330,522,"235, AVE DE THOUARS",,,Plein jour,En agglomération,Hors intersection,Normale,Deux véhicules - côté,,,,,,,,,,,1,2,1,1.0,3
201400024545,0014-09-16 10:30:00,14,9,16,10,30,330,63,CRS DE L'YSER,,,Plein jour,En agglomération,Intersection en T,Normale,Autre collision,,,,,,,,,,,1,2,3,1.0,6
201400024546,0014-09-16 18:15:00,14,9,16,18,15,330,63,LARMINAT (RUE GENERAL DE,,,Plein jour,En agglomération,Intersection en X,Normale,Deux véhicules - côté,,,,,,,,,,,1,2,2,1.0,3
201400024547,0014-09-16 17:45:00,14,9,16,17,45,330,281,"119, AVE HENRI VIGNEAU",,,Plein jour,En agglomération,Hors intersection,Normale,Deux véhicules - côté,,,,,,,,,,,1,2,1,1.0,3
201400024548,0014-09-17 09:00:00,14,9,17,9,0,330,63,AVE DU MAL DE LATTRE DE,,,Plein jour,Hors agglomération,Intersection en T,Normale,Deux véhicules - côté,,,,,,,,,,,1,1,3,1.0,3
201400024549,0014-09-17 22:20:00,14,9,17,22,20,330,522,RUE DE LA VIEILLE TOUR,,,Nuit avec éclairage allumé,En agglomération,Intersection en T,Normale,Deux véhicules - frontale,,,,,,,,,,,5,2,3,1.0,1
201400024550,0014-09-18 07:58:00,14,9,18,7,58,330,63,"15, ALBERT 1ER (BD )",,,Plein jour,En agglomération,Intersection en Y,Normale,Sans collision,,,,,,,,,,,1,2,4,1.0,7
201400024551,0014-09-18 08:15:00,14,9,18,8,15,330,192,"62, CRS DU GENERAL DE GA",,,Plein jour,En agglomération,Hors intersection,Normale,Deux véhicules - côté,,,,,,,,,,,1,2,1,1.0,3
201400024552,0014-09-18 09:15:00,14,9,18,9,15,330,63,"89, RUE MALBEC",,,Plein jour,En agglomération,Intersection en T,Normale,Autre collision,,,,,,,,,,,1,2,3,1.0,6
201400024553,0014-09-18 10:50:00,14,9,18,10,50,330,63,"51, CRS GEORGES CLEMENCE",,,Plein jour,En agglomération,Hors intersection,Normale,Deux véhicules - frontale,,,,,,,,,,,1,2,1,1.0,1
201400024554,0014-09-18 14:10:00,14,9,18,14,10,330,63,"195, MARNE (CRS DE LA)",,,Plein jour,En agglomération,Giratoire,Normale,Sans collision,,,,,,,,,,,1,2,6,1.0,7
201400024555,0014-09-18 17:20:00,14,9,18,17,20,330,13,"41, AVE DE L' ILE DE FRA",,,Plein jour,En agglomération,Hors intersection,Pluie légère,Deux véhicules - côté,,,,,,,,,,,1,2,1,2.0,3
201400024556,0014-09-19 08:30:00,14,9,19,8,30,330,200,RUE BERNARD DE GIRARD,,,Plein jour,En agglomération,Intersection en X,Normale,Deux véhicules - côté,,,,,,,,,,,1,2,2,1.0,3
201400024557,0014-09-19 09:55:00,14,9,19,9,55,330,63,RUE DE CAUDERES,,,Plein jour,En agglomération,Intersection en T,Normale,Deux véhicules - arrière,,,,,,,,,,,1,2,3,1.0,2
201400024558,0014-09-19 16:50:00,14,9,19,16,50,330,281,AVE DE LA LIBERATION,,,Plein jour,En agglomération,Giratoire,Normale,Autre collision,,,,,,,,,,,1,2,6,1.0,6
201400024559,0014-09-19 22:40:00,14,9,19,22,40,330,63,BD DU PRESIDENT WILSON,,,Nuit avec éclairage allumé,En agglomération,Intersection en X,Normale,Deux véhicules - côté,,,,,,,,,,,5,2,2,1.0,3
201400024560,0014-09-20 00:55:00,14,9,20,0,55,330,63,"108, BD MARECHAL LECLERC",,,Nuit avec éclairage allumé,En agglomération,Intersection en X,Normale,Sans collision,,,,,,,,,,,5,2,2,1.0,7
201400024561,0014-09-21 10:50:00,14,9,21,10,50,330,63,QUAI DESCHAMPS,,,Plein jour,En agglomération,Intersection en T,Normale,Deux véhicules - frontale,,,,,,,,,,,1,2,3,1.0,1
201400024562,0014-09-21 17:20:00,14,9,21,17,20,330,281,RUE DE L'EMAILLERIE,,,Plein jour,En agglomération,Intersection en T,Normale,Deux véhicules - côté,,,,,,,,,,,1,2,3,1.0,3
201400024563,0014-09-15 14:30:00,14,9,15,14,30,330,119,"0, AVE RENE CASSAGNE",,,Plein jour,En agglomération,Intersection en X,Normale,Deux véhicules - frontale,,,,,,,,,,,1,2,2,1.0,1
201400024564,0014-09-22 14:00:00,14,9,22,14,0,330,63,RDPT DOCTEUR ETIENNE GIN,,,Plein jour,En agglomération,Giratoire,Normale,Deux véhicules - côté,,,,,,,,,,,1,2,6,1.0,3
201400024565,0014-09-22 16:50:00,14,9,22,16,50,330,75,ALL DE BOUTAUT,,,Plein jour,En agglomération,Intersection en T,Normale,Deux véhicules - arrière,,,,,,,,,,,1,2,3,1.0,2
201400024566,0014-09-22 19:00:00,14,9,22,19,0,330,522,RUE DE SUZON,,,Plein jour,En agglomération,Intersection en X,Normale,Autre collision,,,,,,,,,,,1,2,2,1.0,6
201400024567,0014-09-20 23:15:00,14,9,20,23,15,330,63,BD DU PDT FRANKLIN ROOSE,,,Nuit avec éclairage allumé,En agglomération,Giratoire,Normale,Deux véhicules - côté,,,,,,,,,,,5,2,6,1.0,3
201400024568,0014-09-23 07:30:00,14,9,23,7,30,330,63,CRS DE L'ARGONNE,,,Plein jour,En agglomération,Intersection en X,Normale,Deux véhicules - côté,,,,,,,,,,,1,2,2,1.0,3
201400024569,0014-09-23 09:00:00,14,9,23,9,0,330,63,PLACE RAVEZIES,,,Plein jour,En agglomération,Giratoire,Normale,Deux véhicules - côté,,,,,,,,,,,1,2,6,1.0,3
201400024570,0014-09-23 09:11:00,14,9,23,9,11,330,63,AVE DE LA JALLERE,,,Plein jour,En agglomération,Intersection en T,Normale,Deux véhicules - arrière,,,,,,,,,,,1,2,3,1.0,2
201400024571,0014-09-23 16:30:00,14,9,23,16,30,330,63,"28, RUE LE CHAPELIER",,,Plein jour,En agglomération,Intersection à plus de 4 branches,Normale,Deux véhicules - côté,,,,,,,,,,,1,2,5,1.0,3
201400024572,0014-09-23 16:50:00,14,9,23,16,50,330,167,"30, AVE HUBERT DUBEDOUT",,,Plein jour,En agglomération,Intersection en T,Normale,Autre collision,,,,,,,,,,,1,2,3,1.0,6
201400024573,0014-09-23 17:10:00,14,9,23,17,10,330,162,"50, AVE DE SAINT-MEDARD",,,Plein jour,En agglomération,Hors intersection,Normale,Autre collision,,,,,,,,,,,1,2,1,1.0,6
201400024574,0014-09-23 18:40:00,14,9,23,18,40,330,249,RUE JOACHIM DU BELLAY,,,Plein jour,En agglomération,Intersection en T,Normale,Deux véhicules - côté,,,,,,,,,,,1,2,3,1.0,3
201400024575,0014-09-23 23:00:00,14,9,23,23,0,330,281,"179, AVE DE LA LIBERATIO",,,Nuit avec éclairage allumé,En agglomération,Hors intersection,Normale,Autre collision,,,,,,,,,,,5,2,1,1.0,6
201400024576,0014-09-24 00:30:00,14,9,24,0,30,330,119,AVE JEAN JAURES,,,Nuit avec éclairage allumé,En agglomération,Intersection en X,Normale,Deux véhicules - arrière,,,,,,,,,,,5,2,2,1.0,2
201400024577,0014-09-23 14:50:00,14,9,23,14,50,330,318,AVE DE SAIGE,,,Plein jour,En agglomération,Hors intersection,Normale,Deux véhicules - côté,,,,,,,,,,,1,2,1,1.0,3
201400024578,0014-09-24 10:00:00,14,9,24,10,0,330,63,RUE JEAN SAMAZEUILH,,,Plein jour,En agglomération,Hors intersection,Normale,Deux véhicules - arrière,,,,,,,,,,,1,2,1,1.0,2
201400024579,0014-09-24 13:15:00,14,9,24,13,15,330,318,AVE DU PRESIDENT JF KENN,,,Plein jour,En agglomération,Intersection en X,Normale,Deux véhicules - côté,,,,,,,,,,,1,2,2,1.0,3
201400024580,0014-09-24 13:10:00,14,9,24,13,10,330,63,BD PIERRE 1ER,,,Plein jour,En agglomération,Intersection en T,Normale,Deux véhicules - côté,,,,,,,,,,,1,2,3,1.0,3
201400024581,0014-09-24 16:10:00,14,9,24,16,10,330,318,RUE MARC CHAGALL,,,Plein jour,En agglomération,Intersection en T,Normale,Autre collision,,,,,,,,,,,1,2,3,1.0,6
201400024582,0014-09-24 14:40:00,14,9,24,14,40,330,63,CRS BALGUERIE STUTTENBER,,,Plein jour,En agglomération,Intersection en X,Normale,Deux véhicules - côté,,,,,,,,,,,1,2,2,1.0,3
201400024583,0014-09-24 18:35:00,14,9,24,18,35,330,63,"137, RUE FONDAUDEGE",,,Plein jour,En agglomération,Hors intersection,Normale,Deux véhicules - côté,,,,,,,,,,,1,2,1,1.0,3
201400024584,0014-09-23 16:00:00,14,9,23,16,0,330,63,RTE DE TOULOUSE,,,Plein jour,En agglomération,Intersection en X,Normale,Autre collision,,,,,,,,,,,1,2,2,1.0,6
201400024585,0014-09-25 10:10:00,14,9,25,10,10,330,281,RUE THIERRY SABINE,,,Plein jour,En agglomération,Intersection en T,Normale,Deux véhicules - frontale,,,,,,,,,,,1,2,3,1.0,1
201400024586,0014-09-25 17:05:00,14,9,25,17,5,330,318,"28, AVE GUSTAVE EIFFEL",,,Plein jour,En agglomération,Intersection en T,Normale,Deux véhicules - côté,,,,,,,,,,,1,2,3,1.0,3
201400024587,0014-09-26 03:40:00,14,9,26,3,40,330,63,CRS DE L'YSER,,,Nuit avec éclairage allumé,En agglomération,Intersection en X,Normale,Deux véhicules - côté,,,,,,,,,,,5,2,2,1.0,3
201400024588,0014-09-26 07:30:00,14,9,26,7,30,330,522,"41, RUE PACARIS",,,Crépuscule ou aube,En agglomération,Hors intersection,Normale,Trois véhicules et plus - collisions multiples,,,,,,,,,,,2,2,1,1.0,5
201400024589,0014-09-26 14:39:00,14,9,26,14,39,330,281,AVE MARCEL DASSAULT,,,Plein jour,En agglomération,Hors intersection,Normale,Trois véhicules et plus - collisions multiples,,,,,,,,,,,1,2,1,1.0,5
201400024590,0014-09-26 18:38:00,14,9,26,18,38,330,63,"10, RUE DES PILIERS DE T",,,Plein jour,En agglomération,Hors intersection,Normale,Autre collision,,,,,,,,,,,1,2,1,1.0,6
201400024591,0014-09-26 16:10:00,14,9,26,16,10,330,63,RUE JOSEPH AUBE,,,Plein jour,En agglomération,Intersection en X,Normale,Deux véhicules - côté,,,,,,,,,,,1,2,2,1.0,3
201400024592,0014-09-26 17:20:00,14,9,26,17,20,330,162,"186, RUE DE GASTEBOY",,,Plein jour,En agglomération,Intersection en T,Normale,Deux véhicules - côté,,,,,,,,,,,1,2,3,1.0,3
201400024593,0014-09-26 17:50:00,14,9,26,17,50,330,318,AVE DU GENERAL LECLERC,,,Plein jour,En agglomération,Giratoire,Normale,Deux véhicules - côté,,,,,,,,,,,1,2,6,1.0,3
201400024594,0014-09-26 19:15:00,14,9,26,19,15,330,13,RN 89,,,Plein jour,En agglomération,Hors intersection,Normale,Deux véhicules - arrière,,,,,,,,,,,1,2,1,1.0,2
201400024595,0014-09-26 08:55:00,14,9,26,8,55,330,63,"84, BD MARECHAL LECLERC",,,Crépuscule ou aube,En agglomération,Hors intersection,Normale,Deux véhicules - côté,,,,,,,,,,,2,2,1,1.0,3
201400024596,0014-09-27 00:55:00,14,9,27,0,55,330,281,RUE MARCEL ISSARTIER,,,Nuit avec éclairage allumé,En agglomération,Giratoire,Normale,Sans collision,,,,,,,,,,,5,2,6,1.0,7
201400024597,0014-09-26 19:35:00,14,9,26,19,35,330,318,"8, RUE ANDRE PUJOL",,,Crépuscule ou aube,En agglomération,Hors intersection,Normale,Autre collision,,,,,,,,,,,2,2,1,1.0,6
201400024598,0014-09-27 14:30:00,14,9,27,14,30,330,39,RUE DE BEGLES,,,Plein jour,En agglomération,Intersection en Y,Normale,Deux véhicules - côté,,,,,,,,,,,1,2,4,1.0,3
201400024599,0014-09-29 08:00:00,14,9,29,8,0,330,63,ALBERT 1ER (BD ),,,Plein jour,En agglomération,Intersection en X,Normale,Autre collision,,,,,,,,,,,1,2,2,1.0,6
201400024600,0014-09-29 13:30:00,14,9,29,13,30,330,75,"36, RUE ANDRE MESSAGER",,,Plein jour,En agglomération,Giratoire,Normale,Deux véhicules - arrière,,,,,,,,,,,1,2,6,1.0,2
201400024601,0014-09-29 16:40:00,14,9,29,16,40,330,281,"117 bis, AVE DE MAGUDAS",,,Plein jour,En agglomération,Hors intersection,Normale,Deux véhicules - frontale,,,,,,,,,,,1,2,1,1.0,1
201400024602,0014-09-29 18:50:00,14,9,29,18,50,330,63,"103, AVE DU GENERAL LECL",,,Plein jour,En agglomération,Hors intersection,Normale,Trois véhicules et plus - collisions multiples,,,,,,,,,,,1,2,1,1.0,5
201400024603,0014-09-29 17:30:00,14,9,29,17,30,330,63,PCE AMELIE RABA LEON,,,Plein jour,En agglomération,Passage à niveau,Normale,Deux véhicules - côté,,,,,,,,,,,1,2,8,1.0,3
201400024604,0014-09-30 07:50:00,14,9,30,7,50,330,63,RUE DE BETHMANN,,,Plein jour,En agglomération,Giratoire,Normale,Deux véhicules - côté,,,,,,,,,,,1,2,6,1.0,3
201400024605,0014-09-30 07:50:00,14,9,30,7,50,330,75,RTE DU MEDOC,,,Plein jour,En agglomération,Intersection en X,Normale,Deux véhicules - côté,,,,,,,,,,,1,2,2,1.0,3
201400024606,0014-09-30 09:20:00,14,9,30,9,20,330,281,SORTIE ROCADE N?11,,,Plein jour,En agglomération,Giratoire,Normale,Deux véhicules - côté,,,,,,,,,,,1,2,6,1.0,3
201400024607,0014-09-30 15:45:00,14,9,30,15,45,330,63,"5, RUE DE CURSOL",,,Plein jour,En agglomération,Hors intersection,Normale,Autre collision,,,,,,,,,,,1,2,1,1.0,6
201400024608,0014-09-30 18:00:00,14,9,30,18,0,330,281,"16, AVE PIERRE MENDES FR",,,Plein jour,En agglomération,Hors intersection,Normale,Sans collision,,,,,,,,,,,1,2,1,1.0,7
201400024609,0014-10-01 13:40:00,14,10,1,13,40,330,522,RUE LAFITTE,,,Plein jour,En agglomération,Intersection en X,Normale,Deux véhicules - côté,,,,,,,,,,,1,2,2,1.0,3
201400024610,0014-10-01 16:15:00,14,10,1,16,15,330,318,AVE DU MARECHAL JUIN,,,Plein jour,En agglomération,Intersection en T,Normale,Autre collision,,,,,,,,,,,1,2,3,1.0,6
201400024611,0014-10-01 17:25:00,14,10,1,17,25,330,63,"101, RUE DOCTEUR ALBERT",,,Plein jour,En agglomération,Intersection en X,Normale,Deux véhicules - arrière,,,,,,,,,,,1,2,2,1.0,2
201400024612,0014-10-01 16:25:00,14,10,1,16,25,330,63,RUE FRANCIS JAMMES,,,Plein jour,En agglomération,Giratoire,Normale,Deux véhicules - côté,,,,,,,,,,,1,2,6,1.0,3
201400024613,0014-10-01 20:30:00,14,10,1,20,30,330,281,AVE DE MAGUDAS,,,Nuit avec éclairage allumé,En agglomération,Hors intersection,Normale,Deux véhicules - côté,,,,,,,,,,,5,2,1,1.0,3
201400024614,0014-10-01 22:00:00,14,10,1,22,0,330,63,"38, RUE CHARLES DOMERCQ",,,Nuit avec éclairage allumé,En agglomération,Hors intersection,Normale,Sans collision,,,,,,,,,,,5,2,1,1.0,7
201400024615,0014-09-27 08:50:00,14,9,27,8,50,330,522,CRS GAMBETTA,,,Plein jour,En agglomération,Intersection en X,Normale,Deux véhicules - côté,,,,,,,,,,,1,2,2,1.0,3
201400024616,0014-10-02 07:45:00,14,10,2,7,45,330,63,CRS D'ALBRET,,,Plein jour,En agglomération,Intersection en X,Normale,Deux véhicules - côté,,,,,,,,,,,1,2,2,1.0,3
201400024617,0014-10-02 16:00:00,14,10,2,16,0,330,63,CRS DE VERDUN,,,Plein jour,En agglomération,Intersection en Y,Normale,Autre collision,,,,,,,,,,,1,2,4,1.0,6
201400024618,0014-10-02 13:15:00,14,10,2,13,15,330,318,AVE PEY BERLAND,,,Plein jour,En agglomération,Intersection en X,Normale,Deux véhicules - côté,,,,,,,,,,,1,2,2,1.0,3
201400024619,0014-10-02 17:10:00,14,10,2,17,10,330,550,AVE DU MARECHAL LECLERC,,,Plein jour,En agglomération,Giratoire,Normale,Deux véhicules - côté,,,,,,,,,,,1,2,6,1.0,3