accident_id,datetime,annee,mois,jour,heure,minute,departement,commune_insee,adresse,latitude,longitude,luminosite,agglomeration,intersection,meteo,collision,nb_vehicules,nb_usagers,nb_indemnes,nb_tues,nb_blesses_hosp,nb_blesses_legers,age_cond_1,age_cond_2,veh_type_cond_1,veh_type_cond_2,lum_code,agg_code,int_code,atm_code,col_code
201400024752,0014-11-06 01:30:00,14,11,6,1,30,330,63,PCE AMEDEE LARRIEU,,,Nuit avec éclairage allumé,En agglomération,Intersection en X,Normale,Deux véhicules - côté,,,,,,,,,,,5,2,2,1.0,3
201400024753,0014-11-06 02:45:00,14,11,6,2,45,330,318,"56, AVE ROGER COHE",,,Nuit avec éclairage allumé,En agglomération,Hors intersection,Normale,Autre collision,,,,,,,,,,,5,2,1,1.0,6
201400024754,0014-11-06 09:30:00,14,11,6,9,30,330,75,AVE DU LAC,,,Plein jour,En agglomération,Intersection en X,Normale,Autre collision,,,,,,,,,,,1,2,2,1.0,6
201400024755,0014-11-06 10:15:00,14,11,6,10,15,330,63,"14, CRS DE L'YSER",,,Plein jour,En agglomération,Intersection en T,Normale,Deux véhicules - côté,,,,,,,,,,,1,2,3,1.0,3
201400024756,0014-11-06 18:25:00,14,11,6,18,25,330,200,AVE DE MAGUDAS,,,Nuit avec éclairage allumé,En agglomération,Intersection en T,Normale,Trois véhicules et plus - collisions multiples,,,,,,,,,,,5,2,3,1.0,5
201400024757,0014-11-06 17:00:00,14,11,6,17,0,330,65,AVE DE LA BELLE ETOILE,,,Plein jour,En agglomération,Intersection en T,Normale,Deux véhicules - côté,,,,,,,,,,,1,2,3,1.0,3
201400024758,0014-11-07 08:05:00,14,11,7,8,5,330,39,GAMBETTA (RUE LEON),,,Plein jour,En agglomération,Giratoire,Pluie légère,Autre collision,,,,,,,,,,,1,2,6,2.0,6
201400024759,0014-11-05 19:23:00,14,11,5,19,23,330,522,"96, CRS GAMBETTA",,,Nuit avec éclairage allumé,En agglomération,Intersection en T,Pluie légère,Deux véhicules - côté,,,,,,,,,,,5,2,3,2.0,3
201400024760,0014-11-07 08:25:00,14,11,7,8,25,330,522,RUE CALIXTE CAMELLE,,,Plein jour,En agglomération,Intersection en X,Normale,Deux véhicules - côté,,,,,,,,,,,1,2,2,1.0,3
201400024761,0014-11-07 16:40:00,14,11,7,16,40,330,75,AVE J. CHABAN DELMAS,,,Plein jour,En agglomération,Hors intersection,Normale,Deux véhicules - frontale,,,,,,,,,,,1,2,1,1.0,1
201400024762,0014-11-08 07:25:00,14,11,8,7,25,330,63,ALL DU BOIS,,,Crépuscule ou aube,En agglomération,Giratoire,Normale,Autre collision,,,,,,,,,,,2,2,6,1.0,6
201400024763,0014-11-07 18:30:00,14,11,7,18,30,330,192,RTE DE PESSAC,,,Nuit avec éclairage allumé,En agglomération,Intersection en T,Normale,Deux véhicules - côté,,,,,,,,,,,5,2,3,1.0,3
201400024764,0014-11-07 18:55:00,14,11,7,18,55,330,522,AVE DE THOUARS,,,Nuit avec éclairage allumé,En agglomération,Intersection en T,Normale,Deux véhicules - arrière,,,,,,,,,,,5,2,3,1.0,2
201400024765,0014-11-09 00:10:00,14,11,9,0,10,330,550,"31, CHEM DU PAS DE LA CO",,,Nuit avec éclairage allumé,En agglomération,Hors intersection,Pluie légère,Deux véhicules - frontale,,,,,,,,,,,5,2,1,2.0,1
201400024766,0014-11-10 09:40:00,14,11,10,9,40,330,550,"50-60, AVE DES PYRENEES",,,Plein jour,En agglomération,Giratoire,Normale,Autre collision,,,,,,,,,,,1,2,6,1.0,6
201400024767,0014-11-04 19:15:00,14,11,4,19,15,330,13,RTE DEPARTEMENTALE N?936,,,Nuit avec éclairage non allumé,En agglomération,Hors intersection,Pluie légère,Deux véhicules - côté,,,,,,,,,,,4,2,1,2.0,3
201400024768,0014-11-06 11:20:00,14,11,6,11,20,330,63,BD GODARD,,,Plein jour,En agglomération,Intersection en T,Normale,Deux véhicules - côté,,,,,,,,,,,1,2,3,1.0,3
201400024769,0014-11-10 15:10:00,14,11,10,15,10,330,63,RUE CLAUDE BONNIER,,,Plein jour,En agglomération,Intersection en X,Normale,Deux véhicules - côté,,,,,,,,,,,1,2,2,1.0,3
201400024770,0014-11-10 16:45:00,14,11,10,16,45,330,69,AVE D'EYSINES,,,Plein jour,En agglomération,Intersection en Y,Normale,Deux véhicules - arrière,,,,,,,,,,,1,2,4,1.0,2
201400024771,0014-11-10 18:50:00,14,11,10,18,50,330,162,AVE DU MEDOC,,,Nuit avec éclairage allumé,En agglomération,Intersection en T,Normale,Deux véhicules - côté,,,,,,,,,,,5,2,3,1.0,3
201400024772,0014-11-10 17:50:00,14,11,10,17,50,330,281,GEORGES LATECOER (RUE),,,Plein jour,En agglomération,Intersection en X,Normale,Deux véhicules - côté,,,,,,,,,,,1,2,2,1.0,3
201400024773,0014-11-12 03:10:00,14,11,12,3,10,330,63,QUAI DE LA DOUANE,,,Nuit avec éclairage allumé,En agglomération,Hors intersection,Pluie forte,Autre collision,,,,,,,,,,,5,2,1,3.0,6
201400024774,0014-11-12 07:41:00,14,11,12,7,41,330,192,RUE DE LA CROIX DE MONJO,,,Crépuscule ou aube,En agglomération,Intersection en X,Pluie forte,Deux véhicules - côté,,,,,,,,,,,2,2,2,3.0,3
201400024775,0014-11-12 09:30:00,14,11,12,9,30,330,63,BD DU PRESIDENT WILSON,,,Plein jour,En agglomération,Intersection en X,Normale,Deux véhicules - arrière,,,,,,,,,,,1,2,2,1.0,2
201400024776,0014-11-12 16:40:00,14,11,12,16,40,330,550,RUE BLAISE CENDRARS,,,Plein jour,En agglomération,Intersection en T,Normale,Deux véhicules - côté,,,,,,,,,,,1,2,3,1.0,3
201400024777,0014-11-12 17:40:00,14,11,12,17,40,330,119,AVE DU PRESIDENT J.F. KE,,,Crépuscule ou aube,En agglomération,Hors intersection,Pluie légère,Trois véhicules et plus - collisions multiples,,,,,,,,,,,2,2,1,2.0,5
201400024778,0014-11-12 19:10:00,14,11,12,19,10,330,318,AVE JEAN BABIN,,,Nuit avec éclairage allumé,En agglomération,Hors intersection,Pluie légère,Deux véhicules - arrière,,,,,,,,,,,5,2,1,2.0,2
201400024779,0014-11-12 20:40:00,14,11,12,20,40,330,318,AVE PASTEUR,,,Nuit avec éclairage allumé,En agglomération,Intersection en X,Normale,Deux véhicules - côté,,,,,,,,,,,5,2,2,1.0,3
201400024780,0014-11-13 09:10:00,14,11,13,9,10,330,522,RUE ANDRE MESSAGER,,,Plein jour,En agglomération,Intersection en T,Normale,Deux véhicules - côté,,,,,,,,,,,1,2,3,1.0,3
201400024781,0014-11-13 09:30:00,14,11,13,9,30,330,119,AVE ROGER SCHWOB,,,Plein jour,En agglomération,Giratoire,Normale,Deux véhicules - arrière,,,,,,,,,,,1,2,6,1.0,2
201400024782,0014-11-13 08:10:00,14,11,13,8,10,330,162,RUE DU COLLEGE TECHNIQUE,,,Plein jour,En agglomération,Intersection en T,Normale,Deux véhicules - frontale,,,,,,,,,,,1,2,3,1.0,1
201400024783,0014-11-13 17:45:00,14,11,13,17,45,330,75,RTE DU MEDOC,,,Nuit avec éclairage allumé,En agglomération,Intersection en T,Normale,Deux véhicules - frontale,,,,,,,,,,,5,2,3,1.0,1
201400024784,0014-11-13 18:45:00,14,11,13,18,45,330,69,"27, RUE FRANCIS DE PRESS",,,Nuit avec éclairage allumé,En agglomération,Intersection en X,Normale,Deux véhicules - côté,,,,,,,,,,,5,2,2,1.0,3
201400024785,0014-11-13 20:30:00,14,11,13,20,30,330,63,RUE AMEDEE SAINT-GERMAIN,,,Nuit avec éclairage allumé,En agglomération,Intersection en T,Normale,Deux véhicules - côté,,,,,,,,,,,5,2,3,1.0,3
201400024786,0014-11-13 21:00:00,14,11,13,21,0,330,522,CRS MARECHAL GALLIENI,,,Nuit avec éclairage allumé,En agglomération,Intersection en T,Normale,Autre collision,,,,,,,,,,,5,2,3,1.0,6
201400024787,0014-11-13 09:10:00,14,11,13,9,10,330,281,"27, RUE FRANCOIS ARAGO",,,Plein jour,En agglomération,Intersection en X,Pluie légère,Deux véhicules - arrière,,,,,,,,,,,1,2,2,2.0,2
201400024788,0014-11-13 12:00:00,14,11,13,12,0,330,281,RUE DU JARD,,,Plein jour,En agglomération,Intersection en T,Normale,Trois véhicules et plus - en chaîne,,,,,,,,,,,1,2,3,1.0,4
201400024789,0014-11-12 17:40:00,14,11,12,17,40,330,63,RUE DELBOS,,,Nuit avec éclairage allumé,En agglomération,Intersection en X,Pluie légère,Deux véhicules - côté,,,,,,,,,,,5,2,2,2.0,3
201400024790,0014-11-13 19:00:00,14,11,13,19,0,330,522,RUE PEYDAVANT,,,Nuit avec éclairage allumé,En agglomération,Intersection en X,Normale,Deux véhicules - côté,,,,,,,,,,,5,2,2,1.0,3
201400024791,0014-11-14 14:00:00,14,11,14,14,0,330,522,CRS DE LA LIBERATION,,,Plein jour,En agglomération,Intersection en T,Normale,Deux véhicules - côté,,,,,,,,,,,1,2,3,1.0,3
201400024792,0014-11-14 18:00:00,14,11,14,18,0,330,63,"9, PCE MARTYRS DE LA RES",,,Crépuscule ou aube,En agglomération,Hors intersection,Normale,Autre collision,,,,,,,,,,,2,2,1,1.0,6
201400024793,0014-11-14 18:40:00,14,11,14,18,40,330,281,AVE PIERRE MENDES FRANCE,,,Nuit avec éclairage allumé,En agglomération,Intersection en X,Pluie légère,Deux véhicules - côté,,,,,,,,,,,5,2,2,2.0,3
201400024794,0014-11-14 21:00:00,14,11,14,21,0,330,550,AVE DU MARECHAL JUIN,,,Nuit avec éclairage allumé,En agglomération,Intersection en X,Brouillard / fumée,Autre collision,,,,,,,,,,,5,2,2,5.0,6
201400024795,0014-11-15 01:56:00,14,11,15,1,56,330,63,"39, RTE DE TOULOUSE",,,Nuit avec éclairage allumé,En agglomération,Intersection en T,Normale,Deux véhicules - côté,,,,,,,,,,,5,2,3,1.0,3
201400024796,0014-11-15 16:04:00,14,11,15,16,4,330,522,AVE MARECHAL LECLERC,,,Plein jour,En agglomération,Giratoire,Pluie forte,Deux véhicules - côté,,,,,,,,,,,1,2,6,3.0,3
201400024797,0014-11-15 21:03:00,14,11,15,21,3,330,522,"750, CRS DE LA LIBERATIO",,,Nuit avec éclairage allumé,En agglomération,Hors intersection,Pluie forte,Deux véhicules - arrière,,,,,,,,,,,5,2,1,3.0,2
201400024798,0014-11-15 12:15:00,14,11,15,12,15,330,281,AVE DE FONCASTEL,,,Plein jour,En agglomération,Intersection en X,Pluie légère,Deux véhicules - côté,,,,,,,,,,,1,2,2,2.0,3
201400024799,0014-11-16 04:25:00,14,11,16,4,25,330,63,RUE LEYTEIRE,,,Nuit avec éclairage allumé,En agglomération,Intersection en X,Pluie forte,Autre collision,,,,,,,,,,,5,2,2,3.0,6
201400024800,0014-11-17 00:02:00,14,11,17,0,2,330,162,"246, AVE DE SAINT MEDARD",,,Nuit avec éclairage allumé,En agglomération,Hors intersection,Pluie légère,Sans collision,,,,,,,,,,,5,2,1,2.0,7
201400024801,0014-11-14 12:30:00,14,11,14,12,30,330,63,ALBERT 1ER (BD ),,,Plein jour,En agglomération,Intersection en X,Temps couvert,Autre collision,,,,,,,,,,,1,2,2,8.0,6
201400024802,0014-11-17 09:45:00,14,11,17,9,45,330,281,"89, AVE DE LA LIBERATION",,,Plein jour,En agglomération,Hors intersection,Pluie légère,Deux véhicules - arrière,,,,,,,,,,,1,2,1,2.0,2
201400024803,0014-11-17 15:10:00,14,11,17,15,10,330,63,"21, RUE SUFFREN",,,Plein jour,En agglomération,Hors intersection,Normale,Deux véhicules - arrière,,,,,,,,,,,1,2,1,1.0,2
201400024804,0014-11-13 07:35:00,14,11,13,7,35,330,522,RES PACARIS,,,Nuit avec éclairage allumé,En agglomération,Intersection en X,Normale,Autre collision,,,,,,,,,,,5,2,2,1.0,6
201400024805,0014-11-14 12:10:00,14,11,14,12,10,330,522,RUE ROBESPIERRE,,,Plein jour,En agglomération,Intersection en T,Temps couvert,Deux véhicules - côté,,,,,,,,,,,1,2,3,8.0,3
201400024806,0014-11-14 07:35:00,14,11,14,7,35,330,192,RTE DE CANEJAN,,,Nuit avec éclairage allumé,En agglomération,Giratoire,Pluie forte,Deux véhicules - côté,,,,,,,,,,,5,2,6,3.0,3
201400024807,0014-11-18 15:20:00,14,11,18,15,20,330,63,"60, CRS DE LA SOMME",,,Plein jour,En agglomération,Intersection en T,Normale,Autre collision,,,,,,,,,,,1,2,3,1.0,6
201400024808,0014-11-18 17:00:00,14,11,18,17,0,330,162,AVE DU TAILLAN MEDOC,,,Plein jour,En agglomération,Intersection en X,Normale,Deux véhicules - côté,,,,,,,,,,,1,2,2,1.0,3
201400024809,0014-11-18 17:30:00,14,11,18,17,30,330,63,BD PIERRE 1ER,,,Crépuscule ou aube,En agglomération,Intersection en X,Normale,Deux véhicules - arrière,,,,,,,,,,,2,2,2,1.0,2
201400024810,0014-11-18 18:00:00,14,11,18,18,0,330,63,CRS DE L'YSER,,,Plein jour,En agglomération,Intersection en X,Normale,Trois véhicules et plus - en chaîne,,,,,,,,,,,1,2,2,1.0,4
201400024811,0014-11-18 21:35:00,14,11,18,21,35,330,63,RUE FERNAND AUDEGUIL,,,Nuit avec éclairage allumé,En agglomération,Intersection en Y,Normale,Deux véhicules - côté,,,,,,,,,,,5,2,4,1.0,3
201400024812,0014-11-18 19:20:00,14,11,18,19,20,330,522,"120, RUE PEYDAVANT",,,Nuit avec éclairage allumé,En agglomération,Hors intersection,Normale,Deux véhicules - côté,,,,,,,,,,,5,2,1,1.0,3
201400024813,0014-11-19 17:55:00,14,11,19,17,55,330,63,FAURE (RUE LUCIEN),,,Nuit avec éclairage allumé,En agglomération,Intersection en T,Normale,Autre collision,,,,,,,,,,,5,2,3,1.0,6
201400024814,0014-11-19 19:15:00,14,11,19,19,15,330,192,AVE DE L'HIPPODROME,,,Nuit avec éclairage allumé,En agglomération,Intersection en X,Normale,Deux véhicules - côté,,,,,,,,,,,5,2,2,1.0,3
201400024815,0014-11-19 20:00:00,14,11,19,20,0,330,63,"173, CRS DE L'YSER",,,Nuit avec éclairage allumé,En agglomération,Hors intersection,Normale,Deux véhicules - côté,,,,,,,,,,,5,2,1,1.0,3
201400024816,0014-11-18 19:10:00,14,11,18,19,10,330,162,"40, AVE DE PICOT",,,Nuit avec éclairage allumé,En agglomération,Hors intersection,Normale,Autre collision,,,,,,,,,,,5,2,1,1.0,6
201400024817,0014-11-19 12:10:00,14,11,19,12,10,330,69,"208, AVE DE LA LIBERATIO",,,Plein jour,En agglomération,Hors intersection,Normale,Autre collision,,,,,,,,,,,1,2,1,1.0,6
201400024818,0014-11-19 09:50:00,14,11,19,9,50,330,69,RUE DU PRESIDENT KENNEDY,,,Plein jour,En agglomération,Intersection en X,Normale,Autre collision,,,,,,,,,,,1,2,2,1.0,6
201400024819,0014-11-20 08:15:00,14,11,20,8,15,330,318,"168, AVE PASTEUR",,,Plein jour,En agglomération,Hors intersection,Normale,Autre collision,,,,,,,,,,,1,2,1,1.0,6
201400024820,0014-11-20 12:35:00,14,11,20,12,35,330,550,CHEM GASTON,,,Plein jour,En agglomération,Hors intersection,Normale,Autre collision,,,,,,,,,,,1,2,1,1.0,6
201400024821,0014-11-20 16:50:00,14,11,20,16,50,330,281,AVE DE L'ARGONNE,,,Crépuscule ou aube,Hors agglomération,Intersection en T,Normale,Deux véhicules - frontale,,,,,,,,,,,2,1,3,1.0,1
201400024822,0014-11-20 18:50:00,14,11,20,18,50,330,162,D. 1215,,,Nuit sans éclairage public,En agglomération,Hors intersection,Normale,Trois véhicules et plus - collisions multiples,,,,,,,,,,,3,2,1,1.0,5
201400024823,0014-11-21 07:35:00,14,11,21,7,35,330,13,ROUTE NATIONALE 89,,,Crépuscule ou aube,Hors agglomération,Hors intersection,Normale,Deux véhicules - arrière,,,,,,,,,,,2,1,1,1.0,2
201400024824,0014-11-20 19:30:00,14,11,20,19,30,330,522,CRS GAMBETTA,,,Nuit avec éclairage allumé,En agglomération,Giratoire,Normale,Deux véhicules - côté,,,,,,,,,,,5,2,6,1.0,3
201400024825,0014-11-21 11:25:00,14,11,21,11,25,330,63,CRS VICTOR HUGO,,,Plein jour,En agglomération,Intersection en X,Normale,Autre collision,,,,,,,,,,,1,2,2,1.0,6
201400024826,0014-11-21 18:10:00,14,11,21,18,10,330,162,RUE DU MEDOC,,,Nuit avec éclairage allumé,En agglomération,Intersection en X,Normale,Deux véhicules - côté,,,,,,,,,,,5,2,2,1.0,3
201400024827,0014-11-21 18:42:00,14,11,21,18,42,330,63,PCE BIR HAKEIM,,,Nuit avec éclairage allumé,En agglomération,Intersection en T,Normale,Deux véhicules - côté,,,,,,,,,,,5,2,3,1.0,3
201400024828,0014-11-22 10:15:00,14,11,22,10,15,330,63,BD MARECHAL LECLERC,,,Plein jour,En agglomération,Giratoire,Normale,Deux véhicules - côté,,,,,,,,,,,1,2,6,1.0,3
201400024829,0014-11-21 19:30:00,14,11,21,19,30,330,162,PCE ROUILLAOU,,,Nuit avec éclairage allumé,En agglomération,Intersection en T,Normale,Deux véhicules - frontale,,,,,,,,,,,5,2,3,1.0,1
201400024830,0014-11-22 16:20:00,14,11,22,16,20,330,281,RUE JACQUES ANQUETIL,,,Plein jour,En agglomération,Hors intersection,Normale,Deux véhicules - côté,,,,,,,,,,,1,2,1,1.0,3
201400024831,0014-11-22 20:20:00,14,11,22,20,20,330,550,AVE DES PYRENEES,,,Nuit avec éclairage allumé,En agglomération,Intersection en X,Normale,Deux véhicules - côté,,,,,,,,,,,5,2,2,1.0,3
201400024832,0014-11-23 19:20:00,14,11,23,19,20,330,63,BD JEAN JACQUES BOSC,,,Nuit avec éclairage allumé,En agglomération,Intersection en X,Normale,Deux véhicules - côté,,,,,,,,,,,5,2,2,1.0,3
201400024833,0014-11-24 08:16:00,14,11,24,8,16,330,550,RTE DE TOULOUSE,,,Crépuscule ou aube,En agglomération,Intersection en T,Pluie légère,Autre collision,,,,,,,,,,,2,2,3,2.0,6
201400024834,0014-11-19 11:30:00,14,11,19,11,30,330,63,AVE DES TROIS CARDINAUX,,,Plein jour,En agglomération,Hors intersection,Normale,Autre collision,,,,,,,,,,,1,2,1,1.0,6
201400024835,0014-11-25 01:05:00,14,11,25,1,5,330,167,RUE SALVADOR ALLENDE,,,Nuit avec éclairage allumé,En agglomération,Intersection en X,Normale,Deux véhicules - frontale,,,,,,,,,,,5,2,2,1.0,1
201400024836,0014-11-25 14:50:00,14,11,25,14,50,330,63,RUE DOC CHARLES NANCEL P,,,Plein jour,En agglomération,Intersection en X,Pluie légère,Deux véhicules - côté,,,,,,,,,,,1,2,2,2.0,3
201400024837,0014-11-25 22:30:00,14,11,25,22,30,330,63,RUE ESPRIT DES LOIS,,,Nuit avec éclairage allumé,En agglomération,Intersection en T,Temps couvert,Deux véhicules - côté,,,,,,,,,,,5,2,3,8.0,3
201400024838,0014-11-26 00:35:00,14,11,26,0,35,330,162,AVE RENE ANTOUNE,,,Nuit avec éclairage allumé,En agglomération,Hors intersection,Pluie légère,Autre collision,,,,,,,,,,,5,2,1,2.0,6
201400024839,0014-11-24 19:30:00,14,11,24,19,30,330,522,RUE PACARIS,,,Nuit avec éclairage allumé,En agglomération,Giratoire,Normale,Deux véhicules - côté,,,,,,,,,,,5,2,6,1.0,3
201400024840,0014-11-26 08:10:00,14,11,26,8,10,330,522,RUE PACARIS,,,Plein jour,En agglomération,Intersection en T,Normale,Deux véhicules - côté,,,,,,,,,,,1,2,3,1.0,3
201400024841,0014-11-26 08:00:00,14,11,26,8,0,330,63,"120, QUAI DE BACALAN",,,Plein jour,En agglomération,Hors intersection,Normale,Deux véhicules - arrière,,,,,,,,,,,1,2,1,1.0,2
201400024842,0014-11-26 17:15:00,14,11,26,17,15,330,162,RUE DU 19 MARS 1962,,,Crépuscule ou aube,En agglomération,Intersection en X,Pluie légère,Deux véhicules - côté,,,,,,,,,,,2,2,2,2.0,3
201400024843,0014-11-26 18:00:00,14,11,26,18,0,330,63,"99, RUE DE LA BENAUGE",,,Nuit avec éclairage allumé,En agglomération,Intersection en T,Pluie légère,Deux véhicules - frontale,,,,,,,,,,,5,2,3,2.0,1
201400024844,0014-11-26 20:45:00,14,11,26,20,45,330,63,QUAI DE BRIENNE,,,Nuit avec éclairage allumé,En agglomération,Hors intersection,Pluie légère,Sans collision,,,,,,,,,,,5,2,1,2.0,7
201400024845,0014-11-24 09:10:00,14,11,24,9,10,330,281,ALL PRESIDENT RENE COTY,,,Plein jour,En agglomération,Giratoire,Pluie légère,Deux véhicules - côté,,,,,,,,,,,1,2,6,2.0,3
201400024846,0014-11-27 16:50:00,14,11,27,16,50,330,63,"203, ALBERT 1ER (BD )",,,Plein jour,En agglomération,Hors intersection,Normale,Autre collision,,,,,,,,,,,1,2,1,1.0,6
201400024847,0014-11-28 18:00:00,14,11,28,18,0,330,281,"325, AVE DE VERDUN",,,Nuit avec éclairage allumé,En agglomération,Intersection en T,Normale,Autre collision,,,,,,,,,,,5,2,3,1.0,6
201400024848,0014-11-29 13:30:00,14,11,29,13,30,330,522,"746, CRS DE LA LIBERATIO",,,Plein jour,En agglomération,Hors intersection,Pluie légère,Deux véhicules - arrière,,,,,,,,,,,1,2,1,2.0,2
201400024849,0014-11-29 15:25:00,14,11,29,15,25,330,63,BD ALBERT 1ER,,,Plein jour,En agglomération,Intersection en Y,Pluie légère,Deux véhicules - arrière,,,,,,,,,,,1,2,4,2.0,2
201400024850,0014-11-30 03:05:00,14,11,30,3,5,330,63,"135, CRS VICTOR HUGO",,,Nuit avec éclairage allumé,En agglomération,Hors intersection,Pluie légère,Sans collision,,,,,,,,,,,5,2,1,2.0,7
201400024851,0014-12-01 08:10:00,14,12,1,8,10,330,69,RUE FORMIGE,,,Crépuscule ou aube,En agglomération,Giratoire,Normale,Deux véhicules - côté,,,,,,,,,,,2,2,6,1.0,3
201400024852,0014-12-02 16:10:00,14,12,2,16,10,330,281,AVE MONTESQUIEU,,,Plein jour,En agglomération,Intersection en X,Normale,Trois véhicules et plus - collisions multiples,,,,,,,,,,,1,2,2,1.0,5
201400024853,0014-12-02 17:50:00,14,12,2,17,50,330,69,AVE LEON BLUM,,,Plein jour,En agglomération,Intersection en X,Normale,Deux véhicules - côté,,,,,,,,,,,1,2,2,1.0,3
201400024854,0014-12-03 07:30:00,14,12,3,7,30,330,63,AVE DE LABARDE,,,Crépuscule ou aube,Hors agglomération,Intersection en T,Normale,Trois véhicules et plus - en chaîne,,,,,,,,,,,2,1,3,1.0,4
201400024855,0014-12-03 12:20:00,14,12,3,12,20,330,69,"293, AVE DE LA LIBERATIO",,,Plein jour,En agglomération,Hors intersection,Normale,Deux véhicules - côté,,,,,,,,,,,1,2,1,1.0,3
201400024856,0014-12-04 06:20:00,14,12,4,6,20,330,63,GALLIENI (CRS DU MARECHA,,,Nuit avec éclairage allumé,En agglomération,Intersection en X,Normale,Deux véhicules - côté,,,,,,,,,,,5,2,2,1.0,3
201400024857,0014-12-04 19:20:00,14,12,4,19,20,330,192,"42, CRS DU GENERAL DE GA",,,Nuit avec éclairage allumé,En agglomération,Hors intersection,Pluie légère,Deux véhicules - côté,,,,,,,,,,,5,2,1,2.0,3
201400024858,0014-12-04 23:15:00,14,12,4,23,15,330,281,AVE DE MAGUDAS,,,Nuit avec éclairage non allumé,En agglomération,Hors intersection,Normale,Sans collision,,,,,,,,,,,4,2,1,1.0,7
201400024859,0014-12-05 02:20:00,14,12,5,2,20,330,63,"25, RUE DOC CHARLES NANC",,,Nuit avec éclairage allumé,En agglomération,Intersection en T,Normale,Sans collision,,,,,,,,,,,5,2,3,1.0,7
201400024860,0014-12-04 20:25:00,14,12,4,20,25,330,63,"0, PCE DES QUINCONCES",,,Nuit avec éclairage allumé,En agglomération,Autre intersection,Normale,Autre collision,,,,,,,,,,,5,2,9,1.0,6
201400024861,0014-12-05 13:00:00,14,12,5,13,0,330,63,JUIN (CRS MARECHAL),,,Plein jour,En agglomération,Intersection en Y,Normale,Autre collision,,,,,,,,,,,1,2,4,1.0,6
201400024862,0014-12-07 02:00:00,14,12,7,2,0,330,162,AVE DE SAINT-MEDARD,,,Nuit avec éclairage allumé,En agglomération,Intersection en X,Normale,Deux véhicules - côté,,,,,,,,,,,5,2,2,1.0,3
201400024863,0014-12-06 20:40:00,14,12,6,20,40,330,63,PONT SAINT- JEAN,,,Nuit avec éclairage allumé,En agglomération,Hors intersection,Normale,Autre collision,,,,,,,,,,,5,2,1,1.0,6
201400024864,0014-12-07 23:20:00,14,12,7,23,20,330,63,CRS DE L'YSER,,,Nuit avec éclairage allumé,En agglomération,Intersection en X,Pluie légère,Autre collision,,,,,,,,,,,5,2,2,2.0,6
201400024865,0014-12-05 13:45:00,14,12,5,13,45,330,281,"46, ST MEDARD (AVE)",,,Plein jour,En agglomération,Intersection en T,Normale,Deux véhicules - côté,,,,,,,,,,,1,2,3,1.0,3
201400024866,0014-12-08 09:00:00,14,12,8,9,0,330,63,AVE CHARLES DE GAULLE CA,,,Plein jour,En agglomération,Giratoire,Normale,Deux véhicules - côté,,,,,,,,,,,1,2,6,1.0,3
201400024867,0014-12-08 15:30:00,14,12,8,15,30,330,281,AVE DE LA MARNE,,,Plein jour,En agglomération,Intersection en Y,Pluie légère,Deux véhicules - côté,,,,,,,,,,,1,2,4,2.0,3
201400024868,0014-12-08 18:30:00,14,12,8,18,30,330,167,AVE DE LA LIBERATION,,,Nuit avec éclairage allumé,En agglomération,Giratoire,Normale,Deux véhicules - côté,,,,,,,,,,,5,2,6,1.0,3
201400024869,0014-12-08 21:00:00,14,12,8,21,0,330,192,"59, RUE DU MOULINEAU",,,Nuit avec éclairage allumé,En agglomération,Hors intersection,Normale,Sans collision,,,,,,,,,,,5,2,1,1.0,7
201400024870,0014-12-09 07:45:00,14,12,9,7,45,330,63,RUE DOCTEUR FINLAY,,,Crépuscule ou aube,En agglomération,Hors intersection,Normale,Autre collision,,,,,,,,,,,2,2,1,1.0,6
201400024871,0014-12-09 17:35:00,14,12,9,17,35,330,69,AVE DE LA LIBERATION-CH.,,,Crépuscule ou aube,En agglomération,Hors intersection,Normale,Deux véhicules - côté,,,,,,,,,,,2,2,1,1.0,3
201400024872,0014-12-08 07:24:00,14,12,8,7,24,330,63,RUE STEHELIN CAUD,,,Crépuscule ou aube,En agglomération,Intersection en T,Normale,Autre collision,,,,,,,,,,,2,2,3,1.0,6
201400024873,0014-12-10 08:15:00,14,12,10,8,15,330,63,"156, AVE DE LABARDE",,,Crépuscule ou aube,En agglomération,Hors intersection,Normale,Trois véhicules et plus - en chaîne,,,,,,,,,,,2,2,1,1.0,4
201400024874,0014-12-10 10:15:00,14,12,10,10,15,330,63,RUE DES CORDELIERS,,,Plein jour,En agglomération,Giratoire,Pluie légère,Deux véhicules - côté,,,,,,,,,,,1,2,6,2.0,3
201400024875,0014-12-10 11:30:00,14,12,10,11,30,330,63,CITE SNCF/BD JEAN JACQUE,,,Plein jour,En agglomération,Intersection en T,Pluie légère,Autre collision,,,,,,,,,,,1,2,3,2.0,6
201400024876,0014-12-10 16:00:00,14,12,10,16,0,330,63,"14, MARSEILLE (RUE DE)",,,Plein jour,En agglomération,Intersection en T,Pluie légère,Deux véhicules - côté,,,,,,,,,,,1,2,3,2.0,3
201400024877,0014-12-10 18:20:00,14,12,10,18,20,330,281,"98, AVE BON AIR",,,Nuit avec éclairage allumé,En agglomération,Hors intersection,Pluie légère,Autre collision,,,,,,,,,,,5,2,1,2.0,6
201400024878,0014-12-11 02:45:00,14,12,11,2,45,330,63,"41, MARNE (CRS DE LA)",,,Nuit avec éclairage allumé,En agglomération,Hors intersection,Normale,Autre collision,,,,,,,,,,,5,2,1,1.0,6
201400024879,0014-12-11 04:45:00,14,12,11,4,45,330,63,"115, AVE D'ARES CAUD",,,Nuit avec éclairage allumé,En agglomération,Intersection en T,Pluie légère,Deux véhicules - côté,,,,,,,,,,,5,2,3,2.0,3