accident_id,datetime,annee,mois,jour,heure,minute,departement,commune_insee,adresse,latitude,longitude,luminosite,agglomeration,intersection,meteo,collision,nb_vehicules,nb_usagers,nb_indemnes,nb_tues,nb_blesses_hosp,nb_blesses_legers,age_cond_1,age_cond_2,veh_type_cond_1,veh_type_cond_2,lum_code,agg_code,int_code,atm_code,col_code
201400025009,0014-08-23 14:15:00,14,8,23,14,15,340,32,BEDARIEUX (ROUTE DE),,,Plein jour,En agglomération,Autre intersection,Autre,Deux véhicules - côté,,,,,,,,,,,1,2,9,9.0,3
201400025010,0014-09-01 07:25:00,14,9,1,7,25,340,32,WILSON PRESIDENT (AV DU),,,Plein jour,En agglomération,Giratoire,Normale,Sans collision,,,,,,,,,,,1,2,6,1.0,7
201400025011,0014-09-25 13:50:00,14,9,25,13,50,340,32,SYLVESTRE NOEL (RUE),,,Plein jour,En agglomération,Intersection en X,Autre,Sans collision,,,,,,,,,,,1,2,2,9.0,7
201400025012,0014-09-27 11:20:00,14,9,27,11,20,340,32,ROUTE DE CAPESTANG (RD.1,43.33561,3.17779,Plein jour,Hors agglomération,Hors intersection,Normale,Deux véhicules - frontale,,,,,,,,,,,1,1,1,1.0,1
201400025013,0014-11-01 05:05:00,14,11,1,5,5,340,336,"NR, R.D 612",43.33379,3.28355,Nuit avec éclairage allumé,Hors agglomération,Hors intersection,Autre,Deux véhicules - frontale,,,,,,,,,,,5,1,1,9.0,1
201400025014,0014-11-14 08:10:00,14,11,14,8,10,340,32,FAURE EDGARD (RD.POINT),,,Plein jour,En agglomération,Hors intersection,Normale,Autre collision,,,,,,,,,,,1,2,1,1.0,6
201400025015,0014-11-16 20:20:00,14,11,16,20,20,340,37,RD 15 (rte de Bdarieux),,,Nuit sans éclairage public,Hors agglomération,Hors intersection,Normale,Deux véhicules - frontale,,,,,,,,,,,3,1,1,1.0,1
201400025016,0014-12-01 11:00:00,14,12,1,11,0,340,32,"21, CLEMENCEAU GEORGES (",,,Plein jour,En agglomération,Hors intersection,Normale,Sans collision,,,,,,,,,,,1,2,1,1.0,7
201400025017,0014-12-04 13:10:00,14,12,4,13,10,340,32,"NR, JUSSIEU (RUE DE)",,,Plein jour,En agglomération,Hors intersection,Normale,Sans collision,,,,,,,,,,,1,2,1,1.0,7
201400025018,0014-12-09 18:50:00,14,12,9,18,50,340,32,"NP, ROUTE D'AGDE (RD 612",43.34732,3.25377,Nuit avec éclairage non allumé,En agglomération,Hors intersection,Normale,Sans collision,,,,,,,,,,,4,2,1,1.0,7
201400025019,0014-12-11 20:40:00,14,12,11,20,40,340,32,"54, ALBERT 1ER (AVENUE)",43.34989,3.21841,Nuit avec éclairage allumé,En agglomération,Hors intersection,Normale,Deux véhicules - arrière,,,,,,,,,,,5,2,1,1.0,2
201400025020,0014-12-29 18:45:00,14,12,29,18,45,340,32,"NP, MONTIMARAN (ZONE ART",,,Nuit avec éclairage allumé,En agglomération,Hors intersection,Normale,Sans collision,,,,,,,,,,,5,2,1,1.0,7
201400025021,0014-01-01 02:30:00,14,1,1,2,30,340,172,"sans, LIBERTE (AVENUE DE",43.6056,3.86481,Nuit avec éclairage allumé,En agglomération,Hors intersection,Pluie légère,Sans collision,,,,,,,,,,,5,2,1,2.0,7
201400025022,0014-01-01 14:00:00,14,1,1,14,0,340,172,"sans, AURIOL (AVENUE VIN",43.65069,3.86541,Plein jour,En agglomération,Giratoire,Normale,Deux véhicules - côté,,,,,,,,,,,1,2,6,1.0,3
201400025023,0014-01-02 09:00:00,14,1,2,9,0,340,172,"sans, NERUDA (AVENUE PAB",43.62031,3.82232,Plein jour,En agglomération,Hors intersection,Normale,Deux véhicules - frontale,,,,,,,,,,,1,2,1,1.0,1
201400025024,0014-01-02 12:00:00,14,1,2,12,0,340,172,LODEVE (AVENUE DE,43.61026,3.85446,Plein jour,En agglomération,Intersection en X,Normale,Deux véhicules - côté,,,,,,,,,,,1,2,2,1.0,3
201400025025,0014-01-04 14:30:00,14,1,4,14,30,340,172,"0, NERUDA (AVENUE PABLO)",43.62013,3.82233,Plein jour,En agglomération,Hors intersection,Temps couvert,Sans collision,,,,,,,,,,,1,2,1,8.0,7
201400025026,0014-01-06 11:55:00,14,1,6,11,55,340,172,"0, TOULOUSE (AVENUE DE",43.59742,3.86418,Plein jour,En agglomération,Intersection en T,Normale,Deux véhicules - côté,,,,,,,,,,,1,2,3,1.0,3
201400025027,0014-01-06 12:20:00,14,1,6,12,20,340,172,"2310, TOULOUSE (AVENUE D",43.58961,3.85602,Plein jour,En agglomération,Hors intersection,Normale,Deux véhicules - côté,,,,,,,,,,,1,2,1,1.0,3
201400025028,0014-01-07 13:55:00,14,1,7,13,55,340,172,"430, BLUM (RUE LEON)",43.60663,3.89013,Plein jour,En agglomération,Hors intersection,Temps couvert,Deux véhicules - arrière,,,,,,,,,,,1,2,1,8.0,2
201400025029,0014-01-07 15:10:00,14,1,7,15,10,340,172,"sans, LIBERTE (AVENUE DE",43.6188,3.81818,Plein jour,En agglomération,Hors intersection,Temps couvert,Sans collision,,,,,,,,,,,1,2,1,8.0,7
201400025030,0014-01-08 15:10:00,14,1,8,15,10,340,172,GIRAUD (AVENUE DU DOYEN,43.63433,3.84943,Plein jour,En agglomération,Intersection en X,Pluie légère,Deux véhicules - côté,,,,,,,,,,,1,2,2,2.0,3
201400025031,0014-01-08 18:30:00,14,1,8,18,30,340,172,"1424, MENDE (ROUTE DE)",43.63501,3.86829,Nuit avec éclairage allumé,En agglomération,Hors intersection,Temps couvert,Autre collision,,,,,,,,,,,5,2,1,8.0,6
201400025032,0014-01-08 21:25:00,14,1,8,21,25,340,172,"SANS, ECOLE D'AGRICULTUR",43.61553,3.85632,Nuit avec éclairage allumé,En agglomération,Intersection en X,Normale,Deux véhicules - côté,,,,,,,,,,,5,2,2,1.0,3
201400025033,0014-01-09 17:00:00,14,1,9,17,0,340,172,"80, FAUBOURG FIGUEROLLES",43.60616,3.86347,Crépuscule ou aube,En agglomération,Intersection en T,Temps couvert,Autre collision,,,,,,,,,,,2,2,3,8.0,6
201400025034,0014-01-09 18:00:00,14,1,9,18,0,340,172,ROQUETURIERE (RUE DE LA),43.62842,3.88745,Nuit avec éclairage allumé,En agglomération,Intersection en T,Temps couvert,Autre collision,,,,,,,,,,,5,2,3,8.0,6
201400025035,0014-01-11 04:18:00,14,1,11,4,18,340,172,"25, JEU DE PAUME (BOULEV",43.60708,3.87452,Nuit avec éclairage allumé,En agglomération,Hors intersection,Normale,Deux véhicules - frontale,,,,,,,,,,,5,2,1,1.0,1
201400025036,0014-01-11 15:10:00,14,1,11,15,10,340,172,"0, COMTE DE NICE (AVENUE",43.6418,3.81293,Plein jour,En agglomération,Hors intersection,Temps couvert,Deux véhicules - côté,,,,,,,,,,,1,2,1,8.0,3
201400025037,0014-01-11 21:45:00,14,1,11,21,45,340,172,"SANS, CLEMENCEAU (AVENUE",43.60229,3.8701,Nuit avec éclairage allumé,En agglomération,Intersection en T,Normale,Deux véhicules - frontale,,,,,,,,,,,5,2,3,1.0,1
201400025038,0014-01-13 17:45:00,14,1,13,17,45,340,172,"65, ASSAS (AVENUE D')",43.61668,3.86163,Nuit avec éclairage non allumé,En agglomération,Hors intersection,Pluie légère,Deux véhicules - côté,,,,,,,,,,,4,2,1,2.0,3
201400025039,0014-01-13 19:10:00,14,1,13,19,10,340,172,"sans, JUSTICE DE CASTELN",43.62702,3.89023,Nuit avec éclairage allumé,En agglomération,Hors intersection,Pluie légère,Deux véhicules - arrière,,,,,,,,,,,5,2,1,2.0,2
201400025040,0014-01-14 07:30:00,14,1,14,7,30,340,198,"SANS, MONTPELLIER (AVENU",,,Nuit avec éclairage allumé,En agglomération,Hors intersection,Normale,Autre collision,,,,,,,,,,,5,2,1,1.0,6
201400025041,0014-01-14 09:05:00,14,1,14,9,5,340,172,"40, FLAHAULT (AVENUE CHA",43.62306,3.86323,Plein jour,En agglomération,Hors intersection,Normale,Deux véhicules - arrière,,,,,,,,,,,1,2,1,1.0,2
201400025042,0014-01-15 15:45:00,14,1,15,15,45,340,172,SAINT MAURICE DE SAURET,43.61989,3.8909,Plein jour,En agglomération,Intersection en T,Normale,Sans collision,,,,,,,,,,,1,2,3,1.0,7
201400025043,0014-01-16 12:15:00,14,1,16,12,15,340,172,"5, FOCH (RUE)",43.61106,3.87377,Plein jour,En agglomération,Hors intersection,Pluie légère,Deux véhicules - arrière,,,,,,,,,,,1,2,1,2.0,2
201400025044,0014-01-16 19:55:00,14,1,16,19,55,340,172,"0, MENDE (ROUTE DE)",43.63673,3.86727,Nuit avec éclairage allumé,En agglomération,Hors intersection,Normale,Deux véhicules - côté,,,,,,,,,,,5,2,1,1.0,3
201400025045,0014-01-17 17:35:00,14,1,17,17,35,340,172,"1035, MOULARES (CHEMIN D",43.59688,3.89262,Plein jour,En agglomération,Hors intersection,Normale,Deux véhicules - arrière,,,,,,,,,,,1,2,1,1.0,2
201400025046,0014-01-18 19:05:00,14,1,18,19,5,340,172,"526, BOLOGNE (RUE DE)",43.63051,3.82046,Nuit avec éclairage allumé,En agglomération,Hors intersection,Normale,Deux véhicules - côté,,,,,,,,,,,5,2,1,1.0,3
201400025047,0014-01-18 19:50:00,14,1,18,19,50,340,172,"sans, SAINT CLEOPHAS (RU",43.60008,3.86809,Nuit avec éclairage allumé,En agglomération,Intersection en X,Normale,Deux véhicules - côté,,,,,,,,,,,5,2,2,1.0,3
201400025048,0014-01-18 12:25:00,14,1,18,12,25,340,172,HORTUS (RUE DE L'),43.64229,3.85923,Plein jour,En agglomération,Hors intersection,Pluie légère,Deux véhicules - côté,,,,,,,,,,,1,2,1,2.0,3
201400025049,0014-01-18 11:20:00,14,1,18,11,20,340,172,"0, LIBERTE (AVENUE DE LA",43.61386,3.82209,Plein jour,En agglomération,Hors intersection,Normale,Deux véhicules - arrière,,,,,,,,,,,1,2,1,1.0,2
201400025050,0014-01-19 17:00:00,14,1,19,17,0,340,172,"302, MENDE (ROUTE DE)",43.62543,3.87076,Plein jour,En agglomération,Hors intersection,Temps couvert,Sans collision,,,,,,,,,,,1,2,1,8.0,7
201400025051,0014-01-20 21:50:00,14,1,20,21,50,340,172,"SANS, BRINGUIER (AVENUE",43.61632,3.8413,Nuit avec éclairage allumé,En agglomération,Intersection en X,Normale,Deux véhicules - côté,,,,,,,,,,,5,2,2,1.0,3
201400025052,0014-01-23 16:25:00,14,1,23,16,25,340,172,"967, MER (AVENUE DE LA)",43.59783,3.90366,Plein jour,En agglomération,Hors intersection,Normale,Deux véhicules - côté,,,,,,,,,,,1,2,1,1.0,3
201400025053,0014-01-23 17:15:00,14,1,23,17,15,340,172,APPEL DU 18 JUIN (ROND-P,43.63672,3.83079,Plein jour,En agglomération,Giratoire,Normale,Deux véhicules - arrière,,,,,,,,,,,1,2,6,1.0,2
201400025054,0014-01-24 14:55:00,14,1,24,14,55,340,172,"15C, FIGAIRASSE (RUE DE",43.60747,3.84959,Plein jour,En agglomération,Hors intersection,Pluie légère,Autre collision,,,,,,,,,,,1,2,1,2.0,6
201400025055,0014-01-24 16:40:00,14,1,24,16,40,340,172,"1, RONDELET (RUE)",43.60499,3.87511,Plein jour,En agglomération,Hors intersection,Temps couvert,Sans collision,,,,,,,,,,,1,2,1,8.0,7
201400025056,0014-01-24 21:00:00,14,1,24,21,0,340,172,"23, RENOUVIER (BOULEVARD",43.60325,3.86782,Nuit avec éclairage allumé,En agglomération,Intersection en X,Normale,Deux véhicules - côté,,,,,,,,,,,5,2,2,1.0,3
201400025057,0014-01-25 09:10:00,14,1,25,9,10,340,172,"0, PRES D'ARENES (AVENUE",43.59064,3.88473,Plein jour,En agglomération,Intersection en T,Temps couvert,Deux véhicules - côté,,,,,,,,,,,1,2,3,8.0,3
201400025058,0014-01-27 08:20:00,14,1,27,8,20,340,172,"9, BLEUETS (RUE DES)",43.60657,3.84768,Plein jour,En agglomération,Intersection en T,Normale,Deux véhicules - côté,,,,,,,,,,,1,2,3,1.0,3
201400025059,0014-01-28 21:40:00,14,1,28,21,40,340,172,RIMBAUD (RUE PAUL),43.61807,3.84383,Nuit avec éclairage allumé,En agglomération,Hors intersection,Normale,Deux véhicules - arrière,,,,,,,,,,,5,2,1,1.0,2
201400025060,0014-01-30 18:00:00,14,1,30,18,0,340,172,"292, CHENAIE (RUE DE LA)",43.63551,3.86955,Nuit avec éclairage allumé,En agglomération,Hors intersection,Normale,Autre collision,,,,,,,,,,,5,2,1,1.0,6
201400025061,0014-01-31 15:10:00,14,1,31,15,10,340,172,BERTHELOT (BOULEVARD),43.59938,3.8734,Plein jour,En agglomération,Intersection en X,Normale,Deux véhicules - côté,,,,,,,,,,,1,2,2,1.0,3
201400025062,0014-02-01 01:47:00,14,2,1,1,47,340,172,FIGAIRASSE (RUE DE LA),43.6019,3.85352,Nuit avec éclairage allumé,En agglomération,Intersection en X,Normale,Deux véhicules - côté,,,,,,,,,,,5,2,2,1.0,3
201400025063,0014-02-02 14:45:00,14,2,2,14,45,340,172,GRAMMONT (COMPLEXE SPORT,43.61442,3.93006,Plein jour,Hors agglomération,Hors intersection,Normale,Trois véhicules et plus - collisions multiples,,,,,,,,,,,1,1,1,1.0,5
201400025064,0014-02-03 11:25:00,14,2,3,11,25,340,172,MONTMORENCY (ALLEE HENRI,43.61038,3.89006,Plein jour,En agglomération,Intersection en X,Normale,Autre collision,,,,,,,,,,,1,2,2,1.0,6
201400025065,0014-02-04 08:00:00,14,2,4,8,0,340,172,JUVENAL (PONT),43.6059,3.89408,Plein jour,En agglomération,Intersection en T,Normale,Deux véhicules - frontale,,,,,,,,,,,1,2,3,1.0,1
201400025066,0014-02-04 06:52:00,14,2,4,6,52,340,172,8 MAI 1945 (PLACE DU),43.60117,3.86772,Crépuscule ou aube,En agglomération,Intersection en X,Normale,Deux véhicules - côté,,,,,,,,,,,2,2,2,1.0,3
201400025067,0014-02-04 09:25:00,14,2,4,9,25,340,172,CARTIER (AVENUE JACQUES),43.60682,3.89401,Plein jour,En agglomération,Intersection en X,Normale,Deux véhicules - côté,,,,,,,,,,,1,2,2,1.0,3
201400025068,0014-02-04 18:00:00,14,2,4,18,0,340,172,"0, ULYSSE (ALLEE)",43.6029,3.9175,Nuit avec éclairage allumé,En agglomération,Hors intersection,Normale,Sans collision,,,,,,,,,,,5,2,1,1.0,7
201400025069,0014-02-05 09:30:00,14,2,5,9,30,340,172,"0, BALEARES (RUE DES)",43.64019,3.81794,Plein jour,En agglomération,Hors intersection,Temps couvert,Deux véhicules - côté,,,,,,,,,,,1,2,1,8.0,3
201400025070,0014-02-07 16:50:00,14,2,7,16,50,340,172,"277, PRIEST ST DE 1 A 51",43.63102,3.84626,Plein jour,En agglomération,Hors intersection,Normale,Deux véhicules - frontale,,,,,,,,,,,1,2,1,1.0,1
201400025071,0014-02-11 14:04:00,14,2,11,14,4,340,172,"57, FAUBOURG FIGUEROLLES",43.60637,3.8643,Plein jour,En agglomération,Hors intersection,Normale,Autre collision,,,,,,,,,,,1,2,1,1.0,6
201400025072,0014-02-12 09:30:00,14,2,12,9,30,340,172,"0, LAENNEC (RUE RENE)",43.62835,3.85967,Plein jour,En agglomération,Intersection en T,Normale,Trois véhicules et plus - collisions multiples,,,,,,,,,,,1,2,3,1.0,5
201400025073,0014-02-12 16:00:00,14,2,12,16,0,340,172,"sans, SAINT LOUIS (RUE)",,,Plein jour,En agglomération,Hors intersection,Normale,Autre collision,,,,,,,,,,,1,2,1,1.0,6
201400025074,0014-02-13 14:00:00,14,2,13,14,0,340,172,MONTELS-EGLISE (RUE DE),43.5757,3.87117,Plein jour,En agglomération,Hors intersection,Normale,Deux véhicules - côté,,,,,,,,,,,1,2,1,1.0,3
201400025075,0014-02-14 12:10:00,14,2,14,12,10,340,172,"sans, LIBERTE (AVENUE DE",43.59632,3.87647,Plein jour,En agglomération,Hors intersection,Normale,Sans collision,,,,,,,,,,,1,2,1,1.0,7
201400025076,0014-02-14 13:50:00,14,2,14,13,50,340,172,LODEVE (AVENUE DE,43.61267,3.84468,Plein jour,En agglomération,Intersection en T,Normale,Deux véhicules - côté,,,,,,,,,,,1,2,3,1.0,3
201400025077,0014-02-15 14:05:00,14,2,15,14,5,340,198,"0, PAGNOL (AVENUE MARCEL",43.55397,3.9673,Plein jour,En agglomération,Intersection en T,Normale,Deux véhicules - arrière,,,,,,,,,,,1,2,3,1.0,2
201400025078,0014-02-15 19:30:00,14,2,15,19,30,340,172,"779, SAINT HILAIRE (RUE",43.5914,3.8911,Nuit avec éclairage allumé,En agglomération,Hors intersection,Normale,Deux véhicules - côté,,,,,,,,,,,5,2,1,1.0,3
201400025079,0014-02-16 06:15:00,14,2,16,6,15,340,172,CROIX DES ROSIERS (RUE D,43.61085,3.83069,Nuit avec éclairage allumé,En agglomération,Intersection en T,Pluie légère,Sans collision,,,,,,,,,,,5,2,3,2.0,7
201400025080,0014-02-16 18:40:00,14,2,16,18,40,340,129,"0, CALADE (ALLEE DE LA)",43.57693,3.89726,Nuit sans éclairage public,Hors agglomération,Hors intersection,Temps couvert,Deux véhicules - arrière,,,,,,,,,,,3,1,1,8.0,2
201400025081,0014-02-17 08:50:00,14,2,17,8,50,340,172,"597, JUSTICE DE CASTELNA",43.62616,3.87677,Plein jour,En agglomération,Hors intersection,Normale,Deux véhicules - arrière,,,,,,,,,,,1,2,1,1.0,2
201400025082,0014-02-19 12:00:00,14,2,19,12,0,340,172,"59, TOULOUSE (AVENUE DE",43.59724,3.86406,Plein jour,En agglomération,Hors intersection,Normale,Autre collision,,,,,,,,,,,1,2,1,1.0,6
201400025083,0014-02-20 08:50:00,14,2,20,8,50,340,172,"585, AIGUELONGUE (RUE DE",43.63319,3.87528,Plein jour,En agglomération,Hors intersection,Normale,Autre collision,,,,,,,,,,,1,2,1,1.0,6
201400025084,0014-02-20 13:30:00,14,2,20,13,30,340,172,SALENGRO (PLACE ROGER),43.60743,3.86708,Plein jour,En agglomération,Intersection en X,Normale,Autre collision,,,,,,,,,,,1,2,2,1.0,6
201400025085,0014-02-21 08:45:00,14,2,21,8,45,340,172,"1000, MONTASINOS (RUE DE",43.63065,3.87885,Plein jour,En agglomération,Hors intersection,Normale,Deux véhicules - côté,,,,,,,,,,,1,2,1,1.0,3
201400025086,0014-02-23 20:00:00,14,2,23,20,0,340,172,"sans, MOULINS (AVENUE DE",43.61989,3.83239,Nuit avec éclairage allumé,En agglomération,Hors intersection,Normale,Deux véhicules - côté,,,,,,,,,,,5,2,1,1.0,3
201400025087,0014-02-24 10:30:00,14,2,24,10,30,340,172,"0, PUECH VILLA (RUE DE)",43.64128,3.83473,Plein jour,En agglomération,Intersection en T,Temps couvert,Deux véhicules - côté,,,,,,,,,,,1,2,3,8.0,3
201400025088,0014-02-25 08:50:00,14,2,25,8,50,340,172,"59, LODEVE (AVENUE DE",43.60974,3.86308,Plein jour,En agglomération,Hors intersection,Pluie légère,Sans collision,,,,,,,,,,,1,2,1,2.0,7
201400025089,0014-02-26 10:40:00,14,2,26,10,40,340,172,"48, MAS DE BROUSSE (RUE",43.59938,3.91985,Plein jour,En agglomération,Intersection en X,Normale,Deux véhicules - côté,,,,,,,,,,,1,2,2,1.0,3
201400025090,0014-02-26 18:45:00,14,2,26,18,45,340,172,AVENUE DE BARCELONE,43.62373,3.81745,Nuit avec éclairage allumé,En agglomération,Intersection en T,Normale,Deux véhicules - côté,,,,,,,,,,,5,2,3,1.0,3
201400025091,0014-02-26 21:00:00,14,2,26,21,0,340,172,"SANS, FABRE DE MORLHON (",43.59019,3.88227,Nuit avec éclairage allumé,En agglomération,Hors intersection,Normale,Sans collision,,,,,,,,,,,5,2,1,1.0,7
201400025092,0014-02-27 15:25:00,14,2,27,15,25,340,172,"0, SOULAS (AVENUE DU PER",43.62952,3.84403,Plein jour,En agglomération,Intersection en X,Temps couvert,Deux véhicules - côté,,,,,,,,,,,1,2,2,8.0,3
201400025093,0014-02-27 14:35:00,14,2,27,14,35,340,172,GRASSET (AVENUE DU PROFE,43.62152,3.86848,Plein jour,En agglomération,Intersection en X,Normale,Deux véhicules - côté,,,,,,,,,,,1,2,2,1.0,3
201400025094,0014-02-28 22:30:00,14,2,28,22,30,340,172,"1206, SORBES (RUE DE LAS",43.61425,3.84932,Nuit avec éclairage allumé,En agglomération,Hors intersection,Normale,Deux véhicules - frontale,,,,,,,,,,,5,2,1,1.0,1
201400025095,0014-03-02 04:55:00,14,3,2,4,55,340,172,"0, SARRAIL (BOULEVARD)",43.61356,3.88077,Nuit avec éclairage allumé,En agglomération,Hors intersection,Normale,Sans collision,,,,,,,,,,,5,2,1,1.0,7
201400025096,0014-03-02 10:45:00,14,3,2,10,45,340,172,"0, VANIERES (AVENUE DE)",43.59261,3.85262,Plein jour,En agglomération,Intersection en X,Normale,Deux véhicules - frontale,,,,,,,,,,,1,2,2,1.0,1
201400025097,0014-03-02 16:35:00,14,3,2,16,35,340,129,"sans, PALAVAS D986 (ROUT",43.56431,3.8945,Plein jour,En agglomération,Hors intersection,Normale,Deux véhicules - arrière,,,,,,,,,,,1,2,1,1.0,2
201400025098,0014-03-03 12:35:00,14,3,3,12,35,340,172,"8, MICHEL (RUE ERNEST)",43.6015,3.8739,Plein jour,En agglomération,Hors intersection,Normale,Deux véhicules - côté,,,,,,,,,,,1,2,1,1.0,3
201400025099,0014-03-05 15:25:00,14,3,5,15,25,340,172,"0, NERUDA (AVENUE PABLO)",43.61696,3.82014,Plein jour,En agglomération,Hors intersection,Normale,Sans collision,,,,,,,,,,,1,2,1,1.0,7
201400025100,0014-03-05 11:55:00,14,3,5,11,55,340,172,MONTASINOS (RUE DE,43.62613,3.88232,Plein jour,En agglomération,Intersection en X,Normale,Deux véhicules - frontale,,,,,,,,,,,1,2,2,1.0,1
201400025101,0014-03-06 18:00:00,14,3,6,18,0,340,172,"1993, TOULOUSE (AVENUE D",43.58727,3.8535,Plein jour,En agglomération,Hors intersection,Normale,Deux véhicules - côté,,,,,,,,,,,1,2,1,1.0,3
201400025102,0014-03-07 13:30:00,14,3,7,13,30,340,172,"23, NIMES (AVENUE DE)",43.61677,3.88511,Plein jour,En agglomération,Autre intersection,Normale,Deux véhicules - côté,,,,,,,,,,,1,2,9,1.0,3
201400025103,0014-03-07 18:40:00,14,3,7,18,40,340,172,"sans, PEYROU (PROMENADE",43.61078,3.87064,Crépuscule ou aube,En agglomération,Hors intersection,Normale,Sans collision,,,,,,,,,,,2,2,1,1.0,7
201400025104,0014-03-09 06:30:00,14,3,9,6,30,340,172,"SANS, RN109 A RN113",43.61035,3.82255,Nuit avec éclairage allumé,Hors agglomération,Hors intersection,Normale,Deux véhicules - arrière,,,,,,,,,,,5,1,1,1.0,2
201400025105,0014-03-10 08:55:00,14,3,10,8,55,340,172,"100, VALERY (BOULEVARD P",43.58936,3.85707,Plein jour,En agglomération,Autre intersection,Normale,Trois véhicules et plus - en chaîne,,,,,,,,,,,1,2,9,1.0,4
201400025106,0014-03-10 10:50:00,14,3,10,10,50,340,172,"100, HEIDELBERG (AVENUE",43.62571,3.81302,Plein jour,En agglomération,Hors intersection,Normale,Deux véhicules - côté,,,,,,,,,,,1,2,1,1.0,3
201400025107,0014-03-14 11:45:00,14,3,14,11,45,340,172,"19, RENOUVIER (BOULEVARD",,,Plein jour,En agglomération,Hors intersection,Normale,Trois véhicules et plus - en chaîne,,,,,,,,,,,1,2,1,1.0,4
201400025108,0014-03-14 20:15:00,14,3,14,20,15,340,198,"sans, D172",43.57789,3.93581,Nuit avec éclairage allumé,Hors agglomération,Autre intersection,Normale,Deux véhicules - côté,,,,,,,,,,,5,1,9,1.0,3
201400025109,0014-03-15 15:15:00,14,3,15,15,15,340,172,PEQUET (RUE HENRI),43.61009,3.89992,Plein jour,En agglomération,Intersection en T,Normale,Deux véhicules - côté,,,,,,,,,,,1,2,3,1.0,3
201400025110,0014-03-15 21:25:00,14,3,15,21,25,340,172,"SANS, MARIE DE MONTPELLI",43.60083,3.89762,Nuit avec éclairage allumé,En agglomération,Intersection en X,Normale,Deux véhicules - côté,,,,,,,,,,,5,2,2,1.0,3
201400025111,0014-03-17 11:30:00,14,3,17,11,30,340,129,MONTELS L' EGLISE (RUE D,43.5851,3.88819,Plein jour,En agglomération,Autre intersection,Normale,Autre collision,,,,,,,,,,,1,2,9,1.0,6
201400025112,0014-03-15 15:50:00,14,3,15,15,50,340,172,FABRE DE MORLHON (BOULEV,,,Plein jour,En agglomération,Hors intersection,Normale,Deux véhicules - côté,,,,,,,,,,,1,2,1,1.0,3
201400025113,0014-03-18 11:45:00,14,3,18,11,45,340,172,BELLAY (RUE JOACHIM DU),43.60664,3.85954,Plein jour,En agglomération,Intersection en T,Normale,Autre collision,,,,,,,,,,,1,2,3,1.0,6
201400025114,0014-03-18 16:50:00,14,3,18,16,50,340,172,"0, JUSTICE DE CASTELNAU",43.62686,3.86973,Plein jour,En agglomération,Intersection en X,Normale,Deux véhicules - frontale,,,,,,,,,,,1,2,2,1.0,1
201400025115,0014-03-19 08:10:00,14,3,19,8,10,340,172,"0, GARRATS (AVENUE DES)",43.61332,3.83898,Plein jour,En agglomération,Hors intersection,Normale,Deux véhicules - frontale,,,,,,,,,,,1,2,1,1.0,1
201400025116,0014-03-19 08:25:00,14,3,19,8,25,340,172,SAINT LAZARE (AVENUE DE),43.62388,3.88871,Plein jour,En agglomération,Hors intersection,Normale,Deux véhicules - côté,,,,,,,,,,,1,2,1,1.0,3
201400025117,0014-03-19 20:45:00,14,3,19,20,45,340,172,"38, PEYSON (RUE FREDERIC",43.60068,3.87941,Nuit avec éclairage allumé,En agglomération,Hors intersection,Normale,Deux véhicules - arrière,,,,,,,,,,,5,2,1,1.0,2
201400025118,0014-03-21 06:20:00,14,3,21,6,20,340,172,"sans, LIBERTE (AVENUE DE",43.59788,3.87435,Nuit avec éclairage allumé,En agglomération,Hors intersection,Temps couvert,Sans collision,,,,,,,,,,,5,2,1,8.0,7
201400025119,0014-03-22 10:38:00,14,3,22,10,38,340,172,"100, LIBERTE (AVENUE DE",43.6087,3.84766,Plein jour,En agglomération,Hors intersection,Pluie légère,Sans collision,,,,,,,,,,,1,2,1,2.0,7
201400025120,0014-03-23 15:45:00,14,3,23,15,45,340,172,"0, LIBERTE (AVENUE DE LA",43.6141,3.82173,Plein jour,En agglomération,Hors intersection,Normale,Trois véhicules et plus - en chaîne,,,,,,,,,,,1,2,1,1.0,4
201400025121,0014-03-23 20:15:00,14,3,23,20,15,340,172,"0, MARQUEROSE (RUE DE LA",43.58847,3.86962,Nuit avec éclairage allumé,En agglomération,Intersection en T,Normale,Deux véhicules - côté,,,,,,,,,,,5,2,3,1.0,3
201400025122,0014-03-24 07:25:00,14,3,24,7,25,340,172,"273, SORBES (RUE DE LAS",43.61695,3.86075,Plein jour,En agglomération,Hors intersection,Normale,Deux véhicules - arrière,,,,,,,,,,,1,2,1,1.0,2
201400025123,0014-03-26 10:45:00,14,3,26,10,45,340,172,"0, CARTIER (AVENUE JACQU",43.60685,3.89247,Plein jour,En agglomération,Intersection en X,Normale,Sans collision,,,,,,,,,,,1,2,2,1.0,7
201400025124,0014-03-27 08:35:00,14,3,27,8,35,340,172,"87, LODEVE (AVENUE DE",43.61031,3.85933,Plein jour,En agglomération,Hors intersection,Normale,Sans collision,,,,,,,,,,,1,2,1,1.0,7
201400025125,0014-03-28 13:40:00,14,3,28,13,40,340,172,"566, JUSTICE DE CASTELNA",,,Plein jour,En agglomération,Hors intersection,Normale,Deux véhicules - côté,,,,,,,,,,,1,2,1,1.0,3
201400025126,0014-03-28 15:20:00,14,3,28,15,20,340,172,BLAYAC (RUE DU PROFESSEU,43.62644,3.82293,Plein jour,En agglomération,Hors intersection,Normale,Deux véhicules - arrière,,,,,,,,,,,1,2,1,1.0,2