accident_id,datetime,annee,mois,jour,heure,minute,departement,commune_insee,adresse,latitude,longitude,luminosite,agglomeration,intersection,meteo,collision,nb_vehicules,nb_usagers,nb_indemnes,nb_tues,nb_blesses_hosp,nb_blesses_legers,age_cond_1,age_cond_2,veh_type_cond_1,veh_type_cond_2,lum_code,agg_code,int_code,atm_code,col_code
201400025127,0014-03-29 03:10:00,14,3,29,3,10,340,129,"sans, CARNON (ROUTE DE",43.585,3.92082,Nuit avec éclairage allumé,Hors agglomération,Hors intersection,Normale,Autre collision,,,,,,,,,,,5,1,1,1.0,6
201400025128,0014-03-29 11:00:00,14,3,29,11,0,340,172,FOCH (RUE),43.61101,3.87345,Plein jour,En agglomération,Intersection en T,Normale,Sans collision,,,,,,,,,,,1,2,3,1.0,7
201400025129,0014-03-30 15:05:00,14,3,30,15,5,340,172,"0, INDUSTRIE (RUE DE L')",43.58908,3.88474,Plein jour,En agglomération,Intersection en T,Normale,Deux véhicules - côté,,,,,,,,,,,1,2,3,1.0,3
201400025130,0014-03-30 15:30:00,14,3,30,15,30,340,172,"0, RIMBAUD (RUE PAUL)",43.61771,3.83875,Plein jour,En agglomération,Hors intersection,Normale,Deux véhicules - côté,,,,,,,,,,,1,2,1,1.0,3
201400025131,0014-03-31 08:00:00,14,3,31,8,0,340,172,"0, JOUHAUX (AVENUE LEON)",43.5947,3.8202,Plein jour,En agglomération,Hors intersection,Normale,Deux véhicules - côté,,,,,,,,,,,1,2,1,1.0,3
201400025132,0014-04-01 19:20:00,14,4,1,19,20,340,172,"141, JANVIER (RUE GUILLA",43.59624,3.86566,Plein jour,En agglomération,Hors intersection,Normale,Deux véhicules - côté,,,,,,,,,,,1,2,1,1.0,3
201400025133,0014-04-02 01:15:00,14,4,2,1,15,340,129,"sans, PEROLS D132 (AVENU",43.56017,3.92374,Nuit sans éclairage public,Hors agglomération,Hors intersection,Normale,Deux véhicules - côté,,,,,,,,,,,3,1,1,1.0,3
201400025134,0014-04-01 10:15:00,14,4,1,10,15,340,172,"1580, SOULAS (AVENUE DU",43.62474,3.85178,Plein jour,En agglomération,Hors intersection,Pluie légère,Deux véhicules - côté,,,,,,,,,,,1,2,1,2.0,3
201400025135,0014-04-01 11:50:00,14,4,1,11,50,340,172,"44, FAUBOURG DU COURREAU",43.60841,3.87026,Plein jour,En agglomération,Hors intersection,Temps couvert,Sans collision,,,,,,,,,,,1,2,1,8.0,7
201400025136,0014-04-04 13:45:00,14,4,4,13,45,340,172,"0, EINSTEIN (AVENUE ALBE",43.6083,3.90658,Plein jour,En agglomération,Intersection en X,Normale,Deux véhicules - côté,,,,,,,,,,,1,2,2,1.0,3
201400025137,0014-04-04 16:40:00,14,4,4,16,40,340,172,"0, SOULAS (AVENUE DU PER",43.62058,3.85823,Plein jour,En agglomération,Hors intersection,Normale,Deux véhicules - côté,,,,,,,,,,,1,2,1,1.0,3
201400025138,0014-04-06 01:15:00,14,4,6,1,15,340,172,"SANS, FRANCE (PLACE DE)",43.604,3.9167,Nuit avec éclairage allumé,En agglomération,Hors intersection,Normale,Autre collision,,,,,,,,,,,5,2,1,1.0,6
201400025139,0014-04-06 14:10:00,14,4,6,14,10,340,172,"sans, FONTAINE (RUE DE L",43.64667,3.84442,Plein jour,En agglomération,Hors intersection,Normale,Deux véhicules - frontale,,,,,,,,,,,1,2,1,1.0,1
201400025140,0014-04-09 22:30:00,14,4,9,22,30,340,172,"SANS, TOULOUSE (AVENUE D",43.59508,3.86185,Nuit avec éclairage allumé,En agglomération,Intersection en Y,Normale,Sans collision,,,,,,,,,,,5,2,4,1.0,7
201400025141,0014-04-10 08:50:00,14,4,10,8,50,340,172,SOULAS (AVENUE DU PERE,43.62259,3.85461,Plein jour,En agglomération,Intersection en T,Normale,Trois véhicules et plus - collisions multiples,,,,,,,,,,,1,2,3,1.0,5
201400025142,0014-04-10 09:10:00,14,4,10,9,10,340,172,"934, CAUSSE (RUE PIERRE)",43.61014,3.83636,Plein jour,En agglomération,Hors intersection,Normale,Trois véhicules et plus - collisions multiples,,,,,,,,,,,1,2,1,1.0,5
201400025143,0014-04-10 17:00:00,14,4,10,17,0,340,129,"0, MONTPELLIER (AVENUE D",43.56858,3.90415,Plein jour,En agglomération,Hors intersection,Normale,Trois véhicules et plus - en chaîne,,,,,,,,,,,1,2,1,1.0,4
201400025144,0014-04-11 13:00:00,14,4,11,13,0,340,172,"0, MOULINS (AVENUE DES",43.62555,3.83701,Plein jour,En agglomération,Hors intersection,Normale,Sans collision,,,,,,,,,,,1,2,1,1.0,7
201400025145,0014-04-11 14:50:00,14,4,11,14,50,340,172,"159, LUNEL (RUE ARMAND)",43.60197,3.84657,Plein jour,En agglomération,Hors intersection,Normale,Sans collision,,,,,,,,,,,1,2,1,1.0,7
201400025146,0014-04-01 11:15:00,14,4,1,11,15,340,172,"0, HUIT MAI 1945 (PLACE",43.60093,3.86809,Plein jour,En agglomération,Hors intersection,Normale,Sans collision,,,,,,,,,,,1,2,1,1.0,7
201400025147,0014-04-12 14:55:00,14,4,12,14,55,340,172,"sans, AEROPORT INTERNATI",43.60924,3.89433,Plein jour,En agglomération,Intersection en X,Normale,Deux véhicules - côté,,,,,,,,,,,1,2,2,1.0,3
201400025148,0014-04-12 23:20:00,14,4,12,23,20,340,172,"1317, TOULOUSE (AVENUE D",,,Nuit avec éclairage allumé,En agglomération,Hors intersection,Normale,Autre collision,,,,,,,,,,,5,2,1,1.0,6
201400025149,0014-04-13 15:25:00,14,4,13,15,25,340,172,"sans, GENNEVAUX (ROND-PO",43.5927,3.82017,Plein jour,Hors agglomération,Hors intersection,Normale,Deux véhicules - côté,,,,,,,,,,,1,1,1,1.0,3
201400025150,0014-04-14 07:40:00,14,4,14,7,40,340,172,"18, VIEUSSENS (BOULEVARD",43.60034,3.87829,Plein jour,En agglomération,Hors intersection,Normale,Autre collision,,,,,,,,,,,1,2,1,1.0,6
201400025151,0014-04-14 09:15:00,14,4,14,9,15,340,172,"28, SAINT LAZARE (AVENUE",43.61884,3.88643,Plein jour,En agglomération,Hors intersection,Normale,Trois véhicules et plus - en chaîne,,,,,,,,,,,1,2,1,1.0,4
201400025152,0014-04-16 10:30:00,14,4,16,10,30,340,172,AURIOL (AVENUE VINCENT),43.64529,3.85268,Plein jour,En agglomération,Autre intersection,Normale,Autre collision,,,,,,,,,,,1,2,9,1.0,6
201400025153,0014-04-16 15:30:00,14,4,16,15,30,340,172,"540, VINCI (RUE LEONARD",43.61296,3.90538,Plein jour,En agglomération,Hors intersection,Normale,Deux véhicules - arrière,,,,,,,,,,,1,2,1,1.0,2
201400025154,0014-04-16 16:50:00,14,4,16,16,50,340,172,"0, MAS SAINT PIERRE (RUE",43.58167,3.88061,Plein jour,En agglomération,Hors intersection,Normale,Autre collision,,,,,,,,,,,1,2,1,1.0,6
201400025155,0014-04-17 08:25:00,14,4,17,8,25,340,172,SAINT HILAIRE (RUE DE),43.59348,3.89631,Plein jour,En agglomération,Hors intersection,Normale,Autre collision,,,,,,,,,,,1,2,1,1.0,6
201400025156,0014-04-17 09:05:00,14,4,17,9,5,340,172,RABELAIS (BOULEVARD),43.6012,3.88158,Plein jour,En agglomération,Intersection en T,Normale,Deux véhicules - côté,,,,,,,,,,,1,2,3,1.0,3
201400025157,0014-04-17 20:00:00,14,4,17,20,0,340,172,LIBERTE (AVENUE DE LA,,,Plein jour,En agglomération,Hors intersection,Normale,Sans collision,,,,,,,,,,,1,2,1,1.0,7
201400025158,0014-04-18 09:10:00,14,4,18,9,10,340,172,"273, SORBES (RUE DE LAS",43.61671,3.86036,Plein jour,En agglomération,Intersection en X,Normale,Deux véhicules - côté,,,,,,,,,,,1,2,2,1.0,3
201400025159,0014-04-18 17:05:00,14,4,18,17,5,340,172,"80, GRANIER (ROND POINT",43.60207,3.90043,Plein jour,En agglomération,Hors intersection,Normale,Deux véhicules - côté,,,,,,,,,,,1,2,1,1.0,3
201400025160,0014-04-22 11:20:00,14,4,22,11,20,340,172,"0, LOUISVILLE (AVENUE DE",,,Plein jour,En agglomération,Hors intersection,Normale,Sans collision,,,,,,,,,,,1,2,1,1.0,7
201400025161,0014-04-22 14:00:00,14,4,22,14,0,340,172,MAS SAINT PIERRE (RUE DU,43.58383,3.87678,Plein jour,En agglomération,Hors intersection,Pluie légère,Deux véhicules - arrière,,,,,,,,,,,1,2,1,2.0,2
201400025162,0014-04-23 08:50:00,14,4,23,8,50,340,172,"39, FIGAIRASSE (RUE DE L",43.60493,3.85595,Plein jour,En agglomération,Intersection en T,Normale,Trois véhicules et plus - collisions multiples,,,,,,,,,,,1,2,3,1.0,5
201400025163,0014-04-24 08:45:00,14,4,24,8,45,340,172,RIMBAUD (RUE PAUL),43.61892,3.84769,Plein jour,En agglomération,Hors intersection,Normale,Deux véhicules - arrière,,,,,,,,,,,1,2,1,1.0,2
201400025164,0014-04-25 08:00:00,14,4,25,8,0,340,172,"2939, MEHUL (AVENUE ETIE",43.57707,3.86012,Plein jour,En agglomération,Hors intersection,Pluie légère,Sans collision,,,,,,,,,,,1,2,1,2.0,7
201400025165,0014-04-25 11:05:00,14,4,25,11,5,340,172,"0, JOUHAUX (AVENUE LEON)",43.60899,3.85483,Plein jour,En agglomération,Hors intersection,Pluie légère,Trois véhicules et plus - collisions multiples,,,,,,,,,,,1,2,1,2.0,5
201400025166,0014-04-26 19:00:00,14,4,26,19,0,340,172,LIBERTE (AVENUE DE LA,43.60883,3.85271,Plein jour,En agglomération,Hors intersection,Normale,Trois véhicules et plus - collisions multiples,,,,,,,,,,,1,2,1,1.0,5
201400025167,0014-04-26 21:10:00,14,4,26,21,10,340,129,"sans, D172",43.57003,3.8989,Nuit avec éclairage allumé,En agglomération,Hors intersection,Pluie légère,Deux véhicules - côté,,,,,,,,,,,5,2,1,2.0,3
201400025168,0014-04-28 14:30:00,14,4,28,14,30,340,172,"0, JOUHAUX (AVENUE LEON)",43.59334,3.82082,Plein jour,En agglomération,Hors intersection,Normale,Trois véhicules et plus - en chaîne,,,,,,,,,,,1,2,1,1.0,4
201400025169,0014-04-28 17:45:00,14,4,28,17,45,340,172,"0, CASTELNAU JUSTICE DE",43.6255,3.87952,Plein jour,En agglomération,Intersection en T,Normale,Deux véhicules - côté,,,,,,,,,,,1,2,3,1.0,3
201400025170,0014-05-03 17:20:00,14,5,3,17,20,340,172,VALLOIS (RUE PROFESSEUR,43.61438,3.88382,Plein jour,En agglomération,Hors intersection,Normale,Autre collision,,,,,,,,,,,1,2,1,1.0,6
201400025171,0014-05-04 21:15:00,14,5,4,21,15,340,172,MENDES FRANCE (AVENUE PR,43.608,3.92504,Nuit avec éclairage allumé,En agglomération,Hors intersection,Normale,Sans collision,,,,,,,,,,,5,2,1,1.0,7
201400025172,0014-05-05 08:25:00,14,5,5,8,25,340,129,CEREIREDE (CHEMIN DE),43.58113,3.89985,Plein jour,Hors agglomération,Hors intersection,Normale,Sans collision,,,,,,,,,,,1,1,1,1.0,7
201400025173,0014-05-04 11:30:00,14,5,4,11,30,340,129,ETANGS (CHEMIN DES),43.55033,3.89759,Plein jour,Hors agglomération,Hors intersection,Normale,Sans collision,,,,,,,,,,,1,1,1,1.0,7
201400025174,0014-05-06 09:30:00,14,5,6,9,30,340,172,"0, TOULOUSE (AVENUE DE",43.58419,3.84852,Plein jour,En agglomération,Hors intersection,Temps couvert,Deux véhicules - arrière,,,,,,,,,,,1,2,1,8.0,2
201400025175,0014-05-06 14:20:00,14,5,6,14,20,340,172,"sans, MOULINS (AVENUE DE",43.6365,3.84456,Plein jour,En agglomération,Hors intersection,Normale,Deux véhicules - arrière,,,,,,,,,,,1,2,1,1.0,2
201400025176,0014-05-06 14:30:00,14,5,6,14,30,340,172,"974, POMPIGNANE (AVENUE",43.61484,3.8979,Plein jour,En agglomération,Hors intersection,Temps couvert,Deux véhicules - côté,,,,,,,,,,,1,2,1,8.0,3
201400025177,0014-05-08 15:00:00,14,5,8,15,0,340,172,JUSTICE DE CASTELNAU (AV,43.62638,3.88531,Plein jour,En agglomération,Hors intersection,Temps couvert,Sans collision,,,,,,,,,,,1,2,1,8.0,7
201400025178,0014-05-09 13:40:00,14,5,9,13,40,340,172,LIBERTE (AVENUE DE LA,43.6085,3.86178,Plein jour,En agglomération,Hors intersection,Normale,Deux véhicules - arrière,,,,,,,,,,,1,2,1,1.0,2
201400025179,0014-05-09 13:42:00,14,5,9,13,42,340,172,ROUGET DE LISLE (RUE),43.59518,3.83766,Plein jour,En agglomération,Hors intersection,Normale,Deux véhicules - arrière,,,,,,,,,,,1,2,1,1.0,2
201400025180,0014-05-09 16:05:00,14,5,9,16,5,340,172,RENE (RUE HENRI),43.60475,3.88245,Plein jour,En agglomération,Intersection en Y,Normale,Deux véhicules - côté,,,,,,,,,,,1,2,4,1.0,3
201400025181,0014-05-10 11:15:00,14,5,10,11,15,340,172,LAURAGAIS (AVENUE DU),43.6307,3.82217,Plein jour,En agglomération,Intersection en T,Normale,Deux véhicules - arrière,,,,,,,,,,,1,2,3,1.0,2
201400025182,0014-05-11 15:15:00,14,5,11,15,15,340,172,"103, FAUBOURG FIGUEROLLE",43.60539,3.86078,Plein jour,En agglomération,Hors intersection,Normale,Deux véhicules - côté,,,,,,,,,,,1,2,1,1.0,3
201400025183,0014-05-12 16:20:00,14,5,12,16,20,340,172,"sans, LIBERTE (AVENUE DE",43.60501,3.86483,Plein jour,En agglomération,Hors intersection,Normale,Autre collision,,,,,,,,,,,1,2,1,1.0,6
201400025184,0014-05-14 09:00:00,14,5,14,9,0,340,172,"sans, MENDES FRANCE (AVE",43.6094,3.90907,Plein jour,En agglomération,Hors intersection,Normale,Deux véhicules - arrière,,,,,,,,,,,1,2,1,1.0,2
201400025185,0014-05-14 14:15:00,14,5,14,14,15,340,172,CARRIEU (RUE MARIUS),43.61751,3.84322,Plein jour,En agglomération,Hors intersection,Normale,Deux véhicules - arrière,,,,,,,,,,,1,2,1,1.0,2
201400025186,0014-05-14 17:50:00,14,5,14,17,50,340,172,VIEUSSENS (BOULEVARD),43.6003,3.87822,Plein jour,En agglomération,Intersection en X,Normale,Deux véhicules - côté,,,,,,,,,,,1,2,2,1.0,3
201400025187,0014-05-15 08:25:00,14,5,15,8,25,340,172,VOIE DOMITIENNE (PLACE D,43.62993,3.86989,Plein jour,En agglomération,Place,Normale,Deux véhicules - côté,,,,,,,,,,,1,2,7,1.0,3
201400025188,0014-05-15 12:10:00,14,5,15,12,10,340,172,RAYMOND DUGRAND (AVENUE),43.5983,3.90338,Plein jour,En agglomération,Hors intersection,Normale,Deux véhicules - côté,,,,,,,,,,,1,2,1,1.0,3
201400025189,0014-05-16 21:10:00,14,5,16,21,10,340,172,MOULINS (AVENUE DES,,,Nuit avec éclairage allumé,En agglomération,Intersection en X,Normale,Deux véhicules - côté,,,,,,,,,,,5,2,2,1.0,3
201400025190,0014-05-16 01:00:00,14,5,16,1,0,340,172,OLLIVIER (RUE ARISTIDE),,,Nuit avec éclairage allumé,En agglomération,Hors intersection,Normale,Autre collision,,,,,,,,,,,5,2,1,1.0,6
201400025191,0014-05-16 12:00:00,14,5,16,12,0,340,172,MICHEL (RUE ERNEST),43.60143,3.87382,Plein jour,En agglomération,Intersection en T,Normale,Deux véhicules - arrière,,,,,,,,,,,1,2,3,1.0,2
201400025192,0014-05-16 13:05:00,14,5,16,13,5,340,172,"0, MENDES FRANCE (AVENUE",43.60284,3.93776,Plein jour,En agglomération,Hors intersection,Normale,Sans collision,,,,,,,,,,,1,2,1,1.0,7
201400025193,0014-05-16 15:20:00,14,5,16,15,20,340,172,"1400, MOULARES (CHEMIN D",43.59385,3.88996,Plein jour,En agglomération,Hors intersection,Normale,Sans collision,,,,,,,,,,,1,2,1,1.0,7
201400025194,0014-05-17 12:30:00,14,5,17,12,30,340,172,"201, YUCCAS (RUE DES)",43.59132,3.88489,Plein jour,En agglomération,Hors intersection,Normale,Deux véhicules - côté,,,,,,,,,,,1,2,1,1.0,3
201400025195,0014-05-18 17:10:00,14,5,18,17,10,340,172,"13, SARRAIL (BOULEVARD)",43.60962,3.88083,Plein jour,En agglomération,Hors intersection,Normale,Autre collision,,,,,,,,,,,1,2,1,1.0,6
201400025196,0014-05-19 10:00:00,14,5,19,10,0,340,172,"131, PARGUEL (AVENUE ABB",43.63327,3.86025,Plein jour,En agglomération,Hors intersection,Pluie légère,Deux véhicules - côté,,,,,,,,,,,1,2,1,2.0,3
201400025197,0014-05-20 11:50:00,14,5,20,11,50,340,172,"970, MOULARES (CHEMIN DE",43.59746,3.89284,Plein jour,En agglomération,Hors intersection,Temps couvert,Deux véhicules - arrière,,,,,,,,,,,1,2,1,8.0,2
201400025198,0014-05-20 15:45:00,14,5,20,15,45,340,172,PAVELET (AVENUE DU COLON,43.59083,3.85729,Plein jour,En agglomération,Hors intersection,Temps couvert,Autre collision,,,,,,,,,,,1,2,1,8.0,6
201400025199,0014-05-22 04:10:00,14,5,22,4,10,340,172,SANS RAYMOND DUGRAND (A,43.59505,3.90553,Nuit avec éclairage allumé,En agglomération,Hors intersection,Pluie légère,Sans collision,,,,,,,,,,,5,2,1,2.0,7
201400025200,0014-05-23 01:30:00,14,5,23,1,30,340,172,"SANS, PENELOPE (BOULEVAR",43.60313,3.91341,Nuit avec éclairage allumé,En agglomération,Hors intersection,Normale,Sans collision,,,,,,,,,,,5,2,1,1.0,7
201400025201,0014-05-23 13:05:00,14,5,23,13,5,340,172,"0, POMPIGNANE (AVENUE DE",43.6183,3.89741,Plein jour,En agglomération,Intersection en T,Normale,Deux véhicules - côté,,,,,,,,,,,1,2,3,1.0,3
201400025202,0014-05-23 18:50:00,14,5,23,18,50,340,172,"170, MONTELS-EGLISE (RUE",43.58214,3.88603,Plein jour,En agglomération,Hors intersection,Temps couvert,Deux véhicules - côté,,,,,,,,,,,1,2,1,8.0,3
201400025203,0014-05-23 15:50:00,14,5,23,15,50,340,172,"178, SICILE (RUE DE)",43.63524,3.81303,Plein jour,En agglomération,Hors intersection,Normale,Autre collision,,,,,,,,,,,1,2,1,1.0,6
201400025204,0014-05-25 09:35:00,14,5,25,9,35,340,172,"0, TOULOUSE (AVENUE DE",43.60032,3.86743,Plein jour,En agglomération,Intersection en T,Normale,Deux véhicules - côté,,,,,,,,,,,1,2,3,1.0,3
201400025205,0014-05-25 14:50:00,14,5,25,14,50,340,172,"sans, PAS DU LOUP (RUE D",43.60019,3.84832,Plein jour,En agglomération,Hors intersection,Temps couvert,Autre collision,,,,,,,,,,,1,2,1,8.0,6
201400025206,0014-05-25 18:30:00,14,5,25,18,30,340,172,"sans, POITIERS (AVENUE G",43.63969,3.81857,Plein jour,En agglomération,Hors intersection,Normale,Deux véhicules - frontale,,,,,,,,,,,1,2,1,1.0,1
201400025207,0014-05-27 17:00:00,14,5,27,17,0,340,172,"6, GRAU (RUE DU)",43.5926,3.88513,Plein jour,En agglomération,Hors intersection,Temps couvert,Autre collision,,,,,,,,,,,1,2,1,8.0,6
201400025208,0014-05-27 18:25:00,14,5,27,18,25,340,129,EUROPE (PLACE DE L'),43.57159,3.90636,Plein jour,En agglomération,Hors intersection,Normale,Deux véhicules - côté,,,,,,,,,,,1,2,1,1.0,3
201400025209,0014-05-28 07:05:00,14,5,28,7,5,340,172,BICENTENAIRE (PLACE DU),43.60368,3.87878,Plein jour,En agglomération,Hors intersection,Normale,Sans collision,,,,,,,,,,,1,2,1,1.0,7
201400025210,0014-05-29 01:20:00,14,5,29,1,20,340,172,"15, GAMBETTA (COURS)",43.60058,3.8732,Nuit avec éclairage allumé,En agglomération,Hors intersection,Normale,Sans collision,,,,,,,,,,,5,2,1,1.0,7
201400025211,0014-05-30 18:45:00,14,5,30,18,45,340,172,"SANS, BIONNE (RUE DE)",43.61143,3.82743,Plein jour,En agglomération,Hors intersection,Temps couvert,Deux véhicules - frontale,,,,,,,,,,,1,2,1,8.0,1
201400025212,0014-05-30 21:05:00,14,5,30,21,5,340,172,"44, BERTHELOT (BOULEVARD",43.59972,3.87533,Nuit avec éclairage non allumé,En agglomération,Hors intersection,Pluie légère,Deux véhicules - côté,,,,,,,,,,,4,2,1,2.0,3
201400025213,0014-06-01 16:10:00,14,6,1,16,10,340,172,TOULOUSE (AVENUE DE,43.5974,3.86424,Plein jour,En agglomération,Intersection en X,Normale,Deux véhicules - côté,,,,,,,,,,,1,2,2,1.0,3
201400025214,0014-06-01 20:00:00,14,6,1,20,0,340,172,FONT CARRADE (RUE DE),43.6081,3.85871,Plein jour,En agglomération,Giratoire,Normale,Deux véhicules - arrière,,,,,,,,,,,1,2,6,1.0,2
201400025215,0014-06-02 08:00:00,14,6,2,8,0,340,172,"4, BOUISSON-BERTRAND (AV",43.61625,3.87465,Plein jour,En agglomération,Hors intersection,Normale,Autre collision,,,,,,,,,,,1,2,1,1.0,6
201400025216,0014-06-02 17:00:00,14,6,2,17,0,340,172,ALCO (ROND POINT D'),43.62342,3.83394,Plein jour,En agglomération,Hors intersection,Normale,Deux véhicules - côté,,,,,,,,,,,1,2,1,1.0,3
201400025217,0014-06-04 04:15:00,14,6,4,4,15,340,172,ANTONELLI (AVENUE DU PRO,43.59927,3.89388,Nuit avec éclairage non allumé,En agglomération,Intersection en X,Normale,Autre collision,,,,,,,,,,,4,2,2,1.0,6
201400025218,0014-06-05 02:00:00,14,6,5,2,0,340,198,"0, D66  VOIE RAPIDE",43.60077,3.93828,Nuit sans éclairage public,Hors agglomération,Hors intersection,Normale,Autre collision,,,,,,,,,,,3,1,1,1.0,6
201400025219,0014-06-07 12:30:00,14,6,7,12,30,340,172,"sans, CARTIER (AVENUE JA",,,Plein jour,En agglomération,Hors intersection,Normale,Deux véhicules - côté,,,,,,,,,,,1,2,1,1.0,3
201400025220,0014-06-10 21:20:00,14,6,10,21,20,340,172,"SANS, FES (RUE DE)",43.63387,3.83237,Crépuscule ou aube,En agglomération,Intersection en X,Normale,Deux véhicules - côté,,,,,,,,,,,2,2,2,1.0,3
201400025221,0014-06-11 13:45:00,14,6,11,13,45,340,172,"23, PELLICIER (RUE GUILL",43.60764,3.86715,Plein jour,En agglomération,Hors intersection,Normale,Autre collision,,,,,,,,,,,1,2,1,1.0,6
201400025222,0014-06-15 01:00:00,14,6,15,1,0,340,172,"SANS, GRASSET (AVENUE DU",43.62147,3.86854,Nuit avec éclairage allumé,En agglomération,Intersection en X,Normale,Deux véhicules - côté,,,,,,,,,,,5,2,2,1.0,3
201400025223,0014-06-15 19:30:00,14,6,15,19,30,340,172,"211, CARRIEU (RUE MARIUS",,,Plein jour,En agglomération,Hors intersection,Normale,Autre collision,,,,,,,,,,,1,2,1,1.0,6
201400025224,0014-06-16 14:30:00,14,6,16,14,30,340,172,"0, MOULINS (AVENUE DES",43.63178,3.84227,Plein jour,En agglomération,Hors intersection,Normale,Deux véhicules - arrière,,,,,,,,,,,1,2,1,1.0,2
201400025225,0014-06-16 17:25:00,14,6,16,17,25,340,172,"7, LODEVE (ROUTE DE)",43.6146,3.82951,Plein jour,En agglomération,Hors intersection,Normale,Deux véhicules - côté,,,,,,,,,,,1,2,1,1.0,3
201400025226,0014-06-17 10:15:00,14,6,17,10,15,340,172,"0, MARIE DE MONTPELLIER",43.60089,3.89771,Plein jour,En agglomération,Intersection en T,Normale,Deux véhicules - côté,,,,,,,,,,,1,2,3,1.0,3
201400025227,0014-06-20 12:55:00,14,6,20,12,55,340,172,"100, POMPIGNANE (AVENUE",43.6075,3.89859,Plein jour,En agglomération,Hors intersection,Normale,Deux véhicules - arrière,,,,,,,,,,,1,2,1,1.0,2
201400025228,0014-06-20 14:50:00,14,6,20,14,50,340,172,"1996, RAVAZ (AVENUE DU P",43.62511,3.8413,Plein jour,En agglomération,Intersection en T,Normale,Deux véhicules - arrière,,,,,,,,,,,1,2,3,1.0,2
201400025229,0014-06-23 00:50:00,14,6,23,0,50,340,129,BOIRARGUES (AVENUE DE),43.57565,3.91142,Nuit avec éclairage allumé,En agglomération,Giratoire,Normale,Autre collision,,,,,,,,,,,5,2,6,1.0,6
201400025230,0014-06-23 18:30:00,14,6,23,18,30,340,172,"0, VALERY (BOULEVARD PAU",43.59328,3.85189,Plein jour,En agglomération,Hors intersection,Normale,Deux véhicules - côté,,,,,,,,,,,1,2,1,1.0,3
201400025231,0014-06-27 15:10:00,14,6,27,15,10,340,172,"0, MARIE DE MONTPELLIER",43.60076,3.89752,Plein jour,En agglomération,Intersection en T,Normale,Deux véhicules - côté,,,,,,,,,,,1,2,3,1.0,3
201400025232,0014-06-24 17:00:00,14,6,24,17,0,340,172,"284, VIALA (AVENUE PROFE",43.63637,3.82704,Plein jour,En agglomération,Hors intersection,Normale,Autre collision,,,,,,,,,,,1,2,1,1.0,6
201400025233,0014-06-24 19:15:00,14,6,24,19,15,340,172,"SANS, PETIT BARD (AVENUE",43.61608,3.83604,Plein jour,En agglomération,Hors intersection,Normale,Autre collision,,,,,,,,,,,1,2,1,1.0,6
201400025234,0014-06-25 12:00:00,14,6,25,12,0,340,172,PETIT SEMINAIRE (RUE DU),43.61506,3.83061,Plein jour,En agglomération,Hors intersection,Normale,Autre collision,,,,,,,,,,,1,2,1,1.0,6
201400025235,0014-06-25 17:10:00,14,6,25,17,10,340,172,JOUHAUX (AVENUE LEON),43.59335,3.82061,Plein jour,Hors agglomération,Hors intersection,Temps couvert,Deux véhicules - arrière,,,,,,,,,,,1,1,1,8.0,2
201400025236,0014-06-26 15:10:00,14,6,26,15,10,340,172,CITADELLE (PASSERELLE DE,43.61402,3.88305,Plein jour,En agglomération,Hors intersection,Normale,Autre collision,,,,,,,,,,,1,2,1,1.0,6
201400025237,0014-06-26 14:45:00,14,6,26,14,45,340,172,BOULLOCHE (RUE ANDRE),43.641,3.8464,Plein jour,En agglomération,Hors intersection,Normale,Deux véhicules - frontale,,,,,,,,,,,1,2,1,1.0,1
201400025238,0014-06-26 18:30:00,14,6,26,18,30,340,172,GRANIER (ROND POINT ERNE,43.60244,3.90093,Plein jour,En agglomération,Giratoire,Normale,Trois véhicules et plus - collisions multiples,,,,,,,,,,,1,2,6,1.0,5
201400025239,0014-06-26 22:40:00,14,6,26,22,40,340,172,"SANS, JUVENAL (PONT)",43.60591,3.89405,Nuit avec éclairage allumé,En agglomération,Intersection en X,Normale,Deux véhicules - côté,,,,,,,,,,,5,2,2,1.0,3
201400025240,0014-06-27 17:00:00,14,6,27,17,0,340,172,"0, BIONNE (RUE DE)",43.61135,3.82801,Plein jour,En agglomération,Intersection en T,Normale,Deux véhicules - côté,,,,,,,,,,,1,2,3,1.0,3
201400025241,0014-06-27 19:55:00,14,6,27,19,55,340,172,"0, ALBERT 1ER (PLACE)",43.6161,3.87481,Plein jour,En agglomération,Hors intersection,Normale,Sans collision,,,,,,,,,,,1,2,1,1.0,7
201400025242,0014-06-30 18:20:00,14,6,30,18,20,340,172,"SANS, DUBOUT (AVENUE ALB",43.59699,3.87777,Plein jour,En agglomération,Hors intersection,Normale,Deux véhicules - côté,,,,,,,,,,,1,2,1,1.0,3
201400025243,0014-07-01 14:20:00,14,7,1,14,20,340,172,SCHUMAN (PLACE ROBERT),43.6202,3.81787,Plein jour,En agglomération,Hors intersection,Temps couvert,Deux véhicules - côté,,,,,,,,,,,1,2,1,8.0,3
201400025244,0014-07-02 18:30:00,14,7,2,18,30,340,129,D132,43.57886,3.88435,Plein jour,Hors agglomération,Hors intersection,Normale,Deux véhicules - côté,,,,,,,,,,,1,1,1,1.0,3
201400025245,0014-07-03 07:30:00,14,7,3,7,30,340,172,ORIENT (BOULEVARD D'),43.60189,3.8849,Plein jour,En agglomération,Hors intersection,Normale,Autre collision,,,,,,,,,,,1,2,1,1.0,6
201400025246,0014-07-04 21:15:00,14,7,4,21,15,340,172,TOULOUSE (AVENUE DE,43.59742,3.86419,Nuit avec éclairage allumé,En agglomération,Intersection en X,Normale,Deux véhicules - côté,,,,,,,,,,,5,2,2,1.0,3