accident_id,datetime,annee,mois,jour,heure,minute,departement,commune_insee,adresse,latitude,longitude,luminosite,agglomeration,intersection,meteo,collision,nb_vehicules,nb_usagers,nb_indemnes,nb_tues,nb_blesses_hosp,nb_blesses_legers,age_cond_1,age_cond_2,veh_type_cond_1,veh_type_cond_2,lum_code,agg_code,int_code,atm_code,col_code
201400025855,0014-09-19 16:20:00,14,9,19,16,20,350,278,PORTE DE ST MALO,48.13263,-1.70803,Plein jour,Hors agglomération,Hors intersection,Normale,Deux véhicules - arrière,,,,,,,,,,,1,1,1,1.0,2
201400025856,0014-09-20 10:00:00,14,9,20,10,0,350,238,"30, CANAL ST MARTIN",48.1225,-1.67962,Plein jour,En agglomération,Hors intersection,Normale,Autre collision,,,,,,,,,,,1,2,1,1.0,6
201400025857,0014-09-25 14:10:00,14,9,25,14,10,350,51,"00, BRAY (ROND-POINT DE)",48.10114,-1.6096,Plein jour,En agglomération,Giratoire,Normale,Deux véhicules - arrière,,,,,,,,,,,1,2,6,1.0,2
201400025858,0014-09-25 14:35:00,14,9,25,14,35,350,238,ANTRAIN/ST ANNE,48.1145,-1.67943,Plein jour,En agglomération,Intersection en X,Normale,Autre collision,,,,,,,,,,,1,2,2,1.0,6
201400025859,0014-09-25 18:30:00,14,9,25,18,30,350,51,RIGOURDIERE (PORTE DE LA,48.11884,-1.57252,Plein jour,Hors agglomération,Hors intersection,Normale,Trois véhicules et plus - en chaîne,,,,,,,,,,,1,1,1,1.0,4
201400025860,0014-09-25 18:20:00,14,9,25,18,20,350,51,RIGOURDIERE (PORTE DE LA,,,Plein jour,Hors agglomération,Hors intersection,Normale,Deux véhicules - arrière,,,,,,,,,,,1,1,1,1.0,2
201400025861,0014-09-26 15:05:00,14,9,26,15,5,350,238,CANADA/NORV?GE,48.0869,-1.68234,Plein jour,En agglomération,Giratoire,Normale,Autre collision,,,,,,,,,,,1,2,6,1.0,6
201400025862,0014-09-29 15:05:00,14,9,29,15,5,350,238,"00, CANADA (AVENUE DU)",48.08788,-1.68225,Plein jour,En agglomération,Hors intersection,Normale,Autre collision,,,,,,,,,,,1,2,1,1.0,6
201400025863,0014-09-26 18:50:00,14,9,26,18,50,350,278,"00, RD 82",48.1616,-1.68995,Plein jour,En agglomération,Giratoire,Temps éblouissant,Deux véhicules - côté,,,,,,,,,,,1,2,6,7.0,3
201400025864,0014-09-27 11:55:00,14,9,27,11,55,350,238,"57, AVENUE A.BRIAND",48.1103,-1.66605,Plein jour,En agglomération,Hors intersection,Normale,Deux véhicules - arrière,,,,,,,,,,,1,2,1,1.0,2
201400025865,0014-09-30 08:39:00,14,9,30,8,39,350,278,RD 29,48.16256,-1.68371,Plein jour,Hors agglomération,Intersection en X,Brouillard / fumée,Trois véhicules et plus - en chaîne,,,,,,,,,,,1,1,2,5.0,4
201400025866,0014-10-02 08:15:00,14,10,2,8,15,350,238,ROCADE 5-6,,,Plein jour,Hors agglomération,Hors intersection,Normale,Trois véhicules et plus - collisions multiples,,,,,,,,,,,1,1,1,1.0,5
201400025867,0014-10-02 21:00:00,14,10,2,21,0,350,238,ALMA/BEAUMONT,48.1035,-1.67694,Nuit avec éclairage allumé,En agglomération,Intersection en X,Normale,Autre collision,,,,,,,,,,,5,2,2,1.0,6
201400025868,0014-10-03 06:25:00,14,10,3,6,25,350,238,BRETAGNE/CHALOTAIS,48.1093,-1.68423,Nuit avec éclairage allumé,En agglomération,Intersection en T,Normale,Autre collision,,,,,,,,,,,5,2,3,1.0,6
201400025869,0014-10-03 08:15:00,14,10,3,8,15,350,238,STRASBOURG-LECLERC,48.1146,-1.65579,Plein jour,En agglomération,Intersection en Y,Normale,Deux véhicules - arrière,,,,,,,,,,,1,2,4,1.0,2
201400025870,0014-10-04 15:00:00,14,10,4,15,0,350,278,"32, BOUTIERE (BOULEVARD",48.14684,-1.69628,Plein jour,En agglomération,Hors intersection,Pluie forte,Sans collision,,,,,,,,,,,1,2,1,3.0,7
201400025871,0014-10-03 12:20:00,14,10,3,12,20,350,238,ALL?E J.NO?L,48.119,-1.6486,Plein jour,En agglomération,Hors intersection,Normale,Autre collision,,,,,,,,,,,1,2,1,1.0,6
201400025872,0014-10-04 08:50:00,14,10,4,8,50,350,238,NEMOURS/LAMARTINE,48.1102,-1.68021,Plein jour,En agglomération,Intersection en X,Normale,Deux véhicules - côté,,,,,,,,,,,1,2,2,1.0,3
201400025873,0014-10-04 15:00:00,14,10,4,15,0,350,238,K?RANGAL/H?MON,48.0938,-1.68583,Plein jour,En agglomération,Intersection en T,Pluie forte,Autre collision,,,,,,,,,,,1,2,3,3.0,6
201400025874,0014-10-04 18:50:00,14,10,4,18,50,350,238,PAYS BAS/PORTUGAL,48.0835,-1.66098,Plein jour,En agglomération,Intersection en T,Pluie légère,Deux véhicules - côté,,,,,,,,,,,1,2,3,2.0,3
201400025875,0014-10-04 19:40:00,14,10,4,19,40,350,206,PORTE DE NANTES,48.08,-1.68199,Nuit sans éclairage public,En agglomération,Intersection à plus de 4 branches,Normale,Deux véhicules - arrière,,,,,,,,,,,3,2,5,1.0,2
201400025876,0014-10-05 16:25:00,14,10,5,16,25,350,238,YOUGOSLAVIE/BOSNIE,48.0882,-1.6561,Plein jour,En agglomération,Intersection en T,Normale,Autre collision,,,,,,,,,,,1,2,3,1.0,6
201400025877,0014-10-05 18:05:00,14,10,5,18,5,350,281,"00, RD 177",48.06751,-1.71432,Plein jour,En agglomération,Intersection en T,Normale,Deux véhicules - arrière,,,,,,,,,,,1,2,3,1.0,2
201400025878,0014-10-06 13:00:00,14,10,6,13,0,350,51,RIGOURDIERE (PORTE DE LA,48.11974,-1.57261,Plein jour,Hors agglomération,Hors intersection,Pluie légère,Sans collision,,,,,,,,,,,1,1,1,2.0,7
201400025879,0014-10-07 20:15:00,14,10,7,20,15,350,238,ALMA/J.CARTIER,48.0974,-1.67516,Nuit avec éclairage allumé,En agglomération,Intersection en X,Normale,Deux véhicules - côté,,,,,,,,,,,5,2,2,1.0,3
201400025880,0014-10-07 20:10:00,14,10,7,20,10,350,51,"00, BOURGCHEVREUIL (MAIL",48.11847,-1.60398,Nuit avec éclairage allumé,En agglomération,Hors intersection,Normale,Autre collision,,,,,,,,,,,5,2,1,1.0,6
201400025881,0014-10-08 08:40:00,14,10,8,8,40,350,51,RIGOURDIERE (PORTE DE LA,48.11444,-1.57094,Plein jour,Hors agglomération,Hors intersection,Normale,Sans collision,,,,,,,,,,,1,1,1,1.0,7
201400025882,0014-10-09 14:00:00,14,10,9,14,0,350,51,"26, ERBONIERE (RUE DE L)",48.10334,-1.6247,Plein jour,En agglomération,Hors intersection,Pluie légère,Deux véhicules - côté,,,,,,,,,,,1,2,1,2.0,3
201400025883,0014-10-10 08:20:00,14,10,10,8,20,350,51,"00, LONGCHAMPS (PORTE DE",48.14198,-1.6628,Crépuscule ou aube,Hors agglomération,Hors intersection,Normale,Trois véhicules et plus - en chaîne,,,,,,,,,,,2,1,1,1.0,4
201400025884,0014-10-10 11:45:00,14,10,10,11,45,350,238,PAYS BAS/PORTUGAL,48.0835,-1.66098,Plein jour,En agglomération,Intersection en T,Normale,Autre collision,,,,,,,,,,,1,2,3,1.0,6
201400025885,0014-10-11 18:00:00,14,10,11,18,0,350,238,PORTE DE VILLEJEAN,48.1273,-1.71331,Plein jour,En agglomération,Intersection à plus de 4 branches,Normale,Deux véhicules - arrière,,,,,,,,,,,1,2,5,1.0,2
201400025886,0014-10-11 18:00:00,14,10,11,18,0,350,238,PORTE DE CLEUNAY,48.0992,-1.71432,Plein jour,En agglomération,Intersection à plus de 4 branches,Normale,Autre collision,,,,,,,,,,,1,2,5,1.0,6
201400025887,0014-10-13 08:35:00,14,10,13,8,35,350,238,18 RUE P?TIS TATELIN,48.1348,-1.63744,Plein jour,En agglomération,Hors intersection,Normale,Deux véhicules - côté,,,,,,,,,,,1,2,1,1.0,3
201400025888,0014-10-13 13:50:00,14,10,13,13,50,350,238,LEGRAVEREND/DINAN,48.1173,-1.68311,Plein jour,En agglomération,Intersection en X,Normale,Autre collision,,,,,,,,,,,1,2,2,1.0,6
201400025889,0014-10-13 14:20:00,14,10,13,14,20,350,238,PAVIE/VILLEBOIS MAREUIL,48.1041,-1.65012,Plein jour,En agglomération,Giratoire,Temps couvert,Deux véhicules - côté,,,,,,,,,,,1,2,6,8.0,3
201400025890,0014-10-13 17:15:00,14,10,13,17,15,350,238,PORTE D'ANGERS,48.0834,-1.64317,Plein jour,En agglomération,Intersection à plus de 4 branches,Normale,Trois véhicules et plus - en chaîne,,,,,,,,,,,1,2,5,1.0,4
201400025891,0014-10-14 06:00:00,14,10,14,6,0,350,238,PORTE D'ANGERS,48.0834,-1.64317,Nuit sans éclairage public,En agglomération,Intersection à plus de 4 branches,Normale,Trois véhicules et plus - collisions multiples,,,,,,,,,,,3,2,5,1.0,5
201400025892,0014-10-14 20:30:00,14,10,14,20,30,350,238,METZ/G.LEJEAN,48.1162,-1.65831,Nuit avec éclairage allumé,En agglomération,Intersection en X,Normale,Deux véhicules - côté,,,,,,,,,,,5,2,2,1.0,3
201400025893,0014-10-15 08:45:00,14,10,15,8,45,350,55,"00, RD 163",48.07819,-1.63274,Plein jour,Hors agglomération,Giratoire,Pluie légère,Deux véhicules - côté,,,,,,,,,,,1,1,6,2.0,3
201400025894,0014-10-15 19:35:00,14,10,15,19,35,350,238,LA?NNEC/ST H?LIER,48.1056,-1.66605,Crépuscule ou aube,En agglomération,Intersection en X,Pluie légère,Autre collision,,,,,,,,,,,2,2,2,2.0,6
201400025895,0014-10-16 07:55:00,14,10,16,7,55,350,238,"175, AVENUE PATTON",48.127,-1.66512,Crépuscule ou aube,En agglomération,Hors intersection,Pluie légère,Autre collision,,,,,,,,,,,2,2,1,2.0,6
201400025896,0014-10-16 08:50:00,14,10,16,8,50,350,238,COU?DIC/LA T.D'AUVERGNE,48.1039,-1.68435,Plein jour,En agglomération,Intersection en T,Normale,Autre collision,,,,,,,,,,,1,2,3,1.0,6
201400025897,0014-10-16 18:20:00,14,10,16,18,20,350,238,ANTRAIN/VINCENNES,48.1182,-1.67633,Plein jour,En agglomération,Intersection en X,Normale,Deux véhicules - côté,,,,,,,,,,,1,2,2,1.0,3
201400025898,0014-10-16 18:10:00,14,10,16,18,10,350,238,"00, TOURAUDAIS (AVENUE D",48.12017,-1.63141,Plein jour,En agglomération,Intersection en T,Pluie légère,Deux véhicules - côté,,,,,,,,,,,1,2,3,2.0,3
201400025899,0014-10-16 21:45:00,14,10,16,21,45,350,238,L.GUILLOUX/MARBEUF,48.112,-1.70236,Nuit avec éclairage allumé,En agglomération,Intersection en X,Pluie forte,Deux véhicules - côté,,,,,,,,,,,5,2,2,3.0,3
201400025900,0014-10-17 09:20:00,14,10,17,9,20,350,51,"00, ALLIES (BOULEVARD DE",48.13102,-1.62115,Plein jour,En agglomération,Intersection en T,Temps couvert,Deux véhicules - côté,,,,,,,,,,,1,2,3,8.0,3
201400025901,0014-10-18 03:45:00,14,10,18,3,45,350,51,NORMANDIE (PORTE DE),48.14799,-1.61393,Nuit sans éclairage public,Hors agglomération,Hors intersection,Normale,Deux véhicules - arrière,,,,,,,,,,,3,1,1,1.0,2
201400025902,0014-10-19 07:15:00,14,10,19,7,15,350,281,"09, DODIN (AVENUE ROGER)",48.08817,-1.70679,Nuit avec éclairage allumé,En agglomération,Hors intersection,Normale,Autre collision,,,,,,,,,,,5,2,1,1.0,6
201400025903,0014-10-19 19:45:00,14,10,19,19,45,350,238,ST H?LIER/CR?CHE,48.1063,-1.66791,Crépuscule ou aube,En agglomération,Intersection en T,Normale,Deux véhicules - arrière,,,,,,,,,,,2,2,3,1.0,2
201400025904,0014-10-20 16:50:00,14,10,20,16,50,350,238,FOUG?RES/COURTELINE,48.1251,-1.6567,Plein jour,En agglomération,Intersection en X,Temps couvert,Autre collision,,,,,,,,,,,1,2,2,8.0,6
201400025905,0014-10-20 21:55:00,14,10,20,21,55,350,238,PORTE DE CLEUNAY,48.1047,-1.71671,Nuit sans éclairage public,En agglomération,Intersection à plus de 4 branches,Normale,Deux véhicules - arrière,,,,,,,,,,,3,2,5,1.0,2
201400025906,0014-10-21 20:10:00,14,10,21,20,10,350,238,"19, BD DU COLOMBIER",48.1024,-1.67992,Nuit avec éclairage allumé,En agglomération,Hors intersection,Pluie légère,Deux véhicules - côté,,,,,,,,,,,5,2,1,2.0,3
201400025907,0014-10-22 07:50:00,14,10,22,7,50,350,238,VERN/HAUTES OURMES,48.0877,-1.64463,Nuit avec éclairage allumé,En agglomération,Giratoire,Temps couvert,Deux véhicules - côté,,,,,,,,,,,5,2,6,8.0,3
201400025908,0014-10-22 12:10:00,14,10,22,12,10,350,238,G.POMPIDOU/BUF?RON,48.1,-1.68662,Plein jour,En agglomération,Intersection en X,Normale,Deux véhicules - côté,,,,,,,,,,,1,2,2,1.0,3
201400025909,0014-10-22 11:25:00,14,10,22,11,25,350,238,LIBERT?/ISLY,48.1074,-1.67784,Plein jour,En agglomération,Intersection en X,Normale,Autre collision,,,,,,,,,,,1,2,2,1.0,6
201400025910,0014-10-22 13:25:00,14,10,22,13,25,350,238,F.CH?TEAU/JOU?,48.1118,-1.64641,Plein jour,En agglomération,Giratoire,Normale,Autre collision,,,,,,,,,,,1,2,6,1.0,6
201400025911,0014-10-22 22:15:00,14,10,22,22,15,350,238,"1, AV DE LA PR?FECTURE",48.1271,-1.6933,Nuit avec éclairage allumé,En agglomération,Hors intersection,Normale,Deux véhicules - côté,,,,,,,,,,,5,2,1,1.0,3
201400025912,0014-10-24 13:50:00,14,10,24,13,50,350,238,SUISSE/BERNE,48.0865,-1.66508,Plein jour,En agglomération,Intersection en T,Temps couvert,Deux véhicules - côté,,,,,,,,,,,1,2,3,8.0,3
201400025913,0014-10-24 13:35:00,14,10,24,13,35,350,238,ROCADE SUD EXT,48.0812,-1.66324,Plein jour,En agglomération,Hors intersection,Normale,Deux véhicules - côté,,,,,,,,,,,1,2,1,1.0,3
201400025914,0014-10-24 15:40:00,14,10,24,15,40,350,238,LORIENT/J/LEMAISTRE,48.1045,-1.71923,Plein jour,En agglomération,Intersection en T,Normale,Deux véhicules - côté,,,,,,,,,,,1,2,3,1.0,3
201400025915,0014-10-24 17:00:00,14,10,24,17,0,350,278,PORTE DE ST MALO,48.14091,-1.68268,Plein jour,Hors agglomération,Hors intersection,Normale,Deux véhicules - arrière,,,,,,,,,,,1,1,1,1.0,2
201400025916,0014-10-24 03:05:00,14,10,24,3,5,350,238,"00, HAUT-SANCE (AVENUE D",,,Nuit avec éclairage allumé,En agglomération,Giratoire,Normale,Sans collision,,,,,,,,,,,5,2,6,1.0,7
201400025917,0014-10-25 03:05:00,14,10,25,3,5,350,238,BIGNON/HAUT SANC?,48.0965,-1.63701,Nuit avec éclairage allumé,En agglomération,Giratoire,Normale,Sans collision,,,,,,,,,,,5,2,6,1.0,7
201400025918,0014-10-25 17:15:00,14,10,25,17,15,350,238,AVENUE DES GAYEULLES,48.138,-1.6523,Plein jour,En agglomération,Hors intersection,Normale,Deux véhicules - côté,,,,,,,,,,,1,2,1,1.0,3
201400025919,0014-10-30 23:10:00,14,10,30,23,10,350,238,DUGUAY TROUIN/MISSION,48.1101,-1.68461,Nuit avec éclairage allumé,En agglomération,Intersection en X,Normale,Sans collision,,,,,,,,,,,5,2,2,1.0,7
201400025920,0014-10-31 12:15:00,14,10,31,12,15,350,51,"00, RIGOURDIERE (RUE DE",48.11211,-1.58705,Plein jour,En agglomération,Hors intersection,Normale,Autre collision,,,,,,,,,,,1,2,1,1.0,6
201400025921,0014-11-02 17:30:00,14,11,2,17,30,350,51,"00, CARADEUC (AVENUE DE)",48.12,-1.60641,Plein jour,En agglomération,Intersection en T,Temps couvert,Deux véhicules - côté,,,,,,,,,,,1,2,3,8.0,3
201400025922,0014-11-04 06:00:00,14,11,4,6,0,350,281,"00, DODIN (AVENUE ROGER)",48.08216,-1.71123,Nuit avec éclairage allumé,En agglomération,Giratoire,Temps couvert,Deux véhicules - côté,,,,,,,,,,,5,2,6,8.0,3
201400025923,0014-11-06 07:45:00,14,11,6,7,45,350,238,"33, CHEZY (BD DE)",,,Crépuscule ou aube,En agglomération,Intersection en X,Temps couvert,Sans collision,,,,,,,,,,,2,2,2,8.0,7
201400025924,0014-11-05 07:50:00,14,11,5,7,50,350,238,N.DU FAIL/CH?ZY,48.1174,-1.68584,Crépuscule ou aube,En agglomération,Intersection en T,Temps couvert,Deux véhicules - côté,,,,,,,,,,,2,2,3,8.0,3
201400025925,0014-11-05 13:30:00,14,11,5,13,30,350,238,RUE SAINT-H?LIER,48.1054,-1.66574,Plein jour,En agglomération,Hors intersection,Pluie légère,Trois véhicules et plus - en chaîne,,,,,,,,,,,1,2,1,2.0,4
201400025926,0014-11-06 08:20:00,14,11,6,8,20,350,238,J.GU?HENNO/BRIZEUX,48.1182,-1.67237,Plein jour,En agglomération,Intersection en T,Temps couvert,Sans collision,,,,,,,,,,,1,2,3,8.0,7
201400025927,0014-11-06 15:27:00,14,11,6,15,27,350,238,ISLY/PL?LO,48.1064,-1.67774,Plein jour,En agglomération,Intersection en T,Temps couvert,Deux véhicules - arrière,,,,,,,,,,,1,2,3,8.0,2
201400025928,0014-11-07 15:35:00,14,11,7,15,35,350,51,"00, RD96",48.13176,-1.59722,Plein jour,En agglomération,Giratoire,Temps éblouissant,Autre collision,,,,,,,,,,,1,2,6,7.0,6
201400025929,0014-11-07 19:10:00,14,11,7,19,10,350,238,LORIETTES/BOSPHORE,48.0839,-1.67686,Nuit avec éclairage allumé,En agglomération,Giratoire,Normale,Autre collision,,,,,,,,,,,5,2,6,1.0,6
201400025930,0014-11-07 20:10:00,14,11,7,20,10,350,238,PORTE DE CLEUNAY,48.0992,-1.71432,Nuit sans éclairage public,En agglomération,Intersection à plus de 4 branches,Normale,Trois véhicules et plus - en chaîne,,,,,,,,,,,3,2,5,1.0,4
201400025931,0014-11-09 12:40:00,14,11,9,12,40,350,238,JAUR?S/ZOLA,48.1098,-1.67782,Plein jour,En agglomération,Intersection en X,Normale,Autre collision,,,,,,,,,,,1,2,2,1.0,6
201400025932,0014-11-10 16:58:00,14,11,10,16,58,350,206,ALL?E D'UKRAINE,48.0814,-1.68128,Plein jour,En agglomération,Hors intersection,Pluie légère,Deux véhicules - côté,,,,,,,,,,,1,2,1,2.0,3
201400025933,0014-11-10 19:00:00,14,11,10,19,0,350,238,"14, RUE L ET R.MOINE",48.091,-1.68212,Nuit avec éclairage allumé,En agglomération,Hors intersection,Normale,Deux véhicules - côté,,,,,,,,,,,5,2,1,1.0,3
201400025934,0014-11-11 11:35:00,14,11,11,11,35,350,278,RN 137,48.1416,-1.6969,Plein jour,Hors agglomération,Hors intersection,Pluie légère,Deux véhicules - frontale,,,,,,,,,,,1,1,1,2.0,1
201400025935,0014-11-11 18:15:00,14,11,11,18,15,350,238,"00, DUCHESSE ANNE (BLD D",,,Plein jour,En agglomération,Hors intersection,Pluie légère,Sans collision,,,,,,,,,,,1,2,1,2.0,7
201400025936,0014-11-11 17:20:00,14,11,11,17,20,350,238,"11, BD DUCHESSE.ANNE",48.1157,-1.66598,Plein jour,En agglomération,Hors intersection,Pluie légère,Autre collision,,,,,,,,,,,1,2,1,2.0,6
201400025937,0014-11-12 08:14:00,14,11,12,8,14,350,238,"12, KERAUTRET BOTMEL (LO",,,Plein jour,En agglomération,Hors intersection,Normale,Sans collision,,,,,,,,,,,1,2,1,1.0,7
201400025938,0014-11-12 15:05:00,14,11,12,15,5,350,238,REDON/AB?LARD,48.1062,-1.68801,Plein jour,En agglomération,Intersection en T,Normale,Autre collision,,,,,,,,,,,1,2,3,1.0,6
201400025939,0014-11-12 16:29:00,14,11,12,16,29,350,278,"00, RD 137",48.15627,-1.70347,Plein jour,Hors agglomération,Hors intersection,Normale,Trois véhicules et plus - en chaîne,,,,,,,,,,,1,1,1,1.0,4
201400025940,0014-11-14 11:00:00,14,11,14,11,0,350,238,LORIENT/CALLO'CH,48.1083,-1.71281,Plein jour,En agglomération,Intersection en T,Normale,Autre collision,,,,,,,,,,,1,2,3,1.0,6
201400025941,0014-11-14 18:10:00,14,11,14,18,10,350,51,ALLIES (BOULEVARD DES),48.131,-1.62115,Nuit avec éclairage allumé,En agglomération,Hors intersection,Pluie légère,Deux véhicules - côté,,,,,,,,,,,5,2,1,2.0,3
201400025942,0014-11-14 19:15:00,14,11,14,19,15,350,238,H.FR?VILLE/BOSPHORE,48.0855,-1.67527,Nuit avec éclairage allumé,En agglomération,Intersection en T,Normale,Autre collision,,,,,,,,,,,5,2,3,1.0,6
201400025943,0014-11-16 09:30:00,14,11,16,9,30,350,278,ROCADE 13-14,48.14005,-1.69506,Plein jour,Hors agglomération,Hors intersection,Normale,Deux véhicules - arrière,,,,,,,,,,,1,1,1,1.0,2
201400025944,0014-11-17 11:30:00,14,11,17,11,30,350,55,"00, BIGNON (RUE DU)",48.09869,-1.62188,Plein jour,En agglomération,Giratoire,Temps couvert,Autre collision,,,,,,,,,,,1,2,6,8.0,6
201400025945,0014-11-17 16:40:00,14,11,17,16,40,350,238,LORRAINE/FLANDRE,48.123,-1.70599,Plein jour,En agglomération,Intersection en T,Pluie légère,Autre collision,,,,,,,,,,,1,2,3,2.0,6
201400025946,0014-11-17 18:00:00,14,11,17,18,0,350,238,"ALL?E,MORVAN LEBESQUE",48.1309,-1.63304,Nuit avec éclairage allumé,En agglomération,Hors intersection,Pluie forte,Deux véhicules - frontale,,,,,,,,,,,5,2,1,3.0,1
201400025947,0014-11-18 17:50:00,14,11,18,17,50,350,238,"8, RUE MAL JOFFRE",48.1088,-1.67784,Nuit avec éclairage allumé,En agglomération,Hors intersection,Normale,Autre collision,,,,,,,,,,,5,2,1,1.0,6
201400025948,0014-11-19 11:45:00,14,11,19,11,45,350,51,"00, CHALOTAIS (RUE DE LA",48.12279,-1.60216,Plein jour,En agglomération,Hors intersection,Normale,Deux véhicules - arrière,,,,,,,,,,,1,2,1,1.0,2
201400025949,0014-11-21 08:25:00,14,11,21,8,25,350,238,VITR?/J.JUGAN,48.1157,-1.64845,Plein jour,En agglomération,Intersection en X,Normale,Deux véhicules - côté,,,,,,,,,,,1,2,2,1.0,3
201400025950,0014-11-22 18:09:00,14,11,22,18,9,350,238,"24, METZ (BD DE)",,,Nuit avec éclairage allumé,En agglomération,Hors intersection,Normale,Autre collision,,,,,,,,,,,5,2,1,1.0,6
201400025951,0014-11-22 18:10:00,14,11,22,18,10,350,238,METZ/PALESTINE,48.1159,-1.65812,Nuit avec éclairage allumé,En agglomération,Intersection en T,Normale,Deux véhicules - côté,,,,,,,,,,,5,2,3,1.0,3
201400025952,0014-11-23 11:15:00,14,11,23,11,15,350,238,PORTE D'ANGERS,48.0819,-1.64664,Plein jour,En agglomération,Intersection à plus de 4 branches,Pluie légère,Sans collision,,,,,,,,,,,1,2,5,2.0,7
201400025953,0014-11-23 13:00:00,14,11,23,13,0,350,238,FR?VILLE/UKRAINE,48.0837,-1.67516,Plein jour,En agglomération,Intersection en X,Temps couvert,Deux véhicules - côté,,,,,,,,,,,1,2,2,8.0,3
201400025954,0014-11-24 08:15:00,14,11,24,8,15,350,51,LONGCHAMPS (PORTE DES),48.1471,-1.61582,Plein jour,Hors agglomération,Hors intersection,Normale,Deux véhicules - arrière,,,,,,,,,,,1,1,1,1.0,2
201400025955,0014-11-25 17:00:00,14,11,25,17,0,350,281,PORTE DE ST NAZAIRE,48.09005,-1.7047,Plein jour,Hors agglomération,Hors intersection,Pluie légère,Trois véhicules et plus - en chaîne,,,,,,,,,,,1,1,1,2.0,4
201400025956,0014-11-26 11:10:00,14,11,26,11,10,350,206,PORTE ALMA,48.08,-1.68199,Plein jour,En agglomération,Intersection à plus de 4 branches,Temps couvert,Deux véhicules - arrière,,,,,,,,,,,1,2,5,8.0,2
201400025957,0014-11-27 03:45:00,14,11,27,3,45,350,238,V.MAREUIL/S.DE BREUR,48.1089,-1.65435,Nuit avec éclairage allumé,En agglomération,Intersection en T,Temps couvert,Autre collision,,,,,,,,,,,5,2,3,8.0,6
201400025958,0014-11-27 16:50:00,14,11,27,16,50,350,238,"18, RUE D'ISLY",48.1057,-1.67765,Plein jour,En agglomération,Hors intersection,Normale,Autre collision,,,,,,,,,,,1,2,1,1.0,6
201400025959,0014-12-02 18:45:00,14,12,2,18,45,350,238,YSER/NICOLET,48.0907,-1.68045,Nuit avec éclairage allumé,En agglomération,Intersection en T,Normale,Autre collision,,,,,,,,,,,5,2,3,1.0,6
201400025960,0014-12-03 10:50:00,14,12,3,10,50,350,51,"00, RENNES (RUE DE)",48.11422,-1.61265,Plein jour,En agglomération,Hors intersection,Normale,Sans collision,,,,,,,,,,,1,2,1,1.0,7
201400025961,0014-12-03 18:50:00,14,12,3,18,50,350,281,"256, NANTES (RUE DE)",48.09206,-1.69171,Nuit avec éclairage allumé,En agglomération,Hors intersection,Temps couvert,Trois véhicules et plus - en chaîne,,,,,,,,,,,5,2,1,8.0,4
201400025962,0014-12-04 18:15:00,14,12,4,18,15,350,238,J.GU?HENNO/G.SAND,48.1188,-1.66839,Nuit avec éclairage allumé,En agglomération,Intersection en T,Pluie légère,Autre collision,,,,,,,,,,,5,2,3,2.0,6
201400025963,0014-12-05 20:10:00,14,12,5,20,10,350,238,ROCHESTER/G.ROPARTZ,48.128,-1.65746,Nuit avec éclairage allumé,En agglomération,Intersection en X,Temps couvert,Autre collision,,,,,,,,,,,5,2,2,8.0,6
201400025964,0014-12-05 19:50:00,14,12,5,19,50,350,238,PORTE DE MAUREPAS,48.1416,-1.66622,Nuit sans éclairage public,Hors agglomération,Hors intersection,Pluie légère,Sans collision,,,,,,,,,,,3,1,1,2.0,7
201400025965,0014-12-05 18:30:00,14,12,5,18,30,350,238,M.COLOMB/A.PAILHERET,48.1008,-1.65562,Nuit avec éclairage allumé,En agglomération,Intersection en T,Pluie légère,Deux véhicules - côté,,,,,,,,,,,5,2,3,2.0,3
201400025966,0014-12-06 12:05:00,14,12,6,12,5,350,238,BD DE YOUGOSLAVIE,48.0876,-1.65212,Plein jour,En agglomération,Hors intersection,Normale,Deux véhicules - arrière,,,,,,,,,,,1,2,1,1.0,2
201400025967,0014-12-06 11:40:00,14,12,6,11,40,350,238,L.BOURGEOIS/LE DANTEC,48.09995,-1.65081,Plein jour,En agglomération,Intersection en T,Normale,Deux véhicules - arrière,,,,,,,,,,,1,2,3,1.0,2
201400025968,0014-12-06 18:30:00,14,12,6,18,30,350,238,PORTE DE LORIENT,48.1078,-1.71765,Nuit sans éclairage public,En agglomération,Intersection à plus de 4 branches,Normale,Deux véhicules - arrière,,,,,,,,,,,3,2,5,1.0,2
201400025969,0014-12-06 23:30:00,14,12,6,23,30,350,238,8 RUE D'ECHANGE,48.115,-1.6828,Nuit sans éclairage public,En agglomération,Hors intersection,Normale,Autre collision,,,,,,,,,,,3,2,1,1.0,6
201400025970,0014-12-08 18:35:00,14,12,8,18,35,350,238,P.AMYS/A.GU?RIN,48.1097,-1.65635,Nuit avec éclairage allumé,En agglomération,Intersection en T,Pluie légère,Deux véhicules - côté,,,,,,,,,,,5,2,3,2.0,3
201400025971,0014-12-08 20:30:00,14,12,8,20,30,350,238,ROCHESTER/G.ROPARTZ,48.128,-1.65746,Nuit avec éclairage allumé,En agglomération,Intersection en X,Pluie légère,Deux véhicules - côté,,,,,,,,,,,5,2,2,2.0,3
201400025972,0014-12-09 14:15:00,14,12,9,14,15,350,238,"73, BD DE LA T.AUVERGNE",48.1024,-1.68431,Plein jour,En agglomération,Hors intersection,Normale,Deux véhicules - arrière,,,,,,,,,,,1,2,1,1.0,2
201400025973,0014-12-10 17:25:00,14,12,10,17,25,350,238,TROIS CROIX/GROS MALHON,48.1279,-1.68345,Crépuscule ou aube,En agglomération,Intersection en X,Temps couvert,Trois véhicules et plus - collisions multiples,,,,,,,,,,,2,2,2,8.0,5
201400025974,0014-12-11 14:20:00,14,12,11,14,20,350,238,HONGRIE/L.GRIMAULT,48.0914,-1.65733,Plein jour,En agglomération,Intersection en T,Normale,Deux véhicules - côté,,,,,,,,,,,1,2,3,1.0,3