accident_id,datetime,annee,mois,jour,heure,minute,departement,commune_insee,adresse,latitude,longitude,luminosite,agglomeration,intersection,meteo,collision,nb_vehicules,nb_usagers,nb_indemnes,nb_tues,nb_blesses_hosp,nb_blesses_legers,age_cond_1,age_cond_2,veh_type_cond_1,veh_type_cond_2,lum_code,agg_code,int_code,atm_code,col_code
201400025975,0014-12-12 12:10:00,14,12,12,12,10,350,238,PORTE DE LORIENT,48.111,-1.71838,Plein jour,En agglomération,Intersection à plus de 4 branches,Pluie légère,Trois véhicules et plus - en chaîne,,,,,,,,,,,1,2,5,2.0,4
201400025976,0014-12-12 16:30:00,14,12,12,16,30,350,238,"7, AV G.GRAFF",48.0853,-1.69192,Plein jour,En agglomération,Hors intersection,Pluie forte,Autre collision,,,,,,,,,,,1,2,1,3.0,6
201400025977,0014-12-12 17:30:00,14,12,12,17,30,350,238,L.GRIMAULT/PAYS BAS,48.0916,-1.65839,Nuit avec éclairage allumé,En agglomération,Giratoire,Pluie légère,Autre collision,,,,,,,,,,,5,2,6,2.0,6
201400025978,0014-12-13 00:10:00,14,12,13,0,10,350,238,ISLY/COLOMBIER,48.1051,-1.67753,Nuit avec éclairage allumé,En agglomération,Intersection en X,Pluie légère,Deux véhicules - côté,,,,,,,,,,,5,2,2,2.0,3
201400025979,0014-12-13 06:00:00,14,12,13,6,0,350,238,53 BD DE L. T.AUVERGNE,48.1036,-1.68435,Nuit avec éclairage allumé,En agglomération,Hors intersection,Pluie légère,Autre collision,,,,,,,,,,,5,2,1,2.0,6
201400025980,0014-12-13 14:50:00,14,12,13,14,50,350,55,"00, LOGES (RUE DES)",48.08371,-1.62444,Plein jour,En agglomération,Giratoire,Normale,Deux véhicules - côté,,,,,,,,,,,1,2,6,1.0,3
201400025981,0014-12-14 10:10:00,14,12,14,10,10,350,238,O.LEROUX/BINQUENAIS,48.0914,-1.6675,Plein jour,En agglomération,Intersection en X,Normale,Deux véhicules - côté,,,,,,,,,,,1,2,2,1.0,3
201400025982,0014-12-14 18:10:00,14,12,14,18,10,350,281,"00, DODIN (AVENUE ROGER)",48.08681,-1.70757,Nuit avec éclairage allumé,En agglomération,Giratoire,Normale,Autre collision,,,,,,,,,,,5,2,6,1.0,6
201400025983,0014-12-15 18:30:00,14,12,15,18,30,350,238,YSER/ONU,48.09,-1.68226,Nuit avec éclairage allumé,En agglomération,Giratoire,Pluie légère,Autre collision,,,,,,,,,,,5,2,6,2.0,6
201400025984,0014-12-15 18:10:00,14,12,15,18,10,350,238,PORTE DE BREST,48.1182,-1.71529,Nuit avec éclairage non allumé,Hors agglomération,Intersection à plus de 4 branches,Pluie légère,Deux véhicules - frontale,,,,,,,,,,,4,1,5,2.0,1
201400025985,0014-12-16 09:55:00,14,12,16,9,55,350,238,VEYETTES/PR? GAREL,48.1032,-1.63462,Plein jour,En agglomération,Intersection en T,Normale,Deux véhicules - arrière,,,,,,,,,,,1,2,3,1.0,2
201400025986,0014-12-17 09:55:00,14,12,17,9,55,350,238,"00, PRE GAREL (DU)",48.10323,-1.63457,Plein jour,En agglomération,Intersection en T,Normale,Deux véhicules - arrière,,,,,,,,,,,1,2,3,1.0,2
201400025987,0014-12-16 16:40:00,14,12,16,16,40,350,238,"27, RUE P.BERT",48.1106,-1.66896,Plein jour,En agglomération,Hors intersection,Normale,Autre collision,,,,,,,,,,,1,2,1,1.0,6
201400025988,0014-12-16 13:20:00,14,12,16,13,20,350,238,BERGER/DAUPHIN?,48.1193,-1.70461,Plein jour,En agglomération,Intersection en T,Normale,Deux véhicules - côté,,,,,,,,,,,1,2,3,1.0,3
201400025989,0014-12-17 21:45:00,14,12,17,21,45,350,238,MALAKOFF/M/JOUAN,48.1067,-1.69323,Nuit avec éclairage allumé,En agglomération,Intersection en T,Pluie légère,Sans collision,,,,,,,,,,,5,2,3,2.0,7
201400025990,0014-12-18 06:40:00,14,12,18,6,40,350,51,"00, ALLIES (BOULEVARD DE",,,Nuit avec éclairage allumé,En agglomération,Intersection en X,Pluie légère,Deux véhicules - côté,,,,,,,,,,,5,2,2,2.0,3
201400025991,0014-12-18 07:20:00,14,12,18,7,20,350,238,"00, FREVILLE (AVENUE HEN",48.08668,-1.67494,Nuit avec éclairage allumé,En agglomération,Intersection en X,Normale,Deux véhicules - côté,,,,,,,,,,,5,2,2,1.0,3
201400025992,0014-12-19 16:40:00,14,12,19,16,40,350,238,MAUCONSEIL/POMPIDOU,48.0982,-1.6883,Plein jour,En agglomération,Intersection en X,Normale,Deux véhicules - côté,,,,,,,,,,,1,2,2,1.0,3
201400025993,0014-12-19 12:00:00,14,12,19,12,0,350,238,GAYEULLES/SQ GAYEULLES,48.1304,-1.65206,Plein jour,En agglomération,Intersection en T,Temps couvert,Deux véhicules - côté,,,,,,,,,,,1,2,3,8.0,3
201400025994,0014-12-20 06:45:00,14,12,20,6,45,350,278,"00, RD 29",,,Nuit sans éclairage public,Hors agglomération,Hors intersection,Normale,Autre collision,,,,,,,,,,,3,1,1,1.0,6
201400025995,0014-12-20 18:00:00,14,12,20,18,0,350,238,ST MALO/TROIS CROIX,48.1272,-1.6866,Nuit avec éclairage allumé,En agglomération,Intersection en X,Normale,Deux véhicules - côté,,,,,,,,,,,5,2,2,1.0,3
201400025996,0014-12-23 09:50:00,14,12,23,9,50,350,238,AVENUE DU CANADA,48.0871,-1.68234,Plein jour,En agglomération,Hors intersection,Normale,Sans collision,,,,,,,,,,,1,2,1,1.0,7
201400025997,0014-12-23 14:50:00,14,12,23,14,50,350,238,68 BD V.MAREUIL,48.1048,-1.65037,Plein jour,En agglomération,Hors intersection,Normale,Sans collision,,,,,,,,,,,1,2,1,1.0,7
201400025998,0014-12-24 07:20:00,14,12,24,7,20,350,281,RD 177,48.0772,-1.71261,Nuit sans éclairage public,Hors agglomération,Hors intersection,Normale,Deux véhicules - arrière,,,,,,,,,,,3,1,1,1.0,2
201400025999,0014-12-24 23:20:00,14,12,24,23,20,350,238,C.TILLON/W.CHURCHILL,48.1245,-1.70982,Nuit avec éclairage allumé,En agglomération,Intersection en X,Normale,Deux véhicules - côté,,,,,,,,,,,5,2,2,1.0,3
201400026000,0014-12-25 18:16:00,14,12,25,18,16,350,238,RUE A.PAVIE,48.1041,-1.63841,Nuit avec éclairage allumé,En agglomération,Hors intersection,Normale,Deux véhicules - arrière,,,,,,,,,,,5,2,1,1.0,2
201400026001,0014-12-27 18:15:00,14,12,27,18,15,350,281,HAIE-DES-COGNETS (BOUL D,48.08342,-1.73065,Nuit avec éclairage allumé,En agglomération,Intersection en X,Pluie légère,Autre collision,,,,,,,,,,,5,2,2,2.0,6
201400026002,0014-12-28 20:20:00,14,12,28,20,20,350,238,V.MAREUIL/MOU?ZY,48.1041,-1.65012,Nuit avec éclairage allumé,En agglomération,Giratoire,Normale,Sans collision,,,,,,,,,,,5,2,6,1.0,7
201400026003,0014-12-30 14:55:00,14,12,30,14,55,350,238,GUERRAND/CLEUNAY,48.1021,-1.69866,Plein jour,En agglomération,Intersection en X,Normale,Deux véhicules - côté,,,,,,,,,,,1,2,2,1.0,3
201400026004,0014-12-31 13:40:00,14,12,31,13,40,350,238,F.CH?TEAU/BAUD,48.1122,-1.64349,Plein jour,En agglomération,Intersection en T,Normale,Deux véhicules - côté,,,,,,,,,,,1,2,3,1.0,3
201400026005,0014-01-03 18:40:00,14,1,3,18,40,350,288,"0, GREVES DE CHASLES (RU",48.63987,-2.01068,Crépuscule ou aube,En agglomération,Hors intersection,Normale,Autre collision,,,,,,,,,,,2,2,1,1.0,6
201400026006,0014-01-10 16:43:00,14,1,10,16,43,350,288,"51, JEAN XXIII (RUE)",48.63381,-2.01423,Crépuscule ou aube,En agglomération,Hors intersection,Normale,Autre collision,,,,,,,,,,,2,2,1,1.0,6
201400026007,0014-01-07 16:23:00,14,1,7,16,23,350,288,"45, TALARDS (BOULEVARD D",48.64385,-2.00848,Plein jour,En agglomération,Hors intersection,Normale,Autre collision,,,,,,,,,,,1,2,1,1.0,6
201400026008,0014-02-21 15:30:00,14,2,21,15,30,350,288,"12, SCHUMANN (DU PRESIDE",48.65834,-1.98574,Plein jour,En agglomération,Hors intersection,Normale,Autre collision,,,,,,,,,,,1,2,1,1.0,6
201400026009,0014-03-15 20:05:00,14,3,15,20,5,350,288,"52, ANTILLES (RUE DES)",48.63823,-1.99831,Crépuscule ou aube,En agglomération,Hors intersection,Normale,Sans collision,,,,,,,,,,,2,2,1,1.0,7
201400026010,0014-03-25 17:55:00,14,3,25,17,55,350,288,"15, SILLON (DU) CHAUSSEE",48.65477,-2.00746,Plein jour,En agglomération,Hors intersection,Normale,Autre collision,,,,,,,,,,,1,2,1,1.0,6
201400026011,0014-04-11 15:20:00,14,4,11,15,20,350,288,"15, TALARDS (BOULEVARD D",48.64565,-2.00841,Plein jour,En agglomération,Hors intersection,Normale,Autre collision,,,,,,,,,,,1,2,1,1.0,6
201400026012,0014-04-23 14:43:00,14,4,23,14,43,350,288,"110, MARNE (RUE DE LA)",48.63012,-2.0066,Plein jour,En agglomération,Hors intersection,Pluie légère,Autre collision,,,,,,,,,,,1,2,1,2.0,6
201400026013,0014-05-09 22:01:00,14,5,9,22,1,350,288,DEMALVILLAIN LEONCE (BOU,48.63312,-1.99715,Nuit avec éclairage allumé,En agglomération,Intersection en X,Normale,Deux véhicules - côté,,,,,,,,,,,5,2,2,1.0,3
201400026014,0014-05-19 20:30:00,14,5,19,20,30,350,241,DINARD (RUE DE),48.61067,-2.03514,Plein jour,Hors agglomération,Hors intersection,Pluie forte,Sans collision,,,,,,,,,,,1,1,1,3.0,7
201400026015,0014-05-21 11:45:00,14,5,21,11,45,350,288,"0, RN 137",48.61841,-1.98646,Plein jour,Hors agglomération,Hors intersection,Normale,Trois véhicules et plus - collisions multiples,,,,,,,,,,,1,1,1,1.0,5
201400026016,0014-06-05 13:10:00,14,6,5,13,10,350,288,"80, TALARDS (BOULEVARD D",48.64209,-2.00871,Plein jour,En agglomération,Hors intersection,Normale,Autre collision,,,,,,,,,,,1,2,1,1.0,6
201400026017,0014-06-04 18:12:00,14,6,4,18,12,350,288,"86, VILLE PEPIN (RUE)",48.63343,-2.01256,Plein jour,En agglomération,Intersection en T,Normale,Autre collision,,,,,,,,,,,1,2,3,1.0,6
201400026018,0014-07-16 09:09:00,14,7,16,9,9,350,93,"62, EDOUARD VII - N?1A 6",48.63296,-2.0634,Plein jour,En agglomération,Hors intersection,Normale,Deux véhicules - frontale,,,,,,,,,,,1,2,1,1.0,1
201400026019,0014-07-24 06:20:00,14,7,24,6,20,350,93,"1, VILLE ES PASSANTS (RU",48.61707,-2.05842,Crépuscule ou aube,En agglomération,Hors intersection,Normale,Autre collision,,,,,,,,,,,2,2,1,1.0,6
201400026020,0014-08-13 09:20:00,14,8,13,9,20,350,288,"50, RUELLAN (SIX FRERES)",48.65619,-1.98046,Plein jour,En agglomération,Autre intersection,Normale,Autre collision,,,,,,,,,,,1,2,9,1.0,6
201400026021,0014-08-18 17:45:00,14,8,18,17,45,350,288,D2,48.6298,-1.96273,Plein jour,Hors agglomération,Hors intersection,Normale,Sans collision,,,,,,,,,,,1,1,1,1.0,7
201400026022,0014-10-29 16:15:00,14,10,29,16,15,350,93,VILLOU ( BOULEVARD DU),48.62995,-2.07569,Plein jour,En agglomération,Hors intersection,Normale,Deux véhicules - côté,,,,,,,,,,,1,2,1,1.0,3
201400026023,0014-09-03 18:45:00,14,9,3,18,45,350,288,"48, REPUBLIQUE (BOULEVAR",48.64758,-2.00836,Plein jour,En agglomération,Giratoire,Normale,Autre collision,,,,,,,,,,,1,2,6,1.0,6
201400026024,0014-09-19 07:40:00,14,9,19,7,40,350,288,rue de la Blanche Roche,48.6142,-1.98077,Plein jour,Hors agglomération,Hors intersection,Normale,Sans collision,,,,,,,,,,,1,1,1,1.0,7
201400026025,0014-09-22 08:42:00,14,9,22,8,42,350,93,"00, GOUYON MATIGNON (RUE",48.62447,-2.06769,Plein jour,En agglomération,Intersection en T,Normale,Deux véhicules - côté,,,,,,,,,,,1,2,3,1.0,3
201400026026,0014-09-25 17:58:00,14,9,25,17,58,350,288,"17, UMBRICHT (REVEREND P",48.65769,-1.99434,Plein jour,En agglomération,Autre intersection,Normale,Autre collision,,,,,,,,,,,1,2,9,1.0,6
201400026027,0014-10-26 10:52:00,14,10,26,10,52,350,288,"0, SAINT FRANCOIS XAVIER",48.63682,-1.99026,Plein jour,En agglomération,Hors intersection,Normale,Autre collision,,,,,,,,,,,1,2,1,1.0,6
201400026028,0014-10-01 19:10:00,14,10,1,19,10,350,93,"30, RENAN ERNEST (RUE)",48.63098,-2.07207,Plein jour,En agglomération,Hors intersection,Normale,Autre collision,,,,,,,,,,,1,2,1,1.0,6
201400026029,0014-11-01 13:02:00,14,11,1,13,2,350,288,"0, PATTON GENERAL (RUE D",48.62309,-1.99732,Plein jour,En agglomération,Giratoire,Normale,Autre collision,,,,,,,,,,,1,2,6,1.0,6
201400026030,0014-07-02 17:38:00,14,7,2,17,38,360,44,DELACROIX/COMBANAIRE,46.804,1.7107,Plein jour,En agglomération,Intersection en X,Normale,Deux véhicules - côté,,,,,,,,,,,1,2,2,1.0,3
201400026031,0014-01-17 12:10:00,14,1,17,12,10,360,202,16 AVENUE DE LA FORET,46.7652,1.67269,Plein jour,Hors agglomération,Hors intersection,Normale,Trois véhicules et plus - collisions multiples,,,,,,,,,,,1,1,1,1.0,5
201400026032,0014-01-19 07:50:00,14,1,19,7,50,360,63,RD PT GRAND VERGER,46.8455,1.70895,Crépuscule ou aube,Hors agglomération,Giratoire,Normale,Sans collision,,,,,,,,,,,2,1,6,1.0,7
201400026033,0014-07-05 19:30:00,14,7,5,19,30,360,44,69 RUE RASPAIL,46.8056,1.69176,Plein jour,En agglomération,Hors intersection,Normale,Trois véhicules et plus - en chaîne,,,,,,,,,,,1,2,1,1.0,4
201400026034,0014-01-16 09:00:00,14,1,16,9,0,360,202,FACE CHATEAU LA LIENNE,46.7513,1.62735,Plein jour,Hors agglomération,Hors intersection,Normale,Deux véhicules - arrière,,,,,,,,,,,1,1,1,1.0,2
201400026035,0014-01-07 08:00:00,14,1,7,8,0,360,44,PAUL VALERY/BD BLAISE P,46.797,1.70923,Nuit avec éclairage non allumé,En agglomération,Intersection en X,Temps couvert,Deux véhicules - côté,,,,,,,,,,,4,2,2,8.0,3
201400026036,0014-07-09 08:15:00,14,7,9,8,15,360,44,RUE BARBOUX/RUE LA POSTE,46.8103,1.69384,Plein jour,En agglomération,Intersection en X,Temps couvert,Deux véhicules - côté,,,,,,,,,,,1,2,2,8.0,3
201400026037,0014-02-07 11:30:00,14,2,7,11,30,360,44,RD920/ALLEE DU CRAQUELIN,46.7942,1.71972,Plein jour,En agglomération,Intersection en T,Normale,Deux véhicules - côté,,,,,,,,,,,1,2,3,1.0,3
201400026038,0014-07-11 11:15:00,14,7,11,11,15,360,44,PLACE GAMBETTA,46.8122,1.69565,Plein jour,En agglomération,Place,Normale,Autre collision,,,,,,,,,,,1,2,7,1.0,6
201400026039,0014-07-14 06:17:00,14,7,14,6,17,360,44,160 AVENUE DE TOURS,46.8195,1.67272,Crépuscule ou aube,Hors agglomération,Hors intersection,Normale,Sans collision,,,,,,,,,,,2,1,1,1.0,7
201400026040,0014-01-13 12:18:00,14,1,13,12,18,360,44,318 AVENUE DE VERDUN,46.7926,1.70005,Plein jour,En agglomération,Hors intersection,Normale,Deux véhicules - arrière,,,,,,,,,,,1,2,1,1.0,2
201400026041,0014-03-01 19:10:00,14,3,1,19,10,360,44,14 RUE EUGENE DELACROIX,46.8034,1.7085,Plein jour,En agglomération,Hors intersection,Autre,Deux véhicules - côté,,,,,,,,,,,1,2,1,9.0,3
201400026042,0014-07-16 10:43:00,14,7,16,10,43,360,63,,46.8483,1.71017,Plein jour,En agglomération,Giratoire,Normale,Deux véhicules - côté,,,,,,,,,,,1,2,6,1.0,3
201400026043,0014-01-14 12:14:00,14,1,14,12,14,360,44,132 AV GENERAL DE GAULLE,46.8059,1.69676,Plein jour,En agglomération,Hors intersection,Normale,Deux véhicules - côté,,,,,,,,,,,1,2,1,1.0,3
201400026044,0014-01-17 09:47:00,14,1,17,9,47,360,44,4 RUE SAINT LUC,46.8126,1.69708,Plein jour,En agglomération,Hors intersection,Normale,Deux véhicules - arrière,,,,,,,,,,,1,2,1,1.0,2
201400026045,0014-01-17 17:58:00,14,1,17,17,58,360,44,344 AV DE LA CHATRE,46.8021,1.71884,Crépuscule ou aube,En agglomération,Hors intersection,Normale,Trois véhicules et plus - en chaîne,,,,,,,,,,,2,2,1,1.0,4
201400026046,0014-07-21 14:31:00,14,7,21,14,31,360,44,132 AV MARCEL LEMOINE,46.8207,1.6974,Plein jour,En agglomération,Hors intersection,Normale,Deux véhicules - arrière,,,,,,,,,,,1,2,1,1.0,2
201400026047,0014-07-21 16:25:00,14,7,21,16,25,360,44,F LESSEPS/HECTOR BERLIOZ,46.8085,1.7149,Plein jour,En agglomération,Intersection en X,Normale,Deux véhicules - côté,,,,,,,,,,,1,2,2,1.0,3
201400026048,0014-07-22 02:10:00,14,7,22,2,10,360,44,25 RUE PIERRE GAUTIER,46.8084,1.69954,Nuit sans éclairage public,En agglomération,Hors intersection,Normale,Sans collision,,,,,,,,,,,3,2,1,1.0,7
201400026049,0014-07-22 04:00:00,14,7,22,4,0,360,44,69 RUE RASPAIL,46.8056,1.69176,Nuit sans éclairage public,En agglomération,Hors intersection,Normale,Sans collision,,,,,,,,,,,3,2,1,1.0,7
201400026050,0014-01-18 19:33:00,14,1,18,19,33,360,44,143 AV DE VERDUN,46.8024,1.69625,Crépuscule ou aube,En agglomération,Hors intersection,Normale,Sans collision,,,,,,,,,,,2,2,1,1.0,7
201400026051,0014-07-22 11:14:00,14,7,22,11,14,360,44,25 RUE MARINIER,46.8167,1.71139,Plein jour,En agglomération,Hors intersection,Normale,Autre collision,,,,,,,,,,,1,2,1,1.0,6
201400026052,0014-07-23 19:04:00,14,7,23,19,4,360,159,ROUTE DE VARENNES,,,Plein jour,Hors agglomération,Hors intersection,Normale,Deux véhicules - côté,,,,,,,,,,,1,1,1,1.0,3
201400026053,0014-04-05 16:30:00,14,4,5,16,30,360,63,RD 925,46.8253,1.76546,Plein jour,Hors agglomération,Hors intersection,Normale,Deux véhicules - arrière,,,,,,,,,,,1,1,1,1.0,2
201400026054,0014-03-25 17:51:00,14,3,25,17,51,360,44,RUE MONTAIGNE/RUE LOTI,46.7977,1.7059,Plein jour,En agglomération,Intersection en T,Normale,Deux véhicules - côté,,,,,,,,,,,1,2,3,1.0,3
201400026055,0014-04-16 06:50:00,14,4,16,6,50,360,44,RD920/RD40,46.7887,1.6913,Crépuscule ou aube,Hors agglomération,Intersection en X,Normale,Deux véhicules - côté,,,,,,,,,,,2,1,2,1.0,3
201400026056,0014-07-27 13:03:00,14,7,27,13,3,360,44,112 BD LE CORBUSIER,46.7947,1.70639,Plein jour,En agglomération,Hors intersection,Normale,Sans collision,,,,,,,,,,,1,2,1,1.0,7
201400026057,0014-06-22 21:00:00,14,6,22,21,0,360,57,COMPTABILISE ZONE POLICE,46.8767,1.72262,Plein jour,Hors agglomération,Hors intersection,Normale,Autre collision,,,,,,,,,,,1,1,1,1.0,6
201400026058,0014-01-24 16:32:00,14,1,24,16,32,360,44,AV MONTAIGNE/RUE P LOTI,46.8126,1.69708,Plein jour,En agglomération,Intersection en T,Pluie légère,Deux véhicules - arrière,,,,,,,,,,,1,2,3,2.0,2
201400026059,0014-07-29 20:00:00,14,7,29,20,0,360,63,RD956/ROUTE DE VILLERS,46.8393,1.67549,Plein jour,Hors agglomération,Intersection en T,Normale,Deux véhicules - côté,,,,,,,,,,,1,1,3,1.0,3
201400026060,0014-05-14 07:50:00,14,5,14,7,50,360,202,RUE DE VILLERS,46.8132,1.6324,Plein jour,En agglomération,Hors intersection,Normale,Deux véhicules - frontale,,,,,,,,,,,1,2,1,1.0,1
201400026061,0014-05-15 18:55:00,14,5,15,18,55,360,44,ROND POINT DESCHIZEAU,46.8103,1.6872,Plein jour,En agglomération,Hors intersection,Normale,Autre collision,,,,,,,,,,,1,2,1,1.0,6
201400026062,0014-05-25 06:55:00,14,5,25,6,55,360,44,AV LEMOINE/RUE LA PRAIRI,46.8242,1.69801,Crépuscule ou aube,En agglomération,Intersection en T,Temps couvert,Sans collision,,,,,,,,,,,2,2,3,8.0,7
201400026063,0014-08-06 13:02:00,14,8,6,13,2,360,202,RD920,46.7428,1.61671,Plein jour,Hors agglomération,Hors intersection,Temps couvert,Sans collision,,,,,,,,,,,1,1,1,8.0,7
201400026064,0014-06-02 11:05:00,14,6,2,11,5,360,44,AVENUE DE BLOIS,46.8269,1.6811,Plein jour,En agglomération,Hors intersection,Normale,Autre collision,,,,,,,,,,,1,2,1,1.0,6
201400026065,0014-08-08 13:45:00,14,8,8,13,45,360,159,2 AV DE LA FORET,46.759,1.72111,Plein jour,En agglomération,Hors intersection,Normale,Autre collision,,,,,,,,,,,1,2,1,1.0,6
201400026066,0014-06-25 15:41:00,14,6,25,15,41,360,44,16 RUE D'AQUITAINE,46.8022,1.6771,Plein jour,En agglomération,Hors intersection,Normale,Sans collision,,,,,,,,,,,1,2,1,1.0,7
201400026067,0014-06-30 22:00:00,14,6,30,22,0,360,63,PLACE MARCEL DASSAULT,46.8532,1.71237,Nuit avec éclairage allumé,Hors agglomération,Intersection en X,Normale,Deux véhicules - côté,,,,,,,,,,,5,1,2,1.0,3
201400026068,0014-02-04 16:00:00,14,2,4,16,0,360,44,147 RUE MONTAIGNE,46.7988,1.7045,Plein jour,En agglomération,Hors intersection,Normale,Deux véhicules - arrière,,,,,,,,,,,1,2,1,1.0,2
201400026069,0014-08-10 13:46:00,14,8,10,13,46,360,202,10 RUE DE VILLERS,46.8088,1.63607,Plein jour,Hors agglomération,Hors intersection,Normale,Sans collision,,,,,,,,,,,1,1,1,1.0,7
201400026070,0014-02-06 18:23:00,14,2,6,18,23,360,44,AVVERDUN/BD LE CORBUSIER,46.7935,1.6998,Crépuscule ou aube,En agglomération,Intersection en X,Normale,Deux véhicules - frontale,,,,,,,,,,,2,2,2,1.0,1
201400026071,0014-02-06 19:20:00,14,2,6,19,20,360,44,26 AVENUE D'ARGENTON,46.8069,1.67595,Nuit avec éclairage allumé,En agglomération,Hors intersection,Normale,Deux véhicules - arrière,,,,,,,,,,,5,2,1,1.0,2
201400026072,0014-02-09 18:15:00,14,2,9,18,15,360,44,RUE GAULTIER PARK CARREF,46.807,1.69598,Plein jour,En agglomération,Hors intersection,Normale,Deux véhicules - côté,,,,,,,,,,,1,2,1,1.0,3
201400026073,0014-02-11 06:59:00,14,2,11,6,59,360,202,8 AVENUE DE LA FORET,46.7735,1.65272,Nuit sans éclairage public,Hors agglomération,Hors intersection,Autre,Autre collision,,,,,,,,,,,3,1,1,9.0,6
201400026074,0014-02-11 08:57:00,14,2,11,8,57,360,44,1 ROUTE DE CHATELLERAULT,,,Plein jour,En agglomération,Hors intersection,Neige / grêle,Sans collision,,,,,,,,,,,1,2,1,4.0,7
201400026075,0014-02-11 10:45:00,14,2,11,10,45,360,44,RUE MOLIERE,46.8119,1.693,Plein jour,En agglomération,Hors intersection,Normale,Autre collision,,,,,,,,,,,1,2,1,1.0,6
201400026076,0014-08-18 12:25:00,14,8,18,12,25,360,44,47 PLACE VOLTAIRE,46.8107,1.7,Plein jour,En agglomération,Place,Normale,Deux véhicules - arrière,,,,,,,,,,,1,2,7,1.0,2
201400026077,0014-08-18 23:15:00,14,8,18,23,15,360,44,ROUTE DEPARTEMENTALE 920,46.8012,1.73836,Nuit sans éclairage public,Hors agglomération,Hors intersection,Normale,Sans collision,,,,,,,,,,,3,1,1,1.0,7
201400026078,0014-02-14 21:05:00,14,2,14,21,5,360,44,141 AVENUE DE VERDUN,46.8025,1.6962,Nuit avec éclairage allumé,En agglomération,Hors intersection,Temps couvert,Deux véhicules - côté,,,,,,,,,,,5,2,1,8.0,3
201400026079,0014-02-15 18:05:00,14,2,15,18,5,360,63,AV DE GAULLE/RUE BRIAND,46.8288,1.70146,Crépuscule ou aube,En agglomération,Intersection en T,Autre,Deux véhicules - côté,,,,,,,,,,,2,2,3,9.0,3
201400026080,0014-08-23 10:15:00,14,8,23,10,15,360,44,GUIMARD/LE CORBUSIER,46.7943,1.7053,Plein jour,En agglomération,Intersection en T,Normale,Deux véhicules - côté,,,,,,,,,,,1,2,3,1.0,3
201400026081,0014-08-22 16:50:00,14,8,22,16,50,360,44,2 DESCENTE DE VILLE,46.8129,1.6887,Plein jour,En agglomération,Hors intersection,Normale,Deux véhicules - côté,,,,,,,,,,,1,2,1,1.0,3
201400026082,0014-09-03 17:20:00,14,9,3,17,20,360,44,AVENUE DE LA CHATRE,,,Plein jour,En agglomération,Hors intersection,Normale,Deux véhicules - côté,,,,,,,,,,,1,2,1,1.0,3
201400026083,0014-08-26 19:21:00,14,8,26,19,21,360,44,2 ALLEE DE L'ESPERANCE,46.8144,1.70069,Plein jour,En agglomération,Hors intersection,Normale,Autre collision,,,,,,,,,,,1,2,1,1.0,6
201400026084,0014-02-20 08:55:00,14,2,20,8,55,360,202,AVENUE D'OCCITANIE,46.7765,1.64919,Plein jour,En agglomération,Hors intersection,Temps couvert,Deux véhicules - arrière,,,,,,,,,,,1,2,1,8.0,2
201400026085,0014-08-28 13:10:00,14,8,28,13,10,360,44,129 AVENUE D'ARGENTON,46.8018,1.6715,Plein jour,En agglomération,Hors intersection,Normale,Trois véhicules et plus - en chaîne,,,,,,,,,,,1,2,1,1.0,4
201400026086,0014-08-29 18:50:00,14,8,29,18,50,360,202,208 AVENUE DE TOURS,46.8201,1.6697,Plein jour,En agglomération,Hors intersection,Normale,Deux véhicules - arrière,,,,,,,,,,,1,2,1,1.0,2
201400026087,0014-09-24 12:40:00,14,9,24,12,40,360,63,17 AVENUE PAUL LANGEVIN,46.8259,1.70776,Plein jour,En agglomération,Hors intersection,Normale,Autre collision,,,,,,,,,,,1,2,1,1.0,6
201400026088,0014-09-01 12:20:00,14,9,1,12,20,360,44,55 ALLEE DES SERINGAS,46.791,1.69407,Plein jour,En agglomération,Intersection en T,Normale,Deux véhicules - frontale,,,,,,,,,,,1,2,3,1.0,1
201400026089,0014-10-14 14:45:00,14,10,14,14,45,360,44,44 BOULEVARD DE LA VALLA,46.81,1.6756,Plein jour,En agglomération,Hors intersection,Normale,Autre collision,,,,,,,,,,,1,2,1,1.0,6
201400026090,0014-10-13 17:30:00,14,10,13,17,30,360,44,106 BOULEVARD ST DENIS,46.8167,1.7093,Plein jour,En agglomération,Hors intersection,Normale,Autre collision,,,,,,,,,,,1,2,1,1.0,6
201400026091,0014-02-27 13:07:00,14,2,27,13,7,360,44,220 RTE DE CHATELLERAULT,46.8035,1.6635,Plein jour,En agglomération,Hors intersection,Normale,Sans collision,,,,,,,,,,,1,2,1,1.0,7
201400026092,0014-10-17 16:00:00,14,10,17,16,0,360,202,137 ROUTE DE CHATEAUROUX,46.8141,1.6612,Plein jour,En agglomération,Hors intersection,Normale,Deux véhicules - frontale,,,,,,,,,,,1,2,1,1.0,1
201400026093,0014-10-18 06:30:00,14,10,18,6,30,360,44,128 AVENUE DES MARINS,46.8091,1.6813,Nuit avec éclairage allumé,En agglomération,Hors intersection,Normale,Autre collision,,,,,,,,,,,5,2,1,1.0,6
201400026094,0014-10-18 23:00:00,14,10,18,23,0,360,44,19 RUE JJ ROUSSEAU,46.8106,1.68987,Nuit avec éclairage non allumé,En agglomération,Hors intersection,Normale,Autre collision,,,,,,,,,,,4,2,1,1.0,6
201400026095,0014-10-26 19:05:00,14,10,26,19,5,360,63,RUE DE COING/AV DE GAULL,46.8317,1.70276,Nuit sans éclairage public,Hors agglomération,Intersection en Y,Normale,Deux véhicules - côté,,,,,,,,,,,3,1,4,1.0,3