accident_id,datetime,annee,mois,jour,heure,minute,departement,commune_insee,adresse,latitude,longitude,luminosite,agglomeration,intersection,meteo,collision,nb_vehicules,nb_usagers,nb_indemnes,nb_tues,nb_blesses_hosp,nb_blesses_legers,age_cond_1,age_cond_2,veh_type_cond_1,veh_type_cond_2,lum_code,agg_code,int_code,atm_code,col_code
201400026096,0014-10-27 15:55:00,14,10,27,15,55,360,202,RD 67,46.7704,1.66337,Plein jour,Hors agglomération,Hors intersection,Normale,Trois véhicules et plus - en chaîne,,,,,,,,,,,1,1,1,1.0,4
201400026097,0014-10-28 20:20:00,14,10,28,20,20,360,44,ROND POINT MONTAIGNE,46.7917,1.71203,Nuit sans éclairage public,En agglomération,Giratoire,Normale,Deux véhicules - arrière,,,,,,,,,,,3,2,6,1.0,2
201400026098,0014-11-01 13:08:00,14,11,1,13,8,360,63,ALLEE RP DE BLOIS/RD 956,46.8549,1.66821,Plein jour,Hors agglomération,Intersection en T,Normale,Deux véhicules - côté,,,,,,,,,,,1,1,3,1.0,3
201400026099,0014-11-09 21:25:00,14,11,9,21,25,360,159,ROUTE DES ORANGEONS,,,Nuit sans éclairage public,Hors agglomération,Hors intersection,Normale,Sans collision,,,,,,,,,,,3,1,1,1.0,7
201400026100,0014-09-10 16:39:00,14,9,10,16,39,360,44,180 AVENUE DE LA CHATRE,46.8059,1.71084,Plein jour,En agglomération,Hors intersection,Normale,Deux véhicules - arrière,,,,,,,,,,,1,2,1,1.0,2
201400026101,0014-09-10 14:45:00,14,9,10,14,45,360,44,28 AV MARCEL LEMOINE,46.8159,1.69685,Plein jour,En agglomération,Hors intersection,Normale,Deux véhicules - arrière,,,,,,,,,,,1,2,1,1.0,2
201400026102,0014-09-12 11:20:00,14,9,12,11,20,360,44,CHAT RAOUL/DESC DE VILLE,46.813,1.68868,Plein jour,En agglomération,Intersection en X,Normale,Deux véhicules - côté,,,,,,,,,,,1,2,2,1.0,3
201400026103,0014-11-30 13:38:00,14,11,30,13,38,360,44,AV KENNEDY/AV VERDUN,46.7887,1.6913,Plein jour,En agglomération,Intersection en X,Normale,Deux véhicules - côté,,,,,,,,,,,1,2,2,1.0,3
201400026104,0014-03-09 19:04:00,14,3,9,19,4,360,63,BIS ROUTE DE VILLERS,,,Plein jour,En agglomération,Hors intersection,Normale,Deux véhicules - arrière,,,,,,,,,,,1,2,1,1.0,2
201400026105,0014-09-17 16:49:00,14,9,17,16,49,360,159,ORANGEONS/RTE PETIT EPOT,46.7622,1.67846,Plein jour,Hors agglomération,Giratoire,Normale,Deux véhicules - côté,,,,,,,,,,,1,1,6,1.0,3
201400026106,0014-12-17 16:30:00,14,12,17,16,30,360,44,AV VERDUN/ALL GRD CHAMPS,46.7963,1.69894,Plein jour,En agglomération,Intersection en X,Temps couvert,Deux véhicules - côté,,,,,,,,,,,1,2,2,8.0,3
201400026107,0014-12-18 13:20:00,14,12,18,13,20,360,44,21 RTE DE CHATELLERAULT,46.8074,1.67558,Plein jour,En agglomération,Hors intersection,Temps couvert,Autre collision,,,,,,,,,,,1,2,1,8.0,6
201400026108,0014-09-17 23:25:00,14,9,17,23,25,360,44,14 RUE JOSEPH BELLIER,46.8123,1.6926,Nuit avec éclairage non allumé,En agglomération,Hors intersection,Normale,Deux véhicules - côté,,,,,,,,,,,4,2,1,1.0,3
201400026109,0014-12-22 13:50:00,14,12,22,13,50,360,44,PIERRE LOTI,46.7978,1.7058,Plein jour,En agglomération,Hors intersection,Normale,Autre collision,,,,,,,,,,,1,2,1,1.0,6
201400026110,0014-09-18 18:43:00,14,9,18,18,43,360,44,184 AVENUE DES MARINS,46.8087,1.67923,Plein jour,En agglomération,Hors intersection,Normale,Autre collision,,,,,,,,,,,1,2,1,1.0,6
201400026111,0014-03-14 07:42:00,14,3,14,7,42,360,159,ROUTE DE VELLES,,,Plein jour,Hors agglomération,Hors intersection,Normale,Deux véhicules - côté,,,,,,,,,,,1,1,1,1.0,3
201400026112,0014-03-16 18:54:00,14,3,16,18,54,360,44,86 AVENUE DE BLOIS,46.8209,1.6338,Plein jour,En agglomération,Hors intersection,Normale,Deux véhicules - arrière,,,,,,,,,,,1,2,1,1.0,2
201400026113,0014-03-17 09:30:00,14,3,17,9,30,360,159,RTE DE MONTLUCON RD 943,46.796,1.73165,Plein jour,Hors agglomération,Hors intersection,Brouillard / fumée,Trois véhicules et plus - en chaîne,,,,,,,,,,,1,1,1,5.0,4
201400026114,0014-09-25 12:10:00,14,9,25,12,10,360,44,129 BOULEVARD DE CLUIS,46.8057,1.6995,Plein jour,En agglomération,Hors intersection,Normale,Deux véhicules - arrière,,,,,,,,,,,1,2,1,1.0,2
201400026115,0014-09-27 08:55:00,14,9,27,8,55,360,44,54LA ROCHETTE/21 SOUPIRS,46.8188,1.69856,Plein jour,En agglomération,Intersection en X,Normale,Deux véhicules - côté,,,,,,,,,,,1,2,2,1.0,3
201400026116,0014-03-21 17:45:00,14,3,21,17,45,360,63,PONT DE BITRAY,46.82,1.72866,Plein jour,Hors agglomération,Hors intersection,Normale,Sans collision,,,,,,,,,,,1,1,1,1.0,7
201400026117,0014-03-21 22:30:00,14,3,21,22,30,360,44,AV VERDUN/AV FRANCOEUR,46.788,1.70369,Nuit avec éclairage allumé,En agglomération,Giratoire,Normale,Deux véhicules - côté,,,,,,,,,,,5,2,6,1.0,3
201400026118,0014-03-23 10:54:00,14,3,23,10,54,360,44,32 RUE ERNEST NIVET,46.8185,1.7068,Plein jour,En agglomération,Hors intersection,Normale,Sans collision,,,,,,,,,,,1,2,1,1.0,7
201400026119,0014-09-29 19:00:00,14,9,29,19,0,360,44,29 AVENUE MARCEL LEMOINE,46.816,1.69678,Plein jour,En agglomération,Hors intersection,Normale,Autre collision,,,,,,,,,,,1,2,1,1.0,6
201400026120,0014-10-03 16:26:00,14,10,3,16,26,360,202,AVENUE D'OCCITANIE,,,Plein jour,En agglomération,Hors intersection,Normale,Deux véhicules - arrière,,,,,,,,,,,1,2,1,1.0,2
201400026121,0014-10-03 17:15:00,14,10,3,17,15,360,44,5 AVENUE BERNARD LOUVET,46.8031,1.70348,Plein jour,En agglomération,Hors intersection,Normale,Deux véhicules - arrière,,,,,,,,,,,1,2,1,1.0,2
201400026122,0014-10-04 06:15:00,14,10,4,6,15,360,44,67 AVENUE F MITTERRAND,46.811,1.67768,Nuit avec éclairage allumé,En agglomération,Hors intersection,Normale,Sans collision,,,,,,,,,,,5,2,1,1.0,7
201400026123,0014-03-29 19:40:00,14,3,29,19,40,360,159,RTE VELLES/RTE GRD EPOT,46.7711,1.68523,Plein jour,Hors agglomération,Intersection en T,Normale,Deux véhicules - côté,,,,,,,,,,,1,1,3,1.0,3
201400026124,0014-10-07 09:35:00,14,10,7,9,35,360,63,RP DIT DU FREESBEE,46.8515,1.70119,Plein jour,Hors agglomération,Giratoire,Temps couvert,Deux véhicules - côté,,,,,,,,,,,1,1,6,8.0,3
201400026125,0014-04-01 10:50:00,14,4,1,10,50,360,159,ROUTE DES GRANDS TAILLIS,46.764,1.68512,Plein jour,En agglomération,Hors intersection,Normale,Deux véhicules - arrière,,,,,,,,,,,1,2,1,1.0,2
201400026126,0014-04-01 13:50:00,14,4,1,13,50,360,44,AV LA CHATRE/ A D'AUVERG,46.8094,1.70343,Plein jour,En agglomération,Intersection en T,Normale,Deux véhicules - côté,,,,,,,,,,,1,2,3,1.0,3
201400026127,0014-04-04 22:30:00,14,4,4,22,30,360,44,130 AV D'ARGENTON,46.801,1.67079,Nuit sans éclairage public,En agglomération,Hors intersection,Normale,Sans collision,,,,,,,,,,,3,2,1,1.0,7
201400026128,0014-10-15 18:45:00,14,10,15,18,45,360,44,125 RUE DES ETATS UNIS,46.8174,1.70328,Crépuscule ou aube,En agglomération,Hors intersection,Normale,Deux véhicules - côté,,,,,,,,,,,2,2,1,1.0,3
201400026129,0014-10-16 20:25:00,14,10,16,20,25,360,44,DAUVERGNE/AV LA CHATRE,46.8094,1.70345,Nuit avec éclairage non allumé,En agglomération,Intersection en X,Pluie légère,Deux véhicules - côté,,,,,,,,,,,4,2,2,2.0,3
201400026130,0014-10-17 15:50:00,14,10,17,15,50,360,159,RTE DEPARTEMENTALE PK 11,46.7196,1.73923,Plein jour,Hors agglomération,Hors intersection,Normale,Sans collision,,,,,,,,,,,1,1,1,1.0,7
201400026131,0014-04-14 19:52:00,14,4,14,19,52,360,202,LD LALEUF,46.7714,1.59197,Plein jour,Hors agglomération,Hors intersection,Normale,Autre collision,,,,,,,,,,,1,1,1,1.0,6
201400026132,0014-10-24 19:10:00,14,10,24,19,10,360,44,AVENUE DE GENERAL RUBY,46.8087,1.6952,Crépuscule ou aube,En agglomération,Hors intersection,Normale,Autre collision,,,,,,,,,,,2,2,1,1.0,6
201400026133,0014-10-29 08:25:00,14,10,29,8,25,360,44,RUE DE LA CATICHE,46.8182,1.68835,Plein jour,En agglomération,Hors intersection,Normale,Autre collision,,,,,,,,,,,1,2,1,1.0,6
201400026134,0014-04-19 16:45:00,14,4,19,16,45,360,63,LA TRISTERIE,46.8103,1.7526,Plein jour,Hors agglomération,Hors intersection,Normale,Sans collision,,,,,,,,,,,1,1,1,1.0,7
201400026135,0014-04-19 19:14:00,14,4,19,19,14,360,63,RD 956 LE POIRIER,46.857,1.66728,Plein jour,Hors agglomération,Hors intersection,Normale,Sans collision,,,,,,,,,,,1,1,1,1.0,7
201400026136,0014-04-25 14:55:00,14,4,25,14,55,360,44,AV BERNARDET/RUE DUCHATE,46.8182,1.69496,Plein jour,En agglomération,Intersection en T,Normale,Deux véhicules - côté,,,,,,,,,,,1,2,3,1.0,3
201400026137,0014-11-07 11:20:00,14,11,7,11,20,360,44,BOULEVARD SAINT DENIS,46.8167,1.7093,Plein jour,En agglomération,Hors intersection,Normale,Sans collision,,,,,,,,,,,1,2,1,1.0,7
201400026138,0014-11-07 18:15:00,14,11,7,18,15,360,44,BOULEVARD DU MOULIN NEUF,46.8183,1.68877,Nuit avec éclairage allumé,En agglomération,Giratoire,Normale,Autre collision,,,,,,,,,,,5,2,6,1.0,6
201400026139,0014-11-10 06:50:00,14,11,10,6,50,360,63,ROUTE NATIONALE 151,46.8455,1.70895,Nuit sans éclairage public,Hors agglomération,Giratoire,Normale,Deux véhicules - arrière,,,,,,,,,,,3,1,6,1.0,2
201400026140,0014-05-01 20:23:00,14,5,1,20,23,360,44,RUE ALBERT 1/RUE LA GAR,46.8106,1.69742,Plein jour,En agglomération,Intersection en T,Normale,Deux véhicules - côté,,,,,,,,,,,1,2,3,1.0,3
201400026141,0014-05-07 14:15:00,14,5,7,14,15,360,44,145 RUE LEMOINE/ RICHARD,46.8232,1.69765,Plein jour,En agglomération,Intersection en T,Normale,Deux véhicules - côté,,,,,,,,,,,1,2,3,1.0,3
201400026142,0014-11-18 13:40:00,14,11,18,13,40,360,44,52 BIS AVENUE KENNEDY,,,Plein jour,En agglomération,Hors intersection,Temps couvert,Deux véhicules - côté,,,,,,,,,,,1,2,1,8.0,3
201400026143,0014-11-21 13:45:00,14,11,21,13,45,360,44,ROND POINT F GERBAUD,46.82,1.66448,Plein jour,En agglomération,Giratoire,Normale,Deux véhicules - côté,,,,,,,,,,,1,2,6,1.0,3
201400026144,0014-11-21 17:12:00,14,11,21,17,12,360,44,RD 920,46.7917,1.71203,Plein jour,Hors agglomération,Giratoire,Normale,Trois véhicules et plus - en chaîne,,,,,,,,,,,1,1,6,1.0,4
201400026145,0014-05-14 15:44:00,14,5,14,15,44,360,202,208 AV DE TOURS,46.8206,1.6699,Plein jour,En agglomération,Hors intersection,Normale,Autre collision,,,,,,,,,,,1,2,1,1.0,6
201400026146,0014-12-04 11:00:00,14,12,4,11,0,360,44,1 RUE HENRIETTE LABONNE,46.799,1.68339,Plein jour,En agglomération,Hors intersection,Normale,Sans collision,,,,,,,,,,,1,2,1,1.0,7
201400026147,0014-05-23 08:57:00,14,5,23,8,57,360,44,23 RUE DE LA CATICHE,46.8184,1.68856,Plein jour,En agglomération,Hors intersection,Normale,Deux véhicules - arrière,,,,,,,,,,,1,2,1,1.0,2
201400026148,0014-12-06 11:55:00,14,12,6,11,55,360,63,43 AV GENERAL DE GAULLE,46.8259,1.70059,Plein jour,En agglomération,Hors intersection,Normale,Sans collision,,,,,,,,,,,1,2,1,1.0,7
201400026149,0014-12-11 18:20:00,14,12,11,18,20,360,202,PARKING BD DU FRANC,46.7777,1.64677,Nuit sans éclairage public,En agglomération,Hors intersection,Normale,Deux véhicules - côté,,,,,,,,,,,3,2,1,1.0,3
201400026150,0014-12-15 18:30:00,14,12,15,18,30,360,44,54 AV MARCEL LEMOINE,46.8173,1.6969,Nuit avec éclairage non allumé,En agglomération,Hors intersection,Normale,Autre collision,,,,,,,,,,,4,2,1,1.0,6
201400026151,0014-12-16 14:20:00,14,12,16,14,20,360,44,65 AVENUE MARCEL LEMOINE,46.8203,1.6973,Plein jour,En agglomération,Hors intersection,Normale,Deux véhicules - côté,,,,,,,,,,,1,2,1,1.0,3
201400026152,0014-12-16 17:45:00,14,12,16,17,45,360,44,AVENUE BERNARD LOUVET,46.8028,1.7039,Nuit avec éclairage allumé,En agglomération,Hors intersection,Normale,Deux véhicules - frontale,,,,,,,,,,,5,2,1,1.0,1
201400026153,0014-06-03 08:57:00,14,6,3,8,57,360,202,118 AVENUE D'OCCITANIE,46.7742,1.64718,Plein jour,Hors agglomération,Hors intersection,Normale,Sans collision,,,,,,,,,,,1,1,1,1.0,7
201400026154,0014-12-17 16:36:00,14,12,17,16,36,360,44,AVENUE D'ARGENTON,46.7954,1.6651,Plein jour,En agglomération,Hors intersection,Pluie légère,Autre collision,,,,,,,,,,,1,2,1,2.0,6
201400026155,0014-12-17 17:53:00,14,12,17,17,53,360,202,96 AVENUE D'OCCITANIE,46.7808,1.65294,Nuit avec éclairage allumé,En agglomération,Hors intersection,Pluie légère,Autre collision,,,,,,,,,,,5,2,1,2.0,6
201400026156,0014-12-18 16:25:00,14,12,18,16,25,360,44,ROUTE DEPARTEMENTALE 920,46.7887,1.6645,Plein jour,Hors agglomération,Hors intersection,Normale,Deux véhicules - arrière,,,,,,,,,,,1,1,1,1.0,2
201400026157,0014-12-19 18:00:00,14,12,19,18,0,360,202,ROUTE DEPARTEMENTALE 67,46.7764,1.64686,Nuit avec éclairage allumé,En agglomération,Hors intersection,Pluie forte,Autre collision,,,,,,,,,,,5,2,1,3.0,6
201400026158,0014-06-06 16:15:00,14,6,6,16,15,360,44,238 AVENUE DE LA CHATRE,46.8048,1.71309,Plein jour,En agglomération,Hors intersection,Normale,Sans collision,,,,,,,,,,,1,2,1,1.0,7
201400026159,0014-12-22 16:35:00,14,12,22,16,35,360,44,AVENUE DE LA CHATRE,46.7985,1.72631,Plein jour,En agglomération,Hors intersection,Normale,Trois véhicules et plus - en chaîne,,,,,,,,,,,1,2,1,1.0,4
201400026160,0014-12-23 21:05:00,14,12,23,21,5,360,44,AVENUE DE VERDUN,46.8053,1.6944,Nuit avec éclairage allumé,En agglomération,Hors intersection,Temps couvert,Autre collision,,,,,,,,,,,5,2,1,8.0,6
201400026161,0014-06-10 20:24:00,14,6,10,20,24,360,44,45 RUE VICTOR HUGO,46.8109,1.69174,Plein jour,En agglomération,Hors intersection,Normale,Trois véhicules et plus - en chaîne,,,,,,,,,,,1,2,1,1.0,4
201400026162,0014-06-13 10:10:00,14,6,13,10,10,360,44,8 MAI 1945,46.8043,1.70017,Plein jour,En agglomération,Hors intersection,Normale,Deux véhicules - arrière,,,,,,,,,,,1,2,1,1.0,2
201400026163,0014-12-30 20:25:00,14,12,30,20,25,360,44,152 BIS AV LEMOINE,46.8225,1.6975,Nuit avec éclairage allumé,En agglomération,Hors intersection,Normale,Deux véhicules - arrière,,,,,,,,,,,5,2,1,1.0,2
201400026164,0014-06-23 08:05:00,14,6,23,8,5,360,44,PLCE LAFAYETTE/AV LEMOI,46.8143,1.6966,Plein jour,En agglomération,Giratoire,Normale,Deux véhicules - arrière,,,,,,,,,,,1,2,6,1.0,2
201400026165,0014-06-24 14:35:00,14,6,24,14,35,360,44,W CHURCHIL/RUE COMBOLIAU,46.7938,1.68757,Plein jour,En agglomération,Intersection en Y,Normale,Deux véhicules - côté,,,,,,,,,,,1,2,4,1.0,3
201400026166,0014-06-25 15:06:00,14,6,25,15,6,360,44,362 AVENUE DE LA CHATRE,46.7999,1.72341,Plein jour,En agglomération,Hors intersection,Normale,Deux véhicules - côté,,,,,,,,,,,1,2,1,1.0,3
201400026167,0014-06-26 19:55:00,14,6,26,19,55,360,44,ROND POINT DESCHIZEAU,46.8102,1.6878,Plein jour,En agglomération,Giratoire,Normale,Deux véhicules - arrière,,,,,,,,,,,1,2,6,1.0,2
201400026168,0014-06-27 11:45:00,14,6,27,11,45,360,44,28 RUE DE LA GARE,46.8111,1.6963,Plein jour,En agglomération,Hors intersection,Normale,Sans collision,,,,,,,,,,,1,2,1,1.0,7
201400026169,0014-08-15 15:36:00,14,8,15,15,36,360,44,28 PROMENADE DES CAPUCIN,46.8077,1.69413,Plein jour,En agglomération,Hors intersection,Normale,Sans collision,,,,,,,,,,,1,2,1,1.0,7
201400026170,0014-01-06 07:19:00,14,1,6,7,19,370,233,AVENUE GEORGE POMPIDOU,,,Crépuscule ou aube,En agglomération,Hors intersection,Pluie légère,Deux véhicules - arrière,,,,,,,,,,,2,2,1,2.0,2
201400026171,0014-01-09 18:25:00,14,1,9,18,25,370,261,RUE DE CALAIS,,,Nuit avec éclairage allumé,En agglomération,Intersection en X,Normale,Deux véhicules - côté,,,,,,,,,,,5,2,2,1.0,3
201400026172,0014-01-15 18:05:00,14,1,15,18,5,370,261,BD ABEL GANCE,,,Nuit avec éclairage allumé,En agglomération,Hors intersection,Pluie légère,Trois véhicules et plus - en chaîne,,,,,,,,,,,5,2,1,2.0,4
201400026173,0014-01-16 18:35:00,14,1,16,18,35,370,261,RUE DES TANNEURS,,,Nuit avec éclairage allumé,En agglomération,Hors intersection,Normale,Autre collision,,,,,,,,,,,5,2,1,1.0,6
201400026174,0014-01-16 17:30:00,14,1,16,17,30,370,261,RUE DE RICHELIEU,,,Crépuscule ou aube,Hors agglomération,Intersection en X,Normale,Deux véhicules - côté,,,,,,,,,,,2,1,2,1.0,3
201400026175,0014-01-17 07:55:00,14,1,17,7,55,370,261,AV GEORGE POMPIDOU,,,Plein jour,En agglomération,Hors intersection,Normale,Deux véhicules - arrière,,,,,,,,,,,1,2,1,1.0,2
201400026176,0014-01-17 08:10:00,14,1,17,8,10,370,233,RUE JEANNE LABOURDE,,,Plein jour,En agglomération,Hors intersection,Normale,Autre collision,,,,,,,,,,,1,2,1,1.0,6
201400026177,0014-01-17 11:30:00,14,1,17,11,30,370,261,BD ABEL GANCE,,,Plein jour,En agglomération,Hors intersection,Normale,Deux véhicules - arrière,,,,,,,,,,,1,2,1,1.0,2
201400026178,0014-01-21 18:15:00,14,1,21,18,15,370,261,DANIEL MAYER,,,Nuit avec éclairage allumé,En agglomération,Intersection en T,Normale,Deux véhicules - arrière,,,,,,,,,,,5,2,3,1.0,2
201400026179,0014-01-21 18:50:00,14,1,21,18,50,370,261,RUE DANIEL MAYER,,,Nuit avec éclairage allumé,Hors agglomération,Hors intersection,Normale,Autre collision,,,,,,,,,,,5,1,1,1.0,6
201400026180,0014-01-28 13:00:00,14,1,28,13,0,370,261,RUE DE L'AUBERDIERE,,,Plein jour,En agglomération,Giratoire,Pluie légère,Sans collision,,,,,,,,,,,1,2,6,2.0,7
201400026181,0014-01-28 14:00:00,14,1,28,14,0,370,122,LE PETIT MORON,,,Plein jour,En agglomération,Hors intersection,Normale,Trois véhicules et plus - collisions multiples,,,,,,,,,,,1,2,1,1.0,5
201400026182,0014-01-28 18:40:00,14,1,28,18,40,370,261,RUE DE L'AVIATION,,,Nuit avec éclairage allumé,En agglomération,Hors intersection,Pluie forte,Deux véhicules - arrière,,,,,,,,,,,5,2,1,3.0,2
201400026183,0014-01-28 18:03:00,14,1,28,18,3,370,261,PONT  MIRABEAU,,,Nuit avec éclairage allumé,En agglomération,Hors intersection,Pluie forte,Deux véhicules - arrière,,,,,,,,,,,5,2,1,3.0,2
201400026184,0014-01-29 09:00:00,14,1,29,9,0,370,208,RUE DU PETIT BOIS,,,Plein jour,En agglomération,Intersection en X,Pluie légère,Deux véhicules - côté,,,,,,,,,,,1,2,2,2.0,3
201400026185,0014-02-03 18:20:00,14,2,3,18,20,370,261,AV MARC DASSAULT,,,Nuit avec éclairage allumé,En agglomération,Hors intersection,Normale,Deux véhicules - côté,,,,,,,,,,,5,2,1,1.0,3
201400026186,0014-02-05 09:00:00,14,2,5,9,0,370,261,RUE D ENTRAIGUES,,,Plein jour,En agglomération,Intersection en X,Normale,Deux véhicules - côté,,,,,,,,,,,1,2,2,1.0,3
201400026187,0014-02-09 18:20:00,14,2,9,18,20,370,122,RD 37,,,Nuit sans éclairage public,Hors agglomération,Hors intersection,Pluie légère,Sans collision,,,,,,,,,,,3,1,1,2.0,7
201400026188,0014-02-09 18:25:00,14,2,9,18,25,370,122,RD 37,,,Nuit sans éclairage public,Hors agglomération,Hors intersection,Pluie légère,Sans collision,,,,,,,,,,,3,1,1,2.0,7
201400026189,0014-02-09 20:05:00,14,2,9,20,5,370,195,RUE LOUIS XI,,,Nuit avec éclairage allumé,En agglomération,Intersection en T,Temps couvert,Deux véhicules - côté,,,,,,,,,,,5,2,3,8.0,3
201400026190,0014-02-14 18:20:00,14,2,14,18,20,370,261,12  RUE PINGUET GUINDON,,,Nuit avec éclairage allumé,En agglomération,Hors intersection,Normale,Autre collision,,,,,,,,,,,5,2,1,1.0,6
201400026191,0014-02-14 20:27:00,14,2,14,20,27,370,261,QUAI ANDRE MALRAUX,,,Nuit avec éclairage allumé,En agglomération,Hors intersection,Normale,Deux véhicules - côté,,,,,,,,,,,5,2,1,1.0,3
201400026192,0014-02-11 12:33:00,14,2,11,12,33,370,261,AVENUE DE SEVIGNE,,,Plein jour,En agglomération,Hors intersection,Normale,Autre collision,,,,,,,,,,,1,2,1,1.0,6
201400026193,0014-02-17 11:25:00,14,2,17,11,25,370,261,RUE D ENTRAIGUES,,,Plein jour,En agglomération,Intersection en X,Normale,Deux véhicules - frontale,,,,,,,,,,,1,2,2,1.0,1
201400026194,0014-02-21 14:10:00,14,2,21,14,10,370,195,RUE RENE CASSIN,,,Plein jour,En agglomération,Intersection en T,Normale,Deux véhicules - côté,,,,,,,,,,,1,2,3,1.0,3
201400026195,0014-02-26 17:10:00,14,2,26,17,10,370,214,QUAI  DE LA LOIRE,,,Plein jour,En agglomération,Hors intersection,Normale,Autre collision,,,,,,,,,,,1,2,1,1.0,6
201400026196,0014-02-26 18:35:00,14,2,26,18,35,370,261,RUE FROMENTEL,,,Nuit avec éclairage allumé,En agglomération,Intersection en T,Normale,Deux véhicules - côté,,,,,,,,,,,5,2,3,1.0,3
201400026197,0014-02-26 19:40:00,14,2,26,19,40,370,195,LEVEE DU CHER,,,Nuit avec éclairage allumé,En agglomération,Hors intersection,Pluie légère,Trois véhicules et plus - en chaîne,,,,,,,,,,,5,2,1,2.0,4
201400026198,0014-03-05 16:55:00,14,3,5,16,55,370,261,RUE DE SUEDE,,,Plein jour,En agglomération,Intersection en X,Normale,Deux véhicules - côté,,,,,,,,,,,1,2,2,1.0,3
201400026199,0014-03-05 18:45:00,14,3,5,18,45,370,261,RUE LEON BOYER,,,Plein jour,En agglomération,Intersection en X,Normale,Deux véhicules - côté,,,,,,,,,,,1,2,2,1.0,3
201400026200,0014-03-10 20:25:00,14,3,10,20,25,370,233,AVENUE JACQUES DUCLOS,,,Nuit avec éclairage allumé,En agglomération,Hors intersection,Normale,Trois véhicules et plus - en chaîne,,,,,,,,,,,5,2,1,1.0,4
201400026201,0014-03-12 07:30:00,14,3,12,7,30,370,233,140  AVENUE STALINGRAD,,,Plein jour,En agglomération,Hors intersection,Normale,Sans collision,,,,,,,,,,,1,2,1,1.0,7
201400026202,0014-03-11 18:20:00,14,3,11,18,20,370,195,RUE DU PETIT PLESSIS,,,Plein jour,En agglomération,Hors intersection,Normale,Sans collision,,,,,,,,,,,1,2,1,1.0,7
201400026203,0014-03-28 14:23:00,14,3,28,14,23,370,261,RUE CHRISTOPHE COLOMB,,,Plein jour,En agglomération,Intersection en X,Normale,Deux véhicules - côté,,,,,,,,,,,1,2,2,1.0,3
201400026204,0014-02-17 23:45:00,14,2,17,23,45,370,208,RUE DE  CORMERY,,,Nuit avec éclairage allumé,En agglomération,Intersection en T,Normale,Deux véhicules - côté,,,,,,,,,,,5,2,3,1.0,3
201400026205,0014-03-08 21:25:00,14,3,8,21,25,370,261,RUE EDOUARD VAILLANT,,,Nuit avec éclairage allumé,En agglomération,Intersection en X,Normale,Deux véhicules - frontale,,,,,,,,,,,5,2,2,1.0,1
201400026206,0014-03-27 23:40:00,14,3,27,23,40,370,195,15 PLACE  SAINTE ANNE,,,Nuit avec éclairage allumé,En agglomération,Hors intersection,Normale,Autre collision,,,,,,,,,,,5,2,1,1.0,6
201400026207,0014-04-05 03:50:00,14,4,5,3,50,370,233,LEVEE DE LA LOIRE,,,Nuit sans éclairage public,Hors agglomération,Hors intersection,Normale,Autre collision,,,,,,,,,,,3,1,1,1.0,6
201400026208,0014-05-10 22:20:00,14,5,10,22,20,370,261,QUAI ANDRE MALRAUX,,,Nuit avec éclairage allumé,En agglomération,Intersection en X,Normale,Deux véhicules - côté,,,,,,,,,,,5,2,2,1.0,3
201400026209,0014-05-16 22:30:00,14,5,16,22,30,370,195,78bis  RUE DE LA MAIRIE,,,Nuit avec éclairage allumé,En agglomération,Hors intersection,Normale,Sans collision,,,,,,,,,,,5,2,1,1.0,7
201400026210,0014-05-16 22:53:00,14,5,16,22,53,370,261,15 BIS QUAI PORTILLON,,,Nuit avec éclairage allumé,En agglomération,Hors intersection,Normale,Autre collision,,,,,,,,,,,5,2,1,1.0,6
201400026211,0014-05-20 22:55:00,14,5,20,22,55,370,261,RUE MIRABEAU,,,Nuit avec éclairage allumé,En agglomération,Intersection en X,Pluie légère,Deux véhicules - côté,,,,,,,,,,,5,2,2,2.0,3
201400026212,0014-06-07 20:45:00,14,6,7,20,45,370,208,BD Paul DOUMER,,,Plein jour,En agglomération,Intersection en X,Normale,Deux véhicules - arrière,,,,,,,,,,,1,2,2,1.0,2
201400026213,0014-06-16 20:15:00,14,6,16,20,15,370,261,BORDIERS (RUE DES),,,Plein jour,En agglomération,Hors intersection,Normale,Deux véhicules - côté,,,,,,,,,,,1,2,1,1.0,3
201400026214,0014-06-22 00:05:00,14,6,22,0,5,370,261,AV GAL  POMPIDOU,,,Nuit avec éclairage allumé,En agglomération,Hors intersection,Normale,Deux véhicules - arrière,,,,,,,,,,,5,2,1,1.0,2
201400026215,0014-06-28 03:00:00,14,6,28,3,0,370,261,35 RUE JEHAN FOUQUET,,,Nuit avec éclairage allumé,En agglomération,Hors intersection,Normale,Autre collision,,,,,,,,,,,5,2,1,1.0,6
201400026216,0014-08-03 00:15:00,14,8,3,0,15,370,261,PLACE JEAN JAURES,,,Nuit avec éclairage allumé,En agglomération,Hors intersection,Temps couvert,Autre collision,,,,,,,,,,,5,2,1,8.0,6
201400026217,0014-08-08 22:05:00,14,8,8,22,5,370,122,SOUS PONT VC 300,,,Nuit sans éclairage public,En agglomération,Hors intersection,Pluie légère,Deux véhicules - arrière,,,,,,,,,,,3,2,1,2.0,2
201400026218,0014-08-17 00:15:00,14,8,17,0,15,370,261,CARREF FRANCAIS LIBRES,,,Nuit avec éclairage allumé,En agglomération,Giratoire,Normale,Deux véhicules - côté,,,,,,,,,,,5,2,6,1.0,3
201400026219,0014-08-21 00:20:00,14,8,21,0,20,370,261,BD  TONNELLE /ENTRAIGUE,,,Nuit avec éclairage allumé,En agglomération,Intersection en X,Normale,Trois véhicules et plus - collisions multiples,,,,,,,,,,,5,2,2,1.0,5
201400026220,0014-08-25 22:35:00,14,8,25,22,35,370,122,RD 37,,,Nuit sans éclairage public,En agglomération,Autre intersection,Pluie forte,Autre collision,,,,,,,,,,,3,2,9,3.0,6