accident_id,datetime,annee,mois,jour,heure,minute,departement,commune_insee,adresse,latitude,longitude,luminosite,agglomeration,intersection,meteo,collision,nb_vehicules,nb_usagers,nb_indemnes,nb_tues,nb_blesses_hosp,nb_blesses_legers,age_cond_1,age_cond_2,veh_type_cond_1,veh_type_cond_2,lum_code,agg_code,int_code,atm_code,col_code
201400026490,0014-07-15 15:30:00,14,7,15,15,30,370,261,25 RUE PINGUET GUINDON,,,Plein jour,En agglomération,Hors intersection,Normale,Sans collision,,,,,,,,,,,1,2,1,1.0,7
201400026491,0014-08-13 19:00:00,14,8,13,19,0,370,208,AVENUE DE  BEAUGAILLARD,,,Plein jour,En agglomération,Giratoire,Normale,Deux véhicules - arrière,,,,,,,,,,,1,2,6,1.0,2
201400026492,0014-08-20 17:05:00,14,8,20,17,5,370,261,RUE JEAN ANOUILH,,,Plein jour,En agglomération,Intersection en T,Normale,Deux véhicules - côté,,,,,,,,,,,1,2,3,1.0,3
201400026493,0014-08-21 08:35:00,14,8,21,8,35,370,261,141 BD  HEURTELOUP,,,Plein jour,En agglomération,Hors intersection,Normale,Sans collision,,,,,,,,,,,1,2,1,1.0,7
201400026494,0014-08-26 14:00:00,14,8,26,14,0,370,261,RUE EMILE ZOLA/BUFFON,,,Plein jour,En agglomération,Intersection en X,Normale,Deux véhicules - côté,,,,,,,,,,,1,2,2,1.0,3
201400026495,0014-09-02 19:10:00,14,9,2,19,10,370,261,171 AVENUE DE  GRAMMONT,,,Plein jour,En agglomération,Hors intersection,Normale,Autre collision,,,,,,,,,,,1,2,1,1.0,6
201400026496,0014-09-07 17:00:00,14,9,7,17,0,370,261,PONT SAINT SYMPHORIEN,,,Plein jour,En agglomération,Intersection en X,Normale,Autre collision,,,,,,,,,,,1,2,2,1.0,6
201400026497,0014-09-09 08:05:00,14,9,9,8,5,370,261,QUAI PAUL BERT,,,Plein jour,En agglomération,Intersection en T,Normale,Deux véhicules - côté,,,,,,,,,,,1,2,3,1.0,3
201400026498,0014-09-12 15:40:00,14,9,12,15,40,370,261,26 RUE MARCEAU,,,Plein jour,En agglomération,Hors intersection,Normale,Autre collision,,,,,,,,,,,1,2,1,1.0,6
201400026499,0014-09-15 08:15:00,14,9,15,8,15,370,261,RUE GEORGES RENARD,,,Plein jour,En agglomération,Intersection en X,Normale,Deux véhicules - côté,,,,,,,,,,,1,2,2,1.0,3
201400026500,0014-09-19 17:40:00,14,9,19,17,40,370,261,BD ABEL GANCE,,,Plein jour,Hors agglomération,Hors intersection,Normale,Trois véhicules et plus - en chaîne,,,,,,,,,,,1,1,1,1.0,4
201400026501,0014-09-20 05:00:00,14,9,20,5,0,370,122,1 AVENUE DE BORDEAUX,,,Nuit avec éclairage allumé,En agglomération,Hors intersection,Normale,Deux véhicules - arrière,,,,,,,,,,,5,2,1,1.0,2
201400026502,0014-09-21 09:20:00,14,9,21,9,20,370,214,63  RUE DES RIMONEAUX,,,Plein jour,En agglomération,Hors intersection,Normale,Autre collision,,,,,,,,,,,1,2,1,1.0,6
201400026503,0014-09-24 16:10:00,14,9,24,16,10,370,122,RD 37,,,Plein jour,Hors agglomération,Hors intersection,Normale,Deux véhicules - côté,,,,,,,,,,,1,1,1,1.0,3
201400026504,0014-09-25 18:10:00,14,9,25,18,10,370,214,15 BD CHARLE  DE GAULLE,,,Plein jour,En agglomération,Hors intersection,Normale,Sans collision,,,,,,,,,,,1,2,1,1.0,7
201400026505,0014-09-24 16:10:00,14,9,24,16,10,370,122,RD 37,,,Plein jour,Hors agglomération,Hors intersection,Normale,Deux véhicules - arrière,,,,,,,,,,,1,1,1,1.0,2
201400026506,0014-09-26 11:05:00,14,9,26,11,5,370,261,15 AV ED MICHELIN,,,Plein jour,En agglomération,Intersection en T,Normale,Deux véhicules - arrière,,,,,,,,,,,1,2,3,1.0,2
201400026507,0014-09-30 20:10:00,14,9,30,20,10,370,261,AV DU GAL DE GAULLE,,,Nuit sans éclairage public,En agglomération,Hors intersection,Normale,Deux véhicules - arrière,,,,,,,,,,,3,2,1,1.0,2
201400026508,0014-10-01 16:25:00,14,10,1,16,25,370,261,BD JEAN ROYER/LAKANAL,,,Plein jour,En agglomération,Intersection en X,Normale,Deux véhicules - côté,,,,,,,,,,,1,2,2,1.0,3
201400026509,0014-06-04 14:40:00,14,6,4,14,40,370,261,AVENUE GEORGE POMPIDOU,,,Plein jour,En agglomération,Hors intersection,Normale,Sans collision,,,,,,,,,,,1,2,1,1.0,7
201400026510,0014-06-06 08:47:00,14,6,6,8,47,370,122,RUE DE LA ROTIERE,,,Plein jour,En agglomération,Hors intersection,Normale,Autre collision,,,,,,,,,,,1,2,1,1.0,6
201400026511,0014-01-28 21:15:00,14,1,28,21,15,370,261,BOULEVARD HEURTELOUP,,,Nuit avec éclairage allumé,En agglomération,Intersection en T,Pluie légère,Deux véhicules - côté,,,,,,,,,,,5,2,3,2.0,3
201400026512,0014-09-11 19:20:00,14,9,11,19,20,370,261,ROND POINT ALFRED NOBEL,,,Plein jour,Hors agglomération,Hors intersection,Normale,Sans collision,,,,,,,,,,,1,1,1,1.0,7
201400026513,0014-09-18 08:00:00,14,9,18,8,0,370,122,RUE CHARLES GOUNOD,,,Plein jour,En agglomération,Intersection en T,Normale,Deux véhicules - frontale,,,,,,,,,,,1,2,3,1.0,1
201400026514,0014-09-23 19:00:00,14,9,23,19,0,370,261,AVENUE MARCEL MERIEUX,,,Plein jour,En agglomération,Hors intersection,Normale,Deux véhicules - côté,,,,,,,,,,,1,2,1,1.0,3
201400026515,0014-09-23 14:25:00,14,9,23,14,25,370,261,RUES ENTRAIGUES/WALVEIN,,,Plein jour,En agglomération,Intersection en X,Normale,Deux véhicules - côté,,,,,,,,,,,1,2,2,1.0,3
201400026516,0014-09-25 08:30:00,14,9,25,8,30,370,233,RUE PIERRE BROSSELETTE,,,Plein jour,En agglomération,Hors intersection,Normale,Sans collision,,,,,,,,,,,1,2,1,1.0,7
201400026517,0014-09-29 17:45:00,14,9,29,17,45,370,233,BD LANGEVIN/VIALA,,,Plein jour,En agglomération,Intersection en X,Normale,Deux véhicules - côté,,,,,,,,,,,1,2,2,1.0,3
201400026518,0014-09-30 08:00:00,14,9,30,8,0,370,261,AV DE FLORENCE/CHAUTEMPS,,,Plein jour,En agglomération,Intersection en T,Normale,Trois véhicules et plus - collisions multiples,,,,,,,,,,,1,2,3,1.0,5
201400026519,0014-10-01 12:00:00,14,10,1,12,0,370,261,122 RUE JOLIVET,,,Plein jour,En agglomération,Intersection en T,Normale,Deux véhicules - côté,,,,,,,,,,,1,2,3,1.0,3
201400026520,0014-10-06 08:40:00,14,10,6,8,40,370,261,RUE DE LA FUYE,,,Nuit avec éclairage allumé,En agglomération,Intersection en T,Normale,Deux véhicules - côté,,,,,,,,,,,5,2,3,1.0,3
201400026521,0014-10-07 07:40:00,14,10,7,7,40,370,261,236 RUE AUGUS CHEVALLIER,,,Plein jour,En agglomération,Hors intersection,Pluie légère,Trois véhicules et plus - en chaîne,,,,,,,,,,,1,2,1,2.0,4
201400026522,0014-10-07 11:30:00,14,10,7,11,30,370,261,AV ANDRE MAGINOT,,,Plein jour,En agglomération,Hors intersection,Normale,Sans collision,,,,,,,,,,,1,2,1,1.0,7
201400026523,0014-10-10 15:10:00,14,10,10,15,10,370,233,RUE JEANNE LABOURDE,,,Plein jour,En agglomération,Hors intersection,Normale,Sans collision,,,,,,,,,,,1,2,1,1.0,7
201400026524,0014-10-10 16:05:00,14,10,10,16,5,370,261,14  RUE BERNARD PALISSY,,,Plein jour,En agglomération,Hors intersection,Normale,Sans collision,,,,,,,,,,,1,2,1,1.0,7
201400026525,0014-10-11 18:05:00,14,10,11,18,5,370,261,22 BIS RUE MARIE CURIE,,,Plein jour,En agglomération,Hors intersection,Normale,Deux véhicules - frontale,,,,,,,,,,,1,2,1,1.0,1
201400026526,0014-10-13 12:05:00,14,10,13,12,5,370,261,RUE FEBVOTTE,,,Plein jour,En agglomération,Hors intersection,Normale,Sans collision,,,,,,,,,,,1,2,1,1.0,7
201400026527,0014-10-16 19:30:00,14,10,16,19,30,370,261,RUE CHRISTOPHE COLOMB,,,Nuit avec éclairage allumé,En agglomération,Hors intersection,Pluie légère,Sans collision,,,,,,,,,,,5,2,1,2.0,7
201400026528,0014-10-17 16:45:00,14,10,17,16,45,370,261,233 AVENUE DE  GRAMMONT,,,Plein jour,En agglomération,Hors intersection,Normale,Sans collision,,,,,,,,,,,1,2,1,1.0,7
201400026529,0014-10-17 18:15:00,14,10,17,18,15,370,208,RUE JEAN MANCEAU,,,Plein jour,En agglomération,Hors intersection,Normale,Sans collision,,,,,,,,,,,1,2,1,1.0,7
201400026530,0014-10-23 20:00:00,14,10,23,20,0,370,261,PLACE DE LA TRANCHEE,,,Nuit avec éclairage allumé,En agglomération,Giratoire,Normale,Deux véhicules - côté,,,,,,,,,,,5,2,6,1.0,3
201400026531,0014-10-23 18:15:00,14,10,23,18,15,370,261,RUE CORNEILLE/SCELLERIE,,,Nuit avec éclairage allumé,En agglomération,Intersection en T,Normale,Deux véhicules - côté,,,,,,,,,,,5,2,3,1.0,3
201400026532,0014-10-12 05:15:00,14,10,12,5,15,370,261,61 RUE MIRABEAU,,,Nuit avec éclairage allumé,En agglomération,Hors intersection,Normale,Sans collision,,,,,,,,,,,5,2,1,1.0,7
201400026533,0014-07-18 09:35:00,14,7,18,9,35,370,261,103 AV DE GRAMMONT,,,Plein jour,En agglomération,Hors intersection,Normale,Sans collision,,,,,,,,,,,1,2,1,1.0,7
201400026534,0014-07-20 11:34:00,14,7,20,11,34,370,122,RD 37,,,Plein jour,En agglomération,Hors intersection,Normale,Sans collision,,,,,,,,,,,1,2,1,1.0,7
201400026535,0014-07-25 08:40:00,14,7,25,8,40,370,122,113 BD  DE CHINON,,,Plein jour,En agglomération,Hors intersection,Normale,Sans collision,,,,,,,,,,,1,2,1,1.0,7
201400026536,0014-02-01 17:45:00,14,2,1,17,45,370,261,29 AVENUE DE PONT CHER,,,Plein jour,En agglomération,Hors intersection,Normale,Deux véhicules - côté,,,,,,,,,,,1,2,1,1.0,3
201400026537,0014-10-02 09:15:00,14,10,2,9,15,370,261,RUE LA FUYE/TOUR AUVERGN,,,Plein jour,Hors agglomération,Intersection en X,Normale,Deux véhicules - côté,,,,,,,,,,,1,1,2,1.0,3
201400026538,0014-10-06 15:20:00,14,10,6,15,20,370,214,BD ANDRE  GEORGES VOISIN,,,Plein jour,Hors agglomération,Intersection en X,Pluie légère,Deux véhicules - arrière,,,,,,,,,,,1,1,2,2.0,2
201400026539,0014-10-06 15:40:00,14,10,6,15,40,370,261,AVENU  PROUDHON,,,Plein jour,En agglomération,Hors intersection,Pluie forte,Sans collision,,,,,,,,,,,1,2,1,3.0,7
201400026540,0014-10-07 14:13:00,14,10,7,14,13,370,261,RUE LOUIS DE BROGLIE,,,Plein jour,En agglomération,Hors intersection,Pluie légère,Deux véhicules - frontale,,,,,,,,,,,1,2,1,2.0,1
201400026541,0014-10-07 15:40:00,14,10,7,15,40,370,261,ROND POINT JEAN LE RESTE,,,Plein jour,En agglomération,Hors intersection,Normale,Sans collision,,,,,,,,,,,1,2,1,1.0,7
201400026542,0014-10-07 17:10:00,14,10,7,17,10,370,195,PERIPHERIQUE OUEST,,,Plein jour,Hors agglomération,Hors intersection,Pluie légère,Trois véhicules et plus - en chaîne,,,,,,,,,,,1,1,1,2.0,4
201400026543,0014-10-07 18:10:00,14,10,7,18,10,370,195,42 PLACE SAINT ANNE,,,Plein jour,En agglomération,Intersection en T,Pluie légère,Deux véhicules - côté,,,,,,,,,,,1,2,3,2.0,3
201400026544,0014-10-03 07:33:00,14,10,3,7,33,370,261,RUE DE L AVIATION,,,Plein jour,En agglomération,Intersection en T,Normale,Deux véhicules - côté,,,,,,,,,,,1,2,3,1.0,3
201400026545,0014-10-03 09:39:00,14,10,3,9,39,370,208,AVENUE DU LAC,,,Plein jour,En agglomération,Intersection en T,Normale,Deux véhicules - arrière,,,,,,,,,,,1,2,3,1.0,2
201400026546,0014-10-03 08:30:00,14,10,3,8,30,370,261,ROUTE DE SAINT AVERTIN,,,Plein jour,En agglomération,Hors intersection,Normale,Deux véhicules - côté,,,,,,,,,,,1,2,1,1.0,3
201400026547,0014-10-03 10:47:00,14,10,3,10,47,370,122,RUE LAVOISIER,,,Plein jour,En agglomération,Hors intersection,Normale,Sans collision,,,,,,,,,,,1,2,1,1.0,7
201400026548,0014-10-08 08:40:00,14,10,8,8,40,370,122,"pr 7.9, RD 37",,,Plein jour,Hors agglomération,Hors intersection,Pluie légère,Autre collision,,,,,,,,,,,1,1,1,2.0,6
201400026549,0014-10-12 19:19:00,14,10,12,19,19,370,214,BD CHARLES DE GAULLE,,,Nuit sans éclairage public,En agglomération,Intersection en T,Normale,Deux véhicules - côté,,,,,,,,,,,3,2,3,1.0,3
201400026550,0014-10-13 14:50:00,14,10,13,14,50,370,122,RD 37,,,Plein jour,En agglomération,Hors intersection,Normale,Trois véhicules et plus - en chaîne,,,,,,,,,,,1,2,1,1.0,4
201400026551,0014-10-12 19:40:00,14,10,12,19,40,370,261,PLACE ANNE DE BRETAGNE,,,Nuit avec éclairage allumé,En agglomération,Hors intersection,Temps couvert,Sans collision,,,,,,,,,,,5,2,1,8.0,7
201400026552,0014-10-18 15:25:00,14,10,18,15,25,370,233,AVENUE LENINE /CASANOVA,,,Plein jour,En agglomération,Intersection en X,Normale,Deux véhicules - frontale,,,,,,,,,,,1,2,2,1.0,1
201400026553,0014-10-26 05:00:00,14,10,26,5,0,370,261,5 RUE  MIRABEAU,,,Nuit avec éclairage allumé,En agglomération,Hors intersection,Brouillard / fumée,Sans collision,,,,,,,,,,,5,2,1,5.0,7
201400026554,0014-10-26 06:30:00,14,10,26,6,30,370,261,81 RUE MIRABEAU,,,Nuit avec éclairage allumé,En agglomération,Intersection en X,Normale,Deux véhicules - côté,,,,,,,,,,,5,2,2,1.0,3
201400026555,0014-10-30 18:15:00,14,10,30,18,15,370,261,PAS NOTRE DAME/ORATOIRE,,,Nuit avec éclairage allumé,En agglomération,Intersection en T,Normale,Deux véhicules - côté,,,,,,,,,,,5,2,3,1.0,3
201400026556,0014-11-06 17:50:00,14,11,6,17,50,370,261,RUE GIRAUDEAU,,,Nuit avec éclairage allumé,En agglomération,Intersection en T,Normale,Deux véhicules - côté,,,,,,,,,,,5,2,3,1.0,3
201400026557,0014-11-07 10:37:00,14,11,7,10,37,370,261,POMPIDOU (AVENUE GEORGES,,,Plein jour,En agglomération,Hors intersection,Normale,Deux véhicules - arrière,,,,,,,,,,,1,2,1,1.0,2
201400026558,0014-11-11 18:52:00,14,11,11,18,52,370,261,RUE VINCENT INDY,,,Nuit avec éclairage allumé,En agglomération,Intersection en X,Pluie légère,Deux véhicules - côté,,,,,,,,,,,5,2,2,2.0,3
201400026559,0014-11-13 07:35:00,14,11,13,7,35,370,122,BD DES BRETONNIERES,,,Plein jour,En agglomération,Intersection en T,Normale,Autre collision,,,,,,,,,,,1,2,3,1.0,6
201400026560,0014-11-14 10:27:00,14,11,14,10,27,370,122,RD 37,,,Plein jour,Hors agglomération,Hors intersection,Pluie légère,Sans collision,,,,,,,,,,,1,1,1,2.0,7
201400026561,0014-11-18 19:30:00,14,11,18,19,30,370,261,RUE DEVILDE,,,Nuit avec éclairage allumé,En agglomération,Intersection en T,Pluie légère,Autre collision,,,,,,,,,,,5,2,3,2.0,6
201400026562,0014-11-18 14:55:00,14,11,18,14,55,370,261,71 AV ANDRE MAGINOT,,,Plein jour,En agglomération,Hors intersection,Pluie légère,Trois véhicules et plus - en chaîne,,,,,,,,,,,1,2,1,2.0,4
201400026563,0014-11-18 17:10:00,14,11,18,17,10,370,233,RUE DE LA RABATERIE,,,Crépuscule ou aube,En agglomération,Hors intersection,Normale,Autre collision,,,,,,,,,,,2,2,1,1.0,6
201400026564,0014-11-19 08:50:00,14,11,19,8,50,370,208,RUE DE LARCAY,,,Plein jour,Hors agglomération,Hors intersection,Temps couvert,Sans collision,,,,,,,,,,,1,1,1,8.0,7
201400026565,0014-11-25 08:55:00,14,11,25,8,55,370,233,BD JEAN JAURES,,,Plein jour,En agglomération,Giratoire,Pluie légère,Deux véhicules - côté,,,,,,,,,,,1,2,6,2.0,3
201400026566,0014-08-06 16:10:00,14,8,6,16,10,370,122,RUE DE PENAVET,,,Plein jour,En agglomération,Hors intersection,Pluie légère,Autre collision,,,,,,,,,,,1,2,1,2.0,6
201400026567,0014-10-03 15:00:00,14,10,3,15,0,370,214,BD CHARLES DE GAULLE,,,Plein jour,En agglomération,Intersection en T,Normale,Sans collision,,,,,,,,,,,1,2,3,1.0,7
201400026568,0014-10-03 16:33:00,14,10,3,16,33,370,261,1 RUE DE LA VICTOIRE,,,Plein jour,En agglomération,Hors intersection,Normale,Deux véhicules - côté,,,,,,,,,,,1,2,1,1.0,3
201400026569,0014-10-03 18:25:00,14,10,3,18,25,370,261,EIFFEL (AVENUE GUSTAVE),,,Plein jour,En agglomération,Giratoire,Normale,Deux véhicules - côté,,,,,,,,,,,1,2,6,1.0,3
201400026570,0014-10-09 18:20:00,14,10,9,18,20,370,122,81 RUE DE VERDUN,,,Plein jour,En agglomération,Hors intersection,Normale,Deux véhicules - arrière,,,,,,,,,,,1,2,1,1.0,2
201400026571,0014-10-10 10:00:00,14,10,10,10,0,370,122,RUE DE CHAMBRAY,,,Plein jour,Hors agglomération,Hors intersection,Normale,Sans collision,,,,,,,,,,,1,1,1,1.0,7
201400026572,0014-10-17 08:00:00,14,10,17,8,0,370,233,AVENUE LENINE,,,Crépuscule ou aube,En agglomération,Intersection en X,Normale,Deux véhicules - côté,,,,,,,,,,,2,2,2,1.0,3
201400026573,0014-10-27 18:05:00,14,10,27,18,5,370,233,AVENUE JACQUES DUCLOS,,,Crépuscule ou aube,En agglomération,Hors intersection,Normale,Deux véhicules - côté,,,,,,,,,,,2,2,1,1.0,3
201400026574,0014-10-27 20:45:00,14,10,27,20,45,370,261,BD HEURTELOUP,,,Nuit avec éclairage non allumé,En agglomération,Giratoire,Normale,Deux véhicules - côté,,,,,,,,,,,4,2,6,1.0,3
201400026575,0014-10-27 19:30:00,14,10,27,19,30,370,233,RABATERIE (RUE DE LA),,,Nuit avec éclairage allumé,En agglomération,Intersection en T,Normale,Trois véhicules et plus - en chaîne,,,,,,,,,,,5,2,3,1.0,4
201400026576,0014-10-28 10:00:00,14,10,28,10,0,370,195,222  ROUTE  ST-GENOUPH,,,Plein jour,Hors agglomération,Hors intersection,Normale,Deux véhicules - côté,,,,,,,,,,,1,1,1,1.0,3
201400026577,0014-10-29 10:45:00,14,10,29,10,45,370,261,66 RUE NATIONALE,,,Plein jour,En agglomération,Hors intersection,Normale,Autre collision,,,,,,,,,,,1,2,1,1.0,6
201400026578,0014-11-02 15:10:00,14,11,2,15,10,370,122,RUE DE LA DOUZILLIERE,,,Plein jour,En agglomération,Intersection en T,Normale,Deux véhicules - arrière,,,,,,,,,,,1,2,3,1.0,2
201400026579,0014-11-02 17:20:00,14,11,2,17,20,370,214,BD CHARLES DE GAULLE,,,Crépuscule ou aube,Hors agglomération,Autre intersection,Pluie légère,Sans collision,,,,,,,,,,,2,1,9,2.0,7
201400026580,0014-11-04 07:30:00,14,11,4,7,30,370,261,DANIEL MAYER,,,Plein jour,En agglomération,Intersection en X,Normale,Deux véhicules - côté,,,,,,,,,,,1,2,2,1.0,3
201400026581,0014-11-09 12:15:00,14,11,9,12,15,370,261,49 RUE DU DOC CHAUMIER,,,Plein jour,En agglomération,Hors intersection,Normale,Autre collision,,,,,,,,,,,1,2,1,1.0,6
201400026582,0014-11-14 15:05:00,14,11,14,15,5,370,261,AVENUE DE L EUROPE,,,Plein jour,En agglomération,Hors intersection,Normale,Autre collision,,,,,,,,,,,1,2,1,1.0,6
201400026583,0014-11-14 16:50:00,14,11,14,16,50,370,122,PARC ACTIVIT LIODIERE,,,Plein jour,Hors agglomération,Hors intersection,Normale,Deux véhicules - frontale,,,,,,,,,,,1,1,1,1.0,1
201400026584,0014-11-20 17:45:00,14,11,20,17,45,370,261,5 AVENUE  PROUDHON,,,Nuit avec éclairage allumé,En agglomération,Hors intersection,Normale,Sans collision,,,,,,,,,,,5,2,1,1.0,7
201400026585,0014-11-26 13:40:00,14,11,26,13,40,370,261,21 ALLEE FERNAN LESSEPS,,,Plein jour,En agglomération,Hors intersection,Normale,Sans collision,,,,,,,,,,,1,2,1,1.0,7
201400026586,0014-11-26 18:05:00,14,11,26,18,5,370,233,QUAI DE LA LOIRE,,,Nuit avec éclairage allumé,En agglomération,Intersection en T,Normale,Deux véhicules - arrière,,,,,,,,,,,5,2,3,1.0,2
201400026587,0014-11-27 12:20:00,14,11,27,12,20,370,261,260 AVENUE DE  GRAMMONT,,,Plein jour,En agglomération,Hors intersection,Normale,Sans collision,,,,,,,,,,,1,2,1,1.0,7
201400026588,0014-11-28 12:10:00,14,11,28,12,10,370,261,RUE DE LA VICTOIRE,,,Plein jour,En agglomération,Intersection en T,Normale,Deux véhicules - côté,,,,,,,,,,,1,2,3,1.0,3
201400026589,0014-10-04 10:30:00,14,10,4,10,30,370,122,164 BD JEAN JAURES,,,Plein jour,En agglomération,Hors intersection,Normale,Deux véhicules - côté,,,,,,,,,,,1,2,1,1.0,3
201400026590,0014-12-02 17:40:00,14,12,2,17,40,370,208,RUE JULES ROMAINS,,,Crépuscule ou aube,En agglomération,Giratoire,Pluie légère,Deux véhicules - côté,,,,,,,,,,,2,2,6,2.0,3
201400026591,0014-12-04 10:45:00,14,12,4,10,45,370,261,POMPIDOU (AVENUE GEORGES,,,Plein jour,En agglomération,Hors intersection,Pluie légère,Deux véhicules - arrière,,,,,,,,,,,1,2,1,2.0,2
201400026592,0014-12-07 19:10:00,14,12,7,19,10,370,261,252 AV GRAMMONT,,,Nuit avec éclairage non allumé,En agglomération,Hors intersection,Pluie légère,Autre collision,,,,,,,,,,,4,2,1,2.0,6
201400026593,0014-12-09 07:55:00,14,12,9,7,55,370,261,53 AV DE LA REPUBLIQUE,,,Nuit avec éclairage allumé,En agglomération,Hors intersection,Normale,Autre collision,,,,,,,,,,,5,2,1,1.0,6
201400026594,0014-12-13 15:05:00,14,12,13,15,5,370,214,RUE DE LA GAGNERIE,,,Plein jour,Hors agglomération,Hors intersection,Pluie légère,Sans collision,,,,,,,,,,,1,1,1,2.0,7
201400026595,0014-12-13 17:40:00,14,12,13,17,40,370,214,78 QUAI DES MAISONS BLAN,,,Nuit avec éclairage allumé,En agglomération,Hors intersection,Normale,Autre collision,,,,,,,,,,,5,2,1,1.0,6
201400026596,0014-12-14 12:45:00,14,12,14,12,45,370,261,AVENUE ANDRE MAGINOT,,,Plein jour,En agglomération,Hors intersection,Normale,Sans collision,,,,,,,,,,,1,2,1,1.0,7
201400026597,0014-12-14 15:15:00,14,12,14,15,15,370,261,19 RUE DE L' ORATOIRE,,,Plein jour,En agglomération,Hors intersection,Normale,Deux véhicules - côté,,,,,,,,,,,1,2,1,1.0,3
201400026598,0014-12-14 17:35:00,14,12,14,17,35,370,233,30 QUAI DE LA  LOIRE,,,Crépuscule ou aube,En agglomération,Hors intersection,Normale,Autre collision,,,,,,,,,,,2,2,1,1.0,6
201400026599,0014-12-15 05:40:00,14,12,15,5,40,370,261,PLACE ANATOLE  FRANCE,,,Nuit avec éclairage allumé,En agglomération,Hors intersection,Normale,Sans collision,,,,,,,,,,,5,2,1,1.0,7
201400026600,0014-12-15 08:30:00,14,12,15,8,30,370,261,98 BD HEURTELOUP,,,Plein jour,En agglomération,Hors intersection,Normale,Sans collision,,,,,,,,,,,1,2,1,1.0,7
201400026601,0014-12-19 17:35:00,14,12,19,17,35,370,261,RUE CHRISTIAN HUYGENS,,,Nuit sans éclairage public,En agglomération,Hors intersection,Pluie légère,Autre collision,,,,,,,,,,,3,2,1,2.0,6
201400026602,0014-12-19 18:30:00,14,12,19,18,30,370,122,74 BD JEAN JAURES,,,Nuit avec éclairage allumé,En agglomération,Hors intersection,Pluie légère,Sans collision,,,,,,,,,,,5,2,1,2.0,7
201400026603,0014-12-19 19:55:00,14,12,19,19,55,370,261,63 RUE JEANNE WEDELLS,,,Nuit avec éclairage allumé,En agglomération,Intersection en X,Pluie légère,Deux véhicules - côté,,,,,,,,,,,5,2,2,2.0,3
201400026604,0014-12-19 19:25:00,14,12,19,19,25,370,233,AVENUE DE LA REPUBLIQUE,,,Nuit avec éclairage allumé,En agglomération,Intersection en X,Pluie légère,Deux véhicules - côté,,,,,,,,,,,5,2,2,2.0,3
201400026605,0014-12-31 14:50:00,14,12,31,14,50,370,233,AVENUES JACQUES DUCLOS,,,Plein jour,En agglomération,Hors intersection,Normale,Autre collision,,,,,,,,,,,1,2,1,1.0,6
201400026606,0014-10-19 23:55:00,14,10,19,23,55,370,261,RUE VICTOR  HUGO,,,Nuit avec éclairage allumé,En agglomération,Intersection en X,Normale,Deux véhicules - côté,,,,,,,,,,,5,2,2,1.0,3
201400026607,0014-11-01 03:00:00,14,11,1,3,0,370,261,57 RUE J CHARPENTIER,,,Nuit avec éclairage allumé,En agglomération,Hors intersection,Normale,Deux véhicules - frontale,,,,,,,,,,,5,2,1,1.0,1
201400026608,0014-11-22 21:00:00,14,11,22,21,0,370,214,BD CHARLE DE GAULLE,,,Nuit avec éclairage allumé,En agglomération,Giratoire,Normale,Sans collision,,,,,,,,,,,5,2,6,1.0,7
201400026609,0014-12-05 22:20:00,14,12,5,22,20,370,122,BD JEAN JAURES,,,Nuit avec éclairage allumé,En agglomération,Intersection en X,Normale,Deux véhicules - côté,,,,,,,,,,,5,2,2,1.0,3
201400026610,0014-12-06 02:15:00,14,12,6,2,15,370,261,CHATEAUNEUF (PLACE),,,Nuit avec éclairage allumé,En agglomération,Hors intersection,Normale,Deux véhicules - frontale,,,,,,,,,,,5,2,1,1.0,1
201400026611,0014-12-06 03:00:00,14,12,6,3,0,370,261,65 RUE COLBERT,,,Nuit avec éclairage allumé,En agglomération,Hors intersection,Normale,Autre collision,,,,,,,,,,,5,2,1,1.0,6
201400026612,0014-12-08 21:40:00,14,12,8,21,40,370,261,RUE GIRAUDEAU,,,Nuit avec éclairage allumé,En agglomération,Intersection en X,Normale,Autre collision,,,,,,,,,,,5,2,2,1.0,6
201400026613,0014-12-10 23:30:00,14,12,10,23,30,370,261,CARFOUR FRANCAIS LIBRES,,,Nuit avec éclairage allumé,En agglomération,Giratoire,Normale,Autre collision,,,,,,,,,,,5,2,6,1.0,6
201400026614,0014-12-13 23:35:00,14,12,13,23,35,370,261,QUAI ANDRE MALRAUX,,,Nuit avec éclairage allumé,En agglomération,Hors intersection,Normale,Deux véhicules - côté,,,,,,,,,,,5,2,1,1.0,3
201400026615,0014-12-14 03:40:00,14,12,14,3,40,370,233,QUAI DE LA LOIRE,,,Nuit sans éclairage public,En agglomération,Intersection en T,Temps couvert,Autre collision,,,,,,,,,,,3,2,3,8.0,6
201400026616,0014-12-17 04:25:00,14,12,17,4,25,370,122,ROUTE DE MONTS,,,Nuit sans éclairage public,En agglomération,Hors intersection,Pluie forte,Sans collision,,,,,,,,,,,3,2,1,3.0,7
201400026617,0014-12-20 20:45:00,14,12,20,20,45,370,122,ESPACE ANDRE MALRAUX,,,Nuit avec éclairage allumé,En agglomération,Hors intersection,Normale,Deux véhicules - frontale,,,,,,,,,,,5,2,1,1.0,1
201400026618,0014-11-03 16:45:00,14,11,3,16,45,370,261,BD TONNELLE,,,Plein jour,En agglomération,Hors intersection,Pluie légère,Sans collision,,,,,,,,,,,1,2,1,2.0,7
201400026619,0014-11-04 12:45:00,14,11,4,12,45,370,122,RD 37,,,Plein jour,Hors agglomération,Hors intersection,Normale,Deux véhicules - arrière,,,,,,,,,,,1,1,1,1.0,2
201400026620,0014-11-04 16:00:00,14,11,4,16,0,370,122,1 AVENUE VICTOR HUGO,,,Plein jour,En agglomération,Hors intersection,Normale,Sans collision,,,,,,,,,,,1,2,1,1.0,7