accident_id,datetime,annee,mois,jour,heure,minute,departement,commune_insee,adresse,latitude,longitude,luminosite,agglomeration,intersection,meteo,collision,nb_vehicules,nb_usagers,nb_indemnes,nb_tues,nb_blesses_hosp,nb_blesses_legers,age_cond_1,age_cond_2,veh_type_cond_1,veh_type_cond_2,lum_code,agg_code,int_code,atm_code,col_code
201400026621,0014-11-05 12:30:00,14,11,5,12,30,370,261,16 RUE BERNARD PALISSY,,,Plein jour,En agglomération,Hors intersection,Normale,Sans collision,,,,,,,,,,,1,2,1,1.0,7
201400026622,0014-11-10 14:15:00,14,11,10,14,15,370,214,RUE DE LA GAGNERIE,,,Plein jour,En agglomération,Giratoire,Normale,Deux véhicules - côté,,,,,,,,,,,1,2,6,1.0,3
201400026623,0014-11-17 07:45:00,14,11,17,7,45,370,122,RD 37,,,Plein jour,Hors agglomération,Hors intersection,Pluie légère,Sans collision,,,,,,,,,,,1,1,1,2.0,7
201400026624,0014-11-24 05:00:00,14,11,24,5,0,370,261,RUE DE  BOUILLY,,,Nuit avec éclairage allumé,En agglomération,Hors intersection,Normale,Sans collision,,,,,,,,,,,5,2,1,1.0,7
201400026625,0014-11-27 13:35:00,14,11,27,13,35,370,261,RUE VINCENT D INDDY,,,Plein jour,En agglomération,Hors intersection,Normale,Autre collision,,,,,,,,,,,1,2,1,1.0,6
201400026626,0014-11-30 11:50:00,14,11,30,11,50,370,122,AV DU GAL DE GAULLE,,,Plein jour,En agglomération,Hors intersection,Normale,Autre collision,,,,,,,,,,,1,2,1,1.0,6
201400026627,0014-02-09 00:35:00,14,2,9,0,35,370,261,6 SQUARE J-B GREUZE,,,Nuit avec éclairage allumé,En agglomération,Hors intersection,Normale,Autre collision,,,,,,,,,,,5,2,1,1.0,6
201400026628,0014-02-03 10:00:00,14,2,3,10,0,370,208,80 RUE HENRI ADAM,,,Plein jour,En agglomération,Hors intersection,Temps couvert,Sans collision,,,,,,,,,,,1,2,1,8.0,7
201400026629,0014-10-06 17:15:00,14,10,6,17,15,370,208,10 BD PAUL DOUMER,,,Plein jour,En agglomération,Hors intersection,Normale,Autre collision,,,,,,,,,,,1,2,1,1.0,6
201400026630,0014-10-03 10:00:00,14,10,3,10,0,370,233,AVENUE JACQUES DUCLOS,,,Plein jour,En agglomération,Intersection en T,Normale,Deux véhicules - côté,,,,,,,,,,,1,2,3,1.0,3
201400026631,0014-10-14 08:30:00,14,10,14,8,30,370,233,16 RUE AUDENET DAMAS,,,Plein jour,En agglomération,Hors intersection,Normale,Autre collision,,,,,,,,,,,1,2,1,1.0,6
201400026632,0014-10-14 10:45:00,14,10,14,10,45,370,261,90 BD HEURTELOUP,,,Plein jour,En agglomération,Hors intersection,Normale,Autre collision,,,,,,,,,,,1,2,1,1.0,6
201400026633,0014-11-25 12:45:00,14,11,25,12,45,370,122,56 BD DE CHINON,,,Plein jour,En agglomération,Intersection en T,Temps couvert,Deux véhicules - côté,,,,,,,,,,,1,2,3,8.0,3
201400026634,0014-11-26 08:17:00,14,11,26,8,17,370,122,189 RUE DE  DOUZILLIERE,,,Plein jour,En agglomération,Hors intersection,Normale,Deux véhicules - côté,,,,,,,,,,,1,2,1,1.0,3
201400026635,0014-11-29 17:50:00,14,11,29,17,50,370,122,RUE DE CHANTEPIE,,,Nuit avec éclairage allumé,En agglomération,Intersection en X,Normale,Deux véhicules - côté,,,,,,,,,,,5,2,2,1.0,3
201400026636,0014-11-30 14:55:00,14,11,30,14,55,370,261,62 RUE JEMMAPES,,,Plein jour,En agglomération,Intersection en X,Normale,Deux véhicules - côté,,,,,,,,,,,1,2,2,1.0,3
201400026637,0014-12-02 05:56:00,14,12,2,5,56,370,261,avenue GUSTAVE EIFFEL,,,Nuit avec éclairage allumé,En agglomération,Hors intersection,Normale,Deux véhicules - côté,,,,,,,,,,,5,2,1,1.0,3
201400026638,0014-12-02 07:30:00,14,12,2,7,30,370,261,RUE  NATIONALE,,,Nuit avec éclairage non allumé,En agglomération,Intersection en T,Pluie légère,Autre collision,,,,,,,,,,,4,2,3,2.0,6
201400026639,0014-12-02 08:30:00,14,12,2,8,30,370,122,ROUTE DE MONTS,,,Plein jour,Hors agglomération,Hors intersection,Pluie légère,Sans collision,,,,,,,,,,,1,1,1,2.0,7
201400026640,0014-12-02 12:00:00,14,12,2,12,0,370,261,22 BD HEURTELOUP,,,Plein jour,En agglomération,Hors intersection,Pluie légère,Autre collision,,,,,,,,,,,1,2,1,2.0,6
201400026641,0014-12-06 17:17:00,14,12,6,17,17,370,261,AVENUE  MONTJOYEUX,,,Nuit avec éclairage allumé,En agglomération,Intersection en X,Normale,Deux véhicules - côté,,,,,,,,,,,5,2,2,1.0,3
201400026642,0014-12-20 10:36:00,14,12,20,10,36,370,261,AVENUE DE LA TRANCHEE,,,Plein jour,En agglomération,Intersection en T,Normale,Deux véhicules - côté,,,,,,,,,,,1,2,3,1.0,3
201400026643,0014-12-23 14:05:00,14,12,23,14,5,370,122,LECLERC (PLACE DU GENERA,,,Plein jour,En agglomération,Hors intersection,Normale,Autre collision,,,,,,,,,,,1,2,1,1.0,6
201400026644,0014-12-26 11:10:00,14,12,26,11,10,370,261,174 RUE ED  VAILLANT,,,Plein jour,En agglomération,Hors intersection,Normale,Deux véhicules - arrière,,,,,,,,,,,1,2,1,1.0,2
201400026645,0014-12-30 14:25:00,14,12,30,14,25,370,122,RD 37,,,Plein jour,Hors agglomération,Intersection en T,Normale,Sans collision,,,,,,,,,,,1,1,3,1.0,7
201400026646,0014-12-31 10:27:00,14,12,31,10,27,370,261,RUE DELAROCHE,,,Plein jour,En agglomération,Intersection en X,Normale,Autre collision,,,,,,,,,,,1,2,2,1.0,6
201400026647,0014-09-17 14:00:00,14,9,17,14,0,370,122,RUE DU PONT VOLANT,,,Plein jour,En agglomération,Hors intersection,Normale,Deux véhicules - arrière,,,,,,,,,,,1,2,1,1.0,2
201400026648,0014-09-19 20:15:00,14,9,19,20,15,370,261,197 av  DE  GRAMMONT,,,Crépuscule ou aube,En agglomération,Hors intersection,Normale,Sans collision,,,,,,,,,,,2,2,1,1.0,7
201400026649,0014-09-25 17:00:00,14,9,25,17,0,370,261,AV  GEORGES POMPIDOU,,,Plein jour,En agglomération,Hors intersection,Normale,Deux véhicules - côté,,,,,,,,,,,1,2,1,1.0,3
201400026650,0014-12-03 18:20:00,14,12,3,18,20,370,261,RUE  DELAROCHE,,,Nuit avec éclairage allumé,En agglomération,Hors intersection,Pluie légère,Autre collision,,,,,,,,,,,5,2,1,2.0,6
201400026651,0014-12-09 13:30:00,14,12,9,13,30,370,261,RUE  DES TANNEURS,,,Plein jour,En agglomération,Hors intersection,Normale,Sans collision,,,,,,,,,,,1,2,1,1.0,7
201400026652,0014-12-09 17:45:00,14,12,9,17,45,370,261,41 AVENUE DE  GRAMMONT,,,Crépuscule ou aube,En agglomération,Hors intersection,Normale,Sans collision,,,,,,,,,,,2,2,1,1.0,7
201400026653,0014-01-02 20:20:00,14,1,2,20,20,370,261,PLAC LOISEAU 'ENTRAIGUES,,,Nuit avec éclairage non allumé,En agglomération,Hors intersection,Normale,Sans collision,,,,,,,,,,,4,2,1,1.0,7
201400026654,0014-12-10 17:00:00,14,12,10,17,0,370,214,RUE HENRI  BERGSON,,,Plein jour,En agglomération,Hors intersection,Temps couvert,Sans collision,,,,,,,,,,,1,2,1,8.0,7
201400026655,0014-12-12 08:00:00,14,12,12,8,0,370,261,PONT SAINT SAUVEUR,,,Crépuscule ou aube,En agglomération,Hors intersection,Pluie légère,Deux véhicules - arrière,,,,,,,,,,,2,2,1,2.0,2
201400026656,0014-12-12 10:23:00,14,12,12,10,23,370,261,AVENUE  STENDHAL,,,Plein jour,En agglomération,Hors intersection,Pluie légère,Deux véhicules - arrière,,,,,,,,,,,1,2,1,2.0,2
201400026657,0014-12-16 16:30:00,14,12,16,16,30,370,261,AVENUE DE PONT CHER,,,Plein jour,En agglomération,Hors intersection,Temps couvert,Deux véhicules - arrière,,,,,,,,,,,1,2,1,8.0,2
201400026658,0014-12-16 16:35:00,14,12,16,16,35,370,233,185 RUE MARCEL CACHIN,,,Plein jour,En agglomération,Hors intersection,Temps couvert,Deux véhicules - côté,,,,,,,,,,,1,2,1,8.0,3
201400026659,0014-12-18 07:50:00,14,12,18,7,50,370,122,28 BD JEAN JAURES,,,Crépuscule ou aube,En agglomération,Hors intersection,Pluie légère,Deux véhicules - côté,,,,,,,,,,,2,2,1,2.0,3
201400026660,0014-12-22 18:40:00,14,12,22,18,40,370,261,95 BD HEURTELOUP,,,Nuit avec éclairage allumé,En agglomération,Hors intersection,Normale,Sans collision,,,,,,,,,,,5,2,1,1.0,7
201400026661,0014-12-23 10:30:00,14,12,23,10,30,370,122,ROUTE DE MONTS,,,Plein jour,En agglomération,Hors intersection,Normale,Deux véhicules - arrière,,,,,,,,,,,1,2,1,1.0,2
201400026662,0014-12-30 06:30:00,14,12,30,6,30,370,261,RUE DANIEL MAYER,,,Crépuscule ou aube,En agglomération,Intersection en X,Autre,Autre collision,,,,,,,,,,,2,2,2,9.0,6
201400026663,0014-03-03 09:40:00,14,3,3,9,40,370,233,51 RUE DE LA RABATERIE,,,Plein jour,En agglomération,Hors intersection,Normale,Deux véhicules - côté,,,,,,,,,,,1,2,1,1.0,3
201400026664,0014-02-17 13:15:00,14,2,17,13,15,370,195,51 RUE DE LA MAIRIE,,,Plein jour,En agglomération,Hors intersection,Normale,Deux véhicules - frontale,,,,,,,,,,,1,2,1,1.0,1
201400026665,0014-10-06 20:30:00,14,10,6,20,30,370,261,AVENUE PROUDHON,,,Crépuscule ou aube,En agglomération,Hors intersection,Normale,Autre collision,,,,,,,,,,,2,2,1,1.0,6
201400026666,0014-10-19 16:35:00,14,10,19,16,35,370,233,QUAI DE LA LOIRE,,,Plein jour,Hors agglomération,Hors intersection,Normale,Sans collision,,,,,,,,,,,1,1,1,1.0,7
201400026667,0014-11-06 16:40:00,14,11,6,16,40,370,261,RUE GAMBETTA,,,Plein jour,En agglomération,Hors intersection,Normale,Autre collision,,,,,,,,,,,1,2,1,1.0,6
201400026668,0014-11-04 09:51:00,14,11,4,9,51,370,261,RD 37,,,Plein jour,En agglomération,Hors intersection,Normale,Sans collision,,,,,,,,,,,1,2,1,1.0,7
201400026669,0014-12-19 17:49:00,14,12,19,17,49,370,208,RUE DE CORMERY,,,Nuit avec éclairage allumé,En agglomération,Hors intersection,Normale,Trois véhicules et plus - en chaîne,,,,,,,,,,,5,2,1,1.0,4
201400026670,0014-12-19 17:43:00,14,12,19,17,43,370,261,RUE D ENTRAIGUES,,,Crépuscule ou aube,En agglomération,Hors intersection,Normale,Autre collision,,,,,,,,,,,2,2,1,1.0,6
201400026671,0014-02-24 15:50:00,14,2,24,15,50,370,261,RUE  BONDONNIERE,,,Plein jour,En agglomération,Intersection en T,Normale,Trois véhicules et plus - collisions multiples,,,,,,,,,,,1,2,3,1.0,5
201400026672,0014-10-19 15:15:00,14,10,19,15,15,370,261,66 BD HEURTELOUP,,,Plein jour,En agglomération,Hors intersection,Normale,Deux véhicules - arrière,,,,,,,,,,,1,2,1,1.0,2
201400026673,0014-03-07 15:15:00,14,3,7,15,15,370,261,179 AVENUE ANDRE MAGINOT,,,Plein jour,En agglomération,Hors intersection,Normale,Deux véhicules - arrière,,,,,,,,,,,1,2,1,1.0,2
201400026674,0014-03-09 13:55:00,14,3,9,13,55,370,261,BD ABEL GANCE,,,Plein jour,En agglomération,Hors intersection,Normale,Deux véhicules - côté,,,,,,,,,,,1,2,1,1.0,3
201400026675,0014-03-08 15:45:00,14,3,8,15,45,370,122,RUE  GUTENBERG,,,Plein jour,En agglomération,Hors intersection,Normale,Sans collision,,,,,,,,,,,1,2,1,1.0,7
201400026676,0014-03-21 17:45:00,14,3,21,17,45,370,233,33 BD JEAN JAURES,,,Plein jour,En agglomération,Hors intersection,Normale,Deux véhicules - arrière,,,,,,,,,,,1,2,1,1.0,2
201400026677,0014-03-23 22:45:00,14,3,23,22,45,370,261,SQUARE BERTHE MORISOT,,,Nuit avec éclairage allumé,En agglomération,Hors intersection,Normale,Sans collision,,,,,,,,,,,5,2,1,1.0,7
201400026678,0014-03-24 19:39:00,14,3,24,19,39,370,233,AVENUE STALINGRAD,,,Nuit avec éclairage allumé,En agglomération,Intersection en T,Normale,Deux véhicules - côté,,,,,,,,,,,5,2,3,1.0,3
201400026679,0014-09-26 14:10:00,14,9,26,14,10,370,261,RUE DU NOUVEAU CALVAIRE,,,Plein jour,En agglomération,Intersection en Y,Normale,Deux véhicules - frontale,,,,,,,,,,,1,2,4,1.0,1
201400026680,0014-04-07 12:15:00,14,4,7,12,15,370,195,RUE DU  11 NOVMEBRE,,,Plein jour,En agglomération,Hors intersection,Normale,Deux véhicules - arrière,,,,,,,,,,,1,2,1,1.0,2
201400026681,0014-04-08 08:00:00,14,4,8,8,0,370,261,BOULEVARD PREUILLY,,,Plein jour,En agglomération,Intersection en X,Normale,Deux véhicules - côté,,,,,,,,,,,1,2,2,1.0,3
201400026682,0014-04-07 19:30:00,14,4,7,19,30,370,261,"203, MAGINOT (AV. ANDRE)",,,Plein jour,En agglomération,Hors intersection,Normale,Deux véhicules - frontale,,,,,,,,,,,1,2,1,1.0,1
201400026683,0014-04-14 10:10:00,14,4,14,10,10,370,261,AVENUE GEORGE POMPIDOU,,,Plein jour,En agglomération,Hors intersection,Normale,Deux véhicules - côté,,,,,,,,,,,1,2,1,1.0,3
201400026684,0014-04-18 20:42:00,14,4,18,20,42,370,122,99 RUE DE SAINT LEGER,,,Crépuscule ou aube,En agglomération,Hors intersection,Normale,Autre collision,,,,,,,,,,,2,2,1,1.0,6
201400026685,0014-04-20 14:00:00,14,4,20,14,0,370,261,BOULEVARD PREUILLY,,,Plein jour,En agglomération,Intersection en X,Normale,Deux véhicules - côté,,,,,,,,,,,1,2,2,1.0,3
201400026686,0014-05-06 16:05:00,14,5,6,16,5,370,122,BERGEONNERIE (RUE DE LA),,,Plein jour,En agglomération,Hors intersection,Normale,Deux véhicules - frontale,,,,,,,,,,,1,2,1,1.0,1
201400026687,0014-05-19 14:40:00,14,5,19,14,40,370,233,AV JACQUES DUCLOS,,,Plein jour,En agglomération,Intersection en X,Normale,Deux véhicules - frontale,,,,,,,,,,,1,2,2,1.0,1
201400026688,0014-05-19 14:30:00,14,5,19,14,30,370,261,PLACE 4 FILS AYMON,,,Plein jour,En agglomération,Giratoire,Normale,Autre collision,,,,,,,,,,,1,2,6,1.0,6
201400026689,0014-05-29 15:35:00,14,5,29,15,35,370,261,RUE JACQUES BREL,,,Plein jour,En agglomération,Hors intersection,Normale,Autre collision,,,,,,,,,,,1,2,1,1.0,6
201400026690,0014-05-29 22:50:00,14,5,29,22,50,370,122,AVENUE DE BORDEAUX,,,Nuit avec éclairage allumé,En agglomération,Hors intersection,Normale,Autre collision,,,,,,,,,,,5,2,1,1.0,6
201400026691,0014-06-01 06:25:00,14,6,1,6,25,370,261,QUAI ANDRE MALRAUX,,,Crépuscule ou aube,En agglomération,Intersection en X,Normale,Deux véhicules - côté,,,,,,,,,,,2,2,2,1.0,3
201400026692,0014-06-08 23:00:00,14,6,8,23,0,370,261,41 RUE MARCEAU,,,Nuit avec éclairage allumé,En agglomération,Hors intersection,Normale,Autre collision,,,,,,,,,,,5,2,1,1.0,6
201400026693,0014-06-18 13:40:00,14,6,18,13,40,370,261,"36, BERANGER (BOULEVARD)",,,Plein jour,Hors agglomération,Hors intersection,Normale,Sans collision,,,,,,,,,,,1,1,1,1.0,7
201400026694,0014-07-03 08:55:00,14,7,3,8,55,370,261,159 RUE DE  BOISDENIER,,,Plein jour,En agglomération,Hors intersection,Normale,Autre collision,,,,,,,,,,,1,2,1,1.0,6
201400026695,0014-07-19 05:20:00,14,7,19,5,20,370,233,33 BD JEAN JAURES,,,Nuit sans éclairage public,En agglomération,Hors intersection,Normale,Autre collision,,,,,,,,,,,3,2,1,1.0,6
201400026696,0014-08-03 16:51:00,14,8,3,16,51,370,208,BD PAUL DOUMER,,,Plein jour,En agglomération,Hors intersection,Normale,Autre collision,,,,,,,,,,,1,2,1,1.0,6
201400026697,0014-08-07 07:00:00,14,8,7,7,0,370,261,BD DU MARECHAL JUIN,,,Crépuscule ou aube,En agglomération,Intersection en X,Pluie légère,Deux véhicules - côté,,,,,,,,,,,2,2,2,2.0,3
201400026698,0014-08-08 06:35:00,14,8,8,6,35,370,261,AVENUE ANDRE MAGINOT,,,Crépuscule ou aube,En agglomération,Hors intersection,Temps couvert,Deux véhicules - frontale,,,,,,,,,,,2,2,1,8.0,1
201400026699,0014-08-09 01:50:00,14,8,9,1,50,370,208,AVENUE GEORGES POMPIDOU,,,Nuit avec éclairage allumé,En agglomération,Hors intersection,Temps couvert,Autre collision,,,,,,,,,,,5,2,1,8.0,6
201400026700,0014-08-12 18:05:00,14,8,12,18,5,370,261,27bis RUE DES BORDIERS,,,Plein jour,En agglomération,Hors intersection,Temps couvert,Sans collision,,,,,,,,,,,1,2,1,8.0,7
201400026701,0014-08-25 10:30:00,14,8,25,10,30,370,122,BD DES BRETONNIERES,,,Plein jour,Hors agglomération,Hors intersection,Normale,Deux véhicules - frontale,,,,,,,,,,,1,1,1,1.0,1
201400026702,0014-08-30 19:30:00,14,8,30,19,30,370,261,RUE  SEBASTOPOL,,,Plein jour,En agglomération,Intersection en X,Normale,Deux véhicules - côté,,,,,,,,,,,1,2,2,1.0,3
201400026703,0014-09-05 17:00:00,14,9,5,17,0,370,233,45 AVENUE LENINE,,,Plein jour,En agglomération,Hors intersection,Normale,Autre collision,,,,,,,,,,,1,2,1,1.0,6
201400026704,0014-09-05 17:10:00,14,9,5,17,10,370,261,22 RUE DE LA PREFECTURE,,,Plein jour,En agglomération,Hors intersection,Normale,Sans collision,,,,,,,,,,,1,2,1,1.0,7
201400026705,0014-09-05 17:55:00,14,9,5,17,55,370,208,PONT D' ARCOLE,,,Plein jour,En agglomération,Intersection en X,Normale,Deux véhicules - côté,,,,,,,,,,,1,2,2,1.0,3
201400026706,0014-09-10 19:25:00,14,9,10,19,25,370,261,92 AVENUE DE  GRAMMONT,,,Plein jour,En agglomération,Hors intersection,Normale,Autre collision,,,,,,,,,,,1,2,1,1.0,6
201400026707,0014-09-15 13:00:00,14,9,15,13,0,370,261,BOULEVRD PREUILLY,,,Plein jour,En agglomération,Intersection en X,Normale,Deux véhicules - côté,,,,,,,,,,,1,2,2,1.0,3
201400026708,0014-09-16 19:30:00,14,9,16,19,30,370,261,ROND POINT  MULHEIM,,,Plein jour,En agglomération,Hors intersection,Normale,Deux véhicules - frontale,,,,,,,,,,,1,2,1,1.0,1
201400026709,0014-09-22 16:00:00,14,9,22,16,0,370,261,QUAI ANDRE MALRAUX,,,Plein jour,En agglomération,Hors intersection,Normale,Sans collision,,,,,,,,,,,1,2,1,1.0,7
201400026710,0014-09-24 12:45:00,14,9,24,12,45,370,261,10 PLACE CHOISEUL,,,Plein jour,En agglomération,Intersection en T,Normale,Deux véhicules - côté,,,,,,,,,,,1,2,3,1.0,3
201400026711,0014-09-23 12:40:00,14,9,23,12,40,370,261,242 RUE VICTOR HUGO,,,Plein jour,En agglomération,Intersection en X,Normale,Deux véhicules - côté,,,,,,,,,,,1,2,2,1.0,3
201400026712,0014-10-04 19:30:00,14,10,4,19,30,370,261,50 RUE DES TANNEURS,,,Nuit avec éclairage allumé,En agglomération,Hors intersection,Pluie forte,Sans collision,,,,,,,,,,,5,2,1,3.0,7
201400026713,0014-10-16 18:00:00,14,10,16,18,0,370,261,125 RUE FEBVOTTE,,,Plein jour,En agglomération,Hors intersection,Pluie légère,Autre collision,,,,,,,,,,,1,2,1,2.0,6
201400026714,0014-10-13 10:20:00,14,10,13,10,20,370,261,31 BD BERANGER,,,Plein jour,En agglomération,Hors intersection,Normale,Sans collision,,,,,,,,,,,1,2,1,1.0,7
201400026715,0014-10-22 17:55:00,14,10,22,17,55,370,122,119 BD DE  CHINON,,,Plein jour,En agglomération,Hors intersection,Normale,Sans collision,,,,,,,,,,,1,2,1,1.0,7
201400026716,0014-10-28 14:00:00,14,10,28,14,0,370,122,RUE GALLIENI,,,Plein jour,En agglomération,Hors intersection,Normale,Sans collision,,,,,,,,,,,1,2,1,1.0,7
201400026717,0014-10-30 08:05:00,14,10,30,8,5,370,122,199 BD JEAN  JAURES,,,Crépuscule ou aube,En agglomération,Intersection en X,Normale,Sans collision,,,,,,,,,,,2,2,2,1.0,7
201400026718,0014-11-03 19:25:00,14,11,3,19,25,370,233,BD PAUL LANGEVIN,,,Nuit sans éclairage public,En agglomération,Hors intersection,Pluie forte,Sans collision,,,,,,,,,,,3,2,1,3.0,7
201400026719,0014-11-12 07:45:00,14,11,12,7,45,370,261,PONT MIRABEAU,,,Plein jour,En agglomération,Hors intersection,Normale,Deux véhicules - arrière,,,,,,,,,,,1,2,1,1.0,2
201400026720,0014-11-17 12:40:00,14,11,17,12,40,370,122,25 RUE DES  MARTYRS,,,Plein jour,En agglomération,Hors intersection,Temps couvert,Deux véhicules - arrière,,,,,,,,,,,1,2,1,8.0,2
201400026721,0014-11-21 14:35:00,14,11,21,14,35,370,261,213  RUE GIRAUDEAU,,,Plein jour,En agglomération,Intersection en X,Normale,Sans collision,,,,,,,,,,,1,2,2,1.0,7
201400026722,0014-12-15 17:15:00,14,12,15,17,15,370,233,AVENUE JACQUES DUCLOS,,,Plein jour,En agglomération,Autre intersection,Normale,Sans collision,,,,,,,,,,,1,2,9,1.0,7
201400026723,0014-08-10 17:00:00,14,8,10,17,0,370,261,64 AVENUE DE  GRAMMONT,,,Plein jour,En agglomération,Hors intersection,Normale,Autre collision,,,,,,,,,,,1,2,1,1.0,6
201400026724,0014-02-11 16:20:00,14,2,11,16,20,380,53,DARD,,,Plein jour,En agglomération,Hors intersection,Normale,Autre collision,,,,,,,,,,,1,2,1,1.0,6
201400026725,0014-02-24 16:10:00,14,2,24,16,10,380,53,CD 522,,,Plein jour,En agglomération,Giratoire,Normale,Deux véhicules - arrière,,,,,,,,,,,1,2,6,1.0,2
201400026726,0014-02-15 11:30:00,14,2,15,11,30,380,53,GENERAL DE GAULLE (PLA),,,Plein jour,En agglomération,Hors intersection,Normale,Autre collision,,,,,,,,,,,1,2,1,1.0,6
201400026727,0014-03-19 15:30:00,14,3,19,15,30,380,53,D 1006,,,Plein jour,En agglomération,Autre intersection,Normale,Autre collision,,,,,,,,,,,1,2,9,1.0,6
201400026728,0014-05-01 18:30:00,14,5,1,18,30,380,53,"43, GAMBETTA (AVE)",,,Plein jour,En agglomération,Hors intersection,Pluie légère,Autre collision,,,,,,,,,,,1,2,1,2.0,6
201400026729,0014-06-15 13:10:00,14,6,15,13,10,380,53,5 R R. BELMONT,45.58525,5.2783,Plein jour,En agglomération,Place,Normale,Sans collision,,,,,,,,,,,1,2,7,1.0,7
201400026730,0014-06-13 12:05:00,14,6,13,12,5,380,53,JOLIOT CURIE,,,Plein jour,En agglomération,Hors intersection,Normale,Deux véhicules - côté,,,,,,,,,,,1,2,1,1.0,3
201400026731,0014-06-21 15:20:00,14,6,21,15,20,380,53,BARBUSSE,,,Plein jour,En agglomération,Intersection en X,Normale,Autre collision,,,,,,,,,,,1,2,2,1.0,6
201400026732,0014-06-26 11:30:00,14,6,26,11,30,380,53,TIXIER (AVENUE),,,Plein jour,En agglomération,Intersection à plus de 4 branches,Normale,Autre collision,,,,,,,,,,,1,2,5,1.0,6
201400026733,0014-07-05 04:50:00,14,7,5,4,50,380,53,"2, ITALIE (AVE)",45.58446,5.28552,Nuit sans éclairage public,En agglomération,Intersection en X,Normale,Trois véhicules et plus - collisions multiples,,,,,,,,,,,3,2,2,1.0,5
201400026734,0014-08-18 10:50:00,14,8,18,10,50,380,53,SAINT MICHEL (BLD),,,Plein jour,En agglomération,Place,Normale,Sans collision,,,,,,,,,,,1,2,7,1.0,7
201400026735,0014-08-21 18:08:00,14,8,21,18,8,380,53,"73, ASIMOV (ISAAC)",,,Plein jour,En agglomération,Autre intersection,Normale,Trois véhicules et plus - collisions multiples,,,,,,,,,,,1,2,9,1.0,5
201400026736,0014-08-23 02:20:00,14,8,23,2,20,380,53,"5, BARBUSSE",,,Nuit avec éclairage allumé,En agglomération,Hors intersection,Normale,Sans collision,,,,,,,,,,,5,2,1,1.0,7
201400026737,0014-08-24 10:05:00,14,8,24,10,5,380,53,RIVOIRE,,,Plein jour,En agglomération,Hors intersection,Normale,Autre collision,,,,,,,,,,,1,2,1,1.0,6
201400026738,0014-08-29 07:30:00,14,8,29,7,30,380,53,ST MARCEL BEL ACCUEIL (R,,,Plein jour,En agglomération,Hors intersection,Normale,Deux véhicules - arrière,,,,,,,,,,,1,2,1,1.0,2
201400026739,0014-09-20 21:50:00,14,9,20,21,50,380,53,5 rte de DEMPTEZIEU,45.60182,5.29354,Nuit sans éclairage public,Hors agglomération,Hors intersection,Normale,Autre collision,,,,,,,,,,,3,1,1,1.0,6
201400026740,0014-09-27 23:20:00,14,9,27,23,20,380,53,JOLIOT CURIE,,,Nuit avec éclairage allumé,Hors agglomération,Hors intersection,Normale,Deux véhicules - côté,,,,,,,,,,,5,1,1,1.0,3
201400026741,0014-09-20 22:00:00,14,9,20,22,0,380,53,"15, ZOLA (AV EMILE)",,,Nuit avec éclairage allumé,En agglomération,Hors intersection,Normale,Trois véhicules et plus - collisions multiples,,,,,,,,,,,5,2,1,1.0,5
201400026742,0014-10-12 13:50:00,14,10,12,13,50,380,53,"10, ROUSSEAU (BLD JEAN J",,,Plein jour,En agglomération,Hors intersection,Normale,Autre collision,,,,,,,,,,,1,2,1,1.0,6
201400026743,0014-10-28 10:05:00,14,10,28,10,5,380,53,ALSACE LORRAINE,,,Plein jour,En agglomération,Hors intersection,Normale,Deux véhicules - arrière,,,,,,,,,,,1,2,1,1.0,2
201400026744,0014-11-01 19:55:00,14,11,1,19,55,380,53,"39, GRENOBLE (ROUTE DE)",,,Nuit sans éclairage public,En agglomération,Hors intersection,Normale,Autre collision,,,,,,,,,,,3,2,1,1.0,6
201400026745,0014-11-29 10:00:00,14,11,29,10,0,380,53,CD 522,,,Plein jour,En agglomération,Hors intersection,Brouillard / fumée,Deux véhicules - arrière,,,,,,,,,,,1,2,1,5.0,2
201400026746,0014-12-08 17:48:00,14,12,8,17,48,380,53,"22, DAUPHINE (AVE)",,,Nuit avec éclairage allumé,En agglomération,Hors intersection,Normale,Deux véhicules - côté,,,,,,,,,,,5,2,1,1.0,3
201400026747,0014-12-10 04:16:00,14,12,10,4,16,380,53,BUGEY,,,Nuit avec éclairage allumé,En agglomération,Intersection en Y,Normale,Autre collision,,,,,,,,,,,5,2,4,1.0,6
201400026748,0014-01-08 07:55:00,14,1,8,7,55,380,421,"99, AVENUE JULES VALL?S",,,Crépuscule ou aube,En agglomération,Hors intersection,Normale,Autre collision,,,,,,,,,,,2,2,1,1.0,6
201400026749,0014-01-08 15:00:00,14,1,8,15,0,380,185,"7, PLACE VICTOR HUGO",,,Plein jour,En agglomération,Hors intersection,Normale,Autre collision,,,,,,,,,,,1,2,1,1.0,6
201400026750,0014-01-08 17:45:00,14,1,8,17,45,380,185,"50, AVENUE JEANNE D'ARC",,,Nuit avec éclairage allumé,En agglomération,Hors intersection,Normale,Deux véhicules - frontale,,,,,,,,,,,5,2,1,1.0,1
201400026751,0014-01-10 10:50:00,14,1,10,10,50,380,151,"4, AVENUE AUGUSTE FERRIE",,,Plein jour,En agglomération,Hors intersection,Normale,Autre collision,,,,,,,,,,,1,2,1,1.0,6
201400026752,0014-01-20 06:00:00,14,1,20,6,0,380,185,"31, AVENUE DU GRAND CH?T",,,Nuit avec éclairage allumé,En agglomération,Hors intersection,Pluie légère,Autre collision,,,,,,,,,,,5,2,1,2.0,6
201400026753,0014-01-20 11:50:00,14,1,20,11,50,380,169,AVENUE AMBROISE CROIZAT,,,Plein jour,En agglomération,Hors intersection,Normale,Autre collision,,,,,,,,,,,1,2,1,1.0,6