accident_id,datetime,annee,mois,jour,heure,minute,departement,commune_insee,adresse,latitude,longitude,luminosite,agglomeration,intersection,meteo,collision,nb_vehicules,nb_usagers,nb_indemnes,nb_tues,nb_blesses_hosp,nb_blesses_legers,age_cond_1,age_cond_2,veh_type_cond_1,veh_type_cond_2,lum_code,agg_code,int_code,atm_code,col_code
201400026754,0014-01-21 16:10:00,14,1,21,16,10,380,185,"00, AVENUE DE L'EUROPE",,,Plein jour,En agglomération,Intersection en X,Temps couvert,Deux véhicules - arrière,,,,,,,,,,,1,2,2,8.0,2
201400026755,0014-01-24 13:30:00,14,1,24,13,30,380,516,"00, QUAI YERMOLOFF",,,Plein jour,En agglomération,Hors intersection,Normale,Autre collision,,,,,,,,,,,1,2,1,1.0,6
201400026756,0014-01-24 19:00:00,14,1,24,19,0,380,169,"83, AVENUE ARISTIDE BRIA",,,Nuit avec éclairage allumé,En agglomération,Hors intersection,Normale,Deux véhicules - côté,,,,,,,,,,,5,2,1,1.0,3
201400026757,0014-01-28 17:50:00,14,1,28,17,50,380,185,RUE NICOLAS CHORIER,,,Plein jour,En agglomération,Hors intersection,Normale,Autre collision,,,,,,,,,,,1,2,1,1.0,6
201400026758,0014-01-31 19:40:00,14,1,31,19,40,380,423,99 VOIE NON IDENTIFIEE,,,Nuit sans éclairage public,Hors agglomération,Hors intersection,Normale,Trois véhicules et plus - collisions multiples,,,,,,,,,,,3,1,1,1.0,5
201400026759,0014-02-04 08:17:00,14,2,4,8,17,380,179,1,,,Plein jour,En agglomération,Passage à niveau,Normale,Deux véhicules - côté,,,,,,,,,,,1,2,8,1.0,3
201400026760,0014-02-04 17:45:00,14,2,4,17,45,380,185,"0, BOULEVARD CLEMENCEAU",,,Plein jour,En agglomération,Hors intersection,Normale,Deux véhicules - frontale,,,,,,,,,,,1,2,1,1.0,1
201400026761,0014-02-08 04:10:00,14,2,8,4,10,380,421,"0, RUE DU CHAMP ROMAN",,,Nuit avec éclairage allumé,En agglomération,Hors intersection,Normale,Autre collision,,,,,,,,,,,5,2,1,1.0,6
201400026762,0014-02-19 19:45:00,14,2,19,19,45,380,229,99 VOIE NON IDENTIFIEE,,,Nuit sans éclairage public,Hors agglomération,Hors intersection,Normale,Autre collision,,,,,,,,,,,3,1,1,1.0,6
201400026763,0014-02-25 08:30:00,14,2,25,8,30,380,185,RUE DES ALLI?S,,,Plein jour,En agglomération,Hors intersection,Normale,Autre collision,,,,,,,,,,,1,2,1,1.0,6
201400026764,0014-02-26 17:15:00,14,2,26,17,15,380,185,"42, BOULEVARD MAR?CHAL F",,,Plein jour,En agglomération,Hors intersection,Pluie forte,Autre collision,,,,,,,,,,,1,2,1,3.0,6
201400026765,0014-02-27 08:20:00,14,2,27,8,20,380,169,"2, RUE ANTOINE POLOTTI",,,Plein jour,En agglomération,Hors intersection,Normale,Autre collision,,,,,,,,,,,1,2,1,1.0,6
201400026766,0014-02-28 09:00:00,14,2,28,9,0,380,151,"., RUE DE LA LIBERT?",,,Plein jour,En agglomération,Hors intersection,Pluie légère,Autre collision,,,,,,,,,,,1,2,1,2.0,6
201400026767,0014-03-04 12:50:00,14,3,4,12,50,380,485,PONT DE CATANE,,,Plein jour,En agglomération,Hors intersection,Pluie légère,Deux véhicules - côté,,,,,,,,,,,1,2,1,2.0,3
201400026768,0014-03-06 21:05:00,14,3,6,21,5,380,169,BOULEVARD PAUL LANGEVIN,,,Nuit avec éclairage allumé,En agglomération,Intersection en X,Normale,Deux véhicules - côté,,,,,,,,,,,5,2,2,1.0,3
201400026769,0014-03-06 06:30:00,14,3,6,6,30,380,151,"13, AVENUE VICTOR HUGO",,,Nuit avec éclairage allumé,En agglomération,Hors intersection,Normale,Autre collision,,,,,,,,,,,5,2,1,1.0,6
201400026770,0014-03-08 19:30:00,14,3,8,19,30,380,185,AVENUE EDMOND ESMONIN,,,Crépuscule ou aube,En agglomération,Hors intersection,Normale,Autre collision,,,,,,,,,,,2,2,1,1.0,6
201400026771,0014-03-10 15:30:00,14,3,10,15,30,380,185,"40, BOULEVARD MAR?CHAL F",,,Plein jour,En agglomération,Hors intersection,Normale,Autre collision,,,,,,,,,,,1,2,1,1.0,6
201400026772,0014-03-10 21:15:00,14,3,10,21,15,380,185,"107, AVENUE JEAN PERROT",,,Nuit avec éclairage allumé,En agglomération,Hors intersection,Normale,Trois véhicules et plus - collisions multiples,,,,,,,,,,,5,2,1,1.0,5
201400026773,0014-03-13 14:45:00,14,3,13,14,45,380,151,"20, AVENUE EDMOND ESMONI",,,Plein jour,En agglomération,Hors intersection,Normale,Autre collision,,,,,,,,,,,1,2,1,1.0,6
201400026774,0014-03-17 08:08:00,14,3,17,8,8,380,151,"00, COURS JEAN JAUR?S",,,Plein jour,En agglomération,Hors intersection,Normale,Autre collision,,,,,,,,,,,1,2,1,1.0,6
201400026775,0014-03-28 15:15:00,14,3,28,15,15,380,185,"00, BOULEVARD ?DOUARD RE",,,Plein jour,En agglomération,Intersection en X,Normale,Autre collision,,,,,,,,,,,1,2,2,1.0,6
201400026776,0014-03-29 21:05:00,14,3,29,21,5,380,169,"00, AVENUE AMBROISE CROI",,,Nuit avec éclairage allumé,En agglomération,Hors intersection,Normale,Autre collision,,,,,,,,,,,5,2,1,1.0,6
201400026777,0014-03-31 06:40:00,14,3,31,6,40,380,169,"17, AVENUE DU VERCORS",,,Crépuscule ou aube,En agglomération,Intersection en X,Normale,Deux véhicules - côté,,,,,,,,,,,2,2,2,1.0,3
201400026778,0014-04-02 20:00:00,14,4,2,20,0,380,151,"00, AVENUE DU 8 MAI 1945",,,Nuit avec éclairage allumé,En agglomération,Hors intersection,Normale,Autre collision,,,,,,,,,,,5,2,1,1.0,6
201400026779,0014-04-02 22:50:00,14,4,2,22,50,380,185,"0, PLACE HUBERT DUBEDOUT",,,Nuit avec éclairage non allumé,En agglomération,Hors intersection,Normale,Autre collision,,,,,,,,,,,4,2,1,1.0,6
201400026780,0014-04-11 15:35:00,14,4,11,15,35,380,185,"0, BOULEVARD GAMBETTA",,,Plein jour,En agglomération,Hors intersection,Normale,Autre collision,,,,,,,,,,,1,2,1,1.0,6
201400026781,0014-04-12 21:15:00,14,4,12,21,15,380,185,COURS DE LA LIB?RATION E,,,Nuit avec éclairage allumé,En agglomération,Hors intersection,Normale,Autre collision,,,,,,,,,,,5,2,1,1.0,6
201400026782,0014-04-13 02:50:00,14,4,13,2,50,380,185,"60, RUE CLAUDE GENIN",45.18085,5.74244,Nuit avec éclairage allumé,En agglomération,Hors intersection,Normale,Autre collision,,,,,,,,,,,5,2,1,1.0,6
201400026783,0014-04-14 17:15:00,14,4,14,17,15,380,185,"36, BOULEVARD MAR?CHAL L",,,Plein jour,En agglomération,Hors intersection,Normale,Autre collision,,,,,,,,,,,1,2,1,1.0,6
201400026784,0014-04-15 14:30:00,14,4,15,14,30,380,185,"22, AVENUE MALHERBE",,,Plein jour,En agglomération,Hors intersection,Normale,Deux véhicules - côté,,,,,,,,,,,1,2,1,1.0,3
201400026785,0014-04-16 10:37:00,14,4,16,10,37,380,185,"0, AVENUE RHIN ET DANUBE",,,Plein jour,En agglomération,Hors intersection,Normale,Autre collision,,,,,,,,,,,1,2,1,1.0,6
201400026786,0014-04-18 17:10:00,14,4,18,17,10,380,185,"0, RUE DES BAINS",,,Plein jour,En agglomération,Hors intersection,Normale,Autre collision,,,,,,,,,,,1,2,1,1.0,6
201400026787,0014-04-22 06:45:00,14,4,22,6,45,380,185,"19, AVENUE MARCELIN BERT",,,Crépuscule ou aube,En agglomération,Intersection en X,Normale,Deux véhicules - côté,,,,,,,,,,,2,2,2,1.0,3
201400026788,0014-04-25 15:15:00,14,4,25,15,15,380,421,BOULEVARD DULCIE SEPTEMB,,,Plein jour,En agglomération,Intersection en X,Normale,Deux véhicules - côté,,,,,,,,,,,1,2,2,1.0,3
201400026789,0014-04-26 16:15:00,14,4,26,16,15,380,151,sortie 6 comboire,45.15167,5.69721,Plein jour,Hors agglomération,Intersection en Y,Normale,Trois véhicules et plus - en chaîne,,,,,,,,,,,1,1,4,1.0,4
201400026790,0014-04-27 17:15:00,14,4,27,17,15,380,421,"28, AVENUE POTIE",,,Plein jour,En agglomération,Hors intersection,Normale,Autre collision,,,,,,,,,,,1,2,1,1.0,6
201400026791,0014-04-28 16:50:00,14,4,28,16,50,380,185,"23, BOULEVARD CLEMENCEAU",,,Plein jour,En agglomération,Hors intersection,Normale,Autre collision,,,,,,,,,,,1,2,1,1.0,6
201400026792,0014-05-01 16:00:00,14,5,1,16,0,380,423,"3, RUE CONRAD KILLIAN",,,Plein jour,En agglomération,Hors intersection,Normale,Sans collision,,,,,,,,,,,1,2,1,1.0,7
201400026793,0014-05-02 13:40:00,14,5,2,13,40,380,169,"98, BOULEVARD JOLIOT-CUR",,,Plein jour,En agglomération,Hors intersection,Pluie légère,Autre collision,,,,,,,,,,,1,2,1,2.0,6
201400026794,0014-05-03 19:50:00,14,5,3,19,50,380,151,ECHANGEUR DU RONDEAU,45.15906,5.70128,Nuit sans éclairage public,Hors agglomération,Hors intersection,Pluie forte,Deux véhicules - côté,,,,,,,,,,,3,1,1,3.0,3
201400026795,0014-05-03 23:15:00,14,5,3,23,15,380,151,"00, RUE NORMANDIE-NIEMEN",,,Nuit avec éclairage non allumé,En agglomération,Hors intersection,Normale,Deux véhicules - côté,,,,,,,,,,,4,2,1,1.0,3
201400026796,0014-05-04 00:25:00,14,5,4,0,25,380,151,"2, AVENUE G?N?RAL DE GAU",,,Nuit avec éclairage allumé,En agglomération,Hors intersection,Pluie légère,Autre collision,,,,,,,,,,,5,2,1,2.0,6
201400026797,0014-05-04 07:10:00,14,5,4,7,10,380,421,"00, RUE HENRI WALLON",,,Plein jour,En agglomération,Hors intersection,Normale,Autre collision,,,,,,,,,,,1,2,1,1.0,6
201400026798,0014-05-08 11:10:00,14,5,8,11,10,380,151,"00, RUE DE COMBOIRE",,,Plein jour,Hors agglomération,Hors intersection,Normale,Deux véhicules - côté,,,,,,,,,,,1,1,1,1.0,3
201400026799,0014-05-10 18:45:00,14,5,10,18,45,380,151,"0, RUE DE NORMANDIE",,,Plein jour,En agglomération,Hors intersection,Normale,Autre collision,,,,,,,,,,,1,2,1,1.0,6
201400026800,0014-05-12 16:15:00,14,5,12,16,15,380,151,AVENUE DES ?TATS G?N?RAU,,,Plein jour,En agglomération,Autre intersection,Normale,Deux véhicules - arrière,,,,,,,,,,,1,2,9,1.0,2
201400026801,0014-05-13 15:00:00,14,5,13,15,0,380,421,"0, AVENUE DE LA MOGNE",,,Plein jour,En agglomération,Autre intersection,Pluie forte,Autre collision,,,,,,,,,,,1,2,9,3.0,6
201400026802,0014-05-15 09:30:00,14,5,15,9,30,380,516,BOULEVARD DE LA CHANTOUR,,,Plein jour,En agglomération,Hors intersection,Normale,Autre collision,,,,,,,,,,,1,2,1,1.0,6
201400026803,0014-05-18 06:15:00,14,5,18,6,15,380,516,"0, CHEMIN DE LA CARRONNE",,,Crépuscule ou aube,Hors agglomération,Hors intersection,Normale,Autre collision,,,,,,,,,,,2,1,1,1.0,6
201400026804,0014-05-19 08:46:00,14,5,19,8,46,380,421,"174, AVENUE AMBROISE CRO",,,Plein jour,En agglomération,Hors intersection,Normale,Deux véhicules - côté,,,,,,,,,,,1,2,1,1.0,3
201400026805,0014-05-23 11:40:00,14,5,23,11,40,380,185,"17, RUE BAYARD",,,Plein jour,En agglomération,Hors intersection,Normale,Autre collision,,,,,,,,,,,1,2,1,1.0,6
201400026806,0014-05-23 10:45:00,14,5,23,10,45,380,185,"2, RUE JEAN PR?VOST",,,Plein jour,En agglomération,Hors intersection,Normale,Autre collision,,,,,,,,,,,1,2,1,1.0,6
201400026807,0014-05-25 14:15:00,14,5,25,14,15,380,179,"23, AVENUE DE LA COMBE",,,Plein jour,Hors agglomération,Hors intersection,Normale,Deux véhicules - côté,,,,,,,,,,,1,1,1,1.0,3
201400026808,0014-05-26 11:45:00,14,5,26,11,45,380,185,"0, RUE DES PEUPLIERS",,,Plein jour,En agglomération,Hors intersection,Normale,Deux véhicules - côté,,,,,,,,,,,1,2,1,1.0,3
201400026809,0014-05-28 17:00:00,14,5,28,17,0,380,185,"00, COURS DE LA LIB?RATI",,,Plein jour,En agglomération,Intersection en T,Normale,Deux véhicules - côté,,,,,,,,,,,1,2,3,1.0,3
201400026810,0014-06-03 20:50:00,14,6,3,20,50,380,185,"0, AVENUE PAUL VERLAINE",,,Plein jour,En agglomération,Hors intersection,Normale,Deux véhicules - frontale,,,,,,,,,,,1,2,1,1.0,1
201400026811,0014-06-05 16:30:00,14,6,5,16,30,380,185,"57, BOULEVARD MAR?CHAL F",,,Plein jour,En agglomération,Hors intersection,Normale,Autre collision,,,,,,,,,,,1,2,1,1.0,6
201400026812,0014-06-05 17:30:00,14,6,5,17,30,380,185,"., BOULEVARD JOSEPH VALL",,,Plein jour,En agglomération,Hors intersection,Normale,Autre collision,,,,,,,,,,,1,2,1,1.0,6
201400026813,0014-06-06 14:15:00,14,6,6,14,15,380,185,"0, RUE DE STALINGRAD",,,Plein jour,En agglomération,Hors intersection,Normale,Deux véhicules - côté,,,,,,,,,,,1,2,1,1.0,3
201400026814,0014-06-11 10:30:00,14,6,11,10,30,380,421,"100, AVENUE MARCEL CACHI",,,Plein jour,En agglomération,Hors intersection,Normale,Autre collision,,,,,,,,,,,1,2,1,1.0,6
201400026815,0014-06-12 16:50:00,14,6,12,16,50,380,185,"57, RUE DES EAUX CLAIRES",,,Plein jour,En agglomération,Intersection en T,Normale,Deux véhicules - côté,,,,,,,,,,,1,2,3,1.0,3
201400026816,0014-06-12 18:10:00,14,6,12,18,10,380,185,"0, BOULEVARD ?DOUARD REY",,,Plein jour,En agglomération,Hors intersection,Normale,Autre collision,,,,,,,,,,,1,2,1,1.0,6
201400026817,0014-06-12 07:19:00,14,6,12,7,19,380,185,"0, BOULEVARD JEAN PAIN",,,Plein jour,En agglomération,Hors intersection,Normale,Autre collision,,,,,,,,,,,1,2,1,1.0,6
201400026818,0014-06-19 19:00:00,14,6,19,19,0,380,169,"0, AVENUE JEAN JAUR?S",,,Plein jour,En agglomération,Intersection en X,Normale,Deux véhicules - côté,,,,,,,,,,,1,2,2,1.0,3
201400026819,0014-06-20 06:55:00,14,6,20,6,55,380,185,A480 inter sortie 1,45.21077,5.68544,Plein jour,En agglomération,Intersection en Y,Normale,Autre collision,,,,,,,,,,,1,2,4,1.0,6
201400026820,0014-06-24 12:45:00,14,6,24,12,45,380,185,"4, PLACE JEAN ACHARD",,,Plein jour,En agglomération,Intersection en X,Normale,Deux véhicules - côté,,,,,,,,,,,1,2,2,1.0,3
201400026821,0014-06-28 09:10:00,14,6,28,9,10,380,185,"46, BOULEVARD JOSEPH VAL",,,Plein jour,En agglomération,Hors intersection,Normale,Trois véhicules et plus - en chaîne,,,,,,,,,,,1,2,1,1.0,4
201400026822,0014-06-28 11:40:00,14,6,28,11,40,380,151,A480 PR8,45.15456,5.69867,Plein jour,Hors agglomération,Hors intersection,Normale,Deux véhicules - arrière,,,,,,,,,,,1,1,1,1.0,2
201400026823,0014-06-28 14:30:00,14,6,28,14,30,380,185,BOULEVARD CLEMENCEAU,,,Plein jour,En agglomération,Hors intersection,Normale,Autre collision,,,,,,,,,,,1,2,1,1.0,6
201400026824,0014-07-02 16:50:00,14,7,2,16,50,380,151,AVENUE DES ?TATS G?N?RAU,,,Plein jour,En agglomération,Hors intersection,Normale,Autre collision,,,,,,,,,,,1,2,1,1.0,6
201400026825,0014-07-05 10:15:00,14,7,5,10,15,380,169,"0, BOULEVARD PAUL LANGEV",,,Plein jour,En agglomération,Hors intersection,Normale,Deux véhicules - côté,,,,,,,,,,,1,2,1,1.0,3
201400026826,0014-07-05 19:30:00,14,7,5,19,30,380,185,"14, BOULEVARD GAMBETTA",,,Plein jour,En agglomération,Hors intersection,Normale,Autre collision,,,,,,,,,,,1,2,1,1.0,6
201400026827,0014-07-08 04:40:00,14,7,8,4,40,380,185,"00, PONT DU VERCORS",,,Nuit avec éclairage allumé,Hors agglomération,Hors intersection,Pluie légère,Deux véhicules - côté,,,,,,,,,,,5,1,1,2.0,3
201400026828,0014-07-08 15:20:00,14,7,8,15,20,380,229,"00, CHEMIN DE LA CARRONN",,,Plein jour,Hors agglomération,Hors intersection,Pluie forte,Deux véhicules - arrière,,,,,,,,,,,1,1,1,3.0,2
201400026829,0014-07-11 01:10:00,14,7,11,1,10,380,185,"00, PLACE ARISTIDE BRIAN",,,Nuit avec éclairage allumé,En agglomération,Hors intersection,Pluie légère,Autre collision,,,,,,,,,,,5,2,1,2.0,6
201400026830,0014-07-12 16:10:00,14,7,12,16,10,380,151,"00, RUE CARMAGNOLE LIBER",,,Plein jour,En agglomération,Hors intersection,Pluie légère,Deux véhicules - côté,,,,,,,,,,,1,2,1,2.0,3
201400026831,0014-07-13 17:40:00,14,7,13,17,40,380,169,"00, BOULEVARD PAUL LANGE",,,Plein jour,En agglomération,Intersection à plus de 4 branches,Normale,Deux véhicules - côté,,,,,,,,,,,1,2,5,1.0,3
201400026832,0014-07-14 15:30:00,14,7,14,15,30,380,151,"00, AVENUE DE KIMBERLEY",,,Plein jour,En agglomération,Intersection en X,Normale,Deux véhicules - côté,,,,,,,,,,,1,2,2,1.0,3
201400026833,0014-07-14 21:00:00,14,7,14,21,0,380,185,BOULEVARD AGUTTE SEMBAT,,,Plein jour,En agglomération,Intersection en X,Normale,Deux véhicules - côté,,,,,,,,,,,1,2,2,1.0,3
201400026834,0014-07-17 12:15:00,14,7,17,12,15,380,185,"00, COURS JEAN JAUR?S",,,Plein jour,En agglomération,Intersection en X,Normale,Deux véhicules - frontale,,,,,,,,,,,1,2,2,1.0,1
201400026835,0014-07-17 18:14:00,14,7,17,18,14,380,421,"00, AVENUE AMBROISE CROI",,,Plein jour,En agglomération,Hors intersection,Normale,Deux véhicules - frontale,,,,,,,,,,,1,2,1,1.0,1
201400026836,0014-07-18 10:40:00,14,7,18,10,40,380,185,"00, AVENUE EDMOND ESMONI",,,Plein jour,En agglomération,Hors intersection,Normale,Autre collision,,,,,,,,,,,1,2,1,1.0,6
201400026837,0014-07-21 10:30:00,14,7,21,10,30,380,185,"54, AVENUE RHIN ET DANUB",,,Plein jour,En agglomération,Hors intersection,Pluie légère,Autre collision,,,,,,,,,,,1,2,1,2.0,6
201400026838,0014-07-29 13:20:00,14,7,29,13,20,380,185,"0, AVENUE MARIE REYNOARD",,,Plein jour,En agglomération,Hors intersection,Pluie légère,Deux véhicules - côté,,,,,,,,,,,1,2,1,2.0,3
201400026839,0014-07-30 15:00:00,14,7,30,15,0,380,185,"0, RUE DU 19 MARS 1962",,,Plein jour,En agglomération,Intersection en X,Normale,Trois véhicules et plus - collisions multiples,,,,,,,,,,,1,2,2,1.0,5
201400026840,0014-07-30 11:20:00,14,7,30,11,20,380,185,"0, PLACE GUSTAVE RIVET",,,Plein jour,En agglomération,Hors intersection,Pluie légère,Autre collision,,,,,,,,,,,1,2,1,2.0,6
201400026841,0014-07-30 18:10:00,14,7,30,18,10,380,516,CARREFOUR DE L'EUROPE,,,Plein jour,En agglomération,Giratoire,Normale,Deux véhicules - côté,,,,,,,,,,,1,2,6,1.0,3
201400026842,0014-07-31 11:15:00,14,7,31,11,15,380,158,RN.87,,,Plein jour,En agglomération,Hors intersection,Normale,Sans collision,,,,,,,,,,,1,2,1,1.0,7
201400026843,0014-08-05 10:00:00,14,8,5,10,0,380,185,"0, RUE DU 4?ME R?GIMENT",,,Plein jour,En agglomération,Hors intersection,Normale,Deux véhicules - côté,,,,,,,,,,,1,2,1,1.0,3
201400026844,0014-08-06 10:15:00,14,8,6,10,15,380,151,"27, CHEMIN DU TREMBLAY",,,Plein jour,En agglomération,Hors intersection,Normale,Sans collision,,,,,,,,,,,1,2,1,1.0,7
201400026845,0014-08-06 13:40:00,14,8,6,13,40,380,185,"0, BOULEVARD JOSEPH VALL",,,Plein jour,En agglomération,Hors intersection,Normale,Deux véhicules - côté,,,,,,,,,,,1,2,1,1.0,3
201400026846,0014-08-12 15:05:00,14,8,12,15,5,380,185,"80, RUE DES ALLI?S",,,Plein jour,En agglomération,Hors intersection,Normale,Sans collision,,,,,,,,,,,1,2,1,1.0,7
201400026847,0014-08-18 16:10:00,14,8,18,16,10,380,421,"0, AVENUE BENO?T FRACHON",,,Plein jour,En agglomération,Hors intersection,Normale,Autre collision,,,,,,,,,,,1,2,1,1.0,6
201400026848,0014-08-22 17:20:00,14,8,22,17,20,380,169,"0, AVENUE DU VERCORS",,,Plein jour,En agglomération,Intersection en X,Normale,Deux véhicules - côté,,,,,,,,,,,1,2,2,1.0,3
201400026849,0014-08-22 11:00:00,14,8,22,11,0,380,185,"0, PLACE PASTEUR",,,Plein jour,En agglomération,Intersection en X,Normale,Trois véhicules et plus - collisions multiples,,,,,,,,,,,1,2,2,1.0,5
201400026850,0014-08-26 16:30:00,14,8,26,16,30,380,185,"27, RUE NICOLAS CHORIER",,,Plein jour,En agglomération,Hors intersection,Pluie légère,Autre collision,,,,,,,,,,,1,2,1,2.0,6
201400026851,0014-08-31 18:06:00,14,8,31,18,6,380,185,"72, AV RHIN ET DANUBE",45.1714,5.70497,Plein jour,En agglomération,Hors intersection,Normale,Autre collision,,,,,,,,,,,1,2,1,1.0,6
201400026852,0014-09-01 21:20:00,14,9,1,21,20,380,185,"0, RUE DE TURENNE",,,Nuit avec éclairage allumé,En agglomération,Intersection en X,Normale,Deux véhicules - côté,,,,,,,,,,,5,2,2,1.0,3
201400026853,0014-09-02 16:15:00,14,9,2,16,15,380,185,"15, RUE EUG?NE FAURE",,,Plein jour,En agglomération,Hors intersection,Normale,Autre collision,,,,,,,,,,,1,2,1,1.0,6
201400026854,0014-09-05 12:30:00,14,9,5,12,30,380,185,"37, BOULEVARD JOSEPH VAL",,,Plein jour,En agglomération,Hors intersection,Normale,Deux véhicules - côté,,,,,,,,,,,1,2,1,1.0,3
201400026855,0014-09-11 12:15:00,14,9,11,12,15,380,185,"44, RUE DES EAUX CLAIRES",,,Plein jour,En agglomération,Hors intersection,Normale,Autre collision,,,,,,,,,,,1,2,1,1.0,6
201400026856,0014-09-16 16:15:00,14,9,16,16,15,380,169,AVENUE DU VERCORS,,,Plein jour,En agglomération,Intersection en T,Normale,Deux véhicules - côté,,,,,,,,,,,1,2,3,1.0,3
201400026857,0014-09-20 09:45:00,14,9,20,9,45,380,185,"9, PLACE SAINT-BRUNO",,,Plein jour,En agglomération,Hors intersection,Normale,Autre collision,,,,,,,,,,,1,2,1,1.0,6
201400026858,0014-09-23 19:45:00,14,9,23,19,45,380,185,"8 BIS, RUE PAUL BOURGET",,,Crépuscule ou aube,En agglomération,Hors intersection,Normale,Autre collision,,,,,,,,,,,2,2,1,1.0,6
201400026859,0014-09-25 09:00:00,14,9,25,9,0,380,516,99 VOIE NON IDENTIFIEE,,,Plein jour,Hors agglomération,Hors intersection,Normale,Trois véhicules et plus - en chaîne,,,,,,,,,,,1,1,1,1.0,4
201400026860,0014-09-25 10:32:00,14,9,25,10,32,380,185,RUE CHARLES TESTOUD,,,Plein jour,En agglomération,Intersection en T,Normale,Deux véhicules - côté,,,,,,,,,,,1,2,3,1.0,3
201400026861,0014-09-26 06:40:00,14,9,26,6,40,380,151,COURS JEAN JAUR?S,,,Crépuscule ou aube,En agglomération,Intersection en X,Normale,Deux véhicules - côté,,,,,,,,,,,2,2,2,1.0,3
201400026862,0014-09-30 08:00:00,14,9,30,8,0,380,151,AVENUE DU 8 MAI 1945,,,Plein jour,En agglomération,Hors intersection,Pluie forte,Deux véhicules - arrière,,,,,,,,,,,1,2,1,3.0,2
201400026863,0014-10-03 13:02:00,14,10,3,13,2,380,421,"0, RUE PAUL LANGEVIN",,,Plein jour,En agglomération,Intersection en Y,Normale,Deux véhicules - côté,,,,,,,,,,,1,2,4,1.0,3
201400026864,0014-10-05 13:30:00,14,10,5,13,30,380,185,"24, AVENUE MARIE REYNOAR",,,Plein jour,En agglomération,Hors intersection,Normale,Deux véhicules - côté,,,,,,,,,,,1,2,1,1.0,3
201400026865,0014-10-06 17:20:00,14,10,6,17,20,380,185,"20, RUE MARCEAU",,,Plein jour,En agglomération,Hors intersection,Normale,Autre collision,,,,,,,,,,,1,2,1,1.0,6
201400026866,0014-10-07 08:50:00,14,10,7,8,50,380,185,"14, AVENUE L?ON BLUM",,,Plein jour,En agglomération,Hors intersection,Normale,Autre collision,,,,,,,,,,,1,2,1,1.0,6
201400026867,0014-10-09 08:45:00,14,10,9,8,45,380,169,BOULEVARD PAUL LANGEVIN,,,Plein jour,En agglomération,Hors intersection,Normale,Autre collision,,,,,,,,,,,1,2,1,1.0,6
201400026868,0014-10-09 10:40:00,14,10,9,10,40,380,179,"11, RUE PIERRE-GIRAUD",,,Plein jour,Hors agglomération,Hors intersection,Normale,Autre collision,,,,,,,,,,,1,1,1,1.0,6
201400026869,0014-10-12 01:48:00,14,10,12,1,48,380,185,"0, COURS JEAN JAUR?S",,,Nuit avec éclairage allumé,En agglomération,Hors intersection,Normale,Autre collision,,,,,,,,,,,5,2,1,1.0,6
201400026870,0014-10-13 12:00:00,14,10,13,12,0,380,185,COURS BERRIAT,,,Plein jour,En agglomération,Hors intersection,Normale,Autre collision,,,,,,,,,,,1,2,1,1.0,6
201400026871,0014-10-14 07:10:00,14,10,14,7,10,380,185,"0, RUE LESDIGUI?RES",,,Nuit avec éclairage allumé,En agglomération,Hors intersection,Normale,Autre collision,,,,,,,,,,,5,2,1,1.0,6
201400026872,0014-10-16 07:30:00,14,10,16,7,30,380,185,1090,,,Nuit sans éclairage public,Hors agglomération,Hors intersection,Normale,Deux véhicules - arrière,,,,,,,,,,,3,1,1,1.0,2
201400026873,0014-10-16 15:25:00,14,10,16,15,25,380,185,"54, BOULEVARD JOSEPH VAL",,,Plein jour,En agglomération,Hors intersection,Normale,Autre collision,,,,,,,,,,,1,2,1,1.0,6
201400026874,0014-10-19 12:35:00,14,10,19,12,35,380,169,"00, RUE JULES GUESDE",,,Plein jour,En agglomération,Hors intersection,Normale,Deux véhicules - frontale,,,,,,,,,,,1,2,1,1.0,1
201400026875,0014-10-19 20:20:00,14,10,19,20,20,380,421,AVENUE BENO?T FRACHON,,,Nuit avec éclairage allumé,En agglomération,Hors intersection,Normale,Autre collision,,,,,,,,,,,5,2,1,1.0,6
201400026876,0014-10-24 18:15:00,14,10,24,18,15,380,151,AVENUE DES F.T.P.F.,,,Plein jour,En agglomération,Hors intersection,Normale,Autre collision,,,,,,,,,,,1,2,1,1.0,6
201400026877,0014-10-31 12:30:00,14,10,31,12,30,380,151,AVENUE DES F.T.P.F.,,,Plein jour,En agglomération,Hors intersection,Normale,Trois véhicules et plus - en chaîne,,,,,,,,,,,1,2,1,1.0,4
201400026878,0014-11-04 18:35:00,14,11,4,18,35,380,185,PLACE GRENETTE,,,Nuit avec éclairage allumé,En agglomération,Hors intersection,Pluie légère,Autre collision,,,,,,,,,,,5,2,1,2.0,6
201400026879,0014-11-04 16:15:00,14,11,4,16,15,380,185,"3, CHEMIN DE LA POTERNE",,,Crépuscule ou aube,En agglomération,Hors intersection,Pluie forte,Autre collision,,,,,,,,,,,2,2,1,3.0,6
201400026880,0014-11-09 16:45:00,14,11,9,16,45,380,185,COURS JEAN JAUR?S,,,Plein jour,En agglomération,Hors intersection,Pluie légère,Deux véhicules - arrière,,,,,,,,,,,1,2,1,2.0,2
201400026881,0014-11-12 10:06:00,14,11,12,10,6,380,185,"96, COURS DE LA LIB?RATI",,,Plein jour,En agglomération,Hors intersection,Normale,Autre collision,,,,,,,,,,,1,2,1,1.0,6
201400026882,0014-11-13 08:20:00,14,11,13,8,20,380,421,"37, AVENUE GABRIEL P?RI",,,Plein jour,En agglomération,Hors intersection,Normale,Autre collision,,,,,,,,,,,1,2,1,1.0,6