accident_id,datetime,annee,mois,jour,heure,minute,departement,commune_insee,adresse,latitude,longitude,luminosite,agglomeration,intersection,meteo,collision,nb_vehicules,nb_usagers,nb_indemnes,nb_tues,nb_blesses_hosp,nb_blesses_legers,age_cond_1,age_cond_2,veh_type_cond_1,veh_type_cond_2,lum_code,agg_code,int_code,atm_code,col_code
201400027007,0014-06-21 20:35:00,14,6,21,20,35,410,18,FENELON (RUE),47.586,1.316,Plein jour,En agglomération,Hors intersection,Normale,Autre collision,,,,,,,,,,,1,2,1,1.0,6
201400027008,0014-06-25 18:59:00,14,6,25,18,59,410,18,"4, GARROS (RUE ROLAND)",47.592,1.311,Plein jour,En agglomération,Hors intersection,Normale,Autre collision,,,,,,,,,,,1,2,1,1.0,6
201400027009,0014-07-01 13:35:00,14,7,1,13,35,410,18,Berthonneau (rue Jules),47.605,1.299,Plein jour,En agglomération,Intersection en T,Normale,Trois véhicules et plus - collisions multiples,,,,,,,,,,,1,2,3,1.0,5
201400027010,0014-07-17 15:58:00,14,7,17,15,58,410,47,OCTROI (RUE DE L'),47.601,1.346,Plein jour,En agglomération,Hors intersection,Normale,Deux véhicules - arrière,,,,,,,,,,,1,2,1,1.0,2
201400027011,0014-08-10 09:30:00,14,8,10,9,30,410,18,DUPUIS (BOULEVARD DANIEL,47.581,1.322,Plein jour,En agglomération,Hors intersection,Pluie légère,Autre collision,,,,,,,,,,,1,2,1,2.0,6
201400027012,0014-08-18 11:55:00,14,8,18,11,55,410,18,WILSON (AVENUE DU PRESID,47.581,1.342,Plein jour,En agglomération,Hors intersection,Normale,Autre collision,,,,,,,,,,,1,2,1,1.0,6
201400027013,0014-08-29 16:00:00,14,8,29,16,0,410,18,BROSSELETTE (AVENUE PIER,47.569,1.333,Plein jour,En agglomération,Hors intersection,Normale,Autre collision,,,,,,,,,,,1,2,1,1.0,6
201400027014,0014-09-02 15:45:00,14,9,2,15,45,410,18,RIFFAULT (RUE EUGENE),47.591,1.342,Plein jour,En agglomération,Hors intersection,Normale,Deux véhicules - côté,,,,,,,,,,,1,2,1,1.0,3
201400027015,0014-09-03 15:40:00,14,9,3,15,40,410,18,D951,47.59,1.354,Plein jour,En agglomération,Hors intersection,Normale,Deux véhicules - arrière,,,,,,,,,,,1,2,1,1.0,2
201400027016,0014-09-05 18:08:00,14,9,5,18,8,410,18,"3, GARENNE (RUE DE LA)",47.587,1.327,Plein jour,En agglomération,Hors intersection,Normale,Autre collision,,,,,,,,,,,1,2,1,1.0,6
201400027017,0014-10-23 06:45:00,14,10,23,6,45,410,18,WILSON (AVENUE DU PRESID,47.581,1.343,Nuit avec éclairage allumé,En agglomération,Intersection en X,Normale,Deux véhicules - côté,,,,,,,,,,,5,2,2,1.0,3
201400027018,0014-10-27 06:20:00,14,10,27,6,20,410,18,BESNARD (QUAI ULYSSE),47.578,1.321,Nuit avec éclairage allumé,En agglomération,Intersection en X,Brouillard / fumée,Deux véhicules - frontale,,,,,,,,,,,5,2,2,5.0,1
201400027019,0014-10-28 12:05:00,14,10,28,12,5,410,295,GRAIN D'OR (AVENUE DU),47.566,1.375,Plein jour,En agglomération,Hors intersection,Normale,Deux véhicules - côté,,,,,,,,,,,1,2,1,1.0,3
201400027020,0014-11-07 14:28:00,14,11,7,14,28,410,18,VENDOME (AVENUE DE),47.604,1.314,Plein jour,En agglomération,Hors intersection,Temps éblouissant,Deux véhicules - arrière,,,,,,,,,,,1,2,1,7.0,2
201400027021,0014-11-07 21:00:00,14,11,7,21,0,410,18,D174,47.594,1.352,Nuit avec éclairage allumé,En agglomération,Hors intersection,Normale,Deux véhicules - côté,,,,,,,,,,,5,2,1,1.0,3
201400027022,0014-11-15 16:32:00,14,11,15,16,32,410,18,CROIX PICHON (RUE DE LA,47.596,1.306,Plein jour,En agglomération,Hors intersection,Normale,Deux véhicules - arrière,,,,,,,,,,,1,2,1,1.0,2
201400027023,0014-12-15 13:00:00,14,12,15,13,0,410,18,SCHUMAN (AVENUE ROBERT),47.609,1.335,Plein jour,En agglomération,Hors intersection,Pluie légère,Sans collision,,,,,,,,,,,1,2,1,2.0,7
201400027024,0014-01-19 11:05:00,14,1,19,11,5,410,18,SCHUMAN (AVENUE ROBERT),47.61,1.337,Plein jour,En agglomération,Hors intersection,Normale,Autre collision,,,,,,,,,,,1,2,1,1.0,6
201400027025,0014-02-16 22:25:00,14,2,16,22,25,410,18,"5, MOULIN (RUE JEAN)",47.587,1.327,Nuit avec éclairage allumé,En agglomération,Hors intersection,Normale,Autre collision,,,,,,,,,,,5,2,1,1.0,6
201400027026,0014-03-11 09:50:00,14,3,11,9,50,410,18,VENDOME (AVENUE DE),47.559,1.32,Plein jour,En agglomération,Hors intersection,Normale,Sans collision,,,,,,,,,,,1,2,1,1.0,7
201400027027,0014-04-16 11:00:00,14,4,16,11,0,410,18,VENDOME (AVENUE DE),47.601,1.316,Plein jour,En agglomération,Hors intersection,Normale,Sans collision,,,,,,,,,,,1,2,1,1.0,7
201400027028,0014-04-20 19:20:00,14,4,20,19,20,410,18,VENDOME (AVENUE DE),47.605,1.313,Plein jour,En agglomération,Hors intersection,Normale,Deux véhicules - côté,,,,,,,,,,,1,2,1,1.0,3
201400027029,0014-05-11 23:10:00,14,5,11,23,10,410,18,CHATEAU-RENAULT (ROUTE D,47.582,1.295,Nuit sans éclairage public,En agglomération,Hors intersection,Pluie légère,Sans collision,,,,,,,,,,,3,2,1,2.0,7
201400027030,0014-05-06 11:08:00,14,5,6,11,8,410,18,SAINT-JEAN (QUAI),47.588,1.34,Plein jour,En agglomération,Hors intersection,Normale,Deux véhicules - côté,,,,,,,,,,,1,2,1,1.0,3
201400027031,0014-05-20 17:25:00,14,5,20,17,25,410,295,D951,47.61,1.381,Plein jour,Hors agglomération,Hors intersection,Pluie forte,Trois véhicules et plus - collisions multiples,,,,,,,,,,,1,1,1,3.0,5
201400027032,0014-05-28 12:15:00,14,5,28,12,15,410,18,VILLEBREME (RUE DE),47.608,1.325,Plein jour,En agglomération,Hors intersection,Normale,Autre collision,,,,,,,,,,,1,2,1,1.0,6
201400027033,0014-06-03 01:50:00,14,6,3,1,50,410,18,DUPUIS (BOULEVARD DANIEL,47.579,1.32,Nuit sans éclairage public,En agglomération,Hors intersection,Normale,Sans collision,,,,,,,,,,,3,2,1,1.0,7
201400027034,0014-06-02 15:10:00,14,6,2,15,10,410,18,"5, INDUSTRIE (BOULEVARD",47.6,1.32,Plein jour,En agglomération,Hors intersection,Normale,Autre collision,,,,,,,,,,,1,2,1,1.0,6
201400027035,0014-05-22 08:00:00,14,5,22,8,0,410,18,BESNARD (QUAI ULYSSE),47.578,1.32,Plein jour,En agglomération,Intersection en X,Pluie légère,Deux véhicules - côté,,,,,,,,,,,1,2,2,2.0,3
201400027036,0014-06-21 23:25:00,14,6,21,23,25,410,18,"233, CABOCHON (RUE DE)",47.576,1.302,Nuit avec éclairage allumé,En agglomération,Hors intersection,Normale,Autre collision,,,,,,,,,,,5,2,1,1.0,6
201400027037,0014-06-22 01:00:00,14,6,22,1,0,410,18,COULANGES (ALLEE DE),47.558,1.268,Nuit sans éclairage public,Hors agglomération,Hors intersection,Normale,Sans collision,,,,,,,,,,,3,1,1,1.0,7
201400027038,0014-07-28 23:00:00,14,7,28,23,0,410,18,"3, MONIN (RUE)",47.591,1.34,Nuit avec éclairage allumé,En agglomération,Hors intersection,Normale,Autre collision,,,,,,,,,,,5,2,1,1.0,6
201400027039,0014-06-22 23:25:00,14,6,22,23,25,410,18,FRANCE (AVENUE DE)  1,47.599,1.319,Nuit avec éclairage allumé,En agglomération,Hors intersection,Normale,Deux véhicules - côté,,,,,,,,,,,5,2,1,1.0,3
201400027040,0014-08-07 19:55:00,14,8,7,19,55,410,18,FRANCE (AVENUE DE)  1,47.596,1.316,Plein jour,En agglomération,Intersection en X,Normale,Deux véhicules - côté,,,,,,,,,,,1,2,2,1.0,3
201400027041,0014-08-26 16:50:00,14,8,26,16,50,410,295,"121, TAILLES  (RUE DES)",47.594,1.388,Plein jour,En agglomération,Hors intersection,Normale,Autre collision,,,,,,,,,,,1,2,1,1.0,6
201400027042,0014-08-22 09:10:00,14,8,22,9,10,410,18,BUTTE (AVENUE DE LA),47.583,1.32,Plein jour,En agglomération,Hors intersection,Normale,Deux véhicules - arrière,,,,,,,,,,,1,2,1,1.0,2
201400027043,0014-09-20 01:20:00,14,9,20,1,20,410,295,D951,47.593,1.359,Nuit avec éclairage allumé,Hors agglomération,Hors intersection,Normale,Deux véhicules - frontale,,,,,,,,,,,5,1,1,1.0,1
201400027044,0014-09-23 10:25:00,14,9,23,10,25,410,18,ROBERT NAU (ROND POINT),47.614,1.334,Plein jour,Hors agglomération,Giratoire,Normale,Deux véhicules - côté,,,,,,,,,,,1,1,6,1.0,3
201400027045,0014-10-10 11:16:00,14,10,10,11,16,410,295,ST DYE (LEVEE DE ),47.601,1.373,Plein jour,Hors agglomération,Hors intersection,Normale,Sans collision,,,,,,,,,,,1,1,1,1.0,7
201400027046,0014-10-11 00:21:00,14,10,11,0,21,410,18,RD 952,47.556,1.295,Nuit sans éclairage public,Hors agglomération,Hors intersection,Normale,Autre collision,,,,,,,,,,,3,1,1,1.0,6
201400027047,0014-10-10 12:45:00,14,10,10,12,45,410,18,GAMBETTA (AVENUE),47.584,1.319,Plein jour,En agglomération,Hors intersection,Normale,Deux véhicules - arrière,,,,,,,,,,,1,2,1,1.0,2
201400027048,0014-09-26 17:35:00,14,9,26,17,35,410,18,CITES UNIES (BOULEVARD D,47.609,1.338,Plein jour,Hors agglomération,Hors intersection,Normale,Deux véhicules - côté,,,,,,,,,,,1,1,1,1.0,3
201400027049,0014-10-09 17:35:00,14,10,9,17,35,410,18,"1, CHATEAU-RENAULT (ROUT",47.584,1.317,Plein jour,En agglomération,Hors intersection,Normale,Autre collision,,,,,,,,,,,1,2,1,1.0,6
201400027050,0014-11-08 16:30:00,14,11,8,16,30,410,18,"24, WALDSHUT (RUE DE)",47.59,1.316,Plein jour,En agglomération,Hors intersection,Normale,Sans collision,,,,,,,,,,,1,2,1,1.0,7
201400027051,0014-11-22 16:38:00,14,11,22,16,38,410,18,CITES UNIES (BOULEVARD D,47.608,1.341,Plein jour,Hors agglomération,Hors intersection,Normale,Autre collision,,,,,,,,,,,1,1,1,1.0,6
201400027052,0014-11-27 08:05:00,14,11,27,8,5,410,18,VENDOME (AVENUE DE),47.602,1.315,Plein jour,En agglomération,Hors intersection,Normale,Deux véhicules - côté,,,,,,,,,,,1,2,1,1.0,3
201400027053,0014-11-23 17:35:00,14,11,23,17,35,410,212,NATIONALE (ROUTE),47.562,1.371,Nuit avec éclairage allumé,En agglomération,Hors intersection,Normale,Deux véhicules - côté,,,,,,,,,,,5,2,1,1.0,3
201400027054,0014-12-17 12:15:00,14,12,17,12,15,410,295,"197, CHAMBORD (ROUTE DE)",47.574,1.394,Plein jour,En agglomération,Hors intersection,Pluie légère,Autre collision,,,,,,,,,,,1,2,1,2.0,6
201400027055,0014-12-20 20:30:00,14,12,20,20,30,410,18,CABOCHON (RUE DE),47.579,1.309,Nuit avec éclairage allumé,En agglomération,Hors intersection,Normale,Sans collision,,,,,,,,,,,5,2,1,1.0,7
201400027056,0014-12-24 22:05:00,14,12,24,22,5,410,295,"20, DES NOELS (AVENUE)",47.595,1.387,Nuit avec éclairage allumé,En agglomération,Hors intersection,Pluie légère,Autre collision,,,,,,,,,,,5,2,1,2.0,6
201400027057,0014-01-07 16:40:00,14,1,7,16,40,410,269,PARIS (ROUTE DE),47.795,1.074,Plein jour,En agglomération,Intersection en X,Normale,Deux véhicules - arrière,,,,,,,,,,,1,2,2,1.0,2
201400027058,0014-02-04 18:10:00,14,2,4,18,10,410,269,"02, GREVE (RUE DE LA)",47.79,1.063,Crépuscule ou aube,En agglomération,Intersection en T,Normale,Autre collision,,,,,,,,,,,2,2,3,1.0,6
201400027059,0014-02-07 12:10:00,14,2,7,12,10,410,269,"., CITES UNIES D'EUROPE",47.817,1.022,Plein jour,Hors agglomération,Hors intersection,Normale,Deux véhicules - côté,,,,,,,,,,,1,1,1,1.0,3
201400027060,0014-02-23 16:40:00,14,2,23,16,40,410,226,"., DE LA NOUETTE (CHEMIN",47.817,1.087,Plein jour,Hors agglomération,Hors intersection,Normale,Deux véhicules - frontale,,,,,,,,,,,1,1,1,1.0,1
201400027061,0014-03-25 17:00:00,14,3,25,17,0,410,269,"., GUIMOND (AVENUE GEORG",47.798,1.07,Plein jour,En agglomération,Intersection en X,Normale,Deux véhicules - côté,,,,,,,,,,,1,2,2,1.0,3
201400027062,0014-04-01 12:05:00,14,4,1,12,5,410,269,"., TANNEURS (PONT DES)",47.788,1.072,Plein jour,En agglomération,Intersection en X,Normale,Deux véhicules - arrière,,,,,,,,,,,1,2,2,1.0,2
201400027063,0014-06-10 12:15:00,14,6,10,12,15,410,269,"., CROIX BRIFFAULT (RUE",47.801,1.055,Plein jour,En agglomération,Intersection en T,Pluie légère,Deux véhicules - côté,,,,,,,,,,,1,2,3,2.0,3
201400027064,0014-06-12 11:15:00,14,6,12,11,15,410,226,"., DE DIETRICH (ALLEE)",47.806,1.069,Plein jour,En agglomération,Giratoire,Normale,Deux véhicules - côté,,,,,,,,,,,1,2,6,1.0,3
201400027065,0014-07-15 05:15:00,14,7,15,5,15,410,269,BLOIS (ROUTE DE),47.778,1.076,Nuit avec éclairage allumé,En agglomération,Giratoire,Normale,Deux véhicules - côté,,,,,,,,,,,5,2,6,1.0,3
201400027066,0014-07-24 14:40:00,14,7,24,14,40,410,269,"., MAILLETTES (RUE DES)",47.81,1.065,Plein jour,En agglomération,Intersection en X,Normale,Autre collision,,,,,,,,,,,1,2,2,1.0,6
201400027067,0014-11-02 02:40:00,14,11,2,2,40,410,269,"., BLOIS (ROUTE DE)",47.779,1.076,Nuit sans éclairage public,En agglomération,Hors intersection,Normale,Sans collision,,,,,,,,,,,3,2,1,1.0,7
201400027068,0014-11-03 18:15:00,14,11,3,18,15,410,269,"06, MOULIN (AV JEAN) (SE",47.807,1.064,Nuit avec éclairage allumé,En agglomération,Hors intersection,Pluie légère,Deux véhicules - côté,,,,,,,,,,,5,2,1,2.0,3
201400027069,0014-11-12 19:15:00,14,11,12,19,15,410,158,VIEUX PUITS (RUE DU),47.788,1.036,Nuit avec éclairage allumé,En agglomération,Intersection en T,Normale,Deux véhicules - côté,,,,,,,,,,,5,2,3,1.0,3
201400027070,0014-12-18 09:00:00,14,12,18,9,0,410,269,"25, FATON (RUE DU DOCTEU",47.794,1.072,Plein jour,En agglomération,Intersection en T,Pluie légère,Deux véhicules - côté,,,,,,,,,,,1,2,3,2.0,3
201400027071,0014-12-29 09:45:00,14,12,29,9,45,420,95,"1, BREUIL (PLACE DU)",45.38906,4.28745,Plein jour,En agglomération,Hors intersection,Normale,Autre collision,,,,,,,,,,,1,2,1,1.0,6
201400027072,0014-01-31 13:30:00,14,1,31,13,30,420,316,"1, JAURES (RUE JEAN)",45.39518,4.28089,Plein jour,En agglomération,Hors intersection,Normale,Deux véhicules - côté,,,,,,,,,,,1,2,1,1.0,3
201400027073,0014-02-20 14:10:00,14,2,20,14,10,420,316,CD 3,45.39513,4.26319,Plein jour,En agglomération,Hors intersection,Normale,Autre collision,,,,,,,,,,,1,2,1,1.0,6
201400027074,0014-03-12 16:25:00,14,3,12,16,25,420,44,"1, ZOLA (RUE EMILE)",45.39732,4.32512,Plein jour,En agglomération,Hors intersection,Normale,Autre collision,,,,,,,,,,,1,2,1,1.0,6
201400027075,0014-05-02 05:55:00,14,5,2,5,55,420,316,CD 3,45.39197,4.27246,Nuit avec éclairage allumé,En agglomération,Hors intersection,Pluie légère,Deux véhicules - frontale,,,,,,,,,,,5,2,1,2.0,1
201400027076,0014-05-02 12:05:00,14,5,2,12,5,420,99,CD 25,45.38811,4.26998,Plein jour,En agglomération,Hors intersection,Normale,Deux véhicules - frontale,,,,,,,,,,,1,2,1,1.0,1
201400027077,0014-05-13 02:40:00,14,5,13,2,40,420,316,"3, CD 3",45.39531,4.2631,Nuit avec éclairage allumé,En agglomération,Hors intersection,Pluie légère,Autre collision,,,,,,,,,,,5,2,1,2.0,6
201400027078,0014-05-07 14:45:00,14,5,7,14,45,420,316,"2, PAIX (RUE DE LA)",45.40271,4.26051,Plein jour,En agglomération,Hors intersection,Pluie légère,Sans collision,,,,,,,,,,,1,2,1,2.0,7
201400027079,0014-05-16 19:15:00,14,5,16,19,15,420,44,RD 88,45.3944,4.30589,Plein jour,En agglomération,Hors intersection,Normale,Deux véhicules - côté,,,,,,,,,,,1,2,1,1.0,3
201400027080,0014-05-20 16:55:00,14,5,20,16,55,420,316,"1, BEAUMES (RUE DES)",45.40723,4.25962,Plein jour,En agglomération,Hors intersection,Normale,Autre collision,,,,,,,,,,,1,2,1,1.0,6
201400027081,0014-05-23 09:00:00,14,5,23,9,0,420,316,CD 3,45.402,4.25483,Plein jour,Hors agglomération,Hors intersection,Normale,Sans collision,,,,,,,,,,,1,1,1,1.0,7
201400027082,0014-05-23 11:40:00,14,5,23,11,40,420,183,"0, BLACHIER (RUE JEAN-PI",45.4052,4.35946,Plein jour,En agglomération,Hors intersection,Normale,Sans collision,,,,,,,,,,,1,2,1,1.0,7
201400027083,0014-05-30 06:45:00,14,5,30,6,45,420,44,"1, LANGEVIN (RUE PAUL)",45.39356,4.32167,Nuit avec éclairage allumé,Hors agglomération,Hors intersection,Normale,Autre collision,,,,,,,,,,,5,1,1,1.0,6
201400027084,0014-06-19 07:45:00,14,6,19,7,45,420,95,RD 500-1,45.38734,4.30016,Plein jour,Hors agglomération,Hors intersection,Normale,Autre collision,,,,,,,,,,,1,1,1,1.0,6
201400027085,0014-06-20 15:30:00,14,6,20,15,30,420,95,"75, CD 500",45.38654,4.29795,Plein jour,En agglomération,Hors intersection,Normale,Autre collision,,,,,,,,,,,1,2,1,1.0,6
201400027086,0014-06-27 19:25:00,14,6,27,19,25,420,44,"0, BERGOGNON (RUE DE)",45.39208,4.30867,Plein jour,En agglomération,Hors intersection,Normale,Deux véhicules - côté,,,,,,,,,,,1,2,1,1.0,3
201400027087,0014-06-28 12:10:00,14,6,28,12,10,420,95,"1, ALCAZAR (RUE DE L')",45.39555,4.29194,Plein jour,En agglomération,Hors intersection,Normale,Deux véhicules - côté,,,,,,,,,,,1,2,1,1.0,3
201400027088,0014-06-28 23:20:00,14,6,28,23,20,420,44,"1, DEMEURE (RUE FLEURY)",45.39555,4.32291,Nuit avec éclairage allumé,En agglomération,Hors intersection,Pluie forte,Deux véhicules - frontale,,,,,,,,,,,5,2,1,3.0,1
201400027089,0014-07-05 17:55:00,14,7,5,17,55,420,95,CD 500,45.38855,4.29577,Plein jour,En agglomération,Hors intersection,Normale,Autre collision,,,,,,,,,,,1,2,1,1.0,6
201400027090,0014-07-14 19:00:00,14,7,14,19,0,420,316,CD 3,45.41017,4.21141,Plein jour,En agglomération,Hors intersection,Normale,Deux véhicules - côté,,,,,,,,,,,1,2,1,1.0,3
201400027091,0014-07-30 22:15:00,14,7,30,22,15,420,183,RD  88,45.40492,4.37404,Nuit avec éclairage allumé,En agglomération,Hors intersection,Normale,Deux véhicules - côté,,,,,,,,,,,5,2,1,1.0,3
201400027092,0014-08-21 17:00:00,14,8,21,17,0,420,44,LANGEVIN (RUE PAUL),45.39356,4.32161,Plein jour,Hors agglomération,Hors intersection,Normale,Deux véhicules - frontale,,,,,,,,,,,1,1,1,1.0,1
201400027093,0014-09-02 17:55:00,14,9,2,17,55,420,316,CD 25,45.40639,4.27119,Plein jour,Hors agglomération,Intersection en T,Normale,Deux véhicules - côté,,,,,,,,,,,1,1,3,1.0,3
201400027094,0014-10-01 23:25:00,14,10,1,23,25,420,44,RD 10,45.40028,4.32196,Nuit avec éclairage allumé,En agglomération,Hors intersection,Normale,Autre collision,,,,,,,,,,,5,2,1,1.0,6
201400027095,0014-10-19 14:45:00,14,10,19,14,45,420,99,JOLIOT CURIE (RUE IRENE),45.38649,4.27265,Plein jour,En agglomération,Giratoire,Normale,Deux véhicules - côté,,,,,,,,,,,1,2,6,1.0,3
201400027096,0014-10-20 12:30:00,14,10,20,12,30,420,99,CD 25,45.38204,4.2729,Plein jour,En agglomération,Hors intersection,Normale,Deux véhicules - arrière,,,,,,,,,,,1,2,1,1.0,2
201400027097,0014-10-21 08:40:00,14,10,21,8,40,420,44,RD 88-2,45.39741,4.32744,Plein jour,En agglomération,Hors intersection,Normale,Autre collision,,,,,,,,,,,1,2,1,1.0,6
201400027098,0014-10-30 14:00:00,14,10,30,14,0,420,316,CD 25,45.40598,4.26773,Plein jour,En agglomération,Hors intersection,Normale,Deux véhicules - côté,,,,,,,,,,,1,2,1,1.0,3
201400027099,0014-11-02 11:00:00,14,11,2,11,0,420,95,"1, PLOTTON (RUE ROBERT)",45.387,4.28948,Plein jour,En agglomération,Hors intersection,Normale,Deux véhicules - arrière,,,,,,,,,,,1,2,1,1.0,2
201400027100,0014-11-01 17:30:00,14,11,1,17,30,420,95,RD 88,45.38985,4.28795,Plein jour,En agglomération,Hors intersection,Normale,Deux véhicules - arrière,,,,,,,,,,,1,2,1,1.0,2
201400027101,0014-11-18 15:20:00,14,11,18,15,20,420,31,CD 3,45.40403,4.23475,Plein jour,En agglomération,Hors intersection,Pluie légère,Deux véhicules - frontale,,,,,,,,,,,1,2,1,2.0,1
201400027102,0014-11-22 18:15:00,14,11,22,18,15,420,31,CD 3,45.40498,4.22961,Nuit sans éclairage public,Hors agglomération,Hors intersection,Normale,Deux véhicules - frontale,,,,,,,,,,,3,1,1,1.0,1
201400027103,0014-12-13 14:10:00,14,12,13,14,10,420,95,"16, ROCHEREAU (RUE DENFE",45.3911,4.29102,Plein jour,En agglomération,Hors intersection,Normale,Autre collision,,,,,,,,,,,1,2,1,1.0,6
201400027104,0014-01-30 17:40:00,14,1,30,17,40,420,186,"1, SEMARD PONT PIERRE",45.52484,4.60843,Nuit avec éclairage allumé,En agglomération,Hors intersection,Autre,Autre collision,,,,,,,,,,,5,2,1,9.0,6
201400027105,0014-02-05 17:40:00,14,2,5,17,40,420,186,"49, REPUBLIQUE DU N?1 AU",45.53094,4.61227,Crépuscule ou aube,En agglomération,Hors intersection,Normale,Trois véhicules et plus - en chaîne,,,,,,,,,,,2,2,1,1.0,4
201400027106,0014-02-28 07:15:00,14,2,28,7,15,420,123,"01, GANDIN PASSAGE",45.50983,4.58054,Plein jour,En agglomération,Intersection en T,Normale,Deux véhicules - frontale,,,,,,,,,,,1,2,3,1.0,1
201400027107,0014-02-15 19:00:00,14,2,15,19,0,420,186,JUIN AVENUE DU MARECHAL,45.53255,4.62834,Nuit avec éclairage allumé,En agglomération,Hors intersection,Pluie légère,Sans collision,,,,,,,,,,,5,2,1,2.0,7
201400027108,0014-04-11 08:10:00,14,4,11,8,10,420,186,"63, DRIVON RUE CLAUDE",45.526,4.61095,Plein jour,En agglomération,Intersection en T,Normale,Deux véhicules - côté,,,,,,,,,,,1,2,3,1.0,3
201400027109,0014-05-12 17:50:00,14,5,12,17,50,420,186,CHEMIN DEPARTEMENTAL 88,45.51926,4.59487,Plein jour,En agglomération,Intersection en T,Normale,Deux véhicules - côté,,,,,,,,,,,1,2,3,1.0,3
201400027110,0014-05-08 16:30:00,14,5,8,16,30,420,259,"0, MUNAT ROUTE DU",45.5425,4.59512,Plein jour,Hors agglomération,Hors intersection,Normale,Deux véhicules - frontale,,,,,,,,,,,1,1,1,1.0,1
201400027111,0014-05-24 16:40:00,14,5,24,16,40,420,186,"181, D 6",45.53036,4.61215,Plein jour,En agglomération,Hors intersection,Normale,Deux véhicules - frontale,,,,,,,,,,,1,2,1,1.0,1
201400027112,0014-05-16 07:50:00,14,5,16,7,50,420,186,"47, EDOUARD VAILLANT RUE",45.52417,4.60674,Plein jour,En agglomération,Hors intersection,Temps éblouissant,Autre collision,,,,,,,,,,,1,2,1,7.0,6
201400027113,0014-06-10 16:30:00,14,6,10,16,30,420,186,GAMBETTA COURS,45.52896,4.61917,Plein jour,En agglomération,Hors intersection,Normale,Autre collision,,,,,,,,,,,1,2,1,1.0,6
201400027114,0014-07-03 13:50:00,14,7,3,13,50,420,259,D 77,45.56838,4.58957,Plein jour,Hors agglomération,Hors intersection,Normale,Sans collision,,,,,,,,,,,1,1,1,1.0,7
201400027115,0014-07-06 19:50:00,14,7,6,19,50,420,53,"0, ETAINGS ROUTE DES",45.53603,4.64124,Plein jour,En agglomération,Hors intersection,Pluie légère,Deux véhicules - frontale,,,,,,,,,,,1,2,1,2.0,1
201400027116,0014-07-03 13:00:00,14,7,3,13,0,420,186,"24, JUIN AVENUE DU MAREC",45.53365,4.63082,Plein jour,En agglomération,Intersection en T,Normale,Deux véhicules - côté,,,,,,,,,,,1,2,3,1.0,3
201400027117,0014-07-12 10:35:00,14,7,12,10,35,420,103,"20, JAURES RUE JEAN",45.50529,4.5703,Plein jour,En agglomération,Hors intersection,Temps couvert,Autre collision,,,,,,,,,,,1,2,1,8.0,6
201400027118,0014-08-02 22:00:00,14,8,2,22,0,420,186,SARDON ROND POINT,45.52008,4.59342,Nuit avec éclairage allumé,En agglomération,Giratoire,Autre,Deux véhicules - arrière,,,,,,,,,,,5,2,6,9.0,2
201400027119,0014-08-22 13:25:00,14,8,22,13,25,420,186,"51, EDOUARD VAILLANT RUE",45.52397,4.60613,Plein jour,En agglomération,Hors intersection,Normale,Deux véhicules - arrière,,,,,,,,,,,1,2,1,1.0,2
201400027120,0014-08-30 04:40:00,14,8,30,4,40,420,225,"518, TAPIGNEUX ROUTE DE",45.53898,4.56792,Nuit avec éclairage allumé,En agglomération,Hors intersection,Normale,Autre collision,,,,,,,,,,,5,2,1,1.0,6
201400027121,0014-09-17 17:40:00,14,9,17,17,40,420,186,"49, REPUBLIQUE DU N?1 AU",45.53091,4.61226,Plein jour,En agglomération,Hors intersection,Normale,Trois véhicules et plus - en chaîne,,,,,,,,,,,1,2,1,1.0,4
201400027122,0014-08-31 11:45:00,14,8,31,11,45,420,186,"17, MAI 1945 COURS DU 8",45.53006,4.62173,Plein jour,En agglomération,Hors intersection,Normale,Deux véhicules - frontale,,,,,,,,,,,1,2,1,1.0,1
201400027123,0014-10-06 17:20:00,14,10,6,17,20,420,123,"19, D 88",45.51509,4.58677,Plein jour,En agglomération,Hors intersection,Normale,Autre collision,,,,,,,,,,,1,2,1,1.0,6
201400027124,0014-11-07 13:10:00,14,11,7,13,10,420,186,"31, ROUX DU N?1 AU 31 RU",45.52952,4.61133,Plein jour,En agglomération,Hors intersection,Pluie légère,Autre collision,,,,,,,,,,,1,2,1,2.0,6
201400027125,0014-10-29 16:50:00,14,10,29,16,50,420,186,"25, JUIN AVENUE DU MAREC",45.53131,4.62379,Plein jour,En agglomération,Hors intersection,Temps éblouissant,Autre collision,,,,,,,,,,,1,2,1,7.0,6
201400027126,0014-11-13 09:20:00,14,11,13,9,20,420,103,"10, Jaur?s Rue Jean",45.50477,4.57002,Plein jour,En agglomération,Hors intersection,Normale,Deux véhicules - arrière,,,,,,,,,,,1,2,1,1.0,2
201400027127,0014-11-19 08:40:00,14,11,19,8,40,420,103,"1, CELLIEU ROUTE DE",45.50743,4.5671,Plein jour,En agglomération,Hors intersection,Normale,Autre collision,,,,,,,,,,,1,2,1,1.0,6
201400027128,0014-12-15 12:30:00,14,12,15,12,30,420,123,"21, GREZIEUX PLAINE DE",45.51665,4.59086,Plein jour,En agglomération,Hors intersection,Normale,Deux véhicules - frontale,,,,,,,,,,,1,2,1,1.0,1
201400027129,0014-11-21 16:25:00,14,11,21,16,25,420,225,"525, TAREVIEUX ROUTE DE",45.54162,4.55833,Plein jour,Hors agglomération,Hors intersection,Normale,Deux véhicules - frontale,,,,,,,,,,,1,1,1,1.0,1