accident_id,datetime,annee,mois,jour,heure,minute,departement,commune_insee,adresse,latitude,longitude,luminosite,agglomeration,intersection,meteo,collision,nb_vehicules,nb_usagers,nb_indemnes,nb_tues,nb_blesses_hosp,nb_blesses_legers,age_cond_1,age_cond_2,veh_type_cond_1,veh_type_cond_2,lum_code,agg_code,int_code,atm_code,col_code
201400027130,0014-01-09 23:35:00,14,1,9,23,35,420,187,"0, PARIS (AVENUE DE)",46.05055,4.06672,Nuit avec éclairage allumé,En agglomération,Intersection en T,Normale,Deux véhicules - côté,,,,,,,,,,,5,2,3,1.0,3
201400027131,0014-01-10 17:50:00,14,1,10,17,50,420,187,"0, RHIN ET DANUBE (RUE)",46.06097,4.09121,Crépuscule ou aube,En agglomération,Intersection en T,Normale,Deux véhicules - côté,,,,,,,,,,,2,2,3,1.0,3
201400027132,0014-01-10 12:10:00,14,1,10,12,10,420,187,"5, THOMAS (RUE ALBERT)",46.04232,4.07331,Plein jour,En agglomération,Hors intersection,Normale,Sans collision,,,,,,,,,,,1,2,1,1.0,7
201400027133,0014-01-17 07:50:00,14,1,17,7,50,420,71,"0, LECLERC (QUAI DU GENE",46.03169,4.08235,Crépuscule ou aube,En agglomération,Intersection en T,Pluie légère,Deux véhicules - côté,,,,,,,,,,,2,2,3,2.0,3
201400027134,0014-01-23 21:55:00,14,1,23,21,55,420,184,"31, CHEVIGNON LEGER (RUE",46.0525,4.05382,Nuit avec éclairage allumé,En agglomération,Hors intersection,Pluie légère,Autre collision,,,,,,,,,,,5,2,1,2.0,6
201400027135,0014-01-25 17:00:00,14,1,25,17,0,420,170,"0, LE PALAIR (LIEU DIT)",46.04573,4.13187,Crépuscule ou aube,Hors agglomération,Hors intersection,Pluie légère,Trois véhicules et plus - en chaîne,,,,,,,,,,,2,1,1,2.0,4
201400027136,0014-01-24 13:00:00,14,1,24,13,0,420,187,FUYANT (RUE DU),46.04541,4.05612,Plein jour,En agglomération,Hors intersection,Pluie légère,Sans collision,,,,,,,,,,,1,2,1,2.0,7
201400027137,0014-01-29 17:35:00,14,1,29,17,35,420,170,"0, 17 (ROUTE DEPARTEMENT",46.05269,4.12847,Nuit sans éclairage public,Hors agglomération,Intersection en T,Normale,Deux véhicules - côté,,,,,,,,,,,3,1,3,1.0,3
201400027138,0014-01-30 07:45:00,14,1,30,7,45,420,127,Route nationale 7,46.07653,4.03716,Crépuscule ou aube,En agglomération,Hors intersection,Pluie légère,Deux véhicules - arrière,,,,,,,,,,,2,2,1,2.0,2
201400027139,0014-02-02 19:40:00,14,2,2,19,40,420,187,"0, GIRAUD (RUE DU GENERA",46.03256,4.05984,Nuit avec éclairage allumé,En agglomération,Intersection en T,Normale,Deux véhicules - arrière,,,,,,,,,,,5,2,3,1.0,2
201400027140,0014-02-04 20:00:00,14,2,4,20,0,420,187,"0, BRISON (RUE)",46.03268,4.06832,Nuit avec éclairage non allumé,En agglomération,Hors intersection,Normale,Deux véhicules - arrière,,,,,,,,,,,4,2,1,1.0,2
201400027141,0014-02-06 22:35:00,14,2,6,22,35,420,187,"10, BOURGOGNE (RUE DE)",46.03867,4.07796,Nuit avec éclairage allumé,En agglomération,Hors intersection,Normale,Sans collision,,,,,,,,,,,5,2,1,1.0,7
201400027142,0014-02-10 19:00:00,14,2,10,19,0,420,184,"0, OUCHES (  RT D')",46.02714,4.02621,Nuit avec éclairage allumé,En agglomération,Hors intersection,Normale,Sans collision,,,,,,,,,,,5,2,1,1.0,7
201400027143,0014-02-10 19:20:00,14,2,10,19,20,420,187,"0, PARIS (AVENUE DE)",46.05054,4.06653,Nuit avec éclairage allumé,En agglomération,Hors intersection,Normale,Deux véhicules - arrière,,,,,,,,,,,5,2,1,1.0,2
201400027144,0014-02-15 21:40:00,14,2,15,21,40,420,184,"0, SEMARD PIERRE (RUE)",46.05778,4.05048,Nuit avec éclairage allumé,En agglomération,Hors intersection,Normale,Sans collision,,,,,,,,,,,5,2,1,1.0,7
201400027145,0014-02-18 17:30:00,14,2,18,17,30,420,187,SEMARD (RUE PIERRE ),46.03837,4.06228,Plein jour,En agglomération,Hors intersection,Normale,Trois véhicules et plus - en chaîne,,,,,,,,,,,1,2,1,1.0,4
201400027146,0014-02-20 12:15:00,14,2,20,12,15,420,184,"1254, FOCH MARECHAL (RUE",46.03984,4.0359,Plein jour,En agglomération,Hors intersection,Normale,Deux véhicules - côté,,,,,,,,,,,1,2,1,1.0,3
201400027147,0014-02-21 14:50:00,14,2,21,14,50,420,187,"18, THOMAS (RUE ALBERT)",46.0436,4.07393,Plein jour,En agglomération,Hors intersection,Normale,Deux véhicules - côté,,,,,,,,,,,1,2,1,1.0,3
201400027148,0014-02-22 18:52:00,14,2,22,18,52,420,187,"0, CENTRALE (AVENUE)",46.0671,4.0789,Nuit avec éclairage allumé,En agglomération,Hors intersection,Normale,Sans collision,,,,,,,,,,,5,2,1,1.0,7
201400027149,0014-02-26 20:35:00,14,2,26,20,35,420,187,"0, BARON DU MARAIS (BOUL",46.04576,4.07017,Nuit avec éclairage allumé,En agglomération,Intersection en T,Normale,Deux véhicules - frontale,,,,,,,,,,,5,2,3,1.0,1
201400027150,0014-02-28 12:20:00,14,2,28,12,20,420,184,GALLIENI JOSEPH (AVENUE),46.04447,4.05271,Plein jour,En agglomération,Hors intersection,Pluie légère,Deux véhicules - arrière,,,,,,,,,,,1,2,1,2.0,2
201400027151,0014-03-08 23:00:00,14,3,8,23,0,420,187,"0, BLANQUI (BOULEVARD LO",46.02474,4.05789,Nuit avec éclairage allumé,En agglomération,Intersection en X,Normale,Deux véhicules - côté,,,,,,,,,,,5,2,2,1.0,3
201400027152,0014-03-20 03:00:00,14,3,20,3,0,420,170,"0, EST (ROCADE)",46.03357,4.09938,Nuit sans éclairage public,Hors agglomération,Hors intersection,Normale,Sans collision,,,,,,,,,,,3,1,1,1.0,7
201400027153,0014-03-20 15:15:00,14,3,20,15,15,420,127,"2, CHARLES DE GAULLE(AV)",46.07837,4.06642,Plein jour,En agglomération,Hors intersection,Normale,Sans collision,,,,,,,,,,,1,2,1,1.0,7
201400027154,0014-03-20 17:00:00,14,3,20,17,0,420,187,"135, THOMAS (RUE ALBERT)",46.05048,4.07407,Plein jour,En agglomération,Hors intersection,Normale,Autre collision,,,,,,,,,,,1,2,1,1.0,6
201400027155,0014-03-21 15:45:00,14,3,21,15,45,420,187,"17, MULSANT (RUE)",46.03798,4.0605,Plein jour,En agglomération,Hors intersection,Pluie légère,Deux véhicules - arrière,,,,,,,,,,,1,2,1,2.0,2
201400027156,0014-03-21 21:00:00,14,3,21,21,0,420,187,"0, MOULIN PAILLASSON (RU",46.03529,4.06343,Nuit avec éclairage allumé,En agglomération,Intersection en T,Normale,Deux véhicules - côté,,,,,,,,,,,5,2,3,1.0,3
201400027157,0014-03-29 11:00:00,14,3,29,11,0,420,187,"14, PROMENADES POPULLE (",46.03674,4.06618,Plein jour,En agglomération,Hors intersection,Normale,Autre collision,,,,,,,,,,,1,2,1,1.0,6
201400027158,0014-03-29 15:05:00,14,3,29,15,5,420,187,"0, DESROCHE (RUE HENRI)",46.03127,4.04676,Plein jour,En agglomération,Hors intersection,Normale,Sans collision,,,,,,,,,,,1,2,1,1.0,7
201400027159,0014-03-29 17:25:00,14,3,29,17,25,420,187,"47, CONDORCET (RUE)",46.05834,4.09415,Plein jour,En agglomération,Hors intersection,Normale,Autre collision,,,,,,,,,,,1,2,1,1.0,6
201400027160,0014-03-30 15:40:00,14,3,30,15,40,420,71,"98, LIBERATION (AVENUE D",46.02728,4.08521,Plein jour,En agglomération,Intersection en T,Normale,Deux véhicules - côté,,,,,,,,,,,1,2,3,1.0,3
201400027161,0014-04-01 15:45:00,14,4,1,15,45,420,187,"0, THOMAS (RUE ALBERT)",46.04764,4.07423,Plein jour,En agglomération,Intersection en T,Normale,Deux véhicules - frontale,,,,,,,,,,,1,2,3,1.0,1
201400027162,0014-04-02 17:30:00,14,4,2,17,30,420,187,"0, SEMARD (RUE PIERRE )",46.03882,4.06208,Plein jour,En agglomération,Hors intersection,Normale,Autre collision,,,,,,,,,,,1,2,1,1.0,6
201400027163,0014-04-06 14:50:00,14,4,6,14,50,420,71,"40, DE GAULLE (BOULEVARD",46.01318,4.0965,Plein jour,En agglomération,Hors intersection,Normale,Autre collision,,,,,,,,,,,1,2,1,1.0,6
201400027164,0014-04-08 21:00:00,14,4,8,21,0,420,187,"22, PROMENADES POPULLE(P",46.03558,4.06522,Nuit avec éclairage allumé,En agglomération,Hors intersection,Normale,Sans collision,,,,,,,,,,,5,2,1,1.0,7
201400027165,0014-04-09 12:35:00,14,4,9,12,35,420,184,"0, OUEST  (BD)",46.04784,4.05143,Plein jour,En agglomération,Hors intersection,Normale,Deux véhicules - arrière,,,,,,,,,,,1,2,1,1.0,2
201400027166,0014-04-10 10:30:00,14,4,10,10,30,420,71,"71, LIBERATION (AVENUE D",46.02774,4.08509,Plein jour,En agglomération,Hors intersection,Normale,Autre collision,,,,,,,,,,,1,2,1,1.0,6
201400027167,0014-04-12 18:30:00,14,4,12,18,30,420,184,"306, SAINT-ROMAIN (RUE D",46.04242,4.04899,Plein jour,En agglomération,Intersection en X,Normale,Deux véhicules - côté,,,,,,,,,,,1,2,2,1.0,3
201400027168,0014-04-12 18:30:00,14,4,12,18,30,420,184,CANAUX (RUE DES),46.03989,4.05233,Plein jour,En agglomération,Giratoire,Normale,Deux véhicules - côté,,,,,,,,,,,1,2,6,1.0,3
201400027169,0014-04-16 17:50:00,14,4,16,17,50,420,187,"14, PUY (RUE JEAN)",46.03809,4.0689,Plein jour,En agglomération,Hors intersection,Normale,Sans collision,,,,,,,,,,,1,2,1,1.0,7
201400027170,0014-04-16 18:20:00,14,4,16,18,20,420,187,"63, JAURES (RUE JEAN)",46.03595,4.07057,Plein jour,En agglomération,Hors intersection,Normale,Sans collision,,,,,,,,,,,1,2,1,1.0,7
201400027171,0014-04-16 20:00:00,14,4,16,20,0,420,184,"0, DUBREUIL PIERRE (PASS",46.04855,4.04534,Plein jour,En agglomération,Intersection en T,Normale,Deux véhicules - côté,,,,,,,,,,,1,2,3,1.0,3
201400027172,0014-04-17 17:20:00,14,4,17,17,20,420,184,"180, ADER CLEMENT (RUE)",46.06043,4.04575,Plein jour,En agglomération,Hors intersection,Normale,Autre collision,,,,,,,,,,,1,2,1,1.0,6
201400027173,0014-04-21 13:45:00,14,4,21,13,45,420,187,"0, MARNE (AVENUE DE LA )",46.05697,4.08317,Plein jour,En agglomération,Hors intersection,Normale,Deux véhicules - frontale,,,,,,,,,,,1,2,1,1.0,1
201400027174,0014-04-23 23:10:00,14,4,23,23,10,420,187,"0, MACE (RUE JEAN)",46.03821,4.07522,Nuit avec éclairage allumé,En agglomération,Hors intersection,Normale,Autre collision,,,,,,,,,,,5,2,1,1.0,6
201400027175,0014-04-30 16:30:00,14,4,30,16,30,420,187,"0, SEMARD (RUE PIERRE )",46.03876,4.06191,Plein jour,En agglomération,Hors intersection,Normale,Sans collision,,,,,,,,,,,1,2,1,1.0,7
201400027176,0014-05-02 18:05:00,14,5,2,18,5,420,187,"1, CLERMONT (RUE DE )",46.03118,4.06733,Plein jour,En agglomération,Intersection en T,Pluie légère,Deux véhicules - côté,,,,,,,,,,,1,2,3,2.0,3
201400027177,0014-05-02 18:30:00,14,5,2,18,30,420,187,"54, COMMELLE (ROUTE DE)",46.02079,4.08114,Plein jour,En agglomération,Hors intersection,Normale,Autre collision,,,,,,,,,,,1,2,1,1.0,6
201400027178,0014-05-08 16:10:00,14,5,8,16,10,420,187,"0, STEPHENSON (RUE)",46.04571,4.06151,Plein jour,En agglomération,Hors intersection,Normale,Sans collision,,,,,,,,,,,1,2,1,1.0,7
201400027179,0014-05-09 21:50:00,14,5,9,21,50,420,187,"0, OUEST (BOULEVARD)",46.05063,4.06677,Nuit avec éclairage allumé,En agglomération,Hors intersection,Normale,Sans collision,,,,,,,,,,,5,2,1,1.0,7
201400027180,0014-05-16 08:25:00,14,5,16,8,25,420,127,"0, FORT DE TROYON (RUE D",46.07081,4.07688,Plein jour,En agglomération,Hors intersection,Normale,Autre collision,,,,,,,,,,,1,2,1,1.0,6
201400027181,0014-05-18 18:20:00,14,5,18,18,20,420,127,"17, BRIENNON (RT DE)",46.05631,4.07315,Plein jour,En agglomération,Intersection en T,Normale,Deux véhicules - côté,,,,,,,,,,,1,2,3,1.0,3
201400027182,0014-05-19 10:05:00,14,5,19,10,5,420,187,"0, PARIS (AVENUE DE)",46.04538,4.07024,Plein jour,En agglomération,Hors intersection,Normale,Autre collision,,,,,,,,,,,1,2,1,1.0,6
201400027183,0014-05-23 08:20:00,14,5,23,8,20,420,187,"0, GAMBETTA (AVENUE)",46.03939,4.06622,Plein jour,En agglomération,Intersection en X,Normale,Deux véhicules - côté,,,,,,,,,,,1,2,2,1.0,3
201400027184,0014-05-24 10:15:00,14,5,24,10,15,420,71,"0, LIBERATION (AVENUE DE",46.02826,4.08464,Plein jour,En agglomération,Intersection en T,Normale,Autre collision,,,,,,,,,,,1,2,3,1.0,6
201400027185,0014-05-27 11:20:00,14,5,27,11,20,420,187,"36, CUGNOT (RUE NICOLAS)",46.04285,4.06219,Plein jour,En agglomération,Hors intersection,Normale,Sans collision,,,,,,,,,,,1,2,1,1.0,7
201400027186,0014-05-24 21:25:00,14,5,24,21,25,420,187,"0, CHARLIEU (RUE DE )",46.0533,4.0856,Nuit avec éclairage allumé,En agglomération,Intersection en T,Normale,Deux véhicules - côté,,,,,,,,,,,5,2,3,1.0,3
201400027187,0014-05-29 19:20:00,14,5,29,19,20,420,71,"25, COMMELLE (ROUTE DE )",46.02184,4.08333,Plein jour,En agglomération,Intersection en T,Normale,Deux véhicules - côté,,,,,,,,,,,1,2,3,1.0,3
201400027188,0014-06-02 18:35:00,14,6,2,18,35,420,184,"0, BRANLY (RUE)",46.06153,4.04805,Plein jour,En agglomération,Giratoire,Normale,Sans collision,,,,,,,,,,,1,2,6,1.0,7
201400027189,0014-06-09 19:45:00,14,6,9,19,45,420,187,"14, CARNOT (AVENUE)",46.03945,4.06653,Plein jour,En agglomération,Hors intersection,Normale,Autre collision,,,,,,,,,,,1,2,1,1.0,6
201400027190,0014-06-11 15:50:00,14,6,11,15,50,420,187,"22, SEGUIN (RUE)",46.04399,4.06202,Plein jour,En agglomération,Hors intersection,Normale,Deux véhicules - frontale,,,,,,,,,,,1,2,1,1.0,1
201400027191,0014-06-11 18:10:00,14,6,11,18,10,420,170,"0, EST (ROCADE)",46.02121,4.10196,Plein jour,En agglomération,Hors intersection,Normale,Sans collision,,,,,,,,,,,1,2,1,1.0,7
201400027192,0014-06-12 19:20:00,14,6,12,19,20,420,127,"0, FONTAINE JEAN  (RUE D",46.06569,4.05915,Plein jour,En agglomération,Hors intersection,Pluie forte,Sans collision,,,,,,,,,,,1,2,1,3.0,7
201400027193,0014-06-16 07:40:00,14,6,16,7,40,420,170,LE PERELLES (LIEU DIT),46.03384,4.11449,Plein jour,Hors agglomération,Intersection en X,Normale,Deux véhicules - côté,,,,,,,,,,,1,1,2,1.0,3
201400027194,0014-06-16 12:00:00,14,6,16,12,0,420,184,"0, MICHEL LOUISE  (RUE)",46.05719,4.04602,Plein jour,En agglomération,Giratoire,Normale,Deux véhicules - côté,,,,,,,,,,,1,2,6,1.0,3
201400027195,0014-06-17 18:45:00,14,6,17,18,45,420,187,"424, AUGE (RUE JOANNY)",46.03602,4.05212,Plein jour,En agglomération,Hors intersection,Normale,Trois véhicules et plus - en chaîne,,,,,,,,,,,1,2,1,1.0,4
201400027196,0014-06-20 09:30:00,14,6,20,9,30,420,71,"0, BELGES (BOULEVARD DES",46.02364,4.08767,Plein jour,En agglomération,Intersection en X,Normale,Sans collision,,,,,,,,,,,1,2,2,1.0,7
201400027197,0014-06-21 17:45:00,14,6,21,17,45,420,71,"31, LIBERATION (AVENUE D",46.03013,4.08347,Plein jour,En agglomération,Hors intersection,Normale,Deux véhicules - frontale,,,,,,,,,,,1,2,1,1.0,1
201400027198,0014-06-22 12:25:00,14,6,22,12,25,420,187,"2, MOULIN PAILLASSON (IM",46.03603,4.06379,Plein jour,En agglomération,Hors intersection,Normale,Autre collision,,,,,,,,,,,1,2,1,1.0,6
201400027199,0014-06-18 21:20:00,14,6,18,21,20,420,184,"0, OUEST  (BD)",46.04714,4.04864,Nuit avec éclairage allumé,En agglomération,Hors intersection,Normale,Sans collision,,,,,,,,,,,5,2,1,1.0,7
201400027200,0014-06-24 13:30:00,14,6,24,13,30,420,71,"0, BALMES (RUE DES )",46.0265,4.08241,Plein jour,En agglomération,Intersection en T,Normale,Deux véhicules - côté,,,,,,,,,,,1,2,3,1.0,3
201400027201,0014-06-27 17:00:00,14,6,27,17,0,420,71,"0, LIBERATION (AVENUE DE",46.01453,4.09307,Plein jour,En agglomération,Intersection en T,Normale,Deux véhicules - côté,,,,,,,,,,,1,2,3,1.0,3
201400027202,0014-06-25 21:40:00,14,6,25,21,40,420,187,"0, PROMENADES POPULLE (P",46.03666,4.06665,Plein jour,En agglomération,Hors intersection,Normale,Trois véhicules et plus - en chaîne,,,,,,,,,,,1,2,1,1.0,4
201400027203,0014-06-30 09:00:00,14,6,30,9,0,420,187,"75, BARON DU MARAIS (BOU",46.043,4.06691,Plein jour,En agglomération,Hors intersection,Normale,Deux véhicules - arrière,,,,,,,,,,,1,2,1,1.0,2
201400027204,0014-07-02 10:00:00,14,7,2,10,0,420,170,"0, R.D 504",46.03713,4.12026,Plein jour,En agglomération,Hors intersection,Normale,Sans collision,,,,,,,,,,,1,2,1,1.0,7
201400027205,0014-07-02 17:40:00,14,7,2,17,40,420,170,"0, LES PLAINES (LIEU DIT",46.03156,4.10057,Plein jour,Hors agglomération,Hors intersection,Normale,Deux véhicules - côté,,,,,,,,,,,1,1,1,1.0,3
201400027206,0014-07-02 19:40:00,14,7,2,19,40,420,184,"0, SAINT-ROMAIN (RUE DE)",46.04756,4.03713,Plein jour,En agglomération,Intersection en X,Temps éblouissant,Deux véhicules - côté,,,,,,,,,,,1,2,2,7.0,3
201400027207,0014-07-04 09:15:00,14,7,4,9,15,420,187,"0, CENTRALE (AVENUE)",46.06724,4.07538,Plein jour,En agglomération,Intersection en X,Normale,Deux véhicules - côté,,,,,,,,,,,1,2,2,1.0,3
201400027208,0014-07-04 17:55:00,14,7,4,17,55,420,187,"0, VIES VIEILLES (RUE DE",46.03691,4.07711,Plein jour,En agglomération,Hors intersection,Normale,Deux véhicules - frontale,,,,,,,,,,,1,2,1,1.0,1
201400027209,0014-07-07 14:50:00,14,7,7,14,50,420,187,"0, MATEL (RUE DE )",46.049,4.08708,Plein jour,En agglomération,Intersection en X,Pluie légère,Deux véhicules - côté,,,,,,,,,,,1,2,2,2.0,3
201400027210,0014-07-09 08:40:00,14,7,9,8,40,420,187,"31, RAFFIN (RUE ALEXANDR",46.03395,4.06689,Plein jour,En agglomération,Hors intersection,Pluie légère,Autre collision,,,,,,,,,,,1,2,1,2.0,6
201400027211,0014-07-15 16:15:00,14,7,15,16,15,420,187,"0, PROMENADES POPULLE(PO",46.03666,4.06432,Plein jour,En agglomération,Hors intersection,Normale,Deux véhicules - arrière,,,,,,,,,,,1,2,1,1.0,2
201400027212,0014-07-16 19:24:00,14,7,16,19,24,420,187,"0, CIMETIERE (BOULEVARD",46.04964,4.07042,Plein jour,En agglomération,Hors intersection,Normale,Sans collision,,,,,,,,,,,1,2,1,1.0,7
201400027213,0014-07-27 01:30:00,14,7,27,1,30,420,332,"28, COMMIERES (RUE DE )",46.02097,4.05396,Nuit avec éclairage allumé,En agglomération,Hors intersection,Normale,Autre collision,,,,,,,,,,,5,2,1,1.0,6
201400027214,0014-08-01 23:25:00,14,8,1,23,25,420,187,"87, SEMARD (RUE PIERRE )",46.04205,4.06041,Nuit avec éclairage allumé,En agglomération,Hors intersection,Normale,Autre collision,,,,,,,,,,,5,2,1,1.0,6
201400027215,0014-08-04 18:35:00,14,8,4,18,35,420,187,"0, RABELAIS (RUE FRANCOI",46.04071,4.05571,Plein jour,En agglomération,Intersection en X,Normale,Sans collision,,,,,,,,,,,1,2,2,1.0,7
201400027216,0014-08-05 10:56:00,14,8,5,10,56,420,187,"0, GONTHIER (RUE)",46.0392,4.05447,Plein jour,En agglomération,Intersection en X,Normale,Deux véhicules - côté,,,,,,,,,,,1,2,2,1.0,3
201400027217,0014-08-07 13:40:00,14,8,7,13,40,420,71,"0, PARMENTIER (RUE ANTOI",46.02872,4.08837,Plein jour,En agglomération,Hors intersection,Normale,Deux véhicules - arrière,,,,,,,,,,,1,2,1,1.0,2
201400027218,0014-08-12 14:10:00,14,8,12,14,10,420,187,"0, EST (ROCADE)",46.04953,4.08552,Plein jour,Hors agglomération,Hors intersection,Normale,Deux véhicules - frontale,,,,,,,,,,,1,1,1,1.0,1
201400027219,0014-08-12 18:30:00,14,8,12,18,30,420,187,"1, SEMARD (RUE PIERRE )",46.03725,4.06381,Plein jour,En agglomération,Hors intersection,Normale,Autre collision,,,,,,,,,,,1,2,1,1.0,6
201400027220,0014-08-16 22:30:00,14,8,16,22,30,420,187,"33, COOPERATION (RUE DE",46.03016,4.06274,Nuit avec éclairage allumé,En agglomération,Hors intersection,Normale,Sans collision,,,,,,,,,,,5,2,1,1.0,7
201400027221,0014-08-21 14:10:00,14,8,21,14,10,420,184,"0, BLUM  LEON   (RUE)",46.04312,4.03246,Plein jour,En agglomération,Intersection en T,Normale,Deux véhicules - côté,,,,,,,,,,,1,2,3,1.0,3
201400027222,0014-08-22 15:39:00,14,8,22,15,39,420,187,"0, FOURCAULD (QUAI  COMM",46.03884,4.08423,Plein jour,En agglomération,Intersection en T,Normale,Deux véhicules - côté,,,,,,,,,,,1,2,3,1.0,3
201400027223,0014-08-26 11:55:00,14,8,26,11,55,420,170,"0, R.D 504",46.03699,4.12417,Plein jour,Hors agglomération,Hors intersection,Normale,Deux véhicules - frontale,,,,,,,,,,,1,1,1,1.0,1
201400027224,0014-08-28 09:55:00,14,8,28,9,55,420,71,"1, LIBERATION (AVENUE DE",46.03168,4.08258,Plein jour,En agglomération,Intersection en T,Normale,Deux véhicules - côté,,,,,,,,,,,1,2,3,1.0,3
201400027225,0014-08-31 18:00:00,14,8,31,18,0,420,187,"0, BOURGOGNE (RUE DE)",46.03897,4.07768,Plein jour,En agglomération,Hors intersection,Normale,Autre collision,,,,,,,,,,,1,2,1,1.0,6
201400027226,0014-09-02 17:05:00,14,9,2,17,5,420,187,"0, ARRAS (BOULEVARD D')",46.06422,4.07443,Plein jour,En agglomération,Intersection en X,Normale,Deux véhicules - côté,,,,,,,,,,,1,2,2,1.0,3
201400027227,0014-09-05 20:30:00,14,9,5,20,30,420,184,"0, RUE DU FUYANT",46.04472,4.05546,Nuit avec éclairage allumé,En agglomération,Hors intersection,Normale,Autre collision,,,,,,,,,,,5,2,1,1.0,6
201400027228,0014-09-07 19:15:00,14,9,7,19,15,420,187,"44, CUGNOT (RUE NICOLAS)",46.04373,4.06123,Plein jour,En agglomération,Intersection en X,Normale,Deux véhicules - côté,,,,,,,,,,,1,2,2,1.0,3
201400027229,0014-09-10 16:45:00,14,9,10,16,45,420,187,"91, CLERMONT (RUE DE )",46.02784,4.06423,Plein jour,En agglomération,Hors intersection,Normale,Deux véhicules - arrière,,,,,,,,,,,1,2,1,1.0,2
201400027230,0014-09-15 17:00:00,14,9,15,17,0,420,187,"0, LIBERTE ( BOULEVARD D",46.04716,4.08359,Plein jour,En agglomération,Intersection en X,Normale,Deux véhicules - côté,,,,,,,,,,,1,2,2,1.0,3
201400027231,0014-09-16 13:35:00,14,9,16,13,35,420,187,"94, CHARLIEU (RUE DE )",46.04696,4.08186,Plein jour,En agglomération,Hors intersection,Normale,Autre collision,,,,,,,,,,,1,2,1,1.0,6
201400027232,0014-09-25 08:00:00,14,9,25,8,0,420,184,"0, MICHEL LOUISE  (RUE)",46.04768,4.05133,Crépuscule ou aube,En agglomération,Giratoire,Pluie légère,Sans collision,,,,,,,,,,,2,2,6,2.0,7
201400027233,0014-09-25 15:35:00,14,9,25,15,35,420,187,"0, CHARLIEU (RUE DE )",46.05972,4.08788,Plein jour,En agglomération,Hors intersection,Normale,Deux véhicules - arrière,,,,,,,,,,,1,2,1,1.0,2
201400027234,0014-09-26 16:50:00,14,9,26,16,50,420,187,"0, LIBERTE ( BOULEVARD D",46.04788,4.08249,Plein jour,En agglomération,Hors intersection,Normale,Autre collision,,,,,,,,,,,1,2,1,1.0,6
201400027235,0014-09-27 11:00:00,14,9,27,11,0,420,187,"0, CHARLIEU (RUE DE )",46.05574,4.08638,Plein jour,En agglomération,Hors intersection,Normale,Sans collision,,,,,,,,,,,1,2,1,1.0,7
201400027236,0014-10-06 22:28:00,14,10,6,22,28,420,187,"0, BELGIQUE (BOULEVARD D",46.04592,4.07453,Nuit avec éclairage allumé,En agglomération,Intersection en X,Pluie légère,Deux véhicules - côté,,,,,,,,,,,5,2,2,2.0,3
201400027237,0014-10-09 10:53:00,14,10,9,10,53,420,187,"78, MULSANT (RUE)",46.03856,4.05844,Crépuscule ou aube,En agglomération,Hors intersection,Normale,Sans collision,,,,,,,,,,,2,2,1,1.0,7
201400027238,0014-10-11 20:00:00,14,10,11,20,0,420,184,"0, OUEST  (BD)",46.04565,4.05689,Nuit avec éclairage allumé,En agglomération,Hors intersection,Normale,Sans collision,,,,,,,,,,,5,2,1,1.0,7
201400027239,0014-10-12 12:20:00,14,10,12,12,20,420,184,"0, MICHEL LOUISE  (RUE)",46.04828,4.05166,Plein jour,En agglomération,Hors intersection,Pluie forte,Sans collision,,,,,,,,,,,1,2,1,3.0,7
201400027240,0014-10-17 08:20:00,14,10,17,8,20,420,187,"0, POLYGONE (AVENUE DU )",46.05621,4.07805,Plein jour,En agglomération,Intersection en X,Normale,Deux véhicules - côté,,,,,,,,,,,1,2,2,1.0,3
201400027241,0014-10-18 11:15:00,14,10,18,11,15,420,127,"116, Route nationale 7",46.07103,4.04648,Plein jour,En agglomération,Hors intersection,Normale,Trois véhicules et plus - en chaîne,,,,,,,,,,,1,2,1,1.0,4
201400027242,0014-10-18 21:55:00,14,10,18,21,55,420,187,"0, HOCHE (RUE)",46.03001,4.07517,Nuit avec éclairage allumé,En agglomération,Intersection en X,Normale,Deux véhicules - côté,,,,,,,,,,,5,2,2,1.0,3
201400027243,0014-10-18 12:15:00,14,10,18,12,15,420,187,"0, PASCAL (IMPASSE)",46.04249,4.05821,Plein jour,En agglomération,Intersection en Y,Normale,Autre collision,,,,,,,,,,,1,2,4,1.0,6
201400027244,0014-10-20 11:15:00,14,10,20,11,15,420,187,"0, CIMETIERE (BOULEVARD",46.04845,4.06948,Plein jour,En agglomération,Intersection en X,Normale,Deux véhicules - côté,,,,,,,,,,,1,2,2,1.0,3
201400027245,0014-10-21 17:45:00,14,10,21,17,45,420,187,"0, BARON DU MARAIS (BOUL",46.04353,4.06759,Plein jour,En agglomération,Intersection en X,Normale,Deux véhicules - côté,,,,,,,,,,,1,2,2,1.0,3
201400027246,0014-10-27 13:45:00,14,10,27,13,45,420,184,"0, RONDET MICHEL (RUE)",46.05976,4.05152,Plein jour,En agglomération,Hors intersection,Normale,Deux véhicules - arrière,,,,,,,,,,,1,2,1,1.0,2
201400027247,0014-10-27 17:00:00,14,10,27,17,0,420,187,"0, MARECHAL JOFFRE (BOUL",46.05315,4.07394,Plein jour,En agglomération,Hors intersection,Normale,Sans collision,,,,,,,,,,,1,2,1,1.0,7
201400027248,0014-10-28 19:40:00,14,10,28,19,40,420,127,"0, CORNEILLE PIERRE (RUE",46.06299,4.06268,Nuit avec éclairage allumé,En agglomération,Giratoire,Normale,Deux véhicules - côté,,,,,,,,,,,5,2,6,1.0,3
201400027249,0014-10-29 15:40:00,14,10,29,15,40,420,71,"0, POTERIE (BOULEVARD DE",46.01911,4.0928,Plein jour,En agglomération,Giratoire,Normale,Sans collision,,,,,,,,,,,1,2,6,1.0,7