accident_id,datetime,annee,mois,jour,heure,minute,departement,commune_insee,adresse,latitude,longitude,luminosite,agglomeration,intersection,meteo,collision,nb_vehicules,nb_usagers,nb_indemnes,nb_tues,nb_blesses_hosp,nb_blesses_legers,age_cond_1,age_cond_2,veh_type_cond_1,veh_type_cond_2,lum_code,agg_code,int_code,atm_code,col_code
201400027370,0014-06-12 14:00:00,14,6,12,14,0,420,330,"IGNORE, C.C. VILLARS",45.47803,4.34699,Plein jour,Hors agglomération,Hors intersection,Normale,Autre collision,,,,,,,,,,,1,1,1,1.0,6
201400027371,0014-06-15 07:50:00,14,6,15,7,50,420,218,"78, ONZE NOVEMBRE A PART",45.42421,4.39138,Plein jour,En agglomération,Intersection en X,Normale,Deux véhicules - côté,,,,,,,,,,,1,2,2,1.0,3
201400027372,0014-06-16 07:15:00,14,6,16,7,15,420,305,"10, HUGO VICTOR",45.47979,4.43154,Plein jour,En agglomération,Hors intersection,Normale,Autre collision,,,,,,,,,,,1,2,1,1.0,6
201400027373,0014-06-19 20:30:00,14,6,19,20,30,420,218,"81, MONTAT (DE LA) JUSQU",45.44194,4.40775,Plein jour,En agglomération,Hors intersection,Normale,Autre collision,,,,,,,,,,,1,2,1,1.0,6
201400027374,0014-06-19 13:55:00,14,6,19,13,55,420,218,CHOLAT CHARLES,45.46609,4.39888,Plein jour,En agglomération,Intersection en X,Normale,Autre collision,,,,,,,,,,,1,2,2,1.0,6
201400027375,0014-06-21 10:40:00,14,6,21,10,40,420,218,"72, MARENGO A PARTIR N?",45.44811,4.38335,Plein jour,En agglomération,Intersection en T,Normale,Deux véhicules - arrière,,,,,,,,,,,1,2,3,1.0,2
201400027376,0014-06-21 22:50:00,14,6,21,22,50,420,218,"13, APPRENTISSAGE",45.4344,4.37824,Nuit avec éclairage allumé,En agglomération,Hors intersection,Normale,Autre collision,,,,,,,,,,,5,2,1,1.0,6
201400027377,0014-06-23 10:30:00,14,6,23,10,30,420,218,"4, JACQUARD (PLACE)",45.4418,4.38261,Plein jour,En agglomération,Hors intersection,Normale,Autre collision,,,,,,,,,,,1,2,1,1.0,6
201400027378,0014-06-23 20:10:00,14,6,23,20,10,420,218,RONIN PAUL,45.43591,4.41578,Plein jour,En agglomération,Intersection en Y,Normale,Autre collision,,,,,,,,,,,1,2,4,1.0,6
201400027379,0014-06-25 19:00:00,14,6,25,19,0,420,218,"sans, HAVEURS (DES)",45.42392,4.37508,Plein jour,En agglomération,Intersection en T,Normale,Deux véhicules - côté,,,,,,,,,,,1,2,3,1.0,3
201400027380,0014-06-27 07:40:00,14,6,27,7,40,420,218,"49, TERRENOIRE (DE) A PA",45.43327,4.4158,Plein jour,En agglomération,Hors intersection,Normale,Deux véhicules - côté,,,,,,,,,,,1,2,1,1.0,3
201400027381,0014-06-26 14:15:00,14,6,26,14,15,420,218,"01, J. B. OGIER",45.43529,4.43095,Plein jour,En agglomération,Hors intersection,Normale,Deux véhicules - frontale,,,,,,,,,,,1,2,1,1.0,1
201400027382,0014-06-27 20:15:00,14,6,27,20,15,420,237,"2, BETHANIE (SOEUR MARIE",45.44745,4.43686,Plein jour,En agglomération,Hors intersection,Normale,Autre collision,,,,,,,,,,,1,2,1,1.0,6
201400027383,0014-07-01 03:15:00,14,7,1,3,15,420,218,VOYTIER FRANCISQUE,45.42334,4.40383,Nuit avec éclairage allumé,En agglomération,Hors intersection,Normale,Sans collision,,,,,,,,,,,5,2,1,1.0,7
201400027384,0014-07-04 18:00:00,14,7,4,18,0,420,218,R.D. N?25,45.41595,4.30055,Plein jour,Hors agglomération,Hors intersection,Pluie forte,Deux véhicules - frontale,,,,,,,,,,,1,1,1,3.0,1
201400027385,0014-07-15 12:15:00,14,7,15,12,15,420,218,"8, ROCHETAILLEE (AVENUE)",45.42077,4.398,Plein jour,En agglomération,Hors intersection,Temps couvert,Autre collision,,,,,,,,,,,1,2,1,8.0,6
201400027386,0014-07-16 18:45:00,14,7,16,18,45,420,218,"5, VALBENOITE (BD) JUSQU",45.42952,4.39474,Plein jour,En agglomération,Hors intersection,Normale,Trois véhicules et plus - en chaîne,,,,,,,,,,,1,2,1,1.0,4
201400027387,0014-07-17 18:40:00,14,7,17,18,40,420,218,"47, ROCHETAILLEE (AV",45.41757,4.4004,Plein jour,En agglomération,Hors intersection,Normale,Deux véhicules - arrière,,,,,,,,,,,1,2,1,1.0,2
201400027388,0014-07-21 09:10:00,14,7,21,9,10,420,218,PARE AMBROISE A PARTIR N,45.413,4.39243,Plein jour,En agglomération,Hors intersection,Pluie forte,Autre collision,,,,,,,,,,,1,2,1,3.0,6
201400027389,0014-07-22 22:30:00,14,7,22,22,30,420,218,"36, BEAUBRUN",45.43363,4.38187,Nuit avec éclairage allumé,En agglomération,Hors intersection,Normale,Autre collision,,,,,,,,,,,5,2,1,1.0,6
201400027390,0014-07-25 16:55:00,14,7,25,16,55,420,218,"32, MICHELET A PARTIR N?",45.43471,4.3896,Plein jour,En agglomération,Hors intersection,Pluie forte,Autre collision,,,,,,,,,,,1,2,1,3.0,6
201400027391,0014-08-01 21:50:00,14,8,1,21,50,420,218,"10, PARE AMBROISE JUSQU'",45.41144,4.38983,Nuit sans éclairage public,En agglomération,Hors intersection,Pluie forte,Deux véhicules - côté,,,,,,,,,,,3,2,1,3.0,3
201400027392,0014-08-15 09:30:00,14,8,15,9,30,420,218,"20, CHAVASSIEUX JUSQU'AU",45.44602,4.36793,Plein jour,En agglomération,Hors intersection,Normale,Sans collision,,,,,,,,,,,1,2,1,1.0,7
201400027393,0014-08-23 05:20:00,14,8,23,5,20,420,218,"IGNORE, PARMENTIER A PAR",45.41439,4.40083,Nuit avec éclairage allumé,En agglomération,Intersection en X,Normale,Deux véhicules - côté,,,,,,,,,,,5,2,2,1.0,3
201400027394,0014-08-23 13:50:00,14,8,23,13,50,420,305,"ignor?, HUGO VICTOR",45.48232,4.43815,Plein jour,En agglomération,Intersection en X,Normale,Deux véhicules - côté,,,,,,,,,,,1,2,2,1.0,3
201400027395,0014-08-23 18:30:00,14,8,23,18,30,420,218,"IGNORE, POURCEL ALEXANDR",45.42393,4.39615,Plein jour,En agglomération,Intersection en X,Normale,Deux véhicules - côté,,,,,,,,,,,1,2,2,1.0,3
201400027396,0014-08-28 20:31:00,14,8,28,20,31,420,218,"15, CHARCOT DOCTEURS JUS",45.42235,4.39223,Crépuscule ou aube,En agglomération,Hors intersection,Normale,Sans collision,,,,,,,,,,,2,2,1,1.0,7
201400027397,0014-09-06 11:50:00,14,9,6,11,50,420,330,"29, THIERS",45.46609,4.36948,Plein jour,En agglomération,Hors intersection,Normale,Autre collision,,,,,,,,,,,1,2,1,1.0,6
201400027398,0014-09-08 01:50:00,14,9,8,1,50,420,218,"38, ALLIES JUSQU'AUX N?",45.43979,4.40169,Nuit avec éclairage allumé,En agglomération,Hors intersection,Normale,Autre collision,,,,,,,,,,,5,2,1,1.0,6
201400027399,0014-09-08 15:20:00,14,9,8,15,20,420,218,"130, MONTAT (DE LA) A PA",45.44383,4.41629,Plein jour,En agglomération,Hors intersection,Pluie forte,Autre collision,,,,,,,,,,,1,2,1,3.0,6
201400027400,0014-09-11 11:55:00,14,9,11,11,55,420,218,"7, ODDE CLAUDE",45.45953,4.38506,Plein jour,En agglomération,Hors intersection,Normale,Deux véhicules - côté,,,,,,,,,,,1,2,1,1.0,3
201400027401,0014-09-14 20:20:00,14,9,14,20,20,420,218,ROOSEVELT FRANKLIN (SQUA,45.421,4.41083,Nuit avec éclairage non allumé,En agglomération,Giratoire,Normale,Deux véhicules - arrière,,,,,,,,,,,4,2,6,1.0,2
201400027402,0014-09-15 19:00:00,14,9,15,19,0,420,218,"22 bis, JANIN JULES (BD)",45.44784,4.38796,Plein jour,En agglomération,Hors intersection,Pluie forte,Deux véhicules - arrière,,,,,,,,,,,1,2,1,3.0,2
201400027403,0014-09-15 08:30:00,14,9,15,8,30,420,218,CONDAMINE (LIEU DIT),45.44849,4.28264,Plein jour,Hors agglomération,Hors intersection,Normale,Trois véhicules et plus - collisions multiples,,,,,,,,,,,1,1,1,1.0,5
201400027404,0014-09-16 21:10:00,14,9,16,21,10,420,218,LATTRE DE TASSIGNY MARCH,45.44065,4.36953,Nuit avec éclairage allumé,En agglomération,Hors intersection,Normale,Deux véhicules - côté,,,,,,,,,,,5,2,1,1.0,3
201400027405,0014-09-18 11:50:00,14,9,18,11,50,420,218,"29, SAINT JEAN",45.43745,4.39033,Plein jour,En agglomération,Hors intersection,Normale,Autre collision,,,,,,,,,,,1,2,1,1.0,6
201400027406,0014-09-19 22:55:00,14,9,19,22,55,420,218,ALLARD MARCELLIN,45.4367,4.39256,Nuit avec éclairage allumé,En agglomération,Intersection en X,Normale,Deux véhicules - côté,,,,,,,,,,,5,2,2,1.0,3
201400027407,0014-09-16 16:10:00,14,9,16,16,10,420,218,"02, BARROUIN JUSQU'AUX N",45.45391,4.38359,Plein jour,En agglomération,Hors intersection,Normale,Autre collision,,,,,,,,,,,1,2,1,1.0,6
201400027408,0014-09-23 23:35:00,14,9,23,23,35,420,218,"01, HOTEL DE VILLE (PLAC",45.43967,4.38779,Nuit avec éclairage allumé,En agglomération,Intersection en T,Normale,Autre collision,,,,,,,,,,,5,2,3,1.0,6
201400027409,0014-09-23 21:00:00,14,9,23,21,0,420,218,"01, CHARCOT DOCTEURS JUS",45.42312,4.39193,Nuit avec éclairage allumé,En agglomération,Hors intersection,Normale,Autre collision,,,,,,,,,,,5,2,1,1.0,6
201400027410,0014-09-26 16:30:00,14,9,26,16,30,420,237,BONNEFONDS LA SOURCE (LI,45.45298,4.44744,Plein jour,Hors agglomération,Hors intersection,Normale,Autre collision,,,,,,,,,,,1,1,1,1.0,6
201400027411,0014-09-26 18:35:00,14,9,26,18,35,420,218,"133, MONTAT (DE LA) A PA",45.44395,4.41579,Plein jour,En agglomération,Hors intersection,Normale,Autre collision,,,,,,,,,,,1,2,1,1.0,6
201400027412,0014-09-29 08:10:00,14,9,29,8,10,420,223,BOIS (ALLEE DU),45.45272,4.33063,Plein jour,En agglomération,Hors intersection,Pluie forte,Deux véhicules - arrière,,,,,,,,,,,1,2,1,3.0,2
201400027413,0014-09-29 11:15:00,14,9,29,11,15,420,218,"ignore, BUFFON",45.41619,4.39071,Plein jour,En agglomération,Intersection en X,Normale,Deux véhicules - côté,,,,,,,,,,,1,2,2,1.0,3
201400027414,0014-10-02 05:55:00,14,10,2,5,55,420,218,"54, MONTAT (DE LA) JUSQU",45.44127,4.40476,Nuit avec éclairage allumé,En agglomération,Intersection en X,Normale,Deux véhicules - côté,,,,,,,,,,,5,2,2,1.0,3
201400027415,0014-09-26 16:30:00,14,9,26,16,30,420,218,"99 BIS, FAURIEL (COURS)",45.42292,4.4093,Plein jour,En agglomération,Hors intersection,Normale,Deux véhicules - côté,,,,,,,,,,,1,2,1,1.0,3
201400027416,0014-10-03 10:30:00,14,10,3,10,30,420,218,"1, FAURIEL (COURS)",45.43155,4.39559,Plein jour,En agglomération,Hors intersection,Normale,Autre collision,,,,,,,,,,,1,2,1,1.0,6
201400027417,0014-10-04 11:25:00,14,10,4,11,25,420,218,DE LATTRE DE TASSIGNY MA,45.44108,4.36966,Plein jour,En agglomération,Intersection en T,Normale,Deux véhicules - côté,,,,,,,,,,,1,2,3,1.0,3
201400027418,0014-10-03 15:35:00,14,10,3,15,35,420,223,"9, REPUBLIQUE",45.44589,4.33669,Plein jour,En agglomération,Hors intersection,Normale,Deux véhicules - côté,,,,,,,,,,,1,2,1,1.0,3
201400027419,0014-10-03 17:05:00,14,10,3,17,5,420,330,"sans, THIERS",45.46878,4.36559,Plein jour,En agglomération,Hors intersection,Normale,Autre collision,,,,,,,,,,,1,2,1,1.0,6
201400027420,0014-10-07 15:10:00,14,10,7,15,10,420,218,"IGNORE, THIERRY AUGUSTIN",45.44683,4.38375,Plein jour,En agglomération,Intersection en X,Normale,Deux véhicules - côté,,,,,,,,,,,1,2,2,1.0,3
201400027421,0014-10-07 20:05:00,14,10,7,20,5,420,218,"16, CHAIZE NICOLAS JUSQU",45.41823,4.3961,Crépuscule ou aube,En agglomération,Hors intersection,Normale,Autre collision,,,,,,,,,,,2,2,1,1.0,6
201400027422,0014-10-13 18:15:00,14,10,13,18,15,420,218,", MONTGOLFIER",45.44689,4.38638,Plein jour,En agglomération,Intersection en X,Pluie légère,Autre collision,,,,,,,,,,,1,2,2,2.0,6
201400027423,0014-10-11 13:45:00,14,10,11,13,45,420,275,"SANS, MENDES FRANCE PIER",45.47412,4.36796,Plein jour,En agglomération,Passage à niveau,Normale,Autre collision,,,,,,,,,,,1,2,8,1.0,6
201400027424,0014-10-13 09:40:00,14,10,13,9,40,420,218,MADAGASCAR,45.42562,4.42119,Plein jour,En agglomération,Intersection en X,Normale,Deux véhicules - côté,,,,,,,,,,,1,2,2,1.0,3
201400027425,0014-10-24 03:54:00,14,10,24,3,54,420,218,"22, REVOLLIER J-FRANCOIS",45.45552,4.37709,Nuit avec éclairage allumé,En agglomération,Hors intersection,Normale,Sans collision,,,,,,,,,,,5,2,1,1.0,7
201400027426,0014-10-24 17:10:00,14,10,24,17,10,420,218,"IGNORE, PARC (DU)",45.40977,4.44621,Plein jour,En agglomération,Intersection en T,Normale,Deux véhicules - côté,,,,,,,,,,,1,2,3,1.0,3
201400027427,0014-10-25 07:30:00,14,10,25,7,30,420,218,"7, MARX KARL (BOULEVARD)",45.42597,4.41394,Crépuscule ou aube,En agglomération,Hors intersection,Normale,Deux véhicules - côté,,,,,,,,,,,2,2,1,1.0,3
201400027428,0014-10-25 17:05:00,14,10,25,17,5,420,218,La Barbanche,45.38949,4.4784,Plein jour,Hors agglomération,Hors intersection,Normale,Autre collision,,,,,,,,,,,1,1,1,1.0,6
201400027429,0014-10-26 04:00:00,14,10,26,4,0,420,218,"07, SAINT JOSEPH JUSQU'A",45.44194,4.37713,Nuit avec éclairage allumé,En agglomération,Hors intersection,Normale,Autre collision,,,,,,,,,,,5,2,1,1.0,6
201400027430,0014-10-26 19:25:00,14,10,26,19,25,420,218,"IGNORE, TULIPES (DES)",45.46894,4.39408,Nuit avec éclairage allumé,En agglomération,Intersection en T,Normale,Deux véhicules - côté,,,,,,,,,,,5,2,3,1.0,3
201400027431,0014-10-27 18:15:00,14,10,27,18,15,420,218,"ignor?, TALAUDIERE (DE L",45.45605,4.4143,Nuit avec éclairage allumé,En agglomération,Hors intersection,Normale,Deux véhicules - côté,,,,,,,,,,,5,2,1,1.0,3
201400027432,0014-10-30 07:30:00,14,10,30,7,30,420,305,"ignor?, HUGO VICTOR",45.48231,4.43815,Plein jour,En agglomération,Hors intersection,Normale,Deux véhicules - côté,,,,,,,,,,,1,2,1,1.0,3
201400027433,0014-10-31 10:07:00,14,10,31,10,7,420,218,"139, PERI GABRIEL A PART",45.40711,4.38012,Plein jour,En agglomération,Hors intersection,Normale,Trois véhicules et plus - en chaîne,,,,,,,,,,,1,2,1,1.0,4
201400027434,0014-10-31 17:15:00,14,10,31,17,15,420,218,"ignor?, MOLINA (DE)",45.46609,4.39888,Plein jour,En agglomération,Intersection en X,Normale,Deux véhicules - côté,,,,,,,,,,,1,2,2,1.0,3
201400027435,0014-11-07 13:10:00,14,11,7,13,10,420,218,"ignor?, CANCET ROBERT",45.43838,4.40202,Plein jour,En agglomération,Hors intersection,Normale,Autre collision,,,,,,,,,,,1,2,1,1.0,6
201400027436,0014-11-07 18:30:00,14,11,7,18,30,420,330,ROCADE OUEST,45.47474,4.34561,Crépuscule ou aube,Hors agglomération,Hors intersection,Normale,Trois véhicules et plus - en chaîne,,,,,,,,,,,2,1,1,1.0,4
201400027437,0014-11-11 18:27:00,14,11,11,18,27,420,218,"IGNORE, MENDES FRANCE PI",45.43737,4.37875,Nuit avec éclairage allumé,En agglomération,Hors intersection,Normale,Autre collision,,,,,,,,,,,5,2,1,1.0,6
201400027438,0014-11-13 01:40:00,14,11,13,1,40,420,275,"8 BIS, REPUBLIQUE",45.46948,4.37828,Nuit avec éclairage allumé,En agglomération,Hors intersection,Normale,Autre collision,,,,,,,,,,,5,2,1,1.0,6
201400027439,0014-11-13 08:25:00,14,11,13,8,25,420,218,"1, CHARCOT DOCTEURS JUSQ",45.423,4.39179,Plein jour,En agglomération,Passage à niveau,Normale,Autre collision,,,,,,,,,,,1,2,8,1.0,6
201400027440,0014-11-15 21:25:00,14,11,15,21,25,420,218,"99, SAINT SIMON",45.4524,4.3659,Nuit avec éclairage non allumé,En agglomération,Hors intersection,Normale,Autre collision,,,,,,,,,,,4,2,1,1.0,6
201400027441,0014-11-26 18:20:00,14,11,26,18,20,420,189,ROCADE OUEST,45.42798,4.35448,Nuit sans éclairage public,Hors agglomération,Hors intersection,Normale,Deux véhicules - arrière,,,,,,,,,,,3,1,1,1.0,2
201400027442,0014-11-27 08:35:00,14,11,27,8,35,420,218,TROIS GLORIEUSES (DES),45.46782,4.38349,Plein jour,En agglomération,Hors intersection,Normale,Deux véhicules - côté,,,,,,,,,,,1,2,1,1.0,3
201400027443,0014-11-27 10:50:00,14,11,27,10,50,420,218,"ignor?, FRAISSINETTE ALE",45.42512,4.4206,Plein jour,En agglomération,Intersection en X,Normale,Deux véhicules - côté,,,,,,,,,,,1,2,2,1.0,3
201400027444,0014-12-03 18:05:00,14,12,3,18,5,420,218,"ignor?, ONZE NOVEMBRE A",45.43028,4.38966,Nuit avec éclairage allumé,En agglomération,Hors intersection,Normale,Autre collision,,,,,,,,,,,5,2,1,1.0,6
201400027445,0014-12-03 18:10:00,14,12,3,18,10,420,218,"32 A, ROCHETAILLEE (AVEN",45.41822,4.39994,Nuit avec éclairage allumé,En agglomération,Hors intersection,Pluie légère,Trois véhicules et plus - en chaîne,,,,,,,,,,,5,2,1,2.0,4
201400027446,0014-12-08 15:15:00,14,12,8,15,15,420,218,"ignor?, VERNEY CARRON CL",45.46369,4.38176,Plein jour,En agglomération,Intersection en X,Pluie légère,Deux véhicules - côté,,,,,,,,,,,1,2,2,2.0,3
201400027447,0014-12-08 07:48:00,14,12,8,7,48,420,218,"40, MIMARD ETIENNE A PAR",45.43923,4.39759,Crépuscule ou aube,En agglomération,Hors intersection,Pluie légère,Autre collision,,,,,,,,,,,2,2,1,2.0,6
201400027448,0014-12-12 17:23:00,14,12,12,17,23,420,218,"ignor?, THIERS (BOULEVAR",45.45033,4.39001,Nuit avec éclairage allumé,En agglomération,Hors intersection,Normale,Autre collision,,,,,,,,,,,5,2,1,1.0,6
201400027449,0014-12-14 17:27:00,14,12,14,17,27,420,237,ONZE NOVEMBRE (PLACE DU),45.45233,4.44736,Plein jour,En agglomération,Hors intersection,Normale,Deux véhicules - frontale,,,,,,,,,,,1,2,1,1.0,1
201400027450,0014-12-12 17:25:00,14,12,12,17,25,420,189,"14, MARECHAL LECLERC (BO",45.43263,4.32694,Nuit avec éclairage allumé,En agglomération,Hors intersection,Normale,Autre collision,,,,,,,,,,,5,2,1,1.0,6
201400027451,0014-12-11 17:14:00,14,12,11,17,14,420,218,"ignor?, ACIERIES (DES)",45.45359,4.39071,Crépuscule ou aube,En agglomération,Intersection en X,Normale,Deux véhicules - frontale,,,,,,,,,,,2,2,2,1.0,1
201400027452,0014-12-17 17:00:00,14,12,17,17,0,420,218,"IGNORE, BERGSON A PARTIR",45.4563,4.38254,Plein jour,En agglomération,Hors intersection,Normale,Trois véhicules et plus - collisions multiples,,,,,,,,,,,1,2,1,1.0,5
201400027453,0014-12-27 10:10:00,14,12,27,10,10,420,330,"ignor?, ROCADE OUEST",45.47954,4.34818,Plein jour,Hors agglomération,Hors intersection,Normale,Autre collision,,,,,,,,,,,1,1,1,1.0,6
201400027454,0014-12-28 05:55:00,14,12,28,5,55,420,218,"02, AMOUROUX JUSQU'AUX N",45.41378,4.39604,Nuit avec éclairage allumé,En agglomération,Intersection en X,Neige / grêle,Autre collision,,,,,,,,,,,5,2,2,4.0,6
201400027455,0014-01-13 17:50:00,14,1,13,17,50,430,251,R ST BENOIT/R CH MASSOT,,,Nuit avec éclairage allumé,En agglomération,Hors intersection,Pluie légère,Autre collision,,,,,,,,,,,5,2,1,2.0,6
201400027456,0014-01-16 08:00:00,14,1,16,8,0,430,157,15 RTE DE MONTREDON,,,Plein jour,En agglomération,Hors intersection,Pluie légère,Autre collision,,,,,,,,,,,1,2,1,2.0,6
201400027457,0014-01-27 23:10:00,14,1,27,23,10,430,157,VAL-VERT (AVENUE DU),,,Nuit avec éclairage allumé,En agglomération,Intersection en X,Normale,Deux véhicules - côté,,,,,,,,,,,5,2,2,1.0,3
201400027458,0014-02-07 13:50:00,14,2,7,13,50,430,157,"19, BELGES (AV. DES)",45.0472,3.89622,Plein jour,En agglomération,Hors intersection,Normale,Trois véhicules et plus - en chaîne,,,,,,,,,,,1,2,1,1.0,4
201400027459,0014-02-03 11:15:00,14,2,3,11,15,430,89,1 AV D'AIGUILHE,45.0515,3.86994,Plein jour,En agglomération,Intersection en T,Normale,Deux véhicules - arrière,,,,,,,,,,,1,2,3,1.0,2
201400027460,0014-02-07 19:45:00,14,2,7,19,45,430,41,RDPT CORSAC,45.0496,3.91375,Nuit avec éclairage allumé,En agglomération,Giratoire,Normale,Deux véhicules - côté,,,,,,,,,,,5,2,6,1.0,3
201400027461,0014-03-19 12:10:00,14,3,19,12,10,430,89,D 590,45.0582,3.83945,Plein jour,Hors agglomération,Hors intersection,Normale,Deux véhicules - frontale,,,,,,,,,,,1,1,1,1.0,1
201400027462,0014-04-14 08:35:00,14,4,14,8,35,430,157,13 AV ANDR? SOULIER,,,Plein jour,En agglomération,Hors intersection,Normale,Autre collision,,,,,,,,,,,1,2,1,1.0,6
201400027463,0014-04-11 12:20:00,14,4,11,12,20,430,157,AV DU G?N?RAL DE GAULLE,,,Plein jour,En agglomération,Hors intersection,Normale,Autre collision,,,,,,,,,,,1,2,1,1.0,6
201400027464,0014-05-13 14:05:00,14,5,13,14,5,430,157,CARF DE MONTREDON,45.0556,3.90274,Plein jour,Hors agglomération,Intersection en T,Pluie légère,Deux véhicules - côté,,,,,,,,,,,1,1,3,2.0,3
201400027465,0014-05-21 13:55:00,14,5,21,13,55,430,157,BD GAMBETTA,45.0447,3.87826,Plein jour,En agglomération,Intersection en T,Normale,Deux véhicules - côté,,,,,,,,,,,1,2,3,1.0,3
201400027466,0014-06-03 18:55:00,14,6,3,18,55,430,41,70 AV CHARLES DUPUY,45.0524,3.91131,Plein jour,En agglomération,Hors intersection,Normale,Autre collision,,,,,,,,,,,1,2,1,1.0,6
201400027467,0014-06-05 16:50:00,14,6,5,16,50,430,157,AV DU MAR?CHAL JOFFRE,45.0312,3.88541,Plein jour,En agglomération,Hors intersection,Normale,Autre collision,,,,,,,,,,,1,2,1,1.0,6
201400027468,0014-06-10 17:15:00,14,6,10,17,15,430,41,,45.0499,3.91668,Plein jour,Hors agglomération,Intersection en T,Normale,Deux véhicules - côté,,,,,,,,,,,1,1,3,1.0,3
201400027469,0014-06-10 20:05:00,14,6,10,20,5,430,157,30 AV FOCH,45.0399,3.88824,Plein jour,En agglomération,Hors intersection,Normale,Autre collision,,,,,,,,,,,1,2,1,1.0,6
201400027470,0014-06-08 20:10:00,14,6,8,20,10,430,157,,,,Plein jour,En agglomération,Intersection en X,Normale,Deux véhicules - côté,,,,,,,,,,,1,2,2,1.0,3
201400027471,0014-06-11 20:20:00,14,6,11,20,20,430,157,COT DE TIREBOEUF,45.05,3.90307,Plein jour,En agglomération,Hors intersection,Normale,Autre collision,,,,,,,,,,,1,2,1,1.0,6
201400027472,0014-06-12 10:35:00,14,6,12,10,35,430,41,RDPT DE LA CHARTREUSE,45.0552,3.90904,Plein jour,En agglomération,Giratoire,Normale,Deux véhicules - côté,,,,,,,,,,,1,2,6,1.0,3
201400027473,0014-06-20 17:25:00,14,6,20,17,25,430,157,BD DE CLUNY,45.048,3.89334,Plein jour,En agglomération,Intersection en X,Normale,Deux véhicules - côté,,,,,,,,,,,1,2,2,1.0,3
201400027474,0014-06-26 11:50:00,14,6,26,11,50,430,45,AV DE LA BERNARDE,45.0572,3.83112,Plein jour,Hors agglomération,Hors intersection,Normale,Autre collision,,,,,,,,,,,1,1,1,1.0,6
201400027475,0014-07-13 14:45:00,14,7,13,14,45,430,157,35 BD SAINT LOUIS,45.0428,3.88038,Plein jour,En agglomération,Hors intersection,Normale,Autre collision,,,,,,,,,,,1,2,1,1.0,6
201400027476,0014-07-17 01:50:00,14,7,17,1,50,430,251,AV DE VALS,45.0299,3.8759,Nuit avec éclairage allumé,En agglomération,Hors intersection,Normale,Autre collision,,,,,,,,,,,5,2,1,1.0,6
201400027477,0014-08-06 16:45:00,14,8,6,16,45,430,89,RTE DE SAUGUES/CHM DE CO,45.0356,3.86515,Plein jour,Hors agglomération,Intersection en T,Normale,Deux véhicules - côté,,,,,,,,,,,1,1,3,1.0,3
201400027478,0014-08-16 13:40:00,14,8,16,13,40,430,157,RN 88 GORGES DU LION,45.0158,3.88291,Plein jour,Hors agglomération,Hors intersection,Normale,Deux véhicules - frontale,,,,,,,,,,,1,1,1,1.0,1
201400027479,0014-08-29 12:10:00,14,8,29,12,10,430,157,88 (ROUTE NATIONALE),45.0193,3.88647,Plein jour,Hors agglomération,Hors intersection,Normale,Autre collision,,,,,,,,,,,1,1,1,1.0,6
201400027480,0014-09-02 20:49:00,14,9,2,20,49,430,157,"53, BD ST-LOUIS",45.0439,3.88014,Crépuscule ou aube,En agglomération,Hors intersection,Normale,Deux véhicules - côté,,,,,,,,,,,2,2,1,1.0,3
201400027481,0014-09-13 16:10:00,14,9,13,16,10,430,157,"18, GAZELLE (RUE DE LA)",,,Plein jour,En agglomération,Hors intersection,Normale,Autre collision,,,,,,,,,,,1,2,1,1.0,6
201400027482,0014-09-17 14:30:00,14,9,17,14,30,430,251,"61, AV DE VALS",45.0319,3.87828,Plein jour,En agglomération,Hors intersection,Normale,Autre collision,,,,,,,,,,,1,2,1,1.0,6
201400027483,0014-09-16 18:30:00,14,9,16,18,30,430,157,49 BIS BD SAINT LOUIS,45.0446,3.87998,Crépuscule ou aube,En agglomération,Hors intersection,Normale,Autre collision,,,,,,,,,,,2,2,1,1.0,6
201400027484,0014-09-21 18:30:00,14,9,21,18,30,430,157,5 RUE DE COMPOSTELLE,,,Nuit avec éclairage allumé,En agglomération,Hors intersection,Normale,Deux véhicules - frontale,,,,,,,,,,,5,2,1,1.0,1
201400027485,0014-09-07 16:25:00,14,9,7,16,25,430,46,PONT LAFAYETTE,45.056,3.90059,Plein jour,En agglomération,Intersection en T,Normale,Deux véhicules - côté,,,,,,,,,,,1,2,3,1.0,3
201400027486,0014-09-30 10:15:00,14,9,30,10,15,430,157,RUE PIERRET,,,Plein jour,En agglomération,Hors intersection,Normale,Autre collision,,,,,,,,,,,1,2,1,1.0,6
201400027487,0014-10-07 07:40:00,14,10,7,7,40,430,157,RTE DE MONTREDON,,,Crépuscule ou aube,En agglomération,Hors intersection,Normale,Deux véhicules - côté,,,,,,,,,,,2,2,1,1.0,3
201400027488,0014-10-09 22:30:00,14,10,9,22,30,430,46,16 MONTEE DE CHADRAC,,,Nuit avec éclairage allumé,En agglomération,Hors intersection,Pluie forte,Deux véhicules - frontale,,,,,,,,,,,5,2,1,3.0,1
201400027489,0014-10-11 17:20:00,14,10,11,17,20,430,251,"16, MASSOT (RUE CHARLES)",,,Plein jour,En agglomération,Hors intersection,Normale,Deux véhicules - côté,,,,,,,,,,,1,2,1,1.0,3
201400027490,0014-10-20 11:40:00,14,10,20,11,40,430,41,AV DE COUBON,45.043,3.92798,Plein jour,En agglomération,Autre intersection,Normale,Autre collision,,,,,,,,,,,1,2,9,1.0,6