accident_id,datetime,annee,mois,jour,heure,minute,departement,commune_insee,adresse,latitude,longitude,luminosite,agglomeration,intersection,meteo,collision,nb_vehicules,nb_usagers,nb_indemnes,nb_tues,nb_blesses_hosp,nb_blesses_legers,age_cond_1,age_cond_2,veh_type_cond_1,veh_type_cond_2,lum_code,agg_code,int_code,atm_code,col_code
201400027491,0014-10-31 10:45:00,14,10,31,10,45,430,157,RUE SIMONE WEIL,,,Plein jour,En agglomération,Hors intersection,Normale,Autre collision,,,,,,,,,,,1,2,1,1.0,6
201400027492,0014-10-30 13:00:00,14,10,30,13,0,430,157,BD MAR?CHAL FAYOLLE,,,Plein jour,En agglomération,Hors intersection,Normale,Autre collision,,,,,,,,,,,1,2,1,1.0,6
201400027493,0014-11-07 16:10:00,14,11,7,16,10,430,41,RUE DE LA TRANSCEVENOLE,,,Plein jour,En agglomération,Hors intersection,Normale,Autre collision,,,,,,,,,,,1,2,1,1.0,6
201400027494,0014-11-21 20:20:00,14,11,21,20,20,430,89,AV DE LA BERNARDE,45.0477,3.85557,Crépuscule ou aube,En agglomération,Hors intersection,Normale,Autre collision,,,,,,,,,,,2,2,1,1.0,6
201400027495,0014-12-21 18:30:00,14,12,21,18,30,430,41,141 AV CHARLES DUPUY,45.0528,3.91089,Nuit avec éclairage allumé,En agglomération,Hors intersection,Normale,Autre collision,,,,,,,,,,,5,2,1,1.0,6
201400027496,0014-04-15 19:30:00,14,4,15,19,30,430,157,17 AV ST FLORY/AV MECHED,,,Plein jour,En agglomération,Intersection en X,Normale,Deux véhicules - côté,,,,,,,,,,,1,2,2,1.0,3
201400027497,0014-02-12 17:35:00,14,2,12,17,35,440,55,"NS, NEYMAN ( AVENUE JEAN",,,Plein jour,En agglomération,Hors intersection,Normale,Sans collision,,,,,,,,,,,1,2,1,1.0,7
201400027498,0014-02-21 12:30:00,14,2,21,12,30,440,55,"NS, LILAS ( AVENUE DES )",,,Plein jour,En agglomération,Intersection en X,Normale,Deux véhicules - côté,,,,,,,,,,,1,2,2,1.0,3
201400027499,0014-02-22 18:25:00,14,2,22,18,25,440,55,"NS, CAILLAUD ( BOULEVARD",,,Plein jour,En agglomération,Hors intersection,Normale,Sans collision,,,,,,,,,,,1,2,1,1.0,7
201400027500,0014-02-23 00:01:00,14,2,23,0,1,440,55,"NS, PALMIERS ( PLACE DES",,,Nuit avec éclairage allumé,En agglomération,Giratoire,Normale,Sans collision,,,,,,,,,,,5,2,6,1.0,7
201400027501,0014-03-07 08:25:00,14,3,7,8,25,440,55,RD 213,,,Plein jour,Hors agglomération,Hors intersection,Normale,Sans collision,,,,,,,,,,,1,1,1,1.0,7
201400027502,0014-03-12 08:40:00,14,3,12,8,40,440,135,"NS, OC?AN ( AVENUE DE L'",,,Plein jour,En agglomération,Intersection en T,Normale,Autre collision,,,,,,,,,,,1,2,3,1.0,6
201400027503,0014-03-17 19:00:00,14,3,17,19,0,440,55,"18, DUBOIS ( BOULEVARD D",,,Nuit avec éclairage allumé,En agglomération,Intersection en T,Normale,Deux véhicules - côté,,,,,,,,,,,5,2,3,1.0,3
201400027504,0014-03-26 15:25:00,14,3,26,15,25,440,135,"NS, DE GAULLE ( BOULEVAR",,,Plein jour,En agglomération,Intersection en T,Normale,Deux véhicules - côté,,,,,,,,,,,1,2,3,1.0,3
201400027505,0014-03-30 13:50:00,14,3,30,13,50,440,132,"140, OCEANIDES (BOULEVAR",,,Plein jour,En agglomération,Hors intersection,Normale,Autre collision,,,,,,,,,,,1,2,1,1.0,6
201400027506,0014-04-04 17:20:00,14,4,4,17,20,440,55,"71, OCEAN ( BOULEVARD DE",,,Plein jour,En agglomération,Hors intersection,Temps éblouissant,Autre collision,,,,,,,,,,,1,2,1,7.0,6
201400027507,0014-04-08 14:00:00,14,4,8,14,0,440,132,OCEANIDES (BD),,,Plein jour,En agglomération,Giratoire,Normale,Deux véhicules - côté,,,,,,,,,,,1,2,6,1.0,3
201400027508,0014-04-09 16:10:00,14,4,9,16,10,440,55,"NS, LILAS ( AVENUE DES )",,,Plein jour,En agglomération,Hors intersection,Normale,Deux véhicules - frontale,,,,,,,,,,,1,2,1,1.0,1
201400027509,0014-04-12 12:40:00,14,4,12,12,40,440,55,"NS, RD 213",,,Plein jour,Hors agglomération,Hors intersection,Normale,Deux véhicules - arrière,,,,,,,,,,,1,1,1,1.0,2
201400027510,0014-04-15 19:00:00,14,4,15,19,0,440,55,"NS, MOULINS DE ROCHEFORT",,,Plein jour,En agglomération,Intersection en T,Normale,Deux véhicules - côté,,,,,,,,,,,1,2,3,1.0,3
201400027511,0014-04-16 14:55:00,14,4,16,14,55,440,55,"48, NO?LLES ( AVENUE DES",,,Plein jour,En agglomération,Hors intersection,Normale,Deux véhicules - côté,,,,,,,,,,,1,2,1,1.0,3
201400027512,0014-04-17 00:30:00,14,4,17,0,30,440,132,"119, GAULLE (AVENUE DU G",,,Nuit avec éclairage allumé,En agglomération,Hors intersection,Normale,Sans collision,,,,,,,,,,,5,2,1,1.0,7
201400027513,0014-04-18 17:40:00,14,4,18,17,40,440,55,"265, LATTRE DE TASSIGNY",,,Plein jour,En agglomération,Hors intersection,Normale,Trois véhicules et plus - en chaîne,,,,,,,,,,,1,2,1,1.0,4
201400027514,0014-04-20 17:40:00,14,4,20,17,40,440,55,D 213,,,Plein jour,Hors agglomération,Hors intersection,Normale,Sans collision,,,,,,,,,,,1,1,1,1.0,7
201400027515,0014-04-20 22:55:00,14,4,20,22,55,440,55,"55, M?SOR? ( CHEMIN DE )",,,Nuit avec éclairage allumé,En agglomération,Hors intersection,Normale,Autre collision,,,,,,,,,,,5,2,1,1.0,6
201400027516,0014-04-23 16:20:00,14,4,23,16,20,440,132,"52, OCEANIDES (BOULEVARD",,,Plein jour,En agglomération,Hors intersection,Pluie légère,Sans collision,,,,,,,,,,,1,2,1,2.0,7
201400027517,0014-04-30 09:50:00,14,4,30,9,50,440,55,"NS, OC?AN ( BOULEVARD DE",,,Plein jour,En agglomération,Giratoire,Normale,Deux véhicules - côté,,,,,,,,,,,1,2,6,1.0,3
201400027518,0014-04-30 12:05:00,14,4,30,12,5,440,55,"NS, R?GALES ( AVENUE DES",,,Plein jour,En agglomération,Intersection en X,Normale,Deux véhicules - côté,,,,,,,,,,,1,2,2,1.0,3
201400027519,0014-05-04 14:35:00,14,5,4,14,35,440,55,"NS, ETOILE ( AVENUE DE L",,,Plein jour,En agglomération,Intersection en X,Normale,Deux véhicules - frontale,,,,,,,,,,,1,2,2,1.0,1
201400027520,0014-05-06 22:40:00,14,5,6,22,40,440,55,"NS, DUBOIS ( BOULEVARD D",,,Nuit avec éclairage allumé,En agglomération,Hors intersection,Normale,Autre collision,,,,,,,,,,,5,2,1,1.0,6
201400027521,0014-05-08 20:55:00,14,5,8,20,55,440,55,"NS, CAILLAUD ( BOULEVARD",,,Plein jour,En agglomération,Intersection en T,Pluie légère,Deux véhicules - côté,,,,,,,,,,,1,2,3,2.0,3
201400027522,0014-05-27 08:40:00,14,5,27,8,40,440,132,"NS, D 392",,,Plein jour,Hors agglomération,Hors intersection,Normale,Deux véhicules - frontale,,,,,,,,,,,1,1,1,1.0,1
201400027523,0014-05-28 18:45:00,14,5,28,18,45,440,132,"5, SAINT SEBASTIEN (AVEN",,,Plein jour,En agglomération,Hors intersection,Normale,Deux véhicules - arrière,,,,,,,,,,,1,2,1,1.0,2
201400027524,0014-05-30 12:15:00,14,5,30,12,15,440,55,"4, DARLU ( BOULEVARD )",,,Plein jour,En agglomération,Hors intersection,Normale,Deux véhicules - arrière,,,,,,,,,,,1,2,1,1.0,2
201400027525,0014-05-31 02:45:00,14,5,31,2,45,440,55,LOCMARIAQUER ( AVENUE DE,,,Nuit avec éclairage allumé,En agglomération,Hors intersection,Normale,Autre collision,,,,,,,,,,,5,2,1,1.0,6
201400027526,0014-06-01 02:15:00,14,6,1,2,15,440,132,"151, GAULLE (AVENUE DU G",,,Nuit avec éclairage allumé,En agglomération,Hors intersection,Normale,Sans collision,,,,,,,,,,,5,2,1,1.0,7
201400027527,0014-06-23 07:30:00,14,6,23,7,30,440,55,"NS, OC?AN ( BOULEVARD DE",,,Plein jour,En agglomération,Giratoire,Normale,Autre collision,,,,,,,,,,,1,2,6,1.0,6
201400027528,0014-06-27 16:15:00,14,6,27,16,15,440,132,"54, OCEANIDES (BOULEVARD",,,Plein jour,En agglomération,Hors intersection,Normale,Autre collision,,,,,,,,,,,1,2,1,1.0,6
201400027529,0014-06-29 00:15:00,14,6,29,0,15,440,55,"NS, PIERRE PERC?E ( AVEN",,,Nuit avec éclairage allumé,En agglomération,Intersection en X,Normale,Deux véhicules - côté,,,,,,,,,,,5,2,2,1.0,3
201400027530,0014-07-04 07:55:00,14,7,4,7,55,440,55,"NS, RD 213",,,Plein jour,Hors agglomération,Hors intersection,Normale,Sans collision,,,,,,,,,,,1,1,1,1.0,7
201400027531,0014-07-10 14:35:00,14,7,10,14,35,440,55,"1, FONTAINES ( AVENUE DE",,,Plein jour,En agglomération,Giratoire,Normale,Deux véhicules - côté,,,,,,,,,,,1,2,6,1.0,3
201400027532,0014-07-11 13:15:00,14,7,11,13,15,440,55,"NS, LILAS ( AVENUE DES )",,,Plein jour,En agglomération,Autre intersection,Normale,Deux véhicules - arrière,,,,,,,,,,,1,2,9,1.0,2
201400027533,0014-07-13 08:10:00,14,7,13,8,10,440,55,"05, CHAMPSAVIN ( BOULEVA",,,Plein jour,En agglomération,Hors intersection,Pluie légère,Deux véhicules - arrière,,,,,,,,,,,1,2,1,2.0,2
201400027534,0014-07-13 11:30:00,14,7,13,11,30,440,132,"NS, FLAMMARION (AVENUE C",,,Plein jour,En agglomération,Hors intersection,Normale,Deux véhicules - arrière,,,,,,,,,,,1,2,1,1.0,2
201400027535,0014-07-14 17:00:00,14,7,14,17,0,440,55,MERMOZ ( AVENUE JEAN ),,,Plein jour,En agglomération,Hors intersection,Normale,Deux véhicules - arrière,,,,,,,,,,,1,2,1,1.0,2
201400027536,0014-07-19 16:40:00,14,7,19,16,40,440,55,"37, ONDINES ( AVENUE DES",,,Plein jour,En agglomération,Intersection en X,Normale,Deux véhicules - côté,,,,,,,,,,,1,2,2,1.0,3
201400027537,0014-07-20 00:40:00,14,7,20,0,40,440,132,"NS, GUERANDE (ROUTE DE)",,,Nuit sans éclairage public,Hors agglomération,Hors intersection,Normale,Autre collision,,,,,,,,,,,3,1,1,1.0,6
201400027538,0014-07-25 00:05:00,14,7,25,0,5,440,55,"ns, RD 213",,,Nuit sans éclairage public,Hors agglomération,Hors intersection,Normale,Autre collision,,,,,,,,,,,3,1,1,1.0,6
201400027539,0014-07-26 11:40:00,14,7,26,11,40,440,135,"ns, OC?AN ( AVENUE DE L'",,,Plein jour,En agglomération,Giratoire,Normale,Deux véhicules - côté,,,,,,,,,,,1,2,6,1.0,3
201400027540,0014-07-27 03:40:00,14,7,27,3,40,440,55,"96, OC?AN ( BOULEVARD DE",,,Nuit avec éclairage allumé,En agglomération,Giratoire,Normale,Autre collision,,,,,,,,,,,5,2,6,1.0,6
201400027541,0014-07-29 20:20:00,14,7,29,20,20,440,55,"17, OC?AN ( BOULEVARD DE",,,Plein jour,En agglomération,Hors intersection,Normale,Deux véhicules - arrière,,,,,,,,,,,1,2,1,1.0,2
201400027542,0014-08-03 18:35:00,14,8,3,18,35,440,55,"24, BARRIERE ( ESPLANADE",,,Plein jour,En agglomération,Hors intersection,Normale,Deux véhicules - côté,,,,,,,,,,,1,2,1,1.0,3
201400027543,0014-08-19 01:30:00,14,8,19,1,30,440,135,GARE ( PLACE DE LA ),,,Nuit avec éclairage allumé,En agglomération,Giratoire,Normale,Sans collision,,,,,,,,,,,5,2,6,1.0,7
201400027544,0014-09-04 14:17:00,14,9,4,14,17,440,55,"NS, OCEAN ( BOULEVARD DE",,,Plein jour,En agglomération,Hors intersection,Normale,Sans collision,,,,,,,,,,,1,2,1,1.0,7
201400027545,0014-09-07 10:25:00,14,9,7,10,25,440,55,"29, DARLU ( BOULEVARD )",,,Plein jour,En agglomération,Hors intersection,Normale,Deux véhicules - arrière,,,,,,,,,,,1,2,1,1.0,2
201400027546,0014-09-15 19:35:00,14,9,15,19,35,440,132,"9, MER (AVENUE DE LA)",,,Plein jour,En agglomération,Intersection en X,Normale,Deux véhicules - côté,,,,,,,,,,,1,2,2,1.0,3
201400027547,0014-09-18 18:40:00,14,9,18,18,40,440,135,ATLANTIQUE ( BOULEVARD D,,,Plein jour,En agglomération,Intersection en X,Normale,Deux véhicules - côté,,,,,,,,,,,1,2,2,1.0,3
201400027548,0014-09-19 18:05:00,14,9,19,18,5,440,55,"NS, LOIRE ( AVENUE DE LA",,,Plein jour,En agglomération,Intersection en X,Normale,Deux véhicules - frontale,,,,,,,,,,,1,2,2,1.0,1
201400027549,0014-09-19 14:25:00,14,9,19,14,25,440,55,"6, GERVOT ( AVENUE LOUIS",,,Plein jour,En agglomération,Hors intersection,Normale,Autre collision,,,,,,,,,,,1,2,1,1.0,6
201400027550,0014-09-19 20:30:00,14,9,19,20,30,440,55,"NS, CAILLAUD ( BOULEVARD",,,Nuit avec éclairage allumé,En agglomération,Hors intersection,Normale,Deux véhicules - côté,,,,,,,,,,,5,2,1,1.0,3
201400027551,0014-09-28 14:05:00,14,9,28,14,5,440,55,"11, DARLU ( BOULEVARD )",,,Plein jour,En agglomération,Hors intersection,Normale,Sans collision,,,,,,,,,,,1,2,1,1.0,7
201400027552,0014-10-06 23:00:00,14,10,6,23,0,440,132,"NS, MAHUIT (ROUTE DE)",,,Nuit sans éclairage public,Hors agglomération,Hors intersection,Normale,Sans collision,,,,,,,,,,,3,1,1,1.0,7
201400027553,0014-10-21 17:10:00,14,10,21,17,10,440,55,"192, LATTRE DE TASSIGNY",,,Plein jour,En agglomération,Hors intersection,Normale,Deux véhicules - côté,,,,,,,,,,,1,2,1,1.0,3
201400027554,0014-10-23 03:30:00,14,10,23,3,30,440,132,"30-34, VILLES BABIN (ROU",,,Nuit avec éclairage allumé,En agglomération,Hors intersection,Normale,Autre collision,,,,,,,,,,,5,2,1,1.0,6
201400027555,0014-10-26 03:45:00,14,10,26,3,45,440,55,"28, OC?AN ( BOULEVARD DE",,,Nuit avec éclairage allumé,En agglomération,Hors intersection,Normale,Sans collision,,,,,,,,,,,5,2,1,1.0,7
201400027556,0014-10-30 01:20:00,14,10,30,1,20,440,55,"10, BOUTROUX ( AVENUE JE",,,Nuit avec éclairage allumé,Hors agglomération,Hors intersection,Normale,Autre collision,,,,,,,,,,,5,1,1,1.0,6
201400027557,0014-10-30 17:10:00,14,10,30,17,10,440,55,"NS, HENNECART ( BOULEVAR",,,Plein jour,En agglomération,Intersection en T,Normale,Deux véhicules - côté,,,,,,,,,,,1,2,3,1.0,3
201400027558,0014-10-30 19:00:00,14,10,30,19,0,440,55,LATTRE DE TASSIGNY ( AVE,,,Nuit avec éclairage allumé,En agglomération,Intersection en T,Normale,Autre collision,,,,,,,,,,,5,2,3,1.0,6
201400027559,0014-11-01 12:05:00,14,11,1,12,5,440,132,"NS, MAHUIT (ROUTE DE)",,,Plein jour,Hors agglomération,Intersection en T,Normale,Deux véhicules - côté,,,,,,,,,,,1,1,3,1.0,3
201400027560,0014-11-01 11:20:00,14,11,1,11,20,440,55,"ns, LATTRE DE TASSIGNY (",,,Plein jour,En agglomération,Hors intersection,Normale,Deux véhicules - côté,,,,,,,,,,,1,2,1,1.0,3
201400027561,0014-11-02 12:45:00,14,11,2,12,45,440,55,"9, LOTI ( AVENUE PIERRE",,,Plein jour,En agglomération,Autre intersection,Temps couvert,Autre collision,,,,,,,,,,,1,2,9,8.0,6
201400027562,0014-11-05 14:52:00,14,11,5,14,52,440,55,"251, LATTRE DE TASSIGNY",,,Plein jour,En agglomération,Intersection en X,Normale,Deux véhicules - côté,,,,,,,,,,,1,2,2,1.0,3
201400027563,0014-12-04 19:40:00,14,12,4,19,40,440,55,"27, FORET ( BOULEVARD DE",,,Nuit avec éclairage allumé,En agglomération,Intersection en T,Normale,Deux véhicules - côté,,,,,,,,,,,5,2,3,1.0,3
201400027564,0014-12-21 02:20:00,14,12,21,2,20,440,55,"44, CLEMENCEAU ( AVENUE",,,Nuit avec éclairage non allumé,En agglomération,Hors intersection,Normale,Autre collision,,,,,,,,,,,4,2,1,1.0,6
201400027565,0014-12-21 18:20:00,14,12,21,18,20,440,55,"NS, BARRIERE ( ESPLANADE",,,Nuit avec éclairage allumé,En agglomération,Autre intersection,Normale,Deux véhicules - côté,,,,,,,,,,,5,2,9,1.0,3
201400027566,0014-02-02 17:45:00,14,2,2,17,45,440,135,"59, GARE ( RUE DE LA )",,,Plein jour,En agglomération,Hors intersection,Normale,Sans collision,,,,,,,,,,,1,2,1,1.0,7
201400027567,0014-02-17 12:30:00,14,2,17,12,30,440,55,BOUTROUX ( AVENUE JEAN ),,,Plein jour,En agglomération,Hors intersection,Normale,Sans collision,,,,,,,,,,,1,2,1,1.0,7
201400027568,0014-02-04 04:40:00,14,2,4,4,40,440,55,RD 213,,,Nuit sans éclairage public,Hors agglomération,Hors intersection,Neige / grêle,Sans collision,,,,,,,,,,,3,1,1,4.0,7
201400027569,0014-02-18 15:15:00,14,2,18,15,15,440,132,"44, OCEANIDES (BOULEVARD",,,Plein jour,En agglomération,Giratoire,Temps éblouissant,Autre collision,,,,,,,,,,,1,2,6,7.0,6
201400027570,0014-02-05 04:50:00,14,2,5,4,50,440,55,RD 213,,,Nuit sans éclairage public,Hors agglomération,Hors intersection,Pluie forte,Autre collision,,,,,,,,,,,3,1,1,3.0,6
201400027571,0014-03-01 14:30:00,14,3,1,14,30,440,132,"23, BAULOIS (AVENUE DU)",,,Plein jour,En agglomération,Giratoire,Normale,Autre collision,,,,,,,,,,,1,2,6,1.0,6
201400027572,0014-01-06 21:05:00,14,1,6,21,5,440,109,PLACE VIARME,,,Nuit avec éclairage allumé,En agglomération,Hors intersection,Normale,Autre collision,,,,,,,,,,,5,2,1,1.0,6
201400027573,0014-01-06 21:26:00,14,1,6,21,26,440,109,"19, ROUTE DE RENNES",,,Nuit avec éclairage allumé,En agglomération,Hors intersection,Normale,Autre collision,,,,,,,,,,,5,2,1,1.0,6
201400027574,0014-01-07 14:05:00,14,1,7,14,5,440,109,"52, ROUTE DE LA CHAPELLE",,,Plein jour,En agglomération,Hors intersection,Normale,Deux véhicules - côté,,,,,,,,,,,1,2,1,1.0,3
201400027575,0014-02-06 16:50:00,14,2,6,16,50,440,109,BOULEVARD DES BELGES,,,Plein jour,En agglomération,Intersection en X,Normale,Autre collision,,,,,,,,,,,1,2,2,1.0,6
201400027576,0014-01-09 12:50:00,14,1,9,12,50,440,109,BOULEVARD DU PETIT PORT,,,Plein jour,En agglomération,Hors intersection,Normale,Deux véhicules - côté,,,,,,,,,,,1,2,1,1.0,3
201400027577,0014-01-09 20:30:00,14,1,9,20,30,440,109,"., BOULEVARD DU PETIT PO",,,Nuit avec éclairage allumé,En agglomération,Hors intersection,Normale,Sans collision,,,,,,,,,,,5,2,1,1.0,7
201400027578,0014-01-06 07:20:00,14,1,6,7,20,440,162,"., RUE DE SAINT NAZAIRE",,,Nuit avec éclairage allumé,En agglomération,Giratoire,Pluie forte,Deux véhicules - côté,,,,,,,,,,,5,2,6,3.0,3
201400027579,0014-01-09 16:20:00,14,1,9,16,20,440,109,"31, RUE DE STRASBOURG",,,Plein jour,En agglomération,Hors intersection,Normale,Autre collision,,,,,,,,,,,1,2,1,1.0,6
201400027580,0014-01-11 06:15:00,14,1,11,6,15,440,109,RUE PITRE CHEVALIER,,,Nuit avec éclairage allumé,En agglomération,Hors intersection,Normale,Sans collision,,,,,,,,,,,5,2,1,1.0,7
201400027581,0014-01-08 08:15:00,14,1,8,8,15,440,172,PONT DE BELLEVUE,,,Nuit avec éclairage allumé,En agglomération,Hors intersection,Autre,Deux véhicules - côté,,,,,,,,,,,5,2,1,9.0,3
201400027582,0014-01-13 18:00:00,14,1,13,18,0,440,109,BOULEVARD GENERAL DE GAU,,,Crépuscule ou aube,En agglomération,Hors intersection,Autre,Autre collision,,,,,,,,,,,2,2,1,9.0,6
201400027583,0014-01-19 19:50:00,14,1,19,19,50,440,109,BOULEVARD DE LA LIBERTE,,,Nuit avec éclairage allumé,En agglomération,Intersection en X,Brouillard / fumée,Autre collision,,,,,,,,,,,5,2,2,5.0,6
201400027584,0014-01-20 20:00:00,14,1,20,20,0,440,109,"0, RUE DOCTEUR JULES SEB",,,Nuit avec éclairage allumé,En agglomération,Hors intersection,Normale,Autre collision,,,,,,,,,,,5,2,1,1.0,6
201400027585,0014-01-21 13:20:00,14,1,21,13,20,440,109,BOULEVARD JULES VERNE,,,Crépuscule ou aube,En agglomération,Hors intersection,Normale,Deux véhicules - arrière,,,,,,,,,,,2,2,1,1.0,2
201400027586,0014-01-23 08:10:00,14,1,23,8,10,440,190,"55, AVENUE JEAN JAURES",,,Crépuscule ou aube,En agglomération,Hors intersection,Normale,Autre collision,,,,,,,,,,,2,2,1,1.0,6
201400027587,0014-01-13 14:50:00,14,1,13,14,50,440,114,RUE ALFRED NOBEL,,,Plein jour,En agglomération,Giratoire,Normale,Autre collision,,,,,,,,,,,1,2,6,1.0,6
201400027588,0014-01-14 12:40:00,14,1,14,12,40,440,162,AVENUE DE LA BARAUDIE,,,Plein jour,Hors agglomération,Intersection en X,Normale,Deux véhicules - côté,,,,,,,,,,,1,1,2,1.0,3
201400027589,0014-02-01 11:07:00,14,2,1,11,7,440,114,"0, RUE HUBERT DE LA BROS",,,Plein jour,En agglomération,Hors intersection,Normale,Autre collision,,,,,,,,,,,1,2,1,1.0,6
201400027590,0014-02-01 18:00:00,14,2,1,18,0,440,109,"., RUE SAINT JACQUES",,,Plein jour,En agglomération,Hors intersection,Normale,Deux véhicules - arrière,,,,,,,,,,,1,2,1,1.0,2
201400027591,0014-02-08 09:55:00,14,2,8,9,55,440,109,"., BOULEVARD LEON JOUHAU",,,Plein jour,En agglomération,Hors intersection,Normale,Autre collision,,,,,,,,,,,1,2,1,1.0,6
201400027592,0014-02-09 02:55:00,14,2,9,2,55,440,109,"202, RUE PAUL BELLAMY",,,Nuit avec éclairage allumé,En agglomération,Hors intersection,Normale,Deux véhicules - arrière,,,,,,,,,,,5,2,1,1.0,2
201400027593,0014-02-08 21:55:00,14,2,8,21,55,440,109,COURS OLIVIER DE CLISSON,,,Nuit avec éclairage allumé,En agglomération,Hors intersection,Normale,Deux véhicules - côté,,,,,,,,,,,5,2,1,1.0,3
201400027594,0014-02-10 17:30:00,14,2,10,17,30,440,109,"224, BOULEVARD ROBERT SC",,,Plein jour,En agglomération,Hors intersection,Normale,Deux véhicules - arrière,,,,,,,,,,,1,2,1,1.0,2
201400027595,0014-02-09 12:23:00,14,2,9,12,23,440,109,"0, PONT DE PONT ROUSSEAU",,,Plein jour,En agglomération,Hors intersection,Normale,Autre collision,,,,,,,,,,,1,2,1,1.0,6
201400027596,0014-02-09 14:45:00,14,2,9,14,45,440,114,75,,,Plein jour,Hors agglomération,Hors intersection,Temps couvert,Deux véhicules - côté,,,,,,,,,,,1,1,1,8.0,3
201400027597,0014-01-31 20:20:00,14,1,31,20,20,440,109,"00, ROUTE DE SAINT JOSEP",,,Nuit avec éclairage allumé,En agglomération,Hors intersection,Pluie forte,Deux véhicules - côté,,,,,,,,,,,5,2,1,3.0,3
201400027598,0014-02-09 20:45:00,14,2,9,20,45,440,20,PERIPHERIQUE SUD,,,Nuit sans éclairage public,Hors agglomération,Hors intersection,Normale,Autre collision,,,,,,,,,,,3,1,1,1.0,6
201400027599,0014-02-15 13:15:00,14,2,15,13,15,440,109,"19, LADMIRAULT (PL)",,,Plein jour,En agglomération,Hors intersection,Normale,Autre collision,,,,,,,,,,,1,2,1,1.0,6
201400027600,0014-02-14 11:31:00,14,2,14,11,31,440,190,ROUTE DE CLISSON,,,Plein jour,En agglomération,Hors intersection,Normale,Autre collision,,,,,,,,,,,1,2,1,1.0,6
201400027601,0014-02-17 08:00:00,14,2,17,8,0,440,162,"0, BOULEVARD SALVADOR AL",,,Crépuscule ou aube,En agglomération,Hors intersection,Normale,Autre collision,,,,,,,,,,,2,2,1,1.0,6
201400027602,0014-02-17 16:25:00,14,2,17,16,25,440,143,"0, RUE GEORGES BOUTIN",,,Plein jour,En agglomération,Hors intersection,Autre,Autre collision,,,,,,,,,,,1,2,1,9.0,6
201400027603,0014-02-14 21:45:00,14,2,14,21,45,440,109,COURS DES 50 OTAGES,,,Nuit avec éclairage allumé,En agglomération,Hors intersection,Normale,Autre collision,,,,,,,,,,,5,2,1,1.0,6
201400027604,0014-02-18 08:15:00,14,2,18,8,15,440,109,"36, BOULEVARD VICTOR HUG",,,Plein jour,En agglomération,Hors intersection,Normale,Autre collision,,,,,,,,,,,1,2,1,1.0,6
201400027605,0014-02-21 08:40:00,14,2,21,8,40,440,47,PERIPHERIQUE ROUTIER,,,Plein jour,Hors agglomération,Hors intersection,Normale,Trois véhicules et plus - collisions multiples,,,,,,,,,,,1,1,1,1.0,5
201400027606,0014-02-21 16:45:00,14,2,21,16,45,440,109,"16, BOULEVARD ERNEST DAL",,,Plein jour,En agglomération,Hors intersection,Normale,Autre collision,,,,,,,,,,,1,2,1,1.0,6
201400027607,0014-02-22 01:00:00,14,2,22,1,0,440,190,"0, RUE MARIE CURIE",,,Nuit avec éclairage allumé,En agglomération,Hors intersection,Pluie légère,Autre collision,,,,,,,,,,,5,2,1,2.0,6
201400027608,0014-02-23 07:00:00,14,2,23,7,0,440,162,ROUTE ARMOR,,,Nuit sans éclairage public,En agglomération,Hors intersection,Normale,Deux véhicules - côté,,,,,,,,,,,3,2,1,1.0,3
201400027609,0014-02-23 07:50:00,14,2,23,7,50,440,114,PERIPHERIQUE ROUTIER,,,Plein jour,En agglomération,Hors intersection,Normale,Sans collision,,,,,,,,,,,1,2,1,1.0,7
201400027610,0014-02-21 09:55:00,14,2,21,9,55,440,114,"00, ROUTE DE VANNES",,,Plein jour,Hors agglomération,Hors intersection,Autre,Deux véhicules - arrière,,,,,,,,,,,1,1,1,9.0,2
201400027611,0014-02-25 20:25:00,14,2,25,20,25,440,109,"0, QUAI ERNEST RENAUD",,,Nuit avec éclairage allumé,En agglomération,Intersection en Y,Normale,Autre collision,,,,,,,,,,,5,2,4,1.0,6
201400027612,0014-02-26 07:50:00,14,2,26,7,50,440,162,"123, QUAI EMILE CORMERAI",,,Crépuscule ou aube,En agglomération,Hors intersection,Brouillard / fumée,Autre collision,,,,,,,,,,,2,2,1,5.0,6
201400027613,0014-02-16 07:50:00,14,2,16,7,50,440,162,"123, QUAI EMILE CORMERAI",,,Crépuscule ou aube,En agglomération,Hors intersection,Brouillard / fumée,Autre collision,,,,,,,,,,,2,2,1,5.0,6
201400027614,0014-02-26 09:10:00,14,2,26,9,10,440,109,"0, PONT DE CHEVIRE",,,Plein jour,Hors agglomération,Hors intersection,Normale,Trois véhicules et plus - en chaîne,,,,,,,,,,,1,1,1,1.0,4
201400027615,0014-02-16 09:10:00,14,2,16,9,10,440,109,"0, PONT DE CHEVIRE",,,Plein jour,Hors agglomération,Hors intersection,Normale,Trois véhicules et plus - en chaîne,,,,,,,,,,,1,1,1,1.0,4
201400027616,0014-02-22 19:00:00,14,2,22,19,0,440,109,"00, ALLEE BRANCAS",,,Crépuscule ou aube,En agglomération,Hors intersection,Autre,Autre collision,,,,,,,,,,,2,2,1,9.0,6
201400027617,0014-02-26 20:15:00,14,2,26,20,15,440,109,"0, RUE ANATOLE DE MONZIE",,,Nuit avec éclairage allumé,En agglomération,Hors intersection,Normale,Autre collision,,,,,,,,,,,5,2,1,1.0,6
201400027618,0014-04-18 14:00:00,14,4,18,14,0,440,109,"11, BD VINCENT GACHE",,,Plein jour,En agglomération,Intersection en T,Normale,Deux véhicules - côté,,,,,,,,,,,1,2,3,1.0,3
201400027619,0014-02-26 15:40:00,14,2,26,15,40,440,109,"0, ALLEE BACO",,,Plein jour,En agglomération,Hors intersection,Normale,Autre collision,,,,,,,,,,,1,2,1,1.0,6
201400027620,0014-03-01 12:29:00,14,3,1,12,29,440,109,"0, RUE GASTON VEIL",,,Plein jour,En agglomération,Hors intersection,Normale,Autre collision,,,,,,,,,,,1,2,1,1.0,6