accident_id,datetime,annee,mois,jour,heure,minute,departement,commune_insee,adresse,latitude,longitude,luminosite,agglomeration,intersection,meteo,collision,nb_vehicules,nb_usagers,nb_indemnes,nb_tues,nb_blesses_hosp,nb_blesses_legers,age_cond_1,age_cond_2,veh_type_cond_1,veh_type_cond_2,lum_code,agg_code,int_code,atm_code,col_code
201400028632,0014-05-12 19:35:00,14,5,12,19,35,490,99,"80, ITALIE (RUE D')",47.03946,-0.86876,Plein jour,En agglomération,Hors intersection,Normale,Autre collision,,,,,,,,,,,1,2,1,1.0,6
201400028633,0014-05-13 10:55:00,14,5,13,10,55,490,99,CARNOT (RUE SADI),47.06306,-0.86597,Plein jour,En agglomération,Giratoire,Normale,Deux véhicules - côté,,,,,,,,,,,1,2,6,1.0,3
201400028634,0014-06-11 19:00:00,14,6,11,19,0,490,99,VC12,,,Plein jour,Hors agglomération,Hors intersection,Normale,Autre collision,,,,,,,,,,,1,1,1,1.0,6
201400028635,0014-06-12 21:00:00,14,6,12,21,0,490,99,"26, SAINT SERVAN (RUE)",47.06498,-0.89927,Plein jour,En agglomération,Hors intersection,Normale,Deux véhicules - frontale,,,,,,,,,,,1,2,1,1.0,1
201400028636,0014-06-19 18:15:00,14,6,19,18,15,490,99,MANCEAU (AVENUE ANATOLE),47.05208,-0.87863,Plein jour,En agglomération,Intersection en T,Normale,Deux véhicules - côté,,,,,,,,,,,1,2,3,1.0,3
201400028637,0014-06-24 12:08:00,14,6,24,12,8,490,99,SABLES (AVENUE DES ),47.03792,-0.90376,Plein jour,En agglomération,Giratoire,Normale,Deux véhicules - côté,,,,,,,,,,,1,2,6,1.0,3
201400028638,0014-06-28 11:10:00,14,6,28,11,10,490,99,"97, RICHARD (Bd)",47.06709,-0.88119,Plein jour,En agglomération,Hors intersection,Temps couvert,Deux véhicules - arrière,,,,,,,,,,,1,2,1,8.0,2
201400028639,0014-06-30 18:15:00,14,6,30,18,15,490,99,RUE D'ANJOU,47.07689,-0.84137,Plein jour,En agglomération,Giratoire,Normale,Deux véhicules - arrière,,,,,,,,,,,1,2,6,1.0,2
201400028640,0014-07-11 16:55:00,14,7,11,16,55,490,99,"04, POITOU (BOULEVARD DU",47.06872,-0.85148,Plein jour,En agglomération,Hors intersection,Normale,Deux véhicules - côté,,,,,,,,,,,1,2,1,1.0,3
201400028641,0014-07-12 20:10:00,14,7,12,20,10,490,99,FONTAINE DU GRAND PIN (R,47.06121,-0.88095,Plein jour,En agglomération,Hors intersection,Normale,Autre collision,,,,,,,,,,,1,2,1,1.0,6
201400028642,0014-07-12 03:30:00,14,7,12,3,30,490,99,RICHELIEU (BOULEVARD DE),47.04407,-0.88556,Nuit avec éclairage allumé,En agglomération,Intersection en X,Normale,Deux véhicules - côté,,,,,,,,,,,5,2,2,1.0,3
201400028643,0014-07-17 17:35:00,14,7,17,17,35,490,99,CHENE ROND (AVENUE DU),47.04182,-0.88513,Plein jour,En agglomération,Hors intersection,Normale,Deux véhicules - côté,,,,,,,,,,,1,2,1,1.0,3
201400028644,0014-07-17 18:00:00,14,7,17,18,0,490,99,TROIS PROVINCES (AVENUE,47.05949,-0.91897,Plein jour,En agglomération,Hors intersection,Normale,Trois véhicules et plus - en chaîne,,,,,,,,,,,1,2,1,1.0,4
201400028645,0014-07-18 09:30:00,14,7,18,9,30,490,99,MAINE (BOULEVARD DU),47.07314,-0.86224,Plein jour,En agglomération,Intersection en X,Normale,Deux véhicules - arrière,,,,,,,,,,,1,2,2,1.0,2
201400028646,0014-07-20 11:55:00,14,7,20,11,55,490,99,"23, CHOUTEAU (Bd)",47.06729,-0.88676,Plein jour,En agglomération,Hors intersection,Temps couvert,Autre collision,,,,,,,,,,,1,2,1,8.0,6
201400028647,0014-07-21 16:25:00,14,7,21,16,25,490,99,"1, KOENIG (AVENUE DU MAR",47.05202,-0.84972,Plein jour,En agglomération,Autre intersection,Normale,Autre collision,,,,,,,,,,,1,2,9,1.0,6
201400028648,0014-07-25 12:20:00,14,7,25,12,20,490,99,JUIN (BOULEVARD DU MAREC,47.04407,-0.88554,Plein jour,En agglomération,Intersection en X,Normale,Trois véhicules et plus - en chaîne,,,,,,,,,,,1,2,2,1.0,4
201400028649,0014-07-25 18:40:00,14,7,25,18,40,490,99,NATIONALE (RUE),47.06182,-0.88427,Plein jour,En agglomération,Intersection en X,Normale,Deux véhicules - côté,,,,,,,,,,,1,2,2,1.0,3
201400028650,0014-08-04 16:10:00,14,8,4,16,10,490,99,RUE DU BORDAGE MARC,47.05613,-0.87502,Plein jour,En agglomération,Intersection en X,Pluie légère,Trois véhicules et plus - collisions multiples,,,,,,,,,,,1,2,2,2.0,5
201400028651,0014-08-09 04:30:00,14,8,9,4,30,490,99,VOUVRAY (RUE DE ),47.07027,-0.85858,Crépuscule ou aube,En agglomération,Hors intersection,Normale,Autre collision,,,,,,,,,,,2,2,1,1.0,6
201400028652,0014-08-15 07:30:00,14,8,15,7,30,490,99,TOURAINE (BOULEVARD DE),47.0707,-0.85424,Crépuscule ou aube,En agglomération,Hors intersection,Normale,Deux véhicules - arrière,,,,,,,,,,,2,2,1,1.0,2
201400028653,0014-08-23 01:00:00,14,8,23,1,0,490,99,RD 157,46.99753,-0.88434,Nuit sans éclairage public,Hors agglomération,Hors intersection,Normale,Autre collision,,,,,,,,,,,3,1,1,1.0,6
201400028654,0014-08-30 13:35:00,14,8,30,13,35,490,99,ARCOLE (RUE D'),47.04632,-0.89816,Plein jour,En agglomération,Hors intersection,Normale,Deux véhicules - côté,,,,,,,,,,,1,2,1,1.0,3
201400028655,0014-08-30 19:05:00,14,8,30,19,5,490,99,LYAUTEY (RUE DU MARECHAL,47.05439,-0.86759,Plein jour,En agglomération,Intersection en T,Normale,Deux véhicules - côté,,,,,,,,,,,1,2,3,1.0,3
201400028656,0014-09-30 14:30:00,14,9,30,14,30,490,99,SABLES (AVENUE DES ),47.04224,-0.89921,Plein jour,En agglomération,Hors intersection,Normale,Autre collision,,,,,,,,,,,1,2,1,1.0,6
201400028657,0014-10-01 13:30:00,14,10,1,13,30,490,99,CHANZY (BOULEVARD GENERA,47.06835,-0.88166,Plein jour,En agglomération,Hors intersection,Normale,Deux véhicules - côté,,,,,,,,,,,1,2,1,1.0,3
201400028658,0014-10-14 08:15:00,14,10,14,8,15,490,99,RN 249,47.03429,-0.90081,Plein jour,Hors agglomération,Hors intersection,Normale,Deux véhicules - arrière,,,,,,,,,,,1,1,1,1.0,2
201400028659,0014-10-18 22:30:00,14,10,18,22,30,490,99,HERAULT (BOULEVARD),47.06885,-0.87989,Nuit avec éclairage allumé,En agglomération,Intersection en T,Normale,Deux véhicules - côté,,,,,,,,,,,5,2,3,1.0,3
201400028660,0014-11-04 07:45:00,14,11,4,7,45,490,99,NANTES (AVENUE DE),47.05977,-0.90075,Crépuscule ou aube,En agglomération,Intersection en T,Temps couvert,Deux véhicules - côté,,,,,,,,,,,2,2,3,8.0,3
201400028661,0014-11-10 19:10:00,14,11,10,19,10,490,99,LIBERATION (AVENUE DE LA,47.05491,-0.87996,Nuit avec éclairage allumé,En agglomération,Intersection en T,Normale,Deux véhicules - côté,,,,,,,,,,,5,2,3,1.0,3
201400028662,0014-12-11 16:30:00,14,12,11,16,30,490,99,STRASBOURG (BOULEVARD DE,,,Nuit sans éclairage public,En agglomération,Intersection en T,Temps couvert,Autre collision,,,,,,,,,,,3,2,3,8.0,6
201400028663,0014-12-12 07:45:00,14,12,12,7,45,490,99,LIBERATION (AVENUE DE LA,,,Nuit avec éclairage allumé,En agglomération,Hors intersection,Temps couvert,Deux véhicules - arrière,,,,,,,,,,,5,2,1,8.0,2
201400028664,0014-12-13 01:10:00,14,12,13,1,10,490,99,VERLAINE (PLACE PAUL),,,Nuit avec éclairage allumé,En agglomération,Hors intersection,Normale,Autre collision,,,,,,,,,,,5,2,1,1.0,6
201400028665,0014-12-14 17:15:00,14,12,14,17,15,490,99,,47.0857,-0.83047,Crépuscule ou aube,Hors agglomération,Hors intersection,Normale,Trois véhicules et plus - collisions multiples,,,,,,,,,,,2,1,1,1.0,5
201400028666,0014-12-15 18:10:00,14,12,15,18,10,490,99,"55, LORRAINE (RUE DE)",,,Nuit avec éclairage allumé,En agglomération,Hors intersection,Pluie légère,Autre collision,,,,,,,,,,,5,2,1,2.0,6
201400028667,0014-12-17 04:50:00,14,12,17,4,50,490,99,NIVERNAIS (RUE DU),,,Nuit avec éclairage allumé,En agglomération,Intersection en T,Pluie légère,Deux véhicules - côté,,,,,,,,,,,5,2,3,2.0,3
201400028668,0014-12-18 08:00:00,14,12,18,8,0,490,99,STRASBOURG (BOULEVARD DE,,,Nuit avec éclairage allumé,En agglomération,Intersection en T,Pluie légère,Deux véhicules - côté,,,,,,,,,,,5,2,3,2.0,3
201400028669,0014-12-24 00:01:00,14,12,24,0,1,490,99,RN160,,,Nuit sans éclairage public,Hors agglomération,Hors intersection,Pluie légère,Autre collision,,,,,,,,,,,3,1,1,2.0,6
201400028670,0014-01-24 18:15:00,14,1,24,18,15,490,328,FUSILLES (AVENUE DES),47.28269,-0.0521,Nuit avec éclairage allumé,En agglomération,Hors intersection,Pluie légère,Deux véhicules - côté,,,,,,,,,,,5,2,1,2.0,3
201400028671,0014-01-25 18:10:00,14,1,25,18,10,490,328,MARNE (ROND-POINT),47.25007,-0.07932,Plein jour,En agglomération,Giratoire,Normale,Deux véhicules - côté,,,,,,,,,,,1,2,6,1.0,3
201400028672,0014-01-29 12:25:00,14,1,29,12,25,490,328,G. POMPIDOU (AV),47.26513,-0.10105,Plein jour,En agglomération,Giratoire,Normale,Sans collision,,,,,,,,,,,1,2,6,1.0,7
201400028673,0014-02-05 15:35:00,14,2,5,15,35,490,328,ROCADE D 347,47.27312,-0.0808,Plein jour,Hors agglomération,Hors intersection,Pluie légère,Sans collision,,,,,,,,,,,1,1,1,2.0,7
201400028674,0014-02-10 16:30:00,14,2,10,16,30,490,328,"440, FRICOTELLE (RUE)",47.24645,-0.07547,Plein jour,En agglomération,Hors intersection,Normale,Trois véhicules et plus - en chaîne,,,,,,,,,,,1,2,1,1.0,4
201400028675,0014-02-17 09:00:00,14,2,17,9,0,490,328,ALSACE (RUE D'),47.25814,-0.08347,Plein jour,En agglomération,Intersection en T,Normale,Trois véhicules et plus - en chaîne,,,,,,,,,,,1,2,3,1.0,4
201400028676,0014-02-25 12:15:00,14,2,25,12,15,490,328,DE GAULLE (AVENUE),47.26405,-0.0734,Plein jour,En agglomération,Hors intersection,Normale,Sans collision,,,,,,,,,,,1,2,1,1.0,7
201400028677,0014-02-26 14:15:00,14,2,26,14,15,490,328,"32, SEIGNEUR (RUE)",47.25318,-0.07877,Plein jour,En agglomération,Hors intersection,Normale,Autre collision,,,,,,,,,,,1,2,1,1.0,6
201400028678,0014-02-26 18:20:00,14,2,26,18,20,490,328,RESISTANCE (PLACE DE LA),47.26718,-0.06978,Crépuscule ou aube,En agglomération,Giratoire,Normale,Deux véhicules - côté,,,,,,,,,,,2,2,6,1.0,3
201400028679,0014-02-28 19:30:00,14,2,28,19,30,490,328,ROCADE D 347,47.24668,-0.10605,Plein jour,Hors agglomération,Hors intersection,Normale,Deux véhicules - arrière,,,,,,,,,,,1,1,1,1.0,2
201400028680,0014-03-11 10:30:00,14,3,11,10,30,490,328,DAVID D'ANGERS (AVENUE),47.27143,-0.07475,Plein jour,En agglomération,Intersection en T,Normale,Deux véhicules - côté,,,,,,,,,,,1,2,3,1.0,3
201400028681,0014-03-18 10:05:00,14,3,18,10,5,490,328,"sans, DELESSERT (BOULEVA",47.26021,-0.08908,Plein jour,En agglomération,Giratoire,Temps couvert,Autre collision,,,,,,,,,,,1,2,6,8.0,6
201400028682,0014-03-24 11:05:00,14,3,24,11,5,490,328,CHEMIN VERT (RUE DU),47.24118,-0.07752,Plein jour,En agglomération,Hors intersection,Temps couvert,Sans collision,,,,,,,,,,,1,2,1,8.0,7
201400028683,0014-03-24 14:20:00,14,3,24,14,20,490,328,FIDELITE (RUE DE LA),47.26138,-0.07837,Plein jour,En agglomération,Intersection en X,Normale,Deux véhicules - côté,,,,,,,,,,,1,2,2,1.0,3
201400028684,0014-03-25 07:55:00,14,3,25,7,55,490,328,BERNARD (RUE CLAUDE),47.24089,-0.07468,Plein jour,En agglomération,Intersection en T,Normale,Autre collision,,,,,,,,,,,1,2,3,1.0,6
201400028685,0014-03-25 08:40:00,14,3,25,8,40,490,328,Bd DELESSERT,47.25598,-0.08731,Plein jour,En agglomération,Hors intersection,Normale,Autre collision,,,,,,,,,,,1,2,1,1.0,6
201400028686,0014-03-27 11:20:00,14,3,27,11,20,490,328,MAUPASSANT (PLACE),47.25739,-0.08143,Plein jour,En agglomération,Giratoire,Normale,Autre collision,,,,,,,,,,,1,2,6,1.0,6
201400028687,0014-03-28 07:15:00,14,3,28,7,15,490,328,BALZAC (SQUARE),47.25209,-0.08014,Plein jour,En agglomération,Giratoire,Normale,Autre collision,,,,,,,,,,,1,2,6,1.0,6
201400028688,0014-03-28 13:15:00,14,3,28,13,15,490,328,MARCEAU (RUE),47.25079,-0.074,Plein jour,En agglomération,Hors intersection,Normale,Autre collision,,,,,,,,,,,1,2,1,1.0,6
201400028689,0014-04-01 13:45:00,14,4,1,13,45,490,328,RESISTANCE (PLACE),47.26769,-0.06941,Plein jour,En agglomération,Giratoire,Normale,Deux véhicules - côté,,,,,,,,,,,1,2,6,1.0,3
201400028690,0014-04-04 08:55:00,14,4,4,8,55,490,328,PONT FOUCHARD (RUE DU),47.2515,-0.08782,Plein jour,En agglomération,Intersection en Y,Normale,Deux véhicules - côté,,,,,,,,,,,1,2,4,1.0,3
201400028691,0014-04-04 22:50:00,14,4,4,22,50,490,328,MUSEE DU MOTEUR (Rd pt),47.25208,-0.08738,Nuit avec éclairage allumé,En agglomération,Giratoire,Normale,Deux véhicules - côté,,,,,,,,,,,5,2,6,1.0,3
201400028692,0014-04-15 11:40:00,14,4,15,11,40,490,328,AMIOT (RUE JULES),47.26124,-0.09863,Plein jour,En agglomération,Giratoire,Normale,Deux véhicules - côté,,,,,,,,,,,1,2,6,1.0,3
201400028693,0014-04-19 14:30:00,14,4,19,14,30,490,328,ROUTE DE MONTSOREAU,47.24452,-0.03462,Plein jour,En agglomération,Hors intersection,Normale,Sans collision,,,,,,,,,,,1,2,1,1.0,7
201400028694,0014-04-21 22:40:00,14,4,21,22,40,490,328,RESISTANCE (PLACE DE LA),47.26724,-0.06987,Nuit avec éclairage allumé,En agglomération,Giratoire,Normale,Deux véhicules - côté,,,,,,,,,,,5,2,6,1.0,3
201400028695,0014-04-24 06:45:00,14,4,24,6,45,490,328,MERMOZ (AVENUE JEAN),47.25977,-0.10341,Plein jour,En agglomération,Hors intersection,Normale,Sans collision,,,,,,,,,,,1,2,1,1.0,7
201400028696,0014-05-05 21:40:00,14,5,5,21,40,490,328,VIEUX VIVY (ROUTE),47.29081,-0.07016,Crépuscule ou aube,Hors agglomération,Hors intersection,Normale,Sans collision,,,,,,,,,,,2,1,1,1.0,7
201400028697,0014-05-07 00:20:00,14,5,7,0,20,490,328,"45, ORLEANS (RUE D')",47.25923,-0.07903,Nuit avec éclairage allumé,En agglomération,Hors intersection,Normale,Sans collision,,,,,,,,,,,5,2,1,1.0,7
201400028698,0014-05-15 17:45:00,14,5,15,17,45,490,328,"120, FUSILLES (AVENUE DE",47.27504,-0.0602,Plein jour,En agglomération,Hors intersection,Normale,Autre collision,,,,,,,,,,,1,2,1,1.0,6
201400028699,0014-05-15 19:25:00,14,5,15,19,25,490,328,ANGERS (ROUTE D'),47.28563,-0.09886,Plein jour,Hors agglomération,Hors intersection,Normale,Sans collision,,,,,,,,,,,1,1,1,1.0,7
201400028700,0014-05-17 09:35:00,14,5,17,9,35,490,328,WEYGAND (Rd Point),47.26433,-0.09173,Plein jour,En agglomération,Hors intersection,Normale,Sans collision,,,,,,,,,,,1,2,1,1.0,7
201400028701,0014-05-19 07:55:00,14,5,19,7,55,490,328,CHEMIN VERT (RUE DU),47.24691,-0.07707,Plein jour,En agglomération,Giratoire,Normale,Deux véhicules - côté,,,,,,,,,,,1,2,6,1.0,3
201400028702,0014-05-27 12:10:00,14,5,27,12,10,490,328,MARAICHERS (AVENUE DES),47.27337,-0.06939,Plein jour,En agglomération,Intersection en X,Normale,Deux véhicules - côté,,,,,,,,,,,1,2,2,1.0,3
201400028703,0014-06-02 13:50:00,14,6,2,13,50,490,328,WEYGAND (BOULEVARD),47.26351,-0.09072,Plein jour,En agglomération,Hors intersection,Normale,Deux véhicules - côté,,,,,,,,,,,1,2,1,1.0,3
201400028704,0014-06-04 13:30:00,14,6,4,13,30,490,328,VIEUX VIVY (ROUTE),47.28993,-0.06972,Plein jour,Hors agglomération,Hors intersection,Normale,Sans collision,,,,,,,,,,,1,1,1,1.0,7
201400028705,0014-06-06 16:20:00,14,6,6,16,20,490,328,ORLEANS (RUE D'),47.25806,-0.08031,Plein jour,En agglomération,Hors intersection,Normale,Autre collision,,,,,,,,,,,1,2,1,1.0,6
201400028706,0014-06-18 15:15:00,14,6,18,15,15,490,328,DEMOISELLES (Bd),47.28029,-0.06821,Plein jour,En agglomération,Intersection en X,Normale,Deux véhicules - côté,,,,,,,,,,,1,2,2,1.0,3
201400028707,0014-06-22 17:05:00,14,6,22,17,5,490,328,QUAI LUCIEN GAUTIER,47.26042,-0.075,Plein jour,En agglomération,Hors intersection,Normale,Autre collision,,,,,,,,,,,1,2,1,1.0,6
201400028708,0014-06-25 17:05:00,14,6,25,17,5,490,328,"769, CHEMIN VERT (RUE DU",47.24499,-0.07717,Plein jour,En agglomération,Hors intersection,Normale,Autre collision,,,,,,,,,,,1,2,1,1.0,6
201400028709,0014-06-28 05:10:00,14,6,28,5,10,490,328,DE GAULLE (AVENUE,47.26438,-0.07324,Nuit avec éclairage non allumé,En agglomération,Giratoire,Normale,Autre collision,,,,,,,,,,,4,2,6,1.0,6
201400028710,0014-06-28 15:05:00,14,6,28,15,5,490,328,PONT FOUCHARD (RUE),47.2489,-0.09091,Plein jour,En agglomération,Hors intersection,Pluie forte,Sans collision,,,,,,,,,,,1,2,1,3.0,7
201400028711,0014-07-04 20:55:00,14,7,4,20,55,490,328,CHAMPIGNY (ROUTE DE),47.24053,-0.04507,Plein jour,En agglomération,Hors intersection,Normale,Deux véhicules - frontale,,,,,,,,,,,1,2,1,1.0,1
201400028712,0014-07-06 07:55:00,14,7,6,7,55,490,328,CHAMPIGNY (ROUTE DE),47.24648,-0.05285,Plein jour,En agglomération,Hors intersection,Pluie légère,Autre collision,,,,,,,,,,,1,2,1,2.0,6
201400028713,0014-07-22 20:20:00,14,7,22,20,20,490,328,GRANGE COURONNE (Rue),47.27926,-0.06761,Plein jour,En agglomération,Intersection en T,Normale,Sans collision,,,,,,,,,,,1,2,3,1.0,7
201400028714,0014-07-23 21:35:00,14,7,23,21,35,490,328,"24, MAYAUD (QUAI)",47.25664,-0.06845,Crépuscule ou aube,En agglomération,Hors intersection,Normale,Deux véhicules - frontale,,,,,,,,,,,2,2,1,1.0,1
201400028715,0014-07-23 21:55:00,14,7,23,21,55,490,328,DELESSERT (Bd),47.25625,-0.08744,Crépuscule ou aube,En agglomération,Hors intersection,Normale,Sans collision,,,,,,,,,,,2,2,1,1.0,7
201400028716,0014-08-01 16:05:00,14,8,1,16,5,490,328,"166, GAY LUSSAC (RUE)",47.2489,-0.0785,Plein jour,En agglomération,Hors intersection,Normale,Sans collision,,,,,,,,,,,1,2,1,1.0,7
201400028717,0014-08-06 14:50:00,14,8,6,14,50,490,328,"sans, DUNANT (BOULEVARD",47.26779,-0.08666,Plein jour,En agglomération,Hors intersection,Normale,Autre collision,,,,,,,,,,,1,2,1,1.0,6
201400028718,0014-08-06 18:20:00,14,8,6,18,20,490,328,"sans, FONTEVRAUD (ROUTE",47.24673,-0.06371,Plein jour,En agglomération,Giratoire,Normale,Deux véhicules - côté,,,,,,,,,,,1,2,6,1.0,3
201400028719,0014-08-10 12:15:00,14,8,10,12,15,490,328,"65, PRESSOIR (RUE DU)",47.25055,-0.07746,Plein jour,En agglomération,Hors intersection,Normale,Deux véhicules - arrière,,,,,,,,,,,1,2,1,1.0,2
201400028720,0014-08-10 14:10:00,14,8,10,14,10,490,328,"94, MABILEAU (RUE RENE)",47.2545,-0.09168,Plein jour,En agglomération,Hors intersection,Vent fort / tempête,Sans collision,,,,,,,,,,,1,2,1,6.0,7
201400028721,0014-08-11 23:15:00,14,8,11,23,15,490,328,RESISTANCE (PLACE),47.26721,-0.06994,Nuit avec éclairage non allumé,En agglomération,Giratoire,Normale,Sans collision,,,,,,,,,,,4,2,6,1.0,7
201400028722,0014-08-14 09:45:00,14,8,14,9,45,490,328,"55 bis, PALUSTRE (RUE)",47.27476,-0.11025,Plein jour,En agglomération,Hors intersection,Normale,Deux véhicules - côté,,,,,,,,,,,1,2,1,1.0,3
201400028723,0014-08-17 01:10:00,14,8,17,1,10,490,328,CARNOT (QUAI),47.26357,-0.08067,Nuit avec éclairage allumé,En agglomération,Hors intersection,Normale,Sans collision,,,,,,,,,,,5,2,1,1.0,7
201400028724,0014-08-28 16:10:00,14,8,28,16,10,490,328,POMPIDOU (AVENUE GEORGES,47.26512,-0.10007,Plein jour,En agglomération,Hors intersection,Normale,Trois véhicules et plus - en chaîne,,,,,,,,,,,1,2,1,1.0,4
201400028725,0014-09-10 16:40:00,14,9,10,16,40,490,328,CHAMPIGNY (ROUTE DE),47.23409,-0.03756,Plein jour,Hors agglomération,Intersection en Y,Normale,Sans collision,,,,,,,,,,,1,1,4,1.0,7
201400028726,0014-09-11 08:10:00,14,9,11,8,10,490,328,"sans, CADRE NOIR (PONT D",47.2711,-0.08427,Plein jour,Hors agglomération,Hors intersection,Normale,Sans collision,,,,,,,,,,,1,1,1,1.0,7
201400028727,0014-09-12 07:50:00,14,9,12,7,50,490,328,BERNARD (RUE CLAUDE),47.24091,-0.07645,Plein jour,En agglomération,Hors intersection,Normale,Deux véhicules - côté,,,,,,,,,,,1,2,1,1.0,3
201400028728,0014-09-15 22:10:00,14,9,15,22,10,490,328,ANGERS (ROUTE D'),47.27126,-0.07723,Nuit sans éclairage public,Hors agglomération,Hors intersection,Normale,Deux véhicules - arrière,,,,,,,,,,,3,1,1,1.0,2
201400028729,0014-09-17 15:35:00,14,9,17,15,35,490,328,ROCADE D 347,47.25598,-0.09881,Plein jour,Hors agglomération,Hors intersection,Normale,Trois véhicules et plus - en chaîne,,,,,,,,,,,1,1,1,1.0,4
201400028730,0014-09-22 17:55:00,14,9,22,17,55,490,328,FUSILLES (AVENUE DES),47.2791,-0.05683,Plein jour,En agglomération,Hors intersection,Normale,Deux véhicules - arrière,,,,,,,,,,,1,2,1,1.0,2
201400028731,0014-09-29 18:55:00,14,9,29,18,55,490,328,"173, PEUPLERAIES (AVENUE",47.24686,-0.08925,Crépuscule ou aube,En agglomération,Hors intersection,Normale,Deux véhicules - arrière,,,,,,,,,,,2,2,1,1.0,2
201400028732,0014-10-14 12:00:00,14,10,14,12,0,490,328,ROCADE D 347,47.24672,-0.10597,Plein jour,Hors agglomération,Hors intersection,Normale,Deux véhicules - arrière,,,,,,,,,,,1,1,1,1.0,2
201400028733,0014-10-17 00:40:00,14,10,17,0,40,490,328,CHANZY (RUE),47.2604,-0.08163,Nuit avec éclairage allumé,En agglomération,Intersection en X,Normale,Deux véhicules - côté,,,,,,,,,,,5,2,2,1.0,3
201400028734,0014-10-17 14:20:00,14,10,17,14,20,490,328,ARCHE DOREE (PLACE),47.25654,-0.07888,Plein jour,En agglomération,Hors intersection,Normale,Autre collision,,,,,,,,,,,1,2,1,1.0,6
201400028735,0014-10-21 17:05:00,14,10,21,17,5,490,328,FOUCHARD (Rue du Pont),47.24964,-0.09001,Plein jour,En agglomération,Hors intersection,Normale,Deux véhicules - arrière,,,,,,,,,,,1,2,1,1.0,2
201400028736,0014-10-24 17:00:00,14,10,24,17,0,490,328,GRANDE RUE (RUE),47.25633,-0.07677,Plein jour,En agglomération,Intersection en X,Normale,Deux véhicules - côté,,,,,,,,,,,1,2,2,1.0,3
201400028737,0014-10-28 17:00:00,14,10,28,17,0,490,328,PONT DU CADRE NOIR,47.27141,-0.08378,Plein jour,Hors agglomération,Hors intersection,Normale,Deux véhicules - arrière,,,,,,,,,,,1,1,1,1.0,2
201400028738,0014-10-30 15:40:00,14,10,30,15,40,490,328,MARAICHERS (AVENUE),47.27339,-0.06937,Plein jour,En agglomération,Intersection en X,Normale,Deux véhicules - côté,,,,,,,,,,,1,2,2,1.0,3
201400028739,0014-11-05 17:15:00,14,11,5,17,15,490,328,PALUSTRE (RUE LEOP,47.27476,-0.11029,Plein jour,En agglomération,Intersection en T,Normale,Deux véhicules - côté,,,,,,,,,,,1,2,3,1.0,3
201400028740,0014-11-12 16:10:00,14,11,12,16,10,490,328,BRAILLE (RUE LOUIS),47.24425,-0.07816,Plein jour,En agglomération,Hors intersection,Normale,Sans collision,,,,,,,,,,,1,2,1,1.0,7
201400028741,0014-11-14 20:45:00,14,11,14,20,45,490,328,CESSART (PONT),47.26235,-0.07548,Nuit avec éclairage allumé,En agglomération,Hors intersection,Normale,Sans collision,,,,,,,,,,,5,2,1,1.0,7
201400028742,0014-11-15 11:40:00,14,11,15,11,40,490,328,DE LATTRE DE TASSIGNY (B,47.25952,-0.08977,Plein jour,En agglomération,Hors intersection,Normale,Deux véhicules - côté,,,,,,,,,,,1,2,1,1.0,3
201400028743,0014-12-16 10:20:00,14,12,16,10,20,490,328,CHEMIN VERT (RUE DU),47.24695,-0.07722,Plein jour,En agglomération,Giratoire,Pluie légère,Deux véhicules - côté,,,,,,,,,,,1,2,6,2.0,3
201400028744,0014-12-16 17:00:00,14,12,16,17,0,490,328,"27, ALSACE (RUE D')",47.25785,-0.0827,Crépuscule ou aube,En agglomération,Hors intersection,Normale,Autre collision,,,,,,,,,,,2,2,1,1.0,6
201400028745,0014-12-30 12:25:00,14,12,30,12,25,490,328,"22, Av CROIX DE GUERRE",47.27568,-0.07992,Plein jour,En agglomération,Hors intersection,Normale,Autre collision,,,,,,,,,,,1,2,1,1.0,6
201400028746,0014-01-02 00:01:00,14,1,2,0,1,500,173,ROND POINT DE CAPEL,49.6575,-1.66871,Nuit avec éclairage allumé,En agglomération,Giratoire,Vent fort / tempête,Autre collision,,,,,,,,,,,5,2,6,6.0,6
201400028747,0014-01-03 12:25:00,14,1,3,12,25,500,173,ROND POINT QUERQUEVILLE,49.6607,-1.68568,Plein jour,En agglomération,Giratoire,Pluie légère,Deux véhicules - arrière,,,,,,,,,,,1,2,6,2.0,2
201400028748,0014-01-06 12:30:00,14,1,6,12,30,500,129,ROND POINT DE THEMIS,49.6342,-1.61434,Plein jour,En agglomération,Giratoire,Normale,Autre collision,,,,,,,,,,,1,2,6,1.0,6
201400028749,0014-01-11 16:35:00,14,1,11,16,35,500,602,J MOULIN/B MARCET,49.6346,-1.59418,Plein jour,En agglomération,Intersection en T,Normale,Trois véhicules et plus - collisions multiples,,,,,,,,,,,1,2,3,1.0,5
201400028750,0014-01-11 00:01:00,14,1,11,0,1,500,416,,49.6492,-1.71708,Nuit sans éclairage public,Hors agglomération,Hors intersection,Normale,Sans collision,,,,,,,,,,,3,1,1,1.0,7
201400028751,0014-01-11 18:10:00,14,1,11,18,10,500,129,R DE L'ONGLET/H DUNANT,49.6439,-1.62821,Crépuscule ou aube,En agglomération,Intersection en T,Normale,Deux véhicules - côté,,,,,,,,,,,2,2,3,1.0,3
201400028752,0014-01-10 17:50:00,14,1,10,17,50,500,129,RGAMBETTA/ALBERT MAHIEU,49.6382,-1.62529,Nuit avec éclairage allumé,En agglomération,Intersection en X,Normale,Autre collision,,,,,,,,,,,5,2,2,1.0,6
201400028753,0014-01-14 07:40:00,14,1,14,7,40,500,129,RUE ROGER SALENGRO,49.6265,-1.64362,Plein jour,En agglomération,Hors intersection,Normale,Deux véhicules - côté,,,,,,,,,,,1,2,1,1.0,3