accident_id,datetime,annee,mois,jour,heure,minute,departement,commune_insee,adresse,latitude,longitude,luminosite,agglomeration,intersection,meteo,collision,nb_vehicules,nb_usagers,nb_indemnes,nb_tues,nb_blesses_hosp,nb_blesses_legers,age_cond_1,age_cond_2,veh_type_cond_1,veh_type_cond_2,lum_code,agg_code,int_code,atm_code,col_code
201400028754,0014-01-15 08:10:00,14,1,15,8,10,500,129,R BECQUEREL,49.6284,-1.63966,Crépuscule ou aube,En agglomération,Hors intersection,Pluie légère,Autre collision,,,,,,,,,,,2,2,1,2.0,6
201400028755,0014-01-14 17:15:00,14,1,14,17,15,500,129,RUE DE L'ABBAYE,49.6458,-1.63976,Plein jour,En agglomération,Hors intersection,Normale,Deux véhicules - arrière,,,,,,,,,,,1,2,1,1.0,2
201400028756,0014-01-14 14:05:00,14,1,14,14,5,500,129,PLACE JEAN JAURES,49.634,-1.6225,Plein jour,En agglomération,Intersection en X,Normale,Autre collision,,,,,,,,,,,1,2,2,1.0,6
201400028757,0014-01-15 07:40:00,14,1,15,7,40,500,129,ROND POINT DE THEMIS,49.6345,-1.61376,Nuit avec éclairage allumé,En agglomération,Hors intersection,Normale,Deux véhicules - côté,,,,,,,,,,,5,2,1,1.0,3
201400028758,0014-01-15 08:45:00,14,1,15,8,45,500,602,R LEMARESQUIER/BD MANCHE,49.6479,-1.57874,Plein jour,En agglomération,Intersection en X,Pluie légère,Deux véhicules - frontale,,,,,,,,,,,1,2,2,2.0,1
201400028759,0014-01-18 10:15:00,14,1,18,10,15,500,173,RUE DU FORT,49.6569,-1.66166,Plein jour,En agglomération,Intersection en Y,Normale,Deux véhicules - côté,,,,,,,,,,,1,2,4,1.0,3
201400028760,0014-01-17 14:25:00,14,1,17,14,25,500,203,RUE LUCET,49.6217,-1.61546,Plein jour,En agglomération,Hors intersection,Pluie légère,Sans collision,,,,,,,,,,,1,2,1,2.0,7
201400028761,0014-01-21 17:40:00,14,1,21,17,40,500,602,RU GAL LECLERC,49.6395,-1.60401,Nuit avec éclairage allumé,En agglomération,Hors intersection,Pluie légère,Autre collision,,,,,,,,,,,5,2,1,2.0,6
201400028762,0014-01-22 08:27:00,14,1,22,8,27,500,203,AXE NORD SUD,49.5986,-1.59636,Plein jour,Hors agglomération,Hors intersection,Pluie légère,Autre collision,,,,,,,,,,,1,1,1,2.0,6
201400028763,0014-01-27 05:25:00,14,1,27,5,25,500,602,AXE NORD - SUD,49.6299,-1.58072,Nuit sans éclairage public,Hors agglomération,Hors intersection,Neige / grêle,Autre collision,,,,,,,,,,,3,1,1,4.0,6
201400028764,0014-01-25 15:25:00,14,1,25,15,25,500,203,ROUTE DE LA VENTE,49.6047,-1.57692,Plein jour,Hors agglomération,Hors intersection,Normale,Deux véhicules - frontale,,,,,,,,,,,1,1,1,1.0,1
201400028765,0014-01-28 12:10:00,14,1,28,12,10,500,173,SUECOUF/ARAGO,49.6553,-1.65644,Plein jour,En agglomération,Intersection en T,Pluie forte,Deux véhicules - côté,,,,,,,,,,,1,2,3,3.0,3
201400028766,0014-01-30 14:30:00,14,1,30,14,30,500,129,R GAMBETTA/3 HANGARS,49.6469,-1.64455,Plein jour,En agglomération,Intersection en T,Normale,Sans collision,,,,,,,,,,,1,2,3,1.0,7
201400028767,0014-01-30 23:45:00,14,1,30,23,45,500,129,RUE TOULORGE LEFEVRE,49.6239,-1.60797,Nuit sans éclairage public,En agglomération,Hors intersection,Normale,Autre collision,,,,,,,,,,,3,2,1,1.0,6
201400028768,0014-01-31 19:05:00,14,1,31,19,5,500,173,RUE DE LA PAIX,49.6509,-1.65182,Nuit avec éclairage allumé,En agglomération,Hors intersection,Pluie forte,Autre collision,,,,,,,,,,,5,2,1,3.0,6
201400028769,0014-02-01 17:15:00,14,2,1,17,15,500,129,RUE DE L'ABBAYE,49.645,-1.63597,Plein jour,En agglomération,Hors intersection,Normale,Sans collision,,,,,,,,,,,1,2,1,1.0,7
201400028770,0014-02-04 14:00:00,14,2,4,14,0,500,129,RUE  DES MACONS,49.6449,-1.64471,Plein jour,En agglomération,Hors intersection,Normale,Autre collision,,,,,,,,,,,1,2,1,1.0,6
201400028771,0014-02-05 11:30:00,14,2,5,11,30,500,129,RUE POLLE / RUE ASSSELIN,49.6399,-1.63407,Plein jour,En agglomération,Intersection en X,Pluie légère,Deux véhicules - côté,,,,,,,,,,,1,2,2,2.0,3
201400028772,0014-02-08 06:10:00,14,2,8,6,10,500,129,BOULEVARD MENDES FRANCE,49.6352,-1.62862,Nuit avec éclairage allumé,En agglomération,Hors intersection,Normale,Sans collision,,,,,,,,,,,5,2,1,1.0,7
201400028773,0014-02-10 19:07:00,14,2,10,19,7,500,129,RUE DU VAL DE SAIRE,49.6384,-1.6109,Nuit avec éclairage allumé,En agglomération,Hors intersection,Normale,Deux véhicules - arrière,,,,,,,,,,,5,2,1,1.0,2
201400028774,0014-02-11 08:00:00,14,2,11,8,0,500,129,R A LEVEEL/AV DE PARIS,49.6264,-1.61726,Crépuscule ou aube,En agglomération,Intersection en Y,Vent fort / tempête,Sans collision,,,,,,,,,,,2,2,4,6.0,7
201400028775,0014-02-11 12:30:00,14,2,11,12,30,500,129,RUE DU MAUPAS,49.6337,-1.61269,Plein jour,En agglomération,Hors intersection,Pluie légère,Autre collision,,,,,,,,,,,1,2,1,2.0,6
201400028776,0014-02-11 10:50:00,14,2,11,10,50,500,602,VOIE CONTOURNEMENT EST,49.6498,-1.56502,Plein jour,Hors agglomération,Hors intersection,Vent fort / tempête,Autre collision,,,,,,,,,,,1,1,1,6.0,6
201400028777,0014-02-11 17:00:00,14,2,11,17,0,500,203,ROND POINT ANDRE MALRAUX,49.5996,-1.59735,Plein jour,En agglomération,Giratoire,Normale,Deux véhicules - côté,,,,,,,,,,,1,2,6,1.0,3
201400028778,0014-02-12 22:15:00,14,2,12,22,15,500,129,"0, COUBERTIN (RUE PIERRE",49.6425,-1.6374,Nuit avec éclairage allumé,En agglomération,Intersection en X,Normale,Deux véhicules - côté,,,,,,,,,,,5,2,2,1.0,3
201400028779,0014-02-14 17:50:00,14,2,14,17,50,500,129,R W ROUSSEAU/R BECQUEREL,49.6291,-1.6411,Plein jour,En agglomération,Intersection en X,Vent fort / tempête,Trois véhicules et plus - en chaîne,,,,,,,,,,,1,2,2,6.0,4
201400028780,0014-02-15 08:00:00,14,2,15,8,0,500,129,RUE DES TANNERIES,49.634,-1.6225,Nuit avec éclairage allumé,En agglomération,Intersection en X,Normale,Deux véhicules - frontale,,,,,,,,,,,5,2,2,1.0,1
201400028781,0014-02-19 19:15:00,14,2,19,19,15,500,129,R DES MACONS/R F FAURE,49.6435,-1.64438,Nuit avec éclairage allumé,En agglomération,Intersection en X,Normale,Deux véhicules - arrière,,,,,,,,,,,5,2,2,1.0,2
201400028782,0014-02-21 13:15:00,14,2,21,13,15,500,129,AV DELAVILLE/BD SCHUMAN,49.6359,-1.62577,Plein jour,En agglomération,Intersection en T,Normale,Sans collision,,,,,,,,,,,1,2,3,1.0,7
201400028783,0014-02-22 19:30:00,14,2,22,19,30,500,129,BRETONNIERE/VAL DE SAIRE,49.6392,-1.60545,Nuit avec éclairage allumé,En agglomération,Intersection en X,Normale,Deux véhicules - frontale,,,,,,,,,,,5,2,2,1.0,1
201400028784,0014-02-24 16:00:00,14,2,24,16,0,500,129,CHEMIN CRESPINIERE,49.6305,-1.65073,Plein jour,En agglomération,Hors intersection,Normale,Autre collision,,,,,,,,,,,1,2,1,1.0,6
201400028785,0014-03-08 15:05:00,14,3,8,15,5,500,416,,49.6476,-1.72234,Plein jour,Hors agglomération,Hors intersection,Normale,Sans collision,,,,,,,,,,,1,1,1,1.0,7
201400028786,0014-03-10 18:40:00,14,3,10,18,40,500,602,RUE DE LA MER,49.6536,-1.56906,Plein jour,En agglomération,Hors intersection,Normale,Sans collision,,,,,,,,,,,1,2,1,1.0,7
201400028787,0014-03-10 17:15:00,14,3,10,17,15,500,129,AV LECARPENTIER/MAUPAS,49.6318,-1.61086,Plein jour,En agglomération,Intersection en Y,Normale,Autre collision,,,,,,,,,,,1,2,4,1.0,6
201400028788,0014-03-13 16:30:00,14,3,13,16,30,500,129,DE LA POLLE/PETITES FOUR,49.6405,-1.64061,Plein jour,En agglomération,Intersection en X,Brouillard / fumée,Deux véhicules - côté,,,,,,,,,,,1,2,2,5.0,3
201400028789,0014-03-19 08:45:00,14,3,19,8,45,500,602,R DES METIERS/ARTISANS,49.6359,-1.59067,Plein jour,En agglomération,Intersection en T,Normale,Deux véhicules - côté,,,,,,,,,,,1,2,3,1.0,3
201400028790,0014-03-22 03:55:00,14,3,22,3,55,500,129,CHEMIN DE LA LOGE,49.6204,-1.61888,Nuit sans éclairage public,En agglomération,Hors intersection,Normale,Autre collision,,,,,,,,,,,3,2,1,1.0,6
201400028791,0014-03-25 13:35:00,14,3,25,13,35,500,129,R J FERRY/BARBUSSE,49.6096,-1.65995,Plein jour,En agglomération,Intersection en T,Normale,Deux véhicules - côté,,,,,,,,,,,1,2,3,1.0,3
201400028792,0014-03-29 16:10:00,14,3,29,16,10,500,173,RUE DE LA REPUBLIQUE,49.6459,-1.65042,Plein jour,En agglomération,Hors intersection,Normale,Autre collision,,,,,,,,,,,1,2,1,1.0,6
201400028793,0014-04-06 00:55:00,14,4,6,0,55,500,129,RUE DU MAINE,49.6278,-1.63451,Nuit avec éclairage allumé,En agglomération,Hors intersection,Normale,Deux véhicules - arrière,,,,,,,,,,,5,2,1,1.0,2
201400028794,0014-04-06 17:55:00,14,4,6,17,55,500,129,AL VERDUN/PL DES JUSTES,49.6242,-1.64451,Plein jour,En agglomération,Intersection en T,Normale,Deux véhicules - côté,,,,,,,,,,,1,2,3,1.0,3
201400028795,0014-04-10 19:10:00,14,4,10,19,10,500,173,BD DE LA SALINE,49.6547,-1.64988,Plein jour,En agglomération,Hors intersection,Normale,Deux véhicules - arrière,,,,,,,,,,,1,2,1,1.0,2
201400028796,0014-04-14 11:00:00,14,4,14,11,0,500,129,PLACE DIVETTE,49.6366,-1.62458,Plein jour,En agglomération,Hors intersection,Normale,Autre collision,,,,,,,,,,,1,2,1,1.0,6
201400028797,0014-04-16 12:50:00,14,4,16,12,50,500,129,BOULEVARD FELIX AMIOT,49.6428,-1.60797,Plein jour,En agglomération,Hors intersection,Normale,Sans collision,,,,,,,,,,,1,2,1,1.0,7
201400028798,0014-04-18 08:39:00,14,4,18,8,39,500,129,RUE JOLIOT CURIE,49.6296,-1.64244,Plein jour,En agglomération,Hors intersection,Normale,Deux véhicules - arrière,,,,,,,,,,,1,2,1,1.0,2
201400028799,0014-04-18 10:40:00,14,4,18,10,40,500,602,RUE DU BECQUET,49.6498,-1.5662,Plein jour,En agglomération,Intersection en T,Normale,Deux véhicules - côté,,,,,,,,,,,1,2,3,1.0,3
201400028800,0014-04-18 12:05:00,14,4,18,12,5,500,129,R ILE DE FRANCE/ VEXIN,49.6275,-1.63342,Plein jour,En agglomération,Intersection en T,Normale,Autre collision,,,,,,,,,,,1,2,3,1.0,6
201400028801,0014-04-22 10:00:00,14,4,22,10,0,500,173,RUE MARCEL SEMBAT,49.6584,-1.68461,Plein jour,En agglomération,Hors intersection,Normale,Sans collision,,,,,,,,,,,1,2,1,1.0,7
201400028802,0014-04-23 15:15:00,14,4,23,15,15,500,129,BD FELIX AMIOT,49.6425,-1.61529,Plein jour,En agglomération,Giratoire,Pluie légère,Autre collision,,,,,,,,,,,1,2,6,2.0,6
201400028803,0014-04-25 09:25:00,14,4,25,9,25,500,129,RP POOLE/R MONTEBELLO,49.6359,-1.63137,Plein jour,En agglomération,Intersection en X,Pluie légère,Deux véhicules - côté,,,,,,,,,,,1,2,2,2.0,3
201400028804,0014-04-27 20:13:00,14,4,27,20,13,500,129,PONT COSNARD,49.6155,-1.64042,Plein jour,En agglomération,Hors intersection,Normale,Deux véhicules - frontale,,,,,,,,,,,1,2,1,1.0,1
201400028805,0014-05-03 17:30:00,14,5,3,17,30,500,129,QUAI ALEXANDRE III,49.6386,-1.62159,Plein jour,En agglomération,Hors intersection,Normale,Sans collision,,,,,,,,,,,1,2,1,1.0,7
201400028806,0014-05-10 21:50:00,14,5,10,21,50,500,129,AV RENE SCHMITT,49.6338,-1.64891,Nuit avec éclairage allumé,En agglomération,Hors intersection,Vent fort / tempête,Autre collision,,,,,,,,,,,5,2,1,6.0,6
201400028807,0014-05-13 07:30:00,14,5,13,7,30,500,129,"0, CONQUERANT (BOULEVARD",49.6392,-1.63565,Plein jour,En agglomération,Hors intersection,Normale,Sans collision,,,,,,,,,,,1,2,1,1.0,7
201400028808,0014-05-19 10:15:00,14,5,19,10,15,500,129,RUE DU VAL DE SAIRE,49.6388,-1.61531,Plein jour,En agglomération,Hors intersection,Normale,Trois véhicules et plus - collisions multiples,,,,,,,,,,,1,2,1,1.0,5
201400028809,0014-05-23 11:25:00,14,5,23,11,25,500,129,RUE DU VAL DE SAIRE,49.6386,-1.60933,Plein jour,En agglomération,Hors intersection,Pluie légère,Deux véhicules - arrière,,,,,,,,,,,1,2,1,2.0,2
201400028810,0014-05-24 17:50:00,14,5,24,17,50,500,203,LES ROUGES TERRES,49.6096,-1.60037,Plein jour,En agglomération,Hors intersection,Normale,Autre collision,,,,,,,,,,,1,2,1,1.0,6
201400028811,0014-05-27 15:50:00,14,5,27,15,50,500,602,LES BRULINS,49.6226,-1.58134,Plein jour,En agglomération,Hors intersection,Normale,Sans collision,,,,,,,,,,,1,2,1,1.0,7
201400028812,0014-05-28 17:30:00,14,5,28,17,30,500,173,BOULEVARD DE LA SALINE,49.6485,-1.64386,Plein jour,En agglomération,Hors intersection,Normale,Deux véhicules - arrière,,,,,,,,,,,1,2,1,1.0,2
201400028813,0014-06-03 14:40:00,14,6,3,14,40,500,129,AV AMIRAL LEMONNIER,49.6346,-1.61296,Plein jour,En agglomération,Hors intersection,Normale,Trois véhicules et plus - en chaîne,,,,,,,,,,,1,2,1,1.0,4
201400028814,0014-06-03 16:10:00,14,6,3,16,10,500,129,PLACE NAPOLEON,49.6423,-1.62221,Plein jour,En agglomération,Hors intersection,Normale,Autre collision,,,,,,,,,,,1,2,1,1.0,6
201400028815,0014-06-05 02:20:00,14,6,5,2,20,500,129,RUE DU VAL DE SAIRE,49.639,-1.61866,Nuit avec éclairage allumé,En agglomération,Hors intersection,Normale,Autre collision,,,,,,,,,,,5,2,1,1.0,6
201400028816,0014-06-04 19:15:00,14,6,4,19,15,500,129,RUE PIERRE DE COUBERTIN,49.6426,-1.64059,Plein jour,En agglomération,Hors intersection,Normale,Autre collision,,,,,,,,,,,1,2,1,1.0,6
201400028817,0014-06-04 06:40:00,14,6,4,6,40,500,129,ROND POINT THEMIS,49.6346,-1.61333,Plein jour,En agglomération,Hors intersection,Pluie légère,Autre collision,,,,,,,,,,,1,2,1,2.0,6
201400028818,0014-06-06 07:30:00,14,6,6,7,30,500,173,RUE DE LA PAIX,49.6483,-1.64915,Plein jour,En agglomération,Intersection en T,Normale,Deux véhicules - arrière,,,,,,,,,,,1,2,3,1.0,2
201400028819,0014-06-06 08:00:00,14,6,6,8,0,500,602,RUE GAMBETTA,49.6424,-1.58428,Plein jour,En agglomération,Hors intersection,Normale,Deux véhicules - arrière,,,,,,,,,,,1,2,1,1.0,2
201400028820,0014-06-06 13:20:00,14,6,6,13,20,500,129,R ROGER SALENGRO/V HUGO,49.6241,-1.64596,Plein jour,En agglomération,Intersection en T,Normale,Deux véhicules - côté,,,,,,,,,,,1,2,3,1.0,3
201400028821,0014-06-10 14:00:00,14,6,10,14,0,500,129,BD ATLANTIQUE/J MESLIN,49.6209,-1.64264,Plein jour,En agglomération,Intersection en X,Normale,Deux véhicules - côté,,,,,,,,,,,1,2,2,1.0,3
201400028822,0014-06-12 16:05:00,14,6,12,16,5,500,416,RD POINT DE QUERQUEVILLE,49.6616,-1.68146,Plein jour,En agglomération,Giratoire,Normale,Deux véhicules - arrière,,,,,,,,,,,1,2,6,1.0,2
201400028823,0014-06-13 18:55:00,14,6,13,18,55,500,129,RUE MALAKOFF/TOURVILLE,49.6401,-1.61411,Plein jour,En agglomération,Intersection en X,Normale,Sans collision,,,,,,,,,,,1,2,2,1.0,7
201400028824,0014-06-22 06:20:00,14,6,22,6,20,500,173,RUE DU GENERAL DE GAULLE,49.6612,-1.68091,Plein jour,En agglomération,Hors intersection,Normale,Deux véhicules - frontale,,,,,,,,,,,1,2,1,1.0,1
201400028825,0014-06-23 09:50:00,14,6,23,9,50,500,203,AXE NORD - SUD,49.6106,-1.58563,Plein jour,Hors agglomération,Hors intersection,Normale,Sans collision,,,,,,,,,,,1,1,1,1.0,7
201400028826,0014-06-23 10:10:00,14,6,23,10,10,500,203,LES ROUGES TERRES,49.6141,-1.60307,Plein jour,En agglomération,Hors intersection,Normale,Sans collision,,,,,,,,,,,1,2,1,1.0,7
201400028827,0014-06-24 16:50:00,14,6,24,16,50,500,129,BOULEVARD MENDES FRANCE,49.6346,-1.62562,Plein jour,En agglomération,Hors intersection,Normale,Deux véhicules - arrière,,,,,,,,,,,1,2,1,1.0,2
201400028828,0014-06-25 18:10:00,14,6,25,18,10,500,129,R E DOLET/A BRIAND,49.6275,-1.6481,Plein jour,En agglomération,Intersection en Y,Normale,Deux véhicules - frontale,,,,,,,,,,,1,2,4,1.0,1
201400028829,0014-06-26 08:00:00,14,6,26,8,0,500,173,RD POINT DE QUERQUEVILLE,49.6616,-1.68146,Plein jour,En agglomération,Giratoire,Normale,Sans collision,,,,,,,,,,,1,2,6,1.0,7
201400028830,0014-06-27 04:25:00,14,6,27,4,25,500,129,AVENUE DE PARIS,49.628,-1.61793,Nuit avec éclairage allumé,En agglomération,Hors intersection,Normale,Autre collision,,,,,,,,,,,5,2,1,1.0,6
201400028831,0014-06-28 11:45:00,14,6,28,11,45,500,416,RUE DES CLAIRES,49.6615,-1.69043,Plein jour,En agglomération,Hors intersection,Normale,Sans collision,,,,,,,,,,,1,2,1,1.0,7
201400028832,0014-07-02 16:20:00,14,7,2,16,20,500,129,RUE DU MAINE,49.6289,-1.63107,Plein jour,En agglomération,Hors intersection,Normale,Deux véhicules - frontale,,,,,,,,,,,1,2,1,1.0,1
201400028833,0014-07-05 17:30:00,14,7,5,17,30,500,602,RUE BREQUECAL,49.6317,-1.56138,Plein jour,En agglomération,Hors intersection,Pluie légère,Autre collision,,,,,,,,,,,1,2,1,2.0,6
201400028834,0014-07-05 12:15:00,14,7,5,12,15,500,129,BD DE L'ATLANTIQUE,49.6268,-1.63676,Plein jour,En agglomération,Hors intersection,Pluie légère,Autre collision,,,,,,,,,,,1,2,1,2.0,6
201400028835,0014-07-07 17:55:00,14,7,7,17,55,500,129,PLACE NAPOLEON,49.643,-1.62449,Plein jour,En agglomération,Intersection en T,Normale,Autre collision,,,,,,,,,,,1,2,3,1.0,6
201400028836,0014-07-07 16:20:00,14,7,7,16,20,500,173,R VAUBAN/BD SALINE,49.6539,-1.64909,Plein jour,En agglomération,Intersection en X,Normale,Deux véhicules - côté,,,,,,,,,,,1,2,2,1.0,3
201400028837,0014-07-09 18:20:00,14,7,9,18,20,500,129,RUE DES TRIBUNAUX,49.6382,-1.6233,Plein jour,En agglomération,Hors intersection,Normale,Autre collision,,,,,,,,,,,1,2,1,1.0,6
201400028838,0014-07-13 09:55:00,14,7,13,9,55,500,203,GIRATOIRE DES MARETTES,49.6049,-1.59891,Plein jour,En agglomération,Hors intersection,Normale,Autre collision,,,,,,,,,,,1,2,1,1.0,6
201400028839,0014-07-13 10:30:00,14,7,13,10,30,500,129,RUE LOUIS LANSONNEUR,49.6197,-1.62219,Plein jour,En agglomération,Hors intersection,Normale,Autre collision,,,,,,,,,,,1,2,1,1.0,6
201400028840,0014-07-17 11:30:00,14,7,17,11,30,500,129,RUE BECQUEREL,49.6284,-1.63964,Plein jour,En agglomération,Hors intersection,Normale,Deux véhicules - arrière,,,,,,,,,,,1,2,1,1.0,2
201400028841,0014-07-18 17:35:00,14,7,18,17,35,500,129,PLACE NAPOLEON,49.6424,-1.6224,Plein jour,En agglomération,Hors intersection,Normale,Deux véhicules - arrière,,,,,,,,,,,1,2,1,1.0,2
201400028842,0014-07-21 16:20:00,14,7,21,16,20,500,129,PLACE JEAN JAURES,49.6339,-1.62163,Plein jour,En agglomération,Hors intersection,Normale,Deux véhicules - arrière,,,,,,,,,,,1,2,1,1.0,2
201400028843,0014-07-22 16:35:00,14,7,22,16,35,500,173,R PAUL BERT/R SALENGRO,49.6501,-1.65197,Plein jour,En agglomération,Intersection en X,Normale,Deux véhicules - côté,,,,,,,,,,,1,2,2,1.0,3
201400028844,0014-07-26 17:30:00,14,7,26,17,30,500,416,RUE DU BRETON,49.6559,-1.69951,Plein jour,En agglomération,Intersection en T,Normale,Deux véhicules - côté,,,,,,,,,,,1,2,3,1.0,3
201400028845,0014-07-28 17:00:00,14,7,28,17,0,500,129,R BONHOMME/BUCAILLE,49.6413,-1.63199,Plein jour,En agglomération,Intersection en X,Normale,Deux véhicules - côté,,,,,,,,,,,1,2,2,1.0,3
201400028846,0014-07-30 11:15:00,14,7,30,11,15,500,173,AVENUE DE TOURVILLE,49.6524,-1.65133,Plein jour,En agglomération,Hors intersection,Normale,Sans collision,,,,,,,,,,,1,2,1,1.0,7
201400028847,0014-07-31 04:45:00,14,7,31,4,45,500,203,,49.5925,-1.59598,Nuit sans éclairage public,Hors agglomération,Hors intersection,Normale,Sans collision,,,,,,,,,,,3,1,1,1.0,7
201400028848,0014-08-04 22:45:00,14,8,4,22,45,500,173,R DE LA PAIX/SALINE,49.6553,-1.65645,Nuit avec éclairage allumé,En agglomération,Intersection en T,Normale,Deux véhicules - frontale,,,,,,,,,,,5,2,3,1.0,1
201400028849,0014-08-10 08:45:00,14,8,10,8,45,500,129,G LE CONQUE/DE L'ABBAYE,49.6456,-1.63885,Plein jour,En agglomération,Intersection en T,Pluie légère,Deux véhicules - côté,,,,,,,,,,,1,2,3,2.0,3
201400028850,0014-08-09 08:20:00,14,8,9,8,20,500,602,RUE MEDERIC,49.6414,-1.5929,Plein jour,En agglomération,Hors intersection,Normale,Deux véhicules - arrière,,,,,,,,,,,1,2,1,1.0,2
201400028851,0014-08-15 20:15:00,14,8,15,20,15,500,129,"0, CACHIN (RUE DE L'INGE",49.6396,-1.6174,Plein jour,En agglomération,Intersection en X,Normale,Deux véhicules - côté,,,,,,,,,,,1,2,2,1.0,3
201400028852,0014-08-17 11:15:00,14,8,17,11,15,500,416,RUE D'AMFREVILLE,49.6614,-1.71368,Plein jour,En agglomération,Hors intersection,Normale,Autre collision,,,,,,,,,,,1,2,1,1.0,6
201400028853,0014-08-14 16:50:00,14,8,14,16,50,500,129,AV DE PARIS/JF MILLET,49.6334,-1.61737,Plein jour,En agglomération,Intersection en X,Normale,Sans collision,,,,,,,,,,,1,2,2,1.0,7
201400028854,0014-08-18 07:45:00,14,8,18,7,45,500,602,BD DE LA MANCHE,49.6404,-1.5729,Plein jour,En agglomération,Hors intersection,Normale,Sans collision,,,,,,,,,,,1,2,1,1.0,7
201400028855,0014-08-21 17:55:00,14,8,21,17,55,500,416,PLACE DU G DE GAULLE,49.6647,-1.69727,Plein jour,En agglomération,Hors intersection,Normale,Autre collision,,,,,,,,,,,1,2,1,1.0,6
201400028856,0014-08-26 01:45:00,14,8,26,1,45,500,129,RUE ROBERT LECOUVEY,49.63,-1.59773,Nuit avec éclairage allumé,En agglomération,Hors intersection,Pluie forte,Autre collision,,,,,,,,,,,5,2,1,3.0,6
201400028857,0014-08-25 12:15:00,14,8,25,12,15,500,129,RONS POINT THEMIS,49.6342,-1.61428,Plein jour,En agglomération,Giratoire,Pluie légère,Autre collision,,,,,,,,,,,1,2,6,2.0,6
201400028858,0014-08-25 17:55:00,14,8,25,17,55,500,129,BREMERHAVEN/FEVRES,49.6313,-1.60761,Plein jour,En agglomération,Intersection en T,Normale,Deux véhicules - frontale,,,,,,,,,,,1,2,3,1.0,1
201400028859,0014-09-02 17:00:00,14,9,2,17,0,500,129,,49.6333,-1.61732,Plein jour,En agglomération,Intersection en T,Normale,Sans collision,,,,,,,,,,,1,2,3,1.0,7
201400028860,0014-09-04 08:10:00,14,9,4,8,10,500,129,RUE ARAGO/DE LA VALLEE,49.6365,-1.64948,Plein jour,En agglomération,Intersection en X,Normale,Deux véhicules - côté,,,,,,,,,,,1,2,2,1.0,3
201400028861,0014-09-05 22:35:00,14,9,5,22,35,500,129,SADI CARNOT/BECQUEREL,49.6291,-1.6411,Nuit avec éclairage allumé,En agglomération,Intersection en X,Normale,Deux véhicules - frontale,,,,,,,,,,,5,2,2,1.0,1
201400028862,0014-09-07 21:05:00,14,9,7,21,5,500,173,AVENUE DE BENECERE,49.6578,-1.68915,Crépuscule ou aube,En agglomération,Hors intersection,Normale,Sans collision,,,,,,,,,,,2,2,1,1.0,7
201400028863,0014-09-09 12:45:00,14,9,9,12,45,500,173,M SEMBAT/DES CLAIRES,49.6586,-1.69093,Plein jour,En agglomération,Intersection en X,Normale,Deux véhicules - arrière,,,,,,,,,,,1,2,2,1.0,2
201400028864,0014-09-09 16:35:00,14,9,9,16,35,500,173,RUE PAUL DOUMER,49.646,-1.65686,Plein jour,En agglomération,Hors intersection,Normale,Autre collision,,,,,,,,,,,1,2,1,1.0,6
201400028865,0014-09-13 21:40:00,14,9,13,21,40,500,602,RUE DES ALLIES,49.6374,-1.57073,Nuit avec éclairage allumé,En agglomération,Hors intersection,Normale,Sans collision,,,,,,,,,,,5,2,1,1.0,7
201400028866,0014-09-16 08:00:00,14,9,16,8,0,500,129,CH DE LA CRESPINIERE,49.633,-1.65068,Plein jour,En agglomération,Hors intersection,Normale,Sans collision,,,,,,,,,,,1,2,1,1.0,7
201400028867,0014-09-17 13:00:00,14,9,17,13,0,500,129,RUE HENRI BARBUSSE,49.6226,-1.64738,Plein jour,En agglomération,Intersection en T,Normale,Deux véhicules - arrière,,,,,,,,,,,1,2,3,1.0,2
201400028868,0014-09-17 13:20:00,14,9,17,13,20,500,129,RUE DES RESISTANTS,49.6318,-1.63965,Plein jour,En agglomération,Hors intersection,Normale,Deux véhicules - côté,,,,,,,,,,,1,2,1,1.0,3
201400028869,0014-09-18 17:50:00,14,9,18,17,50,500,602,"0, BROSSOLETTE (RUE PIER",49.6329,-1.59098,Plein jour,En agglomération,Hors intersection,Normale,Deux véhicules - arrière,,,,,,,,,,,1,2,1,1.0,2
201400028870,0014-09-25 07:35:00,14,9,25,7,35,500,203,LES ROUGES TERRES,49.6208,-1.61434,Crépuscule ou aube,En agglomération,Hors intersection,Normale,Sans collision,,,,,,,,,,,2,2,1,1.0,7
201400028871,0014-09-25 11:15:00,14,9,25,11,15,500,602,AVENUE DE NORTHEIM,49.6443,-1.58156,Plein jour,En agglomération,Intersection en X,Normale,Deux véhicules - côté,,,,,,,,,,,1,2,2,1.0,3
201400028872,0014-09-25 17:30:00,14,9,25,17,30,500,129,BD DE L'ATLANTIQUE,49.6247,-1.6375,Plein jour,En agglomération,Hors intersection,Normale,Deux véhicules - arrière,,,,,,,,,,,1,2,1,1.0,2
201400028873,0014-09-26 18:45:00,14,9,26,18,45,500,129,AVENUE ARISTIDE BRIAND,49.6396,-1.61634,Plein jour,En agglomération,Hors intersection,Temps couvert,Deux véhicules - côté,,,,,,,,,,,1,2,1,8.0,3
201400028874,0014-09-30 09:10:00,14,9,30,9,10,500,129,RUE DE L'ABBAYE,49.6456,-1.63881,Plein jour,En agglomération,Hors intersection,Normale,Sans collision,,,,,,,,,,,1,2,1,1.0,7
201400028875,0014-10-01 16:55:00,14,10,1,16,55,500,129,RUE BECQUEREL,49.6277,-1.63882,Plein jour,En agglomération,Hors intersection,Pluie légère,Sans collision,,,,,,,,,,,1,2,1,2.0,7
201400028876,0014-10-03 12:15:00,14,10,3,12,15,500,173,RUE DES MACONS,49.6455,-1.64408,Plein jour,En agglomération,Hors intersection,Normale,Deux véhicules - arrière,,,,,,,,,,,1,2,1,1.0,2