accident_id,datetime,annee,mois,jour,heure,minute,departement,commune_insee,adresse,latitude,longitude,luminosite,agglomeration,intersection,meteo,collision,nb_vehicules,nb_usagers,nb_indemnes,nb_tues,nb_blesses_hosp,nb_blesses_legers,age_cond_1,age_cond_2,veh_type_cond_1,veh_type_cond_2,lum_code,agg_code,int_code,atm_code,col_code
201400029000,0014-01-13 18:10:00,14,1,13,18,10,500,502,R BEAUCOUDRAY/PL MARS,49.1163,-1.08866,Nuit avec éclairage allumé,En agglomération,Intersection en T,Normale,Deux véhicules - côté,,,,,,,,,,,5,2,3,1.0,3
201400029001,0014-02-04 12:20:00,14,2,4,12,20,500,475,AVENUE DU COTENTIN,49.1286,-1.094,Plein jour,En agglomération,Intersection en X,Normale,Deux véhicules - arrière,,,,,,,,,,,1,2,2,1.0,2
201400029002,0014-03-03 15:20:00,14,3,3,15,20,500,502,RUE DES NOYERS,49.1164,-1.09229,Plein jour,En agglomération,Hors intersection,Normale,Deux véhicules - arrière,,,,,,,,,,,1,2,1,1.0,2
201400029003,0014-03-04 21:20:00,14,3,4,21,20,500,502,,49.0983,-1.11156,Nuit sans éclairage public,Hors agglomération,Hors intersection,Normale,Sans collision,,,,,,,,,,,3,1,1,1.0,7
201400029004,0014-03-16 17:00:00,14,3,16,17,0,500,502,,49.1119,-1.06992,Plein jour,En agglomération,Giratoire,Normale,Deux véhicules - côté,,,,,,,,,,,1,2,6,1.0,3
201400029005,0014-03-26 12:20:00,14,3,26,12,20,500,502,RUE DE TORIGNI,49.1091,-1.07354,Plein jour,En agglomération,Hors intersection,Normale,Trois véhicules et plus - en chaîne,,,,,,,,,,,1,2,1,1.0,4
201400029006,0014-04-20 03:45:00,14,4,20,3,45,500,502,AVENUE DE VERDUN,49.1177,-1.08735,Nuit avec éclairage allumé,En agglomération,Hors intersection,Pluie légère,Sans collision,,,,,,,,,,,5,2,1,2.0,7
201400029007,0014-04-22 21:45:00,14,4,22,21,45,500,502,,49.1072,-1.06034,Nuit avec éclairage allumé,Hors agglomération,Intersection en X,Normale,Deux véhicules - frontale,,,,,,,,,,,5,1,2,1.0,1
201400029008,0014-05-17 13:45:00,14,5,17,13,45,500,502,RTE DE VILLEDIEU,49.1144,-1.09872,Plein jour,En agglomération,Hors intersection,Normale,Autre collision,,,,,,,,,,,1,2,1,1.0,6
201400029009,0014-05-21 16:02:00,14,5,21,16,2,500,502,R DE LATTRE DE TASSIGNY,49.1071,-1.07059,Plein jour,En agglomération,Hors intersection,Normale,Trois véhicules et plus - en chaîne,,,,,,,,,,,1,2,1,1.0,4
201400029010,0014-05-27 13:30:00,14,5,27,13,30,500,502,JOUHAUX L?ON,49.1107,-1.05569,Plein jour,En agglomération,Intersection en X,Temps couvert,Deux véhicules - côté,,,,,,,,,,,1,2,2,8.0,3
201400029011,0014-06-11 15:10:00,14,6,11,15,10,500,2,RUE PAPIN DENIS,49.1118,-1.1329,Plein jour,En agglomération,Hors intersection,Normale,Deux véhicules - côté,,,,,,,,,,,1,2,1,1.0,3
201400029012,0014-06-12 16:55:00,14,6,12,16,55,500,502,RD POINT DES MATIGNONS,49.1056,-1.06915,Plein jour,Hors agglomération,Hors intersection,Normale,Deux véhicules - côté,,,,,,,,,,,1,1,1,1.0,3
201400029013,0014-06-15 06:05:00,14,6,15,6,5,500,502,CANDOL (LIEU DIT),49.0927,-1.1174,Crépuscule ou aube,En agglomération,Hors intersection,Normale,Autre collision,,,,,,,,,,,2,2,1,1.0,6
201400029014,0014-07-07 08:25:00,14,7,7,8,25,500,2,RUE HAVIN,49.1146,-1.09176,Plein jour,En agglomération,Hors intersection,Temps éblouissant,Autre collision,,,,,,,,,,,1,2,1,7.0,6
201400029015,0014-07-10 16:40:00,14,7,10,16,40,500,502,ROUTE DE TESSY,49.1061,-1.09371,Plein jour,En agglomération,Hors intersection,Normale,Autre collision,,,,,,,,,,,1,2,1,1.0,6
201400029016,0014-07-18 14:50:00,14,7,18,14,50,500,502,,49.0991,-1.11352,Plein jour,Hors agglomération,Hors intersection,Normale,Sans collision,,,,,,,,,,,1,1,1,1.0,7
201400029017,0014-08-02 14:50:00,14,8,2,14,50,500,502,R MARNE/TADSSIGNY,49.1131,-1.07946,Plein jour,En agglomération,Intersection en X,Normale,Deux véhicules - côté,,,,,,,,,,,1,2,2,1.0,3
201400029018,0014-08-05 10:50:00,14,8,5,10,50,500,502,AVENUE DES HETRES,49.1111,-1.06416,Plein jour,En agglomération,Hors intersection,Normale,Deux véhicules - côté,,,,,,,,,,,1,2,1,1.0,3
201400029019,0014-08-18 09:10:00,14,8,18,9,10,500,502,ROUTE DE TORIGNI,49.1087,-1.07295,Plein jour,En agglomération,Hors intersection,Normale,Sans collision,,,,,,,,,,,1,2,1,1.0,7
201400029020,0014-08-23 12:20:00,14,8,23,12,20,500,2,ROCREUIL,49.1106,-1.12306,Plein jour,Hors agglomération,Hors intersection,Normale,Deux véhicules - frontale,,,,,,,,,,,1,1,1,1.0,1
201400029021,0014-08-31 16:10:00,14,8,31,16,10,500,321,ROUTE D'ISIGNY,49.1333,-1.0675,Plein jour,Hors agglomération,Intersection en T,Normale,Deux véhicules - côté,,,,,,,,,,,1,1,3,1.0,3
201400029022,0014-10-27 08:35:00,14,10,27,8,35,500,502,RUE JOUHAUX L?ON,49.1145,-1.05448,Plein jour,En agglomération,Intersection en T,Normale,Deux véhicules - frontale,,,,,,,,,,,1,2,3,1.0,1
201400029023,0014-11-07 17:00:00,14,11,7,17,0,500,2,RUE HENRI DUNANT,49.1073,-1.10793,Plein jour,En agglomération,Hors intersection,Temps couvert,Autre collision,,,,,,,,,,,1,2,1,8.0,6
201400029024,0014-11-24 14:30:00,14,11,24,14,30,500,502,LA CHEVALERIE,49.1111,-1.04285,Plein jour,Hors agglomération,Hors intersection,Temps couvert,Sans collision,,,,,,,,,,,1,1,1,8.0,7
201400029025,0014-11-28 18:25:00,14,11,28,18,25,500,502,RD POINT MATIGNONS,49.1058,-1.06877,Nuit avec éclairage allumé,En agglomération,Giratoire,Temps couvert,Deux véhicules - côté,,,,,,,,,,,5,2,6,8.0,3
201400029026,0014-12-02 19:45:00,14,12,2,19,45,500,502,PLACE DE GAULLE,49.1157,-1.09096,Nuit avec éclairage allumé,En agglomération,Hors intersection,Pluie légère,Autre collision,,,,,,,,,,,5,2,1,2.0,6
201400029027,0014-11-28 07:05:00,14,11,28,7,5,500,475,AVENUE DU COTENTIN,49.1299,-1.09403,Nuit avec éclairage allumé,En agglomération,Hors intersection,Temps couvert,Autre collision,,,,,,,,,,,5,2,1,8.0,6
201400029028,0014-12-07 18:00:00,14,12,7,18,0,500,2,,49.1135,-1.1493,Nuit sans éclairage public,Hors agglomération,Hors intersection,Normale,Autre collision,,,,,,,,,,,3,1,1,1.0,6
201400029029,0014-01-17 15:38:00,14,1,17,15,38,510,108,PL TISSIER/RUE DE VAUX,,,Plein jour,En agglomération,Intersection en T,Normale,Autre collision,,,,,,,,,,,1,2,3,1.0,6
201400029030,0014-02-13 03:10:00,14,2,13,3,10,510,453,N44,,,Nuit sans éclairage public,Hors agglomération,Hors intersection,Temps couvert,Deux véhicules - arrière,,,,,,,,,,,3,1,1,8.0,2
201400029031,0014-02-20 08:10:00,14,2,20,8,10,510,108,RUE P. LEBON/AVE SARRAIL,,,Plein jour,En agglomération,Intersection en T,Normale,Autre collision,,,,,,,,,,,1,2,3,1.0,6
201400029032,0014-02-22 00:10:00,14,2,22,0,10,510,108,D87/D977,,,Nuit avec éclairage allumé,En agglomération,Intersection en Y,Normale,Deux véhicules - côté,,,,,,,,,,,5,2,4,1.0,3
201400029033,0014-03-31 21:45:00,14,3,31,21,45,510,242,D3,,,Nuit avec éclairage non allumé,En agglomération,Hors intersection,Normale,Autre collision,,,,,,,,,,,4,2,1,1.0,6
201400029034,0014-04-06 07:17:00,14,4,6,7,17,510,506,24 AVENUE JACQUES SIMON,,,Crépuscule ou aube,En agglomération,Hors intersection,Normale,Deux véhicules - frontale,,,,,,,,,,,2,2,1,1.0,1
201400029035,0014-04-11 18:35:00,14,4,11,18,35,510,108,RUES JAURES/DE FAGNIERES,,,Plein jour,En agglomération,Intersection en X,Normale,Deux véhicules - côté,,,,,,,,,,,1,2,2,1.0,3
201400029036,0014-04-23 15:02:00,14,4,23,15,2,510,108,DU GPE LIBERATION NORD,,,Plein jour,En agglomération,Intersection en X,Normale,Deux véhicules - frontale,,,,,,,,,,,1,2,2,1.0,1
201400029037,0014-05-26 15:00:00,14,5,26,15,0,510,108,N44,,,Plein jour,Hors agglomération,Hors intersection,Temps couvert,Deux véhicules - côté,,,,,,,,,,,1,1,1,8.0,3
201400029038,0014-06-07 20:35:00,14,6,7,20,35,510,108,AVE P. SEMARD/M. COLIN,,,Plein jour,En agglomération,Intersection en X,Normale,Deux véhicules - côté,,,,,,,,,,,1,2,2,1.0,3
201400029039,0014-06-16 17:40:00,14,6,16,17,40,510,506,N44,,,Plein jour,Hors agglomération,Hors intersection,Normale,Deux véhicules - côté,,,,,,,,,,,1,1,1,1.0,3
201400029040,0014-06-23 19:35:00,14,6,23,19,35,510,108,RUE D ORFEUIL,,,Plein jour,En agglomération,Hors intersection,Normale,Autre collision,,,,,,,,,,,1,2,1,1.0,6
201400029041,0014-09-06 18:08:00,14,9,6,18,8,510,108,AVE SEMARD/PL DE CANCALE,,,Plein jour,En agglomération,Intersection en T,Normale,Deux véhicules - côté,,,,,,,,,,,1,2,3,1.0,3
201400029042,0014-09-10 13:30:00,14,9,10,13,30,510,506,AVE J. SIMON/A. BAUDIET,,,Plein jour,En agglomération,Intersection en X,Normale,Deux véhicules - côté,,,,,,,,,,,1,2,2,1.0,3
201400029043,0014-09-15 17:05:00,14,9,15,17,5,510,108,57 RUE JEAN JAURES,,,Plein jour,En agglomération,Hors intersection,Normale,Autre collision,,,,,,,,,,,1,2,1,1.0,6
201400029044,0014-10-04 15:22:00,14,10,4,15,22,510,108,N 44,,,Plein jour,Hors agglomération,Hors intersection,Normale,Deux véhicules - frontale,,,,,,,,,,,1,1,1,1.0,1
201400029045,0014-10-07 14:40:00,14,10,7,14,40,510,108,D60/AVENUE DES GREVIERE,,,Plein jour,En agglomération,Intersection en X,Pluie légère,Deux véhicules - frontale,,,,,,,,,,,1,2,2,2.0,1
201400029046,0014-10-20 13:05:00,14,10,20,13,5,510,168,D977,,,Plein jour,Hors agglomération,Hors intersection,Normale,Trois véhicules et plus - collisions multiples,,,,,,,,,,,1,1,1,1.0,5
201400029047,0014-10-30 11:35:00,14,10,30,11,35,510,108,D3/RUE DU 372E RALVF,,,Plein jour,En agglomération,Intersection en T,Normale,Deux véhicules - côté,,,,,,,,,,,1,2,3,1.0,3
201400029048,0014-11-02 08:30:00,14,11,2,8,30,510,108,D87,,,Plein jour,En agglomération,Hors intersection,Normale,Autre collision,,,,,,,,,,,1,2,1,1.0,6
201400029049,0014-11-04 05:03:00,14,11,4,5,3,510,242,D. POSTES/NOUE DU MOULIN,,,Nuit avec éclairage allumé,En agglomération,Intersection en X,Pluie légère,Deux véhicules - côté,,,,,,,,,,,5,2,2,2.0,3
201400029050,0014-11-10 10:00:00,14,11,10,10,0,510,108,DU LT LOYER/DES AVEUGLES,,,Plein jour,En agglomération,Intersection en X,Autre,Deux véhicules - côté,,,,,,,,,,,1,2,2,9.0,3
201400029051,0014-12-12 05:45:00,14,12,12,5,45,510,168,D977,,,Nuit sans éclairage public,Hors agglomération,Hors intersection,Pluie légère,Trois véhicules et plus - collisions multiples,,,,,,,,,,,3,1,1,2.0,5
201400029052,0014-12-31 21:45:00,14,12,31,21,45,510,108,D3,,,Nuit avec éclairage allumé,En agglomération,Hors intersection,Normale,Autre collision,,,,,,,,,,,5,2,1,1.0,6
201400029053,0014-03-14 12:10:00,14,3,14,12,10,510,230,RUE PASTEUR,,,Plein jour,En agglomération,Hors intersection,Temps éblouissant,Autre collision,,,,,,,,,,,1,2,1,7.0,6
201400029054,0014-06-06 20:30:00,14,6,6,20,30,510,230,RUE DE LA GUADELOUPE,,,Plein jour,En agglomération,Hors intersection,Normale,Autre collision,,,,,,,,,,,1,2,1,1.0,6
201400029055,0014-07-08 15:05:00,14,7,8,15,5,510,230,AVE GENERAL MARGUERITTE,,,Plein jour,En agglomération,Hors intersection,Normale,Autre collision,,,,,,,,,,,1,2,1,1.0,6
201400029056,0014-08-04 19:40:00,14,8,4,19,40,510,230,"31, AVE DE FRANCHE COMTE",,,Plein jour,En agglomération,Intersection en X,Normale,Autre collision,,,,,,,,,,,1,2,2,1.0,6
201400029057,0014-12-16 08:15:00,14,12,16,8,15,510,230,62 AVENUE PAUL CHANDON,,,Plein jour,En agglomération,Giratoire,Pluie légère,Autre collision,,,,,,,,,,,1,2,6,2.0,6
201400029058,0014-01-07 17:15:00,14,1,7,17,15,510,454,BOULEVARD VICTOR HUGO,,,Crépuscule ou aube,En agglomération,Hors intersection,Pluie légère,Autre collision,,,,,,,,,,,2,2,1,2.0,6
201400029059,0014-01-10 17:15:00,14,1,10,17,15,510,454,AVENUE GEORGES POMPIDOU,,,Nuit avec éclairage allumé,En agglomération,Hors intersection,Normale,Autre collision,,,,,,,,,,,5,2,1,1.0,6
201400029060,0014-01-14 09:15:00,14,1,14,9,15,510,454,RUES G. LAURENT/CHEVIGNE,,,Plein jour,En agglomération,Intersection en X,Pluie légère,Trois véhicules et plus - collisions multiples,,,,,,,,,,,1,2,2,2.0,5
201400029061,0014-01-15 08:00:00,14,1,15,8,0,510,172,BD ALSACE LORRAINE,,,Nuit avec éclairage allumé,En agglomération,Hors intersection,Pluie légère,Autre collision,,,,,,,,,,,5,2,1,2.0,6
201400029062,0014-01-19 04:30:00,14,1,19,4,30,510,454,BD POMMERY/RUE DE CERNAY,,,Nuit avec éclairage allumé,En agglomération,Intersection en X,Normale,Deux véhicules - côté,,,,,,,,,,,5,2,2,1.0,3
201400029063,0014-01-28 09:05:00,14,1,28,9,5,510,454,12 RUE TROIS RAISINETS,,,Plein jour,En agglomération,Hors intersection,Temps couvert,Trois véhicules et plus - en chaîne,,,,,,,,,,,1,2,1,8.0,4
201400029064,0014-02-04 14:25:00,14,2,4,14,25,510,454,44 PLACE DU FORUM,,,Plein jour,En agglomération,Hors intersection,Normale,Autre collision,,,,,,,,,,,1,2,1,1.0,6
201400029065,0014-02-04 19:20:00,14,2,4,19,20,510,454,1 ROUTE DE WITRY,,,Nuit avec éclairage allumé,En agglomération,Hors intersection,Normale,Deux véhicules - arrière,,,,,,,,,,,5,2,1,1.0,2
201400029066,0014-02-10 18:10:00,14,2,10,18,10,510,454,42 AVENUE DE PARIS,,,Nuit avec éclairage allumé,En agglomération,Hors intersection,Normale,Autre collision,,,,,,,,,,,5,2,1,1.0,6
201400029067,0014-02-17 18:00:00,14,2,17,18,0,510,454,ALLEE DU VIGNOBLE,,,Nuit avec éclairage allumé,En agglomération,Hors intersection,Normale,Trois véhicules et plus - collisions multiples,,,,,,,,,,,5,2,1,1.0,5
201400029068,0014-02-27 18:35:00,14,2,27,18,35,510,172,11 RUE DE LA SENTELLE,,,Nuit avec éclairage allumé,En agglomération,Hors intersection,Pluie légère,Autre collision,,,,,,,,,,,5,2,1,2.0,6
201400029069,0014-03-04 22:20:00,14,3,4,22,20,510,454,BD DES BELGES/NEUFCHATEL,,,Nuit avec éclairage allumé,En agglomération,Intersection en X,Normale,Deux véhicules - côté,,,,,,,,,,,5,2,2,1.0,3
201400029070,0014-03-08 19:30:00,14,3,8,19,30,510,454,RUES HINCMAR/D. CAPUCINS,,,Nuit avec éclairage allumé,En agglomération,Intersection en X,Normale,Deux véhicules - côté,,,,,,,,,,,5,2,2,1.0,3
201400029071,0014-03-16 06:50:00,14,3,16,6,50,510,454,RUES LANDOUZY/DUQUENELLE,,,Plein jour,En agglomération,Intersection en X,Normale,Deux véhicules - côté,,,,,,,,,,,1,2,2,1.0,3
201400029072,0014-03-20 18:05:00,14,3,20,18,5,510,454,28 RUE DE VENISE,,,Plein jour,En agglomération,Hors intersection,Normale,Deux véhicules - arrière,,,,,,,,,,,1,2,1,1.0,2
201400029073,0014-03-21 14:25:00,14,3,21,14,25,510,454,19 BD DU GENERAL LECLERC,,,Plein jour,En agglomération,Hors intersection,Normale,Trois véhicules et plus - collisions multiples,,,,,,,,,,,1,2,1,1.0,5
201400029074,0014-04-06 14:40:00,14,4,6,14,40,510,454,RUE CERES,,,Plein jour,En agglomération,Hors intersection,Normale,Deux véhicules - côté,,,,,,,,,,,1,2,1,1.0,3
201400029075,0014-04-14 08:35:00,14,4,14,8,35,510,454,R. DES CAPUCINS/HINCMAR,,,Plein jour,En agglomération,Intersection en X,Normale,Deux véhicules - côté,,,,,,,,,,,1,2,2,1.0,3
201400029076,0014-04-24 20:05:00,14,4,24,20,5,510,573,RUE DU MONT SAINT PIERRE,,,Plein jour,En agglomération,Hors intersection,Normale,Autre collision,,,,,,,,,,,1,2,1,1.0,6
201400029077,0014-04-30 16:10:00,14,4,30,16,10,510,454,RUE CHAVAILLAUD,,,Plein jour,En agglomération,Hors intersection,Normale,Autre collision,,,,,,,,,,,1,2,1,1.0,6
201400029078,0014-05-20 22:20:00,14,5,20,22,20,510,172,D8,,,Nuit avec éclairage allumé,En agglomération,Hors intersection,Normale,Autre collision,,,,,,,,,,,5,2,1,1.0,6
201400029079,0014-05-18 18:15:00,14,5,18,18,15,510,454,34 AVENUE DE L YSER,,,Plein jour,En agglomération,Giratoire,Normale,Autre collision,,,,,,,,,,,1,2,6,1.0,6
201400029080,0014-05-31 13:30:00,14,5,31,13,30,510,454,24 RUE DES CAPUCINS,,,Plein jour,En agglomération,Hors intersection,Normale,Deux véhicules - côté,,,,,,,,,,,1,2,1,1.0,3
201400029081,0014-05-16 08:15:00,14,5,16,8,15,510,454,D944,,,Plein jour,En agglomération,Hors intersection,Normale,Trois véhicules et plus - en chaîne,,,,,,,,,,,1,2,1,1.0,4
201400029082,0014-06-10 10:00:00,14,6,10,10,0,510,454,13 BOULEVARD DAUPHINOT,,,Plein jour,En agglomération,Hors intersection,Normale,Autre collision,,,,,,,,,,,1,2,1,1.0,6
201400029083,0014-06-19 21:20:00,14,6,19,21,20,510,454,40 RUE DIEU LUMIERE,,,Plein jour,En agglomération,Hors intersection,Normale,Autre collision,,,,,,,,,,,1,2,1,1.0,6
201400029084,0014-06-22 17:20:00,14,6,22,17,20,510,454,42 RUE PIERRE TAITTINGER,,,Plein jour,En agglomération,Hors intersection,Normale,Autre collision,,,,,,,,,,,1,2,1,1.0,6
201400029085,0014-06-24 15:45:00,14,6,24,15,45,510,454,R. DE ROUEN/COGNACQ JAY,,,Plein jour,En agglomération,Intersection en X,Normale,Deux véhicules - arrière,,,,,,,,,,,1,2,2,1.0,2
201400029086,0014-06-25 19:00:00,14,6,25,19,0,510,55,D74,,,Plein jour,En agglomération,Hors intersection,Normale,Deux véhicules - côté,,,,,,,,,,,1,2,1,1.0,3
201400029087,0014-07-03 11:30:00,14,7,3,11,30,510,454,RUE BETHENY/AV. FRACHON,,,Plein jour,En agglomération,Intersection en X,Normale,Deux véhicules - côté,,,,,,,,,,,1,2,2,1.0,3
201400029088,0014-07-13 16:20:00,14,7,13,16,20,510,454,19 BOULEVARD DE LA PAIX,,,Plein jour,En agglomération,Hors intersection,Normale,Deux véhicules - arrière,,,,,,,,,,,1,2,1,1.0,2
201400029089,0014-07-18 18:55:00,14,7,18,18,55,510,454,BONAPARTE/JOLIOT-CURIE,,,Plein jour,En agglomération,Intersection en X,Normale,Deux véhicules - côté,,,,,,,,,,,1,2,2,1.0,3
201400029090,0014-07-19 13:00:00,14,7,19,13,0,510,454,BD H. VASNIER/GAL GIRAUD,,,Plein jour,En agglomération,Intersection en T,Normale,Deux véhicules - côté,,,,,,,,,,,1,2,3,1.0,3
201400029091,0014-07-31 20:40:00,14,7,31,20,40,510,454,BD POMMERY/R. DE SILLERY,,,Plein jour,En agglomération,Intersection en T,Normale,Deux véhicules - côté,,,,,,,,,,,1,2,3,1.0,3
201400029092,0014-08-07 13:20:00,14,8,7,13,20,510,172,48 ROUTE DE TAISSY,,,Plein jour,En agglomération,Hors intersection,Normale,Deux véhicules - frontale,,,,,,,,,,,1,2,1,1.0,1
201400029093,0014-08-10 20:10:00,14,8,10,20,10,510,573,14 RUE CHARLES VANEL,,,Plein jour,En agglomération,Hors intersection,Temps couvert,Autre collision,,,,,,,,,,,1,2,1,8.0,6
201400029094,0014-08-18 12:40:00,14,8,18,12,40,510,454,BD ALBERT 1ER/R. A. HUET,,,Plein jour,En agglomération,Intersection en X,Normale,Deux véhicules - frontale,,,,,,,,,,,1,2,2,1.0,1
201400029095,0014-08-22 15:25:00,14,8,22,15,25,510,454,RUES ST THIERRY/GERUZEZ,,,Plein jour,En agglomération,Intersection en X,Normale,Deux véhicules - côté,,,,,,,,,,,1,2,2,1.0,3
201400029096,0014-08-27 17:10:00,14,8,27,17,10,510,454,4 ESPLANADE P. CEZANNE,,,Plein jour,En agglomération,Hors intersection,Normale,Autre collision,,,,,,,,,,,1,2,1,1.0,6
201400029097,0014-08-29 09:10:00,14,8,29,9,10,510,454,ROND POINT DE CHAMPAGNE,,,Plein jour,En agglomération,Hors intersection,Normale,Sans collision,,,,,,,,,,,1,2,1,1.0,7
201400029098,0014-09-03 23:15:00,14,9,3,23,15,510,454,RUE DES GOBELINS,,,Nuit avec éclairage allumé,En agglomération,Hors intersection,Normale,Trois véhicules et plus - collisions multiples,,,,,,,,,,,5,2,1,1.0,5
201400029099,0014-09-16 07:15:00,14,9,16,7,15,510,58,1 RUE DE SACY,,,Nuit sans éclairage public,Hors agglomération,Hors intersection,Brouillard / fumée,Deux véhicules - frontale,,,,,,,,,,,3,1,1,5.0,1
201400029100,0014-09-18 17:30:00,14,9,18,17,30,510,454,BOULEVARD HENRI HENROT,,,Plein jour,En agglomération,Hors intersection,Normale,Deux véhicules - côté,,,,,,,,,,,1,2,1,1.0,3
201400029101,0014-09-23 06:35:00,14,9,23,6,35,510,454,BD ROBESPIERRE/E. SENART,,,Nuit avec éclairage allumé,En agglomération,Intersection en T,Brouillard / fumée,Deux véhicules - côté,,,,,,,,,,,5,2,3,5.0,3
201400029102,0014-09-24 11:55:00,14,9,24,11,55,510,454,RUE DES CRAYERES,,,Plein jour,En agglomération,Hors intersection,Normale,Deux véhicules - côté,,,,,,,,,,,1,2,1,1.0,3
201400029103,0014-10-03 11:20:00,14,10,3,11,20,510,454,AVE EPERNAY/EISENHOWER,,,Plein jour,En agglomération,Intersection en X,Normale,Deux véhicules - côté,,,,,,,,,,,1,2,2,1.0,3
201400029104,0014-10-08 06:45:00,14,10,8,6,45,510,454,69 BOULEVARD POMMERY,,,Nuit avec éclairage allumé,En agglomération,Hors intersection,Pluie forte,Deux véhicules - côté,,,,,,,,,,,5,2,1,3.0,3
201400029105,0014-10-07 18:10:00,14,10,7,18,10,510,454,AVENUE HENRI FARMAN,,,Plein jour,En agglomération,Giratoire,Autre,Autre collision,,,,,,,,,,,1,2,6,9.0,6
201400029106,0014-10-11 19:05:00,14,10,11,19,5,510,454,R. DE LOUVOIS/C. COLOMB,,,Plein jour,En agglomération,Giratoire,Normale,Deux véhicules - côté,,,,,,,,,,,1,2,6,1.0,3
201400029107,0014-10-13 11:05:00,14,10,13,11,5,510,454,9 RUE CERES,,,Plein jour,En agglomération,Hors intersection,Normale,Autre collision,,,,,,,,,,,1,2,1,1.0,6
201400029108,0014-10-17 12:20:00,14,10,17,12,20,510,454,1 RUE DE CONTRAI,,,Plein jour,En agglomération,Hors intersection,Normale,Autre collision,,,,,,,,,,,1,2,1,1.0,6
201400029109,0014-11-06 14:15:00,14,11,6,14,15,510,454,202 RUE DES CAPUCINS,,,Plein jour,En agglomération,Hors intersection,Normale,Autre collision,,,,,,,,,,,1,2,1,1.0,6
201400029110,0014-11-07 19:10:00,14,11,7,19,10,510,454,A. PETIT/PL. LENONCOURT,,,Nuit avec éclairage allumé,En agglomération,Intersection en T,Normale,Deux véhicules - frontale,,,,,,,,,,,5,2,3,1.0,1
201400029111,0014-11-25 14:10:00,14,11,25,14,10,510,454,N51,,,Plein jour,En agglomération,Intersection en X,Normale,Deux véhicules - côté,,,,,,,,,,,1,2,2,1.0,3
201400029112,0014-11-22 16:05:00,14,11,22,16,5,510,172,D9,,,Plein jour,En agglomération,Hors intersection,Normale,Deux véhicules - côté,,,,,,,,,,,1,2,1,1.0,3
201400029113,0014-12-09 08:40:00,14,12,9,8,40,510,454,10 12EME ESCADRE D AVIAT,,,Plein jour,En agglomération,Hors intersection,Temps couvert,Deux véhicules - frontale,,,,,,,,,,,1,2,1,8.0,1
201400029114,0014-12-14 14:50:00,14,12,14,14,50,510,454,48 RUE BUIRETTE,,,Plein jour,En agglomération,Hors intersection,Normale,Deux véhicules - côté,,,,,,,,,,,1,2,1,1.0,3
201400029115,0014-12-25 09:00:00,14,12,25,9,0,510,454,19 RUE PATRICK DONGOIS,,,Plein jour,En agglomération,Hors intersection,Normale,Autre collision,,,,,,,,,,,1,2,1,1.0,6
201400029116,0014-12-23 19:05:00,14,12,23,19,5,510,454,AVENUE BREBANT,,,Crépuscule ou aube,En agglomération,Hors intersection,Temps couvert,Deux véhicules - arrière,,,,,,,,,,,2,2,1,8.0,2
201400029117,0014-02-18 20:35:00,14,2,18,20,35,520,121,"89, VICTOIRE DE LA MARNE",48.11473,5.14052,Nuit avec éclairage allumé,En agglomération,Giratoire,Pluie légère,Deux véhicules - arrière,,,,,,,,,,,5,2,6,2.0,2
201400029118,0014-02-20 17:50:00,14,2,20,17,50,520,121,"1, ASHTON UNDER LYNE (AV",48.09724,5.14052,Plein jour,En agglomération,Intersection en T,Normale,Autre collision,,,,,,,,,,,1,2,3,1.0,6
201400029119,0014-02-21 17:25:00,14,2,21,17,25,520,121,14  VALLEE (RUE DE LA),48.1267,5.13228,Plein jour,En agglomération,Hors intersection,Normale,Autre collision,,,,,,,,,,,1,2,1,1.0,6
201400029120,0014-03-27 07:40:00,14,3,27,7,40,520,121,"0, PLATANES (RUE DES)",48.10006,5.13809,Plein jour,En agglomération,Intersection en X,Normale,Autre collision,,,,,,,,,,,1,2,2,1.0,6
201400029121,0014-04-04 14:10:00,14,4,4,14,10,520,121,"19, BOUCHARDON  RUE EDME",48.11256,5.13995,Plein jour,En agglomération,Intersection en T,Normale,Autre collision,,,,,,,,,,,1,2,3,1.0,6
201400029122,0014-04-20 00:30:00,14,4,20,0,30,520,121,"0, NEUILLY (ROUTE DE) R.",48.0841,5.14603,Nuit avec éclairage allumé,En agglomération,Hors intersection,Normale,Autre collision,,,,,,,,,,,5,2,1,1.0,6
201400029123,0014-04-27 10:00:00,14,4,27,10,0,520,121,"0, GIRARDEL (AVENUE PHIL",48.09876,5.14696,Plein jour,En agglomération,Intersection en X,Normale,Deux véhicules - côté,,,,,,,,,,,1,2,2,1.0,3
201400029124,0014-06-02 08:55:00,14,6,2,8,55,520,121,"0, PATRONAGE LAIQUE (RUE",,,Plein jour,En agglomération,Intersection en X,Normale,Deux véhicules - côté,,,,,,,,,,,1,2,2,1.0,3
201400029125,0014-05-30 09:40:00,14,5,30,9,40,520,121,"7, REPUBLIQUE (AVENUE)",48.10483,5.14275,Plein jour,En agglomération,Hors intersection,Normale,Autre collision,,,,,,,,,,,1,2,1,1.0,6
201400029126,0014-06-03 18:05:00,14,6,3,18,5,520,121,"0, FOCH (AVENUE)",48.11061,5.13163,Plein jour,En agglomération,Hors intersection,Normale,Deux véhicules - frontale,,,,,,,,,,,1,2,1,1.0,1
201400029127,0014-07-05 12:30:00,14,7,5,12,30,520,121,R.D. 161,48.12715,5.13956,Plein jour,Hors agglomération,Hors intersection,Normale,Autre collision,,,,,,,,,,,1,1,1,1.0,6