accident_id,datetime,annee,mois,jour,heure,minute,departement,commune_insee,adresse,latitude,longitude,luminosite,agglomeration,intersection,meteo,collision,nb_vehicules,nb_usagers,nb_indemnes,nb_tues,nb_blesses_hosp,nb_blesses_legers,age_cond_1,age_cond_2,veh_type_cond_1,veh_type_cond_2,lum_code,agg_code,int_code,atm_code,col_code
201400029128,0014-07-08 16:45:00,14,7,8,16,45,520,121,"0, MARECHAL DE LATTRE DE",48.10742,5.14779,Plein jour,En agglomération,Giratoire,Normale,Autre collision,,,,,,,,,,,1,2,6,1.0,6
201400029129,0014-07-20 18:15:00,14,7,20,18,15,520,121,"0, R.D. 161",48.12625,5.15383,Plein jour,Hors agglomération,Hors intersection,Normale,Sans collision,,,,,,,,,,,1,1,1,1.0,7
201400029130,0014-08-13 12:09:00,14,8,13,12,9,520,121,"13, P. BURELLO (RUE)",48.12019,5.14304,Plein jour,En agglomération,Hors intersection,Pluie forte,Autre collision,,,,,,,,,,,1,2,1,3.0,6
201400029131,0014-08-13 12:34:00,14,8,13,12,34,520,121,RD 674,48.12019,5.174,Plein jour,Hors agglomération,Hors intersection,Pluie forte,Autre collision,,,,,,,,,,,1,1,1,3.0,6
201400029132,0014-09-13 11:30:00,14,9,13,11,30,520,125,"43, CHAUMONT (RUE DE)",48.10603,5.15831,Plein jour,En agglomération,Hors intersection,Normale,Autre collision,,,,,,,,,,,1,2,1,1.0,6
201400029133,0014-10-24 11:45:00,14,10,24,11,45,520,121,"45, AMPERE (RUE)",48.09176,5.24708,Plein jour,En agglomération,Hors intersection,Pluie légère,Autre collision,,,,,,,,,,,1,2,1,2.0,6
201400029134,0014-10-10 08:00:00,14,10,10,8,0,520,121,"0, NEUILLY (ROUTE DE) Rt",48.08439,5.146,Plein jour,En agglomération,Hors intersection,Normale,Autre collision,,,,,,,,,,,1,2,1,1.0,6
201400029135,0014-12-03 17:30:00,14,12,3,17,30,520,121,RN 67,48.07945,5.08392,Nuit sans éclairage public,Hors agglomération,Intersection en X,Normale,Deux véhicules - arrière,,,,,,,,,,,3,1,2,1.0,2
201400029136,0014-12-14 12:15:00,14,12,14,12,15,520,121,RD 674,48.12993,5.1953,Plein jour,Hors agglomération,Hors intersection,Pluie légère,Sans collision,,,,,,,,,,,1,1,1,2.0,7
201400029137,0014-12-17 07:45:00,14,12,17,7,45,520,121,"12, ETATS UNIS (AVNUE DE",48.11984,5.14227,Nuit avec éclairage allumé,En agglomération,Hors intersection,Pluie légère,Autre collision,,,,,,,,,,,5,2,1,2.0,6
201400029138,0014-02-12 10:10:00,14,2,12,10,10,520,448,"1, ROND POINT DE VERGY",48.63024,4.93319,Plein jour,En agglomération,Hors intersection,Normale,Autre collision,,,,,,,,,,,1,2,1,1.0,6
201400029139,0014-03-17 16:10:00,14,3,17,16,10,520,448,"43, CARNOT (RUE DU PRESI",48.64051,4.94547,Plein jour,En agglomération,Hors intersection,Normale,Autre collision,,,,,,,,,,,1,2,1,1.0,6
201400029140,0014-03-26 16:20:00,14,3,26,16,20,520,448,"1, CAPUCINS (RUE DES)",48.62642,4.94735,Plein jour,En agglomération,Hors intersection,Normale,Deux véhicules - côté,,,,,,,,,,,1,2,1,1.0,3
201400029141,0014-03-28 10:00:00,14,3,28,10,0,520,448,"1, LOUBERT (AVENUE DE)",48.64726,4.96531,Plein jour,En agglomération,Hors intersection,Normale,Deux véhicules - côté,,,,,,,,,,,1,2,1,1.0,3
201400029142,0014-04-18 15:55:00,14,4,18,15,55,520,448,"1, BASCH (RUE VICTOR)",48.63384,4.97107,Plein jour,En agglomération,Intersection en T,Normale,Deux véhicules - côté,,,,,,,,,,,1,2,3,1.0,3
201400029143,0014-05-26 17:30:00,14,5,26,17,30,520,448,"28, BREGUET (RUE LOUIS)",48.64754,4.96088,Plein jour,En agglomération,Hors intersection,Normale,Autre collision,,,,,,,,,,,1,2,1,1.0,6
201400029144,0014-06-13 14:10:00,14,6,13,14,10,520,104,"15, BAR LE DUC (ROUTE DE",48.66829,4.98536,Plein jour,En agglomération,Hors intersection,Normale,Deux véhicules - côté,,,,,,,,,,,1,2,1,1.0,3
201400029145,0014-07-19 18:00:00,14,7,19,18,0,520,448,"3, VERLAINE (RUE PAUL)",48.63025,4.93931,Plein jour,En agglomération,Hors intersection,Normale,Autre collision,,,,,,,,,,,1,2,1,1.0,6
201400029146,0014-08-02 13:45:00,14,8,2,13,45,520,534,"1, SAINT DIZIER (ROUTE D",48.66388,4.90599,Plein jour,En agglomération,Hors intersection,Temps couvert,Sans collision,,,,,,,,,,,1,2,1,8.0,7
201400029147,0014-08-13 21:55:00,14,8,13,21,55,520,448,"1, HOERICOURT (RUE D')",48.64147,4.96159,Nuit avec éclairage allumé,En agglomération,Hors intersection,Normale,Autre collision,,,,,,,,,,,5,2,1,1.0,6
201400029148,0014-09-16 08:00:00,14,9,16,8,0,520,448,"57, FRANCOIS 1ER (RUE)",48.63909,4.94024,Plein jour,En agglomération,Hors intersection,Temps éblouissant,Autre collision,,,,,,,,,,,1,2,1,7.0,6
201400029149,0014-09-29 00:40:00,14,9,29,0,40,520,448,RN4,48.63852,4.91926,Nuit sans éclairage public,Hors agglomération,Hors intersection,Normale,Sans collision,,,,,,,,,,,3,1,1,1.0,7
201400029150,0014-10-28 12:10:00,14,10,28,12,10,520,448,"3, TOURS (RUE DES)",48.64447,4.97771,Plein jour,En agglomération,Hors intersection,Normale,Sans collision,,,,,,,,,,,1,2,1,1.0,7
201400029151,0014-10-29 11:55:00,14,10,29,11,55,520,448,"1, GENEVOIX (PLACE MAURI",48.6442,4.97301,Plein jour,En agglomération,Hors intersection,Normale,Autre collision,,,,,,,,,,,1,2,1,1.0,6
201400029152,0014-11-03 12:40:00,14,11,3,12,40,520,448,", PLACE DE L'EUROPE",48.64444,4.96341,Plein jour,En agglomération,Hors intersection,Normale,Autre collision,,,,,,,,,,,1,2,1,1.0,6
201400029153,0014-11-17 20:10:00,14,11,17,20,10,520,448,"54, REPUBLIQUE (AVE DE L",48.63747,4.94336,Nuit avec éclairage allumé,En agglomération,Intersection en X,Normale,Deux véhicules - côté,,,,,,,,,,,5,2,2,1.0,3
201400029154,0014-11-24 18:30:00,14,11,24,18,30,520,448,"1, FAUBERT (VOIE)",48.63664,4.97673,Nuit sans éclairage public,En agglomération,Hors intersection,Normale,Autre collision,,,,,,,,,,,3,2,1,1.0,6
201400029155,0014-12-19 18:15:00,14,12,19,18,15,520,448,"13, CARTIER (AVENUE MARI",48.63779,4.94735,Nuit avec éclairage allumé,En agglomération,Hors intersection,Pluie forte,Autre collision,,,,,,,,,,,5,2,1,3.0,6
201400029156,0014-12-19 17:10:00,14,12,19,17,10,520,448,"11, COMMUNE DE PARIS (RU",48.63633,4.94742,Nuit sans éclairage public,En agglomération,Hors intersection,Pluie forte,Autre collision,,,,,,,,,,,3,2,1,3.0,6
201400029157,0014-01-22 08:05:00,14,1,22,8,5,530,130,"26, PARIS ( RUE DE )",48.07117,-0.76425,Crépuscule ou aube,En agglomération,Hors intersection,Pluie légère,Autre collision,,,,,,,,,,,2,2,1,2.0,6
201400029158,0014-01-31 22:40:00,14,1,31,22,40,530,130,BRIAND (PONT ARISTIDE ),48.07092,-0.77009,Nuit avec éclairage allumé,En agglomération,Intersection en X,Pluie légère,Deux véhicules - côté,,,,,,,,,,,5,2,2,2.0,3
201400029159,0014-02-20 10:45:00,14,2,20,10,45,530,130,PARIS ( RUE DE ),48.07227,-0.7577,Plein jour,En agglomération,Hors intersection,Pluie légère,Autre collision,,,,,,,,,,,1,2,1,2.0,6
201400029160,0014-03-25 08:00:00,14,3,25,8,0,530,130,"0, SAINTE ANNE ( RUE )",48.0677,-0.76841,Plein jour,En agglomération,Intersection en Y,Normale,Autre collision,,,,,,,,,,,1,2,4,1.0,6
201400029161,0014-05-10 20:15:00,14,5,10,20,15,530,201,RD 500 VERS AHUILLE,48.04909,-0.81477,Plein jour,Hors agglomération,Hors intersection,Normale,Autre collision,,,,,,,,,,,1,1,1,1.0,6
201400029162,0014-05-14 15:45:00,14,5,14,15,45,530,130,ANGERS ( ROUTE ),48.03453,-0.73906,Plein jour,Hors agglomération,Hors intersection,Normale,Trois véhicules et plus - en chaîne,,,,,,,,,,,1,1,1,1.0,4
201400029163,0014-05-17 17:40:00,14,5,17,17,40,530,34,"26, MAINE ( RUE DU )",48.07334,-0.69995,Plein jour,En agglomération,Intersection en T,Normale,Deux véhicules - côté,,,,,,,,,,,1,2,3,1.0,3
201400029164,0014-05-28 07:50:00,14,5,28,7,50,530,130,KLEBER ( AVENUE ),48.05721,-0.74618,Plein jour,En agglomération,Intersection en T,Normale,Autre collision,,,,,,,,,,,1,2,3,1.0,6
201400029165,0014-05-28 12:25:00,14,5,28,12,25,530,34,"12, DEBUSSY (rue Claude)",48.07421,-0.71117,Plein jour,En agglomération,Intersection en T,Normale,Sans collision,,,,,,,,,,,1,2,3,1.0,7
201400029166,0014-06-18 18:15:00,14,6,18,18,15,530,34,RD 57 VERS LE MANS,48.07019,-0.69758,Plein jour,En agglomération,Intersection en T,Normale,Deux véhicules - arrière,,,,,,,,,,,1,2,3,1.0,2
201400029167,0014-07-12 20:00:00,14,7,12,20,0,530,34,"10, NOE PIERRE ( RUE DE",48.07392,-0.70539,Plein jour,En agglomération,Intersection en T,Normale,Sans collision,,,,,,,,,,,1,2,3,1.0,7
201400029168,0014-07-16 16:30:00,14,7,16,16,30,530,130,INDUSTRIE ( BOULEVARD DE,48.0719,-0.75133,Plein jour,En agglomération,Intersection en T,Normale,Deux véhicules - côté,,,,,,,,,,,1,2,3,1.0,3
201400029169,0014-09-04 17:53:00,14,9,4,17,53,530,130,"361, BRETAGNE ( AVENUE D",48.06858,-0.80263,Plein jour,En agglomération,Giratoire,Normale,Deux véhicules - arrière,,,,,,,,,,,1,2,6,1.0,2
201400029170,0014-09-09 18:10:00,14,9,9,18,10,530,201,RD 57 VERS RENNES,48.07148,-0.85648,Plein jour,Hors agglomération,Hors intersection,Temps éblouissant,Deux véhicules - arrière,,,,,,,,,,,1,1,1,7.0,2
201400029171,0014-09-15 15:10:00,14,9,15,15,10,530,34,RD 57 VERS LAVAL,48.07133,-0.7118,Plein jour,Hors agglomération,Hors intersection,Normale,Deux véhicules - frontale,,,,,,,,,,,1,1,1,1.0,1
201400029172,0014-09-18 18:50:00,14,9,18,18,50,530,130,"137, BRETAGNE ( RUE DE )",48.07024,-0.78697,Plein jour,En agglomération,Hors intersection,Temps éblouissant,Autre collision,,,,,,,,,,,1,2,1,7.0,6
201400029173,0014-09-18 15:19:00,14,9,18,15,19,530,54,"1, BLANCHISSERIE ( LIEU",48.09281,-0.78426,Plein jour,En agglomération,Hors intersection,Normale,Sans collision,,,,,,,,,,,1,2,1,1.0,7
201400029174,0014-09-26 08:49:00,14,9,26,8,49,530,130,RD 900,,,Plein jour,Hors agglomération,Hors intersection,Normale,Autre collision,,,,,,,,,,,1,1,1,1.0,6
201400029175,0014-10-05 19:20:00,14,10,5,19,20,530,130,"0, DU GUESCLIN ( BOULEVA",48.07438,-0.79559,Crépuscule ou aube,En agglomération,Hors intersection,Normale,Sans collision,,,,,,,,,,,2,2,1,1.0,7
201400029176,0014-10-17 21:15:00,14,10,17,21,15,530,130,"562, ANGERS ( ROUTE )",48.03661,-0.73999,Nuit sans éclairage public,Hors agglomération,Hors intersection,Normale,Autre collision,,,,,,,,,,,3,1,1,1.0,6
201400029177,0014-10-28 21:05:00,14,10,28,21,5,530,130,"89, VAL DE MAYENNE ( RUE",48.06841,-0.7704,Nuit avec éclairage allumé,En agglomération,Hors intersection,Brouillard / fumée,Autre collision,,,,,,,,,,,5,2,1,5.0,6
201400029178,0014-10-31 17:40:00,14,10,31,17,40,530,130,BOOTZ ( QUAI DE ),48.07797,-0.76964,Nuit avec éclairage allumé,En agglomération,Hors intersection,Normale,Deux véhicules - arrière,,,,,,,,,,,5,2,1,1.0,2
201400029179,0014-11-06 19:00:00,14,11,6,19,0,530,130,"95, BOISSEL ( RUE VICTOR",48.06394,-0.76057,Nuit avec éclairage allumé,En agglomération,Intersection en T,Normale,Autre collision,,,,,,,,,,,5,2,3,1.0,6
201400029180,0014-11-12 18:25:00,14,11,12,18,25,530,130,NEVEU ( RUE PIERRE ),48.0784,-0.75821,Nuit avec éclairage allumé,En agglomération,Intersection en X,Normale,Deux véhicules - côté,,,,,,,,,,,5,2,2,1.0,3
201400029181,0014-11-12 18:55:00,14,11,12,18,55,530,130,"13, BAS DES BOIS ( RUE D",48.05861,-0.76241,Nuit avec éclairage allumé,En agglomération,Hors intersection,Temps couvert,Autre collision,,,,,,,,,,,5,2,1,8.0,6
201400029182,0014-12-13 15:04:00,14,12,13,15,4,530,130,"16, JAURES ( BOULEVARD J",48.06473,-0.78914,Plein jour,En agglomération,Hors intersection,Normale,Autre collision,,,,,,,,,,,1,2,1,1.0,6
201400029183,0014-12-15 08:18:00,14,12,15,8,18,540,263,"0, ROUGES-GORGES (RUE DE",,,Plein jour,En agglomération,Hors intersection,Normale,Sans collision,,,,,,,,,,,1,2,1,1.0,7
201400029184,0014-04-05 16:15:00,14,4,5,16,15,540,280,"32, EUGENE BASTIEN (RUE)",,,Plein jour,En agglomération,Hors intersection,Normale,Autre collision,,,,,,,,,,,1,2,1,1.0,6
201400029185,0014-04-11 04:30:00,14,4,11,4,30,540,341,"PR 11, 643 (RD)",49.26468,5.908,Nuit avec éclairage allumé,En agglomération,Hors intersection,Normale,Deux véhicules - arrière,,,,,,,,,,,5,2,1,1.0,2
201400029186,0014-05-28 12:24:00,14,5,28,12,24,540,263,137 (RD),49.22424,5.98184,Plein jour,En agglomération,Intersection en T,Normale,Deux véhicules - côté,,,,,,,,,,,1,2,3,1.0,3
201400029187,0014-06-03 12:10:00,14,6,3,12,10,540,36,906 (RD),49.28463,5.95882,Plein jour,Hors agglomération,Hors intersection,Normale,Deux véhicules - côté,,,,,,,,,,,1,1,1,1.0,3
201400029188,0014-06-10 17:03:00,14,6,10,17,3,540,263,"0, THOREZ (RUE MAURICE)",,,Plein jour,En agglomération,Hors intersection,Normale,Deux véhicules - côté,,,,,,,,,,,1,2,1,1.0,3
201400029189,0014-04-30 14:24:00,14,4,30,14,24,540,36,"10, FERRY (RUE JULES)",,,Plein jour,En agglomération,Hors intersection,Normale,Autre collision,,,,,,,,,,,1,2,1,1.0,6
201400029190,0014-07-15 05:16:00,14,7,15,5,16,540,36,906 (RD),49.28038,5.95964,Crépuscule ou aube,Hors agglomération,Hors intersection,Normale,Autre collision,,,,,,,,,,,2,1,1,1.0,6
201400029191,0014-06-29 08:56:00,14,6,29,8,56,540,99,138 (RD),49.25182,5.98413,Plein jour,Hors agglomération,Hors intersection,Pluie légère,Sans collision,,,,,,,,,,,1,1,1,2.0,7
201400029192,0014-09-15 08:46:00,14,9,15,8,46,540,280,"1, GARE (RUE DE LA)",,,Plein jour,En agglomération,Hors intersection,Normale,Autre collision,,,,,,,,,,,1,2,1,1.0,6
201400029193,0014-09-26 11:56:00,14,9,26,11,56,540,99,138 (RD),49.24977,5.96565,Plein jour,Hors agglomération,Hors intersection,Normale,Deux véhicules - frontale,,,,,,,,,,,1,1,1,1.0,1
201400029194,0014-04-16 20:30:00,14,4,16,20,30,540,273,LAFAYETTE (AVENUE),,,Crépuscule ou aube,En agglomération,Giratoire,Normale,Deux véhicules - frontale,,,,,,,,,,,2,2,6,1.0,1
201400029195,0014-06-03 12:20:00,14,6,3,12,20,540,136,"12, GRANDJEAN (RUE DES D",49.16908,5.8577,Plein jour,En agglomération,Hors intersection,Normale,Autre collision,,,,,,,,,,,1,2,1,1.0,6
201400029196,0014-06-10 20:37:00,14,6,10,20,37,540,51,DEPARTEMENTALE 13,49.17603,5.96834,Plein jour,Hors agglomération,Intersection en X,Normale,Deux véhicules - côté,,,,,,,,,,,1,1,2,1.0,3
201400029197,0014-12-08 08:30:00,14,12,8,8,30,540,253,DEPARTEMENTALE 613,49.19957,5.90347,Plein jour,Hors agglomération,Hors intersection,Brouillard / fumée,Autre collision,,,,,,,,,,,1,1,1,5.0,6
201400029198,0014-12-17 08:05:00,14,12,17,8,5,540,136,"2, VERDUN (RUE DE)",49.16705,5.85676,Crépuscule ou aube,En agglomération,Hors intersection,Pluie légère,Autre collision,,,,,,,,,,,2,2,1,2.0,6
201400029199,0014-03-13 12:27:00,14,3,13,12,27,540,159,"1, BLAINVILLE (RUE DE)",,,Plein jour,Hors agglomération,Autre intersection,Normale,Deux véhicules - frontale,,,,,,,,,,,1,1,9,1.0,1
201400029200,0014-03-30 20:45:00,14,3,30,20,45,540,549,RD 80,48.64717,6.33172,Nuit sans éclairage public,Hors agglomération,Hors intersection,Normale,Sans collision,,,,,,,,,,,3,1,1,1.0,7
201400029201,0014-09-28 17:30:00,14,9,28,17,30,540,483,VILLE EN VERMOIS (ROUTE,,,Plein jour,En agglomération,Hors intersection,Normale,Sans collision,,,,,,,,,,,1,2,1,1.0,7
201400029202,0014-01-14 11:35:00,14,1,14,11,35,540,382,ARTS (AVENUE DES),,,Plein jour,En agglomération,Intersection en T,Temps couvert,Deux véhicules - côté,,,,,,,,,,,1,2,3,8.0,3
201400029203,0014-01-17 10:03:00,14,1,17,10,3,540,382,MARCELLIN BERTHELOT (RUE,,,Plein jour,En agglomération,Intersection en T,Temps éblouissant,Deux véhicules - côté,,,,,,,,,,,1,2,3,7.0,3
201400029204,0014-02-05 21:40:00,14,2,5,21,40,540,382,EUROPE (AVENUE DE L'),49.54286,5.79979,Nuit avec éclairage non allumé,En agglomération,Hors intersection,Pluie légère,Autre collision,,,,,,,,,,,4,2,1,2.0,6
201400029205,0014-11-17 16:30:00,14,11,17,16,30,540,323,"NR, MERCY (RUE)",,,Plein jour,En agglomération,Hors intersection,Normale,Autre collision,,,,,,,,,,,1,2,1,1.0,6
201400029206,0014-11-29 16:30:00,14,11,29,16,30,540,323,"NR, 52 (ROUTE NATIONALE)",,,Plein jour,Hors agglomération,Hors intersection,Normale,Autre collision,,,,,,,,,,,1,1,1,1.0,6
201400029207,0014-12-10 07:00:00,14,12,10,7,0,540,323,"NR, MERCY (RUE)",,,Crépuscule ou aube,En agglomération,Passage à niveau,Normale,Autre collision,,,,,,,,,,,2,2,8,1.0,6
201400029208,0014-02-15 07:30:00,14,2,15,7,30,540,261,LUXEMBOURG (AVENUE DU),,,Crépuscule ou aube,En agglomération,Hors intersection,Normale,Deux véhicules - arrière,,,,,,,,,,,2,2,1,1.0,2
201400029209,0014-02-17 10:30:00,14,2,17,10,30,540,323,ANATOLE FRANCE (RUE),,,Plein jour,En agglomération,Hors intersection,Normale,Autre collision,,,,,,,,,,,1,2,1,1.0,6
201400029210,0014-02-10 19:20:00,14,2,10,19,20,540,382,EUROPE (AVENUE DE L'),,,Crépuscule ou aube,En agglomération,Hors intersection,Normale,Autre collision,,,,,,,,,,,2,2,1,1.0,6
201400029211,0014-03-14 15:39:00,14,3,14,15,39,540,321,BOGDAN POLITANSKI (AVENU,,,Plein jour,En agglomération,Hors intersection,Normale,Autre collision,,,,,,,,,,,1,2,1,1.0,6
201400029212,0014-03-16 14:00:00,14,3,16,14,0,540,254,ARDECHE (RUE DE L'),,,Plein jour,En agglomération,Hors intersection,Normale,Autre collision,,,,,,,,,,,1,2,1,1.0,6
201400029213,0014-03-21 15:00:00,14,3,21,15,0,540,323,"19, ALBERT LABRO (RUE)",,,Plein jour,En agglomération,Hors intersection,Normale,Deux véhicules - arrière,,,,,,,,,,,1,2,1,1.0,2
201400029214,0014-03-29 14:30:00,14,3,29,14,30,540,382,CASANOVA (RUE),,,Plein jour,En agglomération,Hors intersection,Normale,Autre collision,,,,,,,,,,,1,2,1,1.0,6
201400029215,0014-03-20 15:45:00,14,3,20,15,45,540,382,GARE (AVENUE DE LA),,,Plein jour,En agglomération,Intersection en T,Temps couvert,Deux véhicules - côté,,,,,,,,,,,1,2,3,8.0,3
201400029216,0014-04-16 10:45:00,14,4,16,10,45,540,323,"NR, CHARCOT (RUE DU DOCT",,,Plein jour,En agglomération,Hors intersection,Normale,Autre collision,,,,,,,,,,,1,2,1,1.0,6
201400029217,0014-04-30 13:00:00,14,4,30,13,0,540,451,"01, BOTTE LONGUE (RUE DE",,,Plein jour,En agglomération,Hors intersection,Normale,Sans collision,,,,,,,,,,,1,2,1,1.0,7
201400029218,0014-05-19 11:30:00,14,5,19,11,30,540,321,"10, LUXEMBOURG (AVENUE D",,,Plein jour,En agglomération,Hors intersection,Normale,Deux véhicules - côté,,,,,,,,,,,1,2,1,1.0,3
201400029219,0014-05-21 10:27:00,14,5,21,10,27,540,323,"NR, AVIATION (AVENUE DE",,,Plein jour,En agglomération,Hors intersection,Normale,Deux véhicules - arrière,,,,,,,,,,,1,2,1,1.0,2
201400029220,0014-05-23 18:25:00,14,5,23,18,25,540,451,52 (ROUTE NATIONALE),,,Plein jour,Hors agglomération,Hors intersection,Pluie forte,Autre collision,,,,,,,,,,,1,1,1,3.0,6
201400029221,0014-06-12 11:15:00,14,6,12,11,15,540,323,"NC, ALBERT THOMAS (RUE)",,,Plein jour,En agglomération,Hors intersection,Normale,Autre collision,,,,,,,,,,,1,2,1,1.0,6
201400029222,0014-06-21 00:40:00,14,6,21,0,40,540,323,"NC, MERCY (RUE)",,,Nuit avec éclairage allumé,En agglomération,Hors intersection,Normale,Autre collision,,,,,,,,,,,5,2,1,1.0,6
201400029223,0014-06-30 14:00:00,14,6,30,14,0,540,323,"NC, VAUBAN (RUE)",,,Plein jour,En agglomération,Hors intersection,Normale,Autre collision,,,,,,,,,,,1,2,1,1.0,6
201400029224,0014-07-12 11:43:00,14,7,12,11,43,540,323,"NR, MERCY (RUE)",,,Plein jour,En agglomération,Hors intersection,Normale,Autre collision,,,,,,,,,,,1,2,1,1.0,6
201400029225,0014-07-09 21:00:00,14,7,9,21,0,540,367,NATIONALE 52 (ROUTE),49.50455,5.78583,Crépuscule ou aube,Hors agglomération,Hors intersection,Normale,Autre collision,,,,,,,,,,,2,1,1,1.0,6
201400029226,0014-07-18 19:10:00,14,7,18,19,10,540,321,"NR, BOGDAN POLITANSKI (A",,,Plein jour,En agglomération,Hors intersection,Normale,Autre collision,,,,,,,,,,,1,2,1,1.0,6
201400029227,0014-07-21 13:15:00,14,7,21,13,15,540,321,"NC, LUXEMBOURG (AVENUE D",,,Plein jour,En agglomération,Hors intersection,Normale,Autre collision,,,,,,,,,,,1,2,1,1.0,6
201400029228,0014-08-14 17:00:00,14,8,14,17,0,540,323,"NC, ARISTIDE BRIAND (RUE",,,Plein jour,En agglomération,Hors intersection,Normale,Autre collision,,,,,,,,,,,1,2,1,1.0,6
201400029229,0014-08-28 15:15:00,14,8,28,15,15,540,323,"nr, ALBERT THOMAS (RUE)",,,Plein jour,En agglomération,Hors intersection,Normale,Autre collision,,,,,,,,,,,1,2,1,1.0,6
201400029230,0014-09-03 17:40:00,14,9,3,17,40,540,323,"NR, FRONTIERE (RUE DE LA",,,Plein jour,En agglomération,Hors intersection,Normale,Autre collision,,,,,,,,,,,1,2,1,1.0,6
201400029231,0014-09-04 21:00:00,14,9,4,21,0,540,367,"NR, NATIONALE 52 (ROUTE)",49.50599,5.77834,Nuit sans éclairage public,Hors agglomération,Hors intersection,Normale,Autre collision,,,,,,,,,,,3,1,1,1.0,6
201400029232,0014-09-10 05:20:00,14,9,10,5,20,540,493,"07, LONGWY (RUE DE)",,,Crépuscule ou aube,En agglomération,Hors intersection,Normale,Autre collision,,,,,,,,,,,2,2,1,1.0,6
201400029233,0014-10-03 17:15:00,14,10,3,17,15,540,323,"N, 520 (R.D.)",49.50565,5.75838,Plein jour,Hors agglomération,Hors intersection,Normale,Autre collision,,,,,,,,,,,1,1,1,1.0,6
201400029234,0014-11-03 19:00:00,14,11,3,19,0,540,382,"NR, EUROPE (AVENUE DE L'",,,Crépuscule ou aube,Hors agglomération,Hors intersection,Normale,Autre collision,,,,,,,,,,,2,1,1,1.0,6
201400029235,0014-09-20 18:30:00,14,9,20,18,30,540,321,"NR, LUXEMBOURG (AVENUE D",,,Plein jour,Hors agglomération,Hors intersection,Normale,Deux véhicules - arrière,,,,,,,,,,,1,1,1,1.0,2
201400029236,0014-11-28 15:00:00,14,11,28,15,0,540,382,"43, IRIS (RUE DES)",,,Plein jour,En agglomération,Hors intersection,Normale,Sans collision,,,,,,,,,,,1,2,1,1.0,7
201400029237,0014-12-22 18:15:00,14,12,22,18,15,540,382,"54, METZ (BOULEVARD DE)",,,Nuit avec éclairage allumé,En agglomération,Hors intersection,Temps couvert,Deux véhicules - frontale,,,,,,,,,,,5,2,1,8.0,1
201400029238,0014-12-23 18:30:00,14,12,23,18,30,540,382,"NR, EUROPE (AVENUE DE L'",,,Nuit avec éclairage allumé,En agglomération,Hors intersection,Normale,Autre collision,,,,,,,,,,,5,2,1,1.0,6
201400029239,0014-10-31 15:40:00,14,10,31,15,40,540,254,"NR, MOULIN (RUE DU)",,,Plein jour,Hors agglomération,Hors intersection,Normale,Autre collision,,,,,,,,,,,1,1,1,1.0,6
201400029240,0014-12-26 22:00:00,14,12,26,22,0,540,321,"NR, ERNEST HEMINGWAY (AV",,,Nuit avec éclairage allumé,En agglomération,Hors intersection,Normale,Autre collision,,,,,,,,,,,5,2,1,1.0,6
201400029241,0014-02-18 18:25:00,14,2,18,18,25,540,329,"42, AVENUE DE LA LIBERAT",,,Nuit avec éclairage allumé,En agglomération,Hors intersection,Normale,Autre collision,,,,,,,,,,,5,2,1,1.0,6
201400029242,0014-10-14 07:25:00,14,10,14,7,25,540,329,RUE RIVOLET,,,Crépuscule ou aube,En agglomération,Intersection en T,Normale,Autre collision,,,,,,,,,,,2,2,3,1.0,6
201400029243,0014-01-06 07:50:00,14,1,6,7,50,540,395,PROVENCAL (PLACE ET RUE),,,Crépuscule ou aube,En agglomération,Hors intersection,Normale,Autre collision,,,,,,,,,,,2,2,1,1.0,6
201400029244,0014-01-06 17:53:00,14,1,6,17,53,540,265,RD570,48.63928,6.18253,Nuit avec éclairage allumé,En agglomération,Hors intersection,Normale,Trois véhicules et plus - en chaîne,,,,,,,,,,,5,2,1,1.0,4
201400029245,0014-01-07 08:55:00,14,1,7,8,55,540,395,GARENNE (ALLEE ET AVENUE,,,Plein jour,En agglomération,Intersection en X,Normale,Deux véhicules - côté,,,,,,,,,,,1,2,2,1.0,3
201400029246,0014-01-07 18:10:00,14,1,7,18,10,540,395,DESILLES (RUE),,,Nuit avec éclairage allumé,En agglomération,Hors intersection,Pluie légère,Deux véhicules - arrière,,,,,,,,,,,5,2,1,2.0,2
201400029247,0014-01-08 09:50:00,14,1,8,9,50,540,304,LIBERATION (AVENUE DE LA,,,Plein jour,Hors agglomération,Hors intersection,Normale,Autre collision,,,,,,,,,,,1,1,1,1.0,6
201400029248,0014-01-09 22:10:00,14,1,9,22,10,540,300,COTE GRISE,48.64872,6.23882,Nuit avec éclairage allumé,Hors agglomération,Hors intersection,Normale,Deux véhicules - frontale,,,,,,,,,,,5,1,1,1.0,1
201400029249,0014-01-09 13:20:00,14,1,9,13,20,540,274,"84, REPUBLIQUE (RUE DE L",,,Plein jour,En agglomération,Hors intersection,Normale,Autre collision,,,,,,,,,,,1,2,1,1.0,6
201400029250,0014-01-11 13:55:00,14,1,11,13,55,540,547,"3-5, JONQUILLES (AVENUE",,,Plein jour,En agglomération,Hors intersection,Normale,Autre collision,,,,,,,,,,,1,2,1,1.0,6
201400029251,0014-01-11 17:45:00,14,1,11,17,45,540,395,LOBAU (BOULEVARD),,,Nuit avec éclairage allumé,En agglomération,Hors intersection,Normale,Deux véhicules - côté,,,,,,,,,,,5,2,1,1.0,3
201400029252,0014-01-11 18:10:00,14,1,11,18,10,540,395,TIERCELINS (RUE DES),,,Nuit avec éclairage allumé,En agglomération,Hors intersection,Normale,Autre collision,,,,,,,,,,,5,2,1,1.0,6