accident_id,datetime,annee,mois,jour,heure,minute,departement,commune_insee,adresse,latitude,longitude,luminosite,agglomeration,intersection,meteo,collision,nb_vehicules,nb_usagers,nb_indemnes,nb_tues,nb_blesses_hosp,nb_blesses_legers,age_cond_1,age_cond_2,veh_type_cond_1,veh_type_cond_2,lum_code,agg_code,int_code,atm_code,col_code
201400029383,0014-05-03 17:00:00,14,5,3,17,0,540,547,"109, JAURES (AVENUE JEAN",,,Plein jour,En agglomération,Hors intersection,Normale,Deux véhicules - arrière,,,,,,,,,,,1,2,1,1.0,2
201400029384,0014-05-01 06:10:00,14,5,1,6,10,540,304,BOIS GRONEE (AVENUE DU),,,Crépuscule ou aube,Hors agglomération,Hors intersection,Normale,Autre collision,,,,,,,,,,,2,1,1,1.0,6
201400029385,0014-05-05 12:15:00,14,5,5,12,15,540,328,FRESNEL (RUE AUGUSTIN),,,Plein jour,En agglomération,Giratoire,Normale,Deux véhicules - côté,,,,,,,,,,,1,2,6,1.0,3
201400029386,0014-05-05 14:15:00,14,5,5,14,15,540,300,BAYON (ROUTE DE),48.63435,6.2545,Plein jour,Hors agglomération,Hors intersection,Normale,Sans collision,,,,,,,,,,,1,1,1,1.0,7
201400029387,0014-05-06 15:15:00,14,5,6,15,15,540,184,FOCH (AVENUE),,,Plein jour,En agglomération,Hors intersection,Normale,Deux véhicules - côté,,,,,,,,,,,1,2,1,1.0,3
201400029388,0014-05-06 21:10:00,14,5,6,21,10,540,25,RD 126,,,Nuit sans éclairage public,Hors agglomération,Hors intersection,Normale,Sans collision,,,,,,,,,,,3,1,1,1.0,7
201400029389,0014-05-11 23:05:00,14,5,11,23,5,540,547,"0, BARTHOU (BD LOUIS)",,,Nuit avec éclairage allumé,En agglomération,Hors intersection,Pluie légère,Deux véhicules - arrière,,,,,,,,,,,5,2,1,2.0,2
201400029390,0014-05-12 20:05:00,14,5,12,20,5,540,395,SAINT JEAN (RUE),,,Plein jour,En agglomération,Intersection en X,Pluie légère,Deux véhicules - côté,,,,,,,,,,,1,2,2,2.0,3
201400029391,0014-05-15 16:00:00,14,5,15,16,0,540,395,PINCHARD (AV TAMARIS,,,Plein jour,En agglomération,Intersection en T,Normale,Deux véhicules - frontale,,,,,,,,,,,1,2,3,1.0,1
201400029392,0014-05-15 16:20:00,14,5,15,16,20,540,395,SAINT DIZIER (RUE 2,,,Plein jour,En agglomération,Hors intersection,Normale,Autre collision,,,,,,,,,,,1,2,1,1.0,6
201400029393,0014-05-16 07:45:00,14,5,16,7,45,540,526,FRATERNITE (RUE DE LA),,,Plein jour,En agglomération,Hors intersection,Normale,Trois véhicules et plus - en chaîne,,,,,,,,,,,1,2,1,1.0,4
201400029394,0014-05-16 16:50:00,14,5,16,16,50,540,274,NEY (RUE DU MARECHAL),,,Plein jour,En agglomération,Intersection en T,Normale,Deux véhicules - côté,,,,,,,,,,,1,2,3,1.0,3
201400029395,0014-05-21 18:30:00,14,5,21,18,30,540,395,"248, STRASBOURG (AVENUE",,,Plein jour,En agglomération,Hors intersection,Normale,Trois véhicules et plus - en chaîne,,,,,,,,,,,1,2,1,1.0,4
201400029396,0014-05-22 10:00:00,14,5,22,10,0,540,547,EUROPE (BOULEVARD DE L'),,,Plein jour,En agglomération,Hors intersection,Normale,Deux véhicules - arrière,,,,,,,,,,,1,2,1,1.0,2
201400029397,0014-05-22 16:40:00,14,5,22,16,40,540,578,AIGUILLETTES  (BD 5 A 73,,,Plein jour,En agglomération,Intersection en X,Pluie légère,Autre collision,,,,,,,,,,,1,2,2,2.0,6
201400029398,0014-05-21 18:52:00,14,5,21,18,52,540,547,PERI (RUE GABRIEL),,,Plein jour,En agglomération,Hors intersection,Pluie légère,Deux véhicules - arrière,,,,,,,,,,,1,2,1,2.0,2
201400029399,0014-05-22 18:39:00,14,5,22,18,39,540,395,GRANDVILLE (RUE),,,Plein jour,En agglomération,Intersection en T,Normale,Deux véhicules - frontale,,,,,,,,,,,1,2,3,1.0,1
201400029400,0014-05-29 18:20:00,14,5,29,18,20,540,395,VOSGES (PLACE DES),,,Plein jour,En agglomération,Hors intersection,Autre,Autre collision,,,,,,,,,,,1,2,1,9.0,6
201400029401,0014-05-26 07:50:00,14,5,26,7,50,540,395,"25, LORRAIN (QUAI CLAUDE",,,Plein jour,En agglomération,Hors intersection,Temps couvert,Autre collision,,,,,,,,,,,1,2,1,8.0,6
201400029402,0014-05-26 08:50:00,14,5,26,8,50,540,547,"19, LUXEMBOURG (RUE DU)",,,Plein jour,En agglomération,Hors intersection,Normale,Deux véhicules - côté,,,,,,,,,,,1,2,1,1.0,3
201400029403,0014-05-27 20:40:00,14,5,27,20,40,540,547,"01, FRERE (RUE DU GENERA",,,Plein jour,En agglomération,Hors intersection,Normale,Deux véhicules - frontale,,,,,,,,,,,1,2,1,1.0,1
201400029404,0014-05-27 22:25:00,14,5,27,22,25,540,482,"47 et 70, HUET (RUE JOSE",,,Nuit avec éclairage allumé,En agglomération,Hors intersection,Normale,Deux véhicules - arrière,,,,,,,,,,,5,2,1,1.0,2
201400029405,0014-05-28 07:35:00,14,5,28,7,35,540,547,BOURGOGNE (AVENUE DE),,,Plein jour,En agglomération,Hors intersection,Normale,Deux véhicules - arrière,,,,,,,,,,,1,2,1,1.0,2
201400029406,0014-05-30 11:30:00,14,5,30,11,30,540,395,LALLEMENT (RUE LEOPOLD),,,Plein jour,En agglomération,Hors intersection,Normale,Autre collision,,,,,,,,,,,1,2,1,1.0,6
201400029407,0014-06-03 04:20:00,14,6,3,4,20,540,395,"27, STANISLAS (RUE)",,,Nuit avec éclairage allumé,En agglomération,Hors intersection,Normale,Deux véhicules - frontale,,,,,,,,,,,5,2,1,1.0,1
201400029408,0014-06-04 17:00:00,14,6,4,17,0,540,395,LEOPOLD (COURS),,,Plein jour,En agglomération,Intersection en X,Normale,Deux véhicules - côté,,,,,,,,,,,1,2,2,1.0,3
201400029409,0014-06-05 10:35:00,14,6,5,10,35,540,395,SAINT DIZIER (RUE 2 A 80,,,Plein jour,En agglomération,Hors intersection,Temps éblouissant,Autre collision,,,,,,,,,,,1,2,1,7.0,6
201400029410,0014-06-05 13:25:00,14,6,5,13,25,540,357,REPUBLIQUE (RUE DE LA),,,Plein jour,En agglomération,Intersection en T,Normale,Deux véhicules - frontale,,,,,,,,,,,1,2,3,1.0,1
201400029411,0014-06-05 19:10:00,14,6,5,19,10,540,328,"0, SAUSSI (ALLEE DU)",,,Plein jour,En agglomération,Intersection en T,Normale,Deux véhicules - côté,,,,,,,,,,,1,2,3,1.0,3
201400029412,0014-06-07 18:50:00,14,6,7,18,50,540,482,ALEXANDRE 1ER (RUE),,,Plein jour,En agglomération,Hors intersection,Normale,Autre collision,,,,,,,,,,,1,2,1,1.0,6
201400029413,0014-06-07 18:50:00,14,6,7,18,50,540,395,VINGT SIXIEME R.I. (BOUL,,,Plein jour,En agglomération,Hors intersection,Normale,Deux véhicules - côté,,,,,,,,,,,1,2,1,1.0,3
201400029414,0014-06-08 16:00:00,14,6,8,16,0,540,395,BONSECOURS (RUE DE),,,Plein jour,En agglomération,Hors intersection,Normale,Deux véhicules - côté,,,,,,,,,,,1,2,1,1.0,3
201400029415,0014-06-10 19:45:00,14,6,10,19,45,540,339,BARRES (RUE MAURICE),,,Plein jour,En agglomération,Intersection en X,Normale,Deux véhicules - côté,,,,,,,,,,,1,2,2,1.0,3
201400029416,0014-06-11 18:25:00,14,6,11,18,25,540,328,CHAUDEAU (AVENUE DU),,,Plein jour,En agglomération,Hors intersection,Temps éblouissant,Deux véhicules - côté,,,,,,,,,,,1,2,1,7.0,3
201400029417,0014-06-11 19:35:00,14,6,11,19,35,540,482,"24, ALEXANDRE 1ER (RUE)",,,Plein jour,En agglomération,Hors intersection,Normale,Autre collision,,,,,,,,,,,1,2,1,1.0,6
201400029418,0014-06-12 14:00:00,14,6,12,14,0,540,395,QUATRE EGLISES (RUE,,,Plein jour,En agglomération,Hors intersection,Normale,Autre collision,,,,,,,,,,,1,2,1,1.0,6
201400029419,0014-06-12 14:15:00,14,6,12,14,15,540,395,DE LATTRE DE TASSIGNY (A,,,Plein jour,En agglomération,Intersection en T,Normale,Deux véhicules - arrière,,,,,,,,,,,1,2,3,1.0,2
201400029420,0014-06-12 20:15:00,14,6,12,20,15,540,395,"314, LIBERATION (AVENUE",,,Plein jour,En agglomération,Hors intersection,Normale,Trois véhicules et plus - en chaîne,,,,,,,,,,,1,2,1,1.0,4
201400029421,0014-06-13 11:35:00,14,6,13,11,35,540,328,FLEVILLE (ROUTE DE),,,Plein jour,En agglomération,Intersection en X,Normale,Deux véhicules - côté,,,,,,,,,,,1,2,2,1.0,3
201400029422,0014-06-15 20:45:00,14,6,15,20,45,540,578,MARON (AVENUE DE),,,Plein jour,Hors agglomération,Hors intersection,Normale,Autre collision,,,,,,,,,,,1,1,1,1.0,6
201400029423,0014-06-17 17:45:00,14,6,17,17,45,540,184,SOIXANTE NEUVIEME R.I. (,,,Plein jour,En agglomération,Hors intersection,Normale,Trois véhicules et plus - en chaîne,,,,,,,,,,,1,2,1,1.0,4
201400029424,0014-06-19 16:50:00,14,6,19,16,50,540,547,NORVEGE (RUE DE),,,Plein jour,En agglomération,Hors intersection,Normale,Deux véhicules - arrière,,,,,,,,,,,1,2,1,1.0,2
201400029425,0014-06-24 21:00:00,14,6,24,21,0,540,395,MON DESERT (RUE),,,Crépuscule ou aube,En agglomération,Hors intersection,Normale,Deux véhicules - côté,,,,,,,,,,,2,2,1,1.0,3
201400029426,0014-06-20 14:30:00,14,6,20,14,30,540,395,"15, DE LATTRE DE TASSIGN",,,Plein jour,En agglomération,Hors intersection,Normale,Deux véhicules - côté,,,,,,,,,,,1,2,1,1.0,3
201400029427,0014-06-20 12:48:00,14,6,20,12,48,540,184,BRIGACHTAL (AVENUE DE),,,Plein jour,En agglomération,Hors intersection,Normale,Autre collision,,,,,,,,,,,1,2,1,1.0,6
201400029428,0014-06-20 18:34:00,14,6,20,18,34,540,395,POINCARE (RUE RAYMOND 1-,,,Plein jour,En agglomération,Hors intersection,Normale,Autre collision,,,,,,,,,,,1,2,1,1.0,6
201400029429,0014-06-22 04:45:00,14,6,22,4,45,540,395,SAINT GEORGES (RUE),,,Nuit avec éclairage allumé,En agglomération,Hors intersection,Normale,Sans collision,,,,,,,,,,,5,2,1,1.0,7
201400029430,0014-06-24 11:00:00,14,6,24,11,0,540,184,LE TRONC QUI FUME (LIEU-,,,Plein jour,En agglomération,Hors intersection,Normale,Deux véhicules - côté,,,,,,,,,,,1,2,1,1.0,3
201400029431,0014-06-25 09:00:00,14,6,25,9,0,540,547,CHARLES DE GAULLE (ROND,,,Plein jour,En agglomération,Hors intersection,Normale,Trois véhicules et plus - en chaîne,,,,,,,,,,,1,2,1,1.0,4
201400029432,0014-06-24 17:00:00,14,6,24,17,0,540,526,POTIER (RUE EUGENE),,,Plein jour,En agglomération,Intersection en T,Normale,Autre collision,,,,,,,,,,,1,2,3,1.0,6
201400029433,0014-06-18 11:05:00,14,6,18,11,5,540,395,JARDINIERS (RUE DES,,,Plein jour,En agglomération,Hors intersection,Normale,Autre collision,,,,,,,,,,,1,2,1,1.0,6
201400029434,0014-06-30 15:45:00,14,6,30,15,45,540,395,HAUT-BOURGEOIS (RUE DU),,,Plein jour,En agglomération,Intersection en X,Normale,Deux véhicules - côté,,,,,,,,,,,1,2,2,1.0,3
201400029435,0014-07-01 11:40:00,14,7,1,11,40,540,357,"62, LAFAYETTE (RUE)",,,Plein jour,En agglomération,Hors intersection,Normale,Deux véhicules - arrière,,,,,,,,,,,1,2,1,1.0,2
201400029436,0014-07-01 20:11:00,14,7,1,20,11,540,578,MULLER (AVENUE PAUL),,,Plein jour,En agglomération,Hors intersection,Normale,Autre collision,,,,,,,,,,,1,2,1,1.0,6
201400029437,0014-07-02 20:25:00,14,7,2,20,25,540,395,"78, FOCH (AVENUE 2 A 16/",,,Plein jour,En agglomération,Hors intersection,Normale,Autre collision,,,,,,,,,,,1,2,1,1.0,6
201400029438,0014-07-05 19:55:00,14,7,5,19,55,540,328,PASTEUR (RUE LOUIS),,,Plein jour,En agglomération,Hors intersection,Normale,Deux véhicules - côté,,,,,,,,,,,1,2,1,1.0,3
201400029439,0014-07-06 12:45:00,14,7,6,12,45,540,257,"0, SONGEUR (RUE LEON)",,,Plein jour,En agglomération,Hors intersection,Pluie légère,Deux véhicules - côté,,,,,,,,,,,1,2,1,2.0,3
201400029440,0014-07-07 19:20:00,14,7,7,19,20,540,547,BOIS LE DUC (RUE DU),,,Plein jour,En agglomération,Hors intersection,Pluie légère,Deux véhicules - frontale,,,,,,,,,,,1,2,1,2.0,1
201400029441,0014-07-08 14:05:00,14,7,8,14,5,540,395,FOLLER (RUE),,,Plein jour,En agglomération,Intersection en T,Normale,Autre collision,,,,,,,,,,,1,2,3,1.0,6
201400029442,0014-07-08 22:50:00,14,7,8,22,50,540,578,"45, AIGUILLETTES  (BD 5",,,Nuit avec éclairage allumé,En agglomération,Intersection en T,Autre,Deux véhicules - côté,,,,,,,,,,,5,2,3,9.0,3
201400029443,0014-07-09 17:15:00,14,7,9,17,15,540,395,VIEIL AITRE (RUE DU),,,Plein jour,En agglomération,Intersection en X,Pluie légère,Deux véhicules - côté,,,,,,,,,,,1,2,2,2.0,3
201400029444,0014-07-14 19:55:00,14,7,14,19,55,540,357,SEILLE (RUE DE LA),,,Plein jour,En agglomération,Hors intersection,Normale,Deux véhicules - côté,,,,,,,,,,,1,2,1,1.0,3
201400029445,0014-07-15 09:00:00,14,7,15,9,0,540,395,KENNEDY (VIADUC),,,Plein jour,En agglomération,Intersection en X,Normale,Deux véhicules - côté,,,,,,,,,,,1,2,2,1.0,3
201400029446,0014-07-15 14:30:00,14,7,15,14,30,540,395,JUIN (AVENUE DU MARECHAL,,,Plein jour,En agglomération,Hors intersection,Normale,Deux véhicules - arrière,,,,,,,,,,,1,2,1,1.0,2
201400029447,0014-07-15 21:05:00,14,7,15,21,5,540,395,REPUBLIQUE (RUE DE LA),,,Plein jour,En agglomération,Intersection en X,Normale,Deux véhicules - frontale,,,,,,,,,,,1,2,2,1.0,1
201400029448,0014-07-14 00:02:00,14,7,14,0,2,540,547,VELODROME (CARREFOUR DU),,,Nuit avec éclairage allumé,En agglomération,Giratoire,Pluie légère,Autre collision,,,,,,,,,,,5,2,6,2.0,6
201400029449,0014-07-15 17:45:00,14,7,15,17,45,540,547,LECLERC (AVENUE DU GENER,,,Plein jour,En agglomération,Intersection en T,Normale,Deux véhicules - côté,,,,,,,,,,,1,2,3,1.0,3
201400029450,0014-07-16 09:10:00,14,7,16,9,10,540,395,"125, SAINT DIZIER (RUE 8",,,Plein jour,En agglomération,Hors intersection,Normale,Autre collision,,,,,,,,,,,1,2,1,1.0,6
201400029451,0014-07-17 09:18:00,14,7,17,9,18,540,526,MILLENAIRE (BOULEVARD DU,,,Plein jour,En agglomération,Intersection en X,Normale,Deux véhicules - côté,,,,,,,,,,,1,2,2,1.0,3
201400029452,0014-07-18 17:30:00,14,7,18,17,30,540,526,JAURES (BOULEVARD JEAN),,,Plein jour,En agglomération,Intersection en X,Normale,Deux véhicules - arrière,,,,,,,,,,,1,2,2,1.0,2
201400029453,0014-07-18 17:55:00,14,7,18,17,55,540,395,"200, LIBERATION (AVENUE",,,Plein jour,En agglomération,Hors intersection,Temps éblouissant,Autre collision,,,,,,,,,,,1,2,1,7.0,6
201400029454,0014-07-19 18:50:00,14,7,19,18,50,540,482,GAMBETTA (RUE),,,Plein jour,En agglomération,Hors intersection,Normale,Autre collision,,,,,,,,,,,1,2,1,1.0,6
201400029455,0014-07-19 20:28:00,14,7,19,20,28,540,395,STRASBOURG (AVENUE DE),,,Plein jour,En agglomération,Hors intersection,Normale,Deux véhicules - arrière,,,,,,,,,,,1,2,1,1.0,2
201400029456,0014-07-21 13:40:00,14,7,21,13,40,540,395,"75, LOBAU (BOULEVARD)",,,Plein jour,En agglomération,Hors intersection,Autre,Deux véhicules - côté,,,,,,,,,,,1,2,1,9.0,3
201400029457,0014-07-22 18:10:00,14,7,22,18,10,540,547,"16, PERSEVERANCE (RUE DE",,,Plein jour,En agglomération,Intersection en T,Normale,Deux véhicules - côté,,,,,,,,,,,1,2,3,1.0,3
201400029458,0014-07-22 19:25:00,14,7,22,19,25,540,395,BOUDONVILLE (RUE DU MOUL,,,Plein jour,En agglomération,Hors intersection,Normale,Autre collision,,,,,,,,,,,1,2,1,1.0,6
201400029459,0014-07-23 21:20:00,14,7,23,21,20,540,304,FOCH (BOULEVARD MARECHAL,,,Nuit avec éclairage allumé,En agglomération,Intersection en X,Normale,Deux véhicules - côté,,,,,,,,,,,5,2,2,1.0,3
201400029460,0014-07-24 13:40:00,14,7,24,13,40,540,25,RD 2 Bis,,,Plein jour,Hors agglomération,Hors intersection,Normale,Deux véhicules - frontale,,,,,,,,,,,1,1,1,1.0,1
201400029461,0014-07-27 09:20:00,14,7,27,9,20,540,395,FRANCE (AVENUE ANATOLE),,,Plein jour,En agglomération,Intersection en X,Normale,Autre collision,,,,,,,,,,,1,2,2,1.0,6
201400029462,0014-07-29 13:05:00,14,7,29,13,5,540,395,PINCHARD (AVENUE - OMBEL,,,Plein jour,En agglomération,Hors intersection,Normale,Deux véhicules - côté,,,,,,,,,,,1,2,1,1.0,3
201400029463,0014-07-25 17:00:00,14,7,25,17,0,540,395,"103, BOUDONVILLE (Rue de",,,Plein jour,En agglomération,Hors intersection,Normale,Autre collision,,,,,,,,,,,1,2,1,1.0,6
201400029464,0014-07-31 11:50:00,14,7,31,11,50,540,395,POINCARE (RUE RAYMOND 1-,,,Plein jour,En agglomération,Hors intersection,Normale,Deux véhicules - arrière,,,,,,,,,,,1,2,1,1.0,2
201400029465,0014-08-01 15:23:00,14,8,1,15,23,540,395,MAC MAHON (RUE),,,Plein jour,En agglomération,Intersection en Y,Normale,Deux véhicules - côté,,,,,,,,,,,1,2,4,1.0,3
201400029466,0014-08-01 15:25:00,14,8,1,15,25,540,395,"122, LOBAU (BOULEVARD)",,,Plein jour,En agglomération,Hors intersection,Normale,Trois véhicules et plus - en chaîne,,,,,,,,,,,1,2,1,1.0,4
201400029467,0014-08-04 07:30:00,14,8,4,7,30,540,395,JAURES (BOULEVARD JEAN),,,Plein jour,En agglomération,Intersection à plus de 4 branches,Normale,Deux véhicules - côté,,,,,,,,,,,1,2,5,1.0,3
201400029468,0014-08-05 10:45:00,14,8,5,10,45,540,395,"4, ROPARTZ (RUE GUY)",,,Plein jour,En agglomération,Hors intersection,Normale,Deux véhicules - côté,,,,,,,,,,,1,2,1,1.0,3
201400029469,0014-08-05 15:10:00,14,8,5,15,10,540,526,HERBUVAUX (PLACE RENE),,,Plein jour,En agglomération,Hors intersection,Normale,Autre collision,,,,,,,,,,,1,2,1,1.0,6
201400029470,0014-08-05 17:30:00,14,8,5,17,30,540,395,LEOPOLD (COURS),,,Plein jour,En agglomération,Hors intersection,Normale,Deux véhicules - côté,,,,,,,,,,,1,2,1,1.0,3
201400029471,0014-08-06 11:30:00,14,8,6,11,30,540,184,"120, SOIXANTE NEUVIEME R",,,Plein jour,En agglomération,Hors intersection,Normale,Autre collision,,,,,,,,,,,1,2,1,1.0,6
201400029472,0014-08-06 13:10:00,14,8,6,13,10,540,395,PALISSOT (RUE),,,Plein jour,En agglomération,Intersection en X,Normale,Deux véhicules - côté,,,,,,,,,,,1,2,2,1.0,3
201400029473,0014-08-11 12:50:00,14,8,11,12,50,540,395,"147, SAINT DIZIER (RUE 8",,,Plein jour,En agglomération,Intersection en X,Normale,Sans collision,,,,,,,,,,,1,2,2,1.0,7
201400029474,0014-08-12 15:50:00,14,8,12,15,50,540,395,"07, TIERCELINS (RUE DES)",,,Plein jour,En agglomération,Hors intersection,Normale,Autre collision,,,,,,,,,,,1,2,1,1.0,6
201400029475,0014-08-12 18:43:00,14,8,12,18,43,540,395,"0, SAINT DIZIER (RUE 2",,,Plein jour,En agglomération,Intersection en X,Normale,Autre collision,,,,,,,,,,,1,2,2,1.0,6
201400029476,0014-08-13 16:00:00,14,8,13,16,0,540,547,"0, JAURES (AVENUE JEAN)",,,Plein jour,En agglomération,Hors intersection,Pluie forte,Deux véhicules - frontale,,,,,,,,,,,1,2,1,3.0,1
201400029477,0014-08-14 18:00:00,14,8,14,18,0,540,25,RD 126,48.65894,6.27002,Plein jour,En agglomération,Hors intersection,Normale,Trois véhicules et plus - collisions multiples,,,,,,,,,,,1,2,1,1.0,5
201400029478,0014-08-14 21:00:00,14,8,14,21,0,540,395,"0, VINGTIEME CORPS (AVEN",,,Crépuscule ou aube,En agglomération,Hors intersection,Normale,Autre collision,,,,,,,,,,,2,2,1,1.0,6
201400029479,0014-08-16 05:20:00,14,8,16,5,20,540,304,"9, AIGUILLETTES  (BD 16",,,Crépuscule ou aube,En agglomération,Hors intersection,Normale,Deux véhicules - arrière,,,,,,,,,,,2,2,1,1.0,2
201400029480,0014-08-21 14:45:00,14,8,21,14,45,540,395,GRANDVILLE (RUE),,,Plein jour,En agglomération,Hors intersection,Normale,Deux véhicules - arrière,,,,,,,,,,,1,2,1,1.0,2
201400029481,0014-08-21 15:30:00,14,8,21,15,30,540,395,"0, MALVAL (PLACE JOSEPH)",,,Plein jour,En agglomération,Hors intersection,Normale,Autre collision,,,,,,,,,,,1,2,1,1.0,6
201400029482,0014-08-22 14:46:00,14,8,22,14,46,540,395,"0, MARIN (VIADUC LOUIS)",,,Plein jour,En agglomération,Hors intersection,Normale,Deux véhicules - côté,,,,,,,,,,,1,2,1,1.0,3
201400029483,0014-08-22 22:45:00,14,8,22,22,45,540,395,"264, LECLERC (AV. DU GEN",,,Nuit avec éclairage non allumé,En agglomération,Hors intersection,Normale,Autre collision,,,,,,,,,,,4,2,1,1.0,6
201400029484,0014-08-23 16:15:00,14,8,23,16,15,540,304,BOIS GRONEE (AVENUE DU),,,Plein jour,En agglomération,Hors intersection,Normale,Deux véhicules - côté,,,,,,,,,,,1,2,1,1.0,3
201400029485,0014-08-24 23:35:00,14,8,24,23,35,540,578,JARDIN BOTANIQUE (RUE DU,,,Nuit avec éclairage allumé,En agglomération,Hors intersection,Normale,Autre collision,,,,,,,,,,,5,2,1,1.0,6
201400029486,0014-08-25 15:53:00,14,8,25,15,53,540,184,BRIGACHTAL (AVENUE DE),,,Plein jour,En agglomération,Hors intersection,Normale,Deux véhicules - arrière,,,,,,,,,,,1,2,1,1.0,2
201400029487,0014-08-25 16:23:00,14,8,25,16,23,540,328,"8, BAS DE LA COTE (RUE D",,,Plein jour,En agglomération,Hors intersection,Normale,Deux véhicules - côté,,,,,,,,,,,1,2,1,1.0,3
201400029488,0014-08-25 18:10:00,14,8,25,18,10,540,547,"0, FORET DE HAYE (RUE DE",,,Plein jour,En agglomération,Intersection en X,Pluie légère,Deux véhicules - côté,,,,,,,,,,,1,2,2,2.0,3
201400029489,0014-08-26 14:20:00,14,8,26,14,20,540,547,"0, FORET DE HAYE (RUE DE",,,Plein jour,En agglomération,Hors intersection,Pluie légère,Deux véhicules - frontale,,,,,,,,,,,1,2,1,2.0,1
201400029490,0014-08-27 09:52:00,14,8,27,9,52,540,395,"0, BROT (Rond-Point Marc",,,Plein jour,En agglomération,Giratoire,Normale,Deux véhicules - côté,,,,,,,,,,,1,2,6,1.0,3
201400029491,0014-08-27 12:10:00,14,8,27,12,10,540,547,OPALINSKA (RUE CATHERINE,,,Plein jour,En agglomération,Intersection en T,Normale,Deux véhicules - arrière,,,,,,,,,,,1,2,3,1.0,2
201400029492,0014-08-28 12:39:00,14,8,28,12,39,540,165,"0, SAINTE GENEVIEVE (RUE",,,Plein jour,En agglomération,Intersection en X,Normale,Deux véhicules - côté,,,,,,,,,,,1,2,2,1.0,3
201400029493,0014-08-28 17:05:00,14,8,28,17,5,540,395,RUE CROIX SAINT-CLAUDE,,,Plein jour,En agglomération,Intersection en T,Normale,Deux véhicules - côté,,,,,,,,,,,1,2,3,1.0,3
201400029494,0014-08-29 15:40:00,14,8,29,15,40,540,547,"16, HOLLANDE (RUE DE)",,,Plein jour,En agglomération,Hors intersection,Normale,Autre collision,,,,,,,,,,,1,2,1,1.0,6
201400029495,0014-08-29 16:45:00,14,8,29,16,45,540,395,"0, MILLENAIRE (PONT DU)",,,Plein jour,En agglomération,Hors intersection,Normale,Trois véhicules et plus - en chaîne,,,,,,,,,,,1,2,1,1.0,4
201400029496,0014-08-30 15:15:00,14,8,30,15,15,540,547,"28, PORTUGAL (RUE DU)",,,Plein jour,En agglomération,Hors intersection,Normale,Autre collision,,,,,,,,,,,1,2,1,1.0,6
201400029497,0014-09-04 03:18:00,14,9,4,3,18,540,197,"0, RD 71",,,Nuit avec éclairage allumé,En agglomération,Hors intersection,Normale,Autre collision,,,,,,,,,,,5,2,1,1.0,6
201400029498,0014-09-07 00:15:00,14,9,7,0,15,540,395,"39, SOURCE (RUE DE LA)",,,Nuit avec éclairage allumé,En agglomération,Hors intersection,Normale,Autre collision,,,,,,,,,,,5,2,1,1.0,6
201400029499,0014-09-08 11:35:00,14,9,8,11,35,540,257,RD 570,48.63166,6.18252,Plein jour,Hors agglomération,Hors intersection,Normale,Deux véhicules - arrière,,,,,,,,,,,1,1,1,1.0,2
201400029500,0014-09-09 19:58:00,14,9,9,19,58,540,395,"114, REPUBLIQUE (RUE DE",,,Crépuscule ou aube,En agglomération,Hors intersection,Temps couvert,Sans collision,,,,,,,,,,,2,2,1,8.0,7
201400029501,0014-09-10 10:25:00,14,9,10,10,25,540,526,"0, FRATERNITE (RUE DE LA",,,Plein jour,En agglomération,Intersection en X,Normale,Deux véhicules - côté,,,,,,,,,,,1,2,2,1.0,3
201400029502,0014-09-10 12:15:00,14,9,10,12,15,540,300,RD 400,,,Plein jour,En agglomération,Hors intersection,Normale,Deux véhicules - côté,,,,,,,,,,,1,2,1,1.0,3
201400029503,0014-09-11 16:45:00,14,9,11,16,45,540,395,"83, POINCARE (RUE RAYMON",,,Plein jour,En agglomération,Hors intersection,Normale,Autre collision,,,,,,,,,,,1,2,1,1.0,6
201400029504,0014-09-12 01:00:00,14,9,12,1,0,540,395,"4, LA SALLE (RUE DE)",,,Nuit avec éclairage allumé,En agglomération,Hors intersection,Autre,Autre collision,,,,,,,,,,,5,2,1,9.0,6
201400029505,0014-09-12 08:10:00,14,9,12,8,10,540,395,JOFFRE (Boulevard),,,Plein jour,En agglomération,Intersection en X,Normale,Deux véhicules - côté,,,,,,,,,,,1,2,2,1.0,3
201400029506,0014-09-12 10:10:00,14,9,12,10,10,540,395,LIBERATION (AVENUE DE LA,,,Plein jour,En agglomération,Hors intersection,Normale,Deux véhicules - arrière,,,,,,,,,,,1,2,1,1.0,2
201400029507,0014-09-12 17:30:00,14,9,12,17,30,540,395,FOLLER (RUE),,,Plein jour,En agglomération,Hors intersection,Normale,Deux véhicules - côté,,,,,,,,,,,1,2,1,1.0,3
201400029508,0014-09-13 09:05:00,14,9,13,9,5,540,395,"0, DE GAULLE (PLACE DU G",,,Plein jour,En agglomération,Hors intersection,Normale,Autre collision,,,,,,,,,,,1,2,1,1.0,6
201400029509,0014-09-13 20:36:00,14,9,13,20,36,540,578,MULLER (AVENUE PAUL),,,Crépuscule ou aube,En agglomération,Intersection en X,Normale,Deux véhicules - côté,,,,,,,,,,,2,2,2,1.0,3
201400029510,0014-09-16 16:10:00,14,9,16,16,10,540,395,"08, LAXOU (Rue de)",,,Plein jour,En agglomération,Hors intersection,Normale,Deux véhicules - arrière,,,,,,,,,,,1,2,1,1.0,2
201400029511,0014-09-17 18:00:00,14,9,17,18,0,540,526,"0, JAURES (BOULEVARD JEA",,,Plein jour,En agglomération,Hors intersection,Normale,Autre collision,,,,,,,,,,,1,2,1,1.0,6
201400029512,0014-09-17 05:20:00,14,9,17,5,20,540,300,"01, COTE GRISE",48.64506,6.24827,Nuit avec éclairage allumé,En agglomération,Hors intersection,Brouillard / fumée,Deux véhicules - frontale,,,,,,,,,,,5,2,1,5.0,1
201400029513,0014-09-17 10:40:00,14,9,17,10,40,540,526,JAURES (BOULEVARD JEAN),,,Plein jour,En agglomération,Intersection en X,Normale,Sans collision,,,,,,,,,,,1,2,2,1.0,7