accident_id,datetime,annee,mois,jour,heure,minute,departement,commune_insee,adresse,latitude,longitude,luminosite,agglomeration,intersection,meteo,collision,nb_vehicules,nb_usagers,nb_indemnes,nb_tues,nb_blesses_hosp,nb_blesses_legers,age_cond_1,age_cond_2,veh_type_cond_1,veh_type_cond_2,lum_code,agg_code,int_code,atm_code,col_code
201400029514,0014-09-17 10:35:00,14,9,17,10,35,540,578,"92, LECLERC (AVENUE DU G",,,Plein jour,En agglomération,Hors intersection,Normale,Autre collision,,,,,,,,,,,1,2,1,1.0,6
201400029515,0014-09-18 13:35:00,14,9,18,13,35,540,304,EUROPE (AVENUE DE L'),,,Plein jour,En agglomération,Hors intersection,Normale,Autre collision,,,,,,,,,,,1,2,1,1.0,6
201400029516,0014-09-20 13:55:00,14,9,20,13,55,540,395,LECLERC (AV DU GENERAL),,,Plein jour,En agglomération,Hors intersection,Normale,Deux véhicules - côté,,,,,,,,,,,1,2,1,1.0,3
201400029517,0014-09-20 17:10:00,14,9,20,17,10,540,395,"12, CHARLEMAGNE (BD)",,,Plein jour,En agglomération,Hors intersection,Normale,Autre collision,,,,,,,,,,,1,2,1,1.0,6
201400029518,0014-09-21 10:45:00,14,9,21,10,45,540,395,MON DESERT (RUE),,,Plein jour,En agglomération,Intersection en X,Pluie légère,Deux véhicules - côté,,,,,,,,,,,1,2,2,2.0,3
201400029519,0014-09-22 13:20:00,14,9,22,13,20,540,395,"50, MAUVAIS (RUE VIRGINI",,,Plein jour,En agglomération,Hors intersection,Normale,Autre collision,,,,,,,,,,,1,2,1,1.0,6
201400029520,0014-09-22 14:05:00,14,9,22,14,5,540,395,LIBERATION (AVENUE DE LA,,,Plein jour,En agglomération,Hors intersection,Normale,Deux véhicules - arrière,,,,,,,,,,,1,2,1,1.0,2
201400029521,0014-09-22 17:40:00,14,9,22,17,40,540,304,MEUSE (RUE DE LA),,,Plein jour,En agglomération,Intersection en T,Normale,Deux véhicules - côté,,,,,,,,,,,1,2,3,1.0,3
201400029522,0014-09-23 08:54:00,14,9,23,8,54,540,395,SCARPONE (BD DE),,,Plein jour,En agglomération,Intersection en T,Normale,Deux véhicules - côté,,,,,,,,,,,1,2,3,1.0,3
201400029523,0014-09-25 08:55:00,14,9,25,8,55,540,165,PAIN DE SUCRE (CHEMIN),,,Plein jour,Hors agglomération,Hors intersection,Normale,Sans collision,,,,,,,,,,,1,1,1,1.0,7
201400029524,0014-09-26 13:50:00,14,9,26,13,50,540,357,"32, PATTON (AV. DU GENER",,,Plein jour,En agglomération,Hors intersection,Normale,Deux véhicules - côté,,,,,,,,,,,1,2,1,1.0,3
201400029525,0014-09-26 16:48:00,14,9,26,16,48,540,395,"3, MARTIMPREY (RUE DE)",,,Plein jour,En agglomération,Hors intersection,Normale,Sans collision,,,,,,,,,,,1,2,1,1.0,7
201400029526,0014-09-26 17:55:00,14,9,26,17,55,540,395,"0, SAINT SEBASTIEN (EGLI",,,Plein jour,En agglomération,Hors intersection,Normale,Autre collision,,,,,,,,,,,1,2,1,1.0,6
201400029527,0014-09-27 13:35:00,14,9,27,13,35,540,395,PINCHARD (AVENUE - TAMAR,,,Plein jour,En agglomération,Hors intersection,Normale,Deux véhicules - côté,,,,,,,,,,,1,2,1,1.0,3
201400029528,0014-09-27 18:45:00,14,9,27,18,45,540,547,"0, BRIAND (RUE ARISTIDE)",,,Plein jour,En agglomération,Intersection en T,Normale,Autre collision,,,,,,,,,,,1,2,3,1.0,6
201400029529,0014-09-29 08:15:00,14,9,29,8,15,540,395,KENNEDY (VIADUC),,,Plein jour,En agglomération,Hors intersection,Normale,Autre collision,,,,,,,,,,,1,2,1,1.0,6
201400029530,0014-09-29 19:45:00,14,9,29,19,45,540,395,METZ (RUE DE),,,Crépuscule ou aube,En agglomération,Intersection en X,Normale,Deux véhicules - côté,,,,,,,,,,,2,2,2,1.0,3
201400029531,0014-09-30 10:07:00,14,9,30,10,7,540,395,"100, LIBERATION (AVENUE",,,Plein jour,En agglomération,Hors intersection,Normale,Deux véhicules - arrière,,,,,,,,,,,1,2,1,1.0,2
201400029532,0014-09-30 17:40:00,14,9,30,17,40,540,395,JAURES (BOULEVARD JEAN),,,Plein jour,En agglomération,Intersection en X,Normale,Deux véhicules - côté,,,,,,,,,,,1,2,2,1.0,3
201400029533,0014-10-02 08:30:00,14,10,2,8,30,540,304,ARCHAMBAULT (RUE DU DOCT,,,Plein jour,En agglomération,Hors intersection,Normale,Deux véhicules - côté,,,,,,,,,,,1,2,1,1.0,3
201400029534,0014-10-03 16:55:00,14,10,3,16,55,540,395,CHANZY (RUE DE),,,Plein jour,En agglomération,Intersection en T,Normale,Autre collision,,,,,,,,,,,1,2,3,1.0,6
201400029535,0014-10-04 20:05:00,14,10,4,20,5,540,526,RD 2 BIS,,,Nuit avec éclairage allumé,En agglomération,Intersection en X,Normale,Deux véhicules - frontale,,,,,,,,,,,5,2,2,1.0,1
201400029536,0014-10-06 07:30:00,14,10,6,7,30,540,395,KLEBER (RUE),,,Plein jour,En agglomération,Intersection en X,Normale,Deux véhicules - côté,,,,,,,,,,,1,2,2,1.0,3
201400029537,0014-10-06 12:40:00,14,10,6,12,40,540,578,AVIATION (ROUTE DE L'),,,Plein jour,En agglomération,Intersection en T,Normale,Deux véhicules - côté,,,,,,,,,,,1,2,3,1.0,3
201400029538,0014-10-06 18:15:00,14,10,6,18,15,540,184,BRIGACHTAL (AVENUE DE),,,Plein jour,En agglomération,Hors intersection,Normale,Deux véhicules - arrière,,,,,,,,,,,1,2,1,1.0,2
201400029539,0014-10-06 18:50:00,14,10,6,18,50,540,395,COURNAULT (RUE ETIENNE),,,Plein jour,En agglomération,Hors intersection,Normale,Deux véhicules - frontale,,,,,,,,,,,1,2,1,1.0,1
201400029540,0014-10-07 16:38:00,14,10,7,16,38,540,395,BAILLY (RUE),,,Plein jour,En agglomération,Hors intersection,Pluie légère,Autre collision,,,,,,,,,,,1,2,1,2.0,6
201400029541,0014-10-08 07:30:00,14,10,8,7,30,540,395,SELLIER (RUE),,,Nuit avec éclairage allumé,En agglomération,Hors intersection,Normale,Sans collision,,,,,,,,,,,5,2,1,1.0,7
201400029542,0014-10-07 14:20:00,14,10,7,14,20,540,395,SERRE (RUE DE),,,Plein jour,En agglomération,Hors intersection,Normale,Deux véhicules - côté,,,,,,,,,,,1,2,1,1.0,3
201400029543,0014-10-09 13:40:00,14,10,9,13,40,540,482,"0, SAINT LIVIER (RUE",,,Plein jour,En agglomération,Intersection en T,Pluie forte,Autre collision,,,,,,,,,,,1,2,3,3.0,6
201400029544,0014-10-10 11:45:00,14,10,10,11,45,540,526,FRATERNITE (RUE DE LA),,,Plein jour,En agglomération,Intersection en X,Normale,Deux véhicules - côté,,,,,,,,,,,1,2,2,1.0,3
201400029545,0014-10-10 17:30:00,14,10,10,17,30,540,395,BRABOIS (AVENUE DE),,,Crépuscule ou aube,En agglomération,Hors intersection,Normale,Autre collision,,,,,,,,,,,2,2,1,1.0,6
201400029546,0014-10-10 20:05:00,14,10,10,20,5,540,395,CALLOT (RUE),,,Nuit avec éclairage allumé,En agglomération,Intersection en X,Pluie légère,Deux véhicules - côté,,,,,,,,,,,5,2,2,2.0,3
201400029547,0014-10-12 04:55:00,14,10,12,4,55,540,395,ARC ( RUE JEANNE D'N,,,Nuit avec éclairage allumé,En agglomération,Hors intersection,Brouillard / fumée,Autre collision,,,,,,,,,,,5,2,1,5.0,6
201400029548,0014-10-12 15:25:00,14,10,12,15,25,540,395,TOMBLAINE (RUE DE),,,Plein jour,En agglomération,Hors intersection,Pluie légère,Autre collision,,,,,,,,,,,1,2,1,2.0,6
201400029549,0014-10-13 19:30:00,14,10,13,19,30,540,395,"0, SAINTE CATHERINE (QUA",,,Crépuscule ou aube,En agglomération,Hors intersection,Normale,Autre collision,,,,,,,,,,,2,2,1,1.0,6
201400029550,0014-10-13 07:35:00,14,10,13,7,35,540,395,LIBERATION (AVENUE DE LA,,,Plein jour,En agglomération,Intersection en Y,Pluie légère,Autre collision,,,,,,,,,,,1,2,4,2.0,6
201400029551,0014-10-13 07:50:00,14,10,13,7,50,540,395,"37, KLEBER (RUE)",,,Plein jour,En agglomération,Hors intersection,Normale,Autre collision,,,,,,,,,,,1,2,1,1.0,6
201400029552,0014-10-13 10:40:00,14,10,13,10,40,540,395,"56, BOUDONVILLE (Rue de)",,,Plein jour,En agglomération,Hors intersection,Normale,Deux véhicules - arrière,,,,,,,,,,,1,2,1,1.0,2
201400029553,0014-10-13 15:30:00,14,10,13,15,30,540,395,SENN (RUE DU RECTEUR),,,Plein jour,En agglomération,Intersection en X,Normale,Autre collision,,,,,,,,,,,1,2,2,1.0,6
201400029554,0014-10-13 19:40:00,14,10,13,19,40,540,395,"70, JARDINIERS (RUE DES",,,Nuit avec éclairage allumé,En agglomération,Hors intersection,Normale,Autre collision,,,,,,,,,,,5,2,1,1.0,6
201400029555,0014-10-14 12:00:00,14,10,14,12,0,540,395,BATAILLE (QUAI DE LA),,,Plein jour,En agglomération,Hors intersection,Normale,Deux véhicules - frontale,,,,,,,,,,,1,2,1,1.0,1
201400029556,0014-10-14 17:05:00,14,10,14,17,5,540,578,MULLER (AVENUE PAUL),,,Plein jour,En agglomération,Intersection en T,Normale,Deux véhicules - côté,,,,,,,,,,,1,2,3,1.0,3
201400029557,0014-10-14 17:30:00,14,10,14,17,30,540,274,GOUNOD (RUE CHARLES),,,Plein jour,En agglomération,Hors intersection,Normale,Autre collision,,,,,,,,,,,1,2,1,1.0,6
201400029558,0014-10-15 22:50:00,14,10,15,22,50,540,547,BARTHOU (BD LOUIS),,,Nuit avec éclairage allumé,En agglomération,Hors intersection,Temps couvert,Autre collision,,,,,,,,,,,5,2,1,8.0,6
201400029559,0014-10-17 16:45:00,14,10,17,16,45,540,578,MULLER (AVENUE PAUL),,,Plein jour,En agglomération,Intersection en X,Normale,Deux véhicules - côté,,,,,,,,,,,1,2,2,1.0,3
201400029560,0014-10-17 17:15:00,14,10,17,17,15,540,328,MESSEIN (ROUTE DE),,,Plein jour,En agglomération,Hors intersection,Normale,Deux véhicules - arrière,,,,,,,,,,,1,2,1,1.0,2
201400029561,0014-10-21 12:15:00,14,10,21,12,15,540,304,RESISTANCE (AV. DE LA -P,,,Plein jour,En agglomération,Hors intersection,Normale,Trois véhicules et plus - collisions multiples,,,,,,,,,,,1,2,1,1.0,5
201400029562,0014-10-21 17:05:00,14,10,21,17,5,540,547,FORET DE HAYE (RUE DE LA,,,Plein jour,En agglomération,Hors intersection,Pluie légère,Trois véhicules et plus - collisions multiples,,,,,,,,,,,1,2,1,2.0,5
201400029563,0014-10-21 20:45:00,14,10,21,20,45,540,547,BERGER (RUE EUGENIE),,,Nuit avec éclairage allumé,En agglomération,Hors intersection,Normale,Deux véhicules - arrière,,,,,,,,,,,5,2,1,1.0,2
201400029564,0014-10-22 14:30:00,14,10,22,14,30,540,547,PERI (RUE GABRIEL),,,Plein jour,En agglomération,Hors intersection,Normale,Deux véhicules - côté,,,,,,,,,,,1,2,1,1.0,3
201400029565,0014-10-24 10:15:00,14,10,24,10,15,540,395,"0, DE LATTRE DE TASSIGNY",,,Plein jour,En agglomération,Hors intersection,Normale,Autre collision,,,,,,,,,,,1,2,1,1.0,6
201400029566,0014-10-25 19:45:00,14,10,25,19,45,540,395,"5, ROPARTZ (RUE GUY)",,,Nuit avec éclairage allumé,En agglomération,Hors intersection,Normale,Autre collision,,,,,,,,,,,5,2,1,1.0,6
201400029567,0014-10-27 18:50:00,14,10,27,18,50,540,395,"69, BOUFFLERS (AVENUE) D",,,Nuit avec éclairage allumé,En agglomération,Hors intersection,Normale,Deux véhicules - côté,,,,,,,,,,,5,2,1,1.0,3
201400029568,0014-10-31 06:00:00,14,10,31,6,0,540,395,ALBERT 1ER  (BD),,,Nuit avec éclairage allumé,En agglomération,Intersection en X,Normale,Deux véhicules - côté,,,,,,,,,,,5,2,2,1.0,3
201400029569,0014-11-02 17:45:00,14,11,2,17,45,540,395,MON DESERT (RUE),,,Nuit avec éclairage allumé,En agglomération,Intersection en X,Normale,Deux véhicules - côté,,,,,,,,,,,5,2,2,1.0,3
201400029570,0014-11-04 05:50:00,14,11,4,5,50,540,304,SAPINIERE (RUE DE LA),,,Nuit avec éclairage allumé,En agglomération,Hors intersection,Pluie légère,Deux véhicules - côté,,,,,,,,,,,5,2,1,2.0,3
201400029571,0014-11-04 12:05:00,14,11,4,12,5,540,339,EGLISE (RUE DE L'),,,Plein jour,En agglomération,Hors intersection,Pluie forte,Deux véhicules - arrière,,,,,,,,,,,1,2,1,3.0,2
201400029572,0014-11-04 18:35:00,14,11,4,18,35,540,547,MIRECOURT (ROUTE DE),,,Nuit avec éclairage allumé,En agglomération,Hors intersection,Pluie forte,Deux véhicules - arrière,,,,,,,,,,,5,2,1,3.0,2
201400029573,0014-11-04 22:10:00,14,11,4,22,10,540,395,LECLERC (AV DU GENERAL),,,Nuit avec éclairage allumé,En agglomération,Intersection en X,Pluie légère,Deux véhicules - côté,,,,,,,,,,,5,2,2,2.0,3
201400029574,0014-11-05 13:50:00,14,11,5,13,50,540,395,PINCHARD (AVENUE   TAMAR,,,Plein jour,En agglomération,Hors intersection,Normale,Autre collision,,,,,,,,,,,1,2,1,1.0,6
201400029575,0014-11-08 08:00:00,14,11,8,8,0,540,395,LIBERATION (AVENUE DE LA,,,Plein jour,En agglomération,Hors intersection,Normale,Trois véhicules et plus - en chaîne,,,,,,,,,,,1,2,1,1.0,4
201400029576,0014-11-08 16:00:00,14,11,8,16,0,540,547,MIRECOURT (ROUTE DE),,,Plein jour,En agglomération,Hors intersection,Normale,Trois véhicules et plus - en chaîne,,,,,,,,,,,1,2,1,1.0,4
201400029577,0014-11-10 19:20:00,14,11,10,19,20,540,395,"0, KELLER (RUE CHARLES)",,,Nuit avec éclairage allumé,En agglomération,Intersection en T,Normale,Autre collision,,,,,,,,,,,5,2,3,1.0,6
201400029578,0014-11-11 09:30:00,14,11,11,9,30,540,328,"276, MONT (RUE DU)",,,Plein jour,En agglomération,Hors intersection,Pluie légère,Trois véhicules et plus - collisions multiples,,,,,,,,,,,1,2,1,2.0,5
201400029579,0014-11-11 10:35:00,14,11,11,10,35,540,547,"0, EUROPE (BOULEVARD DE",,,Plein jour,En agglomération,Hors intersection,Normale,Autre collision,,,,,,,,,,,1,2,1,1.0,6
201400029580,0014-11-14 08:30:00,14,11,14,8,30,540,547,BOURGOGNE (AVENUE DE),,,Crépuscule ou aube,En agglomération,Hors intersection,Brouillard / fumée,Deux véhicules - côté,,,,,,,,,,,2,2,1,5.0,3
201400029581,0014-11-14 10:40:00,14,11,14,10,40,540,304,SAPINIERE (RUE DE LA),,,Plein jour,En agglomération,Hors intersection,Normale,Deux véhicules - côté,,,,,,,,,,,1,2,1,1.0,3
201400029582,0014-11-14 12:15:00,14,11,14,12,15,540,395,HUGO (RUE VICTOR),,,Plein jour,En agglomération,Hors intersection,Normale,Autre collision,,,,,,,,,,,1,2,1,1.0,6
201400029583,0014-11-15 20:20:00,14,11,15,20,20,540,395,"37, MIRECOURT (ROUTE DE)",,,Nuit avec éclairage allumé,En agglomération,Hors intersection,Pluie légère,Autre collision,,,,,,,,,,,5,2,1,2.0,6
201400029584,0014-11-16 19:10:00,14,11,16,19,10,540,395,MOUILLERON (RUE GABRIEL),,,Crépuscule ou aube,En agglomération,Intersection en X,Pluie légère,Deux véhicules - côté,,,,,,,,,,,2,2,2,2.0,3
201400029585,0014-11-18 12:40:00,14,11,18,12,40,540,395,"47, COMMANDERIE (RUE/PLA",,,Plein jour,En agglomération,Hors intersection,Normale,Autre collision,,,,,,,,,,,1,2,1,1.0,6
201400029586,0014-11-20 16:40:00,14,11,20,16,40,540,274,SONGEUR (RUE LEON),,,Crépuscule ou aube,En agglomération,Intersection en T,Normale,Deux véhicules - côté,,,,,,,,,,,2,2,3,1.0,3
201400029587,0014-11-17 19:15:00,14,11,17,19,15,540,395,"79, SAINT NICOLAS (RUE R",,,Nuit avec éclairage allumé,En agglomération,Hors intersection,Pluie légère,Deux véhicules - arrière,,,,,,,,,,,5,2,1,2.0,2
201400029588,0014-11-19 12:20:00,14,11,19,12,20,540,526,POTIER (RUE EUGENE),,,Plein jour,En agglomération,Hors intersection,Normale,Autre collision,,,,,,,,,,,1,2,1,1.0,6
201400029589,0014-11-24 07:40:00,14,11,24,7,40,540,184,SAULXURES (AVENUE DE),,,Plein jour,En agglomération,Hors intersection,Normale,Deux véhicules - côté,,,,,,,,,,,1,2,1,1.0,3
201400029590,0014-11-24 14:49:00,14,11,24,14,49,540,395,MOUILLERON (RUE GABRIEL),,,Plein jour,En agglomération,Intersection en X,Normale,Deux véhicules - côté,,,,,,,,,,,1,2,2,1.0,3
201400029591,0014-11-25 17:00:00,14,11,25,17,0,540,395,"236, BOUFFLERS (AV. DE 7",,,Nuit avec éclairage allumé,En agglomération,Hors intersection,Normale,Autre collision,,,,,,,,,,,5,2,1,1.0,6
201400029592,0014-11-25 17:05:00,14,11,25,17,5,540,257,BREST (RUE DE),,,Nuit avec éclairage allumé,En agglomération,Intersection en T,Normale,Autre collision,,,,,,,,,,,5,2,3,1.0,6
201400029593,0014-11-25 17:15:00,14,11,25,17,15,540,547,GEMBLOUX (RUE DE),,,Nuit avec éclairage allumé,En agglomération,Intersection en T,Normale,Deux véhicules - frontale,,,,,,,,,,,5,2,3,1.0,1
201400029594,0014-11-25 17:50:00,14,11,25,17,50,540,357,JUSTICE (RUE DE LA),,,Crépuscule ou aube,En agglomération,Intersection en T,Normale,Deux véhicules - côté,,,,,,,,,,,2,2,3,1.0,3
201400029595,0014-11-21 13:00:00,14,11,21,13,0,540,395,THEURIET (RUE ANDRE),,,Plein jour,En agglomération,Hors intersection,Normale,Autre collision,,,,,,,,,,,1,2,1,1.0,6
201400029596,0014-11-28 15:20:00,14,11,28,15,20,540,395,MILLENAIRE (PONT DU),,,Plein jour,En agglomération,Hors intersection,Normale,Trois véhicules et plus - en chaîne,,,,,,,,,,,1,2,1,1.0,4
201400029597,0014-12-01 18:03:00,14,12,1,18,3,540,395,LEOPOLD (COURS),,,Nuit avec éclairage allumé,En agglomération,Intersection en X,Normale,Autre collision,,,,,,,,,,,5,2,2,1.0,6
201400029598,0014-12-02 17:40:00,14,12,2,17,40,540,395,"0, HAGUENAUER (RUE DU GR",,,Nuit avec éclairage allumé,En agglomération,Hors intersection,Pluie légère,Autre collision,,,,,,,,,,,5,2,1,2.0,6
201400029599,0014-12-03 15:40:00,14,12,3,15,40,540,328,TECHNOLOGIES (BOULEVARD,,,Plein jour,En agglomération,Hors intersection,Normale,Deux véhicules - côté,,,,,,,,,,,1,2,1,1.0,3
201400029600,0014-12-05 02:00:00,14,12,5,2,0,540,395,STANISLAS (PLACE ET PORT,,,Nuit avec éclairage allumé,En agglomération,Hors intersection,Pluie légère,Autre collision,,,,,,,,,,,5,2,1,2.0,6
201400029601,0014-12-05 12:10:00,14,12,5,12,10,540,304,QUATRE VENTS (AVENUE DES,,,Plein jour,En agglomération,Hors intersection,Temps couvert,Deux véhicules - côté,,,,,,,,,,,1,2,1,8.0,3
201400029602,0014-12-05 14:15:00,14,12,5,14,15,540,395,FAUBOURG DES TROIS MAISO,,,Plein jour,En agglomération,Hors intersection,Normale,Trois véhicules et plus - en chaîne,,,,,,,,,,,1,2,1,1.0,4
201400029603,0014-12-06 02:30:00,14,12,6,2,30,540,339,EGLISE (RUE DE L'),,,Nuit avec éclairage allumé,En agglomération,Hors intersection,Pluie légère,Autre collision,,,,,,,,,,,5,2,1,2.0,6
201400029604,0014-12-08 07:50:00,14,12,8,7,50,540,257,BREST (RUE DE),,,Crépuscule ou aube,En agglomération,Hors intersection,Normale,Autre collision,,,,,,,,,,,2,2,1,1.0,6
201400029605,0014-12-08 14:57:00,14,12,8,14,57,540,395,VILLERS (RUE DE),,,Plein jour,En agglomération,Intersection en T,Normale,Deux véhicules - côté,,,,,,,,,,,1,2,3,1.0,3
201400029606,0014-12-09 07:35:00,14,12,9,7,35,540,339,"28, REPUBLIQUE (RUE DE L",,,Plein jour,En agglomération,Hors intersection,Normale,Deux véhicules - côté,,,,,,,,,,,1,2,1,1.0,3
201400029607,0014-12-09 14:15:00,14,12,9,14,15,540,395,GAMBETTA (RUE),,,Plein jour,En agglomération,Intersection en X,Normale,Autre collision,,,,,,,,,,,1,2,2,1.0,6
201400029608,0014-12-10 08:15:00,14,12,10,8,15,540,395,"0, CARMES (RUE DES)",,,Plein jour,En agglomération,Intersection en T,Pluie légère,Autre collision,,,,,,,,,,,1,2,3,2.0,6
201400029609,0014-12-11 15:25:00,14,12,11,15,25,540,395,LOBAU (BOULEVARD),,,Plein jour,En agglomération,Hors intersection,Pluie légère,Autre collision,,,,,,,,,,,1,2,1,2.0,6
201400029610,0014-12-11 22:10:00,14,12,11,22,10,540,25,,,,Nuit avec éclairage allumé,Hors agglomération,Hors intersection,Pluie légère,Sans collision,,,,,,,,,,,5,1,1,2.0,7
201400029611,0014-12-12 01:15:00,14,12,12,1,15,540,395,"24, DESILLES (RUE)",,,Nuit avec éclairage allumé,En agglomération,Hors intersection,Normale,Trois véhicules et plus - en chaîne,,,,,,,,,,,5,2,1,1.0,4
201400029612,0014-12-12 07:45:00,14,12,12,7,45,540,395,MULHOUSE (RUE DE),,,Crépuscule ou aube,En agglomération,Hors intersection,Normale,Autre collision,,,,,,,,,,,2,2,1,1.0,6
201400029613,0014-12-12 08:00:00,14,12,12,8,0,540,395,COMMANDERIE (RUE/PLACE D,,,Plein jour,En agglomération,Hors intersection,Normale,Autre collision,,,,,,,,,,,1,2,1,1.0,6
201400029614,0014-12-12 08:45:00,14,12,12,8,45,540,526,TOLSTOI (BOULEVARD),,,Plein jour,En agglomération,Intersection en T,Normale,Deux véhicules - côté,,,,,,,,,,,1,2,3,1.0,3
201400029615,0014-12-12 09:00:00,14,12,12,9,0,540,547,"10, THIERRY (RUE LOUIS)",,,Plein jour,En agglomération,Hors intersection,Normale,Autre collision,,,,,,,,,,,1,2,1,1.0,6
201400029616,0014-12-13 18:15:00,14,12,13,18,15,540,300,ART-SUR-MEURTHE (ROUTE E,,,Nuit avec éclairage allumé,En agglomération,Hors intersection,Pluie légère,Deux véhicules - côté,,,,,,,,,,,5,2,1,2.0,3
201400029617,0014-12-14 16:55:00,14,12,14,16,55,540,395,MAZAGRAN (RUE),,,Nuit avec éclairage allumé,En agglomération,Hors intersection,Pluie légère,Autre collision,,,,,,,,,,,5,2,1,2.0,6
201400029618,0014-12-15 10:30:00,14,12,15,10,30,540,395,"77, CROSNE (RUE DU)",,,Plein jour,En agglomération,Hors intersection,Normale,Autre collision,,,,,,,,,,,1,2,1,1.0,6
201400029619,0014-12-16 17:52:00,14,12,16,17,52,540,395,"52, LOBAU (BOULEVARD)",,,Nuit avec éclairage allumé,En agglomération,Hors intersection,Normale,Deux véhicules - arrière,,,,,,,,,,,5,2,1,1.0,2
201400029620,0014-12-18 06:50:00,14,12,18,6,50,540,395,FOCH (AVENUE 18 ET 9 A F,,,Nuit avec éclairage allumé,En agglomération,Intersection en T,Temps couvert,Autre collision,,,,,,,,,,,5,2,3,8.0,6
201400029621,0014-12-18 17:00:00,14,12,18,17,0,540,547,EUROPE (BOULEVARD DE L'),,,Nuit avec éclairage allumé,En agglomération,Hors intersection,Pluie légère,Trois véhicules et plus - en chaîne,,,,,,,,,,,5,2,1,2.0,4
201400029622,0014-12-18 20:25:00,14,12,18,20,25,540,395,DE LATTRE DE TASSIGNY (A,,,Nuit avec éclairage allumé,En agglomération,Intersection en T,Pluie forte,Deux véhicules - arrière,,,,,,,,,,,5,2,3,3.0,2
201400029623,0014-12-19 07:33:00,14,12,19,7,33,540,25,CHARTREUSE (AVENUE DE LA,,,Plein jour,En agglomération,Hors intersection,Pluie légère,Deux véhicules - frontale,,,,,,,,,,,1,2,1,2.0,1
201400029624,0014-12-20 10:10:00,14,12,20,10,10,540,395,"26, SAINT LEON (RUE ET E",,,Plein jour,En agglomération,Hors intersection,Normale,Autre collision,,,,,,,,,,,1,2,1,1.0,6
201400029625,0014-12-20 11:30:00,14,12,20,11,30,540,395,"122, STRASBOURG (AVENUE",,,Plein jour,En agglomération,Hors intersection,Normale,Deux véhicules - arrière,,,,,,,,,,,1,2,1,1.0,2
201400029626,0014-12-22 16:00:00,14,12,22,16,0,540,395,MAUVAIS (RUE VIRGINIE),,,Crépuscule ou aube,En agglomération,Hors intersection,Normale,Autre collision,,,,,,,,,,,2,2,1,1.0,6
201400029627,0014-12-22 16:10:00,14,12,22,16,10,540,274,GOUNOD (RUE CHARLES),,,Plein jour,En agglomération,Hors intersection,Normale,Deux véhicules - arrière,,,,,,,,,,,1,2,1,1.0,2
201400029628,0014-12-23 13:41:00,14,12,23,13,41,540,482,GAMBETTA (RUE),,,Plein jour,En agglomération,Intersection en X,Normale,Deux véhicules - côté,,,,,,,,,,,1,2,2,1.0,3
201400029629,0014-12-23 16:35:00,14,12,23,16,35,540,547,"10, PORTUGAL (RUE DU)",,,Nuit avec éclairage allumé,En agglomération,Hors intersection,Normale,Deux véhicules - arrière,,,,,,,,,,,5,2,1,1.0,2
201400029630,0014-12-25 11:40:00,14,12,25,11,40,540,395,"38, JAURES (BOULEVARD JE",,,Plein jour,En agglomération,Intersection en X,Normale,Deux véhicules - côté,,,,,,,,,,,1,2,2,1.0,3
201400029631,0014-12-17 13:20:00,14,12,17,13,20,540,357,"32, PATTON (AV. DU GENER",,,Plein jour,En agglomération,Hors intersection,Pluie légère,Deux véhicules - côté,,,,,,,,,,,1,2,1,2.0,3
201400029632,0014-12-19 10:00:00,14,12,19,10,0,540,395,"52, DEGLIN (RUE HENRI)",,,Plein jour,En agglomération,Intersection en X,Normale,Autre collision,,,,,,,,,,,1,2,2,1.0,6
201400029633,0014-12-27 18:10:00,14,12,27,18,10,540,547,CARNOT (RUE),,,Nuit sans éclairage public,En agglomération,Intersection en T,Neige / grêle,Deux véhicules - côté,,,,,,,,,,,3,2,3,4.0,3
201400029634,0014-01-16 17:46:00,14,1,16,17,46,540,431,Camille CAVALIER (AVENUE,48.89544,6.05213,Nuit avec éclairage allumé,En agglomération,Hors intersection,Normale,Autre collision,,,,,,,,,,,5,2,1,1.0,6
201400029635,0014-09-30 19:00:00,14,9,30,19,0,540,431,RD 657 CHAMPEY,,,Crépuscule ou aube,Hors agglomération,Hors intersection,Normale,Deux véhicules - côté,,,,,,,,,,,2,1,1,1.0,3
201400029636,0014-01-22 12:05:00,14,1,22,12,5,540,431,DAMAY (RUE),,,Plein jour,En agglomération,Intersection en T,Normale,Autre collision,,,,,,,,,,,1,2,3,1.0,6
201400029637,0014-02-03 08:10:00,14,2,3,8,10,540,431,RD 657 CHAMPEY,48.94344,6.06345,Plein jour,Hors agglomération,Hors intersection,Autre,Autre collision,,,,,,,,,,,1,1,1,9.0,6
201400029638,0014-04-24 10:08:00,14,4,24,10,8,540,431,"1, EUROPE (AVENUE DE L')",48.9168,6.06452,Plein jour,En agglomération,Hors intersection,Normale,Deux véhicules - côté,,,,,,,,,,,1,2,1,1.0,3
201400029639,0014-04-29 17:24:00,14,4,29,17,24,540,431,BRIEY (ROUTE DE),48.90957,6.03888,Plein jour,En agglomération,Hors intersection,Normale,Trois véhicules et plus - en chaîne,,,,,,,,,,,1,2,1,1.0,4
201400029640,0014-05-17 10:25:00,14,5,17,10,25,540,79,"18, SAINT-MARTIN (RUE)",,,Plein jour,En agglomération,Intersection en Y,Normale,Deux véhicules - côté,,,,,,,,,,,1,2,4,1.0,3
201400029641,0014-05-23 08:55:00,14,5,23,8,55,540,431,"1006, NORROY (ROUTE DE)",48.92811,6.03815,Plein jour,Hors agglomération,Intersection en Y,Normale,Deux véhicules - arrière,,,,,,,,,,,1,1,4,1.0,2