accident_id,datetime,annee,mois,jour,heure,minute,departement,commune_insee,adresse,latitude,longitude,luminosite,agglomeration,intersection,meteo,collision,nb_vehicules,nb_usagers,nb_indemnes,nb_tues,nb_blesses_hosp,nb_blesses_legers,age_cond_1,age_cond_2,veh_type_cond_1,veh_type_cond_2,lum_code,agg_code,int_code,atm_code,col_code
201400029642,0014-06-15 12:40:00,14,6,15,12,40,540,431,RD 657 CHAMPEY,48.9432,6.0633,Plein jour,Hors agglomération,Autre intersection,Normale,Sans collision,,,,,,,,,,,1,1,9,1.0,7
201400029643,0014-07-08 15:50:00,14,7,8,15,50,540,375,RD 958 COTES SAINT-PIERR,48.89922,5.99325,Plein jour,Hors agglomération,Hors intersection,Normale,Deux véhicules - frontale,,,,,,,,,,,1,1,1,1.0,1
201400029644,0014-09-27 17:10:00,14,9,27,17,10,540,431,RD 657 CHAMPEY,48.93187,6.06366,Plein jour,Hors agglomération,Hors intersection,Normale,Sans collision,,,,,,,,,,,1,1,1,1.0,7
201400029645,0014-11-09 16:50:00,14,11,9,16,50,540,431,RD 657 CHAMPEY,48.91952,6.06321,Crépuscule ou aube,Hors agglomération,Intersection en X,Pluie légère,Deux véhicules - côté,,,,,,,,,,,2,1,2,2.0,3
201400029646,0014-11-12 16:58:00,14,11,12,16,58,540,431,"25, HUGO (RUE VICTOR)",48.90217,6.05269,Crépuscule ou aube,En agglomération,Hors intersection,Temps couvert,Autre collision,,,,,,,,,,,2,2,1,8.0,6
201400029647,0014-11-29 22:50:00,14,11,29,22,50,540,79,RD 657,48.865,6.07131,Nuit avec éclairage allumé,Hors agglomération,Hors intersection,Normale,Autre collision,,,,,,,,,,,5,1,1,1.0,6
201400029648,0014-01-24 13:20:00,14,1,24,13,20,540,528,"28, FOCH (AVENUE)",,,Plein jour,En agglomération,Hors intersection,Normale,Autre collision,,,,,,,,,,,1,2,1,1.0,6
201400029649,0014-01-28 19:00:00,14,1,28,19,0,540,174,RD11B/RD11C,48.66724,5.85373,Nuit sans éclairage public,Hors agglomération,Intersection en T,Normale,Deux véhicules - côté,,,,,,,,,,,3,1,3,1.0,3
201400029650,0014-02-07 12:05:00,14,2,7,12,5,540,528,GENERAL BIGEARD (AVENUE),,,Plein jour,Hors agglomération,Intersection en T,Normale,Deux véhicules - côté,,,,,,,,,,,1,1,3,1.0,3
201400029651,0014-02-23 19:00:00,14,2,23,19,0,540,528,GENERAL BIGEARD (AVENUE),48.66448,5.88879,Nuit avec éclairage allumé,En agglomération,Intersection en X,Normale,Deux véhicules - côté,,,,,,,,,,,5,2,2,1.0,3
201400029652,0014-03-13 12:15:00,14,3,13,12,15,540,528,RD904,48.71501,5.8756,Plein jour,Hors agglomération,Intersection en T,Normale,Deux véhicules - arrière,,,,,,,,,,,1,1,3,1.0,2
201400029653,0014-03-26 17:05:00,14,3,26,17,5,540,528,VICTOR HUGO (AVENUE),,,Plein jour,En agglomération,Intersection en T,Normale,Autre collision,,,,,,,,,,,1,2,3,1.0,6
201400029654,0014-04-02 08:50:00,14,4,2,8,50,540,528,DROUAS,,,Plein jour,En agglomération,Intersection en T,Normale,Autre collision,,,,,,,,,,,1,2,3,1.0,6
201400029655,0014-04-16 20:30:00,14,4,16,20,30,540,528,"67, ALBERT DENIS",,,Crépuscule ou aube,En agglomération,Hors intersection,Normale,Autre collision,,,,,,,,,,,2,2,1,1.0,6
201400029656,0014-04-23 16:30:00,14,4,23,16,30,540,528,VILLEY SAINT ETIENNE (RO,,,Plein jour,Hors agglomération,Hors intersection,Normale,Autre collision,,,,,,,,,,,1,1,1,1.0,6
201400029657,0014-05-09 16:50:00,14,5,9,16,50,540,528,COLONEL GRANDVAL (AVENUE,,,Plein jour,En agglomération,Hors intersection,Normale,Deux véhicules - côté,,,,,,,,,,,1,2,1,1.0,3
201400029658,0014-07-06 15:25:00,14,7,6,15,25,540,528,PAUL KELLER,,,Plein jour,En agglomération,Intersection en X,Normale,Deux véhicules - côté,,,,,,,,,,,1,2,2,1.0,3
201400029659,0014-08-23 00:01:00,14,8,23,0,1,540,174,PLATEAU,,,Nuit sans éclairage public,Hors agglomération,Hors intersection,Normale,Autre collision,,,,,,,,,,,3,1,1,1.0,6
201400029660,0014-10-23 11:25:00,14,10,23,11,25,540,528,D611,48.6945,5.90472,Plein jour,Hors agglomération,Hors intersection,Normale,Deux véhicules - frontale,,,,,,,,,,,1,1,1,1.0,1
201400029661,0014-12-20 21:40:00,14,12,20,21,40,540,167,FOCH (AVENUE),,,Nuit avec éclairage allumé,En agglomération,Hors intersection,Temps couvert,Deux véhicules - frontale,,,,,,,,,,,5,2,1,8.0,1
201400029662,0014-12-19 17:20:00,14,12,19,17,20,540,580,GAMBETTA (RUE),49.4696,5.9192,Crépuscule ou aube,Hors agglomération,Intersection en Y,Pluie légère,Deux véhicules - frontale,,,,,,,,,,,2,1,4,2.0,1
201400029663,0014-01-11 11:30:00,14,1,11,11,30,540,575,DEPARTEMENTALE 26 (ROUTE,,,Plein jour,Hors agglomération,Hors intersection,Normale,Sans collision,,,,,,,,,,,1,1,1,1.0,7
201400029664,0014-04-01 05:32:00,14,4,1,5,32,540,270,D26 (CHEMIN DEPARTEMENTA,49.49046,5.87095,Crépuscule ou aube,Hors agglomération,Hors intersection,Normale,Sans collision,,,,,,,,,,,2,1,1,1.0,7
201400029665,0014-05-05 15:00:00,14,5,5,15,0,540,575,NATIONALE 52 (ROUTE),49.47209,5.83587,Plein jour,Hors agglomération,Hors intersection,Normale,Deux véhicules - arrière,,,,,,,,,,,1,1,1,1.0,2
201400029666,0014-06-20 21:00:00,14,6,20,21,0,540,580,"4, AUDUN (ROUTE D')",,,Plein jour,En agglomération,Hors intersection,Normale,Deux véhicules - frontale,,,,,,,,,,,1,2,1,1.0,1
201400029667,0014-06-21 18:05:00,14,6,21,18,5,540,575,NATIONALE 52 (ROUTE),49.47561,5.83054,Plein jour,Hors agglomération,Hors intersection,Normale,Sans collision,,,,,,,,,,,1,1,1,1.0,7
201400029668,0014-06-21 09:45:00,14,6,21,9,45,540,580,"0, LEBRUN ALBERT (RUE)",,,Plein jour,En agglomération,Hors intersection,Normale,Deux véhicules - arrière,,,,,,,,,,,1,2,1,1.0,2
201400029669,0014-08-16 18:10:00,14,8,16,18,10,540,521,PETIT BOIS (CHEMIN DU),,,Plein jour,En agglomération,Intersection en X,Normale,Sans collision,,,,,,,,,,,1,2,2,1.0,7
201400029670,0014-10-07 11:50:00,14,10,7,11,50,540,270,D26 (CHEMIN DEPARTEMENTA,49.48482,5.86614,Plein jour,Hors agglomération,Hors intersection,Temps couvert,Sans collision,,,,,,,,,,,1,1,1,8.0,7
201400029671,0014-10-12 15:30:00,14,10,12,15,30,540,580,"1, CHANOIR (CARREFOUR)",,,Plein jour,En agglomération,Intersection en X,Normale,Deux véhicules - frontale,,,,,,,,,,,1,2,2,1.0,1
201400029672,0014-10-27 23:10:00,14,10,27,23,10,540,525,NATIONALE 52 (ROUTE),49.45384,5.87469,Nuit sans éclairage public,Hors agglomération,Hors intersection,Normale,Deux véhicules - arrière,,,,,,,,,,,3,1,1,1.0,2
201400029673,0014-12-14 09:10:00,14,12,14,9,10,540,575,NATIONALE 52 (ROUTE),49.48345,5.81584,Plein jour,Hors agglomération,Hors intersection,Normale,Trois véhicules et plus - en chaîne,,,,,,,,,,,1,1,1,1.0,4
201400029674,0014-02-20 21:35:00,14,2,20,21,35,550,302,RN135,,,Nuit sans éclairage public,Hors agglomération,Giratoire,Normale,Autre collision,,,,,,,,,,,3,1,6,1.0,6
201400029675,0014-02-27 15:25:00,14,2,27,15,25,550,29,"28, ROCHELLE ( BOULEVARD",,,Plein jour,En agglomération,Hors intersection,Pluie forte,Autre collision,,,,,,,,,,,1,2,1,3.0,6
201400029676,0014-04-23 16:55:00,14,4,23,16,55,550,29,"57, POINCARE ( BOULEVARD",,,Plein jour,En agglomération,Hors intersection,Normale,Deux véhicules - côté,,,,,,,,,,,1,2,1,1.0,3
201400029677,0014-04-10 16:30:00,14,4,10,16,30,550,476,PONT DAMMARIE (ROUTE DU),,,Plein jour,En agglomération,Intersection en X,Normale,Trois véhicules et plus - collisions multiples,,,,,,,,,,,1,2,2,1.0,5
201400029678,0014-06-10 13:12:00,14,6,10,13,12,550,29,"1, WEISS ( RUE LOUISE )",,,Plein jour,En agglomération,Intersection en T,Normale,Deux véhicules - côté,,,,,,,,,,,1,2,3,1.0,3
201400029679,0014-06-20 15:40:00,14,6,20,15,40,550,29,"10-12, VERDUN ( RUE DE )",,,Plein jour,En agglomération,Hors intersection,Normale,Sans collision,,,,,,,,,,,1,2,1,1.0,7
201400029680,0014-08-24 06:20:00,14,8,24,6,20,550,186,D146,,,Nuit sans éclairage public,Hors agglomération,Hors intersection,Normale,Sans collision,,,,,,,,,,,3,1,1,1.0,7
201400029681,0014-09-01 08:15:00,14,9,1,8,15,550,29,RD 635,,,Plein jour,Hors agglomération,Hors intersection,Normale,Deux véhicules - frontale,,,,,,,,,,,1,1,1,1.0,1
201400029682,0014-01-14 11:50:00,14,1,14,11,50,550,545,GRAND BAYARD ( DU ),,,Plein jour,En agglomération,Hors intersection,Normale,Sans collision,,,,,,,,,,,1,2,1,1.0,7
201400029683,0014-04-17 15:45:00,14,4,17,15,45,550,545,ARGONNE ( ROUTE DE L' ),,,Plein jour,En agglomération,Hors intersection,Normale,Sans collision,,,,,,,,,,,1,2,1,1.0,7
201400029684,0014-06-02 15:15:00,14,6,2,15,15,550,545,"86, BRIOLET ( DU )",,,Plein jour,En agglomération,Hors intersection,Normale,Deux véhicules - frontale,,,,,,,,,,,1,2,1,1.0,1
201400029685,0014-06-04 20:25:00,14,6,4,20,25,550,545,CITADELLE   (BOULEVARD D,,,Plein jour,En agglomération,Hors intersection,Normale,Sans collision,,,,,,,,,,,1,2,1,1.0,7
201400029686,0014-07-11 14:50:00,14,7,11,14,50,550,545,"0, ARGONNE ( ROUTE DE L'",,,Plein jour,Hors agglomération,Hors intersection,Normale,Deux véhicules - frontale,,,,,,,,,,,1,1,1,1.0,1
201400029687,0014-09-24 12:15:00,14,9,24,12,15,550,545,METZ ( AVENUE DE ),,,Plein jour,En agglomération,Hors intersection,Normale,Deux véhicules - côté,,,,,,,,,,,1,2,1,1.0,3
201400029688,0014-09-26 13:00:00,14,9,26,13,0,550,545,MAURICE GENEVOIX ( PLACE,,,Plein jour,En agglomération,Hors intersection,Normale,Sans collision,,,,,,,,,,,1,2,1,1.0,7
201400029689,0014-10-04 14:50:00,14,10,4,14,50,550,545,ETAIN ( AVENUE D' ),,,Plein jour,En agglomération,Hors intersection,Normale,Trois véhicules et plus - en chaîne,,,,,,,,,,,1,2,1,1.0,4
201400029690,0014-11-20 18:45:00,14,11,20,18,45,550,545,MIRIBEL ( AVENUE ),,,Nuit avec éclairage allumé,En agglomération,Intersection en X,Normale,Deux véhicules - côté,,,,,,,,,,,5,2,2,1.0,3
201400029691,0014-12-19 18:20:00,14,12,19,18,20,550,545,METZ ( AVENUE DE ),,,Nuit avec éclairage allumé,En agglomération,Hors intersection,Pluie légère,Deux véhicules - arrière,,,,,,,,,,,5,2,1,2.0,2
201400029692,0014-01-06 17:00:00,14,1,6,17,0,560,98,Giratoire 18 juin,47.76298,-3.32871,Crépuscule ou aube,En agglomération,Hors intersection,Normale,Deux véhicules - côté,,,,,,,,,,,2,2,1,1.0,3
201400029693,0014-01-08 08:30:00,14,1,8,8,30,560,121,"0, CARNOT (RUE  LAZARE )",47.74189,-3.36142,Nuit avec éclairage allumé,En agglomération,Intersection en X,Temps couvert,Deux véhicules - côté,,,,,,,,,,,5,2,2,8.0,3
201400029694,0014-01-09 15:22:00,14,1,9,15,22,560,121,"40, MERVILLE (RUE  JEAN",47.7449,-3.37776,Nuit avec éclairage non allumé,En agglomération,Hors intersection,Normale,Sans collision,,,,,,,,,,,4,2,1,1.0,7
201400029695,0014-01-16 11:35:00,14,1,16,11,35,560,83,"0, BRUANT ( AV. ARISTIDE",47.80028,-3.26143,Crépuscule ou aube,En agglomération,Hors intersection,Normale,Sans collision,,,,,,,,,,,2,2,1,1.0,7
201400029696,0014-01-16 18:55:00,14,1,16,18,55,560,121,"0, TOULLEC (RUE  FRANCOI",47.73284,-3.38192,Nuit avec éclairage allumé,En agglomération,Hors intersection,Normale,Sans collision,,,,,,,,,,,5,2,1,1.0,7
201400029697,0014-01-17 10:51:00,14,1,17,10,51,560,121,"0, PUCE QUI RENIFLE ( PT",47.73895,-3.38084,Plein jour,En agglomération,Intersection en T,Normale,Sans collision,,,,,,,,,,,1,2,3,1.0,7
201400029698,0014-01-18 10:30:00,14,1,18,10,30,560,121,"78, MULLER ( DU COLONEL",47.76451,-3.39831,Plein jour,En agglomération,Hors intersection,Pluie légère,Deux véhicules - côté,,,,,,,,,,,1,2,1,2.0,3
201400029699,0014-01-18 15:34:00,14,1,18,15,34,560,121,"0, RD 465",,,Plein jour,En agglomération,Hors intersection,Pluie forte,Trois véhicules et plus - collisions multiples,,,,,,,,,,,1,2,1,3.0,5
201400029700,0014-01-20 08:05:00,14,1,20,8,5,560,121,"0, RN 465 (DESSERTE PORT",47.7358,-3.3704,Nuit sans éclairage public,Hors agglomération,Hors intersection,Normale,Trois véhicules et plus - collisions multiples,,,,,,,,,,,3,1,1,1.0,5
201400029701,0014-01-21 06:38:00,14,1,21,6,38,560,121,"0, VILLENEUVE (RUE  DE L",47.75222,-3.37823,Nuit avec éclairage allumé,En agglomération,Intersection en X,Normale,Deux véhicules - côté,,,,,,,,,,,5,2,2,1.0,3
201400029702,0014-01-17 17:01:00,14,1,17,17,1,560,121,"0, RD 465",47.74867,-3.38759,Crépuscule ou aube,En agglomération,Hors intersection,Normale,Sans collision,,,,,,,,,,,2,2,1,1.0,7
201400029703,0014-01-24 16:15:00,14,1,24,16,15,560,83,"144, VAILLANT ( AV. EDOU",47.82351,-3.24972,Plein jour,En agglomération,Hors intersection,Pluie légère,Sans collision,,,,,,,,,,,1,2,1,2.0,7
201400029704,0014-01-24 18:30:00,14,1,24,18,30,560,121,ORADOUR SUR GLANE ( BD D,47.75452,-3.37135,Nuit avec éclairage allumé,En agglomération,Hors intersection,Pluie légère,Trois véhicules et plus - collisions multiples,,,,,,,,,,,5,2,1,2.0,5
201400029705,0014-01-24 18:50:00,14,1,24,18,50,560,98,"30, MITTERAND ( AV. FRAN",47.76607,-3.33295,Nuit avec éclairage allumé,En agglomération,Hors intersection,Normale,Deux véhicules - côté,,,,,,,,,,,5,2,1,1.0,3
201400029706,0014-01-30 11:30:00,14,1,30,11,30,560,98,"0, LE COUTALLER (RUE  JE",47.7597,-3.33101,Plein jour,En agglomération,Hors intersection,Normale,Deux véhicules - côté,,,,,,,,,,,1,2,1,1.0,3
201400029707,0014-02-01 18:50:00,14,2,1,18,50,560,121,"0, BLUM ( BD LEON )",47.75224,-3.3709,Nuit avec éclairage allumé,En agglomération,Hors intersection,Pluie légère,Deux véhicules - côté,,,,,,,,,,,5,2,1,2.0,3
201400029708,0014-02-04 20:05:00,14,2,4,20,5,560,121,"7, DELESSERT (RUE  BENJA",47.74711,-3.36736,Nuit avec éclairage allumé,En agglomération,Hors intersection,Pluie forte,Sans collision,,,,,,,,,,,5,2,1,3.0,7
201400029709,0014-02-06 19:50:00,14,2,6,19,50,560,98,"0, DE GAULLE ( AV. GENER",47.75939,-3.32653,Nuit avec éclairage allumé,En agglomération,Hors intersection,Pluie légère,Sans collision,,,,,,,,,,,5,2,1,2.0,7
201400029710,0014-02-08 17:35:00,14,2,8,17,35,560,98,"112, JAURES (RUE  JEAN )",47.76697,-3.35561,Plein jour,En agglomération,Hors intersection,Autre,Sans collision,,,,,,,,,,,1,2,1,9.0,7
201400029711,0014-02-13 17:05:00,14,2,13,17,5,560,98,"0, FABIEN ( AV. DU COLON",47.76191,-3.34223,Plein jour,En agglomération,Intersection en T,Normale,Deux véhicules - côté,,,,,,,,,,,1,2,3,1.0,3
201400029712,0014-02-17 19:15:00,14,2,17,19,15,560,121,"0, KERVENANEC (RUE  DE )",47.73698,-3.39749,Crépuscule ou aube,En agglomération,Hors intersection,Normale,Deux véhicules - côté,,,,,,,,,,,2,2,1,1.0,3
201400029713,0014-02-18 10:55:00,14,2,18,10,55,560,98,avenue du fouedic,47.7461,-3.36719,Plein jour,En agglomération,Intersection en T,Normale,Trois véhicules et plus - collisions multiples,,,,,,,,,,,1,2,3,1.0,5
201400029714,0014-02-20 16:43:00,14,2,20,16,43,560,121,"0, FRANCE ( AVE ANATOLE",47.7468,-3.36623,Plein jour,En agglomération,Hors intersection,Normale,Deux véhicules - côté,,,,,,,,,,,1,2,1,1.0,3
201400029715,0014-02-21 18:15:00,14,2,21,18,15,560,121,"0, DESSERTE PORTUAIRE (R",47.73565,-3.37467,Crépuscule ou aube,Hors agglomération,Hors intersection,Normale,Trois véhicules et plus - collisions multiples,,,,,,,,,,,2,1,1,1.0,5
201400029716,0014-02-22 14:30:00,14,2,22,14,30,560,121,"0, ROUX (RUE  DOCTEUR )",47.75696,-3.36329,Plein jour,En agglomération,Hors intersection,Normale,Deux véhicules - côté,,,,,,,,,,,1,2,1,1.0,3
201400029717,0014-02-26 16:45:00,14,2,26,16,45,560,121,"0, FRANCE ( AVE ANATOLE",47.74711,-3.36576,Plein jour,En agglomération,Hors intersection,Normale,Deux véhicules - côté,,,,,,,,,,,1,2,1,1.0,3
201400029718,0014-03-03 06:30:00,14,3,3,6,30,560,121,"0, DESSERTE PORTUAIRE (R",47.73623,-3.37591,Nuit sans éclairage public,En agglomération,Hors intersection,Pluie forte,Deux véhicules - arrière,,,,,,,,,,,3,2,1,3.0,2
201400029719,0014-03-04 15:15:00,14,3,4,15,15,560,121,"0, DUGUAY-TROUIN (RUE RE",47.74301,-3.3659,Plein jour,En agglomération,Hors intersection,Normale,Deux véhicules - arrière,,,,,,,,,,,1,2,1,1.0,2
201400029720,0014-03-04 15:55:00,14,3,4,15,55,560,121,"0, FRANCE ( AVE ANATOLE",47.74547,-3.36783,Plein jour,En agglomération,Hors intersection,Pluie légère,Deux véhicules - côté,,,,,,,,,,,1,2,1,2.0,3
201400029721,0014-03-05 19:40:00,14,3,5,19,40,560,98,"65, REPUBLIQUE (RUE DE L",47.75768,-3.3406,Nuit avec éclairage allumé,En agglomération,Hors intersection,Normale,Sans collision,,,,,,,,,,,5,2,1,1.0,7
201400029722,0014-03-06 23:33:00,14,3,6,23,33,560,121,"0, ASSEMBLEE-NATIONALE (",47.74826,-3.36383,Nuit avec éclairage non allumé,En agglomération,Hors intersection,Normale,Sans collision,,,,,,,,,,,4,2,1,1.0,7
201400029723,0014-03-08 16:20:00,14,3,8,16,20,560,83,"0, VAILLANT ( AV. EDOUAR",,,Plein jour,En agglomération,Intersection en T,Normale,Trois véhicules et plus - collisions multiples,,,,,,,,,,,1,2,3,1.0,5
201400029724,0014-03-09 12:35:00,14,3,9,12,35,560,121,"0, CARNEL (RUE  DE )",47.7387,-3.36866,Plein jour,En agglomération,Hors intersection,Normale,Deux véhicules - côté,,,,,,,,,,,1,2,1,1.0,3
201400029725,0014-03-11 18:55:00,14,3,11,18,55,560,83,"0, LOCOYARNE (LIEU-DIT)",,,Plein jour,Hors agglomération,Hors intersection,Normale,Deux véhicules - arrière,,,,,,,,,,,1,1,1,1.0,2
201400029726,0014-03-15 04:40:00,14,3,15,4,40,560,121,"0, RD 465",47.7644,-3.37975,Nuit sans éclairage public,Hors agglomération,Hors intersection,Normale,Sans collision,,,,,,,,,,,3,1,1,1.0,7
201400029727,0014-03-17 11:45:00,14,3,17,11,45,560,121,"0, CHAZELLES ( COURS LOU",47.75235,-3.36145,Plein jour,En agglomération,Hors intersection,Normale,Sans collision,,,,,,,,,,,1,2,1,1.0,7
201400029728,0014-03-22 23:45:00,14,3,22,23,45,560,121,"0, BLUM ( BD LEON )",47.75136,-3.37166,Nuit avec éclairage allumé,En agglomération,Intersection en X,Pluie légère,Deux véhicules - côté,,,,,,,,,,,5,2,2,2.0,3
201400029729,0014-03-25 17:50:00,14,3,25,17,50,560,121,"0, NAYEL ( ET PLACE AUGU",47.74696,-3.36131,Plein jour,En agglomération,Hors intersection,Pluie légère,Autre collision,,,,,,,,,,,1,2,1,2.0,6
201400029730,0014-03-28 04:35:00,14,3,28,4,35,560,162,"0, 152 (ROUTE DEPARTEMEN",,,Nuit sans éclairage public,Hors agglomération,Hors intersection,Normale,Sans collision,,,,,,,,,,,3,1,1,1.0,7
201400029731,0014-04-05 22:55:00,14,4,5,22,55,560,162,"0, KERSCOUET",,,Nuit avec éclairage allumé,En agglomération,Hors intersection,Normale,Sans collision,,,,,,,,,,,5,2,1,1.0,7
201400029732,0014-04-06 14:00:00,14,4,6,14,0,560,98,"0, COMMUNE DE PARIS ( AV",47.77191,-3.33876,Plein jour,En agglomération,Intersection en X,Normale,Deux véhicules - côté,,,,,,,,,,,1,2,2,1.0,3
201400029733,0014-04-06 19:20:00,14,4,6,19,20,560,121,"0, CARNOT (RUE  LAZARE )",47.74191,-3.3614,Plein jour,En agglomération,Intersection en T,Normale,Deux véhicules - côté,,,,,,,,,,,1,2,3,1.0,3
201400029734,0014-04-06 01:12:00,14,4,6,1,12,560,121,"0, FERRY ( PL. JULES )",47.74616,-3.3644,Nuit avec éclairage allumé,En agglomération,Hors intersection,Normale,Sans collision,,,,,,,,,,,5,2,1,1.0,7
201400029735,0014-04-09 20:25:00,14,4,9,20,25,560,83,"0, PORT LOUIS ( ROUTE)",47.80331,-3.27857,Crépuscule ou aube,En agglomération,Hors intersection,Normale,Sans collision,,,,,,,,,,,2,2,1,1.0,7
201400029736,0014-04-11 08:45:00,14,4,11,8,45,560,121,"0, ROHAN ( Q DE )",47.74531,-3.36165,Plein jour,Hors agglomération,Hors intersection,Normale,Deux véhicules - côté,,,,,,,,,,,1,1,1,1.0,3
201400029737,0014-04-10 15:05:00,14,4,10,15,5,560,121,"40, KERGUESTENEN (RUE  D",47.74975,-3.39433,Plein jour,En agglomération,Hors intersection,Normale,Sans collision,,,,,,,,,,,1,2,1,1.0,7
201400029738,0014-04-14 21:55:00,14,4,14,21,55,560,121,"11, TOURTERELLES (RUE ET",47.73513,-3.39068,Nuit avec éclairage allumé,En agglomération,Hors intersection,Normale,Sans collision,,,,,,,,,,,5,2,1,1.0,7
201400029739,0014-04-15 08:40:00,14,4,15,8,40,560,121,"2 A, DUNANT (RUE  HENRI",47.75155,-3.37708,Plein jour,En agglomération,Autre intersection,Normale,Sans collision,,,,,,,,,,,1,2,9,1.0,7
201400029740,0014-04-15 17:30:00,14,4,15,17,30,560,121,"0, ALSACE-LORRAINE  ( PL",47.74982,-3.36209,Plein jour,En agglomération,Hors intersection,Normale,Sans collision,,,,,,,,,,,1,2,1,1.0,7
201400029741,0014-04-15 19:30:00,14,4,15,19,30,560,121,"52, COSMAO-DUMANOIR ( BD",47.75405,-3.36723,Plein jour,En agglomération,Hors intersection,Normale,Sans collision,,,,,,,,,,,1,2,1,1.0,7
201400029742,0014-04-16 17:07:00,14,4,16,17,7,560,83,"0, ZOLA ( IMP. ET RUE EM",47.80375,-3.268,Plein jour,En agglomération,Hors intersection,Normale,Deux véhicules - côté,,,,,,,,,,,1,2,1,1.0,3
201400029743,0014-04-17 07:33:00,14,4,17,7,33,560,121,"0, KERLIN (RUE  DE )",47.74775,-3.37797,Plein jour,En agglomération,Hors intersection,Normale,Deux véhicules - frontale,,,,,,,,,,,1,2,1,1.0,1
201400029744,0014-04-17 11:28:00,14,4,17,11,28,560,121,"19, MERVILLE (RUE  JEAN",47.74509,-3.3766,Plein jour,En agglomération,Hors intersection,Normale,Deux véhicules - arrière,,,,,,,,,,,1,2,1,1.0,2
201400029745,0014-04-17 14:07:00,14,4,17,14,7,560,107,"0, DAME (PLACE NOTRE)",47.70636,-3.38494,Plein jour,Hors agglomération,Hors intersection,Normale,Sans collision,,,,,,,,,,,1,1,1,1.0,7
201400029746,0014-04-18 18:15:00,14,4,18,18,15,560,121,"0, RD 465",47.75813,-3.38458,Plein jour,Hors agglomération,Hors intersection,Normale,Trois véhicules et plus - collisions multiples,,,,,,,,,,,1,1,1,1.0,5
201400029747,0014-04-19 14:50:00,14,4,19,14,50,560,121,"21, JOLIOT-CURIE (RUE  I",47.74747,-3.38288,Plein jour,En agglomération,Hors intersection,Normale,Sans collision,,,,,,,,,,,1,2,1,1.0,7
201400029748,0014-04-22 18:14:00,14,4,22,18,14,560,121,"0, DESSERTE PORTUAIRE (R",47.73589,-3.37012,Plein jour,Hors agglomération,Hors intersection,Normale,Trois véhicules et plus - collisions multiples,,,,,,,,,,,1,1,1,1.0,5
201400029749,0014-04-23 16:20:00,14,4,23,16,20,560,162,"0, FORT BLOQUE (RUE DU)",47.73664,-3.43528,Plein jour,En agglomération,Intersection en T,Pluie forte,Deux véhicules - côté,,,,,,,,,,,1,2,3,3.0,3
201400029750,0014-04-26 12:10:00,14,4,26,12,10,560,121,"0, MARNE ( AV DE LA )",47.74276,-3.3683,Plein jour,En agglomération,Intersection en T,Normale,Deux véhicules - côté,,,,,,,,,,,1,2,3,1.0,3
201400029751,0014-05-09 17:14:00,14,5,9,17,14,560,98,"0, RN 165",,,Plein jour,Hors agglomération,Hors intersection,Normale,Trois véhicules et plus - collisions multiples,,,,,,,,,,,1,1,1,1.0,5
201400029752,0014-05-11 16:45:00,14,5,11,16,45,560,107,"0, BEG TAL MEN (RUE)",47.70519,-3.38424,Plein jour,En agglomération,Hors intersection,Normale,Deux véhicules - arrière,,,,,,,,,,,1,2,1,1.0,2
201400029753,0014-05-16 17:10:00,14,5,16,17,10,560,98,"0, CHEVAL BLANC ( AV. DU",47.7679,-3.35128,Plein jour,En agglomération,Intersection en X,Normale,Deux véhicules - côté,,,,,,,,,,,1,2,2,1.0,3
201400029754,0014-05-17 17:05:00,14,5,17,17,5,560,162,"0, KAOLINS (PLAGE DES )",47.72339,-3.48475,Plein jour,Hors agglomération,Hors intersection,Normale,Sans collision,,,,,,,,,,,1,1,1,1.0,7
201400029755,0014-05-19 10:41:00,14,5,19,10,41,560,121,"37, SANGNIER (RUE  MARC",47.74722,-3.37402,Plein jour,En agglomération,Hors intersection,Normale,Sans collision,,,,,,,,,,,1,2,1,1.0,7
201400029756,0014-05-20 16:16:00,14,5,20,16,16,560,162,"2, QUEVEN (ROUTE DE)",47.73732,-3.42873,Plein jour,En agglomération,Hors intersection,Normale,Sans collision,,,,,,,,,,,1,2,1,1.0,7
201400029757,0014-05-20 16:32:00,14,5,20,16,32,560,121,"0, GAMBETTA (RUE LEON)",47.7449,-3.36364,Plein jour,En agglomération,Hors intersection,Normale,Sans collision,,,,,,,,,,,1,2,1,1.0,7
201400029758,0014-05-23 14:00:00,14,5,23,14,0,560,83,"0, RESISTANCE (AVENUE  D",47.81553,-3.24393,Plein jour,En agglomération,Hors intersection,Normale,Deux véhicules - arrière,,,,,,,,,,,1,2,1,1.0,2
201400029759,0014-05-25 20:30:00,14,5,25,20,30,560,107,"0, BRISE (IMPASSE DE LA)",47.70717,-3.38401,Crépuscule ou aube,Hors agglomération,Hors intersection,Normale,Sans collision,,,,,,,,,,,2,1,1,1.0,7
201400029760,0014-05-26 13:50:00,14,5,26,13,50,560,121,"0, JACOB ( RP. MAX )",47.75424,-3.38334,Plein jour,En agglomération,Hors intersection,Normale,Sans collision,,,,,,,,,,,1,2,1,1.0,7
201400029761,0014-05-27 15:35:00,14,5,27,15,35,560,107,"0, NOURRIGUEL (PLACE DE",47.71126,-3.37581,Plein jour,En agglomération,Hors intersection,Normale,Sans collision,,,,,,,,,,,1,2,1,1.0,7
201400029762,0014-05-28 16:11:00,14,5,28,16,11,560,162,"0, D 162",,,Plein jour,Hors agglomération,Hors intersection,Normale,Deux véhicules - côté,,,,,,,,,,,1,1,1,1.0,3