accident_id,datetime,annee,mois,jour,heure,minute,departement,commune_insee,adresse,latitude,longitude,luminosite,agglomeration,intersection,meteo,collision,nb_vehicules,nb_usagers,nb_indemnes,nb_tues,nb_blesses_hosp,nb_blesses_legers,age_cond_1,age_cond_2,veh_type_cond_1,veh_type_cond_2,lum_code,agg_code,int_code,atm_code,col_code
201400029763,0014-05-31 04:50:00,14,5,31,4,50,560,162,"0, MOULIN DU TER",47.73049,-3.3991,Nuit sans éclairage public,Hors agglomération,Hors intersection,Normale,Deux véhicules - arrière,,,,,,,,,,,3,1,1,1.0,2
201400029764,0014-06-04 17:23:00,14,6,4,17,23,560,98,"0, BOLLARDIERE (RUE  GEN",47.77788,-3.3436,Plein jour,Hors agglomération,Hors intersection,Normale,Sans collision,,,,,,,,,,,1,1,1,1.0,7
201400029765,0014-06-06 14:40:00,14,6,6,14,40,560,98,", SAKHAROV (RUE  ANDRE",47.77709,-3.34258,Plein jour,En agglomération,Hors intersection,Normale,Sans collision,,,,,,,,,,,1,2,1,1.0,7
201400029766,0014-06-06 18:30:00,14,6,6,18,30,560,121,"0, SCORFF ( BD DU )",47.7641,-3.36785,Plein jour,En agglomération,Hors intersection,Normale,Deux véhicules - côté,,,,,,,,,,,1,2,1,1.0,3
201400029767,0014-06-06 22:15:00,14,6,6,22,15,560,98,"09, JAURES (RUE  JEAN )",47.76259,-3.36274,Nuit sans éclairage public,En agglomération,Hors intersection,Normale,Sans collision,,,,,,,,,,,3,2,1,1.0,7
201400029768,0014-06-08 16:10:00,14,6,8,16,10,560,107,"0, KERGALAN OU CD 185 (D",47.71237,-3.41561,Plein jour,En agglomération,Hors intersection,Normale,Sans collision,,,,,,,,,,,1,2,1,1.0,7
201400029769,0014-06-10 09:55:00,14,6,10,9,55,560,98,"0, MAURIAC (RUE  FRANCOI",47.76528,-3.34828,Plein jour,En agglomération,Hors intersection,Normale,Sans collision,,,,,,,,,,,1,2,1,1.0,7
201400029770,0014-06-11 12:10:00,14,6,11,12,10,560,83,"0, KERPOTENCE (RUE  DE )",47.81545,-3.24391,Plein jour,En agglomération,Intersection en T,Normale,Deux véhicules - côté,,,,,,,,,,,1,2,3,1.0,3
201400029771,0014-06-11 18:45:00,14,6,11,18,45,560,121,"43, DUPUY DE LOME ( ET I",47.74154,-3.36425,Plein jour,En agglomération,Hors intersection,Normale,Deux véhicules - côté,,,,,,,,,,,1,2,1,1.0,3
201400029772,0014-06-14 10:50:00,14,6,14,10,50,560,121,"0, JAURES ( AVE JEAN )",47.74534,-3.36906,Plein jour,En agglomération,Hors intersection,Normale,Sans collision,,,,,,,,,,,1,2,1,1.0,7
201400029773,0014-06-17 20:05:00,14,6,17,20,5,560,121,"2, ROBESPIERRE ( AV MAXI",47.76845,-3.34424,Plein jour,En agglomération,Hors intersection,Temps éblouissant,Deux véhicules - côté,,,,,,,,,,,1,2,1,7.0,3
201400029774,0014-06-18 22:15:00,14,6,18,22,15,560,107,"0, KERGALAN OU CD 185 (D",47.70778,-3.41432,Nuit sans éclairage public,Hors agglomération,Hors intersection,Normale,Sans collision,,,,,,,,,,,3,1,1,1.0,7
201400029775,0014-06-19 18:25:00,14,6,19,18,25,560,121,"0, TOULLEC (RUE  FRANCOI",47.73236,-3.37938,Plein jour,En agglomération,Hors intersection,Normale,Deux véhicules - côté,,,,,,,,,,,1,2,1,1.0,3
201400029776,0014-06-23 10:15:00,14,6,23,10,15,560,121,"0, BOVE ( COURS DE LA )",47.74771,-3.35908,Plein jour,En agglomération,Hors intersection,Normale,Sans collision,,,,,,,,,,,1,2,1,1.0,7
201400029777,0014-06-23 17:15:00,14,6,23,17,15,560,107,"0, BRUYERES (RUE DES)",47.72438,-3.38259,Plein jour,En agglomération,Hors intersection,Normale,Deux véhicules - frontale,,,,,,,,,,,1,2,1,1.0,1
201400029778,0014-06-25 12:30:00,14,6,25,12,30,560,121,"1, KEROLAY (RUE  DE )",47.73958,-3.37394,Plein jour,En agglomération,Hors intersection,Normale,Deux véhicules - côté,,,,,,,,,,,1,2,1,1.0,3
201400029779,0014-06-26 18:45:00,14,6,26,18,45,560,83,"0, ALLENDE ( AV. PRES. S",47.80602,-3.25976,Plein jour,En agglomération,Hors intersection,Normale,Trois véhicules et plus - collisions multiples,,,,,,,,,,,1,2,1,1.0,5
201400029780,0014-06-30 11:40:00,14,6,30,11,40,560,121,"0, MULLER ( DU COLONEL J",47.76481,-3.39851,Plein jour,En agglomération,Hors intersection,Normale,Sans collision,,,,,,,,,,,1,2,1,1.0,7
201400029781,0014-07-01 18:10:00,14,7,1,18,10,560,162,"., MOULIN DU TER",47.73285,-3.40405,Plein jour,Hors agglomération,Hors intersection,Normale,Sans collision,,,,,,,,,,,1,1,1,1.0,7
201400029782,0014-07-03 08:55:00,14,7,3,8,55,560,121,"0, COURBET (RUE  AMIRAL",47.74396,-3.36376,Plein jour,En agglomération,Intersection en T,Normale,Deux véhicules - côté,,,,,,,,,,,1,2,3,1.0,3
201400029783,0014-07-04 18:30:00,14,7,4,18,30,560,121,"., KERYADO ( RD-PT DE )",47.76603,-3.40096,Plein jour,En agglomération,Giratoire,Normale,Deux véhicules - côté,,,,,,,,,,,1,2,6,1.0,3
201400029784,0014-07-04 19:55:00,14,7,4,19,55,560,98,"., CROIZAT ( AVE AMBROIS",47.77623,-3.34503,Plein jour,En agglomération,Hors intersection,Normale,Sans collision,,,,,,,,,,,1,2,1,1.0,7
201400029785,0014-07-05 22:15:00,14,7,5,22,15,560,83,"., LOCOYARNE ( R-P DE )",47.79121,-3.27678,Crépuscule ou aube,Hors agglomération,Hors intersection,Normale,Sans collision,,,,,,,,,,,2,1,1,1.0,7
201400029786,0014-07-06 06:55:00,14,7,6,6,55,560,121,"17, CORRE (RUE  EMILE )",47.74479,-3.35887,Plein jour,En agglomération,Hors intersection,Normale,Sans collision,,,,,,,,,,,1,2,1,1.0,7
201400029787,0014-07-09 18:10:00,14,7,9,18,10,560,121,"., CHENAILLER DIT COLONE",47.73341,-3.38566,Plein jour,En agglomération,Hors intersection,Normale,Sans collision,,,,,,,,,,,1,2,1,1.0,7
201400029788,0014-07-09 19:02:00,14,7,9,19,2,560,162,"., VENTURA (RUE LINO)",47.7411,-3.43116,Plein jour,En agglomération,Intersection en X,Normale,Deux véhicules - côté,,,,,,,,,,,1,2,2,1.0,3
201400029789,0014-07-10 17:30:00,14,7,10,17,30,560,121,"., QUEUDET ( AV RAYMOND",47.75927,-3.39173,Plein jour,En agglomération,Hors intersection,Normale,Sans collision,,,,,,,,,,,1,2,1,1.0,7
201400029790,0014-07-14 21:25:00,14,7,14,21,25,560,83,ROUTE NATIONALE  165,,,Plein jour,Hors agglomération,Hors intersection,Normale,Sans collision,,,,,,,,,,,1,1,1,1.0,7
201400029791,0014-07-18 09:36:00,14,7,18,9,36,560,121,"., SCHWEITZER (RUE  DOCT",47.75527,-3.35711,Plein jour,En agglomération,Hors intersection,Normale,Deux véhicules - frontale,,,,,,,,,,,1,2,1,1.0,1
201400029792,0014-07-21 14:05:00,14,7,21,14,5,560,121,"8, BERTHO (RUE  PAUL )",47.75768,-3.36693,Plein jour,En agglomération,Hors intersection,Normale,Sans collision,,,,,,,,,,,1,2,1,1.0,7
201400029793,0014-07-21 17:50:00,14,7,21,17,50,560,121,"2, NORMANDIE ( BD ET IMP",47.75988,-3.36613,Plein jour,En agglomération,Hors intersection,Normale,Deux véhicules - côté,,,,,,,,,,,1,2,1,1.0,3
201400029794,0014-07-23 16:08:00,14,7,23,16,8,560,162,"., KERBERNES",47.73755,-3.39992,Plein jour,En agglomération,Hors intersection,Normale,Deux véhicules - frontale,,,,,,,,,,,1,2,1,1.0,1
201400029795,0014-07-29 19:00:00,14,7,29,19,0,560,98,"0, LANN-SEVELIN (ROND PO",47.77805,-3.34383,Plein jour,En agglomération,Hors intersection,Normale,Deux véhicules - côté,,,,,,,,,,,1,2,1,1.0,3
201400029796,0014-07-30 18:00:00,14,7,30,18,0,560,107,"., ROUTE DEPARTEMENTALE",,,Plein jour,Hors agglomération,Hors intersection,Normale,Trois véhicules et plus - collisions multiples,,,,,,,,,,,1,1,1,1.0,5
201400029797,0014-08-01 13:45:00,14,8,1,13,45,560,121,"19, KERFICHANT (RUE)",47.74999,-3.3835,Plein jour,En agglomération,Hors intersection,Normale,Sans collision,,,,,,,,,,,1,2,1,1.0,7
201400029798,0014-08-03 01:28:00,14,8,3,1,28,560,121,"2, FAOUEDIC ( AVE DU )",47.74776,-3.36485,Nuit avec éclairage allumé,En agglomération,Hors intersection,Normale,Sans collision,,,,,,,,,,,5,2,1,1.0,7
201400029799,0014-08-04 19:35:00,14,8,4,19,35,560,121,"0, BELGIQUE (RUE  DE )",47.75859,-3.37745,Plein jour,En agglomération,Hors intersection,Normale,Deux véhicules - côté,,,,,,,,,,,1,2,1,1.0,3
201400029800,0014-08-06 22:15:00,14,8,6,22,15,560,121,"0, GUIEYSSE (RUE  PAUL )",47.75726,-3.3688,Nuit avec éclairage allumé,En agglomération,Hors intersection,Normale,Sans collision,,,,,,,,,,,5,2,1,1.0,7
201400029801,0014-08-08 10:50:00,14,8,8,10,50,560,121,"18, CHAZELLES ( COURS LO",47.75375,-3.36246,Plein jour,En agglomération,Intersection en X,Temps couvert,Sans collision,,,,,,,,,,,1,2,2,8.0,7
201400029802,0014-08-09 22:00:00,14,8,9,22,0,560,121,"137, BELGIQUE (RUE  DE )",47.76076,-3.38491,Nuit avec éclairage allumé,En agglomération,Hors intersection,Normale,Deux véhicules - arrière,,,,,,,,,,,5,2,1,1.0,2
201400029803,0014-08-10 08:10:00,14,8,10,8,10,560,98,"0, LANN-SEVELIN (ROND PO",47.77744,-3.34454,Plein jour,En agglomération,Hors intersection,Normale,Sans collision,,,,,,,,,,,1,2,1,1.0,7
201400029804,0014-08-10 10:05:00,14,8,10,10,5,560,98,"78, CROIZAT ( AVE AMBROI",47.77382,-3.34695,Plein jour,En agglomération,Hors intersection,Pluie légère,Sans collision,,,,,,,,,,,1,2,1,2.0,7
201400029805,0014-08-10 10:55:00,14,8,10,10,55,560,121,"198, BELGIQUE (RUE  DE )",47.76143,-3.38792,Plein jour,En agglomération,Hors intersection,Normale,Sans collision,,,,,,,,,,,1,2,1,1.0,7
201400029806,0014-08-11 18:55:00,14,8,11,18,55,560,83,"0, VILLENEUVE ST-CARADEC",47.82218,-3.28953,Plein jour,Hors agglomération,Hors intersection,Normale,Deux véhicules - côté,,,,,,,,,,,1,1,1,1.0,3
201400029807,0014-08-12 08:40:00,14,8,12,8,40,560,162,"0, CORNOUAILLE (RUE DES)",47.73246,-3.42572,Plein jour,En agglomération,Hors intersection,Normale,Deux véhicules - côté,,,,,,,,,,,1,2,1,1.0,3
201400029808,0014-08-12 19:45:00,14,8,12,19,45,560,121,"0, FRANCE ( AVE ANATOLE",47.7455,-3.36789,Plein jour,En agglomération,Hors intersection,Normale,Deux véhicules - côté,,,,,,,,,,,1,2,1,1.0,3
201400029809,0014-08-04 14:05:00,14,8,4,14,5,560,121,"34, KERGUILLETTE (RUE  D",47.76426,-3.39323,Plein jour,En agglomération,Hors intersection,Normale,Sans collision,,,,,,,,,,,1,2,1,1.0,7
201400029810,0014-08-15 13:09:00,14,8,15,13,9,560,162,"0, KERPAPE (ROUTE DE)",47.70586,-3.42071,Plein jour,Hors agglomération,Hors intersection,Normale,Sans collision,,,,,,,,,,,1,1,1,1.0,7
201400029811,0014-08-18 16:10:00,14,8,18,16,10,560,98,"0, RN 165",,,Plein jour,Hors agglomération,Hors intersection,Normale,Trois véhicules et plus - collisions multiples,,,,,,,,,,,1,1,1,1.0,5
201400029812,0014-08-18 18:00:00,14,8,18,18,0,560,98,"78, CROIZAT ( AVE AMBROI",47.77668,-3.34516,Plein jour,En agglomération,Hors intersection,Normale,Deux véhicules - côté,,,,,,,,,,,1,2,1,1.0,3
201400029813,0014-08-23 12:40:00,14,8,23,12,40,560,121,"0, KERYADO ( RD-PT DE )",47.76597,-3.40058,Plein jour,Hors agglomération,Giratoire,Normale,Deux véhicules - côté,,,,,,,,,,,1,1,6,1.0,3
201400029814,0014-08-23 21:35:00,14,8,23,21,35,560,121,"0, DUGUAY-TROUIN (RUE RE",47.74282,-3.36788,Nuit avec éclairage allumé,En agglomération,Hors intersection,Normale,Sans collision,,,,,,,,,,,5,2,1,1.0,7
201400029815,0014-08-25 14:38:00,14,8,25,14,38,560,121,"0, BOLLARDIERE (RUE  GEN",47.7557,-3.39151,Plein jour,En agglomération,Hors intersection,Pluie forte,Sans collision,,,,,,,,,,,1,2,1,3.0,7
201400029816,0014-08-25 14:37:00,14,8,25,14,37,560,83,RUE DU TEMPLE,47.82673,-3.28121,Plein jour,Hors agglomération,Hors intersection,Pluie forte,Sans collision,,,,,,,,,,,1,1,1,3.0,7
201400029817,0014-08-31 20:50:00,14,8,31,20,50,560,121,"0, ESVELIN (RUE  MAITRE",47.74561,-3.36304,Nuit avec éclairage allumé,En agglomération,Hors intersection,Normale,Sans collision,,,,,,,,,,,5,2,1,1.0,7
201400029818,0014-09-02 15:05:00,14,9,2,15,5,560,98,"57, CROIZAT ( AVE AMBROI",47.77353,-3.34776,Plein jour,En agglomération,Hors intersection,Normale,Deux véhicules - arrière,,,,,,,,,,,1,2,1,1.0,2
201400029819,0014-09-04 21:45:00,14,9,4,21,45,560,83,"0, D 145",47.79995,-3.25949,Nuit avec éclairage allumé,Hors agglomération,Hors intersection,Normale,Deux véhicules - côté,,,,,,,,,,,5,1,1,1.0,3
201400029820,0014-09-05 14:35:00,14,9,5,14,35,560,121,"28, COSMAO-DUMANOIR ( BD",47.75472,-3.36393,Plein jour,En agglomération,Hors intersection,Normale,Autre collision,,,,,,,,,,,1,2,1,1.0,6
201400029821,0014-09-05 15:10:00,14,9,5,15,10,560,98,"12, JAURES (RUE  JEAN )",47.76357,-3.36091,Plein jour,En agglomération,Hors intersection,Normale,Sans collision,,,,,,,,,,,1,2,1,1.0,7
201400029822,0014-09-06 10:35:00,14,9,6,10,35,560,121,"15, CHAZELLES ( COURS LO",47.754,-3.36275,Plein jour,En agglomération,Hors intersection,Normale,Deux véhicules - côté,,,,,,,,,,,1,2,1,1.0,3
201400029823,0014-09-07 11:40:00,14,9,7,11,40,560,121,GAMBETTA (RUE LEON),47.74542,-3.36785,Plein jour,En agglomération,Intersection en X,Normale,Deux véhicules - arrière,,,,,,,,,,,1,2,2,1.0,2
201400029824,0014-09-09 13:53:00,14,9,9,13,53,560,121,"1, FERRY ( PL. JULES )",47.74684,-3.36603,Plein jour,En agglomération,Intersection en X,Normale,Deux véhicules - côté,,,,,,,,,,,1,2,2,1.0,3
201400029825,0014-09-09 14:24:00,14,9,9,14,24,560,121,"33, BOVE ( COURS DE LA )",47.74737,-3.35913,Plein jour,En agglomération,Hors intersection,Normale,Sans collision,,,,,,,,,,,1,2,1,1.0,7
201400029826,0014-09-11 14:35:00,14,9,11,14,35,560,121,"185, MULLER ( DU COLONEL",47.76974,-3.40726,Plein jour,En agglomération,Hors intersection,Pluie légère,Autre collision,,,,,,,,,,,1,2,1,2.0,6
201400029827,0014-09-11 17:20:00,14,9,11,17,20,560,121,"0, FERRY ( ET IMP. JULES",47.7477,-3.36487,Plein jour,En agglomération,Hors intersection,Normale,Deux véhicules - côté,,,,,,,,,,,1,2,1,1.0,3
201400029828,0014-09-12 04:31:00,14,9,12,4,31,560,121,"97, ROCHE (RUE  LOUIS )",47.75889,-3.37679,Nuit avec éclairage allumé,En agglomération,Hors intersection,Normale,Sans collision,,,,,,,,,,,5,2,1,1.0,7
201400029829,0014-09-14 12:38:00,14,9,14,12,38,560,162,"0, BRETAGNE ( PLACE DE )",47.73398,-3.42799,Plein jour,En agglomération,Hors intersection,Normale,Sans collision,,,,,,,,,,,1,2,1,1.0,7
201400029830,0014-09-17 12:27:00,14,9,17,12,27,560,107,"0, MINIO (RUE DU)",47.71756,-3.38365,Plein jour,En agglomération,Hors intersection,Normale,Sans collision,,,,,,,,,,,1,2,1,1.0,7
201400029831,0014-09-17 14:00:00,14,9,17,14,0,560,107,"0, KERHOAS (RUE DE)",47.72382,-3.38852,Plein jour,Hors agglomération,Hors intersection,Normale,Autre collision,,,,,,,,,,,1,1,1,1.0,6
201400029832,0014-09-19 12:10:00,14,9,19,12,10,560,121,"0, KENNEDY ( ET RD-PT DU",47.76318,-3.38386,Plein jour,En agglomération,Giratoire,Temps éblouissant,Sans collision,,,,,,,,,,,1,2,6,7.0,7
201400029833,0014-09-20 14:10:00,14,9,20,14,10,560,121,"0, LOTE (RUE  RENE )",47.77324,-3.40493,Plein jour,En agglomération,Hors intersection,Normale,Deux véhicules - côté,,,,,,,,,,,1,2,1,1.0,3
201400029834,0014-09-22 08:47:00,14,9,22,8,47,560,121,"0, ORADOUR SUR GLANE ( B",47.75213,-3.37036,Plein jour,En agglomération,Hors intersection,Normale,Trois véhicules et plus - collisions multiples,,,,,,,,,,,1,2,1,1.0,5
201400029835,0014-09-22 12:49:00,14,9,22,12,49,560,162,"0, 152 (ROUTE DEPARTEMEN",,,Plein jour,Hors agglomération,Hors intersection,Normale,Sans collision,,,,,,,,,,,1,1,1,1.0,7
201400029836,0014-09-22 15:48:00,14,9,22,15,48,560,121,"0, NORMANDIE ( BD ET IMP",47.7598,-3.3663,Plein jour,En agglomération,Hors intersection,Normale,Sans collision,,,,,,,,,,,1,2,1,1.0,7
201400029837,0014-09-25 16:00:00,14,9,25,16,0,560,121,"0, RADE ( BD DE LA )",47.73911,-3.35648,Plein jour,En agglomération,Hors intersection,Normale,Sans collision,,,,,,,,,,,1,2,1,1.0,7
201400029838,0014-09-27 19:39:00,14,9,27,19,39,560,121,"0, FRANCE ( AVE ANATOLE",47.74562,-3.36774,Crépuscule ou aube,En agglomération,Hors intersection,Normale,Sans collision,,,,,,,,,,,2,2,1,1.0,7
201400029839,0014-09-27 20:30:00,14,9,27,20,30,560,121,LONDRES (RUE  DE ),47.73753,-3.37123,Nuit avec éclairage allumé,En agglomération,Intersection en X,Normale,Deux véhicules - côté,,,,,,,,,,,5,2,2,1.0,3
201400029840,0014-09-29 08:50:00,14,9,29,8,50,560,121,"0, MONISTROL (RUE)",47.73644,-3.38293,Plein jour,En agglomération,Giratoire,Pluie légère,Deux véhicules - côté,,,,,,,,,,,1,2,6,2.0,3
201400029841,0014-09-30 12:11:00,14,9,30,12,11,560,121,"149, GUIEYSSE (RUE  PAUL",47.75812,-3.37517,Plein jour,En agglomération,Hors intersection,Normale,Sans collision,,,,,,,,,,,1,2,1,1.0,7
201400029842,0014-10-01 13:18:00,14,10,1,13,18,560,121,"0, MULLER ( DU COLONEL J",47.76585,-3.39709,Plein jour,En agglomération,Hors intersection,Normale,Deux véhicules - côté,,,,,,,,,,,1,2,1,1.0,3
201400029843,0014-10-02 13:33:00,14,10,2,13,33,560,98,"0, GUERN (RUE DE LA)",47.77192,-3.33726,Plein jour,En agglomération,Intersection en X,Normale,Deux véhicules - côté,,,,,,,,,,,1,2,2,1.0,3
201400029844,0014-10-03 16:15:00,14,10,3,16,15,560,98,"164 bis, JAURES (RUE  JE",47.76969,-3.35091,Plein jour,En agglomération,Hors intersection,Normale,Deux véhicules - côté,,,,,,,,,,,1,2,1,1.0,3
201400029845,0014-10-03 18:40:00,14,10,3,18,40,560,98,RN 165,,,Plein jour,Hors agglomération,Hors intersection,Normale,Deux véhicules - arrière,,,,,,,,,,,1,1,1,1.0,2
201400029846,0014-10-05 16:51:00,14,10,5,16,51,560,162,"1, PERELLO (ROUTE DU)",47.70205,-3.4322,Plein jour,En agglomération,Hors intersection,Normale,Sans collision,,,,,,,,,,,1,2,1,1.0,7
201400029847,0014-10-06 12:09:00,14,10,6,12,9,560,98,"102, SEMBAT ( ET IMP. MA",47.76758,-3.34497,Plein jour,En agglomération,Hors intersection,Normale,Deux véhicules - arrière,,,,,,,,,,,1,2,1,1.0,2
201400029848,0014-10-06 19:35:00,14,10,6,19,35,560,121,"0, ROHAN ( Q DE )",47.74511,-3.36109,Nuit avec éclairage allumé,En agglomération,Intersection en X,Pluie forte,Deux véhicules - côté,,,,,,,,,,,5,2,2,3.0,3
201400029849,0014-10-07 09:30:00,14,10,7,9,30,560,83,"0, FOCH ( PL. MARECHAL )",47.8056,-3.27474,Plein jour,En agglomération,Hors intersection,Normale,Sans collision,,,,,,,,,,,1,2,1,1.0,7
201400029850,0014-10-08 13:05:00,14,10,8,13,5,560,98,"0, BELANE (CHEMIN DU)",47.76498,-3.31071,Plein jour,En agglomération,Hors intersection,Normale,Sans collision,,,,,,,,,,,1,2,1,1.0,7
201400029851,0014-10-09 13:50:00,14,10,9,13,50,560,83,"128, VAILLANT ( AV. EDOU",47.82239,-3.25054,Plein jour,En agglomération,Hors intersection,Normale,Sans collision,,,,,,,,,,,1,2,1,1.0,7
201400029852,0014-10-11 10:20:00,14,10,11,10,20,560,121,"58, COSMAO-DUMANOIR ( BD",47.754,-3.3676,Plein jour,En agglomération,Hors intersection,Normale,Deux véhicules - côté,,,,,,,,,,,1,2,1,1.0,3
201400029853,0014-10-12 08:55:00,14,10,12,8,55,560,98,"0, KERFREHOUR (RUE DE)",47.76409,-3.33296,Plein jour,En agglomération,Hors intersection,Normale,Sans collision,,,,,,,,,,,1,2,1,1.0,7
201400029854,0014-10-12 10:42:00,14,10,12,10,42,560,83,"0, ALLENDE ( AV. PRES. S",47.8061,-3.25967,Plein jour,En agglomération,Hors intersection,Normale,Trois véhicules et plus - collisions multiples,,,,,,,,,,,1,2,1,1.0,5
201400029855,0014-10-13 08:55:00,14,10,13,8,55,560,121,"0, MARESCHAL ( RUE GEORG",47.7638,-3.4008,Plein jour,En agglomération,Hors intersection,Normale,Deux véhicules - côté,,,,,,,,,,,1,2,1,1.0,3
201400029856,0014-10-13 17:25:00,14,10,13,17,25,560,162,"0, D 163",47.76295,-3.42458,Plein jour,Hors agglomération,Intersection en X,Temps éblouissant,Trois véhicules et plus - collisions multiples,,,,,,,,,,,1,1,2,7.0,5
201400029857,0014-10-14 08:30:00,14,10,14,8,30,560,121,"0, DREYFUS (RUE  ALFRED",47.74746,-3.39272,Crépuscule ou aube,En agglomération,Intersection en T,Normale,Sans collision,,,,,,,,,,,2,2,3,1.0,7
201400029858,0014-10-16 11:40:00,14,10,16,11,40,560,121,"0, JOUHAUX (RUE  LEON )",47.73918,-3.38095,Plein jour,En agglomération,Intersection en T,Temps couvert,Sans collision,,,,,,,,,,,1,2,3,8.0,7
201400029859,0014-10-17 14:10:00,14,10,17,14,10,560,121,"39, KERLIN (RUE  DE )",47.7472,-3.37643,Plein jour,En agglomération,Intersection en X,Normale,Deux véhicules - côté,,,,,,,,,,,1,2,2,1.0,3
201400029860,0014-10-20 17:21:00,14,10,20,17,21,560,83,"0, ALLENDE ( AV. PRES. S",47.80825,-3.2562,Plein jour,En agglomération,Hors intersection,Temps couvert,Trois véhicules et plus - collisions multiples,,,,,,,,,,,1,2,1,8.0,5
201400029861,0014-10-20 15:29:00,14,10,20,15,29,560,121,"0, KERVARIC (ROND POINT",47.74816,-3.38846,Plein jour,En agglomération,Hors intersection,Normale,Sans collision,,,,,,,,,,,1,2,1,1.0,7
201400029862,0014-10-25 09:40:00,14,10,25,9,40,560,121,"110, BLUM ( BD LEON )",47.74642,-3.37858,Plein jour,En agglomération,Hors intersection,Normale,Deux véhicules - côté,,,,,,,,,,,1,2,1,1.0,3
201400029863,0014-10-25 15:50:00,14,10,25,15,50,560,162,"40, QUEVEN (ROUTE DE)",47.74262,-3.42427,Plein jour,En agglomération,Hors intersection,Normale,Sans collision,,,,,,,,,,,1,2,1,1.0,7
201400029864,0014-10-25 21:20:00,14,10,25,21,20,560,121,"0, CARNOT (RUE  LAZARE )",47.74193,-3.36141,Nuit avec éclairage allumé,En agglomération,Intersection en X,Normale,Deux véhicules - côté,,,,,,,,,,,5,2,2,1.0,3
201400029865,0014-10-26 11:51:00,14,10,26,11,51,560,83,"0, TOUL DOUAR (LIEU-DIT)",47.79184,-3.31065,Plein jour,En agglomération,Hors intersection,Normale,Sans collision,,,,,,,,,,,1,2,1,1.0,7
201400029866,0014-10-29 15:08:00,14,10,29,15,8,560,121,"9, INDES ( QUAI DES )",47.74622,-3.36103,Plein jour,En agglomération,Hors intersection,Normale,Sans collision,,,,,,,,,,,1,2,1,1.0,7
201400029867,0014-10-30 13:45:00,14,10,30,13,45,560,121,"27, KERJULAUDE ( RUE DE",47.74418,-3.38116,Plein jour,En agglomération,Hors intersection,Normale,Deux véhicules - arrière,,,,,,,,,,,1,2,1,1.0,2
201400029868,0014-10-31 10:55:00,14,10,31,10,55,560,121,"0, ALSACE-LORRAINE  ( PL",47.74987,-3.36094,Plein jour,En agglomération,Intersection en X,Normale,Deux véhicules - côté,,,,,,,,,,,1,2,2,1.0,3
201400029869,0014-11-01 08:35:00,14,11,1,8,35,560,162,"46, PERELLO (ROUTE DU)",47.7016,-3.43633,Plein jour,En agglomération,Hors intersection,Normale,Deux véhicules - côté,,,,,,,,,,,1,2,1,1.0,3
201400029870,0014-11-01 11:35:00,14,11,1,11,35,560,121,"21, LECLERC ( BD GENERAL",47.74953,-3.36595,Plein jour,En agglomération,Hors intersection,Normale,Deux véhicules - côté,,,,,,,,,,,1,2,1,1.0,3
201400029871,0014-11-01 21:50:00,14,11,1,21,50,560,83,"0, RN 165",,,Nuit sans éclairage public,Hors agglomération,Hors intersection,Normale,Sans collision,,,,,,,,,,,3,1,1,1.0,7
201400029872,0014-11-02 18:35:00,14,11,2,18,35,560,98,"125, JAURES (RUE  JEAN )",47.76662,-3.35639,Crépuscule ou aube,En agglomération,Hors intersection,Normale,Deux véhicules - arrière,,,,,,,,,,,2,2,1,1.0,2
201400029873,0014-11-09 16:15:00,14,11,9,16,15,560,107,"0, MINIO (RUE DU)",47.71757,-3.38362,Plein jour,En agglomération,Hors intersection,Normale,Sans collision,,,,,,,,,,,1,2,1,1.0,7
201400029874,0014-11-10 19:00:00,14,11,10,19,0,560,121,"0, RN 465",47.75929,-3.38394,Nuit avec éclairage non allumé,Hors agglomération,Hors intersection,Pluie légère,Trois véhicules et plus - collisions multiples,,,,,,,,,,,4,1,1,2.0,5
201400029875,0014-11-12 08:04:00,14,11,12,8,4,560,121,"0, HENAFF ( ET IMP. JOSE",47.74912,-3.39382,Plein jour,En agglomération,Hors intersection,Normale,Sans collision,,,,,,,,,,,1,2,1,1.0,7
201400029876,0014-11-12 15:30:00,14,11,12,15,30,560,98,"0, MAURIAC (RUE  FRANCOI",47.76526,-3.34839,Plein jour,En agglomération,Hors intersection,Pluie légère,Sans collision,,,,,,,,,,,1,2,1,2.0,7
201400029877,0014-11-12 16:52:00,14,11,12,16,52,560,121,"0, SCORFF ( BD DU )",47.76221,-3.36675,Plein jour,En agglomération,Hors intersection,Pluie forte,Deux véhicules - arrière,,,,,,,,,,,1,2,1,3.0,2
201400029878,0014-11-14 07:50:00,14,11,14,7,50,560,98,"0, MARAT (IMP JEAN PAUL)",47.76734,-3.33944,Nuit avec éclairage allumé,En agglomération,Hors intersection,Normale,Sans collision,,,,,,,,,,,5,2,1,1.0,7
201400029879,0014-11-14 18:42:00,14,11,14,18,42,560,98,"85, JAURES (RUE  JEAN )",47.76536,-3.35852,Crépuscule ou aube,En agglomération,Hors intersection,Pluie légère,Deux véhicules - côté,,,,,,,,,,,2,2,1,2.0,3
201400029880,0014-11-15 02:35:00,14,11,15,2,35,560,98,"0, BOLLARDIERE (RUE  GEN",47.77756,-3.33987,Nuit avec éclairage allumé,En agglomération,Hors intersection,Normale,Sans collision,,,,,,,,,,,5,2,1,1.0,7
201400029881,0014-11-16 12:55:00,14,11,16,12,55,560,83,"0, ALLENDE ( AV. PRES. S",47.81058,-3.25232,Plein jour,En agglomération,Intersection en X,Normale,Deux véhicules - côté,,,,,,,,,,,1,2,2,1.0,3
201400029882,0014-11-17 07:55:00,14,11,17,7,55,560,121,"0, GUILLEMOT (RUE  ARMAN",47.74307,-3.38899,Plein jour,En agglomération,Intersection en T,Normale,Deux véhicules - côté,,,,,,,,,,,1,2,3,1.0,3