accident_id,datetime,annee,mois,jour,heure,minute,departement,commune_insee,adresse,latitude,longitude,luminosite,agglomeration,intersection,meteo,collision,nb_vehicules,nb_usagers,nb_indemnes,nb_tues,nb_blesses_hosp,nb_blesses_legers,age_cond_1,age_cond_2,veh_type_cond_1,veh_type_cond_2,lum_code,agg_code,int_code,atm_code,col_code
201400029883,0014-11-18 13:41:00,14,11,18,13,41,560,121,"0, CLISSON (RUE ET SQUAR",47.75049,-3.36297,Plein jour,En agglomération,Intersection en X,Normale,Deux véhicules - côté,,,,,,,,,,,1,2,2,1.0,3
201400029884,0014-11-18 16:14:00,14,11,18,16,14,560,83,"0, VILLENEUVE ( ET IMP.",47.79036,-3.27686,Plein jour,En agglomération,Hors intersection,Normale,Trois véhicules et plus - collisions multiples,,,,,,,,,,,1,2,1,1.0,5
201400029885,0014-11-18 12:12:00,14,11,18,12,12,560,121,"0, MASSENET (RUE  JULES",47.76519,-3.37543,Plein jour,En agglomération,Hors intersection,Normale,Sans collision,,,,,,,,,,,1,2,1,1.0,7
201400029886,0014-11-19 09:20:00,14,11,19,9,20,560,162,"0, KERGALANT",47.71641,-3.41287,Plein jour,Hors agglomération,Hors intersection,Pluie forte,Sans collision,,,,,,,,,,,1,1,1,3.0,7
201400029887,0014-11-19 16:30:00,14,11,19,16,30,560,121,"0, BOIS-DU-CHATEAU (RUE",47.7694,-3.37421,Plein jour,En agglomération,Hors intersection,Temps couvert,Sans collision,,,,,,,,,,,1,2,1,8.0,7
201400029888,0014-11-19 18:45:00,14,11,19,18,45,560,121,"0, COURBET (RUE  AMIRAL",47.74398,-3.36377,Crépuscule ou aube,En agglomération,Intersection en X,Normale,Deux véhicules - côté,,,,,,,,,,,2,2,2,1.0,3
201400029889,0014-11-21 18:05:00,14,11,21,18,5,560,121,"0, KENNEDY ( ET RD-PT DU",47.76383,-3.37923,Nuit avec éclairage allumé,Hors agglomération,Hors intersection,Normale,Sans collision,,,,,,,,,,,5,1,1,1.0,7
201400029890,0014-11-28 15:35:00,14,11,28,15,35,560,121,"39, VILLENEUVE (RUE  DE",47.7532,-3.37707,Plein jour,En agglomération,Hors intersection,Normale,Sans collision,,,,,,,,,,,1,2,1,1.0,7
201400029891,0014-11-30 18:50:00,14,11,30,18,50,560,98,"1, MAURICE (RUE  JEAN-MA",47.75617,-3.3406,Plein jour,En agglomération,Intersection en X,Normale,Deux véhicules - côté,,,,,,,,,,,1,2,2,1.0,3
201400029892,0014-12-02 18:40:00,14,12,2,18,40,560,98,"55, CROIZAT ( AVE AMBROI",47.77329,-3.34744,Nuit avec éclairage allumé,En agglomération,Hors intersection,Normale,Sans collision,,,,,,,,,,,5,2,1,1.0,7
201400029893,0014-12-03 17:35:00,14,12,3,17,35,560,121,"0, LECLERC ( BD GENERAL",47.74798,-3.36503,Nuit avec éclairage allumé,En agglomération,Hors intersection,Normale,Sans collision,,,,,,,,,,,5,2,1,1.0,7
201400029894,0014-12-05 17:15:00,14,12,5,17,15,560,121,"15, LE GRAND (RUE  JULES",47.75027,-3.35906,Nuit avec éclairage allumé,En agglomération,Hors intersection,Pluie légère,Sans collision,,,,,,,,,,,5,2,1,2.0,7
201400029895,0014-12-05 20:25:00,14,12,5,20,25,560,83,"0, TOUL DOUAR (RD PT)",47.79663,-3.30056,Nuit sans éclairage public,Hors agglomération,Hors intersection,Normale,Sans collision,,,,,,,,,,,3,1,1,1.0,7
201400029896,0014-12-08 07:20:00,14,12,8,7,20,560,98,"0, 165  (ROUTE NATIONALE",47.77797,-3.3562,Nuit avec éclairage allumé,Hors agglomération,Hors intersection,Pluie légère,Deux véhicules - côté,,,,,,,,,,,5,1,1,2.0,3
201400029897,0014-12-09 21:30:00,14,12,9,21,30,560,162,"0, OCEAN (RD L)",47.73609,-3.50089,Nuit avec éclairage allumé,En agglomération,Hors intersection,Pluie légère,Sans collision,,,,,,,,,,,5,2,1,2.0,7
201400029898,0014-12-10 03:40:00,14,12,10,3,40,560,162,"0, KERGOAT",,,Nuit sans éclairage public,En agglomération,Hors intersection,Pluie légère,Sans collision,,,,,,,,,,,3,2,1,2.0,7
201400029899,0014-12-10 08:35:00,14,12,10,8,35,560,83,"0, RN 165",47.78957,-3.27619,Plein jour,En agglomération,Hors intersection,Normale,Deux véhicules - arrière,,,,,,,,,,,1,2,1,1.0,2
201400029900,0014-12-12 17:10:00,14,12,12,17,10,560,121,"0, RD 465",47.75101,-3.38705,Plein jour,Hors agglomération,Hors intersection,Normale,Trois véhicules et plus - collisions multiples,,,,,,,,,,,1,1,1,1.0,5
201400029901,0014-12-12 18:20:00,14,12,12,18,20,560,98,"0, RN 165 (PATINOIRE)",,,Nuit sans éclairage public,Hors agglomération,Hors intersection,Pluie légère,Deux véhicules - arrière,,,,,,,,,,,3,1,1,2.0,2
201400029902,0014-12-12 21:27:00,14,12,12,21,27,560,98,"0, 165  (ROUTE NATIONALE",,,Nuit sans éclairage public,En agglomération,Hors intersection,Normale,Sans collision,,,,,,,,,,,3,2,1,1.0,7
201400029903,0014-12-12 20:55:00,14,12,12,20,55,560,121,"0, MOUSTOIR ( RD PT DU )",47.75224,-3.3706,Nuit avec éclairage allumé,En agglomération,Hors intersection,Normale,Deux véhicules - côté,,,,,,,,,,,5,2,1,1.0,3
201400029904,0014-12-15 07:33:00,14,12,15,7,33,560,83,"0, HILLION ( AV. DU CDT",,,Nuit avec éclairage allumé,En agglomération,Hors intersection,Pluie légère,Sans collision,,,,,,,,,,,5,2,1,2.0,7
201400029905,0014-12-12 13:50:00,14,12,12,13,50,560,98,"0, BLUM ( ET IMP. LEON )",47.75966,-3.33066,Plein jour,En agglomération,Hors intersection,Normale,Sans collision,,,,,,,,,,,1,2,1,1.0,7
201400029906,0014-12-16 08:00:00,14,12,16,8,0,560,121,"0, BLUM ( BD LEON )",47.74816,-3.3746,Plein jour,En agglomération,Hors intersection,Temps couvert,Sans collision,,,,,,,,,,,1,2,1,8.0,7
201400029907,0014-12-17 16:15:00,14,12,17,16,15,560,83,"0, VILLENEUVE (RUE  DE L",47.79062,-3.2763,Plein jour,En agglomération,Hors intersection,Pluie légère,Deux véhicules - côté,,,,,,,,,,,1,2,1,2.0,3
201400029908,0014-12-18 06:15:00,14,12,18,6,15,560,121,"0, MONISTROL (RUE)",47.73336,-3.38535,Nuit avec éclairage allumé,En agglomération,Intersection en T,Pluie légère,Deux véhicules - côté,,,,,,,,,,,5,2,3,2.0,3
201400029909,0014-12-18 10:40:00,14,12,18,10,40,560,121,"0, KERSABIEC (RUE  DE )",47.76445,-3.38541,Plein jour,En agglomération,Hors intersection,Normale,Deux véhicules - côté,,,,,,,,,,,1,2,1,1.0,3
201400029910,0014-12-21 16:48:00,14,12,21,16,48,560,121,"0, WINTER (RUE INGENIEUR",47.73737,-3.3635,Plein jour,En agglomération,Hors intersection,Normale,Deux véhicules - frontale,,,,,,,,,,,1,2,1,1.0,1
201400029911,0014-12-22 18:10:00,14,12,22,18,10,560,98,"0, GIONO (RUE  JEAN )",,,Crépuscule ou aube,En agglomération,Hors intersection,Normale,Sans collision,,,,,,,,,,,2,2,1,1.0,7
201400029912,0014-12-23 10:05:00,14,12,23,10,5,560,121,"7, BELLE-FONTAINE (RUE",47.74588,-3.36605,Plein jour,En agglomération,Hors intersection,Normale,Sans collision,,,,,,,,,,,1,2,1,1.0,7
201400029913,0014-12-24 15:15:00,14,12,24,15,15,560,121,"0, COUEDIC (RUE  DU )",47.75046,-3.36301,Plein jour,En agglomération,Hors intersection,Pluie légère,Sans collision,,,,,,,,,,,1,2,1,2.0,7
201400029914,0014-12-29 11:30:00,14,12,29,11,30,560,121,"0, GUILLEMOT (RUE  ARMAN",47.7462,-3.39128,Plein jour,En agglomération,Hors intersection,Temps éblouissant,Sans collision,,,,,,,,,,,1,2,1,7.0,7
201400029915,0014-12-29 15:40:00,14,12,29,15,40,560,83,"0, GARDELOUPE ( R-P DE L",47.79939,-3.25997,Plein jour,Hors agglomération,Hors intersection,Normale,Sans collision,,,,,,,,,,,1,1,1,1.0,7
201400029916,0014-12-29 16:09:00,14,12,29,16,9,560,162,"0, KAOLINS (PLAGE DES )",47.72328,-3.48455,Plein jour,Hors agglomération,Hors intersection,Normale,Deux véhicules - arrière,,,,,,,,,,,1,1,1,1.0,2
201400029917,0014-12-29 17:25:00,14,12,29,17,25,560,83,"89, PASTEUR ( AVENUE )",47.80767,-3.28892,Plein jour,En agglomération,Hors intersection,Normale,Deux véhicules - côté,,,,,,,,,,,1,2,1,1.0,3
201400029918,0014-12-30 07:15:00,14,12,30,7,15,560,98,"0, CROIZAT",47.7744,-3.34667,Crépuscule ou aube,En agglomération,Hors intersection,Normale,Deux véhicules - côté,,,,,,,,,,,2,2,1,1.0,3
201400029919,0014-12-31 17:25:00,14,12,31,17,25,560,162,"0, ECOLES (RUE DES )",47.73671,-3.42651,Plein jour,En agglomération,Hors intersection,Normale,Deux véhicules - côté,,,,,,,,,,,1,2,1,1.0,3
201400029920,0014-01-23 12:44:00,14,1,23,12,44,560,83,177 rue Maréchal Joffre,47.80982,-3.26716,Plein jour,En agglomération,Hors intersection,,Autre collision,,,,,,,,,,,1,2,1,,6
201400029921,0014-08-05 09:30:00,14,8,5,9,30,340,243,,,,Plein jour,Hors agglomération,Hors intersection,Normale,Trois véhicules et plus - collisions multiples,,,,,,,,,,,1,1,1,1.0,5
201400029922,0014-09-07 13:00:00,14,9,7,13,0,340,152,,,,Plein jour,Hors agglomération,Hors intersection,Normale,Deux véhicules - côté,,,,,,,,,,,1,1,1,1.0,3
201400029923,0014-10-09 13:00:00,14,10,9,13,0,340,42,,,,Plein jour,Hors agglomération,Hors intersection,Pluie légère,Deux véhicules - côté,,,,,,,,,,,1,1,1,2.0,3
201400029924,0014-10-18 00:30:00,14,10,18,0,30,340,111,,,,Nuit sans éclairage public,Hors agglomération,Hors intersection,Normale,Autre collision,,,,,,,,,,,3,1,1,1.0,6
201400029925,0014-10-23 12:00:00,14,10,23,12,0,340,42,,,,Plein jour,Hors agglomération,Hors intersection,Normale,Autre collision,,,,,,,,,,,1,1,1,1.0,6
201400029926,0014-12-14 20:00:00,14,12,14,20,0,340,185,,,,Nuit sans éclairage public,Hors agglomération,Hors intersection,Pluie légère,Deux véhicules - côté,,,,,,,,,,,3,1,1,2.0,3
201400029927,0014-01-16 23:50:00,14,1,16,23,50,560,260,WILSON(AVENUE),47.66537,-2.75618,Nuit avec éclairage allumé,En agglomération,Hors intersection,Pluie légère,Sans collision,,,,,,,,,,,5,2,1,2.0,7
201400029928,0014-01-02 08:40:00,14,1,2,8,40,560,260,JUDE(RUE DU CAPITAINE),47.66265,-2.76209,Plein jour,En agglomération,Giratoire,Temps couvert,Autre collision,,,,,,,,,,,1,2,6,8.0,6
201400029929,0014-01-17 08:01:00,14,1,17,8,1,560,260,PAIX(BLD DE LA) 1 A 39,,,Nuit avec éclairage allumé,En agglomération,Hors intersection,Normale,Autre collision,,,,,,,,,,,5,2,1,1.0,6
201400029930,0014-01-29 16:50:00,14,1,29,16,50,560,260,RENAUDOT(THEOPHRASTE),47.66184,-2.78874,Plein jour,En agglomération,Hors intersection,Normale,Autre collision,,,,,,,,,,,1,2,1,1.0,6
201400029931,0014-02-06 13:50:00,14,2,6,13,50,560,260,"6, POMPIDOU(AVENUE GEORG",47.66385,-2.76738,Plein jour,En agglomération,Hors intersection,Pluie légère,Autre collision,,,,,,,,,,,1,2,1,2.0,6
201400029932,0014-02-13 16:55:00,14,2,13,16,55,560,260,RESISTANCE(BLD DE LA) 4,47.64552,-2.77948,Plein jour,En agglomération,Hors intersection,Normale,Autre collision,,,,,,,,,,,1,2,1,1.0,6
201400029933,0014-02-20 11:20:00,14,2,20,11,20,560,260,MONNET(AVENUE JEAN),47.66272,-2.76228,Plein jour,En agglomération,Giratoire,Pluie légère,Autre collision,,,,,,,,,,,1,2,6,2.0,6
201400029934,0014-02-21 16:55:00,14,2,21,16,55,560,260,MONSABERT(BOULEVARD DU G,47.66096,-2.78107,Plein jour,En agglomération,Hors intersection,Normale,Autre collision,,,,,,,,,,,1,2,1,1.0,6
201400029935,0014-02-21 19:55:00,14,2,21,19,55,560,260,CEZANNE(AVENUE PAUL),47.67278,-2.76781,Nuit avec éclairage allumé,En agglomération,Intersection en X,Normale,Deux véhicules - côté,,,,,,,,,,,5,2,2,1.0,3
201400029936,0014-02-25 17:25:00,14,2,25,17,25,560,260,"NEANT, WILSON(AVENUE)",47.66639,-2.75662,Plein jour,En agglomération,Hors intersection,Normale,Trois véhicules et plus - collisions multiples,,,,,,,,,,,1,2,1,1.0,5
201400029937,0014-02-24 10:20:00,14,2,24,10,20,560,260,"0, VINCIN(GIRATOIRE DU)",47.65592,-2.79162,Plein jour,En agglomération,Giratoire,Normale,Autre collision,,,,,,,,,,,1,2,6,1.0,6
201400029938,0014-03-08 11:10:00,14,3,8,11,10,560,260,MARNE(AVENUE DE LA) MAC,47.65983,-2.79168,Plein jour,En agglomération,Autre intersection,Normale,Deux véhicules - côté,,,,,,,,,,,1,2,9,1.0,3
201400029939,0014-04-06 12:25:00,14,4,6,12,25,560,260,MICHELIN(AVENUE EDOUARD),47.6597,-2.71856,Plein jour,En agglomération,Hors intersection,Normale,Deux véhicules - arrière,,,,,,,,,,,1,2,1,1.0,2
201400029940,0014-04-10 13:55:00,14,4,10,13,55,560,260,CHURCHILL(RUE WINSTON),47.64408,-2.77116,Plein jour,En agglomération,Hors intersection,Normale,Deux véhicules - côté,,,,,,,,,,,1,2,1,1.0,3
201400029941,0014-04-25 01:10:00,14,4,25,1,10,560,260,PAIX(BLD DE LA) 41 A 109,47.66089,-2.75448,Nuit avec éclairage allumé,En agglomération,Hors intersection,Pluie légère,Deux véhicules - frontale,,,,,,,,,,,5,2,1,2.0,1
201400029942,0014-04-30 17:45:00,14,4,30,17,45,560,260,REPUBLIQUE(PLACE DE LA),47.65627,-2.75968,Plein jour,En agglomération,Intersection en X,Normale,Autre collision,,,,,,,,,,,1,2,2,1.0,6
201400029943,0014-05-27 13:55:00,14,5,27,13,55,560,260,KERLANN(GIRATOIRE DE),47.66018,-2.79052,Plein jour,En agglomération,Intersection en X,Normale,Autre collision,,,,,,,,,,,1,2,2,1.0,6
201400029944,0014-05-30 16:35:00,14,5,30,16,35,560,260,THIERS(RUE),47.6537,-2.75945,Plein jour,En agglomération,Hors intersection,Normale,Autre collision,,,,,,,,,,,1,2,1,1.0,6
201400029945,0014-06-03 17:20:00,14,6,3,17,20,560,260,"65, HERRIOT(AVENUE EDOUA",47.73966,-3.37992,Plein jour,En agglomération,Hors intersection,Normale,Deux véhicules - arrière,,,,,,,,,,,1,2,1,1.0,2
201400029946,0014-03-14 18:00:00,14,3,14,18,0,560,260,SAINT-LEONARD(RUE),47.65109,-2.70559,Plein jour,En agglomération,Intersection en T,Temps couvert,Deux véhicules - côté,,,,,,,,,,,1,2,3,8.0,3
201400029947,0014-04-29 18:30:00,14,4,29,18,30,560,260,IRIS(ALLEE DES),47.67534,-2.7645,Plein jour,En agglomération,Hors intersection,Temps couvert,Autre collision,,,,,,,,,,,1,2,1,8.0,6
201400029948,0014-05-09 15:45:00,14,5,9,15,45,560,260,"37, THIERS(RUE)",47.65774,-2.75989,Plein jour,En agglomération,Intersection en T,Normale,Autre collision,,,,,,,,,,,1,2,3,1.0,6
201400029949,0014-05-17 10:30:00,14,5,17,10,30,560,260,CLISCOUET(GIRATOIRE),47.63989,-2.76947,Plein jour,En agglomération,Giratoire,Normale,Deux véhicules - côté,,,,,,,,,,,1,2,6,1.0,3
201400029950,0014-06-11 12:48:00,14,6,11,12,48,560,260,"., PAIX(BLD DE LA) 111 A",47.65948,-2.75035,Plein jour,En agglomération,Intersection en T,Normale,Autre collision,,,,,,,,,,,1,2,3,1.0,6
201400029951,0014-06-21 00:01:00,14,6,21,0,1,560,260,"1, PONTIVY(BOULEVARD DE)",47.674,-2.77424,Nuit avec éclairage allumé,En agglomération,Hors intersection,Normale,Deux véhicules - frontale,,,,,,,,,,,5,2,1,1.0,1
201400029952,0014-06-24 08:43:00,14,6,24,8,43,560,260,RN 165 -SENS NANTES / LO,,,Plein jour,En agglomération,Hors intersection,Normale,Trois véhicules et plus - en chaîne,,,,,,,,,,,1,2,1,1.0,4
201400029953,0014-07-05 11:45:00,14,7,5,11,45,560,260,"., MARNE(AVENUE DE LA) M",47.65921,-2.77477,Plein jour,En agglomération,Autre intersection,Normale,Deux véhicules - côté,,,,,,,,,,,1,2,9,1.0,3
201400029954,0014-08-22 04:00:00,14,8,22,4,0,560,260,"., VERDUN(AVENUE DE)",47.6671,-2.73545,Nuit avec éclairage allumé,En agglomération,Intersection en X,Normale,Deux véhicules - côté,,,,,,,,,,,5,2,2,1.0,3
201400029955,0014-09-07 02:33:00,14,9,7,2,33,560,260,"01, SAINT-SYMPHORIEN(AVE",47.66129,-2.75474,Nuit avec éclairage allumé,En agglomération,Hors intersection,Normale,Autre collision,,,,,,,,,,,5,2,1,1.0,6
201400029956,0014-09-05 16:31:00,14,9,5,16,31,560,260,"., PAIX(BLD DE LA) 111 A",47.66138,-2.75708,Plein jour,En agglomération,Intersection en X,Normale,Deux véhicules - côté,,,,,,,,,,,1,2,2,1.0,3
201400029957,0014-09-23 15:35:00,14,9,23,15,35,560,260,"26, ROUILLE(RUE VINCENT)",47.6567,-2.76609,Plein jour,En agglomération,Autre intersection,Normale,Autre collision,,,,,,,,,,,1,2,9,1.0,6
201400029958,0014-12-17 21:00:00,14,12,17,21,0,560,260,VERDUN(AVENUE DE),47.66715,-2.73548,Nuit avec éclairage allumé,En agglomération,Autre intersection,Normale,Deux véhicules - arrière,,,,,,,,,,,5,2,9,1.0,2
201400029959,0014-01-03 20:10:00,14,1,3,20,10,560,260,HUGO(AVENUE VICTOR) 33 A,47.66118,-2.75729,Nuit avec éclairage allumé,En agglomération,Hors intersection,Temps couvert,Autre collision,,,,,,,,,,,5,2,1,8.0,6
201400029960,0014-01-22 13:35:00,14,1,22,13,35,560,260,MARNE(AVENUE DE LA) MAC,47.65986,-2.79187,Plein jour,En agglomération,Hors intersection,Normale,Deux véhicules - côté,,,,,,,,,,,1,2,1,1.0,3
201400029961,0014-01-23 15:31:00,14,1,23,15,31,560,260,"30, HOCHE(RUE)",47.65873,-2.76269,Plein jour,En agglomération,Hors intersection,Normale,Autre collision,,,,,,,,,,,1,2,1,1.0,6
201400029962,0014-02-20 19:10:00,14,2,20,19,10,560,260,BERGER(RUE DU),47.65487,-2.78819,Nuit avec éclairage allumé,En agglomération,Intersection en X,Normale,Deux véhicules - côté,,,,,,,,,,,5,2,2,1.0,3
201400029963,0014-04-16 08:56:00,14,4,16,8,56,560,260,JOUBAUD(RUE DES 2 FRERES,47.66281,-2.75045,Plein jour,En agglomération,Hors intersection,Normale,Deux véhicules - arrière,,,,,,,,,,,1,2,1,1.0,2
201400029964,0014-07-18 18:15:00,14,7,18,18,15,560,260,"., KERVILER(AVENUE RENE",47.64154,-2.75576,Plein jour,En agglomération,Hors intersection,Normale,Deux véhicules - côté,,,,,,,,,,,1,2,1,1.0,3
201400029965,0014-08-13 13:10:00,14,8,13,13,10,560,260,"26, CEZANNE(AVENUE PAUL)",47.67639,-2.77284,Plein jour,En agglomération,Intersection en X,Normale,Deux véhicules - côté,,,,,,,,,,,1,2,2,1.0,3
201400029966,0014-10-21 14:10:00,14,10,21,14,10,560,260,"., POMPIDOU(GIRATOIRE)",47.66588,-2.77061,Plein jour,En agglomération,Hors intersection,Normale,Autre collision,,,,,,,,,,,1,2,1,1.0,6
201400029967,0014-11-10 10:45:00,14,11,10,10,45,560,260,"16 TER, DECKER(RUE FRANC",47.65846,-2.75509,Plein jour,En agglomération,Autre intersection,Normale,Autre collision,,,,,,,,,,,1,2,9,1.0,6
201400029968,0014-11-22 10:35:00,14,11,22,10,35,560,260,"4, SERVEL(RUE PIERRE)",47.64634,-2.76344,Plein jour,En agglomération,Hors intersection,Temps couvert,Deux véhicules - côté,,,,,,,,,,,1,2,1,8.0,3
201400029969,0014-12-19 15:30:00,14,12,19,15,30,560,260,RN 165 -SENS NANTES / LO,,,Plein jour,Hors agglomération,Hors intersection,Pluie légère,Deux véhicules - arrière,,,,,,,,,,,1,1,1,2.0,2
201400029970,0014-12-14 17:55:00,14,12,14,17,55,560,260,RESISTANCE(BLD DE LA) DD,47.64206,-2.77565,Nuit avec éclairage allumé,En agglomération,Intersection en T,Normale,Autre collision,,,,,,,,,,,5,2,3,1.0,6
201400029971,0014-12-29 10:40:00,14,12,29,10,40,560,260,LE BRAZ(RUE ANATOLE),47.65939,-2.74683,Plein jour,En agglomération,Hors intersection,Temps éblouissant,Autre collision,,,,,,,,,,,1,2,1,7.0,6
201400029972,0014-01-01 22:00:00,14,1,1,22,0,490,139,,47.49663,-0.26648,Nuit sans éclairage public,Hors agglomération,Hors intersection,Pluie légère,Deux véhicules - frontale,,,,,,,,,,,3,1,1,2.0,1
201400029973,0014-02-27 08:00:00,14,2,27,8,0,490,209,,47.61699,-0.19483,Crépuscule ou aube,Hors agglomération,Hors intersection,Pluie forte,Deux véhicules - frontale,,,,,,,,,,,2,1,1,3.0,1
201400029974,0014-05-14 11:45:00,14,5,14,11,45,330,291,,,,Plein jour,Hors agglomération,Hors intersection,Normale,Deux véhicules - frontale,,,,,,,,,,,1,1,1,1.0,1
201400029975,0014-03-15 10:45:00,14,3,15,10,45,330,327,RD 1113 PR 42+350,,,Plein jour,En agglomération,Hors intersection,Normale,Deux véhicules - frontale,,,,,,,,,,,1,2,1,1.0,1
201400029976,0014-07-14 07:30:00,14,7,14,7,30,330,337,AVENUE DE LA LIBERTE,,,Crépuscule ou aube,En agglomération,Hors intersection,Normale,Autre collision,,,,,,,,,,,2,2,1,1.0,6
201400029977,0014-07-29 20:30:00,14,7,29,20,30,330,355,,,,Plein jour,Hors agglomération,Hors intersection,Normale,Deux véhicules - frontale,,,,,,,,,,,1,1,1,1.0,1
201400029978,0014-12-21 18:45:00,14,12,21,18,45,330,30,,,,Nuit sans éclairage public,Hors agglomération,Hors intersection,Normale,Trois véhicules et plus - collisions multiples,,,,,,,,,,,3,1,1,1.0,5
201400029979,0014-01-18 23:30:00,14,1,18,23,30,570,638,ANEMONES(RUE DES),49.20841,6.9282,Nuit avec éclairage allumé,En agglomération,Intersection en T,Normale,Deux véhicules - côté,,,,,,,,,,,5,2,3,1.0,3
201400029980,0014-04-04 22:45:00,14,4,4,22,45,570,227,"39, NATIONALE (RUE)DU C.",,,Nuit avec éclairage allumé,En agglomération,Hors intersection,Normale,Autre collision,,,,,,,,,,,5,2,1,1.0,6
201400029981,0014-03-20 16:30:00,14,3,20,16,30,570,660,NATIONALE(RUE)R.SCHOENEC,,,Plein jour,En agglomération,Hors intersection,Normale,Deux véhicules - côté,,,,,,,,,,,1,2,1,1.0,3
201400029982,0014-05-12 12:43:00,14,5,12,12,43,570,227,"1A, GARDES (RUE DES)",49.19478,6.89288,Plein jour,En agglomération,Intersection en X,Normale,Deux véhicules - côté,,,,,,,,,,,1,2,2,1.0,3
201400029983,0014-06-06 17:08:00,14,6,6,17,8,570,227,"1, SCHOENECK(RUE DE )",49.19198,6.90396,Plein jour,En agglomération,Hors intersection,Normale,Autre collision,,,,,,,,,,,1,2,1,1.0,6
201400029984,0014-07-10 16:12:00,14,7,10,16,12,570,227,"1, MERLEBACH (GIRATOIRE)",,,Plein jour,En agglomération,Giratoire,Normale,Deux véhicules - arrière,,,,,,,,,,,1,2,6,1.0,2
201400029985,0014-09-25 20:43:00,14,9,25,20,43,570,227,"10, SPICHEREN(AVENUE DE)",49.18665,6.9025,Nuit avec éclairage allumé,En agglomération,Intersection en X,Normale,Deux véhicules - arrière,,,,,,,,,,,5,2,2,1.0,2
201400029986,0014-09-22 08:20:00,14,9,22,8,20,570,660,"0, KIND (RUE DE L'INGENI",49.20275,6.93125,Plein jour,En agglomération,Hors intersection,Normale,Autre collision,,,,,,,,,,,1,2,1,1.0,6
201400029987,0014-10-31 14:58:00,14,10,31,14,58,570,227,ST REMY(AV.)R.DE LA CHAP,,,Plein jour,En agglomération,Hors intersection,Normale,Autre collision,,,,,,,,,,,1,2,1,1.0,6
201400029988,0014-11-30 13:50:00,14,11,30,13,50,570,227,"56, LECLERC (AVENUE MARE",49.18805,6.91766,Plein jour,En agglomération,Intersection en X,Normale,Deux véhicules - côté,,,,,,,,,,,1,2,2,1.0,3
201400029989,0014-12-18 17:30:00,14,12,18,17,30,570,660,"271, BURGER (RUE JEAN )",49.2014,6.93315,Nuit avec éclairage allumé,En agglomération,Intersection en X,Pluie légère,Deux véhicules - côté,,,,,,,,,,,5,2,2,2.0,3
201400029990,0014-01-01 00:30:00,14,1,1,0,30,570,240,"14, KLOSTER (RUE EUGENE)",49.14859,6.81777,Nuit avec éclairage allumé,En agglomération,Hors intersection,Normale,Autre collision,,,,,,,,,,,5,2,1,1.0,6
201400029991,0014-01-20 15:50:00,14,1,20,15,50,570,240,CD 26,49.15199,6.78984,Crépuscule ou aube,Hors agglomération,Hors intersection,Pluie légère,Autre collision,,,,,,,,,,,2,1,1,2.0,6
201400029992,0014-02-25 11:45:00,14,2,25,11,45,570,240,"07, REPUBLIQUE (AVENUE D",49.14275,6.79906,Plein jour,En agglomération,Hors intersection,Normale,Autre collision,,,,,,,,,,,1,2,1,1.0,6
201400029993,0014-03-02 16:35:00,14,3,2,16,35,570,240,CD 26,49.14908,6.79657,Plein jour,En agglomération,Intersection en Y,Normale,Deux véhicules - arrière,,,,,,,,,,,1,2,4,1.0,2
201400029994,0014-04-01 13:30:00,14,4,1,13,30,570,240,CD 26,49.14611,6.80808,Plein jour,En agglomération,Intersection en T,Normale,Autre collision,,,,,,,,,,,1,2,3,1.0,6
201400029995,0014-04-17 08:35:00,14,4,17,8,35,570,240,FORBACH (RUE DE),,,Plein jour,En agglomération,Hors intersection,Normale,Autre collision,,,,,,,,,,,1,2,1,1.0,6
201400029996,0014-05-12 08:55:00,14,5,12,8,55,570,240,KLOSTER (RUE EUGENE),49.14834,6.81727,Plein jour,En agglomération,Hors intersection,Normale,Autre collision,,,,,,,,,,,1,2,1,1.0,6
201400029997,0014-09-18 07:00:00,14,9,18,7,0,570,240,CD 26,,,Crépuscule ou aube,Hors agglomération,Intersection en T,Pluie légère,Sans collision,,,,,,,,,,,2,1,3,2.0,7
201400029998,0014-08-17 20:00:00,14,8,17,20,0,570,240,"1, KLOSTER (RUE EUGENE)",49.14838,6.81857,Plein jour,En agglomération,Intersection en X,Normale,Deux véhicules - côté,,,,,,,,,,,1,2,2,1.0,3
201400029999,0014-11-14 07:25:00,14,11,14,7,25,570,240,"1, ARDENNES (RUE DES)",49.15449,6.80511,Plein jour,En agglomération,Hors intersection,Normale,Autre collision,,,,,,,,,,,1,2,1,1.0,6
201400030000,0014-01-24 13:15:00,14,1,24,13,15,570,283,"39, METZ (RUE DE)",49.25252,6.16948,Plein jour,En agglomération,Hors intersection,Normale,Deux véhicules - côté,,,,,,,,,,,1,2,1,1.0,3
201400030001,0014-01-28 12:14:00,14,1,28,12,14,570,143,"1, COMMERCE",49.22989,6.01764,Plein jour,En agglomération,Hors intersection,Pluie légère,Deux véhicules - côté,,,,,,,,,,,1,2,1,2.0,3
201400030002,0014-02-04 17:50:00,14,2,4,17,50,570,491,"12, THOREZ (AVENUE MAURI",49.25218,6.04483,Nuit avec éclairage allumé,En agglomération,Hors intersection,Normale,Autre collision,,,,,,,,,,,5,2,1,1.0,6
201400030003,0014-08-03 01:20:00,14,8,3,1,20,570,19,CD8,,,Nuit sans éclairage public,Hors agglomération,Hors intersection,Temps couvert,Sans collision,,,,,,,,,,,3,1,1,8.0,7