accident_id,datetime,annee,mois,jour,heure,minute,departement,commune_insee,adresse,latitude,longitude,luminosite,agglomeration,intersection,meteo,collision,nb_vehicules,nb_usagers,nb_indemnes,nb_tues,nb_blesses_hosp,nb_blesses_legers,age_cond_1,age_cond_2,veh_type_cond_1,veh_type_cond_2,lum_code,agg_code,int_code,atm_code,col_code
201400030250,0014-09-12 12:58:00,14,9,12,12,58,580,194,ALBERT 1ER,,,Plein jour,En agglomération,Hors intersection,Normale,Sans collision,,,,,,,,,,,1,2,1,1.0,7
201400030251,0014-09-17 16:45:00,14,9,17,16,45,580,194,ANTONY DUVIVIER,,,Plein jour,En agglomération,Hors intersection,Pluie légère,Sans collision,,,,,,,,,,,1,2,1,2.0,7
201400030252,0014-09-19 17:20:00,14,9,19,17,20,580,194,VICTOR HUGO (BOULEVARD),,,Plein jour,En agglomération,Hors intersection,Normale,Sans collision,,,,,,,,,,,1,2,1,1.0,7
201400030253,0014-09-30 07:30:00,14,9,30,7,30,580,194,"sans, CHAUSSADE",,,Plein jour,En agglomération,Hors intersection,Normale,Sans collision,,,,,,,,,,,1,2,1,1.0,7
201400030254,0014-10-26 20:50:00,14,10,26,20,50,580,194,"1, LOUIS STEVENOT (IMPAS",,,Nuit avec éclairage allumé,En agglomération,Hors intersection,Normale,Sans collision,,,,,,,,,,,5,2,1,1.0,7
201400030255,0014-10-28 14:55:00,14,10,28,14,55,580,194,"sans, COLBERT",,,Plein jour,En agglomération,Hors intersection,Normale,Sans collision,,,,,,,,,,,1,2,1,1.0,7
201400030256,0014-11-05 16:50:00,14,11,5,16,50,580,194,EDUENS (QUAI),,,Plein jour,En agglomération,Hors intersection,Pluie légère,Sans collision,,,,,,,,,,,1,2,1,2.0,7
201400030257,0014-11-21 07:15:00,14,11,21,7,15,580,194,AMIRAL JACQUINOT,,,Crépuscule ou aube,En agglomération,Hors intersection,Normale,Sans collision,,,,,,,,,,,2,2,1,1.0,7
201400030258,0014-11-24 17:50:00,14,11,24,17,50,580,194,PIERRE EMILE GASPARD,,,Crépuscule ou aube,En agglomération,Hors intersection,Normale,Sans collision,,,,,,,,,,,2,2,1,1.0,7
201400030259,0014-11-26 12:10:00,14,11,26,12,10,580,194,PIQUE,,,Plein jour,En agglomération,Hors intersection,Normale,Sans collision,,,,,,,,,,,1,2,1,1.0,7
201400030260,0014-12-09 00:05:00,14,12,9,0,5,580,194,"22BIS, MARECHAL JUIN",,,Nuit avec éclairage allumé,En agglomération,Hors intersection,Normale,Sans collision,,,,,,,,,,,5,2,1,1.0,7
201400030261,0014-01-10 12:10:00,14,1,10,12,10,580,194,MONTE CASSINO (ROND POIN,,,Plein jour,En agglomération,Hors intersection,Normale,Deux véhicules - côté,,,,,,,,,,,1,2,1,1.0,3
201400030262,0014-01-13 17:25:00,14,1,13,17,25,580,194,"sans, GAUTRON DU COUDRAY",,,Crépuscule ou aube,En agglomération,Giratoire,Normale,Deux véhicules - arrière,,,,,,,,,,,2,2,6,1.0,2
201400030263,0014-01-17 15:55:00,14,1,17,15,55,580,194,"sans, HENRI BOUQUILLARD",,,Plein jour,En agglomération,Intersection en T,Normale,Deux véhicules - côté,,,,,,,,,,,1,2,3,1.0,3
201400030264,0014-01-21 10:40:00,14,1,21,10,40,580,194,HAMMAMET,,,Plein jour,En agglomération,Hors intersection,Normale,Deux véhicules - côté,,,,,,,,,,,1,2,1,1.0,3
201400030265,0014-01-31 18:50:00,14,1,31,18,50,580,194,"sans, BANLAY",,,Nuit avec éclairage allumé,En agglomération,Intersection en X,Normale,Deux véhicules - côté,,,,,,,,,,,5,2,2,1.0,3
201400030266,0014-02-03 12:10:00,14,2,3,12,10,580,194,"SANS, SOUVENIR FRANCAIS",,,Plein jour,En agglomération,Intersection en T,Normale,Deux véhicules - côté,,,,,,,,,,,1,2,3,1.0,3
201400030267,0014-02-04 09:50:00,14,2,4,9,50,580,194,MARECHAL DE LATTRE DE TA,,,Plein jour,En agglomération,Hors intersection,Normale,Sans collision,,,,,,,,,,,1,2,1,1.0,7
201400030268,0014-02-08 10:40:00,14,2,8,10,40,580,194,PASSIERE,,,Plein jour,En agglomération,Hors intersection,Temps couvert,Autre collision,,,,,,,,,,,1,2,1,8.0,6
201400030269,0014-02-09 08:35:00,14,2,9,8,35,580,194,"sans, MARZY",,,Plein jour,En agglomération,Intersection en X,Pluie légère,Deux véhicules - côté,,,,,,,,,,,1,2,2,2.0,3
201400030270,0014-02-10 15:45:00,14,2,10,15,45,580,194,"57, VAUZELLES",,,Plein jour,En agglomération,Hors intersection,Pluie légère,Deux véhicules - arrière,,,,,,,,,,,1,2,1,2.0,2
201400030271,0014-02-12 16:50:00,14,2,12,16,50,580,194,"32, SAINT BENIN",,,Plein jour,En agglomération,Hors intersection,Pluie légère,Deux véhicules - frontale,,,,,,,,,,,1,2,1,2.0,1
201400030272,0014-02-12 19:55:00,14,2,12,19,55,580,194,PIERRE DE COUBERTIN,,,Nuit avec éclairage allumé,En agglomération,Hors intersection,Pluie légère,Sans collision,,,,,,,,,,,5,2,1,2.0,7
201400030273,0014-02-14 18:50:00,14,2,14,18,50,580,194,"sans, MADEMOISELLE BOURG",,,Nuit avec éclairage allumé,En agglomération,Intersection en T,Normale,Deux véhicules - côté,,,,,,,,,,,5,2,3,1.0,3
201400030274,0014-02-15 08:20:00,14,2,15,8,20,580,194,"28, VAUZELLES",,,Plein jour,En agglomération,Hors intersection,Normale,Autre collision,,,,,,,,,,,1,2,1,1.0,6
201400030275,0014-02-21 15:40:00,14,2,21,15,40,580,194,"sans, JEAN DESVEAUX",,,Plein jour,En agglomération,Hors intersection,Normale,Autre collision,,,,,,,,,,,1,2,1,1.0,6
201400030276,0014-02-22 11:40:00,14,2,22,11,40,580,194,VAUZELLES,,,Plein jour,En agglomération,Hors intersection,Normale,Deux véhicules - côté,,,,,,,,,,,1,2,1,1.0,3
201400030277,0014-03-05 07:50:00,14,3,5,7,50,580,194,"sans, HENRI BOUQUILLARD",,,Plein jour,En agglomération,Hors intersection,Normale,Autre collision,,,,,,,,,,,1,2,1,1.0,6
201400030278,0014-03-05 10:05:00,14,3,5,10,5,580,194,COLBERT,,,Plein jour,En agglomération,Hors intersection,Normale,Sans collision,,,,,,,,,,,1,2,1,1.0,7
201400030279,0014-03-17 10:00:00,14,3,17,10,0,580,194,"SANS, SAINT EXUPERY (BOU",,,Plein jour,En agglomération,Hors intersection,Normale,Sans collision,,,,,,,,,,,1,2,1,1.0,7
201400030280,0014-03-14 12:25:00,14,3,14,12,25,580,194,MARECHAL JUIN,,,Plein jour,En agglomération,Hors intersection,Normale,Deux véhicules - arrière,,,,,,,,,,,1,2,1,1.0,2
201400030281,0014-03-19 11:20:00,14,3,19,11,20,580,194,"24, PAUL BERT",,,Plein jour,En agglomération,Hors intersection,Normale,Autre collision,,,,,,,,,,,1,2,1,1.0,6
201400030282,0014-03-22 00:10:00,14,3,22,0,10,580,194,"sans, MARZY",,,Nuit avec éclairage allumé,En agglomération,Intersection en T,Pluie forte,Deux véhicules - côté,,,,,,,,,,,5,2,3,3.0,3
201400030283,0014-03-19 16:55:00,14,3,19,16,55,580,194,PIERRE MENDES FRANCE (SQ,,,Plein jour,En agglomération,Hors intersection,Normale,Deux véhicules - côté,,,,,,,,,,,1,2,1,1.0,3
201400030284,0014-03-21 18:20:00,14,3,21,18,20,580,194,FERDINAND GAMBON,,,Plein jour,En agglomération,Hors intersection,Normale,Sans collision,,,,,,,,,,,1,2,1,1.0,7
201400030285,0014-03-26 21:20:00,14,3,26,21,20,580,194,FONTAINE D'ARGENT (PLACE,,,Nuit avec éclairage allumé,En agglomération,Hors intersection,Normale,Deux véhicules - côté,,,,,,,,,,,5,2,1,1.0,3
201400030286,0014-03-28 18:00:00,14,3,28,18,0,580,194,"SANS, PIERRE DE COUBERTI",,,Plein jour,En agglomération,Hors intersection,Normale,Autre collision,,,,,,,,,,,1,2,1,1.0,6
201400030287,0014-04-04 17:50:00,14,4,4,17,50,580,194,"sans, GENERAL DE GAULLE",,,Plein jour,En agglomération,Hors intersection,Pluie forte,Autre collision,,,,,,,,,,,1,2,1,3.0,6
201400030288,0014-04-10 11:10:00,14,4,10,11,10,580,194,"42, TREIZIEME DE LIGNE",,,Plein jour,En agglomération,Hors intersection,Normale,Deux véhicules - arrière,,,,,,,,,,,1,2,1,1.0,2
201400030289,0014-04-08 12:00:00,14,4,8,12,0,580,194,MARZY,,,Plein jour,En agglomération,Hors intersection,Normale,Sans collision,,,,,,,,,,,1,2,1,1.0,7
201400030290,0014-04-21 19:40:00,14,4,21,19,40,580,194,"4bis, BARATTE (FAUBOURG)",,,Crépuscule ou aube,En agglomération,Hors intersection,Normale,Deux véhicules - arrière,,,,,,,,,,,2,2,1,1.0,2
201400030291,0014-04-23 12:50:00,14,4,23,12,50,580,194,"sans, BERNARD PALISSY",,,Plein jour,En agglomération,Intersection en T,Normale,Deux véhicules - côté,,,,,,,,,,,1,2,3,1.0,3
201400030292,0014-04-26 13:49:00,14,4,26,13,49,580,194,"sans, GERMINE",,,Plein jour,En agglomération,Hors intersection,Pluie légère,Deux véhicules - frontale,,,,,,,,,,,1,2,1,2.0,1
201400030293,0014-04-22 08:20:00,14,4,22,8,20,580,194,"sans, TREIZIEME DE LIGNE",,,Plein jour,En agglomération,Hors intersection,Normale,Sans collision,,,,,,,,,,,1,2,1,1.0,7
201400030294,0014-04-14 17:20:00,14,4,14,17,20,580,194,"46, MARZY",,,Plein jour,En agglomération,Hors intersection,Normale,Autre collision,,,,,,,,,,,1,2,1,1.0,6
201400030295,0014-05-05 13:55:00,14,5,5,13,55,580,194,"9, PERE DE FOUCAULD",,,Plein jour,En agglomération,Hors intersection,Normale,Deux véhicules - côté,,,,,,,,,,,1,2,1,1.0,3
201400030296,0014-05-09 07:50:00,14,5,9,7,50,580,194,MARECHAL JUIN,,,Plein jour,En agglomération,Hors intersection,Normale,Autre collision,,,,,,,,,,,1,2,1,1.0,6
201400030297,0014-05-09 18:30:00,14,5,9,18,30,580,194,"13, GENERAL DE GAULLE",,,Plein jour,En agglomération,Hors intersection,Normale,Autre collision,,,,,,,,,,,1,2,1,1.0,6
201400030298,0014-04-25 19:30:00,14,4,25,19,30,580,194,"sans, GONZAGUE",,,Plein jour,En agglomération,Intersection en T,Normale,Deux véhicules - côté,,,,,,,,,,,1,2,3,1.0,3
201400030299,0014-05-16 08:55:00,14,5,16,8,55,580,194,SAINT GILDARD,,,Plein jour,En agglomération,Intersection en X,Normale,Autre collision,,,,,,,,,,,1,2,2,1.0,6
201400030300,0014-05-17 17:40:00,14,5,17,17,40,580,194,ANDRE THUILLIER,,,Plein jour,En agglomération,Intersection en T,Normale,Deux véhicules - côté,,,,,,,,,,,1,2,3,1.0,3
201400030301,0014-05-19 07:50:00,14,5,19,7,50,580,194,"49, GENERAL DE GAULLE",,,Plein jour,En agglomération,Hors intersection,Normale,Sans collision,,,,,,,,,,,1,2,1,1.0,7
201400030302,0014-05-08 12:50:00,14,5,8,12,50,580,194,"SANS, EDME LABORDE",,,Plein jour,En agglomération,Hors intersection,Normale,Autre collision,,,,,,,,,,,1,2,1,1.0,6
201400030303,0014-05-20 18:35:00,14,5,20,18,35,580,194,VAUZELLES,,,Plein jour,En agglomération,Hors intersection,Normale,Deux véhicules - côté,,,,,,,,,,,1,2,1,1.0,3
201400030304,0014-05-21 17:50:00,14,5,21,17,50,580,194,BARATTE (FAUBOURG),,,Plein jour,En agglomération,Hors intersection,Normale,Autre collision,,,,,,,,,,,1,2,1,1.0,6
201400030305,0014-05-23 07:50:00,14,5,23,7,50,580,194,"86, MARZY",,,Plein jour,En agglomération,Hors intersection,Temps éblouissant,Trois véhicules et plus - en chaîne,,,,,,,,,,,1,2,1,7.0,4
201400030306,0014-06-06 17:25:00,14,6,6,17,25,580,194,"SANS, BERNARD PALISSY",,,Plein jour,En agglomération,Hors intersection,Normale,Autre collision,,,,,,,,,,,1,2,1,1.0,6
201400030307,0014-06-12 16:05:00,14,6,12,16,5,580,194,"29, MARZY",,,Plein jour,En agglomération,Hors intersection,Normale,Autre collision,,,,,,,,,,,1,2,1,1.0,6
201400030308,0014-06-21 06:00:00,14,6,21,6,0,580,194,"SANS, GRAND PRE DES BORD",,,Crépuscule ou aube,En agglomération,Hors intersection,Normale,Sans collision,,,,,,,,,,,2,2,1,1.0,7
201400030309,0014-06-23 13:35:00,14,6,23,13,35,580,194,FRANCIS GARNIER,,,Plein jour,En agglomération,Hors intersection,Pluie légère,Deux véhicules - côté,,,,,,,,,,,1,2,1,2.0,3
201400030310,0014-06-24 18:40:00,14,6,24,18,40,580,194,"sans, SAINT BENIN",,,Plein jour,En agglomération,Hors intersection,Normale,Sans collision,,,,,,,,,,,1,2,1,1.0,7
201400030311,0014-06-26 07:55:00,14,6,26,7,55,580,194,JACQUES DUCLOS,,,Plein jour,En agglomération,Hors intersection,Normale,Sans collision,,,,,,,,,,,1,2,1,1.0,7
201400030312,0014-06-26 14:25:00,14,6,26,14,25,580,194,"1, REPUBLIQUE (BOULEVARD",,,Plein jour,En agglomération,Hors intersection,Normale,Autre collision,,,,,,,,,,,1,2,1,1.0,6
201400030313,0014-07-01 18:10:00,14,7,1,18,10,580,194,"SANS, LYON (FAUBOURG)",,,Plein jour,En agglomération,Intersection en X,Normale,Deux véhicules - côté,,,,,,,,,,,1,2,2,1.0,3
201400030314,0014-07-03 04:45:00,14,7,3,4,45,580,194,"SANS, BERNARD PALISSY",,,Crépuscule ou aube,En agglomération,Intersection en T,Normale,Deux véhicules - côté,,,,,,,,,,,2,2,3,1.0,3
201400030315,0014-07-10 16:20:00,14,7,10,16,20,580,194,"sans, CHARLES ROY",,,Plein jour,En agglomération,Intersection en X,Normale,Autre collision,,,,,,,,,,,1,2,2,1.0,6
201400030316,0014-07-31 11:10:00,14,7,31,11,10,580,194,"sans, FRANCHET D'ESPEREY",,,Plein jour,En agglomération,Intersection en X,Normale,Deux véhicules - côté,,,,,,,,,,,1,2,2,1.0,3
201400030317,0014-08-02 10:25:00,14,8,2,10,25,580,194,BARATTE (FAUBOURG),,,Plein jour,En agglomération,Hors intersection,Normale,Deux véhicules - frontale,,,,,,,,,,,1,2,1,1.0,1
201400030318,0014-07-26 01:40:00,14,7,26,1,40,580,194,"SANS, MONTOTS",,,Nuit avec éclairage allumé,En agglomération,Intersection en T,Normale,Deux véhicules - arrière,,,,,,,,,,,5,2,3,1.0,2
201400030319,0014-08-19 22:30:00,14,8,19,22,30,580,194,"SANS, MOLIERE",,,Nuit avec éclairage allumé,En agglomération,Intersection en X,Normale,Deux véhicules - côté,,,,,,,,,,,5,2,2,1.0,3
201400030320,0014-08-18 14:30:00,14,8,18,14,30,580,194,TREIZIEME DE LIGNE,,,Plein jour,En agglomération,Hors intersection,Normale,Deux véhicules - côté,,,,,,,,,,,1,2,1,1.0,3
201400030321,0014-08-21 17:35:00,14,8,21,17,35,580,194,MARECHAL JUIN,,,Plein jour,En agglomération,Hors intersection,Normale,Deux véhicules - arrière,,,,,,,,,,,1,2,1,1.0,2
201400030322,0014-08-21 18:55:00,14,8,21,18,55,580,194,MONTOTS,,,Plein jour,En agglomération,Hors intersection,Normale,Deux véhicules - côté,,,,,,,,,,,1,2,1,1.0,3
201400030323,0014-08-23 05:35:00,14,8,23,5,35,580,194,HENRI BOUQUILLARD,,,Crépuscule ou aube,En agglomération,Hors intersection,Normale,Deux véhicules - côté,,,,,,,,,,,2,2,1,1.0,3
201400030324,0014-08-24 20:35:00,14,8,24,20,35,580,194,"SANS, MARZY",,,Plein jour,En agglomération,Intersection en X,Normale,Deux véhicules - côté,,,,,,,,,,,1,2,2,1.0,3
201400030325,0014-08-26 07:45:00,14,8,26,7,45,580,194,COMMANDANT PAUL PIERRE C,,,Plein jour,En agglomération,Hors intersection,Normale,Deux véhicules - côté,,,,,,,,,,,1,2,1,1.0,3
201400030326,0014-09-05 16:30:00,14,9,5,16,30,580,194,"sans, HENRI BOUQUILLARD",,,Plein jour,En agglomération,Hors intersection,Normale,Trois véhicules et plus - en chaîne,,,,,,,,,,,1,2,1,1.0,4
201400030327,0014-09-07 13:00:00,14,9,7,13,0,580,194,FRERES GAYET,,,Plein jour,En agglomération,Hors intersection,Normale,Sans collision,,,,,,,,,,,1,2,1,1.0,7
201400030328,0014-09-09 07:00:00,14,9,9,7,0,580,194,"sans, TREIZIEME DE LIGNE",,,Plein jour,En agglomération,Autre intersection,Normale,Deux véhicules - côté,,,,,,,,,,,1,2,9,1.0,3
201400030329,0014-09-09 11:55:00,14,9,9,11,55,580,194,GRANDS JARDINS,,,Plein jour,En agglomération,Hors intersection,Normale,Deux véhicules - côté,,,,,,,,,,,1,2,1,1.0,3
201400030330,0014-09-11 20:50:00,14,9,11,20,50,580,194,"sans, FRANCIS GARNIER",,,Nuit avec éclairage allumé,En agglomération,Intersection en X,Normale,Deux véhicules - côté,,,,,,,,,,,5,2,2,1.0,3
201400030331,0014-09-23 12:15:00,14,9,23,12,15,580,194,COLBERT,,,Plein jour,En agglomération,Hors intersection,Normale,Deux véhicules - arrière,,,,,,,,,,,1,2,1,1.0,2
201400030332,0014-09-25 17:35:00,14,9,25,17,35,580,194,TREIZIEME DE LIGNE,,,Plein jour,En agglomération,Hors intersection,Normale,Trois véhicules et plus - en chaîne,,,,,,,,,,,1,2,1,1.0,4
201400030333,0014-09-27 15:20:00,14,9,27,15,20,580,194,"sans, GONZAGUE",,,Plein jour,En agglomération,Intersection en X,Normale,Deux véhicules - côté,,,,,,,,,,,1,2,2,1.0,3
201400030334,0014-09-23 12:20:00,14,9,23,12,20,580,194,"sans, BOVET",,,Plein jour,En agglomération,Intersection en T,Normale,Autre collision,,,,,,,,,,,1,2,3,1.0,6
201400030335,0014-09-28 15:10:00,14,9,28,15,10,580,194,"sans, HENRI BOUQUILLARD",,,Plein jour,En agglomération,Hors intersection,Normale,Deux véhicules - arrière,,,,,,,,,,,1,2,1,1.0,2
201400030336,0014-09-29 14:30:00,14,9,29,14,30,580,194,"sans, GEORGES POMPIDOU (",,,Plein jour,En agglomération,Giratoire,Normale,Trois véhicules et plus - en chaîne,,,,,,,,,,,1,2,6,1.0,4
201400030337,0014-09-16 13:25:00,14,9,16,13,25,580,194,JEAN MOULIN,,,Plein jour,En agglomération,Hors intersection,Normale,Autre collision,,,,,,,,,,,1,2,1,1.0,6
201400030338,0014-10-02 16:00:00,14,10,2,16,0,580,194,"sans, GUSTAVE MATHIEU",,,Plein jour,En agglomération,Intersection en T,Normale,Autre collision,,,,,,,,,,,1,2,3,1.0,6
201400030339,0014-10-06 12:40:00,14,10,6,12,40,580,194,ARDENETS,,,Plein jour,En agglomération,Hors intersection,Normale,Sans collision,,,,,,,,,,,1,2,1,1.0,7
201400030340,0014-10-09 01:15:00,14,10,9,1,15,580,194,"45, BARATTE (FAUBOURG)",,,Nuit avec éclairage allumé,En agglomération,Hors intersection,Normale,Autre collision,,,,,,,,,,,5,2,1,1.0,6
201400030341,0014-09-28 19:55:00,14,9,28,19,55,580,194,"30, MARECHAL JUIN",,,Nuit avec éclairage allumé,En agglomération,Hors intersection,Normale,Deux véhicules - arrière,,,,,,,,,,,5,2,1,1.0,2
201400030342,0014-10-16 19:05:00,14,10,16,19,5,580,194,PIERRE DE COUBERTIN,,,Crépuscule ou aube,En agglomération,Hors intersection,Normale,Sans collision,,,,,,,,,,,2,2,1,1.0,7
201400030343,0014-10-28 09:55:00,14,10,28,9,55,580,194,"sans, FAIDHERBE",,,Plein jour,En agglomération,Intersection en X,Normale,Deux véhicules - côté,,,,,,,,,,,1,2,2,1.0,3
201400030344,0014-10-31 13:25:00,14,10,31,13,25,580,194,"68, MADEMOISELLE BOURGEO",,,Plein jour,En agglomération,Hors intersection,Normale,Autre collision,,,,,,,,,,,1,2,1,1.0,6
201400030345,0014-11-04 21:10:00,14,11,4,21,10,580,194,"SANS, GAMBETTA",,,Nuit avec éclairage non allumé,En agglomération,Hors intersection,Pluie légère,Deux véhicules - frontale,,,,,,,,,,,4,2,1,2.0,1
201400030346,0014-11-07 01:15:00,14,11,7,1,15,580,194,"sans, PONT CIZEAU",,,Nuit avec éclairage allumé,En agglomération,Giratoire,Normale,Sans collision,,,,,,,,,,,5,2,6,1.0,7
201400030347,0014-11-09 18:15:00,14,11,9,18,15,580,194,"8, GABRIEL VALETTE",,,Nuit avec éclairage allumé,En agglomération,Hors intersection,Pluie légère,Deux véhicules - côté,,,,,,,,,,,5,2,1,2.0,3
201400030348,0014-11-11 14:25:00,14,11,11,14,25,580,194,COLBERT,,,Plein jour,En agglomération,Hors intersection,Normale,Deux véhicules - arrière,,,,,,,,,,,1,2,1,1.0,2
201400030349,0014-11-13 18:40:00,14,11,13,18,40,580,194,MARECHAL LECLERC,,,Nuit avec éclairage allumé,En agglomération,Intersection en X,Normale,Deux véhicules - côté,,,,,,,,,,,5,2,2,1.0,3
201400030350,0014-11-15 12:20:00,14,11,15,12,20,580,194,"SANS, LYON (FAUBOURG)",,,Plein jour,Hors agglomération,Hors intersection,Normale,Trois véhicules et plus - en chaîne,,,,,,,,,,,1,1,1,1.0,4
201400030351,0014-11-15 17:15:00,14,11,15,17,15,580,194,"sans, COLBERT",,,Nuit avec éclairage allumé,En agglomération,Hors intersection,Pluie forte,Autre collision,,,,,,,,,,,5,2,1,3.0,6
201400030352,0014-11-18 00:40:00,14,11,18,0,40,580,194,GRAND MOUESSE (FAUBOURG),,,Nuit avec éclairage allumé,En agglomération,Hors intersection,Pluie légère,Deux véhicules - côté,,,,,,,,,,,5,2,1,2.0,3
201400030353,0014-11-22 18:50:00,14,11,22,18,50,580,194,"sans, LYON (FAUBOURG)",,,Nuit avec éclairage allumé,En agglomération,Intersection en X,Normale,Deux véhicules - arrière,,,,,,,,,,,5,2,2,1.0,2
201400030354,0014-12-02 08:40:00,14,12,2,8,40,580,194,"9, CHAUSSADE",,,Plein jour,En agglomération,Hors intersection,Pluie légère,Deux véhicules - arrière,,,,,,,,,,,1,2,1,2.0,2
201400030355,0014-12-08 16:00:00,14,12,8,16,0,580,194,"sans, MARECHAL LYAUTEY",,,Plein jour,En agglomération,Intersection en X,Pluie légère,Deux véhicules - côté,,,,,,,,,,,1,2,2,2.0,3
201400030356,0014-12-02 17:45:00,14,12,2,17,45,580,194,"sans, FONTAINE D'ARGENT",,,Nuit avec éclairage allumé,En agglomération,Giratoire,Pluie légère,Deux véhicules - côté,,,,,,,,,,,5,2,6,2.0,3
201400030357,0014-12-11 11:20:00,14,12,11,11,20,580,194,"sans, PISSEROTTE (BOULEV",,,Plein jour,En agglomération,Intersection en X,Normale,Trois véhicules et plus - en chaîne,,,,,,,,,,,1,2,2,1.0,4
201400030358,0014-12-17 16:25:00,14,12,17,16,25,580,194,"SANS, PETIT MOUESSE",,,Plein jour,En agglomération,Intersection en X,Pluie légère,Deux véhicules - côté,,,,,,,,,,,1,2,2,2.0,3
201400030359,0014-12-19 08:20:00,14,12,19,8,20,580,194,"sans, JEAN MOULIN",,,Plein jour,En agglomération,Intersection en T,Pluie légère,Deux véhicules - côté,,,,,,,,,,,1,2,3,2.0,3
201400030360,0014-12-21 17:55:00,14,12,21,17,55,580,194,"sans, COLONEL JEAN PIERR",,,Nuit avec éclairage allumé,En agglomération,Hors intersection,Normale,Autre collision,,,,,,,,,,,5,2,1,1.0,6
201400030361,0014-12-20 17:25:00,14,12,20,17,25,580,194,"sans, COLBERT",,,Nuit avec éclairage allumé,En agglomération,Hors intersection,Pluie légère,Autre collision,,,,,,,,,,,5,2,1,2.0,6
201400030362,0014-12-17 11:55:00,14,12,17,11,55,580,194,JACQUES DUCLOS,,,Plein jour,En agglomération,Intersection en T,Pluie légère,Deux véhicules - côté,,,,,,,,,,,1,2,3,2.0,3
201400030363,0014-09-27 15:15:00,14,9,27,15,15,690,133,,,,Plein jour,Hors agglomération,Hors intersection,Normale,Deux véhicules - frontale,,,,,,,,,,,1,1,1,1.0,1
201400030364,0014-01-16 17:15:00,14,1,16,17,15,950,58,RTE DE CLERMONT,49.1612,2.2856,Plein jour,En agglomération,Hors intersection,Temps couvert,Deux véhicules - arrière,,,,,,,,,,,1,2,1,8.0,2
201400030365,0014-05-21 16:15:00,14,5,21,16,15,950,52,R SAINT ROCH,49.1425,2.2799,Plein jour,En agglomération,Hors intersection,Normale,Deux véhicules - côté,,,,,,,,,,,1,2,1,1.0,3
201400030366,0014-05-24 16:15:00,14,5,24,16,15,600,139,,,,Plein jour,Hors agglomération,Hors intersection,Pluie légère,Deux véhicules - frontale,,,,,,,,,,,1,1,1,2.0,1
201400030367,0014-07-25 12:45:00,14,7,25,12,45,950,58,RD 929,49.1556,2.2922,Plein jour,Hors agglomération,Intersection en X,Normale,Deux véhicules - frontale,,,,,,,,,,,1,1,2,1.0,1
201400030368,0014-01-23 07:00:00,14,1,23,7,0,950,116,RD 924,49.1594,2.3179,Crépuscule ou aube,Hors agglomération,Hors intersection,Normale,Deux véhicules - frontale,,,,,,,,,,,2,1,1,1.0,1
201400030369,0014-03-20 11:45:00,14,3,20,11,45,950,487,AV GASTON VERMEIRE,49.1493,2.2796,Plein jour,En agglomération,Hors intersection,Normale,Autre collision,,,,,,,,,,,1,2,1,1.0,6
201400030370,0014-03-25 08:45:00,14,3,25,8,45,950,116,,49.1595,2.3323,Plein jour,Hors agglomération,Hors intersection,Normale,Autre collision,,,,,,,,,,,1,1,1,1.0,6
201400030371,0014-06-01 18:45:00,14,6,1,18,45,950,487,RD 4,49.1545,2.2599,Plein jour,Hors agglomération,Hors intersection,Normale,Deux véhicules - frontale,,,,,,,,,,,1,1,1,1.0,1
201400030372,0014-06-12 17:30:00,14,6,12,17,30,950,436,RD 301,49.1307,2.2559,Plein jour,Hors agglomération,Hors intersection,Normale,Trois véhicules et plus - en chaîne,,,,,,,,,,,1,1,1,1.0,4
201400030373,0014-08-06 20:15:00,14,8,6,20,15,950,487,RD 301,49.1487,2.2485,Plein jour,Hors agglomération,Hors intersection,Normale,Sans collision,,,,,,,,,,,1,1,1,1.0,7
201400030374,0014-09-18 23:00:00,14,9,18,23,0,950,52,RUE NATIONALE,49.1436,2.2846,Nuit avec éclairage allumé,En agglomération,Hors intersection,Normale,Deux véhicules - frontale,,,,,,,,,,,5,2,1,1.0,1
201400030375,0014-11-05 14:15:00,14,11,5,14,15,950,52,R NATIONALE,49.1434,2.2845,Plein jour,En agglomération,Hors intersection,Normale,Autre collision,,,,,,,,,,,1,2,1,1.0,6
201400030376,0014-12-12 15:45:00,14,12,12,15,45,950,116,RD 924Z,49.1588,2.3147,Plein jour,Hors agglomération,Giratoire,Vent fort / tempête,Sans collision,,,,,,,,,,,1,1,6,6.0,7
201400030377,0014-12-23 07:45:00,14,12,23,7,45,950,52,R SAINT ROCH,49.1431,2.2814,Nuit avec éclairage allumé,En agglomération,Hors intersection,Normale,Deux véhicules - frontale,,,,,,,,,,,5,2,1,1.0,1
201400030378,0014-01-13 15:00:00,14,1,13,15,0,950,313,R DE PONTOISE,49.1089,2.2224,Plein jour,En agglomération,Hors intersection,Temps éblouissant,Autre collision,,,,,,,,,,,1,2,1,7.0,6
201400030379,0014-01-17 15:00:00,14,1,17,15,0,950,313,AV PONIATIOWSKI,49.1193,2.2318,Plein jour,En agglomération,Giratoire,Normale,Deux véhicules - côté,,,,,,,,,,,1,2,6,1.0,3
201400030380,0014-01-25 15:30:00,14,1,25,15,30,950,313,R ABBE BREUIL,49.1149,2.2168,Plein jour,En agglomération,Hors intersection,Normale,Deux véhicules - frontale,,,,,,,,,,,1,2,1,1.0,1
201400030381,0014-01-29 15:30:00,14,1,29,15,30,950,445,R LES COUTUMES,49.1011,2.2754,Plein jour,Hors agglomération,Hors intersection,Normale,Deux véhicules - frontale,,,,,,,,,,,1,1,1,1.0,1