accident_id,datetime,annee,mois,jour,heure,minute,departement,commune_insee,adresse,latitude,longitude,luminosite,agglomeration,intersection,meteo,collision,nb_vehicules,nb_usagers,nb_indemnes,nb_tues,nb_blesses_hosp,nb_blesses_legers,age_cond_1,age_cond_2,veh_type_cond_1,veh_type_cond_2,lum_code,agg_code,int_code,atm_code,col_code
201400030643,0014-01-27 19:10:00,14,1,27,19,10,590,350,DOREZ BARTHELEMY PLACE,,,Nuit avec éclairage allumé,En agglomération,Place,Pluie légère,Autre collision,,,,,,,,,,,5,2,7,2.0,6
201400030644,0014-01-21 21:10:00,14,1,21,21,10,590,350,"799, DUNKERQUE AVENUE",,,Nuit avec éclairage allumé,En agglomération,Intersection en T,Normale,Autre collision,,,,,,,,,,,5,2,3,1.0,6
201400030645,0014-01-16 13:40:00,14,1,16,13,40,590,360,"155, BARBUSSE HENRI RUE",,,Plein jour,En agglomération,Intersection en Y,Pluie légère,Deux véhicules - côté,,,,,,,,,,,1,2,4,2.0,3
201400030646,0014-01-23 12:30:00,14,1,23,12,30,590,368,LECLERC RUE DU MARECHAL,,,Plein jour,En agglomération,Intersection en X,Normale,Deux véhicules - côté,,,,,,,,,,,1,2,2,1.0,3
201400030647,0014-02-09 06:50:00,14,2,9,6,50,590,350,FAUBOURG D'ARRAS RUE,,,Nuit avec éclairage allumé,En agglomération,Intersection en X,Normale,Deux véhicules - côté,,,,,,,,,,,5,2,2,1.0,3
201400030648,0014-01-26 07:35:00,14,1,26,7,35,590,350,BATELIERS RUE DES,,,Crépuscule ou aube,En agglomération,Intersection en X,Normale,Deux véhicules - côté,,,,,,,,,,,2,2,2,1.0,3
201400030649,0014-02-08 20:20:00,14,2,8,20,20,590,350,LEGRAND PIERRE RUE,,,Nuit avec éclairage allumé,En agglomération,Intersection en X,Normale,Deux véhicules - frontale,,,,,,,,,,,5,2,2,1.0,1
201400030650,0014-01-30 19:35:00,14,1,30,19,35,590,350,"119, VOLTAIRE RUE",,,Nuit avec éclairage allumé,En agglomération,Hors intersection,Normale,Autre collision,,,,,,,,,,,5,2,1,1.0,6
201400030651,0014-01-21 07:50:00,14,1,21,7,50,590,350,DUNKERQUE AVENUE,,,Crépuscule ou aube,En agglomération,Intersection en T,Brouillard / fumée,Autre collision,,,,,,,,,,,2,2,3,5.0,6
201400030652,0014-02-10 15:10:00,14,2,10,15,10,590,350,"186, GAMBETTA LEON RUE",,,Plein jour,En agglomération,Intersection en T,Normale,Autre collision,,,,,,,,,,,1,2,3,1.0,6
201400030653,0014-01-31 11:30:00,14,1,31,11,30,590,350,REPUBLIQUE PLACE DE LA,,,Plein jour,En agglomération,Intersection en X,Normale,Autre collision,,,,,,,,,,,1,2,2,1.0,6
201400030654,0014-01-24 10:30:00,14,1,24,10,30,590,350,FAUBOURG DE ROUBAIX RUE,50.6421,3.09261,Plein jour,En agglomération,Intersection en X,Normale,Autre collision,,,,,,,,,,,1,2,2,1.0,6
201400030655,0014-02-08 09:05:00,14,2,8,9,5,590,350,"75, VAUBAN BOULEVARD N?",,,Plein jour,En agglomération,Intersection en X,Temps couvert,Deux véhicules - côté,,,,,,,,,,,1,2,2,8.0,3
201400030656,0014-02-03 16:25:00,14,2,3,16,25,590,350,LAMBRET OSCAR CENTRE,,,Plein jour,En agglomération,Intersection en Y,Normale,Deux véhicules - côté,,,,,,,,,,,1,2,4,1.0,3
201400030657,0014-02-12 12:30:00,14,2,12,12,30,590,9,ROUX RUE DU DOCTEUR,,,Plein jour,En agglomération,Hors intersection,Normale,Autre collision,,,,,,,,,,,1,2,1,1.0,6
201400030658,0014-01-19 20:50:00,14,1,19,20,50,590,368,"267, REPUBLIQUE AVENUE D",,,Nuit avec éclairage allumé,En agglomération,Intersection en X,Normale,Autre collision,,,,,,,,,,,5,2,2,1.0,6
201400030659,0014-02-08 23:40:00,14,2,8,23,40,590,350,BARRE RUE DE LA,,,Nuit avec éclairage allumé,En agglomération,Intersection à plus de 4 branches,Pluie légère,Autre collision,,,,,,,,,,,5,2,5,2.0,6
201400030660,0014-01-28 13:20:00,14,1,28,13,20,590,328,LECLERC AVENUE DU MARECH,,,Plein jour,En agglomération,Intersection en X,Pluie légère,Autre collision,,,,,,,,,,,1,2,2,2.0,6
201400030661,0014-02-12 10:30:00,14,2,12,10,30,590,350,CHATEAU D'ISENGHEIN RUE,,,Plein jour,En agglomération,Intersection en X,Temps éblouissant,Deux véhicules - côté,,,,,,,,,,,1,2,2,7.0,3
201400030662,0014-02-11 17:25:00,14,2,11,17,25,590,350,"71, LIBERTE BOULEVARD DE",,,Crépuscule ou aube,En agglomération,Intersection en X,Temps couvert,Autre collision,,,,,,,,,,,2,2,2,8.0,6
201400030663,0014-02-19 16:00:00,14,2,19,16,0,590,220,ARBRISSEAU RUE DE L   N?,,,Plein jour,En agglomération,Hors intersection,Temps éblouissant,Deux véhicules - frontale,,,,,,,,,,,1,2,1,7.0,1
201400030664,0014-02-13 19:40:00,14,2,13,19,40,590,378,"390, REPUBLIQUE AV DE LA",,,Nuit avec éclairage allumé,En agglomération,Intersection à plus de 4 branches,Normale,Autre collision,,,,,,,,,,,5,2,5,1.0,6
201400030665,0014-02-19 17:05:00,14,2,19,17,5,590,350,"6, BIGO DANEL BOULEVARD",,,Plein jour,En agglomération,Hors intersection,Normale,Deux véhicules - côté,,,,,,,,,,,1,2,1,1.0,3
201400030666,0014-02-16 20:50:00,14,2,16,20,50,590,350,LEROUX DE FAUQUEMONT PLA,,,Nuit avec éclairage allumé,En agglomération,Intersection en X,Normale,Autre collision,,,,,,,,,,,5,2,2,1.0,6
201400030667,0014-02-21 00:15:00,14,2,21,0,15,590,350,ERFURT PONT,,,Nuit avec éclairage non allumé,En agglomération,Intersection en X,Pluie légère,Deux véhicules - côté,,,,,,,,,,,4,2,2,2.0,3
201400030668,0014-02-24 15:10:00,14,2,24,15,10,590,350,"75, PEUPLE BELGE AVENUE",50.64739,3.06071,Plein jour,En agglomération,Intersection en X,Temps couvert,Autre collision,,,,,,,,,,,1,2,2,8.0,6
201400030669,0014-02-22 21:00:00,14,2,22,21,0,590,457,COEULLERIE CHEMIN DE LA,50.67177,2.95571,Nuit avec éclairage allumé,Hors agglomération,Hors intersection,Normale,Autre collision,,,,,,,,,,,5,1,1,1.0,6
201400030670,0014-02-19 12:05:00,14,2,19,12,5,590,9,"22, PASTEUR RUE",,,Plein jour,En agglomération,Autre intersection,Normale,Sans collision,,,,,,,,,,,1,2,9,1.0,7
201400030671,0014-02-19 13:00:00,14,2,19,13,0,590,328,"67, DELECAUX HENRI AVENU",50.64461,3.03194,Plein jour,En agglomération,Hors intersection,Normale,Deux véhicules - arrière,,,,,,,,,,,1,2,1,1.0,2
201400030672,0014-02-22 06:30:00,14,2,22,6,30,590,350,"0, SOLFERINO RUE N?1 - 1",,,Nuit avec éclairage allumé,En agglomération,Hors intersection,Normale,Autre collision,,,,,,,,,,,5,2,1,1.0,6
201400030673,0014-02-05 21:40:00,14,2,5,21,40,590,350,LANNOY RUE DE,,,Nuit avec éclairage allumé,En agglomération,Intersection en X,Normale,Deux véhicules - côté,,,,,,,,,,,5,2,2,1.0,3
201400030674,0014-02-28 15:00:00,14,2,28,15,0,590,350,DUTHOIT EUGENE BOULEVARD,,,Plein jour,En agglomération,Giratoire,Pluie légère,Autre collision,,,,,,,,,,,1,2,6,2.0,6
201400030675,0014-02-25 19:05:00,14,2,25,19,5,590,9,DE VALMY PLACE,,,Nuit avec éclairage allumé,En agglomération,Giratoire,Normale,Autre collision,,,,,,,,,,,5,2,6,1.0,6
201400030676,0014-03-09 18:45:00,14,3,9,18,45,590,350,MERMOZ RUE,,,Crépuscule ou aube,En agglomération,Intersection en T,Normale,Deux véhicules - côté,,,,,,,,,,,2,2,3,1.0,3
201400030677,0014-03-04 13:40:00,14,3,4,13,40,590,350,LIBERTE BOULEVARD DE LA,,,Plein jour,En agglomération,Intersection en X,Normale,Deux véhicules - côté,,,,,,,,,,,1,2,2,1.0,3
201400030678,0014-03-02 10:05:00,14,3,2,10,5,590,350,"299 bis, FAUBOURG D'ARRA",,,Plein jour,En agglomération,Intersection en T,Normale,Autre collision,,,,,,,,,,,1,2,3,1.0,6
201400030679,0014-02-26 12:00:00,14,2,26,12,0,590,286,GAMBETTA LEON RUE,,,Plein jour,En agglomération,Intersection en X,Normale,Autre collision,,,,,,,,,,,1,2,2,1.0,6
201400030680,0014-02-25 18:20:00,14,2,25,18,20,590,328,"286, DUNKERQUE AVENUE DE",,,Crépuscule ou aube,En agglomération,Intersection en X,Pluie forte,Autre collision,,,,,,,,,,,2,2,2,3.0,6
201400030681,0014-03-20 10:10:00,14,3,20,10,10,590,360,"97, FOCH RUE DU MARECHAL",,,Plein jour,En agglomération,Intersection en X,Normale,Autre collision,,,,,,,,,,,1,2,2,1.0,6
201400030682,0014-03-20 07:40:00,14,3,20,7,40,590,470,"19, ROUTE NATIONALE",,,Plein jour,En agglomération,Hors intersection,Normale,Trois véhicules et plus - collisions multiples,,,,,,,,,,,1,2,1,1.0,5
201400030683,0014-03-22 13:45:00,14,3,22,13,45,590,350,MONTEBELLO BOULEVARD N?,,,Plein jour,En agglomération,Autre intersection,Normale,Deux véhicules - côté,,,,,,,,,,,1,2,9,1.0,3
201400030684,0014-03-26 13:55:00,14,3,26,13,55,590,350,BERTEAUX MAURICE RUE,,,Plein jour,En agglomération,Intersection en X,Normale,Deux véhicules - côté,,,,,,,,,,,1,2,2,1.0,3
201400030685,0014-03-23 21:30:00,14,3,23,21,30,590,350,"0, MONTEBELLO BD PAIRS D",,,Nuit avec éclairage allumé,En agglomération,Intersection en X,Normale,Deux véhicules - côté,,,,,,,,,,,5,2,2,1.0,3
201400030686,0014-03-27 14:54:00,14,3,27,14,54,590,350,LEBAS JEAN BAPTISTE BOUL,,,Plein jour,En agglomération,Intersection en T,Normale,Sans collision,,,,,,,,,,,1,2,3,1.0,7
201400030687,0014-04-01 13:55:00,14,4,1,13,55,590,350,CORMONTAIGNE PLACE,,,Plein jour,En agglomération,Hors intersection,Temps éblouissant,Autre collision,,,,,,,,,,,1,2,1,7.0,6
201400030688,0014-03-30 07:00:00,14,3,30,7,0,590,350,"4, CARREL ARMAND RUE",,,Crépuscule ou aube,En agglomération,Intersection en X,Normale,Autre collision,,,,,,,,,,,2,2,2,1.0,6
201400030689,0014-04-03 10:50:00,14,4,3,10,50,590,350,VAUBAN BOULEVARD N? REST,,,Plein jour,En agglomération,Intersection en X,Normale,Deux véhicules - côté,,,,,,,,,,,1,2,2,1.0,3
201400030690,0014-04-03 11:45:00,14,4,3,11,45,590,350,HUGO VICTOR RUE,,,Plein jour,En agglomération,Intersection en X,Normale,Trois véhicules et plus - collisions multiples,,,,,,,,,,,1,2,2,1.0,5
201400030691,0014-04-05 10:45:00,14,4,5,10,45,590,9,FLANDRE AVENUEE DE,,,Plein jour,En agglomération,Intersection en X,Normale,Deux véhicules - côté,,,,,,,,,,,1,2,2,1.0,3
201400030692,0014-04-05 18:37:00,14,4,5,18,37,590,286,"190, CARNOT SADI RUE",,,Plein jour,En agglomération,Autre intersection,Normale,Trois véhicules et plus - collisions multiples,,,,,,,,,,,1,2,9,1.0,5
201400030693,0014-04-01 22:40:00,14,4,1,22,40,590,527,LILLE RUE DE N?2 - 36-31,,,Nuit avec éclairage allumé,En agglomération,Hors intersection,Normale,Deux véhicules - arrière,,,,,,,,,,,5,2,1,1.0,2
201400030694,0014-04-05 21:10:00,14,4,5,21,10,590,636,"1650, COMINES CHEMIN DE",,,Nuit sans éclairage public,En agglomération,Hors intersection,Normale,Sans collision,,,,,,,,,,,3,2,1,1.0,7
201400030695,0014-03-22 01:25:00,14,3,22,1,25,590,350,CARREL ARMAND RUE,,,Nuit avec éclairage allumé,En agglomération,Hors intersection,Normale,Autre collision,,,,,,,,,,,5,2,1,1.0,6
201400030696,0014-04-10 20:30:00,14,4,10,20,30,590,193,"POTIE, rue A.",,,Plein jour,En agglomération,Hors intersection,Normale,Autre collision,,,,,,,,,,,1,2,1,1.0,6
201400030697,0014-04-14 16:35:00,14,4,14,16,35,590,316,"167, JAURES JEAN RUE",,,Plein jour,En agglomération,Hors intersection,Normale,Sans collision,,,,,,,,,,,1,2,1,1.0,7
201400030698,0014-03-29 19:45:00,14,3,29,19,45,590,378,NATIONALE RUE,,,Nuit avec éclairage allumé,En agglomération,Intersection en X,Normale,Deux véhicules - côté,,,,,,,,,,,5,2,2,1.0,3
201400030699,0014-04-01 17:30:00,14,4,1,17,30,590,527,"151, DE LATTRE TASSIGNY.",,,Plein jour,En agglomération,Intersection en T,Normale,Deux véhicules - arrière,,,,,,,,,,,1,2,3,1.0,2
201400030700,0014-04-15 19:15:00,14,4,15,19,15,590,350,TURGOT RUE,,,Plein jour,En agglomération,Intersection en T,Normale,Autre collision,,,,,,,,,,,1,2,3,1.0,6
201400030701,0014-04-25 06:15:00,14,4,25,6,15,590,350,"10, CARREL ARMAND RUE",,,Crépuscule ou aube,En agglomération,Intersection en T,Normale,Deux véhicules - côté,,,,,,,,,,,2,2,3,1.0,3
201400030702,0014-04-17 15:40:00,14,4,17,15,40,590,193,D. 341,,,Plein jour,Hors agglomération,Autre intersection,Normale,Deux véhicules - côté,,,,,,,,,,,1,1,9,1.0,3
201400030703,0014-04-25 23:40:00,14,4,25,23,40,590,350,"0, FENELON RUE",,,Nuit avec éclairage non allumé,En agglomération,Hors intersection,Normale,Deux véhicules - côté,,,,,,,,,,,4,2,1,1.0,3
201400030704,0014-04-17 19:50:00,14,4,17,19,50,590,350,VAUBAN BOULEVARD N? REST,,,Plein jour,En agglomération,Intersection en X,Normale,Deux véhicules - frontale,,,,,,,,,,,1,2,2,1.0,1
201400030705,0014-04-18 21:00:00,14,4,18,21,0,590,9,JAURES JEAN RUE    N?101,,,Nuit avec éclairage allumé,En agglomération,Intersection en X,Normale,Deux véhicules - côté,,,,,,,,,,,5,2,2,1.0,3
201400030706,0014-04-25 10:55:00,14,4,25,10,55,590,360,FOCH RUE DU MARECHAL,,,Plein jour,En agglomération,Intersection en X,Normale,Sans collision,,,,,,,,,,,1,2,2,1.0,7
201400030707,0014-04-30 18:00:00,14,4,30,18,0,590,350,"1, POT RUE LONG",,,Plein jour,En agglomération,Intersection en X,Normale,Autre collision,,,,,,,,,,,1,2,2,1.0,6
201400030708,0014-05-05 18:20:00,14,5,5,18,20,590,328,"0, HIPPODROME AV DE L N?",,,Plein jour,En agglomération,Hors intersection,Normale,Autre collision,,,,,,,,,,,1,2,1,1.0,6
201400030709,0014-05-07 18:55:00,14,5,7,18,55,590,350,"71, SAINT SEBASTIEN RUE",,,Plein jour,En agglomération,Hors intersection,Normale,Sans collision,,,,,,,,,,,1,2,1,1.0,7
201400030710,0014-05-09 11:18:00,14,5,9,11,18,590,360,"8 bis, FOCH RUE DU MAREC",,,Plein jour,En agglomération,Hors intersection,Normale,Deux véhicules - arrière,,,,,,,,,,,1,2,1,1.0,2
201400030711,0014-05-06 14:15:00,14,5,6,14,15,590,350,PARIS RUE N? RESTE,,,Plein jour,En agglomération,Hors intersection,Normale,Autre collision,,,,,,,,,,,1,2,1,1.0,6
201400030712,0014-05-10 12:10:00,14,5,10,12,10,590,560,MARTINSART ROUTE DE,,,Plein jour,Hors agglomération,Autre intersection,Normale,Deux véhicules - frontale,,,,,,,,,,,1,1,9,1.0,1
201400030713,0014-05-07 22:50:00,14,5,7,22,50,590,9,"2, BOIS AVENUE DU PONT D",,,Nuit avec éclairage allumé,En agglomération,Hors intersection,Normale,Autre collision,,,,,,,,,,,5,2,1,1.0,6
201400030714,0014-05-13 14:05:00,14,5,13,14,5,590,350,LIBERTE BVD N?147 A FIN-,,,Plein jour,En agglomération,Hors intersection,Pluie légère,Trois véhicules et plus - collisions multiples,,,,,,,,,,,1,2,1,2.0,5
201400030715,0014-05-05 13:30:00,14,5,5,13,30,590,648,CLEMENCEAU RUE,,,Plein jour,En agglomération,Intersection en X,Normale,Deux véhicules - côté,,,,,,,,,,,1,2,2,1.0,3
201400030716,0014-05-14 10:15:00,14,5,14,10,15,590,350,"01, WAZEMMES RUE DE N?1",,,Plein jour,En agglomération,Intersection en X,Normale,Deux véhicules - côté,,,,,,,,,,,1,2,2,1.0,3
201400030717,0014-05-12 15:50:00,14,5,12,15,50,590,350,"19, LEBAS JEAN BAPTISTE",,,Plein jour,En agglomération,Hors intersection,Normale,Autre collision,,,,,,,,,,,1,2,1,1.0,6
201400030718,0014-05-05 16:05:00,14,5,5,16,5,590,9,"53, BARATTE GASTON RUE",,,Plein jour,En agglomération,Autre intersection,Normale,Sans collision,,,,,,,,,,,1,2,9,1.0,7
201400030719,0014-05-19 19:20:00,14,5,19,19,20,590,527,"197, CARNOT SADI RUE",,,Plein jour,En agglomération,Intersection en T,Normale,Deux véhicules - frontale,,,,,,,,,,,1,2,3,1.0,1
201400030720,0014-05-19 12:25:00,14,5,19,12,25,590,328,GAMBETTA LEON RUE,,,Plein jour,En agglomération,Intersection en X,Normale,Deux véhicules - côté,,,,,,,,,,,1,2,2,1.0,3
201400030721,0014-05-20 18:05:00,14,5,20,18,5,590,378,GUESDE JULES RUE,,,Plein jour,En agglomération,Intersection en T,Normale,Sans collision,,,,,,,,,,,1,2,3,1.0,7
201400030722,0014-05-22 15:10:00,14,5,22,15,10,590,9,"5, TREMIERE RUE",,,Plein jour,En agglomération,Hors intersection,Normale,Sans collision,,,,,,,,,,,1,2,1,1.0,7
201400030723,0014-05-24 14:20:00,14,5,24,14,20,590,470,BLEUE LIEUDIT LA,,,Plein jour,Hors agglomération,Autre intersection,Normale,Sans collision,,,,,,,,,,,1,1,9,1.0,7
201400030724,0014-05-18 04:00:00,14,5,18,4,0,590,328,HIPPODROME AV DE L N?134,,,Nuit avec éclairage allumé,En agglomération,Intersection en X,Normale,Deux véhicules - arrière,,,,,,,,,,,5,2,2,1.0,2
201400030725,0014-05-27 17:55:00,14,5,27,17,55,590,648,"62, CLEMENCEAU RUE",,,Plein jour,En agglomération,Hors intersection,Normale,Deux véhicules - frontale,,,,,,,,,,,1,2,1,1.0,1
201400030726,0014-05-31 04:55:00,14,5,31,4,55,590,350,"NC, BALLON RUE DU",,,Crépuscule ou aube,En agglomération,Intersection en T,Normale,Deux véhicules - côté,,,,,,,,,,,2,2,3,1.0,3
201400030727,0014-05-31 03:30:00,14,5,31,3,30,590,350,"230, ARRAS RUE D",,,Nuit avec éclairage allumé,En agglomération,Hors intersection,Normale,Autre collision,,,,,,,,,,,5,2,1,1.0,6
201400030728,0014-05-23 14:45:00,14,5,23,14,45,590,9,"NC, OUEST BOULEVARD DE L",,,Plein jour,En agglomération,Intersection en X,Normale,Deux véhicules - côté,,,,,,,,,,,1,2,2,1.0,3
201400030729,0014-05-29 20:30:00,14,5,29,20,30,590,350,CHURCHILL WINSTON RUE,,,Plein jour,En agglomération,Intersection en X,Normale,Deux véhicules - côté,,,,,,,,,,,1,2,2,1.0,3
201400030730,0014-05-30 20:20:00,14,5,30,20,20,590,386,"NC, LECLERCQ RUE DU GENE",,,Plein jour,En agglomération,Autre intersection,Normale,Deux véhicules - côté,,,,,,,,,,,1,2,9,1.0,3
201400030731,0014-06-09 18:34:00,14,6,9,18,34,590,356,"0, LILLE RUE DE",,,Plein jour,En agglomération,Hors intersection,Normale,Deux véhicules - frontale,,,,,,,,,,,1,2,1,1.0,1
201400030732,0014-05-30 16:40:00,14,5,30,16,40,590,220,FERRER RUE,,,Plein jour,En agglomération,Hors intersection,Normale,Autre collision,,,,,,,,,,,1,2,1,1.0,6
201400030733,0014-06-02 13:00:00,14,6,2,13,0,590,9,"2, FUSILLES RUE DES DU N",,,Plein jour,En agglomération,Intersection en X,Normale,Trois véhicules et plus - collisions multiples,,,,,,,,,,,1,2,2,1.0,5
201400030734,0014-06-05 08:20:00,14,6,5,8,20,590,378,"65, EGALITE RUE DE L",,,Plein jour,En agglomération,Hors intersection,Normale,Deux véhicules - arrière,,,,,,,,,,,1,2,1,1.0,2
201400030735,0014-06-06 13:45:00,14,6,6,13,45,590,328,"226, HIPPODROME AV DE L",,,Plein jour,En agglomération,Hors intersection,Normale,Trois véhicules et plus - en chaîne,,,,,,,,,,,1,2,1,1.0,4
201400030736,0014-06-07 15:40:00,14,6,7,15,40,590,560,APOLDA RUE D,,,Plein jour,En agglomération,Intersection en X,Normale,Deux véhicules - côté,,,,,,,,,,,1,2,2,1.0,3
201400030737,0014-06-08 12:30:00,14,6,8,12,30,590,350,"NC, MARCHE RUE DU",,,Plein jour,En agglomération,Hors intersection,Normale,Sans collision,,,,,,,,,,,1,2,1,1.0,7
201400030738,0014-06-11 18:55:00,14,6,11,18,55,590,350,NATIONALE RUE N?2 - 178B,,,Plein jour,En agglomération,Hors intersection,Normale,Deux véhicules - côté,,,,,,,,,,,1,2,1,1.0,3
201400030739,0014-06-04 00:01:00,14,6,4,0,1,590,350,DE BETTIGNIES LOUISE PLA,,,Nuit avec éclairage allumé,En agglomération,Intersection en Y,Autre,Autre collision,,,,,,,,,,,5,2,4,9.0,6
201400030740,0014-06-14 11:15:00,14,6,14,11,15,590,350,"148, LIBERTE BVD N?147 A",,,Plein jour,En agglomération,Autre intersection,Normale,Autre collision,,,,,,,,,,,1,2,9,1.0,6
201400030741,0014-06-14 20:35:00,14,6,14,20,35,590,378,MESUREUR GUSTAVE RUE,,,Plein jour,En agglomération,Intersection en Y,Normale,Deux véhicules - frontale,,,,,,,,,,,1,2,4,1.0,1
201400030742,0014-06-14 18:00:00,14,6,14,18,0,590,527,"34, LAMBERSART RUE DE",,,Plein jour,En agglomération,Hors intersection,Normale,Autre collision,,,,,,,,,,,1,2,1,1.0,6
201400030743,0014-06-10 21:05:00,14,6,10,21,5,590,368,"2 TER, HALLENDRE EUGENE",,,Crépuscule ou aube,En agglomération,Hors intersection,Normale,Deux véhicules - frontale,,,,,,,,,,,2,2,1,1.0,1
201400030744,0014-06-04 10:45:00,14,6,4,10,45,590,350,SALENGRO ROGER RUE,,,Plein jour,En agglomération,Autre intersection,Pluie légère,Sans collision,,,,,,,,,,,1,2,9,2.0,7
201400030745,0014-06-10 09:10:00,14,6,10,9,10,590,378,"NC, REPUBLIQUE AV DE LA",,,Plein jour,En agglomération,Intersection en X,Normale,Sans collision,,,,,,,,,,,1,2,2,1.0,7
201400030746,0014-06-17 11:00:00,14,6,17,11,0,590,378,LISFRANC-CROISE LAROCHE,,,Plein jour,En agglomération,Intersection en X,Normale,Autre collision,,,,,,,,,,,1,2,2,1.0,6
201400030747,0014-06-17 16:43:00,14,6,17,16,43,590,457,TUILERIE AVENUE DE LA,,,Plein jour,En agglomération,Hors intersection,Normale,Autre collision,,,,,,,,,,,1,2,1,1.0,6
201400030748,0014-06-17 16:45:00,14,6,17,16,45,590,350,"NC, DOREZ BARTHELEMY PLA",,,Plein jour,En agglomération,Giratoire,Normale,Autre collision,,,,,,,,,,,1,2,6,1.0,6
201400030749,0014-06-17 14:40:00,14,6,17,14,40,590,350,Embranchement RN 356,,,Plein jour,Hors agglomération,Hors intersection,Normale,Autre collision,,,,,,,,,,,1,1,1,1.0,6
201400030750,0014-06-08 02:00:00,14,6,8,2,0,590,356,PERENCHIES ROUTE DE,,,Nuit avec éclairage allumé,En agglomération,Hors intersection,Normale,Deux véhicules - arrière,,,,,,,,,,,5,2,1,1.0,2
201400030751,0014-06-20 10:29:00,14,6,20,10,29,590,350,CARREL ARMAND RUE,,,Plein jour,En agglomération,Hors intersection,Normale,Autre collision,,,,,,,,,,,1,2,1,1.0,6
201400030752,0014-06-22 02:20:00,14,6,22,2,20,590,350,"NC, NEUF RUE PONT",,,Nuit avec éclairage allumé,En agglomération,Hors intersection,Normale,Autre collision,,,,,,,,,,,5,2,1,1.0,6
201400030753,0014-06-16 22:20:00,14,6,16,22,20,590,350,LEFEVRE GEORGES RUE,,,Plein jour,En agglomération,Intersection en X,Normale,Deux véhicules - côté,,,,,,,,,,,1,2,2,1.0,3
201400030754,0014-06-24 13:00:00,14,6,24,13,0,590,9,DOUMER PAUL RUE DU PRESI,,,Plein jour,En agglomération,Hors intersection,Normale,Deux véhicules - côté,,,,,,,,,,,1,2,1,1.0,3
201400030755,0014-06-25 16:00:00,14,6,25,16,0,590,350,SALENGRO ROGER RUE,,,Plein jour,En agglomération,Autre intersection,Normale,Deux véhicules - côté,,,,,,,,,,,1,2,9,1.0,3
201400030756,0014-06-23 08:40:00,14,6,23,8,40,590,350,"NC, BERNOS RUE",,,Plein jour,En agglomération,Intersection en X,Normale,Deux véhicules - côté,,,,,,,,,,,1,2,2,1.0,3
201400030757,0014-06-21 14:55:00,14,6,21,14,55,590,9,"NC, 8 MAI 1945 RUE DU PE",,,Plein jour,En agglomération,Autre intersection,Normale,Deux véhicules - frontale,,,,,,,,,,,1,2,9,1.0,1
201400030758,0014-06-20 00:45:00,14,6,20,0,45,590,350,CAMBRAI RUE DE N?PAIRS,,,Nuit avec éclairage allumé,En agglomération,Hors intersection,Normale,Autre collision,,,,,,,,,,,5,2,1,1.0,6
201400030759,0014-06-28 11:30:00,14,6,28,11,30,590,350,CAMBRAI RUE DE N?PAIRS,,,Plein jour,En agglomération,Intersection en X,Normale,Deux véhicules - côté,,,,,,,,,,,1,2,2,1.0,3
201400030760,0014-06-22 13:30:00,14,6,22,13,30,590,350,"NC, DUNKERQUE AVENUE",,,Plein jour,En agglomération,Hors intersection,Normale,Autre collision,,,,,,,,,,,1,2,1,1.0,6
201400030761,0014-06-28 16:00:00,14,6,28,16,0,590,566,"NC, BOUTILLERIE AVENUE D",,,Plein jour,En agglomération,Hors intersection,Normale,Autre collision,,,,,,,,,,,1,2,1,1.0,6
201400030762,0014-06-27 02:00:00,14,6,27,2,0,590,350,POSTES RUE N? RESTE,,,Nuit avec éclairage allumé,En agglomération,Hors intersection,Normale,Autre collision,,,,,,,,,,,5,2,1,1.0,6
201400030763,0014-06-29 17:50:00,14,6,29,17,50,590,9,"NC, OUEST BOULEVARD DE L",,,Plein jour,En agglomération,Intersection en X,Normale,Deux véhicules - côté,,,,,,,,,,,1,2,2,1.0,3
201400030764,0014-06-27 17:35:00,14,6,27,17,35,590,350,"NC, BRUXELLES RUE DE",,,Plein jour,En agglomération,Intersection en X,Pluie légère,Deux véhicules - côté,,,,,,,,,,,1,2,2,2.0,3
201400030765,0014-06-24 20:00:00,14,6,24,20,0,590,350,"NC, ASIE RUE DE L",,,Crépuscule ou aube,En agglomération,Intersection en X,Normale,Deux véhicules - côté,,,,,,,,,,,2,2,2,1.0,3
201400030766,0014-06-30 23:00:00,14,6,30,23,0,590,636,"180, VOIE D'ACCES ROCADD",,,Nuit sans éclairage public,En agglomération,Hors intersection,Normale,Autre collision,,,,,,,,,,,3,2,1,1.0,6
201400030767,0014-07-07 15:00:00,14,7,7,15,0,590,507,STRASBOURG RUE DE,,,Plein jour,En agglomération,Hors intersection,Normale,Autre collision,,,,,,,,,,,1,2,1,1.0,6
201400030768,0014-07-01 07:35:00,14,7,1,7,35,590,328,"NC, SAUT DU LOUP ROND PO",,,Plein jour,En agglomération,Giratoire,Normale,Deux véhicules - côté,,,,,,,,,,,1,2,6,1.0,3
201400030769,0014-07-02 23:00:00,14,7,2,23,0,590,350,DOREZ BARTHELEMY PLACE,,,Nuit avec éclairage allumé,En agglomération,Autre intersection,Normale,Sans collision,,,,,,,,,,,5,2,9,1.0,7
201400030770,0014-07-02 22:00:00,14,7,2,22,0,590,360,"NC, BARBUSSE HENRI RUE",,,Plein jour,En agglomération,Hors intersection,Normale,Autre collision,,,,,,,,,,,1,2,1,1.0,6
201400030771,0014-07-04 21:10:00,14,7,4,21,10,590,378,"NC, REPUBLIQUE AV DE LA",,,Plein jour,En agglomération,Hors intersection,Normale,Autre collision,,,,,,,,,,,1,2,1,1.0,6
201400030772,0014-07-09 18:25:00,14,7,9,18,25,590,350,"NC, DUNKERQUE AVENUE DE",,,Plein jour,En agglomération,Hors intersection,Pluie légère,Autre collision,,,,,,,,,,,1,2,1,2.0,6