accident_id,datetime,annee,mois,jour,heure,minute,departement,commune_insee,adresse,latitude,longitude,luminosite,agglomeration,intersection,meteo,collision,nb_vehicules,nb_usagers,nb_indemnes,nb_tues,nb_blesses_hosp,nb_blesses_legers,age_cond_1,age_cond_2,veh_type_cond_1,veh_type_cond_2,lum_code,agg_code,int_code,atm_code,col_code
201400031420,0014-06-29 05:30:00,14,6,29,5,30,680,58,,47.9246,7.1962,Crépuscule ou aube,Hors agglomération,Hors intersection,Pluie forte,Autre collision,,,,,,,,,,,2,1,1,3.0,6
201400031421,0014-08-21 10:45:00,14,8,21,10,45,680,112,09 Quartier L?o Lagrange,47.90058,7.21772,Plein jour,En agglomération,Hors intersection,Normale,Sans collision,,,,,,,,,,,1,2,1,1.0,7
201400031422,0014-09-25 16:45:00,14,9,25,16,45,680,112,RUE ALBERT SCHWEITZER,47.91066,7.21186,Plein jour,En agglomération,Hors intersection,Normale,Autre collision,,,,,,,,,,,1,2,1,1.0,6
201400031423,0014-05-28 14:45:00,14,5,28,14,45,680,343,,47.88282,7.30935,Plein jour,Hors agglomération,Hors intersection,Temps éblouissant,Deux véhicules - frontale,,,,,,,,,,,1,1,1,7.0,1
201400031424,0014-07-02 16:30:00,14,7,2,16,30,680,156,,47.9023,7.25425,Plein jour,Hors agglomération,Intersection en T,Normale,Autre collision,,,,,,,,,,,1,1,3,1.0,6
201400031425,0014-07-06 15:45:00,14,7,6,15,45,680,315,16 route de Guebwiller,47.89755,7.22194,Plein jour,En agglomération,Hors intersection,Normale,Deux véhicules - côté,,,,,,,,,,,1,2,1,1.0,3
201400031426,0014-07-28 07:45:00,14,7,28,7,45,680,315,,47.8724,7.24709,Plein jour,Hors agglomération,Giratoire,Normale,Autre collision,,,,,,,,,,,1,1,6,1.0,6
201400031427,0014-08-13 13:45:00,14,8,13,13,45,680,112,all?e des pr?s,47.89786,7.22474,Plein jour,En agglomération,Intersection en Y,Normale,Deux véhicules - frontale,,,,,,,,,,,1,2,4,1.0,1
201400031428,0014-09-10 08:15:00,14,9,10,8,15,680,315,,47.89853,7.23338,Plein jour,Hors agglomération,Hors intersection,Normale,Deux véhicules - arrière,,,,,,,,,,,1,1,1,1.0,2
201400031429,0014-09-22 15:15:00,14,9,22,15,15,680,315,route de GUEBWILLER,47.8964,7.22301,Plein jour,En agglomération,Hors intersection,Normale,Autre collision,,,,,,,,,,,1,2,1,1.0,6
201400031430,0014-09-29 17:30:00,14,9,29,17,30,680,359,,47.82992,7.21824,Plein jour,Hors agglomération,Hors intersection,Normale,Autre collision,,,,,,,,,,,1,1,1,1.0,6
201400031431,0014-10-29 10:30:00,14,10,29,10,30,680,32,,47.83306,7.22348,Plein jour,Hors agglomération,Intersection en T,Normale,Deux véhicules - frontale,,,,,,,,,,,1,1,3,1.0,1
201400031432,0014-03-07 08:00:00,14,3,7,8,0,430,40,HTEUR LE MOULIN DARDELIN,45.2914,3.4053,Plein jour,Hors agglomération,Hors intersection,Normale,Autre collision,,,,,,,,,,,1,1,1,1.0,6
201400031433,0014-03-07 11:45:00,14,3,7,11,45,430,40,18 BOULEVARD DESAIX,45.2939,3.38012,Plein jour,En agglomération,Hors intersection,Normale,Autre collision,,,,,,,,,,,1,2,1,1.0,6
201400031434,0014-04-24 23:15:00,14,4,24,23,15,430,188,,45.1375,3.59879,Nuit sans éclairage public,Hors agglomération,Hors intersection,Normale,Deux véhicules - frontale,,,,,,,,,,,3,1,1,1.0,1
201400031435,0014-07-31 18:45:00,14,7,31,18,45,430,74,RUE DU BREUIL,,,Plein jour,Hors agglomération,Intersection en Y,Normale,Deux véhicules - frontale,,,,,,,,,,,1,1,4,1.0,1
201400031436,0014-08-12 09:30:00,14,8,12,9,30,430,40,RUE DE LA GAZELLE,,,Plein jour,En agglomération,Hors intersection,Normale,Autre collision,,,,,,,,,,,1,2,1,1.0,6
201400031437,0014-01-21 07:45:00,14,1,21,7,45,410,194,194 ROUTE DU 08 MAI,47.361,1.735,Plein jour,En agglomération,Hors intersection,Normale,Autre collision,,,,,,,,,,,1,2,1,1.0,6
201400031438,0014-01-27 18:15:00,14,1,27,18,15,410,194,ROUTE DE GY,47.363,1.713,Nuit avec éclairage allumé,En agglomération,Hors intersection,Normale,Deux véhicules - côté,,,,,,,,,,,5,2,1,1.0,3
201400031439,0014-02-14 05:00:00,14,2,14,5,0,410,185,la goinfrerie,47.374,1.691,Nuit sans éclairage public,Hors agglomération,Hors intersection,Pluie légère,Deux véhicules - frontale,,,,,,,,,,,3,1,1,2.0,1
201400031440,0014-04-29 19:45:00,14,4,29,19,45,410,194,R.J.GUESDES/R papillons,47.356,1.75,Plein jour,En agglomération,Intersection en X,Normale,Deux véhicules - côté,,,,,,,,,,,1,2,2,1.0,3
201400031441,0014-06-27 14:00:00,14,6,27,14,0,410,194,Avenue de Paris,47.374,1.736,Plein jour,En agglomération,Hors intersection,Normale,Trois véhicules et plus - collisions multiples,,,,,,,,,,,1,2,1,1.0,5
201400031442,0014-09-20 17:30:00,14,9,20,17,30,410,157,,47.413,1.614,Plein jour,Hors agglomération,Hors intersection,Temps couvert,Autre collision,,,,,,,,,,,1,1,1,8.0,6
201400031443,0014-09-30 17:45:00,14,9,30,17,45,410,194,216 rue du 8 mai 1945,47.362,1.733,Plein jour,En agglomération,Hors intersection,Normale,Deux véhicules - côté,,,,,,,,,,,1,2,1,1.0,3
201400031444,0014-10-18 14:15:00,14,10,18,14,15,410,140,,47.433,1.76,Plein jour,Hors agglomération,Hors intersection,Normale,Deux véhicules - côté,,,,,,,,,,,1,1,1,1.0,3
201400031445,0014-10-29 13:00:00,14,10,29,13,0,410,194,carrefour St Roch,47.357,1.752,Plein jour,En agglomération,Hors intersection,Normale,Trois véhicules et plus - collisions multiples,,,,,,,,,,,1,2,1,1.0,5
201400031446,0014-12-01 16:15:00,14,12,1,16,15,410,194,lieu dit la noue,47.391,1.741,Plein jour,Hors agglomération,Hors intersection,Pluie légère,Trois véhicules et plus - collisions multiples,,,,,,,,,,,1,1,1,2.0,5
201400031447,0014-12-07 07:45:00,14,12,7,7,45,410,282,,47.36,1.811,Crépuscule ou aube,Hors agglomération,Hors intersection,Brouillard / fumée,Autre collision,,,,,,,,,,,2,1,1,5.0,6
201400031448,0014-01-07 18:45:00,14,1,7,18,45,410,150,RUE NATIONALE,47.562,1.456,Nuit avec éclairage allumé,En agglomération,Hors intersection,Normale,Autre collision,,,,,,,,,,,5,2,1,1.0,6
201400031449,0014-02-14 13:45:00,14,2,14,13,45,410,31,,47.553,1.395,Plein jour,Hors agglomération,Hors intersection,Normale,Sans collision,,,,,,,,,,,1,1,1,1.0,7
201400031450,0014-02-27 15:15:00,14,2,27,15,15,410,50,Route de Romorantin,47.502,1.462,Plein jour,En agglomération,Hors intersection,Neige / grêle,Autre collision,,,,,,,,,,,1,2,1,4.0,6
201400031451,0014-03-24 14:00:00,14,3,24,14,0,410,67,route de bracieux,47.516,1.473,Plein jour,Hors agglomération,Hors intersection,Normale,Sans collision,,,,,,,,,,,1,1,1,1.0,7
201400031452,0014-05-30 17:00:00,14,5,30,17,0,410,25,Rue de la bonn heure,47.55,1.549,Plein jour,En agglomération,Intersection en T,Normale,Deux véhicules - côté,,,,,,,,,,,1,2,3,1.0,3
201400031453,0014-07-10 11:45:00,14,7,10,11,45,410,67,,47.517,1.442,Plein jour,Hors agglomération,Hors intersection,Pluie forte,Trois véhicules et plus - collisions multiples,,,,,,,,,,,1,1,1,3.0,5
201400031454,0014-08-06 15:00:00,14,8,6,15,0,410,148,,47.643,1.426,Plein jour,Hors agglomération,Hors intersection,Pluie forte,Deux véhicules - côté,,,,,,,,,,,1,1,1,3.0,3
201400031455,0014-10-22 17:00:00,14,10,22,17,0,410,150,,47.567,1.44,Plein jour,Hors agglomération,Hors intersection,Normale,Deux véhicules - frontale,,,,,,,,,,,1,1,1,1.0,1
201400031456,0014-02-27 13:40:00,14,2,27,13,40,600,57,"9, CLEMENCEAU (PLACE)",,,Plein jour,En agglomération,Hors intersection,Normale,Autre collision,,,,,,,,,,,1,2,1,1.0,6
201400031457,0014-03-01 22:50:00,14,3,1,22,50,600,57,"39, FAUBOURG SAINT ANDRE",,,Nuit avec éclairage allumé,En agglomération,Hors intersection,Normale,Autre collision,,,,,,,,,,,5,2,1,1.0,6
201400031458,0014-03-20 08:50:00,14,3,20,8,50,600,57,COROT (AVENUE),,,Plein jour,En agglomération,Intersection en X,Normale,Deux véhicules - côté,,,,,,,,,,,1,2,2,1.0,3
201400031459,0014-03-30 00:30:00,14,3,30,0,30,600,57,JEAN MERMOZ (AVENUE),,,Nuit avec éclairage allumé,En agglomération,Hors intersection,Normale,Autre collision,,,,,,,,,,,5,2,1,1.0,6
201400031460,0014-04-16 15:20:00,14,4,16,15,20,600,57,MONTAIGNE (AVENUE),,,Plein jour,En agglomération,Intersection en T,Normale,Autre collision,,,,,,,,,,,1,2,3,1.0,6
201400031461,0014-04-30 21:40:00,14,4,30,21,40,600,57,"1, SAINT ANDRE (BOULEVAR",,,Nuit avec éclairage allumé,En agglomération,Intersection en T,Normale,Autre collision,,,,,,,,,,,5,2,3,1.0,6
201400031462,0014-05-16 21:58:00,14,5,16,21,58,600,57,"1, ALLENDE SALVADOR (AVE",,,Nuit avec éclairage allumé,En agglomération,Hors intersection,Normale,Deux véhicules - côté,,,,,,,,,,,5,2,1,1.0,3
201400031463,0014-05-19 07:50:00,14,5,19,7,50,600,57,ROCADE NORD,,,Plein jour,Hors agglomération,Hors intersection,Normale,Deux véhicules - frontale,,,,,,,,,,,1,1,1,1.0,1
201400031464,0014-05-29 20:15:00,14,5,29,20,15,600,57,"1, BERLIOZ HECTOR (RUE)",,,Crépuscule ou aube,En agglomération,Intersection en X,Normale,Deux véhicules - frontale,,,,,,,,,,,2,2,2,1.0,1
201400031465,0014-05-30 17:20:00,14,5,30,17,20,600,57,"218, av marcel dassault",,,Plein jour,En agglomération,Hors intersection,Normale,Deux véhicules - côté,,,,,,,,,,,1,2,1,1.0,3
201400031466,0014-06-01 06:35:00,14,6,1,6,35,600,57,"1, ROCADE NORD -NOTRE DA",,,Crépuscule ou aube,Hors agglomération,Hors intersection,Normale,Sans collision,,,,,,,,,,,2,1,1,1.0,7
201400031467,0014-06-28 11:52:00,14,6,28,11,52,600,57,"01, CHAMPAGNE (AVENUE DE",,,Plein jour,En agglomération,Giratoire,Normale,Deux véhicules - côté,,,,,,,,,,,1,2,6,1.0,3
201400031468,0014-08-22 18:10:00,14,8,22,18,10,600,57,"19, GUI PATIN (RUE)",,,Plein jour,En agglomération,Hors intersection,Normale,Autre collision,,,,,,,,,,,1,2,1,1.0,6
201400031469,0014-10-14 16:20:00,14,10,14,16,20,600,57,"03, SALVADOR ALLENDE (AV",,,Plein jour,En agglomération,Intersection en X,Normale,Deux véhicules - côté,,,,,,,,,,,1,2,2,1.0,3
201400031470,0014-10-13 07:05:00,14,10,13,7,5,600,57,"77, Jacques GODET",,,Nuit avec éclairage allumé,En agglomération,Hors intersection,Pluie légère,Deux véhicules - côté,,,,,,,,,,,5,2,1,2.0,3
201400031471,0014-12-20 11:35:00,14,12,20,11,35,600,57,"10, DESCARTES (AVENUE)",,,Plein jour,En agglomération,Hors intersection,Normale,Autre collision,,,,,,,,,,,1,2,1,1.0,6
201400031472,0014-12-12 08:00:00,14,12,12,8,0,600,57,"08, GENERAL DE GAULLE (B",,,Crépuscule ou aube,En agglomération,Hors intersection,Normale,Autre collision,,,,,,,,,,,2,2,1,1.0,6
201400031473,0014-12-12 10:25:00,14,12,12,10,25,600,57,"6, TILLOY (RUE DU) > AVE",,,Plein jour,En agglomération,Hors intersection,Pluie légère,Autre collision,,,,,,,,,,,1,2,1,2.0,6
201400031474,0014-12-20 16:00:00,14,12,20,16,0,600,57,"19, LUCIEN LAINE (RUE)",,,Plein jour,En agglomération,Hors intersection,Normale,Autre collision,,,,,,,,,,,1,2,1,1.0,6
201400031475,0014-03-16 16:30:00,14,3,16,16,30,220,311,la maison neuve,48.52482,-2.244,Plein jour,En agglomération,Hors intersection,Normale,Deux véhicules - frontale,,,,,,,,,,,1,2,1,1.0,1
201400031476,0014-04-20 02:30:00,14,4,20,2,30,220,317,COUAVRA,48.42474,-2.25786,Nuit sans éclairage public,Hors agglomération,Hors intersection,Normale,Autre collision,,,,,,,,,,,3,1,1,1.0,6
201400031477,0014-05-11 00:01:00,14,5,11,0,1,220,311,PAS DOSSIER GEO,48.55069,-2.23302,Nuit sans éclairage public,En agglomération,Hors intersection,Normale,Autre collision,,,,,,,,,,,3,2,1,1.0,6
201400031478,0014-07-26 16:15:00,14,7,26,16,15,220,172,,48.53747,-2.22426,Plein jour,Hors agglomération,Intersection en T,Normale,Deux véhicules - côté,,,,,,,,,,,1,1,3,1.0,3
201400031479,0014-09-06 15:30:00,14,9,6,15,30,220,180,les quatre routes,48.4424,-2.2311,Plein jour,Hors agglomération,Intersection en X,Normale,Deux véhicules - côté,,,,,,,,,,,1,1,2,1.0,3
201400031480,0014-09-14 15:45:00,14,9,14,15,45,220,172,,48.53747,-2.22424,Plein jour,Hors agglomération,Intersection en T,Normale,Deux véhicules - côté,,,,,,,,,,,1,1,3,1.0,3
201400031481,0014-09-21 18:00:00,14,9,21,18,0,220,97,la tombe,48.43016,-2.17729,Plein jour,En agglomération,Hors intersection,Normale,Deux véhicules - côté,,,,,,,,,,,1,2,1,1.0,3
201400031482,0014-10-10 13:00:00,14,10,10,13,0,220,49,la Pichardais,48.56409,-2.21303,Plein jour,Hors agglomération,Intersection en X,Normale,Deux véhicules - frontale,,,,,,,,,,,1,1,2,1.0,1
201400031483,0014-11-16 12:15:00,14,11,16,12,15,220,237,5 rue du stade,48.53068,-2.26248,Plein jour,En agglomération,Hors intersection,Normale,Deux véhicules - côté,,,,,,,,,,,1,2,1,1.0,3
201400031484,0014-12-02 16:45:00,14,12,2,16,45,220,172,24 rue du pont,48.52236,-2.23413,Plein jour,En agglomération,Hors intersection,Pluie légère,Autre collision,,,,,,,,,,,1,2,1,2.0,6
201400031485,0014-12-04 10:45:00,14,12,4,10,45,220,311,,48.56547,-2.24181,Plein jour,Hors agglomération,Hors intersection,Normale,Sans collision,,,,,,,,,,,1,1,1,1.0,7
201400031486,0014-12-19 08:30:00,14,12,19,8,30,220,48,rue de l'hotellerie,48.47943,-2.1598,Nuit avec éclairage non allumé,En agglomération,Autre intersection,Pluie forte,Autre collision,,,,,,,,,,,4,2,9,3.0,6
201400031487,0014-01-17 11:00:00,14,1,17,11,0,220,65,,48.61872,-3.0016,Plein jour,Hors agglomération,Hors intersection,Normale,Trois véhicules et plus - collisions multiples,,,,,,,,,,,1,1,1,1.0,5
201400031488,0014-03-10 16:15:00,14,3,10,16,15,220,121,,48.63606,-2.97885,Plein jour,Hors agglomération,Intersection en X,Normale,Deux véhicules - arrière,,,,,,,,,,,1,1,2,1.0,2
201400031489,0014-04-15 08:00:00,14,4,15,8,0,220,38,11 rue du général LECLER,48.54271,-2.97022,Plein jour,En agglomération,Hors intersection,Normale,Autre collision,,,,,,,,,,,1,2,1,1.0,6
201400031490,0014-05-03 20:00:00,14,5,3,20,0,220,177,ld le plessis,48.63273,-2.95448,Plein jour,Hors agglomération,Hors intersection,Normale,Autre collision,,,,,,,,,,,1,1,1,1.0,6
201400031491,0014-05-28 19:30:00,14,5,28,19,30,220,375,,48.62178,-2.97664,Plein jour,Hors agglomération,Hors intersection,Normale,Trois véhicules et plus - collisions multiples,,,,,,,,,,,1,1,1,1.0,5
201400031492,0014-06-06 23:15:00,14,6,6,23,15,220,182,,48.60368,-2.95636,Nuit sans éclairage public,Hors agglomération,Hors intersection,Normale,Deux véhicules - côté,,,,,,,,,,,3,1,1,1.0,3
201400031493,0014-06-06 17:00:00,14,6,6,17,0,220,361,La Ribotée,48.60341,-2.9562,Plein jour,Hors agglomération,Hors intersection,Normale,Trois véhicules et plus - en chaîne,,,,,,,,,,,1,1,1,1.0,4
201400031494,0014-07-18 23:30:00,14,7,18,23,30,220,121,rond point de ponlo,48.6336,-2.97679,Nuit avec éclairage allumé,Hors agglomération,Giratoire,Normale,Deux véhicules - frontale,,,,,,,,,,,5,1,6,1.0,1
201400031495,0014-10-25 15:15:00,14,10,25,15,15,220,356,,48.5683,-2.89912,Plein jour,Hors agglomération,Hors intersection,Normale,Deux véhicules - frontale,,,,,,,,,,,1,1,1,1.0,1
201400031496,0014-11-04 19:00:00,14,11,4,19,0,220,182,le mourvet noir,48.54568,-2.94537,Nuit sans éclairage public,Hors agglomération,Intersection en X,Temps couvert,Deux véhicules - côté,,,,,,,,,,,3,1,2,8.0,3
201400031497,0014-12-17 11:00:00,14,12,17,11,0,220,234,,48.48187,-2.94835,Plein jour,Hors agglomération,Hors intersection,Pluie légère,Deux véhicules - frontale,,,,,,,,,,,1,1,1,2.0,1
201400031498,0014-01-10 07:25:00,14,1,10,7,25,600,159,"8, NOYON (Rond point de)",,,Crépuscule ou aube,En agglomération,Giratoire,Normale,Autre collision,,,,,,,,,,,2,2,6,1.0,6
201400031499,0014-01-27 22:10:00,14,1,27,22,10,600,159,rue du president sorel,,,Nuit avec éclairage allumé,En agglomération,Intersection en X,Normale,Deux véhicules - côté,,,,,,,,,,,5,2,2,1.0,3
201400031500,0014-01-31 19:15:00,14,1,31,19,15,600,159,"142, PARIS (DE)",,,Nuit avec éclairage allumé,En agglomération,Hors intersection,Temps couvert,Autre collision,,,,,,,,,,,5,2,1,8.0,6
201400031501,0014-02-11 15:55:00,14,2,11,15,55,600,159,"154, rue des metiers",,,Plein jour,Hors agglomération,Autre intersection,Pluie légère,Autre collision,,,,,,,,,,,1,1,9,2.0,6
201400031502,0014-02-12 17:20:00,14,2,12,17,20,600,159,,,,Plein jour,En agglomération,Hors intersection,Pluie légère,Deux véhicules - arrière,,,,,,,,,,,1,2,1,2.0,2
201400031503,0014-02-12 22:05:00,14,2,12,22,5,600,159,BOUVINES (DE),,,Nuit avec éclairage allumé,En agglomération,Giratoire,Normale,Autre collision,,,,,,,,,,,5,2,6,1.0,6
201400031504,0014-02-24 12:00:00,14,2,24,12,0,600,159,Rd 1031,,,Plein jour,Hors agglomération,Giratoire,Normale,Deux véhicules - arrière,,,,,,,,,,,1,1,6,1.0,2
201400031505,0014-03-09 11:45:00,14,3,9,11,45,600,665,RN 1031,,,Plein jour,Hors agglomération,Giratoire,Normale,Deux véhicules - côté,,,,,,,,,,,1,1,6,1.0,3
201400031506,0014-04-02 17:45:00,14,4,2,17,45,600,159,EUROPE (AV.DE L'),,,Plein jour,En agglomération,Intersection en T,Normale,Deux véhicules - côté,,,,,,,,,,,1,2,3,1.0,3
201400031507,0014-04-08 16:50:00,14,4,8,16,50,600,159,BAYARD (CLEMENT),,,Plein jour,En agglomération,Hors intersection,Temps éblouissant,Autre collision,,,,,,,,,,,1,2,1,7.0,6
201400031508,0014-04-11 15:05:00,14,4,11,15,5,600,159,"09, CHANGE (RUE DU)",,,Plein jour,En agglomération,Hors intersection,Normale,Sans collision,,,,,,,,,,,1,2,1,1.0,7
201400031509,0014-04-12 15:10:00,14,4,12,15,10,600,665,RN 1031,,,Plein jour,Hors agglomération,Hors intersection,Normale,Trois véhicules et plus - en chaîne,,,,,,,,,,,1,1,1,1.0,4
201400031510,0014-04-19 23:00:00,14,4,19,23,0,600,159,Route Nationale 31,,,Nuit sans éclairage public,Hors agglomération,Hors intersection,Normale,Sans collision,,,,,,,,,,,3,1,1,1.0,7
201400031511,0014-04-23 22:50:00,14,4,23,22,50,600,325,RD 1131,,,Nuit sans éclairage public,En agglomération,Hors intersection,Normale,Autre collision,,,,,,,,,,,3,2,1,1.0,6
201400031512,0014-05-06 09:00:00,14,5,6,9,0,600,159,DELATTRE DE TASSIGNY (AV,,,Plein jour,En agglomération,Place,Pluie légère,Autre collision,,,,,,,,,,,1,2,7,2.0,6
201400031513,0014-05-07 08:20:00,14,5,7,8,20,600,159,ABBAYE (CARREFOUR DE L'),,,Plein jour,En agglomération,Giratoire,Normale,Deux véhicules - arrière,,,,,,,,,,,1,2,6,1.0,2
201400031514,0014-06-07 16:35:00,14,6,7,16,35,600,159,ROYALLIEU (AV. DE),,,Plein jour,Hors agglomération,Hors intersection,Normale,Sans collision,,,,,,,,,,,1,1,1,1.0,7
201400031515,0014-06-22 19:40:00,14,6,22,19,40,600,159,"25, GUYNEMER (COURS)",,,Plein jour,En agglomération,Hors intersection,Normale,Deux véhicules - côté,,,,,,,,,,,1,2,1,1.0,3
201400031516,0014-07-01 08:00:00,14,7,1,8,0,600,159,"59 bis, MARTYRS-DE-LA-LI",,,Plein jour,En agglomération,Hors intersection,Normale,Autre collision,,,,,,,,,,,1,2,1,1.0,6
201400031517,0014-07-11 14:45:00,14,7,11,14,45,600,159,"195, PARIS (DE)",,,Plein jour,En agglomération,Hors intersection,Pluie légère,Autre collision,,,,,,,,,,,1,2,1,2.0,6
201400031518,0014-07-24 08:10:00,14,7,24,8,10,600,159,"5, COUTTOLENC (ROGER)",,,Plein jour,En agglomération,Intersection en X,Normale,Autre collision,,,,,,,,,,,1,2,2,1.0,6
201400031519,0014-09-13 15:45:00,14,9,13,15,45,600,159,D 130,,,Plein jour,Hors agglomération,Intersection en T,Normale,Deux véhicules - côté,,,,,,,,,,,1,1,3,1.0,3
201400031520,0014-09-30 20:25:00,14,9,30,20,25,600,159,"1, DE-GAULLE (PLACE DU G",,,Nuit avec éclairage allumé,En agglomération,Hors intersection,Normale,Autre collision,,,,,,,,,,,5,2,1,1.0,6
201400031521,0014-10-11 19:15:00,14,10,11,19,15,600,159,"92 BIS, PARIS (DE)",,,Plein jour,En agglomération,Hors intersection,Normale,Autre collision,,,,,,,,,,,1,2,1,1.0,6
201400031522,0014-10-28 17:05:00,14,10,28,17,5,600,382,POINCARE (AV. RAYMOND),,,Plein jour,En agglomération,Hors intersection,Normale,Autre collision,,,,,,,,,,,1,2,1,1.0,6
201400031523,0014-11-05 22:05:00,14,11,5,22,5,600,159,Rd 1031,,,Nuit sans éclairage public,Hors agglomération,Hors intersection,Normale,Autre collision,,,,,,,,,,,3,1,1,1.0,6
201400031524,0014-11-10 17:50:00,14,11,10,17,50,600,159,"05, BOTTIER (HIPPOLYTE)",,,Nuit sans éclairage public,En agglomération,Intersection en T,Normale,Deux véhicules - côté,,,,,,,,,,,3,2,3,1.0,3
201400031525,0014-11-11 09:15:00,14,11,11,9,15,600,159,D 973,,,Plein jour,Hors agglomération,Giratoire,Temps éblouissant,Deux véhicules - arrière,,,,,,,,,,,1,1,6,7.0,2
201400031526,0014-11-23 16:00:00,14,11,23,16,0,600,159,Route Nationale 31,,,Plein jour,Hors agglomération,Hors intersection,Normale,Autre collision,,,,,,,,,,,1,1,1,1.0,6
201400031527,0014-12-12 17:15:00,14,12,12,17,15,600,382,"117, BUTIN (AV. OCTAVE)",,,Nuit avec éclairage allumé,En agglomération,Hors intersection,Pluie forte,Autre collision,,,,,,,,,,,5,2,1,3.0,6
201400031528,0014-12-13 06:00:00,14,12,13,6,0,600,159,"26, BATAILLON DE FRANCE",,,Nuit avec éclairage allumé,En agglomération,Hors intersection,Normale,Autre collision,,,,,,,,,,,5,2,1,1.0,6
201400031529,0014-12-13 06:10:00,14,12,13,6,10,600,159,SCHUMAN (CARREFOUR ROBER,,,Nuit avec éclairage allumé,Hors agglomération,Giratoire,Pluie légère,Autre collision,,,,,,,,,,,5,1,6,2.0,6
201400031530,0014-12-16 19:15:00,14,12,16,19,15,600,382,", POINCARE (AV. RAYMOND)",,,Nuit avec éclairage allumé,En agglomération,Intersection en T,Normale,Deux véhicules - côté,,,,,,,,,,,5,2,3,1.0,3
201400031531,0014-12-18 13:10:00,14,12,18,13,10,600,159,D 973,,,Plein jour,Hors agglomération,Hors intersection,Temps couvert,Autre collision,,,,,,,,,,,1,1,1,8.0,6
201400031532,0014-12-20 19:45:00,14,12,20,19,45,600,159,"140 BIS, PARIS (DE)",,,Nuit avec éclairage allumé,En agglomération,Hors intersection,Normale,Autre collision,,,,,,,,,,,5,2,1,1.0,6
201400031533,0014-12-02 10:45:00,14,12,2,10,45,600,159,"3, MAGENTA",,,Plein jour,En agglomération,Intersection en X,Normale,Autre collision,,,,,,,,,,,1,2,2,1.0,6
201400031534,0014-01-05 19:35:00,14,1,5,19,35,600,175,"10, MICHELET (RUE JULES)",,,Nuit avec éclairage allumé,En agglomération,Hors intersection,Pluie légère,Autre collision,,,,,,,,,,,5,2,1,2.0,6
201400031535,0014-01-11 19:10:00,14,1,11,19,10,600,414,,,,Nuit sans éclairage public,Hors agglomération,Hors intersection,Normale,Deux véhicules - frontale,,,,,,,,,,,3,1,1,1.0,1
201400031536,0014-01-27 07:40:00,14,1,27,7,40,600,175,"128, JAURES (RUE JEAN)",,,Nuit avec éclairage allumé,En agglomération,Hors intersection,Temps couvert,Autre collision,,,,,,,,,,,5,2,1,8.0,6
201400031537,0014-02-28 20:05:00,14,2,28,20,5,600,463,,,,Nuit avec éclairage allumé,En agglomération,Intersection en X,Normale,Deux véhicules - côté,,,,,,,,,,,5,2,2,1.0,3
201400031538,0014-03-16 14:00:00,14,3,16,14,0,600,414,BLANC (RUE LOUIS),,,Plein jour,En agglomération,Hors intersection,Normale,Autre collision,,,,,,,,,,,1,2,1,1.0,6
201400031539,0014-04-01 17:10:00,14,4,1,17,10,600,463,VERDUN (RUE DE),,,Plein jour,En agglomération,Intersection en T,Normale,Deux véhicules - côté,,,,,,,,,,,1,2,3,1.0,3
201400031540,0014-04-20 16:20:00,14,4,20,16,20,600,463,avenue de l europe,,,Plein jour,En agglomération,Intersection en Y,Normale,Deux véhicules - côté,,,,,,,,,,,1,2,4,1.0,3
201400031541,0014-04-25 04:10:00,14,4,25,4,10,600,175,RN 16_PONT ZONE DE VAUX_,49.254,3.45699,Nuit sans éclairage public,Hors agglomération,Hors intersection,Temps couvert,Autre collision,,,,,,,,,,,3,1,1,8.0,6
201400031542,0014-05-01 17:40:00,14,5,1,17,40,600,414,"25, GOURNAY (RUE DE)",,,Plein jour,En agglomération,Hors intersection,Normale,Autre collision,,,,,,,,,,,1,2,1,1.0,6
201400031543,0014-05-07 19:00:00,14,5,7,19,0,600,414,CONDE (RUE DE),,,Plein jour,En agglomération,Hors intersection,Normale,Deux véhicules - côté,,,,,,,,,,,1,2,1,1.0,3
201400031544,0014-05-25 16:45:00,14,5,25,16,45,600,175,ALLENDE (BOULEVARD SALVA,,,Plein jour,En agglomération,Hors intersection,Normale,Deux véhicules - arrière,,,,,,,,,,,1,2,1,1.0,2
201400031545,0014-05-30 17:30:00,14,5,30,17,30,600,175,RESISTANCE (RUE DE,,,Plein jour,En agglomération,Intersection en T,Normale,Deux véhicules - côté,,,,,,,,,,,1,2,3,1.0,3
201400031546,0014-05-31 18:40:00,14,5,31,18,40,600,175,BRIAND (RUE ARISTIDE) NO,,,Plein jour,En agglomération,Intersection en X,Normale,Deux véhicules - frontale,,,,,,,,,,,1,2,2,1.0,1
201400031547,0014-06-03 20:50:00,14,6,3,20,50,600,175,BD salvador allende,,,Plein jour,En agglomération,Hors intersection,Normale,Autre collision,,,,,,,,,,,1,2,1,1.0,6
201400031548,0014-06-06 18:15:00,14,6,6,18,15,600,175,STEPHENSON (RUE GEORGES,,,Plein jour,En agglomération,Hors intersection,Normale,Autre collision,,,,,,,,,,,1,2,1,1.0,6