accident_id,datetime,annee,mois,jour,heure,minute,departement,commune_insee,adresse,latitude,longitude,luminosite,agglomeration,intersection,meteo,collision,nb_vehicules,nb_usagers,nb_indemnes,nb_tues,nb_blesses_hosp,nb_blesses_legers,age_cond_1,age_cond_2,veh_type_cond_1,veh_type_cond_2,lum_code,agg_code,int_code,atm_code,col_code
201400031799,0014-04-12 10:15:00,14,4,12,10,15,620,160,PAUGHAM (square Blanche),50.73374,1.60026,Plein jour,En agglomération,Hors intersection,Normale,Autre collision,,,,,,,,,,,1,2,1,1.0,6
201400031800,0014-05-25 02:15:00,14,5,25,2,15,620,160,BOULEVARD DE L EUROPE,50.71988,1.59939,Nuit avec éclairage allumé,En agglomération,Hors intersection,Normale,Sans collision,,,,,,,,,,,5,2,1,1.0,7
201400031801,0014-06-28 17:40:00,14,6,28,17,40,620,160,"96, NATIONALE (Rue)",50.72161,1.61074,Plein jour,En agglomération,Hors intersection,Normale,Deux véhicules - frontale,,,,,,,,,,,1,2,1,1.0,1
201400031802,0014-07-10 21:30:00,14,7,10,21,30,620,160,NATIONALE (Rue),50.72085,1.61242,Plein jour,En agglomération,Intersection en T,Temps couvert,Deux véhicules - côté,,,,,,,,,,,1,2,3,8.0,3
201400031803,0014-07-30 21:15:00,14,7,30,21,15,620,160,"77, GRANDE RUE",50.72389,1.60784,Crépuscule ou aube,En agglomération,Hors intersection,Normale,Deux véhicules - arrière,,,,,,,,,,,2,2,1,1.0,2
201400031804,0014-08-17 12:50:00,14,8,17,12,50,620,160,"43, DAUNOU (Bld)",50.72056,1.60548,Plein jour,En agglomération,Hors intersection,Temps couvert,Autre collision,,,,,,,,,,,1,2,1,8.0,6
201400031805,0014-09-24 12:30:00,14,9,24,12,30,620,160,KENNEDY (Ave. John),50.71559,1.61427,Plein jour,En agglomération,Intersection en T,Normale,Deux véhicules - côté,,,,,,,,,,,1,2,3,1.0,3
201400031806,0014-10-04 01:20:00,14,10,4,1,20,620,894,C.D. 96e,50.74407,1.60968,Nuit sans éclairage public,Hors agglomération,Hors intersection,Normale,Autre collision,,,,,,,,,,,3,1,1,1.0,6
201400031807,0014-10-06 12:05:00,14,10,6,12,5,620,160,SAINTE BEUVE (Bld),50.73401,1.59465,Plein jour,En agglomération,Hors intersection,Temps couvert,Deux véhicules - côté,,,,,,,,,,,1,2,1,8.0,3
201400031808,0014-10-28 08:40:00,14,10,28,8,40,620,643,"1, CLERC ( Rue du Profes",50.69973,1.58917,Plein jour,En agglomération,Intersection en X,Temps éblouissant,Deux véhicules - côté,,,,,,,,,,,1,2,2,7.0,3
201400031809,0014-11-01 08:15:00,14,11,1,8,15,620,160,OUTREAU (Rue d'),50.71254,1.59804,Plein jour,En agglomération,Hors intersection,Temps couvert,Deux véhicules - frontale,,,,,,,,,,,1,2,1,8.0,1
201400031810,0014-10-21 18:25:00,14,10,21,18,25,620,160,"22, CHANZY (Quai)",50.72008,1.6017,Nuit avec éclairage allumé,Hors agglomération,Hors intersection,Normale,Autre collision,,,,,,,,,,,5,1,1,1.0,6
201400031811,0014-12-08 16:55:00,14,12,8,16,55,620,160,"36, KENNEDY (Ave. John)",50.71448,1.61415,Crépuscule ou aube,En agglomération,Hors intersection,Normale,Autre collision,,,,,,,,,,,2,2,1,1.0,6
201400031812,0014-12-26 17:20:00,14,12,26,17,20,620,160,"A, GAMBETTA (Bld L?on)",48.84617,2.24101,Nuit avec éclairage allumé,Hors agglomération,Hors intersection,Pluie forte,Autre collision,,,,,,,,,,,5,1,1,3.0,6
201400031813,0014-01-08 15:45:00,14,1,8,15,45,620,445,D86,50.48934,2.60257,Plein jour,Hors agglomération,Intersection en Y,Normale,Autre collision,,,,,,,,,,,1,1,4,1.0,6
201400031814,0014-02-12 07:55:00,14,2,12,7,55,620,445,D86,50.494,2.60634,Plein jour,Hors agglomération,Hors intersection,Normale,Trois véhicules et plus - collisions multiples,,,,,,,,,,,1,1,1,1.0,5
201400031815,0014-03-01 00:15:00,14,3,1,0,15,620,400,"1002, ZOLA rue Emile",50.46772,2.56712,Nuit avec éclairage allumé,En agglomération,Hors intersection,Pluie légère,Autre collision,,,,,,,,,,,5,2,1,2.0,6
201400031816,0014-03-20 20:20:00,14,3,20,20,20,620,270,"31, ALLENDE rue SALVATO",50.48166,2.50349,Nuit avec éclairage allumé,En agglomération,Hors intersection,Normale,Autre collision,,,,,,,,,,,5,2,1,1.0,6
201400031817,0014-04-10 17:05:00,14,4,10,17,5,620,270,PLOUVIEZ      rue,50.47271,2.51888,Plein jour,En agglomération,Hors intersection,Normale,Deux véhicules - côté,,,,,,,,,,,1,2,1,1.0,3
201400031818,0014-05-01 07:00:00,14,5,1,7,0,620,178,"348, CAUDRON ( FLORENT )",50.48413,2.54839,Plein jour,En agglomération,Hors intersection,Normale,Sans collision,,,,,,,,,,,1,2,1,1.0,7
201400031819,0014-06-09 18:45:00,14,6,9,18,45,620,178,ANATOLE FRANCE,50.48361,2.55528,Plein jour,En agglomération,Intersection en T,Pluie légère,Deux véhicules - côté,,,,,,,,,,,1,2,3,2.0,3
201400031820,0014-06-11 17:10:00,14,6,11,17,10,620,178,"104, AMONT ( D')",50.48181,2.53714,Plein jour,En agglomération,Intersection en T,Normale,Autre collision,,,,,,,,,,,1,2,3,1.0,6
201400031821,0014-06-17 11:55:00,14,6,17,11,55,620,457,"71, GARE (RUE DE LA)",50.40246,2.86915,Plein jour,En agglomération,Hors intersection,Normale,Autre collision,,,,,,,,,,,1,2,1,1.0,6
201400031822,0014-06-22 12:25:00,14,6,22,12,25,620,178,REPUBLIQUE ( DE LA ),50.4737,2.52811,Plein jour,En agglomération,Intersection en T,Normale,Deux véhicules - arrière,,,,,,,,,,,1,2,3,1.0,2
201400031823,0014-08-03 06:40:00,14,8,3,6,40,620,445,D86,50.48617,2.60068,Plein jour,Hors agglomération,Hors intersection,Normale,Sans collision,,,,,,,,,,,1,1,1,1.0,7
201400031824,0014-09-11 13:25:00,14,9,11,13,25,620,178,"213, ETATS-UNIS",50.4723,2.55315,Plein jour,En agglomération,Autre intersection,Normale,Deux véhicules - frontale,,,,,,,,,,,1,2,9,1.0,1
201400031825,0014-09-22 13:55:00,14,9,22,13,55,620,178,LIBERATION ( AVENUE ),50.49047,2.56445,Plein jour,En agglomération,Intersection en X,Normale,Deux véhicules - côté,,,,,,,,,,,1,2,2,1.0,3
201400031826,0014-10-13 10:15:00,14,10,13,10,15,620,270,"43, BASLY (RUE EMILE)",50.47336,2.50924,Plein jour,En agglomération,Hors intersection,Normale,Deux véhicules - frontale,,,,,,,,,,,1,2,1,1.0,1
201400031827,0014-11-28 15:15:00,14,11,28,15,15,620,400,"656, ZOLA ( EMILE )",50.46912,2.57002,Plein jour,En agglomération,Hors intersection,Temps couvert,Deux véhicules - frontale,,,,,,,,,,,1,2,1,8.0,1
201400031828,0014-12-07 11:50:00,14,12,7,11,50,620,377,DESRUELLE ( CAMILLE ),50.51104,2.58609,Plein jour,En agglomération,Hors intersection,Temps couvert,Deux véhicules - frontale,,,,,,,,,,,1,2,1,8.0,1
201400031829,0014-12-09 16:55:00,14,12,9,16,55,620,178,D 188,50.49521,2.57194,Crépuscule ou aube,En agglomération,Hors intersection,Normale,Deux véhicules - frontale,,,,,,,,,,,2,2,1,1.0,1
201400031830,0014-12-21 19:45:00,14,12,21,19,45,620,178,"978, LIBERATION ( AVENUE",50.49267,2.56929,Nuit avec éclairage allumé,En agglomération,Hors intersection,Temps couvert,Deux véhicules - frontale,,,,,,,,,,,5,2,1,8.0,1
201400031831,0014-05-21 18:05:00,14,5,21,18,5,620,178,"1113, LIBERATION ( AVE",50.48784,2.56,Plein jour,En agglomération,Hors intersection,Normale,Deux véhicules - côté,,,,,,,,,,,1,2,1,1.0,3
201400031832,0014-01-02 14:15:00,14,1,2,14,15,620,193,"173, GAMBETTA (BOULEVAR",50.9461,1.83958,Plein jour,En agglomération,Hors intersection,Pluie légère,Autre collision,,,,,,,,,,,1,2,1,2.0,6
201400031833,0014-01-28 10:15:00,14,1,28,10,15,620,193,MARINOT rue M,50.95031,1.88694,Plein jour,En agglomération,Intersection en X,Temps éblouissant,Autre collision,,,,,,,,,,,1,2,2,7.0,6
201400031834,0014-01-07 08:20:00,14,1,7,8,20,620,193,SAINT OMER (ROUTE DE,50.93895,1.88061,Crépuscule ou aube,En agglomération,Intersection en T,Normale,Autre collision,,,,,,,,,,,2,2,3,1.0,6
201400031835,0014-01-11 13:00:00,14,1,11,13,0,620,193,"377, ROGER SALENGRO (AV",50.94537,1.83257,Plein jour,En agglomération,Hors intersection,Temps éblouissant,Autre collision,,,,,,,,,,,1,2,1,7.0,6
201400031836,0014-02-08 01:40:00,14,2,8,1,40,620,193,SAINT EXUPERY  3 av,50.94704,1.92182,Nuit avec éclairage allumé,En agglomération,Giratoire,Pluie légère,Autre collision,,,,,,,,,,,5,2,6,2.0,6
201400031837,0014-02-06 12:00:00,14,2,6,12,0,620,193,HUIT MAI (bd du),50.95594,1.83485,Plein jour,En agglomération,Hors intersection,Normale,Autre collision,,,,,,,,,,,1,2,1,1.0,6
201400031838,0014-01-29 14:15:00,14,1,29,14,15,620,239,"109, DE GAULLE av Ch.",50.94219,1.80686,Plein jour,En agglomération,Hors intersection,Normale,Deux véhicules - côté,,,,,,,,,,,1,2,1,1.0,3
201400031839,0014-03-20 16:55:00,14,3,20,16,55,620,193,GAMBETTA (BD),50.94683,1.84573,Plein jour,En agglomération,Intersection en X,Normale,Deux véhicules - côté,,,,,,,,,,,1,2,2,1.0,3
201400031840,0014-04-01 13:25:00,14,4,1,13,25,620,193,JARDIN DES PLANTES rue,50.94705,1.85982,Plein jour,En agglomération,Hors intersection,Normale,Autre collision,,,,,,,,,,,1,2,1,1.0,6
201400031841,0014-04-08 18:55:00,14,4,8,18,55,620,244,GUINES (RTE DE),50.92664,1.86783,Plein jour,En agglomération,Intersection en X,Normale,Autre collision,,,,,,,,,,,1,2,2,1.0,6
201400031842,0014-04-20 17:35:00,14,4,20,17,35,620,193,GASTON BERTHE digue,50.96546,1.84177,Plein jour,En agglomération,Giratoire,Normale,Deux véhicules - arrière,,,,,,,,,,,1,2,6,1.0,2
201400031843,0014-05-02 18:15:00,14,5,2,18,15,620,193,A216,,,Plein jour,Hors agglomération,Hors intersection,Normale,Trois véhicules et plus - collisions multiples,,,,,,,,,,,1,1,1,1.0,5
201400031844,0014-05-02 17:00:00,14,5,2,17,0,620,193,ROGER SALENGRO (AVENUE),50.94485,1.82703,Plein jour,En agglomération,Intersection en T,Normale,Deux véhicules - côté,,,,,,,,,,,1,2,3,1.0,3
201400031845,0014-05-16 16:10:00,14,5,16,16,10,620,193,MOLLIEN,50.95412,1.85689,Plein jour,En agglomération,Intersection en T,Normale,Deux véhicules - côté,,,,,,,,,,,1,2,3,1.0,3
201400031846,0014-05-24 15:40:00,14,5,24,15,40,620,193,CURIE (BD),50.93962,1.86102,Plein jour,En agglomération,Hors intersection,Normale,Autre collision,,,,,,,,,,,1,2,1,1.0,6
201400031847,0014-06-07 19:50:00,14,6,7,19,50,620,193,VAUXHALL (RUE DU),50.94798,1.85126,Plein jour,En agglomération,Intersection en X,Normale,Deux véhicules - côté,,,,,,,,,,,1,2,2,1.0,3
201400031848,0014-06-16 16:05:00,14,6,16,16,5,620,244,HAUTS CHAMPS (RUE DES),50.92616,1.87568,Plein jour,En agglomération,Intersection en X,Normale,Deux véhicules - côté,,,,,,,,,,,1,2,2,1.0,3
201400031849,0014-07-06 18:00:00,14,7,6,18,0,620,193,ORLEANSVILLE (RUE D'),50.94785,1.83356,Plein jour,En agglomération,Hors intersection,Normale,Deux véhicules - frontale,,,,,,,,,,,1,2,1,1.0,1
201400031850,0014-07-11 17:45:00,14,7,11,17,45,620,193,GARENNES (RUE DES),50.96785,1.89659,Plein jour,En agglomération,Hors intersection,Normale,Deux véhicules - frontale,,,,,,,,,,,1,2,1,1.0,1
201400031851,0014-08-01 12:00:00,14,8,1,12,0,620,193,CONSTANT CRONIE,50.94859,1.82673,Plein jour,En agglomération,Hors intersection,Normale,Autre collision,,,,,,,,,,,1,2,1,1.0,6
201400031852,0014-08-10 17:55:00,14,8,10,17,55,620,548,Avenue de Calais,50.9478,1.95119,Plein jour,En agglomération,Intersection en Y,Vent fort / tempête,Deux véhicules - côté,,,,,,,,,,,1,2,4,6.0,3
201400031853,0014-08-27 19:45:00,14,8,27,19,45,620,193,PARMENTIER (CHEMIN),50.95591,1.8842,Crépuscule ou aube,En agglomération,Hors intersection,Normale,Autre collision,,,,,,,,,,,2,2,1,1.0,6
201400031854,0014-09-03 13:55:00,14,9,3,13,55,620,239,KENT (BOULEVARD DU),50.932,1.81081,Plein jour,Hors agglomération,Hors intersection,Normale,Deux véhicules - frontale,,,,,,,,,,,1,1,1,1.0,1
201400031855,0014-09-05 17:20:00,14,9,5,17,20,620,193,JACQUARD (BOULEVARD),50.94898,1.85413,Plein jour,En agglomération,Hors intersection,Normale,Deux véhicules - arrière,,,,,,,,,,,1,2,1,1.0,2
201400031856,0014-09-16 13:30:00,14,9,16,13,30,620,193,APOLLINAIRE (RUE G.),50.93924,1.87505,Plein jour,En agglomération,Hors intersection,Temps éblouissant,Deux véhicules - arrière,,,,,,,,,,,1,2,1,7.0,2
201400031857,0014-10-01 08:45:00,14,10,1,8,45,620,193,GAMBETTA (BOULEVARD),50.94664,1.84416,Plein jour,En agglomération,Intersection en T,Normale,Autre collision,,,,,,,,,,,1,2,3,1.0,6
201400031858,0014-10-05 02:00:00,14,10,5,2,0,620,193,SQUARE DES FONTINETTES,50.94027,1.85131,Nuit avec éclairage allumé,En agglomération,Intersection à plus de 4 branches,Normale,Autre collision,,,,,,,,,,,5,2,5,1.0,6
201400031859,0014-10-07 09:45:00,14,10,7,9,45,620,193,MARTIN LUTHER KING,50.95481,1.89466,Plein jour,En agglomération,Hors intersection,Normale,Autre collision,,,,,,,,,,,1,2,1,1.0,6
201400031860,0014-10-12 20:45:00,14,10,12,20,45,620,193,A216,50.9606,1.90528,Nuit sans éclairage public,Hors agglomération,Hors intersection,Pluie forte,Autre collision,,,,,,,,,,,3,1,1,3.0,6
201400031861,0014-10-16 12:05:00,14,10,16,12,5,620,239,EUROPE (BOULEVARD DE L'),50.93823,1.81552,Plein jour,Hors agglomération,Hors intersection,Pluie légère,Autre collision,,,,,,,,,,,1,1,1,2.0,6
201400031862,0014-10-26 10:50:00,14,10,26,10,50,620,774,R.D.940,50.95903,1.82776,Plein jour,En agglomération,Giratoire,Normale,Autre collision,,,,,,,,,,,1,2,6,1.0,6
201400031863,0014-11-16 02:35:00,14,11,16,2,35,620,548,avenue de Calais,50.9469,1.91618,Nuit avec éclairage allumé,En agglomération,Hors intersection,Normale,Autre collision,,,,,,,,,,,5,2,1,1.0,6
201400031864,0014-11-19 23:50:00,14,11,19,23,50,620,193,VIC (RUE DE),50.94945,1.86175,Nuit avec éclairage allumé,En agglomération,Giratoire,Normale,Deux véhicules - côté,,,,,,,,,,,5,2,6,1.0,3
201400031865,0014-11-15 16:55:00,14,11,15,16,55,620,193,"158, EGALITE (BOULEVARD",50.94579,1.87437,Crépuscule ou aube,En agglomération,Hors intersection,Normale,Autre collision,,,,,,,,,,,2,2,1,1.0,6
201400031866,0014-11-23 11:50:00,14,11,23,11,50,620,193,GERSCHEL (RUE A.),50.95879,1.84687,Plein jour,En agglomération,Intersection en X,Normale,Deux véhicules - côté,,,,,,,,,,,1,2,2,1.0,3
201400031867,0014-11-25 07:00:00,14,11,25,7,0,620,774,D243,50.93792,1.77541,Crépuscule ou aube,Hors agglomération,Hors intersection,Normale,Autre collision,,,,,,,,,,,2,1,1,1.0,6
201400031868,0014-11-28 00:55:00,14,11,28,0,55,620,193,A216,50.95368,1.90603,Nuit sans éclairage public,Hors agglomération,Hors intersection,Temps couvert,Autre collision,,,,,,,,,,,3,1,1,8.0,6
201400031869,0014-12-04 18:15:00,14,12,4,18,15,620,193,EGALITE (BOULEVARD DE L',50.94585,1.87656,Nuit avec éclairage allumé,En agglomération,Intersection en X,Normale,Deux véhicules - côté,,,,,,,,,,,5,2,2,1.0,3
201400031870,0014-12-12 20:20:00,14,12,12,20,20,620,548,PASCAL (RUE),50.93932,1.94061,Nuit sans éclairage public,Hors agglomération,Intersection en T,Normale,Deux véhicules - côté,,,,,,,,,,,3,1,3,1.0,3
201400031871,0014-11-28 17:20:00,14,11,28,17,20,620,239,EUROPE (BOULEVARD DE L'),50.93213,1.80687,Nuit avec éclairage allumé,En agglomération,Hors intersection,Normale,Trois véhicules et plus - en chaîne,,,,,,,,,,,5,2,1,1.0,4
201400031872,0014-01-10 07:00:00,14,1,10,7,0,620,215,"SANS, VIEUX CHATEAU (RD",50.48548,2.95974,Nuit avec éclairage allumé,En agglomération,Intersection en Y,Normale,Autre collision,,,,,,,,,,,5,2,4,1.0,6
201400031873,0014-01-17 14:10:00,14,1,17,14,10,620,215,", R.D.306",50.48206,2.97572,Plein jour,Hors agglomération,Intersection en T,Normale,Deux véhicules - côté,,,,,,,,,,,1,1,3,1.0,3
201400031874,0014-02-06 11:20:00,14,2,6,11,20,620,413,"SANS, GUERRE rue Paul",50.44562,2.89658,Plein jour,En agglomération,Intersection en X,Pluie légère,Deux véhicules - côté,,,,,,,,,,,1,2,2,2.0,3
201400031875,0014-01-27 17:10:00,14,1,27,17,10,620,413,"17, BARBUSSE (AV",50.44684,2.90389,Crépuscule ou aube,En agglomération,Hors intersection,Pluie légère,Autre collision,,,,,,,,,,,2,2,1,2.0,6
201400031876,0014-02-24 00:15:00,14,2,24,0,15,620,215,ESTEVELLES (CHE. D,50.48505,2.93448,Nuit sans éclairage public,Hors agglomération,Hors intersection,Normale,Deux véhicules - arrière,,,,,,,,,,,3,1,1,1.0,2
201400031877,0014-03-23 13:50:00,14,3,23,13,50,620,311,"81, DUPONT (R BLANCHE)",50.4745,2.91071,Plein jour,En agglomération,Intersection en T,Pluie légère,Deux véhicules - côté,,,,,,,,,,,1,2,3,2.0,3
201400031878,0014-04-07 21:40:00,14,4,7,21,40,620,215,RD917   57+1,50.47994,2.95737,Nuit sans éclairage public,Hors agglomération,Hors intersection,Temps couvert,Deux véhicules - arrière,,,,,,,,,,,3,1,1,8.0,2
201400031879,0014-03-22 15:15:00,14,3,22,15,15,620,907,"8, SCHUMANN (BD",50.4766,3.01172,Plein jour,En agglomération,Hors intersection,Temps éblouissant,Deux véhicules - frontale,,,,,,,,,,,1,2,1,7.0,1
201400031880,0014-04-10 16:30:00,14,4,10,16,30,620,215,"749, BUQUEUX rue",50.4956,2.96969,Plein jour,En agglomération,Intersection en T,Normale,Deux véhicules - côté,,,,,,,,,,,1,2,3,1.0,3
201400031881,0014-04-16 17:30:00,14,4,16,17,30,620,215,POSTES (CHEMIN  DE,50.50173,2.94681,Plein jour,En agglomération,Intersection en T,Normale,Trois véhicules et plus - collisions multiples,,,,,,,,,,,1,2,3,1.0,5
201400031882,0014-05-03 16:00:00,14,5,3,16,0,620,907,DARCHICOURT (AV FE,50.48204,3.00402,Plein jour,En agglomération,Intersection en T,Normale,Deux véhicules - côté,,,,,,,,,,,1,2,3,1.0,3
201400031883,0014-05-16 14:30:00,14,5,16,14,30,620,413,"60, DEBARGE (R Charles)",50.44344,2.89811,Plein jour,En agglomération,Intersection en T,Normale,Deux véhicules - frontale,,,,,,,,,,,1,2,3,1.0,1
201400031884,0014-04-23 16:25:00,14,4,23,16,25,620,250,"18, LAMENDIN (Rue ARTHUR",50.45488,2.94642,Plein jour,En agglomération,Intersection en T,Normale,Deux véhicules - arrière,,,,,,,,,,,1,2,3,1.0,2
201400031885,0014-05-05 07:20:00,14,5,5,7,20,620,215,RD919,50.50504,2.95024,Plein jour,Hors agglomération,Giratoire,Normale,Deux véhicules - arrière,,,,,,,,,,,1,1,6,1.0,2
201400031886,0014-06-08 14:30:00,14,6,8,14,30,620,413,"34, FOSSE (AV. DE LA)",50.44334,2.88314,Plein jour,En agglomération,Intersection en X,Normale,Deux véhicules - côté,,,,,,,,,,,1,2,2,1.0,3
201400031887,0014-06-07 20:30:00,14,6,7,20,30,620,33,"SANS, ROLLE (rue KLEBER)",50.4637,2.87974,Plein jour,En agglomération,Intersection en X,Normale,Deux véhicules - côté,,,,,,,,,,,1,2,2,1.0,3
201400031888,0014-06-10 18:15:00,14,6,10,18,15,620,637,"sans, FUSILLES (R DES 80",50.47081,2.98373,Plein jour,En agglomération,Hors intersection,Normale,Autre collision,,,,,,,,,,,1,2,1,1.0,6
201400031889,0014-06-10 19:30:00,14,6,10,19,30,620,413,"sans, FOSSE (AV. DE LA)",50.44151,2.88535,Plein jour,En agglomération,Intersection en X,Normale,Deux véhicules - côté,,,,,,,,,,,1,2,2,1.0,3
201400031890,0014-06-20 14:45:00,14,6,20,14,45,620,33,"sans, LILLE (RTE DE)",50.45311,2.87627,Plein jour,Hors agglomération,Intersection en T,Normale,Deux véhicules - arrière,,,,,,,,,,,1,1,3,1.0,2
201400031891,0014-07-04 00:20:00,14,7,4,0,20,620,215,"sans, PRESSENCE  (R FRAN",50.48983,2.95486,Nuit avec éclairage allumé,En agglomération,Intersection en X,Normale,Deux véhicules - côté,,,,,,,,,,,5,2,2,1.0,3
201400031892,0014-07-13 00:30:00,14,7,13,0,30,620,215,QUINET (R CYPRIEN),50.49202,2.98092,Nuit avec éclairage allumé,En agglomération,Hors intersection,Normale,Trois véhicules et plus - collisions multiples,,,,,,,,,,,5,2,1,1.0,5
201400031893,0014-07-25 16:40:00,14,7,25,16,40,620,250,"85, LAMENDIN (R ARTHUR)",50.45231,2.95155,Plein jour,En agglomération,Hors intersection,Normale,Autre collision,,,,,,,,,,,1,2,1,1.0,6
201400031894,0014-07-27 02:15:00,14,7,27,2,15,620,413,FUSILLES (R DES),50.44585,2.9095,Nuit avec éclairage allumé,En agglomération,Hors intersection,Normale,Autre collision,,,,,,,,,,,5,2,1,1.0,6
201400031895,0014-07-03 18:50:00,14,7,3,18,50,620,33,"sans, LILLE (RTE DE)",50.45311,2.87629,Plein jour,Hors agglomération,Intersection en T,Normale,Deux véhicules - côté,,,,,,,,,,,1,1,3,1.0,3
201400031896,0014-08-08 13:10:00,14,8,8,13,10,620,413,"SANS, BARBUSSE (AV)",50.4461,2.90507,Plein jour,En agglomération,Hors intersection,Pluie légère,Autre collision,,,,,,,,,,,1,2,1,2.0,6
201400031897,0014-08-24 04:45:00,14,8,24,4,45,620,666,"SANS, SERGEANT (R ROLAND",50.47165,2.88463,Nuit avec éclairage allumé,En agglomération,Hors intersection,Normale,Autre collision,,,,,,,,,,,5,2,1,1.0,6
201400031898,0014-09-10 17:55:00,14,9,10,17,55,620,637,"SANS, ZOLA (R EMILE)",50.47139,2.99755,Plein jour,En agglomération,Intersection en X,Normale,Deux véhicules - côté,,,,,,,,,,,1,2,2,1.0,3
201400031899,0014-09-12 17:00:00,14,9,12,17,0,620,413,"SANS, FUSILLES (R DES)",50.44455,2.90569,Plein jour,En agglomération,Intersection en T,Temps éblouissant,Deux véhicules - côté,,,,,,,,,,,1,2,3,7.0,3
201400031900,0014-08-28 20:30:00,14,8,28,20,30,620,413,"42, LENS (RTE DE)",50.44076,2.8873,Crépuscule ou aube,En agglomération,Hors intersection,Normale,Deux véhicules - côté,,,,,,,,,,,2,2,1,1.0,3
201400031901,0014-10-10 18:15:00,14,10,10,18,15,620,413,"SANS, PLACE (GRAND)",50.44473,2.90407,Plein jour,En agglomération,Hors intersection,Normale,Autre collision,,,,,,,,,,,1,2,1,1.0,6
201400031902,0014-09-06 13:50:00,14,9,6,13,50,620,250,"sans, TILLOY (R MAURICE)",50.46529,2.94236,Plein jour,En agglomération,Hors intersection,Normale,Deux véhicules - frontale,,,,,,,,,,,1,2,1,1.0,1
201400031903,0014-10-07 10:00:00,14,10,7,10,0,620,907,"SANS, QUINET (R CYPRIEN)",50.48448,3.01574,Plein jour,En agglomération,Hors intersection,Pluie légère,Deux véhicules - frontale,,,,,,,,,,,1,2,1,2.0,1
201400031904,0014-10-21 18:45:00,14,10,21,18,45,620,907,"SANS, RD 917",50.48591,2.98738,Nuit sans éclairage public,Hors agglomération,Hors intersection,Normale,Trois véhicules et plus - en chaîne,,,,,,,,,,,3,1,1,1.0,4
201400031905,0014-11-06 07:15:00,14,11,6,7,15,620,637,"0, RD306",50.46781,3.00227,Crépuscule ou aube,Hors agglomération,Hors intersection,Normale,Trois véhicules et plus - en chaîne,,,,,,,,,,,2,1,1,1.0,4
201400031906,0014-12-06 12:25:00,14,12,6,12,25,620,907,DARCHICOURT (AV FERNAND,50.48282,3.00278,Plein jour,Hors agglomération,Giratoire,Normale,Deux véhicules - côté,,,,,,,,,,,1,1,6,1.0,3
201400031907,0014-12-01 07:30:00,14,12,1,7,30,620,666,"SANS, VENDIN (RTE DE)",50.46948,2.87556,Crépuscule ou aube,En agglomération,Intersection en T,Pluie légère,Deux véhicules - côté,,,,,,,,,,,2,2,3,2.0,3
201400031908,0014-12-26 19:00:00,14,12,26,19,0,620,215,"SANS, PLACHEZ (R EDOUARD",50.49339,2.95759,Nuit avec éclairage allumé,En agglomération,Intersection en X,Normale,Deux véhicules - côté,,,,,,,,,,,5,2,2,1.0,3
201400031909,0014-12-08 12:00:00,14,12,8,12,0,620,427,"0, SCHWEITZER ALBERT (BD",50.41634,2.97709,Plein jour,En agglomération,Intersection en X,Normale,Deux véhicules - côté,,,,,,,,,,,1,2,2,1.0,3
201400031910,0014-11-08 04:25:00,14,11,8,4,25,620,427,"sans, BUISSE (CHE. DE LA",50.43298,2.95298,Nuit sans éclairage public,En agglomération,Hors intersection,Normale,Autre collision,,,,,,,,,,,3,2,1,1.0,6
201400031911,0014-01-24 12:45:00,14,1,24,12,45,620,249,"11, POILUS rue de",50.41818,3.01785,Plein jour,En agglomération,Hors intersection,Normale,Autre collision,,,,,,,,,,,1,2,1,1.0,6
201400031912,0014-02-07 15:45:00,14,2,7,15,45,620,427,"0, LECLERCQ rue Henri",50.41975,2.94516,Plein jour,En agglomération,Intersection en X,Normale,Autre collision,,,,,,,,,,,1,2,2,1.0,6
201400031913,0014-02-16 09:20:00,14,2,16,9,20,620,351,HUGO (R VICTOR ),50.43062,2.91076,Plein jour,En agglomération,Giratoire,Normale,Autre collision,,,,,,,,,,,1,2,6,1.0,6
201400031914,0014-01-20 12:15:00,14,1,20,12,15,620,351,"127, LECLERC R DU MARE",50.42522,2.90633,Plein jour,En agglomération,Hors intersection,Normale,Autre collision,,,,,,,,,,,1,2,1,1.0,6
201400031915,0014-02-23 13:00:00,14,2,23,13,0,620,133,"104, REPUBLIQUE (AV. DE",50.41981,2.914,Plein jour,En agglomération,Hors intersection,Normale,Autre collision,,,,,,,,,,,1,2,1,1.0,6
201400031916,0014-02-11 12:25:00,14,2,11,12,25,620,427,SCHWEITZER ALBERT (BD,50.41643,2.97676,Plein jour,En agglomération,Hors intersection,Pluie forte,Deux véhicules - côté,,,,,,,,,,,1,2,1,3.0,3
201400031917,0014-04-11 15:05:00,14,4,11,15,5,620,351,RD 39,50.43736,2.92113,Plein jour,Hors agglomération,Hors intersection,Normale,Autre collision,,,,,,,,,,,1,1,1,1.0,6
201400031918,0014-04-19 16:15:00,14,4,19,16,15,620,427,"14, DEMARQUETTE (Rue",50.42066,2.94632,Plein jour,En agglomération,Hors intersection,Normale,Autre collision,,,,,,,,,,,1,2,1,1.0,6
201400031919,0014-04-17 14:25:00,14,4,17,14,25,620,427,GRUYELLE (Rue ELIE),50.42047,2.94947,Plein jour,En agglomération,Intersection en T,Normale,Autre collision,,,,,,,,,,,1,2,3,1.0,6