accident_id,datetime,annee,mois,jour,heure,minute,departement,commune_insee,adresse,latitude,longitude,luminosite,agglomeration,intersection,meteo,collision,nb_vehicules,nb_usagers,nb_indemnes,nb_tues,nb_blesses_hosp,nb_blesses_legers,age_cond_1,age_cond_2,veh_type_cond_1,veh_type_cond_2,lum_code,agg_code,int_code,atm_code,col_code
201400031920,0014-04-22 21:45:00,14,4,22,21,45,620,427,"210, GRUYELLE (Rue ELIE)",50.42082,2.95198,Nuit avec éclairage allumé,En agglomération,Intersection en T,Normale,Autre collision,,,,,,,,,,,5,2,3,1.0,6
201400031921,0014-04-05 22:00:00,14,4,5,22,0,620,624,VERDUN (R DE),50.42019,2.99439,Nuit avec éclairage allumé,En agglomération,Intersection en X,Normale,Deux véhicules - côté,,,,,,,,,,,5,2,2,1.0,3
201400031922,0014-04-28 19:25:00,14,4,28,19,25,620,274,"04, COURBET (R GUSTAVE)",50.43229,2.99196,Plein jour,En agglomération,Hors intersection,Normale,Autre collision,,,,,,,,,,,1,2,1,1.0,6
201400031923,0014-04-11 13:30:00,14,4,11,13,30,620,427,CHURCHILL (BD WINSTO,50.428,2.94595,Plein jour,En agglomération,Hors intersection,Normale,Autre collision,,,,,,,,,,,1,2,1,1.0,6
201400031924,0014-04-23 18:10:00,14,4,23,18,10,620,351,BOUSSAC (Rue DE),50.4211,2.89319,Plein jour,En agglomération,Intersection en T,Normale,Deux véhicules - côté,,,,,,,,,,,1,2,3,1.0,3
201400031925,0014-04-10 17:50:00,14,4,10,17,50,620,427,"239, TOUR D'AUVERGNE rue",50.40091,2.96479,Plein jour,En agglomération,Hors intersection,Normale,Autre collision,,,,,,,,,,,1,2,1,1.0,6
201400031926,0014-05-23 07:55:00,14,5,23,7,55,620,321,D160 E,50.43518,3.03552,Plein jour,Hors agglomération,Intersection en X,Normale,Trois véhicules et plus - collisions multiples,,,,,,,,,,,1,1,2,1.0,5
201400031927,0014-05-21 10:10:00,14,5,21,10,10,620,427,PAPIN (R DENIS),50.42065,2.94668,Plein jour,En agglomération,Hors intersection,Temps couvert,Autre collision,,,,,,,,,,,1,2,1,8.0,6
201400031928,0014-06-01 19:15:00,14,6,1,19,15,620,351,"., OUSSEKINE (R MALIK)",50.42647,2.91976,Plein jour,En agglomération,Hors intersection,Normale,Deux véhicules - côté,,,,,,,,,,,1,2,1,1.0,3
201400031929,0014-06-07 08:00:00,14,6,7,8,0,620,274,"0, CD 306",50.45331,3.00987,Crépuscule ou aube,Hors agglomération,Hors intersection,Normale,Autre collision,,,,,,,,,,,2,1,1,1.0,6
201400031930,0014-06-07 18:40:00,14,6,7,18,40,620,427,"182, HERBAUT (BD DES FRE",50.40889,2.94022,Plein jour,En agglomération,Hors intersection,Normale,Autre collision,,,,,,,,,,,1,2,1,1.0,6
201400031931,0014-06-07 19:30:00,14,6,7,19,30,620,427,"277, PASTEUR (rue",50.4166,2.94686,Plein jour,En agglomération,Hors intersection,Normale,Autre collision,,,,,,,,,,,1,2,1,1.0,6
201400031932,0014-06-09 13:15:00,14,6,9,13,15,620,497,"78, JAURES (R JEAN)",50.43961,3.0662,Plein jour,En agglomération,Hors intersection,Pluie légère,Deux véhicules - frontale,,,,,,,,,,,1,2,1,2.0,1
201400031933,0014-05-16 17:30:00,14,5,16,17,30,620,249,"11, FISMES (Rue DE)",50.4113,3.01582,Plein jour,En agglomération,Hors intersection,Normale,Autre collision,,,,,,,,,,,1,2,1,1.0,6
201400031934,0014-06-20 08:50:00,14,6,20,8,50,620,321,"220B, BASLY (R EMILE )",50.44047,3.02064,Plein jour,En agglomération,Intersection en X,Normale,Deux véhicules - côté,,,,,,,,,,,1,2,2,1.0,3
201400031935,0014-07-04 00:30:00,14,7,4,0,30,620,133,"17, REPUBLIQUE (AV. DE L",50.41984,2.90034,Nuit avec éclairage allumé,En agglomération,Hors intersection,Normale,Autre collision,,,,,,,,,,,5,2,1,1.0,6
201400031936,0014-06-24 17:40:00,14,6,24,17,40,620,351,"27, LECLERC (R DU MARECH",50.44439,2.90828,Plein jour,En agglomération,Autre intersection,Normale,Deux véhicules - côté,,,,,,,,,,,1,2,9,1.0,3
201400031937,0014-09-12 04:50:00,14,9,12,4,50,620,274,"0, RD 160",50.43777,2.99384,Nuit sans éclairage public,Hors agglomération,Hors intersection,Normale,Deux véhicules - frontale,,,,,,,,,,,3,1,1,1.0,1
201400031938,0014-08-28 10:40:00,14,8,28,10,40,620,427,"334, ABBAYE (R DE L' )",50.42383,2.94464,Plein jour,En agglomération,Hors intersection,Normale,Autre collision,,,,,,,,,,,1,2,1,1.0,6
201400031939,0014-09-23 11:10:00,14,9,23,11,10,620,427,"sans, ABBAYE (R DE L')",50.42242,2.94593,Plein jour,En agglomération,Intersection en T,Normale,Deux véhicules - arrière,,,,,,,,,,,1,2,3,1.0,2
201400031940,0014-10-11 12:15:00,14,10,11,12,15,620,249,JAURES (PL JEAN),50.419,3.01467,Plein jour,En agglomération,Giratoire,Normale,Autre collision,,,,,,,,,,,1,2,6,1.0,6
201400031941,0014-09-23 11:15:00,14,9,23,11,15,620,624,"0, CENTRE COMMERCIAL AUC",50.41153,2.97914,Plein jour,Hors agglomération,Autre intersection,Normale,Deux véhicules - côté,,,,,,,,,,,1,1,9,1.0,3
201400031942,0014-10-25 21:50:00,14,10,25,21,50,620,427,"482, DOURGES (R DE)",50.42733,2.96336,Nuit avec éclairage allumé,En agglomération,Hors intersection,Normale,Sans collision,,,,,,,,,,,5,2,1,1.0,7
201400031943,0014-09-27 14:40:00,14,9,27,14,40,620,427,"sans, laennec (rue du do",50.43611,2.94519,Plein jour,En agglomération,Hors intersection,Normale,Deux véhicules - arrière,,,,,,,,,,,1,2,1,1.0,2
201400031944,0014-10-31 17:25:00,14,10,31,17,25,620,497,"48, CARNOT (R LAZARE)",50.43012,3.06067,Crépuscule ou aube,En agglomération,Intersection en X,Normale,Deux véhicules - côté,,,,,,,,,,,2,2,2,1.0,3
201400031945,0014-11-08 06:30:00,14,11,8,6,30,620,321,"0, D160E",50.43232,3.02562,Nuit avec éclairage allumé,Hors agglomération,Autre intersection,Normale,Deux véhicules - côté,,,,,,,,,,,5,1,9,1.0,3
201400031946,0014-10-17 21:40:00,14,10,17,21,40,620,133,"sans, OUSSEKINE (R MALIK",50.42541,2.91897,Nuit avec éclairage allumé,En agglomération,Hors intersection,Normale,Deux véhicules - frontale,,,,,,,,,,,5,2,1,1.0,1
201400031947,0014-11-27 15:20:00,14,11,27,15,20,620,497,"29, VOLTAIRE (R )",50.43949,3.05906,Plein jour,En agglomération,Hors intersection,Normale,Deux véhicules - côté,,,,,,,,,,,1,2,1,1.0,3
201400031948,0014-12-04 17:55:00,14,12,4,17,55,620,249,"sans, FERRY (R JULES)",50.40969,3.00373,Crépuscule ou aube,En agglomération,Intersection en T,Normale,Deux véhicules - côté,,,,,,,,,,,2,2,3,1.0,3
201400031949,0014-11-22 07:30:00,14,11,22,7,30,620,497,"sans, EGALITE (R DE L')",50.4426,3.0632,Crépuscule ou aube,En agglomération,Giratoire,Normale,Deux véhicules - arrière,,,,,,,,,,,2,2,6,1.0,2
201400031950,0014-12-11 22:25:00,14,12,11,22,25,620,427,"187, GRUYELLE (R ELIE)",50.42069,2.95135,Nuit avec éclairage allumé,En agglomération,Intersection en T,Normale,Deux véhicules - frontale,,,,,,,,,,,5,2,3,1.0,1
201400031951,0014-11-15 13:45:00,14,11,15,13,45,620,498,"322, BETHUNE (RTE DE)",50.44145,2.80606,Plein jour,En agglomération,Hors intersection,Normale,Deux véhicules - arrière,,,,,,,,,,,1,2,1,1.0,2
201400031952,0014-01-16 21:20:00,14,1,16,21,20,620,771,"70, VAILLANT (R EDOUARD",50.41972,2.87286,Nuit avec éclairage allumé,En agglomération,Hors intersection,Normale,Autre collision,,,,,,,,,,,5,2,1,1.0,6
201400031953,0014-12-24 17:00:00,14,12,24,17,0,620,498,"251, MAES (AV. ALFRED )",50.42697,2.80622,Nuit avec éclairage allumé,En agglomération,Hors intersection,Pluie forte,Deux véhicules - côté,,,,,,,,,,,5,2,1,3.0,3
201400031954,0014-01-17 19:10:00,14,1,17,19,10,620,895,BASLY (R EMILE,50.49434,2.85091,Nuit avec éclairage allumé,En agglomération,Intersection en X,Pluie légère,Deux véhicules - côté,,,,,,,,,,,5,2,2,2.0,3
201400031955,0014-12-24 14:55:00,14,12,24,14,55,620,771,"77, LAMENDIN (R ARTHUR)",50.42003,2.86169,Plein jour,En agglomération,Hors intersection,Pluie forte,Deux véhicules - arrière,,,,,,,,,,,1,2,1,3.0,2
201400031956,0014-01-03 10:35:00,14,1,3,10,35,620,842,"sans, GUESDE (R JULES",50.47362,2.86647,Plein jour,En agglomération,Hors intersection,Pluie légère,Autre collision,,,,,,,,,,,1,2,1,2.0,6
201400031957,0014-01-11 11:30:00,14,1,11,11,30,620,498,BETHUNE (ROUTE DE),50.43853,2.8115,Plein jour,En agglomération,Intersection en T,Normale,Deux véhicules - côté,,,,,,,,,,,1,2,3,1.0,3
201400031958,0014-03-01 04:00:00,14,3,1,4,0,620,498,"SANS, BLUM (R LEON)",50.43999,2.79735,Nuit avec éclairage allumé,En agglomération,Hors intersection,Normale,Deux véhicules - côté,,,,,,,,,,,5,2,1,1.0,3
201400031959,0014-03-08 01:00:00,14,3,8,1,0,620,498,"87,NOTRE DAME DE LORETTE",50.42463,2.81566,Nuit avec éclairage allumé,En agglomération,Hors intersection,Normale,Autre collision,,,,,,,,,,,5,2,1,1.0,6
201400031960,0014-03-11 18:05:00,14,3,11,18,5,620,498,BASSEE (RTE DE LA),50.44329,2.81983,Plein jour,En agglomération,Hors intersection,Normale,Autre collision,,,,,,,,,,,1,2,1,1.0,6
201400031961,0014-03-22 13:30:00,14,3,22,13,30,620,895,"sans, PERI (R GABRIEL",50.48952,2.84093,Plein jour,En agglomération,Intersection en X,Normale,Deux véhicules - côté,,,,,,,,,,,1,2,2,1.0,3
201400031962,0014-04-10 10:00:00,14,4,10,10,0,620,498,DELOTS (R AUGUSTIN,50.43099,2.84011,Plein jour,En agglomération,Hors intersection,Normale,Autre collision,,,,,,,,,,,1,2,1,1.0,6
201400031963,0014-04-12 21:15:00,14,4,12,21,15,620,498,"101, BLUM (R LEON)",50.43908,2.79584,Nuit avec éclairage allumé,En agglomération,Hors intersection,Normale,Autre collision,,,,,,,,,,,5,2,1,1.0,6
201400031964,0014-03-29 17:30:00,14,3,29,17,30,620,628,COURTAIGNE rue de,50.41982,2.88644,Plein jour,En agglomération,Intersection en X,Normale,Deux véhicules - côté,,,,,,,,,,,1,2,2,1.0,3
201400031965,0014-04-10 08:35:00,14,4,10,8,35,620,498,"17, QUATRE SEPTEMBRE (AV",50.43216,2.82961,Plein jour,En agglomération,Hors intersection,Normale,Autre collision,,,,,,,,,,,1,2,1,1.0,6
201400031966,0014-05-04 16:00:00,14,5,4,16,0,620,628,Departementale 262,50.42826,2.86676,Plein jour,Hors agglomération,Hors intersection,Normale,Deux véhicules - arrière,,,,,,,,,,,1,1,1,1.0,2
201400031967,0014-05-15 18:55:00,14,5,15,18,55,620,498,ALLENDE (R SALVADOR ),50.44226,2.83177,Plein jour,En agglomération,Hors intersection,Normale,Autre collision,,,,,,,,,,,1,2,1,1.0,6
201400031968,0014-05-17 16:10:00,14,5,17,16,10,620,842,ST NAZAIRE n 107,50.45999,2.84791,Plein jour,En agglomération,Hors intersection,Normale,Deux véhicules - frontale,,,,,,,,,,,1,2,1,1.0,1
201400031969,0014-05-28 11:35:00,14,5,28,11,35,620,842,LECOEUR (R JACQUES,50.47328,2.86984,Plein jour,En agglomération,Hors intersection,Normale,Deux véhicules - arrière,,,,,,,,,,,1,2,1,1.0,2
201400031970,0014-05-22 16:30:00,14,5,22,16,30,620,895,RN 47,50.48643,2.83627,Plein jour,Hors agglomération,Autre intersection,Normale,Deux véhicules - arrière,,,,,,,,,,,1,1,9,1.0,2
201400031971,0014-03-29 07:00:00,14,3,29,7,0,620,842,BLANDAIN rue,50.45592,2.84502,Plein jour,En agglomération,Intersection en X,Normale,Deux véhicules - côté,,,,,,,,,,,1,2,2,1.0,3
201400031972,0014-03-05 13:25:00,14,3,5,13,25,620,498,LAFARGUE rue Paul,50.44565,2.83313,Plein jour,En agglomération,Intersection en X,Normale,Deux véhicules - côté,,,,,,,,,,,1,2,2,1.0,3
201400031973,0014-06-28 04:30:00,14,6,28,4,30,620,771,"SANS, DARRAS (R CONSTANT",50.42392,2.84722,Nuit avec éclairage allumé,En agglomération,Giratoire,Normale,Autre collision,,,,,,,,,,,5,2,6,1.0,6
201400031974,0014-04-25 14:00:00,14,4,25,14,0,620,498,"0000, LEFEBVRE (R AUGUST",50.43984,2.81355,Plein jour,En agglomération,Intersection en X,Normale,Deux véhicules - côté,,,,,,,,,,,1,2,2,1.0,3
201400031975,0014-04-19 16:50:00,14,4,19,16,50,620,771,LAMENDIN (R ARTHUR,50.4208,2.85874,Plein jour,En agglomération,Intersection en X,Normale,Autre collision,,,,,,,,,,,1,2,2,1.0,6
201400031976,0014-05-25 09:45:00,14,5,25,9,45,620,498,"0, VAN PELT (AV. ALFRED)",50.43124,2.84176,Plein jour,En agglomération,Hors intersection,Normale,Autre collision,,,,,,,,,,,1,2,1,1.0,6
201400031977,0014-05-18 17:00:00,14,5,18,17,0,620,895,CANARDERIE rue de la,50.49744,2.87248,Plein jour,En agglomération,Hors intersection,Normale,Autre collision,,,,,,,,,,,1,2,1,1.0,6
201400031978,0014-06-13 10:50:00,14,6,13,10,50,620,628,RD 262,50.4214,2.87125,Plein jour,En agglomération,Hors intersection,Normale,Autre collision,,,,,,,,,,,1,2,1,1.0,6
201400031979,0014-07-07 21:40:00,14,7,7,21,40,620,628,"1, DESSINGES (IMP)",50.42098,2.87501,Crépuscule ou aube,En agglomération,Hors intersection,Normale,Autre collision,,,,,,,,,,,2,2,1,1.0,6
201400031980,0014-07-31 15:30:00,14,7,31,15,30,620,464,"face 246, SALENGRO (R RO",50.49198,2.80909,Plein jour,En agglomération,Hors intersection,Normale,Autre collision,,,,,,,,,,,1,2,1,1.0,6
201400031981,0014-08-02 05:25:00,14,8,2,5,25,620,498,"103, LA BASSEE (RTE DE",50.44148,2.82031,Crépuscule ou aube,En agglomération,Hors intersection,Normale,Autre collision,,,,,,,,,,,2,2,1,1.0,6
201400031982,0014-08-04 17:45:00,14,8,4,17,45,620,498,"174/176, BERT (R PAUL",50.43187,2.8073,Crépuscule ou aube,En agglomération,Hors intersection,Normale,Deux véhicules - arrière,,,,,,,,,,,2,2,1,1.0,2
201400031983,0014-08-09 23:20:00,14,8,9,23,20,620,628,P?n?trante A 21,50.43421,2.86968,Nuit avec éclairage allumé,Hors agglomération,Hors intersection,Normale,Autre collision,,,,,,,,,,,5,1,1,1.0,6
201400031984,0014-08-17 00:45:00,14,8,17,0,45,620,771,"18, DARRAS (R CONSTANT)",50.42512,2.84248,Nuit avec éclairage allumé,En agglomération,Hors intersection,Normale,Autre collision,,,,,,,,,,,5,2,1,1.0,6
201400031985,0014-08-13 19:35:00,14,8,13,19,35,620,771,"face au 72, DARRAS (R",50.39447,2.92805,Plein jour,En agglomération,Hors intersection,Normale,Autre collision,,,,,,,,,,,1,2,1,1.0,6
201400031986,0014-09-07 17:15:00,14,9,7,17,15,620,628,"sans, CARVIN (R DE)",50.42532,2.87636,Plein jour,En agglomération,Intersection en X,Normale,Deux véhicules - côté,,,,,,,,,,,1,2,2,1.0,3
201400031987,0014-08-28 10:00:00,14,8,28,10,0,620,523,rue Madeleine DERAM,50.44024,2.86068,Plein jour,En agglomération,Hors intersection,Normale,Autre collision,,,,,,,,,,,1,2,1,1.0,6
201400031988,0014-09-03 09:25:00,14,9,3,9,25,620,498,"0, FALAISE (R DE)",50.44309,2.83047,Plein jour,En agglomération,Intersection en X,Normale,Deux véhicules - côté,,,,,,,,,,,1,2,2,1.0,3
201400031989,0014-09-22 14:20:00,14,9,22,14,20,620,498,"37, NOTRE DAME DE LORETT",50.4252,2.81814,Plein jour,En agglomération,Hors intersection,Normale,Autre collision,,,,,,,,,,,1,2,1,1.0,6
201400031990,0014-09-15 17:35:00,14,9,15,17,35,620,895,"54, GUESDE (R JULES)",50.4949,2.85488,Plein jour,En agglomération,Hors intersection,Normale,Deux véhicules - arrière,,,,,,,,,,,1,2,1,1.0,2
201400031991,0014-09-17 09:05:00,14,9,17,9,5,620,498,"108, BLUM (R LEON)",50.43899,2.79561,Plein jour,En agglomération,Hors intersection,Normale,Autre collision,,,,,,,,,,,1,2,1,1.0,6
201400031992,0014-09-30 12:50:00,14,9,30,12,50,620,498,"13, BROSSOLETTE (R PIERR",50.44354,2.80371,Plein jour,En agglomération,Intersection en T,Normale,Deux véhicules - arrière,,,,,,,,,,,1,2,3,1.0,2
201400031993,0014-09-02 09:40:00,14,9,2,9,40,620,498,"SANS, JAURES (AV. JEAN)",50.42915,2.8313,Plein jour,En agglomération,Hors intersection,Normale,Autre collision,,,,,,,,,,,1,2,1,1.0,6
201400031994,0014-10-08 06:10:00,14,10,8,6,10,620,523,HARNES (RTE D'),50.43889,2.87481,Nuit avec éclairage allumé,En agglomération,Intersection en T,Temps couvert,Sans collision,,,,,,,,,,,5,2,3,8.0,7
201400031995,0014-09-28 00:35:00,14,9,28,0,35,620,498,"sans, BETHUNE (RTE DE)",50.43852,2.81149,Nuit avec éclairage non allumé,En agglomération,Intersection en T,Normale,Deux véhicules - côté,,,,,,,,,,,4,2,3,1.0,3
201400031996,0014-10-09 09:40:00,14,10,9,9,40,620,498,"SANS, BETHUNE (RTE DE)",50.43616,2.81586,Plein jour,En agglomération,Hors intersection,Normale,Autre collision,,,,,,,,,,,1,2,1,1.0,6
201400031997,0014-10-09 08:10:00,14,10,9,8,10,620,498,"25A, ONZE NOVEMBRE (R DU",50.43152,2.82509,Plein jour,En agglomération,Hors intersection,Normale,Trois véhicules et plus - collisions multiples,,,,,,,,,,,1,2,1,1.0,5
201400031998,0014-11-04 17:00:00,14,11,4,17,0,620,573,"sans, RD165",50.49033,2.89405,Plein jour,Hors agglomération,Hors intersection,Normale,Trois véhicules et plus - collisions multiples,,,,,,,,,,,1,1,1,1.0,5
201400031999,0014-10-08 11:50:00,14,10,8,11,50,620,842,"sans, PASTEUR (R )",50.47238,2.86878,Plein jour,En agglomération,Hors intersection,Temps couvert,Autre collision,,,,,,,,,,,1,2,1,8.0,6
201400032000,0014-10-24 19:00:00,14,10,24,19,0,620,573,"SANS, RD165",50.49032,2.89374,Nuit sans éclairage public,Hors agglomération,Hors intersection,Pluie légère,Deux véhicules - frontale,,,,,,,,,,,3,1,1,2.0,1
201400032001,0014-11-03 14:25:00,14,11,3,14,25,620,498,"sans, BLUM (R LEON)",50.43826,2.79425,Plein jour,En agglomération,Hors intersection,Pluie forte,Autre collision,,,,,,,,,,,1,2,1,3.0,6
201400032002,0014-12-02 07:50:00,14,12,2,7,50,620,498,"91, BLUM (R LEON)",50.43787,2.79366,Plein jour,En agglomération,Passage à niveau,Normale,Autre collision,,,,,,,,,,,1,2,8,1.0,6
201400032003,0014-12-11 07:20:00,14,12,11,7,20,620,498,"SANS, BASSEE (RTE DE LA)",50.45139,2.81763,Crépuscule ou aube,En agglomération,Hors intersection,Pluie forte,Deux véhicules - côté,,,,,,,,,,,2,2,1,3.0,3
201400032004,0014-01-06 13:30:00,14,1,6,13,30,620,32,ALLENDE (PL.SALVADOR,50.4084,2.75689,Plein jour,En agglomération,Hors intersection,Pluie légère,Deux véhicules - côté,,,,,,,,,,,1,2,1,2.0,3
201400032005,0014-12-20 08:30:00,14,12,20,8,30,620,510,"., LEMAIRE (R FLORIMONT",50.41825,2.76976,Plein jour,En agglomération,Hors intersection,Normale,Sans collision,,,,,,,,,,,1,2,1,1.0,7
201400032006,0014-02-15 18:20:00,14,2,15,18,20,620,563,BEUGNET (R CASIMIR),50.47069,2.71862,Plein jour,En agglomération,Hors intersection,Normale,Deux véhicules - côté,,,,,,,,,,,1,2,1,1.0,3
201400032007,0014-02-14 20:10:00,14,2,14,20,10,620,510,MITTERAND (AV FRANCOIS,50.42737,2.78882,Crépuscule ou aube,Hors agglomération,Hors intersection,Normale,Sans collision,,,,,,,,,,,2,1,1,1.0,7
201400032008,0014-02-01 20:00:00,14,2,1,20,0,620,510,"2, DERNONCOURT (R HENRI)",50.41737,2.7931,Nuit avec éclairage allumé,En agglomération,Hors intersection,Normale,Autre collision,,,,,,,,,,,5,2,1,1.0,6
201400032009,0014-03-08 19:15:00,14,3,8,19,15,620,510,TASSIGNY (R DU MAL. DE,50.4149,2.7637,Crépuscule ou aube,En agglomération,Hors intersection,Normale,Deux véhicules - côté,,,,,,,,,,,2,2,1,1.0,3
201400032010,0014-03-12 19:50:00,14,3,12,19,50,620,528,"., BLUM (R LEON)",50.44564,2.7879,Plein jour,En agglomération,Hors intersection,Normale,Deux véhicules - arrière,,,,,,,,,,,1,2,1,1.0,2
201400032011,0014-03-22 12:20:00,14,3,22,12,20,620,510,"41, JAURES (AV JEAN",50.42329,2.7852,Plein jour,En agglomération,Hors intersection,Neige / grêle,Deux véhicules - côté,,,,,,,,,,,1,2,1,4.0,3
201400032012,0014-03-28 12:00:00,14,3,28,12,0,620,186,CONDORCET rue,50.43911,2.72657,Plein jour,En agglomération,Hors intersection,Normale,Sans collision,,,,,,,,,,,1,2,1,1.0,7
201400032013,0014-04-04 14:45:00,14,4,4,14,45,620,510,"0, MITTERAND av FRANCOIS",50.4264,2.7912,Plein jour,Hors agglomération,Hors intersection,Normale,Deux véhicules - côté,,,,,,,,,,,1,1,1,1.0,3
201400032014,0014-04-08 07:55:00,14,4,8,7,55,620,510,TASSIGNY rue du marechal,50.41502,2.76391,Plein jour,En agglomération,Hors intersection,Normale,Autre collision,,,,,,,,,,,1,2,1,1.0,6
201400032015,0014-04-21 21:55:00,14,4,21,21,55,620,510,"82, CARPENTIER (R George",50.42375,2.7562,Nuit avec éclairage allumé,En agglomération,Hors intersection,Normale,Autre collision,,,,,,,,,,,5,2,1,1.0,6
201400032016,0014-04-29 07:40:00,14,4,29,7,40,620,19,"., BETHUNE (R DE)",50.42892,2.70741,Plein jour,En agglomération,Hors intersection,Normale,Autre collision,,,,,,,,,,,1,2,1,1.0,6
201400032017,0014-04-28 13:45:00,14,4,28,13,45,620,510,"., LECLERC (AV DU MAR",50.42239,2.77572,Plein jour,En agglomération,Hors intersection,Normale,Autre collision,,,,,,,,,,,1,2,1,1.0,6
201400032018,0014-05-07 21:30:00,14,5,7,21,30,620,386,BEUGNET (Rue CASIMIR),50.4463,2.73923,Crépuscule ou aube,En agglomération,Hors intersection,Normale,Deux véhicules - frontale,,,,,,,,,,,2,2,1,1.0,1
201400032019,0014-05-13 14:30:00,14,5,13,14,30,620,186,VOLTAIRE rue,50.44675,2.72292,Plein jour,En agglomération,Hors intersection,Normale,Deux véhicules - côté,,,,,,,,,,,1,2,1,1.0,3
201400032020,0014-05-19 17:15:00,14,5,19,17,15,620,386,"., FLANDRE (BD DE LA)",50.44869,2.74271,Plein jour,En agglomération,Hors intersection,Normale,Sans collision,,,,,,,,,,,1,2,1,1.0,7
201400032021,0014-06-02 21:00:00,14,6,2,21,0,620,186,"13, DEBEAUMONT ( RUE EDM",50.44302,2.72302,Plein jour,En agglomération,Hors intersection,Normale,Autre collision,,,,,,,,,,,1,2,1,1.0,6
201400032022,0014-06-05 23:10:00,14,6,5,23,10,620,563,"., DUTOUQUET (R )",50.46654,2.71978,Nuit avec éclairage allumé,En agglomération,Hors intersection,Normale,Trois véhicules et plus - collisions multiples,,,,,,,,,,,5,2,1,1.0,5
201400032023,0014-06-13 19:30:00,14,6,13,19,30,620,510,"., MARTIN (R HENRI )",50.42466,2.77474,Plein jour,En agglomération,Hors intersection,Normale,Deux véhicules - côté,,,,,,,,,,,1,2,1,1.0,3
201400032024,0014-06-26 21:05:00,14,6,26,21,5,620,19,"., ARRAS (R D')",50.42641,2.71142,Plein jour,En agglomération,Giratoire,Normale,Deux véhicules - côté,,,,,,,,,,,1,2,6,1.0,3
201400032025,0014-07-02 15:05:00,14,7,2,15,5,620,186,"., LOIRE (BD DE LA)",50.45681,2.72202,Plein jour,En agglomération,Hors intersection,Normale,Deux véhicules - côté,,,,,,,,,,,1,2,1,1.0,3
201400032026,0014-07-28 12:15:00,14,7,28,12,15,620,510,"., FENELON (R)",50.4226,2.78741,Plein jour,En agglomération,Hors intersection,Normale,Sans collision,,,,,,,,,,,1,2,1,1.0,7
201400032027,0014-08-02 16:25:00,14,8,2,16,25,620,510,AMPERE (R),50.42144,2.79673,Plein jour,En agglomération,Hors intersection,Normale,Deux véhicules - côté,,,,,,,,,,,1,2,1,1.0,3
201400032028,0014-08-05 18:20:00,14,8,5,18,20,620,19,RD 301,50.43533,2.69422,Plein jour,Hors agglomération,Hors intersection,Normale,Autre collision,,,,,,,,,,,1,1,1,1.0,6
201400032029,0014-08-14 23:45:00,14,8,14,23,45,620,186,"., BEUGNET (R CASIMIR)",50.45475,2.72103,Nuit avec éclairage allumé,En agglomération,Hors intersection,Normale,Deux véhicules - côté,,,,,,,,,,,5,2,1,1.0,3
201400032030,0014-08-21 00:45:00,14,8,21,0,45,620,510,"., TASSIGNY (R DU MAL. D",50.41494,2.76372,Nuit avec éclairage allumé,En agglomération,Intersection en X,Normale,Deux véhicules - côté,,,,,,,,,,,5,2,2,1.0,3
201400032031,0014-08-30 12:30:00,14,8,30,12,30,620,528,"., PASTEUR (R)",50.4578,2.7938,Plein jour,En agglomération,Hors intersection,Normale,Sans collision,,,,,,,,,,,1,2,1,1.0,7
201400032032,0014-09-15 18:40:00,14,9,15,18,40,620,510,"., LIBERTE (R DE LA )",50.4371,2.77951,Plein jour,En agglomération,Hors intersection,Normale,Deux véhicules - côté,,,,,,,,,,,1,2,1,1.0,3
201400032033,0014-09-17 09:30:00,14,9,17,9,30,620,510,"., BARRE (R CHEVALIER DE",50.42299,2.78303,Plein jour,En agglomération,Hors intersection,Normale,Sans collision,,,,,,,,,,,1,2,1,1.0,7
201400032034,0014-10-06 17:50:00,14,10,6,17,50,620,563,"., LOIRE (BD DE LA)",50.45908,2.72217,Plein jour,En agglomération,Hors intersection,Normale,Deux véhicules - côté,,,,,,,,,,,1,2,1,1.0,3
201400032035,0014-10-11 19:00:00,14,10,11,19,0,620,386,"0, ZOLA (R EMILE)",50.45199,2.73276,Plein jour,En agglomération,Hors intersection,Normale,Deux véhicules - frontale,,,,,,,,,,,1,2,1,1.0,1
201400032036,0014-11-02 23:00:00,14,11,2,23,0,620,186,"., SALENGRO (R ROGER)",50.44625,2.7307,Nuit avec éclairage allumé,En agglomération,Hors intersection,Pluie légère,Deux véhicules - frontale,,,,,,,,,,,5,2,1,2.0,1
201400032037,0014-11-12 16:45:00,14,11,12,16,45,620,510,"., ABREGAIN (R DE)",50.42392,2.77777,Plein jour,En agglomération,Hors intersection,Normale,Sans collision,,,,,,,,,,,1,2,1,1.0,7
201400032038,0014-11-19 08:05:00,14,11,19,8,5,620,186,JAURES (R  JEAN),50.44025,2.71985,Plein jour,En agglomération,Hors intersection,Normale,Deux véhicules - arrière,,,,,,,,,,,1,2,1,1.0,2
201400032039,0014-11-16 14:30:00,14,11,16,14,30,620,510,"., CD58",50.42218,2.77345,Plein jour,Hors agglomération,Hors intersection,Normale,Deux véhicules - côté,,,,,,,,,,,1,1,1,1.0,3