accident_id,datetime,annee,mois,jour,heure,minute,departement,commune_insee,adresse,latitude,longitude,luminosite,agglomeration,intersection,meteo,collision,nb_vehicules,nb_usagers,nb_indemnes,nb_tues,nb_blesses_hosp,nb_blesses_legers,age_cond_1,age_cond_2,veh_type_cond_1,veh_type_cond_2,lum_code,agg_code,int_code,atm_code,col_code
201400032040,0014-12-01 07:00:00,14,12,1,7,0,620,186,"., GARE (PL. DE LA )",50.44832,2.73249,Crépuscule ou aube,En agglomération,Hors intersection,Normale,Deux véhicules - côté,,,,,,,,,,,2,2,1,1.0,3
201400032041,0014-12-11 18:50:00,14,12,11,18,50,620,510,"., MARTIN (R HENRI)",50.42292,2.77095,Crépuscule ou aube,En agglomération,Hors intersection,Normale,Sans collision,,,,,,,,,,,2,2,1,1.0,7
201400032042,0014-12-05 17:30:00,14,12,5,17,30,620,32,"., CLEMENCEAU (R GEORGES",50.40807,2.76108,Crépuscule ou aube,En agglomération,Hors intersection,Normale,Deux véhicules - côté,,,,,,,,,,,2,2,1,1.0,3
201400032043,0014-12-21 18:55:00,14,12,21,18,55,620,510,"., LEMAIRE (R FLORIMONT)",50.41826,2.76977,Crépuscule ou aube,En agglomération,Hors intersection,Normale,Sans collision,,,,,,,,,,,2,2,1,1.0,7
201400032044,0014-03-16 17:00:00,14,3,16,17,0,620,197,"54, BRUNEHAUT CD 341",50.4804,2.4779,Plein jour,En agglomération,Hors intersection,Normale,Autre collision,,,,,,,,,,,1,2,1,1.0,6
201400032045,0014-03-27 23:05:00,14,3,27,23,5,620,555,"12, GAMBETTA (RUE LEON )",50.50165,2.50171,Nuit avec éclairage allumé,En agglomération,Hors intersection,Normale,Autre collision,,,,,,,,,,,5,2,1,1.0,6
201400032046,0014-08-02 13:20:00,14,8,2,13,20,620,555,CD 188,50.49932,2.52731,Plein jour,Hors agglomération,Intersection en X,Normale,Deux véhicules - côté,,,,,,,,,,,1,1,2,1.0,3
201400032047,0014-08-16 18:05:00,14,8,16,18,5,620,555,CD 188,50.49927,2.52734,Plein jour,Hors agglomération,Intersection en X,Normale,Trois véhicules et plus - collisions multiples,,,,,,,,,,,1,1,2,1.0,5
201400032048,0014-01-22 16:00:00,14,1,22,16,0,620,737,"129, NATIONALE (ROUTE",50.4542,2.68442,Plein jour,En agglomération,Hors intersection,Pluie légère,Deux véhicules - frontale,,,,,,,,,,,1,2,1,2.0,1
201400032049,0014-04-09 17:20:00,14,4,9,17,20,620,737,LIBERTE bld DE LA,50.4444,2.68332,Plein jour,En agglomération,Intersection en X,Normale,Deux véhicules - côté,,,,,,,,,,,1,2,2,1.0,3
201400032050,0014-02-08 19:35:00,14,2,8,19,35,620,617,"70, SAILLY (rue de",50.48207,2.66732,Nuit avec éclairage allumé,En agglomération,Hors intersection,Normale,Autre collision,,,,,,,,,,,5,2,1,1.0,6
201400032051,0014-03-22 17:10:00,14,3,22,17,10,620,83,"01, TROYES (RUE DE)",50.45486,2.61629,Plein jour,En agglomération,Hors intersection,Normale,Autre collision,,,,,,,,,,,1,2,1,1.0,6
201400032052,0014-03-28 08:10:00,14,3,28,8,10,620,83,HERSIN rue d',50.45744,2.62297,Plein jour,En agglomération,Hors intersection,Normale,Autre collision,,,,,,,,,,,1,2,1,1.0,6
201400032053,0014-04-13 19:23:00,14,4,13,19,23,620,617,CD937,50.47052,2.68548,Plein jour,Hors agglomération,Hors intersection,Normale,Deux véhicules - frontale,,,,,,,,,,,1,1,1,1.0,1
201400032054,0014-04-21 12:25:00,14,4,21,12,25,620,540,ROND POINT DE LA RD72,50.45093,2.57907,Plein jour,En agglomération,Giratoire,Normale,Deux véhicules - côté,,,,,,,,,,,1,2,6,1.0,3
201400032055,0014-05-15 08:30:00,14,5,15,8,30,620,737,"12, PRINCE (RUE DU )",50.4358,2.67638,Plein jour,En agglomération,Hors intersection,Normale,Autre collision,,,,,,,,,,,1,2,1,1.0,6
201400032056,0014-06-01 20:50:00,14,6,1,20,50,620,456,RUITZ (RUE DE),50.48017,2.61554,Crépuscule ou aube,Hors agglomération,Hors intersection,Normale,Sans collision,,,,,,,,,,,2,1,1,1.0,7
201400032057,0014-07-19 16:30:00,14,7,19,16,30,620,540,"1, D941",50.45524,2.57303,Plein jour,Hors agglomération,Hors intersection,Normale,Sans collision,,,,,,,,,,,1,1,1,1.0,7
201400032058,0014-08-06 20:10:00,14,8,6,20,10,620,83,"7, AMADE (RUE D')",50.44465,2.6139,Plein jour,En agglomération,Hors intersection,Normale,Deux véhicules - frontale,,,,,,,,,,,1,2,1,1.0,1
201400032059,0014-08-28 17:18:00,14,8,28,17,18,620,456,RD 72,50.47787,2.61071,Plein jour,Hors agglomération,Hors intersection,Normale,Deux véhicules - frontale,,,,,,,,,,,1,1,1,1.0,1
201400032060,0014-08-31 06:50:00,14,8,31,6,50,620,617,LAC (AVENUE DU),50.47554,2.67822,Crépuscule ou aube,Hors agglomération,Hors intersection,Normale,Autre collision,,,,,,,,,,,2,1,1,1.0,6
201400032061,0014-08-12 09:00:00,14,8,12,9,0,620,617,"01, CASTELNAU (BD DU G",50.46615,2.67334,Plein jour,En agglomération,Hors intersection,Normale,Autre collision,,,,,,,,,,,1,2,1,1.0,6
201400032062,0014-09-06 04:55:00,14,9,6,4,55,620,617,"1, BLUM (RUE LEON)",50.48016,2.66559,Nuit avec éclairage allumé,En agglomération,Autre intersection,Normale,Autre collision,,,,,,,,,,,5,2,9,1.0,6
201400032063,0014-11-03 20:55:00,14,11,3,20,55,620,737,"14, JAURES (RUE JEAN)",50.45067,2.68595,Nuit avec éclairage allumé,En agglomération,Hors intersection,Pluie légère,Autre collision,,,,,,,,,,,5,2,1,2.0,6
201400032064,0014-08-23 23:00:00,14,8,23,23,0,620,902,"24, LAGRANGE (RUE LEO",50.70778,2.22711,Nuit avec éclairage allumé,En agglomération,Hors intersection,Pluie légère,Autre collision,,,,,,,,,,,5,2,1,2.0,6
201400032065,0014-01-13 11:30:00,14,1,13,11,30,620,765,"13, HAUT PONT (QUAI DU",50.75731,2.26078,Plein jour,En agglomération,Hors intersection,Normale,Autre collision,,,,,,,,,,,1,2,1,1.0,6
201400032066,0014-01-17 17:40:00,14,1,17,17,40,620,525,"4, CORDONNIER (Rue DENIS",50.74244,2.24806,Nuit avec éclairage allumé,En agglomération,Hors intersection,Pluie légère,Autre collision,,,,,,,,,,,5,2,1,2.0,6
201400032067,0014-02-04 13:10:00,14,2,4,13,10,620,765,SAINT MOMELIN route de,50.78719,2.25134,Plein jour,Hors agglomération,Hors intersection,Normale,Deux véhicules - côté,,,,,,,,,,,1,1,1,1.0,3
201400032068,0014-02-20 07:40:00,14,2,20,7,40,620,765,DE GAULLE (Av Charles,50.74119,2.25767,Crépuscule ou aube,En agglomération,Hors intersection,Pluie légère,Autre collision,,,,,,,,,,,2,2,1,2.0,6
201400032069,0014-05-26 18:55:00,14,5,26,18,55,620,525,"18, CLEMENCEAU (AV GEOR",50.74339,2.25011,Plein jour,En agglomération,Hors intersection,Pluie légère,Deux véhicules - côté,,,,,,,,,,,1,2,1,2.0,3
201400032070,0014-07-14 20:15:00,14,7,14,20,15,620,765,"71, FAISEURS DE BATEAUX",50.76456,2.26095,Plein jour,En agglomération,Hors intersection,Normale,Autre collision,,,,,,,,,,,1,2,1,1.0,6
201400032071,0014-08-06 19:10:00,14,8,6,19,10,620,525,REMBRANDT (RUE),50.73927,2.2718,Plein jour,En agglomération,Hors intersection,Normale,Deux véhicules - côté,,,,,,,,,,,1,2,1,1.0,3
201400032072,0014-10-31 10:00:00,14,10,31,10,0,620,757,"21, JOFFRE (AVE.... 1A 3",50.75456,2.23821,Plein jour,En agglomération,Hors intersection,Temps éblouissant,Autre collision,,,,,,,,,,,1,2,1,7.0,6
201400032073,0014-11-11 19:45:00,14,11,11,19,45,620,525,"., BOUCHER (RUE HELENE..",50.7433,2.27452,Nuit avec éclairage allumé,En agglomération,Intersection en X,Normale,Deux véhicules - côté,,,,,,,,,,,5,2,2,1.0,3
201400032074,0014-09-25 15:35:00,14,9,25,15,35,620,826,"1, PLAGE (BOULEVARD DE L",50.52325,1.58057,Plein jour,En agglomération,Hors intersection,Normale,Autre collision,,,,,,,,,,,1,2,1,1.0,6
201400032075,0014-02-15 11:50:00,14,2,15,11,50,620,826,"36, LONDRES (RUE DE)",50.52516,1.58554,Plein jour,En agglomération,Intersection en X,Normale,Deux véhicules - côté,,,,,,,,,,,1,2,2,1.0,3
201400032076,0014-03-16 07:00:00,14,3,16,7,0,620,826,"1, GENERAL DE GAULLE",50.50812,1.60847,Crépuscule ou aube,En agglomération,Hors intersection,Normale,Autre collision,,,,,,,,,,,2,2,1,1.0,6
201400032077,0014-04-13 11:50:00,14,4,13,11,50,620,826,PICARDIE   AVENUE DE,50.51735,1.61024,Plein jour,En agglomération,Intersection en X,Normale,Deux véhicules - côté,,,,,,,,,,,1,2,2,1.0,3
201400032078,0014-04-21 04:30:00,14,4,21,4,30,620,826,GENERAL DE GAULLE avenue,50.50876,1.6001,Nuit avec éclairage allumé,En agglomération,Hors intersection,Normale,Autre collision,,,,,,,,,,,5,2,1,1.0,6
201400032079,0014-06-12 12:20:00,14,6,12,12,20,620,826,"1, SAINT JEAN (RUE)",50.52401,1.58456,Plein jour,En agglomération,Intersection en X,Normale,Autre collision,,,,,,,,,,,1,2,2,1.0,6
201400032080,0014-07-11 00:10:00,14,7,11,0,10,620,826,"1, CANADIENS (AVENUE DES",50.51209,1.61561,Nuit avec éclairage allumé,En agglomération,Giratoire,Pluie forte,Sans collision,,,,,,,,,,,5,2,6,3.0,7
201400032081,0014-07-22 17:55:00,14,7,22,17,55,620,826,"35, DALOZ (BOULEVARD)",50.52246,1.58748,Plein jour,En agglomération,Autre intersection,Normale,Autre collision,,,,,,,,,,,1,2,9,1.0,6
201400032082,0014-08-10 05:10:00,14,8,10,5,10,620,826,LONDRES (rue de ),50.51985,1.58246,Nuit avec éclairage allumé,En agglomération,Intersection en X,Pluie légère,Deux véhicules - côté,,,,,,,,,,,5,2,2,2.0,3
201400032083,0014-08-18 09:55:00,14,8,18,9,55,620,826,"1, CHATEAU (AVENUE DU)",50.51532,1.6061,Plein jour,En agglomération,Intersection en T,Normale,Deux véhicules - côté,,,,,,,,,,,1,2,3,1.0,3
201400032084,0014-08-13 07:55:00,14,8,13,7,55,620,826,1 MONTHOR (CHEMIN),50.5096,1.61984,Crépuscule ou aube,En agglomération,Autre intersection,Normale,Deux véhicules - arrière,,,,,,,,,,,2,2,9,1.0,2
201400032085,0014-08-20 15:25:00,14,8,20,15,25,620,826,"1, VINCENT (AVENUE)",50.51147,1.60628,Plein jour,En agglomération,Intersection en X,Normale,Deux véhicules - frontale,,,,,,,,,,,1,2,2,1.0,1
201400032086,0014-08-23 14:25:00,14,8,23,14,25,620,826,"01, DUNKERQUE (AVENUE DE",50.51518,1.58395,Plein jour,En agglomération,Hors intersection,Normale,Autre collision,,,,,,,,,,,1,2,1,1.0,6
201400032087,0014-09-13 20:00:00,14,9,13,20,0,620,826,"1, DOROTHEE (RUE)",50.51838,1.58204,Crépuscule ou aube,En agglomération,Intersection en X,Normale,Deux véhicules - côté,,,,,,,,,,,2,2,2,1.0,3
201400032088,0014-10-02 12:10:00,14,10,2,12,10,620,826,"1, DALOZ (BOULEVARD)",50.52337,1.58828,Plein jour,En agglomération,Intersection en X,Normale,Trois véhicules et plus - en chaîne,,,,,,,,,,,1,2,2,1.0,4
201400032089,0014-10-03 10:30:00,14,10,3,10,30,620,826,"1, SAINT LOUIS (RUE)",50.52313,1.58461,Plein jour,En agglomération,Intersection en X,Normale,Autre collision,,,,,,,,,,,1,2,2,1.0,6
201400032090,0014-12-23 11:30:00,14,12,23,11,30,620,826,"00, JOSEPH DUBOC (RUE)",50.52704,1.58383,Plein jour,En agglomération,Intersection en X,Pluie légère,Deux véhicules - frontale,,,,,,,,,,,1,2,2,2.0,1
201400032091,0014-01-04 07:00:00,14,1,4,7,0,630,75,BERTHELOT (BOULEVARD),,,Nuit avec éclairage allumé,En agglomération,Hors intersection,Normale,Autre collision,,,,,,,,,,,5,2,1,1.0,6
201400032092,0014-01-04 09:10:00,14,1,4,9,10,630,113,"., LECUELLE (RUE)",45.79301,3.08883,Plein jour,En agglomération,Intersection en T,Normale,Deux véhicules - côté,,,,,,,,,,,1,2,3,1.0,3
201400032093,0014-01-09 16:50:00,14,1,9,16,50,630,113,"1, GROLIERE (RUE DE LA)",,,Plein jour,En agglomération,Hors intersection,Normale,Autre collision,,,,,,,,,,,1,2,1,1.0,6
201400032094,0014-01-12 17:34:00,14,1,12,17,34,630,113,"., SAINT JEAN (BD)",,,Plein jour,En agglomération,Hors intersection,Normale,Deux véhicules - côté,,,,,,,,,,,1,2,1,1.0,3
201400032095,0014-01-10 21:00:00,14,1,10,21,0,630,113,"1, LAFAYETTE (BD)",45.76969,3.10252,Nuit avec éclairage allumé,En agglomération,Intersection en T,Normale,Deux véhicules - côté,,,,,,,,,,,5,2,3,1.0,3
201400032096,0014-01-25 09:14:00,14,1,25,9,14,630,32,ROMAGNAT (ROUTE DE),,,Plein jour,En agglomération,Hors intersection,Normale,Autre collision,,,,,,,,,,,1,2,1,1.0,6
201400032097,0014-01-24 01:00:00,14,1,24,1,0,630,113,POCHET LAGAYE (BD PAUL),,,Nuit avec éclairage allumé,En agglomération,Hors intersection,Normale,Deux véhicules - arrière,,,,,,,,,,,5,2,1,1.0,2
201400032098,0014-02-01 03:20:00,14,2,1,3,20,630,113,"., JAURES (BD JEAN)",,,Nuit sans éclairage public,En agglomération,Hors intersection,Normale,Deux véhicules - arrière,,,,,,,,,,,3,2,1,1.0,2
201400032099,0014-01-30 14:27:00,14,1,30,14,27,630,308,BARRIEU (BOULEVARD),,,Plein jour,En agglomération,Hors intersection,Normale,Sans collision,,,,,,,,,,,1,2,1,1.0,7
201400032100,0014-02-05 20:45:00,14,2,5,20,45,630,113,"., CARMES DECHAUX (PLACE",,,Nuit avec éclairage allumé,En agglomération,Hors intersection,Normale,Autre collision,,,,,,,,,,,5,2,1,1.0,6
201400032101,0014-02-08 05:00:00,14,2,8,5,0,630,113,"1, MICHELIN (AVENUE EDOU",,,Nuit avec éclairage allumé,En agglomération,Intersection en X,Normale,Deux véhicules - côté,,,,,,,,,,,5,2,2,1.0,3
201400032102,0014-02-09 05:50:00,14,2,9,5,50,630,308,"1, CHARADE (BOULEVARD DE",,,Nuit sans éclairage public,Hors agglomération,Hors intersection,Neige / grêle,Deux véhicules - frontale,,,,,,,,,,,3,1,1,4.0,1
201400032103,0014-02-14 18:37:00,14,2,14,18,37,630,113,"15, PRE LA REINE (RUE DU",45.78176,3.11007,Crépuscule ou aube,En agglomération,Hors intersection,Normale,Autre collision,,,,,,,,,,,2,2,1,1.0,6
201400032104,0014-02-21 20:15:00,14,2,21,20,15,630,113,"., LEMOY (RUE ROBERT)",,,Nuit avec éclairage allumé,En agglomération,Hors intersection,Normale,Deux véhicules - frontale,,,,,,,,,,,5,2,1,1.0,1
201400032105,0014-02-22 06:00:00,14,2,22,6,0,630,113,"., SABLON (COURS)",,,Nuit avec éclairage allumé,En agglomération,Intersection en X,Normale,Deux véhicules - côté,,,,,,,,,,,5,2,2,1.0,3
201400032106,0014-02-27 09:50:00,14,2,27,9,50,630,113,MAYER (BD DANIEL),,,Plein jour,En agglomération,Hors intersection,Normale,Autre collision,,,,,,,,,,,1,2,1,1.0,6
201400032107,0014-03-13 20:49:00,14,3,13,20,49,630,113,"42, COTE BLATIN (BD)",45.77037,3.09161,Nuit avec éclairage allumé,En agglomération,Hors intersection,Normale,Autre collision,,,,,,,,,,,5,2,1,1.0,6
201400032108,0014-03-09 20:20:00,14,3,9,20,20,630,75,BERTHELOT (BOULEVARD),45.77631,3.07324,Nuit avec éclairage allumé,En agglomération,Intersection en X,Normale,Sans collision,,,,,,,,,,,5,2,2,1.0,7
201400032109,0014-03-15 19:56:00,14,3,15,19,56,630,113,"56, BLATIN (RUE)",45.7765,3.0751,Crépuscule ou aube,En agglomération,Intersection en X,Normale,Deux véhicules - côté,,,,,,,,,,,2,2,2,1.0,3
201400032110,0014-03-15 21:00:00,14,3,15,21,0,630,113,"., REPUBLIQUE (AVENUE DE",,,Nuit avec éclairage allumé,En agglomération,Hors intersection,Normale,Autre collision,,,,,,,,,,,5,2,1,1.0,6
201400032111,0014-03-16 13:25:00,14,3,16,13,25,630,75,"127, ROYAT (AVENUE DE)",45.77187,3.05979,Plein jour,En agglomération,Hors intersection,Normale,Autre collision,,,,,,,,,,,1,2,1,1.0,6
201400032112,0014-03-18 18:00:00,14,3,18,18,0,630,113,"130, LIMOUSIN (AVENUE DU",,,Nuit sans éclairage public,En agglomération,Hors intersection,Normale,Deux véhicules - frontale,,,,,,,,,,,3,2,1,1.0,1
201400032113,0014-03-19 07:54:00,14,3,19,7,54,630,113,BORDEAUX (AVENUE DE),,,Plein jour,En agglomération,Hors intersection,Normale,Autre collision,,,,,,,,,,,1,2,1,1.0,6
201400032114,0014-03-20 08:45:00,14,3,20,8,45,630,113,"1, ROOSEVELT (AVENUE FRA",,,Plein jour,En agglomération,Hors intersection,Temps éblouissant,Autre collision,,,,,,,,,,,1,2,1,7.0,6
201400032115,0014-03-28 17:10:00,14,3,28,17,10,630,113,"., PONT DE NEYRAT (RUE D",,,Plein jour,En agglomération,Hors intersection,Normale,Deux véhicules - frontale,,,,,,,,,,,1,2,1,1.0,1
201400032116,0014-04-02 18:00:00,14,4,2,18,0,630,113,"., GAILLARD (PLACE GILBE",,,Plein jour,En agglomération,Hors intersection,Normale,Autre collision,,,,,,,,,,,1,2,1,1.0,6
201400032117,0014-04-07 16:00:00,14,4,7,16,0,630,113,"1, ROND-POINT RENE BERGE",,,Plein jour,En agglomération,Hors intersection,Normale,Deux véhicules - côté,,,,,,,,,,,1,2,1,1.0,3
201400032118,0014-04-18 10:00:00,14,4,18,10,0,630,113,"1, BLANZAT (RUE DE)",,,Plein jour,En agglomération,Hors intersection,Normale,Autre collision,,,,,,,,,,,1,2,1,1.0,6
201400032119,0014-05-10 17:30:00,14,5,10,17,30,630,70,BERZET (ROUTE DE),,,Plein jour,Hors agglomération,Hors intersection,Normale,Deux véhicules - frontale,,,,,,,,,,,1,1,1,1.0,1
201400032120,0014-04-24 08:40:00,14,4,24,8,40,630,113,"1, JAURES (BD JEAN)",,,Plein jour,En agglomération,Hors intersection,Normale,Autre collision,,,,,,,,,,,1,2,1,1.0,6
201400032121,0014-04-23 11:05:00,14,4,23,11,5,630,113,"34, JULIEN (AVENUE)",45.77474,3.0786,Plein jour,En agglomération,Hors intersection,Normale,Deux véhicules - arrière,,,,,,,,,,,1,2,1,1.0,2
201400032122,0014-05-28 16:20:00,14,5,28,16,20,630,70,D2089,,,Plein jour,En agglomération,Hors intersection,Normale,Autre collision,,,,,,,,,,,1,2,1,1.0,6
201400032123,0014-05-28 16:20:00,14,5,28,16,20,630,32,"1, D2089",,,Plein jour,En agglomération,Hors intersection,Normale,Autre collision,,,,,,,,,,,1,2,1,1.0,6
201400032124,0014-05-28 19:50:00,14,5,28,19,50,630,113,"1, COTE BLATIN (BD)",45.76941,3.09097,Plein jour,En agglomération,Intersection en X,Normale,Autre collision,,,,,,,,,,,1,2,2,1.0,6
201400032125,0014-05-17 17:00:00,14,5,17,17,0,630,75,"1, BRIAND (AVENUE ARISTI",,,Plein jour,En agglomération,Hors intersection,Normale,Deux véhicules - côté,,,,,,,,,,,1,2,1,1.0,3
201400032126,0014-06-07 18:40:00,14,6,7,18,40,630,113,"1, SAINT ALYRE (RUE)",,,Plein jour,En agglomération,Hors intersection,Normale,Deux véhicules - arrière,,,,,,,,,,,1,2,1,1.0,2
201400032127,0014-06-05 15:30:00,14,6,5,15,30,630,113,LIBERATION (AVENUE DE LA,,,Plein jour,En agglomération,Hors intersection,Normale,Deux véhicules - côté,,,,,,,,,,,1,2,1,1.0,3
201400032128,0014-06-06 16:29:00,14,6,6,16,29,630,113,"157, CLEMENTEL (BD ETIEN",45.80425,3.10951,Plein jour,En agglomération,Hors intersection,Normale,Autre collision,,,,,,,,,,,1,2,1,1.0,6
201400032129,0014-06-04 18:10:00,14,6,4,18,10,630,113,CHANELLES (RUE DES),45.79006,3.07891,Plein jour,En agglomération,Hors intersection,Normale,Autre collision,,,,,,,,,,,1,2,1,1.0,6
201400032130,0014-06-11 12:10:00,14,6,11,12,10,630,113,"1, BARBIER DAUBREE (AVEN",45.7885,3.09554,Plein jour,En agglomération,Intersection en X,Normale,Deux véhicules - côté,,,,,,,,,,,1,2,2,1.0,3
201400032131,0014-06-13 18:10:00,14,6,13,18,10,630,113,"121, REPUBLIQUE (AVENUE",45.78934,3.10841,Plein jour,En agglomération,Hors intersection,Normale,Autre collision,,,,,,,,,,,1,2,1,1.0,6
201400032132,0014-06-19 08:50:00,14,6,19,8,50,630,113,"1, BATHOL (RUE FRANCISQU",,,Plein jour,En agglomération,Hors intersection,Normale,Autre collision,,,,,,,,,,,1,2,1,1.0,6
201400032133,0014-06-21 17:00:00,14,6,21,17,0,630,113,"1, RENOUX (PLACE)",,,Plein jour,En agglomération,Hors intersection,Normale,Deux véhicules - arrière,,,,,,,,,,,1,2,1,1.0,2
201400032134,0014-06-26 08:15:00,14,6,26,8,15,630,113,"., ORADOU (RUE DE L')",,,Plein jour,En agglomération,Hors intersection,Normale,Deux véhicules - côté,,,,,,,,,,,1,2,1,1.0,3
201400032135,0014-06-19 07:43:00,14,6,19,7,43,630,113,"., QUINET (BD EDGAR)",,,Plein jour,En agglomération,Hors intersection,Normale,Autre collision,,,,,,,,,,,1,2,1,1.0,6
201400032136,0014-07-03 10:55:00,14,7,3,10,55,630,113,CHAMBRETTES (RUE DES),,,Plein jour,En agglomération,Hors intersection,Normale,Autre collision,,,,,,,,,,,1,2,1,1.0,6
201400032137,0014-07-09 04:35:00,14,7,9,4,35,630,113,"99, REPUBLIQUE (AVENUE D",45.78693,3.10391,Nuit avec éclairage allumé,En agglomération,Hors intersection,Normale,Autre collision,,,,,,,,,,,5,2,1,1.0,6
201400032138,0014-07-12 02:00:00,14,7,12,2,0,630,113,"., LAVOISIERS (BD)",45.78499,3.07794,Nuit avec éclairage allumé,En agglomération,Intersection en T,Normale,Deux véhicules - arrière,,,,,,,,,,,5,2,3,1.0,2
201400032139,0014-07-13 06:40:00,14,7,13,6,40,630,113,UNION SOVIETIQUE / fleur,45.77722,3.09642,Plein jour,En agglomération,Intersection en X,Normale,Autre collision,,,,,,,,,,,1,2,2,1.0,6
201400032140,0014-07-18 11:00:00,14,7,18,11,0,630,113,"., BLATIN (RUE)",,,Plein jour,En agglomération,Hors intersection,Normale,Autre collision,,,,,,,,,,,1,2,1,1.0,6
201400032141,0014-07-20 06:20:00,14,7,20,6,20,630,113,"1, REPUBLIQUE (AVENUE DE",,,Plein jour,En agglomération,Hors intersection,Normale,Autre collision,,,,,,,,,,,1,2,1,1.0,6
201400032142,0014-07-18 15:45:00,14,7,18,15,45,630,113,"41, JOUHAUX (BD LEON)",45.7919,3.11632,Plein jour,En agglomération,Hors intersection,Normale,Deux véhicules - arrière,,,,,,,,,,,1,2,1,1.0,2
201400032143,0014-07-20 04:50:00,14,7,20,4,50,630,113,"., JACOBINS (RUE DES)",45.78222,3.09528,Nuit avec éclairage allumé,En agglomération,Intersection en T,Pluie forte,Deux véhicules - côté,,,,,,,,,,,5,2,3,3.0,3
201400032144,0014-07-31 12:00:00,14,7,31,12,0,630,113,"., GANDAILLAT (CHEMIN DI",,,Plein jour,En agglomération,Hors intersection,Normale,Sans collision,,,,,,,,,,,1,2,1,1.0,7
201400032145,0014-07-31 19:40:00,14,7,31,19,40,630,113,"., MICHELIN (AVENUE EDOU",45.78223,3.09541,Plein jour,En agglomération,Intersection à plus de 4 branches,Normale,Autre collision,,,,,,,,,,,1,2,5,1.0,6
201400032146,0014-08-06 22:14:00,14,8,6,22,14,630,113,"184, ORADOU (RUE DE L')",45.76925,3.11602,Nuit avec éclairage allumé,En agglomération,Hors intersection,Normale,Autre collision,,,,,,,,,,,5,2,1,1.0,6
201400032147,0014-08-11 20:00:00,14,8,11,20,0,630,113,"3, NEYRAT (RUE DE)",45.81078,3.10229,Plein jour,En agglomération,Hors intersection,Normale,Autre collision,,,,,,,,,,,1,2,1,1.0,6
201400032148,0014-08-05 12:15:00,14,8,5,12,15,630,32,"1, POURLIAT (ROND-POINT",45.73095,3.19986,Plein jour,En agglomération,Hors intersection,Normale,Deux véhicules - côté,,,,,,,,,,,1,2,1,1.0,3
201400032149,0014-08-10 02:06:00,14,8,10,2,6,630,113,SABLON (COURS),,,Nuit avec éclairage allumé,En agglomération,Hors intersection,Normale,Deux véhicules - côté,,,,,,,,,,,5,2,1,1.0,3
201400032150,0014-08-19 19:09:00,14,8,19,19,9,630,70,"1, MONTROGNON (RUE DE)",45.43919,9.30408,Plein jour,En agglomération,Hors intersection,Normale,Deux véhicules - frontale,,,,,,,,,,,1,2,1,1.0,1
201400032151,0014-08-20 21:55:00,14,8,20,21,55,630,113,JOUHAUX (BD LEON),,,Nuit avec éclairage allumé,En agglomération,Hors intersection,Normale,Autre collision,,,,,,,,,,,5,2,1,1.0,6
201400032152,0014-08-21 15:30:00,14,8,21,15,30,630,70,D2089,,,Plein jour,En agglomération,Hors intersection,Normale,Sans collision,,,,,,,,,,,1,2,1,1.0,7
201400032153,0014-08-21 14:30:00,14,8,21,14,30,630,32,"9TER, LECLERC (AVENUE DU",45.75382,3.08483,Plein jour,En agglomération,Hors intersection,Normale,Deux véhicules - côté,,,,,,,,,,,1,2,1,1.0,3
201400032154,0014-08-30 21:40:00,14,8,30,21,40,630,113,"1, MARCHADIER (RUE ROBER",45.79531,3.10979,Nuit avec éclairage allumé,En agglomération,Intersection en T,Normale,Deux véhicules - côté,,,,,,,,,,,5,2,3,1.0,3
201400032155,0014-09-03 18:20:00,14,9,3,18,20,630,113,"., LAVOISIERS (BD)",45.78349,3.07524,Plein jour,En agglomération,Intersection en T,Normale,Deux véhicules - côté,,,,,,,,,,,1,2,3,1.0,3
201400032156,0014-09-06 00:11:00,14,9,6,0,11,630,113,"X, AGRICULTURE (AVENUE D",45.77886,3.12625,Nuit avec éclairage allumé,Hors agglomération,Intersection en Y,Normale,Deux véhicules - côté,,,,,,,,,,,5,1,4,1.0,3
201400032157,0014-09-07 18:50:00,14,9,7,18,50,630,113,"14, CLAUDIUS (CHAUSSEE)",45.7844,3.09766,Plein jour,En agglomération,Hors intersection,Normale,Autre collision,,,,,,,,,,,1,2,1,1.0,6
201400032158,0014-09-05 16:20:00,14,9,5,16,20,630,113,"120, BLUM (AVENUE LEON)",45.76474,3.09777,Plein jour,En agglomération,Hors intersection,Normale,Autre collision,,,,,,,,,,,1,2,1,1.0,6
201400032159,0014-09-19 15:45:00,14,9,19,15,45,630,113,"1, CLARET (RUE JEAN)",,,Plein jour,En agglomération,Hors intersection,Normale,Deux véhicules - côté,,,,,,,,,,,1,2,1,1.0,3
201400032160,0014-09-26 07:30:00,14,9,26,7,30,630,113,"1, BARRE (ALLEE DE LA)",45.79184,3.0992,Crépuscule ou aube,En agglomération,Intersection en T,Normale,Deux véhicules - côté,,,,,,,,,,,2,2,3,1.0,3
201400032161,0014-09-16 07:30:00,14,9,16,7,30,630,113,"1, BARRE (ALLEE DE LA)",45.79187,3.09922,Crépuscule ou aube,En agglomération,Intersection en T,Normale,Deux véhicules - côté,,,,,,,,,,,2,2,3,1.0,3
201400032162,0014-10-08 12:20:00,14,10,8,12,20,630,113,"1, JOUHAUX (BD LEON)",,,Plein jour,En agglomération,Hors intersection,Normale,Autre collision,,,,,,,,,,,1,2,1,1.0,6
201400032163,0014-10-10 17:50:00,14,10,10,17,50,630,113,"1, MAYER (BD DANIEL)",,,Plein jour,En agglomération,Hors intersection,Pluie légère,Deux véhicules - frontale,,,,,,,,,,,1,2,1,2.0,1