accident_id,datetime,annee,mois,jour,heure,minute,departement,commune_insee,adresse,latitude,longitude,luminosite,agglomeration,intersection,meteo,collision,nb_vehicules,nb_usagers,nb_indemnes,nb_tues,nb_blesses_hosp,nb_blesses_legers,age_cond_1,age_cond_2,veh_type_cond_1,veh_type_cond_2,lum_code,agg_code,int_code,atm_code,col_code
201400032164,0014-10-15 13:50:00,14,10,15,13,50,630,113,"13, BERGOUGNAN (AVENUE R",45.78286,3.07136,Plein jour,En agglomération,Hors intersection,Normale,Autre collision,,,,,,,,,,,1,2,1,1.0,6
201400032165,0014-10-17 11:10:00,14,10,17,11,10,630,113,"., SABLON (COURS)",45.77628,3.09007,Plein jour,En agglomération,Intersection en X,Normale,Autre collision,,,,,,,,,,,1,2,2,1.0,6
201400032166,0014-10-28 02:30:00,14,10,28,2,30,630,113,"0, CLEMENTEL (BD ETIENNE",,,Nuit avec éclairage allumé,En agglomération,Hors intersection,Brouillard / fumée,Trois véhicules et plus - en chaîne,,,,,,,,,,,5,2,1,5.0,4
201400032167,0014-10-28 08:45:00,14,10,28,8,45,630,75,"69, ROYAT (AVENUE DE)",45.77523,3.06547,Plein jour,En agglomération,Hors intersection,Normale,Autre collision,,,,,,,,,,,1,2,1,1.0,6
201400032168,0014-10-30 21:25:00,14,10,30,21,25,630,14,"1, ROUSSILLON (AVENUE DU",,,Nuit avec éclairage allumé,En agglomération,Hors intersection,Normale,Deux véhicules - côté,,,,,,,,,,,5,2,1,1.0,3
201400032169,0014-10-31 16:10:00,14,10,31,16,10,630,113,"., SAINT JEAN (BD)",,,Plein jour,En agglomération,Hors intersection,Normale,Deux véhicules - côté,,,,,,,,,,,1,2,1,1.0,3
201400032170,0014-10-29 07:30:00,14,10,29,7,30,630,113,"1, GILBERT (RUE EUGENE)",,,Plein jour,En agglomération,Hors intersection,Normale,Deux véhicules - côté,,,,,,,,,,,1,2,1,1.0,3
201400032171,0014-11-04 11:30:00,14,11,4,11,30,630,113,"70, JAURES (BD JEAN)",45.76862,3.07844,Plein jour,En agglomération,Hors intersection,Temps couvert,Deux véhicules - côté,,,,,,,,,,,1,2,1,8.0,3
201400032172,0014-11-22 02:30:00,14,11,22,2,30,630,113,"3, LANDAIS (AVENUE DES)",45.76475,3.11023,Nuit avec éclairage allumé,En agglomération,Hors intersection,Normale,Sans collision,,,,,,,,,,,5,2,1,1.0,7
201400032173,0014-11-10 09:30:00,14,11,10,9,30,630,113,"*, BLERIOT (AVENUE LOUIS",,,Plein jour,Hors agglomération,Hors intersection,Normale,Deux véhicules - arrière,,,,,,,,,,,1,1,1,1.0,2
201400032174,0014-11-25 19:45:00,14,11,25,19,45,630,113,"1, BINGEN (BD JACQUES)",,,Nuit avec éclairage allumé,En agglomération,Hors intersection,Temps couvert,Deux véhicules - frontale,,,,,,,,,,,5,2,1,8.0,1
201400032175,0014-11-23 16:58:00,14,11,23,16,58,630,113,CHARTOIRE (BD LOUIS),,,Plein jour,Hors agglomération,Hors intersection,Normale,Deux véhicules - frontale,,,,,,,,,,,1,1,1,1.0,1
201400032176,0014-11-27 01:40:00,14,11,27,1,40,630,14,"1, ROUSSILLON (AVENUE DU",,,Nuit avec éclairage allumé,En agglomération,Hors intersection,Temps couvert,Autre collision,,,,,,,,,,,5,2,1,8.0,6
201400032177,0014-11-24 17:45:00,14,11,24,17,45,630,113,"X, VERCINGETORIX (AVENUE",,,Nuit avec éclairage allumé,En agglomération,Hors intersection,Normale,Autre collision,,,,,,,,,,,5,2,1,1.0,6
201400032178,0014-11-28 17:30:00,14,11,28,17,30,630,113,"., RIBOT (RUE ALEXANDRE)",45.76224,3.09473,Crépuscule ou aube,Hors agglomération,Intersection en T,Normale,Deux véhicules - côté,,,,,,,,,,,2,1,3,1.0,3
201400032179,0014-11-30 08:45:00,14,11,30,8,45,630,113,"3, MONTALEMBERT (RUE)",45.76044,3.09377,Plein jour,En agglomération,Hors intersection,Normale,Autre collision,,,,,,,,,,,1,2,1,1.0,6
201400032180,0014-11-28 19:03:00,14,11,28,19,3,630,113,"115, ORADOU (RUE DE L')",45.77008,3.10802,Nuit avec éclairage allumé,En agglomération,Hors intersection,Pluie forte,Trois véhicules et plus - collisions multiples,,,,,,,,,,,5,2,1,3.0,5
201400032181,0014-11-30 15:00:00,14,11,30,15,0,630,113,"*, REPUBLIQUE (AVENUE DE",,,Plein jour,En agglomération,Hors intersection,Normale,Deux véhicules - côté,,,,,,,,,,,1,2,1,1.0,3
201400032182,0014-11-29 16:00:00,14,11,29,16,0,630,113,"31, GUYNEMER (RUE)",45.77986,3.10735,Plein jour,En agglomération,Hors intersection,Temps couvert,Autre collision,,,,,,,,,,,1,2,1,8.0,6
201400032183,0014-10-31 20:05:00,14,10,31,20,5,630,113,VIVIANI (RUE),,,Nuit avec éclairage allumé,En agglomération,Hors intersection,Normale,Deux véhicules - côté,,,,,,,,,,,5,2,1,1.0,3
201400032184,0014-12-05 13:50:00,14,12,5,13,50,630,113,"25, CLEMENTEL (BD ETIENN",45.79649,3.11264,Plein jour,En agglomération,Hors intersection,Normale,Autre collision,,,,,,,,,,,1,2,1,1.0,6
201400032185,0014-12-13 05:45:00,14,12,13,5,45,630,32,"., POURLIAT (ROND-POINT",,,Nuit sans éclairage public,Hors agglomération,Hors intersection,Normale,Autre collision,,,,,,,,,,,3,1,1,1.0,6
201400032186,0014-12-09 08:20:00,14,12,9,8,20,630,113,"1, BENNETT (RUE GORDON)",,,Crépuscule ou aube,En agglomération,Hors intersection,Autre,Autre collision,,,,,,,,,,,2,2,1,9.0,6
201400032187,0014-12-14 23:00:00,14,12,14,23,0,630,113,"1, DORMOY (AVENUE MARX)",45.76542,3.08225,Nuit avec éclairage allumé,En agglomération,Intersection en X,Temps couvert,Deux véhicules - côté,,,,,,,,,,,5,2,2,8.0,3
201400032188,0014-12-11 14:50:00,14,12,11,14,50,630,113,"11, SAINT RAMES (RUE)",45.77413,3.1021,Plein jour,En agglomération,Hors intersection,Normale,Autre collision,,,,,,,,,,,1,2,1,1.0,6
201400032189,0014-12-12 11:00:00,14,12,12,11,0,630,113,MARCHADIER (RUE ROBERT),45.79529,3.11038,Plein jour,En agglomération,Intersection en T,Normale,Autre collision,,,,,,,,,,,1,2,3,1.0,6
201400032190,0014-12-22 15:10:00,14,12,22,15,10,630,32,HUIT MAI 1945 (ESPLANADE,45.75329,3.08799,Plein jour,En agglomération,Intersection en X,Normale,Deux véhicules - côté,,,,,,,,,,,1,2,2,1.0,3
201400032191,0014-12-25 22:10:00,14,12,25,22,10,630,113,"., BARBIER DAUBREE (AVEN",45.78839,3.09554,Nuit avec éclairage allumé,En agglomération,Intersection en X,Normale,Autre collision,,,,,,,,,,,5,2,2,1.0,6
201400032192,0014-12-13 15:15:00,14,12,13,15,15,630,113,"1, MONTLOSIER (RUE)",,,Plein jour,En agglomération,Hors intersection,Normale,Autre collision,,,,,,,,,,,1,2,1,1.0,6
201400032193,0014-01-11 14:15:00,14,1,11,14,15,630,69,MERMOZ (RUE JEAN),45.72845,3.18613,Plein jour,En agglomération,Hors intersection,Normale,Autre collision,,,,,,,,,,,1,2,1,1.0,6
201400032194,0014-01-20 08:00:00,14,1,20,8,0,630,124,JACQUET (RUE PIERRE),45.73804,3.19324,Crépuscule ou aube,En agglomération,Hors intersection,Pluie légère,Autre collision,,,,,,,,,,,2,2,1,2.0,6
201400032195,0014-01-24 09:55:00,14,1,24,9,55,630,193,"46, BARDINES (RUE DES)",45.77631,3.20211,Plein jour,En agglomération,Hors intersection,Pluie légère,Deux véhicules - côté,,,,,,,,,,,1,2,1,2.0,3
201400032196,0014-01-24 18:35:00,14,1,24,18,35,630,124,"60, MIDI (AVENUE DU)",,,Nuit avec éclairage allumé,En agglomération,Passage à niveau,Autre,Deux véhicules - frontale,,,,,,,,,,,5,2,8,9.0,1
201400032197,0014-01-30 17:00:00,14,1,30,17,0,630,193,RD 769,,,Plein jour,En agglomération,Intersection en X,Normale,Deux véhicules - côté,,,,,,,,,,,1,2,2,1.0,3
201400032198,0014-01-30 23:40:00,14,1,30,23,40,630,124,SAINT-EXUPERY (RUE),45.75124,3.16053,Nuit avec éclairage allumé,En agglomération,Intersection en T,Normale,Autre collision,,,,,,,,,,,5,2,3,1.0,6
201400032199,0014-02-07 08:00:00,14,2,7,8,0,630,124,"29, LEMPDES (AVENUE DE)",,,Plein jour,En agglomération,Hors intersection,Normale,Sans collision,,,,,,,,,,,1,2,1,1.0,7
201400032200,0014-02-11 09:50:00,14,2,11,9,50,630,69,ANCIENS COMBATTANTS D'AF,45.71847,3.18444,Plein jour,En agglomération,Intersection en X,Normale,Autre collision,,,,,,,,,,,1,2,2,1.0,6
201400032201,0014-02-19 17:40:00,14,2,19,17,40,630,69,MARTRES (ROUTE DES),45.71411,3.19372,Plein jour,Hors agglomération,Hors intersection,Normale,Sans collision,,,,,,,,,,,1,1,1,1.0,7
201400032202,0014-02-25 08:05:00,14,2,25,8,5,630,69,STADE (AVENUE DU),45.71806,3.18824,Crépuscule ou aube,En agglomération,Giratoire,Normale,Autre collision,,,,,,,,,,,2,2,6,1.0,6
201400032203,0014-03-01 15:55:00,14,3,1,15,55,630,124,RUE RENE LAENNEC,45.74581,3.2052,Plein jour,En agglomération,Intersection en T,Normale,Deux véhicules - côté,,,,,,,,,,,1,2,3,1.0,3
201400032204,0014-03-04 09:50:00,14,3,4,9,50,630,193,BOULANGER (RUE PIERRE),,,Plein jour,Hors agglomération,Hors intersection,Pluie légère,Deux véhicules - arrière,,,,,,,,,,,1,1,1,2.0,2
201400032205,0014-03-09 09:45:00,14,3,9,9,45,630,124,"29, PASTEUR (BOULEVARD)",45.72749,3.20242,Plein jour,En agglomération,Hors intersection,Normale,Sans collision,,,,,,,,,,,1,2,1,1.0,7
201400032206,0014-03-12 08:35:00,14,3,12,8,35,630,124,"15, LIBERTE (AVENUE DE L",45.73683,3.19502,Plein jour,En agglomération,Hors intersection,Normale,Autre collision,,,,,,,,,,,1,2,1,1.0,6
201400032207,0014-04-05 17:55:00,14,4,5,17,55,630,124,CENDRE (ROUTE DU),,,Plein jour,En agglomération,Intersection en X,Normale,Deux véhicules - côté,,,,,,,,,,,1,2,2,1.0,3
201400032208,0014-04-02 17:00:00,14,4,2,17,0,630,193,RD 766,,,Plein jour,En agglomération,Intersection en X,Normale,Deux véhicules - arrière,,,,,,,,,,,1,2,2,1.0,2
201400032209,0014-04-04 08:55:00,14,4,4,8,55,630,124,LIVRADOIS (AVENUE DU),45.7316,3.19991,Plein jour,En agglomération,Intersection en X,Normale,Deux véhicules - côté,,,,,,,,,,,1,2,2,1.0,3
201400032210,0014-04-23 16:00:00,14,4,23,16,0,630,124,"1, Traverse DOMES/CLEMEN",45.73195,3.1933,Plein jour,En agglomération,Intersection en T,Normale,Autre collision,,,,,,,,,,,1,2,3,1.0,6
201400032211,0014-04-22 18:20:00,14,4,22,18,20,630,193,GRASSETTE (RUE DE LA),45.77393,3.18013,Plein jour,En agglomération,Hors intersection,Normale,Deux véhicules - arrière,,,,,,,,,,,1,2,1,1.0,2
201400032212,0014-04-28 04:14:00,14,4,28,4,14,630,124,GARDET (PLACE JOSEPH),45.73955,3.19709,Nuit avec éclairage allumé,En agglomération,Intersection en T,Normale,Deux véhicules - arrière,,,,,,,,,,,5,2,3,1.0,2
201400032213,0014-04-25 17:10:00,14,4,25,17,10,630,124,CENDRE (ROUTE DU),45.73193,3.18249,Plein jour,Hors agglomération,Intersection en Y,Pluie légère,Deux véhicules - côté,,,,,,,,,,,1,1,4,2.0,3
201400032214,0014-04-26 18:55:00,14,4,26,18,55,630,124,LAVEUSES (RUE DES),45.73937,3.22256,Plein jour,Hors agglomération,Hors intersection,Pluie légère,Deux véhicules - frontale,,,,,,,,,,,1,1,1,2.0,1
201400032215,0014-04-30 13:40:00,14,4,30,13,40,630,124,LIBERATION (AV. DE LA),45.73076,3.19109,Plein jour,En agglomération,Autre intersection,Pluie légère,Sans collision,,,,,,,,,,,1,2,9,2.0,7
201400032216,0014-05-14 16:15:00,14,5,14,16,15,630,193,RD 769,,,Plein jour,En agglomération,Intersection en X,Normale,Trois véhicules et plus - collisions multiples,,,,,,,,,,,1,2,2,1.0,5
201400032217,0014-05-30 09:35:00,14,5,30,9,35,630,124,DOMES (AVENUE DES),45.73149,3.193,Plein jour,En agglomération,Intersection en T,Normale,Autre collision,,,,,,,,,,,1,2,3,1.0,6
201400032218,0014-07-05 18:40:00,14,7,5,18,40,630,272,"21, REPUBLIQUE (AVENUE D",45.72757,3.14569,Plein jour,En agglomération,Intersection en T,Normale,Deux véhicules - côté,,,,,,,,,,,1,2,3,1.0,3
201400032219,0014-07-07 16:30:00,14,7,7,16,30,630,124,CENDRE (ROUTE DU),45.7464,3.16371,Plein jour,En agglomération,Intersection en T,Normale,Autre collision,,,,,,,,,,,1,2,3,1.0,6
201400032220,0014-08-02 07:35:00,14,8,2,7,35,630,124,LIVRADOIS (AVENUE DU),45.73095,3.19986,Plein jour,En agglomération,Intersection en X,Normale,Sans collision,,,,,,,,,,,1,2,2,1.0,7
201400032221,0014-08-09 13:00:00,14,8,9,13,0,630,193,RD 769,,,Plein jour,Hors agglomération,Hors intersection,Normale,Deux véhicules - côté,,,,,,,,,,,1,1,1,1.0,3
201400032222,0014-08-29 20:15:00,14,8,29,20,15,630,124,GARDET (PLACE JOSEPH),45.73979,3.19735,Nuit avec éclairage allumé,En agglomération,Intersection en Y,Normale,Deux véhicules - côté,,,,,,,,,,,5,2,4,1.0,3
201400032223,0014-09-07 17:15:00,14,9,7,17,15,630,124,AUBIERE (AV. D'),45.73727,3.17485,Plein jour,En agglomération,Intersection en X,Normale,Deux véhicules - côté,,,,,,,,,,,1,2,2,1.0,3
201400032224,0014-09-29 10:23:00,14,9,29,10,23,630,124,LIVRADOIS (AVENUE DU),45.73158,3.19994,Plein jour,En agglomération,Intersection en X,Pluie légère,Deux véhicules - côté,,,,,,,,,,,1,2,2,2.0,3
201400032225,0014-10-06 08:15:00,14,10,6,8,15,630,193,GRANGES (RUE DES),45.7696,3.19122,Crépuscule ou aube,En agglomération,Intersection en Y,Normale,Autre collision,,,,,,,,,,,2,2,4,1.0,6
201400032226,0014-11-27 14:00:00,14,11,27,14,0,630,124,DE GAULLE (BOULEVARD CHA,45.74473,3.17155,Plein jour,En agglomération,Intersection en T,Normale,Deux véhicules - côté,,,,,,,,,,,1,2,3,1.0,3
201400032227,0014-11-29 20:55:00,14,11,29,20,55,630,193,RD 52,,,Nuit sans éclairage public,En agglomération,Hors intersection,Normale,Deux véhicules - frontale,,,,,,,,,,,3,2,1,1.0,1
201400032228,0014-04-17 18:00:00,14,4,17,18,0,630,63,LEMOY (RUE R.) park LIDL,45.81772,3.11342,Plein jour,En agglomération,Hors intersection,Normale,Autre collision,,,,,,,,,,,1,2,1,1.0,6
201400032229,0014-06-02 19:20:00,14,6,2,19,20,630,164,"., ONZE NOVEMBRE (RUE DU",45.82413,3.14961,Plein jour,En agglomération,Hors intersection,Normale,Autre collision,,,,,,,,,,,1,2,1,1.0,6
201400032230,0014-06-18 20:30:00,14,6,18,20,30,630,164,étincelle / pont,45.82721,3.14001,Crépuscule ou aube,En agglomération,Hors intersection,Normale,Autre collision,,,,,,,,,,,2,2,1,1.0,6
201400032231,0014-06-21 11:15:00,14,6,21,11,15,630,164,"., FONTCHENILLE (ALLEE D",45.81786,3.15395,Plein jour,En agglomération,Hors intersection,Normale,Autre collision,,,,,,,,,,,1,2,1,1.0,6
201400032232,0014-06-20 14:00:00,14,6,20,14,0,630,164,,45.83329,3.15845,Plein jour,En agglomération,Hors intersection,Normale,Autre collision,,,,,,,,,,,1,2,1,1.0,6
201400032233,0014-07-10 16:30:00,14,7,10,16,30,630,164,"8, EUROPE (BOULEVARD DE",45.83721,3.13125,Plein jour,Hors agglomération,Hors intersection,Pluie légère,Autre collision,,,,,,,,,,,1,1,1,2.0,6
201400032234,0014-09-13 17:20:00,14,9,13,17,20,630,63,"7, FERRY (IMPASSE JEAN)",45.82863,3.1009,Plein jour,En agglomération,Hors intersection,Normale,Autre collision,,,,,,,,,,,1,2,1,1.0,6
201400032235,0014-09-25 20:25:00,14,9,25,20,25,630,164,Fr Mitterrand,45.82834,3.15803,Nuit sans éclairage public,En agglomération,Hors intersection,Normale,Autre collision,,,,,,,,,,,3,2,1,1.0,6
201400032236,0014-10-24 14:30:00,14,10,24,14,30,630,164,"0, ONZE NOVEMBRE (RUE DU",45.82484,3.14999,Plein jour,En agglomération,Hors intersection,Normale,Autre collision,,,,,,,,,,,1,2,1,1.0,6
201400032237,0014-11-23 17:30:00,14,11,23,17,30,630,19,"32, HLM LE BREUIL",45.79541,3.1667,Nuit sans éclairage public,En agglomération,Hors intersection,Normale,Autre collision,,,,,,,,,,,3,2,1,1.0,6
201400032238,0014-11-21 14:00:00,14,11,21,14,0,630,19,"1, AEROPORT CLERMONT-AUV",45.79164,3.16525,Plein jour,En agglomération,Intersection en X,Normale,Deux véhicules - côté,,,,,,,,,,,1,2,2,1.0,3
201400032239,0014-12-05 17:30:00,14,12,5,17,30,630,164,CEBAZAT (ROUTE DE),45.82294,3.1372,Nuit sans éclairage public,En agglomération,Hors intersection,Normale,Deux véhicules - arrière,,,,,,,,,,,3,2,1,1.0,2
201400032240,0014-01-12 19:10:00,14,1,12,19,10,630,103,RD 227,45.54343,3.45699,Nuit sans éclairage public,Hors agglomération,Hors intersection,Normale,Trois véhicules et plus - collisions multiples,,,,,,,,,,,3,1,1,1.0,5
201400032241,0014-01-24 18:10:00,14,1,24,18,10,630,103,"28, BARADUC (AVENUE)",45.55104,3.45699,Crépuscule ou aube,En agglomération,Hors intersection,Pluie légère,Autre collision,,,,,,,,,,,2,2,1,2.0,6
201400032242,0014-03-17 14:45:00,14,3,17,14,45,630,300,"09, MALOUET (RUE)",45.89436,3.11259,Plein jour,En agglomération,Hors intersection,Normale,Autre collision,,,,,,,,,,,1,2,1,1.0,6
201400032243,0014-04-12 10:15:00,14,4,12,10,15,630,300,"32, CROISIER (RUE)",45.89167,3.11382,Plein jour,En agglomération,Intersection en X,Normale,Autre collision,,,,,,,,,,,1,2,2,1.0,6
201400032244,0014-06-19 08:00:00,14,6,19,8,0,630,300,RD 224,45.53219,3.45699,Plein jour,En agglomération,Giratoire,Brouillard / fumée,Deux véhicules - côté,,,,,,,,,,,1,2,6,5.0,3
201400032245,0014-07-18 07:55:00,14,7,18,7,55,630,300,RD 224,45.53193,3.45699,Plein jour,Hors agglomération,Hors intersection,Normale,Deux véhicules - côté,,,,,,,,,,,1,1,1,1.0,3
201400032246,0014-07-23 17:50:00,14,7,23,17,50,630,300,"9, RD 224",45.5329,3.45699,Plein jour,En agglomération,Hors intersection,Normale,Autre collision,,,,,,,,,,,1,2,1,1.0,6
201400032247,0014-08-05 17:20:00,14,8,5,17,20,630,300,RD 78,45.5216,3.45699,Plein jour,Hors agglomération,Intersection en T,Normale,Deux véhicules - côté,,,,,,,,,,,1,1,3,1.0,3
201400032248,0014-08-17 17:15:00,14,8,17,17,15,630,212,"5B, CHANEAUX (RUE DES)",45.87362,3.07202,Plein jour,En agglomération,Hors intersection,Normale,Autre collision,,,,,,,,,,,1,2,1,1.0,6
201400032249,0014-10-14 19:15:00,14,10,14,19,15,630,300,"4, RD 2029",45.53347,3.45699,Nuit avec éclairage allumé,En agglomération,Intersection en X,Pluie légère,Autre collision,,,,,,,,,,,5,2,2,2.0,6
201400032250,0014-11-06 19:00:00,14,11,6,19,0,630,245,RD 455,45.5353,3.4569,Nuit sans éclairage public,Hors agglomération,Hors intersection,Normale,Deux véhicules - frontale,,,,,,,,,,,3,1,1,1.0,1
201400032251,0014-11-27 07:35:00,14,11,27,7,35,630,300,"10, RD 2029",45.89345,3.1091,Crépuscule ou aube,En agglomération,Autre intersection,Temps couvert,Autre collision,,,,,,,,,,,2,2,9,8.0,6
201400032252,0014-12-08 07:48:00,14,12,8,7,48,630,300,RD 2009,,,Crépuscule ou aube,Hors agglomération,Hors intersection,Temps couvert,Trois véhicules et plus - en chaîne,,,,,,,,,,,2,1,1,8.0,4
201400032253,0014-01-01 09:35:00,14,1,1,9,35,640,102,PONT DU LABOURD,,,Plein jour,En agglomération,Hors intersection,Normale,Sans collision,,,,,,,,,,,1,2,1,1.0,7
201400032254,0014-01-04 00:20:00,14,1,4,0,20,640,24,AV DE BAYONNE,,,Nuit avec éclairage allumé,En agglomération,Hors intersection,Temps couvert,Sans collision,,,,,,,,,,,5,2,1,8.0,7
201400032255,0014-01-07 17:15:00,14,1,7,17,15,640,102,PONT DU GENIE,,,Crépuscule ou aube,En agglomération,Intersection en T,Normale,Sans collision,,,,,,,,,,,2,2,3,1.0,7
201400032256,0014-01-09 18:20:00,14,1,9,18,20,640,140,"., GAULLE (AV CHARLES DE",,,Nuit avec éclairage allumé,En agglomération,Intersection en X,Normale,Deux véhicules - côté,,,,,,,,,,,5,2,2,1.0,3
201400032257,0014-01-13 17:30:00,14,1,13,17,30,640,24,AV DE BIARRITZ,,,Crépuscule ou aube,En agglomération,Intersection en T,Normale,Deux véhicules - côté,,,,,,,,,,,2,2,3,1.0,3
201400032258,0014-01-15 16:25:00,14,1,15,16,25,640,24,RUE DE HAUSQUETTE,,,Plein jour,En agglomération,Hors intersection,Normale,Deux véhicules - côté,,,,,,,,,,,1,2,1,1.0,3
201400032259,0014-01-16 14:00:00,14,1,16,14,0,640,102,42 CHEMIN DE SABALCE,,,Plein jour,En agglomération,Hors intersection,Normale,Deux véhicules - côté,,,,,,,,,,,1,2,1,1.0,3
201400032260,0014-01-29 19:05:00,14,1,29,19,5,640,24,RUE DE HARDOY,,,Nuit avec éclairage allumé,En agglomération,Intersection en T,Pluie forte,Deux véhicules - côté,,,,,,,,,,,5,2,3,3.0,3
201400032261,0014-02-07 16:28:00,14,2,7,16,28,640,24,BD DES PLAGES,,,Plein jour,En agglomération,Hors intersection,Normale,Autre collision,,,,,,,,,,,1,2,1,1.0,6
201400032262,0014-02-07 19:09:00,14,2,7,19,9,640,24,AV JL LAPORTE,,,Nuit avec éclairage allumé,En agglomération,Intersection en T,Normale,Deux véhicules - côté,,,,,,,,,,,5,2,3,1.0,3
201400032263,0014-02-15 11:05:00,14,2,15,11,5,640,24,133 AV DE L' ADOUR,,,Plein jour,En agglomération,Hors intersection,Pluie légère,Deux véhicules - côté,,,,,,,,,,,1,2,1,2.0,3
201400032264,0014-02-17 17:35:00,14,2,17,17,35,640,24,AV DE L'ADOUR,,,Plein jour,En agglomération,Intersection en T,Normale,Sans collision,,,,,,,,,,,1,2,3,1.0,7
201400032265,0014-02-20 13:35:00,14,2,20,13,35,640,140,38 RUE GEORGE LASSALLE,,,Plein jour,En agglomération,Hors intersection,Normale,Deux véhicules - frontale,,,,,,,,,,,1,2,1,1.0,1
201400032266,0014-03-07 07:55:00,14,3,7,7,55,640,102,19 bis CHEMIN BERNARD,,,Plein jour,En agglomération,Intersection en T,Normale,Autre collision,,,,,,,,,,,1,2,3,1.0,6
201400032267,0014-03-07 20:35:00,14,3,7,20,35,640,102,AV CPT RESPLANDY,,,Nuit avec éclairage allumé,En agglomération,Hors intersection,Normale,Trois véhicules et plus - collisions multiples,,,,,,,,,,,5,2,1,1.0,5
201400032268,0014-03-09 17:10:00,14,3,9,17,10,640,102,PONT GRENET,,,Plein jour,En agglomération,Hors intersection,Normale,Deux véhicules - arrière,,,,,,,,,,,1,2,1,1.0,2
201400032269,0014-03-10 17:15:00,14,3,10,17,15,640,102,67 AV CPT RESPLANDY,,,Plein jour,En agglomération,Hors intersection,Normale,Deux véhicules - côté,,,,,,,,,,,1,2,1,1.0,3
201400032270,0014-03-14 07:15:00,14,3,14,7,15,640,24,16 RUE JUSTIN LARREBAT,,,Crépuscule ou aube,En agglomération,Hors intersection,Normale,Autre collision,,,,,,,,,,,2,2,1,1.0,6
201400032271,0014-03-16 00:01:00,14,3,16,0,1,640,102,AV ALLEES PAULMY,,,Nuit avec éclairage allumé,En agglomération,Hors intersection,Normale,Sans collision,,,,,,,,,,,5,2,1,1.0,7
201400032272,0014-03-17 19:50:00,14,3,17,19,50,640,24,45 AV DE BIARRITZ,,,Nuit avec éclairage allumé,En agglomération,Intersection en T,Normale,Deux véhicules - frontale,,,,,,,,,,,5,2,3,1.0,1
201400032273,0014-03-19 22:25:00,14,3,19,22,25,640,102,BD ALSACE LORRAINE,,,Nuit avec éclairage allumé,En agglomération,Intersection en X,Normale,Deux véhicules - côté,,,,,,,,,,,5,2,2,1.0,3
201400032274,0014-03-20 17:39:00,14,3,20,17,39,640,24,ROUTE DE MAIGNON,,,Plein jour,En agglomération,Intersection en T,Normale,Trois véhicules et plus - collisions multiples,,,,,,,,,,,1,2,3,1.0,5
201400032275,0014-03-25 21:25:00,14,3,25,21,25,640,24,AV DE BIARRITZ,43.48104,-1.53472,Nuit avec éclairage allumé,En agglomération,Intersection en X,Pluie forte,Deux véhicules - côté,,,,,,,,,,,5,2,2,3.0,3
201400032276,0014-04-01 11:20:00,14,4,1,11,20,640,24,9 ROUTE DE PITOYS,,,Plein jour,En agglomération,Hors intersection,Normale,Autre collision,,,,,,,,,,,1,2,1,1.0,6
201400032277,0014-04-05 17:00:00,14,4,5,17,0,640,140,GIFI BOUCAU,,,Plein jour,En agglomération,Hors intersection,Normale,Deux véhicules - arrière,,,,,,,,,,,1,2,1,1.0,2
201400032278,0014-04-07 08:35:00,14,4,7,8,35,640,102,21 RUE DOC LEON MOYNAC,,,Plein jour,En agglomération,Intersection en T,Normale,Deux véhicules - côté,,,,,,,,,,,1,2,3,1.0,3
201400032279,0014-04-09 11:55:00,14,4,9,11,55,640,24,32 RUE DE LAMIGOTTE,,,Plein jour,En agglomération,Hors intersection,Normale,Autre collision,,,,,,,,,,,1,2,1,1.0,6
201400032280,0014-04-12 22:40:00,14,4,12,22,40,640,102,78 AV MARECHAL SOULT,,,Nuit avec éclairage allumé,En agglomération,Hors intersection,Normale,Autre collision,,,,,,,,,,,5,2,1,1.0,6
201400032281,0014-04-14 14:00:00,14,4,14,14,0,640,24,RP CAPITAINERIE,,,Plein jour,En agglomération,Hors intersection,Normale,Sans collision,,,,,,,,,,,1,2,1,1.0,7
201400032282,0014-04-16 14:35:00,14,4,16,14,35,640,24,AV DE BAYONNE,,,Plein jour,En agglomération,Intersection en T,Normale,Deux véhicules - côté,,,,,,,,,,,1,2,3,1.0,3
201400032283,0014-04-17 07:50:00,14,4,17,7,50,640,24,RUE DE HARDOY,,,Plein jour,En agglomération,Intersection en T,Normale,Autre collision,,,,,,,,,,,1,2,3,1.0,6
201400032284,0014-04-17 17:30:00,14,4,17,17,30,640,102,CHEMIN DE HARGOUS,,,Plein jour,En agglomération,Intersection en T,Normale,Deux véhicules - côté,,,,,,,,,,,1,2,3,1.0,3
201400032285,0014-04-21 18:40:00,14,4,21,18,40,640,102,70 AV MARECHAL SOULT,,,Plein jour,En agglomération,Hors intersection,Normale,Deux véhicules - arrière,,,,,,,,,,,1,2,1,1.0,2
201400032286,0014-05-03 08:45:00,14,5,3,8,45,640,102,14 RUE DE LACHEPAILLET,,,Plein jour,En agglomération,Hors intersection,Normale,Sans collision,,,,,,,,,,,1,2,1,1.0,7
201400032287,0014-05-03 13:00:00,14,5,3,13,0,640,102,RUE CORSAIRE SOUSTRA,,,Plein jour,En agglomération,Hors intersection,Normale,Sans collision,,,,,,,,,,,1,2,1,1.0,7
201400032288,0014-05-09 09:52:00,14,5,9,9,52,640,102,AV DE L'AQUITAINE,,,Plein jour,En agglomération,Hors intersection,Normale,Deux véhicules - frontale,,,,,,,,,,,1,2,1,1.0,1
201400032289,0014-05-13 08:45:00,14,5,13,8,45,640,102,RUE CORSAIRE SOUSTRA,,,Plein jour,En agglomération,Hors intersection,Temps couvert,Deux véhicules - arrière,,,,,,,,,,,1,2,1,8.0,2