accident_id,datetime,annee,mois,jour,heure,minute,departement,commune_insee,adresse,latitude,longitude,luminosite,agglomeration,intersection,meteo,collision,nb_vehicules,nb_usagers,nb_indemnes,nb_tues,nb_blesses_hosp,nb_blesses_legers,age_cond_1,age_cond_2,veh_type_cond_1,veh_type_cond_2,lum_code,agg_code,int_code,atm_code,col_code
201400032290,0014-05-15 17:10:00,14,5,15,17,10,640,102,RP PIECE NOYEE,,,Plein jour,En agglomération,Giratoire,Normale,Trois véhicules et plus - collisions multiples,,,,,,,,,,,1,2,6,1.0,5
201400032291,0014-05-17 04:30:00,14,5,17,4,30,640,24,"14, ESPAGNE (AVENUE D')",,,Nuit avec éclairage allumé,En agglomération,Hors intersection,Normale,Sans collision,,,,,,,,,,,5,2,1,1.0,7
201400032292,0014-05-18 14:36:00,14,5,18,14,36,640,24,"163, MONTBRUN (AVENUE DE",,,Plein jour,En agglomération,Hors intersection,Normale,Deux véhicules - arrière,,,,,,,,,,,1,2,1,1.0,2
201400032293,0014-05-18 21:00:00,14,5,18,21,0,640,24,"., MER (BOULEVARD DE LA)",,,Plein jour,En agglomération,Hors intersection,Normale,Sans collision,,,,,,,,,,,1,2,1,1.0,7
201400032294,0014-05-21 23:09:00,14,5,21,23,9,640,140,"92, POLITZER (RUE GEORGE",,,Nuit avec éclairage allumé,En agglomération,Hors intersection,Temps couvert,Autre collision,,,,,,,,,,,5,2,1,8.0,6
201400032295,0014-05-27 20:55:00,14,5,27,20,55,640,24,"5, EUGENE BERNAIN (AVENU",,,Plein jour,En agglomération,Intersection en T,Normale,Deux véhicules - côté,,,,,,,,,,,1,2,3,1.0,3
201400032296,0014-06-03 17:50:00,14,6,3,17,50,640,102,"., PAUL PRAS (AVENUE)",43.48399,-1.47669,Plein jour,En agglomération,Intersection en T,Normale,Deux véhicules - frontale,,,,,,,,,,,1,2,3,1.0,1
201400032297,0014-06-04 06:50:00,14,6,4,6,50,640,102,AV HENRI DE NAVARRE,43.50472,-1.44683,Crépuscule ou aube,En agglomération,Giratoire,Pluie légère,Sans collision,,,,,,,,,,,2,2,6,2.0,7
201400032298,0014-06-05 15:00:00,14,6,5,15,0,640,102,47 AV ALLEES MARINES,43.49885,-1.48832,Plein jour,En agglomération,Hors intersection,Normale,Trois véhicules et plus - en chaîne,,,,,,,,,,,1,2,1,1.0,4
201400032299,0014-06-11 15:40:00,14,6,11,15,40,640,24,PROMENADE DES FALAISES,43.49735,-1.5403,Plein jour,En agglomération,Hors intersection,Normale,Deux véhicules - arrière,,,,,,,,,,,1,2,1,1.0,2
201400032300,0014-06-13 21:20:00,14,6,13,21,20,640,24,"., PYRENEES (AVENUE DES)",43.50243,-1.50713,Plein jour,En agglomération,Intersection en T,Normale,Deux véhicules - côté,,,,,,,,,,,1,2,3,1.0,3
201400032301,0014-06-15 07:00:00,14,6,15,7,0,640,102,AV LOUIS DE FOIX,43.50636,-1.46724,Plein jour,En agglomération,Intersection en X,Normale,Deux véhicules - côté,,,,,,,,,,,1,2,2,1.0,3
201400032302,0014-06-15 23:15:00,14,6,15,23,15,640,24,"95, QUATRE CANTONS (RUE",43.48817,-1.52677,Nuit avec éclairage allumé,En agglomération,Hors intersection,Normale,Sans collision,,,,,,,,,,,5,2,1,1.0,7
201400032303,0014-06-17 19:50:00,14,6,17,19,50,640,102,chemin de SABALCE,43.49379,-1.49162,Plein jour,En agglomération,Giratoire,Normale,Deux véhicules - frontale,,,,,,,,,,,1,2,6,1.0,1
201400032304,0014-06-20 02:25:00,14,6,20,2,25,640,102,BAB (Boulevard),43.4982,-1.49075,Nuit avec éclairage allumé,En agglomération,Hors intersection,Normale,Sans collision,,,,,,,,,,,5,2,1,1.0,7
201400032305,0014-06-21 17:40:00,14,6,21,17,40,640,24,allée Pr Parking BAB2,43.4905,-1.49785,Plein jour,En agglomération,Intersection en X,Normale,Deux véhicules - côté,,,,,,,,,,,1,2,2,1.0,3
201400032306,0014-06-23 09:35:00,14,6,23,9,35,640,24,"40,promenade de la BARRE",43.49897,-1.52766,Plein jour,En agglomération,Hors intersection,Normale,Sans collision,,,,,,,,,,,1,2,1,1.0,7
201400032307,0014-06-24 13:20:00,14,6,24,13,20,640,102,Av HENRI GRENET,43.50385,-1.47428,Plein jour,En agglomération,Hors intersection,Normale,Trois véhicules et plus - collisions multiples,,,,,,,,,,,1,2,1,1.0,5
201400032308,0014-06-28 15:10:00,14,6,28,15,10,640,24,Av de BAYONNE,43.48138,-1.51099,Plein jour,En agglomération,Hors intersection,Normale,Deux véhicules - côté,,,,,,,,,,,1,2,1,1.0,3
201400032309,0014-07-01 13:45:00,14,7,1,13,45,640,102,Bd ALSACE LORRAINE,43.49428,-1.46773,Plein jour,En agglomération,Intersection en T,Pluie légère,Sans collision,,,,,,,,,,,1,2,3,2.0,7
201400032310,0014-07-09 12:10:00,14,7,9,12,10,640,102,Av H GRENET,43.5041,-1.47325,Plein jour,En agglomération,Hors intersection,Temps couvert,Deux véhicules - côté,,,,,,,,,,,1,2,1,8.0,3
201400032311,0014-07-09 15:20:00,14,7,9,15,20,640,24,Av de BAYONNE,43.48134,-1.51099,Plein jour,En agglomération,Intersection en T,Normale,Deux véhicules - arrière,,,,,,,,,,,1,2,3,1.0,2
201400032312,0014-07-11 13:15:00,14,7,11,13,15,640,140,"., BAZE (Z.A. DU)",,,Plein jour,En agglomération,Hors intersection,Normale,Sans collision,,,,,,,,,,,1,2,1,1.0,7
201400032313,0014-07-17 22:00:00,14,7,17,22,0,640,102,"19,Allées  MARINES",43.49672,-1.48275,Crépuscule ou aube,En agglomération,Hors intersection,Normale,Autre collision,,,,,,,,,,,2,2,1,1.0,6
201400032314,0014-07-22 09:10:00,14,7,22,9,10,640,102,Av LOUIS DE FOIX,43.50634,-1.46724,Plein jour,En agglomération,Intersection en X,Normale,Deux véhicules - côté,,,,,,,,,,,1,2,2,1.0,3
201400032315,0014-07-23 23:05:00,14,7,23,23,5,640,24,Rond point de la BARRE,43.52601,-1.51678,Nuit avec éclairage allumé,En agglomération,Giratoire,Normale,Sans collision,,,,,,,,,,,5,2,6,1.0,7
201400032316,0014-07-26 01:45:00,14,7,26,1,45,640,102,Av MARECHEL SOULT,,,Nuit avec éclairage allumé,En agglomération,Hors intersection,Normale,Deux véhicules - arrière,,,,,,,,,,,5,2,1,1.0,2
201400032317,0014-07-26 05:55:00,14,7,26,5,55,640,24,RD 810 RD PT  BERNAIN,43.48149,-1.50976,Nuit avec éclairage allumé,En agglomération,Giratoire,Temps couvert,Sans collision,,,,,,,,,,,5,2,6,8.0,7
201400032318,0014-07-28 19:10:00,14,7,28,19,10,640,24,"38-40, ESPAGNE (AVENUE D",,,Plein jour,En agglomération,Intersection en T,Temps couvert,Deux véhicules - côté,,,,,,,,,,,1,2,3,8.0,3
201400032319,0014-07-29 15:30:00,14,7,29,15,30,640,102,"47, ALLEES MARINES",43.48598,-1.46101,Plein jour,En agglomération,Hors intersection,Normale,Deux véhicules - arrière,,,,,,,,,,,1,2,1,1.0,2
201400032320,0014-08-04 01:20:00,14,8,4,1,20,640,102,AV DE L AQUITAINE,,,Nuit avec éclairage allumé,En agglomération,Hors intersection,Temps couvert,Sans collision,,,,,,,,,,,5,2,1,8.0,7
201400032321,0014-08-06 18:10:00,14,8,6,18,10,640,24,3 AV  BIARRITZ,43.48039,-1.51681,Plein jour,En agglomération,Hors intersection,Normale,Deux véhicules - côté,,,,,,,,,,,1,2,1,1.0,3
201400032322,0014-08-12 05:30:00,14,8,12,5,30,640,24,30 AV D' ESPAGNE,,,Nuit sans éclairage public,En agglomération,Hors intersection,Normale,Sans collision,,,,,,,,,,,3,2,1,1.0,7
201400032323,0014-08-12 08:55:00,14,8,12,8,55,640,24,AV D'ESPAGNE,,,Plein jour,En agglomération,Intersection en T,Normale,Deux véhicules - côté,,,,,,,,,,,1,2,3,1.0,3
201400032324,0014-08-14 07:18:00,14,8,14,7,18,640,24,ROND POINT DE JORLIS,43.49814,-1.49356,Plein jour,En agglomération,Hors intersection,Pluie légère,Sans collision,,,,,,,,,,,1,2,1,2.0,7
201400032325,0014-08-18 16:45:00,14,8,18,16,45,640,24,ROND POINT DE BAHINOS,43.49419,-1.51905,Plein jour,En agglomération,Giratoire,Normale,Trois véhicules et plus - en chaîne,,,,,,,,,,,1,2,6,1.0,4
201400032326,0014-08-20 15:54:00,14,8,20,15,54,640,102,ALLEES MARINES,43.50312,-1.49458,Plein jour,En agglomération,Intersection en T,Temps couvert,Deux véhicules - côté,,,,,,,,,,,1,2,3,8.0,3
201400032327,0014-08-20 22:40:00,14,8,20,22,40,640,24,19 RUE DES BARTHES,43.48423,-1.50669,Nuit avec éclairage allumé,En agglomération,Hors intersection,Normale,Deux véhicules - côté,,,,,,,,,,,5,2,1,1.0,3
201400032328,0014-09-02 17:40:00,14,9,2,17,40,640,102,AV JEAN DARRIGRAND,43.47848,-1.49197,Plein jour,En agglomération,Giratoire,Normale,Sans collision,,,,,,,,,,,1,2,6,1.0,7
201400032329,0014-09-10 10:00:00,14,9,10,10,0,640,102,AV INTERNE JACQUES LOEB,43.47844,-1.48425,Plein jour,En agglomération,Hors intersection,Normale,Sans collision,,,,,,,,,,,1,2,1,1.0,7
201400032330,0014-09-10 15:45:00,14,9,10,15,45,640,102,ROND POINT SAINT LEON,43.48845,-1.48269,Plein jour,En agglomération,Giratoire,Normale,Deux véhicules - côté,,,,,,,,,,,1,2,6,1.0,3
201400032331,0014-09-11 12:30:00,14,9,11,12,30,640,140,BOULEVARD J DUCLOS,,,Plein jour,En agglomération,Intersection en T,Normale,Deux véhicules - arrière,,,,,,,,,,,1,2,3,1.0,2
201400032332,0014-09-14 19:25:00,14,9,14,19,25,640,102,12 RUE DES LILAS,43.50585,-1.4713,Plein jour,En agglomération,Hors intersection,Normale,Sans collision,,,,,,,,,,,1,2,1,1.0,7
201400032333,0014-09-17 08:20:00,14,9,17,8,20,640,102,"7, VITAL BIRABEN (AVENUE",,,Plein jour,En agglomération,Hors intersection,Normale,Autre collision,,,,,,,,,,,1,2,1,1.0,6
201400032334,0014-09-17 12:25:00,14,9,17,12,25,640,102,AV DU GRAND BASQUE,,,Plein jour,Hors agglomération,Intersection en T,Normale,Deux véhicules - arrière,,,,,,,,,,,1,1,3,1.0,2
201400032335,0014-09-26 14:40:00,14,9,26,14,40,640,102,160 AV HENRI DE NAVARRE,,,Plein jour,En agglomération,Hors intersection,Normale,Autre collision,,,,,,,,,,,1,2,1,1.0,6
201400032336,0014-09-30 07:55:00,14,9,30,7,55,640,24,38 AVENUE DE  BIARRITZ,43.48014,-1.52274,Plein jour,En agglomération,Hors intersection,Pluie légère,Trois véhicules et plus - collisions multiples,,,,,,,,,,,1,2,1,2.0,5
201400032337,0014-09-30 12:00:00,14,9,30,12,0,640,24,RUE DE CHASSIN,43.48869,-1.53017,Plein jour,En agglomération,Intersection en T,Temps couvert,Sans collision,,,,,,,,,,,1,2,3,8.0,7
201400032338,0014-10-01 17:25:00,14,10,1,17,25,640,102,RUE DE LA FEUILLEE,43.48493,-1.49939,Plein jour,En agglomération,Hors intersection,Normale,Sans collision,,,,,,,,,,,1,2,1,1.0,7
201400032339,0014-10-01 18:35:00,14,10,1,18,35,640,102,AV HENRI GRENET,43.50368,-1.46921,Plein jour,En agglomération,Hors intersection,Normale,Autre collision,,,,,,,,,,,1,2,1,1.0,6
201400032340,0014-10-03 22:50:00,14,10,3,22,50,640,102,PLACE PAUL BERT,43.48993,-1.47141,Nuit avec éclairage allumé,En agglomération,Hors intersection,Normale,Deux véhicules - côté,,,,,,,,,,,5,2,1,1.0,3
201400032341,0014-10-06 16:25:00,14,10,6,16,25,640,102,15 REMPART LACHEPAILLET,43.48934,-1.4793,Plein jour,En agglomération,Hors intersection,Normale,Sans collision,,,,,,,,,,,1,2,1,1.0,7
201400032342,0014-10-07 05:50:00,14,10,7,5,50,640,24,159 RUE DE  HAUSQUETTE,43.50006,-1.5045,Nuit avec éclairage allumé,En agglomération,Hors intersection,Normale,Sans collision,,,,,,,,,,,5,2,1,1.0,7
201400032343,0014-10-11 18:30:00,14,10,11,18,30,640,102,AVENUE MARECHAL SOULT,,,Plein jour,En agglomération,Hors intersection,Normale,Deux véhicules - côté,,,,,,,,,,,1,2,1,1.0,3
201400032344,0014-10-15 19:50:00,14,10,15,19,50,640,102,115 AV MARECHAL SOULT,,,Crépuscule ou aube,En agglomération,Intersection en T,Normale,Deux véhicules - côté,,,,,,,,,,,2,2,3,1.0,3
201400032345,0014-10-14 12:50:00,14,10,14,12,50,640,24,ROUTE DE PITOYS,43.46353,-1.51093,Plein jour,En agglomération,Hors intersection,Normale,Deux véhicules - arrière,,,,,,,,,,,1,2,1,1.0,2
201400032346,0014-10-16 18:35:00,14,10,16,18,35,640,24,77 AVENUE ADOUR,43.50913,-1.49893,Plein jour,En agglomération,Hors intersection,Normale,Autre collision,,,,,,,,,,,1,2,1,1.0,6
201400032347,0014-10-17 17:05:00,14,10,17,17,5,640,102,AVENUE MARECHAL SOULT,,,Plein jour,En agglomération,Intersection en T,Normale,Deux véhicules - côté,,,,,,,,,,,1,2,3,1.0,3
201400032348,0014-10-19 08:35:00,14,10,19,8,35,640,102,AVENUE JEAN DARRIGRAND,43.48115,-1.48824,Plein jour,En agglomération,Hors intersection,Normale,Sans collision,,,,,,,,,,,1,2,1,1.0,7
201400032349,0014-10-24 11:20:00,14,10,24,11,20,640,102,QUAI AMIRAL SALA,43.4954,-1.47121,Plein jour,En agglomération,Hors intersection,Normale,Sans collision,,,,,,,,,,,1,2,1,1.0,7
201400032350,0014-10-24 11:35:00,14,10,24,11,35,640,102,114 RUE MAUBEC,43.50116,-1.46705,Plein jour,En agglomération,Giratoire,Normale,Deux véhicules - côté,,,,,,,,,,,1,2,6,1.0,3
201400032351,0014-10-26 14:05:00,14,10,26,14,5,640,24,PROMENADE DE LA BARRE,43.50824,-1.52223,Plein jour,En agglomération,Intersection en T,Normale,Deux véhicules - côté,,,,,,,,,,,1,2,3,1.0,3
201400032352,0014-10-28 16:50:00,14,10,28,16,50,640,102,58 BD ALSACE LORRAINE,43.49243,-1.46514,Plein jour,En agglomération,Hors intersection,Normale,Autre collision,,,,,,,,,,,1,2,1,1.0,6
201400032353,0014-10-29 16:05:00,14,10,29,16,5,640,102,AVENUE D'AQUITAINE,,,Plein jour,En agglomération,Hors intersection,Normale,Trois véhicules et plus - collisions multiples,,,,,,,,,,,1,2,1,1.0,5
201400032354,0014-10-30 18:20:00,14,10,30,18,20,640,102,QUAI DE LESSEPS,43.49848,-1.48048,Crépuscule ou aube,En agglomération,Hors intersection,Normale,Sans collision,,,,,,,,,,,2,2,1,1.0,7
201400032355,0014-10-31 11:55:00,14,10,31,11,55,640,24,AVENUE DE BAYONNE,,,Plein jour,En agglomération,Intersection en T,Normale,Autre collision,,,,,,,,,,,1,2,3,1.0,6
201400032356,0014-11-03 19:00:00,14,11,3,19,0,640,102,AVENUE  PAUL PRAS,43.48476,-1.47644,Nuit avec éclairage allumé,En agglomération,Hors intersection,Pluie légère,Deux véhicules - frontale,,,,,,,,,,,5,2,1,2.0,1
201400032357,0014-11-03 18:25:00,14,11,3,18,25,640,24,ROUTE DE  PITOYS,43.46373,-1.5212,Nuit avec éclairage allumé,En agglomération,Hors intersection,Pluie légère,Sans collision,,,,,,,,,,,5,2,1,2.0,7
201400032358,0014-11-08 20:30:00,14,11,8,20,30,640,102,BD  ALSACE LORRAINE,43.49464,-1.46838,Nuit avec éclairage allumé,En agglomération,Intersection en T,Normale,Deux véhicules - arrière,,,,,,,,,,,5,2,3,1.0,2
201400032359,0014-11-19 13:22:00,14,11,19,13,22,640,102,PLACE DE L'ARSENAL,43.4894,-1.47189,Plein jour,En agglomération,Hors intersection,Normale,Deux véhicules - côté,,,,,,,,,,,1,2,1,1.0,3
201400032360,0014-11-20 18:31:00,14,11,20,18,31,640,24,RUE CHARLES KRAEMER,43.49488,-1.52821,Nuit avec éclairage allumé,En agglomération,Giratoire,Normale,Autre collision,,,,,,,,,,,5,2,6,1.0,6
201400032361,0014-11-28 18:00:00,14,11,28,18,0,640,24,AVENUE DE BIARRITZ,43.48018,-1.52214,Crépuscule ou aube,En agglomération,Hors intersection,Normale,Deux véhicules - côté,,,,,,,,,,,2,2,1,1.0,3
201400032362,0014-11-30 15:20:00,14,11,30,15,20,640,102,ROND POINT BEYRIS,43.47864,-1.49251,Plein jour,En agglomération,Hors intersection,Temps couvert,Sans collision,,,,,,,,,,,1,2,1,8.0,7
201400032363,0014-11-30 17:40:00,14,11,30,17,40,640,102,AVENUE HENRI GRENET,43.5036,-1.46807,Nuit avec éclairage allumé,En agglomération,Hors intersection,Pluie légère,Sans collision,,,,,,,,,,,5,2,1,2.0,7
201400032364,0014-12-06 20:00:00,14,12,6,20,0,640,102,AVENUE MARECHAL SOULT,,,Nuit avec éclairage allumé,En agglomération,Hors intersection,Normale,Deux véhicules - arrière,,,,,,,,,,,5,2,1,1.0,2
201400032365,0014-12-10 19:00:00,14,12,10,19,0,640,102,AVENUE MARECHAL SOULT,,,Nuit avec éclairage allumé,En agglomération,Hors intersection,Pluie légère,Trois véhicules et plus - en chaîne,,,,,,,,,,,5,2,1,2.0,4
201400032366,0014-12-12 16:05:00,14,12,12,16,5,640,102,DUVERGIER DE HAURANNE,43.48938,-1.46804,Plein jour,En agglomération,Hors intersection,Normale,Sans collision,,,,,,,,,,,1,2,1,1.0,7
201400032367,0014-12-18 08:00:00,14,12,18,8,0,640,24,PROMENADE DU PARC BELAY,43.47704,-1.52009,Plein jour,En agglomération,Hors intersection,Pluie légère,Autre collision,,,,,,,,,,,1,2,1,2.0,6
201400032368,0014-12-21 11:10:00,14,12,21,11,10,640,102,89 AVENUE LOUIS DE FOIX,,,Plein jour,En agglomération,Hors intersection,Normale,Sans collision,,,,,,,,,,,1,2,1,1.0,7
201400032369,0014-12-26 18:40:00,14,12,26,18,40,640,102,GIRATOIRE BEYRIS,43.47821,-1.49277,Nuit avec éclairage allumé,En agglomération,Hors intersection,Pluie légère,Deux véhicules - côté,,,,,,,,,,,5,2,1,2.0,3
201400032370,0014-12-26 23:10:00,14,12,26,23,10,640,24,BOULEVARD DU BAB,,,Nuit avec éclairage allumé,En agglomération,Hors intersection,Normale,Deux véhicules - arrière,,,,,,,,,,,5,2,1,1.0,2
201400032371,0014-12-31 13:15:00,14,12,31,13,15,640,102,CHEMIN DE SAINT BERNARD,,,Plein jour,En agglomération,Hors intersection,Normale,Deux véhicules - frontale,,,,,,,,,,,1,2,1,1.0,1
201400032372,0014-01-01 05:30:00,14,1,1,5,30,640,125,66 AV ATHERBEA,,,Nuit avec éclairage allumé,En agglomération,Hors intersection,Normale,Deux véhicules - frontale,,,,,,,,,,,5,2,1,1.0,1
201400032373,0014-01-28 11:55:00,14,1,28,11,55,640,122,46 AV KENNEDY,,,Plein jour,En agglomération,Hors intersection,Normale,Deux véhicules - côté,,,,,,,,,,,1,2,1,1.0,3
201400032374,0014-02-07 11:50:00,14,2,7,11,50,640,122,9 BD PRINCE DE GALLES,,,Plein jour,En agglomération,Hors intersection,Normale,Autre collision,,,,,,,,,,,1,2,1,1.0,6
201400032375,0014-02-16 17:35:00,14,2,16,17,35,640,125,AV DU PLATEAU,,,Plein jour,En agglomération,Hors intersection,Normale,Deux véhicules - côté,,,,,,,,,,,1,2,1,1.0,3
201400032376,0014-03-16 04:45:00,14,3,16,4,45,640,122,10 AV DE LA MARNE,,,Nuit avec éclairage allumé,En agglomération,Hors intersection,Normale,Deux véhicules - côté,,,,,,,,,,,5,2,1,1.0,3
201400032377,0014-04-04 18:35:00,14,4,4,18,35,640,122,ALLEE DORZIAT GABRIELLE,,,Plein jour,En agglomération,Hors intersection,Normale,Autre collision,,,,,,,,,,,1,2,1,1.0,6
201400032378,0014-04-16 20:00:00,14,4,16,20,0,640,122,ROND POINT DU MOUSSE,43.46793,-1.54001,Plein jour,En agglomération,Giratoire,Normale,Deux véhicules - côté,,,,,,,,,,,1,2,6,1.0,3
201400032379,0014-04-23 20:55:00,14,4,23,20,55,640,122,AV DE LA MARNE/LAHOUZE,,,Crépuscule ou aube,En agglomération,Hors intersection,Normale,Deux véhicules - côté,,,,,,,,,,,2,2,1,1.0,3
201400032380,0014-05-01 18:20:00,14,5,1,18,20,640,122,BD MARCEL DASSAULT,,,Plein jour,En agglomération,Hors intersection,Temps couvert,Autre collision,,,,,,,,,,,1,2,1,8.0,6
201400032381,0014-05-02 16:15:00,14,5,2,16,15,640,122,13 AV MARECHAL FOCH,,,Plein jour,En agglomération,Hors intersection,Normale,Deux véhicules - arrière,,,,,,,,,,,1,2,1,1.0,2
201400032382,0014-05-05 07:55:00,14,5,5,7,55,640,125,4 RUE DE L'ETAPE,,,Plein jour,En agglomération,Hors intersection,Normale,Deux véhicules - arrière,,,,,,,,,,,1,2,1,1.0,2
201400032383,0014-05-10 11:00:00,14,5,10,11,0,640,122,5 AV DE LA MILADY,,,Plein jour,En agglomération,Giratoire,Normale,Sans collision,,,,,,,,,,,1,2,6,1.0,7
201400032384,0014-05-13 11:30:00,14,5,13,11,30,640,122,80 AV KENNEDY,,,Plein jour,En agglomération,Hors intersection,Normale,Deux véhicules - côté,,,,,,,,,,,1,2,1,1.0,3
201400032385,0014-06-15 10:35:00,14,6,15,10,35,640,122,"21, BRAOU (AVENUE DU)",43.47892,-1.53609,Plein jour,En agglomération,Hors intersection,Normale,Deux véhicules - arrière,,,,,,,,,,,1,2,1,1.0,2
201400032386,0014-06-17 05:15:00,14,6,17,5,15,640,122,rue REGINA,43.49073,-1.55106,Nuit avec éclairage allumé,En agglomération,Intersection en T,Normale,Sans collision,,,,,,,,,,,5,2,3,1.0,7
201400032387,0014-06-17 11:20:00,14,6,17,11,20,640,122,RD 810,43.46052,-1.54719,Plein jour,En agglomération,Hors intersection,Normale,Deux véhicules - frontale,,,,,,,,,,,1,2,1,1.0,1
201400032388,0014-06-21 16:10:00,14,6,21,16,10,640,122,3 rue JOSEPH PETIT,43.48295,-1.5583,Plein jour,En agglomération,Hors intersection,Normale,Autre collision,,,,,,,,,,,1,2,1,1.0,6
201400032389,0014-06-22 09:40:00,14,6,22,9,40,640,122,Av Maréchal FOCH,43.47926,-1.55867,Plein jour,En agglomération,Hors intersection,Normale,Sans collision,,,,,,,,,,,1,2,1,1.0,7
201400032390,0014-06-27 22:10:00,14,6,27,22,10,640,122,35 rue Maréchel JOFFRE,43.47646,-1.56239,Nuit avec éclairage allumé,En agglomération,Hors intersection,Temps couvert,Deux véhicules - côté,,,,,,,,,,,5,2,1,8.0,3
201400032391,0014-06-28 15:55:00,14,6,28,15,55,640,122,8 Av EDOUARD VII,43.48259,-1.55888,Plein jour,En agglomération,Hors intersection,Normale,Sans collision,,,,,,,,,,,1,2,1,1.0,7
201400032392,0014-06-29 04:30:00,14,6,29,4,30,640,122,21 Av EDOUARD VII,43.48431,-1.55741,Nuit avec éclairage allumé,En agglomération,Hors intersection,Autre,Autre collision,,,,,,,,,,,5,2,1,9.0,6
201400032393,0014-07-09 03:57:00,14,7,9,3,57,640,122,65 av LAHOUZE,43.47751,-1.55089,Nuit avec éclairage allumé,En agglomération,Hors intersection,Normale,Autre collision,,,,,,,,,,,5,2,1,1.0,6
201400032394,0014-07-15 02:35:00,14,7,15,2,35,640,122,63 AV MILADY,43.46709,-1.57081,Nuit avec éclairage allumé,En agglomération,Hors intersection,Normale,Autre collision,,,,,,,,,,,5,2,1,1.0,6
201400032395,0014-07-16 17:35:00,14,7,16,17,35,640,125,Avenue ATHERBEA,43.43292,-1.59592,Plein jour,En agglomération,Hors intersection,Normale,Deux véhicules - frontale,,,,,,,,,,,1,2,1,1.0,1
201400032396,0014-07-18 11:45:00,14,7,18,11,45,640,122,av REINE VICTORIA,,,Plein jour,En agglomération,Hors intersection,Pluie légère,Sans collision,,,,,,,,,,,1,2,1,2.0,7
201400032397,0014-07-21 09:50:00,14,7,21,9,50,640,122,Av Maréchal FOCH,43.47933,-1.55864,Plein jour,En agglomération,Hors intersection,Normale,Deux véhicules - côté,,,,,,,,,,,1,2,1,1.0,3
201400032398,0014-07-31 18:55:00,14,7,31,18,55,640,125,Av de  BIARRITZ,,,Plein jour,En agglomération,Hors intersection,Normale,Deux véhicules - frontale,,,,,,,,,,,1,2,1,1.0,1
201400032399,0014-08-01 22:40:00,14,8,1,22,40,640,122,Bd MARCEL DASSAULT (viad,,,Nuit avec éclairage allumé,En agglomération,Hors intersection,Normale,Trois véhicules et plus - collisions multiples,,,,,,,,,,,5,2,1,1.0,5
201400032400,0014-08-03 23:00:00,14,8,3,23,0,640,122,"3, Av EDOUARD VII",43.48338,-1.55876,Nuit avec éclairage allumé,En agglomération,Hors intersection,Pluie légère,Deux véhicules - arrière,,,,,,,,,,,5,2,1,2.0,2
201400032401,0014-08-05 15:00:00,14,8,5,15,0,640,122,RUE DU PORT VIEUX,43.48206,-1.56845,Plein jour,En agglomération,Hors intersection,Normale,Deux véhicules - arrière,,,,,,,,,,,1,2,1,1.0,2
201400032402,0014-07-05 15:00:00,14,7,5,15,0,640,122,rue du PORT VIEUX,43.4821,-1.56598,Plein jour,En agglomération,Hors intersection,Normale,Deux véhicules - arrière,,,,,,,,,,,1,2,1,1.0,2
201400032403,0014-08-06 11:35:00,14,8,6,11,35,640,122,40 AV DE VERDUN,43.48182,-1.55415,Plein jour,En agglomération,Hors intersection,Normale,Autre collision,,,,,,,,,,,1,2,1,1.0,6
201400032404,0014-08-09 18:35:00,14,8,9,18,35,640,125,ALLEE  ANTOINE D'ABBADIE,43.44571,-1.55349,Plein jour,En agglomération,Hors intersection,Normale,Autre collision,,,,,,,,,,,1,2,1,1.0,6
201400032405,0014-08-10 13:35:00,14,8,10,13,35,640,122,AV DE LA MILADY,43.46153,-1.57062,Plein jour,En agglomération,Autre intersection,Normale,Deux véhicules - côté,,,,,,,,,,,1,2,9,1.0,3
201400032406,0014-08-17 11:35:00,14,8,17,11,35,640,122,108 AV DE  VERDUN,43.48084,-1.54533,Plein jour,En agglomération,Hors intersection,Normale,Autre collision,,,,,,,,,,,1,2,1,1.0,6
201400032407,0014-08-23 12:00:00,14,8,23,12,0,640,122,8 RUE  PELLOT,43.48566,-1.55392,Plein jour,En agglomération,Hors intersection,Normale,Autre collision,,,,,,,,,,,1,2,1,1.0,6
201400032408,0014-08-28 00:30:00,14,8,28,0,30,640,122,17 BIS AV MARECHAL FOCH,43.47998,-1.55857,Nuit avec éclairage allumé,En agglomération,Hors intersection,Normale,Autre collision,,,,,,,,,,,5,2,1,1.0,6
201400032409,0014-09-01 09:35:00,14,9,1,9,35,640,122,1 BOULEVARD DE CASCAIS,43.47353,-1.54557,Plein jour,En agglomération,Hors intersection,Normale,Trois véhicules et plus - collisions multiples,,,,,,,,,,,1,2,1,1.0,5
201400032410,0014-09-03 15:55:00,14,9,3,15,55,640,122,(AVENUE DE GRAMMONT,43.47389,-1.5548,Plein jour,En agglomération,Intersection en X,Normale,Deux véhicules - côté,,,,,,,,,,,1,2,2,1.0,3
201400032411,0014-09-03 19:25:00,14,9,3,19,25,640,122,AVENUE DU LAC MARION,43.46999,-1.55257,Plein jour,En agglomération,Intersection en T,Normale,Deux véhicules - côté,,,,,,,,,,,1,2,3,1.0,3
201400032412,0014-09-11 18:50:00,14,9,11,18,50,640,122,AV DU PRESIDENT KENNEDY,43.46085,-1.54862,Plein jour,En agglomération,Hors intersection,Normale,Deux véhicules - côté,,,,,,,,,,,1,2,1,1.0,3
201400032413,0014-09-14 16:10:00,14,9,14,16,10,640,122,AVENUE D'ILBARRITZ,43.46198,-1.57056,Plein jour,En agglomération,Hors intersection,Normale,Autre collision,,,,,,,,,,,1,2,1,1.0,6