accident_id,datetime,annee,mois,jour,heure,minute,departement,commune_insee,adresse,latitude,longitude,luminosite,agglomeration,intersection,meteo,collision,nb_vehicules,nb_usagers,nb_indemnes,nb_tues,nb_blesses_hosp,nb_blesses_legers,age_cond_1,age_cond_2,veh_type_cond_1,veh_type_cond_2,lum_code,agg_code,int_code,atm_code,col_code
201400032794,0014-08-17 20:30:00,14,8,17,20,30,640,545,ROUTE D'IBARDIN,,,Plein jour,Hors agglomération,Hors intersection,Normale,Deux véhicules - frontale,,,,,,,,,,,1,1,1,1.0,1
201400032795,0014-08-22 20:25:00,14,8,22,20,25,640,249,RD810,,,Plein jour,Hors agglomération,Hors intersection,Normale,Trois véhicules et plus - collisions multiples,,,,,,,,,,,1,1,1,1.0,5
201400032796,0014-08-23 13:10:00,14,8,23,13,10,640,483,RD810,,,Plein jour,En agglomération,Hors intersection,Normale,Deux véhicules - côté,,,,,,,,,,,1,2,1,1.0,3
201400032797,0014-08-23 20:15:00,14,8,23,20,15,640,483,1 AV DE LAYATS,,,Plein jour,En agglomération,Hors intersection,Normale,Deux véhicules - arrière,,,,,,,,,,,1,2,1,1.0,2
201400032798,0014-08-27 17:15:00,14,8,27,17,15,640,260,46 RUE HAPETENIA,,,Plein jour,En agglomération,Hors intersection,Normale,Trois véhicules et plus - collisions multiples,,,,,,,,,,,1,2,1,1.0,5
201400032799,0014-08-28 11:40:00,14,8,28,11,40,640,483,3  PASSICOT JEAN MARTIN,,,Plein jour,En agglomération,Hors intersection,Normale,Autre collision,,,,,,,,,,,1,2,1,1.0,6
201400032800,0014-08-29 16:10:00,14,8,29,16,10,640,545,RD810,,,Plein jour,Hors agglomération,Hors intersection,Normale,Trois véhicules et plus - collisions multiples,,,,,,,,,,,1,1,1,1.0,5
201400032801,0014-09-01 15:45:00,14,9,1,15,45,640,483,RD810,,,Plein jour,Hors agglomération,Hors intersection,Normale,Deux véhicules - arrière,,,,,,,,,,,1,1,1,1.0,2
201400032802,0014-09-02 09:15:00,14,9,2,9,15,640,483,AVENUE DE CHANTACO,,,Plein jour,En agglomération,Intersection en T,Normale,Deux véhicules - côté,,,,,,,,,,,1,2,3,1.0,3
201400032803,0014-09-02 18:20:00,14,9,2,18,20,640,545,RD810,,,Plein jour,Hors agglomération,Hors intersection,Normale,Deux véhicules - côté,,,,,,,,,,,1,1,1,1.0,3
201400032804,0014-09-04 16:10:00,14,9,4,16,10,640,260,31 RUE DE LA GLACIERE,,,Plein jour,Hors agglomération,Hors intersection,Normale,Deux véhicules - frontale,,,,,,,,,,,1,1,1,1.0,1
201400032805,0014-09-06 17:40:00,14,9,6,17,40,640,483,RD810,43.39174,-1.6549,Plein jour,En agglomération,Giratoire,Normale,Deux véhicules - côté,,,,,,,,,,,1,2,6,1.0,3
201400032806,0014-09-12 09:20:00,14,9,12,9,20,640,483,"1, LAHANCHIPIA (AVENUE)",,,Plein jour,Hors agglomération,Hors intersection,Normale,Deux véhicules - arrière,,,,,,,,,,,1,1,1,1.0,2
201400032807,0014-09-12 17:10:00,14,9,12,17,10,640,260,ROUTE DE LA CORNICHE,,,Plein jour,En agglomération,Hors intersection,Normale,Deux véhicules - frontale,,,,,,,,,,,1,2,1,1.0,1
201400032808,0014-09-17 18:00:00,14,9,17,18,0,640,260,10 RUE IRANDATZ,,,Plein jour,En agglomération,Hors intersection,Normale,Deux véhicules - frontale,,,,,,,,,,,1,2,1,1.0,1
201400032809,0014-09-21 15:00:00,14,9,21,15,0,640,545,RD810,,,Plein jour,Hors agglomération,Hors intersection,Normale,Deux véhicules - côté,,,,,,,,,,,1,1,1,1.0,3
201400032810,0014-09-23 11:45:00,14,9,23,11,45,640,189,2 QUAI MAURICE RAVEL,,,Plein jour,En agglomération,Hors intersection,Normale,Autre collision,,,,,,,,,,,1,2,1,1.0,6
201400032811,0014-09-23 18:05:00,14,9,23,18,5,640,483,6 BD ADOLPHE THIERS,43.38968,-1.65857,Plein jour,En agglomération,Hors intersection,Normale,Deux véhicules - côté,,,,,,,,,,,1,2,1,1.0,3
201400032812,0014-09-24 17:00:00,14,9,24,17,0,640,483,20 AV ANDRE ITHURRALDE,,,Plein jour,En agglomération,Hors intersection,Normale,Deux véhicules - côté,,,,,,,,,,,1,2,1,1.0,3
201400032813,0014-09-25 12:25:00,14,9,25,12,25,640,545,RUE PAUL GELOS,43.37797,-1.67247,Plein jour,En agglomération,Intersection en T,Normale,Deux véhicules - côté,,,,,,,,,,,1,2,3,1.0,3
201400032814,0014-09-29 15:05:00,14,9,29,15,5,640,260,10 RUE IRANDATZ,43.35298,-1.77399,Plein jour,En agglomération,Hors intersection,Normale,Autre collision,,,,,,,,,,,1,2,1,1.0,6
201400032815,0014-10-03 18:15:00,14,10,3,18,15,640,483,74 BOULEVAR THIERS,43.39602,-1.66021,Plein jour,En agglomération,Hors intersection,Normale,Deux véhicules - côté,,,,,,,,,,,1,2,1,1.0,3
201400032816,0014-10-05 17:10:00,14,10,5,17,10,640,260,69 ROUTE DE  BEHOBIE,,,Plein jour,Hors agglomération,Hors intersection,Normale,Autre collision,,,,,,,,,,,1,1,1,1.0,6
201400032817,0014-10-13 17:25:00,14,10,13,17,25,640,483,RD810,,,Plein jour,En agglomération,Hors intersection,Normale,Deux véhicules - arrière,,,,,,,,,,,1,2,1,1.0,2
201400032818,0014-10-20 16:10:00,14,10,20,16,10,640,483,17 AV JEAN COULOMME,43.39328,-1.6455,Plein jour,En agglomération,Hors intersection,Normale,Deux véhicules - arrière,,,,,,,,,,,1,2,1,1.0,2
201400032819,0014-10-24 08:45:00,14,10,24,8,45,640,483,5 BD HUGO VICTOR,43.30168,-0.37663,Plein jour,En agglomération,Hors intersection,Normale,Sans collision,,,,,,,,,,,1,2,1,1.0,7
201400032820,0014-10-26 03:10:00,14,10,26,3,10,640,483,AVENUE DE CHANTACO,,,Nuit avec éclairage allumé,En agglomération,Hors intersection,Normale,Autre collision,,,,,,,,,,,5,2,1,1.0,6
201400032821,0014-10-30 12:20:00,14,10,30,12,20,640,545,RD810,,,Plein jour,Hors agglomération,Hors intersection,Normale,Deux véhicules - côté,,,,,,,,,,,1,1,1,1.0,3
201400032822,0014-10-31 09:40:00,14,10,31,9,40,640,260,14 BD GENERAL LECLERC,,,Plein jour,En agglomération,Hors intersection,Normale,Autre collision,,,,,,,,,,,1,2,1,1.0,6
201400032823,0014-10-31 15:25:00,14,10,31,15,25,640,483,AVENUE LAHANCHIPIA,43.40124,-1.63516,Plein jour,En agglomération,Hors intersection,Normale,Trois véhicules et plus - collisions multiples,,,,,,,,,,,1,2,1,1.0,5
201400032824,0014-11-01 17:10:00,14,11,1,17,10,640,260,RUE DES ALLEZS,43.35516,-1.77446,Plein jour,En agglomération,Hors intersection,Normale,Deux véhicules - frontale,,,,,,,,,,,1,2,1,1.0,1
201400032825,0014-11-02 19:05:00,14,11,2,19,5,640,545,RD810,,,Nuit avec éclairage allumé,Hors agglomération,Hors intersection,Pluie forte,Deux véhicules - frontale,,,,,,,,,,,5,1,1,3.0,1
201400032826,0014-11-03 18:30:00,14,11,3,18,30,640,260,RD 912,,,Nuit sans éclairage public,En agglomération,Hors intersection,Pluie forte,Autre collision,,,,,,,,,,,3,2,1,3.0,6
201400032827,0014-11-04 16:55:00,14,11,4,16,55,640,260,RUE DE BEHOBIE,,,Plein jour,En agglomération,Hors intersection,Normale,Autre collision,,,,,,,,,,,1,2,1,1.0,6
201400032828,0014-11-05 09:00:00,14,11,5,9,0,640,260,BOULEVARD DE L EMPEREUR,,,Plein jour,En agglomération,Hors intersection,Pluie légère,Deux véhicules - côté,,,,,,,,,,,1,2,1,2.0,3
201400032829,0014-11-16 17:10:00,14,11,16,17,10,640,483,RD810,,,Crépuscule ou aube,En agglomération,Hors intersection,Normale,Deux véhicules - côté,,,,,,,,,,,2,2,1,1.0,3
201400032830,0014-11-20 08:35:00,14,11,20,8,35,640,483,RD 307,,,Plein jour,Hors agglomération,Hors intersection,Normale,Deux véhicules - côté,,,,,,,,,,,1,1,1,1.0,3
201400032831,0014-11-20 15:40:00,14,11,20,15,40,640,260,RUE DES BASQUES,43.35484,-1.77755,Plein jour,En agglomération,Hors intersection,Normale,Deux véhicules - côté,,,,,,,,,,,1,2,1,1.0,3
201400032832,0014-11-21 16:05:00,14,11,21,16,5,640,249,RD810,,,Plein jour,Hors agglomération,Hors intersection,Normale,Deux véhicules - arrière,,,,,,,,,,,1,1,1,1.0,2
201400032833,0014-11-24 17:25:00,14,11,24,17,25,640,545,RD810,,,Plein jour,Hors agglomération,Hors intersection,Normale,Deux véhicules - frontale,,,,,,,,,,,1,1,1,1.0,1
201400032834,0014-12-02 13:30:00,14,12,2,13,30,640,260,AVENUE DE LISSARDY,43.36863,-1.76402,Plein jour,En agglomération,Hors intersection,Temps couvert,Deux véhicules - arrière,,,,,,,,,,,1,2,1,8.0,2
201400032835,0014-12-22 06:30:00,14,12,22,6,30,640,483,AVENUE DE CHANTACO,,,Nuit avec éclairage allumé,En agglomération,Hors intersection,Normale,Deux véhicules - côté,,,,,,,,,,,5,2,1,1.0,3
201400032836,0014-12-23 16:30:00,14,12,23,16,30,640,545,RUE PAUL GELOS,,,Plein jour,Hors agglomération,Hors intersection,Autre,Deux véhicules - frontale,,,,,,,,,,,1,1,1,9.0,1
201400032837,0014-12-31 15:50:00,14,12,31,15,50,640,483,6 RUEDE L'ICHACA,43.38622,-1.65236,Plein jour,En agglomération,Hors intersection,Temps éblouissant,Autre collision,,,,,,,,,,,1,2,1,7.0,6
201400032838,0014-12-30 16:45:00,14,12,30,16,45,640,483,AV MARANON,43.3858,-1.65881,Plein jour,En agglomération,Hors intersection,Normale,Deux véhicules - côté,,,,,,,,,,,1,2,1,1.0,3
201400032839,0014-12-30 18:35:00,14,12,30,18,35,640,483,RD810,,,Crépuscule ou aube,Hors agglomération,Hors intersection,Normale,Trois véhicules et plus - collisions multiples,,,,,,,,,,,2,1,1,1.0,5
201400032840,0014-01-26 03:55:00,14,1,26,3,55,640,483,BD JEAN PASSICOT,,,Nuit avec éclairage allumé,En agglomération,Hors intersection,Pluie forte,Autre collision,,,,,,,,,,,5,2,1,3.0,6
201400032841,0014-02-16 16:05:00,14,2,16,16,5,640,483,AV COULOMME,,,Plein jour,En agglomération,Intersection en T,Normale,Deux véhicules - frontale,,,,,,,,,,,1,2,3,1.0,1
201400032842,0014-02-23 18:50:00,14,2,23,18,50,640,249,AV GETARIA,,,Crépuscule ou aube,Hors agglomération,Hors intersection,Normale,Deux véhicules - arrière,,,,,,,,,,,2,1,1,1.0,2
201400032843,0014-03-27 12:15:00,14,3,27,12,15,640,545,Route de la Corniche,,,Plein jour,Hors agglomération,Hors intersection,Normale,Autre collision,,,,,,,,,,,1,1,1,1.0,6
201400032844,0014-05-05 08:20:00,14,5,5,8,20,640,260,"25/27, ORIO (RUE D')",,,Plein jour,En agglomération,Hors intersection,Normale,Autre collision,,,,,,,,,,,1,2,1,1.0,6
201400032845,0014-06-03 17:05:00,14,6,3,17,5,640,545,RD810,43.34969,-1.74281,Plein jour,Hors agglomération,Hors intersection,Normale,Trois véhicules et plus - collisions multiples,,,,,,,,,,,1,1,1,1.0,5
201400032846,0014-07-05 12:45:00,14,7,5,12,45,640,545,701 rte  de BIRIATOU,43.35222,-1.70262,Plein jour,Hors agglomération,Hors intersection,Normale,Deux véhicules - frontale,,,,,,,,,,,1,1,1,1.0,1
201400032847,0014-08-17 22:50:00,14,8,17,22,50,640,483,RD 304,,,Nuit avec éclairage allumé,Hors agglomération,Hors intersection,Normale,Deux véhicules - côté,,,,,,,,,,,5,1,1,1.0,3
201400032848,0014-09-25 22:15:00,14,9,25,22,15,640,483,25  RUE HIRIBARREN,43.38765,-1.65225,Nuit avec éclairage allumé,Hors agglomération,Hors intersection,Normale,Sans collision,,,,,,,,,,,5,1,1,1.0,7
201400032849,0014-10-02 10:10:00,14,10,2,10,10,640,545,RTE DE LA GLACIERE,,,Plein jour,Hors agglomération,Hors intersection,Normale,Sans collision,,,,,,,,,,,1,1,1,1.0,7
201400032850,0014-02-24 12:15:00,14,2,24,12,15,650,286,RD937,43.1034,-0.06851,Plein jour,Hors agglomération,Hors intersection,Normale,Sans collision,,,,,,,,,,,1,1,1,1.0,7
201400032851,0014-02-28 10:25:00,14,2,28,10,25,650,286,"1, MICHELET (RUE EDMOND)",43.08937,-0.0469,Plein jour,En agglomération,Hors intersection,Vent fort / tempête,Autre collision,,,,,,,,,,,1,2,1,6.0,6
201400032852,0014-03-11 13:45:00,14,3,11,13,45,650,286,"1, CAPDANGELLE (RUE)",43.09876,-0.03802,Plein jour,En agglomération,Intersection en T,Normale,Deux véhicules - côté,,,,,,,,,,,1,2,3,1.0,3
201400032853,0014-03-24 16:55:00,14,3,24,16,55,650,286,ROUTE DE TARBES,43.11607,-0.03292,Plein jour,Hors agglomération,Intersection en T,Pluie forte,Deux véhicules - côté,,,,,,,,,,,1,1,3,3.0,3
201400032854,0014-03-31 19:15:00,14,3,31,19,15,650,286,LAPACCA (BOULEVARD DU,43.09717,-0.03848,Plein jour,En agglomération,Intersection en X,Normale,Deux véhicules - côté,,,,,,,,,,,1,2,2,1.0,3
201400032855,0014-04-06 09:55:00,14,4,6,9,55,650,286,"1, EGLISE (RUE DE L')",43.09651,-0.04566,Plein jour,En agglomération,Hors intersection,Normale,Autre collision,,,,,,,,,,,1,2,1,1.0,6
201400032856,0014-04-14 18:15:00,14,4,14,18,15,650,286,"50, JUIN (AVENUE MARECHA",43.09375,-0.04221,Plein jour,En agglomération,Intersection en T,Normale,Autre collision,,,,,,,,,,,1,2,3,1.0,6
201400032857,0014-04-17 16:15:00,14,4,17,16,15,650,286,"44, LANGELLE (RUE DE)",43.09698,-0.04059,Plein jour,En agglomération,Intersection en T,Normale,Autre collision,,,,,,,,,,,1,2,3,1.0,6
201400032858,0014-04-12 15:00:00,14,4,12,15,0,650,286,48 AV.ALEX.MARQUI,43.10281,-0.04329,Plein jour,En agglomération,Hors intersection,Normale,Deux véhicules - côté,,,,,,,,,,,1,2,1,1.0,3
201400032859,0014-04-19 13:20:00,14,4,19,13,20,650,286,SAUX Z.I,43.12723,-0.02742,Plein jour,Hors agglomération,Hors intersection,Normale,Deux véhicules - arrière,,,,,,,,,,,1,1,1,1.0,2
201400032860,0014-04-24 16:45:00,14,4,24,16,45,650,286,"1, LACADE (RUE ANSELME)",43.09349,-0.04609,Plein jour,En agglomération,Intersection en X,Pluie forte,Autre collision,,,,,,,,,,,1,2,2,3.0,6
201400032861,0014-05-09 17:34:00,14,5,9,17,34,650,286,MARQUI (AVENUE ALEXANDRE,43.10217,-0.04378,Plein jour,En agglomération,Intersection en T,Normale,Deux véhicules - côté,,,,,,,,,,,1,2,3,1.0,3
201400032862,0014-05-25 03:30:00,14,5,25,3,30,650,286,"34, GAVE (BOULEVARD DU)",43.08981,-0.05336,Nuit avec éclairage allumé,En agglomération,Hors intersection,Normale,Deux véhicules - frontale,,,,,,,,,,,5,2,1,1.0,1
201400032863,0014-05-31 09:35:00,14,5,31,9,35,650,286,"1, ABADIE (Avenue Fran?o",43.11129,-0.03645,Plein jour,En agglomération,Autre intersection,Normale,Trois véhicules et plus - collisions multiples,,,,,,,,,,,1,2,9,1.0,5
201400032864,0014-06-11 09:25:00,14,6,11,9,25,650,286,"0, CHAMP COMMUN (PLACE)",43.09352,-0.04691,Plein jour,En agglomération,Hors intersection,Normale,Autre collision,,,,,,,,,,,1,2,1,1.0,6
201400032865,0014-06-07 12:20:00,14,6,7,12,20,650,286,"12, SCHOEFFER (AVENUE MO",43.09552,-0.05574,Plein jour,En agglomération,Intersection en Y,Normale,Deux véhicules - frontale,,,,,,,,,,,1,2,4,1.0,1
201400032866,0014-06-15 12:40:00,14,6,15,12,40,650,286,"1, ROMAIN (BOULEVARD DU",43.10053,-0.04533,Plein jour,En agglomération,Hors intersection,Normale,Trois véhicules et plus - collisions multiples,,,,,,,,,,,1,2,1,1.0,5
201400032867,0014-06-23 13:30:00,14,6,23,13,30,650,286,"1, LAURENCE (PLACE MONSE",43.09675,-0.0544,Plein jour,En agglomération,Place,Normale,Autre collision,,,,,,,,,,,1,2,7,1.0,6
201400032868,0014-07-11 17:30:00,14,7,11,17,30,650,286,"1, ROMAIN (BOULEVARD DU",43.1006,-0.04581,Plein jour,En agglomération,Hors intersection,Normale,Trois véhicules et plus - collisions multiples,,,,,,,,,,,1,2,1,1.0,5
201400032869,0014-08-02 14:38:00,14,8,2,14,38,650,286,"6, LAFITTE (RUE)",43.09466,-0.0461,Plein jour,En agglomération,Hors intersection,Normale,Autre collision,,,,,,,,,,,1,2,1,1.0,6
201400032870,0014-08-02 19:10:00,14,8,2,19,10,650,286,"86, MARQUI (AVENUE ALEXA",43.10484,-0.04167,Plein jour,En agglomération,Hors intersection,Normale,Deux véhicules - côté,,,,,,,,,,,1,2,1,1.0,3
201400032871,0014-08-08 10:55:00,14,8,8,10,55,650,286,"0, ALSACE LORRAINE (RUE)",43.09459,-0.05461,Plein jour,En agglomération,Intersection en X,Normale,Autre collision,,,,,,,,,,,1,2,2,1.0,6
201400032872,0014-08-16 09:10:00,14,8,16,9,10,650,286,"48, MARQUI (AVENUE ALEXA",43.10279,-0.04329,Plein jour,En agglomération,Hors intersection,Normale,Deux véhicules - arrière,,,,,,,,,,,1,2,1,1.0,2
201400032873,0014-08-17 19:25:00,14,8,17,19,25,650,286,"1, FORET (ROUTE DE LA)",43.09715,-0.05943,Nuit avec éclairage non allumé,En agglomération,Hors intersection,Normale,Autre collision,,,,,,,,,,,4,2,1,1.0,6
201400032874,0014-08-21 14:10:00,14,8,21,14,10,650,286,RD921B-COTE DES COURRIER,43.081,-0.04172,Plein jour,Hors agglomération,Hors intersection,Normale,Autre collision,,,,,,,,,,,1,1,1,1.0,6
201400032875,0014-08-20 09:40:00,14,8,20,9,40,650,286,ESPAGNE (BOULEVARD D'),43.08784,-0.04316,Plein jour,En agglomération,Intersection en X,Normale,Deux véhicules - côté,,,,,,,,,,,1,2,2,1.0,3
201400032876,0014-08-20 11:15:00,14,8,20,11,15,650,286,"2, ESPAGNE (BOULEVARD D'",43.08634,-0.04334,Plein jour,En agglomération,Hors intersection,Normale,Deux véhicules - arrière,,,,,,,,,,,1,2,1,1.0,2
201400032877,0014-09-14 21:00:00,14,9,14,21,0,650,286,"4A, JEAN PRAT(AVENUE)",43.10696,-0.06496,Nuit avec éclairage allumé,En agglomération,Hors intersection,Normale,Trois véhicules et plus - collisions multiples,,,,,,,,,,,5,2,1,1.0,5
201400032878,0014-09-07 21:25:00,14,9,7,21,25,650,286,PYRENEES (PLACE DES),43.09233,-0.04942,Nuit avec éclairage allumé,En agglomération,Giratoire,Normale,Deux véhicules - arrière,,,,,,,,,,,5,2,6,1.0,2
201400032879,0014-09-09 12:05:00,14,9,9,12,5,650,286,"1, JEAN PRAT(AVENUE)",43.10585,-0.06257,Plein jour,En agglomération,Hors intersection,Normale,Deux véhicules - arrière,,,,,,,,,,,1,2,1,1.0,2
201400032880,0014-09-05 15:40:00,14,9,5,15,40,650,286,ESPAGNE (BOULEVARD D'),43.08737,-0.04318,Plein jour,En agglomération,Hors intersection,Normale,Deux véhicules - arrière,,,,,,,,,,,1,2,1,1.0,2
201400032881,0014-09-18 18:30:00,14,9,18,18,30,650,286,"23, MARQUI (AVENUE ALEXA",43.10303,-0.04307,Plein jour,En agglomération,Hors intersection,Normale,Autre collision,,,,,,,,,,,1,2,1,1.0,6
201400032882,0014-09-17 16:45:00,14,9,17,16,45,650,286,"2, ESPAGNE (BOULEVARD D'",43.08629,-0.04334,Plein jour,En agglomération,Hors intersection,Normale,Autre collision,,,,,,,,,,,1,2,1,1.0,6
201400032883,0014-09-24 07:00:00,14,9,24,7,0,650,286,"1, LAURENCE (PLACE MONSE",43.0967,-0.05448,Crépuscule ou aube,En agglomération,Hors intersection,Normale,Autre collision,,,,,,,,,,,2,2,1,1.0,6
201400032884,0014-09-10 16:40:00,14,9,10,16,40,650,286,"1, CHAMP COMMUN (PLACE)",43.09425,-0.04648,Plein jour,En agglomération,Hors intersection,Temps éblouissant,Autre collision,,,,,,,,,,,1,2,1,7.0,6
201400032885,0014-09-25 09:18:00,14,9,25,9,18,650,286,"15, BAGNERES (RUE DE)",43.09594,-0.04484,Plein jour,En agglomération,Intersection en X,Normale,Deux véhicules - côté,,,,,,,,,,,1,2,2,1.0,3
201400032886,0014-09-29 16:15:00,14,9,29,16,15,650,286,"32, LAC (CHEMIN DU)",43.10762,-0.07314,Plein jour,En agglomération,Hors intersection,Normale,Autre collision,,,,,,,,,,,1,2,1,1.0,6
201400032887,0014-10-04 13:25:00,14,10,4,13,25,650,286,"64, MARQUI (AVENUE ALEXA",,,Plein jour,En agglomération,Intersection en T,Normale,Deux véhicules - côté,,,,,,,,,,,1,2,3,1.0,3
201400032888,0014-10-29 19:20:00,14,10,29,19,20,650,286,"54, MARQUI (AVENUE ALEXA",43.10304,-0.04309,Nuit avec éclairage allumé,En agglomération,Hors intersection,Normale,Autre collision,,,,,,,,,,,5,2,1,1.0,6
201400032889,0014-11-26 17:25:00,14,11,26,17,25,650,286,"13, LAFITTE (RUE)",43.09438,-0.04612,Crépuscule ou aube,En agglomération,Hors intersection,Pluie forte,Autre collision,,,,,,,,,,,2,2,1,3.0,6
201400032890,0014-12-18 20:40:00,14,12,18,20,40,650,286,"1, PAU (ROUTE DE)",43.2413,0.00993,Nuit sans éclairage public,Hors agglomération,Hors intersection,Pluie légère,Deux véhicules - frontale,,,,,,,,,,,3,1,1,2.0,1
201400032891,0014-01-08 16:35:00,14,1,8,16,35,650,440,"22, PASTEUR (RUE)",43.23747,0.06677,Plein jour,En agglomération,Hors intersection,Normale,Autre collision,,,,,,,,,,,1,2,1,1.0,6
201400032892,0014-01-17 07:40:00,14,1,17,7,40,650,100,"., BOURS (ROUTE DE)",43.26809,0.07647,Crépuscule ou aube,Hors agglomération,Intersection en X,Normale,Deux véhicules - côté,,,,,,,,,,,2,1,2,1.0,3
201400032893,0014-02-04 13:55:00,14,2,4,13,55,650,47,NOVEMBRE (RUE DU XI),43.26203,0.09217,Plein jour,En agglomération,Intersection en T,Normale,Deux véhicules - côté,,,,,,,,,,,1,2,3,1.0,3
201400032894,0014-02-11 08:31:00,14,2,11,8,31,650,226,PAU (ROUTE DE),43.24465,-0.02305,Plein jour,Hors agglomération,Hors intersection,Normale,Deux véhicules - côté,,,,,,,,,,,1,1,1,1.0,3
201400032895,0014-02-12 09:45:00,14,2,12,9,45,650,417,"9, MITTERRAND (AVENUE FR",43.23281,0.09233,Plein jour,En agglomération,Hors intersection,Normale,Autre collision,,,,,,,,,,,1,2,1,1.0,6
201400032896,0014-02-18 18:30:00,14,2,18,18,30,650,440,"., MIMOSAS (RUE DES)",43.2472,0.07028,Crépuscule ou aube,En agglomération,Intersection en X,Normale,Deux véhicules - côté,,,,,,,,,,,2,2,2,1.0,3
201400032897,0014-02-24 08:25:00,14,2,24,8,25,650,440,"55, JUIN (BOULEVARD DU M",43.23879,0.05976,Plein jour,En agglomération,Hors intersection,Normale,Autre collision,,,,,,,,,,,1,2,1,1.0,6
201400032898,0014-02-28 21:55:00,14,2,28,21,55,650,440,"44, MARTINET (BOULEVARD",43.23603,0.08382,Nuit sans éclairage public,En agglomération,Intersection en Y,Pluie forte,Autre collision,,,,,,,,,,,3,2,4,3.0,6
201400032899,0014-03-03 13:55:00,14,3,3,13,55,650,417,SEMEAC AV.F. MITTERRAND,43.2231,0.10273,Plein jour,En agglomération,Hors intersection,Pluie légère,Trois véhicules et plus - en chaîne,,,,,,,,,,,1,2,1,2.0,4
201400032900,0014-03-03 16:50:00,14,3,3,16,50,650,417,"., MITTERRAND (AVENUE FR",43.2166,0.11038,Plein jour,En agglomération,Hors intersection,Neige / grêle,Deux véhicules - arrière,,,,,,,,,,,1,2,1,4.0,2
201400032901,0014-03-12 14:20:00,14,3,12,14,20,650,440,"., MASSEY (RUE)",43.23977,0.07383,Plein jour,En agglomération,Hors intersection,Normale,Deux véhicules - arrière,,,,,,,,,,,1,2,1,1.0,2
201400032902,0014-03-14 12:40:00,14,3,14,12,40,650,100,BORDEAUX (ROUTE DE) CD 9,43.26775,0.07069,Plein jour,Hors agglomération,Giratoire,Normale,Deux véhicules - côté,,,,,,,,,,,1,1,6,1.0,3
201400032903,0014-03-15 12:15:00,14,3,15,12,15,650,440,"., LAFORGUE (AVENUE JULE",43.22419,0.0684,Plein jour,En agglomération,Intersection en X,Normale,Deux véhicules - côté,,,,,,,,,,,1,2,2,1.0,3
201400032904,0014-03-23 20:40:00,14,3,23,20,40,650,440,"8, MARTINET (BOULEVARD D",43.23295,0.08667,Nuit avec éclairage allumé,En agglomération,Intersection en T,Normale,Deux véhicules - côté,,,,,,,,,,,5,2,3,1.0,3
201400032905,0014-03-24 05:30:00,14,3,24,5,30,650,440,"82, ALSACE LORRAINE (AVE",43.25177,0.07267,Nuit avec éclairage allumé,En agglomération,Hors intersection,Normale,Autre collision,,,,,,,,,,,5,2,1,1.0,6
201400032906,0014-03-31 21:45:00,14,3,31,21,45,650,440,"20, LATTRE DE TASSIGNY(B",43.22784,0.05656,Nuit avec éclairage allumé,En agglomération,Hors intersection,Normale,Deux véhicules - arrière,,,,,,,,,,,5,2,1,1.0,2
201400032907,0014-04-04 09:00:00,14,4,4,9,0,650,331,"., LOURDES (AVENUE DE)",43.21,0.04689,Plein jour,En agglomération,Hors intersection,Normale,Deux véhicules - côté,,,,,,,,,,,1,2,1,1.0,3
201400032908,0014-04-04 16:05:00,14,4,4,16,5,650,440,"58, HUGO (RUE VICTOR)",43.23883,0.06958,Plein jour,En agglomération,Hors intersection,Normale,Deux véhicules - arrière,,,,,,,,,,,1,2,1,1.0,2
201400032909,0014-04-13 18:05:00,14,4,13,18,5,650,440,"149, CORPS FRANC POMMIE",43.23697,0.05139,Plein jour,En agglomération,Intersection en T,Normale,Deux véhicules - côté,,,,,,,,,,,1,2,3,1.0,3
201400032910,0014-04-13 19:35:00,14,4,13,19,35,650,440,ROCADE SUD-OUEST,43.23105,0.04278,Plein jour,Hors agglomération,Hors intersection,Normale,Deux véhicules - arrière,,,,,,,,,,,1,1,1,1.0,2
201400032911,0014-04-14 20:10:00,14,4,14,20,10,650,440,"15, MOUSIS (RUE FRANCOIS",43.23105,0.08205,Crépuscule ou aube,En agglomération,Hors intersection,Normale,Deux véhicules - côté,,,,,,,,,,,2,2,1,1.0,3
201400032912,0014-04-23 08:00:00,14,4,23,8,0,650,440,"48, MARQUES (RUE FRANCOI",43.23154,0.05441,Plein jour,En agglomération,Hors intersection,Normale,Autre collision,,,,,,,,,,,1,2,1,1.0,6
201400032913,0014-04-24 11:50:00,14,4,24,11,50,650,440,"22, JOFFRE (AVENUE DU MA",43.23956,0.07139,Plein jour,En agglomération,Hors intersection,Normale,Autre collision,,,,,,,,,,,1,2,1,1.0,6
201400032914,0014-04-26 16:55:00,14,4,26,16,55,650,440,LATTRE DE TASSIGNY(BOULE,43.2241,0.05775,Plein jour,En agglomération,Intersection en T,Pluie légère,Deux véhicules - arrière,,,,,,,,,,,1,2,3,2.0,2
201400032915,0014-04-29 14:35:00,14,4,29,14,35,650,331,"111, BRIAND (AVENUE ARIS",43.21644,0.0551,Plein jour,En agglomération,Hors intersection,Normale,Deux véhicules - côté,,,,,,,,,,,1,2,1,1.0,3
201400032916,0014-04-19 18:40:00,14,4,19,18,40,650,440,"., QUAI D'EMBARQUEMENT (",43.24141,0.0634,Plein jour,En agglomération,Hors intersection,Normale,Deux véhicules - frontale,,,,,,,,,,,1,2,1,1.0,1
201400032917,0014-05-05 10:00:00,14,5,5,10,0,650,440,"., LAC D'OREDON (RUE DU)",43.24112,0.05115,Plein jour,En agglomération,Intersection en T,Normale,Autre collision,,,,,,,,,,,1,2,3,1.0,6