accident_id,datetime,annee,mois,jour,heure,minute,departement,commune_insee,adresse,latitude,longitude,luminosite,agglomeration,intersection,meteo,collision,nb_vehicules,nb_usagers,nb_indemnes,nb_tues,nb_blesses_hosp,nb_blesses_legers,age_cond_1,age_cond_2,veh_type_cond_1,veh_type_cond_2,lum_code,agg_code,int_code,atm_code,col_code
201400033160,0014-01-09 16:55:00,14,1,9,16,55,670,482,"57, GENERAL OFFENSTEIN (",,,Crépuscule ou aube,En agglomération,Hors intersection,Normale,Autre collision,,,,,,,,,,,2,2,1,1.0,6
201400033161,0014-01-09 20:45:00,14,1,9,20,45,670,218,"77, STRASBOURG (ROUTE DE",,,Nuit avec éclairage allumé,En agglomération,Hors intersection,Pluie légère,Deux véhicules - côté,,,,,,,,,,,5,2,1,2.0,3
201400033162,0014-01-10 16:20:00,14,1,10,16,20,670,482,"1, BRULIG (QUAI DU)",,,Plein jour,En agglomération,Hors intersection,Normale,Autre collision,,,,,,,,,,,1,2,1,1.0,6
201400033163,0014-01-10 16:30:00,14,1,10,16,30,670,482,"18, SCHNOKELOCH (RUE DU)",,,Crépuscule ou aube,En agglomération,Hors intersection,Normale,Deux véhicules - côté,,,,,,,,,,,2,2,1,1.0,3
201400033164,0014-01-10 18:00:00,14,1,10,18,0,670,43,"0, EDMOND FLAMAND (RUE)",,,Nuit avec éclairage allumé,En agglomération,Intersection en T,Normale,Deux véhicules - côté,,,,,,,,,,,5,2,3,1.0,3
201400033165,0014-01-10 18:00:00,14,1,10,18,0,670,482,"0, PAUL ELUARD (RUE)",,,Nuit avec éclairage allumé,En agglomération,Hors intersection,Normale,Autre collision,,,,,,,,,,,5,2,1,1.0,6
201400033166,0014-01-13 18:45:00,14,1,13,18,45,670,482,"0, BONNES GENS (RUE DES)",,,Nuit avec éclairage allumé,En agglomération,Intersection en X,Pluie légère,Autre collision,,,,,,,,,,,5,2,2,2.0,6
201400033167,0014-01-14 19:10:00,14,1,14,19,10,670,482,"0, BELGES (QUAI DES)",,,Nuit avec éclairage allumé,En agglomération,Hors intersection,Normale,Deux véhicules - côté,,,,,,,,,,,5,2,1,1.0,3
201400033168,0014-01-15 09:45:00,14,1,15,9,45,670,447,"137, GENERAL DE GAULLE (",,,Plein jour,En agglomération,Hors intersection,Temps éblouissant,Autre collision,,,,,,,,,,,1,2,1,7.0,6
201400033169,0014-01-19 19:10:00,14,1,19,19,10,670,482,"0, LA WANTZENAU (ROUTE D",,,Nuit avec éclairage allumé,En agglomération,Intersection en X,Normale,Deux véhicules - côté,,,,,,,,,,,5,2,2,1.0,3
201400033170,0014-01-20 16:58:00,14,1,20,16,58,670,218,"22, LYON (RTE DE)",,,Nuit avec éclairage allumé,En agglomération,Hors intersection,Pluie légère,Deux véhicules - frontale,,,,,,,,,,,5,2,1,2.0,1
201400033171,0014-01-21 20:35:00,14,1,21,20,35,670,447,"14, PIERRE MENDES FRANCE",,,Nuit avec éclairage allumé,En agglomération,Hors intersection,Normale,Deux véhicules - arrière,,,,,,,,,,,5,2,1,1.0,2
201400033172,0014-01-22 08:35:00,14,1,22,8,35,670,482,"0, CERVANTES (AVENUE)",,,Plein jour,En agglomération,Hors intersection,Normale,Autre collision,,,,,,,,,,,1,2,1,1.0,6
201400033173,0014-01-22 18:05:00,14,1,22,18,5,670,482,"23, MARECHAL JUIN (RUE D",,,Crépuscule ou aube,En agglomération,Hors intersection,Normale,Autre collision,,,,,,,,,,,2,2,1,1.0,6
201400033174,0014-01-24 13:10:00,14,1,24,13,10,670,482,"0, BALDNER (RUE)",,,Plein jour,En agglomération,Intersection en T,Normale,Autre collision,,,,,,,,,,,1,2,3,1.0,6
201400033175,0014-01-26 20:40:00,14,1,26,20,40,670,482,"0, LAVOISIER (RUE)",,,Nuit avec éclairage allumé,En agglomération,Intersection en T,Pluie légère,Deux véhicules - côté,,,,,,,,,,,5,2,3,2.0,3
201400033176,0014-01-26 23:05:00,14,1,26,23,5,670,482,"0, RHIN NAPOLEON (RUE DU",,,Nuit avec éclairage allumé,En agglomération,Intersection en T,Pluie forte,Deux véhicules - côté,,,,,,,,,,,5,2,3,3.0,3
201400033177,0014-01-27 17:30:00,14,1,27,17,30,670,482,"0, VANNEAUX (RUE DES)",,,Crépuscule ou aube,En agglomération,Intersection en T,Pluie légère,Deux véhicules - frontale,,,,,,,,,,,2,2,3,2.0,1
201400033178,0014-01-28 15:50:00,14,1,28,15,50,670,447,"0, CHARME (RUE DU)",,,Plein jour,En agglomération,Intersection en X,Normale,Autre collision,,,,,,,,,,,1,2,2,1.0,6
201400033179,0014-01-30 18:35:00,14,1,30,18,35,670,447,"145A, DEUXIEME DIVISION",,,Nuit avec éclairage allumé,En agglomération,Intersection en Y,Normale,Autre collision,,,,,,,,,,,5,2,4,1.0,6
201400033180,0014-01-30 18:53:00,14,1,30,18,53,670,482,"26, ROBERTSAU (ALLEE DE",,,Plein jour,En agglomération,Intersection en X,Normale,Deux véhicules - côté,,,,,,,,,,,1,2,2,1.0,3
201400033181,0014-01-30 20:40:00,14,1,30,20,40,670,447,"0, PIERRE MENDES FRANCE",,,Nuit avec éclairage allumé,En agglomération,Intersection en X,Normale,Trois véhicules et plus - collisions multiples,,,,,,,,,,,5,2,2,1.0,5
201400033182,0014-01-31 13:55:00,14,1,31,13,55,670,482,"0, MOLIERE (AVENUE)",,,Plein jour,En agglomération,Intersection en Y,Temps éblouissant,Trois véhicules et plus - collisions multiples,,,,,,,,,,,1,2,4,7.0,5
201400033183,0014-01-31 17:50:00,14,1,31,17,50,670,218,"0, JEU DES ENFANTS (RUE",,,Nuit avec éclairage allumé,En agglomération,Intersection en X,Normale,Autre collision,,,,,,,,,,,5,2,2,1.0,6
201400033184,0014-02-01 14:30:00,14,2,1,14,30,670,482,"0, MONTAGNE VERTE (RUE D",,,Plein jour,En agglomération,Hors intersection,Temps couvert,Deux véhicules - côté,,,,,,,,,,,1,2,1,8.0,3
201400033185,0014-02-02 04:45:00,14,2,2,4,45,670,482,"0, HAUTEFORT (RUE DE)",,,Nuit avec éclairage allumé,En agglomération,Hors intersection,Pluie légère,Sans collision,,,,,,,,,,,5,2,1,2.0,7
201400033186,0014-02-02 14:50:00,14,2,2,14,50,670,447,"0, GENERAL DE GAULLE (RO",,,Plein jour,En agglomération,Intersection en X,Normale,Deux véhicules - côté,,,,,,,,,,,1,2,2,1.0,3
201400033187,0014-02-03 12:10:00,14,2,3,12,10,670,218,"0, VERGER (RUE DU)",,,Plein jour,En agglomération,Intersection en T,Normale,Deux véhicules - côté,,,,,,,,,,,1,2,3,1.0,3
201400033188,0014-02-06 12:15:00,14,2,6,12,15,670,482,"0, ALSACE (AVENUE D )",,,Plein jour,En agglomération,Hors intersection,Normale,Autre collision,,,,,,,,,,,1,2,1,1.0,6
201400033189,0014-02-06 22:15:00,14,2,6,22,15,670,482,"0, OBERHAUSBERGEN (ROUTE",,,Nuit avec éclairage allumé,En agglomération,Intersection en X,Normale,Deux véhicules - côté,,,,,,,,,,,5,2,2,1.0,3
201400033190,0014-02-08 02:40:00,14,2,8,2,40,670,482,"4, FORT LOUIS (RUE DU)",,,Nuit avec éclairage allumé,En agglomération,Hors intersection,Normale,Autre collision,,,,,,,,,,,5,2,1,1.0,6
201400033191,0014-02-12 20:45:00,14,2,12,20,45,670,482,"0, MARCHE GARE (RUE DU)",,,Plein jour,En agglomération,Intersection en T,Normale,Autre collision,,,,,,,,,,,1,2,3,1.0,6
201400033192,0014-02-13 12:20:00,14,2,13,12,20,670,482,"0, GENERAL KOENIG (QUAI",,,Plein jour,En agglomération,Intersection en T,Pluie légère,Autre collision,,,,,,,,,,,1,2,3,2.0,6
201400033193,0014-02-13 19:00:00,14,2,13,19,0,670,482,"111, ROMAINS (ROUTE DES)",,,Nuit avec éclairage allumé,En agglomération,Hors intersection,Pluie légère,Deux véhicules - côté,,,,,,,,,,,5,2,1,2.0,3
201400033194,0014-02-17 08:05:00,14,2,17,8,5,670,447,"0, MODER (RUE DE LA)",,,Plein jour,En agglomération,Intersection en X,Normale,Deux véhicules - côté,,,,,,,,,,,1,2,2,1.0,3
201400033195,0014-02-18 14:10:00,14,2,18,14,10,670,447,"0, GENERAL DE GAULLE (RO",,,Plein jour,En agglomération,Intersection en T,Normale,Deux véhicules - côté,,,,,,,,,,,1,2,3,1.0,3
201400033196,0014-02-19 12:04:00,14,2,19,12,4,670,482,"41, CHARLES PEGUY (RUE)",,,Plein jour,En agglomération,Hors intersection,Normale,Trois véhicules et plus - en chaîne,,,,,,,,,,,1,2,1,1.0,4
201400033197,0014-02-20 07:30:00,14,2,20,7,30,670,482,"0, OBERHAUSBERGEN (ROUTE",,,Plein jour,En agglomération,Intersection en T,Normale,Deux véhicules - côté,,,,,,,,,,,1,2,3,1.0,3
201400033198,0014-02-21 13:15:00,14,2,21,13,15,670,482,"28, FLAUBERT (PLACE)",,,Plein jour,En agglomération,Hors intersection,Normale,Autre collision,,,,,,,,,,,1,2,1,1.0,6
201400033199,0014-02-21 16:15:00,14,2,21,16,15,670,482,"0, VITRY LE FRANCOIS (AV",,,Plein jour,En agglomération,Intersection en Y,Normale,Deux véhicules - côté,,,,,,,,,,,1,2,4,1.0,3
201400033200,0014-02-22 14:15:00,14,2,22,14,15,670,482,MENACHEM TAFFEL (RUE),,,Plein jour,En agglomération,Intersection en X,Normale,Deux véhicules - côté,,,,,,,,,,,1,2,2,1.0,3
201400033201,0014-02-23 10:45:00,14,2,23,10,45,670,482,"0, ROBERTSAU (ALLEE DE L",,,Plein jour,En agglomération,Intersection en X,Normale,Deux véhicules - côté,,,,,,,,,,,1,2,2,1.0,3
201400033202,0014-02-24 10:00:00,14,2,24,10,0,670,365,"37a, LINGOLSHEIM (RUE DE",,,Plein jour,En agglomération,Hors intersection,Normale,Deux véhicules - côté,,,,,,,,,,,1,2,1,1.0,3
201400033203,0014-02-24 15:40:00,14,2,24,15,40,670,482,"0, PRESIDENT WILSON (BOU",,,Plein jour,En agglomération,Hors intersection,Normale,Autre collision,,,,,,,,,,,1,2,1,1.0,6
201400033204,0014-02-26 15:10:00,14,2,26,15,10,670,482,"0, CERVANTES (AVENUE)",,,Plein jour,En agglomération,Intersection en T,Pluie légère,Deux véhicules - côté,,,,,,,,,,,1,2,3,2.0,3
201400033205,0014-02-28 20:20:00,14,2,28,20,20,670,482,"153, LA WANTZENAU (ROUTE",,,Nuit avec éclairage allumé,En agglomération,Hors intersection,Autre,Deux véhicules - arrière,,,,,,,,,,,5,2,1,9.0,2
201400033206,0014-03-01 17:45:00,14,3,1,17,45,670,482,"10, BALZAC (BOULEVARD)",,,Plein jour,En agglomération,Hors intersection,Normale,Autre collision,,,,,,,,,,,1,2,1,1.0,6
201400033207,0014-03-04 19:00:00,14,3,4,19,0,670,482,"0, HERRENSCHMIDT (AVENUE",,,Nuit avec éclairage allumé,En agglomération,Intersection en X,Normale,Deux véhicules - côté,,,,,,,,,,,5,2,2,1.0,3
201400033208,0014-03-04 21:00:00,14,3,4,21,0,670,482,"13, RHIN (ROUTE DU)",,,Nuit avec éclairage allumé,En agglomération,Hors intersection,Normale,Autre collision,,,,,,,,,,,5,2,1,1.0,6
201400033209,0014-03-06 09:05:00,14,3,6,9,5,670,482,"0, SEBASTIEN BRANT (PLAC",,,Plein jour,En agglomération,Intersection en X,Normale,Deux véhicules - arrière,,,,,,,,,,,1,2,2,1.0,2
201400033210,0014-03-06 14:15:00,14,3,6,14,15,670,482,"61, ZURICH (RUE DE)",,,Plein jour,En agglomération,Hors intersection,Normale,Autre collision,,,,,,,,,,,1,2,1,1.0,6
201400033211,0014-03-06 17:50:00,14,3,6,17,50,670,447,"10, PIERRE MENDES FRANCE",,,Crépuscule ou aube,En agglomération,Hors intersection,Normale,Autre collision,,,,,,,,,,,2,2,1,1.0,6
201400033212,0014-03-06 23:15:00,14,3,6,23,15,670,218,"0, RHIN (ROUTE DU)",,,Nuit sans éclairage public,Hors agglomération,Hors intersection,Normale,Autre collision,,,,,,,,,,,3,1,1,1.0,6
201400033213,0014-03-07 08:30:00,14,3,7,8,30,670,482,"34, WACKEN (RUE DU)",,,Plein jour,En agglomération,Intersection en X,Normale,Deux véhicules - côté,,,,,,,,,,,1,2,2,1.0,3
201400033214,0014-03-07 17:25:00,14,3,7,17,25,670,365,PLAGE (RUE DE LA),,,Plein jour,En agglomération,Intersection en X,Normale,Deux véhicules - côté,,,,,,,,,,,1,2,2,1.0,3
201400033215,0014-03-07 19:10:00,14,3,7,19,10,670,482,"0, RHIN NAPOLEON (RUE DU",,,Nuit avec éclairage allumé,En agglomération,Hors intersection,Normale,Sans collision,,,,,,,,,,,5,2,1,1.0,7
201400033216,0014-03-08 20:48:00,14,3,8,20,48,670,482,"0, RHIN (ROUTE DU)",,,Nuit avec éclairage allumé,En agglomération,Hors intersection,Normale,Deux véhicules - arrière,,,,,,,,,,,5,2,1,1.0,2
201400033217,0014-03-09 19:10:00,14,3,9,19,10,670,482,"7, DOLLER (RUE DE LA)",,,Nuit avec éclairage allumé,En agglomération,Hors intersection,Normale,Autre collision,,,,,,,,,,,5,2,1,1.0,6
201400033218,0014-03-09 23:32:00,14,3,9,23,32,670,267,"0, HOLTZHEIM (RUE DE)",,,Nuit sans éclairage public,En agglomération,Hors intersection,Normale,Deux véhicules - arrière,,,,,,,,,,,3,2,1,1.0,2
201400033219,0014-03-10 16:20:00,14,3,10,16,20,670,482,"279, SCHIRMECK (ROUTE DE",,,Plein jour,En agglomération,Hors intersection,Normale,Deux véhicules - arrière,,,,,,,,,,,1,2,1,1.0,2
201400033220,0014-03-10 18:30:00,14,3,10,18,30,670,482,"0, GUERIN (RUE)",,,Nuit avec éclairage allumé,En agglomération,Intersection en T,Normale,Autre collision,,,,,,,,,,,5,2,3,1.0,6
201400033221,0014-03-11 08:20:00,14,3,11,8,20,670,482,"2, MARCHE GARE (RUE DU)",,,Plein jour,En agglomération,Hors intersection,Normale,Deux véhicules - côté,,,,,,,,,,,1,2,1,1.0,3
201400033222,0014-03-11 09:10:00,14,3,11,9,10,670,482,"0, TAULER (BOULEVARD)",,,Plein jour,En agglomération,Intersection en X,Normale,Trois véhicules et plus - collisions multiples,,,,,,,,,,,1,2,2,1.0,5
201400033223,0014-03-11 10:25:00,14,3,11,10,25,670,365,"0, ETTORE BUGATTI (RUE)",,,Plein jour,En agglomération,Intersection en X,Normale,Deux véhicules - côté,,,,,,,,,,,1,2,2,1.0,3
201400033224,0014-03-11 19:43:00,14,3,11,19,43,670,482,BELGES (QUAI DES),,,Nuit avec éclairage allumé,En agglomération,Intersection en T,Normale,Trois véhicules et plus - collisions multiples,,,,,,,,,,,5,2,3,1.0,5
201400033225,0014-03-12 12:05:00,14,3,12,12,5,670,482,"38, VICTOR HUGO (BOULEVA",,,Plein jour,En agglomération,Hors intersection,Normale,Autre collision,,,,,,,,,,,1,2,1,1.0,6
201400033226,0014-03-12 16:50:00,14,3,12,16,50,670,482,"18, BRUXELLES (RUE DE)",,,Plein jour,En agglomération,Hors intersection,Normale,Autre collision,,,,,,,,,,,1,2,1,1.0,6
201400033227,0014-03-13 10:45:00,14,3,13,10,45,670,218,"25, MESSMER (AVENUE)",,,Plein jour,En agglomération,Hors intersection,Normale,Autre collision,,,,,,,,,,,1,2,1,1.0,6
201400033228,0014-03-13 16:00:00,14,3,13,16,0,670,482,"42, FORET NOIRE (AVENUE",,,Plein jour,En agglomération,Hors intersection,Normale,Deux véhicules - arrière,,,,,,,,,,,1,2,1,1.0,2
201400033229,0014-03-13 18:40:00,14,3,13,18,40,670,218,LIXENBUHL (RUE),,,Crépuscule ou aube,En agglomération,Hors intersection,Normale,Autre collision,,,,,,,,,,,2,2,1,1.0,6
201400033230,0014-03-13 19:20:00,14,3,13,19,20,670,447,"0, MARAIS (RUE DU)",,,Plein jour,En agglomération,Intersection en X,Normale,Deux véhicules - côté,,,,,,,,,,,1,2,2,1.0,3
201400033231,0014-03-13 20:25:00,14,3,13,20,25,670,482,"0, COMTES (ALLEE DES)",,,Nuit avec éclairage allumé,En agglomération,Giratoire,Normale,Deux véhicules - côté,,,,,,,,,,,5,2,6,1.0,3
201400033232,0014-03-14 23:10:00,14,3,14,23,10,670,447,"2, BARRAGE (RUE DU)",,,Nuit avec éclairage allumé,En agglomération,Hors intersection,Normale,Autre collision,,,,,,,,,,,5,2,1,1.0,6
201400033233,0014-03-15 05:25:00,14,3,15,5,25,670,482,"0, ARISTIDE BRIAND (AVEN",,,Nuit avec éclairage allumé,En agglomération,Intersection en X,Normale,Deux véhicules - côté,,,,,,,,,,,5,2,2,1.0,3
201400033234,0014-03-15 14:28:00,14,3,15,14,28,670,482,"0, DURANCE (RUE DE LA)",,,Plein jour,En agglomération,Intersection en T,Normale,Deux véhicules - arrière,,,,,,,,,,,1,2,3,1.0,2
201400033235,0014-03-15 14:50:00,14,3,15,14,50,670,482,"0, PECHEURS (QUAI DES)",,,Plein jour,En agglomération,Hors intersection,Normale,Autre collision,,,,,,,,,,,1,2,1,1.0,6
201400033236,0014-03-16 19:15:00,14,3,16,19,15,670,482,"44, SCHIRMECK (ROUTE DE)",,,Nuit avec éclairage allumé,En agglomération,Hors intersection,Normale,Deux véhicules - côté,,,,,,,,,,,5,2,1,1.0,3
201400033237,0014-03-17 08:25:00,14,3,17,8,25,670,43,"41, BRUMATH (ROUTE DE)",,,Plein jour,En agglomération,Intersection en X,Normale,Deux véhicules - côté,,,,,,,,,,,1,2,2,1.0,3
201400033238,0014-03-17 16:00:00,14,3,17,16,0,670,482,"0, JACQUES KABLE (RUE)",,,Plein jour,En agglomération,Hors intersection,Normale,Autre collision,,,,,,,,,,,1,2,1,1.0,6
201400033239,0014-03-17 20:00:00,14,3,17,20,0,670,482,"0, CLEMENCEAU (BOULEVARD",,,Nuit avec éclairage allumé,En agglomération,Intersection en X,Normale,Deux véhicules - côté,,,,,,,,,,,5,2,2,1.0,3
201400033240,0014-03-20 13:50:00,14,3,20,13,50,670,267,"0, HIRONDELLES (RUE DES)",,,Plein jour,En agglomération,Hors intersection,Normale,Autre collision,,,,,,,,,,,1,2,1,1.0,6
201400033241,0014-03-22 09:45:00,14,3,22,9,45,670,482,"0, STRAUSS DURKHEIM (RUE",,,Plein jour,En agglomération,Intersection en X,Pluie légère,Autre collision,,,,,,,,,,,1,2,2,2.0,6
201400033242,0014-03-24 16:37:00,14,3,24,16,37,670,482,"0, COLMAR (AVENUE DE)",,,Plein jour,En agglomération,Hors intersection,Temps couvert,Autre collision,,,,,,,,,,,1,2,1,8.0,6
201400033243,0014-03-25 00:15:00,14,3,25,0,15,670,482,"0, LOUISE MICHEL (RUE)",,,Nuit avec éclairage allumé,En agglomération,Intersection en X,Normale,Deux véhicules - côté,,,,,,,,,,,5,2,2,1.0,3
201400033244,0014-03-25 13:30:00,14,3,25,13,30,670,482,"37, LAZARET (RUE DU)",,,Plein jour,En agglomération,Hors intersection,Normale,Autre collision,,,,,,,,,,,1,2,1,1.0,6
201400033245,0014-03-26 15:40:00,14,3,26,15,40,670,482,"41, VIRGILE (RUE)",,,Plein jour,En agglomération,Hors intersection,Normale,Deux véhicules - côté,,,,,,,,,,,1,2,1,1.0,3
201400033246,0014-03-26 17:45:00,14,3,26,17,45,670,218,"12, FRAN?OIS MITTERRAND",,,Plein jour,En agglomération,Hors intersection,Normale,Autre collision,,,,,,,,,,,1,2,1,1.0,6
201400033247,0014-03-28 08:20:00,14,3,28,8,20,670,447,"0, CONTADES (RUE DES)",,,Plein jour,En agglomération,Intersection en T,Normale,Deux véhicules - côté,,,,,,,,,,,1,2,3,1.0,3
201400033248,0014-03-28 15:40:00,14,3,28,15,40,670,482,"0, ETUDIANTS (RUE DES)",,,Plein jour,En agglomération,Hors intersection,Normale,Autre collision,,,,,,,,,,,1,2,1,1.0,6
201400033249,0014-03-28 17:35:00,14,3,28,17,35,670,482,"0, OBERNAI (RUE D )",,,Plein jour,En agglomération,Hors intersection,Normale,Autre collision,,,,,,,,,,,1,2,1,1.0,6
201400033250,0014-03-28 21:41:00,14,3,28,21,41,670,218,"30, ROSEAUX (RUE DES)",,,Nuit avec éclairage allumé,En agglomération,Hors intersection,Normale,Autre collision,,,,,,,,,,,5,2,1,1.0,6
201400033251,0014-03-29 21:00:00,14,3,29,21,0,670,267,USINE (RUE DE L ),,,Nuit avec éclairage allumé,En agglomération,Intersection en T,Normale,Deux véhicules - côté,,,,,,,,,,,5,2,3,1.0,3
201400033252,0014-03-30 10:40:00,14,3,30,10,40,670,482,PIERRE BOUGUER (RUE),,,Plein jour,En agglomération,Intersection en X,Normale,Autre collision,,,,,,,,,,,1,2,2,1.0,6
201400033253,0014-03-30 17:40:00,14,3,30,17,40,670,482,"0, BELGES (QUAI DES)",,,Plein jour,En agglomération,Hors intersection,Normale,Trois véhicules et plus - en chaîne,,,,,,,,,,,1,2,1,1.0,4
201400033254,0014-04-04 03:45:00,14,4,4,3,45,670,482,SEBASTIEN BRANT (PLACE),,,Nuit avec éclairage allumé,En agglomération,Hors intersection,Normale,Autre collision,,,,,,,,,,,5,2,1,1.0,6
201400033255,0014-04-05 10:15:00,14,4,5,10,15,670,482,"0, SAINT GUILLAUME (RUE)",,,Plein jour,En agglomération,Hors intersection,Normale,Autre collision,,,,,,,,,,,1,2,1,1.0,6
201400033256,0014-04-06 02:00:00,14,4,6,2,0,670,482,VIENNE (ROUTE DE),,,Nuit avec éclairage allumé,En agglomération,Intersection en X,Normale,Deux véhicules - côté,,,,,,,,,,,5,2,2,1.0,3
201400033257,0014-04-07 07:20:00,14,4,7,7,20,670,267,MARECHAL FOCH (RUE DU),,,Plein jour,En agglomération,Intersection en T,Normale,Deux véhicules - côté,,,,,,,,,,,1,2,3,1.0,3
201400033258,0014-04-07 11:35:00,14,4,7,11,35,670,482,"0, MOLL (RUE)",,,Plein jour,En agglomération,Intersection en X,Normale,Deux véhicules - côté,,,,,,,,,,,1,2,2,1.0,3
201400033259,0014-04-07 21:30:00,14,4,7,21,30,670,482,"6, AVERROES",,,Nuit avec éclairage allumé,En agglomération,Hors intersection,Normale,Deux véhicules - côté,,,,,,,,,,,5,2,1,1.0,3
201400033260,0014-04-07 22:15:00,14,4,7,22,15,670,482,"0, CHARMILLE (RUE DE LA)",,,Nuit avec éclairage allumé,En agglomération,Intersection en T,Normale,Deux véhicules - arrière,,,,,,,,,,,5,2,3,1.0,2
201400033261,0014-04-08 15:45:00,14,4,8,15,45,670,482,"0, COLMAR (AVENUE DE)",,,Plein jour,En agglomération,Intersection en T,Normale,Deux véhicules - côté,,,,,,,,,,,1,2,3,1.0,3
201400033262,0014-04-08 22:40:00,14,4,8,22,40,670,482,"0, PLAINE DES BOUCHERS (",,,Nuit avec éclairage allumé,En agglomération,Intersection en X,Normale,Deux véhicules - côté,,,,,,,,,,,5,2,2,1.0,3
201400033263,0014-04-09 17:05:00,14,4,9,17,5,670,482,"0, HELBLING (QUAI JEANNE",,,Plein jour,En agglomération,Hors intersection,Normale,Autre collision,,,,,,,,,,,1,2,1,1.0,6
201400033264,0014-04-09 21:45:00,14,4,9,21,45,670,43,BRUMATH (ROUTE DE),,,Nuit avec éclairage allumé,En agglomération,Intersection en X,Normale,Deux véhicules - arrière,,,,,,,,,,,5,2,2,1.0,2
201400033265,0014-04-10 11:00:00,14,4,10,11,0,670,482,HERRENSCHMIDT (AVENUE),,,Plein jour,En agglomération,Intersection en T,Normale,Deux véhicules - côté,,,,,,,,,,,1,2,3,1.0,3
201400033266,0014-04-10 15:10:00,14,4,10,15,10,670,482,"36, JEAN JAURES (AVENUE)",,,Plein jour,En agglomération,Hors intersection,Normale,Deux véhicules - côté,,,,,,,,,,,1,2,1,1.0,3
201400033267,0014-04-10 20:30:00,14,4,10,20,30,670,482,"14, DANIEL HIRTZ (RUE)",,,Nuit avec éclairage allumé,En agglomération,Hors intersection,Normale,Autre collision,,,,,,,,,,,5,2,1,1.0,6
201400033268,0014-04-11 12:20:00,14,4,11,12,20,670,482,"0, REUSS (ALLEE)",,,Plein jour,En agglomération,Intersection en X,Normale,Deux véhicules - côté,,,,,,,,,,,1,2,2,1.0,3
201400033269,0014-04-11 18:25:00,14,4,11,18,25,670,482,"0, OBERHAUSBERGEN (ROUTE",,,Plein jour,En agglomération,Hors intersection,Normale,Deux véhicules - côté,,,,,,,,,,,1,2,1,1.0,3
201400033270,0014-04-12 18:55:00,14,4,12,18,55,670,482,"0, VICTOIRE (BOULEVARD D",,,Plein jour,En agglomération,Intersection en Y,Normale,Deux véhicules - côté,,,,,,,,,,,1,2,4,1.0,3
201400033271,0014-04-13 16:15:00,14,4,13,16,15,670,482,FAUBOURG DE SAVERNE (RUE,,,Plein jour,En agglomération,Hors intersection,Normale,Autre collision,,,,,,,,,,,1,2,1,1.0,6
201400033272,0014-04-14 17:00:00,14,4,14,17,0,670,482,"0, LEZAY MARNESIA (QUAI)",,,Plein jour,Hors agglomération,Intersection en T,Normale,Deux véhicules - côté,,,,,,,,,,,1,1,3,1.0,3
201400033273,0014-04-15 07:45:00,14,4,15,7,45,670,218,"0, FORT UHRICH (ROUTE DU",,,Plein jour,En agglomération,Intersection en X,Normale,Deux véhicules - côté,,,,,,,,,,,1,2,2,1.0,3
201400033274,0014-04-15 18:45:00,14,4,15,18,45,670,482,"2, CHARLES PEGUY (RUE)",,,Plein jour,En agglomération,Hors intersection,Normale,Deux véhicules - côté,,,,,,,,,,,1,2,1,1.0,3
201400033275,0014-04-16 16:25:00,14,4,16,16,25,670,482,LA WANTZENAU (ROUTE DE),,,Plein jour,Hors agglomération,Hors intersection,Normale,Autre collision,,,,,,,,,,,1,1,1,1.0,6
201400033276,0014-04-16 18:35:00,14,4,16,18,35,670,482,"12, HENRI FRENAY (RUE)",,,Plein jour,En agglomération,Hors intersection,Normale,Deux véhicules - côté,,,,,,,,,,,1,2,1,1.0,3
201400033277,0014-04-17 11:20:00,14,4,17,11,20,670,482,PONT DE L EUROPE (AVENUE,,,Plein jour,En agglomération,Hors intersection,Normale,Trois véhicules et plus - collisions multiples,,,,,,,,,,,1,2,1,1.0,5
201400033278,0014-04-17 16:05:00,14,4,17,16,5,670,482,"0, LANGUEDOC (RUE DU)",,,Plein jour,En agglomération,Hors intersection,Normale,Trois véhicules et plus - collisions multiples,,,,,,,,,,,1,2,1,1.0,5
201400033279,0014-04-19 15:30:00,14,4,19,15,30,670,43,"37, BISCHWILLER (ROUTE D",,,Plein jour,En agglomération,Hors intersection,Normale,Trois véhicules et plus - en chaîne,,,,,,,,,,,1,2,1,1.0,4
201400033280,0014-04-20 16:00:00,14,4,20,16,0,670,482,"155, POLYGONE (ROUTE DU)",,,Plein jour,En agglomération,Hors intersection,Normale,Deux véhicules - côté,,,,,,,,,,,1,2,1,1.0,3
201400033281,0014-04-22 08:45:00,14,4,22,8,45,670,482,"9, GEORGES WODLI (RUE)",,,Plein jour,En agglomération,Hors intersection,Normale,Autre collision,,,,,,,,,,,1,2,1,1.0,6
201400033282,0014-04-22 09:15:00,14,4,22,9,15,670,267,"0, HOLTZHEIM (RUE DE)",,,Plein jour,En agglomération,Intersection en X,Normale,Deux véhicules - côté,,,,,,,,,,,1,2,2,1.0,3
201400033283,0014-04-24 17:30:00,14,4,24,17,30,670,447,"22, GENERAL DE GAULLE (R",,,Plein jour,En agglomération,Hors intersection,Normale,Trois véhicules et plus - collisions multiples,,,,,,,,,,,1,2,1,1.0,5
201400033284,0014-04-29 16:00:00,14,4,29,16,0,670,482,"0, RHIN (ROUTE DU)",,,Plein jour,En agglomération,Hors intersection,Normale,Deux véhicules - côté,,,,,,,,,,,1,2,1,1.0,3
201400033285,0014-04-29 16:55:00,14,4,29,16,55,670,482,"90, SCHIRMECK (ROUTE DE)",,,Plein jour,En agglomération,Hors intersection,Normale,Autre collision,,,,,,,,,,,1,2,1,1.0,6
201400033286,0014-04-29 21:00:00,14,4,29,21,0,670,482,"0, CLEMENCEAU (BOULEVARD",,,Crépuscule ou aube,En agglomération,Intersection en X,Normale,Deux véhicules - côté,,,,,,,,,,,2,2,2,1.0,3