accident_id,datetime,annee,mois,jour,heure,minute,departement,commune_insee,adresse,latitude,longitude,luminosite,agglomeration,intersection,meteo,collision,nb_vehicules,nb_usagers,nb_indemnes,nb_tues,nb_blesses_hosp,nb_blesses_legers,age_cond_1,age_cond_2,veh_type_cond_1,veh_type_cond_2,lum_code,agg_code,int_code,atm_code,col_code
201400033287,0014-04-30 16:30:00,14,4,30,16,30,670,482,"0, EDMOND ROSTAND (RUE)",,,Plein jour,En agglomération,Hors intersection,Normale,Autre collision,,,,,,,,,,,1,2,1,1.0,6
201400033288,0014-05-03 10:50:00,14,5,3,10,50,670,482,"75, SCHIRMECK (ROUTE DE)",,,Plein jour,En agglomération,Hors intersection,Normale,Deux véhicules - côté,,,,,,,,,,,1,2,1,1.0,3
201400033289,0014-05-06 09:45:00,14,5,6,9,45,670,447,"4, SAINT CHARLES (RUE)",,,Plein jour,En agglomération,Hors intersection,Normale,Deux véhicules - côté,,,,,,,,,,,1,2,1,1.0,3
201400033290,0014-05-06 12:10:00,14,5,6,12,10,670,482,"0, ADER (RUE CLEMENT)",,,Plein jour,En agglomération,Intersection en X,Normale,Autre collision,,,,,,,,,,,1,2,2,1.0,6
201400033291,0014-05-06 16:50:00,14,5,6,16,50,670,482,"0, GENERAL OFFENSTEIN (R",,,Plein jour,En agglomération,Hors intersection,Normale,Deux véhicules - côté,,,,,,,,,,,1,2,1,1.0,3
201400033292,0014-05-11 01:37:00,14,5,11,1,37,670,482,"0, LA WANTZENAU (ROUTE D",,,Nuit avec éclairage allumé,En agglomération,Hors intersection,Pluie légère,Autre collision,,,,,,,,,,,5,2,1,2.0,6
201400033293,0014-05-13 20:57:00,14,5,13,20,57,670,482,"0, ROMAINS (ROUTE DES)",,,Plein jour,En agglomération,Intersection en T,Normale,Deux véhicules - frontale,,,,,,,,,,,1,2,3,1.0,1
201400033294,0014-05-14 17:50:00,14,5,14,17,50,670,482,"0, COLMAR (AVENUE DE)",,,Plein jour,En agglomération,Intersection en T,Normale,Deux véhicules - côté,,,,,,,,,,,1,2,3,1.0,3
201400033295,0014-05-14 18:15:00,14,5,14,18,15,670,482,"28, SALLUSTE (RUE)",,,Plein jour,En agglomération,Hors intersection,Normale,Autre collision,,,,,,,,,,,1,2,1,1.0,6
201400033296,0014-05-15 16:40:00,14,5,15,16,40,670,482,"0, KOENIGSHOFFEN (RUE DE",,,Plein jour,En agglomération,Hors intersection,Normale,Deux véhicules - frontale,,,,,,,,,,,1,2,1,1.0,1
201400033297,0014-05-15 17:40:00,14,5,15,17,40,670,267,"17, CHATEAU (RUE DU)",,,Plein jour,En agglomération,Hors intersection,Normale,Deux véhicules - côté,,,,,,,,,,,1,2,1,1.0,3
201400033298,0014-05-16 09:20:00,14,5,16,9,20,670,482,HOCHFELDEN (RUE DE),,,Plein jour,En agglomération,Intersection en X,Normale,Deux véhicules - côté,,,,,,,,,,,1,2,2,1.0,3
201400033299,0014-05-17 15:15:00,14,5,17,15,15,670,482,FAUBOURG DE PIERRE (RUE,,,Plein jour,En agglomération,Intersection en X,Normale,Autre collision,,,,,,,,,,,1,2,2,1.0,6
201400033300,0014-05-17 15:22:00,14,5,17,15,22,670,482,"56, SCHIRMECK (ROUTE DE)",,,Plein jour,En agglomération,Hors intersection,Normale,Deux véhicules - côté,,,,,,,,,,,1,2,1,1.0,3
201400033301,0014-05-17 18:13:00,14,5,17,18,13,670,482,"10 et 11, HALLES (PLACE",,,Plein jour,En agglomération,Hors intersection,Normale,Autre collision,,,,,,,,,,,1,2,1,1.0,6
201400033302,0014-05-19 08:15:00,14,5,19,8,15,670,482,"50, BAN DE LA ROCHE (RUE",,,Plein jour,En agglomération,Intersection en T,Normale,Deux véhicules - côté,,,,,,,,,,,1,2,3,1.0,3
201400033303,0014-05-19 12:00:00,14,5,19,12,0,670,447,"0, ERSTEIN (RUE D )",,,Plein jour,En agglomération,Intersection en T,Normale,Deux véhicules - côté,,,,,,,,,,,1,2,3,1.0,3
201400033304,0014-05-19 16:25:00,14,5,19,16,25,670,482,"0, SCHIRMECK (ROUTE DE)",,,Plein jour,En agglomération,Intersection en T,Normale,Deux véhicules - côté,,,,,,,,,,,1,2,3,1.0,3
201400033305,0014-05-21 14:10:00,14,5,21,14,10,670,482,"0, BOSTON (RUE DE)",,,Plein jour,En agglomération,Hors intersection,Normale,Deux véhicules - côté,,,,,,,,,,,1,2,1,1.0,3
201400033306,0014-05-21 20:50:00,14,5,21,20,50,670,482,"9, LAVOISIER (RUE)",,,Crépuscule ou aube,En agglomération,Hors intersection,Normale,Autre collision,,,,,,,,,,,2,2,1,1.0,6
201400033307,0014-05-21 18:40:00,14,5,21,18,40,670,482,"10, DOUBS (RUE DU)",,,Plein jour,En agglomération,Hors intersection,Normale,Deux véhicules - frontale,,,,,,,,,,,1,2,1,1.0,1
201400033308,0014-05-22 17:45:00,14,5,22,17,45,670,267,"0, GRAFFENSTADEN (RUE DE",,,Plein jour,En agglomération,Hors intersection,Normale,Trois véhicules et plus - en chaîne,,,,,,,,,,,1,2,1,1.0,4
201400033309,0014-05-23 14:30:00,14,5,23,14,30,670,482,"24, HOPITAL (ROUTE DE L",,,Plein jour,En agglomération,Hors intersection,Normale,Autre collision,,,,,,,,,,,1,2,1,1.0,6
201400033310,0014-05-23 18:20:00,14,5,23,18,20,670,482,"2, NANCY (BOULEVARD DE)",,,Plein jour,En agglomération,Hors intersection,Normale,Deux véhicules - côté,,,,,,,,,,,1,2,1,1.0,3
201400033311,0014-05-23 19:15:00,14,5,23,19,15,670,482,MOLSHEIM (RUE DE),,,Plein jour,En agglomération,Place,Normale,Deux véhicules - côté,,,,,,,,,,,1,2,7,1.0,3
201400033312,0014-05-24 06:15:00,14,5,24,6,15,670,482,MATHISS (QUAI),,,Crépuscule ou aube,En agglomération,Hors intersection,Normale,Autre collision,,,,,,,,,,,2,2,1,1.0,6
201400033313,0014-05-26 13:40:00,14,5,26,13,40,670,482,REUSS (ALLEE),,,Plein jour,En agglomération,Hors intersection,Normale,Autre collision,,,,,,,,,,,1,2,1,1.0,6
201400033314,0014-05-28 22:50:00,14,5,28,22,50,670,482,"3, ERNEST MUNCH (RUE)",,,Nuit avec éclairage allumé,En agglomération,Hors intersection,Normale,Autre collision,,,,,,,,,,,5,2,1,1.0,6
201400033315,0014-05-25 14:15:00,14,5,25,14,15,670,482,SALLUSTE (RUE),,,Plein jour,En agglomération,Intersection en T,Normale,Deux véhicules - côté,,,,,,,,,,,1,2,3,1.0,3
201400033316,0014-05-30 16:30:00,14,5,30,16,30,670,482,"0, VOSGES (AVENUE DES)",,,Plein jour,En agglomération,Intersection en X,Normale,Deux véhicules - côté,,,,,,,,,,,1,2,2,1.0,3
201400033317,0014-05-31 00:10:00,14,5,31,0,10,670,482,MARCEL PROUST (RUE),,,Nuit avec éclairage allumé,En agglomération,Hors intersection,Normale,Autre collision,,,,,,,,,,,5,2,1,1.0,6
201400033318,0014-06-03 18:30:00,14,6,3,18,30,670,482,"0, FLASMATT (RUE DE)",,,Plein jour,En agglomération,Hors intersection,Normale,Sans collision,,,,,,,,,,,1,2,1,1.0,7
201400033319,0014-06-05 20:00:00,14,6,5,20,0,670,482,"0, SERRURIERS (RUE DES)",,,Plein jour,En agglomération,Intersection en X,Normale,Autre collision,,,,,,,,,,,1,2,2,1.0,6
201400033320,0014-06-06 12:10:00,14,6,6,12,10,670,482,HAGUENAU (PLACE DE),,,Plein jour,En agglomération,Hors intersection,Normale,Deux véhicules - côté,,,,,,,,,,,1,2,1,1.0,3
201400033321,0014-06-09 10:20:00,14,6,9,10,20,670,482,"0, BALE (RUE DE)",,,Plein jour,En agglomération,Intersection en T,Normale,Autre collision,,,,,,,,,,,1,2,3,1.0,6
201400033322,0014-06-09 13:30:00,14,6,9,13,30,670,482,"0, DRESDE (BOULEVARD DE)",,,Plein jour,En agglomération,Hors intersection,Normale,Autre collision,,,,,,,,,,,1,2,1,1.0,6
201400033323,0014-06-09 22:15:00,14,6,9,22,15,670,482,"79, ROMAINS (ROUTE DES)",,,Nuit avec éclairage allumé,En agglomération,Hors intersection,Normale,Autre collision,,,,,,,,,,,5,2,1,1.0,6
201400033324,0014-06-10 09:45:00,14,6,10,9,45,670,482,"0, ALPES (QUAI DES)",,,Plein jour,En agglomération,Intersection en X,Normale,Deux véhicules - côté,,,,,,,,,,,1,2,2,1.0,3
201400033325,0014-06-10 16:20:00,14,6,10,16,20,670,482,PLAINE DES BOUCHERS (RUE,,,Plein jour,En agglomération,Hors intersection,Normale,Deux véhicules - côté,,,,,,,,,,,1,2,1,1.0,3
201400033326,0014-06-10 20:45:00,14,6,10,20,45,670,482,"0, VICTOIRE (BOULEVARD D",,,Plein jour,En agglomération,Intersection en X,Normale,Deux véhicules - côté,,,,,,,,,,,1,2,2,1.0,3
201400033327,0014-06-11 09:15:00,14,6,11,9,15,670,204,TROIS MAIRES (RUE DES),,,Plein jour,En agglomération,Intersection en X,Normale,Deux véhicules - côté,,,,,,,,,,,1,2,2,1.0,3
201400033328,0014-06-12 08:40:00,14,6,12,8,40,670,482,"0, PAUL DOPF",,,Plein jour,En agglomération,Hors intersection,Normale,Deux véhicules - côté,,,,,,,,,,,1,2,1,1.0,3
201400033329,0014-06-12 16:25:00,14,6,12,16,25,670,43,"0, SYNAGOGUE (PLACE DE L",,,Plein jour,En agglomération,Intersection en X,Normale,Autre collision,,,,,,,,,,,1,2,2,1.0,6
201400033330,0014-06-13 14:25:00,14,6,13,14,25,670,482,"5, SAINT GOTHARD (RUE)",,,Plein jour,En agglomération,Hors intersection,Normale,Autre collision,,,,,,,,,,,1,2,1,1.0,6
201400033331,0014-06-13 16:10:00,14,6,13,16,10,670,482,"0, ROBERTSAU (ALLEE DE L",,,Plein jour,En agglomération,Intersection en X,Normale,Deux véhicules - côté,,,,,,,,,,,1,2,2,1.0,3
201400033332,0014-06-15 19:30:00,14,6,15,19,30,670,482,"0, OSTWALD (RUE D )",,,Plein jour,En agglomération,Hors intersection,Normale,Trois véhicules et plus - collisions multiples,,,,,,,,,,,1,2,1,1.0,5
201400033333,0014-06-16 00:10:00,14,6,16,0,10,670,482,"0, RHIN (ROUTE DU)",,,Nuit avec éclairage allumé,En agglomération,Intersection en X,Normale,Deux véhicules - côté,,,,,,,,,,,5,2,2,1.0,3
201400033334,0014-06-17 23:27:00,14,6,17,23,27,670,482,"9, RIVIERE (RUE DE LA)",,,Nuit avec éclairage allumé,En agglomération,Hors intersection,Normale,Autre collision,,,,,,,,,,,5,2,1,1.0,6
201400033335,0014-06-18 12:00:00,14,6,18,12,0,670,482,DUNKERQUE (RUE DE),,,Plein jour,En agglomération,Hors intersection,Normale,Deux véhicules - côté,,,,,,,,,,,1,2,1,1.0,3
201400033336,0014-06-18 14:10:00,14,6,18,14,10,670,218,"0, STRASBOURG (ROUTE DE)",,,Plein jour,En agglomération,Intersection en X,Normale,Deux véhicules - côté,,,,,,,,,,,1,2,2,1.0,3
201400033337,0014-06-19 16:15:00,14,6,19,16,15,670,482,"0, LIEPVRE (RUE DE)",,,Plein jour,En agglomération,Hors intersection,Normale,Autre collision,,,,,,,,,,,1,2,1,1.0,6
201400033338,0014-06-20 15:55:00,14,6,20,15,55,670,482,"12, OTTO BACK (RUE)",,,Plein jour,En agglomération,Hors intersection,Normale,Autre collision,,,,,,,,,,,1,2,1,1.0,6
201400033339,0014-06-20 16:20:00,14,6,20,16,20,670,482,"0, LIVIO (RUE)",,,Plein jour,En agglomération,Hors intersection,Normale,Autre collision,,,,,,,,,,,1,2,1,1.0,6
201400033340,0014-06-20 23:44:00,14,6,20,23,44,670,482,"9, SCHACH (RUE)",,,Nuit avec éclairage allumé,En agglomération,Hors intersection,Normale,Deux véhicules - côté,,,,,,,,,,,5,2,1,1.0,3
201400033341,0014-06-20 18:35:00,14,6,20,18,35,670,482,PLAINE DES BOUCHERS (RUE,,,Plein jour,En agglomération,Intersection en T,Normale,Deux véhicules - côté,,,,,,,,,,,1,2,3,1.0,3
201400033342,0014-06-21 01:11:00,14,6,21,1,11,670,482,"0, OR (RUE D )",,,Nuit avec éclairage allumé,En agglomération,Intersection en X,Normale,Deux véhicules - côté,,,,,,,,,,,5,2,2,1.0,3
201400033343,0014-06-22 01:55:00,14,6,22,1,55,670,482,PECHEURS (QUAI DES),,,Nuit avec éclairage allumé,En agglomération,Hors intersection,Normale,Deux véhicules - côté,,,,,,,,,,,5,2,1,1.0,3
201400033344,0014-06-22 03:05:00,14,6,22,3,5,670,482,HOPITAL (ROUTE DE L ),,,Nuit avec éclairage allumé,En agglomération,Intersection en X,Normale,Sans collision,,,,,,,,,,,5,2,2,1.0,7
201400033345,0014-06-22 16:36:00,14,6,22,16,36,670,218,"0, STRASBOURG (ROUTE DE)",,,Plein jour,En agglomération,Intersection en T,Normale,Deux véhicules - côté,,,,,,,,,,,1,2,3,1.0,3
201400033346,0014-06-23 16:24:00,14,6,23,16,24,670,447,"0, BITCHE (RUE DE)",,,Plein jour,En agglomération,Intersection en X,Normale,Autre collision,,,,,,,,,,,1,2,2,1.0,6
201400033347,0014-06-23 20:10:00,14,6,23,20,10,670,482,"0, A351 (BRETELLE)",,,Plein jour,Hors agglomération,Hors intersection,Normale,Trois véhicules et plus - collisions multiples,,,,,,,,,,,1,1,1,1.0,5
201400033348,0014-06-24 09:45:00,14,6,24,9,45,670,482,"0, LANGUEDOC (RUE DU)",,,Plein jour,En agglomération,Giratoire,Normale,Deux véhicules - côté,,,,,,,,,,,1,2,6,1.0,3
201400033349,0014-06-25 19:30:00,14,6,25,19,30,670,482,"0, KUHNENSAND (ROUTE DU)",,,Plein jour,En agglomération,Hors intersection,Normale,Autre collision,,,,,,,,,,,1,2,1,1.0,6
201400033350,0014-06-26 07:50:00,14,6,26,7,50,670,482,"0, MONTAGNE VERTE (RUE D",,,Plein jour,En agglomération,Intersection en X,Normale,Deux véhicules - côté,,,,,,,,,,,1,2,2,1.0,3
201400033351,0014-06-28 01:00:00,14,6,28,1,0,670,43,"13-15, BISCHWILLER (ROUT",,,Nuit avec éclairage allumé,En agglomération,Hors intersection,Normale,Deux véhicules - côté,,,,,,,,,,,5,2,1,1.0,3
201400033352,0014-06-28 05:05:00,14,6,28,5,5,670,482,"0, SCHIRMECK (ROUTE DE)",,,Crépuscule ou aube,En agglomération,Hors intersection,Normale,Autre collision,,,,,,,,,,,2,2,1,1.0,6
201400033353,0014-06-28 13:45:00,14,6,28,13,45,670,482,"4, FRANCS BOURGEOIS (RUE",,,Plein jour,En agglomération,Hors intersection,Pluie légère,Autre collision,,,,,,,,,,,1,2,1,2.0,6
201400033354,0014-06-30 13:50:00,14,6,30,13,50,670,447,"0, PIERRE MENDES FRANCE",,,Plein jour,En agglomération,Intersection en T,Normale,Trois véhicules et plus - en chaîne,,,,,,,,,,,1,2,3,1.0,4
201400033355,0014-07-01 19:15:00,14,7,1,19,15,670,267,"69, MARECHAL FOCH (RUE D",,,Plein jour,En agglomération,Hors intersection,Normale,Deux véhicules - côté,,,,,,,,,,,1,2,1,1.0,3
201400033356,0014-07-03 18:38:00,14,7,3,18,38,670,482,"6, JACQUES STURM (QUAI)",,,Plein jour,En agglomération,Hors intersection,Normale,Autre collision,,,,,,,,,,,1,2,1,1.0,6
201400033357,0014-07-03 18:50:00,14,7,3,18,50,670,43,"1, AIGLE (RUE DE L )",,,Plein jour,En agglomération,Intersection en T,Normale,Autre collision,,,,,,,,,,,1,2,3,1.0,6
201400033358,0014-07-04 17:10:00,14,7,4,17,10,670,482,"0, HURTIGHEIM (RUE DE)",,,Plein jour,En agglomération,Intersection en T,Normale,Deux véhicules - côté,,,,,,,,,,,1,2,3,1.0,3
201400033359,0014-07-07 13:30:00,14,7,7,13,30,670,482,"43, PETIT RHIN (ROUTE DU",,,Plein jour,En agglomération,Hors intersection,Normale,Deux véhicules - côté,,,,,,,,,,,1,2,1,1.0,3
201400033360,0014-07-09 16:15:00,14,7,9,16,15,670,482,"210, COLMAR (AVENUE DE)",,,Plein jour,En agglomération,Hors intersection,Normale,Autre collision,,,,,,,,,,,1,2,1,1.0,6
201400033361,0014-07-10 11:20:00,14,7,10,11,20,670,482,"0, COLMAR (AVENUE DE)",,,Plein jour,En agglomération,Hors intersection,Normale,Deux véhicules - côté,,,,,,,,,,,1,2,1,1.0,3
201400033362,0014-07-12 15:40:00,14,7,12,15,40,670,447,"0, JEAN JAURES (RUE)",,,Plein jour,En agglomération,Intersection en X,Normale,Deux véhicules - côté,,,,,,,,,,,1,2,2,1.0,3
201400033363,0014-07-14 00:15:00,14,7,14,0,15,670,482,"0, RHIN (ROUTE DU)",,,Nuit avec éclairage allumé,En agglomération,Hors intersection,Pluie forte,Autre collision,,,,,,,,,,,5,2,1,3.0,6
201400033364,0014-07-17 13:50:00,14,7,17,13,50,670,482,"0, PLAINE DES BOUCHERS (",,,Plein jour,En agglomération,Intersection en T,Normale,Deux véhicules - côté,,,,,,,,,,,1,2,3,1.0,3
201400033365,0014-07-17 17:50:00,14,7,17,17,50,670,447,"0, EUROPE (AVENUE DE L )",,,Plein jour,En agglomération,Hors intersection,Normale,Deux véhicules - arrière,,,,,,,,,,,1,2,1,1.0,2
201400033366,0014-07-18 13:20:00,14,7,18,13,20,670,482,"0, ARISTIDE BRIAND (AVEN",,,Plein jour,En agglomération,Intersection en X,Normale,Autre collision,,,,,,,,,,,1,2,2,1.0,6
201400033367,0014-07-18 15:50:00,14,7,18,15,50,670,204,"0, WANTZENAU (ROUTE DE L",,,Plein jour,En agglomération,Hors intersection,Normale,Trois véhicules et plus - collisions multiples,,,,,,,,,,,1,2,1,1.0,5
201400033368,0014-07-19 14:35:00,14,7,19,14,35,670,482,"0, DOUBS (RUE DU)",,,Plein jour,En agglomération,Intersection en T,Normale,Deux véhicules - côté,,,,,,,,,,,1,2,3,1.0,3
201400033369,0014-07-19 17:00:00,14,7,19,17,0,670,482,"0, SEBASTIEN MEY (RUE)",,,Plein jour,En agglomération,Intersection en X,Normale,Deux véhicules - côté,,,,,,,,,,,1,2,2,1.0,3
201400033370,0014-07-19 21:10:00,14,7,19,21,10,670,482,UNTERELSAU (RUE DE L ),,,Plein jour,En agglomération,Hors intersection,Normale,Autre collision,,,,,,,,,,,1,2,1,1.0,6
201400033371,0014-07-20 17:47:00,14,7,20,17,47,670,267,"0, RIVIERE (ROUTE DE LA)",,,Plein jour,En agglomération,Giratoire,Normale,Deux véhicules - côté,,,,,,,,,,,1,2,6,1.0,3
201400033372,0014-07-21 17:00:00,14,7,21,17,0,670,482,"0, HOPITAL (ROUTE DE L )",,,Plein jour,En agglomération,Hors intersection,Normale,Trois véhicules et plus - en chaîne,,,,,,,,,,,1,2,1,1.0,4
201400033373,0014-07-22 02:50:00,14,7,22,2,50,670,482,"0, CALAIS (RUE DE)",,,Nuit sans éclairage public,En agglomération,Hors intersection,Normale,Autre collision,,,,,,,,,,,3,2,1,1.0,6
201400033374,0014-07-22 15:27:00,14,7,22,15,27,670,218,"0, STRASBOURG (ROUTE DE)",,,Plein jour,En agglomération,Hors intersection,Normale,Autre collision,,,,,,,,,,,1,2,1,1.0,6
201400033375,0014-07-22 16:50:00,14,7,22,16,50,670,482,"66, JEAN JAURES (AVENUE)",,,Plein jour,En agglomération,Hors intersection,Normale,Deux véhicules - côté,,,,,,,,,,,1,2,1,1.0,3
201400033376,0014-07-22 22:30:00,14,7,22,22,30,670,482,"0, LOUIS PASTEUR (QUAI)",,,Nuit avec éclairage allumé,En agglomération,Hors intersection,Normale,Deux véhicules - côté,,,,,,,,,,,5,2,1,1.0,3
201400033377,0014-07-24 19:00:00,14,7,24,19,0,670,482,"11, PERIGUEUX (RUE DE)",,,Plein jour,En agglomération,Hors intersection,Normale,Deux véhicules - côté,,,,,,,,,,,1,2,1,1.0,3
201400033378,0014-07-24 18:52:00,14,7,24,18,52,670,482,"13, GARE (PLACE DE LA)",,,Plein jour,En agglomération,Hors intersection,Normale,Autre collision,,,,,,,,,,,1,2,1,1.0,6
201400033379,0014-07-27 05:20:00,14,7,27,5,20,670,482,"97, POLYGONE (ROUTE DU)",,,Plein jour,En agglomération,Hors intersection,Normale,Autre collision,,,,,,,,,,,1,2,1,1.0,6
201400033380,0014-07-28 17:00:00,14,7,28,17,0,670,482,"0, KEPLER (RUE)",,,Plein jour,En agglomération,Hors intersection,Normale,Deux véhicules - côté,,,,,,,,,,,1,2,1,1.0,3
201400033381,0014-07-29 10:50:00,14,7,29,10,50,670,482,"0, MAGASINS (PETITE RUE",,,Plein jour,En agglomération,Hors intersection,Pluie forte,Deux véhicules - côté,,,,,,,,,,,1,2,1,3.0,3
201400033382,0014-07-31 07:50:00,14,7,31,7,50,670,482,"0, ROMAINS (ROUTE DES)",,,Plein jour,En agglomération,Intersection en T,Normale,Deux véhicules - côté,,,,,,,,,,,1,2,3,1.0,3
201400033383,0014-08-01 12:20:00,14,8,1,12,20,670,365,"0, 23 NOVEMBRE (RUE DU)",,,Plein jour,En agglomération,Hors intersection,Normale,Trois véhicules et plus - en chaîne,,,,,,,,,,,1,2,1,1.0,4
201400033384,0014-08-01 20:00:00,14,8,1,20,0,670,482,"0, RACINE (AVENUE)",,,Plein jour,En agglomération,Intersection en X,Normale,Deux véhicules - côté,,,,,,,,,,,1,2,2,1.0,3
201400033385,0014-08-01 20:15:00,14,8,1,20,15,670,447,"0, HERRENSCHMIDT (AVENUE",,,Plein jour,En agglomération,Intersection en X,Normale,Deux véhicules - côté,,,,,,,,,,,1,2,2,1.0,3
201400033386,0014-08-01 23:15:00,14,8,1,23,15,670,482,"186, SCHIRMECK (ROUTE DE",,,Nuit avec éclairage allumé,En agglomération,Hors intersection,Normale,Deux véhicules - côté,,,,,,,,,,,5,2,1,1.0,3
201400033387,0014-08-02 03:50:00,14,8,2,3,50,670,482,"6, JURA (RUE DU)",,,Nuit avec éclairage allumé,En agglomération,Intersection en T,Normale,Sans collision,,,,,,,,,,,5,2,3,1.0,7
201400033388,0014-08-03 21:00:00,14,8,3,21,0,670,482,"0, MARTIN SCHONGAUER (RU",,,Crépuscule ou aube,En agglomération,Intersection en X,Normale,Deux véhicules - côté,,,,,,,,,,,2,2,2,1.0,3
201400033389,0014-08-04 08:50:00,14,8,4,8,50,670,482,"0, COLMAR (AVENUE DE)",,,Plein jour,En agglomération,Hors intersection,Normale,Deux véhicules - côté,,,,,,,,,,,1,2,1,1.0,3
201400033390,0014-08-04 15:53:00,14,8,4,15,53,670,482,"0, MOLSHEIM (RUE DE)",,,Plein jour,En agglomération,Intersection en X,Normale,Deux véhicules - côté,,,,,,,,,,,1,2,2,1.0,3
201400033391,0014-08-05 17:30:00,14,8,5,17,30,670,482,"42, HERRADE (RUE)",,,Plein jour,En agglomération,Hors intersection,Normale,Autre collision,,,,,,,,,,,1,2,1,1.0,6
201400033392,0014-08-07 00:40:00,14,8,7,0,40,670,482,"0, ALOISE (RUE SAINT)",,,Nuit avec éclairage allumé,En agglomération,Intersection en X,Normale,Deux véhicules - côté,,,,,,,,,,,5,2,2,1.0,3
201400033393,0014-08-10 22:00:00,14,8,10,22,0,670,43,ECOLE (RUE DE L ),,,Nuit avec éclairage allumé,En agglomération,Intersection en X,Normale,Deux véhicules - côté,,,,,,,,,,,5,2,2,1.0,3
201400033394,0014-08-11 14:00:00,14,8,11,14,0,670,482,"0, SOULTZ (RUE DE)",,,Plein jour,En agglomération,Hors intersection,Normale,Deux véhicules - arrière,,,,,,,,,,,1,2,1,1.0,2
201400033395,0014-08-13 15:15:00,14,8,13,15,15,670,43,"1, MARAIS (RUE DU)",,,Plein jour,En agglomération,Hors intersection,Normale,Trois véhicules et plus - en chaîne,,,,,,,,,,,1,2,1,1.0,4
201400033396,0014-08-14 17:30:00,14,8,14,17,30,670,482,"0, LAVOISIER (RUE)",,,Plein jour,En agglomération,Hors intersection,Normale,Autre collision,,,,,,,,,,,1,2,1,1.0,6
201400033397,0014-08-16 06:00:00,14,8,16,6,0,670,482,"0, LOUIS PASTEUR (QUAI)",,,Crépuscule ou aube,En agglomération,Hors intersection,Normale,Autre collision,,,,,,,,,,,2,2,1,1.0,6
201400033398,0014-08-16 11:20:00,14,8,16,11,20,670,482,"0, GEROLDSECK (RUE)",,,Plein jour,En agglomération,Intersection en X,Normale,Autre collision,,,,,,,,,,,1,2,2,1.0,6
201400033399,0014-08-19 13:10:00,14,8,19,13,10,670,482,"0, Edmond MICHELET",,,Plein jour,En agglomération,Intersection en T,Normale,Deux véhicules - côté,,,,,,,,,,,1,2,3,1.0,3
201400033400,0014-08-19 16:05:00,14,8,19,16,5,670,482,MARSEILLAISE (AVENUE DE,,,Plein jour,En agglomération,Hors intersection,Normale,Autre collision,,,,,,,,,,,1,2,1,1.0,6
201400033401,0014-08-21 07:25:00,14,8,21,7,25,670,218,"14-16-18, LIXENBUHL (RUE",,,Plein jour,En agglomération,Hors intersection,Normale,Deux véhicules - côté,,,,,,,,,,,1,2,1,1.0,3
201400033402,0014-08-21 12:45:00,14,8,21,12,45,670,482,"2, LIBERTE (AVENUE DE LA",,,Plein jour,En agglomération,Intersection en X,Normale,Deux véhicules - côté,,,,,,,,,,,1,2,2,1.0,3
201400033403,0014-08-22 10:30:00,14,8,22,10,30,670,482,"8, MOULIN A PORCELAINE (",,,Plein jour,Hors agglomération,Hors intersection,Normale,Autre collision,,,,,,,,,,,1,1,1,1.0,6
201400033404,0014-08-25 17:35:00,14,8,25,17,35,670,482,"0, PLAINE DES BOUCHERS (",,,Plein jour,En agglomération,Hors intersection,Normale,Deux véhicules - côté,,,,,,,,,,,1,2,1,1.0,3
201400033405,0014-08-25 18:20:00,14,8,25,18,20,670,447,"19B, KLEBER (RUE)",,,Plein jour,En agglomération,Hors intersection,Normale,Autre collision,,,,,,,,,,,1,2,1,1.0,6
201400033406,0014-08-27 10:00:00,14,8,27,10,0,670,482,"81, ROMAINS (ROUTE DES)",,,Plein jour,En agglomération,Hors intersection,Pluie légère,Deux véhicules - arrière,,,,,,,,,,,1,2,1,2.0,2
201400033407,0014-08-29 09:20:00,14,8,29,9,20,670,482,"0, PIERRE MENDES FRANCE",,,Plein jour,En agglomération,Hors intersection,Normale,Deux véhicules - arrière,,,,,,,,,,,1,2,1,1.0,2
201400033408,0014-08-30 03:25:00,14,8,30,3,25,670,482,"0, DOUBS (RUE DU)",,,Nuit avec éclairage allumé,En agglomération,Hors intersection,Pluie légère,Deux véhicules - arrière,,,,,,,,,,,5,2,1,2.0,2
201400033409,0014-09-02 15:30:00,14,9,2,15,30,670,482,"0, RHIN (ROUTE DU)",,,Plein jour,En agglomération,Hors intersection,Normale,Deux véhicules - arrière,,,,,,,,,,,1,2,1,1.0,2
201400033410,0014-09-04 18:55:00,14,9,4,18,55,670,482,ROMAINS (ROUTE DES),,,Plein jour,En agglomération,Hors intersection,Normale,Deux véhicules - côté,,,,,,,,,,,1,2,1,1.0,3
201400033411,0014-09-06 02:55:00,14,9,6,2,55,670,482,HAVRE (RUE DU),,,Nuit avec éclairage allumé,En agglomération,Intersection en X,Normale,Deux véhicules - frontale,,,,,,,,,,,5,2,2,1.0,1
201400033412,0014-09-08 00:35:00,14,9,8,0,35,670,482,"20, ROMAINS (ROUTE DES)",,,Nuit avec éclairage allumé,En agglomération,Intersection en T,Normale,Deux véhicules - côté,,,,,,,,,,,5,2,3,1.0,3
201400033413,0014-09-08 10:45:00,14,9,8,10,45,670,482,"6, LORRAINE (RUE DE)",,,Plein jour,En agglomération,Hors intersection,Temps éblouissant,Deux véhicules - côté,,,,,,,,,,,1,2,1,7.0,3
201400033414,0014-09-08 18:45:00,14,9,8,18,45,670,482,"0, Edmond Michelet (rue)",,,Plein jour,En agglomération,Intersection en X,Normale,Deux véhicules - côté,,,,,,,,,,,1,2,2,1.0,3
201400033415,0014-09-09 18:00:00,14,9,9,18,0,670,218,faubourg de la paix,,,Plein jour,En agglomération,Hors intersection,Normale,Deux véhicules - frontale,,,,,,,,,,,1,2,1,1.0,1