accident_id,datetime,annee,mois,jour,heure,minute,departement,commune_insee,adresse,latitude,longitude,luminosite,agglomeration,intersection,meteo,collision,nb_vehicules,nb_usagers,nb_indemnes,nb_tues,nb_blesses_hosp,nb_blesses_legers,age_cond_1,age_cond_2,veh_type_cond_1,veh_type_cond_2,lum_code,agg_code,int_code,atm_code,col_code
201400033416,0014-09-11 08:45:00,14,9,11,8,45,670,482,FORET NOIRE (AVENUE DE L,,,Plein jour,En agglomération,Intersection en T,Normale,Deux véhicules - côté,,,,,,,,,,,1,2,3,1.0,3
201400033417,0014-09-12 11:20:00,14,9,12,11,20,670,482,AUSTERLITZ (PONT D ),,,Plein jour,En agglomération,Intersection en X,Pluie légère,Deux véhicules - côté,,,,,,,,,,,1,2,2,2.0,3
201400033418,0014-09-12 16:15:00,14,9,12,16,15,670,43,"81A, PERIGUEUX (AVENUE D",,,Plein jour,En agglomération,Hors intersection,Pluie légère,Deux véhicules - arrière,,,,,,,,,,,1,2,1,2.0,2
201400033419,0014-09-18 17:25:00,14,9,18,17,25,670,482,"1, ETOILE (PLACE DE L )",,,Plein jour,En agglomération,Hors intersection,Normale,Deux véhicules - arrière,,,,,,,,,,,1,2,1,1.0,2
201400033420,0014-09-18 21:13:00,14,9,18,21,13,670,365,"4, ILE DES PECHEURS (RUE",,,Nuit avec éclairage allumé,En agglomération,Hors intersection,Normale,Deux véhicules - côté,,,,,,,,,,,5,2,1,1.0,3
201400033421,0014-09-19 07:47:00,14,9,19,7,47,670,218,"0, STRASBOURG (ROUTE DE)",,,Plein jour,En agglomération,Hors intersection,Normale,Deux véhicules - côté,,,,,,,,,,,1,2,1,1.0,3
201400033422,0014-09-19 10:35:00,14,9,19,10,35,670,482,"0, BEETHOVEN (RUE)",,,Plein jour,En agglomération,Intersection en X,Normale,Deux véhicules - côté,,,,,,,,,,,1,2,2,1.0,3
201400033423,0014-09-19 10:00:00,14,9,19,10,0,670,482,"0, DESAIX (QUAI)",,,Plein jour,En agglomération,Intersection en X,Normale,Deux véhicules - côté,,,,,,,,,,,1,2,2,1.0,3
201400033424,0014-09-19 16:30:00,14,9,19,16,30,670,482,"0, GARE (PLACE DE LA)",,,Plein jour,En agglomération,Hors intersection,Normale,Autre collision,,,,,,,,,,,1,2,1,1.0,6
201400033425,0014-09-19 16:35:00,14,9,19,16,35,670,482,"0, NANCY (BOULEVARD DE)",,,Plein jour,En agglomération,Intersection en X,Normale,Autre collision,,,,,,,,,,,1,2,2,1.0,6
201400033426,0014-09-21 17:10:00,14,9,21,17,10,670,482,CHARLES ALTORFFER (QUAI),,,Plein jour,En agglomération,Intersection en T,Pluie forte,Autre collision,,,,,,,,,,,1,2,3,3.0,6
201400033427,0014-09-20 02:25:00,14,9,20,2,25,670,482,DIVISION LECLERC (RUE DE,,,Nuit avec éclairage allumé,En agglomération,Intersection en T,Normale,Autre collision,,,,,,,,,,,5,2,3,1.0,6
201400033428,0014-09-22 03:26:00,14,9,22,3,26,670,482,"0, JACOUTOT (QUAI)",,,Nuit avec éclairage non allumé,En agglomération,Hors intersection,Normale,Autre collision,,,,,,,,,,,4,2,1,1.0,6
201400033429,0014-09-23 18:35:00,14,9,23,18,35,670,482,FAUBOURG DE SAVERNE (RUE,,,Plein jour,En agglomération,Hors intersection,Normale,Deux véhicules - côté,,,,,,,,,,,1,2,1,1.0,3
201400033430,0014-09-25 14:50:00,14,9,25,14,50,670,482,"95, BOECKLIN (RUE)",,,Plein jour,En agglomération,Hors intersection,Normale,Autre collision,,,,,,,,,,,1,2,1,1.0,6
201400033431,0014-09-26 03:15:00,14,9,26,3,15,670,482,PASTEUR (QUAI LOUIS),,,Nuit avec éclairage allumé,En agglomération,Hors intersection,Normale,Autre collision,,,,,,,,,,,5,2,1,1.0,6
201400033432,0014-09-26 15:30:00,14,9,26,15,30,670,43,"11, OFFICIERS (RUE DES)",,,Plein jour,En agglomération,Intersection en T,Normale,Autre collision,,,,,,,,,,,1,2,3,1.0,6
201400033433,0014-09-28 16:30:00,14,9,28,16,30,670,267,MARECHAL FOCH (RUE DU),,,Plein jour,En agglomération,Autre intersection,Normale,Autre collision,,,,,,,,,,,1,2,9,1.0,6
201400033434,0014-09-29 08:45:00,14,9,29,8,45,670,482,SCHIRMECK (ROUTE DE),,,Plein jour,En agglomération,Hors intersection,Normale,Trois véhicules et plus - collisions multiples,,,,,,,,,,,1,2,1,1.0,5
201400033435,0014-09-30 06:55:00,14,9,30,6,55,670,482,ALFRED KASTLER (RUE),,,Crépuscule ou aube,En agglomération,Intersection en T,Pluie forte,Autre collision,,,,,,,,,,,2,2,3,3.0,6
201400033436,0014-09-30 18:30:00,14,9,30,18,30,670,218,BENJAMIN BAILLAUD (RUE),,,Plein jour,En agglomération,Intersection en X,Normale,Deux véhicules - côté,,,,,,,,,,,1,2,2,1.0,3
201400033437,0014-10-01 13:00:00,14,10,1,13,0,670,482,"0, ABBE DE L'EPEE",,,Plein jour,En agglomération,Hors intersection,Normale,Autre collision,,,,,,,,,,,1,2,1,1.0,6
201400033438,0014-10-01 17:20:00,14,10,1,17,20,670,447,BISCHWILLER (ROUTE DE),,,Plein jour,En agglomération,Hors intersection,Normale,Trois véhicules et plus - collisions multiples,,,,,,,,,,,1,2,1,1.0,5
201400033439,0014-10-07 16:20:00,14,10,7,16,20,670,482,PAUL DOPF,,,Crépuscule ou aube,En agglomération,Hors intersection,Normale,Deux véhicules - frontale,,,,,,,,,,,2,2,1,1.0,1
201400033440,0014-10-07 17:00:00,14,10,7,17,0,670,482,"41, NANCY (BOULEVARD DE)",,,Plein jour,En agglomération,Hors intersection,Normale,Autre collision,,,,,,,,,,,1,2,1,1.0,6
201400033441,0014-10-09 22:15:00,14,10,9,22,15,670,43,GEORGES BURGER (RUE),,,Nuit avec éclairage allumé,En agglomération,Intersection en T,Pluie légère,Deux véhicules - côté,,,,,,,,,,,5,2,3,2.0,3
201400033442,0014-10-10 19:05:00,14,10,10,19,5,670,482,WASSELONNE (RUE DE),,,Nuit avec éclairage allumé,En agglomération,Intersection en X,Pluie légère,Deux véhicules - frontale,,,,,,,,,,,5,2,2,2.0,1
201400033443,0014-10-13 19:00:00,14,10,13,19,0,670,482,"35, CHARLES PEGUY (RUE)",,,Nuit avec éclairage allumé,En agglomération,Hors intersection,Normale,Autre collision,,,,,,,,,,,5,2,1,1.0,6
201400033444,0014-10-13 12:03:00,14,10,13,12,3,670,482,"0, VICTOIRE (BOULEVARD D",,,Plein jour,En agglomération,Hors intersection,Pluie légère,Autre collision,,,,,,,,,,,1,2,1,2.0,6
201400033445,0014-10-14 11:20:00,14,10,14,11,20,670,482,HOPITAL (PLACE DE L ),,,Plein jour,En agglomération,Hors intersection,Normale,Deux véhicules - côté,,,,,,,,,,,1,2,1,1.0,3
201400033446,0014-10-15 19:30:00,14,10,15,19,30,670,482,OR (RUE D ),,,Nuit avec éclairage allumé,En agglomération,Intersection en T,Pluie légère,Deux véhicules - côté,,,,,,,,,,,5,2,3,2.0,3
201400033447,0014-10-16 17:30:00,14,10,16,17,30,670,482,"44, FAUBOURG DE PIERRE (",,,Plein jour,En agglomération,Intersection en X,Pluie légère,Autre collision,,,,,,,,,,,1,2,2,2.0,6
201400033448,0014-10-16 19:25:00,14,10,16,19,25,670,482,"0, JOSEPH WEYDMANN (RUE)",,,Nuit avec éclairage allumé,En agglomération,Hors intersection,Normale,Deux véhicules - côté,,,,,,,,,,,5,2,1,1.0,3
201400033449,0014-10-17 21:15:00,14,10,17,21,15,670,365,"0, MARECHAL FOCH (RUE DU",,,Nuit avec éclairage allumé,En agglomération,Intersection en T,Normale,Deux véhicules - côté,,,,,,,,,,,5,2,3,1.0,3
201400033450,0014-10-21 07:59:00,14,10,21,7,59,670,482,"0, RHIN (ROUTE DU)",,,Plein jour,En agglomération,Hors intersection,Normale,Autre collision,,,,,,,,,,,1,2,1,1.0,6
201400033451,0014-10-21 18:30:00,14,10,21,18,30,670,218,"0, FORT UHRICH (ROUTE DU",,,Nuit sans éclairage public,En agglomération,Hors intersection,Pluie forte,Autre collision,,,,,,,,,,,3,2,1,3.0,6
201400033452,0014-10-25 00:45:00,14,10,25,0,45,670,447,"37, LAUTERBOURG (RUE DE)",,,Nuit sans éclairage public,En agglomération,Hors intersection,Normale,Autre collision,,,,,,,,,,,3,2,1,1.0,6
201400033453,0014-10-25 22:15:00,14,10,25,22,15,670,482,"0, ROMAINS (ROUTE DES)",,,Nuit avec éclairage allumé,En agglomération,Intersection en T,Normale,Autre collision,,,,,,,,,,,5,2,3,1.0,6
201400033454,0014-10-28 09:35:00,14,10,28,9,35,670,482,"0, BOECKLIN (RUE)",,,Plein jour,En agglomération,Intersection en Y,Normale,Autre collision,,,,,,,,,,,1,2,4,1.0,6
201400033455,0014-10-30 09:30:00,14,10,30,9,30,670,482,"34, ROBERTSAU (ALLEE DE",,,Plein jour,En agglomération,Hors intersection,Normale,Deux véhicules - côté,,,,,,,,,,,1,2,1,1.0,3
201400033456,0014-10-31 06:40:00,14,10,31,6,40,670,204,"9, WANTZENAU (ROUTE DE L",,,Nuit sans éclairage public,En agglomération,Hors intersection,Normale,Autre collision,,,,,,,,,,,3,2,1,1.0,6
201400033457,0014-10-31 19:15:00,14,10,31,19,15,670,482,"0, SCHLUTHFELD (PLACE DU",,,Nuit avec éclairage non allumé,En agglomération,Hors intersection,Normale,Deux véhicules - côté,,,,,,,,,,,4,2,1,1.0,3
201400033458,0014-11-01 01:10:00,14,11,1,1,10,670,482,GRAND PONT (RUE DU),,,Nuit avec éclairage allumé,En agglomération,Hors intersection,Normale,Autre collision,,,,,,,,,,,5,2,1,1.0,6
201400033459,0014-11-02 14:00:00,14,11,2,14,0,670,218,"0, INDUSTRIE (RUE DE L )",,,Plein jour,En agglomération,Intersection en X,Normale,Deux véhicules - côté,,,,,,,,,,,1,2,2,1.0,3
201400033460,0014-11-03 16:20:00,14,11,3,16,20,670,482,GRIMLING (RUE),,,Plein jour,En agglomération,Intersection en T,Pluie légère,Autre collision,,,,,,,,,,,1,2,3,2.0,6
201400033461,0014-11-03 19:18:00,14,11,3,19,18,670,482,WASSELONNE (RUE DE),,,Nuit avec éclairage allumé,En agglomération,Intersection en X,Normale,Autre collision,,,,,,,,,,,5,2,2,1.0,6
201400033462,0014-11-04 19:30:00,14,11,4,19,30,670,482,"0, GARE (PLACE DE LA)",,,Nuit avec éclairage allumé,En agglomération,Hors intersection,Pluie forte,Autre collision,,,,,,,,,,,5,2,1,3.0,6
201400033463,0014-11-05 12:45:00,14,11,5,12,45,670,482,"0, NEUHOF (ROUTE)",,,Plein jour,En agglomération,Intersection en X,Pluie légère,Autre collision,,,,,,,,,,,1,2,2,2.0,6
201400033464,0014-11-05 16:30:00,14,11,5,16,30,670,482,"0, CHARLES PEGUY (RUE)",,,Crépuscule ou aube,En agglomération,Giratoire,Pluie forte,Deux véhicules - arrière,,,,,,,,,,,2,2,6,3.0,2
201400033465,0014-11-06 21:05:00,14,11,6,21,5,670,482,"0, JACOB (RUE)",,,Nuit avec éclairage allumé,En agglomération,Intersection en T,Normale,Deux véhicules - côté,,,,,,,,,,,5,2,3,1.0,3
201400033466,0014-11-07 15:30:00,14,11,7,15,30,670,482,"44, FORET NOIRE (AVENUE",,,Plein jour,En agglomération,Hors intersection,Pluie légère,Autre collision,,,,,,,,,,,1,2,1,2.0,6
201400033467,0014-11-07 16:00:00,14,11,7,16,0,670,447,"0, MADRID (RUE DE)",,,Plein jour,En agglomération,Intersection en X,Normale,Deux véhicules - côté,,,,,,,,,,,1,2,2,1.0,3
201400033468,0014-11-07 19:25:00,14,11,7,19,25,670,482,"0, AUVERGNE (PONT D )",,,Nuit avec éclairage non allumé,En agglomération,Intersection en Y,Normale,Autre collision,,,,,,,,,,,4,2,4,1.0,6
201400033469,0014-11-08 04:10:00,14,11,8,4,10,670,482,"0, BROGLIE (PLACE)",,,Nuit avec éclairage allumé,En agglomération,Hors intersection,Normale,Autre collision,,,,,,,,,,,5,2,1,1.0,6
201400033470,0014-11-12 17:08:00,14,11,12,17,8,670,482,"91, ROMAINS (ROUTE DES)",,,Nuit avec éclairage allumé,En agglomération,Hors intersection,Pluie légère,Deux véhicules - côté,,,,,,,,,,,5,2,1,2.0,3
201400033471,0014-11-13 14:55:00,14,11,13,14,55,670,482,"0, GARE (PLACE DE LA)",,,Plein jour,En agglomération,Hors intersection,Normale,Autre collision,,,,,,,,,,,1,2,1,1.0,6
201400033472,0014-11-14 10:25:00,14,11,14,10,25,670,482,"0, COLMAR (AVENUE DE)",,,Plein jour,En agglomération,Hors intersection,Normale,Autre collision,,,,,,,,,,,1,2,1,1.0,6
201400033473,0014-11-14 15:25:00,14,11,14,15,25,670,218,"0, SEIZE AOUT (RUE DU)",,,Plein jour,En agglomération,Intersection en X,Normale,Deux véhicules - frontale,,,,,,,,,,,1,2,2,1.0,1
201400033474,0014-11-14 17:15:00,14,11,14,17,15,670,482,"11, ALTENHEIM (ROUTE D )",,,Nuit avec éclairage allumé,En agglomération,Hors intersection,Normale,Autre collision,,,,,,,,,,,5,2,1,1.0,6
201400033475,0014-11-14 17:50:00,14,11,14,17,50,670,482,"0, DUNTZENHEIM (RUE DE)",,,Nuit avec éclairage allumé,En agglomération,Intersection en X,Normale,Deux véhicules - côté,,,,,,,,,,,5,2,2,1.0,3
201400033476,0014-11-15 00:55:00,14,11,15,0,55,670,482,"0, INDRE (RUE DE L )",,,Nuit avec éclairage allumé,En agglomération,Hors intersection,Brouillard / fumée,Deux véhicules - côté,,,,,,,,,,,5,2,1,5.0,3
201400033477,0014-11-15 04:40:00,14,11,15,4,40,670,482,"0, LA ROCHELLE (RUE DE)",,,Nuit avec éclairage allumé,En agglomération,Hors intersection,Brouillard / fumée,Autre collision,,,,,,,,,,,5,2,1,5.0,6
201400033478,0014-11-15 16:15:00,14,11,15,16,15,670,482,"0, FRANCS BOURGEOIS (RUE",,,Crépuscule ou aube,En agglomération,Hors intersection,Pluie légère,Deux véhicules - côté,,,,,,,,,,,2,2,1,2.0,3
201400033479,0014-11-15 16:45:00,14,11,15,16,45,670,482,"0, PIERRE PFLIMLIN (BOUL",,,Nuit avec éclairage allumé,En agglomération,Hors intersection,Pluie forte,Deux véhicules - côté,,,,,,,,,,,5,2,1,3.0,3
201400033480,0014-11-16 01:10:00,14,11,16,1,10,670,482,"0, DOUBS (RUE DU)",,,Nuit avec éclairage allumé,En agglomération,Intersection en T,Normale,Deux véhicules - côté,,,,,,,,,,,5,2,3,1.0,3
201400033481,0014-11-17 18:20:00,14,11,17,18,20,670,482,"0, LANDSBERG (RUE DU)",,,Nuit avec éclairage allumé,En agglomération,Intersection en T,Pluie légère,Deux véhicules - côté,,,,,,,,,,,5,2,3,2.0,3
201400033482,0014-11-18 08:55:00,14,11,18,8,55,670,482,"0, MARYSE BASTIE (RUE)",,,Plein jour,En agglomération,Intersection en X,Normale,Deux véhicules - côté,,,,,,,,,,,1,2,2,1.0,3
201400033483,0014-11-18 13:10:00,14,11,18,13,10,670,482,"0, BATELIERS (QUAI DES)",,,Plein jour,En agglomération,Hors intersection,Normale,Autre collision,,,,,,,,,,,1,2,1,1.0,6
201400033484,0014-11-19 11:50:00,14,11,19,11,50,670,482,"0, GENERAL ROUVILLOIS (A",,,Plein jour,En agglomération,Intersection en T,Normale,Autre collision,,,,,,,,,,,1,2,3,1.0,6
201400033485,0014-11-19 12:10:00,14,11,19,12,10,670,482,"34, KRUTENAU (RUE DE LA)",,,Plein jour,En agglomération,Hors intersection,Normale,Autre collision,,,,,,,,,,,1,2,1,1.0,6
201400033486,0014-11-19 17:15:00,14,11,19,17,15,670,218,"6, STRASBOURG (ROUTE DE)",,,Nuit avec éclairage allumé,En agglomération,Hors intersection,Normale,Autre collision,,,,,,,,,,,5,2,1,1.0,6
201400033487,0014-11-20 08:35:00,14,11,20,8,35,670,482,"0, SCHUTZENBERGER (AVENU",,,Plein jour,Hors agglomération,Intersection en T,Normale,Autre collision,,,,,,,,,,,1,1,3,1.0,6
201400033488,0014-11-23 19:30:00,14,11,23,19,30,670,482,"140, POLYGONE (ROUTE DU)",,,Nuit avec éclairage allumé,En agglomération,Intersection en T,Pluie légère,Autre collision,,,,,,,,,,,5,2,3,2.0,6
201400033489,0014-11-24 07:55:00,14,11,24,7,55,670,482,"0, ARTHUR RIMBAUD (RUE)",,,Plein jour,En agglomération,Intersection en Y,Normale,Autre collision,,,,,,,,,,,1,2,4,1.0,6
201400033490,0014-11-24 17:50:00,14,11,24,17,50,670,447,PIERRE MENDES FRANCE (AV,,,Nuit avec éclairage allumé,En agglomération,Intersection en T,Normale,Deux véhicules - côté,,,,,,,,,,,5,2,3,1.0,3
201400033491,0014-11-26 07:56:00,14,11,26,7,56,670,482,"0, HOPITAL (ROUTE DE L )",,,Plein jour,En agglomération,Hors intersection,Normale,Autre collision,,,,,,,,,,,1,2,1,1.0,6
201400033492,0014-11-27 16:30:00,14,11,27,16,30,670,482,"76, LANGUEDOC (RUE DU)",,,Crépuscule ou aube,En agglomération,Intersection en X,Normale,Deux véhicules - côté,,,,,,,,,,,2,2,2,1.0,3
201400033493,0014-11-27 19:15:00,14,11,27,19,15,670,482,"0, LUBECK (RUE DE)",,,Nuit avec éclairage allumé,En agglomération,Hors intersection,Pluie légère,Deux véhicules - frontale,,,,,,,,,,,5,2,1,2.0,1
201400033494,0014-11-28 17:20:00,14,11,28,17,20,670,482,"42, JACOUTOT (QUAI)",,,Nuit avec éclairage allumé,En agglomération,Hors intersection,Normale,Autre collision,,,,,,,,,,,5,2,1,1.0,6
201400033495,0014-11-29 01:00:00,14,11,29,1,0,670,43,"0, GEORGES BURGER (RUE)",,,Nuit avec éclairage allumé,En agglomération,Hors intersection,Normale,Deux véhicules - arrière,,,,,,,,,,,5,2,1,1.0,2
201400033496,0014-11-30 04:45:00,14,11,30,4,45,670,482,"30, RHIN TORTU (RUE DU)",,,Nuit avec éclairage allumé,En agglomération,Hors intersection,Normale,Autre collision,,,,,,,,,,,5,2,1,1.0,6
201400033497,0014-12-02 07:50:00,14,12,2,7,50,670,43,"83, PERIGUEUX (AVENUE DE",,,Crépuscule ou aube,En agglomération,Hors intersection,Pluie légère,Trois véhicules et plus - en chaîne,,,,,,,,,,,2,2,1,2.0,4
201400033498,0014-12-02 17:30:00,14,12,2,17,30,670,43,"14, GUIRBADEN (RUE DU)",,,Nuit avec éclairage allumé,En agglomération,Hors intersection,Pluie légère,Autre collision,,,,,,,,,,,5,2,1,2.0,6
201400033499,0014-12-03 07:20:00,14,12,3,7,20,670,482,"0, RHIN (AVENUE DU)",,,Plein jour,En agglomération,Intersection en X,Pluie légère,Deux véhicules - côté,,,,,,,,,,,1,2,2,2.0,3
201400033500,0014-12-03 18:15:00,14,12,3,18,15,670,218,"6, STRASBOURG (ROUTE DE)",,,Nuit avec éclairage allumé,En agglomération,Hors intersection,Normale,Autre collision,,,,,,,,,,,5,2,1,1.0,6
201400033501,0014-12-04 02:28:00,14,12,4,2,28,670,218,"205, LYON (RTE DE)",,,Nuit avec éclairage allumé,En agglomération,Hors intersection,Normale,Autre collision,,,,,,,,,,,5,2,1,1.0,6
201400033502,0014-12-04 08:29:00,14,12,4,8,29,670,482,"19, GENERAL DE GAULLE (A",,,Plein jour,En agglomération,Intersection en T,Normale,Autre collision,,,,,,,,,,,1,2,3,1.0,6
201400033503,0014-12-06 12:54:00,14,12,6,12,54,670,482,"0, TEMPLE NEUF (RUE DU)",,,Plein jour,En agglomération,Hors intersection,Pluie légère,Autre collision,,,,,,,,,,,1,2,1,2.0,6
201400033504,0014-12-09 07:15:00,14,12,9,7,15,670,482,"2, LIBERTE (AVENUE DE LA",,,Nuit avec éclairage allumé,En agglomération,Hors intersection,Pluie légère,Autre collision,,,,,,,,,,,5,2,1,2.0,6
201400033505,0014-12-09 17:45:00,14,12,9,17,45,670,482,"0, HOPITAL (ROUTE DE L )",,,Nuit avec éclairage allumé,En agglomération,Intersection en X,Normale,Deux véhicules - arrière,,,,,,,,,,,5,2,2,1.0,2
201400033506,0014-12-10 22:30:00,14,12,10,22,30,670,218,"0, RHIN (ROUTE DU)",,,Nuit avec éclairage allumé,Hors agglomération,Giratoire,Pluie légère,Sans collision,,,,,,,,,,,5,1,6,2.0,7
201400033507,0014-12-10 22:45:00,14,12,10,22,45,670,482,"0, FOSSE DES TREIZE (RUE",,,Nuit avec éclairage allumé,En agglomération,Intersection en X,Pluie légère,Deux véhicules - côté,,,,,,,,,,,5,2,2,2.0,3
201400033508,0014-12-11 07:20:00,14,12,11,7,20,670,482,"0, VOSGES (AVENUE DES)",,,Nuit avec éclairage allumé,En agglomération,Intersection en X,Pluie légère,Deux véhicules - côté,,,,,,,,,,,5,2,2,2.0,3
201400033509,0014-12-13 17:35:00,14,12,13,17,35,670,482,"0, ROTHAU (RUE DE)",,,Nuit avec éclairage allumé,En agglomération,Hors intersection,Pluie légère,Autre collision,,,,,,,,,,,5,2,1,2.0,6
201400033510,0014-12-14 18:40:00,14,12,14,18,40,670,482,"132, BALE (RUE DE)",,,Nuit sans éclairage public,En agglomération,Intersection en X,Normale,Deux véhicules - côté,,,,,,,,,,,3,2,2,1.0,3
201400033511,0014-12-15 16:15:00,14,12,15,16,15,670,482,"140, SCHIRMECK (ROUTE DE",,,Plein jour,En agglomération,Hors intersection,Normale,Deux véhicules - côté,,,,,,,,,,,1,2,1,1.0,3
201400033512,0014-12-15 17:15:00,14,12,15,17,15,670,482,"0, CHARLES ALTORFFER (QU",,,Nuit avec éclairage allumé,En agglomération,Intersection en T,Normale,Autre collision,,,,,,,,,,,5,2,3,1.0,6
201400033513,0014-12-15 19:00:00,14,12,15,19,0,670,482,"12, ROME (RUE DE)",,,Nuit avec éclairage allumé,En agglomération,Hors intersection,Normale,Deux véhicules - côté,,,,,,,,,,,5,2,1,1.0,3
201400033514,0014-12-16 08:20:00,14,12,16,8,20,670,43,"2, GEORGES BURGER (RUE)",,,Plein jour,En agglomération,Hors intersection,Pluie légère,Trois véhicules et plus - en chaîne,,,,,,,,,,,1,2,1,2.0,4
201400033515,0014-12-16 09:36:00,14,12,16,9,36,670,447,"0, EUROPE (AVENUE DE L )",,,Plein jour,En agglomération,Intersection en X,Pluie légère,Deux véhicules - côté,,,,,,,,,,,1,2,2,2.0,3
201400033516,0014-12-16 11:00:00,14,12,16,11,0,670,482,"8, FRERES EBERTS (RUE DE",,,Plein jour,En agglomération,Hors intersection,Normale,Autre collision,,,,,,,,,,,1,2,1,1.0,6
201400033517,0014-12-16 17:35:00,14,12,16,17,35,670,482,PECHEURS (QUAI DES),,,Nuit avec éclairage allumé,En agglomération,Hors intersection,Pluie légère,Autre collision,,,,,,,,,,,5,2,1,2.0,6
201400033518,0014-12-16 17:35:00,14,12,16,17,35,670,482,"72, JESUITES (RUE DES)",,,Nuit avec éclairage allumé,En agglomération,Hors intersection,Pluie légère,Autre collision,,,,,,,,,,,5,2,1,2.0,6
201400033519,0014-12-16 17:50:00,14,12,16,17,50,670,482,"0, RENAISSANCE (RUE DE L",,,Nuit avec éclairage allumé,En agglomération,Intersection en T,Pluie légère,Deux véhicules - côté,,,,,,,,,,,5,2,3,2.0,3
201400033520,0014-12-17 23:30:00,14,12,17,23,30,670,447,"0, BISCHWILLER (ROUTE DE",,,Nuit avec éclairage allumé,En agglomération,Intersection en T,Temps couvert,Deux véhicules - arrière,,,,,,,,,,,5,2,3,8.0,2
201400033521,0014-12-18 18:35:00,14,12,18,18,35,670,482,"0, TURENNE (RUE DE)",,,Nuit avec éclairage allumé,En agglomération,Hors intersection,Normale,Deux véhicules - côté,,,,,,,,,,,5,2,1,1.0,3
201400033522,0014-12-18 22:40:00,14,12,18,22,40,670,267,"0, CHATEAU (RUE DU)",,,Nuit avec éclairage allumé,En agglomération,Intersection en T,Normale,Deux véhicules - côté,,,,,,,,,,,5,2,3,1.0,3
201400033523,0014-12-19 11:45:00,14,12,19,11,45,670,482,"16, ROUGET DE L ISLE (QU",,,Plein jour,En agglomération,Hors intersection,Normale,Autre collision,,,,,,,,,,,1,2,1,1.0,6
201400033524,0014-12-20 19:45:00,14,12,20,19,45,670,482,"0, LA WANTZENAU (ROUTE D",,,Nuit avec éclairage allumé,En agglomération,Intersection en X,Normale,Deux véhicules - côté,,,,,,,,,,,5,2,2,1.0,3
201400033525,0014-12-22 18:00:00,14,12,22,18,0,670,204,"0, STADE (RUE DU)",,,Nuit avec éclairage allumé,En agglomération,Giratoire,Normale,Deux véhicules - côté,,,,,,,,,,,5,2,6,1.0,3
201400033526,0014-12-23 10:33:00,14,12,23,10,33,670,482,ABBE LEMIRE (RUE DE L ),,,Plein jour,En agglomération,Intersection en X,Normale,Deux véhicules - côté,,,,,,,,,,,1,2,2,1.0,3
201400033527,0014-12-24 14:40:00,14,12,24,14,40,670,482,"0, DOUBS (RUE DU)",,,Plein jour,En agglomération,Intersection en T,Normale,Deux véhicules - côté,,,,,,,,,,,1,2,3,1.0,3
201400033528,0014-12-24 16:55:00,14,12,24,16,55,670,482,"0, SCHIRMECK (ROUTE DE)",,,Nuit avec éclairage allumé,En agglomération,Intersection en T,Normale,Deux véhicules - côté,,,,,,,,,,,5,2,3,1.0,3
201400033529,0014-12-24 19:15:00,14,12,24,19,15,670,482,"38, RHIN (AVENUE DU)",,,Nuit avec éclairage allumé,En agglomération,Hors intersection,Normale,Deux véhicules - arrière,,,,,,,,,,,5,2,1,1.0,2
201400033530,0014-12-27 17:20:00,14,12,27,17,20,670,482,"0, SCHIRMECK (ROUTE DE)",,,Nuit avec éclairage allumé,En agglomération,Hors intersection,Pluie légère,Autre collision,,,,,,,,,,,5,2,1,2.0,6
201400033531,0014-12-27 18:20:00,14,12,27,18,20,670,482,"0, SCHIRMECK (ROUTE DE)",,,Nuit avec éclairage allumé,En agglomération,Hors intersection,Pluie légère,Autre collision,,,,,,,,,,,5,2,1,2.0,6
201400033532,0014-12-27 20:55:00,14,12,27,20,55,670,482,"0, JEAN JAURES (AVENUE)",,,Nuit avec éclairage allumé,En agglomération,Intersection en X,Neige / grêle,Deux véhicules - côté,,,,,,,,,,,5,2,2,4.0,3
201400033533,0014-12-28 03:10:00,14,12,28,3,10,670,482,"0, LAUSANNE (RUE DE)",,,Nuit avec éclairage allumé,En agglomération,Intersection en T,Neige / grêle,Autre collision,,,,,,,,,,,5,2,3,4.0,6
201400033534,0014-12-30 01:05:00,14,12,30,1,5,670,482,"0, PAUL DOPF",,,Nuit avec éclairage allumé,En agglomération,Hors intersection,Neige / grêle,Deux véhicules - frontale,,,,,,,,,,,5,2,1,4.0,1
201400033535,0014-01-15 18:09:00,14,1,15,18,9,680,66,"170, STRASBOURG (ROUTE D",48.09069,7.36008,Nuit sans éclairage public,En agglomération,Hors intersection,Normale,Autre collision,,,,,,,,,,,3,2,1,1.0,6
201400033536,0014-01-16 17:20:00,14,1,16,17,20,680,66,"8, POINCARE (AVENUE RAYM",48.07136,7.34989,Nuit avec éclairage allumé,En agglomération,Intersection en X,Normale,Autre collision,,,,,,,,,,,5,2,2,1.0,6
201400033537,0014-01-21 17:36:00,14,1,21,17,36,680,66,"1, ALSACE (RUE D')",48.08102,7.36415,Nuit avec éclairage allumé,En agglomération,Hors intersection,Normale,Autre collision,,,,,,,,,,,5,2,1,1.0,6
201400033538,0014-01-10 15:30:00,14,1,10,15,30,680,66,"10, JONQUILLES (RUE DES)",48.06916,7.36301,Plein jour,En agglomération,Hors intersection,Normale,Deux véhicules - côté,,,,,,,,,,,1,2,1,1.0,3
201400033539,0014-01-26 05:47:00,14,1,26,5,47,680,66,"1, KIENER (RUE ANDRE)",48.09607,7.36831,Nuit avec éclairage allumé,En agglomération,Hors intersection,Normale,Autre collision,,,,,,,,,,,5,2,1,1.0,6
201400033540,0014-02-03 11:17:00,14,2,3,11,17,680,66,"28, LIBERTE (AVENUE DE L",48.07731,7.33689,Plein jour,En agglomération,Hors intersection,Normale,Deux véhicules - côté,,,,,,,,,,,1,2,1,1.0,3