accident_id,datetime,annee,mois,jour,heure,minute,departement,commune_insee,adresse,latitude,longitude,luminosite,agglomeration,intersection,meteo,collision,nb_vehicules,nb_usagers,nb_indemnes,nb_tues,nb_blesses_hosp,nb_blesses_legers,age_cond_1,age_cond_2,veh_type_cond_1,veh_type_cond_2,lum_code,agg_code,int_code,atm_code,col_code
201400033541,0014-02-07 12:00:00,14,2,7,12,0,680,66,"10, SCHUMANN (RUE)",48.08079,7.33428,Plein jour,En agglomération,Intersection en T,Normale,Deux véhicules - côté,,,,,,,,,,,1,2,3,1.0,3
201400033542,0014-02-18 23:59:00,14,2,18,23,59,680,66,"43, GRILLENBREIT (RUE DU",48.07775,7.36992,Nuit avec éclairage allumé,En agglomération,Hors intersection,Normale,Trois véhicules et plus - collisions multiples,,,,,,,,,,,5,2,1,1.0,5
201400033543,0014-02-21 15:58:00,14,2,21,15,58,680,66,"1, GOLBERY (RUE)",48.08128,7.35816,Plein jour,En agglomération,Intersection en T,Normale,Deux véhicules - côté,,,,,,,,,,,1,2,3,1.0,3
201400033544,0014-03-20 17:48:00,14,3,20,17,48,680,66,LADHOF (RUE DU),48.09435,7.37381,Plein jour,En agglomération,Autre intersection,Normale,Deux véhicules - côté,,,,,,,,,,,1,2,9,1.0,3
201400033545,0014-03-20 15:41:00,14,3,20,15,41,680,66,"39, LIBERTE (AVENUE DE L",48.07743,7.33596,Plein jour,En agglomération,Intersection en X,Normale,Deux véhicules - côté,,,,,,,,,,,1,2,2,1.0,3
201400033546,0014-03-27 16:04:00,14,3,27,16,4,680,66,"1, SCHWENDI (RUE)",48.07295,7.36014,Plein jour,En agglomération,Intersection en X,Normale,Autre collision,,,,,,,,,,,1,2,2,1.0,6
201400033547,0014-04-12 12:15:00,14,4,12,12,15,680,66,"1, SELESTAT (ROUTE DE)",48.08176,7.36378,Plein jour,En agglomération,Hors intersection,Normale,Autre collision,,,,,,,,,,,1,2,1,1.0,6
201400033548,0014-04-24 18:50:00,14,4,24,18,50,680,66,INGERSHEIM (ROUTE D'),48.08703,7.32906,Plein jour,En agglomération,Hors intersection,Normale,Deux véhicules - côté,,,,,,,,,,,1,2,1,1.0,3
201400033549,0014-04-29 10:30:00,14,4,29,10,30,680,66,7 rue du Tokay,48.08976,7.34581,Plein jour,En agglomération,Hors intersection,Normale,Autre collision,,,,,,,,,,,1,2,1,1.0,6
201400033550,0014-05-07 15:56:00,14,5,7,15,56,680,66,NOYER (RUE DU),48.08865,7.37146,Plein jour,En agglomération,Hors intersection,Normale,Autre collision,,,,,,,,,,,1,2,1,1.0,6
201400033551,0014-05-07 11:46:00,14,5,7,11,46,680,66,VAL SAINT GREGOIRE (RUE,48.08096,7.34671,Plein jour,En agglomération,Intersection en X,Normale,Autre collision,,,,,,,,,,,1,2,2,1.0,6
201400033552,0014-05-10 10:02:00,14,5,10,10,2,680,66,"1, REY (AVENUE JOSEPH)",48.09426,7.36206,Plein jour,En agglomération,Hors intersection,Normale,Deux véhicules - arrière,,,,,,,,,,,1,2,1,1.0,2
201400033553,0014-05-14 17:44:00,14,5,14,17,44,680,66,"12, PAPIN (RUE DENIS)",48.11043,7.37689,Plein jour,En agglomération,Giratoire,Normale,Deux véhicules - côté,,,,,,,,,,,1,2,6,1.0,3
201400033554,0014-06-06 08:20:00,14,6,6,8,20,680,66,"10, ALSACE (RUE D')",48.08019,7.36455,Plein jour,En agglomération,Intersection en X,Normale,Sans collision,,,,,,,,,,,1,2,2,1.0,7
201400033555,0014-07-15 09:05:00,14,7,15,9,5,680,66,"28, TROIS CHATEAUX (RUE",48.07212,7.33265,Plein jour,En agglomération,Intersection en T,Normale,Trois véhicules et plus - en chaîne,,,,,,,,,,,1,2,3,1.0,4
201400033556,0014-07-25 08:15:00,14,7,25,8,15,680,66,LOGELBACH ( RUE DU),48.08305,7.33321,Plein jour,En agglomération,Hors intersection,Normale,Autre collision,,,,,,,,,,,1,2,1,1.0,6
201400033557,0014-07-17 19:05:00,14,7,17,19,5,680,66,"160, LADHOF (RUE DU)",48.09575,7.37535,Plein jour,Hors agglomération,Giratoire,Normale,Deux véhicules - côté,,,,,,,,,,,1,1,6,1.0,3
201400033558,0014-08-04 11:30:00,14,8,4,11,30,680,66,ALSACE (RUE D'),48.08024,7.36461,Plein jour,En agglomération,Intersection en X,Normale,Deux véhicules - côté,,,,,,,,,,,1,2,2,1.0,3
201400033559,0014-09-07 16:05:00,14,9,7,16,5,680,66,NEULAND (CHEMIN DU),48.05116,7.40105,Plein jour,Hors agglomération,Hors intersection,Normale,Autre collision,,,,,,,,,,,1,1,1,1.0,6
201400033560,0014-08-08 07:53:00,14,8,8,7,53,680,66,"0, LAVOISIER (RUE)",48.10281,7.37528,Plein jour,En agglomération,Intersection en T,Normale,Deux véhicules - arrière,,,,,,,,,,,1,2,3,1.0,2
201400033561,0014-09-16 09:25:00,14,9,16,9,25,680,66,"7, REY (AVENUE JOSEPH)",48.09559,7.36876,Plein jour,Hors agglomération,Hors intersection,Normale,Deux véhicules - côté,,,,,,,,,,,1,1,1,1.0,3
201400033562,0014-10-06 17:40:00,14,10,6,17,40,680,66,SCHLUMBERGER (RUE CAMILL,48.07411,7.35247,Plein jour,En agglomération,Intersection à plus de 4 branches,Normale,Deux véhicules - côté,,,,,,,,,,,1,2,5,1.0,3
201400033563,0014-10-03 17:17:00,14,10,3,17,17,680,66,"0, LOGELBACH ( RUE DU)",,,Plein jour,En agglomération,Hors intersection,Normale,Autre collision,,,,,,,,,,,1,2,1,1.0,6
201400033564,0014-10-09 17:40:00,14,10,9,17,40,680,66,"7, BRUAT (RUE)",48.07418,7.35262,Plein jour,En agglomération,Intersection à plus de 4 branches,Pluie légère,Autre collision,,,,,,,,,,,1,2,5,2.0,6
201400033565,0014-10-13 08:10:00,14,10,13,8,10,680,66,"29, CLEFS (RUE DES)",48.07863,7.35942,Plein jour,En agglomération,Intersection en X,Normale,Autre collision,,,,,,,,,,,1,2,2,1.0,6
201400033566,0014-10-16 18:29:00,14,10,16,18,29,680,66,"1, SELESTAT (ROUTE DE)",48.08519,7.36167,Plein jour,En agglomération,Hors intersection,Normale,Trois véhicules et plus - en chaîne,,,,,,,,,,,1,2,1,1.0,4
201400033567,0014-10-31 15:45:00,14,10,31,15,45,680,66,ROUFFACH (ROUTE DE),48.067,7.34325,Plein jour,En agglomération,Intersection en T,Normale,Deux véhicules - côté,,,,,,,,,,,1,2,3,1.0,3
201400033568,0014-11-03 08:25:00,14,11,3,8,25,680,66,"16, REY (AVENUE JOSEPH)",48.09557,7.36874,Plein jour,Hors agglomération,Giratoire,Normale,Autre collision,,,,,,,,,,,1,1,6,1.0,6
201400033569,0014-11-04 18:30:00,14,11,4,18,30,680,66,"4, DE GAULLE (AVENUE DU",48.07721,7.34795,Nuit avec éclairage allumé,En agglomération,Hors intersection,Pluie légère,Deux véhicules - côté,,,,,,,,,,,5,2,1,2.0,3
201400033570,0014-11-10 17:17:00,14,11,10,17,17,680,66,"29, EST (RUE DE L')",48.07699,7.36433,Nuit avec éclairage allumé,En agglomération,Intersection en X,Pluie légère,Autre collision,,,,,,,,,,,5,2,2,2.0,6
201400033571,0014-11-16 19:10:00,14,11,16,19,10,680,66,"face 5, GARE (RUE DE LA)",48.07602,7.34908,Nuit avec éclairage allumé,En agglomération,Hors intersection,Pluie légère,Deux véhicules - frontale,,,,,,,,,,,5,2,1,2.0,1
201400033572,0014-11-10 17:20:00,14,11,10,17,20,680,66,ROME (AVENUE DE),48.07447,7.33392,Nuit sans éclairage public,Hors agglomération,Intersection en X,Pluie légère,Autre collision,,,,,,,,,,,3,1,2,2.0,6
201400033573,0014-12-05 17:10:00,14,12,5,17,10,680,66,"14, REY (AVENUE JOSEPH)",48.09496,7.36417,Nuit avec éclairage allumé,Hors agglomération,Hors intersection,Brouillard / fumée,Autre collision,,,,,,,,,,,5,1,1,5.0,6
201400033574,0014-12-16 05:50:00,14,12,16,5,50,680,66,"139, INGERSHEIM (ROUTE D",48.08744,7.32702,Nuit avec éclairage allumé,En agglomération,Intersection en T,Normale,Deux véhicules - côté,,,,,,,,,,,5,2,3,1.0,3
201400033575,0014-12-22 17:55:00,14,12,22,17,55,680,66,LORRAINE (AVENUE DE),48.09333,7.35722,Nuit avec éclairage allumé,Hors agglomération,Hors intersection,Normale,Autre collision,,,,,,,,,,,5,1,1,1.0,6
201400033576,0014-04-11 21:53:00,14,4,11,21,53,680,66,"2, AMSTERDAM ( RUE D')",48.0778,7.32693,Nuit avec éclairage allumé,En agglomération,Intersection en X,Normale,Deux véhicules - côté,,,,,,,,,,,5,2,2,1.0,3
201400033577,0014-04-26 18:00:00,14,4,26,18,0,680,66,"39, LIBERTE (AVENUE DE L",48.07721,7.33681,Plein jour,En agglomération,Hors intersection,Normale,Deux véhicules - côté,,,,,,,,,,,1,2,1,1.0,3
201400033578,0014-04-29 18:39:00,14,4,29,18,39,680,66,"1, PARIS (AVENUE DE)",48.07013,7.32648,Plein jour,En agglomération,Intersection en T,Normale,Autre collision,,,,,,,,,,,1,2,3,1.0,6
201400033579,0014-05-15 18:20:00,14,5,15,18,20,680,66,"70, NEULAND (CHEMIN DU)",48.05106,7.40118,Plein jour,Hors agglomération,Hors intersection,Normale,Deux véhicules - côté,,,,,,,,,,,1,1,1,1.0,3
201400033580,0014-09-14 04:48:00,14,9,14,4,48,680,66,"72, STRASBOURG (ROUTE DE",,,Nuit avec éclairage allumé,Hors agglomération,Hors intersection,Normale,Autre collision,,,,,,,,,,,5,1,1,1.0,6
201400033581,0014-10-07 18:43:00,14,10,7,18,43,680,66,BLAISE PASCAL (Rue) 9,48.09097,7.3759,Nuit avec éclairage allumé,En agglomération,Hors intersection,Pluie légère,Autre collision,,,,,,,,,,,5,2,1,2.0,6
201400033582,0014-10-12 06:15:00,14,10,12,6,15,680,66,ALSACE (AVENUE D)122,48.06885,7.36506,Crépuscule ou aube,En agglomération,Hors intersection,Normale,Autre collision,,,,,,,,,,,2,2,1,1.0,6
201400033583,0014-10-24 00:02:00,14,10,24,0,2,680,66,"7, FOIRE AUX VINS (AVENU",,,Nuit avec éclairage allumé,Hors agglomération,Hors intersection,Normale,Autre collision,,,,,,,,,,,5,1,1,1.0,6
201400033584,0014-10-30 09:19:00,14,10,30,9,19,680,66,"10, ETROITE (RUE)",,,Plein jour,En agglomération,Hors intersection,Normale,Autre collision,,,,,,,,,,,1,2,1,1.0,6
201400033585,0014-11-12 17:45:00,14,11,12,17,45,680,66,MESANGES (RUE DES) 23,48.08556,7.33514,Nuit sans éclairage public,En agglomération,Hors intersection,Pluie légère,Autre collision,,,,,,,,,,,3,2,1,2.0,6
201400033586,0014-11-20 12:20:00,14,11,20,12,20,680,66,"1, PARIS (AVENUE DE)",48.08071,7.33421,Plein jour,En agglomération,Intersection en T,Normale,Deux véhicules - côté,,,,,,,,,,,1,2,3,1.0,3
201400033587,0014-01-06 17:10:00,14,1,6,17,10,680,224,"12, MARTIN (RUE JEAN)",47.75454,7.30996,Nuit avec éclairage allumé,En agglomération,Hors intersection,Normale,Autre collision,,,,,,,,,,,5,2,1,1.0,6
201400033588,0014-01-14 17:35:00,14,1,14,17,35,680,224,"16, DE LATTRE DE TASSIGN",47.74637,7.34318,Nuit avec éclairage allumé,En agglomération,Hors intersection,Pluie légère,Autre collision,,,,,,,,,,,5,2,1,2.0,6
201400033589,0014-01-15 07:30:00,14,1,15,7,30,680,224,"61, FLANDRES (RUE DES)",47.76067,7.36388,Crépuscule ou aube,En agglomération,Hors intersection,Normale,Autre collision,,,,,,,,,,,2,2,1,1.0,6
201400033590,0014-01-17 13:05:00,14,1,17,13,5,680,224,STRICKER (ROND-POINT GUS,47.74044,7.3204,Plein jour,En agglomération,Giratoire,Normale,Deux véhicules - côté,,,,,,,,,,,1,2,6,1.0,3
201400033591,0014-01-27 11:20:00,14,1,27,11,20,680,56,"338, AV D'ALTKIRCH",47.72298,7.31923,Plein jour,En agglomération,Giratoire,Normale,Deux véhicules - côté,,,,,,,,,,,1,2,6,1.0,3
201400033592,0014-01-28 14:15:00,14,1,28,14,15,680,224,"1, PEPINIERE (RUE DE LA)",47.72782,7.34774,Plein jour,En agglomération,Giratoire,Normale,Autre collision,,,,,,,,,,,1,2,6,1.0,6
201400033593,0014-01-30 18:25:00,14,1,30,18,25,680,224,"20, THANN (RUE DE)",47.74771,7.3097,Nuit avec éclairage allumé,En agglomération,Hors intersection,Normale,Autre collision,,,,,,,,,,,5,2,1,1.0,6
201400033594,0014-01-31 14:23:00,14,1,31,14,23,680,224,"20, PREISS (RUE JACQUES)",47.74446,7.3321,Plein jour,En agglomération,Hors intersection,Normale,Autre collision,,,,,,,,,,,1,2,1,1.0,6
201400033595,0014-02-06 11:40:00,14,2,6,11,40,680,224,"126, SCHUMAN (AVENUE ROB",47.75874,7.35043,Plein jour,En agglomération,Hors intersection,Normale,Deux véhicules - côté,,,,,,,,,,,1,2,1,1.0,3
201400033596,0014-02-09 18:25:00,14,2,9,18,25,680,224,VAUBAN (RUE),47.75973,7.34419,Crépuscule ou aube,En agglomération,Intersection en X,Normale,Autre collision,,,,,,,,,,,2,2,2,1.0,6
201400033597,0014-02-12 20:35:00,14,2,12,20,35,680,224,"167, BRIAND (AVENUE ARIS",47.74641,7.31255,Nuit avec éclairage allumé,En agglomération,Hors intersection,Normale,Autre collision,,,,,,,,,,,5,2,1,1.0,6
201400033598,0014-02-12 09:45:00,14,2,12,9,45,680,224,"9, RABBINS (RUE DES)",47.74426,7.33315,Plein jour,En agglomération,Hors intersection,Normale,Deux véhicules - arrière,,,,,,,,,,,1,2,1,1.0,2
201400033599,0014-02-12 12:05:00,14,2,12,12,5,680,224,"74, THIERSTEIN (RUE)",47.7577,7.32043,Plein jour,En agglomération,Giratoire,Normale,Deux véhicules - côté,,,,,,,,,,,1,2,6,1.0,3
201400033600,0014-02-14 17:05:00,14,2,14,17,5,680,224,"22, SCHWILGUE (RUE)",47.75009,7.3275,Plein jour,En agglomération,Intersection en X,Normale,Deux véhicules - côté,,,,,,,,,,,1,2,2,1.0,3
201400033601,0014-02-20 08:15:00,14,2,20,8,15,680,224,"36, SALENGRO (AVENUE ROG",47.75008,7.34565,Plein jour,En agglomération,Intersection en X,Normale,Deux véhicules - côté,,,,,,,,,,,1,2,2,1.0,3
201400033602,0014-02-20 16:25:00,14,2,20,16,25,680,224,"1, ARTOIS (RUE D')",47.75777,7.36135,Plein jour,En agglomération,Hors intersection,Normale,Autre collision,,,,,,,,,,,1,2,1,1.0,6
201400033603,0014-02-21 20:57:00,14,2,21,20,57,680,224,AUTOROUTE A 36,47.77273,7.37545,Nuit avec éclairage non allumé,Hors agglomération,Hors intersection,Normale,Autre collision,,,,,,,,,,,4,1,1,1.0,6
201400033604,0014-02-22 09:00:00,14,2,22,9,0,680,224,"27, ARC (RUE JEANNE D')",47.7725,7.31885,Plein jour,En agglomération,Hors intersection,Normale,Autre collision,,,,,,,,,,,1,2,1,1.0,6
201400033605,0014-02-26 07:58:00,14,2,26,7,58,680,224,AUTOROUTE A 36,47.77239,7.38045,Plein jour,Hors agglomération,Hors intersection,Pluie légère,Trois véhicules et plus - en chaîne,,,,,,,,,,,1,1,1,2.0,4
201400033606,0014-03-10 12:00:00,14,3,10,12,0,680,224,GRUNEWALD (RUE MATHIAS),47.73799,7.29545,Plein jour,En agglomération,Giratoire,Normale,Deux véhicules - côté,,,,,,,,,,,1,2,6,1.0,3
201400033607,0014-03-13 11:05:00,14,3,13,11,5,680,224,"22, THANN (RUE DE)",47.74958,7.30648,Plein jour,En agglomération,Hors intersection,Normale,Autre collision,,,,,,,,,,,1,2,1,1.0,6
201400033608,0014-03-14 20:00:00,14,3,14,20,0,680,224,KATZ (ALLEE NATHAN),47.75282,7.34644,Nuit sans éclairage public,En agglomération,Hors intersection,Normale,Autre collision,,,,,,,,,,,3,2,1,1.0,6
201400033609,0014-03-25 16:20:00,14,3,25,16,20,680,256,"26, RICHWILLER (RUE DE)",47.77013,7.30431,Plein jour,En agglomération,Hors intersection,Normale,Autre collision,,,,,,,,,,,1,2,1,1.0,6
201400033610,0014-03-26 19:52:00,14,3,26,19,52,680,224,THIERSTEIN (RUE),47.75959,7.32432,Nuit avec éclairage allumé,En agglomération,Giratoire,Normale,Trois véhicules et plus - en chaîne,,,,,,,,,,,5,2,6,1.0,4
201400033611,0014-03-28 18:25:00,14,3,28,18,25,680,224,"119, ILLZACH (RUE D')",47.7572,7.34463,Plein jour,En agglomération,Hors intersection,Normale,Autre collision,,,,,,,,,,,1,2,1,1.0,6
201400033612,0014-03-30 13:30:00,14,3,30,13,30,680,224,AUTOROUTE A 36,47.74836,7.27664,Plein jour,Hors agglomération,Hors intersection,Normale,Sans collision,,,,,,,,,,,1,1,1,1.0,7
201400033613,0014-03-30 20:35:00,14,3,30,20,35,680,271,"66, COURONNE (RUE DE LA)",47.74273,7.35885,Nuit avec éclairage allumé,En agglomération,Hors intersection,Normale,Autre collision,,,,,,,,,,,5,2,1,1.0,6
201400033614,0014-04-07 11:28:00,14,4,7,11,28,680,224,"40, ILL (RUE DE L')",47.76156,7.35696,Plein jour,En agglomération,Hors intersection,Normale,Autre collision,,,,,,,,,,,1,2,1,1.0,6
201400033615,0014-04-14 12:10:00,14,4,14,12,10,680,224,"4, LECLERC (AVENUE DU GE",47.74119,7.33957,Plein jour,En agglomération,Hors intersection,Normale,Autre collision,,,,,,,,,,,1,2,1,1.0,6
201400033616,0014-04-14 12:30:00,14,4,14,12,30,680,224,"136, SOULTZ (RUE DE)",47.77518,7.32013,Plein jour,En agglomération,Hors intersection,Normale,Deux véhicules - côté,,,,,,,,,,,1,2,1,1.0,3
201400033617,0014-04-19 14:56:00,14,4,19,14,56,680,271,"6, STADE (RUE DU)",47.74643,7.35717,Plein jour,En agglomération,Hors intersection,Normale,Autre collision,,,,,,,,,,,1,2,1,1.0,6
201400033618,0014-04-20 20:05:00,14,4,20,20,5,680,224,"10, CEZANNE (RUE PAUL)",47.73533,7.29202,Plein jour,En agglomération,Hors intersection,Normale,Deux véhicules - arrière,,,,,,,,,,,1,2,1,1.0,2
201400033619,0014-04-22 22:05:00,14,4,22,22,5,680,224,DREYFUS (RUE DU CAPITAIN,47.75245,7.34677,Nuit avec éclairage allumé,En agglomération,Intersection à plus de 4 branches,Normale,Deux véhicules - côté,,,,,,,,,,,5,2,5,1.0,3
201400033620,0014-04-26 22:20:00,14,4,26,22,20,680,224,"31, BRIAND (AVENUE ARIST",47.74922,7.32638,Nuit avec éclairage allumé,En agglomération,Hors intersection,Pluie forte,Autre collision,,,,,,,,,,,5,2,1,3.0,6
201400033621,0014-04-30 22:05:00,14,4,30,22,5,680,224,ROMAINS (RUE DES),47.77161,7.31387,Nuit avec éclairage non allumé,En agglomération,Intersection en X,Normale,Deux véhicules - côté,,,,,,,,,,,4,2,2,1.0,3
201400033622,0014-05-09 14:25:00,14,5,9,14,25,680,256,"39, REPUBLIQUE (RUE DE L",47.76607,7.3158,Plein jour,En agglomération,Hors intersection,Normale,Autre collision,,,,,,,,,,,1,2,1,1.0,6
201400033623,0014-05-10 16:45:00,14,5,10,16,45,680,224,SAINT-NAZAIRE (RUE DE),47.77174,7.33124,Plein jour,En agglomération,Giratoire,Normale,Autre collision,,,,,,,,,,,1,2,6,1.0,6
201400033624,0014-05-15 16:45:00,14,5,15,16,45,680,224,SINNE (RUE DE LA),47.74498,7.3392,Plein jour,En agglomération,Intersection en X,Normale,Autre collision,,,,,,,,,,,1,2,2,1.0,6
201400033625,0014-05-25 20:25:00,14,5,25,20,25,680,224,"17, FILATURE (RUE DE LA)",47.75254,7.33318,Plein jour,En agglomération,Hors intersection,Normale,Autre collision,,,,,,,,,,,1,2,1,1.0,6
201400033626,0014-05-31 16:30:00,14,5,31,16,30,680,224,"50, ZILLISHEIM (RUE DE)",47.74335,7.33386,Plein jour,En agglomération,Giratoire,Normale,Trois véhicules et plus - en chaîne,,,,,,,,,,,1,2,6,1.0,4
201400033627,0014-06-07 12:22:00,14,6,7,12,22,680,224,"136, ROMAINS (RUE DES)",47.77634,7.3293,Plein jour,En agglomération,Intersection en X,Normale,Autre collision,,,,,,,,,,,1,2,2,1.0,6
201400033628,0014-06-11 08:20:00,14,6,11,8,20,680,56,ASHE (rue Arthur),47.72954,7.32114,Plein jour,En agglomération,Giratoire,Normale,Autre collision,,,,,,,,,,,1,2,6,1.0,6
201400033629,0014-06-12 09:55:00,14,6,12,9,55,680,224,"09, SYNAGOGUE (RUE DE LA",47.74494,7.33463,Plein jour,En agglomération,Intersection en X,Normale,Deux véhicules - côté,,,,,,,,,,,1,2,2,1.0,3
201400033630,0014-06-12 10:31:00,14,6,12,10,31,680,224,BRIAND (AVENUE ARISTIDE),47.75001,7.32859,Plein jour,En agglomération,Intersection en T,Normale,Deux véhicules - côté,,,,,,,,,,,1,2,3,1.0,3
201400033631,0014-06-14 13:00:00,14,6,14,13,0,680,224,ROMAINS (RUE DES),47.77843,7.33383,Plein jour,En agglomération,Giratoire,Normale,Deux véhicules - côté,,,,,,,,,,,1,2,6,1.0,3
201400033632,0014-06-18 17:35:00,14,6,18,17,35,680,224,"20, SPOERRY (Rue Fran?oi",47.73951,7.33141,Plein jour,En agglomération,Hors intersection,Normale,Autre collision,,,,,,,,,,,1,2,1,1.0,6
201400033633,0014-06-20 17:00:00,14,6,20,17,0,680,224,"69, BELFORT (RUE DE)",47.73752,7.28834,Plein jour,En agglomération,Giratoire,Normale,Deux véhicules - arrière,,,,,,,,,,,1,2,6,1.0,2
201400033634,0014-06-20 09:15:00,14,6,20,9,15,680,256,"146, RICHWILLER (RUE DE)",47.77504,7.29627,Plein jour,En agglomération,Hors intersection,Normale,Autre collision,,,,,,,,,,,1,2,1,1.0,6
201400033635,0014-06-23 02:00:00,14,6,23,2,0,680,224,NATIONS (BOULEVARD DES),47.73138,7.30766,Nuit avec éclairage allumé,En agglomération,Giratoire,Normale,Sans collision,,,,,,,,,,,5,2,6,1.0,7
201400033636,0014-06-28 13:05:00,14,6,28,13,5,680,224,"70, STRASBOURG (RUE DE)",,,Plein jour,En agglomération,Intersection en X,Normale,Autre collision,,,,,,,,,,,1,2,2,1.0,6
201400033637,0014-07-01 19:40:00,14,7,1,19,40,680,224,"1, LIBERTE (PLACE DE LA)",47.75153,7.34087,Plein jour,En agglomération,Intersection en T,Normale,Autre collision,,,,,,,,,,,1,2,3,1.0,6
201400033638,0014-07-04 15:15:00,14,7,4,15,15,680,224,COUBERTIN (RUE PIERRE DE,,,Plein jour,En agglomération,Hors intersection,Normale,Autre collision,,,,,,,,,,,1,2,1,1.0,6
201400033639,0014-07-11 12:20:00,14,7,11,12,20,680,224,"33, JUIN (AVENUE ALPHONS",47.75424,7.35349,Plein jour,En agglomération,Intersection en T,Normale,Autre collision,,,,,,,,,,,1,2,3,1.0,6
201400033640,0014-07-11 15:40:00,14,7,11,15,40,680,224,"24, FABRIQUES (RUE DES)",47.74759,7.32596,Plein jour,En agglomération,Hors intersection,Pluie forte,Deux véhicules - arrière,,,,,,,,,,,1,2,1,3.0,2
201400033641,0014-07-18 00:25:00,14,7,18,0,25,680,224,"49, FABRIQUES (RUE DES)",47.74839,7.32479,Nuit avec éclairage allumé,En agglomération,Hors intersection,Normale,Autre collision,,,,,,,,,,,5,2,1,1.0,6
201400033642,0014-07-19 18:27:00,14,7,19,18,27,680,224,"38, COLMAR (AVENUE DE)",47.75246,7.33757,Plein jour,En agglomération,Hors intersection,Normale,Autre collision,,,,,,,,,,,1,2,1,1.0,6
201400033643,0014-08-01 00:07:00,14,8,1,0,7,680,224,"32, VAUBAN (RUE)",47.75668,7.33801,Nuit avec éclairage allumé,En agglomération,Intersection en X,Normale,Deux véhicules - côté,,,,,,,,,,,5,2,2,1.0,3
201400033644,0014-08-06 14:06:00,14,8,6,14,6,680,224,"4, MARSEILLAISE (BOULEVA",47.75831,7.33443,Plein jour,En agglomération,Hors intersection,Normale,Autre collision,,,,,,,,,,,1,2,1,1.0,6
201400033645,0014-08-07 18:40:00,14,8,7,18,40,680,224,"3, BONNES GENS (RUE DES)",47.74501,7.34514,Plein jour,En agglomération,Intersection en X,Normale,Deux véhicules - côté,,,,,,,,,,,1,2,2,1.0,3
201400033646,0014-08-14 18:52:00,14,8,14,18,52,680,224,THENARD (RUE),,,Plein jour,En agglomération,Autre intersection,Normale,Sans collision,,,,,,,,,,,1,2,9,1.0,7
201400033647,0014-08-15 21:06:00,14,8,15,21,6,680,224,"50, BRUSTLEIN (RUE)",47.75333,7.30893,Nuit avec éclairage allumé,En agglomération,Intersection en T,Pluie forte,Deux véhicules - côté,,,,,,,,,,,5,2,3,3.0,3
201400033648,0014-08-24 01:50:00,14,8,24,1,50,680,224,STRASBOURG (RUE DE),47.75229,7.32812,Nuit avec éclairage allumé,En agglomération,Intersection en X,Pluie légère,Deux véhicules - côté,,,,,,,,,,,5,2,2,2.0,3
201400033649,0014-08-24 18:45:00,14,8,24,18,45,680,56,"223, AV D'ALTKIRCH",47.72671,7.32136,Plein jour,En agglomération,Hors intersection,Normale,Deux véhicules - frontale,,,,,,,,,,,1,2,1,1.0,1
201400033650,0014-08-30 15:30:00,14,8,30,15,30,680,224,AUTOROUTE A 36,47.77355,7.3623,Plein jour,Hors agglomération,Hors intersection,Normale,Deux véhicules - côté,,,,,,,,,,,1,1,1,1.0,3
201400033651,0014-08-30 18:00:00,14,8,30,18,0,680,56,"235, AV D'ALTKIRCH",47.72584,7.32058,Plein jour,En agglomération,Hors intersection,Normale,Deux véhicules - côté,,,,,,,,,,,1,2,1,1.0,3
201400033652,0014-09-06 18:40:00,14,9,6,18,40,680,224,"183, REPOS (AVENUE DU)",47.76317,7.34647,Plein jour,En agglomération,Hors intersection,Normale,Autre collision,,,,,,,,,,,1,2,1,1.0,6
201400033653,0014-09-08 07:56:00,14,9,8,7,56,680,224,"73, SOULTZ (RUE DE)",47.77061,7.32091,Plein jour,En agglomération,Hors intersection,Normale,Autre collision,,,,,,,,,,,1,2,1,1.0,6
201400033654,0014-09-11 16:30:00,14,9,11,16,30,680,56,ASHE (rue Arthur),,,Plein jour,En agglomération,Hors intersection,Normale,Autre collision,,,,,,,,,,,1,2,1,1.0,6
201400033655,0014-09-12 15:34:00,14,9,12,15,34,680,56,"362, AV D'ALTKIRCH",47.72246,7.31877,Plein jour,En agglomération,Intersection en T,Normale,Autre collision,,,,,,,,,,,1,2,3,1.0,6
201400033656,0014-09-12 20:40:00,14,9,12,20,40,680,56,"1, 19?me Dragon (rue)",47.70908,7.3429,Nuit sans éclairage public,Hors agglomération,Hors intersection,Pluie légère,Deux véhicules - frontale,,,,,,,,,,,3,1,1,2.0,1
201400033657,0014-09-13 17:42:00,14,9,13,17,42,680,224,"8, COLOMBIER (RUE DU)",,,Plein jour,En agglomération,Hors intersection,Normale,Autre collision,,,,,,,,,,,1,2,1,1.0,6
201400033658,0014-09-18 13:42:00,14,9,18,13,42,680,224,"27, WALLACH (BOULEVARD A",47.74152,7.34475,Plein jour,En agglomération,Hors intersection,Normale,Autre collision,,,,,,,,,,,1,2,1,1.0,6
201400033659,0014-09-19 14:35:00,14,9,19,14,35,680,224,"10, ZU-RHEIN (RUE DU CHA",47.74329,7.31535,Plein jour,En agglomération,Hors intersection,Normale,Autre collision,,,,,,,,,,,1,2,1,1.0,6
201400033660,0014-09-21 21:40:00,14,9,21,21,40,680,224,"40, SAUSHEIM (RUE DE)",,,Nuit avec éclairage allumé,En agglomération,Hors intersection,Pluie légère,Autre collision,,,,,,,,,,,5,2,1,2.0,6
201400033661,0014-09-24 13:55:00,14,9,24,13,55,680,224,AUTOROUTE A 36,47.77295,7.34777,Plein jour,Hors agglomération,Hors intersection,Normale,Deux véhicules - côté,,,,,,,,,,,1,1,1,1.0,3