accident_id,datetime,annee,mois,jour,heure,minute,departement,commune_insee,adresse,latitude,longitude,luminosite,agglomeration,intersection,meteo,collision,nb_vehicules,nb_usagers,nb_indemnes,nb_tues,nb_blesses_hosp,nb_blesses_legers,age_cond_1,age_cond_2,veh_type_cond_1,veh_type_cond_2,lum_code,agg_code,int_code,atm_code,col_code
201400033662,0014-09-28 13:30:00,14,9,28,13,30,680,224,"64, LEFEBVRE (RUE)",47.75891,7.34506,Plein jour,En agglomération,Intersection en T,Normale,Autre collision,,,,,,,,,,,1,2,3,1.0,6
201400033663,0014-10-03 16:22:00,14,10,3,16,22,680,224,"51, ILLZACH (RUE D')",47.75392,7.3418,Plein jour,En agglomération,Hors intersection,Normale,Deux véhicules - côté,,,,,,,,,,,1,2,1,1.0,3
201400033664,0014-10-03 17:55:00,14,10,3,17,55,680,224,"85, LEFEBVRE (RUE)",,,Plein jour,En agglomération,Hors intersection,Normale,Autre collision,,,,,,,,,,,1,2,1,1.0,6
201400033665,0014-10-04 11:07:00,14,10,4,11,7,680,224,"50, BRIAND (AVENUE ARIST",47.74907,7.3259,Plein jour,En agglomération,Hors intersection,Normale,Autre collision,,,,,,,,,,,1,2,1,1.0,6
201400033666,0014-10-07 16:15:00,14,10,7,16,15,680,224,"39, TROIS-ROIS (RUE DES)",47.74604,7.33558,Plein jour,En agglomération,Hors intersection,Normale,Deux véhicules - côté,,,,,,,,,,,1,2,1,1.0,3
201400033667,0014-10-10 20:45:00,14,10,10,20,45,680,224,"41, HEILMANN (RUE JOSUE)",,,Nuit avec éclairage allumé,En agglomération,Intersection en X,Normale,Autre collision,,,,,,,,,,,5,2,2,1.0,6
201400033668,0014-10-17 00:05:00,14,10,17,0,5,680,224,"20, ARC (RUE DE L')",,,Nuit avec éclairage allumé,En agglomération,Intersection en T,Pluie légère,Deux véhicules - côté,,,,,,,,,,,5,2,3,2.0,3
201400033669,0014-10-18 17:20:00,14,10,18,17,20,680,224,BELFORT (PASSAGE INFERIE,47.73961,7.30191,Plein jour,En agglomération,Intersection en T,Normale,Deux véhicules - côté,,,,,,,,,,,1,2,3,1.0,3
201400033670,0014-10-19 01:30:00,14,10,19,1,30,680,224,ILE NAPOLEON (RUE DE L'),,,Nuit avec éclairage allumé,En agglomération,Intersection en X,Normale,Deux véhicules - côté,,,,,,,,,,,5,2,2,1.0,3
201400033671,0014-10-19 18:35:00,14,10,19,18,35,680,224,"4, STOESSEL (BOULEVARD C",,,Nuit avec éclairage allumé,En agglomération,Hors intersection,Normale,Deux véhicules - arrière,,,,,,,,,,,5,2,1,1.0,2
201400033672,0014-10-27 08:30:00,14,10,27,8,30,680,271,"323, BALE (RUE DE)",,,Plein jour,En agglomération,Intersection en T,Normale,Deux véhicules - côté,,,,,,,,,,,1,2,3,1.0,3
201400033673,0014-11-04 07:45:00,14,11,4,7,45,680,224,"60, SAUSHEIM (RUE DE)",,,Crépuscule ou aube,En agglomération,Hors intersection,Normale,Autre collision,,,,,,,,,,,2,2,1,1.0,6
201400033674,0014-11-04 18:10:00,14,11,4,18,10,680,224,"41, CAMUS (RUE ALBERT)",47.7358,7.30681,Nuit avec éclairage allumé,En agglomération,Intersection en T,Normale,Autre collision,,,,,,,,,,,5,2,3,1.0,6
201400033675,0014-11-08 11:45:00,14,11,8,11,45,680,256,"147, REPUBLIQUE (RUE DE",47.76641,7.30105,Plein jour,En agglomération,Intersection en T,Normale,Deux véhicules - arrière,,,,,,,,,,,1,2,3,1.0,2
201400033676,0014-11-08 16:00:00,14,11,8,16,0,680,56,Rue de Dornach,,,Plein jour,En agglomération,Hors intersection,Normale,Deux véhicules - côté,,,,,,,,,,,1,2,1,1.0,3
201400033677,0014-11-12 17:53:00,14,11,12,17,53,680,224,"20, SCHUTZENBERGER (RUE",,,Nuit avec éclairage allumé,En agglomération,Intersection en X,Pluie forte,Deux véhicules - côté,,,,,,,,,,,5,2,2,3.0,3
201400033678,0014-11-12 18:48:00,14,11,12,18,48,680,224,"222, HOFER (RUE JOSUE)",47.76088,7.32391,Nuit avec éclairage allumé,En agglomération,Intersection en T,Pluie forte,Deux véhicules - côté,,,,,,,,,,,5,2,3,3.0,3
201400033679,0014-11-18 07:35:00,14,11,18,7,35,680,224,GRUNEWALD (RUE MATHIAS),,,Crépuscule ou aube,En agglomération,Hors intersection,Normale,Autre collision,,,,,,,,,,,2,2,1,1.0,6
201400033680,0014-11-25 13:15:00,14,11,25,13,15,680,224,"1, DESCARTES (RUE)",,,Plein jour,En agglomération,Hors intersection,Normale,Autre collision,,,,,,,,,,,1,2,1,1.0,6
201400033681,0014-11-26 17:25:00,14,11,26,17,25,680,224,"25, DMC",47.75087,7.30741,Nuit avec éclairage allumé,En agglomération,Hors intersection,Normale,Autre collision,,,,,,,,,,,5,2,1,1.0,6
201400033682,0014-11-29 14:50:00,14,11,29,14,50,680,224,"185, BALE (RUE DE)",,,Plein jour,En agglomération,Hors intersection,Temps couvert,Autre collision,,,,,,,,,,,1,2,1,8.0,6
201400033683,0014-11-29 17:45:00,14,11,29,17,45,680,224,"42, BALE (RUE DE)",47.74736,7.34633,Nuit sans éclairage public,En agglomération,Hors intersection,Normale,Autre collision,,,,,,,,,,,3,2,1,1.0,6
201400033684,0014-12-11 17:06:00,14,12,11,17,6,680,224,"4, STOESSEL (BOULEVARD C",47.74237,7.32387,Nuit avec éclairage allumé,En agglomération,Hors intersection,Pluie légère,Autre collision,,,,,,,,,,,5,2,1,2.0,6
201400033685,0014-12-13 15:00:00,14,12,13,15,0,680,224,"10, REMBLAI (RUE DU)",,,Plein jour,En agglomération,Hors intersection,Normale,Deux véhicules - frontale,,,,,,,,,,,1,2,1,1.0,1
201400033686,0014-12-14 18:25:00,14,12,14,18,25,680,224,"183, ROMAINS (RUE DES)",,,Nuit avec éclairage non allumé,En agglomération,Hors intersection,Pluie légère,Autre collision,,,,,,,,,,,4,2,1,2.0,6
201400033687,0014-12-15 18:17:00,14,12,15,18,17,680,224,"1, VOIE RAPIDE OUEST",47.73028,7.28449,Nuit avec éclairage allumé,Hors agglomération,Hors intersection,Pluie légère,Deux véhicules - arrière,,,,,,,,,,,5,1,1,2.0,2
201400033688,0014-12-16 03:05:00,14,12,16,3,5,680,224,"105, SOULTZ (RUE DE)",,,Nuit avec éclairage allumé,En agglomération,Intersection en T,Normale,Deux véhicules - côté,,,,,,,,,,,5,2,3,1.0,3
201400033689,0014-12-22 06:55:00,14,12,22,6,55,680,224,"157, VAUBAN (RUE)",,,Crépuscule ou aube,En agglomération,Intersection en X,Normale,Deux véhicules - côté,,,,,,,,,,,2,2,2,1.0,3
201400033690,0014-12-24 15:10:00,14,12,24,15,10,680,224,"170, ROMAINS (RUE DES)",,,Plein jour,En agglomération,Hors intersection,Normale,Autre collision,,,,,,,,,,,1,2,1,1.0,6
201400033691,0014-01-07 15:40:00,14,1,7,15,40,680,149,"1, ABATTOIR ( RUE DE )",47.59372,7.58655,Plein jour,En agglomération,Intersection en T,Normale,Deux véhicules - arrière,,,,,,,,,,,1,2,3,1.0,2
201400033692,0014-02-21 23:46:00,14,2,21,23,46,680,297,VILLAGE NEUF ( RUE DE ),47.59857,7.5551,Nuit avec éclairage allumé,En agglomération,Intersection en X,Pluie légère,Deux véhicules - côté,,,,,,,,,,,5,2,2,2.0,3
201400033693,0014-03-17 09:40:00,14,3,17,9,40,680,297,MULHOUSE ( RUE)CITE BOUR,47.59651,7.55333,Plein jour,En agglomération,Intersection en T,Normale,Autre collision,,,,,,,,,,,1,2,3,1.0,6
201400033694,0014-03-30 00:10:00,14,3,30,0,10,680,297,LANGUEDOC ( RUE DU ),47.59657,7.56155,Nuit sans éclairage public,Hors agglomération,Hors intersection,Normale,Deux véhicules - frontale,,,,,,,,,,,3,1,1,1.0,1
201400033695,0014-04-17 16:15:00,14,4,17,16,15,680,297,"1, ALTKIRCH ( RUE D' )",47.57849,7.54736,Plein jour,En agglomération,Intersection en T,Normale,Deux véhicules - côté,,,,,,,,,,,1,2,3,1.0,3
201400033696,0014-04-15 15:00:00,14,4,15,15,0,680,149,"0, BALE ( AVENUE DE )",47.58525,7.58271,Plein jour,En agglomération,Intersection en X,Normale,Deux véhicules - côté,,,,,,,,,,,1,2,2,1.0,3
201400033697,0014-04-27 12:05:00,14,4,27,12,5,680,297,BALE ( AVE DE)FRONTIERE,47.57794,7.57116,Plein jour,En agglomération,Intersection en T,Normale,Deux véhicules - côté,,,,,,,,,,,1,2,3,1.0,3
201400033698,0014-05-10 11:38:00,14,5,10,11,38,680,297,"17, MULHOUSE ( RUE DE)JU",47.5872,7.56262,Plein jour,En agglomération,Hors intersection,Normale,Autre collision,,,,,,,,,,,1,2,1,1.0,6
201400033699,0014-06-17 19:01:00,14,6,17,19,1,680,297,"43, HUNINGUE ( RUE DE )",47.58857,7.5695,Plein jour,En agglomération,Intersection en T,Temps couvert,Deux véhicules - arrière,,,,,,,,,,,1,2,3,8.0,2
201400033700,0014-06-22 23:00:00,14,6,22,23,0,680,297,"19, VILLAGE NEUF ( RUE D",47.59808,7.5548,Nuit avec éclairage allumé,En agglomération,Hors intersection,Normale,Autre collision,,,,,,,,,,,5,2,1,1.0,6
201400033701,0014-09-14 03:34:00,14,9,14,3,34,680,149,"8, INDUSTRIE ( RUE DE L'",47.58097,7.57827,Nuit avec éclairage allumé,En agglomération,Hors intersection,Normale,Autre collision,,,,,,,,,,,5,2,1,1.0,6
201400033702,0014-10-08 14:30:00,14,10,8,14,30,680,297,"4, DE GAULLE( AVE DU GLE",47.58559,7.5632,Plein jour,En agglomération,Hors intersection,Normale,Deux véhicules - côté,,,,,,,,,,,1,2,1,1.0,3
201400033703,0014-10-09 22:00:00,14,10,9,22,0,680,297,"48, BALE ( AVE DE)WIRU J",47.58282,7.56669,Nuit avec éclairage allumé,En agglomération,Hors intersection,Pluie légère,Autre collision,,,,,,,,,,,5,2,1,2.0,6
201400033704,0014-10-10 18:40:00,14,10,10,18,40,680,297,STRASBOURG ( RUE DE ),47.61283,7.53695,Plein jour,En agglomération,Intersection en X,Normale,Deux véhicules - côté,,,,,,,,,,,1,2,2,1.0,3
201400033705,0014-11-08 09:30:00,14,11,8,9,30,680,297,MULHOUSE ( RUE)CITE BOUR,47.60365,7.54493,Plein jour,En agglomération,Intersection en T,Normale,Deux véhicules - côté,,,,,,,,,,,1,2,3,1.0,3
201400033706,0014-12-19 23:25:00,14,12,19,23,25,680,297,"1, STRASBOURG ( RUE DE )",,,Nuit avec éclairage allumé,En agglomération,Intersection en X,Pluie légère,Deux véhicules - côté,,,,,,,,,,,5,2,2,2.0,3
201400033707,0014-08-20 20:18:00,14,8,20,20,18,680,297,ROUTE DOUANIERE,47.59188,7.5438,Nuit sans éclairage public,En agglomération,Giratoire,Normale,Deux véhicules - côté,,,,,,,,,,,3,2,6,1.0,3
201400033708,0014-11-18 07:00:00,14,11,18,7,0,680,297,AVIATION GENERALE ROUTE,47.58489,7.52305,Nuit avec éclairage allumé,En agglomération,Hors intersection,Normale,Deux véhicules - frontale,,,,,,,,,,,5,2,1,1.0,1
201400033709,0014-01-16 17:20:00,14,1,16,17,20,680,166,"151, MULHOUSE (FAUBOURG",47.79872,7.33638,Nuit avec éclairage allumé,En agglomération,Hors intersection,Pluie forte,Autre collision,,,,,,,,,,,5,2,1,3.0,6
201400033710,0014-01-24 16:22:00,14,1,24,16,22,680,376,"159, SOULTZ(ROUTE DE)",47.81655,7.30882,Plein jour,En agglomération,Intersection en T,Normale,Deux véhicules - frontale,,,,,,,,,,,1,2,3,1.0,1
201400033711,0014-10-12 03:10:00,14,10,12,3,10,680,376,"9, SAINT CLOUD (RUE DU)",47.81146,7.33686,Nuit avec éclairage allumé,En agglomération,Hors intersection,Temps couvert,Autre collision,,,,,,,,,,,5,2,1,8.0,6
201400033712,0014-07-15 22:25:00,14,7,15,22,25,680,376,"186, MINES (RUE DES)",47.799,7.31494,Nuit avec éclairage allumé,En agglomération,Hors intersection,Normale,Deux véhicules - frontale,,,,,,,,,,,5,2,1,1.0,1
201400033713,0014-12-05 10:40:00,14,12,5,10,40,680,166,BEARN (RUE DU),47.7934,7.32303,Plein jour,En agglomération,Hors intersection,Normale,Autre collision,,,,,,,,,,,1,2,1,1.0,6
201400033714,0014-01-07 18:15:00,14,1,7,18,15,690,29,"20, BOULEVARD PINEL",,,Nuit avec éclairage allumé,En agglomération,Hors intersection,Normale,Autre collision,,,,,,,,,,,5,2,1,1.0,6
201400033715,0014-01-07 18:45:00,14,1,7,18,45,690,29,"378, ROUTE DE GENAS",,,Nuit avec éclairage allumé,En agglomération,Intersection en T,Normale,Deux véhicules - arrière,,,,,,,,,,,5,2,3,1.0,2
201400033716,0014-01-27 21:10:00,14,1,27,21,10,690,271,"., AVENUE DU DAUPHINE",,,Nuit sans éclairage public,Hors agglomération,Hors intersection,Normale,Autre collision,,,,,,,,,,,3,1,1,1.0,6
201400033717,0014-02-17 13:30:00,14,2,17,13,30,690,29,"356, ROUTE DE GENAS",,,Plein jour,En agglomération,Hors intersection,Normale,Autre collision,,,,,,,,,,,1,2,1,1.0,6
201400033718,0014-03-06 18:05:00,14,3,6,18,5,690,29,"0, AVENUE FRANKLIN ROOSE",,,Plein jour,En agglomération,Hors intersection,Normale,Autre collision,,,,,,,,,,,1,2,1,1.0,6
201400033719,0014-04-05 11:20:00,14,4,5,11,20,690,29,"53, AVENUE CAMILLE ROUSS",,,Plein jour,En agglomération,Hors intersection,Normale,Autre collision,,,,,,,,,,,1,2,1,1.0,6
201400033720,0014-04-09 18:40:00,14,4,9,18,40,690,271,"., RUE DE LA REPUBLIQUE",,,Plein jour,En agglomération,Intersection en X,Normale,Autre collision,,,,,,,,,,,1,2,2,1.0,6
201400033721,0014-04-10 21:15:00,14,4,10,21,15,690,29,"30, RUE DU 35EME REGIMEN",,,Nuit avec éclairage allumé,En agglomération,Hors intersection,Normale,Autre collision,,,,,,,,,,,5,2,1,1.0,6
201400033722,0014-04-11 20:00:00,14,4,11,20,0,690,29,"31, AVENUE FRANKLIN ROOS",,,Plein jour,En agglomération,Hors intersection,Normale,Deux véhicules - arrière,,,,,,,,,,,1,2,1,1.0,2
201400033723,0014-04-17 08:35:00,14,4,17,8,35,690,29,", AUTOROUTE A43 DE LYON",,,Plein jour,Hors agglomération,Intersection en T,Normale,Autre collision,,,,,,,,,,,1,1,3,1.0,6
201400033724,0014-05-05 22:30:00,14,5,5,22,30,690,271,"., ROUTE DE LYON",,,Nuit avec éclairage allumé,En agglomération,Intersection en X,Normale,Autre collision,,,,,,,,,,,5,2,2,1.0,6
201400033725,0014-06-22 20:10:00,14,6,22,20,10,690,266,"0, ROUTE DE GENAS",,,Plein jour,En agglomération,Intersection en X,Normale,Autre collision,,,,,,,,,,,1,2,2,1.0,6
201400033726,0014-06-24 19:55:00,14,6,24,19,55,690,266,"0, ROUTE DE GENAS",,,Plein jour,En agglomération,Intersection en X,Normale,Deux véhicules - côté,,,,,,,,,,,1,2,2,1.0,3
201400033727,0014-07-28 14:25:00,14,7,28,14,25,690,29,"., RUE LIONEL TERRAY",,,Plein jour,En agglomération,Intersection en T,Pluie forte,Autre collision,,,,,,,,,,,1,2,3,3.0,6
201400033728,0014-09-05 18:05:00,14,9,5,18,5,690,271,"., RUE ORESTE ZENEZINI",,,Plein jour,En agglomération,Intersection en T,Normale,Autre collision,,,,,,,,,,,1,2,3,1.0,6
201400033729,0014-09-11 08:35:00,14,9,11,8,35,690,271,"0, AVENUE DU DAUPHINE",,,Plein jour,En agglomération,Hors intersection,Normale,Deux véhicules - arrière,,,,,,,,,,,1,2,1,1.0,2
201400033730,0014-09-12 19:20:00,14,9,12,19,20,690,29,"0, RUE DU PROGRES",,,Plein jour,En agglomération,Intersection en T,Normale,Autre collision,,,,,,,,,,,1,2,3,1.0,6
201400033731,0014-11-03 10:20:00,14,11,3,10,20,690,271,"20, AVENUE DES FRERES MO",,,Plein jour,En agglomération,Hors intersection,Pluie légère,Deux véhicules - côté,,,,,,,,,,,1,2,1,2.0,3
201400033732,0014-11-08 17:50:00,14,11,8,17,50,690,29,"1, RUE ROGER SALENGRO",,,Nuit avec éclairage allumé,En agglomération,Intersection en X,Normale,Autre collision,,,,,,,,,,,5,2,2,1.0,6
201400033733,0014-12-12 08:45:00,14,12,12,8,45,690,29,"17, RUE DE REIMS",,,Plein jour,En agglomération,Hors intersection,Normale,Deux véhicules - côté,,,,,,,,,,,1,2,1,1.0,3
201400033734,0014-12-24 01:00:00,14,12,24,1,0,690,29,"95, BOULEVARD PINEL",,,Nuit avec éclairage allumé,En agglomération,Giratoire,Normale,Autre collision,,,,,,,,,,,5,2,6,1.0,6
201400033735,0014-11-25 20:49:00,14,11,25,20,49,690,271,ROUTE DE LYON,,,Nuit avec éclairage allumé,En agglomération,Hors intersection,Normale,Deux véhicules - frontale,,,,,,,,,,,5,2,1,1.0,1
201400033736,0014-12-31 11:02:00,14,12,31,11,2,690,29,"., AVENUE GENERAL DE GA",,,Plein jour,En agglomération,Intersection en X,Normale,Autre collision,,,,,,,,,,,1,2,2,1.0,6
201400033737,0014-01-07 12:00:00,14,1,7,12,0,690,34,"1, AVENUE DE POUMEYROL",,,Plein jour,Hors agglomération,Autre intersection,Normale,Deux véhicules - arrière,,,,,,,,,,,1,1,9,1.0,2
201400033738,0014-01-23 08:15:00,14,1,23,8,15,690,34,"92, CHEMIN DE VASSIEUX",,,Plein jour,En agglomération,Hors intersection,Normale,Trois véhicules et plus - collisions multiples,,,,,,,,,,,1,2,1,1.0,5
201400033739,0014-01-27 17:55:00,14,1,27,17,55,690,34,"10, CHEMIN JEAN PETIT",,,Crépuscule ou aube,En agglomération,Hors intersection,Normale,Deux véhicules - frontale,,,,,,,,,,,2,2,1,1.0,1
201400033740,0014-02-14 00:45:00,14,2,14,0,45,690,34,VIADUC JOSEPH PICOT,,,Nuit avec éclairage allumé,En agglomération,Hors intersection,Pluie légère,Autre collision,,,,,,,,,,,5,2,1,2.0,6
201400033741,0014-02-27 13:45:00,14,2,27,13,45,690,34,"13B, RUE DU CAPITAINE FE",,,Plein jour,En agglomération,Hors intersection,Normale,Autre collision,,,,,,,,,,,1,2,1,1.0,6
201400033742,0014-03-06 12:20:00,14,3,6,12,20,690,34,MONTEE CASTELLANE,,,Plein jour,En agglomération,Hors intersection,Normale,Autre collision,,,,,,,,,,,1,2,1,1.0,6
201400033743,0014-03-14 16:50:00,14,3,14,16,50,690,34,"261, CHEMIN DE WETTE FAY",,,Plein jour,En agglomération,Hors intersection,Normale,Deux véhicules - frontale,,,,,,,,,,,1,2,1,1.0,1
201400033744,0014-03-18 08:45:00,14,3,18,8,45,690,34,"2, MONTEE DES FORTS",,,Plein jour,En agglomération,Intersection en Y,Normale,Deux véhicules - côté,,,,,,,,,,,1,2,4,1.0,3
201400033745,0014-03-25 13:20:00,14,3,25,13,20,690,34,"10, CHEMIN JEAN PETIT",,,Plein jour,En agglomération,Hors intersection,Pluie légère,Autre collision,,,,,,,,,,,1,2,1,2.0,6
201400033746,0014-03-26 17:40:00,14,3,26,17,40,690,34,"90, QUAI CLEMENCEAU",,,Plein jour,En agglomération,Hors intersection,Normale,Autre collision,,,,,,,,,,,1,2,1,1.0,6
201400033747,0014-03-31 10:50:00,14,3,31,10,50,690,34,"6, MONTEE DES SOLDATS",,,Plein jour,En agglomération,Intersection en Y,Normale,Deux véhicules - côté,,,,,,,,,,,1,2,4,1.0,3
201400033748,0014-04-19 16:50:00,14,4,19,16,50,690,34,"9 BIS, CHEMIN DES PEUPLI",,,Plein jour,En agglomération,Hors intersection,Normale,Deux véhicules - frontale,,,,,,,,,,,1,2,1,1.0,1
201400033749,0014-04-20 20:45:00,14,4,20,20,45,690,34,"SANS, MONTEE DE LA BOUCL",,,Nuit avec éclairage allumé,En agglomération,Hors intersection,Pluie légère,Autre collision,,,,,,,,,,,5,2,1,2.0,6
201400033750,0014-04-22 07:45:00,14,4,22,7,45,690,34,"69, ROUTE DE STRASBOURG",,,Plein jour,En agglomération,Hors intersection,Brouillard / fumée,Deux véhicules - frontale,,,,,,,,,,,1,2,1,5.0,1
201400033751,0014-04-22 20:50:00,14,4,22,20,50,690,34,QUAI CLEMENCEAU,,,Crépuscule ou aube,En agglomération,Hors intersection,Normale,Deux véhicules - côté,,,,,,,,,,,2,2,1,1.0,3
201400033752,0014-05-12 13:50:00,14,5,12,13,50,690,34,"1, PLACE VICTOR BASCH",,,Plein jour,En agglomération,Hors intersection,Normale,Autre collision,,,,,,,,,,,1,2,1,1.0,6
201400033753,0014-04-30 07:15:00,14,4,30,7,15,690,34,"147, GRANDE RUE DE SAINT",,,Plein jour,En agglomération,Intersection en T,Pluie légère,Deux véhicules - côté,,,,,,,,,,,1,2,3,2.0,3
201400033754,0014-05-27 19:25:00,14,5,27,19,25,690,34,"71, CHEMIN DE WETTE FAYS",,,Plein jour,En agglomération,Hors intersection,Normale,Autre collision,,,,,,,,,,,1,2,1,1.0,6
201400033755,0014-05-30 12:00:00,14,5,30,12,0,690,34,"141, GRANDE RUE DE SAINT",,,Plein jour,En agglomération,Intersection en T,Normale,Deux véhicules - côté,,,,,,,,,,,1,2,3,1.0,3
201400033756,0014-06-03 17:45:00,14,6,3,17,45,690,34,"86, AVENUE GENERAL LECLE",,,Plein jour,En agglomération,Hors intersection,Normale,Deux véhicules - côté,,,,,,,,,,,1,2,1,1.0,3
201400033757,0014-06-06 13:35:00,14,6,6,13,35,690,34,"19, AVENUE BARTHELEMY TH",,,Plein jour,En agglomération,Hors intersection,Normale,Deux véhicules - côté,,,,,,,,,,,1,2,1,1.0,3
201400033758,0014-06-07 12:55:00,14,6,7,12,55,690,34,"6, AVENUE GENERAL LECLER",,,Plein jour,En agglomération,Hors intersection,Normale,Autre collision,,,,,,,,,,,1,2,1,1.0,6
201400033759,0014-06-12 09:20:00,14,6,12,9,20,690,34,"50, MONTEE DES SOLDATS",,,Plein jour,En agglomération,Hors intersection,Normale,Deux véhicules - arrière,,,,,,,,,,,1,2,1,1.0,2
201400033760,0014-06-20 18:05:00,14,6,20,18,5,690,34,"65, RUE COSTE",,,Plein jour,En agglomération,Hors intersection,Normale,Autre collision,,,,,,,,,,,1,2,1,1.0,6
201400033761,0014-06-13 12:40:00,14,6,13,12,40,690,34,"96, AVENUE GENERAL LECLE",,,Plein jour,En agglomération,Hors intersection,Normale,Deux véhicules - côté,,,,,,,,,,,1,2,1,1.0,3
201400033762,0014-06-06 12:00:00,14,6,6,12,0,690,34,"134, AVENUE GENERAL DE G",,,Plein jour,En agglomération,Hors intersection,Normale,Deux véhicules - côté,,,,,,,,,,,1,2,1,1.0,3
201400033763,0014-06-29 21:30:00,14,6,29,21,30,690,34,"22, MONTEE DES SOLDATS",,,Plein jour,En agglomération,Hors intersection,Normale,Deux véhicules - arrière,,,,,,,,,,,1,2,1,1.0,2
201400033764,0014-07-06 18:50:00,14,7,6,18,50,690,34,"90 bis, QUAI CLEMENCEAU",,,Plein jour,En agglomération,Hors intersection,Pluie forte,Trois véhicules et plus - en chaîne,,,,,,,,,,,1,2,1,3.0,4
201400033765,0014-07-10 19:40:00,14,7,10,19,40,690,34,"93, RUE DE MARGNOLLES",,,Plein jour,En agglomération,Hors intersection,Normale,Autre collision,,,,,,,,,,,1,2,1,1.0,6
201400033766,0014-07-15 09:00:00,14,7,15,9,0,690,34,"44, QUAI CLEMENCEAU",,,Plein jour,En agglomération,Hors intersection,Normale,Autre collision,,,,,,,,,,,1,2,1,1.0,6
201400033767,0014-08-01 18:00:00,14,8,1,18,0,690,34,COURS ARISTIDE BRIAND,,,Plein jour,En agglomération,Intersection en T,Normale,Autre collision,,,,,,,,,,,1,2,3,1.0,6
201400033768,0014-08-03 11:50:00,14,8,3,11,50,690,34,"30, ROUTE DE STRASBOURG",,,Plein jour,En agglomération,Hors intersection,Normale,Autre collision,,,,,,,,,,,1,2,1,1.0,6
201400033769,0014-08-12 12:20:00,14,8,12,12,20,690,34,CHEMIN JEAN PETIT,,,Plein jour,En agglomération,Hors intersection,Normale,Autre collision,,,,,,,,,,,1,2,1,1.0,6
201400033770,0014-10-20 18:40:00,14,10,20,18,40,690,34,"00, PLACE MARECHAL FOCH",,,Nuit avec éclairage allumé,En agglomération,Hors intersection,Normale,Deux véhicules - côté,,,,,,,,,,,5,2,1,1.0,3
201400033771,0014-08-26 04:30:00,14,8,26,4,30,690,34,"35, RUE FRANCOIS PEISSEL",,,Nuit avec éclairage allumé,En agglomération,Hors intersection,Normale,Deux véhicules - côté,,,,,,,,,,,5,2,1,1.0,3
201400033772,0014-08-26 20:15:00,14,8,26,20,15,690,34,"28, AVENUE BARTHELEMY TH",,,Nuit avec éclairage allumé,En agglomération,Intersection en X,Normale,Deux véhicules - côté,,,,,,,,,,,5,2,2,1.0,3
201400033773,0014-09-16 16:45:00,14,9,16,16,45,690,34,AVENUE GENERAL DE GAULLE,,,Plein jour,En agglomération,Hors intersection,Normale,Autre collision,,,,,,,,,,,1,2,1,1.0,6
201400033774,0014-09-26 12:30:00,14,9,26,12,30,690,34,BOULEVARD DES OISEAUX,,,Plein jour,En agglomération,Intersection en X,Normale,Deux véhicules - frontale,,,,,,,,,,,1,2,2,1.0,1
201400033775,0014-09-27 14:35:00,14,9,27,14,35,690,34,"22, RUE DE L ORATOIRE",,,Plein jour,En agglomération,Hors intersection,Normale,Deux véhicules - arrière,,,,,,,,,,,1,2,1,1.0,2
201400033776,0014-09-27 20:45:00,14,9,27,20,45,690,34,PLACE MARECHAL FOCH,,,Nuit avec éclairage allumé,En agglomération,Hors intersection,Normale,Sans collision,,,,,,,,,,,5,2,1,1.0,7
201400033777,0014-09-24 01:45:00,14,9,24,1,45,690,34,BRETELLE BELLEVUE,,,Nuit avec éclairage allumé,En agglomération,Hors intersection,Normale,Deux véhicules - arrière,,,,,,,,,,,5,2,1,1.0,2
201400033778,0014-10-01 18:20:00,14,10,1,18,20,690,34,"59, QUAI CLEMENCEAU",,,Plein jour,En agglomération,Hors intersection,Normale,Deux véhicules - côté,,,,,,,,,,,1,2,1,1.0,3
201400033779,0014-10-05 01:50:00,14,10,5,1,50,690,34,"27, AVENUE DES PLATANES",,,Nuit avec éclairage allumé,En agglomération,Hors intersection,Normale,Autre collision,,,,,,,,,,,5,2,1,1.0,6
201400033780,0014-10-09 08:25:00,14,10,9,8,25,690,34,"36, COURS ARISTIDE BRIAN",,,Plein jour,En agglomération,Hors intersection,Normale,Autre collision,,,,,,,,,,,1,2,1,1.0,6
201400033781,0014-10-11 11:10:00,14,10,11,11,10,690,34,"88, AVENUE GENERAL DE GA",,,Plein jour,En agglomération,Hors intersection,Normale,Deux véhicules - côté,,,,,,,,,,,1,2,1,1.0,3
201400033782,0014-10-14 17:00:00,14,10,14,17,0,690,34,"51 bis, RUE FRANCOIS PEI",,,Plein jour,En agglomération,Hors intersection,Temps couvert,Autre collision,,,,,,,,,,,1,2,1,8.0,6
201400033783,0014-12-05 06:30:00,14,12,5,6,30,690,34,VIADUC JOSEPH PICOT,,,Nuit avec éclairage allumé,Hors agglomération,Hors intersection,Normale,Autre collision,,,,,,,,,,,5,1,1,1.0,6
201400033784,0014-10-17 12:25:00,14,10,17,12,25,690,34,"16, AVENUE LOUIS DUFOUR",,,Plein jour,En agglomération,Hors intersection,Normale,Trois véhicules et plus - en chaîne,,,,,,,,,,,1,2,1,1.0,4
201400033785,0014-10-19 22:00:00,14,10,19,22,0,690,34,VIADUC JOSEPH PICOT,,,Nuit avec éclairage non allumé,En agglomération,Hors intersection,Normale,Autre collision,,,,,,,,,,,4,2,1,1.0,6
201400033786,0014-10-20 16:10:00,14,10,20,16,10,690,34,AVENUE DES COTTAGES,,,Plein jour,En agglomération,Intersection en T,Normale,Deux véhicules - côté,,,,,,,,,,,1,2,3,1.0,3
201400033787,0014-10-22 11:25:00,14,10,22,11,25,690,34,"17, RUE PAUL PAINLEVE",,,Plein jour,En agglomération,Hors intersection,Normale,Autre collision,,,,,,,,,,,1,2,1,1.0,6