accident_id,datetime,annee,mois,jour,heure,minute,departement,commune_insee,adresse,latitude,longitude,luminosite,agglomeration,intersection,meteo,collision,nb_vehicules,nb_usagers,nb_indemnes,nb_tues,nb_blesses_hosp,nb_blesses_legers,age_cond_1,age_cond_2,veh_type_cond_1,veh_type_cond_2,lum_code,agg_code,int_code,atm_code,col_code
201400033919,0014-10-30 17:35:00,14,10,30,17,35,690,202,"19, LIBERATION (DE LA)",,,Crépuscule ou aube,En agglomération,Hors intersection,Normale,Deux véhicules - côté,,,,,,,,,,,2,2,1,1.0,3
201400033920,0014-10-31 16:25:00,14,10,31,16,25,690,149,"57, HENRI BARBUSSE",,,Plein jour,En agglomération,Hors intersection,Normale,Deux véhicules - côté,,,,,,,,,,,1,2,1,1.0,3
201400033921,0014-11-02 00:05:00,14,11,2,0,5,690,152,"144, EUROPE (DE L')",,,Nuit avec éclairage allumé,En agglomération,Hors intersection,Normale,Deux véhicules - arrière,,,,,,,,,,,5,2,1,1.0,2
201400033922,0014-11-03 06:00:00,14,11,3,6,0,690,149,"116, AQUEDUC DE BEAUNANT",,,Nuit avec éclairage allumé,En agglomération,Hors intersection,Pluie légère,Deux véhicules - frontale,,,,,,,,,,,5,2,1,2.0,1
201400033923,0014-11-03 09:10:00,14,11,3,9,10,690,202,AQUEDUC DE BEAUNANT (DE,,,Plein jour,En agglomération,Hors intersection,Normale,Deux véhicules - arrière,,,,,,,,,,,1,2,1,1.0,2
201400033924,0014-11-04 15:50:00,14,11,4,15,50,690,149,EUROPE (DE L'),,,Plein jour,Hors agglomération,Hors intersection,Pluie forte,Deux véhicules - côté,,,,,,,,,,,1,1,1,3.0,3
201400033925,0014-11-08 09:25:00,14,11,8,9,25,690,149,"5, PROFESSEUR FLEMING (D",,,Plein jour,En agglomération,Hors intersection,Normale,Autre collision,,,,,,,,,,,1,2,1,1.0,6
201400033926,0014-11-08 09:20:00,14,11,8,9,20,690,202,"132, AQUEDUC DE BEAUNANT",,,Plein jour,En agglomération,Hors intersection,Normale,Sans collision,,,,,,,,,,,1,2,1,1.0,7
201400033927,0014-11-04 20:00:00,14,11,4,20,0,690,149,GRANDE RUE,,,Nuit avec éclairage allumé,En agglomération,Intersection en X,Pluie forte,Deux véhicules - côté,,,,,,,,,,,5,2,2,3.0,3
201400033928,0014-11-15 12:10:00,14,11,15,12,10,690,149,"10, ORSEL",,,Plein jour,En agglomération,Hors intersection,Temps couvert,Autre collision,,,,,,,,,,,1,2,1,8.0,6
201400033929,0014-11-18 10:45:00,14,11,18,10,45,690,152,"25, MURIERS (DES)",,,Plein jour,En agglomération,Hors intersection,Normale,Trois véhicules et plus - en chaîne,,,,,,,,,,,1,2,1,1.0,4
201400033930,0014-11-18 15:18:00,14,11,18,15,18,690,149,"62, GRANDE RUE",,,Plein jour,En agglomération,Hors intersection,Pluie légère,Autre collision,,,,,,,,,,,1,2,1,2.0,6
201400033931,0014-11-21 15:15:00,14,11,21,15,15,690,152,JULES GUESDE,,,Plein jour,En agglomération,Intersection en X,Normale,Deux véhicules - côté,,,,,,,,,,,1,2,2,1.0,3
201400033932,0014-11-29 17:12:00,14,11,29,17,12,690,149,"141, EMILE ZOLA",,,Nuit avec éclairage allumé,En agglomération,Hors intersection,Normale,Autre collision,,,,,,,,,,,5,2,1,1.0,6
201400033933,0014-12-04 07:45:00,14,12,4,7,45,690,202,LIBERATION (DE LA),,,Plein jour,En agglomération,Intersection en X,Normale,Deux véhicules - côté,,,,,,,,,,,1,2,2,1.0,3
201400033934,0014-12-09 19:10:00,14,12,9,19,10,690,149,"132, GRANDE RUE",,,Nuit avec éclairage allumé,En agglomération,Intersection en X,Normale,Sans collision,,,,,,,,,,,5,2,2,1.0,7
201400033935,0014-12-10 17:30:00,14,12,10,17,30,690,202,"33, 11 NOVEMBRE (DU)",,,Nuit avec éclairage allumé,En agglomération,Hors intersection,Pluie légère,Deux véhicules - côté,,,,,,,,,,,5,2,1,2.0,3
201400033936,0014-12-17 21:00:00,14,12,17,21,0,690,202,PRES (DES),,,Nuit avec éclairage allumé,En agglomération,Hors intersection,Pluie légère,Deux véhicules - arrière,,,,,,,,,,,5,2,1,2.0,2
201400033937,0014-12-18 19:00:00,14,12,18,19,0,690,149,GRANDE RUE,,,Nuit avec éclairage allumé,En agglomération,Intersection en X,Normale,Deux véhicules - côté,,,,,,,,,,,5,2,2,1.0,3
201400033938,0014-12-19 14:24:00,14,12,19,14,24,690,202,"102, COMMANDANT CHARCOT",,,Plein jour,En agglomération,Hors intersection,Autre,Autre collision,,,,,,,,,,,1,2,1,9.0,6
201400033939,0014-12-19 19:30:00,14,12,19,19,30,690,202,11 NOVEMBRE 1918 (DU),,,Nuit avec éclairage allumé,En agglomération,Intersection en X,Temps couvert,Deux véhicules - frontale,,,,,,,,,,,5,2,2,8.0,1
201400033940,0014-12-20 19:00:00,14,12,20,19,0,690,202,"35, COMMANDANT CHARCOT (",,,Nuit avec éclairage allumé,En agglomération,Hors intersection,Normale,Deux véhicules - côté,,,,,,,,,,,5,2,1,1.0,3
201400033941,0014-12-21 14:15:00,14,12,21,14,15,690,149,PERRON (DU),,,Plein jour,En agglomération,Hors intersection,Normale,Autre collision,,,,,,,,,,,1,2,1,1.0,6
201400033942,0014-12-22 15:15:00,14,12,22,15,15,690,152,MURIERS (DES) PK G FRAIS,,,Plein jour,En agglomération,Hors intersection,Normale,Autre collision,,,,,,,,,,,1,2,1,1.0,6
201400033943,0014-01-17 19:38:00,14,1,17,19,38,690,256,"0, GEORGES ROUGE",,,Nuit avec éclairage allumé,En agglomération,Giratoire,Pluie légère,Deux véhicules - côté,,,,,,,,,,,5,2,6,2.0,3
201400033944,0014-02-04 12:26:00,14,2,4,12,26,690,256,"., 8 MAI 1945 (DU)",,,Plein jour,En agglomération,Intersection en Y,Normale,Autre collision,,,,,,,,,,,1,2,4,1.0,6
201400033945,0014-02-08 18:45:00,14,2,8,18,45,690,256,"., ERNEST RENAN",,,Nuit avec éclairage allumé,En agglomération,Giratoire,Normale,Autre collision,,,,,,,,,,,5,2,6,1.0,6
201400033946,0014-02-09 00:45:00,14,2,9,0,45,690,256,"., BOELHEN (DE)",,,Nuit avec éclairage allumé,En agglomération,Hors intersection,Normale,Autre collision,,,,,,,,,,,5,2,1,1.0,6
201400033947,0014-02-20 13:50:00,14,2,20,13,50,690,256,"3, GEORGES DIMITROV",,,Plein jour,En agglomération,Hors intersection,Normale,Autre collision,,,,,,,,,,,1,2,1,1.0,6
201400033948,0014-02-22 16:20:00,14,2,22,16,20,690,256,"., REPUBLIQUE (DE LA)",,,Plein jour,En agglomération,Intersection en X,Normale,Autre collision,,,,,,,,,,,1,2,2,1.0,6
201400033949,0014-03-04 12:09:00,14,3,4,12,9,690,256,"0, HENRI BARBUSSE",,,Plein jour,En agglomération,Intersection en T,Normale,Deux véhicules - côté,,,,,,,,,,,1,2,3,1.0,3
201400033950,0014-03-12 15:25:00,14,3,12,15,25,690,256,"., JOUTES (DES)",,,Plein jour,En agglomération,Intersection en T,Normale,Autre collision,,,,,,,,,,,1,2,3,1.0,6
201400033951,0014-04-15 19:00:00,14,4,15,19,0,690,256,"14, GEORGES DIMITROV",,,Plein jour,En agglomération,Hors intersection,Normale,Autre collision,,,,,,,,,,,1,2,1,1.0,6
201400033952,0014-04-21 17:30:00,14,4,21,17,30,690,256,"., JEAN FOUCAUD",,,Plein jour,En agglomération,Intersection en T,Pluie forte,Autre collision,,,,,,,,,,,1,2,3,3.0,6
201400033953,0014-04-24 10:30:00,14,4,24,10,30,690,256,"0, BATAILLON CARMAGNOLE",,,Plein jour,En agglomération,Intersection en T,Normale,Deux véhicules - côté,,,,,,,,,,,1,2,3,1.0,3
201400033954,0014-05-02 17:30:00,14,5,2,17,30,690,256,"9, AUGUSTE RENOIR",,,Plein jour,En agglomération,Hors intersection,Normale,Autre collision,,,,,,,,,,,1,2,1,1.0,6
201400033955,0014-05-05 08:30:00,14,5,5,8,30,690,256,"., SALVADOR ALLENDE",,,Plein jour,En agglomération,Intersection en X,Normale,Autre collision,,,,,,,,,,,1,2,2,1.0,6
201400033956,0014-05-06 15:00:00,14,5,6,15,0,690,256,"154, GABRIEL PERI",,,Plein jour,En agglomération,Hors intersection,Temps couvert,Autre collision,,,,,,,,,,,1,2,1,8.0,6
201400033957,0014-05-07 20:40:00,14,5,7,20,40,690,256,"., MARCELIN BERTHELOT",,,Plein jour,En agglomération,Intersection en X,Normale,Autre collision,,,,,,,,,,,1,2,2,1.0,6
201400033958,0014-05-07 23:10:00,14,5,7,23,10,690,256,"7, FERME (DE LA)",,,Nuit sans éclairage public,En agglomération,Hors intersection,Normale,Autre collision,,,,,,,,,,,3,2,1,1.0,6
201400033959,0014-05-08 21:55:00,14,5,8,21,55,690,256,"0, GUY MOQUET",,,Nuit avec éclairage allumé,En agglomération,Hors intersection,Normale,Autre collision,,,,,,,,,,,5,2,1,1.0,6
201400033960,0014-05-04 06:15:00,14,5,4,6,15,690,256,"., GABRIEL PERI",,,Crépuscule ou aube,En agglomération,Hors intersection,Normale,Autre collision,,,,,,,,,,,2,2,1,1.0,6
201400033961,0014-05-13 11:55:00,14,5,13,11,55,690,256,"., GABRIEL PERI",,,Plein jour,En agglomération,Intersection en T,Normale,Autre collision,,,,,,,,,,,1,2,3,1.0,6
201400033962,0014-05-13 17:05:00,14,5,13,17,5,690,256,"6, PAUL MARCELLIN",,,Plein jour,En agglomération,Hors intersection,Normale,Autre collision,,,,,,,,,,,1,2,1,1.0,6
201400033963,0014-05-18 22:20:00,14,5,18,22,20,690,256,"0, EMILE ZOLA",,,Nuit avec éclairage allumé,En agglomération,Intersection en X,Normale,Deux véhicules - côté,,,,,,,,,,,5,2,2,1.0,3
201400033964,0014-06-01 01:20:00,14,6,1,1,20,690,256,"., GEORGES DIMITROV",,,Nuit avec éclairage allumé,En agglomération,Intersection en T,Normale,Autre collision,,,,,,,,,,,5,2,3,1.0,6
201400033965,0014-06-02 21:00:00,14,6,2,21,0,690,256,"22, FERME (DE LA)",,,Plein jour,En agglomération,Hors intersection,Normale,Autre collision,,,,,,,,,,,1,2,1,1.0,6
201400033966,0014-06-06 21:30:00,14,6,6,21,30,690,256,"50, BOELHEN (DE)",,,Crépuscule ou aube,En agglomération,Hors intersection,Normale,Autre collision,,,,,,,,,,,2,2,1,1.0,6
201400033967,0014-06-24 19:30:00,14,6,24,19,30,690,256,"23, VICTOR HUGO",,,Plein jour,En agglomération,Hors intersection,Normale,Autre collision,,,,,,,,,,,1,2,1,1.0,6
201400033968,0014-07-01 13:50:00,14,7,1,13,50,690,256,ROMAIN ROLLAND,,,Plein jour,En agglomération,Intersection en T,Normale,Deux véhicules - côté,,,,,,,,,,,1,2,3,1.0,3
201400033969,0014-07-16 20:25:00,14,7,16,20,25,690,256,"., ANATOLE FRANCE",,,Plein jour,En agglomération,Intersection en T,Normale,Autre collision,,,,,,,,,,,1,2,3,1.0,6
201400033970,0014-07-17 16:22:00,14,7,17,16,22,690,256,"0, LYCEE (DU)",,,Plein jour,En agglomération,Intersection en X,Normale,Deux véhicules - côté,,,,,,,,,,,1,2,2,1.0,3
201400033971,0014-06-18 12:45:00,14,6,18,12,45,690,256,"., PAUL MARCELLIN",,,Plein jour,En agglomération,Hors intersection,Normale,Autre collision,,,,,,,,,,,1,2,1,1.0,6
201400033972,0014-07-24 21:20:00,14,7,24,21,20,690,256,"0, ORCHA (D')",,,Plein jour,En agglomération,Giratoire,Normale,Deux véhicules - frontale,,,,,,,,,,,1,2,6,1.0,1
201400033973,0014-08-01 09:05:00,14,8,1,9,5,690,256,"18, EUGENE HENAFF",,,Plein jour,En agglomération,Intersection en X,Normale,Autre collision,,,,,,,,,,,1,2,2,1.0,6
201400033974,0014-08-10 14:45:00,14,8,10,14,45,690,256,"0, MORLET (DU)",,,Plein jour,En agglomération,Hors intersection,Normale,Autre collision,,,,,,,,,,,1,2,1,1.0,6
201400033975,0014-09-06 19:45:00,14,9,6,19,45,690,256,"0, GABRIEL PERI",,,Plein jour,En agglomération,Intersection en X,Normale,Deux véhicules - côté,,,,,,,,,,,1,2,2,1.0,3
201400033976,0014-09-12 14:45:00,14,9,12,14,45,690,256,"0, PABLO PICASSO",,,Plein jour,En agglomération,Intersection en X,Normale,Deux véhicules - côté,,,,,,,,,,,1,2,2,1.0,3
201400033977,0014-10-24 13:26:00,14,10,24,13,26,690,256,"., MAURICE THOREZ",,,Plein jour,En agglomération,Intersection en T,Normale,Autre collision,,,,,,,,,,,1,2,3,1.0,6
201400033978,0014-10-26 18:15:00,14,10,26,18,15,690,256,pont de la soie,,,Nuit avec éclairage allumé,En agglomération,Hors intersection,Normale,Trois véhicules et plus - collisions multiples,,,,,,,,,,,5,2,1,1.0,5
201400033979,0014-11-06 22:30:00,14,11,6,22,30,690,256,"0, GABRIEL PERI",,,Nuit avec éclairage allumé,En agglomération,Intersection en X,Normale,Deux véhicules - côté,,,,,,,,,,,5,2,2,1.0,3
201400033980,0014-11-08 19:45:00,14,11,8,19,45,690,256,"0, BOELHEN (DE)",,,Nuit avec éclairage allumé,En agglomération,Intersection en X,Normale,Trois véhicules et plus - collisions multiples,,,,,,,,,,,5,2,2,1.0,5
201400033981,0014-11-26 12:15:00,14,11,26,12,15,690,256,"., GENAS (DE)",,,Plein jour,En agglomération,Intersection en T,Pluie légère,Autre collision,,,,,,,,,,,1,2,3,2.0,6
201400033982,0014-11-28 06:55:00,14,11,28,6,55,690,256,"., RAIL (DU)",,,Nuit avec éclairage allumé,En agglomération,Intersection en X,Normale,Autre collision,,,,,,,,,,,5,2,2,1.0,6
201400033983,0014-11-24 19:16:00,14,11,24,19,16,690,256,"6, RAIL (DU)",,,Nuit avec éclairage allumé,En agglomération,Hors intersection,Normale,Autre collision,,,,,,,,,,,5,2,1,1.0,6
201400033984,0014-11-28 19:50:00,14,11,28,19,50,690,256,"., PABLO PICASSO",,,Nuit avec éclairage allumé,En agglomération,Intersection en X,Normale,Autre collision,,,,,,,,,,,5,2,2,1.0,6
201400033985,0014-12-09 20:05:00,14,12,9,20,5,690,256,"34, PIERRE MENDES FRANCE",,,Nuit avec éclairage allumé,En agglomération,Hors intersection,Normale,Sans collision,,,,,,,,,,,5,2,1,1.0,7
201400033986,0014-12-26 11:40:00,14,12,26,11,40,690,256,"., GENAS (DE)",,,Plein jour,En agglomération,Intersection en X,Normale,Autre collision,,,,,,,,,,,1,2,2,1.0,6
201400033987,0014-01-02 19:57:00,14,1,2,19,57,690,259,PLACE ENNEMOND ROMAND,,,Nuit avec éclairage allumé,En agglomération,Intersection en T,Normale,Autre collision,,,,,,,,,,,5,2,3,1.0,6
201400033988,0014-01-05 18:20:00,14,1,5,18,20,690,259,"19, RUE DU CLUZEL",,,Nuit avec éclairage allumé,En agglomération,Hors intersection,Normale,Autre collision,,,,,,,,,,,5,2,1,1.0,6
201400033989,0014-01-09 11:05:00,14,1,9,11,5,690,199,"0, BOULEVARD YVES FARGE",,,Plein jour,En agglomération,Hors intersection,Vent fort / tempête,Trois véhicules et plus - en chaîne,,,,,,,,,,,1,2,1,6.0,4
201400033990,0014-01-10 17:50:00,14,1,10,17,50,690,259,"0, CLOS VERGER (DU)",,,Nuit avec éclairage allumé,En agglomération,Intersection en T,Normale,Deux véhicules - frontale,,,,,,,,,,,5,2,3,1.0,1
201400033991,0014-01-18 22:07:00,14,1,18,22,7,690,259,"0, AVENUE DU 8 MAI 1945",,,Nuit avec éclairage allumé,En agglomération,Intersection en X,Normale,Deux véhicules - côté,,,,,,,,,,,5,2,2,1.0,3
201400033992,0014-01-21 16:45:00,14,1,21,16,45,690,259,"34, BOULEVARD LAURENT GE",,,Plein jour,En agglomération,Hors intersection,Temps couvert,Autre collision,,,,,,,,,,,1,2,1,8.0,6
201400033993,0014-01-24 07:05:00,14,1,24,7,5,690,199,"14, CARNOT",,,Crépuscule ou aube,En agglomération,Hors intersection,Pluie forte,Trois véhicules et plus - collisions multiples,,,,,,,,,,,2,2,1,3.0,5
201400033994,0014-01-26 15:10:00,14,1,26,15,10,690,276,"0, ROUTE DE VIENNE",,,Plein jour,En agglomération,Intersection en X,Temps couvert,Deux véhicules - côté,,,,,,,,,,,1,2,2,8.0,3
201400033995,0014-01-29 10:50:00,14,1,29,10,50,690,259,"43, BOULEVARD AMBROISE C",,,Plein jour,En agglomération,Hors intersection,Normale,Autre collision,,,,,,,,,,,1,2,1,1.0,6
201400033996,0014-02-04 12:05:00,14,2,4,12,5,690,276,"74, ROUTE DE LYON",,,Plein jour,En agglomération,Hors intersection,Normale,Autre collision,,,,,,,,,,,1,2,1,1.0,6
201400033997,0014-02-08 15:05:00,14,2,8,15,5,690,259,RUE GAMBETTA,,,Plein jour,En agglomération,Hors intersection,Pluie légère,Autre collision,,,,,,,,,,,1,2,1,2.0,6
201400033998,0014-02-11 16:05:00,14,2,11,16,5,690,259,"0, AVENUE PIERRE SEMARD",,,Plein jour,En agglomération,Intersection en Y,Normale,Deux véhicules - côté,,,,,,,,,,,1,2,4,1.0,3
201400033999,0014-02-11 17:10:00,14,2,11,17,10,690,259,"5, BOULEVARD AMBROISE CR",,,Plein jour,En agglomération,Hors intersection,Normale,Deux véhicules - arrière,,,,,,,,,,,1,2,1,1.0,2
201400034000,0014-02-12 11:23:00,14,2,12,11,23,690,199,"0, RUE JULES GUESDE",,,Plein jour,En agglomération,Hors intersection,Normale,Autre collision,,,,,,,,,,,1,2,1,1.0,6
201400034001,0014-02-15 10:15:00,14,2,15,10,15,690,259,BOULEVARD AMBROISE CROIZ,,,Plein jour,En agglomération,Intersection en T,Normale,Deux véhicules - arrière,,,,,,,,,,,1,2,3,1.0,2
201400034002,0014-02-19 13:20:00,14,2,19,13,20,690,259,IRENE JOLIOT CURIE,,,Plein jour,En agglomération,Hors intersection,Normale,Trois véhicules et plus - collisions multiples,,,,,,,,,,,1,2,1,1.0,5
201400034003,0014-02-20 07:10:00,14,2,20,7,10,690,259,"0, RUE PRESIDENT EDOUARD",,,Crépuscule ou aube,En agglomération,Hors intersection,Normale,Autre collision,,,,,,,,,,,2,2,1,1.0,6
201400034004,0014-02-24 20:10:00,14,2,24,20,10,690,259,"48, RUE ERNEST RENAN",,,Nuit avec éclairage allumé,En agglomération,Hors intersection,Normale,Deux véhicules - frontale,,,,,,,,,,,5,2,1,1.0,1
201400034005,0014-02-21 07:30:00,14,2,21,7,30,690,259,AVENUE JEAN CAGNE,,,Plein jour,En agglomération,Giratoire,Pluie forte,Deux véhicules - arrière,,,,,,,,,,,1,2,6,3.0,2
201400034006,0014-02-21 18:35:00,14,2,21,18,35,690,199,"2, JEAN JAURES",,,Nuit sans éclairage public,En agglomération,Hors intersection,Pluie légère,Trois véhicules et plus - collisions multiples,,,,,,,,,,,3,2,1,2.0,5
201400034007,0014-02-25 14:40:00,14,2,25,14,40,690,259,"9, AVENUE MARCEL HOUEL",,,Plein jour,En agglomération,Hors intersection,Normale,Deux véhicules - arrière,,,,,,,,,,,1,2,1,1.0,2
201400034008,0014-02-27 07:25:00,14,2,27,7,25,690,199,"39, CARNOT",,,Crépuscule ou aube,En agglomération,Hors intersection,Normale,Autre collision,,,,,,,,,,,2,2,1,1.0,6
201400034009,0014-03-05 20:35:00,14,3,5,20,35,690,259,"0, PLACE JULES GRANDCLEM",,,Nuit avec éclairage allumé,En agglomération,Hors intersection,Normale,Autre collision,,,,,,,,,,,5,2,1,1.0,6
201400034010,0014-04-12 20:00:00,14,4,12,20,0,690,259,"face 42, AVENUE DU 8 MAI",,,Plein jour,En agglomération,Hors intersection,Normale,Autre collision,,,,,,,,,,,1,2,1,1.0,6
201400034011,0014-03-08 17:18:00,14,3,8,17,18,690,259,"28, BOULEVARD AMBROISE C",,,Plein jour,En agglomération,Hors intersection,Normale,Autre collision,,,,,,,,,,,1,2,1,1.0,6
201400034012,0014-03-26 20:40:00,14,3,26,20,40,690,259,AVENUE JEAN CAGNE,,,Nuit avec éclairage allumé,En agglomération,Intersection en X,Normale,Deux véhicules - côté,,,,,,,,,,,5,2,2,1.0,3
201400034013,0014-03-25 07:25:00,14,3,25,7,25,690,259,"364, ROUTE DE VIENNE",,,Plein jour,En agglomération,Hors intersection,Normale,Deux véhicules - arrière,,,,,,,,,,,1,2,1,1.0,2
201400034014,0014-03-26 17:30:00,14,3,26,17,30,690,259,"260, ROUTE DE VIENNE",,,Plein jour,En agglomération,Hors intersection,Normale,Deux véhicules - côté,,,,,,,,,,,1,2,1,1.0,3
201400034015,0014-03-27 16:40:00,14,3,27,16,40,690,276,"6, CHEMIN DE LA BOUVARDI",,,Plein jour,En agglomération,Hors intersection,Normale,Deux véhicules - frontale,,,,,,,,,,,1,2,1,1.0,1
201400034016,0014-03-27 17:50:00,14,3,27,17,50,690,259,"10, RUE LOUISE MICHEL",,,Plein jour,En agglomération,Hors intersection,Normale,Autre collision,,,,,,,,,,,1,2,1,1.0,6
201400034017,0014-04-03 16:55:00,14,4,3,16,55,690,259,"0, IRENE JOLIOT CURIE",,,Plein jour,En agglomération,Hors intersection,Normale,Autre collision,,,,,,,,,,,1,2,1,1.0,6
201400034018,0014-04-04 18:40:00,14,4,4,18,40,690,199,AVENUE ALBERT RAMBOZ,,,Plein jour,En agglomération,Hors intersection,Normale,Deux véhicules - frontale,,,,,,,,,,,1,2,1,1.0,1
201400034019,0014-04-15 11:00:00,14,4,15,11,0,690,259,"136, BOULEVARD IRENE JOL",,,Plein jour,En agglomération,Hors intersection,Normale,Autre collision,,,,,,,,,,,1,2,1,1.0,6
201400034020,0014-04-17 08:00:00,14,4,17,8,0,690,199,"0, BOULEVARD LUCIEN SAMP",,,Plein jour,En agglomération,Intersection en T,Pluie légère,Deux véhicules - côté,,,,,,,,,,,1,2,3,2.0,3
201400034021,0014-04-18 08:30:00,14,4,18,8,30,690,259,BOULEVARD IRENE JOLIOT,,,Plein jour,En agglomération,Intersection en T,Temps couvert,Deux véhicules - frontale,,,,,,,,,,,1,2,3,8.0,1
201400034022,0014-04-19 17:00:00,14,4,19,17,0,690,259,93 AVENUE JULES GUESDE,,,Plein jour,En agglomération,Hors intersection,Normale,Trois véhicules et plus - collisions multiples,,,,,,,,,,,1,2,1,1.0,5
201400034023,0014-04-20 22:20:00,14,4,20,22,20,690,259,"0, BOULEVARD AMBROISE CR",,,Nuit avec éclairage allumé,En agglomération,Intersection à plus de 4 branches,Pluie légère,Deux véhicules - côté,,,,,,,,,,,5,2,5,2.0,3
201400034024,0014-04-22 07:10:00,14,4,22,7,10,690,259,"5 bis, RUE ERNEST RENAN",,,Crépuscule ou aube,En agglomération,Intersection en X,Temps couvert,Deux véhicules - frontale,,,,,,,,,,,2,2,2,8.0,1
201400034025,0014-03-05 14:45:00,14,3,5,14,45,690,199,"41, BOULEVARD LUCIEN SAM",,,Plein jour,En agglomération,Hors intersection,Normale,Deux véhicules - côté,,,,,,,,,,,1,2,1,1.0,3
201400034026,0014-04-28 19:35:00,14,4,28,19,35,690,199,AVENUE ALBERT RAMBOZ,,,Plein jour,En agglomération,Hors intersection,Normale,Autre collision,,,,,,,,,,,1,2,1,1.0,6
201400034027,0014-04-29 08:50:00,14,4,29,8,50,690,259,"32, ALLEE DES SAVOIES",,,Plein jour,En agglomération,Intersection en T,Normale,Deux véhicules - côté,,,,,,,,,,,1,2,3,1.0,3
201400034028,0014-04-26 13:00:00,14,4,26,13,0,690,259,"0, RUE DES MARTYRS DE LA",,,Plein jour,En agglomération,Intersection en X,Normale,Sans collision,,,,,,,,,,,1,2,2,1.0,7
201400034029,0014-04-30 16:30:00,14,4,30,16,30,690,199,"6, RUE JEAN MACE",,,Plein jour,En agglomération,Hors intersection,Normale,Deux véhicules - arrière,,,,,,,,,,,1,2,1,1.0,2
201400034030,0014-05-01 14:00:00,14,5,1,14,0,690,259,"0, RUE EUGENE HENAFF",,,Plein jour,En agglomération,Intersection en T,Normale,Autre collision,,,,,,,,,,,1,2,3,1.0,6
201400034031,0014-05-01 22:35:00,14,5,1,22,35,690,259,"66, BOULEVARD IRENE JOLI",,,Nuit avec éclairage allumé,En agglomération,Hors intersection,Pluie forte,Autre collision,,,,,,,,,,,5,2,1,3.0,6
201400034032,0014-05-06 14:05:00,14,5,6,14,5,690,259,"5, AVENUE PIERRE SEMARD",,,Plein jour,En agglomération,Hors intersection,Normale,Deux véhicules - arrière,,,,,,,,,,,1,2,1,1.0,2
201400034033,0014-05-06 11:40:00,14,5,6,11,40,690,259,"110, AVENUE FRANCIS DE P",,,Plein jour,En agglomération,Hors intersection,Normale,Deux véhicules - côté,,,,,,,,,,,1,2,1,1.0,3
201400034034,0014-05-12 04:45:00,14,5,12,4,45,690,276,RUE JEAN BOUIN,,,Nuit avec éclairage allumé,Hors agglomération,Hors intersection,Normale,Deux véhicules - frontale,,,,,,,,,,,5,1,1,1.0,1
201400034035,0014-05-15 16:55:00,14,5,15,16,55,690,276,ROUTE DE VIENNE,,,Plein jour,En agglomération,Hors intersection,Normale,Deux véhicules - côté,,,,,,,,,,,1,2,1,1.0,3
201400034036,0014-05-17 17:50:00,14,5,17,17,50,690,199,"19, RUE DE LA TANNERIE",,,Plein jour,En agglomération,Hors intersection,Normale,Deux véhicules - côté,,,,,,,,,,,1,2,1,1.0,3
201400034037,0014-05-17 17:30:00,14,5,17,17,30,690,199,CARNOT,,,Plein jour,En agglomération,Intersection en T,Normale,Deux véhicules - frontale,,,,,,,,,,,1,2,3,1.0,1
201400034038,0014-05-20 14:00:00,14,5,20,14,0,690,259,"20, BOULEVARD MARCEL SEM",,,Plein jour,En agglomération,Hors intersection,Normale,Autre collision,,,,,,,,,,,1,2,1,1.0,6
201400034039,0014-05-21 10:30:00,14,5,21,10,30,690,259,"24, AVENUE MAURICE THORE",,,Plein jour,En agglomération,Hors intersection,Normale,Deux véhicules - arrière,,,,,,,,,,,1,2,1,1.0,2
201400034040,0014-05-22 16:35:00,14,5,22,16,35,690,199,"0, CARNOT",,,Plein jour,En agglomération,Intersection en X,Normale,Deux véhicules - côté,,,,,,,,,,,1,2,2,1.0,3
201400034041,0014-05-26 17:00:00,14,5,26,17,0,690,259,"63, PROFESSEUR ROUX (DU)",,,Plein jour,En agglomération,Hors intersection,Normale,Autre collision,,,,,,,,,,,1,2,1,1.0,6
201400034042,0014-05-26 20:25:00,14,5,26,20,25,690,259,"0, RUE LEO LAGRANGE",,,Crépuscule ou aube,En agglomération,Intersection en X,Pluie légère,Deux véhicules - côté,,,,,,,,,,,2,2,2,2.0,3
201400034043,0014-05-26 10:20:00,14,5,26,10,20,690,259,AVENUE MARCEL HOUEL,,,Plein jour,En agglomération,Hors intersection,Normale,Autre collision,,,,,,,,,,,1,2,1,1.0,6
201400034044,0014-04-24 11:40:00,14,4,24,11,40,690,199,RUE EMILE ZOLA,,,Plein jour,En agglomération,Hors intersection,Normale,Autre collision,,,,,,,,,,,1,2,1,1.0,6
201400034045,0014-06-18 16:50:00,14,6,18,16,50,690,259,AVENUE PIERRE SEMARD,,,Plein jour,En agglomération,Hors intersection,Normale,Trois véhicules et plus - en chaîne,,,,,,,,,,,1,2,1,1.0,4
201400034046,0014-06-19 14:21:00,14,6,19,14,21,690,259,"16, RUE ALBERT EINSTEIN",,,Plein jour,En agglomération,Hors intersection,Normale,Deux véhicules - côté,,,,,,,,,,,1,2,1,1.0,3
201400034047,0014-06-14 07:50:00,14,6,14,7,50,690,199,AVENUE ALBERT THOMAS,,,Plein jour,En agglomération,Hors intersection,Normale,Sans collision,,,,,,,,,,,1,2,1,1.0,7
201400034048,0014-06-14 21:45:00,14,6,14,21,45,690,276,"62, ROUTE DE LYON",,,Plein jour,En agglomération,Hors intersection,Normale,Autre collision,,,,,,,,,,,1,2,1,1.0,6