accident_id,datetime,annee,mois,jour,heure,minute,departement,commune_insee,adresse,latitude,longitude,luminosite,agglomeration,intersection,meteo,collision,nb_vehicules,nb_usagers,nb_indemnes,nb_tues,nb_blesses_hosp,nb_blesses_legers,age_cond_1,age_cond_2,veh_type_cond_1,veh_type_cond_2,lum_code,agg_code,int_code,atm_code,col_code
201400034177,0014-03-23 14:20:00,14,3,23,14,20,690,266,"., RUE DU CANAL",,,Plein jour,En agglomération,Intersection en T,Normale,Autre collision,,,,,,,,,,,1,2,3,1.0,6
201400034178,0014-03-19 01:50:00,14,3,19,1,50,690,266,"71, ROUTE DE GENAS",,,Nuit avec éclairage allumé,En agglomération,Intersection en T,Normale,Autre collision,,,,,,,,,,,5,2,3,1.0,6
201400034179,0014-03-13 17:18:00,14,3,13,17,18,690,266,"0, RUE DE LA DOUA",,,Plein jour,En agglomération,Intersection en X,Normale,Deux véhicules - côté,,,,,,,,,,,1,2,2,1.0,3
201400034180,0014-03-14 17:10:00,14,3,14,17,10,690,266,"210, RUE LEON BLUM",,,Plein jour,En agglomération,Intersection en X,Normale,Deux véhicules - côté,,,,,,,,,,,1,2,2,1.0,3
201400034181,0014-03-22 20:40:00,14,3,22,20,40,690,266,"., RUE LAFONTAINE",,,Nuit avec éclairage allumé,En agglomération,Intersection en X,Normale,Autre collision,,,,,,,,,,,5,2,2,1.0,6
201400034182,0014-03-25 19:50:00,14,3,25,19,50,690,266,"107, RUE DU 8 MAI 1945",,,Nuit avec éclairage allumé,En agglomération,Hors intersection,Normale,Autre collision,,,,,,,,,,,5,2,1,1.0,6
201400034183,0014-03-27 17:45:00,14,3,27,17,45,690,266,"., AVENUE ROGER SALENGRO",,,Plein jour,En agglomération,Intersection en X,Normale,Autre collision,,,,,,,,,,,1,2,2,1.0,6
201400034184,0014-03-29 10:00:00,14,3,29,10,0,690,266,"., RUE D ALSACE",,,Plein jour,En agglomération,Intersection en X,Normale,Autre collision,,,,,,,,,,,1,2,2,1.0,6
201400034185,0014-04-01 18:15:00,14,4,1,18,15,690,266,"., RUE DU 4 AOUT 1789",,,Plein jour,En agglomération,Hors intersection,Normale,Autre collision,,,,,,,,,,,1,2,1,1.0,6
201400034186,0014-04-03 16:30:00,14,4,3,16,30,690,266,"60, RUE LAFONTAINE",,,Plein jour,En agglomération,Hors intersection,Normale,Autre collision,,,,,,,,,,,1,2,1,1.0,6
201400034187,0014-04-10 08:10:00,14,4,10,8,10,690,266,"265, RUE DU 4 AOUT 1789",,,Plein jour,En agglomération,Hors intersection,Normale,Autre collision,,,,,,,,,,,1,2,1,1.0,6
201400034188,0014-04-12 07:55:00,14,4,12,7,55,690,266,"20, RUE GABRIEL PERI",,,Plein jour,En agglomération,Hors intersection,Normale,Autre collision,,,,,,,,,,,1,2,1,1.0,6
201400034189,0014-04-15 07:40:00,14,4,15,7,40,690,266,"71, RUE FRANCIS DE PRESS",,,Plein jour,En agglomération,Giratoire,Normale,Deux véhicules - côté,,,,,,,,,,,1,2,6,1.0,3
201400034190,0014-04-15 22:30:00,14,4,15,22,30,690,266,"127, AVENUE ROGER SALENG",,,Nuit avec éclairage allumé,En agglomération,Hors intersection,Normale,Autre collision,,,,,,,,,,,5,2,1,1.0,6
201400034191,0014-04-14 18:20:00,14,4,14,18,20,690,266,"., COURS TOLSTOI",,,Plein jour,En agglomération,Intersection en X,Normale,Autre collision,,,,,,,,,,,1,2,2,1.0,6
201400034192,0014-04-15 12:30:00,14,4,15,12,30,690,266,"37, RUE GERVAIS BUSSIERE",,,Plein jour,En agglomération,Hors intersection,Normale,Autre collision,,,,,,,,,,,1,2,1,1.0,6
201400034193,0014-04-19 10:20:00,14,4,19,10,20,690,266,"84, RUE DU 4 AOUT 1789",,,Plein jour,En agglomération,Hors intersection,Normale,Autre collision,,,,,,,,,,,1,2,1,1.0,6
201400034194,0014-04-19 16:30:00,14,4,19,16,30,690,266,"89, COURS EMILE ZOLA",,,Plein jour,En agglomération,Intersection en T,Normale,Autre collision,,,,,,,,,,,1,2,3,1.0,6
201400034195,0014-04-20 07:20:00,14,4,20,7,20,690,266,"44, AVENUE ROGER SALENGR",,,Plein jour,En agglomération,Hors intersection,Normale,Deux véhicules - arrière,,,,,,,,,,,1,2,1,1.0,2
201400034196,0014-04-27 05:10:00,14,4,27,5,10,690,266,"., COURS EMILE ZOLA",,,Nuit avec éclairage allumé,En agglomération,Intersection en X,Pluie légère,Autre collision,,,,,,,,,,,5,2,2,2.0,6
201400034197,0014-05-03 11:45:00,14,5,3,11,45,690,266,"., COURS TOLSTOI",,,Plein jour,En agglomération,Intersection en X,Normale,Autre collision,,,,,,,,,,,1,2,2,1.0,6
201400034198,0014-05-07 21:50:00,14,5,7,21,50,690,266,"., RUE DE L EPI DE BLE",,,Nuit avec éclairage allumé,En agglomération,Intersection en X,Normale,Autre collision,,,,,,,,,,,5,2,2,1.0,6
201400034199,0014-05-11 17:30:00,14,5,11,17,30,690,266,"7, BOULEVARD HONORE DE B",,,Plein jour,En agglomération,Hors intersection,Normale,Autre collision,,,,,,,,,,,1,2,1,1.0,6
201400034200,0014-05-15 11:10:00,14,5,15,11,10,690,266,"37, AVENUE GENERAL LECLE",,,Plein jour,En agglomération,Hors intersection,Normale,Autre collision,,,,,,,,,,,1,2,1,1.0,6
201400034201,0014-05-19 22:00:00,14,5,19,22,0,690,266,"40, RUE GEORGES COURTELI",,,Nuit avec éclairage allumé,En agglomération,Intersection en X,Normale,Autre collision,,,,,,,,,,,5,2,2,1.0,6
201400034202,0014-05-24 14:40:00,14,5,24,14,40,690,266,"., RUE VICTOR BASCH",,,Plein jour,En agglomération,Intersection en T,Normale,Autre collision,,,,,,,,,,,1,2,3,1.0,6
201400034203,0014-05-25 11:25:00,14,5,25,11,25,690,266,"295, RUE FRANCIS DE PRES",,,Plein jour,En agglomération,Hors intersection,Normale,Autre collision,,,,,,,,,,,1,2,1,1.0,6
201400034204,0014-05-29 16:37:00,14,5,29,16,37,690,266,"39 BIS, RUE DU 8 MAI 194",,,Plein jour,En agglomération,Hors intersection,Normale,Autre collision,,,,,,,,,,,1,2,1,1.0,6
201400034205,0014-05-29 17:15:00,14,5,29,17,15,690,266,"176, RUE DE LA POUDRETTE",,,Plein jour,En agglomération,Intersection en T,Normale,Deux véhicules - côté,,,,,,,,,,,1,2,3,1.0,3
201400034206,0014-05-28 21:20:00,14,5,28,21,20,690,266,"54, BOULEVARD NIELS BOHR",,,Nuit avec éclairage non allumé,En agglomération,Hors intersection,Normale,Autre collision,,,,,,,,,,,4,2,1,1.0,6
201400034207,0014-06-03 18:25:00,14,6,3,18,25,690,266,"34 BIS, RUE DE LA FEYSSI",,,Plein jour,En agglomération,Hors intersection,Normale,Autre collision,,,,,,,,,,,1,2,1,1.0,6
201400034208,0014-06-08 01:30:00,14,6,8,1,30,690,266,"0, COURS DE LA REPUBLIQU",,,Nuit avec éclairage non allumé,En agglomération,Intersection en X,Normale,Deux véhicules - côté,,,,,,,,,,,4,2,2,1.0,3
201400034209,0014-06-15 15:25:00,14,6,15,15,25,690,266,"1, RUE HENRI ROLLAND",,,Plein jour,En agglomération,Hors intersection,Normale,Autre collision,,,,,,,,,,,1,2,1,1.0,6
201400034210,0014-06-16 12:35:00,14,6,16,12,35,690,266,"45, AVENUE ROGER SALENGR",,,Plein jour,En agglomération,Intersection en X,Normale,Autre collision,,,,,,,,,,,1,2,2,1.0,6
201400034211,0014-06-16 16:30:00,14,6,16,16,30,690,266,"0, RUE JEAN JAURES",,,Plein jour,En agglomération,Intersection en T,Temps éblouissant,Deux véhicules - côté,,,,,,,,,,,1,2,3,7.0,3
201400034212,0014-06-20 14:15:00,14,6,20,14,15,690,266,"0, RUE EDOUARD AYNARD",,,Plein jour,En agglomération,Intersection en X,Normale,Deux véhicules - côté,,,,,,,,,,,1,2,2,1.0,3
201400034213,0014-06-21 10:30:00,14,6,21,10,30,690,266,"0, BOULEVARD DU 11 NOVEM",,,Plein jour,En agglomération,Intersection en X,Normale,Autre collision,,,,,,,,,,,1,2,2,1.0,6
201400034214,0014-06-23 17:00:00,14,6,23,17,0,690,266,"93, RUE DU 4 AOUT 1789",,,Plein jour,En agglomération,Intersection en T,Normale,Deux véhicules - frontale,,,,,,,,,,,1,2,3,1.0,1
201400034215,0014-06-26 23:20:00,14,6,26,23,20,690,266,"0, PONT DE CUSSET",,,Nuit avec éclairage allumé,En agglomération,Hors intersection,Normale,Deux véhicules - arrière,,,,,,,,,,,5,2,1,1.0,2
201400034216,0014-06-28 13:45:00,14,6,28,13,45,690,266,"0, RUE VICTOR BASCH",,,Plein jour,En agglomération,Intersection en T,Normale,Deux véhicules - côté,,,,,,,,,,,1,2,3,1.0,3
201400034217,0014-06-30 21:30:00,14,6,30,21,30,690,266,"0, RUE DE LA POUDRETTE",,,Plein jour,En agglomération,Intersection en T,Normale,Deux véhicules - côté,,,,,,,,,,,1,2,3,1.0,3
201400034218,0014-07-01 18:25:00,14,7,1,18,25,690,266,"98, AVENUE ROGER SALENGR",,,Plein jour,En agglomération,Hors intersection,Normale,Autre collision,,,,,,,,,,,1,2,1,1.0,6
201400034219,0014-07-03 16:10:00,14,7,3,16,10,690,266,"., COURS EMILE ZOLA",,,Plein jour,En agglomération,Intersection en X,Normale,Autre collision,,,,,,,,,,,1,2,2,1.0,6
201400034220,0014-07-05 14:17:00,14,7,5,14,17,690,266,"., RUE DES CHARMETTES",,,Plein jour,En agglomération,Giratoire,Normale,Autre collision,,,,,,,,,,,1,2,6,1.0,6
201400034221,0014-07-17 10:50:00,14,7,17,10,50,690,266,"0, RUE DEDIEU",,,Plein jour,En agglomération,Intersection en X,Normale,Deux véhicules - côté,,,,,,,,,,,1,2,2,1.0,3
201400034222,0014-07-22 15:40:00,14,7,22,15,40,690,266,"0, BOULEVARD DU 11 NOVEM",,,Plein jour,En agglomération,Intersection en X,Temps couvert,Deux véhicules - côté,,,,,,,,,,,1,2,2,8.0,3
201400034223,0014-07-24 06:35:00,14,7,24,6,35,690,266,MONIN-BONNEVAY,,,Plein jour,En agglomération,Intersection en T,Normale,Sans collision,,,,,,,,,,,1,2,3,1.0,7
201400034224,0014-07-24 07:00:00,14,7,24,7,0,690,266,"168, AVENUE ROGER SALENG",,,Plein jour,En agglomération,Intersection en T,Normale,Autre collision,,,,,,,,,,,1,2,3,1.0,6
201400034225,0014-07-27 20:55:00,14,7,27,20,55,690,266,"34, RUE DU BEL AIR",,,Plein jour,En agglomération,Hors intersection,Normale,Deux véhicules - frontale,,,,,,,,,,,1,2,1,1.0,1
201400034226,0014-08-03 07:10:00,14,8,3,7,10,690,266,"29, RUE RACINE",,,Crépuscule ou aube,En agglomération,Hors intersection,Normale,Autre collision,,,,,,,,,,,2,2,1,1.0,6
201400034227,0014-07-20 14:40:00,14,7,20,14,40,690,266,"0, RUE VICTOR BASCH",,,Plein jour,En agglomération,Intersection en Y,Pluie forte,Deux véhicules - côté,,,,,,,,,,,1,2,4,3.0,3
201400034228,0014-08-11 18:45:00,14,8,11,18,45,690,266,"45, RUE LEON BLUM",,,Plein jour,En agglomération,Hors intersection,Normale,Autre collision,,,,,,,,,,,1,2,1,1.0,6
201400034229,0014-08-12 15:25:00,14,8,12,15,25,690,266,"0, RUE EDOUARD VAILLANT",,,Plein jour,En agglomération,Intersection en X,Normale,Deux véhicules - côté,,,,,,,,,,,1,2,2,1.0,3
201400034230,0014-08-20 17:00:00,14,8,20,17,0,690,266,"face 1, RUE NICOLAS GARN",,,Plein jour,En agglomération,Giratoire,Normale,Autre collision,,,,,,,,,,,1,2,6,1.0,6
201400034231,0014-08-28 16:00:00,14,8,28,16,0,690,266,"0, RUE DES ANTONINS",,,Plein jour,En agglomération,Intersection en X,Normale,Deux véhicules - côté,,,,,,,,,,,1,2,2,1.0,3
201400034232,0014-08-23 22:10:00,14,8,23,22,10,690,266,"., RUE LOUIS BECKER",,,Nuit avec éclairage allumé,En agglomération,Intersection en X,Normale,Autre collision,,,,,,,,,,,5,2,2,1.0,6
201400034233,0014-08-26 11:10:00,14,8,26,11,10,690,266,"0, BOULEVARD DE LA BATAI",,,Plein jour,En agglomération,Intersection en T,Normale,Deux véhicules - côté,,,,,,,,,,,1,2,3,1.0,3
201400034234,0014-08-27 10:20:00,14,8,27,10,20,690,266,"24, RUE ANTONIN PERRIN",,,Plein jour,En agglomération,Intersection en X,Normale,Autre collision,,,,,,,,,,,1,2,2,1.0,6
201400034235,0014-08-31 20:55:00,14,8,31,20,55,690,266,"0, RUE DES COQUELICOTS",,,Nuit avec éclairage allumé,En agglomération,Intersection en X,Normale,Deux véhicules - côté,,,,,,,,,,,5,2,2,1.0,3
201400034236,0014-09-05 19:00:00,14,9,5,19,0,690,266,"0, RUE DU 4 SEPTEMBRE 17",,,Plein jour,En agglomération,Hors intersection,Normale,Sans collision,,,,,,,,,,,1,2,1,1.0,7
201400034237,0014-09-13 22:05:00,14,9,13,22,5,690,266,"0, PONT DE CROIX LUIZET",,,Nuit sans éclairage public,En agglomération,Hors intersection,Normale,Deux véhicules - frontale,,,,,,,,,,,3,2,1,1.0,1
201400034238,0014-09-06 10:20:00,14,9,6,10,20,690,266,"425, COURS EMILE ZOLA",,,Plein jour,En agglomération,Hors intersection,Normale,Trois véhicules et plus - en chaîne,,,,,,,,,,,1,2,1,1.0,4
201400034239,0014-09-17 20:00:00,14,9,17,20,0,690,266,"0, RUE MELZET",,,Nuit avec éclairage allumé,En agglomération,Intersection en T,Normale,Deux véhicules - côté,,,,,,,,,,,5,2,3,1.0,3
201400034240,0014-09-27 14:25:00,14,9,27,14,25,690,266,"243, COURS EMILE ZOLA",,,Plein jour,En agglomération,Hors intersection,Normale,Deux véhicules - côté,,,,,,,,,,,1,2,1,1.0,3
201400034241,0014-09-29 22:30:00,14,9,29,22,30,690,266,"188, AVENUE ROGER SALENG",,,Nuit avec éclairage allumé,En agglomération,Intersection en X,Normale,Deux véhicules - côté,,,,,,,,,,,5,2,2,1.0,3
201400034242,0014-09-24 20:00:00,14,9,24,20,0,690,266,"0, PONT RAYMOND POINCARE",,,Nuit avec éclairage allumé,En agglomération,Hors intersection,Pluie légère,Deux véhicules - côté,,,,,,,,,,,5,2,1,2.0,3
201400034243,0014-09-24 16:20:00,14,9,24,16,20,690,266,"0, COURS EMILE ZOLA",,,Plein jour,En agglomération,Intersection en X,Normale,Sans collision,,,,,,,,,,,1,2,2,1.0,7
201400034244,0014-10-03 17:00:00,14,10,3,17,0,690,266,"338, COURS EMILE ZOLA",,,Plein jour,En agglomération,Intersection en T,Normale,Trois véhicules et plus - en chaîne,,,,,,,,,,,1,2,3,1.0,4
201400034245,0014-10-04 22:00:00,14,10,4,22,0,690,266,"3, AVENUE ALBERT EINSTEI",,,Nuit avec éclairage allumé,En agglomération,Hors intersection,Normale,Autre collision,,,,,,,,,,,5,2,1,1.0,6
201400034246,0014-10-07 15:05:00,14,10,7,15,5,690,266,"0, RUE PASCAL",,,Plein jour,En agglomération,Intersection en X,Pluie légère,Deux véhicules - côté,,,,,,,,,,,1,2,2,2.0,3
201400034247,0014-10-07 11:40:00,14,10,7,11,40,690,266,"169, COURS TOLSTOI",,,Plein jour,En agglomération,Hors intersection,Normale,Autre collision,,,,,,,,,,,1,2,1,1.0,6
201400034248,0014-10-06 17:00:00,14,10,6,17,0,690,266,"18, RUE PAUL VERLAINE",,,Plein jour,En agglomération,Hors intersection,Normale,Autre collision,,,,,,,,,,,1,2,1,1.0,6
201400034249,0014-10-10 01:43:00,14,10,10,1,43,690,266,"0, BOULEVARD LAURENT BON",,,Nuit avec éclairage allumé,En agglomération,Hors intersection,Pluie forte,Autre collision,,,,,,,,,,,5,2,1,3.0,6
201400034250,0014-10-18 12:55:00,14,10,18,12,55,690,266,"211, COURS EMILE ZOLA",,,Plein jour,En agglomération,Intersection en X,Normale,Autre collision,,,,,,,,,,,1,2,2,1.0,6
201400034251,0014-10-19 13:30:00,14,10,19,13,30,690,266,"51, PLACE JULES GRANDCLE",,,Plein jour,En agglomération,Hors intersection,Normale,Autre collision,,,,,,,,,,,1,2,1,1.0,6
201400034252,0014-10-23 07:50:00,14,10,23,7,50,690,266,"0, RUE FRANCIS DE PRESSE",,,Plein jour,En agglomération,Intersection en T,Normale,Deux véhicules - côté,,,,,,,,,,,1,2,3,1.0,3
201400034253,0014-10-23 14:15:00,14,10,23,14,15,690,266,"51, COURS EMILE ZOLA",,,Plein jour,En agglomération,Intersection en X,Normale,Deux véhicules - côté,,,,,,,,,,,1,2,2,1.0,3
201400034254,0014-10-26 04:30:00,14,10,26,4,30,690,266,"., BOULEVARD DE LA BATAI",,,Nuit avec éclairage allumé,En agglomération,Intersection en T,Normale,Autre collision,,,,,,,,,,,5,2,3,1.0,6
201400034255,0014-10-08 19:25:00,14,10,8,19,25,690,266,28 AVENUE ROGER SALENGR,,,Nuit avec éclairage allumé,En agglomération,Hors intersection,Normale,Deux véhicules - arrière,,,,,,,,,,,5,2,1,1.0,2
201400034256,0014-10-23 10:15:00,14,10,23,10,15,690,266,"331, RUE FRANCIS DE PRES",,,Plein jour,En agglomération,Hors intersection,Normale,Autre collision,,,,,,,,,,,1,2,1,1.0,6
201400034257,0014-10-27 08:15:00,14,10,27,8,15,690,266,"0, RUE CHARRIN",,,Plein jour,En agglomération,Intersection en T,Normale,Deux véhicules - côté,,,,,,,,,,,1,2,3,1.0,3
201400034258,0014-11-02 16:50:00,14,11,2,16,50,690,266,"., AVENUE MARCEL CERDAN",,,Plein jour,En agglomération,Intersection en T,Normale,Autre collision,,,,,,,,,,,1,2,3,1.0,6
201400034259,0014-03-15 21:05:00,14,3,15,21,5,690,266,"0, RUE LEON BLUM",,,Nuit avec éclairage allumé,En agglomération,Intersection en X,Normale,Deux véhicules - côté,,,,,,,,,,,5,2,2,1.0,3
201400034260,0014-11-07 14:10:00,14,11,7,14,10,690,266,"63, AVENUE ROGER SALENGR",,,Plein jour,En agglomération,Hors intersection,Pluie légère,Autre collision,,,,,,,,,,,1,2,1,2.0,6
201400034261,0014-11-10 09:40:00,14,11,10,9,40,690,266,"30, RUE GABRIEL PERI",,,Plein jour,En agglomération,Hors intersection,Pluie légère,Autre collision,,,,,,,,,,,1,2,1,2.0,6
201400034262,0014-10-11 18:35:00,14,10,11,18,35,690,386,"., AVENUE VERGUIN",,,Crépuscule ou aube,En agglomération,Intersection en X,Normale,Autre collision,,,,,,,,,,,2,2,2,1.0,6
201400034263,0014-11-12 15:05:00,14,11,12,15,5,690,266,"33, RUE FRANCIS DE PRESS",,,Plein jour,En agglomération,Giratoire,Pluie légère,Autre collision,,,,,,,,,,,1,2,6,2.0,6
201400034264,0014-11-15 16:50:00,14,11,15,16,50,690,266,"59, AVENUE GENERAL LECLE",,,Plein jour,En agglomération,Intersection en T,Normale,Deux véhicules - côté,,,,,,,,,,,1,2,3,1.0,3
201400034265,0014-11-17 17:00:00,14,11,17,17,0,690,266,"0, RUE HENRI LEGAY",,,Plein jour,En agglomération,Hors intersection,Normale,Sans collision,,,,,,,,,,,1,2,1,1.0,7
201400034266,0014-11-12 16:55:00,14,11,12,16,55,690,266,"171, COURS EMILE ZOLA",,,Crépuscule ou aube,En agglomération,Intersection en X,Temps couvert,Autre collision,,,,,,,,,,,2,2,2,8.0,6
201400034267,0014-11-19 18:20:00,14,11,19,18,20,690,266,"169, COURS TOLSTOI",,,Nuit avec éclairage allumé,En agglomération,Hors intersection,Normale,Autre collision,,,,,,,,,,,5,2,1,1.0,6
201400034268,0014-11-21 16:10:00,14,11,21,16,10,690,266,"., COURS EMILE ZOLA",,,Plein jour,En agglomération,Intersection en T,Normale,Autre collision,,,,,,,,,,,1,2,3,1.0,6
201400034269,0014-11-25 10:45:00,14,11,25,10,45,690,29,"294, ROUTE DE GENAS",,,Plein jour,En agglomération,Intersection en X,Normale,Deux véhicules - côté,,,,,,,,,,,1,2,2,1.0,3
201400034270,0014-12-01 17:08:00,14,12,1,17,8,690,266,"., PLACE DES MAISONS NEU",,,Nuit avec éclairage allumé,En agglomération,Hors intersection,Normale,Autre collision,,,,,,,,,,,5,2,1,1.0,6
201400034271,0014-12-02 17:00:00,14,12,2,17,0,690,266,"247, COURS EMILE ZOLA",,,Nuit avec éclairage allumé,En agglomération,Hors intersection,Normale,Autre collision,,,,,,,,,,,5,2,1,1.0,6
201400034272,0014-12-03 11:20:00,14,12,3,11,20,690,266,"247, COURS EMILE ZOLA",,,Plein jour,En agglomération,Hors intersection,Normale,Autre collision,,,,,,,,,,,1,2,1,1.0,6
201400034273,0014-12-02 18:15:00,14,12,2,18,15,690,266,"0, COURS ANDRE PHILIP",,,Nuit avec éclairage allumé,En agglomération,Giratoire,Pluie légère,Autre collision,,,,,,,,,,,5,2,6,2.0,6
201400034274,0014-12-07 18:40:00,14,12,7,18,40,690,266,"., RUE JEAN CLAUDE VIVAN",,,Nuit sans éclairage public,En agglomération,Intersection en X,Temps couvert,Autre collision,,,,,,,,,,,3,2,2,8.0,6
201400034275,0014-11-28 13:50:00,14,11,28,13,50,690,266,COURS EMILE ZOLA,,,Plein jour,En agglomération,Hors intersection,Normale,Autre collision,,,,,,,,,,,1,2,1,1.0,6
201400034276,0014-12-08 19:53:00,14,12,8,19,53,690,266,"29, RUE DOCTEUR ROLLET",,,Nuit avec éclairage allumé,En agglomération,Hors intersection,Normale,Autre collision,,,,,,,,,,,5,2,1,1.0,6
201400034277,0014-12-09 09:38:00,14,12,9,9,38,690,266,"144, RUE LEON BLUM",,,Plein jour,En agglomération,Hors intersection,Normale,Deux véhicules - côté,,,,,,,,,,,1,2,1,1.0,3
201400034278,0014-12-10 18:20:00,14,12,10,18,20,690,266,"0, AVENUE ROGER SALENGRO",,,Nuit avec éclairage allumé,En agglomération,Intersection en X,Pluie légère,Autre collision,,,,,,,,,,,5,2,2,2.0,6
201400034279,0014-12-16 18:10:00,14,12,16,18,10,690,266,"17, COURS TOLSTOI",,,Nuit avec éclairage allumé,En agglomération,Intersection en T,Normale,Autre collision,,,,,,,,,,,5,2,3,1.0,6
201400034280,0014-12-17 16:35:00,14,12,17,16,35,690,266,BOULEVARD LAURENT BONNEV,,,Plein jour,En agglomération,Hors intersection,Pluie forte,Autre collision,,,,,,,,,,,1,2,1,3.0,6
201400034281,0014-12-18 19:45:00,14,12,18,19,45,690,266,"., AVENUE AUGUSTE BLANQU",,,Nuit avec éclairage allumé,En agglomération,Intersection en T,Pluie légère,Autre collision,,,,,,,,,,,5,2,3,2.0,6
201400034282,0014-12-17 18:00:00,14,12,17,18,0,690,266,"., RUE EMILE DECORPS",,,Nuit avec éclairage allumé,En agglomération,Intersection en X,Pluie forte,Autre collision,,,,,,,,,,,5,2,2,3.0,6
201400034283,0014-12-15 17:00:00,14,12,15,17,0,690,266,"19, RUE POIZAT",,,Nuit avec éclairage non allumé,En agglomération,Hors intersection,Normale,Autre collision,,,,,,,,,,,4,2,1,1.0,6
201400034284,0014-12-16 23:00:00,14,12,16,23,0,690,266,"427, COURS EMILE ZOLA",,,Nuit avec éclairage allumé,En agglomération,Hors intersection,Pluie légère,Autre collision,,,,,,,,,,,5,2,1,2.0,6
201400034285,0014-12-27 19:40:00,14,12,27,19,40,690,266,"., AVENUE ROGER SALENGRO",,,Nuit avec éclairage allumé,En agglomération,Intersection en X,Normale,Autre collision,,,,,,,,,,,5,2,2,1.0,6
201400034286,0014-12-28 01:00:00,14,12,28,1,0,690,266,"., ALLEE DU RHONE",,,Nuit avec éclairage allumé,En agglomération,Intersection en X,Pluie légère,Autre collision,,,,,,,,,,,5,2,2,2.0,6
201400034287,0014-12-17 22:45:00,14,12,17,22,45,690,266,"50, COURS DE LA REPUBLIQ",,,Nuit avec éclairage allumé,En agglomération,Hors intersection,Pluie forte,Deux véhicules - côté,,,,,,,,,,,5,2,1,3.0,3
201400034288,0014-01-06 15:00:00,14,1,6,15,0,690,275,"0, AVENUE BERNARD PALISS",,,Plein jour,En agglomération,Intersection en T,Normale,Deux véhicules - frontale,,,,,,,,,,,1,2,3,1.0,1
201400034289,0014-01-27 07:25:00,14,1,27,7,25,690,275,"., RUE RASPAIL",,,Crépuscule ou aube,En agglomération,Intersection en X,Temps couvert,Autre collision,,,,,,,,,,,2,2,2,8.0,6
201400034290,0014-01-31 19:30:00,14,1,31,19,30,690,275,"52, AVENUE JEAN JAURES",,,Nuit avec éclairage allumé,En agglomération,Hors intersection,Normale,Autre collision,,,,,,,,,,,5,2,1,1.0,6
201400034291,0014-02-11 21:30:00,14,2,11,21,30,690,275,"., AVENUE EDOUARD HERRIO",,,Nuit avec éclairage allumé,En agglomération,Giratoire,Normale,Autre collision,,,,,,,,,,,5,2,6,1.0,6
201400034292,0014-03-24 16:55:00,14,3,24,16,55,690,275,"180, RUE EMILE ZOLA",,,Plein jour,En agglomération,Hors intersection,Temps couvert,Autre collision,,,,,,,,,,,1,2,1,8.0,6
201400034293,0014-04-01 21:00:00,14,4,1,21,0,690,275,"., RUE DE LA FRATERNITE",,,Nuit avec éclairage allumé,En agglomération,Intersection en X,Normale,Autre collision,,,,,,,,,,,5,2,2,1.0,6
201400034294,0014-04-11 16:15:00,14,4,11,16,15,690,275,"55, RUE DE LA FRATERNITE",,,Plein jour,En agglomération,Hors intersection,Temps couvert,Autre collision,,,,,,,,,,,1,2,1,8.0,6
201400034295,0014-04-14 09:30:00,14,4,14,9,30,690,275,"26, BOULEVARD CHARLES DE",,,Plein jour,En agglomération,Hors intersection,Normale,Autre collision,,,,,,,,,,,1,2,1,1.0,6
201400034296,0014-04-26 21:42:00,14,4,26,21,42,690,275,"1, AVENUE JEAN JAURES",,,Nuit avec éclairage allumé,En agglomération,Intersection en X,Pluie forte,Autre collision,,,,,,,,,,,5,2,2,3.0,6
201400034297,0014-05-25 16:40:00,14,5,25,16,40,690,275,"0, CHEMIN DU MACHET",,,Plein jour,En agglomération,Hors intersection,Normale,Autre collision,,,,,,,,,,,1,2,1,1.0,6
201400034298,0014-06-08 03:30:00,14,6,8,3,30,690,275,"183, AVENUE FRANKLIN ROO",,,Nuit avec éclairage allumé,En agglomération,Hors intersection,Normale,Autre collision,,,,,,,,,,,5,2,1,1.0,6
201400034299,0014-06-25 16:05:00,14,6,25,16,5,690,275,"., RUE PAUL BERT",,,Plein jour,En agglomération,Hors intersection,Normale,Autre collision,,,,,,,,,,,1,2,1,1.0,6
201400034300,0014-07-05 18:00:00,14,7,5,18,0,690,275,RUE DE LA FRATERNITE,,,Plein jour,En agglomération,Intersection en X,Normale,Autre collision,,,,,,,,,,,1,2,2,1.0,6
201400034301,0014-08-22 16:35:00,14,8,22,16,35,690,275,"170, AVENUE JEAN JAURES",,,Plein jour,En agglomération,Intersection en T,Normale,Autre collision,,,,,,,,,,,1,2,3,1.0,6
201400034302,0014-10-01 07:45:00,14,10,1,7,45,690,275,"3, ROUTE DE JONAGE",,,Plein jour,En agglomération,Hors intersection,Normale,Deux véhicules - côté,,,,,,,,,,,1,2,1,1.0,3
201400034303,0014-09-11 17:40:00,14,9,11,17,40,690,275,"0, BOULEVARD CHARLES DE",,,Plein jour,En agglomération,Giratoire,Normale,Deux véhicules - arrière,,,,,,,,,,,1,2,6,1.0,2
201400034304,0014-10-02 10:00:00,14,10,2,10,0,690,275,"0, RUE EMILE BERTRAND",,,Plein jour,En agglomération,Intersection en Y,Normale,Deux véhicules - frontale,,,,,,,,,,,1,2,4,1.0,1
201400034305,0014-10-09 14:05:00,14,10,9,14,5,690,275,"289, AVENUE JEAN JAURES",,,Plein jour,En agglomération,Hors intersection,Normale,Deux véhicules - côté,,,,,,,,,,,1,2,1,1.0,3
201400034306,0014-11-05 13:05:00,14,11,5,13,5,690,275,"49, AVENUE FRANKLIN ROOS",,,Plein jour,En agglomération,Hors intersection,Pluie légère,Autre collision,,,,,,,,,,,1,2,1,2.0,6