accident_id,datetime,annee,mois,jour,heure,minute,departement,commune_insee,adresse,latitude,longitude,luminosite,agglomeration,intersection,meteo,collision,nb_vehicules,nb_usagers,nb_indemnes,nb_tues,nb_blesses_hosp,nb_blesses_legers,age_cond_1,age_cond_2,veh_type_cond_1,veh_type_cond_2,lum_code,agg_code,int_code,atm_code,col_code
201400034307,0014-11-05 18:55:00,14,11,5,18,55,690,275,"0, AVENUE JEAN JAURES",,,Nuit avec éclairage allumé,En agglomération,Intersection en T,Normale,Autre collision,,,,,,,,,,,5,2,3,1.0,6
201400034308,0014-11-12 10:00:00,14,11,12,10,0,690,275,"108, RUE DE LA REPUBLIQU",,,Plein jour,En agglomération,Hors intersection,Pluie légère,Sans collision,,,,,,,,,,,1,2,1,2.0,7
201400034309,0014-11-19 19:35:00,14,11,19,19,35,690,275,"61, RUE RASPAIL",,,Nuit avec éclairage allumé,En agglomération,Intersection en T,Pluie légère,Deux véhicules - côté,,,,,,,,,,,5,2,3,2.0,3
201400034310,0014-12-09 17:50:00,14,12,9,17,50,690,275,"39, RUE MARCEAU",,,Nuit avec éclairage allumé,En agglomération,Hors intersection,Normale,Trois véhicules et plus - collisions multiples,,,,,,,,,,,5,2,1,1.0,5
201400034311,0014-12-16 18:50:00,14,12,16,18,50,690,275,"16, AVENUE LOUISE MICHEL",,,Nuit avec éclairage allumé,En agglomération,Intersection en T,Normale,Autre collision,,,,,,,,,,,5,2,3,1.0,6
201400034312,0014-02-11 23:30:00,14,2,11,23,30,690,282,"., RUE DE LA REPUBLIQUE",,,Nuit avec éclairage allumé,En agglomération,Intersection en T,Pluie légère,Autre collision,,,,,,,,,,,5,2,3,2.0,6
201400034313,0014-03-07 00:10:00,14,3,7,0,10,690,282,"., AVENUE DE VERDUN",,,Nuit avec éclairage allumé,En agglomération,Giratoire,Normale,Deux véhicules - arrière,,,,,,,,,,,5,2,6,1.0,2
201400034314,0014-03-08 19:50:00,14,3,8,19,50,690,282,"., BOULEVARD PIERRE MEND",,,Nuit avec éclairage allumé,En agglomération,Giratoire,Normale,Autre collision,,,,,,,,,,,5,2,6,1.0,6
201400034315,0014-05-26 13:35:00,14,5,26,13,35,690,282,"., CHEMIN DES TACHES",,,Plein jour,En agglomération,Intersection en T,Normale,Autre collision,,,,,,,,,,,1,2,3,1.0,6
201400034316,0014-05-28 20:55:00,14,5,28,20,55,690,282,"., AVENUE DE VERDUN",,,Plein jour,En agglomération,Intersection en X,Normale,Autre collision,,,,,,,,,,,1,2,2,1.0,6
201400034317,0014-11-05 11:25:00,14,11,5,11,25,690,282,"56, RUE DU 8 MAI 1945",,,Plein jour,En agglomération,Intersection en T,Pluie légère,Autre collision,,,,,,,,,,,1,2,3,2.0,6
201400034318,0014-11-05 18:00:00,14,11,5,18,0,690,282,"16, AV DOCTEUR SCHWEI",,,Crépuscule ou aube,En agglomération,Intersection en T,Pluie légère,Autre collision,,,,,,,,,,,2,2,3,2.0,6
201400034319,0014-11-28 19:30:00,14,11,28,19,30,690,282,"0, AVENUE HECTOR BERLIOZ",,,Nuit avec éclairage allumé,En agglomération,Hors intersection,Normale,Autre collision,,,,,,,,,,,5,2,1,1.0,6
201400034320,0014-11-29 12:50:00,14,11,29,12,50,690,282,"3, RUE COSTE ET BELLONTE",,,Plein jour,En agglomération,Intersection en Y,Normale,Autre collision,,,,,,,,,,,1,2,4,1.0,6
201400034321,0014-12-22 18:15:00,14,12,22,18,15,690,282,"., RUE DE LA REPUBLIQUE",,,Nuit sans éclairage public,En agglomération,Giratoire,Brouillard / fumée,Autre collision,,,,,,,,,,,3,2,6,5.0,6
201400034322,0014-12-30 00:15:00,14,12,30,0,15,690,282,"8 ter, RUE DE LA REPUBLI",,,Nuit avec éclairage allumé,En agglomération,Hors intersection,Normale,Autre collision,,,,,,,,,,,5,2,1,1.0,6
201400034323,0014-02-04 17:45:00,14,2,4,17,45,690,286,AVENUE DE L HIPPODROME,,,Nuit avec éclairage allumé,En agglomération,Intersection en T,Pluie légère,Deux véhicules - côté,,,,,,,,,,,5,2,3,2.0,3
201400034324,0014-02-04 17:30:00,14,2,4,17,30,690,286,"66, AVENUE DE L EUROPE",,,Plein jour,En agglomération,Hors intersection,Temps éblouissant,Autre collision,,,,,,,,,,,1,2,1,7.0,6
201400034325,0014-02-22 10:45:00,14,2,22,10,45,690,286,"74, ROUTE DE GENEVE",,,Plein jour,En agglomération,Autre intersection,Normale,Deux véhicules - côté,,,,,,,,,,,1,2,9,1.0,3
201400034326,0014-02-26 08:30:00,14,2,26,8,30,690,286,ROUTE DE STRASBOURG,,,Plein jour,Hors agglomération,Hors intersection,Pluie forte,Deux véhicules - côté,,,,,,,,,,,1,1,1,3.0,3
201400034327,0014-03-29 17:45:00,14,3,29,17,45,690,286,"83, AVENUE DE L EUROPE",,,Plein jour,En agglomération,Hors intersection,Normale,Deux véhicules - arrière,,,,,,,,,,,1,2,1,1.0,2
201400034328,0014-04-07 13:45:00,14,4,7,13,45,690,286,"118, ROUTE DE GENEVE",,,Plein jour,En agglomération,Hors intersection,Normale,Deux véhicules - arrière,,,,,,,,,,,1,2,1,1.0,2
201400034329,0014-04-14 07:15:00,14,4,14,7,15,690,286,"840, ROUTE DU MAS RILLIE",,,Plein jour,En agglomération,Hors intersection,Normale,Autre collision,,,,,,,,,,,1,2,1,1.0,6
201400034330,0014-05-04 21:20:00,14,5,4,21,20,690,286,"191, RUE CAPITAINE JULIE",,,Nuit avec éclairage allumé,En agglomération,Intersection en X,Normale,Deux véhicules - frontale,,,,,,,,,,,5,2,2,1.0,1
201400034331,0014-07-09 17:50:00,14,7,9,17,50,690,286,"3070, ROUTE DE STRASBOUR",,,Plein jour,En agglomération,Hors intersection,Normale,Deux véhicules - arrière,,,,,,,,,,,1,2,1,1.0,2
201400034332,0014-05-20 18:35:00,14,5,20,18,35,690,286,"264, ROUTE DE STRASBOURG",,,Plein jour,En agglomération,Hors intersection,Normale,Deux véhicules - côté,,,,,,,,,,,1,2,1,1.0,3
201400034333,0014-07-03 21:15:00,14,7,3,21,15,690,286,"1, CHEMIN DES MARTYRS",,,Crépuscule ou aube,En agglomération,Hors intersection,Normale,Autre collision,,,,,,,,,,,2,2,1,1.0,6
201400034334,0014-06-01 12:45:00,14,6,1,12,45,690,286,"15, ROUTE DE STRASBOURG",,,Plein jour,En agglomération,Hors intersection,Normale,Trois véhicules et plus - en chaîne,,,,,,,,,,,1,2,1,1.0,4
201400034335,0014-06-03 14:00:00,14,6,3,14,0,690,286,"58, AVENUE DE L EUROPE",,,Plein jour,En agglomération,Hors intersection,Normale,Autre collision,,,,,,,,,,,1,2,1,1.0,6
201400034336,0014-06-06 16:17:00,14,6,6,16,17,690,286,"24, ROUTE DE GENEVE",,,Plein jour,En agglomération,Hors intersection,Normale,Autre collision,,,,,,,,,,,1,2,1,1.0,6
201400034337,0014-06-21 09:15:00,14,6,21,9,15,690,286,"2133, ROUTE DE STRASBOUR",,,Plein jour,En agglomération,Hors intersection,Normale,Deux véhicules - arrière,,,,,,,,,,,1,2,1,1.0,2
201400034338,0014-06-23 13:40:00,14,6,23,13,40,690,286,"83, AVENUE DE L EUROPE",,,Plein jour,En agglomération,Hors intersection,Normale,Deux véhicules - arrière,,,,,,,,,,,1,2,1,1.0,2
201400034339,0014-07-17 07:45:00,14,7,17,7,45,690,286,"SANS, RUE MARYSE BASTIE",,,Plein jour,Hors agglomération,Intersection en T,Temps éblouissant,Deux véhicules - côté,,,,,,,,,,,1,1,3,7.0,3
201400034340,0014-07-31 17:50:00,14,7,31,17,50,690,286,"2179, AVENUE DE L EUROPE",,,Plein jour,En agglomération,Hors intersection,Normale,Autre collision,,,,,,,,,,,1,2,1,1.0,6
201400034341,0014-10-17 17:55:00,14,10,17,17,55,690,286,CHEMIN DE SATHONAY VILLA,,,Plein jour,Hors agglomération,Intersection en X,Normale,Deux véhicules - côté,,,,,,,,,,,1,1,2,1.0,3
201400034342,0014-08-04 19:45:00,14,8,4,19,45,690,286,"130, AVENUE DE L INDUSTR",,,Plein jour,En agglomération,Hors intersection,Pluie forte,Sans collision,,,,,,,,,,,1,2,1,3.0,7
201400034343,0014-08-07 08:15:00,14,8,7,8,15,690,286,"672, RUE DES MERCIERES",,,Plein jour,En agglomération,Hors intersection,Normale,Deux véhicules - côté,,,,,,,,,,,1,2,1,1.0,3
201400034344,0014-08-08 09:30:00,14,8,8,9,30,690,286,"6, CHEMIN DES BORDUNES",,,Plein jour,En agglomération,Hors intersection,Normale,Deux véhicules - frontale,,,,,,,,,,,1,2,1,1.0,1
201400034345,0014-09-11 15:15:00,14,9,11,15,15,690,286,ROUTE DU MAS RILLIER,,,Plein jour,En agglomération,Hors intersection,Normale,Trois véhicules et plus - en chaîne,,,,,,,,,,,1,2,1,1.0,4
201400034346,0014-11-06 08:15:00,14,11,6,8,15,690,286,ROUTE DE STRASBOURG,,,Plein jour,En agglomération,Hors intersection,Normale,Deux véhicules - côté,,,,,,,,,,,1,2,1,1.0,3
201400034347,0014-10-26 08:30:00,14,10,26,8,30,690,286,"67, AVENUE DE L EUROPE",,,Plein jour,En agglomération,Hors intersection,Normale,Autre collision,,,,,,,,,,,1,2,1,1.0,6
201400034348,0014-12-22 19:00:00,14,12,22,19,0,690,286,MONTEE CASTELLANE,,,Nuit sans éclairage public,En agglomération,Hors intersection,Brouillard / fumée,Autre collision,,,,,,,,,,,3,2,1,5.0,6
201400034349,0014-12-23 10:40:00,14,12,23,10,40,690,286,RUE FLEURY SALIGNAT,,,Plein jour,En agglomération,Hors intersection,Normale,Trois véhicules et plus - en chaîne,,,,,,,,,,,1,2,1,1.0,4
201400034350,0014-01-11 17:56:00,14,1,11,17,56,690,290,"52, RUE DU DAUPHINE",,,Nuit avec éclairage allumé,En agglomération,Intersection en X,Normale,Autre collision,,,,,,,,,,,5,2,2,1.0,6
201400034351,0014-01-12 01:05:00,14,1,12,1,5,690,290,CHEMIN DE SAINT BONNET D,,,Nuit sans éclairage public,En agglomération,Hors intersection,Normale,Autre collision,,,,,,,,,,,3,2,1,1.0,6
201400034352,0014-01-17 10:50:00,14,1,17,10,50,690,290,"0, RUE DE LA CORDIERE",,,Plein jour,En agglomération,Intersection en T,Normale,Autre collision,,,,,,,,,,,1,2,3,1.0,6
201400034353,0014-01-25 20:15:00,14,1,25,20,15,690,290,"42 bis, RUE HENRI MARECH",,,Nuit avec éclairage allumé,En agglomération,Hors intersection,Normale,Deux véhicules - côté,,,,,,,,,,,5,2,1,1.0,3
201400034354,0014-02-03 07:30:00,14,2,3,7,30,690,290,"33/36, RUE DU LYONNAIS",,,Plein jour,En agglomération,Hors intersection,Normale,Autre collision,,,,,,,,,,,1,2,1,1.0,6
201400034355,0014-02-05 11:05:00,14,2,5,11,5,690,290,"60, RUE DE L EGALITE",,,Plein jour,En agglomération,Hors intersection,Normale,Autre collision,,,,,,,,,,,1,2,1,1.0,6
201400034356,0014-02-07 18:10:00,14,2,7,18,10,690,290,Boulevard  Berlie,,,Nuit avec éclairage allumé,En agglomération,Intersection en X,Pluie légère,Deux véhicules - côté,,,,,,,,,,,5,2,2,2.0,3
201400034357,0014-02-18 17:45:00,14,2,18,17,45,690,290,"183, ROUTE DE GRENOBLE",,,Plein jour,En agglomération,Giratoire,Normale,Deux véhicules - côté,,,,,,,,,,,1,2,6,1.0,3
201400034358,0014-02-19 14:05:00,14,2,19,14,5,690,290,"., RUE JULES FERRY",,,Plein jour,En agglomération,Intersection en X,Normale,Autre collision,,,,,,,,,,,1,2,2,1.0,6
201400034359,0014-03-01 09:40:00,14,3,1,9,40,690,290,"44, RUE ROBESPIERRE",,,Plein jour,En agglomération,Hors intersection,Pluie légère,Autre collision,,,,,,,,,,,1,2,1,2.0,6
201400034360,0014-03-12 08:17:00,14,3,12,8,17,690,290,"., RUE DE L AVIATION",,,Plein jour,En agglomération,Intersection à plus de 4 branches,Normale,Sans collision,,,,,,,,,,,1,2,5,1.0,7
201400034361,0014-03-08 19:40:00,14,3,8,19,40,690,290,"42, RUE HENRI MARECHAL",,,Nuit avec éclairage allumé,En agglomération,Hors intersection,Normale,Autre collision,,,,,,,,,,,5,2,1,1.0,6
201400034362,0014-04-01 10:30:00,14,4,1,10,30,690,290,"., RUE COLETTE",,,Plein jour,Hors agglomération,Hors intersection,Normale,Autre collision,,,,,,,,,,,1,1,1,1.0,6
201400034363,0014-04-14 18:55:00,14,4,14,18,55,690,290,"33-35, RUE HENRI MARECHA",,,Plein jour,En agglomération,Hors intersection,Normale,Autre collision,,,,,,,,,,,1,2,1,1.0,6
201400034364,0014-04-20 07:00:00,14,4,20,7,0,690,290,"92, ROUTE DE GRENOBLE",,,Crépuscule ou aube,En agglomération,Hors intersection,Normale,Autre collision,,,,,,,,,,,2,2,1,1.0,6
201400034365,0014-04-22 18:00:00,14,4,22,18,0,690,290,"97, ALLEE ALEXANDRE BORO",,,Plein jour,En agglomération,Hors intersection,Normale,Autre collision,,,,,,,,,,,1,2,1,1.0,6
201400034366,0014-04-28 10:55:00,14,4,28,10,55,690,290,"16, AVENUE CHARLES DE GA",,,Plein jour,En agglomération,Hors intersection,Normale,Autre collision,,,,,,,,,,,1,2,1,1.0,6
201400034367,0014-04-30 15:00:00,14,4,30,15,0,690,290,"0, AVENUE HENRI GERMAIN",,,Plein jour,En agglomération,Intersection en X,Normale,Deux véhicules - côté,,,,,,,,,,,1,2,2,1.0,3
201400034368,0014-05-18 18:10:00,14,5,18,18,10,690,290,"., AVENUE JEAN JAURES",,,Plein jour,En agglomération,Intersection en X,Normale,Autre collision,,,,,,,,,,,1,2,2,1.0,6
201400034369,0014-05-12 12:58:00,14,5,12,12,58,690,290,Boulevard  Berlie,,,Plein jour,En agglomération,Intersection en T,Normale,Autre collision,,,,,,,,,,,1,2,3,1.0,6
201400034370,0014-04-25 14:50:00,14,4,25,14,50,690,290,"0, RUE JEAN ZAY",,,Plein jour,En agglomération,Intersection en X,Normale,Deux véhicules - arrière,,,,,,,,,,,1,2,2,1.0,2
201400034371,0014-05-30 12:50:00,14,5,30,12,50,690,290,Boulevard Berlie,,,Plein jour,En agglomération,Intersection en X,Normale,Deux véhicules - frontale,,,,,,,,,,,1,2,2,1.0,1
201400034372,0014-05-19 18:05:00,14,5,19,18,5,690,290,"., RUE HENRI MARECHAL",,,Plein jour,En agglomération,Hors intersection,Normale,Autre collision,,,,,,,,,,,1,2,1,1.0,6
201400034373,0014-05-30 17:00:00,14,5,30,17,0,690,290,"0, CHEMIN DU LORTARET",,,Plein jour,En agglomération,Intersection en X,Temps éblouissant,Deux véhicules - côté,,,,,,,,,,,1,2,2,7.0,3
201400034374,0014-06-17 08:15:00,14,6,17,8,15,690,290,COURS DU TROISIEME MILLE,,,Plein jour,En agglomération,Intersection en X,Normale,Trois véhicules et plus - collisions multiples,,,,,,,,,,,1,2,2,1.0,5
201400034375,0014-06-21 04:25:00,14,6,21,4,25,690,290,"11, RUE DE L AVIATION",,,Nuit avec éclairage allumé,En agglomération,Hors intersection,Normale,Autre collision,,,,,,,,,,,5,2,1,1.0,6
201400034376,0014-06-22 13:40:00,14,6,22,13,40,690,290,"0, BOULEVARD DE LA PORTE",,,Plein jour,En agglomération,Intersection en X,Normale,Deux véhicules - côté,,,,,,,,,,,1,2,2,1.0,3
201400034377,0014-07-01 20:10:00,14,7,1,20,10,690,290,"0, RUE DES PETROLES",,,Plein jour,En agglomération,Intersection en X,Normale,Deux véhicules - frontale,,,,,,,,,,,1,2,2,1.0,1
201400034378,0014-07-15 20:10:00,14,7,15,20,10,690,290,"., BOULEVARD ANDRE BOULL",,,Plein jour,En agglomération,Hors intersection,Normale,Autre collision,,,,,,,,,,,1,2,1,1.0,6
201400034379,0014-08-01 12:10:00,14,8,1,12,10,690,290,"40, ARISTIDE BRIAND (D 5",,,Plein jour,En agglomération,Hors intersection,Normale,Autre collision,,,,,,,,,,,1,2,1,1.0,6
201400034380,0014-08-05 19:35:00,14,8,5,19,35,690,290,"0, BOULEVARD ANDRE BOULL",,,Plein jour,En agglomération,Hors intersection,Normale,Autre collision,,,,,,,,,,,1,2,1,1.0,6
201400034381,0014-08-20 17:15:00,14,8,20,17,15,690,290,"51, ROUTE DE GRENOBLE",,,Plein jour,En agglomération,Hors intersection,Normale,Autre collision,,,,,,,,,,,1,2,1,1.0,6
201400034382,0014-08-28 10:00:00,14,8,28,10,0,690,290,"0, CHEMIN DE GENAS",,,Plein jour,En agglomération,Intersection en X,Normale,Deux véhicules - côté,,,,,,,,,,,1,2,2,1.0,3
201400034383,0014-09-06 16:50:00,14,9,6,16,50,690,290,"0, RUE DE L AVIATION",,,Plein jour,En agglomération,Autre intersection,Normale,Autre collision,,,,,,,,,,,1,2,9,1.0,6
201400034384,0014-09-08 17:15:00,14,9,8,17,15,690,290,"45, AVENUE JEAN JAURES",,,Plein jour,En agglomération,Hors intersection,Normale,Autre collision,,,,,,,,,,,1,2,1,1.0,6
201400034385,0014-09-12 19:30:00,14,9,12,19,30,690,290,"2, RUE CALMETTE",,,Plein jour,En agglomération,Intersection en T,Normale,Sans collision,,,,,,,,,,,1,2,3,1.0,7
201400034386,0014-09-13 14:30:00,14,9,13,14,30,690,290,"42, RUE HENRI MARECHAL",,,Plein jour,En agglomération,Hors intersection,Normale,Deux véhicules - côté,,,,,,,,,,,1,2,1,1.0,3
201400034387,0014-09-16 21:00:00,14,9,16,21,0,690,290,"0, BOULEVARD DE LA PORTE",,,Nuit avec éclairage allumé,En agglomération,Intersection en X,Normale,Deux véhicules - frontale,,,,,,,,,,,5,2,2,1.0,1
201400034388,0014-09-24 15:10:00,14,9,24,15,10,690,290,"36, RUE DES ETATS UNIS",,,Plein jour,En agglomération,Intersection en T,Pluie légère,Sans collision,,,,,,,,,,,1,2,3,2.0,7
201400034389,0014-09-26 20:30:00,14,9,26,20,30,690,290,"Pkg Auchan, A BOULOCHE",,,Nuit avec éclairage allumé,En agglomération,Intersection en X,Normale,Deux véhicules - côté,,,,,,,,,,,5,2,2,1.0,3
201400034390,0014-09-28 12:20:00,14,9,28,12,20,690,290,"13, MICHEL PETRUCCIANI",,,Plein jour,En agglomération,Hors intersection,Normale,Sans collision,,,,,,,,,,,1,2,1,1.0,7
201400034391,0014-10-04 22:50:00,14,10,4,22,50,690,290,"9, DAUPHINE (DU)",,,Nuit avec éclairage allumé,En agglomération,Hors intersection,Normale,Deux véhicules - côté,,,,,,,,,,,5,2,1,1.0,3
201400034392,0014-10-02 21:20:00,14,10,2,21,20,690,290,"17, CORDIERE (DE LA)",,,Nuit avec éclairage allumé,En agglomération,Hors intersection,Normale,Sans collision,,,,,,,,,,,5,2,1,1.0,7
201400034393,0014-10-21 17:10:00,14,10,21,17,10,690,290,"74, GARIBALDI",,,Plein jour,En agglomération,Hors intersection,Normale,Deux véhicules - frontale,,,,,,,,,,,1,2,1,1.0,1
201400034394,0014-10-23 20:07:00,14,10,23,20,7,690,29,"., AVENUE DE L EUROPE",,,Nuit avec éclairage allumé,En agglomération,Hors intersection,Normale,Autre collision,,,,,,,,,,,5,2,1,1.0,6
201400034395,0014-10-27 08:15:00,14,10,27,8,15,690,290,"0, ROUTE DE GRENOBLE",,,Plein jour,En agglomération,Intersection en X,Normale,Deux véhicules - côté,,,,,,,,,,,1,2,2,1.0,3
201400034396,0014-10-28 19:35:00,14,10,28,19,35,690,290,RUE LYON Cité Berliet,,,Nuit avec éclairage allumé,En agglomération,Intersection en T,Normale,Autre collision,,,,,,,,,,,5,2,3,1.0,6
201400034397,0014-11-05 23:14:00,14,11,5,23,14,690,290,"0, ROUTE DE LYON",,,Nuit avec éclairage allumé,En agglomération,Hors intersection,Temps couvert,Trois véhicules et plus - collisions multiples,,,,,,,,,,,5,2,1,8.0,5
201400034398,0014-11-06 10:35:00,14,11,6,10,35,690,290,"0, RUE EDMOND ROSTAND",,,Plein jour,En agglomération,Intersection en X,Normale,Deux véhicules - côté,,,,,,,,,,,1,2,2,1.0,3
201400034399,0014-11-07 06:30:00,14,11,7,6,30,690,290,"119, GRENOBLE (DE)  -  R",,,Nuit avec éclairage allumé,En agglomération,Hors intersection,Normale,Deux véhicules - frontale,,,,,,,,,,,5,2,1,1.0,1
201400034400,0014-11-07 11:30:00,14,11,7,11,30,690,290,"11, ARISTIDE BRIAND (D 5",,,Plein jour,En agglomération,Hors intersection,Normale,Deux véhicules - arrière,,,,,,,,,,,1,2,1,1.0,2
201400034401,0014-10-29 17:40:00,14,10,29,17,40,690,290,"., CHEMIN DE SAINT BONNE",,,Nuit avec éclairage allumé,En agglomération,Intersection en X,Normale,Autre collision,,,,,,,,,,,5,2,2,1.0,6
201400034402,0014-11-09 23:00:00,14,11,9,23,0,690,290,RUE DES PETROLES,,,Nuit avec éclairage allumé,En agglomération,Hors intersection,Pluie légère,Autre collision,,,,,,,,,,,5,2,1,2.0,6
201400034403,0014-11-08 10:15:00,14,11,8,10,15,690,290,"0, BOULEVARD DE LA PORTE",,,Plein jour,En agglomération,Intersection en X,Brouillard / fumée,Deux véhicules - côté,,,,,,,,,,,1,2,2,5.0,3
201400034404,0014-11-18 07:00:00,14,11,18,7,0,690,290,"5, EGALITE (DE L')",,,Nuit avec éclairage allumé,En agglomération,Hors intersection,Pluie légère,Autre collision,,,,,,,,,,,5,2,1,2.0,6
201400034405,0014-12-08 17:30:00,14,12,8,17,30,690,283,"115, HEYRIEUX (D')",,,Nuit avec éclairage allumé,En agglomération,Hors intersection,Pluie légère,Autre collision,,,,,,,,,,,5,2,1,2.0,6
201400034406,0014-12-10 08:50:00,14,12,10,8,50,690,290,"., AVIATION (DE L')",,,Plein jour,En agglomération,Intersection en X,Normale,Deux véhicules - côté,,,,,,,,,,,1,2,2,1.0,3
201400034407,0014-12-18 17:50:00,14,12,18,17,50,690,290,"211, ROUTE DE GRENOBLE",,,Nuit avec éclairage non allumé,En agglomération,Hors intersection,Pluie légère,Autre collision,,,,,,,,,,,4,2,1,2.0,6
201400034408,0014-12-20 00:50:00,14,12,20,0,50,690,290,"0, RUE ALFRED DE VIGNY",,,Nuit avec éclairage allumé,En agglomération,Intersection en X,Pluie légère,Deux véhicules - côté,,,,,,,,,,,5,2,2,2.0,3
201400034409,0014-04-15 07:15:00,14,4,15,7,15,700,285,CD 438,,,Crépuscule ou aube,Hors agglomération,Hors intersection,Temps éblouissant,Trois véhicules et plus - en chaîne,,,,,,,,,,,2,1,1,7.0,4
201400034410,0014-08-12 17:30:00,14,8,12,17,30,700,285,30 fbg de Belfort,,,Plein jour,En agglomération,Intersection en T,Normale,Deux véhicules - arrière,,,,,,,,,,,1,2,3,1.0,2
201400034411,0014-10-14 19:45:00,14,10,14,19,45,700,285,MONT VAUDOIS (RUE DU),,,Nuit avec éclairage allumé,En agglomération,Hors intersection,Normale,Deux véhicules - frontale,,,,,,,,,,,5,2,1,1.0,1
201400034412,0014-10-18 18:50:00,14,10,18,18,50,700,285,"1, MONT VAUDOIS (RUE DU)",,,Crépuscule ou aube,En agglomération,Giratoire,Normale,Autre collision,,,,,,,,,,,2,2,6,1.0,6
201400034413,0014-12-11 06:40:00,14,12,11,6,40,700,285,"54, MONTBELIARD (FAUBOUR",,,Nuit avec éclairage allumé,En agglomération,Intersection en T,Pluie légère,Deux véhicules - frontale,,,,,,,,,,,5,2,3,2.0,1
201400034414,0014-01-04 12:00:00,14,1,4,12,0,700,550,rue Jacques Terrier,,,Plein jour,En agglomération,Hors intersection,Normale,Deux véhicules - frontale,,,,,,,,,,,1,2,1,1.0,1
201400034415,0014-01-06 15:10:00,14,1,6,15,10,700,550,"10, SAINT LOUP (RUE DE)",,,Plein jour,En agglomération,Intersection en T,Normale,Deux véhicules - côté,,,,,,,,,,,1,2,3,1.0,3
201400034416,0014-01-15 15:25:00,14,1,15,15,25,700,550,COMMERCE (PLACE DU),,,Plein jour,En agglomération,Hors intersection,Normale,Sans collision,,,,,,,,,,,1,2,1,1.0,7
201400034417,0014-01-17 07:30:00,14,1,17,7,30,700,550,Quai Yves Barbier,,,Nuit avec éclairage allumé,En agglomération,Hors intersection,Pluie légère,Autre collision,,,,,,,,,,,5,2,1,2.0,6
201400034418,0014-01-17 19:25:00,14,1,17,19,25,700,550,rue Grosjean,,,Nuit avec éclairage allumé,En agglomération,Giratoire,Normale,Deux véhicules - côté,,,,,,,,,,,5,2,6,1.0,3
201400034419,0014-01-27 07:35:00,14,1,27,7,35,700,550,,,,Nuit avec éclairage allumé,Hors agglomération,Giratoire,Pluie légère,Deux véhicules - côté,,,,,,,,,,,5,1,6,2.0,3
201400034420,0014-02-11 12:10:00,14,2,11,12,10,700,550,BARBIER (QUAI YVES),,,Plein jour,En agglomération,Intersection en T,Normale,Autre collision,,,,,,,,,,,1,2,3,1.0,6
201400034421,0014-02-18 17:40:00,14,2,18,17,40,700,550,ROCADE OUEST - RD 457,,,Plein jour,Hors agglomération,Hors intersection,Normale,Trois véhicules et plus - en chaîne,,,,,,,,,,,1,1,1,1.0,4
201400034422,0014-02-28 18:00:00,14,2,28,18,0,700,550,ROCADE OUEST - RD 457,,,Crépuscule ou aube,En agglomération,Hors intersection,Normale,Deux véhicules - arrière,,,,,,,,,,,2,2,1,1.0,2
201400034423,0014-02-24 15:05:00,14,2,24,15,5,700,550,RUE EDOUARD BELIN,,,Plein jour,En agglomération,Hors intersection,Normale,Sans collision,,,,,,,,,,,1,2,1,1.0,7
201400034424,0014-03-10 09:50:00,14,3,10,9,50,700,513,RIVES DU LAC (AVENUE DES,,,Plein jour,En agglomération,Giratoire,Normale,Deux véhicules - côté,,,,,,,,,,,1,2,6,1.0,3
201400034425,0014-04-05 22:20:00,14,4,5,22,20,700,550,rue Dr Courvoisier,,,Nuit avec éclairage allumé,En agglomération,Hors intersection,Normale,Deux véhicules - côté,,,,,,,,,,,5,2,1,1.0,3
201400034426,0014-04-11 13:15:00,14,4,11,13,15,700,550,Maison des Agriculteurs,,,Plein jour,En agglomération,Hors intersection,Normale,Deux véhicules - côté,,,,,,,,,,,1,2,1,1.0,3
201400034427,0014-05-19 12:20:00,14,5,19,12,20,700,388,RUE DE LA VAIVRE,,,Plein jour,Hors agglomération,Hors intersection,Normale,Deux véhicules - côté,,,,,,,,,,,1,1,1,1.0,3
201400034428,0014-05-25 07:00:00,14,5,25,7,0,700,550,"16, RENET (PLACE PIERRE)",,,Crépuscule ou aube,En agglomération,Hors intersection,Normale,Autre collision,,,,,,,,,,,2,2,1,1.0,6
201400034429,0014-05-27 19:05:00,14,5,27,19,5,700,550,TERRIER (RUE JACQUES),,,Plein jour,En agglomération,Intersection en T,Normale,Deux véhicules - côté,,,,,,,,,,,1,2,3,1.0,3
201400034430,0014-06-23 13:50:00,14,6,23,13,50,700,550,"29, MUENIER (RUE )",,,Plein jour,En agglomération,Hors intersection,Normale,Deux véhicules - arrière,,,,,,,,,,,1,2,1,1.0,2
201400034431,0014-07-17 09:15:00,14,7,17,9,15,700,207,"96, HUGO (AVENUE VICTOR)",,,Plein jour,En agglomération,Hors intersection,Normale,Deux véhicules - côté,,,,,,,,,,,1,2,1,1.0,3
201400034432,0014-07-20 11:30:00,14,7,20,11,30,700,550,"17, SAINT GEORGES (RUE)",,,Plein jour,En agglomération,Hors intersection,Normale,Sans collision,,,,,,,,,,,1,2,1,1.0,7
201400034433,0014-08-14 15:20:00,14,8,14,15,20,700,550,rue Victor Dolle,,,Plein jour,En agglomération,Hors intersection,Pluie forte,Deux véhicules - côté,,,,,,,,,,,1,2,1,3.0,3
201400034434,0014-09-21 06:00:00,14,9,21,6,0,700,388,RD13,,,Nuit avec éclairage allumé,En agglomération,Hors intersection,Pluie légère,Deux véhicules - frontale,,,,,,,,,,,5,2,1,2.0,1