accident_id,datetime,annee,mois,jour,heure,minute,departement,commune_insee,adresse,latitude,longitude,luminosite,agglomeration,intersection,meteo,collision,nb_vehicules,nb_usagers,nb_indemnes,nb_tues,nb_blesses_hosp,nb_blesses_legers,age_cond_1,age_cond_2,veh_type_cond_1,veh_type_cond_2,lum_code,agg_code,int_code,atm_code,col_code
201400034435,0014-10-20 19:05:00,14,10,20,19,5,700,261,ROZARD (RUE MARCEL ),,,Nuit avec éclairage allumé,Hors agglomération,Hors intersection,Pluie forte,Deux véhicules - frontale,,,,,,,,,,,5,1,1,3.0,1
201400034436,0014-10-22 11:50:00,14,10,22,11,50,700,513,"14, PEUPLIERS (RUE DES)",,,Plein jour,En agglomération,Hors intersection,Normale,Deux véhicules - frontale,,,,,,,,,,,1,2,1,1.0,1
201400034437,0014-11-07 17:50:00,14,11,7,17,50,700,550,"21, ALLIES (BOULEVARD DE",,,Nuit avec éclairage allumé,En agglomération,Hors intersection,Normale,Autre collision,,,,,,,,,,,5,2,1,1.0,6
201400034438,0014-12-03 07:50:00,14,12,3,7,50,700,513,BREUIL (AVENUE DU),,,Crépuscule ou aube,En agglomération,Hors intersection,Normale,Sans collision,,,,,,,,,,,2,2,1,1.0,7
201400034439,0014-12-18 07:50:00,14,12,18,7,50,700,550,"15, RENET (PLACE PIERRE)",,,Crépuscule ou aube,En agglomération,Hors intersection,Pluie légère,Autre collision,,,,,,,,,,,2,2,1,2.0,6
201400034440,0014-01-03 10:20:00,14,1,3,10,20,710,76,3 rue A DE  MUSSET,46.80935,4.84272,Plein jour,En agglomération,Hors intersection,Normale,Autre collision,,,,,,,,,,,1,2,1,1.0,6
201400034441,0014-01-08 18:00:00,14,1,8,18,0,710,445,14 rue RENE CASSIN,46.77251,4.86858,Nuit avec éclairage allumé,En agglomération,Hors intersection,Normale,Autre collision,,,,,,,,,,,5,2,1,1.0,6
201400034442,0014-01-14 19:20:00,14,1,14,19,20,710,76,1 avenue de VERDUN,46.7767,4.85467,Nuit avec éclairage allumé,En agglomération,Hors intersection,Normale,Autre collision,,,,,,,,,,,5,2,1,1.0,6
201400034443,0014-01-11 14:30:00,14,1,11,14,30,710,76,avenue de  PARIS,46.79174,4.84968,Plein jour,En agglomération,Autre intersection,Normale,Deux véhicules - côté,,,,,,,,,,,1,2,9,1.0,3
201400034444,0014-02-03 17:10:00,14,2,3,17,10,710,475,rue PIERRE MENDES FRANCE,46.76923,4.82673,Plein jour,En agglomération,Hors intersection,Normale,Autre collision,,,,,,,,,,,1,2,1,1.0,6
201400034445,0014-02-09 19:17:00,14,2,9,19,17,710,445,RD673,46.78502,4.90862,Nuit sans éclairage public,Hors agglomération,Hors intersection,Normale,Deux véhicules - frontale,,,,,,,,,,,3,1,1,1.0,1
201400034446,0014-02-09 18:10:00,14,2,9,18,10,710,76,AVENUE KENNEDY,46.80258,4.86134,Crépuscule ou aube,En agglomération,Hors intersection,Vent fort / tempête,Deux véhicules - côté,,,,,,,,,,,2,2,1,6.0,3
201400034447,0014-03-04 16:55:00,14,3,4,16,55,710,118,32 bis GENERAL DE GAULL,46.79514,4.81596,Plein jour,En agglomération,Hors intersection,Normale,Autre collision,,,,,,,,,,,1,2,1,1.0,6
201400034448,0014-03-16 17:00:00,14,3,16,17,0,710,76,quai SAINTE MARIE,46.78251,4.86241,Plein jour,En agglomération,Autre intersection,Normale,Deux véhicules - côté,,,,,,,,,,,1,2,9,1.0,3
201400034449,0014-03-17 19:35:00,14,3,17,19,35,710,76,avenue PONT DE BOURGOGNE,46.78672,4.86683,Crépuscule ou aube,En agglomération,Hors intersection,Normale,Deux véhicules - arrière,,,,,,,,,,,2,2,1,1.0,2
201400034450,0014-04-01 14:15:00,14,4,1,14,15,710,118,rue CONDORCET,46.79662,4.81104,Plein jour,En agglomération,Hors intersection,Normale,Autre collision,,,,,,,,,,,1,2,1,1.0,6
201400034451,0014-04-02 14:50:00,14,4,2,14,50,710,76,rue des SENTIERS,46.79837,4.85556,Plein jour,En agglomération,Hors intersection,Normale,Autre collision,,,,,,,,,,,1,2,1,1.0,6
201400034452,0014-04-08 19:15:00,14,4,8,19,15,710,475,RD673,,,Plein jour,Hors agglomération,Autre intersection,Normale,Deux véhicules - côté,,,,,,,,,,,1,1,9,1.0,3
201400034453,0014-04-15 10:40:00,14,4,15,10,40,710,76,"24, MOULIN (RUE JEAN )",,,Plein jour,En agglomération,Autre intersection,Normale,Autre collision,,,,,,,,,,,1,2,9,1.0,6
201400034454,0014-04-16 09:25:00,14,4,16,9,25,710,445,"2, VARENNE (RUE DE LA)",,,Plein jour,En agglomération,Intersection en Y,Normale,Deux véhicules - côté,,,,,,,,,,,1,2,4,1.0,3
201400034455,0014-05-14 18:40:00,14,5,14,18,40,710,475,11 RUE DE LA  ROSERAIE,46.76772,4.82139,Plein jour,En agglomération,Hors intersection,Temps couvert,Deux véhicules - frontale,,,,,,,,,,,1,2,1,8.0,1
201400034456,0014-05-15 15:40:00,14,5,15,15,40,710,76,RUE CAPITAINE DRILLIEN,46.77496,4.83686,Plein jour,En agglomération,Autre intersection,Normale,Autre collision,,,,,,,,,,,1,2,9,1.0,6
201400034457,0014-06-04 09:25:00,14,6,4,9,25,710,445,,,,Plein jour,Hors agglomération,Hors intersection,Pluie légère,Autre collision,,,,,,,,,,,1,1,1,2.0,6
201400034458,0014-06-25 08:40:00,14,6,25,8,40,710,445,RD673,,,Plein jour,En agglomération,Hors intersection,Normale,Trois véhicules et plus - en chaîne,,,,,,,,,,,1,2,1,1.0,4
201400034459,0014-06-26 21:10:00,14,6,26,21,10,710,76,LEDRU ROLLIN,46.7895,4.8341,Plein jour,En agglomération,Intersection en T,Normale,Deux véhicules - côté,,,,,,,,,,,1,2,3,1.0,3
201400034460,0014-06-04 10:15:00,14,6,4,10,15,710,76,2 rue O MESSIAEN,46.77957,4.8468,Plein jour,En agglomération,Hors intersection,Pluie légère,Autre collision,,,,,,,,,,,1,2,1,2.0,6
201400034461,0014-07-17 19:40:00,14,7,17,19,40,710,76,18 QUAI MESSAGERIES,46.7804,4.85668,Plein jour,En agglomération,Intersection en T,Normale,Trois véhicules et plus - en chaîne,,,,,,,,,,,1,2,3,1.0,4
201400034462,0014-07-18 13:35:00,14,7,18,13,35,710,76,10 RUE JEAN MOULIN,46.78381,4.84682,Plein jour,En agglomération,Hors intersection,Normale,Autre collision,,,,,,,,,,,1,2,1,1.0,6
201400034463,0014-07-25 17:00:00,14,7,25,17,0,710,76,1 rue louis  THENARD,46.81031,4.85373,Plein jour,En agglomération,Giratoire,Normale,Deux véhicules - côté,,,,,,,,,,,1,2,6,1.0,3
201400034464,0014-07-23 18:05:00,14,7,23,18,5,710,76,AVENUE MONNOT,,,Plein jour,En agglomération,Hors intersection,Normale,Autre collision,,,,,,,,,,,1,2,1,1.0,6
201400034465,0014-08-22 10:15:00,14,8,22,10,15,710,76,AVENUE BOUCICAUT,46.78593,4.84119,Plein jour,En agglomération,Hors intersection,Normale,Autre collision,,,,,,,,,,,1,2,1,1.0,6
201400034466,0014-09-01 19:00:00,14,9,1,19,0,710,76,14 QUAI DES  MESSAGERIES,46.78041,4.85675,Plein jour,En agglomération,Hors intersection,Normale,Autre collision,,,,,,,,,,,1,2,1,1.0,6
201400034467,0014-09-06 19:15:00,14,9,6,19,15,710,76,30A PAUL ELUARD,46.80013,4.86339,Plein jour,En agglomération,Hors intersection,Normale,Deux véhicules - frontale,,,,,,,,,,,1,2,1,1.0,1
201400034468,0014-09-11 17:10:00,14,9,11,17,10,710,76,avenue de  PARIS,,,Plein jour,En agglomération,Autre intersection,Normale,Deux véhicules - côté,,,,,,,,,,,1,2,9,1.0,3
201400034469,0014-09-23 18:30:00,14,9,23,18,30,710,76,rue de l ALMA,46.77735,4.84778,Plein jour,En agglomération,Hors intersection,Normale,Deux véhicules - côté,,,,,,,,,,,1,2,1,1.0,3
201400034470,0014-10-08 15:50:00,14,10,8,15,50,710,76,68 AVENUE DE PARIS,46.79139,4.84977,Plein jour,En agglomération,Hors intersection,Normale,Deux véhicules - arrière,,,,,,,,,,,1,2,1,1.0,2
201400034471,0014-10-11 01:30:00,14,10,11,1,30,710,76,quai SAINT COSME,46.7781,4.85119,Nuit avec éclairage allumé,En agglomération,Intersection en X,Pluie légère,Autre collision,,,,,,,,,,,5,2,2,2.0,6
201400034472,0014-10-11 14:45:00,14,10,11,14,45,710,445,9 GRANDE RUE,46.77608,4.88741,Plein jour,En agglomération,Hors intersection,Normale,Autre collision,,,,,,,,,,,1,2,1,1.0,6
201400034473,0014-10-23 21:25:00,14,10,23,21,25,710,445,RD 978 B,46.7615,4.87785,Nuit sans éclairage public,Hors agglomération,Hors intersection,Pluie légère,Autre collision,,,,,,,,,,,3,1,1,2.0,6
201400034474,0014-10-24 16:40:00,14,10,24,16,40,710,475,route de LYON,46.76301,4.84254,Plein jour,En agglomération,Hors intersection,Normale,Deux véhicules - arrière,,,,,,,,,,,1,2,1,1.0,2
201400034475,0014-10-24 18:35:00,14,10,24,18,35,710,445,19 GRANDE RUE,46.77603,4.88792,Nuit avec éclairage allumé,En agglomération,Hors intersection,Normale,Trois véhicules et plus - collisions multiples,,,,,,,,,,,5,2,1,1.0,5
201400034476,0014-10-15 17:20:00,14,10,15,17,20,710,445,49 GRANDE RUE,46.77567,4.88974,Plein jour,En agglomération,Hors intersection,Normale,Autre collision,,,,,,,,,,,1,2,1,1.0,6
201400034477,0014-11-21 09:05:00,14,11,21,9,5,710,475,42 ROUTE DE GIVRY,46.77398,4.82576,Plein jour,En agglomération,Intersection en T,Normale,Autre collision,,,,,,,,,,,1,2,3,1.0,6
201400034478,0014-11-27 09:45:00,14,11,27,9,45,710,76,44 avenue NIEPCE,46.78005,4.84914,Plein jour,En agglomération,Hors intersection,Pluie légère,Autre collision,,,,,,,,,,,1,2,1,2.0,6
201400034479,0014-12-05 20:05:00,14,12,5,20,5,710,76,avenue KENNEDY,,,Nuit avec éclairage allumé,En agglomération,Hors intersection,Normale,Deux véhicules - frontale,,,,,,,,,,,5,2,1,1.0,1
201400034480,0014-12-27 15:45:00,14,12,27,15,45,710,76,11 chemin de  COUDRE,46.79971,4.84947,Plein jour,En agglomération,Hors intersection,Normale,Autre collision,,,,,,,,,,,1,2,1,1.0,6
201400034481,0014-01-03 11:35:00,14,1,3,11,35,710,153,BOULEVARD SAINT ANTOINE,,,Plein jour,En agglomération,Hors intersection,Pluie légère,Autre collision,,,,,,,,,,,1,2,1,2.0,6
201400034482,0014-02-04 13:15:00,14,2,4,13,15,710,153,rue PRESIDENT WILSON,46.79638,4.42919,Plein jour,En agglomération,Intersection en X,Normale,Autre collision,,,,,,,,,,,1,2,2,1.0,6
201400034483,0014-02-04 13:20:00,14,2,4,13,20,710,153,boulevard SCHNEIDER,46.80604,4.42796,Plein jour,En agglomération,Autre intersection,Normale,Autre collision,,,,,,,,,,,1,2,9,1.0,6
201400034484,0014-03-12 15:55:00,14,3,12,15,55,710,153,rue de YOUGOSLAVIE,,,Plein jour,En agglomération,Autre intersection,Normale,Deux véhicules - frontale,,,,,,,,,,,1,2,9,1.0,1
201400034485,0014-04-01 09:45:00,14,4,1,9,45,710,153,"26, MONTCENIS (ROUTE DE)",,,Plein jour,En agglomération,Hors intersection,Normale,Autre collision,,,,,,,,,,,1,2,1,1.0,6
201400034486,0014-04-30 17:50:00,14,4,30,17,50,710,59,route de COUCHES,,,Plein jour,En agglomération,Autre intersection,Normale,Autre collision,,,,,,,,,,,1,2,9,1.0,6
201400034487,0014-08-24 17:10:00,14,8,24,17,10,710,153,RUE CHAPTAL,46.81161,4.42517,Plein jour,En agglomération,Hors intersection,Normale,Autre collision,,,,,,,,,,,1,2,1,1.0,6
201400034488,0014-09-07 08:45:00,14,9,7,8,45,710,309,LES MINOTS,,,Nuit sans éclairage public,En agglomération,Hors intersection,Normale,Autre collision,,,,,,,,,,,3,2,1,1.0,6
201400034489,0014-09-12 12:35:00,14,9,12,12,35,710,153,boulevard SCHNEIDER,,,Plein jour,En agglomération,Autre intersection,Normale,Autre collision,,,,,,,,,,,1,2,9,1.0,6
201400034490,0014-11-17 07:45:00,14,11,17,7,45,710,540,hauteur RN 80,,,Plein jour,Hors agglomération,Autre intersection,Pluie légère,Autre collision,,,,,,,,,,,1,1,9,2.0,6
201400034491,0014-12-09 19:35:00,14,12,9,19,35,710,153,RUE MARECHAL FOCH,,,Nuit avec éclairage allumé,En agglomération,Hors intersection,Normale,Deux véhicules - arrière,,,,,,,,,,,5,2,1,1.0,2
201400034492,0014-01-06 07:55:00,14,1,6,7,55,710,270,1 rue de  NORMANDIE,46.32031,4.83155,Crépuscule ou aube,En agglomération,Hors intersection,Normale,Deux véhicules - côté,,,,,,,,,,,2,2,1,1.0,3
201400034493,0014-02-08 21:45:00,14,2,8,21,45,710,270,quai lamartine,,,Nuit avec éclairage allumé,En agglomération,Intersection en X,Normale,Trois véhicules et plus - collisions multiples,,,,,,,,,,,5,2,2,1.0,5
201400034494,0014-02-15 11:15:00,14,2,15,11,15,710,270,route de la grande charr,46.27805,4.77667,Plein jour,En agglomération,Intersection en X,Normale,Deux véhicules - côté,,,,,,,,,,,1,2,2,1.0,3
201400034495,0014-02-23 16:30:00,14,2,23,16,30,710,105,rue du  LAVOIR,46.30759,4.81778,Plein jour,En agglomération,Intersection en X,Normale,Deux véhicules - côté,,,,,,,,,,,1,2,2,1.0,3
201400034496,0014-03-28 19:45:00,14,3,28,19,45,710,270,rue marechal JUIN,46.32015,4.83511,Nuit avec éclairage allumé,En agglomération,Hors intersection,Normale,Autre collision,,,,,,,,,,,5,2,1,1.0,6
201400034497,0014-03-31 11:46:00,14,3,31,11,46,710,270,place  SAINT-PIERRE,46.30406,4.83127,Plein jour,Hors agglomération,Hors intersection,Normale,Deux véhicules - côté,,,,,,,,,,,1,1,1,1.0,3
201400034498,0014-04-15 17:15:00,14,4,15,17,15,710,270,GAMBETTA (RUE),,,Plein jour,En agglomération,Hors intersection,Normale,Autre collision,,,,,,,,,,,1,2,1,1.0,6
201400034499,0014-05-01 23:55:00,14,5,1,23,55,710,270,Carrefour MENDES FRANCE,46.29013,4.81311,Nuit avec éclairage allumé,En agglomération,Hors intersection,Pluie légère,Autre collision,,,,,,,,,,,5,2,1,2.0,6
201400034500,0014-05-05 17:15:00,14,5,5,17,15,710,270,GILLETS  SENNECE,46.35592,4.83572,Plein jour,En agglomération,Hors intersection,Normale,Autre collision,,,,,,,,,,,1,2,1,1.0,6
201400034501,0014-07-20 20:55:00,14,7,20,20,55,710,497,BD GENERAL DE GAULLE,,,Crépuscule ou aube,En agglomération,Giratoire,Pluie légère,Autre collision,,,,,,,,,,,2,2,6,2.0,6
201400034502,0014-08-04 22:25:00,14,8,4,22,25,710,270,Rue des Grands Crus,46.28468,4.7814,Nuit avec éclairage allumé,Hors agglomération,Giratoire,Normale,Deux véhicules - frontale,,,,,,,,,,,5,1,6,1.0,1
201400034503,0014-08-14 14:45:00,14,8,14,14,45,710,270,1RUE DE  SANCE,,,Plein jour,En agglomération,Hors intersection,Normale,Deux véhicules - côté,,,,,,,,,,,1,2,1,1.0,3
201400034504,0014-09-08 17:50:00,14,9,8,17,50,710,270,1 Rue de la Rocade,46.31925,4.81441,Plein jour,En agglomération,Giratoire,Normale,Deux véhicules - côté,,,,,,,,,,,1,2,6,1.0,3
201400034505,0014-09-20 20:30:00,14,9,20,20,30,710,105,ROUTE DE DAVAYE,,,Nuit sans éclairage public,En agglomération,Hors intersection,Normale,Autre collision,,,,,,,,,,,3,2,1,1.0,6
201400034506,0014-10-12 03:05:00,14,10,12,3,5,710,270,1rue  KILOMETRE 400,46.32826,4.84309,Nuit avec éclairage allumé,En agglomération,Hors intersection,Normale,Autre collision,,,,,,,,,,,5,2,1,1.0,6
201400034507,0014-10-25 02:05:00,14,10,25,2,5,710,270,90 rue de STRASBOURG,46.30737,4.8357,Nuit avec éclairage allumé,En agglomération,Hors intersection,Normale,Autre collision,,,,,,,,,,,5,2,1,1.0,6
201400034508,0014-10-24 09:30:00,14,10,24,9,30,710,270,1avenue de la GARE,46.30301,4.82555,Plein jour,En agglomération,Hors intersection,Normale,Autre collision,,,,,,,,,,,1,2,1,1.0,6
201400034509,0014-11-29 19:15:00,14,11,29,19,15,710,497,BD GENERAL DE GAULLE,,,Nuit avec éclairage allumé,En agglomération,Hors intersection,Temps couvert,Deux véhicules - côté,,,,,,,,,,,5,2,1,8.0,3
201400034510,0014-12-06 21:50:00,14,12,6,21,50,710,497,,,,Nuit sans éclairage public,Hors agglomération,Hors intersection,Normale,Deux véhicules - côté,,,,,,,,,,,3,1,1,1.0,3
201400034511,0014-03-07 15:30:00,14,3,7,15,30,710,40,RN 70,,,Plein jour,Hors agglomération,Hors intersection,Normale,Trois véhicules et plus - collisions multiples,,,,,,,,,,,1,1,1,1.0,5
201400034512,0014-03-15 16:40:00,14,3,15,16,40,710,306,94 quai JULES CHAGOT,46.66953,4.3559,Plein jour,En agglomération,Hors intersection,Normale,Deux véhicules - côté,,,,,,,,,,,1,2,1,1.0,3
201400034513,0014-06-07 10:35:00,14,6,7,10,35,710,306,53 rue BEAUBERNARD,46.66965,4.36654,Plein jour,En agglomération,Hors intersection,Normale,Deux véhicules - côté,,,,,,,,,,,1,2,1,1.0,3
201400034514,0014-06-17 18:25:00,14,6,17,18,25,710,486,rue VICTOR HUGO,,,Plein jour,En agglomération,Intersection à plus de 4 branches,Normale,Deux véhicules - frontale,,,,,,,,,,,1,2,5,1.0,1
201400034515,0014-06-26 18:45:00,14,6,26,18,45,710,306,1ave MARECHAL LECLERC,,,Plein jour,En agglomération,Hors intersection,Normale,Autre collision,,,,,,,,,,,1,2,1,1.0,6
201400034516,0014-06-29 16:00:00,14,6,29,16,0,710,40,RN 70,46.7011,4.39377,Plein jour,Hors agglomération,Hors intersection,Normale,Deux véhicules - frontale,,,,,,,,,,,1,1,1,1.0,1
201400034517,0014-07-02 16:10:00,14,7,2,16,10,710,306,5  DE LATTRE DE TASSIGNY,46.67725,4.36881,Plein jour,En agglomération,Hors intersection,Normale,Sans collision,,,,,,,,,,,1,2,1,1.0,7
201400034518,0014-09-23 16:25:00,14,9,23,16,25,710,306,Avenue des  ALOUETTES,46.68126,4.36348,Plein jour,En agglomération,Hors intersection,Normale,Autre collision,,,,,,,,,,,1,2,1,1.0,6
201400034519,0014-10-09 07:35:00,14,10,9,7,35,710,40,RN 70,,,Crépuscule ou aube,Hors agglomération,Hors intersection,Normale,Deux véhicules - frontale,,,,,,,,,,,2,1,1,1.0,1
201400034520,0014-11-02 05:10:00,14,11,2,5,10,710,306,10 rue de la  COUDRAIE,46.69092,4.35474,Nuit avec éclairage allumé,En agglomération,Hors intersection,Normale,Sans collision,,,,,,,,,,,5,2,1,1.0,7
201400034521,0014-11-01 17:00:00,14,11,1,17,0,710,306,avenue MARECHAL LECLERC,,,Plein jour,En agglomération,Hors intersection,Temps éblouissant,Autre collision,,,,,,,,,,,1,2,1,7.0,6
201400034522,0014-11-08 06:40:00,14,11,8,6,40,710,306,1 RUE DE  BEL AIR,46.67607,4.36952,Nuit avec éclairage non allumé,En agglomération,Hors intersection,Normale,Sans collision,,,,,,,,,,,4,2,1,1.0,7
201400034523,0014-11-07 15:50:00,14,11,7,15,50,710,306,rue jean bouveri,46.6716,4.36462,Plein jour,En agglomération,Hors intersection,Normale,Autre collision,,,,,,,,,,,1,2,1,1.0,6
201400034524,0014-01-16 23:25:00,14,1,16,23,25,720,181,DEMORIEUX ENTRE PT CHEM,,,Nuit avec éclairage allumé,En agglomération,Intersection en X,Normale,Deux véhicules - côté,,,,,,,,,,,5,2,2,1.0,3
201400034525,0014-01-28 18:08:00,14,1,28,18,8,720,181,Robert Jarry (Bd),,,Nuit avec éclairage allumé,En agglomération,Hors intersection,Pluie légère,Sans collision,,,,,,,,,,,5,2,1,2.0,7
201400034526,0014-02-04 08:15:00,14,2,4,8,15,720,181,LAVAL (RTE DE) PAIRS,48.01743,0.14158,Plein jour,Hors agglomération,Hors intersection,Normale,Deux véhicules - frontale,,,,,,,,,,,1,1,1,1.0,1
201400034527,0014-03-02 04:20:00,14,3,2,4,20,720,181,"198, DEMORIEUX ENTRE PT",,,Nuit avec éclairage allumé,En agglomération,Hors intersection,Normale,Deux véhicules - arrière,,,,,,,,,,,5,2,1,1.0,2
201400034528,0014-03-20 14:00:00,14,3,20,14,0,720,181,"142, DURAND GEORGES (AV)",,,Plein jour,En agglomération,Hors intersection,Normale,Autre collision,,,,,,,,,,,1,2,1,1.0,6
201400034529,0014-03-29 12:40:00,14,3,29,12,40,720,3,RATERIE (RUE DE LA),,,Plein jour,En agglomération,Hors intersection,Normale,Deux véhicules - côté,,,,,,,,,,,1,2,1,1.0,3
201400034530,0014-04-04 05:20:00,14,4,4,5,20,720,181,MITTERAND FRANCOIS (AV),,,Nuit avec éclairage allumé,En agglomération,Hors intersection,Normale,Autre collision,,,,,,,,,,,5,2,1,1.0,6
201400034531,0014-05-05 17:25:00,14,5,5,17,25,720,181,LIBOISNE (RUE DE),,,Plein jour,En agglomération,Intersection en X,Normale,Deux véhicules - côté,,,,,,,,,,,1,2,2,1.0,3
201400034532,0014-05-31 13:40:00,14,5,31,13,40,720,181,GLONNIERES (BD)  IMP,,,Plein jour,En agglomération,Hors intersection,Normale,Deux véhicules - arrière,,,,,,,,,,,1,2,1,1.0,2
201400034533,0014-05-22 06:15:00,14,5,22,6,15,720,181,GENESLAY FELIX (AV) N? I,,,Crépuscule ou aube,En agglomération,Hors intersection,Pluie légère,Deux véhicules - côté,,,,,,,,,,,2,2,1,2.0,3
201400034534,0014-06-14 12:20:00,14,6,14,12,20,720,181,2 LEFAUCHEUX PIERRE (BD,,,Plein jour,En agglomération,Giratoire,Normale,Deux véhicules - côté,,,,,,,,,,,1,2,6,1.0,3
201400034535,0014-06-12 10:14:00,14,6,12,10,14,720,181,LOUIS BLANC (QUAI),,,Plein jour,En agglomération,Hors intersection,Normale,Autre collision,,,,,,,,,,,1,2,1,1.0,6
201400034536,0014-06-16 21:00:00,14,6,16,21,0,720,181,3  ETAMINES (RUE DES),,,Plein jour,En agglomération,Hors intersection,Temps éblouissant,Deux véhicules - arrière,,,,,,,,,,,1,2,1,7.0,2
201400034537,0014-06-27 11:45:00,14,6,27,11,45,720,181,12  REPUBLIQUE (PL)  1,,,Plein jour,En agglomération,Hors intersection,Normale,Autre collision,,,,,,,,,,,1,2,1,1.0,6
201400034538,0014-09-13 01:45:00,14,9,13,1,45,720,181,ESTIENNE D'ORVES (BD D'),,,Nuit avec éclairage allumé,En agglomération,Intersection en X,Normale,Deux véhicules - côté,,,,,,,,,,,5,2,2,1.0,3
201400034539,0014-09-25 13:00:00,14,9,25,13,0,720,181,PAPIN DENIS (RUE),,,Plein jour,En agglomération,Hors intersection,Normale,Trois véhicules et plus - collisions multiples,,,,,,,,,,,1,2,1,1.0,5
201400034540,0014-10-12 20:10:00,14,10,12,20,10,720,181,"8, BOUSSINIERE ED (PL DE",,,Nuit avec éclairage allumé,En agglomération,Hors intersection,Pluie légère,Autre collision,,,,,,,,,,,5,2,1,2.0,6
201400034541,0014-10-18 14:00:00,14,10,18,14,0,720,181,LEFAUCHEUX PIERRE (BD),,,Plein jour,En agglomération,Intersection en X,Normale,Deux véhicules - côté,,,,,,,,,,,1,2,2,1.0,3
201400034542,0014-11-15 05:00:00,14,11,15,5,0,720,181,CONSTANTINE (RUE DE),,,Nuit avec éclairage allumé,En agglomération,Hors intersection,Normale,Autre collision,,,,,,,,,,,5,2,1,1.0,6
201400034543,0014-03-08 12:03:00,14,3,8,12,3,730,8,ROOSEVELT FRANKLIN AVENU,45.7058,5.9108,Plein jour,En agglomération,Intersection en X,Normale,Deux véhicules - côté,,,,,,,,,,,1,2,2,1.0,3
201400034544,0014-03-04 11:10:00,14,3,4,11,10,730,8,Boulevard Wilson,45.69,5.9094,Plein jour,En agglomération,Giratoire,Normale,Autre collision,,,,,,,,,,,1,2,6,1.0,6
201400034545,0014-04-08 13:00:00,14,4,8,13,0,730,8,GAULLE GENERAL DE AVENUE,45.6879,5.9125,Plein jour,En agglomération,Intersection en T,Normale,Deux véhicules - côté,,,,,,,,,,,1,2,3,1.0,3
201400034546,0014-03-20 16:20:00,14,3,20,16,20,730,8,"13, MOLLEX GASTON BOULEV",45.7162,5.8878,Plein jour,En agglomération,Hors intersection,Normale,Autre collision,,,,,,,,,,,1,2,1,1.0,6
201400034547,0014-04-30 10:50:00,14,4,30,10,50,730,8,"9, MOULIN JEAN SQUARE",45.6882,5.9146,Plein jour,En agglomération,Hors intersection,Normale,Autre collision,,,,,,,,,,,1,2,1,1.0,6
201400034548,0014-07-04 18:55:00,14,7,4,18,55,730,8,ROCHE DU ROI BOULEVARD D,45.681,5.9128,Plein jour,En agglomération,Autre intersection,Pluie légère,Sans collision,,,,,,,,,,,1,2,9,2.0,7
201400034549,0014-07-19 16:10:00,14,7,19,16,10,730,8,BAYE CHEMIN DE LA,45.706,5.9254,Plein jour,En agglomération,Hors intersection,Normale,Sans collision,,,,,,,,,,,1,2,1,1.0,7
201400034550,0014-11-25 17:30:00,14,11,25,17,30,730,8,"200, SIMOND ST AVENUE",45.7121,5.9186,Nuit avec éclairage allumé,En agglomération,Hors intersection,Normale,Deux véhicules - côté,,,,,,,,,,,5,2,1,1.0,3
201400034551,0014-11-18 19:55:00,14,11,18,19,55,730,8,LATTRE DE TASSIGNY AVENU,45.6949,5.905,Nuit avec éclairage allumé,En agglomération,Hors intersection,Pluie forte,Autre collision,,,,,,,,,,,5,2,1,3.0,6
201400034552,0014-03-27 07:48:00,14,3,27,7,48,730,11,"265, CHARRETTE (CHEMIN D",45.6624,6.3656,Plein jour,En agglomération,Intersection en T,Normale,Deux véhicules - côté,,,,,,,,,,,1,2,3,1.0,3
201400034553,0014-04-15 12:00:00,14,4,15,12,0,730,11,"21, CHAUTEMPS (RUE FELIX",45.6743,6.3883,Plein jour,En agglomération,Intersection en X,Normale,Deux véhicules - frontale,,,,,,,,,,,1,2,2,1.0,1
201400034554,0014-10-23 16:05:00,14,10,23,16,5,730,11,R.N. 90 DE PT PIERRE DU,,,Plein jour,Hors agglomération,Hors intersection,Normale,Deux véhicules - arrière,,,,,,,,,,,1,1,1,1.0,2
201400034555,0014-12-05 17:40:00,14,12,5,17,40,730,11,"48, CHASSEURS ALPINS (AV",45.67055,6.39127,Nuit avec éclairage allumé,En agglomération,Autre intersection,Normale,Trois véhicules et plus - collisions multiples,,,,,,,,,,,5,2,9,1.0,5
201400034556,0014-01-09 18:00:00,14,1,9,18,0,730,65,LYON (AVENUE DE),45.5629,5.9081,Nuit avec éclairage allumé,En agglomération,Intersection en X,Normale,Deux véhicules - côté,,,,,,,,,,,5,2,2,1.0,3
201400034557,0014-01-18 09:15:00,14,1,18,9,15,730,65,LEMENC (BOULEVARD),45.5696,5.9224,Plein jour,En agglomération,Hors intersection,Normale,Autre collision,,,,,,,,,,,1,2,1,1.0,6
201400034558,0014-02-14 19:50:00,14,2,14,19,50,730,31,TURIN (AVENUE DE),45.5713,5.9404,Nuit avec éclairage allumé,En agglomération,Hors intersection,Normale,Deux véhicules - arrière,,,,,,,,,,,5,2,1,1.0,2
201400034559,0014-03-25 13:55:00,14,3,25,13,55,730,31,Gonrat (Chemin),45.5742,5.937,Plein jour,En agglomération,Giratoire,Normale,Autre collision,,,,,,,,,,,1,2,6,1.0,6
201400034560,0014-04-07 09:25:00,14,4,7,9,25,730,65,REPOS (AVENUE DU),45.5749,5.9064,Plein jour,En agglomération,Hors intersection,Normale,Deux véhicules - côté,,,,,,,,,,,1,2,1,1.0,3