accident_id,datetime,annee,mois,jour,heure,minute,departement,commune_insee,adresse,latitude,longitude,luminosite,agglomeration,intersection,meteo,collision,nb_vehicules,nb_usagers,nb_indemnes,nb_tues,nb_blesses_hosp,nb_blesses_legers,age_cond_1,age_cond_2,veh_type_cond_1,veh_type_cond_2,lum_code,agg_code,int_code,atm_code,col_code
201400034561,0014-05-13 16:30:00,14,5,13,16,30,730,65,MENDES FRANCE PIERRE(AVE,45.5929,5.9138,Plein jour,Hors agglomération,Hors intersection,Temps couvert,Deux véhicules - frontale,,,,,,,,,,,1,1,1,8.0,1
201400034562,0014-05-25 12:55:00,14,5,25,12,55,730,65,"260, FERHAT ET FOURMI (R",45.6007,5.9177,Plein jour,En agglomération,Hors intersection,Normale,Autre collision,,,,,,,,,,,1,2,1,1.0,6
201400034563,0014-06-11 14:30:00,14,6,11,14,30,730,65,MACHE (FAUBOURG),45.5629,5.9082,Plein jour,En agglomération,Intersection en Y,Normale,Deux véhicules - côté,,,,,,,,,,,1,2,4,1.0,3
201400034564,0014-06-30 17:45:00,14,6,30,17,45,730,65,"118, BIOLLAY (CHEMIN DU)",45.5629,5.9082,Plein jour,En agglomération,Intersection en T,Normale,Autre collision,,,,,,,,,,,1,2,3,1.0,6
201400034565,0014-06-21 16:50:00,14,6,21,16,50,730,65,LARZAC (RUE DU),45.5997,5.9162,Plein jour,En agglomération,Intersection en X,Normale,Deux véhicules - côté,,,,,,,,,,,1,2,2,1.0,3
201400034566,0014-07-15 12:50:00,14,7,15,12,50,730,65,LYON (AVENUE DE),45.5638,5.9147,Plein jour,En agglomération,Hors intersection,Normale,Autre collision,,,,,,,,,,,1,2,1,1.0,6
201400034567,0014-07-19 16:15:00,14,7,19,16,15,730,65,"1, MICHAUD (RUE), JACQUE",45.5626,5.9251,Plein jour,En agglomération,Intersection en T,Normale,Deux véhicules - frontale,,,,,,,,,,,1,2,3,1.0,1
201400034568,0014-07-18 18:45:00,14,7,18,18,45,730,65,ONZE NOVEMBRE ( QUAI DU),45.5676,5.9377,Plein jour,En agglomération,Hors intersection,Normale,Deux véhicules - côté,,,,,,,,,,,1,2,1,1.0,3
201400034569,0014-07-29 18:20:00,14,7,29,18,20,730,65,LYON (AVENUE DE),,,Plein jour,En agglomération,Hors intersection,Pluie forte,Deux véhicules - frontale,,,,,,,,,,,1,2,1,3.0,1
201400034570,0014-11-01 21:50:00,14,11,1,21,50,730,65,Route de la Labiaz,45.5687,5.8923,Nuit avec éclairage allumé,En agglomération,Giratoire,Normale,Deux véhicules - frontale,,,,,,,,,,,5,2,6,1.0,1
201400034571,0014-11-03 11:30:00,14,11,3,11,30,730,65,LANDIERS (AVENUE DES),45.59887,5.89461,Plein jour,En agglomération,Hors intersection,Normale,Deux véhicules - frontale,,,,,,,,,,,1,2,1,1.0,1
201400034572,0014-11-21 17:45:00,14,11,21,17,45,730,222,EPINE (AVENUE DE L'),45.57986,5.92256,Nuit avec éclairage allumé,En agglomération,Giratoire,Normale,Autre collision,,,,,,,,,,,5,2,6,1.0,6
201400034573,0014-12-13 16:30:00,14,12,13,16,30,730,65,VOIE RAPIDE URBAINE,45.58994,5.89975,Crépuscule ou aube,Hors agglomération,Hors intersection,Normale,Trois véhicules et plus - en chaîne,,,,,,,,,,,2,1,1,1.0,4
201400034574,0014-01-08 13:45:00,14,1,8,13,45,740,10,BOULEVARD DU FIER,,,Plein jour,En agglomération,Hors intersection,Normale,Deux véhicules - côté,,,,,,,,,,,1,2,1,1.0,3
201400034575,0014-01-17 09:20:00,14,1,17,9,20,740,10,2 AVENUE DE  BROGNY,,,Plein jour,En agglomération,Hors intersection,Normale,Autre collision,,,,,,,,,,,1,2,1,1.0,6
201400034576,0014-01-23 12:35:00,14,1,23,12,35,740,10,37 AVENUE DE NOVEL,,,Plein jour,En agglomération,Hors intersection,Pluie légère,Autre collision,,,,,,,,,,,1,2,1,2.0,6
201400034577,0014-01-24 22:20:00,14,1,24,22,20,740,10,AVENUE DE GENEVE/ROCADE,,,Nuit avec éclairage allumé,En agglomération,Giratoire,Normale,Deux véhicules - arrière,,,,,,,,,,,5,2,6,1.0,2
201400034578,0014-02-02 17:42:00,14,2,2,17,42,740,10,ROUTE DE VOVRAY,,,Crépuscule ou aube,Hors agglomération,Giratoire,Normale,Autre collision,,,,,,,,,,,2,1,6,1.0,6
201400034579,0014-02-07 18:15:00,14,2,7,18,15,740,10,AVENUE DE FRANCE/THONES,,,Nuit avec éclairage allumé,En agglomération,Intersection en T,Pluie forte,Autre collision,,,,,,,,,,,5,2,3,3.0,6
201400034580,0014-02-12 20:56:00,14,2,12,20,56,740,10,BOULEVARD DE LA ROCADE,,,Nuit avec éclairage allumé,En agglomération,Intersection en X,Normale,Deux véhicules - arrière,,,,,,,,,,,5,2,2,1.0,2
201400034581,0014-02-13 03:08:00,14,2,13,3,8,740,10,BOULEVARD DU LYCEE,,,Nuit avec éclairage allumé,En agglomération,Giratoire,Pluie forte,Autre collision,,,,,,,,,,,5,2,6,3.0,6
201400034582,0014-02-27 19:15:00,14,2,27,19,15,740,10,7 BOULEVARD DU LYCEE,,,Nuit avec éclairage allumé,En agglomération,Hors intersection,Pluie légère,Autre collision,,,,,,,,,,,5,2,1,2.0,6
201400034583,0014-02-28 09:55:00,14,2,28,9,55,740,10,AVENUE DU BEL AIR,,,Plein jour,En agglomération,Giratoire,Normale,Autre collision,,,,,,,,,,,1,2,6,1.0,6
201400034584,0014-03-08 16:22:00,14,3,8,16,22,740,10,RUE  VAUGELAS,,,Plein jour,En agglomération,Hors intersection,Normale,Autre collision,,,,,,,,,,,1,2,1,1.0,6
201400034585,0014-03-08 09:25:00,14,3,8,9,25,740,93,"3, PIERRE MENDES-FRANCE",,,Plein jour,En agglomération,Hors intersection,Normale,Autre collision,,,,,,,,,,,1,2,1,1.0,6
201400034586,0014-03-11 16:10:00,14,3,11,16,10,740,10,17 AV DES MARQUISATS,,,Plein jour,En agglomération,Giratoire,Normale,Autre collision,,,,,,,,,,,1,2,6,1.0,6
201400034587,0014-03-31 10:55:00,14,3,31,10,55,740,10,11 CHEMIN CRET DU MAURE,,,Plein jour,En agglomération,Hors intersection,Normale,Autre collision,,,,,,,,,,,1,2,1,1.0,6
201400034588,0014-04-09 08:02:00,14,4,9,8,2,740,93,.ROUTE DE CHEVENNES,,,Plein jour,En agglomération,Giratoire,Normale,Deux véhicules - côté,,,,,,,,,,,1,2,6,1.0,3
201400034589,0014-04-07 09:55:00,14,4,7,9,55,740,93,VRU RD 3508,,,Plein jour,Hors agglomération,Hors intersection,Normale,Deux véhicules - arrière,,,,,,,,,,,1,1,1,1.0,2
201400034590,0014-04-15 10:55:00,14,4,15,10,55,740,93,AVENUE DE LA REPUBLIQUE,,,Plein jour,En agglomération,Giratoire,Normale,Deux véhicules - côté,,,,,,,,,,,1,2,6,1.0,3
201400034591,0014-04-17 18:45:00,14,4,17,18,45,740,10,AVENUE DE CRAN,,,Plein jour,En agglomération,Giratoire,Normale,Deux véhicules - frontale,,,,,,,,,,,1,2,6,1.0,1
201400034592,0014-04-24 19:32:00,14,4,24,19,32,740,10,RUE SOMMEILLER,,,Plein jour,En agglomération,Intersection en Y,Pluie légère,Autre collision,,,,,,,,,,,1,2,4,2.0,6
201400034593,0014-04-24 17:25:00,14,4,24,17,25,740,10,AVENUE DES  MARQUISATS,,,Plein jour,En agglomération,Hors intersection,Normale,Autre collision,,,,,,,,,,,1,2,1,1.0,6
201400034594,0014-05-03 11:26:00,14,5,3,11,26,740,93,CHEVENNES/HARMONIES,,,Plein jour,En agglomération,Giratoire,Normale,Autre collision,,,,,,,,,,,1,2,6,1.0,6
201400034595,0014-05-06 19:25:00,14,5,6,19,25,740,10,"34, LOVERCHY (CIMETIERE)",,,Plein jour,En agglomération,Hors intersection,Pluie légère,Deux véhicules - côté,,,,,,,,,,,1,2,1,2.0,3
201400034596,0014-05-19 17:20:00,14,5,19,17,20,740,10,"21, BD DE LA ROCADE",,,Plein jour,En agglomération,Hors intersection,Normale,Autre collision,,,,,,,,,,,1,2,1,1.0,6
201400034597,0014-05-26 20:10:00,14,5,26,20,10,740,10,AVENUE DU RHONE,,,Crépuscule ou aube,En agglomération,Giratoire,Normale,Autre collision,,,,,,,,,,,2,2,6,1.0,6
201400034598,0014-05-29 20:10:00,14,5,29,20,10,740,10,"45,ROUTE DE VOVRAY",,,Plein jour,En agglomération,Hors intersection,Normale,Autre collision,,,,,,,,,,,1,2,1,1.0,6
201400034599,0014-05-30 12:00:00,14,5,30,12,0,740,10,AV GAMBETTA/ PLAINE,,,Plein jour,En agglomération,Giratoire,Normale,Autre collision,,,,,,,,,,,1,2,6,1.0,6
201400034600,0014-06-11 10:00:00,14,6,11,10,0,740,10,"9, BOULEVARD DECOUX",,,Plein jour,En agglomération,Hors intersection,Normale,Autre collision,,,,,,,,,,,1,2,1,1.0,6
201400034601,0014-06-11 11:20:00,14,6,11,11,20,740,10,RUE DES ARAVIS,,,Plein jour,En agglomération,Intersection en T,Normale,Autre collision,,,,,,,,,,,1,2,3,1.0,6
201400034602,0014-06-18 15:30:00,14,6,18,15,30,740,10,AV DU RHONE,,,Plein jour,En agglomération,Hors intersection,Normale,Autre collision,,,,,,,,,,,1,2,1,1.0,6
201400034603,0014-06-22 18:56:00,14,6,22,18,56,740,10,"27, AVENUE D'ALBIGNY",,,Plein jour,En agglomération,Hors intersection,Normale,Autre collision,,,,,,,,,,,1,2,1,1.0,6
201400034604,0014-06-23 06:03:00,14,6,23,6,3,740,10,VOIE RAPIDE PRINGY,,,Plein jour,Hors agglomération,Hors intersection,Normale,Deux véhicules - frontale,,,,,,,,,,,1,1,1,1.0,1
201400034605,0014-06-30 22:00:00,14,6,30,22,0,740,10,"76, AVENUE DE BROGNY",,,Crépuscule ou aube,En agglomération,Hors intersection,Normale,Deux véhicules - côté,,,,,,,,,,,2,2,1,1.0,3
201400034606,0014-07-17 17:40:00,14,7,17,17,40,740,10,"87, BOULEVARD DU FIER",,,Plein jour,En agglomération,Hors intersection,Normale,Deux véhicules - côté,,,,,,,,,,,1,2,1,1.0,3
201400034607,0014-07-25 17:46:00,14,7,25,17,46,740,10,"109, AVENUE DE  GENEVE",,,Plein jour,En agglomération,Hors intersection,Normale,Autre collision,,,,,,,,,,,1,2,1,1.0,6
201400034608,0014-07-29 13:00:00,14,7,29,13,0,740,10,RUE SOMMEILLER,,,Plein jour,En agglomération,Intersection en X,Pluie légère,Autre collision,,,,,,,,,,,1,2,2,2.0,6
201400034609,0014-07-31 08:45:00,14,7,31,8,45,740,10,"6, AVENUE DE CHAMBERY",,,Plein jour,En agglomération,Hors intersection,Normale,Deux véhicules - frontale,,,,,,,,,,,1,2,1,1.0,1
201400034610,0014-08-03 00:07:00,14,8,3,0,7,740,10,"7, AVENUE D'ALBIGNY",,,Nuit avec éclairage allumé,En agglomération,Hors intersection,Pluie forte,Autre collision,,,,,,,,,,,5,2,1,3.0,6
201400034611,0014-08-08 15:05:00,14,8,8,15,5,740,93,"12, AVENUE DE  GEVRIER",,,Plein jour,En agglomération,Autre intersection,Normale,Autre collision,,,,,,,,,,,1,2,9,1.0,6
201400034612,0014-08-20 12:25:00,14,8,20,12,25,740,10,AVENUE DE CHEVESNES,,,Plein jour,En agglomération,Hors intersection,Normale,Autre collision,,,,,,,,,,,1,2,1,1.0,6
201400034613,0014-09-09 10:15:00,14,9,9,10,15,740,10,"46, BD DE LA ROCADE",,,Plein jour,Hors agglomération,Hors intersection,Normale,Trois véhicules et plus - collisions multiples,,,,,,,,,,,1,1,1,1.0,5
201400034614,0014-10-10 08:30:00,14,10,10,8,30,740,93,ROUTE DES CREUSES,,,Plein jour,Hors agglomération,Giratoire,Pluie légère,Sans collision,,,,,,,,,,,1,1,6,2.0,7
201400034615,0014-10-10 08:00:00,14,10,10,8,0,740,10,"134, AVENUE DE GENEVE",,,Crépuscule ou aube,En agglomération,Hors intersection,Pluie légère,Autre collision,,,,,,,,,,,2,2,1,2.0,6
201400034616,0014-10-11 11:20:00,14,10,11,11,20,740,10,AVENUE DE GENEVE,,,Plein jour,En agglomération,Intersection en T,Pluie légère,Deux véhicules - côté,,,,,,,,,,,1,2,3,2.0,3
201400034617,0014-10-14 15:55:00,14,10,14,15,55,740,93,9 AV. DE LA REPUBLIQUE,,,Plein jour,En agglomération,Intersection en T,Normale,Autre collision,,,,,,,,,,,1,2,3,1.0,6
201400034618,0014-10-28 22:30:00,14,10,28,22,30,740,10,1  BD DU FIER,,,Nuit avec éclairage allumé,En agglomération,Intersection en T,Normale,Deux véhicules - côté,,,,,,,,,,,5,2,3,1.0,3
201400034619,0014-11-08 20:20:00,14,11,8,20,20,740,10,44 AVENUE DE GENEVE,,,Nuit avec éclairage allumé,En agglomération,Hors intersection,Normale,Sans collision,,,,,,,,,,,5,2,1,1.0,7
201400034620,0014-11-18 17:45:00,14,11,18,17,45,740,10,"2, AVENUE DE  BROGNY",,,Nuit avec éclairage allumé,En agglomération,Hors intersection,Normale,Autre collision,,,,,,,,,,,5,2,1,1.0,6
201400034621,0014-11-21 18:25:00,14,11,21,18,25,740,10,"11, AVENUE D'ALBIGNY",,,Nuit avec éclairage allumé,En agglomération,Intersection en T,Normale,Deux véhicules - côté,,,,,,,,,,,5,2,3,1.0,3
201400034622,0014-12-11 17:37:00,14,12,11,17,37,740,93,ROUTE D'AIX LES BAINS,,,Nuit sans éclairage public,En agglomération,Hors intersection,Pluie légère,Autre collision,,,,,,,,,,,3,2,1,2.0,6
201400034623,0014-12-19 16:10:00,14,12,19,16,10,740,93,AVENUE DE  GEVRIER,,,Plein jour,En agglomération,Hors intersection,Normale,Autre collision,,,,,,,,,,,1,2,1,1.0,6
201400034624,0014-12-29 17:10:00,14,12,29,17,10,740,10,RUE DE LA POSTE,,,Nuit avec éclairage allumé,En agglomération,Intersection en T,Neige / grêle,Autre collision,,,,,,,,,,,5,2,3,4.0,6
201400034625,0014-01-17 06:00:00,14,1,17,6,0,740,12,RUE DE ROMAGNY,,,Nuit avec éclairage allumé,En agglomération,Hors intersection,Pluie forte,Autre collision,,,,,,,,,,,5,2,1,3.0,6
201400034626,0014-02-11 11:30:00,14,2,11,11,30,740,12,RUE DU FOSSARD,,,Plein jour,En agglomération,Intersection en X,Normale,Autre collision,,,,,,,,,,,1,2,2,1.0,6
201400034627,0014-03-15 14:15:00,14,3,15,14,15,740,12,"49, RUE DE ROMAGNY",,,Plein jour,En agglomération,Hors intersection,Normale,Deux véhicules - côté,,,,,,,,,,,1,2,1,1.0,3
201400034628,0014-03-15 14:45:00,14,3,15,14,45,740,305,14 RUE DES VOIRONS,,,Plein jour,En agglomération,Hors intersection,Normale,Sans collision,,,,,,,,,,,1,2,1,1.0,7
201400034629,0014-04-11 20:50:00,14,4,11,20,50,740,133,RUE DE L'INDUSTRIE,,,Nuit sans éclairage public,En agglomération,Hors intersection,Normale,Autre collision,,,,,,,,,,,3,2,1,1.0,6
201400034630,0014-04-14 17:25:00,14,4,14,17,25,740,8,AVENUE DE GENEVE,,,Plein jour,En agglomération,Intersection en T,Normale,Autre collision,,,,,,,,,,,1,2,3,1.0,6
201400034631,0014-04-16 10:40:00,14,4,16,10,40,740,12,"26, AVENUE DU LEMAN",,,Plein jour,En agglomération,Hors intersection,Normale,Deux véhicules - côté,,,,,,,,,,,1,2,1,1.0,3
201400034632,0014-04-16 15:00:00,14,4,16,15,0,740,12,12 AV CHARLES DE GAULLE,,,Plein jour,En agglomération,Hors intersection,Normale,Autre collision,,,,,,,,,,,1,2,1,1.0,6
201400034633,0014-04-24 07:45:00,14,4,24,7,45,740,12,"16, RUE DU BEULET",,,Plein jour,En agglomération,Hors intersection,Normale,Autre collision,,,,,,,,,,,1,2,1,1.0,6
201400034634,0014-05-18 10:05:00,14,5,18,10,5,740,305,"24, RUE ALBERT HENON",,,Plein jour,En agglomération,Hors intersection,Normale,Autre collision,,,,,,,,,,,1,2,1,1.0,6
201400034635,0014-06-18 06:50:00,14,6,18,6,50,740,12,QUAI D'ARVE/RUE  JARDINS,,,Plein jour,En agglomération,Intersection en T,Normale,Deux véhicules - côté,,,,,,,,,,,1,2,3,1.0,3
201400034636,0014-07-07 21:40:00,14,7,7,21,40,740,118,"2, RUE DU 18 AOUT",,,Nuit avec éclairage allumé,Hors agglomération,Hors intersection,Pluie forte,Deux véhicules - côté,,,,,,,,,,,5,1,1,3.0,3
201400034637,0014-08-01 16:35:00,14,8,1,16,35,740,12,RUE DE GENEVE,,,Plein jour,En agglomération,Hors intersection,Normale,Autre collision,,,,,,,,,,,1,2,1,1.0,6
201400034638,0014-09-01 03:20:00,14,9,1,3,20,740,12,"02,AVENUE DE L' EUROPE",,,Nuit avec éclairage allumé,En agglomération,Hors intersection,Pluie légère,Autre collision,,,,,,,,,,,5,2,1,2.0,6
201400034639,0014-08-29 11:30:00,14,8,29,11,30,740,12,AVENUE DU LEMAN,,,Plein jour,En agglomération,Intersection en T,Normale,Autre collision,,,,,,,,,,,1,2,3,1.0,6
201400034640,0014-09-03 09:10:00,14,9,3,9,10,740,133,RUE DE GENEVE,,,Plein jour,En agglomération,Hors intersection,Normale,Deux véhicules - côté,,,,,,,,,,,1,2,1,1.0,3
201400034641,0014-09-16 16:40:00,14,9,16,16,40,740,305,RUE DU SOLEIL LEVANT,,,Plein jour,En agglomération,Hors intersection,Normale,Autre collision,,,,,,,,,,,1,2,1,1.0,6
201400034642,0014-09-17 16:00:00,14,9,17,16,0,740,12,"02,AVENUE DE L' EUROPE",,,Plein jour,En agglomération,Hors intersection,Normale,Deux véhicules - côté,,,,,,,,,,,1,2,1,1.0,3
201400034643,0014-09-11 15:20:00,14,9,11,15,20,740,12,ROUTE DES VALLEES,,,Plein jour,En agglomération,Giratoire,Normale,Deux véhicules - côté,,,,,,,,,,,1,2,6,1.0,3
201400034644,0014-09-25 09:20:00,14,9,25,9,20,740,305,RUE ALBERT HENON,,,Plein jour,En agglomération,Intersection en T,Normale,Autre collision,,,,,,,,,,,1,2,3,1.0,6
201400034645,0014-09-01 15:30:00,14,9,1,15,30,740,8,RUE DE GENEVE,,,Plein jour,En agglomération,Hors intersection,Normale,Trois véhicules et plus - collisions multiples,,,,,,,,,,,1,2,1,1.0,5
201400034646,0014-09-23 07:50:00,14,9,23,7,50,740,12,"35, RUE DE GENEVE",,,Plein jour,En agglomération,Intersection en T,Temps éblouissant,Autre collision,,,,,,,,,,,1,2,3,7.0,6
201400034647,0014-10-19 05:30:00,14,10,19,5,30,740,118,CHEMIN CRET DE LA CROIX,,,Nuit sans éclairage public,En agglomération,Hors intersection,Normale,Sans collision,,,,,,,,,,,3,2,1,1.0,7
201400034648,0014-10-26 13:05:00,14,10,26,13,5,740,12,"23, ROUTE D'ETREMBIERES",,,Plein jour,En agglomération,Hors intersection,Normale,Deux véhicules - côté,,,,,,,,,,,1,2,1,1.0,3
201400034649,0014-11-27 20:00:00,14,11,27,20,0,740,12,AV CHARLES DE GAULLE,,,Nuit avec éclairage allumé,En agglomération,Intersection en T,Normale,Deux véhicules - côté,,,,,,,,,,,5,2,3,1.0,3
201400034650,0014-11-26 16:45:00,14,11,26,16,45,740,12,AVENUE JULES FERRY,,,Crépuscule ou aube,En agglomération,Intersection en X,Normale,Deux véhicules - côté,,,,,,,,,,,2,2,2,1.0,3
201400034651,0014-12-09 09:40:00,14,12,9,9,40,740,12,QUAI D'ARVE/AV BROUAZ,,,Plein jour,En agglomération,Intersection en T,Autre,Deux véhicules - côté,,,,,,,,,,,1,2,3,9.0,3
201400034652,0014-01-07 14:15:00,14,1,7,14,15,740,281,RUE DU PAMPHIOT,,,Plein jour,En agglomération,Intersection en T,Temps éblouissant,Autre collision,,,,,,,,,,,1,2,3,7.0,6
201400034653,0014-01-07 16:30:00,14,1,7,16,30,740,281,"9, BD GEORGES ANDRIER",,,Plein jour,En agglomération,Intersection en T,Normale,Deux véhicules - côté,,,,,,,,,,,1,2,3,1.0,3
201400034654,0014-01-31 18:30:00,14,1,31,18,30,740,218,"285,AVENUE DE LA  RIVE",,,Nuit avec éclairage allumé,En agglomération,Hors intersection,Normale,Autre collision,,,,,,,,,,,5,2,1,1.0,6
201400034655,0014-02-19 07:07:00,14,2,19,7,7,740,119,QUAI PAUL LEGER,,,Nuit avec éclairage allumé,En agglomération,Hors intersection,Normale,Autre collision,,,,,,,,,,,5,2,1,1.0,6
201400034656,0014-03-09 18:48:00,14,3,9,18,48,740,200,"1427, AVENUE DE MILLY",,,Nuit avec éclairage allumé,En agglomération,Hors intersection,Normale,Deux véhicules - côté,,,,,,,,,,,5,2,1,1.0,3
201400034657,0014-03-17 23:25:00,14,3,17,23,25,740,200,"1811,AVENUE DE  MILLY",,,Nuit avec éclairage allumé,En agglomération,Hors intersection,Normale,Autre collision,,,,,,,,,,,5,2,1,1.0,6
201400034658,0014-03-28 09:56:00,14,3,28,9,56,740,200,1331 AVENUE D' ABONDANCE,,,Plein jour,En agglomération,Hors intersection,Normale,Autre collision,,,,,,,,,,,1,2,1,1.0,6
201400034659,0014-04-17 13:25:00,14,4,17,13,25,740,281,AVENUE JULES FERRY,,,Plein jour,En agglomération,Hors intersection,Normale,Autre collision,,,,,,,,,,,1,2,1,1.0,6
201400034660,0014-04-28 15:00:00,14,4,28,15,0,740,281,ROUTE DE VONGY,,,Plein jour,En agglomération,Hors intersection,Pluie légère,Deux véhicules - côté,,,,,,,,,,,1,2,1,2.0,3
201400034661,0014-05-11 15:50:00,14,5,11,15,50,740,281,"16, AVENUE DES  ALLINGES",,,Plein jour,En agglomération,Hors intersection,Vent fort / tempête,Autre collision,,,,,,,,,,,1,2,1,6.0,6
201400034662,0014-05-14 12:15:00,14,5,14,12,15,740,281,LIBERATION/CH LA RONDE,,,Plein jour,En agglomération,Intersection en X,Temps couvert,Autre collision,,,,,,,,,,,1,2,2,8.0,6
201400034663,0014-05-18 09:10:00,14,5,18,9,10,740,281,"112, BD DE LA CORNICHE",,,Plein jour,En agglomération,Hors intersection,Normale,Trois véhicules et plus - collisions multiples,,,,,,,,,,,1,2,1,1.0,5
201400034664,0014-05-19 19:00:00,14,5,19,19,0,740,281,"13,BD GEORGE ANDRIER",,,Plein jour,En agglomération,Hors intersection,Normale,Deux véhicules - côté,,,,,,,,,,,1,2,1,1.0,3
201400034665,0014-05-22 21:45:00,14,5,22,21,45,740,218,AVENUE DE LA RIVE,,,Nuit avec éclairage allumé,En agglomération,Intersection en X,Pluie forte,Deux véhicules - côté,,,,,,,,,,,5,2,2,3.0,3
201400034666,0014-05-26 17:10:00,14,5,26,17,10,740,281,ROND POINT DE LETROZ,46.35784,6.45133,Plein jour,En agglomération,Giratoire,Normale,Deux véhicules - côté,,,,,,,,,,,1,2,6,1.0,3
201400034667,0014-05-21 19:20:00,14,5,21,19,20,740,281,AVENUE DES PRES VERTS,,,Plein jour,En agglomération,Hors intersection,Normale,Deux véhicules - côté,,,,,,,,,,,1,2,1,1.0,3
201400034668,0014-05-18 08:45:00,14,5,18,8,45,740,218,"341,AVENUE DE LA RIVE",,,Plein jour,En agglomération,Hors intersection,Normale,Deux véhicules - frontale,,,,,,,,,,,1,2,1,1.0,1
201400034669,0014-06-01 13:20:00,14,6,1,13,20,740,172,"1345, ROUTE NATIONALE",,,Plein jour,En agglomération,Hors intersection,Normale,Deux véhicules - frontale,,,,,,,,,,,1,2,1,1.0,1
201400034670,0014-05-28 16:40:00,14,5,28,16,40,740,119,25 AVENUE DETANCHE,,,Plein jour,En agglomération,Hors intersection,Normale,Autre collision,,,,,,,,,,,1,2,1,1.0,6
201400034671,0014-06-10 13:05:00,14,6,10,13,5,740,281,ROUTE DE LA VERSOIE,,,Plein jour,En agglomération,Hors intersection,Normale,Autre collision,,,,,,,,,,,1,2,1,1.0,6
201400034672,0014-06-30 17:00:00,14,6,30,17,0,740,119,ROUTE LA CORNICHE/ GAVOT,,,Plein jour,Hors agglomération,Intersection en X,Temps éblouissant,Deux véhicules - côté,,,,,,,,,,,1,1,2,7.0,3
201400034673,0014-06-29 18:25:00,14,6,29,18,25,740,281,"59, AVENUE JULES FERRY",,,Plein jour,En agglomération,Hors intersection,Normale,Deux véhicules - côté,,,,,,,,,,,1,2,1,1.0,3
201400034674,0014-07-04 18:40:00,14,7,4,18,40,740,281,RD 1005,,,Plein jour,Hors agglomération,Hors intersection,Pluie forte,Deux véhicules - arrière,,,,,,,,,,,1,1,1,3.0,2
201400034675,0014-07-11 17:20:00,14,7,11,17,20,740,281,"11, AV DE GAULLE",,,Plein jour,En agglomération,Intersection en T,Normale,Autre collision,,,,,,,,,,,1,2,3,1.0,6
201400034676,0014-07-17 12:25:00,14,7,17,12,25,740,281,"87, AVENUE DE GAULLE",,,Plein jour,En agglomération,Hors intersection,Normale,Deux véhicules - arrière,,,,,,,,,,,1,2,1,1.0,2
201400034677,0014-07-23 21:00:00,14,7,23,21,0,740,281,RD 1005,,,Crépuscule ou aube,Hors agglomération,Hors intersection,Normale,Sans collision,,,,,,,,,,,2,1,1,1.0,7
201400034678,0014-07-04 18:40:00,14,7,4,18,40,740,13,9 AVENUE DU PRE ROBERT,,,Plein jour,En agglomération,Hors intersection,Pluie légère,Autre collision,,,,,,,,,,,1,2,1,2.0,6
201400034679,0014-09-10 14:20:00,14,9,10,14,20,740,281,ROUTE D'ARMOY,,,Plein jour,Hors agglomération,Hors intersection,Normale,Autre collision,,,,,,,,,,,1,1,1,1.0,6
201400034680,0014-10-15 05:40:00,14,10,15,5,40,740,119,AVENUE D'ABONDANCE,,,Nuit avec éclairage allumé,En agglomération,Hors intersection,Pluie légère,Deux véhicules - côté,,,,,,,,,,,5,2,1,2.0,3
201400034681,0014-10-17 18:35:00,14,10,17,18,35,740,119,17 QUAI PAUL LEGER,,,Plein jour,En agglomération,Hors intersection,Normale,Deux véhicules - côté,,,,,,,,,,,1,2,1,1.0,3
201400034682,0014-10-30 18:25:00,14,10,30,18,25,740,281,AV CHARLES DE GAULLE,,,Nuit avec éclairage allumé,En agglomération,Intersection en X,Normale,Deux véhicules - côté,,,,,,,,,,,5,2,2,1.0,3
201400034683,0014-11-01 02:36:00,14,11,1,2,36,740,218,AVENUE DE RIVE,,,Nuit avec éclairage allumé,En agglomération,Hors intersection,Normale,Deux véhicules - frontale,,,,,,,,,,,5,2,1,1.0,1
201400034684,0014-12-16 19:55:00,14,12,16,19,55,740,200,"634, AV LECHEROT",,,Nuit avec éclairage allumé,En agglomération,Hors intersection,Normale,Sans collision,,,,,,,,,,,5,2,1,1.0,7
201400034685,0014-12-23 09:50:00,14,12,23,9,50,740,281,"8, RUE DE VERDUN",,,Plein jour,En agglomération,Intersection en T,Temps éblouissant,Deux véhicules - côté,,,,,,,,,,,1,2,3,7.0,3
201400034686,0014-02-07 07:30:00,14,2,7,7,30,760,476,R MESSAGER HENRI,49.48816,0.56804,Nuit avec éclairage allumé,En agglomération,Hors intersection,Pluie forte,Autre collision,,,,,,,,,,,5,2,1,3.0,6
201400034687,0014-03-04 11:10:00,14,3,4,11,10,760,329,R DE L ABBAYE,49.5506,0.4911,Plein jour,En agglomération,Intersection en T,Normale,Deux véhicules - côté,,,,,,,,,,,1,2,3,1.0,3
201400034688,0014-06-05 17:35:00,14,6,5,17,35,760,384,RTE DE PORT JEROME,49.50141,0.53322,Plein jour,Hors agglomération,Intersection en T,Normale,Deux véhicules - côté,,,,,,,,,,,1,1,3,1.0,3
201400034689,0014-09-13 12:15:00,14,9,13,12,15,760,384,RTE DE SAINT ROMAIN,49.52416,0.52698,Plein jour,Hors agglomération,Hors intersection,Normale,Sans collision,,,,,,,,,,,1,1,1,1.0,7
201400034690,0014-10-19 18:50:00,14,10,19,18,50,760,114,"43, R DE LA GREGEOTTE",49.5652,0.46287,Plein jour,En agglomération,Hors intersection,Normale,Autre collision,,,,,,,,,,,1,2,1,1.0,6
201400034691,0014-01-04 01:00:00,14,1,4,1,0,760,217,"13, R JOSEPH BRUNEL",49.92637,1.08696,Nuit avec éclairage allumé,En agglomération,Hors intersection,Normale,Autre collision,,,,,,,,,,,5,2,1,1.0,6