accident_id,datetime,annee,mois,jour,heure,minute,departement,commune_insee,adresse,latitude,longitude,luminosite,agglomeration,intersection,meteo,collision,nb_vehicules,nb_usagers,nb_indemnes,nb_tues,nb_blesses_hosp,nb_blesses_legers,age_cond_1,age_cond_2,veh_type_cond_1,veh_type_cond_2,lum_code,agg_code,int_code,atm_code,col_code
201400034814,0014-03-02 15:20:00,14,3,2,15,20,760,481,"22, RTE DE MONTIVILLIER",49.55615,0.12383,Plein jour,Hors agglomération,Hors intersection,Normale,Deux véhicules - côté,,,,,,,,,,,1,1,1,1.0,3
201400034815,0014-03-05 08:26:00,14,3,5,8,26,760,351,"15, R JULES VERNE",49.50795,0.12812,Plein jour,En agglomération,Intersection en T,Normale,Deux véhicules - côté,,,,,,,,,,,1,2,3,1.0,3
201400034816,0014-03-07 09:45:00,14,3,7,9,45,760,351,"176, R DU MARECHAL JOFFR",49.50003,0.13071,Plein jour,En agglomération,Intersection en T,Normale,Deux véhicules - côté,,,,,,,,,,,1,2,3,1.0,3
201400034817,0014-03-07 14:45:00,14,3,7,14,45,760,351,CRS LAFAYETTE,49.49198,0.12453,Plein jour,En agglomération,Intersection en X,Normale,Autre collision,,,,,,,,,,,1,2,2,1.0,6
201400034818,0014-03-08 14:10:00,14,3,8,14,10,760,481,RTE DE LA CHENAIE,49.53117,0.10352,Plein jour,Hors agglomération,Hors intersection,Normale,Deux véhicules - côté,,,,,,,,,,,1,1,1,1.0,3
201400034819,0014-03-09 16:00:00,14,3,9,16,0,760,351,"84, R DE SOUS BRETONNE",49.51119,0.09476,Plein jour,En agglomération,Intersection en T,Normale,Autre collision,,,,,,,,,,,1,2,3,1.0,6
201400034820,0014-03-10 07:55:00,14,3,10,7,55,760,481,CHE DES QUATRE FERMES,49.54605,0.11928,Plein jour,En agglomération,Intersection en T,Normale,Deux véhicules - côté,,,,,,,,,,,1,2,3,1.0,3
201400034821,0014-03-10 13:55:00,14,3,10,13,55,760,305,RTE DE L ESTUAIRE,49.45791,0.2089,Plein jour,Hors agglomération,Hors intersection,Normale,Deux véhicules - côté,,,,,,,,,,,1,1,1,1.0,3
201400034822,0014-03-12 09:12:00,14,3,12,9,12,760,351,R DES SPORTS,49.51394,0.12985,Plein jour,En agglomération,Intersection en X,Normale,Sans collision,,,,,,,,,,,1,2,2,1.0,7
201400034823,0014-03-13 09:45:00,14,3,13,9,45,760,351,CRS DE LA REPUBLIQUE,49.49589,0.12685,Plein jour,En agglomération,Intersection en X,Normale,Deux véhicules - côté,,,,,,,,,,,1,2,2,1.0,3
201400034824,0014-03-15 23:30:00,14,3,15,23,30,760,351,"307, R ARISTIDE BRIAND",49.50046,0.13847,Nuit avec éclairage allumé,En agglomération,Intersection en T,Normale,Autre collision,,,,,,,,,,,5,2,3,1.0,6
201400034825,0014-03-16 18:35:00,14,3,16,18,35,760,351,"504, R IRENE JOLIOT CURI",49.52953,0.10326,Plein jour,Hors agglomération,Hors intersection,Normale,Sans collision,,,,,,,,,,,1,1,1,1.0,7
201400034826,0014-03-18 01:50:00,14,3,18,1,50,760,351,"170, R DU COMMANDANT ABA",49.50141,0.17465,Nuit avec éclairage allumé,En agglomération,Intersection en T,Normale,Autre collision,,,,,,,,,,,5,2,3,1.0,6
201400034827,0014-03-18 14:40:00,14,3,18,14,40,760,351,"31, R  DES CHANTIERS",49.47893,0.15728,Plein jour,En agglomération,Intersection en T,Normale,Autre collision,,,,,,,,,,,1,2,3,1.0,6
201400034828,0014-03-19 19:30:00,14,3,19,19,30,760,351,AV DU MONT LE COMTE,49.51059,0.18244,Nuit avec éclairage allumé,En agglomération,Intersection en T,Normale,Deux véhicules - côté,,,,,,,,,,,5,2,3,1.0,3
201400034829,0014-03-20 15:00:00,14,3,20,15,0,760,447,,49.54085,0.21415,Plein jour,Hors agglomération,Hors intersection,Normale,Deux véhicules - arrière,,,,,,,,,,,1,1,1,1.0,2
201400034830,0014-03-20 16:25:00,14,3,20,16,25,760,351,"191, R DU BOIS AU COQ",49.51028,0.13125,Plein jour,En agglomération,Hors intersection,Normale,Autre collision,,,,,,,,,,,1,2,1,1.0,6
201400034831,0014-03-21 12:00:00,14,3,21,12,0,760,351,"36, R MARCEAU",49.48756,0.13525,Plein jour,En agglomération,Intersection en T,Normale,Deux véhicules - côté,,,,,,,,,,,1,2,3,1.0,3
201400034832,0014-03-24 21:20:00,14,3,24,21,20,760,351,,49.52455,0.17822,Nuit sans éclairage public,Hors agglomération,Hors intersection,Normale,Autre collision,,,,,,,,,,,3,1,1,1.0,6
201400034833,0014-03-25 18:10:00,14,3,25,18,10,760,351,R DE VERDUN,49.50342,0.19227,Plein jour,Hors agglomération,Giratoire,Pluie légère,Deux véhicules - côté,,,,,,,,,,,1,1,6,2.0,3
201400034834,0014-03-25 21:50:00,14,3,25,21,50,760,351,R DU BOIS AU COQ,49.5111,0.12873,Nuit avec éclairage allumé,En agglomération,Intersection en X,Pluie légère,Deux véhicules - côté,,,,,,,,,,,5,2,2,2.0,3
201400034835,0014-03-26 07:42:00,14,3,26,7,42,760,351,AV RENE DESHAYES,49.50977,0.13733,Plein jour,En agglomération,Hors intersection,Pluie légère,Autre collision,,,,,,,,,,,1,2,1,2.0,6
201400034836,0014-03-26 21:50:00,14,3,26,21,50,760,351,AV LUCIEN CORBEAUX,49.47702,0.14136,Nuit avec éclairage allumé,En agglomération,Intersection en X,Normale,Deux véhicules - côté,,,,,,,,,,,5,2,2,1.0,3
201400034837,0014-03-31 08:30:00,14,3,31,8,30,760,351,AV DU BOIS AU COQ,49.51623,0.12,Plein jour,En agglomération,Intersection en T,Pluie légère,Deux véhicules - côté,,,,,,,,,,,1,2,3,2.0,3
201400034838,0014-03-31 16:35:00,14,3,31,16,35,760,351,R LOUIS BLERIOT,49.52256,0.08852,Plein jour,En agglomération,Intersection en X,Normale,Autre collision,,,,,,,,,,,1,2,2,1.0,6
201400034839,0014-03-31 20:40:00,14,3,31,20,40,760,351,"3, R OTHON FRIESZ",49.49378,0.10096,Crépuscule ou aube,En agglomération,Intersection en T,Normale,Autre collision,,,,,,,,,,,2,2,3,1.0,6
201400034840,0014-04-01 08:35:00,14,4,1,8,35,760,351,"202, R DE VERDUN",49.50237,0.16301,Plein jour,En agglomération,Intersection en X,Normale,Autre collision,,,,,,,,,,,1,2,2,1.0,6
201400034841,0014-04-04 15:00:00,14,4,4,15,0,760,351,"28, R COLETTE",49.51096,0.09914,Plein jour,En agglomération,Intersection en X,Normale,Sans collision,,,,,,,,,,,1,2,2,1.0,7
201400034842,0014-04-05 20:10:00,14,4,5,20,10,760,351,"138, AV RENE COTY",49.4984,0.11743,Nuit avec éclairage allumé,En agglomération,Hors intersection,Normale,Autre collision,,,,,,,,,,,5,2,1,1.0,6
201400034843,0014-04-07 23:40:00,14,4,7,23,40,760,351,R OTHON FRIESZ,49.49531,0.10099,Nuit avec éclairage allumé,En agglomération,Intersection en X,Pluie légère,Trois véhicules et plus - collisions multiples,,,,,,,,,,,5,2,2,2.0,5
201400034844,0014-04-08 19:50:00,14,4,8,19,50,760,351,R LOUIS BLERIOT,49.52252,0.08849,Plein jour,Hors agglomération,Intersection en X,Normale,Sans collision,,,,,,,,,,,1,1,2,1.0,7
201400034845,0014-04-09 23:00:00,14,4,9,23,0,760,351,R JEAN MACE,49.48752,0.10945,Nuit avec éclairage allumé,En agglomération,Intersection en X,Normale,Autre collision,,,,,,,,,,,5,2,2,1.0,6
201400034846,0014-04-10 12:30:00,14,4,10,12,30,760,351,BD CLEMENCEAU,49.48964,0.09772,Plein jour,En agglomération,Intersection en T,Normale,Deux véhicules - côté,,,,,,,,,,,1,2,3,1.0,3
201400034847,0014-04-12 16:05:00,14,4,12,16,5,760,351,"255, JEAN JAURES (AVENUE",49.50044,0.16642,Plein jour,En agglomération,Intersection en T,Normale,Sans collision,,,,,,,,,,,1,2,3,1.0,7
201400034848,0014-04-13 07:10:00,14,4,13,7,10,760,351,QU COLBERT,49.49157,0.12668,Crépuscule ou aube,En agglomération,Hors intersection,Normale,Deux véhicules - arrière,,,,,,,,,,,2,2,1,1.0,2
201400034849,0014-04-14 14:10:00,14,4,14,14,10,760,351,"189, R FELIX FAURE",49.50015,0.1042,Plein jour,En agglomération,Intersection en T,Normale,Deux véhicules - côté,,,,,,,,,,,1,2,3,1.0,3
201400034850,0014-04-14 14:20:00,14,4,14,14,20,760,351,R LOUIS LUMIERE,49.52706,0.13003,Plein jour,En agglomération,Intersection en T,Normale,Trois véhicules et plus - collisions multiples,,,,,,,,,,,1,2,3,1.0,5
201400034851,0014-04-16 18:40:00,14,4,16,18,40,760,351,"36, BD ALBERT 1ER",49.49659,0.09327,Plein jour,En agglomération,Hors intersection,Normale,Autre collision,,,,,,,,,,,1,2,1,1.0,6
201400034852,0014-04-17 18:10:00,14,4,17,18,10,760,481,CHE DE  SAINT ANDRIEUX,49.5459,0.10857,Plein jour,En agglomération,Hors intersection,Pluie légère,Deux véhicules - frontale,,,,,,,,,,,1,2,1,2.0,1
201400034853,0014-04-18 18:05:00,14,4,18,18,5,760,351,"1, R DE VERDUN",49.50095,0.14541,Plein jour,En agglomération,Intersection en X,Normale,Trois véhicules et plus - collisions multiples,,,,,,,,,,,1,2,2,1.0,5
201400034854,0014-04-23 19:20:00,14,4,23,19,20,760,447,"30, R FELIX FAURE",49.54574,0.19424,Plein jour,En agglomération,Intersection en T,Pluie légère,Sans collision,,,,,,,,,,,1,2,3,2.0,7
201400034855,0014-04-24 02:20:00,14,4,24,2,20,760,351,"15 bis, R WINSTON CHURCH",49.49381,0.13702,Nuit avec éclairage allumé,En agglomération,Hors intersection,Normale,Sans collision,,,,,,,,,,,5,2,1,1.0,7
201400034856,0014-04-25 16:38:00,14,4,25,16,38,760,351,QU FRISSARD,49.49037,0.12759,Plein jour,En agglomération,Hors intersection,Normale,Autre collision,,,,,,,,,,,1,2,1,1.0,6
201400034857,0014-04-26 20:30:00,14,4,26,20,30,760,447,"30, AV PRESIDENT WILSON",49.54318,0.18199,Nuit avec éclairage allumé,En agglomération,Hors intersection,Normale,Trois véhicules et plus - en chaîne,,,,,,,,,,,5,2,1,1.0,4
201400034858,0014-04-27 17:35:00,14,4,27,17,35,760,351,QU COLBERT,49.49141,0.12569,Plein jour,En agglomération,Hors intersection,Pluie légère,Sans collision,,,,,,,,,,,1,2,1,2.0,7
201400034859,0014-04-27 21:30:00,14,4,27,21,30,760,351,BD  WINSTON CHURCHILL,49.49597,0.14594,Plein jour,En agglomération,Hors intersection,Pluie légère,Autre collision,,,,,,,,,,,1,2,1,2.0,6
201400034860,0014-05-03 14:40:00,14,5,3,14,40,760,447,AV DE LA BELLE ETOILE,,,Plein jour,En agglomération,Giratoire,Normale,Trois véhicules et plus - en chaîne,,,,,,,,,,,1,2,6,1.0,4
201400034861,0014-05-03 16:50:00,14,5,3,16,50,760,351,"55 bis, R GUSTAVE FLAUBE",49.49819,0.11298,Plein jour,En agglomération,Intersection en T,Normale,Autre collision,,,,,,,,,,,1,2,3,1.0,6
201400034862,0014-05-07 15:50:00,14,5,7,15,50,760,351,"6, R HENRI BEYLE",49.52083,0.07499,Plein jour,En agglomération,Hors intersection,Normale,Autre collision,,,,,,,,,,,1,2,1,1.0,6
201400034863,0014-05-07 22:05:00,14,5,7,22,5,760,351,AV LUCIEN CORBEAUX,49.47816,0.13201,Nuit avec éclairage allumé,En agglomération,Hors intersection,Normale,Sans collision,,,,,,,,,,,5,2,1,1.0,7
201400034864,0014-05-08 16:18:00,14,5,8,16,18,760,351,"17, PL DE L HOTEL DE VIL",49.49236,0.10681,Plein jour,En agglomération,Hors intersection,Pluie légère,Sans collision,,,,,,,,,,,1,2,1,2.0,7
201400034865,0014-05-09 20:00:00,14,5,9,20,0,760,351,"178, CRS DE LA REPUBLIQU",49.50001,0.12995,Plein jour,En agglomération,Intersection en X,Normale,Deux véhicules - côté,,,,,,,,,,,1,2,2,1.0,3
201400034866,0014-05-10 14:30:00,14,5,10,14,30,760,341,,49.50222,0.19408,Plein jour,Hors agglomération,Intersection en Y,Normale,Autre collision,,,,,,,,,,,1,1,4,1.0,6
201400034867,0014-05-11 16:50:00,14,5,11,16,50,760,351,"50, R JEAN JACQUES ROUSS",49.49692,0.13144,Plein jour,En agglomération,Hors intersection,Normale,Deux véhicules - côté,,,,,,,,,,,1,2,1,1.0,3
201400034868,0014-05-12 14:10:00,14,5,12,14,10,760,305,AV JACQUES EBERHARD,49.50772,0.23183,Plein jour,En agglomération,Intersection en Y,Normale,Autre collision,,,,,,,,,,,1,2,4,1.0,6
201400034869,0014-05-13 07:50:00,14,5,13,7,50,760,351,"112, BD JULES DURAND",49.4902,0.15828,Plein jour,En agglomération,Hors intersection,Pluie légère,Deux véhicules - côté,,,,,,,,,,,1,2,1,2.0,3
201400034870,0014-05-15 09:40:00,14,5,15,9,40,760,447,"59, R JEAN JAURES",49.54773,0.20833,Plein jour,Hors agglomération,Intersection en T,Normale,Deux véhicules - côté,,,,,,,,,,,1,1,3,1.0,3
201400034871,0014-05-15 13:00:00,14,5,15,13,0,760,351,"3, R MAXIMILLIEN DE ROBE",49.51342,0.16956,Plein jour,En agglomération,Intersection en X,Normale,Deux véhicules - arrière,,,,,,,,,,,1,2,2,1.0,2
201400034872,0014-05-17 13:40:00,14,5,17,13,40,760,351,R JEAN BORDA,49.50897,0.1083,Plein jour,En agglomération,Intersection à plus de 4 branches,Normale,Deux véhicules - côté,,,,,,,,,,,1,2,5,1.0,3
201400034873,0014-05-19 13:55:00,14,5,19,13,55,760,351,CRS  LAFAYETTE,49.49184,0.12519,Plein jour,En agglomération,Hors intersection,Normale,Autre collision,,,,,,,,,,,1,2,1,1.0,6
201400034874,0014-05-20 19:25:00,14,5,20,19,25,760,351,R DE LA BIGNE A FOSSE,49.52294,0.1135,Plein jour,En agglomération,Hors intersection,Normale,Autre collision,,,,,,,,,,,1,2,1,1.0,6
201400034875,0014-05-25 11:00:00,14,5,25,11,0,760,351,"147, R DU BOIS AU COQ",49.50922,0.13433,Plein jour,En agglomération,Hors intersection,Normale,Autre collision,,,,,,,,,,,1,2,1,1.0,6
201400034876,0014-05-26 10:30:00,14,5,26,10,30,760,351,R EUGENE MOPIN,49.52139,0.16039,Plein jour,En agglomération,Intersection en X,Normale,Autre collision,,,,,,,,,,,1,2,2,1.0,6
201400034877,0014-05-26 17:00:00,14,5,26,17,0,760,351,"1, R FREDERIC BELLENGER",49.49556,0.0944,Plein jour,En agglomération,Intersection en X,Normale,Autre collision,,,,,,,,,,,1,2,2,1.0,6
201400034878,0014-05-27 11:50:00,14,5,27,11,50,760,351,R CASIMIR DELAVIGNE,49.49468,0.12071,Plein jour,En agglomération,Hors intersection,Normale,Sans collision,,,,,,,,,,,1,2,1,1.0,7
201400034879,0014-05-30 10:15:00,14,5,30,10,15,760,447,AV JEAN PREVOST,49.547,0.1809,Plein jour,En agglomération,Hors intersection,Normale,Autre collision,,,,,,,,,,,1,2,1,1.0,6
201400034880,0014-05-31 15:15:00,14,5,31,15,15,760,351,"39, R SOCRATE",49.51352,0.16006,Plein jour,En agglomération,Intersection en T,Normale,Deux véhicules - arrière,,,,,,,,,,,1,2,3,1.0,2
201400034881,0014-06-01 22:50:00,14,6,1,22,50,760,351,"57, AV JEAN JAURES",49.49873,0.15103,Nuit avec éclairage allumé,En agglomération,Hors intersection,Normale,Sans collision,,,,,,,,,,,5,2,1,1.0,7
201400034882,0014-06-04 23:20:00,14,6,4,23,20,760,305,RTE DE L ESTUAIRE,49.45791,0.20931,Nuit avec éclairage allumé,Hors agglomération,Hors intersection,Normale,Sans collision,,,,,,,,,,,5,1,1,1.0,7
201400034883,0014-06-06 18:15:00,14,6,6,18,15,760,552,"02, R DU ROI ALBERT",49.50243,0.08617,Plein jour,En agglomération,Hors intersection,Normale,Autre collision,,,,,,,,,,,1,2,1,1.0,6
201400034884,0014-06-08 03:20:00,14,6,8,3,20,760,351,"19, R ALBERT ANDRE HUET",49.49487,0.11124,Nuit avec éclairage allumé,En agglomération,Intersection en X,Normale,Deux véhicules - côté,,,,,,,,,,,5,2,2,1.0,3
201400034885,0014-06-08 18:10:00,14,6,8,18,10,760,481,"18, RTE DE DONDENEVILLE",49.54386,0.12173,Plein jour,En agglomération,Hors intersection,Normale,Sans collision,,,,,,,,,,,1,2,1,1.0,7
201400034886,0014-06-10 14:30:00,14,6,10,14,30,760,351,"41, R CASIMIR DELAVIGNE",49.49464,0.12051,Plein jour,En agglomération,Hors intersection,Normale,Autre collision,,,,,,,,,,,1,2,1,1.0,6
201400034887,0014-06-11 17:40:00,14,6,11,17,40,760,351,"56, R ELSA TRIOLET",49.50327,0.17855,Plein jour,En agglomération,Hors intersection,Normale,Autre collision,,,,,,,,,,,1,2,1,1.0,6
201400034888,0014-06-11 18:10:00,14,6,11,18,10,760,351,BD DE LENINGRAD,49.49853,0.15736,Plein jour,En agglomération,Hors intersection,Normale,Trois véhicules et plus - collisions multiples,,,,,,,,,,,1,2,1,1.0,5
201400034889,0014-06-14 18:25:00,14,6,14,18,25,760,351,"66, R JEAN JACQUES ROUSS",49.49764,0.13131,Plein jour,En agglomération,Hors intersection,Normale,Deux véhicules - arrière,,,,,,,,,,,1,2,1,1.0,2
201400034890,0014-06-17 19:33:00,14,6,17,19,33,760,351,"139, R DEMIDOFF",49.49771,0.13742,Plein jour,En agglomération,Intersection en X,Normale,Deux véhicules - côté,,,,,,,,,,,1,2,2,1.0,3
201400034891,0014-06-18 10:00:00,14,6,18,10,0,760,351,BD JULES DURAND,49.49088,0.15998,Plein jour,En agglomération,Hors intersection,Normale,Sans collision,,,,,,,,,,,1,2,1,1.0,7
201400034892,0014-06-19 16:05:00,14,6,19,16,5,760,351,BD WINSTON CHURCHILL,49.49603,0.14681,Plein jour,En agglomération,Intersection en T,Normale,Deux véhicules - côté,,,,,,,,,,,1,2,3,1.0,3
201400034893,0014-06-24 11:00:00,14,6,24,11,0,760,351,"21, R FRANCOISE SAGAN",49.51651,0.11872,Plein jour,En agglomération,Hors intersection,Normale,Autre collision,,,,,,,,,,,1,2,1,1.0,6
201400034894,0014-06-24 15:05:00,14,6,24,15,5,760,351,"70, PL DE L HOTEL DE VIL",49.49422,0.10942,Plein jour,En agglomération,Autre intersection,Normale,Autre collision,,,,,,,,,,,1,2,9,1.0,6
201400034895,0014-06-24 22:10:00,14,6,24,22,10,760,351,"57, R DE VERDUN",49.50141,0.15,Nuit avec éclairage allumé,En agglomération,Intersection en X,Normale,Deux véhicules - côté,,,,,,,,,,,5,2,2,1.0,3
201400034896,0014-06-26 00:45:00,14,6,26,0,45,760,341,RD 6382,49.51171,0.19659,Nuit avec éclairage allumé,Hors agglomération,Hors intersection,Normale,Sans collision,,,,,,,,,,,5,1,1,1.0,7
201400034897,0014-06-26 12:00:00,14,6,26,12,0,760,351,"36, R MARECHAL JOFFRE",49.49899,0.11996,Plein jour,En agglomération,Intersection en T,Temps couvert,Sans collision,,,,,,,,,,,1,2,3,8.0,7
201400034898,0014-06-28 14:20:00,14,6,28,14,20,760,351,"291, R DE LA CAVEE VERTE",49.50714,0.12222,Plein jour,En agglomération,Hors intersection,Normale,Deux véhicules - côté,,,,,,,,,,,1,2,1,1.0,3
201400034899,0014-06-28 20:20:00,14,6,28,20,20,760,351,"68, R HOIZEY",49.51052,0.13751,Plein jour,En agglomération,Intersection en Y,Normale,Sans collision,,,,,,,,,,,1,2,4,1.0,7
201400034900,0014-06-29 10:10:00,14,6,29,10,10,760,351,"354, R DE VERDUN",49.50242,0.1747,Plein jour,En agglomération,Intersection en T,Pluie forte,Deux véhicules - côté,,,,,,,,,,,1,2,3,3.0,3
201400034901,0014-06-30 11:00:00,14,6,30,11,0,760,351,AV AMIRAL DU CHILLOU,49.46882,0.18075,Plein jour,Hors agglomération,Intersection en Y,Normale,Autre collision,,,,,,,,,,,1,1,4,1.0,6
201400034902,0014-07-01 17:50:00,14,7,1,17,50,760,351,R DE SOQUENCE,49.50181,0.17637,Plein jour,En agglomération,Hors intersection,Normale,Sans collision,,,,,,,,,,,1,2,1,1.0,7
201400034903,0014-07-02 00:25:00,14,7,2,0,25,760,351,"46, R FREDERIC RISSON",49.49946,0.1206,Nuit avec éclairage allumé,En agglomération,Intersection en X,Normale,Autre collision,,,,,,,,,,,5,2,2,1.0,6
201400034904,0014-07-03 18:00:00,14,7,3,18,0,760,351,AV DU CANADA,49.50709,0.17929,Plein jour,En agglomération,Intersection en T,Normale,Deux véhicules - côté,,,,,,,,,,,1,2,3,1.0,3
201400034905,0014-07-03 22:55:00,14,7,3,22,55,760,351,R ALBERT SAMAIN,49.51711,0.09147,Nuit avec éclairage allumé,En agglomération,Intersection en T,Normale,Deux véhicules - côté,,,,,,,,,,,5,2,3,1.0,3
201400034906,0014-07-06 18:10:00,14,7,6,18,10,760,305,,49.48646,0.21124,Plein jour,Hors agglomération,Hors intersection,Normale,Autre collision,,,,,,,,,,,1,1,1,1.0,6
201400034907,0014-07-10 12:35:00,14,7,10,12,35,760,351,"35, R FREDERIC BELLENGER",49.49567,0.09659,Plein jour,En agglomération,Hors intersection,Normale,Autre collision,,,,,,,,,,,1,2,1,1.0,6
201400034908,0014-07-12 01:10:00,14,7,12,1,10,760,481,"15, RTE DE MONTIVILLIERS",49.5562,0.12268,Nuit avec éclairage allumé,En agglomération,Hors intersection,Normale,Sans collision,,,,,,,,,,,5,2,1,1.0,7
201400034909,0014-07-13 19:35:00,14,7,13,19,35,760,351,PARVIS SAINT MICHEL,49.4963,0.10834,Plein jour,En agglomération,Hors intersection,Normale,Autre collision,,,,,,,,,,,1,2,1,1.0,6
201400034910,0014-07-17 00:30:00,14,7,17,0,30,760,351,,49.53198,0.09746,Nuit avec éclairage allumé,Hors agglomération,Hors intersection,Normale,Autre collision,,,,,,,,,,,5,1,1,1.0,6
201400034911,0014-07-17 14:15:00,14,7,17,14,15,760,351,"112, BD JULES DURAND",49.49016,0.15804,Plein jour,En agglomération,Hors intersection,Normale,Deux véhicules - arrière,,,,,,,,,,,1,2,1,1.0,2
201400034912,0014-07-20 04:50:00,14,7,20,4,50,760,351,"79, R FREDERIC BELLENGER",49.49546,0.09911,Nuit avec éclairage allumé,En agglomération,Hors intersection,Normale,Autre collision,,,,,,,,,,,5,2,1,1.0,6
201400034913,0014-07-22 15:15:00,14,7,22,15,15,760,351,AV VAUBAN,49.48982,0.11943,Plein jour,En agglomération,Intersection en X,Normale,Deux véhicules - côté,,,,,,,,,,,1,2,2,1.0,3
201400034914,0014-07-22 22:50:00,14,7,22,22,50,760,552,"66, RTE D OCTEVILLE",49.51445,0.0869,Nuit avec éclairage allumé,En agglomération,Hors intersection,Normale,Deux véhicules - frontale,,,,,,,,,,,5,2,1,1.0,1
201400034915,0014-07-26 23:42:00,14,7,26,23,42,760,351,QU LAMBLARDIE,49.48954,0.11647,Nuit avec éclairage allumé,En agglomération,Intersection en X,Normale,Deux véhicules - côté,,,,,,,,,,,5,2,2,1.0,3
201400034916,0014-07-30 20:00:00,14,7,30,20,0,760,351,AV D APPLEMONT,49.50463,0.17748,Plein jour,En agglomération,Intersection en Y,Normale,Deux véhicules - arrière,,,,,,,,,,,1,2,4,1.0,2
201400034917,0014-07-31 08:20:00,14,7,31,8,20,760,351,"351, BD DE LENINGRAD",49.49952,0.16481,Plein jour,En agglomération,Hors intersection,Normale,Autre collision,,,,,,,,,,,1,2,1,1.0,6
201400034918,0014-08-01 14:20:00,14,8,1,14,20,760,305,R ROMAIN ROLLAND,49.52351,0.22374,Plein jour,En agglomération,Intersection en X,Normale,Autre collision,,,,,,,,,,,1,2,2,1.0,6
201400034919,0014-08-01 17:50:00,14,8,1,17,50,760,351,PONT JEAN JACQUES ROUSSE,49.49579,0.13017,Plein jour,En agglomération,Intersection en Y,Normale,Deux véhicules - côté,,,,,,,,,,,1,2,4,1.0,3
201400034920,0014-08-02 01:55:00,14,8,2,1,55,760,351,"319, R DE VERDUN",49.50243,0.17154,Nuit avec éclairage allumé,En agglomération,Hors intersection,Normale,Autre collision,,,,,,,,,,,5,2,1,1.0,6
201400034921,0014-08-02 23:50:00,14,8,2,23,50,760,341,"26, AV YOURI GAGARINE",49.51353,0.1861,Nuit avec éclairage allumé,En agglomération,Hors intersection,Normale,Autre collision,,,,,,,,,,,5,2,1,1.0,6
201400034922,0014-08-07 13:45:00,14,8,7,13,45,760,447,R DE L ANCIEN CHATEAU,49.52351,0.19553,Plein jour,Hors agglomération,Hors intersection,Normale,Sans collision,,,,,,,,,,,1,1,1,1.0,7
201400034923,0014-08-13 19:15:00,14,8,13,19,15,760,341,AV DU PRESIDENT RENE COT,49.51081,0.18823,Plein jour,En agglomération,Intersection en X,Normale,Deux véhicules - côté,,,,,,,,,,,1,2,2,1.0,3
201400034924,0014-08-15 16:20:00,14,8,15,16,20,760,447,AV MARECHAL FOCH,49.5295,0.18942,Plein jour,En agglomération,Hors intersection,Normale,Autre collision,,,,,,,,,,,1,2,1,1.0,6
201400034925,0014-08-15 16:10:00,14,8,15,16,10,760,351,"77, R DE PARIS",49.48732,0.10738,Plein jour,En agglomération,Intersection en X,Normale,Deux véhicules - côté,,,,,,,,,,,1,2,2,1.0,3
201400034926,0014-08-20 19:30:00,14,8,20,19,30,760,351,"39, R LABEDOYERE",49.49668,0.13444,Plein jour,En agglomération,Intersection en X,Normale,Autre collision,,,,,,,,,,,1,2,2,1.0,6
201400034927,0014-08-23 05:50:00,14,8,23,5,50,760,351,"70, QU FRISSARD",49.49088,0.12957,Crépuscule ou aube,En agglomération,Hors intersection,Normale,Deux véhicules - côté,,,,,,,,,,,2,2,1,1.0,3
201400034928,0014-08-25 00:50:00,14,8,25,0,50,760,351,BD DE GRAVILLE,49.49392,0.14782,Nuit avec éclairage allumé,En agglomération,Giratoire,Pluie légère,Deux véhicules - arrière,,,,,,,,,,,5,2,6,2.0,2
201400034929,0014-08-28 14:00:00,14,8,28,14,0,760,351,"7, R CASIMIR PERIER",49.4935,0.112,Plein jour,En agglomération,Hors intersection,Normale,Deux véhicules - arrière,,,,,,,,,,,1,2,1,1.0,2
201400034930,0014-08-29 15:50:00,14,8,29,15,50,760,351,"143, R DU MARECHAL JOFFR",49.49998,0.12774,Plein jour,En agglomération,Intersection en T,Normale,Deux véhicules - arrière,,,,,,,,,,,1,2,3,1.0,2
201400034931,0014-08-30 07:15:00,14,8,30,7,15,760,351,"28, R ARQUIS",49.51942,0.1083,Plein jour,En agglomération,Hors intersection,Normale,Autre collision,,,,,,,,,,,1,2,1,1.0,6
201400034932,0014-09-02 15:40:00,14,9,2,15,40,760,351,"19, R DE JEMMAPES",49.487,0.14546,Plein jour,En agglomération,Hors intersection,Normale,Autre collision,,,,,,,,,,,1,2,1,1.0,6
201400034933,0014-09-09 20:10:00,14,9,9,20,10,760,351,"174, R DE VERDUN",49.50225,0.16047,Crépuscule ou aube,En agglomération,Intersection en X,Normale,Deux véhicules - côté,,,,,,,,,,,2,2,2,1.0,3
201400034934,0014-09-10 18:45:00,14,9,10,18,45,760,552,R ALBERT DUBOSC,49.50532,0.0853,Plein jour,En agglomération,Intersection en Y,Normale,Trois véhicules et plus - collisions multiples,,,,,,,,,,,1,2,4,1.0,5
201400034935,0014-09-11 13:50:00,14,9,11,13,50,760,351,"128,R MARCEAU",49.49185,0.1328,Plein jour,En agglomération,Hors intersection,Normale,Deux véhicules - côté,,,,,,,,,,,1,2,1,1.0,3
201400034936,0014-09-12 07:40:00,14,9,12,7,40,760,447,AV DE LA BELLE ETOILE,49.53423,0.18497,Plein jour,En agglomération,Giratoire,Normale,Sans collision,,,,,,,,,,,1,2,6,1.0,7