accident_id,datetime,annee,mois,jour,heure,minute,departement,commune_insee,adresse,latitude,longitude,luminosite,agglomeration,intersection,meteo,collision,nb_vehicules,nb_usagers,nb_indemnes,nb_tues,nb_blesses_hosp,nb_blesses_legers,age_cond_1,age_cond_2,veh_type_cond_1,veh_type_cond_2,lum_code,agg_code,int_code,atm_code,col_code
201400035431,0014-09-06 23:35:00,14,9,6,23,35,770,186,RD607 de Barbizon ? pav?,,,Nuit sans éclairage public,Hors agglomération,Hors intersection,Normale,Deux véhicules - frontale,,,,,,,,,,,3,1,1,1.0,1
201400035432,0014-09-07 15:10:00,14,9,7,15,10,770,186,RD148 carrefour DIANE ?,,,Plein jour,Hors agglomération,Intersection en X,Temps éblouissant,Deux véhicules - côté,,,,,,,,,,,1,1,2,7.0,3
201400035433,0014-09-13 14:50:00,14,9,13,14,50,770,186,RD607 de Barbizon ? pav?,,,Plein jour,Hors agglomération,Giratoire,Normale,Autre collision,,,,,,,,,,,1,1,6,1.0,6
201400035434,0014-10-02 18:15:00,14,10,2,18,15,770,186,TABLE DU GRAND MAITRE (C,,,Plein jour,Hors agglomération,Intersection à plus de 4 branches,Normale,Deux véhicules - côté,,,,,,,,,,,1,1,5,1.0,3
201400035435,0014-10-07 18:45:00,14,10,7,18,45,770,186,D606 de l'ob?lisque ? li,,,Plein jour,Hors agglomération,Hors intersection,Normale,Deux véhicules - côté,,,,,,,,,,,1,1,1,1.0,3
201400035436,0014-10-23 21:30:00,14,10,23,21,30,770,186,RD 142 Gland?e au grand,,,Nuit sans éclairage public,Hors agglomération,Hors intersection,Normale,Autre collision,,,,,,,,,,,3,1,1,1.0,6
201400035437,0014-11-01 16:10:00,14,11,1,16,10,770,14,"44, VALVINS (AVENUE DE)",,,Plein jour,En agglomération,Hors intersection,Normale,Deux véhicules - arrière,,,,,,,,,,,1,2,1,1.0,2
201400035438,0014-11-08 14:40:00,14,11,8,14,40,770,186,RD606. de la rochette ?,,,Plein jour,Hors agglomération,Hors intersection,Normale,Deux véhicules - côté,,,,,,,,,,,1,1,1,1.0,3
201400035439,0014-12-16 16:55:00,14,12,16,16,55,770,186,"209, SAINT MERRY (RUE)",,,Nuit avec éclairage allumé,En agglomération,Intersection en X,Normale,Sans collision,,,,,,,,,,,5,2,2,1.0,7
201400035440,0014-12-19 23:45:00,14,12,19,23,45,770,14,DE GAULLE (AVENUE DU GEN,,,Nuit avec éclairage allumé,En agglomération,Hors intersection,Normale,Autre collision,,,,,,,,,,,5,2,1,1.0,6
201400035441,0014-12-31 23:45:00,14,12,31,23,45,770,14,"4, TOURING CLUB (RUE DU",,,Nuit avec éclairage allumé,En agglomération,Hors intersection,Normale,Autre collision,,,,,,,,,,,5,2,1,1.0,6
201400035442,0014-03-07 09:20:00,14,3,7,9,20,770,58,GENERAL DE GAULLE  (AVEN,,,Plein jour,En agglomération,Hors intersection,Normale,Autre collision,,,,,,,,,,,1,2,1,1.0,6
201400035443,0014-03-27 22:00:00,14,3,27,22,0,770,438,D934,,,Nuit sans éclairage public,Hors agglomération,Hors intersection,Normale,Deux véhicules - arrière,,,,,,,,,,,3,1,1,1.0,2
201400035444,0014-04-10 06:55:00,14,4,10,6,55,770,237,"24, MEAUX  (RUE DE  )",,,Crépuscule ou aube,En agglomération,Hors intersection,Normale,Deux véhicules - côté,,,,,,,,,,,2,2,1,1.0,3
201400035445,0014-05-03 13:00:00,14,5,3,13,0,770,59,"20, CHAMPAGNE  (RUE DE",,,Plein jour,En agglomération,Hors intersection,Normale,Deux véhicules - côté,,,,,,,,,,,1,2,1,1.0,3
201400035446,0014-06-27 10:00:00,14,6,27,10,0,770,243,"20, JACQUES LEPAIRE  (RU",,,Plein jour,En agglomération,Hors intersection,Normale,Trois véhicules et plus - en chaîne,,,,,,,,,,,1,2,1,1.0,4
201400035447,0014-10-16 16:40:00,14,10,16,16,40,770,58,"3, CLOS SAINT GEORGES (P",,,Plein jour,En agglomération,Hors intersection,Temps couvert,Autre collision,,,,,,,,,,,1,2,1,8.0,6
201400035448,0014-11-27 17:05:00,14,11,27,17,5,770,58,GENERAL DE GAULLE  (AVEN,,,Nuit avec éclairage allumé,En agglomération,Hors intersection,Autre,Deux véhicules - arrière,,,,,,,,,,,5,2,1,9.0,2
201400035449,0014-01-21 19:50:00,14,1,21,19,50,770,513,"66, BRIAND ARISTIDE (RUE",,,Nuit avec éclairage allumé,En agglomération,Hors intersection,Pluie légère,Deux véhicules - arrière,,,,,,,,,,,5,2,1,2.0,2
201400035450,0014-01-28 17:30:00,14,1,28,17,30,770,284,"96, JOFFRE (AV.DU ML.)",,,Nuit avec éclairage allumé,En agglomération,Hors intersection,Temps couvert,Autre collision,,,,,,,,,,,5,2,1,8.0,6
201400035451,0014-02-21 20:15:00,14,2,21,20,15,770,284,"0, GALLIENI (AVENUE)",,,Nuit avec éclairage allumé,En agglomération,Hors intersection,Pluie légère,Deux véhicules - arrière,,,,,,,,,,,5,2,1,2.0,2
201400035452,0014-03-03 19:45:00,14,3,3,19,45,770,284,BAYARD (BD.DU CHEVALIER),,,Nuit avec éclairage allumé,En agglomération,Giratoire,Pluie légère,Deux véhicules - côté,,,,,,,,,,,5,2,6,2.0,3
201400035453,0014-03-21 18:10:00,14,3,21,18,10,770,284,"3, FROT (AV.PAUL)",,,Plein jour,En agglomération,Hors intersection,Normale,Autre collision,,,,,,,,,,,1,2,1,1.0,6
201400035454,0014-03-26 16:43:00,14,3,26,16,43,770,284,TESSAN (RUE FRANCOIS DE),,,Plein jour,En agglomération,Hors intersection,Temps couvert,Autre collision,,,,,,,,,,,1,2,1,8.0,6
201400035455,0014-03-30 04:30:00,14,3,30,4,30,770,335,RD5 (ROUTE DEPARTEMENTAL,,,Nuit sans éclairage public,Hors agglomération,Hors intersection,Normale,Deux véhicules - frontale,,,,,,,,,,,3,1,1,1.0,1
201400035456,0014-04-03 18:40:00,14,4,3,18,40,770,276,CD N?436,,,Plein jour,Hors agglomération,Hors intersection,Normale,Deux véhicules - frontale,,,,,,,,,,,1,1,1,1.0,1
201400035457,0014-04-25 19:10:00,14,4,25,19,10,770,284,"1, OURCQ (RUE DE L')",,,Plein jour,En agglomération,Hors intersection,Normale,Autre collision,,,,,,,,,,,1,2,1,1.0,6
201400035458,0014-05-12 13:35:00,14,5,12,13,35,770,475,"11, JOFFRE (RUE DU MAL.)",,,Plein jour,En agglomération,Hors intersection,Pluie légère,Trois véhicules et plus - collisions multiples,,,,,,,,,,,1,2,1,2.0,5
201400035459,0014-05-16 18:15:00,14,5,16,18,15,770,335,RN 330,,,Plein jour,Hors agglomération,Hors intersection,Normale,Autre collision,,,,,,,,,,,1,1,1,1.0,6
201400035460,0014-05-22 20:20:00,14,5,22,20,20,770,475,", VERDUN (AVENUE DE)",,,Crépuscule ou aube,En agglomération,Hors intersection,Pluie forte,Trois véhicules et plus - en chaîne,,,,,,,,,,,2,2,1,3.0,4
201400035461,0014-05-22 21:20:00,14,5,22,21,20,770,284,"83, ALLENDE (AV.SALVADOR",,,Crépuscule ou aube,En agglomération,Hors intersection,Pluie légère,Trois véhicules et plus - en chaîne,,,,,,,,,,,2,2,1,2.0,4
201400035462,0014-05-23 18:50:00,14,5,23,18,50,770,335,RD129 (ROUTE DEPARTEMENT,,,Plein jour,Hors agglomération,Intersection en X,Normale,Autre collision,,,,,,,,,,,1,1,2,1.0,6
201400035463,0014-05-28 10:45:00,14,5,28,10,45,770,284,"63 bis, DUNANT (AVENUE H",,,Plein jour,En agglomération,Hors intersection,Normale,Sans collision,,,,,,,,,,,1,2,1,1.0,7
201400035464,0014-05-30 18:50:00,14,5,30,18,50,770,284,"5, CORNILLON (RUE)",,,Plein jour,En agglomération,Hors intersection,Normale,Deux véhicules - côté,,,,,,,,,,,1,2,1,1.0,3
201400035465,0014-06-04 09:00:00,14,6,4,9,0,770,284,"18, PASCAL (RUE)",,,Plein jour,En agglomération,Hors intersection,Pluie légère,Autre collision,,,,,,,,,,,1,2,1,2.0,6
201400035466,0014-06-24 06:00:00,14,6,24,6,0,770,284,VARREDES (ROUTE DE),,,Plein jour,Hors agglomération,Hors intersection,Normale,Deux véhicules - frontale,,,,,,,,,,,1,1,1,1.0,1
201400035467,0014-06-27 15:15:00,14,6,27,15,15,770,284,"0, FOCH (AVENUE DU ML.)",,,Plein jour,En agglomération,Hors intersection,Temps éblouissant,Trois véhicules et plus - en chaîne,,,,,,,,,,,1,2,1,7.0,4
201400035468,0014-07-03 13:25:00,14,7,3,13,25,770,284,"1, SAINT-FARON (RUE)",,,Plein jour,En agglomération,Intersection en T,Temps éblouissant,Deux véhicules - frontale,,,,,,,,,,,1,2,3,7.0,1
201400035469,0014-07-11 00:15:00,14,7,11,0,15,770,284,"23, GALLIENI (AVENUE)",,,Nuit avec éclairage allumé,En agglomération,Hors intersection,Pluie légère,Deux véhicules - arrière,,,,,,,,,,,5,2,1,2.0,2
201400035470,0014-07-12 21:00:00,14,7,12,21,0,770,276,"1143, CHARLES DE GAULLE",,,Plein jour,Hors agglomération,Hors intersection,Normale,Sans collision,,,,,,,,,,,1,1,1,1.0,7
201400035471,0014-07-17 14:30:00,14,7,17,14,30,770,284,"66, TESSAN (RUE FRANCOIS",,,Plein jour,En agglomération,Hors intersection,Normale,Deux véhicules - arrière,,,,,,,,,,,1,2,1,1.0,2
201400035472,0014-07-22 17:55:00,14,7,22,17,55,770,284,APPEL DU 18 JUIN 1940 (A,,,Plein jour,En agglomération,Giratoire,Normale,Autre collision,,,,,,,,,,,1,2,6,1.0,6
201400035473,0014-07-31 18:35:00,14,7,31,18,35,770,284,"1, 11 NOVEMBRE 1918 (RUE",,,Plein jour,En agglomération,Hors intersection,Normale,Autre collision,,,,,,,,,,,1,2,1,1.0,6
201400035474,0014-07-31 19:50:00,14,7,31,19,50,770,284,"8, ROOSEVELT (AV.DU PDT)",,,Plein jour,En agglomération,Hors intersection,Normale,Autre collision,,,,,,,,,,,1,2,1,1.0,6
201400035475,0014-08-25 09:55:00,14,8,25,9,55,770,284,"46, EUROPE (PLACE DE L')",,,Plein jour,En agglomération,Hors intersection,Pluie légère,Sans collision,,,,,,,,,,,1,2,1,2.0,7
201400035476,0014-09-12 21:40:00,14,9,12,21,40,770,284,ALLENDE (AV.SALVADOR),,,Nuit avec éclairage allumé,En agglomération,Hors intersection,Normale,Deux véhicules - côté,,,,,,,,,,,5,2,1,1.0,3
201400035477,0014-11-15 14:15:00,14,11,15,14,15,770,513,RUTEL (CHEMIN DE),48.56572,2.51211,Plein jour,Hors agglomération,Giratoire,Normale,Deux véhicules - arrière,,,,,,,,,,,1,1,6,1.0,2
201400035478,0014-11-19 20:35:00,14,11,19,20,35,770,369,"6, MEAUX (AVENUE DE)",,,Nuit avec éclairage allumé,En agglomération,Hors intersection,Normale,Deux véhicules - arrière,,,,,,,,,,,5,2,1,1.0,2
201400035479,0014-01-04 18:09:00,14,1,4,18,9,770,288,"31, THIERS   (AVENUE EX",48.31506,2.39191,Nuit avec éclairage non allumé,En agglomération,Hors intersection,Normale,Autre collision,,,,,,,,,,,4,2,1,1.0,6
201400035480,0014-01-06 08:10:00,14,1,6,8,10,770,188,MASSOURY (ROUTE DE),,,Plein jour,En agglomération,Hors intersection,Normale,Deux véhicules - frontale,,,,,,,,,,,1,2,1,1.0,1
201400035481,0014-02-10 16:25:00,14,2,10,16,25,770,407,"10, SAUSSAIE(RUE DE LA)",,,Plein jour,En agglomération,Hors intersection,Normale,Deux véhicules - frontale,,,,,,,,,,,1,2,1,1.0,1
201400035482,0014-02-11 16:35:00,14,2,11,16,35,770,306,D.471 - D.57,48.35504,2.41309,Plein jour,Hors agglomération,Hors intersection,Normale,Trois véhicules et plus - collisions multiples,,,,,,,,,,,1,1,1,1.0,5
201400035483,0014-02-26 09:05:00,14,2,26,9,5,770,288,"57, ARISTIDE BRIAND  (BO",,,Plein jour,En agglomération,Hors intersection,Temps couvert,Autre collision,,,,,,,,,,,1,2,1,8.0,6
201400035484,0014-02-07 11:05:00,14,2,7,11,5,770,288,"1, GALLIENI  (PLACE)",,,Plein jour,En agglomération,Hors intersection,Temps couvert,Sans collision,,,,,,,,,,,1,2,1,8.0,7
201400035485,0014-03-17 10:05:00,14,3,17,10,5,770,389,HALAGE(CHEMIN DE),,,Plein jour,Hors agglomération,Intersection en T,Normale,Autre collision,,,,,,,,,,,1,1,3,1.0,6
201400035486,0014-03-16 23:20:00,14,3,16,23,20,770,152,DEPARTEMENTALE 142,,,Nuit avec éclairage allumé,Hors agglomération,Autre intersection,Normale,Deux véhicules - côté,,,,,,,,,,,5,1,9,1.0,3
201400035487,0014-03-19 15:45:00,14,3,19,15,45,770,288,"13, ROBERT SCHUMAN (RUE)",,,Plein jour,En agglomération,Hors intersection,Normale,Autre collision,,,,,,,,,,,1,2,1,1.0,6
201400035488,0014-03-20 14:00:00,14,3,20,14,0,770,487,R.N 105,,,Plein jour,Hors agglomération,Intersection en X,Normale,Deux véhicules - côté,,,,,,,,,,,1,1,2,1.0,3
201400035489,0014-03-30 06:50:00,14,3,30,6,50,770,152,"30, VAILLANT COUTURIER(A",,,Nuit avec éclairage allumé,En agglomération,Hors intersection,Normale,Autre collision,,,,,,,,,,,5,2,1,1.0,6
201400035490,0014-03-25 14:25:00,14,3,25,14,25,770,152,RESISTANCE(RUE DE LA),,,Plein jour,En agglomération,Intersection en T,Normale,Autre collision,,,,,,,,,,,1,2,3,1.0,6
201400035491,0014-04-04 23:10:00,14,4,4,23,10,770,487,TROIS RODES (DES),,,Nuit avec éclairage allumé,En agglomération,Intersection en X,Normale,Deux véhicules - arrière,,,,,,,,,,,5,2,2,1.0,2
201400035492,0014-04-05 22:00:00,14,4,5,22,0,770,288,R.N 105,,,Nuit sans éclairage public,En agglomération,Hors intersection,Normale,Autre collision,,,,,,,,,,,3,2,1,1.0,6
201400035493,0014-04-10 07:10:00,14,4,10,7,10,770,288,R.N 105,,,Plein jour,Hors agglomération,Hors intersection,Normale,Deux véhicules - côté,,,,,,,,,,,1,1,1,1.0,3
201400035494,0014-04-11 19:55:00,14,4,11,19,55,770,394,R.N 36,,,Plein jour,Hors agglomération,Intersection en T,Normale,Deux véhicules - côté,,,,,,,,,,,1,1,3,1.0,3
201400035495,0014-05-06 17:10:00,14,5,6,17,10,770,394,"00, CHAMPION (CENTRE CIA",,,Plein jour,En agglomération,Hors intersection,Normale,Autre collision,,,,,,,,,,,1,2,1,1.0,6
201400035496,0014-05-09 18:50:00,14,5,9,18,50,770,285,MARCHE MARAIS (AVENUE DE,,,Plein jour,En agglomération,Intersection en X,Normale,Trois véhicules et plus - collisions multiples,,,,,,,,,,,1,2,2,1.0,5
201400035497,0014-05-03 21:27:00,14,5,3,21,27,770,152,VOLTAIRE(QUAI),,,Nuit avec éclairage allumé,En agglomération,Autre intersection,Normale,Autre collision,,,,,,,,,,,5,2,9,1.0,6
201400035498,0014-06-16 07:45:00,14,6,16,7,45,770,96,"0, GEORGES CLEMENCEAU (R",,,Plein jour,En agglomération,Intersection en T,Normale,Deux véhicules - côté,,,,,,,,,,,1,2,3,1.0,3
201400035499,0014-05-24 16:15:00,14,5,24,16,15,770,378,FONTAINEBLEAU(AVENUE DE),,,Plein jour,Hors agglomération,Hors intersection,Normale,Deux véhicules - côté,,,,,,,,,,,1,1,1,1.0,3
201400035500,0014-07-02 18:50:00,14,7,2,18,50,770,152,"722, PRIEUR(AVENUE CHARL",,,Plein jour,En agglomération,Hors intersection,Normale,Deux véhicules - côté,,,,,,,,,,,1,2,1,1.0,3
201400035501,0014-07-09 18:20:00,14,7,9,18,20,770,288,MEAUX (AVENUE DE),,,Plein jour,En agglomération,Intersection en T,Pluie légère,Deux véhicules - côté,,,,,,,,,,,1,2,3,2.0,3
201400035502,0014-07-22 12:40:00,14,7,22,12,40,770,306,D.471,,,Plein jour,Hors agglomération,Intersection en X,Normale,Deux véhicules - côté,,,,,,,,,,,1,1,2,1.0,3
201400035503,0014-08-01 17:20:00,14,8,1,17,20,770,288,CORBEIL (AVENUE DE),,,Plein jour,En agglomération,Hors intersection,Normale,Deux véhicules - arrière,,,,,,,,,,,1,2,1,1.0,2
201400035504,0014-08-04 10:00:00,14,8,4,10,0,770,288,GENERAL LECLERC (RUE),,,Plein jour,En agglomération,Intersection en T,Normale,Deux véhicules - côté,,,,,,,,,,,1,2,3,1.0,3
201400035505,0014-08-21 21:35:00,14,8,21,21,35,770,288,"2, GENERAL LECLERC (RUE)",,,Crépuscule ou aube,En agglomération,Hors intersection,Normale,Deux véhicules - côté,,,,,,,,,,,2,2,1,1.0,3
201400035506,0014-09-11 19:25:00,14,9,11,19,25,770,389,ROUTE NATIONALE 6,,,Plein jour,Hors agglomération,Hors intersection,Normale,Deux véhicules - côté,,,,,,,,,,,1,1,1,1.0,3
201400035507,0014-09-23 16:00:00,14,9,23,16,0,770,487,"7, CHARTRETTES  (ROUTE D",,,Plein jour,En agglomération,Hors intersection,Normale,Deux véhicules - arrière,,,,,,,,,,,1,2,1,1.0,2
201400035508,0014-09-27 19:30:00,14,9,27,19,30,770,285,MAURICE DAUVERGNE (AVENU,,,Plein jour,En agglomération,Intersection en X,Normale,Deux véhicules - côté,,,,,,,,,,,1,2,2,1.0,3
201400035509,0014-10-02 21:11:00,14,10,2,21,11,770,152,"1, LAGRANGE(RUE LEO)",,,Nuit sans éclairage public,En agglomération,Hors intersection,Normale,Autre collision,,,,,,,,,,,3,2,1,1.0,6
201400035510,0014-10-27 20:10:00,14,10,27,20,10,770,394,D.471,,,Nuit sans éclairage public,Hors agglomération,Hors intersection,Normale,Deux véhicules - frontale,,,,,,,,,,,3,1,1,1.0,1
201400035511,0014-11-01 19:10:00,14,11,1,19,10,770,152,BOURGOGNE(ROUTE DE),,,Nuit sans éclairage public,Hors agglomération,Hors intersection,Normale,Trois véhicules et plus - collisions multiples,,,,,,,,,,,3,1,1,1.0,5
201400035512,0014-11-01 20:30:00,14,11,1,20,30,770,518,RD 372,,,Nuit avec éclairage allumé,Hors agglomération,Hors intersection,Normale,Deux véhicules - arrière,,,,,,,,,,,5,1,1,1.0,2
201400035513,0014-11-17 17:15:00,14,11,17,17,15,770,285,"147, MAURICE DAUVERGNE (",,,Nuit avec éclairage allumé,En agglomération,Hors intersection,Normale,Autre collision,,,,,,,,,,,5,2,1,1.0,6
201400035514,0014-09-29 08:30:00,14,9,29,8,30,770,288,PRESIDENT DESPATYS  (RUE,,,Plein jour,En agglomération,Hors intersection,Normale,Autre collision,,,,,,,,,,,1,2,1,1.0,6
201400035515,0014-12-02 07:10:00,14,12,2,7,10,770,288,ROND POINT DE L'EUROPE,,,Nuit avec éclairage allumé,En agglomération,Hors intersection,Brouillard / fumée,Autre collision,,,,,,,,,,,5,2,1,5.0,6
201400035516,0014-12-07 07:00:00,14,12,7,7,0,770,518,ROUTE NATIONALE 7,,,Nuit sans éclairage public,Hors agglomération,Hors intersection,Brouillard / fumée,Autre collision,,,,,,,,,,,3,1,1,5.0,6
201400035517,0014-12-15 17:30:00,14,12,15,17,30,770,288,"77, MEAUX (AVENUE DE)",,,Nuit avec éclairage allumé,En agglomération,Hors intersection,Pluie légère,Autre collision,,,,,,,,,,,5,2,1,2.0,6
201400035518,0014-12-15 16:10:00,14,12,15,16,10,770,269,NANGIS - D408 (ROUTE),,,Plein jour,Hors agglomération,Intersection en X,Pluie légère,Deux véhicules - côté,,,,,,,,,,,1,1,2,2.0,3
201400035519,0014-12-22 18:10:00,14,12,22,18,10,770,288,CHASSE  (RUE DE LA),,,Nuit avec éclairage allumé,En agglomération,Intersection en T,Normale,Deux véhicules - côté,,,,,,,,,,,5,2,3,1.0,3
201400035520,0014-07-03 15:50:00,14,7,3,15,50,770,445,D. 50,,,Plein jour,En agglomération,Giratoire,Normale,Autre collision,,,,,,,,,,,1,2,6,1.0,6
201400035521,0014-01-06 17:22:00,14,1,6,17,22,770,67,D.346,,,Nuit avec éclairage non allumé,Hors agglomération,Autre intersection,Pluie légère,Deux véhicules - arrière,,,,,,,,,,,4,1,9,2.0,2
201400035522,0014-01-07 18:25:00,14,1,7,18,25,770,326,OLOF PALME (AVENUE),,,Nuit avec éclairage non allumé,En agglomération,Intersection en X,Pluie légère,Deux véhicules - côté,,,,,,,,,,,4,2,2,2.0,3
201400035523,0014-01-08 19:30:00,14,1,8,19,30,770,450,RD 319,,,Nuit sans éclairage public,Hors agglomération,Intersection en T,Pluie légère,Deux véhicules - côté,,,,,,,,,,,3,1,3,2.0,3
201400035524,0014-01-13 07:30:00,14,1,13,7,30,770,445,CLOCHER (AVENUE DU),,,Nuit avec éclairage allumé,En agglomération,Intersection en T,Normale,Autre collision,,,,,,,,,,,5,2,3,1.0,6
201400035525,0014-07-17 06:00:00,14,7,17,6,0,770,296,HENRI POINTCARE (RUE),,,Plein jour,En agglomération,Intersection en T,Normale,Sans collision,,,,,,,,,,,1,2,3,1.0,7
201400035526,0014-02-21 17:35:00,14,2,21,17,35,770,122,BATELIERE (RUE),,,Plein jour,En agglomération,Intersection en X,Normale,Sans collision,,,,,,,,,,,1,2,2,1.0,7
201400035527,0014-02-28 18:10:00,14,2,28,18,10,770,114,D471,,,Plein jour,Hors agglomération,Hors intersection,Pluie légère,Deux véhicules - arrière,,,,,,,,,,,1,1,1,2.0,2
201400035528,0014-03-02 16:25:00,14,3,2,16,25,770,122,ANDRE MALRAUX (AVENUE),,,Plein jour,En agglomération,Giratoire,Normale,Sans collision,,,,,,,,,,,1,2,6,1.0,7
201400035529,0014-03-04 09:57:00,14,3,4,9,57,770,445,BLUM (AVENUE LEON),,,Plein jour,En agglomération,Hors intersection,Normale,Sans collision,,,,,,,,,,,1,2,1,1.0,7
201400035530,0014-03-03 05:10:00,14,3,3,5,10,770,53,BUTTE AUX BERGERS (RUE D,,,Nuit avec éclairage allumé,Hors agglomération,Hors intersection,Pluie légère,Autre collision,,,,,,,,,,,5,1,1,2.0,6
201400035531,0014-03-07 11:50:00,14,3,7,11,50,770,445,REGALLES (AVENUE DES),,,Plein jour,En agglomération,Hors intersection,Normale,Autre collision,,,,,,,,,,,1,2,1,1.0,6
201400035532,0014-03-12 13:00:00,14,3,12,13,0,770,251,VICTOR SCHOELCHER (BOULE,,,Plein jour,En agglomération,Intersection en X,Normale,Deux véhicules - côté,,,,,,,,,,,1,2,2,1.0,3
201400035533,0014-03-13 09:00:00,14,3,13,9,0,770,450,RD 319,,,Plein jour,Hors agglomération,Intersection en T,Normale,Trois véhicules et plus - collisions multiples,,,,,,,,,,,1,1,3,1.0,5
201400035534,0014-03-14 15:20:00,14,3,14,15,20,770,251,RENE CASSIN (AVENUE),,,Plein jour,En agglomération,Intersection en T,Temps éblouissant,Autre collision,,,,,,,,,,,1,2,3,7.0,6
201400035535,0014-03-23 04:05:00,14,3,23,4,5,770,296,"437, JEAN JAURES (AVENUE",,,Nuit sans éclairage public,En agglomération,Intersection en X,Normale,Deux véhicules - côté,,,,,,,,,,,3,2,2,1.0,3
201400035536,0014-04-23 17:35:00,14,4,23,17,35,770,67,"5, ROSE DES VENTS (RUE D",,,Plein jour,En agglomération,Hors intersection,Normale,Sans collision,,,,,,,,,,,1,2,1,1.0,7
201400035537,0014-05-12 02:15:00,14,5,12,2,15,770,251,PAUL DELOUVRIER (AVENUE),,,Nuit avec éclairage allumé,Hors agglomération,Giratoire,Normale,Autre collision,,,,,,,,,,,5,1,6,1.0,6
201400035538,0014-03-29 12:45:00,14,3,29,12,45,770,122,PABLO PICASSO(RUE),,,Plein jour,En agglomération,Giratoire,Temps éblouissant,Deux véhicules - côté,,,,,,,,,,,1,2,6,7.0,3
201400035539,0014-06-01 01:25:00,14,6,1,1,25,770,53,FOUR A CHAUX (RUE DU),,,Nuit sans éclairage public,En agglomération,Hors intersection,Normale,Sans collision,,,,,,,,,,,3,2,1,1.0,7
201400035540,0014-05-30 16:10:00,14,5,30,16,10,770,296,"67, DROITS DE L'HOMME (R",,,Plein jour,En agglomération,Hors intersection,Normale,Autre collision,,,,,,,,,,,1,2,1,1.0,6
201400035541,0014-06-24 06:40:00,14,6,24,6,40,770,445,PALME (AVENUE OLOF),,,Crépuscule ou aube,En agglomération,Hors intersection,Normale,Sans collision,,,,,,,,,,,2,2,1,1.0,7
201400035542,0014-07-29 22:30:00,14,7,29,22,30,770,296,"154, JEAN JAURES (AVENUE",,,Nuit avec éclairage allumé,En agglomération,Intersection en X,Temps couvert,Deux véhicules - frontale,,,,,,,,,,,5,2,2,8.0,1
201400035543,0014-07-11 15:50:00,14,7,11,15,50,770,495,PARC D'ACTIVITES DE VERT,,,Plein jour,En agglomération,Intersection en X,Temps couvert,Autre collision,,,,,,,,,,,1,2,2,8.0,6
201400035544,0014-08-22 22:20:00,14,8,22,22,20,770,296,"411, JEAN JAURES (AVENUE",,,Nuit avec éclairage allumé,En agglomération,Intersection en X,Normale,Deux véhicules - frontale,,,,,,,,,,,5,2,2,1.0,1
201400035545,0014-08-28 12:00:00,14,8,28,12,0,770,445,SAVIGNY (RUE DE),,,Plein jour,En agglomération,Intersection en T,Pluie légère,Autre collision,,,,,,,,,,,1,2,3,2.0,6
201400035546,0014-09-21 13:30:00,14,9,21,13,30,770,251,PAUL DELOUVRIER (AVENUE),,,Plein jour,En agglomération,Giratoire,Temps couvert,Sans collision,,,,,,,,,,,1,2,6,8.0,7
201400035547,0014-09-24 12:23:00,14,9,24,12,23,770,445,CAMELINAT (AVENUE ZEPHIR,,,Plein jour,En agglomération,Intersection en X,Normale,Deux véhicules - côté,,,,,,,,,,,1,2,2,1.0,3
201400035548,0014-09-24 18:00:00,14,9,24,18,0,770,67,D306,,,Plein jour,Hors agglomération,Hors intersection,Normale,Deux véhicules - côté,,,,,,,,,,,1,1,1,1.0,3
201400035549,0014-09-28 05:35:00,14,9,28,5,35,770,114,"2, RD 216",,,Nuit avec éclairage allumé,En agglomération,Hors intersection,Normale,Sans collision,,,,,,,,,,,5,2,1,1.0,7
201400035550,0014-09-29 20:17:00,14,9,29,20,17,770,114,RD 216,,,Nuit sans éclairage public,Hors agglomération,Hors intersection,Normale,Trois véhicules et plus - collisions multiples,,,,,,,,,,,3,1,1,1.0,5
201400035551,0014-10-06 02:40:00,14,10,6,2,40,770,67,D.346,,,Nuit sans éclairage public,Hors agglomération,Hors intersection,Normale,Autre collision,,,,,,,,,,,3,1,1,1.0,6
201400035552,0014-10-13 19:50:00,14,10,13,19,50,770,122,MOISSY(RUE DE),,,Nuit avec éclairage allumé,En agglomération,Intersection en X,Normale,Deux véhicules - frontale,,,,,,,,,,,5,2,2,1.0,1
201400035553,0014-10-19 05:07:00,14,10,19,5,7,770,296,D402,,,Nuit sans éclairage public,Hors agglomération,Hors intersection,Brouillard / fumée,Sans collision,,,,,,,,,,,3,1,1,5.0,7
201400035554,0014-10-26 02:00:00,14,10,26,2,0,770,326,D.50,,,Nuit avec éclairage allumé,En agglomération,Giratoire,Normale,Sans collision,,,,,,,,,,,5,2,6,1.0,7
201400035555,0014-10-08 15:00:00,14,10,8,15,0,770,122,JEAN-FRANCOIS MILLET(RUE,,,Plein jour,En agglomération,Hors intersection,Normale,Autre collision,,,,,,,,,,,1,2,1,1.0,6
201400035556,0014-11-26 19:10:00,14,11,26,19,10,770,122,EUROPE ( Boulevard de l',,,Nuit sans éclairage public,En agglomération,Hors intersection,Normale,Sans collision,,,,,,,,,,,3,2,1,1.0,7
201400035557,0014-12-04 16:45:00,14,12,4,16,45,770,53,"88, GENERAL LECLERC (RUE",,,Nuit avec éclairage allumé,Hors agglomération,Hors intersection,Normale,Autre collision,,,,,,,,,,,5,1,1,1.0,6
201400035558,0014-12-15 16:10:00,14,12,15,16,10,770,251,PAUL DELOUVRIER (AVENUE),,,Nuit avec éclairage allumé,Hors agglomération,Hors intersection,Temps couvert,Autre collision,,,,,,,,,,,5,1,1,8.0,6