accident_id,datetime,annee,mois,jour,heure,minute,departement,commune_insee,adresse,latitude,longitude,luminosite,agglomeration,intersection,meteo,collision,nb_vehicules,nb_usagers,nb_indemnes,nb_tues,nb_blesses_hosp,nb_blesses_legers,age_cond_1,age_cond_2,veh_type_cond_1,veh_type_cond_2,lum_code,agg_code,int_code,atm_code,col_code
201400035559,0014-12-17 20:35:00,14,12,17,20,35,770,450,RD 319,,,Nuit sans éclairage public,Hors agglomération,Hors intersection,Pluie légère,Deux véhicules - arrière,,,,,,,,,,,3,1,1,2.0,2
201400035560,0014-12-16 18:30:00,14,12,16,18,30,770,53,GENERAL LECLERC (RUE DU),,,Nuit avec éclairage allumé,En agglomération,Giratoire,Temps couvert,Autre collision,,,,,,,,,,,5,2,6,8.0,6
201400035561,0014-06-11 18:56:00,14,6,11,18,56,770,122,CHENE(RUE DU),,,Plein jour,En agglomération,Hors intersection,Normale,Deux véhicules - arrière,,,,,,,,,,,1,2,1,1.0,2
201400035562,0014-07-26 05:56:00,14,7,26,5,56,770,445,"08, CLOCHER (AVENUE DU)",,,Crépuscule ou aube,En agglomération,Hors intersection,Normale,Sans collision,,,,,,,,,,,2,2,1,1.0,7
201400035563,0014-06-14 10:35:00,14,6,14,10,35,770,495,D.346,,,Plein jour,Hors agglomération,Intersection en X,Pluie légère,Trois véhicules et plus - collisions multiples,,,,,,,,,,,1,1,2,2.0,5
201400035564,0014-02-11 16:45:00,14,2,11,16,45,770,172,"08, rue du Port",,,Plein jour,En agglomération,Hors intersection,Normale,Deux véhicules - frontale,,,,,,,,,,,1,2,1,1.0,1
201400035565,0014-02-01 17:25:00,14,2,1,17,25,770,482,"24 bis, ROUTE NATIONALE",,,Plein jour,En agglomération,Hors intersection,Normale,Autre collision,,,,,,,,,,,1,2,1,1.0,6
201400035566,0014-03-11 14:35:00,14,3,11,14,35,770,482,ROUTE DEPARTEMENTALE 28A,,,Crépuscule ou aube,Hors agglomération,Hors intersection,Brouillard / fumée,Autre collision,,,,,,,,,,,2,1,1,5.0,6
201400035567,0014-03-28 19:20:00,14,3,28,19,20,770,482,D606,,,Crépuscule ou aube,Hors agglomération,Hors intersection,Normale,Deux véhicules - frontale,,,,,,,,,,,2,1,1,1.0,1
201400035568,0014-03-30 01:28:00,14,3,30,1,28,770,482,ROUTE NATIONALE 6,,,Nuit sans éclairage public,Hors agglomération,Hors intersection,Normale,Sans collision,,,,,,,,,,,3,1,1,1.0,7
201400035569,0014-04-09 14:50:00,14,4,9,14,50,770,172,D 219,,,Plein jour,Hors agglomération,Hors intersection,Normale,Deux véhicules - frontale,,,,,,,,,,,1,1,1,1.0,1
201400035570,0014-09-03 08:30:00,14,9,3,8,30,770,210,CD39,,,Plein jour,Hors agglomération,Hors intersection,Normale,Sans collision,,,,,,,,,,,1,1,1,1.0,7
201400035571,0014-09-07 00:55:00,14,9,7,0,55,770,305,"22, PARIS (NOUVELLE ROUT",,,Nuit avec éclairage allumé,En agglomération,Hors intersection,Normale,Deux véhicules - frontale,,,,,,,,,,,5,2,1,1.0,1
201400035572,0014-12-13 19:55:00,14,12,13,19,55,770,305,"15, JAURES (RUE JEAN)",,,Nuit avec éclairage allumé,En agglomération,Hors intersection,Normale,Sans collision,,,,,,,,,,,5,2,1,1.0,7
201400035573,0014-12-08 07:00:00,14,12,8,7,0,770,210,D 210,,,Nuit sans éclairage public,Hors agglomération,Intersection en X,Brouillard / fumée,Deux véhicules - côté,,,,,,,,,,,3,1,2,5.0,3
201400035574,0014-12-16 16:00:00,14,12,16,16,0,770,305,GENERAL PAJOL (RUE DU),,,Plein jour,En agglomération,Hors intersection,Normale,Autre collision,,,,,,,,,,,1,2,1,1.0,6
201400035575,0014-12-19 12:03:00,14,12,19,12,3,770,210,RD 605,,,Plein jour,Hors agglomération,Hors intersection,Vent fort / tempête,Deux véhicules - arrière,,,,,,,,,,,1,1,1,6.0,2
201400035576,0014-03-07 17:45:00,14,3,7,17,45,770,79,EUROPE (PLACE DE L'),,,Plein jour,Hors agglomération,Hors intersection,Normale,Trois véhicules et plus - en chaîne,,,,,,,,,,,1,1,1,1.0,4
201400035577,0014-05-26 14:30:00,14,5,26,14,30,770,166,D 606,,,Plein jour,Hors agglomération,Hors intersection,Pluie légère,Deux véhicules - côté,,,,,,,,,,,1,1,1,2.0,3
201400035578,0014-06-13 19:20:00,14,6,13,19,20,770,166,"39, SENS (AVENUE DE)",,,Plein jour,En agglomération,Hors intersection,Normale,Deux véhicules - côté,,,,,,,,,,,1,2,1,1.0,3
201400035579,0014-06-28 12:40:00,14,6,28,12,40,770,463,"33, BY (RUE DE)",,,Plein jour,En agglomération,Hors intersection,Pluie légère,Autre collision,,,,,,,,,,,1,2,1,2.0,6
201400035580,0014-10-17 15:30:00,14,10,17,15,30,770,516,D 606,,,Plein jour,Hors agglomération,Hors intersection,Normale,Trois véhicules et plus - collisions multiples,,,,,,,,,,,1,1,1,1.0,5
201400035581,0014-04-22 17:25:00,14,4,22,17,25,770,333,"1, GIRAULT (RUE)",,,Plein jour,En agglomération,Hors intersection,Pluie forte,Sans collision,,,,,,,,,,,1,2,1,3.0,7
201400035582,0014-07-19 09:25:00,14,7,19,9,25,770,216,DEPARTEMENTALE 607,,,Plein jour,Hors agglomération,Giratoire,Normale,Autre collision,,,,,,,,,,,1,1,6,1.0,6
201400035583,0014-09-18 15:10:00,14,9,18,15,10,770,333,BOURGOGNE ( ROND POINT D,,,Plein jour,En agglomération,Giratoire,Pluie légère,Sans collision,,,,,,,,,,,1,2,6,2.0,7
201400035584,0014-09-22 06:30:00,14,9,22,6,30,770,458,"105, MARECHAL LECLERC (A",,,Nuit avec éclairage allumé,En agglomération,Hors intersection,Normale,Autre collision,,,,,,,,,,,5,2,1,1.0,6
201400035585,0014-11-17 09:10:00,14,11,17,9,10,770,431,LARCHANT (RUE DE) RD 16,,,Plein jour,Hors agglomération,Hors intersection,Temps couvert,Autre collision,,,,,,,,,,,1,1,1,8.0,6
201400035586,0014-11-18 18:10:00,14,11,18,18,10,770,333,"01, CEZANNE (RUE PAUL)",,,Nuit avec éclairage allumé,En agglomération,Hors intersection,Pluie légère,Autre collision,,,,,,,,,,,5,2,1,2.0,6
201400035587,0014-09-14 15:50:00,14,9,14,15,50,770,333,"51, LYON (AVENUE DE)RD 6",,,Plein jour,En agglomération,Hors intersection,Normale,Autre collision,,,,,,,,,,,1,2,1,1.0,6
201400035588,0014-01-09 18:45:00,14,1,9,18,45,770,83,"20, PARIS (RUE DE)",,,Nuit avec éclairage allumé,En agglomération,Hors intersection,Normale,Autre collision,,,,,,,,,,,5,2,1,1.0,6
201400035589,0014-01-14 09:55:00,14,1,14,9,55,770,258,SOUBRIARDE (AVENUE DE LA,,,Plein jour,En agglomération,Hors intersection,Normale,Autre collision,,,,,,,,,,,1,2,1,1.0,6
201400035590,0014-01-17 18:00:00,14,1,17,18,0,770,83,BOIS DE GRACE (BOULEVARD,,,Nuit avec éclairage non allumé,En agglomération,Hors intersection,Normale,Autre collision,,,,,,,,,,,4,2,1,1.0,6
201400035591,0014-02-06 08:30:00,14,2,6,8,30,770,83,"17, AMPERE (AVENUE)",,,Plein jour,En agglomération,Hors intersection,Pluie légère,Autre collision,,,,,,,,,,,1,2,1,2.0,6
201400035592,0014-02-14 09:35:00,14,2,14,9,35,770,146,PLATANES (ALLEE DES),,,Plein jour,En agglomération,Intersection en X,Normale,Autre collision,,,,,,,,,,,1,2,2,1.0,6
201400035593,0014-02-24 15:45:00,14,2,24,15,45,770,83,"30, PARIS (RUE DE)",,,Plein jour,En agglomération,Hors intersection,Normale,Autre collision,,,,,,,,,,,1,2,1,1.0,6
201400035594,0014-03-09 20:35:00,14,3,9,20,35,770,468,GEORGES BRASSENS (AVENUE,,,Crépuscule ou aube,En agglomération,Intersection en T,Normale,Deux véhicules - côté,,,,,,,,,,,2,2,3,1.0,3
201400035595,0014-03-12 08:25:00,14,3,12,8,25,770,83,ALBERT SCHWEITZER (RUE),,,Plein jour,En agglomération,Intersection en T,Normale,Autre collision,,,,,,,,,,,1,2,3,1.0,6
201400035596,0014-03-23 05:55:00,14,3,23,5,55,770,146,"88, VIEILLES VIGNES (RON",,,Nuit avec éclairage allumé,En agglomération,Hors intersection,Normale,Autre collision,,,,,,,,,,,5,2,1,1.0,6
201400035597,0014-03-29 14:40:00,14,3,29,14,40,770,169,CLOS DE L'AUMONE (BOULEV,,,Plein jour,Hors agglomération,Hors intersection,Normale,Autre collision,,,,,,,,,,,1,1,1,1.0,6
201400035598,0014-04-14 11:05:00,14,4,14,11,5,770,258,"2, SEGRAIS (BOULEVARD DU",,,Plein jour,En agglomération,Intersection en X,Normale,Autre collision,,,,,,,,,,,1,2,2,1.0,6
201400035599,0014-04-23 16:40:00,14,4,23,16,40,770,337,"02, PIERRE MENDES FRANCE",,,Plein jour,En agglomération,Hors intersection,Normale,Autre collision,,,,,,,,,,,1,2,1,1.0,6
201400035600,0014-04-27 02:35:00,14,4,27,2,35,770,337,BRIE VPO (ROUTE DE LA),,,Nuit avec éclairage allumé,Hors agglomération,Hors intersection,Normale,Deux véhicules - arrière,,,,,,,,,,,5,1,1,1.0,2
201400035601,0014-05-03 21:00:00,14,5,3,21,0,770,258,"20, JEHAN SCARRON (RUE)",,,Crépuscule ou aube,En agglomération,Hors intersection,Normale,Sans collision,,,,,,,,,,,2,2,1,1.0,7
201400035602,0014-05-05 23:40:00,14,5,5,23,40,770,258,SOUBRIARDE (AVENUE DE LA,,,Nuit avec éclairage allumé,En agglomération,Hors intersection,Normale,Autre collision,,,,,,,,,,,5,2,1,1.0,6
201400035603,0014-05-09 16:50:00,14,5,9,16,50,770,337,"2, SARTRE (JEAN-PAUL)",,,Plein jour,En agglomération,Hors intersection,Normale,Autre collision,,,,,,,,,,,1,2,1,1.0,6
201400035604,0014-05-22 15:02:00,14,5,22,15,2,770,337,"2, GUI (ALLEE DU)",,,Plein jour,En agglomération,Hors intersection,Normale,Autre collision,,,,,,,,,,,1,2,1,1.0,6
201400035605,0014-05-28 12:37:00,14,5,28,12,37,770,121,MARNE ET GONDOIRE (RUE),,,Plein jour,En agglomération,Hors intersection,Normale,Autre collision,,,,,,,,,,,1,2,1,1.0,6
201400035606,0014-06-05 07:45:00,14,6,5,7,45,770,468,"6, ARCHE GUEDON (COURS D",,,Plein jour,En agglomération,Intersection en X,Normale,Deux véhicules - frontale,,,,,,,,,,,1,2,2,1.0,1
201400035607,0014-06-08 16:40:00,14,6,8,16,40,770,83,CHAMPY-NESLE (BOULEVARD,,,Plein jour,En agglomération,Intersection en X,Normale,Deux véhicules - côté,,,,,,,,,,,1,2,2,1.0,3
201400035608,0014-06-09 17:50:00,14,6,9,17,50,770,169,CLOS DE L'AUMONE (BOULEV,,,Plein jour,Hors agglomération,Intersection en X,Normale,Deux véhicules - côté,,,,,,,,,,,1,1,2,1.0,3
201400035609,0014-06-16 19:00:00,14,6,16,19,0,770,83,CHELLES (AVENUE DE),,,Plein jour,En agglomération,Hors intersection,Normale,Sans collision,,,,,,,,,,,1,2,1,1.0,7
201400035610,0014-06-24 18:00:00,14,6,24,18,0,770,468,JEAN MOULIN (AVENUE),,,Plein jour,Hors agglomération,Giratoire,Normale,Deux véhicules - côté,,,,,,,,,,,1,1,6,1.0,3
201400035611,0014-07-15 15:15:00,14,7,15,15,15,770,258,"2, PAUL CLAUDEL (ALLEE)",,,Plein jour,En agglomération,Hors intersection,Normale,Autre collision,,,,,,,,,,,1,2,1,1.0,6
201400035612,0014-07-24 08:00:00,14,7,24,8,0,770,468,LAGNY (ROUTE DE),,,Plein jour,Hors agglomération,Intersection en T,Normale,Deux véhicules - arrière,,,,,,,,,,,1,1,3,1.0,2
201400035613,0014-08-03 10:30:00,14,8,3,10,30,770,468,LAGNY (ROUTE DE),,,Plein jour,En agglomération,Hors intersection,Normale,Autre collision,,,,,,,,,,,1,2,1,1.0,6
201400035614,0014-08-20 13:18:00,14,8,20,13,18,770,337,"60, ROCHES (COURS DES)",,,Plein jour,En agglomération,Intersection en T,Normale,Deux véhicules - côté,,,,,,,,,,,1,2,3,1.0,3
201400035615,0014-08-20 11:20:00,14,8,20,11,20,770,83,AMPERE (AVENUE),,,Plein jour,En agglomération,Hors intersection,Normale,Autre collision,,,,,,,,,,,1,2,1,1.0,6
201400035616,0014-09-05 13:25:00,14,9,5,13,25,770,83,"15, AMPERE (AVENUE)",,,Plein jour,En agglomération,Intersection en X,Normale,Autre collision,,,,,,,,,,,1,2,2,1.0,6
201400035617,0014-09-07 17:20:00,14,9,7,17,20,770,337,"40, BUISSON (COURS DU)",,,Plein jour,En agglomération,Hors intersection,Normale,Autre collision,,,,,,,,,,,1,2,1,1.0,6
201400035618,0014-09-09 18:15:00,14,9,9,18,15,770,83,"2, PYRAMIDES (AVENUE DES",,,Plein jour,En agglomération,Hors intersection,Normale,Deux véhicules - frontale,,,,,,,,,,,1,2,1,1.0,1
201400035619,0014-09-12 18:35:00,14,9,12,18,35,770,83,"11, REPUBLIQUE (BOULEVAR",,,Plein jour,En agglomération,Intersection en X,Normale,Deux véhicules - côté,,,,,,,,,,,1,2,2,1.0,3
201400035620,0014-09-22 07:20:00,14,9,22,7,20,770,121,NATIONALE 471 (ROUTE),,,Crépuscule ou aube,Hors agglomération,Hors intersection,Normale,Sans collision,,,,,,,,,,,2,1,1,1.0,7
201400035621,0014-10-07 09:15:00,14,10,7,9,15,770,169,"6, OLOF PALME (BOULEVARD",,,Plein jour,En agglomération,Hors intersection,Normale,Autre collision,,,,,,,,,,,1,2,1,1.0,6
201400035622,0014-10-23 00:10:00,14,10,23,0,10,770,169,EUROPE (AVENUE DE L'),,,Nuit avec éclairage allumé,En agglomération,Hors intersection,Normale,Sans collision,,,,,,,,,,,5,2,1,1.0,7
201400035623,0014-10-22 22:30:00,14,10,22,22,30,770,468,"18, ARCHE GUEDON (COURS",,,Nuit avec éclairage allumé,En agglomération,Intersection en T,Normale,Trois véhicules et plus - collisions multiples,,,,,,,,,,,5,2,3,1.0,5
201400035624,0014-10-27 21:25:00,14,10,27,21,25,770,121,"1, CENTRE COMMERCIAL REG",,,Nuit avec éclairage allumé,En agglomération,Hors intersection,Normale,Autre collision,,,,,,,,,,,5,2,1,1.0,6
201400035625,0014-11-04 13:35:00,14,11,4,13,35,770,468,"2, NOISIEL (ROUTE DE)",,,Plein jour,En agglomération,Intersection en T,Normale,Deux véhicules - côté,,,,,,,,,,,1,2,3,1.0,3
201400035626,0014-11-06 13:15:00,14,11,6,13,15,770,258,SOUBRIARDE (AVENUE DE LA,,,Plein jour,En agglomération,Hors intersection,Normale,Sans collision,,,,,,,,,,,1,2,1,1.0,7
201400035627,0014-11-12 11:55:00,14,11,12,11,55,770,258,"9, FERME (RUE DE LA)",,,Plein jour,En agglomération,Hors intersection,Normale,Autre collision,,,,,,,,,,,1,2,1,1.0,6
201400035628,0014-11-21 17:55:00,14,11,21,17,55,770,121,NATIONALE 471 (ROUTE),,,Nuit sans éclairage public,Hors agglomération,Hors intersection,Normale,Deux véhicules - côté,,,,,,,,,,,3,1,1,1.0,3
201400035629,0014-12-06 20:40:00,14,12,6,20,40,770,468,JEAN MOULIN (AVENUE),,,Nuit avec éclairage allumé,En agglomération,Intersection en T,Normale,Autre collision,,,,,,,,,,,5,2,3,1.0,6
201400035630,0014-12-11 19:50:00,14,12,11,19,50,770,258,COURCERIN (BOULEVARD DE),,,Nuit avec éclairage allumé,En agglomération,Intersection en T,Normale,Deux véhicules - côté,,,,,,,,,,,5,2,3,1.0,3
201400035631,0014-12-12 17:00:00,14,12,12,17,0,770,337,ARCHE GUEDON (COURS DE L,,,Plein jour,En agglomération,Hors intersection,Normale,Autre collision,,,,,,,,,,,1,2,1,1.0,6
201400035632,0014-12-16 00:25:00,14,12,16,0,25,770,83,"13, PYRAMIDES (AVENUE DE",,,Nuit avec éclairage allumé,En agglomération,Giratoire,Normale,Deux véhicules - côté,,,,,,,,,,,5,2,6,1.0,3
201400035633,0014-12-23 20:50:00,14,12,23,20,50,770,468,"29, LACS (COURS DES)",,,Nuit avec éclairage allumé,En agglomération,Hors intersection,Normale,Autre collision,,,,,,,,,,,5,2,1,1.0,6
201400035634,0014-11-29 23:20:00,14,11,29,23,20,770,374,CD 471,,,Nuit sans éclairage public,Hors agglomération,Hors intersection,Normale,Sans collision,,,,,,,,,,,3,1,1,1.0,7
201400035635,0014-02-02 01:25:00,14,2,2,1,25,770,374,CD 21,48.4736,2.41535,Nuit sans éclairage public,Hors agglomération,Autre intersection,Autre,Deux véhicules - arrière,,,,,,,,,,,3,1,9,9.0,2
201400035636,0014-12-23 17:15:00,14,12,23,17,15,770,390,"2, GENERAL LECLERC (AVEN",,,Crépuscule ou aube,En agglomération,Hors intersection,Normale,Deux véhicules - frontale,,,,,,,,,,,2,2,1,1.0,1
201400035637,0014-02-07 07:50:00,14,2,7,7,50,770,373,"1bis, PARIS (RUE DE- RN",,,Crépuscule ou aube,En agglomération,Hors intersection,Normale,Autre collision,,,,,,,,,,,2,2,1,1.0,6
201400035638,0014-02-07 07:30:00,14,2,7,7,30,770,373,PARIS (RUE DE- RN 4 ),,,Crépuscule ou aube,En agglomération,Hors intersection,Pluie forte,Autre collision,,,,,,,,,,,2,2,1,3.0,6
201400035639,0014-02-12 08:46:00,14,2,12,8,46,770,350,"04, AUGUSTE HUDIER (RUE)",,,Plein jour,En agglomération,Hors intersection,Normale,Autre collision,,,,,,,,,,,1,2,1,1.0,6
201400035640,0014-03-07 11:31:00,14,3,7,11,31,770,350,CD 351,48.45421,2.39494,Plein jour,Hors agglomération,Hors intersection,Normale,Deux véhicules - frontale,,,,,,,,,,,1,1,1,1.0,1
201400035641,0014-03-11 16:35:00,14,3,11,16,35,770,350,CD 471,,,Plein jour,Hors agglomération,Hors intersection,Normale,Autre collision,,,,,,,,,,,1,1,1,1.0,6
201400035642,0014-04-03 16:05:00,14,4,3,16,5,770,373,BUISSON FLEURI (AVENUE D,,,Plein jour,En agglomération,Hors intersection,Normale,Autre collision,,,,,,,,,,,1,2,1,1.0,6
201400035643,0014-04-26 05:25:00,14,4,26,5,25,770,373,"9, PARIS (RUE DE- RN 4 )",,,Nuit avec éclairage allumé,En agglomération,Hors intersection,Normale,Sans collision,,,,,,,,,,,5,2,1,1.0,7
201400035644,0014-05-31 17:40:00,14,5,31,17,40,770,350,RN4 HORS AGGLOMERATION,,,Plein jour,Hors agglomération,Hors intersection,Normale,Sans collision,,,,,,,,,,,1,1,1,1.0,7
201400035645,0014-05-31 20:15:00,14,5,31,20,15,770,350,"1, GEORGES COGNET (AVENU",,,Plein jour,En agglomération,Intersection en X,Normale,Deux véhicules - côté,,,,,,,,,,,1,2,2,1.0,3
201400035646,0014-05-08 17:25:00,14,5,8,17,25,770,373,CENTRE COMMERCIAL CARREF,,,Plein jour,Hors agglomération,Intersection en X,Pluie légère,Deux véhicules - côté,,,,,,,,,,,1,1,2,2.0,3
201400035647,0014-06-12 16:20:00,14,6,12,16,20,770,373,RN4 HORS AGGLOMERATION,,,Plein jour,Hors agglomération,Hors intersection,Normale,Deux véhicules - côté,,,,,,,,,,,1,1,1,1.0,3
201400035648,0014-06-13 14:10:00,14,6,13,14,10,770,373,"1, CENTRE COMMERCIAL CAR",,,Plein jour,Hors agglomération,Hors intersection,Normale,Deux véhicules - côté,,,,,,,,,,,1,1,1,1.0,3
201400035649,0014-08-27 15:20:00,14,8,27,15,20,770,390,"13, GARE D'EMERAINVILLE",,,Plein jour,En agglomération,Hors intersection,Normale,Autre collision,,,,,,,,,,,1,2,1,1.0,6
201400035650,0014-08-30 14:20:00,14,8,30,14,20,770,373,CD 51,,,Plein jour,En agglomération,Intersection en T,Normale,Deux véhicules - côté,,,,,,,,,,,1,2,3,1.0,3
201400035651,0014-09-21 02:49:00,14,9,21,2,49,770,374,"02bis, GRAND RUE",,,Nuit sans éclairage public,En agglomération,Hors intersection,Normale,Autre collision,,,,,,,,,,,3,2,1,1.0,6
201400035652,0014-10-07 15:40:00,14,10,7,15,40,770,374,CD 21,,,Plein jour,Hors agglomération,Giratoire,Normale,Deux véhicules - côté,,,,,,,,,,,1,1,6,1.0,3
201400035653,0014-10-19 17:25:00,14,10,19,17,25,770,390,GARE D'EMERAINVILLE (RUE,,,Plein jour,En agglomération,Autre intersection,Normale,Deux véhicules - côté,,,,,,,,,,,1,2,9,1.0,3
201400035654,0014-10-02 09:15:00,14,10,2,9,15,770,390,JULES FERRY (RUE),,,Plein jour,En agglomération,Hors intersection,Normale,Deux véhicules - côté,,,,,,,,,,,1,2,1,1.0,3
201400035655,0014-11-26 14:25:00,14,11,26,14,25,770,350,"38, GENERAL DE GAULLE (A",,,Plein jour,En agglomération,Hors intersection,Temps couvert,Autre collision,,,,,,,,,,,1,2,1,8.0,6
201400035656,0014-11-20 13:40:00,14,11,20,13,40,770,350,"43, GENERAL DE GAULLE (A",,,Plein jour,En agglomération,Giratoire,Normale,Autre collision,,,,,,,,,,,1,2,6,1.0,6
201400035657,0014-12-01 17:45:00,14,12,1,17,45,770,373,"8, PAQUERETTES (AVENUE D",,,Nuit avec éclairage allumé,En agglomération,Hors intersection,Pluie légère,Autre collision,,,,,,,,,,,5,2,1,2.0,6
201400035658,0014-11-29 23:15:00,14,11,29,23,15,770,373,LIBERATION (RUE DE LA),,,Nuit avec éclairage allumé,En agglomération,Giratoire,Normale,Autre collision,,,,,,,,,,,5,2,6,1.0,6
201400035659,0014-01-15 17:30:00,14,1,15,17,30,770,368,D403,,,Nuit sans éclairage public,Hors agglomération,Hors intersection,Pluie légère,Deux véhicules - frontale,,,,,,,,,,,3,1,1,2.0,1
201400035660,0014-02-04 07:30:00,14,2,4,7,30,770,379,"40, BRAY (ROUTE DE)",,,Nuit sans éclairage public,En agglomération,Hors intersection,Normale,Autre collision,,,,,,,,,,,3,2,1,1.0,6
201400035661,0014-03-12 14:05:00,14,3,12,14,5,770,379,Route D?partementale 619,,,Plein jour,Hors agglomération,Hors intersection,Normale,Deux véhicules - frontale,,,,,,,,,,,1,1,1,1.0,1
201400035662,0014-06-04 09:35:00,14,6,4,9,35,770,260,"01, ANDRE TATON (RUE)",,,Plein jour,En agglomération,Intersection en T,Pluie légère,Deux véhicules - côté,,,,,,,,,,,1,2,3,2.0,3
201400035663,0014-10-19 16:15:00,14,10,19,16,15,770,403,"6 BIS, RUE DE CHANOY",,,Plein jour,En agglomération,Hors intersection,Normale,Deux véhicules - côté,,,,,,,,,,,1,2,1,1.0,3
201400035664,0014-12-17 17:15:00,14,12,17,17,15,770,379,"2, RUE DE LA FRIPERIE",,,Crépuscule ou aube,En agglomération,Hors intersection,Pluie légère,Autre collision,,,,,,,,,,,2,2,1,2.0,6
201400035665,0014-02-10 22:10:00,14,2,10,22,10,770,514,ROUTE NATIONALE 3,,,Nuit sans éclairage public,Hors agglomération,Hors intersection,Normale,Deux véhicules - arrière,,,,,,,,,,,3,1,1,1.0,2
201400035666,0014-03-08 13:00:00,14,3,8,13,0,770,123,CD 212,,,Plein jour,Hors agglomération,Autre intersection,Normale,Trois véhicules et plus - collisions multiples,,,,,,,,,,,1,1,9,1.0,5
201400035667,0014-03-03 19:50:00,14,3,3,19,50,770,294,ROGER SALENGRO (RUE),,,Nuit avec éclairage allumé,En agglomération,Intersection en X,Pluie légère,Autre collision,,,,,,,,,,,5,2,2,2.0,6
201400035668,0014-06-17 19:00:00,14,6,17,19,0,770,214,"27, SAINT DENIS (RUE)",,,Plein jour,En agglomération,Hors intersection,Normale,Autre collision,,,,,,,,,,,1,2,1,1.0,6
201400035669,0014-06-20 16:20:00,14,6,20,16,20,770,294,"11, ENTREPRENEURS (AVENU",,,Plein jour,En agglomération,Hors intersection,Normale,Autre collision,,,,,,,,,,,1,2,1,1.0,6
201400035670,0014-06-30 17:20:00,14,6,30,17,20,770,294,CD 309,,,Plein jour,Hors agglomération,Hors intersection,Normale,Deux véhicules - côté,,,,,,,,,,,1,1,1,1.0,3
201400035671,0014-07-13 15:20:00,14,7,13,15,20,770,514,MARCEL SEMBAT (BOULEVARD,,,Plein jour,En agglomération,Hors intersection,Temps couvert,Autre collision,,,,,,,,,,,1,2,1,8.0,6
201400035672,0014-08-03 21:05:00,14,8,3,21,5,770,462,TROIS VILLES (RUE DES),,,Nuit sans éclairage public,Hors agglomération,Hors intersection,Pluie légère,Sans collision,,,,,,,,,,,3,1,1,2.0,7
201400035673,0014-08-06 05:15:00,14,8,6,5,15,770,294,RN 2,,,Nuit sans éclairage public,Hors agglomération,Hors intersection,Normale,Deux véhicules - arrière,,,,,,,,,,,3,1,1,1.0,2
201400035674,0014-10-17 21:55:00,14,10,17,21,55,770,292,D. 404 (ROUTE),,,Nuit avec éclairage allumé,En agglomération,Intersection en X,Normale,Deux véhicules - côté,,,,,,,,,,,5,2,2,1.0,3
201400035675,0014-10-16 09:05:00,14,10,16,9,5,770,514,ROUTE NATIONALE 3,,,Plein jour,Hors agglomération,Hors intersection,Temps couvert,Trois véhicules et plus - en chaîne,,,,,,,,,,,1,1,1,8.0,4
201400035676,0014-10-15 16:30:00,14,10,15,16,30,770,294,MARTYRS DE CHATEAUBRIANT,,,Plein jour,En agglomération,Intersection en T,Pluie légère,Autre collision,,,,,,,,,,,1,2,3,2.0,6
201400035677,0014-11-06 20:45:00,14,11,6,20,45,770,118,DEPARTEMENTAL 34 (ROUTE),,,Nuit sans éclairage public,Hors agglomération,Hors intersection,Temps couvert,Trois véhicules et plus - collisions multiples,,,,,,,,,,,3,1,1,8.0,5
201400035678,0014-11-04 16:40:00,14,11,4,16,40,770,514,ROSSIGNOLS (AVENUE DES),,,Plein jour,En agglomération,Autre intersection,Normale,Deux véhicules - côté,,,,,,,,,,,1,2,9,1.0,3
201400035679,0014-11-10 08:35:00,14,11,10,8,35,770,123,CD 212,,,Plein jour,Hors agglomération,Hors intersection,Normale,Deux véhicules - arrière,,,,,,,,,,,1,1,1,1.0,2
201400035680,0014-10-09 08:35:00,14,10,9,8,35,770,514,JEAN JAURES (RUE),,,Plein jour,En agglomération,Intersection en X,Normale,Autre collision,,,,,,,,,,,1,2,2,1.0,6
201400035681,0014-12-06 10:45:00,14,12,6,10,45,770,514,"20, ROGER SALENGRO (AVEN",,,Plein jour,En agglomération,Hors intersection,Normale,Autre collision,,,,,,,,,,,1,2,1,1.0,6
201400035682,0014-12-15 12:35:00,14,12,15,12,35,770,294,BORDIERE (AVENUE DE LA),,,Plein jour,En agglomération,Hors intersection,Normale,Autre collision,,,,,,,,,,,1,2,1,1.0,6
201400035683,0014-02-22 11:30:00,14,2,22,11,30,780,126,MOULIN JEAN (AVENUE),,,Plein jour,En agglomération,Hors intersection,Normale,Deux véhicules - côté,,,,,,,,,,,1,2,1,1.0,3
201400035684,0014-04-23 13:20:00,14,4,23,13,20,780,126,DUCHESNE LUCIEN RENE (AV,,,Plein jour,En agglomération,Intersection en T,Normale,Deux véhicules - côté,,,,,,,,,,,1,2,3,1.0,3
201400035685,0014-06-04 16:15:00,14,6,4,16,15,780,126,JONCHERE (AVENUE DE LA),,,Plein jour,En agglomération,Hors intersection,Normale,Trois véhicules et plus - en chaîne,,,,,,,,,,,1,2,1,1.0,4
201400035686,0014-06-14 07:15:00,14,6,14,7,15,780,126,PUITS (AVENUE DES),,,Plein jour,En agglomération,Intersection en T,Normale,Deux véhicules - côté,,,,,,,,,,,1,2,3,1.0,3
201400035687,0014-08-16 11:10:00,14,8,16,11,10,780,126,DUCHESNE LUCIEN RENE (AV,,,Plein jour,En agglomération,Intersection en X,Normale,Autre collision,,,,,,,,,,,1,2,2,1.0,6
201400035688,0014-10-30 19:33:00,14,10,30,19,33,780,92,TOURGUENIEF YVAN (RUE,,,Nuit avec éclairage allumé,En agglomération,Intersection en Y,Normale,Deux véhicules - côté,,,,,,,,,,,5,2,4,1.0,3