accident_id,datetime,annee,mois,jour,heure,minute,departement,commune_insee,adresse,latitude,longitude,luminosite,agglomeration,intersection,meteo,collision,nb_vehicules,nb_usagers,nb_indemnes,nb_tues,nb_blesses_hosp,nb_blesses_legers,age_cond_1,age_cond_2,veh_type_cond_1,veh_type_cond_2,lum_code,agg_code,int_code,atm_code,col_code
201400036081,0014-09-22 05:15:00,14,9,22,5,15,780,640,MORTE BOUTEILLE (RUE),,,Nuit sans éclairage public,En agglomération,Hors intersection,Temps couvert,Sans collision,,,,,,,,,,,3,2,1,8.0,7
201400036082,0014-10-24 17:50:00,14,10,24,17,50,780,640,EUROPE (AVENUE DE L'),,,Plein jour,Hors agglomération,Hors intersection,Normale,Deux véhicules - côté,,,,,,,,,,,1,1,1,1.0,3
201400036083,0014-12-13 17:30:00,14,12,13,17,30,780,640,HARLOW (AVENUE DE),,,Nuit avec éclairage non allumé,Hors agglomération,Hors intersection,Pluie légère,Trois véhicules et plus - en chaîne,,,,,,,,,,,4,1,1,2.0,4
201400036084,0014-12-19 19:30:00,14,12,19,19,30,780,686,JOUY (RUE DE),,,Crépuscule ou aube,En agglomération,Intersection en X,Normale,Deux véhicules - côté,,,,,,,,,,,2,2,2,1.0,3
201400036085,0014-10-14 08:37:00,14,10,14,8,37,780,646,"81, CHANTIERS (RUE DES)",,,Plein jour,En agglomération,Hors intersection,Normale,Deux véhicules - côté,,,,,,,,,,,1,2,1,1.0,3
201400036086,0014-01-05 20:05:00,14,1,5,20,5,780,646,"122, PARIS (AVENUE DE)",,,Nuit avec éclairage allumé,En agglomération,Intersection à plus de 4 branches,Pluie légère,Deux véhicules - côté,,,,,,,,,,,5,2,5,2.0,3
201400036087,0014-01-06 16:30:00,14,1,6,16,30,780,646,"4, EUROPE (AVENUE DE L')",,,Plein jour,En agglomération,Hors intersection,Pluie légère,Autre collision,,,,,,,,,,,1,2,1,2.0,6
201400036088,0014-12-30 16:15:00,14,12,30,16,15,780,646,"21, MARECHAL FOCH (RUE D",,,Plein jour,En agglomération,Hors intersection,Normale,Deux véhicules - arrière,,,,,,,,,,,1,2,1,1.0,2
201400036089,0014-06-19 23:25:00,14,6,19,23,25,780,646,"5/7, ETANG (RUE DE L')",,,Nuit sans éclairage public,En agglomération,Intersection en X,Normale,Deux véhicules - côté,,,,,,,,,,,3,2,2,1.0,3
201400036090,0014-09-30 11:10:00,14,9,30,11,10,780,158,POTTIER (RUE),,,Plein jour,En agglomération,Autre intersection,Normale,Autre collision,,,,,,,,,,,1,2,9,1.0,6
201400036091,0014-08-09 08:05:00,14,8,9,8,5,780,646,"0, RESERVOIRS (RUE DES)",,,Plein jour,En agglomération,Hors intersection,Normale,Autre collision,,,,,,,,,,,1,2,1,1.0,6
201400036092,0014-09-08 06:25:00,14,9,8,6,25,780,646,"10, PARIS (AVENUE DE)",,,Crépuscule ou aube,En agglomération,Hors intersection,Normale,Deux véhicules - côté,,,,,,,,,,,2,2,1,1.0,3
201400036093,0014-09-09 12:50:00,14,9,9,12,50,780,646,"6, COSTE (RUE)",,,Plein jour,En agglomération,Hors intersection,Normale,Autre collision,,,,,,,,,,,1,2,1,1.0,6
201400036094,0014-01-19 13:40:00,14,1,19,13,40,780,646,"9, BAILLET REVIRON (RUE)",,,Plein jour,En agglomération,Intersection en X,Normale,Autre collision,,,,,,,,,,,1,2,2,1.0,6
201400036095,0014-01-15 10:35:00,14,1,15,10,35,780,646,"66, ROYALE (RUE)",,,Plein jour,En agglomération,Intersection en T,Pluie légère,Autre collision,,,,,,,,,,,1,2,3,2.0,6
201400036096,0014-01-11 18:25:00,14,1,11,18,25,780,646,DEROISIN (RUE),,,Nuit avec éclairage allumé,En agglomération,Intersection en T,Normale,Autre collision,,,,,,,,,,,5,2,3,1.0,6
201400036097,0014-01-09 17:25:00,14,1,9,17,25,780,646,CLEMENT ADER (AVENUE),,,Crépuscule ou aube,En agglomération,Hors intersection,Normale,Deux véhicules - côté,,,,,,,,,,,2,2,1,1.0,3
201400036098,0014-01-24 22:30:00,14,1,24,22,30,780,158,"85, VERSAILLES (RUE DE)",,,Plein jour,En agglomération,Hors intersection,Normale,Autre collision,,,,,,,,,,,1,2,1,1.0,6
201400036099,0014-01-29 17:30:00,14,1,29,17,30,780,646,ROYALE (RUE),,,Nuit avec éclairage allumé,En agglomération,Intersection en X,Pluie légère,Sans collision,,,,,,,,,,,5,2,2,2.0,7
201400036100,0014-01-29 18:35:00,14,1,29,18,35,780,646,"10, MARECHAL JOFFRE (RUE",,,Nuit avec éclairage allumé,En agglomération,Hors intersection,Pluie légère,Deux véhicules - côté,,,,,,,,,,,5,2,1,2.0,3
201400036101,0014-02-06 11:05:00,14,2,6,11,5,780,646,SAINT MARTIN (RAMPE),,,Plein jour,En agglomération,Intersection en T,Pluie légère,Trois véhicules et plus - collisions multiples,,,,,,,,,,,1,2,3,2.0,5
201400036102,0014-02-07 15:30:00,14,2,7,15,30,780,646,M. DE LATTRE DE T,,,Plein jour,En agglomération,Hors intersection,Normale,Autre collision,,,,,,,,,,,1,2,1,1.0,6
201400036103,0014-02-21 17:15:00,14,2,21,17,15,780,646,MARCHE NOTRE DAME,,,Plein jour,En agglomération,Hors intersection,Normale,Autre collision,,,,,,,,,,,1,2,1,1.0,6
201400036104,0014-10-31 15:25:00,14,10,31,15,25,780,646,"50, MARECHAL FOCH (RUE D",,,Plein jour,En agglomération,Intersection en X,Normale,Deux véhicules - côté,,,,,,,,,,,1,2,2,1.0,3
201400036105,0014-10-14 18:10:00,14,10,14,18,10,780,646,ROYALE (RUE),,,Plein jour,En agglomération,Intersection en X,Normale,Deux véhicules - arrière,,,,,,,,,,,1,2,2,1.0,2
201400036106,0014-03-06 12:45:00,14,3,6,12,45,780,646,"69, MARECHAL FOCH (RUE D",,,Plein jour,En agglomération,Intersection en T,Normale,Deux véhicules - arrière,,,,,,,,,,,1,2,3,1.0,2
201400036107,0014-03-11 17:45:00,14,3,11,17,45,780,646,"35, PARIS (AVENUE DE)",,,Plein jour,En agglomération,Hors intersection,Normale,Trois véhicules et plus - collisions multiples,,,,,,,,,,,1,2,1,1.0,5
201400036108,0014-03-10 13:25:00,14,3,10,13,25,780,646,"7, REINE (BOULEVARD DE L",,,Plein jour,En agglomération,Hors intersection,Normale,Deux véhicules - côté,,,,,,,,,,,1,2,1,1.0,3
201400036109,0014-10-23 07:30:00,14,10,23,7,30,780,158,"06, SPORTS (RUE DES)",,,Nuit avec éclairage allumé,En agglomération,Intersection en T,Normale,Deux véhicules - côté,,,,,,,,,,,5,2,3,1.0,3
201400036110,0014-03-13 14:30:00,14,3,13,14,30,780,158,"NEANT, CENTRE COMMERCIAL",,,Plein jour,Hors agglomération,Hors intersection,Normale,Autre collision,,,,,,,,,,,1,1,1,1.0,6
201400036111,0014-03-16 10:05:00,14,3,16,10,5,780,646,GENERAL DE GAULLE,,,Plein jour,En agglomération,Intersection en T,Normale,Deux véhicules - côté,,,,,,,,,,,1,2,3,1.0,3
201400036112,0014-03-16 16:40:00,14,3,16,16,40,780,646,SAINT CYR (ROUTE DE),,,Plein jour,En agglomération,Hors intersection,Normale,Deux véhicules - arrière,,,,,,,,,,,1,2,1,1.0,2
201400036113,0014-03-21 12:15:00,14,3,21,12,15,780,646,CHANTIERS (RUE DES),,,Plein jour,En agglomération,Intersection en X,Normale,Autre collision,,,,,,,,,,,1,2,2,1.0,6
201400036114,0014-10-14 14:00:00,14,10,14,14,0,780,646,"0, SCEAUX (AVENUE DE)",,,Plein jour,En agglomération,Intersection en X,Normale,Autre collision,,,,,,,,,,,1,2,2,1.0,6
201400036115,0014-04-09 13:45:00,14,4,9,13,45,780,646,"neant, PORTE DE BUC (RUE",,,Plein jour,En agglomération,Intersection en X,Normale,Deux véhicules - arrière,,,,,,,,,,,1,2,2,1.0,2
201400036116,0014-04-24 19:35:00,14,4,24,19,35,780,646,"21, ROI (BOULEVARD DU)",,,Crépuscule ou aube,En agglomération,Intersection en X,Normale,Autre collision,,,,,,,,,,,2,2,2,1.0,6
201400036117,0014-11-03 08:30:00,14,11,3,8,30,780,158,"1, ROUTE NAPOLEON III (R",,,Nuit avec éclairage non allumé,En agglomération,Hors intersection,Normale,Trois véhicules et plus - collisions multiples,,,,,,,,,,,4,2,1,1.0,5
201400036118,0014-11-21 12:50:00,14,11,21,12,50,780,646,"53, MARECHAL FOCH (RUE D",,,Plein jour,En agglomération,Hors intersection,Normale,Sans collision,,,,,,,,,,,1,2,1,1.0,7
201400036119,0014-05-12 21:45:00,14,5,12,21,45,780,646,SAINT CYR (ROUTE DE),,,Nuit avec éclairage allumé,En agglomération,Intersection en T,Normale,Deux véhicules - côté,,,,,,,,,,,5,2,3,1.0,3
201400036120,0014-12-04 18:55:00,14,12,4,18,55,780,646,PARIS (AVENUE DE),,,Nuit avec éclairage allumé,En agglomération,Intersection en X,Normale,Deux véhicules - côté,,,,,,,,,,,5,2,2,1.0,3
201400036121,0014-12-19 16:50:00,14,12,19,16,50,780,646,"0, REFUGE (RUE DU)",,,Crépuscule ou aube,En agglomération,Hors intersection,Pluie légère,Autre collision,,,,,,,,,,,2,2,1,2.0,6
201400036122,0014-06-22 03:55:00,14,6,22,3,55,780,646,LOI (PLACE DE LA),,,Nuit avec éclairage allumé,En agglomération,Giratoire,Normale,Autre collision,,,,,,,,,,,5,2,6,1.0,6
201400036123,0014-08-01 13:55:00,14,8,1,13,55,780,646,"5, GENERAL DE GAULLE (AV",,,Plein jour,En agglomération,Hors intersection,Normale,Autre collision,,,,,,,,,,,1,2,1,1.0,6
201400036124,0014-09-23 15:03:00,14,9,23,15,3,780,646,"8, REINE (BOULEVARD DE L",,,Plein jour,En agglomération,Hors intersection,Normale,Deux véhicules - côté,,,,,,,,,,,1,2,1,1.0,3
201400036125,0014-06-19 07:55:00,14,6,19,7,55,780,646,"09, PONT COLBERT (RUE DU",,,Plein jour,En agglomération,Hors intersection,Autre,Deux véhicules - côté,,,,,,,,,,,1,2,1,9.0,3
201400036126,0014-05-24 12:40:00,14,5,24,12,40,780,158,"168, VERSAILLES (RUE DE)",,,Plein jour,En agglomération,Hors intersection,Normale,Deux véhicules - côté,,,,,,,,,,,1,2,1,1.0,3
201400036127,0014-10-06 07:10:00,14,10,6,7,10,780,158,"11, DEBASSEUX (AVENUE)",,,Crépuscule ou aube,En agglomération,Hors intersection,Normale,Deux véhicules - côté,,,,,,,,,,,2,2,1,1.0,3
201400036128,0014-10-11 15:20:00,14,10,11,15,20,780,158,"37, VERSAILLES (RUE DE)",,,Plein jour,En agglomération,Hors intersection,Normale,Autre collision,,,,,,,,,,,1,2,1,1.0,6
201400036129,0014-10-16 11:00:00,14,10,16,11,0,780,646,"25, ROI (BOULEVARD DU)",,,Plein jour,En agglomération,Hors intersection,Normale,Autre collision,,,,,,,,,,,1,2,1,1.0,6
201400036130,0014-11-04 12:00:00,14,11,4,12,0,780,646,"45, ETATS UNIS (AVENUE D",,,Plein jour,En agglomération,Hors intersection,Normale,Deux véhicules - frontale,,,,,,,,,,,1,2,1,1.0,1
201400036131,0014-11-08 11:05:00,14,11,8,11,5,780,646,"N?ant, PAROISSE (RUE DE",,,Plein jour,En agglomération,Intersection en X,Normale,Autre collision,,,,,,,,,,,1,2,2,1.0,6
201400036132,0014-11-17 13:15:00,14,11,17,13,15,780,646,"67, CHANTIERS (RUE DES)",,,Plein jour,En agglomération,Hors intersection,Normale,Deux véhicules - arrière,,,,,,,,,,,1,2,1,1.0,2
201400036133,0014-07-15 15:30:00,14,7,15,15,30,780,646,"5, SAINT MICHEL (RUE)",,,Plein jour,En agglomération,Hors intersection,Normale,Autre collision,,,,,,,,,,,1,2,1,1.0,6
201400036134,0014-11-27 23:20:00,14,11,27,23,20,780,646,"10, NEPVEU SUD (AVENUE)",,,Nuit avec éclairage allumé,En agglomération,Hors intersection,Normale,Autre collision,,,,,,,,,,,5,2,1,1.0,6
201400036135,0014-11-28 08:40:00,14,11,28,8,40,780,158,"42, JEAN DUPLESSIS (RUE)",,,Plein jour,En agglomération,Hors intersection,Normale,Autre collision,,,,,,,,,,,1,2,1,1.0,6
201400036136,0014-12-08 15:30:00,14,12,8,15,30,780,158,"0, DUTARTRE (AVENUE)",,,Plein jour,En agglomération,Intersection en T,Normale,Deux véhicules - côté,,,,,,,,,,,1,2,3,1.0,3
201400036137,0014-12-27 21:00:00,14,12,27,21,0,780,646,RD 10,,3.45699,Nuit avec éclairage allumé,Hors agglomération,Intersection en T,Pluie légère,Deux véhicules - côté,,,,,,,,,,,5,1,3,2.0,3
201400036138,0014-07-07 07:00:00,14,7,7,7,0,780,646,"0, ANJOU (RUE D')",,,Crépuscule ou aube,En agglomération,Intersection en T,Normale,Sans collision,,,,,,,,,,,2,2,3,1.0,7
201400036139,0014-01-23 08:30:00,14,1,23,8,30,780,418,JEAN CLAUDE BEZANIER (RU,,,Plein jour,En agglomération,Intersection en T,Normale,Autre collision,,,,,,,,,,,1,2,3,1.0,6
201400036140,0014-01-06 15:20:00,14,1,6,15,20,780,418,"0, PAUL DEMANGE (PLACE)",,,Plein jour,En agglomération,Hors intersection,Normale,Autre collision,,,,,,,,,,,1,2,1,1.0,6
201400036141,0014-03-19 07:50:00,14,3,19,7,50,780,650,"311, MONTESSON (ROUTE DE",,,Plein jour,En agglomération,Intersection en X,Normale,Autre collision,,,,,,,,,,,1,2,2,1.0,6
201400036142,0014-05-05 07:15:00,14,5,5,7,15,780,418,"1, ONZE NOVEMBRE 1918 (R",,,Plein jour,Hors agglomération,Intersection en X,Normale,Deux véhicules - côté,,,,,,,,,,,1,1,2,1.0,3
201400036143,0014-06-04 18:00:00,14,6,4,18,0,780,418,"144, PAUL DOUMER (AVENUE",,,Plein jour,En agglomération,Hors intersection,Normale,Autre collision,,,,,,,,,,,1,2,1,1.0,6
201400036144,0014-08-11 19:45:00,14,8,11,19,45,780,418,"0, ESPERANCE (CHEMIN DE",,,Plein jour,En agglomération,Autre intersection,Autre,Deux véhicules - côté,,,,,,,,,,,1,2,9,9.0,3
201400036145,0014-09-12 16:55:00,14,9,12,16,55,780,190,"0, PONTS (RUE DES)",,,Plein jour,En agglomération,Intersection en T,Normale,Autre collision,,,,,,,,,,,1,2,3,1.0,6
201400036146,0014-09-13 11:30:00,14,9,13,11,30,780,146,"73, MARECHAL FOCH (AVENU",,,Plein jour,En agglomération,Hors intersection,Normale,Deux véhicules - arrière,,,,,,,,,,,1,2,1,1.0,2
201400036147,0014-11-05 21:50:00,14,11,5,21,50,780,190,"22, VERDUN (AVENUE DE)",,,Nuit avec éclairage allumé,En agglomération,Intersection en T,Normale,Deux véhicules - côté,,,,,,,,,,,5,2,3,1.0,3
201400036148,0014-01-01 12:50:00,14,1,1,12,50,790,191,186 AVENUE NANTES,,,Plein jour,En agglomération,Hors intersection,Normale,Autre collision,,,,,,,,,,,1,2,1,1.0,6
201400036149,0014-01-23 19:40:00,14,1,23,19,40,790,191,AVENUE DE LIMOGES,,,Nuit sans éclairage public,En agglomération,Hors intersection,Normale,Deux véhicules - côté,,,,,,,,,,,3,2,1,1.0,3
201400036150,0014-01-27 15:35:00,14,1,27,15,35,790,191,22 PLACE CHANZY,,,Plein jour,En agglomération,Intersection en X,Temps couvert,Deux véhicules - côté,,,,,,,,,,,1,2,2,8.0,3
201400036151,0014-02-02 15:40:00,14,2,2,15,40,790,191,12 R FIEF D'AMOURETTES,,,Plein jour,En agglomération,Intersection en X,Normale,Autre collision,,,,,,,,,,,1,2,2,1.0,6
201400036152,0014-02-17 19:49:00,14,2,17,19,49,790,191,216 AV DE LA ROCHELLE,,,Plein jour,En agglomération,Intersection en X,Normale,Deux véhicules - côté,,,,,,,,,,,1,2,2,1.0,3
201400036153,0014-02-19 19:50:00,14,2,19,19,50,790,191,BOULEVARD LOUIS TARDY,,,Nuit avec éclairage allumé,En agglomération,Intersection en X,Normale,Autre collision,,,,,,,,,,,5,2,2,1.0,6
201400036154,0014-02-26 21:15:00,14,2,26,21,15,790,191,AVENUE DE PARIS,,,Nuit sans éclairage public,En agglomération,Hors intersection,Normale,Sans collision,,,,,,,,,,,3,2,1,1.0,7
201400036155,0014-03-13 10:20:00,14,3,13,10,20,790,191,1 QUAI DE BELLE ILE,,,Plein jour,En agglomération,Hors intersection,Normale,Deux véhicules - frontale,,,,,,,,,,,1,2,1,1.0,1
201400036156,0014-03-28 20:20:00,14,3,28,20,20,790,191,BD PIERRE MENDES FRANCE,,,Nuit sans éclairage public,En agglomération,Hors intersection,Normale,Autre collision,,,,,,,,,,,3,2,1,1.0,6
201400036157,0014-05-02 13:30:00,14,5,2,13,30,790,191,BD DE L'ATLANTIQUE,,,Plein jour,En agglomération,Intersection en X,Normale,Deux véhicules - côté,,,,,,,,,,,1,2,2,1.0,3
201400036158,0014-02-07 17:40:00,14,2,7,17,40,790,191,2 RUE DES PELLERINS,,,Plein jour,En agglomération,Intersection en Y,Temps couvert,Deux véhicules - frontale,,,,,,,,,,,1,2,4,8.0,1
201400036159,0014-06-05 22:30:00,14,6,5,22,30,790,191,24 RUE DE L'ESPERANCE,,,Nuit avec éclairage allumé,En agglomération,Hors intersection,Normale,Autre collision,,,,,,,,,,,5,2,1,1.0,6
201400036160,0014-07-09 18:00:00,14,7,9,18,0,790,191,103 AV LA VENISE VERTE,,,Plein jour,En agglomération,Hors intersection,Normale,Autre collision,,,,,,,,,,,1,2,1,1.0,6
201400036161,0014-08-20 11:40:00,14,8,20,11,40,790,191,12 R FIEF DES AMOURETTES,,,Plein jour,En agglomération,Intersection en Y,Normale,Deux véhicules - côté,,,,,,,,,,,1,2,4,1.0,3
201400036162,0014-09-06 18:50:00,14,9,6,18,50,790,191,ROUTE DE COULONGES,,,Plein jour,Hors agglomération,Intersection en Y,Normale,Deux véhicules - côté,,,,,,,,,,,1,1,4,1.0,3
201400036163,0014-09-22 10:35:00,14,9,22,10,35,790,81,RUE DES COMBES,,,Plein jour,En agglomération,Hors intersection,Normale,Deux véhicules - côté,,,,,,,,,,,1,2,1,1.0,3
201400036164,0014-09-23 18:15:00,14,9,23,18,15,790,191,21 CHEMIN DE PIERRE,,,Plein jour,En agglomération,Hors intersection,Normale,Deux véhicules - arrière,,,,,,,,,,,1,2,1,1.0,2
201400036165,0014-03-09 12:00:00,14,3,9,12,0,790,191,196 AV DE LA ROCHELLE,,,Plein jour,En agglomération,Hors intersection,Normale,Deux véhicules - côté,,,,,,,,,,,1,2,1,1.0,3
201400036166,0014-10-03 06:45:00,14,10,3,6,45,790,191,AVENUE DE LA ROCHELLE,,,Nuit avec éclairage allumé,En agglomération,Intersection en X,Normale,Deux véhicules - côté,,,,,,,,,,,5,2,2,1.0,3
201400036167,0014-11-08 15:25:00,14,11,8,15,25,790,191,BD DE L'ATLANTIQUE,,,Plein jour,En agglomération,Intersection en X,Normale,Deux véhicules - côté,,,,,,,,,,,1,2,2,1.0,3
201400036168,0014-11-10 07:46:00,14,11,10,7,46,790,191,BOULEVARD WILLY BRANDT,,,Crépuscule ou aube,En agglomération,Hors intersection,Normale,Deux véhicules - frontale,,,,,,,,,,,2,2,1,1.0,1
201400036169,0014-03-19 10:00:00,14,3,19,10,0,790,191,25 RUE DES BRIZEAUX,,,Plein jour,En agglomération,Hors intersection,Normale,Autre collision,,,,,,,,,,,1,2,1,1.0,6
201400036170,0014-10-29 17:15:00,14,10,29,17,15,790,191,100 RUE DE SOUCHE,,,Plein jour,En agglomération,Intersection en X,Normale,Deux véhicules - côté,,,,,,,,,,,1,2,2,1.0,3
201400036171,0014-11-17 17:45:00,14,11,17,17,45,790,191,8 RUE DES HERBILLAUX,,,Nuit avec éclairage allumé,En agglomération,Hors intersection,Normale,Deux véhicules - côté,,,,,,,,,,,5,2,1,1.0,3
201400036172,0014-04-09 21:59:00,14,4,9,21,59,790,191,48 RUE BASSE,,,Nuit avec éclairage allumé,En agglomération,Intersection en X,Normale,Deux véhicules - côté,,,,,,,,,,,5,2,2,1.0,3
201400036173,0014-04-24 18:00:00,14,4,24,18,0,790,191,BD DE L'ATLANTIQUE,,,Plein jour,En agglomération,Hors intersection,Normale,Sans collision,,,,,,,,,,,1,2,1,1.0,7
201400036174,0014-05-02 18:38:00,14,5,2,18,38,790,191,72 RUE DE SOUCHE,,,Plein jour,En agglomération,Hors intersection,Normale,Autre collision,,,,,,,,,,,1,2,1,1.0,6
201400036175,0014-05-13 13:44:00,14,5,13,13,44,790,191,29 RUE HENRI SELLIER,,,Plein jour,En agglomération,Autre intersection,Normale,Deux véhicules - côté,,,,,,,,,,,1,2,9,1.0,3
201400036176,0014-05-14 17:10:00,14,5,14,17,10,790,191,211 RUE DE BURGONCE,,,Plein jour,En agglomération,Intersection en T,Normale,Deux véhicules - côté,,,,,,,,,,,1,2,3,1.0,3
201400036177,0014-05-23 19:55:00,14,5,23,19,55,790,191,11 RUE VAUMORIN,,,Plein jour,En agglomération,Giratoire,Temps couvert,Deux véhicules - frontale,,,,,,,,,,,1,2,6,8.0,1
201400036178,0014-06-20 18:00:00,14,6,20,18,0,790,191,BD PIERRE MENDES FRANCE,,,Plein jour,En agglomération,Hors intersection,Normale,Autre collision,,,,,,,,,,,1,2,1,1.0,6
201400036179,0014-09-10 07:50:00,14,9,10,7,50,790,191,39 RUE COTEAU ST-HUBERT,,,Plein jour,En agglomération,Hors intersection,Normale,Deux véhicules - côté,,,,,,,,,,,1,2,1,1.0,3
201400036180,0014-09-27 11:35:00,14,9,27,11,35,790,191,AVENUE DE PARIS,,,Plein jour,En agglomération,Hors intersection,Normale,Deux véhicules - côté,,,,,,,,,,,1,2,1,1.0,3
201400036181,0014-10-09 15:25:00,14,10,9,15,25,790,191,BOULEVARD DE L'EUROPE,,,Plein jour,En agglomération,Autre intersection,Normale,Deux véhicules - frontale,,,,,,,,,,,1,2,9,1.0,1
201400036182,0014-10-18 23:40:00,14,10,18,23,40,790,191,8 BOULEVARD JEAN COCTEAU,,,Nuit avec éclairage non allumé,En agglomération,Hors intersection,Normale,Sans collision,,,,,,,,,,,4,2,1,1.0,7
201400036183,0014-11-06 07:30:00,14,11,6,7,30,790,191,173 ROUTE D'AIFFRES,,,Nuit avec éclairage allumé,En agglomération,Intersection en Y,Normale,Deux véhicules - côté,,,,,,,,,,,5,2,4,1.0,3
201400036184,0014-11-06 09:05:00,14,11,6,9,5,790,191,42 RUE HENRI SELLIER,,,Plein jour,En agglomération,Intersection en T,Normale,Deux véhicules - côté,,,,,,,,,,,1,2,3,1.0,3
201400036185,0014-11-06 12:35:00,14,11,6,12,35,790,191,RUE PETER BARLOW,,,Plein jour,En agglomération,Giratoire,Normale,Sans collision,,,,,,,,,,,1,2,6,1.0,7
201400036186,0014-11-11 22:35:00,14,11,11,22,35,790,191,1 BOULEVARD JEAN MOULIN,,,Nuit avec éclairage allumé,En agglomération,Intersection en X,Pluie légère,Deux véhicules - côté,,,,,,,,,,,5,2,2,2.0,3
201400036187,0014-11-12 10:55:00,14,11,12,10,55,790,191,23 RUE ROBERT TURGOT,,,Plein jour,En agglomération,Hors intersection,Pluie légère,Sans collision,,,,,,,,,,,1,2,1,2.0,7
201400036188,0014-11-24 21:15:00,14,11,24,21,15,790,191,152 AV ST JEAN D'ANGELY,,,Nuit avec éclairage allumé,En agglomération,Hors intersection,Pluie légère,Autre collision,,,,,,,,,,,5,2,1,2.0,6
201400036189,0014-11-26 07:13:00,14,11,26,7,13,790,81,ROUTE DE PARIS,,,Nuit sans éclairage public,En agglomération,Hors intersection,Brouillard / fumée,Deux véhicules - côté,,,,,,,,,,,3,2,1,5.0,3
201400036190,0014-11-27 16:50:00,14,11,27,16,50,790,191,21B RUE LAURENT BONNEVAY,,,Plein jour,En agglomération,Hors intersection,Normale,Autre collision,,,,,,,,,,,1,2,1,1.0,6
201400036191,0014-12-11 10:05:00,14,12,11,10,5,790,191,1 RUE DE LA COUDRAIE,,,Plein jour,En agglomération,Hors intersection,Normale,Sans collision,,,,,,,,,,,1,2,1,1.0,7
201400036192,0014-12-15 17:40:00,14,12,15,17,40,790,191,20 RUE DES HERBILLAUX,,,Crépuscule ou aube,En agglomération,Hors intersection,Pluie légère,Sans collision,,,,,,,,,,,2,2,1,2.0,7
201400036193,0014-01-14 18:15:00,14,1,14,18,15,790,329,RUE ANATOLE FRANCE,,,Nuit avec éclairage allumé,En agglomération,Intersection en X,Temps couvert,Deux véhicules - côté,,,,,,,,,,,5,2,2,8.0,3
201400036194,0014-01-15 17:55:00,14,1,15,17,55,790,329,01 RUE GASTON CHERAU,,,Nuit avec éclairage allumé,En agglomération,Hors intersection,Pluie légère,Sans collision,,,,,,,,,,,5,2,1,2.0,7
201400036195,0014-01-16 10:34:00,14,1,16,10,34,790,329,22 AVENUE EMILE ZOLA,,,Plein jour,En agglomération,Autre intersection,Pluie légère,Deux véhicules - arrière,,,,,,,,,,,1,2,9,2.0,2
201400036196,0014-02-14 08:28:00,14,2,14,8,28,790,329,21 AVENUE VICTOR HUGO,,,Plein jour,En agglomération,Hors intersection,Pluie légère,Deux véhicules - arrière,,,,,,,,,,,1,2,1,2.0,2
201400036197,0014-03-13 16:40:00,14,3,13,16,40,790,329,23 RUE CAMILLE PELLETAN,,,Plein jour,En agglomération,Hors intersection,Normale,Autre collision,,,,,,,,,,,1,2,1,1.0,6
201400036198,0014-03-17 06:55:00,14,3,17,6,55,790,329,BOULEVARD HELENSBURGH,,,Crépuscule ou aube,En agglomération,Hors intersection,Brouillard / fumée,Deux véhicules - frontale,,,,,,,,,,,2,2,1,5.0,1
201400036199,0014-03-21 07:20:00,14,3,21,7,20,790,329,7 RUE JEAN DEVAUX,,,Plein jour,En agglomération,Hors intersection,Pluie légère,Autre collision,,,,,,,,,,,1,2,1,2.0,6
201400036200,0014-03-21 07:50:00,14,3,21,7,50,790,300,RUE DU DOCTEUR BASSET,,,Plein jour,En agglomération,Intersection en X,Pluie forte,Deux véhicules - côté,,,,,,,,,,,1,2,2,3.0,3
201400036201,0014-03-09 23:30:00,14,3,9,23,30,790,259,"LD ""LE PETIT CORNET""",,,Nuit sans éclairage public,Hors agglomération,Intersection en T,,Sans collision,,,,,,,,,,,3,1,3,,7
201400036202,0014-03-28 17:13:00,14,3,28,17,13,790,329,AVENUE VICTOR LECLERC,,,Plein jour,En agglomération,Intersection en X,Normale,Autre collision,,,,,,,,,,,1,2,2,1.0,6
201400036203,0014-04-04 08:00:00,14,4,4,8,0,790,259,ROUTE DE SAINT VARENT,,,Plein jour,Hors agglomération,Intersection en X,Temps couvert,Deux véhicules - côté,,,,,,,,,,,1,1,2,8.0,3
201400036204,0014-04-10 07:45:00,14,4,10,7,45,790,329,RUE GAMBETTA,,,Plein jour,En agglomération,Giratoire,Normale,Deux véhicules - arrière,,,,,,,,,,,1,2,6,1.0,2
201400036205,0014-04-11 14:45:00,14,4,11,14,45,790,329,BD DE LA LIBERATION,,,Plein jour,En agglomération,Intersection en X,Normale,Deux véhicules - côté,,,,,,,,,,,1,2,2,1.0,3
201400036206,0014-04-18 18:00:00,14,4,18,18,0,790,300,RUE DU DOCTEUR BASSET,,,Plein jour,En agglomération,Intersection en X,Normale,Deux véhicules - côté,,,,,,,,,,,1,2,2,1.0,3
201400036207,0014-04-23 14:00:00,14,4,23,14,0,790,329,BOULEVARD DE EUROPE,,,Plein jour,En agglomération,Hors intersection,Temps couvert,Deux véhicules - côté,,,,,,,,,,,1,2,1,8.0,3
201400036208,0014-05-14 09:15:00,14,5,14,9,15,790,300,145 AVENUE EMILE ZOLA,,,Plein jour,En agglomération,Hors intersection,Normale,Deux véhicules - côté,,,,,,,,,,,1,2,1,1.0,3
201400036209,0014-05-16 05:15:00,14,5,16,5,15,790,329,47 AVENUE EMILE ZOLA,,,Nuit avec éclairage allumé,En agglomération,Intersection en T,Normale,Deux véhicules - côté,,,,,,,,,,,5,2,3,1.0,3