accident_id,datetime,annee,mois,jour,heure,minute,departement,commune_insee,adresse,latitude,longitude,luminosite,agglomeration,intersection,meteo,collision,nb_vehicules,nb_usagers,nb_indemnes,nb_tues,nb_blesses_hosp,nb_blesses_legers,age_cond_1,age_cond_2,veh_type_cond_1,veh_type_cond_2,lum_code,agg_code,int_code,atm_code,col_code
201400036334,0014-05-06 16:45:00,14,5,6,16,45,800,21,"2, MARIVAUX (RUE)",49.90905,2.32595,Plein jour,En agglomération,Hors intersection,Pluie légère,Autre collision,,,,,,,,,,,1,2,1,2.0,6
201400036335,0014-05-06 17:30:00,14,5,6,17,30,800,21,"00, POINTIN (RUE)",49.88547,2.31223,Plein jour,En agglomération,Giratoire,Pluie forte,Deux véhicules - côté,,,,,,,,,,,1,2,6,3.0,3
201400036336,0014-05-06 14:40:00,14,5,6,14,40,800,21,"79, SAINT ROCH (RUE)",49.89546,2.28536,Plein jour,En agglomération,Hors intersection,Pluie légère,Deux véhicules - arrière,,,,,,,,,,,1,2,1,2.0,2
201400036337,0014-05-11 20:25:00,14,5,11,20,25,800,21,"00, EUROPE (AVENUE DE L'",49.91906,2.30489,Plein jour,En agglomération,Hors intersection,Normale,Autre collision,,,,,,,,,,,1,2,1,1.0,6
201400036338,0014-05-16 11:10:00,14,5,16,11,10,800,21,"93, SAINT QUENTIN (BOULE",49.87939,2.29704,Plein jour,En agglomération,Hors intersection,Normale,Deux véhicules - arrière,,,,,,,,,,,1,2,1,1.0,2
201400036339,0014-05-16 21:15:00,14,5,16,21,15,800,21,"00, ALBERT 1ER (MAIL)",49.88858,2.30297,Plein jour,En agglomération,Intersection en X,Normale,Deux véhicules - côté,,,,,,,,,,,1,2,2,1.0,3
201400036340,0014-05-17 11:40:00,14,5,17,11,40,800,724,"00, TAISNIL (ROUTE DE)",,,Plein jour,En agglomération,Intersection en T,Normale,Deux véhicules - côté,,,,,,,,,,,1,2,3,1.0,3
201400036341,0014-05-19 13:40:00,14,5,19,13,40,800,21,"6, RUE ALFRED CATEL",49.90395,2.27877,Plein jour,En agglomération,Hors intersection,Normale,Deux véhicules - côté,,,,,,,,,,,1,2,1,1.0,3
201400036342,0014-05-20 12:00:00,14,5,20,12,0,800,21,"83, FRANKLIN ROOSEVELT (",49.90965,2.29826,Plein jour,En agglomération,Hors intersection,Normale,Deux véhicules - côté,,,,,,,,,,,1,2,1,1.0,3
201400036343,0014-05-22 09:30:00,14,5,22,9,30,800,131,RD 934,,,Plein jour,En agglomération,Hors intersection,Normale,Trois véhicules et plus - en chaîne,,,,,,,,,,,1,2,1,1.0,4
201400036344,0014-05-23 15:35:00,14,5,23,15,35,800,21,"83, SAINT FUSCIEN (RUE)",49.88189,2.30458,Plein jour,En agglomération,Hors intersection,Pluie légère,Deux véhicules - arrière,,,,,,,,,,,1,2,1,2.0,2
201400036345,0014-05-26 13:40:00,14,5,26,13,40,800,21,"00, FRANCS MURIERS (RUE",49.89736,2.29782,Plein jour,En agglomération,Intersection en T,Pluie légère,Deux véhicules - côté,,,,,,,,,,,1,2,3,2.0,3
201400036346,0014-05-27 13:20:00,14,5,27,13,20,800,21,"00, CHATEAU MILAN (RUE D",49.90204,2.28424,Plein jour,En agglomération,Hors intersection,Normale,Deux véhicules - arrière,,,,,,,,,,,1,2,1,1.0,2
201400036347,0014-05-31 14:10:00,14,5,31,14,10,800,131,"00, MICHEL STROGOFF  (BO",49.86088,2.38132,Plein jour,En agglomération,Hors intersection,Normale,Deux véhicules - côté,,,,,,,,,,,1,2,1,1.0,3
201400036348,0014-06-05 08:45:00,14,6,5,8,45,800,21,"00, GUYENCOURT (BOULEVAR",49.89266,2.28475,Plein jour,En agglomération,Intersection en T,Normale,Deux véhicules - côté,,,,,,,,,,,1,2,3,1.0,3
201400036349,0014-06-05 18:50:00,14,6,5,18,50,800,21,"00, PAIX (AVENUE DE LA)",49.91161,2.29887,Plein jour,En agglomération,Hors intersection,Normale,Deux véhicules - arrière,,,,,,,,,,,1,2,1,1.0,2
201400036350,0014-06-09 06:55:00,14,6,9,6,55,800,21,"499, ABBEVILLE (RUE D')",49.91156,2.25143,Plein jour,En agglomération,Hors intersection,Normale,Autre collision,,,,,,,,,,,1,2,1,1.0,6
201400036351,0014-06-09 14:15:00,14,6,9,14,15,800,21,"18, MORVILLERS (RUE DE)",49.88817,2.31594,Plein jour,En agglomération,Hors intersection,Temps couvert,Autre collision,,,,,,,,,,,1,2,1,8.0,6
201400036352,0014-06-06 08:55:00,14,6,6,8,55,800,131,RD 934,,,Plein jour,Hors agglomération,Hors intersection,Normale,Trois véhicules et plus - en chaîne,,,,,,,,,,,1,1,1,1.0,4
201400036353,0014-06-11 07:30:00,14,6,11,7,30,800,21,"4, ROUBAIX (BOULEVARD DE",49.9101,2.31662,Plein jour,En agglomération,Hors intersection,Normale,Autre collision,,,,,,,,,,,1,2,1,1.0,6
201400036354,0014-06-13 22:10:00,14,6,13,22,10,800,379,"00, ETOILE DU SUD (AVENU",49.86542,2.39104,Nuit avec éclairage allumé,En agglomération,Hors intersection,Normale,Deux véhicules - frontale,,,,,,,,,,,5,2,1,1.0,1
201400036355,0014-06-19 14:20:00,14,6,19,14,20,800,674,"29, GENERAL LECLERC (AVE",49.90258,2.32124,Plein jour,En agglomération,Hors intersection,Normale,Deux véhicules - arrière,,,,,,,,,,,1,2,1,1.0,2
201400036356,0014-06-19 17:35:00,14,6,19,17,35,800,21,PIERRE ROLLIN (RUE),49.87758,2.3125,Plein jour,En agglomération,Hors intersection,Normale,Deux véhicules - arrière,,,,,,,,,,,1,2,1,1.0,2
201400036357,0014-06-20 13:30:00,14,6,20,13,30,800,21,"85, SAINT QUENTIN (BOULE",49.87933,2.29644,Plein jour,En agglomération,Hors intersection,Normale,Deux véhicules - côté,,,,,,,,,,,1,2,1,1.0,3
201400036358,0014-06-20 19:45:00,14,6,20,19,45,800,21,"00, LEO LAGRANGE (RUE)",49.91054,2.31119,Plein jour,En agglomération,Intersection en X,Normale,Deux véhicules - côté,,,,,,,,,,,1,2,2,1.0,3
201400036359,0014-06-22 18:25:00,14,6,22,18,25,800,379,RD 1029 (ROUTE DE ST QUE,,,Plein jour,Hors agglomération,Hors intersection,Normale,Autre collision,,,,,,,,,,,1,1,1,1.0,6
201400036360,0014-06-24 22:16:00,14,6,24,22,16,800,21,AVENUE ROGER DUMOULIN,,,Nuit avec éclairage allumé,En agglomération,Hors intersection,Normale,Deux véhicules - frontale,,,,,,,,,,,5,2,1,1.0,1
201400036361,0014-06-27 16:35:00,14,6,27,16,35,800,21,VOLTAIRE (RUE),49.91186,2.31795,Plein jour,En agglomération,Hors intersection,Normale,Autre collision,,,,,,,,,,,1,2,1,1.0,6
201400036362,0014-06-27 23:35:00,14,6,27,23,35,800,21,LAMARTINE (RUE),49.89249,2.30543,Nuit avec éclairage allumé,En agglomération,Hors intersection,Normale,Sans collision,,,,,,,,,,,5,2,1,1.0,7
201400036363,0014-06-29 14:00:00,14,6,29,14,0,800,21,EUROPE (AVENUE DE L'),49.91164,2.30264,Plein jour,En agglomération,Intersection en X,Pluie forte,Deux véhicules - côté,,,,,,,,,,,1,2,2,3.0,3
201400036364,0014-06-29 15:59:00,14,6,29,15,59,800,21,ALSACE LORRAINE (BOULEVA,49.89444,2.30922,Plein jour,En agglomération,Intersection en X,Pluie légère,Deux véhicules - côté,,,,,,,,,,,1,2,2,2.0,3
201400036365,0014-06-30 08:20:00,14,6,30,8,20,800,131,RD 934,,,Plein jour,Hors agglomération,Hors intersection,Normale,Trois véhicules et plus - en chaîne,,,,,,,,,,,1,1,1,1.0,4
201400036366,0014-07-01 15:25:00,14,7,1,15,25,800,21,"00, SAVEUSE (RUE DE)",49.90414,2.2657,Plein jour,En agglomération,Intersection en T,Normale,Deux véhicules - côté,,,,,,,,,,,1,2,3,1.0,3
201400036367,0014-07-05 21:30:00,14,7,5,21,30,800,21,"00, ROGER ONFRAY (RUE)",49.90318,2.31589,Plein jour,En agglomération,Hors intersection,Normale,Trois véhicules et plus - en chaîne,,,,,,,,,,,1,2,1,1.0,4
201400036368,0014-07-12 14:50:00,14,7,12,14,50,800,21,"00, SAINT MARTIN AUX WAI",49.89523,2.29762,Plein jour,En agglomération,Intersection en X,Normale,Deux véhicules - côté,,,,,,,,,,,1,2,2,1.0,3
201400036369,0014-07-15 16:50:00,14,7,15,16,50,800,21,"00, EUROPE (AVENUE DE L'",49.91273,2.30266,Plein jour,En agglomération,Hors intersection,Normale,Deux véhicules - côté,,,,,,,,,,,1,2,1,1.0,3
201400036370,0014-07-10 12:40:00,14,7,10,12,40,800,21,"00, PIERRE MENDES FRANCE",49.89914,2.28962,Plein jour,En agglomération,Hors intersection,Normale,Deux véhicules - arrière,,,,,,,,,,,1,2,1,1.0,2
201400036371,0014-07-16 11:55:00,14,7,16,11,55,800,21,"339, ABBEVILLE (RUE D')",49.90987,2.25889,Plein jour,En agglomération,Hors intersection,Normale,Deux véhicules - frontale,,,,,,,,,,,1,2,1,1.0,1
201400036372,0014-07-09 15:25:00,14,7,9,15,25,800,21,"00, ROLLIN (ALLEE DE)",49.87579,2.31345,Plein jour,En agglomération,Hors intersection,Pluie légère,Deux véhicules - arrière,,,,,,,,,,,1,2,1,2.0,2
201400036373,0014-07-09 18:25:00,14,7,9,18,25,800,21,"00, FLORIMONT  LEROUX (R",49.89644,2.29288,Plein jour,En agglomération,Intersection en X,Pluie légère,Deux véhicules - côté,,,,,,,,,,,1,2,2,2.0,3
201400036374,0014-07-07 17:15:00,14,7,7,17,15,800,21,"2, LONGUEVILLE (PLACE)",49.88829,2.29447,Plein jour,En agglomération,Hors intersection,Normale,Deux véhicules - arrière,,,,,,,,,,,1,2,1,1.0,2
201400036375,0014-07-03 11:10:00,14,7,3,11,10,800,489,"00, VILLE IDEALE (AVENUE",49.86786,2.36661,Plein jour,En agglomération,Hors intersection,Normale,Deux véhicules - côté,,,,,,,,,,,1,2,1,1.0,3
201400036376,0014-07-03 08:20:00,14,7,3,8,20,800,164,"00, PLACE GENERAL LECLER",49.88749,2.34414,Plein jour,En agglomération,Hors intersection,Normale,Autre collision,,,,,,,,,,,1,2,1,1.0,6
201400036377,0014-07-07 17:15:00,14,7,7,17,15,800,725,"00, RD8",49.87185,2.25795,Plein jour,En agglomération,Hors intersection,Normale,Autre collision,,,,,,,,,,,1,2,1,1.0,6
201400036378,0014-07-17 17:25:00,14,7,17,17,25,800,21,"00, CHATEAUDUN (BOULEVAR",49.88365,2.28255,Plein jour,En agglomération,Hors intersection,Normale,Autre collision,,,,,,,,,,,1,2,1,1.0,6
201400036379,0014-07-22 17:00:00,14,7,22,17,0,800,21,"93, SAINT PIERRE (CHAUSS",49.90295,2.30455,Plein jour,En agglomération,Hors intersection,Normale,Deux véhicules - arrière,,,,,,,,,,,1,2,1,1.0,2
201400036380,0014-07-25 22:25:00,14,7,25,22,25,800,21,"00, JULES FERRY (CHAUSSE",49.88357,2.32459,Nuit avec éclairage allumé,En agglomération,Intersection en T,Normale,Deux véhicules - côté,,,,,,,,,,,5,2,3,1.0,3
201400036381,0014-07-30 17:00:00,14,7,30,17,0,800,21,"00, FENELON (RUE)",49.91469,2.31977,Plein jour,En agglomération,Hors intersection,Normale,Autre collision,,,,,,,,,,,1,2,1,1.0,6
201400036382,0014-07-31 12:05:00,14,7,31,12,5,800,21,"00, ALSACE LORRAINE (BOU",49.89229,2.30774,Plein jour,En agglomération,Hors intersection,Normale,Deux véhicules - côté,,,,,,,,,,,1,2,1,1.0,3
201400036383,0014-08-02 20:50:00,14,8,2,20,50,800,21,"2, GENERAL FRERE (RUE DU",49.90453,2.3021,Plein jour,En agglomération,Hors intersection,Normale,Deux véhicules - arrière,,,,,,,,,,,1,2,1,1.0,2
201400036384,0014-08-01 17:05:00,14,8,1,17,5,800,21,"219, ABBEVILLE (RUE D')",49.90797,2.26422,Plein jour,En agglomération,Hors intersection,Normale,Deux véhicules - côté,,,,,,,,,,,1,2,1,1.0,3
201400036385,0014-08-03 20:10:00,14,8,3,20,10,800,21,"22, AGRICOLE SOYER (RUE)",49.8982,2.26308,Plein jour,En agglomération,Hors intersection,Normale,Autre collision,,,,,,,,,,,1,2,1,1.0,6
201400036386,0014-08-04 21:35:00,14,8,4,21,35,800,21,"00, WINSTON CHURCHILL (R",49.90848,2.30443,Crépuscule ou aube,En agglomération,Hors intersection,Normale,Deux véhicules - côté,,,,,,,,,,,2,2,1,1.0,3
201400036387,0014-08-07 17:40:00,14,8,7,17,40,800,21,"00, EUROPE (AVENUE DE L'",49.91309,2.30256,Plein jour,En agglomération,Hors intersection,Normale,Deux véhicules - côté,,,,,,,,,,,1,2,1,1.0,3
201400036388,0014-08-07 17:50:00,14,8,7,17,50,800,702,"00, DEPARTEMENTALE 7 (RO",49.83764,2.3098,Plein jour,En agglomération,Intersection en T,Normale,Deux véhicules - côté,,,,,,,,,,,1,2,3,1.0,3
201400036389,0014-08-24 18:50:00,14,8,24,18,50,800,489,"00, LUCIEN BARBIER (PLAC",49.86443,2.35258,Plein jour,En agglomération,Hors intersection,Normale,Deux véhicules - frontale,,,,,,,,,,,1,2,1,1.0,1
201400036390,0014-08-19 17:30:00,14,8,19,17,30,800,725,"54, JEAN JAURES (AVENUE)",49.86576,2.24039,Plein jour,En agglomération,Hors intersection,Normale,Deux véhicules - côté,,,,,,,,,,,1,2,1,1.0,3
201400036391,0014-08-22 10:10:00,14,8,22,10,10,800,702,"00, DEPARTEMENTALE 7 (RO",49.83177,2.31585,Plein jour,En agglomération,Hors intersection,Normale,Autre collision,,,,,,,,,,,1,2,1,1.0,6
201400036392,0014-08-25 21:20:00,14,8,25,21,20,800,21,"3, PIERRE MAC ORLAN (RUE",49.87624,2.32476,Nuit avec éclairage allumé,En agglomération,Hors intersection,Pluie forte,Autre collision,,,,,,,,,,,5,2,1,3.0,6
201400036393,0014-08-26 16:30:00,14,8,26,16,30,800,21,AVENUE DE L'EUROPE,49.92447,2.30531,Plein jour,En agglomération,Hors intersection,Normale,Trois véhicules et plus - collisions multiples,,,,,,,,,,,1,2,1,1.0,5
201400036394,0014-08-27 18:55:00,14,8,27,18,55,800,21,"00, ROCADE NORD RN 1",49.92441,2.29182,Plein jour,En agglomération,Hors intersection,Normale,Sans collision,,,,,,,,,,,1,2,1,1.0,7
201400036395,0014-08-27 12:20:00,14,8,27,12,20,800,21,"00, ROGER DUMOULIN (AVEN",49.92816,2.28703,Plein jour,En agglomération,Hors intersection,Normale,Deux véhicules - côté,,,,,,,,,,,1,2,1,1.0,3
201400036396,0014-08-26 20:15:00,14,8,26,20,15,800,21,"3, FLATTERS (RUE)",49.89516,2.29932,Plein jour,En agglomération,Hors intersection,Normale,Deux véhicules - côté,,,,,,,,,,,1,2,1,1.0,3
201400036397,0014-08-28 13:05:00,14,8,28,13,5,800,21,"00, SALVADOR ALLENDE (AV",49.90148,2.28413,Plein jour,En agglomération,Intersection en X,Pluie légère,Deux véhicules - côté,,,,,,,,,,,1,2,2,2.0,3
201400036398,0014-08-29 21:00:00,14,8,29,21,0,800,21,"5, VICTOR HUGO (RUE)",49.89246,2.30225,Crépuscule ou aube,En agglomération,Hors intersection,Normale,Deux véhicules - arrière,,,,,,,,,,,2,2,1,1.0,2
201400036399,0014-08-31 18:55:00,14,8,31,18,55,800,21,"36, LEO LAGRANGE (RUE)",49.91062,2.31361,Plein jour,En agglomération,Hors intersection,Normale,Deux véhicules - côté,,,,,,,,,,,1,2,1,1.0,3
201400036400,0014-09-01 10:15:00,14,9,1,10,15,800,21,"00, ROGER DUMOULIN (AVEN",49.94021,2.28105,Plein jour,En agglomération,Hors intersection,Normale,Deux véhicules - arrière,,,,,,,,,,,1,2,1,1.0,2
201400036401,0014-09-02 17:15:00,14,9,2,17,15,800,21,"00, ROUBAIX (BOULEVARD D",49.90782,2.31768,Plein jour,En agglomération,Hors intersection,Normale,Autre collision,,,,,,,,,,,1,2,1,1.0,6
201400036402,0014-09-04 21:55:00,14,9,4,21,55,800,21,"40, VIGNACOURT (RUE DE)",49.905,2.2893,Nuit avec éclairage allumé,En agglomération,Intersection en T,Normale,Deux véhicules - côté,,,,,,,,,,,5,2,3,1.0,3
201400036403,0014-09-05 00:10:00,14,9,5,0,10,800,21,"168, ROBERT LE COQ (RUE)",49.9005,2.26918,Nuit avec éclairage allumé,En agglomération,Hors intersection,Normale,Autre collision,,,,,,,,,,,5,2,1,1.0,6
201400036404,0014-09-07 19:10:00,14,9,7,19,10,800,21,LESCOUVE (RUE),49.89082,2.27681,Plein jour,En agglomération,Giratoire,Normale,Deux véhicules - côté,,,,,,,,,,,1,2,6,1.0,3
201400036405,0014-09-08 08:45:00,14,9,8,8,45,800,21,FRANCS MURIERS (RUE DES),49.89741,2.29769,Plein jour,En agglomération,Hors intersection,Normale,Sans collision,,,,,,,,,,,1,2,1,1.0,7
201400036406,0014-09-11 08:20:00,14,9,11,8,20,800,21,TERRAL (RUE),49.9105,2.29361,Plein jour,En agglomération,Hors intersection,Normale,Deux véhicules - arrière,,,,,,,,,,,1,2,1,1.0,2
201400036407,0014-09-13 16:40:00,14,9,13,16,40,800,21,MARECHAL JOFFRE (PLACE D,49.88798,2.30354,Plein jour,En agglomération,Hors intersection,Normale,Sans collision,,,,,,,,,,,1,2,1,1.0,7
201400036408,0014-09-13 16:15:00,14,9,13,16,15,800,164,ROCADE NORD EST RN 25,49.90308,2.35942,Plein jour,Hors agglomération,Hors intersection,Normale,Deux véhicules - arrière,,,,,,,,,,,1,1,1,1.0,2
201400036409,0014-09-16 21:20:00,14,9,16,21,20,800,21,"203, JEAN MOULIN (RUE)",49.87793,2.27151,Crépuscule ou aube,En agglomération,Hors intersection,Normale,Autre collision,,,,,,,,,,,2,2,1,1.0,6
201400036410,0014-09-17 17:40:00,14,9,17,17,40,800,21,"30, LEO LAGRANGE (RUE)",49.91057,2.31188,Plein jour,En agglomération,Hors intersection,Normale,Sans collision,,,,,,,,,,,1,2,1,1.0,7
201400036411,0014-09-18 20:40:00,14,9,18,20,40,800,21,"185, SAINT MAURICE (RUE)",49.90616,2.28596,Crépuscule ou aube,En agglomération,Intersection en T,Pluie forte,Deux véhicules - côté,,,,,,,,,,,2,2,3,3.0,3
201400036412,0014-09-18 17:15:00,14,9,18,17,15,800,21,BARABAN (BOULEVARD),49.89953,2.30456,Plein jour,En agglomération,Intersection en T,Normale,Deux véhicules - côté,,,,,,,,,,,1,2,3,1.0,3
201400036413,0014-09-19 18:45:00,14,9,19,18,45,800,21,18 ROLAND GARROS (RUE),49.90595,2.30101,Plein jour,En agglomération,Hors intersection,Normale,Sans collision,,,,,,,,,,,1,2,1,1.0,7
201400036414,0014-09-22 09:00:00,14,9,22,9,0,800,21,JULES BARNI (RUE),49.88836,2.31259,Plein jour,En agglomération,Intersection en Y,Normale,Deux véhicules - côté,,,,,,,,,,,1,2,4,1.0,3
201400036415,0014-09-22 09:20:00,14,9,22,9,20,800,21,"146, SAINT QUENTIN (BOUL",49.87911,2.30088,Plein jour,En agglomération,Hors intersection,Normale,Deux véhicules - arrière,,,,,,,,,,,1,2,1,1.0,2
201400036416,0014-09-24 18:30:00,14,9,24,18,30,800,674,ROCADE NORD RN 25,49.90478,2.35142,Plein jour,Hors agglomération,Hors intersection,Pluie forte,Sans collision,,,,,,,,,,,1,1,1,3.0,7
201400036417,0014-09-24 21:45:00,14,9,24,21,45,800,21,QUATORZE JUILLET 1789 (A,49.8756,2.2818,Nuit avec éclairage allumé,En agglomération,Giratoire,Normale,Deux véhicules - côté,,,,,,,,,,,5,2,6,1.0,3
201400036418,0014-09-26 22:35:00,14,9,26,22,35,800,21,DEPORTES (RUE DES),49.9008,2.29872,Nuit avec éclairage allumé,En agglomération,Intersection en T,Normale,Deux véhicules - côté,,,,,,,,,,,5,2,3,1.0,3
201400036419,0014-09-26 08:20:00,14,9,26,8,20,800,21,LEO LAGRANGE (RUE),49.9106,2.31363,Plein jour,En agglomération,Hors intersection,Normale,Sans collision,,,,,,,,,,,1,2,1,1.0,7
201400036420,0014-09-28 21:05:00,14,9,28,21,5,800,489,HENRI BARBUSSE (RUE),49.87117,2.35548,Nuit avec éclairage allumé,En agglomération,Hors intersection,Normale,Deux véhicules - arrière,,,,,,,,,,,5,2,1,1.0,2
201400036421,0014-09-27 21:35:00,14,9,27,21,35,800,21,"163, JULES BARNI (RUE)",49.88752,2.31464,Nuit avec éclairage allumé,En agglomération,Hors intersection,Normale,Deux véhicules - côté,,,,,,,,,,,5,2,1,1.0,3
201400036422,0014-09-30 18:20:00,14,9,30,18,20,800,379,RD 1029 (ROUTE DE ST QUE,49.86831,2.39199,Plein jour,Hors agglomération,Hors intersection,Normale,Trois véhicules et plus - en chaîne,,,,,,,,,,,1,1,1,1.0,4
201400036423,0014-09-30 15:55:00,14,9,30,15,55,800,21,"142, LOUIS BLANC (AVENUE",49.90357,2.27157,Plein jour,En agglomération,Hors intersection,Normale,Deux véhicules - arrière,,,,,,,,,,,1,2,1,1.0,2
201400036424,0014-10-01 10:20:00,14,10,1,10,20,800,21,"00, DORTMUND (RUE DE)",49.87776,2.31238,Plein jour,En agglomération,Intersection en T,Normale,Deux véhicules - côté,,,,,,,,,,,1,2,3,1.0,3
201400036425,0014-10-01 15:05:00,14,10,1,15,5,800,21,"4en vis a, ALBERT CATOIR",49.89436,2.29693,Plein jour,En agglomération,Hors intersection,Normale,Sans collision,,,,,,,,,,,1,2,1,1.0,7
201400036426,0014-10-01 18:50:00,14,10,1,18,50,800,21,"439, SAINT MAURICE (RUE)",49.91423,2.28035,Plein jour,En agglomération,Hors intersection,Normale,Sans collision,,,,,,,,,,,1,2,1,1.0,7
201400036427,0014-10-01 20:20:00,14,10,1,20,20,800,21,"103, ABBEVILLE (RUE D')",49.90672,2.26811,Nuit avec éclairage allumé,Hors agglomération,Hors intersection,Normale,Deux véhicules - côté,,,,,,,,,,,5,1,1,1.0,3
201400036428,0014-10-02 08:15:00,14,10,2,8,15,800,21,"217, JEAN MOULIN (RUE)",49.87754,2.27081,Plein jour,En agglomération,Hors intersection,Normale,Sans collision,,,,,,,,,,,1,2,1,1.0,7
201400036429,0014-10-03 19:55:00,14,10,3,19,55,800,21,"00, EMILE THUILLIEZ (SQU",49.91537,2.25288,Nuit avec éclairage non allumé,En agglomération,Hors intersection,Normale,Sans collision,,,,,,,,,,,4,2,1,1.0,7
201400036430,0014-10-03 15:45:00,14,10,3,15,45,800,21,"223, PARIS (RUE DE)",49.88541,2.28754,Plein jour,En agglomération,Hors intersection,Normale,Sans collision,,,,,,,,,,,1,2,1,1.0,7
201400036431,0014-10-04 09:50:00,14,10,4,9,50,800,21,"00, ROUBAIX (BOULEVARD D",49.90721,2.31792,Plein jour,En agglomération,Hors intersection,Normale,Deux véhicules - côté,,,,,,,,,,,1,2,1,1.0,3
201400036432,0014-10-06 17:10:00,14,10,6,17,10,800,21,"2, DEFENSE PASSIVE (AVEN",49.90677,2.31848,Plein jour,En agglomération,Hors intersection,Pluie légère,Deux véhicules - côté,,,,,,,,,,,1,2,1,2.0,3
201400036433,0014-10-08 14:25:00,14,10,8,14,25,800,21,"337, SAINT FUSCIEN (RUE)",49.87505,2.30639,Plein jour,En agglomération,Hors intersection,Pluie légère,Sans collision,,,,,,,,,,,1,2,1,2.0,7
201400036434,0014-10-08 18:45:00,14,10,8,18,45,800,21,"00, DES CYGNES (AV)",49.92063,2.25974,Plein jour,En agglomération,Hors intersection,Pluie légère,Deux véhicules - côté,,,,,,,,,,,1,2,1,2.0,3
201400036435,0014-10-13 11:35:00,14,10,13,11,35,800,21,"660, ROUEN (RUE DE)",49.88526,2.26713,Plein jour,En agglomération,Hors intersection,Normale,Deux véhicules - côté,,,,,,,,,,,1,2,1,1.0,3
201400036436,0014-10-17 12:10:00,14,10,17,12,10,800,21,"30, VAUX (RUE DE )",49.93158,2.26524,Plein jour,En agglomération,Hors intersection,Normale,Deux véhicules - frontale,,,,,,,,,,,1,2,1,1.0,1
201400036437,0014-10-18 01:05:00,14,10,18,1,5,800,131,VC BOVES-ST FUSCIEN,49.83915,2.33899,Nuit sans éclairage public,Hors agglomération,Hors intersection,Normale,Sans collision,,,,,,,,,,,3,1,1,1.0,7
201400036438,0014-10-19 23:45:00,14,10,19,23,45,800,21,"00, ABBEVILLE (RUE D')",49.91158,2.25033,Nuit avec éclairage allumé,En agglomération,Hors intersection,Normale,Deux véhicules - côté,,,,,,,,,,,5,2,1,1.0,3
201400036439,0014-10-21 15:30:00,14,10,21,15,30,800,21,"00, ESPAGNE (AVENUE D')",49.87135,2.28522,Plein jour,En agglomération,Intersection en T,Normale,Deux véhicules - côté,,,,,,,,,,,1,2,3,1.0,3
201400036440,0014-10-25 15:30:00,14,10,25,15,30,800,725,"00, RD210",49.85908,2.2544,Plein jour,Hors agglomération,Hors intersection,Normale,Deux véhicules - frontale,,,,,,,,,,,1,1,1,1.0,1
201400036441,0014-11-04 09:20:00,14,11,4,9,20,800,21,"51, LEPRINCE (RUE)",49.88587,2.31597,Plein jour,En agglomération,Hors intersection,Normale,Autre collision,,,,,,,,,,,1,2,1,1.0,6
201400036442,0014-11-04 11:35:00,14,11,4,11,35,800,160,"00, JEAN CATELAS (RUE)",49.85915,2.3386,Plein jour,En agglomération,Hors intersection,Normale,Deux véhicules - côté,,,,,,,,,,,1,2,1,1.0,3
201400036443,0014-11-05 17:30:00,14,11,5,17,30,800,21,"00, PAUL CLAUDEL (AVENUE",49.87444,2.26728,Plein jour,En agglomération,Hors intersection,Normale,Sans collision,,,,,,,,,,,1,2,1,1.0,7
201400036444,0014-11-06 14:45:00,14,11,6,14,45,800,21,"00, BEAUVILLE (BOUL",49.9032,2.31531,Plein jour,En agglomération,Intersection en X,Normale,Deux véhicules - côté,,,,,,,,,,,1,2,2,1.0,3
201400036445,0014-11-08 21:45:00,14,11,8,21,45,800,21,"01, VANMARCKE (RUE)",49.89671,2.30059,Nuit avec éclairage allumé,En agglomération,Hors intersection,Normale,Sans collision,,,,,,,,,,,5,2,1,1.0,7
201400036446,0014-11-07 17:15:00,14,11,7,17,15,800,160,"17, HENRI BARBUSSE (RUE)",49.86019,2.34378,Crépuscule ou aube,En agglomération,Hors intersection,Normale,Sans collision,,,,,,,,,,,2,2,1,1.0,7
201400036447,0014-11-12 12:55:00,14,11,12,12,55,800,21,"00, ABBEVILLE (RUE D')",49.90579,2.27142,Plein jour,En agglomération,Giratoire,Normale,Deux véhicules - côté,,,,,,,,,,,1,2,6,1.0,3
201400036448,0014-11-13 07:25:00,14,11,13,7,25,800,21,"265, VERDUN (RUE DE )",49.89281,2.31817,Crépuscule ou aube,En agglomération,Hors intersection,Normale,Deux véhicules - côté,,,,,,,,,,,2,2,1,1.0,3
201400036449,0014-11-13 17:10:00,14,11,13,17,10,800,21,"00, VIGNACOURT (RUE DE)",49.90713,2.29007,Plein jour,En agglomération,Intersection en T,Normale,Deux véhicules - frontale,,,,,,,,,,,1,2,3,1.0,1
201400036450,0014-11-13 17:00:00,14,11,13,17,0,800,21,"13, GENERAL FOY (AVENUE",49.89251,2.28449,Crépuscule ou aube,En agglomération,Intersection en X,Normale,Deux véhicules - côté,,,,,,,,,,,2,2,2,1.0,3
201400036451,0014-11-17 18:35:00,14,11,17,18,35,800,21,"125, SAVEUSE (RUE DE)",,,Nuit avec éclairage allumé,En agglomération,Hors intersection,Pluie légère,Sans collision,,,,,,,,,,,5,2,1,2.0,7
201400036452,0014-11-18 23:05:00,14,11,18,23,5,800,725,"00, NORMANDIE (ROUTE)",49.86931,2.23988,Nuit avec éclairage allumé,En agglomération,Hors intersection,Normale,Deux véhicules - arrière,,,,,,,,,,,5,2,1,1.0,2
201400036453,0014-11-19 08:10:00,14,11,19,8,10,800,702,"00, BRETELLE ROCADE SUD",49.85934,2.30695,Crépuscule ou aube,Hors agglomération,Hors intersection,Brouillard / fumée,Trois véhicules et plus - en chaîne,,,,,,,,,,,2,1,1,5.0,4