accident_id,datetime,annee,mois,jour,heure,minute,departement,commune_insee,adresse,latitude,longitude,luminosite,agglomeration,intersection,meteo,collision,nb_vehicules,nb_usagers,nb_indemnes,nb_tues,nb_blesses_hosp,nb_blesses_legers,age_cond_1,age_cond_2,veh_type_cond_1,veh_type_cond_2,lum_code,agg_code,int_code,atm_code,col_code
201400036578,0014-11-30 19:10:00,14,11,30,19,10,820,121,"nc, ISSANCHOU (RUE)",,,Nuit avec éclairage allumé,En agglomération,Hors intersection,Normale,Deux véhicules - côté,,,,,,,,,,,5,2,1,1.0,3
201400036579,0014-10-04 21:20:00,14,10,4,21,20,820,121,"770, ABBAYE (RUE DE L')",,,Nuit avec éclairage allumé,En agglomération,Hors intersection,Normale,Autre collision,,,,,,,,,,,5,2,1,1.0,6
201400036580,0014-12-07 13:30:00,14,12,7,13,30,820,121,"nc, route du nord",,,Plein jour,En agglomération,Giratoire,Normale,Deux véhicules - côté,,,,,,,,,,,1,2,6,1.0,3
201400036581,0014-12-09 18:15:00,14,12,9,18,15,820,121,QUART (CHEMIN DU),,,Nuit sans éclairage public,Hors agglomération,Passage à niveau,Normale,Deux véhicules - côté,,,,,,,,,,,3,1,8,1.0,3
201400036582,0014-12-21 17:45:00,14,12,21,17,45,820,121,"19, ALIBERT ( RUE DU DOC",,,Nuit avec éclairage allumé,En agglomération,Hors intersection,Normale,Autre collision,,,,,,,,,,,5,2,1,1.0,6
201400036583,0014-12-19 15:50:00,14,12,19,15,50,820,121,"NC, giratoire sortie roc",,,Plein jour,Hors agglomération,Hors intersection,Pluie légère,Deux véhicules - frontale,,,,,,,,,,,1,1,1,2.0,1
201400036584,0014-12-29 10:50:00,14,12,29,10,50,820,121,"2, SALENGRO (RUE ROGER)",,,Plein jour,En agglomération,Giratoire,Temps éblouissant,Autre collision,,,,,,,,,,,1,2,6,7.0,6
201400036585,0014-01-20 07:25:00,14,1,20,7,25,830,50,GRANDE ARMEE(AVENUE DE L,,,Crépuscule ou aube,En agglomération,Hors intersection,Normale,Deux véhicules - côté,,,,,,,,,,,2,2,1,1.0,3
201400036586,0014-01-20 17:00:00,14,1,20,17,0,830,50,BLUM(BOULEVARD LEON),43.53028,6.47558,Plein jour,En agglomération,Giratoire,Normale,Deux véhicules - côté,,,,,,,,,,,1,2,6,1.0,3
201400036587,0014-01-28 20:25:00,14,1,28,20,25,830,141,RD 1555 (DRAGUIGNAN/ LE,,,Nuit avec éclairage allumé,En agglomération,Hors intersection,Normale,Deux véhicules - arrière,,,,,,,,,,,5,2,1,1.0,2
201400036588,0014-02-04 17:40:00,14,2,4,17,40,830,50,BLUM(BOULEVARD LEON),43.53035,6.47561,Nuit avec éclairage allumé,En agglomération,Giratoire,Pluie légère,Deux véhicules - côté,,,,,,,,,,,5,2,6,2.0,3
201400036589,0014-02-05 16:45:00,14,2,5,16,45,830,50,SAINT HERMENTAIRE(AVENUE,43.53059,6.45648,Plein jour,En agglomération,Hors intersection,Normale,Trois véhicules et plus - en chaîne,,,,,,,,,,,1,2,1,1.0,4
201400036590,0014-02-13 08:20:00,14,2,13,8,20,830,50,KENNEDY(BOULEVARD JOHN),,,Plein jour,En agglomération,Intersection en T,Normale,Deux véhicules - côté,,,,,,,,,,,1,2,3,1.0,3
201400036591,0014-03-11 20:25:00,14,3,11,20,25,830,50,PERI(BOULEVARD GABRIEL),43.53535,6.46523,Nuit avec éclairage allumé,En agglomération,Hors intersection,Normale,Sans collision,,,,,,,,,,,5,2,1,1.0,7
201400036592,0014-03-23 16:50:00,14,3,23,16,50,830,50,DORMOY(BOULEVARD MAX),,,Plein jour,En agglomération,Intersection en T,Normale,Autre collision,,,,,,,,,,,1,2,3,1.0,6
201400036593,0014-04-16 13:52:00,14,4,16,13,52,830,50,Avenue du 18 Juin 1940,43.52974,6.46789,Plein jour,En agglomération,Hors intersection,Normale,Autre collision,,,,,,,,,,,1,2,1,1.0,6
201400036594,0014-04-29 17:22:00,14,4,29,17,22,830,50,"460, LAGRANGE(Bd)",,,Plein jour,En agglomération,Hors intersection,Normale,Autre collision,,,,,,,,,,,1,2,1,1.0,6
201400036595,0014-05-04 10:10:00,14,5,4,10,10,830,50,Boulevard FOCH,,,Plein jour,En agglomération,Hors intersection,Normale,Deux véhicules - côté,,,,,,,,,,,1,2,1,1.0,3
201400036596,0014-05-08 13:10:00,14,5,8,13,10,830,50,PAGNOL(BOULEVARD  MARCEL,43.53082,6.47995,Plein jour,En agglomération,Intersection en X,Normale,Deux véhicules - côté,,,,,,,,,,,1,2,2,1.0,3
201400036597,0014-04-22 12:40:00,14,4,22,12,40,830,50,"874, GRASSE(AVENUE DE)",,,Plein jour,En agglomération,Hors intersection,Normale,Deux véhicules - frontale,,,,,,,,,,,1,2,1,1.0,1
201400036598,0014-06-07 14:10:00,14,6,7,14,10,830,50,MERMOZ(BOULEVARD JEAN),43.5209,6.46998,Plein jour,En agglomération,Hors intersection,Normale,Trois véhicules et plus - collisions multiples,,,,,,,,,,,1,2,1,1.0,5
201400036599,0014-06-19 16:40:00,14,6,19,16,40,830,50,"455, ANCIENS COMBATTANTS",43.53439,6.4569,Plein jour,En agglomération,Autre intersection,Normale,Autre collision,,,,,,,,,,,1,2,9,1.0,6
201400036600,0014-06-20 18:00:00,14,6,20,18,0,830,50,DE GAULLE(AVENUE CHARLES,,,Plein jour,En agglomération,Hors intersection,Normale,Deux véhicules - côté,,,,,,,,,,,1,2,1,1.0,3
201400036601,0014-07-08 18:04:00,14,7,8,18,4,830,141,RD 1555 (DRAGUIGNAN/ LE,,,Plein jour,Hors agglomération,Hors intersection,Normale,Deux véhicules - arrière,,,,,,,,,,,1,1,1,1.0,2
201400036602,0014-07-11 18:00:00,14,7,11,18,0,830,141,"01, MONTEE DE LA COTTE",43.50169,6.48379,Plein jour,En agglomération,Hors intersection,Normale,Autre collision,,,,,,,,,,,1,2,1,1.0,6
201400036603,0014-08-21 09:00:00,14,8,21,9,0,830,50,GALLIENI( AVE DU MAR),,,Plein jour,En agglomération,Intersection en Y,Normale,Deux véhicules - côté,,,,,,,,,,,1,2,4,1.0,3
201400036604,0014-09-03 11:25:00,14,9,3,11,25,830,50,MAUDUECH (RUE RENE),43.53533,6.4635,Plein jour,En agglomération,Intersection en T,Normale,Autre collision,,,,,,,,,,,1,2,3,1.0,6
201400036605,0014-09-06 14:00:00,14,9,6,14,0,830,141,ERMITAGE(MONTEE DE),43.50091,6.48584,Plein jour,En agglomération,Intersection en T,Autre,Autre collision,,,,,,,,,,,1,2,3,9.0,6
201400036606,0014-09-20 15:35:00,14,9,20,15,35,830,141,RD 1555 (DRAGUIGNAN/ LE,,,Plein jour,En agglomération,Giratoire,Normale,Deux véhicules - côté,,,,,,,,,,,1,2,6,1.0,3
201400036607,0014-09-26 08:40:00,14,9,26,8,40,830,50,"38, CARNOT(AVENUE LAZARE",,,Plein jour,En agglomération,Hors intersection,Temps éblouissant,Autre collision,,,,,,,,,,,1,2,1,7.0,6
201400036608,0014-10-22 08:13:00,14,10,22,8,13,830,50,"1, DOUAY(PLACE ABEL)",,,Plein jour,En agglomération,Giratoire,Normale,Deux véhicules - côté,,,,,,,,,,,1,2,6,1.0,3
201400036609,0014-10-22 11:45:00,14,10,22,11,45,830,50,CLEMENCEAU(BOULEVARD GEO,43.53717,6.46609,Plein jour,En agglomération,Hors intersection,Normale,Autre collision,,,,,,,,,,,1,2,1,1.0,6
201400036610,0014-10-26 15:40:00,14,10,26,15,40,830,50,BROSSOLETTE(AVENUE  PIER,,,Plein jour,En agglomération,Hors intersection,Normale,Autre collision,,,,,,,,,,,1,2,1,1.0,6
201400036611,0014-11-15 18:05:00,14,11,15,18,5,830,50,"673, ALLENDE (avenue Sal",,,Nuit avec éclairage non allumé,Hors agglomération,Hors intersection,Temps couvert,Deux véhicules - frontale,,,,,,,,,,,4,1,1,8.0,1
201400036612,0014-11-09 16:20:00,14,11,9,16,20,830,50,FOURNAS( AVENUE DU),43.53236,6.46326,Plein jour,En agglomération,Intersection en T,Pluie légère,Deux véhicules - côté,,,,,,,,,,,1,2,3,2.0,3
201400036613,0014-12-06 16:35:00,14,12,6,16,35,830,50,"1, VIDAL (RUE HELENE)",43.53138,6.46992,Crépuscule ou aube,En agglomération,Hors intersection,Temps couvert,Sans collision,,,,,,,,,,,2,2,1,8.0,7
201400036614,0014-12-04 08:50:00,14,12,4,8,50,830,50,PREMIERE ARMEE(AVENUE DE,43.53185,6.47297,Plein jour,En agglomération,Autre intersection,Normale,Deux véhicules - côté,,,,,,,,,,,1,2,9,1.0,3
201400036615,0014-11-27 17:00:00,14,11,27,17,0,830,50,VERDUN( AVENUE DE),43.53159,6.474,Nuit avec éclairage allumé,En agglomération,Giratoire,Pluie forte,Autre collision,,,,,,,,,,,5,2,6,3.0,6
201400036616,0014-12-04 16:50:00,14,12,4,16,50,830,50,LIBERTE(BOULEVARD DE LA),,,Plein jour,En agglomération,Hors intersection,Pluie légère,Autre collision,,,,,,,,,,,1,2,1,2.0,6
201400036617,0014-12-13 05:30:00,14,12,13,5,30,830,50,SAINT EXUPERY(BOULEVARD),43.52346,6.46198,Nuit avec éclairage allumé,En agglomération,Giratoire,Normale,Sans collision,,,,,,,,,,,5,2,6,1.0,7
201400036618,0014-12-18 12:15:00,14,12,18,12,15,830,50,SAINTE BARBE(CHEMIN),43.52912,6.4855,Plein jour,En agglomération,Intersection en Y,Normale,Deux véhicules - côté,,,,,,,,,,,1,2,4,1.0,3
201400036619,0014-12-23 18:25:00,14,12,23,18,25,830,50,MERMOZ(BOULEVARD JEAN),43.52255,6.46467,Nuit avec éclairage allumé,En agglomération,Intersection en T,Normale,Deux véhicules - frontale,,,,,,,,,,,5,2,3,1.0,1
201400036620,0014-12-31 10:30:00,14,12,31,10,30,830,50,CAZELLES(AVENUE JULIEN),43.53147,6.4738,Plein jour,En agglomération,Giratoire,Normale,Deux véhicules - côté,,,,,,,,,,,1,2,6,1.0,3
201400036621,0014-12-16 22:15:00,14,12,16,22,15,830,61,"0, RUE JEAN GIONO",43.43476,6.75402,Nuit avec éclairage allumé,En agglomération,Giratoire,Normale,Deux véhicules - côté,,,,,,,,,,,5,2,6,1.0,3
201400036622,0014-01-23 16:50:00,14,1,23,16,50,830,118,ALLEE A. CAMUS,43.4553,6.82708,Plein jour,Hors agglomération,Hors intersection,Normale,Sans collision,,,,,,,,,,,1,1,1,1.0,7
201400036623,0014-02-11 09:15:00,14,2,11,9,15,830,61,VIA AURELIA,,,Plein jour,En agglomération,Giratoire,Pluie légère,Deux véhicules - arrière,,,,,,,,,,,1,2,6,2.0,2
201400036624,0014-02-22 10:35:00,14,2,22,10,35,830,118,"0, PORT SANTA LUCIA",,,Plein jour,En agglomération,Hors intersection,Normale,Sans collision,,,,,,,,,,,1,2,1,1.0,7
201400036625,0014-03-01 09:20:00,14,3,1,9,20,830,118,"15, AVENUE DE VALESCURE",,,Plein jour,En agglomération,Hors intersection,Normale,Autre collision,,,,,,,,,,,1,2,1,1.0,6
201400036626,0014-02-01 17:30:00,14,2,1,17,30,830,61,"2145, AV DE LA CORNICHE",,,Plein jour,En agglomération,Hors intersection,Normale,Sans collision,,,,,,,,,,,1,2,1,1.0,7
201400036627,0014-03-25 14:45:00,14,3,25,14,45,830,61,RUE DES BATTERIES,43.42027,6.74406,Plein jour,Hors agglomération,Hors intersection,Normale,Sans collision,,,,,,,,,,,1,1,1,1.0,7
201400036628,0014-02-09 09:55:00,14,2,9,9,55,830,118,BOULEVARD JEAN MOULIN,43.42766,6.78165,Plein jour,En agglomération,Hors intersection,Normale,Autre collision,,,,,,,,,,,1,2,1,1.0,6
201400036629,0014-04-01 08:21:00,14,4,1,8,21,830,118,"0, ROUTE DES GOLFS",43.45432,6.80515,Plein jour,Hors agglomération,Hors intersection,Normale,Autre collision,,,,,,,,,,,1,1,1,1.0,6
201400036630,0014-04-01 16:50:00,14,4,1,16,50,830,61,"0, RUE DU CAPITAINE BLAZ",,,Plein jour,En agglomération,Intersection en T,Normale,Autre collision,,,,,,,,,,,1,2,3,1.0,6
201400036631,0014-04-05 14:08:00,14,4,5,14,8,830,61,RN7,,,Plein jour,Hors agglomération,Hors intersection,Normale,Autre collision,,,,,,,,,,,1,1,1,1.0,6
201400036632,0014-04-09 17:40:00,14,4,9,17,40,830,61,"0, AVENUE DE PROVENCE",,,Plein jour,En agglomération,Hors intersection,Normale,Autre collision,,,,,,,,,,,1,2,1,1.0,6
201400036633,0014-04-15 11:40:00,14,4,15,11,40,830,118,CARREFOUR PEIRE SARADE,43.43041,6.7988,Plein jour,Hors agglomération,Hors intersection,Normale,Deux véhicules - arrière,,,,,,,,,,,1,1,1,1.0,2
201400036634,0014-04-15 21:50:00,14,4,15,21,50,830,61,"0, AVENUE DE LATTRE DE T",43.43235,6.74949,Nuit avec éclairage allumé,En agglomération,Giratoire,Normale,Deux véhicules - côté,,,,,,,,,,,5,2,6,1.0,3
201400036635,0014-05-12 17:35:00,14,5,12,17,35,830,118,AVENUE GENERAL LECLERC,43.42785,6.76628,Plein jour,En agglomération,Hors intersection,Normale,Deux véhicules - arrière,,,,,,,,,,,1,2,1,1.0,2
201400036636,0014-05-18 15:17:00,14,5,18,15,17,830,61,D37,,,Plein jour,Hors agglomération,Hors intersection,Normale,Deux véhicules - côté,,,,,,,,,,,1,1,1,1.0,3
201400036637,0014-05-14 15:36:00,14,5,14,15,36,830,61,"1464, AV DE TASSIGNY",43.42942,6.76025,Plein jour,En agglomération,Hors intersection,Normale,Sans collision,,,,,,,,,,,1,2,1,1.0,7
201400036638,0014-06-06 15:55:00,14,6,6,15,55,830,118,"0, ROUTE DES GOLFS",43.45027,6.82097,Plein jour,Hors agglomération,Hors intersection,Normale,Autre collision,,,,,,,,,,,1,1,1,1.0,6
201400036639,0014-06-15 17:04:00,14,6,15,17,4,830,61,"0, N98",,,Plein jour,Hors agglomération,Hors intersection,Normale,Autre collision,,,,,,,,,,,1,1,1,1.0,6
201400036640,0014-05-23 14:55:00,14,5,23,14,55,830,61,LE FREJUS,,,Plein jour,En agglomération,Hors intersection,Normale,Autre collision,,,,,,,,,,,1,2,1,1.0,6
201400036641,0014-06-22 08:35:00,14,6,22,8,35,830,61,"0, RN7",,,Plein jour,Hors agglomération,Hors intersection,Normale,Deux véhicules - côté,,,,,,,,,,,1,1,1,1.0,3
201400036642,0014-07-02 11:25:00,14,7,2,11,25,830,61,"0, D4",,,Plein jour,Hors agglomération,Hors intersection,Normale,Sans collision,,,,,,,,,,,1,1,1,1.0,7
201400036643,0014-05-18 08:29:00,14,5,18,8,29,830,61,"469, BD DE LA LIBERATION",,,Plein jour,En agglomération,Hors intersection,Normale,Autre collision,,,,,,,,,,,1,2,1,1.0,6
201400036644,0014-07-03 23:00:00,14,7,3,23,0,830,107,"620, D8",,,Nuit sans éclairage public,Hors agglomération,Hors intersection,Normale,Sans collision,,,,,,,,,,,3,1,1,1.0,7
201400036645,0014-05-18 17:30:00,14,5,18,17,30,830,61,AVE DU CORPS EXPEDITIONN,,,Plein jour,Hors agglomération,Hors intersection,Normale,Deux véhicules - frontale,,,,,,,,,,,1,1,1,1.0,1
201400036646,0014-07-09 16:57:00,14,7,9,16,57,830,61,AV DE LA CORNICHE D'AZU,,,Plein jour,En agglomération,Intersection en X,Normale,Deux véhicules - frontale,,,,,,,,,,,1,2,2,1.0,1
201400036647,0014-07-22 01:40:00,14,7,22,1,40,830,61,"0, ROND-POINT DE LA GEND",,,Nuit avec éclairage allumé,En agglomération,Giratoire,Normale,Autre collision,,,,,,,,,,,5,2,6,1.0,6
201400036648,0014-06-11 08:55:00,14,6,11,8,55,830,118,"0, BOULEVARD REMI BELLEA",43.42821,6.79097,Plein jour,En agglomération,Intersection en Y,Normale,Deux véhicules - arrière,,,,,,,,,,,1,2,4,1.0,2
201400036649,0014-07-30 18:45:00,14,7,30,18,45,830,118,"146, RUE CHARLES GOUJON",43.41716,6.8076,Plein jour,En agglomération,Hors intersection,Normale,Sans collision,,,,,,,,,,,1,2,1,1.0,7
201400036650,0014-08-15 16:55:00,14,8,15,16,55,830,61,"0, AVENUE HENRI GIRAUD",,,Plein jour,En agglomération,Hors intersection,Normale,Deux véhicules - frontale,,,,,,,,,,,1,2,1,1.0,1
201400036651,0014-08-31 10:26:00,14,8,31,10,26,830,61,RN7,,,Plein jour,Hors agglomération,Hors intersection,Normale,Autre collision,,,,,,,,,,,1,1,1,1.0,6
201400036652,0014-09-09 11:30:00,14,9,9,11,30,830,61,RN7,,,Plein jour,En agglomération,Hors intersection,Normale,Deux véhicules - côté,,,,,,,,,,,1,2,1,1.0,3
201400036653,0014-09-20 14:45:00,14,9,20,14,45,830,61,RN7,,,Plein jour,Hors agglomération,Hors intersection,Normale,Trois véhicules et plus - collisions multiples,,,,,,,,,,,1,1,1,1.0,5
201400036654,0014-09-25 12:30:00,14,9,25,12,30,830,118,BOULEVARD EUGENE BRIEUX,,,Plein jour,Hors agglomération,Hors intersection,Normale,Deux véhicules - côté,,,,,,,,,,,1,1,1,1.0,3
201400036655,0014-10-04 13:10:00,14,10,4,13,10,830,118,"575, AVENUE DU GRATADIS",,,Plein jour,Hors agglomération,Hors intersection,Normale,Autre collision,,,,,,,,,,,1,1,1,1.0,6
201400036656,0014-10-19 17:40:00,14,10,19,17,40,830,61,RUE MARCEL PAGNOL,43.43163,6.76223,Plein jour,En agglomération,Hors intersection,Normale,Autre collision,,,,,,,,,,,1,2,1,1.0,6
201400036657,0014-09-25 14:40:00,14,9,25,14,40,830,118,RUE DE LA SOLEILLETTE,43.42909,6.77154,Plein jour,En agglomération,Intersection en T,Normale,Deux véhicules - côté,,,,,,,,,,,1,2,3,1.0,3
201400036658,0014-10-03 10:25:00,14,10,3,10,25,830,118,AVENUE GENERAL LECLERC,43.42312,6.74543,Plein jour,En agglomération,Hors intersection,Normale,Autre collision,,,,,,,,,,,1,2,1,1.0,6
201400036659,0014-10-03 14:30:00,14,10,3,14,30,830,61,"319, AVE DU GEN CALLIES",,,Plein jour,En agglomération,Hors intersection,Normale,Deux véhicules - côté,,,,,,,,,,,1,2,1,1.0,3
201400036660,0014-11-07 11:25:00,14,11,7,11,25,830,118,AVENUE GENERAL LECLERC,43.42342,6.74604,Plein jour,En agglomération,Hors intersection,Normale,Autre collision,,,,,,,,,,,1,2,1,1.0,6
201400036661,0014-11-13 10:30:00,14,11,13,10,30,830,61,"0, AVENUE LOUIS CASTILLO",,,Plein jour,En agglomération,Hors intersection,Normale,Autre collision,,,,,,,,,,,1,2,1,1.0,6
201400036662,0014-10-10 16:15:00,14,10,10,16,15,830,118,ROUTE DE LA CORNICHE,,,Plein jour,En agglomération,Intersection en T,Normale,Autre collision,,,,,,,,,,,1,2,3,1.0,6
201400036663,0014-12-01 18:43:00,14,12,1,18,43,830,118,"195, BD RAYMOND POINCARE",,,Nuit avec éclairage non allumé,En agglomération,Hors intersection,Pluie légère,Autre collision,,,,,,,,,,,4,2,1,2.0,6
201400036664,0014-12-13 10:50:00,14,12,13,10,50,830,61,RN7,,,Plein jour,Hors agglomération,Hors intersection,Temps couvert,Autre collision,,,,,,,,,,,1,1,1,8.0,6
201400036665,0014-12-17 09:15:00,14,12,17,9,15,830,118,"0, AVENUE DE VALESCURE",,,Plein jour,En agglomération,Hors intersection,Normale,Autre collision,,,,,,,,,,,1,2,1,1.0,6
201400036666,0014-01-17 16:15:00,14,1,17,16,15,830,69,"1, GARE ( RUE DE LA)",43.10904,6.1249,Plein jour,En agglomération,Hors intersection,Normale,Autre collision,,,,,,,,,,,1,2,1,1.0,6
201400036667,0014-01-25 12:15:00,14,1,25,12,15,830,69,BROSSOLETTE (RUE PIERRE),43.11707,6.12773,Plein jour,En agglomération,Intersection en T,Normale,Deux véhicules - côté,,,,,,,,,,,1,2,3,1.0,3
201400036668,0014-02-04 17:25:00,14,2,4,17,25,830,69,"3301, LOUBES (ROUTE DES)",,,Plein jour,Hors agglomération,Hors intersection,Temps couvert,Deux véhicules - côté,,,,,,,,,,,1,1,1,8.0,3
201400036669,0014-02-06 17:35:00,14,2,6,17,35,830,69,FRONT DE MER (BOULEVARD),,,Crépuscule ou aube,En agglomération,Hors intersection,Normale,Deux véhicules - côté,,,,,,,,,,,2,2,1,1.0,3
201400036670,0014-02-08 05:30:00,14,2,8,5,30,830,69,"1, NICE (ROUTE DE)",,,Nuit sans éclairage public,Hors agglomération,Hors intersection,Normale,Autre collision,,,,,,,,,,,3,1,1,1.0,6
201400036671,0014-02-23 10:30:00,14,2,23,10,30,830,69,ALMANARRE (ROUTE DE L'),,,Plein jour,Hors agglomération,Autre intersection,Normale,Deux véhicules - côté,,,,,,,,,,,1,1,9,1.0,3
201400036672,0014-02-28 07:00:00,14,2,28,7,0,830,69,ALMANARRE (ROUTE DE L'),,,Nuit avec éclairage allumé,Hors agglomération,Hors intersection,Normale,Autre collision,,,,,,,,,,,5,1,1,1.0,6
201400036673,0014-04-02 13:30:00,14,4,2,13,30,830,69,"15, GODILLOT  ( AVENUE A",,,Plein jour,En agglomération,Hors intersection,Normale,Deux véhicules - côté,,,,,,,,,,,1,2,1,1.0,3
201400036674,0014-08-12 23:30:00,14,8,12,23,30,830,69,PIERREFEU (ROUTE DE) RD,,,Nuit sans éclairage public,Hors agglomération,Hors intersection,Normale,Sans collision,,,,,,,,,,,3,1,1,1.0,7
201400036675,0014-03-29 15:05:00,14,3,29,15,5,830,34,"1, AVENUE DE FONT BRUN",43.08688,6.09127,Plein jour,Hors agglomération,Hors intersection,Vent fort / tempête,Deux véhicules - frontale,,,,,,,,,,,1,1,1,6.0,1
201400036676,0014-01-12 11:10:00,14,1,12,11,10,830,69,MARAIS ( ROUTE DES ),,,Plein jour,Hors agglomération,Hors intersection,Normale,Trois véhicules et plus - collisions multiples,,,,,,,,,,,1,1,1,1.0,5
201400036677,0014-04-08 19:30:00,14,4,8,19,30,830,69,"488, CRAU (ROUTE DE LA )",,,Plein jour,En agglomération,Hors intersection,Normale,Deux véhicules - frontale,,,,,,,,,,,1,2,1,1.0,1
201400036678,0014-04-15 08:30:00,14,4,15,8,30,830,69,"2BIS, MASSEL (RUE JULES)",,,Plein jour,En agglomération,Hors intersection,Normale,Autre collision,,,,,,,,,,,1,2,1,1.0,6
201400036679,0014-04-18 05:25:00,14,4,18,5,25,830,69,PIERREFEU (ROUTE DE) RD,,,Nuit sans éclairage public,Hors agglomération,Hors intersection,Normale,Autre collision,,,,,,,,,,,3,1,1,1.0,6
201400036680,0014-04-22 00:01:00,14,4,22,0,1,830,69,OLBIA  (VOIE),,,Nuit avec éclairage allumé,En agglomération,Hors intersection,Normale,Sans collision,,,,,,,,,,,5,2,1,1.0,7
201400036681,0014-04-26 14:40:00,14,4,26,14,40,830,69,"1, MOULIN PREMIER (CHEMI",,,Plein jour,En agglomération,Hors intersection,Normale,Autre collision,,,,,,,,,,,1,2,1,1.0,6
201400036682,0014-05-04 11:20:00,14,5,4,11,20,830,69,"2915, LOUBES (ROUTE DES)",,,Plein jour,Hors agglomération,Hors intersection,Normale,Trois véhicules et plus - collisions multiples,,,,,,,,,,,1,1,1,1.0,5
201400036683,0014-05-09 03:15:00,14,5,9,3,15,830,69,"1, REAL MARTIN (ROUTE DU",,,Nuit sans éclairage public,Hors agglomération,Hors intersection,Normale,Autre collision,,,,,,,,,,,3,1,1,1.0,6
201400036684,0014-04-17 16:40:00,14,4,17,16,40,830,69,"1, OLBIA  (VOIE)",,,Plein jour,En agglomération,Hors intersection,Vent fort / tempête,Deux véhicules - arrière,,,,,,,,,,,1,2,1,6.0,2
201400036685,0014-05-18 05:00:00,14,5,18,5,0,830,34,CD559,,,Nuit avec éclairage allumé,En agglomération,Giratoire,Normale,Autre collision,,,,,,,,,,,5,2,6,1.0,6
201400036686,0014-05-18 12:10:00,14,5,18,12,10,830,69,"10289, PIERREFEU (ROUTE",,,Plein jour,Hors agglomération,Hors intersection,Normale,Autre collision,,,,,,,,,,,1,1,1,1.0,6
201400036687,0014-05-30 13:30:00,14,5,30,13,30,830,69,OLBIA  (VOIE),,,Plein jour,En agglomération,Hors intersection,Temps éblouissant,Deux véhicules - arrière,,,,,,,,,,,1,2,1,7.0,2
201400036688,0014-06-08 03:20:00,14,6,8,3,20,830,69,"2942, GIENS (ROUTE DE )",,,Nuit avec éclairage allumé,En agglomération,Giratoire,Normale,Sans collision,,,,,,,,,,,5,2,6,1.0,7
201400036689,0014-06-23 17:00:00,14,6,23,17,0,830,69,GODILLOT  ( AVENUE ALEXI,,,Plein jour,En agglomération,Intersection en X,Normale,Deux véhicules - côté,,,,,,,,,,,1,2,2,1.0,3
201400036690,0014-06-28 05:20:00,14,6,28,5,20,830,34,"1520, ROUTE DES 3 PINS",,,Nuit avec éclairage allumé,Hors agglomération,Hors intersection,Normale,Sans collision,,,,,,,,,,,5,1,1,1.0,7
201400036691,0014-07-21 13:50:00,14,7,21,13,50,830,69,OLBIA  (VOIE),,,Plein jour,En agglomération,Hors intersection,Normale,Deux véhicules - côté,,,,,,,,,,,1,2,1,1.0,3
201400036692,0014-07-25 11:30:00,14,7,25,11,30,830,69,"1374, NICE (ROUTE DE)",,,Plein jour,Hors agglomération,Hors intersection,Normale,Deux véhicules - côté,,,,,,,,,,,1,1,1,1.0,3
201400036693,0014-07-23 18:50:00,14,7,23,18,50,830,69,OLBIA  (VOIE),,,Plein jour,En agglomération,Hors intersection,Normale,Deux véhicules - côté,,,,,,,,,,,1,2,1,1.0,3
201400036694,0014-07-26 20:40:00,14,7,26,20,40,830,34,,,,Nuit sans éclairage public,Hors agglomération,Hors intersection,Normale,Trois véhicules et plus - collisions multiples,,,,,,,,,,,3,1,1,1.0,5
201400036695,0014-07-29 19:35:00,14,7,29,19,35,830,69,"1, RASCASSE (RUE DE LA)",43.11782,6.20269,Plein jour,En agglomération,Hors intersection,Vent fort / tempête,Autre collision,,,,,,,,,,,1,2,1,6.0,6
201400036696,0014-08-01 15:35:00,14,8,1,15,35,830,69,"6, VILETTE (CHEMIN DE LA",,,Plein jour,En agglomération,Hors intersection,Normale,Deux véhicules - côté,,,,,,,,,,,1,2,1,1.0,3
201400036697,0014-07-31 06:50:00,14,7,31,6,50,830,69,"1703, MADRAGUE (RTE DE)",43.0418,6.13313,Crépuscule ou aube,En agglomération,Hors intersection,Normale,Autre collision,,,,,,,,,,,2,2,1,1.0,6
201400036698,0014-08-21 18:40:00,14,8,21,18,40,830,69,"85, TOULON RD 554 (AVENU",,,Plein jour,En agglomération,Hors intersection,Normale,Deux véhicules - arrière,,,,,,,,,,,1,2,1,1.0,2
201400036699,0014-09-10 08:45:00,14,9,10,8,45,830,69,"37, SEL (ROUTE DU)",43.07791,6.12662,Plein jour,Hors agglomération,Hors intersection,Normale,Autre collision,,,,,,,,,,,1,1,1,1.0,6
201400036700,0014-09-22 18:45:00,14,9,22,18,45,830,69,NICE (ROUTE DE),,,Plein jour,Hors agglomération,Intersection en X,Normale,Deux véhicules - côté,,,,,,,,,,,1,1,2,1.0,3
201400036701,0014-09-25 15:00:00,14,9,25,15,0,830,69,"680, ALMANARRE (ROUTE DE",,,Plein jour,Hors agglomération,Hors intersection,Normale,Deux véhicules - côté,,,,,,,,,,,1,1,1,1.0,3
201400036702,0014-09-27 04:37:00,14,9,27,4,37,830,69,"305, NIEPCE ( RUE NICEPH",43.1022,6.14273,Nuit avec éclairage allumé,En agglomération,Hors intersection,Normale,Deux véhicules - frontale,,,,,,,,,,,5,2,1,1.0,1
201400036703,0014-11-05 18:30:00,14,11,5,18,30,830,69,"10 bis, LYAUTEY (AVENUE)",43.11912,6.12964,Nuit avec éclairage allumé,En agglomération,Hors intersection,Normale,Autre collision,,,,,,,,,,,5,2,1,1.0,6
201400036704,0014-11-22 17:55:00,14,11,22,17,55,830,69,"1914, AEROPORT (AVENUE D",,,Nuit avec éclairage allumé,Hors agglomération,Hors intersection,Normale,Trois véhicules et plus - en chaîne,,,,,,,,,,,5,1,1,1.0,4