accident_id,datetime,annee,mois,jour,heure,minute,departement,commune_insee,adresse,latitude,longitude,luminosite,agglomeration,intersection,meteo,collision,nb_vehicules,nb_usagers,nb_indemnes,nb_tues,nb_blesses_hosp,nb_blesses_legers,age_cond_1,age_cond_2,veh_type_cond_1,veh_type_cond_2,lum_code,agg_code,int_code,atm_code,col_code
201400036705,0014-07-14 23:20:00,14,7,14,23,20,830,69,GIENS (ROUTE DE ),,,Nuit sans éclairage public,Hors agglomération,Hors intersection,Normale,Trois véhicules et plus - collisions multiples,,,,,,,,,,,3,1,1,1.0,5
201400036706,0014-01-02 17:55:00,14,1,2,17,55,830,129,"0, CROS (CORNICHE DU)",,,Nuit avec éclairage allumé,En agglomération,Hors intersection,Normale,Deux véhicules - côté,,,,,,,,,,,5,2,1,1.0,3
201400036707,0014-01-10 16:15:00,14,1,10,16,15,830,123,"237, GARE (ROUTE)",,,Plein jour,En agglomération,Intersection en T,Normale,Deux véhicules - côté,,,,,,,,,,,1,2,3,1.0,3
201400036708,0014-01-03 11:45:00,14,1,3,11,45,830,129,"100 BIS, REPUBLIQUE (AVE",,,Plein jour,En agglomération,Hors intersection,Normale,Autre collision,,,,,,,,,,,1,2,1,1.0,6
201400036709,0014-01-14 18:45:00,14,1,14,18,45,830,129,TRAITE DE L'ELYSEE (RP),,,Nuit avec éclairage allumé,En agglomération,Autre intersection,Normale,Autre collision,,,,,,,,,,,5,2,9,1.0,6
201400036710,0014-01-13 10:10:00,14,1,13,10,10,830,9,MARSEILLE (BD DE),43.14192,5.74802,Plein jour,En agglomération,Giratoire,Normale,Deux véhicules - côté,,,,,,,,,,,1,2,6,1.0,3
201400036711,0014-01-21 16:40:00,14,1,21,16,40,830,123,"68, GARE (ROUTE)",,,Plein jour,En agglomération,Autre intersection,Temps éblouissant,Autre collision,,,,,,,,,,,1,2,9,7.0,6
201400036712,0014-02-05 18:15:00,14,2,5,18,15,830,129,"67, DE LATTRE DE TASSIGN",,,Nuit avec éclairage allumé,En agglomération,Hors intersection,Temps couvert,Autre collision,,,,,,,,,,,5,2,1,8.0,6
201400036713,0014-02-07 21:35:00,14,2,7,21,35,830,129,"1742, MER (AVENUE DE LA)",,,Nuit avec éclairage allumé,En agglomération,Hors intersection,Normale,Autre collision,,,,,,,,,,,5,2,1,1.0,6
201400036714,0014-02-11 07:00:00,14,2,11,7,0,830,129,"399, JUIN MARECHAL (AV)",,,Plein jour,En agglomération,Giratoire,Normale,Autre collision,,,,,,,,,,,1,2,6,1.0,6
201400036715,0014-02-11 14:00:00,14,2,11,14,0,830,9,"470, LIBERATION (AV DE)",43.1394,5.76669,Plein jour,En agglomération,Hors intersection,Normale,Autre collision,,,,,,,,,,,1,2,1,1.0,6
201400036716,0014-02-20 08:20:00,14,2,20,8,20,830,123,"309, BANDOL (ROUTE DE)",,,Plein jour,En agglomération,Hors intersection,Temps éblouissant,Autre collision,,,,,,,,,,,1,2,1,7.0,6
201400036717,0014-02-22 04:20:00,14,2,22,4,20,830,129,CROS (CORNICHE DU),,,Nuit avec éclairage allumé,En agglomération,Hors intersection,Normale,Autre collision,,,,,,,,,,,5,2,1,1.0,6
201400036718,0014-02-23 08:45:00,14,2,23,8,45,830,9,ARMEE D'AFRIQUE (RP),,,Plein jour,Hors agglomération,Giratoire,Normale,Deux véhicules - arrière,,,,,,,,,,,1,1,6,1.0,2
201400036719,0014-03-01 04:40:00,14,3,1,4,40,830,123,"1868, BANDOL (ROUTE)",,,Nuit sans éclairage public,En agglomération,Hors intersection,Normale,Autre collision,,,,,,,,,,,3,2,1,1.0,6
201400036720,0014-03-08 19:15:00,14,3,8,19,15,830,9,Rue du docteur FABRE,43.13531,5.75329,Nuit avec éclairage allumé,En agglomération,Hors intersection,Normale,Deux véhicules - côté,,,,,,,,,,,5,2,1,1.0,3
201400036721,0014-03-10 18:00:00,14,3,10,18,0,830,9,"165, ONZE NOVEMBRE 1945",43.13739,5.75224,Plein jour,En agglomération,Intersection en T,Normale,Deux véhicules - côté,,,,,,,,,,,1,2,3,1.0,3
201400036722,0014-03-12 14:00:00,14,3,12,14,0,830,129,"702, MARECHAL JUIN  (AV)",,,Plein jour,En agglomération,Giratoire,Normale,Autre collision,,,,,,,,,,,1,2,6,1.0,6
201400036723,0014-03-24 14:35:00,14,3,24,14,35,830,129,"1360, LAENNEC (AVENUE DE",,,Plein jour,En agglomération,Hors intersection,Normale,Deux véhicules - arrière,,,,,,,,,,,1,2,1,1.0,2
201400036724,0014-03-25 17:30:00,14,3,25,17,30,830,129,FONT VERT (MO ET BLE),43.11268,5.81237,Plein jour,En agglomération,Hors intersection,Normale,Deux véhicules - arrière,,,,,,,,,,,1,2,1,1.0,2
201400036725,0014-03-28 08:30:00,14,3,28,8,30,830,129,MARECHAL JUIN (AV DU),,,Plein jour,En agglomération,Giratoire,Normale,Deux véhicules - côté,,,,,,,,,,,1,2,6,1.0,3
201400036726,0014-04-14 16:20:00,14,4,14,16,20,830,129,"1884, MER (AVENUE DE LA)",,,Plein jour,En agglomération,Hors intersection,Normale,Deux véhicules - côté,,,,,,,,,,,1,2,1,1.0,3
201400036727,0014-04-12 08:30:00,14,4,12,8,30,830,129,"584, RAYNAUD (AVENUE JOS",,,Plein jour,En agglomération,Giratoire,Normale,Deux véhicules - côté,,,,,,,,,,,1,2,6,1.0,3
201400036728,0014-04-19 19:35:00,14,4,19,19,35,830,129,"401, LAENNEC (AVENUE DE)",,,Plein jour,En agglomération,Intersection en T,Normale,Autre collision,,,,,,,,,,,1,2,3,1.0,6
201400036729,0014-04-19 18:10:00,14,4,19,18,10,830,123,TOURELLE (CHEMIN de la),43.13836,5.80433,Plein jour,En agglomération,Hors intersection,Normale,Deux véhicules - côté,,,,,,,,,,,1,2,1,1.0,3
201400036730,0014-04-20 21:55:00,14,4,20,21,55,830,123,"867, L'HUIDE (CHEMIN DE)",43.12751,5.79937,Nuit avec éclairage allumé,En agglomération,Hors intersection,Normale,Deux véhicules - frontale,,,,,,,,,,,5,2,1,1.0,1
201400036731,0014-04-29 15:00:00,14,4,29,15,0,830,129,"58, ROUMANILLE (AVENUE)",43.09256,5.82339,Plein jour,En agglomération,Hors intersection,Normale,Deux véhicules - côté,,,,,,,,,,,1,2,1,1.0,3
201400036732,0014-05-04 03:20:00,14,5,4,3,20,830,123,GARE (ROUTE),,,Nuit avec éclairage allumé,En agglomération,Hors intersection,Normale,Autre collision,,,,,,,,,,,5,2,1,1.0,6
201400036733,0014-05-15 12:10:00,14,5,15,12,10,830,129,"1, MICOCOULIERS (ALLEE D",,,Plein jour,En agglomération,Hors intersection,Normale,Deux véhicules - arrière,,,,,,,,,,,1,2,1,1.0,2
201400036734,0014-06-03 18:20:00,14,6,3,18,20,830,129,"1735, MER (AVENUE DE LA)",,,Plein jour,En agglomération,Hors intersection,Normale,Autre collision,,,,,,,,,,,1,2,1,1.0,6
201400036735,0014-06-07 23:45:00,14,6,7,23,45,830,129,"702, JUIN MARECHAL (AV D",,,Nuit avec éclairage allumé,En agglomération,Giratoire,Normale,Deux véhicules - côté,,,,,,,,,,,5,2,6,1.0,3
201400036736,0014-06-11 23:30:00,14,6,11,23,30,830,9,"750, BEAUSSET (ROUTE DU)",,,Nuit avec éclairage allumé,En agglomération,Hors intersection,Normale,Autre collision,,,,,,,,,,,5,2,1,1.0,6
201400036737,0014-06-12 09:55:00,14,6,12,9,55,830,129,"183, NEGADOUX (CHEMIN DE",43.10954,5.84296,Plein jour,En agglomération,Hors intersection,Normale,Deux véhicules - frontale,,,,,,,,,,,1,2,1,1.0,1
201400036738,0014-06-19 06:35:00,14,6,19,6,35,830,129,ECOLES (BD DES),43.11203,5.81309,Crépuscule ou aube,En agglomération,Intersection en T,Normale,Deux véhicules - côté,,,,,,,,,,,2,2,3,1.0,3
201400036739,0014-06-24 14:10:00,14,6,24,14,10,830,123,"4691, TOULON (ANCIEN CHE",43.14335,5.77472,Plein jour,Hors agglomération,Hors intersection,Normale,Deux véhicules - côté,,,,,,,,,,,1,1,1,1.0,3
201400036740,0014-07-01 13:30:00,14,7,1,13,30,830,123,"160, EUROPE UNIE (AVENUE",,,Plein jour,En agglomération,Hors intersection,Normale,Deux véhicules - frontale,,,,,,,,,,,1,2,1,1.0,1
201400036741,0014-07-06 11:15:00,14,7,6,11,15,830,123,ESTIENNE D'ORVES (BD),43.11639,5.80343,Plein jour,En agglomération,Hors intersection,Normale,Autre collision,,,,,,,,,,,1,2,1,1.0,6
201400036742,0014-07-17 17:40:00,14,7,17,17,40,830,9,BEAUSSET (ROUTE DU),,,Plein jour,En agglomération,Hors intersection,Normale,Deux véhicules - frontale,,,,,,,,,,,1,2,1,1.0,1
201400036743,0014-08-01 00:40:00,14,8,1,0,40,830,9,"296, 11 NOVEMBRE 1918",43.13824,5.75145,Nuit avec éclairage allumé,En agglomération,Hors intersection,Normale,Deux véhicules - côté,,,,,,,,,,,5,2,1,1.0,3
201400036744,0014-08-01 16:40:00,14,8,1,16,40,830,123,"356, 2 SPAHIS (AV du)",43.12126,5.80494,Plein jour,En agglomération,Hors intersection,Normale,Autre collision,,,,,,,,,,,1,2,1,1.0,6
201400036745,0014-08-04 20:30:00,14,8,4,20,30,830,129,"617, MER (AVENUE DE LA)",43.09837,5.82774,Plein jour,En agglomération,Giratoire,Normale,Deux véhicules - côté,,,,,,,,,,,1,2,6,1.0,3
201400036746,0014-08-09 18:55:00,14,8,9,18,55,830,129,"282, MER (AVENUE DE LA)",,,Plein jour,En agglomération,Intersection en T,Normale,Autre collision,,,,,,,,,,,1,2,3,1.0,6
201400036747,0014-08-18 14:10:00,14,8,18,14,10,830,9,ONZE NOVEMBRE 1945 (AV D,43.13822,5.75144,Plein jour,En agglomération,Hors intersection,Normale,Trois véhicules et plus - collisions multiples,,,,,,,,,,,1,2,1,1.0,5
201400036748,0014-08-23 21:40:00,14,8,23,21,40,830,9,BEAUSSET (ROUTE DU),,,Nuit avec éclairage allumé,En agglomération,Hors intersection,Normale,Deux véhicules - arrière,,,,,,,,,,,5,2,1,1.0,2
201400036749,0014-08-29 23:30:00,14,8,29,23,30,830,123,BANDOL (ROUTE)N? PAIRS,,,Nuit sans éclairage public,En agglomération,Intersection en T,Normale,Deux véhicules - frontale,,,,,,,,,,,3,2,3,1.0,1
201400036750,0014-09-04 08:55:00,14,9,4,8,55,830,129,"554, NEGADOUX (CHEMIN DE",43.1127,5.84247,Plein jour,En agglomération,Hors intersection,Normale,Deux véhicules - côté,,,,,,,,,,,1,2,1,1.0,3
201400036751,0014-09-06 19:25:00,14,9,6,19,25,830,9,DE GAULLE (QUAI CHARLES),43.13661,5.75888,Plein jour,En agglomération,Hors intersection,Normale,Autre collision,,,,,,,,,,,1,2,1,1.0,6
201400036752,0014-09-21 09:45:00,14,9,21,9,45,830,129,"183, MER (AVENUE DE LA)",,,Plein jour,En agglomération,Hors intersection,Normale,Deux véhicules - arrière,,,,,,,,,,,1,2,1,1.0,2
201400036753,0014-09-27 00:06:00,14,9,27,0,6,830,123,"297, EUROPE UNIE (AVENUE",,,Nuit avec éclairage allumé,En agglomération,Hors intersection,Normale,Autre collision,,,,,,,,,,,5,2,1,1.0,6
201400036754,0014-10-02 13:05:00,14,10,2,13,5,830,129,JUIN MARECHAL (AV DU),,,Plein jour,En agglomération,Giratoire,Normale,Deux véhicules - arrière,,,,,,,,,,,1,2,6,1.0,2
201400036755,0014-10-01 14:00:00,14,10,1,14,0,830,9,"164, PIERREPLANE (BD DE)",43.13749,5.74594,Plein jour,Hors agglomération,Hors intersection,Normale,Autre collision,,,,,,,,,,,1,1,1,1.0,6
201400036756,0014-10-03 17:00:00,14,10,3,17,0,830,123,"1399, BANDOL (ROUTE)",,,Plein jour,En agglomération,Hors intersection,Normale,Deux véhicules - arrière,,,,,,,,,,,1,2,1,1.0,2
201400036757,0014-10-07 19:55:00,14,10,7,19,55,830,9,ROUTE DE BANDOL,,,Nuit avec éclairage non allumé,En agglomération,Intersection en T,Normale,Deux véhicules - côté,,,,,,,,,,,4,2,3,1.0,3
201400036758,0014-10-16 08:00:00,14,10,16,8,0,830,123,VIGNES (ALLEE),43.11924,5.8117,Plein jour,En agglomération,Hors intersection,Normale,Sans collision,,,,,,,,,,,1,2,1,1.0,7
201400036759,0014-10-23 12:20:00,14,10,23,12,20,830,123,"310-312, MARECHAL LECLER",43.11859,5.79752,Plein jour,En agglomération,Hors intersection,Normale,Deux véhicules - côté,,,,,,,,,,,1,2,1,1.0,3
201400036760,0014-10-29 01:20:00,14,10,29,1,20,830,123,"1355, TOURELLE (CHEMIN)",43.13778,5.81009,Nuit sans éclairage public,En agglomération,Hors intersection,Normale,Autre collision,,,,,,,,,,,3,2,1,1.0,6
201400036761,0014-11-02 09:00:00,14,11,2,9,0,830,129,EMMENNINGEN (ROND POINT,,,Plein jour,En agglomération,Giratoire,Normale,Deux véhicules - côté,,,,,,,,,,,1,2,6,1.0,3
201400036762,0014-11-03 09:00:00,14,11,3,9,0,830,129,"595, DE GAULLE (PROMENAD",,,Plein jour,En agglomération,Hors intersection,Normale,Autre collision,,,,,,,,,,,1,2,1,1.0,6
201400036763,0014-11-07 18:15:00,14,11,7,18,15,830,9,ROUTE DE BANDOL,,,Nuit avec éclairage allumé,En agglomération,Hors intersection,Normale,Autre collision,,,,,,,,,,,5,2,1,1.0,6
201400036764,0014-11-09 03:55:00,14,11,9,3,55,830,9,"220, DANTON (RUE)",43.13962,5.75322,Nuit avec éclairage allumé,En agglomération,Hors intersection,Pluie légère,Autre collision,,,,,,,,,,,5,2,1,2.0,6
201400036765,0014-11-06 11:50:00,14,11,6,11,50,830,129,"968, LAENNEC (AVENUE DE)",,,Plein jour,En agglomération,Hors intersection,Normale,Deux véhicules - côté,,,,,,,,,,,1,2,1,1.0,3
201400036766,0014-11-12 13:30:00,14,11,12,13,30,830,123,"893, GARE (RTE)",,,Plein jour,En agglomération,Intersection en T,Temps couvert,Sans collision,,,,,,,,,,,1,2,3,8.0,7
201400036767,0014-11-06 15:50:00,14,11,6,15,50,830,129,"1, LAENNEC (AVENUE DE) N",,,Plein jour,En agglomération,Hors intersection,Normale,Autre collision,,,,,,,,,,,1,2,1,1.0,6
201400036768,0014-11-16 23:50:00,14,11,16,23,50,830,123,"2195, BANDOL (ROUTE)",,,Nuit avec éclairage allumé,En agglomération,Hors intersection,Normale,Sans collision,,,,,,,,,,,5,2,1,1.0,7
201400036769,0014-11-15 23:15:00,14,11,15,23,15,830,129,"501, SOLVIOU (CORNICHE)",,,Nuit avec éclairage allumé,En agglomération,Hors intersection,Normale,Trois véhicules et plus - collisions multiples,,,,,,,,,,,5,2,1,1.0,5
201400036770,0014-12-09 13:20:00,14,12,9,13,20,830,129,"333, FARAUD LOUIS (BD ET",43.09685,5.83821,Plein jour,En agglomération,Hors intersection,Normale,Autre collision,,,,,,,,,,,1,2,1,1.0,6
201400036771,0014-12-14 14:50:00,14,12,14,14,50,830,129,"683, LERY (BOULEVARD DE)",43.11496,5.84887,Plein jour,En agglomération,Hors intersection,Normale,Sans collision,,,,,,,,,,,1,2,1,1.0,7
201400036772,0014-12-17 20:30:00,14,12,17,20,30,830,129,"202, CROS DE BOYER (RUE)",43.10888,5.82159,Nuit avec éclairage allumé,En agglomération,Hors intersection,Normale,Deux véhicules - arrière,,,,,,,,,,,5,2,1,1.0,2
201400036773,0014-12-23 17:10:00,14,12,23,17,10,830,123,"131, DEUXIEME SPAHIS (AV",43.12001,5.8025,Nuit avec éclairage allumé,En agglomération,Hors intersection,Normale,Autre collision,,,,,,,,,,,5,2,1,1.0,6
201400036774,0014-12-31 14:40:00,14,12,31,14,40,830,129,"750, DE GAULLE (PROMENAD",,,Plein jour,En agglomération,Hors intersection,Normale,Deux véhicules - côté,,,,,,,,,,,1,2,1,1.0,3
201400036775,0014-01-02 15:50:00,14,1,2,15,50,830,126,"65, GAGARINE (AV YOURI)",,,Plein jour,En agglomération,Intersection en X,Normale,Deux véhicules - côté,,,,,,,,,,,1,2,2,1.0,3
201400036776,0014-01-24 18:20:00,14,1,24,18,20,830,126,LAGOUBRAN AUX PLAYES (CH,,,Nuit sans éclairage public,En agglomération,Hors intersection,Normale,Deux véhicules - côté,,,,,,,,,,,3,2,1,1.0,3
201400036777,0014-01-30 16:00:00,14,1,30,16,0,830,126,Ytzhak RABIN - D63,,,Plein jour,En agglomération,Hors intersection,Pluie forte,Deux véhicules - frontale,,,,,,,,,,,1,2,1,3.0,1
201400036778,0014-02-11 08:50:00,14,2,11,8,50,830,126,LAMARQUE (AV JEAN ALBERT,,,Plein jour,En agglomération,Hors intersection,Normale,Autre collision,,,,,,,,,,,1,2,1,1.0,6
201400036779,0014-02-13 18:25:00,14,2,13,18,25,830,126,ECHANGEUR D'OLLIOULES,43.12037,5.85307,Nuit sans éclairage public,En agglomération,Giratoire,Normale,Autre collision,,,,,,,,,,,3,2,6,1.0,6
201400036780,0014-02-20 15:55:00,14,2,20,15,55,830,126,MERLE (BD TOUSSAINT),43.10128,5.89182,Plein jour,En agglomération,Giratoire,Temps éblouissant,Deux véhicules - côté,,,,,,,,,,,1,2,6,7.0,3
201400036781,0014-03-09 15:45:00,14,3,9,15,45,830,126,MERLE (BD TOUSSAINT),43.10012,5.88523,Plein jour,En agglomération,Intersection en X,Normale,Deux véhicules - côté,,,,,,,,,,,1,2,2,1.0,3
201400036782,0014-03-14 07:45:00,14,3,14,7,45,830,126,GOUNOD (RUE CHARLES),43.10191,5.87629,Plein jour,En agglomération,Intersection en T,Normale,Autre collision,,,,,,,,,,,1,2,3,1.0,6
201400036783,0014-03-22 20:30:00,14,3,22,20,30,830,126,PERI (QUAI GABRIEL),43.10101,5.88286,Nuit avec éclairage allumé,En agglomération,Hors intersection,Pluie légère,Trois véhicules et plus - collisions multiples,,,,,,,,,,,5,2,1,2.0,5
201400036784,0014-03-26 19:25:00,14,3,26,19,25,830,126,"655, ALLENDE (AV)",,,Nuit avec éclairage allumé,En agglomération,Hors intersection,Normale,Deux véhicules - frontale,,,,,,,,,,,5,2,1,1.0,1
201400036785,0014-04-04 17:35:00,14,4,4,17,35,830,126,LAMARQUE (AV JEAN ALBERT,,,Plein jour,En agglomération,Hors intersection,Normale,Autre collision,,,,,,,,,,,1,2,1,1.0,6
201400036786,0014-04-04 13:22:00,14,4,4,13,22,830,126,Ytzhak Rabin - D18,,,Plein jour,En agglomération,Hors intersection,Normale,Autre collision,,,,,,,,,,,1,2,1,1.0,6
201400036787,0014-04-12 21:55:00,14,4,12,21,55,830,126,"450, ALLENDE (AV. SALVAD",,,Nuit avec éclairage allumé,En agglomération,Intersection en T,Normale,Deux véhicules - côté,,,,,,,,,,,5,2,3,1.0,3
201400036788,0014-05-05 01:00:00,14,5,5,1,0,830,126,"300, GIOVANNINI (CORN)",43.10235,5.89714,Nuit avec éclairage allumé,En agglomération,Giratoire,Normale,Autre collision,,,,,,,,,,,5,2,6,1.0,6
201400036789,0014-05-16 16:33:00,14,5,16,16,33,830,126,"135, DE GAULLE (AV CHARL",,,Plein jour,En agglomération,Hors intersection,Normale,Deux véhicules - côté,,,,,,,,,,,1,2,1,1.0,3
201400036790,0014-07-03 19:27:00,14,7,3,19,27,830,126,MERLE (BD TOUSSAINT),43.1006,5.88798,Plein jour,En agglomération,Hors intersection,Normale,Deux véhicules - arrière,,,,,,,,,,,1,2,1,1.0,2
201400036791,0014-07-03 08:30:00,14,7,3,8,30,830,126,BRUN (AV ROBERT),43.11628,5.87264,Crépuscule ou aube,En agglomération,Hors intersection,Temps éblouissant,Deux véhicules - arrière,,,,,,,,,,,2,2,1,7.0,2
201400036792,0014-07-04 01:50:00,14,7,4,1,50,830,126,"732, ANCIENS COMBATANTS",,,Nuit avec éclairage allumé,En agglomération,Hors intersection,Normale,Sans collision,,,,,,,,,,,5,2,1,1.0,7
201400036793,0014-07-19 20:15:00,14,7,19,20,15,830,126,"1014, RENOIR (AV AUGUSTE",,,Plein jour,En agglomération,Hors intersection,Normale,Deux véhicules - côté,,,,,,,,,,,1,2,1,1.0,3
201400036794,0014-07-31 11:15:00,14,7,31,11,15,830,126,"380, LAMARQUE (AV JEAN A",43.10996,5.86005,Plein jour,En agglomération,Hors intersection,Normale,Autre collision,,,,,,,,,,,1,2,1,1.0,6
201400036795,0014-09-02 08:35:00,14,9,2,8,35,830,126,Ytzhak RABIN - D63,43.11227,5.86601,Plein jour,En agglomération,Intersection en X,Normale,Deux véhicules - côté,,,,,,,,,,,1,2,2,1.0,3
201400036796,0014-09-06 18:05:00,14,9,6,18,5,830,126,DONICARDE (CHEMIN DE),43.09551,5.86559,Plein jour,En agglomération,Hors intersection,Normale,Sans collision,,,,,,,,,,,1,2,1,1.0,7
201400036797,0014-09-14 14:30:00,14,9,14,14,30,830,126,LA SEYNE A BASTIAN (CHEM,43.08863,5.85968,Plein jour,En agglomération,Hors intersection,Normale,Deux véhicules - frontale,,,,,,,,,,,1,2,1,1.0,1
201400036798,0014-10-06 09:50:00,14,10,6,9,50,830,126,BRUN (AV ROBERT),43.11787,5.85451,Plein jour,En agglomération,Hors intersection,Normale,Deux véhicules - côté,,,,,,,,,,,1,2,1,1.0,3
201400036799,0014-10-16 11:02:00,14,10,16,11,2,830,126,"0, MAUVEOU (CHEMIN DE)",43.08508,5.86651,Plein jour,En agglomération,Hors intersection,Normale,Deux véhicules - arrière,,,,,,,,,,,1,2,1,1.0,2
201400036800,0014-10-29 12:40:00,14,10,29,12,40,830,126,GENDARMES D'OUVEA ( ROUT,,,Plein jour,En agglomération,Hors intersection,Normale,Deux véhicules - frontale,,,,,,,,,,,1,2,1,1.0,1
201400036801,0014-10-31 23:10:00,14,10,31,23,10,830,126,"93, ARMANDO (AV. ESPRIT)",43.09855,5.89745,Nuit avec éclairage allumé,En agglomération,Hors intersection,Normale,Autre collision,,,,,,,,,,,5,2,1,1.0,6
201400036802,0014-11-02 20:20:00,14,11,2,20,20,830,126,"317, PACHA (CORNICHE MIC",43.09343,5.90645,Nuit avec éclairage allumé,En agglomération,Hors intersection,Normale,Sans collision,,,,,,,,,,,5,2,1,1.0,7
201400036803,0014-12-16 18:05:00,14,12,16,18,5,830,153,MARIE FLICHE BERGIS (AV),43.07457,5.90955,Nuit sans éclairage public,En agglomération,Hors intersection,Normale,Autre collision,,,,,,,,,,,3,2,1,1.0,6
201400036804,0014-12-17 11:30:00,14,12,17,11,30,830,126,"291, Pablo Neruda",,,Plein jour,En agglomération,Hors intersection,Normale,Autre collision,,,,,,,,,,,1,2,1,1.0,6
201400036805,0014-12-13 09:40:00,14,12,13,9,40,830,126,ALLENDE (AV. SALVADOR),,,Plein jour,En agglomération,Hors intersection,Normale,Deux véhicules - côté,,,,,,,,,,,1,2,1,1.0,3
201400036806,0014-01-01 01:40:00,14,1,1,1,40,830,137,"0, BIR-HAKEIM (ROND POIN",,,Nuit avec éclairage allumé,En agglomération,Hors intersection,Normale,Trois véhicules et plus - collisions multiples,,,,,,,,,,,5,2,1,1.0,5
201400036807,0014-01-03 19:15:00,14,1,3,19,15,830,137,BLERIOT (AVE LOUIS),43.14087,5.91053,Nuit avec éclairage allumé,En agglomération,Hors intersection,Normale,Autre collision,,,,,,,,,,,5,2,1,1.0,6
201400036808,0014-01-15 00:35:00,14,1,15,0,35,830,137,"286, ABEL (BD J-B)",43.11639,5.96452,Nuit avec éclairage allumé,En agglomération,Hors intersection,Normale,Autre collision,,,,,,,,,,,5,2,1,1.0,6
201400036809,0014-01-08 08:15:00,14,1,8,8,15,830,137,SAINTE CLAIRE DEVILLE (R,43.12674,5.97668,Plein jour,En agglomération,Hors intersection,Normale,Deux véhicules - côté,,,,,,,,,,,1,2,1,1.0,3
201400036810,0014-01-09 16:35:00,14,1,9,16,35,830,137,REPUBLIQUE (AVE DE LA),43.12031,5.93215,Plein jour,En agglomération,Hors intersection,Normale,Autre collision,,,,,,,,,,,1,2,1,1.0,6
201400036811,0014-01-10 20:20:00,14,1,10,20,20,830,137,BERNARD (RUE  LT COLONEL,43.12786,5.91431,Nuit avec éclairage allumé,En agglomération,Hors intersection,Normale,Autre collision,,,,,,,,,,,5,2,1,1.0,6
201400036812,0014-01-15 16:50:00,14,1,15,16,50,830,137,STRASBOURG (BD DE ),,,Plein jour,En agglomération,Hors intersection,Normale,Autre collision,,,,,,,,,,,1,2,1,1.0,6
201400036813,0014-01-16 07:30:00,14,1,16,7,30,830,137,RUE ST BERNARD,43.12216,5.93675,Nuit avec éclairage allumé,En agglomération,Hors intersection,Pluie forte,Autre collision,,,,,,,,,,,5,2,1,3.0,6
201400036814,0014-01-16 18:45:00,14,1,16,18,45,830,137,BERTHIER (RUE),43.12412,5.95209,Nuit avec éclairage allumé,En agglomération,Intersection en T,Pluie forte,Autre collision,,,,,,,,,,,5,2,3,3.0,6
201400036815,0014-01-17 15:35:00,14,1,17,15,35,830,62,FRERES LUMIERES (RUE DES,43.14117,6.03166,Plein jour,En agglomération,Hors intersection,Normale,Autre collision,,,,,,,,,,,1,2,1,1.0,6
201400036816,0014-01-20 18:45:00,14,1,20,18,45,830,62,PLANTADES (CHEMIN DES),43.14294,6.02258,Nuit sans éclairage public,Hors agglomération,Hors intersection,Temps couvert,Autre collision,,,,,,,,,,,3,1,1,8.0,6
201400036817,0014-01-20 23:00:00,14,1,20,23,0,830,62,"1, PAIX (AVENUE DE LA)",,,Nuit avec éclairage allumé,En agglomération,Intersection en X,Normale,Deux véhicules - côté,,,,,,,,,,,5,2,2,1.0,3
201400036818,0014-01-21 08:35:00,14,1,21,8,35,830,144,LUMIERE (AVE DES FRERES),43.13623,6.00015,Plein jour,En agglomération,Hors intersection,Normale,Deux véhicules - arrière,,,,,,,,,,,1,2,1,1.0,2
201400036819,0014-01-21 16:00:00,14,1,21,16,0,830,144,"254, DEBUSSY (RUE CLAUDE",43.13152,5.98848,Plein jour,En agglomération,Intersection en T,Normale,Autre collision,,,,,,,,,,,1,2,3,1.0,6
201400036820,0014-01-17 08:30:00,14,1,17,8,30,830,137,"846, PICOT (AVE DU COL)",,,Plein jour,En agglomération,Hors intersection,Pluie légère,Autre collision,,,,,,,,,,,1,2,1,2.0,6
201400036821,0014-01-25 11:20:00,14,1,25,11,20,830,98,MOULIN (AVENUE JEAN),43.11025,6.01658,Plein jour,En agglomération,Hors intersection,Normale,Trois véhicules et plus - en chaîne,,,,,,,,,,,1,2,1,1.0,4
201400036822,0014-01-27 14:30:00,14,1,27,14,30,830,144,DEPARTEMENTALE 46 (CHEMI,,,Plein jour,En agglomération,Hors intersection,Normale,Deux véhicules - côté,,,,,,,,,,,1,2,1,1.0,3
201400036823,0014-01-18 19:00:00,14,1,18,19,0,830,137,GASSENDI (BD),43.12034,5.94908,Nuit avec éclairage non allumé,En agglomération,Intersection en X,Temps couvert,Sans collision,,,,,,,,,,,4,2,2,8.0,7
201400036824,0014-01-24 18:30:00,14,1,24,18,30,830,137,"621, JOFFRE (BD)",,,Nuit avec éclairage allumé,En agglomération,Hors intersection,Normale,Deux véhicules - côté,,,,,,,,,,,5,2,1,1.0,3
201400036825,0014-02-08 11:45:00,14,2,8,11,45,830,62,DE LATTRE DE TASSIGNY (A,,,Plein jour,Hors agglomération,Hors intersection,Normale,Deux véhicules - arrière,,,,,,,,,,,1,1,1,1.0,2
201400036826,0014-02-13 16:55:00,14,2,13,16,55,830,98,GEN BROSSET (AV du),,,Plein jour,En agglomération,Hors intersection,Normale,Deux véhicules - arrière,,,,,,,,,,,1,2,1,1.0,2
201400036827,0014-02-12 17:45:00,14,2,12,17,45,830,137,"0, BROSSET (BD GENERAL)",,,Plein jour,En agglomération,Hors intersection,Normale,Deux véhicules - côté,,,,,,,,,,,1,2,1,1.0,3
201400036828,0014-02-15 14:05:00,14,2,15,14,5,830,137,"48, FOCH (AVENUE)",,,Plein jour,En agglomération,Hors intersection,Temps couvert,Autre collision,,,,,,,,,,,1,2,1,8.0,6