accident_id,datetime,annee,mois,jour,heure,minute,departement,commune_insee,adresse,latitude,longitude,luminosite,agglomeration,intersection,meteo,collision,nb_vehicules,nb_usagers,nb_indemnes,nb_tues,nb_blesses_hosp,nb_blesses_legers,age_cond_1,age_cond_2,veh_type_cond_1,veh_type_cond_2,lum_code,agg_code,int_code,atm_code,col_code
201400036953,0014-08-22 07:50:00,14,8,22,7,50,830,90,"0, NATIONALE 8 (ROUTE)",,,Plein jour,En agglomération,Hors intersection,Normale,Sans collision,,,,,,,,,,,1,2,1,1.0,7
201400036954,0014-08-27 20:35:00,14,8,27,20,35,830,137,"0, TOESCA (BD PIERRE)",43.12813,5.92911,Nuit avec éclairage non allumé,En agglomération,Hors intersection,Normale,Autre collision,,,,,,,,,,,4,2,1,1.0,6
201400036955,0014-08-28 18:55:00,14,8,28,18,55,830,62,"0, QUATRE (CHEMIN)",,,Plein jour,Hors agglomération,Intersection en Y,Normale,Deux véhicules - arrière,,,,,,,,,,,1,1,4,1.0,2
201400036956,0014-08-27 17:55:00,14,8,27,17,55,830,137,BONAPARTE (ROND POINT DU,43.1177,5.93594,Plein jour,En agglomération,Hors intersection,Normale,Deux véhicules - côté,,,,,,,,,,,1,2,1,1.0,3
201400036957,0014-09-03 14:45:00,14,9,3,14,45,830,62,PAIX (AVENUE DE LA),,,Plein jour,En agglomération,Hors intersection,Normale,Deux véhicules - côté,,,,,,,,,,,1,2,1,1.0,3
201400036958,0014-08-28 19:15:00,14,8,28,19,15,830,137,"577, GOURAUD (AVE GENERA",,,Plein jour,En agglomération,Intersection en X,Normale,Deux véhicules - arrière,,,,,,,,,,,1,2,2,1.0,2
201400036959,0014-09-06 00:50:00,14,9,6,0,50,830,62,"0, LURCAT (AVENUE ANDRE)",43.13881,6.02134,Nuit avec éclairage non allumé,Hors agglomération,Hors intersection,Normale,Autre collision,,,,,,,,,,,4,1,1,1.0,6
201400036960,0014-09-07 16:00:00,14,9,7,16,0,830,137,CAMUS (AVE ALBERT),43.13143,5.88191,Plein jour,En agglomération,Giratoire,Normale,Autre collision,,,,,,,,,,,1,2,6,1.0,6
201400036961,0014-09-01 13:40:00,14,9,1,13,40,830,137,PICOT (AVE DU COLONEL),,,Plein jour,En agglomération,Hors intersection,Normale,Deux véhicules - côté,,,,,,,,,,,1,2,1,1.0,3
201400036962,0014-09-11 19:10:00,14,9,11,19,10,830,137,"0, WEYGAND (AVE GENERAL)",,,Plein jour,En agglomération,Hors intersection,Normale,Deux véhicules - arrière,,,,,,,,,,,1,2,1,1.0,2
201400036963,0014-08-20 16:30:00,14,8,20,16,30,830,137,"0, PICOT (AVE DU COLONEL",,,Plein jour,En agglomération,Hors intersection,Normale,Autre collision,,,,,,,,,,,1,2,1,1.0,6
201400036964,0014-09-11 18:35:00,14,9,11,18,35,830,90,"0, MONNET (AVE JEAN)",,,Plein jour,Hors agglomération,Hors intersection,Normale,Trois véhicules et plus - en chaîne,,,,,,,,,,,1,1,1,1.0,4
201400036965,0014-09-12 07:45:00,14,9,12,7,45,830,137,PICOT (AVE DU COLONEL),,,Plein jour,En agglomération,Intersection en T,Normale,Deux véhicules - côté,,,,,,,,,,,1,2,3,1.0,3
201400036966,0014-09-14 16:10:00,14,9,14,16,10,830,137,AVE DU 15EME CORPS,43.12848,5.91575,Plein jour,En agglomération,Intersection en T,Normale,Deux véhicules - côté,,,,,,,,,,,1,2,3,1.0,3
201400036967,0014-09-14 17:10:00,14,9,14,17,10,830,62,"1416, HOUOT (AVENUE CDT",,,Plein jour,En agglomération,Intersection en T,Normale,Deux véhicules - côté,,,,,,,,,,,1,2,3,1.0,3
201400036968,0014-09-17 11:52:00,14,9,17,11,52,830,144,"0, CHAR VERDUN (AVE DU)",43.13815,5.98449,Plein jour,En agglomération,Hors intersection,Normale,Autre collision,,,,,,,,,,,1,2,1,1.0,6
201400036969,0014-09-16 06:20:00,14,9,16,6,20,830,137,"0, NOGUES (AVE DU GENERA",43.12747,5.91975,Crépuscule ou aube,En agglomération,Intersection à plus de 4 branches,Normale,Deux véhicules - arrière,,,,,,,,,,,2,2,5,1.0,2
201400036970,0014-09-16 21:23:00,14,9,16,21,23,830,62,"1626, GANCE (AVENUE ABEL",,,Nuit avec éclairage allumé,En agglomération,Hors intersection,Normale,Sans collision,,,,,,,,,,,5,2,1,1.0,7
201400036971,0014-09-17 13:05:00,14,9,17,13,5,830,137,"62, ALEZARD (RUE)",43.12278,5.93426,Plein jour,En agglomération,Hors intersection,Normale,Autre collision,,,,,,,,,,,1,2,1,1.0,6
201400036972,0014-09-18 18:30:00,14,9,18,18,30,830,137,"0, BROSSET (BD GENERAL)",,,Plein jour,En agglomération,Intersection en X,Normale,Deux véhicules - frontale,,,,,,,,,,,1,2,2,1.0,1
201400036973,0014-09-19 18:00:00,14,9,19,18,0,830,137,"1930, CD 46",,,Plein jour,Hors agglomération,Hors intersection,Temps couvert,Autre collision,,,,,,,,,,,1,1,1,8.0,6
201400036974,0014-09-06 11:45:00,14,9,6,11,45,830,137,"2, DAUDET (RUE ALPHONSE)",43.12138,5.93868,Plein jour,En agglomération,Hors intersection,Normale,Deux véhicules - arrière,,,,,,,,,,,1,2,1,1.0,2
201400036975,0014-09-13 09:45:00,14,9,13,9,45,830,137,"210, JONQUET (CHEMIN)",43.13925,5.91114,Plein jour,En agglomération,Hors intersection,Temps éblouissant,Sans collision,,,,,,,,,,,1,2,1,7.0,7
201400036976,0014-09-22 08:10:00,14,9,22,8,10,830,137,"334, CUNEO (BD DOCTEUR)",43.10696,5.93507,Plein jour,En agglomération,Hors intersection,Normale,Deux véhicules - arrière,,,,,,,,,,,1,2,1,1.0,2
201400036977,0014-09-23 16:15:00,14,9,23,16,15,830,90,"2229, FAVEYROLLES (ROUTE",,,Plein jour,En agglomération,Hors intersection,Normale,Deux véhicules - côté,,,,,,,,,,,1,2,1,1.0,3
201400036978,0014-09-13 08:30:00,14,9,13,8,30,830,90,"1, SANARY (ROUTE DE)",,,Plein jour,Hors agglomération,Hors intersection,Normale,Deux véhicules - frontale,,,,,,,,,,,1,1,1,1.0,1
201400036979,0014-09-13 18:30:00,14,9,13,18,30,830,90,"0, MONNET (AVE JEAN)",,,Plein jour,En agglomération,Hors intersection,Normale,Autre collision,,,,,,,,,,,1,2,1,1.0,6
201400036980,0014-09-14 16:20:00,14,9,14,16,20,830,137,"0, CHURCHILL (AVE WINSTO",43.1244,5.92612,Plein jour,En agglomération,Intersection en X,Normale,Deux véhicules - côté,,,,,,,,,,,1,2,2,1.0,3
201400036981,0014-09-25 17:30:00,14,9,25,17,30,830,137,"0, PLAISANCE (CHEMIN DE)",43.13142,5.91813,Plein jour,En agglomération,Hors intersection,Normale,Autre collision,,,,,,,,,,,1,2,1,1.0,6
201400036982,0014-10-04 02:55:00,14,10,4,2,55,830,144,"0, UNIVERSITE (AVE DE L'",43.13713,6.00321,Nuit avec éclairage allumé,En agglomération,Giratoire,Normale,Sans collision,,,,,,,,,,,5,2,6,1.0,7
201400036983,0014-10-06 10:30:00,14,10,6,10,30,830,62,"0, PLANQUETTE (CHEMIN DE",43.13098,6.02391,Plein jour,En agglomération,Hors intersection,Normale,Autre collision,,,,,,,,,,,1,2,1,1.0,6
201400036984,0014-10-08 08:35:00,14,10,8,8,35,830,137,"0, MALON (AVE BENOIT)",43.12336,5.95507,Plein jour,En agglomération,Hors intersection,Normale,Autre collision,,,,,,,,,,,1,2,1,1.0,6
201400036985,0014-10-08 17:05:00,14,10,8,17,5,830,90,"0, NATIONALE 8 (ROUTE)",,,Plein jour,Hors agglomération,Hors intersection,Normale,Autre collision,,,,,,,,,,,1,1,1,1.0,6
201400036986,0014-10-21 15:45:00,14,10,21,15,45,830,137,"0, SAINT BERNARD (RUE /",43.12219,5.93676,Plein jour,En agglomération,Hors intersection,Normale,Autre collision,,,,,,,,,,,1,2,1,1.0,6
201400036987,0014-10-27 15:10:00,14,10,27,15,10,830,144,BROSSOLETTE (AVE PIERRE),43.13759,5.98751,Plein jour,En agglomération,Hors intersection,Normale,Autre collision,,,,,,,,,,,1,2,1,1.0,6
201400036988,0014-10-17 07:15:00,14,10,17,7,15,830,144,MIRASOULEOU (AVE),43.13551,5.97786,Plein jour,En agglomération,Giratoire,Normale,Deux véhicules - côté,,,,,,,,,,,1,2,6,1.0,3
201400036989,0014-10-23 20:52:00,14,10,23,20,52,830,98,"151, JAURES (BD JEAN)",,,Nuit avec éclairage allumé,En agglomération,Hors intersection,Normale,Deux véhicules - arrière,,,,,,,,,,,5,2,1,1.0,2
201400036990,0014-10-02 19:05:00,14,10,2,19,5,830,144,CARREFOUR  (GRANDE SURFA,43.14005,6.01631,Crépuscule ou aube,En agglomération,Hors intersection,Normale,Autre collision,,,,,,,,,,,2,2,1,1.0,6
201400036991,0014-10-18 09:00:00,14,10,18,9,0,830,144,11 NOVEMBRE 1918 (AVE DU,,,Plein jour,Hors agglomération,Hors intersection,Normale,Autre collision,,,,,,,,,,,1,1,1,1.0,6
201400036992,0014-08-16 05:00:00,14,8,16,5,0,830,98,PREMIERE (D.F.L),,,Nuit avec éclairage allumé,En agglomération,Giratoire,Normale,Sans collision,,,,,,,,,,,5,2,6,1.0,7
201400036993,0014-10-19 01:55:00,14,10,19,1,55,830,137,"3546, MARSEILLE (ROUTE D",,,Nuit avec éclairage allumé,En agglomération,Hors intersection,Normale,Autre collision,,,,,,,,,,,5,2,1,1.0,6
201400036994,0014-10-14 10:45:00,14,10,14,10,45,830,90,COLETTA (CHEMIN RAOUL),,,Plein jour,Hors agglomération,Intersection en T,Temps couvert,Deux véhicules - côté,,,,,,,,,,,1,1,3,8.0,3
201400036995,0014-10-29 16:15:00,14,10,29,16,15,830,137,"444, TEMPLE (CHEMIN DU)",43.13592,5.90815,Plein jour,En agglomération,Hors intersection,Normale,Autre collision,,,,,,,,,,,1,2,1,1.0,6
201400036996,0014-11-01 17:05:00,14,11,1,17,5,830,137,"0, STRASBOURG (BD DE )",,,Plein jour,En agglomération,Hors intersection,Normale,Deux véhicules - arrière,,,,,,,,,,,1,2,1,1.0,2
201400036997,0014-11-03 10:50:00,14,11,3,10,50,830,137,"0, DESCARTES (RUE / AVE)",43.12694,5.89469,Plein jour,En agglomération,Hors intersection,Pluie légère,Deux véhicules - côté,,,,,,,,,,,1,2,1,2.0,3
201400036998,0014-11-05 14:45:00,14,11,5,14,45,830,90,"2027, MONNET (AVE JEAN)",,,Plein jour,En agglomération,Hors intersection,Normale,Autre collision,,,,,,,,,,,1,2,1,1.0,6
201400036999,0014-11-07 07:55:00,14,11,7,7,55,830,137,"0, BRIAND (AVE ARISTIDE",43.12414,5.89606,Plein jour,En agglomération,Hors intersection,Normale,Trois véhicules et plus - en chaîne,,,,,,,,,,,1,2,1,1.0,4
201400037000,0014-11-09 08:30:00,14,11,9,8,30,830,90,"0, CAMP LAURENT (CHEMIN",43.12274,5.86278,Plein jour,Hors agglomération,Hors intersection,Pluie légère,Deux véhicules - frontale,,,,,,,,,,,1,1,1,2.0,1
201400037001,0014-10-16 21:30:00,14,10,16,21,30,830,137,"314, FOCH (AVE DU MARECH",,,Nuit avec éclairage allumé,En agglomération,Hors intersection,Normale,Deux véhicules - côté,,,,,,,,,,,5,2,1,1.0,3
201400037002,0014-11-12 16:40:00,14,11,12,16,40,830,137,CAMUS (AVE ALBERT),43.12945,5.88173,Plein jour,En agglomération,Hors intersection,Normale,Deux véhicules - arrière,,,,,,,,,,,1,2,1,1.0,2
201400037003,0014-11-13 18:20:00,14,11,13,18,20,830,62,HOUOT (AVENUE CDT),,,Nuit avec éclairage non allumé,En agglomération,Intersection en T,Normale,Trois véhicules et plus - collisions multiples,,,,,,,,,,,4,2,3,1.0,5
201400037004,0014-11-16 13:50:00,14,11,16,13,50,830,90,NATIONALE 8 (ROUTE),,,Plein jour,En agglomération,Intersection en T,Normale,Deux véhicules - côté,,,,,,,,,,,1,2,3,1.0,3
201400037005,0014-11-17 08:45:00,14,11,17,8,45,830,144,CHAR VERDUN (AVE DU),43.13791,5.98288,Plein jour,En agglomération,Hors intersection,Pluie légère,Sans collision,,,,,,,,,,,1,2,1,2.0,7
201400037006,0014-11-19 23:10:00,14,11,19,23,10,830,137,"7, STRASBOURG (BD DE )",,,Nuit avec éclairage allumé,En agglomération,Intersection en T,Normale,Deux véhicules - arrière,,,,,,,,,,,5,2,3,1.0,2
201400037007,0014-11-02 23:30:00,14,11,2,23,30,830,137,CUZIN (AVE FRANCOIS),,,Nuit avec éclairage allumé,En agglomération,Intersection en X,Normale,Deux véhicules - côté,,,,,,,,,,,5,2,2,1.0,3
201400037008,0014-11-23 17:10:00,14,11,23,17,10,830,137,EMERIAU (RUE AMIRAL),43.13191,5.92253,Nuit avec éclairage allumé,En agglomération,Hors intersection,Normale,Sans collision,,,,,,,,,,,5,2,1,1.0,7
201400037009,0014-11-20 09:00:00,14,11,20,9,0,830,137,BROSSET (BD GENERAL),,,Plein jour,En agglomération,Intersection en T,Normale,Deux véhicules - côté,,,,,,,,,,,1,2,3,1.0,3
201400037010,0014-11-20 10:00:00,14,11,20,10,0,830,90,"526, GORGES (ROUTE DES)",,,Plein jour,Hors agglomération,Hors intersection,Normale,Autre collision,,,,,,,,,,,1,1,1,1.0,6
201400037011,0014-11-27 08:55:00,14,11,27,8,55,830,137,CHARCOT (QUAI JEAN),43.12663,5.89796,Plein jour,Hors agglomération,Hors intersection,Pluie légère,Deux véhicules - côté,,,,,,,,,,,1,1,1,2.0,3
201400037012,0014-11-29 20:00:00,14,11,29,20,0,830,137,"0, MAGNAN (AVE GENERAL)",43.12315,5.92895,Nuit avec éclairage allumé,En agglomération,Hors intersection,Pluie légère,Deux véhicules - côté,,,,,,,,,,,5,2,1,2.0,3
201400037013,0014-12-02 12:20:00,14,12,2,12,20,830,144,VALERY (AVE PAUL),43.12933,5.9899,Plein jour,En agglomération,Hors intersection,Normale,Deux véhicules - frontale,,,,,,,,,,,1,2,1,1.0,1
201400037014,0014-12-08 13:25:00,14,12,8,13,25,830,137,"0, JUIN (AVE ALPHONSE)",43.12134,5.94222,Plein jour,En agglomération,Hors intersection,Normale,Autre collision,,,,,,,,,,,1,2,1,1.0,6
201400037015,0014-12-10 08:35:00,14,12,10,8,35,830,137,"0, NICOLAS (BD COMMANDAN",43.12652,5.9359,Plein jour,En agglomération,Hors intersection,Normale,Autre collision,,,,,,,,,,,1,2,1,1.0,6
201400037016,0014-12-05 09:40:00,14,12,5,9,40,830,62,"0, FERRY (RUE ET AVENUE",43.12576,6.01604,Plein jour,En agglomération,Hors intersection,Pluie légère,Autre collision,,,,,,,,,,,1,2,1,2.0,6
201400037017,0014-12-08 15:20:00,14,12,8,15,20,830,137,"0, LECLERC (AVE GENERAL)",,,Plein jour,En agglomération,Hors intersection,Normale,Deux véhicules - côté,,,,,,,,,,,1,2,1,1.0,3
201400037018,0014-12-29 19:20:00,14,12,29,19,20,830,137,"0, PICOT (AVE DU COLONEL",,,Nuit avec éclairage allumé,En agglomération,Intersection en T,Normale,Sans collision,,,,,,,,,,,5,2,3,1.0,7
201400037019,0014-12-11 14:50:00,14,12,11,14,50,830,137,BRIAND (AVE ARISTIDE DE,43.12496,5.89662,Plein jour,En agglomération,Hors intersection,Normale,Deux véhicules - côté,,,,,,,,,,,1,2,1,1.0,3
201400037020,0014-12-12 13:45:00,14,12,12,13,45,830,144,TREMOLIERES (AVE),43.13608,5.9832,Plein jour,En agglomération,Intersection en X,Normale,Autre collision,,,,,,,,,,,1,2,2,1.0,6
201400037021,0014-12-18 07:20:00,14,12,18,7,20,830,137,"207, GOURAUD (AVE GEN)",,,Plein jour,En agglomération,Hors intersection,Normale,Autre collision,,,,,,,,,,,1,2,1,1.0,6
201400037022,0014-12-19 19:20:00,14,12,19,19,20,830,137,"0, MALON (AVE BENOIT)",43.12226,5.95555,Nuit sans éclairage public,En agglomération,Intersection en X,Normale,Deux véhicules - côté,,,,,,,,,,,3,2,2,1.0,3
201400037023,0014-12-26 15:20:00,14,12,26,15,20,830,137,MAGNAN (AVE GENERAL),43.12316,5.92898,Plein jour,En agglomération,Hors intersection,Normale,Deux véhicules - côté,,,,,,,,,,,1,2,1,1.0,3
201400037024,0014-12-29 11:00:00,14,12,29,11,0,830,90,"1470, GROS CERVEAU (ROUT",,,Plein jour,Hors agglomération,Hors intersection,Normale,Deux véhicules - frontale,,,,,,,,,,,1,1,1,1.0,1
201400037025,0014-12-31 18:20:00,14,12,31,18,20,830,62,VIEUX CH.DE STE MUSSE,43.12254,5.98616,Nuit avec éclairage allumé,En agglomération,Hors intersection,Pluie légère,Deux véhicules - côté,,,,,,,,,,,5,2,1,2.0,3
201400037026,0014-12-23 09:25:00,14,12,23,9,25,830,137,"370, CUNEO (BD DOCTEUR)",43.10685,5.93557,Plein jour,En agglomération,Intersection en Y,Normale,Autre collision,,,,,,,,,,,1,2,4,1.0,6
201400037027,0014-12-12 18:55:00,14,12,12,18,55,830,137,"0, BON RENCONTRE (ROND P",,,Nuit avec éclairage allumé,En agglomération,Hors intersection,Temps couvert,Autre collision,,,,,,,,,,,5,2,1,8.0,6
201400037028,0014-12-30 16:30:00,14,12,30,16,30,830,137,"0, PICOT (AVE DU COLONEL",,,Plein jour,En agglomération,Intersection en T,Normale,Deux véhicules - côté,,,,,,,,,,,1,2,3,1.0,3
201400037029,0014-01-26 01:20:00,14,1,26,1,20,830,137,BAOU DE 4 HEURES (CHEMIN,,,Nuit avec éclairage allumé,En agglomération,Hors intersection,Normale,Autre collision,,,,,,,,,,,5,2,1,1.0,6
201400037030,0014-10-22 17:45:00,14,10,22,17,45,840,7,"1, COUBERTIN (AV.Pierre",,,Plein jour,En agglomération,Hors intersection,Normale,Autre collision,,,,,,,,,,,1,2,1,1.0,6
201400037031,0014-01-10 08:50:00,14,1,10,8,50,840,7,VERTES RIVES (Avenue des,,,Plein jour,En agglomération,Hors intersection,Normale,Autre collision,,,,,,,,,,,1,2,1,1.0,6
201400037032,0014-01-13 06:35:00,14,1,13,6,35,840,7,"01, DEUX ROUTES ( Avenue",,,Nuit avec éclairage allumé,En agglomération,Hors intersection,Normale,Autre collision,,,,,,,,,,,5,2,1,1.0,6
201400037033,0014-01-16 08:05:00,14,1,16,8,5,840,7,"10, LYON (route de )",,,Plein jour,En agglomération,Autre intersection,Normale,Trois véhicules et plus - collisions multiples,,,,,,,,,,,1,2,9,1.0,5
201400037034,0014-01-18 20:38:00,14,1,18,20,38,840,7,TRILLADE (avenue de la ),,,Nuit avec éclairage allumé,En agglomération,Intersection en X,Pluie forte,Deux véhicules - côté,,,,,,,,,,,5,2,2,3.0,3
201400037035,0014-01-18 10:30:00,14,1,18,10,30,840,7,"2, PETITE MEUSE (Rue)",,,Plein jour,En agglomération,Hors intersection,Normale,Autre collision,,,,,,,,,,,1,2,1,1.0,6
201400037036,0014-01-16 06:00:00,14,1,16,6,0,840,7,Pierre BOULLE,,,Crépuscule ou aube,En agglomération,Intersection en X,Pluie légère,Deux véhicules - côté,,,,,,,,,,,2,2,2,2.0,3
201400037037,0014-02-23 05:25:00,14,2,23,5,25,840,7,C.De GAULLE (Rocade),,,Crépuscule ou aube,En agglomération,Hors intersection,Normale,Deux véhicules - arrière,,,,,,,,,,,2,2,1,1.0,2
201400037038,0014-02-18 15:00:00,14,2,18,15,0,840,7,LIMBERT (Boulevard),,,Plein jour,En agglomération,Hors intersection,Normale,Autre collision,,,,,,,,,,,1,2,1,1.0,6
201400037039,0014-03-12 10:45:00,14,3,12,10,45,840,7,CHARLES DE GAULLE,,,Plein jour,En agglomération,Hors intersection,Normale,Trois véhicules et plus - collisions multiples,,,,,,,,,,,1,2,1,1.0,5
201400037040,0014-01-14 20:55:00,14,1,14,20,55,840,7,C.De GAULLE (Rocade),,,Nuit avec éclairage allumé,En agglomération,Place,Pluie légère,Deux véhicules - côté,,,,,,,,,,,5,2,7,2.0,3
201400037041,0014-03-19 18:30:00,14,3,19,18,30,840,7,"00, COMBES (chemin des)",,,Plein jour,Hors agglomération,Hors intersection,Autre,Autre collision,,,,,,,,,,,1,1,1,9.0,6
201400037042,0014-02-16 19:05:00,14,2,16,19,5,840,7,"12, MORIERES (Route de )",,,Nuit avec éclairage allumé,En agglomération,Hors intersection,Normale,Deux véhicules - côté,,,,,,,,,,,5,2,1,1.0,3
201400037043,0014-03-16 08:45:00,14,3,16,8,45,840,7,BEL AIR (Route de),,,Plein jour,En agglomération,Hors intersection,Normale,Sans collision,,,,,,,,,,,1,2,1,1.0,7
201400037044,0014-03-26 10:43:00,14,3,26,10,43,840,7,TRILLADE (avenue de la ),,,Plein jour,En agglomération,Hors intersection,Normale,Autre collision,,,,,,,,,,,1,2,1,1.0,6
201400037045,0014-03-31 20:58:00,14,3,31,20,58,840,7,"12, SAINT ROCH (Boulevar",,,Nuit avec éclairage allumé,En agglomération,Hors intersection,Autre,Autre collision,,,,,,,,,,,5,2,1,9.0,6
201400037046,0014-04-05 14:20:00,14,4,5,14,20,840,7,PIERRE SEMARD (avenue),43.93397,4.83164,Plein jour,En agglomération,Intersection en X,Normale,Deux véhicules - côté,,,,,,,,,,,1,2,2,1.0,3
201400037047,0014-04-09 15:00:00,14,4,9,15,0,840,7,MARSEILLE (Route),,,Plein jour,En agglomération,Hors intersection,Normale,Deux véhicules - côté,,,,,,,,,,,1,2,1,1.0,3
201400037048,0014-04-26 06:00:00,14,4,26,6,0,840,7,C.De GAULLE (Rocade),,,Crépuscule ou aube,En agglomération,Autre intersection,Normale,Autre collision,,,,,,,,,,,2,2,9,1.0,6
201400037049,0014-05-04 20:15:00,14,5,4,20,15,840,7,MARSEILLE (Route),43.89493,4.90034,Plein jour,Hors agglomération,Hors intersection,Normale,Deux véhicules - arrière,,,,,,,,,,,1,1,1,1.0,2
201400037050,0014-05-05 23:00:00,14,5,5,23,0,840,7,TARASCON,,,Nuit avec éclairage allumé,En agglomération,Hors intersection,Normale,Deux véhicules - arrière,,,,,,,,,,,5,2,1,1.0,2
201400037051,0014-06-23 10:10:00,14,6,23,10,10,840,7,"13-15, CHARLES DE GAULLE",,,Plein jour,En agglomération,Hors intersection,Normale,Deux véhicules - côté,,,,,,,,,,,1,2,1,1.0,3
201400037052,0014-07-10 00:27:00,14,7,10,0,27,840,7,C.De GAULLE (Rocade),,,Nuit avec éclairage allumé,En agglomération,Hors intersection,Normale,Autre collision,,,,,,,,,,,5,2,1,1.0,6
201400037053,0014-07-25 19:00:00,14,7,25,19,0,840,7,MARSEILLE (Route de ),43.89839,4.89739,Plein jour,Hors agglomération,Hors intersection,Pluie forte,Deux véhicules - arrière,,,,,,,,,,,1,1,1,3.0,2
201400037054,0014-07-02 17:10:00,14,7,2,17,10,840,7,MORIERES (ROUTE DE),,,Plein jour,En agglomération,Intersection en X,Normale,Deux véhicules - côté,,,,,,,,,,,1,2,2,1.0,3
201400037055,0014-09-04 22:57:00,14,9,4,22,57,840,7,PIERRE SEMARD (avenue),43.93874,4.82238,Nuit avec éclairage allumé,En agglomération,Intersection en T,Normale,Deux véhicules - côté,,,,,,,,,,,5,2,3,1.0,3
201400037056,0014-09-27 04:45:00,14,9,27,4,45,840,7,SAINT RUF (Avenue),,,Nuit avec éclairage allumé,En agglomération,Intersection en X,Normale,Deux véhicules - côté,,,,,,,,,,,5,2,2,1.0,3
201400037057,0014-09-24 15:25:00,14,9,24,15,25,840,7,AMANDIER (Avenue de l'),,,Plein jour,En agglomération,Giratoire,Pluie légère,Deux véhicules - côté,,,,,,,,,,,1,2,6,2.0,3
201400037058,0014-10-10 14:30:00,14,10,10,14,30,840,7,", FELONS (Chemin des)",,,Plein jour,En agglomération,Hors intersection,Normale,Deux véhicules - côté,,,,,,,,,,,1,2,1,1.0,3
201400037059,0014-10-11 22:40:00,14,10,11,22,40,840,7,MARSEILLE (Route de ),43.92464,4.85017,Nuit avec éclairage allumé,Hors agglomération,Hors intersection,Normale,Sans collision,,,,,,,,,,,5,1,1,1.0,7
201400037060,0014-10-30 15:15:00,14,10,30,15,15,840,7,C.De GAULLE (Rocade),,,Plein jour,En agglomération,Giratoire,Normale,Deux véhicules - côté,,,,,,,,,,,1,2,6,1.0,3
201400037061,0014-11-17 19:16:00,14,11,17,19,16,840,7,"1, AMANDIER (Avenue de l",,,Nuit avec éclairage allumé,En agglomération,Hors intersection,Normale,Autre collision,,,,,,,,,,,5,2,1,1.0,6
201400037062,0014-10-21 18:33:00,14,10,21,18,33,840,7,SOURDAINE (Chemin de),,,Nuit sans éclairage public,En agglomération,Intersection en X,Normale,Deux véhicules - côté,,,,,,,,,,,3,2,2,1.0,3
201400037063,0014-12-12 05:45:00,14,12,12,5,45,840,7,"1, MARSEILLE (Route de )",,,Nuit avec éclairage allumé,En agglomération,Intersection à plus de 4 branches,Normale,Deux véhicules - côté,,,,,,,,,,,5,2,5,1.0,3
201400037064,0014-12-25 21:10:00,14,12,25,21,10,840,7,"37 ter, SIXTE ISNARD (Bo",,,Nuit avec éclairage allumé,En agglomération,Hors intersection,Normale,Deux véhicules - côté,,,,,,,,,,,5,2,1,1.0,3
201400037065,0014-12-26 05:10:00,14,12,26,5,10,840,7,LYON (route de ),,,Nuit avec éclairage allumé,En agglomération,Hors intersection,Normale,Autre collision,,,,,,,,,,,5,2,1,1.0,6
201400037066,0014-02-20 14:20:00,14,2,20,14,20,840,31,COMTAT VENAISSIN,,,Plein jour,En agglomération,Hors intersection,Normale,Autre collision,,,,,,,,,,,1,2,1,1.0,6
201400037067,0014-07-31 00:40:00,14,7,31,0,40,840,31,"1085, MONT VENTOUX AVENU",,,Nuit avec éclairage allumé,En agglomération,Hors intersection,Normale,Autre collision,,,,,,,,,,,5,2,1,1.0,6
201400037068,0014-08-17 15:00:00,14,8,17,15,0,840,31,LUNEL ARMAND,,,Plein jour,En agglomération,Hors intersection,Normale,Deux véhicules - frontale,,,,,,,,,,,1,2,1,1.0,1
201400037069,0014-10-28 16:50:00,14,10,28,16,50,840,31,MISTRAL AVENUE FREDERIC,,,Crépuscule ou aube,En agglomération,Hors intersection,Normale,Sans collision,,,,,,,,,,,2,2,1,1.0,7
201400037070,0014-11-20 22:00:00,14,11,20,22,0,840,31,"1014, CAROMB ROUTE",,,Nuit sans éclairage public,Hors agglomération,Hors intersection,Temps couvert,Autre collision,,,,,,,,,,,3,1,1,8.0,6
201400037071,0014-11-25 06:55:00,14,11,25,6,55,840,80,CD 942 RTE SARRIANS A RO,,,Crépuscule ou aube,Hors agglomération,Hors intersection,Pluie forte,Autre collision,,,,,,,,,,,2,1,1,3.0,6
201400037072,0014-01-30 14:20:00,14,1,30,14,20,840,35,BONNEBEAU-CR58 (CHEMIN D,,,Plein jour,Hors agglomération,Hors intersection,Pluie légère,Autre collision,,,,,,,,,,,1,1,1,2.0,6
201400037073,0014-02-11 17:30:00,14,2,11,17,30,840,35,MARSEILLE-RD938 (ROUTE D,,,Crépuscule ou aube,Hors agglomération,Hors intersection,Normale,Deux véhicules - arrière,,,,,,,,,,,2,1,1,1.0,2
201400037074,0014-02-13 06:50:00,14,2,13,6,50,840,35,VIDAUQUE-RD234 (ROUTE DE,,,Crépuscule ou aube,Hors agglomération,Hors intersection,Normale,Autre collision,,,,,,,,,,,2,1,1,1.0,6
201400037075,0014-03-07 21:40:00,14,3,7,21,40,840,35,"10, CARNOT (COURS SADI)",,,Nuit avec éclairage allumé,En agglomération,Hors intersection,Normale,Deux véhicules - frontale,,,,,,,,,,,5,2,1,1.0,1
201400037076,0014-05-23 16:50:00,14,5,23,16,50,840,35,ROUGET (BOULEVARD ANDRE),,,Plein jour,En agglomération,Giratoire,Normale,Deux véhicules - côté,,,,,,,,,,,1,2,6,1.0,3
201400037077,0014-06-05 08:20:00,14,6,5,8,20,840,35,BANON (ROUTE DE),,,Plein jour,Hors agglomération,Intersection en X,Normale,Deux véhicules - côté,,,,,,,,,,,1,1,2,1.0,3