accident_id,datetime,annee,mois,jour,heure,minute,departement,commune_insee,adresse,latitude,longitude,luminosite,agglomeration,intersection,meteo,collision,nb_vehicules,nb_usagers,nb_indemnes,nb_tues,nb_blesses_hosp,nb_blesses_legers,age_cond_1,age_cond_2,veh_type_cond_1,veh_type_cond_2,lum_code,agg_code,int_code,atm_code,col_code
201400037078,0014-08-14 15:38:00,14,8,14,15,38,840,35,ISLE/SORGUE-RD 938 (ROUT,43.86384,5.04315,Plein jour,Hors agglomération,Intersection en X,Normale,Trois véhicules et plus - collisions multiples,,,,,,,,,,,1,1,2,1.0,5
201400037079,0014-08-16 05:00:00,14,8,16,5,0,840,35,SARNETTE (AVENUE ABEL),,,Crépuscule ou aube,En agglomération,Intersection en T,Normale,Deux véhicules - côté,,,,,,,,,,,2,2,3,1.0,3
201400037080,0014-01-11 22:40:00,14,1,11,22,40,840,87,CHATEAUNEUF (RUE DE),,,Nuit avec éclairage allumé,En agglomération,Intersection en T,Normale,Deux véhicules - frontale,,,,,,,,,,,5,2,3,1.0,1
201400037081,0014-03-12 10:15:00,14,3,12,10,15,840,87,"56, MOULIN (RUE JEAN)",,,Plein jour,En agglomération,Hors intersection,Normale,Deux véhicules - côté,,,,,,,,,,,1,2,1,1.0,3
201400037082,0014-05-06 14:00:00,14,5,6,14,0,840,87,"1, CHATEAUNEUF DU PAPE (",,,Plein jour,Hors agglomération,Hors intersection,Normale,Deux véhicules - frontale,,,,,,,,,,,1,1,1,1.0,1
201400037083,0014-05-10 16:45:00,14,5,10,16,45,840,87,LYON (ROUTE DE),44.15928,4.79732,Plein jour,Hors agglomération,Intersection en T,Normale,Deux véhicules - côté,,,,,,,,,,,1,1,3,1.0,3
201400037084,0014-07-21 15:55:00,14,7,21,15,55,840,87,DALADIER (BD EDOUARD),44.1366,4.81154,Plein jour,En agglomération,Hors intersection,Normale,Deux véhicules - arrière,,,,,,,,,,,1,2,1,1.0,2
201400037085,0014-07-28 18:20:00,14,7,28,18,20,840,87,LYON (ROUTE DE),,,Plein jour,Hors agglomération,Intersection en T,Normale,Deux véhicules - côté,,,,,,,,,,,1,1,3,1.0,3
201400037086,0014-08-15 10:40:00,14,8,15,10,40,840,87,"0, BRIAND (COURS ARISTID",,,Plein jour,En agglomération,Passage à niveau,Autre,Autre collision,,,,,,,,,,,1,2,8,9.0,6
201400037087,0014-09-09 16:15:00,14,9,9,16,15,840,87,ROUTE DE CHATEAUNEUF,,,Plein jour,Hors agglomération,Giratoire,Normale,Deux véhicules - côté,,,,,,,,,,,1,1,6,1.0,3
201400037088,0014-10-23 21:40:00,14,10,23,21,40,840,87,ROUTE D'UCHAUX,,,Nuit sans éclairage public,Hors agglomération,Hors intersection,Normale,Trois véhicules et plus - collisions multiples,,,,,,,,,,,3,1,1,1.0,5
201400037089,0014-11-07 18:15:00,14,11,7,18,15,840,87,"1, TASSIGNY (AVENUE DE L",44.14554,4.80357,Nuit avec éclairage allumé,En agglomération,Intersection en Y,Normale,Deux véhicules - côté,,,,,,,,,,,5,2,4,1.0,3
201400037090,0014-11-19 22:25:00,14,11,19,22,25,840,87,JONQUIERES (ROUTE DE),,,Nuit sans éclairage public,Hors agglomération,Hors intersection,Normale,Deux véhicules - frontale,,,,,,,,,,,3,1,1,1.0,1
201400037091,0014-11-19 11:40:00,14,11,19,11,40,840,87,"7, BRIAND (COURS ARISTID",44.13814,4.80463,Plein jour,En agglomération,Hors intersection,Normale,Autre collision,,,,,,,,,,,1,2,1,1.0,6
201400037092,0014-12-11 16:50:00,14,12,11,16,50,840,87,PEAGE (CHEMIN),,,Plein jour,Hors agglomération,Intersection en T,Normale,Deux véhicules - côté,,,,,,,,,,,1,1,3,1.0,3
201400037093,0014-01-03 16:30:00,14,1,3,16,30,850,191,1 RUE NICEPHORE NIEPCE,46.70104,-1.43187,Plein jour,En agglomération,Hors intersection,Pluie légère,Autre collision,,,,,,,,,,,1,2,1,2.0,6
201400037094,0014-01-04 21:15:00,14,1,4,21,15,850,191,RUE RENE COTY,46.65795,-1.44987,Nuit avec éclairage allumé,En agglomération,Intersection en X,Pluie légère,Deux véhicules - côté,,,,,,,,,,,5,2,2,2.0,3
201400037095,0014-01-06 10:40:00,14,1,6,10,40,850,191,RD 37,46.69962,-1.42037,Plein jour,En agglomération,Hors intersection,Normale,Autre collision,,,,,,,,,,,1,2,1,1.0,6
201400037096,0014-01-06 07:30:00,14,1,6,7,30,850,191,166 BOULEVARD A. BRIAND,46.6665,-1.43017,Nuit avec éclairage allumé,En agglomération,Intersection en T,Pluie légère,Deux véhicules - arrière,,,,,,,,,,,5,2,3,2.0,2
201400037097,0014-01-07 15:20:00,14,1,7,15,20,850,191,BOULEVARD ARAGO,46.66886,-1.44603,Plein jour,En agglomération,Intersection en X,Normale,Sans collision,,,,,,,,,,,1,2,2,1.0,7
201400037098,0014-01-14 19:45:00,14,1,14,19,45,850,191,D 948,46.69327,-1.47431,Nuit avec éclairage non allumé,Hors agglomération,Hors intersection,Normale,Deux véhicules - arrière,,,,,,,,,,,4,1,1,1.0,2
201400037099,0014-01-14 20:45:00,14,1,14,20,45,850,191,RUE F.R CHATEAUBRIAND,46.67214,-1.40706,Nuit sans éclairage public,En agglomération,Hors intersection,Normale,Autre collision,,,,,,,,,,,3,2,1,1.0,6
201400037100,0014-01-20 08:55:00,14,1,20,8,55,850,191,BOULEVARD DENIS PAPIN,46.68131,-1.43549,Plein jour,En agglomération,Giratoire,Pluie légère,Autre collision,,,,,,,,,,,1,2,6,2.0,6
201400037101,0014-01-24 08:30:00,14,1,24,8,30,850,191,158 RUE GENERAL GUERIN,46.66119,-1.40125,Crépuscule ou aube,En agglomération,Hors intersection,Pluie forte,Autre collision,,,,,,,,,,,2,2,1,3.0,6
201400037102,0014-01-25 15:06:00,14,1,25,15,6,850,191,RUE HELIODORE DURAND,46.66105,-1.40214,Plein jour,En agglomération,Hors intersection,Normale,Autre collision,,,,,,,,,,,1,2,1,1.0,6
201400037103,0014-01-27 12:40:00,14,1,27,12,40,850,191,171 RIVOLI BOULEVARD,46.67981,-1.41744,Plein jour,En agglomération,Hors intersection,Pluie légère,Deux véhicules - arrière,,,,,,,,,,,1,2,1,2.0,2
201400037104,0014-01-27 18:40:00,14,1,27,18,40,850,191,BOULEVARD RIVOLI,46.67065,-1.41577,Nuit avec éclairage allumé,En agglomération,Hors intersection,Normale,Autre collision,,,,,,,,,,,5,2,1,1.0,6
201400037105,0014-01-28 09:35:00,14,1,28,9,35,850,191,ROUTE DE NESMY,46.62042,-1.40884,Plein jour,Hors agglomération,Hors intersection,Temps couvert,Deux véhicules - frontale,,,,,,,,,,,1,1,1,8.0,1
201400037106,0014-02-04 19:00:00,14,2,4,19,0,850,191,24 BOULEVARD EDISON,46.68165,-1.43663,Nuit avec éclairage allumé,En agglomération,Hors intersection,Pluie forte,Autre collision,,,,,,,,,,,5,2,1,3.0,6
201400037107,0014-02-12 13:12:00,14,2,12,13,12,850,191,98 BOULEVARD ANGLETERRE,46.67419,-1.43062,Plein jour,En agglomération,Hors intersection,Normale,Deux véhicules - frontale,,,,,,,,,,,1,2,1,1.0,1
201400037108,0014-02-13 07:35:00,14,2,13,7,35,850,191,26  BOULEVARD G. GUITTON,46.65888,-1.43428,Nuit avec éclairage allumé,En agglomération,Hors intersection,Pluie forte,Autre collision,,,,,,,,,,,5,2,1,3.0,6
201400037109,0014-02-17 07:55:00,14,2,17,7,55,850,191,120 BOULEVARD LAVOISIER,46.65972,-1.44077,Nuit avec éclairage allumé,En agglomération,Hors intersection,Normale,Deux véhicules - côté,,,,,,,,,,,5,2,1,1.0,3
201400037110,0014-02-22 08:30:00,14,2,22,8,30,850,191,RUE D'ARCOLE,46.67964,-1.42161,Plein jour,En agglomération,Hors intersection,Pluie légère,Autre collision,,,,,,,,,,,1,2,1,2.0,6
201400037111,0014-02-26 04:00:00,14,2,26,4,0,850,191,25 BOULEVARD M. LECLERC,46.66949,-1.43654,Nuit avec éclairage allumé,En agglomération,Hors intersection,Normale,Autre collision,,,,,,,,,,,5,2,1,1.0,6
201400037112,0014-03-13 16:00:00,14,3,13,16,0,850,191,AV ALIENOR D'AQUITAINE,46.6898,-1.42991,Plein jour,En agglomération,Giratoire,Normale,Deux véhicules - arrière,,,,,,,,,,,1,2,6,1.0,2
201400037113,0014-03-18 22:00:00,14,3,18,22,0,850,191,GIRATOIRE B. PALISSY,46.69066,-1.42984,Nuit avec éclairage allumé,En agglomération,Intersection en X,Normale,Deux véhicules - côté,,,,,,,,,,,5,2,2,1.0,3
201400037114,0014-03-18 10:05:00,14,3,18,10,5,850,191,88 RUE SARAH BERHNARD,46.664,-1.44604,Plein jour,En agglomération,Hors intersection,Normale,Autre collision,,,,,,,,,,,1,2,1,1.0,6
201400037115,0014-03-13 09:45:00,14,3,13,9,45,850,191,AVENUE YITZHAK RABIN,46.69478,-1.42987,Plein jour,Hors agglomération,Autre intersection,Normale,Deux véhicules - côté,,,,,,,,,,,1,1,9,1.0,3
201400037116,0014-03-28 00:49:00,14,3,28,0,49,850,191,D 948,46.69521,-1.48024,Nuit sans éclairage public,Hors agglomération,Hors intersection,Pluie légère,Autre collision,,,,,,,,,,,3,1,1,2.0,6
201400037117,0014-03-29 12:10:00,14,3,29,12,10,850,191,D 160 ROCADE NORD,46.68003,-1.40779,Plein jour,Hors agglomération,Hors intersection,Normale,Deux véhicules - frontale,,,,,,,,,,,1,1,1,1.0,1
201400037118,0014-04-09 10:40:00,14,4,9,10,40,850,191,30 BOULEVARD DES BELGES,46.67296,-1.41938,Plein jour,En agglomération,Hors intersection,Normale,Autre collision,,,,,,,,,,,1,2,1,1.0,6
201400037119,0014-04-17 17:30:00,14,4,17,17,30,850,191,84 RUE P. DE GAULLE,46.67127,-1.42034,Plein jour,En agglomération,Intersection en X,Normale,Autre collision,,,,,,,,,,,1,2,2,1.0,6
201400037120,0014-04-22 08:00:00,14,4,22,8,0,850,191,D 948,46.68674,-1.45607,Plein jour,Hors agglomération,Hors intersection,Normale,Deux véhicules - arrière,,,,,,,,,,,1,1,1,1.0,2
201400037121,0014-04-25 21:10:00,14,4,25,21,10,850,191,RUE DU GENERAL DE GAULLE,46.67137,-1.42117,Plein jour,En agglomération,Intersection en X,Normale,Deux véhicules - côté,,,,,,,,,,,1,2,2,1.0,3
201400037122,0014-04-24 13:45:00,14,4,24,13,45,850,191,161 BOULEVARD ARAGO,46.6727,-1.44298,Plein jour,En agglomération,Hors intersection,Normale,Autre collision,,,,,,,,,,,1,2,1,1.0,6
201400037123,0014-05-08 11:42:00,14,5,8,11,42,850,191,RUE GEORGES MAZURELLE,46.64601,-1.41799,Plein jour,En agglomération,Hors intersection,Normale,Deux véhicules - côté,,,,,,,,,,,1,2,1,1.0,3
201400037124,0014-05-10 09:00:00,14,5,10,9,0,850,191,RUE GEORGES MAZURELLE,46.64693,-1.4147,Plein jour,En agglomération,Intersection en X,Normale,Deux véhicules - côté,,,,,,,,,,,1,2,2,1.0,3
201400037125,0014-05-13 09:30:00,14,5,13,9,30,850,191,BOULEVARD  LAVOISIER,46.65973,-1.44076,Plein jour,En agglomération,Giratoire,Normale,Deux véhicules - côté,,,,,,,,,,,1,2,6,1.0,3
201400037126,0014-05-18 00:15:00,14,5,18,0,15,850,191,28 BOULEVARD SULLY,46.68322,-1.43179,Nuit avec éclairage allumé,En agglomération,Hors intersection,Normale,Sans collision,,,,,,,,,,,5,2,1,1.0,7
201400037127,0014-05-20 09:50:00,14,5,20,9,50,850,191,6 BOULEVARD ANGLETERRE,46.67541,-1.42523,Plein jour,En agglomération,Hors intersection,Normale,Autre collision,,,,,,,,,,,1,2,1,1.0,6
201400037128,0014-06-05 15:30:00,14,6,5,15,30,850,191,25 BOULEVARD D'EYLAU,46.68366,-1.42807,Plein jour,En agglomération,Intersection en X,Normale,Deux véhicules - côté,,,,,,,,,,,1,2,2,1.0,3
201400037129,0014-06-13 08:45:00,14,6,13,8,45,850,191,15 RUE LA FAYETTE,46.66948,-1.42889,Plein jour,En agglomération,Hors intersection,Normale,Autre collision,,,,,,,,,,,1,2,1,1.0,6
201400037130,0014-06-13 16:05:00,14,6,13,16,5,850,191,BOULEVARD D'EYLAU,46.68356,-1.42813,Plein jour,En agglomération,Intersection en X,Normale,Autre collision,,,,,,,,,,,1,2,2,1.0,6
201400037131,0014-06-28 13:55:00,14,6,28,13,55,850,191,71 RIVOLI BOULEVARD,46.67559,-1.41621,Plein jour,En agglomération,Hors intersection,Pluie forte,Deux véhicules - frontale,,,,,,,,,,,1,2,1,3.0,1
201400037132,0014-07-02 12:20:00,14,7,2,12,20,850,191,11  RUE ROGER SALENGRO,46.66832,-1.43618,Plein jour,En agglomération,Hors intersection,Normale,Autre collision,,,,,,,,,,,1,2,1,1.0,6
201400037133,0014-07-02 14:45:00,14,7,2,14,45,850,191,ROUTE DE LA POTINIERE,46.63845,-1.42599,Plein jour,Hors agglomération,Intersection en T,Normale,Autre collision,,,,,,,,,,,1,1,3,1.0,6
201400037134,0014-07-04 13:25:00,14,7,4,13,25,850,191,RUE F.R CHATEAUBRIAND,46.66996,-1.40954,Plein jour,En agglomération,Hors intersection,Normale,Autre collision,,,,,,,,,,,1,2,1,1.0,6
201400037135,0014-07-08 21:00:00,14,7,8,21,0,850,191,RUE GUTEMBERG,46.68044,-1.43017,Plein jour,En agglomération,Hors intersection,Normale,Deux véhicules - côté,,,,,,,,,,,1,2,1,1.0,3
201400037136,0014-07-22 10:00:00,14,7,22,10,0,850,191,25 RUE RAYMOND POINCARE,46.66868,-1.43473,Plein jour,En agglomération,Intersection en X,Normale,Autre collision,,,,,,,,,,,1,2,2,1.0,6
201400037137,0014-08-03 05:25:00,14,8,3,5,25,850,191,DEPARTEMENTALE 160,46.69102,-1.41666,Nuit sans éclairage public,Hors agglomération,Hors intersection,Normale,Deux véhicules - frontale,,,,,,,,,,,3,1,1,1.0,1
201400037138,0014-08-08 16:20:00,14,8,8,16,20,850,191,SAINTE-ANNE,46.69819,-1.42141,Plein jour,Hors agglomération,Hors intersection,Pluie forte,Deux véhicules - côté,,,,,,,,,,,1,1,1,3.0,3
201400037139,0014-08-15 15:10:00,14,8,15,15,10,850,191,D160,46.69135,-1.42453,Plein jour,Hors agglomération,Hors intersection,Normale,Trois véhicules et plus - collisions multiples,,,,,,,,,,,1,1,1,1.0,5
201400037140,0014-08-15 13:15:00,14,8,15,13,15,850,191,ROND-POINT DE PALISSY,46.69045,-1.42915,Plein jour,En agglomération,Giratoire,Normale,Deux véhicules - côté,,,,,,,,,,,1,2,6,1.0,3
201400037141,0014-09-05 15:40:00,14,9,5,15,40,850,191,29 RUE DELILLE,46.66772,-1.42756,Plein jour,En agglomération,Hors intersection,Normale,Autre collision,,,,,,,,,,,1,2,1,1.0,6
201400037142,0014-09-12 13:50:00,14,9,12,13,50,850,191,28 BOULEVARD ANGLETERRE,46.67521,-1.42659,Plein jour,En agglomération,Hors intersection,Normale,Autre collision,,,,,,,,,,,1,2,1,1.0,6
201400037143,0014-09-19 10:40:00,14,9,19,10,40,850,191,29 RUE DELILLE,46.66764,-1.42791,Plein jour,En agglomération,Hors intersection,Normale,Deux véhicules - côté,,,,,,,,,,,1,2,1,1.0,3
201400037144,0014-10-07 08:20:00,14,10,7,8,20,850,191,145 RUE DU GNL GUERIN,46.66112,-1.40219,Plein jour,En agglomération,Intersection en X,Pluie légère,Deux véhicules - frontale,,,,,,,,,,,1,2,2,2.0,1
201400037145,0014-10-15 18:50:00,14,10,15,18,50,850,191,RD 42 RTE DE VENANSAULT,46.67493,-1.48663,Plein jour,Hors agglomération,Hors intersection,Normale,Autre collision,,,,,,,,,,,1,1,1,1.0,6
201400037146,0014-11-03 16:20:00,14,11,3,16,20,850,191,91 BOULEVARD  LECLERC,46.67239,-1.43749,Plein jour,En agglomération,Hors intersection,Normale,Autre collision,,,,,,,,,,,1,2,1,1.0,6
201400037147,0014-11-12 19:45:00,14,11,12,19,45,850,191,BOULEVARD LOUIS BLANC,46.67214,-1.43492,Nuit avec éclairage allumé,En agglomération,Hors intersection,Normale,Autre collision,,,,,,,,,,,5,2,1,1.0,6
201400037148,0014-11-29 15:10:00,14,11,29,15,10,850,191,LA DAVISIERE,46.7015,-1.43977,Plein jour,Hors agglomération,Hors intersection,Normale,Deux véhicules - arrière,,,,,,,,,,,1,1,1,1.0,2
201400037149,0014-01-28 12:43:00,14,1,28,12,43,850,166,ROUTE AMIS DE LA NATURE,46.56094,-1.81258,Plein jour,Hors agglomération,Hors intersection,Normale,Sans collision,,,,,,,,,,,1,1,1,1.0,7
201400037150,0014-01-29 12:30:00,14,1,29,12,30,850,60,RD 949,46.5137,-1.72843,Plein jour,Hors agglomération,Hors intersection,Pluie forte,Autre collision,,,,,,,,,,,1,1,1,3.0,6
201400037151,0014-01-29 15:25:00,14,1,29,15,25,850,166,AVENUE CHARLES DEGAULLE,46.50939,-1.76876,Plein jour,En agglomération,Intersection en X,Normale,Deux véhicules - côté,,,,,,,,,,,1,2,2,1.0,3
201400037152,0014-02-03 09:10:00,14,2,3,9,10,850,194,84 BOULEVARD CASTELNAU,46.49486,-1.77606,Plein jour,En agglomération,Hors intersection,Normale,Autre collision,,,,,,,,,,,1,2,1,1.0,6
201400037153,0014-02-02 00:05:00,14,2,2,0,5,850,166,ROND-POINT VANNERIE,46.51538,-1.75912,Nuit avec éclairage allumé,Hors agglomération,Giratoire,Normale,Deux véhicules - côté,,,,,,,,,,,5,1,6,1.0,3
201400037154,0014-01-31 15:30:00,14,1,31,15,30,850,166,BOULEVARD VENDEE GLOBE,46.5134,-1.77665,Plein jour,En agglomération,Giratoire,Normale,Deux véhicules - côté,,,,,,,,,,,1,2,6,1.0,3
201400037155,0014-02-07 10:20:00,14,2,7,10,20,850,166,AV CHARLES DE GAULLE,46.50942,-1.76876,Plein jour,En agglomération,Hors intersection,Normale,Autre collision,,,,,,,,,,,1,2,1,1.0,6
201400037156,0014-02-10 22:05:00,14,2,10,22,5,850,166,ROND-POINT VANNERIE,46.51522,-1.75875,Nuit avec éclairage allumé,En agglomération,Giratoire,Normale,Deux véhicules - côté,,,,,,,,,,,5,2,6,1.0,3
201400037157,0014-02-11 16:25:00,14,2,11,16,25,850,166,ROUTE AMIS DE LA NATURE,46.56101,-1.81226,Plein jour,Hors agglomération,Hors intersection,Normale,Deux véhicules - frontale,,,,,,,,,,,1,1,1,1.0,1
201400037158,0014-02-16 05:15:00,14,2,16,5,15,850,166,5  RUE DU CANAL,46.54306,-1.79741,Nuit avec éclairage non allumé,En agglomération,Hors intersection,Normale,Sans collision,,,,,,,,,,,4,2,1,1.0,7
201400037159,0014-02-16 20:55:00,14,2,16,20,55,850,166,RUE DU 8 MAI 1945,46.53643,-1.77275,Nuit avec éclairage allumé,En agglomération,Intersection en T,Normale,Deux véhicules - frontale,,,,,,,,,,,5,2,3,1.0,1
201400037160,0014-02-17 09:10:00,14,2,17,9,10,850,194,BOULEVARD L ILE VERTIME,46.50447,-1.78892,Plein jour,En agglomération,Hors intersection,Normale,Autre collision,,,,,,,,,,,1,2,1,1.0,6
201400037161,0014-02-14 20:50:00,14,2,14,20,50,850,166,RUE DES SABLES,46.53264,-1.77387,Nuit avec éclairage allumé,Hors agglomération,Hors intersection,Temps couvert,Sans collision,,,,,,,,,,,5,1,1,8.0,7
201400037162,0014-02-24 19:10:00,14,2,24,19,10,850,194,171 RUE JOSEPH BENATIER,46.50662,-1.80121,Nuit avec éclairage allumé,En agglomération,Hors intersection,Normale,Deux véhicules - arrière,,,,,,,,,,,5,2,1,1.0,2
201400037163,0014-02-25 19:15:00,14,2,25,19,15,850,60,BOULEVARD VENDEE GLOBE,46.49248,-1.74992,Crépuscule ou aube,Hors agglomération,Hors intersection,Normale,Deux véhicules - frontale,,,,,,,,,,,2,1,1,1.0,1
201400037164,0014-02-28 07:40:00,14,2,28,7,40,850,166,BOULEVARD DU VENDEE GLOB,46.51393,-1.79617,Nuit avec éclairage allumé,En agglomération,Giratoire,Normale,Deux véhicules - côté,,,,,,,,,,,5,2,6,1.0,3
201400037165,0014-03-01 10:00:00,14,3,1,10,0,850,194,RUE DU DOCTEUR CHARCOT,46.50526,-1.78765,Plein jour,En agglomération,Intersection en X,Normale,Autre collision,,,,,,,,,,,1,2,2,1.0,6
201400037166,0014-03-06 14:25:00,14,3,6,14,25,850,166,ROUTE AMIS DE LA NATURE,46.56229,-1.81405,Plein jour,Hors agglomération,Hors intersection,Normale,Deux véhicules - frontale,,,,,,,,,,,1,1,1,1.0,1
201400037167,0014-03-12 19:30:00,14,3,12,19,30,850,166,34 ROUTE DES PINS,46.54236,-1.79798,Plein jour,En agglomération,Hors intersection,Brouillard / fumée,Autre collision,,,,,,,,,,,1,2,1,5.0,6
201400037168,0014-03-09 15:20:00,14,3,9,15,20,850,166,ROND-POINT VANNERIE,46.51551,-1.75891,Plein jour,Hors agglomération,Giratoire,Normale,Deux véhicules - côté,,,,,,,,,,,1,1,6,1.0,3
201400037169,0014-03-13 15:25:00,14,3,13,15,25,850,194,QUAI ROUSSEAU MECHIN,46.50074,-1.79669,Plein jour,En agglomération,Hors intersection,Normale,Deux véhicules - côté,,,,,,,,,,,1,2,1,1.0,3
201400037170,0014-03-14 17:20:00,14,3,14,17,20,850,194,2BIS PROMENADE G. GODET,46.49023,-1.77209,Plein jour,En agglomération,Hors intersection,Normale,Deux véhicules - côté,,,,,,,,,,,1,2,1,1.0,3
201400037171,0014-03-20 08:40:00,14,3,20,8,40,850,60,AVENUE DE TALMONT,46.48731,-1.74273,Plein jour,En agglomération,Hors intersection,Vent fort / tempête,Autre collision,,,,,,,,,,,1,2,1,6.0,6
201400037172,0014-03-30 16:30:00,14,3,30,16,30,850,194,PROMENADE DU M. JOFFRE,46.49386,-1.79223,Plein jour,En agglomération,Hors intersection,Normale,Autre collision,,,,,,,,,,,1,2,1,1.0,6
201400037173,0014-04-03 10:35:00,14,4,3,10,35,850,194,75AVENUE ARISTIDE BRIAND,46.48922,-1.76793,Plein jour,En agglomération,Hors intersection,Pluie légère,Sans collision,,,,,,,,,,,1,2,1,2.0,7
201400037174,0014-04-06 14:55:00,14,4,6,14,55,850,194,RUE DU PALAIS,46.49546,-1.78413,Plein jour,En agglomération,Intersection en X,Normale,Deux véhicules - côté,,,,,,,,,,,1,2,2,1.0,3
201400037175,0014-04-10 13:55:00,14,4,10,13,55,850,166,BOULEVARD VENDEE GLOBE,46.51328,-1.7789,Plein jour,En agglomération,Hors intersection,Normale,Deux véhicules - arrière,,,,,,,,,,,1,2,1,1.0,2
201400037176,0014-04-23 10:10:00,14,4,23,10,10,850,166,292 AVENUE F. MITTERAND,46.53078,-1.77415,Plein jour,En agglomération,Hors intersection,Normale,Deux véhicules - côté,,,,,,,,,,,1,2,1,1.0,3
201400037177,0014-04-24 07:50:00,14,4,24,7,50,850,166,BOULEVARD VENDEE GLOBE,46.51343,-1.77667,Plein jour,En agglomération,Hors intersection,Normale,Autre collision,,,,,,,,,,,1,2,1,1.0,6
201400037178,0014-04-14 19:15:00,14,4,14,19,15,850,194,RUE DU PALAIS,46.49552,-1.78414,Plein jour,En agglomération,Hors intersection,Normale,Autre collision,,,,,,,,,,,1,2,1,1.0,6
201400037179,0014-05-02 22:20:00,14,5,2,22,20,850,194,COURS J. DUPONT,46.49775,-1.7798,Nuit avec éclairage allumé,En agglomération,Hors intersection,Normale,Deux véhicules - arrière,,,,,,,,,,,5,2,1,1.0,2
201400037180,0014-05-17 09:35:00,14,5,17,9,35,850,166,AVENUE F. MITTERAND,46.51719,-1.77599,Plein jour,En agglomération,Intersection en T,Normale,Deux véhicules - côté,,,,,,,,,,,1,2,3,1.0,3
201400037181,0014-05-17 15:20:00,14,5,17,15,20,850,166,37 bis AV. F. MITTERAND,46.50857,-1.77715,Plein jour,En agglomération,Hors intersection,Normale,Deux véhicules - côté,,,,,,,,,,,1,2,1,1.0,3
201400037182,0014-05-16 09:00:00,14,5,16,9,0,850,166,AVENUE CHARLES DE GAULLE,46.51578,-1.75585,Plein jour,En agglomération,Hors intersection,Normale,Deux véhicules - côté,,,,,,,,,,,1,2,1,1.0,3
201400037183,0014-05-20 14:45:00,14,5,20,14,45,850,194,RUE DE VERDUN,46.49767,-1.77716,Plein jour,En agglomération,Hors intersection,Normale,Autre collision,,,,,,,,,,,1,2,1,1.0,6
201400037184,0014-06-04 07:50:00,14,6,4,7,50,850,166,RUE DES ARCHERS,46.51742,-1.77342,Plein jour,En agglomération,Hors intersection,Normale,Deux véhicules - frontale,,,,,,,,,,,1,2,1,1.0,1
201400037185,0014-06-07 01:10:00,14,6,7,1,10,850,60,3 RUE DE LA CARAUDIERE,46.50314,-1.73017,Nuit sans éclairage public,Hors agglomération,Hors intersection,Normale,Autre collision,,,,,,,,,,,3,1,1,1.0,6
201400037186,0014-06-11 19:00:00,14,6,11,19,0,850,60,PROMENADE DE CAYOLA,46.47463,-1.75266,Plein jour,Hors agglomération,Hors intersection,Normale,Deux véhicules - frontale,,,,,,,,,,,1,1,1,1.0,1
201400037187,0014-07-15 17:00:00,14,7,15,17,0,850,60,PROMENADE DE CAYOLA,46.46419,-1.7302,Plein jour,En agglomération,Hors intersection,Normale,Trois véhicules et plus - collisions multiples,,,,,,,,,,,1,2,1,1.0,5
201400037188,0014-07-22 12:10:00,14,7,22,12,10,850,60,AVENUE DE TALMONT,46.48163,-1.71614,Plein jour,En agglomération,Hors intersection,Normale,Deux véhicules - côté,,,,,,,,,,,1,2,1,1.0,3
201400037189,0014-07-31 02:15:00,14,7,31,2,15,850,194,RUE DU DOCTEUR CHARCOT,46.50583,-1.7853,Nuit avec éclairage allumé,En agglomération,Intersection en X,Normale,Deux véhicules - côté,,,,,,,,,,,5,2,2,1.0,3
201400037190,0014-08-01 19:50:00,14,8,1,19,50,850,166,128 RUE G. CLEMENCEAU,46.51542,-1.79068,Plein jour,En agglomération,Hors intersection,Normale,Autre collision,,,,,,,,,,,1,2,1,1.0,6
201400037191,0014-08-01 11:35:00,14,8,1,11,35,850,194,BOULEVARD L' ILE VERTIME,46.50099,-1.78568,Plein jour,En agglomération,Hors intersection,Normale,Autre collision,,,,,,,,,,,1,2,1,1.0,6
201400037192,0014-08-11 16:50:00,14,8,11,16,50,850,60,RUE DE LA CROIX BLANCHE,46.49975,-1.74636,Plein jour,En agglomération,Intersection en T,Normale,Deux véhicules - côté,,,,,,,,,,,1,2,3,1.0,3
201400037193,0014-08-13 19:30:00,14,8,13,19,30,850,166,ROUTE AMIS DE LA NATURE,46.58706,-1.82909,Plein jour,Hors agglomération,Hors intersection,Normale,Deux véhicules - côté,,,,,,,,,,,1,1,1,1.0,3
201400037194,0014-08-15 19:45:00,14,8,15,19,45,850,60,PROMENADE E. HERRIOT,46.46749,-1.7368,Plein jour,Hors agglomération,Hors intersection,Normale,Deux véhicules - frontale,,,,,,,,,,,1,1,1,1.0,1
201400037195,0014-08-20 13:55:00,14,8,20,13,55,850,194,BOULEVARD D'ILE VERTIME,46.50359,-1.78791,Plein jour,En agglomération,Hors intersection,Normale,Autre collision,,,,,,,,,,,1,2,1,1.0,6
201400037196,0014-08-21 11:30:00,14,8,21,11,30,850,194,3 COURS JOSEPH DUPONT,46.49727,-1.78195,Plein jour,En agglomération,Hors intersection,Normale,Autre collision,,,,,,,,,,,1,2,1,1.0,6
201400037197,0014-08-31 16:10:00,14,8,31,16,10,850,60,RUE DES VALLEES,46.50382,-1.73827,Plein jour,En agglomération,Hors intersection,Normale,Autre collision,,,,,,,,,,,1,2,1,1.0,6
201400037198,0014-08-30 17:50:00,14,8,30,17,50,850,166,RUE CLEMENT ADER,46.51933,-1.78092,Plein jour,En agglomération,Intersection en X,Normale,Autre collision,,,,,,,,,,,1,2,2,1.0,6
201400037199,0014-09-04 07:50:00,14,9,4,7,50,850,166,BOULEVARD VENDEE GLOBE,46.51418,-1.79012,Plein jour,Hors agglomération,Hors intersection,Temps éblouissant,Autre collision,,,,,,,,,,,1,1,1,7.0,6