accident_id,datetime,annee,mois,jour,heure,minute,departement,commune_insee,adresse,latitude,longitude,luminosite,agglomeration,intersection,meteo,collision,nb_vehicules,nb_usagers,nb_indemnes,nb_tues,nb_blesses_hosp,nb_blesses_legers,age_cond_1,age_cond_2,veh_type_cond_1,veh_type_cond_2,lum_code,agg_code,int_code,atm_code,col_code
201400037200,0014-09-07 16:00:00,14,9,7,16,0,850,194,BD DU SOUVENIR FRANCAIS,46.50302,-1.79723,Plein jour,En agglomération,Intersection en Y,Normale,Deux véhicules - côté,,,,,,,,,,,1,2,4,1.0,3
201400037201,0014-09-12 19:40:00,14,9,12,19,40,850,194,RUE DES ROSES,46.49111,-1.76242,Plein jour,En agglomération,Intersection en X,Normale,Deux véhicules - côté,,,,,,,,,,,1,2,2,1.0,3
201400037202,0014-09-12 21:30:00,14,9,12,21,30,850,166,AV FRANCOIS MITTERAND,46.5172,-1.77599,Nuit avec éclairage allumé,En agglomération,Intersection en T,Normale,Autre collision,,,,,,,,,,,5,2,3,1.0,6
201400037203,0014-09-18 16:43:00,14,9,18,16,43,850,166,44  RUE DES BERGERS,46.52338,-1.7822,Plein jour,En agglomération,Hors intersection,Normale,Deux véhicules - frontale,,,,,,,,,,,1,2,1,1.0,1
201400037204,0014-09-19 10:45:00,14,9,19,10,45,850,194,25  AVENUE D'ANJOU,46.50207,-1.77702,Plein jour,En agglomération,Hors intersection,Normale,Trois véhicules et plus - collisions multiples,,,,,,,,,,,1,2,1,1.0,5
201400037205,0014-10-01 09:30:00,14,10,1,9,30,850,194,AVENUE GENERAL GAULLE,46.49852,-1.78133,Plein jour,En agglomération,Intersection en T,Normale,Deux véhicules - côté,,,,,,,,,,,1,2,3,1.0,3
201400037206,0014-10-03 16:00:00,14,10,3,16,0,850,166,ROUTE AMIS DE LA NATURE,46.57191,-1.82286,Plein jour,Hors agglomération,Intersection en T,Normale,Deux véhicules - côté,,,,,,,,,,,1,1,3,1.0,3
201400037207,0014-10-17 12:40:00,14,10,17,12,40,850,194,59 AVENUE DE BRETAGNE,46.50486,-1.77764,Plein jour,En agglomération,Hors intersection,Normale,Autre collision,,,,,,,,,,,1,2,1,1.0,6
201400037208,0014-10-17 15:45:00,14,10,17,15,45,850,194,RUE DES ECOLIERS,46.4951,-1.78085,Plein jour,En agglomération,Intersection en X,Normale,Deux véhicules - côté,,,,,,,,,,,1,2,2,1.0,3
201400037209,0014-10-22 09:25:00,14,10,22,9,25,850,194,44 BOULEVARD PASTEUR,46.49155,-1.76928,Plein jour,En agglomération,Hors intersection,Normale,Autre collision,,,,,,,,,,,1,2,1,1.0,6
201400037210,0014-10-26 09:45:00,14,10,26,9,45,850,194,RUE DE VERDUN,46.49608,-1.77752,Plein jour,En agglomération,Intersection à plus de 4 branches,Normale,Autre collision,,,,,,,,,,,1,2,5,1.0,6
201400037211,0014-11-16 18:50:00,14,11,16,18,50,850,194,BOULEVARD AMPERE,46.49317,-1.76243,Plein jour,En agglomération,Giratoire,Pluie forte,Autre collision,,,,,,,,,,,1,2,6,3.0,6
201400037212,0014-11-14 16:25:00,14,11,14,16,25,850,60,RUE GEORGES CLEMENCEAU,46.50352,-1.74292,Plein jour,En agglomération,Intersection en X,Temps éblouissant,Deux véhicules - côté,,,,,,,,,,,1,2,2,7.0,3
201400037213,0014-11-16 21:00:00,14,11,16,21,0,850,194,QUAI E. FRANQUEVILLE,46.49737,-1.78668,Nuit avec éclairage allumé,En agglomération,Hors intersection,Pluie légère,Autre collision,,,,,,,,,,,5,2,1,2.0,6
201400037214,0014-12-10 07:35:00,14,12,10,7,35,850,166,AVENUE CHARLES DE GAULLE,46.509,-1.76903,Nuit avec éclairage allumé,En agglomération,Hors intersection,Pluie légère,Deux véhicules - côté,,,,,,,,,,,5,2,1,2.0,3
201400037215,0014-11-22 17:45:00,14,11,22,17,45,850,60,LE COUDRIOU,46.50901,-1.68614,Nuit avec éclairage non allumé,Hors agglomération,Hors intersection,Normale,Sans collision,,,,,,,,,,,4,1,1,1.0,7
201400037216,0014-02-06 10:25:00,14,2,6,10,25,860,66,"144, FOCH (AVENUE DU MAR",,,Plein jour,En agglomération,Hors intersection,Normale,Autre collision,,,,,,,,,,,1,2,1,1.0,6
201400037217,0014-02-20 21:35:00,14,2,20,21,35,860,66,ABELIN (AVENUE PIERRE),,,Nuit avec éclairage allumé,En agglomération,Hors intersection,Normale,Deux véhicules - côté,,,,,,,,,,,5,2,1,1.0,3
201400037218,0014-02-24 15:30:00,14,2,24,15,30,860,66,"14, ABELIN (AVENUE PIERR",,,Plein jour,En agglomération,Hors intersection,Normale,Autre collision,,,,,,,,,,,1,2,1,1.0,6
201400037219,0014-03-18 10:40:00,14,3,18,10,40,860,66,MOULIN (AVENUE JEAN),,,Plein jour,En agglomération,Hors intersection,Normale,Autre collision,,,,,,,,,,,1,2,1,1.0,6
201400037220,0014-03-18 19:10:00,14,3,18,19,10,860,66,"151, DE LATTRE DE TASSIG",,,Crépuscule ou aube,En agglomération,Hors intersection,Normale,Autre collision,,,,,,,,,,,2,2,1,1.0,6
201400037221,0014-03-21 14:40:00,14,3,21,14,40,860,66,"63,BOULEVARD  BLOSSAC",,,Plein jour,En agglomération,Hors intersection,Normale,Autre collision,,,,,,,,,,,1,2,1,1.0,6
201400037222,0014-03-24 16:55:00,14,3,24,16,55,860,66,GAMBETTA (SQUARE),,,Plein jour,En agglomération,Hors intersection,Normale,Autre collision,,,,,,,,,,,1,2,1,1.0,6
201400037223,0014-03-26 20:00:00,14,3,26,20,0,860,66,WILTZER (ROND POINT DU P,,,Nuit avec éclairage allumé,En agglomération,Giratoire,Normale,Deux véhicules - côté,,,,,,,,,,,5,2,6,1.0,3
201400037224,0014-04-05 13:45:00,14,4,5,13,45,860,66,"1, ORILLARD (RUE ABEL)",,,Plein jour,En agglomération,Intersection en Y,Normale,Deux véhicules - côté,,,,,,,,,,,1,2,4,1.0,3
201400037225,0014-04-06 13:00:00,14,4,6,13,0,860,66,RD 161 - ROCADE EST,,,Plein jour,En agglomération,Hors intersection,Normale,Trois véhicules et plus - collisions multiples,,,,,,,,,,,1,2,1,1.0,5
201400037226,0014-04-23 15:05:00,14,4,23,15,5,860,66,CHATEAU (QUAI DU),,,Plein jour,En agglomération,Intersection en T,Normale,Deux véhicules - côté,,,,,,,,,,,1,2,3,1.0,3
201400037227,0014-05-05 18:00:00,14,5,5,18,0,860,66,48  AV PRESIDENT  WILSON,,,Plein jour,En agglomération,Hors intersection,Normale,Deux véhicules - côté,,,,,,,,,,,1,2,1,1.0,3
201400037228,0014-05-07 21:25:00,14,5,7,21,25,860,66,THURE (RUE DE),,,Nuit avec éclairage allumé,En agglomération,Hors intersection,Normale,Deux véhicules - côté,,,,,,,,,,,5,2,1,1.0,3
201400037229,0014-07-03 20:40:00,14,7,3,20,40,860,66,"17, ABELIN (AVENUE PIERR",46.80726,0.54303,Plein jour,En agglomération,Hors intersection,Normale,Sans collision,,,,,,,,,,,1,2,1,1.0,7
201400037230,0014-07-08 15:55:00,14,7,8,15,55,860,66,"3, KENNEDY (AVENUE JOHN)",46.81442,0.54384,Plein jour,En agglomération,Hors intersection,Normale,Autre collision,,,,,,,,,,,1,2,1,1.0,6
201400037231,0014-08-06 16:35:00,14,8,6,16,35,860,66,PILA (ROND POINT DE),,,Plein jour,Hors agglomération,Giratoire,Normale,Deux véhicules - arrière,,,,,,,,,,,1,1,6,1.0,2
201400037232,0014-08-06 17:50:00,14,8,6,17,50,860,66,"137, BLOSSAC (BOULEVARD",,,Plein jour,En agglomération,Hors intersection,Normale,Autre collision,,,,,,,,,,,1,2,1,1.0,6
201400037233,0014-09-11 08:53:00,14,9,11,8,53,860,66,"49, PAGE (AVENUE CAMILLE",46.80088,0.52811,Plein jour,En agglomération,Hors intersection,Normale,Autre collision,,,,,,,,,,,1,2,1,1.0,6
201400037234,0014-09-20 19:45:00,14,9,20,19,45,860,66,PAGE (AVENUE CAMILLE),,,Plein jour,En agglomération,Hors intersection,Pluie forte,Autre collision,,,,,,,,,,,1,2,1,3.0,6
201400037235,0014-09-26 18:09:00,14,9,26,18,9,860,66,ABELIN (AVENUE PIERRE),,,Plein jour,En agglomération,Hors intersection,Normale,Autre collision,,,,,,,,,,,1,2,1,1.0,6
201400037236,0014-10-04 19:55:00,14,10,4,19,55,860,66,KREBS (RUE LOUIS CLEMENT,46.81437,0.53516,Nuit avec éclairage allumé,En agglomération,Intersection en T,Temps couvert,Deux véhicules - côté,,,,,,,,,,,5,2,3,8.0,3
201400037237,0014-10-05 17:16:00,14,10,5,17,16,860,66,"0, MERMOZ (AVENUE JEAN)",,,Plein jour,En agglomération,Hors intersection,Normale,Deux véhicules - frontale,,,,,,,,,,,1,2,1,1.0,1
201400037238,0014-10-11 19:00:00,14,10,11,19,0,860,66,KAYA (AVENUE DE),,,Plein jour,Hors agglomération,Hors intersection,Normale,Autre collision,,,,,,,,,,,1,1,1,1.0,6
201400037239,0014-10-13 20:20:00,14,10,13,20,20,860,66,"68, RIPAULT (AVENUE LOUI",,,Crépuscule ou aube,En agglomération,Hors intersection,Normale,Autre collision,,,,,,,,,,,2,2,1,1.0,6
201400037240,0014-11-27 08:20:00,14,11,27,8,20,860,66,KAYA (AVENUE DE),,,Plein jour,En agglomération,Intersection en X,Brouillard / fumée,Deux véhicules - frontale,,,,,,,,,,,1,2,2,5.0,1
201400037241,0014-12-06 17:40:00,14,12,6,17,40,860,66,DE LATTRE DE TASSIGNY (A,,,Nuit avec éclairage allumé,En agglomération,Hors intersection,Normale,Autre collision,,,,,,,,,,,5,2,1,1.0,6
201400037242,0014-12-09 15:35:00,14,12,9,15,35,860,66,LECLERC (AVENUE DU MAREC,,,Plein jour,En agglomération,Intersection en T,Pluie légère,Deux véhicules - côté,,,,,,,,,,,1,2,3,2.0,3
201400037243,0014-12-26 19:50:00,14,12,26,19,50,860,66,"8, HUGO (BOULEVARD VICTO",,,Nuit avec éclairage allumé,En agglomération,Intersection en X,Pluie légère,Autre collision,,,,,,,,,,,5,2,2,2.0,6
201400037244,0014-01-05 21:55:00,14,1,5,21,55,860,41,"., COSSES  (RUE DES)",,,Nuit sans éclairage public,Hors agglomération,Intersection en X,Normale,Deux véhicules - côté,,,,,,,,,,,3,1,2,1.0,3
201400037245,0014-01-06 18:00:00,14,1,6,18,0,860,194,JOHN KENNEDY (AVENUE),,,Nuit avec éclairage allumé,En agglomération,Intersection en T,Pluie légère,Deux véhicules - côté,,,,,,,,,,,5,2,3,2.0,3
201400037246,0014-01-06 19:20:00,14,1,6,19,20,860,194,"220, FAUBOURG PONT NEUF",,,Nuit avec éclairage allumé,En agglomération,Hors intersection,Pluie légère,Deux véhicules - côté,,,,,,,,,,,5,2,1,2.0,3
201400037247,0014-01-06 19:25:00,14,1,6,19,25,860,214,GENCAY (ROUTE DE),,,Nuit sans éclairage public,Hors agglomération,Hors intersection,Pluie légère,Autre collision,,,,,,,,,,,3,1,1,2.0,6
201400037248,0014-01-07 07:45:00,14,1,7,7,45,860,194,ANDRE MALRAUX (VOIE),,,Nuit avec éclairage allumé,En agglomération,Hors intersection,Temps couvert,Autre collision,,,,,,,,,,,5,2,1,8.0,6
201400037249,0014-01-07 18:55:00,14,1,7,18,55,860,194,"10, MARECHAL DE LATTRE D",,,Nuit avec éclairage allumé,En agglomération,Hors intersection,Normale,Deux véhicules - côté,,,,,,,,,,,5,2,1,1.0,3
201400037250,0014-01-08 14:30:00,14,1,8,14,30,860,194,ROBERT SCHUMAN (AVENUE),,,Plein jour,En agglomération,Hors intersection,Normale,Autre collision,,,,,,,,,,,1,2,1,1.0,6
201400037251,0014-01-10 07:15:00,14,1,10,7,15,860,194,"., PARC (ALLEE DU)",,,Nuit avec éclairage allumé,En agglomération,Intersection en T,Normale,Deux véhicules - côté,,,,,,,,,,,5,2,3,1.0,3
201400037252,0014-01-11 21:40:00,14,1,11,21,40,860,194,TISON (BOULEVARD),,,Nuit avec éclairage allumé,En agglomération,Hors intersection,Normale,Deux véhicules - côté,,,,,,,,,,,5,2,1,1.0,3
201400037253,0014-01-13 07:55:00,14,1,13,7,55,860,194,"221, NANTES (AVENUE DE)",,,Nuit avec éclairage allumé,En agglomération,Hors intersection,Pluie forte,Autre collision,,,,,,,,,,,5,2,1,3.0,6
201400037254,0014-01-13 08:10:00,14,1,13,8,10,860,194,"79, NANTES (AVENUE DE)",,,Crépuscule ou aube,En agglomération,Hors intersection,Pluie légère,Autre collision,,,,,,,,,,,2,2,1,2.0,6
201400037255,0014-01-14 18:40:00,14,1,14,18,40,860,194,16 RUE DE LA REPUBLIQUE,,,Nuit avec éclairage allumé,Hors agglomération,Hors intersection,Normale,Deux véhicules - côté,,,,,,,,,,,5,1,1,1.0,3
201400037256,0014-01-15 18:15:00,14,1,15,18,15,860,41,99 RUE HOTEL DE VILLE,,,Nuit avec éclairage allumé,En agglomération,Hors intersection,Pluie légère,Deux véhicules - arrière,,,,,,,,,,,5,2,1,2.0,2
201400037257,0014-01-17 16:55:00,14,1,17,16,55,860,194,ROCADE OUEST (RD 910),,,Plein jour,En agglomération,Intersection en X,Normale,Sans collision,,,,,,,,,,,1,2,2,1.0,7
201400037258,0014-01-19 12:22:00,14,1,19,12,22,860,158,RD 30,,,Nuit avec éclairage allumé,En agglomération,Hors intersection,Normale,Autre collision,,,,,,,,,,,5,2,1,1.0,6
201400037259,0014-01-20 17:20:00,14,1,20,17,20,860,194,JEAN BAPTISTE BOUSSINGAU,,,Plein jour,En agglomération,Intersection en X,Normale,Deux véhicules - côté,,,,,,,,,,,1,2,2,1.0,3
201400037260,0014-01-20 18:10:00,14,1,20,18,10,860,158,VOUILLE (RUE DE),,,Nuit sans éclairage public,Hors agglomération,Hors intersection,Normale,Deux véhicules - côté,,,,,,,,,,,3,1,1,1.0,3
201400037261,0014-01-23 08:00:00,14,1,23,8,0,860,194,"48, GRAND CERF (BOULEVAR",,,Plein jour,En agglomération,Hors intersection,Normale,Deux véhicules - côté,,,,,,,,,,,1,2,1,1.0,3
201400037262,0014-01-31 16:35:00,14,1,31,16,35,860,194,"., CONCORDE (BOULEVARD D",,,Plein jour,En agglomération,Intersection en T,Normale,Autre collision,,,,,,,,,,,1,2,3,1.0,6
201400037263,0014-02-03 07:30:00,14,2,3,7,30,860,194,GRELES DES PETITS BOIS (,,,Nuit sans éclairage public,Hors agglomération,Hors intersection,Normale,Autre collision,,,,,,,,,,,3,1,1,1.0,6
201400037264,0014-02-04 12:55:00,14,2,4,12,55,860,194,CONCORDE (BOULEVARD DE L,,,Plein jour,En agglomération,Hors intersection,Normale,Deux véhicules - arrière,,,,,,,,,,,1,2,1,1.0,2
201400037265,0014-02-05 07:40:00,14,2,5,7,40,860,157,CHAUVIGNY (ROUTE DE),,,Nuit sans éclairage public,Hors agglomération,Hors intersection,Pluie légère,Trois véhicules et plus - en chaîne,,,,,,,,,,,3,1,1,2.0,4
201400037266,0014-02-06 15:35:00,14,2,6,15,35,860,194,2 Rue de la MILETERIE,,,Plein jour,En agglomération,Hors intersection,Normale,Autre collision,,,,,,,,,,,1,2,1,1.0,6
201400037267,0014-02-07 11:55:00,14,2,7,11,55,860,194,"10, LIBERATION (AVENUE D",,,Plein jour,En agglomération,Hors intersection,Normale,Trois véhicules et plus - en chaîne,,,,,,,,,,,1,2,1,1.0,4
201400037268,0014-02-07 14:15:00,14,2,7,14,15,860,194,ROCADE OUEST (RD 910),,,Plein jour,En agglomération,Giratoire,Normale,Deux véhicules - côté,,,,,,,,,,,1,2,6,1.0,3
201400037269,0014-02-07 16:55:00,14,2,7,16,55,860,194,"30, COURONNERIES (RUE DE",,,Plein jour,En agglomération,Hors intersection,Pluie légère,Deux véhicules - frontale,,,,,,,,,,,1,2,1,2.0,1
201400037270,0014-02-07 17:00:00,14,2,7,17,0,860,194,"97, MONTBERNAGE (RUE DE)",,,Plein jour,En agglomération,Hors intersection,Pluie légère,Deux véhicules - frontale,,,,,,,,,,,1,2,1,2.0,1
201400037271,0014-02-11 17:55:00,14,2,11,17,55,860,194,PLATEAU DES GLIERES (AVE,,,Plein jour,En agglomération,Intersection en T,Pluie légère,Trois véhicules et plus - collisions multiples,,,,,,,,,,,1,2,3,2.0,5
201400037272,0014-02-13 19:50:00,14,2,13,19,50,860,194,"146, FAUBOURG PONT NEUF",,,Nuit avec éclairage allumé,En agglomération,Hors intersection,Normale,Trois véhicules et plus - collisions multiples,,,,,,,,,,,5,2,1,1.0,5
201400037273,0014-02-16 03:55:00,14,2,16,3,55,860,194,159 RUE DE MONTBERNAGE,,,Nuit avec éclairage allumé,En agglomération,Hors intersection,Pluie légère,Autre collision,,,,,,,,,,,5,2,1,2.0,6
201400037274,0014-02-17 08:25:00,14,2,17,8,25,860,194,9 RUE GRAND MAISON,,,Plein jour,En agglomération,Hors intersection,Normale,Autre collision,,,,,,,,,,,1,2,1,1.0,6
201400037275,0014-02-18 02:40:00,14,2,18,2,40,860,133,"31, POITIERS (AVENUE DE)",,,Nuit avec éclairage allumé,En agglomération,Hors intersection,Normale,Autre collision,,,,,,,,,,,5,2,1,1.0,6
201400037276,0014-02-18 17:30:00,14,2,18,17,30,860,194,"116 AVENUE , LIBERATION",,,Plein jour,En agglomération,Hors intersection,Normale,Deux véhicules - arrière,,,,,,,,,,,1,2,1,1.0,2
201400037277,0014-02-20 20:45:00,14,2,20,20,45,860,194,"115, FAUBOURG PONT NEUF",,,Nuit avec éclairage allumé,En agglomération,Hors intersection,Normale,Deux véhicules - côté,,,,,,,,,,,5,2,1,1.0,3
201400037278,0014-02-22 16:10:00,14,2,22,16,10,860,194,11 NOVEMBRE (AVENUE DU),,,Plein jour,En agglomération,Hors intersection,Pluie légère,Deux véhicules - arrière,,,,,,,,,,,1,2,1,2.0,2
201400037279,0014-02-22 17:10:00,14,2,22,17,10,860,194,ROCADE OUEST (RD 910),,,Plein jour,En agglomération,Hors intersection,Pluie légère,Deux véhicules - côté,,,,,,,,,,,1,2,1,2.0,3
201400037280,0014-02-23 07:15:00,14,2,23,7,15,860,194,"43, COURS (PROMENADE DES",,,Nuit avec éclairage allumé,En agglomération,Hors intersection,Normale,Autre collision,,,,,,,,,,,5,2,1,1.0,6
201400037281,0014-02-24 09:05:00,14,2,24,9,5,860,194,"2, COLIGNY (BOULEVARD)",,,Plein jour,En agglomération,Intersection en T,Normale,Autre collision,,,,,,,,,,,1,2,3,1.0,6
201400037282,0014-03-03 10:15:00,14,3,3,10,15,860,194,"7, RENE AMAND (RUE)",,,Plein jour,En agglomération,Hors intersection,Pluie forte,Autre collision,,,,,,,,,,,1,2,1,3.0,6
201400037283,0014-03-07 13:20:00,14,3,7,13,20,860,194,"138, FAUBOURG PONT NEUF",,,Plein jour,En agglomération,Hors intersection,Normale,Trois véhicules et plus - collisions multiples,,,,,,,,,,,1,2,1,1.0,5
201400037284,0014-03-08 19:39:00,14,3,8,19,39,860,194,"12, ANATOLE FRANCE (BOUL",,,Nuit avec éclairage non allumé,En agglomération,Hors intersection,Normale,Autre collision,,,,,,,,,,,4,2,1,1.0,6
201400037285,0014-03-10 04:00:00,14,3,10,4,0,860,194,61bd ANATOLE FRANCE,,,Nuit avec éclairage allumé,En agglomération,Hors intersection,Normale,Deux véhicules - côté,,,,,,,,,,,5,2,1,1.0,3
201400037286,0014-03-10 08:51:00,14,3,10,8,51,860,194,"., NANTES (AVENUE DE)",,,Plein jour,En agglomération,Giratoire,Normale,Deux véhicules - côté,,,,,,,,,,,1,2,6,1.0,3
201400037287,0014-03-11 12:30:00,14,3,11,12,30,860,194,60Avenue de l'EUROPE,,,Plein jour,En agglomération,Intersection en T,Normale,Deux véhicules - côté,,,,,,,,,,,1,2,3,1.0,3
201400037288,0014-03-12 17:10:00,14,3,12,17,10,860,158,"67, ENTREPRISES (RUE DES",,,Plein jour,En agglomération,Hors intersection,Normale,Deux véhicules - côté,,,,,,,,,,,1,2,1,1.0,3
201400037289,0014-03-14 08:00:00,14,3,14,8,0,860,88,RUE DE L'ECORCERIE,,,Plein jour,En agglomération,Hors intersection,Normale,Autre collision,,,,,,,,,,,1,2,1,1.0,6
201400037290,0014-03-14 07:45:00,14,3,14,7,45,860,214,"217, GENCAY (ROUTE DE)",,,Plein jour,En agglomération,Giratoire,Normale,Autre collision,,,,,,,,,,,1,2,6,1.0,6
201400037291,0014-03-14 11:45:00,14,3,14,11,45,860,194,"11, DEVINIERE (RUE DE LA",,,Plein jour,En agglomération,Hors intersection,Normale,Autre collision,,,,,,,,,,,1,2,1,1.0,6
201400037292,0014-03-14 16:15:00,14,3,14,16,15,860,194,"37, BIGNOUX (RUE DE)",,,Plein jour,En agglomération,Hors intersection,Normale,Autre collision,,,,,,,,,,,1,2,1,1.0,6
201400037293,0014-03-16 10:35:00,14,3,16,10,35,860,41,Avenue des AMANDIERS,,,Plein jour,En agglomération,Intersection en X,Normale,Deux véhicules - côté,,,,,,,,,,,1,2,2,1.0,3
201400037294,0014-03-17 09:25:00,14,3,17,9,25,860,194,JOHN KENNEDY (AVENUE),,,Plein jour,En agglomération,Hors intersection,Brouillard / fumée,Deux véhicules - arrière,,,,,,,,,,,1,2,1,5.0,2
201400037295,0014-03-20 08:10:00,14,3,20,8,10,860,194,ANDRE MALRAUX (VOIE),,,Plein jour,Hors agglomération,Hors intersection,Normale,Deux véhicules - arrière,,,,,,,,,,,1,1,1,1.0,2
201400037296,0014-03-21 02:40:00,14,3,21,2,40,860,194,"129, BONNEUIL MATOURS (R",,,Nuit avec éclairage allumé,En agglomération,Hors intersection,Normale,Autre collision,,,,,,,,,,,5,2,1,1.0,6
201400037297,0014-03-21 17:10:00,14,3,21,17,10,860,214,122  bis ROUTE NOUAILLE,,,Plein jour,En agglomération,Hors intersection,Normale,Autre collision,,,,,,,,,,,1,2,1,1.0,6
201400037298,0014-03-22 11:15:00,14,3,22,11,15,860,157,RN 147,,,Plein jour,Hors agglomération,Hors intersection,Normale,Autre collision,,,,,,,,,,,1,1,1,1.0,6
201400037299,0014-03-23 17:35:00,14,3,23,17,35,860,157,"825, CHAUVIGNY (ROUTE DE",,,Plein jour,En agglomération,Hors intersection,Normale,Autre collision,,,,,,,,,,,1,2,1,1.0,6
201400037300,0014-03-25 14:25:00,14,3,25,14,25,860,194,"3, VERDUN (BOULEVARD DE)",,,Plein jour,En agglomération,Hors intersection,Pluie légère,Autre collision,,,,,,,,,,,1,2,1,2.0,6
201400037301,0014-03-26 11:20:00,14,3,26,11,20,860,194,"2, EUGENE CHEVREUL",,,Plein jour,En agglomération,Hors intersection,Normale,Autre collision,,,,,,,,,,,1,2,1,1.0,6
201400037302,0014-03-26 16:50:00,14,3,26,16,50,860,194,"., NORTHAMPTON (AVENUE D",,,Plein jour,En agglomération,Hors intersection,Normale,Trois véhicules et plus - en chaîne,,,,,,,,,,,1,2,1,1.0,4
201400037303,0014-03-28 14:15:00,14,3,28,14,15,860,194,"0, VALLEE MONNAIE (RUE D",,,Plein jour,En agglomération,Hors intersection,Normale,Autre collision,,,,,,,,,,,1,2,1,1.0,6
201400037304,0014-03-28 18:25:00,14,3,28,18,25,860,194,4PLACE DE ROCHEMAUX,,,Plein jour,En agglomération,Intersection en T,Normale,Deux véhicules - côté,,,,,,,,,,,1,2,3,1.0,3
201400037305,0014-03-29 16:45:00,14,3,29,16,45,860,194,"., CHAUMONT (RUE DE)",,,Plein jour,En agglomération,Hors intersection,Normale,Deux véhicules - côté,,,,,,,,,,,1,2,1,1.0,3
201400037306,0014-03-29 23:15:00,14,3,29,23,15,860,27,"., CRUCHON (LIEU DIT LE)",,,Nuit sans éclairage public,Hors agglomération,Intersection en X,Normale,Deux véhicules - côté,,,,,,,,,,,3,1,2,1.0,3
201400037307,0014-04-01 17:10:00,14,4,1,17,10,860,194,ROCADE OUEST (RD 910),,,Plein jour,En agglomération,Intersection en X,Normale,Deux véhicules - côté,,,,,,,,,,,1,2,2,1.0,3
201400037308,0014-04-03 13:08:00,14,4,3,13,8,860,214,"., GENCAY (ROUTE DE)",,,Plein jour,En agglomération,Giratoire,Pluie forte,Sans collision,,,,,,,,,,,1,2,6,3.0,7
201400037309,0014-04-03 17:34:00,14,4,3,17,34,860,41,95 RUE DES 2 COMMUNES,,,Plein jour,En agglomération,Hors intersection,Pluie légère,Autre collision,,,,,,,,,,,1,2,1,2.0,6
201400037310,0014-04-03 19:15:00,14,4,3,19,15,860,194,RN 147,,,Plein jour,Hors agglomération,Hors intersection,Normale,Deux véhicules - arrière,,,,,,,,,,,1,1,1,1.0,2
201400037311,0014-04-04 21:45:00,14,4,4,21,45,860,194,ROCADE OUEST (RD 910),,,Nuit avec éclairage allumé,En agglomération,Intersection en X,Normale,Deux véhicules - côté,,,,,,,,,,,5,2,2,1.0,3
201400037312,0014-04-05 05:20:00,14,4,5,5,20,860,194,8 MAI 1945 (AVENUE DU),,,Nuit avec éclairage allumé,En agglomération,Giratoire,Normale,Autre collision,,,,,,,,,,,5,2,6,1.0,6
201400037313,0014-04-06 06:00:00,14,4,6,6,0,860,158,RN.147,,,Nuit sans éclairage public,Hors agglomération,Hors intersection,Pluie légère,Deux véhicules - frontale,,,,,,,,,,,3,1,1,2.0,1
201400037314,0014-04-07 17:40:00,14,4,7,17,40,860,194,"215, FAUBOURG PONT NEUF",,,Plein jour,En agglomération,Hors intersection,Normale,Deux véhicules - côté,,,,,,,,,,,1,2,1,1.0,3
201400037315,0014-04-08 07:55:00,14,4,8,7,55,860,194,"., ELVEN (RUE D')",,,Plein jour,En agglomération,Intersection en T,Normale,Deux véhicules - côté,,,,,,,,,,,1,2,3,1.0,3
201400037316,0014-04-08 21:50:00,14,4,8,21,50,860,194,AVENUE JACQUES COEUR,,,Nuit avec éclairage allumé,En agglomération,Intersection en X,Normale,Autre collision,,,,,,,,,,,5,2,2,1.0,6
201400037317,0014-04-09 13:20:00,14,4,9,13,20,860,194,RUE DE CHAUMONT,,,Plein jour,En agglomération,Hors intersection,Normale,Deux véhicules - arrière,,,,,,,,,,,1,2,1,1.0,2
201400037318,0014-04-10 18:30:00,14,4,10,18,30,860,194,"., RECTEUR PINEAU (AVENU",,,Plein jour,En agglomération,Hors intersection,Normale,Autre collision,,,,,,,,,,,1,2,1,1.0,6
201400037319,0014-04-11 03:05:00,14,4,11,3,5,860,133,LES GACHERES,46.51544,0.29959,Nuit sans éclairage public,Hors agglomération,Hors intersection,Normale,Sans collision,,,,,,,,,,,3,1,1,1.0,7
201400037320,0014-04-13 22:00:00,14,4,13,22,0,860,194,ROND POINT DU STADE,,,Nuit avec éclairage allumé,En agglomération,Intersection en X,Normale,Autre collision,,,,,,,,,,,5,2,2,1.0,6
201400037321,0014-04-14 18:05:00,14,4,14,18,5,860,194,RUE DE VALMY,,,Plein jour,En agglomération,Intersection en T,Normale,Autre collision,,,,,,,,,,,1,2,3,1.0,6
201400037322,0014-04-16 12:15:00,14,4,16,12,15,860,194,PONT JOUBERT (BOULEVARD),,,Plein jour,En agglomération,Intersection en T,Normale,Deux véhicules - côté,,,,,,,,,,,1,2,3,1.0,3
201400037323,0014-04-16 15:45:00,14,4,16,15,45,860,194,ANDRE MALRAUX (VOIE),,,Plein jour,En agglomération,Hors intersection,Normale,Deux véhicules - arrière,,,,,,,,,,,1,2,1,1.0,2
201400037324,0014-04-25 18:40:00,14,4,25,18,40,860,194,"24, FAUBOURG SAINT CYPRI",,,Plein jour,En agglomération,Hors intersection,Normale,Autre collision,,,,,,,,,,,1,2,1,1.0,6
201400037325,0014-04-27 00:10:00,14,4,27,0,10,860,194,ROUTE DE BONNEUIL MATOUR,,,Nuit avec éclairage non allumé,En agglomération,Hors intersection,Pluie légère,Deux véhicules - arrière,,,,,,,,,,,4,2,1,2.0,2