accident_id,datetime,annee,mois,jour,heure,minute,departement,commune_insee,adresse,latitude,longitude,luminosite,agglomeration,intersection,meteo,collision,nb_vehicules,nb_usagers,nb_indemnes,nb_tues,nb_blesses_hosp,nb_blesses_legers,age_cond_1,age_cond_2,veh_type_cond_1,veh_type_cond_2,lum_code,agg_code,int_code,atm_code,col_code
201400037453,0014-11-10 07:50:00,14,11,10,7,50,860,194,"10, PARIS (AVENUE DE)",,,Plein jour,En agglomération,Hors intersection,Normale,Deux véhicules - côté,,,,,,,,,,,1,2,1,1.0,3
201400037454,0014-11-10 18:55:00,14,11,10,18,55,860,158,MOULINET (LIEU DIT),,,Nuit sans éclairage public,Hors agglomération,Hors intersection,Normale,Autre collision,,,,,,,,,,,3,1,1,1.0,6
201400037455,0014-11-14 13:40:00,14,11,14,13,40,860,194,"., LAFAYETTE (AVENUE DE)",,,Plein jour,En agglomération,Hors intersection,Pluie légère,Autre collision,,,,,,,,,,,1,2,1,2.0,6
201400037456,0014-11-14 13:45:00,14,11,14,13,45,860,194,"0, ANDRE MALRAUX (VOIE)",,,Plein jour,En agglomération,Hors intersection,Pluie légère,Autre collision,,,,,,,,,,,1,2,1,2.0,6
201400037457,0014-11-16 10:20:00,14,11,16,10,20,860,158,RN.149,,,Plein jour,Hors agglomération,Hors intersection,Normale,Sans collision,,,,,,,,,,,1,1,1,1.0,7
201400037458,0014-11-16 15:50:00,14,11,16,15,50,860,194,"249, NANTES (AVENUE DE)",,,Plein jour,En agglomération,Hors intersection,Normale,Trois véhicules et plus - en chaîne,,,,,,,,,,,1,2,1,1.0,4
201400037459,0014-11-17 19:00:00,14,11,17,19,0,860,194,"13, PONT SAINT CYPRIEN (",,,Nuit avec éclairage allumé,En agglomération,Hors intersection,Pluie légère,Deux véhicules - côté,,,,,,,,,,,5,2,1,2.0,3
201400037460,0014-11-24 18:10:00,14,11,24,18,10,860,194,RN 147,,,Nuit sans éclairage public,Hors agglomération,Hors intersection,Pluie légère,Deux véhicules - côté,,,,,,,,,,,3,1,1,2.0,3
201400037461,0014-11-26 08:00:00,14,11,26,8,0,860,194,"., HENRI DUNANT (RUE)",,,Nuit avec éclairage allumé,En agglomération,Intersection en T,Normale,Deux véhicules - côté,,,,,,,,,,,5,2,3,1.0,3
201400037462,0014-11-26 10:40:00,14,11,26,10,40,860,41,"33, PIC VERT (RUE DU)",,,Plein jour,En agglomération,Hors intersection,Normale,Autre collision,,,,,,,,,,,1,2,1,1.0,6
201400037463,0014-11-26 20:15:00,14,11,26,20,15,860,194,ANTOINE PARMENTIER (ALLE,46.57354,0.37143,Nuit avec éclairage allumé,En agglomération,Hors intersection,Normale,Autre collision,,,,,,,,,,,5,2,1,1.0,6
201400037464,0014-11-28 18:20:00,14,11,28,18,20,860,194,ROBERT SCHUMAN (AVENUE),,,Nuit avec éclairage allumé,En agglomération,Hors intersection,Normale,Deux véhicules - côté,,,,,,,,,,,5,2,1,1.0,3
201400037465,0014-11-28 20:10:00,14,11,28,20,10,860,194,"0, NANTES (AVENUE DE)",,,Nuit avec éclairage allumé,En agglomération,Intersection en T,Normale,Deux véhicules - côté,,,,,,,,,,,5,2,3,1.0,3
201400037466,0014-11-30 01:40:00,14,11,30,1,40,860,158,RD 30,,,Nuit sans éclairage public,Hors agglomération,Hors intersection,Normale,Autre collision,,,,,,,,,,,3,1,1,1.0,6
201400037467,0014-12-02 19:50:00,14,12,2,19,50,860,157,"229, NOUAILLE (ROUTE DE)",,,Nuit avec éclairage allumé,En agglomération,Hors intersection,Pluie légère,Autre collision,,,,,,,,,,,5,2,1,2.0,6
201400037468,0014-12-03 06:10:00,14,12,3,6,10,860,194,"., 8 MAI 1945 (AVENUE DU",,,Nuit avec éclairage allumé,En agglomération,Hors intersection,Temps couvert,Deux véhicules - arrière,,,,,,,,,,,5,2,1,8.0,2
201400037469,0014-12-04 18:45:00,14,12,4,18,45,860,41,ROMAINE (VOIE),46.5949,0.35572,Nuit sans éclairage public,En agglomération,Intersection en T,Pluie légère,Autre collision,,,,,,,,,,,3,2,3,2.0,6
201400037470,0014-12-06 13:50:00,14,12,6,13,50,860,194,"1, PROVIDENCE (RUE DE LA",46.56368,0.36657,Plein jour,En agglomération,Hors intersection,Normale,Deux véhicules - côté,,,,,,,,,,,1,2,1,1.0,3
201400037471,0014-12-09 07:20:00,14,12,9,7,20,860,214,"., ROCADE SUD EST (RD 16",,,Nuit sans éclairage public,En agglomération,Hors intersection,Autre,Autre collision,,,,,,,,,,,3,2,1,9.0,6
201400037472,0014-12-09 07:40:00,14,12,9,7,40,860,133,POIRE (CHEMIN LE)),,,Nuit sans éclairage public,Hors agglomération,Hors intersection,Autre,Autre collision,,,,,,,,,,,3,1,1,9.0,6
201400037473,0014-12-09 07:45:00,14,12,9,7,45,860,194,"., JEAN DE BERRY (PLACE)",,,Nuit avec éclairage allumé,En agglomération,Hors intersection,Autre,Sans collision,,,,,,,,,,,5,2,1,9.0,7
201400037474,0014-12-09 08:20:00,14,12,9,8,20,860,214,"., LORCH (AVENUE DE)",,,Crépuscule ou aube,En agglomération,Hors intersection,Autre,Autre collision,,,,,,,,,,,2,2,1,9.0,6
201400037475,0014-12-09 09:00:00,14,12,9,9,0,860,194,JOHN KENNEDY (AVENUE),,,Plein jour,En agglomération,Hors intersection,Normale,Sans collision,,,,,,,,,,,1,2,1,1.0,7
201400037476,0014-12-09 18:15:00,14,12,9,18,15,860,194,ROCADE OUEST (RD 910),,,Nuit avec éclairage allumé,En agglomération,Intersection en X,Normale,Trois véhicules et plus - collisions multiples,,,,,,,,,,,5,2,2,1.0,5
201400037477,0014-12-12 20:05:00,14,12,12,20,5,860,214,ROCADE SUD EST (RD 162),,,Nuit sans éclairage public,En agglomération,Hors intersection,Pluie légère,Autre collision,,,,,,,,,,,3,2,1,2.0,6
201400037478,0014-12-11 20:10:00,14,12,11,20,10,860,214,ROCADE SUD EST (RD 162),,,Nuit sans éclairage public,Hors agglomération,Hors intersection,Pluie légère,Trois véhicules et plus - en chaîne,,,,,,,,,,,3,1,1,2.0,4
201400037479,0014-12-14 07:20:00,14,12,14,7,20,860,194,"105, GRAND CERF (BOULEVA",46.58317,0.33511,Crépuscule ou aube,En agglomération,Hors intersection,Pluie légère,Autre collision,,,,,,,,,,,2,2,1,2.0,6
201400037480,0014-12-14 09:50:00,14,12,14,9,50,860,194,ROCADE OUEST (RD 910),,,Plein jour,En agglomération,Hors intersection,Pluie légère,Autre collision,,,,,,,,,,,1,2,1,2.0,6
201400037481,0014-12-15 09:30:00,14,12,15,9,30,860,194,"93, PORTEAU (RUE DU)",,,Plein jour,En agglomération,Hors intersection,Normale,Autre collision,,,,,,,,,,,1,2,1,1.0,6
201400037482,0014-12-16 09:35:00,14,12,16,9,35,860,194,ANDRE MALRAUX (VOIE),,,Plein jour,En agglomération,Hors intersection,Normale,Autre collision,,,,,,,,,,,1,2,1,1.0,6
201400037483,0014-12-18 21:15:00,14,12,18,21,15,860,194,"40, FAUBOURG PONT NEUF (",46.57595,0.35379,Nuit avec éclairage allumé,En agglomération,Hors intersection,Pluie légère,Trois véhicules et plus - en chaîne,,,,,,,,,,,5,2,1,2.0,4
201400037484,0014-12-20 05:35:00,14,12,20,5,35,860,157,"1617, CHAUVIGNY (ROUTE D",46.56296,0.41477,Nuit sans éclairage public,Hors agglomération,Hors intersection,Normale,Deux véhicules - arrière,,,,,,,,,,,3,1,1,1.0,2
201400037485,0014-12-21 06:15:00,14,12,21,6,15,860,41,RN 147 BUXEROLLES,,,Nuit sans éclairage public,Hors agglomération,Hors intersection,Normale,Autre collision,,,,,,,,,,,3,1,1,1.0,6
201400037486,0014-12-22 11:00:00,14,12,22,11,0,860,194,JOHN KENNEDY (AVENUE),,,Plein jour,En agglomération,Hors intersection,Normale,Autre collision,,,,,,,,,,,1,2,1,1.0,6
201400037487,0014-12-23 17:50:00,14,12,23,17,50,860,194,"8, LATTRE DE TASSIGNY (B",46.58462,0.35134,Nuit avec éclairage allumé,En agglomération,Hors intersection,Normale,Deux véhicules - côté,,,,,,,,,,,5,2,1,1.0,3
201400037488,0014-12-25 18:50:00,14,12,25,18,50,860,157,RN 147,,,Nuit sans éclairage public,En agglomération,Intersection en T,Normale,Deux véhicules - côté,,,,,,,,,,,3,2,3,1.0,3
201400037489,0014-12-31 12:05:00,14,12,31,12,5,860,194,"29/31, PAUL VERLAINE (RU",46.56736,0.35929,Plein jour,En agglomération,Hors intersection,Normale,Deux véhicules - arrière,,,,,,,,,,,1,2,1,1.0,2
201400037490,0014-01-02 12:23:00,14,1,2,12,23,870,85,AUTOROUTE A20,,,Plein jour,Hors agglomération,Hors intersection,Normale,Sans collision,,,,,,,,,,,1,1,1,1.0,7
201400037491,0014-01-07 18:11:00,14,1,7,18,11,870,85,"03, CHURCHILL WINSTON (P",,,Nuit avec éclairage allumé,En agglomération,Hors intersection,Normale,Autre collision,,,,,,,,,,,5,2,1,1.0,6
201400037492,0014-01-08 14:38:00,14,1,8,14,38,870,85,"15, CLOS SAINTE MARIE (R",,,Plein jour,En agglomération,Hors intersection,Normale,Autre collision,,,,,,,,,,,1,2,1,1.0,6
201400037493,0014-01-10 16:47:00,14,1,10,16,47,870,50,"0, MOULIN (ALLEE JEAN)",,,Plein jour,En agglomération,Hors intersection,Normale,Trois véhicules et plus - collisions multiples,,,,,,,,,,,1,2,1,1.0,5
201400037494,0014-01-12 11:19:00,14,1,12,11,19,870,85,"02, RESISTANCE LIMOUSINE",,,Plein jour,En agglomération,Intersection en X,Normale,Deux véhicules - frontale,,,,,,,,,,,1,2,2,1.0,1
201400037495,0014-01-13 17:24:00,14,1,13,17,24,870,85,PALAIS (ROUTE DU),,,Plein jour,En agglomération,Hors intersection,Normale,Autre collision,,,,,,,,,,,1,2,1,1.0,6
201400037496,0014-01-13 17:04:00,14,1,13,17,4,870,85,"75, LABUSSIERE (AVENUE E",,,Plein jour,En agglomération,Hors intersection,Normale,Autre collision,,,,,,,,,,,1,2,1,1.0,6
201400037497,0014-01-13 15:44:00,14,1,13,15,44,870,113,"0, BOURNAZEAU (LE)",,,Plein jour,En agglomération,Intersection en T,Normale,Deux véhicules - côté,,,,,,,,,,,1,2,3,1.0,3
201400037498,0014-01-14 16:35:00,14,1,14,16,35,870,85,"0, CASSEAUX (AVE DES) (V",,,Plein jour,En agglomération,Intersection en T,Normale,Deux véhicules - côté,,,,,,,,,,,1,2,3,1.0,3
201400037499,0014-01-14 17:52:00,14,1,14,17,52,870,85,"1, MARCONI (AVENUE)",,,Nuit avec éclairage allumé,En agglomération,Hors intersection,Normale,Autre collision,,,,,,,,,,,5,2,1,1.0,6
201400037500,0014-01-16 05:33:00,14,1,16,5,33,870,85,AUTOROUTE A20,,,Nuit sans éclairage public,Hors agglomération,Hors intersection,Pluie légère,Autre collision,,,,,,,,,,,3,1,1,2.0,6
201400037501,0014-01-17 18:05:00,14,1,17,18,5,870,85,"253, DUTREIX (RUE ARMAND",,,Nuit avec éclairage allumé,En agglomération,Hors intersection,Normale,Autre collision,,,,,,,,,,,5,2,1,1.0,6
201400037502,0014-01-17 16:11:00,14,1,17,16,11,870,85,PORT DU NAVEIX (RUE DU),,,Plein jour,En agglomération,Hors intersection,Normale,Autre collision,,,,,,,,,,,1,2,1,1.0,6
201400037503,0014-01-22 07:50:00,14,1,22,7,50,870,85,AUTOROUTE A20,,,Crépuscule ou aube,Hors agglomération,Hors intersection,Normale,Trois véhicules et plus - en chaîne,,,,,,,,,,,2,1,1,1.0,4
201400037504,0014-01-22 09:50:00,14,1,22,9,50,870,85,"67, LECLERC (AVENUE DU G",,,Plein jour,En agglomération,Intersection en X,Normale,Trois véhicules et plus - collisions multiples,,,,,,,,,,,1,2,2,1.0,5
201400037505,0014-01-22 16:03:00,14,1,22,16,3,870,85,"221 ter, LECLERC (AVENUE",,,Plein jour,En agglomération,Hors intersection,Pluie légère,Deux véhicules - arrière,,,,,,,,,,,1,2,1,2.0,2
201400037506,0014-01-23 09:28:00,14,1,23,9,28,870,85,"22, VIGNERAS (RUE PAUL)",,,Plein jour,En agglomération,Hors intersection,Pluie légère,Autre collision,,,,,,,,,,,1,2,1,2.0,6
201400037507,0014-01-24 07:37:00,14,1,24,7,37,870,75,RD79,,,Crépuscule ou aube,En agglomération,Hors intersection,Pluie légère,Deux véhicules - côté,,,,,,,,,,,2,2,1,2.0,3
201400037508,0014-01-25 12:55:00,14,1,25,12,55,870,85,"332, BRIAND (RUE ARISTID",,,Plein jour,En agglomération,Intersection en X,Pluie légère,Autre collision,,,,,,,,,,,1,2,2,2.0,6
201400037509,0014-01-26 20:03:00,14,1,26,20,3,870,85,"115, LATTRE-DE-TASSIGNY",,,Nuit avec éclairage allumé,En agglomération,Hors intersection,Pluie légère,Autre collision,,,,,,,,,,,5,2,1,2.0,6
201400037510,0014-01-28 08:44:00,14,1,28,8,44,870,85,AUTOROUTE A20,,,Plein jour,Hors agglomération,Hors intersection,Pluie légère,Trois véhicules et plus - en chaîne,,,,,,,,,,,1,1,1,2.0,4
201400037511,0014-01-30 07:57:00,14,1,30,7,57,870,85,"26, RUCHOUX (AVENUE DES)",,,Nuit avec éclairage allumé,En agglomération,Hors intersection,Pluie légère,Autre collision,,,,,,,,,,,5,2,1,2.0,6
201400037512,0014-01-30 17:30:00,14,1,30,17,30,870,113,"06, JAURES (RUE JEAN)",,,Plein jour,En agglomération,Hors intersection,Normale,Deux véhicules - côté,,,,,,,,,,,1,2,1,1.0,3
201400037513,0014-02-01 22:11:00,14,2,1,22,11,870,85,"1, PERIN (BOULEVARD GEOR",,,Nuit avec éclairage allumé,En agglomération,Hors intersection,Normale,Autre collision,,,,,,,,,,,5,2,1,1.0,6
201400037514,0014-02-05 08:06:00,14,2,5,8,6,870,85,"13, CERAMIQUE (RUE DE LA",,,Crépuscule ou aube,En agglomération,Hors intersection,Pluie légère,Autre collision,,,,,,,,,,,2,2,1,2.0,6
201400037515,0014-02-07 19:24:00,14,2,7,19,24,870,85,"65, PERRIN (RUE FRANCOIS",,,Nuit avec éclairage allumé,En agglomération,Hors intersection,Pluie légère,Deux véhicules - côté,,,,,,,,,,,5,2,1,2.0,3
201400037516,0014-02-09 14:01:00,14,2,9,14,1,870,85,"46, ISLE (RUE D')",,,Plein jour,En agglomération,Intersection en T,Pluie légère,Deux véhicules - côté,,,,,,,,,,,1,2,3,2.0,3
201400037517,0014-02-10 13:25:00,14,2,10,13,25,870,85,"149, VANTEAUX (BOULEVARD",,,Plein jour,En agglomération,Intersection en X,Pluie légère,Autre collision,,,,,,,,,,,1,2,2,2.0,6
201400037518,0014-02-10 12:06:00,14,2,10,12,6,870,85,"101, MONTJOVIS (AVENUE)",,,Plein jour,En agglomération,Hors intersection,Pluie légère,Autre collision,,,,,,,,,,,1,2,1,2.0,6
201400037519,0014-02-10 19:25:00,14,2,10,19,25,870,85,"0, STALINGRAD (PLACE)",,,Nuit avec éclairage allumé,En agglomération,Intersection en X,Normale,Deux véhicules - côté,,,,,,,,,,,5,2,2,1.0,3
201400037520,0014-02-12 19:39:00,14,2,12,19,39,870,85,"23, MAUVENDIERE (RUE DE",,,Nuit avec éclairage allumé,En agglomération,Intersection en T,Pluie légère,Deux véhicules - côté,,,,,,,,,,,5,2,3,2.0,3
201400037521,0014-02-13 06:50:00,14,2,13,6,50,870,85,"07, BEAUBREUIL (PLACE DE",,,Nuit avec éclairage allumé,En agglomération,Hors intersection,Pluie légère,Autre collision,,,,,,,,,,,5,2,1,2.0,6
201400037522,0014-02-15 08:21:00,14,2,15,8,21,870,48,"0, NEXON (ROUTE DE)",,,Plein jour,Hors agglomération,Hors intersection,Pluie légère,Autre collision,,,,,,,,,,,1,1,1,2.0,6
201400037523,0014-02-15 12:04:00,14,2,15,12,4,870,114,"3, PUY MOULINIER - LIEU",,,Plein jour,Hors agglomération,Hors intersection,Normale,Autre collision,,,,,,,,,,,1,1,1,1.0,6
201400037524,0014-02-15 18:59:00,14,2,15,18,59,870,85,"71, GARIBALDI (AVENUE)",,,Nuit avec éclairage allumé,En agglomération,Hors intersection,Normale,Autre collision,,,,,,,,,,,5,2,1,1.0,6
201400037525,0014-02-16 15:25:00,14,2,16,15,25,870,85,AUTOROUTE A20,,,Plein jour,Hors agglomération,Hors intersection,Pluie légère,Autre collision,,,,,,,,,,,1,1,1,2.0,6
201400037526,0014-02-17 08:35:00,14,2,17,8,35,870,85,"38, RD941 (OUEST)",,,Plein jour,Hors agglomération,Hors intersection,Normale,Trois véhicules et plus - en chaîne,,,,,,,,,,,1,1,1,1.0,4
201400037527,0014-02-18 16:35:00,14,2,18,16,35,870,85,"14, BUXEROLLES (RUE DE)",,,Plein jour,En agglomération,Hors intersection,Normale,Autre collision,,,,,,,,,,,1,2,1,1.0,6
201400037528,0014-02-19 17:53:00,14,2,19,17,53,870,50,"66, RN 147",,,Plein jour,En agglomération,Hors intersection,Normale,Deux véhicules - arrière,,,,,,,,,,,1,2,1,1.0,2
201400037529,0014-02-20 11:40:00,14,2,20,11,40,870,85,"0, PONT NEUF",,,Plein jour,En agglomération,Intersection en T,Normale,Deux véhicules - côté,,,,,,,,,,,1,2,3,1.0,3
201400037530,0014-02-22 11:07:00,14,2,22,11,7,870,85,"3, CHARPENTIER (RUE)",,,Plein jour,En agglomération,Intersection en T,Normale,Autre collision,,,,,,,,,,,1,2,3,1.0,6
201400037531,0014-02-24 08:55:00,14,2,24,8,55,870,85,"416, TOULOUSE (RUE DE)",,,Plein jour,En agglomération,Hors intersection,Normale,Deux véhicules - côté,,,,,,,,,,,1,2,1,1.0,3
201400037532,0014-02-24 12:16:00,14,2,24,12,16,870,85,"1, BLANC LOUIS (BOULEVAR",,,Plein jour,En agglomération,Intersection en X,Normale,Autre collision,,,,,,,,,,,1,2,2,1.0,6
201400037533,0014-02-26 08:34:00,14,2,26,8,34,870,85,"86, LECLERC (AVENUE DU G",,,Plein jour,En agglomération,Hors intersection,Pluie légère,Autre collision,,,,,,,,,,,1,2,1,2.0,6
201400037534,0014-02-26 17:51:00,14,2,26,17,51,870,85,"0, FERRER (RUE FRANCISCO",,,Plein jour,En agglomération,Hors intersection,Normale,Trois véhicules et plus - en chaîne,,,,,,,,,,,1,2,1,1.0,4
201400037535,0014-03-05 12:09:00,14,3,5,12,9,870,85,"32, FABRE EGLANTINE (ALL",,,Plein jour,En agglomération,Hors intersection,Normale,Autre collision,,,,,,,,,,,1,2,1,1.0,6
201400037536,0014-03-06 12:35:00,14,3,6,12,35,870,85,"15, ROUSSEAU (RUE JEAN J",,,Plein jour,En agglomération,Hors intersection,Normale,Deux véhicules - frontale,,,,,,,,,,,1,2,1,1.0,1
201400037537,0014-03-08 14:33:00,14,3,8,14,33,870,85,"267, PERRIN (RUE FRANCOI",,,Plein jour,En agglomération,Intersection en T,Normale,Trois véhicules et plus - collisions multiples,,,,,,,,,,,1,2,3,1.0,5
201400037538,0014-03-11 06:50:00,14,3,11,6,50,870,85,"42, LATTRE-DE-TASSIGNY (",,,Crépuscule ou aube,En agglomération,Hors intersection,Normale,Autre collision,,,,,,,,,,,2,2,1,1.0,6
201400037539,0014-03-11 08:22:00,14,3,11,8,22,870,85,"10, BEAUBLANC (BOULEVARD",,,Plein jour,En agglomération,Hors intersection,Normale,Trois véhicules et plus - en chaîne,,,,,,,,,,,1,2,1,1.0,4
201400037540,0014-03-13 10:12:00,14,3,13,10,12,870,85,"245, TOULOUSE (RUE DE)",,,Plein jour,En agglomération,Hors intersection,Normale,Deux véhicules - côté,,,,,,,,,,,1,2,1,1.0,3
201400037541,0014-03-13 14:09:00,14,3,13,14,9,870,85,"35, SERRES (RUE OLIVIER",,,Plein jour,En agglomération,Hors intersection,Normale,Autre collision,,,,,,,,,,,1,2,1,1.0,6
201400037542,0014-03-13 17:58:00,14,3,13,17,58,870,85,"95, VIGENAL (BOULEVARD D",,,Plein jour,En agglomération,Hors intersection,Normale,Deux véhicules - arrière,,,,,,,,,,,1,2,1,1.0,2
201400037543,0014-03-14 08:25:00,14,3,14,8,25,870,85,"23, JOFFRE (RUE DU MAREC",,,Plein jour,En agglomération,Hors intersection,Normale,Autre collision,,,,,,,,,,,1,2,1,1.0,6
201400037544,0014-03-14 14:10:00,14,3,14,14,10,870,85,"22, CASSEAUX (AVE DES) (",,,Plein jour,En agglomération,Hors intersection,Normale,Deux véhicules - côté,,,,,,,,,,,1,2,1,1.0,3
201400037545,0014-03-16 16:28:00,14,3,16,16,28,870,85,"142, NEXON (RUE DE)",,,Plein jour,En agglomération,Hors intersection,Normale,Autre collision,,,,,,,,,,,1,2,1,1.0,6
201400037546,0014-03-15 13:29:00,14,3,15,13,29,870,85,"149, VANTEAUX (BOULEVARD",,,Plein jour,En agglomération,Intersection en T,Normale,Deux véhicules - arrière,,,,,,,,,,,1,2,3,1.0,2
201400037547,0014-03-18 07:55:00,14,3,18,7,55,870,50,"143, LIMOGES (AVENUE DE)",,,Plein jour,En agglomération,Hors intersection,Normale,Deux véhicules - côté,,,,,,,,,,,1,2,1,1.0,3
201400037548,0014-03-18 07:49:00,14,3,18,7,49,870,50,RN 147,,,Plein jour,En agglomération,Intersection en X,Normale,Deux véhicules - côté,,,,,,,,,,,1,2,2,1.0,3
201400037549,0014-03-18 12:10:00,14,3,18,12,10,870,85,"0, BUXEROLLES (RUE DE)",,,Plein jour,En agglomération,Hors intersection,Normale,Autre collision,,,,,,,,,,,1,2,1,1.0,6
201400037550,0014-03-19 11:39:00,14,3,19,11,39,870,85,"59, SEMARD (RUE PIERRE)",,,Plein jour,En agglomération,Hors intersection,Normale,Autre collision,,,,,,,,,,,1,2,1,1.0,6
201400037551,0014-03-19 17:05:00,14,3,19,17,5,870,113,"0, BRIAND (AVENUE ARISTI",,,Plein jour,En agglomération,Intersection en T,Normale,Deux véhicules - côté,,,,,,,,,,,1,2,3,1.0,3
201400037552,0014-03-21 01:28:00,14,3,21,1,28,870,85,"11, FONTAUBERT (RUE DE)",,,Nuit avec éclairage allumé,En agglomération,Hors intersection,Pluie légère,Autre collision,,,,,,,,,,,5,2,1,2.0,6
201400037553,0014-03-22 19:00:00,14,3,22,19,0,870,85,"13, JOURDAN (PLACE)",,,Plein jour,En agglomération,Place,Normale,Deux véhicules - côté,,,,,,,,,,,1,2,7,1.0,3
201400037554,0014-03-23 17:58:00,14,3,23,17,58,870,85,"0, SCHUMAN (BOULEVARD RO",,,Plein jour,En agglomération,Intersection en T,Normale,Deux véhicules - côté,,,,,,,,,,,1,2,3,1.0,3
201400037555,0014-03-24 06:18:00,14,3,24,6,18,870,85,"0, BROGLIE (AVENUE LOUIS",,,Nuit avec éclairage allumé,En agglomération,Hors intersection,Normale,Autre collision,,,,,,,,,,,5,2,1,1.0,6
201400037556,0014-03-24 17:26:00,14,3,24,17,26,870,85,"40, GAMBETTA (BOULEVARD)",,,Plein jour,En agglomération,Hors intersection,Normale,Autre collision,,,,,,,,,,,1,2,1,1.0,6
201400037557,0014-03-26 17:34:00,14,3,26,17,34,870,85,"02, LE BAIL (RUE JEAN)",,,Plein jour,En agglomération,Intersection en X,Normale,Autre collision,,,,,,,,,,,1,2,2,1.0,6
201400037558,0014-03-29 16:19:00,14,3,29,16,19,870,85,"09, GIFFARD (RUE HENRI)",,,Plein jour,En agglomération,Intersection en T,Normale,Deux véhicules - côté,,,,,,,,,,,1,2,3,1.0,3
201400037559,0014-03-30 07:16:00,14,3,30,7,16,870,85,"0, CHURCHILL WINSTON (PL",,,Nuit avec éclairage allumé,En agglomération,Intersection en X,Normale,Autre collision,,,,,,,,,,,5,2,2,1.0,6
201400037560,0014-03-31 07:22:00,14,3,31,7,22,870,65,AUTOROUTE A20,,,Plein jour,Hors agglomération,Hors intersection,Normale,Autre collision,,,,,,,,,,,1,1,1,1.0,6
201400037561,0014-04-01 18:38:00,14,4,1,18,38,870,85,"78, CHENIEUX (RUE FRANCO",,,Plein jour,En agglomération,Hors intersection,Normale,Autre collision,,,,,,,,,,,1,2,1,1.0,6
201400037562,0014-04-03 12:57:00,14,4,3,12,57,870,85,"26, CHINCHAUVAUD (RUE DU",,,Plein jour,En agglomération,Hors intersection,Pluie légère,Deux véhicules - côté,,,,,,,,,,,1,2,1,2.0,3
201400037563,0014-04-03 19:05:00,14,4,3,19,5,870,85,"40, GARIBALDI (AVENUE)",,,Plein jour,En agglomération,Hors intersection,Normale,Autre collision,,,,,,,,,,,1,2,1,1.0,6
201400037564,0014-04-03 19:46:00,14,4,3,19,46,870,85,"74, GRAND-TREUIL (RUE DU",,,Crépuscule ou aube,En agglomération,Intersection en T,Normale,Deux véhicules - côté,,,,,,,,,,,2,2,3,1.0,3
201400037565,0014-04-05 22:34:00,14,4,5,22,34,870,85,"37, PETINIAUD BEAUPEYRAT",,,Nuit avec éclairage allumé,En agglomération,Intersection en X,Normale,Deux véhicules - côté,,,,,,,,,,,5,2,2,1.0,3
201400037566,0014-04-09 08:22:00,14,4,9,8,22,870,85,"13, JOURDAN (COURS)",,,Plein jour,En agglomération,Intersection en T,Normale,Deux véhicules - côté,,,,,,,,,,,1,2,3,1.0,3
201400037567,0014-04-09 12:30:00,14,4,9,12,30,870,65,"19, PLAISANCE (RUE DE)",,,Plein jour,En agglomération,Intersection en T,Normale,Deux véhicules - arrière,,,,,,,,,,,1,2,3,1.0,2
201400037568,0014-04-09 17:56:00,14,4,9,17,56,870,85,"0, CATROUX (RUE DU GENER",,,Plein jour,En agglomération,Hors intersection,Normale,Autre collision,,,,,,,,,,,1,2,1,1.0,6
201400037569,0014-04-10 09:02:00,14,4,10,9,2,870,114,"02, BETOULLE (AVENUE LEO",,,Plein jour,En agglomération,Hors intersection,Normale,Deux véhicules - frontale,,,,,,,,,,,1,2,1,1.0,1
201400037570,0014-04-13 10:01:00,14,4,13,10,1,870,85,"60, MONTJOVIS (AVENUE)",,,Plein jour,En agglomération,Hors intersection,Normale,Deux véhicules - frontale,,,,,,,,,,,1,2,1,1.0,1
201400037571,0014-04-13 11:40:00,14,4,13,11,40,870,85,"0, BROGLIE (AVENUE LOUIS",,,Plein jour,Hors agglomération,Intersection en T,Normale,Deux véhicules - côté,,,,,,,,,,,1,1,3,1.0,3
201400037572,0014-04-15 18:33:00,14,4,15,18,33,870,85,"01, MICHAUD (RUE EDOUARD",,,Plein jour,En agglomération,Autre intersection,Normale,Deux véhicules - côté,,,,,,,,,,,1,2,9,1.0,3
201400037573,0014-04-15 19:55:00,14,4,15,19,55,870,85,"0, SABLARD (AVENUE DE)",,,Plein jour,En agglomération,Intersection en X,Normale,Deux véhicules - côté,,,,,,,,,,,1,2,2,1.0,3
201400037574,0014-04-16 08:04:00,14,4,16,8,4,870,85,"400, RUE DE TOULOUSE",,,Plein jour,En agglomération,Autre intersection,Normale,Deux véhicules - côté,,,,,,,,,,,1,2,9,1.0,3
201400037575,0014-04-16 09:00:00,14,4,16,9,0,870,85,"20, MAUVENDIERE (RUE DE",,,Plein jour,En agglomération,Hors intersection,Normale,Autre collision,,,,,,,,,,,1,2,1,1.0,6
201400037576,0014-04-16 12:28:00,14,4,16,12,28,870,85,"11, ALSACE LORRAINE (RUE",,,Plein jour,En agglomération,Intersection en T,Normale,Deux véhicules - côté,,,,,,,,,,,1,2,3,1.0,3
201400037577,0014-04-16 17:46:00,14,4,16,17,46,870,85,"106, RUBEN (AVENUE ERNES",,,Plein jour,En agglomération,Intersection en X,Normale,Deux véhicules - côté,,,,,,,,,,,1,2,2,1.0,3
201400037578,0014-04-17 07:07:00,14,4,17,7,7,870,85,"0, FOUGERAS (RUE DE)",,,Plein jour,En agglomération,Intersection en X,Normale,Deux véhicules - arrière,,,,,,,,,,,1,2,2,1.0,2
201400037579,0014-04-18 23:17:00,14,4,18,23,17,870,85,"105, BAC (RUE THEODORE)",,,Nuit avec éclairage allumé,En agglomération,Hors intersection,Normale,Autre collision,,,,,,,,,,,5,2,1,1.0,6