accident_id,datetime,annee,mois,jour,heure,minute,departement,commune_insee,adresse,latitude,longitude,luminosite,agglomeration,intersection,meteo,collision,nb_vehicules,nb_usagers,nb_indemnes,nb_tues,nb_blesses_hosp,nb_blesses_legers,age_cond_1,age_cond_2,veh_type_cond_1,veh_type_cond_2,lum_code,agg_code,int_code,atm_code,col_code
201400037580,0014-04-19 19:05:00,14,4,19,19,5,870,85,"227, LECLERC (AVENUE DU",,,Plein jour,En agglomération,Hors intersection,Normale,Trois véhicules et plus - collisions multiples,,,,,,,,,,,1,2,1,1.0,5
201400037581,0014-04-20 11:20:00,14,4,20,11,20,870,85,"75, THOMAS (AVENUE ALBER",,,Plein jour,En agglomération,Hors intersection,Normale,Autre collision,,,,,,,,,,,1,2,1,1.0,6
201400037582,0014-04-22 15:45:00,14,4,22,15,45,870,85,"252, LECLERC (AVENUE DU",,,Plein jour,En agglomération,Hors intersection,Normale,Autre collision,,,,,,,,,,,1,2,1,1.0,6
201400037583,0014-04-22 16:11:00,14,4,22,16,11,870,85,"101, BRIAND (RUE ARISTID",,,Plein jour,En agglomération,Intersection en T,Normale,Deux véhicules - côté,,,,,,,,,,,1,2,3,1.0,3
201400037584,0014-04-23 12:08:00,14,4,23,12,8,870,85,"37, DUMAS (AVENUE GEORGE",,,Plein jour,En agglomération,Hors intersection,Normale,Autre collision,,,,,,,,,,,1,2,1,1.0,6
201400037585,0014-04-23 19:50:00,14,4,23,19,50,870,85,"22, LATTRE-DE-TASSIGNY (",,,Plein jour,En agglomération,Hors intersection,Pluie légère,Deux véhicules - arrière,,,,,,,,,,,1,2,1,2.0,2
201400037586,0014-04-24 19:20:00,14,4,24,19,20,870,85,"0, MICHAUD (RUE EDOUARD)",,,Plein jour,En agglomération,Intersection en X,Pluie légère,Deux véhicules - côté,,,,,,,,,,,1,2,2,2.0,3
201400037587,0014-04-26 01:33:00,14,4,26,1,33,870,85,"22, LEGENDRE (RUE CHARLE",,,Nuit avec éclairage allumé,En agglomération,Hors intersection,Pluie légère,Deux véhicules - frontale,,,,,,,,,,,5,2,1,2.0,1
201400037588,0014-04-26 12:02:00,14,4,26,12,2,870,85,"01, JAMOT (RUE EUGENE)",,,Plein jour,En agglomération,Intersection en T,Pluie légère,Deux véhicules - côté,,,,,,,,,,,1,2,3,2.0,3
201400037589,0014-04-26 20:32:00,14,4,26,20,32,870,85,"05, SABLARD (AVENUE DE)",,,Plein jour,En agglomération,Hors intersection,Pluie légère,Autre collision,,,,,,,,,,,1,2,1,2.0,6
201400037590,0014-04-27 19:55:00,14,4,27,19,55,870,85,AUTOROUTE A20,,,Plein jour,Hors agglomération,Hors intersection,Pluie légère,Autre collision,,,,,,,,,,,1,1,1,2.0,6
201400037591,0014-04-28 11:50:00,14,4,28,11,50,870,50,"02, LIMOGES (AVENUE DE)",,,Plein jour,En agglomération,Hors intersection,Pluie légère,Deux véhicules - côté,,,,,,,,,,,1,2,1,2.0,3
201400037592,0014-04-29 20:49:00,14,4,29,20,49,870,85,"02, PETITES CARMES (BOUL",,,Crépuscule ou aube,En agglomération,Intersection en T,Pluie forte,Autre collision,,,,,,,,,,,2,2,3,3.0,6
201400037593,0014-04-30 18:45:00,14,4,30,18,45,870,85,"12, GAY-LUSSAC (COURS)",,,Plein jour,En agglomération,Intersection en T,Normale,Deux véhicules - côté,,,,,,,,,,,1,2,3,1.0,3
201400037594,0014-04-30 19:44:00,14,4,30,19,44,870,85,"11, CEREZ (RUE DU GENERA",,,Plein jour,En agglomération,Hors intersection,Normale,Deux véhicules - arrière,,,,,,,,,,,1,2,1,1.0,2
201400037595,0014-05-02 09:26:00,14,5,2,9,26,870,85,"33, APPERT (RUE NICOLAS)",,,Plein jour,En agglomération,Hors intersection,Pluie légère,Deux véhicules - arrière,,,,,,,,,,,1,2,1,2.0,2
201400037596,0014-05-03 17:17:00,14,5,3,17,17,870,85,"51, PISSARO (RUE CAMILLE",,,Plein jour,En agglomération,Intersection en T,Normale,Deux véhicules - côté,,,,,,,,,,,1,2,3,1.0,3
201400037597,0014-05-04 13:33:00,14,5,4,13,33,870,85,"57, MONTMAILLER (RUE)",,,Nuit avec éclairage allumé,En agglomération,Intersection en T,Normale,Autre collision,,,,,,,,,,,5,2,3,1.0,6
201400037598,0014-05-05 17:14:00,14,5,5,17,14,870,85,"25, MONTEGUT (RUE EMILE)",,,Plein jour,En agglomération,Intersection en X,Normale,Deux véhicules - côté,,,,,,,,,,,1,2,2,1.0,3
201400037599,0014-05-07 07:51:00,14,5,7,7,51,870,85,"0, MONNET (RUE JEAN)",,,Plein jour,En agglomération,Intersection en X,Normale,Autre collision,,,,,,,,,,,1,2,2,1.0,6
201400037600,0014-05-07 15:05:00,14,5,7,15,5,870,85,"23, ARGENTIERS (RUE DES)",,,Plein jour,En agglomération,Hors intersection,Normale,Autre collision,,,,,,,,,,,1,2,1,1.0,6
201400037601,0014-05-07 16:23:00,14,5,7,16,23,870,85,"273, PERRIN (RUE FRANCOI",,,Plein jour,En agglomération,Intersection en T,Normale,Deux véhicules - côté,,,,,,,,,,,1,2,3,1.0,3
201400037602,0014-05-08 20:16:00,14,5,8,20,16,870,85,"28, GARIBALDI (AVENUE)",,,Plein jour,En agglomération,Hors intersection,Normale,Autre collision,,,,,,,,,,,1,2,1,1.0,6
201400037603,0014-05-12 13:31:00,14,5,12,13,31,870,85,"32, BAUDIN ( AVENUE) (VC",,,Plein jour,En agglomération,Intersection en X,Pluie légère,Deux véhicules - côté,,,,,,,,,,,1,2,2,2.0,3
201400037604,0014-05-16 16:45:00,14,5,16,16,45,870,85,"2bis, PETINIAUD BEAUPEYR",,,Plein jour,En agglomération,Hors intersection,Normale,Autre collision,,,,,,,,,,,1,2,1,1.0,6
201400037605,0014-05-19 08:45:00,14,5,19,8,45,870,85,"27, BEL AIR (BOULEVARD D",,,Plein jour,En agglomération,Hors intersection,Pluie légère,Trois véhicules et plus - en chaîne,,,,,,,,,,,1,2,1,2.0,4
201400037606,0014-05-20 17:58:00,14,5,20,17,58,870,85,"19, LECLERC (AVENUE DU G",,,Plein jour,En agglomération,Intersection en T,Normale,Deux véhicules - côté,,,,,,,,,,,1,2,3,1.0,3
201400037607,0014-05-22 00:25:00,14,5,22,0,25,870,85,"0, VALOINE (BOULEVARD DE",,,Nuit avec éclairage allumé,En agglomération,Hors intersection,Pluie légère,Autre collision,,,,,,,,,,,5,2,1,2.0,6
201400037608,0014-05-22 16:11:00,14,5,22,16,11,870,85,VANTEAUX (BOULEVARD DE),,,Plein jour,En agglomération,Intersection en X,Normale,Deux véhicules - côté,,,,,,,,,,,1,2,2,1.0,3
201400037609,0014-05-23 07:47:00,14,5,23,7,47,870,50,"104, RD947",,,Plein jour,Hors agglomération,Intersection en X,Normale,Autre collision,,,,,,,,,,,1,1,2,1.0,6
201400037610,0014-05-25 06:24:00,14,5,25,6,24,870,85,"26, PALMIERS (RUE DES)",,,Crépuscule ou aube,En agglomération,Intersection en X,Pluie légère,Deux véhicules - côté,,,,,,,,,,,2,2,2,2.0,3
201400037611,0014-05-25 16:22:00,14,5,25,16,22,870,75,"0, ARAGON (AVENUE LOUIS)",,,Plein jour,En agglomération,Intersection en X,Pluie légère,Deux véhicules - côté,,,,,,,,,,,1,2,2,2.0,3
201400037612,0014-05-26 12:35:00,14,5,26,12,35,870,85,SCHUMAN (BOULEVARD ROBER,,,Plein jour,En agglomération,Intersection en T,Pluie légère,Trois véhicules et plus - en chaîne,,,,,,,,,,,1,2,3,2.0,4
201400037613,0014-05-27 20:56:00,14,5,27,20,56,870,85,"367, TOULOUSE (RUE DE)",,,Crépuscule ou aube,En agglomération,Intersection en T,Normale,Deux véhicules - côté,,,,,,,,,,,2,2,3,1.0,3
201400037614,0014-05-30 14:39:00,14,5,30,14,39,870,85,"158, VANTEAUX (BOULEVARD",,,Plein jour,En agglomération,Intersection en T,Normale,Deux véhicules - arrière,,,,,,,,,,,1,2,3,1.0,2
201400037615,0014-05-30 22:06:00,14,5,30,22,6,870,85,"85, LOUYAT (AVENUE DE)",,,Nuit avec éclairage allumé,En agglomération,Intersection en X,Normale,Deux véhicules - côté,,,,,,,,,,,5,2,2,1.0,3
201400037616,0014-05-31 21:56:00,14,5,31,21,56,870,85,"02, PETINIAUD BEAUPEYRAT",,,Plein jour,En agglomération,Intersection en T,Normale,Autre collision,,,,,,,,,,,1,2,3,1.0,6
201400037617,0014-06-02 13:50:00,14,6,2,13,50,870,85,"11, LEBON (RUE PHILIPPE)",,,Plein jour,En agglomération,Hors intersection,Normale,Deux véhicules - arrière,,,,,,,,,,,1,2,1,1.0,2
201400037618,0014-06-02 17:04:00,14,6,2,17,4,870,85,"12, PAGUENAUD (RUE JEAN-",,,Plein jour,En agglomération,Hors intersection,Normale,Deux véhicules - côté,,,,,,,,,,,1,2,1,1.0,3
201400037619,0014-06-04 08:20:00,14,6,4,8,20,870,85,"83, LATTRE-DE-TASSIGNY (",,,Plein jour,En agglomération,Intersection en T,Pluie légère,Deux véhicules - côté,,,,,,,,,,,1,2,3,2.0,3
201400037620,0014-06-04 11:20:00,14,6,4,11,20,870,85,"09, ERMITAGE (RUE DE L')",,,Plein jour,En agglomération,Hors intersection,Pluie légère,Autre collision,,,,,,,,,,,1,2,1,2.0,6
201400037621,0014-06-04 11:52:00,14,6,4,11,52,870,85,"275, DUTREIX (RUE ARMAND",,,Plein jour,En agglomération,Intersection en X,Pluie légère,Deux véhicules - arrière,,,,,,,,,,,1,2,2,2.0,2
201400037622,0014-06-05 18:06:00,14,6,5,18,6,870,65,VALIN (AVENUE MARTIAL),,,Plein jour,Hors agglomération,Hors intersection,Normale,Deux véhicules - arrière,,,,,,,,,,,1,1,1,1.0,2
201400037623,0014-06-05 18:24:00,14,6,5,18,24,870,85,"01, MAS-BOUYOL  (CITE ET",,,Plein jour,En agglomération,Intersection en T,Normale,Deux véhicules - arrière,,,,,,,,,,,1,2,3,1.0,2
201400037624,0014-06-06 20:00:00,14,6,6,20,0,870,85,"32, CHURCHILL WINSTON (P",,,Plein jour,En agglomération,Intersection en T,Normale,Deux véhicules - côté,,,,,,,,,,,1,2,3,1.0,3
201400037625,0014-06-08 19:00:00,14,6,8,19,0,870,85,"30, GAY-LUSSAC (COURS)",,,Plein jour,En agglomération,Hors intersection,Normale,Autre collision,,,,,,,,,,,1,2,1,1.0,6
201400037626,0014-06-10 08:47:00,14,6,10,8,47,870,85,"42, LATTRE-DE-TASSIGNY (",,,Plein jour,En agglomération,Intersection en T,Normale,Autre collision,,,,,,,,,,,1,2,3,1.0,6
201400037627,0014-06-10 13:01:00,14,6,10,13,1,870,85,"25, DORGELES (AVENUE ROL",,,Plein jour,En agglomération,Hors intersection,Normale,Autre collision,,,,,,,,,,,1,2,1,1.0,6
201400037628,0014-06-10 20:17:00,14,6,10,20,17,870,65,PAGNOL (AVENUE MARCEL-),,,Plein jour,En agglomération,Hors intersection,Normale,Autre collision,,,,,,,,,,,1,2,1,1.0,6
201400037629,0014-06-11 15:35:00,14,6,11,15,35,870,114,"31, LEYSSENE (JOSEPH-)",,,Plein jour,En agglomération,Intersection en T,Normale,Deux véhicules - côté,,,,,,,,,,,1,2,3,1.0,3
201400037630,0014-06-12 08:54:00,14,6,12,8,54,870,65,RD979,,,Plein jour,En agglomération,Autre intersection,Normale,Deux véhicules - côté,,,,,,,,,,,1,2,9,1.0,3
201400037631,0014-06-12 16:27:00,14,6,12,16,27,870,65,"0, LEGRAND (RUE FREDERIC",,,Plein jour,En agglomération,Intersection en T,Normale,Deux véhicules - côté,,,,,,,,,,,1,2,3,1.0,3
201400037632,0014-06-12 16:20:00,14,6,12,16,20,870,85,"19, FEYTIAT (RUE DE)",,,Plein jour,En agglomération,Hors intersection,Normale,Autre collision,,,,,,,,,,,1,2,1,1.0,6
201400037633,0014-06-14 17:05:00,14,6,14,17,5,870,85,"21, MOCQUET(RUE GUY)",,,Plein jour,Hors agglomération,Intersection en T,Normale,Deux véhicules - arrière,,,,,,,,,,,1,1,3,1.0,2
201400037634,0014-06-15 19:51:00,14,6,15,19,51,870,85,"70, BAUDIN ( AVENUE) (VC",,,Plein jour,En agglomération,Hors intersection,Normale,Autre collision,,,,,,,,,,,1,2,1,1.0,6
201400037635,0014-06-16 13:15:00,14,6,16,13,15,870,85,"14, PUY IMBERT (RUE DU)",,,Plein jour,En agglomération,Hors intersection,Normale,Autre collision,,,,,,,,,,,1,2,1,1.0,6
201400037636,0014-06-17 08:14:00,14,6,17,8,14,870,85,"65, BEAUPUY (RUE DE)",,,Plein jour,En agglomération,Intersection en T,Normale,Deux véhicules - côté,,,,,,,,,,,1,2,3,1.0,3
201400037637,0014-06-17 12:13:00,14,6,17,12,13,870,85,"104, RUCHOUX (AVENUE DES",,,Plein jour,En agglomération,Intersection en T,Normale,Trois véhicules et plus - collisions multiples,,,,,,,,,,,1,2,3,1.0,5
201400037638,0014-06-19 08:27:00,14,6,19,8,27,870,85,REYNIE (RUE DE LA),,,Plein jour,En agglomération,Intersection en T,Normale,Deux véhicules - arrière,,,,,,,,,,,1,2,3,1.0,2
201400037639,0014-06-19 16:10:00,14,6,19,16,10,870,50,"0, MONTIN (ROUTE DU)",,,Plein jour,Hors agglomération,Intersection en X,Normale,Trois véhicules et plus - collisions multiples,,,,,,,,,,,1,1,2,1.0,5
201400037640,0014-06-22 18:03:00,14,6,22,18,3,870,85,AUTOROUTE A20,,,Plein jour,Hors agglomération,Hors intersection,Normale,Trois véhicules et plus - collisions multiples,,,,,,,,,,,1,1,1,1.0,5
201400037641,0014-06-24 17:30:00,14,6,24,17,30,870,85,"18, CONSULAT (RUE DU)",,,Plein jour,En agglomération,Hors intersection,Normale,Deux véhicules - arrière,,,,,,,,,,,1,2,1,1.0,2
201400037642,0014-06-24 18:46:00,14,6,24,18,46,870,85,VIGENAL (BOULEVARD DU),,,Plein jour,En agglomération,Hors intersection,Normale,Autre collision,,,,,,,,,,,1,2,1,1.0,6
201400037643,0014-06-24 22:01:00,14,6,24,22,1,870,85,"49, GARIBALDI (AVENUE)",,,Crépuscule ou aube,En agglomération,Hors intersection,Normale,Autre collision,,,,,,,,,,,2,2,1,1.0,6
201400037644,0014-06-28 12:33:00,14,6,28,12,33,870,85,"0, CHURCHILL WINSTON (PL",,,Plein jour,En agglomération,Hors intersection,Normale,Autre collision,,,,,,,,,,,1,2,1,1.0,6
201400037645,0014-06-30 18:05:00,14,6,30,18,5,870,85,"11, COMTE (RUE AUGUSTE)",,,Plein jour,En agglomération,Intersection en X,Normale,Deux véhicules - côté,,,,,,,,,,,1,2,2,1.0,3
201400037646,0014-07-01 11:45:00,14,7,1,11,45,870,85,"33, MICHAUD (RUE EDOUARD",,,Plein jour,En agglomération,Hors intersection,Normale,Deux véhicules - côté,,,,,,,,,,,1,2,1,1.0,3
201400037647,0014-07-01 16:54:00,14,7,1,16,54,870,85,"22, NORIAC (RUE JULES)",,,Plein jour,En agglomération,Hors intersection,Normale,Autre collision,,,,,,,,,,,1,2,1,1.0,6
201400037648,0014-07-01 16:48:00,14,7,1,16,48,870,85,"0, KING (AVENUE MARTIN L",,,Plein jour,En agglomération,Hors intersection,Normale,Autre collision,,,,,,,,,,,1,2,1,1.0,6
201400037649,0014-07-02 07:55:00,14,7,2,7,55,870,85,"145, FEYTIAT (RUE DE)",,,Plein jour,En agglomération,Hors intersection,Normale,Trois véhicules et plus - en chaîne,,,,,,,,,,,1,2,1,1.0,4
201400037650,0014-07-05 20:35:00,14,7,5,20,35,870,85,"67, SABLARD (AVENUE DE)",,,Plein jour,En agglomération,Hors intersection,Normale,Autre collision,,,,,,,,,,,1,2,1,1.0,6
201400037651,0014-07-07 09:27:00,14,7,7,9,27,870,85,"55, GAMBETTA (BOULEVARD)",,,Plein jour,En agglomération,Intersection en X,Normale,Autre collision,,,,,,,,,,,1,2,2,1.0,6
201400037652,0014-07-07 11:33:00,14,7,7,11,33,870,85,"11, AQUITAINE (RUE D')",,,Plein jour,En agglomération,Intersection en X,Normale,Deux véhicules - côté,,,,,,,,,,,1,2,2,1.0,3
201400037653,0014-07-08 16:14:00,14,7,8,16,14,870,85,"0, BASTIAT (RUE FREDERIC",,,Plein jour,En agglomération,Hors intersection,Normale,Deux véhicules - côté,,,,,,,,,,,1,2,1,1.0,3
201400037654,0014-07-09 12:28:00,14,7,9,12,28,870,114,"0, JAURES (AVENUE JEAN-)",,,Plein jour,En agglomération,Intersection en T,Normale,Deux véhicules - côté,,,,,,,,,,,1,2,3,1.0,3
201400037655,0014-07-10 17:16:00,14,7,10,17,16,870,85,"0, FOUCAUD (AVENUE)",,,Plein jour,En agglomération,Hors intersection,Normale,Autre collision,,,,,,,,,,,1,2,1,1.0,6
201400037656,0014-07-12 20:16:00,14,7,12,20,16,870,85,"2, MESSAGER (RUE ANDRE)",,,Plein jour,En agglomération,Hors intersection,Normale,Autre collision,,,,,,,,,,,1,2,1,1.0,6
201400037657,0014-07-13 16:09:00,14,7,13,16,9,870,85,BELLAC (RUE DE),,,Plein jour,Hors agglomération,Hors intersection,Pluie légère,Autre collision,,,,,,,,,,,1,1,1,2.0,6
201400037658,0014-07-15 16:30:00,14,7,15,16,30,870,85,"1, CEREZ (RUE DU GENERAL",,,Plein jour,En agglomération,Hors intersection,Pluie légère,Autre collision,,,,,,,,,,,1,2,1,2.0,6
201400037659,0014-07-16 10:09:00,14,7,16,10,9,870,85,"0, GROSSEREIX (ROND POIN",,,Plein jour,Hors agglomération,Hors intersection,Normale,Autre collision,,,,,,,,,,,1,1,1,1.0,6
201400037660,0014-07-16 16:36:00,14,7,16,16,36,870,85,ALLENDE (QUAI SALVADOR),,,Plein jour,En agglomération,Intersection en T,Normale,Deux véhicules - côté,,,,,,,,,,,1,2,3,1.0,3
201400037661,0014-07-16 20:40:00,14,7,16,20,40,870,85,"0, JOFFRE (RUE DU MARECH",,,Plein jour,En agglomération,Hors intersection,Normale,Autre collision,,,,,,,,,,,1,2,1,1.0,6
201400037662,0014-07-17 10:30:00,14,7,17,10,30,870,85,"10, DUPUYTREN (RUE)",,,Plein jour,En agglomération,Hors intersection,Normale,Autre collision,,,,,,,,,,,1,2,1,1.0,6
201400037663,0014-07-18 08:13:00,14,7,18,8,13,870,85,"2 Ter, PALISSY (RUE BERN",,,Plein jour,En agglomération,Hors intersection,Normale,Autre collision,,,,,,,,,,,1,2,1,1.0,6
201400037664,0014-07-19 11:55:00,14,7,19,11,55,870,85,RD914,,,Plein jour,Hors agglomération,Hors intersection,Normale,Autre collision,,,,,,,,,,,1,1,1,1.0,6
201400037665,0014-07-20 10:41:00,14,7,20,10,41,870,114,"4, LIEVRES (ROUTE DES)",,,Plein jour,Hors agglomération,Hors intersection,Normale,Autre collision,,,,,,,,,,,1,1,1,1.0,6
201400037666,0014-07-21 09:59:00,14,7,21,9,59,870,85,"5, JAURES (RUE JEAN)",,,Plein jour,En agglomération,Intersection en X,Normale,Deux véhicules - côté,,,,,,,,,,,1,2,2,1.0,3
201400037667,0014-07-21 14:53:00,14,7,21,14,53,870,85,BORIE (BOULEVARD DE LA),,,Plein jour,En agglomération,Hors intersection,Normale,Deux véhicules - arrière,,,,,,,,,,,1,2,1,1.0,2
201400037668,0014-07-22 18:10:00,14,7,22,18,10,870,85,AUTOROUTE A20,,,Plein jour,Hors agglomération,Hors intersection,Normale,Autre collision,,,,,,,,,,,1,1,1,1.0,6
201400037669,0014-07-22 20:04:00,14,7,22,20,4,870,85,ALLENDE (QUAI SALVADOR),,,Plein jour,En agglomération,Intersection en X,Normale,Deux véhicules - côté,,,,,,,,,,,1,2,2,1.0,3
201400037670,0014-07-23 00:01:00,14,7,23,0,1,870,114,"2, MONNET (AVENUE JEAN-)",,,Nuit avec éclairage allumé,En agglomération,Hors intersection,Normale,Deux véhicules - côté,,,,,,,,,,,5,2,1,1.0,3
201400037671,0014-07-25 11:45:00,14,7,25,11,45,870,85,MAS-BOUYOL  (CITE ET BOU,,,Plein jour,En agglomération,Intersection en X,Normale,Deux véhicules - côté,,,,,,,,,,,1,2,2,1.0,3
201400037672,0014-07-25 18:42:00,14,7,25,18,42,870,85,"26, THOMAS (AVENUE ALBER",,,Plein jour,En agglomération,Intersection en T,Normale,Deux véhicules - arrière,,,,,,,,,,,1,2,3,1.0,2
201400037673,0014-07-28 08:33:00,14,7,28,8,33,870,85,AUTOROUTE A20,,,Plein jour,Hors agglomération,Hors intersection,Pluie légère,Autre collision,,,,,,,,,,,1,1,1,2.0,6
201400037674,0014-07-28 11:55:00,14,7,28,11,55,870,85,"02, RESISTANCE LIMOUSINE",,,Plein jour,En agglomération,Intersection en T,Normale,Autre collision,,,,,,,,,,,1,2,3,1.0,6
201400037675,0014-07-28 16:40:00,14,7,28,16,40,870,85,"04, MESSAGER (RUE ANDRE)",,,Plein jour,En agglomération,Hors intersection,Normale,Deux véhicules - frontale,,,,,,,,,,,1,2,1,1.0,1
201400037676,0014-07-31 12:45:00,14,7,31,12,45,870,85,"0, VALOINE (BOULEVARD DE",,,Plein jour,En agglomération,Intersection en X,Normale,Autre collision,,,,,,,,,,,1,2,2,1.0,6
201400037677,0014-08-01 13:40:00,14,8,1,13,40,870,85,"160, RUE F. PERRIN",,,Plein jour,En agglomération,Hors intersection,Normale,Deux véhicules - côté,,,,,,,,,,,1,2,1,1.0,3
201400037678,0014-08-01 13:45:00,14,8,1,13,45,870,85,"127, PERRIN (RUE FRANCOI",,,Plein jour,En agglomération,Hors intersection,Normale,Deux véhicules - côté,,,,,,,,,,,1,2,1,1.0,3
201400037679,0014-08-02 21:48:00,14,8,2,21,48,870,50,"52, RD947",,,Crépuscule ou aube,Hors agglomération,Intersection en X,Normale,Autre collision,,,,,,,,,,,2,1,2,1.0,6
201400037680,0014-08-03 20:30:00,14,8,3,20,30,870,85,AUTOROUTE A20,,,Plein jour,Hors agglomération,Hors intersection,Pluie légère,Autre collision,,,,,,,,,,,1,1,1,2.0,6
201400037681,0014-08-04 12:48:00,14,8,4,12,48,870,114,RD941,,,Plein jour,Hors agglomération,Hors intersection,Normale,Deux véhicules - côté,,,,,,,,,,,1,1,1,1.0,3
201400037682,0014-08-04 15:58:00,14,8,4,15,58,870,85,"1, COURAUD (RUE RAYMOND)",,,Plein jour,En agglomération,Hors intersection,Normale,Autre collision,,,,,,,,,,,1,2,1,1.0,6
201400037683,0014-08-05 15:52:00,14,8,5,15,52,870,75,RN 21,,,Plein jour,Hors agglomération,Hors intersection,Normale,Deux véhicules - frontale,,,,,,,,,,,1,1,1,1.0,1
201400037684,0014-08-06 18:31:00,14,8,6,18,31,870,85,"0, VALOINE (BOULEVARD DE",,,Plein jour,En agglomération,Hors intersection,Pluie légère,Autre collision,,,,,,,,,,,1,2,1,2.0,6
201400037685,0014-08-07 09:42:00,14,8,7,9,42,870,85,"89, FOUGERAS (RUE DE)",,,Plein jour,En agglomération,Intersection en T,Pluie légère,Trois véhicules et plus - en chaîne,,,,,,,,,,,1,2,3,2.0,4
201400037686,0014-08-07 16:20:00,14,8,7,16,20,870,85,"93, BAUDIN ( AVENUE) (VC",,,Plein jour,En agglomération,Hors intersection,Normale,Deux véhicules - côté,,,,,,,,,,,1,2,1,1.0,3
201400037687,0014-08-08 13:10:00,14,8,8,13,10,870,85,AUTOROUTE A20,,,Plein jour,Hors agglomération,Hors intersection,Pluie légère,Autre collision,,,,,,,,,,,1,1,1,2.0,6
201400037688,0014-08-09 08:34:00,14,8,9,8,34,870,85,"10, MICHELS (RUE CHARLES",,,Plein jour,En agglomération,Hors intersection,Normale,Autre collision,,,,,,,,,,,1,2,1,1.0,6
201400037689,0014-08-10 14:35:00,14,8,10,14,35,870,75,RN 21,,,Plein jour,Hors agglomération,Hors intersection,Pluie légère,Autre collision,,,,,,,,,,,1,1,1,2.0,6
201400037690,0014-08-11 22:52:00,14,8,11,22,52,870,85,"184, LANDOUGE (AVENUE DE",,,Nuit avec éclairage allumé,En agglomération,Hors intersection,Normale,Autre collision,,,,,,,,,,,5,2,1,1.0,6
201400037691,0014-08-13 15:05:00,14,8,13,15,5,870,75,"0, ARAGON (AVENUE LOUIS)",,,Plein jour,En agglomération,Intersection en X,Normale,Autre collision,,,,,,,,,,,1,2,2,1.0,6
201400037692,0014-08-14 16:10:00,14,8,14,16,10,870,85,"01, GIFFARD (RUE HENRI)",,,Plein jour,En agglomération,Hors intersection,Pluie légère,Autre collision,,,,,,,,,,,1,2,1,2.0,6
201400037693,0014-08-14 19:58:00,14,8,14,19,58,870,85,AUTOROUTE A20,,,Crépuscule ou aube,Hors agglomération,Hors intersection,Normale,Autre collision,,,,,,,,,,,2,1,1,1.0,6
201400037694,0014-08-14 21:08:00,14,8,14,21,8,870,85,BORIE (BOULEVARD DE LA),,,Plein jour,En agglomération,Intersection en T,Normale,Deux véhicules - côté,,,,,,,,,,,1,2,3,1.0,3
201400037695,0014-08-16 10:51:00,14,8,16,10,51,870,48,CHAMBON (LIEU DIT LE GUE,,,Plein jour,Hors agglomération,Hors intersection,Normale,Autre collision,,,,,,,,,,,1,1,1,1.0,6
201400037696,0014-08-18 12:16:00,14,8,18,12,16,870,85,"0, FOCH (RUE DU MARECHAL",,,Plein jour,En agglomération,Hors intersection,Normale,Autre collision,,,,,,,,,,,1,2,1,1.0,6
201400037697,0014-08-18 20:41:00,14,8,18,20,41,870,85,"1, AINE (PLACE D')",,,Plein jour,En agglomération,Intersection en T,Normale,Deux véhicules - côté,,,,,,,,,,,1,2,3,1.0,3
201400037698,0014-08-19 12:05:00,14,8,19,12,5,870,85,"28, GAY-LUSSAC (COURS)",,,Plein jour,En agglomération,Hors intersection,Normale,Autre collision,,,,,,,,,,,1,2,1,1.0,6
201400037699,0014-08-20 18:39:00,14,8,20,18,39,870,85,VANTEAUX (BOULEVARD DE),,,Plein jour,En agglomération,Hors intersection,Normale,Autre collision,,,,,,,,,,,1,2,1,1.0,6
201400037700,0014-08-21 09:56:00,14,8,21,9,56,870,85,"180, LANDOUGE (AVENUE DE",,,Plein jour,En agglomération,Hors intersection,Normale,Autre collision,,,,,,,,,,,1,2,1,1.0,6
201400037701,0014-08-22 14:35:00,14,8,22,14,35,870,85,AUTOROUTE A20,,,Plein jour,Hors agglomération,Hors intersection,Normale,Deux véhicules - arrière,,,,,,,,,,,1,1,1,1.0,2
201400037702,0014-08-23 11:42:00,14,8,23,11,42,870,85,AUTOROUTE A20,,,Plein jour,Hors agglomération,Hors intersection,Pluie forte,Trois véhicules et plus - en chaîne,,,,,,,,,,,1,1,1,3.0,4
201400037703,0014-08-23 13:25:00,14,8,23,13,25,870,50,RN520 (COUZEIX),,,Plein jour,Hors agglomération,Hors intersection,Normale,Trois véhicules et plus - en chaîne,,,,,,,,,,,1,1,1,1.0,4
201400037704,0014-08-23 13:01:00,14,8,23,13,1,870,85,"35, NEXON (RUE DE)",,,Plein jour,En agglomération,Hors intersection,Normale,Autre collision,,,,,,,,,,,1,2,1,1.0,6
201400037705,0014-08-23 15:17:00,14,8,23,15,17,870,85,"0, SAGNES (RUE DES)",,,Plein jour,En agglomération,Hors intersection,Normale,Autre collision,,,,,,,,,,,1,2,1,1.0,6
201400037706,0014-08-23 12:27:00,14,8,23,12,27,870,85,"78, SAINT MARTIAL (QUAI)",,,Plein jour,En agglomération,Hors intersection,Normale,Autre collision,,,,,,,,,,,1,2,1,1.0,6
201400037707,0014-08-24 04:14:00,14,8,24,4,14,870,85,"103, FEYTIAT (RUE DE)",,,Nuit avec éclairage allumé,En agglomération,Hors intersection,Normale,Autre collision,,,,,,,,,,,5,2,1,1.0,6
201400037708,0014-08-24 13:57:00,14,8,24,13,57,870,85,"47, DUMAS (AVENUE GEORGE",,,Plein jour,En agglomération,Hors intersection,Normale,Deux véhicules - arrière,,,,,,,,,,,1,2,1,1.0,2
201400037709,0014-08-24 14:20:00,14,8,24,14,20,870,85,"183, BORIE (BOULEVARD DE",,,Plein jour,En agglomération,Hors intersection,Normale,Deux véhicules - arrière,,,,,,,,,,,1,2,1,1.0,2
201400037710,0014-08-25 20:30:00,14,8,25,20,30,870,85,MAS-BOUYOL  (CITE ET BOU,,,Plein jour,En agglomération,Intersection en X,Normale,Deux véhicules - côté,,,,,,,,,,,1,2,2,1.0,3