accident_id,datetime,annee,mois,jour,heure,minute,departement,commune_insee,adresse,latitude,longitude,luminosite,agglomeration,intersection,meteo,collision,nb_vehicules,nb_usagers,nb_indemnes,nb_tues,nb_blesses_hosp,nb_blesses_legers,age_cond_1,age_cond_2,veh_type_cond_1,veh_type_cond_2,lum_code,agg_code,int_code,atm_code,col_code
201400037711,0014-08-27 14:26:00,14,8,27,14,26,870,85,"21, BELLAC (RUE DE)",,,Plein jour,En agglomération,Hors intersection,Normale,Trois véhicules et plus - en chaîne,,,,,,,,,,,1,2,1,1.0,4
201400037712,0014-08-27 16:40:00,14,8,27,16,40,870,85,"36, JAURES (RUE JEAN)",,,Plein jour,En agglomération,Hors intersection,Normale,Autre collision,,,,,,,,,,,1,2,1,1.0,6
201400037713,0014-08-29 13:21:00,14,8,29,13,21,870,75,RN 21,,,Plein jour,En agglomération,Intersection en T,Normale,Deux véhicules - côté,,,,,,,,,,,1,2,3,1.0,3
201400037714,0014-08-29 15:00:00,14,8,29,15,0,870,85,"04, BEAUBREUIL (AVENUE D",,,Plein jour,En agglomération,Hors intersection,Normale,Deux véhicules - arrière,,,,,,,,,,,1,2,1,1.0,2
201400037715,0014-08-30 12:01:00,14,8,30,12,1,870,85,"51, BAUDIN ( AVENUE) (VC",,,Plein jour,En agglomération,Hors intersection,Normale,Deux véhicules - côté,,,,,,,,,,,1,2,1,1.0,3
201400037716,0014-08-30 20:33:00,14,8,30,20,33,870,113,"09, MOULIN (AVENUE JEAN)",,,Plein jour,En agglomération,Hors intersection,Normale,Deux véhicules - frontale,,,,,,,,,,,1,2,1,1.0,1
201400037717,0014-09-01 10:12:00,14,9,1,10,12,870,85,"90, RUCHOUX (AVENUE DES)",,,Plein jour,En agglomération,Hors intersection,Normale,Autre collision,,,,,,,,,,,1,2,1,1.0,6
201400037718,0014-09-01 19:36:00,14,9,1,19,36,870,85,"0, JOURDAN (PLACE)",,,Plein jour,En agglomération,Hors intersection,Normale,Autre collision,,,,,,,,,,,1,2,1,1.0,6
201400037719,0014-09-01 21:26:00,14,9,1,21,26,870,65,"0, LEGRAND (RUE FREDERIC",,,Nuit avec éclairage allumé,En agglomération,Hors intersection,Normale,Deux véhicules - frontale,,,,,,,,,,,5,2,1,1.0,1
201400037720,0014-09-03 21:52:00,14,9,3,21,52,870,85,"139, DUTREIX (RUE ARMAND",,,Nuit avec éclairage allumé,En agglomération,Hors intersection,Normale,Deux véhicules - frontale,,,,,,,,,,,5,2,1,1.0,1
201400037721,0014-09-04 17:26:00,14,9,4,17,26,870,85,"81, PERRIN (RUE FRANCOIS",,,Plein jour,En agglomération,Hors intersection,Normale,Autre collision,,,,,,,,,,,1,2,1,1.0,6
201400037722,0014-09-05 15:44:00,14,9,5,15,44,870,85,"53, EDISON (RUE)",,,Plein jour,En agglomération,Hors intersection,Normale,Autre collision,,,,,,,,,,,1,2,1,1.0,6
201400037723,0014-09-06 11:53:00,14,9,6,11,53,870,113,"0, PASTEUR (RUE)",,,Plein jour,En agglomération,Intersection en T,Normale,Deux véhicules - côté,,,,,,,,,,,1,2,3,1.0,3
201400037724,0014-09-07 07:23:00,14,9,7,7,23,870,85,"0, CLOUET (RUE)",,,Crépuscule ou aube,En agglomération,Hors intersection,Normale,Autre collision,,,,,,,,,,,2,2,1,1.0,6
201400037725,0014-09-08 17:09:00,14,9,8,17,9,870,85,"12, GARIBALDI (AVENUE)",,,Plein jour,En agglomération,Hors intersection,Normale,Deux véhicules - côté,,,,,,,,,,,1,2,1,1.0,3
201400037726,0014-09-09 08:44:00,14,9,9,8,44,870,85,"106, RUBEN (AVENUE ERNES",,,Plein jour,En agglomération,Intersection en T,Normale,Deux véhicules - côté,,,,,,,,,,,1,2,3,1.0,3
201400037727,0014-09-09 17:57:00,14,9,9,17,57,870,85,"0, BEAUBREUIL (PLACE DE)",,,Plein jour,En agglomération,Hors intersection,Normale,Deux véhicules - arrière,,,,,,,,,,,1,2,1,1.0,2
201400037728,0014-09-10 10:45:00,14,9,10,10,45,870,85,"11, VENTADOUR (RUE BERNA",,,Plein jour,En agglomération,Hors intersection,Normale,Autre collision,,,,,,,,,,,1,2,1,1.0,6
201400037729,0014-09-10 18:10:00,14,9,10,18,10,870,85,"65, BASTIE (RUE MARYSE)",,,Plein jour,En agglomération,Hors intersection,Normale,Autre collision,,,,,,,,,,,1,2,1,1.0,6
201400037730,0014-09-10 18:26:00,14,9,10,18,26,870,85,RD941 (OUEST),,,Plein jour,En agglomération,Hors intersection,Pluie légère,Autre collision,,,,,,,,,,,1,2,1,2.0,6
201400037731,0014-09-11 23:53:00,14,9,11,23,53,870,85,"30, CASSEAUX (AVE DES) (",,,Nuit avec éclairage allumé,En agglomération,Hors intersection,Normale,Deux véhicules - côté,,,,,,,,,,,5,2,1,1.0,3
201400037732,0014-09-13 16:18:00,14,9,13,16,18,870,85,"29, PORTES FERREES (RUE",,,Plein jour,En agglomération,Hors intersection,Normale,Autre collision,,,,,,,,,,,1,2,1,1.0,6
201400037733,0014-09-17 10:54:00,14,9,17,10,54,870,85,"69, GARIBALDI (AVENUE)",,,Plein jour,En agglomération,Hors intersection,Normale,Autre collision,,,,,,,,,,,1,2,1,1.0,6
201400037734,0014-09-17 16:16:00,14,9,17,16,16,870,85,"6, GARIBALDI (AVENUE)",,,Plein jour,En agglomération,Hors intersection,Normale,Sans collision,,,,,,,,,,,1,2,1,1.0,7
201400037735,0014-09-18 08:14:00,14,9,18,8,14,870,85,"33, DUMAS (AVENUE GEORGE",,,Plein jour,En agglomération,Intersection en T,Normale,Deux véhicules - côté,,,,,,,,,,,1,2,3,1.0,3
201400037736,0014-09-22 14:08:00,14,9,22,14,8,870,85,"5, GAMBETTA (BOULEVARD)",,,Plein jour,En agglomération,Hors intersection,Normale,Autre collision,,,,,,,,,,,1,2,1,1.0,6
201400037737,0014-09-22 15:29:00,14,9,22,15,29,870,114,"01, BLUM (AVENUE LEON-)",,,Plein jour,En agglomération,Hors intersection,Normale,Autre collision,,,,,,,,,,,1,2,1,1.0,6
201400037738,0014-09-23 11:37:00,14,9,23,11,37,870,85,"42, NEXON (RUE DE)",,,Plein jour,En agglomération,Hors intersection,Normale,Deux véhicules - côté,,,,,,,,,,,1,2,1,1.0,3
201400037739,0014-09-25 10:08:00,14,9,25,10,8,870,85,"05, CARNOT (BOULEVARD)",,,Plein jour,En agglomération,Hors intersection,Normale,Deux véhicules - arrière,,,,,,,,,,,1,2,1,1.0,2
201400037740,0014-09-25 12:10:00,14,9,25,12,10,870,85,"14, CARNOT (BOULEVARD)",,,Plein jour,En agglomération,Hors intersection,Normale,Autre collision,,,,,,,,,,,1,2,1,1.0,6
201400037741,0014-09-25 15:12:00,14,9,25,15,12,870,85,"31, GIFFARD (RUE HENRI)",,,Plein jour,En agglomération,Intersection en T,Normale,Deux véhicules - côté,,,,,,,,,,,1,2,3,1.0,3
201400037742,0014-09-26 08:06:00,14,9,26,8,6,870,85,"120, MONTJOVIS (AVENUE)",,,Plein jour,En agglomération,Intersection en T,Normale,Deux véhicules - côté,,,,,,,,,,,1,2,3,1.0,3
201400037743,0014-09-26 10:27:00,14,9,26,10,27,870,85,"05, JAURES (RUE JEAN)",,,Plein jour,En agglomération,Hors intersection,Normale,Autre collision,,,,,,,,,,,1,2,1,1.0,6
201400037744,0014-09-27 14:40:00,14,9,27,14,40,870,114,PRESSEMANE (AVENUE ADRIE,,,Plein jour,En agglomération,Intersection en T,Normale,Deux véhicules - côté,,,,,,,,,,,1,2,3,1.0,3
201400037745,0014-09-27 19:25:00,14,9,27,19,25,870,48,"27, MONTAIGNE (RUE)",,,Plein jour,En agglomération,Hors intersection,Normale,Deux véhicules - frontale,,,,,,,,,,,1,2,1,1.0,1
201400037746,0014-09-28 08:10:00,14,9,28,8,10,870,114,"39, PUY LA RUE - LIEU DI",,,Plein jour,En agglomération,Hors intersection,Normale,Autre collision,,,,,,,,,,,1,2,1,1.0,6
201400037747,0014-09-29 09:14:00,14,9,29,9,14,870,85,AUTOROUTE A20,,,Plein jour,Hors agglomération,Hors intersection,Pluie légère,Autre collision,,,,,,,,,,,1,1,1,2.0,6
201400037748,0014-09-29 08:42:00,14,9,29,8,42,870,85,"0, VALOINE (BOULEVARD DE",,,Plein jour,En agglomération,Hors intersection,Pluie forte,Trois véhicules et plus - en chaîne,,,,,,,,,,,1,2,1,3.0,4
201400037749,0014-09-30 10:14:00,14,9,30,10,14,870,85,"28, LECLERC (AVENUE DU G",,,Plein jour,En agglomération,Hors intersection,Normale,Autre collision,,,,,,,,,,,1,2,1,1.0,6
201400037750,0014-10-01 07:45:00,14,10,1,7,45,870,85,"91, LEGENDRE (RUE CHARLE",,,Crépuscule ou aube,En agglomération,Hors intersection,Brouillard / fumée,Autre collision,,,,,,,,,,,2,2,1,5.0,6
201400037751,0014-10-01 17:21:00,14,10,1,17,21,870,85,"23, JOFFRE (RUE DU MAREC",,,Plein jour,En agglomération,Hors intersection,Normale,Autre collision,,,,,,,,,,,1,2,1,1.0,6
201400037752,0014-10-02 20:43:00,14,10,2,20,43,870,85,"118, MONTJOVIS (AVENUE)",,,Nuit avec éclairage allumé,En agglomération,Intersection en T,Normale,Deux véhicules - côté,,,,,,,,,,,5,2,3,1.0,3
201400037753,0014-10-03 07:00:00,14,10,3,7,0,870,85,"01, QUEUILLE (PLACE HENR",,,Nuit avec éclairage non allumé,En agglomération,Hors intersection,Normale,Autre collision,,,,,,,,,,,4,2,1,1.0,6
201400037754,0014-10-03 09:25:00,14,10,3,9,25,870,113,"18, BASTIE (AVENUE MARYS",,,Plein jour,En agglomération,Hors intersection,Normale,Autre collision,,,,,,,,,,,1,2,1,1.0,6
201400037755,0014-10-03 22:31:00,14,10,3,22,31,870,85,"27, CHENIEUX (RUE FRANCO",,,Nuit avec éclairage allumé,En agglomération,Intersection en T,Normale,Deux véhicules - côté,,,,,,,,,,,5,2,3,1.0,3
201400037756,0014-10-03 22:58:00,14,10,3,22,58,870,85,"0, CAMBUSES (Avenue des)",,,Nuit avec éclairage allumé,En agglomération,Hors intersection,Normale,Autre collision,,,,,,,,,,,5,2,1,1.0,6
201400037757,0014-10-05 10:40:00,14,10,5,10,40,870,85,"05 bis, HUGO (BOULEVARD",,,Plein jour,En agglomération,Intersection en T,Pluie légère,Deux véhicules - côté,,,,,,,,,,,1,2,3,2.0,3
201400037758,0014-10-06 18:02:00,14,10,6,18,2,870,85,"40, HOCHE (RUE)",,,Plein jour,En agglomération,Hors intersection,Pluie légère,Autre collision,,,,,,,,,,,1,2,1,2.0,6
201400037759,0014-10-06 21:31:00,14,10,6,21,31,870,75,RN 21,,,Nuit sans éclairage public,Hors agglomération,Hors intersection,Normale,Autre collision,,,,,,,,,,,3,1,1,1.0,6
201400037760,0014-10-07 07:45:00,14,10,7,7,45,870,85,"0, PONT NEUF (RAMPE DU)",,,Crépuscule ou aube,En agglomération,Hors intersection,Pluie légère,Autre collision,,,,,,,,,,,2,2,1,2.0,6
201400037761,0014-10-07 09:15:00,14,10,7,9,15,870,85,"216, BAUDIN ( AVENUE) (V",,,Plein jour,En agglomération,Hors intersection,Normale,Trois véhicules et plus - collisions multiples,,,,,,,,,,,1,2,1,1.0,5
201400037762,0014-10-08 22:11:00,14,10,8,22,11,870,85,"173, THOMAS (AVENUE ALBE",,,Nuit avec éclairage allumé,En agglomération,Hors intersection,Normale,Autre collision,,,,,,,,,,,5,2,1,1.0,6
201400037763,0014-10-09 03:29:00,14,10,9,3,29,870,85,"12, JOURDAN (PLACE)",,,Nuit avec éclairage allumé,En agglomération,Hors intersection,Pluie forte,Autre collision,,,,,,,,,,,5,2,1,3.0,6
201400037764,0014-10-09 07:59:00,14,10,9,7,59,870,85,"236, DUTREIX (RUE ARMAND",,,Crépuscule ou aube,En agglomération,Hors intersection,Pluie légère,Autre collision,,,,,,,,,,,2,2,1,2.0,6
201400037765,0014-10-10 03:56:00,14,10,10,3,56,870,85,"03, MONTJOVIS (AVENUE)",,,Nuit avec éclairage allumé,En agglomération,Hors intersection,Pluie légère,Autre collision,,,,,,,,,,,5,2,1,2.0,6
201400037766,0014-10-10 13:53:00,14,10,10,13,53,870,85,"0, LARREY (AVENUE DOMINI",,,Plein jour,En agglomération,Intersection en T,Normale,Deux véhicules - côté,,,,,,,,,,,1,2,3,1.0,3
201400037767,0014-10-12 18:36:00,14,10,12,18,36,870,85,"17, ARC (RUE JEANNE D')",,,Plein jour,En agglomération,Intersection en T,Normale,Deux véhicules - côté,,,,,,,,,,,1,2,3,1.0,3
201400037768,0014-10-13 14:52:00,14,10,13,14,52,870,85,"96, LABUSSIERE (AVENUE E",,,Plein jour,En agglomération,Hors intersection,Normale,Autre collision,,,,,,,,,,,1,2,1,1.0,6
201400037769,0014-10-14 14:07:00,14,10,14,14,7,870,85,"03, BUISSON (AVENUE DU)",,,Plein jour,En agglomération,Intersection en T,Normale,Deux véhicules - côté,,,,,,,,,,,1,2,3,1.0,3
201400037770,0014-10-17 01:04:00,14,10,17,1,4,870,75,RN 21,,,Nuit avec éclairage allumé,Hors agglomération,Hors intersection,Pluie légère,Autre collision,,,,,,,,,,,5,1,1,2.0,6
201400037771,0014-10-17 09:27:00,14,10,17,9,27,870,85,"1, LOUYAT (AVENUE DE)",,,Plein jour,En agglomération,Intersection en X,Normale,Autre collision,,,,,,,,,,,1,2,2,1.0,6
201400037772,0014-10-17 10:54:00,14,10,17,10,54,870,85,"0, PONT NEUF",,,Plein jour,En agglomération,Intersection en X,Normale,Deux véhicules - côté,,,,,,,,,,,1,2,2,1.0,3
201400037773,0014-10-17 16:38:00,14,10,17,16,38,870,85,"0, PONT NEUF",,,Plein jour,En agglomération,Intersection en X,Normale,Deux véhicules - côté,,,,,,,,,,,1,2,2,1.0,3
201400037774,0014-10-18 16:50:00,14,10,18,16,50,870,75,"21, CAZAUTETS (RUE JOSEP",,,Plein jour,En agglomération,Hors intersection,Normale,Autre collision,,,,,,,,,,,1,2,1,1.0,6
201400037775,0014-10-18 23:02:00,14,10,18,23,2,870,85,ALLENDE (QUAI SALVADOR),,,Nuit avec éclairage allumé,En agglomération,Intersection en T,Normale,Deux véhicules - côté,,,,,,,,,,,5,2,3,1.0,3
201400037776,0014-10-19 13:36:00,14,10,19,13,36,870,85,"84, BAUDIN ( AVENUE) (VC",,,Plein jour,En agglomération,Hors intersection,Normale,Deux véhicules - côté,,,,,,,,,,,1,2,1,1.0,3
201400037777,0014-10-19 17:55:00,14,10,19,17,55,870,85,"7, AINE (PLACE D')",,,Plein jour,En agglomération,Intersection en X,Normale,Deux véhicules - côté,,,,,,,,,,,1,2,2,1.0,3
201400037778,0014-10-19 20:07:00,14,10,19,20,7,870,85,"0, REVOLUTION (PONT DE L",,,Nuit avec éclairage allumé,En agglomération,Hors intersection,Normale,Deux véhicules - arrière,,,,,,,,,,,5,2,1,1.0,2
201400037779,0014-10-21 15:36:00,14,10,21,15,36,870,85,"31, BUGEAUD (COURS)",,,Plein jour,En agglomération,Intersection en X,Normale,Autre collision,,,,,,,,,,,1,2,2,1.0,6
201400037780,0014-10-21 23:08:00,14,10,21,23,8,870,85,FOUGERAS (RUE DE),,,Nuit avec éclairage allumé,En agglomération,Hors intersection,Normale,Deux véhicules - arrière,,,,,,,,,,,5,2,1,1.0,2
201400037781,0014-10-22 22:15:00,14,10,22,22,15,870,85,"38, GARIBALDI (AVENUE)",,,Nuit avec éclairage allumé,En agglomération,Hors intersection,Normale,Deux véhicules - côté,,,,,,,,,,,5,2,1,1.0,3
201400037782,0014-10-23 07:30:00,14,10,23,7,30,870,85,BORIE (BOULEVARD DE LA),,,Nuit avec éclairage allumé,En agglomération,Hors intersection,Normale,Autre collision,,,,,,,,,,,5,2,1,1.0,6
201400037783,0014-10-23 15:26:00,14,10,23,15,26,870,65,"9, VALIN (AVENUE MARTIAL",,,Plein jour,En agglomération,Hors intersection,Normale,Autre collision,,,,,,,,,,,1,2,1,1.0,6
201400037784,0014-10-23 16:33:00,14,10,23,16,33,870,85,"0, REVOLUTION (PONT DE L",,,Plein jour,En agglomération,Hors intersection,Normale,Deux véhicules - arrière,,,,,,,,,,,1,2,1,1.0,2
201400037785,0014-10-24 15:20:00,14,10,24,15,20,870,85,"16, ALSACE LORRAINE (RUE",,,Plein jour,En agglomération,Intersection en T,Normale,Deux véhicules - côté,,,,,,,,,,,1,2,3,1.0,3
201400037786,0014-10-25 18:13:00,14,10,25,18,13,870,85,AUTOROUTE A20,,,Plein jour,Hors agglomération,Hors intersection,Pluie légère,Deux véhicules - arrière,,,,,,,,,,,1,1,1,2.0,2
201400037787,0014-10-26 01:00:00,14,10,26,1,0,870,65,RD98,,,Nuit sans éclairage public,Hors agglomération,Hors intersection,Brouillard / fumée,Autre collision,,,,,,,,,,,3,1,1,5.0,6
201400037788,0014-10-28 11:37:00,14,10,28,11,37,870,85,AUTOROUTE A20,,,Plein jour,Hors agglomération,Hors intersection,Normale,Deux véhicules - côté,,,,,,,,,,,1,1,1,1.0,3
201400037789,0014-10-29 14:36:00,14,10,29,14,36,870,85,"0, GRAND BEAUNE (LIEU DI",,,Plein jour,Hors agglomération,Hors intersection,Normale,Autre collision,,,,,,,,,,,1,1,1,1.0,6
201400037790,0014-10-29 21:03:00,14,10,29,21,3,870,85,BEL AIR (BOULEVARD DE),,,Nuit avec éclairage allumé,En agglomération,Intersection en T,Normale,Deux véhicules - côté,,,,,,,,,,,5,2,3,1.0,3
201400037791,0014-10-30 20:29:00,14,10,30,20,29,870,85,"0, LEGENDRE (RUE CHARLES",,,Nuit avec éclairage allumé,En agglomération,Hors intersection,Normale,Autre collision,,,,,,,,,,,5,2,1,1.0,6
201400037792,0014-10-30 20:52:00,14,10,30,20,52,870,65,"42, PAGNOL (AVENUE MARCE",,,Nuit avec éclairage allumé,En agglomération,Hors intersection,Normale,Deux véhicules - frontale,,,,,,,,,,,5,2,1,1.0,1
201400037793,0014-10-31 18:27:00,14,10,31,18,27,870,75,RD79,,,Nuit sans éclairage public,Hors agglomération,Hors intersection,Normale,Sans collision,,,,,,,,,,,3,1,1,1.0,7
201400037794,0014-11-03 05:55:00,14,11,3,5,55,870,85,AUTOROUTE A20,,,Nuit avec éclairage allumé,Hors agglomération,Hors intersection,Pluie légère,Deux véhicules - arrière,,,,,,,,,,,5,1,1,2.0,2
201400037795,0014-11-03 08:42:00,14,11,3,8,42,870,85,"212, CASSEAUX (AVE DES)",,,Plein jour,En agglomération,Hors intersection,Normale,Deux véhicules - côté,,,,,,,,,,,1,2,1,1.0,3
201400037796,0014-11-03 06:06:00,14,11,3,6,6,870,85,,,,Nuit avec éclairage allumé,Hors agglomération,Hors intersection,Normale,Autre collision,,,,,,,,,,,5,1,1,1.0,6
201400037797,0014-11-06 18:59:00,14,11,6,18,59,870,85,"45, DURUY (RUE VICTOR)",,,Nuit avec éclairage allumé,En agglomération,Hors intersection,Normale,Deux véhicules - arrière,,,,,,,,,,,5,2,1,1.0,2
201400037798,0014-11-07 16:12:00,14,11,7,16,12,870,50,RD947,,,Plein jour,Hors agglomération,Intersection en X,Pluie légère,Deux véhicules - arrière,,,,,,,,,,,1,1,2,2.0,2
201400037799,0014-11-07 17:32:00,14,11,7,17,32,870,85,"41, SAINTE CLAIRE (RUE)",,,Plein jour,En agglomération,Hors intersection,Normale,Deux véhicules - arrière,,,,,,,,,,,1,2,1,1.0,2
201400037800,0014-11-07 22:49:00,14,11,7,22,49,870,85,"0, ESSARTS (RUE DES)",,,Nuit avec éclairage non allumé,Hors agglomération,Hors intersection,Pluie légère,Deux véhicules - frontale,,,,,,,,,,,4,1,1,2.0,1
201400037801,0014-11-09 18:33:00,14,11,9,18,33,870,85,"0, PRIEUR (RUE DU)",,,Nuit avec éclairage allumé,En agglomération,Hors intersection,Normale,Deux véhicules - frontale,,,,,,,,,,,5,2,1,1.0,1
201400037802,0014-11-10 12:10:00,14,11,10,12,10,870,85,"106, THUILLAT (RUE VICTO",,,Plein jour,En agglomération,Hors intersection,Normale,Autre collision,,,,,,,,,,,1,2,1,1.0,6
201400037803,0014-11-10 22:15:00,14,11,10,22,15,870,85,"0, TOURNY (CARREFOUR)",,,Nuit avec éclairage allumé,En agglomération,Intersection en X,Normale,Deux véhicules - côté,,,,,,,,,,,5,2,2,1.0,3
201400037804,0014-11-11 12:18:00,14,11,11,12,18,870,85,"2, KING (AVENUE MARTIN L",,,Plein jour,En agglomération,Hors intersection,Normale,Autre collision,,,,,,,,,,,1,2,1,1.0,6
201400037805,0014-11-12 08:12:00,14,11,12,8,12,870,85,"124, PERRIN (RUE FRANCOI",,,Plein jour,En agglomération,Intersection en T,Pluie légère,Deux véhicules - côté,,,,,,,,,,,1,2,3,2.0,3
201400037806,0014-11-13 09:46:00,14,11,13,9,46,870,85,"8, JAURES (RUE JEAN)",,,Plein jour,En agglomération,Intersection en X,Normale,Deux véhicules - côté,,,,,,,,,,,1,2,2,1.0,3
201400037807,0014-11-13 13:38:00,14,11,13,13,38,870,85,"11, AINE (PLACE D')",,,Plein jour,En agglomération,Intersection en X,Normale,Deux véhicules - côté,,,,,,,,,,,1,2,2,1.0,3
201400037808,0014-11-13 16:44:00,14,11,13,16,44,870,85,"2, FABRE EGLANTINE (ALLE",,,Plein jour,En agglomération,Hors intersection,Normale,Autre collision,,,,,,,,,,,1,2,1,1.0,6
201400037809,0014-11-14 13:51:00,14,11,14,13,51,870,85,"38, BELLAC (RUE DE)",,,Plein jour,En agglomération,Hors intersection,Pluie légère,Deux véhicules - côté,,,,,,,,,,,1,2,1,2.0,3
201400037810,0014-11-15 08:58:00,14,11,15,8,58,870,75,"0, MAI 1945 (RUE DU 8)",,,Plein jour,En agglomération,Intersection en X,Normale,Deux véhicules - côté,,,,,,,,,,,1,2,2,1.0,3
201400037811,0014-11-15 20:50:00,14,11,15,20,50,870,85,"0, SCHUMAN (BOULEVARD RO",,,Nuit avec éclairage allumé,En agglomération,Hors intersection,Pluie légère,Autre collision,,,,,,,,,,,5,2,1,2.0,6
201400037812,0014-11-15 21:14:00,14,11,15,21,14,870,85,"1, TOURNY (CARREFOUR)",,,Nuit avec éclairage allumé,En agglomération,Intersection en X,Pluie légère,Deux véhicules - côté,,,,,,,,,,,5,2,2,2.0,3
201400037813,0014-11-16 12:55:00,14,11,16,12,55,870,75,RN 21,,,Plein jour,Hors agglomération,Hors intersection,Pluie légère,Autre collision,,,,,,,,,,,1,1,1,2.0,6
201400037814,0014-11-17 15:40:00,14,11,17,15,40,870,85,"15, LARREY (AVENUE DOMIN",,,Plein jour,En agglomération,Hors intersection,Pluie légère,Deux véhicules - arrière,,,,,,,,,,,1,2,1,2.0,2
201400037815,0014-11-18 07:40:00,14,11,18,7,40,870,85,"270, DUTREIX (RUE ARMAND",,,Crépuscule ou aube,En agglomération,Hors intersection,Pluie légère,Autre collision,,,,,,,,,,,2,2,1,2.0,6
201400037816,0014-11-18 12:33:00,14,11,18,12,33,870,85,AUTOROUTE A20,,,Plein jour,Hors agglomération,Hors intersection,Pluie légère,Autre collision,,,,,,,,,,,1,1,1,2.0,6
201400037817,0014-11-18 18:04:00,14,11,18,18,4,870,85,"35, RUBEN (AVENUE ERNEST",,,Nuit avec éclairage allumé,En agglomération,Intersection en T,Pluie légère,Trois véhicules et plus - en chaîne,,,,,,,,,,,5,2,3,2.0,4
201400037818,0014-11-19 16:38:00,14,11,19,16,38,870,85,ORADOUR SUR GLANE (CARRE,,,Plein jour,Hors agglomération,Hors intersection,Normale,Deux véhicules - arrière,,,,,,,,,,,1,1,1,1.0,2
201400037819,0014-11-20 17:01:00,14,11,20,17,1,870,85,"69, LABUSSIERE (AVENUE E",,,Plein jour,En agglomération,Hors intersection,Normale,Autre collision,,,,,,,,,,,1,2,1,1.0,6
201400037820,0014-11-20 21:44:00,14,11,20,21,44,870,85,"56, LECLERC (AVENUE DU G",,,Nuit avec éclairage allumé,En agglomération,Hors intersection,Normale,Autre collision,,,,,,,,,,,5,2,1,1.0,6
201400037821,0014-11-21 18:54:00,14,11,21,18,54,870,65,"0, PONTEIX (AVENUE DU)",,,Nuit avec éclairage allumé,En agglomération,Intersection en X,Normale,Deux véhicules - côté,,,,,,,,,,,5,2,2,1.0,3
201400037822,0014-11-26 12:08:00,14,11,26,12,8,870,85,"187, SOLIGNAC (RUE DE)",,,Plein jour,En agglomération,Hors intersection,Normale,Deux véhicules - côté,,,,,,,,,,,1,2,1,1.0,3
201400037823,0014-11-28 11:00:00,14,11,28,11,0,870,85,"29, DE GAULLE (AVENUE DU",,,Plein jour,En agglomération,Autre intersection,Normale,Deux véhicules - côté,,,,,,,,,,,1,2,9,1.0,3
201400037824,0014-11-28 13:40:00,14,11,28,13,40,870,85,"79, GAMBETTA (BOULEVARD)",,,Plein jour,En agglomération,Hors intersection,Normale,Autre collision,,,,,,,,,,,1,2,1,1.0,6
201400037825,0014-12-02 13:18:00,14,12,2,13,18,870,75,RD79,,,Plein jour,Hors agglomération,Intersection en T,Normale,Deux véhicules - côté,,,,,,,,,,,1,1,3,1.0,3
201400037826,0014-12-03 09:00:00,14,12,3,9,0,870,85,FEYTIAT (RUE DE),,,Plein jour,En agglomération,Intersection en T,Normale,Deux véhicules - frontale,,,,,,,,,,,1,2,3,1.0,1
201400037827,0014-12-03 13:31:00,14,12,3,13,31,870,85,SAINT MARTIAL (QUAI),,,Plein jour,En agglomération,Hors intersection,Normale,Sans collision,,,,,,,,,,,1,2,1,1.0,7
201400037828,0014-12-05 13:17:00,14,12,5,13,17,870,85,SCHUMAN (BOULEVARD ROBER,,,Plein jour,En agglomération,Hors intersection,Normale,Autre collision,,,,,,,,,,,1,2,1,1.0,6
201400037829,0014-12-05 16:23:00,14,12,5,16,23,870,85,BORIE (BOULEVARD DE LA),,,Plein jour,En agglomération,Hors intersection,Pluie légère,Deux véhicules - arrière,,,,,,,,,,,1,2,1,2.0,2
201400037830,0014-12-07 04:11:00,14,12,7,4,11,870,85,"1, DE GAULLE (AVENUE DU",,,Nuit sans éclairage public,En agglomération,Hors intersection,Pluie légère,Autre collision,,,,,,,,,,,3,2,1,2.0,6
201400037831,0014-12-08 18:25:00,14,12,8,18,25,870,85,"26, PETITES MAISONS (RUE",,,Nuit sans éclairage public,En agglomération,Hors intersection,Pluie légère,Trois véhicules et plus - en chaîne,,,,,,,,,,,3,2,1,2.0,4
201400037832,0014-12-09 13:30:00,14,12,9,13,30,870,113,BARDYS (ROUTE DES),,,Plein jour,En agglomération,Intersection en X,Normale,Deux véhicules - côté,,,,,,,,,,,1,2,2,1.0,3
201400037833,0014-12-10 13:28:00,14,12,10,13,28,870,85,"104, SAINT GENCE (RUE DE",,,Plein jour,En agglomération,Hors intersection,Pluie légère,Deux véhicules - frontale,,,,,,,,,,,1,2,1,2.0,1
201400037834,0014-12-10 17:54:00,14,12,10,17,54,870,85,AUTOROUTE A20,,,Nuit avec éclairage allumé,Hors agglomération,Hors intersection,Pluie légère,Trois véhicules et plus - en chaîne,,,,,,,,,,,5,1,1,2.0,4
201400037835,0014-12-10 21:00:00,14,12,10,21,0,870,85,AUTOROUTE A20,,,Nuit sans éclairage public,Hors agglomération,Hors intersection,Pluie légère,Autre collision,,,,,,,,,,,3,1,1,2.0,6
201400037836,0014-12-11 02:35:00,14,12,11,2,35,870,85,"128, LATTRE-DE-TASSIGNY",,,Nuit avec éclairage allumé,En agglomération,Hors intersection,Pluie légère,Autre collision,,,,,,,,,,,5,2,1,2.0,6
201400037837,0014-12-15 10:36:00,14,12,15,10,36,870,85,AUTOROUTE A20,,,Plein jour,Hors agglomération,Hors intersection,Pluie légère,Autre collision,,,,,,,,,,,1,1,1,2.0,6
201400037838,0014-12-13 20:41:00,14,12,13,20,41,870,85,RN520,,,Nuit avec éclairage allumé,En agglomération,Intersection en X,Normale,Deux véhicules - côté,,,,,,,,,,,5,2,2,1.0,3
201400037839,0014-12-15 10:21:00,14,12,15,10,21,870,85,"15, AURIOL (AVENUE DU PR",,,Plein jour,En agglomération,Hors intersection,Normale,Autre collision,,,,,,,,,,,1,2,1,1.0,6