accident_id,datetime,annee,mois,jour,heure,minute,departement,commune_insee,adresse,latitude,longitude,luminosite,agglomeration,intersection,meteo,collision,nb_vehicules,nb_usagers,nb_indemnes,nb_tues,nb_blesses_hosp,nb_blesses_legers,age_cond_1,age_cond_2,veh_type_cond_1,veh_type_cond_2,lum_code,agg_code,int_code,atm_code,col_code
201400037962,0014-07-11 13:20:00,14,7,11,13,20,890,387,Pont de Salcy,48.17052,3.27634,Plein jour,Hors agglomération,Hors intersection,Temps couvert,Deux véhicules - frontale,,,,,,,,,,,1,1,1,8.0,1
201400037963,0014-08-29 11:00:00,14,8,29,11,0,890,342,"0, PARIS (RUE DE)",48.22756,3.26669,Plein jour,En agglomération,Autre intersection,Normale,Autre collision,,,,,,,,,,,1,2,9,1.0,6
201400037964,0014-10-01 20:30:00,14,10,1,20,30,890,127,"0, RD58",,,Nuit sans éclairage public,Hors agglomération,Hors intersection,Normale,Sans collision,,,,,,,,,,,3,1,1,1.0,7
201400037965,0014-10-11 10:30:00,14,10,11,10,30,890,387,RENE BINET (RUE),48.18789,3.30435,Plein jour,En agglomération,Hors intersection,Normale,Deux véhicules - arrière,,,,,,,,,,,1,2,1,1.0,2
201400037966,0014-10-26 16:20:00,14,10,26,16,20,890,387,"000, PENITENTS (RUE DE L",48.19949,3.29396,Plein jour,En agglomération,Intersection en X,Normale,Deux véhicules - frontale,,,,,,,,,,,1,2,2,1.0,1
201400037967,0014-11-17 16:20:00,14,11,17,16,20,890,387,"0, MARECHAL DE LATTRE DE",48.19815,3.30487,Plein jour,En agglomération,Hors intersection,Normale,Autre collision,,,,,,,,,,,1,2,1,1.0,6
201400037968,0014-11-24 17:30:00,14,11,24,17,30,890,387,"0, JEAN MOULIN (QUAI)",48.19738,3.27688,Nuit avec éclairage allumé,En agglomération,Hors intersection,Normale,Autre collision,,,,,,,,,,,5,2,1,1.0,6
201400037969,0014-11-24 19:15:00,14,11,24,19,15,890,387,ROND-POINT ROSA PARK,48.17418,3.29391,Nuit avec éclairage allumé,Hors agglomération,Giratoire,Normale,Deux véhicules - côté,,,,,,,,,,,5,1,6,1.0,3
201400037970,0014-01-03 16:29:00,14,1,3,16,29,900,10,"7, EGALITE (RUE DE L')",,,Plein jour,En agglomération,Hors intersection,Normale,Sans collision,,,,,,,,,,,1,2,1,1.0,7
201400037971,0014-01-03 19:12:00,14,1,3,19,12,900,10,VESOUL (RUE DE),,,Nuit avec éclairage allumé,En agglomération,Hors intersection,Normale,Autre collision,,,,,,,,,,,5,2,1,1.0,6
201400037972,0014-01-04 18:36:00,14,1,4,18,36,900,8,BELFORT (RUE DE),,,Nuit avec éclairage allumé,En agglomération,Hors intersection,Pluie légère,Deux véhicules - arrière,,,,,,,,,,,5,2,1,2.0,2
201400037973,0014-01-05 10:00:00,14,1,5,10,0,900,10,"194, JAURES (AVENUE JEAN",,,Plein jour,En agglomération,Hors intersection,Pluie légère,Autre collision,,,,,,,,,,,1,2,1,2.0,6
201400037974,0014-01-05 18:10:00,14,1,5,18,10,900,10,"14, GAMBETTA (RUE)",,,Nuit avec éclairage allumé,En agglomération,Hors intersection,Normale,Autre collision,,,,,,,,,,,5,2,1,1.0,6
201400037975,0014-01-06 19:38:00,14,1,6,19,38,900,10,CORBIS (PLACE),,,Nuit avec éclairage allumé,En agglomération,Hors intersection,Normale,Deux véhicules - arrière,,,,,,,,,,,5,2,1,1.0,2
201400037976,0014-01-08 17:25:00,14,1,8,17,25,900,10,"1, FOCH (AVENUE)",,,Nuit avec éclairage allumé,En agglomération,Hors intersection,Normale,Deux véhicules - côté,,,,,,,,,,,5,2,1,1.0,3
201400037977,0014-01-08 19:30:00,14,1,8,19,30,900,10,"2, JOFFRE (BOULEVARD MAR",,,Nuit avec éclairage allumé,En agglomération,Hors intersection,Normale,Deux véhicules - arrière,,,,,,,,,,,5,2,1,1.0,2
201400037978,0014-01-09 12:15:00,14,1,9,12,15,900,32,"33, DE GAULLE (RUE DU GE",,,Plein jour,En agglomération,Hors intersection,Normale,Deux véhicules - arrière,,,,,,,,,,,1,2,1,1.0,2
201400037979,0014-01-10 10:51:00,14,1,10,10,51,900,10,"2, ASPACH (RUE D')",,,Plein jour,En agglomération,Hors intersection,Normale,Autre collision,,,,,,,,,,,1,2,1,1.0,6
201400037980,0014-01-10 16:23:00,14,1,10,16,23,900,10,LAURENCIE (AVENUE CAPITA,,,Plein jour,En agglomération,Intersection en T,Normale,Deux véhicules - côté,,,,,,,,,,,1,2,3,1.0,3
201400037981,0014-01-12 19:00:00,14,1,12,19,0,900,10,"3, MULHOUSE (RUE DE)",,,Nuit avec éclairage allumé,En agglomération,Intersection en T,Normale,Deux véhicules - frontale,,,,,,,,,,,5,2,3,1.0,1
201400037982,0014-01-22 18:25:00,14,1,22,18,25,900,8,"2, R.D.47",,,Nuit avec éclairage allumé,En agglomération,Hors intersection,Normale,Trois véhicules et plus - en chaîne,,,,,,,,,,,5,2,1,1.0,4
201400037983,0014-01-15 20:50:00,14,1,15,20,50,900,10,"1, CROIX DU TILLEUL (RUE",,,Nuit avec éclairage allumé,En agglomération,Hors intersection,Pluie légère,Deux véhicules - côté,,,,,,,,,,,5,2,1,2.0,3
201400037984,0014-01-22 18:25:00,14,1,22,18,25,900,32,"2, CHARMEUSE (RUE DE LA)",,,Plein jour,En agglomération,Hors intersection,Normale,Trois véhicules et plus - en chaîne,,,,,,,,,,,1,2,1,1.0,4
201400037985,0014-01-27 14:59:00,14,1,27,14,59,900,1,ASSISE (HAMEAU DE L'),,,Plein jour,En agglomération,Hors intersection,Pluie légère,Deux véhicules - arrière,,,,,,,,,,,1,2,1,2.0,2
201400037986,0014-01-31 08:04:00,14,1,31,8,4,900,76,"43, GRAND'RUE",,,Plein jour,En agglomération,Intersection en T,Brouillard / fumée,Trois véhicules et plus - collisions multiples,,,,,,,,,,,1,2,3,5.0,5
201400037987,0014-01-31 10:02:00,14,1,31,10,2,900,10,"2, MONTBELIARD (FAUBOURG",,,Plein jour,En agglomération,Intersection en X,Normale,Deux véhicules - côté,,,,,,,,,,,1,2,2,1.0,3
201400037988,0014-01-31 14:10:00,14,1,31,14,10,900,10,RABIN (PLACE YITZHAK),,,Plein jour,En agglomération,Hors intersection,Normale,Trois véhicules et plus - en chaîne,,,,,,,,,,,1,2,1,1.0,4
201400037989,0014-02-04 12:00:00,14,2,4,12,0,900,10,JAURES (AVENUE JEAN) A 1,,,Plein jour,En agglomération,Hors intersection,Pluie légère,Autre collision,,,,,,,,,,,1,2,1,2.0,6
201400037990,0014-02-05 08:48:00,14,2,5,8,48,900,10,"1, JUIN (AVENUE DU MAREC",,,Plein jour,En agglomération,Hors intersection,Normale,Deux véhicules - côté,,,,,,,,,,,1,2,1,1.0,3
201400037991,0014-02-05 16:23:00,14,2,5,16,23,900,10,"2, MULHOUSE (RUE DE)",,,Plein jour,En agglomération,Intersection en T,Normale,Trois véhicules et plus - collisions multiples,,,,,,,,,,,1,2,3,1.0,5
201400037992,0014-02-14 11:05:00,14,2,14,11,5,900,10,"2, MOULIN (AVENUE JEAN)",,,Plein jour,En agglomération,Hors intersection,Normale,Deux véhicules - arrière,,,,,,,,,,,1,2,1,1.0,2
201400037993,0014-02-15 11:20:00,14,2,15,11,20,900,10,"30, MENDES FRANCE (RUE)",,,Plein jour,En agglomération,Intersection en T,Pluie forte,Deux véhicules - côté,,,,,,,,,,,1,2,3,3.0,3
201400037994,0014-02-19 18:40:00,14,2,19,18,40,900,75,"2, BRIAND (RUE ARISTIDE)",,,Nuit avec éclairage allumé,En agglomération,Intersection en T,Normale,Deux véhicules - frontale,,,,,,,,,,,5,2,3,1.0,1
201400037995,0014-02-22 09:30:00,14,2,22,9,30,900,10,"2, BAVILLIERS (RUE DE)",,,Plein jour,En agglomération,Hors intersection,Normale,Autre collision,,,,,,,,,,,1,2,1,1.0,6
201400037996,0014-02-22 18:25:00,14,2,22,18,25,900,10,"87, JAURES (AVENUE JEAN)",,,Nuit avec éclairage allumé,En agglomération,Hors intersection,Pluie légère,Deux véhicules - arrière,,,,,,,,,,,5,2,1,2.0,2
201400037997,0014-02-24 14:35:00,14,2,24,14,35,900,10,"10, DE GAULLE (AVENUE DU",,,Plein jour,En agglomération,Hors intersection,Normale,Autre collision,,,,,,,,,,,1,2,1,1.0,6
201400037998,0014-02-24 19:30:00,14,2,24,19,30,900,99,"1, VIPALOGO",,,Nuit avec éclairage allumé,En agglomération,Hors intersection,Pluie légère,Sans collision,,,,,,,,,,,5,2,1,2.0,7
201400037999,0014-02-26 08:43:00,14,2,26,8,43,900,10,"2, MARCEL PAUL (RUE)",,,Plein jour,En agglomération,Hors intersection,Pluie légère,Autre collision,,,,,,,,,,,1,2,1,2.0,6
201400038000,0014-03-01 17:10:00,14,3,1,17,10,900,39,"3, CARRIERES (RUE DES)",,,Plein jour,En agglomération,Hors intersection,Normale,Autre collision,,,,,,,,,,,1,2,1,1.0,6
201400038001,0014-03-03 19:04:00,14,3,3,19,4,900,99,BLUMBERG (RUE),,,Crépuscule ou aube,En agglomération,Hors intersection,Normale,Deux véhicules - arrière,,,,,,,,,,,2,2,1,1.0,2
201400038002,0014-03-13 11:10:00,14,3,13,11,10,900,32,"12, DE GAULLE (RUE DU GE",,,Plein jour,En agglomération,Hors intersection,Normale,Autre collision,,,,,,,,,,,1,2,1,1.0,6
201400038003,0014-03-15 10:30:00,14,3,15,10,30,900,10,BRUXELLES (RUE DE),,,Plein jour,En agglomération,Intersection en T,Normale,Deux véhicules - côté,,,,,,,,,,,1,2,3,1.0,3
201400038004,0014-03-15 19:12:00,14,3,15,19,12,900,10,PREMIERE ARMEE FRANCAISE,,,Nuit avec éclairage allumé,En agglomération,Hors intersection,Pluie légère,Autre collision,,,,,,,,,,,5,2,1,2.0,6
201400038005,0014-03-18 16:53:00,14,3,18,16,53,900,10,"14, TROIS CHENES (AVENUE",,,Plein jour,En agglomération,Hors intersection,Normale,Deux véhicules - frontale,,,,,,,,,,,1,2,1,1.0,1
201400038006,0014-03-25 18:39:00,14,3,25,18,39,900,10,"27, RENAUD DE BOURGOGNE",,,Plein jour,En agglomération,Intersection en X,Normale,Deux véhicules - côté,,,,,,,,,,,1,2,2,1.0,3
201400038007,0014-03-28 14:00:00,14,3,28,14,0,900,10,"2, CHANTEREINE (RUE DE)",,,Plein jour,En agglomération,Intersection en X,Normale,Deux véhicules - côté,,,,,,,,,,,1,2,2,1.0,3
201400038008,0014-04-09 10:15:00,14,4,9,10,15,900,10,"1, CORBIS (PLACE)",,,Plein jour,En agglomération,Place,Normale,Autre collision,,,,,,,,,,,1,2,7,1.0,6
201400038009,0014-04-10 12:17:00,14,4,10,12,17,900,10,"8, LAPOSTOLET (RUE)",,,Plein jour,En agglomération,Hors intersection,Normale,Deux véhicules - côté,,,,,,,,,,,1,2,1,1.0,3
201400038010,0014-04-10 17:27:00,14,4,10,17,27,900,99,"8, ZOLA (RUE EMILE)",,,Plein jour,En agglomération,Hors intersection,Normale,Autre collision,,,,,,,,,,,1,2,1,1.0,6
201400038011,0014-04-11 17:49:00,14,4,11,17,49,900,32,BOSMONT (RUE DU),,,Plein jour,En agglomération,Hors intersection,Normale,Deux véhicules - arrière,,,,,,,,,,,1,2,1,1.0,2
201400038012,0014-04-16 09:00:00,14,4,16,9,0,900,10,"1, USINES (AVENUE DES)",,,Plein jour,En agglomération,Intersection en T,Normale,Trois véhicules et plus - collisions multiples,,,,,,,,,,,1,2,3,1.0,5
201400038013,0014-04-16 17:50:00,14,4,16,17,50,900,10,MOULIN (RUE JEAN),,,Plein jour,En agglomération,Hors intersection,Normale,Sans collision,,,,,,,,,,,1,2,1,1.0,7
201400038014,0014-04-17 17:12:00,14,4,17,17,12,900,10,LORRAINE (RUE DE),,,Plein jour,En agglomération,Intersection en X,Normale,Deux véhicules - côté,,,,,,,,,,,1,2,2,1.0,3
201400038015,0014-04-18 09:40:00,14,4,18,9,40,900,10,LAURENCIE (AVENUE CAPITA,,,Plein jour,En agglomération,Hors intersection,Pluie légère,Deux véhicules - arrière,,,,,,,,,,,1,2,1,2.0,2
201400038016,0014-04-18 13:10:00,14,4,18,13,10,900,10,ANCETRES (FAUBOURG DES),,,Plein jour,En agglomération,Hors intersection,Normale,Autre collision,,,,,,,,,,,1,2,1,1.0,6
201400038017,0014-04-20 03:00:00,14,4,20,3,0,900,10,"1, DANJOUTIN (RUE DE)",,,Nuit avec éclairage allumé,En agglomération,Hors intersection,Normale,Autre collision,,,,,,,,,,,5,2,1,1.0,6
201400038018,0014-04-20 04:46:00,14,4,20,4,46,900,10,ANCETRES (FAUBOURG DES),,,Nuit avec éclairage allumé,En agglomération,Place,Normale,Deux véhicules - côté,,,,,,,,,,,5,2,7,1.0,3
201400038019,0014-04-23 08:00:00,14,4,23,8,0,900,10,FRANCE BOULEVARD ANATOLE,,,Plein jour,En agglomération,Hors intersection,Pluie légère,Trois véhicules et plus - en chaîne,,,,,,,,,,,1,2,1,2.0,4
201400038020,0014-04-23 18:29:00,14,4,23,18,29,900,10,"4, LA FONTAINE (RUE JEAN",,,Plein jour,En agglomération,Hors intersection,Normale,Deux véhicules - côté,,,,,,,,,,,1,2,1,1.0,3
201400038021,0014-04-24 00:12:00,14,4,24,0,12,900,99,"37, ZOLA (RUE EMILE)",,,Nuit avec éclairage allumé,En agglomération,Hors intersection,Normale,Autre collision,,,,,,,,,,,5,2,1,1.0,6
201400038022,0014-04-29 07:49:00,14,4,29,7,49,900,99,GARE (RUE DE LA),,,Plein jour,En agglomération,Hors intersection,Normale,Autre collision,,,,,,,,,,,1,2,1,1.0,6
201400038023,0014-05-01 02:25:00,14,5,1,2,25,900,10,KENNEDY (BOULEVARD),,,Nuit avec éclairage allumé,En agglomération,Intersection en X,Normale,Deux véhicules - côté,,,,,,,,,,,5,2,2,1.0,3
201400038024,0014-05-01 20:25:00,14,5,1,20,25,900,10,"10, LECLERC (AVENUE)",,,Crépuscule ou aube,En agglomération,Intersection à plus de 4 branches,Pluie légère,Deux véhicules - côté,,,,,,,,,,,2,2,5,2.0,3
201400038025,0014-05-03 14:20:00,14,5,3,14,20,900,99,"3, ZOLA (RUE EMILE)",,,Plein jour,En agglomération,Hors intersection,Normale,Autre collision,,,,,,,,,,,1,2,1,1.0,6
201400038026,0014-05-09 21:45:00,14,5,9,21,45,900,8,"2, GRAND'RUE",,,Nuit avec éclairage allumé,En agglomération,Intersection en T,Pluie légère,Autre collision,,,,,,,,,,,5,2,3,2.0,6
201400038027,0014-05-10 18:05:00,14,5,10,18,5,900,29,"13, BRIAND (RUE ARISTIDE",,,Plein jour,En agglomération,Hors intersection,Normale,Deux véhicules - arrière,,,,,,,,,,,1,2,1,1.0,2
201400038028,0014-05-15 16:30:00,14,5,15,16,30,900,32,JACQUOT (RUE DU DOCTEUR),,,Plein jour,En agglomération,Hors intersection,Normale,Autre collision,,,,,,,,,,,1,2,1,1.0,6
201400038029,0014-05-24 16:15:00,14,5,24,16,15,900,99,EHRET (RUE),,,Plein jour,En agglomération,Hors intersection,Normale,Deux véhicules - côté,,,,,,,,,,,1,2,1,1.0,3
201400038030,0014-05-29 18:23:00,14,5,29,18,23,900,99,"3, MARTINET (RUE DU)",,,Plein jour,En agglomération,Hors intersection,Normale,Deux véhicules - côté,,,,,,,,,,,1,2,1,1.0,3
201400038031,0014-05-31 13:25:00,14,5,31,13,25,900,32,REPUBLIQUE (RUE DE LA),,,Plein jour,En agglomération,Hors intersection,Normale,Sans collision,,,,,,,,,,,1,2,1,1.0,7
201400038032,0014-06-03 17:15:00,14,6,3,17,15,900,10,"1, SOFIA (RUE DE)",,,Plein jour,En agglomération,Hors intersection,Normale,Autre collision,,,,,,,,,,,1,2,1,1.0,6
201400038033,0014-06-07 16:30:00,14,6,7,16,30,900,10,"1, LAURENCIE (AVENUE CAP",,,Plein jour,En agglomération,Hors intersection,Normale,Deux véhicules - arrière,,,,,,,,,,,1,2,1,1.0,2
201400038034,0014-06-08 11:50:00,14,6,8,11,50,900,10,"4, RABIN (PLACE YITZHAK)",,,Plein jour,En agglomération,Intersection en X,Normale,Deux véhicules - côté,,,,,,,,,,,1,2,2,1.0,3
201400038035,0014-06-08 19:40:00,14,6,8,19,40,900,10,"8, COPENHAGUE (RUE DE)",,,Plein jour,En agglomération,Hors intersection,Normale,Deux véhicules - côté,,,,,,,,,,,1,2,1,1.0,3
201400038036,0014-06-09 20:35:00,14,6,9,20,35,900,10,"22, MITTERRAND (PROMENAD",,,Plein jour,En agglomération,Hors intersection,Normale,Autre collision,,,,,,,,,,,1,2,1,1.0,6
201400038037,0014-06-10 17:30:00,14,6,10,17,30,900,10,"1, ZAPOROJIE (RUE DE)",,,Plein jour,En agglomération,Hors intersection,Normale,Autre collision,,,,,,,,,,,1,2,1,1.0,6
201400038038,0014-06-10 22:27:00,14,6,10,22,27,900,10,"36, CORBIS (PLACE)",,,Nuit avec éclairage allumé,En agglomération,Hors intersection,Normale,Autre collision,,,,,,,,,,,5,2,1,1.0,6
201400038039,0014-06-11 19:10:00,14,6,11,19,10,900,99,"48, TURENNE (RUE DE)",,,Plein jour,En agglomération,Hors intersection,Normale,Autre collision,,,,,,,,,,,1,2,1,1.0,6
201400038040,0014-06-19 10:15:00,14,6,19,10,15,900,10,"2, MILITAIRE (QUAI)",,,Plein jour,En agglomération,Intersection en T,Normale,Deux véhicules - côté,,,,,,,,,,,1,2,3,1.0,3
201400038041,0014-06-19 17:20:00,14,6,19,17,20,900,32,"1, D47B",,,Plein jour,En agglomération,Hors intersection,Normale,Deux véhicules - arrière,,,,,,,,,,,1,2,1,1.0,2
201400038042,0014-06-22 17:47:00,14,6,22,17,47,900,10,"2, ANCETRES (FAUBOURG DE",,,Plein jour,En agglomération,Hors intersection,Normale,Deux véhicules - côté,,,,,,,,,,,1,2,1,1.0,3
201400038043,0014-06-23 08:10:00,14,6,23,8,10,900,39,R.D.16,,,Plein jour,Hors agglomération,Intersection en Y,Normale,Deux véhicules - côté,,,,,,,,,,,1,1,4,1.0,3
201400038044,0014-06-25 12:15:00,14,6,25,12,15,900,10,"10, DUNANT (BOULEVARD HE",,,Plein jour,En agglomération,Giratoire,Normale,Deux véhicules - arrière,,,,,,,,,,,1,2,6,1.0,2
201400038045,0014-06-25 18:41:00,14,6,25,18,41,900,10,"180, JAURES (AVENUE JEAN",,,Plein jour,En agglomération,Hors intersection,Normale,Autre collision,,,,,,,,,,,1,2,1,1.0,6
201400038046,0014-07-03 08:45:00,14,7,3,8,45,900,10,"2, QUAI (RUE DU)",,,Plein jour,En agglomération,Giratoire,Normale,Deux véhicules - côté,,,,,,,,,,,1,2,6,1.0,3
201400038047,0014-07-04 17:45:00,14,7,4,17,45,900,10,"2, MENDES FRANCE (RUE)",,,Plein jour,En agglomération,Hors intersection,Normale,Trois véhicules et plus - en chaîne,,,,,,,,,,,1,2,1,1.0,4
201400038048,0014-07-05 16:50:00,14,7,5,16,50,900,10,LECLERC (AVENUE),,,Plein jour,En agglomération,Hors intersection,Normale,Deux véhicules - arrière,,,,,,,,,,,1,2,1,1.0,2
201400038049,0014-07-07 23:00:00,14,7,7,23,0,900,10,JAURES (AVENUE JEAN) A 1,,,Nuit avec éclairage allumé,En agglomération,Hors intersection,Pluie légère,Sans collision,,,,,,,,,,,5,2,1,2.0,7
201400038050,0014-07-16 18:43:00,14,7,16,18,43,900,10,"16, VESOUL (RUE DE)",,,Plein jour,En agglomération,Hors intersection,Normale,Deux véhicules - frontale,,,,,,,,,,,1,2,1,1.0,1
201400038051,0014-07-25 12:30:00,14,7,25,12,30,900,10,"2, rue des sciences et d",,,Plein jour,En agglomération,Intersection en X,Normale,Deux véhicules - côté,,,,,,,,,,,1,2,2,1.0,3
201400038052,0014-08-03 12:45:00,14,8,3,12,45,900,10,"2, MARSEILLE (RUE DE)",,,Plein jour,En agglomération,Hors intersection,Pluie légère,Deux véhicules - arrière,,,,,,,,,,,1,2,1,2.0,2
201400038053,0014-08-03 19:35:00,14,8,3,19,35,900,10,LECLERC (AVENUE),,,Plein jour,En agglomération,Intersection en X,Temps couvert,Deux véhicules - côté,,,,,,,,,,,1,2,2,8.0,3
201400038054,0014-08-07 13:00:00,14,8,7,13,0,900,10,RABIN (PLACE YITZHAK),,,Plein jour,En agglomération,Hors intersection,Normale,Deux véhicules - côté,,,,,,,,,,,1,2,1,1.0,3
201400038055,0014-08-09 12:50:00,14,8,9,12,50,900,10,FOLTZ (RUE),,,Plein jour,En agglomération,Intersection en X,Normale,Deux véhicules - côté,,,,,,,,,,,1,2,2,1.0,3
201400038056,0014-08-13 23:22:00,14,8,13,23,22,900,10,"72, JAURES (AVENUE JEAN)",,,Nuit sans éclairage public,En agglomération,Hors intersection,Normale,Autre collision,,,,,,,,,,,3,2,1,1.0,6
201400038057,0014-08-21 10:00:00,14,8,21,10,0,900,10,"2, MONTBELIARD (FAUBOURG",,,Plein jour,En agglomération,Hors intersection,Normale,Deux véhicules - arrière,,,,,,,,,,,1,2,1,1.0,2
201400038058,0014-08-30 18:25:00,14,8,30,18,25,900,1,"12, MONTBELIARD (ROUTE D",,,Plein jour,En agglomération,Hors intersection,Normale,Trois véhicules et plus - en chaîne,,,,,,,,,,,1,2,1,1.0,4
201400038059,0014-08-31 12:29:00,14,8,31,12,29,900,10,"2, VESOUL (RUE DE)",,,Plein jour,En agglomération,Hors intersection,Normale,Deux véhicules - côté,,,,,,,,,,,1,2,1,1.0,3
201400038060,0014-08-31 20:30:00,14,8,31,20,30,900,99,"85, TURENNE (RUE DE)",,,Nuit avec éclairage allumé,En agglomération,Hors intersection,Pluie légère,Autre collision,,,,,,,,,,,5,2,1,2.0,6
201400038061,0014-09-01 16:45:00,14,9,1,16,45,900,10,"5, CLEMENCEAU (BOULEVARD",,,Plein jour,En agglomération,Passage à niveau,Normale,Autre collision,,,,,,,,,,,1,2,8,1.0,6
201400038062,0014-09-02 10:59:00,14,9,2,10,59,900,32,MOZARD (RUE),,,Plein jour,En agglomération,Hors intersection,Normale,Autre collision,,,,,,,,,,,1,2,1,1.0,6
201400038063,0014-09-02 11:00:00,14,9,2,11,0,900,32,"2, CABLERIE (RUE DE LA)",,,Plein jour,En agglomération,Hors intersection,Normale,Trois véhicules et plus - en chaîne,,,,,,,,,,,1,2,1,1.0,4
201400038064,0014-09-02 13:56:00,14,9,2,13,56,900,10,"12, MARCHAL (RUE)",,,Plein jour,En agglomération,Hors intersection,Normale,Deux véhicules - arrière,,,,,,,,,,,1,2,1,1.0,2
201400038065,0014-09-13 10:00:00,14,9,13,10,0,900,10,"2, MULHOUSE (RUE DE)",,,Plein jour,En agglomération,Intersection en T,Temps couvert,Deux véhicules - frontale,,,,,,,,,,,1,2,3,8.0,1
201400038066,0014-09-16 08:05:00,14,9,16,8,5,900,10,"57, JAURES (AVENUE JEAN)",,,Plein jour,En agglomération,Hors intersection,Brouillard / fumée,Autre collision,,,,,,,,,,,1,2,1,5.0,6
201400038067,0014-09-16 18:23:00,14,9,16,18,23,900,10,"24, VAUBAN (QUAI)",,,Plein jour,En agglomération,Hors intersection,Normale,Deux véhicules - arrière,,,,,,,,,,,1,2,1,1.0,2
201400038068,0014-09-20 15:45:00,14,9,20,15,45,900,10,"27, VAUBAN (QUAI)",,,Plein jour,En agglomération,Hors intersection,Normale,Autre collision,,,,,,,,,,,1,2,1,1.0,6
201400038069,0014-09-23 12:12:00,14,9,23,12,12,900,10,"2, TURENNE (RUE DE)",,,Plein jour,En agglomération,Hors intersection,Normale,Deux véhicules - côté,,,,,,,,,,,1,2,1,1.0,3
201400038070,0014-09-23 14:45:00,14,9,23,14,45,900,10,LAURENCIE (AVENUE CAPITA,,,Plein jour,En agglomération,Hors intersection,Normale,Trois véhicules et plus - en chaîne,,,,,,,,,,,1,2,1,1.0,4
201400038071,0014-09-23 19:15:00,14,9,23,19,15,900,10,MENDES FRANCE (RUE),,,Plein jour,En agglomération,Hors intersection,Normale,Deux véhicules - côté,,,,,,,,,,,1,2,1,1.0,3
201400038072,0014-09-25 17:55:00,14,9,25,17,55,900,10,"6, DANJOUTIN (RUE DE)",,,Plein jour,En agglomération,Hors intersection,Normale,Deux véhicules - arrière,,,,,,,,,,,1,2,1,1.0,2
201400038073,0014-09-26 19:05:00,14,9,26,19,5,900,1,"1, MONTBELIARD (ROUTE DE",,,Crépuscule ou aube,En agglomération,Hors intersection,Normale,Deux véhicules - côté,,,,,,,,,,,2,2,1,1.0,3
201400038074,0014-09-30 15:10:00,14,9,30,15,10,900,10,"12, KOECHLIN (RUE)",,,Plein jour,En agglomération,Hors intersection,Normale,Sans collision,,,,,,,,,,,1,2,1,1.0,7
201400038075,0014-10-01 13:20:00,14,10,1,13,20,900,10,"07, FONTAINE (RUE JEAN D",,,Plein jour,En agglomération,Hors intersection,Normale,Autre collision,,,,,,,,,,,1,2,1,1.0,6
201400038076,0014-10-02 16:57:00,14,10,2,16,57,900,10,VAUBAN (QUAI),,,Plein jour,En agglomération,Hors intersection,Normale,Autre collision,,,,,,,,,,,1,2,1,1.0,6
201400038077,0014-10-05 15:44:00,14,10,5,15,44,900,75,"33, BRIAND (RUE ARISTIDE",,,Plein jour,En agglomération,Hors intersection,Normale,Autre collision,,,,,,,,,,,1,2,1,1.0,6
201400038078,0014-10-06 19:55:00,14,10,6,19,55,900,99,DE GAULLE (RUE DU GENERA,,,Nuit avec éclairage allumé,En agglomération,Hors intersection,Normale,Autre collision,,,,,,,,,,,5,2,1,1.0,6
201400038079,0014-10-07 13:45:00,14,10,7,13,45,900,10,STRASBOURG (RUE DE),,,Plein jour,En agglomération,Intersection en T,Pluie forte,Deux véhicules - côté,,,,,,,,,,,1,2,3,3.0,3
201400038080,0014-10-07 14:15:00,14,10,7,14,15,900,32,"12, DE GAULLE (RUE DU GE",,,Plein jour,En agglomération,Hors intersection,Normale,Deux véhicules - arrière,,,,,,,,,,,1,2,1,1.0,2
201400038081,0014-10-07 21:00:00,14,10,7,21,0,900,39,"48, DE LATTRE DE TASSIGN",,,Nuit avec éclairage allumé,En agglomération,Hors intersection,Temps couvert,Deux véhicules - frontale,,,,,,,,,,,5,2,1,8.0,1
201400038082,0014-10-08 08:00:00,14,10,8,8,0,900,10,"17, LYON (FAUBOURG DE)",,,Plein jour,En agglomération,Hors intersection,Pluie légère,Autre collision,,,,,,,,,,,1,2,1,2.0,6
201400038083,0014-10-09 18:17:00,14,10,9,18,17,900,29,"15, BRIAND (RUE ARISTIDE",,,Plein jour,En agglomération,Intersection en T,Pluie forte,Deux véhicules - côté,,,,,,,,,,,1,2,3,3.0,3
201400038084,0014-10-11 10:20:00,14,10,11,10,20,900,10,"35, ANCETRES (FAUBOURG D",,,Plein jour,En agglomération,Hors intersection,Pluie légère,Deux véhicules - arrière,,,,,,,,,,,1,2,1,2.0,2
201400038085,0014-10-14 19:16:00,14,10,14,19,16,900,10,"2, SANGNIER (RUE MARC)",,,Plein jour,En agglomération,Hors intersection,Normale,Autre collision,,,,,,,,,,,1,2,1,1.0,6
201400038086,0014-10-16 06:49:00,14,10,16,6,49,900,10,DUNANT (BOULEVARD HENRI),,,Nuit sans éclairage public,En agglomération,Giratoire,Pluie légère,Autre collision,,,,,,,,,,,3,2,6,2.0,6
201400038087,0014-10-20 16:15:00,14,10,20,16,15,900,10,"2, RABIN (PLACE YITZHAK)",,,Plein jour,En agglomération,Hors intersection,Normale,Autre collision,,,,,,,,,,,1,2,1,1.0,6
201400038088,0014-10-21 11:10:00,14,10,21,11,10,900,10,ALEMBERT (RUE D'),,,Plein jour,En agglomération,Hors intersection,Pluie légère,Deux véhicules - frontale,,,,,,,,,,,1,2,1,2.0,1
201400038089,0014-10-21 19:05:00,14,10,21,19,5,900,99,"2, BLUMBERG (RUE)",,,Nuit avec éclairage allumé,En agglomération,Hors intersection,Pluie légère,Trois véhicules et plus - en chaîne,,,,,,,,,,,5,2,1,2.0,4
201400038090,0014-10-24 15:30:00,14,10,24,15,30,900,10,"11, MONTBELIARD (FAUBOUR",,,Plein jour,En agglomération,Intersection en T,Normale,Deux véhicules - arrière,,,,,,,,,,,1,2,3,1.0,2