accident_id,datetime,annee,mois,jour,heure,minute,departement,commune_insee,adresse,latitude,longitude,luminosite,agglomeration,intersection,meteo,collision,nb_vehicules,nb_usagers,nb_indemnes,nb_tues,nb_blesses_hosp,nb_blesses_legers,age_cond_1,age_cond_2,veh_type_cond_1,veh_type_cond_2,lum_code,agg_code,int_code,atm_code,col_code
201400038091,0014-10-28 11:01:00,14,10,28,11,1,900,10,"1, FORT HATRY (RUE DU)",,,Plein jour,En agglomération,Hors intersection,Normale,Deux véhicules - côté,,,,,,,,,,,1,2,1,1.0,3
201400038092,0014-10-31 17:25:00,14,10,31,17,25,900,8,CHARMEUSE (RUE DE LA),,,Crépuscule ou aube,En agglomération,Hors intersection,Normale,Autre collision,,,,,,,,,,,2,2,1,1.0,6
201400038093,0014-11-03 09:19:00,14,11,3,9,19,900,10,"8, MARCHAL (RUE)",,,Plein jour,En agglomération,Hors intersection,Pluie légère,Deux véhicules - frontale,,,,,,,,,,,1,2,1,2.0,1
201400038094,0014-11-08 15:17:00,14,11,8,15,17,900,32,D47A,,,Plein jour,Hors agglomération,Hors intersection,Normale,Trois véhicules et plus - en chaîne,,,,,,,,,,,1,1,1,1.0,4
201400038095,0014-11-12 19:45:00,14,11,12,19,45,900,10,"2, TANNEURS (RUE DES)",,,Nuit avec éclairage allumé,En agglomération,Hors intersection,Pluie légère,Autre collision,,,,,,,,,,,5,2,1,2.0,6
201400038096,0014-11-13 08:05:00,14,11,13,8,5,900,10,"23, SARRAIL (AVENUE)",,,Plein jour,En agglomération,Hors intersection,Temps couvert,Sans collision,,,,,,,,,,,1,2,1,8.0,7
201400038097,0014-11-15 19:15:00,14,11,15,19,15,900,76,"3, GRAND'RUE",,,Nuit avec éclairage allumé,En agglomération,Hors intersection,Pluie légère,Deux véhicules - côté,,,,,,,,,,,5,2,1,2.0,3
201400038098,0014-11-17 13:15:00,14,11,17,13,15,900,8,GRAND'RUE,,,Plein jour,En agglomération,Hors intersection,Normale,Autre collision,,,,,,,,,,,1,2,1,1.0,6
201400038099,0014-11-17 18:30:00,14,11,17,18,30,900,99,"2, ZOLA (RUE EMILE)",,,Nuit avec éclairage allumé,En agglomération,Hors intersection,Temps couvert,Trois véhicules et plus - en chaîne,,,,,,,,,,,5,2,1,8.0,4
201400038100,0014-11-18 09:45:00,14,11,18,9,45,900,99,"15, DE GAULLE (RUE DU GE",,,Plein jour,En agglomération,Intersection à plus de 4 branches,Normale,Sans collision,,,,,,,,,,,1,2,5,1.0,7
201400038101,0014-11-18 17:45:00,14,11,18,17,45,900,10,BOHN (AVENUE CHARLES),,,Nuit avec éclairage allumé,En agglomération,Hors intersection,Pluie légère,Deux véhicules - côté,,,,,,,,,,,5,2,1,2.0,3
201400038102,0014-11-19 08:00:00,14,11,19,8,0,900,10,KENNEDY (BOULEVARD),,,Plein jour,En agglomération,Intersection en X,Normale,Deux véhicules - arrière,,,,,,,,,,,1,2,2,1.0,2
201400038103,0014-11-20 13:30:00,14,11,20,13,30,900,10,ZAPOROJIE (RUE DE),,,Plein jour,En agglomération,Hors intersection,Normale,Autre collision,,,,,,,,,,,1,2,1,1.0,6
201400038104,0014-11-23 16:55:00,14,11,23,16,55,900,32,REPUBLIQUE (RUE DE LA),,,Plein jour,En agglomération,Hors intersection,Normale,Deux véhicules - côté,,,,,,,,,,,1,2,1,1.0,3
201400038105,0014-12-02 17:03:00,14,12,2,17,3,900,10,CHATEAU D'EAU (AVENUE DU,,,Nuit sans éclairage public,En agglomération,Hors intersection,Pluie légère,Autre collision,,,,,,,,,,,3,2,1,2.0,6
201400038106,0014-12-03 17:20:00,14,12,3,17,20,900,10,FOCH (AVENUE),,,Nuit avec éclairage allumé,En agglomération,Intersection en T,Normale,Autre collision,,,,,,,,,,,5,2,3,1.0,6
201400038107,0014-12-08 12:13:00,14,12,8,12,13,900,10,DANJOUTIN (RUE DE),,,Plein jour,En agglomération,Hors intersection,Pluie forte,Deux véhicules - frontale,,,,,,,,,,,1,2,1,3.0,1
201400038108,0014-12-12 16:37:00,14,12,12,16,37,900,10,"10, MOULIN (AVENUE JEAN)",,,Crépuscule ou aube,En agglomération,Intersection en X,Pluie légère,Deux véhicules - côté,,,,,,,,,,,2,2,2,2.0,3
201400038109,0014-12-13 14:30:00,14,12,13,14,30,900,1,"25, MONTBELIARD (ROUTE D",,,Plein jour,En agglomération,Hors intersection,Normale,Trois véhicules et plus - en chaîne,,,,,,,,,,,1,2,1,1.0,4
201400038110,0014-12-16 18:20:00,14,12,16,18,20,900,10,"14, FRANCE BOULEVARD ANA",,,Nuit avec éclairage allumé,En agglomération,Hors intersection,Pluie légère,Deux véhicules - côté,,,,,,,,,,,5,2,1,2.0,3
201400038111,0014-12-18 18:25:00,14,12,18,18,25,900,10,BOHN (AVENUE CHARLES),,,Nuit avec éclairage allumé,En agglomération,Hors intersection,Pluie légère,Autre collision,,,,,,,,,,,5,2,1,2.0,6
201400038112,0014-12-29 14:45:00,14,12,29,14,45,900,39,"60, DE GAULLE (RUE DU GE",,,Plein jour,En agglomération,Hors intersection,Neige / grêle,Sans collision,,,,,,,,,,,1,2,1,4.0,7
201400038113,0014-01-01 06:40:00,14,1,1,6,40,910,552,N20,,,Nuit avec éclairage allumé,En agglomération,Hors intersection,Pluie légère,Deux véhicules - arrière,,,,,,,,,,,5,2,1,2.0,2
201400038114,0014-01-07 09:30:00,14,1,7,9,30,910,425,"24, TEMERAIRE (Avenue)",,,Plein jour,En agglomération,Hors intersection,Normale,Autre collision,,,,,,,,,,,1,2,1,1.0,6
201400038115,0014-01-07 17:20:00,14,1,7,17,20,910,425,"72, NATIONALE 20 (ROUTE)",,,Nuit avec éclairage allumé,Hors agglomération,Hors intersection,Pluie légère,Deux véhicules - côté,,,,,,,,,,,5,1,1,2.0,3
201400038116,0014-01-09 09:15:00,14,1,9,9,15,910,425,TEMPLIERS (ROUTE DES),,,Plein jour,En agglomération,Hors intersection,Normale,Trois véhicules et plus - en chaîne,,,,,,,,,,,1,2,1,1.0,4
201400038117,0014-01-09 11:25:00,14,1,9,11,25,910,457,CD 19,,,Plein jour,Hors agglomération,Hors intersection,Normale,Deux véhicules - arrière,,,,,,,,,,,1,1,1,1.0,2
201400038118,0014-01-19 12:15:00,14,1,19,12,15,910,339,RN 20,,,Plein jour,Hors agglomération,Hors intersection,Normale,Deux véhicules - arrière,,,,,,,,,,,1,1,1,1.0,2
201400038119,0014-01-22 21:50:00,14,1,22,21,50,910,339,RN 20,,,Nuit avec éclairage allumé,Hors agglomération,Hors intersection,Normale,Deux véhicules - arrière,,,,,,,,,,,5,1,1,1.0,2
201400038120,0014-01-23 07:10:00,14,1,23,7,10,910,347,PERRAY (RUE DU),,,Nuit avec éclairage allumé,En agglomération,Hors intersection,Pluie légère,Deux véhicules - frontale,,,,,,,,,,,5,2,1,2.0,1
201400038121,0014-01-27 16:18:00,14,1,27,16,18,910,21,JAURES JEAN (BOULEVARD),,,Crépuscule ou aube,En agglomération,Hors intersection,Normale,Deux véhicules - côté,,,,,,,,,,,2,2,1,1.0,3
201400038122,0014-01-28 07:50:00,14,1,28,7,50,910,103,DAUMONES (Z.A. DES),,,Plein jour,En agglomération,Hors intersection,Normale,Deux véhicules - côté,,,,,,,,,,,1,2,1,1.0,3
201400038123,0014-02-05 17:15:00,14,2,5,17,15,910,21,JAURES JEAN (BOULEVARD),,,Plein jour,En agglomération,Intersection en X,Pluie légère,Deux véhicules - frontale,,,,,,,,,,,1,2,2,2.0,1
201400038124,0014-02-12 13:40:00,14,2,12,13,40,910,103,PRES D'AULNAY (RUE DES),,,Plein jour,En agglomération,Intersection en X,Normale,Deux véhicules - côté,,,,,,,,,,,1,2,2,1.0,3
201400038125,0014-02-19 19:25:00,14,2,19,19,25,910,552,LEUVILLE (ROUTE DE),,,Nuit avec éclairage allumé,En agglomération,Hors intersection,Normale,Deux véhicules - côté,,,,,,,,,,,5,2,1,1.0,3
201400038126,0014-03-03 14:35:00,14,3,3,14,35,910,347,MONTLHERY (ROUTE DE),,,Plein jour,En agglomération,Intersection en T,Pluie légère,Trois véhicules et plus - collisions multiples,,,,,,,,,,,1,2,3,2.0,5
201400038127,0014-03-07 16:10:00,14,3,7,16,10,910,339,RN 20,,,Plein jour,En agglomération,Hors intersection,Normale,Deux véhicules - côté,,,,,,,,,,,1,2,1,1.0,3
201400038128,0014-03-09 17:00:00,14,3,9,17,0,910,339,RN 20,,,Plein jour,En agglomération,Hors intersection,Normale,Trois véhicules et plus - collisions multiples,,,,,,,,,,,1,2,1,1.0,5
201400038129,0014-03-12 12:45:00,14,3,12,12,45,910,21,CHARCOT (RUE DU DOCTEUR),,,Plein jour,En agglomération,Hors intersection,Normale,Autre collision,,,,,,,,,,,1,2,1,1.0,6
201400038130,0014-03-14 08:45:00,14,3,14,8,45,910,425,RN 20,,,Plein jour,En agglomération,Hors intersection,Normale,Deux véhicules - côté,,,,,,,,,,,1,2,1,1.0,3
201400038131,0014-03-16 12:45:00,14,3,16,12,45,910,339,RN 20,,,Plein jour,En agglomération,Hors intersection,Normale,Deux véhicules - arrière,,,,,,,,,,,1,2,1,1.0,2
201400038132,0014-03-26 19:00:00,14,3,26,19,0,910,21,"9, JAURES JEAN (BOULEVAR",,,Plein jour,En agglomération,Hors intersection,Normale,Deux véhicules - frontale,,,,,,,,,,,1,2,1,1.0,1
201400038133,0014-03-31 18:10:00,14,3,31,18,10,910,21,RN20,,,Plein jour,En agglomération,Hors intersection,Normale,Deux véhicules - arrière,,,,,,,,,,,1,2,1,1.0,2
201400038134,0014-04-05 12:30:00,14,4,5,12,30,910,21,"20, HOCHE (AVENUE)",,,Plein jour,En agglomération,Hors intersection,Normale,Trois véhicules et plus - en chaîne,,,,,,,,,,,1,2,1,1.0,4
201400038135,0014-04-09 12:59:00,14,4,9,12,59,910,425,"11, ORLEANS (ROUTE D')",,,Plein jour,Hors agglomération,Hors intersection,Normale,Deux véhicules - arrière,,,,,,,,,,,1,1,1,1.0,2
201400038136,0014-04-10 18:40:00,14,4,10,18,40,910,552,"108, MESNIL (RUE DU)",,,Plein jour,En agglomération,Hors intersection,Normale,Deux véhicules - arrière,,,,,,,,,,,1,2,1,1.0,2
201400038137,0014-04-14 19:20:00,14,4,14,19,20,910,552,"2, Frédéric Mistral (RUE",,,Plein jour,En agglomération,Hors intersection,Normale,Autre collision,,,,,,,,,,,1,2,1,1.0,6
201400038138,0014-04-16 08:25:00,14,4,16,8,25,910,425,TEMPLIERS (ROUTE DES),,,Plein jour,En agglomération,Hors intersection,Normale,Deux véhicules - arrière,,,,,,,,,,,1,2,1,1.0,2
201400038139,0014-04-17 08:30:00,14,4,17,8,30,910,347,PARIS (RUE DE),,,Plein jour,En agglomération,Hors intersection,Normale,Deux véhicules - arrière,,,,,,,,,,,1,2,1,1.0,2
201400038140,0014-04-17 11:40:00,14,4,17,11,40,910,103,TUILERIE (CHEMIN DE LA),,,Plein jour,En agglomération,Hors intersection,Normale,Deux véhicules - arrière,,,,,,,,,,,1,2,1,1.0,2
201400038141,0014-04-18 00:05:00,14,4,18,0,5,910,339,RN 20,,,Nuit sans éclairage public,Hors agglomération,Hors intersection,Normale,Deux véhicules - arrière,,,,,,,,,,,3,1,1,1.0,2
201400038142,0014-05-03 13:15:00,14,5,3,13,15,910,425,"12, RN 20",,,Plein jour,Hors agglomération,Hors intersection,Normale,Deux véhicules - côté,,,,,,,,,,,1,1,1,1.0,3
201400038143,0014-05-05 11:40:00,14,5,5,11,40,910,425,"face 10A, TEMPLIERS (ROU",,,Plein jour,En agglomération,Hors intersection,Normale,Deux véhicules - arrière,,,,,,,,,,,1,2,1,1.0,2
201400038144,0014-05-10 14:02:00,14,5,10,14,2,910,552,René Dècle (IMPASSE),,,Plein jour,En agglomération,Hors intersection,Normale,Deux véhicules - frontale,,,,,,,,,,,1,2,1,1.0,1
201400038145,0014-05-20 08:10:00,14,5,20,8,10,910,103,BOYAU MAURICE (RUE),,,Plein jour,En agglomération,Hors intersection,Normale,Autre collision,,,,,,,,,,,1,2,1,1.0,6
201400038146,0014-05-20 08:35:00,14,5,20,8,35,910,21,CORNATON ABEL (bld)),,,Plein jour,En agglomération,Hors intersection,Normale,Deux véhicules - arrière,,,,,,,,,,,1,2,1,1.0,2
201400038147,0014-05-22 12:30:00,14,5,22,12,30,910,103,REPUBLIQUE (BOULEVARD,,,Plein jour,En agglomération,Hors intersection,Normale,Autre collision,,,,,,,,,,,1,2,1,1.0,6
201400038148,0014-05-31 18:15:00,14,5,31,18,15,910,103,POITOU (RUE DU),,,Plein jour,En agglomération,Hors intersection,Normale,Autre collision,,,,,,,,,,,1,2,1,1.0,6
201400038149,0014-06-01 12:20:00,14,6,1,12,20,910,339,RN 20,,,Plein jour,Hors agglomération,Hors intersection,Normale,Deux véhicules - côté,,,,,,,,,,,1,1,1,1.0,3
201400038150,0014-06-04 12:35:00,14,6,4,12,35,910,103,BEAU DE ROCHAS ALPHONSE,,,Plein jour,Hors agglomération,Giratoire,Pluie légère,Deux véhicules - côté,,,,,,,,,,,1,1,6,2.0,3
201400038151,0014-06-07 18:50:00,14,6,7,18,50,910,339,RN 20,,,Plein jour,En agglomération,Hors intersection,Normale,Deux véhicules - arrière,,,,,,,,,,,1,2,1,1.0,2
201400038152,0014-06-07 20:00:00,14,6,7,20,0,910,333,FERRY JULES (RUE),,,Plein jour,En agglomération,Hors intersection,Normale,Deux véhicules - côté,,,,,,,,,,,1,2,1,1.0,3
201400038153,0014-06-08 17:00:00,14,6,8,17,0,910,457,FERTE ALAIS (ROUTE DE LA,,,Plein jour,Hors agglomération,Giratoire,Normale,Deux véhicules - côté,,,,,,,,,,,1,1,6,1.0,3
201400038154,0014-06-11 08:35:00,14,6,11,8,35,910,425,RN 20,,,Plein jour,En agglomération,Hors intersection,Normale,Deux véhicules - arrière,,,,,,,,,,,1,2,1,1.0,2
201400038155,0014-06-11 12:20:00,14,6,11,12,20,910,103,"134, BABIN (RUE DU DOCTE",,,Plein jour,En agglomération,Hors intersection,Normale,Deux véhicules - côté,,,,,,,,,,,1,2,1,1.0,3
201400038156,0014-06-16 15:00:00,14,6,16,15,0,910,339,RN 20,,,Plein jour,En agglomération,Hors intersection,Normale,Trois véhicules et plus - en chaîne,,,,,,,,,,,1,2,1,1.0,4
201400038157,0014-06-16 22:55:00,14,6,16,22,55,910,347,SOURCE (RUE DE LA),,,Nuit avec éclairage allumé,En agglomération,Intersection en X,Normale,Deux véhicules - côté,,,,,,,,,,,5,2,2,1.0,3
201400038158,0014-06-17 17:15:00,14,6,17,17,15,910,103,"11, ALLENDE SALVADOR (RU",,,Plein jour,En agglomération,Hors intersection,Normale,Autre collision,,,,,,,,,,,1,2,1,1.0,6
201400038159,0014-06-18 12:40:00,14,6,18,12,40,910,339,TABOR (CHEMIN DE),,,Plein jour,En agglomération,Hors intersection,Normale,Trois véhicules et plus - en chaîne,,,,,,,,,,,1,2,1,1.0,4
201400038160,0014-06-19 16:25:00,14,6,19,16,25,910,103,ALLENDE SALVADOR (RUE),,,Plein jour,En agglomération,Hors intersection,Normale,Deux véhicules - arrière,,,,,,,,,,,1,2,1,1.0,2
201400038161,0014-06-19 17:20:00,14,6,19,17,20,910,347,VERDUN (RUE DE),,,Plein jour,En agglomération,Intersection en X,Normale,Deux véhicules - frontale,,,,,,,,,,,1,2,2,1.0,1
201400038162,0014-06-23 12:30:00,14,6,23,12,30,910,339,DIVISION LECLERC (RUE DE,,,Plein jour,En agglomération,Hors intersection,Normale,Deux véhicules - côté,,,,,,,,,,,1,2,1,1.0,3
201400038163,0014-06-25 08:05:00,14,6,25,8,5,910,333,HUIT MAI 1945 (RUE DU),,,Plein jour,En agglomération,Intersection en X,Normale,Deux véhicules - côté,,,,,,,,,,,1,2,2,1.0,3
201400038164,0014-06-26 07:30:00,14,6,26,7,30,910,21,RN 20,,,Plein jour,En agglomération,Hors intersection,Normale,Deux véhicules - côté,,,,,,,,,,,1,2,1,1.0,3
201400038165,0014-06-28 09:30:00,14,6,28,9,30,910,103,DANAUX EDOUARD (RUE),,,Plein jour,En agglomération,Hors intersection,Pluie légère,Autre collision,,,,,,,,,,,1,2,1,2.0,6
201400038166,0014-07-12 10:50:00,14,7,12,10,50,910,339,RN 20,,,Plein jour,En agglomération,Hors intersection,Normale,Deux véhicules - côté,,,,,,,,,,,1,2,1,1.0,3
201400038167,0014-07-12 15:00:00,14,7,12,15,0,910,425,"10, ORLEANS (ROUTE D')",,,Plein jour,En agglomération,Hors intersection,Normale,Deux véhicules - côté,,,,,,,,,,,1,2,1,1.0,3
201400038168,0014-07-18 11:45:00,14,7,18,11,45,910,552,AULNAY (ROUTE D'),,,Plein jour,En agglomération,Hors intersection,Normale,Trois véhicules et plus - en chaîne,,,,,,,,,,,1,2,1,1.0,4
201400038169,0014-07-21 22:15:00,14,7,21,22,15,910,21,RN 20,,,Nuit sans éclairage public,Hors agglomération,Hors intersection,Normale,Deux véhicules - frontale,,,,,,,,,,,3,1,1,1.0,1
201400038170,0014-07-24 15:10:00,14,7,24,15,10,910,425,NATIONALE 20 (ROUTE),,,Plein jour,Hors agglomération,Hors intersection,Normale,Deux véhicules - arrière,,,,,,,,,,,1,1,1,1.0,2
201400038171,0014-07-24 17:30:00,14,7,24,17,30,910,21,"9, DIVISION LECLERC (AVE",,,Plein jour,En agglomération,Hors intersection,Normale,Deux véhicules - côté,,,,,,,,,,,1,2,1,1.0,3
201400038172,0014-07-27 13:35:00,14,7,27,13,35,910,103,COMMUNE DE PARIS (AV DE,,,Plein jour,En agglomération,Hors intersection,Normale,Deux véhicules - côté,,,,,,,,,,,1,2,1,1.0,3
201400038173,0014-07-29 05:30:00,14,7,29,5,30,910,103,CD 19,,,Crépuscule ou aube,En agglomération,Hors intersection,Normale,Deux véhicules - côté,,,,,,,,,,,2,2,1,1.0,3
201400038174,0014-07-29 18:00:00,14,7,29,18,0,910,21,"3, GIRAULT ERNEST (BOULE",,,Plein jour,En agglomération,Hors intersection,Normale,Trois véhicules et plus - collisions multiples,,,,,,,,,,,1,2,1,1.0,5
201400038175,0014-08-12 02:00:00,14,8,12,2,0,910,21,RN 20,,,Nuit sans éclairage public,Hors agglomération,Hors intersection,Normale,Autre collision,,,,,,,,,,,3,1,1,1.0,6
201400038176,0014-08-12 15:30:00,14,8,12,15,30,910,103,RUE JEAN JAURES,,,Plein jour,En agglomération,Intersection en X,Normale,Trois véhicules et plus - collisions multiples,,,,,,,,,,,1,2,2,1.0,5
201400038177,0014-08-19 18:10:00,14,8,19,18,10,910,21,CORNATON ABEL (AV),,,Plein jour,En agglomération,Hors intersection,Normale,Autre collision,,,,,,,,,,,1,2,1,1.0,6
201400038178,0014-09-04 19:10:00,14,9,4,19,10,910,21,RN 20,,,Plein jour,Hors agglomération,Hors intersection,Normale,Deux véhicules - arrière,,,,,,,,,,,1,1,1,1.0,2
201400038179,0014-09-06 18:50:00,14,9,6,18,50,910,425,N 20 (Route d'Orléans),,,Plein jour,En agglomération,Hors intersection,Normale,Deux véhicules - arrière,,,,,,,,,,,1,2,1,1.0,2
201400038180,0014-09-12 16:55:00,14,9,12,16,55,910,21,"21, VERDUN (AVENUE DE)",,,Plein jour,En agglomération,Hors intersection,Normale,Autre collision,,,,,,,,,,,1,2,1,1.0,6
201400038181,0014-09-16 10:10:00,14,9,16,10,10,910,339,av Robert Benoist,,,Plein jour,En agglomération,Hors intersection,Normale,Deux véhicules - arrière,,,,,,,,,,,1,2,1,1.0,2
201400038182,0014-09-27 15:20:00,14,9,27,15,20,910,425,"28, GRANDE RUE",,,Plein jour,En agglomération,Hors intersection,Normale,Deux véhicules - arrière,,,,,,,,,,,1,2,1,1.0,2
201400038183,0014-09-30 17:35:00,14,9,30,17,35,910,103,VALORGE (RUE DE,,,Plein jour,En agglomération,Hors intersection,Normale,Deux véhicules - côté,,,,,,,,,,,1,2,1,1.0,3
201400038184,0014-10-03 12:10:00,14,10,3,12,10,910,425,ORLEANS (ROUTE D'),,,Plein jour,En agglomération,Hors intersection,Normale,Trois véhicules et plus - collisions multiples,,,,,,,,,,,1,2,1,1.0,5
201400038185,0014-10-03 13:35:00,14,10,3,13,35,910,339,RN20,,,Plein jour,En agglomération,Hors intersection,Normale,Deux véhicules - arrière,,,,,,,,,,,1,2,1,1.0,2
201400038186,0014-10-04 11:40:00,14,10,4,11,40,910,103,CD 19,,,Plein jour,En agglomération,Giratoire,Normale,Deux véhicules - côté,,,,,,,,,,,1,2,6,1.0,3
201400038187,0014-10-06 20:30:00,14,10,6,20,30,910,339,RN20,,,Nuit avec éclairage allumé,En agglomération,Hors intersection,Pluie légère,Deux véhicules - arrière,,,,,,,,,,,5,2,1,2.0,2
201400038188,0014-10-07 18:48:00,14,10,7,18,48,910,21,"17, DIVISION LECLERC (AV",,,Plein jour,En agglomération,Hors intersection,Normale,Autre collision,,,,,,,,,,,1,2,1,1.0,6
201400038189,0014-10-13 11:20:00,14,10,13,11,20,910,339,DIVISION LECLERC (RUE DE,,,Plein jour,En agglomération,Hors intersection,Normale,Deux véhicules - frontale,,,,,,,,,,,1,2,1,1.0,1
201400038190,0014-10-14 06:20:00,14,10,14,6,20,910,103,POITOU (RUE DU),,,Plein jour,En agglomération,Hors intersection,Normale,Deux véhicules - arrière,,,,,,,,,,,1,2,1,1.0,2
201400038191,0014-10-18 17:05:00,14,10,18,17,5,910,339,RN 20,,,Plein jour,En agglomération,Hors intersection,Normale,Deux véhicules - frontale,,,,,,,,,,,1,2,1,1.0,1
201400038192,0014-10-19 10:50:00,14,10,19,10,50,910,333,HUIT MAI 1945 (RUE DU),,,Plein jour,En agglomération,Hors intersection,Normale,Autre collision,,,,,,,,,,,1,2,1,1.0,6
201400038193,0014-10-19 14:35:00,14,10,19,14,35,910,457,RD 19,,,Plein jour,En agglomération,Hors intersection,Normale,Autre collision,,,,,,,,,,,1,2,1,1.0,6
201400038194,0014-10-26 16:25:00,14,10,26,16,25,910,347,PERRAY (RUE DU),,,Plein jour,En agglomération,Intersection en T,Normale,Deux véhicules - côté,,,,,,,,,,,1,2,3,1.0,3
201400038195,0014-10-24 07:00:00,14,10,24,7,0,910,347,TEMPLIERS (ROUTE DES),,,Nuit avec éclairage allumé,En agglomération,Hors intersection,Normale,Deux véhicules - côté,,,,,,,,,,,5,2,1,1.0,3
201400038196,0014-10-27 23:40:00,14,10,27,23,40,910,21,GIRAULT ERNEST (BOULE,,,Nuit avec éclairage allumé,En agglomération,Hors intersection,Normale,Autre collision,,,,,,,,,,,5,2,1,1.0,6
201400038197,0014-10-31 15:30:00,14,10,31,15,30,910,103,R.FONTAINE DU BEL HUTIN,,,Plein jour,En agglomération,Hors intersection,Normale,Deux véhicules - côté,,,,,,,,,,,1,2,1,1.0,3
201400038198,0014-11-07 03:45:00,14,11,7,3,45,910,103,CD 19,,,Nuit avec éclairage allumé,Hors agglomération,Hors intersection,Normale,Deux véhicules - côté,,,,,,,,,,,5,1,1,1.0,3
201400038199,0014-11-08 05:50:00,14,11,8,5,50,910,103,"126, BABIN (RUE DU DOCTE",,,Nuit avec éclairage allumé,En agglomération,Hors intersection,Normale,Autre collision,,,,,,,,,,,5,2,1,1.0,6
201400038200,0014-11-08 19:00:00,14,11,8,19,0,910,21,DIVISION LECLERC (AVENUE,,,Nuit avec éclairage allumé,En agglomération,Hors intersection,Normale,Autre collision,,,,,,,,,,,5,2,1,1.0,6
201400038201,0014-11-09 14:45:00,14,11,9,14,45,910,21,GRANDE (RUE),,,Plein jour,En agglomération,Hors intersection,Normale,Deux véhicules - arrière,,,,,,,,,,,1,2,1,1.0,2
201400038202,0014-11-12 18:25:00,14,11,12,18,25,910,425,BOURGUIGNONS (RUE DES),,,Nuit avec éclairage allumé,En agglomération,Hors intersection,Normale,Deux véhicules - arrière,,,,,,,,,,,5,2,1,1.0,2
201400038203,0014-11-14 09:15:00,14,11,14,9,15,910,21,HOCHE (AVENUE),,,Plein jour,En agglomération,Hors intersection,Pluie légère,Deux véhicules - frontale,,,,,,,,,,,1,2,1,2.0,1
201400038204,0014-11-16 12:45:00,14,11,16,12,45,910,103,CD 19,,,Plein jour,Hors agglomération,Hors intersection,Pluie légère,Autre collision,,,,,,,,,,,1,1,1,2.0,6
201400038205,0014-11-16 14:15:00,14,11,16,14,15,910,103,CD 19,,,Plein jour,En agglomération,Hors intersection,Normale,Sans collision,,,,,,,,,,,1,2,1,1.0,7
201400038206,0014-11-17 20:30:00,14,11,17,20,30,910,425,TEMPLIERS (ROUTE DES),,,Nuit sans éclairage public,En agglomération,Hors intersection,Pluie légère,Trois véhicules et plus - collisions multiples,,,,,,,,,,,3,2,1,2.0,5
201400038207,0014-11-19 05:00:00,14,11,19,5,0,910,103,POITOU (RUE DU),,,Nuit avec éclairage allumé,En agglomération,Hors intersection,Brouillard / fumée,Deux véhicules - arrière,,,,,,,,,,,5,2,1,5.0,2
201400038208,0014-11-28 08:50:00,14,11,28,8,50,910,339,"10, DIVISION LECLERC (RU",,,Plein jour,En agglomération,Hors intersection,Normale,Deux véhicules - côté,,,,,,,,,,,1,2,1,1.0,3
201400038209,0014-11-29 12:40:00,14,11,29,12,40,910,103,DANAUX EDOUARD (RUE),,,Plein jour,En agglomération,Intersection en X,Normale,Deux véhicules - côté,,,,,,,,,,,1,2,2,1.0,3
201400038210,0014-12-04 00:01:00,14,12,4,0,1,910,21,"4, GIRAULT ERNEST (BOULE",,,Nuit avec éclairage allumé,En agglomération,Hors intersection,Normale,Deux véhicules - frontale,,,,,,,,,,,5,2,1,1.0,1
201400038211,0014-12-04 13:30:00,14,12,4,13,30,910,339,SABLONS (RUE DES),,,Plein jour,En agglomération,Hors intersection,Normale,Deux véhicules - arrière,,,,,,,,,,,1,2,1,1.0,2
201400038212,0014-12-04 18:10:00,14,12,4,18,10,910,552,CORBEIL (ROUTE DE),,,Nuit avec éclairage allumé,En agglomération,Hors intersection,Normale,Autre collision,,,,,,,,,,,5,2,1,1.0,6
201400038213,0014-12-05 04:35:00,14,12,5,4,35,910,425,RN 20,,,Nuit avec éclairage allumé,En agglomération,Hors intersection,Normale,Sans collision,,,,,,,,,,,5,2,1,1.0,7
201400038214,0014-12-05 19:45:00,14,12,5,19,45,910,347,"74, RN 20",,,Nuit avec éclairage allumé,En agglomération,Hors intersection,Normale,Deux véhicules - arrière,,,,,,,,,,,5,2,1,1.0,2
201400038215,0014-12-06 14:15:00,14,12,6,14,15,910,339,RN 20,,,Plein jour,En agglomération,Hors intersection,Normale,Deux véhicules - arrière,,,,,,,,,,,1,2,1,1.0,2
201400038216,0014-12-09 08:10:00,14,12,9,8,10,910,347,LEUVILLE (RUE DE),,,Plein jour,En agglomération,Hors intersection,Autre,Sans collision,,,,,,,,,,,1,2,1,9.0,7
201400038217,0014-12-09 20:30:00,14,12,9,20,30,910,103,"54, PATURES (CHEMIN DES)",,,Nuit avec éclairage allumé,En agglomération,Hors intersection,Normale,Sans collision,,,,,,,,,,,5,2,1,1.0,7
201400038218,0014-12-10 19:10:00,14,12,10,19,10,910,457,FERTE ALAIS (ROUTE DE LA,,,Nuit avec éclairage allumé,En agglomération,Hors intersection,Pluie légère,Autre collision,,,,,,,,,,,5,2,1,2.0,6
201400038219,0014-12-11 10:50:00,14,12,11,10,50,910,425,RN 20,,,Plein jour,En agglomération,Hors intersection,Normale,Trois véhicules et plus - en chaîne,,,,,,,,,,,1,2,1,1.0,4
201400038220,0014-12-14 14:50:00,14,12,14,14,50,910,21,HOCHE (AVENUE),,,Plein jour,En agglomération,Hors intersection,Temps couvert,Deux véhicules - frontale,,,,,,,,,,,1,2,1,8.0,1
201400038221,0014-12-15 08:00:00,14,12,15,8,0,910,425,RN 20,,,Nuit avec éclairage allumé,En agglomération,Hors intersection,Normale,Deux véhicules - frontale,,,,,,,,,,,5,2,1,1.0,1