accident_id,datetime,annee,mois,jour,heure,minute,departement,commune_insee,adresse,latitude,longitude,luminosite,agglomeration,intersection,meteo,collision,nb_vehicules,nb_usagers,nb_indemnes,nb_tues,nb_blesses_hosp,nb_blesses_legers,age_cond_1,age_cond_2,veh_type_cond_1,veh_type_cond_2,lum_code,agg_code,int_code,atm_code,col_code
201400038222,0014-12-15 18:20:00,14,12,15,18,20,910,347,"48, MOULIN A VENT (IMPAS",,,Nuit avec éclairage allumé,En agglomération,Hors intersection,Pluie légère,Autre collision,,,,,,,,,,,5,2,1,2.0,6
201400038223,0014-12-17 08:15:00,14,12,17,8,15,910,339,BOILLOT GEORGES (AVENUE),,,Nuit avec éclairage allumé,En agglomération,Hors intersection,Pluie légère,Autre collision,,,,,,,,,,,5,2,1,2.0,6
201400038224,0014-12-17 10:54:00,14,12,17,10,54,910,552,"24, DECLE RENE (RUE)",,,Plein jour,En agglomération,Hors intersection,Pluie légère,Autre collision,,,,,,,,,,,1,2,1,2.0,6
201400038225,0014-12-18 13:45:00,14,12,18,13,45,910,339,BOILLOT GEORGES (AVENUE),,,Plein jour,En agglomération,Intersection en X,Normale,Deux véhicules - frontale,,,,,,,,,,,1,2,2,1.0,1
201400038226,0014-12-20 19:20:00,14,12,20,19,20,910,425,BOURGUIGNONS (RUE DES),,,Nuit sans éclairage public,En agglomération,Hors intersection,Normale,Deux véhicules - arrière,,,,,,,,,,,3,2,1,1.0,2
201400038227,0014-12-30 11:38:00,14,12,30,11,38,910,425,"17, TEMPLIERS (ROUTE DES",,,Plein jour,En agglomération,Hors intersection,Normale,Deux véhicules - frontale,,,,,,,,,,,1,2,1,1.0,1
201400038228,0014-12-30 10:30:00,14,12,30,10,30,910,21,JAURES JEAN (BOULEVARD),,,Plein jour,En agglomération,Intersection en X,Normale,Autre collision,,,,,,,,,,,1,2,2,1.0,6
201400038229,0014-02-09 14:00:00,14,2,9,14,0,910,27,"17, PITOUREES (RUE DES)",,,Plein jour,En agglomération,Hors intersection,Normale,Deux véhicules - arrière,,,,,,,,,,,1,2,1,1.0,2
201400038230,0014-02-20 17:45:00,14,2,20,17,45,910,27,BRIAND (AVENUE ARISTIDE),,,Plein jour,En agglomération,Hors intersection,Normale,Autre collision,,,,,,,,,,,1,2,1,1.0,6
201400038231,0014-01-04 16:35:00,14,1,4,16,35,910,27,FONTAINEBLEAU (AV,,,Plein jour,Hors agglomération,Intersection en X,Normale,Autre collision,,,,,,,,,,,1,1,2,1.0,6
201400038232,0014-05-25 07:45:00,14,5,25,7,45,910,479,FONTAINEBLEAU (AV,,,Plein jour,Hors agglomération,Hors intersection,Normale,Deux véhicules - arrière,,,,,,,,,,,1,1,1,1.0,2
201400038233,0014-06-09 21:15:00,14,6,9,21,15,910,27,MITTERAND (AVENUE FRA,,,Plein jour,En agglomération,Intersection en T,Normale,Deux véhicules - frontale,,,,,,,,,,,1,2,3,1.0,1
201400038234,0014-09-30 18:30:00,14,9,30,18,30,910,479,JAURES (AVENUE JEAN),,,Nuit avec éclairage allumé,En agglomération,Hors intersection,Normale,Deux véhicules - arrière,,,,,,,,,,,5,2,1,1.0,2
201400038235,0014-07-10 10:40:00,14,7,10,10,40,910,479,"17, VERDUN (AVENUE DE)",,,Plein jour,En agglomération,Hors intersection,Normale,Autre collision,,,,,,,,,,,1,2,1,1.0,6
201400038236,0014-10-10 16:50:00,14,10,10,16,50,910,27,R. G. ANTONIOZ DE GAULLE,,,Plein jour,En agglomération,Hors intersection,Normale,Autre collision,,,,,,,,,,,1,2,1,1.0,6
201400038237,0014-11-02 16:50:00,14,11,2,16,50,910,27,MITTERAND (AVENUE FRA,,,Plein jour,En agglomération,Hors intersection,Normale,Deux véhicules - arrière,,,,,,,,,,,1,2,1,1.0,2
201400038238,0014-11-06 07:25:00,14,11,6,7,25,910,27,MORANGIS (AVENUE DE),,,Crépuscule ou aube,En agglomération,Intersection en X,Normale,Deux véhicules - côté,,,,,,,,,,,2,2,2,1.0,3
201400038239,0014-11-19 22:10:00,14,11,19,22,10,910,27,"75, MITTERAND (AVENUE FR",,,Nuit avec éclairage allumé,En agglomération,Hors intersection,Normale,Trois véhicules et plus - collisions multiples,,,,,,,,,,,5,2,1,1.0,5
201400038240,0014-11-19 18:40:00,14,11,19,18,40,910,479,FONTAINEBLEAU (AV,,,Nuit avec éclairage allumé,Hors agglomération,Hors intersection,Normale,Deux véhicules - côté,,,,,,,,,,,5,1,1,1.0,3
201400038241,0014-11-18 07:25:00,14,11,18,7,25,910,27,INDUSTRIE (QUAI DE L',,,Nuit avec éclairage allumé,En agglomération,Hors intersection,Normale,Trois véhicules et plus - collisions multiples,,,,,,,,,,,5,2,1,1.0,5
201400038242,0014-12-03 08:35:00,14,12,3,8,35,910,27,DUNANT (AVENUE HENRI),,,Plein jour,En agglomération,Hors intersection,Pluie légère,Autre collision,,,,,,,,,,,1,2,1,2.0,6
201400038243,0014-12-21 21:05:00,14,12,21,21,5,910,479,FONTAINEBLEAU (AV,,,Nuit avec éclairage non allumé,En agglomération,Hors intersection,Normale,Trois véhicules et plus - en chaîne,,,,,,,,,,,4,2,1,1.0,4
201400038244,0014-01-15 08:20:00,14,1,15,8,20,910,114,PYRAMIDE (PLACE DE LA),,,Crépuscule ou aube,En agglomération,Giratoire,Pluie légère,Deux véhicules - côté,,,,,,,,,,,2,2,6,2.0,3
201400038245,0014-01-15 15:35:00,14,1,15,15,35,910,114,"81, ROUTE NATIONALE 6",,,Plein jour,En agglomération,Hors intersection,Pluie légère,Deux véhicules - arrière,,,,,,,,,,,1,2,1,2.0,2
201400038246,0014-01-16 09:35:00,14,1,16,9,35,910,114,WITTLICH (ROND POINT),,,Plein jour,En agglomération,Giratoire,Pluie légère,Autre collision,,,,,,,,,,,1,2,6,2.0,6
201400038247,0014-01-21 15:40:00,14,1,21,15,40,910,631,BOIELDIEU (RUE),,,Plein jour,En agglomération,Hors intersection,Normale,Deux véhicules - arrière,,,,,,,,,,,1,2,1,1.0,2
201400038248,0014-01-21 19:10:00,14,1,21,19,10,910,114,PIERRE PROST (AVENUE),,,Nuit avec éclairage non allumé,En agglomération,Hors intersection,Normale,Deux véhicules - côté,,,,,,,,,,,4,2,1,1.0,3
201400038249,0014-01-30 08:20:00,14,1,30,8,20,910,114,VILLECRESNES (RUE),,,Crépuscule ou aube,En agglomération,Intersection en X,Normale,Deux véhicules - frontale,,,,,,,,,,,2,2,2,1.0,1
201400038250,0014-02-02 18:35:00,14,2,2,18,35,910,215,JACQUES ANQUETIL (ROND-P,,,Nuit avec éclairage allumé,En agglomération,Giratoire,Normale,Autre collision,,,,,,,,,,,5,2,6,1.0,6
201400038251,0014-02-03 06:45:00,14,2,3,6,45,910,97,JEAN MOULIN (AVENUE),,,Crépuscule ou aube,En agglomération,Giratoire,Normale,Deux véhicules - côté,,,,,,,,,,,2,2,6,1.0,3
201400038252,0014-02-08 15:30:00,14,2,8,15,30,910,114,RN 6,,,Plein jour,En agglomération,Hors intersection,Normale,Deux véhicules - arrière,,,,,,,,,,,1,2,1,1.0,2
201400038253,0014-02-10 10:15:00,14,2,10,10,15,910,114,RN 6,,,Plein jour,En agglomération,Hors intersection,Normale,Deux véhicules - arrière,,,,,,,,,,,1,2,1,1.0,2
201400038254,0014-02-11 17:00:00,14,2,11,17,0,910,114,PIERRE PROST (AVENUE),,,Plein jour,En agglomération,Giratoire,Normale,Deux véhicules - côté,,,,,,,,,,,1,2,6,1.0,3
201400038255,0014-02-15 19:20:00,14,2,15,19,20,910,114,"8, ILE DE FRANCE (BOULEV",,,Nuit avec éclairage allumé,En agglomération,Hors intersection,Normale,Deux véhicules - frontale,,,,,,,,,,,5,2,1,1.0,1
201400038256,0014-02-26 20:30:00,14,2,26,20,30,910,114,RN 6,,,Nuit avec éclairage allumé,En agglomération,Hors intersection,Normale,Deux véhicules - arrière,,,,,,,,,,,5,2,1,1.0,2
201400038257,0014-02-27 11:35:00,14,2,27,11,35,910,114,CERCAY (RUE DE),,,Plein jour,En agglomération,Hors intersection,Pluie forte,Deux véhicules - arrière,,,,,,,,,,,1,2,1,3.0,2
201400038258,0014-03-02 11:15:00,14,3,2,11,15,910,114,PYRAMIDE (AVENUE DE LA),,,Plein jour,En agglomération,Hors intersection,Normale,Autre collision,,,,,,,,,,,1,2,1,1.0,6
201400038259,0014-03-01 17:15:00,14,3,1,17,15,910,514,CD 33,,,Plein jour,En agglomération,Hors intersection,Normale,Deux véhicules - frontale,,,,,,,,,,,1,2,1,1.0,1
201400038260,0014-03-10 09:35:00,14,3,10,9,35,910,114,ROUTE NATIONALE 6,,,Plein jour,En agglomération,Hors intersection,Normale,Deux véhicules - arrière,,,,,,,,,,,1,2,1,1.0,2
201400038261,0014-03-09 21:40:00,14,3,9,21,40,910,114,ROUTE NATIONALE 6,,,Nuit avec éclairage allumé,En agglomération,Hors intersection,Normale,Deux véhicules - côté,,,,,,,,,,,5,2,1,1.0,3
201400038262,0014-03-14 17:10:00,14,3,14,17,10,910,97,CORA ET SON PARKING,,,Plein jour,En agglomération,Hors intersection,Normale,Deux véhicules - côté,,,,,,,,,,,1,2,1,1.0,3
201400038263,0014-03-30 18:45:00,14,3,30,18,45,910,215,ANATOLE FRANCE (RUE),,,Plein jour,En agglomération,Hors intersection,Normale,Deux véhicules - côté,,,,,,,,,,,1,2,1,1.0,3
201400038264,0014-04-01 10:30:00,14,4,1,10,30,910,215,HUIT MAI QUARANTE CINQ (,,,Plein jour,En agglomération,Hors intersection,Normale,Deux véhicules - arrière,,,,,,,,,,,1,2,1,1.0,2
201400038265,0014-04-18 15:50:00,14,4,18,15,50,910,114,"7, TALMA (RUE)",,,Plein jour,En agglomération,Hors intersection,Normale,Deux véhicules - côté,,,,,,,,,,,1,2,1,1.0,3
201400038266,0014-05-17 11:20:00,14,5,17,11,20,910,114,ROUTE NATIONALE 6,,,Plein jour,En agglomération,Hors intersection,Normale,Trois véhicules et plus - collisions multiples,,,,,,,,,,,1,2,1,1.0,5
201400038267,0014-05-18 11:00:00,14,5,18,11,0,910,514,RD 33,,,Plein jour,En agglomération,Hors intersection,Normale,Deux véhicules - arrière,,,,,,,,,,,1,2,1,1.0,2
201400038268,0014-05-21 17:55:00,14,5,21,17,55,910,114,TALMA (RUE),,,Plein jour,En agglomération,Hors intersection,Pluie légère,Deux véhicules - arrière,,,,,,,,,,,1,2,1,2.0,2
201400038269,0014-05-29 20:00:00,14,5,29,20,0,910,114,REPUBLIQUE (RUE DE LA),,,Plein jour,En agglomération,Hors intersection,Normale,Autre collision,,,,,,,,,,,1,2,1,1.0,6
201400038270,0014-06-05 15:10:00,14,6,5,15,10,910,114,PIERRE PROST (AVENUE),,,Plein jour,En agglomération,Hors intersection,Normale,Deux véhicules - arrière,,,,,,,,,,,1,2,1,1.0,2
201400038271,0014-06-13 19:50:00,14,6,13,19,50,910,114,VALLEES (RUE),,,Plein jour,En agglomération,Intersection en T,Normale,Deux véhicules - frontale,,,,,,,,,,,1,2,3,1.0,1
201400038272,0014-06-15 18:45:00,14,6,15,18,45,910,114,PIERRE PROST (AVENUE),,,Plein jour,En agglomération,Hors intersection,Normale,Deux véhicules - côté,,,,,,,,,,,1,2,1,1.0,3
201400038273,0014-06-18 07:50:00,14,6,18,7,50,910,114,ROUTE NATIONALE 6,,,Plein jour,En agglomération,Hors intersection,Normale,Deux véhicules - arrière,,,,,,,,,,,1,2,1,1.0,2
201400038274,0014-06-23 14:10:00,14,6,23,14,10,910,114,PONT PERRONNET (RUE DU),,,Plein jour,En agglomération,Hors intersection,Normale,Autre collision,,,,,,,,,,,1,2,1,1.0,6
201400038275,0014-06-05 16:35:00,14,6,5,16,35,910,114,GENERAL GOUTTIERE (AVENU,,,Plein jour,En agglomération,Hors intersection,Normale,Deux véhicules - frontale,,,,,,,,,,,1,2,1,1.0,1
201400038276,0014-06-05 19:50:00,14,6,5,19,50,910,114,ABBAYE (RUE DE L'),,,Plein jour,En agglomération,Hors intersection,Normale,Autre collision,,,,,,,,,,,1,2,1,1.0,6
201400038277,0014-06-30 20:50:00,14,6,30,20,50,910,514,"05, HENRI CHASLES (AVENU",,,Plein jour,En agglomération,Hors intersection,Normale,Deux véhicules - arrière,,,,,,,,,,,1,2,1,1.0,2
201400038278,0014-07-02 17:30:00,14,7,2,17,30,910,215,CHEMIN VERT,,,Plein jour,En agglomération,Intersection en Y,Normale,Deux véhicules - côté,,,,,,,,,,,1,2,4,1.0,3
201400038279,0014-07-06 13:10:00,14,7,6,13,10,910,114,ROUTE NATIONALE 6,,,Plein jour,En agglomération,Hors intersection,Pluie légère,Deux véhicules - arrière,,,,,,,,,,,1,2,1,2.0,2
201400038280,0014-07-07 07:40:00,14,7,7,7,40,910,114,ROUTE NATIONALE 6,,,Plein jour,En agglomération,Hors intersection,Normale,Trois véhicules et plus - en chaîne,,,,,,,,,,,1,2,1,1.0,4
201400038281,0014-07-13 09:45:00,14,7,13,9,45,910,114,PONT PERRONNET (RUE DU),,,Plein jour,En agglomération,Hors intersection,Pluie légère,Autre collision,,,,,,,,,,,1,2,1,2.0,6
201400038282,0014-07-21 07:30:00,14,7,21,7,30,910,114,ROUTE NATIONALE 6,,,Plein jour,En agglomération,Intersection en T,Temps couvert,Trois véhicules et plus - en chaîne,,,,,,,,,,,1,2,3,8.0,4
201400038283,0014-08-03 09:00:00,14,8,3,9,0,910,631,"41, MANDRES (RUE DE)",,,Plein jour,En agglomération,Hors intersection,Normale,Autre collision,,,,,,,,,,,1,2,1,1.0,6
201400038284,0014-08-06 15:45:00,14,8,6,15,45,910,114,PIERRE PROST (AVENUE),,,Plein jour,En agglomération,Hors intersection,Pluie légère,Deux véhicules - arrière,,,,,,,,,,,1,2,1,2.0,2
201400038285,0014-08-11 17:50:00,14,8,11,17,50,910,114,"74, GENERAL LECLERC (AVE",,,Plein jour,En agglomération,Hors intersection,Normale,Deux véhicules - arrière,,,,,,,,,,,1,2,1,1.0,2
201400038286,0014-08-18 09:00:00,14,8,18,9,0,910,114,RN 6,,,Plein jour,En agglomération,Hors intersection,Normale,Deux véhicules - arrière,,,,,,,,,,,1,2,1,1.0,2
201400038287,0014-08-22 19:00:00,14,8,22,19,0,910,114,"9, MONTMARTEL (RUE)",,,Plein jour,En agglomération,Intersection en T,Normale,Deux véhicules - côté,,,,,,,,,,,1,2,3,1.0,3
201400038288,0014-08-30 09:30:00,14,8,30,9,30,910,114,POSTE (RUE DE LA),,,Plein jour,En agglomération,Hors intersection,Normale,Autre collision,,,,,,,,,,,1,2,1,1.0,6
201400038289,0014-08-31 16:00:00,14,8,31,16,0,910,114,RN 6,,,Plein jour,En agglomération,Hors intersection,Normale,Deux véhicules - arrière,,,,,,,,,,,1,2,1,1.0,2
201400038290,0014-09-19 09:20:00,14,9,19,9,20,910,514,GARE (RUE DE LA),,,Plein jour,En agglomération,Intersection en T,Normale,Deux véhicules - côté,,,,,,,,,,,1,2,3,1.0,3
201400038291,0014-09-24 08:30:00,14,9,24,8,30,910,114,LATERALE (RUE),,,Plein jour,En agglomération,Intersection en T,Normale,Deux véhicules - frontale,,,,,,,,,,,1,2,3,1.0,1
201400038292,0014-09-30 13:40:00,14,9,30,13,40,910,114,RN 6,,,Plein jour,En agglomération,Hors intersection,Normale,Deux véhicules - côté,,,,,,,,,,,1,2,1,1.0,3
201400038293,0014-10-06 08:40:00,14,10,6,8,40,910,514,CD 33,,,Plein jour,Hors agglomération,Autre intersection,Normale,Trois véhicules et plus - collisions multiples,,,,,,,,,,,1,1,9,1.0,5
201400038294,0014-10-09 07:45:00,14,10,9,7,45,910,514,GARE (RUE DE LA),,,Plein jour,En agglomération,Hors intersection,Pluie légère,Autre collision,,,,,,,,,,,1,2,1,2.0,6
201400038295,0014-10-12 01:45:00,14,10,12,1,45,910,514,CD 33,,,Nuit sans éclairage public,Hors agglomération,Hors intersection,Normale,Autre collision,,,,,,,,,,,3,1,1,1.0,6
201400038296,0014-10-12 13:30:00,14,10,12,13,30,910,514,BOISSY (RUE DE),,,Plein jour,En agglomération,Hors intersection,Normale,Deux véhicules - côté,,,,,,,,,,,1,2,1,1.0,3
201400038297,0014-10-13 15:45:00,14,10,13,15,45,910,215,ROCHEAU (ESPACE),,,Plein jour,En agglomération,Intersection en T,Normale,Autre collision,,,,,,,,,,,1,2,3,1.0,6
201400038298,0014-10-14 12:10:00,14,10,14,12,10,910,514,CENTRE COMMERCIAL VAL D',,,Plein jour,En agglomération,Hors intersection,Normale,Deux véhicules - arrière,,,,,,,,,,,1,2,1,1.0,2
201400038299,0014-10-15 08:10:00,14,10,15,8,10,910,215,VICTOR HUGO (AVENUE),,,Plein jour,En agglomération,Hors intersection,Normale,Autre collision,,,,,,,,,,,1,2,1,1.0,6
201400038300,0014-10-19 22:55:00,14,10,19,22,55,910,114,ILE DE FRANCE (BOULEVARD,,,Nuit avec éclairage allumé,En agglomération,Hors intersection,Normale,Sans collision,,,,,,,,,,,5,2,1,1.0,7
201400038301,0014-11-04 08:30:00,14,11,4,8,30,910,114,GENERAL LECLERC (AVENUE,,,Plein jour,En agglomération,Intersection en T,Normale,Deux véhicules - frontale,,,,,,,,,,,1,2,3,1.0,1
201400038302,0014-11-04 10:00:00,14,11,4,10,0,910,114,BRIE (ROUTE DE),,,Plein jour,En agglomération,Giratoire,Normale,Deux véhicules - frontale,,,,,,,,,,,1,2,6,1.0,1
201400038303,0014-11-05 11:20:00,14,11,5,11,20,910,114,RN 6,,,Plein jour,En agglomération,Hors intersection,Normale,Trois véhicules et plus - collisions multiples,,,,,,,,,,,1,2,1,1.0,5
201400038304,0014-11-12 08:15:00,14,11,12,8,15,910,97,LILAS  (RUE DES),,,Crépuscule ou aube,En agglomération,Intersection en X,Normale,Deux véhicules - côté,,,,,,,,,,,2,2,2,1.0,3
201400038305,0014-11-14 13:00:00,14,11,14,13,0,910,114,BD CHARLES DE GAULLE,,,Plein jour,En agglomération,Hors intersection,Normale,Autre collision,,,,,,,,,,,1,2,1,1.0,6
201400038306,0014-12-11 09:00:00,14,12,11,9,0,910,514,CD 33,,,Plein jour,Hors agglomération,Hors intersection,Normale,Deux véhicules - arrière,,,,,,,,,,,1,1,1,1.0,2
201400038307,0014-12-13 15:20:00,14,12,13,15,20,910,114,ROUTE NATIONALE 6,,,Plein jour,Hors agglomération,Hors intersection,Normale,Deux véhicules - arrière,,,,,,,,,,,1,1,1,1.0,2
201400038308,0014-12-26 11:30:00,14,12,26,11,30,910,97,CHARLES DE GAULLE(av),,,Plein jour,En agglomération,Giratoire,Normale,Deux véhicules - côté,,,,,,,,,,,1,2,6,1.0,3
201400038309,0014-12-26 17:40:00,14,12,26,17,40,910,97,"3, CHARLES DE GAULLE (Av",,,Nuit avec éclairage allumé,En agglomération,Hors intersection,Normale,Deux véhicules - arrière,,,,,,,,,,,5,2,1,1.0,2
201400038310,0014-12-30 12:00:00,14,12,30,12,0,910,114,ROUTE NATIONALE 6,,,Plein jour,En agglomération,Hors intersection,Normale,Deux véhicules - arrière,,,,,,,,,,,1,2,1,1.0,2
201400038311,0014-11-18 16:40:00,14,11,18,16,40,910,174,"1, Général Leclerc (rue)",,,Plein jour,En agglomération,Hors intersection,Autre,Deux véhicules - frontale,,,,,,,,,,,1,2,1,9.0,1
201400038312,0014-12-15 14:25:00,14,12,15,14,25,910,174,"01, PAPETERIE(RUE)",,,Plein jour,En agglomération,Giratoire,Autre,Deux véhicules - arrière,,,,,,,,,,,1,2,6,9.0,2
201400038313,0014-11-14 13:10:00,14,11,14,13,10,910,174,Emile ZOLA (rue),,,Plein jour,En agglomération,Giratoire,Normale,Deux véhicules - côté,,,,,,,,,,,1,2,6,1.0,3
201400038314,0014-12-16 18:25:00,14,12,16,18,25,910,174,"83, LISSES (ROUTE DE)",,,Nuit avec éclairage allumé,En agglomération,Hors intersection,Normale,Deux véhicules - frontale,,,,,,,,,,,5,2,1,1.0,1
201400038315,0014-12-17 18:50:00,14,12,17,18,50,910,174,"83, CARNOT(AVENUE)",,,Nuit avec éclairage allumé,En agglomération,Hors intersection,Normale,Autre collision,,,,,,,,,,,5,2,1,1.0,6
201400038316,0014-10-06 10:10:00,14,10,6,10,10,910,174,"86, FONTAINEBLEAU (BD)",,,Plein jour,En agglomération,Hors intersection,Normale,Deux véhicules - côté,,,,,,,,,,,1,2,1,1.0,3
201400038317,0014-10-04 20:50:00,14,10,4,20,50,910,174,"5, BLUM(AVENUE LEON)",,,Nuit avec éclairage allumé,En agglomération,Hors intersection,Normale,Autre collision,,,,,,,,,,,5,2,1,1.0,6
201400038318,0014-02-11 17:00:00,14,2,11,17,0,910,174,DUNANT ( BD HENRI),,,Plein jour,En agglomération,Hors intersection,Pluie légère,Autre collision,,,,,,,,,,,1,2,1,2.0,6
201400038319,0014-10-26 20:25:00,14,10,26,20,25,910,174,"62, DUNANT ( BD HENRI)",,,Nuit sans éclairage public,En agglomération,Autre intersection,Normale,Autre collision,,,,,,,,,,,3,2,9,1.0,6
201400038320,0014-02-22 14:30:00,14,2,22,14,30,910,174,QUEUILLE Henri  (rue),,,Plein jour,En agglomération,Hors intersection,Normale,Deux véhicules - côté,,,,,,,,,,,1,2,1,1.0,3
201400038321,0014-12-12 13:10:00,14,12,12,13,10,910,174,"59, PARIS (RUE)",,,Plein jour,En agglomération,Hors intersection,Pluie légère,Deux véhicules - côté,,,,,,,,,,,1,2,1,2.0,3
201400038322,0014-02-21 10:40:00,14,2,21,10,40,910,174,"67, CARNOT(avenue)",,,Plein jour,En agglomération,Hors intersection,Normale,Autre collision,,,,,,,,,,,1,2,1,1.0,6
201400038323,0014-11-12 19:20:00,14,11,12,19,20,910,174,JEAN COCTEAU (RUE),,,Nuit avec éclairage allumé,En agglomération,Giratoire,Normale,Deux véhicules - frontale,,,,,,,,,,,5,2,6,1.0,1
201400038324,0014-02-21 15:40:00,14,2,21,15,40,910,174,champlouis,,,Plein jour,En agglomération,Hors intersection,Normale,Deux véhicules - frontale,,,,,,,,,,,1,2,1,1.0,1
201400038325,0014-03-10 08:20:00,14,3,10,8,20,910,174,"100, JEAN JAURES (BOULEV",,,Plein jour,En agglomération,Intersection en X,Normale,Deux véhicules - arrière,,,,,,,,,,,1,2,2,1.0,2
201400038326,0014-03-14 08:20:00,14,3,14,8,20,910,174,QUAI MAUZAISSE,,,Plein jour,En agglomération,Giratoire,Normale,Deux véhicules - côté,,,,,,,,,,,1,2,6,1.0,3
201400038327,0014-03-29 18:00:00,14,3,29,18,0,910,174,"102, PAPETERIE(RUE)",,,Plein jour,En agglomération,Hors intersection,Normale,Autre collision,,,,,,,,,,,1,2,1,1.0,6
201400038328,0014-02-28 02:40:00,14,2,28,2,40,910,174,"261, JOHN KENNEDY (BOULE",,,Nuit avec éclairage allumé,En agglomération,Hors intersection,Normale,Autre collision,,,,,,,,,,,5,2,1,1.0,6
201400038329,0014-02-21 19:50:00,14,2,21,19,50,910,174,"15, Emile ZOLA (rue)",,,Nuit avec éclairage allumé,En agglomération,Hors intersection,Normale,Autre collision,,,,,,,,,,,5,2,1,1.0,6
201400038330,0014-04-04 19:45:00,14,4,4,19,45,910,174,"7, PLACE SAINT LEONARD",,,Plein jour,En agglomération,Hors intersection,Normale,Autre collision,,,,,,,,,,,1,2,1,1.0,6
201400038331,0014-02-14 16:25:00,14,2,14,16,25,910,174,"1, Emile ZOLA (rue)",,,Plein jour,En agglomération,Autre intersection,Normale,Autre collision,,,,,,,,,,,1,2,9,1.0,6
201400038332,0014-04-30 12:55:00,14,4,30,12,55,910,174,"01, FERAY ( rue )",,,Plein jour,En agglomération,Autre intersection,Normale,Autre collision,,,,,,,,,,,1,2,9,1.0,6
201400038333,0014-04-25 19:15:00,14,4,25,19,15,910,174,"47, PAPETERIE(RUE)",,,Plein jour,En agglomération,Hors intersection,Normale,Deux véhicules - côté,,,,,,,,,,,1,2,1,1.0,3
201400038334,0014-03-12 21:45:00,14,3,12,21,45,910,174,ST SPIRE(RUE),,,Nuit avec éclairage allumé,En agglomération,Hors intersection,Normale,Autre collision,,,,,,,,,,,5,2,1,1.0,6
201400038335,0014-03-09 12:15:00,14,3,9,12,15,910,174,"82, JEAN JAURES (BOULEVA",,,Plein jour,En agglomération,Hors intersection,Normale,Deux véhicules - arrière,,,,,,,,,,,1,2,1,1.0,2
201400038336,0014-05-15 15:20:00,14,5,15,15,20,910,174,"08, JOHN KENNEDY (BOULEV",,,Plein jour,En agglomération,Hors intersection,Normale,Autre collision,,,,,,,,,,,1,2,1,1.0,6
201400038337,0014-05-16 16:00:00,14,5,16,16,0,910,174,"20, JEAN JAURES (BOULEVA",,,Plein jour,En agglomération,Hors intersection,Normale,Deux véhicules - arrière,,,,,,,,,,,1,2,1,1.0,2
201400038338,0014-06-05 19:50:00,14,6,5,19,50,910,174,"130, JOHN KENNEDY (BOULE",,,Plein jour,En agglomération,Hors intersection,Normale,Deux véhicules - côté,,,,,,,,,,,1,2,1,1.0,3
201400038339,0014-03-02 12:30:00,14,3,2,12,30,910,174,"92, BAS VIGNONS(CHEMIN)",,,Plein jour,En agglomération,Hors intersection,Normale,Autre collision,,,,,,,,,,,1,2,1,1.0,6
201400038340,0014-05-26 12:35:00,14,5,26,12,35,910,174,"119, PAPETERIE(RUE)",,,Plein jour,En agglomération,Giratoire,Pluie légère,Deux véhicules - arrière,,,,,,,,,,,1,2,6,2.0,2
201400038341,0014-06-11 17:25:00,14,6,11,17,25,910,174,"25, JEAN JAURES (BOULEVA",,,Plein jour,En agglomération,Hors intersection,Normale,Deux véhicules - arrière,,,,,,,,,,,1,2,1,1.0,2
201400038342,0014-04-22 11:15:00,14,4,22,11,15,910,174,"48, ANGOULEME(RUE D')",,,Plein jour,En agglomération,Intersection en T,Normale,Deux véhicules - côté,,,,,,,,,,,1,2,3,1.0,3
201400038343,0014-04-25 17:40:00,14,4,25,17,40,910,174,QUAI MAUZAISSE,,,Plein jour,En agglomération,Intersection en T,Normale,Trois véhicules et plus - collisions multiples,,,,,,,,,,,1,2,3,1.0,5
201400038344,0014-04-01 17:10:00,14,4,1,17,10,910,174,"7, HELOISE (rue)",,,Plein jour,En agglomération,Hors intersection,Normale,Deux véhicules - côté,,,,,,,,,,,1,2,1,1.0,3
201400038345,0014-07-11 15:50:00,14,7,11,15,50,910,174,"5, LEON BLUM (RUE)",,,Plein jour,En agglomération,Hors intersection,Normale,Deux véhicules - arrière,,,,,,,,,,,1,2,1,1.0,2
201400038346,0014-07-31 18:55:00,14,7,31,18,55,910,174,"33, 08 MAI 1945 (AVENUE)",,,Plein jour,En agglomération,Hors intersection,Normale,Trois véhicules et plus - en chaîne,,,,,,,,,,,1,2,1,1.0,4
201400038347,0014-08-27 11:20:00,14,8,27,11,20,910,174,"23, FONTAINEBLEAU (BD)",,,Plein jour,En agglomération,Hors intersection,Normale,Autre collision,,,,,,,,,,,1,2,1,1.0,6
201400038348,0014-06-28 10:40:00,14,6,28,10,40,910,174,08 MAI 1945 (AVENUE),,,Plein jour,En agglomération,Giratoire,Normale,Deux véhicules - côté,,,,,,,,,,,1,2,6,1.0,3
201400038349,0014-04-12 16:10:00,14,4,12,16,10,910,174,JEAN JAURES (BOULEVARD),,,Plein jour,En agglomération,Hors intersection,Normale,Deux véhicules - frontale,,,,,,,,,,,1,2,1,1.0,1
201400038350,0014-05-15 18:55:00,14,5,15,18,55,910,174,"01, 08 MAI 1945 (AVENUE)",,,Plein jour,En agglomération,Hors intersection,Normale,Autre collision,,,,,,,,,,,1,2,1,1.0,6
201400038351,0014-06-27 17:20:00,14,6,27,17,20,910,174,Emile ZOLA (rue),,,Plein jour,En agglomération,Intersection en T,Autre,Deux véhicules - côté,,,,,,,,,,,1,2,3,9.0,3
201400038352,0014-09-08 18:15:00,14,9,8,18,15,910,174,08 MAI 1945 (AVENUE),,,Plein jour,En agglomération,Hors intersection,Normale,Deux véhicules - côté,,,,,,,,,,,1,2,1,1.0,3