accident_id,datetime,annee,mois,jour,heure,minute,departement,commune_insee,adresse,latitude,longitude,luminosite,agglomeration,intersection,meteo,collision,nb_vehicules,nb_usagers,nb_indemnes,nb_tues,nb_blesses_hosp,nb_blesses_legers,age_cond_1,age_cond_2,veh_type_cond_1,veh_type_cond_2,lum_code,agg_code,int_code,atm_code,col_code
201400038353,0014-09-09 14:40:00,14,9,9,14,40,910,174,"1, montagne des glaises",,,Plein jour,En agglomération,Hors intersection,Normale,Autre collision,,,,,,,,,,,1,2,1,1.0,6
201400038354,0014-10-11 16:40:00,14,10,11,16,40,910,174,"23, JEAN JAURES (BOULEVA",,,Plein jour,En agglomération,Hors intersection,Normale,Autre collision,,,,,,,,,,,1,2,1,1.0,6
201400038355,0014-09-29 20:23:00,14,9,29,20,23,910,174,"29, DUNANT ( BD HENRI)",,,Nuit avec éclairage allumé,En agglomération,Hors intersection,Pluie légère,Autre collision,,,,,,,,,,,5,2,1,2.0,6
201400038356,0014-09-30 15:20:00,14,9,30,15,20,910,174,LEON BLUM (av),,,Plein jour,En agglomération,Intersection en X,Normale,Deux véhicules - côté,,,,,,,,,,,1,2,2,1.0,3
201400038357,0014-09-29 20:30:00,14,9,29,20,30,910,174,Emile ZOLA (rue),,,Nuit avec éclairage allumé,En agglomération,Giratoire,Pluie légère,Deux véhicules - côté,,,,,,,,,,,5,2,6,2.0,3
201400038358,0014-10-28 14:45:00,14,10,28,14,45,910,174,"83, JEAN JAURES (BOULEVA",,,Plein jour,En agglomération,Hors intersection,Normale,Deux véhicules - côté,,,,,,,,,,,1,2,1,1.0,3
201400038359,0014-09-04 17:00:00,14,9,4,17,0,910,174,ST SPIRE(RUE),,,Plein jour,En agglomération,Hors intersection,Normale,Deux véhicules - côté,,,,,,,,,,,1,2,1,1.0,3
201400038360,0014-09-25 12:45:00,14,9,25,12,45,910,174,"120, JEAN JAURES (BOULEV",,,Plein jour,En agglomération,Hors intersection,Normale,Deux véhicules - arrière,,,,,,,,,,,1,2,1,1.0,2
201400038361,0014-01-04 15:40:00,14,1,4,15,40,910,657,FREDERIC JOLIOT CURIE (A,,,Plein jour,En agglomération,Intersection en X,Normale,Deux véhicules - côté,,,,,,,,,,,1,2,2,1.0,3
201400038362,0014-01-07 16:05:00,14,1,7,16,5,910,657,HENRI BARBUSSE (AVENUE),,,Plein jour,En agglomération,Hors intersection,Normale,Autre collision,,,,,,,,,,,1,2,1,1.0,6
201400038363,0014-01-06 13:27:00,14,1,6,13,27,910,201,MAINVILLE(RUE DE),,,Plein jour,En agglomération,Hors intersection,Pluie légère,Deux véhicules - arrière,,,,,,,,,,,1,2,1,2.0,2
201400038364,0014-01-12 18:05:00,14,1,12,18,5,910,657,PAUL VAILLANT COUTURIER,,,Nuit avec éclairage allumé,En agglomération,Intersection en X,Normale,Deux véhicules - côté,,,,,,,,,,,5,2,2,1.0,3
201400038365,0014-01-14 07:30:00,14,1,14,7,30,910,657,TOURELLE (AVENUE DE LA,,,Nuit avec éclairage allumé,En agglomération,Hors intersection,Normale,Autre collision,,,,,,,,,,,5,2,1,1.0,6
201400038366,0014-01-27 12:25:00,14,1,27,12,25,910,657,BOURBONNAIS (RUE),,,Plein jour,En agglomération,Hors intersection,Pluie légère,Deux véhicules - côté,,,,,,,,,,,1,2,1,2.0,3
201400038367,0014-01-28 18:45:00,14,1,28,18,45,910,657,COMMUNE DE PARIS (RUE DE,,,Nuit avec éclairage allumé,En agglomération,Hors intersection,Pluie légère,Autre collision,,,,,,,,,,,5,2,1,2.0,6
201400038368,0014-02-09 11:50:00,14,2,9,11,50,910,201,"115, EUGENE DELACROIX(AV",,,Plein jour,En agglomération,Hors intersection,Normale,Deux véhicules - côté,,,,,,,,,,,1,2,1,1.0,3
201400038369,0014-02-09 08:20:00,14,2,9,8,20,910,201,GENERAL DE GAULLE(BOULEV,,,Plein jour,En agglomération,Hors intersection,Normale,Autre collision,,,,,,,,,,,1,2,1,1.0,6
201400038370,0014-03-03 19:50:00,14,3,3,19,50,910,201,HENRI BARBUSSE(AV,,,Crépuscule ou aube,En agglomération,Hors intersection,Normale,Deux véhicules - arrière,,,,,,,,,,,2,2,1,1.0,2
201400038371,0014-03-06 08:50:00,14,3,6,8,50,910,201,EUGENE DELACROIX(AVENUE),,,Plein jour,En agglomération,Hors intersection,Normale,Autre collision,,,,,,,,,,,1,2,1,1.0,6
201400038372,0014-03-08 16:30:00,14,3,8,16,30,910,201,CHATILLON(RUE DE ),,,Plein jour,En agglomération,Hors intersection,Normale,Autre collision,,,,,,,,,,,1,2,1,1.0,6
201400038373,0014-03-27 18:45:00,14,3,27,18,45,910,657,MARECHAL LECLERC (RUE) C,,,Crépuscule ou aube,En agglomération,Hors intersection,Normale,Trois véhicules et plus - en chaîne,,,,,,,,,,,2,2,1,1.0,4
201400038374,0014-02-22 15:40:00,14,2,22,15,40,910,657,HENRI BARBUSSE (AVENUE),,,Plein jour,En agglomération,Intersection en X,Normale,Autre collision,,,,,,,,,,,1,2,2,1.0,6
201400038375,0014-04-02 22:50:00,14,4,2,22,50,910,201,GENERAL DE GAULLE(BOULEV,,,Nuit avec éclairage allumé,En agglomération,Intersection en X,Normale,Deux véhicules - côté,,,,,,,,,,,5,2,2,1.0,3
201400038376,0014-06-04 20:40:00,14,6,4,20,40,910,201,HENRI BARBUSSE(BOULEVARD,,,Plein jour,En agglomération,Hors intersection,Normale,Deux véhicules - côté,,,,,,,,,,,1,2,1,1.0,3
201400038377,0014-06-08 22:30:00,14,6,8,22,30,910,201,HENRI BARBUSSE(AV,,,Nuit avec éclairage allumé,En agglomération,Hors intersection,Normale,Autre collision,,,,,,,,,,,5,2,1,1.0,6
201400038378,0014-06-23 11:50:00,14,6,23,11,50,910,657,SALVADOR ALLENDE (RUE),,,Plein jour,En agglomération,Intersection en X,Normale,Deux véhicules - arrière,,,,,,,,,,,1,2,2,1.0,2
201400038379,0014-07-01 22:20:00,14,7,1,22,20,910,657,RUE JULES VALLES,,,Nuit avec éclairage allumé,En agglomération,Hors intersection,Autre,Autre collision,,,,,,,,,,,5,2,1,9.0,6
201400038380,0014-07-18 18:35:00,14,7,18,18,35,910,657,HENRI BARBUSSE (AVENUE),,,Plein jour,En agglomération,Hors intersection,Normale,Autre collision,,,,,,,,,,,1,2,1,1.0,6
201400038381,0014-03-02 10:50:00,14,3,2,10,50,910,657,PASTEUR (RUE),,,Plein jour,En agglomération,Hors intersection,Normale,Autre collision,,,,,,,,,,,1,2,1,1.0,6
201400038382,0014-07-30 06:21:00,14,7,30,6,21,910,201,HENRI BARBUSSE(BOULEVARD,,,Crépuscule ou aube,En agglomération,Hors intersection,Normale,Autre collision,,,,,,,,,,,2,2,1,1.0,6
201400038383,0014-08-22 13:30:00,14,8,22,13,30,910,201,EUROPE(AVENUE DE L'),,,Plein jour,En agglomération,Intersection en X,Normale,Deux véhicules - frontale,,,,,,,,,,,1,2,2,1.0,1
201400038384,0014-02-27 10:15:00,14,2,27,10,15,910,201,VILLIERS ( AVENUE DE ),,,Plein jour,En agglomération,Hors intersection,Normale,Deux véhicules - arrière,,,,,,,,,,,1,2,1,1.0,2
201400038385,0014-11-28 13:50:00,14,11,28,13,50,910,657,JACQUES JEUNON (RUE),,,Plein jour,En agglomération,Intersection en X,Normale,Autre collision,,,,,,,,,,,1,2,2,1.0,6
201400038386,0014-03-15 03:15:00,14,3,15,3,15,910,657,PASTEUR (RUE),,,Nuit avec éclairage allumé,En agglomération,Intersection en X,Autre,Deux véhicules - côté,,,,,,,,,,,5,2,2,9.0,3
201400038387,0014-03-20 19:30:00,14,3,20,19,30,910,657,POTAGER (RUE DU),,,Crépuscule ou aube,En agglomération,Intersection en X,Normale,Deux véhicules - arrière,,,,,,,,,,,2,2,2,1.0,2
201400038388,0014-03-22 19:45:00,14,3,22,19,45,910,201,GENERAL DE GAULLE(BOULEV,,,Nuit avec éclairage allumé,En agglomération,Hors intersection,Pluie légère,Deux véhicules - côté,,,,,,,,,,,5,2,1,2.0,3
201400038389,0014-03-28 07:20:00,14,3,28,7,20,910,657,GABRIEL PERI (RUE),,,Crépuscule ou aube,En agglomération,Hors intersection,Normale,Autre collision,,,,,,,,,,,2,2,1,1.0,6
201400038390,0014-04-09 17:15:00,14,4,9,17,15,910,201,PARIS(AVENUE DE ),,,Plein jour,En agglomération,Hors intersection,Normale,Autre collision,,,,,,,,,,,1,2,1,1.0,6
201400038391,0014-04-11 18:50:00,14,4,11,18,50,910,657,SALVADOR ALLENDE (RUE),,,Plein jour,En agglomération,Intersection en X,Autre,Deux véhicules - frontale,,,,,,,,,,,1,2,2,9.0,1
201400038392,0014-04-23 16:15:00,14,4,23,16,15,910,201,WALDECK-ROUSSEAU (RUE),,,Plein jour,En agglomération,Hors intersection,Normale,Trois véhicules et plus - en chaîne,,,,,,,,,,,1,2,1,1.0,4
201400038393,0014-04-30 09:15:00,14,4,30,9,15,910,201,HENRI BARBUSSE(BOULEVARD,,,Plein jour,En agglomération,Hors intersection,Normale,Trois véhicules et plus - en chaîne,,,,,,,,,,,1,2,1,1.0,4
201400038394,0014-04-30 13:50:00,14,4,30,13,50,910,201,REPUBLIQUE (PLACE DE LA),,,Plein jour,En agglomération,Hors intersection,Normale,Autre collision,,,,,,,,,,,1,2,1,1.0,6
201400038395,0014-06-28 17:45:00,14,6,28,17,45,910,201,HENRI BARBUSSE(BOULEVARD,,,Crépuscule ou aube,En agglomération,Intersection en X,Pluie légère,Trois véhicules et plus - en chaîne,,,,,,,,,,,2,2,2,2.0,4
201400038396,0014-05-13 14:35:00,14,5,13,14,35,910,201,HENRI BARBUSSE(BOULEVARD,,,Plein jour,En agglomération,Intersection en X,Pluie légère,Deux véhicules - côté,,,,,,,,,,,1,2,2,2.0,3
201400038397,0014-05-16 04:20:00,14,5,16,4,20,910,201,EUGENE DELACROIX(AVENUE),,,Nuit avec éclairage allumé,En agglomération,Hors intersection,Normale,Autre collision,,,,,,,,,,,5,2,1,1.0,6
201400038398,0014-06-15 15:30:00,14,6,15,15,30,910,201,EUGENE DELACROIX(AVENUE),,,Plein jour,En agglomération,Hors intersection,Normale,Autre collision,,,,,,,,,,,1,2,1,1.0,6
201400038399,0014-06-13 07:35:00,14,6,13,7,35,910,201,HENRI BARBUSSE(BOULEVARD,,,Plein jour,En agglomération,Hors intersection,Normale,Deux véhicules - frontale,,,,,,,,,,,1,2,1,1.0,1
201400038400,0014-09-04 10:00:00,14,9,4,10,0,910,201,HENRI BARBUSSE(BOULEVARD,,,Plein jour,En agglomération,Hors intersection,Normale,Autre collision,,,,,,,,,,,1,2,1,1.0,6
201400038401,0014-09-15 18:10:00,14,9,15,18,10,910,201,ACACIAS(AVENUE DES ACACI,,,Plein jour,En agglomération,Hors intersection,Normale,Autre collision,,,,,,,,,,,1,2,1,1.0,6
201400038402,0014-07-14 13:45:00,14,7,14,13,45,910,657,HENRI BARBUSSE (AVENUE),,,Plein jour,En agglomération,Intersection en X,Normale,Deux véhicules - arrière,,,,,,,,,,,1,2,2,1.0,2
201400038403,0014-07-26 11:25:00,14,7,26,11,25,910,201,HENRI BARBUSSE(BOULEVARD,,,Plein jour,En agglomération,Hors intersection,Normale,Deux véhicules - côté,,,,,,,,,,,1,2,1,1.0,3
201400038404,0014-07-28 09:15:00,14,7,28,9,15,910,657,PIERRE MARIN (RUE),,,Plein jour,En agglomération,Hors intersection,Normale,Autre collision,,,,,,,,,,,1,2,1,1.0,6
201400038405,0014-08-03 16:45:00,14,8,3,16,45,910,201,HENRI BARBUSSE(BOULEVARD,,,Plein jour,En agglomération,Hors intersection,Normale,Deux véhicules - côté,,,,,,,,,,,1,2,1,1.0,3
201400038406,0014-08-22 09:50:00,14,8,22,9,50,910,201,GENERAL DE GAULLE(BOULEV,,,Plein jour,En agglomération,Hors intersection,Normale,Autre collision,,,,,,,,,,,1,2,1,1.0,6
201400038407,0014-09-11 19:28:00,14,9,11,19,28,910,201,MARAIS(RUE DU),,,Plein jour,En agglomération,Hors intersection,Normale,Autre collision,,,,,,,,,,,1,2,1,1.0,6
201400038408,0014-09-15 09:45:00,14,9,15,9,45,910,657,HENRI BARBUSSE (AVENUE),,,Plein jour,En agglomération,Hors intersection,Normale,Deux véhicules - côté,,,,,,,,,,,1,2,1,1.0,3
201400038409,0014-09-16 08:40:00,14,9,16,8,40,910,657,COLCHIQUE (RUE DU),,,Plein jour,En agglomération,Intersection en X,Normale,Deux véhicules - côté,,,,,,,,,,,1,2,2,1.0,3
201400038410,0014-09-16 15:30:00,14,9,16,15,30,910,201,HENRI BARBUSSE(BOULEVARD,,,Plein jour,En agglomération,Hors intersection,Normale,Deux véhicules - arrière,,,,,,,,,,,1,2,1,1.0,2
201400038411,0014-09-26 08:30:00,14,9,26,8,30,910,201,CHEMIN VERT(RUE DU),,,Plein jour,En agglomération,Hors intersection,Normale,Deux véhicules - côté,,,,,,,,,,,1,2,1,1.0,3
201400038412,0014-09-29 08:45:00,14,9,29,8,45,910,201,GENERAL DE GAULLE(BOULEV,,,Plein jour,En agglomération,Hors intersection,Pluie légère,Trois véhicules et plus - en chaîne,,,,,,,,,,,1,2,1,2.0,4
201400038413,0014-09-30 18:45:00,14,9,30,18,45,910,201,PORT AUX DAMES(QUAI+RUE,,,Plein jour,En agglomération,Hors intersection,Normale,Autre collision,,,,,,,,,,,1,2,1,1.0,6
201400038414,0014-10-30 06:00:00,14,10,30,6,0,910,657,PIERRE BROSSOLETTE (RUE),,,Nuit avec éclairage allumé,En agglomération,Hors intersection,Normale,Deux véhicules - côté,,,,,,,,,,,5,2,1,1.0,3
201400038415,0014-11-04 09:10:00,14,11,4,9,10,910,201,GENERAL DE GAULLE(BOULEV,,,Plein jour,En agglomération,Hors intersection,Pluie légère,Deux véhicules - côté,,,,,,,,,,,1,2,1,2.0,3
201400038416,0014-11-13 11:15:00,14,11,13,11,15,910,657,VICTOR HUGOR(RUE),,,Plein jour,En agglomération,Hors intersection,Normale,Deux véhicules - frontale,,,,,,,,,,,1,2,1,1.0,1
201400038417,0014-11-15 09:00:00,14,11,15,9,0,910,201,EUROPE(AVENUE DE L'),,,Plein jour,En agglomération,Hors intersection,Normale,Deux véhicules - frontale,,,,,,,,,,,1,2,1,1.0,1
201400038418,0014-11-17 18:10:00,14,11,17,18,10,910,201,EUROPE(AVENUE DE L'),,,Nuit avec éclairage allumé,En agglomération,Hors intersection,Normale,Autre collision,,,,,,,,,,,5,2,1,1.0,6
201400038419,0014-12-23 08:35:00,14,12,23,8,35,910,657,HENRI DUVERNOIS (RUE),,,Plein jour,En agglomération,Intersection en X,Pluie légère,Deux véhicules - côté,,,,,,,,,,,1,2,2,2.0,3
201400038420,0014-01-07 08:15:00,14,1,7,8,15,910,433,D837,,,Crépuscule ou aube,Hors agglomération,Hors intersection,Pluie légère,Sans collision,,,,,,,,,,,2,1,1,2.0,7
201400038421,0014-01-09 20:49:00,14,1,9,20,49,910,223,RD 191,,,Nuit avec éclairage allumé,En agglomération,Hors intersection,Normale,Sans collision,,,,,,,,,,,5,2,1,1.0,7
201400038422,0014-01-10 18:05:00,14,1,10,18,5,910,223,"16, AVENUE DE LA LIBERAT",,,Nuit avec éclairage non allumé,En agglomération,Giratoire,Normale,Deux véhicules - côté,,,,,,,,,,,4,2,6,1.0,3
201400038423,0014-01-12 12:45:00,14,1,12,12,45,910,433,RN 20,,,Plein jour,Hors agglomération,Hors intersection,Normale,Deux véhicules - arrière,,,,,,,,,,,1,1,1,1.0,2
201400038424,0014-01-13 12:45:00,14,1,13,12,45,910,223,FILOIR (RUE DU),,,Plein jour,En agglomération,Hors intersection,Normale,Autre collision,,,,,,,,,,,1,2,1,1.0,6
201400038425,0014-01-13 14:55:00,14,1,13,14,55,910,223,D 63,,,Plein jour,Hors agglomération,Hors intersection,Normale,Autre collision,,,,,,,,,,,1,1,1,1.0,6
201400038426,0014-01-15 13:05:00,14,1,15,13,5,910,223,RN20,,,Plein jour,Hors agglomération,Hors intersection,Pluie légère,Autre collision,,,,,,,,,,,1,1,1,2.0,6
201400038427,0014-01-15 17:05:00,14,1,15,17,5,910,223,"1, MAI 1945 (AVENUE DU 8",,,Crépuscule ou aube,En agglomération,Hors intersection,Pluie forte,Autre collision,,,,,,,,,,,2,2,1,3.0,6
201400038428,0014-01-16 08:05:00,14,1,16,8,5,910,223,RN20,,,Plein jour,Hors agglomération,Hors intersection,Pluie légère,Trois véhicules et plus - en chaîne,,,,,,,,,,,1,1,1,2.0,4
201400038429,0014-01-18 10:20:00,14,1,18,10,20,910,223,GEOFFROY ST HILAI,,,Plein jour,En agglomération,Hors intersection,Normale,Autre collision,,,,,,,,,,,1,2,1,1.0,6
201400038430,0014-01-19 06:30:00,14,1,19,6,30,910,433,ROCHETTES (RUE DE,,,Nuit sans éclairage public,Hors agglomération,Giratoire,Pluie légère,Autre collision,,,,,,,,,,,3,1,6,2.0,6
201400038431,0014-01-24 13:50:00,14,1,24,13,50,910,223,RD 191,,,Plein jour,Hors agglomération,Hors intersection,Normale,Trois véhicules et plus - collisions multiples,,,,,,,,,,,1,1,1,1.0,5
201400038432,0014-01-25 11:50:00,14,1,25,11,50,910,223,HENRI IV (BOULEVA,,,Plein jour,En agglomération,Hors intersection,Normale,Sans collision,,,,,,,,,,,1,2,1,1.0,7
201400038433,0014-01-25 17:00:00,14,1,25,17,0,910,223,MARCHE FRANC (AVE,,,Plein jour,En agglomération,Hors intersection,Pluie légère,Deux véhicules - arrière,,,,,,,,,,,1,2,1,2.0,2
201400038434,0014-01-30 18:25:00,14,1,30,18,25,910,223,"12, MANIVELLE (RUE DE LA",,,Nuit avec éclairage allumé,En agglomération,Hors intersection,Normale,Autre collision,,,,,,,,,,,5,2,1,1.0,6
201400038435,0014-02-03 14:50:00,14,2,3,14,50,910,223,CD63,,,Plein jour,Hors agglomération,Hors intersection,Normale,Autre collision,,,,,,,,,,,1,1,1,1.0,6
201400038436,0014-02-04 17:10:00,14,2,4,17,10,910,469,"1, VALLEE AUX LOUPS (RUE",,,Plein jour,En agglomération,Hors intersection,Normale,Sans collision,,,,,,,,,,,1,2,1,1.0,7
201400038437,0014-02-06 11:20:00,14,2,6,11,20,910,223,"01, LYS (RUE DES)",,,Plein jour,En agglomération,Hors intersection,Pluie légère,Sans collision,,,,,,,,,,,1,2,1,2.0,7
201400038438,0014-02-10 15:30:00,14,2,10,15,30,910,223,RN20,,,Plein jour,Hors agglomération,Autre intersection,Normale,Deux véhicules - arrière,,,,,,,,,,,1,1,9,1.0,2
201400038439,0014-02-13 08:15:00,14,2,13,8,15,910,223,"1, ALLENDE (RUE SALVADOR",,,Crépuscule ou aube,En agglomération,Hors intersection,Pluie forte,Autre collision,,,,,,,,,,,2,2,1,3.0,6
201400038440,0014-02-16 01:50:00,14,2,16,1,50,910,223,CHARPENTIER (AV,,,Nuit avec éclairage allumé,En agglomération,Hors intersection,Normale,Autre collision,,,,,,,,,,,5,2,1,1.0,6
201400038441,0014-02-16 18:00:00,14,2,16,18,0,910,223,MOREAU (RUE LOUIS,,,Crépuscule ou aube,En agglomération,Intersection en X,Normale,Autre collision,,,,,,,,,,,2,2,2,1.0,6
201400038442,0014-02-18 04:10:00,14,2,18,4,10,910,223,PONT DORE (RUE DU),,,Nuit avec éclairage allumé,En agglomération,Hors intersection,Normale,Sans collision,,,,,,,,,,,5,2,1,1.0,7
201400038443,0014-02-23 12:10:00,14,2,23,12,10,910,223,REPUBLIQUE (RUE DE LA),,,Plein jour,En agglomération,Intersection en X,Normale,Deux véhicules - côté,,,,,,,,,,,1,2,2,1.0,3
201400038444,0014-03-02 10:00:00,14,3,2,10,0,910,433,AUVERS (RUE D'),,,Plein jour,En agglomération,Hors intersection,Normale,Sans collision,,,,,,,,,,,1,2,1,1.0,7
201400038445,0014-03-03 07:55:00,14,3,3,7,55,910,223,RN20,,,Crépuscule ou aube,Hors agglomération,Hors intersection,Normale,Sans collision,,,,,,,,,,,2,1,1,1.0,7
201400038446,0014-03-06 10:50:00,14,3,6,10,50,910,223,"160, PONT SAINT JEAN (RU",,,Plein jour,En agglomération,Hors intersection,Normale,Deux véhicules - arrière,,,,,,,,,,,1,2,1,1.0,2
201400038447,0014-03-07 14:20:00,14,3,7,14,20,910,223,MARQUIS (RUE LEON),,,Plein jour,En agglomération,Hors intersection,Normale,Trois véhicules et plus - collisions multiples,,,,,,,,,,,1,2,1,1.0,5
201400038448,0014-03-14 15:00:00,14,3,14,15,0,910,223,HOTEL DE VILLE (Plce,,,Plein jour,En agglomération,Hors intersection,Normale,Autre collision,,,,,,,,,,,1,2,1,1.0,6
201400038449,0014-03-18 13:55:00,14,3,18,13,55,910,223,LYS (RUE DES),,,Plein jour,En agglomération,Intersection en T,Normale,Trois véhicules et plus - en chaîne,,,,,,,,,,,1,2,3,1.0,4
201400038450,0014-03-22 14:00:00,14,3,22,14,0,910,433,RN20,,,Plein jour,Hors agglomération,Hors intersection,Normale,Sans collision,,,,,,,,,,,1,1,1,1.0,7
201400038451,0014-03-25 07:20:00,14,3,25,7,20,910,223,REPUBLIQUE (RUE DE LA),,,Plein jour,En agglomération,Hors intersection,Pluie légère,Autre collision,,,,,,,,,,,1,2,1,2.0,6
201400038452,0014-03-29 12:55:00,14,3,29,12,55,910,433,SAINT GERMAIN (RUE),,,Plein jour,En agglomération,Hors intersection,Normale,Deux véhicules - arrière,,,,,,,,,,,1,2,1,1.0,2
201400038453,0014-04-03 11:00:00,14,4,3,11,0,910,433,PONTS (RUE DES),,,Crépuscule ou aube,En agglomération,Autre intersection,Normale,Deux véhicules - côté,,,,,,,,,,,2,2,9,1.0,3
201400038454,0014-04-07 08:40:00,14,4,7,8,40,910,223,RN20,,,Plein jour,Hors agglomération,Hors intersection,Normale,Deux véhicules - arrière,,,,,,,,,,,1,1,1,1.0,2
201400038455,0014-04-11 09:45:00,14,4,11,9,45,910,223,SAINT JACQUES (RUE,,,Plein jour,En agglomération,Intersection en T,Normale,Deux véhicules - frontale,,,,,,,,,,,1,2,3,1.0,1
201400038456,0014-04-11 17:50:00,14,4,11,17,50,910,223,"41, SACLAS (ROUTE DE)",,,Plein jour,Hors agglomération,Hors intersection,Normale,Deux véhicules - frontale,,,,,,,,,,,1,1,1,1.0,1
201400038457,0014-04-16 09:20:00,14,4,16,9,20,910,223,RD721,,,Plein jour,Hors agglomération,Intersection en X,Normale,Trois véhicules et plus - collisions multiples,,,,,,,,,,,1,1,2,1.0,5
201400038458,0014-04-18 18:05:00,14,4,18,18,5,910,223,RD 191,,,Plein jour,Hors agglomération,Hors intersection,Normale,Autre collision,,,,,,,,,,,1,1,1,1.0,6
201400038459,0014-04-25 16:50:00,14,4,25,16,50,910,223,"17, PARIS (AVENUE DE)",,,Plein jour,En agglomération,Hors intersection,Normale,Deux véhicules - arrière,,,,,,,,,,,1,2,1,1.0,2
201400038460,0014-04-27 10:40:00,14,4,27,10,40,910,223,RD 191,,,Plein jour,Hors agglomération,Hors intersection,Pluie légère,Sans collision,,,,,,,,,,,1,1,1,2.0,7
201400038461,0014-04-29 18:05:00,14,4,29,18,5,910,433,"1, BLANCHE (ROUTE)",,,Plein jour,En agglomération,Intersection en T,Pluie légère,Deux véhicules - côté,,,,,,,,,,,1,2,3,2.0,3
201400038462,0014-05-15 08:40:00,14,5,15,8,40,910,223,"1, PONT SAINT JEAN (RUE",,,Plein jour,En agglomération,Hors intersection,Normale,Deux véhicules - arrière,,,,,,,,,,,1,2,1,1.0,2
201400038463,0014-05-16 17:00:00,14,5,16,17,0,910,433,RD 191,,,Plein jour,Hors agglomération,Hors intersection,Normale,Sans collision,,,,,,,,,,,1,1,1,1.0,7
201400038464,0014-05-18 18:45:00,14,5,18,18,45,910,223,"1, LYS (RUE DES)",,,Plein jour,En agglomération,Hors intersection,Normale,Autre collision,,,,,,,,,,,1,2,1,1.0,6
201400038465,0014-05-21 10:20:00,14,5,21,10,20,910,223,RN 20,,,Plein jour,Hors agglomération,Hors intersection,Pluie forte,Deux véhicules - arrière,,,,,,,,,,,1,1,1,3.0,2
201400038466,0014-05-27 17:57:00,14,5,27,17,57,910,223,"1, LIBERATION (SQUARE DE",,,Plein jour,En agglomération,Hors intersection,Normale,Autre collision,,,,,,,,,,,1,2,1,1.0,6
201400038467,0014-05-30 09:50:00,14,5,30,9,50,910,223,BRESSAULT (RUE DE,,,Plein jour,En agglomération,Intersection en T,Normale,Deux véhicules - frontale,,,,,,,,,,,1,2,3,1.0,1
201400038468,0014-05-30 20:30:00,14,5,30,20,30,910,223,RN 20,,,Plein jour,Hors agglomération,Hors intersection,Normale,Trois véhicules et plus - collisions multiples,,,,,,,,,,,1,1,1,1.0,5
201400038469,0014-06-04 17:05:00,14,6,4,17,5,910,223,RN20,,,Plein jour,Hors agglomération,Hors intersection,Pluie forte,Sans collision,,,,,,,,,,,1,1,1,3.0,7
201400038470,0014-06-14 15:15:00,14,6,14,15,15,910,223,"1, MOREAU (RUE LOUIS)",,,Plein jour,En agglomération,Hors intersection,Normale,Autre collision,,,,,,,,,,,1,2,1,1.0,6
201400038471,0014-06-14 17:24:00,14,6,14,17,24,910,433,RN20,,,Plein jour,Hors agglomération,Hors intersection,Normale,Sans collision,,,,,,,,,,,1,1,1,1.0,7
201400038472,0014-06-17 09:30:00,14,6,17,9,30,910,223,PRISON (RUE DE LA),,,Plein jour,En agglomération,Hors intersection,Normale,Autre collision,,,,,,,,,,,1,2,1,1.0,6
201400038473,0014-06-20 08:30:00,14,6,20,8,30,910,223,LYS (RUE DES),,,Plein jour,En agglomération,Hors intersection,Normale,Autre collision,,,,,,,,,,,1,2,1,1.0,6
201400038474,0014-06-24 06:55:00,14,6,24,6,55,910,469,RD721,,,Plein jour,Hors agglomération,Intersection en T,Normale,Deux véhicules - côté,,,,,,,,,,,1,1,3,1.0,3
201400038475,0014-06-26 07:10:00,14,6,26,7,10,910,223,ECORCHOIR (CHEMIN DE L'),,,Plein jour,En agglomération,Hors intersection,Normale,Autre collision,,,,,,,,,,,1,2,1,1.0,6
201400038476,0014-06-27 20:15:00,14,6,27,20,15,910,223,HENRI IV (BOULEVA,,,Plein jour,En agglomération,Hors intersection,Normale,Autre collision,,,,,,,,,,,1,2,1,1.0,6
201400038477,0014-06-29 05:35:00,14,6,29,5,35,910,223,"94, SAINT MARTIN (RUE)",,,Nuit avec éclairage allumé,En agglomération,Hors intersection,Normale,Autre collision,,,,,,,,,,,5,2,1,1.0,6
201400038478,0014-06-29 07:30:00,14,6,29,7,30,910,433,RD 191,,,Plein jour,Hors agglomération,Giratoire,Pluie légère,Sans collision,,,,,,,,,,,1,1,6,2.0,7
201400038479,0014-06-29 17:05:00,14,6,29,17,5,910,223,RN20,,,Plein jour,Hors agglomération,Hors intersection,Normale,Sans collision,,,,,,,,,,,1,1,1,1.0,7
201400038480,0014-07-05 18:15:00,14,7,5,18,15,910,223,GUETTARD (RUE J.E,,,Plein jour,En agglomération,Hors intersection,Normale,Autre collision,,,,,,,,,,,1,2,1,1.0,6
201400038481,0014-07-06 16:35:00,14,7,6,16,35,910,223,MOREAU (RUE LOUIS,,,Plein jour,En agglomération,Place,Normale,Deux véhicules - arrière,,,,,,,,,,,1,2,7,1.0,2
201400038482,0014-07-18 11:20:00,14,7,18,11,20,910,223,D721,,,Plein jour,Hors agglomération,Intersection en X,Normale,Deux véhicules - côté,,,,,,,,,,,1,1,2,1.0,3
201400038483,0014-07-27 14:45:00,14,7,27,14,45,910,223,COQUERIVE (AVENUE,,,Plein jour,En agglomération,Intersection en Y,Normale,Deux véhicules - arrière,,,,,,,,,,,1,2,4,1.0,2
201400038484,0014-07-27 16:50:00,14,7,27,16,50,910,433,AUVERS (RUE D'),,,Plein jour,En agglomération,Hors intersection,Normale,Sans collision,,,,,,,,,,,1,2,1,1.0,7
201400038485,0014-07-28 19:00:00,14,7,28,19,0,910,223,LYS (RUE DES),,,Plein jour,En agglomération,Hors intersection,Normale,Autre collision,,,,,,,,,,,1,2,1,1.0,6