accident_id,datetime,annee,mois,jour,heure,minute,departement,commune_insee,adresse,latitude,longitude,luminosite,agglomeration,intersection,meteo,collision,nb_vehicules,nb_usagers,nb_indemnes,nb_tues,nb_blesses_hosp,nb_blesses_legers,age_cond_1,age_cond_2,veh_type_cond_1,veh_type_cond_2,lum_code,agg_code,int_code,atm_code,col_code
201400038618,0014-05-20 13:30:00,14,5,20,13,30,910,345,"162, PRESIDENT FRANCOIS",,,Plein jour,En agglomération,Hors intersection,Pluie forte,Deux véhicules - arrière,,,,,,,,,,,1,2,1,3.0,2
201400038619,0014-05-26 08:05:00,14,5,26,8,5,910,345,CATHELIN DR (BOULEVARD D,,,Plein jour,En agglomération,Intersection en X,Pluie légère,Deux véhicules - côté,,,,,,,,,,,1,2,2,2.0,3
201400038620,0014-05-07 12:20:00,14,5,7,12,20,910,345,"12, CORBEIL (ROUTE DE)",,,Plein jour,En agglomération,Hors intersection,Normale,Autre collision,,,,,,,,,,,1,2,1,1.0,6
201400038621,0014-06-03 12:00:00,14,6,3,12,0,910,161,"1, PARC (AVENUE DU)",,,Plein jour,En agglomération,Hors intersection,Normale,Deux véhicules - côté,,,,,,,,,,,1,2,1,1.0,3
201400038622,0014-06-12 08:30:00,14,6,12,8,30,910,161,WISSOUS (ROUTE DE),,,Plein jour,En agglomération,Giratoire,Normale,Deux véhicules - arrière,,,,,,,,,,,1,2,6,1.0,2
201400038623,0014-06-16 14:10:00,14,6,16,14,10,910,345,CORBEIL (ROUTE DE),,,Plein jour,En agglomération,Hors intersection,Normale,Autre collision,,,,,,,,,,,1,2,1,1.0,6
201400038624,0014-06-16 19:24:00,14,6,16,19,24,910,161,GRAVIGNY (RUE DE),,,Plein jour,En agglomération,Intersection en T,Normale,Deux véhicules - côté,,,,,,,,,,,1,2,3,1.0,3
201400038625,0014-06-18 10:15:00,14,6,18,10,15,910,161,MAZARIN (AVENUE),,,Plein jour,En agglomération,Hors intersection,Normale,Autre collision,,,,,,,,,,,1,2,1,1.0,6
201400038626,0014-09-04 06:30:00,14,9,4,6,30,910,161,"1, DIEMA (CARREFOUR DE)",,,Crépuscule ou aube,En agglomération,Giratoire,Autre,Deux véhicules - arrière,,,,,,,,,,,2,2,6,9.0,2
201400038627,0014-09-10 08:15:00,14,9,10,8,15,910,161,"43, MAZARIN (AVENUE)",,,Plein jour,En agglomération,Intersection en T,Normale,Deux véhicules - côté,,,,,,,,,,,1,2,3,1.0,3
201400038628,0014-09-10 18:00:00,14,9,10,18,0,910,161,"16, P. BROSSOLETTE (AV)",,,Plein jour,Hors agglomération,Hors intersection,Normale,Autre collision,,,,,,,,,,,1,1,1,1.0,6
201400038629,0014-09-19 09:00:00,14,9,19,9,0,910,161,"LIBERATION (PLACE, AVENU",,,Plein jour,En agglomération,Giratoire,Normale,Deux véhicules - côté,,,,,,,,,,,1,2,6,1.0,3
201400038630,0014-09-29 15:00:00,14,9,29,15,0,910,161,LONGJUMEAU (route de),,,Plein jour,En agglomération,Giratoire,Normale,Deux véhicules - côté,,,,,,,,,,,1,2,6,1.0,3
201400038631,0014-10-26 14:04:00,14,10,26,14,4,910,161,"10, MARES JULIENNES (RUE",,,Plein jour,Hors agglomération,Hors intersection,Normale,Deux véhicules - côté,,,,,,,,,,,1,1,1,1.0,3
201400038632,0014-11-04 10:30:00,14,11,4,10,30,910,161,FRANCOIS MOUTHON (RUE),,,Plein jour,En agglomération,Intersection en T,Normale,Deux véhicules - côté,,,,,,,,,,,1,2,3,1.0,3
201400038633,0014-11-04 12:43:00,14,11,4,12,43,910,161,GAY LUSSAC (RUE),,,Plein jour,En agglomération,Intersection en X,Normale,Deux véhicules - côté,,,,,,,,,,,1,2,2,1.0,3
201400038634,0014-11-13 20:25:00,14,11,13,20,25,910,161,JEAN MOULIN (ROND POINT,,,Nuit sans éclairage public,Hors agglomération,Giratoire,Normale,Deux véhicules - frontale,,,,,,,,,,,3,1,6,1.0,1
201400038635,0014-12-09 20:25:00,14,12,9,20,25,910,345,CORBEIL (ROUTE DE),,,Nuit avec éclairage allumé,En agglomération,Intersection en X,Normale,Deux véhicules - frontale,,,,,,,,,,,5,2,2,1.0,1
201400038636,0014-12-10 07:10:00,14,12,10,7,10,910,345,R DU MARECHAL LECLERC,,,Nuit avec éclairage allumé,En agglomération,Hors intersection,Pluie légère,Autre collision,,,,,,,,,,,5,2,1,2.0,6
201400038637,0014-12-15 19:00:00,14,12,15,19,0,910,161,"5, CHARLES DE GAULLE (AV",,,Nuit avec éclairage allumé,En agglomération,Hors intersection,Pluie légère,Deux véhicules - côté,,,,,,,,,,,5,2,1,2.0,3
201400038638,0014-12-19 16:50:00,14,12,19,16,50,910,345,"14, PASTEUR (RUE)",,,Plein jour,En agglomération,Giratoire,Pluie légère,Autre collision,,,,,,,,,,,1,2,6,2.0,6
201400038639,0014-01-23 20:08:00,14,1,23,20,8,910,345,CORBEIL (ROUTE DE),,,Nuit avec éclairage allumé,En agglomération,Intersection en T,Pluie légère,Deux véhicules - frontale,,,,,,,,,,,5,2,3,2.0,1
201400038640,0014-01-02 16:45:00,14,1,2,16,45,910,377,CARNOT (AVENUE),,,Plein jour,En agglomération,Hors intersection,Normale,Autre collision,,,,,,,,,,,1,2,1,1.0,6
201400038641,0014-01-18 04:15:00,14,1,18,4,15,910,377,SAUSSAYE (RUE DE L,,,Nuit sans éclairage public,En agglomération,Hors intersection,Normale,Autre collision,,,,,,,,,,,3,2,1,1.0,6
201400038642,0014-01-29 08:05:00,14,1,29,8,5,910,377,PARIS (RUE DE),,,Nuit avec éclairage allumé,En agglomération,Hors intersection,Normale,Deux véhicules - côté,,,,,,,,,,,5,2,1,1.0,3
201400038643,0014-02-07 17:16:00,14,2,7,17,16,910,377,CARNOT (AVENUE),,,Plein jour,En agglomération,Hors intersection,Normale,Autre collision,,,,,,,,,,,1,2,1,1.0,6
201400038644,0014-03-02 12:25:00,14,3,2,12,25,910,377,KOENIG (AVENUE DU MARECH,,,Plein jour,En agglomération,Hors intersection,Normale,Autre collision,,,,,,,,,,,1,2,1,1.0,6
201400038645,0014-03-10 12:45:00,14,3,10,12,45,910,377,"20, BOUDET (RUE PAUL)",,,Plein jour,En agglomération,Hors intersection,Normale,Deux véhicules - côté,,,,,,,,,,,1,2,1,1.0,3
201400038646,0014-04-09 08:00:00,14,4,9,8,0,910,377,Voie VALLEE DE LA BIEVR,,,Plein jour,En agglomération,Hors intersection,Normale,Deux véhicules - côté,,,,,,,,,,,1,2,1,1.0,3
201400038647,0014-04-09 12:40:00,14,4,9,12,40,910,689,"19, ARAGO (BOULEVARD)",,,Plein jour,En agglomération,Hors intersection,Normale,Deux véhicules - côté,,,,,,,,,,,1,2,1,1.0,3
201400038648,0014-05-16 18:20:00,14,5,16,18,20,910,377,DE LATTRE DE TASSIGNY,,,Plein jour,En agglomération,Hors intersection,Normale,Autre collision,,,,,,,,,,,1,2,1,1.0,6
201400038649,0014-06-04 08:55:00,14,6,4,8,55,910,377,PALAISEAU (ROUTE DE,,,Plein jour,En agglomération,Hors intersection,Normale,Deux véhicules - arrière,,,,,,,,,,,1,2,1,1.0,2
201400038650,0014-06-10 13:40:00,14,6,10,13,40,910,377,SCHUMAN (RUE ROBERT),,,Plein jour,En agglomération,Hors intersection,Normale,Deux véhicules - côté,,,,,,,,,,,1,2,1,1.0,3
201400038651,0014-06-21 19:20:00,14,6,21,19,20,910,377,EUROPE (AVENUE DE,,,Plein jour,En agglomération,Hors intersection,Normale,Autre collision,,,,,,,,,,,1,2,1,1.0,6
201400038652,0014-08-20 12:15:00,14,8,20,12,15,910,377,"10bis, VILGENIS (RUE DE)",,,Plein jour,En agglomération,Hors intersection,Normale,Autre collision,,,,,,,,,,,1,2,1,1.0,6
201400038653,0014-09-05 21:45:00,14,9,5,21,45,910,377,SERGENT (RUE LUCIEN),,,Nuit avec éclairage allumé,En agglomération,Hors intersection,Normale,Deux véhicules - côté,,,,,,,,,,,5,2,1,1.0,3
201400038654,0014-09-26 17:30:00,14,9,26,17,30,910,377,MARTYRS DE SOWETO (AVENU,,,Plein jour,En agglomération,Hors intersection,Normale,Deux véhicules - côté,,,,,,,,,,,1,2,1,1.0,3
201400038655,0014-11-03 19:15:00,14,11,3,19,15,910,377,"102, PARIS (RUE DE)",,,Nuit sans éclairage public,En agglomération,Hors intersection,Normale,Autre collision,,,,,,,,,,,3,2,1,1.0,6
201400038656,0014-11-16 11:25:00,14,11,16,11,25,910,377,SCHUMAN (RUE ROBERT),,,Plein jour,En agglomération,Hors intersection,Normale,Autre collision,,,,,,,,,,,1,2,1,1.0,6
201400038657,0014-12-13 06:15:00,14,12,13,6,15,910,689,PONT DE PIERRE (RUE DU),,,Nuit avec éclairage allumé,Hors agglomération,Hors intersection,Pluie forte,Deux véhicules - côté,,,,,,,,,,,5,1,1,3.0,3
201400038658,0014-12-29 16:20:00,14,12,29,16,20,910,377,"1, BRIIS (VOIE DE)",,,Plein jour,En agglomération,Hors intersection,Normale,Autre collision,,,,,,,,,,,1,2,1,1.0,6
201400038659,0014-10-20 18:40:00,14,10,20,18,40,910,377,CARNOT (AVENUE),,,Nuit avec éclairage allumé,En agglomération,Hors intersection,Normale,Deux véhicules - côté,,,,,,,,,,,5,2,1,1.0,3
201400038660,0014-10-21 14:09:00,14,10,21,14,9,910,377,ANGLAIS (RUE DES),,,Plein jour,En agglomération,Hors intersection,Normale,Deux véhicules - côté,,,,,,,,,,,1,2,1,1.0,3
201400038661,0014-01-13 18:30:00,14,1,13,18,30,910,191,"49, av de l'abbé seyes",,,Nuit avec éclairage allumé,En agglomération,Hors intersection,Pluie légère,Deux véhicules - côté,,,,,,,,,,,5,2,1,2.0,3
201400038662,0014-12-30 23:35:00,14,12,30,23,35,910,421,NATIONALE 6 (GLACIERE),,,Nuit sans éclairage public,Hors agglomération,Hors intersection,Pluie légère,Autre collision,,,,,,,,,,,3,1,1,2.0,6
201400038663,0014-12-25 02:40:00,14,12,25,2,40,910,421,N 6 (PARTIE FORET),,,Nuit sans éclairage public,Hors agglomération,Hors intersection,Pluie légère,Deux véhicules - arrière,,,,,,,,,,,3,1,1,2.0,2
201400038664,0014-01-11 08:30:00,14,1,11,8,30,910,421,NATIONALE 6 (PARTIE FORE,,,Plein jour,Hors agglomération,Hors intersection,Pluie légère,Autre collision,,,,,,,,,,,1,1,1,2.0,6
201400038665,0014-01-11 10:50:00,14,1,11,10,50,910,421,PIERRE LOTI (RUE),,,Plein jour,Hors agglomération,Hors intersection,Normale,Autre collision,,,,,,,,,,,1,1,1,1.0,6
201400038666,0014-12-07 05:00:00,14,12,7,5,0,910,421,NATIONALE 6 (PARTIE FORE,,,Nuit avec éclairage allumé,Hors agglomération,Hors intersection,Normale,Deux véhicules - arrière,,,,,,,,,,,5,1,1,1.0,2
201400038667,0014-01-12 11:10:00,14,1,12,11,10,910,421,"67, REPUBLIQUE (AVENUE D",,,Plein jour,En agglomération,Hors intersection,Normale,Deux véhicules - côté,,,,,,,,,,,1,2,1,1.0,3
201400038668,0014-01-16 07:40:00,14,1,16,7,40,910,691,"11, PLAINE HAUTE (ZA",,,Crépuscule ou aube,En agglomération,Hors intersection,Pluie légère,Autre collision,,,,,,,,,,,2,2,1,2.0,6
201400038669,0014-01-21 17:00:00,14,1,21,17,0,910,421,GARE (PLACE DE LA),,,Plein jour,En agglomération,Hors intersection,Normale,Autre collision,,,,,,,,,,,1,2,1,1.0,6
201400038670,0014-01-23 08:30:00,14,1,23,8,30,910,421,MORIN (RUE),,,Plein jour,En agglomération,Hors intersection,Normale,Autre collision,,,,,,,,,,,1,2,1,1.0,6
201400038671,0014-02-04 22:15:00,14,2,4,22,15,910,421,N 6 (REVEIL MATIN),,,Nuit sans éclairage public,Hors agglomération,Hors intersection,Normale,Deux véhicules - arrière,,,,,,,,,,,3,1,1,1.0,2
201400038672,0014-01-30 16:40:00,14,1,30,16,40,910,691,CARNOT (RUE),,,Plein jour,En agglomération,Intersection à plus de 4 branches,Normale,Deux véhicules - côté,,,,,,,,,,,1,2,5,1.0,3
201400038673,0014-01-21 17:05:00,14,1,21,17,5,910,421,JOSEPH PIETTE (PLACE) (P,,,Nuit avec éclairage allumé,En agglomération,Place,Normale,Autre collision,,,,,,,,,,,5,2,7,1.0,6
201400038674,0014-02-19 11:40:00,14,2,19,11,40,910,421,"105, MOULIN DE SENLIS (R",,,Plein jour,En agglomération,Hors intersection,Pluie légère,Autre collision,,,,,,,,,,,1,2,1,2.0,6
201400038675,0014-02-20 14:15:00,14,2,20,14,15,910,421,"18, MILIEU DES VIGNES DU",,,Plein jour,En agglomération,Hors intersection,Pluie légère,Autre collision,,,,,,,,,,,1,2,1,2.0,6
201400038676,0014-02-21 09:15:00,14,2,21,9,15,910,421,REPUBLIQUE (AVENUE DE LA,,,Plein jour,En agglomération,Hors intersection,Normale,Autre collision,,,,,,,,,,,1,2,1,1.0,6
201400038677,0014-02-24 14:35:00,14,2,24,14,35,910,691,GABRIEL PERI(RUE) N°4,,,Plein jour,En agglomération,Intersection en T,Normale,Deux véhicules - frontale,,,,,,,,,,,1,2,3,1.0,1
201400038678,0014-02-27 09:05:00,14,2,27,9,5,910,691,PRESIDENT ALLENDE (AVENU,,,Plein jour,En agglomération,Intersection en T,Pluie légère,Deux véhicules - côté,,,,,,,,,,,1,2,3,2.0,3
201400038679,0014-03-09 17:43:00,14,3,9,17,43,910,691,CHASSEURS (RUE),,,Plein jour,En agglomération,Hors intersection,Normale,Deux véhicules - arrière,,,,,,,,,,,1,2,1,1.0,2
201400038680,0014-03-12 17:55:00,14,3,12,17,55,910,421,CONCY (RUE DE),,,Plein jour,En agglomération,Hors intersection,Normale,Autre collision,,,,,,,,,,,1,2,1,1.0,6
201400038681,0014-03-14 13:12:00,14,3,14,13,12,910,421,NATIONALE 6 (REVEIL MATI,,,Plein jour,Hors agglomération,Hors intersection,Normale,Deux véhicules - côté,,,,,,,,,,,1,1,1,1.0,3
201400038682,0014-03-20 14:15:00,14,3,20,14,15,910,421,RAYMOND POMIER (RUE),,,Plein jour,En agglomération,Hors intersection,Normale,Deux véhicules - arrière,,,,,,,,,,,1,2,1,1.0,2
201400038683,0014-03-21 17:30:00,14,3,21,17,30,910,421,VIGNES (RUE DES),,,Plein jour,En agglomération,Hors intersection,Normale,Autre collision,,,,,,,,,,,1,2,1,1.0,6
201400038684,0014-03-24 18:45:00,14,3,24,18,45,910,691,RESISTANCE(AVENUE),,,Plein jour,En agglomération,Intersection en T,Normale,Deux véhicules - côté,,,,,,,,,,,1,2,3,1.0,3
201400038685,0014-03-31 16:50:00,14,3,31,16,50,910,421,"9, BOIS (RUE DES)",,,Plein jour,En agglomération,Hors intersection,Normale,Autre collision,,,,,,,,,,,1,2,1,1.0,6
201400038686,0014-02-20 09:50:00,14,2,20,9,50,910,691,GENERAL LECLER(AV),,,Plein jour,En agglomération,Hors intersection,Normale,Deux véhicules - arrière,,,,,,,,,,,1,2,1,1.0,2
201400038687,0014-04-05 15:25:00,14,4,5,15,25,910,691,"01, SABLIERE(RUE)",,,Plein jour,En agglomération,Hors intersection,Normale,Autre collision,,,,,,,,,,,1,2,1,1.0,6
201400038688,0014-04-09 12:55:00,14,4,9,12,55,910,691,MARCEAU BALLIOT(RUE),,,Plein jour,En agglomération,Hors intersection,Normale,Deux véhicules - arrière,,,,,,,,,,,1,2,1,1.0,2
201400038689,0014-03-14 20:10:00,14,3,14,20,10,910,691,HENRI BARBUSSE(RUE),,,Crépuscule ou aube,En agglomération,Hors intersection,Normale,Autre collision,,,,,,,,,,,2,2,1,1.0,6
201400038690,0014-05-28 07:50:00,14,5,28,7,50,910,421,JEAN JAURES (AVENUE),,,Plein jour,En agglomération,Hors intersection,Normale,Autre collision,,,,,,,,,,,1,2,1,1.0,6
201400038691,0014-06-02 07:00:00,14,6,2,7,0,910,691,GABRIEL PERI(RUE) DU N?1,,,Plein jour,En agglomération,Intersection en T,Normale,Autre collision,,,,,,,,,,,1,2,3,1.0,6
201400038692,0014-06-04 13:30:00,14,6,4,13,30,910,421,AUGUSTE RENOIR (RUE),,,Plein jour,En agglomération,Intersection à plus de 4 branches,Pluie légère,Deux véhicules - côté,,,,,,,,,,,1,2,5,2.0,3
201400038693,0014-06-16 23:15:00,14,6,16,23,15,910,421,MARECHAL  LYAUTEY (AVENU,,,Nuit avec éclairage allumé,En agglomération,Hors intersection,Normale,Deux véhicules - côté,,,,,,,,,,,5,2,1,1.0,3
201400038694,0014-06-16 16:00:00,14,6,16,16,0,910,421,"18, BOURGUIGNONS (RUE DE",,,Plein jour,En agglomération,Hors intersection,Normale,Deux véhicules - frontale,,,,,,,,,,,1,2,1,1.0,1
201400038695,0014-06-20 16:30:00,14,6,20,16,30,910,421,"43, CONCY (RUE DE)",,,Plein jour,En agglomération,Hors intersection,Normale,Deux véhicules - arrière,,,,,,,,,,,1,2,1,1.0,2
201400038696,0014-06-21 16:25:00,14,6,21,16,25,910,691,MARECHAL JUIN (RUE),,,Plein jour,En agglomération,Hors intersection,Normale,Deux véhicules - arrière,,,,,,,,,,,1,2,1,1.0,2
201400038697,0014-03-05 14:50:00,14,3,5,14,50,910,691,MARC SANGNIER (RUE),,,Plein jour,En agglomération,Hors intersection,Normale,Autre collision,,,,,,,,,,,1,2,1,1.0,6
201400038698,0014-06-27 21:50:00,14,6,27,21,50,910,691,JEAN BOUIN(RUE),,,Nuit avec éclairage allumé,En agglomération,Hors intersection,Pluie légère,Deux véhicules - arrière,,,,,,,,,,,5,2,1,2.0,2
201400038699,0014-06-25 14:20:00,14,6,25,14,20,910,421,GARENNE (RUE DE LA),,,Plein jour,En agglomération,Hors intersection,Normale,Deux véhicules - frontale,,,,,,,,,,,1,2,1,1.0,1
201400038700,0014-07-01 23:40:00,14,7,1,23,40,910,691,MARECHAL JUIN(RUE),,,Nuit avec éclairage allumé,En agglomération,Hors intersection,Normale,Deux véhicules - côté,,,,,,,,,,,5,2,1,1.0,3
201400038701,0014-07-02 18:25:00,14,7,2,18,25,910,421,"34, REPUBLIQUE (AVENUE D",,,Plein jour,En agglomération,Hors intersection,Normale,Deux véhicules - arrière,,,,,,,,,,,1,2,1,1.0,2
201400038702,0014-07-05 20:45:00,14,7,5,20,45,910,421,BAC D'ABLON (RUE DU),,,Plein jour,Hors agglomération,Hors intersection,Normale,Deux véhicules - frontale,,,,,,,,,,,1,1,1,1.0,1
201400038703,0014-07-10 12:40:00,14,7,10,12,40,910,421,"128, REPUBLIQUE (AVENUE",,,Plein jour,En agglomération,Hors intersection,Normale,Deux véhicules - arrière,,,,,,,,,,,1,2,1,1.0,2
201400038704,0014-08-05 02:55:00,14,8,5,2,55,910,421,NATIONALE 6 (PARTIE FORE,,,Nuit sans éclairage public,Hors agglomération,Hors intersection,Normale,Deux véhicules - arrière,,,,,,,,,,,3,1,1,1.0,2
201400038705,0014-08-05 10:30:00,14,8,5,10,30,910,421,NATIONALE 6 (PARTIE FORE,,,Plein jour,Hors agglomération,Hors intersection,Normale,Deux véhicules - côté,,,,,,,,,,,1,1,1,1.0,3
201400038706,0014-08-21 17:40:00,14,8,21,17,40,910,191,François Miterrand (Aven,,,Plein jour,En agglomération,Hors intersection,Normale,Deux véhicules - côté,,,,,,,,,,,1,2,1,1.0,3
201400038707,0014-08-24 08:45:00,14,8,24,8,45,910,691,GENERAL LECLERC (AV),,,Plein jour,En agglomération,Hors intersection,Normale,Autre collision,,,,,,,,,,,1,2,1,1.0,6
201400038708,0014-08-25 20:40:00,14,8,25,20,40,910,421,CHARLES DE GAULLE (AVENU,,,Crépuscule ou aube,Hors agglomération,Intersection en T,Pluie légère,Deux véhicules - côté,,,,,,,,,,,2,1,3,2.0,3
201400038709,0014-09-01 07:30:00,14,9,1,7,30,910,691,BOSQUETS (RUE DES),,,Plein jour,En agglomération,Hors intersection,Normale,Trois véhicules et plus - en chaîne,,,,,,,,,,,1,2,1,1.0,4
201400038710,0014-09-23 07:35:00,14,9,23,7,35,910,421,NATIONALE 6 (REVEIL MATI,,,Plein jour,Hors agglomération,Hors intersection,Normale,Deux véhicules - arrière,,,,,,,,,,,1,1,1,1.0,2
201400038711,0014-09-21 11:30:00,14,9,21,11,30,910,691,"01, REMONTERU (RUE)",,,Plein jour,En agglomération,Hors intersection,Normale,Autre collision,,,,,,,,,,,1,2,1,1.0,6
201400038712,0014-09-24 08:05:00,14,9,24,8,5,910,421,PIERRE SEMARD (RUE),,,Plein jour,En agglomération,Intersection en X,Normale,Deux véhicules - côté,,,,,,,,,,,1,2,2,1.0,3
201400038713,0014-09-30 08:30:00,14,9,30,8,30,910,691,"39, PAUL DOUMER(RUE)",,,Plein jour,En agglomération,Hors intersection,Pluie légère,Autre collision,,,,,,,,,,,1,2,1,2.0,6
201400038714,0014-09-30 06:35:00,14,9,30,6,35,910,691,REMONTERU (RUE),,,Nuit avec éclairage allumé,En agglomération,Hors intersection,Pluie légère,Sans collision,,,,,,,,,,,5,2,1,2.0,7
201400038715,0014-09-28 19:20:00,14,9,28,19,20,910,421,NATIONALE 6 (PARTIE FORE,,,Crépuscule ou aube,Hors agglomération,Hors intersection,Normale,Trois véhicules et plus - en chaîne,,,,,,,,,,,2,1,1,1.0,4
201400038716,0014-10-05 18:40:00,14,10,5,18,40,910,421,NATIONALE 6 (GLACIERE),,,Plein jour,Hors agglomération,Hors intersection,Normale,Autre collision,,,,,,,,,,,1,1,1,1.0,6
201400038717,0014-10-15 19:30:00,14,10,15,19,30,910,191,REPUBLIQUE (AVENUE DE LA,,,Nuit avec éclairage allumé,En agglomération,Hors intersection,Pluie légère,Autre collision,,,,,,,,,,,5,2,1,2.0,6
201400038718,0014-10-16 21:00:00,14,10,16,21,0,910,421,CORBEIL (ROUTE DE),,,Nuit avec éclairage allumé,En agglomération,Intersection en T,Pluie légère,Deux véhicules - arrière,,,,,,,,,,,5,2,3,2.0,2
201400038719,0014-10-26 17:35:00,14,10,26,17,35,910,421,"07, MARECHAL FOCH (AVENU",,,Crépuscule ou aube,En agglomération,Hors intersection,Normale,Deux véhicules - côté,,,,,,,,,,,2,2,1,1.0,3
201400038720,0014-10-29 18:20:00,14,10,29,18,20,910,421,REPUBLIQUE (AVENUE DE LA,,,Nuit sans éclairage public,En agglomération,Intersection en X,Normale,Deux véhicules - côté,,,,,,,,,,,3,2,2,1.0,3
201400038721,0014-10-30 12:55:00,14,10,30,12,55,910,421,CONCY (RUE DE),,,Plein jour,En agglomération,Hors intersection,Normale,Deux véhicules - arrière,,,,,,,,,,,1,2,1,1.0,2
201400038722,0014-10-30 18:00:00,14,10,30,18,0,910,421,PIERRE LOTI (RUE),,,Crépuscule ou aube,En agglomération,Intersection en T,Normale,Deux véhicules - côté,,,,,,,,,,,2,2,3,1.0,3
201400038723,0014-10-31 19:25:00,14,10,31,19,25,910,691,"80, CONCY(RUE)",,,Nuit avec éclairage allumé,En agglomération,Hors intersection,Normale,Autre collision,,,,,,,,,,,5,2,1,1.0,6
201400038724,0014-09-21 21:30:00,14,9,21,21,30,910,421,NATIONALE 6 (PARTIE FORE,,,Nuit sans éclairage public,Hors agglomération,Hors intersection,Normale,Trois véhicules et plus - collisions multiples,,,,,,,,,,,3,1,1,1.0,5
201400038725,0014-11-05 18:35:00,14,11,5,18,35,910,191,GLACIERE (RUE DE LA),,,Nuit avec éclairage allumé,En agglomération,Hors intersection,Normale,Autre collision,,,,,,,,,,,5,2,1,1.0,6
201400038726,0014-11-14 17:00:00,14,11,14,17,0,910,691,PAUL DOUMER(RUE),,,Crépuscule ou aube,En agglomération,Hors intersection,Pluie légère,Deux véhicules - côté,,,,,,,,,,,2,2,1,2.0,3
201400038727,0014-11-14 22:00:00,14,11,14,22,0,910,421,NATIONALE 6 (PARTIE FORE,,,Nuit sans éclairage public,En agglomération,Hors intersection,Pluie légère,Sans collision,,,,,,,,,,,3,2,1,2.0,7
201400038728,0014-10-18 10:00:00,14,10,18,10,0,910,421,"96, REPUBLIQUE (AVENUE D",,,Plein jour,En agglomération,Hors intersection,Normale,Autre collision,,,,,,,,,,,1,2,1,1.0,6
201400038729,0014-11-18 08:10:00,14,11,18,8,10,910,421,CHARLES DE GAULLE (AVENU,,,Plein jour,En agglomération,Hors intersection,Normale,Autre collision,,,,,,,,,,,1,2,1,1.0,6
201400038730,0014-11-17 20:40:00,14,11,17,20,40,910,421,NATIONALE 6 (PARTIE FORE,,,Nuit sans éclairage public,En agglomération,Hors intersection,Pluie légère,Deux véhicules - frontale,,,,,,,,,,,3,2,1,2.0,1
201400038731,0014-11-23 06:45:00,14,11,23,6,45,910,421,NATIONALE 6 (GLACIERE),,,Crépuscule ou aube,Hors agglomération,Hors intersection,Normale,Autre collision,,,,,,,,,,,2,1,1,1.0,6
201400038732,0014-11-27 17:20:00,14,11,27,17,20,910,691,RENE COTY(RUE),,,Crépuscule ou aube,En agglomération,Hors intersection,Pluie légère,Autre collision,,,,,,,,,,,2,2,1,2.0,6
201400038733,0014-12-16 16:40:00,14,12,16,16,40,910,691,MARC SANGNIER (RUE),,,Crépuscule ou aube,En agglomération,Intersection en T,Normale,Autre collision,,,,,,,,,,,2,2,3,1.0,6
201400038734,0014-12-26 18:35:00,14,12,26,18,35,910,191,"28, REPUBLIQUE (AVENUE D",,,Nuit avec éclairage allumé,En agglomération,Hors intersection,Pluie légère,Autre collision,,,,,,,,,,,5,2,1,2.0,6
201400038735,0014-01-07 08:45:00,14,1,7,8,45,910,477,"60, BRUNEAU (RUE LOUISE)",,,Crépuscule ou aube,En agglomération,Hors intersection,Normale,Autre collision,,,,,,,,,,,2,2,1,1.0,6
201400038736,0014-01-08 22:20:00,14,1,8,22,20,910,471,"7 bis, SAINT LAURENT (AV",,,Nuit avec éclairage allumé,En agglomération,Hors intersection,Normale,Autre collision,,,,,,,,,,,5,2,1,1.0,6
201400038737,0014-01-14 08:20:00,14,1,14,8,20,910,122,CHARLES DE GAULLE(RUE,,,Plein jour,En agglomération,Hors intersection,Pluie légère,Autre collision,,,,,,,,,,,1,2,1,2.0,6
201400038738,0014-01-16 08:20:00,14,1,16,8,20,910,122,"1, TILLEULS (AVENUE DES)",,,Crépuscule ou aube,En agglomération,Hors intersection,Pluie forte,Autre collision,,,,,,,,,,,2,2,1,3.0,6
201400038739,0014-01-16 18:40:00,14,1,16,18,40,910,645,"81, ESTIENNES D ORVES (R",,,Crépuscule ou aube,En agglomération,Hors intersection,Normale,Autre collision,,,,,,,,,,,2,2,1,1.0,6
201400038740,0014-01-22 13:30:00,14,1,22,13,30,910,692,SAINTONGE(AVENUE DE),,,Plein jour,En agglomération,Hors intersection,Pluie légère,Autre collision,,,,,,,,,,,1,2,1,2.0,6
201400038741,0014-01-24 08:15:00,14,1,24,8,15,910,122,LIBERTE (BOULEVARD DE,,,Crépuscule ou aube,En agglomération,Intersection en X,Pluie légère,Deux véhicules - côté,,,,,,,,,,,2,2,2,2.0,3
201400038742,0014-01-31 07:50:00,14,1,31,7,50,910,64,"44, PARIS (RUE DE)",,,Crépuscule ou aube,En agglomération,Hors intersection,Brouillard / fumée,Autre collision,,,,,,,,,,,2,2,1,5.0,6
201400038743,0014-02-25 21:45:00,14,2,25,21,45,910,64,"115, PARIS (RUE DE)",,,Nuit avec éclairage allumé,En agglomération,Hors intersection,Normale,Autre collision,,,,,,,,,,,5,2,1,1.0,6
201400038744,0014-02-27 17:20:00,14,2,27,17,20,910,471,"06, ARCHANGE (RUE)",,,Plein jour,En agglomération,Hors intersection,Normale,Autre collision,,,,,,,,,,,1,2,1,1.0,6
201400038745,0014-12-26 22:40:00,14,12,26,22,40,910,477,HUIT MAI 1945 (AVENUE DU,,,Nuit avec éclairage allumé,En agglomération,Intersection en X,Normale,Deux véhicules - côté,,,,,,,,,,,5,2,2,1.0,3
201400038746,0014-03-03 16:45:00,14,3,3,16,45,910,477,"27, HUIT MAI 1945 (AVENU",,,Plein jour,En agglomération,Hors intersection,Temps couvert,Deux véhicules - côté,,,,,,,,,,,1,2,1,8.0,3