accident_id,datetime,annee,mois,jour,heure,minute,departement,commune_insee,adresse,latitude,longitude,luminosite,agglomeration,intersection,meteo,collision,nb_vehicules,nb_usagers,nb_indemnes,nb_tues,nb_blesses_hosp,nb_blesses_legers,age_cond_1,age_cond_2,veh_type_cond_1,veh_type_cond_2,lum_code,agg_code,int_code,atm_code,col_code
201400038747,0014-02-22 20:40:00,14,2,22,20,40,910,692,route de gometz,,,Nuit avec éclairage allumé,En agglomération,Hors intersection,Normale,Deux véhicules - arrière,,,,,,,,,,,5,2,1,1.0,2
201400038748,0014-02-14 15:15:00,14,2,14,15,15,910,692,BOURGOGNE (AVENUE DE),,,Plein jour,En agglomération,Giratoire,Normale,Autre collision,,,,,,,,,,,1,2,6,1.0,6
201400038749,0014-08-29 15:25:00,14,8,29,15,25,910,692,TROPIQUES (AVENUE DES,,,Plein jour,En agglomération,Giratoire,Normale,Deux véhicules - côté,,,,,,,,,,,1,2,6,1.0,3
201400038750,0014-03-10 18:30:00,14,3,10,18,30,910,471,"17, JOFFRE (AVENUE DU MA",,,Plein jour,En agglomération,Hors intersection,Normale,Deux véhicules - arrière,,,,,,,,,,,1,2,1,1.0,2
201400038751,0014-08-26 10:45:00,14,8,26,10,45,910,477,"88, PARIS (RUE DE)",,,Plein jour,En agglomération,Hors intersection,Normale,Autre collision,,,,,,,,,,,1,2,1,1.0,6
201400038752,0014-03-20 08:10:00,14,3,20,8,10,910,645,GATINES (SENTIER DES),,,Plein jour,En agglomération,Intersection en T,Normale,Deux véhicules - côté,,,,,,,,,,,1,2,3,1.0,3
201400038753,0014-03-26 20:30:00,14,3,26,20,30,910,692,CD35,,,Crépuscule ou aube,En agglomération,Hors intersection,Normale,Deux véhicules - arrière,,,,,,,,,,,2,2,1,1.0,2
201400038754,0014-04-01 08:00:00,14,4,1,8,0,910,477,VICTOR HUGO (RUE),,,Plein jour,En agglomération,Intersection en T,Normale,Autre collision,,,,,,,,,,,1,2,3,1.0,6
201400038755,0014-04-08 13:30:00,14,4,8,13,30,910,477,MARECHAUX (BOULEVARD DES,,,Plein jour,Hors agglomération,Intersection en T,Normale,Deux véhicules - côté,,,,,,,,,,,1,1,3,1.0,3
201400038756,0014-03-19 10:10:00,14,3,19,10,10,910,477,"8, FOCH (RUE DU MARECHAL",,,Plein jour,En agglomération,Hors intersection,Normale,Deux véhicules - côté,,,,,,,,,,,1,2,1,1.0,3
201400038757,0014-04-09 19:05:00,14,4,9,19,5,910,122,"20, SOLEIL LEVANT (RUE)",,,Plein jour,En agglomération,Hors intersection,Normale,Autre collision,,,,,,,,,,,1,2,1,1.0,6
201400038758,0014-04-30 15:00:00,14,4,30,15,0,910,477,GAULLE (AVENUE DU GEN,,,Plein jour,En agglomération,Hors intersection,Temps couvert,Autre collision,,,,,,,,,,,1,2,1,8.0,6
201400038759,0014-05-06 18:10:00,14,5,6,18,10,910,477,"65, SAND (RUE GEORGES)",,,Plein jour,En agglomération,Hors intersection,Normale,Deux véhicules - frontale,,,,,,,,,,,1,2,1,1.0,1
201400038760,0014-04-29 17:15:00,14,4,29,17,15,910,471,MARECHAL FOCH (AVENUE,,,Plein jour,En agglomération,Hors intersection,Normale,Autre collision,,,,,,,,,,,1,2,1,1.0,6
201400038761,0014-05-19 18:40:00,14,5,19,18,40,910,477,"29, JOSEPH BARA (BLD)",,,Plein jour,En agglomération,Hors intersection,Normale,Deux véhicules - côté,,,,,,,,,,,1,2,1,1.0,3
201400038762,0014-05-24 23:50:00,14,5,24,23,50,910,692,RD 446,,,Nuit sans éclairage public,Hors agglomération,Hors intersection,Pluie légère,Autre collision,,,,,,,,,,,3,1,1,2.0,6
201400038763,0014-06-16 17:55:00,14,6,16,17,55,910,64,"40, PARIS (RUE DE)",,,Plein jour,En agglomération,Hors intersection,Normale,Autre collision,,,,,,,,,,,1,2,1,1.0,6
201400038764,0014-06-17 16:45:00,14,6,17,16,45,910,471,MOQUET (RUE GUY),,,Plein jour,En agglomération,Hors intersection,Normale,Autre collision,,,,,,,,,,,1,2,1,1.0,6
201400038765,0014-06-19 04:44:00,14,6,19,4,44,910,692,BOURGOGNE (AVENUE DE),,,Nuit avec éclairage allumé,En agglomération,Intersection en T,Normale,Deux véhicules - côté,,,,,,,,,,,5,2,3,1.0,3
201400038766,0014-07-06 18:00:00,14,7,6,18,0,910,122,CURIE (AVENUE),,,Plein jour,En agglomération,Intersection en X,Normale,Deux véhicules - côté,,,,,,,,,,,1,2,2,1.0,3
201400038767,0014-08-20 14:45:00,14,8,20,14,45,910,64,"74, PARIS (RUE DE)",,,Plein jour,En agglomération,Intersection en T,Normale,Deux véhicules - côté,,,,,,,,,,,1,2,3,1.0,3
201400038768,0014-03-07 12:10:00,14,3,7,12,10,910,692,BERRY (AVENUE DU),,,Plein jour,En agglomération,Hors intersection,Normale,Autre collision,,,,,,,,,,,1,2,1,1.0,6
201400038769,0014-04-11 10:25:00,14,4,11,10,25,910,477,SACLAY (ROUTE DE),,,Plein jour,Hors agglomération,Hors intersection,Normale,Deux véhicules - arrière,,,,,,,,,,,1,1,1,1.0,2
201400038770,0014-06-26 14:30:00,14,6,26,14,30,910,477,SACLAY (ROUTE DE),,,Plein jour,Hors agglomération,Hors intersection,Normale,Deux véhicules - arrière,,,,,,,,,,,1,1,1,1.0,2
201400038771,0014-06-08 20:30:00,14,6,8,20,30,910,692,CEVENNES (RUE DES),,,Plein jour,En agglomération,Hors intersection,Normale,Autre collision,,,,,,,,,,,1,2,1,1.0,6
201400038772,0014-07-08 15:40:00,14,7,8,15,40,910,692,CD35,,,Plein jour,En agglomération,Giratoire,Normale,Deux véhicules - frontale,,,,,,,,,,,1,2,6,1.0,1
201400038773,0014-05-24 11:00:00,14,5,24,11,0,910,692,CENTRE COMMERCIAL ULIS I,,,Plein jour,En agglomération,Hors intersection,Normale,Deux véhicules - arrière,,,,,,,,,,,1,2,1,1.0,2
201400038774,0014-03-19 07:10:00,14,3,19,7,10,910,471,"104, DIMANCHERIE (AVENUE",,,Plein jour,En agglomération,Hors intersection,Normale,Deux véhicules - frontale,,,,,,,,,,,1,2,1,1.0,1
201400038775,0014-08-25 13:50:00,14,8,25,13,50,910,471,LAURIAT (RUE DU DOCTE,,,Plein jour,En agglomération,Hors intersection,Pluie légère,Sans collision,,,,,,,,,,,1,2,1,2.0,7
201400038776,0014-09-11 08:40:00,14,9,11,8,40,910,477,SACLAY (ROUTE DE),,,Plein jour,Hors agglomération,Hors intersection,Normale,Deux véhicules - arrière,,,,,,,,,,,1,1,1,1.0,2
201400038777,0014-08-01 08:40:00,14,8,1,8,40,910,477,SACLAY (ROUTE DE),,,Plein jour,En agglomération,Giratoire,Normale,Deux véhicules - côté,,,,,,,,,,,1,2,6,1.0,3
201400038778,0014-03-29 08:20:00,14,3,29,8,20,910,645,FOCH (BOULEVARD DU MA,,,Plein jour,En agglomération,Hors intersection,Normale,Deux véhicules - côté,,,,,,,,,,,1,2,1,1.0,3
201400038779,0014-05-15 09:05:00,14,5,15,9,5,910,477,SAND (RUE GEORGES),,,Plein jour,En agglomération,Intersection en T,Normale,Autre collision,,,,,,,,,,,1,2,3,1.0,6
201400038780,0014-09-30 23:30:00,14,9,30,23,30,910,471,YVETTE (RUE DEL'),,,Nuit avec éclairage allumé,En agglomération,Intersection en X,Normale,Deux véhicules - côté,,,,,,,,,,,5,2,2,1.0,3
201400038781,0014-09-30 09:15:00,14,9,30,9,15,910,645,HUE (RUE MARIUS),,,Plein jour,En agglomération,Hors intersection,Normale,Deux véhicules - côté,,,,,,,,,,,1,2,1,1.0,3
201400038782,0014-05-16 20:35:00,14,5,16,20,35,910,122,MONDETOUR (RUE DE),,,Plein jour,En agglomération,Intersection en T,Normale,Deux véhicules - côté,,,,,,,,,,,1,2,3,1.0,3
201400038783,0014-10-02 12:00:00,14,10,2,12,0,910,471,"44, MONTHLERY (ROUTE DE)",,,Plein jour,En agglomération,Hors intersection,Normale,Deux véhicules - côté,,,,,,,,,,,1,2,1,1.0,3
201400038784,0014-03-30 16:00:00,14,3,30,16,0,910,692,Bretelle de sortie N118,,,Plein jour,Hors agglomération,Giratoire,Normale,Deux véhicules - côté,,,,,,,,,,,1,1,6,1.0,3
201400038785,0014-06-11 19:00:00,14,6,11,19,0,910,692,CEVENNES (AV DES),,,Plein jour,En agglomération,Hors intersection,Normale,Deux véhicules - arrière,,,,,,,,,,,1,2,1,1.0,2
201400038786,0014-05-31 15:40:00,14,5,31,15,40,910,471,MONDETOUR (BOULEVARD DE),,,Plein jour,En agglomération,Hors intersection,Normale,Deux véhicules - côté,,,,,,,,,,,1,2,1,1.0,3
201400038787,0014-10-07 18:25:00,14,10,7,18,25,910,64,PONTS (RUE DES),,,Plein jour,En agglomération,Hors intersection,Pluie légère,Autre collision,,,,,,,,,,,1,2,1,2.0,6
201400038788,0014-10-14 14:00:00,14,10,14,14,0,910,477,"1, FERRIE (RUE DU GENERA",,,Plein jour,En agglomération,Intersection en X,Normale,Deux véhicules - côté,,,,,,,,,,,1,2,2,1.0,3
201400038789,0014-10-13 13:15:00,14,10,13,13,15,910,692,CEVENNES (AV DES),,,Plein jour,En agglomération,Giratoire,Normale,Deux véhicules - arrière,,,,,,,,,,,1,2,6,1.0,2
201400038790,0014-10-16 07:50:00,14,10,16,7,50,910,477,"67, STALINGRAD (AVENUE D",,,Crépuscule ou aube,En agglomération,Intersection en X,Pluie légère,Deux véhicules - côté,,,,,,,,,,,2,2,2,2.0,3
201400038791,0014-10-23 15:00:00,14,10,23,15,0,910,477,GENERAL LECLERC (AVEN,,,Plein jour,En agglomération,Hors intersection,Normale,Autre collision,,,,,,,,,,,1,2,1,1.0,6
201400038792,0014-10-26 17:40:00,14,10,26,17,40,910,471,"113, DIMANCHERIE (AVENUE",,,Nuit avec éclairage allumé,En agglomération,Hors intersection,Normale,Deux véhicules - frontale,,,,,,,,,,,5,2,1,1.0,1
201400038793,0014-10-31 16:00:00,14,10,31,16,0,910,692,"22, TROPIQUES (AVENUE DE",,,Plein jour,En agglomération,Intersection en X,Normale,Deux véhicules - frontale,,,,,,,,,,,1,2,2,1.0,1
201400038794,0014-11-05 18:00:00,14,11,5,18,0,910,645,GEORGES POMPIDOU (AVE,,,Nuit avec éclairage allumé,En agglomération,Intersection en T,Normale,Trois véhicules et plus - en chaîne,,,,,,,,,,,5,2,3,1.0,4
201400038795,0014-11-12 12:25:00,14,11,12,12,25,910,645,GRANDS CHENES (RUE),,,Plein jour,En agglomération,Hors intersection,Normale,Autre collision,,,,,,,,,,,1,2,1,1.0,6
201400038796,0014-11-14 22:15:00,14,11,14,22,15,910,477,"1, GARE RER PALAISEAU",,,Nuit avec éclairage non allumé,En agglomération,Hors intersection,Normale,Autre collision,,,,,,,,,,,4,2,1,1.0,6
201400038797,0014-11-04 13:15:00,14,11,4,13,15,910,64,GISY (ROUTE DE)RD 533,,,Plein jour,Hors agglomération,Autre intersection,Normale,Deux véhicules - arrière,,,,,,,,,,,1,1,9,1.0,2
201400038798,0014-11-21 17:35:00,14,11,21,17,35,910,645,MARECHAL FOCH (BOULEVARD,,,Nuit avec éclairage allumé,En agglomération,Hors intersection,Normale,Autre collision,,,,,,,,,,,5,2,1,1.0,6
201400038799,0014-11-16 09:40:00,14,11,16,9,40,910,312,VAUHALLAN (ROUTE),,,Plein jour,En agglomération,Intersection en T,Pluie légère,Deux véhicules - côté,,,,,,,,,,,1,2,3,2.0,3
201400038800,0014-11-29 01:20:00,14,11,29,1,20,910,477,"81, GRANDE CEINTURE (BOU",,,Nuit avec éclairage allumé,En agglomération,Hors intersection,Normale,Autre collision,,,,,,,,,,,5,2,1,1.0,6
201400038801,0014-08-19 12:50:00,14,8,19,12,50,910,471,PARIS (RUE DE),,,Plein jour,En agglomération,Hors intersection,Normale,Autre collision,,,,,,,,,,,1,2,1,1.0,6
201400038802,0014-09-12 08:50:00,14,9,12,8,50,910,692,"1, AUBRAC (RUE DE L')",,,Plein jour,En agglomération,Hors intersection,Normale,Autre collision,,,,,,,,,,,1,2,1,1.0,6
201400038803,0014-09-17 18:30:00,14,9,17,18,30,910,692,"12, OCEANIE (AVENUE DE L",,,Plein jour,En agglomération,Hors intersection,Normale,Deux véhicules - côté,,,,,,,,,,,1,2,1,1.0,3
201400038804,0014-12-03 09:45:00,14,12,3,9,45,910,64,TERRASSE (RUE DE LA),,,Plein jour,En agglomération,Hors intersection,Pluie légère,Autre collision,,,,,,,,,,,1,2,1,2.0,6
201400038805,0014-12-04 09:10:00,14,12,4,9,10,910,477,ALFRED DE MUSSET (RUE),,,Plein jour,En agglomération,Hors intersection,Temps couvert,Autre collision,,,,,,,,,,,1,2,1,8.0,6
201400038806,0014-12-15 19:20:00,14,12,15,19,20,910,312,JULES FERRY (RUE),,,Nuit avec éclairage allumé,En agglomération,Hors intersection,Pluie légère,Autre collision,,,,,,,,,,,5,2,1,2.0,6
201400038807,0014-12-19 13:40:00,14,12,19,13,40,910,477,"38, BOURGEOIS (RUE LEON)",,,Plein jour,En agglomération,Hors intersection,Temps couvert,Autre collision,,,,,,,,,,,1,2,1,8.0,6
201400038808,0014-12-23 15:15:00,14,12,23,15,15,910,471,"20, SAINT LAURENT (AVENU",,,Plein jour,En agglomération,Hors intersection,Temps couvert,Deux véhicules - côté,,,,,,,,,,,1,2,1,8.0,3
201400038809,0014-12-31 20:45:00,14,12,31,20,45,910,692,OCEANIE (AVENUE DE L'),,,Nuit avec éclairage allumé,Hors agglomération,Hors intersection,Normale,Deux véhicules - côté,,,,,,,,,,,5,1,1,1.0,3
201400038810,0014-11-04 08:10:00,14,11,4,8,10,910,692,"124, CHAMPS LASNIERS (AV",,,Plein jour,En agglomération,Hors intersection,Normale,Autre collision,,,,,,,,,,,1,2,1,1.0,6
201400038811,0014-12-13 15:15:00,14,12,13,15,15,910,471,"59, DUBREUIL (BOULEVARD)",,,Plein jour,En agglomération,Hors intersection,Normale,Autre collision,,,,,,,,,,,1,2,1,1.0,6
201400038812,0014-12-14 16:05:00,14,12,14,16,5,910,312,ALBERT SARRAULT (AV),,,Plein jour,En agglomération,Intersection en X,Normale,Autre collision,,,,,,,,,,,1,2,2,1.0,6
201400038813,0014-01-07 09:50:00,14,1,7,9,50,910,549,"6, DR PHILLIPE PINEL",,,Plein jour,En agglomération,Hors intersection,Normale,Autre collision,,,,,,,,,,,1,2,1,1.0,6
201400038814,0014-01-15 07:00:00,14,1,15,7,0,910,570,LAGRANGE (RUE LEO),,,Nuit avec éclairage allumé,En agglomération,Hors intersection,Pluie légère,Autre collision,,,,,,,,,,,5,2,1,2.0,6
201400038815,0014-01-17 11:45:00,14,1,17,11,45,910,549,PAUL VAILLANT-COUTUR,,,Plein jour,En agglomération,Hors intersection,Temps éblouissant,Autre collision,,,,,,,,,,,1,2,1,7.0,6
201400038816,0014-01-30 21:00:00,14,1,30,21,0,910,216,"02, CORBEIL (RUE)",,,Nuit avec éclairage allumé,En agglomération,Hors intersection,Normale,Deux véhicules - côté,,,,,,,,,,,5,2,1,1.0,3
201400038817,0014-02-11 08:20:00,14,2,11,8,20,910,570,de LAUNAY (ALLEE),,,Plein jour,En agglomération,Hors intersection,Normale,Autre collision,,,,,,,,,,,1,2,1,1.0,6
201400038818,0014-03-05 11:20:00,14,3,5,11,20,910,549,"143, CORBEIL (ROUTE DE)",,,Plein jour,En agglomération,Hors intersection,Normale,Autre collision,,,,,,,,,,,1,2,1,1.0,6
201400038819,0014-03-27 08:20:00,14,3,27,8,20,910,549,ROGER PERRIAUD (PLACE),,,Plein jour,En agglomération,Giratoire,Normale,Deux véhicules - côté,,,,,,,,,,,1,2,6,1.0,3
201400038820,0014-05-03 16:30:00,14,5,3,16,30,910,549,"2, CONVENTION (RUE DE LA",,,Plein jour,En agglomération,Hors intersection,Normale,Deux véhicules - frontale,,,,,,,,,,,1,2,1,1.0,1
201400038821,0014-05-18 12:35:00,14,5,18,12,35,910,549,"21, LIERS (RUE DE)",,,Plein jour,En agglomération,Hors intersection,Normale,Autre collision,,,,,,,,,,,1,2,1,1.0,6
201400038822,0014-05-21 08:40:00,14,5,21,8,40,910,549,"1, ANTOINE ROCCA (RUE)",,,Plein jour,En agglomération,Hors intersection,Pluie légère,Autre collision,,,,,,,,,,,1,2,1,2.0,6
201400038823,0014-06-21 20:30:00,14,6,21,20,30,910,549,REPUBLIQUE (AVENUE DE LA,,,Plein jour,En agglomération,Intersection en X,Normale,Deux véhicules - côté,,,,,,,,,,,1,2,2,1.0,3
201400038824,0014-06-22 07:25:00,14,6,22,7,25,910,570,"47, BRETIGNY (AVENUE)",,,Plein jour,En agglomération,Intersection en T,Normale,Deux véhicules - côté,,,,,,,,,,,1,2,3,1.0,3
201400038825,0014-07-03 20:30:00,14,7,3,20,30,910,549,EPERON (AVENUE DE L'),,,Plein jour,En agglomération,Intersection en X,Normale,Deux véhicules - côté,,,,,,,,,,,1,2,2,1.0,3
201400038826,0014-07-04 19:20:00,14,7,4,19,20,910,549,"22, HENRI SELLIER (RUE)",,,Plein jour,En agglomération,Hors intersection,Normale,Autre collision,,,,,,,,,,,1,2,1,1.0,6
201400038827,0014-07-18 18:25:00,14,7,18,18,25,910,549,REPUBLIQUE (AVENUE DE LA,,,Plein jour,En agglomération,Intersection en X,Normale,Deux véhicules - côté,,,,,,,,,,,1,2,2,1.0,3
201400038828,0014-08-15 14:15:00,14,8,15,14,15,910,216,"04, BREUIL (RUE)",,,Plein jour,En agglomération,Hors intersection,Normale,Autre collision,,,,,,,,,,,1,2,1,1.0,6
201400038829,0014-09-01 08:30:00,14,9,1,8,30,910,216,RD 257,,,Plein jour,En agglomération,Intersection en T,Normale,Deux véhicules - côté,,,,,,,,,,,1,2,3,1.0,3
201400038830,0014-09-09 08:20:00,14,9,9,8,20,910,549,JACQUES DUCLOS (AVENUE),,,Plein jour,Hors agglomération,Hors intersection,Normale,Autre collision,,,,,,,,,,,1,1,1,1.0,6
201400038831,0014-09-16 15:40:00,14,9,16,15,40,910,549,"27, CORBEIL (ROUTE DE)",,,Plein jour,En agglomération,Intersection en T,Temps éblouissant,Deux véhicules - frontale,,,,,,,,,,,1,2,3,7.0,1
201400038832,0014-09-22 08:10:00,14,9,22,8,10,910,549,REGIMENT NORMANDIE-NIEME,,,Plein jour,En agglomération,Hors intersection,Normale,Autre collision,,,,,,,,,,,1,2,1,1.0,6
201400038833,0014-09-27 17:50:00,14,9,27,17,50,910,549,"20, REGIMENT NORMANDIE-N",,,Plein jour,En agglomération,Hors intersection,Normale,Deux véhicules - côté,,,,,,,,,,,1,2,1,1.0,3
201400038834,0014-10-02 12:55:00,14,10,2,12,55,910,549,"200, CORBEIL (ROUTE DE)",,,Plein jour,En agglomération,Hors intersection,Normale,Deux véhicules - côté,,,,,,,,,,,1,2,1,1.0,3
201400038835,0014-10-02 09:20:00,14,10,2,9,20,910,549,FOSSE AUX LEUX (RUE,,,Plein jour,En agglomération,Intersection en T,Normale,Deux véhicules - côté,,,,,,,,,,,1,2,3,1.0,3
201400038836,0014-10-07 06:35:00,14,10,7,6,35,910,216,CD 257,,,Crépuscule ou aube,En agglomération,Hors intersection,Pluie forte,Deux véhicules - côté,,,,,,,,,,,2,2,1,3.0,3
201400038837,0014-10-15 06:20:00,14,10,15,6,20,910,216,CD 257,,,Nuit avec éclairage allumé,En agglomération,Hors intersection,Normale,Deux véhicules - côté,,,,,,,,,,,5,2,1,1.0,3
201400038838,0014-10-16 07:15:00,14,10,16,7,15,910,549,"266, CORBEIL (ROUTE DE)",,,Nuit avec éclairage allumé,En agglomération,Hors intersection,Pluie légère,Autre collision,,,,,,,,,,,5,2,1,2.0,6
201400038839,0014-10-17 09:50:00,14,10,17,9,50,910,549,"2, ROGER PERRIAUD (PLACE",,,Plein jour,En agglomération,Giratoire,Pluie légère,Deux véhicules - côté,,,,,,,,,,,1,2,6,2.0,3
201400038840,0014-10-18 20:00:00,14,10,18,20,0,910,549,"1, LONGPONT (ROUTE DE)",,,Nuit avec éclairage allumé,En agglomération,Hors intersection,Normale,Autre collision,,,,,,,,,,,5,2,1,1.0,6
201400038841,0014-11-06 17:45:00,14,11,6,17,45,910,549,"51, GABRIEL PERI (AVENUE",,,Nuit avec éclairage allumé,En agglomération,Hors intersection,Normale,Deux véhicules - frontale,,,,,,,,,,,5,2,1,1.0,1
201400038842,0014-11-12 16:25:00,14,11,12,16,25,910,549,REGIMENT NORMANDIE-NIEME,,,Plein jour,En agglomération,Hors intersection,Normale,Deux véhicules - frontale,,,,,,,,,,,1,2,1,1.0,1
201400038843,0014-12-06 14:00:00,14,12,6,14,0,910,549,CORBEIL (ROUTE DE),,,Plein jour,En agglomération,Hors intersection,Normale,Deux véhicules - côté,,,,,,,,,,,1,2,1,1.0,3
201400038844,0014-12-15 08:25:00,14,12,15,8,25,910,667,"1, MURES(ALLEE DES)",,,Plein jour,En agglomération,Intersection en T,Pluie légère,Autre collision,,,,,,,,,,,1,2,3,2.0,6
201400038845,0014-12-16 16:10:00,14,12,16,16,10,910,549,"27, LONGPONT (ROUTE DE)",,,Plein jour,En agglomération,Hors intersection,Normale,Autre collision,,,,,,,,,,,1,2,1,1.0,6
201400038846,0014-01-08 11:00:00,14,1,8,11,0,910,589,"26, JUVISY COTTAGES (AVE",,,Plein jour,En agglomération,Intersection en T,Normale,Deux véhicules - arrière,,,,,,,,,,,1,2,3,1.0,2
201400038847,0014-12-30 10:25:00,14,12,30,10,25,910,589,MONTAGNE PAVEE (RUE DE L,,,Plein jour,En agglomération,Hors intersection,Autre,Autre collision,,,,,,,,,,,1,2,1,9.0,6
201400038848,0014-01-15 16:25:00,14,1,15,16,25,910,432,BRIAND (AVENUE ARISTI,,,Plein jour,En agglomération,Hors intersection,Normale,Deux véhicules - arrière,,,,,,,,,,,1,2,1,1.0,2
201400038849,0014-12-30 15:50:00,14,12,30,15,50,910,432,"1, PAIX (AVENUE DE LA)",,,Plein jour,En agglomération,Giratoire,Normale,Deux véhicules - côté,,,,,,,,,,,1,2,6,1.0,3
201400038850,0014-01-09 07:59:00,14,1,9,7,59,910,589,"10, GAMBETTA (AVENUE)",,,Crépuscule ou aube,En agglomération,Hors intersection,Normale,Deux véhicules - côté,,,,,,,,,,,2,2,1,1.0,3
201400038851,0014-01-12 20:35:00,14,1,12,20,35,910,589,DUNANT (RUE HENRI),,,Nuit avec éclairage allumé,En agglomération,Intersection en X,Normale,Deux véhicules - côté,,,,,,,,,,,5,2,2,1.0,3
201400038852,0014-01-09 08:20:00,14,1,9,8,20,910,589,MAIL (RUE DU),,,Crépuscule ou aube,En agglomération,Hors intersection,Normale,Autre collision,,,,,,,,,,,2,2,1,1.0,6
201400038853,0014-01-25 19:20:00,14,1,25,19,20,910,589,"7, BRIAND (BVD ARISTIDE)",,,Nuit avec éclairage allumé,En agglomération,Hors intersection,Normale,Deux véhicules - côté,,,,,,,,,,,5,2,1,1.0,3
201400038854,0014-02-15 22:40:00,14,2,15,22,40,910,589,DUNANT (RUE HENRI),,,Nuit sans éclairage public,En agglomération,Hors intersection,Normale,Deux véhicules - arrière,,,,,,,,,,,3,2,1,1.0,2
201400038855,0014-03-08 16:25:00,14,3,8,16,25,910,589,D 25,,,Plein jour,En agglomération,Hors intersection,Normale,Deux véhicules - arrière,,,,,,,,,,,1,2,1,1.0,2
201400038856,0014-03-14 20:30:00,14,3,14,20,30,910,589,DE GAULLE (AVENUE CHA,,,Crépuscule ou aube,En agglomération,Hors intersection,Normale,Autre collision,,,,,,,,,,,2,2,1,1.0,6
201400038857,0014-03-25 07:28:00,14,3,25,7,28,910,432,MUSSET (RUE ALFRED DE,,,Crépuscule ou aube,En agglomération,Intersection en T,Normale,Deux véhicules - côté,,,,,,,,,,,2,2,3,1.0,3
201400038858,0014-03-21 02:45:00,14,3,21,2,45,910,432,D 118,,,Nuit sans éclairage public,Hors agglomération,Hors intersection,Normale,Autre collision,,,,,,,,,,,3,1,1,1.0,6
201400038859,0014-03-28 08:40:00,14,3,28,8,40,910,589,RENOIR (RUE AUGUSTE),,,Plein jour,En agglomération,Hors intersection,Normale,Autre collision,,,,,,,,,,,1,2,1,1.0,6
201400038860,0014-03-03 21:10:00,14,3,3,21,10,910,589,MOSSLER (AVENUE CHARLES),,,Nuit avec éclairage allumé,En agglomération,Intersection en X,Normale,Deux véhicules - côté,,,,,,,,,,,5,2,2,1.0,3
201400038861,0014-03-04 07:40:00,14,3,4,7,40,910,589,D 25,,,Crépuscule ou aube,En agglomération,Hors intersection,Normale,Deux véhicules - frontale,,,,,,,,,,,2,2,1,1.0,1
201400038862,0014-04-13 17:55:00,14,4,13,17,55,910,432,EDOUETS (RUE DES),,,Plein jour,En agglomération,Hors intersection,Normale,Autre collision,,,,,,,,,,,1,2,1,1.0,6
201400038863,0014-04-19 13:30:00,14,4,19,13,30,910,432,CURIE (RUE PIERRE),,,Plein jour,En agglomération,Intersection en X,Normale,Deux véhicules - côté,,,,,,,,,,,1,2,2,1.0,3
201400038864,0014-04-29 09:25:00,14,4,29,9,25,910,589,PARIS (RUE DE),,,Plein jour,En agglomération,Hors intersection,Normale,Autre collision,,,,,,,,,,,1,2,1,1.0,6
201400038865,0014-04-29 09:35:00,14,4,29,9,35,910,589,"26, BRIAND (BOULEVARD AR",,,Plein jour,En agglomération,Intersection en T,Normale,Deux véhicules - côté,,,,,,,,,,,1,2,3,1.0,3
201400038866,0014-05-07 19:30:00,14,5,7,19,30,910,589,GARE (PLACE DE LA),,,Plein jour,En agglomération,Hors intersection,Normale,Deux véhicules - côté,,,,,,,,,,,1,2,1,1.0,3
201400038867,0014-03-23 22:40:00,14,3,23,22,40,910,589,"24, BRIAND (BOULEVARD AR",,,Nuit avec éclairage allumé,En agglomération,Intersection en X,Normale,Deux véhicules - côté,,,,,,,,,,,5,2,2,1.0,3
201400038868,0014-05-07 12:20:00,14,5,7,12,20,910,589,"41, DE GAULLE (AVENUE CH",,,Plein jour,En agglomération,Hors intersection,Normale,Deux véhicules - arrière,,,,,,,,,,,1,2,1,1.0,2
201400038869,0014-05-14 20:30:00,14,5,14,20,30,910,589,TILLEULS (AVENUE DES),,,Plein jour,En agglomération,Intersection en X,Normale,Deux véhicules - côté,,,,,,,,,,,1,2,2,1.0,3
201400038870,0014-06-10 23:30:00,14,6,10,23,30,910,589,CD 25,,,Nuit avec éclairage allumé,En agglomération,Hors intersection,Normale,Deux véhicules - côté,,,,,,,,,,,5,2,1,1.0,3
201400038871,0014-07-03 18:40:00,14,7,3,18,40,910,432,GENERAL  WARABIOT (AV,,,Plein jour,En agglomération,Hors intersection,Normale,Autre collision,,,,,,,,,,,1,2,1,1.0,6
201400038872,0014-05-19 17:25:00,14,5,19,17,25,910,589,DUNANT (RUE HENRI),,,Plein jour,En agglomération,Intersection en T,Normale,Deux véhicules - côté,,,,,,,,,,,1,2,3,1.0,3
201400038873,0014-05-24 11:45:00,14,5,24,11,45,910,589,DE GAULLE (AVENUE CHARLE,,,Plein jour,En agglomération,Intersection en X,Normale,Deux véhicules - côté,,,,,,,,,,,1,2,2,1.0,3
201400038874,0014-06-04 08:00:00,14,6,4,8,0,910,589,CHAUVET (RUE MARIE),,,Plein jour,En agglomération,Intersection en T,Normale,Autre collision,,,,,,,,,,,1,2,3,1.0,6
201400038875,0014-07-18 14:25:00,14,7,18,14,25,910,432,LAVOISIER (RUE),,,Plein jour,En agglomération,Intersection en X,Normale,Deux véhicules - côté,,,,,,,,,,,1,2,2,1.0,3
201400038876,0014-07-01 18:00:00,14,7,1,18,0,910,589,GRAND VAUX (RUE DE),,,Plein jour,En agglomération,Hors intersection,Normale,Deux véhicules - arrière,,,,,,,,,,,1,2,1,1.0,2
201400038877,0014-07-01 16:35:00,14,7,1,16,35,910,589,LEUTHREAU  (AV ROBERT),,,Plein jour,En agglomération,Hors intersection,Normale,Deux véhicules - côté,,,,,,,,,,,1,2,1,1.0,3
201400038878,0014-07-20 04:15:00,14,7,20,4,15,910,432,DE LESSEPS (AVENUE FE,,,Nuit avec éclairage allumé,En agglomération,Hors intersection,Pluie légère,Autre collision,,,,,,,,,,,5,2,1,2.0,6