accident_id,datetime,annee,mois,jour,heure,minute,departement,commune_insee,adresse,latitude,longitude,luminosite,agglomeration,intersection,meteo,collision,nb_vehicules,nb_usagers,nb_indemnes,nb_tues,nb_blesses_hosp,nb_blesses_legers,age_cond_1,age_cond_2,veh_type_cond_1,veh_type_cond_2,lum_code,agg_code,int_code,atm_code,col_code
201400039395,0014-07-09 13:45:00,14,7,9,13,45,920,19,"189, JAURES JEAN (RUE)",,,Plein jour,En agglomération,Hors intersection,Normale,Deux véhicules - arrière,,,,,,,,,,,1,2,1,1.0,2
201400039396,0014-07-17 21:30:00,14,7,17,21,30,920,32,"27, LOMBARD (AVENUE)",,,Crépuscule ou aube,En agglomération,Hors intersection,Normale,Trois véhicules et plus - collisions multiples,,,,,,,,,,,2,2,1,1.0,5
201400039397,0014-07-19 18:50:00,14,7,19,18,50,920,32,"49, LA FONTAINE (RUE)",,,Plein jour,En agglomération,Hors intersection,Normale,Deux véhicules - frontale,,,,,,,,,,,1,2,1,1.0,1
201400039398,0014-08-12 18:25:00,14,8,12,18,25,920,71,"154, GENERAL LECLERC (AV",,,Plein jour,En agglomération,Hors intersection,Normale,Autre collision,,,,,,,,,,,1,2,1,1.0,6
201400039399,0014-08-14 14:50:00,14,8,14,14,50,920,19,"3, DIVISION LECLERC (AVE",,,Plein jour,En agglomération,Hors intersection,Normale,Deux véhicules - arrière,,,,,,,,,,,1,2,1,1.0,2
201400039400,0014-08-19 08:50:00,14,8,19,8,50,920,71,"60, ROOSEVELT PRESIDENT",,,Plein jour,En agglomération,Hors intersection,Normale,Autre collision,,,,,,,,,,,1,2,1,1.0,6
201400039401,0014-08-22 10:00:00,14,8,22,10,0,920,32,"28, PERRIN JEAN (AVENUE)",,,Plein jour,En agglomération,Hors intersection,Normale,Autre collision,,,,,,,,,,,1,2,1,1.0,6
201400039402,0014-08-24 10:30:00,14,8,24,10,30,920,19,LONGUET JEAN (RUE),,,Plein jour,En agglomération,Intersection en X,Normale,Autre collision,,,,,,,,,,,1,2,2,1.0,6
201400039403,0014-09-12 12:15:00,14,9,12,12,15,920,71,FONTENAY (RUE DE),,,Plein jour,En agglomération,Intersection en X,Normale,Deux véhicules - côté,,,,,,,,,,,1,2,2,1.0,3
201400039404,0014-09-20 00:10:00,14,9,20,0,10,920,32,"8, LECCLERC GENERAL (AVE",,,Nuit avec éclairage allumé,En agglomération,Hors intersection,Normale,Deux véhicules - côté,,,,,,,,,,,5,2,1,1.0,3
201400039405,0014-09-27 15:47:00,14,9,27,15,47,920,71,BERGER (DOCTEUR),,,Plein jour,En agglomération,Intersection en T,Normale,Autre collision,,,,,,,,,,,1,2,3,1.0,6
201400039406,0014-10-04 20:40:00,14,10,4,20,40,920,19,"A86, bretelle de sortie",,,Crépuscule ou aube,Hors agglomération,Hors intersection,Normale,Sans collision,,,,,,,,,,,2,1,1,1.0,7
201400039407,0014-10-13 08:50:00,14,10,13,8,50,920,19,"281, LECLERC DIVISION (A",,,Plein jour,En agglomération,Hors intersection,Normale,Deux véhicules - côté,,,,,,,,,,,1,2,1,1.0,3
201400039408,0014-10-29 13:00:00,14,10,29,13,0,920,19,"1, DUVAL GENERAL (RUE)",,,Plein jour,En agglomération,Intersection en X,Normale,Autre collision,,,,,,,,,,,1,2,2,1.0,6
201400039409,0014-11-08 16:03:00,14,11,8,16,3,920,19,CLEMENT JEAN BAPTISTE (R,,,Plein jour,En agglomération,Intersection en X,Normale,Autre collision,,,,,,,,,,,1,2,2,1.0,6
201400039410,0014-12-03 09:10:00,14,12,3,9,10,920,19,DIVISION LECLERC (AVENUE,,,Crépuscule ou aube,En agglomération,Hors intersection,Pluie légère,Sans collision,,,,,,,,,,,2,2,1,2.0,7
201400039411,0014-12-09 18:30:00,14,12,9,18,30,920,19,CLEMENT JEAN BAPTISTE (R,,,Nuit avec éclairage allumé,En agglomération,Giratoire,Temps couvert,Autre collision,,,,,,,,,,,5,2,6,8.0,6
201400039412,0014-12-10 08:20:00,14,12,10,8,20,920,71,CAUCHY (AVENUE),,,Plein jour,En agglomération,Hors intersection,Normale,Autre collision,,,,,,,,,,,1,2,1,1.0,6
201400039413,0014-12-16 11:15:00,14,12,16,11,15,920,19,"313, LECLERC DIVISION (A",,,Plein jour,En agglomération,Hors intersection,Pluie forte,Deux véhicules - côté,,,,,,,,,,,1,2,1,3.0,3
201400039414,0014-12-26 14:55:00,14,12,26,14,55,920,19,"142, DIVISION LECLERC (A",,,Plein jour,En agglomération,Hors intersection,Normale,Deux véhicules - côté,,,,,,,,,,,1,2,1,1.0,3
201400039415,0014-01-04 20:30:00,14,1,4,20,30,920,23,"308, GENERAL DE GAULLE (",,,Nuit avec éclairage allumé,En agglomération,Hors intersection,Pluie légère,Deux véhicules - côté,,,,,,,,,,,5,2,1,2.0,3
201400039416,0014-01-10 06:40:00,14,1,10,6,40,920,23,"., PORTE DE TRIVAUX (RUE",,,Nuit avec éclairage allumé,En agglomération,Intersection en X,Normale,Autre collision,,,,,,,,,,,5,2,2,1.0,6
201400039417,0014-01-14 14:00:00,14,1,14,14,0,920,23,"., ANDREAS BECK (RUE)",,,Plein jour,En agglomération,Intersection en T,Normale,Deux véhicules - côté,,,,,,,,,,,1,2,3,1.0,3
201400039418,0014-01-15 07:50:00,14,1,15,7,50,920,23,PAVE BLANC (ROUTE DU) N?,,,Nuit avec éclairage allumé,En agglomération,Hors intersection,Pluie légère,Autre collision,,,,,,,,,,,5,2,1,2.0,6
201400039419,0014-01-17 14:55:00,14,1,17,14,55,920,23,"28, BRETAGNE (RUE DE)",,,Plein jour,En agglomération,Hors intersection,Normale,Deux véhicules - côté,,,,,,,,,,,1,2,1,1.0,3
201400039420,0014-01-17 17:05:00,14,1,17,17,5,920,60,"., ROBINSON (AVENUE DE)",,,Plein jour,En agglomération,Autre intersection,Normale,Deux véhicules - côté,,,,,,,,,,,1,2,9,1.0,3
201400039421,0014-01-25 10:15:00,14,1,25,10,15,920,23,"168, HENRI BARBUSSE (AVE",,,Plein jour,En agglomération,Hors intersection,Normale,Sans collision,,,,,,,,,,,1,2,1,1.0,7
201400039422,0014-01-28 19:45:00,14,1,28,19,45,920,60,"05, NEWTON (AVENUE)",,,Nuit avec éclairage allumé,En agglomération,Hors intersection,Pluie légère,Deux véhicules - frontale,,,,,,,,,,,5,2,1,2.0,1
201400039423,0014-02-05 07:25:00,14,2,5,7,25,920,60,"., DENIS PAPIN (AVENUE)",,,Crépuscule ou aube,En agglomération,Giratoire,Normale,Deux véhicules - côté,,,,,,,,,,,2,2,6,1.0,3
201400039424,0014-02-09 19:10:00,14,2,9,19,10,920,23,"333, GENERAL DE GAULLE (",,,Nuit avec éclairage allumé,En agglomération,Hors intersection,Normale,Deux véhicules - côté,,,,,,,,,,,5,2,1,1.0,3
201400039425,0014-02-07 15:15:00,14,2,7,15,15,920,23,"9, JEAN BAPTISTE CLEMENT",,,Plein jour,En agglomération,Hors intersection,Normale,Deux véhicules - frontale,,,,,,,,,,,1,2,1,1.0,1
201400039426,0014-02-08 20:30:00,14,2,8,20,30,920,23,"., ESTIENNE D'ORVES (RUE",,,Nuit avec éclairage allumé,En agglomération,Intersection en X,Normale,Deux véhicules - côté,,,,,,,,,,,5,2,2,1.0,3
201400039427,0014-02-11 00:17:00,14,2,11,0,17,920,23,"., GARE (PLACE DE LA)",,,Nuit avec éclairage allumé,En agglomération,Hors intersection,Normale,Autre collision,,,,,,,,,,,5,2,1,1.0,6
201400039428,0014-02-13 07:55:00,14,2,13,7,55,920,23,"59, PORTE DE TRIVAUX (RU",,,Crépuscule ou aube,En agglomération,Hors intersection,Pluie forte,Deux véhicules - arrière,,,,,,,,,,,2,2,1,3.0,2
201400039429,0014-02-13 08:15:00,14,2,13,8,15,920,23,"4, HENRI BARBUSSE (AVENU",,,Crépuscule ou aube,En agglomération,Hors intersection,Pluie forte,Autre collision,,,,,,,,,,,2,2,1,3.0,6
201400039430,0014-02-22 10:50:00,14,2,22,10,50,920,23,"., JEAN BAPTISTE CLEMENT",,,Plein jour,En agglomération,Intersection en T,Normale,Deux véhicules - arrière,,,,,,,,,,,1,2,3,1.0,2
201400039431,0014-02-22 14:45:00,14,2,22,14,45,920,23,"42 BIS, JEAN JAURES (AVE",,,Plein jour,En agglomération,Hors intersection,Normale,Deux véhicules - arrière,,,,,,,,,,,1,2,1,1.0,2
201400039432,0014-02-24 10:20:00,14,2,24,10,20,920,23,"., Henri Becquerel (Rue)",,,Plein jour,En agglomération,Hors intersection,Normale,Autre collision,,,,,,,,,,,1,2,1,1.0,6
201400039433,0014-03-01 13:45:00,14,3,1,13,45,920,23,"233, GENERAL DE GAULLE (",,,Plein jour,En agglomération,Hors intersection,Normale,Trois véhicules et plus - en chaîne,,,,,,,,,,,1,2,1,1.0,4
201400039434,0014-03-05 08:45:00,14,3,5,8,45,920,23,"181, GENERAL DE GAULLE (",,,Plein jour,En agglomération,Hors intersection,Normale,Autre collision,,,,,,,,,,,1,2,1,1.0,6
201400039435,0014-03-10 19:40:00,14,3,10,19,40,920,23,"., CLAUDE TREBIGNAUD (AV",,,Nuit avec éclairage allumé,En agglomération,Hors intersection,Normale,Deux véhicules - côté,,,,,,,,,,,5,2,1,1.0,3
201400039436,0014-03-12 11:27:00,14,3,12,11,27,920,60,"10, ARISTIDE BRIAND (AVE",,,Plein jour,En agglomération,Hors intersection,Normale,Autre collision,,,,,,,,,,,1,2,1,1.0,6
201400039437,0014-03-13 12:30:00,14,3,13,12,30,920,23,"., HENRI BARBUSSE (AVENU",,,Plein jour,En agglomération,Intersection en T,Normale,Deux véhicules - frontale,,,,,,,,,,,1,2,3,1.0,1
201400039438,0014-03-20 11:15:00,14,3,20,11,15,920,60,"., CHARLES DE GAULLE (AV",,,Plein jour,En agglomération,Intersection en X,Normale,Deux véhicules - côté,,,,,,,,,,,1,2,2,1.0,3
201400039439,0014-03-27 18:45:00,14,3,27,18,45,920,23,"2, PIERRE FRANQUET (RUE)",,,Plein jour,En agglomération,Hors intersection,Normale,Autre collision,,,,,,,,,,,1,2,1,1.0,6
201400039440,0014-04-04 13:06:00,14,4,4,13,6,920,23,"16, SCHNEIDER (AVENUE)",,,Plein jour,En agglomération,Hors intersection,Normale,Sans collision,,,,,,,,,,,1,2,1,1.0,7
201400039441,0014-04-08 10:20:00,14,4,8,10,20,920,60,"15 bis, GALILEE (AVENUE)",,,Plein jour,En agglomération,Hors intersection,Normale,Deux véhicules - côté,,,,,,,,,,,1,2,1,1.0,3
201400039442,0014-05-08 22:40:00,14,5,8,22,40,920,60,CARREAU (RUE DU),,,Nuit avec éclairage allumé,En agglomération,Giratoire,Pluie légère,Sans collision,,,,,,,,,,,5,2,6,2.0,7
201400039443,0014-05-09 09:30:00,14,5,9,9,30,920,23,"., HENRI GOLAUDIN (RUE)",,,Plein jour,En agglomération,Intersection en X,Normale,Deux véhicules - côté,,,,,,,,,,,1,2,2,1.0,3
201400039444,0014-05-14 14:25:00,14,5,14,14,25,920,23,"67, JEAN BAPTISTE CLEMEN",,,Plein jour,En agglomération,Hors intersection,Normale,Autre collision,,,,,,,,,,,1,2,1,1.0,6
201400039445,0014-05-19 09:30:00,14,5,19,9,30,920,23,"233, GENERAL DE GAULLE (",,,Plein jour,En agglomération,Hors intersection,Normale,Autre collision,,,,,,,,,,,1,2,1,1.0,6
201400039446,0014-05-21 19:25:00,14,5,21,19,25,920,23,"., JEAN BAPTISTE CLEMENT",,,Crépuscule ou aube,En agglomération,Intersection en X,Pluie forte,Deux véhicules - côté,,,,,,,,,,,2,2,2,3.0,3
201400039447,0014-05-27 15:30:00,14,5,27,15,30,920,23,"., FRERES VIGOUROUX (BOU",,,Plein jour,En agglomération,Hors intersection,Autre,Sans collision,,,,,,,,,,,1,2,1,9.0,7
201400039448,0014-05-23 15:00:00,14,5,23,15,0,920,23,PORTE DE TRIVAUX (RUE DE,,,Plein jour,En agglomération,Intersection en T,Normale,Deux véhicules - côté,,,,,,,,,,,1,2,3,1.0,3
201400039449,0014-06-06 09:05:00,14,6,6,9,5,920,23,JEAN JAURES (AVENUE) N?5,,,Plein jour,En agglomération,Hors intersection,Normale,Autre collision,,,,,,,,,,,1,2,1,1.0,6
201400039450,0014-05-29 12:30:00,14,5,29,12,30,920,23,"6, PAIX (AVENUE DE LA)",,,Plein jour,En agglomération,Hors intersection,Normale,Autre collision,,,,,,,,,,,1,2,1,1.0,6
201400039451,0014-05-26 17:00:00,14,5,26,17,0,920,23,"101, HENRI BARBUSSE (AVE",,,Plein jour,En agglomération,Hors intersection,Normale,Autre collision,,,,,,,,,,,1,2,1,1.0,6
201400039452,0014-06-03 20:05:00,14,6,3,20,5,920,60,"., CHARLES DE GAULLE (AV",,,Plein jour,En agglomération,Intersection en T,Normale,Deux véhicules - côté,,,,,,,,,,,1,2,3,1.0,3
201400039453,0014-06-06 20:25:00,14,6,6,20,25,920,23,"., JEAN JAURES (AVENUE)",,,Plein jour,En agglomération,Intersection en T,Normale,Deux véhicules - côté,,,,,,,,,,,1,2,3,1.0,3
201400039454,0014-06-13 09:05:00,14,6,13,9,5,920,23,"12, HENRI BARBUSSE (AVEN",,,Plein jour,En agglomération,Hors intersection,Normale,Autre collision,,,,,,,,,,,1,2,1,1.0,6
201400039455,0014-06-22 16:25:00,14,6,22,16,25,920,23,"., GENERAL DE GAULLE (AV",,,Plein jour,En agglomération,Intersection en X,Normale,Deux véhicules - côté,,,,,,,,,,,1,2,2,1.0,3
201400039456,0014-06-19 22:50:00,14,6,19,22,50,920,23,"., MARQUIS (PLACE) N?1 E",,,Nuit avec éclairage allumé,En agglomération,Giratoire,Normale,Sans collision,,,,,,,,,,,5,2,6,1.0,7
201400039457,0014-06-20 11:00:00,14,6,20,11,0,920,23,"., CLAUDE TREBIGNAUD (AV",,,Plein jour,En agglomération,Hors intersection,Normale,Sans collision,,,,,,,,,,,1,2,1,1.0,7
201400039458,0014-06-20 20:40:00,14,6,20,20,40,920,23,"., NORMANDIE (RUE DE)",,,Plein jour,En agglomération,Intersection en X,Normale,Sans collision,,,,,,,,,,,1,2,2,1.0,7
201400039459,0014-06-25 01:10:00,14,6,25,1,10,920,60,"., CHARLES DE GAULLE (AV",,,Nuit avec éclairage allumé,En agglomération,Hors intersection,Normale,Deux véhicules - côté,,,,,,,,,,,5,2,1,1.0,3
201400039460,0014-06-25 16:20:00,14,6,25,16,20,920,23,"., JUSTICE (ROUTE DE LA)",,,Plein jour,En agglomération,Intersection en T,Normale,Deux véhicules - côté,,,,,,,,,,,1,2,3,1.0,3
201400039461,0014-06-28 02:20:00,14,6,28,2,20,920,23,"., PORTE DE TRIVAUX (RUE",,,Nuit avec éclairage allumé,En agglomération,Intersection en X,Normale,Autre collision,,,,,,,,,,,5,2,2,1.0,6
201400039462,0014-07-07 19:45:00,14,7,7,19,45,920,23,"., GARENNE (ROUTE DE LA)",,,Plein jour,En agglomération,Intersection en X,Pluie légère,Deux véhicules - côté,,,,,,,,,,,1,2,2,2.0,3
201400039463,0014-07-08 16:40:00,14,7,8,16,40,920,23,"186, MARGUERITE RENAUDIN",,,Plein jour,En agglomération,Intersection en T,Normale,Sans collision,,,,,,,,,,,1,2,3,1.0,7
201400039464,0014-07-08 14:20:00,14,7,8,14,20,920,23,"6, PRESIDENT ROOSEVELT (",,,Plein jour,En agglomération,Hors intersection,Normale,Autre collision,,,,,,,,,,,1,2,1,1.0,6
201400039465,0014-07-09 19:45:00,14,7,9,19,45,920,23,"., HENRI BARBUSSE (AVENU",,,Crépuscule ou aube,En agglomération,Intersection en X,Pluie légère,Sans collision,,,,,,,,,,,2,2,2,2.0,7
201400039466,0014-07-12 13:25:00,14,7,12,13,25,920,60,"., CHARLES DE GAULLE (AV",,,Plein jour,En agglomération,Intersection en T,Normale,Deux véhicules - côté,,,,,,,,,,,1,2,3,1.0,3
201400039467,0014-07-15 23:45:00,14,7,15,23,45,920,23,"527, GENERAL DE GAULLE (",,,Nuit avec éclairage allumé,En agglomération,Hors intersection,Normale,Deux véhicules - côté,,,,,,,,,,,5,2,1,1.0,3
201400039468,0014-07-18 00:50:00,14,7,18,0,50,920,60,"., RESISTANCE (PLACE DE",,,Nuit avec éclairage allumé,En agglomération,Intersection en T,Normale,Deux véhicules - côté,,,,,,,,,,,5,2,3,1.0,3
201400039469,0014-07-17 15:55:00,14,7,17,15,55,920,23,"176, VICTOR HUGO (AVENUE",,,Plein jour,En agglomération,Hors intersection,Normale,Deux véhicules - côté,,,,,,,,,,,1,2,1,1.0,3
201400039470,0014-07-17 16:45:00,14,7,17,16,45,920,23,"62, MEUDON (RUE DE)",,,Plein jour,En agglomération,Hors intersection,Normale,Sans collision,,,,,,,,,,,1,2,1,1.0,7
201400039471,0014-07-21 17:50:00,14,7,21,17,50,920,23,"181, GENERAL DE GAULLE (",,,Plein jour,En agglomération,Intersection en T,Normale,Deux véhicules - côté,,,,,,,,,,,1,2,3,1.0,3
201400039472,0014-07-23 09:50:00,14,7,23,9,50,920,23,"55, JEAN BAPTISTE CLEMEN",,,Plein jour,En agglomération,Hors intersection,Normale,Deux véhicules - frontale,,,,,,,,,,,1,2,1,1.0,1
201400039473,0014-07-25 11:45:00,14,7,25,11,45,920,23,"483, GENERAL DE GAULLE (",,,Plein jour,En agglomération,Hors intersection,Normale,Autre collision,,,,,,,,,,,1,2,1,1.0,6
201400039474,0014-08-04 12:20:00,14,8,4,12,20,920,23,"463, GENERAL DE GAULLE (",,,Plein jour,En agglomération,Hors intersection,Normale,Autre collision,,,,,,,,,,,1,2,1,1.0,6
201400039475,0014-08-11 11:30:00,14,8,11,11,30,920,23,"101, PORTE DE TRIVAUX (R",,,Plein jour,En agglomération,Hors intersection,Normale,Deux véhicules - côté,,,,,,,,,,,1,2,1,1.0,3
201400039476,0014-08-16 06:55:00,14,8,16,6,55,920,23,"233, GENERAL DE GAULLE (",,,Plein jour,En agglomération,Hors intersection,Normale,Autre collision,,,,,,,,,,,1,2,1,1.0,6
201400039477,0014-08-26 19:45:00,14,8,26,19,45,920,23,"162, HENRI BARBUSSE (AVE",,,Plein jour,En agglomération,Intersection en T,Normale,Deux véhicules - côté,,,,,,,,,,,1,2,3,1.0,3
201400039478,0014-08-28 13:45:00,14,8,28,13,45,920,60,"56, ROBINSON (AVENUE DE)",,,Plein jour,En agglomération,Hors intersection,Pluie légère,Deux véhicules - côté,,,,,,,,,,,1,2,1,2.0,3
201400039479,0014-09-05 17:40:00,14,9,5,17,40,920,60,"., PAUL LANGEVIN (AVENUE",,,Plein jour,En agglomération,Intersection en T,Normale,Deux véhicules - côté,,,,,,,,,,,1,2,3,1.0,3
201400039480,0014-09-13 18:25:00,14,9,13,18,25,920,60,"4, PAUL LANGEVIN (AVENUE",,,Plein jour,En agglomération,Hors intersection,Normale,Autre collision,,,,,,,,,,,1,2,1,1.0,6
201400039481,0014-09-18 08:17:00,14,9,18,8,17,920,23,"., PAVE BLANC (ROUTE DU)",,,Plein jour,En agglomération,Intersection en X,Normale,Deux véhicules - côté,,,,,,,,,,,1,2,2,1.0,3
201400039482,0014-09-16 08:50:00,14,9,16,8,50,920,23,"., HENRI BARBUSSE (AVENU",,,Plein jour,En agglomération,Intersection en T,Normale,Autre collision,,,,,,,,,,,1,2,3,1.0,6
201400039483,0014-09-19 17:00:00,14,9,19,17,0,920,23,"., PAIX (AVENUE DE LA)",,,Plein jour,En agglomération,Hors intersection,Normale,Deux véhicules - côté,,,,,,,,,,,1,2,1,1.0,3
201400039484,0014-09-23 15:55:00,14,9,23,15,55,920,60,"., CHARLES DE GAULLE (AV",,,Plein jour,En agglomération,Hors intersection,Normale,Autre collision,,,,,,,,,,,1,2,1,1.0,6
201400039485,0014-09-25 19:15:00,14,9,25,19,15,920,23,"320, GENERAL DE GAULLE (",,,Plein jour,En agglomération,Hors intersection,Normale,Deux véhicules - arrière,,,,,,,,,,,1,2,1,1.0,2
201400039486,0014-09-26 20:45:00,14,9,26,20,45,920,60,"119, FONTENAY (RUE DE)",,,Nuit avec éclairage allumé,En agglomération,Hors intersection,Normale,Sans collision,,,,,,,,,,,5,2,1,1.0,7
201400039487,0014-09-29 10:50:00,14,9,29,10,50,920,23,"177, PORTE DE TRIVAUX (R",,,Plein jour,En agglomération,Hors intersection,Temps couvert,Sans collision,,,,,,,,,,,1,2,1,8.0,7
201400039488,0014-09-29 15:45:00,14,9,29,15,45,920,23,"490, GENERAL DE GAULLE (",,,Plein jour,En agglomération,Intersection en T,Normale,Deux véhicules - côté,,,,,,,,,,,1,2,3,1.0,3
201400039489,0014-10-03 15:45:00,14,10,3,15,45,920,23,"45, GENERAL DE GAULLE (A",,,Plein jour,En agglomération,Hors intersection,Normale,Deux véhicules - arrière,,,,,,,,,,,1,2,1,1.0,2
201400039490,0014-10-06 23:50:00,14,10,6,23,50,920,23,"123, HENRI BARBUSSE (AVE",,,Nuit avec éclairage allumé,En agglomération,Hors intersection,Normale,Autre collision,,,,,,,,,,,5,2,1,1.0,6
201400039491,0014-10-07 07:30:00,14,10,7,7,30,920,23,"., FLEURY (RUE DE)",,,Nuit avec éclairage non allumé,En agglomération,Intersection en X,Pluie forte,Autre collision,,,,,,,,,,,4,2,2,3.0,6
201400039492,0014-10-08 09:00:00,14,10,8,9,0,920,23,"., EUGENE BEAUJARD (CARR",,,Plein jour,En agglomération,Hors intersection,Pluie légère,Sans collision,,,,,,,,,,,1,2,1,2.0,7
201400039493,0014-10-09 18:10:00,14,10,9,18,10,920,60,"., GALILEE (AVENUE)",,,Plein jour,En agglomération,Intersection en T,Normale,Autre collision,,,,,,,,,,,1,2,3,1.0,6
201400039494,0014-10-11 18:15:00,14,10,11,18,15,920,23,"42, PORTE DE TRIVAUX (RU",,,Plein jour,En agglomération,Hors intersection,Normale,Deux véhicules - arrière,,,,,,,,,,,1,2,1,1.0,2
201400039495,0014-10-11 19:50:00,14,10,11,19,50,920,23,"40, CHATILLON (RUE DE)",,,Nuit avec éclairage allumé,En agglomération,Hors intersection,Normale,Deux véhicules - côté,,,,,,,,,,,5,2,1,1.0,3
201400039496,0014-10-16 11:10:00,14,10,16,11,10,920,23,"157, PORTE DE TRIVAUX (R",,,Plein jour,En agglomération,Hors intersection,Normale,Autre collision,,,,,,,,,,,1,2,1,1.0,6
201400039497,0014-10-13 15:50:00,14,10,13,15,50,920,60,"., PAUL LANGEVIN (AVENUE",,,Plein jour,En agglomération,Intersection en X,Normale,Deux véhicules - côté,,,,,,,,,,,1,2,2,1.0,3
201400039498,0014-10-11 17:50:00,14,10,11,17,50,920,60,"52, CHARLES DE GAULLE (A",,,Plein jour,En agglomération,Hors intersection,Pluie légère,Deux véhicules - côté,,,,,,,,,,,1,2,1,2.0,3
201400039499,0014-10-16 10:50:00,14,10,16,10,50,920,23,"8, MEUDON (RUE DE)",,,Plein jour,En agglomération,Hors intersection,Normale,Deux véhicules - arrière,,,,,,,,,,,1,2,1,1.0,2
201400039500,0014-10-31 21:23:00,14,10,31,21,23,920,23,HENRI BARBUSSE (AVENUE),,,Nuit avec éclairage allumé,En agglomération,Intersection en X,Normale,Deux véhicules - côté,,,,,,,,,,,5,2,2,1.0,3
201400039501,0014-11-03 12:00:00,14,11,3,12,0,920,60,"., GALILEE (AVENUE)",,,Plein jour,En agglomération,Intersection en T,Normale,Deux véhicules - côté,,,,,,,,,,,1,2,3,1.0,3
201400039502,0014-11-03 20:20:00,14,11,3,20,20,920,23,"., PORTE DE TRIVAUX (RUE",,,Nuit avec éclairage allumé,En agglomération,Intersection en T,Pluie légère,Deux véhicules - côté,,,,,,,,,,,5,2,3,2.0,3
201400039503,0014-11-06 19:30:00,14,11,6,19,30,920,23,"233, GENERAL DE GAULLE (",,,Nuit avec éclairage allumé,En agglomération,Hors intersection,Normale,Deux véhicules - côté,,,,,,,,,,,5,2,1,1.0,3
201400039504,0014-11-07 12:40:00,14,11,7,12,40,920,23,"., JEAN BAPTISTE CLEMENT",,,Plein jour,En agglomération,Hors intersection,Normale,Deux véhicules - côté,,,,,,,,,,,1,2,1,1.0,3
201400039505,0014-11-10 16:25:00,14,11,10,16,25,920,23,"2, LOUIS DUPONT (RUE) N?",,,Plein jour,En agglomération,Hors intersection,Normale,Sans collision,,,,,,,,,,,1,2,1,1.0,7
201400039506,0014-11-08 20:15:00,14,11,8,20,15,920,23,"16, FRERES VIGOUROUX (BO",,,Nuit avec éclairage allumé,En agglomération,Hors intersection,Normale,Sans collision,,,,,,,,,,,5,2,1,1.0,7
201400039507,0014-11-16 14:30:00,14,11,16,14,30,920,23,"0, PETIT CLAMART (ROND P",,,Plein jour,En agglomération,Hors intersection,Pluie légère,Sans collision,,,,,,,,,,,1,2,1,2.0,7
201400039508,0014-11-15 11:30:00,14,11,15,11,30,920,23,"0, VILLACOUBLAY (CARREFO",,,Plein jour,En agglomération,Intersection à plus de 4 branches,Normale,Trois véhicules et plus - collisions multiples,,,,,,,,,,,1,2,5,1.0,5
201400039509,0014-11-18 16:35:00,14,11,18,16,35,920,23,JEAN BAPTISTE CLEMENT (A,,,Plein jour,En agglomération,Hors intersection,Normale,Autre collision,,,,,,,,,,,1,2,1,1.0,6
201400039510,0014-11-19 09:10:00,14,11,19,9,10,920,60,"20, EDOUARD HERRIOT (AVE",,,Plein jour,En agglomération,Hors intersection,Brouillard / fumée,Sans collision,,,,,,,,,,,1,2,1,5.0,7
201400039511,0014-11-22 18:10:00,14,11,22,18,10,920,23,"0, VANVES (RUE DE)",,,Nuit avec éclairage allumé,En agglomération,Hors intersection,Normale,Autre collision,,,,,,,,,,,5,2,1,1.0,6
201400039512,0014-11-22 12:30:00,14,11,22,12,30,920,23,"0, HENRI BARBUSSE (AVENU",,,Plein jour,En agglomération,Hors intersection,Normale,Deux véhicules - arrière,,,,,,,,,,,1,2,1,1.0,2
201400039513,0014-11-25 19:55:00,14,11,25,19,55,920,23,"442, GENERAL DE GAULLE (",,,Nuit avec éclairage allumé,En agglomération,Hors intersection,Normale,Autre collision,,,,,,,,,,,5,2,1,1.0,6
201400039514,0014-12-03 19:50:00,14,12,3,19,50,920,23,"52, PAUL VAILLANT COUTUR",,,Nuit avec éclairage allumé,En agglomération,Hors intersection,Normale,Deux véhicules - arrière,,,,,,,,,,,5,2,1,1.0,2
201400039515,0014-12-05 16:12:00,14,12,5,16,12,920,23,"01, GARENNE (ROUTE DE LA",,,Plein jour,En agglomération,Hors intersection,Normale,Deux véhicules - côté,,,,,,,,,,,1,2,1,1.0,3
201400039516,0014-12-08 11:20:00,14,12,8,11,20,920,60,ARISTIDE BRIAND (AVENUE),,,Plein jour,En agglomération,Intersection en T,Pluie légère,Deux véhicules - arrière,,,,,,,,,,,1,2,3,2.0,2
201400039517,0014-12-10 16:45:00,14,12,10,16,45,920,60,MOULIN FIDEL (RUE DU),,,Nuit avec éclairage allumé,En agglomération,Intersection en X,Normale,Sans collision,,,,,,,,,,,5,2,2,1.0,7
201400039518,0014-12-11 17:10:00,14,12,11,17,10,920,23,HENRI BARBUSSE (AVENUE),,,Nuit avec éclairage allumé,En agglomération,Intersection en X,Temps couvert,Deux véhicules - côté,,,,,,,,,,,5,2,2,8.0,3
201400039519,0014-12-12 18:40:00,14,12,12,18,40,920,23,"., HENRI BARBUSSE (AVENU",,,Nuit avec éclairage allumé,En agglomération,Intersection en X,Pluie légère,Deux véhicules - côté,,,,,,,,,,,5,2,2,2.0,3
201400039520,0014-12-13 17:35:00,14,12,13,17,35,920,23,"63, PAVE BLANC (ROUTE DU",,,Nuit avec éclairage allumé,En agglomération,Hors intersection,Pluie légère,Autre collision,,,,,,,,,,,5,2,1,2.0,6
201400039521,0014-12-15 08:30:00,14,12,15,8,30,920,23,"., CONSTANT PAPE (RUE)",,,Crépuscule ou aube,En agglomération,Intersection en T,Normale,Autre collision,,,,,,,,,,,2,2,3,1.0,6
201400039522,0014-12-15 17:45:00,14,12,15,17,45,920,23,"., CECILE DINANT (RUE)",,,Nuit avec éclairage allumé,En agglomération,Intersection en T,Normale,Autre collision,,,,,,,,,,,5,2,3,1.0,6