accident_id,datetime,annee,mois,jour,heure,minute,departement,commune_insee,adresse,latitude,longitude,luminosite,agglomeration,intersection,meteo,collision,nb_vehicules,nb_usagers,nb_indemnes,nb_tues,nb_blesses_hosp,nb_blesses_legers,age_cond_1,age_cond_2,veh_type_cond_1,veh_type_cond_2,lum_code,agg_code,int_code,atm_code,col_code
201400039653,0014-02-06 07:40:00,14,2,6,7,40,920,25,"79, HENRI BARBUSSE (AV)",,,Nuit avec éclairage allumé,En agglomération,Hors intersection,Normale,Autre collision,,,,,,,,,,,5,2,1,1.0,6
201400039654,0014-02-10 17:45:00,14,2,10,17,45,920,25,"74, MENELOTTE <> 2A 50 (",,,Plein jour,En agglomération,Hors intersection,Normale,Autre collision,,,,,,,,,,,1,2,1,1.0,6
201400039655,0014-02-13 13:30:00,14,2,13,13,30,920,25,"19, PAUL BERT (RUE)",,,Plein jour,En agglomération,Hors intersection,Autre,Autre collision,,,,,,,,,,,1,2,1,9.0,6
201400039656,0014-02-15 19:45:00,14,2,15,19,45,920,25,"0, HENRI BARBUSSE (AV)",,,Nuit avec éclairage allumé,En agglomération,Hors intersection,Normale,Deux véhicules - côté,,,,,,,,,,,5,2,1,1.0,3
201400039657,0014-02-20 10:30:00,14,2,20,10,30,920,25,"0, MARCEAU (BD)",,,Plein jour,En agglomération,Intersection en X,Normale,Deux véhicules - côté,,,,,,,,,,,1,2,2,1.0,3
201400039658,0014-02-20 12:00:00,14,2,20,12,0,920,25,"00, CHARLES DE GAULLE (B",,,Plein jour,En agglomération,Hors intersection,Pluie légère,Autre collision,,,,,,,,,,,1,2,1,2.0,6
201400039659,0014-02-21 19:55:00,14,2,21,19,55,920,25,"55, GABRIEL PERI (RUE)",,,Nuit avec éclairage allumé,En agglomération,Intersection en X,Normale,Deux véhicules - côté,,,,,,,,,,,5,2,2,1.0,3
201400039660,0014-02-22 15:46:00,14,2,22,15,46,920,25,"159, CHARLES DE GAULLE (",,,Plein jour,En agglomération,Hors intersection,Normale,Deux véhicules - arrière,,,,,,,,,,,1,2,1,1.0,2
201400039661,0014-02-24 12:00:00,14,2,24,12,0,920,25,E.D'ORVES <>2A198 & 1A14,,,Plein jour,En agglomération,Hors intersection,Normale,Deux véhicules - côté,,,,,,,,,,,1,2,1,1.0,3
201400039662,0014-02-24 20:33:00,14,2,24,20,33,920,25,"150, CHARLES DE GAULLE (",,,Nuit avec éclairage allumé,En agglomération,Hors intersection,Normale,Deux véhicules - côté,,,,,,,,,,,5,2,1,1.0,3
201400039663,0014-02-26 15:50:00,14,2,26,15,50,920,25,"88, HENRI BARBUSSE (AV)",,,Plein jour,En agglomération,Hors intersection,Normale,Deux véhicules - arrière,,,,,,,,,,,1,2,1,1.0,2
201400039664,0014-02-27 19:10:00,14,2,27,19,10,920,25,CHARLES DE GAULLE (BD),,,Nuit avec éclairage allumé,En agglomération,Hors intersection,Pluie légère,Deux véhicules - côté,,,,,,,,,,,5,2,1,2.0,3
201400039665,0014-02-27 19:50:00,14,2,27,19,50,920,25,"1, VERDUN (RUE DE)",,,Nuit avec éclairage allumé,En agglomération,Intersection en X,Pluie forte,Autre collision,,,,,,,,,,,5,2,2,3.0,6
201400039666,0014-02-28 11:00:00,14,2,28,11,0,920,25,"00, PAUL BERT (RUE)",,,Plein jour,En agglomération,Hors intersection,Normale,Autre collision,,,,,,,,,,,1,2,1,1.0,6
201400039667,0014-03-03 12:50:00,14,3,3,12,50,920,25,"FACE 105, CHARLES DE GAU",,,Plein jour,En agglomération,Hors intersection,Normale,Autre collision,,,,,,,,,,,1,2,1,1.0,6
201400039668,0014-03-06 17:25:00,14,3,6,17,25,920,25,"0, CHARLES DE GAULLE (BD",,,Plein jour,En agglomération,Intersection en X,Normale,Autre collision,,,,,,,,,,,1,2,2,1.0,6
201400039669,0014-03-08 21:30:00,14,3,8,21,30,920,25,"167, CHARLES DE GAULLE (",,,Nuit avec éclairage allumé,En agglomération,Hors intersection,Normale,Sans collision,,,,,,,,,,,5,2,1,1.0,7
201400039670,0014-03-09 08:45:00,14,3,9,8,45,920,25,"22, OISEAUX (BD DES)",,,Plein jour,En agglomération,Hors intersection,Normale,Autre collision,,,,,,,,,,,1,2,1,1.0,6
201400039671,0014-03-15 11:57:00,14,3,15,11,57,920,25,SOLFERINO (RUE & AV),,,Plein jour,En agglomération,Hors intersection,Normale,Autre collision,,,,,,,,,,,1,2,1,1.0,6
201400039672,0014-03-15 21:00:00,14,3,15,21,0,920,25,CHARLES DE GAULLE (BD),,,Nuit avec éclairage allumé,En agglomération,Hors intersection,Normale,Autre collision,,,,,,,,,,,5,2,1,1.0,6
201400039673,0014-03-17 14:50:00,14,3,17,14,50,920,25,"500, GABRIEL PERI (RUE)",,,Plein jour,En agglomération,Hors intersection,Normale,Autre collision,,,,,,,,,,,1,2,1,1.0,6
201400039674,0014-03-19 09:35:00,14,3,19,9,35,920,25,GENERAL LECLERC (PLACE D,,,Plein jour,En agglomération,Hors intersection,Normale,Autre collision,,,,,,,,,,,1,2,1,1.0,6
201400039675,0014-03-19 12:25:00,14,3,19,12,25,920,25,"237, GABRIEL PERI (RUE)",,,Plein jour,En agglomération,Hors intersection,Normale,Deux véhicules - côté,,,,,,,,,,,1,2,1,1.0,3
201400039676,0014-03-21 11:20:00,14,3,21,11,20,920,25,"16, GABRIEL PERI (RUE)",,,Plein jour,En agglomération,Hors intersection,Normale,Autre collision,,,,,,,,,,,1,2,1,1.0,6
201400039677,0014-03-23 07:35:00,14,3,23,7,35,920,25,"11, ORGEMONT (AV D')",,,Plein jour,En agglomération,Hors intersection,Normale,Autre collision,,,,,,,,,,,1,2,1,1.0,6
201400039678,0014-03-25 14:30:00,14,3,25,14,30,920,25,"0, HENRI BARBUSSE (AV)",,,Plein jour,Hors agglomération,Hors intersection,Pluie légère,Deux véhicules - arrière,,,,,,,,,,,1,1,1,2.0,2
201400039679,0014-03-28 09:10:00,14,3,28,9,10,920,25,"0, MOSLARD (RUE)",,,Plein jour,En agglomération,Intersection en X,Normale,Deux véhicules - côté,,,,,,,,,,,1,2,2,1.0,3
201400039680,0014-03-28 16:45:00,14,3,28,16,45,920,25,"159, CHARLES DE GAULLE (",,,Plein jour,En agglomération,Hors intersection,Normale,Deux véhicules - côté,,,,,,,,,,,1,2,1,1.0,3
201400039681,0014-03-29 15:04:00,14,3,29,15,4,920,25,"0, PONT ACQUEDUC",,,Plein jour,En agglomération,Hors intersection,Normale,Trois véhicules et plus - en chaîne,,,,,,,,,,,1,2,1,1.0,4
201400039682,0014-04-01 05:30:00,14,4,1,5,30,920,25,"05, ORGEMONT (AV D')",,,Nuit avec éclairage allumé,En agglomération,Hors intersection,Normale,Autre collision,,,,,,,,,,,5,2,1,1.0,6
201400039683,0014-04-02 02:05:00,14,4,2,2,5,920,25,STALINGRAD (AV DE),,,Nuit avec éclairage allumé,Hors agglomération,Hors intersection,Normale,Autre collision,,,,,,,,,,,5,1,1,1.0,6
201400039684,0014-04-03 13:05:00,14,4,3,13,5,920,25,"56, GAMBETTA (BD)",,,Plein jour,En agglomération,Hors intersection,Normale,Sans collision,,,,,,,,,,,1,2,1,1.0,7
201400039685,0014-04-06 16:30:00,14,4,6,16,30,920,25,VALMY (BD DE),,,Plein jour,En agglomération,Intersection en T,Normale,Autre collision,,,,,,,,,,,1,2,3,1.0,6
201400039686,0014-04-08 11:35:00,14,4,8,11,35,920,25,"00, ANATOLE FRANCE (AV)",,,Plein jour,Hors agglomération,Intersection en T,Normale,Deux véhicules - côté,,,,,,,,,,,1,1,3,1.0,3
201400039687,0014-04-09 18:30:00,14,4,9,18,30,920,25,AGENT SARRE (AV DE L'),,,Plein jour,En agglomération,Intersection en T,Normale,Trois véhicules et plus - collisions multiples,,,,,,,,,,,1,2,3,1.0,5
201400039688,0014-04-12 05:30:00,14,4,12,5,30,920,25,"0, SARTROUVILLE (RUE DE",,,Crépuscule ou aube,En agglomération,Hors intersection,Normale,Autre collision,,,,,,,,,,,2,2,1,1.0,6
201400039689,0014-04-14 00:40:00,14,4,14,0,40,920,25,"00, GABRIEL PERI (RUE)",,,Nuit avec éclairage allumé,En agglomération,Autre intersection,Normale,Sans collision,,,,,,,,,,,5,2,9,1.0,7
201400039690,0014-04-15 19:10:00,14,4,15,19,10,920,25,"0, CLEMENCE (AV)",,,Plein jour,En agglomération,Hors intersection,Normale,Sans collision,,,,,,,,,,,1,2,1,1.0,7
201400039691,0014-04-18 10:55:00,14,4,18,10,55,920,25,"0, CHARLES DE GAULLE (BD",,,Plein jour,En agglomération,Hors intersection,Normale,Deux véhicules - arrière,,,,,,,,,,,1,2,1,1.0,2
201400039692,0014-03-14 14:15:00,14,3,14,14,15,920,25,"8, GAMBETTA (BD)",,,Plein jour,En agglomération,Hors intersection,Normale,Sans collision,,,,,,,,,,,1,2,1,1.0,7
201400039693,0014-04-23 15:00:00,14,4,23,15,0,920,25,"16-22, STALINGRAD (AV DE",,,Plein jour,En agglomération,Hors intersection,Normale,Autre collision,,,,,,,,,,,1,2,1,1.0,6
201400039694,0014-04-28 13:30:00,14,4,28,13,30,920,25,"103, CHARLES DE GAULLE (",,,Plein jour,En agglomération,Hors intersection,Normale,Autre collision,,,,,,,,,,,1,2,1,1.0,6
201400039695,0014-05-01 22:05:00,14,5,1,22,5,920,25,"0, CHARLES DE GAULLE (BD",,,Nuit avec éclairage allumé,En agglomération,Hors intersection,Normale,Deux véhicules - côté,,,,,,,,,,,5,2,1,1.0,3
201400039696,0014-05-03 11:05:00,14,5,3,11,5,920,25,PAUL BERT (RUE),,,Plein jour,En agglomération,Autre intersection,Normale,Deux véhicules - côté,,,,,,,,,,,1,2,9,1.0,3
201400039697,0014-05-13 13:45:00,14,5,13,13,45,920,25,"202, GABRIEL PERI (RUE)",,,Plein jour,En agglomération,Hors intersection,Normale,Trois véhicules et plus - collisions multiples,,,,,,,,,,,1,2,1,1.0,5
201400039698,0014-05-16 14:35:00,14,5,16,14,35,920,25,"0, PAUL BERT (RUE)",,,Plein jour,En agglomération,Hors intersection,Normale,Deux véhicules - côté,,,,,,,,,,,1,2,1,1.0,3
201400039699,0014-05-17 16:20:00,14,5,17,16,20,920,25,"face au 9, PAUL BERT (RU",,,Plein jour,En agglomération,Hors intersection,Normale,Autre collision,,,,,,,,,,,1,2,1,1.0,6
201400039700,0014-05-18 16:44:00,14,5,18,16,44,920,25,"322, ESTIENNE D'ORVES (R",,,Plein jour,En agglomération,Hors intersection,Normale,Sans collision,,,,,,,,,,,1,2,1,1.0,7
201400039701,0014-05-19 16:10:00,14,5,19,16,10,920,25,"14, PAUL BERT (RUE)",,,Plein jour,En agglomération,Hors intersection,Normale,Autre collision,,,,,,,,,,,1,2,1,1.0,6
201400039702,0014-05-21 05:55:00,14,5,21,5,55,920,25,"91, C.DE G.<> 64 A 128 &",,,Nuit avec éclairage allumé,En agglomération,Intersection en T,Pluie légère,Deux véhicules - frontale,,,,,,,,,,,5,2,3,2.0,1
201400039703,0014-05-24 19:50:00,14,5,24,19,50,920,25,"0, HENRI BARBUSSE (AV)",,,Plein jour,En agglomération,Hors intersection,Autre,Autre collision,,,,,,,,,,,1,2,1,9.0,6
201400039704,0014-05-27 17:45:00,14,5,27,17,45,920,25,"0, DEBARCADERE (RUE DU)",,,Plein jour,En agglomération,Hors intersection,Normale,Deux véhicules - côté,,,,,,,,,,,1,2,1,1.0,3
201400039705,0014-05-28 18:25:00,14,5,28,18,25,920,25,"21, EDGARD QUINET (BD)",,,Plein jour,En agglomération,Hors intersection,Pluie légère,Autre collision,,,,,,,,,,,1,2,1,2.0,6
201400039706,0014-06-04 07:40:00,14,6,4,7,40,920,25,"00, PDT S.ALLENDE <>2 &",,,Plein jour,En agglomération,Hors intersection,Normale,Autre collision,,,,,,,,,,,1,2,1,1.0,6
201400039707,0014-06-04 20:25:00,14,6,4,20,25,920,25,"00, GAMBETTA (BD)",,,Plein jour,En agglomération,Hors intersection,Normale,Autre collision,,,,,,,,,,,1,2,1,1.0,6
201400039708,0014-06-05 17:10:00,14,6,5,17,10,920,25,"100, AGENT SARRE (AV DE",,,Plein jour,En agglomération,Hors intersection,Normale,Autre collision,,,,,,,,,,,1,2,1,1.0,6
201400039709,0014-06-07 09:00:00,14,6,7,9,0,920,25,"0, PIERRE CURIE (RUE)",,,Plein jour,En agglomération,Intersection en T,Normale,Deux véhicules - côté,,,,,,,,,,,1,2,3,1.0,3
201400039710,0014-06-07 13:00:00,14,6,7,13,0,920,25,"0, BOURNARD (RUE DU)",,,Plein jour,En agglomération,Hors intersection,Normale,Deux véhicules - frontale,,,,,,,,,,,1,2,1,1.0,1
201400039711,0014-06-11 11:20:00,14,6,11,11,20,920,25,"00, STALINGRAD (AV DE)",,,Plein jour,En agglomération,Intersection en X,Normale,Deux véhicules - arrière,,,,,,,,,,,1,2,2,1.0,2
201400039712,0014-06-12 19:40:00,14,6,12,19,40,920,25,"5, JEAN JAURES (AV)",,,Plein jour,En agglomération,Hors intersection,Normale,Autre collision,,,,,,,,,,,1,2,1,1.0,6
201400039713,0014-06-16 09:35:00,14,6,16,9,35,920,25,"0, AGRICULTURE (RUE DE L",,,Plein jour,En agglomération,Intersection en T,Normale,Deux véhicules - côté,,,,,,,,,,,1,2,3,1.0,3
201400039714,0014-06-17 08:47:00,14,6,17,8,47,920,25,"146, HENRI BARBUSSE (AV)",,,Plein jour,En agglomération,Hors intersection,Normale,Autre collision,,,,,,,,,,,1,2,1,1.0,6
201400039715,0014-06-18 14:15:00,14,6,18,14,15,920,25,"0, CHARLES DE GAULLE (BD",,,Plein jour,En agglomération,Hors intersection,Normale,Deux véhicules - arrière,,,,,,,,,,,1,2,1,1.0,2
201400039716,0014-06-18 19:10:00,14,6,18,19,10,920,25,"103, STALINGRAD (AV DE)",,,Plein jour,En agglomération,Hors intersection,Normale,Deux véhicules - arrière,,,,,,,,,,,1,2,1,1.0,2
201400039717,0014-06-19 16:50:00,14,6,19,16,50,920,25,"332, GABRIEL PERI (RUE)",,,Plein jour,En agglomération,Intersection en T,Normale,Deux véhicules - arrière,,,,,,,,,,,1,2,3,1.0,2
201400039718,0014-06-20 17:30:00,14,6,20,17,30,920,25,"138, G.PERI<>2 A 192 & 1",,,Plein jour,En agglomération,Hors intersection,Normale,Deux véhicules - côté,,,,,,,,,,,1,2,1,1.0,3
201400039719,0014-06-20 19:00:00,14,6,20,19,0,920,25,"179, CHARLES DE GAULLE (",,,Plein jour,En agglomération,Hors intersection,Normale,Deux véhicules - arrière,,,,,,,,,,,1,2,1,1.0,2
201400039720,0014-06-25 14:25:00,14,6,25,14,25,920,25,"40, GENERAL CREMER (RUE",,,Plein jour,En agglomération,Hors intersection,Normale,Autre collision,,,,,,,,,,,1,2,1,1.0,6
201400039721,0014-07-02 16:00:00,14,7,2,16,0,920,25,"0, STALINGRAD (AV DE)",,,Plein jour,En agglomération,Intersection en X,Normale,Deux véhicules - côté,,,,,,,,,,,1,2,2,1.0,3
201400039722,0014-07-03 17:06:00,14,7,3,17,6,920,25,"00000, VALMY (BD DE)",,,Plein jour,En agglomération,Intersection en X,Normale,Deux véhicules - côté,,,,,,,,,,,1,2,2,1.0,3
201400039723,0014-07-08 15:00:00,14,7,8,15,0,920,25,"1, CHARLES DE GAULLE (BD",,,Plein jour,En agglomération,Hors intersection,Pluie légère,Trois véhicules et plus - en chaîne,,,,,,,,,,,1,2,1,2.0,4
201400039724,0014-07-11 16:20:00,14,7,11,16,20,920,25,"0, AGENT SARRE (AV DE L'",,,Plein jour,En agglomération,Intersection en X,Normale,Deux véhicules - côté,,,,,,,,,,,1,2,2,1.0,3
201400039725,0014-07-11 21:15:00,14,7,11,21,15,920,25,"0, PAUL BERT (RUE)",,,Crépuscule ou aube,En agglomération,Hors intersection,Normale,Deux véhicules - frontale,,,,,,,,,,,2,2,1,1.0,1
201400039726,0014-07-13 16:40:00,14,7,13,16,40,920,25,"33, AGENT SARRE (AV DE L",,,Plein jour,En agglomération,Hors intersection,Pluie légère,Autre collision,,,,,,,,,,,1,2,1,2.0,6
201400039727,0014-07-17 19:10:00,14,7,17,19,10,920,25,"73, C.DE G.<> 64 A 128 &",,,Plein jour,En agglomération,Hors intersection,Normale,Deux véhicules - côté,,,,,,,,,,,1,2,1,1.0,3
201400039728,0014-07-15 19:10:00,14,7,15,19,10,920,25,"90, HENRI BARBUSSE (AV)",,,Plein jour,En agglomération,Intersection en X,Normale,Deux véhicules - côté,,,,,,,,,,,1,2,2,1.0,3
201400039729,0014-07-25 15:25:00,14,7,25,15,25,920,25,"162, C.DE G.> 130 & 1103",,,Plein jour,En agglomération,Hors intersection,Normale,Autre collision,,,,,,,,,,,1,2,1,1.0,6
201400039730,0014-07-26 13:45:00,14,7,26,13,45,920,25,"2, BOURNARD (RUE DU)",,,Plein jour,En agglomération,Hors intersection,Normale,Autre collision,,,,,,,,,,,1,2,1,1.0,6
201400039731,0014-07-20 15:35:00,14,7,20,15,35,920,25,"505, GABRIEL PERI (RUE)",,,Plein jour,Hors agglomération,Hors intersection,Normale,Deux véhicules - côté,,,,,,,,,,,1,1,1,1.0,3
201400039732,0014-07-28 15:35:00,14,7,28,15,35,920,25,"505, GABRIEL PERI (RUE)",,,Plein jour,Hors agglomération,Hors intersection,Normale,Deux véhicules - côté,,,,,,,,,,,1,1,1,1.0,3
201400039733,0014-08-07 12:20:00,14,8,7,12,20,920,25,"0, CHARLES DE GAULLE (BD",,,Plein jour,En agglomération,Hors intersection,Pluie légère,Deux véhicules - côté,,,,,,,,,,,1,2,1,2.0,3
201400039734,0014-08-12 09:10:00,14,8,12,9,10,920,25,KLEBER (AV),,,Plein jour,En agglomération,Intersection en X,Normale,Deux véhicules - côté,,,,,,,,,,,1,2,2,1.0,3
201400039735,0014-01-03 18:25:00,14,1,3,18,25,920,25,"20, HOCHE (RUE)",,,Nuit avec éclairage allumé,En agglomération,Hors intersection,Normale,Deux véhicules - arrière,,,,,,,,,,,5,2,1,1.0,2
201400039736,0014-08-12 19:25:00,14,8,12,19,25,920,25,"28, GABRIEL PERI (RUE)",,,Plein jour,En agglomération,Intersection en X,Normale,Deux véhicules - côté,,,,,,,,,,,1,2,2,1.0,3
201400039737,0014-08-17 14:31:00,14,8,17,14,31,920,25,"00, PAUL BERT (RUE)",,,Plein jour,En agglomération,Hors intersection,Normale,Deux véhicules - côté,,,,,,,,,,,1,2,1,1.0,3
201400039738,0014-08-21 08:26:00,14,8,21,8,26,920,25,"0, VALMY (BD DE)",,,Plein jour,En agglomération,Intersection en X,Normale,Deux véhicules - côté,,,,,,,,,,,1,2,2,1.0,3
201400039739,0014-08-21 19:31:00,14,8,21,19,31,920,25,"00, PAUL BERT (RUE)",,,Plein jour,En agglomération,Hors intersection,Normale,Deux véhicules - arrière,,,,,,,,,,,1,2,1,1.0,2
201400039740,0014-08-25 14:46:00,14,8,25,14,46,920,25,"0, CHARLES DE GAULLE (BD",,,Plein jour,En agglomération,Intersection en X,Pluie légère,Deux véhicules - arrière,,,,,,,,,,,1,2,2,2.0,2
201400039741,0014-08-26 20:11:00,14,8,26,20,11,920,25,"000, EUROPE (AV DE L')",,,Plein jour,En agglomération,Intersection en X,Pluie légère,Deux véhicules - côté,,,,,,,,,,,1,2,2,2.0,3
201400039742,0014-08-26 07:51:00,14,8,26,7,51,920,25,PAUL BERT (RUE),,,Plein jour,En agglomération,Hors intersection,Normale,Deux véhicules - arrière,,,,,,,,,,,1,2,1,1.0,2
201400039743,0014-09-01 15:45:00,14,9,1,15,45,920,25,"14, VALMY (BD DE)",,,Plein jour,En agglomération,Hors intersection,Normale,Trois véhicules et plus - collisions multiples,,,,,,,,,,,1,2,1,1.0,5
201400039744,0014-09-02 20:00:00,14,9,2,20,0,920,25,"561, GABRIEL PERI (RUE)",,,Plein jour,En agglomération,Hors intersection,Normale,Deux véhicules - arrière,,,,,,,,,,,1,2,1,1.0,2
201400039745,0014-09-07 16:13:00,14,9,7,16,13,920,25,"0, AGENT SARRE (AV DE L'",,,Plein jour,En agglomération,Intersection en X,Normale,Deux véhicules - côté,,,,,,,,,,,1,2,2,1.0,3
201400039746,0014-09-11 08:30:00,14,9,11,8,30,920,25,"13, FRATERNITE (RUE DE L",,,Plein jour,En agglomération,Hors intersection,Normale,Autre collision,,,,,,,,,,,1,2,1,1.0,6
201400039747,0014-09-12 09:30:00,14,9,12,9,30,920,25,"51, BOURNARD (RUE DU)",,,Plein jour,En agglomération,Hors intersection,Normale,Autre collision,,,,,,,,,,,1,2,1,1.0,6
201400039748,0014-09-13 11:20:00,14,9,13,11,20,920,25,"0, CHARLES DE GAULLE (BD",,,Plein jour,En agglomération,Hors intersection,Normale,Deux véhicules - arrière,,,,,,,,,,,1,2,1,1.0,2
201400039749,0014-09-16 08:25:00,14,9,16,8,25,920,25,"0, HENRI BARBUSSE (AV)",,,Plein jour,En agglomération,Intersection en X,Normale,Deux véhicules - côté,,,,,,,,,,,1,2,2,1.0,3
201400039750,0014-09-16 11:45:00,14,9,16,11,45,920,25,"0, VICTOR HUGO (AV.VILLA",,,Plein jour,En agglomération,Hors intersection,Normale,Sans collision,,,,,,,,,,,1,2,1,1.0,7
201400039751,0014-09-22 09:10:00,14,9,22,9,10,920,25,"81, VALMY (BD DE)",,,Plein jour,En agglomération,Hors intersection,Normale,Deux véhicules - arrière,,,,,,,,,,,1,2,1,1.0,2
201400039752,0014-09-22 17:00:00,14,9,22,17,0,920,25,", CHARLES DE GAULLE (BD)",,,Plein jour,En agglomération,Intersection en X,Normale,Autre collision,,,,,,,,,,,1,2,2,1.0,6
201400039753,0014-09-23 10:45:00,14,9,23,10,45,920,25,"5, LIBERTE (RUE DE LA)",,,Plein jour,En agglomération,Autre intersection,Normale,Autre collision,,,,,,,,,,,1,2,9,1.0,6
201400039754,0014-09-24 12:25:00,14,9,24,12,25,920,25,VERDUN (RUE DE),,,Plein jour,En agglomération,Intersection en X,Normale,Autre collision,,,,,,,,,,,1,2,2,1.0,6
201400039755,0014-09-26 16:35:00,14,9,26,16,35,920,25,STALINGRAD (AV DE),,,Plein jour,En agglomération,Intersection en X,Normale,Deux véhicules - côté,,,,,,,,,,,1,2,2,1.0,3
201400039756,0014-09-26 21:00:00,14,9,26,21,0,920,25,PAUL BERT (RUE),,,Nuit avec éclairage non allumé,En agglomération,Intersection en X,Normale,Deux véhicules - côté,,,,,,,,,,,4,2,2,1.0,3
201400039757,0014-09-27 09:00:00,14,9,27,9,0,920,25,"11, EDGARD QUINET (BD)",,,Plein jour,En agglomération,Hors intersection,Normale,Deux véhicules - arrière,,,,,,,,,,,1,2,1,1.0,2
201400039758,0014-09-28 20:05:00,14,9,28,20,5,920,25,"00, CHATOU (RUE DE)",,,Crépuscule ou aube,En agglomération,Intersection en X,Normale,Deux véhicules - côté,,,,,,,,,,,2,2,2,1.0,3
201400039759,0014-09-29 21:40:00,14,9,29,21,40,920,25,"0, STALINGRAD (AV DE)",,,Nuit avec éclairage allumé,En agglomération,Intersection en X,Normale,Deux véhicules - côté,,,,,,,,,,,5,2,2,1.0,3
201400039760,0014-09-30 08:05:00,14,9,30,8,5,920,25,"32, HENRI LITTOLFF N? PA",,,Plein jour,En agglomération,Hors intersection,Normale,Deux véhicules - côté,,,,,,,,,,,1,2,1,1.0,3
201400039761,0014-09-30 11:45:00,14,9,30,11,45,920,25,"175, STALINGRAD (AV DE)",,,Plein jour,En agglomération,Hors intersection,Normale,Trois véhicules et plus - en chaîne,,,,,,,,,,,1,2,1,1.0,4
201400039762,0014-10-01 07:00:00,14,10,1,7,0,920,25,"41, CHARLES DE GAULLE (B",,,Nuit avec éclairage allumé,En agglomération,Intersection en X,Normale,Deux véhicules - côté,,,,,,,,,,,5,2,2,1.0,3
201400039763,0014-10-01 13:10:00,14,10,1,13,10,920,25,"51, BOURNARD (RUE DU)",,,Plein jour,En agglomération,Hors intersection,Normale,Autre collision,,,,,,,,,,,1,2,1,1.0,6
201400039764,0014-10-02 09:15:00,14,10,2,9,15,920,25,"18, ORGEMONT (AV D')",,,Plein jour,En agglomération,Hors intersection,Normale,Deux véhicules - côté,,,,,,,,,,,1,2,1,1.0,3
201400039765,0014-10-03 14:50:00,14,10,3,14,50,920,25,"140, CHARLES DE GAULLE (",,,Plein jour,En agglomération,Hors intersection,Normale,Autre collision,,,,,,,,,,,1,2,1,1.0,6
201400039766,0014-10-03 20:10:00,14,10,3,20,10,920,25,"0, AGENT SARRE (AV DE L'",,,Nuit avec éclairage allumé,En agglomération,Intersection en Y,Normale,Deux véhicules - côté,,,,,,,,,,,5,2,4,1.0,3
201400039767,0014-10-06 09:35:00,14,10,6,9,35,920,25,KLEBER (AV),,,Plein jour,En agglomération,Hors intersection,Normale,Deux véhicules - côté,,,,,,,,,,,1,2,1,1.0,3
201400039768,0014-10-10 19:50:00,14,10,10,19,50,920,25,"57, KLEBER (AV)",,,Nuit sans éclairage public,En agglomération,Hors intersection,Normale,Deux véhicules - arrière,,,,,,,,,,,3,2,1,1.0,2
201400039769,0014-10-12 18:52:00,14,10,12,18,52,920,25,"00, PAUL BERT (RUE)",,,Plein jour,En agglomération,Hors intersection,Pluie légère,Deux véhicules - côté,,,,,,,,,,,1,2,1,2.0,3
201400039770,0014-10-14 06:50:00,14,10,14,6,50,920,25,"0, PAUL BERT (RUE)",,,Nuit avec éclairage allumé,En agglomération,Intersection en X,Normale,Deux véhicules - côté,,,,,,,,,,,5,2,2,1.0,3
201400039771,0014-10-15 13:34:00,14,10,15,13,34,920,25,"14BIS, G.PERI<>2 A 192 &",,,Plein jour,En agglomération,Hors intersection,Pluie légère,Deux véhicules - arrière,,,,,,,,,,,1,2,1,2.0,2
201400039772,0014-10-15 18:50:00,14,10,15,18,50,920,25,"59, BOURNARD (RUE DU)",,,Nuit avec éclairage allumé,En agglomération,Hors intersection,Normale,Deux véhicules - arrière,,,,,,,,,,,5,2,1,1.0,2
201400039773,0014-10-17 18:20:00,14,10,17,18,20,920,25,"0, COLBERT <> 115 A 131",,,Plein jour,En agglomération,Intersection en X,Normale,Deux véhicules - côté,,,,,,,,,,,1,2,2,1.0,3
201400039774,0014-10-17 17:50:00,14,10,17,17,50,920,25,"190, G.GRES<> 150 A 190",,,Plein jour,En agglomération,Hors intersection,Normale,Trois véhicules et plus - en chaîne,,,,,,,,,,,1,2,1,1.0,4
201400039775,0014-10-18 20:00:00,14,10,18,20,0,920,25,"42, GABRIEL PERI (RUE)",,,Nuit avec éclairage allumé,En agglomération,Hors intersection,Normale,Deux véhicules - arrière,,,,,,,,,,,5,2,1,1.0,2
201400039776,0014-10-20 18:15:00,14,10,20,18,15,920,25,"05, GABRIEL PERI (RUE)",,,Plein jour,En agglomération,Hors intersection,Normale,Deux véhicules - arrière,,,,,,,,,,,1,2,1,1.0,2
201400039777,0014-10-21 15:09:00,14,10,21,15,9,920,25,"33, VALMY (BD DE)",,,Plein jour,En agglomération,Hors intersection,Normale,Deux véhicules - côté,,,,,,,,,,,1,2,1,1.0,3
201400039778,0014-10-22 16:25:00,14,10,22,16,25,920,25,"33, STALINGRAD (AV DE)",,,Plein jour,En agglomération,Hors intersection,Normale,Deux véhicules - côté,,,,,,,,,,,1,2,1,1.0,3
201400039779,0014-11-03 14:35:00,14,11,3,14,35,920,25,"0, GAMBETTA (BD)",,,Plein jour,En agglomération,Hors intersection,Pluie légère,Autre collision,,,,,,,,,,,1,2,1,2.0,6
201400039780,0014-11-05 11:10:00,14,11,5,11,10,920,25,"110, CHARLES DE GAULLE (",,,Plein jour,En agglomération,Hors intersection,Normale,Deux véhicules - arrière,,,,,,,,,,,1,2,1,1.0,2
201400039781,0014-11-05 15:18:00,14,11,5,15,18,920,25,"0, PAUL BERT (RUE)",,,Plein jour,En agglomération,Intersection en X,Normale,Autre collision,,,,,,,,,,,1,2,2,1.0,6
201400039782,0014-11-08 00:10:00,14,11,8,0,10,920,25,"240, VOIES DU BOIS (RUE",,,Nuit avec éclairage allumé,En agglomération,Hors intersection,Normale,Autre collision,,,,,,,,,,,5,2,1,1.0,6