accident_id,datetime,annee,mois,jour,heure,minute,departement,commune_insee,adresse,latitude,longitude,luminosite,agglomeration,intersection,meteo,collision,nb_vehicules,nb_usagers,nb_indemnes,nb_tues,nb_blesses_hosp,nb_blesses_legers,age_cond_1,age_cond_2,veh_type_cond_1,veh_type_cond_2,lum_code,agg_code,int_code,atm_code,col_code
201400039913,0014-12-04 21:30:00,14,12,4,21,30,920,26,"20, MISSION MARCHAND (CO",,,Nuit avec éclairage allumé,En agglomération,Intersection en T,Autre,Deux véhicules - frontale,,,,,,,,,,,5,2,3,9.0,1
201400039914,0014-12-05 22:32:00,14,12,5,22,32,920,26,"----------, MICHEL ANGE",,,Nuit avec éclairage allumé,En agglomération,Hors intersection,Normale,Sans collision,,,,,,,,,,,5,2,1,1.0,7
201400039915,0014-12-07 20:45:00,14,12,7,20,45,920,26,VERDUN (DE 62 A FIN),,,Nuit avec éclairage allumé,En agglomération,Intersection en X,Pluie légère,Deux véhicules - côté,,,,,,,,,,,5,2,2,2.0,3
201400039916,0014-12-09 08:05:00,14,12,9,8,5,920,26,"68, VERDUN (DE 01 A 61)",,,Nuit avec éclairage allumé,En agglomération,Hors intersection,Normale,Autre collision,,,,,,,,,,,5,2,1,1.0,6
201400039917,0014-12-10 18:30:00,14,12,10,18,30,920,26,"102, COLOMBES",,,Nuit avec éclairage allumé,En agglomération,Hors intersection,Normale,Autre collision,,,,,,,,,,,5,2,1,1.0,6
201400039918,0014-12-12 07:50:00,14,12,12,7,50,920,26,JULES LEFEVRE PROLONGEE,,,Nuit avec éclairage allumé,En agglomération,Intersection en T,Pluie légère,Autre collision,,,,,,,,,,,5,2,3,2.0,6
201400039919,0014-12-15 09:35:00,14,12,15,9,35,920,26,"50, BEZONS (DE 23 A FIN)",,,Plein jour,En agglomération,Hors intersection,Pluie légère,Autre collision,,,,,,,,,,,1,2,1,2.0,6
201400039920,0014-12-13 17:10:00,14,12,13,17,10,920,26,COLOMBES,,,Nuit avec éclairage allumé,En agglomération,Intersection en X,Normale,Deux véhicules - côté,,,,,,,,,,,5,2,2,1.0,3
201400039921,0014-12-16 17:15:00,14,12,16,17,15,920,26,22 SEPTEMBRE ( RUE DU ),,,Nuit avec éclairage allumé,En agglomération,Intersection en X,Normale,Deux véhicules - côté,,,,,,,,,,,5,2,2,1.0,3
201400039922,0014-12-19 05:40:00,14,12,19,5,40,920,26,"69, MARECHAL JOFFRE (QUA",,,Nuit avec éclairage allumé,En agglomération,Hors intersection,Normale,Sans collision,,,,,,,,,,,5,2,1,1.0,7
201400039923,0014-01-08 16:50:00,14,1,8,16,50,920,35,"1, National ( boulevard",,,Plein jour,En agglomération,Intersection en X,Normale,Deux véhicules - côté,,,,,,,,,,,1,2,2,1.0,3
201400039924,0014-12-02 12:35:00,14,12,2,12,35,920,35,"44, National ( boulevard",,,Plein jour,En agglomération,Intersection en T,Normale,Deux véhicules - côté,,,,,,,,,,,1,2,3,1.0,3
201400039925,0014-12-05 17:35:00,14,12,5,17,35,920,35,"6 bis, Pierre S?mart ( r",,,Nuit avec éclairage allumé,En agglomération,Hors intersection,Normale,Autre collision,,,,,,,,,,,5,2,1,1.0,6
201400039926,0014-12-06 18:00:00,14,12,6,18,0,920,35,"80, Raymond Ridel ( rue",,,Nuit avec éclairage allumé,En agglomération,Hors intersection,Normale,Autre collision,,,,,,,,,,,5,2,1,1.0,6
201400039927,0014-12-12 19:35:00,14,12,12,19,35,920,35,"2, National ( boulevard",,,Nuit avec éclairage allumé,En agglomération,Intersection en X,Pluie forte,Autre collision,,,,,,,,,,,5,2,2,3.0,6
201400039928,0014-12-15 18:00:00,14,12,15,18,0,920,35,"13, G?n?ral de Gaulle  (",,,Nuit avec éclairage allumé,En agglomération,Hors intersection,Pluie légère,Deux véhicules - arrière,,,,,,,,,,,5,2,1,2.0,2
201400039929,0014-01-15 12:25:00,14,1,15,12,25,920,35,"9, R?publique ( boulevar",,,Plein jour,En agglomération,Intersection à plus de 4 branches,Pluie légère,Trois véhicules et plus - collisions multiples,,,,,,,,,,,1,2,5,2.0,5
201400039930,0014-01-17 09:00:00,14,1,17,9,0,920,35,"77, National ( boulevard",,,Plein jour,En agglomération,Intersection en X,Normale,Deux véhicules - côté,,,,,,,,,,,1,2,2,1.0,3
201400039931,0014-01-19 20:30:00,14,1,19,20,30,920,35,"25, G?n?ral de Gaulle  (",,,Nuit avec éclairage allumé,En agglomération,Hors intersection,Normale,Deux véhicules - côté,,,,,,,,,,,5,2,1,1.0,3
201400039932,0014-01-18 10:20:00,14,1,18,10,20,920,35,"74, R?publique ( bouleva",,,Plein jour,En agglomération,Hors intersection,Normale,Autre collision,,,,,,,,,,,1,2,1,1.0,6
201400039933,0014-01-21 18:20:00,14,1,21,18,20,920,35,"16 bis, R?publique ( bou",,,Nuit avec éclairage allumé,En agglomération,Intersection à plus de 4 branches,Normale,Deux véhicules - côté,,,,,,,,,,,5,2,5,1.0,3
201400039934,0014-02-07 16:15:00,14,2,7,16,15,920,35,"41, National ( boulevard",,,Plein jour,En agglomération,Intersection en T,Normale,Deux véhicules - côté,,,,,,,,,,,1,2,3,1.0,3
201400039935,0014-02-09 08:30:00,14,2,9,8,30,920,35,"5, Verdun 1916 ( avenue",,,Plein jour,En agglomération,Hors intersection,Normale,Autre collision,,,,,,,,,,,1,2,1,1.0,6
201400039936,0014-02-09 13:00:00,14,2,9,13,0,920,35,"45 bis, R?publique ( bou",,,Plein jour,En agglomération,Hors intersection,Normale,Deux véhicules - arrière,,,,,,,,,,,1,2,1,1.0,2
201400039937,0014-02-11 10:05:00,14,2,11,10,5,920,35,"72, G?n?ral de Gaulle  (",,,Plein jour,En agglomération,Hors intersection,Normale,Sans collision,,,,,,,,,,,1,2,1,1.0,7
201400039938,0014-02-10 00:01:00,14,2,10,0,1,920,35,"82, R?publique ( bouleva",,,Nuit avec éclairage allumé,En agglomération,Intersection en X,Normale,Deux véhicules - côté,,,,,,,,,,,5,2,2,1.0,3
201400039939,0014-03-12 10:55:00,14,3,12,10,55,920,35,"185, Pierre Joigneaux (",,,Plein jour,En agglomération,Intersection à plus de 4 branches,Normale,Autre collision,,,,,,,,,,,1,2,5,1.0,6
201400039940,0014-03-14 10:52:00,14,3,14,10,52,920,35,"., Augustine ( Avenue )",,,Plein jour,En agglomération,Hors intersection,Normale,Autre collision,,,,,,,,,,,1,2,1,1.0,6
201400039941,0014-04-08 11:40:00,14,4,8,11,40,920,35,"2, Joffre ( avenue )",,,Plein jour,En agglomération,Intersection en X,Normale,Autre collision,,,,,,,,,,,1,2,2,1.0,6
201400039942,0014-04-03 20:45:00,14,4,3,20,45,920,35,"67, G?n?ral de Gaulle  (",,,Plein jour,En agglomération,Intersection en T,Normale,Sans collision,,,,,,,,,,,1,2,3,1.0,7
201400039943,0014-04-17 13:05:00,14,4,17,13,5,920,35,"9bis, Transvaal ( rue du",,,Plein jour,En agglomération,Hors intersection,Normale,Autre collision,,,,,,,,,,,1,2,1,1.0,6
201400039944,0014-03-20 08:20:00,14,3,20,8,20,920,35,"185, Pierre Joigneaux (",,,Plein jour,En agglomération,Intersection à plus de 4 branches,Normale,Deux véhicules - arrière,,,,,,,,,,,1,2,5,1.0,2
201400039945,0014-03-20 17:25:00,14,3,20,17,25,920,35,"face 9, R?publique ( bou",,,Plein jour,En agglomération,Intersection à plus de 4 branches,Normale,Autre collision,,,,,,,,,,,1,2,5,1.0,6
201400039946,0014-04-22 18:30:00,14,4,22,18,30,920,35,"33, R?publique ( bouleva",,,Plein jour,En agglomération,Hors intersection,Normale,Sans collision,,,,,,,,,,,1,2,1,1.0,7
201400039947,0014-03-04 09:30:00,14,3,4,9,30,920,35,"104, R?publique ( boulev",,,Plein jour,En agglomération,Intersection en Y,Normale,Autre collision,,,,,,,,,,,1,2,4,1.0,6
201400039948,0014-04-10 08:50:00,14,4,10,8,50,920,35,"53, Aigle ( rue de l' )",,,Plein jour,En agglomération,Hors intersection,Normale,Autre collision,,,,,,,,,,,1,2,1,1.0,6
201400039949,0014-04-25 17:25:00,14,4,25,17,25,920,35,"71, R?publique ( bouleva",,,Plein jour,En agglomération,Hors intersection,Normale,Autre collision,,,,,,,,,,,1,2,1,1.0,6
201400039950,0014-05-08 11:30:00,14,5,8,11,30,920,35,"61, National ( boulevard",,,Plein jour,En agglomération,Intersection en T,Normale,Deux véhicules - arrière,,,,,,,,,,,1,2,3,1.0,2
201400039951,0014-05-18 18:25:00,14,5,18,18,25,920,35,"24, Pierre Brossolette (",,,Plein jour,En agglomération,Intersection en T,Normale,Autre collision,,,,,,,,,,,1,2,3,1.0,6
201400039952,0014-05-30 16:28:00,14,5,30,16,28,920,35,"14 bis, R?publique ( bou",,,Plein jour,En agglomération,Intersection à plus de 4 branches,Normale,Deux véhicules - côté,,,,,,,,,,,1,2,5,1.0,3
201400039953,0014-06-03 09:55:00,14,6,3,9,55,920,35,"85, National ( boulevard",,,Plein jour,En agglomération,Intersection à plus de 4 branches,Normale,Deux véhicules - côté,,,,,,,,,,,1,2,5,1.0,3
201400039954,0014-06-01 00:40:00,14,6,1,0,40,920,35,"85, National ( boulevard",,,Nuit avec éclairage allumé,En agglomération,Intersection à plus de 4 branches,Normale,Deux véhicules - côté,,,,,,,,,,,5,2,5,1.0,3
201400039955,0014-06-06 20:00:00,14,6,6,20,0,920,35,"7-9, Kl?ber ( rue )",,,Nuit avec éclairage allumé,En agglomération,Hors intersection,Normale,Autre collision,,,,,,,,,,,5,2,1,1.0,6
201400039956,0014-06-07 20:30:00,14,6,7,20,30,920,35,"., Transvaal ( rue du )",,,Plein jour,En agglomération,Intersection en Y,Normale,Sans collision,,,,,,,,,,,1,2,4,1.0,7
201400039957,0014-06-02 12:30:00,14,6,2,12,30,920,35,"33, G?n?ral de Gaulle  (",,,Plein jour,En agglomération,Intersection à plus de 4 branches,Normale,Autre collision,,,,,,,,,,,1,2,5,1.0,6
201400039958,0014-06-21 09:30:00,14,6,21,9,30,920,35,National ( boulevard ),,,Plein jour,En agglomération,Intersection en T,Normale,Deux véhicules - arrière,,,,,,,,,,,1,2,3,1.0,2
201400039959,0014-06-23 12:30:00,14,6,23,12,30,920,35,"31, R?publique ( bouleva",,,Plein jour,En agglomération,Giratoire,Normale,Autre collision,,,,,,,,,,,1,2,6,1.0,6
201400039960,0014-06-27 10:45:00,14,6,27,10,45,920,35,"47, Foch ( avenue )",,,Plein jour,En agglomération,Intersection en X,Normale,Autre collision,,,,,,,,,,,1,2,2,1.0,6
201400039961,0014-07-22 11:15:00,14,7,22,11,15,920,35,"91, National ( boulevard",,,Plein jour,En agglomération,Hors intersection,Normale,Autre collision,,,,,,,,,,,1,2,1,1.0,6
201400039962,0014-08-05 21:54:00,14,8,5,21,54,920,35,"77, National ( boulevard",,,Nuit avec éclairage allumé,En agglomération,Hors intersection,Normale,Deux véhicules - côté,,,,,,,,,,,5,2,1,1.0,3
201400039963,0014-08-07 09:05:00,14,8,7,9,5,920,35,"41, National ( boulevard",,,Plein jour,En agglomération,Hors intersection,Pluie légère,Deux véhicules - côté,,,,,,,,,,,1,2,1,2.0,3
201400039964,0014-08-29 08:30:00,14,8,29,8,30,920,35,"25, Arriv?e ( rue de l'",,,Plein jour,En agglomération,Hors intersection,Pluie légère,Trois véhicules et plus - en chaîne,,,,,,,,,,,1,2,1,2.0,4
201400039965,0014-09-19 20:05:00,14,9,19,20,5,920,35,"13, Verdun 1916 ( avenue",,,Crépuscule ou aube,En agglomération,Intersection en X,Normale,Deux véhicules - côté,,,,,,,,,,,2,2,2,1.0,3
201400039966,0014-09-26 17:35:00,14,9,26,17,35,920,35,"102, G?n?ral de Gaulle",,,Plein jour,En agglomération,Hors intersection,Normale,Deux véhicules - arrière,,,,,,,,,,,1,2,1,1.0,2
201400039967,0014-09-23 10:55:00,14,9,23,10,55,920,35,"55, R?publique ( bouleva",,,Plein jour,En agglomération,Hors intersection,Normale,Autre collision,,,,,,,,,,,1,2,1,1.0,6
201400039968,0014-10-03 21:00:00,14,10,3,21,0,920,35,"52, R?publique ( bouleva",,,Nuit avec éclairage allumé,En agglomération,Giratoire,Normale,Sans collision,,,,,,,,,,,5,2,6,1.0,7
201400039969,0014-09-30 12:35:00,14,9,30,12,35,920,35,"35, Verdun 1916 ( avenue",,,Plein jour,En agglomération,Intersection en X,Normale,Autre collision,,,,,,,,,,,1,2,2,1.0,6
201400039970,0014-10-30 20:35:00,14,10,30,20,35,920,35,"39, National ( boulevard",,,Nuit avec éclairage allumé,En agglomération,Hors intersection,Normale,Autre collision,,,,,,,,,,,5,2,1,1.0,6
201400039971,0014-11-06 19:10:00,14,11,6,19,10,920,35,Belgique ( Place de ),,,Nuit avec éclairage allumé,En agglomération,Place,Normale,Deux véhicules - côté,,,,,,,,,,,5,2,7,1.0,3
201400039972,0014-10-21 08:15:00,14,10,21,8,15,920,35,"31, R?publique ( bouleva",,,Plein jour,En agglomération,Giratoire,Normale,Deux véhicules - côté,,,,,,,,,,,1,2,6,1.0,3
201400039973,0014-11-26 21:38:00,14,11,26,21,38,920,35,"15, Verdun 1916 ( avenue",,,Nuit sans éclairage public,En agglomération,Hors intersection,Normale,Autre collision,,,,,,,,,,,3,2,1,1.0,6
201400039974,0014-11-04 08:25:00,14,11,4,8,25,920,35,"11, Foch ( avenue )",,,Plein jour,En agglomération,Intersection en X,Normale,Deux véhicules - côté,,,,,,,,,,,1,2,2,1.0,3
201400039975,0014-11-05 07:45:00,14,11,5,7,45,920,35,"15, R?publique ( bouleva",,,Crépuscule ou aube,En agglomération,Intersection à plus de 4 branches,Normale,Deux véhicules - frontale,,,,,,,,,,,2,2,5,1.0,1
201400039976,0014-12-15 09:00:00,14,12,15,9,0,920,35,"6, Verdun 1916 ( avenue",,,Crépuscule ou aube,En agglomération,Intersection en T,Normale,Autre collision,,,,,,,,,,,2,2,3,1.0,6
201400039977,0014-11-08 17:10:00,14,11,8,17,10,920,35,"34, G?n?ral de Gaulle  (",,,Plein jour,En agglomération,Intersection à plus de 4 branches,Normale,Autre collision,,,,,,,,,,,1,2,5,1.0,6
201400039978,0014-11-13 08:55:00,14,11,13,8,55,920,35,"44, National ( boulevard",,,Plein jour,En agglomération,Intersection en T,Normale,Deux véhicules - côté,,,,,,,,,,,1,2,3,1.0,3
201400039979,0014-01-13 08:10:00,14,1,13,8,10,920,36,"0, COUTURE D'AUXERRE (RU",,,Crépuscule ou aube,En agglomération,Intersection en X,Normale,Autre collision,,,,,,,,,,,2,2,2,1.0,6
201400039980,0014-01-13 18:25:00,14,1,13,18,25,920,36,"40, LOUIS ROCHE (AVENUE)",,,Nuit avec éclairage allumé,En agglomération,Hors intersection,Normale,Autre collision,,,,,,,,,,,5,2,1,1.0,6
201400039981,0014-01-17 09:48:00,14,1,17,9,48,920,36,"0, GRESILLONS (AVENUE DE",,,Plein jour,En agglomération,Intersection en T,Normale,Deux véhicules - côté,,,,,,,,,,,1,2,3,1.0,3
201400039982,0014-01-28 13:00:00,14,1,28,13,0,920,36,"10, GENERAL DE GAULLE (A",,,Plein jour,En agglomération,Hors intersection,Normale,Autre collision,,,,,,,,,,,1,2,1,1.0,6
201400039983,0014-01-30 07:15:00,14,1,30,7,15,920,36,"0, PRINCIPALE DU PORT (R",,,Plein jour,En agglomération,Giratoire,Normale,Autre collision,,,,,,,,,,,1,2,6,1.0,6
201400039984,0014-01-31 13:45:00,14,1,31,13,45,920,36,"0, PONT D'ARGENTEUIL (RU",,,Plein jour,En agglomération,Hors intersection,Normale,Deux véhicules - arrière,,,,,,,,,,,1,2,1,1.0,2
201400039985,0014-01-31 21:05:00,14,1,31,21,5,920,36,"0, LOUIS ROCHE (AVENUE)",,,Nuit avec éclairage allumé,En agglomération,Intersection en T,Pluie légère,Deux véhicules - côté,,,,,,,,,,,5,2,3,2.0,3
201400039986,0014-02-01 20:15:00,14,2,1,20,15,920,36,"0, Pont des s?vines (A11",,,Nuit avec éclairage allumé,Hors agglomération,Hors intersection,Normale,Deux véhicules - arrière,,,,,,,,,,,5,1,1,1.0,2
201400039987,0014-02-02 22:35:00,14,2,2,22,35,920,36,"103, GABRIEL PERI (AVENU",,,Nuit avec éclairage allumé,En agglomération,Hors intersection,Normale,Autre collision,,,,,,,,,,,5,2,1,1.0,6
201400039988,0014-02-03 20:55:00,14,2,3,20,55,920,36,"64, JEAN JAURES (RUE) (2",,,Nuit avec éclairage allumé,En agglomération,Hors intersection,Normale,Sans collision,,,,,,,,,,,5,2,1,1.0,7
201400039989,0014-02-04 18:10:00,14,2,4,18,10,920,36,", GENERAL DE GAULLE (AVE",,,Nuit avec éclairage allumé,En agglomération,Intersection en T,Normale,Autre collision,,,,,,,,,,,5,2,3,1.0,6
201400039990,0014-02-07 19:05:00,14,2,7,19,5,920,36,"61, GABRIEL PERI (AVENUE",,,Nuit avec éclairage allumé,En agglomération,Hors intersection,Normale,Autre collision,,,,,,,,,,,5,2,1,1.0,6
201400039991,0014-02-15 23:40:00,14,2,15,23,40,920,36,"48, COUTURE D'AUXERRE (R",,,Nuit avec éclairage allumé,En agglomération,Hors intersection,Normale,Sans collision,,,,,,,,,,,5,2,1,1.0,7
201400039992,0014-03-03 17:20:00,14,3,3,17,20,920,36,"76, GENERAL DE GAULLE (A",,,Plein jour,En agglomération,Hors intersection,Normale,Sans collision,,,,,,,,,,,1,2,1,1.0,7
201400039993,0014-03-08 15:20:00,14,3,8,15,20,920,36,"0, PRINCIPALE DU PORT (R",,,Plein jour,En agglomération,Hors intersection,Normale,Autre collision,,,,,,,,,,,1,2,1,1.0,6
201400039994,0014-03-09 18:40:00,14,3,9,18,40,920,36,"19, PRINCIPALE DU PORT (",,,Plein jour,En agglomération,Hors intersection,Normale,Sans collision,,,,,,,,,,,1,2,1,1.0,7
201400039995,0014-03-13 12:05:00,14,3,13,12,5,920,36,"9, PRINCIPALE DU PORT (R",,,Plein jour,En agglomération,Hors intersection,Normale,Sans collision,,,,,,,,,,,1,2,1,1.0,7
201400039996,0014-03-17 14:30:00,14,3,17,14,30,920,36,"0, PRINCIPALE DU PORT (R",,,Plein jour,En agglomération,Intersection en X,Normale,Deux véhicules - côté,,,,,,,,,,,1,2,2,1.0,3
201400039997,0014-03-20 13:00:00,14,3,20,13,0,920,36,"55, GRESILLONS (AVENUE D",,,Plein jour,En agglomération,Intersection en T,Normale,Autre collision,,,,,,,,,,,1,2,3,1.0,6
201400039998,0014-03-23 19:25:00,14,3,23,19,25,920,36,"32, BEAUMARCHAIS (BOULEV",,,Nuit avec éclairage allumé,En agglomération,Hors intersection,Normale,Autre collision,,,,,,,,,,,5,2,1,1.0,6
201400039999,0014-04-02 16:00:00,14,4,2,16,0,920,36,"112, GENERAL DE GAULLE (",,,Plein jour,En agglomération,Hors intersection,Normale,Autre collision,,,,,,,,,,,1,2,1,1.0,6
201400040000,0014-04-03 14:00:00,14,4,3,14,0,920,36,"0, PIERRE TIMBAUD (RUE)",,,Plein jour,En agglomération,Intersection en X,Normale,Autre collision,,,,,,,,,,,1,2,2,1.0,6
201400040001,0014-04-07 17:20:00,14,4,7,17,20,920,36,"21/23, LOUIS CALMEL (RUE",,,Plein jour,En agglomération,Hors intersection,Normale,Autre collision,,,,,,,,,,,1,2,1,1.0,6
201400040002,0014-04-08 09:10:00,14,4,8,9,10,920,36,"0, CAMELINAT (BOULEVARD)",,,Plein jour,En agglomération,Hors intersection,Normale,Autre collision,,,,,,,,,,,1,2,1,1.0,6
201400040003,0014-04-09 13:10:00,14,4,9,13,10,920,36,"0, LOUIS CALMEL (RUE) (1",,,Plein jour,En agglomération,Intersection en X,Normale,Sans collision,,,,,,,,,,,1,2,2,1.0,7
201400040004,0014-04-27 13:52:00,14,4,27,13,52,920,36,"51, CHEVRINS (RUE DES) (",,,Plein jour,En agglomération,Hors intersection,Normale,Autre collision,,,,,,,,,,,1,2,1,1.0,6
201400040005,0014-04-27 17:15:00,14,4,27,17,15,920,36,"62, PRINCIPALE DU PORT (",,,Plein jour,En agglomération,Hors intersection,Normale,Sans collision,,,,,,,,,,,1,2,1,1.0,7
201400040006,0014-05-03 17:45:00,14,5,3,17,45,920,36,"26, LOUIS CALMEL (RUE) (",,,Plein jour,En agglomération,Hors intersection,Normale,Autre collision,,,,,,,,,,,1,2,1,1.0,6
201400040007,0014-05-06 18:10:00,14,5,6,18,10,920,36,"0, GENEAL DE GAULLE (AVE",,,Plein jour,En agglomération,Intersection en T,Normale,Deux véhicules - frontale,,,,,,,,,,,1,2,3,1.0,1
201400040008,0014-05-07 12:25:00,14,5,7,12,25,920,36,"0, LOUIS ROCHE (AVENUE)",,,Plein jour,En agglomération,Intersection en T,Pluie forte,Sans collision,,,,,,,,,,,1,2,3,3.0,7
201400040009,0014-05-29 14:30:00,14,5,29,14,30,920,36,"0, CHANDON (AVENUE) (1/6",,,Plein jour,En agglomération,Intersection en X,Normale,Sans collision,,,,,,,,,,,1,2,2,1.0,7
201400040010,0014-06-07 13:55:00,14,6,7,13,55,920,36,"0, PIERRE TIMBAUD (RUE)",,,Plein jour,En agglomération,Intersection en T,Normale,Sans collision,,,,,,,,,,,1,2,3,1.0,7
201400040011,0014-06-07 15:50:00,14,6,7,15,50,920,36,"0, LUCIEN LANTERNIER (AV",,,Plein jour,En agglomération,Intersection en T,Normale,Deux véhicules - côté,,,,,,,,,,,1,2,3,1.0,3
201400040012,0014-06-08 20:20:00,14,6,8,20,20,920,36,"16, EUGENE DELACROIX (RU",,,Plein jour,En agglomération,Hors intersection,Normale,Autre collision,,,,,,,,,,,1,2,1,1.0,6
201400040013,0014-06-12 11:30:00,14,6,12,11,30,920,36,"11, GRESILLONS (QUAI DES",,,Plein jour,En agglomération,Hors intersection,Normale,Deux véhicules - arrière,,,,,,,,,,,1,2,1,1.0,2
201400040014,0014-06-16 14:55:00,14,6,16,14,55,920,36,"0, GENERAL DE GAULLE (AV",,,Plein jour,En agglomération,Giratoire,Normale,Autre collision,,,,,,,,,,,1,2,6,1.0,6
201400040015,0014-06-17 23:05:00,14,6,17,23,5,920,36,"95, BAS (RUE DES) (78 &",,,Nuit avec éclairage allumé,En agglomération,Hors intersection,Normale,Autre collision,,,,,,,,,,,5,2,1,1.0,6
201400040016,0014-06-20 20:30:00,14,6,20,20,30,920,36,"0, LUCIEN LANTERNIER (AV",,,Plein jour,En agglomération,Intersection en T,Pluie légère,Autre collision,,,,,,,,,,,1,2,3,2.0,6
201400040017,0014-06-24 11:35:00,14,6,24,11,35,920,36,"0, BOULEVARD INTERCOMMUN",,,Plein jour,Hors agglomération,Intersection en X,Normale,Autre collision,,,,,,,,,,,1,1,2,1.0,6
201400040018,0014-06-27 10:45:00,14,6,27,10,45,920,36,"0, PRINCIPALE DU PORT (R",,,Plein jour,En agglomération,Hors intersection,Normale,Deux véhicules - arrière,,,,,,,,,,,1,2,1,1.0,2
201400040019,0014-06-29 10:45:00,14,6,29,10,45,920,36,"0, GENEAL DE GAULLE (AVE",,,Plein jour,En agglomération,Intersection en X,Pluie légère,Sans collision,,,,,,,,,,,1,2,2,2.0,7
201400040020,0014-06-30 18:10:00,14,6,30,18,10,920,36,"0, LOUIS CALMEL (RUE) (1",,,Plein jour,En agglomération,Giratoire,Normale,Autre collision,,,,,,,,,,,1,2,6,1.0,6
201400040021,0014-07-01 19:45:00,14,7,1,19,45,920,36,"21-23, LOUIS CALMEL (RUE",,,Plein jour,En agglomération,Hors intersection,Normale,Sans collision,,,,,,,,,,,1,2,1,1.0,7
201400040022,0014-07-02 15:50:00,14,7,2,15,50,920,36,"52, GENERAL DE GAULLE (A",,,Plein jour,En agglomération,Hors intersection,Normale,Deux véhicules - arrière,,,,,,,,,,,1,2,1,1.0,2
201400040023,0014-07-02 15:50:00,14,7,2,15,50,920,36,"0, MOULIN DE CAGE (QUAI",,,Plein jour,En agglomération,Hors intersection,Normale,Trois véhicules et plus - en chaîne,,,,,,,,,,,1,2,1,1.0,4
201400040024,0014-07-06 06:45:00,14,7,6,6,45,920,36,"0, CAMELINAT (BOULEVARD)",,,Plein jour,En agglomération,Intersection en T,Normale,Sans collision,,,,,,,,,,,1,2,3,1.0,7
201400040025,0014-07-06 14:05:00,14,7,6,14,5,920,36,"0, PIERRE TIMBAUD (ROND",,,Plein jour,En agglomération,Giratoire,Pluie forte,Sans collision,,,,,,,,,,,1,2,6,3.0,7
201400040026,0014-07-07 09:20:00,14,7,7,9,20,920,36,"0, LOUIS ROCHE (AVENUE)",,,Plein jour,En agglomération,Intersection en T,Normale,Deux véhicules - arrière,,,,,,,,,,,1,2,3,1.0,2
201400040027,0014-07-09 22:00:00,14,7,9,22,0,920,36,"0, CHEVRINS (RUE DES) (2",,,Nuit avec éclairage allumé,En agglomération,Intersection en X,Normale,Autre collision,,,,,,,,,,,5,2,2,1.0,6
201400040028,0014-07-15 17:10:00,14,7,15,17,10,920,36,"0, BAS (RUE DES) (78 & +",,,Plein jour,En agglomération,Hors intersection,Normale,Sans collision,,,,,,,,,,,1,2,1,1.0,7
201400040029,0014-07-18 17:25:00,14,7,18,17,25,920,36,"0, GENEAL DE GAULLE (AVE",,,Plein jour,En agglomération,Intersection en T,Normale,Autre collision,,,,,,,,,,,1,2,3,1.0,6
201400040030,0014-07-21 10:05:00,14,7,21,10,5,920,36,"0, GEORGES CORETE (RUE",,,Plein jour,En agglomération,Intersection en Y,Normale,Autre collision,,,,,,,,,,,1,2,4,1.0,6
201400040031,0014-07-25 18:10:00,14,7,25,18,10,920,36,"0, LAURENT CELY (AVENUE)",,,Plein jour,En agglomération,Intersection en T,Normale,Autre collision,,,,,,,,,,,1,2,3,1.0,6
201400040032,0014-07-28 16:50:00,14,7,28,16,50,920,36,"5, LUCIEN LANTERNIER (AV",,,Plein jour,En agglomération,Hors intersection,Normale,Autre collision,,,,,,,,,,,1,2,1,1.0,6
201400040033,0014-07-29 12:15:00,14,7,29,12,15,920,36,"0, FULGENCE BIENVENUE (R",,,Plein jour,En agglomération,Intersection en T,Normale,Deux véhicules - frontale,,,,,,,,,,,1,2,3,1.0,1
201400040034,0014-08-01 13:15:00,14,8,1,13,15,920,36,"55, PIERRE TIMBAUD (RUE)",,,Plein jour,En agglomération,Hors intersection,Normale,Sans collision,,,,,,,,,,,1,2,1,1.0,7
201400040035,0014-08-01 17:20:00,14,8,1,17,20,920,36,"0, LOUIS ROCHE (AVENUE)",,,Plein jour,En agglomération,Intersection en X,Normale,Sans collision,,,,,,,,,,,1,2,2,1.0,7
201400040036,0014-08-17 00:20:00,14,8,17,0,20,920,36,"0, LOUIS CALMEL (RUE) (1",,,Nuit avec éclairage allumé,En agglomération,Hors intersection,Normale,Autre collision,,,,,,,,,,,5,2,1,1.0,6
201400040037,0014-08-21 15:20:00,14,8,21,15,20,920,36,"177, GABRIEL PERI (AVENU",,,Plein jour,En agglomération,Hors intersection,Normale,Autre collision,,,,,,,,,,,1,2,1,1.0,6
201400040038,0014-08-23 21:35:00,14,8,23,21,35,920,36,"0, BOULEVARD INTERCOMMUN",,,Nuit avec éclairage allumé,En agglomération,Intersection en X,Normale,Deux véhicules - frontale,,,,,,,,,,,5,2,2,1.0,1
201400040039,0014-09-03 11:20:00,14,9,3,11,20,920,36,"0, GABRIEL PERI (AVENUE)",,,Plein jour,En agglomération,Intersection en X,Normale,Autre collision,,,,,,,,,,,1,2,2,1.0,6
201400040040,0014-09-04 13:00:00,14,9,4,13,0,920,36,"109, BAS (RUE DES) (78 &",,,Plein jour,En agglomération,Hors intersection,Normale,Autre collision,,,,,,,,,,,1,2,1,1.0,6