accident_id,datetime,annee,mois,jour,heure,minute,departement,commune_insee,adresse,latitude,longitude,luminosite,agglomeration,intersection,meteo,collision,nb_vehicules,nb_usagers,nb_indemnes,nb_tues,nb_blesses_hosp,nb_blesses_legers,age_cond_1,age_cond_2,veh_type_cond_1,veh_type_cond_2,lum_code,agg_code,int_code,atm_code,col_code
201400040041,0014-09-05 06:10:00,14,9,5,6,10,920,36,"0, PRINCIPALE DU PORT (R",,,Crépuscule ou aube,En agglomération,Intersection en X,Normale,Deux véhicules - côté,,,,,,,,,,,2,2,2,1.0,3
201400040042,0014-09-10 01:35:00,14,9,10,1,35,920,36,"0, BONGARDE (RUE DE LA)",,,Nuit avec éclairage allumé,En agglomération,Intersection en X,Normale,Deux véhicules - côté,,,,,,,,,,,5,2,2,1.0,3
201400040043,0014-09-12 09:30:00,14,9,12,9,30,920,36,"19, PETITS MARAIS (CHEMI",,,Plein jour,En agglomération,Hors intersection,Normale,Autre collision,,,,,,,,,,,1,2,1,1.0,6
201400040044,0014-09-19 15:40:00,14,9,19,15,40,920,36,"0, CAMELINAT (BOULEVARD)",,,Plein jour,En agglomération,Intersection en T,Normale,Deux véhicules - côté,,,,,,,,,,,1,2,3,1.0,3
201400040045,0014-09-20 18:25:00,14,9,20,18,25,920,36,"0, MARCEL PAUL (AVENUE)",,,Plein jour,En agglomération,Hors intersection,Pluie forte,Sans collision,,,,,,,,,,,1,2,1,3.0,7
201400040046,0014-09-21 14:05:00,14,9,21,14,5,920,36,"0, LUCIEN LANTERNIER (AV",,,Plein jour,En agglomération,Giratoire,Normale,Deux véhicules - arrière,,,,,,,,,,,1,2,6,1.0,2
201400040047,0014-09-22 19:20:00,14,9,22,19,20,920,36,"27/41, LOUISE MICHEL (IM",,,Plein jour,En agglomération,Autre intersection,Normale,Deux véhicules - côté,,,,,,,,,,,1,2,9,1.0,3
201400040048,0014-10-01 08:20:00,14,10,1,8,20,920,36,"0, ARGENTEUIL (AVENUE D'",,,Plein jour,En agglomération,Hors intersection,Normale,Sans collision,,,,,,,,,,,1,2,1,1.0,7
201400040049,0014-10-01 08:25:00,14,10,1,8,25,920,36,"0, ARGENTEUIL (AVENUE D'",,,Plein jour,En agglomération,Hors intersection,Normale,Autre collision,,,,,,,,,,,1,2,1,1.0,6
201400040050,0014-10-01 20:15:00,14,10,1,20,15,920,36,"123, LAURENT CELY (AVENU",,,Plein jour,En agglomération,Hors intersection,Normale,Deux véhicules - arrière,,,,,,,,,,,1,2,1,1.0,2
201400040051,0014-10-08 11:50:00,14,10,8,11,50,920,36,"0, PRINCIPALE DU PORT (R",,,Plein jour,En agglomération,Intersection en X,Normale,Autre collision,,,,,,,,,,,1,2,2,1.0,6
201400040052,0014-10-10 16:15:00,14,10,10,16,15,920,36,"90, MARCEL PAUL (AVENUE)",,,Plein jour,En agglomération,Hors intersection,Normale,Autre collision,,,,,,,,,,,1,2,1,1.0,6
201400040053,0014-10-19 01:25:00,14,10,19,1,25,920,36,MOULIN DE CAGE (RUE DU),,,Nuit avec éclairage allumé,En agglomération,Intersection en X,Normale,Deux véhicules - côté,,,,,,,,,,,5,2,2,1.0,3
201400040054,0014-10-27 14:45:00,14,10,27,14,45,920,36,"107, MARCEL PAUL (AVENUE",,,Plein jour,En agglomération,Hors intersection,Normale,Deux véhicules - arrière,,,,,,,,,,,1,2,1,1.0,2
201400040055,0014-10-27 17:50:00,14,10,27,17,50,920,36,"94, VIEUX CHEMIN DE SAIN",,,Plein jour,En agglomération,Hors intersection,Normale,Sans collision,,,,,,,,,,,1,2,1,1.0,7
201400040056,0014-11-05 13:00:00,14,11,5,13,0,920,36,"0, PIERRE GRAINDORGE (RU",,,Plein jour,En agglomération,Hors intersection,Normale,Autre collision,,,,,,,,,,,1,2,1,1.0,6
201400040057,0014-11-06 17:30:00,14,11,6,17,30,920,36,"0, CHANDON (AVENUE) (1/6",,,Crépuscule ou aube,En agglomération,Intersection en X,Normale,Autre collision,,,,,,,,,,,2,2,2,1.0,6
201400040058,0014-11-10 19:50:00,14,11,10,19,50,920,36,"0, LOUIS ROCHE (AVENUE)",,,Nuit avec éclairage allumé,En agglomération,Intersection en T,Normale,Autre collision,,,,,,,,,,,5,2,3,1.0,6
201400040059,0014-11-12 13:50:00,14,11,12,13,50,920,36,"0, PIERRE DE COUBERTIN (",,,Plein jour,En agglomération,Giratoire,Normale,Deux véhicules - arrière,,,,,,,,,,,1,2,6,1.0,2
201400040060,0014-11-12 17:00:00,14,11,12,17,0,920,36,"0, BEAUMARCHAIS (BOULEVA",,,Plein jour,En agglomération,Intersection en X,Normale,Deux véhicules - côté,,,,,,,,,,,1,2,2,1.0,3
201400040061,0014-11-13 17:45:00,14,11,13,17,45,920,36,"24, LIBERATION (AVENUE D",,,Nuit avec éclairage allumé,En agglomération,Hors intersection,Normale,Autre collision,,,,,,,,,,,5,2,1,1.0,6
201400040062,0014-11-13 19:40:00,14,11,13,19,40,920,36,"0, MARCEL PAUL (AVENUE)",,,Nuit avec éclairage allumé,En agglomération,Giratoire,Normale,Deux véhicules - arrière,,,,,,,,,,,5,2,6,1.0,2
201400040063,0014-11-17 12:30:00,14,11,17,12,30,920,36,"18, PIERRE TIMBAUD (RUE)",,,Plein jour,En agglomération,Hors intersection,Pluie légère,Sans collision,,,,,,,,,,,1,2,1,2.0,7
201400040064,0014-11-17 21:50:00,14,11,17,21,50,920,36,"0, LAURENT CELY (AVENUE)",,,Nuit avec éclairage allumé,En agglomération,Intersection en X,Normale,Sans collision,,,,,,,,,,,5,2,2,1.0,7
201400040065,0014-11-21 14:05:00,14,11,21,14,5,920,36,"0, LOUISE MICHEL (PAIRS)",,,Plein jour,En agglomération,Intersection en T,Normale,Deux véhicules - côté,,,,,,,,,,,1,2,3,1.0,3
201400040066,0014-11-21 15:25:00,14,11,21,15,25,920,36,"0, MARCEL PAUL (AVENUE)",,,Plein jour,En agglomération,Intersection en T,Normale,Autre collision,,,,,,,,,,,1,2,3,1.0,6
201400040067,0014-11-26 18:10:00,14,11,26,18,10,920,36,"0, LOUIS ROCHE (AVENUE)",,,Nuit avec éclairage allumé,En agglomération,Intersection en T,Pluie légère,Deux véhicules - côté,,,,,,,,,,,5,2,3,2.0,3
201400040068,0014-12-03 18:00:00,14,12,3,18,0,920,36,"0, CABOEUFS (RUE DES) (5",,,Nuit avec éclairage allumé,En agglomération,Intersection en X,Normale,Deux véhicules - frontale,,,,,,,,,,,5,2,2,1.0,1
201400040069,0014-12-04 09:15:00,14,12,4,9,15,920,36,"0, GRESILLONS (QUAI DES)",,,Plein jour,En agglomération,Hors intersection,Normale,Deux véhicules - arrière,,,,,,,,,,,1,2,1,1.0,2
201400040070,0014-12-07 17:30:00,14,12,7,17,30,920,36,"0, LOUIS ROCHE (AVENUE)",,,Crépuscule ou aube,En agglomération,Intersection en X,Pluie légère,Sans collision,,,,,,,,,,,2,2,2,2.0,7
201400040071,0014-12-08 07:35:00,14,12,8,7,35,920,36,"0, LAURENT CELY (AVENUE)",,,Nuit avec éclairage allumé,En agglomération,Intersection en X,Normale,Sans collision,,,,,,,,,,,5,2,2,1.0,7
201400040072,0014-12-09 16:00:00,14,12,9,16,0,920,36,"10, GENERAL DE GAULLE (A",,,Plein jour,En agglomération,Hors intersection,Normale,Autre collision,,,,,,,,,,,1,2,1,1.0,6
201400040073,0014-12-12 18:20:00,14,12,12,18,20,920,36,"207, GRESILLONS (AVENUE",,,Nuit avec éclairage allumé,En agglomération,Hors intersection,Pluie légère,Autre collision,,,,,,,,,,,5,2,1,2.0,6
201400040074,0014-12-13 11:40:00,14,12,13,11,40,920,36,"169, LOUIS ROCHE (AVENUE",,,Plein jour,En agglomération,Hors intersection,Pluie forte,Deux véhicules - frontale,,,,,,,,,,,1,2,1,3.0,1
201400040075,0014-12-24 09:45:00,14,12,24,9,45,920,36,"0, LOUIS CASTEL (RUE) (1",,,Plein jour,En agglomération,Intersection en T,Normale,Autre collision,,,,,,,,,,,1,2,3,1.0,6
201400040076,0014-12-24 18:45:00,14,12,24,18,45,920,36,"0, DOCTEUR ROUX (PLACE D",,,Nuit avec éclairage allumé,En agglomération,Intersection en Y,Pluie légère,Autre collision,,,,,,,,,,,5,2,4,2.0,6
201400040077,0014-12-24 19:00:00,14,12,24,19,0,920,36,"11, LUCIEN LANTERNIER (A",,,Nuit avec éclairage allumé,En agglomération,Hors intersection,Pluie légère,Deux véhicules - arrière,,,,,,,,,,,5,2,1,2.0,2
201400040078,0014-12-25 21:40:00,14,12,25,21,40,920,36,"0, ARGENTEUIL (AVENUE D'",,,Nuit avec éclairage allumé,En agglomération,Intersection en X,Normale,Autre collision,,,,,,,,,,,5,2,2,1.0,6
201400040079,0014-12-30 16:30:00,14,12,30,16,30,920,36,"177, GABRIEL PERI (AVENU",,,Plein jour,En agglomération,Hors intersection,Normale,Autre collision,,,,,,,,,,,1,2,1,1.0,6
201400040080,0014-03-28 11:30:00,14,3,28,11,30,920,20,RUE DES BAS,,,Plein jour,En agglomération,Intersection en Y,Normale,Autre collision,,,,,,,,,,,1,2,4,1.0,6
201400040081,0014-01-06 18:15:00,14,1,6,18,15,920,40,STALINGRAD (QUAI DE),,,Nuit sans éclairage public,En agglomération,Intersection en T,Normale,Deux véhicules - côté,,,,,,,,,,,3,2,3,1.0,3
201400040082,0014-01-08 17:30:00,14,1,8,17,30,920,40,"62, CAMILLE DESMOULINS",,,Nuit avec éclairage allumé,En agglomération,Intersection en X,Normale,Deux véhicules - frontale,,,,,,,,,,,5,2,2,1.0,1
201400040083,0014-01-16 08:40:00,14,1,16,8,40,920,40,"97, RODIN (BOULEVARD)",,,Plein jour,En agglomération,Hors intersection,Pluie forte,Deux véhicules - côté,,,,,,,,,,,1,2,1,3.0,3
201400040084,0014-01-16 22:30:00,14,1,16,22,30,920,40,"99, PDT ROOSEVELT (QUAI",,,Nuit avec éclairage allumé,En agglomération,Hors intersection,Normale,Autre collision,,,,,,,,,,,5,2,1,1.0,6
201400040085,0014-01-14 08:50:00,14,1,14,8,50,920,40,"52, GABRIEL PERI",,,Plein jour,En agglomération,Intersection en T,Temps couvert,Deux véhicules - côté,,,,,,,,,,,1,2,3,8.0,3
201400040086,0014-11-17 20:00:00,14,11,17,20,0,920,40,GUYNEMER,,,Nuit avec éclairage allumé,En agglomération,Giratoire,Normale,Autre collision,,,,,,,,,,,5,2,6,1.0,6
201400040087,0014-01-16 09:15:00,14,1,16,9,15,920,40,"28, GAMBETTA (BOULEVARD)",,,Plein jour,En agglomération,Hors intersection,Pluie légère,Deux véhicules - côté,,,,,,,,,,,1,2,1,2.0,3
201400040088,0014-11-17 20:20:00,14,11,17,20,20,920,40,"16, ERNEST RENAN",,,Nuit avec éclairage allumé,En agglomération,Hors intersection,Pluie légère,Deux véhicules - côté,,,,,,,,,,,5,2,1,2.0,3
201400040089,0014-11-18 20:30:00,14,11,18,20,30,920,40,GALLIENI (BOULEVARD),,,Nuit avec éclairage allumé,En agglomération,Intersection en T,Pluie légère,Deux véhicules - arrière,,,,,,,,,,,5,2,3,2.0,2
201400040090,0014-11-24 09:00:00,14,11,24,9,0,920,40,"4, ARISTIDE BRIAND",,,Plein jour,En agglomération,Hors intersection,Pluie légère,Autre collision,,,,,,,,,,,1,2,1,2.0,6
201400040091,0014-11-27 23:15:00,14,11,27,23,15,920,40,"45, PDT ROOSEVELT (QUAI",,,Nuit avec éclairage allumé,En agglomération,Hors intersection,Normale,Deux véhicules - arrière,,,,,,,,,,,5,2,1,1.0,2
201400040092,0014-01-20 16:30:00,14,1,20,16,30,920,40,GOUVERNEUR GAL EBOUE DU,,,Plein jour,En agglomération,Giratoire,Pluie légère,Autre collision,,,,,,,,,,,1,2,6,2.0,6
201400040093,0014-01-27 14:50:00,14,1,27,14,50,920,40,"245, STALINGRAD (QUAI DE",,,Plein jour,En agglomération,Hors intersection,Vent fort / tempête,Deux véhicules - côté,,,,,,,,,,,1,2,1,6.0,3
201400040094,0014-12-03 18:15:00,14,12,3,18,15,920,40,"70/72, GOUVERNEUR GAL EB",,,Nuit avec éclairage non allumé,En agglomération,Intersection en X,Normale,Autre collision,,,,,,,,,,,4,2,2,1.0,6
201400040095,0014-12-11 07:50:00,14,12,11,7,50,920,40,"65, RODIN (BOULEVARD)",,,Crépuscule ou aube,En agglomération,Hors intersection,Temps couvert,Deux véhicules - frontale,,,,,,,,,,,2,2,1,8.0,1
201400040096,0014-12-13 20:45:00,14,12,13,20,45,920,40,GALLIENI (BOULEVARD),,,Nuit avec éclairage allumé,En agglomération,Intersection en X,Normale,Deux véhicules - côté,,,,,,,,,,,5,2,2,1.0,3
201400040097,0014-12-15 18:10:00,14,12,15,18,10,920,40,DEFENSE (DE LA),,,Nuit avec éclairage non allumé,En agglomération,Giratoire,Pluie légère,Sans collision,,,,,,,,,,,4,2,6,2.0,7
201400040098,0014-12-17 17:40:00,14,12,17,17,40,920,40,"21, LASSERRE",,,Nuit avec éclairage allumé,En agglomération,Hors intersection,Pluie légère,Sans collision,,,,,,,,,,,5,2,1,2.0,7
201400040099,0014-01-31 15:35:00,14,1,31,15,35,920,40,"115, VERDUN (AVENUE DE)",,,Plein jour,En agglomération,Hors intersection,Normale,Autre collision,,,,,,,,,,,1,2,1,1.0,6
201400040100,0014-02-04 11:40:00,14,2,4,11,40,920,40,"33, JEAN-PIERRE TIMBAUD",,,Plein jour,En agglomération,Hors intersection,Normale,Autre collision,,,,,,,,,,,1,2,1,1.0,6
201400040101,0014-02-03 21:00:00,14,2,3,21,0,920,40,"XX, PAUL-VAILLANT COUTUR",,,Nuit sans éclairage public,En agglomération,Intersection en X,Normale,Deux véhicules - côté,,,,,,,,,,,3,2,2,1.0,3
201400040102,0014-02-15 13:00:00,14,2,15,13,0,920,40,"9, ABBE DERRY (DE L')",,,Plein jour,En agglomération,Hors intersection,Normale,Autre collision,,,,,,,,,,,1,2,1,1.0,6
201400040103,0014-02-13 12:30:00,14,2,13,12,30,920,40,"25, GABRIEL PERI",,,Plein jour,En agglomération,Hors intersection,Pluie légère,Autre collision,,,,,,,,,,,1,2,1,2.0,6
201400040104,0014-02-14 10:50:00,14,2,14,10,50,920,40,"103, PDT ROOSEVELT (QUAI",,,Plein jour,En agglomération,Hors intersection,Pluie légère,Deux véhicules - frontale,,,,,,,,,,,1,2,1,2.0,1
201400040105,0014-02-26 16:15:00,14,2,26,16,15,920,40,"15, AUGUSTE GERVAIS",,,Plein jour,En agglomération,Hors intersection,Normale,Sans collision,,,,,,,,,,,1,2,1,1.0,7
201400040106,0014-03-04 09:05:00,14,3,4,9,5,920,40,"27, ARISTIDE BRIAND",,,Plein jour,En agglomération,Intersection en T,Normale,Deux véhicules - arrière,,,,,,,,,,,1,2,3,1.0,2
201400040107,0014-03-13 09:45:00,14,3,13,9,45,920,40,"60, GALLIENI (BOULEVARD)",,,Plein jour,En agglomération,Hors intersection,Normale,Trois véhicules et plus - en chaîne,,,,,,,,,,,1,2,1,1.0,4
201400040108,0014-03-07 09:45:00,14,3,7,9,45,920,40,"xx, 11 NOVEMBRE 1918 (PL",,,Plein jour,En agglomération,Place,Normale,Deux véhicules - côté,,,,,,,,,,,1,2,7,1.0,3
201400040109,0014-04-01 19:45:00,14,4,1,19,45,920,40,"23, ARISTIDE BRIAND",,,Plein jour,En agglomération,Hors intersection,Normale,Deux véhicules - arrière,,,,,,,,,,,1,2,1,1.0,2
201400040110,0014-04-11 18:30:00,14,4,11,18,30,920,40,"40 BIS, ERNEST RENAN",,,Plein jour,En agglomération,Hors intersection,Normale,Autre collision,,,,,,,,,,,1,2,1,1.0,6
201400040111,0014-03-26 08:15:00,14,3,26,8,15,920,40,"93 BIS, GENERAL DE GAULL",,,Plein jour,En agglomération,Hors intersection,Normale,Deux véhicules - côté,,,,,,,,,,,1,2,1,1.0,3
201400040112,0014-03-26 08:30:00,14,3,26,8,30,920,40,GALLIENI (BOULEVARD),,,Plein jour,En agglomération,Intersection en T,Normale,Deux véhicules - côté,,,,,,,,,,,1,2,3,1.0,3
201400040113,0014-03-28 19:40:00,14,3,28,19,40,920,40,"35, GALLIENI (BOULEVARD)",,,Nuit avec éclairage allumé,En agglomération,Hors intersection,Normale,Trois véhicules et plus - collisions multiples,,,,,,,,,,,5,2,1,1.0,5
201400040114,0014-04-15 13:20:00,14,4,15,13,20,920,40,"32, JEAN-PIERRE TIMBAUD",,,Plein jour,En agglomération,Intersection en T,Normale,Autre collision,,,,,,,,,,,1,2,3,1.0,6
201400040115,0014-04-30 13:10:00,14,4,30,13,10,920,40,FRERES VOISIN (BOULEVARD,,,Plein jour,En agglomération,Intersection en T,Normale,Deux véhicules - côté,,,,,,,,,,,1,2,3,1.0,3
201400040116,0014-05-06 11:45:00,14,5,6,11,45,920,40,"31, GAMBETTA (BOULEVARD)",,,Plein jour,En agglomération,Hors intersection,Normale,Sans collision,,,,,,,,,,,1,2,1,1.0,7
201400040117,0014-04-11 18:45:00,14,4,11,18,45,920,40,"20, ROUGET DE L'ISLE",,,Plein jour,En agglomération,Hors intersection,Normale,Autre collision,,,,,,,,,,,1,2,1,1.0,6
201400040118,0014-05-15 14:20:00,14,5,15,14,20,920,40,ARISTIDE BRIAND,,,Plein jour,En agglomération,Hors intersection,Normale,Deux véhicules - côté,,,,,,,,,,,1,2,1,1.0,3
201400040119,0014-04-05 13:50:00,14,4,5,13,50,920,40,"29 BIS, GARIBALDI (BOULE",,,Plein jour,En agglomération,Intersection en T,Normale,Autre collision,,,,,,,,,,,1,2,3,1.0,6
201400040120,0014-05-18 09:00:00,14,5,18,9,0,920,40,"58, JEAN-PIERRE TIMBAUD",,,Plein jour,En agglomération,Hors intersection,Normale,Autre collision,,,,,,,,,,,1,2,1,1.0,6
201400040121,0014-04-09 22:30:00,14,4,9,22,30,920,40,"34, GAMBETTA (BOULEVARD)",,,Nuit avec éclairage allumé,En agglomération,Hors intersection,Normale,Autre collision,,,,,,,,,,,5,2,1,1.0,6
201400040122,0014-03-31 09:48:00,14,3,31,9,48,920,40,"XX, SABLONS (ALLEE DES)",,,Plein jour,En agglomération,Hors intersection,Normale,Sans collision,,,,,,,,,,,1,2,1,1.0,7
201400040123,0014-04-25 21:50:00,14,4,25,21,50,920,40,"37, BOURGAIN (AVENE)",,,Nuit avec éclairage allumé,En agglomération,Hors intersection,Pluie légère,Deux véhicules - côté,,,,,,,,,,,5,2,1,2.0,3
201400040124,0014-04-30 14:55:00,14,4,30,14,55,920,40,"19, GAMBETTA (BOULEVARD)",,,Plein jour,En agglomération,Hors intersection,Normale,Autre collision,,,,,,,,,,,1,2,1,1.0,6
201400040125,0014-05-09 09:50:00,14,5,9,9,50,920,40,PDT ROOSEVELT (QUAI DU),,,Plein jour,En agglomération,Intersection en T,Normale,Deux véhicules - arrière,,,,,,,,,,,1,2,3,1.0,2
201400040126,0014-05-14 14:20:00,14,5,14,14,20,920,40,"109, VERDUN (AVENUE DE)",,,Plein jour,En agglomération,Hors intersection,Normale,Deux véhicules - côté,,,,,,,,,,,1,2,1,1.0,3
201400040127,0014-05-26 20:50:00,14,5,26,20,50,920,40,STALINGRAD (QUAI DE),,,Plein jour,En agglomération,Intersection en T,Normale,Autre collision,,,,,,,,,,,1,2,3,1.0,6
201400040128,0014-06-06 13:45:00,14,6,6,13,45,920,40,"13, DEFENSE (DE LA)",,,Plein jour,En agglomération,Hors intersection,Normale,Autre collision,,,,,,,,,,,1,2,1,1.0,6
201400040129,0014-05-22 07:40:00,14,5,22,7,40,920,40,VERDUN (AVENUE DE) DU 83,,,Plein jour,En agglomération,Intersection en X,Normale,Autre collision,,,,,,,,,,,1,2,2,1.0,6
201400040130,0014-06-18 13:00:00,14,6,18,13,0,920,40,"55, GALLIENI (BOULEVARD)",,,Plein jour,En agglomération,Intersection en X,Normale,Trois véhicules et plus - en chaîne,,,,,,,,,,,1,2,2,1.0,4
201400040131,0014-06-25 19:20:00,14,6,25,19,20,920,40,"23, HENRI TARIEL",,,Plein jour,En agglomération,Hors intersection,Normale,Autre collision,,,,,,,,,,,1,2,1,1.0,6
201400040132,0014-06-19 09:55:00,14,6,19,9,55,920,40,"28, GAMBETTA (BOULEVARD)",,,Plein jour,En agglomération,Intersection en T,Normale,Autre collision,,,,,,,,,,,1,2,3,1.0,6
201400040133,0014-06-14 14:10:00,14,6,14,14,10,920,40,"48, EREVAN (D')",,,Plein jour,En agglomération,Hors intersection,Normale,Autre collision,,,,,,,,,,,1,2,1,1.0,6
201400040134,0014-07-04 15:15:00,14,7,4,15,15,920,40,MINARD,,,Plein jour,En agglomération,Hors intersection,Normale,Autre collision,,,,,,,,,,,1,2,1,1.0,6
201400040135,0014-06-25 07:00:00,14,6,25,7,0,920,40,PONT D ISSY,,,Plein jour,En agglomération,Intersection en T,Normale,Deux véhicules - côté,,,,,,,,,,,1,2,3,1.0,3
201400040136,0014-06-17 09:10:00,14,6,17,9,10,920,40,"118, VERDUN (AVENUE DE)",,,Plein jour,En agglomération,Hors intersection,Normale,Autre collision,,,,,,,,,,,1,2,1,1.0,6
201400040137,0014-06-02 20:20:00,14,6,2,20,20,920,40,GOUVERNEUR GAL EBOUE DU,,,Plein jour,En agglomération,Intersection en X,Normale,Autre collision,,,,,,,,,,,1,2,2,1.0,6
201400040138,0014-07-02 18:38:00,14,7,2,18,38,920,40,"5, GALLIENI (BOULEVARD)",,,Plein jour,En agglomération,Hors intersection,Normale,Deux véhicules - côté,,,,,,,,,,,1,2,1,1.0,3
201400040139,0014-06-03 05:40:00,14,6,3,5,40,920,40,"xx, PAIX (AVENUE DE LA)",,,Crépuscule ou aube,En agglomération,Intersection en X,Normale,Deux véhicules - côté,,,,,,,,,,,2,2,2,1.0,3
201400040140,0014-06-24 17:10:00,14,6,24,17,10,920,40,"5, GENERAL LECLERC",,,Plein jour,En agglomération,Hors intersection,Normale,Trois véhicules et plus - collisions multiples,,,,,,,,,,,1,2,1,1.0,5
201400040141,0014-06-28 09:40:00,14,6,28,9,40,920,40,VICTOR HUGO (ROND-POINT),,,Plein jour,En agglomération,Intersection en X,Normale,Sans collision,,,,,,,,,,,1,2,2,1.0,7
201400040142,0014-06-07 15:15:00,14,6,7,15,15,920,40,RESISTANCE (PLACE DE LA),,,Plein jour,En agglomération,Giratoire,Normale,Deux véhicules - côté,,,,,,,,,,,1,2,6,1.0,3
201400040143,0014-08-07 13:00:00,14,8,7,13,0,920,40,GENERAL DE GAULLE (AVE D,,,Plein jour,En agglomération,Intersection en X,Pluie forte,Autre collision,,,,,,,,,,,1,2,2,3.0,6
201400040144,0014-08-08 01:10:00,14,8,8,1,10,920,40,"267, STALINGRAD (QUAI DE",,,Nuit avec éclairage non allumé,En agglomération,Hors intersection,Normale,Deux véhicules - arrière,,,,,,,,,,,4,2,1,1.0,2
201400040145,0014-07-24 10:30:00,14,7,24,10,30,920,40,"26, JEAN JACQUES ROUSSEA",,,Plein jour,En agglomération,Hors intersection,Normale,Autre collision,,,,,,,,,,,1,2,1,1.0,6
201400040146,0014-07-05 13:10:00,14,7,5,13,10,920,40,"3, ARISTIDE BRIAND",,,Plein jour,En agglomération,Hors intersection,Pluie légère,Deux véhicules - côté,,,,,,,,,,,1,2,1,2.0,3
201400040147,0014-01-02 17:00:00,14,1,2,17,0,920,40,"xx, GAMBETTA (BOULEVARD)",,,Crépuscule ou aube,En agglomération,Intersection en T,Normale,Sans collision,,,,,,,,,,,2,2,3,1.0,7
201400040148,0014-07-24 20:15:00,14,7,24,20,15,920,40,"130, VERDUN (AVENUE DE)",,,Plein jour,En agglomération,Hors intersection,Normale,Deux véhicules - côté,,,,,,,,,,,1,2,1,1.0,3
201400040149,0014-09-02 08:20:00,14,9,2,8,20,920,40,CAMILLE DESMOULINS,,,Plein jour,En agglomération,Intersection en T,Normale,Autre collision,,,,,,,,,,,1,2,3,1.0,6
201400040150,0014-09-16 10:10:00,14,9,16,10,10,920,40,CAMILLE DESMOULINS,,,Plein jour,En agglomération,Intersection en T,Normale,Deux véhicules - côté,,,,,,,,,,,1,2,3,1.0,3
201400040151,0014-09-17 07:30:00,14,9,17,7,30,920,40,RESISTANCE (PLACE DE LA),,,Plein jour,En agglomération,Giratoire,Normale,Deux véhicules - arrière,,,,,,,,,,,1,2,6,1.0,2
201400040152,0014-09-20 17:20:00,14,9,20,17,20,920,40,FORT (DU),,,Plein jour,En agglomération,Hors intersection,Normale,Autre collision,,,,,,,,,,,1,2,1,1.0,6
201400040153,0014-09-30 16:45:00,14,9,30,16,45,920,40,"36, ERNEST RENAN",,,Plein jour,En agglomération,Hors intersection,Normale,Autre collision,,,,,,,,,,,1,2,1,1.0,6
201400040154,0014-09-27 21:00:00,14,9,27,21,0,920,40,"16bis, BERTHELOT",,,Nuit sans éclairage public,En agglomération,Hors intersection,Normale,Deux véhicules - côté,,,,,,,,,,,3,2,1,1.0,3
201400040155,0014-09-23 10:00:00,14,9,23,10,0,920,40,"66, PAIX (AVENUE DE LA)",,,Plein jour,En agglomération,Hors intersection,Normale,Deux véhicules - arrière,,,,,,,,,,,1,2,1,1.0,2
201400040156,0014-09-24 18:25:00,14,9,24,18,25,920,40,"10, GENERAL LECLERC",,,Plein jour,En agglomération,Intersection en T,Normale,Autre collision,,,,,,,,,,,1,2,3,1.0,6
201400040157,0014-09-25 14:15:00,14,9,25,14,15,920,40,PROFESSEUR CALMETTE (AVE,,,Plein jour,En agglomération,Intersection en T,Normale,Deux véhicules - côté,,,,,,,,,,,1,2,3,1.0,3
201400040158,0014-10-01 10:00:00,14,10,1,10,0,920,40,"16, GALLIENI (BOULEVARD)",,,Plein jour,En agglomération,Hors intersection,Normale,Deux véhicules - côté,,,,,,,,,,,1,2,1,1.0,3
201400040159,0014-10-11 07:43:00,14,10,11,7,43,920,40,"xx, JEAN-PIERRE TIMBAUD",,,Nuit avec éclairage allumé,Hors agglomération,Hors intersection,Pluie légère,Autre collision,,,,,,,,,,,5,1,1,2.0,6
201400040160,0014-09-08 08:45:00,14,9,8,8,45,920,40,LASSERRE,,,Plein jour,En agglomération,Intersection en T,Normale,Deux véhicules - arrière,,,,,,,,,,,1,2,3,1.0,2
201400040161,0014-09-11 17:45:00,14,9,11,17,45,920,40,"28, DOCTEUR LOMBARD (DU)",,,Plein jour,En agglomération,Hors intersection,Normale,Autre collision,,,,,,,,,,,1,2,1,1.0,6
201400040162,0014-10-22 08:50:00,14,10,22,8,50,920,40,"19, GAMBETTA (BOULEVARD)",,,Plein jour,En agglomération,Hors intersection,Normale,Sans collision,,,,,,,,,,,1,2,1,1.0,7
201400040163,0014-10-17 09:15:00,14,10,17,9,15,920,40,"xx, AUGUSTE GERVAIS",,,Plein jour,En agglomération,Intersection en X,Pluie légère,Sans collision,,,,,,,,,,,1,2,2,2.0,7
201400040164,0014-10-18 14:40:00,14,10,18,14,40,920,40,"8, DIDEROT",,,Plein jour,En agglomération,Hors intersection,Normale,Trois véhicules et plus - collisions multiples,,,,,,,,,,,1,2,1,1.0,5
201400040165,0014-10-06 17:05:00,14,10,6,17,5,920,40,GENERAL LECLERC,,,Plein jour,En agglomération,Intersection en T,Normale,Deux véhicules - côté,,,,,,,,,,,1,2,3,1.0,3
201400040166,0014-10-08 09:00:00,14,10,8,9,0,920,40,"243, STALINGRAD (QUAI DE",,,Plein jour,En agglomération,Hors intersection,Normale,Deux véhicules - côté,,,,,,,,,,,1,2,1,1.0,3
201400040167,0014-10-02 09:25:00,14,10,2,9,25,920,40,"98, GALLIENI (BOULEVARD)",,,Plein jour,En agglomération,Intersection en T,Normale,Trois véhicules et plus - collisions multiples,,,,,,,,,,,1,2,3,1.0,5
201400040168,0014-10-28 13:10:00,14,10,28,13,10,920,40,"4, ALEMBERT (D') RUE",,,Plein jour,En agglomération,Intersection en T,Normale,Deux véhicules - côté,,,,,,,,,,,1,2,3,1.0,3
201400040169,0014-11-12 18:50:00,14,11,12,18,50,920,40,MARECHAL JUIN (PLACE),,,Nuit avec éclairage allumé,En agglomération,Intersection en X,Normale,Deux véhicules - côté,,,,,,,,,,,5,2,2,1.0,3