accident_id,datetime,annee,mois,jour,heure,minute,departement,commune_insee,adresse,latitude,longitude,luminosite,agglomeration,intersection,meteo,collision,nb_vehicules,nb_usagers,nb_indemnes,nb_tues,nb_blesses_hosp,nb_blesses_legers,age_cond_1,age_cond_2,veh_type_cond_1,veh_type_cond_2,lum_code,agg_code,int_code,atm_code,col_code
201400040170,0014-10-23 08:10:00,14,10,23,8,10,920,40,"1, ARISTIDE BRIAND",,,Plein jour,En agglomération,Hors intersection,Normale,Autre collision,,,,,,,,,,,1,2,1,1.0,6
201400040171,0014-10-27 23:25:00,14,10,27,23,25,920,40,GENERAL LECLERC,,,Nuit avec éclairage allumé,En agglomération,Intersection en T,Normale,Deux véhicules - côté,,,,,,,,,,,5,2,3,1.0,3
201400040172,0014-10-29 19:00:00,14,10,29,19,0,920,40,"169, STALINGRAD (QUAI DE",,,Nuit avec éclairage allumé,En agglomération,Hors intersection,Normale,Deux véhicules - côté,,,,,,,,,,,5,2,1,1.0,3
201400040173,0014-10-30 21:10:00,14,10,30,21,10,920,40,JEAN JACQUES ROUSSEAU,,,Nuit avec éclairage allumé,En agglomération,Intersection en T,Normale,Deux véhicules - côté,,,,,,,,,,,5,2,3,1.0,3
201400040174,0014-10-31 21:55:00,14,10,31,21,55,920,40,VERDUN (AVENUE DE) DU 15,,,Nuit avec éclairage allumé,En agglomération,Intersection en T,Normale,Sans collision,,,,,,,,,,,5,2,3,1.0,7
201400040175,0014-11-03 16:30:00,14,11,3,16,30,920,40,"25, GUYNEMER",,,Plein jour,En agglomération,Intersection en X,Pluie légère,Deux véhicules - arrière,,,,,,,,,,,1,2,2,2.0,2
201400040176,0014-11-07 07:50:00,14,11,7,7,50,920,40,"92, RODIN (BOULEVARD)",,,Plein jour,En agglomération,Hors intersection,Pluie légère,Autre collision,,,,,,,,,,,1,2,1,2.0,6
201400040177,0014-11-13 09:20:00,14,11,13,9,20,920,40,"38, VICTOR CRESSON (AVEN",,,Plein jour,En agglomération,Hors intersection,Normale,Deux véhicules - arrière,,,,,,,,,,,1,2,1,1.0,2
201400040178,0014-12-18 10:00:00,14,12,18,10,0,920,40,"30, GALLIENI (BOULEVARD)",,,Plein jour,En agglomération,Hors intersection,Normale,Deux véhicules - côté,,,,,,,,,,,1,2,1,1.0,3
201400040179,0014-12-18 15:40:00,14,12,18,15,40,920,40,"42, DANTON",,,Plein jour,En agglomération,Intersection en T,Normale,Autre collision,,,,,,,,,,,1,2,3,1.0,6
201400040180,0014-12-19 16:40:00,14,12,19,16,40,920,40,"6, DOCTEUR LOMBARD (DU)",,,Plein jour,En agglomération,Hors intersection,Normale,Autre collision,,,,,,,,,,,1,2,1,1.0,6
201400040181,0014-12-09 17:00:00,14,12,9,17,0,920,40,"11, RENE-JACQUES",,,Crépuscule ou aube,En agglomération,Hors intersection,Normale,Autre collision,,,,,,,,,,,2,2,1,1.0,6
201400040182,0014-11-07 08:05:00,14,11,7,8,5,920,40,FOUCHER LEPELLETIER,,,Nuit avec éclairage allumé,En agglomération,Intersection en X,Normale,Deux véhicules - côté,,,,,,,,,,,5,2,2,1.0,3
201400040183,0014-11-14 15:35:00,14,11,14,15,35,920,40,AUGUSTE GERVAIS,,,Plein jour,En agglomération,Hors intersection,Pluie légère,Sans collision,,,,,,,,,,,1,2,1,2.0,7
201400040184,0014-10-08 08:20:00,14,10,8,8,20,920,44,"24, VILLIERS(RUE DE)  2A",,,Plein jour,En agglomération,Intersection en X,Normale,Deux véhicules - arrière,,,,,,,,,,,1,2,2,1.0,2
201400040185,0014-01-03 10:05:00,14,1,3,10,5,920,44,"80, ARISTIDE BRIAND(RUE)",,,Plein jour,En agglomération,Intersection en X,Normale,Autre collision,,,,,,,,,,,1,2,2,1.0,6
201400040186,0014-01-26 15:20:00,14,1,26,15,20,920,44,"5, VOLTAIRE(RUE)1A51 ET2",,,Plein jour,En agglomération,Hors intersection,Pluie légère,Autre collision,,,,,,,,,,,1,2,1,2.0,6
201400040187,0014-01-28 11:55:00,14,1,28,11,55,920,44,"4, PDT WILSON(RUE) 2A24",,,Plein jour,En agglomération,Hors intersection,Normale,Deux véhicules - côté,,,,,,,,,,,1,2,1,1.0,3
201400040188,0014-01-30 15:45:00,14,1,30,15,45,920,44,PDT WILSON(RUE)133A149 E,,,Plein jour,En agglomération,Hors intersection,Normale,Autre collision,,,,,,,,,,,1,2,1,1.0,6
201400040189,0014-02-08 07:15:00,14,2,8,7,15,920,44,"02, HENRI BARBUSSE (RUE)",,,Nuit avec éclairage allumé,En agglomération,Hors intersection,Pluie légère,Deux véhicules - côté,,,,,,,,,,,5,2,1,2.0,3
201400040190,0014-02-12 19:25:00,14,2,12,19,25,920,44,"6, BAUDIN (RUE) 1A25 ET",,,Nuit avec éclairage allumé,En agglomération,Intersection en X,Pluie légère,Autre collision,,,,,,,,,,,5,2,2,2.0,6
201400040191,0014-02-12 20:45:00,14,2,12,20,45,920,44,"54, JEAN JAURES(RUE) 1A5",,,Nuit avec éclairage allumé,En agglomération,Hors intersection,Pluie légère,Autre collision,,,,,,,,,,,5,2,1,2.0,6
201400040192,0014-03-01 22:10:00,14,3,1,22,10,920,44,"56, CARNOT(RUE) 43A71 ET",,,Nuit avec éclairage allumé,En agglomération,Intersection en X,Normale,Deux véhicules - côté,,,,,,,,,,,5,2,2,1.0,3
201400040193,0014-03-01 22:50:00,14,3,1,22,50,920,44,"130, PDT WILSON(RUE)107A",,,Nuit avec éclairage allumé,En agglomération,Hors intersection,Normale,Autre collision,,,,,,,,,,,5,2,1,1.0,6
201400040194,0014-03-05 18:15:00,14,3,5,18,15,920,44,"20, ALSACE (RUE) N?19 +",,,Crépuscule ou aube,En agglomération,Intersection en T,Normale,Autre collision,,,,,,,,,,,2,2,3,1.0,6
201400040195,0014-03-07 20:15:00,14,3,7,20,15,920,44,"29, VIC. HUGO(RUE)001A06",,,Nuit avec éclairage allumé,En agglomération,Hors intersection,Normale,Autre collision,,,,,,,,,,,5,2,1,1.0,6
201400040196,0014-03-07 20:30:00,14,3,7,20,30,920,44,"2, WILSON(SQUARE)2 IBERT",,,Nuit avec éclairage allumé,En agglomération,Intersection en X,Normale,Deux véhicules - côté,,,,,,,,,,,5,2,2,1.0,3
201400040197,0014-03-11 12:30:00,14,3,11,12,30,920,44,"160, VIC. HUGO(RUE)115A1",,,Plein jour,En agglomération,Hors intersection,Normale,Deux véhicules - arrière,,,,,,,,,,,1,2,1,1.0,2
201400040198,0014-03-13 10:20:00,14,3,13,10,20,920,44,"88, VIC. HUGO(RUE)069A07",,,Plein jour,En agglomération,Hors intersection,Normale,Autre collision,,,,,,,,,,,1,2,1,1.0,6
201400040199,0014-04-02 09:35:00,14,4,2,9,35,920,44,"70, VIC. HUGO(RUE)001A06",,,Plein jour,En agglomération,Hors intersection,Normale,Autre collision,,,,,,,,,,,1,2,1,1.0,6
201400040200,0014-04-19 02:45:00,14,4,19,2,45,920,44,"38, CARNOT(RUE) 43A71 ET",,,Nuit avec éclairage allumé,En agglomération,Hors intersection,Normale,Autre collision,,,,,,,,,,,5,2,1,1.0,6
201400040201,0014-04-29 14:10:00,14,4,29,14,10,920,44,"42, VOLTAIRE(RUE)53A81 E",,,Plein jour,En agglomération,Intersection en X,Autre,Deux véhicules - côté,,,,,,,,,,,1,2,2,9.0,3
201400040202,0014-05-03 19:40:00,14,5,3,19,40,920,44,"33, ALSACE (RUE) N?19 +",,,Plein jour,En agglomération,Hors intersection,Normale,Autre collision,,,,,,,,,,,1,2,1,1.0,6
201400040203,0014-05-09 09:05:00,14,5,9,9,5,920,44,CARNOT(RUE) 73+ ET 60+,,,Plein jour,En agglomération,Autre intersection,Temps couvert,Autre collision,,,,,,,,,,,1,2,9,8.0,6
201400040204,0014-05-19 09:00:00,14,5,19,9,0,920,44,"1, LOUIS ROUQUIER(RUE) 1",,,Plein jour,En agglomération,Intersection en X,Normale,Autre collision,,,,,,,,,,,1,2,2,1.0,6
201400040205,0014-05-21 09:45:00,14,5,21,9,45,920,44,MICHELET (QUAI) 32 A 58,,,Plein jour,En agglomération,Hors intersection,Pluie légère,Deux véhicules - arrière,,,,,,,,,,,1,2,1,2.0,2
201400040206,0014-05-21 11:45:00,14,5,21,11,45,920,44,"57, JEAN JAURES(RUE) 57A",,,Plein jour,En agglomération,Intersection en X,Normale,Autre collision,,,,,,,,,,,1,2,2,1.0,6
201400040207,0014-06-02 17:45:00,14,6,2,17,45,920,44,"90, ANA.FRANCE(RUE)77A13",,,Plein jour,En agglomération,Intersection en X,Normale,Autre collision,,,,,,,,,,,1,2,2,1.0,6
201400040208,0014-05-31 19:25:00,14,5,31,19,25,920,44,"22, JEAN GABIN(RUE)",,,Plein jour,En agglomération,Intersection en X,Normale,Deux véhicules - côté,,,,,,,,,,,1,2,2,1.0,3
201400040209,0014-06-17 23:00:00,14,6,17,23,0,920,44,"82, BAUDIN (RUE) 27A83 E",,,Nuit avec éclairage allumé,En agglomération,Hors intersection,Normale,Deux véhicules - côté,,,,,,,,,,,5,2,1,1.0,3
201400040210,0014-06-20 13:45:00,14,6,20,13,45,920,44,"41, ANA. FRANCE(RUE)1A75",,,Plein jour,En agglomération,Hors intersection,Normale,Deux véhicules - côté,,,,,,,,,,,1,2,1,1.0,3
201400040211,0014-06-24 13:25:00,14,6,24,13,25,920,44,"146, VIC. HUGO(RUE)115A1",,,Plein jour,En agglomération,Hors intersection,Normale,Autre collision,,,,,,,,,,,1,2,1,1.0,6
201400040212,0014-06-24 21:45:00,14,6,24,21,45,920,44,"43, VIC. HUGO(RUE)001A06",,,Crépuscule ou aube,En agglomération,Hors intersection,Normale,Autre collision,,,,,,,,,,,2,2,1,1.0,6
201400040213,0014-04-02 09:30:00,14,4,2,9,30,920,44,"58, CARNOT(RUE) 43A71 ET",,,Plein jour,En agglomération,Intersection en X,Normale,Autre collision,,,,,,,,,,,1,2,2,1.0,6
201400040214,0014-06-25 18:30:00,14,6,25,18,30,920,44,"16, PARC (RUE DU) 2A16 E",,,Plein jour,En agglomération,Hors intersection,Normale,Deux véhicules - arrière,,,,,,,,,,,1,2,1,1.0,2
201400040215,0014-06-30 20:00:00,14,6,30,20,0,920,44,"57, MICHELET (QUAI) 58 A",,,Plein jour,En agglomération,Intersection en T,Normale,Deux véhicules - arrière,,,,,,,,,,,1,2,3,1.0,2
201400040216,0014-07-03 08:45:00,14,7,3,8,45,920,44,"35, P.V.COUTURIER(RUE)1A",,,Plein jour,En agglomération,Hors intersection,Normale,Autre collision,,,,,,,,,,,1,2,1,1.0,6
201400040217,0014-07-03 22:45:00,14,7,3,22,45,920,44,"18, ANA. FRANCE(RUE)1A75",,,Crépuscule ou aube,En agglomération,Hors intersection,Normale,Sans collision,,,,,,,,,,,2,2,1,1.0,7
201400040218,0014-07-04 08:35:00,14,7,4,8,35,920,44,"9, LOUIS ROUQUIER(RUE) 1",,,Plein jour,En agglomération,Hors intersection,Normale,Sans collision,,,,,,,,,,,1,2,1,1.0,7
201400040219,0014-07-10 18:15:00,14,7,10,18,15,920,44,"28, ANA. FRANCE(RUE)1A75",,,Plein jour,En agglomération,Hors intersection,Normale,Autre collision,,,,,,,,,,,1,2,1,1.0,6
201400040220,0014-07-12 17:15:00,14,7,12,17,15,920,44,"5, PDT WILSON(RUE) 2A24",,,Plein jour,En agglomération,Intersection en X,Normale,Autre collision,,,,,,,,,,,1,2,2,1.0,6
201400040221,0014-07-17 17:50:00,14,7,17,17,50,920,44,"40, VILLIERS(RUE DE)  2A",,,Plein jour,En agglomération,Intersection en T,Normale,Sans collision,,,,,,,,,,,1,2,3,1.0,7
201400040222,0014-07-18 11:45:00,14,7,18,11,45,920,44,"146, VIC. HUGO(RUE)115A1",,,Plein jour,En agglomération,Intersection en T,Normale,Deux véhicules - côté,,,,,,,,,,,1,2,3,1.0,3
201400040223,0014-07-18 17:50:00,14,7,18,17,50,920,44,"168, VIC. HUGO(RUE)115A1",,,Plein jour,En agglomération,Hors intersection,Normale,Autre collision,,,,,,,,,,,1,2,1,1.0,6
201400040224,0014-07-25 19:40:00,14,7,25,19,40,920,44,"120, ANA.FRANCE(RUE)77A1",,,Plein jour,En agglomération,Intersection en X,Normale,Autre collision,,,,,,,,,,,1,2,2,1.0,6
201400040225,0014-07-28 18:10:00,14,7,28,18,10,920,44,"126, VIC. HUGO(RUE)091A1",,,Plein jour,En agglomération,Hors intersection,Normale,Deux véhicules - arrière,,,,,,,,,,,1,2,1,1.0,2
201400040226,0014-07-28 19:45:00,14,7,28,19,45,920,44,"62, VOLTAIRE(RUE)53A81 E",,,Plein jour,En agglomération,Intersection en X,Normale,Deux véhicules - arrière,,,,,,,,,,,1,2,2,1.0,2
201400040227,0014-08-14 23:35:00,14,8,14,23,35,920,44,"19, VI. HUGO (SQUARE)40V",,,Nuit avec éclairage allumé,En agglomération,Intersection en X,Normale,Autre collision,,,,,,,,,,,5,2,2,1.0,6
201400040228,0014-08-17 20:30:00,14,8,17,20,30,920,44,"17, ANA. FRANCE(RUE)1A75",,,Crépuscule ou aube,En agglomération,Hors intersection,Normale,Deux véhicules - arrière,,,,,,,,,,,2,2,1,1.0,2
201400040229,0014-09-02 14:30:00,14,9,2,14,30,920,44,"2, MATHILDE GIRAULT (RUE",,,Plein jour,En agglomération,Intersection en X,Normale,Autre collision,,,,,,,,,,,1,2,2,1.0,6
201400040230,0014-09-03 08:00:00,14,9,3,8,0,920,44,"114, ANA.FRANCE(RUE)77A1",,,Plein jour,En agglomération,Hors intersection,Normale,Autre collision,,,,,,,,,,,1,2,1,1.0,6
201400040231,0014-09-07 19:20:00,14,9,7,19,20,920,44,"160, VIC. HUGO(RUE)115A1",,,Plein jour,En agglomération,Hors intersection,Normale,Deux véhicules - côté,,,,,,,,,,,1,2,1,1.0,3
201400040232,0014-08-18 19:10:00,14,8,18,19,10,920,44,"108, RIVAY(RUE)97A107 ET",,,Plein jour,En agglomération,Hors intersection,Normale,Autre collision,,,,,,,,,,,1,2,1,1.0,6
201400040233,0014-09-23 11:25:00,14,9,23,11,25,920,44,"9, HENRI BARBUSSE (PLACE",,,Plein jour,En agglomération,Hors intersection,Normale,Autre collision,,,,,,,,,,,1,2,1,1.0,6
201400040234,0014-09-24 09:05:00,14,9,24,9,5,920,44,"34, LOUISON BOBET(STADE)",,,Plein jour,En agglomération,Hors intersection,Normale,Autre collision,,,,,,,,,,,1,2,1,1.0,6
201400040235,0014-09-30 21:30:00,14,9,30,21,30,920,44,"77, ED.VAILLANT(RUE) 75A",,,Crépuscule ou aube,En agglomération,Hors intersection,Normale,Autre collision,,,,,,,,,,,2,2,1,1.0,6
201400040236,0014-10-02 16:30:00,14,10,2,16,30,920,44,"42, JEAN JAURES(RUE) 1A5",,,Plein jour,En agglomération,Hors intersection,Normale,Autre collision,,,,,,,,,,,1,2,1,1.0,6
201400040237,0014-10-02 19:55:00,14,10,2,19,55,920,44,"85, LOUIS ROUQUIER(RUE)4",,,Nuit avec éclairage allumé,En agglomération,Hors intersection,Normale,Autre collision,,,,,,,,,,,5,2,1,1.0,6
201400040238,0014-10-02 20:30:00,14,10,2,20,30,920,44,"32, LOUIS ROUQUIER(RUE)",,,Crépuscule ou aube,En agglomération,Intersection en X,Normale,Sans collision,,,,,,,,,,,2,2,2,1.0,7
201400040239,0014-10-03 08:30:00,14,10,3,8,30,920,44,"35, BAUDIN (RUE) 27A83 E",,,Plein jour,En agglomération,Intersection en X,Normale,Deux véhicules - côté,,,,,,,,,,,1,2,2,1.0,3
201400040240,0014-10-12 13:10:00,14,10,12,13,10,920,44,"83TER, P.V.COUTURIER(RUE",,,Plein jour,En agglomération,Hors intersection,Normale,Trois véhicules et plus - collisions multiples,,,,,,,,,,,1,2,1,1.0,5
201400040241,0014-10-13 17:50:00,14,10,13,17,50,920,44,"70, PDT WILSON(RUE)51A75",,,Crépuscule ou aube,En agglomération,Hors intersection,Normale,Sans collision,,,,,,,,,,,2,2,1,1.0,7
201400040242,0014-10-14 01:20:00,14,10,14,1,20,920,44,"48, CAMILLE PELLETAN(RUE",,,Nuit avec éclairage allumé,En agglomération,Intersection en X,Normale,Sans collision,,,,,,,,,,,5,2,2,1.0,7
201400040243,0014-10-23 14:25:00,14,10,23,14,25,920,44,"95, RIVAY(RUE)73A95 ET 6",,,Plein jour,En agglomération,Intersection en X,Normale,Deux véhicules - côté,,,,,,,,,,,1,2,2,1.0,3
201400040244,0014-10-25 09:20:00,14,10,25,9,20,920,44,"40, VILLIERS(RUE DE)  2A",,,Plein jour,En agglomération,Intersection en X,Normale,Autre collision,,,,,,,,,,,1,2,2,1.0,6
201400040245,0014-10-30 10:05:00,14,10,30,10,5,920,44,"15, COLLANGE(RUE) 1A13 E",,,Plein jour,En agglomération,Intersection à plus de 4 branches,Normale,Sans collision,,,,,,,,,,,1,2,5,1.0,7
201400040246,0014-11-03 17:55:00,14,11,3,17,55,920,44,"51, MARIUS AUFAN(RUE) 1A",,,Crépuscule ou aube,En agglomération,Intersection en X,Normale,Autre collision,,,,,,,,,,,2,2,2,1.0,6
201400040247,0014-11-14 13:30:00,14,11,14,13,30,920,44,"162, DANTON(RUE)125+ ET",,,Plein jour,En agglomération,Hors intersection,Normale,Deux véhicules - arrière,,,,,,,,,,,1,2,1,1.0,2
201400040248,0014-11-15 18:05:00,14,11,15,18,5,920,44,"118, ANA.FRANCE(RUE) 141",,,Crépuscule ou aube,En agglomération,Intersection en X,Normale,Deux véhicules - côté,,,,,,,,,,,2,2,2,1.0,3
201400040249,0014-11-12 11:45:00,14,11,12,11,45,920,44,"12, MARCEL CERDAN (RUE)",,,Plein jour,En agglomération,Hors intersection,Normale,Autre collision,,,,,,,,,,,1,2,1,1.0,6
201400040250,0014-11-25 13:35:00,14,11,25,13,35,920,44,"32, ALSACE (RUE) N?19 +",,,Plein jour,En agglomération,Hors intersection,Normale,Autre collision,,,,,,,,,,,1,2,1,1.0,6
201400040251,0014-11-28 07:30:00,14,11,28,7,30,920,44,"30, ARISTIDE BRIAND(RUE)",,,Plein jour,En agglomération,Intersection en X,Normale,Autre collision,,,,,,,,,,,1,2,2,1.0,6
201400040252,0014-11-28 21:35:00,14,11,28,21,35,920,44,"174, VIC. HUGO(RUE)115A1",,,Nuit avec éclairage allumé,En agglomération,Hors intersection,Normale,Autre collision,,,,,,,,,,,5,2,1,1.0,6
201400040253,0014-11-29 17:45:00,14,11,29,17,45,920,44,"1, ANTONIN RAYNAUD(RUE)",,,Crépuscule ou aube,En agglomération,Intersection en X,Normale,Autre collision,,,,,,,,,,,2,2,2,1.0,6
201400040254,0014-11-30 19:30:00,14,11,30,19,30,920,44,"42, ED.VAILLANT(RUE) 37A",,,Plein jour,En agglomération,Hors intersection,Normale,Deux véhicules - arrière,,,,,,,,,,,1,2,1,1.0,2
201400040255,0014-12-05 11:55:00,14,12,5,11,55,920,44,"55, CARNOT(RUE) 43A71 ET",,,Plein jour,En agglomération,Intersection en X,Normale,Autre collision,,,,,,,,,,,1,2,2,1.0,6
201400040256,0014-12-10 18:15:00,14,12,10,18,15,920,44,"66, VILLIERS(RUE DE)  54",,,Plein jour,En agglomération,Hors intersection,Normale,Autre collision,,,,,,,,,,,1,2,1,1.0,6
201400040257,0014-12-11 23:05:00,14,12,11,23,5,920,44,"18, ED. VAILLANT(RUE) 1A",,,Nuit avec éclairage allumé,En agglomération,Intersection en X,Normale,Deux véhicules - côté,,,,,,,,,,,5,2,2,1.0,3
201400040258,0014-12-12 04:50:00,14,12,12,4,50,920,44,"8, PIERRE BROSSOLETTE(RU",,,Nuit avec éclairage allumé,En agglomération,Intersection en X,Normale,Deux véhicules - côté,,,,,,,,,,,5,2,2,1.0,3
201400040259,0014-12-18 10:05:00,14,12,18,10,5,920,44,"106, PDT WILSON(RUE)107A",,,Plein jour,En agglomération,Intersection en X,Normale,Autre collision,,,,,,,,,,,1,2,2,1.0,6
201400040260,0014-12-13 10:05:00,14,12,13,10,5,920,44,"106, PDT WILSON(RUE)107A",,,Plein jour,En agglomération,Intersection en X,Normale,Autre collision,,,,,,,,,,,1,2,2,1.0,6
201400040261,0014-12-18 05:20:00,14,12,18,5,20,920,44,"20, JEAN JAURES(RUE) 1A5",,,Plein jour,En agglomération,Intersection en X,Normale,Deux véhicules - côté,,,,,,,,,,,1,2,2,1.0,3
201400040262,0014-12-18 08:30:00,14,12,18,8,30,920,44,"97, JEAN JAURES(RUE) 57A",,,Plein jour,En agglomération,Intersection en X,Normale,Autre collision,,,,,,,,,,,1,2,2,1.0,6
201400040263,0014-12-24 15:10:00,14,12,24,15,10,920,44,"3, P.V.COUTURIER(RUE)1A3",,,Plein jour,En agglomération,Hors intersection,Normale,Autre collision,,,,,,,,,,,1,2,1,1.0,6
201400040264,0014-01-10 09:20:00,14,1,10,9,20,920,48,BELGIQUE (RUE DE LA),,,Plein jour,En agglomération,Intersection en X,Normale,Deux véhicules - côté,,,,,,,,,,,1,2,2,1.0,3
201400040265,0014-08-31 05:45:00,14,8,31,5,45,920,48,"., Rond Point CIECHANOV",,,Nuit avec éclairage allumé,En agglomération,Giratoire,Normale,Autre collision,,,,,,,,,,,5,2,6,1.0,6
201400040266,0014-11-01 06:40:00,14,11,1,6,40,920,48,"17, DOCTEUR ARNAUDET (RU",,,Nuit avec éclairage allumé,En agglomération,Hors intersection,Normale,Sans collision,,,,,,,,,,,5,2,1,1.0,7
201400040267,0014-01-21 19:50:00,14,1,21,19,50,920,48,"., MARAIS (RUE DES)",,,Nuit avec éclairage allumé,En agglomération,Intersection en X,Normale,Deux véhicules - côté,,,,,,,,,,,5,2,2,1.0,3
201400040268,0014-01-27 08:30:00,14,1,27,8,30,920,48,"., JEAN JAURES (AVENUE)",,,Plein jour,En agglomération,Intersection en T,Normale,Autre collision,,,,,,,,,,,1,2,3,1.0,6
201400040269,0014-01-31 02:45:00,14,1,31,2,45,920,48,"., SORRIERES (RUE DES)",,,Nuit avec éclairage allumé,En agglomération,Intersection en X,Brouillard / fumée,Autre collision,,,,,,,,,,,5,2,2,5.0,6
201400040270,0014-01-14 08:00:00,14,1,14,8,0,920,48,"02, MARCEL ALLEGOT (RUE)",,,Plein jour,En agglomération,Hors intersection,Normale,Autre collision,,,,,,,,,,,1,2,1,1.0,6
201400040271,0014-02-28 12:00:00,14,2,28,12,0,920,48,"., TRIVAUX (AVENUE DE) N",,,Plein jour,Hors agglomération,Hors intersection,Normale,Autre collision,,,,,,,,,,,1,1,1,1.0,6
201400040272,0014-03-08 12:20:00,14,3,8,12,20,920,48,"02, EGLISE (RUE DE L')",,,Plein jour,En agglomération,Hors intersection,Normale,Autre collision,,,,,,,,,,,1,2,1,1.0,6
201400040273,0014-02-27 18:00:00,14,2,27,18,0,920,48,"20, PARIS (RUE DE) N? 12",,,Plein jour,En agglomération,Giratoire,Normale,Sans collision,,,,,,,,,,,1,2,6,1.0,7
201400040274,0014-03-30 09:20:00,14,3,30,9,20,920,48,"., MARCHE COUVERT (RUE D",,,Plein jour,En agglomération,Hors intersection,Normale,Autre collision,,,,,,,,,,,1,2,1,1.0,6
201400040275,0014-04-07 18:00:00,14,4,7,18,0,920,48,"., TRIVAUX (AVENUE DE) N",,,Plein jour,Hors agglomération,Hors intersection,Normale,Sans collision,,,,,,,,,,,1,1,1,1.0,7
201400040276,0014-04-14 18:00:00,14,4,14,18,0,920,48,"., TILLEULS (SQUARE DES)",,,Crépuscule ou aube,En agglomération,Hors intersection,Normale,Autre collision,,,,,,,,,,,2,2,1,1.0,6
201400040277,0014-04-22 17:45:00,14,4,22,17,45,920,48,", PEPINIERE (RUE DE LA)",,,Plein jour,En agglomération,Intersection en X,Normale,Deux véhicules - côté,,,,,,,,,,,1,2,2,1.0,3
201400040278,0014-04-16 15:45:00,14,4,16,15,45,920,48,"., PEPINIERE (RUE DE LA)",,,Plein jour,En agglomération,Intersection en X,Normale,Autre collision,,,,,,,,,,,1,2,2,1.0,6
201400040279,0014-05-15 17:30:00,14,5,15,17,30,920,48,"., GENERAL GALLIENI (AVE",,,Crépuscule ou aube,Hors agglomération,Hors intersection,Normale,Autre collision,,,,,,,,,,,2,1,1,1.0,6
201400040280,0014-05-16 16:25:00,14,5,16,16,25,920,48,"15, GARDES (ROUTE DES) N",,,Plein jour,En agglomération,Autre intersection,Normale,Deux véhicules - côté,,,,,,,,,,,1,2,9,1.0,3
201400040281,0014-05-23 12:40:00,14,5,23,12,40,920,48,"., GARDES (ROUTE DES) N?",,,Plein jour,En agglomération,Intersection en X,Normale,Autre collision,,,,,,,,,,,1,2,2,1.0,6
201400040282,0014-06-09 11:00:00,14,6,9,11,0,920,48,"12, NATIONS UNIES (BOULE",,,Plein jour,En agglomération,Hors intersection,Normale,Autre collision,,,,,,,,,,,1,2,1,1.0,6
201400040283,0014-06-10 17:30:00,14,6,10,17,30,920,48,"1, VIGNES (IMPASSE ET RU",,,Plein jour,En agglomération,Intersection en T,Pluie légère,Sans collision,,,,,,,,,,,1,2,3,2.0,7
201400040284,0014-06-11 11:20:00,14,6,11,11,20,920,48,"13, HENRI ETLIN (RUE)",,,Plein jour,Hors agglomération,Hors intersection,Normale,Autre collision,,,,,,,,,,,1,1,1,1.0,6
201400040285,0014-06-17 16:26:00,14,6,17,16,26,920,48,"19, REPUBLIQUE (RUE DE L",,,Plein jour,En agglomération,Intersection en T,Normale,Autre collision,,,,,,,,,,,1,2,3,1.0,6
201400040286,0014-06-23 08:20:00,14,6,23,8,20,920,48,"51, GENERAL DE GAULLE (A",,,Plein jour,En agglomération,Autre intersection,Normale,Autre collision,,,,,,,,,,,1,2,9,1.0,6
201400040287,0014-06-23 10:00:00,14,6,23,10,0,920,48,"22BIS, PARIS (RUE DE) N?",,,Plein jour,En agglomération,Hors intersection,Normale,Trois véhicules et plus - collisions multiples,,,,,,,,,,,1,2,1,1.0,5
201400040288,0014-08-01 14:45:00,14,8,1,14,45,920,48,"., MORANE SAULNIER (AVEN",,,Plein jour,Hors agglomération,Autre intersection,Normale,Autre collision,,,,,,,,,,,1,1,9,1.0,6
201400040289,0014-08-06 14:25:00,14,8,6,14,25,920,48,"., MORANE SAULNIER (AVEN",,,Plein jour,En agglomération,Autre intersection,Normale,Autre collision,,,,,,,,,,,1,2,9,1.0,6
201400040290,0014-08-07 15:15:00,14,8,7,15,15,920,48,"01bis, REPUBLIQUE (RUE D",,,Plein jour,En agglomération,Intersection en X,Pluie légère,Deux véhicules - côté,,,,,,,,,,,1,2,2,2.0,3
201400040291,0014-08-08 12:40:00,14,8,8,12,40,920,48,"34, CLAUDE DALSEME (RUE)",,,Plein jour,En agglomération,Hors intersection,Pluie légère,Autre collision,,,,,,,,,,,1,2,1,2.0,6
201400040292,0014-08-17 14:00:00,14,8,17,14,0,920,48,"., GENERAL DE GAULLE (AV",,,Plein jour,En agglomération,Giratoire,Normale,Autre collision,,,,,,,,,,,1,2,6,1.0,6
201400040293,0014-08-20 16:40:00,14,8,20,16,40,920,48,"., TRIVAUX (AVENUE DE) N",,,Plein jour,En agglomération,Hors intersection,Normale,Autre collision,,,,,,,,,,,1,2,1,1.0,6
201400040294,0014-09-05 18:50:00,14,9,5,18,50,920,48,"., VAUGIRARD (RUE DE)",,,Plein jour,En agglomération,Intersection en T,Normale,Autre collision,,,,,,,,,,,1,2,3,1.0,6
201400040295,0014-09-26 08:55:00,14,9,26,8,55,920,48,"34, JEAN JAURES (AVENUE)",,,Plein jour,En agglomération,Hors intersection,Normale,Deux véhicules - côté,,,,,,,,,,,1,2,1,1.0,3
201400040296,0014-09-29 12:05:00,14,9,29,12,5,920,48,"., GARDES (ROUTE DES) N?",,,Plein jour,En agglomération,Giratoire,Pluie légère,Sans collision,,,,,,,,,,,1,2,6,2.0,7
201400040297,0014-10-02 19:50:00,14,10,2,19,50,920,48,"20, MAIL (ALLEE DU)",,,Nuit avec éclairage allumé,Hors agglomération,Hors intersection,Pluie légère,Autre collision,,,,,,,,,,,5,1,1,2.0,6
201400040298,0014-10-04 23:20:00,14,10,4,23,20,920,48,"31, GARDES (ROUTE DES) N",,,Nuit avec éclairage allumé,En agglomération,Intersection en T,Pluie légère,Autre collision,,,,,,,,,,,5,2,3,2.0,6
201400040299,0014-10-03 11:50:00,14,10,3,11,50,920,48,"., TERRE NEUVE (RUE)",,,Plein jour,En agglomération,Intersection en T,Normale,Deux véhicules - côté,,,,,,,,,,,1,2,3,1.0,3