accident_id,datetime,annee,mois,jour,heure,minute,departement,commune_insee,adresse,latitude,longitude,luminosite,agglomeration,intersection,meteo,collision,nb_vehicules,nb_usagers,nb_indemnes,nb_tues,nb_blesses_hosp,nb_blesses_legers,age_cond_1,age_cond_2,veh_type_cond_1,veh_type_cond_2,lum_code,agg_code,int_code,atm_code,col_code
201400040300,0014-10-15 17:20:00,14,10,15,17,20,920,48,"2-4, MARCEL ALLEGOT (RUE",,,Plein jour,En agglomération,Intersection en X,Pluie légère,Autre collision,,,,,,,,,,,1,2,2,2.0,6
201400040301,0014-10-18 11:00:00,14,10,18,11,0,920,48,"., PEPINIERE (RUE DE LA)",,,Plein jour,En agglomération,Intersection en T,Normale,Autre collision,,,,,,,,,,,1,2,3,1.0,6
201400040302,0014-10-19 12:15:00,14,10,19,12,15,920,48,"., RABELAIS (PLACE)",,,Plein jour,En agglomération,Place,Normale,Deux véhicules - côté,,,,,,,,,,,1,2,7,1.0,3
201400040303,0014-11-28 17:40:00,14,11,28,17,40,920,48,"76, REPUBLIQUE (RUE DE L",,,Crépuscule ou aube,En agglomération,Hors intersection,Pluie légère,Autre collision,,,,,,,,,,,2,2,1,2.0,6
201400040304,0014-01-02 09:35:00,14,1,2,9,35,920,49,"123, BRIAND AVENUE ARIST",,,Plein jour,En agglomération,Intersection en X,Pluie légère,Sans collision,,,,,,,,,,,1,2,2,2.0,7
201400040305,0014-01-03 02:40:00,14,1,3,2,40,920,20,"22, DIVISION LECLERC AVE",,,Nuit avec éclairage allumé,En agglomération,Giratoire,Normale,Sans collision,,,,,,,,,,,5,2,6,1.0,7
201400040306,0014-01-07 21:40:00,14,1,7,21,40,920,20,PARIS AVENUE DE N? IMPAI,,,Nuit avec éclairage allumé,En agglomération,Hors intersection,Normale,Deux véhicules - arrière,,,,,,,,,,,5,2,1,1.0,2
201400040307,0014-01-08 07:47:00,14,1,8,7,47,920,49,BRIAND AVENUE ARISTIDE A,,,Crépuscule ou aube,En agglomération,Intersection en X,Normale,Deux véhicules - frontale,,,,,,,,,,,2,2,2,1.0,1
201400040308,0014-01-12 00:40:00,14,1,12,0,40,920,49,"53, BRIAND AVENUE ARISTI",,,Nuit avec éclairage allumé,En agglomération,Intersection en X,Brouillard / fumée,Autre collision,,,,,,,,,,,5,2,2,5.0,6
201400040309,0014-01-12 02:20:00,14,1,12,2,20,920,49,"102, BRIAND AVENUE ARIST",,,Nuit avec éclairage allumé,En agglomération,Intersection en X,Brouillard / fumée,Deux véhicules - côté,,,,,,,,,,,5,2,2,5.0,3
201400040310,0014-01-12 14:10:00,14,1,12,14,10,920,49,"79, REPUBLIQUE AVENUE DE",,,Plein jour,En agglomération,Hors intersection,Temps couvert,Deux véhicules - arrière,,,,,,,,,,,1,2,1,8.0,2
201400040311,0014-01-14 10:55:00,14,1,14,10,55,920,20,"3, VERDUN AVENUE DE N?1",,,Plein jour,En agglomération,Hors intersection,Normale,Autre collision,,,,,,,,,,,1,2,1,1.0,6
201400040312,0014-01-14 16:40:00,14,1,14,16,40,920,20,"17, BAGNEUX RUE DE",,,Plein jour,En agglomération,Hors intersection,Normale,Autre collision,,,,,,,,,,,1,2,1,1.0,6
201400040313,0014-01-21 10:15:00,14,1,21,10,15,920,49,ARNOUX AVENUE MAURICE N?,,,Plein jour,En agglomération,Intersection en X,Pluie légère,Autre collision,,,,,,,,,,,1,2,2,2.0,6
201400040314,0014-01-23 07:20:00,14,1,23,7,20,920,49,"93, VERDIER AVENUE N?25",,,Nuit avec éclairage allumé,En agglomération,Hors intersection,Normale,Autre collision,,,,,,,,,,,5,2,1,1.0,6
201400040315,0014-01-23 08:00:00,14,1,23,8,0,920,20,"44, VANVES BOULEVARD DE",,,Plein jour,En agglomération,Hors intersection,Normale,Autre collision,,,,,,,,,,,1,2,1,1.0,6
201400040316,0014-01-31 15:40:00,14,1,31,15,40,920,20,PARIS AVENUE DE N? IMPAI,,,Plein jour,En agglomération,Intersection en X,Normale,Deux véhicules - frontale,,,,,,,,,,,1,2,2,1.0,1
201400040317,0014-02-04 10:00:00,14,2,4,10,0,920,49,JAURES PLACE JEAN,,,Plein jour,En agglomération,Hors intersection,Normale,Deux véhicules - arrière,,,,,,,,,,,1,2,1,1.0,2
201400040318,0014-02-04 20:00:00,14,2,4,20,0,920,20,DEFORGES RUE ETIENNE N?,,,Nuit avec éclairage allumé,En agglomération,Intersection en X,Normale,Autre collision,,,,,,,,,,,5,2,2,1.0,6
201400040319,0014-02-07 12:00:00,14,2,7,12,0,920,20,MERSEBURG RUE DE,,,Plein jour,En agglomération,Hors intersection,Normale,Deux véhicules - frontale,,,,,,,,,,,1,2,1,1.0,1
201400040320,0014-02-07 18:00:00,14,2,7,18,0,920,49,BARBES RUE,,,Crépuscule ou aube,En agglomération,Intersection en X,Normale,Deux véhicules - côté,,,,,,,,,,,2,2,2,1.0,3
201400040321,0014-02-09 21:10:00,14,2,9,21,10,920,49,"105, VERDIER AVENUE AUTR",,,Nuit avec éclairage allumé,En agglomération,Hors intersection,Normale,Autre collision,,,,,,,,,,,5,2,1,1.0,6
201400040322,0014-02-13 08:50:00,14,2,13,8,50,920,20,"23, LIBERTE BOULEVARD DE",,,Plein jour,En agglomération,Intersection en X,Normale,Autre collision,,,,,,,,,,,1,2,2,1.0,6
201400040323,0014-02-17 15:45:00,14,2,17,15,45,920,20,VERDUN AVENUE DE AUTRES,,,Plein jour,En agglomération,Hors intersection,Normale,Deux véhicules - frontale,,,,,,,,,,,1,2,1,1.0,1
201400040324,0014-02-25 19:25:00,14,2,25,19,25,920,49,"138, DORMOY AVENUE MARX",,,Nuit avec éclairage allumé,En agglomération,Intersection en T,Normale,Deux véhicules - côté,,,,,,,,,,,5,2,3,1.0,3
201400040325,0014-02-26 15:15:00,14,2,26,15,15,920,49,"211, BROSSOLETTE AVENUE",,,Plein jour,En agglomération,Hors intersection,Normale,Deux véhicules - arrière,,,,,,,,,,,1,2,1,1.0,2
201400040326,0014-03-02 13:45:00,14,3,2,13,45,920,49,"41, BROSSOLETTE AVENUE P",,,Plein jour,En agglomération,Hors intersection,Normale,Autre collision,,,,,,,,,,,1,2,1,1.0,6
201400040327,0014-03-03 11:10:00,14,3,3,11,10,920,20,"18, GENZANO DI ROMA RUE",,,Plein jour,En agglomération,Hors intersection,Pluie légère,Autre collision,,,,,,,,,,,1,2,1,2.0,6
201400040328,0014-03-08 09:20:00,14,3,8,9,20,920,20,"16, VERDUN AVENUE DE N?2",,,Plein jour,En agglomération,Hors intersection,Normale,Autre collision,,,,,,,,,,,1,2,1,1.0,6
201400040329,0014-03-10 13:20:00,14,3,10,13,20,920,49,BROSSOLETTE AVENUE PIERR,,,Plein jour,Hors agglomération,Intersection en X,Normale,Deux véhicules - côté,,,,,,,,,,,1,1,2,1.0,3
201400040330,0014-03-12 08:20:00,14,3,12,8,20,920,49,"5, BRIAND AVENUE ARISTID",,,Plein jour,En agglomération,Hors intersection,Normale,Autre collision,,,,,,,,,,,1,2,1,1.0,6
201400040331,0014-03-14 10:45:00,14,3,14,10,45,920,49,PERI RUE GABRIEL AUTRES,,,Plein jour,En agglomération,Intersection en X,Normale,Deux véhicules - arrière,,,,,,,,,,,1,2,2,1.0,2
201400040332,0014-03-16 20:30:00,14,3,16,20,30,920,20,"187, REPUBLIQUE AV. AUTR",,,Nuit avec éclairage allumé,En agglomération,Autre intersection,Normale,Deux véhicules - côté,,,,,,,,,,,5,2,9,1.0,3
201400040333,0014-03-17 10:50:00,14,3,17,10,50,920,20,VANVES BOULEVARD DE N? P,,,Plein jour,En agglomération,Intersection en Y,Normale,Deux véhicules - côté,,,,,,,,,,,1,2,4,1.0,3
201400040334,0014-03-17 20:10:00,14,3,17,20,10,920,49,PERI RUE GABRIEL AUTRES,,,Nuit avec éclairage allumé,En agglomération,Intersection en X,Normale,Deux véhicules - côté,,,,,,,,,,,5,2,2,1.0,3
201400040335,0014-03-19 18:05:00,14,3,19,18,5,920,20,PARIS AVENUE DE N?84 A F,,,Plein jour,En agglomération,Autre intersection,Normale,Trois véhicules et plus - collisions multiples,,,,,,,,,,,1,2,9,1.0,5
201400040336,0014-03-20 08:35:00,14,3,20,8,35,920,49,"202, DORMOY AVENUE MARX",,,Plein jour,En agglomération,Hors intersection,Normale,Deux véhicules - arrière,,,,,,,,,,,1,2,1,1.0,2
201400040337,0014-03-21 07:10:00,14,3,21,7,10,920,49,"33, PERI RUE GABRIEL N?1",,,Crépuscule ou aube,En agglomération,Hors intersection,Pluie légère,Deux véhicules - côté,,,,,,,,,,,2,2,1,2.0,3
201400040338,0014-03-26 07:55:00,14,3,26,7,55,920,49,"230, DORMOY AVENUE MARX",,,Plein jour,En agglomération,Hors intersection,Normale,Autre collision,,,,,,,,,,,1,2,1,1.0,6
201400040339,0014-03-28 16:25:00,14,3,28,16,25,920,49,VERDIER AVENUE AUTRES N?,,,Plein jour,En agglomération,Intersection en X,Normale,Autre collision,,,,,,,,,,,1,2,2,1.0,6
201400040340,0014-03-30 11:25:00,14,3,30,11,25,920,49,JAURES AV. JEAN N?1 A 51,,,Plein jour,En agglomération,Intersection en Y,Normale,Deux véhicules - arrière,,,,,,,,,,,1,2,4,1.0,2
201400040341,0014-04-03 15:15:00,14,4,3,15,15,920,49,"118, JAURES AVENUE JEAN",,,Plein jour,En agglomération,Hors intersection,Normale,Autre collision,,,,,,,,,,,1,2,1,1.0,6
201400040342,0014-04-09 08:55:00,14,4,9,8,55,920,20,"104, LIBERTE BOULEVARD D",,,Plein jour,En agglomération,Hors intersection,Normale,Deux véhicules - côté,,,,,,,,,,,1,2,1,1.0,3
201400040343,0014-04-10 09:00:00,14,4,10,9,0,920,20,"140, REPUBLIQUE AV. AUTR",,,Plein jour,En agglomération,Hors intersection,Normale,Deux véhicules - côté,,,,,,,,,,,1,2,1,1.0,3
201400040344,0014-04-10 13:10:00,14,4,10,13,10,920,49,"177, BROSSOLETTE AVENUE",,,Plein jour,En agglomération,Hors intersection,Normale,Autre collision,,,,,,,,,,,1,2,1,1.0,6
201400040345,0014-04-11 14:30:00,14,4,11,14,30,920,49,"43, REPUBLIQUE AVENUE DE",,,Plein jour,En agglomération,Hors intersection,Normale,Autre collision,,,,,,,,,,,1,2,1,1.0,6
201400040346,0014-04-12 11:35:00,14,4,12,11,35,920,20,ESTIENNE D'ORVES RUE D',,,Plein jour,En agglomération,Intersection en X,Normale,Deux véhicules - côté,,,,,,,,,,,1,2,2,1.0,3
201400040347,0014-04-13 14:10:00,14,4,13,14,10,920,20,"157, REPUBLIQUE AV. AUTR",,,Plein jour,En agglomération,Hors intersection,Normale,Deux véhicules - côté,,,,,,,,,,,1,2,1,1.0,3
201400040348,0014-04-18 19:55:00,14,4,18,19,55,920,49,BROSSOLETTE AVENUE PIERR,,,Plein jour,En agglomération,Intersection en X,Normale,Deux véhicules - côté,,,,,,,,,,,1,2,2,1.0,3
201400040349,0014-04-22 17:45:00,14,4,22,17,45,920,49,"43, BROSSOLETTE AVENUE P",,,Plein jour,En agglomération,Hors intersection,Pluie légère,Autre collision,,,,,,,,,,,1,2,1,2.0,6
201400040350,0014-04-22 17:55:00,14,4,22,17,55,920,49,"55, BROSSOLETTE AVENUE P",,,Plein jour,En agglomération,Hors intersection,Normale,Trois véhicules et plus - en chaîne,,,,,,,,,,,1,2,1,1.0,4
201400040351,0014-04-26 01:25:00,14,4,26,1,25,920,49,"50, BROSSOLETTE AVENUE P",,,Nuit avec éclairage allumé,En agglomération,Hors intersection,Normale,Deux véhicules - arrière,,,,,,,,,,,5,2,1,1.0,2
201400040352,0014-04-29 18:00:00,14,4,29,18,0,920,49,"86, GINOUX AV. HENRI N?1",,,Plein jour,En agglomération,Hors intersection,Normale,Trois véhicules et plus - en chaîne,,,,,,,,,,,1,2,1,1.0,4
201400040353,0014-05-02 15:10:00,14,5,2,15,10,920,49,"68, BRIAND AVENUE ARISTI",,,Plein jour,En agglomération,Hors intersection,Pluie légère,Autre collision,,,,,,,,,,,1,2,1,2.0,6
201400040354,0014-05-05 14:50:00,14,5,5,14,50,920,20,SAMPAIX RUE LUCIEN,,,Plein jour,En agglomération,Intersection en X,Normale,Deux véhicules - côté,,,,,,,,,,,1,2,2,1.0,3
201400040355,0014-05-16 08:55:00,14,5,16,8,55,920,49,BRIAND AVENUE ARISTIDE A,,,Plein jour,En agglomération,Intersection en T,Normale,Autre collision,,,,,,,,,,,1,2,3,1.0,6
201400040356,0014-05-16 14:55:00,14,5,16,14,55,920,49,BROSSOLETTE AVENUE PIERR,,,Plein jour,En agglomération,Intersection en X,Normale,Deux véhicules - côté,,,,,,,,,,,1,2,2,1.0,3
201400040357,0014-05-16 21:20:00,14,5,16,21,20,920,49,"144, REPUBLIQUE AVENUE D",,,Crépuscule ou aube,En agglomération,Intersection en X,Normale,Deux véhicules - côté,,,,,,,,,,,2,2,2,1.0,3
201400040358,0014-05-17 02:00:00,14,5,17,2,0,920,49,"123, BRIAND AVENUE ARIST",,,Nuit avec éclairage allumé,En agglomération,Hors intersection,Normale,Deux véhicules - arrière,,,,,,,,,,,5,2,1,1.0,2
201400040359,0014-05-17 16:30:00,14,5,17,16,30,920,20,FONTENAY RUE DE AUTRES N,,,Plein jour,En agglomération,Intersection en X,Normale,Deux véhicules - côté,,,,,,,,,,,1,2,2,1.0,3
201400040360,0014-05-19 11:00:00,14,5,19,11,0,920,20,"9, PARIS AVENUE DE N? IM",,,Plein jour,En agglomération,Hors intersection,Normale,Autre collision,,,,,,,,,,,1,2,1,1.0,6
201400040361,0014-05-22 07:00:00,14,5,22,7,0,920,20,"94, PARIS AVENUE DE N?84",,,Plein jour,En agglomération,Hors intersection,Normale,Deux véhicules - frontale,,,,,,,,,,,1,2,1,1.0,1
201400040362,0014-05-26 12:05:00,14,5,26,12,5,920,49,VERDIER AVENUE AUTRES N?,,,Plein jour,En agglomération,Intersection en T,Pluie légère,Autre collision,,,,,,,,,,,1,2,3,2.0,6
201400040363,0014-05-30 15:50:00,14,5,30,15,50,920,20,"184, PARIS AVENUE DE N?8",,,Plein jour,En agglomération,Hors intersection,Normale,Autre collision,,,,,,,,,,,1,2,1,1.0,6
201400040364,0014-06-01 17:05:00,14,6,1,17,5,920,20,"55, VANVES BOULEVARD N?",,,Plein jour,En agglomération,Hors intersection,Normale,Deux véhicules - côté,,,,,,,,,,,1,2,1,1.0,3
201400040365,0014-06-03 16:35:00,14,6,3,16,35,920,49,"5, PERI RUE GABRIEL N?1",,,Plein jour,En agglomération,Hors intersection,Normale,Autre collision,,,,,,,,,,,1,2,1,1.0,6
201400040366,0014-06-05 21:05:00,14,6,5,21,5,920,49,REPUBLIQUE AVENUE DE LA,,,Crépuscule ou aube,En agglomération,Intersection en X,Normale,Deux véhicules - côté,,,,,,,,,,,2,2,2,1.0,3
201400040367,0014-06-06 07:45:00,14,6,6,7,45,920,49,"33, REPUBLIQUE AVENUE DE",,,Plein jour,En agglomération,Hors intersection,Normale,Deux véhicules - côté,,,,,,,,,,,1,2,1,1.0,3
201400040368,0014-06-07 15:30:00,14,6,7,15,30,920,49,"84, REPUBLIQUE AVENUE DE",,,Plein jour,En agglomération,Hors intersection,Normale,Autre collision,,,,,,,,,,,1,2,1,1.0,6
201400040369,0014-06-08 00:25:00,14,6,8,0,25,920,49,JAURES PLACE JEAN,,,Nuit avec éclairage allumé,En agglomération,Hors intersection,Normale,Deux véhicules - arrière,,,,,,,,,,,5,2,1,1.0,2
201400040370,0014-06-12 09:20:00,14,6,12,9,20,920,20,VERDUN AVENUE DE AUTRES,,,Plein jour,En agglomération,Intersection en X,Normale,Deux véhicules - côté,,,,,,,,,,,1,2,2,1.0,3
201400040371,0014-06-13 23:40:00,14,6,13,23,40,920,49,"59, BRIAND AVENUE ARISTI",,,Nuit avec éclairage allumé,En agglomération,Intersection en X,Normale,Trois véhicules et plus - en chaîne,,,,,,,,,,,5,2,2,1.0,4
201400040372,0014-06-18 19:20:00,14,6,18,19,20,920,49,"49, REPUBLIQUE AVENUE DE",,,Plein jour,En agglomération,Hors intersection,Normale,Deux véhicules - côté,,,,,,,,,,,1,2,1,1.0,3
201400040373,0014-06-19 14:50:00,14,6,19,14,50,920,49,"57, BROSSOLETTE AVENUE P",,,Plein jour,En agglomération,Hors intersection,Normale,Autre collision,,,,,,,,,,,1,2,1,1.0,6
201400040374,0014-06-20 21:30:00,14,6,20,21,30,920,20,ESTIENNE D'ORVES RUE D',,,Nuit avec éclairage allumé,En agglomération,Intersection en T,Normale,Deux véhicules - arrière,,,,,,,,,,,5,2,3,1.0,2
201400040375,0014-06-26 08:20:00,14,6,26,8,20,920,49,"10, PERI RUE GABRIEL N?1",,,Plein jour,En agglomération,Hors intersection,Normale,Sans collision,,,,,,,,,,,1,2,1,1.0,7
201400040376,0014-06-26 18:20:00,14,6,26,18,20,920,20,"72, BROSSOLETTE RUE PIER",,,Plein jour,En agglomération,Hors intersection,Normale,Autre collision,,,,,,,,,,,1,2,1,1.0,6
201400040377,0014-06-26 22:45:00,14,6,26,22,45,920,49,"204, DORMOY AVENUE MARX",,,Nuit avec éclairage allumé,En agglomération,Hors intersection,Normale,Sans collision,,,,,,,,,,,5,2,1,1.0,7
201400040378,0014-06-29 15:40:00,14,6,29,15,40,920,49,BRIAND AVENUE ARISTIDE A,,,Plein jour,En agglomération,Hors intersection,Normale,Deux véhicules - arrière,,,,,,,,,,,1,2,1,1.0,2
201400040379,0014-06-30 18:00:00,14,6,30,18,0,920,49,"41, REPUBLIQUE AVENUE DE",,,Plein jour,En agglomération,Hors intersection,Normale,Deux véhicules - côté,,,,,,,,,,,1,2,1,1.0,3
201400040380,0014-07-03 08:30:00,14,7,3,8,30,920,49,"50, JAURES AV. JEAN N?1",,,Plein jour,En agglomération,Hors intersection,Normale,Deux véhicules - côté,,,,,,,,,,,1,2,1,1.0,3
201400040381,0014-07-03 12:55:00,14,7,3,12,55,920,49,"37, MULIN RUE HIPPOLYTE",,,Plein jour,En agglomération,Hors intersection,Normale,Autre collision,,,,,,,,,,,1,2,1,1.0,6
201400040382,0014-07-03 19:20:00,14,7,3,19,20,920,49,"138, DORMOY AVENUE MARX",,,Plein jour,En agglomération,Intersection en T,Normale,Deux véhicules - côté,,,,,,,,,,,1,2,3,1.0,3
201400040383,0014-07-07 19:40:00,14,7,7,19,40,920,49,"22, BARBES RUE",,,Plein jour,En agglomération,Hors intersection,Pluie légère,Autre collision,,,,,,,,,,,1,2,1,2.0,6
201400040384,0014-07-10 03:40:00,14,7,10,3,40,920,49,JAURES PLACE JEAN,,,Nuit avec éclairage allumé,En agglomération,Giratoire,Pluie légère,Autre collision,,,,,,,,,,,5,2,6,2.0,6
201400040385,0014-07-10 08:55:00,14,7,10,8,55,920,49,JAURES PLACE JEAN,,,Plein jour,En agglomération,Giratoire,Normale,Autre collision,,,,,,,,,,,1,2,6,1.0,6
201400040386,0014-07-10 08:35:00,14,7,10,8,35,920,20,"166, REPUBLIQUE AV. AUTR",,,Plein jour,En agglomération,Hors intersection,Pluie forte,Deux véhicules - côté,,,,,,,,,,,1,2,1,3.0,3
201400040387,0014-07-16 10:05:00,14,7,16,10,5,920,20,"130, LIBERTE BOULEVARD D",,,Plein jour,En agglomération,Hors intersection,Normale,Autre collision,,,,,,,,,,,1,2,1,1.0,6
201400040388,0014-07-16 12:15:00,14,7,16,12,15,920,20,"62, VERDUN AVENUE DE AUT",,,Plein jour,En agglomération,Place,Normale,Deux véhicules - arrière,,,,,,,,,,,1,2,7,1.0,2
201400040389,0014-07-16 19:30:00,14,7,16,19,30,920,49,"72, PERI RUE GABRIEL N?3",,,Plein jour,En agglomération,Hors intersection,Normale,Deux véhicules - arrière,,,,,,,,,,,1,2,1,1.0,2
201400040390,0014-07-18 16:40:00,14,7,18,16,40,920,49,"68, REPUBLIQUE AVENUE DE",,,Plein jour,Hors agglomération,Hors intersection,Normale,Autre collision,,,,,,,,,,,1,1,1,1.0,6
201400040391,0014-07-24 06:25:00,14,7,24,6,25,920,20,"185, REPUBLIQUE AV. AUTR",,,Plein jour,En agglomération,Hors intersection,Normale,Autre collision,,,,,,,,,,,1,2,1,1.0,6
201400040392,0014-07-25 06:00:00,14,7,25,6,0,920,20,"142, VERDUN AVENUE DE AU",,,Plein jour,En agglomération,Hors intersection,Normale,Deux véhicules - frontale,,,,,,,,,,,1,2,1,1.0,1
201400040393,0014-07-28 08:00:00,14,7,28,8,0,920,20,DIVISION LECLERC AVENUE,,,Plein jour,En agglomération,Giratoire,Normale,Autre collision,,,,,,,,,,,1,2,6,1.0,6
201400040394,0014-07-30 12:25:00,14,7,30,12,25,920,49,"28, CARVES RUE",,,Plein jour,En agglomération,Intersection en X,Normale,Deux véhicules - frontale,,,,,,,,,,,1,2,2,1.0,1
201400040395,0014-08-01 20:20:00,14,8,1,20,20,920,49,"123, BROSSOLETTE AVENUE",,,Plein jour,En agglomération,Hors intersection,Normale,Sans collision,,,,,,,,,,,1,2,1,1.0,7
201400040396,0014-08-03 13:30:00,14,8,3,13,30,920,20,"102, PARIS AVENUE DE N?8",,,Plein jour,En agglomération,Hors intersection,Normale,Autre collision,,,,,,,,,,,1,2,1,1.0,6
201400040397,0014-08-04 19:55:00,14,8,4,19,55,920,20,"16, TIMBAUD RUE JEAN-PIE",,,Plein jour,En agglomération,Intersection en X,Normale,Autre collision,,,,,,,,,,,1,2,2,1.0,6
201400040398,0014-08-08 09:26:00,14,8,8,9,26,920,49,"93, REPUBLIQUE AVENUE DE",,,Plein jour,En agglomération,Hors intersection,Pluie légère,Autre collision,,,,,,,,,,,1,2,1,2.0,6
201400040399,0014-08-11 18:45:00,14,8,11,18,45,920,20,"1, EXUPERY AVENUE SAINT",,,Plein jour,En agglomération,Hors intersection,Pluie légère,Autre collision,,,,,,,,,,,1,2,1,2.0,6
201400040400,0014-08-21 07:45:00,14,8,21,7,45,920,49,ETATS UNIS PLACE DES,,,Plein jour,En agglomération,Intersection en Y,Normale,Autre collision,,,,,,,,,,,1,2,4,1.0,6
201400040401,0014-09-02 09:45:00,14,9,2,9,45,920,20,"60, PARIS AVENUE DE N?2",,,Plein jour,En agglomération,Hors intersection,Normale,Autre collision,,,,,,,,,,,1,2,1,1.0,6
201400040402,0014-09-04 17:50:00,14,9,4,17,50,920,49,MULIN RUE HIPPOLYTE,,,Plein jour,En agglomération,Intersection en T,Normale,Deux véhicules - frontale,,,,,,,,,,,1,2,3,1.0,1
201400040403,0014-09-06 17:00:00,14,9,6,17,0,920,20,"168, PAIX AVENUE DE LA",,,Plein jour,En agglomération,Intersection en X,Normale,Deux véhicules - côté,,,,,,,,,,,1,2,2,1.0,3
201400040404,0014-09-08 12:55:00,14,9,8,12,55,920,49,VANNE RUE DE LA,,,Plein jour,En agglomération,Intersection en X,Normale,Deux véhicules - côté,,,,,,,,,,,1,2,2,1.0,3
201400040405,0014-09-10 18:00:00,14,9,10,18,0,920,20,"2, VANVES BOULEVARD N? I",,,Plein jour,En agglomération,Intersection en X,Normale,Autre collision,,,,,,,,,,,1,2,2,1.0,6
201400040406,0014-09-12 07:55:00,14,9,12,7,55,920,49,BROSSOLETTE AVENUE PIERR,,,Plein jour,En agglomération,Intersection en X,Normale,Deux véhicules - côté,,,,,,,,,,,1,2,2,1.0,3
201400040407,0014-09-20 15:40:00,14,9,20,15,40,920,49,"79, BROSSOLETTE AVENUE P",,,Plein jour,En agglomération,Intersection en X,Normale,Deux véhicules - côté,,,,,,,,,,,1,2,2,1.0,3
201400040408,0014-09-26 16:55:00,14,9,26,16,55,920,20,"8, BAGNEUX RUE DE",,,Plein jour,En agglomération,Intersection en T,Normale,Autre collision,,,,,,,,,,,1,2,3,1.0,6
201400040409,0014-09-27 13:10:00,14,9,27,13,10,920,49,BROSSOLETTE AVENUE PIERR,,,Plein jour,En agglomération,Intersection en X,Normale,Deux véhicules - côté,,,,,,,,,,,1,2,2,1.0,3
201400040410,0014-10-07 06:50:00,14,10,7,6,50,920,49,"6, PERI RUE GABRIEL N?1",,,Nuit avec éclairage allumé,En agglomération,Hors intersection,Pluie légère,Deux véhicules - côté,,,,,,,,,,,5,2,1,2.0,3
201400040411,0014-10-08 09:45:00,14,10,8,9,45,920,20,"8, BAGNEUX RUE DE",,,Plein jour,En agglomération,Intersection en T,Pluie forte,Autre collision,,,,,,,,,,,1,2,3,3.0,6
201400040412,0014-10-08 14:25:00,14,10,8,14,25,920,20,PARIS AVENUE DE N? IMPAI,,,Plein jour,En agglomération,Intersection en X,Normale,Deux véhicules - côté,,,,,,,,,,,1,2,2,1.0,3
201400040413,0014-10-08 18:30:00,14,10,8,18,30,920,49,GINOUX AVENUE HENRI AUTR,,,Plein jour,En agglomération,Intersection en X,Pluie légère,Deux véhicules - côté,,,,,,,,,,,1,2,2,2.0,3
201400040414,0014-10-11 16:30:00,14,10,11,16,30,920,20,"10, LIBERTE BOULEVARD DE",,,Plein jour,En agglomération,Hors intersection,Normale,Autre collision,,,,,,,,,,,1,2,1,1.0,6
201400040415,0014-10-13 11:45:00,14,10,13,11,45,920,20,"55, PARIS AVENUE DE N? I",,,Plein jour,En agglomération,Hors intersection,Normale,Deux véhicules - côté,,,,,,,,,,,1,2,1,1.0,3
201400040416,0014-10-18 12:36:00,14,10,18,12,36,920,49,GINOUX AVENUE HENRI AUTR,,,Plein jour,En agglomération,Hors intersection,Normale,Deux véhicules - côté,,,,,,,,,,,1,2,1,1.0,3
201400040417,0014-10-20 08:20:00,14,10,20,8,20,920,20,"58, DEFORGES RUE ETIENNE",,,Plein jour,En agglomération,Intersection en X,Normale,Autre collision,,,,,,,,,,,1,2,2,1.0,6
201400040418,0014-10-21 06:40:00,14,10,21,6,40,920,49,BROSSOLETTE AVENUE PIERR,,,Nuit avec éclairage allumé,En agglomération,Intersection en X,Normale,Deux véhicules - frontale,,,,,,,,,,,5,2,2,1.0,1
201400040419,0014-10-21 09:05:00,14,10,21,9,5,920,49,"9 BIS, PERIER RUE N?1 A",,,Plein jour,En agglomération,Hors intersection,Normale,Autre collision,,,,,,,,,,,1,2,1,1.0,6
201400040420,0014-10-23 18:00:00,14,10,23,18,0,920,49,BARBES RUE,,,Crépuscule ou aube,En agglomération,Intersection en X,Normale,Deux véhicules - arrière,,,,,,,,,,,2,2,2,1.0,2
201400040421,0014-10-28 09:10:00,14,10,28,9,10,920,49,"181, BROSSOLETTE AVENUE",,,Plein jour,En agglomération,Hors intersection,Normale,Sans collision,,,,,,,,,,,1,2,1,1.0,7
201400040422,0014-10-29 08:30:00,14,10,29,8,30,920,20,"103, PARIS AVENUE DE N?8",,,Plein jour,En agglomération,Hors intersection,Normale,Autre collision,,,,,,,,,,,1,2,1,1.0,6
201400040423,0014-10-30 10:55:00,14,10,30,10,55,920,49,"45, VANNE RUE DE LA",,,Plein jour,En agglomération,Hors intersection,Normale,Sans collision,,,,,,,,,,,1,2,1,1.0,7
201400040424,0014-11-03 08:25:00,14,11,3,8,25,920,49,"106, JAURES AVENUE JEAN",,,Plein jour,En agglomération,Hors intersection,Temps couvert,Deux véhicules - côté,,,,,,,,,,,1,2,1,8.0,3
201400040425,0014-11-04 08:50:00,14,11,4,8,50,920,20,"39, LOUVEAU RUE",,,Plein jour,En agglomération,Hors intersection,Normale,Deux véhicules - côté,,,,,,,,,,,1,2,1,1.0,3
201400040426,0014-11-09 13:25:00,14,11,9,13,25,920,49,"107, ARNOUX AVENUE MAURI",,,Plein jour,En agglomération,Hors intersection,Normale,Deux véhicules - côté,,,,,,,,,,,1,2,1,1.0,3
201400040427,0014-11-11 12:30:00,14,11,11,12,30,920,20,"35, PERRIERE AVENUE CLEM",,,Plein jour,En agglomération,Intersection en X,Normale,Deux véhicules - arrière,,,,,,,,,,,1,2,2,1.0,2
201400040428,0014-11-14 19:05:00,14,11,14,19,5,920,49,GINOUX AVENUE HENRI AUTR,,,Crépuscule ou aube,En agglomération,Intersection en X,Normale,Sans collision,,,,,,,,,,,2,2,2,1.0,7
201400040429,0014-11-15 14:10:00,14,11,15,14,10,920,49,"103, DORMOY AVENUE MARX",,,Plein jour,En agglomération,Hors intersection,Normale,Deux véhicules - arrière,,,,,,,,,,,1,2,1,1.0,2