accident_id,datetime,annee,mois,jour,heure,minute,departement,commune_insee,adresse,latitude,longitude,luminosite,agglomeration,intersection,meteo,collision,nb_vehicules,nb_usagers,nb_indemnes,nb_tues,nb_blesses_hosp,nb_blesses_legers,age_cond_1,age_cond_2,veh_type_cond_1,veh_type_cond_2,lum_code,agg_code,int_code,atm_code,col_code
201400040430,0014-11-16 13:25:00,14,11,16,13,25,920,49,"1, HUGO RUE VICTOR N?1 A",,,Plein jour,En agglomération,Hors intersection,Pluie légère,Autre collision,,,,,,,,,,,1,2,1,2.0,6
201400040431,0014-11-17 21:00:00,14,11,17,21,0,920,49,"43, REPUBLIQUE AVENUE DE",,,Nuit avec éclairage allumé,En agglomération,Hors intersection,Pluie légère,Deux véhicules - côté,,,,,,,,,,,5,2,1,2.0,3
201400040432,0014-11-18 08:50:00,14,11,18,8,50,920,49,"5, DE GAULLE BLD DU GENE",,,Plein jour,En agglomération,Hors intersection,Pluie légère,Autre collision,,,,,,,,,,,1,2,1,2.0,6
201400040433,0014-11-18 19:45:00,14,11,18,19,45,920,49,"212, DORMOY AVENUE MARX",,,Nuit avec éclairage allumé,En agglomération,Hors intersection,Pluie légère,Deux véhicules - côté,,,,,,,,,,,5,2,1,2.0,3
201400040434,0014-11-22 14:30:00,14,11,22,14,30,920,49,BROSSOLETTE AVENUE PIERR,,,Plein jour,En agglomération,Intersection en X,Normale,Deux véhicules - côté,,,,,,,,,,,1,2,2,1.0,3
201400040435,0014-11-23 18:10:00,14,11,23,18,10,920,20,"23, LIBERTE BOULEVARD DE",,,Nuit avec éclairage allumé,En agglomération,Intersection en X,Normale,Autre collision,,,,,,,,,,,5,2,2,1.0,6
201400040436,0014-11-23 20:40:00,14,11,23,20,40,920,20,"38, VANVES BOULEVARD DE",,,Nuit avec éclairage allumé,En agglomération,Hors intersection,Normale,Deux véhicules - arrière,,,,,,,,,,,5,2,1,1.0,2
201400040437,0014-11-24 09:17:00,14,11,24,9,17,920,49,"11, PELLETAN RUE CAMILLE",,,Plein jour,En agglomération,Hors intersection,Pluie légère,Deux véhicules - arrière,,,,,,,,,,,1,2,1,2.0,2
201400040438,0014-11-27 08:50:00,14,11,27,8,50,920,49,"56, PERI RUE GABRIEL N?3",,,Plein jour,En agglomération,Hors intersection,Normale,Autre collision,,,,,,,,,,,1,2,1,1.0,6
201400040439,0014-11-27 19:00:00,14,11,27,19,0,920,20,"112, REPUBLIQUE AV. N?27",,,Nuit avec éclairage allumé,En agglomération,Hors intersection,Normale,Deux véhicules - côté,,,,,,,,,,,5,2,1,1.0,3
201400040440,0014-11-29 17:20:00,14,11,29,17,20,920,20,"3, STALINGRAD BOULEVARD",,,Crépuscule ou aube,En agglomération,Hors intersection,Normale,Autre collision,,,,,,,,,,,2,2,1,1.0,6
201400040441,0014-12-04 09:05:00,14,12,4,9,5,920,20,"85, VERDUN AVENUE DE AUT",,,Plein jour,En agglomération,Hors intersection,Temps couvert,Autre collision,,,,,,,,,,,1,2,1,8.0,6
201400040442,0014-12-04 14:10:00,14,12,4,14,10,920,20,"60, DEFORGES RUE ETIENNE",,,Plein jour,En agglomération,Hors intersection,Temps couvert,Deux véhicules - frontale,,,,,,,,,,,1,2,1,8.0,1
201400040443,0014-12-04 17:45:00,14,12,4,17,45,920,49,"38, BRIAND AVENUE ARISTI",,,Nuit avec éclairage allumé,En agglomération,Hors intersection,Normale,Autre collision,,,,,,,,,,,5,2,1,1.0,6
201400040444,0014-12-04 18:00:00,14,12,4,18,0,920,49,"79, BROSSOLETTE AVENUE P",,,Nuit avec éclairage allumé,En agglomération,Hors intersection,Normale,Autre collision,,,,,,,,,,,5,2,1,1.0,6
201400040445,0014-12-05 15:30:00,14,12,5,15,30,920,20,"45, VERDUN AVENUE DE N?1",,,Plein jour,En agglomération,Hors intersection,Normale,Autre collision,,,,,,,,,,,1,2,1,1.0,6
201400040446,0014-12-11 18:00:00,14,12,11,18,0,920,20,"52, VERDUN AVENUE DE AUT",,,Nuit avec éclairage allumé,En agglomération,Hors intersection,Normale,Autre collision,,,,,,,,,,,5,2,1,1.0,6
201400040447,0014-12-11 19:25:00,14,12,11,19,25,920,49,"177, BROSSOLETTE AVENUE",,,Nuit avec éclairage allumé,En agglomération,Hors intersection,Normale,Autre collision,,,,,,,,,,,5,2,1,1.0,6
201400040448,0014-12-12 14:25:00,14,12,12,14,25,920,20,"117, VANVES BOULEVARD N?",,,Plein jour,En agglomération,Hors intersection,Normale,Autre collision,,,,,,,,,,,1,2,1,1.0,6
201400040449,0014-12-15 14:43:00,14,12,15,14,43,920,20,"103, PARIS AVENUE DE N?",,,Nuit avec éclairage allumé,En agglomération,Hors intersection,Pluie légère,Autre collision,,,,,,,,,,,5,2,1,2.0,6
201400040450,0014-12-23 10:45:00,14,12,23,10,45,920,20,"217-221, BROSSOLETTE RUE",,,Plein jour,En agglomération,Hors intersection,Pluie légère,Autre collision,,,,,,,,,,,1,2,1,2.0,6
201400040451,0014-12-24 08:10:00,14,12,24,8,10,920,20,FAURE BLD FELIX N?1 A 35,,,Plein jour,En agglomération,Intersection en Y,Pluie forte,Autre collision,,,,,,,,,,,1,2,4,3.0,6
201400040452,0014-12-22 23:30:00,14,12,22,23,30,920,49,ARNOUX AVENUE MAURICE AU,,,Nuit avec éclairage allumé,En agglomération,Intersection en X,Normale,Autre collision,,,,,,,,,,,5,2,2,1.0,6
201400040453,0014-12-30 12:05:00,14,12,30,12,5,920,20,"144, REPUBLIQUE AV. N?27",,,Plein jour,En agglomération,Giratoire,Normale,Autre collision,,,,,,,,,,,1,2,6,1.0,6
201400040454,0014-03-11 04:30:00,14,3,11,4,30,920,20,98 RUE HENRI GINOUX,,,Plein jour,En agglomération,Hors intersection,Normale,Autre collision,,,,,,,,,,,1,2,1,1.0,6
201400040455,0014-01-06 10:45:00,14,1,6,10,45,920,50,ALLENDE SALVADOR RUE,,,Plein jour,En agglomération,Hors intersection,Temps couvert,Autre collision,,,,,,,,,,,1,2,1,8.0,6
201400040456,0014-01-07 12:10:00,14,1,7,12,10,920,50,"28, AGGLOMERES RUE DES",,,Plein jour,En agglomération,Hors intersection,Autre,Deux véhicules - côté,,,,,,,,,,,1,2,1,9.0,3
201400040457,0014-01-13 08:50:00,14,1,13,8,50,920,50,FRACHON BENOIT AVENUE,,,Plein jour,En agglomération,Hors intersection,Temps couvert,Deux véhicules - arrière,,,,,,,,,,,1,2,1,8.0,2
201400040458,0014-01-10 13:40:00,14,1,10,13,40,920,50,"65, PICASSO PABLO AVENUE",,,Plein jour,En agglomération,Hors intersection,Temps couvert,Deux véhicules - frontale,,,,,,,,,,,1,2,1,8.0,1
201400040459,0014-01-20 13:10:00,14,1,20,13,10,920,50,"387, REPUBLIQUE AVENUE D",,,Plein jour,En agglomération,Hors intersection,Pluie légère,Trois véhicules et plus - en chaîne,,,,,,,,,,,1,2,1,2.0,4
201400040460,0014-01-21 08:25:00,14,1,21,8,25,920,50,"125, CLEMENCEAU GEORGES",,,Plein jour,En agglomération,Intersection en Y,Temps couvert,Autre collision,,,,,,,,,,,1,2,4,8.0,6
201400040461,0014-01-29 12:30:00,14,1,29,12,30,920,50,ARAGO FRANCOIS AVENUE,,,Plein jour,En agglomération,Hors intersection,Normale,Autre collision,,,,,,,,,,,1,2,1,1.0,6
201400040462,0014-02-06 19:00:00,14,2,6,19,0,920,50,"34, VAILLANT COUTURIER P",,,Nuit avec éclairage allumé,En agglomération,Hors intersection,Normale,Trois véhicules et plus - en chaîne,,,,,,,,,,,5,2,1,1.0,4
201400040463,0014-02-07 18:05:00,14,2,7,18,5,920,50,CROIZAT AMBROISE MAIL,,,Crépuscule ou aube,En agglomération,Hors intersection,Normale,Deux véhicules - côté,,,,,,,,,,,2,2,1,1.0,3
201400040464,0014-02-07 12:25:00,14,2,7,12,25,920,50,PASCAL BLAISE BOULEVARD,,,Plein jour,En agglomération,Intersection en T,Normale,Deux véhicules - côté,,,,,,,,,,,1,2,3,1.0,3
201400040465,0014-02-10 19:20:00,14,2,10,19,20,920,50,GARENNE RUE DE LA,,,Nuit avec éclairage allumé,En agglomération,Hors intersection,Normale,Deux véhicules - côté,,,,,,,,,,,5,2,1,1.0,3
201400040466,0014-02-12 18:25:00,14,2,12,18,25,920,50,"55, PICASSO PABLO AVENUE",,,Nuit avec éclairage allumé,En agglomération,Hors intersection,Pluie forte,Deux véhicules - côté,,,,,,,,,,,5,2,1,3.0,3
201400040467,0014-02-20 11:55:00,14,2,20,11,55,920,50,"n?ant, STALINGRAD RUE DE",,,Plein jour,En agglomération,Intersection en X,Pluie légère,Sans collision,,,,,,,,,,,1,2,2,2.0,7
201400040468,0014-02-20 20:35:00,14,2,20,20,35,920,50,THOREZ MAURICE RUE,,,Nuit avec éclairage allumé,En agglomération,Intersection en X,Normale,Deux véhicules - côté,,,,,,,,,,,5,2,2,1.0,3
201400040469,0014-02-24 12:55:00,14,2,24,12,55,920,50,"54, CLEMENCEAU GEORGES A",,,Plein jour,En agglomération,Hors intersection,Normale,Deux véhicules - côté,,,,,,,,,,,1,2,1,1.0,3
201400040470,0014-02-26 13:35:00,14,2,26,13,35,920,50,"33, PROVINCES FRANCAISES",,,Plein jour,En agglomération,Hors intersection,Normale,Deux véhicules - arrière,,,,,,,,,,,1,2,1,1.0,2
201400040471,0014-03-03 12:05:00,14,3,3,12,5,920,50,CLEMENCEAU GEORGES AVENU,,,Plein jour,En agglomération,Intersection en X,Pluie légère,Deux véhicules - frontale,,,,,,,,,,,1,2,2,2.0,1
201400040472,0014-03-03 09:00:00,14,3,3,9,0,920,50,RASPAIL FRANCOIS-VINCENT,,,Plein jour,En agglomération,Intersection en X,Pluie légère,Autre collision,,,,,,,,,,,1,2,2,2.0,6
201400040473,0014-03-06 10:05:00,14,3,6,10,5,920,50,FONTANOT RUE DES TROIS,,,Plein jour,En agglomération,Hors intersection,Temps éblouissant,Autre collision,,,,,,,,,,,1,2,1,7.0,6
201400040474,0014-03-11 19:00:00,14,3,11,19,0,920,50,DEFENSE BOULEVARD DE LA,,,Nuit avec éclairage allumé,Hors agglomération,Hors intersection,Temps couvert,Deux véhicules - arrière,,,,,,,,,,,5,1,1,8.0,2
201400040475,0014-03-13 20:05:00,14,3,13,20,5,920,50,BOILEAU RUE,,,Nuit avec éclairage allumé,En agglomération,Intersection en T,Autre,Deux véhicules - frontale,,,,,,,,,,,5,2,3,9.0,1
201400040476,0014-03-11 14:03:00,14,3,11,14,3,920,50,"154, VAILLANT COUTURIER",,,Plein jour,En agglomération,Hors intersection,Normale,Deux véhicules - arrière,,,,,,,,,,,1,2,1,1.0,2
201400040477,0014-03-14 13:45:00,14,3,14,13,45,920,50,"0000000000, RD 914",,,Plein jour,En agglomération,Intersection en T,Normale,Deux véhicules - côté,,,,,,,,,,,1,2,3,1.0,3
201400040478,0014-03-17 00:20:00,14,3,17,0,20,920,50,PROVINCES FRANCAISES BD,,,Nuit avec éclairage allumé,En agglomération,Intersection en X,Normale,Deux véhicules - côté,,,,,,,,,,,5,2,2,1.0,3
201400040479,0014-03-10 09:05:00,14,3,10,9,5,920,50,"379, REPUBLIQUE AVENUE D",,,Plein jour,En agglomération,Hors intersection,Autre,Autre collision,,,,,,,,,,,1,2,1,9.0,6
201400040480,0014-03-22 15:08:00,14,3,22,15,8,920,50,"20, LIBERTE AVENUE DE LA",,,Plein jour,En agglomération,Hors intersection,Temps éblouissant,Deux véhicules - arrière,,,,,,,,,,,1,2,1,7.0,2
201400040481,0014-03-23 15:20:00,14,3,23,15,20,920,50,"14, JOFFRE MARECHAL AVEN",,,Plein jour,En agglomération,Hors intersection,Pluie légère,Autre collision,,,,,,,,,,,1,2,1,2.0,6
201400040482,0014-03-26 06:20:00,14,3,26,6,20,920,50,"176, SURESNES RUE DE",,,Crépuscule ou aube,En agglomération,Intersection en X,Temps couvert,Autre collision,,,,,,,,,,,2,2,2,8.0,6
201400040483,0014-03-26 17:35:00,14,3,26,17,35,920,50,"97, LECLERC GENERAL AVEN",,,Plein jour,En agglomération,Hors intersection,Autre,Sans collision,,,,,,,,,,,1,2,1,9.0,7
201400040484,0014-03-26 19:30:00,14,3,26,19,30,920,50,"265, CLEMENCEAU GEORGES",,,Crépuscule ou aube,En agglomération,Hors intersection,Autre,Deux véhicules - arrière,,,,,,,,,,,2,2,1,9.0,2
201400040485,0014-03-28 18:30:00,14,3,28,18,30,920,50,REPUBLIQUE AVENUE DE LA,,,Plein jour,En agglomération,Intersection en T,Autre,Trois véhicules et plus - en chaîne,,,,,,,,,,,1,2,3,9.0,4
201400040486,0014-03-31 17:10:00,14,3,31,17,10,920,50,"272, CLEMENCEAU GEORGES",,,Plein jour,En agglomération,Hors intersection,Autre,Autre collision,,,,,,,,,,,1,2,1,9.0,6
201400040487,0014-04-01 16:10:00,14,4,1,16,10,920,50,"34, JOFFRE MARECHAL AVEN",,,Plein jour,En agglomération,Hors intersection,Autre,Deux véhicules - arrière,,,,,,,,,,,1,2,1,9.0,2
201400040488,0014-04-08 10:20:00,14,4,8,10,20,920,50,DEFENSE BOULEVARD DE LA,,,Plein jour,En agglomération,Hors intersection,Autre,Deux véhicules - arrière,,,,,,,,,,,1,2,1,9.0,2
201400040489,0014-04-11 15:45:00,14,4,11,15,45,920,50,"50, SARTROUVILLE RUE DE",,,Plein jour,En agglomération,Hors intersection,Normale,Autre collision,,,,,,,,,,,1,2,1,1.0,6
201400040490,0014-04-14 12:15:00,14,4,14,12,15,920,50,LAMARTINE RUE,,,Plein jour,En agglomération,Intersection en T,Autre,Autre collision,,,,,,,,,,,1,2,3,9.0,6
201400040491,0014-04-16 10:25:00,14,4,16,10,25,920,50,QUENTIN JULES AVENUE,,,Plein jour,En agglomération,Intersection en T,Temps éblouissant,Deux véhicules - côté,,,,,,,,,,,1,2,3,7.0,3
201400040492,0014-04-24 11:20:00,14,4,24,11,20,920,50,SAINT CLOUD RUE DE,,,Plein jour,En agglomération,Giratoire,Autre,Autre collision,,,,,,,,,,,1,2,6,9.0,6
201400040493,0014-04-27 22:00:00,14,4,27,22,0,920,50,LENINE VLADIMIR ILITCH A,,,Nuit avec éclairage allumé,En agglomération,Hors intersection,Normale,Deux véhicules - côté,,,,,,,,,,,5,2,1,1.0,3
201400040494,0014-04-30 11:05:00,14,4,30,11,5,920,50,ARAGO FRANCOIS AVENUE,,,Plein jour,En agglomération,Hors intersection,Autre,Sans collision,,,,,,,,,,,1,2,1,9.0,7
201400040495,0014-05-02 09:15:00,14,5,2,9,15,920,50,JOILIOT CURIE F. ET IREN,,,Plein jour,En agglomération,Intersection en X,Temps couvert,Deux véhicules - côté,,,,,,,,,,,1,2,2,8.0,3
201400040496,0014-05-03 15:30:00,14,5,3,15,30,920,50,"83, JOILIOT CURIE F. ET",,,Plein jour,En agglomération,Hors intersection,Pluie légère,Deux véhicules - côté,,,,,,,,,,,1,2,1,2.0,3
201400040497,0014-05-03 13:45:00,14,5,3,13,45,920,50,CLEMENCEAU GEORGES AVENU,,,Plein jour,En agglomération,Intersection en T,Temps éblouissant,Deux véhicules - côté,,,,,,,,,,,1,2,3,7.0,3
201400040498,0014-05-05 09:50:00,14,5,5,9,50,920,50,"47, HAVRE BOULEVARD DU",,,Plein jour,En agglomération,Hors intersection,Autre,Deux véhicules - côté,,,,,,,,,,,1,2,1,9.0,3
201400040499,0014-05-06 14:55:00,14,5,6,14,55,920,50,GALLIENI GENERAL AVENUE,,,Plein jour,En agglomération,Intersection en X,Autre,Autre collision,,,,,,,,,,,1,2,2,9.0,6
201400040500,0014-05-09 21:50:00,14,5,9,21,50,920,50,JOLIOT CURIE F. ET IRENE,,,Nuit avec éclairage allumé,En agglomération,Hors intersection,Normale,Deux véhicules - côté,,,,,,,,,,,5,2,1,1.0,3
201400040501,0014-05-09 09:00:00,14,5,9,9,0,920,50,PREMIER MAI RUE DU,,,Plein jour,En agglomération,Intersection en X,Autre,Trois véhicules et plus - collisions multiples,,,,,,,,,,,1,2,2,9.0,5
201400040502,0014-04-15 18:20:00,14,4,15,18,20,920,50,"0000000000,  Route Natio",,,Plein jour,Hors agglomération,Hors intersection,Temps éblouissant,Autre collision,,,,,,,,,,,1,1,1,7.0,6
201400040503,0014-05-16 07:45:00,14,5,16,7,45,920,50,"neant, CHATOU ROUTE DE",,,Plein jour,En agglomération,Intersection en X,Normale,Deux véhicules - côté,,,,,,,,,,,1,2,2,1.0,3
201400040504,0014-05-10 00:58:00,14,5,10,0,58,920,50,PLACE NELSON MANDELA,,,Nuit avec éclairage allumé,En agglomération,Intersection en X,Normale,Deux véhicules - côté,,,,,,,,,,,5,2,2,1.0,3
201400040505,0014-05-11 01:00:00,14,5,11,1,0,920,50,A86 sortie,,,Nuit avec éclairage allumé,En agglomération,Hors intersection,Autre,Sans collision,,,,,,,,,,,5,2,1,9.0,7
201400040506,0014-05-14 17:10:00,14,5,14,17,10,920,50,LECUYER LOUIS RUE,,,Plein jour,En agglomération,Intersection en T,Autre,Deux véhicules - côté,,,,,,,,,,,1,2,3,9.0,3
201400040507,0014-05-14 18:10:00,14,5,14,18,10,920,50,JOFFRE MARECHAL AVENUE D,,,Plein jour,En agglomération,Intersection en T,Autre,Deux véhicules - côté,,,,,,,,,,,1,2,3,9.0,3
201400040508,0014-05-14 19:30:00,14,5,14,19,30,920,50,"21, PICASSO PABLO AVENUE",,,Plein jour,En agglomération,Hors intersection,Temps éblouissant,Autre collision,,,,,,,,,,,1,2,1,7.0,6
201400040509,0014-05-15 17:45:00,14,5,15,17,45,920,50,"2, SORBIERS RUE DES",,,Plein jour,En agglomération,Hors intersection,Autre,Deux véhicules - frontale,,,,,,,,,,,1,2,1,9.0,1
201400040510,0014-05-16 16:00:00,14,5,16,16,0,920,50,JOILIOT CURIE F. ET IREN,,,Plein jour,En agglomération,Intersection en T,Temps éblouissant,Deux véhicules - côté,,,,,,,,,,,1,2,3,7.0,3
201400040511,0014-05-17 08:45:00,14,5,17,8,45,920,50,CROIX RUE DE LA,,,Plein jour,En agglomération,Intersection en T,Autre,Autre collision,,,,,,,,,,,1,2,3,9.0,6
201400040512,0014-05-18 13:00:00,14,5,18,13,0,920,50,DEFENSE BOULEVARD DE LA,,,Plein jour,En agglomération,Hors intersection,Autre,Deux véhicules - côté,,,,,,,,,,,1,2,1,9.0,3
201400040513,0014-05-20 07:05:00,14,5,20,7,5,920,50,BOULE PLACE DE LA,,,Plein jour,En agglomération,Giratoire,Autre,Deux véhicules - côté,,,,,,,,,,,1,2,6,9.0,3
201400040514,0014-05-23 18:40:00,14,5,23,18,40,920,50,"40, SURESNES RUE DE",,,Plein jour,En agglomération,Hors intersection,Autre,Deux véhicules - côté,,,,,,,,,,,1,2,1,9.0,3
201400040515,0014-05-27 15:00:00,14,5,27,15,0,920,50,"74, PICASSO PABLO AVENUE",,,Plein jour,En agglomération,Hors intersection,Autre,Autre collision,,,,,,,,,,,1,2,1,9.0,6
201400040516,0014-06-03 12:40:00,14,6,3,12,40,920,50,"154, CLEMENCEAU GEORGES",,,Plein jour,En agglomération,Hors intersection,Temps couvert,Autre collision,,,,,,,,,,,1,2,1,8.0,6
201400040517,0014-06-06 09:30:00,14,6,6,9,30,920,50,"21, PICASSO PABLO AVENUE",,,Plein jour,En agglomération,Giratoire,Autre,Deux véhicules - arrière,,,,,,,,,,,1,2,6,9.0,2
201400040518,0014-06-06 14:45:00,14,6,6,14,45,920,50,"49, PONS NOEL RUE",,,Plein jour,En agglomération,Hors intersection,Autre,Deux véhicules - frontale,,,,,,,,,,,1,2,1,9.0,1
201400040519,0014-06-06 17:35:00,14,6,6,17,35,920,50,"151, PICASSO PABLO AVENU",,,Plein jour,En agglomération,Hors intersection,Autre,Deux véhicules - côté,,,,,,,,,,,1,2,1,9.0,3
201400040520,0014-06-21 12:40:00,14,6,21,12,40,920,50,"n?ant, HAVRE BOULEVARD D",,,Plein jour,En agglomération,Hors intersection,Normale,Deux véhicules - côté,,,,,,,,,,,1,2,1,1.0,3
201400040521,0014-06-12 18:10:00,14,6,12,18,10,920,50,HAUTES PATURES RUE DES,,,Plein jour,En agglomération,Hors intersection,Normale,Trois véhicules et plus - en chaîne,,,,,,,,,,,1,2,1,1.0,4
201400040522,0014-06-13 11:40:00,14,6,13,11,40,920,50,"9, GARCHES RUE DE",,,Plein jour,En agglomération,Hors intersection,Normale,Sans collision,,,,,,,,,,,1,2,1,1.0,7
201400040523,0014-06-14 15:00:00,14,6,14,15,0,920,50,"20, PAQUERETTES RUE DES",,,Plein jour,En agglomération,Hors intersection,Normale,Autre collision,,,,,,,,,,,1,2,1,1.0,6
201400040524,0014-06-24 14:45:00,14,6,24,14,45,920,50,"8, JOFFRE MARECHAL AVENU",,,Plein jour,En agglomération,Hors intersection,Normale,Autre collision,,,,,,,,,,,1,2,1,1.0,6
201400040525,0014-06-26 11:30:00,14,6,26,11,30,920,50,"334, REPUBLIQUE AVENUE D",,,Plein jour,En agglomération,Hors intersection,Normale,Autre collision,,,,,,,,,,,1,2,1,1.0,6
201400040526,0014-06-17 08:45:00,14,6,17,8,45,920,50,"47, CROIX RUE DE LA",,,Plein jour,En agglomération,Hors intersection,Normale,Sans collision,,,,,,,,,,,1,2,1,1.0,7
201400040527,0014-06-30 15:40:00,14,6,30,15,40,920,50,GAMBETTA RUE,,,Plein jour,En agglomération,Giratoire,Autre,Autre collision,,,,,,,,,,,1,2,6,9.0,6
201400040528,0014-07-04 17:50:00,14,7,4,17,50,920,50,"47, JOFFRE MARECHAL AVEN",,,Plein jour,En agglomération,Hors intersection,Normale,Deux véhicules - côté,,,,,,,,,,,1,2,1,1.0,3
201400040529,0014-07-09 19:30:00,14,7,9,19,30,920,50,"0000000000, RD 914",,,Plein jour,Hors agglomération,Hors intersection,Pluie forte,Deux véhicules - côté,,,,,,,,,,,1,1,1,3.0,3
201400040530,0014-07-11 15:20:00,14,7,11,15,20,920,50,"93, JOLIOT CURIE F. ET I",,,Plein jour,En agglomération,Hors intersection,Normale,Deux véhicules - arrière,,,,,,,,,,,1,2,1,1.0,2
201400040531,0014-07-15 15:15:00,14,7,15,15,15,920,50,"0000000000, JOFFRE MAREC",,,Plein jour,En agglomération,Intersection en T,Temps couvert,Deux véhicules - frontale,,,,,,,,,,,1,2,3,8.0,1
201400040532,0014-07-21 19:10:00,14,7,21,19,10,920,50,"0000000000, FRACHON BENO",,,Plein jour,En agglomération,Hors intersection,Normale,Deux véhicules - arrière,,,,,,,,,,,1,2,1,1.0,2
201400040533,0014-07-18 09:40:00,14,7,18,9,40,920,50,"0000000000, FRACHON BENO",,,Plein jour,En agglomération,Hors intersection,Normale,Deux véhicules - arrière,,,,,,,,,,,1,2,1,1.0,2
201400040534,0014-07-18 14:10:00,14,7,18,14,10,920,50,SARTROUVILLE RUE DE,,,Plein jour,En agglomération,Intersection en T,Normale,Deux véhicules - côté,,,,,,,,,,,1,2,3,1.0,3
201400040535,0014-07-18 14:10:00,14,7,18,14,10,920,50,"0000000000, BOULE PLACE",,,Plein jour,En agglomération,Intersection en T,Normale,Sans collision,,,,,,,,,,,1,2,3,1.0,7
201400040536,0014-07-22 17:25:00,14,7,22,17,25,920,50,BOULE PLACE DE LA,,,Plein jour,En agglomération,Hors intersection,Normale,Deux véhicules - arrière,,,,,,,,,,,1,2,1,1.0,2
201400040537,0014-07-24 01:05:00,14,7,24,1,5,920,50,"49, PONS NOEL RUE",,,Nuit avec éclairage allumé,En agglomération,Hors intersection,Autre,Autre collision,,,,,,,,,,,5,2,1,9.0,6
201400040538,0014-07-28 07:50:00,14,7,28,7,50,920,50,"67, LENINE VLADIMIR ILIT",,,Plein jour,En agglomération,Hors intersection,Autre,Deux véhicules - côté,,,,,,,,,,,1,2,1,9.0,3
201400040539,0014-07-30 18:30:00,14,7,30,18,30,920,50,VAILLANT COUTURIER PAUL,,,Plein jour,En agglomération,Intersection en T,Normale,Deux véhicules - côté,,,,,,,,,,,1,2,3,1.0,3
201400040540,0014-07-30 19:00:00,14,7,30,19,0,920,50,SURESNES RUE DE,,,Plein jour,En agglomération,Intersection en T,Temps éblouissant,Deux véhicules - côté,,,,,,,,,,,1,2,3,7.0,3
201400040541,0014-08-02 09:55:00,14,8,2,9,55,920,50,CLEMENCEAU GEORGES AVENU,,,Plein jour,En agglomération,Hors intersection,Normale,Sans collision,,,,,,,,,,,1,2,1,1.0,7
201400040542,0014-08-19 03:45:00,14,8,19,3,45,920,50,RD 914,,,Nuit avec éclairage allumé,En agglomération,Hors intersection,Autre,Sans collision,,,,,,,,,,,5,2,1,9.0,7
201400040543,0014-08-23 03:10:00,14,8,23,3,10,920,50,"22, LECLERC GENERAL AVEN",,,Nuit avec éclairage allumé,En agglomération,Hors intersection,Pluie légère,Sans collision,,,,,,,,,,,5,2,1,2.0,7
201400040544,0014-08-28 13:50:00,14,8,28,13,50,920,50,FUSILLES DE LA RESISTANC,,,Plein jour,En agglomération,Hors intersection,Normale,Deux véhicules - arrière,,,,,,,,,,,1,2,1,1.0,2
201400040545,0014-08-11 20:40:00,14,8,11,20,40,920,50,"0000000000, PICASSO PABL",,,Plein jour,En agglomération,Hors intersection,Autre,Deux véhicules - arrière,,,,,,,,,,,1,2,1,9.0,2
201400040546,0014-09-03 14:20:00,14,9,3,14,20,920,50,SURESNES RUE DE,,,Plein jour,En agglomération,Intersection en X,Autre,Deux véhicules - côté,,,,,,,,,,,1,2,2,9.0,3
201400040547,0014-09-15 17:50:00,14,9,15,17,50,920,50,"54, CHAMPS PIERREUX AVEN",,,Plein jour,En agglomération,Hors intersection,Autre,Deux véhicules - frontale,,,,,,,,,,,1,2,1,9.0,1
201400040548,0014-09-17 18:35:00,14,9,17,18,35,920,50,"182, CLEMENCEAU GEORGES",,,Plein jour,En agglomération,Hors intersection,Temps éblouissant,Autre collision,,,,,,,,,,,1,2,1,7.0,6
201400040549,0014-09-19 11:55:00,14,9,19,11,55,920,50,"33, PROVINCES FRANCAISES",,,Plein jour,En agglomération,Hors intersection,Normale,Autre collision,,,,,,,,,,,1,2,1,1.0,6
201400040550,0014-09-19 10:15:00,14,9,19,10,15,920,50,"235, CLEMENCEAU GEORGES",,,Plein jour,En agglomération,Hors intersection,Normale,Deux véhicules - arrière,,,,,,,,,,,1,2,1,1.0,2
201400040551,0014-09-19 21:00:00,14,9,19,21,0,920,50,"190, REPUBLIQUE AVENUE D",,,Nuit avec éclairage allumé,En agglomération,Hors intersection,Normale,Autre collision,,,,,,,,,,,5,2,1,1.0,6
201400040552,0014-09-20 02:10:00,14,9,20,2,10,920,50,GARE RUE DE LA,,,Nuit avec éclairage allumé,En agglomération,Hors intersection,Autre,Autre collision,,,,,,,,,,,5,2,1,9.0,6
201400040553,0014-09-25 13:20:00,14,9,25,13,20,920,50,MUGUETS PLACE DES,,,Plein jour,En agglomération,Intersection en X,Autre,Deux véhicules - côté,,,,,,,,,,,1,2,2,9.0,3
201400040554,0014-09-24 20:20:00,14,9,24,20,20,920,50,"77, STALINGRAD RUE DE",,,Plein jour,En agglomération,Hors intersection,Pluie légère,Autre collision,,,,,,,,,,,1,2,1,2.0,6
201400040555,0014-10-02 14:00:00,14,10,2,14,0,920,50,", LEVANT BOULEVARD DU",,,Plein jour,En agglomération,Intersection en Y,Normale,Deux véhicules - côté,,,,,,,,,,,1,2,4,1.0,3
201400040556,0014-09-30 00:01:00,14,9,30,0,1,920,50,RD 914,,,Nuit avec éclairage allumé,En agglomération,Hors intersection,Temps couvert,Deux véhicules - côté,,,,,,,,,,,5,2,1,8.0,3
201400040557,0014-10-02 11:20:00,14,10,2,11,20,920,50,DEFENSE BOULEVARD DE LA,,,Plein jour,En agglomération,Intersection en T,Normale,Deux véhicules - arrière,,,,,,,,,,,1,2,3,1.0,2
201400040558,0014-10-02 15:30:00,14,10,2,15,30,920,50,BOUVETS BOULEVARD DES,,,Plein jour,En agglomération,Hors intersection,Pluie légère,Sans collision,,,,,,,,,,,1,2,1,2.0,7
201400040559,0014-10-09 15:45:00,14,10,9,15,45,920,50,"85, JOLIOT CURIE F. ET I",,,Plein jour,En agglomération,Hors intersection,Normale,Trois véhicules et plus - en chaîne,,,,,,,,,,,1,2,1,1.0,4