accident_id,datetime,annee,mois,jour,heure,minute,departement,commune_insee,adresse,latitude,longitude,luminosite,agglomeration,intersection,meteo,collision,nb_vehicules,nb_usagers,nb_indemnes,nb_tues,nb_blesses_hosp,nb_blesses_legers,age_cond_1,age_cond_2,veh_type_cond_1,veh_type_cond_2,lum_code,agg_code,int_code,atm_code,col_code
201400040560,0014-10-10 12:10:00,14,10,10,12,10,920,50,"93, LENINE VLADIMIR ILIT",,,Plein jour,En agglomération,Hors intersection,Autre,Deux véhicules - arrière,,,,,,,,,,,1,2,1,9.0,2
201400040561,0014-10-10 07:30:00,14,10,10,7,30,920,50,CLEMENCEAU GEORGES AVENU,,,Plein jour,En agglomération,Hors intersection,Autre,Autre collision,,,,,,,,,,,1,2,1,9.0,6
201400040562,0014-10-15 22:20:00,14,10,15,22,20,920,50,"13, UNION RUE DE L'",,,Nuit avec éclairage allumé,En agglomération,Hors intersection,Normale,Deux véhicules - frontale,,,,,,,,,,,5,2,1,1.0,1
201400040563,0014-10-19 13:35:00,14,10,19,13,35,920,50,"345, VAILLANT COUTURIER",,,Plein jour,En agglomération,Intersection en T,Autre,Deux véhicules - arrière,,,,,,,,,,,1,2,3,9.0,2
201400040564,0014-10-26 03:40:00,14,10,26,3,40,920,50,ARAGO FRANCOIS AVENUE,,,Nuit avec éclairage allumé,En agglomération,Hors intersection,Normale,Deux véhicules - arrière,,,,,,,,,,,5,2,1,1.0,2
201400040565,0014-10-26 17:50:00,14,10,26,17,50,920,50,STALINGRAD RUE DE,,,Plein jour,En agglomération,Intersection en T,Autre,Deux véhicules - côté,,,,,,,,,,,1,2,3,9.0,3
201400040566,0014-10-28 16:35:00,14,10,28,16,35,920,50,"65, THOREZ MAURICE RUE",,,Plein jour,En agglomération,Hors intersection,Autre,Autre collision,,,,,,,,,,,1,2,1,9.0,6
201400040567,0014-10-29 09:35:00,14,10,29,9,35,920,50,"62, FONTANOT RUE DES TRO",,,Plein jour,En agglomération,Intersection en T,Temps couvert,Autre collision,,,,,,,,,,,1,2,3,8.0,6
201400040568,0014-10-30 12:40:00,14,10,30,12,40,920,50,"81, JOFFRE MARECHAL AVEN",,,Plein jour,En agglomération,Intersection en T,Autre,Autre collision,,,,,,,,,,,1,2,3,9.0,6
201400040569,0014-10-31 17:10:00,14,10,31,17,10,920,50,CLEMENCEAU GEORGES AVENU,,,Crépuscule ou aube,En agglomération,Hors intersection,Normale,Deux véhicules - arrière,,,,,,,,,,,2,2,1,1.0,2
201400040570,0014-10-29 09:30:00,14,10,29,9,30,920,50,"n?ant, BOUVETS BOULEVARD",,,Plein jour,En agglomération,Hors intersection,Pluie légère,Deux véhicules - frontale,,,,,,,,,,,1,2,1,2.0,1
201400040571,0014-11-03 18:00:00,14,11,3,18,0,920,50,ARAGO FRANCOIS AVENUE,,,Nuit avec éclairage allumé,En agglomération,Intersection en X,Pluie forte,Autre collision,,,,,,,,,,,5,2,2,3.0,6
201400040572,0014-10-30 15:30:00,14,10,30,15,30,920,50,"1, PONS NOEL RUE",,,Plein jour,En agglomération,Hors intersection,Normale,Deux véhicules - frontale,,,,,,,,,,,1,2,1,1.0,1
201400040573,0014-11-04 19:45:00,14,11,4,19,45,920,50,"22 A, SADI CARNOT RUE",,,Nuit avec éclairage allumé,En agglomération,Hors intersection,Autre,Deux véhicules - côté,,,,,,,,,,,5,2,1,9.0,3
201400040574,0014-09-27 21:00:00,14,9,27,21,0,920,50,"neant, JOFFRE MARECHAL A",,,Nuit avec éclairage allumé,En agglomération,Hors intersection,Autre,Sans collision,,,,,,,,,,,5,2,1,9.0,7
201400040575,0014-09-11 01:10:00,14,9,11,1,10,920,50,"n?ant, BAILLET JEAN RUE",,,Plein jour,En agglomération,Hors intersection,Normale,Deux véhicules - arrière,,,,,,,,,,,1,2,1,1.0,2
201400040576,0014-11-12 19:40:00,14,11,12,19,40,920,50,"379, REPUBLIQUE AVENUE D",,,Nuit avec éclairage allumé,En agglomération,Intersection en Y,Autre,Autre collision,,,,,,,,,,,5,2,4,9.0,6
201400040577,0014-09-17 19:20:00,14,9,17,19,20,920,50,"77, PICASSO PABLO AVENUE",,,Crépuscule ou aube,En agglomération,Hors intersection,Normale,Deux véhicules - côté,,,,,,,,,,,2,2,1,1.0,3
201400040578,0014-11-17 18:15:00,14,11,17,18,15,920,50,"NEANT, CLEMENCEAU GEORGE",,,Nuit avec éclairage allumé,En agglomération,Intersection en X,Pluie légère,Autre collision,,,,,,,,,,,5,2,2,2.0,6
201400040579,0014-11-18 18:45:00,14,11,18,18,45,920,50,"38, JOFFRE MARECHAL AVEN",,,Nuit avec éclairage allumé,En agglomération,Hors intersection,Pluie légère,Deux véhicules - côté,,,,,,,,,,,5,2,1,2.0,3
201400040580,0014-10-29 20:45:00,14,10,29,20,45,920,50,"NEANT, VAILLANT COUTURIE",,,Nuit avec éclairage allumé,En agglomération,Hors intersection,Normale,Deux véhicules - frontale,,,,,,,,,,,5,2,1,1.0,1
201400040581,0014-11-20 17:55:00,14,11,20,17,55,920,50,SEINE BOULEVARD DE,,,Nuit avec éclairage allumé,En agglomération,Intersection en X,Pluie légère,Autre collision,,,,,,,,,,,5,2,2,2.0,6
201400040582,0014-11-22 22:15:00,14,11,22,22,15,920,50,", PROVINCES FRANCAISES B",,,Nuit avec éclairage allumé,En agglomération,Intersection en T,Normale,Deux véhicules - arrière,,,,,,,,,,,5,2,3,1.0,2
201400040583,0014-11-30 19:40:00,14,11,30,19,40,920,50,PONS NOEL RUE,,,Nuit avec éclairage allumé,En agglomération,Intersection en T,Pluie légère,Sans collision,,,,,,,,,,,5,2,3,2.0,7
201400040584,0014-11-28 08:55:00,14,11,28,8,55,920,50,"88, CLEMENCEAU GEORGES A",,,Plein jour,En agglomération,Intersection en T,Autre,Deux véhicules - côté,,,,,,,,,,,1,2,3,9.0,3
201400040585,0014-11-28 18:15:00,14,11,28,18,15,920,50,"22, STALINGRAD RUE DE",,,Nuit avec éclairage allumé,En agglomération,Hors intersection,Autre,Autre collision,,,,,,,,,,,5,2,1,9.0,6
201400040586,0014-12-01 22:00:00,14,12,1,22,0,920,50,BOULE PLACE DE LA,,,Nuit avec éclairage allumé,En agglomération,Giratoire,Pluie légère,Deux véhicules - côté,,,,,,,,,,,5,2,6,2.0,3
201400040587,0014-10-17 14:00:00,14,10,17,14,0,920,50,"45, NEUILLY RUE DE",,,Plein jour,En agglomération,Hors intersection,Autre,Deux véhicules - arrière,,,,,,,,,,,1,2,1,9.0,2
201400040588,0014-12-02 14:00:00,14,12,2,14,0,920,50,STALINGRAD RUE DE,,,Plein jour,En agglomération,Hors intersection,Autre,Autre collision,,,,,,,,,,,1,2,1,9.0,6
201400040589,0014-12-09 11:25:00,14,12,9,11,25,920,50,SAINT CLOUD RUE DE,,,Plein jour,En agglomération,Giratoire,Normale,Autre collision,,,,,,,,,,,1,2,6,1.0,6
201400040590,0014-12-09 17:20:00,14,12,9,17,20,920,50,"16, LAVOISIER RUE",,,Nuit avec éclairage allumé,En agglomération,Hors intersection,Normale,Deux véhicules - côté,,,,,,,,,,,5,2,1,1.0,3
201400040591,0014-12-16 09:00:00,14,12,16,9,0,920,50,GARCHES RUE DE,,,Plein jour,En agglomération,Hors intersection,Temps couvert,Deux véhicules - côté,,,,,,,,,,,1,2,1,8.0,3
201400040592,0014-12-11 14:05:00,14,12,11,14,5,920,50,ANCIENNES MAIRIES RUE DE,,,Plein jour,En agglomération,Intersection en T,Temps couvert,Autre collision,,,,,,,,,,,1,2,3,8.0,6
201400040593,0014-12-17 04:10:00,14,12,17,4,10,920,50,boulevard Aim? C?saire,,,Nuit avec éclairage allumé,En agglomération,Hors intersection,Pluie forte,Autre collision,,,,,,,,,,,5,2,1,3.0,6
201400040594,0014-12-15 12:10:00,14,12,15,12,10,920,50,HAVRE BOULEVARD DU,,,Plein jour,En agglomération,Intersection en X,Normale,Deux véhicules - arrière,,,,,,,,,,,1,2,2,1.0,2
201400040595,0014-12-10 13:05:00,14,12,10,13,5,920,50,PONS NOEL RUE,,,Plein jour,En agglomération,Intersection en X,Normale,Deux véhicules - frontale,,,,,,,,,,,1,2,2,1.0,1
201400040596,0014-12-24 14:20:00,14,12,24,14,20,920,50,"60, BARBUSSE HENRI RUE",,,Plein jour,En agglomération,Hors intersection,Normale,Deux véhicules - frontale,,,,,,,,,,,1,2,1,1.0,1
201400040597,0014-12-31 19:45:00,14,12,31,19,45,920,50,"215, CLEMENCEAU GEORGES",,,Nuit avec éclairage allumé,En agglomération,Hors intersection,Normale,Autre collision,,,,,,,,,,,5,2,1,1.0,6
201400040598,0014-01-06 08:40:00,14,1,6,8,40,920,51,"101, LONGCHAMP (RUE DE)",,,Plein jour,En agglomération,Hors intersection,Normale,Deux véhicules - côté,,,,,,,,,,,1,2,1,1.0,3
201400040599,0014-01-07 16:20:00,14,1,7,16,20,920,51,"70, MAURICE BARRES (BOUL",,,Plein jour,En agglomération,Hors intersection,Normale,Trois véhicules et plus - en chaîne,,,,,,,,,,,1,2,1,1.0,4
201400040600,0014-01-08 14:40:00,14,1,8,14,40,920,51,"135, ACHILLE PERETTI (AV",,,Plein jour,En agglomération,Intersection en X,Normale,Deux véhicules - côté,,,,,,,,,,,1,2,2,1.0,3
201400040601,0014-02-28 09:40:00,14,2,28,9,40,920,51,"26, GARNIER (RUE)",,,Plein jour,En agglomération,Hors intersection,Normale,Deux véhicules - arrière,,,,,,,,,,,1,2,1,1.0,2
201400040602,0014-12-11 14:00:00,14,12,11,14,0,920,51,"127, CHARLES DE GAULLE (",,,Plein jour,En agglomération,Hors intersection,Normale,Deux véhicules - arrière,,,,,,,,,,,1,2,1,1.0,2
201400040603,0014-12-13 16:10:00,14,12,13,16,10,920,51,"133, CHARLES DE GAULLE (",,,Plein jour,En agglomération,Hors intersection,Pluie légère,Deux véhicules - arrière,,,,,,,,,,,1,2,1,2.0,2
201400040604,0014-01-17 20:10:00,14,1,17,20,10,920,51,"03, GENERAL KOENIG (BOUL",,,Nuit avec éclairage allumé,En agglomération,Hors intersection,Normale,Autre collision,,,,,,,,,,,5,2,1,1.0,6
201400040605,0014-01-18 16:10:00,14,1,18,16,10,920,51,"168, CHARLES DE GAULLE (",,,Plein jour,En agglomération,Hors intersection,Normale,Autre collision,,,,,,,,,,,1,2,1,1.0,6
201400040606,0014-01-19 19:25:00,14,1,19,19,25,920,51,"136 bis, CHARLES DE GAUL",,,Nuit avec éclairage allumé,En agglomération,Hors intersection,Normale,Autre collision,,,,,,,,,,,5,2,1,1.0,6
201400040607,0014-01-15 09:50:00,14,1,15,9,50,920,51,"81, BINEAU (BOULEVARD, N",,,Plein jour,En agglomération,Intersection en X,Normale,Sans collision,,,,,,,,,,,1,2,2,1.0,7
201400040608,0014-02-03 12:20:00,14,2,3,12,20,920,51,"159, CHARLES DE GAULLE (",,,Plein jour,En agglomération,Hors intersection,Normale,Autre collision,,,,,,,,,,,1,2,1,1.0,6
201400040609,0014-02-02 14:25:00,14,2,2,14,25,920,51,"16bis, SOYER (RUE)",,,Plein jour,En agglomération,Hors intersection,Normale,Autre collision,,,,,,,,,,,1,2,1,1.0,6
201400040610,0014-02-03 14:10:00,14,2,3,14,10,920,51,"58, CHARLES DE GAULLE (A",,,Plein jour,En agglomération,Hors intersection,Normale,Deux véhicules - arrière,,,,,,,,,,,1,2,1,1.0,2
201400040611,0014-02-04 11:45:00,14,2,4,11,45,920,51,"BINEAU (BOULEVARD, N?53",,,Plein jour,En agglomération,Intersection en X,Normale,Deux véhicules - côté,,,,,,,,,,,1,2,2,1.0,3
201400040612,0014-02-07 12:30:00,14,2,7,12,30,920,51,"27, VICTOR HUGO (BOULEVA",,,Plein jour,En agglomération,Hors intersection,Normale,Autre collision,,,,,,,,,,,1,2,1,1.0,6
201400040613,0014-02-10 17:40:00,14,2,10,17,40,920,51,"96, GENERAL KOENIG (BOUL",,,Plein jour,En agglomération,Hors intersection,Normale,Autre collision,,,,,,,,,,,1,2,1,1.0,6
201400040614,0014-01-28 17:15:00,14,1,28,17,15,920,51,"56, ROULE (AVENUE DU, N?",,,Crépuscule ou aube,En agglomération,Hors intersection,Pluie légère,Autre collision,,,,,,,,,,,2,2,1,2.0,6
201400040615,0014-02-11 18:00:00,14,2,11,18,0,920,51,"96 bis, ACHILLE PERETTI",,,Crépuscule ou aube,En agglomération,Hors intersection,Pluie légère,Autre collision,,,,,,,,,,,2,2,1,2.0,6
201400040616,0014-02-12 17:45:00,14,2,12,17,45,920,51,"207, ACHILLE PERETTI (AV",,,Crépuscule ou aube,En agglomération,Hors intersection,Pluie forte,Deux véhicules - arrière,,,,,,,,,,,2,2,1,3.0,2
201400040617,0014-02-09 20:20:00,14,2,9,20,20,920,51,"42, ROULE (AVENUE DU, N?",,,Nuit avec éclairage allumé,En agglomération,Hors intersection,Temps couvert,Autre collision,,,,,,,,,,,5,2,1,8.0,6
201400040618,0014-02-10 10:45:00,14,2,10,10,45,920,51,"42, ROULE (AVENUE DU, N?",,,Plein jour,En agglomération,Hors intersection,Normale,Sans collision,,,,,,,,,,,1,2,1,1.0,7
201400040619,0014-02-14 17:55:00,14,2,14,17,55,920,51,"16 bis, MADRID (AVENUE D",,,Crépuscule ou aube,En agglomération,Intersection en X,Normale,Autre collision,,,,,,,,,,,2,2,2,1.0,6
201400040620,0014-02-24 09:00:00,14,2,24,9,0,920,51,"15, JEAN MERMOZ (BOULEVA",,,Plein jour,En agglomération,Intersection en X,Normale,Autre collision,,,,,,,,,,,1,2,2,1.0,6
201400040621,0014-02-22 17:55:00,14,2,22,17,55,920,51,"07, MADRID (AVENUE DE)",,,Plein jour,En agglomération,Hors intersection,Normale,Deux véhicules - côté,,,,,,,,,,,1,2,1,1.0,3
201400040622,0014-02-28 16:25:00,14,2,28,16,25,920,51,"21, RICHARD WALLACE (BOU",,,Plein jour,En agglomération,Hors intersection,Pluie légère,Deux véhicules - arrière,,,,,,,,,,,1,2,1,2.0,2
201400040623,0014-03-04 08:55:00,14,3,4,8,55,920,51,"41, VICTOR HUGO (BOULEVA",,,Plein jour,En agglomération,Intersection en X,Normale,Autre collision,,,,,,,,,,,1,2,2,1.0,6
201400040624,0014-03-05 09:30:00,14,3,5,9,30,920,51,"81, BINEAU (BOULEVARD, N",,,Plein jour,En agglomération,Intersection en X,Normale,Deux véhicules - côté,,,,,,,,,,,1,2,2,1.0,3
201400040625,0014-03-06 13:05:00,14,3,6,13,5,920,51,"71, ROULE (AVENUE DU, N?",,,Plein jour,En agglomération,Intersection en X,Normale,Autre collision,,,,,,,,,,,1,2,2,1.0,6
201400040626,0014-03-08 15:50:00,14,3,8,15,50,920,51,"135, CHARLES DE GAULLE (",,,Plein jour,En agglomération,Hors intersection,Normale,Autre collision,,,,,,,,,,,1,2,1,1.0,6
201400040627,0014-02-05 13:38:00,14,2,5,13,38,920,51,"191, ACHILLE PERETTI (AV",,,Plein jour,En agglomération,Intersection en X,Normale,Deux véhicules - côté,,,,,,,,,,,1,2,2,1.0,3
201400040628,0014-03-10 09:40:00,14,3,10,9,40,920,51,"40, ARGENSON (BOULEVARD,",,,Plein jour,En agglomération,Hors intersection,Normale,Sans collision,,,,,,,,,,,1,2,1,1.0,7
201400040629,0014-03-11 13:30:00,14,3,11,13,30,920,51,"12, MADRID (AVENUE DE)",,,Plein jour,En agglomération,Hors intersection,Normale,Deux véhicules - côté,,,,,,,,,,,1,2,1,1.0,3
201400040630,0014-03-11 15:30:00,14,3,11,15,30,920,51,"75, JACQUES DULUD (RUE)",,,Plein jour,En agglomération,Hors intersection,Normale,Deux véhicules - côté,,,,,,,,,,,1,2,1,1.0,3
201400040631,0014-04-25 07:10:00,14,4,25,7,10,920,51,"65, CHATEAU (BOULEVARD D",,,Crépuscule ou aube,En agglomération,Hors intersection,Pluie forte,Autre collision,,,,,,,,,,,2,2,1,3.0,6
201400040632,0014-03-18 09:30:00,14,3,18,9,30,920,51,"29-31, CHARLES DE GAULLE",,,Plein jour,En agglomération,Hors intersection,Normale,Deux véhicules - côté,,,,,,,,,,,1,2,1,1.0,3
201400040633,0014-03-21 16:40:00,14,3,21,16,40,920,51,"27, VICTOR HUGO (BOULEVA",,,Plein jour,En agglomération,Hors intersection,Normale,Deux véhicules - frontale,,,,,,,,,,,1,2,1,1.0,1
201400040634,0014-03-25 10:00:00,14,3,25,10,0,920,51,"70, MAURICE BARRES (BOUL",,,Plein jour,En agglomération,Hors intersection,Pluie légère,Deux véhicules - frontale,,,,,,,,,,,1,2,1,2.0,1
201400040635,0014-04-01 10:05:00,14,4,1,10,5,920,51,"86, ROULE (AVENUE DU, N?",,,Plein jour,En agglomération,Giratoire,Normale,Deux véhicules - côté,,,,,,,,,,,1,2,6,1.0,3
201400040636,0014-04-01 12:50:00,14,4,1,12,50,920,51,"43, ARGENSON (BOULEVARD,",,,Plein jour,En agglomération,Hors intersection,Normale,Autre collision,,,,,,,,,,,1,2,1,1.0,6
201400040637,0014-04-02 20:30:00,14,4,2,20,30,920,51,"92, ROULE (AVENUE DU, N?",,,Nuit avec éclairage allumé,En agglomération,Hors intersection,Normale,Deux véhicules - arrière,,,,,,,,,,,5,2,1,1.0,2
201400040638,0014-04-05 15:15:00,14,4,5,15,15,920,51,"47, CHARLES DE GAULLE (A",,,Plein jour,En agglomération,Hors intersection,Normale,Deux véhicules - arrière,,,,,,,,,,,1,2,1,1.0,2
201400040639,0014-04-05 15:40:00,14,4,5,15,40,920,51,"7, SAUSSAYE (BOULEVARD D",,,Plein jour,En agglomération,Giratoire,Normale,Deux véhicules - frontale,,,,,,,,,,,1,2,6,1.0,1
201400040640,0014-04-01 19:45:00,14,4,1,19,45,920,51,"44, CHARLES DE GAULLE (A",,,Plein jour,En agglomération,Hors intersection,Normale,Sans collision,,,,,,,,,,,1,2,1,1.0,7
201400040641,0014-04-09 10:10:00,14,4,9,10,10,920,51,"48, CHARLES DE GAULLE (A",,,Plein jour,En agglomération,Hors intersection,Normale,Autre collision,,,,,,,,,,,1,2,1,1.0,6
201400040642,0014-04-14 19:15:00,14,4,14,19,15,920,51,"13, INKERMANN (BOULEVARD",,,Plein jour,En agglomération,Intersection en X,Normale,Deux véhicules - côté,,,,,,,,,,,1,2,2,1.0,3
201400040643,0014-04-22 20:55:00,14,4,22,20,55,920,51,"45bis, COMMANDANT CHARCO",,,Crépuscule ou aube,En agglomération,Hors intersection,Normale,Autre collision,,,,,,,,,,,2,2,1,1.0,6
201400040644,0014-04-26 01:40:00,14,4,26,1,40,920,51,"79, GENERAL KOENIG (BOUL",,,Nuit avec éclairage allumé,En agglomération,Hors intersection,Normale,Autre collision,,,,,,,,,,,5,2,1,1.0,6
201400040645,0014-04-26 02:50:00,14,4,26,2,50,920,51,"60, CHARLES DE GAULLE (A",,,Nuit avec éclairage allumé,En agglomération,Hors intersection,Normale,Deux véhicules - frontale,,,,,,,,,,,5,2,1,1.0,1
201400040646,0014-03-18 14:00:00,14,3,18,14,0,920,51,"04, CHATEAU (BOULEVARD D",,,Plein jour,En agglomération,Hors intersection,Normale,Autre collision,,,,,,,,,,,1,2,1,1.0,6
201400040647,0014-04-07 23:00:00,14,4,7,23,0,920,51,"68, ROULE (AVENUE DU, N?",,,Nuit avec éclairage allumé,Hors agglomération,Intersection en T,Normale,Deux véhicules - côté,,,,,,,,,,,5,1,3,1.0,3
201400040648,0014-04-05 20:05:00,14,4,5,20,5,920,51,"113, GENERAL KOENIG (BOU",,,Nuit avec éclairage allumé,En agglomération,Hors intersection,Normale,Autre collision,,,,,,,,,,,5,2,1,1.0,6
201400040649,0014-05-09 22:10:00,14,5,9,22,10,920,51,"112, CHARLES DE GAULLE (",,,Crépuscule ou aube,En agglomération,Hors intersection,Normale,Deux véhicules - arrière,,,,,,,,,,,2,2,1,1.0,2
201400040650,0014-05-15 14:25:00,14,5,15,14,25,920,51,"17, RICHARD WALLACE (BOU",,,Plein jour,En agglomération,Hors intersection,Normale,Deux véhicules - arrière,,,,,,,,,,,1,2,1,1.0,2
201400040651,0014-05-15 15:55:00,14,5,15,15,55,920,51,"15, ACHILLE PERETTI (AVE",,,Plein jour,En agglomération,Intersection en X,Normale,Autre collision,,,,,,,,,,,1,2,2,1.0,6
201400040652,0014-05-16 09:45:00,14,5,16,9,45,920,51,"54, BINEAU (BOULEVARD, N",,,Plein jour,En agglomération,Intersection à plus de 4 branches,Normale,Autre collision,,,,,,,,,,,1,2,5,1.0,6
201400040653,0014-05-21 09:30:00,14,5,21,9,30,920,51,"55, VICTOR HUGO (BOULEVA",,,Plein jour,En agglomération,Intersection en X,Pluie légère,Deux véhicules - côté,,,,,,,,,,,1,2,2,2.0,3
201400040654,0014-05-25 01:50:00,14,5,25,1,50,920,51,"42, CHATEAU (BOULEVARD D",,,Nuit avec éclairage allumé,En agglomération,Intersection en X,Pluie légère,Sans collision,,,,,,,,,,,5,2,2,2.0,7
201400040655,0014-05-27 18:55:00,14,5,27,18,55,920,51,"16, GENERAL LECLERC (BOU",,,Plein jour,En agglomération,Intersection en T,Normale,Deux véhicules - côté,,,,,,,,,,,1,2,3,1.0,3
201400040656,0014-05-29 14:20:00,14,5,29,14,20,920,51,"36, CHARLES DE GAULLE (A",,,Plein jour,En agglomération,Hors intersection,Normale,Autre collision,,,,,,,,,,,1,2,1,1.0,6
201400040657,0014-06-04 10:20:00,14,6,4,10,20,920,51,"5, RICHARD WALLACE (BOUL",,,Plein jour,En agglomération,Intersection en X,Pluie légère,Deux véhicules - côté,,,,,,,,,,,1,2,2,2.0,3
201400040658,0014-04-17 22:35:00,14,4,17,22,35,920,51,"8bis, JULIEN POTIN (BOUL",,,Nuit avec éclairage allumé,En agglomération,Hors intersection,Normale,Sans collision,,,,,,,,,,,5,2,1,1.0,7
201400040659,0014-05-17 18:30:00,14,5,17,18,30,920,51,"13, VICTOR HUGO (BOULEVA",,,Plein jour,En agglomération,Hors intersection,Normale,Autre collision,,,,,,,,,,,1,2,1,1.0,6
201400040660,0014-06-11 09:05:00,14,6,11,9,5,920,51,"62 bis, CHARLES DE GAULL",,,Plein jour,En agglomération,Hors intersection,Normale,Autre collision,,,,,,,,,,,1,2,1,1.0,6
201400040661,0014-05-14 12:10:00,14,5,14,12,10,920,51,"5, RICHARD WALLACE (BOUL",,,Plein jour,En agglomération,Intersection en T,Normale,Autre collision,,,,,,,,,,,1,2,3,1.0,6
201400040662,0014-06-13 15:30:00,14,6,13,15,30,920,51,"45, GENERAL LECLERC (BOU",,,Plein jour,En agglomération,Hors intersection,Normale,Deux véhicules - arrière,,,,,,,,,,,1,2,1,1.0,2
201400040663,0014-06-14 12:00:00,14,6,14,12,0,920,51,"12 bis, SOYER (RUE)",,,Plein jour,En agglomération,Hors intersection,Normale,Autre collision,,,,,,,,,,,1,2,1,1.0,6
201400040664,0014-06-16 14:20:00,14,6,16,14,20,920,51,"106, ACHILLE PERETTI (AV",,,Plein jour,En agglomération,Hors intersection,Normale,Deux véhicules - arrière,,,,,,,,,,,1,2,1,1.0,2
201400040665,0014-06-06 22:51:00,14,6,6,22,51,920,51,"59, PERRONET (RUE, N?1 A",,,Nuit avec éclairage allumé,En agglomération,Intersection en X,Normale,Deux véhicules - côté,,,,,,,,,,,5,2,2,1.0,3
201400040666,0014-06-17 09:00:00,14,6,17,9,0,920,51,"200, BINEAU (BOULEVARD,",,,Plein jour,En agglomération,Intersection en T,Normale,Deux véhicules - côté,,,,,,,,,,,1,2,3,1.0,3
201400040667,0014-06-17 16:50:00,14,6,17,16,50,920,51,"33, ARGENSON (BOULEVARD,",,,Plein jour,En agglomération,Intersection en X,Normale,Autre collision,,,,,,,,,,,1,2,2,1.0,6
201400040668,0014-06-20 10:50:00,14,6,20,10,50,920,51,"81, CHARLES DE GAULLE (A",,,Plein jour,En agglomération,Hors intersection,Normale,Trois véhicules et plus - en chaîne,,,,,,,,,,,1,2,1,1.0,4
201400040669,0014-06-20 18:45:00,14,6,20,18,45,920,51,"17, RICHARD WALLACE (BOU",,,Plein jour,En agglomération,Hors intersection,Normale,Autre collision,,,,,,,,,,,1,2,1,1.0,6
201400040670,0014-06-06 13:30:00,14,6,6,13,30,920,51,"73, CHARLES DE GAULLE (A",,,Plein jour,En agglomération,Hors intersection,Normale,Sans collision,,,,,,,,,,,1,2,1,1.0,7
201400040671,0014-06-19 12:53:00,14,6,19,12,53,920,51,"91, CHARLES DE GAULLE (A",,,Plein jour,En agglomération,Hors intersection,Normale,Autre collision,,,,,,,,,,,1,2,1,1.0,6
201400040672,0014-06-15 00:35:00,14,6,15,0,35,920,51,"46 bis, CHARLES DE GAULL",,,Nuit avec éclairage allumé,En agglomération,Hors intersection,Normale,Sans collision,,,,,,,,,,,5,2,1,1.0,7
201400040673,0014-06-23 13:55:00,14,6,23,13,55,920,51,"50, CHARLES DE GAULLE (A",,,Plein jour,En agglomération,Hors intersection,Normale,Deux véhicules - arrière,,,,,,,,,,,1,2,1,1.0,2
201400040674,0014-06-22 22:00:00,14,6,22,22,0,920,51,"158, CHARLES DE GAULLE (",,,Crépuscule ou aube,En agglomération,Hors intersection,Normale,Autre collision,,,,,,,,,,,2,2,1,1.0,6
201400040675,0014-06-23 20:20:00,14,6,23,20,20,920,51,"24, CHARTRES (RUE DE )",,,Plein jour,En agglomération,Hors intersection,Normale,Autre collision,,,,,,,,,,,1,2,1,1.0,6
201400040676,0014-06-26 09:20:00,14,6,26,9,20,920,51,"189, BINEAU (BOULEVARD,",,,Plein jour,En agglomération,Hors intersection,Normale,Deux véhicules - côté,,,,,,,,,,,1,2,1,1.0,3
201400040677,0014-06-12 17:30:00,14,6,12,17,30,920,51,"16, HUISSIERS (RUE DES)",,,Plein jour,En agglomération,Hors intersection,Normale,Autre collision,,,,,,,,,,,1,2,1,1.0,6
201400040678,0014-07-01 20:00:00,14,7,1,20,0,920,51,"22, ANCELLE (RUE)",,,Plein jour,En agglomération,Intersection en X,Temps éblouissant,Autre collision,,,,,,,,,,,1,2,2,7.0,6
201400040679,0014-07-03 09:20:00,14,7,3,9,20,920,51,"41, GENERAL LECLERC (BOU",,,Plein jour,En agglomération,Hors intersection,Normale,Autre collision,,,,,,,,,,,1,2,1,1.0,6
201400040680,0014-07-03 20:10:00,14,7,3,20,10,920,51,"83, LONGCHAMP (RUE DE)",,,Plein jour,En agglomération,Hors intersection,Normale,Autre collision,,,,,,,,,,,1,2,1,1.0,6
201400040681,0014-07-04 18:45:00,14,7,4,18,45,920,51,"61, CHARLES DE GAULLE (A",,,Plein jour,En agglomération,Hors intersection,Temps couvert,Deux véhicules - arrière,,,,,,,,,,,1,2,1,8.0,2
201400040682,0014-07-04 09:20:00,14,7,4,9,20,920,51,"52, PERRONET (RUE, N?1 A",,,Plein jour,En agglomération,Hors intersection,Normale,Deux véhicules - côté,,,,,,,,,,,1,2,1,1.0,3
201400040683,0014-07-14 09:50:00,14,7,14,9,50,920,51,"5, RICHARD WALLACE (BOUL",,,Plein jour,En agglomération,Hors intersection,Temps couvert,Deux véhicules - côté,,,,,,,,,,,1,2,1,8.0,3
201400040684,0014-07-17 16:55:00,14,7,17,16,55,920,51,"3, RICHARD WALLACE (BOUL",,,Plein jour,En agglomération,Hors intersection,Normale,Deux véhicules - côté,,,,,,,,,,,1,2,1,1.0,3
201400040685,0014-07-18 11:10:00,14,7,18,11,10,920,51,"2, HOTEL DE VILLE (RUE D",,,Plein jour,En agglomération,Intersection en T,Normale,Autre collision,,,,,,,,,,,1,2,3,1.0,6
201400040686,0014-07-21 12:25:00,14,7,21,12,25,920,51,"03, RICHARD WALLACE (BOU",,,Plein jour,En agglomération,Intersection en T,Normale,Deux véhicules - côté,,,,,,,,,,,1,2,3,1.0,3
201400040687,0014-06-19 18:50:00,14,6,19,18,50,920,51,"50, CHARLES DE GAULLE (A",,,Plein jour,En agglomération,Hors intersection,Normale,Trois véhicules et plus - collisions multiples,,,,,,,,,,,1,2,1,1.0,5