accident_id,datetime,annee,mois,jour,heure,minute,departement,commune_insee,adresse,latitude,longitude,luminosite,agglomeration,intersection,meteo,collision,nb_vehicules,nb_usagers,nb_indemnes,nb_tues,nb_blesses_hosp,nb_blesses_legers,age_cond_1,age_cond_2,veh_type_cond_1,veh_type_cond_2,lum_code,agg_code,int_code,atm_code,col_code
201400040688,0014-07-27 10:40:00,14,7,27,10,40,920,51,"1, MARINE (RUE DE LA)",,,Plein jour,En agglomération,Intersection en T,Normale,Deux véhicules - côté,,,,,,,,,,,1,2,3,1.0,3
201400040689,0014-07-30 18:50:00,14,7,30,18,50,920,51,"57, CHARLES DE GAULLE (A",,,Plein jour,En agglomération,Hors intersection,Normale,Deux véhicules - arrière,,,,,,,,,,,1,2,1,1.0,2
201400040690,0014-03-16 03:35:00,14,3,16,3,35,920,51,"44, CHARLES DE GAULLE (A",,,Nuit avec éclairage allumé,En agglomération,Hors intersection,Normale,Trois véhicules et plus - collisions multiples,,,,,,,,,,,5,2,1,1.0,5
201400040691,0014-07-30 19:20:00,14,7,30,19,20,920,51,"54, INKERMANN (BOULEVARD",,,Plein jour,En agglomération,Intersection en X,Normale,Deux véhicules - arrière,,,,,,,,,,,1,2,2,1.0,2
201400040692,0014-07-07 07:20:00,14,7,7,7,20,920,51,"113, CHARLES DE GAULLE (",,,Plein jour,En agglomération,Hors intersection,Normale,Deux véhicules - côté,,,,,,,,,,,1,2,1,1.0,3
201400040693,0014-08-08 11:00:00,14,8,8,11,0,920,51,"81, BINEAU (BOULEVARD, N",,,Plein jour,En agglomération,Intersection en X,Pluie légère,Deux véhicules - côté,,,,,,,,,,,1,2,2,2.0,3
201400040694,0014-08-09 17:45:00,14,8,9,17,45,920,51,"75, GENERAL KOENIG (BOUL",,,Plein jour,En agglomération,Intersection en T,Normale,Autre collision,,,,,,,,,,,1,2,3,1.0,6
201400040695,0014-08-10 12:35:00,14,8,10,12,35,920,51,"18, MARCHE (PLACE DU)",,,Plein jour,En agglomération,Hors intersection,Normale,Autre collision,,,,,,,,,,,1,2,1,1.0,6
201400040696,0014-08-27 14:25:00,14,8,27,14,25,920,51,"135, ACHILLE PERETTI (AV",,,Plein jour,En agglomération,Intersection en T,Normale,Deux véhicules - côté,,,,,,,,,,,1,2,3,1.0,3
201400040697,0014-09-03 12:40:00,14,9,3,12,40,920,51,"6, SOYER (RUE)",,,Plein jour,En agglomération,Hors intersection,Normale,Autre collision,,,,,,,,,,,1,2,1,1.0,6
201400040698,0014-09-17 16:55:00,14,9,17,16,55,920,51,"92, BINEAU (BOULEVARD, N",,,Plein jour,En agglomération,Hors intersection,Normale,Deux véhicules - côté,,,,,,,,,,,1,2,1,1.0,3
201400040699,0014-09-18 08:30:00,14,9,18,8,30,920,51,"BINEAU (BOULEVARD, N?133",,,Plein jour,En agglomération,Hors intersection,Normale,Deux véhicules - arrière,,,,,,,,,,,1,2,1,1.0,2
201400040700,0014-09-25 17:00:00,14,9,25,17,0,920,51,"11bis, MADRID (AVENUE DE",,,Plein jour,En agglomération,Hors intersection,Normale,Deux véhicules - côté,,,,,,,,,,,1,2,1,1.0,3
201400040701,0014-09-23 13:10:00,14,9,23,13,10,920,51,"166, ACHILLE PERETTI (AV",,,Plein jour,En agglomération,Hors intersection,Normale,Autre collision,,,,,,,,,,,1,2,1,1.0,6
201400040702,0014-09-29 14:45:00,14,9,29,14,45,920,51,"62, GENERAL LECLERC (BOU",,,Plein jour,En agglomération,Hors intersection,Normale,Sans collision,,,,,,,,,,,1,2,1,1.0,7
201400040703,0014-10-06 22:20:00,14,10,6,22,20,920,51,"57, ROULE (AVENUE DU, N?",,,Nuit avec éclairage allumé,En agglomération,Giratoire,Pluie légère,Autre collision,,,,,,,,,,,5,2,6,2.0,6
201400040704,0014-10-07 09:10:00,14,10,7,9,10,920,51,"05, RICHARD WALLACE (BOU",,,Plein jour,En agglomération,Hors intersection,Normale,Autre collision,,,,,,,,,,,1,2,1,1.0,6
201400040705,0014-10-08 12:10:00,14,10,8,12,10,920,51,"114, BINEAU (BOULEVARD,",,,Plein jour,En agglomération,Hors intersection,Temps couvert,Autre collision,,,,,,,,,,,1,2,1,8.0,6
201400040706,0014-10-12 20:05:00,14,10,12,20,5,920,51,"7, GARNIER (RUE)",,,Nuit avec éclairage allumé,En agglomération,Hors intersection,Pluie légère,Sans collision,,,,,,,,,,,5,2,1,2.0,7
201400040707,0014-10-14 10:40:00,14,10,14,10,40,920,51,"25, VICTOR HUGO (BOULEVA",,,Plein jour,En agglomération,Hors intersection,Normale,Deux véhicules - côté,,,,,,,,,,,1,2,1,1.0,3
201400040708,0014-10-15 08:40:00,14,10,15,8,40,920,51,"46bis, CHARLES DE GAULLE",,,Plein jour,En agglomération,Hors intersection,Normale,Autre collision,,,,,,,,,,,1,2,1,1.0,6
201400040709,0014-10-15 16:35:00,14,10,15,16,35,920,51,"61, VICTOR HUGO (BOULEVA",,,Plein jour,En agglomération,Hors intersection,Pluie légère,Deux véhicules - côté,,,,,,,,,,,1,2,1,2.0,3
201400040710,0014-10-15 17:33:00,14,10,15,17,33,920,51,"54, CHARLES DE GAULLE (A",,,Plein jour,En agglomération,Hors intersection,Normale,Autre collision,,,,,,,,,,,1,2,1,1.0,6
201400040711,0014-10-16 08:25:00,14,10,16,8,25,920,51,"94 bis, LONGCHAMP (RUE D",,,Plein jour,En agglomération,Hors intersection,Normale,Autre collision,,,,,,,,,,,1,2,1,1.0,6
201400040712,0014-10-16 16:05:00,14,10,16,16,5,920,51,SAUSSAYE (RUE DE LA),,,Plein jour,En agglomération,Autre intersection,Normale,Sans collision,,,,,,,,,,,1,2,9,1.0,7
201400040713,0014-10-17 21:05:00,14,10,17,21,5,920,51,"36, VICTOR HUGO (BOULEVA",,,Nuit avec éclairage allumé,En agglomération,Intersection en X,Normale,Trois véhicules et plus - collisions multiples,,,,,,,,,,,5,2,2,1.0,5
201400040714,0014-10-18 12:50:00,14,10,18,12,50,920,51,"11BIS, MADRID (AVENUE DE",,,Plein jour,En agglomération,Hors intersection,Normale,Deux véhicules - côté,,,,,,,,,,,1,2,1,1.0,3
201400040715,0014-10-19 04:10:00,14,10,19,4,10,920,51,"120, BINEAU (BOULEVARD,",,,Nuit avec éclairage allumé,En agglomération,Hors intersection,Normale,Autre collision,,,,,,,,,,,5,2,1,1.0,6
201400040716,0014-10-18 13:00:00,14,10,18,13,0,920,51,"BINEAU (BOULEVARD, N?133",,,Plein jour,En agglomération,Intersection en X,Normale,Sans collision,,,,,,,,,,,1,2,2,1.0,7
201400040717,0014-10-21 10:20:00,14,10,21,10,20,920,51,"73, COMMANDANT CHARCOT (",,,Plein jour,En agglomération,Hors intersection,Normale,Deux véhicules - côté,,,,,,,,,,,1,2,1,1.0,3
201400040718,0014-10-24 17:45:00,14,10,24,17,45,920,51,"41, VILLIERS (RUE DE, N?",,,Crépuscule ou aube,En agglomération,Hors intersection,Pluie légère,Autre collision,,,,,,,,,,,2,2,1,2.0,6
201400040719,0014-10-29 18:55:00,14,10,29,18,55,920,51,"28, PARMENTIER (RUE)",,,Nuit avec éclairage allumé,En agglomération,Hors intersection,Normale,Autre collision,,,,,,,,,,,5,2,1,1.0,6
201400040720,0014-10-30 09:40:00,14,10,30,9,40,920,51,"136, CHARLES DE GAULLE (",,,Plein jour,En agglomération,Intersection en T,Normale,Deux véhicules - côté,,,,,,,,,,,1,2,3,1.0,3
201400040721,0014-11-02 09:50:00,14,11,2,9,50,920,51,"105, ACHILLE PERETTI (AV",,,Plein jour,En agglomération,Intersection en T,Normale,Deux véhicules - côté,,,,,,,,,,,1,2,3,1.0,3
201400040722,0014-10-27 10:35:00,14,10,27,10,35,920,51,"5, JACQUES DULUD (RUE)",,,Plein jour,En agglomération,Hors intersection,Normale,Sans collision,,,,,,,,,,,1,2,1,1.0,7
201400040723,0014-11-05 20:30:00,14,11,5,20,30,920,51,"42, GENERAL KOENIG (BOUL",,,Nuit avec éclairage allumé,En agglomération,Hors intersection,Normale,Deux véhicules - arrière,,,,,,,,,,,5,2,1,1.0,2
201400040724,0014-11-09 15:50:00,14,11,9,15,50,920,51,"ARGENSON (BOULEVARD, N?",,,Plein jour,En agglomération,Giratoire,Normale,Deux véhicules - côté,,,,,,,,,,,1,2,6,1.0,3
201400040725,0014-11-21 08:20:00,14,11,21,8,20,920,51,"112, CHARLES DE GAULLE (",,,Plein jour,En agglomération,Hors intersection,Normale,Deux véhicules - arrière,,,,,,,,,,,1,2,1,1.0,2
201400040726,0014-11-17 10:00:00,14,11,17,10,0,920,51,"156, BINEAU (BOULEVARD,",,,Plein jour,En agglomération,Hors intersection,Normale,Deux véhicules - côté,,,,,,,,,,,1,2,1,1.0,3
201400040727,0014-11-26 10:45:00,14,11,26,10,45,920,51,"09bis, RICHARD WALLACE (",,,Plein jour,En agglomération,Hors intersection,Normale,Autre collision,,,,,,,,,,,1,2,1,1.0,6
201400040728,0014-11-29 18:25:00,14,11,29,18,25,920,51,"36, GENERAL LECLERC (BOU",,,Crépuscule ou aube,En agglomération,Hors intersection,Normale,Deux véhicules - frontale,,,,,,,,,,,2,2,1,1.0,1
201400040729,0014-11-29 13:05:00,14,11,29,13,5,920,51,"BINEAU (BOULEVARD, N?133",,,Plein jour,En agglomération,Intersection en X,Normale,Sans collision,,,,,,,,,,,1,2,2,1.0,7
201400040730,0014-12-02 17:30:00,14,12,2,17,30,920,51,"204, BINEAU (BOULEVARD,",,,Nuit avec éclairage allumé,En agglomération,Hors intersection,Temps couvert,Deux véhicules - arrière,,,,,,,,,,,5,2,1,8.0,2
201400040731,0014-12-03 15:05:00,14,12,3,15,5,920,51,"103, ROULE (AVENUE DU, N",,,Plein jour,En agglomération,Intersection en T,Normale,Trois véhicules et plus - collisions multiples,,,,,,,,,,,1,2,3,1.0,5
201400040732,0014-11-18 20:40:00,14,11,18,20,40,920,51,"166, CHARLES DE GAULLE (",,,Nuit avec éclairage allumé,En agglomération,Giratoire,Temps couvert,Deux véhicules - arrière,,,,,,,,,,,5,2,6,8.0,2
201400040733,0014-12-12 19:15:00,14,12,12,19,15,920,51,"10, JEAN MERMOZ (BOULEVA",,,Nuit avec éclairage allumé,En agglomération,Intersection en T,Pluie légère,Autre collision,,,,,,,,,,,5,2,3,2.0,6
201400040734,0014-12-17 23:20:00,14,12,17,23,20,920,51,"182, BINEAU (BOULEVARD,",,,Nuit avec éclairage allumé,En agglomération,Intersection en X,Pluie légère,Sans collision,,,,,,,,,,,5,2,2,2.0,7
201400040735,0014-12-19 09:40:00,14,12,19,9,40,920,51,"12, GARNIER (RUE)",,,Plein jour,En agglomération,Hors intersection,Normale,Deux véhicules - côté,,,,,,,,,,,1,2,1,1.0,3
201400040736,0014-12-16 23:40:00,14,12,16,23,40,920,51,RICHARD WALLACE (BOULEVA,,,Nuit avec éclairage allumé,En agglomération,Intersection en X,Normale,Deux véhicules - côté,,,,,,,,,,,5,2,2,1.0,3
201400040737,0014-12-23 13:45:00,14,12,23,13,45,920,51,"22, JEAN MERMOZ (BOULEVA",,,Plein jour,En agglomération,Intersection en X,Normale,Autre collision,,,,,,,,,,,1,2,2,1.0,6
201400040738,0014-12-31 08:15:00,14,12,31,8,15,920,51,CHATEAU (BOULEVARD DU),,,Plein jour,En agglomération,Intersection en X,Normale,Autre collision,,,,,,,,,,,1,2,2,1.0,6
201400040739,0014-01-12 13:05:00,14,1,12,13,5,920,62,"1, BERGERES RD-PT DES) D",,,Plein jour,En agglomération,Intersection en T,Temps couvert,Deux véhicules - côté,,,,,,,,,,,1,2,3,8.0,3
201400040740,0014-01-13 08:50:00,14,1,13,8,50,920,62,"61, JAURES (RUE JEAN) DU",,,Plein jour,En agglomération,Intersection en T,Temps couvert,Autre collision,,,,,,,,,,,1,2,3,8.0,6
201400040741,0014-01-14 09:40:00,14,1,14,9,40,920,62,"27, DE DION BOUTON (QUAI",,,Plein jour,En agglomération,Hors intersection,Temps couvert,Deux véhicules - côté,,,,,,,,,,,1,2,1,8.0,3
201400040742,0014-01-15 15:07:00,14,1,15,15,7,920,62,"33, VOLTAIRE (RUE)",,,Plein jour,En agglomération,Hors intersection,Normale,Autre collision,,,,,,,,,,,1,2,1,1.0,6
201400040743,0014-01-25 17:20:00,14,1,25,17,20,920,62,"31-33, WALLACE (BD RICHA",,,Crépuscule ou aube,En agglomération,Hors intersection,Normale,Autre collision,,,,,,,,,,,2,2,1,1.0,6
201400040744,0014-01-28 15:05:00,14,1,28,15,5,920,62,"67, DE DION BOUTON (QUAI",,,Plein jour,Hors agglomération,Intersection en T,Normale,Deux véhicules - arrière,,,,,,,,,,,1,1,3,1.0,2
201400040745,0014-02-09 23:45:00,14,2,9,23,45,920,62,"2, BAS-ROGERS (RUE DES)",,,Nuit avec éclairage allumé,En agglomération,Intersection en T,Normale,Deux véhicules - frontale,,,,,,,,,,,5,2,3,1.0,1
201400040746,0014-02-12 17:20:00,14,2,12,17,20,920,62,"145 bis, REPUBLIQUE (RUE",,,Nuit avec éclairage allumé,En agglomération,Hors intersection,Pluie forte,Autre collision,,,,,,,,,,,5,2,1,3.0,6
201400040747,0014-02-19 14:30:00,14,2,19,14,30,920,62,"14, all?e henri sellier",,,Plein jour,En agglomération,Hors intersection,Normale,Autre collision,,,,,,,,,,,1,2,1,1.0,6
201400040748,0014-02-19 09:10:00,14,2,19,9,10,920,62,"60, GENERAL DE GAULLE (A",,,Plein jour,En agglomération,Hors intersection,Temps couvert,Autre collision,,,,,,,,,,,1,2,1,8.0,6
201400040749,0014-02-18 08:00:00,14,2,18,8,0,920,62,"70, DE DION BOUTON (QUAI",,,Nuit avec éclairage allumé,En agglomération,Hors intersection,Pluie légère,Autre collision,,,,,,,,,,,5,2,1,2.0,6
201400040750,0014-03-07 17:50:00,14,3,7,17,50,920,62,"53, WALLACE (BD RICHARD)",,,Plein jour,En agglomération,Intersection en T,Normale,Autre collision,,,,,,,,,,,1,2,3,1.0,6
201400040751,0014-03-26 12:30:00,14,3,26,12,30,920,62,"106, BERGERES RD-PT DES)",,,Plein jour,En agglomération,Place,Normale,Autre collision,,,,,,,,,,,1,2,7,1.0,6
201400040752,0014-04-05 09:40:00,14,4,5,9,40,920,62,"17, WALLACE (BD RICHARD)",,,Plein jour,En agglomération,Intersection en T,Normale,Autre collision,,,,,,,,,,,1,2,3,1.0,6
201400040753,0014-04-05 15:20:00,14,4,5,15,20,920,62,"24, DE DION BOUTON (QUAI",,,Plein jour,En agglomération,Intersection en T,Normale,Deux véhicules - arrière,,,,,,,,,,,1,2,3,1.0,2
201400040754,0014-04-12 17:05:00,14,4,12,17,5,920,62,"66, WALLACE (BD RICHARD)",,,Plein jour,En agglomération,Intersection en T,Normale,Autre collision,,,,,,,,,,,1,2,3,1.0,6
201400040755,0014-04-25 08:40:00,14,4,25,8,40,920,62,"31-32, DE DION BOUTON (Q",,,Plein jour,En agglomération,Hors intersection,Pluie forte,Deux véhicules - côté,,,,,,,,,,,1,2,1,3.0,3
201400040756,0014-05-17 17:05:00,14,5,17,17,5,920,62,"24, BERT (RUE PAUL)",,,Plein jour,En agglomération,Hors intersection,Normale,Autre collision,,,,,,,,,,,1,2,1,1.0,6
201400040757,0014-06-03 11:05:00,14,6,3,11,5,920,62,"59, DE DION BOUTON (QUAI",,,Plein jour,En agglomération,Hors intersection,Normale,Autre collision,,,,,,,,,,,1,2,1,1.0,6
201400040758,0014-06-15 10:30:00,14,6,15,10,30,920,62,CHANTE COQ (RUE),,,Plein jour,En agglomération,Intersection en T,Normale,Autre collision,,,,,,,,,,,1,2,3,1.0,6
201400040759,0014-06-18 17:50:00,14,6,18,17,50,920,62,"161, REPUBLIQUE (RUE DE",,,Plein jour,En agglomération,Hors intersection,Normale,Autre collision,,,,,,,,,,,1,2,1,1.0,6
201400040760,0014-06-25 00:25:00,14,6,25,0,25,920,62,"39, SAULNIER (RUE) DU 11",,,Nuit avec éclairage allumé,En agglomération,Intersection en T,Normale,Deux véhicules - côté,,,,,,,,,,,5,2,3,1.0,3
201400040761,0014-07-02 12:05:00,14,7,2,12,5,920,62,", SOLJENITSYNE  (BD ALEX",,,Plein jour,En agglomération,Hors intersection,Normale,Deux véhicules - côté,,,,,,,,,,,1,2,1,1.0,3
201400040762,0014-07-02 19:30:00,14,7,2,19,30,920,62,"11, DE DION BOUTON (QUAI",,,Plein jour,En agglomération,Hors intersection,Normale,Deux véhicules - arrière,,,,,,,,,,,1,2,1,1.0,2
201400040763,0014-07-08 09:15:00,14,7,8,9,15,920,62,"157, REPUBLIQUE (RUE DE",,,Plein jour,En agglomération,Intersection en T,Pluie légère,Trois véhicules et plus - collisions multiples,,,,,,,,,,,1,2,3,2.0,5
201400040764,0014-07-22 00:30:00,14,7,22,0,30,920,62,"111, BERGERES (RD-PT DES",,,Nuit avec éclairage allumé,En agglomération,Intersection en T,Normale,Deux véhicules - côté,,,,,,,,,,,5,2,3,1.0,3
201400040765,0014-07-23 11:40:00,14,7,23,11,40,920,62,"14, POMPIDOU (AV GEORGES",,,Plein jour,En agglomération,Hors intersection,Normale,Deux véhicules - côté,,,,,,,,,,,1,2,1,1.0,3
201400040766,0014-07-30 20:10:00,14,7,30,20,10,920,62,"14, BLANCHE (RUE AUGUSTE",,,Plein jour,En agglomération,Hors intersection,Normale,Autre collision,,,,,,,,,,,1,2,1,1.0,6
201400040767,0014-08-16 10:40:00,14,8,16,10,40,920,62,WALLACE (BD RICHARD) DU,,,Plein jour,En agglomération,Intersection en T,Normale,Deux véhicules - frontale,,,,,,,,,,,1,2,3,1.0,1
201400040768,0014-08-08 16:15:00,14,8,8,16,15,920,62,"1, BAS-ROGERS (RUE DES)",,,Plein jour,En agglomération,Intersection en T,Normale,Sans collision,,,,,,,,,,,1,2,3,1.0,7
201400040769,0014-09-05 10:45:00,14,9,5,10,45,920,62,"11, DE DION BOUTON (QUAI",,,Plein jour,En agglomération,Intersection en T,Normale,Deux véhicules - arrière,,,,,,,,,,,1,2,3,1.0,2
201400040770,0014-09-13 16:15:00,14,9,13,16,15,920,62,"85, GENERAL DE GAULLE (A",,,Plein jour,En agglomération,Hors intersection,Normale,Deux véhicules - arrière,,,,,,,,,,,1,2,1,1.0,2
201400040771,0014-09-14 19:46:00,14,9,14,19,46,920,62,"102, REPUBLIQUE (RUE DE",,,Nuit avec éclairage allumé,En agglomération,Intersection en T,Normale,Deux véhicules - frontale,,,,,,,,,,,5,2,3,1.0,1
201400040772,0014-09-15 18:10:00,14,9,15,18,10,920,62,"102, REPUBLIQUE (RUE DE",,,Plein jour,En agglomération,Intersection en T,Normale,Autre collision,,,,,,,,,,,1,2,3,1.0,6
201400040773,0014-09-15 17:15:00,14,9,15,17,15,920,62,"16, BERTHELOT (RUE MARCE",,,Plein jour,En agglomération,Hors intersection,Normale,Deux véhicules - frontale,,,,,,,,,,,1,2,1,1.0,1
201400040774,0014-09-17 14:05:00,14,9,17,14,5,920,62,"145, REPUBLIQUE (RUE DE",,,Plein jour,En agglomération,Intersection en T,Normale,Sans collision,,,,,,,,,,,1,2,3,1.0,7
201400040775,0014-09-23 11:40:00,14,9,23,11,40,920,62,"46, BERT (RUE PAUL)",,,Plein jour,En agglomération,Hors intersection,Normale,Autre collision,,,,,,,,,,,1,2,1,1.0,6
201400040776,0014-09-25 16:00:00,14,9,25,16,0,920,62,"108, BERGERES RD-PT DES)",,,Plein jour,En agglomération,Intersection en T,Normale,Deux véhicules - côté,,,,,,,,,,,1,2,3,1.0,3
201400040777,0014-09-26 10:20:00,14,9,26,10,20,920,62,"28, DE DION BOUTON (QUAI",,,Plein jour,En agglomération,Intersection en T,Normale,Trois véhicules et plus - collisions multiples,,,,,,,,,,,1,2,3,1.0,5
201400040778,0014-10-22 19:25:00,14,10,22,19,25,920,62,"10, WALLACE (BD RICHARD)",,,Nuit avec éclairage allumé,En agglomération,Hors intersection,Normale,Autre collision,,,,,,,,,,,5,2,1,1.0,6
201400040779,0014-10-27 14:10:00,14,10,27,14,10,920,62,"6, DE DION BOUTON (QUAI)",,,Plein jour,En agglomération,Hors intersection,Normale,Deux véhicules - arrière,,,,,,,,,,,1,2,1,1.0,2
201400040780,0014-10-23 08:10:00,14,10,23,8,10,920,62,"59, DE DION BOUTON (QUAI",,,Crépuscule ou aube,En agglomération,Hors intersection,Normale,Deux véhicules - arrière,,,,,,,,,,,2,2,1,1.0,2
201400040781,0014-10-23 13:00:00,14,10,23,13,0,920,62,DE DION BOUTON (QUAI) DU,,,Plein jour,En agglomération,Hors intersection,Normale,Sans collision,,,,,,,,,,,1,2,1,1.0,7
201400040782,0014-10-24 18:50:00,14,10,24,18,50,920,62,"59, DE DION BOUTON (QUAI",,,Nuit avec éclairage allumé,En agglomération,Hors intersection,Temps couvert,Deux véhicules - arrière,,,,,,,,,,,5,2,1,8.0,2
201400040783,0014-10-31 23:25:00,14,10,31,23,25,920,50,rue du 8 mai 1945,,,Nuit avec éclairage allumé,En agglomération,Intersection en T,Normale,Deux véhicules - côté,,,,,,,,,,,5,2,3,1.0,3
201400040784,0014-11-04 10:45:00,14,11,4,10,45,920,62,"14, LAFARGUES (RUE PAUL)",,,Plein jour,En agglomération,Intersection en T,Normale,Deux véhicules - côté,,,,,,,,,,,1,2,3,1.0,3
201400040785,0014-11-05 17:30:00,14,11,5,17,30,920,62,"26, PAVILLONS (RUE DES)",,,Nuit avec éclairage allumé,En agglomération,Hors intersection,Normale,Deux véhicules - côté,,,,,,,,,,,5,2,1,1.0,3
201400040786,0014-11-14 21:50:00,14,11,14,21,50,920,62,"130-132, VERDUN (RUE DE)",,,Nuit avec éclairage allumé,En agglomération,Hors intersection,Normale,Deux véhicules - arrière,,,,,,,,,,,5,2,1,1.0,2
201400040787,0014-12-12 11:25:00,14,12,12,11,25,920,62,"20, JAURES (RUE JEAN) DU",,,Plein jour,En agglomération,Intersection en T,Pluie légère,Sans collision,,,,,,,,,,,1,2,3,2.0,7
201400040788,0014-12-13 12:20:00,14,12,13,12,20,920,62,"11, DE DION BOUTON (QUAI",,,Plein jour,En agglomération,Intersection en T,Brouillard / fumée,Deux véhicules - arrière,,,,,,,,,,,1,2,3,5.0,2
201400040789,0014-01-12 14:55:00,14,1,12,14,55,920,63,"24, FLAUBERT (RUE GUSTAV",,,Plein jour,En agglomération,Hors intersection,Normale,Sans collision,,,,,,,,,,,1,2,1,1.0,7
201400040790,0014-01-13 08:50:00,14,1,13,8,50,920,63,"35, CORIOLIS (RUE DU MAR",,,Plein jour,En agglomération,Hors intersection,Normale,Deux véhicules - arrière,,,,,,,,,,,1,2,1,1.0,2
201400040791,0014-01-14 20:35:00,14,1,14,20,35,920,63,"N?ant, NATIONAL (BOULEVA",48.05216,2.0122,Crépuscule ou aube,En agglomération,Hors intersection,Normale,Sans collision,,,,,,,,,,,2,2,1,1.0,7
201400040792,0014-01-16 07:45:00,14,1,16,7,45,920,63,"****, FOUILLEUSE (AVENUE",,,Nuit avec éclairage non allumé,En agglomération,Intersection en T,Pluie légère,Deux véhicules - côté,,,,,,,,,,,4,2,3,2.0,3
201400040793,0014-01-16 09:45:00,14,1,16,9,45,920,63,"13, JOFFRE (BOULEVARD DU",,,Plein jour,En agglomération,Hors intersection,Pluie légère,Autre collision,,,,,,,,,,,1,2,1,2.0,6
201400040794,0014-01-17 00:01:00,14,1,17,0,1,920,63,"N?ant, COLMAR (AVENUE DE",,,Nuit avec éclairage allumé,En agglomération,Intersection en X,Pluie légère,Deux véhicules - frontale,,,,,,,,,,,5,2,2,2.0,1
201400040795,0014-01-17 09:20:00,14,1,17,9,20,920,63,"294, BONAPARTE (AVENUE N",,,Plein jour,En agglomération,Hors intersection,Normale,Deux véhicules - frontale,,,,,,,,,,,1,2,1,1.0,1
201400040796,0014-01-21 20:00:00,14,1,21,20,0,920,63,"****, SAUVAGE (PLACE NIC",,,Nuit sans éclairage public,En agglomération,Hors intersection,Normale,Sans collision,,,,,,,,,,,3,2,1,1.0,7
201400040797,0014-01-24 08:10:00,14,1,24,8,10,920,63,"50, FOUILLEUSE (AVENUE D",,,Crépuscule ou aube,En agglomération,Hors intersection,Pluie légère,Sans collision,,,,,,,,,,,2,2,1,2.0,7
201400040798,0014-01-25 13:00:00,14,1,25,13,0,920,63,GUE (RUE DU),,,Plein jour,En agglomération,Intersection en X,Normale,Deux véhicules - côté,,,,,,,,,,,1,2,2,1.0,3
201400040799,0014-01-29 15:40:00,14,1,29,15,40,920,63,"113, DOUMER (AVENUE PAUL",,,Plein jour,En agglomération,Hors intersection,Temps couvert,Autre collision,,,,,,,,,,,1,2,1,8.0,6
201400040800,0014-01-29 11:30:00,14,1,29,11,30,920,63,"73, MONTBRISON (RUE DU L",,,Plein jour,En agglomération,Hors intersection,Pluie légère,Autre collision,,,,,,,,,,,1,2,1,2.0,6
201400040801,0014-01-30 13:30:00,14,1,30,13,30,920,63,"133, POMPIDOU (AVENUE DU",,,Plein jour,En agglomération,Hors intersection,Normale,Autre collision,,,,,,,,,,,1,2,1,1.0,6
201400040802,0014-02-03 09:05:00,14,2,3,9,5,920,63,"01, BOIS SAINT-PERE (RUE",,,Plein jour,En agglomération,Hors intersection,Normale,Sans collision,,,,,,,,,,,1,2,1,1.0,7
201400040803,0014-02-04 07:55:00,14,2,4,7,55,920,63,"52/54, POMPIDOU (AVENUE",,,Plein jour,En agglomération,Hors intersection,Normale,Autre collision,,,,,,,,,,,1,2,1,1.0,6
201400040804,0014-02-05 08:30:00,14,2,5,8,30,920,63,"****, ROOSEVELT (BOULEVA",,,Crépuscule ou aube,En agglomération,Intersection en X,Pluie forte,Deux véhicules - frontale,,,,,,,,,,,2,2,2,3.0,1
201400040805,0014-02-07 17:35:00,14,2,7,17,35,920,63,"****, POMPIDOU (AVENUE D",,,Plein jour,En agglomération,Hors intersection,Normale,Autre collision,,,,,,,,,,,1,2,1,1.0,6
201400040806,0014-02-11 08:55:00,14,2,11,8,55,920,63,"14, LANDES (RUE DES)",,,Plein jour,En agglomération,Hors intersection,Normale,Sans collision,,,,,,,,,,,1,2,1,1.0,7
201400040807,0014-02-11 10:50:00,14,2,11,10,50,920,63,"190, DOUMER (AVENUE PAUL",,,Plein jour,En agglomération,Hors intersection,Pluie légère,Autre collision,,,,,,,,,,,1,2,1,2.0,6
201400040808,0014-02-13 08:00:00,14,2,13,8,0,920,63,"118, DANTON (RUE)",,,Crépuscule ou aube,En agglomération,Hors intersection,Pluie forte,Autre collision,,,,,,,,,,,2,2,1,3.0,6
201400040809,0014-02-13 11:00:00,14,2,13,11,0,920,63,"N?ant, BONAPARTE (AVENUE",,,Plein jour,En agglomération,Hors intersection,Pluie légère,Deux véhicules - frontale,,,,,,,,,,,1,2,1,2.0,1
201400040810,0014-02-18 07:30:00,14,2,18,7,30,920,63,COLMAR (AVENUE DE),,,Crépuscule ou aube,En agglomération,Hors intersection,Normale,Deux véhicules - côté,,,,,,,,,,,2,2,1,1.0,3
201400040811,0014-02-18 16:30:00,14,2,18,16,30,920,63,"14, RICHELIEU (BOULEVARD",,,Plein jour,En agglomération,Hors intersection,Normale,Deux véhicules - arrière,,,,,,,,,,,1,2,1,1.0,2
201400040812,0014-03-01 14:05:00,14,3,1,14,5,920,63,"93/95, DOUMER (AVENUE PA",,,Plein jour,En agglomération,Hors intersection,Normale,Autre collision,,,,,,,,,,,1,2,1,1.0,6
201400040813,0014-03-06 16:55:00,14,3,6,16,55,920,63,"9, POMPIDOU (AVENUE DU P",,,Plein jour,En agglomération,Hors intersection,Normale,Autre collision,,,,,,,,,,,1,2,1,1.0,6
201400040814,0014-03-11 13:20:00,14,3,11,13,20,920,63,"****, COLMAR (AVENUE DE)",,,Plein jour,En agglomération,Intersection en T,Normale,Autre collision,,,,,,,,,,,1,2,3,1.0,6
201400040815,0014-03-21 07:40:00,14,3,21,7,40,920,63,"65, COLMAR (AVENUE DE)",,,Plein jour,En agglomération,Hors intersection,Normale,Autre collision,,,,,,,,,,,1,2,1,1.0,6