accident_id,datetime,annee,mois,jour,heure,minute,departement,commune_insee,adresse,latitude,longitude,luminosite,agglomeration,intersection,meteo,collision,nb_vehicules,nb_usagers,nb_indemnes,nb_tues,nb_blesses_hosp,nb_blesses_legers,age_cond_1,age_cond_2,veh_type_cond_1,veh_type_cond_2,lum_code,agg_code,int_code,atm_code,col_code
201400040816,0014-03-22 19:40:00,14,3,22,19,40,920,63,"****, PROCESSION (RUE DE",,,Crépuscule ou aube,En agglomération,Intersection en X,Normale,Deux véhicules - côté,,,,,,,,,,,2,2,2,1.0,3
201400040817,0014-03-29 03:30:00,14,3,29,3,30,920,63,"37, COTEAUX (BOULEVARD D",,,Nuit avec éclairage allumé,En agglomération,Hors intersection,Normale,Autre collision,,,,,,,,,,,5,2,1,1.0,6
201400040818,0014-04-02 18:10:00,14,4,2,18,10,920,63,"10, DOUMER (AVENUE PAUL)",,,Plein jour,En agglomération,Hors intersection,Normale,Deux véhicules - arrière,,,,,,,,,,,1,2,1,1.0,2
201400040819,0014-04-02 02:45:00,14,4,2,2,45,920,63,"n?ant, RICHELIEU (BOULEV",,,Nuit avec éclairage non allumé,En agglomération,Intersection en T,Normale,Deux véhicules - côté,,,,,,,,,,,4,2,3,1.0,3
201400040820,0014-04-03 15:25:00,14,4,3,15,25,920,63,"73, DIX-HUIT JUIN 1940 (",,,Plein jour,En agglomération,Hors intersection,Normale,Autre collision,,,,,,,,,,,1,2,1,1.0,6
201400040821,0014-04-09 19:40:00,14,4,9,19,40,920,63,"N?ant, COLMAR (AVENUE DE",,,Plein jour,En agglomération,Hors intersection,Normale,Autre collision,,,,,,,,,,,1,2,1,1.0,6
201400040822,0014-04-10 20:30:00,14,4,10,20,30,920,63,"107, DANTON (RUE)",,,Crépuscule ou aube,En agglomération,Hors intersection,Normale,Autre collision,,,,,,,,,,,2,2,1,1.0,6
201400040823,0014-04-10 19:15:00,14,4,10,19,15,920,63,"N?ant, COLMAR (AVENUE DE",,,Plein jour,En agglomération,Hors intersection,Normale,Deux véhicules - arrière,,,,,,,,,,,1,2,1,1.0,2
201400040824,0014-04-16 14:50:00,14,4,16,14,50,920,63,"5, BERGERIE (RUE DE LA)",,,Plein jour,En agglomération,Hors intersection,Normale,Sans collision,,,,,,,,,,,1,2,1,1.0,7
201400040825,0014-04-22 07:30:00,14,4,22,7,30,920,63,"N?ant, THIERS (RUE)",,,Plein jour,En agglomération,Intersection en T,Normale,Deux véhicules - frontale,,,,,,,,,,,1,2,3,1.0,1
201400040826,0014-04-23 14:20:00,14,4,23,14,20,920,63,"****, MONT VALERIEN (AVE",,,Plein jour,En agglomération,Intersection en X,Normale,Deux véhicules - côté,,,,,,,,,,,1,2,2,1.0,3
201400040827,0014-04-23 18:50:00,14,4,23,18,50,920,63,"81, ESTIENNE D'ORVES (RU",,,Plein jour,En agglomération,Hors intersection,Normale,Autre collision,,,,,,,,,,,1,2,1,1.0,6
201400040828,0014-04-25 10:25:00,14,4,25,10,25,920,63,"****, COLMAR (AVENUE DE)",,,Plein jour,En agglomération,Hors intersection,Pluie légère,Deux véhicules - arrière,,,,,,,,,,,1,2,1,2.0,2
201400040829,0014-05-01 19:25:00,14,5,1,19,25,920,63,"****, GALLIENI (RUE)",,,Plein jour,En agglomération,Intersection en T,Normale,Deux véhicules - côté,,,,,,,,,,,1,2,3,1.0,3
201400040830,0014-05-04 17:45:00,14,5,4,17,45,920,63,"183, DIX-HUIT JUIN 1940",,,Plein jour,En agglomération,Hors intersection,Normale,Autre collision,,,,,,,,,,,1,2,1,1.0,6
201400040831,0014-05-05 09:50:00,14,5,5,9,50,920,63,"7/13, BOURGUIGNON (RUE J",,,Plein jour,En agglomération,Hors intersection,Normale,Autre collision,,,,,,,,,,,1,2,1,1.0,6
201400040832,0014-05-06 01:57:00,14,5,6,1,57,920,63,"N?ant, ESTIENNE D'ORVES",,,Nuit avec éclairage allumé,En agglomération,Intersection en X,Normale,Autre collision,,,,,,,,,,,5,2,2,1.0,6
201400040833,0014-05-06 16:20:00,14,5,6,16,20,920,63,"280, BONAPARTE (AVENUE N",,,Plein jour,En agglomération,Hors intersection,Normale,Autre collision,,,,,,,,,,,1,2,1,1.0,6
201400040834,0014-05-10 11:20:00,14,5,10,11,20,920,63,"25, DOUMER (AVENUE PAUL)",,,Plein jour,En agglomération,Hors intersection,Pluie légère,Sans collision,,,,,,,,,,,1,2,1,2.0,7
201400040835,0014-05-10 15:05:00,14,5,10,15,5,920,63,"168, DOUMER (AVENUE PAUL",,,Plein jour,En agglomération,Hors intersection,Temps couvert,Deux véhicules - arrière,,,,,,,,,,,1,2,1,8.0,2
201400040836,0014-05-13 19:15:00,14,5,13,19,15,920,63,"N?ant, DANTON (RUE)",,,Crépuscule ou aube,En agglomération,Hors intersection,Normale,Autre collision,,,,,,,,,,,2,2,1,1.0,6
201400040837,0014-05-16 08:00:00,14,5,16,8,0,920,63,"****, POMPIDOU (AVENUE D",,,Plein jour,En agglomération,Intersection en T,Normale,Deux véhicules - côté,,,,,,,,,,,1,2,3,1.0,3
201400040838,0014-05-16 16:45:00,14,5,16,16,45,920,63,VERSAILLES (AVENUE DE),,,Plein jour,En agglomération,Intersection en T,Normale,Deux véhicules - côté,,,,,,,,,,,1,2,3,1.0,3
201400040839,0014-05-20 16:15:00,14,5,20,16,15,920,63,"****, COLMAR (AVENUE DE)",,,Plein jour,En agglomération,Intersection en X,Normale,Deux véhicules - côté,,,,,,,,,,,1,2,2,1.0,3
201400040840,0014-05-22 11:45:00,14,5,22,11,45,920,63,"99, POMPIDOU (AVENUE DU",,,Plein jour,En agglomération,Hors intersection,Pluie légère,Sans collision,,,,,,,,,,,1,2,1,2.0,7
201400040841,0014-05-29 16:00:00,14,5,29,16,0,920,63,"70, BUZENVAL (AVENUE DE)",,,Plein jour,En agglomération,Hors intersection,Normale,Autre collision,,,,,,,,,,,1,2,1,1.0,6
201400040842,0014-05-31 12:00:00,14,5,31,12,0,920,63,"N?ant, BONAPARTE (AVENUE",,,Plein jour,En agglomération,Hors intersection,Normale,Autre collision,,,,,,,,,,,1,2,1,1.0,6
201400040843,0014-06-02 08:15:00,14,6,2,8,15,920,63,"23, CHATAIGNERAIE (AVENU",,,Plein jour,En agglomération,Hors intersection,Normale,Deux véhicules - côté,,,,,,,,,,,1,2,1,1.0,3
201400040844,0014-06-03 10:16:00,14,6,3,10,16,920,63,"N?ant, RICHELIEU (PLACE)",,,Plein jour,En agglomération,Hors intersection,Normale,Autre collision,,,,,,,,,,,1,2,1,1.0,6
201400040845,0014-06-12 10:50:00,14,6,12,10,50,920,63,"93, POMPIDOU (AVENUE DU",,,Plein jour,En agglomération,Intersection en T,Normale,Deux véhicules - côté,,,,,,,,,,,1,2,3,1.0,3
201400040846,0014-06-17 20:40:00,14,6,17,20,40,920,63,"N?ant, BONS RAISINS (RUE",,,Plein jour,En agglomération,Hors intersection,Normale,Autre collision,,,,,,,,,,,1,2,1,1.0,6
201400040847,0014-06-22 17:10:00,14,6,22,17,10,920,63,"09, ALBERT 1ER (AVENUE)",,,Plein jour,En agglomération,Hors intersection,Normale,Autre collision,,,,,,,,,,,1,2,1,1.0,6
201400040848,0014-06-24 18:55:00,14,6,24,18,55,920,63,"NEANT, GALLIENI (RUE)",,,Plein jour,En agglomération,Hors intersection,Normale,Autre collision,,,,,,,,,,,1,2,1,1.0,6
201400040849,0014-06-28 02:10:00,14,6,28,2,10,920,63,"108/110, POMPIDOU (AVENU",,,Nuit avec éclairage allumé,En agglomération,Hors intersection,Normale,Autre collision,,,,,,,,,,,5,2,1,1.0,6
201400040850,0014-07-02 17:08:00,14,7,2,17,8,920,63,"70, BONS RAISINS (RUE DE",,,Plein jour,En agglomération,Hors intersection,Normale,Autre collision,,,,,,,,,,,1,2,1,1.0,6
201400040851,0014-07-02 18:10:00,14,7,2,18,10,920,63,"****, GUE (RUE DU)",,,Plein jour,En agglomération,Intersection en X,Normale,Deux véhicules - côté,,,,,,,,,,,1,2,2,1.0,3
201400040852,0014-07-06 19:15:00,14,7,6,19,15,920,63,"112, EMPEREUR (ROUTE DE",,,Plein jour,En agglomération,Hors intersection,Pluie légère,Sans collision,,,,,,,,,,,1,2,1,2.0,7
201400040853,0014-07-13 12:50:00,14,7,13,12,50,920,63,"34, BONS RAISINS (RUE DE",,,Plein jour,En agglomération,Hors intersection,Normale,Autre collision,,,,,,,,,,,1,2,1,1.0,6
201400040854,0014-07-19 16:30:00,14,7,19,16,30,920,63,"31, VOLTAIRE (RUE)",,,Plein jour,En agglomération,Hors intersection,Normale,Autre collision,,,,,,,,,,,1,2,1,1.0,6
201400040855,0014-07-22 11:50:00,14,7,22,11,50,920,63,"77, CLOS BEAUREGARDS (RU",,,Plein jour,Hors agglomération,Hors intersection,Normale,Autre collision,,,,,,,,,,,1,1,1,1.0,6
201400040856,0014-07-24 18:25:00,14,7,24,18,25,920,63,"****, COLMAR (AVENUE DE)",,,Plein jour,En agglomération,Intersection en X,Normale,Deux véhicules - côté,,,,,,,,,,,1,2,2,1.0,3
201400040857,0014-07-28 18:50:00,14,7,28,18,50,920,63,"2, PERRET (RUE AUGUSTE)",,,Plein jour,En agglomération,Hors intersection,Normale,Deux véhicules - côté,,,,,,,,,,,1,2,1,1.0,3
201400040858,0014-08-04 07:10:00,14,8,4,7,10,920,63,"****, ESTIENNE D'ORVES (",,,Plein jour,En agglomération,Hors intersection,Pluie forte,Sans collision,,,,,,,,,,,1,2,1,3.0,7
201400040859,0014-08-12 13:45:00,14,8,12,13,45,920,63,"N?ant, JUIN (AVENUE DU M",,,Plein jour,En agglomération,Giratoire,Pluie légère,Deux véhicules - côté,,,,,,,,,,,1,2,6,2.0,3
201400040860,0014-08-12 20:15:00,14,8,12,20,15,920,63,"262, BONAPARTE (AVENUE N",,,Crépuscule ou aube,En agglomération,Hors intersection,Normale,Deux véhicules - côté,,,,,,,,,,,2,2,1,1.0,3
201400040861,0014-08-16 11:10:00,14,8,16,11,10,920,63,"61, HUGO (AVENUE VICTOR)",,,Plein jour,En agglomération,Hors intersection,Normale,Autre collision,,,,,,,,,,,1,2,1,1.0,6
201400040862,0014-08-25 02:10:00,14,8,25,2,10,920,63,LECLERC DE HAUTECLOQUE (,,,Nuit avec éclairage allumé,En agglomération,Hors intersection,Normale,Autre collision,,,,,,,,,,,5,2,1,1.0,6
201400040863,0014-08-29 08:55:00,14,8,29,8,55,920,63,"50, CHATEAU (RUE DU)",,,Plein jour,En agglomération,Hors intersection,Normale,Autre collision,,,,,,,,,,,1,2,1,1.0,6
201400040864,0014-09-07 21:25:00,14,9,7,21,25,920,63,"13, VOLTAIRE (RUE)",,,Nuit avec éclairage allumé,En agglomération,Hors intersection,Normale,Deux véhicules - arrière,,,,,,,,,,,5,2,1,1.0,2
201400040865,0014-09-08 19:54:00,14,9,8,19,54,920,63,"N?ant, EDELINE (RUE JEAN",,,Crépuscule ou aube,En agglomération,Hors intersection,Normale,Autre collision,,,,,,,,,,,2,2,1,1.0,6
201400040866,0014-09-08 13:05:00,14,9,8,13,5,920,63,"5, COLONIEU (RUE DU GENE",,,Plein jour,En agglomération,Hors intersection,Normale,Autre collision,,,,,,,,,,,1,2,1,1.0,6
201400040867,0014-09-09 08:14:00,14,9,9,8,14,920,63,"267, EMPEREUR (ROUTE DE",,,Plein jour,En agglomération,Hors intersection,Normale,Deux véhicules - côté,,,,,,,,,,,1,2,1,1.0,3
201400040868,0014-09-09 17:30:00,14,9,9,17,30,920,63,"127, POMPIDOU (AVENUE DU",,,Plein jour,En agglomération,Hors intersection,Normale,Sans collision,,,,,,,,,,,1,2,1,1.0,7
201400040869,0014-09-11 07:45:00,14,9,11,7,45,920,63,"35, DOUMER (AVENUE PAUL)",,,Plein jour,En agglomération,Hors intersection,Normale,Autre collision,,,,,,,,,,,1,2,1,1.0,6
201400040870,0014-09-12 08:00:00,14,9,12,8,0,920,63,"81, BONS RAISINS (RUE DE",,,Plein jour,En agglomération,Hors intersection,Normale,Autre collision,,,,,,,,,,,1,2,1,1.0,6
201400040871,0014-09-16 08:45:00,14,9,16,8,45,920,63,"N?ant, PLATEAU (RUE DU)",,,Plein jour,En agglomération,Intersection en X,Normale,Deux véhicules - côté,,,,,,,,,,,1,2,2,1.0,3
201400040872,0014-09-19 09:40:00,14,9,19,9,40,920,63,"78, ALBERT 1ER (AVENUE)",,,Plein jour,En agglomération,Hors intersection,Normale,Autre collision,,,,,,,,,,,1,2,1,1.0,6
201400040873,0014-09-20 19:30:00,14,9,20,19,30,920,63,"5, DUNANT (RUE HENRI)",,,Plein jour,En agglomération,Hors intersection,Pluie légère,Deux véhicules - arrière,,,,,,,,,,,1,2,1,2.0,2
201400040874,0014-09-26 21:15:00,14,9,26,21,15,920,63,"5, BOIS SAINT-PERE (RUE",,,Nuit avec éclairage non allumé,En agglomération,Hors intersection,Normale,Sans collision,,,,,,,,,,,4,2,1,1.0,7
201400040875,0014-09-27 18:15:00,14,9,27,18,15,920,63,"125, POMPIDOU (AVENUE DU",,,Crépuscule ou aube,En agglomération,Hors intersection,Normale,Autre collision,,,,,,,,,,,2,2,1,1.0,6
201400040876,0014-09-29 21:25:00,14,9,29,21,25,920,63,"185, EMPEREUR (ROUTE DE",,,Nuit avec éclairage allumé,En agglomération,Hors intersection,Normale,Autre collision,,,,,,,,,,,5,2,1,1.0,6
201400040877,0014-10-01 08:15:00,14,10,1,8,15,920,63,"11, HOPITAL STELL (BOULE",,,Plein jour,En agglomération,Hors intersection,Normale,Deux véhicules - arrière,,,,,,,,,,,1,2,1,1.0,2
201400040878,0014-10-04 20:10:00,14,10,4,20,10,920,63,"45, SOLFERINO (BOULEVARD",,,Nuit avec éclairage allumé,En agglomération,Intersection en T,Normale,Deux véhicules - côté,,,,,,,,,,,5,2,3,1.0,3
201400040879,0014-10-07 08:10:00,14,10,7,8,10,920,63,"N?ant, MONTBRISON (RUE D",,,Plein jour,En agglomération,Intersection en X,Normale,Autre collision,,,,,,,,,,,1,2,2,1.0,6
201400040880,0014-10-08 17:30:00,14,10,8,17,30,920,63,"81, DIX-HUIT JUIN 1940 (",,,Plein jour,En agglomération,Intersection en T,Normale,Deux véhicules - côté,,,,,,,,,,,1,2,3,1.0,3
201400040881,0014-10-27 16:07:00,14,10,27,16,7,920,63,MONTBRISON (RUE DU LIEUT,,,Plein jour,En agglomération,Intersection en X,Normale,Deux véhicules - frontale,,,,,,,,,,,1,2,2,1.0,1
201400040882,0014-10-28 17:05:00,14,10,28,17,5,920,63,"50, DIX-HUIT JUIN 1940 (",,,Plein jour,En agglomération,Hors intersection,Normale,Deux véhicules - côté,,,,,,,,,,,1,2,1,1.0,3
201400040883,0014-10-29 16:40:00,14,10,29,16,40,920,63,"284, BONAPARTE (AVENUE N",,,Plein jour,En agglomération,Hors intersection,Normale,Sans collision,,,,,,,,,,,1,2,1,1.0,7
201400040884,0014-10-31 18:40:00,14,10,31,18,40,920,63,"10/12, MERMOZ (RUE JEAN)",,,Nuit avec éclairage allumé,En agglomération,Hors intersection,Normale,Deux véhicules - côté,,,,,,,,,,,5,2,1,1.0,3
201400040885,0014-11-01 15:15:00,14,11,1,15,15,920,63,"294, BONAPARTE (AVENUE N",,,Plein jour,En agglomération,Hors intersection,Normale,Autre collision,,,,,,,,,,,1,2,1,1.0,6
201400040886,0014-11-06 21:35:00,14,11,6,21,35,920,63,"****, COLMAR (AVENUE DE)",,,Nuit avec éclairage allumé,En agglomération,Intersection en X,Normale,Deux véhicules - côté,,,,,,,,,,,5,2,2,1.0,3
201400040887,0014-11-07 08:05:00,14,11,7,8,5,920,63,"23, SOLFERINO (BOULEVARD",,,Plein jour,En agglomération,Hors intersection,Pluie légère,Autre collision,,,,,,,,,,,1,2,1,2.0,6
201400040888,0014-11-07 09:10:00,14,11,7,9,10,920,63,"****, CASANOVA (RUE DANI",,,Plein jour,En agglomération,Hors intersection,Normale,Deux véhicules - arrière,,,,,,,,,,,1,2,1,1.0,2
201400040889,0014-11-12 09:55:00,14,11,12,9,55,920,63,"21, COLMAR (AVENUE DE)",,,Plein jour,En agglomération,Intersection en X,Normale,Deux véhicules - frontale,,,,,,,,,,,1,2,2,1.0,1
201400040890,0014-11-14 15:55:00,14,11,14,15,55,920,63,"****, HOPITAL STELL (BOU",,,Plein jour,En agglomération,Intersection en T,Pluie légère,Sans collision,,,,,,,,,,,1,2,3,2.0,7
201400040891,0014-11-17 13:00:00,14,11,17,13,0,920,63,"N?ant, COLMAR (AVENUE DE",,,Plein jour,En agglomération,Hors intersection,Normale,Autre collision,,,,,,,,,,,1,2,1,1.0,6
201400040892,0014-11-22 17:10:00,14,11,22,17,10,920,63,"296, BONAPARTE (AVENUE N",,,Crépuscule ou aube,En agglomération,Hors intersection,Normale,Autre collision,,,,,,,,,,,2,2,1,1.0,6
201400040893,0014-11-25 17:30:00,14,11,25,17,30,920,63,"61, HUGO (AVENUE VICTOR)",,,Crépuscule ou aube,En agglomération,Hors intersection,Normale,Deux véhicules - côté,,,,,,,,,,,2,2,1,1.0,3
201400040894,0014-11-27 17:40:00,14,11,27,17,40,920,63,"32, REGNAULT (RUE HENRI)",,,Crépuscule ou aube,En agglomération,Hors intersection,Normale,Autre collision,,,,,,,,,,,2,2,1,1.0,6
201400040895,0014-11-29 18:55:00,14,11,29,18,55,920,63,"8, ALBERT 1ER (AVENUE)",,,Nuit avec éclairage allumé,En agglomération,Hors intersection,Normale,Deux véhicules - côté,,,,,,,,,,,5,2,1,1.0,3
201400040896,0014-12-02 19:15:00,14,12,2,19,15,920,63,"80, POMPIDOU (AVENUE DU",,,Nuit sans éclairage public,En agglomération,Hors intersection,Pluie légère,Autre collision,,,,,,,,,,,3,2,1,2.0,6
201400040897,0014-12-03 19:00:00,14,12,3,19,0,920,63,"64, DIX-HUIT JUIN 1940 (",,,Nuit avec éclairage allumé,En agglomération,Hors intersection,Normale,Deux véhicules - arrière,,,,,,,,,,,5,2,1,1.0,2
201400040898,0014-12-08 11:10:00,14,12,8,11,10,920,63,"36, BOURGUIGNON (RUE JEA",,,Plein jour,En agglomération,Intersection en Y,Pluie légère,Trois véhicules et plus - collisions multiples,,,,,,,,,,,1,2,4,2.0,5
201400040899,0014-12-09 09:00:00,14,12,9,9,0,920,63,"24, LECLERC DE HAUTECLOQ",,,Plein jour,En agglomération,Hors intersection,Normale,Sans collision,,,,,,,,,,,1,2,1,1.0,7
201400040900,0014-12-17 10:15:00,14,12,17,10,15,920,63,"****, LECLERC DE HAUTECL",,,Plein jour,En agglomération,Giratoire,Normale,Deux véhicules - côté,,,,,,,,,,,1,2,6,1.0,3
201400040901,0014-12-18 09:30:00,14,12,18,9,30,920,63,"7, DRIANT (RUE DU LIEUTE",,,Plein jour,En agglomération,Hors intersection,Pluie légère,Sans collision,,,,,,,,,,,1,2,1,2.0,7
201400040902,0014-12-18 19:10:00,14,12,18,19,10,920,63,"****, DOUMER (AVENUE PAU",,,Nuit avec éclairage allumé,En agglomération,Intersection en T,Normale,Autre collision,,,,,,,,,,,5,2,3,1.0,6
201400040903,0014-12-25 22:30:00,14,12,25,22,30,920,63,"48, LE COZ (RUE JEAN)",,,Nuit avec éclairage allumé,En agglomération,Hors intersection,Normale,Autre collision,,,,,,,,,,,5,2,1,1.0,6
201400040904,0014-01-05 11:15:00,14,1,5,11,15,920,64,"17, MARIE BONAPARTE",,,Plein jour,En agglomération,Hors intersection,Normale,Autre collision,,,,,,,,,,,1,2,1,1.0,6
201400040905,0014-01-06 07:48:00,14,1,6,7,48,920,33,"03, SUISSES",,,Nuit avec éclairage allumé,En agglomération,Hors intersection,Pluie légère,Deux véhicules - côté,,,,,,,,,,,5,2,1,2.0,3
201400040906,0014-01-12 00:15:00,14,1,12,0,15,920,64,JULLES PELLETIER,,,Nuit avec éclairage allumé,En agglomération,Hors intersection,Normale,Sans collision,,,,,,,,,,,5,2,1,1.0,7
201400040907,0014-01-14 17:25:00,14,1,14,17,25,920,64,"70, REPUBLIQUE",,,Plein jour,En agglomération,Autre intersection,Normale,Autre collision,,,,,,,,,,,1,2,9,1.0,6
201400040908,0014-01-14 18:20:00,14,1,14,18,20,920,64,"41, MONT VALERIEN",,,Nuit avec éclairage allumé,En agglomération,Hors intersection,Normale,Sans collision,,,,,,,,,,,5,2,1,1.0,7
201400040909,0014-01-22 17:00:00,14,1,22,17,0,920,64,"63, MARCEL DASSAULT",,,Plein jour,En agglomération,Hors intersection,Normale,Deux véhicules - côté,,,,,,,,,,,1,2,1,1.0,3
201400040910,0014-01-31 10:30:00,14,1,31,10,30,920,64,"FACE 18BIS, CARNOT",,,Plein jour,En agglomération,Hors intersection,Temps éblouissant,Deux véhicules - arrière,,,,,,,,,,,1,2,1,7.0,2
201400040911,0014-02-02 18:45:00,14,2,2,18,45,920,64,"1200, CARNOT",,,Nuit avec éclairage allumé,En agglomération,Hors intersection,Normale,Sans collision,,,,,,,,,,,5,2,1,1.0,7
201400040912,0014-02-03 08:55:00,14,2,3,8,55,920,64,"FACE 140, REPUBLIQUE",,,Plein jour,Hors agglomération,Hors intersection,Normale,Sans collision,,,,,,,,,,,1,1,1,1.0,7
201400040913,0014-02-05 20:45:00,14,2,5,20,45,920,64,"55, MARCEL DASSAULT",,,Nuit avec éclairage allumé,En agglomération,Hors intersection,Normale,Deux véhicules - arrière,,,,,,,,,,,5,2,1,1.0,2
201400040914,0014-02-09 12:15:00,14,2,9,12,15,920,76,LA CELLE SAINT CLOUD,,,Plein jour,En agglomération,Intersection en T,Normale,Autre collision,,,,,,,,,,,1,2,3,1.0,6
201400040915,0014-02-14 12:20:00,14,2,14,12,20,920,64,"0, BUZENVAL",,,Plein jour,En agglomération,Intersection en X,Normale,Deux véhicules - côté,,,,,,,,,,,1,2,2,1.0,3
201400040916,0014-02-17 13:00:00,14,2,17,13,0,920,64,"11, REPUBLIQUE",,,Plein jour,En agglomération,Hors intersection,Normale,Sans collision,,,,,,,,,,,1,2,1,1.0,7
201400040917,0014-02-17 18:30:00,14,2,17,18,30,920,64,"0, GEORGES CLEMENCEAU",,,Nuit avec éclairage allumé,En agglomération,Hors intersection,Normale,Autre collision,,,,,,,,,,,5,2,1,1.0,6
201400040918,0014-02-19 21:45:00,14,2,19,21,45,920,64,"750, CARNOT",,,Nuit avec éclairage allumé,En agglomération,Hors intersection,Normale,Trois véhicules et plus - en chaîne,,,,,,,,,,,5,2,1,1.0,4
201400040919,0014-02-27 02:10:00,14,2,27,2,10,920,64,"27, DAILLY",,,Nuit avec éclairage allumé,En agglomération,Hors intersection,Normale,Sans collision,,,,,,,,,,,5,2,1,1.0,7
201400040920,0014-02-27 22:35:00,14,2,27,22,35,920,64,"face au 35, CALVAIRE",,,Nuit avec éclairage allumé,En agglomération,Hors intersection,Pluie légère,Sans collision,,,,,,,,,,,5,2,1,2.0,7
201400040921,0014-03-09 21:10:00,14,3,9,21,10,920,64,PASTEUR,,,Nuit avec éclairage allumé,En agglomération,Intersection en Y,Normale,Deux véhicules - côté,,,,,,,,,,,5,2,4,1.0,3
201400040922,0014-03-14 22:45:00,14,3,14,22,45,920,64,"0, CAMP CANADIEN",,,Nuit sans éclairage public,En agglomération,Hors intersection,Normale,Deux véhicules - arrière,,,,,,,,,,,3,2,1,1.0,2
201400040923,0014-03-15 09:25:00,14,3,15,9,25,920,64,"105, MARECHAL FOCH",,,Plein jour,En agglomération,Hors intersection,Normale,Sans collision,,,,,,,,,,,1,2,1,1.0,7
201400040924,0014-03-21 20:20:00,14,3,21,20,20,920,64,PALAIS,,,Nuit avec éclairage allumé,En agglomération,Hors intersection,Normale,Trois véhicules et plus - en chaîne,,,,,,,,,,,5,2,1,1.0,4
201400040925,0014-03-22 19:15:00,14,3,22,19,15,920,76,REPUBLIQUE,,,Crépuscule ou aube,En agglomération,Hors intersection,Normale,Autre collision,,,,,,,,,,,2,2,1,1.0,6
201400040926,0014-03-23 02:10:00,14,3,23,2,10,920,64,"2BIS, MONT VALERIEN",,,Nuit avec éclairage allumé,En agglomération,Hors intersection,Normale,Autre collision,,,,,,,,,,,5,2,1,1.0,6
201400040927,0014-03-29 19:45:00,14,3,29,19,45,920,64,"45, SENARD",,,Nuit avec éclairage allumé,En agglomération,Hors intersection,Normale,Sans collision,,,,,,,,,,,5,2,1,1.0,7
201400040928,0014-04-04 11:40:00,14,4,4,11,40,920,33,"72, SURESNES",,,Plein jour,En agglomération,Hors intersection,Normale,Autre collision,,,,,,,,,,,1,2,1,1.0,6
201400040929,0014-04-08 17:15:00,14,4,8,17,15,920,64,"70, BERNARD PALISSY",,,Plein jour,En agglomération,Hors intersection,Normale,Sans collision,,,,,,,,,,,1,2,1,1.0,7
201400040930,0014-04-14 18:15:00,14,4,14,18,15,920,33,"13bis, PORTE JAUNE",,,Plein jour,En agglomération,Hors intersection,Normale,Deux véhicules - frontale,,,,,,,,,,,1,2,1,1.0,1
201400040931,0014-04-16 14:10:00,14,4,16,14,10,920,64,"0, MAGENTA PLACE",,,Plein jour,En agglomération,Giratoire,Normale,Deux véhicules - côté,,,,,,,,,,,1,2,6,1.0,3
201400040932,0014-04-23 17:20:00,14,4,23,17,20,920,47,"0, JARDY",,,Plein jour,Hors agglomération,Hors intersection,Normale,Deux véhicules - arrière,,,,,,,,,,,1,1,1,1.0,2
201400040933,0014-04-24 12:50:00,14,4,24,12,50,920,33,"0, BREZIN",,,Plein jour,En agglomération,Giratoire,Normale,Deux véhicules - arrière,,,,,,,,,,,1,2,6,1.0,2
201400040934,0014-04-26 12:15:00,14,4,26,12,15,920,47,"0, JARDY",,,Plein jour,En agglomération,Hors intersection,Pluie légère,Deux véhicules - côté,,,,,,,,,,,1,2,1,2.0,3
201400040935,0014-04-28 13:45:00,14,4,28,13,45,920,64,"55, MARCEL DASSAULT",,,Plein jour,En agglomération,Hors intersection,Normale,Trois véhicules et plus - en chaîne,,,,,,,,,,,1,2,1,1.0,4
201400040936,0014-05-09 12:15:00,14,5,9,12,15,920,64,"00, SENARD",,,Plein jour,En agglomération,Hors intersection,Normale,Autre collision,,,,,,,,,,,1,2,1,1.0,6
201400040937,0014-05-13 16:50:00,14,5,13,16,50,920,64,"0, MARECHAL JUIN",,,Plein jour,En agglomération,Hors intersection,Temps couvert,Deux véhicules - arrière,,,,,,,,,,,1,2,1,8.0,2
201400040938,0014-05-16 00:01:00,14,5,16,0,1,920,64,"1363, MARCEL DASSAULT",,,Nuit avec éclairage allumé,En agglomération,Hors intersection,Normale,Deux véhicules - côté,,,,,,,,,,,5,2,1,1.0,3
201400040939,0014-05-16 19:00:00,14,5,16,19,0,920,33,"67, FOCH",,,Plein jour,En agglomération,Hors intersection,Temps éblouissant,Autre collision,,,,,,,,,,,1,2,1,7.0,6
201400040940,0014-05-19 14:00:00,14,5,19,14,0,920,64,"0, MONT VALERIEN",,,Plein jour,En agglomération,Autre intersection,Normale,Deux véhicules - côté,,,,,,,,,,,1,2,9,1.0,3
201400040941,0014-05-19 17:20:00,14,5,19,17,20,920,72,"124, Rue de Ville d'Avra",,,Plein jour,En agglomération,Hors intersection,Normale,Autre collision,,,,,,,,,,,1,2,1,1.0,6
201400040942,0014-05-22 16:50:00,14,5,22,16,50,920,64,"47, CARNOT",,,Plein jour,En agglomération,Hors intersection,Normale,Deux véhicules - côté,,,,,,,,,,,1,2,1,1.0,3
201400040943,0014-05-24 15:05:00,14,5,24,15,5,920,64,"17, ROMAND",,,Plein jour,En agglomération,Hors intersection,Normale,Deux véhicules - côté,,,,,,,,,,,1,2,1,1.0,3
201400040944,0014-06-05 18:05:00,14,6,5,18,5,920,33,PORTE JAUNE,,,Plein jour,En agglomération,Intersection en T,Normale,Sans collision,,,,,,,,,,,1,2,3,1.0,7
201400040945,0014-06-06 08:55:00,14,6,6,8,55,920,33,"03 BIS, SUISSES",,,Plein jour,En agglomération,Hors intersection,Normale,Deux véhicules - arrière,,,,,,,,,,,1,2,1,1.0,2
201400040946,0014-06-14 20:00:00,14,6,14,20,0,920,64,MONT VALERIEN,,,Plein jour,En agglomération,Intersection en X,Normale,Deux véhicules - côté,,,,,,,,,,,1,2,2,1.0,3