accident_id,datetime,annee,mois,jour,heure,minute,departement,commune_insee,adresse,latitude,longitude,luminosite,agglomeration,intersection,meteo,collision,nb_vehicules,nb_usagers,nb_indemnes,nb_tues,nb_blesses_hosp,nb_blesses_legers,age_cond_1,age_cond_2,veh_type_cond_1,veh_type_cond_2,lum_code,agg_code,int_code,atm_code,col_code
201400041079,0014-11-05 11:10:00,14,11,5,11,10,920,22,"19, ROUX RUE DU PROFESSE",,,Plein jour,En agglomération,Hors intersection,Normale,Autre collision,,,,,,,,,,,1,2,1,1.0,6
201400041080,0014-11-10 09:55:00,14,11,10,9,55,920,72,"., PAVE DES GARDES (ROUT",,,Plein jour,En agglomération,Intersection en T,Normale,Deux véhicules - côté,,,,,,,,,,,1,2,3,1.0,3
201400041081,0014-11-13 14:52:00,14,11,13,14,52,920,72,"14, GRANDE RUE",,,Plein jour,En agglomération,Hors intersection,Normale,Autre collision,,,,,,,,,,,1,2,1,1.0,6
201400041082,0014-11-14 17:40:00,14,11,14,17,40,920,72,"174, GRANDE RUE",,,Nuit avec éclairage allumé,En agglomération,Hors intersection,Pluie légère,Autre collision,,,,,,,,,,,5,2,1,2.0,6
201400041083,0014-11-17 17:00:00,14,11,17,17,0,920,72,"02, LECLERC (AVENUE DE L",,,Nuit avec éclairage allumé,En agglomération,Hors intersection,Pluie légère,Autre collision,,,,,,,,,,,5,2,1,2.0,6
201400041084,0014-11-20 10:35:00,14,11,20,10,35,920,72,"32, GRANDE RUE",,,Plein jour,En agglomération,Hors intersection,Normale,Deux véhicules - côté,,,,,,,,,,,1,2,1,1.0,3
201400041085,0014-11-21 09:15:00,14,11,21,9,15,920,22,"1177, SALENGRO (AVENUE R",,,Plein jour,En agglomération,Hors intersection,Normale,Sans collision,,,,,,,,,,,1,2,1,1.0,7
201400041086,0014-11-25 17:15:00,14,11,25,17,15,920,77,"12, SEVRES (RUE DE)",,,Crépuscule ou aube,En agglomération,Hors intersection,Normale,Deux véhicules - côté,,,,,,,,,,,2,2,1,1.0,3
201400041087,0014-11-30 18:15:00,14,11,30,18,15,920,22,"484, SALENGRO (AVENUE RO",,,Nuit avec éclairage allumé,En agglomération,Intersection en T,Pluie légère,Deux véhicules - côté,,,,,,,,,,,5,2,3,2.0,3
201400041088,0014-12-02 21:50:00,14,12,2,21,50,920,72,"16, VILLE D'AVRAY (RUE D",,,Nuit avec éclairage allumé,En agglomération,Hors intersection,Pluie légère,Autre collision,,,,,,,,,,,5,2,1,2.0,6
201400041089,0014-12-08 16:25:00,14,12,8,16,25,920,72,"21, EUROPE (AVENUE DE L'",,,Plein jour,En agglomération,Hors intersection,Temps couvert,Deux véhicules - côté,,,,,,,,,,,1,2,1,8.0,3
201400041090,0014-12-10 11:30:00,14,12,10,11,30,920,77,"05, PRADIER (RUE)",,,Plein jour,En agglomération,Hors intersection,Normale,Autre collision,,,,,,,,,,,1,2,1,1.0,6
201400041091,0014-12-10 20:15:00,14,12,10,20,15,920,22,"., PAVE DE MEUDON (ROUTE",,,Nuit sans éclairage public,En agglomération,Hors intersection,Pluie légère,Autre collision,,,,,,,,,,,3,2,1,2.0,6
201400041092,0014-12-15 14:45:00,14,12,15,14,45,920,72,"., MANUFACTURE NATIONALE",,,Plein jour,En agglomération,Hors intersection,Pluie légère,Deux véhicules - côté,,,,,,,,,,,1,2,1,2.0,3
201400041093,0014-12-16 10:15:00,14,12,16,10,15,920,22,"1730, SALENGRO (AVENUE R",,,Plein jour,En agglomération,Hors intersection,Normale,Deux véhicules - côté,,,,,,,,,,,1,2,1,1.0,3
201400041094,0014-12-18 09:25:00,14,12,18,9,25,920,77,"., SEVRES (RUE DE)",,,Plein jour,En agglomération,Hors intersection,Normale,Autre collision,,,,,,,,,,,1,2,1,1.0,6
201400041095,0014-12-18 22:30:00,14,12,18,22,30,920,72,"112, GRANDE RUE",,,Nuit avec éclairage allumé,En agglomération,Hors intersection,Normale,Autre collision,,,,,,,,,,,5,2,1,1.0,6
201400041096,0014-12-19 09:10:00,14,12,19,9,10,920,22,"454, SALENGRO (AVENUE RO",,,Plein jour,En agglomération,Hors intersection,Normale,Deux véhicules - côté,,,,,,,,,,,1,2,1,1.0,3
201400041097,0014-12-29 10:45:00,14,12,29,10,45,920,22,"., CARNOT (RUE)",,,Plein jour,En agglomération,Hors intersection,Normale,Autre collision,,,,,,,,,,,1,2,1,1.0,6
201400041098,0014-12-30 23:20:00,14,12,30,23,20,920,72,"10, BOIS (RUE DES)",,,Nuit avec éclairage allumé,En agglomération,Intersection en T,Normale,Deux véhicules - frontale,,,,,,,,,,,5,2,3,1.0,1
201400041099,0014-01-15 21:30:00,14,1,15,21,30,920,73,"03, BRIAND (BOULEVARD AR",,,Nuit avec éclairage allumé,En agglomération,Hors intersection,Pluie légère,Deux véhicules - arrière,,,,,,,,,,,5,2,1,2.0,2
201400041100,0014-01-19 10:20:00,14,1,19,10,20,920,73,"30, DE GAULLE (AVENUE GE",,,Plein jour,En agglomération,Hors intersection,Normale,Autre collision,,,,,,,,,,,1,2,1,1.0,6
201400041101,0014-01-25 01:55:00,14,1,25,1,55,920,73,"161, SELLIER (BOULEVARD",,,Nuit avec éclairage allumé,En agglomération,Hors intersection,Pluie légère,Deux véhicules - arrière,,,,,,,,,,,5,2,1,2.0,2
201400041102,0014-01-28 15:50:00,14,1,28,15,50,920,73,"17, JAURES (AVENUE JEAN)",,,Plein jour,En agglomération,Hors intersection,Normale,Deux véhicules - arrière,,,,,,,,,,,1,2,1,1.0,2
201400041103,0014-01-28 19:45:00,14,1,28,19,45,920,73,"31, GALLIENI (QUAI)",,,Nuit avec éclairage allumé,En agglomération,Hors intersection,Normale,Autre collision,,,,,,,,,,,5,2,1,1.0,6
201400041104,0014-02-07 08:50:00,14,2,7,8,50,920,73,"21, JAURES (AVENUE JEAN)",,,Plein jour,En agglomération,Hors intersection,Normale,Autre collision,,,,,,,,,,,1,2,1,1.0,6
201400041105,0014-02-07 17:10:00,14,2,7,17,10,920,73,"47, JAURES (AVENUE JEAN)",,,Plein jour,En agglomération,Hors intersection,Normale,Deux véhicules - arrière,,,,,,,,,,,1,2,1,1.0,2
201400041106,0014-02-10 10:35:00,14,2,10,10,35,920,73,"38, BAS ROGERS (RUE DES)",,,Plein jour,En agglomération,Hors intersection,Normale,Sans collision,,,,,,,,,,,1,2,1,1.0,7
201400041107,0014-02-13 13:30:00,14,2,13,13,30,920,73,"83, VERDUN (RUE DE)",,,Plein jour,En agglomération,Intersection en T,Pluie légère,Autre collision,,,,,,,,,,,1,2,3,2.0,6
201400041108,0014-02-21 10:30:00,14,2,21,10,30,920,73,"22, JAURES (AVENUE JEAN)",,,Plein jour,En agglomération,Hors intersection,Normale,Autre collision,,,,,,,,,,,1,2,1,1.0,6
201400041109,0014-02-28 11:40:00,14,2,28,11,40,920,73,"15, SELLIER (BOULEVARD H",,,Plein jour,En agglomération,Hors intersection,Pluie légère,Sans collision,,,,,,,,,,,1,2,1,2.0,7
201400041110,0014-02-28 16:05:00,14,2,28,16,5,920,73,"12, BLUM (QUAI LEON)",,,Plein jour,En agglomération,Hors intersection,Pluie forte,Deux véhicules - arrière,,,,,,,,,,,1,2,1,3.0,2
201400041111,0014-03-13 08:00:00,14,3,13,8,0,920,73,"03, MACE (RUE JEAN)",,,Plein jour,En agglomération,Hors intersection,Normale,Autre collision,,,,,,,,,,,1,2,1,1.0,6
201400041112,0014-03-14 08:50:00,14,3,14,8,50,920,73,"8, DASSAULT (QUAI MARCEL",,,Plein jour,En agglomération,Intersection en T,Normale,Deux véhicules - frontale,,,,,,,,,,,1,2,3,1.0,1
201400041113,0014-03-18 09:30:00,14,3,18,9,30,920,73,"25, SEVRES (RUE DE)",,,Plein jour,En agglomération,Hors intersection,Normale,Autre collision,,,,,,,,,,,1,2,1,1.0,6
201400041114,0014-03-23 17:45:00,14,3,23,17,45,920,73,"31, POMPIDOU (AVENUE GEO",,,Plein jour,En agglomération,Hors intersection,Normale,Sans collision,,,,,,,,,,,1,2,1,1.0,7
201400041115,0014-03-28 10:05:00,14,3,28,10,5,920,73,"02, PAYRET DORTAIL (RUE",,,Plein jour,En agglomération,Hors intersection,Normale,Autre collision,,,,,,,,,,,1,2,1,1.0,6
201400041116,0014-04-01 09:20:00,14,4,1,9,20,920,73,"93, FUSILLES DE LA RESIS",,,Plein jour,En agglomération,Hors intersection,Normale,Deux véhicules - côté,,,,,,,,,,,1,2,1,1.0,3
201400041117,0014-04-12 10:25:00,14,4,12,10,25,920,73,"85, SELLIER (BOULEVARD H",,,Plein jour,En agglomération,Hors intersection,Normale,Autre collision,,,,,,,,,,,1,2,1,1.0,6
201400041118,0014-04-17 02:05:00,14,4,17,2,5,920,73,"18, DE GAULLE (AVENUE GE",,,Nuit avec éclairage allumé,En agglomération,Hors intersection,Normale,Sans collision,,,,,,,,,,,5,2,1,1.0,7
201400041119,0014-05-11 14:45:00,14,5,11,14,45,920,73,"13, ROOSVELT (AVENUE FRA",,,Plein jour,En agglomération,Hors intersection,Normale,Deux véhicules - arrière,,,,,,,,,,,1,2,1,1.0,2
201400041120,0014-05-15 12:00:00,14,5,15,12,0,920,73,"01, ROOSVELT (AVENUE FRA",,,Plein jour,En agglomération,Intersection en T,Normale,Deux véhicules - arrière,,,,,,,,,,,1,2,3,1.0,2
201400041121,0014-05-19 13:15:00,14,5,19,13,15,920,73,"45, DE LATTRE DE TASSIGN",,,Plein jour,En agglomération,Hors intersection,Normale,Autre collision,,,,,,,,,,,1,2,1,1.0,6
201400041122,0014-05-19 19:20:00,14,5,19,19,20,920,73,"23, BOCHOUX (RUE DES)",,,Plein jour,En agglomération,Hors intersection,Normale,Autre collision,,,,,,,,,,,1,2,1,1.0,6
201400041123,0014-05-22 19:10:00,14,5,22,19,10,920,73,"55, BAS ROGERS (RUE DES)",,,Plein jour,En agglomération,Intersection en T,Temps éblouissant,Deux véhicules - frontale,,,,,,,,,,,1,2,3,7.0,1
201400041124,0014-05-25 03:10:00,14,5,25,3,10,920,73,"50, SELLIER (BOULEVARD H",,,Nuit avec éclairage allumé,En agglomération,Intersection en T,Normale,Sans collision,,,,,,,,,,,5,2,3,1.0,7
201400041125,0014-05-26 06:30:00,14,5,26,6,30,920,73,"4, MERLIN-DE-THIONVILLE",,,Crépuscule ou aube,En agglomération,Hors intersection,Normale,Autre collision,,,,,,,,,,,2,2,1,1.0,6
201400041126,0014-05-27 12:00:00,14,5,27,12,0,920,73,"200, WASHINGTON (BOULEVA",,,Plein jour,En agglomération,Intersection à plus de 4 branches,Normale,Deux véhicules - arrière,,,,,,,,,,,1,2,5,1.0,2
201400041127,0014-05-27 13:30:00,14,5,27,13,30,920,73,ESTIENNE D'ORVES (RUE HO,,,Plein jour,En agglomération,Intersection en T,Normale,Autre collision,,,,,,,,,,,1,2,3,1.0,6
201400041128,0014-05-30 21:40:00,14,5,30,21,40,920,73,"49, SELLIER (BOULEVARD H",,,Crépuscule ou aube,En agglomération,Intersection en X,Normale,Deux véhicules - côté,,,,,,,,,,,2,2,2,1.0,3
201400041129,0014-05-31 21:15:00,14,5,31,21,15,920,73,"21, SELLIER (BOULEVARD H",,,Crépuscule ou aube,En agglomération,Hors intersection,Normale,Trois véhicules et plus - collisions multiples,,,,,,,,,,,2,2,1,1.0,5
201400041130,0014-06-03 16:00:00,14,6,3,16,0,920,73,"10, BLUM (QUAI LEON)",,,Plein jour,En agglomération,Intersection en T,Normale,Deux véhicules - côté,,,,,,,,,,,1,2,3,1.0,3
201400041131,0014-06-14 13:15:00,14,6,14,13,15,920,73,"01, SULLY (AVENUE DE)",,,Plein jour,En agglomération,Hors intersection,Normale,Autre collision,,,,,,,,,,,1,2,1,1.0,6
201400041132,0014-06-14 14:20:00,14,6,14,14,20,920,73,"58, CARON (RUE ALBERT)",,,Plein jour,En agglomération,Intersection en X,Normale,Autre collision,,,,,,,,,,,1,2,2,1.0,6
201400041133,0014-06-16 09:20:00,14,6,16,9,20,920,73,"8, DASSAULT (QUAI MARCEL",,,Plein jour,En agglomération,Hors intersection,Normale,Trois véhicules et plus - collisions multiples,,,,,,,,,,,1,2,1,1.0,5
201400041134,0014-06-17 16:15:00,14,6,17,16,15,920,73,"15, GALLIENI (QUAI)",,,Plein jour,En agglomération,Hors intersection,Normale,Deux véhicules - côté,,,,,,,,,,,1,2,1,1.0,3
201400041135,0014-06-17 20:17:00,14,6,17,20,17,920,73,"42, VERDUN (RUE DE)",,,Nuit avec éclairage allumé,En agglomération,Intersection en T,Normale,Deux véhicules - côté,,,,,,,,,,,5,2,3,1.0,3
201400041136,0014-06-18 14:35:00,14,6,18,14,35,920,73,"17, SELLIER (BOULEVARD H",,,Plein jour,En agglomération,Hors intersection,Normale,Autre collision,,,,,,,,,,,1,2,1,1.0,6
201400041137,0014-06-24 08:50:00,14,6,24,8,50,920,73,"42, CARNOT (RUE)",,,Plein jour,En agglomération,Intersection en X,Normale,Deux véhicules - arrière,,,,,,,,,,,1,2,2,1.0,2
201400041138,0014-06-27 02:05:00,14,6,27,2,5,920,73,"01, SELLIER (BOULEVARD H",,,Nuit avec éclairage allumé,En agglomération,Hors intersection,Normale,Deux véhicules - frontale,,,,,,,,,,,5,2,1,1.0,1
201400041139,0014-07-15 06:55:00,14,7,15,6,55,920,73,"27, GALLIENI (QUAI)",,,Plein jour,En agglomération,Intersection en T,Normale,Deux véhicules - arrière,,,,,,,,,,,1,2,3,1.0,2
201400041140,0014-07-17 08:50:00,14,7,17,8,50,920,73,"01, SAINT CLOUD (RUE DE)",,,Plein jour,En agglomération,Intersection en T,Normale,Sans collision,,,,,,,,,,,1,2,3,1.0,7
201400041141,0014-07-20 23:55:00,14,7,20,23,55,920,73,"132, SELLIER (BOULEVARD",,,Nuit avec éclairage allumé,En agglomération,Intersection en T,Normale,Deux véhicules - côté,,,,,,,,,,,5,2,3,1.0,3
201400041142,0014-07-22 15:30:00,14,7,22,15,30,920,73,"28, GALLIENI (QUAI)",,,Plein jour,En agglomération,Hors intersection,Normale,Deux véhicules - côté,,,,,,,,,,,1,2,1,1.0,3
201400041143,0014-07-24 20:45:00,14,7,24,20,45,920,73,"132, SELLIER (BOULEVARD",,,Plein jour,En agglomération,Intersection en T,Normale,Deux véhicules - côté,,,,,,,,,,,1,2,3,1.0,3
201400041144,0014-07-25 10:20:00,14,7,25,10,20,920,73,"61, SELLIER (BOULEVARD H",,,Plein jour,En agglomération,Hors intersection,Normale,Sans collision,,,,,,,,,,,1,2,1,1.0,7
201400041145,0014-07-31 14:45:00,14,7,31,14,45,920,73,"01, SELLIER (BOULEVARD H",,,Plein jour,En agglomération,Autre intersection,Normale,Deux véhicules - arrière,,,,,,,,,,,1,2,9,1.0,2
201400041146,0014-08-07 14:00:00,14,8,7,14,0,920,73,", SELLIER (BOULEVARD HEN",,,Plein jour,En agglomération,Hors intersection,Temps couvert,Deux véhicules - arrière,,,,,,,,,,,1,2,1,8.0,2
201400041147,0014-08-11 19:45:00,14,8,11,19,45,920,73,", DUCLAUX (RUE EMILE)",,,Plein jour,En agglomération,Hors intersection,Pluie légère,Sans collision,,,,,,,,,,,1,2,1,2.0,7
201400041148,0014-08-24 19:35:00,14,8,24,19,35,920,73,"2, FUSILLES DE LA RESIST",,,Plein jour,En agglomération,Intersection en T,Normale,Deux véhicules - côté,,,,,,,,,,,1,2,3,1.0,3
201400041149,0014-08-25 07:30:00,14,8,25,7,30,920,73,"50, SELLIER (BOULEVARD H",,,Plein jour,En agglomération,Intersection en T,Pluie forte,Autre collision,,,,,,,,,,,1,2,3,3.0,6
201400041150,0014-09-09 23:40:00,14,9,9,23,40,920,50,"73, JOLIOT CURIE (AVENUE",,,Nuit avec éclairage allumé,En agglomération,Hors intersection,Normale,Deux véhicules - arrière,,,,,,,,,,,5,2,1,1.0,2
201400041151,0014-09-11 12:20:00,14,9,11,12,20,920,73,"61, SELLIER (BOULEVARD H",,,Plein jour,En agglomération,Hors intersection,Normale,Sans collision,,,,,,,,,,,1,2,1,1.0,7
201400041152,0014-09-17 08:45:00,14,9,17,8,45,920,73,"20, BLUM (QUAI LEON)",,,Plein jour,En agglomération,Hors intersection,Normale,Trois véhicules et plus - collisions multiples,,,,,,,,,,,1,2,1,1.0,5
201400041153,0014-09-19 09:55:00,14,9,19,9,55,920,73,"7, PAYRET DORTAIL (RUE M",,,Plein jour,En agglomération,Hors intersection,Normale,Autre collision,,,,,,,,,,,1,2,1,1.0,6
201400041154,0014-09-22 18:30:00,14,9,22,18,30,920,73,"08, RATRAIT (RUE DU)",,,Plein jour,En agglomération,Hors intersection,Normale,Deux véhicules - côté,,,,,,,,,,,1,2,1,1.0,3
201400041155,0014-09-24 02:25:00,14,9,24,2,25,920,73,"**, PONT DE SURESNES",,,Nuit avec éclairage allumé,En agglomération,Hors intersection,Normale,Sans collision,,,,,,,,,,,5,2,1,1.0,7
201400041156,0014-09-28 22:00:00,14,9,28,22,0,920,73,"40, GALLIENI (QUAI)",,,Nuit avec éclairage allumé,En agglomération,Intersection en T,Normale,Sans collision,,,,,,,,,,,5,2,3,1.0,7
201400041157,0014-09-30 08:30:00,14,9,30,8,30,920,73,"15, PONT DE SURESNES",,,Plein jour,En agglomération,Hors intersection,Normale,Sans collision,,,,,,,,,,,1,2,1,1.0,7
201400041158,0014-09-30 18:15:00,14,9,30,18,15,920,73,"127, VERDUN (RUE DE)",,,Plein jour,En agglomération,Hors intersection,Normale,Deux véhicules - côté,,,,,,,,,,,1,2,1,1.0,3
201400041159,0014-10-02 17:45:00,14,10,2,17,45,920,73,"26, JAURES (PLACE JEAN)",,,Plein jour,En agglomération,Hors intersection,Normale,Deux véhicules - arrière,,,,,,,,,,,1,2,1,1.0,2
201400041160,0014-10-11 16:15:00,14,10,11,16,15,920,73,"16, JAURES (AVENUE JEAN)",,,Plein jour,En agglomération,Hors intersection,Normale,Sans collision,,,,,,,,,,,1,2,1,1.0,7
201400041161,0014-10-15 08:00:00,14,10,15,8,0,920,73,"24, CROIX-DU-ROY (CARREF",,,Plein jour,En agglomération,Giratoire,Normale,Deux véhicules - côté,,,,,,,,,,,1,2,6,1.0,3
201400041162,0014-10-19 13:40:00,14,10,19,13,40,920,73,"15, SELLIER (BOULEVARD H",,,Plein jour,En agglomération,Intersection en X,Normale,Autre collision,,,,,,,,,,,1,2,2,1.0,6
201400041163,0014-11-05 08:35:00,14,11,5,8,35,920,73,DE GAULLE (AVENUE GENERA,,,Plein jour,En agglomération,Hors intersection,Normale,Autre collision,,,,,,,,,,,1,2,1,1.0,6
201400041164,0014-11-11 23:00:00,14,11,11,23,0,920,73,"01, BAS ROGERS (RUE DES)",,,Nuit avec éclairage allumé,En agglomération,Intersection en Y,Normale,Deux véhicules - frontale,,,,,,,,,,,5,2,4,1.0,1
201400041165,0014-11-12 17:35:00,14,11,12,17,35,920,73,"32, SELLIER (BOULEVARD H",,,Nuit avec éclairage allumé,En agglomération,Hors intersection,Normale,Autre collision,,,,,,,,,,,5,2,1,1.0,6
201400041166,0014-11-16 01:45:00,14,11,16,1,45,920,73,"20, SELLIER (BOULEVARD H",,,Nuit avec éclairage allumé,En agglomération,Intersection en X,Normale,Deux véhicules - côté,,,,,,,,,,,5,2,2,1.0,3
201400041167,0014-11-22 14:50:00,14,11,22,14,50,920,73,"125, WASHINGTON (BOULEVA",,,Plein jour,En agglomération,Hors intersection,Normale,Deux véhicules - côté,,,,,,,,,,,1,2,1,1.0,3
201400041168,0014-11-24 09:45:00,14,11,24,9,45,920,73,"37, VOLTAIRE (RUE)",,,Plein jour,En agglomération,Intersection en T,Normale,Sans collision,,,,,,,,,,,1,2,3,1.0,7
201400041169,0014-11-26 11:30:00,14,11,26,11,30,920,73,"10, LOUCHEUR (BOULEVARD",,,Plein jour,En agglomération,Hors intersection,Normale,Sans collision,,,,,,,,,,,1,2,1,1.0,7
201400041170,0014-11-26 13:55:00,14,11,26,13,55,920,73,"01, STALINGRAD (PLACE DE",,,Plein jour,En agglomération,Hors intersection,Temps couvert,Sans collision,,,,,,,,,,,1,2,1,8.0,7
201400041171,0014-11-27 17:50:00,14,11,27,17,50,920,73,"98, SELLIER (BOULEVARD H",,,Nuit avec éclairage allumé,En agglomération,Hors intersection,Normale,Autre collision,,,,,,,,,,,5,2,1,1.0,6
201400041172,0014-11-30 18:25:00,14,11,30,18,25,920,73,"220, WASHINGTON (BOULEVA",,,Nuit avec éclairage allumé,En agglomération,Intersection en T,Pluie légère,Deux véhicules - arrière,,,,,,,,,,,5,2,3,2.0,2
201400041173,0014-12-05 16:30:00,14,12,5,16,30,920,73,"30, SELLIER (BOULEVARD H",,,Plein jour,En agglomération,Intersection en T,Normale,Deux véhicules - côté,,,,,,,,,,,1,2,3,1.0,3
201400041174,0014-12-09 10:50:00,14,12,9,10,50,920,73,"12, VERDUN (RUE DE)",,,Plein jour,En agglomération,Hors intersection,Normale,Sans collision,,,,,,,,,,,1,2,1,1.0,7
201400041175,0014-12-09 18:00:00,14,12,9,18,0,920,73,"190, WASHINGTON (BOULEVA",,,Crépuscule ou aube,En agglomération,Hors intersection,Normale,Autre collision,,,,,,,,,,,2,2,1,1.0,6
201400041176,0014-12-18 18:10:00,14,12,18,18,10,920,73,"01, REPUBLIQUE (RUE DE L",,,Nuit avec éclairage allumé,En agglomération,Intersection en X,Normale,Deux véhicules - côté,,,,,,,,,,,5,2,2,1.0,3
201400041177,0014-01-03 20:00:00,14,1,3,20,0,920,46,"21 TER, DE STALINGRAD",,,Nuit avec éclairage allumé,En agglomération,Hors intersection,Normale,Deux véhicules - côté,,,,,,,,,,,5,2,1,1.0,3
201400041178,0014-02-08 22:00:00,14,2,8,22,0,920,75,"1, DE GAULLE (AVENUE DU",,,Nuit avec éclairage allumé,En agglomération,Intersection en X,Normale,Deux véhicules - frontale,,,,,,,,,,,5,2,2,1.0,1
201400041179,0014-02-14 08:00:00,14,2,14,8,0,920,75,"., MARY BESSEYRE (RUE)",,,Plein jour,En agglomération,Intersection en X,Pluie forte,Deux véhicules - côté,,,,,,,,,,,1,2,2,3.0,3
201400041180,0014-02-18 09:25:00,14,2,18,9,25,920,46,"2, SAVIER (RUE)",,,Plein jour,En agglomération,Intersection en T,Normale,Autre collision,,,,,,,,,,,1,2,3,1.0,6
201400041181,0014-02-25 18:00:00,14,2,25,18,0,920,75,"36 BIS, LARMEROUX (RUE)",,,Crépuscule ou aube,En agglomération,Hors intersection,Normale,Autre collision,,,,,,,,,,,2,2,1,1.0,6
201400041182,0014-02-27 13:32:00,14,2,27,13,32,920,75,"36, MOULIN (RUE DU)",,,Plein jour,En agglomération,Hors intersection,Normale,Deux véhicules - côté,,,,,,,,,,,1,2,1,1.0,3
201400041183,0014-03-05 23:35:00,14,3,5,23,35,920,75,"1, RAYMOND MARCHERON (RU",,,Nuit avec éclairage allumé,En agglomération,Intersection à plus de 4 branches,Normale,Deux véhicules - frontale,,,,,,,,,,,5,2,5,1.0,1
201400041184,0014-03-07 03:00:00,14,3,7,3,0,920,46,"., ALEXIS MARTIN",,,Nuit avec éclairage allumé,En agglomération,Intersection en T,Normale,Autre collision,,,,,,,,,,,5,2,3,1.0,6
201400041185,0014-03-11 16:55:00,14,3,11,16,55,920,75,"., JEAN BLEUZEN (RUE)",,,Plein jour,En agglomération,Intersection en X,Normale,Autre collision,,,,,,,,,,,1,2,2,1.0,6
201400041186,0014-03-17 18:10:00,14,3,17,18,10,920,46,"., AVAULEE (RUE)",,,Plein jour,En agglomération,Intersection en X,Normale,Autre collision,,,,,,,,,,,1,2,2,1.0,6
201400041187,0014-03-25 09:50:00,14,3,25,9,50,920,46,"1, GABRIEL PERI",,,Plein jour,En agglomération,Intersection en X,Pluie légère,Deux véhicules - côté,,,,,,,,,,,1,2,2,2.0,3
201400041188,0014-03-26 21:20:00,14,3,26,21,20,920,46,"., GABRIEL PERI (BOULEVA",,,Nuit avec éclairage allumé,En agglomération,Intersection en T,Normale,Deux véhicules - côté,,,,,,,,,,,5,2,3,1.0,3
201400041189,0014-03-27 11:35:00,14,3,27,11,35,920,75,"., ANTOINE FRATACCI (RUE",,,Plein jour,En agglomération,Hors intersection,Normale,Autre collision,,,,,,,,,,,1,2,1,1.0,6
201400041190,0014-03-30 18:25:00,14,3,30,18,25,920,75,"74, JEAN BLEUZEN (RUE)",,,Plein jour,En agglomération,Hors intersection,Normale,Autre collision,,,,,,,,,,,1,2,1,1.0,6
201400041191,0014-04-11 17:45:00,14,4,11,17,45,920,75,"1, LARMEROUX (RUE)",,,Plein jour,En agglomération,Intersection en T,Normale,Sans collision,,,,,,,,,,,1,2,3,1.0,7
201400041192,0014-04-16 06:55:00,14,4,16,6,55,920,46,"108, PIERRE BROSSOLETTE",,,Crépuscule ou aube,En agglomération,Hors intersection,Normale,Deux véhicules - frontale,,,,,,,,,,,2,2,1,1.0,1
201400041193,0014-04-24 03:45:00,14,4,24,3,45,920,46,"., Charles de gaulle",,,Nuit avec éclairage allumé,En agglomération,Hors intersection,Normale,Autre collision,,,,,,,,,,,5,2,1,1.0,6
201400041194,0014-04-25 08:18:00,14,4,25,8,18,920,46,"., DE STALINGRAD",,,Crépuscule ou aube,En agglomération,Intersection en X,Pluie forte,Autre collision,,,,,,,,,,,2,2,2,3.0,6
201400041195,0014-04-27 14:30:00,14,4,27,14,30,920,46,"6, GABRIEL PERI (BOULEVA",,,Plein jour,En agglomération,Intersection en T,Normale,Deux véhicules - côté,,,,,,,,,,,1,2,3,1.0,3
201400041196,0014-05-03 02:30:00,14,5,3,2,30,920,75,"72, JEAN BLEUZEN",,,Nuit avec éclairage allumé,En agglomération,Hors intersection,Normale,Deux véhicules - côté,,,,,,,,,,,5,2,1,1.0,3
201400041197,0014-05-05 07:30:00,14,5,5,7,30,920,46,"., GUY MOQUET (RUE)",,,Plein jour,En agglomération,Intersection en X,Normale,Deux véhicules - côté,,,,,,,,,,,1,2,2,1.0,3
201400041198,0014-05-09 04:30:00,14,5,9,4,30,920,75,"., JEAN BLEUZEN (RUE)",,,Nuit sans éclairage public,En agglomération,Intersection en X,Normale,Sans collision,,,,,,,,,,,3,2,2,1.0,7
201400041199,0014-05-11 11:50:00,14,5,11,11,50,920,75,"19, VERDUN (AVENUE DE)",,,Plein jour,En agglomération,Hors intersection,Normale,Sans collision,,,,,,,,,,,1,2,1,1.0,7
201400041200,0014-05-16 14:10:00,14,5,16,14,10,920,75,"18, PAIX (AVENUE DE LA)",,,Plein jour,En agglomération,Hors intersection,Normale,Deux véhicules - côté,,,,,,,,,,,1,2,1,1.0,3
201400041201,0014-05-17 11:15:00,14,5,17,11,15,920,46,"., JEAN MERMOZ (RUE)",,,Plein jour,En agglomération,Hors intersection,Normale,Autre collision,,,,,,,,,,,1,2,1,1.0,6
201400041202,0014-05-18 02:20:00,14,5,18,2,20,920,46,"10, Jules Ferry",,,Nuit avec éclairage allumé,En agglomération,Hors intersection,Normale,Autre collision,,,,,,,,,,,5,2,1,1.0,6
201400041203,0014-05-21 02:50:00,14,5,21,2,50,920,46,"14/16, PIERRE BROSSOLETT",,,Nuit avec éclairage allumé,En agglomération,Hors intersection,Pluie légère,Autre collision,,,,,,,,,,,5,2,1,2.0,6
201400041204,0014-05-21 08:30:00,14,5,21,8,30,920,46,"., VOLTAIRE (RUE)",,,Plein jour,En agglomération,Intersection en T,Pluie légère,Deux véhicules - côté,,,,,,,,,,,1,2,3,2.0,3
201400041205,0014-05-24 16:55:00,14,5,24,16,55,920,75,"102, JEAN BLEUZEN",,,Plein jour,En agglomération,Intersection en T,Pluie légère,Deux véhicules - côté,,,,,,,,,,,1,2,3,2.0,3
201400041206,0014-05-27 10:45:00,14,5,27,10,45,920,75,"44, MOULIN (RUE DU)",,,Plein jour,En agglomération,Intersection en X,Normale,Deux véhicules - frontale,,,,,,,,,,,1,2,2,1.0,1
201400041207,0014-05-28 09:55:00,14,5,28,9,55,920,75,"6, RAYMOND MARCHERON (RU",,,Plein jour,En agglomération,Hors intersection,Normale,Sans collision,,,,,,,,,,,1,2,1,1.0,7