accident_id,datetime,annee,mois,jour,heure,minute,departement,commune_insee,adresse,latitude,longitude,luminosite,agglomeration,intersection,meteo,collision,nb_vehicules,nb_usagers,nb_indemnes,nb_tues,nb_blesses_hosp,nb_blesses_legers,age_cond_1,age_cond_2,veh_type_cond_1,veh_type_cond_2,lum_code,agg_code,int_code,atm_code,col_code
201400041337,0014-03-13 16:49:00,14,3,13,16,49,930,1,"89, HEURTAULT (RUE)",,,Plein jour,En agglomération,Hors intersection,Normale,Deux véhicules - côté,,,,,,,,,,,1,2,1,1.0,3
201400041338,0014-03-15 11:00:00,14,3,15,11,0,930,1,"face 37, SAINT DENIS (RU",,,Plein jour,En agglomération,Hors intersection,Normale,Autre collision,,,,,,,,,,,1,2,1,1.0,6
201400041339,0014-03-17 09:20:00,14,3,17,9,20,930,1,HENRI-ROL TANGUY (PLACE),,,Plein jour,En agglomération,Intersection en X,Normale,Autre collision,,,,,,,,,,,1,2,2,1.0,6
201400041340,0014-03-17 18:45:00,14,3,17,18,45,930,1,"213, JEAN JAURES  (AVE)",,,Plein jour,En agglomération,Hors intersection,Normale,Autre collision,,,,,,,,,,,1,2,1,1.0,6
201400041341,0014-03-18 11:10:00,14,3,18,11,10,930,1,"33, LEON JOUHAUX (RUE)",,,Plein jour,Hors agglomération,Hors intersection,Normale,Autre collision,,,,,,,,,,,1,1,1,1.0,6
201400041342,0014-03-18 19:30:00,14,3,18,19,30,930,1,"45, VICTOR HUGO (AVE)  =",,,Nuit avec éclairage allumé,En agglomération,Hors intersection,Normale,Deux véhicules - côté,,,,,,,,,,,5,2,1,1.0,3
201400041343,0014-03-25 09:40:00,14,3,25,9,40,930,1,ANDRE KARMAN (RUE)  138/,,,Plein jour,En agglomération,Intersection en X,Pluie légère,Deux véhicules - côté,,,,,,,,,,,1,2,2,2.0,3
201400041344,0014-04-01 09:30:00,14,4,1,9,30,930,1,"83, VICTOR HUGO (AVE)  =",,,Plein jour,En agglomération,Hors intersection,Normale,Deux véhicules - côté,,,,,,,,,,,1,2,1,1.0,3
201400041345,0014-04-03 18:45:00,14,4,3,18,45,930,1,"183, JEAN JAURES  (AVE)",,,Crépuscule ou aube,En agglomération,Hors intersection,Normale,Autre collision,,,,,,,,,,,2,2,1,1.0,6
201400041346,0014-04-07 08:40:00,14,4,7,8,40,930,1,"54, PONT BLANC.CHARLES T",,,Plein jour,En agglomération,Hors intersection,Normale,Trois véhicules et plus - en chaîne,,,,,,,,,,,1,2,1,1.0,4
201400041347,0014-04-09 12:00:00,14,4,9,12,0,930,1,LANDY (RUE DU) 18 A 32 /,,,Plein jour,En agglomération,Hors intersection,Normale,Autre collision,,,,,,,,,,,1,2,1,1.0,6
201400041348,0014-04-11 13:35:00,14,4,11,13,35,930,1,"2, PRESIDENT ROOSEVELT (",,,Plein jour,En agglomération,Hors intersection,Normale,Autre collision,,,,,,,,,,,1,2,1,1.0,6
201400041349,0014-04-14 02:30:00,14,4,14,2,30,930,1,"67, REPUBLIQUE (AVE DE L",,,Nuit avec éclairage allumé,En agglomération,Hors intersection,Normale,Autre collision,,,,,,,,,,,5,2,1,1.0,6
201400041350,0014-04-17 17:55:00,14,4,17,17,55,930,1,"157, VICTOR HUGO (AVE)",,,Plein jour,En agglomération,Hors intersection,Normale,Autre collision,,,,,,,,,,,1,2,1,1.0,6
201400041351,0014-04-19 23:35:00,14,4,19,23,35,930,1,ADRIEN AGNES (QUAI),,,Nuit avec éclairage allumé,En agglomération,Hors intersection,Normale,Deux véhicules - côté,,,,,,,,,,,5,2,1,1.0,3
201400041352,0014-04-20 22:45:00,14,4,20,22,45,930,1,VICTOR HUGO (AVE)  => 12,,,Nuit avec éclairage allumé,En agglomération,Intersection en X,Normale,Deux véhicules - côté,,,,,,,,,,,5,2,2,1.0,3
201400041353,0014-04-25 15:00:00,14,4,25,15,0,930,1,"63, REPUBLIQUE (AVE DE L",,,Plein jour,En agglomération,Hors intersection,Normale,Deux véhicules - côté,,,,,,,,,,,1,2,1,1.0,3
201400041354,0014-04-26 18:25:00,14,4,26,18,25,930,1,"47, VICTOR HUGO (AVE)  =",,,Plein jour,En agglomération,Intersection en T,Pluie légère,Deux véhicules - côté,,,,,,,,,,,1,2,3,2.0,3
201400041355,0014-04-28 12:35:00,14,4,28,12,35,930,1,REPUBLIQUE (AVE DE LA ),,,Plein jour,En agglomération,Passage à niveau,Normale,Autre collision,,,,,,,,,,,1,2,8,1.0,6
201400041356,0014-04-28 14:40:00,14,4,28,14,40,930,1,"121, VICTOR HUGO (AVE)",,,Plein jour,En agglomération,Hors intersection,Normale,Deux véhicules - côté,,,,,,,,,,,1,2,1,1.0,3
201400041357,0014-04-29 19:30:00,14,4,29,19,30,930,1,"174, JEAN JAURES  (AVE)",,,Plein jour,En agglomération,Hors intersection,Pluie légère,Deux véhicules - arrière,,,,,,,,,,,1,2,1,2.0,2
201400041358,0014-05-05 08:40:00,14,5,5,8,40,930,1,JEAN JAURES (AVE)  => 53,,,Plein jour,En agglomération,Hors intersection,Normale,Autre collision,,,,,,,,,,,1,2,1,1.0,6
201400041359,0014-05-06 15:30:00,14,5,6,15,30,930,1,"39, PRESLES (RUE DE)",,,Plein jour,En agglomération,Hors intersection,Normale,Autre collision,,,,,,,,,,,1,2,1,1.0,6
201400041360,0014-05-09 19:50:00,14,5,9,19,50,930,1,"1, REPUBLIQUE (AVE DE LA",,,Plein jour,En agglomération,Hors intersection,Normale,Autre collision,,,,,,,,,,,1,2,1,1.0,6
201400041361,0014-05-14 07:30:00,14,5,14,7,30,930,1,"207, JEAN JAURES (AVE) 5",,,Plein jour,En agglomération,Hors intersection,Normale,Deux véhicules - côté,,,,,,,,,,,1,2,1,1.0,3
201400041362,0014-05-14 16:05:00,14,5,14,16,5,930,1,"4, ANATOLE FRANCE (BLD)",,,Plein jour,En agglomération,Hors intersection,Normale,Deux véhicules - côté,,,,,,,,,,,1,2,1,1.0,3
201400041363,0014-05-14 17:35:00,14,5,14,17,35,930,1,"0, JEAN JAURES (AVE)  =>",,,Plein jour,En agglomération,Hors intersection,Normale,Deux véhicules - côté,,,,,,,,,,,1,2,1,1.0,3
201400041364,0014-05-15 12:30:00,14,5,15,12,30,930,1,"95, JEAN JAURES (AVE) 55",,,Plein jour,En agglomération,Hors intersection,Normale,Autre collision,,,,,,,,,,,1,2,1,1.0,6
201400041365,0014-05-16 09:49:00,14,5,16,9,49,930,1,CITES (RUE DES)  => 91,,,Plein jour,En agglomération,Intersection en X,Normale,Deux véhicules - frontale,,,,,,,,,,,1,2,2,1.0,1
201400041366,0014-05-22 13:06:00,14,5,22,13,6,930,1,"15, GOULET (RUE DU)  =>",,,Plein jour,En agglomération,Hors intersection,Normale,Autre collision,,,,,,,,,,,1,2,1,1.0,6
201400041367,0014-05-23 03:50:00,14,5,23,3,50,930,1,CITES (RUE DES)  125/134,,,Nuit avec éclairage allumé,En agglomération,Intersection en X,Normale,Deux véhicules - côté,,,,,,,,,,,5,2,2,1.0,3
201400041368,0014-05-24 10:10:00,14,5,24,10,10,930,1,"135, DANIELLE CASANOVA (",,,Plein jour,En agglomération,Hors intersection,Temps couvert,Deux véhicules - côté,,,,,,,,,,,1,2,1,8.0,3
201400041369,0014-05-26 14:50:00,14,5,26,14,50,930,1,"02, LEOPOLD RECHOSSIERE",,,Plein jour,En agglomération,Hors intersection,Pluie légère,Deux véhicules - côté,,,,,,,,,,,1,2,1,2.0,3
201400041370,0014-05-28 15:30:00,14,5,28,15,30,930,1,"2, HENRI MANIGART (RUE)",,,Plein jour,En agglomération,Hors intersection,Temps couvert,Deux véhicules - côté,,,,,,,,,,,1,2,1,8.0,3
201400041371,0014-05-29 19:00:00,14,5,29,19,0,930,1,"117, HENRI BARBUSSE (RUE",,,Plein jour,En agglomération,Hors intersection,Temps couvert,Autre collision,,,,,,,,,,,1,2,1,8.0,6
201400041372,0014-05-30 13:30:00,14,5,30,13,30,930,1,"211, JEAN JAURES  (AVE)",,,Plein jour,En agglomération,Hors intersection,Normale,Deux véhicules - côté,,,,,,,,,,,1,2,1,1.0,3
201400041373,0014-05-30 16:15:00,14,5,30,16,15,930,1,GOULET (RUE DU) 26/33 =>,,,Plein jour,En agglomération,Hors intersection,Normale,Sans collision,,,,,,,,,,,1,2,1,1.0,7
201400041374,0014-05-31 13:40:00,14,5,31,13,40,930,1,COTTIN (PLACE),,,Plein jour,En agglomération,Giratoire,Normale,Trois véhicules et plus - en chaîne,,,,,,,,,,,1,2,6,1.0,4
201400041375,0014-06-04 10:20:00,14,6,4,10,20,930,1,"24, ELYSEE RECLUS (RUE)",,,Plein jour,Hors agglomération,Hors intersection,Pluie légère,Sans collision,,,,,,,,,,,1,1,1,2.0,7
201400041376,0014-06-05 04:55:00,14,6,5,4,55,930,1,VICTOR HUGO (AVE)  => N?,,,Nuit avec éclairage allumé,En agglomération,Intersection en X,Normale,Deux véhicules - côté,,,,,,,,,,,5,2,2,1.0,3
201400041377,0014-06-06 17:30:00,14,6,6,17,30,930,1,"15, DANIELLE CASANOVA (R",,,Plein jour,En agglomération,Hors intersection,Normale,Deux véhicules - côté,,,,,,,,,,,1,2,1,1.0,3
201400041378,0014-06-06 17:50:00,14,6,6,17,50,930,1,"209, JEAN JAURES  (AVE)",,,Plein jour,En agglomération,Hors intersection,Normale,Autre collision,,,,,,,,,,,1,2,1,1.0,6
201400041379,0014-06-07 22:55:00,14,6,7,22,55,930,1,"24-26, LEOPOLD RECHOSSIE",,,Nuit avec éclairage allumé,En agglomération,Hors intersection,Normale,Deux véhicules - côté,,,,,,,,,,,5,2,1,1.0,3
201400041380,0014-06-08 14:40:00,14,6,8,14,40,930,1,"14, MOUTIER (RUE DU)  =>",,,Plein jour,En agglomération,Hors intersection,Normale,Deux véhicules - arrière,,,,,,,,,,,1,2,1,1.0,2
201400041381,0014-06-09 20:30:00,14,6,9,20,30,930,1,"0, CREVECOEUR  (RUE)  32",,,Plein jour,En agglomération,Intersection en X,Normale,Deux véhicules - côté,,,,,,,,,,,1,2,2,1.0,3
201400041382,0014-06-13 02:34:00,14,6,13,2,34,930,1,JEAN JAURES (AVE) 55 A 1,,,Nuit avec éclairage allumé,En agglomération,Intersection en X,Normale,Deux véhicules - côté,,,,,,,,,,,5,2,2,1.0,3
201400041383,0014-06-14 01:50:00,14,6,14,1,50,930,1,VICTOR HUGO (AVE)  => 12,,,Nuit avec éclairage allumé,En agglomération,Intersection en X,Normale,Deux véhicules - côté,,,,,,,,,,,5,2,2,1.0,3
201400041384,0014-06-16 19:15:00,14,6,16,19,15,930,1,"95, VICTOR HUGO (AVE)  =",,,Plein jour,En agglomération,Intersection en X,Normale,Deux véhicules - côté,,,,,,,,,,,1,2,2,1.0,3
201400041385,0014-06-17 17:00:00,14,6,17,17,0,930,1,"80, HENRI BARBUSSE (RUE)",,,Plein jour,En agglomération,Hors intersection,Normale,Autre collision,,,,,,,,,,,1,2,1,1.0,6
201400041386,0014-06-19 18:30:00,14,6,19,18,30,930,1,"30, VICTOR HUGO (AVE)  =",,,Plein jour,En agglomération,Hors intersection,Normale,Trois véhicules et plus - collisions multiples,,,,,,,,,,,1,2,1,1.0,5
201400041387,0014-06-19 21:50:00,14,6,19,21,50,930,1,"117, JEAN JAURES (AVE) 5",,,Crépuscule ou aube,En agglomération,Hors intersection,Normale,Deux véhicules - arrière,,,,,,,,,,,2,2,1,1.0,2
201400041388,0014-06-23 15:45:00,14,6,23,15,45,930,1,"45, JEAN JAURES (AVE)  =",,,Plein jour,En agglomération,Hors intersection,Normale,Deux véhicules - arrière,,,,,,,,,,,1,2,1,1.0,2
201400041389,0014-06-24 12:50:00,14,6,24,12,50,930,1,REPUBLIQUE (AVE DE LA ),,,Plein jour,En agglomération,Hors intersection,Normale,Trois véhicules et plus - collisions multiples,,,,,,,,,,,1,2,1,1.0,5
201400041390,0014-07-02 13:55:00,14,7,2,13,55,930,1,"91, PONT BLANC.CHARLES T",,,Plein jour,En agglomération,Hors intersection,Normale,Autre collision,,,,,,,,,,,1,2,1,1.0,6
201400041391,0014-07-02 16:15:00,14,7,2,16,15,930,1,LUCIEN LEFRANC (QUAI),,,Plein jour,En agglomération,Intersection en T,Normale,Deux véhicules - côté,,,,,,,,,,,1,2,3,1.0,3
201400041392,0014-07-03 14:05:00,14,7,3,14,5,930,1,"52, SAINT DENIS (RUE DE)",,,Plein jour,En agglomération,Hors intersection,Normale,Autre collision,,,,,,,,,,,1,2,1,1.0,6
201400041393,0014-07-05 22:13:00,14,7,5,22,13,930,1,"12, ANATOLE FRANCE (BLD)",,,Nuit avec éclairage allumé,En agglomération,Hors intersection,Normale,Autre collision,,,,,,,,,,,5,2,1,1.0,6
201400041394,0014-07-06 17:30:00,14,7,6,17,30,930,1,JEAN JAURES  (AVE)  157,,,Plein jour,En agglomération,Hors intersection,Normale,Deux véhicules - côté,,,,,,,,,,,1,2,1,1.0,3
201400041395,0014-07-02 01:18:00,14,7,2,1,18,930,1,"25, PONT BLANC.CHARLES T",,,Nuit avec éclairage allumé,En agglomération,Hors intersection,Normale,Autre collision,,,,,,,,,,,5,2,1,1.0,6
201400041396,0014-07-10 11:15:00,14,7,10,11,15,930,1,"102, REPUBLIQUE (AVE DE",,,Plein jour,En agglomération,Hors intersection,Pluie légère,Autre collision,,,,,,,,,,,1,2,1,2.0,6
201400041397,0014-07-10 17:05:00,14,7,10,17,5,930,1,"99, REPUBLIQUE (AVE DE L",,,Plein jour,En agglomération,Intersection en T,Normale,Deux véhicules - côté,,,,,,,,,,,1,2,3,1.0,3
201400041398,0014-07-15 12:25:00,14,7,15,12,25,930,1,REPUBLIQUE (AVE DE LA ),,,Plein jour,En agglomération,Hors intersection,Normale,Autre collision,,,,,,,,,,,1,2,1,1.0,6
201400041399,0014-07-16 19:10:00,14,7,16,19,10,930,1,PONT BLANC.CHARLES TILLO,,,Plein jour,En agglomération,Hors intersection,Normale,Deux véhicules - côté,,,,,,,,,,,1,2,1,1.0,3
201400041400,0014-07-20 16:25:00,14,7,20,16,25,930,1,"50, PORT (RUE DU)  (PAIR",,,Plein jour,En agglomération,Intersection en X,Normale,Deux véhicules - côté,,,,,,,,,,,1,2,2,1.0,3
201400041401,0014-07-20 18:15:00,14,7,20,18,15,930,1,"81, REPUBLIQUE (AVE DE L",,,Plein jour,En agglomération,Hors intersection,Normale,Sans collision,,,,,,,,,,,1,2,1,1.0,7
201400041402,0014-07-20 21:15:00,14,7,20,21,15,930,1,"29, COMMANDANT L'HERMINI",,,Plein jour,En agglomération,Hors intersection,Normale,Autre collision,,,,,,,,,,,1,2,1,1.0,6
201400041403,0014-07-21 21:45:00,14,7,21,21,45,930,1,"168, DANIELLE CASANOVA (",,,Plein jour,En agglomération,Intersection en X,Normale,Deux véhicules - frontale,,,,,,,,,,,1,2,2,1.0,1
201400041404,0014-07-22 00:55:00,14,7,22,0,55,930,1,"189, VICTOR HUGO (AVE)",,,Nuit avec éclairage allumé,En agglomération,Intersection en T,Normale,Deux véhicules - côté,,,,,,,,,,,5,2,3,1.0,3
201400041405,0014-07-30 11:00:00,14,7,30,11,0,930,1,"87-95, VICTOR HUGO (AVE)",,,Plein jour,En agglomération,Hors intersection,Normale,Autre collision,,,,,,,,,,,1,2,1,1.0,6
201400041406,0014-08-04 11:10:00,14,8,4,11,10,930,1,"172, JEAN JAURES  (AVE)",,,Plein jour,En agglomération,Hors intersection,Normale,Autre collision,,,,,,,,,,,1,2,1,1.0,6
201400041407,0014-08-05 13:50:00,14,8,5,13,50,930,1,"101, REPUBLIQUE (AVE DE",,,Plein jour,En agglomération,Hors intersection,Normale,Autre collision,,,,,,,,,,,1,2,1,1.0,6
201400041408,0014-08-12 13:20:00,14,8,12,13,20,930,1,"174, JEAN JAURES  (AVE)",,,Plein jour,En agglomération,Hors intersection,Normale,Deux véhicules - arrière,,,,,,,,,,,1,2,1,1.0,2
201400041409,0014-08-13 22:45:00,14,8,13,22,45,930,1,SAINT-DENIS (RUE DE),,,Nuit avec éclairage allumé,En agglomération,Intersection en T,Temps couvert,Deux véhicules - côté,,,,,,,,,,,5,2,3,8.0,3
201400041410,0014-08-13 18:00:00,14,8,13,18,0,930,1,GOULET (RUE DU) 26/33 =>,,,Plein jour,En agglomération,Hors intersection,Normale,Autre collision,,,,,,,,,,,1,2,1,1.0,6
201400041411,0014-08-14 14:30:00,14,8,14,14,30,930,1,"17, REPUBLIQUE (AVE DE L",,,Plein jour,En agglomération,Hors intersection,Normale,Deux véhicules - arrière,,,,,,,,,,,1,2,1,1.0,2
201400041412,0014-08-19 10:30:00,14,8,19,10,30,930,1,PORT (RUE DU)  (PAIR),,,Plein jour,En agglomération,Intersection en X,Normale,Deux véhicules - côté,,,,,,,,,,,1,2,2,1.0,3
201400041413,0014-08-19 19:10:00,14,8,19,19,10,930,1,"35, MOTTE (RUE DE LA)",,,Plein jour,En agglomération,Hors intersection,Normale,Autre collision,,,,,,,,,,,1,2,1,1.0,6
201400041414,0014-08-22 18:10:00,14,8,22,18,10,930,1,JEAN JAURES (AVE)  => 53,,,Plein jour,En agglomération,Intersection en X,Pluie légère,Deux véhicules - côté,,,,,,,,,,,1,2,2,2.0,3
201400041415,0014-08-25 19:45:00,14,8,25,19,45,930,1,"48, ANATOLE FRANCE (BLD)",,,Crépuscule ou aube,En agglomération,Hors intersection,Pluie forte,Deux véhicules - arrière,,,,,,,,,,,2,2,1,3.0,2
201400041416,0014-08-26 16:10:00,14,8,26,16,10,930,1,ADRIEN AGNES (QUAI),,,Plein jour,En agglomération,Hors intersection,Normale,Deux véhicules - côté,,,,,,,,,,,1,2,1,1.0,3
201400041417,0014-08-26 23:40:00,14,8,26,23,40,930,1,"187, JEAN JAURES  (AVE)",,,Nuit avec éclairage allumé,En agglomération,Hors intersection,Pluie légère,Deux véhicules - arrière,,,,,,,,,,,5,2,1,2.0,2
201400041418,0014-08-27 13:45:00,14,8,27,13,45,930,1,"136, REPUBLIQUE (AVE DE",,,Plein jour,En agglomération,Hors intersection,Normale,Autre collision,,,,,,,,,,,1,2,1,1.0,6
201400041419,0014-08-27 15:10:00,14,8,27,15,10,930,1,"77, REPUBLIQUE (AVE DE L",,,Plein jour,En agglomération,Hors intersection,Normale,Autre collision,,,,,,,,,,,1,2,1,1.0,6
201400041420,0014-08-29 08:50:00,14,8,29,8,50,930,1,"127, PONT BLANC.CHARLES",,,Plein jour,En agglomération,Hors intersection,Normale,Deux véhicules - frontale,,,,,,,,,,,1,2,1,1.0,1
201400041421,0014-08-29 11:50:00,14,8,29,11,50,930,1,VICTOR HUGO (AVE)  => N?,,,Plein jour,En agglomération,Hors intersection,Normale,Autre collision,,,,,,,,,,,1,2,1,1.0,6
201400041422,0014-08-30 03:55:00,14,8,30,3,55,930,1,CITES (RUE DES)  => 91,,,Nuit avec éclairage allumé,En agglomération,Intersection en X,Normale,Deux véhicules - arrière,,,,,,,,,,,5,2,2,1.0,2
201400041423,0014-09-01 14:30:00,14,9,1,14,30,930,1,"162, DANIELLE CASANOVA (",,,Plein jour,En agglomération,Hors intersection,Normale,Autre collision,,,,,,,,,,,1,2,1,1.0,6
201400041424,0014-09-04 17:10:00,14,9,4,17,10,930,1,"68, DANIELLE CASANOVA (R",,,Plein jour,En agglomération,Hors intersection,Normale,Autre collision,,,,,,,,,,,1,2,1,1.0,6
201400041425,0014-09-05 10:50:00,14,9,5,10,50,930,1,PONT BLANC.CHARLES TILLO,,,Plein jour,En agglomération,Intersection en X,Normale,Autre collision,,,,,,,,,,,1,2,2,1.0,6
201400041426,0014-09-15 07:32:00,14,9,15,7,32,930,1,"126, VICTOR HUGO (AVE)",,,Plein jour,En agglomération,Autre intersection,Normale,Deux véhicules - côté,,,,,,,,,,,1,2,9,1.0,3
201400041427,0014-09-16 07:00:00,14,9,16,7,0,930,1,"88, FELIX FAURE (BLD)  =",,,Nuit avec éclairage allumé,En agglomération,Hors intersection,Normale,Autre collision,,,,,,,,,,,5,2,1,1.0,6
201400041428,0014-09-16 16:30:00,14,9,16,16,30,930,1,"77, DANIELLE CASANOVA (R",,,Plein jour,En agglomération,Hors intersection,Normale,Autre collision,,,,,,,,,,,1,2,1,1.0,6
201400041429,0014-09-16 17:30:00,14,9,16,17,30,930,1,"99, VICTOR HUGO (AVE)  =",,,Plein jour,En agglomération,Hors intersection,Normale,Autre collision,,,,,,,,,,,1,2,1,1.0,6
201400041430,0014-09-18 09:15:00,14,9,18,9,15,930,1,"79, DANIELLE CASANOVA (R",,,Plein jour,En agglomération,Hors intersection,Normale,Deux véhicules - arrière,,,,,,,,,,,1,2,1,1.0,2
201400041431,0014-09-18 17:45:00,14,9,18,17,45,930,1,"112, HELENE COCHENNEC (R",,,Plein jour,En agglomération,Hors intersection,Normale,Deux véhicules - arrière,,,,,,,,,,,1,2,1,1.0,2
201400041432,0014-09-24 17:45:00,14,9,24,17,45,930,1,"09, DANIELLE CASANOVA (R",,,Plein jour,En agglomération,Hors intersection,Normale,Autre collision,,,,,,,,,,,1,2,1,1.0,6
201400041433,0014-09-27 20:15:00,14,9,27,20,15,930,1,"52, LANDY (RUE DU) 34/29",,,Nuit avec éclairage allumé,En agglomération,Hors intersection,Normale,Deux véhicules - côté,,,,,,,,,,,5,2,1,1.0,3
201400041434,0014-10-01 17:15:00,14,10,1,17,15,930,1,"168, VICTOR HUGO (AVE)",,,Plein jour,En agglomération,Hors intersection,Normale,Autre collision,,,,,,,,,,,1,2,1,1.0,6
201400041435,0014-10-02 17:30:00,14,10,2,17,30,930,1,"8, ADRIEN AGNES (QUAI)",,,Plein jour,En agglomération,Hors intersection,Normale,Autre collision,,,,,,,,,,,1,2,1,1.0,6
201400041436,0014-10-08 09:00:00,14,10,8,9,0,930,1,BERGERIES (RUE DES),,,Plein jour,En agglomération,Intersection en X,Pluie forte,Deux véhicules - côté,,,,,,,,,,,1,2,2,3.0,3
201400041437,0014-10-08 10:10:00,14,10,8,10,10,930,1,WALDECK ROCHET (RUE),,,Plein jour,En agglomération,Hors intersection,Pluie forte,Autre collision,,,,,,,,,,,1,2,1,3.0,6
201400041438,0014-10-09 18:40:00,14,10,9,18,40,930,1,"173, VICTOR HUGO (AVE)",,,Plein jour,En agglomération,Hors intersection,Normale,Deux véhicules - côté,,,,,,,,,,,1,2,1,1.0,3
201400041439,0014-10-15 00:30:00,14,10,15,0,30,930,1,"54, ANATOLE FRANCE (BLD)",,,Nuit avec éclairage allumé,En agglomération,Hors intersection,Normale,Autre collision,,,,,,,,,,,5,2,1,1.0,6
201400041440,0014-10-15 11:50:00,14,10,15,11,50,930,1,"02, HENRI MURGER (RUE)",,,Plein jour,En agglomération,Intersection en T,Pluie légère,Autre collision,,,,,,,,,,,1,2,3,2.0,6
201400041441,0014-10-15 14:50:00,14,10,15,14,50,930,1,"85, VICTOR HUGO (AVE)  =",,,Plein jour,En agglomération,Hors intersection,Pluie légère,Autre collision,,,,,,,,,,,1,2,1,2.0,6
201400041442,0014-10-18 16:15:00,14,10,18,16,15,930,1,"1, REPUBLIQUE (AVE DE LA",,,Plein jour,En agglomération,Hors intersection,Normale,Autre collision,,,,,,,,,,,1,2,1,1.0,6
201400041443,0014-10-21 14:25:00,14,10,21,14,25,930,1,"113, SAINT-DENIS (RUE DE",,,Plein jour,En agglomération,Hors intersection,Normale,Autre collision,,,,,,,,,,,1,2,1,1.0,6
201400041444,0014-10-22 20:20:00,14,10,22,20,20,930,1,"51, JEAN JAURES (AVE)  =",,,Nuit avec éclairage allumé,En agglomération,Intersection en X,Normale,Deux véhicules - côté,,,,,,,,,,,5,2,2,1.0,3
201400041445,0014-10-23 12:30:00,14,10,23,12,30,930,1,"140, FELIX FAURE (BLD) 1",,,Plein jour,En agglomération,Hors intersection,Normale,Deux véhicules - côté,,,,,,,,,,,1,2,1,1.0,3
201400041446,0014-10-26 08:30:00,14,10,26,8,30,930,1,"32, ANDRE KARMAN (RUE)",,,Plein jour,En agglomération,Intersection en T,Normale,Deux véhicules - côté,,,,,,,,,,,1,2,3,1.0,3
201400041447,0014-10-30 09:40:00,14,10,30,9,40,930,1,JEAN JAURES (AVE) 55 A 1,,,Plein jour,En agglomération,Hors intersection,Normale,Deux véhicules - côté,,,,,,,,,,,1,2,1,1.0,3
201400041448,0014-11-01 21:05:00,14,11,1,21,5,930,1,"54, REPUBLIQUE (AVE DE L",,,Nuit avec éclairage allumé,En agglomération,Hors intersection,Normale,Deux véhicules - côté,,,,,,,,,,,5,2,1,1.0,3
201400041449,0014-11-05 09:00:00,14,11,5,9,0,930,1,"10, REPUBLIQUE (AVE DE L",,,Plein jour,En agglomération,Intersection en Y,Normale,Deux véhicules - côté,,,,,,,,,,,1,2,4,1.0,3
201400041450,0014-11-06 06:25:00,14,11,6,6,25,930,1,"172, JEAN JAURES  (AVE)",,,Nuit avec éclairage allumé,En agglomération,Hors intersection,Normale,Autre collision,,,,,,,,,,,5,2,1,1.0,6
201400041451,0014-11-07 07:50:00,14,11,7,7,50,930,1,"66, DANIELLE CASANOVA (R",,,Crépuscule ou aube,En agglomération,Intersection en X,Pluie légère,Autre collision,,,,,,,,,,,2,2,2,2.0,6
201400041452,0014-11-08 20:34:00,14,11,8,20,34,930,1,"187, JEAN JAURES  (AVE)",,,Nuit avec éclairage allumé,En agglomération,Hors intersection,Normale,Deux véhicules - arrière,,,,,,,,,,,5,2,1,1.0,2
201400041453,0014-11-10 23:40:00,14,11,10,23,40,930,1,"67, VICTOR HUGO (AVE)  =",,,Nuit avec éclairage allumé,En agglomération,Intersection en T,Normale,Deux véhicules - arrière,,,,,,,,,,,5,2,3,1.0,2
201400041454,0014-11-14 08:00:00,14,11,14,8,0,930,1,REPUBLIQUE (AVE DE LA ),,,Plein jour,En agglomération,Intersection en X,Normale,Deux véhicules - côté,,,,,,,,,,,1,2,2,1.0,3
201400041455,0014-11-16 06:25:00,14,11,16,6,25,930,1,"55, JEAN JAURES (AVE)  =",,,Nuit avec éclairage allumé,En agglomération,Intersection en X,Normale,Deux véhicules - côté,,,,,,,,,,,5,2,2,1.0,3
201400041456,0014-11-19 09:55:00,14,11,19,9,55,930,1,JEAN JAURES  (AVE)  157,,,Plein jour,En agglomération,Intersection en T,Temps couvert,Deux véhicules - côté,,,,,,,,,,,1,2,3,8.0,3
201400041457,0014-11-19 18:10:00,14,11,19,18,10,930,1,"13, REGINE GOSSET (RUE)",,,Nuit avec éclairage allumé,En agglomération,Hors intersection,Normale,Autre collision,,,,,,,,,,,5,2,1,1.0,6
201400041458,0014-11-19 19:50:00,14,11,19,19,50,930,1,VICTOR HUGO (AVE)  => 12,,,Nuit avec éclairage allumé,En agglomération,Hors intersection,Normale,Deux véhicules - côté,,,,,,,,,,,5,2,1,1.0,3
201400041459,0014-11-19 20:45:00,14,11,19,20,45,930,1,"1, GRANDE-COUR (RUELLE D",,,Nuit avec éclairage allumé,En agglomération,Hors intersection,Normale,Autre collision,,,,,,,,,,,5,2,1,1.0,6
201400041460,0014-11-27 09:45:00,14,11,27,9,45,930,1,FELIX FAURE (BLD) 120 A,,,Plein jour,En agglomération,Intersection en Y,Autre,Deux véhicules - côté,,,,,,,,,,,1,2,4,9.0,3
201400041461,0014-12-08 13:55:00,14,12,8,13,55,930,1,", FELIX FAURE (BLD) => 1",,,Plein jour,En agglomération,Intersection en T,Pluie légère,Deux véhicules - côté,,,,,,,,,,,1,2,3,2.0,3
201400041462,0014-12-11 18:40:00,14,12,11,18,40,930,1,"77, DANIELLE CASANOVA (R",,,Nuit avec éclairage allumé,En agglomération,,Normale,Deux véhicules - frontale,,,,,,,,,,,5,2,0,1.0,1
201400041463,0014-12-15 19:10:00,14,12,15,19,10,930,1,", SCHAEFFER (RUE)",,,Nuit sans éclairage public,En agglomération,Intersection en Y,Pluie légère,Deux véhicules - côté,,,,,,,,,,,3,2,4,2.0,3
201400041464,0014-12-19 11:10:00,14,12,19,11,10,930,1,"1, LUCIEN LEFRANC (QUAI)",,,Plein jour,En agglomération,,Pluie légère,Autre collision,,,,,,,,,,,1,2,0,2.0,6
201400041465,0014-12-20 10:00:00,14,12,20,10,0,930,1,ANDRE KARMAN (RUE)  => 1,,,Plein jour,En agglomération,Intersection en X,Normale,Deux véhicules - côté,,,,,,,,,,,1,2,2,1.0,3
201400041466,0014-12-20 19:40:00,14,12,20,19,40,930,1,CHAPON (RUE),,,Nuit avec éclairage allumé,En agglomération,Intersection en X,Pluie légère,Deux véhicules - côté,,,,,,,,,,,5,2,2,2.0,3