accident_id,datetime,annee,mois,jour,heure,minute,departement,commune_insee,adresse,latitude,longitude,luminosite,agglomeration,intersection,meteo,collision,nb_vehicules,nb_usagers,nb_indemnes,nb_tues,nb_blesses_hosp,nb_blesses_legers,age_cond_1,age_cond_2,veh_type_cond_1,veh_type_cond_2,lum_code,agg_code,int_code,atm_code,col_code
201400041467,0014-12-21 07:10:00,14,12,21,7,10,930,1,CREVECOEUR  (RUE)  32 =>,,,Nuit avec éclairage allumé,En agglomération,Intersection en X,Normale,Deux véhicules - côté,,,,,,,,,,,5,2,2,1.0,3
201400041468,0014-12-24 18:00:00,14,12,24,18,0,930,1,"160, DANIELLE CASANOVA (",,,Nuit avec éclairage non allumé,En agglomération,,Pluie légère,Autre collision,,,,,,,,,,,4,2,0,2.0,6
201400041469,0014-12-26 15:30:00,14,12,26,15,30,930,1,"8, PRESIDENT ROOSEVELT (",,,Plein jour,En agglomération,,Normale,Deux véhicules - côté,,,,,,,,,,,1,2,0,1.0,3
201400041470,0014-12-31 15:25:00,14,12,31,15,25,930,1,"81, REPUBLIQUE (AVE DE L",,,Plein jour,En agglomération,,Normale,Autre collision,,,,,,,,,,,1,2,0,1.0,6
201400041471,0014-01-01 01:10:00,14,1,1,1,10,930,5,CAMILLE PELLETAN (RUE),,,Nuit avec éclairage allumé,En agglomération,Hors intersection,Pluie légère,Deux véhicules - côté,,,,,,,,,,,5,2,1,2.0,3
201400041472,0014-12-16 08:10:00,14,12,16,8,10,930,5,", MOULIN DE LA VILLE (CH",,,Crépuscule ou aube,En agglomération,,Pluie légère,Deux véhicules - côté,,,,,,,,,,,2,2,0,2.0,3
201400041473,0014-01-05 01:25:00,14,1,5,1,25,930,5,GENERAL GALLIENI (BOULEV,,,Nuit avec éclairage allumé,En agglomération,Intersection en T,Normale,Deux véhicules - arrière,,,,,,,,,,,5,2,3,1.0,2
201400041474,0014-01-04 13:25:00,14,1,4,13,25,930,71,"0, HENRI BARBUSSE (AVENU",,,Plein jour,En agglomération,Giratoire,Normale,Deux véhicules - frontale,,,,,,,,,,,1,2,6,1.0,1
201400041475,0014-01-07 09:00:00,14,1,7,9,0,930,5,STRASBOURG (BOULEVARD DE,,,Plein jour,En agglomération,Intersection en X,Normale,Deux véhicules - côté,,,,,,,,,,,1,2,2,1.0,3
201400041476,0014-01-07 09:30:00,14,1,7,9,30,930,5,CROIX BLANCHE (PONT DE L,,,Plein jour,En agglomération,Hors intersection,Normale,Autre collision,,,,,,,,,,,1,2,1,1.0,6
201400041477,0014-01-07 18:00:00,14,1,7,18,0,930,5,"83, MOULIN DE LA VILLE (",,,Crépuscule ou aube,En agglomération,Hors intersection,Pluie légère,Trois véhicules et plus - collisions multiples,,,,,,,,,,,2,2,1,2.0,5
201400041478,0014-01-09 16:30:00,14,1,9,16,30,930,5,"23, JULES PRINCET [CD115",,,Plein jour,En agglomération,Hors intersection,Pluie légère,Deux véhicules - arrière,,,,,,,,,,,1,2,1,2.0,2
201400041479,0014-02-02 20:20:00,14,2,2,20,20,930,71,"01, JOHN F. KENNEDY (AVE",,,Nuit avec éclairage allumé,En agglomération,Hors intersection,Normale,Deux véhicules - arrière,,,,,,,,,,,5,2,1,1.0,2
201400041480,0014-01-11 11:50:00,14,1,11,11,50,930,5,MITRY [CD115] (ROUTE DE),,,Plein jour,En agglomération,Hors intersection,Normale,Deux véhicules - arrière,,,,,,,,,,,1,2,1,1.0,2
201400041481,0014-02-08 15:06:00,14,2,8,15,6,930,71,"0, BALLANGER ROBERT (AVE",,,Plein jour,En agglomération,Intersection en X,Normale,Deux véhicules - côté,,,,,,,,,,,1,2,2,1.0,3
201400041482,0014-01-13 11:40:00,14,1,13,11,40,930,5,JACQUES DUCLOS [CD44] (R,,,Plein jour,En agglomération,Hors intersection,Normale,Deux véhicules - arrière,,,,,,,,,,,1,2,1,1.0,2
201400041483,0014-02-17 15:20:00,14,2,17,15,20,930,71,"0, PEUPLIERS (ALLEE DES)",,,Plein jour,En agglomération,Intersection en X,Normale,Deux véhicules - côté,,,,,,,,,,,1,2,2,1.0,3
201400041484,0014-01-14 07:50:00,14,1,14,7,50,930,5,HOTEL DE VILLE (BOULEVAR,,,Nuit avec éclairage allumé,En agglomération,Hors intersection,Pluie légère,Autre collision,,,,,,,,,,,5,2,1,2.0,6
201400041485,0014-01-15 10:00:00,14,1,15,10,0,930,5,"68, MOULIN DE LA VILLE (",,,Plein jour,En agglomération,Hors intersection,Pluie légère,Autre collision,,,,,,,,,,,1,2,1,2.0,6
201400041486,0014-01-15 11:40:00,14,1,15,11,40,930,5,"4, SEVRAN (CD44) (RUE DE",,,Plein jour,En agglomération,Hors intersection,Pluie légère,Deux véhicules - arrière,,,,,,,,,,,1,2,1,2.0,2
201400041487,0014-01-15 21:00:00,14,1,15,21,0,930,5,JULES PRINCET [CD115] (R,,,Nuit avec éclairage allumé,En agglomération,Hors intersection,Pluie légère,Deux véhicules - arrière,,,,,,,,,,,5,2,1,2.0,2
201400041488,0014-01-18 15:00:00,14,1,18,15,0,930,5,CLEMENT ADER (RUE),,,Plein jour,En agglomération,Giratoire,Normale,Deux véhicules - côté,,,,,,,,,,,1,2,6,1.0,3
201400041489,0014-03-12 19:20:00,14,3,12,19,20,930,71,"0, RAOUL DAUTRY (AVENUE)",,,Nuit avec éclairage allumé,En agglomération,Hors intersection,Normale,Deux véhicules - arrière,,,,,,,,,,,5,2,1,1.0,2
201400041490,0014-01-18 18:50:00,14,1,18,18,50,930,5,JEAN CHARCOT [CD115] (RU,,,Nuit avec éclairage allumé,En agglomération,Hors intersection,Normale,Deux véhicules - côté,,,,,,,,,,,5,2,1,1.0,3
201400041491,0014-03-28 13:15:00,14,3,28,13,15,930,71,"0, PETITS PONTS (ROUTE D",,,Plein jour,Hors agglomération,Hors intersection,Normale,Autre collision,,,,,,,,,,,1,1,1,1.0,6
201400041492,0014-01-19 11:00:00,14,1,19,11,0,930,5,WALDECK ROUSSEAU (RUE),,,Plein jour,En agglomération,Hors intersection,Normale,Deux véhicules - arrière,,,,,,,,,,,1,2,1,1.0,2
201400041493,0014-04-01 17:15:00,14,4,1,17,15,930,71,"0, JOHN F. KENNEDY (AVEN",,,Plein jour,En agglomération,Hors intersection,Normale,Autre collision,,,,,,,,,,,1,2,1,1.0,6
201400041494,0014-01-22 13:30:00,14,1,22,13,30,930,5,CHARDONNERETS (RUE DES),,,Plein jour,En agglomération,Hors intersection,Normale,Deux véhicules - côté,,,,,,,,,,,1,2,1,1.0,3
201400041495,0014-04-03 08:25:00,14,4,3,8,25,930,71,"0, LEON JOUHAUX (AVENUE)",,,Plein jour,En agglomération,Hors intersection,Normale,Autre collision,,,,,,,,,,,1,2,1,1.0,6
201400041496,0014-01-28 23:30:00,14,1,28,23,30,930,5,GENERAL DE GAULLE (PLACE,,,Nuit avec éclairage allumé,En agglomération,Hors intersection,Pluie légère,Autre collision,,,,,,,,,,,5,2,1,2.0,6
201400041497,0014-04-06 07:28:00,14,4,6,7,28,930,71,"0, GENERAL LECLERC (AVEN",,,Plein jour,En agglomération,Hors intersection,Normale,Autre collision,,,,,,,,,,,1,2,1,1.0,6
201400041498,0014-01-31 16:15:00,14,1,31,16,15,930,5,SAVIGNY (AVENUE DE),,,Plein jour,Hors agglomération,Hors intersection,Normale,Sans collision,,,,,,,,,,,1,1,1,1.0,7
201400041499,0014-04-10 10:20:00,14,4,10,10,20,930,71,"0, MARCHE (AVENUE DU)",,,Plein jour,En agglomération,Hors intersection,Normale,Autre collision,,,,,,,,,,,1,2,1,1.0,6
201400041500,0014-04-10 11:45:00,14,4,10,11,45,930,71,", GENERAL LECLERC (AVENU",,,Plein jour,En agglomération,Intersection en T,Normale,Autre collision,,,,,,,,,,,1,2,3,1.0,6
201400041501,0014-02-02 15:05:00,14,2,2,15,5,930,5,ROBERT SCHUMAN (CARREFOU,,,Plein jour,En agglomération,Hors intersection,Normale,Deux véhicules - côté,,,,,,,,,,,1,2,1,1.0,3
201400041502,0014-04-10 13:47:00,14,4,10,13,47,930,71,"25, LUCIEN SPORTISS (RUE",,,Plein jour,En agglomération,Hors intersection,Normale,Autre collision,,,,,,,,,,,1,2,1,1.0,6
201400041503,0014-02-03 11:35:00,14,2,3,11,35,930,5,MITRY [CD115] (ROUTE DE),,,Plein jour,En agglomération,Hors intersection,Normale,Deux véhicules - arrière,,,,,,,,,,,1,2,1,1.0,2
201400041504,0014-04-13 14:40:00,14,4,13,14,40,930,71,"47, GABRIEL PERI (RUE)",,,Plein jour,En agglomération,Hors intersection,Normale,Deux véhicules - frontale,,,,,,,,,,,1,2,1,1.0,1
201400041505,0014-02-06 15:00:00,14,2,6,15,0,930,5,ANDRE CITROEN (BOULEVARD,,,Plein jour,En agglomération,Hors intersection,Pluie légère,Deux véhicules - frontale,,,,,,,,,,,1,2,1,2.0,1
201400041506,0014-04-19 18:35:00,14,4,19,18,35,930,71,RAOUL DAUTRY (AVENUE),,,Plein jour,En agglomération,Hors intersection,Normale,Deux véhicules - arrière,,,,,,,,,,,1,2,1,1.0,2
201400041507,0014-04-26 20:20:00,14,4,26,20,20,930,71,"37, AULNAY (RUE D')",,,Crépuscule ou aube,En agglomération,Place,Temps couvert,Deux véhicules - côté,,,,,,,,,,,2,2,7,8.0,3
201400041508,0014-02-08 21:10:00,14,2,8,21,10,930,5,MITRY [CD115] (RUE DE),,,Nuit avec éclairage allumé,En agglomération,Hors intersection,Temps couvert,Deux véhicules - arrière,,,,,,,,,,,5,2,1,8.0,2
201400041509,0014-05-13 20:45:00,14,5,13,20,45,930,71,"0, JEAN GIONO (ALLEE)",,,Crépuscule ou aube,En agglomération,Hors intersection,Normale,Autre collision,,,,,,,,,,,2,2,1,1.0,6
201400041510,0014-02-10 03:25:00,14,2,10,3,25,930,5,SEVRAN (CD44) (RUE DE),,,Nuit avec éclairage allumé,En agglomération,Hors intersection,Normale,Deux véhicules - côté,,,,,,,,,,,5,2,1,1.0,3
201400041511,0014-02-13 08:10:00,14,2,13,8,10,930,5,EMILE ZOLA (BOULEVARD),,,Crépuscule ou aube,En agglomération,Hors intersection,Pluie forte,Autre collision,,,,,,,,,,,2,2,1,3.0,6
201400041512,0014-02-13 13:05:00,14,2,13,13,5,930,5,RAOUL DUFY (AVENUE),,,Plein jour,En agglomération,Giratoire,Pluie légère,Autre collision,,,,,,,,,,,1,2,6,2.0,6
201400041513,0014-03-03 09:15:00,14,3,3,9,15,930,5,MOULIN DE LA VILLE (CHEM,,,Plein jour,En agglomération,Intersection en T,Pluie légère,Autre collision,,,,,,,,,,,1,2,3,2.0,6
201400041514,0014-03-04 13:05:00,14,3,4,13,5,930,5,"61bis, JACQUES DUCLOS [C",,,Plein jour,En agglomération,Hors intersection,Normale,Deux véhicules - côté,,,,,,,,,,,1,2,1,1.0,3
201400041515,0014-03-04 18:35:00,14,3,4,18,35,930,5,RAOUL DUFY (AVENUE),,,Nuit avec éclairage allumé,En agglomération,Hors intersection,Normale,Deux véhicules - arrière,,,,,,,,,,,5,2,1,1.0,2
201400041516,0014-03-08 15:40:00,14,3,8,15,40,930,5,JEAN CHARCOT [CD115] (RU,,,Plein jour,En agglomération,Hors intersection,Normale,Deux véhicules - arrière,,,,,,,,,,,1,2,1,1.0,2
201400041517,0014-03-10 16:20:00,14,3,10,16,20,930,5,MARC CHAGALL (BOULEVARD),,,Plein jour,En agglomération,Hors intersection,Normale,Deux véhicules - côté,,,,,,,,,,,1,2,1,1.0,3
201400041518,0014-03-12 11:10:00,14,3,12,11,10,930,5,JEAN CHARCOT [CD115] (RU,,,Plein jour,En agglomération,Hors intersection,Normale,Deux véhicules - côté,,,,,,,,,,,1,2,1,1.0,3
201400041519,0014-03-16 16:00:00,14,3,16,16,0,930,5,EUGENE VARLIN (RUE),,,Plein jour,En agglomération,Intersection en T,Normale,Deux véhicules - frontale,,,,,,,,,,,1,2,3,1.0,1
201400041520,0014-03-16 19:20:00,14,3,16,19,20,930,5,JOSEPH MARIE JACQUARD (R,,,Plein jour,En agglomération,Hors intersection,Normale,Deux véhicules - côté,,,,,,,,,,,1,2,1,1.0,3
201400041521,0014-03-18 13:40:00,14,3,18,13,40,930,5,", MITRY [CD115] (RUE DE)",,,Plein jour,En agglomération,Hors intersection,Normale,Deux véhicules - arrière,,,,,,,,,,,1,2,1,1.0,2
201400041522,0014-03-24 22:00:00,14,3,24,22,0,930,5,"131, sTRASBOURG (BOULEVA",,,Nuit avec éclairage allumé,En agglomération,Hors intersection,Normale,Autre collision,,,,,,,,,,,5,2,1,1.0,6
201400041523,0014-03-24 13:35:00,14,3,24,13,35,930,5,"137 ter, MITRY [CD115] (",,,Plein jour,En agglomération,Hors intersection,Normale,Deux véhicules - côté,,,,,,,,,,,1,2,1,1.0,3
201400041524,0014-03-27 15:20:00,14,3,27,15,20,930,5,HOTEL DE VILLE (PLACE DE,,,Plein jour,En agglomération,Hors intersection,Normale,Autre collision,,,,,,,,,,,1,2,1,1.0,6
201400041525,0014-03-27 19:13:00,14,3,27,19,13,930,5,"112, MITRY [CD115] (RUE",,,Nuit avec éclairage allumé,En agglomération,Hors intersection,Normale,Deux véhicules - côté,,,,,,,,,,,5,2,1,1.0,3
201400041526,0014-03-28 17:15:00,14,3,28,17,15,930,5,JULES VALLES (RUE),,,Plein jour,En agglomération,Intersection en Y,Normale,Deux véhicules - côté,,,,,,,,,,,1,2,4,1.0,3
201400041527,0014-04-03 20:30:00,14,4,3,20,30,930,5,GROS PEUPLIER (AVENUE DU,,,Crépuscule ou aube,En agglomération,Intersection en X,Normale,Deux véhicules - côté,,,,,,,,,,,2,2,2,1.0,3
201400041528,0014-04-05 22:40:00,14,4,5,22,40,930,5,PREFET CHALEIL (CD44) (R,,,Nuit avec éclairage allumé,En agglomération,Hors intersection,Normale,Trois véhicules et plus - en chaîne,,,,,,,,,,,5,2,1,1.0,4
201400041529,0014-04-10 08:30:00,14,4,10,8,30,930,5,JULES VALLES (RUE),,,Plein jour,En agglomération,Giratoire,Normale,Autre collision,,,,,,,,,,,1,2,6,1.0,6
201400041530,0014-04-11 17:55:00,14,4,11,17,55,930,5,MOULIN DE LA VILLE (CHEM,,,Plein jour,En agglomération,Hors intersection,Normale,Autre collision,,,,,,,,,,,1,2,1,1.0,6
201400041531,0014-04-13 03:00:00,14,4,13,3,0,930,5,"59, PREFET CHALEIL (CD44",,,Nuit avec éclairage non allumé,En agglomération,Hors intersection,Normale,Deux véhicules - frontale,,,,,,,,,,,4,2,1,1.0,1
201400041532,0014-04-14 17:34:00,14,4,14,17,34,930,5,"55, AUGUSTE RENOIR (RUE)",,,Plein jour,En agglomération,Hors intersection,Normale,Autre collision,,,,,,,,,,,1,2,1,1.0,6
201400041533,0014-04-16 10:30:00,14,4,16,10,30,930,5,JEAN CHARCOT [CD115] (RU,,,Plein jour,En agglomération,Intersection en X,Normale,Deux véhicules - frontale,,,,,,,,,,,1,2,2,1.0,1
201400041534,0014-04-19 10:45:00,14,4,19,10,45,930,5,"18, JEAN CHARCOT [CD115]",,,Plein jour,En agglomération,Hors intersection,Normale,Deux véhicules - arrière,,,,,,,,,,,1,2,1,1.0,2
201400041535,0014-04-26 01:55:00,14,4,26,1,55,930,5,MARC CHAGALL (BOULEVARD),,,Nuit avec éclairage allumé,En agglomération,Hors intersection,Normale,Deux véhicules - côté,,,,,,,,,,,5,2,1,1.0,3
201400041536,0014-04-29 20:00:00,14,4,29,20,0,930,5,"86, LOUIS BLANC (AVENUE)",,,Crépuscule ou aube,En agglomération,Intersection en T,Pluie légère,Deux véhicules - côté,,,,,,,,,,,2,2,3,2.0,3
201400041537,0014-05-02 17:00:00,14,5,2,17,0,930,5,SUZANNE LENGLEN (AVENUE),,,Plein jour,En agglomération,Hors intersection,Normale,Trois véhicules et plus - en chaîne,,,,,,,,,,,1,2,1,1.0,4
201400041538,0014-05-03 19:20:00,14,5,3,19,20,930,5,EUROPE (CARREFOUR DE L'),,,Plein jour,En agglomération,Giratoire,Normale,Autre collision,,,,,,,,,,,1,2,6,1.0,6
201400041539,0014-05-04 15:00:00,14,5,4,15,0,930,5,MARC CHAGALL (BOULEVARD),,,Plein jour,En agglomération,Intersection en T,Normale,Deux véhicules - côté,,,,,,,,,,,1,2,3,1.0,3
201400041540,0014-05-05 14:30:00,14,5,5,14,30,930,5,"11, ANATOLE FRANCE (AVEN",,,Plein jour,En agglomération,Hors intersection,Normale,Deux véhicules - côté,,,,,,,,,,,1,2,1,1.0,3
201400041541,0014-05-05 23:35:00,14,5,5,23,35,930,5,RAOUL DUFY (AVENUE),,,Nuit avec éclairage allumé,En agglomération,Hors intersection,Normale,Deux véhicules - côté,,,,,,,,,,,5,2,1,1.0,3
201400041542,0014-05-07 16:10:00,14,5,7,16,10,930,5,", PREFET CHALEIL (CD44)",,,Plein jour,En agglomération,Hors intersection,Pluie légère,Autre collision,,,,,,,,,,,1,2,1,2.0,6
201400041543,0014-05-08 21:05:00,14,5,8,21,5,930,5,"24, JULES PRINCET [CD115",,,Nuit avec éclairage allumé,En agglomération,Hors intersection,Pluie légère,Sans collision,,,,,,,,,,,5,2,1,2.0,7
201400041544,0014-05-09 17:30:00,14,5,9,17,30,930,5,ROISSY EN FRANCE [CR N9],,,Plein jour,En agglomération,Intersection en X,Normale,Deux véhicules - côté,,,,,,,,,,,1,2,2,1.0,3
201400041545,0014-05-09 18:00:00,14,5,9,18,0,930,5,JEAN BART (ALLEE),,,Plein jour,En agglomération,Intersection en T,Normale,Autre collision,,,,,,,,,,,1,2,3,1.0,6
201400041546,0014-05-12 16:38:00,14,5,12,16,38,930,5,"12, EDGAR DEGAS (RUE)",,,Plein jour,En agglomération,Hors intersection,Pluie légère,Autre collision,,,,,,,,,,,1,2,1,2.0,6
201400041547,0014-05-17 02:55:00,14,5,17,2,55,930,5,JACQUES DUCLOS [CD44] (R,,,Nuit avec éclairage allumé,En agglomération,Intersection en X,Normale,Deux véhicules - côté,,,,,,,,,,,5,2,2,1.0,3
201400041548,0014-05-18 19:55:00,14,5,18,19,55,930,5,DOCTEUR LAENNEC (ALLEE D,,,Plein jour,En agglomération,Intersection en T,Temps éblouissant,Autre collision,,,,,,,,,,,1,2,3,7.0,6
201400041549,0014-05-19 19:45:00,14,5,19,19,45,930,5,"12, JACQUES DUCLOS [CD44",,,Plein jour,En agglomération,Hors intersection,Normale,Autre collision,,,,,,,,,,,1,2,1,1.0,6
201400041550,0014-05-19 20:00:00,14,5,19,20,0,930,5,LEFEVRE (BOULEVARD),,,Plein jour,En agglomération,Intersection en X,Normale,Autre collision,,,,,,,,,,,1,2,2,1.0,6
201400041551,0014-05-19 22:30:00,14,5,19,22,30,930,5,JULES PRINCET [CD115] (R,,,Nuit avec éclairage allumé,En agglomération,Intersection en T,Normale,Deux véhicules - côté,,,,,,,,,,,5,2,3,1.0,3
201400041552,0014-05-22 22:20:00,14,5,22,22,20,930,5,JACQUES DUCLOS [CD44] (R,,,Nuit avec éclairage allumé,En agglomération,Hors intersection,Normale,Autre collision,,,,,,,,,,,5,2,1,1.0,6
201400041553,0014-05-24 16:10:00,14,5,24,16,10,930,5,GEORGES BRAQUE (BOULEVAR,,,Plein jour,En agglomération,Hors intersection,Normale,Autre collision,,,,,,,,,,,1,2,1,1.0,6
201400041554,0014-05-25 10:18:00,14,5,25,10,18,930,5,MITRY [CD115] (ROUTE DE),,,Plein jour,En agglomération,Hors intersection,Normale,Autre collision,,,,,,,,,,,1,2,1,1.0,6
201400041555,0014-06-02 00:40:00,14,6,2,0,40,930,5,MICHEL ANGE (RUE),,,Nuit avec éclairage allumé,En agglomération,Intersection en T,Temps couvert,Autre collision,,,,,,,,,,,5,2,3,8.0,6
201400041556,0014-06-05 23:00:00,14,6,5,23,0,930,5,JEAN CHARCOT [CD115] (RU,,,Nuit avec éclairage allumé,En agglomération,Intersection en X,Normale,Trois véhicules et plus - collisions multiples,,,,,,,,,,,5,2,2,1.0,5
201400041557,0014-06-06 09:15:00,14,6,6,9,15,930,5,JACQUES DUCLOS [CD44] (R,,,Plein jour,En agglomération,Hors intersection,Normale,Deux véhicules - arrière,,,,,,,,,,,1,2,1,1.0,2
201400041558,0014-06-06 16:20:00,14,6,6,16,20,930,5,CAMILLE DESMOULINS (RUE),,,Plein jour,En agglomération,Hors intersection,Normale,Autre collision,,,,,,,,,,,1,2,1,1.0,6
201400041559,0014-06-06 19:00:00,14,6,6,19,0,930,5,EDGAR DEGAS (RUE),,,Plein jour,En agglomération,Hors intersection,Normale,Autre collision,,,,,,,,,,,1,2,1,1.0,6
201400041560,0014-06-07 20:15:00,14,6,7,20,15,930,5,", PAUL CEZANNE (RUE)",,,Plein jour,En agglomération,Hors intersection,Normale,Autre collision,,,,,,,,,,,1,2,1,1.0,6
201400041561,0014-06-10 12:10:00,14,6,10,12,10,930,5,MAXIME GORKI (RUE),,,Plein jour,En agglomération,Intersection en T,Pluie légère,Deux véhicules - côté,,,,,,,,,,,1,2,3,2.0,3
201400041562,0014-06-11 20:02:00,14,6,11,20,2,930,5,"91, MAXIMILIEN ROBESPIER",,,Plein jour,En agglomération,Hors intersection,Normale,Autre collision,,,,,,,,,,,1,2,1,1.0,6
201400041563,0014-06-13 16:05:00,14,6,13,16,5,930,5,COLONEL MOLL (RUE DU),,,Plein jour,En agglomération,Hors intersection,Normale,Deux véhicules - arrière,,,,,,,,,,,1,2,1,1.0,2
201400041564,0014-06-15 08:50:00,14,6,15,8,50,930,5,WALDECK ROUSSEAU (RUE),,,Plein jour,En agglomération,Intersection en Y,Normale,Deux véhicules - frontale,,,,,,,,,,,1,2,4,1.0,1
201400041565,0014-06-15 17:50:00,14,6,15,17,50,930,5,ANDRE CITROEN (BOULEVARD,,,Plein jour,Hors agglomération,Giratoire,Normale,Autre collision,,,,,,,,,,,1,1,6,1.0,6
201400041566,0014-06-18 19:20:00,14,6,18,19,20,930,5,ORDENER (RUE),,,Plein jour,En agglomération,Intersection en X,Normale,Deux véhicules - côté,,,,,,,,,,,1,2,2,1.0,3
201400041567,0014-06-21 20:50:00,14,6,21,20,50,930,5,JACQUES DUCLOS [CD44] (R,,,Plein jour,En agglomération,Hors intersection,Normale,Autre collision,,,,,,,,,,,1,2,1,1.0,6
201400041568,0014-06-24 13:00:00,14,6,24,13,0,930,5,SALVADOR ALLENDE (COURS),,,Plein jour,En agglomération,Intersection en X,Normale,Deux véhicules - côté,,,,,,,,,,,1,2,2,1.0,3
201400041569,0014-06-26 18:25:00,14,6,26,18,25,930,5,GEORGES BRAQUE (BOULEVAR,,,Plein jour,En agglomération,Hors intersection,Normale,Autre collision,,,,,,,,,,,1,2,1,1.0,6
201400041570,0014-07-01 17:00:00,14,7,1,17,0,930,5,"187, STRASBOURG (BOULEVA",,,Plein jour,En agglomération,Hors intersection,Normale,Autre collision,,,,,,,,,,,1,2,1,1.0,6
201400041571,0014-07-01 17:20:00,14,7,1,17,20,930,5,VOLTAIRE (RUE),,,Plein jour,En agglomération,Intersection en X,Normale,Sans collision,,,,,,,,,,,1,2,2,1.0,7
201400041572,0014-07-01 16:35:00,14,7,1,16,35,930,5,JACQUES DUCLOS [CD44] (R,,,Plein jour,En agglomération,Hors intersection,Normale,Autre collision,,,,,,,,,,,1,2,1,1.0,6
201400041573,0014-07-04 16:50:00,14,7,4,16,50,930,5,PARINOR,,,Plein jour,En agglomération,Hors intersection,Normale,Autre collision,,,,,,,,,,,1,2,1,1.0,6
201400041574,0014-07-08 16:24:00,14,7,8,16,24,930,5,PIMODAN (RUE DE),,,Plein jour,En agglomération,Intersection en X,Normale,Deux véhicules - côté,,,,,,,,,,,1,2,2,1.0,3
201400041575,0014-07-09 19:00:00,14,7,9,19,0,930,5,MITRY [CD115] (ROUTE DE),,,Plein jour,En agglomération,Intersection en T,Pluie forte,Deux véhicules - arrière,,,,,,,,,,,1,2,3,3.0,2
201400041576,0014-07-13 01:20:00,14,7,13,1,20,930,5,CHARLES DE GAULLE [CD115,,,Nuit avec éclairage allumé,En agglomération,Intersection en T,Normale,Trois véhicules et plus - en chaîne,,,,,,,,,,,5,2,3,1.0,4
201400041577,0014-07-17 08:00:00,14,7,17,8,0,930,5,AMBOURGET (RUE),,,Plein jour,En agglomération,Hors intersection,Normale,Sans collision,,,,,,,,,,,1,2,1,1.0,7
201400041578,0014-07-19 10:25:00,14,7,19,10,25,930,5,JEAN CHARCOT [CD115] (RU,,,Plein jour,En agglomération,Hors intersection,Normale,Autre collision,,,,,,,,,,,1,2,1,1.0,6
201400041579,0014-07-20 05:50:00,14,7,20,5,50,930,5,PAUL CEZANNE (RUE),,,Crépuscule ou aube,En agglomération,Giratoire,Pluie légère,Autre collision,,,,,,,,,,,2,2,6,2.0,6
201400041580,0014-07-23 23:55:00,14,7,23,23,55,930,5,"117, JACQUES DUCLOS [CD4",,,Nuit avec éclairage allumé,En agglomération,Hors intersection,Normale,Deux véhicules - côté,,,,,,,,,,,5,2,1,1.0,3
201400041581,0014-07-24 17:55:00,14,7,24,17,55,930,5,"28, JULES PRINCET [CD115",,,Plein jour,En agglomération,Intersection en T,Normale,Autre collision,,,,,,,,,,,1,2,3,1.0,6
201400041582,0014-07-26 00:35:00,14,7,26,0,35,930,5,HUIT MAI (RUE DU),,,Nuit avec éclairage allumé,En agglomération,Hors intersection,Normale,Autre collision,,,,,,,,,,,5,2,1,1.0,6
201400041583,0014-07-28 12:00:00,14,7,28,12,0,930,5,"00, HENRI MATISSE (RUE)",,,Plein jour,En agglomération,Intersection en T,Normale,Deux véhicules - côté,,,,,,,,,,,1,2,3,1.0,3
201400041584,0014-07-28 14:10:00,14,7,28,14,10,930,5,JULES PRINCET [CD115] (R,,,Plein jour,En agglomération,Hors intersection,Normale,Deux véhicules - côté,,,,,,,,,,,1,2,1,1.0,3
201400041585,0014-07-30 13:30:00,14,7,30,13,30,930,5,OLIVIERS (RUE DES),,,Plein jour,En agglomération,Hors intersection,Normale,Deux véhicules - frontale,,,,,,,,,,,1,2,1,1.0,1
201400041586,0014-07-31 17:40:00,14,7,31,17,40,930,5,TURGOT (RUE),,,Plein jour,En agglomération,Intersection en T,Normale,Deux véhicules - frontale,,,,,,,,,,,1,2,3,1.0,1
201400041587,0014-08-01 16:07:00,14,8,1,16,7,930,5,GEORGES BRAQUE (BOULEVAR,,,Plein jour,En agglomération,Hors intersection,Normale,Deux véhicules - arrière,,,,,,,,,,,1,2,1,1.0,2
201400041588,0014-08-01 20:50:00,14,8,1,20,50,930,5,"13, BOUGAINVILLE (RUE DE",,,Crépuscule ou aube,En agglomération,Hors intersection,Normale,Sans collision,,,,,,,,,,,2,2,1,1.0,7
201400041589,0014-08-06 00:01:00,14,8,6,0,1,930,5,"25, WALDECK ROUSSEAU (RU",,,Nuit avec éclairage allumé,En agglomération,Hors intersection,Normale,Deux véhicules - arrière,,,,,,,,,,,5,2,1,1.0,2
201400041590,0014-08-06 21:35:00,14,8,6,21,35,930,5,PAUL CEZANNE (RUE),,,Plein jour,En agglomération,Hors intersection,Normale,Deux véhicules - arrière,,,,,,,,,,,1,2,1,1.0,2
201400041591,0014-08-08 19:15:00,14,8,8,19,15,930,5,FELIX FAURE (BOULEVARD),,,Plein jour,En agglomération,Intersection en T,Normale,Deux véhicules - côté,,,,,,,,,,,1,2,3,1.0,3
201400041592,0014-08-09 18:00:00,14,8,9,18,0,930,5,RAOUL DUFY (AVENUE),,,Plein jour,En agglomération,Intersection en T,Normale,Autre collision,,,,,,,,,,,1,2,3,1.0,6
201400041593,0014-08-11 01:05:00,14,8,11,1,5,930,5,RAOUL DUFY (AVENUE),,,Nuit avec éclairage allumé,En agglomération,Hors intersection,Normale,Autre collision,,,,,,,,,,,5,2,1,1.0,6
201400041594,0014-08-12 14:20:00,14,8,12,14,20,930,5,JULES PRINCET [CD115] (R,,,Plein jour,En agglomération,Intersection en X,Pluie légère,Deux véhicules - côté,,,,,,,,,,,1,2,2,2.0,3
201400041595,0014-08-15 17:50:00,14,8,15,17,50,930,5,"5, DAUPHINE (RUE DU)",,,Plein jour,En agglomération,Hors intersection,Normale,Sans collision,,,,,,,,,,,1,2,1,1.0,7
201400041596,0014-08-20 19:00:00,14,8,20,19,0,930,5,SAVIGNY (AVENUE DE),,,Plein jour,En agglomération,Intersection en X,Normale,Deux véhicules - côté,,,,,,,,,,,1,2,2,1.0,3