accident_id,datetime,annee,mois,jour,heure,minute,departement,commune_insee,adresse,latitude,longitude,luminosite,agglomeration,intersection,meteo,collision,nb_vehicules,nb_usagers,nb_indemnes,nb_tues,nb_blesses_hosp,nb_blesses_legers,age_cond_1,age_cond_2,veh_type_cond_1,veh_type_cond_2,lum_code,agg_code,int_code,atm_code,col_code
201400041597,0014-07-28 18:55:00,14,7,28,18,55,930,5,EDGAR DEGAS (RUE),,,Plein jour,En agglomération,Hors intersection,Normale,Autre collision,,,,,,,,,,,1,2,1,1.0,6
201400041598,0014-08-26 14:50:00,14,8,26,14,50,930,5,BONDY (ROUTE DE),,,Plein jour,En agglomération,Hors intersection,Normale,Autre collision,,,,,,,,,,,1,2,1,1.0,6
201400041599,0014-09-06 12:00:00,14,9,6,12,0,930,5,JULES PRINCET [CD115] (R,,,Plein jour,En agglomération,Hors intersection,Normale,Autre collision,,,,,,,,,,,1,2,1,1.0,6
201400041600,0014-09-08 23:25:00,14,9,8,23,25,930,5,MARC CHAGALL (BOULEVARD),,,Nuit avec éclairage allumé,En agglomération,Intersection en T,Normale,Deux véhicules - frontale,,,,,,,,,,,5,2,3,1.0,1
201400041601,0014-09-10 08:50:00,14,9,10,8,50,930,5,ARTHUR CHEVALIER (RUE),,,Plein jour,En agglomération,Intersection en X,Normale,Deux véhicules - côté,,,,,,,,,,,1,2,2,1.0,3
201400041602,0014-09-12 16:00:00,14,9,12,16,0,930,5,JACQUES DUCLOS [CD44] (R,,,Plein jour,En agglomération,Intersection en T,Normale,Deux véhicules - côté,,,,,,,,,,,1,2,3,1.0,3
201400041603,0014-09-13 12:25:00,14,9,13,12,25,930,5,MITRY [CD115] (ROUTE DE),,,Plein jour,En agglomération,Hors intersection,Normale,Deux véhicules - côté,,,,,,,,,,,1,2,1,1.0,3
201400041604,0014-09-13 18:55:00,14,9,13,18,55,930,5,LEON JOUHAUX (RUE),,,Plein jour,En agglomération,Hors intersection,Normale,Deux véhicules - côté,,,,,,,,,,,1,2,1,1.0,3
201400041605,0014-09-13 18:50:00,14,9,13,18,50,930,5,GEORGES BRAQUE (BOULEVAR,,,Plein jour,En agglomération,Hors intersection,Normale,Deux véhicules - arrière,,,,,,,,,,,1,2,1,1.0,2
201400041606,0014-09-18 01:10:00,14,9,18,1,10,930,5,"49BIS, NONNEVILLE (AVENU",,,Nuit avec éclairage allumé,En agglomération,Autre intersection,Pluie légère,Autre collision,,,,,,,,,,,5,2,9,2.0,6
201400041607,0014-09-24 22:00:00,14,9,24,22,0,930,5,SUZANNE LENGLEN (AVENUE),,,Nuit avec éclairage allumé,En agglomération,Giratoire,Normale,Deux véhicules - côté,,,,,,,,,,,5,2,6,1.0,3
201400041608,0014-10-06 18:15:00,14,10,6,18,15,930,5,ONZE NOVEMBRE (RUE DU),,,Crépuscule ou aube,En agglomération,Intersection en X,Pluie légère,Deux véhicules - côté,,,,,,,,,,,2,2,2,2.0,3
201400041609,0014-10-08 10:30:00,14,10,8,10,30,930,5,PREFET CHALEIL (CD44) (R,,,Plein jour,En agglomération,Hors intersection,Pluie forte,Autre collision,,,,,,,,,,,1,2,1,3.0,6
201400041610,0014-10-08 14:40:00,14,10,8,14,40,930,5,LOUISE MICHEL (RUE),,,Plein jour,En agglomération,Hors intersection,Pluie légère,Autre collision,,,,,,,,,,,1,2,1,2.0,6
201400041611,0014-10-08 23:50:00,14,10,8,23,50,930,5,"25, JULES PRINCET [CD115",,,Nuit avec éclairage allumé,En agglomération,Hors intersection,Temps couvert,Autre collision,,,,,,,,,,,5,2,1,8.0,6
201400041612,0014-10-08 14:00:00,14,10,8,14,0,930,5,EUROPE (CARREFOUR DE L',,,Plein jour,Hors agglomération,Intersection en Y,Pluie légère,Autre collision,,,,,,,,,,,1,1,4,2.0,6
201400041613,0014-10-11 09:15:00,14,10,11,9,15,930,5,PREFET CHALEIL (CD44) R,,,Plein jour,En agglomération,Hors intersection,Pluie forte,Trois véhicules et plus - en chaîne,,,,,,,,,,,1,2,1,3.0,4
201400041614,0014-10-13 17:40:00,14,10,13,17,40,930,5,"68, ANATOLE FRANCE (AVEN",,,Plein jour,En agglomération,Hors intersection,Normale,Autre collision,,,,,,,,,,,1,2,1,1.0,6
201400041615,0014-10-14 17:55:00,14,10,14,17,55,930,5,STRASBOURG (BOULEVARD DE,,,Plein jour,En agglomération,Hors intersection,Normale,Autre collision,,,,,,,,,,,1,2,1,1.0,6
201400041616,0014-10-14 18:35:00,14,10,14,18,35,930,5,JOSEPH MARIE JACQUARD (R,,,Plein jour,En agglomération,Hors intersection,Normale,Deux véhicules - côté,,,,,,,,,,,1,2,1,1.0,3
201400041617,0014-10-15 18:20:00,14,10,15,18,20,930,5,ANDRE CITROEN (BOULEVARD,,,Crépuscule ou aube,En agglomération,Giratoire,Pluie légère,Autre collision,,,,,,,,,,,2,2,6,2.0,6
201400041618,0014-10-17 21:00:00,14,10,17,21,0,930,5,HENRI MATISSE (RUE),,,Nuit avec éclairage allumé,En agglomération,Hors intersection,Pluie légère,Deux véhicules - côté,,,,,,,,,,,5,2,1,2.0,3
201400041619,0014-10-18 11:30:00,14,10,18,11,30,930,5,MARC CHAGALL (BOULEVARD),,,Plein jour,En agglomération,Intersection en X,Normale,Deux véhicules - côté,,,,,,,,,,,1,2,2,1.0,3
201400041620,0014-10-18 13:40:00,14,10,18,13,40,930,5,LOUISE MICHEL (RUE),,,Plein jour,En agglomération,Intersection à plus de 4 branches,Normale,Deux véhicules - frontale,,,,,,,,,,,1,2,5,1.0,1
201400041621,0014-10-21 16:30:00,14,10,21,16,30,930,5,JEAN CHARCOT [CD115] (RU,,,Plein jour,En agglomération,Hors intersection,Pluie légère,Autre collision,,,,,,,,,,,1,2,1,2.0,6
201400041622,0014-10-22 17:25:00,14,10,22,17,25,930,5,MITRY [CD115] (RUE DE),,,Plein jour,En agglomération,Intersection en X,Normale,Autre collision,,,,,,,,,,,1,2,2,1.0,6
201400041623,0014-10-25 15:50:00,14,10,25,15,50,930,5,"26, MAURICE NILES (RUE)",,,Plein jour,En agglomération,Hors intersection,Normale,Autre collision,,,,,,,,,,,1,2,1,1.0,6
201400041624,0014-10-26 16:45:00,14,10,26,16,45,930,5,GEORGES BRAQUE (BOULEVAR,,,Plein jour,En agglomération,Hors intersection,Normale,Deux véhicules - arrière,,,,,,,,,,,1,2,1,1.0,2
201400041625,0014-10-31 21:05:00,14,10,31,21,5,930,5,HUIT MAI (RUE DU),,,Nuit avec éclairage allumé,En agglomération,Intersection en T,Normale,Deux véhicules - frontale,,,,,,,,,,,5,2,3,1.0,1
201400041626,0014-11-06 08:40:00,14,11,6,8,40,930,5,JEAN JAURES (AVENUE),,,Plein jour,En agglomération,Intersection en X,Autre,Autre collision,,,,,,,,,,,1,2,2,9.0,6
201400041627,0014-11-07 17:20:00,14,11,7,17,20,930,5,NEPTUNE (RUE DE),,,Nuit avec éclairage allumé,En agglomération,Intersection en X,Normale,Deux véhicules - côté,,,,,,,,,,,5,2,2,1.0,3
201400041628,0014-11-07 20:05:00,14,11,7,20,5,930,5,POMEREU (AVENUE DE),,,Nuit avec éclairage allumé,En agglomération,Intersection en X,Normale,Deux véhicules - côté,,,,,,,,,,,5,2,2,1.0,3
201400041629,0014-11-14 17:00:00,14,11,14,17,0,930,5,MICHEL ANGE (RUE),,,Crépuscule ou aube,En agglomération,Hors intersection,Pluie légère,Deux véhicules - arrière,,,,,,,,,,,2,2,1,2.0,2
201400041630,0014-11-14 05:00:00,14,11,14,5,0,930,5,PIERRE SEMARD (AVENUE),,,Nuit avec éclairage allumé,En agglomération,Giratoire,Pluie légère,Deux véhicules - côté,,,,,,,,,,,5,2,6,2.0,3
201400041631,0014-11-15 08:20:00,14,11,15,8,20,930,5,MAXIMILIEN ROBESPIERRE (,,,Plein jour,En agglomération,Hors intersection,Normale,Autre collision,,,,,,,,,,,1,2,1,1.0,6
201400041632,0014-11-17 20:50:00,14,11,17,20,50,930,5,MARC CHAGALL (BOULEVARD),,,Nuit avec éclairage non allumé,En agglomération,Intersection en X,Pluie légère,Deux véhicules - arrière,,,,,,,,,,,4,2,2,2.0,2
201400041633,0014-11-27 08:30:00,14,11,27,8,30,930,5,"20, JEAN JAURES (AVENUE)",,,Plein jour,En agglomération,Giratoire,Pluie légère,Autre collision,,,,,,,,,,,1,2,6,2.0,6
201400041634,0014-11-30 12:05:00,14,11,30,12,5,930,5,PREFET CHALEIL (CD44) (R,,,Plein jour,En agglomération,Intersection en X,Temps couvert,Deux véhicules - frontale,,,,,,,,,,,1,2,2,8.0,1
201400041635,0014-12-01 09:00:00,14,12,1,9,0,930,5,JEAN MONET (CARREFOUR),,,Plein jour,En agglomération,,Normale,Trois véhicules et plus - en chaîne,,,,,,,,,,,1,2,0,1.0,4
201400041636,0014-12-01 16:00:00,14,12,1,16,0,930,5,PAUL CEZANNE (RUE),,,Plein jour,En agglomération,,Temps couvert,Autre collision,,,,,,,,,,,1,2,0,8.0,6
201400041637,0014-12-04 16:45:00,14,12,4,16,45,930,5,HOTEL DE VILLE (BOULEVAR,,,Crépuscule ou aube,En agglomération,,Normale,Autre collision,,,,,,,,,,,2,2,0,1.0,6
201400041638,0014-12-06 17:05:00,14,12,6,17,5,930,5,BRUNETIERE (RUE),,,Crépuscule ou aube,En agglomération,,Normale,Deux véhicules - côté,,,,,,,,,,,2,2,0,1.0,3
201400041639,0014-12-06 19:15:00,14,12,6,19,15,930,5,GEORGES BRAQUE (BOULEVAR,,,Nuit avec éclairage allumé,En agglomération,,Normale,Deux véhicules - arrière,,,,,,,,,,,5,2,0,1.0,2
201400041640,0014-12-07 18:00:00,14,12,7,18,0,930,5,ANDRE CITROEN (BOULEVARD,,,Nuit avec éclairage allumé,En agglomération,,Pluie légère,Deux véhicules - côté,,,,,,,,,,,5,2,0,2.0,3
201400041641,0014-12-08 13:05:00,14,12,8,13,5,930,5,GEORGES BRAQUE (BOULEVAR,,,Plein jour,En agglomération,Giratoire,Pluie légère,Deux véhicules - arrière,,,,,,,,,,,1,2,6,2.0,2
201400041642,0014-12-08 13:30:00,14,12,8,13,30,930,5,HOTEL DE VILLE (BOULEVAR,,,Plein jour,En agglomération,,Pluie légère,Deux véhicules - frontale,,,,,,,,,,,1,2,0,2.0,1
201400041643,0014-12-09 08:40:00,14,12,9,8,40,930,5,ALIX (RUE),,,Plein jour,En agglomération,Intersection en X,Autre,Sans collision,,,,,,,,,,,1,2,2,9.0,7
201400041644,0014-12-09 11:20:00,14,12,9,11,20,930,5,SUZANNE LENGLEN (AVENUE),,,Plein jour,En agglomération,Intersection en T,Normale,Deux véhicules - arrière,,,,,,,,,,,1,2,3,1.0,2
201400041645,0014-12-11 17:35:00,14,12,11,17,35,930,5,MARECHAL JUIN (AVENUE DU,,,Plein jour,En agglomération,Hors intersection,Normale,Autre collision,,,,,,,,,,,1,2,1,1.0,6
201400041646,0014-12-12 12:20:00,14,12,12,12,20,930,5,MITRY [CD115] (ROUTE DE),,,Plein jour,En agglomération,,Pluie légère,Autre collision,,,,,,,,,,,1,2,0,2.0,6
201400041647,0014-12-14 14:30:00,14,12,14,14,30,930,5,CLEMENT ADER (RUE),,,Plein jour,En agglomération,Giratoire,Normale,Deux véhicules - côté,,,,,,,,,,,1,2,6,1.0,3
201400041648,0014-12-15 20:55:00,14,12,15,20,55,930,5,JACQUES DUCLOS [CD44] (R,,,Nuit avec éclairage allumé,En agglomération,Hors intersection,Pluie légère,Deux véhicules - côté,,,,,,,,,,,5,2,1,2.0,3
201400041649,0014-12-18 14:15:00,14,12,18,14,15,930,5,MADRID (RUE DE),,,Plein jour,En agglomération,Hors intersection,Temps couvert,Deux véhicules - arrière,,,,,,,,,,,1,2,1,8.0,2
201400041650,0014-12-25 22:30:00,14,12,25,22,30,930,5,"98, NONNEVILLE (AVENUE D",,,Nuit avec éclairage allumé,En agglomération,Hors intersection,Normale,Autre collision,,,,,,,,,,,5,2,1,1.0,6
201400041651,0014-12-26 21:10:00,14,12,26,21,10,930,5,EUROPE (CARREFOUR DE L'),,,Nuit avec éclairage allumé,En agglomération,Giratoire,Pluie légère,Autre collision,,,,,,,,,,,5,2,6,2.0,6
201400041652,0014-12-27 22:40:00,14,12,27,22,40,930,5,"24, JULES PRINCET [CD115",,,Nuit avec éclairage allumé,En agglomération,Hors intersection,Pluie légère,Autre collision,,,,,,,,,,,5,2,1,2.0,6
201400041653,0014-12-29 12:30:00,14,12,29,12,30,930,5,GEORGES BRAQUE (BOULEVAR,,,Plein jour,En agglomération,Hors intersection,Normale,Trois véhicules et plus - collisions multiples,,,,,,,,,,,1,2,1,1.0,5
201400041654,0014-12-30 22:40:00,14,12,30,22,40,930,5,", MOULIN DE LA VILLE (CH",,,Nuit avec éclairage allumé,En agglomération,Hors intersection,Normale,Deux véhicules - frontale,,,,,,,,,,,5,2,1,1.0,1
201400041655,0014-01-01 14:30:00,14,1,1,14,30,930,7,ANATOLE FRANCE (RUE).,,,Plein jour,En agglomération,Hors intersection,Normale,Deux véhicules - frontale,,,,,,,,,,,1,2,1,1.0,1
201400041656,0014-01-02 15:25:00,14,1,2,15,25,930,7,"258, CHARLES FLOQUET (AV",,,Plein jour,En agglomération,Hors intersection,Normale,Deux véhicules - côté,,,,,,,,,,,1,2,1,1.0,3
201400041657,0014-01-05 21:15:00,14,1,5,21,15,930,7,"106, CHARLES FLOQUET (AV",,,Nuit avec éclairage allumé,En agglomération,Intersection en X,Pluie légère,Deux véhicules - côté,,,,,,,,,,,5,2,2,2.0,3
201400041658,0014-01-18 16:45:00,14,1,18,16,45,930,7,02 ALBERT EINSTEIN (AVE,,,Crépuscule ou aube,En agglomération,Hors intersection,Normale,Deux véhicules - côté,,,,,,,,,,,2,2,1,1.0,3
201400041659,0014-01-23 17:00:00,14,1,23,17,0,930,7,"48, ""PAUL VAILLANT COUTU",,,Nuit avec éclairage allumé,En agglomération,Hors intersection,Pluie légère,Autre collision,,,,,,,,,,,5,2,1,2.0,6
201400041660,0014-01-25 16:50:00,14,1,25,16,50,930,7,8 MAI 45 (AVENUE DU 1 AU,,,Plein jour,En agglomération,Hors intersection,Normale,Deux véhicules - côté,,,,,,,,,,,1,2,1,1.0,3
201400041661,0014-01-27 06:00:00,14,1,27,6,0,930,7,"37, COSMONAUTES (AVENUE",,,Nuit avec éclairage allumé,En agglomération,Hors intersection,Pluie légère,Autre collision,,,,,,,,,,,5,2,1,2.0,6
201400041662,0014-02-01 08:30:00,14,2,1,8,30,930,7,"26, PIERRE ET MARIE CURI",,,Crépuscule ou aube,En agglomération,Hors intersection,Pluie légère,Autre collision,,,,,,,,,,,2,2,1,2.0,6
201400041663,0014-02-03 16:30:00,14,2,3,16,30,930,7,VEUVE BOUQUIN (AVENUE),,,Plein jour,En agglomération,Hors intersection,Normale,Trois véhicules et plus - en chaîne,,,,,,,,,,,1,2,1,1.0,4
201400041664,0014-02-05 14:25:00,14,2,5,14,25,930,7,"120, ""PAUL VAILLANT COUT",,,Plein jour,En agglomération,Intersection en T,Pluie légère,Deux véhicules - côté,,,,,,,,,,,1,2,3,2.0,3
201400041665,0014-02-07 15:30:00,14,2,7,15,30,930,7,"40, ""HENRI BARBUSSE (AVE",,,Plein jour,En agglomération,Hors intersection,Normale,Autre collision,,,,,,,,,,,1,2,1,1.0,6
201400041666,0014-02-07 15:55:00,14,2,7,15,55,930,7,"33, SURCOUF (AVENUE)",,,Plein jour,En agglomération,Hors intersection,Normale,Autre collision,,,,,,,,,,,1,2,1,1.0,6
201400041667,0014-02-08 10:50:00,14,2,8,10,50,930,7,"27, CHARLES GOUNOD (RUE)",,,Plein jour,En agglomération,Intersection en X,Pluie légère,Deux véhicules - côté,,,,,,,,,,,1,2,2,2.0,3
201400041668,0014-02-09 13:00:00,14,2,9,13,0,930,7,"16, ESPERANCE (AVENUE DE",,,Plein jour,En agglomération,Hors intersection,Normale,Autre collision,,,,,,,,,,,1,2,1,1.0,6
201400041669,0014-02-19 19:15:00,14,2,19,19,15,930,7,"""PAUL VAILLANT COUTURIER",,,Nuit avec éclairage allumé,En agglomération,Hors intersection,Normale,Deux véhicules - arrière,,,,,,,,,,,5,2,1,1.0,2
201400041670,0014-02-11 13:10:00,14,2,11,13,10,930,7,"44, ""MAXIME GORKY (RUE """,,,Plein jour,En agglomération,Intersection en T,Normale,Deux véhicules - frontale,,,,,,,,,,,1,2,3,1.0,1
201400041671,0014-02-12 18:30:00,14,2,12,18,30,930,7,"159, ""PAUL VAILLANT COUT",,,Nuit avec éclairage allumé,En agglomération,Hors intersection,Pluie légère,Deux véhicules - arrière,,,,,,,,,,,5,2,1,2.0,2
201400041672,0014-02-27 09:10:00,14,2,27,9,10,930,7,ARISTIDE BRIAND (AVENUE,,,Plein jour,En agglomération,Intersection en X,Pluie forte,Deux véhicules - côté,,,,,,,,,,,1,2,2,3.0,3
201400041673,0014-03-01 14:40:00,14,3,1,14,40,930,7,"23, ROMAIN ROLLAND (AVEN",,,Plein jour,En agglomération,Intersection en X,Normale,Deux véhicules - côté,,,,,,,,,,,1,2,2,1.0,3
201400041674,0014-03-09 11:40:00,14,3,9,11,40,930,7,"15, ""HENRI BARBUSSE (AVE",,,Plein jour,En agglomération,Autre intersection,Normale,Autre collision,,,,,,,,,,,1,2,9,1.0,6
201400041675,0014-03-11 18:20:00,14,3,11,18,20,930,7,"76, ARISTIDE BRIAND (AVE",,,Plein jour,En agglomération,Hors intersection,Normale,Deux véhicules - côté,,,,,,,,,,,1,2,1,1.0,3
201400041676,0014-03-27 16:25:00,14,3,27,16,25,930,7,PETRODVORETS (RUE),,,Plein jour,En agglomération,Hors intersection,Normale,Autre collision,,,,,,,,,,,1,2,1,1.0,6
201400041677,0014-04-05 16:40:00,14,4,5,16,40,930,7,"122, ""REPUBLIQUE (AVENUE",,,Plein jour,En agglomération,Intersection en T,Normale,Deux véhicules - côté,,,,,,,,,,,1,2,3,1.0,3
201400041678,0014-04-17 10:30:00,14,4,17,10,30,930,7,"179, ""PAUL VAILLANT COUT",,,Plein jour,En agglomération,Hors intersection,Normale,Deux véhicules - côté,,,,,,,,,,,1,2,1,1.0,3
201400041679,0014-04-17 15:45:00,14,4,17,15,45,930,7,"12, BERGERAC (RUE DE)",,,Plein jour,En agglomération,Hors intersection,Normale,Autre collision,,,,,,,,,,,1,2,1,1.0,6
201400041680,0014-04-20 23:09:00,14,4,20,23,9,930,7,"""REPUBLIQUE (AVENUE DE L",,,Nuit avec éclairage allumé,En agglomération,Intersection en X,Normale,Deux véhicules - côté,,,,,,,,,,,5,2,2,1.0,3
201400041681,0014-04-24 13:25:00,14,4,24,13,25,930,7,"0, ARISTIDE BRIAND (AVEN",,,Plein jour,En agglomération,Intersection en X,Normale,Deux véhicules - côté,,,,,,,,,,,1,2,2,1.0,3
201400041682,0014-05-02 13:50:00,14,5,2,13,50,930,7,"""PAUL VAILLANT COUTURIER",,,Plein jour,En agglomération,Intersection en T,Pluie légère,Deux véhicules - côté,,,,,,,,,,,1,2,3,2.0,3
201400041683,0014-05-02 19:25:00,14,5,2,19,25,930,7,ARISTIDE BRIAND (AVENUE,,,Plein jour,En agglomération,Intersection en X,Normale,Deux véhicules - côté,,,,,,,,,,,1,2,2,1.0,3
201400041684,0014-05-03 17:15:00,14,5,3,17,15,930,7,"""HENRI BARBUSSE (AVENUE",,,Plein jour,En agglomération,Hors intersection,Normale,Autre collision,,,,,,,,,,,1,2,1,1.0,6
201400041685,0014-05-05 13:35:00,14,5,5,13,35,930,7,"""DIDEROT (RUE """"DU 02 AU",,,Plein jour,En agglomération,Hors intersection,Normale,Autre collision,,,,,,,,,,,1,2,1,1.0,6
201400041686,0014-05-08 18:10:00,14,5,8,18,10,930,7,"""PAUL VAILLANT COUTURIER",,,Plein jour,En agglomération,Intersection en X,Pluie légère,Deux véhicules - côté,,,,,,,,,,,1,2,2,2.0,3
201400041687,0014-05-13 16:50:00,14,5,13,16,50,930,7,"3, PROFESSEUR FLEMING (A",,,Plein jour,En agglomération,Intersection en X,Pluie légère,Deux véhicules - arrière,,,,,,,,,,,1,2,2,2.0,2
201400041688,0014-05-15 08:35:00,14,5,15,8,35,930,7,CHARLES FLOQUET (AVENUE),,,Plein jour,En agglomération,Hors intersection,Normale,Trois véhicules et plus - collisions multiples,,,,,,,,,,,1,2,1,1.0,5
201400041689,0014-05-22 19:25:00,14,5,22,19,25,930,7,"212, 8 MAI 45 (AVENUE DU",,,Plein jour,En agglomération,Hors intersection,Normale,Sans collision,,,,,,,,,,,1,2,1,1.0,7
201400041690,0014-06-07 16:00:00,14,6,7,16,0,930,7,"""HENRI BARBUSSE (AVENUE",,,Plein jour,En agglomération,Intersection en X,Normale,Deux véhicules - arrière,,,,,,,,,,,1,2,2,1.0,2
201400041691,0014-06-21 14:05:00,14,6,21,14,5,930,7,"108, ""HENRI BARBUSSE (AV",,,Plein jour,En agglomération,Intersection en T,Temps éblouissant,Trois véhicules et plus - collisions multiples,,,,,,,,,,,1,2,3,7.0,5
201400041692,0014-06-27 16:50:00,14,6,27,16,50,930,7,"00, PETRODVORETZ (RUE)",,,Plein jour,En agglomération,Intersection en T,Normale,Deux véhicules - frontale,,,,,,,,,,,1,2,3,1.0,1
201400041693,0014-06-30 15:45:00,14,6,30,15,45,930,7,"""REPUBLIQUE (AVENUE DE L",,,Plein jour,En agglomération,Hors intersection,Normale,Autre collision,,,,,,,,,,,1,2,1,1.0,6
201400041694,0014-06-30 17:40:00,14,6,30,17,40,930,7,"""PAUL VAILLANT COUTURIER",,,Plein jour,En agglomération,Hors intersection,Normale,Autre collision,,,,,,,,,,,1,2,1,1.0,6
201400041695,0014-07-01 01:10:00,14,7,1,1,10,930,7,PAUL VAILLANT COUTURIER,,,Nuit avec éclairage allumé,En agglomération,Hors intersection,Normale,Deux véhicules - côté,,,,,,,,,,,5,2,1,1.0,3
201400041696,0014-07-10 17:32:00,14,7,10,17,32,930,7,"""MAXIME GORKY (RUE "" COT",,,Plein jour,En agglomération,Hors intersection,Normale,Sans collision,,,,,,,,,,,1,2,1,1.0,7
201400041697,0014-08-04 22:05:00,14,8,4,22,5,930,7,"06, ""REPUBLIQUE  AVENUE",,,Nuit avec éclairage allumé,En agglomération,Intersection en T,Normale,Trois véhicules et plus - en chaîne,,,,,,,,,,,5,2,3,1.0,4
201400041698,0014-08-16 18:20:00,14,8,16,18,20,930,7,COSMONAUTES (AVENUE DES,,,Plein jour,En agglomération,Intersection en T,Normale,Deux véhicules - côté,,,,,,,,,,,1,2,3,1.0,3
201400041699,0014-09-25 08:30:00,14,9,25,8,30,930,7,"201-203, ""PAUL VAILLANT",,,Plein jour,En agglomération,Hors intersection,Normale,Sans collision,,,,,,,,,,,1,2,1,1.0,7
201400041700,0014-09-25 19:00:00,14,9,25,19,0,930,7,"41, ""DESCARTES (AVENUE """,,,Crépuscule ou aube,En agglomération,Hors intersection,Normale,Sans collision,,,,,,,,,,,2,2,1,1.0,7
201400041701,0014-09-25 20:00:00,14,9,25,20,0,930,7,JUST HERAS (RUE),,,Nuit sans éclairage public,En agglomération,Intersection en T,Normale,Deux véhicules - frontale,,,,,,,,,,,3,2,3,1.0,1
201400041702,0014-10-03 09:45:00,14,10,3,9,45,930,7,"70, ""HENRI BARBUSSE (AVE",,,Plein jour,En agglomération,Intersection en X,Normale,Autre collision,,,,,,,,,,,1,2,2,1.0,6
201400041703,0014-10-03 14:00:00,14,10,3,14,0,930,7,"""DIDEROT (RUE """"DU 02 AU",,,Plein jour,En agglomération,Intersection en T,Normale,Deux véhicules - arrière,,,,,,,,,,,1,2,3,1.0,2
201400041704,0014-10-04 18:50:00,14,10,4,18,50,930,7,"32, BERNE (RUE DE)",,,Crépuscule ou aube,En agglomération,Hors intersection,Normale,Sans collision,,,,,,,,,,,2,2,1,1.0,7
201400041705,0014-10-07 09:05:00,14,10,7,9,5,930,7,8 MAI 45 (AVENUE DU 184,,,Plein jour,En agglomération,Hors intersection,Normale,Deux véhicules - côté,,,,,,,,,,,1,2,1,1.0,3
201400041706,0014-10-23 15:05:00,14,10,23,15,5,930,7,"84, 8 MAI 45 (AVENUE DU",,,Plein jour,En agglomération,Intersection en T,Normale,Deux véhicules - côté,,,,,,,,,,,1,2,3,1.0,3
201400041707,0014-10-24 12:42:00,14,10,24,12,42,930,7,MARTYRS DE LA DEPORTATIO,,,Plein jour,En agglomération,Hors intersection,Normale,Autre collision,,,,,,,,,,,1,2,1,1.0,6
201400041708,0014-11-03 21:00:00,14,11,3,21,0,930,7,PASTEUR (AVENUE),,,Nuit avec éclairage allumé,En agglomération,Intersection en T,Pluie légère,Deux véhicules - frontale,,,,,,,,,,,5,2,3,2.0,1
201400041709,0014-11-18 16:55:00,14,11,18,16,55,930,7,"07, EMILE ZOLA (RUE)",,,Crépuscule ou aube,En agglomération,Hors intersection,Pluie légère,Sans collision,,,,,,,,,,,2,2,1,2.0,7
201400041710,0014-11-20 17:50:00,14,11,20,17,50,930,7,"26, ""PAUL VAILLANT COUTU",,,Nuit avec éclairage allumé,En agglomération,Hors intersection,Pluie légère,Autre collision,,,,,,,,,,,5,2,1,2.0,6
201400041711,0014-11-21 10:30:00,14,11,21,10,30,930,7,"212, ""PAUL VAILLANT COUT",,,Plein jour,En agglomération,Hors intersection,Normale,Deux véhicules - arrière,,,,,,,,,,,1,2,1,1.0,2
201400041712,0014-11-26 10:45:00,14,11,26,10,45,930,7,COSMONAUTES (AVENUE DES),,,Plein jour,En agglomération,Hors intersection,Temps couvert,Autre collision,,,,,,,,,,,1,2,1,8.0,6
201400041713,0014-11-28 13:55:00,14,11,28,13,55,930,7,DIVISION LECLERC (AVENUE,,,Plein jour,En agglomération,Hors intersection,Normale,Autre collision,,,,,,,,,,,1,2,1,1.0,6
201400041714,0014-12-02 16:50:00,14,12,2,16,50,930,7,"210, 8 MAI 45 (AVENUE DU",,,Crépuscule ou aube,En agglomération,Hors intersection,Temps couvert,Deux véhicules - côté,,,,,,,,,,,2,2,1,8.0,3
201400041715,0014-12-05 21:55:00,14,12,5,21,55,930,7,8 MAI 45 (AVENUE DU 184,,,Nuit avec éclairage allumé,En agglomération,Hors intersection,Pluie légère,Autre collision,,,,,,,,,,,5,2,1,2.0,6
201400041716,0014-12-10 12:47:00,14,12,10,12,47,930,7,"""DESCARTES (AVENUE """"DU",,,Plein jour,En agglomération,,Pluie légère,Autre collision,,,,,,,,,,,1,2,0,2.0,6
201400041717,0014-12-16 12:30:00,14,12,16,12,30,930,7,"35, ""MAXIME GORKY (RUE """,,,Plein jour,En agglomération,,Normale,Autre collision,,,,,,,,,,,1,2,0,1.0,6
201400041718,0014-12-17 07:40:00,14,12,17,7,40,930,7,8 MAI 45 (AVENUE DU 1 AU,,,Nuit sans éclairage public,En agglomération,Passage à niveau,Pluie forte,Autre collision,,,,,,,,,,,3,2,8,3.0,6
201400041719,0014-12-22 17:20:00,14,12,22,17,20,930,7,"26, ARISTIDE BRIAND (AVE",,,Nuit avec éclairage allumé,En agglomération,Intersection en T,Normale,Deux véhicules - côté,,,,,,,,,,,5,2,3,1.0,3
201400041720,0014-12-28 21:38:00,14,12,28,21,38,930,7,"""PAUL VAILLANT COUTURIER",,,Nuit avec éclairage allumé,En agglomération,Hors intersection,Normale,Deux véhicules - côté,,,,,,,,,,,5,2,1,1.0,3
201400041721,0014-12-30 11:10:00,14,12,30,11,10,930,7,8 MAI 45 (AVENUE DU 184,,,Plein jour,En agglomération,Hors intersection,Normale,Deux véhicules - arrière,,,,,,,,,,,1,2,1,1.0,2
201400041722,0014-01-01 04:30:00,14,1,1,4,30,930,8,ESTIENNE D'ORVES (RUE D',,,Nuit avec éclairage allumé,En agglomération,Giratoire,Pluie légère,Sans collision,,,,,,,,,,,5,2,6,2.0,7
201400041723,0014-01-03 19:00:00,14,1,3,19,0,930,8,ROND POINT REPIQUET.,,,Nuit avec éclairage allumé,En agglomération,Hors intersection,Normale,Autre collision,,,,,,,,,,,5,2,1,1.0,6
201400041724,0014-01-06 12:30:00,14,1,6,12,30,930,8,PICASSO (RUE PABLO),,,Plein jour,En agglomération,Autre intersection,Pluie légère,Deux véhicules - frontale,,,,,,,,,,,1,2,9,2.0,1
201400041725,0014-01-13 16:30:00,14,1,13,16,30,930,8,01 PICASSO (RUE PABLO),,,Plein jour,En agglomération,Autre intersection,Normale,Deux véhicules - côté,,,,,,,,,,,1,2,9,1.0,3