accident_id,datetime,annee,mois,jour,heure,minute,departement,commune_insee,adresse,latitude,longitude,luminosite,agglomeration,intersection,meteo,collision,nb_vehicules,nb_usagers,nb_indemnes,nb_tues,nb_blesses_hosp,nb_blesses_legers,age_cond_1,age_cond_2,veh_type_cond_1,veh_type_cond_2,lum_code,agg_code,int_code,atm_code,col_code
201400041855,0014-07-19 20:25:00,14,7,19,20,25,930,10,QUATORZE-JUILLET (AV. DU,,,Plein jour,En agglomération,Intersection en T,Pluie légère,Deux véhicules - côté,,,,,,,,,,,1,2,3,2.0,3
201400041856,0014-07-22 18:19:00,14,7,22,18,19,930,10,"152, GALLIENI (AV.) DE 1",,,Plein jour,En agglomération,Hors intersection,Normale,Trois véhicules et plus - collisions multiples,,,,,,,,,,,1,2,1,1.0,5
201400041857,0014-07-25 18:00:00,14,7,25,18,0,930,10,DELAINE (RUE CESAR),,,Plein jour,Hors agglomération,Intersection en T,Normale,Deux véhicules - frontale,,,,,,,,,,,1,1,3,1.0,1
201400041858,0014-07-27 18:00:00,14,7,27,18,0,930,57,BRIAND (AV. ARISTIDE) 21,,,Plein jour,En agglomération,Intersection en T,Normale,Deux véhicules - côté,,,,,,,,,,,1,2,3,1.0,3
201400041859,0014-07-28 18:45:00,14,7,28,18,45,930,10,"3, BOBILLOT (RUE DU SERG",,,Plein jour,En agglomération,Hors intersection,Normale,Autre collision,,,,,,,,,,,1,2,1,1.0,6
201400041860,0014-08-05 14:50:00,14,8,5,14,50,930,10,"44, SAKHAROV (RUE ANDREI",,,Plein jour,En agglomération,Hors intersection,Normale,Deux véhicules - côté,,,,,,,,,,,1,2,1,1.0,3
201400041861,0014-08-06 19:10:00,14,8,6,19,10,930,57,PASTEUR (BD) 141 A FIN,,,Plein jour,En agglomération,Intersection en T,Normale,Autre collision,,,,,,,,,,,1,2,3,1.0,6
201400041862,0014-08-15 12:45:00,14,8,15,12,45,930,57,"132, BRIAND (AV. ARISTID",,,Plein jour,En agglomération,Hors intersection,Normale,Deux véhicules - côté,,,,,,,,,,,1,2,1,1.0,3
201400041863,0014-08-20 16:00:00,14,8,20,16,0,930,10,"1, GUESDES (RUE JULES)",,,Plein jour,En agglomération,Passage à niveau,Normale,Autre collision,,,,,,,,,,,1,2,8,1.0,6
201400041864,0014-08-27 09:20:00,14,8,27,9,20,930,10,"96, FRANCE (AV. ANATOLE)",,,Plein jour,En agglomération,Intersection en T,Pluie légère,Deux véhicules - frontale,,,,,,,,,,,1,2,3,2.0,1
201400041865,0014-09-01 13:15:00,14,9,1,13,15,930,57,BRIAND ( AV. ARISTIDE) 3,,,Plein jour,En agglomération,Hors intersection,Normale,Autre collision,,,,,,,,,,,1,2,1,1.0,6
201400041866,0014-09-10 12:15:00,14,9,10,12,15,930,57,"29, BRIAND ( AV.  ARISTI",,,Plein jour,En agglomération,Intersection en X,Normale,Deux véhicules - frontale,,,,,,,,,,,1,2,2,1.0,1
201400041867,0014-09-12 18:45:00,14,9,12,18,45,930,10,"81, BARBUSSE (AV. HENRI)",,,Plein jour,En agglomération,Hors intersection,Normale,Deux véhicules - côté,,,,,,,,,,,1,2,1,1.0,3
201400041868,0014-09-15 16:15:00,14,9,15,16,15,930,10,"166, GALLIENI (AV.) DE 1",,,Plein jour,En agglomération,Hors intersection,Normale,Autre collision,,,,,,,,,,,1,2,1,1.0,6
201400041869,0014-09-17 08:25:00,14,9,17,8,25,930,57,"7bis, BRIAND ( AV. ARIST",,,Plein jour,En agglomération,Hors intersection,Autre,Deux véhicules - côté,,,,,,,,,,,1,2,1,9.0,3
201400041870,0014-09-17 10:35:00,14,9,17,10,35,930,10,GALLIENI (AV.) DE 1 A 10,,,Plein jour,En agglomération,Hors intersection,Normale,Deux véhicules - arrière,,,,,,,,,,,1,2,1,1.0,2
201400041871,0014-09-19 20:35:00,14,9,19,20,35,930,10,STAINS (RTE DE),,,Nuit sans éclairage public,En agglomération,Hors intersection,Normale,Trois véhicules et plus - collisions multiples,,,,,,,,,,,3,2,1,1.0,5
201400041872,0014-09-27 11:40:00,14,9,27,11,40,930,10,"00, SALENGRO (RUE ROGER)",,,Plein jour,En agglomération,Hors intersection,Normale,Autre collision,,,,,,,,,,,1,2,1,1.0,6
201400041873,0014-09-27 19:40:00,14,9,27,19,40,930,10,GALLIENI (AV.) DE 1 A 10,,,Nuit avec éclairage allumé,En agglomération,Intersection en Y,Normale,Autre collision,,,,,,,,,,,5,2,4,1.0,6
201400041874,0014-09-29 07:45:00,14,9,29,7,45,930,10,"24, BARBUSSE (AV. HENRI)",,,Crépuscule ou aube,En agglomération,Hors intersection,Pluie légère,Autre collision,,,,,,,,,,,2,2,1,2.0,6
201400041875,0014-09-08 13:50:00,14,9,8,13,50,930,10,GUESDES (RUE JULES),,,Plein jour,En agglomération,Hors intersection,Normale,Autre collision,,,,,,,,,,,1,2,1,1.0,6
201400041876,0014-10-06 17:00:00,14,10,6,17,0,930,57,"42, MONTYON (AL.) 1 A 74",,,Plein jour,En agglomération,Hors intersection,Pluie légère,Sans collision,,,,,,,,,,,1,2,1,2.0,7
201400041877,0014-10-07 17:30:00,14,10,7,17,30,930,10,"95, GUESDES (RUE JULES)",,,Plein jour,En agglomération,Hors intersection,Normale,Autre collision,,,,,,,,,,,1,2,1,1.0,6
201400041878,0014-10-08 07:15:00,14,10,8,7,15,930,10,"1, GALLIENI (AV.) DE 188",,,Nuit avec éclairage allumé,En agglomération,Intersection en Y,Pluie forte,Autre collision,,,,,,,,,,,5,2,4,3.0,6
201400041879,0014-10-11 21:35:00,14,10,11,21,35,930,10,GALLIENI (AV.) DE 2 A 96,,,Nuit avec éclairage allumé,En agglomération,,Normale,Autre collision,,,,,,,,,,,5,2,0,1.0,6
201400041880,0014-10-15 14:00:00,14,10,15,14,0,930,10,"68, AULNAY (ROUTE) COTE",,,Plein jour,En agglomération,Hors intersection,Pluie légère,Trois véhicules et plus - en chaîne,,,,,,,,,,,1,2,1,2.0,4
201400041881,0014-10-18 17:35:00,14,10,18,17,35,930,10,GALLIENI (AV) DE 188 A,,,Plein jour,En agglomération,Autre intersection,Normale,Deux véhicules - côté,,,,,,,,,,,1,2,9,1.0,3
201400041882,0014-10-31 00:01:00,14,10,31,0,1,930,10,"105, AULNAY (ROUTE) DE 4",,,Nuit avec éclairage allumé,En agglomération,Intersection en X,Normale,Deux véhicules - côté,,,,,,,,,,,5,2,2,1.0,3
201400041883,0014-11-01 00:20:00,14,11,1,0,20,930,57,0000000000 BRIAND (AV.,,,Nuit avec éclairage allumé,En agglomération,Hors intersection,Normale,Trois véhicules et plus - en chaîne,,,,,,,,,,,5,2,1,1.0,4
201400041884,0014-11-05 08:25:00,14,11,5,8,25,930,10,"175, GALLIENI (AV.) DE 1",,,Plein jour,En agglomération,Hors intersection,Normale,Deux véhicules - arrière,,,,,,,,,,,1,2,1,1.0,2
201400041885,0014-11-05 17:50:00,14,11,5,17,50,930,57,"116, BRIAND (AV. ARISTID",,,Nuit avec éclairage allumé,En agglomération,Hors intersection,Normale,Deux véhicules - frontale,,,,,,,,,,,5,2,1,1.0,1
201400041886,0014-11-07 17:00:00,14,11,7,17,0,930,57,BRIAND ( AV.  ARISTIDE),,,Nuit avec éclairage allumé,En agglomération,Intersection en X,Normale,Deux véhicules - côté,,,,,,,,,,,5,2,2,1.0,3
201400041887,0014-11-09 18:10:00,14,11,9,18,10,930,57,MONTYON (AL.) 1 A 74,,,Nuit avec éclairage allumé,En agglomération,Intersection en T,Normale,Deux véhicules - côté,,,,,,,,,,,5,2,3,1.0,3
201400041888,0014-11-10 12:45:00,14,11,10,12,45,930,10,200 GALLIENI (AV.) DE 1,,,Plein jour,En agglomération,Hors intersection,Temps couvert,Deux véhicules - côté,,,,,,,,,,,1,2,1,8.0,3
201400041889,0014-11-11 15:00:00,14,11,11,15,0,930,10,", BUISSON (AV. SUZANNE)",,,Plein jour,En agglomération,Hors intersection,Normale,Autre collision,,,,,,,,,,,1,2,1,1.0,6
201400041890,0014-11-12 15:30:00,14,11,12,15,30,930,57,"73, PASTEUR (BD) 65 A 13",,,Plein jour,En agglomération,Intersection en T,Normale,Deux véhicules - côté,,,,,,,,,,,1,2,3,1.0,3
201400041891,0014-11-17 17:05:00,14,11,17,17,5,930,57,BOUVINES (AL. DE),,,Nuit avec éclairage allumé,En agglomération,Autre intersection,Pluie légère,Deux véhicules - côté,,,,,,,,,,,5,2,9,2.0,3
201400041892,0014-11-08 01:30:00,14,11,8,1,30,930,57,", BRIAND (AV. ARISTIDE)",,,Nuit avec éclairage allumé,En agglomération,Intersection en X,Normale,Deux véhicules - côté,,,,,,,,,,,5,2,2,1.0,3
201400041893,0014-11-20 08:30:00,14,11,20,8,30,930,57,JAURES (AV. JEAN) 125 A,,,Plein jour,En agglomération,Hors intersection,Normale,Deux véhicules - côté,,,,,,,,,,,1,2,1,1.0,3
201400041894,0014-11-21 18:15:00,14,11,21,18,15,930,10,VAILLANT (RUE EDOUARD) 2,,,Plein jour,En agglomération,Intersection en T,Normale,Deux véhicules - côté,,,,,,,,,,,1,2,3,1.0,3
201400041895,0014-11-24 08:30:00,14,11,24,8,30,930,10,BOBILLOT (RUE DU SERGENT,,,Plein jour,En agglomération,Autre intersection,Normale,Autre collision,,,,,,,,,,,1,2,9,1.0,6
201400041896,0014-11-26 16:30:00,14,11,26,16,30,930,57,"45, MONTYON (AL.) 1 A 74",,,Nuit avec éclairage allumé,En agglomération,Hors intersection,Temps couvert,Autre collision,,,,,,,,,,,5,2,1,8.0,6
201400041897,0014-11-27 18:40:00,14,11,27,18,40,930,10,9 BLUM (AV. LEON),,,Nuit avec éclairage allumé,En agglomération,Hors intersection,Normale,Sans collision,,,,,,,,,,,5,2,1,1.0,7
201400041898,0014-11-30 17:15:00,14,11,30,17,15,930,10,"202, GALLIENI (AV.) DE 1",,,Plein jour,En agglomération,Hors intersection,Normale,Deux véhicules - arrière,,,,,,,,,,,1,2,1,1.0,2
201400041899,0014-12-02 19:15:00,14,12,2,19,15,930,57,"1, BRIAND ( AV. ARISTIDE",,,Nuit avec éclairage allumé,En agglomération,,Normale,Deux véhicules - arrière,,,,,,,,,,,5,2,0,1.0,2
201400041900,0014-12-08 08:00:00,14,12,8,8,0,930,10,"55, CARNOT (AV.) DE 1 A",,,Crépuscule ou aube,En agglomération,Hors intersection,Normale,Autre collision,,,,,,,,,,,2,2,1,1.0,6
201400041901,0014-12-15 13:25:00,14,12,15,13,25,930,10,"106, GALLIENI (AV.) DE 9",,,Plein jour,En agglomération,Hors intersection,Pluie légère,Deux véhicules - côté,,,,,,,,,,,1,2,1,2.0,3
201400041902,0014-12-15 16:30:00,14,12,15,16,30,930,10,LATTRE DE TASSIGNY (AV.,,,Nuit sans éclairage public,En agglomération,Intersection en Y,Pluie légère,Deux véhicules - côté,,,,,,,,,,,3,2,4,2.0,3
201400041903,0014-12-17 11:20:00,14,12,17,11,20,930,10,"66, AULNAY (ROUTE) COTE",,,Plein jour,En agglomération,Hors intersection,Pluie légère,Deux véhicules - frontale,,,,,,,,,,,1,2,1,2.0,1
201400041904,0014-12-23 00:30:00,14,12,23,0,30,930,10,GALLIENI (AV.) DE 2 A 96,,,Nuit avec éclairage allumé,En agglomération,Intersection en X,Normale,Deux véhicules - côté,,,,,,,,,,,5,2,2,1.0,3
201400041905,0014-12-23 06:00:00,14,12,23,6,0,930,57,"118, JAURES (AV. JEAN) 1",,,Crépuscule ou aube,En agglomération,Intersection en T,Normale,Deux véhicules - côté,,,,,,,,,,,2,2,3,1.0,3
201400041906,0014-12-24 15:12:00,14,12,24,15,12,930,57,BRIAND (AV. ARISTIDE) 2,,,Plein jour,En agglomération,,Pluie légère,Deux véhicules - côté,,,,,,,,,,,1,2,0,2.0,3
201400041907,0014-12-25 20:40:00,14,12,25,20,40,930,10,"243, ROSNY (AV. DE)",,,Nuit avec éclairage allumé,En agglomération,Autre intersection,Normale,Deux véhicules - frontale,,,,,,,,,,,5,2,9,1.0,1
201400041908,0014-12-25 20:05:00,14,12,25,20,5,930,10,GALLIENI (AV.) DE 177 A,,,Nuit avec éclairage allumé,En agglomération,Hors intersection,Normale,Deux véhicules - côté,,,,,,,,,,,5,2,1,1.0,3
201400041909,0014-12-26 19:40:00,14,12,26,19,40,930,10,QUATORZE-JUILLET (AV. DU,,,Nuit avec éclairage allumé,En agglomération,Hors intersection,Pluie légère,Deux véhicules - frontale,,,,,,,,,,,5,2,1,2.0,1
201400041910,0014-12-30 18:50:00,14,12,30,18,50,930,10,"ignor?, GALLIENI (AV.) D",,,Nuit avec éclairage allumé,En agglomération,,Normale,Deux véhicules - arrière,,,,,,,,,,,5,2,0,1.0,2
201400041911,0014-01-01 17:45:00,14,1,1,17,45,930,47,BARGUE  (BOULEVARD),,,Nuit avec éclairage allumé,En agglomération,Intersection en T,Pluie légère,Deux véhicules - côté,,,,,,,,,,,5,2,3,2.0,3
201400041912,0014-01-07 08:15:00,14,1,7,8,15,930,47,"0, CLICHY (AVENUE DE)",,,Crépuscule ou aube,En agglomération,Hors intersection,Normale,Autre collision,,,,,,,,,,,2,2,1,1.0,6
201400041913,0014-01-07 17:15:00,14,1,7,17,15,930,14,"0, SEVIGNE (AVENUE DE)",,,Nuit avec éclairage allumé,En agglomération,Hors intersection,Pluie légère,Autre collision,,,,,,,,,,,5,2,1,2.0,6
201400041914,0014-01-08 09:40:00,14,1,8,9,40,930,14,GAGARINE (BOULEVARD),,,Plein jour,En agglomération,Hors intersection,Normale,Autre collision,,,,,,,,,,,1,2,1,1.0,6
201400041915,0014-01-09 12:50:00,14,1,9,12,50,930,14,SEVIGNE (AVENUE DE),,,Plein jour,En agglomération,Hors intersection,Pluie légère,Autre collision,,,,,,,,,,,1,2,1,2.0,6
201400041916,0014-01-16 06:10:00,14,1,16,6,10,930,14,MONTFERMEIL (ALLEE DE).,,,Crépuscule ou aube,En agglomération,Intersection à plus de 4 branches,Pluie légère,Deux véhicules - frontale,,,,,,,,,,,2,2,5,2.0,1
201400041917,0014-01-18 12:15:00,14,1,18,12,15,930,47,NOTRE DAMES DES ANGES  (,,,Plein jour,En agglomération,Intersection en X,Normale,Deux véhicules - côté,,,,,,,,,,,1,2,2,1.0,3
201400041918,0014-01-23 15:20:00,14,1,23,15,20,930,14,"227, MONTFERMEIL (ALLEE",,,Plein jour,En agglomération,Place,Pluie légère,Deux véhicules - côté,,,,,,,,,,,1,2,7,2.0,3
201400041919,0014-01-25 16:35:00,14,1,25,16,35,930,47,GABRIEL PERI  (AVENUE),,,Plein jour,En agglomération,Intersection en X,Normale,Deux véhicules - côté,,,,,,,,,,,1,2,2,1.0,3
201400041920,0014-01-27 22:45:00,14,1,27,22,45,930,47,"206, DANIEL PERDRIGE  (A",,,Nuit avec éclairage allumé,En agglomération,Intersection en X,Temps couvert,Deux véhicules - côté,,,,,,,,,,,5,2,2,8.0,3
201400041921,0014-02-06 19:40:00,14,2,6,19,40,930,14,", MAURICE AUDIN (ALLEE)",,,Nuit avec éclairage allumé,En agglomération,Hors intersection,Normale,Autre collision,,,,,,,,,,,5,2,1,1.0,6
201400041922,0014-02-12 19:15:00,14,2,12,19,15,930,47,GENERAL DE GAULLE (RUE D,,,Nuit avec éclairage allumé,En agglomération,Intersection en X,Pluie légère,Deux véhicules - côté,,,,,,,,,,,5,2,2,2.0,3
201400041923,0014-02-12 22:20:00,14,2,12,22,20,930,47,BLEUETS (AVENUE DES),,,Nuit avec éclairage allumé,En agglomération,Intersection en X,Pluie légère,Deux véhicules - côté,,,,,,,,,,,5,2,2,2.0,3
201400041924,0014-02-27 13:45:00,14,2,27,13,45,930,14,", MAURICE AUDIN (ALLEE)",,,Plein jour,En agglomération,Autre intersection,Pluie légère,Deux véhicules - côté,,,,,,,,,,,1,2,9,2.0,3
201400041925,0014-02-28 08:45:00,14,2,28,8,45,930,14,"0, GAGNY (ALLEE DE)",,,Plein jour,En agglomération,Intersection en X,Pluie légère,Autre collision,,,,,,,,,,,1,2,2,2.0,6
201400041926,0014-03-02 12:50:00,14,3,2,12,50,930,47,"0, MESANGES  (AVENUE DES",,,Plein jour,En agglomération,Intersection en T,Normale,Deux véhicules - côté,,,,,,,,,,,1,2,3,1.0,3
201400041927,0014-03-08 13:20:00,14,3,8,13,20,930,47,GENERAL LECLERC  (RUE DU,,,Plein jour,En agglomération,Intersection en T,Normale,Deux véhicules - côté,,,,,,,,,,,1,2,3,1.0,3
201400041928,0014-03-19 10:20:00,14,3,19,10,20,930,47,"51, MOULINS  (RUE DES)",,,Plein jour,En agglomération,Hors intersection,Normale,Deux véhicules - frontale,,,,,,,,,,,1,2,1,1.0,1
201400041929,0014-03-19 13:40:00,14,3,19,13,40,930,14,"3, JULES VEDRINES (ALLEE",,,Plein jour,En agglomération,Hors intersection,Normale,Autre collision,,,,,,,,,,,1,2,1,1.0,6
201400041930,0014-03-19 15:55:00,14,3,19,15,55,930,47,"0, NOTRE DAMES DES ANGES",,,Plein jour,En agglomération,Intersection en X,Normale,Deux véhicules - côté,,,,,,,,,,,1,2,2,1.0,3
201400041931,0014-03-28 09:15:00,14,3,28,9,15,930,47,"0, COUBRON (RUE DE )",,,Plein jour,En agglomération,Intersection en T,Normale,Deux véhicules - arrière,,,,,,,,,,,1,2,3,1.0,2
201400041932,0014-03-28 16:50:00,14,3,28,16,50,930,47,"0, HIRONDELLES (AVENUE D",,,Plein jour,En agglomération,Intersection en T,Normale,Autre collision,,,,,,,,,,,1,2,3,1.0,6
201400041933,0014-04-01 16:20:00,14,4,1,16,20,930,14,"0, GAGNY (ALLEE DE)",,,Plein jour,En agglomération,Intersection en X,Normale,Deux véhicules - côté,,,,,,,,,,,1,2,2,1.0,3
201400041934,0014-04-01 20:16:00,14,4,1,20,16,930,14,ANATOLE FRANCE (ALLEE),,,Crépuscule ou aube,En agglomération,Intersection en X,Normale,Deux véhicules - côté,,,,,,,,,,,2,2,2,1.0,3
201400041935,0014-04-04 13:40:00,14,4,4,13,40,930,47,"0, EUROPE (BOULEVARD DE",,,Plein jour,En agglomération,Hors intersection,Normale,Deux véhicules - arrière,,,,,,,,,,,1,2,1,1.0,2
201400041936,0014-04-11 14:00:00,14,4,11,14,0,930,47,"0, CHARMILLES (AVENUE DE",,,Plein jour,En agglomération,Intersection en X,Normale,Deux véhicules - côté,,,,,,,,,,,1,2,2,1.0,3
201400041937,0014-04-11 14:00:00,14,4,11,14,0,930,47,CHARMILLES (AVENUE DES),,,Plein jour,En agglomération,Intersection en X,Normale,Deux véhicules - côté,,,,,,,,,,,1,2,2,1.0,3
201400041938,0014-04-17 17:45:00,14,4,17,17,45,930,47,"1, COROT (RUE)",,,Plein jour,En agglomération,Intersection en T,Normale,Sans collision,,,,,,,,,,,1,2,3,1.0,7
201400041939,0014-04-17 17:15:00,14,4,17,17,15,930,14,ETIENNE LAURENT (ALLEE),,,Plein jour,En agglomération,Intersection en X,Normale,Autre collision,,,,,,,,,,,1,2,2,1.0,6
201400041940,0014-04-19 12:55:00,14,4,19,12,55,930,14,"0, GAGARINE (BOULEVARD)",,,Plein jour,En agglomération,Hors intersection,Normale,Deux véhicules - arrière,,,,,,,,,,,1,2,1,1.0,2
201400041941,0014-04-25 18:05:00,14,4,25,18,5,930,14,TEMPLE (BOULEVARD DU),,,Plein jour,En agglomération,Hors intersection,Normale,Deux véhicules - côté,,,,,,,,,,,1,2,1,1.0,3
201400041942,0014-04-26 11:00:00,14,4,26,11,0,930,47,JEAN JAURES (AVENUE),,,Plein jour,En agglomération,Intersection en X,Pluie forte,Autre collision,,,,,,,,,,,1,2,2,3.0,6
201400041943,0014-04-30 19:20:00,14,4,30,19,20,930,47,GENERAL LECLERC  (RUE DU,,,Plein jour,En agglomération,Hors intersection,Normale,Deux véhicules - arrière,,,,,,,,,,,1,2,1,1.0,2
201400041944,0014-05-03 14:25:00,14,5,3,14,25,930,47,DOCTEUR ROUX (RUE DU),,,Plein jour,En agglomération,Intersection en T,Normale,Deux véhicules - côté,,,,,,,,,,,1,2,3,1.0,3
201400041945,0014-05-13 14:20:00,14,5,13,14,20,930,14,JEAN MOULIN (AVENUE),,,Plein jour,En agglomération,Intersection en T,Pluie forte,Trois véhicules et plus - collisions multiples,,,,,,,,,,,1,2,3,3.0,5
201400041946,0014-05-16 13:20:00,14,5,16,13,20,930,14,"03, VICTOR HUGO (ALLEE)",,,Plein jour,En agglomération,Hors intersection,Normale,Autre collision,,,,,,,,,,,1,2,1,1.0,6
201400041947,0014-05-16 17:00:00,14,5,16,17,0,930,47,"186, JEAN JAURES (AVENUE",,,Plein jour,En agglomération,Autre intersection,Normale,Deux véhicules - côté,,,,,,,,,,,1,2,9,1.0,3
201400041948,0014-05-17 14:40:00,14,5,17,14,40,930,47,ARAGO  (PLACE),,,Plein jour,En agglomération,Giratoire,Normale,Deux véhicules - côté,,,,,,,,,,,1,2,6,1.0,3
201400041949,0014-05-24 19:10:00,14,5,24,19,10,930,14,STRATEGIQUE (ROUTE),,,Plein jour,Hors agglomération,Hors intersection,Pluie légère,Sans collision,,,,,,,,,,,1,1,1,2.0,7
201400041950,0014-07-28 13:30:00,14,7,28,13,30,930,14,"49 BIS, CHAPELLE (ALLEE",,,Plein jour,En agglomération,Hors intersection,Normale,Deux véhicules - côté,,,,,,,,,,,1,2,1,1.0,3
201400041951,0014-06-10 15:20:00,14,6,10,15,20,930,47,ARTS  (AVENUE DES),,,Plein jour,En agglomération,Intersection en X,Pluie légère,Deux véhicules - côté,,,,,,,,,,,1,2,2,2.0,3
201400041952,0014-06-13 21:30:00,14,6,13,21,30,930,47,EUROPE (BOULEVARD DE L'),,,Crépuscule ou aube,En agglomération,Intersection en X,Normale,Deux véhicules - côté,,,,,,,,,,,2,2,2,1.0,3
201400041953,0014-05-29 02:50:00,14,5,29,2,50,930,47,", JEAN JAURES (AVENUE)",,,Nuit avec éclairage allumé,En agglomération,Intersection en T,Normale,Deux véhicules - côté,,,,,,,,,,,5,2,3,1.0,3
201400041954,0014-06-02 15:30:00,14,6,2,15,30,930,14,JULES VALLES (ALLEE),,,Plein jour,En agglomération,Hors intersection,Normale,Deux véhicules - arrière,,,,,,,,,,,1,2,1,1.0,2
201400041955,0014-06-11 22:45:00,14,6,11,22,45,930,47,JEAN JAURES (AVENUE),,,Nuit avec éclairage allumé,En agglomération,Intersection à plus de 4 branches,Normale,Deux véhicules - côté,,,,,,,,,,,5,2,5,1.0,3
201400041956,0014-06-17 17:00:00,14,6,17,17,0,930,14,GAGNY (ALLEE DE),,,Plein jour,En agglomération,Hors intersection,Normale,Autre collision,,,,,,,,,,,1,2,1,1.0,6
201400041957,0014-06-22 02:25:00,14,6,22,2,25,930,14,GAGNY (ALLEE DE),,,Nuit avec éclairage allumé,En agglomération,Hors intersection,Normale,Deux véhicules - frontale,,,,,,,,,,,5,2,1,1.0,1
201400041958,0014-07-02 17:10:00,14,7,2,17,10,930,14,"4, GAGNY (ALLEE DE)",,,Plein jour,En agglomération,Hors intersection,Normale,Deux véhicules - arrière,,,,,,,,,,,1,2,1,1.0,2
201400041959,0014-07-03 20:15:00,14,7,3,20,15,930,14,"3, GAGNY (ALLEE DE)",,,Plein jour,En agglomération,Hors intersection,Normale,Deux véhicules - côté,,,,,,,,,,,1,2,1,1.0,3
201400041960,0014-07-07 19:20:00,14,7,7,19,20,930,14,"221 / 223, MONTFERMEIL (",,,Plein jour,En agglomération,Intersection en X,Pluie légère,Deux véhicules - côté,,,,,,,,,,,1,2,2,2.0,3
201400041961,0014-07-17 11:30:00,14,7,17,11,30,930,14,MAURICE AUDIN (ALLEE),,,Plein jour,En agglomération,Hors intersection,Normale,Sans collision,,,,,,,,,,,1,2,1,1.0,7
201400041962,0014-07-16 23:00:00,14,7,16,23,0,930,47,JEAN JAURES (AVENUE),,,Nuit avec éclairage allumé,En agglomération,Intersection en T,Normale,Autre collision,,,,,,,,,,,5,2,3,1.0,6
201400041963,0014-08-04 17:45:00,14,8,4,17,45,930,14,SEVIGNE (AVENUE DE),,,Plein jour,En agglomération,Hors intersection,Normale,Autre collision,,,,,,,,,,,1,2,1,1.0,6
201400041964,0014-08-18 21:50:00,14,8,18,21,50,930,47,COUBRON (RUE DE ),,,Nuit avec éclairage non allumé,En agglomération,Hors intersection,Normale,Autre collision,,,,,,,,,,,4,2,1,1.0,6
201400041965,0014-08-20 17:05:00,14,8,20,17,5,930,47,BARGUE  (BOULEVARD),,,Plein jour,En agglomération,Hors intersection,Normale,Autre collision,,,,,,,,,,,1,2,1,1.0,6
201400041966,0014-09-04 17:00:00,14,9,4,17,0,930,47,", JEAN JAURES (AVENUE)",,,Plein jour,En agglomération,Intersection en T,Normale,Deux véhicules - côté,,,,,,,,,,,1,2,3,1.0,3
201400041967,0014-09-04 20:30:00,14,9,4,20,30,930,14,", MAURICE AUDIN (ALLEE)",,,Nuit avec éclairage allumé,En agglomération,Hors intersection,Normale,Deux véhicules - côté,,,,,,,,,,,5,2,1,1.0,3
201400041968,0014-09-09 17:00:00,14,9,9,17,0,930,14,GAGNY (ALLEE DE),,,Plein jour,En agglomération,Hors intersection,Normale,Deux véhicules - côté,,,,,,,,,,,1,2,1,1.0,3
201400041969,0014-09-12 15:10:00,14,9,12,15,10,930,47,GENERAL LECLERC  (RUE DU,,,Plein jour,En agglomération,Intersection en T,Normale,Trois véhicules et plus - en chaîne,,,,,,,,,,,1,2,3,1.0,4
201400041970,0014-09-15 20:00:00,14,9,15,20,0,930,47,MUGUETS  (AVENUE DES),,,Plein jour,En agglomération,Intersection en T,Normale,Deux véhicules - frontale,,,,,,,,,,,1,2,3,1.0,1
201400041971,0014-09-18 09:15:00,14,9,18,9,15,930,47,"170, JEAN JAURES (AVENUE",,,Plein jour,En agglomération,Intersection en X,Normale,Deux véhicules - côté,,,,,,,,,,,1,2,2,1.0,3
201400041972,0014-09-22 11:00:00,14,9,22,11,0,930,47,BARGUE  (BOULEVARD),,,Plein jour,En agglomération,Hors intersection,Normale,Autre collision,,,,,,,,,,,1,2,1,1.0,6
201400041973,0014-09-29 07:50:00,14,9,29,7,50,930,47,MYOSOTIS   (AVENUE DES),,,Plein jour,En agglomération,Hors intersection,Pluie légère,Deux véhicules - côté,,,,,,,,,,,1,2,1,2.0,3
201400041974,0014-10-04 14:15:00,14,10,4,14,15,930,47,"16, PASCAL  (AVENUE)",,,Plein jour,En agglomération,Hors intersection,Normale,Deux véhicules - côté,,,,,,,,,,,1,2,1,1.0,3
201400041975,0014-10-18 12:18:00,14,10,18,12,18,930,47,"137, JEAN JAURES (AVENUE",,,Plein jour,En agglomération,Intersection à plus de 4 branches,Normale,Deux véhicules - côté,,,,,,,,,,,1,2,5,1.0,3
201400041976,0014-10-22 16:40:00,14,10,22,16,40,930,47,"170, GABRIEL PERI  (AVEN",,,Plein jour,En agglomération,Hors intersection,Normale,Autre collision,,,,,,,,,,,1,2,1,1.0,6
201400041977,0014-10-26 15:55:00,14,10,26,15,55,930,47,MYOSOTIS   (AVENUE DES),,,Plein jour,En agglomération,Intersection en X,Normale,Deux véhicules - côté,,,,,,,,,,,1,2,2,1.0,3
201400041978,0014-10-26 17:00:00,14,10,26,17,0,930,47,JEAN JAURES (AVENUE),,,Plein jour,En agglomération,Intersection en X,Normale,Deux véhicules - côté,,,,,,,,,,,1,2,2,1.0,3
201400041979,0014-10-31 16:55:00,14,10,31,16,55,930,47,MARGUERITES  (PLACE DES),,,Plein jour,En agglomération,Intersection en X,Normale,Deux véhicules - côté,,,,,,,,,,,1,2,2,1.0,3
201400041980,0014-11-03 11:00:00,14,11,3,11,0,930,47,"41, GENERAL LECLERC  (RU",,,Plein jour,En agglomération,Hors intersection,Normale,Autre collision,,,,,,,,,,,1,2,1,1.0,6
201400041981,0014-11-15 20:20:00,14,11,15,20,20,930,47,JEAN JAURES (AVENUE),,,Nuit avec éclairage allumé,En agglomération,Intersection en X,Normale,Deux véhicules - côté,,,,,,,,,,,5,2,2,1.0,3
201400041982,0014-11-16 08:50:00,14,11,16,8,50,930,47,"147, EUROPe (BOULEVARD D",,,Plein jour,En agglomération,Intersection en T,Pluie légère,Deux véhicules - côté,,,,,,,,,,,1,2,3,2.0,3