accident_id,datetime,annee,mois,jour,heure,minute,departement,commune_insee,adresse,latitude,longitude,luminosite,agglomeration,intersection,meteo,collision,nb_vehicules,nb_usagers,nb_indemnes,nb_tues,nb_blesses_hosp,nb_blesses_legers,age_cond_1,age_cond_2,veh_type_cond_1,veh_type_cond_2,lum_code,agg_code,int_code,atm_code,col_code
201400042370,0014-01-08 18:00:00,14,1,8,18,0,930,6,"104, RIGONDES RUE DES",,,Nuit avec éclairage allumé,En agglomération,Hors intersection,Normale,Autre collision,,,,,,,,,,,5,2,1,1.0,6
201400042371,0014-01-10 16:50:00,14,1,10,16,50,930,6,"199, ROBESPIERRE RUE",,,Plein jour,En agglomération,Intersection en X,Normale,Autre collision,,,,,,,,,,,1,2,2,1.0,6
201400042372,0014-01-12 13:05:00,14,1,12,13,5,930,45,"162, PARIS RUE DE",,,Plein jour,En agglomération,Hors intersection,Temps couvert,Autre collision,,,,,,,,,,,1,2,1,8.0,6
201400042373,0014-01-12 19:20:00,14,1,12,19,20,930,45,"01, DOUMER PAUL AV.",,,Nuit avec éclairage allumé,En agglomération,Hors intersection,Normale,Deux véhicules - côté,,,,,,,,,,,5,2,1,1.0,3
201400042374,0014-01-13 09:50:00,14,1,13,9,50,930,6,"88, REPUBLIQUE AVENUE DE",,,Plein jour,En agglomération,Hors intersection,Normale,Deux véhicules - côté,,,,,,,,,,,1,2,1,1.0,3
201400042375,0014-01-13 20:50:00,14,1,13,20,50,930,63,VERDUN AVENUE DE,,,Nuit avec éclairage allumé,En agglomération,Hors intersection,Normale,Deux véhicules - côté,,,,,,,,,,,5,2,1,1.0,3
201400042376,0014-01-19 19:45:00,14,1,19,19,45,930,45,"26, JUIN AVENUE DU MAREC",,,Nuit avec éclairage allumé,En agglomération,Intersection en T,Normale,Deux véhicules - côté,,,,,,,,,,,5,2,3,1.0,3
201400042377,0014-01-20 09:30:00,14,1,20,9,30,930,61,JOINEAU ANDRE RUE,,,Plein jour,En agglomération,Hors intersection,Normale,Sans collision,,,,,,,,,,,1,2,1,1.0,7
201400042378,0014-01-23 09:30:00,14,1,23,9,30,930,6,"11, FERRY JULES RUE",,,Plein jour,En agglomération,Hors intersection,Normale,Autre collision,,,,,,,,,,,1,2,1,1.0,6
201400042379,0014-01-27 18:05:00,14,1,27,18,5,930,6,"01, AUTOROUTE A3",,,Nuit sans éclairage public,En agglomération,Hors intersection,Normale,Deux véhicules - frontale,,,,,,,,,,,3,2,1,1.0,1
201400042380,0014-02-01 17:15:00,14,2,1,17,15,930,63,"115/116, BERLIOZ AVENUE",,,Plein jour,En agglomération,Autre intersection,Normale,Autre collision,,,,,,,,,,,1,2,9,1.0,6
201400042381,0014-02-03 19:05:00,14,2,3,19,5,930,45,JUIN AVENUE DU MARECHAL,,,Nuit avec éclairage allumé,En agglomération,Hors intersection,Normale,Deux véhicules - côté,,,,,,,,,,,5,2,1,1.0,3
201400042382,0014-02-06 15:00:00,14,2,6,15,0,930,6,MARCEL ETIENNE RUE,,,Plein jour,En agglomération,Hors intersection,Pluie légère,Sans collision,,,,,,,,,,,1,2,1,2.0,7
201400042383,0014-02-08 17:00:00,14,2,8,17,0,930,6,MICHEL LOUISE RUE,,,Plein jour,En agglomération,Intersection en X,Normale,Autre collision,,,,,,,,,,,1,2,2,1.0,6
201400042384,0014-02-09 18:40:00,14,2,9,18,40,930,6,", CARNOT RUE SADI",,,Nuit avec éclairage allumé,En agglomération,Intersection en T,Normale,Trois véhicules et plus - collisions multiples,,,,,,,,,,,5,2,3,1.0,5
201400042385,0014-02-20 16:44:00,14,2,20,16,44,930,6,NOISY LE SEC RUE DE,,,Plein jour,En agglomération,Hors intersection,Pluie légère,Sans collision,,,,,,,,,,,1,2,1,2.0,7
201400042386,0014-02-28 13:40:00,14,2,28,13,40,930,63,METZ AVENUE DE,,,Plein jour,En agglomération,Hors intersection,Pluie légère,Deux véhicules - arrière,,,,,,,,,,,1,2,1,2.0,2
201400042387,0014-02-28 20:50:00,14,2,28,20,50,930,63,", KERAUTRET AVENUE PIERR",,,Nuit avec éclairage allumé,En agglomération,Hors intersection,Pluie légère,Trois véhicules et plus - en chaîne,,,,,,,,,,,5,2,1,2.0,4
201400042388,0014-03-03 12:50:00,14,3,3,12,50,930,6,"40, FLOREAL RUE",,,Plein jour,En agglomération,Hors intersection,Normale,Autre collision,,,,,,,,,,,1,2,1,1.0,6
201400042389,0014-03-04 09:05:00,14,3,4,9,5,930,63,VERDUN AVENUE DE,,,Plein jour,En agglomération,Intersection à plus de 4 branches,Normale,Deux véhicules - côté,,,,,,,,,,,1,2,5,1.0,3
201400042390,0014-03-05 13:35:00,14,3,5,13,35,930,63,PARIS RUE DE,,,Plein jour,En agglomération,Intersection en Y,Normale,Sans collision,,,,,,,,,,,1,2,4,1.0,7
201400042391,0014-03-06 22:50:00,14,3,6,22,50,930,61,BELVEDERE AVENUE DU,,,Nuit avec éclairage allumé,En agglomération,Intersection en T,Normale,Autre collision,,,,,,,,,,,5,2,3,1.0,6
201400042392,0014-03-09 18:50:00,14,3,9,18,50,930,63,BARBUSSE HENRI BOULEVARD,,,Crépuscule ou aube,En agglomération,Hors intersection,Normale,Deux véhicules - côté,,,,,,,,,,,2,2,1,1.0,3
201400042393,0014-03-11 19:40:00,14,3,11,19,40,930,63,", COMMUNE DE PARIS RUE D",,,Nuit sans éclairage public,En agglomération,Hors intersection,Normale,Sans collision,,,,,,,,,,,3,2,1,1.0,7
201400042394,0014-03-14 17:00:00,14,3,14,17,0,930,45,VILLEGRANGES RUE DES,,,Plein jour,En agglomération,Hors intersection,Normale,Deux véhicules - arrière,,,,,,,,,,,1,2,1,1.0,2
201400042395,0014-03-22 10:40:00,14,3,22,10,40,930,45,JUIN AVENUE DU MARECHAL,,,Plein jour,En agglomération,Intersection en X,Pluie légère,Deux véhicules - côté,,,,,,,,,,,1,2,2,2.0,3
201400042396,0014-03-24 18:35:00,14,3,24,18,35,930,45,"139, NOISY LE SEC RUE DE",,,Plein jour,En agglomération,Intersection en X,Normale,Autre collision,,,,,,,,,,,1,2,2,1.0,6
201400042397,0014-03-25 08:20:00,14,3,25,8,20,930,6,DHUYS AV DE LA,,,Plein jour,En agglomération,Intersection en X,Pluie légère,Deux véhicules - côté,,,,,,,,,,,1,2,2,2.0,3
201400042398,0014-03-25 18:30:00,14,3,25,18,30,930,61,"29, PERI GABRIEL RUE",,,Plein jour,En agglomération,Hors intersection,Normale,Deux véhicules - côté,,,,,,,,,,,1,2,1,1.0,3
201400042399,0014-04-05 05:00:00,14,4,5,5,0,930,63,"12, PARIS RUE DE",,,Nuit avec éclairage allumé,En agglomération,Hors intersection,Normale,Autre collision,,,,,,,,,,,5,2,1,1.0,6
201400042400,0014-04-07 12:30:00,14,4,7,12,30,930,45,LIBERTE BD DE LA,,,Plein jour,En agglomération,Hors intersection,Normale,Deux véhicules - côté,,,,,,,,,,,1,2,1,1.0,3
201400042401,0014-04-09 05:00:00,14,4,9,5,0,930,45,CONVENTION  RUE DE LA,,,Nuit avec éclairage allumé,En agglomération,Intersection en Y,Normale,Autre collision,,,,,,,,,,,5,2,4,1.0,6
201400042402,0014-04-14 17:30:00,14,4,14,17,30,930,6,"42, CAPSULERIE RUE DE LA",,,Plein jour,En agglomération,Hors intersection,Normale,Autre collision,,,,,,,,,,,1,2,1,1.0,6
201400042403,0014-04-14 18:00:00,14,4,14,18,0,930,45,REPUBLIQUE RUE DE LA,,,Plein jour,En agglomération,Intersection en X,Normale,Deux véhicules - côté,,,,,,,,,,,1,2,2,1.0,3
201400042404,0014-04-17 08:30:00,14,4,17,8,30,930,61,"05, BELVEDERE AVENUE DU",,,Plein jour,En agglomération,Hors intersection,Normale,Sans collision,,,,,,,,,,,1,2,1,1.0,7
201400042405,0014-04-18 13:00:00,14,4,18,13,0,930,63,BRANLY BD EDOUARD,,,Plein jour,En agglomération,Intersection en X,Normale,Deux véhicules - côté,,,,,,,,,,,1,2,2,1.0,3
201400042406,0014-04-27 16:00:00,14,4,27,16,0,930,61,"0, JOINEAU ANDRE RUE",,,Plein jour,En agglomération,Autre intersection,Normale,Trois véhicules et plus - collisions multiples,,,,,,,,,,,1,2,9,1.0,5
201400042407,0014-04-28 06:00:00,14,4,28,6,0,930,63,"47, FRANCE ANATOLE RUE",,,Plein jour,En agglomération,Autre intersection,Temps couvert,Autre collision,,,,,,,,,,,1,2,9,8.0,6
201400042408,0014-04-28 18:10:00,14,4,28,18,10,930,6,"16, LOLIVE JEAN RUE",,,Plein jour,En agglomération,Hors intersection,Normale,Autre collision,,,,,,,,,,,1,2,1,1.0,6
201400042409,0014-04-29 18:25:00,14,4,29,18,25,930,61,"0, BELVEDERE AVENUE DU",,,Plein jour,En agglomération,Intersection en X,Normale,Autre collision,,,,,,,,,,,1,2,2,1.0,6
201400042410,0014-05-04 07:30:00,14,5,4,7,30,930,63,"8, VEUVE AUBLET SENTE",,,Crépuscule ou aube,En agglomération,Hors intersection,Normale,Autre collision,,,,,,,,,,,2,2,1,1.0,6
201400042411,0014-05-04 18:45:00,14,5,4,18,45,930,6,DAUMIER RUE,,,Plein jour,En agglomération,Intersection en X,Normale,Deux véhicules - frontale,,,,,,,,,,,1,2,2,1.0,1
201400042412,0014-05-12 11:20:00,14,5,12,11,20,930,63,"11, VERDUN AVENUE DE",,,Plein jour,En agglomération,Hors intersection,Normale,Autre collision,,,,,,,,,,,1,2,1,1.0,6
201400042413,0014-05-14 19:15:00,14,5,14,19,15,930,45,"152, DE LATTRE DE TASSIG",,,Plein jour,En agglomération,Hors intersection,Normale,Autre collision,,,,,,,,,,,1,2,1,1.0,6
201400042414,0014-05-15 15:05:00,14,5,15,15,5,930,45,PARIS RUE DE,,,Plein jour,En agglomération,Intersection en T,Normale,Deux véhicules - côté,,,,,,,,,,,1,2,3,1.0,3
201400042415,0014-05-16 09:33:00,14,5,16,9,33,930,63,MONTREUIL ROUTE DE,,,Plein jour,En agglomération,Intersection en X,Normale,Deux véhicules - côté,,,,,,,,,,,1,2,2,1.0,3
201400042416,0014-05-17 13:15:00,14,5,17,13,15,930,63,"0, CITE MARCEL CACHIN",,,Plein jour,En agglomération,Hors intersection,Normale,Autre collision,,,,,,,,,,,1,2,1,1.0,6
201400042417,0014-05-17 16:00:00,14,5,17,16,0,930,6,"31, STALINGRAD AV.",,,Plein jour,En agglomération,Hors intersection,Normale,Deux véhicules - côté,,,,,,,,,,,1,2,1,1.0,3
201400042418,0014-05-19 19:15:00,14,5,19,19,15,930,6,"0, DELESCLUSE CHARLES",,,Plein jour,En agglomération,Intersection en T,Normale,Deux véhicules - côté,,,,,,,,,,,1,2,3,1.0,3
201400042419,0014-05-23 10:10:00,14,5,23,10,10,930,6,"27, RASPAIL AVENUE",,,Plein jour,En agglomération,Intersection en X,Normale,Deux véhicules - côté,,,,,,,,,,,1,2,2,1.0,3
201400042420,0014-05-24 17:45:00,14,5,24,17,45,930,6,"0, GAL DE GAULLE AV. DU",,,Plein jour,En agglomération,Intersection en Y,Pluie légère,Autre collision,,,,,,,,,,,1,2,4,2.0,6
201400042421,0014-05-26 20:30:00,14,5,26,20,30,930,6,"0, GAL LECLERC AV. DU",,,Plein jour,En agglomération,Hors intersection,Normale,Deux véhicules - côté,,,,,,,,,,,1,2,1,1.0,3
201400042422,0014-05-31 20:15:00,14,5,31,20,15,930,6,"0, MICHEL LOUISE RUE",,,Plein jour,En agglomération,Intersection en X,Normale,Deux véhicules - côté,,,,,,,,,,,1,2,2,1.0,3
201400042423,0014-06-05 16:55:00,14,6,5,16,55,930,63,BENFLEET RUE DE,,,Plein jour,En agglomération,Intersection en T,Normale,Deux véhicules - côté,,,,,,,,,,,1,2,3,1.0,3
201400042424,0014-06-09 22:12:00,14,6,9,22,12,930,45,"0, LIBERTE RUE DE LA",,,Nuit avec éclairage allumé,En agglomération,Intersection en X,Normale,Deux véhicules - côté,,,,,,,,,,,5,2,2,1.0,3
201400042425,0014-06-10 12:20:00,14,6,10,12,20,930,63,"0, BARBUSSE HENRI BOULEV",,,Plein jour,En agglomération,Hors intersection,Pluie légère,Deux véhicules - arrière,,,,,,,,,,,1,2,1,2.0,2
201400042426,0014-06-13 08:40:00,14,6,13,8,40,930,6,"05, AVENIR IMP DE L'",,,Plein jour,En agglomération,Hors intersection,Normale,Autre collision,,,,,,,,,,,1,2,1,1.0,6
201400042427,0014-06-14 00:01:00,14,6,14,0,1,930,45,"4, LIBERTE BD DE LA",,,Nuit avec éclairage allumé,En agglomération,Hors intersection,Normale,Autre collision,,,,,,,,,,,5,2,1,1.0,6
201400042428,0014-06-19 09:30:00,14,6,19,9,30,930,6,"0, MARCEL ETIENNE RUE",,,Plein jour,En agglomération,Hors intersection,Normale,Autre collision,,,,,,,,,,,1,2,1,1.0,6
201400042429,0014-06-19 10:55:00,14,6,19,10,55,930,45,"91, PARIS RUE DE",,,Plein jour,En agglomération,Hors intersection,Normale,Autre collision,,,,,,,,,,,1,2,1,1.0,6
201400042430,0014-06-23 14:25:00,14,6,23,14,25,930,6,"0, RIGONDES RUE DES",,,Plein jour,En agglomération,Intersection en X,Normale,Trois véhicules et plus - collisions multiples,,,,,,,,,,,1,2,2,1.0,5
201400042431,0014-06-27 17:40:00,14,6,27,17,40,930,61,JAURES AVENUE JEAN,,,Plein jour,En agglomération,Intersection en X,Normale,Deux véhicules - côté,,,,,,,,,,,1,2,2,1.0,3
201400042432,0014-06-28 13:04:00,14,6,28,13,4,930,45,"131, PARIS RUE DE",,,Plein jour,En agglomération,Hors intersection,Autre,Autre collision,,,,,,,,,,,1,2,1,9.0,6
201400042433,0014-06-28 22:20:00,14,6,28,22,20,930,6,"0, ALAZARD RENE",,,Nuit avec éclairage allumé,En agglomération,Intersection en T,Pluie légère,Sans collision,,,,,,,,,,,5,2,3,2.0,7
201400042434,0014-07-07 19:00:00,14,7,7,19,0,930,6,"20, REPUBLIQUE AVENUE DE",,,Plein jour,En agglomération,Autre intersection,Pluie forte,Deux véhicules - arrière,,,,,,,,,,,1,2,9,3.0,2
201400042435,0014-07-08 12:57:00,14,7,8,12,57,930,61,JOINEAU ANDRE RUE,,,Plein jour,En agglomération,Hors intersection,Normale,Autre collision,,,,,,,,,,,1,2,1,1.0,6
201400042436,0014-07-08 12:00:00,14,7,8,12,0,930,6,"33, REPUBLIQUE AVENUE DE",,,Plein jour,En agglomération,Intersection en X,Normale,Autre collision,,,,,,,,,,,1,2,2,1.0,6
201400042437,0014-07-22 23:10:00,14,7,22,23,10,930,45,"0, LECLERC BOULEVARD DU",,,Nuit avec éclairage allumé,En agglomération,Intersection en T,Normale,Deux véhicules - côté,,,,,,,,,,,5,2,3,1.0,3
201400042438,0014-07-30 18:50:00,14,7,30,18,50,930,63,"100, NOISY ROUTE DE",,,Crépuscule ou aube,En agglomération,Intersection en X,Normale,Deux véhicules - côté,,,,,,,,,,,2,2,2,1.0,3
201400042439,0014-08-02 20:45:00,14,8,2,20,45,930,6,", LAHAYE ADELAIDE RUE",,,Crépuscule ou aube,En agglomération,Intersection en T,Temps couvert,Deux véhicules - côté,,,,,,,,,,,2,2,3,8.0,3
201400042440,0014-08-04 12:45:00,14,8,4,12,45,930,6,"44, CURIE PIERRE ET MARI",,,Plein jour,En agglomération,Hors intersection,Normale,Deux véhicules - côté,,,,,,,,,,,1,2,1,1.0,3
201400042441,0014-08-07 14:15:00,14,8,7,14,15,930,63,BRANLY BD EDOUARD,,,Plein jour,En agglomération,Intersection en X,Pluie forte,Deux véhicules - côté,,,,,,,,,,,1,2,2,3.0,3
201400042442,0014-08-09 14:10:00,14,8,9,14,10,930,61,"10, PERI GABRIEL RUE",,,Plein jour,En agglomération,Hors intersection,Normale,Sans collision,,,,,,,,,,,1,2,1,1.0,7
201400042443,0014-08-24 20:20:00,14,8,24,20,20,930,6,", PASTEUR AV.",,,Nuit avec éclairage allumé,En agglomération,Hors intersection,Normale,Deux véhicules - côté,,,,,,,,,,,5,2,1,1.0,3
201400042444,0014-08-31 06:50:00,14,8,31,6,50,930,6,STALINGRAD AV.,,,Plein jour,En agglomération,Intersection en X,Normale,Deux véhicules - côté,,,,,,,,,,,1,2,2,1.0,3
201400042445,0014-09-11 13:15:00,14,9,11,13,15,930,45,"99, PARIS RUE DE",,,Plein jour,En agglomération,Hors intersection,Normale,Autre collision,,,,,,,,,,,1,2,1,1.0,6
201400042446,0014-09-11 20:35:00,14,9,11,20,35,930,63,"115, NOISY ROUTE DE",,,Nuit avec éclairage allumé,En agglomération,Hors intersection,Normale,Deux véhicules - côté,,,,,,,,,,,5,2,1,1.0,3
201400042447,0014-09-18 08:30:00,14,9,18,8,30,930,6,"161, PASTEUR AV.",,,Plein jour,En agglomération,Hors intersection,Normale,Deux véhicules - arrière,,,,,,,,,,,1,2,1,1.0,2
201400042448,0014-09-20 16:00:00,14,9,20,16,0,930,6,"17, GAMBETTA AV.",,,Plein jour,En agglomération,Hors intersection,Normale,Deux véhicules - côté,,,,,,,,,,,1,2,1,1.0,3
201400042449,0014-09-23 12:00:00,14,9,23,12,0,930,45,"08, PRE SAINT GERVAIS RU",,,Plein jour,En agglomération,Hors intersection,Normale,Autre collision,,,,,,,,,,,1,2,1,1.0,6
201400042450,0014-09-24 20:13:00,14,9,24,20,13,930,63,"70, BRETAGNES AVENUE DES",,,Nuit avec éclairage allumé,En agglomération,Intersection en T,Pluie légère,Deux véhicules - côté,,,,,,,,,,,5,2,3,2.0,3
201400042451,0014-09-28 18:30:00,14,9,28,18,30,930,6,"03, FIORENTINO RUE DE SE",,,Plein jour,En agglomération,Hors intersection,Normale,Deux véhicules - côté,,,,,,,,,,,1,2,1,1.0,3
201400042452,0014-09-29 13:10:00,14,9,29,13,10,930,6,REPUBLIQUE AVENUE DE LA,,,Plein jour,En agglomération,Hors intersection,Normale,Deux véhicules - côté,,,,,,,,,,,1,2,1,1.0,3
201400042453,0014-09-30 14:30:00,14,9,30,14,30,930,63,"11, NORMANDIE-NIEMEN RUE",,,Plein jour,En agglomération,Hors intersection,Normale,Deux véhicules - côté,,,,,,,,,,,1,2,1,1.0,3
201400042454,0014-10-03 16:05:00,14,10,3,16,5,930,63,"51, BARBUSSE HENRI BOULE",,,Plein jour,En agglomération,Hors intersection,Normale,Autre collision,,,,,,,,,,,1,2,1,1.0,6
201400042455,0014-10-06 20:00:00,14,10,6,20,0,930,6,"6, GIRARDOT RUE",,,Nuit avec éclairage allumé,En agglomération,Hors intersection,Pluie légère,Deux véhicules - côté,,,,,,,,,,,5,2,1,2.0,3
201400042456,0014-10-19 20:15:00,14,10,19,20,15,930,6,"290, MARCEL ETIENNE RUE",,,Nuit avec éclairage allumé,En agglomération,Hors intersection,Normale,Deux véhicules - côté,,,,,,,,,,,5,2,1,1.0,3
201400042457,0014-10-23 13:30:00,14,10,23,13,30,930,61,"8, JAURES AVENUE JEAN",,,Plein jour,En agglomération,Intersection en X,Normale,Deux véhicules - frontale,,,,,,,,,,,1,2,2,1.0,1
201400042458,0014-10-23 05:05:00,14,10,23,5,5,930,6,"44, GAL DE GAULLE AV. DU",,,Nuit avec éclairage allumé,En agglomération,Hors intersection,Normale,Sans collision,,,,,,,,,,,5,2,1,1.0,7
201400042459,0014-10-28 20:10:00,14,10,28,20,10,930,63,"0, ROSENFELD AVENUE DU D",,,Nuit avec éclairage allumé,En agglomération,Intersection en X,Normale,Deux véhicules - côté,,,,,,,,,,,5,2,2,1.0,3
201400042460,0014-10-29 22:10:00,14,10,29,22,10,930,61,"0, BELVEDERE AVENUE DU",,,Nuit avec éclairage allumé,En agglomération,Hors intersection,Normale,Autre collision,,,,,,,,,,,5,2,1,1.0,6
201400042461,0014-10-31 12:30:00,14,10,31,12,30,930,6,"47, REPUBLIQUE AVENUE DE",,,Plein jour,En agglomération,Hors intersection,Normale,Deux véhicules - côté,,,,,,,,,,,1,2,1,1.0,3
201400042462,0014-10-31 12:30:00,14,10,31,12,30,930,61,"65, FAIDHERBE AVENUE",,,Plein jour,En agglomération,Hors intersection,Normale,Deux véhicules - côté,,,,,,,,,,,1,2,1,1.0,3
201400042463,0014-10-31 16:25:00,14,10,31,16,25,930,61,"01, ESTIENNE D'ORVES RUE",,,Plein jour,En agglomération,Hors intersection,Normale,Autre collision,,,,,,,,,,,1,2,1,1.0,6
201400042464,0014-11-02 15:30:00,14,11,2,15,30,930,6,"197, CARNOT RUE SADI",,,Plein jour,En agglomération,Hors intersection,Normale,Deux véhicules - côté,,,,,,,,,,,1,2,1,1.0,3
201400042465,0014-11-03 11:35:00,14,11,3,11,35,930,45,", LECLERC BOULEVARD DU G",,,Plein jour,En agglomération,Hors intersection,Temps couvert,Autre collision,,,,,,,,,,,1,2,1,8.0,6
201400042466,0014-11-05 16:50:00,14,11,5,16,50,930,63,BRANLY BD EDOUARD,,,Plein jour,En agglomération,Intersection à plus de 4 branches,Normale,Autre collision,,,,,,,,,,,1,2,5,1.0,6
201400042467,0014-11-08 13:30:00,14,11,8,13,30,930,63,"71-75, NOISY ROUTE DE",,,Plein jour,En agglomération,Hors intersection,Normale,Deux véhicules - arrière,,,,,,,,,,,1,2,1,1.0,2
201400042468,0014-11-27 23:57:00,14,11,27,23,57,930,45,PARIS RUE DE,,,Nuit avec éclairage allumé,En agglomération,Giratoire,Normale,Deux véhicules - côté,,,,,,,,,,,5,2,6,1.0,3
201400042469,0014-11-30 22:00:00,14,11,30,22,0,930,45,"90, PASTEUR AV.",,,Nuit avec éclairage allumé,En agglomération,Hors intersection,Pluie légère,Deux véhicules - frontale,,,,,,,,,,,5,2,1,2.0,1
201400042470,0014-12-01 17:15:00,14,12,1,17,15,930,63,"10, DOUMER AVENUE PAUL",,,Nuit avec éclairage allumé,En agglomération,Hors intersection,Pluie légère,Deux véhicules - arrière,,,,,,,,,,,5,2,1,2.0,2
201400042471,0014-12-07 10:00:00,14,12,7,10,0,930,61,"63, JOINEAU ANDRE RUE",,,Plein jour,En agglomération,Autre intersection,Normale,Autre collision,,,,,,,,,,,1,2,9,1.0,6
201400042472,0014-12-08 19:45:00,14,12,8,19,45,930,63,"11, BARBUSSE HENRI BOULE",,,Nuit avec éclairage allumé,En agglomération,Hors intersection,Normale,Trois véhicules et plus - en chaîne,,,,,,,,,,,5,2,1,1.0,4
201400042473,0014-12-13 23:15:00,14,12,13,23,15,930,63,"10, BRANLY BD EDOUARD",,,Nuit avec éclairage allumé,En agglomération,Intersection en T,Pluie légère,Deux véhicules - côté,,,,,,,,,,,5,2,3,2.0,3
201400042474,0014-12-14 11:50:00,14,12,14,11,50,930,6,"36, GAL DE GAULLE AV. DU",,,Plein jour,En agglomération,,Normale,Deux véhicules - arrière,,,,,,,,,,,1,2,0,1.0,2
201400042475,0014-12-16 18:30:00,14,12,16,18,30,930,6,GAMBETTA AV.,,,Nuit avec éclairage allumé,En agglomération,Hors intersection,Normale,Deux véhicules - arrière,,,,,,,,,,,5,2,1,1.0,2
201400042476,0014-12-19 11:50:00,14,12,19,11,50,930,45,"1, LIBERTE BD DE LA",,,Plein jour,En agglomération,Hors intersection,Pluie légère,Autre collision,,,,,,,,,,,1,2,1,2.0,6
201400042477,0014-12-19 16:10:00,14,12,19,16,10,930,63,"32, METZ AVENUE DE",,,Nuit avec éclairage allumé,En agglomération,Hors intersection,Pluie forte,Deux véhicules - côté,,,,,,,,,,,5,2,1,3.0,3
201400042478,0014-04-11 17:45:00,14,4,11,17,45,930,63,", JOLIOT-CURIE IRENE",,,Plein jour,En agglomération,Hors intersection,Normale,Autre collision,,,,,,,,,,,1,2,1,1.0,6
201400042479,0014-05-05 23:55:00,14,5,5,23,55,930,45,PARIS RUE DE,,,Nuit avec éclairage allumé,En agglomération,Hors intersection,Normale,Autre collision,,,,,,,,,,,5,2,1,1.0,6
201400042480,0014-11-06 21:15:00,14,11,6,21,15,930,61,75 FAIDHERBE AVENUE,,,Nuit avec éclairage allumé,En agglomération,Hors intersection,Normale,Autre collision,,,,,,,,,,,5,2,1,1.0,6
201400042481,0014-08-11 20:13:00,14,8,11,20,13,930,63,"70, BRETAGNES AVENUE DES",,,Nuit avec éclairage allumé,En agglomération,Intersection en T,Pluie légère,Deux véhicules - côté,,,,,,,,,,,5,2,3,2.0,3
201400042482,0014-11-16 17:25:00,14,11,16,17,25,930,45,PARIS RUE DE-,,,Nuit avec éclairage allumé,Hors agglomération,Hors intersection,Pluie forte,Autre collision,,,,,,,,,,,5,1,1,3.0,6
201400042483,0014-11-16 00:20:00,14,11,16,0,20,930,63,BRANLY BD EDOUARD,,,Nuit avec éclairage allumé,Hors agglomération,Intersection en T,Pluie légère,Deux véhicules - côté,,,,,,,,,,,5,1,3,2.0,3
201400042484,0014-08-17 05:05:00,14,8,17,5,5,930,45,"143, NOISY LE SEC RUE DE",,,Nuit avec éclairage allumé,En agglomération,Hors intersection,Normale,Autre collision,,,,,,,,,,,5,2,1,1.0,6
201400042485,0014-08-17 22:50:00,14,8,17,22,50,930,63,"101, POINTE RUE DE LA",,,Nuit avec éclairage allumé,En agglomération,Intersection en X,Normale,Deux véhicules - arrière,,,,,,,,,,,5,2,2,1.0,2
201400042486,0014-08-23 02:30:00,14,8,23,2,30,930,63,ROSENFELD AVENUE DU DOCT,,,Nuit avec éclairage allumé,En agglomération,Intersection en X,Normale,Deux véhicules - côté,,,,,,,,,,,5,2,2,1.0,3
201400042487,0014-09-04 19:30:00,14,9,4,19,30,930,63,"92, MONTREUIL ROUTE DE",,,Plein jour,En agglomération,Hors intersection,Normale,Deux véhicules - arrière,,,,,,,,,,,1,2,1,1.0,2
201400042488,0014-09-09 08:45:00,14,9,9,8,45,930,63,"35, CITE MARCEL CACHIN",,,Plein jour,En agglomération,Hors intersection,Normale,Autre collision,,,,,,,,,,,1,2,1,1.0,6
201400042489,0014-09-09 22:15:00,14,9,9,22,15,930,45,SABLONS RUE DES,,,Nuit avec éclairage allumé,En agglomération,Intersection en Y,Normale,Autre collision,,,,,,,,,,,5,2,4,1.0,6
201400042490,0014-11-18 21:20:00,14,11,18,21,20,930,63,BENFLEET RUE DE,,,Nuit avec éclairage allumé,En agglomération,Hors intersection,Normale,Deux véhicules - côté,,,,,,,,,,,5,2,1,1.0,3
201400042491,0014-11-22 19:15:00,14,11,22,19,15,930,45,"264, NOISY LE SEC RUE DE",,,Nuit avec éclairage allumé,En agglomération,Intersection en Y,Normale,Autre collision,,,,,,,,,,,5,2,4,1.0,6
201400042492,0014-11-25 08:30:00,14,11,25,8,30,930,63,CALMETTE RUE DU DOCTEUR,,,Plein jour,En agglomération,Intersection en T,Temps couvert,Sans collision,,,,,,,,,,,1,2,3,8.0,7
201400042493,0014-01-03 13:45:00,14,1,3,13,45,930,46,"125, MARX DORMOY BOULEVA",,,Plein jour,En agglomération,Hors intersection,Temps couvert,Trois véhicules et plus - en chaîne,,,,,,,,,,,1,2,1,8.0,4
201400042494,0014-01-06 23:00:00,14,1,6,23,0,930,15,"7, PASTEUR AVENUE",,,Nuit avec éclairage allumé,En agglomération,Intersection en Y,Normale,Autre collision,,,,,,,,,,,5,2,4,1.0,6
201400042495,0014-01-08 13:17:00,14,1,8,13,17,930,74,"258, MEAUX RUE DE",,,Plein jour,En agglomération,Intersection en T,Normale,Deux véhicules - côté,,,,,,,,,,,1,2,3,1.0,3
201400042496,0014-01-15 19:30:00,14,1,15,19,30,930,46,JEAN MOULIN BOULEVARD,,,Nuit avec éclairage allumé,En agglomération,Intersection en X,Pluie légère,Autre collision,,,,,,,,,,,5,2,2,2.0,6
201400042497,0014-01-12 11:30:00,14,1,12,11,30,930,15,"03, COROT AVENUE",,,Plein jour,En agglomération,Intersection en Y,Normale,Deux véhicules - côté,,,,,,,,,,,1,2,4,1.0,3
201400042498,0014-01-22 13:50:00,14,1,22,13,50,930,74,"35, DE GAULLE AVENUE DU",,,Plein jour,En agglomération,Hors intersection,Normale,Deux véhicules - côté,,,,,,,,,,,1,2,1,1.0,3