accident_id,datetime,annee,mois,jour,heure,minute,departement,commune_insee,adresse,latitude,longitude,luminosite,agglomeration,intersection,meteo,collision,nb_vehicules,nb_usagers,nb_indemnes,nb_tues,nb_blesses_hosp,nb_blesses_legers,age_cond_1,age_cond_2,veh_type_cond_1,veh_type_cond_2,lum_code,agg_code,int_code,atm_code,col_code
201400043017,0014-01-03 14:50:00,14,1,3,14,50,930,77,"0, MONTGOLFIER (RUE)",,,Plein jour,En agglomération,Intersection en X,Normale,Deux véhicules - côté,,,,,,,,,,,1,2,2,1.0,3
201400043018,0014-01-03 18:15:00,14,1,3,18,15,930,77,"43-45, VAUBAN (AVENUE)",,,Nuit avec éclairage allumé,En agglomération,Intersection en X,Normale,Deux véhicules - côté,,,,,,,,,,,5,2,2,1.0,3
201400043019,0014-01-08 07:20:00,14,1,8,7,20,930,62,"33, NICOLAS CARNOT (ALLE",,,Nuit avec éclairage allumé,En agglomération,Hors intersection,Normale,Autre collision,,,,,,,,,,,5,2,1,1.0,6
201400043020,0014-01-08 08:27:00,14,1,8,8,27,930,77,"67, GRANDE RUE",,,Plein jour,En agglomération,Intersection en X,Normale,Deux véhicules - côté,,,,,,,,,,,1,2,2,1.0,3
201400043021,0014-01-09 10:30:00,14,1,9,10,30,930,62,"0, SAPINS (ALLEE DES)",,,Plein jour,En agglomération,Intersection en X,Temps couvert,Deux véhicules - côté,,,,,,,,,,,1,2,2,8.0,3
201400043022,0014-01-09 14:50:00,14,1,9,14,50,930,62,"8, GENERAL DE GAULLE (PL",,,Plein jour,En agglomération,Hors intersection,Pluie légère,Autre collision,,,,,,,,,,,1,2,1,2.0,6
201400043023,0014-01-09 18:20:00,14,1,9,18,20,930,77,"0, LAENNEC (RUE) COTE PA",,,Nuit avec éclairage allumé,En agglomération,Intersection à plus de 4 branches,Pluie légère,Autre collision,,,,,,,,,,,5,2,5,2.0,6
201400043024,0014-01-09 19:19:00,14,1,9,19,19,930,62,"60, MIDI (BOULEVARD DU)",,,Nuit avec éclairage allumé,En agglomération,Intersection en T,Normale,Deux véhicules - côté,,,,,,,,,,,5,2,3,1.0,3
201400043025,0014-01-10 08:05:00,14,1,10,8,5,930,77,"1, GRANDE RUE",,,Crépuscule ou aube,En agglomération,Intersection en Y,Brouillard / fumée,Deux véhicules - côté,,,,,,,,,,,2,2,4,5.0,3
201400043026,0014-01-16 18:19:00,14,1,16,18,19,930,77,FOSSE AUX BERGERS (RUE D,,,Nuit avec éclairage allumé,En agglomération,Intersection en X,Autre,Autre collision,,,,,,,,,,,5,2,2,9.0,6
201400043027,0014-01-16 20:15:00,14,1,16,20,15,930,77,"32, LECLERC (AVENUE DU G",,,Nuit avec éclairage allumé,En agglomération,Hors intersection,Pluie légère,Autre collision,,,,,,,,,,,5,2,1,2.0,6
201400043028,0014-01-18 21:30:00,14,1,18,21,30,930,77,"SANS OBJET, MONTGOLFIER",,,Nuit avec éclairage allumé,En agglomération,Intersection en X,Normale,Deux véhicules - côté,,,,,,,,,,,5,2,2,1.0,3
201400043029,0014-01-25 12:10:00,14,1,25,12,10,930,77,"45, OUTREBON (AVENUE)",,,Plein jour,En agglomération,Hors intersection,Normale,Deux véhicules - arrière,,,,,,,,,,,1,2,1,1.0,2
201400043030,0014-01-27 18:11:00,14,1,27,18,11,930,77,"143 bis, GRANDE RUE",,,Nuit avec éclairage allumé,En agglomération,Hors intersection,Normale,Deux véhicules - côté,,,,,,,,,,,5,2,1,1.0,3
201400043031,0014-01-28 13:45:00,14,1,28,13,45,930,77,"156, GRANDE RUE",,,Plein jour,En agglomération,Hors intersection,Pluie légère,Autre collision,,,,,,,,,,,1,2,1,2.0,6
201400043032,0014-01-28 16:40:00,14,1,28,16,40,930,77,"SANS OBJET, ROSNY (AVENU",,,Plein jour,En agglomération,Hors intersection,Normale,Deux véhicules - côté,,,,,,,,,,,1,2,1,1.0,3
201400043033,0014-01-29 18:40:00,14,1,29,18,40,930,77,"58, CARNOT (BOULEVARD)",,,Nuit avec éclairage allumé,En agglomération,Hors intersection,Normale,Autre collision,,,,,,,,,,,5,2,1,1.0,6
201400043034,0014-01-30 17:10:00,14,1,30,17,10,930,77,"SANS OBJET, GRANDE RUE",,,Plein jour,En agglomération,Intersection en X,Normale,Deux véhicules - côté,,,,,,,,,,,1,2,2,1.0,3
201400043035,0014-02-03 16:40:00,14,2,3,16,40,930,77,"8, CARNOT (BOULEVARD)",,,Plein jour,En agglomération,Hors intersection,Normale,Autre collision,,,,,,,,,,,1,2,1,1.0,6
201400043036,0014-02-08 20:39:00,14,2,8,20,39,930,62,44 BIS BOSQUETS (ALLEE,,,Nuit avec éclairage allumé,En agglomération,Intersection en X,Normale,Deux véhicules - côté,,,,,,,,,,,5,2,2,1.0,3
201400043037,0014-02-11 09:45:00,14,2,11,9,45,930,77,ORANGERIE (RUE DE L'),,,Plein jour,En agglomération,Intersection en X,Normale,Deux véhicules - côté,,,,,,,,,,,1,2,2,1.0,3
201400043038,0014-02-12 08:36:00,14,2,12,8,36,930,62,", MIDI (BOULEVARD DU)",,,Plein jour,En agglomération,Intersection en X,Normale,Autre collision,,,,,,,,,,,1,2,2,1.0,6
201400043039,0014-02-14 19:35:00,14,2,14,19,35,930,62,"0, GARE (COUR DE LA)",,,Nuit avec éclairage allumé,En agglomération,Intersection en X,Normale,Deux véhicules - côté,,,,,,,,,,,5,2,2,1.0,3
201400043040,0014-02-18 15:40:00,14,2,18,15,40,930,77,"SANS OBJET, ORANGERIE (R",,,Plein jour,En agglomération,Intersection en X,Temps couvert,Deux véhicules - côté,,,,,,,,,,,1,2,2,8.0,3
201400043041,0014-02-18 21:15:00,14,2,18,21,15,930,77,"16, GRANDE RUE",,,Nuit avec éclairage allumé,En agglomération,Hors intersection,Normale,Deux véhicules - arrière,,,,,,,,,,,5,2,1,1.0,2
201400043042,0014-02-23 18:15:00,14,2,23,18,15,930,77,MASSENA (AVENUE),,,Crépuscule ou aube,En agglomération,Intersection en X,Normale,Deux véhicules - côté,,,,,,,,,,,2,2,2,1.0,3
201400043043,0014-02-25 14:55:00,14,2,25,14,55,930,77,"18, ORANGERIE (RUE DE L'",,,Plein jour,En agglomération,Intersection en X,Pluie légère,Deux véhicules - côté,,,,,,,,,,,1,2,2,2.0,3
201400043044,0014-02-28 17:00:00,14,2,28,17,0,930,77,"168, GRANDE RUE",,,Plein jour,En agglomération,Hors intersection,Normale,Deux véhicules - côté,,,,,,,,,,,1,2,1,1.0,3
201400043045,0014-03-01 13:35:00,14,3,1,13,35,930,77,"43, pLATEAU (RUE DU)",,,Plein jour,En agglomération,Hors intersection,Normale,Deux véhicules - côté,,,,,,,,,,,1,2,1,1.0,3
201400043046,0014-03-07 13:05:00,14,3,7,13,5,930,77,"104, rOSNY (AVENUE DE)",,,Plein jour,En agglomération,Hors intersection,Normale,Deux véhicules - arrière,,,,,,,,,,,1,2,1,1.0,2
201400043047,0014-03-11 17:00:00,14,3,11,17,0,930,62,mIDI (BOULEVARD DU),,,Plein jour,En agglomération,Intersection en X,Normale,Deux véhicules - côté,,,,,,,,,,,1,2,2,1.0,3
201400043048,0014-03-14 10:35:00,14,3,14,10,35,930,62,"0, tHIERS (ROND POINT)",,,Plein jour,En agglomération,Giratoire,Normale,Deux véhicules - côté,,,,,,,,,,,1,2,6,1.0,3
201400043049,0014-03-16 13:00:00,14,3,16,13,0,930,62,"57, NICOLAS CARNOT (ALLE",,,Plein jour,En agglomération,Intersection en X,Normale,Deux véhicules - côté,,,,,,,,,,,1,2,2,1.0,3
201400043050,0014-03-16 18:30:00,14,3,16,18,30,930,77,"0, ROSNY (AVENUE DE)",,,Crépuscule ou aube,En agglomération,Hors intersection,Normale,Deux véhicules - côté,,,,,,,,,,,2,2,1,1.0,3
201400043051,0014-03-17 15:25:00,14,3,17,15,25,930,77,"34, AIME (AVENUE)",,,Plein jour,Hors agglomération,Intersection en X,Normale,Deux véhicules - côté,,,,,,,,,,,1,1,2,1.0,3
201400043052,0014-03-18 18:35:00,14,3,18,18,35,930,77,"SANS OBJET, DEUX COMMUNE",,,Crépuscule ou aube,En agglomération,Intersection en T,Normale,Deux véhicules - arrière,,,,,,,,,,,2,2,3,1.0,2
201400043053,0014-03-22 10:30:00,14,3,22,10,30,930,62,"15, MIDI (BOULEVARD DU)",,,Plein jour,En agglomération,Hors intersection,Pluie légère,Deux véhicules - arrière,,,,,,,,,,,1,2,1,2.0,2
201400043054,0014-03-25 19:45:00,14,3,25,19,45,930,77,"24, GALLIENI (AVENUE DU",,,Nuit avec éclairage allumé,En agglomération,Hors intersection,Pluie légère,Sans collision,,,,,,,,,,,5,2,1,2.0,7
201400043055,0014-03-29 00:30:00,14,3,29,0,30,930,77,"52/54, ROSNY (AVENUE DE)",,,Nuit avec éclairage non allumé,En agglomération,Hors intersection,Normale,Sans collision,,,,,,,,,,,4,2,1,1.0,7
201400043056,0014-03-31 12:25:00,14,3,31,12,25,930,62,"71, MIDI (BOULEVARD DU)",,,Plein jour,En agglomération,Hors intersection,Normale,Deux véhicules - arrière,,,,,,,,,,,1,2,1,1.0,2
201400043057,0014-04-01 18:30:00,14,4,1,18,30,930,77,"INC, 8 MAI 1945 (RUE DU)",,,Plein jour,En agglomération,Intersection en T,Normale,Autre collision,,,,,,,,,,,1,2,3,1.0,6
201400043058,0014-04-03 14:45:00,14,4,3,14,45,930,62,"70, RESISTANCE (AVENUE D",,,Plein jour,En agglomération,Intersection en X,Normale,Deux véhicules - côté,,,,,,,,,,,1,2,2,1.0,3
201400043059,0014-04-09 15:05:00,14,4,9,15,5,930,62,"SANS OBJET, COTEAUX (ALL",,,Plein jour,En agglomération,Intersection en X,Normale,Deux véhicules - côté,,,,,,,,,,,1,2,2,1.0,3
201400043060,0014-04-15 14:15:00,14,4,15,14,15,930,77,"157, GRANDE RUE",,,Plein jour,En agglomération,Intersection en X,Normale,Deux véhicules - côté,,,,,,,,,,,1,2,2,1.0,3
201400043061,0014-04-21 18:58:00,14,4,21,18,58,930,77,"168, GRANDE RUE",,,Plein jour,En agglomération,Intersection en T,Pluie légère,Deux véhicules - côté,,,,,,,,,,,1,2,3,2.0,3
201400043062,0014-04-27 15:45:00,14,4,27,15,45,930,77,"SANS OBJET, LAENNEC (RUE",,,Plein jour,En agglomération,Intersection en X,Normale,Deux véhicules - côté,,,,,,,,,,,1,2,2,1.0,3
201400043063,0014-04-29 13:30:00,14,4,29,13,30,930,62,"2, POSTES (ALLEE DES)",,,Plein jour,En agglomération,Hors intersection,Normale,Autre collision,,,,,,,,,,,1,2,1,1.0,6
201400043064,0014-04-30 15:50:00,14,4,30,15,50,930,62,"SANS OBJET, THIERS (AVEN",,,Plein jour,En agglomération,Intersection en T,Normale,Deux véhicules - arrière,,,,,,,,,,,1,2,3,1.0,2
201400043065,0014-05-05 08:15:00,14,5,5,8,15,930,62,"9, nICOLAS CARNOT (ALLEE",,,Plein jour,En agglomération,Intersection en X,Normale,Autre collision,,,,,,,,,,,1,2,2,1.0,6
201400043066,0014-05-15 15:40:00,14,5,15,15,40,930,62,"101, RESISTANCE (AVENUE",,,Plein jour,En agglomération,Hors intersection,Normale,Autre collision,,,,,,,,,,,1,2,1,1.0,6
201400043067,0014-05-16 12:25:00,14,5,16,12,25,930,62,"NC, NICOLAS CARNOT (ALLE",,,Plein jour,En agglomération,Intersection en X,Normale,Autre collision,,,,,,,,,,,1,2,2,1.0,6
201400043068,0014-05-24 05:30:00,14,5,24,5,30,930,77,"117 Bis, NEUILLY (RUE DE",,,Crépuscule ou aube,En agglomération,Hors intersection,Normale,Autre collision,,,,,,,,,,,2,2,1,1.0,6
201400043069,0014-05-28 15:39:00,14,5,28,15,39,930,77,"SANS OBJET, GALLIENI (AV",,,Plein jour,En agglomération,Intersection en T,Normale,Deux véhicules - côté,,,,,,,,,,,1,2,3,1.0,3
201400043070,0014-06-17 14:40:00,14,6,17,14,40,930,62,"96, THIERS (AVENUE)",,,Plein jour,En agglomération,Hors intersection,Normale,Trois véhicules et plus - en chaîne,,,,,,,,,,,1,2,1,1.0,4
201400043071,0014-06-19 12:10:00,14,6,19,12,10,930,62,"18, MIDI (BOULEVARD DU)",,,Plein jour,En agglomération,Hors intersection,Normale,Autre collision,,,,,,,,,,,1,2,1,1.0,6
201400043072,0014-06-22 00:40:00,14,6,22,0,40,930,77,"126, GRANDE RUE",,,Nuit avec éclairage allumé,En agglomération,Hors intersection,Normale,Autre collision,,,,,,,,,,,5,2,1,1.0,6
201400043073,0014-07-07 11:40:00,14,7,7,11,40,930,62,"21, NORD (BOULEVARD DU)",,,Plein jour,En agglomération,Hors intersection,Normale,Autre collision,,,,,,,,,,,1,2,1,1.0,6
201400043074,0014-07-11 22:20:00,14,7,11,22,20,930,77,"10, GRANDE RUE",,,Nuit avec éclairage allumé,En agglomération,Hors intersection,Normale,Deux véhicules - côté,,,,,,,,,,,5,2,1,1.0,3
201400043075,0014-07-16 11:30:00,14,7,16,11,30,930,62,"SANS OBJET, FETES (PLACE",,,Plein jour,En agglomération,Intersection en T,Normale,Deux véhicules - côté,,,,,,,,,,,1,2,3,1.0,3
201400043076,0014-07-22 09:25:00,14,7,22,9,25,930,62,"86, RESISTANCE (AVENUE D",,,Plein jour,En agglomération,Hors intersection,Normale,Deux véhicules - arrière,,,,,,,,,,,1,2,1,1.0,2
201400043077,0014-07-24 12:20:00,14,7,24,12,20,930,62,"134, RESISTANCE (AVENUE",,,Plein jour,En agglomération,Giratoire,Normale,Autre collision,,,,,,,,,,,1,2,6,1.0,6
201400043078,0014-07-25 22:55:00,14,7,25,22,55,930,77,"130, NEUILLY (RUE DE)",,,Nuit avec éclairage allumé,En agglomération,Hors intersection,Normale,Sans collision,,,,,,,,,,,5,2,1,1.0,7
201400043079,0014-07-26 10:00:00,14,7,26,10,0,930,77,"SANS OBJET, ROSNY (AVENU",,,Plein jour,En agglomération,Hors intersection,Normale,Deux véhicules - côté,,,,,,,,,,,1,2,1,1.0,3
201400043080,0014-07-26 15:05:00,14,7,26,15,5,930,77,"81, ROSNY (AVENUE DE)",,,Plein jour,En agglomération,Hors intersection,Normale,Deux véhicules - arrière,,,,,,,,,,,1,2,1,1.0,2
201400043081,0014-07-28 20:10:00,14,7,28,20,10,930,62,"52, RESISTANCE (AVENUE D",,,Crépuscule ou aube,En agglomération,Hors intersection,Normale,Autre collision,,,,,,,,,,,2,2,1,1.0,6
201400043082,0014-08-03 23:00:00,14,8,3,23,0,930,77,"SANS OBJET, OUTREBON (AV",,,Nuit avec éclairage allumé,En agglomération,Intersection en X,Normale,Deux véhicules - côté,,,,,,,,,,,5,2,2,1.0,3
201400043083,0014-08-04 08:45:00,14,8,4,8,45,930,62,"SANS OBJET, GENERAL DE G",,,Plein jour,En agglomération,Place,Normale,Deux véhicules - côté,,,,,,,,,,,1,2,7,1.0,3
201400043084,0014-08-05 23:50:00,14,8,5,23,50,930,77,"INCONNU, CUGNOT (RUE)",,,Nuit avec éclairage allumé,En agglomération,Hors intersection,Normale,Deux véhicules - côté,,,,,,,,,,,5,2,1,1.0,3
201400043085,0014-08-10 17:05:00,14,8,10,17,5,930,62,"SAN OBJET, THIERS (ROND",,,Plein jour,En agglomération,Giratoire,Pluie légère,Sans collision,,,,,,,,,,,1,2,6,2.0,7
201400043086,0014-08-25 21:25:00,14,8,25,21,25,930,77,"162, GRANDE RUE",,,Nuit avec éclairage allumé,En agglomération,Hors intersection,Pluie légère,Deux véhicules - côté,,,,,,,,,,,5,2,1,2.0,3
201400043087,0014-09-11 17:10:00,14,9,11,17,10,930,62,"8, GENERAL DE GAULLE (PL",,,Plein jour,En agglomération,Place,Normale,Autre collision,,,,,,,,,,,1,2,7,1.0,6
201400043088,0014-09-14 21:50:00,14,9,14,21,50,930,77,37 ROSNY (AVENUE DE),,,Nuit avec éclairage allumé,En agglomération,Hors intersection,Normale,Trois véhicules et plus - en chaîne,,,,,,,,,,,5,2,1,1.0,4
201400043089,0014-09-18 09:45:00,14,9,18,9,45,930,62,"66, RESISTANCE (AVENUE D",,,Plein jour,En agglomération,Hors intersection,Normale,Autre collision,,,,,,,,,,,1,2,1,1.0,6
201400043090,0014-09-18 23:06:00,14,9,18,23,6,930,77,"SANS OBJET, CARNOT (BOUL",,,Nuit avec éclairage allumé,En agglomération,Intersection en X,Normale,Deux véhicules - côté,,,,,,,,,,,5,2,2,1.0,3
201400043091,0014-09-19 17:45:00,14,9,19,17,45,930,77,"133 bis, GRANDE RUE",,,Plein jour,En agglomération,Hors intersection,Normale,Deux véhicules - côté,,,,,,,,,,,1,2,1,1.0,3
201400043092,0014-09-20 10:35:00,14,9,20,10,35,930,62,"SANS OBJET, GARE (COUR D",,,Plein jour,En agglomération,Hors intersection,Normale,Autre collision,,,,,,,,,,,1,2,1,1.0,6
201400043093,0014-09-25 12:45:00,14,9,25,12,45,930,77,", FOSSE AUX BERGERS (RUE",,,Plein jour,En agglomération,Hors intersection,Normale,Deux véhicules - côté,,,,,,,,,,,1,2,1,1.0,3
201400043094,0014-10-02 19:25:00,14,10,2,19,25,930,77,"32, ROSNY (AVENUE DE)",,,Plein jour,En agglomération,Hors intersection,Normale,Sans collision,,,,,,,,,,,1,2,1,1.0,7
201400043095,0014-10-03 09:30:00,14,10,3,9,30,930,77,"37, ANDRE (BOULEVARD)",,,Plein jour,En agglomération,Intersection à plus de 4 branches,Normale,Deux véhicules - côté,,,,,,,,,,,1,2,5,1.0,3
201400043096,0014-10-07 00:25:00,14,10,7,0,25,930,62,"08, RESISTANCE (AVENUE D",,,Nuit avec éclairage allumé,En agglomération,Hors intersection,Pluie légère,Deux véhicules - côté,,,,,,,,,,,5,2,1,2.0,3
201400043097,0014-10-08 07:25:00,14,10,8,7,25,930,77,"13, LAENNEC (RUE) COTE P",,,Crépuscule ou aube,En agglomération,Autre intersection,Pluie légère,Deux véhicules - côté,,,,,,,,,,,2,2,9,2.0,3
201400043098,0014-10-11 10:20:00,14,10,11,10,20,930,77,"74, NEUILLY (RUE DE)",,,Plein jour,En agglomération,Hors intersection,Normale,Autre collision,,,,,,,,,,,1,2,1,1.0,6
201400043099,0014-10-11 13:20:00,14,10,11,13,20,930,62,"0, MIDI (BOULEVARD DU)",,,Plein jour,En agglomération,Hors intersection,Normale,Deux véhicules - arrière,,,,,,,,,,,1,2,1,1.0,2
201400043100,0014-10-12 12:00:00,14,10,12,12,0,930,62,"150, THIERS (AVENUE)",,,Plein jour,En agglomération,Hors intersection,Normale,Autre collision,,,,,,,,,,,1,2,1,1.0,6
201400043101,0014-10-18 09:35:00,14,10,18,9,35,930,62,"75, OUEST (BOULEVARD DE",,,Plein jour,En agglomération,Intersection en X,Normale,Deux véhicules - frontale,,,,,,,,,,,1,2,2,1.0,1
201400043102,0014-10-23 20:20:00,14,10,23,20,20,930,62,GARE (COUR DE LA),,,Nuit avec éclairage allumé,En agglomération,Intersection à plus de 4 branches,Normale,Deux véhicules - côté,,,,,,,,,,,5,2,5,1.0,3
201400043103,0014-11-01 02:00:00,14,11,1,2,0,930,77,52BIS fREDY (AVENUE DE),,,Nuit avec éclairage allumé,En agglomération,Hors intersection,Normale,Autre collision,,,,,,,,,,,5,2,1,1.0,6
201400043104,0014-11-03 08:20:00,14,11,3,8,20,930,62,"0, LIVRY (AVENUE DE)",,,Plein jour,En agglomération,Intersection en T,Temps couvert,Sans collision,,,,,,,,,,,1,2,3,8.0,7
201400043105,0014-11-04 08:45:00,14,11,4,8,45,930,62,"70b, OUEST (BOULEVARD DE",,,Plein jour,En agglomération,Hors intersection,Normale,Deux véhicules - côté,,,,,,,,,,,1,2,1,1.0,3
201400043106,0014-11-04 08:20:00,14,11,4,8,20,930,77,"xx, GRANDE RUE",,,Plein jour,En agglomération,Hors intersection,Pluie légère,Autre collision,,,,,,,,,,,1,2,1,2.0,6
201400043107,0014-11-14 08:00:00,14,11,14,8,0,930,62,"0, LIVRY (AVENUE DE)",,,Plein jour,En agglomération,Hors intersection,Normale,Autre collision,,,,,,,,,,,1,2,1,1.0,6
201400043108,0014-11-20 08:05:00,14,11,20,8,5,930,77,"xx, FOSSE AUX BERGERS (R",,,Plein jour,En agglomération,Intersection en X,Normale,Autre collision,,,,,,,,,,,1,2,2,1.0,6
201400043109,0014-11-24 09:50:00,14,11,24,9,50,930,62,"0, AULNAY (BOULEVARD D')",,,Plein jour,En agglomération,Intersection en T,Pluie légère,Deux véhicules - côté,,,,,,,,,,,1,2,3,2.0,3
201400043110,0014-11-25 19:35:00,14,11,25,19,35,930,62,"0, RESISTANCE (AVENUE DE",,,Nuit avec éclairage allumé,En agglomération,Intersection en X,Pluie légère,Autre collision,,,,,,,,,,,5,2,2,2.0,6
201400043111,0014-11-27 07:20:00,14,11,27,7,20,930,77,"41, OUTREBON (AVENUE)",,,Crépuscule ou aube,En agglomération,Hors intersection,Pluie légère,Autre collision,,,,,,,,,,,2,2,1,2.0,6
201400043112,0014-11-28 08:50:00,14,11,28,8,50,930,62,"23, RESISTANCE (AVENUE D",,,Plein jour,En agglomération,Hors intersection,Normale,Deux véhicules - côté,,,,,,,,,,,1,2,1,1.0,3
201400043113,0014-12-05 11:40:00,14,12,5,11,40,930,77,"08, RAINCY (AVENUE DU)",,,Plein jour,En agglomération,Intersection en T,Normale,Deux véhicules - côté,,,,,,,,,,,1,2,3,1.0,3
201400043114,0014-12-10 21:45:00,14,12,10,21,45,930,77,"162 BIS, GRANDE RUE",,,Nuit avec éclairage allumé,En agglomération,Hors intersection,Normale,Sans collision,,,,,,,,,,,5,2,1,1.0,7
201400043115,0014-12-14 22:35:00,14,12,14,22,35,930,77,"24, MARIE (AVENUE)",,,Nuit avec éclairage allumé,En agglomération,Intersection en T,Brouillard / fumée,Deux véhicules - côté,,,,,,,,,,,5,2,3,5.0,3
201400043116,0014-12-22 16:30:00,14,12,22,16,30,930,77,"xx, ANDRE (BOULEVARD)",,,Crépuscule ou aube,En agglomération,Intersection en X,Normale,Deux véhicules - côté,,,,,,,,,,,2,2,2,1.0,3
201400043117,0014-01-09 11:45:00,14,1,9,11,45,930,64,"149, PERI (BOULEVARD GAB",,,Plein jour,En agglomération,Hors intersection,Temps couvert,Autre collision,,,,,,,,,,,1,2,1,8.0,6
201400043118,0014-01-09 19:15:00,14,1,9,19,15,930,64,BREMENT (RUE DE),,,Nuit avec éclairage allumé,En agglomération,Hors intersection,Normale,Deux véhicules - côté,,,,,,,,,,,5,2,1,1.0,3
201400043119,0014-01-13 10:25:00,14,1,13,10,25,930,64,"41, QUATRIEME ZOUAVES (R",,,Plein jour,En agglomération,Hors intersection,Autre,Autre collision,,,,,,,,,,,1,2,1,9.0,6
201400043120,0014-01-17 13:10:00,14,1,17,13,10,930,64,"55, REPUBLIQUE (AVENUE D",,,Plein jour,En agglomération,Hors intersection,Normale,Deux véhicules - côté,,,,,,,,,,,1,2,1,1.0,3
201400043121,0014-01-22 20:00:00,14,1,22,20,0,930,64,", DE GAULLE (AV DU GENER",,,Nuit avec éclairage allumé,En agglomération,Intersection en X,Pluie légère,Deux véhicules - frontale,,,,,,,,,,,5,2,2,2.0,1
201400043122,0014-01-24 08:00:00,14,1,24,8,0,930,64,QUATRIEME ZOUAVES (RUE D,,,Crépuscule ou aube,En agglomération,Intersection en T,Temps couvert,Autre collision,,,,,,,,,,,2,2,3,8.0,6
201400043123,0014-01-27 19:10:00,14,1,27,19,10,930,64,"1, HOFFMANN (RUE PHILIBE",,,Nuit avec éclairage allumé,En agglomération,Hors intersection,Temps couvert,Autre collision,,,,,,,,,,,5,2,1,8.0,6
201400043124,0014-01-30 14:55:00,14,1,30,14,55,930,64,ALSACE-LORRAINE (BOULEVA,,,Plein jour,En agglomération,Hors intersection,Normale,Autre collision,,,,,,,,,,,1,2,1,1.0,6
201400043125,0014-02-20 23:05:00,14,2,20,23,5,930,64,"00, DE GAULLE (AV DU GEN",,,Nuit avec éclairage allumé,En agglomération,Intersection à plus de 4 branches,Pluie légère,Deux véhicules - côté,,,,,,,,,,,5,2,5,2.0,3
201400043126,0014-02-24 21:00:00,14,2,24,21,0,930,64,"00, PERI (BOULEVARD GABR",,,Nuit avec éclairage allumé,En agglomération,Hors intersection,Normale,Deux véhicules - côté,,,,,,,,,,,5,2,1,1.0,3
201400043127,0014-03-18 07:58:00,14,3,18,7,58,930,64,"01, HOFFMANN (RUE PHILIB",,,Plein jour,En agglomération,Intersection en X,Normale,Deux véhicules - côté,,,,,,,,,,,1,2,2,1.0,3
201400043128,0014-03-21 16:00:00,14,3,21,16,0,930,64,"131, LECLERC (RUE DU GEN",,,Plein jour,En agglomération,Intersection en X,Normale,Autre collision,,,,,,,,,,,1,2,2,1.0,6
201400043129,0014-03-25 13:20:00,14,3,25,13,20,930,64,"56, DE GAULLE (AV DU GEN",,,Plein jour,En agglomération,Hors intersection,Pluie légère,Autre collision,,,,,,,,,,,1,2,1,2.0,6
201400043130,0014-04-05 17:40:00,14,4,5,17,40,930,64,"300, BOISSIERE (BOULEVAR",,,Plein jour,En agglomération,Hors intersection,Normale,Deux véhicules - frontale,,,,,,,,,,,1,2,1,1.0,1
201400043131,0014-04-15 17:25:00,14,4,15,17,25,930,64,"02, DOLET (RUE ETIENNE)",,,Plein jour,En agglomération,Hors intersection,Normale,Deux véhicules - arrière,,,,,,,,,,,1,2,1,1.0,2
201400043132,0014-04-16 19:50:00,14,4,16,19,50,930,64,"00, ALSACE-LORRAINE (BOU",,,Crépuscule ou aube,En agglomération,Hors intersection,Temps éblouissant,Deux véhicules - arrière,,,,,,,,,,,2,2,1,7.0,2
201400043133,0014-04-25 12:00:00,14,4,25,12,0,930,64,"00, DE GAULLE (AV DU GEN",,,Plein jour,En agglomération,Hors intersection,Pluie légère,Autre collision,,,,,,,,,,,1,2,1,2.0,6
201400043134,0014-04-30 07:25:00,14,4,30,7,25,930,64,"22, REPUBLIQUE (AVENUE D",,,Plein jour,En agglomération,Hors intersection,Normale,Autre collision,,,,,,,,,,,1,2,1,1.0,6
201400043135,0014-04-30 15:45:00,14,4,30,15,45,930,64,25 PIRON (RUE LUCIEN),,,Plein jour,En agglomération,Hors intersection,Normale,Autre collision,,,,,,,,,,,1,2,1,1.0,6
201400043136,0014-05-05 03:45:00,14,5,5,3,45,930,64,QUATRIEME ZOUAVES (RUE D,,,Nuit avec éclairage allumé,En agglomération,Intersection en X,Normale,Deux véhicules - côté,,,,,,,,,,,5,2,2,1.0,3
201400043137,0014-03-10 08:20:00,14,3,10,8,20,930,64,"6, TILLEULS (ALLEE DES)",,,Plein jour,En agglomération,Hors intersection,Normale,Autre collision,,,,,,,,,,,1,2,1,1.0,6
201400043138,0014-03-21 16:10:00,14,3,21,16,10,930,64,"285, HUGO (RUE VICTOR)",,,Plein jour,En agglomération,Hors intersection,Normale,Autre collision,,,,,,,,,,,1,2,1,1.0,6
201400043139,0014-03-24 16:10:00,14,3,24,16,10,930,64,"3, KENNEDY (AVENUE DU PR",,,Plein jour,En agglomération,Hors intersection,Normale,Autre collision,,,,,,,,,,,1,2,1,1.0,6
201400043140,0014-05-20 12:55:00,14,5,20,12,55,930,64,ALSACE-LORRAINE (BOULEVA,,,Plein jour,En agglomération,Hors intersection,Pluie légère,Deux véhicules - arrière,,,,,,,,,,,1,2,1,2.0,2
201400043141,0014-05-24 16:00:00,14,5,24,16,0,930,64,DE GAULLE (AV DU GENERAL,,,Plein jour,Hors agglomération,Passage à niveau,Pluie légère,Autre collision,,,,,,,,,,,1,1,8,2.0,6
201400043142,0014-05-31 22:10:00,14,5,31,22,10,930,64,", GAY LUSSAC (RUE)",,,Nuit avec éclairage allumé,En agglomération,Intersection en X,Normale,Deux véhicules - frontale,,,,,,,,,,,5,2,2,1.0,1
201400043143,0014-06-06 07:15:00,14,6,6,7,15,930,64,PERI (BOULEVARD GABRIEL),,,Plein jour,En agglomération,Intersection en X,Normale,Deux véhicules - côté,,,,,,,,,,,1,2,2,1.0,3
201400043144,0014-06-13 19:05:00,14,6,13,19,5,930,64,"00, DE GAULLE (AV DU GEN",,,Plein jour,En agglomération,Hors intersection,Normale,Trois véhicules et plus - en chaîne,,,,,,,,,,,1,2,1,1.0,4