accident_id,datetime,annee,mois,jour,heure,minute,departement,commune_insee,adresse,latitude,longitude,luminosite,agglomeration,intersection,meteo,collision,nb_vehicules,nb_usagers,nb_indemnes,nb_tues,nb_blesses_hosp,nb_blesses_legers,age_cond_1,age_cond_2,veh_type_cond_1,veh_type_cond_2,lum_code,agg_code,int_code,atm_code,col_code
201400043274,0014-06-04 16:15:00,14,6,4,16,15,930,39,MARINE (QUAI DE LA ),,,Plein jour,En agglomération,Hors intersection,Pluie légère,Autre collision,,,,,,,,,,,1,2,1,2.0,6
201400043275,0014-06-04 17:35:00,14,6,4,17,35,930,66,CROIZAT AMBROISE RD 29 B,,,Plein jour,En agglomération,Hors intersection,Pluie légère,Deux véhicules - arrière,,,,,,,,,,,1,2,1,2.0,2
201400043276,0014-06-04 17:40:00,14,6,4,17,40,930,66,"32, COMMUNE DE PARIS (BO",,,Plein jour,En agglomération,Hors intersection,Normale,Autre collision,,,,,,,,,,,1,2,1,1.0,6
201400043277,0014-06-06 17:25:00,14,6,6,17,25,930,66,CARNOT (BOULEVARD),,,Plein jour,En agglomération,Hors intersection,Normale,Deux véhicules - arrière,,,,,,,,,,,1,2,1,1.0,2
201400043278,0014-06-09 06:35:00,14,6,9,6,35,930,66,"96, WILSON (AVENUE DU PR",,,Crépuscule ou aube,En agglomération,Intersection en X,Pluie légère,Deux véhicules - frontale,,,,,,,,,,,2,2,2,2.0,1
201400043279,0014-06-09 16:30:00,14,6,9,16,30,930,66,COMMUNE DE PARIS (BOULEV,,,Plein jour,En agglomération,Hors intersection,Pluie légère,Autre collision,,,,,,,,,,,1,2,1,2.0,6
201400043280,0014-06-11 21:30:00,14,6,11,21,30,930,66,LENINE (AVENUE) NR 28 A,,,Nuit avec éclairage allumé,En agglomération,Hors intersection,Normale,Deux véhicules - frontale,,,,,,,,,,,5,2,1,1.0,1
201400043281,0014-06-11 23:50:00,14,6,11,23,50,930,66,"26, LEGION D'HONNEUR",,,Nuit avec éclairage allumé,En agglomération,Hors intersection,Normale,Sans collision,,,,,,,,,,,5,2,1,1.0,7
201400043282,0014-06-13 00:45:00,14,6,13,0,45,930,66,"""STRASBOURG, NR 1 A 71 E",,,Nuit avec éclairage allumé,En agglomération,Hors intersection,Normale,Autre collision,,,,,,,,,,,5,2,1,1.0,6
201400043283,0014-06-13 11:45:00,14,6,13,11,45,930,66,"380, WILSON (AVENUE DU P",,,Plein jour,En agglomération,Hors intersection,Normale,Deux véhicules - côté,,,,,,,,,,,1,2,1,1.0,3
201400043284,0014-06-13 15:10:00,14,6,13,15,10,930,66,COURNEUVE (ROUTE),,,Plein jour,En agglomération,Hors intersection,Normale,Deux véhicules - côté,,,,,,,,,,,1,2,1,1.0,3
201400043285,0014-06-14 15:00:00,14,6,14,15,0,930,66,STADE DE FRANCE (AVENUE,,,Plein jour,En agglomération,Intersection en X,Normale,Deux véhicules - côté,,,,,,,,,,,1,2,2,1.0,3
201400043286,0014-06-15 20:30:00,14,6,15,20,30,930,66,LIBERATION RD14 (BOULEVA,,,Plein jour,En agglomération,Intersection en X,Normale,Sans collision,,,,,,,,,,,1,2,2,1.0,7
201400043287,0014-06-18 19:35:00,14,6,18,19,35,930,66,COURNEUVE (ROUTE),,,Plein jour,En agglomération,Hors intersection,Normale,Autre collision,,,,,,,,,,,1,2,1,1.0,6
201400043288,0014-06-20 20:00:00,14,6,20,20,0,930,66,ROLLAND ROMAIN (AVENUE),,,Plein jour,En agglomération,Intersection en X,Normale,Deux véhicules - côté,,,,,,,,,,,1,2,2,1.0,3
201400043289,0014-06-26 02:45:00,14,6,26,2,45,930,66,"4, MONTMORENCY",,,Nuit sans éclairage public,En agglomération,Hors intersection,Normale,Autre collision,,,,,,,,,,,3,2,1,1.0,6
201400043290,0014-06-26 08:20:00,14,6,26,8,20,930,66,POULBOT FRANCISQUE,,,Plein jour,Hors agglomération,Hors intersection,Normale,Sans collision,,,,,,,,,,,1,1,1,1.0,7
201400043291,0014-06-26 17:45:00,14,6,26,17,45,930,66,LIBERATION RD14 (BOULEVA,,,Plein jour,En agglomération,Hors intersection,Normale,Deux véhicules - frontale,,,,,,,,,,,1,2,1,1.0,1
201400043292,0014-07-01 09:30:00,14,7,1,9,30,930,66,"20, ARTS ET METIERS (AVE",,,Plein jour,En agglomération,Hors intersection,Normale,Deux véhicules - côté,,,,,,,,,,,1,2,1,1.0,3
201400043293,0014-07-02 09:00:00,14,7,2,9,0,930,66,EL OUAFI HAMED BOUGERA,,,Plein jour,En agglomération,Hors intersection,Normale,Deux véhicules - côté,,,,,,,,,,,1,2,1,1.0,3
201400043294,0014-07-03 15:45:00,14,7,3,15,45,930,66,GENERAL DE GAULLE,,,Plein jour,En agglomération,Intersection en Y,Normale,Autre collision,,,,,,,,,,,1,2,4,1.0,6
201400043295,0014-07-04 18:30:00,14,7,4,18,30,930,66,MOULIN JEAN (AVE) NR 10,,,Plein jour,En agglomération,Intersection en T,Temps couvert,Deux véhicules - côté,,,,,,,,,,,1,2,3,8.0,3
201400043296,0014-07-09 17:45:00,14,7,9,17,45,930,66,"4, STADE DE FRANCE (AVEN",,,Plein jour,En agglomération,Hors intersection,Pluie forte,Deux véhicules - côté,,,,,,,,,,,1,2,1,3.0,3
201400043297,0014-07-10 22:55:00,14,7,10,22,55,930,66,CASANOVA DANIELLE NR 52-,,,Nuit avec éclairage allumé,En agglomération,Hors intersection,Normale,Trois véhicules et plus - collisions multiples,,,,,,,,,,,5,2,1,1.0,5
201400043298,0014-07-16 17:00:00,14,7,16,17,0,930,66,"226, WILSON (AVENUE DU P",,,Plein jour,En agglomération,Hors intersection,Normale,Autre collision,,,,,,,,,,,1,2,1,1.0,6
201400043299,0014-07-21 21:40:00,14,7,21,21,40,930,66,MOULIN JEAN (AVE) NR 10,,,Nuit avec éclairage allumé,En agglomération,Hors intersection,Normale,Deux véhicules - frontale,,,,,,,,,,,5,2,1,1.0,1
201400043300,0014-07-22 20:40:00,14,7,22,20,40,930,39,SEINE (QUAI DE ),,,Plein jour,En agglomération,Intersection en Y,Normale,Deux véhicules - arrière,,,,,,,,,,,1,2,4,1.0,2
201400043301,0014-07-26 21:00:00,14,7,26,21,0,930,66,"140, CASANOVA DANIELLE N",,,Plein jour,En agglomération,Hors intersection,Normale,Autre collision,,,,,,,,,,,1,2,1,1.0,6
201400043302,0014-07-22 20:40:00,14,7,22,20,40,930,66,LENINE (AVENUE) NR 28 A,,,Nuit avec éclairage allumé,En agglomération,Hors intersection,Normale,Deux véhicules - côté,,,,,,,,,,,5,2,1,1.0,3
201400043303,0014-07-31 11:30:00,14,7,31,11,30,930,66,"42, LIBERATION RD14 (BOU",,,Plein jour,En agglomération,Hors intersection,Normale,Autre collision,,,,,,,,,,,1,2,1,1.0,6
201400043304,0014-08-04 19:00:00,14,8,4,19,0,930,66,"29, FRANCE ANATOLE (BOUL",,,Crépuscule ou aube,En agglomération,Hors intersection,Normale,Deux véhicules - côté,,,,,,,,,,,2,2,1,1.0,3
201400043305,0014-08-05 16:10:00,14,8,5,16,10,930,66,SEMAT ROGER,,,Plein jour,En agglomération,Hors intersection,Normale,Deux véhicules - côté,,,,,,,,,,,1,2,1,1.0,3
201400043306,0014-08-12 13:15:00,14,8,12,13,15,930,66,SAINT OUEN (QUAI DE ),,,Plein jour,En agglomération,Hors intersection,Temps couvert,Deux véhicules - arrière,,,,,,,,,,,1,2,1,8.0,2
201400043307,0014-08-12 20:40:00,14,8,12,20,40,930,66,"182, WILSON (AVENUE DU P",,,Plein jour,En agglomération,Hors intersection,Normale,Deux véhicules - arrière,,,,,,,,,,,1,2,1,1.0,2
201400043308,0014-08-14 10:55:00,14,8,14,10,55,930,66,"2, FAURE FELIX (BOULEVAR",,,Plein jour,En agglomération,Hors intersection,Normale,Autre collision,,,,,,,,,,,1,2,1,1.0,6
201400043309,0014-08-22 22:45:00,14,8,22,22,45,930,66,"21, FERME",,,Nuit avec éclairage allumé,En agglomération,Hors intersection,Pluie légère,Autre collision,,,,,,,,,,,5,2,1,2.0,6
201400043310,0014-08-23 17:04:00,14,8,23,17,4,930,66,FAURE FELIX (BOULEVARD),,,Plein jour,En agglomération,Hors intersection,Normale,Deux véhicules - côté,,,,,,,,,,,1,2,1,1.0,3
201400043311,0014-08-24 02:50:00,14,8,24,2,50,930,66,DESNOS ROBERT,,,Nuit avec éclairage allumé,En agglomération,Intersection en X,Normale,Autre collision,,,,,,,,,,,5,2,2,1.0,6
201400043312,0014-08-25 17:00:00,14,8,25,17,0,930,66,SAULNIER JULES,,,Plein jour,En agglomération,Hors intersection,Pluie légère,Deux véhicules - arrière,,,,,,,,,,,1,2,1,2.0,2
201400043313,0014-08-26 19:20:00,14,8,26,19,20,930,66,FORT DE LA BRICHE,,,Plein jour,En agglomération,Intersection à plus de 4 branches,Pluie légère,Deux véhicules - côté,,,,,,,,,,,1,2,5,2.0,3
201400043314,0014-08-28 20:15:00,14,8,28,20,15,930,66,MICHELS CHARLES,,,Plein jour,En agglomération,Hors intersection,Normale,Autre collision,,,,,,,,,,,1,2,1,1.0,6
201400043315,0014-08-31 04:30:00,14,8,31,4,30,930,66,BRICHE NR 2 A 38,,,Nuit sans éclairage public,En agglomération,Hors intersection,Autre,Autre collision,,,,,,,,,,,3,2,1,9.0,6
201400043316,0014-09-04 06:00:00,14,9,4,6,0,930,66,MICHELS CHARLES,,,Nuit sans éclairage public,En agglomération,Hors intersection,Normale,Autre collision,,,,,,,,,,,3,2,1,1.0,6
201400043317,0014-09-04 17:40:00,14,9,4,17,40,930,66,"01, ""PERI GABRIEL, NR 2",,,Plein jour,En agglomération,Hors intersection,Normale,Deux véhicules - côté,,,,,,,,,,,1,2,1,1.0,3
201400043318,0014-09-06 18:20:00,14,9,6,18,20,930,66,MICHELS CHARLES,,,Plein jour,En agglomération,Hors intersection,Normale,Autre collision,,,,,,,,,,,1,2,1,1.0,6
201400043319,0014-09-07 17:10:00,14,9,7,17,10,930,66,FRANCE ANATOLE (BOULEVAR,,,Plein jour,En agglomération,Hors intersection,Normale,Deux véhicules - arrière,,,,,,,,,,,1,2,1,1.0,2
201400043320,0014-09-08 06:35:00,14,9,8,6,35,930,66,"78, ""LANDY RD 20, NR IMP",,,Crépuscule ou aube,En agglomération,Intersection en X,Normale,Deux véhicules - côté,,,,,,,,,,,2,2,2,1.0,3
201400043321,0014-09-10 11:10:00,14,9,10,11,10,930,66,"73, HUGUES CLOVIS",,,Plein jour,En agglomération,Hors intersection,Normale,Deux véhicules - frontale,,,,,,,,,,,1,2,1,1.0,1
201400043322,0014-09-06 17:30:00,14,9,6,17,30,930,66,"94, ""PERI GABRIEL, NR 2",,,Plein jour,En agglomération,Hors intersection,Normale,Autre collision,,,,,,,,,,,1,2,1,1.0,6
201400043323,0014-09-12 14:20:00,14,9,12,14,20,930,66,"39/41, FRANCE ANATOLE EN",,,Plein jour,En agglomération,Hors intersection,Normale,Trois véhicules et plus - en chaîne,,,,,,,,,,,1,2,1,1.0,4
201400043324,0014-09-16 12:20:00,14,9,16,12,20,930,66,"10, ""SEMBAT MARCEL (BD),",,,Plein jour,En agglomération,Hors intersection,Normale,Autre collision,,,,,,,,,,,1,2,1,1.0,6
201400043325,0014-09-16 17:30:00,14,9,16,17,30,930,66,CREVECOEUR (CHEMIN),,,Plein jour,En agglomération,Hors intersection,Normale,Deux véhicules - arrière,,,,,,,,,,,1,2,1,1.0,2
201400043326,0014-09-19 17:05:00,14,9,19,17,5,930,66,"38, L'encyclop?die ( rue",,,Plein jour,En agglomération,Hors intersection,Normale,Autre collision,,,,,,,,,,,1,2,1,1.0,6
201400043327,0014-09-21 05:30:00,14,9,21,5,30,930,66,PINEL,,,Nuit avec éclairage allumé,En agglomération,Hors intersection,Pluie légère,Autre collision,,,,,,,,,,,5,2,1,2.0,6
201400043328,0014-09-21 16:20:00,14,9,21,16,20,930,66,"34, PROUDHON",,,Plein jour,En agglomération,Hors intersection,Normale,Deux véhicules - côté,,,,,,,,,,,1,2,1,1.0,3
201400043329,0014-09-22 09:45:00,14,9,22,9,45,930,66,LIBERATION RD14 (BOULEVA,,,Plein jour,En agglomération,Hors intersection,Normale,Deux véhicules - arrière,,,,,,,,,,,1,2,1,1.0,2
201400043330,0014-09-22 18:10:00,14,9,22,18,10,930,39,MECHIN,,,Plein jour,En agglomération,Hors intersection,Normale,Deux véhicules - frontale,,,,,,,,,,,1,2,1,1.0,1
201400043331,0014-09-25 09:10:00,14,9,25,9,10,930,66,"27, RU DE MONTFORT (CHEM",,,Plein jour,En agglomération,Hors intersection,Normale,Deux véhicules - côté,,,,,,,,,,,1,2,1,1.0,3
201400043332,0014-09-25 18:00:00,14,9,25,18,0,930,66,"18, METALLURGIE (AVENUE)",,,Plein jour,En agglomération,Autre intersection,Normale,Autre collision,,,,,,,,,,,1,2,9,1.0,6
201400043333,0014-09-25 19:20:00,14,9,25,19,20,930,66,FORT DE LA BRICHE,,,Nuit avec éclairage allumé,En agglomération,Hors intersection,Normale,Trois véhicules et plus - collisions multiples,,,,,,,,,,,5,2,1,1.0,5
201400043334,0014-09-26 16:00:00,14,9,26,16,0,930,66,FRANCE ANATOLE (BOULEVAR,,,Plein jour,En agglomération,Hors intersection,Normale,Deux véhicules - frontale,,,,,,,,,,,1,2,1,1.0,1
201400043335,0014-09-27 17:50:00,14,9,27,17,50,930,66,"20, LIBERATION RD14 (BOU",,,Plein jour,En agglomération,Autre intersection,Normale,Autre collision,,,,,,,,,,,1,2,9,1.0,6
201400043336,0014-09-29 15:00:00,14,9,29,15,0,930,66,"73, ""LANDY RD 20, NR IMP",,,Plein jour,En agglomération,Hors intersection,Normale,Autre collision,,,,,,,,,,,1,2,1,1.0,6
201400043337,0014-09-29 17:50:00,14,9,29,17,50,930,66,"6, VIEILLE MER",,,Plein jour,En agglomération,Intersection en X,Normale,Deux véhicules - côté,,,,,,,,,,,1,2,2,1.0,3
201400043338,0014-09-30 15:40:00,14,9,30,15,40,930,39,"3, CHATELIER (QUAI DU )",,,Plein jour,En agglomération,Hors intersection,Normale,Deux véhicules - côté,,,,,,,,,,,1,2,1,1.0,3
201400043339,0014-09-30 18:55:00,14,9,30,18,55,930,66,STADE DE FRANCE (AVENUE,,,Plein jour,En agglomération,Intersection en X,Normale,Autre collision,,,,,,,,,,,1,2,2,1.0,6
201400043340,0014-10-02 20:00:00,14,10,2,20,0,930,66,STADE DE FRANCE (AVENUE,,,Nuit avec éclairage allumé,En agglomération,Hors intersection,Normale,Autre collision,,,,,,,,,,,5,2,1,1.0,6
201400043341,0014-10-05 07:00:00,14,10,5,7,0,930,66,"""LANDY RD 20, NR PAIRS 2",,,Nuit avec éclairage non allumé,En agglomération,Intersection en X,Normale,Deux véhicules - côté,,,,,,,,,,,4,2,2,1.0,3
201400043342,0014-10-06 13:40:00,14,10,6,13,40,930,66,"20, STALINGRAND (AV), N",,,Plein jour,En agglomération,Hors intersection,Normale,Autre collision,,,,,,,,,,,1,2,1,1.0,6
201400043343,0014-10-06 19:30:00,14,10,6,19,30,930,66,LENINE (AVENUE) NR 2 A 2,,,Nuit avec éclairage allumé,En agglomération,Intersection en X,Pluie légère,Deux véhicules - côté,,,,,,,,,,,5,2,2,2.0,3
201400043344,0014-10-07 08:00:00,14,10,7,8,0,930,66,"175, FRANCE ANATOLE (BOU",,,Plein jour,En agglomération,Hors intersection,Temps couvert,Deux véhicules - côté,,,,,,,,,,,1,2,1,8.0,3
201400043345,0014-10-07 11:00:00,14,10,7,11,0,930,66,"68, CASANOVA DANIELLE NR",,,Plein jour,En agglomération,Hors intersection,Pluie légère,Autre collision,,,,,,,,,,,1,2,1,2.0,6
201400043346,0014-10-07 08:25:00,14,10,7,8,25,930,66,"70, FRANCE ANATOLE (BOUL",,,Plein jour,En agglomération,Intersection en T,Normale,Trois véhicules et plus - en chaîne,,,,,,,,,,,1,2,3,1.0,4
201400043347,0014-10-09 09:00:00,14,10,9,9,0,930,66,CROIZAT AMBROISE RD 29 B,,,Plein jour,En agglomération,Hors intersection,Normale,Trois véhicules et plus - collisions multiples,,,,,,,,,,,1,2,1,1.0,5
201400043348,0014-10-10 16:14:00,14,10,10,16,14,930,66,"156, WILSON (AVENUE DU P",,,Plein jour,En agglomération,Hors intersection,Normale,Deux véhicules - frontale,,,,,,,,,,,1,2,1,1.0,1
201400043349,0014-10-10 19:45:00,14,10,10,19,45,930,66,"7, JAMIN",,,Nuit avec éclairage allumé,En agglomération,Hors intersection,Normale,Autre collision,,,,,,,,,,,5,2,1,1.0,6
201400043350,0014-10-12 19:35:00,14,10,12,19,35,930,66,LAMAZE DOCTEUR,,,Nuit avec éclairage allumé,En agglomération,Hors intersection,Pluie légère,Deux véhicules - arrière,,,,,,,,,,,5,2,1,2.0,2
201400043351,0014-10-14 10:20:00,14,10,14,10,20,930,66,CASANOVA DANIELLE NR 52-,,,Plein jour,En agglomération,Intersection en T,Normale,Deux véhicules - côté,,,,,,,,,,,1,2,3,1.0,3
201400043352,0014-10-15 13:45:00,14,10,15,13,45,930,66,FRANCE ANATOLE (BOULEVAR,,,Plein jour,En agglomération,Hors intersection,Pluie légère,Deux véhicules - côté,,,,,,,,,,,1,2,1,2.0,3
201400043353,0014-10-22 16:30:00,14,10,22,16,30,930,66,"165, FRANCE ANATOLE (BOU",,,Plein jour,En agglomération,Hors intersection,Normale,Deux véhicules - arrière,,,,,,,,,,,1,2,1,1.0,2
201400043354,0014-10-24 11:45:00,14,10,24,11,45,930,66,AUBERVILLIERS (CHEMIN),,,Plein jour,En agglomération,Intersection en X,Normale,Deux véhicules - côté,,,,,,,,,,,1,2,2,1.0,3
201400043355,0014-10-29 12:35:00,14,10,29,12,35,930,66,"6, CAQUET (PLACE)",,,Nuit avec éclairage allumé,En agglomération,Hors intersection,Normale,Deux véhicules - arrière,,,,,,,,,,,5,2,1,1.0,2
201400043356,0014-10-30 12:20:00,14,10,30,12,20,930,66,"260-264, WILSON (AVENUE",,,Plein jour,Hors agglomération,Hors intersection,Normale,Autre collision,,,,,,,,,,,1,1,1,1.0,6
201400043357,0014-10-31 08:00:00,14,10,31,8,0,930,66,", LIBERATION RD14 (BOULE",,,Plein jour,Hors agglomération,Intersection en Y,Normale,Deux véhicules - côté,,,,,,,,,,,1,1,4,1.0,3
201400043358,0014-11-01 11:45:00,14,11,1,11,45,930,66,"57, LIBERATION RD14 (BOU",,,Plein jour,En agglomération,Hors intersection,Normale,Autre collision,,,,,,,,,,,1,2,1,1.0,6
201400043359,0014-11-02 17:30:00,14,11,2,17,30,930,66,VAILLANT COUTURIER PAUL,,,Nuit avec éclairage allumé,En agglomération,Intersection à plus de 4 branches,Normale,Autre collision,,,,,,,,,,,5,2,5,1.0,6
201400043360,0014-10-31 20:40:00,14,10,31,20,40,930,66,CROIZAT AMBROISE RD 29 B,,,Nuit avec éclairage allumé,En agglomération,Hors intersection,Normale,Deux véhicules - frontale,,,,,,,,,,,5,2,1,1.0,1
201400043361,0014-11-03 21:00:00,14,11,3,21,0,930,66,"""LANDY RD 20, NR IMPAIRS",,,Nuit avec éclairage allumé,En agglomération,Giratoire,Pluie forte,Deux véhicules - côté,,,,,,,,,,,5,2,6,3.0,3
201400043362,0014-11-04 14:00:00,14,11,4,14,0,930,66,"380, WILSON (AVENUE DU P",,,Plein jour,En agglomération,Hors intersection,Normale,Autre collision,,,,,,,,,,,1,2,1,1.0,6
201400043363,0014-11-04 11:50:00,14,11,4,11,50,930,66,"1-1 BIS 3, COLONEL FABIE",,,Plein jour,En agglomération,Hors intersection,Normale,Deux véhicules - côté,,,,,,,,,,,1,2,1,1.0,3
201400043364,0014-11-05 10:35:00,14,11,5,10,35,930,66,"120, CROIZAT AMBROISE RD",,,Plein jour,En agglomération,Hors intersection,Normale,Autre collision,,,,,,,,,,,1,2,1,1.0,6
201400043365,0014-11-05 17:45:00,14,11,5,17,45,930,66,"07, FORT DE LA BRICHE",,,Nuit avec éclairage allumé,En agglomération,Hors intersection,Normale,Deux véhicules - côté,,,,,,,,,,,5,2,1,1.0,3
201400043366,0014-11-07 19:00:00,14,11,7,19,0,930,66,SAINT OUEN (QUAI DE ),,,Nuit avec éclairage non allumé,En agglomération,Hors intersection,Normale,Autre collision,,,,,,,,,,,4,2,1,1.0,6
201400043367,0014-11-07 20:40:00,14,11,7,20,40,930,66,CITE FLOREAL,,,Nuit avec éclairage non allumé,En agglomération,Hors intersection,Normale,Deux véhicules - arrière,,,,,,,,,,,4,2,1,1.0,2
201400043368,0014-11-10 16:05:00,14,11,10,16,5,930,66,"31, FRANCE ANATOLE ENTRE",,,Plein jour,En agglomération,Hors intersection,Normale,Deux véhicules - côté,,,,,,,,,,,1,2,1,1.0,3
201400043369,0014-11-11 12:35:00,14,11,11,12,35,930,39,EPINAY (AVENUE DU PONT D,,,Plein jour,En agglomération,Hors intersection,Normale,Autre collision,,,,,,,,,,,1,2,1,1.0,6
201400043370,0014-11-11 13:45:00,14,11,11,13,45,930,66,WILSON (AVENUE DU PRESID,,,Plein jour,En agglomération,Intersection à plus de 4 branches,Normale,Deux véhicules - côté,,,,,,,,,,,1,2,5,1.0,3
201400043371,0014-11-13 07:40:00,14,11,13,7,40,930,39,SEINE (QUAI DE ),,,Plein jour,En agglomération,Hors intersection,Normale,Trois véhicules et plus - en chaîne,,,,,,,,,,,1,2,1,1.0,4
201400043372,0014-11-14 09:30:00,14,11,14,9,30,930,66,"117, MICHELS CHARLES",,,Plein jour,En agglomération,Hors intersection,Pluie légère,Autre collision,,,,,,,,,,,1,2,1,2.0,6
201400043373,0014-11-14 14:00:00,14,11,14,14,0,930,66,LENINE (AVENUE) NR 2 A 2,,,Plein jour,En agglomération,Intersection à plus de 4 branches,Pluie légère,Deux véhicules - arrière,,,,,,,,,,,1,2,5,2.0,2
201400043374,0014-11-16 03:50:00,14,11,16,3,50,930,66,WILSON (AVENUE DU PRESID,,,Nuit avec éclairage allumé,En agglomération,Intersection en X,Normale,Deux véhicules - côté,,,,,,,,,,,5,2,2,1.0,3
201400043375,0014-11-19 11:00:00,14,11,19,11,0,930,66,WILSON (AVENUE DU PRESID,,,Plein jour,En agglomération,Hors intersection,Normale,Deux véhicules - côté,,,,,,,,,,,1,2,1,1.0,3
201400043376,0014-11-19 13:00:00,14,11,19,13,0,930,66,"40, ""BARBUSSE HENRI, NR",,,Plein jour,En agglomération,Intersection en X,Normale,Autre collision,,,,,,,,,,,1,2,2,1.0,6
201400043377,0014-11-20 07:35:00,14,11,20,7,35,930,66,"53, ""STALINGRAND (AV), N",,,Nuit avec éclairage allumé,En agglomération,Hors intersection,Temps couvert,Deux véhicules - côté,,,,,,,,,,,5,2,1,8.0,3
201400043378,0014-11-21 08:00:00,14,11,21,8,0,930,66,"43, LIBERATION RD14 (BOU",,,Plein jour,En agglomération,Hors intersection,Temps couvert,Deux véhicules - côté,,,,,,,,,,,1,2,1,8.0,3
201400043379,0014-11-21 12:30:00,14,11,21,12,30,930,66,"""STALINGRAD (AVENUE), NR",,,Plein jour,En agglomération,Hors intersection,Normale,Autre collision,,,,,,,,,,,1,2,1,1.0,6
201400043380,0014-11-22 13:10:00,14,11,22,13,10,930,66,CROIZAT AMBROISE RD 29 B,,,Plein jour,En agglomération,Hors intersection,Autre,Trois véhicules et plus - en chaîne,,,,,,,,,,,1,2,1,9.0,4
201400043381,0014-11-23 15:20:00,14,11,23,15,20,930,66,"7, BRICHE NR 2 A 38",,,Plein jour,En agglomération,Hors intersection,Normale,Autre collision,,,,,,,,,,,1,2,1,1.0,6
201400043382,0014-11-28 05:50:00,14,11,28,5,50,930,66,MICHELS CHARLES,,,Nuit avec éclairage allumé,En agglomération,Hors intersection,Normale,Deux véhicules - arrière,,,,,,,,,,,5,2,1,1.0,2
201400043383,0014-11-30 15:45:00,14,11,30,15,45,930,66,"""LANDY RD 20, NR IMPAIRS",,,Plein jour,En agglomération,Hors intersection,Normale,Deux véhicules - côté,,,,,,,,,,,1,2,1,1.0,3
201400043384,0014-11-29 19:20:00,14,11,29,19,20,930,66,BRICHE NR 69 A 77,,,Nuit avec éclairage allumé,En agglomération,Intersection en X,Normale,Deux véhicules - côté,,,,,,,,,,,5,2,2,1.0,3
201400043385,0014-12-01 20:50:00,14,12,1,20,50,930,66,"67, ORNANO (BOULEVARD)",,,Nuit avec éclairage allumé,En agglomération,Intersection en X,Pluie légère,Deux véhicules - côté,,,,,,,,,,,5,2,2,2.0,3
201400043386,0014-12-02 05:50:00,14,12,2,5,50,930,66,"33, FRANCE ANATOLE ENTRE",,,Nuit sans éclairage public,En agglomération,Hors intersection,Temps couvert,Deux véhicules - arrière,,,,,,,,,,,3,2,1,8.0,2
201400043387,0014-12-07 14:30:00,14,12,7,14,30,930,66,"70, CROIZAT AMBROISE RD",,,Plein jour,En agglomération,,Pluie légère,Deux véhicules - arrière,,,,,,,,,,,1,2,0,2.0,2
201400043388,0014-12-08 06:40:00,14,12,8,6,40,930,66,ROLLAND ROMAIN (AVENUE),,,Nuit avec éclairage allumé,En agglomération,Hors intersection,Temps couvert,Autre collision,,,,,,,,,,,5,2,1,8.0,6
201400043389,0014-12-09 20:00:00,14,12,9,20,0,930,66,"01, REVOLTE",,,Nuit avec éclairage allumé,En agglomération,Intersection en Y,Normale,Deux véhicules - arrière,,,,,,,,,,,5,2,4,1.0,2
201400043390,0014-12-11 08:50:00,14,12,11,8,50,930,66,"50, WILSON (AVENUE DU PR",,,Plein jour,En agglomération,Intersection en T,Normale,Deux véhicules - arrière,,,,,,,,,,,1,2,3,1.0,2
201400043391,0014-12-11 16:05:00,14,12,11,16,5,930,66,"""BARBUSSE HENRI, NR 2 A",,,Plein jour,En agglomération,Hors intersection,Pluie légère,Deux véhicules - côté,,,,,,,,,,,1,2,1,2.0,3
201400043392,0014-12-12 13:40:00,14,12,12,13,40,930,66,"3, STADE DE FRANCE (AVEN",,,Plein jour,En agglomération,Hors intersection,Pluie légère,Autre collision,,,,,,,,,,,1,2,1,2.0,6
201400043393,0014-12-12 16:15:00,14,12,12,16,15,930,66,POULBOT FRANCISQUE,,,Plein jour,En agglomération,Intersection en X,Pluie légère,Deux véhicules - côté,,,,,,,,,,,1,2,2,2.0,3
201400043394,0014-12-16 16:15:00,14,12,16,16,15,930,66,"""PERI GABRIEL, NR 2  A 1",,,Plein jour,En agglomération,Passage à niveau,Normale,Autre collision,,,,,,,,,,,1,2,8,1.0,6
201400043395,0014-12-16 16:15:00,14,12,16,16,15,930,66,"70, ""BARBUSSE HENRI, NR",,,Plein jour,En agglomération,Intersection en T,Normale,Deux véhicules - frontale,,,,,,,,,,,1,2,3,1.0,1
201400043396,0014-12-18 19:00:00,14,12,18,19,0,930,66,"98, WILSON (AVENUE DU PR",,,Nuit avec éclairage allumé,En agglomération,Hors intersection,Pluie légère,Deux véhicules - côté,,,,,,,,,,,5,2,1,2.0,3
201400043397,0014-12-18 20:00:00,14,12,18,20,0,930,66,VAILLANT COUTURIER PAUL,,,Nuit avec éclairage allumé,En agglomération,Giratoire,Normale,Deux véhicules - côté,,,,,,,,,,,5,2,6,1.0,3
201400043398,0014-12-19 12:45:00,14,12,19,12,45,930,66,"13, MONTJOIE",,,Plein jour,En agglomération,Hors intersection,Pluie légère,Autre collision,,,,,,,,,,,1,2,1,2.0,6
201400043399,0014-12-20 20:45:00,14,12,20,20,45,930,66,REVOLTE,,,Nuit avec éclairage allumé,En agglomération,,Pluie légère,Autre collision,,,,,,,,,,,5,2,0,2.0,6
201400043400,0014-12-24 00:05:00,14,12,24,0,5,930,66,ROLLAND ROMAIN (AVENUE),,,Nuit avec éclairage non allumé,En agglomération,,Normale,Deux véhicules - arrière,,,,,,,,,,,4,2,0,1.0,2
201400043401,0014-12-26 09:45:00,14,12,26,9,45,930,66,TITOV GERMAIN,,,Plein jour,En agglomération,Hors intersection,Normale,Trois véhicules et plus - collisions multiples,,,,,,,,,,,1,2,1,1.0,5