accident_id,datetime,annee,mois,jour,heure,minute,departement,commune_insee,adresse,latitude,longitude,luminosite,agglomeration,intersection,meteo,collision,nb_vehicules,nb_usagers,nb_indemnes,nb_tues,nb_blesses_hosp,nb_blesses_legers,age_cond_1,age_cond_2,veh_type_cond_1,veh_type_cond_2,lum_code,agg_code,int_code,atm_code,col_code
201400043402,0014-12-29 19:10:00,14,12,29,19,10,930,66,"151, ""LANDY RD 20, NR IM",,,Nuit avec éclairage allumé,En agglomération,,Pluie légère,Autre collision,,,,,,,,,,,5,2,0,2.0,6
201400043403,0014-01-01 00:01:00,14,1,1,0,1,930,70,"1, PONT (PL DU)",,,Nuit avec éclairage allumé,En agglomération,Giratoire,Pluie légère,Deux véhicules - côté,,,,,,,,,,,5,2,6,2.0,3
201400043404,0014-01-14 08:10:00,14,1,14,8,10,930,70,"1, CAPITAINE GLARNER (PL",,,Crépuscule ou aube,En agglomération,Intersection en T,Pluie légère,Deux véhicules - frontale,,,,,,,,,,,2,2,3,2.0,1
201400043405,0014-01-16 10:15:00,14,1,16,10,15,930,70,"48, ROSIERS(DES) :N? 1 A",,,Plein jour,En agglomération,Intersection en T,Pluie légère,Autre collision,,,,,,,,,,,1,2,3,2.0,6
201400043406,0014-01-23 16:15:00,14,1,23,16,15,930,70,DOCTEUR BAUER(RUE DU) :N,,,Plein jour,En agglomération,Hors intersection,Pluie légère,Autre collision,,,,,,,,,,,1,2,1,2.0,6
201400043407,0014-01-28 09:30:00,14,1,28,9,30,930,70,"45, MICHELET (AVE) : DU",,,Plein jour,En agglomération,Hors intersection,Pluie légère,Deux véhicules - côté,,,,,,,,,,,1,2,1,2.0,3
201400043408,0014-02-01 08:00:00,14,2,1,8,0,930,70,"136, MICHELET(AV):N?1AU",,,Crépuscule ou aube,En agglomération,Hors intersection,Pluie forte,Autre collision,,,,,,,,,,,2,2,1,3.0,6
201400043409,0014-02-13 15:40:00,14,2,13,15,40,930,70,ALBERT-DHALENNE (RUE),,,Plein jour,En agglomération,Intersection en X,Normale,Deux véhicules - côté,,,,,,,,,,,1,2,2,1.0,3
201400043410,0014-02-21 19:10:00,14,2,21,19,10,930,70,ROSIERS(DES) : APRES 61,,,Nuit avec éclairage allumé,En agglomération,Hors intersection,Normale,Autre collision,,,,,,,,,,,5,2,1,1.0,6
201400043411,0014-03-01 05:30:00,14,3,1,5,30,930,70,VICTOR-HUGO (BD),,,Nuit avec éclairage allumé,En agglomération,Intersection en T,Pluie légère,Deux véhicules - côté,,,,,,,,,,,5,2,3,2.0,3
201400043412,0014-03-10 16:55:00,14,3,10,16,55,930,70,"57, CAPITAINE-GLARNER (A",,,Plein jour,En agglomération,Hors intersection,Normale,Autre collision,,,,,,,,,,,1,2,1,1.0,6
201400043413,0014-03-28 08:00:00,14,3,28,8,0,930,70,"94, ROSIERS(DES) : APRES",,,Plein jour,En agglomération,Hors intersection,Normale,Autre collision,,,,,,,,,,,1,2,1,1.0,6
201400043414,0014-03-31 12:00:00,14,3,31,12,0,930,70,"10, NEUVE-PIERRE-CURIE(R",,,Plein jour,En agglomération,Hors intersection,Normale,Autre collision,,,,,,,,,,,1,2,1,1.0,6
201400043415,0014-03-31 17:00:00,14,3,31,17,0,930,70,SEINE (QUAI DE),,,Plein jour,En agglomération,Giratoire,Normale,Deux véhicules - côté,,,,,,,,,,,1,2,6,1.0,3
201400043416,0014-04-09 09:45:00,14,4,9,9,45,930,70,"1, NICOLAU(RUE)",,,Plein jour,En agglomération,Hors intersection,Normale,Deux véhicules - côté,,,,,,,,,,,1,2,1,1.0,3
201400043417,0014-04-16 20:05:00,14,4,16,20,5,930,70,DOCTEUR BAUER(RUE DU) :N,,,Plein jour,En agglomération,Hors intersection,Normale,Deux véhicules - arrière,,,,,,,,,,,1,2,1,1.0,2
201400043418,0014-04-17 10:45:00,14,4,17,10,45,930,70,"55, GABRIEL-PERI (AV)",,,Plein jour,En agglomération,Hors intersection,Normale,Autre collision,,,,,,,,,,,1,2,1,1.0,6
201400043419,0014-04-17 17:35:00,14,4,17,17,35,930,70,JEAN-JAURES (BD),,,Plein jour,En agglomération,Hors intersection,Normale,Deux véhicules - côté,,,,,,,,,,,1,2,1,1.0,3
201400043420,0014-04-24 19:00:00,14,4,24,19,0,930,70,"22, DOCTEUR BAUER(RUE DU",,,Plein jour,En agglomération,Hors intersection,Normale,Autre collision,,,,,,,,,,,1,2,1,1.0,6
201400043421,0014-04-29 19:00:00,14,4,29,19,0,930,70,"9, SEINE (QUAI DE)",,,Crépuscule ou aube,En agglomération,Hors intersection,Pluie légère,Deux véhicules - côté,,,,,,,,,,,2,2,1,2.0,3
201400043422,0014-04-30 06:00:00,14,4,30,6,0,930,70,DOCTEUR BAUER(RUE DU) :N,,,Crépuscule ou aube,En agglomération,Hors intersection,Normale,Autre collision,,,,,,,,,,,2,2,1,1.0,6
201400043423,0014-05-05 07:40:00,14,5,5,7,40,930,70,GABRIEL-PERI (AV),,,Plein jour,En agglomération,Hors intersection,Normale,Deux véhicules - côté,,,,,,,,,,,1,2,1,1.0,3
201400043424,0014-05-11 11:05:00,14,5,11,11,5,930,70,SOUBISE(RUE),,,Plein jour,En agglomération,Hors intersection,Normale,Autre collision,,,,,,,,,,,1,2,1,1.0,6
201400043425,0014-05-14 14:15:00,14,5,14,14,15,930,70,"25, MICHELET (AVE) : DU",,,Plein jour,En agglomération,Hors intersection,Normale,Trois véhicules et plus - collisions multiples,,,,,,,,,,,1,2,1,1.0,5
201400043426,0014-05-15 10:30:00,14,5,15,10,30,930,70,GABRIEL-PERI (AV),,,Plein jour,En agglomération,Hors intersection,Normale,Deux véhicules - côté,,,,,,,,,,,1,2,1,1.0,3
201400043427,0014-05-16 11:05:00,14,5,16,11,5,930,70,"49, VICTOR-HUGO (BD)",,,Plein jour,En agglomération,Hors intersection,Normale,Deux véhicules - côté,,,,,,,,,,,1,2,1,1.0,3
201400043428,0014-05-16 14:00:00,14,5,16,14,0,930,70,"65, VICTOR-HUGO (BD)",,,Plein jour,En agglomération,Hors intersection,Temps éblouissant,Autre collision,,,,,,,,,,,1,2,1,7.0,6
201400043429,0014-05-16 17:00:00,14,5,16,17,0,930,70,"122, VICTOR-HUGO (BD)",,,Plein jour,En agglomération,Hors intersection,Normale,Deux véhicules - côté,,,,,,,,,,,1,2,1,1.0,3
201400043430,0014-05-18 16:00:00,14,5,18,16,0,930,70,"1, GABRIEL-PERI (AV)",,,Plein jour,En agglomération,Intersection en T,Normale,Deux véhicules - côté,,,,,,,,,,,1,2,3,1.0,3
201400043431,0014-05-19 14:25:00,14,5,19,14,25,930,70,"1, GABRIEL-PERI (AV)",,,Plein jour,En agglomération,Hors intersection,Normale,Deux véhicules - frontale,,,,,,,,,,,1,2,1,1.0,1
201400043432,0014-05-10 09:55:00,14,5,10,9,55,930,70,"124, MICHELET (AVE) : DU",,,Plein jour,En agglomération,Intersection en X,Normale,Deux véhicules - côté,,,,,,,,,,,1,2,2,1.0,3
201400043433,0014-05-20 18:50:00,14,5,20,18,50,930,70,"1, ARDOIN(RUE)",,,Plein jour,En agglomération,Hors intersection,Pluie légère,Deux véhicules - arrière,,,,,,,,,,,1,2,1,2.0,2
201400043434,0014-05-22 18:15:00,14,5,22,18,15,930,70,"122, VICTOR-HUGO (BD)",,,Plein jour,En agglomération,Hors intersection,Normale,Deux véhicules - côté,,,,,,,,,,,1,2,1,1.0,3
201400043435,0014-05-25 20:05:00,14,5,25,20,5,930,70,"11, LECUYER(RUE)",,,Plein jour,En agglomération,Hors intersection,Normale,Autre collision,,,,,,,,,,,1,2,1,1.0,6
201400043436,0014-06-03 19:15:00,14,6,3,19,15,930,70,"71, MICHELET (AVE) : DU",,,Plein jour,En agglomération,Hors intersection,Normale,Deux véhicules - côté,,,,,,,,,,,1,2,1,1.0,3
201400043437,0014-06-05 00:55:00,14,6,5,0,55,930,70,"13, GABRIEL-PERI (AV)",,,Nuit avec éclairage allumé,En agglomération,Hors intersection,Normale,Autre collision,,,,,,,,,,,5,2,1,1.0,6
201400043438,0014-06-07 12:55:00,14,6,7,12,55,930,70,ROSIERS(DES) :N? 1 AU 59,,,Plein jour,En agglomération,Intersection en T,Normale,Deux véhicules - côté,,,,,,,,,,,1,2,3,1.0,3
201400043439,0014-06-09 21:00:00,14,6,9,21,0,930,70,"30, ALBERT-DHALENNE (RUE",,,Plein jour,En agglomération,Hors intersection,Normale,Deux véhicules - côté,,,,,,,,,,,1,2,1,1.0,3
201400043440,0014-06-11 14:50:00,14,6,11,14,50,930,70,"77, ALBERT-DHALENNE (RUE",,,Plein jour,En agglomération,Hors intersection,Normale,Autre collision,,,,,,,,,,,1,2,1,1.0,6
201400043441,0014-06-12 08:05:00,14,6,12,8,5,930,70,"92, MICHELET (AVE) : DU",,,Plein jour,En agglomération,Hors intersection,Normale,Autre collision,,,,,,,,,,,1,2,1,1.0,6
201400043442,0014-06-17 13:05:00,14,6,17,13,5,930,70,"39, MICHELET(AV):N?1AU 1",,,Plein jour,En agglomération,Hors intersection,Normale,Trois véhicules et plus - collisions multiples,,,,,,,,,,,1,2,1,1.0,5
201400043443,0014-06-17 08:25:00,14,6,17,8,25,930,70,"110, MICHELET (AVE) : DU",,,Plein jour,En agglomération,Hors intersection,Normale,Deux véhicules - côté,,,,,,,,,,,1,2,1,1.0,3
201400043444,0014-06-19 08:30:00,14,6,19,8,30,930,70,"110, LANDY(RUE):N? 1 AU",,,Plein jour,En agglomération,Intersection en T,Normale,Deux véhicules - côté,,,,,,,,,,,1,2,3,1.0,3
201400043445,0014-06-18 08:00:00,14,6,18,8,0,930,70,FONTAINE(RUE DE LA),,,Plein jour,En agglomération,Hors intersection,Normale,Deux véhicules - côté,,,,,,,,,,,1,2,1,1.0,3
201400043446,0014-06-21 20:27:00,14,6,21,20,27,930,70,"146, MICHELET (AVE) : DU",,,Plein jour,En agglomération,Hors intersection,Normale,Autre collision,,,,,,,,,,,1,2,1,1.0,6
201400043447,0014-07-04 08:15:00,14,7,4,8,15,930,70,"138, GABRIEL-PERI (AV)",,,Plein jour,En agglomération,Hors intersection,Normale,Deux véhicules - côté,,,,,,,,,,,1,2,1,1.0,3
201400043448,0014-07-05 05:55:00,14,7,5,5,55,930,70,SEINE (QUAI DE),,,Plein jour,En agglomération,Hors intersection,Pluie légère,Deux véhicules - frontale,,,,,,,,,,,1,2,1,2.0,1
201400043449,0014-07-06 10:30:00,14,7,6,10,30,930,70,"06, REPUBLIQUE (PL DE LA",,,Plein jour,En agglomération,Hors intersection,Pluie légère,Autre collision,,,,,,,,,,,1,2,1,2.0,6
201400043450,0014-07-07 13:40:00,14,7,7,13,40,930,70,"138, MICHELET(AV):N?1AU",,,Plein jour,En agglomération,Hors intersection,Temps couvert,Deux véhicules - arrière,,,,,,,,,,,1,2,1,8.0,2
201400043451,0014-07-09 14:30:00,14,7,9,14,30,930,70,TOUZET-GAILLARD (RUE),,,Plein jour,En agglomération,Hors intersection,Pluie légère,Deux véhicules - côté,,,,,,,,,,,1,2,1,2.0,3
201400043452,0014-07-10 13:10:00,14,7,10,13,10,930,70,SEINE (QUAI DE),,,Plein jour,Hors agglomération,Hors intersection,Pluie légère,Deux véhicules - côté,,,,,,,,,,,1,1,1,2.0,3
201400043453,0014-07-16 12:40:00,14,7,16,12,40,930,70,"02, REPUBLIQUE (PL DE LA",,,Plein jour,En agglomération,Hors intersection,Normale,Deux véhicules - côté,,,,,,,,,,,1,2,1,1.0,3
201400043454,0014-07-16 16:15:00,14,7,16,16,15,930,70,"07, BLANQUI (RUE)",,,Plein jour,En agglomération,Hors intersection,Normale,Autre collision,,,,,,,,,,,1,2,1,1.0,6
201400043455,0014-07-22 08:40:00,14,7,22,8,40,930,70,"136, MICHELET (AVE) : DU",,,Plein jour,En agglomération,Hors intersection,Normale,Deux véhicules - côté,,,,,,,,,,,1,2,1,1.0,3
201400043456,0014-08-01 15:00:00,14,8,1,15,0,930,70,"64, ROSIERS(DES) : APRES",,,Plein jour,En agglomération,Intersection en X,Normale,Autre collision,,,,,,,,,,,1,2,2,1.0,6
201400043457,0014-08-20 19:05:00,14,8,20,19,5,930,70,"53, ALBERT-DHALENNE (RUE",,,Plein jour,En agglomération,Hors intersection,Normale,Deux véhicules - arrière,,,,,,,,,,,1,2,1,1.0,2
201400043458,0014-08-22 14:30:00,14,8,22,14,30,930,70,"33, MICHELET (AVE) : DU",,,Plein jour,En agglomération,Hors intersection,Normale,Deux véhicules - côté,,,,,,,,,,,1,2,1,1.0,3
201400043459,0014-08-25 20:30:00,14,8,25,20,30,930,70,ALBERT-DHALENNE (RUE),,,Nuit avec éclairage allumé,En agglomération,Hors intersection,Pluie légère,Deux véhicules - arrière,,,,,,,,,,,5,2,1,2.0,2
201400043460,0014-08-27 15:15:00,14,8,27,15,15,930,70,"03, ALBERT-DHALENNE (RUE",,,Plein jour,En agglomération,Autre intersection,Temps couvert,Deux véhicules - arrière,,,,,,,,,,,1,2,9,8.0,2
201400043461,0014-09-01 11:55:00,14,9,1,11,55,930,70,"1, GABRIEL-PERI (AV)",,,Plein jour,En agglomération,Intersection en Y,Normale,Autre collision,,,,,,,,,,,1,2,4,1.0,6
201400043462,0014-09-08 11:20:00,14,9,8,11,20,930,70,"1, CAPITAINE-GLARNER (AV",,,Plein jour,En agglomération,Hors intersection,Normale,Deux véhicules - côté,,,,,,,,,,,1,2,1,1.0,3
201400043463,0014-09-09 19:50:00,14,9,9,19,50,930,70,"127, VICTOR-HUGO (BD)",,,Plein jour,En agglomération,Hors intersection,Normale,Deux véhicules - côté,,,,,,,,,,,1,2,1,1.0,3
201400043464,0014-09-12 08:55:00,14,9,12,8,55,930,70,"1, ROSIERS(DES) : APRES",,,Plein jour,En agglomération,Hors intersection,Normale,Autre collision,,,,,,,,,,,1,2,1,1.0,6
201400043465,0014-09-17 20:10:00,14,9,17,20,10,930,70,"1, GODILLOT(RUE)",,,Crépuscule ou aube,En agglomération,Hors intersection,Normale,Autre collision,,,,,,,,,,,2,2,1,1.0,6
201400043466,0014-09-19 10:20:00,14,9,19,10,20,930,70,"74, ALBERT-DHALENNE (RUE",,,Plein jour,En agglomération,Intersection en X,Normale,Deux véhicules - côté,,,,,,,,,,,1,2,2,1.0,3
201400043467,0014-09-23 18:40:00,14,9,23,18,40,930,70,"118, VICTOR-HUGO (BD)",,,Plein jour,En agglomération,Hors intersection,Normale,Deux véhicules - frontale,,,,,,,,,,,1,2,1,1.0,1
201400043468,0014-09-25 17:30:00,14,9,25,17,30,930,70,GABRIEL-PERI (AV),,,Plein jour,En agglomération,Hors intersection,Normale,Deux véhicules - côté,,,,,,,,,,,1,2,1,1.0,3
201400043469,0014-09-27 14:45:00,14,9,27,14,45,930,70,"21, CHARLES SCHMIDT(RUE)",,,Plein jour,En agglomération,Hors intersection,Normale,Autre collision,,,,,,,,,,,1,2,1,1.0,6
201400043470,0014-10-14 19:40:00,14,10,14,19,40,930,70,"1, PIERRE-DREYFUS(RUE)",,,Nuit avec éclairage allumé,En agglomération,Hors intersection,Normale,Autre collision,,,,,,,,,,,5,2,1,1.0,6
201400043471,0014-10-20 20:25:00,14,10,20,20,25,930,70,"41, ALBERT-DHALENNE (RUE",,,Nuit avec éclairage allumé,En agglomération,Hors intersection,Normale,Autre collision,,,,,,,,,,,5,2,1,1.0,6
201400043472,0014-10-20 17:40:00,14,10,20,17,40,930,70,"1, ARDOIN(RUE)",,,Plein jour,En agglomération,Hors intersection,Temps couvert,Deux véhicules - arrière,,,,,,,,,,,1,2,1,8.0,2
201400043473,0014-10-23 14:30:00,14,10,23,14,30,930,70,"122, GABRIEL-PERI (AV)",,,Plein jour,En agglomération,Hors intersection,Normale,Deux véhicules - côté,,,,,,,,,,,1,2,1,1.0,3
201400043474,0014-10-24 08:30:00,14,10,24,8,30,930,70,"6, JEAN-JAURES (BD)",,,Crépuscule ou aube,En agglomération,Hors intersection,Normale,Deux véhicules - côté,,,,,,,,,,,2,2,1,1.0,3
201400043475,0014-10-24 12:25:00,14,10,24,12,25,930,70,"122, VICTOR-HUGO (BD)",,,Plein jour,En agglomération,Hors intersection,Temps couvert,Deux véhicules - côté,,,,,,,,,,,1,2,1,8.0,3
201400043476,0014-10-28 22:38:00,14,10,28,22,38,930,70,", TOULOUSE-LAUTREC(RUE)",,,Nuit avec éclairage allumé,En agglomération,Hors intersection,Normale,Deux véhicules - côté,,,,,,,,,,,5,2,1,1.0,3
201400043477,0014-10-29 09:35:00,14,10,29,9,35,930,70,"1, CLAUDE-MONET(RUE)",,,Plein jour,En agglomération,Hors intersection,Normale,Autre collision,,,,,,,,,,,1,2,1,1.0,6
201400043478,0014-10-30 18:10:00,14,10,30,18,10,930,70,"51, GABRIEL-PERI (AV)",,,Plein jour,En agglomération,Hors intersection,Normale,Autre collision,,,,,,,,,,,1,2,1,1.0,6
201400043479,0014-10-31 18:15:00,14,10,31,18,15,930,70,"17, GABRIEL-PERI (AV)",,,Crépuscule ou aube,En agglomération,Hors intersection,Normale,Deux véhicules - côté,,,,,,,,,,,2,2,1,1.0,3
201400043480,0014-11-05 18:30:00,14,11,5,18,30,930,70,"32, VICTOR-HUGO (BD)",,,Nuit avec éclairage allumé,En agglomération,Hors intersection,Normale,Deux véhicules - frontale,,,,,,,,,,,5,2,1,1.0,1
201400043481,0014-11-06 16:40:00,14,11,6,16,40,930,70,"32, ROSIERS(DES) :N? 1 A",,,Plein jour,En agglomération,Intersection en T,Normale,Deux véhicules - côté,,,,,,,,,,,1,2,3,1.0,3
201400043482,0014-11-08 09:45:00,14,11,8,9,45,930,70,"47, ALBERT-DHALENNE (RUE",,,Plein jour,En agglomération,Hors intersection,Normale,Autre collision,,,,,,,,,,,1,2,1,1.0,6
201400043483,0014-11-08 15:10:00,14,11,8,15,10,930,70,"1, MICHELET (AVE) : DU 1",,,Nuit avec éclairage allumé,En agglomération,Hors intersection,Normale,Deux véhicules - côté,,,,,,,,,,,5,2,1,1.0,3
201400043484,0014-11-13 19:00:00,14,11,13,19,0,930,70,ROSIERS(DES) :N? 1 AU 59,,,Nuit avec éclairage allumé,En agglomération,Intersection en T,Normale,Deux véhicules - arrière,,,,,,,,,,,5,2,3,1.0,2
201400043485,0014-11-14 17:55:00,14,11,14,17,55,930,70,"79, DOCTEUR BAUER(RUE DU",,,Nuit avec éclairage allumé,En agglomération,Hors intersection,Pluie légère,Autre collision,,,,,,,,,,,5,2,1,2.0,6
201400043486,0014-11-20 17:15:00,14,11,20,17,15,930,70,"9, SEINE (QUAI DE)",,,Nuit avec éclairage allumé,En agglomération,Hors intersection,Normale,Trois véhicules et plus - collisions multiples,,,,,,,,,,,5,2,1,1.0,5
201400043487,0014-11-21 15:35:00,14,11,21,15,35,930,70,"136, MICHELET(AV):N?1AU",,,Plein jour,En agglomération,Hors intersection,Normale,Trois véhicules et plus - collisions multiples,,,,,,,,,,,1,2,1,1.0,5
201400043488,0014-11-26 11:15:00,14,11,26,11,15,930,70,"138, GABRIEL-PERI (AV)",,,Plein jour,En agglomération,Hors intersection,Normale,Autre collision,,,,,,,,,,,1,2,1,1.0,6
201400043489,0014-11-28 21:25:00,14,11,28,21,25,930,70,"34, CAPITAINE-GLARNER (A",,,Nuit avec éclairage allumé,En agglomération,Hors intersection,Normale,Deux véhicules - frontale,,,,,,,,,,,5,2,1,1.0,1
201400043490,0014-12-05 09:15:00,14,12,5,9,15,930,70,SEINE (QUAI DE),,,Plein jour,En agglomération,Hors intersection,Normale,Deux véhicules - côté,,,,,,,,,,,1,2,1,1.0,3
201400043491,0014-12-12 13:45:00,14,12,12,13,45,930,70,"100, SAINT-DENIS(RUE)",,,Plein jour,En agglomération,Intersection en T,Pluie légère,Deux véhicules - frontale,,,,,,,,,,,1,2,3,2.0,1
201400043492,0014-12-12 23:35:00,14,12,12,23,35,930,70,"10, GABRIEL-PERI (AV)",,,Nuit avec éclairage allumé,En agglomération,Hors intersection,Pluie forte,Deux véhicules - côté,,,,,,,,,,,5,2,1,3.0,3
201400043493,0014-12-16 17:40:00,14,12,16,17,40,930,70,"143, DOCTEUR BAUER(RUE D",,,Nuit avec éclairage non allumé,En agglomération,Hors intersection,Normale,Autre collision,,,,,,,,,,,4,2,1,1.0,6
201400043494,0014-12-30 12:45:00,14,12,30,12,45,930,70,MICHELET (AVE) : DU 1 AU,,,Plein jour,En agglomération,Autre intersection,Normale,Deux véhicules - frontale,,,,,,,,,,,1,2,9,1.0,1
201400043495,0014-01-23 11:50:00,14,1,23,11,50,930,71,21 PAUL FORT (ALLEE),,,Plein jour,En agglomération,Hors intersection,Normale,Sans collision,,,,,,,,,,,1,2,1,1.0,7
201400043496,0014-01-23 16:50:00,14,1,23,16,50,930,71,JOHN F. KENNEDY-(AVENUE),,,Plein jour,En agglomération,Hors intersection,Pluie légère,Trois véhicules et plus - collisions multiples,,,,,,,,,,,1,2,1,2.0,5
201400043497,0014-01-23 17:10:00,14,1,23,17,10,930,71,"0, LEON JOUHAUX (AVENUE)",,,Plein jour,En agglomération,Hors intersection,Pluie légère,Autre collision,,,,,,,,,,,1,2,1,2.0,6
201400043498,0014-03-04 17:50:00,14,3,4,17,50,930,71,"0, JEAN MOULIN (AVENUE)",,,Plein jour,En agglomération,Hors intersection,Normale,Deux véhicules - côté,,,,,,,,,,,1,2,1,1.0,3
201400043499,0014-03-06 14:35:00,14,3,6,14,35,930,71,"0, LIVRY (AVENUE DE)",,,Plein jour,En agglomération,Intersection à plus de 4 branches,Normale,Deux véhicules - côté,,,,,,,,,,,1,2,5,1.0,3
201400043500,0014-03-08 10:20:00,14,3,8,10,20,930,71,"0, CONDORCET (ALLEE)",,,Plein jour,En agglomération,Intersection en T,Normale,Deux véhicules - côté,,,,,,,,,,,1,2,3,1.0,3
201400043501,0014-03-08 17:20:00,14,3,8,17,20,930,71,"0, JOHN F. KENNEDY (AVEN",,,Plein jour,En agglomération,Hors intersection,Normale,Deux véhicules - côté,,,,,,,,,,,1,2,1,1.0,3
201400043502,0014-05-17 12:24:00,14,5,17,12,24,930,71,"8, OASIS (AVENUE DE L')",,,Plein jour,En agglomération,Hors intersection,Normale,Deux véhicules - côté,,,,,,,,,,,1,2,1,1.0,3
201400043503,0014-05-19 17:45:00,14,5,19,17,45,930,71,"0, DUMONT D'URVILLE (AVE",,,Plein jour,En agglomération,Hors intersection,Normale,Autre collision,,,,,,,,,,,1,2,1,1.0,6
201400043504,0014-05-23 18:10:00,14,5,23,18,10,930,71,"0, BOUGAINVILLE (ALLEE)",,,Plein jour,En agglomération,Hors intersection,Normale,Autre collision,,,,,,,,,,,1,2,1,1.0,6
201400043505,0014-05-23 09:50:00,14,5,23,9,50,930,71,"0, WESTINGHOUSE (BOULEVA",,,Plein jour,En agglomération,Intersection en X,Normale,Deux véhicules - côté,,,,,,,,,,,1,2,2,1.0,3
201400043506,0014-05-27 23:45:00,14,5,27,23,45,930,71,"0, AULNAY (RUE D')",,,Nuit avec éclairage allumé,En agglomération,Hors intersection,Normale,Deux véhicules - arrière,,,,,,,,,,,5,2,1,1.0,2
201400043507,0014-06-06 21:00:00,14,6,6,21,0,930,71,"0, PETITS PONTS (ROUTE D",,,Plein jour,En agglomération,Hors intersection,Normale,Deux véhicules - côté,,,,,,,,,,,1,2,1,1.0,3
201400043508,0014-06-21 09:05:00,14,6,21,9,5,930,71,"0, PETITS PONTS (ROUTE D",,,Plein jour,En agglomération,Hors intersection,Temps éblouissant,Autre collision,,,,,,,,,,,1,2,1,7.0,6
201400043509,0014-06-21 15:50:00,14,6,21,15,50,930,71,"0, AULNAY (RUE D')",,,Plein jour,En agglomération,Giratoire,Normale,Deux véhicules - arrière,,,,,,,,,,,1,2,6,1.0,2
201400043510,0014-06-25 08:15:00,14,6,25,8,15,930,71,"0, BIR HAKEIM (ALLEE DE)",,,Plein jour,En agglomération,Intersection en X,Normale,Deux véhicules - côté,,,,,,,,,,,1,2,2,1.0,3
201400043511,0014-06-27 16:40:00,14,6,27,16,40,930,71,"03, RACINE (RUE)",,,Plein jour,En agglomération,Hors intersection,Normale,Autre collision,,,,,,,,,,,1,2,1,1.0,6
201400043512,0014-07-04 20:20:00,14,7,4,20,20,930,71,"0, WESTINGHOUSE (BOULEVA",,,Plein jour,En agglomération,Intersection en X,Normale,Deux véhicules - côté,,,,,,,,,,,1,2,2,1.0,3
201400043513,0014-07-09 17:30:00,14,7,9,17,30,930,71,"0, BALLANGER ROBERT (AVE",,,Plein jour,En agglomération,Hors intersection,Pluie forte,Autre collision,,,,,,,,,,,1,2,1,3.0,6
201400043514,0014-08-22 18:30:00,14,8,22,18,30,930,71,SALVADOR ALLENDE (AVENUE,,,Plein jour,En agglomération,Intersection en T,Normale,Deux véhicules - côté,,,,,,,,,,,1,2,3,1.0,3
201400043515,0014-08-24 20:03:00,14,8,24,20,3,930,71,"28, DUMONT D'URVILLE (AV",,,Crépuscule ou aube,En agglomération,Hors intersection,Normale,Autre collision,,,,,,,,,,,2,2,1,1.0,6
201400043516,0014-08-27 18:50:00,14,8,27,18,50,930,71,"42, STALINGRAD (BOULEVAR",,,Plein jour,En agglomération,Hors intersection,Normale,Autre collision,,,,,,,,,,,1,2,1,1.0,6
201400043517,0014-09-13 09:10:00,14,9,13,9,10,930,71,"0, ANDRE TOUTAIN (AVENUE",,,Plein jour,En agglomération,Hors intersection,Normale,Autre collision,,,,,,,,,,,1,2,1,1.0,6
201400043518,0014-09-15 09:30:00,14,9,15,9,30,930,71,"0, HENRI BARBUSSE (AVENU",,,Plein jour,En agglomération,Intersection en T,Normale,Deux véhicules - côté,,,,,,,,,,,1,2,3,1.0,3
201400043519,0014-09-19 18:10:00,14,9,19,18,10,930,71,"0, AULNAY (RUE D')",,,Plein jour,En agglomération,Hors intersection,Normale,Deux véhicules - côté,,,,,,,,,,,1,2,1,1.0,3
201400043520,0014-09-23 12:30:00,14,9,23,12,30,930,71,"0, WESTINGHOUSE (BOULEVA",,,Plein jour,En agglomération,Hors intersection,Normale,Trois véhicules et plus - en chaîne,,,,,,,,,,,1,2,1,1.0,4
201400043521,0014-09-23 16:30:00,14,9,23,16,30,930,71,"0, AUGUSTIN THIERRY (RUE",,,Plein jour,En agglomération,Intersection en T,Normale,Deux véhicules - côté,,,,,,,,,,,1,2,3,1.0,3
201400043522,0014-09-29 06:50:00,14,9,29,6,50,930,71,"0, LIVRY (AVENUE DE)",,,Crépuscule ou aube,En agglomération,Intersection en X,Pluie légère,Deux véhicules - côté,,,,,,,,,,,2,2,2,2.0,3
201400043523,0014-09-29 08:25:00,14,9,29,8,25,930,71,"1, HENRI BARBUSSE (AVENU",,,Plein jour,En agglomération,Hors intersection,Pluie légère,Autre collision,,,,,,,,,,,1,2,1,2.0,6
201400043524,0014-10-07 07:30:00,14,10,7,7,30,930,71,JOHN F. KENNEDY (AVENUE),,,Nuit avec éclairage allumé,En agglomération,Intersection en T,Pluie légère,Deux véhicules - arrière,,,,,,,,,,,5,2,3,2.0,2
201400043525,0014-10-09 07:30:00,14,10,9,7,30,930,71,JOHN F. KENNEDY (AVENUE),,,Nuit avec éclairage allumé,En agglomération,Intersection en T,Normale,Deux véhicules - côté,,,,,,,,,,,5,2,3,1.0,3
201400043526,0014-10-09 16:00:00,14,10,9,16,0,930,71,LIVRY (AVENUE DE),,,Plein jour,En agglomération,Intersection à plus de 4 branches,Normale,Deux véhicules - côté,,,,,,,,,,,1,2,5,1.0,3
201400043527,0014-10-10 08:45:00,14,10,10,8,45,930,71,ERNEST PIVOT (AVENUE),,,Plein jour,En agglomération,Intersection en X,Normale,Autre collision,,,,,,,,,,,1,2,2,1.0,6
201400043528,0014-10-25 12:30:00,14,10,25,12,30,930,71,"06, ROGER LE MANER (RUE)",,,Plein jour,En agglomération,Hors intersection,Normale,Deux véhicules - côté,,,,,,,,,,,1,2,1,1.0,3
201400043529,0014-10-25 16:35:00,14,10,25,16,35,930,71,"0, RAOUL DAUTRY (AVENUE)",,,Plein jour,En agglomération,Hors intersection,Normale,Autre collision,,,,,,,,,,,1,2,1,1.0,6
201400043530,0014-10-27 16:00:00,14,10,27,16,0,930,71,"0, GENERAL LECLERC (AVEN",,,Plein jour,En agglomération,Hors intersection,Normale,Autre collision,,,,,,,,,,,1,2,1,1.0,6