accident_id,datetime,annee,mois,jour,heure,minute,departement,commune_insee,adresse,latitude,longitude,luminosite,agglomeration,intersection,meteo,collision,nb_vehicules,nb_usagers,nb_indemnes,nb_tues,nb_blesses_hosp,nb_blesses_legers,age_cond_1,age_cond_2,veh_type_cond_1,veh_type_cond_2,lum_code,agg_code,int_code,atm_code,col_code
201400043786,0014-04-14 10:25:00,14,4,14,10,25,940,71,FONTAINES / BERTEAUX,48.7713,2.51965,Plein jour,En agglomération,Intersection en T,Normale,Autre collision,,,,,,,,,,,1,2,3,1.0,6
201400043787,0014-04-15 02:45:00,14,4,15,2,45,940,47,"30, FRANCOIS COPPEE",48.7092,2.54065,Nuit avec éclairage allumé,En agglomération,Hors intersection,Normale,Autre collision,,,,,,,,,,,5,2,1,1.0,6
201400043788,0014-04-22 19:40:00,14,4,22,19,40,940,70,"3, RTE DE PARIS",48.7191,2.56771,Plein jour,En agglomération,Hors intersection,Normale,Autre collision,,,,,,,,,,,1,2,1,1.0,6
201400043789,0014-04-25 10:25:00,14,4,25,10,25,940,47,"53, R RENE THIBAULT",48.7048,2.53506,Plein jour,En agglomération,Hors intersection,Temps couvert,Sans collision,,,,,,,,,,,1,2,1,8.0,7
201400043790,0014-04-25 15:25:00,14,4,25,15,25,940,44,WILSON / 8 MAI 1945,48.7514,2.49047,Plein jour,En agglomération,Giratoire,Temps couvert,Autre collision,,,,,,,,,,,1,2,6,8.0,6
201400043791,0014-04-28 17:45:00,14,4,28,17,45,940,70,LIBERATION / LA FONTAINE,48.725,2.5701,Plein jour,En agglomération,Intersection en T,Normale,Deux véhicules - arrière,,,,,,,,,,,1,2,3,1.0,2
201400043792,0014-07-16 01:25:00,14,7,16,1,25,940,44,MONNET / DUNANT,48.7566,2.48331,Nuit avec éclairage allumé,En agglomération,Giratoire,Normale,Autre collision,,,,,,,,,,,5,2,6,1.0,6
201400043793,0014-05-02 08:50:00,14,5,2,8,50,940,4,"9, R DE SUCY",48.7501,2.51585,Plein jour,En agglomération,Hors intersection,Normale,Deux véhicules - côté,,,,,,,,,,,1,2,1,1.0,3
201400043794,0014-05-02 09:50:00,14,5,2,9,50,940,44,"14, MARIUS DANTZ",48.7477,2.48224,Plein jour,En agglomération,Hors intersection,Normale,Deux véhicules - arrière,,,,,,,,,,,1,2,1,1.0,2
201400043795,0014-03-25 08:15:00,14,3,25,8,15,940,71,MOULIN A VENT / BOISSY,48.7643,2.52552,Crépuscule ou aube,En agglomération,Intersection en Y,Pluie légère,Deux véhicules - arrière,,,,,,,,,,,2,2,4,2.0,2
201400043796,0014-05-07 13:50:00,14,5,7,13,50,940,71,"17, CHAMPS SAINT-DENIS",48.7747,2.51223,Plein jour,En agglomération,Hors intersection,Normale,Deux véhicules - côté,,,,,,,,,,,1,2,1,1.0,3
201400043797,0014-05-18 10:30:00,14,5,18,10,30,940,71,"38, JEAN MOULIN",48.7749,2.51244,Plein jour,En agglomération,Hors intersection,Normale,Deux véhicules - côté,,,,,,,,,,,1,2,1,1.0,3
201400043798,0014-05-19 08:55:00,14,5,19,8,55,940,56,BRIE COMTE ROBERT/BRIE,48.6962,2.55411,Plein jour,Hors agglomération,Intersection en X,Normale,Deux véhicules - arrière,,,,,,,,,,,1,1,2,1.0,2
201400043799,0014-05-23 18:50:00,14,5,23,18,50,940,71,LECLERC / BUFFON,48.7763,2.51127,Crépuscule ou aube,En agglomération,Intersection en T,Pluie légère,Deux véhicules - arrière,,,,,,,,,,,2,2,3,2.0,2
201400043800,0014-06-02 10:00:00,14,6,2,10,0,940,75,"63,DE LATTRE DE TASSIGNY",48.7287,2.52841,Plein jour,En agglomération,Hors intersection,Normale,Deux véhicules - arrière,,,,,,,,,,,1,2,1,1.0,2
201400043801,0014-06-04 12:30:00,14,6,4,12,30,940,44,AV DE LATTRE DE TASSIGNY,48.7432,2.513,Plein jour,En agglomération,Hors intersection,Pluie légère,Deux véhicules - arrière,,,,,,,,,,,1,2,1,2.0,2
201400043802,0014-05-26 09:10:00,14,5,26,9,10,940,4,"3, AV DU GENERAL LECLERC",48.7528,2.50658,Plein jour,En agglomération,Hors intersection,Pluie légère,Autre collision,,,,,,,,,,,1,2,1,2.0,6
201400043803,0014-06-07 02:40:00,14,6,7,2,40,940,71,AV WINSTON CHURCHILL,48.766,2.52512,Nuit avec éclairage allumé,En agglomération,Hors intersection,Normale,Autre collision,,,,,,,,,,,5,2,1,1.0,6
201400043804,0014-08-26 17:40:00,14,8,26,17,40,940,44,BARBUSSE / 2 CLOCHERS,48.754,2.48557,Plein jour,En agglomération,Intersection en X,Normale,Deux véhicules - côté,,,,,,,,,,,1,2,2,1.0,3
201400043805,0014-10-16 22:00:00,14,10,16,22,0,940,4,VALENTON/LECLERC,48.7469,2.51012,Nuit avec éclairage allumé,En agglomération,Intersection en X,Pluie forte,Deux véhicules - côté,,,,,,,,,,,5,2,2,3.0,3
201400043806,0014-11-26 12:45:00,14,11,26,12,45,940,71,PIERRE SEMARD (R),,,Plein jour,En agglomération,Hors intersection,Pluie légère,Autre collision,,,,,,,,,,,1,2,1,2.0,6
201400043807,0014-06-12 04:05:00,14,6,12,4,5,940,48,RN 19,48.7276,2.54068,Nuit avec éclairage allumé,En agglomération,Hors intersection,Normale,Autre collision,,,,,,,,,,,5,2,1,1.0,6
201400043808,0014-06-18 09:30:00,14,6,18,9,30,940,4,"19,AV DU GENERAL LECLERC",48.7509,2.50729,Plein jour,En agglomération,Hors intersection,Normale,Trois véhicules et plus - en chaîne,,,,,,,,,,,1,2,1,1.0,4
201400043809,0014-06-19 13:00:00,14,6,19,13,0,940,75,"43,DE LATTRE DE TASSIGNY",48.7277,2.53055,Plein jour,En agglomération,Hors intersection,Normale,Trois véhicules et plus - collisions multiples,,,,,,,,,,,1,2,1,1.0,5
201400043810,0014-06-24 07:50:00,14,6,24,7,50,940,75,"27,DE LATTRE DE TASSIGNY",48.7273,2.53461,Plein jour,En agglomération,Hors intersection,Normale,Autre collision,,,,,,,,,,,1,2,1,1.0,6
201400043811,0014-06-28 23:43:00,14,6,28,23,43,940,71,PARIS /  GENERAL LECLERC,48.7746,2.51093,Nuit avec éclairage allumé,En agglomération,Intersection à plus de 4 branches,Pluie légère,Autre collision,,,,,,,,,,,5,2,5,2.0,6
201400043812,0014-06-29 00:45:00,14,6,29,0,45,940,4,AV DU GENERAL LECLERC,48.7561,2.50472,Nuit sans éclairage public,En agglomération,Hors intersection,Pluie légère,Autre collision,,,,,,,,,,,3,2,1,2.0,6
201400043813,0014-07-02 12:30:00,14,7,2,12,30,940,44,"38, AV GABRIEL PERI",48.752,2.48629,Plein jour,En agglomération,Hors intersection,Normale,Deux véhicules - arrière,,,,,,,,,,,1,2,1,1.0,2
201400043814,0014-03-17 21:20:00,14,3,17,21,20,940,4,LECLERC/VALENTON,48.7469,2.51012,Nuit avec éclairage allumé,En agglomération,Intersection en X,Normale,Deux véhicules - frontale,,,,,,,,,,,5,2,2,1.0,1
201400043815,0014-07-04 12:40:00,14,7,4,12,40,940,71,PARIS / LECLERC,48.7746,2.51093,Plein jour,En agglomération,Intersection à plus de 4 branches,Pluie légère,Deux véhicules - arrière,,,,,,,,,,,1,2,5,2.0,2
201400043816,0014-07-05 09:30:00,14,7,5,9,30,940,44,"10, AV DE VERDUN",48.7516,2.48654,Plein jour,En agglomération,Hors intersection,Pluie légère,Deux véhicules - côté,,,,,,,,,,,1,2,1,2.0,3
201400043817,0014-08-07 14:40:00,14,8,7,14,40,940,71,BOISSY / SARRAUT,48.7634,2.52607,Plein jour,En agglomération,Intersection en T,Normale,Autre collision,,,,,,,,,,,1,2,3,1.0,6
201400043818,0014-09-17 18:30:00,14,9,17,18,30,940,44,"22, AV DESCARTES",48.7405,2.48462,Plein jour,En agglomération,Hors intersection,Normale,Autre collision,,,,,,,,,,,1,2,1,1.0,6
201400043819,0014-10-17 21:00:00,14,10,17,21,0,940,70,PARIS/,48.7152,2.57465,Nuit sans éclairage public,En agglomération,Giratoire,Normale,Autre collision,,,,,,,,,,,3,2,6,1.0,6
201400043820,0014-12-07 17:45:00,14,12,7,17,45,940,4,CHARLES LOUIS (PL),,,Nuit avec éclairage allumé,En agglomération,Place,Pluie légère,Deux véhicules - côté,,,,,,,,,,,5,2,7,2.0,3
201400043821,0014-07-14 14:20:00,14,7,14,14,20,940,4,AV DU GENERAL LECLERC,48.7551,2.50528,Plein jour,En agglomération,Intersection en T,Normale,Trois véhicules et plus - en chaîne,,,,,,,,,,,1,2,3,1.0,4
201400043822,0014-07-15 08:25:00,14,7,15,8,25,940,71,NOISEAU /VOIE DE NOISEAU,48.7723,2.52856,Plein jour,En agglomération,Intersection en Y,Normale,Deux véhicules - frontale,,,,,,,,,,,1,2,4,1.0,1
201400043823,0014-07-17 19:45:00,14,7,17,19,45,940,44,"12-14, AV GABRIEL PERI",48.7546,2.48459,Plein jour,En agglomération,Hors intersection,Normale,Autre collision,,,,,,,,,,,1,2,1,1.0,6
201400043824,0014-07-17 20:00:00,14,7,17,20,0,940,44,"01, R ROGER SALENGRO",48.7514,2.48873,Plein jour,En agglomération,Hors intersection,Normale,Autre collision,,,,,,,,,,,1,2,1,1.0,6
201400043825,0014-07-25 07:00:00,14,7,25,7,0,940,4,AV DU GENERAL LECLERC,48.7562,2.50472,Plein jour,En agglomération,Hors intersection,Normale,Sans collision,,,,,,,,,,,1,2,1,1.0,7
201400043826,0014-07-25 12:30:00,14,7,25,12,30,940,44,AV JEAN MONNET,48.7572,2.47172,Plein jour,En agglomération,Hors intersection,Normale,Autre collision,,,,,,,,,,,1,2,1,1.0,6
201400043827,0014-07-26 10:15:00,14,7,26,10,15,940,71,AV CHARLES DE GAULLE,48.7674,2.53014,Plein jour,En agglomération,Hors intersection,Normale,Autre collision,,,,,,,,,,,1,2,1,1.0,6
201400043828,0014-07-26 16:40:00,14,7,26,16,40,940,71,PROM EDOUARD GARCIOT,48.7703,2.51752,Plein jour,En agglomération,Hors intersection,Normale,Autre collision,,,,,,,,,,,1,2,1,1.0,6
201400043829,0014-07-29 12:05:00,14,7,29,12,5,940,4,LECLERC/REVILLON,48.7448,2.51175,Plein jour,En agglomération,Intersection en X,Normale,Deux véhicules - côté,,,,,,,,,,,1,2,2,1.0,3
201400043830,0014-08-07 12:10:00,14,8,7,12,10,940,47,FOUGASSE / CHAMPS,48.7026,2.54151,Plein jour,En agglomération,Intersection en X,Normale,Deux véhicules - côté,,,,,,,,,,,1,2,2,1.0,3
201400043831,0014-07-18 07:40:00,14,7,18,7,40,940,71,BRIE / TILLEUL,48.759,2.53009,Plein jour,En agglomération,Intersection en X,Normale,Deux véhicules - arrière,,,,,,,,,,,1,2,2,1.0,2
201400043832,0014-07-18 14:00:00,14,7,18,14,0,940,4,AV CHARLES DE GAULLE,48.7531,2.5036,Plein jour,En agglomération,Giratoire,Normale,Deux véhicules - arrière,,,,,,,,,,,1,2,6,1.0,2
201400043833,0014-08-19 16:00:00,14,8,19,16,0,940,75,"79, R DE CERCAY",48.7148,2.52721,Plein jour,En agglomération,Hors intersection,Normale,Autre collision,,,,,,,,,,,1,2,1,1.0,6
201400043834,0014-09-09 19:15:00,14,9,9,19,15,940,48,GROSBOIS / RN19,48.7275,2.53934,Plein jour,En agglomération,Intersection en X,Normale,Deux véhicules - arrière,,,,,,,,,,,1,2,2,1.0,2
201400043835,0014-09-11 16:05:00,14,9,11,16,5,940,47,VERDUN / COPPEE,48.7027,2.54485,Plein jour,En agglomération,Intersection en X,Normale,Deux véhicules - arrière,,,,,,,,,,,1,2,2,1.0,2
201400043836,0014-09-11 19:30:00,14,9,11,19,30,940,75,TASSIGNY/FOREAU,48.7274,2.53583,Crépuscule ou aube,En agglomération,Intersection en T,Normale,Deux véhicules - arrière,,,,,,,,,,,2,2,3,1.0,2
201400043837,0014-09-12 07:40:00,14,9,12,7,40,940,44,MAI 1945 / TILLEULS,48.7523,2.49218,Plein jour,En agglomération,Intersection en X,Normale,Deux véhicules - côté,,,,,,,,,,,1,2,2,1.0,3
201400043838,0014-12-19 19:30:00,14,12,19,19,30,940,71,GENERAL LECLERC (R DU),,,Crépuscule ou aube,En agglomération,Intersection en T,Pluie légère,Deux véhicules - arrière,,,,,,,,,,,2,2,3,2.0,2
201400043839,0014-09-15 07:00:00,14,9,15,7,0,940,70,RTE DE MANDRES,48.7198,2.56595,Crépuscule ou aube,Hors agglomération,Hors intersection,Normale,Deux véhicules - arrière,,,,,,,,,,,2,1,1,1.0,2
201400043840,0014-09-23 15:00:00,14,9,23,15,0,940,44,BARBUSSE / CLOCHERS,48.754,2.48557,Plein jour,En agglomération,Intersection en X,Normale,Deux véhicules - côté,,,,,,,,,,,1,2,2,1.0,3
201400043841,0014-09-25 08:15:00,14,9,25,8,15,940,71,LECLERC / MASSENET,48.779,2.51179,Plein jour,En agglomération,Intersection en T,Normale,Deux véhicules - côté,,,,,,,,,,,1,2,3,1.0,3
201400043842,0014-09-30 00:01:00,14,9,30,0,1,940,48,RN19/VALLON,48.7275,2.53934,Nuit avec éclairage allumé,En agglomération,Intersection en X,Normale,Trois véhicules et plus - en chaîne,,,,,,,,,,,5,2,2,1.0,4
201400043843,0014-01-01 22:00:00,14,1,1,22,0,940,17,"52, AV DU 8 MAI 1945",48.8089,2.54096,Nuit avec éclairage allumé,En agglomération,Hors intersection,Pluie légère,Deux véhicules - côté,,,,,,,,,,,5,2,1,2.0,3
201400043844,0014-01-03 16:20:00,14,1,3,16,20,940,17,AV REPUBLIQUE,48.8196,2.51124,Plein jour,En agglomération,Giratoire,Normale,Autre collision,,,,,,,,,,,1,2,6,1.0,6
201400043845,0014-01-07 12:00:00,14,1,7,12,0,940,17,BD DU CHATEAU/AV COLOMBE,48.8113,2.54383,Plein jour,En agglomération,Intersection en X,Normale,Autre collision,,,,,,,,,,,1,2,2,1.0,6
201400043846,0014-01-08 08:15:00,14,1,8,8,15,940,17,AV CARNOT/ R DU MARCHE,48.8117,2.50929,Plein jour,En agglomération,Intersection en X,Normale,Deux véhicules - côté,,,,,,,,,,,1,2,2,1.0,3
201400043847,0014-01-10 15:45:00,14,1,10,15,45,940,17,R JEAN JAURES,48.8137,2.51025,Plein jour,En agglomération,Intersection en X,Normale,Autre collision,,,,,,,,,,,1,2,2,1.0,6
201400043848,0014-01-11 23:50:00,14,1,11,23,50,940,17,"65, AV MARX DORMOY",48.8079,2.52513,Nuit sans éclairage public,En agglomération,Hors intersection,Brouillard / fumée,Trois véhicules et plus - en chaîne,,,,,,,,,,,3,2,1,5.0,4
201400043849,0014-01-17 07:25:00,14,1,17,7,25,940,17,"1, PONT DE NOGENT",48.8309,2.49301,Crépuscule ou aube,En agglomération,Hors intersection,Normale,Deux véhicules - arrière,,,,,,,,,,,2,2,1,1.0,2
201400043850,0014-01-18 11:20:00,14,1,18,11,20,940,17,PL LENINE,48.8122,2.51004,Plein jour,En agglomération,Hors intersection,Normale,Autre collision,,,,,,,,,,,1,2,1,1.0,6
201400043851,0014-01-18 16:10:00,14,1,18,16,10,940,17,BD DE STALINGRAD,48.8225,2.49785,Plein jour,En agglomération,Hors intersection,Normale,Deux véhicules - frontale,,,,,,,,,,,1,2,1,1.0,1
201400043852,0014-01-20 21:00:00,14,1,20,21,0,940,17,153 MAURICE THOREZ,48.8166,2.53869,Nuit avec éclairage allumé,En agglomération,Hors intersection,Normale,Deux véhicules - côté,,,,,,,,,,,5,2,1,1.0,3
201400043853,0014-01-22 06:50:00,14,1,22,6,50,940,17,"29, AV SALVADOR ALLENDE",48.8092,2.54738,Nuit avec éclairage allumé,En agglomération,Hors intersection,Normale,Trois véhicules et plus - en chaîne,,,,,,,,,,,5,2,1,1.0,4
201400043854,0014-01-24 07:40:00,14,1,24,7,40,940,17,AV MAURICE THOREZ,48.8077,2.53583,Crépuscule ou aube,En agglomération,Hors intersection,Normale,Autre collision,,,,,,,,,,,2,2,1,1.0,6
201400043855,0014-01-25 09:05:00,14,1,25,9,5,940,17,REPUBLIQUE /ADAMOV,48.8247,2.51001,Plein jour,En agglomération,Intersection en T,Normale,Autre collision,,,,,,,,,,,1,2,3,1.0,6
201400043856,0014-01-26 21:00:00,14,1,26,21,0,940,17,SALVADOR ALLENDE/R JULES,48.8087,2.54957,Nuit avec éclairage allumé,En agglomération,Giratoire,Temps couvert,Deux véhicules - côté,,,,,,,,,,,5,2,6,8.0,3
201400043857,0014-01-27 21:35:00,14,1,27,21,35,940,17,R E VARLIN/R E VARLIN,48.8261,2.52115,Nuit avec éclairage allumé,En agglomération,Intersection en X,Pluie légère,Deux véhicules - côté,,,,,,,,,,,5,2,2,2.0,3
201400043858,0014-02-02 06:10:00,14,2,2,6,10,940,17,"47, RUE BOIS L ABBE",48.8107,2.54145,Nuit avec éclairage allumé,En agglomération,Hors intersection,Normale,Deux véhicules - frontale,,,,,,,,,,,5,2,1,1.0,1
201400043859,0014-02-02 23:05:00,14,2,2,23,5,940,17,TALAMONI / DUPERTUIS,48.8137,2.51025,Nuit avec éclairage allumé,En agglomération,Intersection en X,Normale,Deux véhicules - côté,,,,,,,,,,,5,2,2,1.0,3
201400043860,0014-02-03 12:50:00,14,2,3,12,50,940,17,"2, R RODIN",48.8055,2.55047,Plein jour,En agglomération,Hors intersection,Normale,Autre collision,,,,,,,,,,,1,2,1,1.0,6
201400043861,0014-02-04 10:00:00,14,2,4,10,0,940,17,DE LAUNAY / THOREZ,48.8112,2.53645,Plein jour,En agglomération,Giratoire,Normale,Deux véhicules - côté,,,,,,,,,,,1,2,6,1.0,3
201400043862,0014-02-04 11:30:00,14,2,4,11,30,940,17,"42, R DE VERDUN",48.8157,2.48975,Plein jour,En agglomération,Hors intersection,Normale,Autre collision,,,,,,,,,,,1,2,1,1.0,6
201400043863,0014-02-08 01:35:00,14,2,8,1,35,940,17,TALAMONI / THOMAS,48.8135,2.51128,Nuit avec éclairage allumé,En agglomération,Intersection en X,Normale,Deux véhicules - côté,,,,,,,,,,,5,2,2,1.0,3
201400043864,0014-02-17 09:00:00,14,2,17,9,0,940,17,VLA CHARLES DE GAULLE,48.8221,2.49328,Plein jour,En agglomération,Hors intersection,Normale,Autre collision,,,,,,,,,,,1,2,1,1.0,6
201400043865,0014-02-17 15:10:00,14,2,17,15,10,940,17,STALINGRAD / ALLIES,48.8296,2.49314,Plein jour,En agglomération,Intersection en T,Normale,Deux véhicules - côté,,,,,,,,,,,1,2,3,1.0,3
201400043866,0014-02-28 09:00:00,14,2,28,9,0,940,17,"24, BD JULES GUESDE",48.8181,2.5097,Plein jour,En agglomération,Hors intersection,Pluie légère,Autre collision,,,,,,,,,,,1,2,1,2.0,6
201400043867,0014-03-02 16:20:00,14,3,2,16,20,940,17,"6, R ALFRED GREVIN",48.8147,2.51892,Plein jour,En agglomération,Intersection en T,Normale,Autre collision,,,,,,,,,,,1,2,3,1.0,6
201400043868,0014-03-08 20:30:00,14,3,8,20,30,940,17,"83, TALAMONI / A TRAIT",48.8128,2.51415,Nuit avec éclairage allumé,En agglomération,Intersection en T,Normale,Deux véhicules - côté,,,,,,,,,,,5,2,3,1.0,3
201400043869,0014-03-09 18:40:00,14,3,9,18,40,940,17,"10, PL LENINE / L'EGLISE",48.8121,2.51154,Crépuscule ou aube,En agglomération,Intersection en T,Normale,Autre collision,,,,,,,,,,,2,2,3,1.0,6
201400043870,0014-03-10 17:50:00,14,3,10,17,50,940,17,"59, R JEAN JAURES",48.8147,2.50768,Plein jour,En agglomération,Hors intersection,Normale,Autre collision,,,,,,,,,,,1,2,1,1.0,6
201400043871,0014-03-11 14:30:00,14,3,11,14,30,940,17,"9, R JULIEN HEULOT",48.8102,2.53915,Plein jour,En agglomération,Hors intersection,Normale,Autre collision,,,,,,,,,,,1,2,1,1.0,6
201400043872,0014-03-15 10:50:00,14,3,15,10,50,940,17,"104, AV DE LA REPUBLIQUE",48.8247,2.51001,Plein jour,En agglomération,Intersection en T,Normale,Autre collision,,,,,,,,,,,1,2,3,1.0,6
201400043873,0014-03-15 20:05:00,14,3,15,20,5,940,17,DORMOY / LARRIS,48.8111,2.51915,Nuit avec éclairage allumé,En agglomération,Intersection en Y,Normale,Trois véhicules et plus - en chaîne,,,,,,,,,,,5,2,4,1.0,4
201400043874,0014-03-16 08:45:00,14,3,16,8,45,940,17,"36, BD DE STALINGRAD",48.8177,2.50827,Plein jour,En agglomération,Hors intersection,Normale,Deux véhicules - côté,,,,,,,,,,,1,2,1,1.0,3
201400043875,0014-03-18 13:35:00,14,3,18,13,35,940,17,"234, BD DE STALINGRAD",48.8276,2.49416,Plein jour,En agglomération,Hors intersection,Normale,Autre collision,,,,,,,,,,,1,2,1,1.0,6
201400043876,0014-03-19 10:25:00,14,3,19,10,25,940,17,"10, BD DE STALINGRAD",48.8175,2.50908,Plein jour,En agglomération,Hors intersection,Normale,Autre collision,,,,,,,,,,,1,2,1,1.0,6
201400043877,0014-03-19 18:40:00,14,3,19,18,40,940,17,"198, GENERAL DE GAULLE",48.8262,2.50496,Crépuscule ou aube,En agglomération,Hors intersection,Normale,Autre collision,,,,,,,,,,,2,2,1,1.0,6
201400043878,0014-03-19 22:10:00,14,3,19,22,10,940,17,"64, R LOUIS TALAMONI",48.8125,2.51492,Nuit avec éclairage non allumé,En agglomération,Hors intersection,Normale,Trois véhicules et plus - en chaîne,,,,,,,,,,,4,2,1,1.0,4
201400043879,0014-02-20 17:50:00,14,2,20,17,50,940,17,THOREZ / DELAUNAY,48.8117,2.53644,Crépuscule ou aube,En agglomération,Intersection en X,Pluie légère,Deux véhicules - côté,,,,,,,,,,,2,2,2,2.0,3
201400043880,0014-03-21 12:00:00,14,3,21,12,0,940,17,BD DE STALINGRAD,48.8216,2.49903,Plein jour,En agglomération,Hors intersection,Normale,Deux véhicules - frontale,,,,,,,,,,,1,2,1,1.0,1
201400043881,0014-03-22 01:45:00,14,3,22,1,45,940,17,"46, JEAN JAURES",48.815,2.50666,Nuit avec éclairage allumé,En agglomération,Hors intersection,Normale,Deux véhicules - côté,,,,,,,,,,,5,2,1,1.0,3
201400043882,0014-03-25 10:35:00,14,3,25,10,35,940,17,"37, AV SALVADOR ALLENDE",48.8091,2.54817,Plein jour,En agglomération,Hors intersection,Normale,Deux véhicules - côté,,,,,,,,,,,1,2,1,1.0,3
201400043883,0014-03-25 22:00:00,14,3,25,22,0,940,17,R LOUIS TALAMONI,48.8132,2.51251,Nuit avec éclairage allumé,En agglomération,Hors intersection,Normale,Autre collision,,,,,,,,,,,5,2,1,1.0,6
201400043884,0014-04-03 08:40:00,14,4,3,8,40,940,17,CHARLES DE GAULLE/MARAI,48.8271,2.51794,Plein jour,En agglomération,Intersection en X,Normale,Deux véhicules - frontale,,,,,,,,,,,1,2,2,1.0,1
201400043885,0014-04-06 00:01:00,14,4,6,0,1,940,17,DE GAULLE / BIGNON,48.8216,2.48962,Nuit avec éclairage allumé,En agglomération,Intersection en X,Normale,Deux véhicules - côté,,,,,,,,,,,5,2,2,1.0,3
201400043886,0014-04-13 19:10:00,14,4,13,19,10,940,17,MITTERRAND / REPUBLIQUE,48.8162,2.51225,Plein jour,En agglomération,Giratoire,Normale,Deux véhicules - arrière,,,,,,,,,,,1,2,6,1.0,2
201400043887,0014-04-15 16:35:00,14,4,15,16,35,940,17,DELAUNAY / THOREZ,48.8117,2.53644,Plein jour,En agglomération,Giratoire,Normale,Deux véhicules - côté,,,,,,,,,,,1,2,6,1.0,3
201400043888,0014-04-16 18:00:00,14,4,16,18,0,940,17,"20, JULIEN HEULOT",48.8095,2.5394,Plein jour,En agglomération,Hors intersection,Normale,Autre collision,,,,,,,,,,,1,2,1,1.0,6
201400043889,0014-04-18 17:20:00,14,4,18,17,20,940,17,"76, JEAN JAURES",48.8141,2.50912,Plein jour,En agglomération,Hors intersection,Normale,Deux véhicules - frontale,,,,,,,,,,,1,2,1,1.0,1
201400043890,0014-04-20 03:35:00,14,4,20,3,35,940,17,PONT NOGENT/PONT NOGENT,48.8306,2.49313,Nuit avec éclairage allumé,En agglomération,Intersection en X,Normale,Deux véhicules - côté,,,,,,,,,,,5,2,2,1.0,3
201400043891,0014-04-22 18:00:00,14,4,22,18,0,940,17,FLOQUET / GALLIENI,48.814,2.48054,Plein jour,En agglomération,Intersection en T,Pluie légère,Deux véhicules - côté,,,,,,,,,,,1,2,3,2.0,3
201400043892,0014-04-23 17:30:00,14,4,23,17,30,940,17,GERMINAL,48.8235,2.50933,Plein jour,En agglomération,Hors intersection,Normale,Autre collision,,,,,,,,,,,1,2,1,1.0,6
201400043893,0014-04-26 13:00:00,14,4,26,13,0,940,17,LOUCHEUR / REPUBLIQUE,48.8235,2.51027,Plein jour,En agglomération,Intersection en X,Pluie légère,Deux véhicules - côté,,,,,,,,,,,1,2,2,2.0,3
201400043894,0014-04-29 17:35:00,14,4,29,17,35,940,17,"4, SOLOMON / RAMEAU",48.8051,2.547,Plein jour,En agglomération,Intersection en T,Pluie légère,Deux véhicules - côté,,,,,,,,,,,1,2,3,2.0,3
201400043895,0014-05-03 19:00:00,14,5,3,19,0,940,17,VERDUN / BERNHARDT,48.8149,2.49462,Plein jour,En agglomération,Intersection en T,Normale,Deux véhicules - côté,,,,,,,,,,,1,2,3,1.0,3
201400043896,0014-04-30 08:05:00,14,4,30,8,5,940,17,AV MAURICE THOREZ,48.8104,2.53646,Plein jour,En agglomération,Hors intersection,Normale,Autre collision,,,,,,,,,,,1,2,1,1.0,6
201400043897,0014-05-11 16:45:00,14,5,11,16,45,940,17,STALINGRAD / BRIAND,48.8217,2.49883,Plein jour,En agglomération,Intersection en X,Pluie légère,Deux véhicules - côté,,,,,,,,,,,1,2,2,2.0,3
201400043898,0014-05-13 20:00:00,14,5,13,20,0,940,17,"144, ROGER SALENGRO",48.8163,2.50134,Plein jour,En agglomération,Hors intersection,Normale,Trois véhicules et plus - en chaîne,,,,,,,,,,,1,2,1,1.0,4
201400043899,0014-05-16 19:05:00,14,5,16,19,5,940,17,STALINGRAD / BRIAND,48.8217,2.49883,Plein jour,En agglomération,Intersection en X,Normale,Deux véhicules - côté,,,,,,,,,,,1,2,2,1.0,3
201400043900,0014-05-19 19:00:00,14,5,19,19,0,940,17,FOURNY / CROIZAT,48.8193,2.52699,Plein jour,En agglomération,Intersection en X,Normale,Deux véhicules - côté,,,,,,,,,,,1,2,2,1.0,3
201400043901,0014-05-24 19:30:00,14,5,24,19,30,940,17,AV MARX DORMOY,48.808,2.52491,Plein jour,En agglomération,Intersection en Y,Normale,Deux véhicules - arrière,,,,,,,,,,,1,2,4,1.0,2
201400043902,0014-05-25 15:45:00,14,5,25,15,45,940,17,"174, DE GAULLE / OHRESSE",48.8247,2.50001,Plein jour,En agglomération,Intersection en T,Normale,Deux véhicules - arrière,,,,,,,,,,,1,2,3,1.0,2
201400043903,0014-06-04 12:00:00,14,6,4,12,0,940,17,MITTERRAND / STALINGRAD,48.8163,2.5118,Plein jour,En agglomération,Giratoire,Pluie légère,Autre collision,,,,,,,,,,,1,2,6,2.0,6
201400043904,0014-06-08 15:20:00,14,6,8,15,20,940,17,THOMAS / CHAMPIGNY,48.8108,2.5102,Plein jour,En agglomération,Intersection en X,Normale,Autre collision,,,,,,,,,,,1,2,2,1.0,6
201400043905,0014-06-10 17:00:00,14,6,10,17,0,940,17,"48, R LOUIS TALAMONI",48.8129,2.51392,Plein jour,En agglomération,Hors intersection,Normale,Autre collision,,,,,,,,,,,1,2,1,1.0,6
201400043906,0014-06-14 03:25:00,14,6,14,3,25,940,17,DE GAULLE / STALINGRAD,48.8237,2.49643,Nuit avec éclairage allumé,En agglomération,Intersection en X,Normale,Deux véhicules - côté,,,,,,,,,,,5,2,2,1.0,3
201400043907,0014-06-20 08:35:00,14,6,20,8,35,940,17,AV DE LA REPUBLIQUE,48.818,2.51162,Plein jour,En agglomération,Hors intersection,Normale,Deux véhicules - côté,,,,,,,,,,,1,2,1,1.0,3