accident_id,datetime,annee,mois,jour,heure,minute,departement,commune_insee,adresse,latitude,longitude,luminosite,agglomeration,intersection,meteo,collision,nb_vehicules,nb_usagers,nb_indemnes,nb_tues,nb_blesses_hosp,nb_blesses_legers,age_cond_1,age_cond_2,veh_type_cond_1,veh_type_cond_2,lum_code,agg_code,int_code,atm_code,col_code
201400044033,0014-03-06 19:10:00,14,3,6,19,10,940,55,"85, RTE DE PROVINS",48.7935,2.55466,Nuit avec éclairage allumé,En agglomération,Hors intersection,Normale,Deux véhicules - arrière,,,,,,,,,,,5,2,1,1.0,2
201400044034,0014-03-09 12:15:00,14,3,9,12,15,940,59,"7, AV SAINT-PIERRE",48.8066,2.57467,Plein jour,En agglomération,Hors intersection,Normale,Deux véhicules - arrière,,,,,,,,,,,1,2,1,1.0,2
201400044035,0014-03-09 16:45:00,14,3,9,16,45,940,55,AV O D'ORMESSON/COTEAUX,48.7808,2.52588,Plein jour,En agglomération,Intersection en T,Normale,Deux véhicules - côté,,,,,,,,,,,1,2,3,1.0,3
201400044036,0014-03-10 09:05:00,14,3,10,9,5,940,79,"48, DE GAULLE / DEBAIZE",48.8274,2.5423,Plein jour,En agglomération,Intersection en X,Normale,Autre collision,,,,,,,,,,,1,2,2,1.0,6
201400044037,0014-03-13 12:00:00,14,3,13,12,0,940,79,LECOMTE/11 NOVEMBRE 1918,48.83,2.54485,Plein jour,En agglomération,Intersection en X,Temps éblouissant,Autre collision,,,,,,,,,,,1,2,2,7.0,6
201400044038,0014-03-14 18:55:00,14,3,14,18,55,940,19,AV DU MOULIN A VENT,48.7868,2.53059,Nuit avec éclairage allumé,En agglomération,Giratoire,Normale,Autre collision,,,,,,,,,,,5,2,6,1.0,6
201400044039,0014-03-15 12:05:00,14,3,15,12,5,940,59,"65, AV DE COMBAULT",48.8044,2.58926,Plein jour,En agglomération,Hors intersection,Normale,Deux véhicules - côté,,,,,,,,,,,1,2,1,1.0,3
201400044040,0014-03-23 22:15:00,14,3,23,22,15,940,60,DE GAULLE / NOISEAU,48.7819,2.57019,Nuit avec éclairage allumé,En agglomération,Intersection en X,Normale,Deux véhicules - côté,,,,,,,,,,,5,2,2,1.0,3
201400044041,0014-03-27 21:35:00,14,3,27,21,35,940,55,CENTRE / D'AMBOILE,48.7865,2.53077,Nuit avec éclairage allumé,En agglomération,Intersection en T,Normale,Deux véhicules - côté,,,,,,,,,,,5,2,3,1.0,3
201400044042,0014-03-28 19:55:00,14,3,28,19,55,940,79,CHAMPIGNY / PROFESSEUR R,48.8255,2.53523,Nuit avec éclairage allumé,En agglomération,Intersection en X,Normale,Deux véhicules - côté,,,,,,,,,,,5,2,2,1.0,3
201400044043,0014-04-04 06:50:00,14,4,4,6,50,940,79,ROUY / PERROQUETS,48.8235,2.54491,Nuit sans éclairage public,En agglomération,Giratoire,Normale,Deux véhicules - côté,,,,,,,,,,,3,2,6,1.0,3
201400044044,0014-04-04 17:05:00,14,4,4,17,5,940,60,"31, GENERAL DE GAULLE",48.7802,2.57685,Plein jour,En agglomération,Hors intersection,Temps couvert,Autre collision,,,,,,,,,,,1,2,1,8.0,6
201400044045,0014-04-14 17:10:00,14,4,14,17,10,940,19,L'HIPPODROME / PINCE VEN,48.7937,2.55914,Plein jour,En agglomération,Giratoire,Normale,Deux véhicules - côté,,,,,,,,,,,1,2,6,1.0,3
201400044046,0014-04-19 19:45:00,14,4,19,19,45,940,79,PARIS / PLATANES,48.829,2.55517,Plein jour,En agglomération,Intersection en T,Normale,Deux véhicules - côté,,,,,,,,,,,1,2,3,1.0,3
201400044047,0014-04-22 17:10:00,14,4,22,17,10,940,55,"99, GENERAL DE GAULLE",48.7905,2.53425,Plein jour,En agglomération,Hors intersection,Pluie forte,Deux véhicules - côté,,,,,,,,,,,1,2,1,3.0,3
201400044048,0014-05-09 15:10:00,14,5,9,15,10,940,53,RTE DE LA QUEUE-EN-BRIE,48.7812,2.56346,Plein jour,Hors agglomération,Hors intersection,Normale,Trois véhicules et plus - collisions multiples,,,,,,,,,,,1,1,1,1.0,5
201400044049,0014-04-26 20:35:00,14,4,26,20,35,940,60,DE GAULLE / LA POMPE,48.7797,2.58045,Nuit avec éclairage allumé,En agglomération,Intersection en T,Pluie légère,Trois véhicules et plus - en chaîne,,,,,,,,,,,5,2,3,2.0,4
201400044050,0014-05-10 02:50:00,14,5,10,2,50,940,19,LIBERATION / COEUILLY,48.8027,2.53855,Nuit avec éclairage allumé,En agglomération,Intersection en X,Normale,Deux véhicules - côté,,,,,,,,,,,5,2,2,1.0,3
201400044051,0014-05-16 20:35:00,14,5,16,20,35,940,19,"40, SUCY / CASENAVE",48.7876,2.52065,Crépuscule ou aube,En agglomération,Intersection en Y,Normale,Deux véhicules - frontale,,,,,,,,,,,2,2,4,1.0,1
201400044052,0014-05-22 18:13:00,14,5,22,18,13,940,19,"2, AV CHAMPLAIN",48.7989,2.55895,Plein jour,En agglomération,Intersection en T,Normale,Trois véhicules et plus - en chaîne,,,,,,,,,,,1,2,3,1.0,4
201400044053,0014-05-26 15:05:00,14,5,26,15,5,940,79,LAFON / NOISY,48.8323,2.5449,Plein jour,En agglomération,Intersection en X,Pluie légère,Deux véhicules - côté,,,,,,,,,,,1,2,2,2.0,3
201400044054,0014-05-26 16:30:00,14,5,26,16,30,940,60,RTE DE NOISEAU,48.7816,2.56768,Plein jour,Hors agglomération,Hors intersection,Pluie légère,Deux véhicules - arrière,,,,,,,,,,,1,1,1,2.0,2
201400044055,0014-05-26 17:30:00,14,5,26,17,30,940,55,"81, RTE DE PROVINS",48.7929,2.55391,Plein jour,En agglomération,Hors intersection,Normale,Trois véhicules et plus - en chaîne,,,,,,,,,,,1,2,1,1.0,4
201400044056,0014-05-31 16:20:00,14,5,31,16,20,940,19,BORDES / ADER,48.7983,2.55373,Plein jour,En agglomération,Intersection en T,Normale,Autre collision,,,,,,,,,,,1,2,3,1.0,6
201400044057,0014-06-06 18:15:00,14,6,6,18,15,940,79,CLAUDEL / 8 MAI 1945,48.8293,2.55088,Plein jour,En agglomération,Intersection en X,Normale,Deux véhicules - côté,,,,,,,,,,,1,2,2,1.0,3
201400044058,0014-06-11 19:15:00,14,6,11,19,15,940,59,MARECHALE / LAMARTINE,48.8135,2.57206,Plein jour,En agglomération,Intersection en T,Normale,Deux véhicules - côté,,,,,,,,,,,1,2,3,1.0,3
201400044059,0014-06-12 12:10:00,14,6,12,12,10,940,19,BRIAND / VIEJO,48.8052,2.53205,Plein jour,En agglomération,Intersection en X,Normale,Autre collision,,,,,,,,,,,1,2,2,1.0,6
201400044060,0014-06-13 19:10:00,14,6,13,19,10,940,79,AV ANDRE ROUY,48.8228,2.55007,Plein jour,En agglomération,Hors intersection,Normale,Deux véhicules - côté,,,,,,,,,,,1,2,1,1.0,3
201400044061,0014-06-13 19:30:00,14,6,13,19,30,940,79,MOUSQUETAIRES / COMBAULT,48.8228,2.55958,Plein jour,En agglomération,Intersection en X,Normale,Deux véhicules - côté,,,,,,,,,,,1,2,2,1.0,3
201400044062,0014-06-14 12:00:00,14,6,14,12,0,940,79,GALLIENI / CLOSEAU,48.825,2.54068,Plein jour,En agglomération,Intersection en T,Normale,Deux véhicules - arrière,,,,,,,,,,,1,2,3,1.0,2
201400044063,0014-06-21 10:30:00,14,6,21,10,30,940,79,R DU DOCTEUR FILLIOUX,48.8235,2.55322,Plein jour,En agglomération,Hors intersection,Normale,Deux véhicules - frontale,,,,,,,,,,,1,2,1,1.0,1
201400044064,0014-06-21 11:30:00,14,6,21,11,30,940,55,CANTOUX / CASANOVA,48.7907,2.54916,Plein jour,En agglomération,Intersection en X,Normale,Deux véhicules - côté,,,,,,,,,,,1,2,2,1.0,3
201400044065,0014-06-22 19:45:00,14,6,22,19,45,940,79,MONNET / FRIEDBERG,48.835,2.54715,Plein jour,En agglomération,Intersection en X,Normale,Deux véhicules - côté,,,,,,,,,,,1,2,2,1.0,3
201400044066,0014-06-25 17:00:00,14,6,25,17,0,940,19,8 MAI 1945 / LIBERATION,48.8052,2.53205,Plein jour,En agglomération,Giratoire,Normale,Deux véhicules - côté,,,,,,,,,,,1,2,6,1.0,3
201400044067,0014-06-29 01:00:00,14,6,29,1,0,940,60,R DU GENERAL DE GAULLE,48.7804,2.57572,Nuit avec éclairage allumé,En agglomération,Hors intersection,Pluie légère,Deux véhicules - frontale,,,,,,,,,,,5,2,1,2.0,1
201400044068,0014-07-03 20:45:00,14,7,3,20,45,940,19,RTE DE LA LIBERATION,48.8051,2.53439,Crépuscule ou aube,En agglomération,Hors intersection,Normale,Autre collision,,,,,,,,,,,2,2,1,1.0,6
201400044069,0014-07-04 17:47:00,14,7,4,17,47,940,55,D'ORMESSON / CENTRE,48.7809,2.52418,Plein jour,En agglomération,Intersection en T,Normale,Deux véhicules - côté,,,,,,,,,,,1,2,3,1.0,3
201400044070,0014-07-06 11:40:00,14,7,6,11,40,940,60,R DU GENERAL DE GAULLE,48.7789,2.58494,Plein jour,Hors agglomération,Hors intersection,Pluie forte,Autre collision,,,,,,,,,,,1,1,1,3.0,6
201400044071,0014-07-19 12:05:00,14,7,19,12,5,940,55,CENTRE / DRIANT,48.7847,2.52785,Plein jour,En agglomération,Intersection en T,Normale,Deux véhicules - côté,,,,,,,,,,,1,2,3,1.0,3
201400044072,0014-07-25 19:15:00,14,7,25,19,15,940,19,R DU PONT,48.7954,2.52898,Plein jour,En agglomération,Hors intersection,Normale,Trois véhicules et plus - en chaîne,,,,,,,,,,,1,2,1,1.0,4
201400044073,0014-07-28 17:25:00,14,7,28,17,25,940,19,BRIAND/PLAINE,48.797,2.53357,Plein jour,En agglomération,Intersection en T,Normale,Deux véhicules - côté,,,,,,,,,,,1,2,3,1.0,3
201400044074,0014-08-07 19:10:00,14,8,7,19,10,940,53,MENDES / CARNOT,48.7768,2.55106,Crépuscule ou aube,En agglomération,Intersection en T,Normale,Deux véhicules - arrière,,,,,,,,,,,2,2,3,1.0,2
201400044075,0014-08-08 20:00:00,14,8,8,20,0,940,79,FRIEDBERG / JARDINS,48.831,2.54052,Plein jour,En agglomération,Intersection en T,Pluie légère,Autre collision,,,,,,,,,,,1,2,3,2.0,6
201400044076,0014-08-11 15:05:00,14,8,11,15,5,940,59,BLANCHE / VILLIERS,48.8181,2.55838,Plein jour,En agglomération,Intersection en X,Normale,Deux véhicules - côté,,,,,,,,,,,1,2,2,1.0,3
201400044077,0014-08-13 01:55:00,14,8,13,1,55,940,55,"220, AV O D'ORMESSON",48.7848,2.53808,Nuit avec éclairage allumé,En agglomération,Hors intersection,Normale,Autre collision,,,,,,,,,,,5,2,1,1.0,6
201400044078,0014-08-27 09:20:00,14,8,27,9,20,940,59,SAINT PIERRE / DE GAULLE,48.8084,2.57754,Plein jour,En agglomération,Intersection à plus de 4 branches,Normale,Deux véhicules - côté,,,,,,,,,,,1,2,5,1.0,3
201400044079,0014-08-28 19:00:00,14,8,28,19,0,940,53,"24, QUEUE-EN-BRIE",48.7792,2.55699,Plein jour,Hors agglomération,Hors intersection,Normale,Trois véhicules et plus - collisions multiples,,,,,,,,,,,1,1,1,1.0,5
201400044080,0014-08-29 22:00:00,14,8,29,22,0,940,79,FRIEDBERG / LAFON,48.8328,2.5442,Nuit avec éclairage allumé,En agglomération,Intersection en X,Normale,Deux véhicules - arrière,,,,,,,,,,,5,2,2,1.0,2
201400044081,0014-08-30 18:00:00,14,8,30,18,0,940,79,AV ANDRE ROUY,48.823,2.54917,Plein jour,En agglomération,Hors intersection,Normale,Autre collision,,,,,,,,,,,1,2,1,1.0,6
201400044082,0014-09-04 08:40:00,14,9,4,8,40,940,55,D ORMESSON / 2 COMMUNES,48.7809,2.51956,Plein jour,En agglomération,Intersection en T,Normale,Deux véhicules - côté,,,,,,,,,,,1,2,3,1.0,3
201400044083,0014-09-10 21:10:00,14,9,10,21,10,940,60,DE  GAULE / JAURES,48.78,2.5781,Nuit avec éclairage allumé,En agglomération,Intersection en X,Normale,Deux véhicules - côté,,,,,,,,,,,5,2,2,1.0,3
201400044084,0014-09-12 18:20:00,14,9,12,18,20,940,19,CHATEAUBRIAN / DESCARTES,48.7991,2.54084,Plein jour,En agglomération,Giratoire,Normale,Deux véhicules - côté,,,,,,,,,,,1,2,6,1.0,3
201400044085,0014-09-19 07:35:00,14,9,19,7,35,940,55,CANTOUX / PERDRIX,48.7906,2.55007,Plein jour,En agglomération,Intersection en X,Normale,Deux véhicules - côté,,,,,,,,,,,1,2,2,1.0,3
201400044086,0014-09-26 16:50:00,14,9,26,16,50,940,60,GEORGES POMPIDOU,48.7936,2.56661,Plein jour,En agglomération,Hors intersection,Normale,Deux véhicules - côté,,,,,,,,,,,1,2,1,1.0,3
201400044087,0014-10-02 11:50:00,14,10,2,11,50,940,79,"26, GENERAL DE GAULLE (R",,,Plein jour,En agglomération,Hors intersection,Normale,Deux véhicules - côté,,,,,,,,,,,1,2,1,1.0,3
201400044088,0014-10-02 14:00:00,14,10,2,14,0,940,59,GONZALVE (AV),,,Plein jour,En agglomération,Intersection en Y,Normale,Deux véhicules - côté,,,,,,,,,,,1,2,4,1.0,3
201400044089,0014-10-03 12:25:00,14,10,3,12,25,940,79,"55, ANDRE ROUY (R)",,,Plein jour,En agglomération,Hors intersection,Normale,Autre collision,,,,,,,,,,,1,2,1,1.0,6
201400044090,0014-10-13 16:00:00,14,10,13,16,0,940,19,FUSILLES DE CHATEAUBRIAN,,,Plein jour,En agglomération,Hors intersection,Normale,Deux véhicules - côté,,,,,,,,,,,1,2,1,1.0,3
201400044091,0014-10-14 18:00:00,14,10,14,18,0,940,79,"12, MAURICE BERTEAUX (R)",,,Plein jour,En agglomération,Intersection en X,Normale,Autre collision,,,,,,,,,,,1,2,2,1.0,6
201400044092,0014-10-16 13:30:00,14,10,16,13,30,940,53,"9, LEON BLUM (R)",,,Plein jour,En agglomération,Hors intersection,Temps couvert,Autre collision,,,,,,,,,,,1,2,1,8.0,6
201400044093,0014-10-18 19:24:00,14,10,18,19,24,940,19,"23, REPUBLIQUE (R DE LA)",,,Nuit avec éclairage allumé,En agglomération,Hors intersection,Normale,Autre collision,,,,,,,,,,,5,2,1,1.0,6
201400044094,0014-10-21 06:55:00,14,10,21,6,55,940,55,"13, PROVINS (RTE DE)",,,Crépuscule ou aube,En agglomération,Intersection en X,Normale,Deux véhicules - frontale,,,,,,,,,,,2,2,2,1.0,1
201400044095,0014-11-01 06:15:00,14,11,1,6,15,940,60,GENERAL DE GAULLE (R DU),,,Plein jour,En agglomération,Intersection en X,Normale,Deux véhicules - côté,,,,,,,,,,,1,2,2,1.0,3
201400044096,0014-11-04 09:00:00,14,11,4,9,0,940,19,DOCTEUR BRING (R DU),,,Plein jour,En agglomération,Intersection en X,Temps couvert,Autre collision,,,,,,,,,,,1,2,2,8.0,6
201400044097,0014-11-04 15:50:00,14,11,4,15,50,940,60,DUNOYER DE SEGONZAC (R),,,Plein jour,En agglomération,Hors intersection,Normale,Deux véhicules - arrière,,,,,,,,,,,1,2,1,1.0,2
201400044098,0014-11-15 23:35:00,14,11,15,23,35,940,60,"5-7-9, PIERRE DE COUBERT",,,Nuit avec éclairage allumé,En agglomération,Hors intersection,Normale,Sans collision,,,,,,,,,,,5,2,1,1.0,7
201400044099,0014-11-16 11:50:00,14,11,16,11,50,940,59,"73, MAURICE BERTEAUX (AV",,,Plein jour,En agglomération,Hors intersection,Pluie légère,Autre collision,,,,,,,,,,,1,2,1,2.0,6
201400044100,0014-11-12 11:15:00,14,11,12,11,15,940,53,"46, GRANDE RUE PIERRE ME",,,Plein jour,En agglomération,Hors intersection,Normale,Deux véhicules - arrière,,,,,,,,,,,1,2,1,1.0,2
201400044101,0014-11-13 18:00:00,14,11,13,18,0,940,19,LIBERATION (RTE DE LA),,,Crépuscule ou aube,En agglomération,Intersection à plus de 4 branches,Normale,Deux véhicules - côté,,,,,,,,,,,2,2,5,1.0,3
201400044102,0014-11-13 21:15:00,14,11,13,21,15,940,60,POMPIDOU/PEGUY,,,Nuit avec éclairage allumé,En agglomération,Intersection à plus de 4 branches,Normale,Deux véhicules - côté,,,,,,,,,,,5,2,5,1.0,3
201400044103,0014-11-16 17:30:00,14,11,16,17,30,940,19,L'HIPPODROME (AV DE),,,Crépuscule ou aube,En agglomération,Hors intersection,Autre,Autre collision,,,,,,,,,,,2,2,1,9.0,6
201400044104,0014-11-20 08:00:00,14,11,20,8,0,940,79,GALLET (R),,,Plein jour,En agglomération,Hors intersection,Normale,Autre collision,,,,,,,,,,,1,2,1,1.0,6
201400044105,0014-11-26 17:00:00,14,11,26,17,0,940,19,RABELAIS (R),,,Crépuscule ou aube,En agglomération,Hors intersection,Normale,Autre collision,,,,,,,,,,,2,2,1,1.0,6
201400044106,0014-11-26 19:05:00,14,11,26,19,5,940,79,BRY (RTE DE),,,Crépuscule ou aube,En agglomération,Giratoire,Pluie légère,Autre collision,,,,,,,,,,,2,2,6,2.0,6
201400044107,0014-11-28 10:00:00,14,11,28,10,0,940,19,JULES VIEJO (R),,,Plein jour,En agglomération,Hors intersection,Normale,Autre collision,,,,,,,,,,,1,2,1,1.0,6
201400044108,0014-11-30 13:30:00,14,11,30,13,30,940,19,CLEMENT ADER (R),,,Plein jour,En agglomération,Hors intersection,Normale,Autre collision,,,,,,,,,,,1,2,1,1.0,6
201400044109,0014-11-23 10:00:00,14,11,23,10,0,940,55,"122, OLIVIER D ORMESSON",,,Plein jour,En agglomération,Hors intersection,Normale,Deux véhicules - frontale,,,,,,,,,,,1,2,1,1.0,1
201400044110,0014-11-05 08:15:00,14,11,5,8,15,940,19,GENERAL DE GAULLE (R DU),,,Plein jour,En agglomération,Intersection en X,Normale,Autre collision,,,,,,,,,,,1,2,2,1.0,6
201400044111,0014-12-05 14:00:00,14,12,5,14,0,940,79,"29, FRIEDBERG (BD DE)",,,Plein jour,En agglomération,Hors intersection,Normale,Autre collision,,,,,,,,,,,1,2,1,1.0,6
201400044112,0014-12-05 14:10:00,14,12,5,14,10,940,19,BORDES (R DES),,,Plein jour,En agglomération,Hors intersection,Normale,Autre collision,,,,,,,,,,,1,2,1,1.0,6
201400044113,0014-12-10 17:50:00,14,12,10,17,50,940,79,"51, ANDRE ROUY (R)",,,Crépuscule ou aube,En agglomération,Hors intersection,Pluie légère,Autre collision,,,,,,,,,,,2,2,1,2.0,6
201400044114,0014-12-11 06:30:00,14,12,11,6,30,940,79,CHENNEVIERES (R DE),,,Nuit avec éclairage allumé,En agglomération,Intersection en X,Temps couvert,Deux véhicules - côté,,,,,,,,,,,5,2,2,8.0,3
201400044115,0014-12-12 18:00:00,14,12,12,18,0,940,55,BIRAGUE (R DE),,,Nuit avec éclairage allumé,En agglomération,Intersection en T,Pluie légère,Autre collision,,,,,,,,,,,5,2,3,2.0,6
201400044116,0014-12-13 12:00:00,14,12,13,12,0,940,79,GENERAL DE GAULLE (R DU),,,Plein jour,En agglomération,Hors intersection,Pluie légère,Autre collision,,,,,,,,,,,1,2,1,2.0,6
201400044117,0014-12-16 12:10:00,14,12,16,12,10,940,79,MOUSQUETAIRES (AV DES),,,Plein jour,En agglomération,Hors intersection,Temps couvert,Autre collision,,,,,,,,,,,1,2,1,8.0,6
201400044118,0014-12-18 11:15:00,14,12,18,11,15,940,79,JEAN MONNET (BD),,,Plein jour,En agglomération,Hors intersection,Pluie légère,Autre collision,,,,,,,,,,,1,2,1,2.0,6
201400044119,0014-12-20 17:10:00,14,12,20,17,10,940,55,WLADIMIR D ORMESSON (AV),,,Crépuscule ou aube,En agglomération,Hors intersection,Pluie légère,Trois véhicules et plus - collisions multiples,,,,,,,,,,,2,2,1,2.0,5
201400044120,0014-12-26 20:10:00,14,12,26,20,10,940,55,WLADIMIR D ORMESSON (AV),,,Nuit avec éclairage allumé,En agglomération,Hors intersection,Pluie légère,Deux véhicules - arrière,,,,,,,,,,,5,2,1,2.0,2
201400044121,0014-12-24 18:10:00,14,12,24,18,10,940,60,DUNOYER DE SEGONZAC (R),,,Nuit avec éclairage allumé,En agglomération,Intersection à plus de 4 branches,Pluie légère,Autre collision,,,,,,,,,,,5,2,5,2.0,6
201400044122,0014-04-18 23:10:00,14,4,18,23,10,940,54,VICTOIRE / BARBUSSE,48.7451,2.38857,Nuit avec éclairage allumé,En agglomération,Intersection en X,Normale,Trois véhicules et plus - collisions multiples,,,,,,,,,,,5,2,2,1.0,5
201400044123,0014-04-19 07:00:00,14,4,19,7,0,940,22,VILLENEUVE SAINT-GEORGES,48.7589,2.42334,Plein jour,En agglomération,Hors intersection,Normale,Autre collision,,,,,,,,,,,1,2,1,1.0,6
201400044124,0014-12-30 11:20:00,14,12,30,11,20,940,22,"31, ALLIES (BD DES)",,,Plein jour,En agglomération,Hors intersection,Normale,Deux véhicules - arrière,,,,,,,,,,,1,2,1,1.0,2
201400044125,0014-04-20 18:50:00,14,4,20,18,50,940,22,MARECHAL / LECLERC,48.7613,2.40324,Plein jour,En agglomération,Giratoire,Normale,Deux véhicules - côté,,,,,,,,,,,1,2,6,1.0,3
201400044126,0014-02-11 16:32:00,14,2,11,16,32,940,54,NUNGESSER/ BARBUSSE,48.7402,2.38877,Plein jour,En agglomération,Intersection en T,Pluie légère,Deux véhicules - côté,,,,,,,,,,,1,2,3,2.0,3
201400044127,0014-01-06 11:50:00,14,1,6,11,50,940,22,"103, R MIRABEAU",48.7638,2.42154,Plein jour,En agglomération,Hors intersection,Normale,Autre collision,,,,,,,,,,,1,2,1,1.0,6
201400044128,0014-04-24 03:15:00,14,4,24,3,15,940,22,HUGO / D'ALSACE LORRAINE,48.7687,2.42064,Nuit avec éclairage allumé,En agglomération,Intersection en X,Normale,Autre collision,,,,,,,,,,,5,2,2,1.0,6
201400044129,0014-04-25 12:55:00,14,4,25,12,55,940,22,ANATOLE / ALPHONSE BRAUL,48.7615,2.41123,Plein jour,En agglomération,Intersection en T,Pluie légère,Autre collision,,,,,,,,,,,1,2,3,2.0,6
201400044130,0014-04-26 13:10:00,14,4,26,13,10,940,54,BAS MARIN / MAILLARD,48.7476,2.38928,Plein jour,Hors agglomération,Intersection en T,Pluie légère,Deux véhicules - côté,,,,,,,,,,,1,1,3,2.0,3
201400044131,0014-08-16 13:30:00,14,8,16,13,30,940,73,STALINGRAD/A86,48.7728,2.40001,Plein jour,En agglomération,Intersection en T,Normale,Autre collision,,,,,,,,,,,1,2,3,1.0,6
201400044132,0014-12-10 07:50:00,14,12,10,7,50,940,54,"75, MARTYRS DE CHATEAUBR",,,Crépuscule ou aube,En agglomération,Intersection en X,Pluie légère,Autre collision,,,,,,,,,,,2,2,2,2.0,6
201400044133,0014-12-10 18:10:00,14,12,10,18,10,940,54,"face 31, ONZE NOVEMBRE 1",,,Nuit sans éclairage public,En agglomération,Hors intersection,Pluie légère,Deux véhicules - arrière,,,,,,,,,,,3,2,1,2.0,2
201400044134,0014-01-13 19:00:00,14,1,13,19,0,940,73,"10,BD DE STALINGRAD",48.7674,2.40349,Nuit avec éclairage allumé,En agglomération,Hors intersection,Pluie légère,Trois véhicules et plus - en chaîne,,,,,,,,,,,5,2,1,2.0,4
201400044135,0014-12-11 16:30:00,14,12,11,16,30,940,22,"4, JEAN JAURES (R)",,,Crépuscule ou aube,En agglomération,Autre intersection,Pluie légère,Autre collision,,,,,,,,,,,2,2,9,2.0,6
201400044136,0014-01-17 07:35:00,14,1,17,7,35,940,22,AV DE NEWBURN/AV RONDU,48.7576,2.40998,Crépuscule ou aube,En agglomération,Intersection en X,Normale,Deux véhicules - côté,,,,,,,,,,,2,2,2,1.0,3
201400044137,0014-05-22 15:00:00,14,5,22,15,0,940,22,HUGO / LORRAINE,48.7687,2.42064,Plein jour,En agglomération,Intersection en X,Normale,Deux véhicules - côté,,,,,,,,,,,1,2,2,1.0,3
201400044138,0014-05-04 13:30:00,14,5,4,13,30,940,22,"6/8, AV VICTOR HUGO",48.7669,2.41545,Plein jour,En agglomération,Hors intersection,Normale,Autre collision,,,,,,,,,,,1,2,1,1.0,6
201400044139,0014-04-13 01:00:00,14,4,13,1,0,940,22,"15, AV D'ALFORTVILLE",48.7684,2.41382,Nuit avec éclairage allumé,En agglomération,Hors intersection,Normale,Deux véhicules - arrière,,,,,,,,,,,5,2,1,1.0,2
201400044140,0014-08-26 15:40:00,14,8,26,15,40,940,54,"8, FER A CHEVAL",48.7446,2.40815,Plein jour,En agglomération,Hors intersection,Normale,Autre collision,,,,,,,,,,,1,2,1,1.0,6
201400044141,0014-12-17 19:15:00,14,12,17,19,15,940,22,"02, STALINGRAD (BD DE)",,,Nuit avec éclairage allumé,En agglomération,Hors intersection,Pluie légère,Deux véhicules - côté,,,,,,,,,,,5,2,1,2.0,3
201400044142,0014-06-20 19:52:00,14,6,20,19,52,940,54,CHATEAUBRIANT / CHEVAL,48.7449,2.40764,Plein jour,En agglomération,Intersection à plus de 4 branches,Normale,Autre collision,,,,,,,,,,,1,2,5,1.0,6
201400044143,0014-05-06 17:05:00,14,5,6,17,5,940,54,RAYNAL / CHEVAL,48.7447,2.40753,Plein jour,En agglomération,Giratoire,Normale,Autre collision,,,,,,,,,,,1,2,6,1.0,6
201400044144,0014-05-07 16:35:00,14,5,7,16,35,940,54,BAS MARIN / OLIVIERS,48.7495,2.38923,Plein jour,En agglomération,Intersection en X,Pluie légère,Deux véhicules - côté,,,,,,,,,,,1,2,2,2.0,3
201400044145,0014-01-22 12:30:00,14,1,22,12,30,940,22,VICTOR HUGO/L'EPARGNE,48.7693,2.42225,Plein jour,En agglomération,Intersection en X,Normale,Autre collision,,,,,,,,,,,1,2,2,1.0,6
201400044146,0014-12-20 06:55:00,14,12,20,6,55,940,22,REPUBLIQUE (AV DE LA),,,Nuit avec éclairage allumé,En agglomération,Intersection en X,Normale,Deux véhicules - côté,,,,,,,,,,,5,2,2,1.0,3
201400044147,0014-01-22 17:45:00,14,1,22,17,45,940,22,CHE DES VACHES,48.7652,2.43297,Nuit avec éclairage allumé,En agglomération,Hors intersection,Pluie légère,Autre collision,,,,,,,,,,,5,2,1,2.0,6
201400044148,0014-01-23 09:00:00,14,1,23,9,0,940,22,R JEAN JAURES,48.7635,2.40313,Plein jour,En agglomération,Intersection en T,Normale,Autre collision,,,,,,,,,,,1,2,3,1.0,6
201400044149,0014-12-22 07:30:00,14,12,22,7,30,940,22,VINGT CINQ AOUT 1944 (AV,,,Crépuscule ou aube,En agglomération,Intersection en T,Normale,Deux véhicules - côté,,,,,,,,,,,2,2,3,1.0,3
201400044150,0014-08-01 18:57:00,14,8,1,18,57,940,22,RONDU / BLUM,48.7581,2.41168,Plein jour,En agglomération,Intersection en T,Normale,Deux véhicules - côté,,,,,,,,,,,1,2,3,1.0,3
201400044151,0014-08-06 22:15:00,14,8,6,22,15,940,22,GUYNEMER / GONDOLES,48.7611,2.41697,Nuit avec éclairage allumé,En agglomération,Intersection en T,Autre,Autre collision,,,,,,,,,,,5,2,3,9.0,6
201400044152,0014-12-25 06:45:00,14,12,25,6,45,940,22,PABLO PICASSO (AV),,,Nuit avec éclairage allumé,En agglomération,Hors intersection,Normale,Deux véhicules - côté,,,,,,,,,,,5,2,1,1.0,3
201400044153,0014-05-06 19:25:00,14,5,6,19,25,940,22,NEWBURN / FOUR,48.7549,2.41155,Plein jour,En agglomération,Intersection en X,Normale,Autre collision,,,,,,,,,,,1,2,2,1.0,6
201400044154,0014-09-04 08:55:00,14,9,4,8,55,940,22,"18, GAMBETTA",48.7634,2.40186,Plein jour,En agglomération,Hors intersection,Normale,Autre collision,,,,,,,,,,,1,2,1,1.0,6
201400044155,0014-12-28 09:30:00,14,12,28,9,30,940,54,KEFIR (R DU),,,Plein jour,En agglomération,Hors intersection,Normale,Sans collision,,,,,,,,,,,1,2,1,1.0,7
201400044156,0014-09-15 11:45:00,14,9,15,11,45,940,22,AV VICTOR HUGO,48.7705,2.42666,Plein jour,En agglomération,Hors intersection,Normale,Autre collision,,,,,,,,,,,1,2,1,1.0,6