accident_id,datetime,annee,mois,jour,heure,minute,departement,commune_insee,adresse,latitude,longitude,luminosite,agglomeration,intersection,meteo,collision,nb_vehicules,nb_usagers,nb_indemnes,nb_tues,nb_blesses_hosp,nb_blesses_legers,age_cond_1,age_cond_2,veh_type_cond_1,veh_type_cond_2,lum_code,agg_code,int_code,atm_code,col_code
201400044407,0014-12-02 19:30:00,14,12,2,19,30,940,33,BIR HAKEIM (R),,,Nuit avec éclairage allumé,En agglomération,Hors intersection,Pluie légère,Autre collision,,,,,,,,,,,5,2,1,2.0,6
201400044408,0014-12-09 13:50:00,14,12,9,13,50,940,33,"42, ALGER (R D)",,,Plein jour,En agglomération,Hors intersection,Normale,Autre collision,,,,,,,,,,,1,2,1,1.0,6
201400044409,0014-12-12 09:40:00,14,12,12,9,40,940,33,"33, MARECHAL DE LATTRE D",,,Plein jour,En agglomération,Hors intersection,Pluie légère,Autre collision,,,,,,,,,,,1,2,1,2.0,6
201400044410,0014-12-11 18:30:00,14,12,11,18,30,940,33,"23, STALINGRAD (AV DE)",,,Nuit avec éclairage non allumé,En agglomération,Hors intersection,Pluie légère,Autre collision,,,,,,,,,,,4,2,1,2.0,6
201400044411,0014-12-12 21:30:00,14,12,12,21,30,940,33,"28 bis, VERDUN (BD DE)",,,Nuit avec éclairage allumé,En agglomération,Hors intersection,Pluie forte,Autre collision,,,,,,,,,,,5,2,1,3.0,6
201400044412,0014-12-17 09:10:00,14,12,17,9,10,940,33,"24, RESISTANCE (R DE LA)",,,Plein jour,En agglomération,Hors intersection,Pluie légère,Autre collision,,,,,,,,,,,1,2,1,2.0,6
201400044413,0014-12-19 09:45:00,14,12,19,9,45,940,33,STALINGRAD (AV DE),,,Plein jour,En agglomération,Hors intersection,Normale,Deux véhicules - côté,,,,,,,,,,,1,2,1,1.0,3
201400044414,0014-12-22 12:30:00,14,12,22,12,30,940,33,MARECHAL JOFFRE (AV DU),,,Plein jour,En agglomération,Hors intersection,Normale,Autre collision,,,,,,,,,,,1,2,1,1.0,6
201400044415,0014-12-31 18:30:00,14,12,31,18,30,940,33,"75, STALINGRAD (AV DE)",,,Nuit avec éclairage allumé,En agglomération,Hors intersection,Normale,Sans collision,,,,,,,,,,,5,2,1,1.0,7
201400044416,0014-01-06 17:30:00,14,1,6,17,30,940,43,VERDUN/CHASTENET GERY,48.8081,2.35728,Plein jour,En agglomération,Intersection en X,Normale,Deux véhicules - côté,,,,,,,,,,,1,2,2,1.0,3
201400044417,0014-01-07 08:00:00,14,1,7,8,0,940,3,"77, R DE STALINGRAD",48.8104,2.33868,Plein jour,En agglomération,Hors intersection,Normale,Trois véhicules et plus - en chaîne,,,,,,,,,,,1,2,1,1.0,4
201400044418,0014-01-07 21:45:00,14,1,7,21,45,940,16,"72, R DES VIGNES",48.7902,2.33828,Nuit avec éclairage allumé,En agglomération,Hors intersection,Pluie légère,Autre collision,,,,,,,,,,,5,2,1,2.0,6
201400044419,0014-01-09 08:45:00,14,1,9,8,45,940,3,"113, AV ARISTIDE BRIAND",48.8028,2.32443,Plein jour,En agglomération,Hors intersection,Pluie légère,Deux véhicules - côté,,,,,,,,,,,1,2,1,2.0,3
201400044420,0014-01-10 17:05:00,14,1,10,17,5,940,43,GIDE/SEMBAT,48.8056,2.34836,Plein jour,En agglomération,Intersection en T,Normale,Deux véhicules - côté,,,,,,,,,,,1,2,3,1.0,3
201400044421,0014-01-16 17:10:00,14,1,16,17,10,940,16,WILSON / COUTURIER,48.7892,2.32534,Crépuscule ou aube,En agglomération,Intersection en Y,Normale,Deux véhicules - frontale,,,,,,,,,,,2,2,4,1.0,1
201400044422,0014-01-18 21:00:00,14,1,18,21,0,940,37,"16, R DU SOUVENIR",48.8135,2.34264,Nuit avec éclairage allumé,En agglomération,Intersection en X,Normale,Sans collision,,,,,,,,,,,5,2,2,1.0,7
201400044423,0014-01-19 10:40:00,14,1,19,10,40,940,43,"19, AV DE FONTAINEBLEAU",48.8147,2.36086,Plein jour,Hors agglomération,Hors intersection,Normale,Autre collision,,,,,,,,,,,1,1,1,1.0,6
201400044424,0014-01-20 10:10:00,14,1,20,10,10,940,37,PASTEUR/ STALINGRAD,48.8109,2.33895,Plein jour,En agglomération,Intersection en Y,Temps couvert,Deux véhicules - frontale,,,,,,,,,,,1,2,4,8.0,1
201400044425,0014-01-20 13:15:00,14,1,20,13,15,940,43,"1, R GABRIEL PERI",48.8115,2.35148,Plein jour,En agglomération,Hors intersection,Pluie légère,Autre collision,,,,,,,,,,,1,2,1,2.0,6
201400044426,0014-01-22 12:55:00,14,1,22,12,55,940,16,MARCEL BONNET/AV ARISTI,48.7962,2.32188,Plein jour,En agglomération,Intersection en T,Normale,Autre collision,,,,,,,,,,,1,2,3,1.0,6
201400044427,0014-01-24 08:00:00,14,1,24,8,0,940,16,"62, AV DE LA DIVISION",48.7855,2.32882,Crépuscule ou aube,En agglomération,Hors intersection,Temps couvert,Deux véhicules - arrière,,,,,,,,,,,2,2,1,8.0,2
201400044428,0014-01-28 13:50:00,14,1,28,13,50,940,76,"24, ALL DES LILAS",48.7816,2.36402,Plein jour,En agglomération,Intersection en T,Temps couvert,Deux véhicules - frontale,,,,,,,,,,,1,2,3,8.0,1
201400044429,0014-02-05 16:30:00,14,2,5,16,30,940,16,DIVISION LECLER/L'EUROPE,48.7869,2.32957,Plein jour,En agglomération,Intersection en Y,Pluie légère,Deux véhicules - frontale,,,,,,,,,,,1,2,4,2.0,1
201400044430,0014-02-07 20:30:00,14,2,7,20,30,940,76,R AMBROISE CROIZAT,48.8025,2.36389,Nuit avec éclairage allumé,En agglomération,Hors intersection,Normale,Autre collision,,,,,,,,,,,5,2,1,1.0,6
201400044431,0014-02-11 07:20:00,14,2,11,7,20,940,3,"27/29, AV MARX DORMOY",48.8097,2.32253,Crépuscule ou aube,En agglomération,Intersection en T,Normale,Autre collision,,,,,,,,,,,2,2,3,1.0,6
201400044432,0014-02-11 15:45:00,14,2,11,15,45,940,3,"1,LA CONVENTION/R BESSON",48.7994,2.33293,Plein jour,En agglomération,Intersection en T,Pluie légère,Sans collision,,,,,,,,,,,1,2,3,2.0,7
201400044433,0014-02-11 17:25:00,14,2,11,17,25,940,3,"30, GUILBERT / L'ASTRONO",48.8013,2.3464,Crépuscule ou aube,En agglomération,Intersection en T,Pluie légère,Autre collision,,,,,,,,,,,2,2,3,2.0,6
201400044434,0014-02-12 00:45:00,14,2,12,0,45,940,41,BASTARD / DEGERT,48.804,2.37119,Nuit avec éclairage allumé,En agglomération,Intersection en X,Pluie légère,Deux véhicules - côté,,,,,,,,,,,5,2,2,2.0,3
201400044435,0014-02-13 19:50:00,14,2,13,19,50,940,3,LAPLACE/JEANNE D'ARC,48.8085,2.33148,Nuit avec éclairage allumé,En agglomération,Intersection en T,Normale,Autre collision,,,,,,,,,,,5,2,3,1.0,6
201400044436,0014-02-19 16:25:00,14,2,19,16,25,940,76,AUGUSTE DELAUNE / YOURI,48.787,2.3619,Plein jour,En agglomération,Intersection en X,Normale,Autre collision,,,,,,,,,,,1,2,2,1.0,6
201400044437,0014-02-22 06:10:00,14,2,22,6,10,940,76,REPUBLIQUE / CHEVILLY,48.7874,2.3542,Nuit avec éclairage allumé,En agglomération,Intersection en X,Pluie légère,Deux véhicules - côté,,,,,,,,,,,5,2,2,2.0,3
201400044438,0014-02-22 16:55:00,14,2,22,16,55,940,37,R ROBERT MARCHAND,48.8156,2.34897,Plein jour,En agglomération,Hors intersection,Normale,Autre collision,,,,,,,,,,,1,2,1,1.0,6
201400044439,0014-02-23 18:05:00,14,2,23,18,5,940,76,STALINGRAD / FLEURS,48.7823,2.36701,Plein jour,Hors agglomération,Intersection en T,Normale,Deux véhicules - côté,,,,,,,,,,,1,1,3,1.0,3
201400044440,0014-02-23 18:15:00,14,2,23,18,15,940,76,GROSMENIL / TOLSTOI,48.7982,2.35495,Crépuscule ou aube,En agglomération,Intersection en Y,Temps couvert,Autre collision,,,,,,,,,,,2,2,4,8.0,6
201400044441,0014-02-27 17:15:00,14,2,27,17,15,940,43,EDMOND MICHELET/CARNOT,48.81,2.36259,Plein jour,Hors agglomération,Intersection en T,Pluie légère,Deux véhicules - côté,,,,,,,,,,,1,1,3,2.0,3
201400044442,0014-03-01 23:50:00,14,3,1,23,50,940,16,"41, PARC DE CACHAN/VIGOR",48.7909,2.33505,Nuit avec éclairage allumé,En agglomération,Giratoire,Pluie légère,Sans collision,,,,,,,,,,,5,2,6,2.0,7
201400044443,0014-03-05 09:50:00,14,3,5,9,50,940,3,"64, AV DE LA CONVENTION",48.8033,2.33483,Plein jour,En agglomération,Hors intersection,Normale,Deux véhicules - côté,,,,,,,,,,,1,2,1,1.0,3
201400044444,0014-03-06 08:50:00,14,3,6,8,50,940,43,"9, VOLTAIRE / FONTAINEBL",48.8156,2.36054,Plein jour,En agglomération,Giratoire,Normale,Autre collision,,,,,,,,,,,1,2,6,1.0,6
201400044445,0014-03-12 22:30:00,14,3,12,22,30,940,76,GORKI / ARAGON,48.7886,2.36828,Nuit avec éclairage allumé,En agglomération,Intersection en X,Normale,Deux véhicules - côté,,,,,,,,,,,5,2,2,1.0,3
201400044446,0014-03-13 19:00:00,14,3,13,19,0,940,43,"15, FONTAINEBLEAU/SALENG",48.8146,2.36089,Nuit avec éclairage allumé,En agglomération,Intersection en X,Normale,Deux véhicules - côté,,,,,,,,,,,5,2,2,1.0,3
201400044447,0014-03-15 11:30:00,14,3,15,11,30,940,3,AV LAPLACE,48.8072,2.33525,Plein jour,En agglomération,Hors intersection,Normale,Autre collision,,,,,,,,,,,1,2,1,1.0,6
201400044448,0014-03-16 11:30:00,14,3,16,11,30,940,3,"30, PAUL VAILLANT COUTUR",48.8014,2.33971,Plein jour,En agglomération,Hors intersection,Normale,Autre collision,,,,,,,,,,,1,2,1,1.0,6
201400044449,0014-03-20 03:25:00,14,3,20,3,25,940,76,"49, GORKI / CLEMENT",48.7959,2.36833,Nuit avec éclairage allumé,En agglomération,Intersection en X,Normale,Autre collision,,,,,,,,,,,5,2,2,1.0,6
201400044450,0014-03-20 10:00:00,14,3,20,10,0,940,16,DELAGE / GEORGEON,48.7926,2.33676,Plein jour,Hors agglomération,Intersection en X,Normale,Deux véhicules - côté,,,,,,,,,,,1,1,2,1.0,3
201400044451,0014-03-21 10:05:00,14,3,21,10,5,940,76,R MARCEL GROSMENIL,48.7991,2.35514,Plein jour,En agglomération,Intersection en T,Pluie légère,Deux véhicules - arrière,,,,,,,,,,,1,2,3,2.0,2
201400044452,0014-03-22 10:00:00,14,3,22,10,0,940,16,BRIAND / BONNET,48.7962,2.32188,Plein jour,En agglomération,Intersection en X,Normale,Deux véhicules - côté,,,,,,,,,,,1,2,2,1.0,3
201400044453,0014-03-22 15:05:00,14,3,22,15,5,940,3,"38, AV LAPLACE",48.8082,2.33237,Plein jour,En agglomération,Hors intersection,Normale,Deux véhicules - arrière,,,,,,,,,,,1,2,1,1.0,2
201400044454,0014-03-25 10:50:00,14,3,25,10,50,940,43,AV DE FONTAINEBLEAU,48.8124,2.36144,Plein jour,En agglomération,Hors intersection,Pluie légère,Autre collision,,,,,,,,,,,1,2,1,2.0,6
201400044455,0014-03-29 10:15:00,14,3,29,10,15,940,76,GORKI / SAQUET,48.7912,2.36941,Plein jour,En agglomération,Intersection en T,Normale,Autre collision,,,,,,,,,,,1,2,3,1.0,6
201400044456,0014-03-30 12:45:00,14,3,30,12,45,940,76,MAXIME GORKI /BAPTISTE,48.7959,2.36833,Plein jour,En agglomération,Intersection en X,Normale,Deux véhicules - côté,,,,,,,,,,,1,2,2,1.0,3
201400044457,0014-03-31 08:45:00,14,3,31,8,45,940,76,"11,R JEAN LURCAT",48.7878,2.36885,Plein jour,En agglomération,Hors intersection,Normale,Autre collision,,,,,,,,,,,1,2,1,1.0,6
201400044458,0014-03-31 12:10:00,14,3,31,12,10,940,76,R JEAN JAURES,48.7907,2.36667,Plein jour,En agglomération,Hors intersection,Normale,Autre collision,,,,,,,,,,,1,2,1,1.0,6
201400044459,0014-03-31 12:25:00,14,3,31,12,25,940,16,R GABRIEL PERI,48.7955,2.34324,Plein jour,En agglomération,Hors intersection,Normale,Sans collision,,,,,,,,,,,1,2,1,1.0,7
201400044460,0014-04-01 16:45:00,14,4,1,16,45,940,16,"191, ARISTIDE BRIAND",48.7883,2.31887,Plein jour,En agglomération,Hors intersection,Normale,Deux véhicules - côté,,,,,,,,,,,1,2,1,1.0,3
201400044461,0014-04-02 11:05:00,14,4,2,11,5,940,43,FONTAINEBLEAU / PASTEUR,48.8151,2.36073,Plein jour,En agglomération,Intersection en T,Normale,Deux véhicules - côté,,,,,,,,,,,1,2,3,1.0,3
201400044462,0014-04-05 20:30:00,14,4,5,20,30,940,3,AV ARISTIDE BRIAND,48.8028,2.32442,Nuit avec éclairage allumé,En agglomération,Hors intersection,Normale,Autre collision,,,,,,,,,,,5,2,1,1.0,6
201400044463,0014-04-09 18:55:00,14,4,9,18,55,940,76,"1, AV DE PARIS",48.8058,2.3636,Plein jour,En agglomération,Hors intersection,Normale,Deux véhicules - côté,,,,,,,,,,,1,2,1,1.0,3
201400044464,0014-04-11 08:15:00,14,4,11,8,15,940,76,COQUETTES / VANZETTI,48.8055,2.35988,Plein jour,En agglomération,Intersection en X,Normale,Deux véhicules - côté,,,,,,,,,,,1,2,2,1.0,3
201400044465,0014-04-14 09:20:00,14,4,14,9,20,940,76,PARIS / BABEUF,48.807,2.36322,Plein jour,En agglomération,Intersection en T,Normale,Deux véhicules - arrière,,,,,,,,,,,1,2,3,1.0,2
201400044466,0014-04-14 10:30:00,14,4,14,10,30,940,76,,48.7867,2.3608,Plein jour,En agglomération,Hors intersection,Normale,Autre collision,,,,,,,,,,,1,2,1,1.0,6
201400044467,0014-04-15 11:00:00,14,4,15,11,0,940,3,DORMOY/ ARISTIDE BRIAND,48.8096,2.32648,Plein jour,En agglomération,Intersection à plus de 4 branches,Normale,Autre collision,,,,,,,,,,,1,2,5,1.0,6
201400044468,0014-04-15 17:40:00,14,4,15,17,40,940,37,RASPAIL / MARCELLIN BERT,48.8129,2.34675,Plein jour,En agglomération,Intersection en T,Normale,Deux véhicules - côté,,,,,,,,,,,1,2,3,1.0,3
201400044469,0014-04-17 08:20:00,14,4,17,8,20,940,16,CARNOT / PROVIGNY,48.7968,2.33113,Crépuscule ou aube,Hors agglomération,Intersection en X,Normale,Deux véhicules - frontale,,,,,,,,,,,2,1,2,1.0,1
201400044470,0014-04-19 20:25:00,14,4,19,20,25,940,76,GERY / THIBERT,48.8052,2.36198,Crépuscule ou aube,En agglomération,Intersection en T,Normale,Deux véhicules - frontale,,,,,,,,,,,2,2,3,1.0,1
201400044471,0014-04-21 17:25:00,14,4,21,17,25,940,43,"25, R SEVERINE",48.8083,2.35524,Plein jour,En agglomération,Hors intersection,Normale,Deux véhicules - frontale,,,,,,,,,,,1,2,1,1.0,1
201400044472,0014-04-25 13:10:00,14,4,25,13,10,940,37,COUTURIER / CHAMPS ELYSE,48.8164,2.33961,Plein jour,En agglomération,Intersection en T,Pluie légère,Deux véhicules - côté,,,,,,,,,,,1,2,3,2.0,3
201400044473,0014-05-06 08:30:00,14,5,6,8,30,940,3,"97, BRIAND",48.8037,2.3248,Plein jour,En agglomération,Hors intersection,Pluie légère,Deux véhicules - arrière,,,,,,,,,,,1,2,1,2.0,2
201400044474,0014-05-06 17:30:00,14,5,6,17,30,940,76,"24, CHASTENET DE GERY",48.8029,2.35771,Plein jour,En agglomération,Hors intersection,Normale,Autre collision,,,,,,,,,,,1,2,1,1.0,6
201400044475,0014-05-10 22:45:00,14,5,10,22,45,940,37,"1, R BENOIT MALON",48.8156,2.34142,Nuit avec éclairage allumé,En agglomération,Hors intersection,Normale,Autre collision,,,,,,,,,,,5,2,1,1.0,6
201400044476,0014-05-11 00:50:00,14,5,11,0,50,940,16,"44, LECLERC / L'EUROPE",48.7869,2.32957,Nuit avec éclairage allumé,En agglomération,Intersection en Y,Normale,Deux véhicules - côté,,,,,,,,,,,5,2,4,1.0,3
201400044477,0014-05-14 11:50:00,14,5,14,11,50,940,76,"54, POTTIER / DE GERY",48.8041,2.35866,Plein jour,En agglomération,Intersection en T,Normale,Deux véhicules - arrière,,,,,,,,,,,1,2,3,1.0,2
201400044478,0014-05-15 11:55:00,14,5,15,11,55,940,76,REPUBLIQUE / CHEVILLY,48.7874,2.3542,Plein jour,En agglomération,Intersection en X,Normale,Deux véhicules - côté,,,,,,,,,,,1,2,2,1.0,3
201400044479,0014-05-16 12:30:00,14,5,16,12,30,940,43,GIDE / MARTINETS,48.8061,2.34973,Plein jour,En agglomération,Intersection en X,Normale,Autre collision,,,,,,,,,,,1,2,2,1.0,6
201400044480,0014-05-21 10:30:00,14,5,21,10,30,940,3,"17, AV PAUL DOUMER",48.8068,2.33665,Plein jour,En agglomération,Hors intersection,Pluie forte,Autre collision,,,,,,,,,,,1,2,1,3.0,6
201400044481,0014-05-21 12:14:00,14,5,21,12,14,940,3,"56, AV GABRIEL PERI",48.8019,2.3434,Plein jour,En agglomération,Hors intersection,Pluie légère,Autre collision,,,,,,,,,,,1,2,1,2.0,6
201400044482,0014-05-22 08:40:00,14,5,22,8,40,940,43,"40, CHARLES GIDE",48.8073,2.35426,Plein jour,En agglomération,Hors intersection,Normale,Deux véhicules - côté,,,,,,,,,,,1,2,1,1.0,3
201400044483,0014-05-23 20:55:00,14,5,23,20,55,940,16,FRANCE / BRIAND,48.7972,2.32227,Crépuscule ou aube,En agglomération,Intersection en X,Temps couvert,Autre collision,,,,,,,,,,,2,2,2,8.0,6
201400044484,0014-05-26 08:35:00,14,5,26,8,35,940,3,RASPAIL / RONSARD,48.8066,2.3404,Plein jour,En agglomération,Intersection en T,Pluie légère,Deux véhicules - côté,,,,,,,,,,,1,2,3,2.0,3
201400044485,0014-05-26 14:40:00,14,5,26,14,40,940,43,R DE VERDUN,48.8096,2.35849,Plein jour,En agglomération,Hors intersection,Pluie légère,Autre collision,,,,,,,,,,,1,2,1,2.0,6
201400044486,0014-05-29 14:51:00,14,5,29,14,51,940,76,"22, R EMILE ZOLA",48.8029,2.3705,Plein jour,En agglomération,Hors intersection,Normale,Autre collision,,,,,,,,,,,1,2,1,1.0,6
201400044487,0014-05-31 15:00:00,14,5,31,15,0,940,43,CONVENTION / LECLERC,48.8122,2.35797,Plein jour,En agglomération,Intersection en X,Normale,Autre collision,,,,,,,,,,,1,2,2,1.0,6
201400044488,0014-06-04 08:30:00,14,6,4,8,30,940,76,VAILLANT COUTURIER,48.7949,2.36499,Plein jour,En agglomération,Hors intersection,Pluie légère,Deux véhicules - côté,,,,,,,,,,,1,2,1,2.0,3
201400044489,0014-06-05 09:35:00,14,6,5,9,35,940,37,COUTURIER / MARCEL,48.8165,2.33795,Plein jour,En agglomération,Intersection en T,Normale,Deux véhicules - côté,,,,,,,,,,,1,2,3,1.0,3
201400044490,0014-06-07 16:20:00,14,6,7,16,20,940,16,JEAN JAURES / D'ALSACE,48.7906,2.32244,Plein jour,En agglomération,Intersection en X,Normale,Deux véhicules - côté,,,,,,,,,,,1,2,2,1.0,3
201400044491,0014-06-08 11:50:00,14,6,8,11,50,940,76,ALLENDE / VERDUN,48.795,2.35434,Plein jour,En agglomération,Intersection en X,Normale,Deux véhicules - côté,,,,,,,,,,,1,2,2,1.0,3
201400044492,0014-06-10 07:50:00,14,6,10,7,50,940,3,BRIAND / LA GARE,48.8015,2.32393,Plein jour,En agglomération,Intersection en T,Normale,Deux véhicules - côté,,,,,,,,,,,1,2,3,1.0,3
201400044493,0014-06-12 08:35:00,14,6,12,8,35,940,16,PASTEUR/VARENGUE,48.7867,2.32365,Plein jour,En agglomération,Intersection en T,Normale,Deux véhicules - côté,,,,,,,,,,,1,2,3,1.0,3
201400044494,0014-06-12 19:00:00,14,6,12,19,0,940,76,"66, R MARCEL GROSMENIL",48.7965,2.35465,Plein jour,En agglomération,Hors intersection,Normale,Autre collision,,,,,,,,,,,1,2,1,1.0,6
201400044495,0014-06-18 17:55:00,14,6,18,17,55,940,3,AV ARISTIDE BRIAND,48.8019,2.32407,Plein jour,En agglomération,Hors intersection,Normale,Deux véhicules - côté,,,,,,,,,,,1,2,1,1.0,3
201400044496,0014-06-20 10:10:00,14,6,20,10,10,940,76,"12, STALINGRAD",48.7879,2.36682,Plein jour,En agglomération,Hors intersection,Normale,Autre collision,,,,,,,,,,,1,2,1,1.0,6
201400044497,0014-06-21 16:55:00,14,6,21,16,55,940,43,AV DE FONTAINEBLEAU,48.8085,2.36263,Plein jour,En agglomération,Hors intersection,Normale,Deux véhicules - arrière,,,,,,,,,,,1,2,1,1.0,2
201400044498,0014-06-24 09:35:00,14,6,24,9,35,940,76,BD MAXIME GORKI,48.7989,2.3669,Plein jour,En agglomération,Hors intersection,Normale,Deux véhicules - côté,,,,,,,,,,,1,2,1,1.0,3
201400044499,0014-06-24 21:17:00,14,6,24,21,17,940,76,DELAUNE / ARAGO,48.7851,2.36255,Plein jour,En agglomération,Intersection en T,Normale,Deux véhicules - frontale,,,,,,,,,,,1,2,3,1.0,1
201400044500,0014-06-25 11:10:00,14,6,25,11,10,940,76,GORKI / PYRAMIDE,48.7989,2.36699,Plein jour,En agglomération,Intersection en T,Normale,Deux véhicules - arrière,,,,,,,,,,,1,2,3,1.0,2
201400044501,0014-06-25 20:00:00,14,6,25,20,0,940,76,GERY / VERCORS,48.8026,2.35716,Plein jour,En agglomération,Intersection en T,Normale,Deux véhicules - côté,,,,,,,,,,,1,2,3,1.0,3
201400044502,0014-06-26 12:25:00,14,6,26,12,25,940,76,GORKI / PYRAMIDE,48.7989,2.36699,Plein jour,En agglomération,Intersection en T,Normale,Deux véhicules - côté,,,,,,,,,,,1,2,3,1.0,3
201400044503,0014-06-26 15:55:00,14,6,26,15,55,940,76,R GEORGES LEBIGOT,48.7929,2.36595,Plein jour,En agglomération,Hors intersection,Normale,Autre collision,,,,,,,,,,,1,2,1,1.0,6
201400044504,0014-06-30 15:50:00,14,6,30,15,50,940,16,TASSIGNY / VATIER,48.789,2.33174,Plein jour,En agglomération,Intersection en T,Normale,Autre collision,,,,,,,,,,,1,2,3,1.0,6
201400044505,0014-06-30 21:45:00,14,6,30,21,45,940,76,R MARCEL GROSMENIL,48.7996,2.3552,Plein jour,En agglomération,Hors intersection,Normale,Deux véhicules - côté,,,,,,,,,,,1,2,1,1.0,3
201400044506,0014-07-01 07:05:00,14,7,1,7,5,940,16,"30, R GABRIEL PERI",48.7967,2.34299,Plein jour,Hors agglomération,Hors intersection,Temps couvert,Deux véhicules - côté,,,,,,,,,,,1,1,1,8.0,3
201400044507,0014-07-01 13:45:00,14,7,1,13,45,940,16,WILSON / LORRAINE,48.7905,2.32711,Plein jour,En agglomération,Intersection en T,Normale,Deux véhicules - arrière,,,,,,,,,,,1,2,3,1.0,2
201400044508,0014-07-03 11:15:00,14,7,3,11,15,940,43,FONTAINEBLEAU / SALENGRO,48.8146,2.36089,Plein jour,En agglomération,Intersection en X,Normale,Deux véhicules - côté,,,,,,,,,,,1,2,2,1.0,3
201400044509,0014-07-03 18:00:00,14,7,3,18,0,940,3,COUTURIER / DOUMER,48.8044,2.33814,Plein jour,En agglomération,Intersection en X,Normale,Deux véhicules - arrière,,,,,,,,,,,1,2,2,1.0,2
201400044510,0014-07-03 19:10:00,14,7,3,19,10,940,16,"1, BRIAND/BONNET",48.7962,2.32188,Plein jour,En agglomération,Intersection en T,Temps éblouissant,Deux véhicules - arrière,,,,,,,,,,,1,2,3,7.0,2
201400044511,0014-07-08 04:10:00,14,7,8,4,10,940,43,FONTAINEBLEAU / CONVENTI,48.8128,2.36131,Nuit avec éclairage allumé,En agglomération,Intersection en X,Pluie légère,Deux véhicules - côté,,,,,,,,,,,5,2,2,2.0,3
201400044512,0014-07-13 19:00:00,14,7,13,19,0,940,76,"20, AV DE PARIS",48.8053,2.36362,Plein jour,En agglomération,Hors intersection,Pluie légère,Autre collision,,,,,,,,,,,1,2,1,2.0,6
201400044513,0014-07-15 18:35:00,14,7,15,18,35,940,76,"13, R EUGENE VARLIN",48.7939,2.36313,Plein jour,En agglomération,Hors intersection,Normale,Autre collision,,,,,,,,,,,1,2,1,1.0,6
201400044514,0014-07-17 07:15:00,14,7,17,7,15,940,76,BIZET / ZOLA,48.8012,2.36865,Plein jour,Hors agglomération,Intersection en T,Normale,Sans collision,,,,,,,,,,,1,1,3,1.0,7
201400044515,0014-07-17 21:35:00,14,7,17,21,35,940,43,FONTAINEBLEAU / WALESA,48.8076,2.36307,Nuit avec éclairage allumé,En agglomération,Intersection en T,Normale,Autre collision,,,,,,,,,,,5,2,3,1.0,6
201400044516,0014-07-20 02:10:00,14,7,20,2,10,940,16,PERI / FABIEN,48.7977,2.34316,Nuit avec éclairage allumé,En agglomération,Intersection en T,Normale,Deux véhicules - côté,,,,,,,,,,,5,2,3,1.0,3
201400044517,0014-07-26 22:20:00,14,7,26,22,20,940,16,JAURES / D'ALSACE,48.7906,2.32244,Nuit avec éclairage allumé,En agglomération,Intersection en X,Normale,Deux véhicules - côté,,,,,,,,,,,5,2,2,1.0,3
201400044518,0014-07-30 08:30:00,14,7,30,8,30,940,43,"110, FONTAINEBLEAU",48.8093,2.36237,Plein jour,En agglomération,Hors intersection,Normale,Deux véhicules - côté,,,,,,,,,,,1,2,1,1.0,3
201400044519,0014-07-31 15:45:00,14,7,31,15,45,940,37,PAUL VAILLANT COUTURIER,48.8158,2.34385,Plein jour,En agglomération,Hors intersection,Normale,Autre collision,,,,,,,,,,,1,2,1,1.0,6
201400044520,0014-08-01 07:30:00,14,8,1,7,30,940,43,"105, AV DE FONTAINEBLEAU",48.8096,2.36226,Plein jour,En agglomération,Hors intersection,Normale,Deux véhicules - côté,,,,,,,,,,,1,2,1,1.0,3
201400044521,0014-08-05 18:20:00,14,8,5,18,20,940,76,"23, VICTOR HUGO",48.7903,2.36479,Plein jour,En agglomération,Hors intersection,Normale,Deux véhicules - arrière,,,,,,,,,,,1,2,1,1.0,2
201400044522,0014-08-08 21:54:00,14,8,8,21,54,940,3,LAPLACE / PASTEUR,48.807,2.33593,Crépuscule ou aube,En agglomération,Intersection en X,Pluie légère,Autre collision,,,,,,,,,,,2,2,2,2.0,6
201400044523,0014-08-11 22:00:00,14,8,11,22,0,940,76,"52, DELAUNE",48.7851,2.36218,Nuit avec éclairage allumé,En agglomération,Intersection en T,Pluie légère,Deux véhicules - côté,,,,,,,,,,,5,2,3,2.0,3
201400044524,0014-08-12 19:15:00,14,8,12,19,15,940,43,R DU GENERAL LECLERC,48.8114,2.35804,Plein jour,En agglomération,Hors intersection,Normale,Deux véhicules - frontale,,,,,,,,,,,1,2,1,1.0,1
201400044525,0014-08-24 12:50:00,14,8,24,12,50,940,16,"46, GABRIEL PERI",48.7956,2.34321,Plein jour,En agglomération,Hors intersection,Normale,Deux véhicules - côté,,,,,,,,,,,1,2,1,1.0,3
201400044526,0014-08-25 08:15:00,14,8,25,8,15,940,43,"1, GABRIEL PERI",48.8157,2.35652,Plein jour,En agglomération,Hors intersection,Pluie légère,Trois véhicules et plus - en chaîne,,,,,,,,,,,1,2,1,2.0,4
201400044527,0014-08-25 10:00:00,14,8,25,10,0,940,76,GORKI / CLEMENT,48.796,2.36857,Plein jour,En agglomération,Intersection en X,Pluie légère,Deux véhicules - côté,,,,,,,,,,,1,2,2,2.0,3
201400044528,0014-08-25 17:00:00,14,8,25,17,0,940,16,"9, AV DE LA DIVISION LEC",48.7877,2.33004,Plein jour,En agglomération,Hors intersection,Pluie forte,Autre collision,,,,,,,,,,,1,2,1,3.0,6
201400044529,0014-08-26 12:45:00,14,8,26,12,45,940,76,PASTEUR / ROHRI,48.8058,2.36553,Plein jour,En agglomération,Intersection en T,Pluie légère,Deux véhicules - côté,,,,,,,,,,,1,2,3,2.0,3
201400044530,0014-09-01 20:20:00,14,9,1,20,20,940,43,SEMBAT / SEVERINE,48.8086,2.35025,Crépuscule ou aube,En agglomération,Intersection en T,Normale,Deux véhicules - frontale,,,,,,,,,,,2,2,3,1.0,1