accident_id,datetime,annee,mois,jour,heure,minute,departement,commune_insee,adresse,latitude,longitude,luminosite,agglomeration,intersection,meteo,collision,nb_vehicules,nb_usagers,nb_indemnes,nb_tues,nb_blesses_hosp,nb_blesses_legers,age_cond_1,age_cond_2,veh_type_cond_1,veh_type_cond_2,lum_code,agg_code,int_code,atm_code,col_code
201400044654,0014-04-03 17:50:00,14,4,3,17,50,940,21,AV DE BOURGOGNE,48.7599,2.3501,Plein jour,Hors agglomération,Hors intersection,Normale,Autre collision,,,,,,,,,,,1,1,1,1.0,6
201400044655,0014-04-04 16:40:00,14,4,4,16,40,940,73,R DES BAUDEMONS,48.7714,2.39418,Plein jour,En agglomération,Hors intersection,Normale,Autre collision,,,,,,,,,,,1,2,1,1.0,6
201400044656,0014-04-05 17:50:00,14,4,5,17,50,940,65,RN 186B,48.7539,2.36721,Plein jour,En agglomération,Hors intersection,Normale,Deux véhicules - arrière,,,,,,,,,,,1,2,1,1.0,2
201400044657,0014-04-06 19:44:00,14,4,6,19,44,940,73,"94, AV GENERAL DE GAULLE",48.7681,2.37286,Crépuscule ou aube,En agglomération,Hors intersection,Normale,Autre collision,,,,,,,,,,,2,2,1,1.0,6
201400044658,0014-04-08 07:50:00,14,4,8,7,50,940,65,PARC MEDICIS/HALLIERS,48.7533,2.34756,Plein jour,En agglomération,Giratoire,Normale,Deux véhicules - arrière,,,,,,,,,,,1,2,6,1.0,2
201400044659,0014-04-08 18:30:00,14,4,8,18,30,940,34,AV DU 8 MAI 1945,48.7531,2.3126,Plein jour,En agglomération,Hors intersection,Normale,Deux véhicules - côté,,,,,,,,,,,1,2,1,1.0,3
201400044660,0014-04-10 16:10:00,14,4,10,16,10,940,65,TROIS MARCHES/CIRCULAIRE,48.7586,2.349,Plein jour,En agglomération,Giratoire,Normale,Deux véhicules - côté,,,,,,,,,,,1,2,6,1.0,3
201400044661,0014-04-12 13:45:00,14,4,12,13,45,940,34,JEAN JAURES / SALENGRO,48.7547,2.32061,Plein jour,En agglomération,Intersection en X,Normale,Deux véhicules - côté,,,,,,,,,,,1,2,2,1.0,3
201400044662,0014-04-15 11:00:00,14,4,15,11,0,940,21,BRETAGNE / VIADUC,48.7632,2.3552,Plein jour,En agglomération,Intersection en X,Normale,Deux véhicules - côté,,,,,,,,,,,1,2,2,1.0,3
201400044663,0014-04-15 16:25:00,14,4,15,16,25,940,73,ALOUETTES / BAS MARIN,48.754,2.38634,Plein jour,Hors agglomération,Intersection en X,Normale,Deux véhicules - arrière,,,,,,,,,,,1,1,2,1.0,2
201400044664,0014-04-15 18:45:00,14,4,15,18,45,940,38,COUTURIER / THIRARD,48.7784,2.34072,Plein jour,En agglomération,Intersection en X,Normale,Deux véhicules - frontale,,,,,,,,,,,1,2,2,1.0,1
201400044665,0014-04-18 21:10:00,14,4,18,21,10,940,34,BARBUSSE / LECLERC,48.7591,2.32432,Nuit avec éclairage allumé,En agglomération,Intersection en X,Normale,Deux véhicules - frontale,,,,,,,,,,,5,2,2,1.0,1
201400044666,0014-04-27 22:45:00,14,4,27,22,45,940,21,"27, GEORGES GUYNEMER",48.7584,2.34381,Nuit avec éclairage allumé,En agglomération,Hors intersection,Normale,Sans collision,,,,,,,,,,,5,2,1,1.0,7
201400044667,0014-04-28 17:30:00,14,4,28,17,30,940,73,VERSAILLES / MULLER,48.7594,2.39661,Plein jour,En agglomération,Intersection en X,Normale,Deux véhicules - côté,,,,,,,,,,,1,2,2,1.0,3
201400044668,0014-04-30 10:50:00,14,4,30,10,50,940,73,AV DE FONTAINEBLEAU,48.7644,2.3682,Plein jour,En agglomération,Hors intersection,Temps éblouissant,Deux véhicules - arrière,,,,,,,,,,,1,2,1,7.0,2
201400044669,0014-04-30 12:00:00,14,4,30,12,0,940,73,STALINGRAD /PIERRE BIGLE,48.7694,2.40219,Plein jour,En agglomération,Intersection en T,Normale,Deux véhicules - côté,,,,,,,,,,,1,2,3,1.0,3
201400044670,0014-05-01 23:00:00,14,5,1,23,0,940,73,STALINGRAD - CAR 3 COMMU,48.7728,2.40001,Nuit avec éclairage allumé,Hors agglomération,Intersection en X,Pluie légère,Deux véhicules - côté,,,,,,,,,,,5,1,2,2.0,3
201400044671,0014-05-02 21:00:00,14,5,2,21,0,940,34,COUTURIER - CAR DEPORT,48.761,2.3184,Nuit avec éclairage allumé,En agglomération,Giratoire,Normale,Deux véhicules - côté,,,,,,,,,,,5,2,6,1.0,3
201400044672,0014-05-03 16:50:00,14,5,3,16,50,940,34,"88, AV DE LA LIBERTE",48.766,2.31858,Plein jour,En agglomération,Hors intersection,Normale,Deux véhicules - frontale,,,,,,,,,,,1,2,1,1.0,1
201400044673,0014-05-03 22:15:00,14,5,3,22,15,940,65,AV CHARLES LINDBERGH,48.7523,2.35243,Nuit avec éclairage allumé,En agglomération,Hors intersection,Normale,Deux véhicules - côté,,,,,,,,,,,5,2,1,1.0,3
201400044674,0014-05-05 15:30:00,14,5,5,15,30,940,73,"18, AV DE LA REPUBLIQUE",48.7671,2.39381,Plein jour,En agglomération,Hors intersection,Normale,Deux véhicules - arrière,,,,,,,,,,,1,2,1,1.0,2
201400044675,0014-05-06 11:00:00,14,5,6,11,0,940,65,RN 186B,48.7539,2.36592,Plein jour,En agglomération,Hors intersection,Normale,Deux véhicules - côté,,,,,,,,,,,1,2,1,1.0,3
201400044676,0014-05-06 19:25:00,14,5,6,19,25,940,38,"44, R ALBERT THOMAS",48.7654,2.32904,Plein jour,En agglomération,Hors intersection,Normale,Autre collision,,,,,,,,,,,1,2,1,1.0,6
201400044677,0014-05-12 17:40:00,14,5,12,17,40,940,73,FONTAINEBLEAU / PERRET,48.7639,2.36824,Plein jour,En agglomération,Intersection en T,Normale,Deux véhicules - côté,,,,,,,,,,,1,2,3,1.0,3
201400044678,0014-05-14 21:45:00,14,5,14,21,45,940,73,SAUSSAIE / CURIE,48.7703,2.38068,Nuit avec éclairage allumé,En agglomération,Intersection en T,Normale,Deux véhicules - côté,,,,,,,,,,,5,2,3,1.0,3
201400044679,0014-05-16 18:05:00,14,5,16,18,5,940,34,"89, BD JEAN JAURES",48.7544,2.31366,Plein jour,En agglomération,Hors intersection,Normale,Autre collision,,,,,,,,,,,1,2,1,1.0,6
201400044680,0014-05-17 14:30:00,14,5,17,14,30,940,73,FONTAINEBLEAU - CAR BELL,48.7516,2.3691,Plein jour,En agglomération,Hors intersection,Normale,Deux véhicules - arrière,,,,,,,,,,,1,2,1,1.0,2
201400044681,0014-05-18 08:15:00,14,5,18,8,15,940,21,"40, FRANKLIN ROOSEVELT",48.7717,2.35966,Plein jour,En agglomération,Hors intersection,Temps éblouissant,Deux véhicules - frontale,,,,,,,,,,,1,2,1,7.0,1
201400044682,0014-05-19 08:55:00,14,5,19,8,55,940,73,"94, GENERAL DE GAULLE",48.7681,2.37286,Plein jour,En agglomération,Hors intersection,Normale,Deux véhicules - côté,,,,,,,,,,,1,2,1,1.0,3
201400044683,0014-05-19 18:10:00,14,5,19,18,10,940,21,CHEVILLY  / DE GAULLE,48.7698,2.35089,Plein jour,En agglomération,Intersection en X,Normale,Deux véhicules - arrière,,,,,,,,,,,1,2,2,1.0,2
201400044684,0014-05-22 18:00:00,14,5,22,18,0,940,21,AV DE STALINGRAD,48.7628,2.36813,Plein jour,En agglomération,Hors intersection,Normale,Deux véhicules - arrière,,,,,,,,,,,1,2,1,1.0,2
201400044685,0014-05-22 18:15:00,14,5,22,18,15,940,73,"7, R DES ALOUETTES",48.7498,2.37003,Plein jour,Hors agglomération,Hors intersection,Normale,Deux véhicules - côté,,,,,,,,,,,1,1,1,1.0,3
201400044686,0014-05-24 15:50:00,14,5,24,15,50,940,73,RPT D'ESPAGNE,48.755,2.37514,Plein jour,Hors agglomération,Hors intersection,Pluie légère,Autre collision,,,,,,,,,,,1,1,1,2.0,6
201400044687,0014-05-26 17:00:00,14,5,26,17,0,940,34,BD PASTEUR / JACINTHES,48.7554,2.31349,Plein jour,En agglomération,Intersection en T,Pluie légère,Deux véhicules - arrière,,,,,,,,,,,1,2,3,2.0,2
201400044688,0014-05-27 11:30:00,14,5,27,11,30,940,81,AV DE STALINGRAD,48.7794,2.3672,Plein jour,En agglomération,Giratoire,Normale,Deux véhicules - côté,,,,,,,,,,,1,2,6,1.0,3
201400044689,0014-05-28 21:50:00,14,5,28,21,50,940,38,"30, VICTOR / BEATRICE",48.7788,2.35696,Nuit avec éclairage allumé,En agglomération,Intersection en T,Pluie légère,Autre collision,,,,,,,,,,,5,2,3,2.0,6
201400044690,0014-06-03 13:10:00,14,6,3,13,10,940,21,ROOSEVELT / ROOSEVELT,48.7689,2.36763,Plein jour,En agglomération,Giratoire,Normale,Autre collision,,,,,,,,,,,1,2,6,1.0,6
201400044691,0014-06-03 20:05:00,14,6,3,20,5,940,38,COUTURIER / TOURNELLES,48.7763,2.33996,Plein jour,En agglomération,Intersection en X,Normale,Deux véhicules - côté,,,,,,,,,,,1,2,2,1.0,3
201400044692,0014-06-04 10:00:00,14,6,4,10,0,940,73,MARCHAND / PERREUX,48.766,2.39054,Plein jour,En agglomération,Intersection en T,Pluie légère,Sans collision,,,,,,,,,,,1,2,3,2.0,7
201400044693,0014-06-04 20:20:00,14,6,4,20,20,940,73,MARCHAND / PERREUX,48.766,2.39054,Crépuscule ou aube,En agglomération,Intersection en X,Normale,Deux véhicules - côté,,,,,,,,,,,2,2,2,1.0,3
201400044694,0014-06-07 16:42:00,14,6,7,16,42,940,65,LINDBERGH / BALTARD,48.7574,2.34474,Plein jour,En agglomération,Intersection en T,Normale,Trois véhicules et plus - en chaîne,,,,,,,,,,,1,2,3,1.0,4
201400044695,0014-06-08 13:55:00,14,6,8,13,55,940,38,SAINTE-COLOMBE / HOCHART,48.7761,2.35806,Plein jour,En agglomération,Intersection en Y,Normale,Autre collision,,,,,,,,,,,1,2,4,1.0,6
201400044696,0014-06-13 09:45:00,14,6,13,9,45,940,73,STALINGRAD / BIGLE,48.7694,2.40219,Plein jour,En agglomération,Intersection en T,Normale,Autre collision,,,,,,,,,,,1,2,3,1.0,6
201400044697,0014-06-13 12:20:00,14,6,13,12,20,940,38,R DE LA VALLEE AUX RENAR,48.7709,2.32572,Plein jour,En agglomération,Hors intersection,Normale,Deux véhicules - côté,,,,,,,,,,,1,2,1,1.0,3
201400044698,0014-06-16 11:30:00,14,6,16,11,30,940,21,3 MARCHES / CARPENTRAS,48.7613,2.35554,Plein jour,En agglomération,Intersection en X,Normale,Deux véhicules - côté,,,,,,,,,,,1,2,2,1.0,3
201400044699,0014-06-18 13:45:00,14,6,18,13,45,940,65,AV DE FONTAINEBLEAU,48.7489,2.36878,Plein jour,En agglomération,Hors intersection,Normale,Autre collision,,,,,,,,,,,1,2,1,1.0,6
201400044700,0014-06-18 17:00:00,14,6,18,17,0,940,73,PANHARD / TESSIER,48.7638,2.3937,Plein jour,En agglomération,Intersection en X,Normale,Autre collision,,,,,,,,,,,1,2,2,1.0,6
201400044701,0014-06-19 11:15:00,14,6,19,11,15,940,21,BOULEVARD CIRCULAIRE,48.7588,2.34872,Plein jour,En agglomération,Hors intersection,Normale,Deux véhicules - arrière,,,,,,,,,,,1,2,1,1.0,2
201400044702,0014-06-19 16:55:00,14,6,19,16,55,940,38,COSARDE / ALBERT 1ER,48.7791,2.3312,Plein jour,En agglomération,Intersection en T,Normale,Deux véhicules - côté,,,,,,,,,,,1,2,3,1.0,3
201400044703,0014-06-23 07:15:00,14,6,23,7,15,940,38,DE GAULLE / LECLERC,48.7711,2.34986,Plein jour,En agglomération,Intersection en X,Normale,Deux véhicules - côté,,,,,,,,,,,1,2,2,1.0,3
201400044704,0014-06-27 17:10:00,14,6,27,17,10,940,65,RN 186,48.7538,2.35886,Plein jour,En agglomération,Hors intersection,Normale,Deux véhicules - côté,,,,,,,,,,,1,2,1,1.0,3
201400044705,0014-06-28 16:55:00,14,6,28,16,55,940,73,RN 186,48.754,2.36938,Plein jour,En agglomération,Hors intersection,Pluie légère,Trois véhicules et plus - collisions multiples,,,,,,,,,,,1,2,1,2.0,5
201400044706,0014-06-29 17:15:00,14,6,29,17,15,940,73,RN 186b,48.7537,2.37605,Plein jour,En agglomération,Hors intersection,Normale,Sans collision,,,,,,,,,,,1,2,1,1.0,7
201400044707,0014-06-30 13:40:00,14,6,30,13,40,940,38,AV ARISTIDE BRIAND,48.7796,2.33525,Plein jour,En agglomération,Hors intersection,Normale,Autre collision,,,,,,,,,,,1,2,1,1.0,6
201400044708,0014-07-05 05:50:00,14,7,5,5,50,940,65,AV CHARLES LINDBERGH,48.7566,2.34543,Crépuscule ou aube,En agglomération,Hors intersection,Pluie légère,Autre collision,,,,,,,,,,,2,2,1,2.0,6
201400044709,0014-07-08 16:50:00,14,7,8,16,50,940,65,LINDBERGH / BALTARD,48.7574,2.34474,Plein jour,En agglomération,Intersection en T,Pluie légère,Deux véhicules - arrière,,,,,,,,,,,1,2,3,2.0,2
201400044710,0014-07-16 08:30:00,14,7,16,8,30,940,65,RN 186,48.7539,2.3681,Plein jour,Hors agglomération,Hors intersection,Normale,Sans collision,,,,,,,,,,,1,1,1,1.0,7
201400044711,0014-07-16 18:10:00,14,7,16,18,10,940,38,CHARPENTIER / HOCHART,48.7782,2.364,Plein jour,En agglomération,Intersection en T,Normale,Deux véhicules - côté,,,,,,,,,,,1,2,3,1.0,3
201400044712,0014-07-18 09:05:00,14,7,18,9,5,940,38,GRAVEREAUX / 8 MAI 1945,48.7792,2.33062,Plein jour,En agglomération,Intersection en T,Normale,Deux véhicules - côté,,,,,,,,,,,1,2,3,1.0,3
201400044713,0014-07-20 20:30:00,14,7,20,20,30,940,76,AV DE STALINGRAD,48.7795,2.3672,Crépuscule ou aube,En agglomération,Hors intersection,Normale,Deux véhicules - côté,,,,,,,,,,,2,2,1,1.0,3
201400044714,0014-07-21 07:53:00,14,7,21,7,53,940,21,PEPINIERES / FRANCE,48.7668,2.34937,Plein jour,En agglomération,Intersection en T,Normale,Deux véhicules - côté,,,,,,,,,,,1,2,3,1.0,3
201400044715,0014-07-21 12:25:00,14,7,21,12,25,940,73,MARCHAND / PERREUX,48.766,2.39054,Plein jour,En agglomération,Intersection en X,Normale,Deux véhicules - côté,,,,,,,,,,,1,2,2,1.0,3
201400044716,0014-07-21 20:30:00,14,7,21,20,30,940,21,COZ / BRASSENS,48.7713,2.36571,Plein jour,En agglomération,Intersection en X,Normale,Deux véhicules - côté,,,,,,,,,,,1,2,2,1.0,3
201400044717,0014-07-24 14:50:00,14,7,24,14,50,940,21,"5, GEORGES GUYNEMER",48.7605,2.34174,Plein jour,En agglomération,Hors intersection,Normale,Deux véhicules - arrière,,,,,,,,,,,1,2,1,1.0,2
201400044718,0014-07-31 19:15:00,14,7,31,19,15,940,73,MARCHAND / PERREUX,48.766,2.39054,Plein jour,En agglomération,Intersection en X,Normale,Deux véhicules - côté,,,,,,,,,,,1,2,2,1.0,3
201400044719,0014-08-02 20:45:00,14,8,2,20,45,940,73,"168, VERSAILLES",48.7577,2.39049,Crépuscule ou aube,En agglomération,Hors intersection,Normale,Autre collision,,,,,,,,,,,2,2,1,1.0,6
201400044720,0014-08-03 14:20:00,14,8,3,14,20,940,73,ALOUETTES/FONTAINEBLEAU,48.7479,2.3693,Plein jour,En agglomération,Intersection en T,Normale,Deux véhicules - côté,,,,,,,,,,,1,2,3,1.0,3
201400044721,0014-08-07 15:30:00,14,8,7,15,30,940,65,LINDBERGH / SOLETS,48.745,2.36028,Plein jour,En agglomération,Intersection en T,Pluie légère,Deux véhicules - côté,,,,,,,,,,,1,2,3,2.0,3
201400044722,0014-08-09 04:00:00,14,8,9,4,0,940,73,RN 186,48.7534,2.37768,Nuit avec éclairage allumé,Hors agglomération,Hors intersection,Pluie légère,Autre collision,,,,,,,,,,,5,1,1,2.0,6
201400044723,0014-08-10 21:45:00,14,8,10,21,45,940,65,FONTAINEBLEAU / AVERNAIS,48.7485,2.36861,Nuit sans éclairage public,En agglomération,Intersection en X,Normale,Deux véhicules - côté,,,,,,,,,,,3,2,2,1.0,3
201400044724,0014-08-12 19:28:00,14,8,12,19,28,940,21,CIRCULAIRE / MARCHES,48.7624,2.3583,Crépuscule ou aube,En agglomération,Intersection en Y,Pluie légère,Deux véhicules - côté,,,,,,,,,,,2,2,4,2.0,3
201400044725,0014-08-21 09:20:00,14,8,21,9,20,940,73,VILLEJUIF / DUPERREY,48.7697,2.38482,Plein jour,En agglomération,Giratoire,Normale,Deux véhicules - côté,,,,,,,,,,,1,2,6,1.0,3
201400044726,0014-08-22 06:15:00,14,8,22,6,15,940,73,AV DE FONTAINEBLEAU,48.7503,2.36907,Crépuscule ou aube,En agglomération,Hors intersection,Normale,Autre collision,,,,,,,,,,,2,2,1,1.0,6
201400044727,0014-08-23 01:50:00,14,8,23,1,50,940,73,RN 186,48.7534,2.3702,Nuit avec éclairage allumé,Hors agglomération,Hors intersection,Pluie légère,Autre collision,,,,,,,,,,,5,1,1,2.0,6
201400044728,0014-08-23 10:40:00,14,8,23,10,40,940,73,"06, R DES ALOUETTES",48.7495,2.37005,Plein jour,Hors agglomération,Hors intersection,Normale,Autre collision,,,,,,,,,,,1,1,1,1.0,6
201400044729,0014-08-23 15:10:00,14,8,23,15,10,940,21,STALINGRAD / ROOSEVELT,48.7688,2.36786,Plein jour,En agglomération,Intersection en X,Normale,Autre collision,,,,,,,,,,,1,2,2,1.0,6
201400044730,0014-08-25 07:15:00,14,8,25,7,15,940,21,MERMOZ / GAULLE,48.7729,2.33931,Plein jour,En agglomération,Giratoire,Pluie légère,Trois véhicules et plus - en chaîne,,,,,,,,,,,1,2,6,2.0,4
201400044731,0014-08-25 21:25:00,14,8,25,21,25,940,38,CHEVILLY / BICETRE,48.7739,2.35186,Nuit avec éclairage allumé,En agglomération,Intersection en X,Pluie forte,Deux véhicules - côté,,,,,,,,,,,5,2,2,3.0,3
201400044732,0014-08-29 07:45:00,14,8,29,7,45,940,65,GARE / SOLETS,48.742,2.35272,Crépuscule ou aube,En agglomération,Intersection en X,Normale,Deux véhicules - arrière,,,,,,,,,,,2,2,2,1.0,2
201400044733,0014-09-01 22:40:00,14,9,1,22,40,940,21,HOCHART / DERICBOURG,48.7746,2.35474,Nuit avec éclairage allumé,En agglomération,Intersection en X,Normale,Deux véhicules - frontale,,,,,,,,,,,5,2,2,1.0,1
201400044734,0014-09-04 19:10:00,14,9,4,19,10,940,38,CHEVILLY / IRIS,48.7749,2.34775,Crépuscule ou aube,En agglomération,Intersection en T,Normale,Sans collision,,,,,,,,,,,2,2,3,1.0,7
201400044735,0014-09-08 12:50:00,14,9,8,12,50,940,21,3 MARCHES/CARPENTRAS,48.7613,2.35554,Plein jour,Hors agglomération,Intersection en X,Normale,Deux véhicules - côté,,,,,,,,,,,1,1,2,1.0,3
201400044736,0014-09-08 16:25:00,14,9,8,16,25,940,38,STALINGRAD / HOCHART,48.7794,2.3672,Plein jour,En agglomération,Intersection en X,Normale,Autre collision,,,,,,,,,,,1,2,2,1.0,6
201400044737,0014-09-10 06:10:00,14,9,10,6,10,940,73,VERSAILLES / BAS MARIN,48.754,2.38634,Crépuscule ou aube,En agglomération,Intersection en Y,Normale,Autre collision,,,,,,,,,,,2,2,4,1.0,6
201400044738,0014-09-11 10:00:00,14,9,11,10,0,940,73,BOULEVARD DU NORD,48.7585,2.37044,Plein jour,En agglomération,Hors intersection,Normale,Deux véhicules - côté,,,,,,,,,,,1,2,1,1.0,3
201400044739,0014-09-12 16:50:00,14,9,12,16,50,940,73,RN 186,48.7536,2.36941,Plein jour,Hors agglomération,Hors intersection,Normale,Deux véhicules - côté,,,,,,,,,,,1,1,1,1.0,3
201400044740,0014-09-13 16:00:00,14,9,13,16,0,940,34,JEAN JAURES/ JEAN PIERRE,48.7549,2.31794,Plein jour,En agglomération,Intersection en T,Normale,Autre collision,,,,,,,,,,,1,2,3,1.0,6
201400044741,0014-09-13 16:25:00,14,9,13,16,25,940,38,PAUL HOCHART/ STALINGRAD,48.7794,2.3672,Plein jour,En agglomération,Giratoire,Normale,Deux véhicules - côté,,,,,,,,,,,1,2,6,1.0,3
201400044742,0014-09-15 08:45:00,14,9,15,8,45,940,73,VERSAILLES / HUGO,48.7601,2.39858,Plein jour,En agglomération,Intersection en X,Normale,Deux véhicules - arrière,,,,,,,,,,,1,2,2,1.0,2
201400044743,0014-09-16 14:20:00,14,9,16,14,20,940,21,MARAICHERS / D'AVIGNON,48.7636,2.34992,Plein jour,En agglomération,Intersection en X,Normale,Deux véhicules - arrière,,,,,,,,,,,1,2,2,1.0,2
201400044744,0014-09-16 19:10:00,14,9,16,19,10,940,73,STALINGRAD / BIGLE,48.7694,2.40219,Plein jour,En agglomération,Intersection en T,Normale,Deux véhicules - côté,,,,,,,,,,,1,2,3,1.0,3
201400044745,0014-09-17 20:15:00,14,9,17,20,15,940,65,RN 186,48.7546,2.34779,Nuit avec éclairage allumé,Hors agglomération,Hors intersection,Normale,Deux véhicules - côté,,,,,,,,,,,5,1,1,1.0,3
201400044746,0014-09-18 06:30:00,14,9,18,6,30,940,65,PIERRE/ARCUEIL,48.747,2.35669,Crépuscule ou aube,Hors agglomération,Intersection en T,Normale,Deux véhicules - côté,,,,,,,,,,,2,1,3,1.0,3
201400044747,0014-09-19 08:45:00,14,9,19,8,45,940,38,"157, FLOUQUET",48.7672,2.3191,Plein jour,En agglomération,Intersection en X,Normale,Autre collision,,,,,,,,,,,1,2,2,1.0,6
201400044748,0014-09-19 14:00:00,14,9,19,14,0,940,73,"55, AV DE VERSAILLES",48.7609,2.40189,Plein jour,En agglomération,Hors intersection,Normale,Trois véhicules et plus - collisions multiples,,,,,,,,,,,1,2,1,1.0,5
201400044749,0014-09-21 11:40:00,14,9,21,11,40,940,21,AV DE FONTAINEBLEAU,48.7644,2.36805,Plein jour,En agglomération,Hors intersection,Pluie légère,Deux véhicules - côté,,,,,,,,,,,1,2,1,2.0,3
201400044750,0014-09-24 07:50:00,14,9,24,7,50,940,38,FLOUQUET / HUGO,48.7672,2.3191,Plein jour,En agglomération,Intersection en X,Normale,Autre collision,,,,,,,,,,,1,2,2,1.0,6
201400044751,0014-09-24 11:30:00,14,9,24,11,30,940,38,HOCHART / LALLIER,48.7746,2.35474,Plein jour,En agglomération,Intersection en X,Normale,Autre collision,,,,,,,,,,,1,2,2,1.0,6
201400044752,0014-09-29 10:30:00,14,9,29,10,30,940,21,JEAN MERMOZ,48.7698,2.33756,Plein jour,En agglomération,Hors intersection,Normale,Deux véhicules - arrière,,,,,,,,,,,1,2,1,1.0,2
201400044753,0014-10-03 18:45:00,14,10,3,18,45,940,73,"., boulevard de l'europe",,,Plein jour,En agglomération,Hors intersection,Normale,Sans collision,,,,,,,,,,,1,2,1,1.0,7
201400044754,0014-10-14 15:30:00,14,10,14,15,30,940,65,BOULEVARD CIRCULAIRE ( M,,,Plein jour,En agglomération,Hors intersection,Normale,Deux véhicules - arrière,,,,,,,,,,,1,2,1,1.0,2
201400044755,0014-10-18 09:10:00,14,10,18,9,10,940,65,SOLETS (R DES),,,Plein jour,En agglomération,Intersection en T,Normale,Deux véhicules - côté,,,,,,,,,,,1,2,3,1.0,3
201400044756,0014-10-18 17:00:00,14,10,18,17,0,940,73,STALINGRAD - CAR DES TRO,,,Nuit avec éclairage allumé,En agglomération,Autre intersection,Normale,Deux véhicules - côté,,,,,,,,,,,5,2,9,1.0,3
201400044757,0014-10-20 10:10:00,14,10,20,10,10,940,65,QUAI DE LORIENT,,,Plein jour,En agglomération,Intersection en X,Normale,Deux véhicules - côté,,,,,,,,,,,1,2,2,1.0,3
201400044758,0014-10-24 13:20:00,14,10,24,13,20,940,21,"29, HENRI CRETTE (R)",,,Plein jour,En agglomération,Hors intersection,Normale,Autre collision,,,,,,,,,,,1,2,1,1.0,6
201400044759,0014-10-24 18:00:00,14,10,24,18,0,940,73,"., ALOUETTES (R DES)",,,Crépuscule ou aube,En agglomération,Hors intersection,Pluie légère,Autre collision,,,,,,,,,,,2,2,1,2.0,6
201400044760,0014-10-28 04:05:00,14,10,28,4,5,940,21,"., D'AGEN (RUE)",,,Crépuscule ou aube,Hors agglomération,Hors intersection,Autre,Deux véhicules - côté,,,,,,,,,,,2,1,1,9.0,3
201400044761,0014-10-30 18:30:00,14,10,30,18,30,940,38,"113, BICETRE (R DE)",,,Nuit avec éclairage allumé,En agglomération,Autre intersection,Normale,Deux véhicules - arrière,,,,,,,,,,,5,2,9,1.0,2
201400044762,0014-11-03 09:10:00,14,11,3,9,10,940,38,"22, ARISTIDE BRIAND (AV)",,,Plein jour,En agglomération,Hors intersection,Normale,Deux véhicules - côté,,,,,,,,,,,1,2,1,1.0,3
201400044763,0014-11-04 17:30:00,14,11,4,17,30,940,73,"., RENE PANHARD (AV)",,,Nuit avec éclairage allumé,En agglomération,Hors intersection,Normale,Deux véhicules - côté,,,,,,,,,,,5,2,1,1.0,3
201400044764,0014-11-06 09:45:00,14,11,6,9,45,940,21,POITOU (R DU),,,Plein jour,En agglomération,Hors intersection,Normale,Autre collision,,,,,,,,,,,1,2,1,1.0,6
201400044765,0014-11-09 12:00:00,14,11,9,12,0,940,73,RN 186,48.7536,2.37619,Plein jour,Hors agglomération,Hors intersection,Pluie légère,Sans collision,,,,,,,,,,,1,1,1,2.0,7
201400044766,0014-11-15 10:15:00,14,11,15,10,15,940,65,"., PONT DES HALLES (R DU",,,Plein jour,Hors agglomération,Hors intersection,Temps couvert,Deux véhicules - côté,,,,,,,,,,,1,1,1,8.0,3
201400044767,0014-11-17 10:13:00,14,11,17,10,13,940,38,"57, COSARDE (R DE LA)",,,Plein jour,En agglomération,Hors intersection,Normale,Autre collision,,,,,,,,,,,1,2,1,1.0,6
201400044768,0014-11-18 13:45:00,14,11,18,13,45,940,34,"31, HENRI BARBUSSE (R)",,,Plein jour,En agglomération,Hors intersection,Pluie légère,Autre collision,,,,,,,,,,,1,2,1,2.0,6
201400044769,0014-11-18 15:30:00,14,11,18,15,30,940,21,"., BOULEVARD CIRCULAIRE",,,Plein jour,Hors agglomération,Hors intersection,Temps couvert,Deux véhicules - côté,,,,,,,,,,,1,1,1,8.0,3
201400044770,0014-11-21 17:25:00,14,11,21,17,25,940,65,"., SOLETS (R DES)",,,Crépuscule ou aube,En agglomération,Autre intersection,Normale,Sans collision,,,,,,,,,,,2,2,9,1.0,7
201400044771,0014-11-22 17:45:00,14,11,22,17,45,940,73,"., GEORGES HALGOULT (R)",,,Crépuscule ou aube,En agglomération,Autre intersection,Normale,Autre collision,,,,,,,,,,,2,2,9,1.0,6
201400044772,0014-11-22 22:13:00,14,11,22,22,13,940,65,"., FONTAINEBLEAU (AV DE)",,,Nuit avec éclairage allumé,En agglomération,Autre intersection,Normale,Deux véhicules - côté,,,,,,,,,,,5,2,9,1.0,3
201400044773,0014-11-23 12:40:00,14,11,23,12,40,940,38,"., HENRI THIRARD (R)",,,Plein jour,En agglomération,Hors intersection,Normale,Autre collision,,,,,,,,,,,1,2,1,1.0,6
201400044774,0014-11-23 19:18:00,14,11,23,19,18,940,21,"45, FRANKLIN ROOSEVELT (",,,Nuit avec éclairage allumé,En agglomération,Hors intersection,Normale,Trois véhicules et plus - collisions multiples,,,,,,,,,,,5,2,1,1.0,5
201400044775,0014-11-24 18:30:00,14,11,24,18,30,940,65,"07, ABREUVOIR (R DE L)",,,Nuit avec éclairage allumé,En agglomération,Intersection en T,Normale,Autre collision,,,,,,,,,,,5,2,3,1.0,6
201400044776,0014-11-26 18:30:00,14,11,26,18,30,940,21,"., porte de Thiais",,,Nuit avec éclairage allumé,En agglomération,Hors intersection,Normale,Deux véhicules - côté,,,,,,,,,,,5,2,1,1.0,3
201400044777,0014-11-26 19:40:00,14,11,26,19,40,940,38,PAUL HOCHART (R),,,Nuit avec éclairage allumé,En agglomération,Hors intersection,Normale,Autre collision,,,,,,,,,,,5,2,1,1.0,6
201400044778,0014-11-28 13:10:00,14,11,28,13,10,940,73,"150, VERSAILLES (AV DE)",,,Plein jour,En agglomération,Hors intersection,Normale,Autre collision,,,,,,,,,,,1,2,1,1.0,6