accident_id,datetime,annee,mois,jour,heure,minute,departement,commune_insee,adresse,latitude,longitude,luminosite,agglomeration,intersection,meteo,collision,nb_vehicules,nb_usagers,nb_indemnes,nb_tues,nb_blesses_hosp,nb_blesses_legers,age_cond_1,age_cond_2,veh_type_cond_1,veh_type_cond_2,lum_code,agg_code,int_code,atm_code,col_code
201400045149,0014-04-02 13:55:00,14,4,2,13,55,940,68,BAC / ETIENNE MARCEL,48.7967,2.50588,Plein jour,En agglomération,Intersection en T,Normale,Deux véhicules - côté,,,,,,,,,,,1,2,3,1.0,3
201400045150,0014-04-05 14:38:00,14,4,5,14,38,940,68,"49,QU DU PORT DE CRETEIL",48.8011,2.47009,Plein jour,En agglomération,Hors intersection,Normale,Deux véhicules - côté,,,,,,,,,,,1,2,1,1.0,3
201400045151,0014-04-08 16:40:00,14,4,8,16,40,940,68,AV MAHIEU / CONDE,48.8125,2.47316,Plein jour,En agglomération,Intersection en T,Normale,Autre collision,,,,,,,,,,,1,2,3,1.0,6
201400045152,0014-04-11 18:00:00,14,4,11,18,0,940,68,ROUX / ALBERT DE MUN,48.7872,2.48853,Plein jour,En agglomération,Intersection en X,Normale,Deux véhicules - côté,,,,,,,,,,,1,2,2,1.0,3
201400045153,0014-04-12 19:54:00,14,4,12,19,54,940,68,"30, QU DU PARC",48.8101,2.49588,Nuit avec éclairage allumé,En agglomération,Hors intersection,Normale,Autre collision,,,,,,,,,,,5,2,1,1.0,6
201400045154,0014-04-12 17:15:00,14,4,12,17,15,940,68,AV DU BAC,48.7922,2.51777,Plein jour,En agglomération,Hors intersection,Normale,Autre collision,,,,,,,,,,,1,2,1,1.0,6
201400045155,0014-04-22 12:15:00,14,4,22,12,15,940,68,MARRONNIERS / BEL AIR,48.8057,2.49662,Plein jour,En agglomération,Intersection en X,Normale,Deux véhicules - côté,,,,,,,,,,,1,2,2,1.0,3
201400045156,0014-04-26 12:35:00,14,4,26,12,35,940,68,"119, AV DU BAC",48.7916,2.51914,Plein jour,En agglomération,Hors intersection,Pluie légère,Deux véhicules - côté,,,,,,,,,,,1,2,1,2.0,3
201400045157,0014-05-04 18:25:00,14,5,4,18,25,940,68,R ROCHAMBEAU,48.8051,2.51402,Plein jour,En agglomération,Hors intersection,Normale,Autre collision,,,,,,,,,,,1,2,1,1.0,6
201400045158,0014-04-26 22:05:00,14,4,26,22,5,940,68,DIDIER / BUFFON,48.7985,2.51062,Nuit avec éclairage allumé,En agglomération,Intersection en X,Pluie légère,Deux véhicules - côté,,,,,,,,,,,5,2,2,2.0,3
201400045159,0014-05-15 13:45:00,14,5,15,13,45,940,68,AV LOUIS BLANC,48.7891,2.49526,Plein jour,En agglomération,Intersection en X,Normale,Deux véhicules - arrière,,,,,,,,,,,1,2,2,1.0,2
201400045160,0014-05-17 17:30:00,14,5,17,17,30,940,68,"187, BD DE CRETEIL",48.7978,2.5011,Plein jour,En agglomération,Hors intersection,Normale,Deux véhicules - côté,,,,,,,,,,,1,2,1,1.0,3
201400045161,0014-05-18 18:55:00,14,5,18,18,55,940,68,BEAUJEU / FRATERNITE,48.7963,2.47501,Plein jour,En agglomération,Intersection en T,Normale,Deux véhicules - côté,,,,,,,,,,,1,2,3,1.0,3
201400045162,0014-05-22 20:44:00,14,5,22,20,44,940,68,CAR DU 8 MAI 1945,48.8022,2.49207,Crépuscule ou aube,En agglomération,Intersection en X,Normale,Deux véhicules - côté,,,,,,,,,,,2,2,2,1.0,3
201400045163,0014-05-24 18:40:00,14,5,24,18,40,940,68,"134, AV FOCH",48.7984,2.50155,Plein jour,En agglomération,Hors intersection,Normale,Deux véhicules - côté,,,,,,,,,,,1,2,1,1.0,3
201400045164,0014-06-02 18:45:00,14,6,2,18,45,940,68,FOCH / GABRIELLE,48.8042,2.4869,Plein jour,En agglomération,Intersection en T,Normale,Deux véhicules - arrière,,,,,,,,,,,1,2,3,1.0,2
201400045165,0014-06-12 16:50:00,14,6,12,16,50,940,68,8 MAI 1945 / FOCH,48.8021,2.49255,Plein jour,En agglomération,Giratoire,Normale,Autre collision,,,,,,,,,,,1,2,6,1.0,6
201400045166,0014-06-13 14:15:00,14,6,13,14,15,940,68,BD DES CORNEILLES,48.7861,2.49217,Plein jour,En agglomération,Hors intersection,Normale,Deux véhicules - côté,,,,,,,,,,,1,2,1,1.0,3
201400045167,0014-06-17 15:55:00,14,6,17,15,55,940,68,HUGO / DE GAULLE,48.8032,2.4854,Plein jour,En agglomération,Intersection en T,Normale,Autre collision,,,,,,,,,,,1,2,3,1.0,6
201400045168,0014-06-18 17:40:00,14,6,18,17,40,940,68,PONT DE CHAMPIGNY,48.8083,2.50926,Plein jour,En agglomération,Hors intersection,Normale,Autre collision,,,,,,,,,,,1,2,1,1.0,6
201400045169,0014-06-19 16:15:00,14,6,19,16,15,940,68,CRETEIL / GENERAL GIRAUD,48.799,2.47347,Plein jour,En agglomération,Intersection en Y,Normale,Deux véhicules - arrière,,,,,,,,,,,1,2,4,1.0,2
201400045170,0014-06-27 13:30:00,14,6,27,13,30,940,68,LOUIS BLANC / EUGENE SUE,48.7907,2.49622,Plein jour,En agglomération,Intersection en T,Normale,Deux véhicules - côté,,,,,,,,,,,1,2,3,1.0,3
201400045171,0014-06-27 22:45:00,14,6,27,22,45,940,68,GARNIER / PILIERS,48.7936,2.50889,Nuit avec éclairage allumé,En agglomération,Intersection en X,Normale,Deux véhicules - côté,,,,,,,,,,,5,2,2,1.0,3
201400045172,0014-07-04 13:50:00,14,7,4,13,50,940,68,PILIERS / HAVRE,48.7943,2.5064,Plein jour,En agglomération,Intersection en X,Pluie légère,Deux véhicules - côté,,,,,,,,,,,1,2,2,2.0,3
201400045173,0014-07-04 14:55:00,14,7,4,14,55,940,68,"137, BD DE CHAMPIGNY",48.8086,2.50938,Plein jour,En agglomération,Hors intersection,Normale,Deux véhicules - côté,,,,,,,,,,,1,2,1,1.0,3
201400045174,0014-07-10 09:25:00,14,7,10,9,25,940,68,BEAUBOURG / CONDE,48.8133,2.47878,Plein jour,En agglomération,Intersection en X,Pluie forte,Deux véhicules - arrière,,,,,,,,,,,1,2,2,3.0,2
201400045175,0014-07-12 16:25:00,14,7,12,16,25,940,68,DAVID / JEAN JAURES,48.7941,2.47711,Plein jour,En agglomération,Intersection en X,Normale,Deux véhicules - côté,,,,,,,,,,,1,2,2,1.0,3
201400045176,0014-07-18 13:10:00,14,7,18,13,10,940,68,"80, BD DE CHAMPIGNY",48.8047,2.50869,Plein jour,En agglomération,Hors intersection,Normale,Deux véhicules - côté,,,,,,,,,,,1,2,1,1.0,3
201400045177,0014-07-22 17:10:00,14,7,22,17,10,940,68,ROUX / ADAM,48.7924,2.49157,Plein jour,En agglomération,Intersection en X,Normale,Deux véhicules - côté,,,,,,,,,,,1,2,2,1.0,3
201400045178,0014-07-24 12:00:00,14,7,24,12,0,940,68,CHENNEVIERES / LAMY,48.7892,2.5175,Plein jour,En agglomération,Intersection en X,Normale,Deux véhicules - côté,,,,,,,,,,,1,2,2,1.0,3
201400045179,0014-08-01 17:20:00,14,8,1,17,20,940,68,PILIERS / GARNIER,48.7936,2.50889,Plein jour,En agglomération,Intersection en X,Normale,Deux véhicules - côté,,,,,,,,,,,1,2,2,1.0,3
201400045180,0014-08-15 14:48:00,14,8,15,14,48,940,68,AV BEAUREPAIRE,48.7875,2.48074,Plein jour,En agglomération,Hors intersection,Normale,Autre collision,,,,,,,,,,,1,2,1,1.0,6
201400045181,0014-08-17 00:45:00,14,8,17,0,45,940,68,CHAMPIGNY / JOFFRE,48.8039,2.50823,Nuit avec éclairage allumé,En agglomération,Intersection en X,Normale,Deux véhicules - côté,,,,,,,,,,,5,2,2,1.0,3
201400045182,0014-08-23 18:25:00,14,8,23,18,25,940,68,BERTEAUX / POLITZER,48.811,2.46932,Plein jour,En agglomération,Intersection en X,Pluie légère,Deux véhicules - côté,,,,,,,,,,,1,2,2,2.0,3
201400045183,0014-08-28 12:42:00,14,8,28,12,42,940,68,VICTOR HUGO,48.8033,2.48519,Plein jour,En agglomération,Hors intersection,Normale,Autre collision,,,,,,,,,,,1,2,1,1.0,6
201400045184,0014-08-31 09:45:00,14,8,31,9,45,940,68,CHENNEVIERES / LAMY,48.7892,2.5175,Plein jour,En agglomération,Intersection en X,Normale,Deux véhicules - côté,,,,,,,,,,,1,2,2,1.0,3
201400045185,0014-09-01 15:00:00,14,9,1,15,0,940,68,NEUVILLE / LE DUC,48.8038,2.50936,Plein jour,En agglomération,Intersection en T,Normale,Deux véhicules - côté,,,,,,,,,,,1,2,3,1.0,3
201400045186,0014-09-01 19:15:00,14,9,1,19,15,940,68,"3, MAURICE BERTEAUX",48.8116,2.46897,Plein jour,En agglomération,Hors intersection,Normale,Deux véhicules - côté,,,,,,,,,,,1,2,1,1.0,3
201400045187,0014-09-05 13:25:00,14,9,5,13,25,940,68,FOCH / CALMETTE,48.8022,2.49207,Plein jour,En agglomération,Intersection en X,Normale,Deux véhicules - côté,,,,,,,,,,,1,2,2,1.0,3
201400045188,0014-09-12 16:25:00,14,9,12,16,25,940,68,REMISES / LORRAINE,48.8059,2.47293,Plein jour,En agglomération,Intersection en X,Normale,Deux véhicules - côté,,,,,,,,,,,1,2,2,1.0,3
201400045189,0014-09-12 19:05:00,14,9,12,19,5,940,68,ZOLA / DIDEROT,48.8026,2.48458,Plein jour,En agglomération,Intersection en X,Normale,Deux véhicules - côté,,,,,,,,,,,1,2,2,1.0,3
201400045190,0014-09-14 17:00:00,14,9,14,17,0,940,68,"15, AV DU BAC",48.7971,2.50493,Plein jour,En agglomération,Intersection en X,Normale,Autre collision,,,,,,,,,,,1,2,2,1.0,6
201400045191,0014-09-16 11:00:00,14,9,16,11,0,940,68,BLANC / BERANGER,48.7921,2.49709,Plein jour,En agglomération,Intersection en X,Normale,Deux véhicules - côté,,,,,,,,,,,1,2,2,1.0,3
201400045192,0014-09-18 10:00:00,14,9,18,10,0,940,68,MOINES / ROCHEREAU,48.7871,2.50547,Plein jour,En agglomération,Intersection en X,Normale,Deux véhicules - côté,,,,,,,,,,,1,2,2,1.0,3
201400045193,0014-09-19 19:50:00,14,9,19,19,50,940,68,"21, VARENNE",48.8089,2.4724,Nuit avec éclairage allumé,En agglomération,Hors intersection,Normale,Trois véhicules et plus - collisions multiples,,,,,,,,,,,5,2,1,1.0,5
201400045194,0014-09-21 12:40:00,14,9,21,12,40,940,68,LAFAYETTE / MARIGNAN,48.806,2.51194,Plein jour,En agglomération,Intersection en Y,Pluie légère,Deux véhicules - côté,,,,,,,,,,,1,2,4,2.0,3
201400045195,0014-09-22 11:30:00,14,9,22,11,30,940,68,MARCEL / REGNAULT,48.7989,2.50714,Plein jour,En agglomération,Intersection en X,Normale,Deux véhicules - côté,,,,,,,,,,,1,2,2,1.0,3
201400045196,0014-09-22 11:20:00,14,9,22,11,20,940,68,ALSACE LORRAINE,48.8051,2.47744,Plein jour,En agglomération,Hors intersection,Normale,Autre collision,,,,,,,,,,,1,2,1,1.0,6
201400045197,0014-09-26 18:10:00,14,9,26,18,10,940,68,BLANC / DANTON,48.7927,2.49745,Plein jour,En agglomération,Intersection à plus de 4 branches,Normale,Deux véhicules - côté,,,,,,,,,,,1,2,5,1.0,3
201400045198,0014-09-27 00:30:00,14,9,27,0,30,940,68,"63, BD DE CHAMPIGNY",48.803,2.50736,Nuit avec éclairage allumé,En agglomération,Hors intersection,Normale,Autre collision,,,,,,,,,,,5,2,1,1.0,6
201400045199,0014-10-03 09:00:00,14,10,3,9,0,940,68,"39, JOFFRE (AV)",,,Plein jour,En agglomération,Hors intersection,Normale,Autre collision,,,,,,,,,,,1,2,1,1.0,6
201400045200,0014-10-10 07:50:00,14,10,10,7,50,940,68,"72, BAC (AV DU)",,,Plein jour,En agglomération,Autre intersection,Normale,Deux véhicules - côté,,,,,,,,,,,1,2,9,1.0,3
201400045201,0014-10-10 15:40:00,14,10,10,15,40,940,68,CRETEIL (BD DE),,,Plein jour,En agglomération,Intersection en X,Normale,Deux véhicules - côté,,,,,,,,,,,1,2,2,1.0,3
201400045202,0014-10-10 19:10:00,14,10,10,19,10,940,68,CHATEAU (AV DU),,,Nuit avec éclairage allumé,En agglomération,Intersection en X,Normale,Deux véhicules - côté,,,,,,,,,,,5,2,2,1.0,3
201400045203,0014-10-13 17:50:00,14,10,13,17,50,940,68,VERGNIAUD (AV),,,Plein jour,En agglomération,Intersection en X,Normale,Deux véhicules - côté,,,,,,,,,,,1,2,2,1.0,3
201400045204,0014-10-17 12:15:00,14,10,17,12,15,940,68,GUYNEMER (AV),,,Plein jour,En agglomération,Intersection en X,Pluie légère,Deux véhicules - côté,,,,,,,,,,,1,2,2,2.0,3
201400045205,0014-10-21 10:20:00,14,10,21,10,20,940,68,MAURICE BERTEAUX (BD),,,Plein jour,En agglomération,Intersection en T,Normale,Deux véhicules - côté,,,,,,,,,,,1,2,3,1.0,3
201400045206,0014-10-22 09:55:00,14,10,22,9,55,940,68,CRETEIL (BD DE),,,Plein jour,En agglomération,Intersection en X,Normale,Deux véhicules - côté,,,,,,,,,,,1,2,2,1.0,3
201400045207,0014-10-23 18:25:00,14,10,23,18,25,940,68,CRETEIL (BD DE),,,Nuit avec éclairage allumé,En agglomération,Intersection en X,Normale,Deux véhicules - côté,,,,,,,,,,,5,2,2,1.0,3
201400045208,0014-10-28 12:25:00,14,10,28,12,25,940,68,"26, BAC (AV DU)",,,Plein jour,En agglomération,Hors intersection,Normale,Autre collision,,,,,,,,,,,1,2,1,1.0,6
201400045209,0014-10-29 12:35:00,14,10,29,12,35,940,68,FOCH (AV),,,Plein jour,En agglomération,Intersection en X,Normale,Deux véhicules - côté,,,,,,,,,,,1,2,2,1.0,3
201400045210,0014-11-03 09:10:00,14,11,3,9,10,940,68,PONT DE CRETEIL (R DU),,,Plein jour,En agglomération,Hors intersection,Normale,Trois véhicules et plus - en chaîne,,,,,,,,,,,1,2,1,1.0,4
201400045211,0014-11-12 19:00:00,14,11,12,19,0,940,68,"18, EMILE ZOLA (AV)",,,Nuit avec éclairage allumé,En agglomération,Hors intersection,Normale,Autre collision,,,,,,,,,,,5,2,1,1.0,6
201400045212,0014-11-13 07:30:00,14,11,13,7,30,940,68,ALBERT DE MUN (R),,,Crépuscule ou aube,En agglomération,Intersection en X,Normale,Deux véhicules - côté,,,,,,,,,,,2,2,2,1.0,3
201400045213,0014-11-14 22:05:00,14,11,14,22,5,940,68,ELIAS HOWES (R),,,Nuit avec éclairage allumé,En agglomération,Intersection en X,Normale,Deux véhicules - côté,,,,,,,,,,,5,2,2,1.0,3
201400045214,0014-11-17 17:50:00,14,11,17,17,50,940,68,"1, CHEMIN VERT (R DU)",,,Nuit avec éclairage allumé,En agglomération,Autre intersection,Pluie légère,Autre collision,,,,,,,,,,,5,2,9,2.0,6
201400045215,0014-11-19 14:10:00,14,11,19,14,10,940,68,"11, REMISES (R DES)",,,Plein jour,En agglomération,Hors intersection,Normale,Autre collision,,,,,,,,,,,1,2,1,1.0,6
201400045216,0014-11-21 11:50:00,14,11,21,11,50,940,68,MAURICE BERTEAUX (BD),,,Plein jour,En agglomération,Hors intersection,Normale,Deux véhicules - côté,,,,,,,,,,,1,2,1,1.0,3
201400045217,0014-11-21 17:20:00,14,11,21,17,20,940,68,DOCTEUR TOURASSE (AV DU),,,Nuit avec éclairage allumé,En agglomération,Intersection en X,Normale,Deux véhicules - côté,,,,,,,,,,,5,2,2,1.0,3
201400045218,0014-11-22 16:30:00,14,11,22,16,30,940,68,"17, MAURICE BERTEAUX (BD",,,Plein jour,En agglomération,Hors intersection,Normale,Deux véhicules - côté,,,,,,,,,,,1,2,1,1.0,3
201400045219,0014-11-24 09:00:00,14,11,24,9,0,940,68,SAINT HILAIRE (R),,,Plein jour,En agglomération,Intersection en X,Normale,Deux véhicules - côté,,,,,,,,,,,1,2,2,1.0,3
201400045220,0014-11-25 19:20:00,14,11,25,19,20,940,68,MESNIL (AV DU),,,Nuit avec éclairage allumé,En agglomération,Hors intersection,Normale,Trois véhicules et plus - en chaîne,,,,,,,,,,,5,2,1,1.0,4
201400045221,0014-11-27 12:20:00,14,11,27,12,20,940,68,"07, COMMANDANT RIVIERE (",,,Plein jour,En agglomération,Hors intersection,Temps couvert,Deux véhicules - côté,,,,,,,,,,,1,2,1,8.0,3
201400045222,0014-12-01 19:25:00,14,12,1,19,25,940,68,"4, CHAMPIGNY (BD DE)",,,Nuit avec éclairage allumé,En agglomération,Autre intersection,Pluie légère,Deux véhicules - côté,,,,,,,,,,,5,2,9,2.0,3
201400045223,0014-12-03 18:00:00,14,12,3,18,0,940,68,EMILE ZOLA (AV),,,Nuit avec éclairage allumé,En agglomération,Intersection en X,Normale,Autre collision,,,,,,,,,,,5,2,2,1.0,6
201400045224,0014-12-04 20:45:00,14,12,4,20,45,940,68,HENRI MARTIN (AV),,,Nuit avec éclairage allumé,En agglomération,Intersection en X,Normale,Deux véhicules - côté,,,,,,,,,,,5,2,2,1.0,3
201400045225,0014-12-08 18:55:00,14,12,8,18,55,940,68,GODEFROY CAVAIGNAC (AV),,,Nuit avec éclairage allumé,En agglomération,Intersection en X,Normale,Autre collision,,,,,,,,,,,5,2,2,1.0,6
201400045226,0014-12-13 17:40:00,14,12,13,17,40,940,68,"35, FOCH (AV)",,,Nuit avec éclairage allumé,En agglomération,Hors intersection,Pluie légère,Autre collision,,,,,,,,,,,5,2,1,2.0,6
201400045227,0014-12-13 18:40:00,14,12,13,18,40,940,68,BOURBAKI (AV),,,Nuit avec éclairage allumé,En agglomération,Intersection en X,Pluie légère,Deux véhicules - côté,,,,,,,,,,,5,2,2,2.0,3
201400045228,0014-12-17 09:25:00,14,12,17,9,25,940,68,LOUVIERE (PL DE LA),,,Plein jour,En agglomération,Hors intersection,Pluie légère,Autre collision,,,,,,,,,,,1,2,1,2.0,6
201400045229,0014-12-17 15:20:00,14,12,17,15,20,940,68,PONT DE CRETEIL (R DU),,,Plein jour,En agglomération,Intersection en Y,Pluie légère,Deux véhicules - côté,,,,,,,,,,,1,2,4,2.0,3
201400045230,0014-12-17 18:40:00,14,12,17,18,40,940,68,"114, CRETEIL (BD DE)",,,Nuit avec éclairage allumé,En agglomération,Hors intersection,Pluie légère,Autre collision,,,,,,,,,,,5,2,1,2.0,6
201400045231,0014-12-19 11:30:00,14,12,19,11,30,940,68,SAINT HILAIRE (R),,,Plein jour,En agglomération,Hors intersection,Pluie légère,Trois véhicules et plus - collisions multiples,,,,,,,,,,,1,2,1,2.0,5
201400045232,0014-12-23 18:00:00,14,12,23,18,0,940,68,"196, CRETEIL (BD DE)",,,Nuit avec éclairage allumé,En agglomération,Hors intersection,Normale,Deux véhicules - côté,,,,,,,,,,,5,2,1,1.0,3
201400045233,0014-12-29 11:00:00,14,12,29,11,0,940,68,RABELAIS (BD),,,Plein jour,En agglomération,Intersection en X,Normale,Deux véhicules - côté,,,,,,,,,,,1,2,2,1.0,3
201400045234,0014-01-16 16:40:00,14,1,16,16,40,940,68,CRETEIL / L'ECLUSE,48.804,2.47162,Plein jour,En agglomération,Intersection en T,Normale,Deux véhicules - côté,,,,,,,,,,,1,2,3,1.0,3
201400045235,0014-01-20 16:45:00,14,1,20,16,45,940,68,AV FRANCIS GARNIER/AV DE,48.7936,2.50889,Crépuscule ou aube,En agglomération,Intersection en X,Normale,Deux véhicules - côté,,,,,,,,,,,2,2,2,1.0,3
201400045236,0014-01-22 20:00:00,14,1,22,20,0,940,68,PONT DE CRETEIL/REMISES,48.8044,2.47175,Nuit avec éclairage allumé,En agglomération,Intersection en Y,Pluie légère,Trois véhicules et plus - collisions multiples,,,,,,,,,,,5,2,4,2.0,5
201400045237,0014-01-26 02:25:00,14,1,26,2,25,940,68,AV LOUIS BLANC/LA MARNE,48.7933,2.49783,Nuit avec éclairage allumé,En agglomération,Intersection en X,Normale,Deux véhicules - côté,,,,,,,,,,,5,2,2,1.0,3
201400045238,0014-03-15 01:00:00,14,3,15,1,0,940,68,MESNIL / COLETTE,48.7989,2.51734,Nuit avec éclairage allumé,En agglomération,Intersection en T,Normale,Deux véhicules - côté,,,,,,,,,,,5,2,3,1.0,3
201400045239,0014-03-22 00:15:00,14,3,22,0,15,940,68,PONT DE CRETEIL/MARIN,48.8084,2.47122,Nuit avec éclairage allumé,En agglomération,Intersection en Y,Normale,Deux véhicules - côté,,,,,,,,,,,5,2,4,1.0,3
201400045240,0014-05-08 00:01:00,14,5,8,0,1,940,68,ALMA / RASPAIL,48.786,2.49524,Nuit avec éclairage allumé,En agglomération,Intersection en X,Normale,Deux véhicules - côté,,,,,,,,,,,5,2,2,1.0,3
201400045241,0014-05-09 17:45:00,14,5,9,17,45,940,68,"10, AV DE L'ALMA",48.7882,2.49525,Plein jour,En agglomération,Hors intersection,Normale,Deux véhicules - arrière,,,,,,,,,,,1,2,1,1.0,2
201400045242,0014-06-06 23:30:00,14,6,6,23,30,940,68,BD DE CRETEIL,48.799,2.47347,Nuit avec éclairage allumé,En agglomération,Intersection en Y,Normale,Deux véhicules - côté,,,,,,,,,,,5,2,4,1.0,3
201400045243,0014-07-07 16:50:00,14,7,7,16,50,940,68,"40, R DELERUE",48.7957,2.49104,Plein jour,En agglomération,Hors intersection,Normale,Deux véhicules - côté,,,,,,,,,,,1,2,1,1.0,3
201400045244,0014-07-12 11:20:00,14,7,12,11,20,940,68,R SAINT-FIACRE,48.8081,2.51179,Plein jour,En agglomération,Hors intersection,Normale,Autre collision,,,,,,,,,,,1,2,1,1.0,6
201400045245,0014-07-16 18:00:00,14,7,16,18,0,940,68,R DE LA VARENNE,48.8071,2.47545,Plein jour,En agglomération,Hors intersection,Normale,Deux véhicules - côté,,,,,,,,,,,1,2,1,1.0,3
201400045246,0014-07-25 18:20:00,14,7,25,18,20,940,68,"76, AV DU BAC",48.7939,2.5132,Plein jour,En agglomération,Hors intersection,Normale,Deux véhicules - frontale,,,,,,,,,,,1,2,1,1.0,1
201400045247,0014-08-03 17:00:00,14,8,3,17,0,940,68,"32, AV GUYNEMER",48.7871,2.48415,Plein jour,En agglomération,Hors intersection,Autre,Autre collision,,,,,,,,,,,1,2,1,9.0,6
201400045248,0014-08-20 09:35:00,14,8,20,9,35,940,68,GARIBALDI / CHOLET,48.7945,2.48569,Plein jour,En agglomération,Intersection en X,Normale,Trois véhicules et plus - en chaîne,,,,,,,,,,,1,2,2,1.0,4
201400045249,0014-08-23 16:05:00,14,8,23,16,5,940,68,FOCH / 8 MAI 1945,48.8021,2.49255,Plein jour,En agglomération,Giratoire,Normale,Deux véhicules - côté,,,,,,,,,,,1,2,6,1.0,3
201400045250,0014-09-20 23:35:00,14,9,20,23,35,940,68,"8, CHANZY",48.7916,2.51392,Nuit avec éclairage allumé,En agglomération,Hors intersection,Normale,Autre collision,,,,,,,,,,,5,2,1,1.0,6
201400045251,0014-09-24 01:35:00,14,9,24,1,35,940,68,GAMBETTA / RIMINI,48.7942,2.49579,Nuit avec éclairage allumé,En agglomération,Giratoire,Normale,Autre collision,,,,,,,,,,,5,2,6,1.0,6
201400045252,0014-10-05 07:40:00,14,10,5,7,40,940,68,"54, BAC (AV DU)",,,Plein jour,En agglomération,Hors intersection,Normale,Autre collision,,,,,,,,,,,1,2,1,1.0,6
201400045253,0014-10-20 19:00:00,14,10,20,19,0,940,68,PONT DE CRETEIL (R DU),,,Nuit avec éclairage allumé,En agglomération,Hors intersection,Pluie légère,Autre collision,,,,,,,,,,,5,2,1,2.0,6
201400045254,0014-10-30 13:10:00,14,10,30,13,10,940,68,"169, CRETEIL (BD DE)",,,Plein jour,En agglomération,Intersection en T,Normale,Deux véhicules - arrière,,,,,,,,,,,1,2,3,1.0,2
201400045255,0014-11-17 07:30:00,14,11,17,7,30,940,68,PONT DE CRETEIL (R DU),,,Plein jour,En agglomération,Hors intersection,Normale,Autre collision,,,,,,,,,,,1,2,1,1.0,6
201400045256,0014-11-18 10:15:00,14,11,18,10,15,940,68,ARMES (PL D),,,Plein jour,En agglomération,Hors intersection,Normale,Autre collision,,,,,,,,,,,1,2,1,1.0,6
201400045257,0014-11-18 21:05:00,14,11,18,21,5,940,68,"37, PONT DE CRETEIL (R D",,,Nuit sans éclairage public,En agglomération,Hors intersection,Pluie légère,Autre collision,,,,,,,,,,,3,2,1,2.0,6
201400045258,0014-11-28 00:01:00,14,11,28,0,1,940,68,"27, PONT DE CRETEIL (R D",,,Nuit avec éclairage allumé,En agglomération,Intersection en X,Normale,Deux véhicules - côté,,,,,,,,,,,5,2,2,1.0,3
201400045259,0014-12-07 05:15:00,14,12,7,5,15,940,68,MARIGNAN (R),,,Nuit avec éclairage allumé,Hors agglomération,Intersection en Y,Normale,Autre collision,,,,,,,,,,,5,1,4,1.0,6
201400045260,0014-12-12 19:10:00,14,12,12,19,10,940,68,"33, PORT DE CRETEIL (QU",,,Nuit avec éclairage allumé,En agglomération,Hors intersection,Pluie forte,Autre collision,,,,,,,,,,,5,2,1,3.0,6
201400045261,0014-01-02 19:50:00,14,1,2,19,50,940,78,8 MAI 1945/SEMARD,48.7297,2.44687,Nuit avec éclairage allumé,En agglomération,Intersection en Y,Normale,Deux véhicules - côté,,,,,,,,,,,5,2,4,1.0,3
201400045262,0014-12-23 01:30:00,14,12,23,1,30,940,77,GARE (R DE LA),,,Nuit avec éclairage allumé,En agglomération,Intersection en X,Normale,Deux véhicules - côté,,,,,,,,,,,5,2,2,1.0,3
201400045263,0014-12-23 18:50:00,14,12,23,18,50,940,78,CARNOT (AV),,,Nuit avec éclairage allumé,En agglomération,Intersection en X,Pluie légère,Deux véhicules - côté,,,,,,,,,,,5,2,2,2.0,3
201400045264,0014-12-24 11:35:00,14,12,24,11,35,940,78,GERVAIS/MENDES-FRANCE,48.7256,2.44481,Plein jour,En agglomération,Intersection en Y,Temps couvert,Sans collision,,,,,,,,,,,1,2,4,8.0,7
201400045265,0014-04-07 09:00:00,14,4,7,9,0,940,78,AV DU 8 MAI 1945,48.7277,2.4457,Plein jour,En agglomération,Hors intersection,Temps couvert,Sans collision,,,,,,,,,,,1,2,1,8.0,7
201400045266,0014-01-10 18:08:00,14,1,10,18,8,940,74,R LE BOIS CERDON,48.7278,2.4743,Nuit avec éclairage allumé,En agglomération,Hors intersection,Normale,Deux véhicules - côté,,,,,,,,,,,5,2,1,1.0,3
201400045267,0014-04-25 19:00:00,14,4,25,19,0,940,78,PRESIDENT / ACACIAS,48.7334,2.46183,Plein jour,En agglomération,Intersection en T,Normale,Autre collision,,,,,,,,,,,1,2,3,1.0,6
201400045268,0014-08-03 07:00:00,14,8,3,7,0,940,78,330 R DE PARIS,48.7498,2.44557,Nuit avec éclairage allumé,En agglomération,Hors intersection,Normale,Deux véhicules - arrière,,,,,,,,,,,5,2,1,1.0,2
201400045269,0014-05-23 07:30:00,14,5,23,7,30,940,74,AV SALVADOR ALLENDE,48.7503,2.46288,Plein jour,En agglomération,Hors intersection,Normale,Autre collision,,,,,,,,,,,1,2,1,1.0,6
201400045270,0014-01-15 16:30:00,14,1,15,16,30,940,77,"141, AV LE FOLL",48.7307,2.42584,Nuit avec éclairage allumé,En agglomération,Intersection en X,Pluie légère,Deux véhicules - côté,,,,,,,,,,,5,2,2,2.0,3
201400045271,0014-01-15 21:00:00,14,1,15,21,0,940,78,"22, PL PIERRE SEMARD",48.7302,2.44687,Nuit avec éclairage allumé,En agglomération,Hors intersection,Pluie légère,Autre collision,,,,,,,,,,,5,2,1,2.0,6
201400045272,0014-01-16 18:05:00,14,1,16,18,5,940,74,AV DU RU DE GIRONDE,48.7424,2.46594,Nuit sans éclairage public,En agglomération,Hors intersection,Pluie légère,Autre collision,,,,,,,,,,,3,2,1,2.0,6
201400045273,0014-06-29 06:00:00,14,6,29,6,0,940,78,"286, PARIS/BERLIOZ",48.7459,2.44647,Plein jour,En agglomération,Intersection à plus de 4 branches,Pluie légère,Trois véhicules et plus - en chaîne,,,,,,,,,,,1,2,5,2.0,4