accident_id,datetime,annee,mois,jour,heure,minute,departement,commune_insee,adresse,latitude,longitude,luminosite,agglomeration,intersection,meteo,collision,nb_vehicules,nb_usagers,nb_indemnes,nb_tues,nb_blesses_hosp,nb_blesses_legers,age_cond_1,age_cond_2,veh_type_cond_1,veh_type_cond_2,lum_code,agg_code,int_code,atm_code,col_code
201400045274,0014-01-19 00:14:00,14,1,19,0,14,940,78,"262, R DE PARIS",48.7442,2.4467,Nuit avec éclairage allumé,En agglomération,Hors intersection,Pluie légère,Autre collision,,,,,,,,,,,5,2,1,2.0,6
201400045275,0014-07-13 12:45:00,14,7,13,12,45,940,78,"154, R DE PARIS/CHOISY",48.7356,2.44665,Plein jour,En agglomération,Intersection en X,Pluie légère,Deux véhicules - arrière,,,,,,,,,,,1,2,2,2.0,2
201400045276,0014-01-21 08:50:00,14,1,21,8,50,940,77,"73, PAUL BERT/R DE LA PL",48.7354,2.44146,Plein jour,En agglomération,Intersection en T,Pluie légère,Deux véhicules - côté,,,,,,,,,,,1,2,3,2.0,3
201400045277,0014-01-25 09:35:00,14,1,25,9,35,940,74,"72, BARBUSSE/JAURES",48.7662,2.44147,Plein jour,En agglomération,Intersection en T,Pluie légère,Trois véhicules et plus - collisions multiples,,,,,,,,,,,1,2,3,2.0,5
201400045278,0014-06-19 09:22:00,14,6,19,9,22,940,77,MAUNOURY/ VOLTAIRE,48.7293,2.41032,Plein jour,En agglomération,Intersection en T,Normale,Deux véhicules - côté,,,,,,,,,,,1,2,3,1.0,3
201400045279,0014-11-01 06:30:00,14,11,1,6,30,940,78,R DE PARIS,48.7424,2.44661,Nuit avec éclairage allumé,En agglomération,Hors intersection,Normale,Deux véhicules - arrière,,,,,,,,,,,5,2,1,1.0,2
201400045280,0014-01-31 16:40:00,14,1,31,16,40,940,78,R ROLAND GARROS,48.752,2.45107,Plein jour,En agglomération,Intersection en T,Normale,Sans collision,,,,,,,,,,,1,2,3,1.0,7
201400045281,0014-02-02 05:50:00,14,2,2,5,50,940,74,"86, AV HENRI BARBUSSE",48.7682,2.44096,Nuit avec éclairage allumé,En agglomération,Hors intersection,Normale,Autre collision,,,,,,,,,,,5,2,1,1.0,6
201400045282,0014-12-15 18:50:00,14,12,15,18,50,940,74,"30, GASTON MONMOUSSEAU (",,,Nuit avec éclairage allumé,En agglomération,Intersection en T,Pluie légère,Autre collision,,,,,,,,,,,5,2,3,2.0,6
201400045283,0014-01-28 09:40:00,14,1,28,9,40,940,78,R MICHELET/R EMILE ZOLA,48.7355,2.44867,Plein jour,En agglomération,Intersection en T,Normale,Deux véhicules - côté,,,,,,,,,,,1,2,3,1.0,3
201400045284,0014-01-28 12:20:00,14,1,28,12,20,940,77,GENERAL DE GAULLE/COMMUN,48.7352,2.42301,Plein jour,En agglomération,Intersection en X,Normale,Deux véhicules - côté,,,,,,,,,,,1,2,2,1.0,3
201400045285,0014-02-03 16:35:00,14,2,3,16,35,940,78,"62, FONTAINE SAINTMARTIN",48.7281,2.47275,Plein jour,Hors agglomération,Hors intersection,Normale,Deux véhicules - frontale,,,,,,,,,,,1,1,1,1.0,1
201400045286,0014-02-06 07:20:00,14,2,6,7,20,940,74,"08, AV JULIEN DURANTON",48.7589,2.45136,Nuit avec éclairage non allumé,En agglomération,Hors intersection,Normale,Trois véhicules et plus - collisions multiples,,,,,,,,,,,4,2,1,1.0,5
201400045287,0014-02-07 09:30:00,14,2,7,9,30,940,78,CHOISY/HOCHE,48.748,2.43578,Plein jour,En agglomération,Intersection en T,Normale,Autre collision,,,,,,,,,,,1,2,3,1.0,6
201400045288,0014-06-28 00:40:00,14,6,28,0,40,940,78,ANATOLE FRANCE /  MARTIN,48.7386,2.45274,Nuit avec éclairage allumé,En agglomération,Intersection en T,Normale,Trois véhicules et plus - collisions multiples,,,,,,,,,,,5,2,3,1.0,5
201400045289,0014-02-18 14:05:00,14,2,18,14,5,940,77,"116, AV PAUL DOUMER",48.7372,2.4239,Plein jour,En agglomération,Hors intersection,Normale,Autre collision,,,,,,,,,,,1,2,1,1.0,6
201400045290,0014-02-21 18:40:00,14,2,21,18,40,940,78,"107, AV ANATOLE FRANCE",48.7465,2.45269,Crépuscule ou aube,En agglomération,Hors intersection,Normale,Autre collision,,,,,,,,,,,2,2,1,1.0,6
201400045291,0014-02-22 08:20:00,14,2,22,8,20,940,78,"9, AV DE LA REPUBLIQUE",48.7288,2.44851,Plein jour,En agglomération,Hors intersection,Pluie légère,Autre collision,,,,,,,,,,,1,2,1,2.0,6
201400045292,0014-03-04 13:40:00,14,3,4,13,40,940,78,18 JUIN 1940/ARMAND,48.7605,2.44291,Plein jour,En agglomération,Intersection en T,Normale,Deux véhicules - côté,,,,,,,,,,,1,2,3,1.0,3
201400045293,0014-03-06 09:55:00,14,3,6,9,55,940,78,CAR JEAN MOULIN /REPUBLI,48.7271,2.45032,Plein jour,En agglomération,Giratoire,Normale,Deux véhicules - arrière,,,,,,,,,,,1,2,6,1.0,2
201400045294,0014-03-14 00:30:00,14,3,14,0,30,940,78,R DE PARIS,48.7304,2.44686,Nuit avec éclairage allumé,En agglomération,Hors intersection,Normale,Autre collision,,,,,,,,,,,5,2,1,1.0,6
201400045295,0014-03-14 16:50:00,14,3,14,16,50,940,78,"07, AV DE CHOISY",48.7383,2.44474,Plein jour,En agglomération,Hors intersection,Normale,Autre collision,,,,,,,,,,,1,2,1,1.0,6
201400045296,0014-03-15 18:50:00,14,3,15,18,50,940,78,"20, FERRY / SAND",48.7385,2.4604,Crépuscule ou aube,En agglomération,Intersection en T,Normale,Deux véhicules - frontale,,,,,,,,,,,2,2,3,1.0,1
201400045297,0014-03-18 07:00:00,14,3,18,7,0,940,74,"44, R DU COLONEL FABIEN",48.7449,2.46979,Plein jour,En agglomération,Hors intersection,Normale,Autre collision,,,,,,,,,,,1,2,1,1.0,6
201400045298,0014-03-19 17:30:00,14,3,19,17,30,940,78,R THIMONNIER,48.7511,2.44622,Plein jour,En agglomération,Hors intersection,Normale,Autre collision,,,,,,,,,,,1,2,1,1.0,6
201400045299,0014-03-20 08:40:00,14,3,20,8,40,940,78,JUSTICE / KENNEDY,48.7314,2.4586,Plein jour,En agglomération,Intersection en X,Normale,Deux véhicules - côté,,,,,,,,,,,1,2,2,1.0,3
201400045300,0014-03-22 21:15:00,14,3,22,21,15,940,78,AV DU 8 MAI 1945,48.7261,2.44454,Nuit avec éclairage allumé,En agglomération,Hors intersection,Normale,Sans collision,,,,,,,,,,,5,2,1,1.0,7
201400045301,0014-03-22 20:55:00,14,3,22,20,55,940,78,"15, AV MELUN/BELLE PLACE",48.7241,2.44478,Nuit avec éclairage allumé,En agglomération,Intersection en T,Normale,Trois véhicules et plus - en chaîne,,,,,,,,,,,5,2,3,1.0,4
201400045302,0014-03-24 10:10:00,14,3,24,10,10,940,78,AV DE LA FONTAINE SAINT-,48.7351,2.47205,Plein jour,En agglomération,Hors intersection,Normale,Deux véhicules - arrière,,,,,,,,,,,1,2,1,1.0,2
201400045303,0014-03-25 16:08:00,14,3,25,16,8,940,74,AV DU RU DE GIRONDE,48.7443,2.4649,Plein jour,En agglomération,Hors intersection,Pluie légère,Deux véhicules - arrière,,,,,,,,,,,1,2,1,2.0,2
201400045304,0014-03-28 13:00:00,14,3,28,13,0,940,78,"22, PL PIERRE SEMARD",48.7304,2.44686,Plein jour,En agglomération,Hors intersection,Normale,Autre collision,,,,,,,,,,,1,2,1,1.0,6
201400045305,0014-04-01 11:05:00,14,4,1,11,5,940,1,QU MAGNE / LONGJUMEAU,48.7207,2.41752,Plein jour,En agglomération,Intersection en T,Normale,Trois véhicules et plus - en chaîne,,,,,,,,,,,1,2,3,1.0,4
201400045306,0014-04-10 10:50:00,14,4,10,10,50,940,78,CARNOT/JANIN,48.733,2.45064,Plein jour,En agglomération,Intersection en X,Normale,Autre collision,,,,,,,,,,,1,2,2,1.0,6
201400045307,0014-04-10 13:40:00,14,4,10,13,40,940,78,"1, PL MOULIERAT",48.7488,2.43404,Plein jour,En agglomération,Hors intersection,Normale,Autre collision,,,,,,,,,,,1,2,1,1.0,6
201400045308,0014-04-11 11:50:00,14,4,11,11,50,940,78,"11, BOIELDIEU",48.7336,2.44892,Plein jour,En agglomération,Hors intersection,Normale,Deux véhicules - arrière,,,,,,,,,,,1,2,1,1.0,2
201400045309,0014-04-11 16:45:00,14,4,11,16,45,940,77,FOLL / WEDDINGEN,48.7286,2.43063,Plein jour,En agglomération,Intersection en T,Normale,Deux véhicules - arrière,,,,,,,,,,,1,2,3,1.0,2
201400045310,0014-04-14 11:35:00,14,4,14,11,35,940,78,"160, R PARIS/AV CHOISY",48.7356,2.44665,Plein jour,En agglomération,Intersection en X,Normale,Deux véhicules - arrière,,,,,,,,,,,1,2,2,1.0,2
201400045311,0014-04-17 18:39:00,14,4,17,18,39,940,77,HENRI LAIRE / REPUBLIQUE,48.7317,2.4131,Plein jour,En agglomération,Intersection en X,Normale,Deux véhicules - côté,,,,,,,,,,,1,2,2,1.0,3
201400045312,0014-04-20 17:50:00,14,4,20,17,50,940,1,QU DE LA BARONNIE,48.7221,2.42094,Plein jour,En agglomération,Hors intersection,Normale,Autre collision,,,,,,,,,,,1,2,1,1.0,6
201400045313,0014-04-24 00:50:00,14,4,24,0,50,940,1,"9, R DU MONT CASSIN",48.7237,2.41407,Nuit avec éclairage allumé,En agglomération,Hors intersection,Normale,Autre collision,,,,,,,,,,,5,2,1,1.0,6
201400045314,0014-04-26 13:00:00,14,4,26,13,0,940,78,TILLEULS / KENNEDY,48.7355,2.46538,Plein jour,En agglomération,Intersection en T,Pluie légère,Deux véhicules - côté,,,,,,,,,,,1,2,3,2.0,3
201400045315,0014-04-26 16:35:00,14,4,26,16,35,940,78,"284, R PARIS/H BERLIOZ",48.7459,2.44662,Plein jour,En agglomération,Intersection en T,Pluie légère,Deux véhicules - arrière,,,,,,,,,,,1,2,3,2.0,2
201400045316,0014-04-27 05:10:00,14,4,27,5,10,940,78,R DE PARIS,48.7345,2.44685,Nuit avec éclairage allumé,En agglomération,Hors intersection,Normale,Deux véhicules - frontale,,,,,,,,,,,5,2,1,1.0,1
201400045317,0014-04-29 06:50:00,14,4,29,6,50,940,77,REPUBLIQUE / MOQUET,48.7311,2.42235,Plein jour,En agglomération,Intersection en X,Normale,Deux véhicules - arrière,,,,,,,,,,,1,2,2,1.0,2
201400045318,0014-05-01 18:00:00,14,5,1,18,0,940,77,ROUSSEAU / DE GAULLE,48.7353,2.42518,Plein jour,En agglomération,Intersection en X,Pluie légère,Deux véhicules - côté,,,,,,,,,,,1,2,2,2.0,3
201400045319,0014-03-05 10:50:00,14,3,5,10,50,940,74,"52, GIRONDE / GROUETTES",48.7427,2.46582,Plein jour,En agglomération,Intersection en T,Normale,Sans collision,,,,,,,,,,,1,2,3,1.0,7
201400045320,0014-05-05 20:40:00,14,5,5,20,40,940,78,R DE PARIS/DUNANT,48.7322,2.44684,Crépuscule ou aube,En agglomération,Intersection en T,Normale,Deux véhicules - côté,,,,,,,,,,,2,2,3,1.0,3
201400045321,0014-05-06 06:35:00,14,5,6,6,35,940,78,PL PIERRE SEMARD,48.7308,2.44684,Crépuscule ou aube,En agglomération,Hors intersection,Pluie légère,Autre collision,,,,,,,,,,,2,2,1,2.0,6
201400045322,0014-05-10 21:35:00,14,5,10,21,35,940,74,SAINT-JULIEN / KASTLER,48.749,2.45546,Nuit avec éclairage allumé,En agglomération,Intersection en X,Normale,Deux véhicules - arrière,,,,,,,,,,,5,2,2,1.0,2
201400045323,0014-05-12 19:11:00,14,5,12,19,11,940,77,CARNOT / BRIAND,48.7367,2.41259,Plein jour,En agglomération,Giratoire,Normale,Trois véhicules et plus - collisions multiples,,,,,,,,,,,1,2,6,1.0,5
201400045324,0014-05-13 10:15:00,14,5,13,10,15,940,78,18 JUIN 1940/ARMAND,48.7604,2.44276,Plein jour,En agglomération,Intersection en T,Temps couvert,Deux véhicules - arrière,,,,,,,,,,,1,2,3,8.0,2
201400045325,0014-05-13 20:05:00,14,5,13,20,5,940,78,AV DU 8 MAI 1945,48.7286,2.44624,Plein jour,En agglomération,Hors intersection,Normale,Autre collision,,,,,,,,,,,1,2,1,1.0,6
201400045326,0014-05-14 11:45:00,14,5,14,11,45,940,78,R DE LA MARNE / PARIS,48.7311,2.44682,Plein jour,En agglomération,Intersection en T,Normale,Autre collision,,,,,,,,,,,1,2,3,1.0,6
201400045327,0014-05-15 14:20:00,14,5,15,14,20,940,78,"152, R DE PARIS/ZOLA",48.7356,2.4468,Plein jour,En agglomération,Intersection en X,Normale,Deux véhicules - arrière,,,,,,,,,,,1,2,2,1.0,2
201400045328,0014-05-16 08:21:00,14,5,16,8,21,940,78,"55, VANZETTI / GIRONDE",48.742,2.46597,Plein jour,En agglomération,Intersection en X,Normale,Deux véhicules - arrière,,,,,,,,,,,1,2,2,1.0,2
201400045329,0014-05-19 13:15:00,14,5,19,13,15,940,77,TILLON/NUNGESSER,48.7329,2.40359,Plein jour,En agglomération,Intersection en X,Normale,Deux véhicules - arrière,,,,,,,,,,,1,2,2,1.0,2
201400045330,0014-05-24 15:50:00,14,5,24,15,50,940,78,"45, AV DE CHOISY",48.7487,2.43522,Plein jour,En agglomération,Hors intersection,Pluie légère,Autre collision,,,,,,,,,,,1,2,1,2.0,6
201400045331,0014-05-26 07:00:00,14,5,26,7,0,940,74,"98, RU DE GIRONDE",48.7402,2.46781,Plein jour,En agglomération,Hors intersection,Temps couvert,Autre collision,,,,,,,,,,,1,2,1,8.0,6
201400045332,0014-05-29 19:30:00,14,5,29,19,30,940,74,"14, AV HENRI BARBUSSE",48.7627,2.44237,Plein jour,En agglomération,Hors intersection,Normale,Deux véhicules - arrière,,,,,,,,,,,1,2,1,1.0,2
201400045333,0014-06-10 02:35:00,14,6,10,2,35,940,78,APPEL 18 JUIN/ARMAND,48.7594,2.44307,Nuit avec éclairage non allumé,En agglomération,Intersection en T,Pluie légère,Deux véhicules - côté,,,,,,,,,,,4,2,3,2.0,3
201400045334,0014-06-05 19:15:00,14,6,5,19,15,940,78,CARNOT / VALENTON,48.7331,2.45131,Plein jour,En agglomération,Intersection en X,Normale,Trois véhicules et plus - collisions multiples,,,,,,,,,,,1,2,2,1.0,5
201400045335,0014-06-14 14:20:00,14,6,14,14,20,940,78,R HENRI JANIN,48.7292,2.44766,Plein jour,En agglomération,Hors intersection,Normale,Autre collision,,,,,,,,,,,1,2,1,1.0,6
201400045336,0014-06-14 20:50:00,14,6,14,20,50,940,78,"108, R DE PARIS/DUNANT",48.7322,2.44684,Plein jour,En agglomération,Intersection en T,Normale,Deux véhicules - arrière,,,,,,,,,,,1,2,3,1.0,2
201400045337,0014-06-15 15:00:00,14,6,15,15,0,940,74,R SACCO ET VANZETTI,48.7423,2.46718,Plein jour,En agglomération,Hors intersection,Normale,Autre collision,,,,,,,,,,,1,2,1,1.0,6
201400045338,0014-06-19 17:40:00,14,6,19,17,40,940,78,MICHELET / JULES GUESDE,48.7341,2.44872,Plein jour,En agglomération,Intersection en T,Normale,Deux véhicules - arrière,,,,,,,,,,,1,2,3,1.0,2
201400045339,0014-06-21 16:40:00,14,6,21,16,40,940,74,NOVEMBRE 1918/CHE VALENT,48.751,2.46776,Plein jour,En agglomération,Hors intersection,Normale,Sans collision,,,,,,,,,,,1,2,1,1.0,7
201400045340,0014-06-24 17:30:00,14,6,24,17,30,940,78,ANATOLE FRANCE / SEGUIN,48.7468,2.45273,Plein jour,En agglomération,Intersection en T,Normale,Deux véhicules - arrière,,,,,,,,,,,1,2,3,1.0,2
201400045341,0014-06-30 12:45:00,14,6,30,12,45,940,78,R PIERRE MENDES-FRANCE,48.7273,2.44524,Plein jour,En agglomération,Hors intersection,Normale,Deux véhicules - arrière,,,,,,,,,,,1,2,1,1.0,2
201400045342,0014-07-01 16:45:00,14,7,1,16,45,940,78,R HENRI LEDUC,48.7311,2.44754,Plein jour,En agglomération,Hors intersection,Normale,Autre collision,,,,,,,,,,,1,2,1,1.0,6
201400045343,0014-07-01 18:50:00,14,7,1,18,50,940,78,LA SOURCE / BOSQUETS,48.7235,2.44978,Plein jour,En agglomération,Intersection en Y,Normale,Deux véhicules - frontale,,,,,,,,,,,1,2,4,1.0,1
201400045344,0014-07-03 09:40:00,14,7,3,9,40,940,78,AV DU 8 MAI 1945/SEMARD,48.7297,2.44687,Plein jour,En agglomération,Intersection en Y,Autre,Deux véhicules - côté,,,,,,,,,,,1,2,4,9.0,3
201400045345,0014-07-05 05:45:00,14,7,5,5,45,940,78,R DE PARIS/AV W CHURCHIL,48.7552,2.44426,Crépuscule ou aube,En agglomération,Intersection en Y,Pluie légère,Deux véhicules - arrière,,,,,,,,,,,2,2,4,2.0,2
201400045346,0014-07-09 17:50:00,14,7,9,17,50,940,78,-EXUPERY / GARROS,48.7526,2.44806,Plein jour,En agglomération,Intersection en T,Pluie forte,Autre collision,,,,,,,,,,,1,2,3,3.0,6
201400045347,0014-07-09 16:50:00,14,7,9,16,50,940,78,AV DE CHOISY,48.7468,2.43682,Plein jour,En agglomération,Hors intersection,Pluie forte,Sans collision,,,,,,,,,,,1,2,1,3.0,7
201400045348,0014-07-19 11:20:00,14,7,19,11,20,940,77,VERDUN / NORMANDE,48.734,2.40557,Plein jour,En agglomération,Intersection en Y,Normale,Deux véhicules - arrière,,,,,,,,,,,1,2,4,1.0,2
201400045349,0014-07-28 17:15:00,14,7,28,17,15,940,78,"184, R DE PARIS",48.7383,2.44682,Plein jour,En agglomération,Hors intersection,Normale,Trois véhicules et plus - collisions multiples,,,,,,,,,,,1,2,1,1.0,5
201400045350,0014-07-30 15:40:00,14,7,30,15,40,940,74,AV DU RU DE GIRONDE,48.7409,2.46732,Plein jour,En agglomération,Hors intersection,Normale,Deux véhicules - arrière,,,,,,,,,,,1,2,1,1.0,2
201400045351,0014-07-31 09:45:00,14,7,31,9,45,940,78,"118, R DE PARIS/CARNOT",48.733,2.44681,Plein jour,En agglomération,Intersection en T,Normale,Deux véhicules - arrière,,,,,,,,,,,1,2,3,1.0,2
201400045352,0014-07-31 18:25:00,14,7,31,18,25,940,77,AV LE FOLL,48.7291,2.42933,Plein jour,En agglomération,Hors intersection,Normale,Deux véhicules - côté,,,,,,,,,,,1,2,1,1.0,3
201400045353,0014-07-31 20:15:00,14,7,31,20,15,940,78,"22, R DE PARIS",48.7302,2.44687,Plein jour,En agglomération,Hors intersection,Normale,Deux véhicules - arrière,,,,,,,,,,,1,2,1,1.0,2
201400045354,0014-08-01 23:00:00,14,8,1,23,0,940,78,CARNOT / BOIELDIEU,48.733,2.44893,Nuit avec éclairage allumé,En agglomération,Intersection en T,Normale,Deux véhicules - arrière,,,,,,,,,,,5,2,3,1.0,2
201400045355,0014-08-06 12:45:00,14,8,6,12,45,940,78,PARIS/HECTOR BERLIOZ,48.7464,2.4464,Plein jour,En agglomération,Intersection à plus de 4 branches,Pluie légère,Trois véhicules et plus - collisions multiples,,,,,,,,,,,1,2,5,2.0,5
201400045356,0014-08-09 00:15:00,14,8,9,0,15,940,77,REPUBLIQUE / LYAUTEY,48.731,2.41842,Nuit avec éclairage allumé,En agglomération,Giratoire,Pluie légère,Deux véhicules - côté,,,,,,,,,,,5,2,6,2.0,3
201400045357,0014-08-13 15:25:00,14,8,13,15,25,940,77,AV DE LA REPUBLIQUE,48.7311,2.4199,Plein jour,En agglomération,Intersection en X,Normale,Deux véhicules - côté,,,,,,,,,,,1,2,2,1.0,3
201400045358,0014-08-30 22:15:00,14,8,30,22,15,940,78,PARIS/CHURCHILL,48.7552,2.44426,Nuit avec éclairage allumé,En agglomération,Intersection en Y,Normale,Trois véhicules et plus - en chaîne,,,,,,,,,,,5,2,4,1.0,4
201400045359,0014-09-01 16:20:00,14,9,1,16,20,940,78,"14, PL PIERRE SEMARD",48.7297,2.44687,Plein jour,En agglomération,Intersection en T,Normale,Deux véhicules - côté,,,,,,,,,,,1,2,3,1.0,3
201400045360,0014-09-02 14:50:00,14,9,2,14,50,940,78,18 JUIN 1940/ARMAND,48.7594,2.44324,Plein jour,Hors agglomération,Intersection en T,Normale,Deux véhicules - arrière,,,,,,,,,,,1,1,3,1.0,2
201400045361,0014-09-03 08:22:00,14,9,3,8,22,940,77,FERRY / RAYMOND ML,48.7345,2.41169,Plein jour,En agglomération,Intersection en X,Normale,Autre collision,,,,,,,,,,,1,2,2,1.0,6
201400045362,0014-09-04 08:55:00,14,9,4,8,55,940,78,"14, PL PIERRE SEMARD",48.7297,2.44687,Plein jour,En agglomération,Intersection en T,Normale,Deux véhicules - côté,,,,,,,,,,,1,2,3,1.0,3
201400045363,0014-09-07 11:05:00,14,9,7,11,5,940,78,AV DE L'APPEL DU 18 JUIN,48.7589,2.44334,Plein jour,En agglomération,Hors intersection,Normale,Deux véhicules - arrière,,,,,,,,,,,1,2,1,1.0,2
201400045364,0014-09-10 14:15:00,14,9,10,14,15,940,77,"22, R HONORE OURSEL",48.7299,2.44022,Plein jour,En agglomération,Intersection en T,Normale,Autre collision,,,,,,,,,,,1,2,3,1.0,6
201400045365,0014-09-22 16:45:00,14,9,22,16,45,940,78,PARIS/CARNOT,48.733,2.44681,Plein jour,En agglomération,Intersection en T,Normale,Deux véhicules - côté,,,,,,,,,,,1,2,3,1.0,3
201400045366,0014-09-23 23:00:00,14,9,23,23,0,940,78,"1, ANATOLE FRANCE PROLON",48.7491,2.45326,Nuit avec éclairage allumé,En agglomération,Giratoire,Normale,Deux véhicules - arrière,,,,,,,,,,,5,2,6,1.0,2
201400045367,0014-09-24 10:50:00,14,9,24,10,50,940,77,VOYER / HUGO,48.7324,2.41667,Plein jour,En agglomération,Intersection en X,Normale,Deux véhicules - côté,,,,,,,,,,,1,2,2,1.0,3
201400045368,0014-10-01 18:00:00,14,10,1,18,0,940,74,"8, COLONEL FABIEN (R)",,,Plein jour,En agglomération,Hors intersection,Normale,Autre collision,,,,,,,,,,,1,2,1,1.0,6
201400045369,0014-10-04 20:00:00,14,10,4,20,0,940,74,RU DE GIRONDE (AV DU),,,Nuit avec éclairage allumé,En agglomération,Hors intersection,Normale,Autre collision,,,,,,,,,,,5,2,1,1.0,6
201400045370,0014-10-06 06:05:00,14,10,6,6,5,940,78,PL PIERRE SEMARD,48.7302,2.44687,Crépuscule ou aube,En agglomération,Hors intersection,Normale,Autre collision,,,,,,,,,,,2,2,1,1.0,6
201400045371,0014-10-06 15:55:00,14,10,6,15,55,940,74,RU DE GIRONDE (AV DU),,,Plein jour,En agglomération,Intersection en X,Normale,Deux véhicules - arrière,,,,,,,,,,,1,2,2,1.0,2
201400045372,0014-10-06 18:00:00,14,10,6,18,0,940,74,JULIEN DURANTON (avenue),,,Crépuscule ou aube,En agglomération,Hors intersection,Pluie forte,Autre collision,,,,,,,,,,,2,2,1,3.0,6
201400045373,0014-10-06 18:58:00,14,10,6,18,58,940,78,CHOISY (AV DE),,,Nuit avec éclairage allumé,En agglomération,Hors intersection,Pluie forte,Deux véhicules - frontale,,,,,,,,,,,5,2,1,3.0,1
201400045374,0014-10-08 09:15:00,14,10,8,9,15,940,74,BARBUSSE/PASTEUR,48.7669,2.44128,Plein jour,En agglomération,Intersection en T,Pluie forte,Deux véhicules - côté,,,,,,,,,,,1,2,3,3.0,3
201400045375,0014-10-11 07:20:00,14,10,11,7,20,940,78,AV LE FOLL/VAL D'ABLON,,,Nuit avec éclairage allumé,En agglomération,Intersection en X,Pluie forte,Deux véhicules - côté,,,,,,,,,,,5,2,2,3.0,3
201400045376,0014-10-12 03:55:00,14,10,12,3,55,940,78,PARIS/CHURCHILL,48.7552,2.44426,Nuit avec éclairage allumé,En agglomération,Intersection en Y,Normale,Deux véhicules - arrière,,,,,,,,,,,5,2,4,1.0,2
201400045377,0014-10-13 08:50:00,14,10,13,8,50,940,78,"38, PRESIDENT JOHN FITZG",,,Plein jour,En agglomération,Hors intersection,Normale,Sans collision,,,,,,,,,,,1,2,1,1.0,7
201400045378,0014-10-14 08:00:00,14,10,14,8,0,940,78,PARIS/CARNOT,48.733,2.44681,Plein jour,En agglomération,Intersection en T,Normale,Trois véhicules et plus - en chaîne,,,,,,,,,,,1,2,3,1.0,4
201400045379,0014-10-15 16:50:00,14,10,15,16,50,940,78,8 MAI 1945/GERVAIS,48.7257,2.44468,Plein jour,En agglomération,Intersection en T,Pluie légère,Trois véhicules et plus - collisions multiples,,,,,,,,,,,1,2,3,2.0,5
201400045380,0014-10-18 06:26:00,14,10,18,6,26,940,78,PRESIDENT JOHN FITZGERAL,,,Nuit avec éclairage allumé,En agglomération,Hors intersection,Normale,Autre collision,,,,,,,,,,,5,2,1,1.0,6
201400045381,0014-10-26 22:00:00,14,10,26,22,0,940,78,PL PIERRE SEMARD,48.7297,2.44687,Nuit avec éclairage allumé,En agglomération,Intersection en Y,Normale,Deux véhicules - côté,,,,,,,,,,,5,2,4,1.0,3
201400045382,0014-10-28 14:40:00,14,10,28,14,40,940,77,"1, POINCARE (AV)",,,Plein jour,En agglomération,Intersection en X,Brouillard / fumée,Deux véhicules - côté,,,,,,,,,,,1,2,2,5.0,3
201400045383,0014-11-11 05:55:00,14,11,11,5,55,940,78,AV DU 8 MAI 1945,48.7268,2.44502,Nuit avec éclairage allumé,En agglomération,Hors intersection,Autre,Autre collision,,,,,,,,,,,5,2,1,9.0,6
201400045384,0014-11-12 07:45:00,14,11,12,7,45,940,74,70 BIS AV HENRI BARBUSSE,48.766,2.44151,Plein jour,En agglomération,Hors intersection,Normale,Autre collision,,,,,,,,,,,1,2,1,1.0,6
201400045385,0014-11-12 07:40:00,14,11,12,7,40,940,74,JOURDAIN THEODULE (rue),,,Plein jour,En agglomération,Intersection en X,Normale,Deux véhicules - côté,,,,,,,,,,,1,2,2,1.0,3
201400045386,0014-11-12 08:03:00,14,11,12,8,3,940,1,"2, LIBERATION (place de",,,Plein jour,En agglomération,Intersection en X,Normale,Autre collision,,,,,,,,,,,1,2,2,1.0,6
201400045387,0014-11-12 10:40:00,14,11,12,10,40,940,78,WINSTON CHURCHILL (AV),,,Plein jour,En agglomération,Hors intersection,Normale,Deux véhicules - côté,,,,,,,,,,,1,2,1,1.0,3
201400045388,0014-11-16 20:15:00,14,11,16,20,15,940,1,"8, RUE DU BAC",,,Nuit avec éclairage allumé,En agglomération,Hors intersection,Pluie légère,Deux véhicules - arrière,,,,,,,,,,,5,2,1,2.0,2
201400045389,0014-11-18 23:10:00,14,11,18,23,10,940,77,VERDUN (COUR DE),,,Nuit avec éclairage allumé,En agglomération,Autre intersection,Normale,Autre collision,,,,,,,,,,,5,2,9,1.0,6
201400045390,0014-11-20 22:00:00,14,11,20,22,0,940,74,SACCO VANZETTI/GIRONDE,,,Nuit avec éclairage allumé,En agglomération,Intersection en X,Pluie légère,Deux véhicules - côté,,,,,,,,,,,5,2,2,2.0,3
201400045391,0014-11-26 10:25:00,14,11,26,10,25,940,78,188 PARIS/ORME STE MARIE,48.739,2.44684,Plein jour,En agglomération,Intersection en T,Normale,Deux véhicules - arrière,,,,,,,,,,,1,2,3,1.0,2
201400045392,0014-11-22 17:28:00,14,11,22,17,28,940,74,"17-19, COLONEL FABIEN (R",,,Nuit avec éclairage allumé,En agglomération,Intersection en T,Normale,Deux véhicules - côté,,,,,,,,,,,5,2,3,1.0,3
201400045393,0014-11-30 21:10:00,14,11,30,21,10,940,78,REPUBLIQUE (AV DE LA),,,Nuit avec éclairage allumé,En agglomération,Hors intersection,Pluie légère,Autre collision,,,,,,,,,,,5,2,1,2.0,6
201400045394,0014-12-02 18:40:00,14,12,2,18,40,940,78,MARCEL SEMBAT (R),,,Nuit avec éclairage allumé,En agglomération,Intersection en T,Pluie légère,Autre collision,,,,,,,,,,,5,2,3,2.0,6
201400045395,0014-12-05 11:25:00,14,12,5,11,25,940,78,"36, CARNOT (AV)",,,Plein jour,En agglomération,Intersection à plus de 4 branches,Normale,Autre collision,,,,,,,,,,,1,2,5,1.0,6