accident_id,datetime,annee,mois,jour,heure,minute,departement,commune_insee,adresse,latitude,longitude,luminosite,agglomeration,intersection,meteo,collision,nb_vehicules,nb_usagers,nb_indemnes,nb_tues,nb_blesses_hosp,nb_blesses_legers,age_cond_1,age_cond_2,veh_type_cond_1,veh_type_cond_2,lum_code,agg_code,int_code,atm_code,col_code
201400045768,0014-11-19 17:50:00,14,11,19,17,50,950,18,QUAI DE BEZONS,48.9356,2.2436,Nuit avec éclairage allumé,Hors agglomération,Hors intersection,Pluie légère,Deux véhicules - côté,,,,,,,,,,,5,1,1,2.0,3
201400045769,0014-11-21 16:40:00,14,11,21,16,40,950,18,R P VAILLANT COUTURIER,48.9443,2.2511,Plein jour,En agglomération,Intersection en X,Normale,Autre collision,,,,,,,,,,,1,2,2,1.0,6
201400045770,0014-11-19 15:35:00,14,11,19,15,35,950,18,R PIERRE JOLY,48.9458,2.2506,Plein jour,En agglomération,Hors intersection,Normale,Autre collision,,,,,,,,,,,1,2,1,1.0,6
201400045771,0014-11-23 10:35:00,14,11,23,10,35,950,18,R LT COLONEL PRUDHON,48.9427,2.2431,Plein jour,En agglomération,Intersection en X,Normale,Deux véhicules - côté,,,,,,,,,,,1,2,2,1.0,3
201400045772,0014-11-24 11:25:00,14,11,24,11,25,950,18,R HENRI BARBUSSE,48.9397,2.2446,Plein jour,En agglomération,Intersection en T,Pluie légère,Sans collision,,,,,,,,,,,1,2,3,2.0,7
201400045773,0014-11-24 12:20:00,14,11,24,12,20,950,18,R DU NORD,48.9608,2.2555,Plein jour,En agglomération,Intersection en X,Normale,Autre collision,,,,,,,,,,,1,2,2,1.0,6
201400045774,0014-11-24 08:20:00,14,11,24,8,20,950,18,QUAI DE BEZONS,48.9325,2.2387,Plein jour,Hors agglomération,Hors intersection,Pluie légère,Deux véhicules - arrière,,,,,,,,,,,1,1,1,2.0,2
201400045775,0014-11-25 07:50:00,14,11,25,7,50,950,18,R HENRI BARBUSSE,48.9417,2.2469,Crépuscule ou aube,En agglomération,Intersection en X,Pluie légère,Autre collision,,,,,,,,,,,2,2,2,2.0,6
201400045776,0014-11-26 15:34:00,14,11,26,15,34,950,18,AV MAURICE UTRILLO,48.9445,2.2341,Plein jour,En agglomération,Hors intersection,Normale,Autre collision,,,,,,,,,,,1,2,1,1.0,6
201400045777,0014-11-27 13:45:00,14,11,27,13,45,950,18,R P.VAILLANT COUTURIER,48.9442,2.2509,Plein jour,En agglomération,Intersection en X,Normale,Autre collision,,,,,,,,,,,1,2,2,1.0,6
201400045778,0014-12-01 19:30:00,14,12,1,19,30,950,582,BD MAURICE BERTEAUX,48.9679,2.2698,Nuit avec éclairage allumé,En agglomération,Intersection en T,Pluie légère,Deux véhicules - côté,,,,,,,,,,,5,2,3,2.0,3
201400045779,0014-12-04 07:55:00,14,12,4,7,55,950,582,BD MAURICE BERTEAUX,48.9679,2.2695,Crépuscule ou aube,En agglomération,Intersection en T,Normale,Deux véhicules - côté,,,,,,,,,,,2,2,3,1.0,3
201400045780,0014-12-13 12:15:00,14,12,13,12,15,950,18,AV DU MARECHAL JOFFRE,48.9579,2.2396,Plein jour,En agglomération,Intersection en X,Normale,Autre collision,,,,,,,,,,,1,2,2,1.0,6
201400045781,0014-12-16 17:30:00,14,12,16,17,30,950,18,R DE NANCY,48.9567,2.2546,Nuit sans éclairage public,En agglomération,Intersection en X,Normale,Autre collision,,,,,,,,,,,3,2,2,1.0,6
201400045782,0014-12-17 17:39:00,14,12,17,17,39,950,18,AV DE STALINGRAD,48.9519,2.2669,Nuit avec éclairage allumé,En agglomération,Intersection en T,Normale,Autre collision,,,,,,,,,,,5,2,3,1.0,6
201400045783,0014-12-18 08:45:00,14,12,18,8,45,950,18,R AMBROISE THOMAS,48.9371,2.2372,Plein jour,En agglomération,Intersection en X,Temps couvert,Deux véhicules - côté,,,,,,,,,,,1,2,2,8.0,3
201400045784,0014-12-21 17:00:00,14,12,21,17,0,950,176,BD GEORGES CLEMENCEAU,48.9739,2.1886,Nuit avec éclairage allumé,En agglomération,Intersection en T,Normale,Deux véhicules - arrière,,,,,,,,,,,5,2,3,1.0,2
201400045785,0014-12-21 19:10:00,14,12,21,19,10,950,18,PONT DE COLOMBES,48.9331,2.2413,Nuit avec éclairage allumé,En agglomération,Hors intersection,Normale,Trois véhicules et plus - collisions multiples,,,,,,,,,,,5,2,1,1.0,5
201400045786,0014-12-18 09:50:00,14,12,18,9,50,950,582,R DE L'ERMITAGE,48.9751,2.2373,Plein jour,Hors agglomération,Giratoire,Normale,Trois véhicules et plus - en chaîne,,,,,,,,,,,1,1,6,1.0,4
201400045787,0014-12-24 14:30:00,14,12,24,14,30,950,18,BD JEANNE D'ARC,48.9451,2.2464,Plein jour,En agglomération,Hors intersection,Normale,Deux véhicules - côté,,,,,,,,,,,1,2,1,1.0,3
201400045788,0014-12-26 20:10:00,14,12,26,20,10,950,18,BD JEAN ALLEMANE,48.9541,2.2545,Nuit avec éclairage allumé,En agglomération,Intersection en T,Pluie légère,Deux véhicules - arrière,,,,,,,,,,,5,2,3,2.0,2
201400045789,0014-12-27 06:10:00,14,12,27,6,10,950,18,QUAI DE BEZONS,48.9309,2.2353,Nuit avec éclairage allumé,En agglomération,Intersection en T,Pluie légère,Deux véhicules - côté,,,,,,,,,,,5,2,3,2.0,3
201400045790,0014-12-31 20:00:00,14,12,31,20,0,950,18,PONTOISE,48.9569,2.2052,Nuit avec éclairage allumé,En agglomération,Hors intersection,Normale,Deux véhicules - arrière,,,,,,,,,,,5,2,1,1.0,2
201400045791,0014-03-02 07:00:00,14,3,2,7,0,950,63,AV GABRIEL PERI,48.9315,2.2116,Crépuscule ou aube,En agglomération,Hors intersection,Normale,Deux véhicules - arrière,,,,,,,,,,,2,2,1,1.0,2
201400045792,0014-02-07 20:15:00,14,2,7,20,15,950,63,AV GABRIEL PERI,48.9342,2.2091,Nuit avec éclairage allumé,En agglomération,Intersection en X,Normale,Deux véhicules - côté,,,,,,,,,,,5,2,2,1.0,3
201400045793,0014-03-26 15:04:00,14,3,26,15,4,950,63,R ALBERT 1ER,48.9331,2.2066,Plein jour,En agglomération,Hors intersection,Normale,Autre collision,,,,,,,,,,,1,2,1,1.0,6
201400045794,0014-03-28 11:50:00,14,3,28,11,50,950,63,R  EMILE ZOLA,48.9236,2.2084,Plein jour,En agglomération,Hors intersection,Normale,Autre collision,,,,,,,,,,,1,2,1,1.0,6
201400045795,0014-04-07 19:30:00,14,4,7,19,30,950,63,R DES FRERES BONNEFF,48.9297,2.2109,Plein jour,En agglomération,Hors intersection,Normale,Deux véhicules - côté,,,,,,,,,,,1,2,1,1.0,3
201400045796,0014-04-10 15:40:00,14,4,10,15,40,950,63,R EMILE ZOLA,48.9215,2.2189,Plein jour,En agglomération,Hors intersection,Normale,Deux véhicules - côté,,,,,,,,,,,1,2,1,1.0,3
201400045797,0014-03-20 16:40:00,14,3,20,16,40,950,63,R EDOUARD VAILLANT,48.9239,2.2084,Plein jour,En agglomération,Hors intersection,Normale,Autre collision,,,,,,,,,,,1,2,1,1.0,6
201400045798,0014-05-19 20:10:00,14,5,19,20,10,950,63,R EMILE ZOLA,48.9241,2.2045,Plein jour,En agglomération,Intersection en Y,Normale,Deux véhicules - côté,,,,,,,,,,,1,2,4,1.0,3
201400045799,0014-06-02 18:20:00,14,6,2,18,20,950,63,R  LUCIEN SAMPAIX,48.9387,2.2069,Plein jour,En agglomération,Hors intersection,Normale,Deux véhicules - arrière,,,,,,,,,,,1,2,1,1.0,2
201400045800,0014-05-30 17:20:00,14,5,30,17,20,950,63,R ANDRE LEMONIER,48.9279,2.2068,Plein jour,En agglomération,Hors intersection,Normale,Deux véhicules - côté,,,,,,,,,,,1,2,1,1.0,3
201400045801,0014-07-20 16:30:00,14,7,20,16,30,950,63,AV GABRIEL PERI,48.9324,2.2108,Plein jour,En agglomération,Intersection en Y,Normale,Deux véhicules - côté,,,,,,,,,,,1,2,4,1.0,3
201400045802,0014-08-06 12:15:00,14,8,6,12,15,950,63,QUAI VOLTAIRE,48.9216,2.2199,Plein jour,En agglomération,Hors intersection,Pluie légère,Deux véhicules - frontale,,,,,,,,,,,1,2,1,2.0,1
201400045803,0014-08-18 21:40:00,14,8,18,21,40,950,63,AV GABRIEL PERI,48.9311,2.2121,Nuit avec éclairage allumé,En agglomération,Hors intersection,Normale,Deux véhicules - côté,,,,,,,,,,,5,2,1,1.0,3
201400045804,0014-07-15 20:50:00,14,7,15,20,50,950,63,R JEAN JAURES,48.9281,2.2236,Plein jour,En agglomération,Intersection en Y,Normale,Deux véhicules - côté,,,,,,,,,,,1,2,4,1.0,3
201400045805,0014-09-30 15:40:00,14,9,30,15,40,950,63,QUAI VOLTAIRE,48.9221,2.2187,Plein jour,En agglomération,Intersection en Y,Normale,Deux véhicules - côté,,,,,,,,,,,1,2,4,1.0,3
201400045806,0014-09-10 13:25:00,14,9,10,13,25,950,63,R ALBERT 1ER,48.9318,2.2033,Plein jour,En agglomération,Hors intersection,Normale,Deux véhicules - frontale,,,,,,,,,,,1,2,1,1.0,1
201400045807,0014-07-19 08:40:00,14,7,19,8,40,950,63,R ALPHONSE CORNAILLE,48.9381,2.2054,Plein jour,En agglomération,Hors intersection,Normale,Deux véhicules - frontale,,,,,,,,,,,1,2,1,1.0,1
201400045808,0014-10-21 06:25:00,14,10,21,6,25,950,63,AV GABRIEL PERI,48.9323,2.2109,Crépuscule ou aube,En agglomération,Hors intersection,Normale,Deux véhicules - côté,,,,,,,,,,,2,2,1,1.0,3
201400045809,0014-11-08 06:05:00,14,11,8,6,5,950,63,R  EMILE ZOLA,48.9235,2.2091,Nuit avec éclairage allumé,En agglomération,Hors intersection,Temps couvert,Autre collision,,,,,,,,,,,5,2,1,8.0,6
201400045810,0014-11-21 00:55:00,14,11,21,0,55,950,63,R DE PONTOISE,48.9266,2.2164,Nuit avec éclairage allumé,En agglomération,Hors intersection,Normale,Deux véhicules - arrière,,,,,,,,,,,5,2,1,1.0,2
201400045811,0014-11-06 08:00:00,14,11,6,8,0,950,63,AV GABRIEL PERI,48.9293,2.2137,Plein jour,En agglomération,Hors intersection,Normale,Deux véhicules - côté,,,,,,,,,,,1,2,1,1.0,3
201400045812,0014-01-01 00:40:00,14,1,1,0,40,950,127,R DU CHEMIN DE FER,49.0483,2.0368,Nuit avec éclairage allumé,En agglomération,Intersection en X,Pluie légère,Deux véhicules - côté,,,,,,,,,,,5,2,2,2.0,3
201400045813,0014-01-01 06:07:00,14,1,1,6,7,950,488,R DU  GENERAL DE GAULLE,49.0183,2.1569,Nuit avec éclairage allumé,En agglomération,Hors intersection,Normale,Autre collision,,,,,,,,,,,5,2,1,1.0,6
201400045814,0014-01-13 16:56:00,14,1,13,16,56,950,572,QUAI DE L' ECLUSE,49.0476,2.1027,Plein jour,En agglomération,Hors intersection,Normale,Autre collision,,,,,,,,,,,1,2,1,1.0,6
201400045815,0014-01-19 22:00:00,14,1,19,22,0,950,127,BD DU PORT,49.0315,2.06219,Nuit avec éclairage allumé,En agglomération,Hors intersection,Temps couvert,Autre collision,,,,,,,,,,,5,2,1,8.0,6
201400045816,0014-01-21 21:00:00,14,1,21,21,0,950,476,RTE D'ENNERY,49.0716,2.08389,Nuit avec éclairage allumé,Hors agglomération,Intersection en X,Normale,Deux véhicules - côté,,,,,,,,,,,5,1,2,1.0,3
201400045817,0014-01-15 18:50:00,14,1,15,18,50,950,323,R DE MAURECOURT,49.0096,2.0546,Nuit avec éclairage allumé,En agglomération,Hors intersection,Pluie légère,Autre collision,,,,,,,,,,,5,2,1,2.0,6
201400045818,0014-01-23 22:05:00,14,1,23,22,5,950,127,RN 14,,,Nuit sans éclairage public,Hors agglomération,Hors intersection,Pluie légère,Autre collision,,,,,,,,,,,3,1,1,2.0,6
201400045819,0014-01-27 10:34:00,14,1,27,10,34,950,500,R DES ROSEAUX,49.0493,2.07989,Plein jour,En agglomération,Hors intersection,Pluie légère,Autre collision,,,,,,,,,,,1,2,1,2.0,6
201400045820,0014-01-28 08:10:00,14,1,28,8,10,950,218,R SALVADOR ALLENDE,49.0202,2.1035,Plein jour,En agglomération,Hors intersection,Normale,Autre collision,,,,,,,,,,,1,2,1,1.0,6
201400045821,0014-02-02 01:35:00,14,2,2,1,35,950,127,RN 14,49.0484,2.0706,Nuit sans éclairage public,Hors agglomération,Hors intersection,Normale,Trois véhicules et plus - en chaîne,,,,,,,,,,,3,1,1,1.0,4
201400045822,0014-02-16 23:15:00,14,2,16,23,15,950,572,R GUSTAVE LECLERC,49.0329,2.1138,Nuit avec éclairage allumé,En agglomération,Hors intersection,Normale,Autre collision,,,,,,,,,,,5,2,1,1.0,6
201400045823,0014-02-15 22:40:00,14,2,15,22,40,950,127,RD 14,49.0598,1.9971,Nuit sans éclairage public,Hors agglomération,Hors intersection,Temps couvert,Autre collision,,,,,,,,,,,3,1,1,8.0,6
201400045824,0014-02-18 07:48:00,14,2,18,7,48,950,500,QU DU POTHUIS,49.0491,2.1024,Crépuscule ou aube,En agglomération,Hors intersection,Normale,Autre collision,,,,,,,,,,,2,2,1,1.0,6
201400045825,0014-03-03 20:00:00,14,3,3,20,0,950,183,CHE DE SAILLANCOURT,49.0379,1.9808,Nuit sans éclairage public,Hors agglomération,Hors intersection,Normale,Autre collision,,,,,,,,,,,3,1,1,1.0,6
201400045826,0014-03-02 12:40:00,14,3,2,12,40,950,127,BD DE L'OISE,49.0388,2.0769,Plein jour,En agglomération,Giratoire,Normale,Deux véhicules - côté,,,,,,,,,,,1,2,6,1.0,3
201400045827,0014-03-16 08:40:00,14,3,16,8,40,950,127,BD DE L'OISE,49.0391,2.0768,Plein jour,En agglomération,Hors intersection,Normale,Autre collision,,,,,,,,,,,1,2,1,1.0,6
201400045828,0014-03-10 20:55:00,14,3,10,20,55,950,476,R DE CERGY,49.0619,2.0507,Nuit avec éclairage allumé,En agglomération,Giratoire,Normale,Autre collision,,,,,,,,,,,5,2,6,1.0,6
201400045829,0014-03-16 13:43:00,14,3,16,13,43,950,488,RTE DE CONFLANS,49.0159,2.1375,Plein jour,En agglomération,Intersection en T,Normale,Deux véhicules - frontale,,,,,,,,,,,1,2,3,1.0,1
201400045830,0014-03-18 16:50:00,14,3,18,16,50,950,218,CHE VERT,49.0111,2.0987,Plein jour,En agglomération,Giratoire,Normale,Deux véhicules - côté,,,,,,,,,,,1,2,6,1.0,3
201400045831,0014-03-26 21:45:00,14,3,26,21,45,950,500,QU  EUGENE TURPIN,49.0539,2.1113,Nuit avec éclairage allumé,Hors agglomération,Hors intersection,Normale,Autre collision,,,,,,,,,,,5,1,1,1.0,6
201400045832,0014-04-07 00:15:00,14,4,7,0,15,950,488,CHE DU PARC,49.0085,2.1678,Nuit avec éclairage allumé,En agglomération,Giratoire,Normale,Autre collision,,,,,,,,,,,5,2,6,1.0,6
201400045833,0014-04-08 18:50:00,14,4,8,18,50,950,127,AV DES GENOTTES,49.0485,2.0354,Plein jour,En agglomération,Giratoire,Normale,Deux véhicules - côté,,,,,,,,,,,1,2,6,1.0,3
201400045834,0014-04-05 18:15:00,14,4,5,18,15,950,572,R DE LIESSE,49.0415,2.1197,Plein jour,En agglomération,Hors intersection,Normale,Deux véhicules - frontale,,,,,,,,,,,1,2,1,1.0,1
201400045835,0014-04-17 13:55:00,14,4,17,13,55,950,500,QU DU POTHUIS,49.0497,2.1034,Plein jour,En agglomération,Hors intersection,Normale,Deux véhicules - arrière,,,,,,,,,,,1,2,1,1.0,2
201400045836,0014-04-11 18:45:00,14,4,11,18,45,950,323,R DES VALANCHARDS,49.0198,2.0259,Plein jour,En agglomération,Hors intersection,Normale,Deux véhicules - frontale,,,,,,,,,,,1,2,1,1.0,1
201400045837,0014-04-24 09:55:00,14,4,24,9,55,950,500,RTE D' AUVERS,49.0566,2.1151,Plein jour,En agglomération,Hors intersection,Normale,Deux véhicules - côté,,,,,,,,,,,1,2,1,1.0,3
201400045838,0014-05-04 02:50:00,14,5,4,2,50,950,218,BD COMMUNE DE PARIS,49.0171,2.1063,Nuit avec éclairage allumé,En agglomération,Giratoire,Normale,Autre collision,,,,,,,,,,,5,2,6,1.0,6
201400045839,0014-05-13 20:30:00,14,5,13,20,30,950,500,R DE L'HERMITAGE,49.0549,2.1048,Plein jour,En agglomération,Hors intersection,Normale,Deux véhicules - arrière,,,,,,,,,,,1,2,1,1.0,2
201400045840,0014-05-14 18:50:00,14,5,14,18,50,950,218,BD JACQUES DUCLOS,49.0191,2.0972,Plein jour,En agglomération,Hors intersection,Normale,Deux véhicules - arrière,,,,,,,,,,,1,2,1,1.0,2
201400045841,0014-05-29 14:55:00,14,5,29,14,55,950,500,AV D'ALSACE,49.0601,2.0929,Plein jour,En agglomération,Intersection en X,Temps couvert,Deux véhicules - côté,,,,,,,,,,,1,2,2,8.0,3
201400045842,0014-05-31 19:00:00,14,5,31,19,0,950,572,AV GENERAL DE GAULLE,49.0431,2.1084,Plein jour,En agglomération,Hors intersection,Normale,Autre collision,,,,,,,,,,,1,2,1,1.0,6
201400045843,0014-05-31 19:00:00,14,5,31,19,0,950,127,RN 14,,,Plein jour,En agglomération,Hors intersection,Normale,Deux véhicules - côté,,,,,,,,,,,1,2,1,1.0,3
201400045844,0014-05-27 09:45:00,14,5,27,9,45,950,500,AV KENNEDY,49.0629,2.0914,Plein jour,En agglomération,Hors intersection,Normale,Autre collision,,,,,,,,,,,1,2,1,1.0,6
201400045845,0014-06-05 12:50:00,14,6,5,12,50,950,500,AV MARECHAL DE LATTRE,49.0485,2.0809,Plein jour,En agglomération,Hors intersection,Normale,Autre collision,,,,,,,,,,,1,2,1,1.0,6
201400045846,0014-06-06 19:43:00,14,6,6,19,43,950,218,BD CHARLES DE GAULLE,49.0244,2.1042,Plein jour,En agglomération,Hors intersection,Normale,Trois véhicules et plus - collisions multiples,,,,,,,,,,,1,2,1,1.0,5
201400045847,0014-06-07 15:45:00,14,6,7,15,45,950,572,AV FOND DE VAUX,49.0514,2.1466,Plein jour,Hors agglomération,Hors intersection,Normale,Deux véhicules - côté,,,,,,,,,,,1,1,1,1.0,3
201400045848,0014-07-03 15:20:00,14,7,3,15,20,950,488,CHEMIN DES BOEUFS,49.0294,2.1497,Plein jour,Hors agglomération,Hors intersection,Normale,Deux véhicules - côté,,,,,,,,,,,1,1,1,1.0,3
201400045849,0014-07-28 18:20:00,14,7,28,18,20,950,572,AV DE PARIS,49.0336,2.1259,Plein jour,Hors agglomération,Hors intersection,Normale,Deux véhicules - côté,,,,,,,,,,,1,1,1,1.0,3
201400045850,0014-07-30 15:21:00,14,7,30,15,21,950,476,RTE PARIS-DIEPPE,49.0768,2.0749,Plein jour,Hors agglomération,Hors intersection,Normale,Deux véhicules - côté,,,,,,,,,,,1,1,1,1.0,3
201400045851,0014-08-06 10:45:00,14,8,6,10,45,950,218,R DE L'AMBASSADEUR,49.0133,2.0897,Plein jour,En agglomération,Intersection en X,Pluie forte,Deux véhicules - côté,,,,,,,,,,,1,2,2,3.0,3
201400045852,0014-08-14 22:50:00,14,8,14,22,50,950,127,RN 14,,,Nuit sans éclairage public,Hors agglomération,Hors intersection,Normale,Deux véhicules - arrière,,,,,,,,,,,3,1,1,1.0,2
201400045853,0014-08-16 02:30:00,14,8,16,2,30,950,572,AV DU CHATEAU,49.0544,2.1278,Nuit avec éclairage allumé,En agglomération,Hors intersection,Normale,Autre collision,,,,,,,,,,,5,2,1,1.0,6
201400045854,0014-08-22 12:15:00,14,8,22,12,15,950,127,RN 14,49.0551,2.0529,Plein jour,Hors agglomération,Hors intersection,Normale,Trois véhicules et plus - en chaîne,,,,,,,,,,,1,1,1,1.0,4
201400045855,0014-08-31 19:00:00,14,8,31,19,0,950,572,R DU PARC,49.0383,2.1085,Plein jour,En agglomération,Hors intersection,Normale,Autre collision,,,,,,,,,,,1,2,1,1.0,6
201400045856,0014-09-16 06:25:00,14,9,16,6,25,950,323,BD D'ECANCOURT,49.0117,2.0522,Nuit avec éclairage allumé,En agglomération,Hors intersection,Normale,Deux véhicules - frontale,,,,,,,,,,,5,2,1,1.0,1
201400045857,0014-09-19 12:00:00,14,9,19,12,0,950,488,AV DU GENERAL LECLERC,49.0204,2.1469,Plein jour,En agglomération,Hors intersection,Normale,Deux véhicules - arrière,,,,,,,,,,,1,2,1,1.0,2
201400045858,0014-09-22 23:20:00,14,9,22,23,20,950,572,R DE PARIS,49.0341,2.1252,Nuit avec éclairage allumé,En agglomération,Hors intersection,Normale,Deux véhicules - arrière,,,,,,,,,,,5,2,1,1.0,2
201400045859,0014-09-26 12:00:00,14,9,26,12,0,950,127,BD DE LA VIOSNE,49.0447,2.0766,Plein jour,Hors agglomération,Intersection en X,Normale,Deux véhicules - côté,,,,,,,,,,,1,1,2,1.0,3
201400045860,0014-10-01 12:00:00,14,10,1,12,0,950,323,BD D'ECANCOURT,49.0097,2.0375,Plein jour,En agglomération,Hors intersection,Normale,Autre collision,,,,,,,,,,,1,2,1,1.0,6
201400045861,0014-09-27 15:10:00,14,9,27,15,10,950,183,BD DES CHASSEURS,49.0449,2.0027,Plein jour,En agglomération,Hors intersection,Normale,Autre collision,,,,,,,,,,,1,2,1,1.0,6
201400045862,0014-10-13 12:40:00,14,10,13,12,40,950,572,R GUISEPPE VERDI,49.0389,2.1197,Plein jour,En agglomération,Hors intersection,Normale,Autre collision,,,,,,,,,,,1,2,1,1.0,6
201400045863,0014-10-16 09:30:00,14,10,16,9,30,950,500,R DE L'HERMITAGE,49.0541,2.1051,Plein jour,En agglomération,Intersection en T,Normale,Deux véhicules - frontale,,,,,,,,,,,1,2,3,1.0,1
201400045864,0014-11-05 06:36:00,14,11,5,6,36,950,476,CHEMIN DES HAYETTES,49.0679,2.08829,Nuit sans éclairage public,Hors agglomération,Hors intersection,Temps couvert,Autre collision,,,,,,,,,,,3,1,1,8.0,6
201400045865,0014-11-19 19:10:00,14,11,19,19,10,950,127,AV DES GENOTTES,49.0484,2.0368,Nuit avec éclairage allumé,En agglomération,Intersection en X,Normale,Autre collision,,,,,,,,,,,5,2,2,1.0,6
201400045866,0014-11-29 21:46:00,14,11,29,21,46,950,572,R DE L'EQUERRE,49.0446,2.1338,Nuit avec éclairage allumé,En agglomération,Hors intersection,Normale,Autre collision,,,,,,,,,,,5,2,1,1.0,6
201400045867,0014-12-04 14:15:00,14,12,4,14,15,950,127,BD DE L'HAUTIL,49.0317,2.0743,Plein jour,En agglomération,Intersection en X,Normale,Deux véhicules - côté,,,,,,,,,,,1,2,2,1.0,3
201400045868,0014-12-05 21:45:00,14,12,5,21,45,950,218,BD JACQUES DUCLOS,49.0157,2.0918,Nuit avec éclairage non allumé,Hors agglomération,Intersection en X,Normale,Autre collision,,,,,,,,,,,4,1,2,1.0,6
201400045869,0014-12-09 18:15:00,14,12,9,18,15,950,218,AV ROGER GUICHARD,49.0242,2.0969,Nuit avec éclairage allumé,En agglomération,Hors intersection,Normale,Autre collision,,,,,,,,,,,5,2,1,1.0,6
201400045870,0014-12-18 17:27:00,14,12,18,17,27,950,127,BD DE L'OISE,49.0475,2.0518,Nuit avec éclairage allumé,En agglomération,Hors intersection,Normale,Autre collision,,,,,,,,,,,5,2,1,1.0,6
201400045871,0014-04-04 22:40:00,14,4,4,22,40,950,500,PL DE LA LIBERATION,49.0448,2.09059,Nuit avec éclairage allumé,En agglomération,Hors intersection,Normale,Deux véhicules - côté,,,,,,,,,,,5,2,1,1.0,3
201400045872,0014-05-11 09:30:00,14,5,11,9,30,950,127,BD DE LA VIOSNE,49.0448,2.0767,Plein jour,En agglomération,Hors intersection,Temps couvert,Deux véhicules - arrière,,,,,,,,,,,1,2,1,8.0,2
201400045873,0014-11-30 15:20:00,14,11,30,15,20,950,197,BD DE MONTMORENCY,48.9789,2.3166,Plein jour,En agglomération,Hors intersection,Normale,Deux véhicules - frontale,,,,,,,,,,,1,2,1,1.0,1
201400045874,0014-11-28 08:15:00,14,11,28,8,15,950,288,R DU LAC MARCHAIS,48.9783,2.2341,Plein jour,En agglomération,Hors intersection,Normale,Deux véhicules - côté,,,,,,,,,,,1,2,1,1.0,3
201400045875,0014-01-03 13:35:00,14,1,3,13,35,950,427,AV MAURICE BERTEAUX,48.9761,2.3478,Plein jour,En agglomération,Hors intersection,Normale,Trois véhicules et plus - en chaîne,,,,,,,,,,,1,2,1,1.0,4
201400045876,0014-01-14 08:35:00,14,1,14,8,35,950,197,RTE DE SAINT DENIS,48.9666,2.3179,Plein jour,En agglomération,Hors intersection,Pluie légère,Deux véhicules - arrière,,,,,,,,,,,1,2,1,2.0,2
201400045877,0014-12-09 07:50:00,14,12,9,7,50,950,197,R DE VERDUN,48.9783,2.3284,Nuit sans éclairage public,En agglomération,Hors intersection,Normale,Autre collision,,,,,,,,,,,3,2,1,1.0,6
201400045878,0014-12-14 11:35:00,14,12,14,11,35,950,197,AV DU MARECHAL FOCH,48.9642,2.3176,Plein jour,En agglomération,Hors intersection,Normale,Autre collision,,,,,,,,,,,1,2,1,1.0,6
201400045879,0014-01-02 09:50:00,14,1,2,9,50,950,427,R D'EPINAY,48.9627,2.3338,Plein jour,En agglomération,Intersection en X,Normale,Deux véhicules - côté,,,,,,,,,,,1,2,2,1.0,3
201400045880,0014-01-06 14:50:00,14,1,6,14,50,950,197,R BOURGEOIS,48.9793,2.3276,Plein jour,En agglomération,Hors intersection,Normale,Autre collision,,,,,,,,,,,1,2,1,1.0,6
201400045881,0014-02-19 11:20:00,14,2,19,11,20,950,197,AV DIVISION LECLERC,48.9676,2.3164,Plein jour,En agglomération,Hors intersection,Pluie légère,Deux véhicules - frontale,,,,,,,,,,,1,2,1,2.0,1
201400045882,0014-03-03 19:50:00,14,3,3,19,50,950,288,RTE DE CALAIS,48.9851,2.3615,Nuit avec éclairage allumé,En agglomération,Hors intersection,Normale,Autre collision,,,,,,,,,,,5,2,1,1.0,6
201400045883,0014-03-11 18:30:00,14,3,11,18,30,950,427,R' DEPINAY,,,Plein jour,En agglomération,Hors intersection,Normale,Autre collision,,,,,,,,,,,1,2,1,1.0,6
201400045884,0014-03-19 14:30:00,14,3,19,14,30,950,197,R MORISSET,48.9754,2.3337,Plein jour,En agglomération,Intersection en T,Normale,Deux véhicules - côté,,,,,,,,,,,1,2,3,1.0,3
201400045885,0014-03-20 15:15:00,14,3,20,15,15,950,427,AV GENERAL DE GAULLE,48.9741,2.3477,Plein jour,En agglomération,Hors intersection,Normale,Deux véhicules - côté,,,,,,,,,,,1,2,1,1.0,3
201400045886,0014-03-24 15:20:00,14,3,24,15,20,950,288,RTE DE CALAIS,48.9848,2.3617,Plein jour,En agglomération,Hors intersection,Normale,Autre collision,,,,,,,,,,,1,2,1,1.0,6
201400045887,0014-04-02 10:00:00,14,4,2,10,0,950,197,R DU LAC MARCHAIS,48.9811,2.3433,Plein jour,En agglomération,Hors intersection,Normale,Deux véhicules - côté,,,,,,,,,,,1,2,1,1.0,3
201400045888,0014-04-25 19:15:00,14,4,25,19,15,950,288,R DES CARRIERES,48.9907,2.3498,Crépuscule ou aube,En agglomération,Hors intersection,Normale,Deux véhicules - frontale,,,,,,,,,,,2,2,1,1.0,1
201400045889,0014-05-13 09:50:00,14,5,13,9,50,950,197,R GERARD TOUTAIN,48.9626,2.3174,Plein jour,En agglomération,Intersection en T,Normale,Deux véhicules - arrière,,,,,,,,,,,1,2,3,1.0,2
201400045890,0014-05-19 12:00:00,14,5,19,12,0,950,197,R DU CHATEAU,48.9676,2.3185,Plein jour,En agglomération,Hors intersection,Normale,Deux véhicules - arrière,,,,,,,,,,,1,2,1,1.0,2
201400045891,0014-05-09 11:50:00,14,5,9,11,50,950,288,BD  CHARLES DE GAULLE,49.0091,2.3982,Plein jour,En agglomération,Hors intersection,Normale,Autre collision,,,,,,,,,,,1,2,1,1.0,6
201400045892,0014-05-26 08:20:00,14,5,26,8,20,950,197,RTE DE SAINT DENIS,48.9661,2.3186,Plein jour,En agglomération,Hors intersection,Normale,Deux véhicules - côté,,,,,,,,,,,1,2,1,1.0,3