accident_id,datetime,annee,mois,jour,heure,minute,departement,commune_insee,adresse,latitude,longitude,luminosite,agglomeration,intersection,meteo,collision,nb_vehicules,nb_usagers,nb_indemnes,nb_tues,nb_blesses_hosp,nb_blesses_legers,age_cond_1,age_cond_2,veh_type_cond_1,veh_type_cond_2,lum_code,agg_code,int_code,atm_code,col_code
201400045893,0014-05-21 14:20:00,14,5,21,14,20,950,197,RTE DE SAINT DENIS,48.9629,2.3231,Plein jour,En agglomération,Hors intersection,Normale,Autre collision,,,,,,,,,,,1,2,1,1.0,6
201400045894,0014-05-26 16:55:00,14,5,26,16,55,950,197,BD DE MONTMORENCY,48.9674,2.3173,Plein jour,En agglomération,Hors intersection,Normale,Autre collision,,,,,,,,,,,1,2,1,1.0,6
201400045895,0014-06-12 07:55:00,14,6,12,7,55,950,197,AV CHARLES DE GAULLE,48.9829,2.3247,Plein jour,En agglomération,Hors intersection,Normale,Autre collision,,,,,,,,,,,1,2,1,1.0,6
201400045896,0014-07-01 08:10:00,14,7,1,8,10,950,288,R DE MONTMAGNY,48.9829,2.3542,Plein jour,En agglomération,Hors intersection,Pluie légère,Deux véhicules - arrière,,,,,,,,,,,1,2,1,2.0,2
201400045897,0014-06-06 08:45:00,14,6,6,8,45,950,427,RTE DE SAINT LEU,48.9594,2.3285,Plein jour,En agglomération,Hors intersection,Normale,Autre collision,,,,,,,,,,,1,2,1,1.0,6
201400045898,0014-07-09 17:10:00,14,7,9,17,10,950,197,R D'EPINAY,48.9595,2.3281,Plein jour,En agglomération,Hors intersection,Pluie légère,Trois véhicules et plus - en chaîne,,,,,,,,,,,1,2,1,2.0,4
201400045899,0014-07-25 16:00:00,14,7,25,16,0,950,427,R DE VILLETANEUSE,48.9703,2.3469,Plein jour,En agglomération,Hors intersection,Normale,Deux véhicules - arrière,,,,,,,,,,,1,2,1,1.0,2
201400045900,0014-08-13 16:20:00,14,8,13,16,20,950,427,RTE DE SAINT LEU,48.9587,2.3292,Plein jour,En agglomération,Hors intersection,Pluie légère,Autre collision,,,,,,,,,,,1,2,1,2.0,6
201400045901,0014-07-11 15:50:00,14,7,11,15,50,950,197,AV CHARLES DE GAULLE,48.9806,2.3188,Plein jour,En agglomération,Hors intersection,Pluie légère,Deux véhicules - côté,,,,,,,,,,,1,2,1,2.0,3
201400045902,0014-07-29 11:30:00,14,7,29,11,30,950,427,R DE VILLETANEUSE,48.9709,2.3473,Plein jour,En agglomération,Hors intersection,Normale,Autre collision,,,,,,,,,,,1,2,1,1.0,6
201400045903,0014-09-09 09:10:00,14,9,9,9,10,950,197,R CHARLES DE GAULLE,48.9752,2.3244,Plein jour,En agglomération,Hors intersection,Normale,Autre collision,,,,,,,,,,,1,2,1,1.0,6
201400045904,0014-08-07 17:50:00,14,8,7,17,50,950,427,RTE DE SAINT LEU,48.9581,2.3298,Plein jour,En agglomération,Hors intersection,Normale,Autre collision,,,,,,,,,,,1,2,1,1.0,6
201400045905,0014-09-26 08:20:00,14,9,26,8,20,950,197,R DU CHATEAU,48.9693,2.3202,Plein jour,En agglomération,Intersection en T,Normale,Deux véhicules - côté,,,,,,,,,,,1,2,3,1.0,3
201400045906,0014-09-24 15:20:00,14,9,24,15,20,950,427,R JULES FERRY,48.9632,2.3391,Plein jour,En agglomération,Hors intersection,Normale,Deux véhicules - arrière,,,,,,,,,,,1,2,1,1.0,2
201400045907,0014-09-29 17:10:00,14,9,29,17,10,950,288,R FERDINAND BERTHOUD,48.9332,2.3427,Plein jour,En agglomération,Giratoire,Normale,Deux véhicules - côté,,,,,,,,,,,1,2,6,1.0,3
201400045908,0014-10-04 15:09:00,14,10,4,15,9,950,197,R BEAU SITE,48.9805,2.3197,Plein jour,En agglomération,Hors intersection,Normale,Autre collision,,,,,,,,,,,1,2,1,1.0,6
201400045909,0014-10-09 17:00:00,14,10,9,17,0,950,197,R DE LA GARE,48.9753,2.3346,Plein jour,En agglomération,Hors intersection,Normale,Autre collision,,,,,,,,,,,1,2,1,1.0,6
201400045910,0014-10-28 18:35:00,14,10,28,18,35,950,197,R CHARLES DE GAULLE,48.9757,2.3273,Crépuscule ou aube,En agglomération,Intersection en X,Normale,Deux véhicules - côté,,,,,,,,,,,2,2,2,1.0,3
201400045911,0014-10-24 19:30:00,14,10,24,19,30,950,288,RTE DE CALAIS,48.9849,2.3615,Nuit avec éclairage allumé,En agglomération,Hors intersection,Autre,Deux véhicules - côté,,,,,,,,,,,5,2,1,9.0,3
201400045912,0014-11-18 11:20:00,14,11,18,11,20,950,197,R DU PROGRES,48.9629,2.3169,Plein jour,En agglomération,Hors intersection,Normale,Deux véhicules - arrière,,,,,,,,,,,1,2,1,1.0,2
201400045913,0014-10-04 12:50:00,14,10,4,12,50,950,197,RTE DE SAINT DENIS,48.9638,2.3216,Plein jour,En agglomération,Hors intersection,Normale,Deux véhicules - côté,,,,,,,,,,,1,2,1,1.0,3
201400045914,0014-10-10 15:58:00,14,10,10,15,58,950,427,AV GENERAL DE GAULLE,48.9743,2.3468,Plein jour,En agglomération,Hors intersection,Normale,Autre collision,,,,,,,,,,,1,2,1,1.0,6
201400045915,0014-11-05 07:30:00,14,11,5,7,30,950,197,RTE DE SAINT DENIS,48.9643,2.3213,Plein jour,En agglomération,Intersection en T,Normale,Deux véhicules - arrière,,,,,,,,,,,1,2,3,1.0,2
201400045916,0014-12-01 16:00:00,14,12,1,16,0,950,197,BD DE MONTMORENCY,48.9704,2.3165,Plein jour,En agglomération,Hors intersection,Normale,Autre collision,,,,,,,,,,,1,2,1,1.0,6
201400045917,0014-12-05 20:35:00,14,12,5,20,35,950,197,R EUGENE LAMARRE,48.9721,2.3215,Nuit avec éclairage allumé,En agglomération,Hors intersection,Normale,Deux véhicules - arrière,,,,,,,,,,,5,2,1,1.0,2
201400045918,0014-11-30 19:00:00,14,11,30,19,0,950,197,AV MATHIEU CHAZOTTE,48.9715,2.3209,Nuit avec éclairage allumé,En agglomération,Hors intersection,Pluie légère,Autre collision,,,,,,,,,,,5,2,1,2.0,6
201400045919,0014-12-01 08:50:00,14,12,1,8,50,950,197,AV DIVISION LECLERC,48.9659,2.3188,Plein jour,En agglomération,Intersection en T,Normale,Deux véhicules - côté,,,,,,,,,,,1,2,3,1.0,3
201400045920,0014-11-13 17:45:00,14,11,13,17,45,950,288,RTE DE CALAIS,48.9828,2.3624,Nuit sans éclairage public,Hors agglomération,Hors intersection,Normale,Deux véhicules - arrière,,,,,,,,,,,3,1,1,1.0,2
201400045921,0014-11-13 14:30:00,14,11,13,14,30,950,427,RUELLE MARIANNE,48.9774,2.3509,Plein jour,En agglomération,Hors intersection,Normale,Deux véhicules - frontale,,,,,,,,,,,1,2,1,1.0,1
201400045922,0014-02-19 22:20:00,14,2,19,22,20,950,210,PL DU MARECHAL FOCH,48.9718,2.3088,Nuit avec éclairage allumé,En agglomération,Place,Normale,Deux véhicules - côté,,,,,,,,,,,5,2,7,1.0,3
201400045923,0014-03-05 13:30:00,14,3,5,13,30,950,598,R JARDIN RENARD,48.9918,2.2985,Plein jour,En agglomération,Hors intersection,Normale,Autre collision,,,,,,,,,,,1,2,1,1.0,6
201400045924,0014-01-15 08:15:00,14,1,15,8,15,950,555,R BERTHIE ALBRECHT,48.9682,2.2851,Crépuscule ou aube,En agglomération,Hors intersection,Pluie légère,Autre collision,,,,,,,,,,,2,2,1,2.0,6
201400045925,0014-03-18 01:40:00,14,3,18,1,40,950,428,AV CHARLES DE GAULLE,48.9819,2.3219,Nuit avec éclairage allumé,En agglomération,Hors intersection,Normale,Sans collision,,,,,,,,,,,5,2,1,1.0,7
201400045926,0014-04-29 19:50:00,14,4,29,19,50,950,598,AV  KELLERMANN,48.9819,2.2928,Plein jour,En agglomération,Hors intersection,Pluie légère,Deux véhicules - arrière,,,,,,,,,,,1,2,1,2.0,2
201400045927,0014-05-18 11:00:00,14,5,18,11,0,950,598,R DU MONT D'EAUBONNE,48.9905,2.2897,Plein jour,En agglomération,Intersection en T,Normale,Autre collision,,,,,,,,,,,1,2,3,1.0,6
201400045928,0014-05-30 13:45:00,14,5,30,13,45,950,428,AV DES ACACIAS,48.9755,2.3099,Plein jour,En agglomération,Hors intersection,Normale,Autre collision,,,,,,,,,,,1,2,1,1.0,6
201400045929,0014-04-05 13:50:00,14,4,5,13,50,950,428,RTE DE  SAINT BRICE,48.9933,2.3336,Plein jour,En agglomération,Hors intersection,Normale,Deux véhicules - côté,,,,,,,,,,,1,2,1,1.0,3
201400045930,0014-07-18 14:00:00,14,7,18,14,0,950,598,R DE LA CAILLE,48.9812,2.3101,Plein jour,En agglomération,Intersection en T,Autre,Deux véhicules - frontale,,,,,,,,,,,1,2,3,9.0,1
201400045931,0014-05-30 18:00:00,14,5,30,18,0,950,555,AV GABRIEL PERI,48.9705,2.2847,Plein jour,En agglomération,Intersection en X,Normale,Deux véhicules - côté,,,,,,,,,,,1,2,2,1.0,3
201400045932,0014-07-27 12:30:00,14,7,27,12,30,950,555,R D' ERMONT,48.9711,2.2808,Plein jour,En agglomération,Intersection en X,Normale,Deux véhicules - côté,,,,,,,,,,,1,2,2,1.0,3
201400045933,0014-07-24 16:05:00,14,7,24,16,5,950,555,R D'ARGENTEUIL,48.9632,2.2812,Plein jour,En agglomération,Hors intersection,Normale,Deux véhicules - côté,,,,,,,,,,,1,2,1,1.0,3
201400045934,0014-07-27 16:20:00,14,7,27,16,20,950,555,BD DU MARECHAL FOCH,48.9637,2.2896,Plein jour,En agglomération,Hors intersection,Normale,Autre collision,,,,,,,,,,,1,2,1,1.0,6
201400045935,0014-07-24 19:47:00,14,7,24,19,47,950,555,R DU GENERAL LECLERC,48.9661,2.2923,Plein jour,En agglomération,Hors intersection,Normale,Deux véhicules - frontale,,,,,,,,,,,1,2,1,1.0,1
201400045936,0014-09-07 19:57:00,14,9,7,19,57,950,598,R DES FANAUDES,48.9833,2.3023,Plein jour,En agglomération,Hors intersection,Normale,Autre collision,,,,,,,,,,,1,2,1,1.0,6
201400045937,0014-09-26 19:30:00,14,9,26,19,30,950,598,R DU DOCTEUR SCHWEITZER,48.9949,2.3034,Nuit sans éclairage public,En agglomération,Hors intersection,Normale,Deux véhicules - arrière,,,,,,,,,,,3,2,1,1.0,2
201400045938,0014-07-28 20:52:00,14,7,28,20,52,950,555,BD GEORGETTE AGUTTE,48.9622,2.2847,Plein jour,En agglomération,Hors intersection,Normale,Autre collision,,,,,,,,,,,1,2,1,1.0,6
201400045939,0014-11-24 09:30:00,14,11,24,9,30,950,598,AV DE PARIS,48.9859,2.2972,Plein jour,En agglomération,Giratoire,Pluie légère,Deux véhicules - arrière,,,,,,,,,,,1,2,6,2.0,2
201400045940,0014-10-01 13:17:00,14,10,1,13,17,950,555,AV DANIELE CASANOVA,48.9731,2.2897,Plein jour,En agglomération,Hors intersection,Normale,Deux véhicules - arrière,,,,,,,,,,,1,2,1,1.0,2
201400045941,0014-10-08 07:55:00,14,10,8,7,55,950,428,AV REY DE FORESTA,48.9904,2.3212,Plein jour,En agglomération,Intersection à plus de 4 branches,Pluie légère,Autre collision,,,,,,,,,,,1,2,5,2.0,6
201400045942,0014-11-24 13:25:00,14,11,24,13,25,950,210,R DE  MALLEVILLE,48.9676,2.3055,Plein jour,En agglomération,Hors intersection,Normale,Autre collision,,,,,,,,,,,1,2,1,1.0,6
201400045943,0014-12-05 19:20:00,14,12,5,19,20,950,598,AV KELLERMANN,48.9811,2.2925,Nuit avec éclairage allumé,En agglomération,Hors intersection,Pluie légère,Autre collision,,,,,,,,,,,5,2,1,2.0,6
201400045944,0014-12-28 18:05:00,14,12,28,18,5,950,598,AV KELLERMANN,48.9783,2.2919,Nuit avec éclairage allumé,En agglomération,Giratoire,Normale,Autre collision,,,,,,,,,,,5,2,6,1.0,6
201400045945,0014-04-08 22:10:00,14,4,8,22,10,950,555,BD PASTEUR,48.9664,2.2772,Nuit avec éclairage allumé,En agglomération,Hors intersection,Normale,Deux véhicules - côté,,,,,,,,,,,5,2,1,1.0,3
201400045946,0014-12-10 01:00:00,14,12,10,1,0,950,210,R DU GENERAL DE GAULLE,48.9716,2.3083,Nuit avec éclairage allumé,En agglomération,Intersection en X,Normale,Deux véhicules - côté,,,,,,,,,,,5,2,2,1.0,3
201400045947,0014-01-05 09:15:00,14,1,5,9,15,950,252,BD DU BEL-AIR,48.9845,2.2406,Plein jour,En agglomération,Intersection en T,Normale,Deux véhicules - côté,,,,,,,,,,,1,2,3,1.0,3
201400045948,0014-01-08 07:30:00,14,1,8,7,30,950,203,AV DE PARIS,48.9932,2.2819,Nuit avec éclairage allumé,En agglomération,Hors intersection,Normale,Autre collision,,,,,,,,,,,5,2,1,1.0,6
201400045949,0014-01-08 15:40:00,14,1,8,15,40,950,252,R DU GENERAL LECLERC,48.9871,2.2151,Plein jour,En agglomération,Hors intersection,Normale,Deux véhicules - arrière,,,,,,,,,,,1,2,1,1.0,2
201400045950,0014-01-16 11:20:00,14,1,16,11,20,950,252,BD DU  BEL-AIR,48.9845,2.2406,Plein jour,En agglomération,Intersection en T,Pluie légère,Deux véhicules - côté,,,,,,,,,,,1,2,3,2.0,3
201400045951,0014-01-22 20:05:00,14,1,22,20,5,950,219,R DE LA PETITE BAPAUME,48.9935,2.2522,Nuit avec éclairage allumé,En agglomération,Hors intersection,Pluie légère,Autre collision,,,,,,,,,,,5,2,1,2.0,6
201400045952,0014-01-25 18:00:00,14,1,25,18,0,950,252,BD RHIN ET DANUBE,48.9885,2.2303,Nuit avec éclairage allumé,En agglomération,Intersection en X,Normale,Deux véhicules - côté,,,,,,,,,,,5,2,2,1.0,3
201400045953,0014-01-30 14:15:00,14,1,30,14,15,950,252,R ANDRE CITROEN,48.9903,2.2091,Plein jour,En agglomération,Hors intersection,Normale,Autre collision,,,,,,,,,,,1,2,1,1.0,6
201400045954,0014-02-03 08:35:00,14,2,3,8,35,950,219,R DE LA PETITE BAPAUME,48.9925,2.2557,Plein jour,En agglomération,Hors intersection,Normale,Autre collision,,,,,,,,,,,1,2,1,1.0,6
201400045955,0014-02-03 12:25:00,14,2,3,12,25,950,219,R DE STALINGRAD,48.9862,2.2569,Plein jour,En agglomération,Hors intersection,Normale,Autre collision,,,,,,,,,,,1,2,1,1.0,6
201400045956,0014-02-05 20:00:00,14,2,5,20,0,950,203,RTE DE MONTLIGNON,48.9981,2.2771,Nuit avec éclairage allumé,En agglomération,Hors intersection,Normale,Autre collision,,,,,,,,,,,5,2,1,1.0,6
201400045957,0014-02-11 17:00:00,14,2,11,17,0,950,203,RTE DE SAINT LEU,49.0006,2.2643,Plein jour,En agglomération,Intersection en Y,Pluie légère,Autre collision,,,,,,,,,,,1,2,4,2.0,6
201400045958,0014-02-15 09:00:00,14,2,15,9,0,950,252,R FRANCOIS PLASSON,48.9934,2.2394,Plein jour,En agglomération,Hors intersection,Normale,Deux véhicules - côté,,,,,,,,,,,1,2,1,1.0,3
201400045959,0014-02-16 03:25:00,14,2,16,3,25,950,219,R RAOUL DAUTRY,48.9827,2.2631,Nuit avec éclairage allumé,En agglomération,Hors intersection,Normale,Autre collision,,,,,,,,,,,5,2,1,1.0,6
201400045960,0014-03-01 01:25:00,14,3,1,1,25,950,252,SENT BOIS DES MONTFRAIS,48.9744,2.2347,Nuit sans éclairage public,Hors agglomération,Hors intersection,Pluie légère,Deux véhicules - côté,,,,,,,,,,,3,1,1,2.0,3
201400045961,0014-03-09 10:10:00,14,3,9,10,10,950,252,R DU CHEMIN NEUF,48.9791,2.2327,Plein jour,En agglomération,Intersection en T,Normale,Deux véhicules - côté,,,,,,,,,,,1,2,3,1.0,3
201400045962,0014-03-14 16:55:00,14,3,14,16,55,950,252,R DE L'ORME ST EDME,48.9912,2.2386,Plein jour,En agglomération,Hors intersection,Normale,Deux véhicules - côté,,,,,,,,,,,1,2,1,1.0,3
201400045963,0014-03-25 09:05:00,14,3,25,9,5,950,203,R BLANCHE ROSE,48.9786,2.2771,Plein jour,En agglomération,Hors intersection,Pluie légère,Deux véhicules - côté,,,,,,,,,,,1,2,1,2.0,3
201400045964,0014-03-26 15:50:00,14,3,26,15,50,950,491,R GABRIEL PERI,48.9984,2.2461,Plein jour,En agglomération,Hors intersection,Normale,Autre collision,,,,,,,,,,,1,2,1,1.0,6
201400045965,0014-03-27 11:00:00,14,3,27,11,0,950,219,ALL DE LA RESIDENC FOCH,48.9912,2.2588,Plein jour,En agglomération,Hors intersection,Normale,Autre collision,,,,,,,,,,,1,2,1,1.0,6
201400045966,0014-03-28 15:30:00,14,3,28,15,30,950,219,R DE STALINGRAD,48.9875,2.2575,Plein jour,En agglomération,Hors intersection,Normale,Autre collision,,,,,,,,,,,1,2,1,1.0,6
201400045967,0014-04-01 09:45:00,14,4,1,9,45,950,219,BD DE CERNAY,48.9811,2.2483,Plein jour,En agglomération,Hors intersection,Normale,Autre collision,,,,,,,,,,,1,2,1,1.0,6
201400045968,0014-04-01 16:45:00,14,4,1,16,45,950,252,BD DU BEL-AIR,48.9871,2.2341,Plein jour,En agglomération,Hors intersection,Normale,Trois véhicules et plus - en chaîne,,,,,,,,,,,1,2,1,1.0,4
201400045969,0014-04-01 17:45:00,14,4,1,17,45,950,219,R DE L'ARRIVEE,48.9801,2.2704,Plein jour,En agglomération,Hors intersection,Normale,Autre collision,,,,,,,,,,,1,2,1,1.0,6
201400045970,0014-04-07 17:25:00,14,4,7,17,25,950,582,AV DE LA SABERNAUDE,48.9786,2.2439,Plein jour,En agglomération,Hors intersection,Normale,Deux véhicules - côté,,,,,,,,,,,1,2,1,1.0,3
201400045971,0014-04-12 14:50:00,14,4,12,14,50,950,219,R DU 18 JUIN,48.9929,2.2476,Plein jour,En agglomération,Hors intersection,Normale,Deux véhicules - frontale,,,,,,,,,,,1,2,1,1.0,1
201400045972,0014-04-12 19:45:00,14,4,12,19,45,950,219,R LOUIS SAVOIE,48.9925,2.2578,Plein jour,En agglomération,Hors intersection,Normale,Autre collision,,,,,,,,,,,1,2,1,1.0,6
201400045973,0014-04-15 19:40:00,14,4,15,19,40,950,252,CHAUSSEE JULES CESAR,48.9983,2.2302,Plein jour,En agglomération,Intersection en X,Normale,Deux véhicules - côté,,,,,,,,,,,1,2,2,1.0,3
201400045974,0014-04-26 13:00:00,14,4,26,13,0,950,219,R DE STALINGRAD,48.9875,2.2575,Plein jour,En agglomération,Hors intersection,Pluie légère,Autre collision,,,,,,,,,,,1,2,1,2.0,6
201400045975,0014-04-27 09:35:00,14,4,27,9,35,950,203,RTE DE SAINT LEU,48.9949,2.2754,Plein jour,En agglomération,Giratoire,Pluie légère,Deux véhicules - côté,,,,,,,,,,,1,2,6,2.0,3
201400045976,0014-05-01 13:25:00,14,5,1,13,25,950,219,R DU GENERAL LECLERC,48.9811,2.2705,Plein jour,En agglomération,Intersection en T,Pluie légère,Autre collision,,,,,,,,,,,1,2,3,2.0,6
201400045977,0014-05-02 12:00:00,14,5,2,12,0,950,252,CHAUSSEE JULES CESAR,48.9999,2.2258,Plein jour,En agglomération,Intersection en T,Normale,Deux véhicules - arrière,,,,,,,,,,,1,2,3,1.0,2
201400045978,0014-05-08 12:25:00,14,5,8,12,25,950,219,BD DE CERNAY,48.9802,2.2532,Plein jour,En agglomération,Giratoire,Normale,Trois véhicules et plus - en chaîne,,,,,,,,,,,1,2,6,1.0,4
201400045979,0014-05-09 08:15:00,14,5,9,8,15,950,252,BD MAURICE BERTEAUX,48.9885,2.2303,Plein jour,En agglomération,Intersection en X,Normale,Sans collision,,,,,,,,,,,1,2,2,1.0,7
201400045980,0014-05-11 10:35:00,14,5,11,10,35,950,203,BD DE LA  REPUBLIQUE,48.9819,2.2851,Plein jour,En agglomération,Hors intersection,Normale,Autre collision,,,,,,,,,,,1,2,1,1.0,6
201400045981,0014-05-11 13:50:00,14,5,11,13,50,950,252,CHE DU PUITS DE LA BARRE,48.9833,2.2249,Plein jour,En agglomération,Hors intersection,Normale,Autre collision,,,,,,,,,,,1,2,1,1.0,6
201400045982,0014-05-13 19:50:00,14,5,13,19,50,950,252,BD DU BEL-AIR,48.9844,2.2406,Plein jour,En agglomération,Hors intersection,Normale,Deux véhicules - arrière,,,,,,,,,,,1,2,1,1.0,2
201400045983,0014-05-18 01:20:00,14,5,18,1,20,950,219,R DE STALINGRAD,48.9876,2.2577,Nuit avec éclairage allumé,En agglomération,Hors intersection,Normale,Autre collision,,,,,,,,,,,5,2,1,1.0,6
201400045984,0014-05-24 18:50:00,14,5,24,18,50,950,252,CHE VERT GRATTES-BOEUFS,48.9891,2.2122,Plein jour,En agglomération,Giratoire,Normale,Deux véhicules - arrière,,,,,,,,,,,1,2,6,1.0,2
201400045985,0014-05-29 18:15:00,14,5,29,18,15,950,219,AV GEORGES POMPIDOU,48.9877,2.2483,Plein jour,En agglomération,Hors intersection,Normale,Deux véhicules - côté,,,,,,,,,,,1,2,1,1.0,3
201400045986,0014-06-07 06:00:00,14,6,7,6,0,950,574,R LOUIS ET GERALD DONZEL,49.0109,2.2607,Plein jour,En agglomération,Hors intersection,Normale,Autre collision,,,,,,,,,,,1,2,1,1.0,6
201400045987,0014-06-07 15:10:00,14,6,7,15,10,950,252,BD DU BEL-AIR,48.9856,2.2381,Plein jour,En agglomération,Hors intersection,Normale,Deux véhicules - côté,,,,,,,,,,,1,2,1,1.0,3
201400045988,0014-06-07 17:45:00,14,6,7,17,45,950,252,R D'ERMONT,48.9832,2.2305,Plein jour,En agglomération,Hors intersection,Normale,Autre collision,,,,,,,,,,,1,2,1,1.0,6
201400045989,0014-06-11 19:20:00,14,6,11,19,20,950,252,R  HAMELIN,48.9861,2.2252,Plein jour,En agglomération,Hors intersection,Normale,Autre collision,,,,,,,,,,,1,2,1,1.0,6
201400045990,0014-06-14 16:55:00,14,6,14,16,55,950,426,R DES ROSIERS,49.0077,2.2815,Plein jour,En agglomération,Hors intersection,Normale,Autre collision,,,,,,,,,,,1,2,1,1.0,6
201400045991,0014-06-16 17:30:00,14,6,16,17,30,950,203,R D'ANDILLY,48.9952,2.2843,Plein jour,En agglomération,Hors intersection,Normale,Deux véhicules - côté,,,,,,,,,,,1,2,1,1.0,3
201400045992,0014-06-20 16:45:00,14,6,20,16,45,950,219,AV PRES GEORGES POMPIDOU,48.9842,2.2464,Plein jour,En agglomération,Hors intersection,Normale,Autre collision,,,,,,,,,,,1,2,1,1.0,6
201400045993,0014-06-25 19:05:00,14,6,25,19,5,950,203,AV VOLTAIRE,48.9949,2.2757,Plein jour,En agglomération,Giratoire,Normale,Deux véhicules - côté,,,,,,,,,,,1,2,6,1.0,3
201400045994,0014-07-01 19:10:00,14,7,1,19,10,950,252,CHAUSSEE JULES CESAR,48.9991,2.2279,Plein jour,En agglomération,Hors intersection,Normale,Autre collision,,,,,,,,,,,1,2,1,1.0,6
201400045995,0014-07-04 16:32:00,14,7,4,16,32,950,219,R DU STAND,48.9965,2.2518,Plein jour,En agglomération,Hors intersection,Normale,Deux véhicules - arrière,,,,,,,,,,,1,2,1,1.0,2
201400045996,0014-07-06 19:20:00,14,7,6,19,20,950,574,R  AUGUSTE REY,49.0161,2.2652,Plein jour,En agglomération,Hors intersection,Normale,Autre collision,,,,,,,,,,,1,2,1,1.0,6
201400045997,0014-07-11 11:05:00,14,7,11,11,5,950,219,R PIERRE LOTI,48.9792,2.2502,Plein jour,En agglomération,Intersection en T,Pluie légère,Deux véhicules - côté,,,,,,,,,,,1,2,3,2.0,3
201400045998,0014-07-14 22:30:00,14,7,14,22,30,950,252,TROISIEME AVENUE,48.9854,2.2364,Nuit avec éclairage allumé,En agglomération,Hors intersection,Normale,Deux véhicules - côté,,,,,,,,,,,5,2,1,1.0,3
201400045999,0014-07-28 17:20:00,14,7,28,17,20,950,574,R  MAIGNAN LARIVIERE,49.0173,2.2631,Plein jour,Hors agglomération,Hors intersection,Normale,Deux véhicules - frontale,,,,,,,,,,,1,1,1,1.0,1
201400046000,0014-07-29 12:25:00,14,7,29,12,25,950,252,R DU GENERAL LECLERC,48.9834,2.2291,Plein jour,En agglomération,Hors intersection,Normale,Deux véhicules - frontale,,,,,,,,,,,1,2,1,1.0,1
201400046001,0014-07-30 11:35:00,14,7,30,11,35,950,219,R DU STAND,48.9979,2.2474,Plein jour,Hors agglomération,Intersection en T,Normale,Deux véhicules - côté,,,,,,,,,,,1,1,3,1.0,3
201400046002,0014-07-30 19:50:00,14,7,30,19,50,950,219,R RAOUL DAUTRY,48.9805,2.2701,Plein jour,En agglomération,Intersection en T,Normale,Autre collision,,,,,,,,,,,1,2,3,1.0,6
201400046003,0014-08-02 15:30:00,14,8,2,15,30,950,203,RTE DE SAINT LEU,48.9953,2.2747,Plein jour,En agglomération,Giratoire,Normale,Deux véhicules - frontale,,,,,,,,,,,1,2,6,1.0,1
201400046004,0014-08-04 08:50:00,14,8,4,8,50,950,203,RTE DE SAINT LEU,48.9962,2.2724,Plein jour,En agglomération,Hors intersection,Normale,Autre collision,,,,,,,,,,,1,2,1,1.0,6
201400046005,0014-08-05 18:10:00,14,8,5,18,10,950,203,RTE DE SAINT LEU,48.9953,2.2746,Plein jour,En agglomération,Hors intersection,Normale,Deux véhicules - côté,,,,,,,,,,,1,2,1,1.0,3
201400046006,0014-08-08 15:13:00,14,8,8,15,13,950,252,R DU GENERAL LECLERC,48.9861,2.2228,Plein jour,En agglomération,Hors intersection,Pluie légère,Deux véhicules - côté,,,,,,,,,,,1,2,1,2.0,3
201400046007,0014-08-18 20:35:00,14,8,18,20,35,950,252,R DU GENERAL LECLERC,48.9861,2.2226,Plein jour,En agglomération,Hors intersection,Normale,Autre collision,,,,,,,,,,,1,2,1,1.0,6
201400046008,0014-08-19 09:45:00,14,8,19,9,45,950,491,R PASTEUR,48.9959,2.2384,Plein jour,En agglomération,Intersection en Y,Normale,Deux véhicules - frontale,,,,,,,,,,,1,2,4,1.0,1
201400046009,0014-08-21 14:15:00,14,8,21,14,15,950,574,AV GENERAL LECLERC,49.0018,2.2631,Plein jour,En agglomération,Intersection en T,Normale,Autre collision,,,,,,,,,,,1,2,3,1.0,6
201400046010,0014-08-31 14:10:00,14,8,31,14,10,950,203,PL ARISTIDE  BRIAND,48.9485,2.2583,Plein jour,En agglomération,Giratoire,Normale,Deux véhicules - côté,,,,,,,,,,,1,2,6,1.0,3
201400046011,0014-09-01 07:30:00,14,9,1,7,30,950,252,R DES MARAICHERS,48.9951,2.2185,Plein jour,En agglomération,Hors intersection,Normale,Autre collision,,,,,,,,,,,1,2,1,1.0,6
201400046012,0014-09-02 14:30:00,14,9,2,14,30,950,219,R JEAN JAURES,48.9851,2.2566,Plein jour,En agglomération,Hors intersection,Normale,Autre collision,,,,,,,,,,,1,2,1,1.0,6
201400046013,0014-09-04 14:25:00,14,9,4,14,25,950,219,BD DE CERNAY,48.9819,2.2459,Plein jour,En agglomération,Giratoire,Normale,Deux véhicules - côté,,,,,,,,,,,1,2,6,1.0,3
201400046014,0014-09-07 15:40:00,14,9,7,15,40,950,203,AV JEAN JACQUES ROUSSEAU,48.9948,2.2801,Plein jour,En agglomération,Hors intersection,Normale,Autre collision,,,,,,,,,,,1,2,1,1.0,6
201400046015,0014-09-06 19:50:00,14,9,6,19,50,950,252,R DE LA BONNE RENCONTRE,48.9965,2.2246,Plein jour,En agglomération,Hors intersection,Normale,Deux véhicules - frontale,,,,,,,,,,,1,2,1,1.0,1
201400046016,0014-09-11 08:45:00,14,9,11,8,45,950,203,R DU GENERAL LECLERC,48.9889,2.2742,Plein jour,En agglomération,Intersection en Y,Normale,Deux véhicules - côté,,,,,,,,,,,1,2,4,1.0,3
201400046017,0014-09-11 19:10:00,14,9,11,19,10,950,574,R D'ERMONT,49.0011,2.2594,Plein jour,En agglomération,Hors intersection,Normale,Autre collision,,,,,,,,,,,1,2,1,1.0,6
201400046018,0014-09-12 17:30:00,14,9,12,17,30,950,219,R DU SYNDICAT,48.9967,2.2527,Plein jour,En agglomération,Hors intersection,Normale,Deux véhicules - arrière,,,,,,,,,,,1,2,1,1.0,2