accident_id,datetime,annee,mois,jour,heure,minute,departement,commune_insee,adresse,latitude,longitude,luminosite,agglomeration,intersection,meteo,collision,nb_vehicules,nb_usagers,nb_indemnes,nb_tues,nb_blesses_hosp,nb_blesses_legers,age_cond_1,age_cond_2,veh_type_cond_1,veh_type_cond_2,lum_code,agg_code,int_code,atm_code,col_code
201400046786,0014-10-23 21:30:00,14,10,23,21,30,770,169,RN104,,,Nuit avec éclairage non allumé,Hors agglomération,Hors intersection,Normale,Deux véhicules - arrière,,,,,,,,,,,4,1,1,1.0,2
201400046787,0014-10-25 00:25:00,14,10,25,0,25,940,46,A86 EXT,48.8125,2.449,Nuit avec éclairage allumé,Hors agglomération,Hors intersection,Normale,Autre collision,,,,,,,,,,,5,1,1,1.0,6
201400046788,0014-10-28 15:00:00,14,10,28,15,0,940,52,A86 INT,48.8432,2.49261,Plein jour,Hors agglomération,Hors intersection,Normale,Deux véhicules - arrière,,,,,,,,,,,1,1,1,1.0,2
201400046789,0014-10-28 17:00:00,14,10,28,17,0,750,112,A4,,,Crépuscule ou aube,Hors agglomération,Hors intersection,Normale,Autre collision,,,,,,,,,,,2,1,1,1.0,6
201400046790,0014-10-28 18:15:00,14,10,28,18,15,940,28,A86 EXT,48.777,2.4391,Nuit avec éclairage non allumé,Hors agglomération,Hors intersection,Normale,Deux véhicules - côté,,,,,,,,,,,4,1,1,1.0,3
201400046791,0014-10-28 23:10:00,14,10,28,23,10,770,169,RN104,,,Nuit avec éclairage non allumé,Hors agglomération,Hors intersection,Normale,Deux véhicules - côté,,,,,,,,,,,4,1,1,1.0,3
201400046792,0014-10-30 19:30:00,14,10,30,19,30,770,53,RN104,,,Nuit sans éclairage public,Hors agglomération,Hors intersection,Normale,Sans collision,,,,,,,,,,,3,1,1,1.0,7
201400046793,0014-10-31 16:30:00,14,10,31,16,30,770,258,A4.W,,,Plein jour,Hors agglomération,Hors intersection,Normale,Deux véhicules - arrière,,,,,,,,,,,1,1,1,1.0,2
201400046794,0014-10-31 16:58:00,14,10,31,16,58,770,294,A104,,,Plein jour,Hors agglomération,Hors intersection,Normale,Autre collision,,,,,,,,,,,1,1,1,1.0,6
201400046795,0014-10-31 18:15:00,14,10,31,18,15,770,121,A4,,,Crépuscule ou aube,Hors agglomération,Hors intersection,Normale,Deux véhicules - côté,,,,,,,,,,,2,1,1,1.0,3
201400046796,0014-11-01 00:45:00,14,11,1,0,45,940,52,A86.EXT,48.8321,2.49209,Nuit avec éclairage allumé,Hors agglomération,Hors intersection,Normale,Sans collision,,,,,,,,,,,5,1,1,1.0,7
201400046797,0014-11-02 03:00:00,14,11,2,3,0,770,121,A104,,,Nuit sans éclairage public,Hors agglomération,Hors intersection,Normale,Autre collision,,,,,,,,,,,3,1,1,1.0,6
201400046798,0014-11-03 00:20:00,14,11,3,0,20,940,74,RN406.Y,48.7677,2.45235,Nuit sans éclairage public,Hors agglomération,Hors intersection,Pluie légère,Deux véhicules - arrière,,,,,,,,,,,3,1,1,2.0,2
201400046799,0014-11-04 06:30:00,14,11,4,6,30,770,146,A4.Y,,,Nuit sans éclairage public,Hors agglomération,Hors intersection,Pluie légère,Deux véhicules - arrière,,,,,,,,,,,3,1,1,2.0,2
201400046800,0014-11-04 08:05:00,14,11,4,8,5,940,28,A86 INT,48.7763,2.43091,Plein jour,Hors agglomération,Hors intersection,Pluie légère,Deux véhicules - arrière,,,,,,,,,,,1,1,1,2.0,2
201400046801,0014-11-05 10:00:00,14,11,5,10,0,750,112,A4,,,Plein jour,Hors agglomération,Hors intersection,Normale,Trois véhicules et plus - collisions multiples,,,,,,,,,,,1,1,1,1.0,5
201400046802,0014-11-06 11:45:00,14,11,6,11,45,940,17,A4,48.8276,2.50724,Plein jour,Hors agglomération,Hors intersection,Normale,Deux véhicules - côté,,,,,,,,,,,1,1,1,1.0,3
201400046803,0014-11-07 00:05:00,14,11,7,0,5,770,373,RN104,,,Nuit sans éclairage public,Hors agglomération,Hors intersection,Normale,Trois véhicules et plus - collisions multiples,,,,,,,,,,,3,1,1,1.0,5
201400046804,0014-11-07 18:45:00,14,11,7,18,45,770,146,A4.Y,,,Nuit sans éclairage public,Hors agglomération,Hors intersection,Normale,Trois véhicules et plus - en chaîne,,,,,,,,,,,3,1,1,1.0,4
201400046805,0014-11-08 07:00:00,14,11,8,7,0,940,28,A86 INT,48.7906,2.44045,Nuit avec éclairage non allumé,Hors agglomération,Hors intersection,Normale,Autre collision,,,,,,,,,,,4,1,1,1.0,6
201400046806,0014-11-08 10:45:00,14,11,8,10,45,940,18,A4,48.8264,2.39165,Plein jour,Hors agglomération,Hors intersection,Normale,Trois véhicules et plus - collisions multiples,,,,,,,,,,,1,1,1,1.0,5
201400046807,0014-11-08 12:45:00,14,11,8,12,45,940,28,RN406.Y,48.7748,2.44391,Plein jour,Hors agglomération,Hors intersection,Normale,Autre collision,,,,,,,,,,,1,1,1,1.0,6
201400046808,0014-11-10 10:20:00,14,11,10,10,20,940,33,A86.INT,48.8562,2.48807,Plein jour,Hors agglomération,Hors intersection,Normale,Trois véhicules et plus - en chaîne,,,,,,,,,,,1,1,1,1.0,4
201400046809,0014-11-12 09:35:00,14,11,12,9,35,930,51,A4,,,Plein jour,Hors agglomération,Hors intersection,Normale,Deux véhicules - arrière,,,,,,,,,,,1,1,1,1.0,2
201400046810,0014-11-12 16:30:00,14,11,12,16,30,940,81,A86 INT,48.7743,2.4091,Plein jour,Hors agglomération,Hors intersection,Normale,Trois véhicules et plus - collisions multiples,,,,,,,,,,,1,1,1,1.0,5
201400046811,0014-11-13 06:18:00,14,11,13,6,18,770,169,A4.Y,48.49509,2.36234,Nuit sans éclairage public,Hors agglomération,Hors intersection,Normale,Trois véhicules et plus - en chaîne,,,,,,,,,,,3,1,1,1.0,4
201400046812,0014-11-13 09:15:00,14,11,13,9,15,770,58,A4,,,Plein jour,Hors agglomération,Hors intersection,Normale,Trois véhicules et plus - en chaîne,,,,,,,,,,,1,1,1,1.0,4
201400046813,0014-11-14 17:30:00,14,11,14,17,30,770,294,A104,,,Nuit sans éclairage public,Hors agglomération,Hors intersection,Pluie légère,Deux véhicules - côté,,,,,,,,,,,3,1,1,2.0,3
201400046814,0014-11-15 03:50:00,14,11,15,3,50,940,17,A4,48.8268,2.5236,Nuit sans éclairage public,Hors agglomération,Hors intersection,Pluie forte,Deux véhicules - arrière,,,,,,,,,,,3,1,1,3.0,2
201400046815,0014-11-16 22:40:00,14,11,16,22,40,940,73,A86 INT,48.7681,2.37869,Nuit avec éclairage allumé,Hors agglomération,Hors intersection,Normale,Autre collision,,,,,,,,,,,5,1,1,1.0,6
201400046816,0014-11-17 08:40:00,14,11,17,8,40,770,372,A104,,,Plein jour,Hors agglomération,Hors intersection,Normale,Trois véhicules et plus - en chaîne,,,,,,,,,,,1,1,1,1.0,4
201400046817,0014-11-18 12:55:00,14,11,18,12,55,940,28,A86 EXT,48.7999,2.44631,Plein jour,Hors agglomération,Hors intersection,Normale,Deux véhicules - côté,,,,,,,,,,,1,1,1,1.0,3
201400046818,0014-11-18 15:52:00,14,11,18,15,52,940,22,A86 INT,48.7765,2.41549,Plein jour,Hors agglomération,Hors intersection,Normale,Trois véhicules et plus - collisions multiples,,,,,,,,,,,1,1,1,1.0,5
201400046819,0014-11-19 10:35:00,14,11,19,10,35,770,514,A104,,,Plein jour,Hors agglomération,Hors intersection,Brouillard / fumée,Deux véhicules - arrière,,,,,,,,,,,1,1,1,5.0,2
201400046820,0014-11-20 07:00:00,14,11,20,7,0,940,17,A4,48.8305,2.4939,Nuit sans éclairage public,Hors agglomération,Hors intersection,Normale,Trois véhicules et plus - collisions multiples,,,,,,,,,,,3,1,1,1.0,5
201400046821,0014-11-20 08:25:00,14,11,20,8,25,770,55,A104,,,Plein jour,Hors agglomération,Hors intersection,Normale,Deux véhicules - côté,,,,,,,,,,,1,1,1,1.0,3
201400046822,0014-11-20 09:20:00,14,11,20,9,20,940,28,A86 INT,48.7761,2.42845,Plein jour,Hors agglomération,Hors intersection,Normale,Deux véhicules - arrière,,,,,,,,,,,1,1,1,1.0,2
201400046823,0014-11-21 18:15:00,14,11,21,18,15,940,15,A4,48.8313,2.53079,Nuit sans éclairage public,Hors agglomération,Hors intersection,Normale,Sans collision,,,,,,,,,,,3,1,1,1.0,7
201400046824,0014-11-21 19:00:00,14,11,21,19,0,940,73,A86 EXT,48.7536,2.37921,Nuit avec éclairage non allumé,Hors agglomération,Hors intersection,Normale,Deux véhicules - côté,,,,,,,,,,,4,1,1,1.0,3
201400046825,0014-11-23 04:50:00,14,11,23,4,50,940,42,A4,48.8285,2.47661,Nuit avec éclairage allumé,Hors agglomération,Hors intersection,Normale,Autre collision,,,,,,,,,,,5,1,1,1.0,6
201400046826,0014-11-24 09:15:00,14,11,24,9,15,940,33,A86.INT,48.849,2.4907,Plein jour,Hors agglomération,Hors intersection,Normale,Trois véhicules et plus - collisions multiples,,,,,,,,,,,1,1,1,1.0,5
201400046827,0014-11-25 04:00:00,14,11,25,4,0,770,122,RN104,,,Nuit sans éclairage public,Hors agglomération,Hors intersection,Normale,Autre collision,,,,,,,,,,,3,1,1,1.0,6
201400046828,0014-11-25 08:30:00,14,11,25,8,30,940,46,A86 EXT,48.8063,2.44887,Plein jour,Hors agglomération,Hors intersection,Normale,Sans collision,,,,,,,,,,,1,1,1,1.0,7
201400046829,0014-11-26 09:00:00,14,11,26,9,0,770,372,A104,,,Plein jour,Hors agglomération,Hors intersection,Normale,Trois véhicules et plus - collisions multiples,,,,,,,,,,,1,1,1,1.0,5
201400046830,0014-11-26 09:15:00,14,11,26,9,15,770,514,A104,,,Plein jour,Hors agglomération,Hors intersection,Normale,Deux véhicules - côté,,,,,,,,,,,1,1,1,1.0,3
201400046831,0014-11-26 19:40:00,14,11,26,19,40,940,69,A4,48.8174,2.43905,Nuit avec éclairage allumé,Hors agglomération,Hors intersection,Normale,Deux véhicules - arrière,,,,,,,,,,,5,1,1,1.0,2
201400046832,0014-11-27 09:15:00,14,11,27,9,15,940,81,A86 EXT,48.7736,2.40192,Plein jour,Hors agglomération,Hors intersection,Normale,Trois véhicules et plus - en chaîne,,,,,,,,,,,1,1,1,1.0,4
201400046833,0014-11-27 15:50:00,14,11,27,15,50,940,69,A4,48.8176,2.4349,Plein jour,Hors agglomération,Hors intersection,Normale,Trois véhicules et plus - en chaîne,,,,,,,,,,,1,1,1,1.0,4
201400046834,0014-11-27 18:30:00,14,11,27,18,30,940,22,A86 EXT,48.7733,2.40088,Nuit sans éclairage public,Hors agglomération,Hors intersection,Normale,Trois véhicules et plus - collisions multiples,,,,,,,,,,,3,1,1,1.0,5
201400046835,0014-11-27 20:00:00,14,11,27,20,0,770,181,A4,,,Nuit sans éclairage public,Hors agglomération,Hors intersection,Normale,Deux véhicules - arrière,,,,,,,,,,,3,1,1,1.0,2
201400046836,0014-11-28 06:00:00,14,11,28,6,0,770,337,A4,,,Nuit sans éclairage public,Hors agglomération,Hors intersection,Normale,Deux véhicules - arrière,,,,,,,,,,,3,1,1,1.0,2
201400046837,0014-11-28 17:35:00,14,11,28,17,35,940,17,A4,48.8265,2.51832,Nuit sans éclairage public,Hors agglomération,Hors intersection,Normale,Deux véhicules - arrière,,,,,,,,,,,3,1,1,1.0,2
201400046838,0014-11-28 18:38:00,14,11,28,18,38,770,294,A104,,,Nuit sans éclairage public,Hors agglomération,Hors intersection,Normale,Trois véhicules et plus - collisions multiples,,,,,,,,,,,3,1,1,1.0,5
201400046839,0014-12-03 19:00:00,14,12,3,19,0,770,258,A4.W,,,Nuit sans éclairage public,Hors agglomération,Hors intersection,Normale,Trois véhicules et plus - en chaîne,,,,,,,,,,,3,1,1,1.0,4
201400046840,0014-12-05 08:50:00,14,12,5,8,50,940,69,A4,48.8166,2.45027,Plein jour,Hors agglomération,Hors intersection,Normale,Sans collision,,,,,,,,,,,1,1,1,1.0,7
201400046841,0014-12-05 21:25:00,14,12,5,21,25,940,73,A86 INT,48.7535,2.37796,Nuit sans éclairage public,Hors agglomération,Hors intersection,Normale,Deux véhicules - arrière,,,,,,,,,,,3,1,1,1.0,2
201400046842,0014-12-07 23:20:00,14,12,7,23,20,940,46,A86 INT,48.8121,2.44884,Nuit sans éclairage public,Hors agglomération,Hors intersection,Pluie forte,Autre collision,,,,,,,,,,,3,1,1,3.0,6
201400046843,0014-12-08 09:00:00,14,12,8,9,0,940,17,A4,48.829,2.50051,Plein jour,Hors agglomération,Hors intersection,Normale,Deux véhicules - côté,,,,,,,,,,,1,1,1,1.0,3
201400046844,0014-12-08 12:50:00,14,12,8,12,50,770,438,A104,,,Plein jour,Hors agglomération,Hors intersection,Pluie légère,Deux véhicules - arrière,,,,,,,,,,,1,1,1,2.0,2
201400046845,0014-12-09 17:15:00,14,12,9,17,15,940,28,A86 EXT,48.8,2.44641,Nuit sans éclairage public,Hors agglomération,Hors intersection,Normale,Trois véhicules et plus - en chaîne,,,,,,,,,,,3,1,1,1.0,4
201400046846,0014-12-10 07:30:00,14,12,10,7,30,750,112,A4,,,Nuit avec éclairage allumé,Hors agglomération,Hors intersection,Pluie légère,Sans collision,,,,,,,,,,,5,1,1,2.0,7
201400046847,0014-12-10 18:45:00,14,12,10,18,45,770,294,A104,,,Nuit sans éclairage public,Hors agglomération,Hors intersection,Pluie légère,Sans collision,,,,,,,,,,,3,1,1,2.0,7
201400046848,0014-12-11 07:45:00,14,12,11,7,45,940,69,A4,48.8175,2.41947,Crépuscule ou aube,Hors agglomération,Hors intersection,Normale,Deux véhicules - arrière,,,,,,,,,,,2,1,1,1.0,2
201400046849,0014-12-11 09:30:00,14,12,11,9,30,770,514,A104,,,Plein jour,Hors agglomération,Hors intersection,Pluie légère,Deux véhicules - côté,,,,,,,,,,,1,1,1,2.0,3
201400046850,0014-12-12 05:40:00,14,12,12,5,40,940,15,A4,48.8305,2.53003,Nuit sans éclairage public,Hors agglomération,Hors intersection,Pluie légère,Trois véhicules et plus - collisions multiples,,,,,,,,,,,3,1,1,2.0,5
201400046851,0014-12-12 17:40:00,14,12,12,17,40,940,18,A4,48.8191,2.40703,Nuit sans éclairage public,Hors agglomération,Hors intersection,Pluie légère,Deux véhicules - arrière,,,,,,,,,,,3,1,1,2.0,2
201400046852,0014-12-12 18:00:00,14,12,12,18,0,940,79,A4,48.8289,2.52794,Nuit sans éclairage public,Hors agglomération,Hors intersection,Normale,Sans collision,,,,,,,,,,,3,1,1,1.0,7
201400046853,0014-12-12 18:50:00,14,12,12,18,50,770,237,A4,,,Nuit sans éclairage public,Hors agglomération,Hors intersection,Pluie légère,Deux véhicules - arrière,,,,,,,,,,,3,1,1,2.0,2
201400046854,0014-12-13 04:10:00,14,12,13,4,10,940,42,A4,48.8286,2.47617,Nuit avec éclairage allumé,Hors agglomération,Hors intersection,Normale,Deux véhicules - côté,,,,,,,,,,,5,1,1,1.0,3
201400046855,0014-12-13 11:50:00,14,12,13,11,50,940,73,A86 INT,48.7676,2.37853,Plein jour,Hors agglomération,Hors intersection,Pluie légère,Trois véhicules et plus - collisions multiples,,,,,,,,,,,1,1,1,2.0,5
201400046856,0014-12-13 16:45:00,14,12,13,16,45,770,514,A104,,,Nuit sans éclairage public,Hors agglomération,Hors intersection,Pluie légère,Deux véhicules - arrière,,,,,,,,,,,3,1,1,2.0,2
201400046857,0014-12-13 16:45:00,14,12,13,16,45,940,69,A4,48.8173,2.42642,Plein jour,Hors agglomération,Hors intersection,Pluie légère,Sans collision,,,,,,,,,,,1,1,1,2.0,7
201400046858,0014-12-15 09:10:00,14,12,15,9,10,770,58,A4,,,Plein jour,Hors agglomération,Hors intersection,Pluie légère,Deux véhicules - arrière,,,,,,,,,,,1,1,1,2.0,2
201400046859,0014-12-15 14:20:00,14,12,15,14,20,940,52,A86 INT,48.8418,2.49269,Plein jour,Hors agglomération,Hors intersection,Normale,Deux véhicules - arrière,,,,,,,,,,,1,1,1,1.0,2
201400046860,0014-12-15 22:20:00,14,12,15,22,20,750,112,A4,,,Nuit avec éclairage allumé,Hors agglomération,Hors intersection,Normale,Autre collision,,,,,,,,,,,5,1,1,1.0,6
201400046861,0014-12-16 07:50:00,14,12,16,7,50,940,69,A4,48.8172,2.44334,Plein jour,Hors agglomération,Hors intersection,Pluie légère,Trois véhicules et plus - collisions multiples,,,,,,,,,,,1,1,1,2.0,5
201400046862,0014-12-16 08:02:00,14,12,16,8,2,940,73,A86 INT,48.7686,2.37887,Crépuscule ou aube,Hors agglomération,Hors intersection,Pluie légère,Sans collision,,,,,,,,,,,2,1,1,2.0,7
201400046863,0014-12-16 09:00:00,14,12,16,9,0,940,79,A4,48.836,2.54012,Plein jour,Hors agglomération,Hors intersection,Pluie légère,Deux véhicules - côté,,,,,,,,,,,1,1,1,2.0,3
201400046864,0014-12-17 13:10:00,14,12,17,13,10,940,46,A86 INT,48.8099,2.44885,Plein jour,Hors agglomération,Hors intersection,Pluie légère,Trois véhicules et plus - collisions multiples,,,,,,,,,,,1,1,1,2.0,5
201400046865,0014-12-17 17:00:00,14,12,17,17,0,940,73,A86 INT,48.7702,2.38206,Nuit sans éclairage public,Hors agglomération,Hors intersection,Pluie légère,Deux véhicules - arrière,,,,,,,,,,,3,1,1,2.0,2
201400046866,0014-12-18 05:45:00,14,12,18,5,45,940,69,A4,48.8174,2.42782,Nuit sans éclairage public,Hors agglomération,Hors intersection,Pluie légère,Trois véhicules et plus - collisions multiples,,,,,,,,,,,3,1,1,2.0,5
201400046867,0014-12-18 13:10:00,14,12,18,13,10,940,17,A4,48.827,2.51136,Plein jour,Hors agglomération,Hors intersection,Normale,Trois véhicules et plus - en chaîne,,,,,,,,,,,1,1,1,1.0,4
201400046868,0014-12-12 05:00:00,14,12,12,5,0,940,69,A4,48.8173,2.42929,Nuit avec éclairage allumé,Hors agglomération,Hors intersection,Normale,Deux véhicules - arrière,,,,,,,,,,,5,1,1,1.0,2
201400046869,0014-12-19 08:29:00,14,12,19,8,29,770,294,A104,,,Crépuscule ou aube,Hors agglomération,Hors intersection,Normale,Sans collision,,,,,,,,,,,2,1,1,1.0,7
201400046870,0014-12-19 18:30:00,14,12,19,18,30,940,81,A86 EXT,48.774,2.40505,Nuit sans éclairage public,Hors agglomération,Hors intersection,Normale,Deux véhicules - côté,,,,,,,,,,,3,1,1,1.0,3
201400046871,0014-12-20 01:10:00,14,12,20,1,10,940,81,A86 EXT,48.7734,2.40301,Nuit sans éclairage public,Hors agglomération,Hors intersection,Normale,Trois véhicules et plus - collisions multiples,,,,,,,,,,,3,1,1,1.0,5
201400046872,0014-12-21 17:30:00,14,12,21,17,30,770,258,A4.Y,,,Nuit sans éclairage public,Hors agglomération,Autre intersection,Normale,Sans collision,,,,,,,,,,,3,1,9,1.0,7
201400046873,0014-12-22 18:00:00,14,12,22,18,0,770,258,A4.W,,,Nuit avec éclairage allumé,Hors agglomération,Hors intersection,Pluie légère,Trois véhicules et plus - en chaîne,,,,,,,,,,,5,1,1,2.0,4
201400046874,0014-12-25 06:30:00,14,12,25,6,30,770,237,A4,,,Nuit sans éclairage public,Hors agglomération,Hors intersection,Normale,Autre collision,,,,,,,,,,,3,1,1,1.0,6
201400046875,0014-12-27 05:15:00,14,12,27,5,15,940,73,A86 INT,48.7686,2.37893,Nuit sans éclairage public,Hors agglomération,Hors intersection,Normale,Autre collision,,,,,,,,,,,3,1,1,1.0,6
201400046876,0014-12-27 11:50:00,14,12,27,11,50,770,337,A4,,,Plein jour,Hors agglomération,Hors intersection,Pluie légère,Autre collision,,,,,,,,,,,1,1,1,2.0,6
201400046877,0014-12-28 08:45:00,14,12,28,8,45,770,468,A104,,,Crépuscule ou aube,Hors agglomération,Hors intersection,Normale,Sans collision,,,,,,,,,,,2,1,1,1.0,7
201400046878,0014-12-29 18:20:00,14,12,29,18,20,940,69,A4,48.8165,2.45289,Nuit sans éclairage public,Hors agglomération,Hors intersection,Normale,Sans collision,,,,,,,,,,,3,1,1,1.0,7
201400046879,0014-01-29 06:20:00,14,1,29,6,20,930,7,AUTOROUTE A1,48.9436,2.43541,Nuit sans éclairage public,Hors agglomération,Hors intersection,Pluie légère,Deux véhicules - arrière,,,,,,,,,,,3,1,1,2.0,2
201400046880,0014-01-01 00:01:00,14,1,1,0,1,930,53,AUTOROUTE A3,48.882,2.45521,Nuit sans éclairage public,Hors agglomération,Hors intersection,Normale,Trois véhicules et plus - collisions multiples,,,,,,,,,,,3,1,1,1.0,5
201400046881,0014-01-01 00:23:00,14,1,1,0,23,930,5,AUTOROUTE A104,48.9731,2.48519,Nuit sans éclairage public,Hors agglomération,Hors intersection,Pluie légère,Sans collision,,,,,,,,,,,3,1,1,2.0,7
201400046882,0014-01-01 02:40:00,14,1,1,2,40,920,36,AUTOROUTE A15,,,Nuit avec éclairage non allumé,Hors agglomération,Hors intersection,Normale,Deux véhicules - arrière,,,,,,,,,,,4,1,1,1.0,2
201400046883,0014-01-01 02:40:00,14,1,1,2,40,930,66,AUTOROUTE A1,48.9238,2.35723,Nuit avec éclairage non allumé,Hors agglomération,Hors intersection,Pluie légère,Deux véhicules - arrière,,,,,,,,,,,4,1,1,2.0,2
201400046884,0014-01-01 06:00:00,14,1,1,6,0,930,10,AUTOROUTE A3,48.8895,2.47391,Nuit avec éclairage non allumé,Hors agglomération,Hors intersection,Normale,Sans collision,,,,,,,,,,,4,1,1,1.0,7
201400046885,0014-01-02 08:40:00,14,1,2,8,40,930,27,AUTOROUTE A86,48.9221,2.37848,Plein jour,Hors agglomération,Hors intersection,Normale,Autre collision,,,,,,,,,,,1,1,1,1.0,6
201400046886,0014-01-02 11:00:00,14,1,2,11,0,950,18,A15,,,Plein jour,Hors agglomération,Hors intersection,Normale,Deux véhicules - arrière,,,,,,,,,,,1,1,1,1.0,2
201400046887,0014-01-02 09:30:00,14,1,2,9,30,950,394,A115,,,Plein jour,Hors agglomération,Hors intersection,Normale,Autre collision,,,,,,,,,,,1,1,1,1.0,6
201400046888,0014-01-02 10:00:00,14,1,2,10,0,950,582,RD 170,48.9635,2.2667,Plein jour,Hors agglomération,Hors intersection,Pluie légère,Autre collision,,,,,,,,,,,1,1,1,2.0,6
201400046889,0014-01-03 07:45:00,14,1,3,7,45,950,678,ROUTE NATIONALE 184,,,Nuit sans éclairage public,Hors agglomération,Hors intersection,Normale,Deux véhicules - arrière,,,,,,,,,,,3,1,1,1.0,2
201400046890,0014-01-03 09:00:00,14,1,3,9,0,930,5,AUTOROUTE A1,48.9588,2.46498,Plein jour,Hors agglomération,Hors intersection,Normale,Deux véhicules - côté,,,,,,,,,,,1,1,1,1.0,3
201400046891,0014-01-03 17:30:00,14,1,3,17,30,950,394,A115,,,Crépuscule ou aube,Hors agglomération,Hors intersection,Pluie légère,Autre collision,,,,,,,,,,,2,1,1,2.0,6
201400046892,0014-01-04 20:15:00,14,1,4,20,15,930,64,AUTOROUTE A86,,,Crépuscule ou aube,Hors agglomération,Hors intersection,Normale,Deux véhicules - côté,,,,,,,,,,,2,1,1,1.0,3
201400046893,0014-01-05 07:55:00,14,1,5,7,55,950,572,ROUTE NATIONALE 184,,,Plein jour,Hors agglomération,Hors intersection,Pluie légère,Autre collision,,,,,,,,,,,1,1,1,2.0,6
201400046894,0014-01-06 09:30:00,14,1,6,9,30,950,154,AUTOROUTE A1,,,Plein jour,Hors agglomération,Hors intersection,Normale,Deux véhicules - côté,,,,,,,,,,,1,1,1,1.0,3
201400046895,0014-01-06 20:45:00,14,1,6,20,45,950,641,A1,,,Nuit avec éclairage non allumé,Hors agglomération,Hors intersection,Normale,Autre collision,,,,,,,,,,,4,1,1,1.0,6
201400046896,0014-01-07 12:30:00,14,1,7,12,30,930,5,AUTOROUTE A3,48.9467,2.47628,Plein jour,Hors agglomération,Hors intersection,Normale,Trois véhicules et plus - en chaîne,,,,,,,,,,,1,1,1,1.0,4
201400046897,0014-01-08 07:00:00,14,1,8,7,0,930,53,AUTOROUTE A86,48.8893,2.47362,Nuit sans éclairage public,Hors agglomération,Hors intersection,Normale,Autre collision,,,,,,,,,,,3,1,1,1.0,6
201400046898,0014-01-08 21:50:00,14,1,8,21,50,930,64,AUTOROUTE A86,48.8681,2.48216,Nuit avec éclairage non allumé,Hors agglomération,Hors intersection,Normale,Autre collision,,,,,,,,,,,4,1,1,1.0,6
201400046899,0014-01-09 07:00:00,14,1,9,7,0,930,63,AUTOROUTE A3,48.8763,2.44214,Nuit sans éclairage public,Hors agglomération,Hors intersection,Normale,Sans collision,,,,,,,,,,,3,1,1,1.0,7
201400046900,0014-01-10 09:55:00,14,1,10,9,55,950,394,ROUTE NATIONALE 184,,,Plein jour,Hors agglomération,Hors intersection,Normale,Autre collision,,,,,,,,,,,1,1,1,1.0,6
201400046901,0014-01-10 23:50:00,14,1,10,23,50,930,48,AUTOROUTE A86,48.8681,2.48216,Nuit sans éclairage public,Hors agglomération,Hors intersection,Normale,Deux véhicules - côté,,,,,,,,,,,3,1,1,1.0,3
201400046902,0014-01-11 08:05:00,14,1,11,8,5,930,5,AUTOROUTE A104,48.9728,2.48498,Plein jour,Hors agglomération,Hors intersection,Pluie légère,Deux véhicules - côté,,,,,,,,,,,1,1,1,2.0,3
201400046903,0014-01-11 09:40:00,14,1,11,9,40,930,78,AUTOROUTE A104,48.9651,2.51829,Plein jour,Hors agglomération,Hors intersection,Pluie légère,Autre collision,,,,,,,,,,,1,1,1,2.0,6
201400046904,0014-01-11 11:57:00,14,1,11,11,57,930,5,AUTOROUTE A104,48.9728,2.48498,Plein jour,Hors agglomération,Hors intersection,Pluie légère,Deux véhicules - côté,,,,,,,,,,,1,1,1,2.0,3
201400046905,0014-01-11 17:30:00,14,1,11,17,30,950,252,AUTOROUTE A15,,,Nuit sans éclairage public,Hors agglomération,Hors intersection,Normale,Trois véhicules et plus - collisions multiples,,,,,,,,,,,3,1,1,1.0,5
201400046906,0014-01-12 04:05:00,14,1,12,4,5,950,28,RN 104,,,Nuit avec éclairage non allumé,Hors agglomération,Hors intersection,Brouillard / fumée,Autre collision,,,,,,,,,,,4,1,1,5.0,6
201400046907,0014-01-13 09:39:00,14,1,13,9,39,930,66,AUTOROUTE A1,48.922,2.35734,Plein jour,Hors agglomération,Hors intersection,Normale,Deux véhicules - arrière,,,,,,,,,,,1,1,1,1.0,2
201400046908,0014-01-13 15:30:00,14,1,13,15,30,950,394,A115,,,Plein jour,Hors agglomération,Hors intersection,Normale,Autre collision,,,,,,,,,,,1,1,1,1.0,6
201400046909,0014-01-14 10:00:00,14,1,14,10,0,950,527,A3,,,Plein jour,Hors agglomération,Hors intersection,Temps couvert,Autre collision,,,,,,,,,,,1,1,1,8.0,6
201400046910,0014-01-14 10:57:00,14,1,14,10,57,930,27,AUTOROUTE A1,48.9345,2.39758,Plein jour,Hors agglomération,Hors intersection,Pluie légère,Autre collision,,,,,,,,,,,1,1,1,2.0,6
201400046911,0014-01-14 12:00:00,14,1,14,12,0,950,491,A115,,,Plein jour,Hors agglomération,Hors intersection,Normale,Autre collision,,,,,,,,,,,1,1,1,1.0,6
201400046912,0014-01-14 13:15:00,14,1,14,13,15,950,527,A3,,,Plein jour,Hors agglomération,Hors intersection,Normale,Autre collision,,,,,,,,,,,1,1,1,1.0,6