accident_id,datetime,annee,mois,jour,heure,minute,departement,commune_insee,adresse,latitude,longitude,luminosite,agglomeration,intersection,meteo,collision,nb_vehicules,nb_usagers,nb_indemnes,nb_tues,nb_blesses_hosp,nb_blesses_legers,age_cond_1,age_cond_2,veh_type_cond_1,veh_type_cond_2,lum_code,agg_code,int_code,atm_code,col_code
201400046913,0014-01-15 17:20:00,14,1,15,17,20,950,252,A15,,,Crépuscule ou aube,Hors agglomération,Hors intersection,Pluie légère,Trois véhicules et plus - en chaîne,,,,,,,,,,,2,1,1,2.0,4
201400046914,0014-01-15 18:25:00,14,1,15,18,25,920,36,AUTOROUTE A86,,,Nuit sans éclairage public,Hors agglomération,Hors intersection,Normale,Deux véhicules - arrière,,,,,,,,,,,3,1,1,1.0,2
201400046915,0014-01-15 20:00:00,14,1,15,20,0,950,572,ROUTE NATIONALE 184,,,Nuit sans éclairage public,Hors agglomération,Hors intersection,Pluie légère,Deux véhicules - côté,,,,,,,,,,,3,1,1,2.0,3
201400046916,0014-01-16 08:15:00,14,1,16,8,15,930,5,AUTOROUTE A3,48.9459,2.4766,Plein jour,Hors agglomération,Hors intersection,Pluie légère,Trois véhicules et plus - en chaîne,,,,,,,,,,,1,1,1,2.0,4
201400046917,0014-01-16 13:00:00,14,1,16,13,0,930,27,AUTOROUTE A1,48.9358,2.40348,Plein jour,Hors agglomération,Hors intersection,Normale,Autre collision,,,,,,,,,,,1,1,1,1.0,6
201400046918,0014-01-16 14:10:00,14,1,16,14,10,930,53,AUTOROUTE A103,48.9097,2.35828,Plein jour,Hors agglomération,Hors intersection,Normale,Sans collision,,,,,,,,,,,1,1,1,1.0,7
201400046919,0014-01-16 17:35:00,14,1,16,17,35,930,66,AUTOROUTE A1,48.9103,2.35806,Nuit avec éclairage allumé,Hors agglomération,Hors intersection,Normale,Deux véhicules - arrière,,,,,,,,,,,5,1,1,1.0,2
201400046920,0014-01-16 20:40:00,14,1,16,20,40,950,277,A1,,,Nuit sans éclairage public,Hors agglomération,Hors intersection,Normale,Deux véhicules - arrière,,,,,,,,,,,3,1,1,1.0,2
201400046921,0014-01-17 01:30:00,14,1,17,1,30,950,580,A1,,,Nuit avec éclairage non allumé,Hors agglomération,Hors intersection,Normale,Deux véhicules - arrière,,,,,,,,,,,4,1,1,1.0,2
201400046922,0014-01-18 18:45:00,14,1,18,18,45,930,78,AUTOROUTE A104,48.9682,2.50886,Nuit avec éclairage non allumé,Hors agglomération,Hors intersection,Normale,Trois véhicules et plus - en chaîne,,,,,,,,,,,4,1,1,1.0,4
201400046923,0014-01-18 19:45:00,14,1,18,19,45,950,252,A15,,,Nuit sans éclairage public,Hors agglomération,Hors intersection,Normale,Trois véhicules et plus - en chaîne,,,,,,,,,,,3,1,1,1.0,4
201400046924,0014-01-19 17:45:00,14,1,19,17,45,950,252,A15,,,Nuit sans éclairage public,Hors agglomération,Hors intersection,Normale,Deux véhicules - côté,,,,,,,,,,,3,1,1,1.0,3
201400046925,0014-01-20 18:30:00,14,1,20,18,30,950,28,RN 104,,,Nuit sans éclairage public,Hors agglomération,Hors intersection,Normale,Deux véhicules - côté,,,,,,,,,,,3,1,1,1.0,3
201400046926,0014-01-21 09:30:00,14,1,21,9,30,950,582,A115,,,Plein jour,Hors agglomération,Hors intersection,Pluie légère,Sans collision,,,,,,,,,,,1,1,1,2.0,7
201400046927,0014-01-21 17:45:00,14,1,21,17,45,920,78,AUTOROUTE A86,,,Nuit sans éclairage public,Hors agglomération,Hors intersection,Normale,Deux véhicules - côté,,,,,,,,,,,3,1,1,1.0,3
201400046928,0014-01-23 09:15:00,14,1,23,9,15,920,36,AUTOROUTE A15,,,Plein jour,Hors agglomération,Hors intersection,Pluie légère,Sans collision,,,,,,,,,,,1,1,1,2.0,7
201400046929,0014-01-23 09:30:00,14,1,23,9,30,920,36,AUTOROUTE A15,,,Plein jour,Hors agglomération,Hors intersection,Normale,Autre collision,,,,,,,,,,,1,1,1,1.0,6
201400046930,0014-01-23 10:10:00,14,1,23,10,10,930,6,AUTOROUTE A3,48.868,2.42761,Plein jour,Hors agglomération,Hors intersection,Normale,Autre collision,,,,,,,,,,,1,1,1,1.0,6
201400046931,0014-01-23 16:00:00,14,1,23,16,0,930,5,AUTOROUTE A3,48.96,2.47345,Crépuscule ou aube,Hors agglomération,Hors intersection,Pluie légère,Trois véhicules et plus - collisions multiples,,,,,,,,,,,2,1,1,2.0,5
201400046932,0014-01-24 05:01:00,14,1,24,5,1,930,53,AUTOROUTE A3,48.8835,2.45873,Nuit sans éclairage public,Hors agglomération,Hors intersection,Normale,Autre collision,,,,,,,,,,,3,1,1,1.0,6
201400046933,0014-01-24 13:30:00,14,1,24,13,30,950,488,A15,,,Plein jour,Hors agglomération,Hors intersection,Normale,Autre collision,,,,,,,,,,,1,1,1,1.0,6
201400046934,0014-01-25 01:35:00,14,1,25,1,35,930,6,AUTOROUTE A3,48.8663,2.41456,Nuit avec éclairage non allumé,Hors agglomération,Hors intersection,Normale,Deux véhicules - arrière,,,,,,,,,,,4,1,1,1.0,2
201400046935,0014-01-27 19:50:00,14,1,27,19,50,930,10,AUTOROUTE A3,,,Nuit sans éclairage public,Hors agglomération,Hors intersection,Normale,Autre collision,,,,,,,,,,,3,1,1,1.0,6
201400046936,0014-01-29 14:00:00,14,1,29,14,0,950,500,A15,,,Plein jour,Hors agglomération,Hors intersection,Pluie légère,Autre collision,,,,,,,,,,,1,1,1,2.0,6
201400046937,0014-01-29 17:55:00,14,1,29,17,55,930,48,AUTOROUTE A86,48.8682,2.482,Crépuscule ou aube,Hors agglomération,Hors intersection,Normale,Deux véhicules - arrière,,,,,,,,,,,2,1,1,1.0,2
201400046938,0014-01-29 18:00:00,14,1,29,18,0,950,28,RN 104,,,Nuit sans éclairage public,Hors agglomération,Hors intersection,Pluie légère,Autre collision,,,,,,,,,,,3,1,1,2.0,6
201400046939,0014-01-30 04:00:00,14,1,30,4,0,930,53,AUTOROUTE A103,48.9061,2.35855,Nuit avec éclairage non allumé,Hors agglomération,Hors intersection,Normale,Sans collision,,,,,,,,,,,4,1,1,1.0,7
201400046940,0014-01-30 10:30:00,14,1,30,10,30,950,28,RN 104,,,Plein jour,Hors agglomération,Hors intersection,Pluie forte,Autre collision,,,,,,,,,,,1,1,1,3.0,6
201400046941,0014-01-30 15:35:00,14,1,30,15,35,930,66,AUTOROUTE A1,48.919,2.35742,Plein jour,Hors agglomération,Hors intersection,Normale,Deux véhicules - côté,,,,,,,,,,,1,1,1,1.0,3
201400046942,0014-01-30 19:15:00,14,1,30,19,15,950,572,ROUTE NATIONALE 184,,,Nuit avec éclairage allumé,Hors agglomération,Hors intersection,Normale,Autre collision,,,,,,,,,,,5,1,1,1.0,6
201400046943,0014-01-31 06:50:00,14,1,31,6,50,930,8,AUTOROUTE A86,48.9167,2.42953,Nuit sans éclairage public,Hors agglomération,Hors intersection,Normale,Deux véhicules - arrière,,,,,,,,,,,3,1,1,1.0,2
201400046944,0014-01-31 12:45:00,14,1,31,12,45,930,66,AUTOROUTE A1,48.9202,2.3575,Plein jour,Hors agglomération,Hors intersection,Normale,Deux véhicules - arrière,,,,,,,,,,,1,1,1,1.0,2
201400046945,0014-01-31 17:35:00,14,1,31,17,35,920,36,AUTOROUTE A86,,,Nuit sans éclairage public,Hors agglomération,Hors intersection,Normale,Trois véhicules et plus - en chaîne,,,,,,,,,,,3,1,1,1.0,4
201400046946,0014-03-05 08:50:00,14,3,5,8,50,930,27,AUTOROUTE A1,48.9372,2.40984,Plein jour,Hors agglomération,Hors intersection,Normale,Deux véhicules - arrière,,,,,,,,,,,1,1,1,1.0,2
201400046947,0014-02-01 03:00:00,14,2,1,3,0,600,612,,,,Nuit avec éclairage allumé,Hors agglomération,Hors intersection,Pluie forte,Deux véhicules - arrière,,,,,,,,,,,5,1,1,3.0,2
201400046948,0014-02-01 08:50:00,14,2,1,8,50,950,277,AUTOROUTE A104,,,Plein jour,Hors agglomération,Hors intersection,Pluie légère,Autre collision,,,,,,,,,,,1,1,1,2.0,6
201400046949,0014-02-01 09:20:00,14,2,1,9,20,950,500,A15,,,Plein jour,Hors agglomération,Hors intersection,Pluie forte,Autre collision,,,,,,,,,,,1,1,1,3.0,6
201400046950,0014-02-01 10:30:00,14,2,1,10,30,930,27,AUTOROUTE A86,48.9234,2.38362,Plein jour,Hors agglomération,Hors intersection,Pluie légère,Autre collision,,,,,,,,,,,1,1,1,2.0,6
201400046951,0014-02-01 11:10:00,14,2,1,11,10,930,53,AUTOROUTE A3,48.8837,2.46726,Plein jour,Hors agglomération,Hors intersection,Normale,Deux véhicules - arrière,,,,,,,,,,,1,1,1,1.0,2
201400046952,0014-02-01 11:35:00,14,2,1,11,35,930,5,AUTOROUTE A3,48.9647,2.47429,Plein jour,Hors agglomération,Hors intersection,Normale,Trois véhicules et plus - collisions multiples,,,,,,,,,,,1,1,1,1.0,5
201400046953,0014-02-01 17:20:00,14,2,1,17,20,930,53,AUTOROUTE A3,48.8835,2.45834,Plein jour,Hors agglomération,Hors intersection,Normale,Trois véhicules et plus - en chaîne,,,,,,,,,,,1,1,1,1.0,4
201400046954,0014-02-02 01:45:00,14,2,2,1,45,950,18,A15,,,Nuit sans éclairage public,Hors agglomération,Hors intersection,Normale,Deux véhicules - arrière,,,,,,,,,,,3,1,1,1.0,2
201400046955,0014-02-02 13:15:00,14,2,2,13,15,930,78,AUTOROUTE A104,48.9602,2.54012,Plein jour,Hors agglomération,Hors intersection,Normale,Deux véhicules - frontale,,,,,,,,,,,1,1,1,1.0,1
201400046956,0014-02-02 22:45:00,14,2,2,22,45,930,5,AUTOROUTE A3,48.9639,2.47479,Nuit avec éclairage non allumé,Hors agglomération,Hors intersection,Normale,Autre collision,,,,,,,,,,,4,1,1,1.0,6
201400046957,0014-02-04 15:00:00,14,2,4,15,0,930,48,AUTOROUTE A3,48.8731,2.43592,Plein jour,Hors agglomération,Hors intersection,Normale,Deux véhicules - côté,,,,,,,,,,,1,1,1,1.0,3
201400046958,0014-02-05 02:05:00,14,2,5,2,5,930,66,AUTOROUTE A1,48.9157,2.35765,Nuit avec éclairage allumé,Hors agglomération,Hors intersection,Normale,Autre collision,,,,,,,,,,,5,1,1,1.0,6
201400046959,0014-02-05 03:25:00,14,2,5,3,25,950,580,A1,,,Nuit sans éclairage public,Hors agglomération,Hors intersection,Pluie forte,Deux véhicules - arrière,,,,,,,,,,,3,1,1,3.0,2
201400046960,0014-02-05 08:08:00,14,2,5,8,8,930,48,AUTOROUTE A3,48.8731,2.43592,Crépuscule ou aube,Hors agglomération,Hors intersection,Normale,Deux véhicules - arrière,,,,,,,,,,,2,1,1,1.0,2
201400046961,0014-02-06 00:05:00,14,2,6,0,5,950,572,AUTOROUTE A15,,,Nuit sans éclairage public,Hors agglomération,Hors intersection,Normale,Autre collision,,,,,,,,,,,3,1,1,1.0,6
201400046962,0014-02-08 13:30:00,14,2,8,13,30,950,394,AUTOROUTE A115,,,Plein jour,Hors agglomération,Hors intersection,Pluie légère,Autre collision,,,,,,,,,,,1,1,1,2.0,6
201400046963,0014-02-09 13:25:00,14,2,9,13,25,930,66,AUTOROUTE A1,48.9103,2.35824,Plein jour,Hors agglomération,Hors intersection,Normale,Trois véhicules et plus - en chaîne,,,,,,,,,,,1,1,1,1.0,4
201400046964,0014-02-09 14:25:00,14,2,9,14,25,950,351,RN 104,,,Plein jour,Hors agglomération,Hors intersection,Normale,Autre collision,,,,,,,,,,,1,1,1,1.0,6
201400046965,0014-02-09 19:40:00,14,2,9,19,40,920,36,AUTOROUTE A15,,,Nuit sans éclairage public,Hors agglomération,Hors intersection,Normale,Trois véhicules et plus - en chaîne,,,,,,,,,,,3,1,1,1.0,4
201400046966,0014-02-09 21:40:00,14,2,9,21,40,930,78,AUTOROUTE A104,48.958,2.53089,Nuit avec éclairage non allumé,Hors agglomération,Hors intersection,Normale,Deux véhicules - arrière,,,,,,,,,,,4,1,1,1.0,2
201400046967,0014-02-07 10:30:00,14,2,7,10,30,930,53,AUTOROUTE A3,48.8835,2.45834,Plein jour,Hors agglomération,Hors intersection,Normale,Deux véhicules - côté,,,,,,,,,,,1,1,1,1.0,3
201400046968,0014-02-07 12:00:00,14,2,7,12,0,930,64,AUTOROUTE A86,48.8789,2.47622,Plein jour,Hors agglomération,Hors intersection,Normale,Deux véhicules - arrière,,,,,,,,,,,1,1,1,1.0,2
201400046969,0014-02-07 16:50:00,14,2,7,16,50,930,30,AUTOROUTE A1,48.9391,2.41827,Plein jour,Hors agglomération,Hors intersection,Normale,Trois véhicules et plus - en chaîne,,,,,,,,,,,1,1,1,1.0,4
201400046970,0014-02-10 13:40:00,14,2,10,13,40,930,73,AUTOROUTE A104,48.9677,2.56311,Plein jour,Hors agglomération,Hors intersection,Normale,Sans collision,,,,,,,,,,,1,1,1,1.0,7
201400046971,0014-02-10 17:30:00,14,2,10,17,30,950,61,RN 104,,,Plein jour,Hors agglomération,Hors intersection,Normale,Autre collision,,,,,,,,,,,1,1,1,1.0,6
201400046972,0014-02-10 19:10:00,14,2,10,19,10,950,394,ROUTE NATIONALE 184,,,Nuit sans éclairage public,Hors agglomération,Hors intersection,Normale,Autre collision,,,,,,,,,,,3,1,1,1.0,6
201400046973,0014-02-11 08:00:00,14,2,11,8,0,920,36,AUTOROUTE A15,,,Plein jour,Hors agglomération,Hors intersection,Normale,Sans collision,,,,,,,,,,,1,1,1,1.0,7
201400046974,0014-02-11 10:00:00,14,2,11,10,0,930,53,AUTOROUTE A103,48.9088,2.35836,Plein jour,Hors agglomération,Hors intersection,Normale,Sans collision,,,,,,,,,,,1,1,1,1.0,7
201400046975,0014-02-11 17:50:00,14,2,11,17,50,930,64,AUTOROUTE A86,48.8709,2.4822,Nuit avec éclairage non allumé,Hors agglomération,Hors intersection,Pluie légère,Sans collision,,,,,,,,,,,4,1,1,2.0,7
201400046976,0014-02-11 22:20:00,14,2,11,22,20,950,572,AUTOROUTE A15,,,Nuit avec éclairage allumé,Hors agglomération,Hors intersection,Pluie légère,Autre collision,,,,,,,,,,,5,1,1,2.0,6
201400046977,0014-02-11 23:40:00,14,2,11,23,40,950,491,AUTOROUTE A115,,,Nuit sans éclairage public,Hors agglomération,Hors intersection,Normale,Autre collision,,,,,,,,,,,3,1,1,1.0,6
201400046978,0014-02-12 06:05:00,14,2,12,6,5,930,27,AUTOROUTE A86,48.9278,2.41018,Nuit sans éclairage public,Hors agglomération,Hors intersection,Normale,Deux véhicules - côté,,,,,,,,,,,3,1,1,1.0,3
201400046979,0014-02-12 10:00:00,14,2,12,10,0,950,241,RN 104,,,Plein jour,Hors agglomération,Hors intersection,Normale,Deux véhicules - arrière,,,,,,,,,,,1,1,1,1.0,2
201400046980,0014-02-13 10:30:00,14,2,13,10,30,950,18,AUTOROUTE A15,,,Plein jour,Hors agglomération,Hors intersection,Normale,Trois véhicules et plus - en chaîne,,,,,,,,,,,1,1,1,1.0,4
201400046981,0014-02-13 14:30:00,14,2,13,14,30,950,306,AUTOROUTE A15,,,Plein jour,Hors agglomération,Hors intersection,Pluie légère,Trois véhicules et plus - en chaîne,,,,,,,,,,,1,1,1,2.0,4
201400046982,0014-02-13 17:30:00,14,2,13,17,30,950,394,ROUTE NATIONALE 184,,,Plein jour,Hors agglomération,Hors intersection,Normale,Deux véhicules - arrière,,,,,,,,,,,1,1,1,1.0,2
201400046983,0014-02-14 06:50:00,14,2,14,6,50,950,488,AUTOROUTE A15,,,Nuit sans éclairage public,Hors agglomération,Hors intersection,Pluie légère,Autre collision,,,,,,,,,,,3,1,1,2.0,6
201400046984,0014-02-14 10:15:00,14,2,14,10,15,950,424,AUTOROUTE A15,,,Plein jour,Hors agglomération,Hors intersection,Pluie légère,Autre collision,,,,,,,,,,,1,1,1,2.0,6
201400046985,0014-02-14 14:56:00,14,2,14,14,56,930,8,AUTOROUTE A86,48.9011,2.46932,Plein jour,Hors agglomération,Hors intersection,Normale,Sans collision,,,,,,,,,,,1,1,1,1.0,7
201400046986,0014-02-14 16:40:00,14,2,14,16,40,950,572,ROUTE NATIONALE 184,,,Plein jour,Hors agglomération,Hors intersection,Normale,Autre collision,,,,,,,,,,,1,1,1,1.0,6
201400046987,0014-02-14 19:30:00,14,2,14,19,30,930,5,AUTOROUTE A3,48.9467,2.47628,Nuit sans éclairage public,Hors agglomération,Hors intersection,Normale,Deux véhicules - frontale,,,,,,,,,,,3,1,1,1.0,1
201400046988,0014-02-14 20:25:00,14,2,14,20,25,950,563,AUTOROUTE A115,,,Nuit sans éclairage public,Hors agglomération,Hors intersection,Normale,Autre collision,,,,,,,,,,,3,1,1,1.0,6
201400046989,0014-02-15 13:30:00,14,2,15,13,30,930,66,AUTOROUTE A1,48.9339,2.3834,Plein jour,Hors agglomération,Hors intersection,Normale,Autre collision,,,,,,,,,,,1,1,1,1.0,6
201400046990,0014-02-15 14:25:00,14,2,15,14,25,950,176,AUTOROUTE A15,,,Plein jour,Hors agglomération,Hors intersection,Normale,Autre collision,,,,,,,,,,,1,1,1,1.0,6
201400046991,0014-02-17 16:45:00,14,2,17,16,45,930,6,AUTOROUTE A3,48.8663,2.41456,Plein jour,Hors agglomération,Hors intersection,Normale,Deux véhicules - arrière,,,,,,,,,,,1,1,1,1.0,2
201400046992,0014-02-18 22:50:00,14,2,18,22,50,930,63,AUTOROUTE A3,48.8747,2.43926,Nuit sans éclairage public,Hors agglomération,Hors intersection,Normale,Trois véhicules et plus - collisions multiples,,,,,,,,,,,3,1,1,1.0,5
201400046993,0014-02-19 11:00:00,14,2,19,11,0,950,60,AUTOROUTE A115,,,Plein jour,Hors agglomération,Hors intersection,Pluie légère,Deux véhicules - côté,,,,,,,,,,,1,1,1,2.0,3
201400046994,0014-02-19 16:15:00,14,2,19,16,15,930,6,AUTOROUTE A3,48.8701,2.4303,Plein jour,Hors agglomération,Hors intersection,Normale,Trois véhicules et plus - en chaîne,,,,,,,,,,,1,1,1,1.0,4
201400046995,0014-02-19 21:40:00,14,2,19,21,40,930,64,AUTOROUTE A86,48.8839,2.46943,Nuit sans éclairage public,Hors agglomération,Hors intersection,Normale,Trois véhicules et plus - en chaîne,,,,,,,,,,,3,1,1,1.0,4
201400046996,0014-02-20 09:25:00,14,2,20,9,25,930,27,AUTOROUTE A86,48.9234,2.38362,Plein jour,Hors agglomération,Hors intersection,Pluie légère,Autre collision,,,,,,,,,,,1,1,1,2.0,6
201400046997,0014-02-20 11:50:00,14,2,20,11,50,930,5,AUTOROUTE A104,48.9731,2.48519,Plein jour,Hors agglomération,Hors intersection,Pluie légère,Trois véhicules et plus - en chaîne,,,,,,,,,,,1,1,1,2.0,4
201400046998,0014-02-20 17:30:00,14,2,20,17,30,950,678,ROUTE NATIONALE 184,,,Plein jour,Hors agglomération,Hors intersection,Pluie forte,Trois véhicules et plus - collisions multiples,,,,,,,,,,,1,1,1,3.0,5
201400046999,0014-02-21 06:10:00,14,2,21,6,10,920,36,AUTOROUTE A86,,,Nuit sans éclairage public,Hors agglomération,Hors intersection,Normale,Autre collision,,,,,,,,,,,3,1,1,1.0,6
201400047000,0014-02-21 10:40:00,14,2,21,10,40,930,64,AUTOROUTE A86,48.8844,2.46948,Plein jour,Hors agglomération,Hors intersection,Normale,Deux véhicules - côté,,,,,,,,,,,1,1,1,1.0,3
201400047001,0014-02-21 21:06:00,14,2,21,21,6,930,66,AUTOROUTE A1,48.9193,2.35757,Nuit sans éclairage public,Hors agglomération,Hors intersection,Normale,Deux véhicules - arrière,,,,,,,,,,,3,1,1,1.0,2
201400047002,0014-02-22 12:44:00,14,2,22,12,44,950,277,AUTOROUTE A104,48.9735,2.4859,Plein jour,Hors agglomération,Hors intersection,Normale,Deux véhicules - côté,,,,,,,,,,,1,1,1,1.0,3
201400047003,0014-02-23 12:02:00,14,2,23,12,2,930,64,AUTOROUTE A103,,,Plein jour,Hors agglomération,Hors intersection,Normale,Autre collision,,,,,,,,,,,1,1,1,1.0,6
201400047004,0014-02-23 17:38:00,14,2,23,17,38,950,527,AUTOROUTE A1,,,Plein jour,Hors agglomération,Hors intersection,Normale,Deux véhicules - arrière,,,,,,,,,,,1,1,1,1.0,2
201400047005,0014-02-24 19:20:00,14,2,24,19,20,930,10,AUTOROUTE A3,48.8893,2.47381,Nuit sans éclairage public,Hors agglomération,Hors intersection,Normale,Autre collision,,,,,,,,,,,3,1,1,1.0,6
201400047006,0014-02-24 20:00:00,14,2,24,20,0,920,36,AUTOROUTE A15,,,Nuit sans éclairage public,Hors agglomération,Hors intersection,Normale,Trois véhicules et plus - collisions multiples,,,,,,,,,,,3,1,1,1.0,5
201400047007,0014-02-25 12:00:00,14,2,25,12,0,930,78,AUTOROUTE A104,48.9582,2.53141,Plein jour,Hors agglomération,Hors intersection,Normale,Deux véhicules - arrière,,,,,,,,,,,1,1,1,1.0,2
201400047008,0014-02-27 16:50:00,14,2,27,16,50,930,10,AUTOROUTE A3,48.8895,2.47391,Plein jour,Hors agglomération,Hors intersection,Normale,Autre collision,,,,,,,,,,,1,1,1,1.0,6
201400047009,0014-02-26 20:20:00,14,2,26,20,20,930,66,AUTOROUTE A1,48.9211,2.35742,Nuit sans éclairage public,Hors agglomération,Hors intersection,Normale,Deux véhicules - arrière,,,,,,,,,,,3,1,1,1.0,2
201400047010,0014-02-27 12:10:00,14,2,27,12,10,930,10,AUTOROUTE A3,48.8897,2.47384,Plein jour,Hors agglomération,Hors intersection,Pluie légère,Deux véhicules - côté,,,,,,,,,,,1,1,1,2.0,3
201400047011,0014-02-27 15:30:00,14,2,27,15,30,930,5,AUTOROUTE A3,48.9498,2.47461,Plein jour,Hors agglomération,Hors intersection,Normale,Trois véhicules et plus - en chaîne,,,,,,,,,,,1,1,1,1.0,4
201400047012,0014-02-27 16:30:00,14,2,27,16,30,930,10,AUTOROUTE A3,48.8893,2.47381,Plein jour,Hors agglomération,Hors intersection,Normale,Deux véhicules - arrière,,,,,,,,,,,1,1,1,1.0,2
201400047013,0014-02-27 17:30:00,14,2,27,17,30,930,10,AUTOROUTE A3,48.8884,2.47404,Plein jour,Hors agglomération,Hors intersection,Normale,Deux véhicules - arrière,,,,,,,,,,,1,1,1,1.0,2
201400047014,0014-02-28 08:00:00,14,2,28,8,0,950,678,ROUTE NATIONALE 184,,,Plein jour,Hors agglomération,Hors intersection,Pluie légère,Sans collision,,,,,,,,,,,1,1,1,2.0,7
201400047015,0014-02-28 09:40:00,14,2,28,9,40,930,66,AUTOROUTE A1,48.9265,2.35699,Plein jour,Hors agglomération,Hors intersection,Pluie légère,Autre collision,,,,,,,,,,,1,1,1,2.0,6
201400047016,0014-02-28 09:40:00,14,2,28,9,40,950,582,AUTOROUTE A115,,,Plein jour,Hors agglomération,Hors intersection,Pluie légère,Deux véhicules - côté,,,,,,,,,,,1,1,1,2.0,3
201400047017,0014-02-28 15:34:00,14,2,28,15,34,950,151,RN 104,,,Plein jour,Hors agglomération,Hors intersection,Normale,Sans collision,,,,,,,,,,,1,1,1,1.0,7
201400047018,0014-03-02 16:50:00,14,3,2,16,50,930,66,AUTOROUTE A86,48.9217,2.36558,Plein jour,Hors agglomération,Hors intersection,Normale,Autre collision,,,,,,,,,,,1,1,1,1.0,6
201400047019,0014-03-02 19:30:00,14,3,2,19,30,930,66,AUTOROUTE A1,48.9332,2.37646,Nuit sans éclairage public,Hors agglomération,Hors intersection,Normale,Deux véhicules - arrière,,,,,,,,,,,3,1,1,1.0,2
201400047020,0014-03-03 03:00:00,14,3,3,3,0,920,78,AUTOROUTE A86,,,Nuit sans éclairage public,Hors agglomération,Hors intersection,Pluie légère,Sans collision,,,,,,,,,,,3,1,1,2.0,7
201400047021,0014-03-03 08:15:00,14,3,3,8,15,930,27,AUTOROUTE A1,48.9366,2.40734,Plein jour,Hors agglomération,Hors intersection,Normale,Deux véhicules - arrière,,,,,,,,,,,1,1,1,1.0,2
201400047022,0014-03-03 09:15:00,14,3,3,9,15,950,582,AUTOROUTE A15,,,Plein jour,Hors agglomération,Hors intersection,Normale,Deux véhicules - côté,,,,,,,,,,,1,1,1,1.0,3
201400047023,0014-03-03 18:40:00,14,3,3,18,40,930,66,AUTOROUTE A86,48.9219,2.36552,Nuit sans éclairage public,Hors agglomération,Hors intersection,Normale,Deux véhicules - côté,,,,,,,,,,,3,1,1,1.0,3
201400047024,0014-03-03 22:00:00,14,3,3,22,0,950,18,AUTOROUTE A15,,,Nuit sans éclairage public,Hors agglomération,Hors intersection,Temps couvert,Deux véhicules - arrière,,,,,,,,,,,3,1,1,8.0,2
201400047025,0014-03-03 23:10:00,14,3,3,23,10,950,18,AUTOROUTE A15,,,Nuit avec éclairage non allumé,Hors agglomération,Hors intersection,Normale,Autre collision,,,,,,,,,,,4,1,1,1.0,6
201400047026,0014-03-04 03:00:00,14,3,4,3,0,950,582,AUTOROUTE A115,,,Nuit avec éclairage non allumé,Hors agglomération,Hors intersection,Normale,Autre collision,,,,,,,,,,,4,1,1,1.0,6
201400047027,0014-03-04 06:40:00,14,3,4,6,40,950,218,AUTOROUTE A15,,,Crépuscule ou aube,Hors agglomération,Hors intersection,Normale,Autre collision,,,,,,,,,,,2,1,1,1.0,6
201400047028,0014-03-04 19:30:00,14,3,4,19,30,950,678,ROUTE NATIONALE 184,,,Nuit sans éclairage public,Hors agglomération,Hors intersection,Normale,Trois véhicules et plus - en chaîne,,,,,,,,,,,3,1,1,1.0,4
201400047029,0014-03-04 20:30:00,14,3,4,20,30,930,53,AUTOROUTE A3,48.8835,2.45873,Nuit sans éclairage public,Hors agglomération,Hors intersection,Normale,Deux véhicules - côté,,,,,,,,,,,3,1,1,1.0,3
201400047030,0014-03-05 08:50:00,14,3,5,8,50,930,27,AUTOROUTE A1,48.9372,2.40984,Plein jour,Hors agglomération,Hors intersection,Normale,Deux véhicules - arrière,,,,,,,,,,,1,1,1,1.0,2
201400047031,0014-03-05 10:40:00,14,3,5,10,40,950,306,AUTOROUTE A15,,,Plein jour,Hors agglomération,Hors intersection,Normale,Autre collision,,,,,,,,,,,1,1,1,1.0,6
201400047032,0014-03-05 18:00:00,14,3,5,18,0,950,277,AUTOROUTE A3,,,Plein jour,Hors agglomération,Hors intersection,Normale,Deux véhicules - côté,,,,,,,,,,,1,1,1,1.0,3
201400047033,0014-03-07 18:15:00,14,3,7,18,15,930,6,AUTOROUTE A3,48.8657,2.41854,Plein jour,Hors agglomération,Hors intersection,Normale,Deux véhicules - arrière,,,,,,,,,,,1,1,1,1.0,2
201400047034,0014-03-08 04:35:00,14,3,8,4,35,950,28,RN 104,,,Nuit sans éclairage public,Hors agglomération,Hors intersection,Brouillard / fumée,Deux véhicules - côté,,,,,,,,,,,3,1,1,5.0,3
201400047035,0014-03-08 06:50:00,14,3,8,6,50,930,13,AUTOROUTE A1,48.9387,2.41625,Crépuscule ou aube,Hors agglomération,Hors intersection,Normale,Autre collision,,,,,,,,,,,2,1,1,1.0,6
201400047036,0014-03-08 11:54:00,14,3,8,11,54,930,53,AUTOROUTE A3,48.8838,2.46682,Plein jour,Hors agglomération,Hors intersection,Normale,Trois véhicules et plus - en chaîne,,,,,,,,,,,1,1,1,1.0,4
201400047037,0014-03-09 05:25:00,14,3,9,5,25,930,66,AUTOROUTE A1,48.9103,2.35824,Nuit avec éclairage allumé,Hors agglomération,Hors intersection,Normale,Autre collision,,,,,,,,,,,5,1,1,1.0,6
201400047038,0014-03-09 18:40:00,14,3,9,18,40,930,48,AUTOROUTE A3,48.8711,2.43227,Nuit sans éclairage public,Hors agglomération,Hors intersection,Normale,Deux véhicules - arrière,,,,,,,,,,,3,1,1,1.0,2
201400047039,0014-03-10 08:20:00,14,3,10,8,20,930,27,AUTOROUTE A86,48.9257,2.39669,Plein jour,Hors agglomération,Hors intersection,Normale,Autre collision,,,,,,,,,,,1,1,1,1.0,6