accident_id,datetime,annee,mois,jour,heure,minute,departement,commune_insee,adresse,latitude,longitude,luminosite,agglomeration,intersection,meteo,collision,nb_vehicules,nb_usagers,nb_indemnes,nb_tues,nb_blesses_hosp,nb_blesses_legers,age_cond_1,age_cond_2,veh_type_cond_1,veh_type_cond_2,lum_code,agg_code,int_code,atm_code,col_code
201400047040,0014-03-10 09:00:00,14,3,10,9,0,930,66,AUTOROUTE A86,48.9217,2.36558,Plein jour,Hors agglomération,Hors intersection,Normale,Deux véhicules - côté,,,,,,,,,,,1,1,1,1.0,3
201400047041,0014-03-10 09:30:00,14,3,10,9,30,950,351,RN 104,,,Plein jour,Hors agglomération,Hors intersection,Normale,Trois véhicules et plus - en chaîne,,,,,,,,,,,1,1,1,1.0,4
201400047042,0014-03-11 08:30:00,14,3,11,8,30,950,252,AUTOROUTE A115,,,Plein jour,Hors agglomération,Hors intersection,Normale,Deux véhicules - arrière,,,,,,,,,,,1,1,1,1.0,2
201400047043,0014-03-11 20:20:00,14,3,11,20,20,950,491,AUTOROUTE A115,,,Nuit sans éclairage public,Hors agglomération,Hors intersection,Normale,Deux véhicules - arrière,,,,,,,,,,,3,1,1,1.0,2
201400047044,0014-03-12 10:00:00,14,3,12,10,0,920,36,AUTOROUTE A15,,,Plein jour,Hors agglomération,Hors intersection,Normale,Sans collision,,,,,,,,,,,1,1,1,1.0,7
201400047045,0014-03-12 08:30:00,14,3,12,8,30,950,60,A115,,,Plein jour,Hors agglomération,Hors intersection,Normale,Autre collision,,,,,,,,,,,1,1,1,1.0,6
201400047046,0014-03-13 10:00:00,14,3,13,10,0,930,66,AUTOROUTE A1,48.928,2.35755,Plein jour,Hors agglomération,Hors intersection,Normale,Deux véhicules - côté,,,,,,,,,,,1,1,1,1.0,3
201400047047,0014-03-13 15:35:00,14,3,13,15,35,950,641,AUTOROUTE A1,,,Plein jour,Hors agglomération,Hors intersection,Normale,Autre collision,,,,,,,,,,,1,1,1,1.0,6
201400047048,0014-03-13 19:10:00,14,3,13,19,10,930,6,AUTOROUTE A3,48.868,2.42761,Plein jour,Hors agglomération,Hors intersection,Normale,Autre collision,,,,,,,,,,,1,1,1,1.0,6
201400047049,0014-03-13 20:15:00,14,3,13,20,15,930,64,AUTOROUTE A86,48.8836,2.47155,Nuit sans éclairage public,Hors agglomération,Hors intersection,Normale,Autre collision,,,,,,,,,,,3,1,1,1.0,6
201400047050,0014-03-15 05:10:00,14,3,15,5,10,600,494,,,,Nuit avec éclairage non allumé,Hors agglomération,Hors intersection,Normale,Autre collision,,,,,,,,,,,4,1,1,1.0,6
201400047051,0014-03-15 15:30:00,14,3,15,15,30,930,10,AUTOROUTE A3,48.8897,2.47384,Plein jour,Hors agglomération,Hors intersection,Normale,Deux véhicules - arrière,,,,,,,,,,,1,1,1,1.0,2
201400047052,0014-03-15 16:35:00,14,3,15,16,35,950,252,AUTOROUTE A15,,,Plein jour,Hors agglomération,Hors intersection,Normale,Autre collision,,,,,,,,,,,1,1,1,1.0,6
201400047053,0014-03-16 06:30:00,14,3,16,6,30,950,203,BD INTERCOMMUNAL PARISIS,48.9778,2.2896,Crépuscule ou aube,Hors agglomération,Hors intersection,Normale,Autre collision,,,,,,,,,,,2,1,1,1.0,6
201400047054,0014-03-16 16:05:00,14,3,16,16,5,930,53,AUTOROUTE A3,48.8839,2.4664,Plein jour,Hors agglomération,Hors intersection,Normale,Deux véhicules - arrière,,,,,,,,,,,1,1,1,1.0,2
201400047055,0014-03-16 20:00:00,14,3,16,20,0,930,5,AUTOROUTE A3,48.9564,2.47328,Nuit avec éclairage non allumé,Hors agglomération,Hors intersection,Normale,Deux véhicules - arrière,,,,,,,,,,,4,1,1,1.0,2
201400047056,0014-03-17 09:00:00,14,3,17,9,0,930,53,AUTOROUTE A103,48.91,2.35825,Plein jour,Hors agglomération,Hors intersection,Normale,Sans collision,,,,,,,,,,,1,1,1,1.0,7
201400047057,0014-03-18 06:40:00,14,3,18,6,40,950,582,AUTOROUTE A15,,,Crépuscule ou aube,Hors agglomération,Hors intersection,Normale,Trois véhicules et plus - en chaîne,,,,,,,,,,,2,1,1,1.0,4
201400047058,0014-03-18 08:50:00,14,3,18,8,50,930,5,AUTOROUTE A3,48.9501,2.4747,Plein jour,Hors agglomération,Hors intersection,Normale,Sans collision,,,,,,,,,,,1,1,1,1.0,7
201400047059,0014-03-18 18:10:00,14,3,18,18,10,950,277,AUTOROUTE A104,48.9735,2.4859,Plein jour,Hors agglomération,Hors intersection,Normale,Deux véhicules - arrière,,,,,,,,,,,1,1,1,1.0,2
201400047060,0014-03-18 16:46:00,14,3,18,16,46,930,78,AUTOROUTE A104,48.9641,2.52043,Plein jour,Hors agglomération,Hors intersection,Normale,Deux véhicules - côté,,,,,,,,,,,1,1,1,1.0,3
201400047061,0014-03-19 08:55:00,14,3,19,8,55,950,277,AUTOROUTE A1,,,Plein jour,Hors agglomération,Hors intersection,Normale,Deux véhicules - arrière,,,,,,,,,,,1,1,1,1.0,2
201400047062,0014-03-19 14:00:00,14,3,19,14,0,930,66,AUTOROUTE A1,48.9061,2.35855,Plein jour,Hors agglomération,Hors intersection,Normale,Autre collision,,,,,,,,,,,1,1,1,1.0,6
201400047063,0014-03-20 07:30:00,14,3,20,7,30,930,10,AUTOROUTE A3,48.8895,2.47375,Plein jour,Hors agglomération,Hors intersection,Normale,Deux véhicules - arrière,,,,,,,,,,,1,1,1,1.0,2
201400047064,0014-03-20 09:00:00,14,3,20,9,0,950,306,AUTOROUTE A15,,,Plein jour,Hors agglomération,Hors intersection,Normale,Sans collision,,,,,,,,,,,1,1,1,1.0,7
201400047065,0014-03-20 16:30:00,14,3,20,16,30,920,36,AUTOROUTE A15,,,Plein jour,Hors agglomération,Hors intersection,Normale,Autre collision,,,,,,,,,,,1,1,1,1.0,6
201400047066,0014-03-20 17:30:00,14,3,20,17,30,930,66,AUTOROUTE A1,48.9193,2.35757,Plein jour,Hors agglomération,Hors intersection,Normale,Trois véhicules et plus - en chaîne,,,,,,,,,,,1,1,1,1.0,4
201400047067,0014-03-21 06:30:00,14,3,21,6,30,950,351,RN 104,,,Nuit sans éclairage public,Hors agglomération,Hors intersection,Normale,Deux véhicules - arrière,,,,,,,,,,,3,1,1,1.0,2
201400047068,0014-03-21 14:40:00,14,3,21,14,40,930,5,AUTOROUTE A3,48.9484,2.47543,Plein jour,Hors agglomération,Hors intersection,Normale,Deux véhicules - arrière,,,,,,,,,,,1,1,1,1.0,2
201400047069,0014-03-22 12:00:00,14,3,22,12,0,930,27,AUTOROUTE A1,48.934,2.38936,Plein jour,Hors agglomération,Hors intersection,Normale,Autre collision,,,,,,,,,,,1,1,1,1.0,6
201400047070,0014-03-23 11:30:00,14,3,23,11,30,950,641,AUTOROUTE A1,,,Plein jour,Hors agglomération,Hors intersection,Normale,Deux véhicules - arrière,,,,,,,,,,,1,1,1,1.0,2
201400047071,0014-03-24 08:20:00,14,3,24,8,20,930,66,AUTOROUTE A1,48.9234,2.35708,Plein jour,Hors agglomération,Hors intersection,Normale,Sans collision,,,,,,,,,,,1,1,1,1.0,7
201400047072,0014-03-24 15:40:00,14,3,24,15,40,930,10,AUTOROUTE A3,48.8865,2.4737,Plein jour,Hors agglomération,Hors intersection,Normale,Deux véhicules - arrière,,,,,,,,,,,1,1,1,1.0,2
201400047073,0014-03-25 09:15:00,14,3,25,9,15,930,53,AUTOROUTE A3,48.8835,2.45834,Plein jour,Hors agglomération,Hors intersection,Pluie légère,Trois véhicules et plus - en chaîne,,,,,,,,,,,1,1,1,2.0,4
201400047074,0014-03-25 09:45:00,14,3,25,9,45,930,5,AUTOROUTE A3,48.9516,2.47401,Plein jour,Hors agglomération,Hors intersection,Pluie légère,Deux véhicules - côté,,,,,,,,,,,1,1,1,2.0,3
201400047075,0014-03-29 10:00:00,14,3,29,10,0,930,27,AUTOROUTE A86,48.9279,2.40993,Plein jour,Hors agglomération,Hors intersection,Normale,Trois véhicules et plus - collisions multiples,,,,,,,,,,,1,1,1,1.0,5
201400047076,0014-03-26 12:30:00,14,3,26,12,30,930,6,AUTOROUTE A3,48.8668,2.42545,Plein jour,Hors agglomération,Hors intersection,Normale,Deux véhicules - côté,,,,,,,,,,,1,1,1,1.0,3
201400047077,0014-03-27 09:00:00,14,3,27,9,0,950,365,RN 104,,,Plein jour,Hors agglomération,Hors intersection,Normale,Trois véhicules et plus - en chaîne,,,,,,,,,,,1,1,1,1.0,4
201400047078,0014-03-27 12:27:00,14,3,27,12,27,930,10,AUTOROUTE A86,48.8931,2.47228,Plein jour,Hors agglomération,Hors intersection,Normale,Autre collision,,,,,,,,,,,1,1,1,1.0,6
201400047079,0014-03-27 13:35:00,14,3,27,13,35,950,527,AUTOROUTE A3,,,Plein jour,Hors agglomération,Hors intersection,Normale,Deux véhicules - arrière,,,,,,,,,,,1,1,1,1.0,2
201400047080,0014-03-28 00:10:00,14,3,28,0,10,930,66,AUTOROUTE A1,48.9061,2.35855,Nuit avec éclairage allumé,Hors agglomération,Hors intersection,Normale,Autre collision,,,,,,,,,,,5,1,1,1.0,6
201400047081,0014-03-28 07:00:00,14,3,28,7,0,930,5,AUTOROUTE A3,48.9492,2.47504,Plein jour,Hors agglomération,Hors intersection,Normale,Autre collision,,,,,,,,,,,1,1,1,1.0,6
201400047082,0014-03-28 10:00:00,14,3,28,10,0,930,66,AUTOROUTE A86,48.9219,2.36552,Plein jour,Hors agglomération,Hors intersection,Normale,Trois véhicules et plus - en chaîne,,,,,,,,,,,1,1,1,1.0,4
201400047083,0014-03-29 00:40:00,14,3,29,0,40,950,527,AUTOROUTE A3,,,Nuit sans éclairage public,Hors agglomération,Hors intersection,Normale,Autre collision,,,,,,,,,,,3,1,1,1.0,6
201400047084,0014-03-29 21:20:00,14,3,29,21,20,950,488,AUTOROUTE A15,,,Nuit avec éclairage non allumé,Hors agglomération,Hors intersection,Normale,Deux véhicules - côté,,,,,,,,,,,4,1,1,1.0,3
201400047085,0014-03-30 05:40:00,14,3,30,5,40,930,8,AUTOROUTE A86,48.8986,2.46958,Nuit avec éclairage allumé,Hors agglomération,Hors intersection,Normale,Autre collision,,,,,,,,,,,5,1,1,1.0,6
201400047086,0014-03-30 07:18:00,14,3,30,7,18,950,256,ROUTE NATIONALE 184,,,Crépuscule ou aube,Hors agglomération,Hors intersection,Normale,Trois véhicules et plus - en chaîne,,,,,,,,,,,2,1,1,1.0,4
201400047087,0014-03-30 17:48:00,14,3,30,17,48,930,6,AUTOROUTE A3,48.8694,2.42943,Plein jour,Hors agglomération,Hors intersection,Normale,Autre collision,,,,,,,,,,,1,1,1,1.0,6
201400047088,0014-03-30 21:30:00,14,3,30,21,30,930,5,AUTOROUTE A3,48.951,2.47438,Nuit sans éclairage public,Hors agglomération,Hors intersection,Normale,Trois véhicules et plus - collisions multiples,,,,,,,,,,,3,1,1,1.0,5
201400047089,0014-03-30 20:45:00,14,3,30,20,45,930,78,AUTOROUTE A104,48.9621,2.54609,Nuit avec éclairage non allumé,Hors agglomération,Hors intersection,Normale,Deux véhicules - arrière,,,,,,,,,,,4,1,1,1.0,2
201400047090,0014-03-31 20:30:00,14,3,31,20,30,930,48,AUTOROUTE A3,48.8737,2.43705,Nuit sans éclairage public,Hors agglomération,Hors intersection,Normale,Autre collision,,,,,,,,,,,3,1,1,1.0,6
201400047091,0014-03-31 22:00:00,14,3,31,22,0,930,66,AUTOROUTE A1,48.907,2.35849,Nuit avec éclairage allumé,Hors agglomération,Hors intersection,Normale,Sans collision,,,,,,,,,,,5,1,1,1.0,7
201400047092,0014-07-20 13:30:00,14,7,20,13,30,930,7,AUTOROUTE A3,48.9322,2.48099,Plein jour,Hors agglomération,Hors intersection,Normale,Deux véhicules - arrière,,,,,,,,,,,1,1,1,1.0,2
201400047093,0014-04-01 09:25:00,14,4,1,9,25,950,218,AUTOROUTE A15,,,Plein jour,Hors agglomération,Hors intersection,Normale,Deux véhicules - arrière,,,,,,,,,,,1,1,1,1.0,2
201400047094,0014-04-01 14:40:00,14,4,1,14,40,950,500,AUTOROUTE A15,,,Plein jour,Hors agglomération,Hors intersection,Normale,Autre collision,,,,,,,,,,,1,1,1,1.0,6
201400047095,0014-04-01 17:45:00,14,4,1,17,45,920,36,AUTOROUTE A15,,,Plein jour,Hors agglomération,Hors intersection,Normale,Autre collision,,,,,,,,,,,1,1,1,1.0,6
201400047096,0014-04-02 14:00:00,14,4,2,14,0,770,282,AUTOROUTE A1,,,Plein jour,Hors agglomération,Hors intersection,Normale,Trois véhicules et plus - en chaîne,,,,,,,,,,,1,1,1,1.0,4
201400047097,0014-04-02 18:30:00,14,4,2,18,30,950,18,AUTOROUTE A15,,,Crépuscule ou aube,Hors agglomération,Hors intersection,Normale,Trois véhicules et plus - collisions multiples,,,,,,,,,,,2,1,1,1.0,5
201400047098,0014-04-03 12:30:00,14,4,3,12,30,920,36,AUTOROUTE A15,,,Plein jour,Hors agglomération,Hors intersection,Normale,Autre collision,,,,,,,,,,,1,1,1,1.0,6
201400047099,0014-04-04 18:50:00,14,4,4,18,50,950,682,RN 104,,,Plein jour,Hors agglomération,Hors intersection,Normale,Autre collision,,,,,,,,,,,1,1,1,1.0,6
201400047100,0014-04-04 07:40:00,14,4,4,7,40,930,6,AUTOROUTE A3,48.8659,2.42125,Plein jour,Hors agglomération,Hors intersection,Normale,Deux véhicules - côté,,,,,,,,,,,1,1,1,1.0,3
201400047101,0014-04-04 09:10:00,14,4,4,9,10,950,488,AUTOROUTE A15,,,Plein jour,Hors agglomération,Hors intersection,Normale,Trois véhicules et plus - en chaîne,,,,,,,,,,,1,1,1,1.0,4
201400047102,0014-04-04 18:30:00,14,4,4,18,30,930,66,AUTOROUTE A1,48.9293,2.36153,Plein jour,Hors agglomération,Hors intersection,Normale,Deux véhicules - côté,,,,,,,,,,,1,1,1,1.0,3
201400047103,0014-04-05 08:10:00,14,4,5,8,10,950,527,AUTOROUTE A3,,,Plein jour,Hors agglomération,Hors intersection,Normale,Autre collision,,,,,,,,,,,1,1,1,1.0,6
201400047104,0014-04-05 12:30:00,14,4,5,12,30,930,30,AUTOROUTE A1,48.9397,2.42092,Plein jour,Hors agglomération,Hors intersection,Normale,Trois véhicules et plus - en chaîne,,,,,,,,,,,1,1,1,1.0,4
201400047105,0014-04-07 18:30:00,14,4,7,18,30,950,252,AUTOROUTE A15,,,Plein jour,Hors agglomération,Hors intersection,Normale,Deux véhicules - côté,,,,,,,,,,,1,1,1,1.0,3
201400047106,0014-04-07 17:00:00,14,4,7,17,0,950,500,AUTOROUTE A15,,,Plein jour,Hors agglomération,Hors intersection,Normale,Deux véhicules - côté,,,,,,,,,,,1,1,1,1.0,3
201400047107,0014-04-08 08:50:00,14,4,8,8,50,930,48,AUTOROUTE A3,48.8731,2.43592,Plein jour,Hors agglomération,Hors intersection,Normale,Deux véhicules - arrière,,,,,,,,,,,1,1,1,1.0,2
201400047108,0014-04-08 23:15:00,14,4,8,23,15,950,582,BD INTERCOMMUNAL PARISIS,48.9625,2.2633,Nuit sans éclairage public,Hors agglomération,Hors intersection,Normale,Deux véhicules - côté,,,,,,,,,,,3,1,1,1.0,3
201400047109,0014-04-09 01:05:00,14,4,9,1,5,920,36,AUTOROUTE A86,,,Nuit avec éclairage non allumé,Hors agglomération,Hors intersection,Normale,Sans collision,,,,,,,,,,,4,1,1,1.0,7
201400047110,0014-04-09 07:40:00,14,4,9,7,40,930,66,AUTOROUTE A1,48.919,2.35742,Plein jour,Hors agglomération,Hors intersection,Normale,Sans collision,,,,,,,,,,,1,1,1,1.0,7
201400047111,0014-04-09 08:40:00,14,4,9,8,40,930,78,AUTOROUTE A104,48.9584,2.52849,Plein jour,Hors agglomération,Hors intersection,Normale,Autre collision,,,,,,,,,,,1,1,1,1.0,6
201400047112,0014-04-09 11:00:00,14,4,9,11,0,930,53,AUTOROUTE A3,48.8825,2.45596,Plein jour,Hors agglomération,Hors intersection,Normale,Autre collision,,,,,,,,,,,1,1,1,1.0,6
201400047113,0014-04-09 13:25:00,14,4,9,13,25,930,64,AUTOROUTE A86,48.8836,2.47155,Plein jour,Hors agglomération,Hors intersection,Normale,Autre collision,,,,,,,,,,,1,1,1,1.0,6
201400047114,0014-04-10 19:14:00,14,4,10,19,14,920,36,AUTOROUTE A86,,,Plein jour,Hors agglomération,Hors intersection,Normale,Deux véhicules - arrière,,,,,,,,,,,1,1,1,1.0,2
201400047115,0014-04-11 05:40:00,14,4,11,5,40,950,500,AUTOROUTE A15,,,Nuit sans éclairage public,Hors agglomération,Hors intersection,Normale,Autre collision,,,,,,,,,,,3,1,1,1.0,6
201400047116,0014-04-11 07:35:00,14,4,11,7,35,950,582,AUTOROUTE A115,,,Plein jour,Hors agglomération,Hors intersection,Normale,Deux véhicules - arrière,,,,,,,,,,,1,1,1,1.0,2
201400047117,0014-04-11 14:00:00,14,4,11,14,0,930,63,AUTOROUTE A3,48.8785,2.44717,Plein jour,Hors agglomération,Hors intersection,Normale,Deux véhicules - arrière,,,,,,,,,,,1,1,1,1.0,2
201400047118,0014-04-11 15:10:00,14,4,11,15,10,930,66,AUTOROUTE A1,48.9166,2.35776,Plein jour,Hors agglomération,Hors intersection,Normale,Trois véhicules et plus - collisions multiples,,,,,,,,,,,1,1,1,1.0,5
201400047119,0014-04-11 16:30:00,14,4,11,16,30,920,36,AUTOROUTE A86,,,Plein jour,Hors agglomération,Hors intersection,Normale,Deux véhicules - arrière,,,,,,,,,,,1,1,1,1.0,2
201400047120,0014-04-11 20:00:00,14,4,11,20,0,930,63,AUTOROUTE A3,48.8739,2.4376,Plein jour,Hors agglomération,Hors intersection,Normale,Trois véhicules et plus - collisions multiples,,,,,,,,,,,1,1,1,1.0,5
201400047121,0014-04-12 05:35:00,14,4,12,5,35,930,7,AUTOROUTE A1,48.9549,2.45754,Nuit sans éclairage public,Hors agglomération,Hors intersection,Normale,Autre collision,,,,,,,,,,,3,1,1,1.0,6
201400047122,0014-04-12 06:00:00,14,4,12,6,0,930,66,AUTOROUTE A86,48.9217,2.36558,Nuit avec éclairage allumé,Hors agglomération,Hors intersection,Normale,Autre collision,,,,,,,,,,,5,1,1,1.0,6
201400047123,0014-04-12 16:50:00,14,4,12,16,50,920,36,AUTOROUTE A15,,,Plein jour,Hors agglomération,Hors intersection,Normale,Autre collision,,,,,,,,,,,1,1,1,1.0,6
201400047124,0014-04-13 09:00:00,14,4,13,9,0,930,5,AUTOROUTE A1,48.9631,2.47184,Plein jour,Hors agglomération,Hors intersection,Normale,Autre collision,,,,,,,,,,,1,1,1,1.0,6
201400047125,0014-04-13 16:15:00,14,4,13,16,15,950,277,RD 170,48.9779,2.4579,Plein jour,Hors agglomération,Hors intersection,Normale,Autre collision,,,,,,,,,,,1,1,1,1.0,6
201400047126,0014-04-15 07:30:00,14,4,15,7,30,920,36,AUTOROUTE A15,,,Plein jour,Hors agglomération,Hors intersection,Normale,Deux véhicules - arrière,,,,,,,,,,,1,1,1,1.0,2
201400047127,0014-04-15 09:10:00,14,4,15,9,10,950,582,BD INTERCOMMUNAL PARISIS,48.9691,2.2751,Plein jour,Hors agglomération,Hors intersection,Normale,Deux véhicules - arrière,,,,,,,,,,,1,1,1,1.0,2
201400047128,0014-04-15 11:45:00,14,4,15,11,45,950,678,ROUTE NATIONALE 184,,,Plein jour,Hors agglomération,Hors intersection,Normale,Deux véhicules - arrière,,,,,,,,,,,1,1,1,1.0,2
201400047129,0014-04-16 19:15:00,14,4,16,19,15,930,66,AUTOROUTE A1,48.9198,2.35753,Plein jour,Hors agglomération,Hors intersection,Normale,Trois véhicules et plus - collisions multiples,,,,,,,,,,,1,1,1,1.0,5
201400047130,0014-04-15 19:30:00,14,4,15,19,30,950,351,RN 104,,,Plein jour,Hors agglomération,Hors intersection,Normale,Deux véhicules - arrière,,,,,,,,,,,1,1,1,1.0,2
201400047131,0014-04-16 09:00:00,14,4,16,9,0,920,36,AUTOROUTE A15,,,Plein jour,Hors agglomération,Hors intersection,Normale,Autre collision,,,,,,,,,,,1,1,1,1.0,6
201400047132,0014-04-16 13:30:00,14,4,16,13,30,950,277,AUTOROUTE A104,48.9736,2.4862,Plein jour,Hors agglomération,Hors intersection,Normale,Autre collision,,,,,,,,,,,1,1,1,1.0,6
201400047133,0014-04-16 15:50:00,14,4,16,15,50,950,18,AUTOROUTE A15,,,Plein jour,Hors agglomération,Hors intersection,Normale,Trois véhicules et plus - collisions multiples,,,,,,,,,,,1,1,1,1.0,5
201400047134,0014-04-17 20:00:00,14,4,17,20,0,930,66,AUTOROUTE A1,48.9281,2.35794,Plein jour,Hors agglomération,Hors intersection,Normale,Deux véhicules - arrière,,,,,,,,,,,1,1,1,1.0,2
201400047135,0014-04-17 07:00:00,14,4,17,7,0,950,527,AUTOROUTE A3,,,Plein jour,Hors agglomération,Hors intersection,Normale,Deux véhicules - côté,,,,,,,,,,,1,1,1,1.0,3
201400047136,0014-04-18 06:20:00,14,4,18,6,20,930,66,AUTOROUTE A1,48.9339,2.3834,Nuit avec éclairage allumé,Hors agglomération,Hors intersection,Normale,Trois véhicules et plus - collisions multiples,,,,,,,,,,,5,1,1,1.0,5
201400047137,0014-04-18 12:00:00,14,4,18,12,0,950,277,BD INTERCOMMUNAL PARISIS,48.9777,2.4597,Plein jour,Hors agglomération,Hors intersection,Normale,Deux véhicules - arrière,,,,,,,,,,,1,1,1,1.0,2
201400047138,0014-04-18 12:50:00,14,4,18,12,50,950,241,RN 104,,,Plein jour,Hors agglomération,Hors intersection,Normale,Deux véhicules - arrière,,,,,,,,,,,1,1,1,1.0,2
201400047139,0014-04-19 09:05:00,14,4,19,9,5,930,66,AUTOROUTE A1,48.9281,2.35794,Plein jour,Hors agglomération,Hors intersection,Normale,Deux véhicules - côté,,,,,,,,,,,1,1,1,1.0,3
201400047140,0014-04-19 12:45:00,14,4,19,12,45,600,494,,,,Plein jour,Hors agglomération,Hors intersection,Normale,Deux véhicules - arrière,,,,,,,,,,,1,1,1,1.0,2
201400047141,0014-04-20 20:40:00,14,4,20,20,40,930,48,AUTOROUTE A3,48.8731,2.43592,Crépuscule ou aube,Hors agglomération,Hors intersection,Normale,Autre collision,,,,,,,,,,,2,1,1,1.0,6
201400047142,0014-04-21 03:50:00,14,4,21,3,50,950,394,ROUTE NATIONALE 184,,,Nuit sans éclairage public,Hors agglomération,Hors intersection,Normale,Deux véhicules - frontale,,,,,,,,,,,3,1,1,1.0,1
201400047143,0014-04-21 23:00:00,14,4,21,23,0,930,5,AUTOROUTE A3,48.9459,2.4766,Nuit avec éclairage non allumé,Hors agglomération,Hors intersection,Normale,Autre collision,,,,,,,,,,,4,1,1,1.0,6
201400047144,0014-04-22 08:10:00,14,4,22,8,10,950,582,AUTOROUTE A15,,,Plein jour,Hors agglomération,Hors intersection,Pluie légère,Deux véhicules - arrière,,,,,,,,,,,1,1,1,2.0,2
201400047145,0014-04-22 13:30:00,14,4,22,13,30,950,607,AUTOROUTE A115,,,Plein jour,Hors agglomération,Hors intersection,Normale,Autre collision,,,,,,,,,,,1,1,1,1.0,6
201400047146,0014-04-23 03:45:00,14,4,23,3,45,950,678,ROUTE NATIONALE 184,,,Nuit avec éclairage non allumé,Hors agglomération,Hors intersection,Normale,Autre collision,,,,,,,,,,,4,1,1,1.0,6
201400047147,0014-04-23 07:50:00,14,4,23,7,50,920,78,AUTOROUTE A86,,,Crépuscule ou aube,Hors agglomération,Hors intersection,Normale,Deux véhicules - arrière,,,,,,,,,,,2,1,1,1.0,2
201400047148,0014-04-23 14:25:00,14,4,23,14,25,950,582,AUTOROUTE A15,,,Plein jour,Hors agglomération,Hors intersection,Normale,Deux véhicules - frontale,,,,,,,,,,,1,1,1,1.0,1
201400047149,0014-04-23 15:15:00,14,4,23,15,15,930,8,AUTOROUTE A86,48.9079,2.45266,Plein jour,Hors agglomération,Hors intersection,Normale,Trois véhicules et plus - en chaîne,,,,,,,,,,,1,1,1,1.0,4
201400047150,0014-04-24 19:00:00,14,4,24,19,0,950,572,ROUTE NATIONALE 184,,,Plein jour,Hors agglomération,Hors intersection,Normale,Trois véhicules et plus - en chaîne,,,,,,,,,,,1,1,1,1.0,4
201400047151,0014-04-25 00:05:00,14,4,25,0,5,930,66,AUTOROUTE A1,48.9202,2.3575,Nuit sans éclairage public,Hors agglomération,Hors intersection,Normale,Sans collision,,,,,,,,,,,3,1,1,1.0,7
201400047152,0014-04-25 10:00:00,14,4,25,10,0,950,527,AUTOROUTE A3,,,Plein jour,Hors agglomération,Hors intersection,Pluie légère,Autre collision,,,,,,,,,,,1,1,1,2.0,6
201400047153,0014-04-25 16:00:00,14,4,25,16,0,930,64,AUTOROUTE A103,,,Plein jour,Hors agglomération,Hors intersection,Temps couvert,Autre collision,,,,,,,,,,,1,1,1,8.0,6
201400047154,0014-04-25 19:00:00,14,4,25,19,0,930,64,AUTOROUTE A86,48.8839,2.46943,Plein jour,Hors agglomération,Hors intersection,Normale,Deux véhicules - côté,,,,,,,,,,,1,1,1,1.0,3
201400047155,0014-04-26 13:05:00,14,4,26,13,5,930,27,AUTOROUTE A86,48.9278,2.41018,Plein jour,Hors agglomération,Hors intersection,Pluie légère,Autre collision,,,,,,,,,,,1,1,1,2.0,6
201400047156,0014-04-26 14:15:00,14,4,26,14,15,950,572,AUTOROUTE A15,,,Plein jour,Hors agglomération,Hors intersection,Pluie forte,Autre collision,,,,,,,,,,,1,1,1,3.0,6
201400047157,0014-04-26 16:00:00,14,4,26,16,0,930,64,AUTOROUTE A86,,,Plein jour,Hors agglomération,Hors intersection,Normale,Deux véhicules - arrière,,,,,,,,,,,1,1,1,1.0,2
201400047158,0014-04-26 18:00:00,14,4,26,18,0,920,36,AUTOROUTE A86,,,Plein jour,Hors agglomération,Hors intersection,Normale,Trois véhicules et plus - en chaîne,,,,,,,,,,,1,1,1,1.0,4
201400047159,0014-04-26 23:35:00,14,4,26,23,35,930,8,AUTOROUTE A86,48.9057,2.46307,Nuit avec éclairage non allumé,Hors agglomération,Hors intersection,Pluie légère,Sans collision,,,,,,,,,,,4,1,1,2.0,7
201400047160,0014-07-06 17:45:00,14,7,6,17,45,600,494,AUTOROUTE A1,,,Plein jour,Hors agglomération,Hors intersection,Pluie légère,Sans collision,,,,,,,,,,,1,1,1,2.0,7
201400047161,0014-07-09 11:10:00,14,7,9,11,10,930,10,AUTOROUTE A3,48.8895,2.47391,Plein jour,Hors agglomération,Hors intersection,Normale,Trois véhicules et plus - collisions multiples,,,,,,,,,,,1,1,1,1.0,5
201400047162,0014-07-11 08:20:00,14,7,11,8,20,950,394,A115,,,Plein jour,Hors agglomération,Hors intersection,Pluie légère,Autre collision,,,,,,,,,,,1,1,1,2.0,6
201400047163,0014-07-25 15:30:00,14,7,25,15,30,930,5,AUTOROUTE A3,48.9492,2.47504,Plein jour,Hors agglomération,Hors intersection,Normale,Trois véhicules et plus - en chaîne,,,,,,,,,,,1,1,1,1.0,4
201400047164,0014-08-01 07:00:00,14,8,1,7,0,950,212,RN 104,,,Crépuscule ou aube,Hors agglomération,Hors intersection,Pluie légère,Sans collision,,,,,,,,,,,2,1,1,2.0,7
201400047165,0014-07-28 08:30:00,14,7,28,8,30,950,277,AUTOROUTE A3,,,Plein jour,Hors agglomération,Hors intersection,Pluie légère,Sans collision,,,,,,,,,,,1,1,1,2.0,7
201400047166,0014-07-29 18:40:00,14,7,29,18,40,930,27,AUTOROUTE A86,48.9279,2.40993,Plein jour,Hors agglomération,Hors intersection,Pluie légère,Sans collision,,,,,,,,,,,1,1,1,2.0,7
201400047167,0014-08-05 17:45:00,14,8,5,17,45,950,18,AUTOROUTE A15,,,Plein jour,Hors agglomération,Hors intersection,Normale,Deux véhicules - arrière,,,,,,,,,,,1,1,1,1.0,2
201400047168,0014-05-01 16:00:00,14,5,1,16,0,930,53,AUTOROUTE A3,48.8835,2.45834,Plein jour,Hors agglomération,Hors intersection,Temps couvert,Deux véhicules - arrière,,,,,,,,,,,1,1,1,8.0,2