accident_id,datetime,annee,mois,jour,heure,minute,departement,commune_insee,adresse,latitude,longitude,luminosite,agglomeration,intersection,meteo,collision,nb_vehicules,nb_usagers,nb_indemnes,nb_tues,nb_blesses_hosp,nb_blesses_legers,age_cond_1,age_cond_2,veh_type_cond_1,veh_type_cond_2,lum_code,agg_code,int_code,atm_code,col_code
201400047169,0014-05-01 22:20:00,14,5,1,22,20,930,6,AUTOROUTE A3,48.8645,2.41293,Nuit avec éclairage non allumé,Hors agglomération,Hors intersection,Pluie forte,Sans collision,,,,,,,,,,,4,1,1,3.0,7
201400047170,0014-05-02 03:35:00,14,5,2,3,35,930,66,AUTOROUTE A1,48.93,2.3641,Nuit sans éclairage public,Hors agglomération,Hors intersection,Normale,Sans collision,,,,,,,,,,,3,1,1,1.0,7
201400047171,0014-05-02 05:30:00,14,5,2,5,30,950,154,AUTOROUTE A1,,,Crépuscule ou aube,Hors agglomération,Hors intersection,Normale,Deux véhicules - arrière,,,,,,,,,,,2,1,1,1.0,2
201400047172,0014-05-04 14:55:00,14,5,4,14,55,930,5,AUTOROUTE A3,48.9467,2.47628,Plein jour,Hors agglomération,Hors intersection,Normale,Trois véhicules et plus - en chaîne,,,,,,,,,,,1,1,1,1.0,4
201400047173,0014-05-05 08:15:00,14,5,5,8,15,930,53,AUTOROUTE A86,48.8876,2.47385,Plein jour,Hors agglomération,Hors intersection,Normale,Autre collision,,,,,,,,,,,1,1,1,1.0,6
201400047174,0014-05-05 13:55:00,14,5,5,13,55,950,607,AUTOROUTE A115,,,Plein jour,Hors agglomération,Hors intersection,Normale,Autre collision,,,,,,,,,,,1,1,1,1.0,6
201400047175,0014-05-05 15:18:00,14,5,5,15,18,930,10,AUTOROUTE A3,48.8895,2.47391,Plein jour,Hors agglomération,Hors intersection,Normale,Deux véhicules - arrière,,,,,,,,,,,1,1,1,1.0,2
201400047176,0014-05-06 14:45:00,14,5,6,14,45,930,66,AUTOROUTE A1,48.9157,2.35765,Plein jour,Hors agglomération,Hors intersection,Normale,Autre collision,,,,,,,,,,,1,1,1,1.0,6
201400047177,0014-05-06 17:55:00,14,5,6,17,55,950,277,AUTOROUTE A104,48.9728,2.4872,Plein jour,Hors agglomération,Hors intersection,Normale,Autre collision,,,,,,,,,,,1,1,1,1.0,6
201400047178,0014-05-06 18:20:00,14,5,6,18,20,950,572,ROUTE NATIONALE 184,,,Plein jour,Hors agglomération,Hors intersection,Normale,Deux véhicules - arrière,,,,,,,,,,,1,1,1,1.0,2
201400047179,0014-05-06 18:40:00,14,5,6,18,40,950,678,ROUTE NATIONALE 184,,,Plein jour,Hors agglomération,Hors intersection,Temps couvert,Deux véhicules - arrière,,,,,,,,,,,1,1,1,8.0,2
201400047180,0014-05-07 20:00:00,14,5,7,20,0,930,10,AUTOROUTE A86,48.8913,2.47295,Plein jour,Hors agglomération,Hors intersection,Normale,Deux véhicules - côté,,,,,,,,,,,1,1,1,1.0,3
201400047181,0014-05-08 18:56:00,14,5,8,18,56,930,1,AUTOROUTE A86,48.9208,2.37196,Plein jour,Hors agglomération,Hors intersection,Pluie légère,Trois véhicules et plus - en chaîne,,,,,,,,,,,1,1,1,2.0,4
201400047182,0014-05-08 22:15:00,14,5,8,22,15,930,66,AUTOROUTE A1,48.9238,2.35723,Nuit sans éclairage public,Hors agglomération,Hors intersection,Autre,Sans collision,,,,,,,,,,,3,1,1,9.0,7
201400047183,0014-05-08 22:45:00,14,5,8,22,45,930,66,AUTOROUTE A1,48.929,2.36024,Nuit sans éclairage public,Hors agglomération,Hors intersection,Normale,Autre collision,,,,,,,,,,,3,1,1,1.0,6
201400047184,0014-05-09 15:10:00,14,5,9,15,10,950,678,ROUTE NATIONALE 184,,,Plein jour,Hors agglomération,Hors intersection,Normale,Sans collision,,,,,,,,,,,1,1,1,1.0,7
201400047185,0014-05-09 16:30:00,14,5,9,16,30,930,10,AUTOROUTE A3,48.8895,2.47391,Plein jour,Hors agglomération,Hors intersection,Normale,Trois véhicules et plus - collisions multiples,,,,,,,,,,,1,1,1,1.0,5
201400047186,0014-05-09 20:15:00,14,5,9,20,15,950,572,AUTOROUTE A15,,,Plein jour,Hors agglomération,Hors intersection,Normale,Autre collision,,,,,,,,,,,1,1,1,1.0,6
201400047187,0014-05-10 14:30:00,14,5,10,14,30,930,64,AUTOROUTE A86,48.886,2.47273,Plein jour,Hors agglomération,Hors intersection,Pluie légère,Trois véhicules et plus - en chaîne,,,,,,,,,,,1,1,1,2.0,4
201400047188,0014-05-10 15:30:00,14,5,10,15,30,930,27,AUTOROUTE A86,48.9219,2.37785,Plein jour,Hors agglomération,Hors intersection,Pluie légère,Autre collision,,,,,,,,,,,1,1,1,2.0,6
201400047189,0014-05-10 16:30:00,14,5,10,16,30,930,53,AUTOROUTE A3,48.8838,2.46546,Plein jour,Hors agglomération,Hors intersection,Pluie forte,Autre collision,,,,,,,,,,,1,1,1,3.0,6
201400047190,0014-05-10 17:00:00,14,5,10,17,0,950,394,AUTOROUTE A115,,,Plein jour,Hors agglomération,Hors intersection,Normale,Autre collision,,,,,,,,,,,1,1,1,1.0,6
201400047191,0014-05-10 22:15:00,14,5,10,22,15,930,10,AUTOROUTE A3,48.8893,2.47381,Nuit sans éclairage public,Hors agglomération,Hors intersection,Normale,Autre collision,,,,,,,,,,,3,1,1,1.0,6
201400047192,0014-05-11 13:15:00,14,5,11,13,15,950,582,BD INTERCOMMUNAL PARISIS,48.9623,2.2637,Plein jour,Hors agglomération,Hors intersection,Normale,Autre collision,,,,,,,,,,,1,1,1,1.0,6
201400047193,0014-05-11 18:30:00,14,5,11,18,30,930,6,AUTOROUTE A3,48.8659,2.42125,Plein jour,Hors agglomération,Hors intersection,Pluie légère,Deux véhicules - arrière,,,,,,,,,,,1,1,1,2.0,2
201400047194,0014-05-12 14:45:00,14,5,12,14,45,930,48,AUTOROUTE A3,48.8731,2.43544,Plein jour,Hors agglomération,Hors intersection,Pluie forte,Sans collision,,,,,,,,,,,1,1,1,3.0,7
201400047195,0014-05-14 06:15:00,14,5,14,6,15,930,53,AUTOROUTE A86,48.8892,2.47413,Plein jour,Hors agglomération,Hors intersection,Normale,Deux véhicules - côté,,,,,,,,,,,1,1,1,1.0,3
201400047196,0014-05-14 10:15:00,14,5,14,10,15,600,505,AUTOROUTE A1,,,Plein jour,Hors agglomération,Hors intersection,Normale,Sans collision,,,,,,,,,,,1,1,1,1.0,7
201400047197,0014-05-15 07:40:00,14,5,15,7,40,930,5,AUTOROUTE A1,48.962,2.46984,Plein jour,Hors agglomération,Hors intersection,Normale,Deux véhicules - côté,,,,,,,,,,,1,1,1,1.0,3
201400047198,0014-05-15 09:50:00,14,5,15,9,50,950,582,AUTOROUTE A15,,,Plein jour,Hors agglomération,Hors intersection,Normale,Deux véhicules - côté,,,,,,,,,,,1,1,1,1.0,3
201400047199,0014-05-15 17:15:00,14,5,15,17,15,930,29,AUTOROUTE A86,48.9261,2.4224,Plein jour,Hors agglomération,Hors intersection,Normale,Autre collision,,,,,,,,,,,1,1,1,1.0,6
201400047200,0014-05-15 17:45:00,14,5,15,17,45,930,5,AUTOROUTE A104,48.9731,2.48807,Plein jour,Hors agglomération,Hors intersection,Normale,Deux véhicules - arrière,,,,,,,,,,,1,1,1,1.0,2
201400047201,0014-05-15 20:45:00,14,5,15,20,45,930,5,AUTOROUTE A3,48.9582,2.47323,Plein jour,Hors agglomération,Hors intersection,Normale,Deux véhicules - arrière,,,,,,,,,,,1,1,1,1.0,2
201400047202,0014-05-16 09:00:00,14,5,16,9,0,930,64,AUTOROUTE A86,48.8839,2.46943,Plein jour,Hors agglomération,Hors intersection,Normale,Deux véhicules - arrière,,,,,,,,,,,1,1,1,1.0,2
201400047203,0014-05-16 18:00:00,14,5,16,18,0,600,631,,,,Plein jour,Hors agglomération,Hors intersection,Normale,Deux véhicules - arrière,,,,,,,,,,,1,1,1,1.0,2
201400047204,0014-05-16 19:30:00,14,5,16,19,30,930,5,AUTOROUTE A3,48.9463,2.47621,Plein jour,Hors agglomération,Hors intersection,Normale,Trois véhicules et plus - en chaîne,,,,,,,,,,,1,1,1,1.0,4
201400047205,0014-05-16 20:30:00,14,5,16,20,30,930,6,AUTOROUTE A3,48.8699,2.43032,Plein jour,Hors agglomération,Hors intersection,Normale,Sans collision,,,,,,,,,,,1,1,1,1.0,7
201400047206,0014-05-17 15:25:00,14,5,17,15,25,950,607,AUTOROUTE A115,,,Plein jour,Hors agglomération,Hors intersection,Normale,Deux véhicules - arrière,,,,,,,,,,,1,1,1,1.0,2
201400047207,0014-05-18 18:10:00,14,5,18,18,10,950,527,AUTOROUTE A1,,,Plein jour,Hors agglomération,Hors intersection,Normale,Deux véhicules - arrière,,,,,,,,,,,1,1,1,1.0,2
201400047208,0014-05-18 20:20:00,14,5,18,20,20,930,53,AUTOROUTE A3,48.8835,2.45873,Plein jour,Hors agglomération,Hors intersection,Normale,Deux véhicules - arrière,,,,,,,,,,,1,1,1,1.0,2
201400047209,0014-05-20 16:30:00,14,5,20,16,30,930,63,AUTOROUTE A3,48.8774,2.44477,Plein jour,Hors agglomération,Hors intersection,Pluie légère,Deux véhicules - côté,,,,,,,,,,,1,1,1,2.0,3
201400047210,0014-05-20 17:30:00,14,5,20,17,30,930,8,AUTOROUTE A86,48.8986,2.46958,Plein jour,Hors agglomération,Hors intersection,Normale,Deux véhicules - arrière,,,,,,,,,,,1,1,1,1.0,2
201400047211,0014-05-20 17:35:00,14,5,20,17,35,930,63,AUTOROUTE A3,48.8758,2.44149,Plein jour,Hors agglomération,Hors intersection,Pluie légère,Deux véhicules - côté,,,,,,,,,,,1,1,1,2.0,3
201400047212,0014-05-20 19:15:00,14,5,20,19,15,930,8,AUTOROUTE A86,48.8969,2.47011,Plein jour,Hors agglomération,Hors intersection,Pluie légère,Deux véhicules - arrière,,,,,,,,,,,1,1,1,2.0,2
201400047213,0014-05-20 20:40:00,14,5,20,20,40,950,252,AUTOROUTE A15,,,Plein jour,Hors agglomération,Hors intersection,Pluie légère,Autre collision,,,,,,,,,,,1,1,1,2.0,6
201400047214,0014-05-20 20:35:00,14,5,20,20,35,950,256,AUTOROUTE A115,,,Plein jour,Hors agglomération,Hors intersection,Normale,Autre collision,,,,,,,,,,,1,1,1,1.0,6
201400047215,0014-05-21 07:30:00,14,5,21,7,30,930,27,AUTOROUTE A86,48.9236,2.38346,Plein jour,Hors agglomération,Hors intersection,Pluie légère,Deux véhicules - arrière,,,,,,,,,,,1,1,1,2.0,2
201400047216,0014-05-21 12:45:00,14,5,21,12,45,930,5,AUTOROUTE A3,48.96,2.47345,Plein jour,Hors agglomération,Hors intersection,Pluie légère,Autre collision,,,,,,,,,,,1,1,1,2.0,6
201400047217,0014-05-21 19:30:00,14,5,21,19,30,930,27,AUTOROUTE A86,48.9234,2.38362,Plein jour,Hors agglomération,Hors intersection,Pluie forte,Trois véhicules et plus - en chaîne,,,,,,,,,,,1,1,1,3.0,4
201400047218,0014-05-21 19:30:00,14,5,21,19,30,930,27,AUTOROUTE A86,48.9234,2.38362,Plein jour,Hors agglomération,Hors intersection,Pluie légère,Deux véhicules - arrière,,,,,,,,,,,1,1,1,2.0,2
201400047219,0014-05-22 22:45:00,14,5,22,22,45,930,64,AUTOROUTE A86,48.8682,2.482,Nuit avec éclairage non allumé,Hors agglomération,Hors intersection,Pluie forte,Autre collision,,,,,,,,,,,4,1,1,3.0,6
201400047220,0014-05-22 06:30:00,14,5,22,6,30,950,306,AUTOROUTE A15,,,Plein jour,Hors agglomération,Hors intersection,Normale,Autre collision,,,,,,,,,,,1,1,1,1.0,6
201400047221,0014-05-22 08:20:00,14,5,22,8,20,930,63,AUTOROUTE A3,48.8779,2.44592,Plein jour,Hors agglomération,Hors intersection,Normale,Trois véhicules et plus - en chaîne,,,,,,,,,,,1,1,1,1.0,4
201400047222,0014-05-22 08:30:00,14,5,22,8,30,930,48,AUTOROUTE A3,48.8731,2.43592,Plein jour,Hors agglomération,Hors intersection,Normale,Autre collision,,,,,,,,,,,1,1,1,1.0,6
201400047223,0014-05-22 09:25:00,14,5,22,9,25,930,78,AUTOROUTE A104,48.959,2.53602,Plein jour,Hors agglomération,Hors intersection,Normale,Deux véhicules - arrière,,,,,,,,,,,1,1,1,1.0,2
201400047224,0014-05-22 09:50:00,14,5,22,9,50,930,64,AUTOROUTE A86,48.8836,2.47155,Plein jour,Hors agglomération,Hors intersection,Normale,Autre collision,,,,,,,,,,,1,1,1,1.0,6
201400047225,0014-05-22 13:00:00,14,5,22,13,0,930,27,AUTOROUTE A86,48.922,2.37773,Plein jour,Hors agglomération,Hors intersection,Autre,Sans collision,,,,,,,,,,,1,1,1,9.0,7
201400047226,0014-05-23 05:40:00,14,5,23,5,40,930,78,AUTOROUTE A104,48.963,2.52244,Crépuscule ou aube,Hors agglomération,Hors intersection,Normale,Deux véhicules - côté,,,,,,,,,,,2,1,1,1.0,3
201400047227,0014-05-23 07:05:00,14,5,23,7,5,950,527,AUTOROUTE A1,,,Plein jour,Hors agglomération,Hors intersection,Normale,Deux véhicules - arrière,,,,,,,,,,,1,1,1,1.0,2
201400047228,0014-05-23 09:10:00,14,5,23,9,10,950,18,AUTOROUTE A15,,,Plein jour,Hors agglomération,Hors intersection,Normale,Deux véhicules - côté,,,,,,,,,,,1,1,1,1.0,3
201400047229,0014-05-23 17:30:00,14,5,23,17,30,930,64,AUTOROUTE A86,48.8822,2.47339,Plein jour,Hors agglomération,Hors intersection,Normale,Trois véhicules et plus - collisions multiples,,,,,,,,,,,1,1,1,1.0,5
201400047230,0014-05-23 17:20:00,14,5,23,17,20,930,66,AUTOROUTE A1,48.9339,2.3839,Plein jour,Hors agglomération,Hors intersection,Pluie légère,Trois véhicules et plus - en chaîne,,,,,,,,,,,1,1,1,2.0,4
201400047231,0014-05-23 18:35:00,14,5,23,18,35,930,6,AUTOROUTE A3,48.8692,2.42947,Plein jour,Hors agglomération,Hors intersection,Pluie légère,Sans collision,,,,,,,,,,,1,1,1,2.0,7
201400047232,0014-05-25 06:40:00,14,5,25,6,40,950,219,AUTOROUTE A115,,,Plein jour,Hors agglomération,Hors intersection,Normale,Autre collision,,,,,,,,,,,1,1,1,1.0,6
201400047233,0014-05-25 17:30:00,14,5,25,17,30,930,66,AUTOROUTE A1,48.9317,2.37003,Plein jour,Hors agglomération,Hors intersection,Normale,Deux véhicules - arrière,,,,,,,,,,,1,1,1,1.0,2
201400047234,0014-05-25 22:00:00,14,5,25,22,0,950,572,AUTOROUTE A15,,,Nuit sans éclairage public,Hors agglomération,Hors intersection,Normale,Deux véhicules - arrière,,,,,,,,,,,3,1,1,1.0,2
201400047235,0014-05-26 23:00:00,14,5,26,23,0,930,6,AUTOROUTE A3,48.8701,2.43053,Nuit sans éclairage public,Hors agglomération,Autre intersection,Normale,Deux véhicules - arrière,,,,,,,,,,,3,1,9,1.0,2
201400047236,0014-05-27 18:55:00,14,5,27,18,55,950,572,AUTOROUTE A15,,,Plein jour,Hors agglomération,Hors intersection,Pluie légère,Deux véhicules - côté,,,,,,,,,,,1,1,1,2.0,3
201400047237,0014-05-28 08:30:00,14,5,28,8,30,930,48,AUTOROUTE A3,48.8731,2.43544,Plein jour,Hors agglomération,Hors intersection,Pluie légère,Autre collision,,,,,,,,,,,1,1,1,2.0,6
201400047238,0014-05-28 09:45:00,14,5,28,9,45,950,252,AUTOROUTE A15,,,Plein jour,Hors agglomération,Hors intersection,Pluie forte,Autre collision,,,,,,,,,,,1,1,1,3.0,6
201400047239,0014-05-28 23:15:00,14,5,28,23,15,950,555,BD INTERCOMMUNAL PARISIS,48.9767,2.2817,Nuit sans éclairage public,Hors agglomération,Hors intersection,Pluie légère,Autre collision,,,,,,,,,,,3,1,1,2.0,6
201400047240,0014-05-29 03:50:00,14,5,29,3,50,930,63,AUTOROUTE A3,48.8774,2.44477,Nuit sans éclairage public,Hors agglomération,Hors intersection,Normale,Deux véhicules - arrière,,,,,,,,,,,3,1,1,1.0,2
201400047241,0014-05-29 08:15:00,14,5,29,8,15,920,36,AUTOROUTE A86,,,Plein jour,Hors agglomération,Hors intersection,Normale,Autre collision,,,,,,,,,,,1,1,1,1.0,6
201400047242,0014-05-30 17:00:00,14,5,30,17,0,950,488,AUTOROUTE A15,,,Plein jour,Hors agglomération,Hors intersection,Normale,Deux véhicules - côté,,,,,,,,,,,1,1,1,1.0,3
201400047243,0014-05-30 19:15:00,14,5,30,19,15,930,5,AUTOROUTE A104,48.9731,2.48519,Plein jour,Hors agglomération,Hors intersection,Normale,Autre collision,,,,,,,,,,,1,1,1,1.0,6
201400047244,0014-05-30 20:00:00,14,5,30,20,0,930,64,AUTOROUTE A86,48.8682,2.482,Plein jour,Hors agglomération,Hors intersection,Normale,Deux véhicules - arrière,,,,,,,,,,,1,1,1,1.0,2
201400047245,0014-05-31 21:40:00,14,5,31,21,40,950,424,AUTOROUTE A15,,,Plein jour,Hors agglomération,Hors intersection,Normale,Deux véhicules - arrière,,,,,,,,,,,1,1,1,1.0,2
201400047246,0014-05-31 08:25:00,14,5,31,8,25,950,641,AUTOROUTE A1,,,Plein jour,Hors agglomération,Hors intersection,Normale,Deux véhicules - arrière,,,,,,,,,,,1,1,1,1.0,2
201400047247,0014-09-16 10:00:00,14,9,16,10,0,950,555,BD INTERCOMMUNAL DU PARI,48.9706,2.2753,Plein jour,Hors agglomération,Hors intersection,Normale,Autre collision,,,,,,,,,,,1,1,1,1.0,6
201400047248,0014-09-21 09:30:00,14,9,21,9,30,930,63,AUTOROUTE A3,48.8769,2.44323,Plein jour,Hors agglomération,Hors intersection,Normale,Deux véhicules - côté,,,,,,,,,,,1,1,1,1.0,3
201400047249,0014-06-01 01:05:00,14,6,1,1,5,930,10,AUTOROUTE A3,48.8895,2.47391,Nuit sans éclairage public,Hors agglomération,Hors intersection,Normale,Deux véhicules - arrière,,,,,,,,,,,3,1,1,1.0,2
201400047250,0014-06-01 02:10:00,14,6,1,2,10,920,36,AUTOROUTE A86,,,Nuit sans éclairage public,Hors agglomération,Hors intersection,Normale,Autre collision,,,,,,,,,,,3,1,1,1.0,6
201400047251,0014-06-01 21:40:00,14,6,1,21,40,930,27,AUTOROUTE A86,48.9234,2.38362,Nuit sans éclairage public,Hors agglomération,Hors intersection,Normale,Sans collision,,,,,,,,,,,3,1,1,1.0,7
201400047252,0014-06-02 03:20:00,14,6,2,3,20,600,138,,,,Nuit avec éclairage allumé,Hors agglomération,Hors intersection,Normale,Sans collision,,,,,,,,,,,5,1,1,1.0,7
201400047253,0014-06-02 06:20:00,14,6,2,6,20,930,5,AUTOROUTE A3,48.9507,2.47432,Plein jour,Hors agglomération,Hors intersection,Normale,Deux véhicules - arrière,,,,,,,,,,,1,1,1,1.0,2
201400047254,0014-06-02 18:45:00,14,6,2,18,45,950,572,ROUTE NATIONALE 184,,,Plein jour,Hors agglomération,Hors intersection,Normale,Trois véhicules et plus - en chaîne,,,,,,,,,,,1,1,1,1.0,4
201400047255,0014-06-23 10:50:00,14,6,23,10,50,930,8,AUTOROUTE A86,48.8941,2.47214,Plein jour,Hors agglomération,Hors intersection,Normale,Deux véhicules - arrière,,,,,,,,,,,1,1,1,1.0,2
201400047256,0014-06-03 14:45:00,14,6,3,14,45,930,64,AUTOROUTE A86,48.8682,2.482,Plein jour,Hors agglomération,Hors intersection,Normale,Deux véhicules - arrière,,,,,,,,,,,1,1,1,1.0,2
201400047257,0014-06-03 17:15:00,14,6,3,17,15,950,252,AUTOROUTE A15,,,Plein jour,Hors agglomération,Hors intersection,Normale,Deux véhicules - arrière,,,,,,,,,,,1,1,1,1.0,2
201400047258,0014-06-03 20:50:00,14,6,3,20,50,930,64,AUTOROUTE A86,48.8844,2.4715,Crépuscule ou aube,Hors agglomération,Hors intersection,Normale,Deux véhicules - côté,,,,,,,,,,,2,1,1,1.0,3
201400047259,0014-06-04 08:15:00,14,6,4,8,15,930,27,AUTOROUTE A86,48.9265,2.40362,Plein jour,Hors agglomération,Hors intersection,Normale,Deux véhicules - arrière,,,,,,,,,,,1,1,1,1.0,2
201400047260,0014-06-04 09:45:00,14,6,4,9,45,920,36,AUTOROUTE A15,,,Plein jour,Hors agglomération,Hors intersection,Pluie forte,Autre collision,,,,,,,,,,,1,1,1,3.0,6
201400047261,0014-06-04 10:30:00,14,6,4,10,30,950,582,BD INTERCOMMUNAL PARISIS,48.9671,2.2735,Plein jour,Hors agglomération,Hors intersection,Normale,Deux véhicules - côté,,,,,,,,,,,1,1,1,1.0,3
201400047262,0014-06-04 12:00:00,14,6,4,12,0,930,53,AUTOROUTE A103,48.9061,2.35855,Plein jour,Hors agglomération,Hors intersection,Normale,Autre collision,,,,,,,,,,,1,1,1,1.0,6
201400047263,0014-06-04 12:20:00,14,6,4,12,20,920,36,ROUTE NATIONALE 315,,,Plein jour,Hors agglomération,Hors intersection,Normale,Autre collision,,,,,,,,,,,1,1,1,1.0,6
201400047264,0014-06-04 15:15:00,14,6,4,15,15,950,18,AUTOROUTE A15,,,Plein jour,Hors agglomération,Hors intersection,Pluie forte,Deux véhicules - côté,,,,,,,,,,,1,1,1,3.0,3
201400047265,0014-06-04 17:45:00,14,6,4,17,45,950,582,AUTOROUTE A15,,,Plein jour,Hors agglomération,Hors intersection,Normale,Autre collision,,,,,,,,,,,1,1,1,1.0,6
201400047266,0014-06-04 18:30:00,14,6,4,18,30,950,127,AUTOROUTE A15,,,Plein jour,Hors agglomération,Hors intersection,Normale,Sans collision,,,,,,,,,,,1,1,1,1.0,7
201400047267,0014-06-04 20:50:00,14,6,4,20,50,930,10,AUTOROUTE A3,48.8893,2.47381,Plein jour,Hors agglomération,Hors intersection,Normale,Deux véhicules - côté,,,,,,,,,,,1,1,1,1.0,3
201400047268,0014-06-05 09:20:00,14,6,5,9,20,930,10,AUTOROUTE A3,48.8895,2.47391,Plein jour,Hors agglomération,Hors intersection,Normale,Autre collision,,,,,,,,,,,1,1,1,1.0,6
201400047269,0014-06-06 18:15:00,14,6,6,18,15,930,27,AUTOROUTE A1,48.9345,2.39758,Plein jour,Hors agglomération,Hors intersection,Normale,Deux véhicules - côté,,,,,,,,,,,1,1,1,1.0,3
201400047270,0014-06-06 09:25:00,14,6,6,9,25,930,78,AUTOROUTE A104,48.9713,2.49859,Plein jour,Hors agglomération,Hors intersection,Normale,Autre collision,,,,,,,,,,,1,1,1,1.0,6
201400047271,0014-06-06 14:00:00,14,6,6,14,0,920,78,AUTOROUTE A86,,,Plein jour,Hors agglomération,Hors intersection,Normale,Deux véhicules - arrière,,,,,,,,,,,1,1,1,1.0,2
201400047272,0014-06-06 15:00:00,14,6,6,15,0,930,13,AUTOROUTE A1,48.9436,2.43541,Plein jour,Hors agglomération,Hors intersection,Normale,Autre collision,,,,,,,,,,,1,1,1,1.0,6
201400047273,0014-06-06 19:00:00,14,6,6,19,0,930,64,AUTOROUTE A86,48.8839,2.46943,Plein jour,Hors agglomération,Hors intersection,Normale,Deux véhicules - côté,,,,,,,,,,,1,1,1,1.0,3
201400047274,0014-06-06 21:25:00,14,6,6,21,25,930,6,AUTOROUTE A3,48.8701,2.4303,Plein jour,Hors agglomération,Hors intersection,Normale,Deux véhicules - arrière,,,,,,,,,,,1,1,1,1.0,2
201400047275,0014-06-08 03:30:00,14,6,8,3,30,930,66,AUTOROUTE A1,48.922,2.35734,Nuit avec éclairage allumé,Hors agglomération,Hors intersection,Normale,Trois véhicules et plus - collisions multiples,,,,,,,,,,,5,1,1,1.0,5
201400047276,0014-06-08 04:40:00,14,6,8,4,40,930,66,AUTOROUTE A1,48.9175,2.35768,Nuit sans éclairage public,Hors agglomération,Hors intersection,Pluie forte,Trois véhicules et plus - collisions multiples,,,,,,,,,,,3,1,1,3.0,5
201400047277,0014-06-08 06:00:00,14,6,8,6,0,930,8,AUTOROUTE A86,48.9086,2.45013,Crépuscule ou aube,Hors agglomération,Hors intersection,Pluie légère,Sans collision,,,,,,,,,,,2,1,1,2.0,7
201400047278,0014-06-08 16:25:00,14,6,8,16,25,930,6,AUTOROUTE A3,48.8701,2.4303,Plein jour,Hors agglomération,Hors intersection,Normale,Autre collision,,,,,,,,,,,1,1,1,1.0,6
201400047279,0014-06-09 09:50:00,14,6,9,9,50,950,277,AUTOROUTE A104,,,Plein jour,Hors agglomération,Hors intersection,Normale,Deux véhicules - côté,,,,,,,,,,,1,1,1,1.0,3
201400047280,0014-06-09 10:20:00,14,6,9,10,20,920,36,AUTOROUTE A86,,,Plein jour,Hors agglomération,Hors intersection,Pluie légère,Deux véhicules - côté,,,,,,,,,,,1,1,1,2.0,3
201400047281,0014-06-09 13:30:00,14,6,9,13,30,930,27,AUTOROUTE A86,48.9269,2.40467,Plein jour,Hors agglomération,Hors intersection,Normale,Deux véhicules - arrière,,,,,,,,,,,1,1,1,1.0,2
201400047282,0014-06-09 17:40:00,14,6,9,17,40,920,36,AUTOROUTE A15,,,Plein jour,Hors agglomération,Hors intersection,Normale,Deux véhicules - arrière,,,,,,,,,,,1,1,1,1.0,2
201400047283,0014-06-09 18:20:00,14,6,9,18,20,930,63,AUTOROUTE A3,48.8731,2.43544,Plein jour,Hors agglomération,Hors intersection,Normale,Trois véhicules et plus - en chaîne,,,,,,,,,,,1,1,1,1.0,4
201400047284,0014-06-09 10:30:00,14,6,9,10,30,950,572,AUTOROUTE A15,,,Plein jour,Hors agglomération,Hors intersection,Normale,Autre collision,,,,,,,,,,,1,1,1,1.0,6
201400047285,0014-06-10 06:45:00,14,6,10,6,45,950,256,AUTOROUTE A115,,,Plein jour,Hors agglomération,Hors intersection,Normale,Autre collision,,,,,,,,,,,1,1,1,1.0,6
201400047286,0014-06-10 08:40:00,14,6,10,8,40,930,48,AUTOROUTE A86,48.8665,2.48142,Plein jour,Hors agglomération,Hors intersection,Temps couvert,Autre collision,,,,,,,,,,,1,1,1,8.0,6
201400047287,0014-06-10 12:30:00,14,6,10,12,30,930,10,AUTOROUTE A86,48.9005,2.46998,Plein jour,Hors agglomération,Hors intersection,Pluie légère,Deux véhicules - arrière,,,,,,,,,,,1,1,1,2.0,2
201400047288,0014-06-10 13:00:00,14,6,10,13,0,930,66,AUTOROUTE A1,48.9193,2.35757,Plein jour,Hors agglomération,Hors intersection,Pluie forte,Trois véhicules et plus - en chaîne,,,,,,,,,,,1,1,1,3.0,4
201400047289,0014-06-10 15:00:00,14,6,10,15,0,930,73,AUTOROUTE A104,,,Plein jour,Hors agglomération,Hors intersection,Pluie légère,Deux véhicules - arrière,,,,,,,,,,,1,1,1,2.0,2
201400047290,0014-06-10 15:30:00,14,6,10,15,30,950,527,AUTOROUTE A3,,,Plein jour,Hors agglomération,Hors intersection,Pluie forte,Autre collision,,,,,,,,,,,1,1,1,3.0,6
201400047291,0014-06-10 17:00:00,14,6,10,17,0,930,39,AUTOROUTE A86,48.9265,2.33658,Plein jour,Hors agglomération,Hors intersection,Pluie forte,Autre collision,,,,,,,,,,,1,1,1,3.0,6
201400047292,0014-06-10 18:00:00,14,6,10,18,0,930,27,AUTOROUTE A1,48.9363,2.40606,Plein jour,Hors agglomération,Hors intersection,Normale,Deux véhicules - arrière,,,,,,,,,,,1,1,1,1.0,2
201400047293,0014-06-10 19:30:00,14,6,10,19,30,930,53,AUTOROUTE A3,48.8814,2.45383,Plein jour,Hors agglomération,Hors intersection,Pluie légère,Autre collision,,,,,,,,,,,1,1,1,2.0,6
201400047294,0014-06-11 09:00:00,14,6,11,9,0,930,64,AUTOROUTE A86,48.8682,2.482,Plein jour,Hors agglomération,Hors intersection,Normale,Autre collision,,,,,,,,,,,1,1,1,1.0,6
201400047295,0014-06-11 14:35:00,14,6,11,14,35,950,306,AUTOROUTE A15,,,Plein jour,Hors agglomération,Hors intersection,Normale,Deux véhicules - arrière,,,,,,,,,,,1,1,1,1.0,2
201400047296,0014-06-11 18:30:00,14,6,11,18,30,930,5,AUTOROUTE A3,48.9459,2.47642,Plein jour,Hors agglomération,Hors intersection,Normale,Deux véhicules - côté,,,,,,,,,,,1,1,1,1.0,3
201400047297,0014-06-12 08:35:00,14,6,12,8,35,950,582,BD INTERCOMMUNAL PARISIS,48.9641,2.2684,Plein jour,Hors agglomération,Hors intersection,Normale,Deux véhicules - côté,,,,,,,,,,,1,1,1,1.0,3