accident_id,datetime,annee,mois,jour,heure,minute,departement,commune_insee,adresse,latitude,longitude,luminosite,agglomeration,intersection,meteo,collision,nb_vehicules,nb_usagers,nb_indemnes,nb_tues,nb_blesses_hosp,nb_blesses_legers,age_cond_1,age_cond_2,veh_type_cond_1,veh_type_cond_2,lum_code,agg_code,int_code,atm_code,col_code
201400047298,0014-06-12 09:30:00,14,6,12,9,30,950,277,AUTOROUTE A104,48.9729,2.4851,Plein jour,Hors agglomération,Hors intersection,Normale,Sans collision,,,,,,,,,,,1,1,1,1.0,7
201400047299,0014-06-12 08:45:00,14,6,12,8,45,930,48,AUTOROUTE A3,48.8731,2.43592,Plein jour,Hors agglomération,Hors intersection,Normale,Deux véhicules - arrière,,,,,,,,,,,1,1,1,1.0,2
201400047300,0014-06-12 20:30:00,14,6,12,20,30,950,256,ROUTE NATIONALE 184,,,Plein jour,Hors agglomération,Hors intersection,Normale,Autre collision,,,,,,,,,,,1,1,1,1.0,6
201400047301,0014-06-13 06:30:00,14,6,13,6,30,930,8,AUTOROUTE A86,48.9071,2.45593,Plein jour,Hors agglomération,Hors intersection,Normale,Deux véhicules - arrière,,,,,,,,,,,1,1,1,1.0,2
201400047302,0014-06-13 07:40:00,14,6,13,7,40,950,582,AUTOROUTE A15,,,Plein jour,Hors agglomération,Hors intersection,Normale,Deux véhicules - côté,,,,,,,,,,,1,1,1,1.0,3
201400047303,0014-06-13 08:30:00,14,6,13,8,30,930,7,AUTOROUTE A1,48.9436,2.43541,Plein jour,Hors agglomération,Hors intersection,Normale,Autre collision,,,,,,,,,,,1,1,1,1.0,6
201400047304,0014-06-13 09:15:00,14,6,13,9,15,930,66,AUTOROUTE A1,48.9234,2.35708,Plein jour,Hors agglomération,Hors intersection,Normale,Deux véhicules - côté,,,,,,,,,,,1,1,1,1.0,3
201400047305,0014-06-13 09:00:00,14,6,13,9,0,950,18,AUTOROUTE A15,,,Plein jour,Hors agglomération,Hors intersection,Normale,Deux véhicules - côté,,,,,,,,,,,1,1,1,1.0,3
201400047306,0014-06-13 12:40:00,14,6,13,12,40,920,78,AUTOROUTE A86,,,Plein jour,Hors agglomération,Hors intersection,Normale,Trois véhicules et plus - en chaîne,,,,,,,,,,,1,1,1,1.0,4
201400047307,0014-06-13 14:00:00,14,6,13,14,0,930,53,AUTOROUTE A3,48.8839,2.45954,Plein jour,Hors agglomération,Hors intersection,Normale,Deux véhicules - arrière,,,,,,,,,,,1,1,1,1.0,2
201400047308,0014-06-13 18:00:00,14,6,13,18,0,930,27,AUTOROUTE A86,48.9279,2.40993,Plein jour,Hors agglomération,Hors intersection,Normale,Trois véhicules et plus - collisions multiples,,,,,,,,,,,1,1,1,1.0,5
201400047309,0014-06-14 05:50:00,14,6,14,5,50,950,572,AUTOROUTE A15,,,Plein jour,Hors agglomération,Hors intersection,Normale,Autre collision,,,,,,,,,,,1,1,1,1.0,6
201400047310,0014-06-14 08:40:00,14,6,14,8,40,950,18,AUTOROUTE A15,,,Plein jour,Hors agglomération,Hors intersection,Normale,Autre collision,,,,,,,,,,,1,1,1,1.0,6
201400047311,0014-06-14 16:10:00,14,6,14,16,10,600,494,AUTOROUTE A1,,,Plein jour,Hors agglomération,Hors intersection,Normale,Deux véhicules - arrière,,,,,,,,,,,1,1,1,1.0,2
201400047312,0014-06-14 17:45:00,14,6,14,17,45,930,6,AUTOROUTE A3,48.8669,2.42545,Plein jour,Hors agglomération,Hors intersection,Normale,Deux véhicules - arrière,,,,,,,,,,,1,1,1,1.0,2
201400047313,0014-06-15 01:05:00,14,6,15,1,5,950,488,AUTOROUTE A15,,,Nuit avec éclairage non allumé,Hors agglomération,Hors intersection,Normale,Deux véhicules - côté,,,,,,,,,,,4,1,1,1.0,3
201400047314,0014-06-16 09:45:00,14,6,16,9,45,920,78,AUTOROUTE A86,,,Plein jour,Hors agglomération,Hors intersection,Normale,Trois véhicules et plus - en chaîne,,,,,,,,,,,1,1,1,1.0,4
201400047315,0014-06-16 10:40:00,14,6,16,10,40,920,36,AUTOROUTE A86,,,Plein jour,Hors agglomération,Hors intersection,Normale,Trois véhicules et plus - en chaîne,,,,,,,,,,,1,1,1,1.0,4
201400047316,0014-06-16 17:15:00,14,6,16,17,15,950,572,ROUTE NATIONALE 184,,,Plein jour,Hors agglomération,Hors intersection,Normale,Trois véhicules et plus - en chaîne,,,,,,,,,,,1,1,1,1.0,4
201400047317,0014-06-16 18:40:00,14,6,16,18,40,930,64,AUTOROUTE A103,,,Plein jour,Hors agglomération,Hors intersection,Normale,Deux véhicules - côté,,,,,,,,,,,1,1,1,1.0,3
201400047318,0014-06-17 13:30:00,14,6,17,13,30,930,66,AUTOROUTE A1,48.9097,2.35828,Plein jour,Hors agglomération,Hors intersection,Normale,Trois véhicules et plus - en chaîne,,,,,,,,,,,1,1,1,1.0,4
201400047319,0014-06-17 18:00:00,14,6,17,18,0,930,27,AUTOROUTE A86,48.9286,2.41528,Plein jour,Hors agglomération,Hors intersection,Normale,Trois véhicules et plus - collisions multiples,,,,,,,,,,,1,1,1,1.0,5
201400047320,0014-06-17 18:30:00,14,6,17,18,30,950,241,RN 104,,,Plein jour,Hors agglomération,Hors intersection,Normale,Trois véhicules et plus - en chaîne,,,,,,,,,,,1,1,1,1.0,4
201400047321,0014-06-18 22:30:00,14,6,18,22,30,950,18,AUTOROUTE A15,,,Nuit avec éclairage non allumé,Hors agglomération,Hors intersection,Normale,Autre collision,,,,,,,,,,,4,1,1,1.0,6
201400047322,0014-06-19 09:10:00,14,6,19,9,10,930,10,AUTOROUTE A3,48.8895,2.47391,Plein jour,Hors agglomération,Hors intersection,Normale,Deux véhicules - côté,,,,,,,,,,,1,1,1,1.0,3
201400047323,0014-06-19 13:15:00,14,6,19,13,15,930,5,AUTOROUTE A1,48.9577,2.46287,Plein jour,Hors agglomération,Hors intersection,Normale,Sans collision,,,,,,,,,,,1,1,1,1.0,7
201400047324,0014-06-19 14:00:00,14,6,19,14,0,950,582,AUTOROUTE A15,,,Plein jour,Hors agglomération,Hors intersection,Normale,Deux véhicules - arrière,,,,,,,,,,,1,1,1,1.0,2
201400047325,0014-06-19 14:30:00,14,6,19,14,30,930,53,AUTOROUTE A3,48.8835,2.45873,Plein jour,Hors agglomération,Hors intersection,Normale,Autre collision,,,,,,,,,,,1,1,1,1.0,6
201400047326,0014-06-19 16:00:00,14,6,19,16,0,930,13,AUTOROUTE A1,48.9388,2.41706,Plein jour,Hors agglomération,Hors intersection,Normale,Deux véhicules - arrière,,,,,,,,,,,1,1,1,1.0,2
201400047327,0014-06-19 17:00:00,14,6,19,17,0,930,7,AUTOROUTE A1,48.9515,2.451,Plein jour,Hors agglomération,Hors intersection,Normale,Trois véhicules et plus - en chaîne,,,,,,,,,,,1,1,1,1.0,4
201400047328,0014-06-19 17:25:00,14,6,19,17,25,930,10,AUTOROUTE A3,48.8893,2.47381,Plein jour,Hors agglomération,Hors intersection,Normale,Deux véhicules - côté,,,,,,,,,,,1,1,1,1.0,3
201400047329,0014-06-19 19:55:00,14,6,19,19,55,920,78,AUTOROUTE A86,,,Plein jour,Hors agglomération,Hors intersection,Normale,Trois véhicules et plus - en chaîne,,,,,,,,,,,1,1,1,1.0,4
201400047330,0014-06-20 07:15:00,14,6,20,7,15,930,10,AUTOROUTE A3,48.8862,2.47306,Plein jour,Hors agglomération,Hors intersection,Normale,Autre collision,,,,,,,,,,,1,1,1,1.0,6
201400047331,0014-06-20 07:30:00,14,6,20,7,30,930,27,AUTOROUTE A86,48.9236,2.38346,Plein jour,Hors agglomération,Hors intersection,Normale,Autre collision,,,,,,,,,,,1,1,1,1.0,6
201400047332,0014-06-20 09:00:00,14,6,20,9,0,950,582,AUTOROUTE A15,,,Plein jour,Hors agglomération,Hors intersection,Normale,Deux véhicules - arrière,,,,,,,,,,,1,1,1,1.0,2
201400047333,0014-06-20 10:00:00,14,6,20,10,0,930,53,AUTOROUTE A3,48.8838,2.46682,Plein jour,Hors agglomération,Hors intersection,Normale,Trois véhicules et plus - collisions multiples,,,,,,,,,,,1,1,1,1.0,5
201400047334,0014-06-20 13:30:00,14,6,20,13,30,930,7,AUTOROUTE A3,48.9319,2.48086,Plein jour,Hors agglomération,Hors intersection,Normale,Autre collision,,,,,,,,,,,1,1,1,1.0,6
201400047335,0014-06-20 19:30:00,14,6,20,19,30,930,8,AUTOROUTE A86,48.9123,2.43767,Plein jour,Hors agglomération,Hors intersection,Normale,Deux véhicules - arrière,,,,,,,,,,,1,1,1,1.0,2
201400047336,0014-06-21 22:05:00,14,6,21,22,5,930,10,AUTOROUTE A3,48.8895,2.47391,Nuit sans éclairage public,Hors agglomération,Hors intersection,Normale,Sans collision,,,,,,,,,,,3,1,1,1.0,7
201400047337,0014-06-21 12:55:00,14,6,21,12,55,920,78,AUTOROUTE A86,,,Plein jour,Hors agglomération,Hors intersection,Normale,Deux véhicules - côté,,,,,,,,,,,1,1,1,1.0,3
201400047338,0014-06-21 13:30:00,14,6,21,13,30,930,66,AUTOROUTE A1,48.9193,2.35757,Plein jour,Hors agglomération,Hors intersection,Normale,Deux véhicules - arrière,,,,,,,,,,,1,1,1,1.0,2
201400047339,0014-06-21 14:30:00,14,6,21,14,30,930,66,AUTOROUTE A1,48.9211,2.35742,Plein jour,Hors agglomération,Hors intersection,Normale,Deux véhicules - arrière,,,,,,,,,,,1,1,1,1.0,2
201400047340,0014-06-21 16:00:00,14,6,21,16,0,950,582,AUTOROUTE A15,,,Plein jour,Hors agglomération,Hors intersection,Normale,Deux véhicules - arrière,,,,,,,,,,,1,1,1,1.0,2
201400047341,0014-06-22 04:30:00,14,6,22,4,30,930,6,AUTOROUTE A3,48.8661,2.42272,Nuit avec éclairage non allumé,Hors agglomération,Hors intersection,Normale,Sans collision,,,,,,,,,,,4,1,1,1.0,7
201400047342,0014-06-22 20:22:00,14,6,22,20,22,950,488,AUTOROUTE A15,,,Plein jour,Hors agglomération,Hors intersection,Normale,Deux véhicules - arrière,,,,,,,,,,,1,1,1,1.0,2
201400047343,0014-06-23 08:50:00,14,6,23,8,50,930,53,AUTOROUTE A3,48.8841,2.46089,Plein jour,Hors agglomération,Hors intersection,Normale,Deux véhicules - côté,,,,,,,,,,,1,1,1,1.0,3
201400047344,0014-06-23 09:30:00,14,6,23,9,30,930,66,AUTOROUTE A86,48.9223,2.35605,Plein jour,Hors agglomération,Hors intersection,Normale,Trois véhicules et plus - collisions multiples,,,,,,,,,,,1,1,1,1.0,5
201400047345,0014-06-23 12:10:00,14,6,23,12,10,950,491,AUTOROUTE A115,,,Plein jour,Hors agglomération,Hors intersection,Normale,Deux véhicules - arrière,,,,,,,,,,,1,1,1,1.0,2
201400047346,0014-06-23 15:15:00,14,6,23,15,15,930,6,AUTOROUTE A3,48.8662,2.42256,Plein jour,Hors agglomération,Hors intersection,Normale,Trois véhicules et plus - en chaîne,,,,,,,,,,,1,1,1,1.0,4
201400047347,0014-06-23 16:15:00,14,6,23,16,15,930,7,AUTOROUTE A3,48.9331,2.48087,Plein jour,Hors agglomération,Hors intersection,Normale,Deux véhicules - côté,,,,,,,,,,,1,1,1,1.0,3
201400047348,0014-06-24 17:20:00,14,6,24,17,20,930,63,AUTOROUTE A3,48.8769,2.44323,Plein jour,Hors agglomération,Hors intersection,Normale,Autre collision,,,,,,,,,,,1,1,1,1.0,6
201400047349,0014-06-25 01:06:00,14,6,25,1,6,930,27,AUTOROUTE A1,48.9345,2.39758,Nuit sans éclairage public,Hors agglomération,Hors intersection,Normale,Sans collision,,,,,,,,,,,3,1,1,1.0,7
201400047350,0014-06-25 10:15:00,14,6,25,10,15,930,8,AUTOROUTE A86,48.9123,2.43767,Plein jour,Hors agglomération,Hors intersection,Normale,Deux véhicules - arrière,,,,,,,,,,,1,1,1,1.0,2
201400047351,0014-06-25 14:00:00,14,6,25,14,0,950,500,AUTOROUTE A15,,,Plein jour,Hors agglomération,Hors intersection,Normale,Autre collision,,,,,,,,,,,1,1,1,1.0,6
201400047352,0014-06-25 17:20:00,14,6,25,17,20,950,256,ROUTE NATIONALE 184,,,Plein jour,Hors agglomération,Hors intersection,Normale,Deux véhicules - côté,,,,,,,,,,,1,1,1,1.0,3
201400047353,0014-06-25 18:30:00,14,6,25,18,30,930,27,AUTOROUTE A86,48.9252,2.39423,Plein jour,Hors agglomération,Hors intersection,Normale,Deux véhicules - côté,,,,,,,,,,,1,1,1,1.0,3
201400047354,0014-06-25 18:55:00,14,6,25,18,55,950,394,ROUTE NATIONALE 184,,,Plein jour,Hors agglomération,Hors intersection,Normale,Sans collision,,,,,,,,,,,1,1,1,1.0,7
201400047355,0014-06-26 08:55:00,14,6,26,8,55,920,36,AUTOROUTE A15,,,Plein jour,Hors agglomération,Hors intersection,Normale,Sans collision,,,,,,,,,,,1,1,1,1.0,7
201400047356,0014-06-26 15:40:00,14,6,26,15,40,930,64,AUTOROUTE A86,48.8691,2.4824,Plein jour,Hors agglomération,Hors intersection,Normale,Deux véhicules - arrière,,,,,,,,,,,1,1,1,1.0,2
201400047357,0014-06-27 07:30:00,14,6,27,7,30,930,7,AUTOROUTE A1,48.9436,2.43541,Plein jour,Hors agglomération,Hors intersection,Normale,Deux véhicules - arrière,,,,,,,,,,,1,1,1,1.0,2
201400047358,0014-06-27 14:18:00,14,6,27,14,18,930,29,AUTOROUTE A86,48.9188,2.42869,Plein jour,Hors agglomération,Hors intersection,Normale,Deux véhicules - arrière,,,,,,,,,,,1,1,1,1.0,2
201400047359,0014-06-27 16:00:00,14,6,27,16,0,950,252,AUTOROUTE A15,,,Plein jour,Hors agglomération,Hors intersection,Normale,Deux véhicules - arrière,,,,,,,,,,,1,1,1,1.0,2
201400047360,0014-06-27 17:40:00,14,6,27,17,40,950,641,AUTOROUTE A1,,,Plein jour,Hors agglomération,Hors intersection,Normale,Deux véhicules - arrière,,,,,,,,,,,1,1,1,1.0,2
201400047361,0014-06-27 18:15:00,14,6,27,18,15,930,27,AUTOROUTE A86,48.9239,2.38627,Plein jour,Hors agglomération,Hors intersection,Normale,Deux véhicules - arrière,,,,,,,,,,,1,1,1,1.0,2
201400047362,0014-06-27 19:50:00,14,6,27,19,50,950,678,ROUTE NATIONALE 184,,,Plein jour,Hors agglomération,Hors intersection,Normale,Deux véhicules - arrière,,,,,,,,,,,1,1,1,1.0,2
201400047363,0014-06-27 20:15:00,14,6,27,20,15,930,73,AUTOROUTE A104,48.9692,2.56777,Plein jour,Hors agglomération,Hors intersection,Normale,Sans collision,,,,,,,,,,,1,1,1,1.0,7
201400047364,0014-06-28 10:45:00,14,6,28,10,45,930,66,AUTOROUTE A1,48.9103,2.35824,Plein jour,Hors agglomération,Hors intersection,Normale,Deux véhicules - arrière,,,,,,,,,,,1,1,1,1.0,2
201400047365,0014-06-28 12:30:00,14,6,28,12,30,930,66,AUTOROUTE A1,48.9217,2.35719,Plein jour,Hors agglomération,Hors intersection,Normale,Autre collision,,,,,,,,,,,1,1,1,1.0,6
201400047366,0014-06-28 16:30:00,14,6,28,16,30,930,29,AUTOROUTE A86,48.9259,2.42274,Plein jour,Hors agglomération,Hors intersection,Pluie légère,Trois véhicules et plus - en chaîne,,,,,,,,,,,1,1,1,2.0,4
201400047367,0014-06-28 18:50:00,14,6,28,18,50,930,5,AUTOROUTE A1,48.9618,2.46994,Plein jour,Hors agglomération,Hors intersection,Pluie légère,Autre collision,,,,,,,,,,,1,1,1,2.0,6
201400047368,0014-06-28 20:30:00,14,6,28,20,30,930,8,AUTOROUTE A86,48.8986,2.46958,Nuit sans éclairage public,Hors agglomération,Hors intersection,Pluie légère,Deux véhicules - arrière,,,,,,,,,,,3,1,1,2.0,2
201400047369,0014-06-29 08:15:00,14,6,29,8,15,950,306,AUTOROUTE A15,,,Plein jour,Hors agglomération,Hors intersection,Pluie légère,Deux véhicules - arrière,,,,,,,,,,,1,1,1,2.0,2
201400047370,0014-06-29 10:09:00,14,6,29,10,9,930,53,AUTOROUTE A3,48.8835,2.45834,Plein jour,Hors agglomération,Hors intersection,Pluie légère,Autre collision,,,,,,,,,,,1,1,1,2.0,6
201400047371,0014-06-29 13:11:00,14,6,29,13,11,950,582,BD INTERCOMMUNAL PARISIS,,,Plein jour,Hors agglomération,Hors intersection,Pluie légère,Autre collision,,,,,,,,,,,1,1,1,2.0,6
201400047372,0014-06-29 13:15:00,14,6,29,13,15,920,78,AUTOROUTE A86,,,Plein jour,Hors agglomération,Hors intersection,Pluie légère,Autre collision,,,,,,,,,,,1,1,1,2.0,6
201400047373,0014-06-29 17:00:00,14,6,29,17,0,950,18,AUTOROUTE A15,,,Plein jour,Hors agglomération,Hors intersection,Pluie légère,Autre collision,,,,,,,,,,,1,1,1,2.0,6
201400047374,0014-10-02 09:20:00,14,10,2,9,20,950,582,AUTOROUTE A15,,,Plein jour,Hors agglomération,Hors intersection,Normale,Deux véhicules - arrière,,,,,,,,,,,1,1,1,1.0,2
201400047375,0014-10-02 16:40:00,14,10,2,16,40,950,582,AUTOROUTE A15,,,Plein jour,Hors agglomération,Hors intersection,Normale,Trois véhicules et plus - en chaîne,,,,,,,,,,,1,1,1,1.0,4
201400047376,0014-10-06 11:20:00,14,10,6,11,20,930,27,AUTOROUTE A86,48.9273,2.41922,Plein jour,Hors agglomération,Hors intersection,Normale,Sans collision,,,,,,,,,,,1,1,1,1.0,7
201400047377,0014-10-06 17:10:00,14,10,6,17,10,930,6,AUTOROUTE A3,48.8669,2.42545,Plein jour,Hors agglomération,Hors intersection,Pluie forte,Trois véhicules et plus - collisions multiples,,,,,,,,,,,1,1,1,3.0,5
201400047378,0014-10-07 13:40:00,14,10,7,13,40,920,36,AUTOROUTE A15,,,Plein jour,Hors agglomération,Hors intersection,Normale,Sans collision,,,,,,,,,,,1,1,1,1.0,7
201400047379,0014-10-12 16:05:00,14,10,12,16,5,930,27,AUTOROUTE A86,48.9278,2.41018,Plein jour,Hors agglomération,Hors intersection,Pluie légère,Autre collision,,,,,,,,,,,1,1,1,2.0,6
201400047380,0014-10-12 17:30:00,14,10,12,17,30,930,13,AUTOROUTE A1,48.9387,2.41625,Plein jour,Hors agglomération,Hors intersection,Pluie légère,Trois véhicules et plus - collisions multiples,,,,,,,,,,,1,1,1,2.0,5
201400047381,0014-10-14 17:07:00,14,10,14,17,7,950,500,AUTOROUTE A15,,,Plein jour,Hors agglomération,Hors intersection,Normale,Deux véhicules - arrière,,,,,,,,,,,1,1,1,1.0,2
201400047382,0014-10-18 15:41:00,14,10,18,15,41,950,394,AUTOROUTE A115,,,Plein jour,Hors agglomération,Hors intersection,Normale,Autre collision,,,,,,,,,,,1,1,1,1.0,6
201400047383,0014-07-01 21:10:00,14,7,1,21,10,930,1,AUTOROUTE A86,48.9219,2.37785,Plein jour,Hors agglomération,Hors intersection,Normale,Sans collision,,,,,,,,,,,1,1,1,1.0,7
201400047384,0014-07-02 11:55:00,14,7,2,11,55,950,572,AUTOROUTE A15,,,Plein jour,Hors agglomération,Hors intersection,Normale,Deux véhicules - côté,,,,,,,,,,,1,1,1,1.0,3
201400047385,0014-07-02 13:50:00,14,7,2,13,50,930,53,AUTOROUTE A86,48.8892,2.47413,Plein jour,Hors agglomération,Hors intersection,Normale,Deux véhicules - côté,,,,,,,,,,,1,1,1,1.0,3
201400047386,0014-07-02 19:15:00,14,7,2,19,15,930,66,AUTOROUTE A1,48.9274,2.35726,Plein jour,Hors agglomération,Hors intersection,Normale,Deux véhicules - côté,,,,,,,,,,,1,1,1,1.0,3
201400047387,0014-07-02 19:40:00,14,7,2,19,40,920,36,AUTOROUTE A15,,,Plein jour,Hors agglomération,Hors intersection,Normale,Trois véhicules et plus - en chaîne,,,,,,,,,,,1,1,1,1.0,4
201400047388,0014-07-03 10:20:00,14,7,3,10,20,930,53,AUTOROUTE A3,48.8839,2.45954,Plein jour,Hors agglomération,Hors intersection,Normale,Trois véhicules et plus - en chaîne,,,,,,,,,,,1,1,1,1.0,4
201400047389,0014-07-03 11:20:00,14,7,3,11,20,930,27,AUTOROUTE A1,48.9345,2.39693,Plein jour,Hors agglomération,Hors intersection,Normale,Sans collision,,,,,,,,,,,1,1,1,1.0,7
201400047390,0014-07-03 17:20:00,14,7,3,17,20,950,394,ROUTE NATIONALE 184,,,Plein jour,Hors agglomération,Hors intersection,Normale,Trois véhicules et plus - en chaîne,,,,,,,,,,,1,1,1,1.0,4
201400047391,0014-07-03 21:40:00,14,7,3,21,40,930,78,AUTOROUTE A104,48.9648,2.55435,Nuit sans éclairage public,Hors agglomération,Hors intersection,Normale,Deux véhicules - côté,,,,,,,,,,,3,1,1,1.0,3
201400047392,0014-07-04 06:55:00,14,7,4,6,55,930,6,AUTOROUTE A3,48.8645,2.41293,Crépuscule ou aube,Hors agglomération,Hors intersection,Normale,Autre collision,,,,,,,,,,,2,1,1,1.0,6
201400047393,0014-07-04 08:30:00,14,7,4,8,30,950,582,AUTOROUTE A15,,,Plein jour,Hors agglomération,Hors intersection,Normale,Deux véhicules - côté,,,,,,,,,,,1,1,1,1.0,3
201400047394,0014-07-04 18:40:00,14,7,4,18,40,930,66,AUTOROUTE A1,48.931,2.36727,Plein jour,Hors agglomération,Hors intersection,Normale,Trois véhicules et plus - collisions multiples,,,,,,,,,,,1,1,1,1.0,5
201400047395,0014-07-04 18:45:00,14,7,4,18,45,950,488,AUTOROUTE A15,,,Plein jour,Hors agglomération,Hors intersection,Normale,Deux véhicules - côté,,,,,,,,,,,1,1,1,1.0,3
201400047396,0014-07-05 10:30:00,14,7,5,10,30,930,78,AUTOROUTE A104,48.9664,2.51483,Plein jour,Hors agglomération,Hors intersection,Normale,Sans collision,,,,,,,,,,,1,1,1,1.0,7
201400047397,0014-07-05 13:00:00,14,7,5,13,0,950,572,ROUTE NATIONALE 184,,,Plein jour,Hors agglomération,Hors intersection,Normale,Deux véhicules - côté,,,,,,,,,,,1,1,1,1.0,3
201400047398,0014-07-05 17:10:00,14,7,5,17,10,950,424,AUTOROUTE A15,,,Plein jour,Hors agglomération,Hors intersection,Normale,Autre collision,,,,,,,,,,,1,1,1,1.0,6
201400047399,0014-07-06 12:15:00,14,7,6,12,15,920,36,AUTOROUTE A15,,,Plein jour,Hors agglomération,Hors intersection,Normale,Deux véhicules - arrière,,,,,,,,,,,1,1,1,1.0,2
201400047400,0014-07-06 13:45:00,14,7,6,13,45,950,277,AUTOROUTE A104,48.9735,2.4859,Plein jour,Hors agglomération,Hors intersection,Pluie forte,Deux véhicules - côté,,,,,,,,,,,1,1,1,3.0,3
201400047401,0014-07-06 14:30:00,14,7,6,14,30,930,53,AUTOROUTE A103,48.9097,2.35828,Plein jour,Hors agglomération,Hors intersection,Pluie forte,Autre collision,,,,,,,,,,,1,1,1,3.0,6
201400047402,0014-07-06 16:00:00,14,7,6,16,0,930,73,AUTOROUTE A104,48.9688,2.56661,Plein jour,Hors agglomération,Hors intersection,Pluie légère,Sans collision,,,,,,,,,,,1,1,1,2.0,7
201400047403,0014-07-06 18:00:00,14,7,6,18,0,950,582,RD 170,48.9641,2.2684,Plein jour,Hors agglomération,Hors intersection,Normale,Sans collision,,,,,,,,,,,1,1,1,1.0,7
201400047404,0014-07-06 15:30:00,14,7,6,15,30,920,78,AUTOROUTE A86,,,Plein jour,Hors agglomération,Hors intersection,Pluie légère,Autre collision,,,,,,,,,,,1,1,1,2.0,6
201400047405,0014-07-07 01:30:00,14,7,7,1,30,930,5,AUTOROUTE A3,48.9456,2.47655,Nuit sans éclairage public,Hors agglomération,Hors intersection,Normale,Sans collision,,,,,,,,,,,3,1,1,1.0,7
201400047406,0014-07-07 13:15:00,14,7,7,13,15,930,78,AUTOROUTE A104,48.967,2.51215,Plein jour,Hors agglomération,Hors intersection,Normale,Autre collision,,,,,,,,,,,1,1,1,1.0,6
201400047407,0014-07-07 13:45:00,14,7,7,13,45,950,351,RN 104,,,Plein jour,Hors agglomération,Hors intersection,Normale,Trois véhicules et plus - en chaîne,,,,,,,,,,,1,1,1,1.0,4
201400047408,0014-07-07 14:45:00,14,7,7,14,45,930,5,AUTOROUTE A3,48.9459,2.4766,Plein jour,Hors agglomération,Hors intersection,Normale,Trois véhicules et plus - en chaîne,,,,,,,,,,,1,1,1,1.0,4
201400047409,0014-07-07 18:50:00,14,7,7,18,50,930,66,AUTOROUTE A86,48.923,2.34515,Plein jour,Hors agglomération,Hors intersection,Normale,Deux véhicules - côté,,,,,,,,,,,1,1,1,1.0,3
201400047410,0014-07-08 01:10:00,14,7,8,1,10,950,582,AUTOROUTE A15,,,Nuit sans éclairage public,Hors agglomération,Hors intersection,Pluie légère,Autre collision,,,,,,,,,,,3,1,1,2.0,6
201400047411,0014-07-08 05:20:00,14,7,8,5,20,950,580,AUTOROUTE A1,,,Nuit avec éclairage non allumé,Hors agglomération,Hors intersection,Pluie légère,Trois véhicules et plus - collisions multiples,,,,,,,,,,,4,1,1,2.0,5
201400047412,0014-07-08 08:30:00,14,7,8,8,30,930,5,AUTOROUTE A104,48.973,2.48758,Plein jour,Hors agglomération,Hors intersection,Pluie légère,Autre collision,,,,,,,,,,,1,1,1,2.0,6
201400047413,0014-07-08 14:00:00,14,7,8,14,0,950,488,AUTOROUTE A15,,,Plein jour,Hors agglomération,Hors intersection,Normale,Deux véhicules - côté,,,,,,,,,,,1,1,1,1.0,3
201400047414,0014-07-08 21:00:00,14,7,8,21,0,930,78,AUTOROUTE A104,48.9642,2.55299,Plein jour,Hors agglomération,Hors intersection,Pluie légère,Deux véhicules - arrière,,,,,,,,,,,1,1,1,2.0,2
201400047415,0014-07-08 16:15:00,14,7,8,16,15,950,151,RN 104,,,Plein jour,Hors agglomération,Hors intersection,Pluie légère,Sans collision,,,,,,,,,,,1,1,1,2.0,7
201400047416,0014-07-09 08:00:00,14,7,9,8,0,930,66,AUTOROUTE A1,48.9313,2.36853,Plein jour,Hors agglomération,Hors intersection,Normale,Deux véhicules - arrière,,,,,,,,,,,1,1,1,1.0,2
201400047417,0014-07-09 11:00:00,14,7,9,11,0,950,252,AUTOROUTE A15,,,Plein jour,Hors agglomération,Hors intersection,Normale,Autre collision,,,,,,,,,,,1,1,1,1.0,6
201400047418,0014-07-09 12:30:00,14,7,9,12,30,950,18,AUTOROUTE A15,,,Plein jour,Hors agglomération,Hors intersection,Normale,Deux véhicules - côté,,,,,,,,,,,1,1,1,1.0,3
201400047419,0014-07-09 20:01:00,14,7,9,20,1,950,500,AUTOROUTE A15,,,Plein jour,Hors agglomération,Hors intersection,Pluie légère,Deux véhicules - arrière,,,,,,,,,,,1,1,1,2.0,2
201400047420,0014-07-08 20:15:00,14,7,8,20,15,930,27,AUTOROUTE A86,48.9278,2.41018,Nuit sans éclairage public,Hors agglomération,Hors intersection,Pluie forte,Sans collision,,,,,,,,,,,3,1,1,3.0,7
201400047421,0014-07-10 01:20:00,14,7,10,1,20,950,394,AUTOROUTE A115,,,Nuit avec éclairage non allumé,Hors agglomération,Hors intersection,Pluie forte,Autre collision,,,,,,,,,,,4,1,1,3.0,6
201400047422,0014-07-10 09:00:00,14,7,10,9,0,930,78,AUTOROUTE A104,48.9587,2.53397,Plein jour,Hors agglomération,Hors intersection,Pluie légère,Trois véhicules et plus - en chaîne,,,,,,,,,,,1,1,1,2.0,4
201400047423,0014-07-11 08:20:00,14,7,11,8,20,950,394,AUTOROUTE A115,,,Plein jour,Hors agglomération,Hors intersection,Pluie légère,Autre collision,,,,,,,,,,,1,1,1,2.0,6
201400047424,0014-07-11 12:50:00,14,7,11,12,50,920,36,AUTOROUTE A15,,,Plein jour,Hors agglomération,Hors intersection,Normale,Trois véhicules et plus - en chaîne,,,,,,,,,,,1,1,1,1.0,4
201400047425,0014-07-11 14:00:00,14,7,11,14,0,930,66,AUTOROUTE A86,48.9226,2.34923,Plein jour,Hors agglomération,Hors intersection,Pluie légère,Deux véhicules - arrière,,,,,,,,,,,1,1,1,2.0,2
201400047426,0014-07-11 14:10:00,14,7,11,14,10,930,27,AUTOROUTE A86,48.9279,2.40993,Plein jour,Hors agglomération,Hors intersection,Pluie légère,Autre collision,,,,,,,,,,,1,1,1,2.0,6