accident_id,datetime,annee,mois,jour,heure,minute,departement,commune_insee,adresse,latitude,longitude,luminosite,agglomeration,intersection,meteo,collision,nb_vehicules,nb_usagers,nb_indemnes,nb_tues,nb_blesses_hosp,nb_blesses_legers,age_cond_1,age_cond_2,veh_type_cond_1,veh_type_cond_2,lum_code,agg_code,int_code,atm_code,col_code
201400047557,0014-09-02 06:05:00,14,9,2,6,5,930,64,AUTOROUTE A86,48.8681,2.48216,Crépuscule ou aube,Hors agglomération,Hors intersection,Normale,Deux véhicules - arrière,,,,,,,,,,,2,1,1,1.0,2
201400047558,0014-09-02 14:00:00,14,9,2,14,0,950,154,AUTOROUTE A1,,,Plein jour,Hors agglomération,Hors intersection,Normale,Trois véhicules et plus - collisions multiples,,,,,,,,,,,1,1,1,1.0,5
201400047559,0014-09-03 09:00:00,14,9,3,9,0,950,582,BD INTERCOMMUNAL PARISIS,48.9626,2.2633,Plein jour,Hors agglomération,Hors intersection,Normale,Deux véhicules - arrière,,,,,,,,,,,1,1,1,1.0,2
201400047560,0014-09-03 15:00:00,14,9,3,15,0,930,10,AUTOROUTE A3,48.8895,2.47391,Plein jour,Hors agglomération,Hors intersection,Normale,Trois véhicules et plus - en chaîne,,,,,,,,,,,1,1,1,1.0,4
201400047561,0014-08-05 20:30:00,14,8,5,20,30,920,78,AUTOROUTE A86,,,Plein jour,Hors agglomération,Hors intersection,Normale,Deux véhicules - arrière,,,,,,,,,,,1,1,1,1.0,2
201400047562,0014-09-03 18:45:00,14,9,3,18,45,930,63,AUTOROUTE A3,48.8805,2.45176,Plein jour,Hors agglomération,Hors intersection,Normale,Trois véhicules et plus - collisions multiples,,,,,,,,,,,1,1,1,1.0,5
201400047563,0014-09-05 07:50:00,14,9,5,7,50,950,572,AUTOROUTE A15,,,Plein jour,Hors agglomération,Hors intersection,Normale,Autre collision,,,,,,,,,,,1,1,1,1.0,6
201400047564,0014-09-05 08:50:00,14,9,5,8,50,930,10,AUTOROUTE A3,48.8897,2.47384,Plein jour,Hors agglomération,Hors intersection,Normale,Trois véhicules et plus - en chaîne,,,,,,,,,,,1,1,1,1.0,4
201400047565,0014-09-05 16:45:00,14,9,5,16,45,920,36,AUTOROUTE A15,,,Plein jour,Hors agglomération,Hors intersection,Normale,Deux véhicules - arrière,,,,,,,,,,,1,1,1,1.0,2
201400047566,0014-09-05 23:20:00,14,9,5,23,20,950,18,AUTOROUTE A15,,,Nuit sans éclairage public,Hors agglomération,Hors intersection,Normale,Autre collision,,,,,,,,,,,3,1,1,1.0,6
201400047567,0014-09-06 18:35:00,14,9,6,18,35,950,500,AUTOROUTE A15,,,Plein jour,Hors agglomération,Hors intersection,Normale,Autre collision,,,,,,,,,,,1,1,1,1.0,6
201400047568,0014-09-08 05:15:00,14,9,8,5,15,930,53,AUTOROUTE A3,48.883,2.45754,Nuit sans éclairage public,Hors agglomération,Hors intersection,Normale,Deux véhicules - arrière,,,,,,,,,,,3,1,1,1.0,2
201400047569,0014-09-08 05:15:00,14,9,8,5,15,930,53,AUTOROUTE A3,48.8825,2.45638,Nuit sans éclairage public,Hors agglomération,Hors intersection,Normale,Sans collision,,,,,,,,,,,3,1,1,1.0,7
201400047570,0014-09-09 08:50:00,14,9,9,8,50,950,306,AUTOROUTE A15,,,Plein jour,Hors agglomération,Hors intersection,Normale,Sans collision,,,,,,,,,,,1,1,1,1.0,7
201400047571,0014-09-09 09:10:00,14,9,9,9,10,930,6,AUTOROUTE A3,48.8663,2.41456,Plein jour,Hors agglomération,Hors intersection,Normale,Trois véhicules et plus - en chaîne,,,,,,,,,,,1,1,1,1.0,4
201400047572,0014-09-10 08:45:00,14,9,10,8,45,930,63,AUTOROUTE A3,48.879,2.44832,Plein jour,Hors agglomération,Hors intersection,Normale,Sans collision,,,,,,,,,,,1,1,1,1.0,7
201400047573,0014-09-10 17:00:00,14,9,10,17,0,930,5,AUTOROUTE A3,48.9462,2.47649,Plein jour,Hors agglomération,Hors intersection,Normale,Autre collision,,,,,,,,,,,1,1,1,1.0,6
201400047574,0014-09-10 17:10:00,14,9,10,17,10,930,63,AUTOROUTE A3,48.8809,2.45252,Plein jour,Hors agglomération,Hors intersection,Normale,Deux véhicules - arrière,,,,,,,,,,,1,1,1,1.0,2
201400047575,0014-09-10 20:00:00,14,9,10,20,0,930,1,AUTOROUTE A86,48.9219,2.37785,Plein jour,Hors agglomération,Hors intersection,Normale,Autre collision,,,,,,,,,,,1,1,1,1.0,6
201400047576,0014-09-11 08:20:00,14,9,11,8,20,930,29,AUTOROUTE A86,48.9263,2.4215,Plein jour,Hors agglomération,Hors intersection,Normale,Autre collision,,,,,,,,,,,1,1,1,1.0,6
201400047577,0014-09-11 08:40:00,14,9,11,8,40,950,151,RN 104,,,Crépuscule ou aube,Hors agglomération,Hors intersection,Normale,Autre collision,,,,,,,,,,,2,1,1,1.0,6
201400047578,0014-09-12 09:40:00,14,9,12,9,40,950,582,AUTOROUTE A15,,,Plein jour,Hors agglomération,Hors intersection,Normale,Autre collision,,,,,,,,,,,1,1,1,1.0,6
201400047579,0014-09-11 09:10:00,14,9,11,9,10,930,27,AUTOROUTE A86,48.9257,2.39669,Plein jour,Hors agglomération,Hors intersection,Normale,Deux véhicules - côté,,,,,,,,,,,1,1,1,1.0,3
201400047580,0014-09-11 19:00:00,14,9,11,19,0,930,66,AUTOROUTE A86,48.9217,2.36558,Plein jour,Hors agglomération,Hors intersection,Normale,Deux véhicules - côté,,,,,,,,,,,1,1,1,1.0,3
201400047581,0014-09-12 17:00:00,14,9,12,17,0,930,66,AUTOROUTE A1,48.9211,2.35742,Plein jour,Hors agglomération,Hors intersection,Normale,Trois véhicules et plus - en chaîne,,,,,,,,,,,1,1,1,1.0,4
201400047582,0014-09-12 22:00:00,14,9,12,22,0,950,580,AUTOROUTE A1,,,Nuit sans éclairage public,Hors agglomération,Hors intersection,Normale,Deux véhicules - arrière,,,,,,,,,,,3,1,1,1.0,2
201400047583,0014-09-14 23:30:00,14,9,14,23,30,950,306,AUTOROUTE A15,,,Nuit sans éclairage public,Hors agglomération,Hors intersection,Normale,Sans collision,,,,,,,,,,,3,1,1,1.0,7
201400047584,0014-09-15 10:00:00,14,9,15,10,0,930,6,AUTOROUTE A3,48.8643,2.41359,Plein jour,Hors agglomération,Hors intersection,Normale,Sans collision,,,,,,,,,,,1,1,1,1.0,7
201400047585,0014-09-15 17:00:00,14,9,15,17,0,920,36,AUTOROUTE A15,,,Plein jour,Hors agglomération,Hors intersection,Normale,Sans collision,,,,,,,,,,,1,1,1,1.0,7
201400047586,0014-09-16 07:40:00,14,9,16,7,40,950,252,AUTOROUTE A15,,,Plein jour,Hors agglomération,Hors intersection,Normale,Deux véhicules - arrière,,,,,,,,,,,1,1,1,1.0,2
201400047587,0014-09-16 08:30:00,14,9,16,8,30,920,36,AUTOROUTE A15,,,Plein jour,Hors agglomération,Hors intersection,Normale,Deux véhicules - côté,,,,,,,,,,,1,1,1,1.0,3
201400047588,0014-09-16 12:30:00,14,9,16,12,30,930,53,AUTOROUTE A103,48.9025,2.35886,Plein jour,Hors agglomération,Hors intersection,Normale,Sans collision,,,,,,,,,,,1,1,1,1.0,7
201400047589,0014-09-16 21:15:00,14,9,16,21,15,930,27,AUTOROUTE A86,48.9284,2.41419,Nuit avec éclairage non allumé,Hors agglomération,Hors intersection,Normale,Sans collision,,,,,,,,,,,4,1,1,1.0,7
201400047590,0014-09-16 22:30:00,14,9,16,22,30,950,18,AUTOROUTE A15,,,Nuit sans éclairage public,Hors agglomération,Hors intersection,Normale,Autre collision,,,,,,,,,,,3,1,1,1.0,6
201400047591,0014-09-16 23:03:00,14,9,16,23,3,930,8,AUTOROUTE A86,48.9142,2.43237,Nuit avec éclairage allumé,Hors agglomération,Hors intersection,Normale,Autre collision,,,,,,,,,,,5,1,1,1.0,6
201400047592,0014-09-18 06:50:00,14,9,18,6,50,950,18,AUTOROUTE A15,,,Crépuscule ou aube,Hors agglomération,Hors intersection,Normale,Deux véhicules - arrière,,,,,,,,,,,2,1,1,1.0,2
201400047593,0014-09-18 22:15:00,14,9,18,22,15,930,7,AUTOROUTE A3,48.9293,2.48138,Nuit sans éclairage public,Hors agglomération,Hors intersection,Normale,Deux véhicules - arrière,,,,,,,,,,,3,1,1,1.0,2
201400047594,0014-09-19 08:55:00,14,9,19,8,55,920,36,AUTOROUTE A86,,,Plein jour,Hors agglomération,Hors intersection,Normale,Deux véhicules - arrière,,,,,,,,,,,1,1,1,1.0,2
201400047595,0014-09-20 16:45:00,14,9,20,16,45,950,277,AUTOROUTE A3,,,Plein jour,Hors agglomération,Hors intersection,Pluie légère,Trois véhicules et plus - en chaîne,,,,,,,,,,,1,1,1,2.0,4
201400047596,0014-09-20 21:35:00,14,9,20,21,35,930,10,AUTOROUTE A3,48.8893,2.47381,Nuit sans éclairage public,Hors agglomération,Hors intersection,Normale,Deux véhicules - arrière,,,,,,,,,,,3,1,1,1.0,2
201400047597,0014-09-21 18:30:00,14,9,21,18,30,950,488,AUTOROUTE A15,,,Plein jour,Hors agglomération,Hors intersection,Normale,Deux véhicules - arrière,,,,,,,,,,,1,1,1,1.0,2
201400047598,0014-09-22 18:40:00,14,9,22,18,40,950,572,AUTOROUTE A15,,,Plein jour,Hors agglomération,Hors intersection,Normale,Deux véhicules - arrière,,,,,,,,,,,1,1,1,1.0,2
201400047599,0014-09-23 06:30:00,14,9,23,6,30,950,582,AUTOROUTE A15,,,Crépuscule ou aube,Hors agglomération,Hors intersection,Normale,Deux véhicules - arrière,,,,,,,,,,,2,1,1,1.0,2
201400047600,0014-09-23 08:00:00,14,9,23,8,0,920,78,AUTOROUTE A86,,,Plein jour,Hors agglomération,Hors intersection,Normale,Autre collision,,,,,,,,,,,1,1,1,1.0,6
201400047601,0014-09-23 09:15:00,14,9,23,9,15,930,66,AUTOROUTE A1,48.928,2.35755,Plein jour,Hors agglomération,Hors intersection,Normale,Deux véhicules - arrière,,,,,,,,,,,1,1,1,1.0,2
201400047602,0014-09-24 20:05:00,14,9,24,20,5,950,277,AUTOROUTE A104,,,Nuit sans éclairage public,Hors agglomération,Hors intersection,Pluie légère,Autre collision,,,,,,,,,,,3,1,1,2.0,6
201400047603,0014-09-24 21:20:00,14,9,24,21,20,950,394,AUTOROUTE A115,,,Nuit sans éclairage public,Hors agglomération,Hors intersection,Normale,Autre collision,,,,,,,,,,,3,1,1,1.0,6
201400047604,0014-09-24 21:55:00,14,9,24,21,55,920,36,AUTOROUTE A86,,,Nuit sans éclairage public,Hors agglomération,Hors intersection,Normale,Sans collision,,,,,,,,,,,3,1,1,1.0,7
201400047605,0014-09-25 09:30:00,14,9,25,9,30,930,64,AUTOROUTE A86,48.8867,2.47349,Plein jour,Hors agglomération,Hors intersection,Normale,Deux véhicules - côté,,,,,,,,,,,1,1,1,1.0,3
201400047606,0014-09-25 15:40:00,14,9,25,15,40,950,572,AUTOROUTE A15,,,Plein jour,Hors agglomération,Hors intersection,Normale,Autre collision,,,,,,,,,,,1,1,1,1.0,6
201400047607,0014-09-26 19:00:00,14,9,26,19,0,950,641,AUTOROUTE A1,,,Plein jour,Hors agglomération,Hors intersection,Normale,Autre collision,,,,,,,,,,,1,1,1,1.0,6
201400047608,0014-09-27 10:20:00,14,9,27,10,20,930,5,AUTOROUTE A3,48.9519,2.47409,Plein jour,Hors agglomération,Hors intersection,Normale,Trois véhicules et plus - en chaîne,,,,,,,,,,,1,1,1,1.0,4
201400047609,0014-09-28 18:30:00,14,9,28,18,30,950,424,AUTOROUTE A15,,,Plein jour,Hors agglomération,Hors intersection,Normale,Deux véhicules - arrière,,,,,,,,,,,1,1,1,1.0,2
201400047610,0014-09-29 11:10:00,14,9,29,11,10,950,394,AUTOROUTE A115,,,Plein jour,Hors agglomération,Hors intersection,Pluie légère,Autre collision,,,,,,,,,,,1,1,1,2.0,6
201400047611,0014-09-29 12:15:00,14,9,29,12,15,950,252,AUTOROUTE A15,,,Plein jour,Hors agglomération,Hors intersection,Normale,Autre collision,,,,,,,,,,,1,1,1,1.0,6
201400047612,0014-09-30 06:15:00,14,9,30,6,15,920,36,AUTOROUTE A15,,,Nuit sans éclairage public,Hors agglomération,Hors intersection,Pluie légère,Deux véhicules - arrière,,,,,,,,,,,3,1,1,2.0,2
201400047613,0014-09-30 07:30:00,14,9,30,7,30,920,36,AUTOROUTE A15,,,Plein jour,Hors agglomération,Hors intersection,Normale,Autre collision,,,,,,,,,,,1,1,1,1.0,6
201400047614,0014-09-30 08:10:00,14,9,30,8,10,950,582,AUTOROUTE A15,,,Plein jour,Hors agglomération,Hors intersection,Normale,Deux véhicules - arrière,,,,,,,,,,,1,1,1,1.0,2
201400047615,0014-09-30 17:30:00,14,9,30,17,30,920,78,AUTOROUTE A86,,,Plein jour,Hors agglomération,Hors intersection,Normale,Deux véhicules - arrière,,,,,,,,,,,1,1,1,1.0,2
201400047616,0014-10-30 09:01:00,14,10,30,9,1,950,18,AUTOROUTE A15,,,Plein jour,Hors agglomération,Hors intersection,Normale,Deux véhicules - côté,,,,,,,,,,,1,1,1,1.0,3
201400047617,0014-10-01 08:05:00,14,10,1,8,5,930,48,AUTOROUTE A3,48.8731,2.43544,Crépuscule ou aube,Hors agglomération,Hors intersection,Normale,Deux véhicules - côté,,,,,,,,,,,2,1,1,1.0,3
201400047618,0014-10-01 09:00:00,14,10,1,9,0,950,18,AUTOROUTE A15,,,Plein jour,Hors agglomération,Hors intersection,Normale,Trois véhicules et plus - collisions multiples,,,,,,,,,,,1,1,1,1.0,5
201400047619,0014-10-01 15:30:00,14,10,1,15,30,920,78,AUTOROUTE A86,,,Plein jour,Hors agglomération,Hors intersection,Normale,Deux véhicules - côté,,,,,,,,,,,1,1,1,1.0,3
201400047620,0014-10-01 18:40:00,14,10,1,18,40,930,10,AUTOROUTE A3,48.8893,2.47381,Plein jour,Hors agglomération,Hors intersection,Normale,Trois véhicules et plus - en chaîne,,,,,,,,,,,1,1,1,1.0,4
201400047621,0014-10-02 14:28:00,14,10,2,14,28,930,66,AUTOROUTE A1,48.9088,2.35818,Nuit avec éclairage allumé,Hors agglomération,Hors intersection,Normale,Autre collision,,,,,,,,,,,5,1,1,1.0,6
201400047622,0014-10-02 14:30:00,14,10,2,14,30,930,66,AUTOROUTE A1,48.907,2.35849,Nuit avec éclairage allumé,Hors agglomération,Hors intersection,Normale,Autre collision,,,,,,,,,,,5,1,1,1.0,6
201400047623,0014-10-02 16:30:00,14,10,2,16,30,930,10,AUTOROUTE A3,48.8895,2.47391,Plein jour,Hors agglomération,Hors intersection,Normale,Sans collision,,,,,,,,,,,1,1,1,1.0,7
201400047624,0014-10-03 07:40:00,14,10,3,7,40,930,48,AUTOROUTE A3,48.8725,2.4343,Plein jour,Hors agglomération,Hors intersection,Normale,Deux véhicules - côté,,,,,,,,,,,1,1,1,1.0,3
201400047625,0014-10-03 18:30:00,14,10,3,18,30,930,13,AUTOROUTE A1,48.9388,2.41706,Plein jour,Hors agglomération,Hors intersection,Normale,Trois véhicules et plus - collisions multiples,,,,,,,,,,,1,1,1,1.0,5
201400047626,0014-10-03 21:20:00,14,10,3,21,20,930,53,AUTOROUTE A86,48.8885,2.47388,Nuit sans éclairage public,Hors agglomération,Hors intersection,Normale,Deux véhicules - arrière,,,,,,,,,,,3,1,1,1.0,2
201400047627,0014-10-04 17:25:00,14,10,4,17,25,950,488,AUTOROUTE A15,,,Plein jour,Hors agglomération,Hors intersection,Normale,Deux véhicules - arrière,,,,,,,,,,,1,1,1,1.0,2
201400047628,0014-10-04 23:35:00,14,10,4,23,35,920,36,AUTOROUTE A86,,,Nuit sans éclairage public,Hors agglomération,Hors intersection,Normale,Sans collision,,,,,,,,,,,3,1,1,1.0,7
201400047629,0014-10-05 05:15:00,14,10,5,5,15,930,27,AUTOROUTE A86,48.9257,2.39669,Nuit sans éclairage public,Hors agglomération,Hors intersection,Autre,Sans collision,,,,,,,,,,,3,1,1,9.0,7
201400047630,0014-10-08 19:00:00,14,10,8,19,0,930,66,AUTOROUTE A1,,,Nuit sans éclairage public,Hors agglomération,Hors intersection,Pluie forte,Autre collision,,,,,,,,,,,3,1,1,3.0,6
201400047631,0014-10-06 18:30:00,14,10,6,18,30,950,18,AUTOROUTE A15,,,Plein jour,Hors agglomération,Hors intersection,Pluie légère,Autre collision,,,,,,,,,,,1,1,1,2.0,6
201400047632,0014-10-06 19:40:00,14,10,6,19,40,950,582,AUTOROUTE A15,,,Nuit sans éclairage public,Hors agglomération,Hors intersection,Pluie légère,Autre collision,,,,,,,,,,,3,1,1,2.0,6
201400047633,0014-10-06 20:25:00,14,10,6,20,25,920,78,AUTOROUTE A86,,,Nuit sans éclairage public,Hors agglomération,Hors intersection,Pluie légère,Deux véhicules - arrière,,,,,,,,,,,3,1,1,2.0,2
201400047634,0014-10-06 21:40:00,14,10,6,21,40,930,27,AUTOROUTE A86,48.9286,2.41528,Nuit sans éclairage public,Hors agglomération,Hors intersection,Pluie légère,Deux véhicules - arrière,,,,,,,,,,,3,1,1,2.0,2
201400047635,0014-10-08 10:10:00,14,10,8,10,10,950,18,AUTOROUTE A15,,,Plein jour,Hors agglomération,Hors intersection,Pluie forte,Trois véhicules et plus - collisions multiples,,,,,,,,,,,1,1,1,3.0,5
201400047636,0014-10-07 10:30:00,14,10,7,10,30,950,582,AUTOROUTE A15,,,Plein jour,Hors agglomération,Hors intersection,Pluie légère,Deux véhicules - arrière,,,,,,,,,,,1,1,1,2.0,2
201400047637,0014-10-07 10:30:00,14,10,7,10,30,930,53,AUTOROUTE A103,48.9043,2.3587,Plein jour,Hors agglomération,Hors intersection,Normale,Autre collision,,,,,,,,,,,1,1,1,1.0,6
201400047638,0014-10-07 11:10:00,14,10,7,11,10,950,394,ROUTE NATIONALE 184,,,Plein jour,Hors agglomération,Hors intersection,Pluie légère,Autre collision,,,,,,,,,,,1,1,1,2.0,6
201400047639,0014-10-08 07:30:00,14,10,8,7,30,930,48,AUTOROUTE A3,48.8705,2.43128,Plein jour,Hors agglomération,Hors intersection,Pluie forte,Deux véhicules - arrière,,,,,,,,,,,1,1,1,3.0,2
201400047640,0014-10-07 14:30:00,14,10,7,14,30,930,66,AUTOROUTE A1,48.919,2.35742,Plein jour,Hors agglomération,Hors intersection,Normale,Deux véhicules - côté,,,,,,,,,,,1,1,1,1.0,3
201400047641,0014-10-07 19:20:00,14,10,7,19,20,930,6,AUTOROUTE A3,48.8684,2.42864,Crépuscule ou aube,Hors agglomération,Hors intersection,Normale,Autre collision,,,,,,,,,,,2,1,1,1.0,6
201400047642,0014-10-08 09:30:00,14,10,8,9,30,950,582,AUTOROUTE A15,,,Plein jour,Hors agglomération,Hors intersection,Pluie forte,Trois véhicules et plus - en chaîne,,,,,,,,,,,1,1,1,3.0,4
201400047643,0014-10-08 10:30:00,14,10,8,10,30,950,572,AUTOROUTE A15,,,Plein jour,Hors agglomération,Hors intersection,Pluie légère,Trois véhicules et plus - en chaîne,,,,,,,,,,,1,1,1,2.0,4
201400047644,0014-10-08 21:45:00,14,10,8,21,45,950,582,AUTOROUTE A15,,,Nuit sans éclairage public,Hors agglomération,Hors intersection,Pluie forte,Deux véhicules - arrière,,,,,,,,,,,3,1,1,3.0,2
201400047645,0014-10-08 11:30:00,14,10,8,11,30,950,394,AUTOROUTE A115,,,Plein jour,Hors agglomération,Hors intersection,Pluie légère,Autre collision,,,,,,,,,,,1,1,1,2.0,6
201400047646,0014-10-08 12:40:00,14,10,8,12,40,950,394,AUTOROUTE A115,,,Plein jour,Hors agglomération,Hors intersection,Pluie légère,Autre collision,,,,,,,,,,,1,1,1,2.0,6
201400047647,0014-10-08 19:34:00,14,10,8,19,34,930,10,AUTOROUTE A3,48.8895,2.47391,Nuit avec éclairage non allumé,Hors agglomération,Hors intersection,Pluie forte,Trois véhicules et plus - collisions multiples,,,,,,,,,,,4,1,1,3.0,5
201400047648,0014-10-08 22:10:00,14,10,8,22,10,930,66,AUTOROUTE A1,48.9238,2.35723,Nuit avec éclairage non allumé,Hors agglomération,Hors intersection,Pluie légère,Autre collision,,,,,,,,,,,4,1,1,2.0,6
201400047649,0014-10-09 00:34:00,14,10,9,0,34,930,10,AUTOROUTE A3,48.8893,2.47381,Nuit avec éclairage non allumé,Hors agglomération,Hors intersection,Pluie légère,Deux véhicules - côté,,,,,,,,,,,4,1,1,2.0,3
201400047650,0014-10-09 06:40:00,14,10,9,6,40,930,7,AUTOROUTE A3,48.9293,2.48138,Crépuscule ou aube,Hors agglomération,Hors intersection,Normale,Trois véhicules et plus - en chaîne,,,,,,,,,,,2,1,1,1.0,4
201400047651,0014-10-09 10:45:00,14,10,9,10,45,930,5,AUTOROUTE A3,48.9675,2.47881,Plein jour,Hors agglomération,Hors intersection,Normale,Deux véhicules - côté,,,,,,,,,,,1,1,1,1.0,3
201400047652,0014-10-09 19:00:00,14,10,9,19,0,950,500,AUTOROUTE A15,,,Crépuscule ou aube,Hors agglomération,Hors intersection,Normale,Trois véhicules et plus - collisions multiples,,,,,,,,,,,2,1,1,1.0,5
201400047653,0014-10-10 15:00:00,14,10,10,15,0,600,631,AUTOROUTE A1,,,Plein jour,Hors agglomération,Hors intersection,Normale,Autre collision,,,,,,,,,,,1,1,1,1.0,6
201400047654,0014-10-13 13:14:00,14,10,13,13,14,930,5,AUTOROUTE A104,48.9731,2.48519,Plein jour,Hors agglomération,Hors intersection,Normale,Autre collision,,,,,,,,,,,1,1,1,1.0,6
201400047655,0014-10-11 11:45:00,14,10,11,11,45,920,36,AUTOROUTE A15,,,Plein jour,Hors agglomération,Hors intersection,Normale,Sans collision,,,,,,,,,,,1,1,1,1.0,7
201400047656,0014-10-11 11:50:00,14,10,11,11,50,930,64,AUTOROUTE A103,48.8868,2.47723,Plein jour,Hors agglomération,Hors intersection,Pluie légère,Deux véhicules - côté,,,,,,,,,,,1,1,1,2.0,3
201400047657,0014-10-12 07:15:00,14,10,12,7,15,920,36,AUTOROUTE A86,,,Nuit sans éclairage public,Hors agglomération,Hors intersection,Normale,Autre collision,,,,,,,,,,,3,1,1,1.0,6
201400047658,0014-10-12 13:15:00,14,10,12,13,15,930,10,AUTOROUTE A86,48.8911,2.47348,Plein jour,Hors agglomération,Hors intersection,Normale,Sans collision,,,,,,,,,,,1,1,1,1.0,7
201400047659,0014-10-15 18:00:00,14,10,15,18,0,950,277,A104,48.9735,2.4859,Plein jour,Hors agglomération,Hors intersection,Normale,Autre collision,,,,,,,,,,,1,1,1,1.0,6
201400047660,0014-10-12 18:00:00,14,10,12,18,0,950,572,AUTOROUTE A15,,,Nuit sans éclairage public,Hors agglomération,Hors intersection,Pluie légère,Sans collision,,,,,,,,,,,3,1,1,2.0,7
201400047661,0014-10-12 18:15:00,14,10,12,18,15,950,277,AUTOROUTE A3,,,Crépuscule ou aube,Hors agglomération,Hors intersection,Pluie légère,Trois véhicules et plus - en chaîne,,,,,,,,,,,2,1,1,2.0,4
201400047662,0014-10-12 19:50:00,14,10,12,19,50,950,277,AUTOROUTE A3,,,Nuit sans éclairage public,Hors agglomération,Hors intersection,Pluie légère,Sans collision,,,,,,,,,,,3,1,1,2.0,7
201400047663,0014-10-12 20:24:00,14,10,12,20,24,950,252,AUTOROUTE A15,,,Nuit sans éclairage public,Hors agglomération,Hors intersection,Pluie légère,Trois véhicules et plus - en chaîne,,,,,,,,,,,3,1,1,2.0,4
201400047664,0014-10-12 21:40:00,14,10,12,21,40,950,18,AUTOROUTE A15,,,Nuit avec éclairage allumé,Hors agglomération,Hors intersection,Pluie légère,Autre collision,,,,,,,,,,,5,1,1,2.0,6
201400047665,0014-10-13 09:45:00,14,10,13,9,45,930,7,AUTOROUTE A3,48.9322,2.48099,Plein jour,Hors agglomération,Hors intersection,Normale,Deux véhicules - arrière,,,,,,,,,,,1,1,1,1.0,2
201400047666,0014-10-13 16:40:00,14,10,13,16,40,930,66,AUTOROUTE A1,48.9193,2.35757,Plein jour,Hors agglomération,Hors intersection,Normale,Deux véhicules - arrière,,,,,,,,,,,1,1,1,1.0,2
201400047667,0014-10-13 17:30:00,14,10,13,17,30,950,491,AUTOROUTE A115,,,Plein jour,Hors agglomération,Hors intersection,Normale,Sans collision,,,,,,,,,,,1,1,1,1.0,7
201400047668,0014-10-13 18:15:00,14,10,13,18,15,930,29,AUTOROUTE A86,48.9188,2.42869,Plein jour,Hors agglomération,Hors intersection,Normale,Deux véhicules - arrière,,,,,,,,,,,1,1,1,1.0,2
201400047669,0014-10-14 09:40:00,14,10,14,9,40,950,18,AUTOROUTE A15,,,Plein jour,Hors agglomération,Hors intersection,Normale,Trois véhicules et plus - en chaîne,,,,,,,,,,,1,1,1,1.0,4
201400047670,0014-10-15 06:10:00,14,10,15,6,10,930,7,AUTOROUTE A1,48.944,2.43659,Nuit sans éclairage public,Hors agglomération,Hors intersection,Normale,Deux véhicules - arrière,,,,,,,,,,,3,1,1,1.0,2
201400047671,0014-10-15 08:58:00,14,10,15,8,58,950,252,AUTOROUTE A15,,,Plein jour,Hors agglomération,Hors intersection,Normale,Deux véhicules - arrière,,,,,,,,,,,1,1,1,1.0,2
201400047672,0014-10-15 11:15:00,14,10,15,11,15,930,6,AUTOROUTE A3,48.8645,2.41293,Plein jour,Hors agglomération,Hors intersection,Normale,Sans collision,,,,,,,,,,,1,1,1,1.0,7
201400047673,0014-10-15 15:30:00,14,10,15,15,30,950,582,BD INTERCOMMUNAL PARISIS,48.9625,2.2633,Plein jour,Hors agglomération,Hors intersection,Pluie légère,Autre collision,,,,,,,,,,,1,1,1,2.0,6
201400047674,0014-10-16 06:10:00,14,10,16,6,10,930,64,AUTOROUTE A86,48.8681,2.48216,Nuit sans éclairage public,Hors agglomération,Hors intersection,Normale,Deux véhicules - côté,,,,,,,,,,,3,1,1,1.0,3
201400047675,0014-10-16 09:50:00,14,10,16,9,50,930,5,AUTOROUTE A3,48.9459,2.4766,Plein jour,Hors agglomération,Hors intersection,Normale,Autre collision,,,,,,,,,,,1,1,1,1.0,6
201400047676,0014-10-16 11:01:00,14,10,16,11,1,950,394,AUTOROUTE A115,,,Plein jour,Hors agglomération,Hors intersection,Normale,Autre collision,,,,,,,,,,,1,1,1,1.0,6
201400047677,0014-10-17 17:10:00,14,10,17,17,10,930,27,AUTOROUTE A86,48.9208,2.37196,Plein jour,Hors agglomération,Hors intersection,Normale,Deux véhicules - côté,,,,,,,,,,,1,1,1,1.0,3
201400047678,0014-10-17 21:50:00,14,10,17,21,50,930,53,AUTOROUTE A3,48.8835,2.45873,Nuit avec éclairage non allumé,Hors agglomération,Hors intersection,Normale,Trois véhicules et plus - en chaîne,,,,,,,,,,,4,1,1,1.0,4
201400047679,0014-10-17 05:30:00,14,10,17,5,30,920,36,AUTOROUTE A86,,,Nuit sans éclairage public,Hors agglomération,Hors intersection,Normale,Autre collision,,,,,,,,,,,3,1,1,1.0,6
201400047680,0014-10-17 07:40:00,14,10,17,7,40,930,53,AUTOROUTE A103,48.9043,2.3587,Crépuscule ou aube,Hors agglomération,Hors intersection,Normale,Autre collision,,,,,,,,,,,2,1,1,1.0,6
201400047681,0014-10-18 15:40:00,14,10,18,15,40,950,394,AUTOROUTE A115,,,Plein jour,Hors agglomération,Hors intersection,Normale,Sans collision,,,,,,,,,,,1,1,1,1.0,7
201400047682,0014-10-18 21:50:00,14,10,18,21,50,930,5,AUTOROUTE A3,48.9467,2.47628,Nuit sans éclairage public,Hors agglomération,Hors intersection,Normale,Deux véhicules - frontale,,,,,,,,,,,3,1,1,1.0,1
201400047683,0014-10-18 19:45:00,14,10,18,19,45,920,36,AUTOROUTE A15,,,Nuit avec éclairage non allumé,Hors agglomération,Hors intersection,Normale,Trois véhicules et plus - en chaîne,,,,,,,,,,,4,1,1,1.0,4