accident_id,datetime,annee,mois,jour,heure,minute,departement,commune_insee,adresse,latitude,longitude,luminosite,agglomeration,intersection,meteo,collision,nb_vehicules,nb_usagers,nb_indemnes,nb_tues,nb_blesses_hosp,nb_blesses_legers,age_cond_1,age_cond_2,veh_type_cond_1,veh_type_cond_2,lum_code,agg_code,int_code,atm_code,col_code
201400047684,0014-10-18 21:50:00,14,10,18,21,50,930,5,AUTOROUTE A3,48.9467,2.47628,Nuit sans éclairage public,Hors agglomération,Hors intersection,Normale,Autre collision,,,,,,,,,,,3,1,1,1.0,6
201400047685,0014-10-19 15:30:00,14,10,19,15,30,950,60,AUTOROUTE A115,,,Plein jour,Hors agglomération,Hors intersection,Normale,Autre collision,,,,,,,,,,,1,1,1,1.0,6
201400047686,0014-10-19 20:40:00,14,10,19,20,40,930,13,AUTOROUTE A1,48.9387,2.41625,Nuit sans éclairage public,Hors agglomération,Hors intersection,Normale,Deux véhicules - côté,,,,,,,,,,,3,1,1,1.0,3
201400047687,0014-10-20 10:50:00,14,10,20,10,50,930,29,AUTOROUTE A86,48.9261,2.4224,Plein jour,Hors agglomération,Hors intersection,Normale,Trois véhicules et plus - en chaîne,,,,,,,,,,,1,1,1,1.0,4
201400047688,0014-10-20 11:30:00,14,10,20,11,30,950,351,RN 104,,,Plein jour,Hors agglomération,Hors intersection,Normale,Autre collision,,,,,,,,,,,1,1,1,1.0,6
201400047689,0014-10-21 20:25:00,14,10,21,20,25,930,8,AUTOROUTE A86,48.8947,2.47114,Nuit avec éclairage allumé,Hors agglomération,Hors intersection,Normale,Deux véhicules - côté,,,,,,,,,,,5,1,1,1.0,3
201400047690,0014-10-21 22:26:00,14,10,21,22,26,930,5,AUTOROUTE A3,48.946,2.4766,Nuit avec éclairage non allumé,Hors agglomération,Hors intersection,Normale,Autre collision,,,,,,,,,,,4,1,1,1.0,6
201400047691,0014-10-22 10:45:00,14,10,22,10,45,920,36,AUTOROUTE A86,,,Plein jour,Hors agglomération,Hors intersection,Normale,Trois véhicules et plus - en chaîne,,,,,,,,,,,1,1,1,1.0,4
201400047692,0014-10-22 11:00:00,14,10,22,11,0,950,500,AUTOROUTE A15,,,Plein jour,Hors agglomération,Hors intersection,Normale,Trois véhicules et plus - en chaîne,,,,,,,,,,,1,1,1,1.0,4
201400047693,0014-10-22 12:15:00,14,10,22,12,15,950,678,RN 104,,,Plein jour,Hors agglomération,Hors intersection,Normale,Autre collision,,,,,,,,,,,1,1,1,1.0,6
201400047694,0014-10-23 17:00:00,14,10,23,17,0,930,8,AUTOROUTE A86,48.9086,2.45013,Plein jour,Hors agglomération,Hors intersection,Normale,Trois véhicules et plus - en chaîne,,,,,,,,,,,1,1,1,1.0,4
201400047695,0014-10-23 14:15:00,14,10,23,14,15,930,30,AUTOROUTE A1,48.9396,2.4201,Plein jour,Hors agglomération,Hors intersection,Normale,Trois véhicules et plus - en chaîne,,,,,,,,,,,1,1,1,1.0,4
201400047696,0014-10-23 14:30:00,14,10,23,14,30,930,10,AUTOROUTE A3,48.8895,2.47375,Plein jour,Hors agglomération,Hors intersection,Normale,Deux véhicules - côté,,,,,,,,,,,1,1,1,1.0,3
201400047697,0014-10-23 15:50:00,14,10,23,15,50,930,64,AUTOROUTE A86,48.8811,2.47457,Plein jour,Hors agglomération,Hors intersection,Normale,Trois véhicules et plus - en chaîne,,,,,,,,,,,1,1,1,1.0,4
201400047698,0014-10-26 06:30:00,14,10,26,6,30,950,678,ROUTE NATIONALE 184,,,Nuit sans éclairage public,Hors agglomération,Hors intersection,Normale,Autre collision,,,,,,,,,,,3,1,1,1.0,6
201400047699,0014-10-26 07:50:00,14,10,26,7,50,930,8,AUTOROUTE A86,48.8989,2.46927,Plein jour,Hors agglomération,Hors intersection,Normale,Deux véhicules - côté,,,,,,,,,,,1,1,1,1.0,3
201400047700,0014-10-26 23:45:00,14,10,26,23,45,950,18,AUTOROUTE A15,,,Nuit sans éclairage public,Hors agglomération,Hors intersection,Normale,Autre collision,,,,,,,,,,,3,1,1,1.0,6
201400047701,0014-10-28 09:00:00,14,10,28,9,0,930,6,AUTOROUTE A3,48.8657,2.41854,Plein jour,Hors agglomération,Hors intersection,Normale,Deux véhicules - côté,,,,,,,,,,,1,1,1,1.0,3
201400047702,0014-10-28 18:00:00,14,10,28,18,0,920,36,AUTOROUTE A86,,,Nuit sans éclairage public,Hors agglomération,Hors intersection,Normale,Trois véhicules et plus - en chaîne,,,,,,,,,,,3,1,1,1.0,4
201400047703,0014-10-28 18:10:00,14,10,28,18,10,600,612,AUTOROUTE A1,,,Nuit sans éclairage public,Hors agglomération,Hors intersection,Normale,Trois véhicules et plus - en chaîne,,,,,,,,,,,3,1,1,1.0,4
201400047704,0014-10-29 09:10:00,14,10,29,9,10,600,612,AUTOROUTE A1,,,Plein jour,Hors agglomération,Hors intersection,Normale,Deux véhicules - arrière,,,,,,,,,,,1,1,1,1.0,2
201400047705,0014-10-29 07:00:00,14,10,29,7,0,930,5,"0, AUTOROUTE A3",,,Plein jour,Hors agglomération,Hors intersection,Normale,Deux véhicules - côté,,,,,,,,,,,1,1,1,1.0,3
201400047706,0014-10-29 09:15:00,14,10,29,9,15,930,66,AUTOROUTE A1,48.9299,2.3635,Plein jour,Hors agglomération,Hors intersection,Normale,Autre collision,,,,,,,,,,,1,1,1,1.0,6
201400047707,0014-10-29 21:25:00,14,10,29,21,25,930,64,AUTOROUTE A86,48.8781,2.47678,Nuit avec éclairage non allumé,Hors agglomération,Hors intersection,Normale,Sans collision,,,,,,,,,,,4,1,1,1.0,7
201400047708,0014-10-30 06:45:00,14,10,30,6,45,930,53,AUTOROUTE A3,48.884,2.46365,Nuit sans éclairage public,Hors agglomération,Hors intersection,Normale,Autre collision,,,,,,,,,,,3,1,1,1.0,6
201400047709,0014-10-30 09:00:00,14,10,30,9,0,950,18,AUTOROUTE A15,,,Plein jour,Hors agglomération,Hors intersection,Normale,Autre collision,,,,,,,,,,,1,1,1,1.0,6
201400047710,0014-10-30 19:25:00,14,10,30,19,25,930,48,AUTOROUTE A3,48.8731,2.43544,Nuit sans éclairage public,Hors agglomération,Hors intersection,Normale,Trois véhicules et plus - collisions multiples,,,,,,,,,,,3,1,1,1.0,5
201400047711,0014-10-31 15:30:00,14,10,31,15,30,930,13,AUTOROUTE A1,48.9387,2.41625,Plein jour,Hors agglomération,Hors intersection,Normale,Autre collision,,,,,,,,,,,1,1,1,1.0,6
201400047712,0014-10-31 18:05:00,14,10,31,18,5,930,64,AUTOROUTE A3,48.8838,2.46701,Nuit sans éclairage public,Hors agglomération,Hors intersection,Normale,Trois véhicules et plus - en chaîne,,,,,,,,,,,3,1,1,1.0,4
201400047713,0014-10-31 18:40:00,14,10,31,18,40,950,154,AUTOROUTE A1,,,Nuit sans éclairage public,Hors agglomération,Hors intersection,Normale,Trois véhicules et plus - en chaîne,,,,,,,,,,,3,1,1,1.0,4
201400047714,0014-10-31 19:15:00,14,10,31,19,15,920,36,AUTOROUTE A15,,,Nuit sans éclairage public,Hors agglomération,Hors intersection,Normale,Trois véhicules et plus - en chaîne,,,,,,,,,,,3,1,1,1.0,4
201400047715,0014-10-31 21:20:00,14,10,31,21,20,930,10,AUTOROUTE A3,48.8895,2.47391,Nuit sans éclairage public,Hors agglomération,Hors intersection,Normale,Deux véhicules - frontale,,,,,,,,,,,3,1,1,1.0,1
201400047716,0014-11-01 19:40:00,14,11,1,19,40,950,582,AUTOROUTE A15,,,Nuit sans éclairage public,Hors agglomération,Hors intersection,Normale,Trois véhicules et plus - collisions multiples,,,,,,,,,,,3,1,1,1.0,5
201400047717,0014-11-01 21:40:00,14,11,1,21,40,950,500,AUTOROUTE A15,,,Nuit sans éclairage public,Hors agglomération,Hors intersection,Normale,Trois véhicules et plus - collisions multiples,,,,,,,,,,,3,1,1,1.0,5
201400047718,0014-11-02 02:40:00,14,11,2,2,40,950,28,RN 104,,,Nuit sans éclairage public,Hors agglomération,Hors intersection,Normale,Sans collision,,,,,,,,,,,3,1,1,1.0,7
201400047719,0014-11-02 15:30:00,14,11,2,15,30,950,277,AUTOROUTE A3,,,Plein jour,Hors agglomération,Hors intersection,Normale,Autre collision,,,,,,,,,,,1,1,1,1.0,6
201400047720,0014-11-02 18:00:00,14,11,2,18,0,950,18,AUTOROUTE A15,,,Crépuscule ou aube,Hors agglomération,Hors intersection,Normale,Autre collision,,,,,,,,,,,2,1,1,1.0,6
201400047721,0014-11-02 20:00:00,14,11,2,20,0,920,36,AUTOROUTE A15,,,Nuit sans éclairage public,Hors agglomération,Hors intersection,Normale,Deux véhicules - côté,,,,,,,,,,,3,1,1,1.0,3
201400047722,0014-11-02 20:00:00,14,11,2,20,0,950,365,RN 104,,,Nuit avec éclairage non allumé,Hors agglomération,Hors intersection,Pluie légère,Deux véhicules - arrière,,,,,,,,,,,4,1,1,2.0,2
201400047723,0014-11-03 02:50:00,14,11,3,2,50,930,53,AUTOROUTE A103,,,Nuit sans éclairage public,Hors agglomération,Hors intersection,Pluie légère,Autre collision,,,,,,,,,,,3,1,1,2.0,6
201400047724,0014-11-03 12:20:00,14,11,3,12,20,950,18,AUTOROUTE A15,,,Plein jour,Hors agglomération,Hors intersection,Normale,Sans collision,,,,,,,,,,,1,1,1,1.0,7
201400047725,0014-11-03 21:20:00,14,11,3,21,20,930,53,AUTOROUTE A3,48.8835,2.45834,Nuit sans éclairage public,Hors agglomération,Hors intersection,Pluie légère,Trois véhicules et plus - collisions multiples,,,,,,,,,,,3,1,1,2.0,5
201400047726,0014-11-04 09:00:00,14,11,4,9,0,950,392,ROUTE NATIONALE 184,,,Plein jour,Hors agglomération,Hors intersection,Normale,Autre collision,,,,,,,,,,,1,1,1,1.0,6
201400047727,0014-11-04 11:00:00,14,11,4,11,0,950,151,RN 104,,,Plein jour,Hors agglomération,Hors intersection,Normale,Autre collision,,,,,,,,,,,1,1,1,1.0,6
201400047728,0014-11-04 19:20:00,14,11,4,19,20,930,10,AUTOROUTE A3,48.8897,2.47384,Nuit sans éclairage public,Hors agglomération,Hors intersection,Normale,Deux véhicules - arrière,,,,,,,,,,,3,1,1,1.0,2
201400047729,0014-11-05 04:00:00,14,11,5,4,0,930,73,AUTOROUTE A104,48.9692,2.56777,Nuit sans éclairage public,Hors agglomération,Hors intersection,Normale,Autre collision,,,,,,,,,,,3,1,1,1.0,6
201400047730,0014-11-05 08:00:00,14,11,5,8,0,930,5,AUTOROUTE A3,48.9472,2.47579,Plein jour,Hors agglomération,Hors intersection,Normale,Deux véhicules - côté,,,,,,,,,,,1,1,1,1.0,3
201400047731,0014-11-04 20:00:00,14,11,4,20,0,950,572,ROUTE NATIONALE 184,,,Plein jour,Hors agglomération,Hors intersection,Normale,Trois véhicules et plus - en chaîne,,,,,,,,,,,1,1,1,1.0,4
201400047732,0014-11-05 17:50:00,14,11,5,17,50,930,78,AUTOROUTE A104,48.9611,2.54339,Nuit avec éclairage non allumé,Hors agglomération,Hors intersection,Normale,Trois véhicules et plus - collisions multiples,,,,,,,,,,,4,1,1,1.0,5
201400047733,0014-11-05 14:40:00,14,11,5,14,40,930,6,AUTOROUTE A3,48.8659,2.42125,Plein jour,Hors agglomération,Hors intersection,Normale,Deux véhicules - arrière,,,,,,,,,,,1,1,1,1.0,2
201400047734,0014-11-06 07:30:00,14,11,6,7,30,930,66,AUTOROUTE A86,48.9219,2.36552,Plein jour,Hors agglomération,Hors intersection,Normale,Deux véhicules - côté,,,,,,,,,,,1,1,1,1.0,3
201400047735,0014-11-06 08:15:00,14,11,6,8,15,950,219,AUTOROUTE A115,,,Plein jour,Hors agglomération,Hors intersection,Normale,Autre collision,,,,,,,,,,,1,1,1,1.0,6
201400047736,0014-11-06 12:45:00,14,11,6,12,45,950,527,AUTOROUTE A1,,,Plein jour,Hors agglomération,Hors intersection,Normale,Deux véhicules - côté,,,,,,,,,,,1,1,1,1.0,3
201400047737,0014-11-06 17:50:00,14,11,6,17,50,930,10,AUTOROUTE A86,48.8928,2.47286,Nuit sans éclairage public,Hors agglomération,Hors intersection,Normale,Deux véhicules - côté,,,,,,,,,,,3,1,1,1.0,3
201400047738,0014-11-07 10:15:00,14,11,7,10,15,950,572,AUTOROUTE A15,,,Plein jour,Hors agglomération,Hors intersection,Pluie légère,Autre collision,,,,,,,,,,,1,1,1,2.0,6
201400047739,0014-11-07 17:00:00,14,11,7,17,0,930,63,AUTOROUTE A3,48.8747,2.43926,Plein jour,Hors agglomération,Hors intersection,Normale,Deux véhicules - arrière,,,,,,,,,,,1,1,1,1.0,2
201400047740,0014-11-08 11:00:00,14,11,8,11,0,600,631,AUTOROUTE A1,,,Plein jour,Hors agglomération,Hors intersection,Normale,Sans collision,,,,,,,,,,,1,1,1,1.0,7
201400047741,0014-11-09 05:45:00,14,11,9,5,45,950,488,AUTOROUTE A15,,,Nuit sans éclairage public,Hors agglomération,Hors intersection,Normale,Trois véhicules et plus - en chaîne,,,,,,,,,,,3,1,1,1.0,4
201400047742,0014-11-09 20:40:00,14,11,9,20,40,930,8,AUTOROUTE A86,48.8989,2.46927,Nuit avec éclairage non allumé,Hors agglomération,Hors intersection,Normale,Autre collision,,,,,,,,,,,4,1,1,1.0,6
201400047743,0014-11-08 12:50:00,14,11,8,12,50,930,6,AUTOROUTE A3,48.8684,2.42864,Plein jour,Hors agglomération,Hors intersection,Normale,Trois véhicules et plus - en chaîne,,,,,,,,,,,1,1,1,1.0,4
201400047744,0014-11-10 06:30:00,14,11,10,6,30,930,64,AUTOROUTE A86,48.8707,2.48247,Nuit avec éclairage non allumé,Hors agglomération,Hors intersection,Normale,Deux véhicules - arrière,,,,,,,,,,,4,1,1,1.0,2
201400047745,0014-11-12 01:00:00,14,11,12,1,0,950,488,AUTOROUTE A15,,,Nuit avec éclairage non allumé,Hors agglomération,Hors intersection,Pluie légère,Deux véhicules - arrière,,,,,,,,,,,4,1,1,2.0,2
201400047746,0014-11-12 15:00:00,14,11,12,15,0,950,527,AUTOROUTE A1,,,Plein jour,Hors agglomération,Hors intersection,Normale,Trois véhicules et plus - en chaîne,,,,,,,,,,,1,1,1,1.0,4
201400047747,0014-11-12 15:40:00,14,11,12,15,40,930,48,AUTOROUTE A3,48.8731,2.43592,Plein jour,Hors agglomération,Hors intersection,Normale,Deux véhicules - côté,,,,,,,,,,,1,1,1,1.0,3
201400047748,0014-11-12 18:15:00,14,11,12,18,15,930,8,AUTOROUTE A86,48.8989,2.46927,Nuit sans éclairage public,Hors agglomération,Hors intersection,Normale,Deux véhicules - arrière,,,,,,,,,,,3,1,1,1.0,2
201400047749,0014-11-12 18:30:00,14,11,12,18,30,930,1,AUTOROUTE A86,48.9218,2.3771,Nuit sans éclairage public,Hors agglomération,Hors intersection,Normale,Trois véhicules et plus - collisions multiples,,,,,,,,,,,3,1,1,1.0,5
201400047750,0014-11-12 20:30:00,14,11,12,20,30,930,6,AUTOROUTE A3,48.8645,2.41293,Nuit sans éclairage public,Hors agglomération,Hors intersection,Normale,Sans collision,,,,,,,,,,,3,1,1,1.0,7
201400047751,0014-11-13 07:30:00,14,11,13,7,30,950,18,AUTOROUTE A15,,,Crépuscule ou aube,Hors agglomération,Hors intersection,Normale,Sans collision,,,,,,,,,,,2,1,1,1.0,7
201400047752,0014-11-13 09:22:00,14,11,13,9,22,950,28,RN 104,,,Plein jour,Hors agglomération,Hors intersection,Normale,Deux véhicules - côté,,,,,,,,,,,1,1,1,1.0,3
201400047753,0014-11-14 02:50:00,14,11,14,2,50,950,203,RD 170,48.9775,2.2883,Nuit sans éclairage public,Hors agglomération,Hors intersection,Normale,Deux véhicules - arrière,,,,,,,,,,,3,1,1,1.0,2
201400047754,0014-11-14 07:25:00,14,11,14,7,25,950,18,AUTOROUTE A15,,,Nuit sans éclairage public,Hors agglomération,Hors intersection,Normale,Deux véhicules - arrière,,,,,,,,,,,3,1,1,1.0,2
201400047755,0014-11-14 15:00:00,14,11,14,15,0,930,27,AUTOROUTE A86,48.9286,2.4146,Plein jour,Hors agglomération,Hors intersection,Normale,Deux véhicules - côté,,,,,,,,,,,1,1,1,1.0,3
201400047756,0014-11-15 16:10:00,14,11,15,16,10,930,66,AUTOROUTE A1,48.9225,2.35711,Plein jour,Hors agglomération,Hors intersection,Normale,Deux véhicules - arrière,,,,,,,,,,,1,1,1,1.0,2
201400047757,0014-11-14 19:00:00,14,11,14,19,0,950,277,AUTOROUTE A3,,,Nuit sans éclairage public,Hors agglomération,Hors intersection,Pluie légère,Autre collision,,,,,,,,,,,3,1,1,2.0,6
201400047758,0014-11-14 19:40:00,14,11,14,19,40,600,631,AUTOROUTE A1,,,Nuit sans éclairage public,Hors agglomération,Hors intersection,Normale,Deux véhicules - côté,,,,,,,,,,,3,1,1,1.0,3
201400047759,0014-11-14 20:00:00,14,11,14,20,0,930,78,AUTOROUTE A104,48.9625,2.54728,Nuit avec éclairage non allumé,Hors agglomération,Hors intersection,Pluie légère,Deux véhicules - côté,,,,,,,,,,,4,1,1,2.0,3
201400047760,0014-11-15 10:35:00,14,11,15,10,35,950,277,AUTOROUTE A3,,,Plein jour,Hors agglomération,Hors intersection,Pluie légère,Deux véhicules - arrière,,,,,,,,,,,1,1,1,2.0,2
201400047761,0014-11-15 11:15:00,14,11,15,11,15,950,277,AUTOROUTE A3,,,Plein jour,Hors agglomération,Hors intersection,Pluie légère,Deux véhicules - arrière,,,,,,,,,,,1,1,1,2.0,2
201400047762,0014-11-15 12:25:00,14,11,15,12,25,950,277,AUTOROUTE A104,,,Plein jour,Hors agglomération,Hors intersection,Pluie légère,Autre collision,,,,,,,,,,,1,1,1,2.0,6
201400047763,0014-11-16 06:54:00,14,11,16,6,54,930,78,AUTOROUTE A104,48.9634,2.5213,Nuit avec éclairage non allumé,Hors agglomération,Hors intersection,Normale,Autre collision,,,,,,,,,,,4,1,1,1.0,6
201400047764,0014-11-16 09:30:00,14,11,16,9,30,920,36,AUTOROUTE A15,,,Plein jour,Hors agglomération,Hors intersection,Pluie légère,Sans collision,,,,,,,,,,,1,1,1,2.0,7
201400047765,0014-11-16 16:20:00,14,11,16,16,20,930,66,AUTOROUTE A1,48.9306,2.36663,Nuit sans éclairage public,Hors agglomération,Hors intersection,Pluie légère,Autre collision,,,,,,,,,,,3,1,1,2.0,6
201400047766,0014-11-16 20:30:00,14,11,16,20,30,950,582,AUTOROUTE A15,,,Nuit sans éclairage public,Hors agglomération,Hors intersection,Pluie légère,Deux véhicules - côté,,,,,,,,,,,3,1,1,2.0,3
201400047767,0014-11-17 07:30:00,14,11,17,7,30,950,572,AUTOROUTE A15,,,Plein jour,Hors agglomération,Hors intersection,Pluie légère,Trois véhicules et plus - en chaîne,,,,,,,,,,,1,1,1,2.0,4
201400047768,0014-11-17 08:30:00,14,11,17,8,30,930,78,AUTOROUTE A104,48.959,2.53602,Plein jour,Hors agglomération,Hors intersection,Pluie légère,Sans collision,,,,,,,,,,,1,1,1,2.0,7
201400047769,0014-11-17 09:00:00,14,11,17,9,0,930,10,AUTOROUTE A3,48.8895,2.47375,Plein jour,Hors agglomération,Hors intersection,Pluie légère,Sans collision,,,,,,,,,,,1,1,1,2.0,7
201400047770,0014-11-17 17:30:00,14,11,17,17,30,930,27,AUTOROUTE A86,48.9286,2.41528,Nuit sans éclairage public,Hors agglomération,Hors intersection,Pluie légère,Deux véhicules - côté,,,,,,,,,,,3,1,1,2.0,3
201400047771,0014-11-17 19:45:00,14,11,17,19,45,930,78,AUTOROUTE A104,48.9634,2.5213,Nuit sans éclairage public,Hors agglomération,Hors intersection,Pluie légère,Trois véhicules et plus - en chaîne,,,,,,,,,,,3,1,1,2.0,4
201400047772,0014-11-18 08:10:00,14,11,18,8,10,950,151,RN 104,,,Crépuscule ou aube,Hors agglomération,Hors intersection,Normale,Deux véhicules - arrière,,,,,,,,,,,2,1,1,1.0,2
201400047773,0014-11-18 08:30:00,14,11,18,8,30,920,36,AUTOROUTE A86,,,Plein jour,Hors agglomération,Hors intersection,Normale,Sans collision,,,,,,,,,,,1,1,1,1.0,7
201400047774,0014-11-18 08:40:00,14,11,18,8,40,950,42,RN 104,,,Plein jour,Hors agglomération,Hors intersection,Normale,Deux véhicules - arrière,,,,,,,,,,,1,1,1,1.0,2
201400047775,0014-11-18 09:25:00,14,11,18,9,25,950,18,AUTOROUTE A15,,,Plein jour,Hors agglomération,Hors intersection,Normale,Autre collision,,,,,,,,,,,1,1,1,1.0,6
201400047776,0014-11-18 09:05:00,14,11,18,9,5,950,18,AUTOROUTE A15,,,Plein jour,Hors agglomération,Hors intersection,Pluie légère,Autre collision,,,,,,,,,,,1,1,1,2.0,6
201400047777,0014-11-18 18:20:00,14,11,18,18,20,930,10,AUTOROUTE A3,48.8893,2.47381,Crépuscule ou aube,Hors agglomération,Hors intersection,Pluie légère,Autre collision,,,,,,,,,,,2,1,1,2.0,6
201400047778,0014-11-19 08:30:00,14,11,19,8,30,950,42,RN 104,,,Plein jour,Hors agglomération,Hors intersection,Brouillard / fumée,Deux véhicules - arrière,,,,,,,,,,,1,1,1,5.0,2
201400047779,0014-11-19 19:40:00,14,11,19,19,40,930,64,AUTOROUTE A3,48.8838,2.46701,Nuit sans éclairage public,Hors agglomération,Hors intersection,Normale,Deux véhicules - côté,,,,,,,,,,,3,1,1,1.0,3
201400047780,0014-11-19 18:10:00,14,11,19,18,10,950,18,AUTOROUTE A15,,,Nuit sans éclairage public,Hors agglomération,Hors intersection,Normale,Deux véhicules - arrière,,,,,,,,,,,3,1,1,1.0,2
201400047781,0014-11-19 18:40:00,14,11,19,18,40,930,78,AUTOROUTE A104,48.9615,2.5446,Nuit sans éclairage public,Hors agglomération,Hors intersection,Normale,Trois véhicules et plus - en chaîne,,,,,,,,,,,3,1,1,1.0,4
201400047782,0014-11-20 20:46:00,14,11,20,20,46,950,582,AUTOROUTE A15,,,Nuit sans éclairage public,Hors agglomération,Hors intersection,Normale,Autre collision,,,,,,,,,,,3,1,1,1.0,6
201400047783,0014-11-20 20:45:00,14,11,20,20,45,950,582,AUTOROUTE A15,,,Nuit avec éclairage allumé,Hors agglomération,Hors intersection,Pluie légère,Autre collision,,,,,,,,,,,5,1,1,2.0,6
201400047784,0014-11-21 12:45:00,14,11,21,12,45,930,27,AUTOROUTE A86,,,Plein jour,Hors agglomération,Hors intersection,Normale,Trois véhicules et plus - collisions multiples,,,,,,,,,,,1,1,1,1.0,5
201400047785,0014-11-21 08:40:00,14,11,21,8,40,950,582,AUTOROUTE A15,,,Plein jour,Hors agglomération,Hors intersection,Normale,Deux véhicules - arrière,,,,,,,,,,,1,1,1,1.0,2
201400047786,0014-11-21 11:00:00,14,11,21,11,0,950,424,AUTOROUTE A15,,,Plein jour,Hors agglomération,Hors intersection,Normale,Autre collision,,,,,,,,,,,1,1,1,1.0,6
201400047787,0014-11-24 08:00:00,14,11,24,8,0,930,64,AUTOROUTE A86,48.8835,2.46961,Plein jour,Hors agglomération,Hors intersection,Normale,Trois véhicules et plus - collisions multiples,,,,,,,,,,,1,1,1,1.0,5
201400047788,0014-11-22 13:15:00,14,11,22,13,15,930,10,AUTOROUTE A3,48.8874,2.47411,Plein jour,Hors agglomération,Hors intersection,Normale,Trois véhicules et plus - collisions multiples,,,,,,,,,,,1,1,1,1.0,5
201400047789,0014-11-22 16:40:00,14,11,22,16,40,930,8,AUTOROUTE A86,48.9057,2.46307,Crépuscule ou aube,Hors agglomération,Hors intersection,Normale,Autre collision,,,,,,,,,,,2,1,1,1.0,6
201400047790,0014-11-22 20:30:00,14,11,22,20,30,920,36,AUTOROUTE A86,,,Nuit sans éclairage public,Hors agglomération,Hors intersection,Normale,Deux véhicules - arrière,,,,,,,,,,,3,1,1,1.0,2
201400047791,0014-11-22 20:55:00,14,11,22,20,55,930,8,AUTOROUTE A86,48.8947,2.47114,Nuit avec éclairage non allumé,Hors agglomération,Hors intersection,Normale,Deux véhicules - arrière,,,,,,,,,,,4,1,1,1.0,2
201400047792,0014-11-23 11:30:00,14,11,23,11,30,930,66,AUTOROUTE A86,48.922,2.36281,Plein jour,Hors agglomération,Hors intersection,Normale,Sans collision,,,,,,,,,,,1,1,1,1.0,7
201400047793,0014-11-23 18:45:00,14,11,23,18,45,950,500,AUTOROUTE A15,,,Nuit sans éclairage public,Hors agglomération,Hors intersection,Normale,Trois véhicules et plus - en chaîne,,,,,,,,,,,3,1,1,1.0,4
201400047794,0014-11-24 09:05:00,14,11,24,9,5,930,78,AUTOROUTE A104,48.9715,2.49691,Plein jour,Hors agglomération,Hors intersection,Pluie légère,Deux véhicules - arrière,,,,,,,,,,,1,1,1,2.0,2
201400047795,0014-11-24 10:25:00,14,11,24,10,25,930,66,AUTOROUTE A1,48.9021,2.35866,Plein jour,Hors agglomération,Hors intersection,Normale,Trois véhicules et plus - collisions multiples,,,,,,,,,,,1,1,1,1.0,5
201400047796,0014-11-25 00:10:00,14,11,25,0,10,950,365,RN 104,,,Nuit sans éclairage public,Hors agglomération,Hors intersection,Pluie légère,Deux véhicules - arrière,,,,,,,,,,,3,1,1,2.0,2
201400047797,0014-11-26 06:00:00,14,11,26,6,0,930,8,AUTOROUTE A86,48.8986,2.46958,Nuit sans éclairage public,Hors agglomération,Hors intersection,Pluie légère,Deux véhicules - arrière,,,,,,,,,,,3,1,1,2.0,2
201400047798,0014-11-26 07:45:00,14,11,26,7,45,950,582,AUTOROUTE A15,,,Nuit sans éclairage public,Hors agglomération,Hors intersection,Pluie légère,Deux véhicules - arrière,,,,,,,,,,,3,1,1,2.0,2
201400047799,0014-11-27 11:10:00,14,11,27,11,10,950,18,AUTOROUTE A15,,,Plein jour,Hors agglomération,Hors intersection,Pluie légère,Autre collision,,,,,,,,,,,1,1,1,2.0,6
201400047800,0014-11-27 11:30:00,14,11,27,11,30,930,7,AUTOROUTE A1,48.9549,2.45734,Plein jour,Hors agglomération,Hors intersection,Normale,Deux véhicules - arrière,,,,,,,,,,,1,1,1,1.0,2
201400047801,0014-11-27 18:30:00,14,11,27,18,30,950,241,RN 104,,,Nuit sans éclairage public,Hors agglomération,Hors intersection,Normale,Deux véhicules - côté,,,,,,,,,,,3,1,1,1.0,3
201400047802,0014-11-27 20:00:00,14,11,27,20,0,930,10,AUTOROUTE A3,48.8893,2.47381,Nuit sans éclairage public,Hors agglomération,Hors intersection,Normale,Trois véhicules et plus - collisions multiples,,,,,,,,,,,3,1,1,1.0,5
201400047803,0014-11-27 13:20:00,14,11,27,13,20,950,241,RN 104,,,Plein jour,Hors agglomération,Hors intersection,Normale,Sans collision,,,,,,,,,,,1,1,1,1.0,7
201400047804,0014-11-27 19:15:00,14,11,27,19,15,950,582,AUTOROUTE A15,,,Nuit sans éclairage public,Hors agglomération,Hors intersection,Normale,Deux véhicules - côté,,,,,,,,,,,3,1,1,1.0,3
201400047805,0014-11-27 19:45:00,14,11,27,19,45,920,78,", AUTOROUTE A86",,,Nuit avec éclairage allumé,Hors agglomération,Hors intersection,Normale,Trois véhicules et plus - en chaîne,,,,,,,,,,,5,1,1,1.0,4
201400047806,0014-11-28 08:00:00,14,11,28,8,0,930,5,AUTOROUTE A3,48.9564,2.47328,Plein jour,Hors agglomération,Hors intersection,Normale,Trois véhicules et plus - en chaîne,,,,,,,,,,,1,1,1,1.0,4
201400047807,0014-11-28 08:40:00,14,11,28,8,40,930,66,AUTOROUTE A86,48.9221,2.35877,Plein jour,Hors agglomération,Hors intersection,Normale,Autre collision,,,,,,,,,,,1,1,1,1.0,6