accident_id,datetime,annee,mois,jour,heure,minute,departement,commune_insee,adresse,latitude,longitude,luminosite,agglomeration,intersection,meteo,collision,nb_vehicules,nb_usagers,nb_indemnes,nb_tues,nb_blesses_hosp,nb_blesses_legers,age_cond_1,age_cond_2,veh_type_cond_1,veh_type_cond_2,lum_code,agg_code,int_code,atm_code,col_code
201400048356,0014-10-27 19:48:00,14,10,27,19,48,780,640,N118,,,Nuit sans éclairage public,Hors agglomération,Hors intersection,Normale,Trois véhicules et plus - en chaîne,,,,,,,,,,,3,1,1,1.0,4
201400048357,0014-10-27 20:40:00,14,10,27,20,40,920,23,RN385,,,Nuit sans éclairage public,Hors agglomération,Hors intersection,Normale,Deux véhicules - arrière,,,,,,,,,,,3,1,1,1.0,2
201400048358,0014-10-21 12:35:00,14,10,21,12,35,920,51,RN13,,,Plein jour,Hors agglomération,Hors intersection,Normale,Sans collision,,,,,,,,,,,1,1,1,1.0,7
201400048359,0014-10-29 08:43:00,14,10,29,8,43,780,291,A13,,,Plein jour,Hors agglomération,Hors intersection,Normale,Sans collision,,,,,,,,,,,1,1,1,1.0,7
201400048360,0014-10-29 08:50:00,14,10,29,8,50,780,545,A12 Y,,,Plein jour,Hors agglomération,Hors intersection,Normale,Trois véhicules et plus - en chaîne,,,,,,,,,,,1,1,1,1.0,4
201400048361,0014-10-29 09:00:00,14,10,29,9,0,780,423,N12W,,,Plein jour,Hors agglomération,Hors intersection,Temps couvert,Deux véhicules - côté,,,,,,,,,,,1,1,1,8.0,3
201400048362,0014-10-29 09:40:00,14,10,29,9,40,780,43,A12 Y,,,Plein jour,Hors agglomération,Hors intersection,Normale,Trois véhicules et plus - collisions multiples,,,,,,,,,,,1,1,1,1.0,5
201400048363,0014-10-30 07:35:00,14,10,30,7,35,780,466,A13,,,Plein jour,Hors agglomération,Hors intersection,Normale,Trois véhicules et plus - collisions multiples,,,,,,,,,,,1,1,1,1.0,5
201400048364,0014-10-31 14:10:00,14,10,31,14,10,780,431,A13,,,Plein jour,Hors agglomération,Hors intersection,Normale,Deux véhicules - côté,,,,,,,,,,,1,1,1,1.0,3
201400048365,0014-11-01 02:50:00,14,11,1,2,50,780,133,A13,,,Nuit sans éclairage public,Hors agglomération,Hors intersection,Normale,Trois véhicules et plus - collisions multiples,,,,,,,,,,,3,1,1,1.0,5
201400048366,0014-11-01 08:35:00,14,11,1,8,35,780,640,A86 EXT,,,Plein jour,Hors agglomération,Hors intersection,Normale,Autre collision,,,,,,,,,,,1,1,1,1.0,6
201400048367,0014-11-01 10:40:00,14,11,1,10,40,780,118,A13,,,Plein jour,Hors agglomération,Hors intersection,Normale,Trois véhicules et plus - collisions multiples,,,,,,,,,,,1,1,1,1.0,5
201400048368,0014-11-01 21:00:00,14,11,1,21,0,780,206,A13,,,Nuit sans éclairage public,Hors agglomération,Hors intersection,Normale,Deux véhicules - côté,,,,,,,,,,,3,1,1,1.0,3
201400048369,0014-11-02 11:35:00,14,11,2,11,35,780,423,RN12,,,Plein jour,Hors agglomération,Hors intersection,Normale,Trois véhicules et plus - en chaîne,,,,,,,,,,,1,1,1,1.0,4
201400048370,0014-11-03 03:35:00,14,11,3,3,35,920,64,A13,,,Nuit avec éclairage allumé,Hors agglomération,Hors intersection,Normale,Deux véhicules - frontale,,,,,,,,,,,5,1,1,1.0,1
201400048371,0014-11-03 05:15:00,14,11,3,5,15,920,47,A13,,,Nuit sans éclairage public,Hors agglomération,Hors intersection,Temps couvert,Deux véhicules - frontale,,,,,,,,,,,3,1,1,8.0,1
201400048372,0014-11-03 06:04:00,14,11,3,6,4,780,43,A12 W,,,Nuit sans éclairage public,Hors agglomération,Hors intersection,Temps couvert,Sans collision,,,,,,,,,,,3,1,1,8.0,7
201400048373,0014-11-04 07:40:00,14,11,4,7,40,750,116,A13Y,,,Plein jour,Hors agglomération,Hors intersection,Normale,Autre collision,,,,,,,,,,,1,1,1,1.0,6
201400048374,0014-11-04 17:55:00,14,11,4,17,55,920,50,A86,,,Crépuscule ou aube,Hors agglomération,Hors intersection,Normale,Deux véhicules - arrière,,,,,,,,,,,2,1,1,1.0,2
201400048375,0014-11-05 08:00:00,14,11,5,8,0,780,297,RN12,,,Crépuscule ou aube,Hors agglomération,Hors intersection,Normale,Trois véhicules et plus - collisions multiples,,,,,,,,,,,2,1,1,1.0,5
201400048376,0014-11-05 08:40:00,14,11,5,8,40,780,73,A12 Y,,,Plein jour,Hors agglomération,Hors intersection,Normale,Sans collision,,,,,,,,,,,1,1,1,1.0,7
201400048377,0014-11-05 23:45:00,14,11,5,23,45,920,50,A14,,,Nuit avec éclairage allumé,Hors agglomération,Hors intersection,Normale,Deux véhicules - côté,,,,,,,,,,,5,1,1,1.0,3
201400048378,0014-11-07 22:05:00,14,11,7,22,5,920,64,A13,,,Nuit avec éclairage allumé,Hors agglomération,Hors intersection,Normale,Deux véhicules - arrière,,,,,,,,,,,5,1,1,1.0,2
201400048379,0014-11-08 16:05:00,14,11,8,16,5,920,72,N118,,,Plein jour,Hors agglomération,Hors intersection,Normale,Sans collision,,,,,,,,,,,1,1,1,1.0,7
201400048380,0014-11-10 09:02:00,14,11,10,9,2,920,62,A14,,,Plein jour,Hors agglomération,Hors intersection,Normale,Deux véhicules - arrière,,,,,,,,,,,1,1,1,1.0,2
201400048381,0014-11-12 06:40:00,14,11,12,6,40,920,51,RN13,,,Nuit sans éclairage public,Hors agglomération,Hors intersection,Normale,Deux véhicules - côté,,,,,,,,,,,3,1,1,1.0,3
201400048382,0014-11-14 23:45:00,14,11,14,23,45,920,51,RN13,,,Nuit sans éclairage public,Hors agglomération,Hors intersection,Normale,Deux véhicules - côté,,,,,,,,,,,3,1,1,1.0,3
201400048383,0014-11-14 07:10:00,14,11,14,7,10,920,25,A86,,,Nuit sans éclairage public,Hors agglomération,Hors intersection,Normale,Deux véhicules - côté,,,,,,,,,,,3,1,1,1.0,3
201400048384,0014-11-14 11:40:00,14,11,14,11,40,920,51,RN13,,,Plein jour,Hors agglomération,Hors intersection,Pluie légère,Autre collision,,,,,,,,,,,1,1,1,2.0,6
201400048385,0014-11-14 15:02:00,14,11,14,15,2,920,72,N118,,,Plein jour,Hors agglomération,Hors intersection,Pluie légère,Autre collision,,,,,,,,,,,1,1,1,2.0,6
201400048386,0014-11-15 08:27:00,14,11,15,8,27,780,29,A13Y,,,Plein jour,Hors agglomération,Hors intersection,Temps couvert,Autre collision,,,,,,,,,,,1,1,1,8.0,6
201400048387,0014-11-15 15:19:00,14,11,15,15,19,780,431,A13,,,Plein jour,Hors agglomération,Hors intersection,Normale,Autre collision,,,,,,,,,,,1,1,1,1.0,6
201400048388,0014-11-16 17:45:00,14,11,16,17,45,780,640,A86 EXT,,,Nuit sans éclairage public,Hors agglomération,Hors intersection,Pluie légère,Trois véhicules et plus - collisions multiples,,,,,,,,,,,3,1,1,2.0,5
201400048389,0014-11-16 18:00:00,14,11,16,18,0,920,51,RN13,,,Nuit sans éclairage public,Hors agglomération,Hors intersection,Pluie légère,Sans collision,,,,,,,,,,,3,1,1,2.0,7
201400048390,0014-11-16 21:00:00,14,11,16,21,0,920,63,A86,,,Nuit avec éclairage allumé,Hors agglomération,Hors intersection,Pluie légère,Autre collision,,,,,,,,,,,5,1,1,2.0,6
201400048391,0014-11-17 01:45:00,14,11,17,1,45,780,297,NON UTILISEE,,,Nuit avec éclairage non allumé,Hors agglomération,Hors intersection,Pluie légère,Autre collision,,,,,,,,,,,4,1,1,2.0,6
201400048392,0014-11-17 18:10:00,14,11,17,18,10,920,50,A86,,,Nuit avec éclairage allumé,Hors agglomération,Hors intersection,Pluie légère,Sans collision,,,,,,,,,,,5,1,1,2.0,7
201400048393,0014-11-18 08:07:00,14,11,18,8,7,920,48,N118,,,Plein jour,Hors agglomération,Hors intersection,Pluie légère,Sans collision,,,,,,,,,,,1,1,1,2.0,7
201400048394,0014-11-18 08:25:00,14,11,18,8,25,780,545,A12 W,,,Nuit sans éclairage public,Hors agglomération,Hors intersection,Normale,Deux véhicules - côté,,,,,,,,,,,3,1,1,1.0,3
201400048395,0014-11-18 09:50:00,14,11,18,9,50,780,545,A12 W,,,Plein jour,Hors agglomération,Hors intersection,Pluie légère,Deux véhicules - côté,,,,,,,,,,,1,1,1,2.0,3
201400048396,0014-11-18 13:00:00,14,11,18,13,0,780,640,A86 INT,,,Plein jour,Hors agglomération,Hors intersection,Temps couvert,Sans collision,,,,,,,,,,,1,1,1,8.0,7
201400048397,0014-11-18 15:40:00,14,11,18,15,40,780,646,RN12,,,Plein jour,Hors agglomération,Hors intersection,Temps couvert,Trois véhicules et plus - en chaîne,,,,,,,,,,,1,1,1,8.0,4
201400048398,0014-11-18 16:10:00,14,11,18,16,10,920,25,A86,,,Plein jour,Hors agglomération,Hors intersection,Temps couvert,Trois véhicules et plus - en chaîne,,,,,,,,,,,1,1,1,8.0,4
201400048399,0014-11-18 20:45:00,14,11,18,20,45,920,47,A13,,,Nuit avec éclairage non allumé,Hors agglomération,Hors intersection,Pluie légère,Sans collision,,,,,,,,,,,4,1,1,2.0,7
201400048400,0014-11-19 08:00:00,14,11,19,8,0,920,50,A86,,,Plein jour,Hors agglomération,Hors intersection,Normale,Deux véhicules - côté,,,,,,,,,,,1,1,1,1.0,3
201400048401,0014-11-19 08:15:00,14,11,19,8,15,780,423,RN12,,,Plein jour,Hors agglomération,Hors intersection,Brouillard / fumée,Autre collision,,,,,,,,,,,1,1,1,5.0,6
201400048402,0014-11-19 17:25:00,14,11,19,17,25,780,423,RN12,,,Nuit sans éclairage public,Hors agglomération,Hors intersection,Normale,Autre collision,,,,,,,,,,,3,1,1,1.0,6
201400048403,0014-11-20 06:15:00,14,11,20,6,15,920,50,A86,,,Nuit avec éclairage allumé,Hors agglomération,Hors intersection,Normale,Deux véhicules - côté,,,,,,,,,,,5,1,1,1.0,3
201400048404,0014-11-20 06:50:00,14,11,20,6,50,920,50,A14,,,Nuit avec éclairage allumé,Hors agglomération,Hors intersection,Temps couvert,Trois véhicules et plus - en chaîne,,,,,,,,,,,5,1,1,8.0,4
201400048405,0014-11-20 07:20:00,14,11,20,7,20,920,50,A86,,,Crépuscule ou aube,Hors agglomération,Hors intersection,Temps couvert,Deux véhicules - arrière,,,,,,,,,,,2,1,1,8.0,2
201400048406,0014-11-20 16:52:00,14,11,20,16,52,920,60,RN385,,,Crépuscule ou aube,Hors agglomération,Hors intersection,Temps couvert,Sans collision,,,,,,,,,,,2,1,1,8.0,7
201400048407,0014-11-20 17:07:00,14,11,20,17,7,780,242,A12 W,,,Nuit sans éclairage public,Hors agglomération,Hors intersection,Pluie légère,Deux véhicules - arrière,,,,,,,,,,,3,1,1,2.0,2
201400048408,0014-11-21 01:25:00,14,11,21,1,25,780,423,NON UTILISEE,,,Nuit avec éclairage non allumé,Hors agglomération,Hors intersection,Normale,Sans collision,,,,,,,,,,,4,1,1,1.0,7
201400048409,0014-11-21 17:40:00,14,11,21,17,40,780,646,RN12,,,Nuit sans éclairage public,Hors agglomération,Hors intersection,Normale,Deux véhicules - côté,,,,,,,,,,,3,1,1,1.0,3
201400048410,0014-11-22 14:36:00,14,11,22,14,36,920,26,RN192,,,Plein jour,Hors agglomération,Hors intersection,Normale,Deux véhicules - arrière,,,,,,,,,,,1,1,1,1.0,2
201400048411,0014-11-23 18:00:00,14,11,23,18,0,780,291,A13,,,Nuit sans éclairage public,Hors agglomération,Hors intersection,Normale,Deux véhicules - arrière,,,,,,,,,,,3,1,1,1.0,2
201400048412,0014-11-24 08:08:00,14,11,24,8,8,780,133,A13,,,Plein jour,Hors agglomération,Hors intersection,Pluie légère,Trois véhicules et plus - collisions multiples,,,,,,,,,,,1,1,1,2.0,5
201400048413,0014-11-24 09:40:00,14,11,24,9,40,780,233,A13,,,Plein jour,Hors agglomération,Hors intersection,Temps couvert,Deux véhicules - arrière,,,,,,,,,,,1,1,1,8.0,2
201400048414,0014-11-25 08:40:00,14,11,25,8,40,920,50,A14,,,Plein jour,Hors agglomération,Hors intersection,Normale,Sans collision,,,,,,,,,,,1,1,1,1.0,7
201400048415,0014-11-25 09:35:00,14,11,25,9,35,920,50,A14,,,Plein jour,Hors agglomération,Hors intersection,Temps couvert,Autre collision,,,,,,,,,,,1,1,1,8.0,6
201400048416,0014-11-26 17:40:00,14,11,26,17,40,920,25,A86,,,Nuit sans éclairage public,Hors agglomération,Hors intersection,Pluie légère,Autre collision,,,,,,,,,,,3,1,1,2.0,6
201400048417,0014-11-27 18:36:00,14,11,27,18,36,780,297,RN12,,,Nuit sans éclairage public,Hors agglomération,Hors intersection,Normale,Sans collision,,,,,,,,,,,3,1,1,1.0,7
201400048418,0014-11-27 20:11:00,14,11,27,20,11,780,158,A13,,,Nuit sans éclairage public,Hors agglomération,Hors intersection,Normale,Deux véhicules - arrière,,,,,,,,,,,3,1,1,1.0,2
201400048419,0014-11-28 09:39:00,14,11,28,9,39,780,640,A86 EXT,,,Plein jour,Hors agglomération,Hors intersection,Normale,Sans collision,,,,,,,,,,,1,1,1,1.0,7
201400048420,0014-11-28 17:10:00,14,11,28,17,10,920,25,A86,,,Crépuscule ou aube,Hors agglomération,Hors intersection,Normale,Deux véhicules - côté,,,,,,,,,,,2,1,1,1.0,3
201400048421,0014-11-28 17:48:00,14,11,28,17,48,920,63,A86,,,Nuit sans éclairage public,Hors agglomération,Hors intersection,Pluie légère,Autre collision,,,,,,,,,,,3,1,1,2.0,6
201400048422,0014-11-28 17:40:00,14,11,28,17,40,780,43,A13Y,,,Nuit sans éclairage public,Hors agglomération,Hors intersection,Pluie légère,Sans collision,,,,,,,,,,,3,1,1,2.0,7
201400048423,0014-11-28 19:35:00,14,11,28,19,35,920,25,A86,,,Nuit sans éclairage public,Hors agglomération,Hors intersection,Normale,Deux véhicules - côté,,,,,,,,,,,3,1,1,1.0,3
201400048424,0014-11-30 06:45:00,14,11,30,6,45,920,62,A14,,,Crépuscule ou aube,Hors agglomération,Hors intersection,Normale,Deux véhicules - arrière,,,,,,,,,,,2,1,1,1.0,2
201400048425,0014-11-30 13:00:00,14,11,30,13,0,780,217,A13,,,Plein jour,Hors agglomération,Hors intersection,Brouillard / fumée,Autre collision,,,,,,,,,,,1,1,1,5.0,6
201400048426,0014-12-02 08:20:00,14,12,2,8,20,920,25,A86,,,Plein jour,Hors agglomération,Hors intersection,Temps couvert,Deux véhicules - arrière,,,,,,,,,,,1,1,1,8.0,2
201400048427,0014-12-03 00:10:00,14,12,3,0,10,920,36,A86,,,Nuit sans éclairage public,Hors agglomération,Hors intersection,Pluie légère,Autre collision,,,,,,,,,,,3,1,1,2.0,6
201400048428,0014-12-03 08:45:00,14,12,3,8,45,780,640,A86 EXT,,,Plein jour,Hors agglomération,Hors intersection,Brouillard / fumée,Deux véhicules - côté,,,,,,,,,,,1,1,1,5.0,3
201400048429,0014-12-03 09:35:00,14,12,3,9,35,920,47,A13,,,Plein jour,Hors agglomération,Hors intersection,Neige / grêle,Trois véhicules et plus - collisions multiples,,,,,,,,,,,1,1,1,4.0,5
201400048430,0014-12-04 09:50:00,14,12,4,9,50,780,117,RN12,,,Plein jour,Hors agglomération,Hors intersection,Normale,Deux véhicules - côté,,,,,,,,,,,1,1,1,1.0,3
201400048431,0014-12-04 21:23:00,14,12,4,21,23,780,455,A13,,,Nuit sans éclairage public,Hors agglomération,Hors intersection,Normale,Autre collision,,,,,,,,,,,3,1,1,1.0,6
201400048432,0014-12-05 20:09:00,14,12,5,20,9,920,64,A13,,,Nuit sans éclairage public,Hors agglomération,Hors intersection,Pluie légère,Trois véhicules et plus - en chaîne,,,,,,,,,,,3,1,1,2.0,4
201400048433,0014-12-06 03:45:00,14,12,6,3,45,920,63,A86,,,Nuit avec éclairage allumé,Hors agglomération,Hors intersection,Normale,Autre collision,,,,,,,,,,,5,1,1,1.0,6
201400048434,0014-12-07 15:10:00,14,12,7,15,10,780,90,A13,,,Plein jour,Hors agglomération,Hors intersection,Pluie légère,Deux véhicules - arrière,,,,,,,,,,,1,1,1,2.0,2
201400048435,0014-12-08 10:18:00,14,12,8,10,18,920,36,A86,,,Plein jour,Hors agglomération,Hors intersection,Pluie légère,Deux véhicules - arrière,,,,,,,,,,,1,1,1,2.0,2
201400048436,0014-12-08 17:30:00,14,12,8,17,30,920,48,N118,,,Nuit avec éclairage allumé,Hors agglomération,Hors intersection,Pluie légère,Trois véhicules et plus - collisions multiples,,,,,,,,,,,5,1,1,2.0,5
201400048437,0014-12-08 19:42:00,14,12,8,19,42,920,60,RN385,,,Nuit avec éclairage allumé,Hors agglomération,Hors intersection,Normale,Trois véhicules et plus - collisions multiples,,,,,,,,,,,5,1,1,1.0,5
201400048438,0014-12-09 23:45:00,14,12,9,23,45,780,466,A13,,,Nuit sans éclairage public,Hors agglomération,Hors intersection,Temps couvert,Autre collision,,,,,,,,,,,3,1,1,8.0,6
201400048439,0014-12-09 08:30:00,14,12,9,8,30,920,50,A86,,,Plein jour,Hors agglomération,Hors intersection,Normale,Deux véhicules - arrière,,,,,,,,,,,1,1,1,1.0,2
201400048440,0014-12-10 09:00:00,14,12,10,9,0,780,322,RN12 EXT,,,Plein jour,Hors agglomération,Hors intersection,Pluie légère,Deux véhicules - côté,,,,,,,,,,,1,1,1,2.0,3
201400048441,0014-12-10 09:50:00,14,12,10,9,50,920,48,N118,,,Plein jour,Hors agglomération,Hors intersection,Pluie légère,Sans collision,,,,,,,,,,,1,1,1,2.0,7
201400048442,0014-12-11 14:40:00,14,12,11,14,40,920,50,A86,,,Plein jour,Hors agglomération,Hors intersection,Normale,Deux véhicules - arrière,,,,,,,,,,,1,1,1,1.0,2
201400048443,0014-12-12 14:15:00,14,12,12,14,15,920,36,A86,,,Plein jour,Hors agglomération,Hors intersection,Pluie légère,Deux véhicules - arrière,,,,,,,,,,,1,1,1,2.0,2
201400048444,0014-12-12 17:38:00,14,12,12,17,38,780,431,A13,,,Nuit sans éclairage public,Hors agglomération,Hors intersection,Pluie forte,Trois véhicules et plus - en chaîne,,,,,,,,,,,3,1,1,3.0,4
201400048445,0014-12-13 06:35:00,14,12,13,6,35,780,217,A13,,,Nuit sans éclairage public,Hors agglomération,Hors intersection,Pluie forte,Autre collision,,,,,,,,,,,3,1,1,3.0,6
201400048446,0014-12-13 09:30:00,14,12,13,9,30,780,498,A13,,,Plein jour,Hors agglomération,Hors intersection,Pluie forte,Autre collision,,,,,,,,,,,1,1,1,3.0,6
201400048447,0014-12-13 13:19:00,14,12,13,13,19,920,36,A86,,,Plein jour,Hors agglomération,Hors intersection,Pluie légère,Deux véhicules - arrière,,,,,,,,,,,1,1,1,2.0,2
201400048448,0014-12-14 23:40:00,14,12,14,23,40,780,291,A13,,,Nuit sans éclairage public,Hors agglomération,Hors intersection,Normale,Autre collision,,,,,,,,,,,3,1,1,1.0,6
201400048449,0014-12-14 00:10:00,14,12,14,0,10,780,640,A86 EXT,,,Nuit sans éclairage public,Hors agglomération,Hors intersection,Temps couvert,Sans collision,,,,,,,,,,,3,1,1,8.0,7
201400048450,0014-12-14 08:28:00,14,12,14,8,28,920,25,A86,,,Plein jour,Hors agglomération,Hors intersection,Brouillard / fumée,Autre collision,,,,,,,,,,,1,1,1,5.0,6
201400048451,0014-12-14 15:19:00,14,12,14,15,19,920,63,A86,,,Plein jour,Hors agglomération,Hors intersection,Temps couvert,Autre collision,,,,,,,,,,,1,1,1,8.0,6
201400048452,0014-12-14 20:44:00,14,12,14,20,44,920,62,RN1014 W,,,Nuit avec éclairage allumé,Hors agglomération,Hors intersection,Normale,Deux véhicules - arrière,,,,,,,,,,,5,1,1,1.0,2
201400048453,0014-12-15 07:40:00,14,12,15,7,40,780,291,A13,,,Nuit avec éclairage allumé,Hors agglomération,Hors intersection,Pluie légère,Trois véhicules et plus - collisions multiples,,,,,,,,,,,5,1,1,2.0,5
201400048454,0014-12-15 09:31:00,14,12,15,9,31,920,64,A13,,,Plein jour,Hors agglomération,Hors intersection,Pluie légère,Deux véhicules - côté,,,,,,,,,,,1,1,1,2.0,3
201400048455,0014-12-16 16:55:00,14,12,16,16,55,780,206,A13,,,Plein jour,Hors agglomération,Hors intersection,Normale,Autre collision,,,,,,,,,,,1,1,1,1.0,6
201400048456,0014-12-17 08:45:00,14,12,17,8,45,780,43,A13W,,,Plein jour,Hors agglomération,Hors intersection,Pluie forte,Sans collision,,,,,,,,,,,1,1,1,3.0,7
201400048457,0014-12-17 09:00:00,14,12,17,9,0,780,640,N118,,,Plein jour,Hors agglomération,Hors intersection,Pluie légère,Sans collision,,,,,,,,,,,1,1,1,2.0,7
201400048458,0014-12-17 18:10:00,14,12,17,18,10,780,291,A13,,,Nuit sans éclairage public,Hors agglomération,Hors intersection,Pluie légère,Deux véhicules - arrière,,,,,,,,,,,3,1,1,2.0,2
201400048459,0014-12-17 20:50:00,14,12,17,20,50,920,64,A13,,,Nuit avec éclairage allumé,Hors agglomération,Hors intersection,Pluie légère,Sans collision,,,,,,,,,,,5,1,1,2.0,7
201400048460,0014-12-18 00:20:00,14,12,18,0,20,780,431,A13,,,Nuit avec éclairage non allumé,Hors agglomération,Hors intersection,Pluie légère,Autre collision,,,,,,,,,,,4,1,1,2.0,6
201400048461,0014-12-19 10:00:00,14,12,19,10,0,920,72,N118,,,Plein jour,Hors agglomération,Hors intersection,Pluie légère,Trois véhicules et plus - en chaîne,,,,,,,,,,,1,1,1,2.0,4
201400048462,0014-12-19 20:20:00,14,12,19,20,20,780,402,A13,,,Nuit sans éclairage public,Hors agglomération,Hors intersection,Normale,Autre collision,,,,,,,,,,,3,1,1,1.0,6
201400048463,0014-12-20 14:15:00,14,12,20,14,15,780,571,A13,,,Plein jour,Hors agglomération,Hors intersection,Normale,Sans collision,,,,,,,,,,,1,1,1,1.0,7
201400048464,0014-12-21 14:54:00,14,12,21,14,54,920,64,A13,,,Plein jour,Hors agglomération,Hors intersection,Normale,Deux véhicules - arrière,,,,,,,,,,,1,1,1,1.0,2
201400048465,0014-12-21 19:05:00,14,12,21,19,5,780,238,A13,,,Nuit sans éclairage public,Hors agglomération,Hors intersection,Normale,Deux véhicules - côté,,,,,,,,,,,3,1,1,1.0,3
201400048466,0014-12-22 18:00:00,14,12,22,18,0,920,12,A13,,,Nuit avec éclairage allumé,Hors agglomération,Hors intersection,Normale,Deux véhicules - côté,,,,,,,,,,,5,1,1,1.0,3
201400048467,0014-12-23 18:31:00,14,12,23,18,31,780,402,A13,,,Nuit sans éclairage public,Hors agglomération,Hors intersection,Pluie légère,Trois véhicules et plus - en chaîne,,,,,,,,,,,3,1,1,2.0,4
201400048468,0014-12-23 19:06:00,14,12,23,19,6,920,48,N118,,,Nuit avec éclairage allumé,Hors agglomération,Hors intersection,Pluie légère,Trois véhicules et plus - collisions multiples,,,,,,,,,,,5,1,1,2.0,5
201400048469,0014-12-23 19:45:00,14,12,23,19,45,780,133,A13,,,Nuit sans éclairage public,Hors agglomération,Hors intersection,Normale,Deux véhicules - arrière,,,,,,,,,,,3,1,1,1.0,2
201400048470,0014-12-24 18:13:00,14,12,24,18,13,780,7,A13 Y,,,Nuit avec éclairage non allumé,Hors agglomération,Hors intersection,Pluie légère,Trois véhicules et plus - collisions multiples,,,,,,,,,,,4,1,1,2.0,5
201400048471,0014-12-24 19:55:00,14,12,24,19,55,780,133,A14,,,Nuit sans éclairage public,Hors agglomération,Hors intersection,Normale,Autre collision,,,,,,,,,,,3,1,1,1.0,6
201400048472,0014-12-26 05:10:00,14,12,26,5,10,780,571,A13,,,Nuit sans éclairage public,Hors agglomération,Hors intersection,Temps couvert,Deux véhicules - arrière,,,,,,,,,,,3,1,1,8.0,2
201400048473,0014-12-26 12:17:00,14,12,26,12,17,920,62,RN1014 W,,,Plein jour,Hors agglomération,Hors intersection,Normale,Deux véhicules - arrière,,,,,,,,,,,1,1,1,1.0,2
201400048474,0014-12-27 06:29:00,14,12,27,6,29,780,73,RN12 INT,,,Nuit sans éclairage public,Hors agglomération,Hors intersection,Vent fort / tempête,Autre collision,,,,,,,,,,,3,1,1,6.0,6
201400048475,0014-12-27 13:37:00,14,12,27,13,37,780,640,A86 INT,,,Plein jour,Hors agglomération,Hors intersection,Pluie légère,Deux véhicules - arrière,,,,,,,,,,,1,1,1,2.0,2
201400048476,0014-12-28 12:20:00,14,12,28,12,20,780,217,A13,,,Plein jour,Hors agglomération,Hors intersection,Normale,Autre collision,,,,,,,,,,,1,1,1,1.0,6
201400048477,0014-12-30 07:05:00,14,12,30,7,5,780,396,A14,,,Nuit avec éclairage allumé,Hors agglomération,Hors intersection,Normale,Autre collision,,,,,,,,,,,5,1,1,1.0,6
201400048478,0014-01-02 08:35:00,14,1,2,8,35,910,216,AUTOROUTE A6,,,Plein jour,Hors agglomération,Hors intersection,Pluie légère,Deux véhicules - côté,,,,,,,,,,,1,1,1,2.0,3
201400048479,0014-01-02 09:10:00,14,1,2,9,10,910,659,AUTOROUTE A6,,,Plein jour,Hors agglomération,Hors intersection,Normale,Autre collision,,,,,,,,,,,1,1,1,1.0,6
201400048480,0014-01-02 11:15:00,14,1,2,11,15,910,136,AUTOROUTE A10,,,Plein jour,Hors agglomération,Hors intersection,Normale,Sans collision,,,,,,,,,,,1,1,1,1.0,7
201400048481,0014-01-02 12:20:00,14,1,2,12,20,910,64,RN 118,,,Plein jour,Hors agglomération,Hors intersection,Normale,Autre collision,,,,,,,,,,,1,1,1,1.0,6
201400048482,0014-01-04 12:29:00,14,1,4,12,29,910,617,RN 104 INT / A5A PROVINC,,,Plein jour,Hors agglomération,Hors intersection,Normale,Autre collision,,,,,,,,,,,1,1,1,1.0,6
201400048483,0014-01-06 05:35:00,14,1,6,5,35,940,65,AUTOROUTE A86,48.755,2.34447,Nuit sans éclairage public,Hors agglomération,Hors intersection,Normale,Autre collision,,,,,,,,,,,3,1,1,1.0,6
201400048484,0014-01-06 06:55:00,14,1,6,6,55,910,235,RN 104,,,Crépuscule ou aube,Hors agglomération,Hors intersection,Normale,Deux véhicules - côté,,,,,,,,,,,2,1,1,1.0,3
201400048485,0014-01-07 07:53:00,14,1,7,7,53,910,161,AUTOROUTE A6,,,Crépuscule ou aube,Hors agglomération,Hors intersection,Normale,Trois véhicules et plus - collisions multiples,,,,,,,,,,,2,1,1,1.0,5
201400048486,0014-01-07 09:36:00,14,1,7,9,36,910,521,AUTOROUTE A6,,,Plein jour,Hors agglomération,Hors intersection,Normale,Deux véhicules - côté,,,,,,,,,,,1,1,1,1.0,3
201400048487,0014-01-07 10:08:00,14,1,7,10,8,910,521,AUTOROUTE A6,,,Plein jour,Hors agglomération,Hors intersection,Normale,Trois véhicules et plus - en chaîne,,,,,,,,,,,1,1,1,1.0,4
201400048488,0014-01-09 07:35:00,14,1,9,7,35,770,251,AUTOROUTE A5A,,,Nuit sans éclairage public,Hors agglomération,Hors intersection,Normale,Trois véhicules et plus - collisions multiples,,,,,,,,,,,3,1,1,1.0,5
201400048489,0014-01-09 09:30:00,14,1,9,9,30,910,689,AUTOROUTE A6,,,Plein jour,Hors agglomération,Hors intersection,Normale,Deux véhicules - arrière,,,,,,,,,,,1,1,1,1.0,2
201400048490,0014-01-10 07:46:00,14,1,10,7,46,910,64,RN 118,,,Nuit sans éclairage public,Hors agglomération,Hors intersection,Normale,Deux véhicules - côté,,,,,,,,,,,3,1,1,1.0,3