accident_id,datetime,annee,mois,jour,heure,minute,departement,commune_insee,adresse,latitude,longitude,luminosite,agglomeration,intersection,meteo,collision,nb_vehicules,nb_usagers,nb_indemnes,nb_tues,nb_blesses_hosp,nb_blesses_legers,age_cond_1,age_cond_2,veh_type_cond_1,veh_type_cond_2,lum_code,agg_code,int_code,atm_code,col_code
201400048619,0014-03-25 17:50:00,14,3,25,17,50,910,549,RN 104,,,Plein jour,Hors agglomération,Hors intersection,Normale,Deux véhicules - arrière,,,,,,,,,,,1,1,1,1.0,2
201400048620,0014-03-26 18:00:00,14,3,26,18,0,910,182,AUTOROUTE A6,,,Crépuscule ou aube,Hors agglomération,Hors intersection,Normale,Trois véhicules et plus - en chaîne,,,,,,,,,,,2,1,1,1.0,4
201400048621,0014-03-27 16:26:00,14,3,27,16,26,940,34,AUTOROUTE A6B,48.7513,2.32941,Plein jour,Hors agglomération,Hors intersection,Normale,Deux véhicules - arrière,,,,,,,,,,,1,1,1,1.0,2
201400048622,0014-03-27 19:30:00,14,3,27,19,30,940,34,AUTOROUTE A6B,48.7577,2.33603,Crépuscule ou aube,Hors agglomération,Hors intersection,Normale,Deux véhicules - arrière,,,,,,,,,,,2,1,1,1.0,2
201400048623,0014-03-28 02:17:00,14,3,28,2,17,910,661,AUTOROUTE A10,,,Nuit sans éclairage public,Hors agglomération,Hors intersection,Normale,Autre collision,,,,,,,,,,,3,1,1,1.0,6
201400048624,0014-03-29 15:07:00,14,3,29,15,7,910,661,AUTOROUTE A10,,,Plein jour,Hors agglomération,Hors intersection,Normale,Deux véhicules - côté,,,,,,,,,,,1,1,1,1.0,3
201400048625,0014-03-31 07:29:00,14,3,31,7,29,910,689,AUTOROUTE A6B,,,Crépuscule ou aube,Hors agglomération,Hors intersection,Normale,Deux véhicules - arrière,,,,,,,,,,,2,1,1,1.0,2
201400048626,0014-03-31 14:45:00,14,3,31,14,45,910,477,AUTOROUTE A10,,,Plein jour,Hors agglomération,Hors intersection,Normale,Deux véhicules - arrière,,,,,,,,,,,1,1,1,1.0,2
201400048627,0014-04-01 07:48:00,14,4,1,7,48,920,2,AUTOROUTE A86,,,Plein jour,Hors agglomération,Hors intersection,Normale,Trois véhicules et plus - collisions multiples,,,,,,,,,,,1,1,1,1.0,5
201400048628,0014-04-01 11:04:00,14,4,1,11,4,910,689,AUTOROUTE A6B,,,Plein jour,Hors agglomération,Hors intersection,Normale,Trois véhicules et plus - en chaîne,,,,,,,,,,,1,1,1,1.0,4
201400048629,0014-04-02 10:30:00,14,4,2,10,30,910,521,AUTOROUTE A6,,,Plein jour,Hors agglomération,Hors intersection,Normale,Deux véhicules - côté,,,,,,,,,,,1,1,1,1.0,3
201400048630,0014-04-03 05:07:00,14,4,3,5,7,910,689,AUTOROUTE A6B,,,Nuit sans éclairage public,Hors agglomération,Hors intersection,Normale,Autre collision,,,,,,,,,,,3,1,1,1.0,6
201400048631,0014-04-03 08:30:00,14,4,3,8,30,910,689,AUTOROUTE A10,,,Plein jour,Hors agglomération,Hors intersection,Normale,Deux véhicules - côté,,,,,,,,,,,1,1,1,1.0,3
201400048632,0014-04-03 16:15:00,14,4,3,16,15,910,235,RN 104,,,Plein jour,Hors agglomération,Hors intersection,Normale,Sans collision,,,,,,,,,,,1,1,1,1.0,7
201400048633,0014-04-04 18:48:00,14,4,4,18,48,910,179,AUTOROUTE A6,,,Plein jour,Hors agglomération,Hors intersection,Normale,Sans collision,,,,,,,,,,,1,1,1,1.0,7
201400048634,0014-04-06 07:37:00,14,4,6,7,37,940,21,AUTOROUTE A106,48.765,2.34348,Crépuscule ou aube,Hors agglomération,Hors intersection,Normale,Sans collision,,,,,,,,,,,2,1,1,1.0,7
201400048635,0014-04-06 07:10:00,14,4,6,7,10,910,286,AUTOROUTE A6,,,Crépuscule ou aube,Hors agglomération,Hors intersection,Normale,Autre collision,,,,,,,,,,,2,1,1,1.0,6
201400048636,0014-04-07 10:55:00,14,4,7,10,55,940,3,AUTOROUTE A6A,48.8089,2.33976,Plein jour,Hors agglomération,Hors intersection,Normale,Trois véhicules et plus - en chaîne,,,,,,,,,,,1,1,1,1.0,4
201400048637,0014-04-19 12:13:00,14,4,19,12,13,940,3,AUTOROUTE A6A,48.8055,2.34182,Plein jour,Hors agglomération,Hors intersection,Normale,Deux véhicules - arrière,,,,,,,,,,,1,1,1,1.0,2
201400048638,0014-04-08 09:15:00,14,4,8,9,15,910,589,AUTOROUTE A6,,,Plein jour,Hors agglomération,Hors intersection,Normale,Trois véhicules et plus - collisions multiples,,,,,,,,,,,1,1,1,1.0,5
201400048639,0014-04-09 09:10:00,14,4,9,9,10,940,37,AUTOROUTE A6A,48.8164,2.33674,Plein jour,Hors agglomération,Hors intersection,Normale,Sans collision,,,,,,,,,,,1,1,1,1.0,7
201400048640,0014-04-09 10:40:00,14,4,9,10,40,910,363,RN 104,,,Plein jour,Hors agglomération,Hors intersection,Normale,Sans collision,,,,,,,,,,,1,1,1,1.0,7
201400048641,0014-04-09 11:24:00,14,4,9,11,24,910,521,AUTOROUTE A6,,,Plein jour,Hors agglomération,Hors intersection,Normale,Deux véhicules - arrière,,,,,,,,,,,1,1,1,1.0,2
201400048642,0014-04-09 13:41:00,14,4,9,13,41,910,589,AUTOROUTE A6,,,Plein jour,Hors agglomération,Hors intersection,Normale,Trois véhicules et plus - en chaîne,,,,,,,,,,,1,1,1,1.0,4
201400048643,0014-04-09 18:10:00,14,4,9,18,10,910,432,AUTOROUTE A6,,,Plein jour,Hors agglomération,Hors intersection,Normale,Deux véhicules - arrière,,,,,,,,,,,1,1,1,1.0,2
201400048644,0014-04-10 13:00:00,14,4,10,13,0,940,38,AUTOROUTE A6B,48.7882,2.3454,Plein jour,Hors agglomération,Hors intersection,Normale,Autre collision,,,,,,,,,,,1,1,1,1.0,6
201400048645,0014-04-12 14:30:00,14,4,12,14,30,940,38,AUTOROUTE A6A,48.7872,2.34533,Plein jour,Hors agglomération,Hors intersection,Normale,Autre collision,,,,,,,,,,,1,1,1,1.0,6
201400048646,0014-04-13 07:45:00,14,4,13,7,45,910,477,AUTOROUTE A10,,,Crépuscule ou aube,Hors agglomération,Hors intersection,Normale,Sans collision,,,,,,,,,,,2,1,1,1.0,7
201400048647,0014-04-15 09:05:00,14,4,15,9,5,910,434,AUTOROUTE A6,,,Plein jour,Hors agglomération,Hors intersection,Normale,Deux véhicules - côté,,,,,,,,,,,1,1,1,1.0,3
201400048648,0014-04-16 08:56:00,14,4,16,8,56,910,86,RN 104,,,Plein jour,Hors agglomération,Hors intersection,Normale,Deux véhicules - arrière,,,,,,,,,,,1,1,1,1.0,2
201400048649,0014-04-16 09:00:00,14,4,16,9,0,920,19,"57.600, RN 385 Ext?rieur",,,Plein jour,Hors agglomération,Hors intersection,Normale,Autre collision,,,,,,,,,,,1,1,1,1.0,6
201400048650,0014-04-17 18:50:00,14,4,17,18,50,910,377,AUTOROUTE A10,,,Plein jour,Hors agglomération,Hors intersection,Normale,Trois véhicules et plus - en chaîne,,,,,,,,,,,1,1,1,1.0,4
201400048651,0014-04-17 19:59:00,14,4,17,19,59,910,339,RN 104,,,Plein jour,Hors agglomération,Hors intersection,Normale,Sans collision,,,,,,,,,,,1,1,1,1.0,7
201400048652,0014-04-17 00:01:00,14,4,17,0,1,910,377,RN20,,,Nuit sans éclairage public,Hors agglomération,Hors intersection,Normale,Deux véhicules - arrière,,,,,,,,,,,3,1,1,1.0,2
201400048653,0014-04-17 21:15:00,14,4,17,21,15,910,377,AUTOROUTE A10,,,Plein jour,Hors agglomération,Hors intersection,Normale,Deux véhicules - côté,,,,,,,,,,,1,1,1,1.0,3
201400048654,0014-04-18 14:15:00,14,4,18,14,15,940,34,AUTOROUTE A86,48.7591,2.32411,Plein jour,Hors agglomération,Hors intersection,Normale,Trois véhicules et plus - en chaîne,,,,,,,,,,,1,1,1,1.0,4
201400048655,0014-04-19 17:20:00,14,4,19,17,20,940,38,AUTOROUTE A6A,48.7881,2.34491,Plein jour,Hors agglomération,Hors intersection,Temps couvert,Sans collision,,,,,,,,,,,1,1,1,8.0,7
201400048656,0014-04-20 06:55:00,14,4,20,6,55,910,689,AUTOROUTE A6B,,,Crépuscule ou aube,Hors agglomération,Hors intersection,Normale,Trois véhicules et plus - en chaîne,,,,,,,,,,,2,1,1,1.0,4
201400048657,0014-04-22 18:36:00,14,4,22,18,36,910,228,AUTOROUTE A6,,,Plein jour,Hors agglomération,Hors intersection,Normale,Autre collision,,,,,,,,,,,1,1,1,1.0,6
201400048658,0014-04-24 00:48:00,14,4,24,0,48,910,534,RN 118,,,Nuit sans éclairage public,Hors agglomération,Hors intersection,Pluie légère,Deux véhicules - côté,,,,,,,,,,,3,1,1,2.0,3
201400048659,0014-04-24 15:30:00,14,4,24,15,30,910,161,AUTOROUTE A6,,,Plein jour,Hors agglomération,Hors intersection,Normale,Deux véhicules - côté,,,,,,,,,,,1,1,1,1.0,3
201400048660,0014-04-25 06:57:00,14,4,25,6,57,940,34,AUTOROUTE A86,48.7591,2.32388,Crépuscule ou aube,Hors agglomération,Hors intersection,Normale,Deux véhicules - arrière,,,,,,,,,,,2,1,1,1.0,2
201400048661,0014-04-25 08:00:00,14,4,25,8,0,910,136,RN 188 PARIS / A 10 PARI,,,Plein jour,Hors agglomération,Hors intersection,Normale,Sans collision,,,,,,,,,,,1,1,1,1.0,7
201400048662,0014-04-25 08:30:00,14,4,25,8,30,910,477,AUTOROUTE A10,,,Plein jour,Hors agglomération,Hors intersection,Normale,Sans collision,,,,,,,,,,,1,1,1,1.0,7
201400048663,0014-04-26 03:21:00,14,4,26,3,21,910,161,AUTOROUTE A6,,,Nuit sans éclairage public,Hors agglomération,Hors intersection,Temps couvert,Autre collision,,,,,,,,,,,3,1,1,8.0,6
201400048664,0014-04-27 00:05:00,14,4,27,0,5,910,136,RN 188 PARIS / A 10 PARI,,,Nuit sans éclairage public,Hors agglomération,Hors intersection,Temps couvert,Autre collision,,,,,,,,,,,3,1,1,8.0,6
201400048665,0014-04-27 05:10:00,14,4,27,5,10,940,38,AUTOROUTE A6B,48.7879,2.34454,Nuit sans éclairage public,Hors agglomération,Hors intersection,Normale,Autre collision,,,,,,,,,,,3,1,1,1.0,6
201400048666,0014-04-27 11:45:00,14,4,27,11,45,910,521,RN 449,,,Plein jour,Hors agglomération,Hors intersection,Normale,Sans collision,,,,,,,,,,,1,1,1,1.0,7
201400048667,0014-04-27 13:35:00,14,4,27,13,35,940,43,AUTOROUTE A6B,48.8128,2.35369,Plein jour,Hors agglomération,Hors intersection,Normale,Trois véhicules et plus - en chaîne,,,,,,,,,,,1,1,1,1.0,4
201400048668,0014-04-27 16:25:00,14,4,27,16,25,910,534,RN 118,,,Plein jour,Hors agglomération,Hors intersection,Normale,Deux véhicules - arrière,,,,,,,,,,,1,1,1,1.0,2
201400048669,0014-04-27 20:00:00,14,4,27,20,0,910,534,RN 118,,,Plein jour,Hors agglomération,Hors intersection,Normale,Autre collision,,,,,,,,,,,1,1,1,1.0,6
201400048670,0014-04-27 22:01:00,14,4,27,22,1,910,64,RD 444,,,Nuit sans éclairage public,Hors agglomération,Hors intersection,Normale,Sans collision,,,,,,,,,,,3,1,1,1.0,7
201400048671,0014-04-28 10:56:00,14,4,28,10,56,910,477,AUTOROUTE A10,,,Plein jour,Hors agglomération,Hors intersection,Normale,Sans collision,,,,,,,,,,,1,1,1,1.0,7
201400048672,0014-04-29 19:15:00,14,4,29,19,15,940,43,AUTOROUTE A6B,48.8142,2.35511,Plein jour,Hors agglomération,Hors intersection,Normale,Autre collision,,,,,,,,,,,1,1,1,1.0,6
201400048673,0014-04-29 19:56:00,14,4,29,19,56,910,659,AUTOROUTE A6,,,Plein jour,Hors agglomération,Hors intersection,Normale,Sans collision,,,,,,,,,,,1,1,1,1.0,7
201400048674,0014-04-30 05:54:00,14,4,30,5,54,910,570,RN 104,,,Nuit avec éclairage allumé,Hors agglomération,Hors intersection,Temps couvert,Sans collision,,,,,,,,,,,5,1,1,8.0,7
201400048675,0014-04-30 19:15:00,14,4,30,19,15,770,251,AUTOROUTE A5A,,,Plein jour,Hors agglomération,Hors intersection,Normale,Sans collision,,,,,,,,,,,1,1,1,1.0,7
201400048676,0014-05-01 01:47:00,14,5,1,1,47,910,570,RN 104,,,Nuit sans éclairage public,Hors agglomération,Hors intersection,Normale,Trois véhicules et plus - collisions multiples,,,,,,,,,,,3,1,1,1.0,5
201400048677,0014-05-01 22:35:00,14,5,1,22,35,940,43,AUTOROUTE A6B,48.8132,2.35399,Nuit sans éclairage public,Hors agglomération,Hors intersection,Pluie légère,Trois véhicules et plus - collisions multiples,,,,,,,,,,,3,1,1,2.0,5
201400048678,0014-05-02 22:47:00,14,5,2,22,47,910,161,AUTOROUTE A6,,,Nuit avec éclairage allumé,Hors agglomération,Hors intersection,Normale,Deux véhicules - frontale,,,,,,,,,,,5,1,1,1.0,1
201400048679,0014-05-03 00:01:00,14,5,3,0,1,940,38,AUTOROUTE A6A,48.7777,2.34623,Nuit avec éclairage allumé,Hors agglomération,Hors intersection,Normale,Trois véhicules et plus - collisions multiples,,,,,,,,,,,5,1,1,1.0,5
201400048680,0014-05-02 23:43:00,14,5,2,23,43,940,43,AUTOROUTE A6B,48.8134,2.35435,Nuit avec éclairage allumé,Hors agglomération,Hors intersection,Normale,Autre collision,,,,,,,,,,,5,1,1,1.0,6
201400048681,0014-05-03 01:03:00,14,5,3,1,3,910,687,AUTOROUTE A6,,,Nuit avec éclairage allumé,Hors agglomération,Hors intersection,Normale,Trois véhicules et plus - collisions multiples,,,,,,,,,,,5,1,1,1.0,5
201400048682,0014-05-05 18:24:00,14,5,5,18,24,910,553,RN 104,,,Plein jour,Hors agglomération,Hors intersection,Normale,Deux véhicules - côté,,,,,,,,,,,1,1,1,1.0,3
201400048683,0014-05-06 07:50:00,14,5,6,7,50,910,521,AUTOROUTE A6,,,Plein jour,Hors agglomération,Hors intersection,Pluie légère,Trois véhicules et plus - en chaîne,,,,,,,,,,,1,1,1,2.0,4
201400048684,0014-05-07 19:00:00,14,5,7,19,0,910,549,RN 104,,,Plein jour,Hors agglomération,Hors intersection,Normale,Deux véhicules - arrière,,,,,,,,,,,1,1,1,1.0,2
201400048685,0014-05-08 14:54:00,14,5,8,14,54,940,34,AUTOROUTE A6B,48.7569,2.33511,Plein jour,Hors agglomération,Hors intersection,Pluie légère,Trois véhicules et plus - en chaîne,,,,,,,,,,,1,1,1,2.0,4
201400048686,0014-05-08 18:00:00,14,5,8,18,0,910,477,AUTOROUTE A10,,,Plein jour,Hors agglomération,Hors intersection,Pluie légère,Sans collision,,,,,,,,,,,1,1,1,2.0,7
201400048687,0014-05-09 14:17:00,14,5,9,14,17,910,377,RN20,,,Plein jour,Hors agglomération,Hors intersection,Pluie légère,Deux véhicules - arrière,,,,,,,,,,,1,1,1,2.0,2
201400048688,0014-05-10 16:45:00,14,5,10,16,45,910,521,RN 449,,,Plein jour,Hors agglomération,Hors intersection,Pluie légère,Deux véhicules - côté,,,,,,,,,,,1,1,1,2.0,3
201400048689,0014-05-12 08:51:00,14,5,12,8,51,940,37,AUTOROUTE A6A,48.8147,2.33635,Plein jour,Hors agglomération,Hors intersection,Normale,Deux véhicules - côté,,,,,,,,,,,1,1,1,1.0,3
201400048690,0014-05-12 08:55:00,14,5,12,8,55,910,377,AUTOROUTE A10,,,Plein jour,Hors agglomération,Hors intersection,Pluie légère,Deux véhicules - côté,,,,,,,,,,,1,1,1,2.0,3
201400048691,0014-05-12 14:00:00,14,5,12,14,0,910,689,AUTOROUTE A6A,,,Plein jour,Hors agglomération,Hors intersection,Pluie légère,Deux véhicules - arrière,,,,,,,,,,,1,1,1,2.0,2
201400048692,0014-05-13 04:26:00,14,5,13,4,26,910,661,AUTOROUTE A10,,,Nuit sans éclairage public,Hors agglomération,Hors intersection,Normale,Deux véhicules - arrière,,,,,,,,,,,3,1,1,1.0,2
201400048693,0014-05-13 13:00:00,14,5,13,13,0,910,182,RN 104,,,Plein jour,Hors agglomération,Hors intersection,Pluie légère,Deux véhicules - arrière,,,,,,,,,,,1,1,1,2.0,2
201400048694,0014-05-14 14:00:00,14,5,14,14,0,940,3,AUTOROUTE A6A,48.8121,2.33695,Plein jour,Hors agglomération,Hors intersection,Normale,Deux véhicules - arrière,,,,,,,,,,,1,1,1,1.0,2
201400048695,0014-05-15 08:20:00,14,5,15,8,20,910,286,AUTOROUTE A6,,,Plein jour,Hors agglomération,Hors intersection,Normale,Deux véhicules - côté,,,,,,,,,,,1,1,1,1.0,3
201400048696,0014-05-15 09:45:00,14,5,15,9,45,910,589,AUTOROUTE A6,,,Plein jour,Hors agglomération,Hors intersection,Normale,Trois véhicules et plus - collisions multiples,,,,,,,,,,,1,1,1,1.0,5
201400048697,0014-05-15 14:24:00,14,5,15,14,24,910,521,RN 104,,,Plein jour,Hors agglomération,Hors intersection,Normale,Sans collision,,,,,,,,,,,1,1,1,1.0,7
201400048698,0014-05-16 08:15:00,14,5,16,8,15,910,377,AUTOROUTE A10,,,Plein jour,Hors agglomération,Hors intersection,Normale,Deux véhicules - côté,,,,,,,,,,,1,1,1,1.0,3
201400048699,0014-05-16 16:16:00,14,5,16,16,16,910,363,RN 104,,,Plein jour,Hors agglomération,Hors intersection,Normale,Trois véhicules et plus - collisions multiples,,,,,,,,,,,1,1,1,1.0,5
201400048700,0014-05-16 18:58:00,14,5,16,18,58,910,136,AUTOROUTE A10,,,Plein jour,Hors agglomération,Hors intersection,Normale,Deux véhicules - côté,,,,,,,,,,,1,1,1,1.0,3
201400048701,0014-05-16 19:15:00,14,5,16,19,15,910,64,RN 118,,,Plein jour,Hors agglomération,Hors intersection,Normale,Autre collision,,,,,,,,,,,1,1,1,1.0,6
201400048702,0014-05-16 20:04:00,14,5,16,20,4,910,553,RN 104,,,Plein jour,Hors agglomération,Hors intersection,Normale,Trois véhicules et plus - en chaîne,,,,,,,,,,,1,1,1,1.0,4
201400048703,0014-05-18 07:07:00,14,5,18,7,7,910,689,AUTOROUTE A6,,,Plein jour,Hors agglomération,Hors intersection,Normale,Deux véhicules - arrière,,,,,,,,,,,1,1,1,1.0,2
201400048704,0014-05-18 17:45:00,14,5,18,17,45,910,339,RN 104,,,Plein jour,Hors agglomération,Hors intersection,Normale,Sans collision,,,,,,,,,,,1,1,1,1.0,7
201400048705,0014-05-18 19:00:00,14,5,18,19,0,940,38,AUTOROUTE A6A,48.7872,2.34536,Plein jour,Hors agglomération,Hors intersection,Normale,Trois véhicules et plus - en chaîne,,,,,,,,,,,1,1,1,1.0,4
201400048706,0014-05-19 14:30:00,14,5,19,14,30,940,43,AUTOROUTE A6B,48.8159,2.35647,Plein jour,Hors agglomération,Hors intersection,Normale,Deux véhicules - arrière,,,,,,,,,,,1,1,1,1.0,2
201400048707,0014-05-19 18:30:00,14,5,19,18,30,940,37,AUTOROUTE A6A,48.8138,2.33623,Plein jour,Hors agglomération,Hors intersection,Normale,Deux véhicules - arrière,,,,,,,,,,,1,1,1,1.0,2
201400048708,0014-05-20 15:42:00,14,5,20,15,42,910,432,AUTOROUTE A6,,,Plein jour,Hors agglomération,Hors intersection,Pluie légère,Deux véhicules - arrière,,,,,,,,,,,1,1,1,2.0,2
201400048709,0014-05-20 20:35:00,14,5,20,20,35,940,43,AUTOROUTE A6B,48.8149,2.35583,Plein jour,Hors agglomération,Hors intersection,Pluie légère,Trois véhicules et plus - en chaîne,,,,,,,,,,,1,1,1,2.0,4
201400048710,0014-05-20 21:35:00,14,5,20,21,35,940,3,AUTOROUTE A6B,48.8034,2.34394,Nuit avec éclairage allumé,Hors agglomération,Hors intersection,Pluie légère,Trois véhicules et plus - en chaîne,,,,,,,,,,,5,1,1,2.0,4
201400048711,0014-05-21 08:15:00,14,5,21,8,15,910,534,RN 118,,,Plein jour,Hors agglomération,Hors intersection,Normale,Deux véhicules - arrière,,,,,,,,,,,1,1,1,1.0,2
201400048712,0014-05-22 07:50:00,14,5,22,7,50,920,2,AUTOROUTE A86,,,Plein jour,Hors agglomération,Hors intersection,Pluie légère,Deux véhicules - côté,,,,,,,,,,,1,1,1,2.0,3
201400048713,0014-05-23 03:55:00,14,5,23,3,55,910,64,RN 118,,,Nuit sans éclairage public,Hors agglomération,Hors intersection,Normale,Autre collision,,,,,,,,,,,3,1,1,1.0,6
201400048714,0014-05-23 15:20:00,14,5,23,15,20,910,86,RN 104,,,Plein jour,Hors agglomération,Hors intersection,Normale,Trois véhicules et plus - collisions multiples,,,,,,,,,,,1,1,1,1.0,5
201400048715,0014-05-23 16:43:00,14,5,23,16,43,920,2,AUTOROUTE A86,,,Plein jour,Hors agglomération,Hors intersection,Normale,Deux véhicules - côté,,,,,,,,,,,1,1,1,1.0,3
201400048716,0014-05-24 07:31:00,14,5,24,7,31,910,617,RN 104,,,Plein jour,Hors agglomération,Hors intersection,Normale,Sans collision,,,,,,,,,,,1,1,1,1.0,7
201400048717,0014-05-26 16:20:00,14,5,26,16,20,910,689,AUTOROUTE A6A,,,Plein jour,Hors agglomération,Hors intersection,Pluie légère,Sans collision,,,,,,,,,,,1,1,1,2.0,7
201400048718,0014-05-30 06:45:00,14,5,30,6,45,940,21,AUTOROUTE A6A,48.7627,2.34114,Plein jour,Hors agglomération,Hors intersection,Normale,Sans collision,,,,,,,,,,,1,1,1,1.0,7
201400048719,0014-05-27 18:15:00,14,5,27,18,15,920,19,RN 385 Ext?rieure,,,Plein jour,Hors agglomération,Hors intersection,Normale,Trois véhicules et plus - en chaîne,,,,,,,,,,,1,1,1,1.0,4
201400048720,0014-05-27 20:27:00,14,5,27,20,27,940,3,AUTOROUTE A6A,48.7993,2.34235,Plein jour,Hors agglomération,Hors intersection,Normale,Autre collision,,,,,,,,,,,1,1,1,1.0,6
201400048721,0014-05-28 12:30:00,14,5,28,12,30,910,161,AUTOROUTE A126,,,Plein jour,Hors agglomération,Hors intersection,Normale,Trois véhicules et plus - en chaîne,,,,,,,,,,,1,1,1,1.0,4
201400048722,0014-05-31 15:05:00,14,5,31,15,5,940,43,AUTOROUTE A6B,48.8129,2.35351,Plein jour,Hors agglomération,Hors intersection,Normale,Deux véhicules - arrière,,,,,,,,,,,1,1,1,1.0,2
201400048723,0014-05-31 22:08:00,14,5,31,22,8,910,86,RN 104,,,Nuit sans éclairage public,Hors agglomération,Hors intersection,Normale,Sans collision,,,,,,,,,,,3,1,1,1.0,7
201400048724,0014-06-01 13:50:00,14,6,1,13,50,910,689,AUTOROUTE A6B,,,Plein jour,Hors agglomération,Hors intersection,Normale,Deux véhicules - arrière,,,,,,,,,,,1,1,1,1.0,2
201400048725,0014-06-02 09:45:00,14,6,2,9,45,910,661,AUTOROUTE A10,,,Plein jour,Hors agglomération,Hors intersection,Normale,Deux véhicules - arrière,,,,,,,,,,,1,1,1,1.0,2
201400048726,0014-06-02 09:35:00,14,6,2,9,35,920,2,AUTOROUTE A86,,,Plein jour,Hors agglomération,Hors intersection,Normale,Deux véhicules - arrière,,,,,,,,,,,1,1,1,1.0,2
201400048727,0014-06-03 09:15:00,14,6,3,9,15,910,689,AUTOROUTE A6A,,,Plein jour,Hors agglomération,Hors intersection,Normale,Sans collision,,,,,,,,,,,1,1,1,1.0,7
201400048728,0014-06-03 09:15:00,14,6,3,9,15,910,161,AUTOROUTE A6,,,Plein jour,Hors agglomération,Hors intersection,Normale,Deux véhicules - arrière,,,,,,,,,,,1,1,1,1.0,2
201400048729,0014-06-04 08:10:00,14,6,4,8,10,910,136,RN20,,,Plein jour,Hors agglomération,Hors intersection,Normale,Sans collision,,,,,,,,,,,1,1,1,1.0,7
201400048730,0014-06-04 11:15:00,14,6,4,11,15,940,21,AUTOROUTE A6A,48.7641,2.34226,Plein jour,Hors agglomération,Hors intersection,Normale,Trois véhicules et plus - collisions multiples,,,,,,,,,,,1,1,1,1.0,5
201400048731,0014-06-04 14:10:00,14,6,4,14,10,910,659,AUTOROUTE A6,,,Plein jour,Hors agglomération,Hors intersection,Normale,Deux véhicules - côté,,,,,,,,,,,1,1,1,1.0,3
201400048732,0014-06-05 08:00:00,14,6,5,8,0,910,589,AUTOROUTE A6,,,Plein jour,Hors agglomération,Hors intersection,Normale,Trois véhicules et plus - en chaîne,,,,,,,,,,,1,1,1,1.0,4
201400048733,0014-06-05 16:30:00,14,6,5,16,30,920,2,AUTOROUTE A10,,,Plein jour,Hors agglomération,Hors intersection,Normale,Deux véhicules - arrière,,,,,,,,,,,1,1,1,1.0,2
201400048734,0014-06-05 20:05:00,14,6,5,20,5,910,86,RN 104,,,Plein jour,Hors agglomération,Hors intersection,Normale,Trois véhicules et plus - en chaîne,,,,,,,,,,,1,1,1,1.0,4
201400048735,0014-06-06 08:00:00,14,6,6,8,0,910,471,RN 118,,,Plein jour,Hors agglomération,Hors intersection,Normale,Deux véhicules - côté,,,,,,,,,,,1,1,1,1.0,3
201400048736,0014-06-06 18:00:00,14,6,6,18,0,910,103,RN 104,,,Plein jour,Hors agglomération,Hors intersection,Normale,Trois véhicules et plus - collisions multiples,,,,,,,,,,,1,1,1,1.0,5
201400048737,0014-06-08 09:30:00,14,6,8,9,30,910,521,RN 449,,,Plein jour,Hors agglomération,Hors intersection,Normale,Autre collision,,,,,,,,,,,1,1,1,1.0,6
201400048738,0014-06-09 02:50:00,14,6,9,2,50,940,38,AUTOROUTE A6B,48.7874,2.34482,Nuit sans éclairage public,Hors agglomération,Hors intersection,Normale,Autre collision,,,,,,,,,,,3,1,1,1.0,6
201400048739,0014-06-09 11:00:00,14,6,9,11,0,940,21,AUTOROUTE A106,48.7636,2.34372,Plein jour,Hors agglomération,Hors intersection,Pluie légère,Autre collision,,,,,,,,,,,1,1,1,2.0,6
201400048740,0014-06-09 18:00:00,14,6,9,18,0,910,136,AUTOROUTE A10,,,Plein jour,Hors agglomération,Hors intersection,Normale,Deux véhicules - côté,,,,,,,,,,,1,1,1,1.0,3
201400048741,0014-06-10 07:07:00,14,6,10,7,7,910,64,RN 118,,,Plein jour,Hors agglomération,Hors intersection,Temps couvert,Autre collision,,,,,,,,,,,1,1,1,8.0,6
201400048742,0014-06-10 16:40:00,14,6,10,16,40,910,216,AUTOROUTE A6,,,Plein jour,Hors agglomération,Hors intersection,Normale,Trois véhicules et plus - en chaîne,,,,,,,,,,,1,1,1,1.0,4
201400048743,0014-06-10 18:00:00,14,6,10,18,0,910,589,AUTOROUTE A6,,,Plein jour,Hors agglomération,Hors intersection,Normale,Trois véhicules et plus - collisions multiples,,,,,,,,,,,1,1,1,1.0,5
201400048744,0014-06-10 17:45:00,14,6,10,17,45,910,617,RN 104,,,Plein jour,Hors agglomération,Hors intersection,Normale,Autre collision,,,,,,,,,,,1,1,1,1.0,6
201400048745,0014-06-11 01:35:00,14,6,11,1,35,910,689,AUTOROUTE A6A,,,Nuit avec éclairage allumé,Hors agglomération,Hors intersection,Normale,Autre collision,,,,,,,,,,,5,1,1,1.0,6
201400048746,0014-06-10 08:40:00,14,6,10,8,40,910,471,RN 118,,,Plein jour,Hors agglomération,Hors intersection,Temps couvert,Deux véhicules - côté,,,,,,,,,,,1,1,1,8.0,3
201400048747,0014-06-11 09:02:00,14,6,11,9,2,910,312,RD 444,,,Plein jour,Hors agglomération,Hors intersection,Normale,Trois véhicules et plus - collisions multiples,,,,,,,,,,,1,1,1,1.0,5
201400048748,0014-06-12 05:12:00,14,6,12,5,12,910,286,AUTOROUTE A6,,,Nuit avec éclairage allumé,Hors agglomération,Hors intersection,Normale,Trois véhicules et plus - en chaîne,,,,,,,,,,,5,1,1,1.0,4
201400048749,0014-06-12 10:05:00,14,6,12,10,5,910,182,RN 104,,,Plein jour,Hors agglomération,Hors intersection,Normale,Deux véhicules - côté,,,,,,,,,,,1,1,1,1.0,3
201400048750,0014-06-12 16:20:00,14,6,12,16,20,910,689,AUTOROUTE A6,,,Plein jour,Hors agglomération,Hors intersection,Normale,Deux véhicules - arrière,,,,,,,,,,,1,1,1,1.0,2