accident_id,datetime,annee,mois,jour,heure,minute,departement,commune_insee,adresse,latitude,longitude,luminosite,agglomeration,intersection,meteo,collision,nb_vehicules,nb_usagers,nb_indemnes,nb_tues,nb_blesses_hosp,nb_blesses_legers,age_cond_1,age_cond_2,veh_type_cond_1,veh_type_cond_2,lum_code,agg_code,int_code,atm_code,col_code
201400048751,0014-06-12 17:30:00,14,6,12,17,30,910,534,RN 118,,,Plein jour,Hors agglomération,Hors intersection,Normale,Deux véhicules - côté,,,,,,,,,,,1,1,1,1.0,3
201400048752,0014-06-13 18:10:00,14,6,13,18,10,940,76,AUTOROUTE A6B,48.7915,2.3446,Plein jour,Hors agglomération,Hors intersection,Normale,Deux véhicules - côté,,,,,,,,,,,1,1,1,1.0,3
201400048753,0014-06-14 01:25:00,14,6,14,1,25,910,64,RN 118,,,Nuit sans éclairage public,Hors agglomération,Hors intersection,Normale,Autre collision,,,,,,,,,,,3,1,1,1.0,6
201400048754,0014-06-14 06:20:00,14,6,14,6,20,940,76,AUTOROUTE A6B,48.7915,2.3446,Plein jour,Hors agglomération,Hors intersection,Normale,Deux véhicules - arrière,,,,,,,,,,,1,1,1,1.0,2
201400048755,0014-06-14 23:40:00,14,6,14,23,40,910,617,RN 104,,,Nuit sans éclairage public,Hors agglomération,Hors intersection,Normale,Deux véhicules - arrière,,,,,,,,,,,3,1,1,1.0,2
201400048756,0014-06-15 22:40:00,14,6,15,22,40,910,347,RN 104,,,Nuit sans éclairage public,Hors agglomération,Hors intersection,Normale,Deux véhicules - arrière,,,,,,,,,,,3,1,1,1.0,2
201400048757,0014-06-17 08:54:00,14,6,17,8,54,940,43,AUTOROUTE A6B,48.8056,2.34531,Plein jour,Hors agglomération,Hors intersection,Normale,Sans collision,,,,,,,,,,,1,1,1,1.0,7
201400048758,0014-06-17 12:32:00,14,6,17,12,32,910,161,AUTOROUTE A6,,,Plein jour,Hors agglomération,Hors intersection,Normale,Deux véhicules - arrière,,,,,,,,,,,1,1,1,1.0,2
201400048759,0014-06-17 21:20:00,14,6,17,21,20,910,64,RN 118,,,Crépuscule ou aube,Hors agglomération,Hors intersection,Normale,Autre collision,,,,,,,,,,,2,1,1,1.0,6
201400048760,0014-06-18 09:12:00,14,6,18,9,12,910,340,AUTOROUTE A6,,,Plein jour,Hors agglomération,Hors intersection,Normale,Deux véhicules - côté,,,,,,,,,,,1,1,1,1.0,3
201400048761,0014-06-18 18:40:00,14,6,18,18,40,940,76,AUTOROUTE A6B,48.7915,2.34405,Plein jour,Hors agglomération,Hors intersection,Normale,Deux véhicules - côté,,,,,,,,,,,1,1,1,1.0,3
201400048762,0014-06-19 07:50:00,14,6,19,7,50,910,534,RN 118,,,Plein jour,Hors agglomération,Hors intersection,Normale,Trois véhicules et plus - collisions multiples,,,,,,,,,,,1,1,1,1.0,5
201400048763,0014-06-19 08:20:00,14,6,19,8,20,920,19,"57.500, RN 385 INT",,,Plein jour,Hors agglomération,Hors intersection,Normale,Deux véhicules - arrière,,,,,,,,,,,1,1,1,1.0,2
201400048764,0014-06-19 14:47:00,14,6,19,14,47,910,689,AUTOROUTE A6,,,Plein jour,Hors agglomération,Hors intersection,Normale,Deux véhicules - arrière,,,,,,,,,,,1,1,1,1.0,2
201400048765,0014-06-20 19:23:00,14,6,20,19,23,940,76,AUTOROUTE A6B,48.7942,2.34459,Plein jour,Hors agglomération,Hors intersection,Normale,Deux véhicules - côté,,,,,,,,,,,1,1,1,1.0,3
201400048766,0014-06-20 19:22:00,14,6,20,19,22,910,86,RN 104,,,Plein jour,Hors agglomération,Hors intersection,Normale,Deux véhicules - côté,,,,,,,,,,,1,1,1,1.0,3
201400048767,0014-06-23 09:30:00,14,6,23,9,30,910,570,RN 104,,,Plein jour,Hors agglomération,Hors intersection,Normale,Deux véhicules - arrière,,,,,,,,,,,1,1,1,1.0,2
201400048768,0014-06-23 14:50:00,14,6,23,14,50,940,3,AUTOROUTE A6A,48.8097,2.33905,Plein jour,Hors agglomération,Hors intersection,Normale,Trois véhicules et plus - en chaîne,,,,,,,,,,,1,1,1,1.0,4
201400048769,0014-06-24 04:44:00,14,6,24,4,44,910,534,RN 118,,,Nuit sans éclairage public,Hors agglomération,Hors intersection,Normale,Deux véhicules - arrière,,,,,,,,,,,3,1,1,1.0,2
201400048770,0014-06-24 17:50:00,14,6,24,17,50,910,645,RN 385 Extérieure,,,Plein jour,Hors agglomération,Hors intersection,Normale,Deux véhicules - côté,,,,,,,,,,,1,1,1,1.0,3
201400048771,0014-06-24 18:20:00,14,6,24,18,20,770,251,AUTOROUTE A5A,,,Plein jour,Hors agglomération,Hors intersection,Normale,Deux véhicules - côté,,,,,,,,,,,1,1,1,1.0,3
201400048772,0014-06-24 18:50:00,14,6,24,18,50,910,340,RN 104,,,Plein jour,Hors agglomération,Hors intersection,Normale,Deux véhicules - côté,,,,,,,,,,,1,1,1,1.0,3
201400048773,0014-06-24 19:55:00,14,6,24,19,55,910,64,RD 444,,,Plein jour,Hors agglomération,Hors intersection,Normale,Deux véhicules - arrière,,,,,,,,,,,1,1,1,1.0,2
201400048774,0014-06-25 08:30:00,14,6,25,8,30,910,434,AUTOROUTE A6,,,Plein jour,Hors agglomération,Hors intersection,Normale,Deux véhicules - côté,,,,,,,,,,,1,1,1,1.0,3
201400048775,0014-06-26 07:30:00,14,6,26,7,30,910,377,AUTOROUTE A10,,,Plein jour,Hors agglomération,Hors intersection,Normale,Trois véhicules et plus - collisions multiples,,,,,,,,,,,1,1,1,1.0,5
201400048776,0014-06-26 10:00:00,14,6,26,10,0,910,645,RN 385 INT,,,Plein jour,Hors agglomération,Hors intersection,Normale,Trois véhicules et plus - collisions multiples,,,,,,,,,,,1,1,1,1.0,5
201400048777,0014-06-26 17:03:00,14,6,26,17,3,910,471,RN 118,,,Plein jour,Hors agglomération,Hors intersection,Normale,Deux véhicules - côté,,,,,,,,,,,1,1,1,1.0,3
201400048778,0014-06-26 17:30:00,14,6,26,17,30,910,86,RN 104,,,Plein jour,Hors agglomération,Hors intersection,Normale,Trois véhicules et plus - en chaîne,,,,,,,,,,,1,1,1,1.0,4
201400048779,0014-06-27 10:25:00,14,6,27,10,25,940,38,AUTOROUTE A6A,48.7872,2.34533,Plein jour,Hors agglomération,Hors intersection,Normale,Deux véhicules - côté,,,,,,,,,,,1,1,1,1.0,3
201400048780,0014-06-27 18:16:00,14,6,27,18,16,910,521,AUTOROUTE A6,,,Plein jour,Hors agglomération,Hors intersection,Normale,Deux véhicules - côté,,,,,,,,,,,1,1,1,1.0,3
201400048781,0014-06-27 19:00:00,14,6,27,19,0,940,34,AUTOROUTE A86,48.7583,2.32649,Plein jour,Hors agglomération,Hors intersection,Normale,Trois véhicules et plus - en chaîne,,,,,,,,,,,1,1,1,1.0,4
201400048782,0014-06-27 20:00:00,14,6,27,20,0,910,103,RN 104,,,Plein jour,Hors agglomération,Hors intersection,Normale,Trois véhicules et plus - collisions multiples,,,,,,,,,,,1,1,1,1.0,5
201400048783,0014-06-27 21:14:00,14,6,27,21,14,910,174,RN 104,,,Plein jour,Hors agglomération,Hors intersection,Normale,Autre collision,,,,,,,,,,,1,1,1,1.0,6
201400048784,0014-06-28 09:33:00,14,6,28,9,33,910,553,RN 104,,,Plein jour,Hors agglomération,Hors intersection,Pluie légère,Deux véhicules - arrière,,,,,,,,,,,1,1,1,2.0,2
201400048785,0014-06-28 15:58:00,14,6,28,15,58,910,689,AUTOROUTE A6B,,,Plein jour,Hors agglomération,Hors intersection,Pluie légère,Deux véhicules - côté,,,,,,,,,,,1,1,1,2.0,3
201400048786,0014-06-28 17:05:00,14,6,28,17,5,910,617,RN 104 INT / A5A PROVINC,,,Plein jour,Hors agglomération,Hors intersection,Pluie légère,Sans collision,,,,,,,,,,,1,1,1,2.0,7
201400048787,0014-06-28 18:57:00,14,6,28,18,57,910,471,RN 118,,,Plein jour,Hors agglomération,Hors intersection,Pluie légère,Deux véhicules - côté,,,,,,,,,,,1,1,1,2.0,3
201400048788,0014-06-28 20:40:00,14,6,28,20,40,910,521,RN 104,,,Plein jour,Hors agglomération,Hors intersection,Pluie forte,Sans collision,,,,,,,,,,,1,1,1,3.0,7
201400048789,0014-06-28 21:35:00,14,6,28,21,35,920,19,RN 385 Ext?rieure,,,Crépuscule ou aube,Hors agglomération,Hors intersection,Pluie forte,Sans collision,,,,,,,,,,,2,1,1,3.0,7
201400048790,0014-06-29 01:30:00,14,6,29,1,30,940,43,AUTOROUTE A6B,48.8133,2.35421,Nuit avec éclairage non allumé,Hors agglomération,Hors intersection,Pluie légère,Autre collision,,,,,,,,,,,4,1,1,2.0,6
201400048791,0014-06-29 09:54:00,14,6,29,9,54,910,161,AUTOROUTE A126,,,Plein jour,Hors agglomération,Hors intersection,Pluie légère,Sans collision,,,,,,,,,,,1,1,1,2.0,7
201400048792,0014-06-29 13:40:00,14,6,29,13,40,940,34,AUTOROUTE A86,48.7562,2.34072,Plein jour,Hors agglomération,Hors intersection,Pluie légère,Deux véhicules - arrière,,,,,,,,,,,1,1,1,2.0,2
201400048793,0014-06-29 14:00:00,14,6,29,14,0,910,689,AUTOROUTE A6,,,Plein jour,Hors agglomération,Hors intersection,Pluie légère,Deux véhicules - arrière,,,,,,,,,,,1,1,1,2.0,2
201400048794,0014-06-29 14:05:00,14,6,29,14,5,940,34,AUTOROUTE A86,48.7583,2.32649,Plein jour,Hors agglomération,Hors intersection,Pluie légère,Deux véhicules - arrière,,,,,,,,,,,1,1,1,2.0,2
201400048795,0014-06-29 17:40:00,14,6,29,17,40,910,434,AUTOROUTE A6,,,Plein jour,Hors agglomération,Hors intersection,Pluie légère,Trois véhicules et plus - en chaîne,,,,,,,,,,,1,1,1,2.0,4
201400048796,0014-06-29 19:20:00,14,6,29,19,20,940,21,AUTOROUTE A6A,48.7643,2.3422,Plein jour,Hors agglomération,Hors intersection,Pluie légère,Sans collision,,,,,,,,,,,1,1,1,2.0,7
201400048797,0014-07-01 16:42:00,14,7,1,16,42,910,377,AUTOROUTE A10,,,Plein jour,Hors agglomération,Hors intersection,Normale,Trois véhicules et plus - en chaîne,,,,,,,,,,,1,1,1,1.0,4
201400048798,0014-07-02 17:10:00,14,7,2,17,10,910,312,RN 444,,,Plein jour,Hors agglomération,Hors intersection,Normale,Deux véhicules - côté,,,,,,,,,,,1,1,1,1.0,3
201400048799,0014-07-03 11:45:00,14,7,3,11,45,940,38,AUTOROUTE A6B,48.788,2.34554,Plein jour,Hors agglomération,Hors intersection,Normale,Deux véhicules - arrière,,,,,,,,,,,1,1,1,1.0,2
201400048800,0014-07-03 16:14:00,14,7,3,16,14,910,553,RN 104,,,Plein jour,Hors agglomération,Hors intersection,Normale,Autre collision,,,,,,,,,,,1,1,1,1.0,6
201400048801,0014-07-03 16:51:00,14,7,3,16,51,910,471,RN 118,,,Plein jour,Hors agglomération,Hors intersection,Normale,Deux véhicules - côté,,,,,,,,,,,1,1,1,1.0,3
201400048802,0014-07-04 13:51:00,14,7,4,13,51,940,34,AUTOROUTE A86,48.7561,2.34111,Plein jour,Hors agglomération,Hors intersection,Pluie légère,Trois véhicules et plus - en chaîne,,,,,,,,,,,1,1,1,2.0,4
201400048803,0014-07-05 05:24:00,14,7,5,5,24,940,21,AUTOROUTE A6B,48.7607,2.33942,Nuit sans éclairage public,Hors agglomération,Hors intersection,Pluie légère,Trois véhicules et plus - collisions multiples,,,,,,,,,,,3,1,1,2.0,5
201400048804,0014-07-05 06:30:00,14,7,5,6,30,940,3,AUTOROUTE A6A,48.8002,2.34196,Crépuscule ou aube,Hors agglomération,Hors intersection,Pluie forte,Autre collision,,,,,,,,,,,2,1,1,3.0,6
201400048805,0014-07-05 10:12:00,14,7,5,10,12,910,377,AUTOROUTE A10,,,Plein jour,Hors agglomération,Hors intersection,Pluie légère,Deux véhicules - arrière,,,,,,,,,,,1,1,1,2.0,2
201400048806,0014-07-05 10:45:00,14,7,5,10,45,940,34,AUTOROUTE A86,48.7562,2.34072,Plein jour,Hors agglomération,Hors intersection,Pluie légère,Autre collision,,,,,,,,,,,1,1,1,2.0,6
201400048807,0014-07-06 04:40:00,14,7,6,4,40,940,21,AUTOROUTE A6B,48.7666,2.34261,Nuit sans éclairage public,Hors agglomération,Hors intersection,Normale,Sans collision,,,,,,,,,,,3,1,1,1.0,7
201400048808,0014-07-06 11:28:00,14,7,6,11,28,910,521,RN 449,,,Plein jour,Hors agglomération,Hors intersection,Pluie légère,Autre collision,,,,,,,,,,,1,1,1,2.0,6
201400048809,0014-07-06 12:10:00,14,7,6,12,10,910,161,AUTOROUTE A126,,,Plein jour,Hors agglomération,Hors intersection,Pluie légère,Sans collision,,,,,,,,,,,1,1,1,2.0,7
201400048810,0014-07-06 12:10:00,14,7,6,12,10,940,34,AUTOROUTE A86,48.7593,2.32288,Plein jour,Hors agglomération,Hors intersection,Pluie légère,Deux véhicules - arrière,,,,,,,,,,,1,1,1,2.0,2
201400048811,0014-07-06 14:25:00,14,7,6,14,25,940,34,AUTOROUTE A86,48.7621,2.31445,Plein jour,Hors agglomération,Hors intersection,Pluie légère,Sans collision,,,,,,,,,,,1,1,1,2.0,7
201400048812,0014-07-06 18:00:00,14,7,6,18,0,940,43,AUTOROUTE A6B,48.8143,2.3552,Plein jour,Hors agglomération,Hors intersection,Pluie légère,Autre collision,,,,,,,,,,,1,1,1,2.0,6
201400048813,0014-07-06 19:55:00,14,7,6,19,55,940,38,AUTOROUTE A6A,48.7872,2.34533,Plein jour,Hors agglomération,Hors intersection,Pluie légère,Trois véhicules et plus - en chaîne,,,,,,,,,,,1,1,1,2.0,4
201400048814,0014-07-06 23:20:00,14,7,6,23,20,940,34,AUTOROUTE A6B,48.7545,2.3329,Nuit avec éclairage non allumé,Hors agglomération,Hors intersection,Normale,Autre collision,,,,,,,,,,,4,1,1,1.0,6
201400048815,0014-07-07 21:15:00,14,7,7,21,15,940,43,AUTOROUTE A6B,48.807,2.34672,Plein jour,Hors agglomération,Hors intersection,Pluie légère,Trois véhicules et plus - en chaîne,,,,,,,,,,,1,1,1,2.0,4
201400048816,0014-07-09 17:00:00,14,7,9,17,0,910,689,AUTOROUTE A6,,,Plein jour,Hors agglomération,Hors intersection,Pluie légère,Sans collision,,,,,,,,,,,1,1,1,2.0,7
201400048817,0014-07-11 02:53:00,14,7,11,2,53,910,345,AUTOROUTE A6,,,Nuit sans éclairage public,Hors agglomération,Hors intersection,Pluie forte,Deux véhicules - arrière,,,,,,,,,,,3,1,1,3.0,2
201400048818,0014-07-10 07:30:00,14,7,10,7,30,940,34,AUTOROUTE A6A,48.7567,2.3349,Plein jour,Hors agglomération,Hors intersection,Pluie légère,Sans collision,,,,,,,,,,,1,1,1,2.0,7
201400048819,0014-07-10 09:20:00,14,7,10,9,20,940,65,AUTOROUTE A86,48.7554,2.34453,Plein jour,Hors agglomération,Hors intersection,Pluie légère,Autre collision,,,,,,,,,,,1,1,1,2.0,6
201400048820,0014-07-10 11:30:00,14,7,10,11,30,910,377,BRETELLE A10 / RN20,,,Plein jour,Hors agglomération,Hors intersection,Pluie légère,Autre collision,,,,,,,,,,,1,1,1,2.0,6
201400048821,0014-07-10 16:00:00,14,7,10,16,0,910,103,RN 104,,,Plein jour,Hors agglomération,Hors intersection,Pluie légère,Trois véhicules et plus - en chaîne,,,,,,,,,,,1,1,1,2.0,4
201400048822,0014-07-10 18:12:00,14,7,10,18,12,920,19,RN 385,,,Plein jour,Hors agglomération,Hors intersection,Normale,Deux véhicules - côté,,,,,,,,,,,1,1,1,1.0,3
201400048823,0014-07-11 02:50:00,14,7,11,2,50,910,345,AUTOROUTE A6,,,Nuit sans éclairage public,Hors agglomération,Hors intersection,Normale,Deux véhicules - arrière,,,,,,,,,,,3,1,1,1.0,2
201400048824,0014-07-11 09:40:00,14,7,11,9,40,940,21,AUTOROUTE A6A,48.7685,2.34475,Plein jour,Hors agglomération,Hors intersection,Pluie légère,Sans collision,,,,,,,,,,,1,1,1,2.0,7
201400048825,0014-07-14 03:25:00,14,7,14,3,25,910,340,RN 104,,,Nuit sans éclairage public,Hors agglomération,Hors intersection,Temps couvert,Autre collision,,,,,,,,,,,3,1,1,8.0,6
201400048826,0014-07-14 05:45:00,14,7,14,5,45,910,689,AUTOROUTE A6A,,,Nuit sans éclairage public,Hors agglomération,Hors intersection,Normale,Deux véhicules - arrière,,,,,,,,,,,3,1,1,1.0,2
201400048827,0014-07-15 07:49:00,14,7,15,7,49,910,589,AUTOROUTE A6,,,Crépuscule ou aube,Hors agglomération,Hors intersection,Normale,Sans collision,,,,,,,,,,,2,1,1,1.0,7
201400048828,0014-07-16 13:45:00,14,7,16,13,45,920,19,RN 385 INT,,,Plein jour,Hors agglomération,Hors intersection,Normale,Sans collision,,,,,,,,,,,1,1,1,1.0,7
201400048829,0014-07-16 16:20:00,14,7,16,16,20,940,34,AUTOROUTE A6B,48.7517,2.32978,Plein jour,Hors agglomération,Hors intersection,Normale,Deux véhicules - côté,,,,,,,,,,,1,1,1,1.0,3
201400048830,0014-07-17 08:31:00,14,7,17,8,31,940,3,AUTOROUTE A6A,48.8011,2.34196,Plein jour,Hors agglomération,Hors intersection,Normale,Trois véhicules et plus - collisions multiples,,,,,,,,,,,1,1,1,1.0,5
201400048831,0014-07-17 09:30:00,14,7,17,9,30,910,471,RN 188 CHEVREUSE,,,Plein jour,Hors agglomération,Hors intersection,Normale,Deux véhicules - arrière,,,,,,,,,,,1,1,1,1.0,2
201400048832,0014-07-17 10:43:00,14,7,17,10,43,940,38,AUTOROUTE A6B,48.7884,2.34529,Plein jour,Hors agglomération,Hors intersection,Normale,Deux véhicules - côté,,,,,,,,,,,1,1,1,1.0,3
201400048833,0014-07-17 12:07:00,14,7,17,12,7,770,251,AUTOROUTE A5A,,,Plein jour,Hors agglomération,Hors intersection,Normale,Autre collision,,,,,,,,,,,1,1,1,1.0,6
201400048834,0014-07-17 17:40:00,14,7,17,17,40,940,38,AUTOROUTE A6B,48.7902,2.34456,Plein jour,Hors agglomération,Hors intersection,Normale,Deux véhicules - côté,,,,,,,,,,,1,1,1,1.0,3
201400048835,0014-07-17 20:00:00,14,7,17,20,0,910,64,RN 118,,,Plein jour,Hors agglomération,Hors intersection,Normale,Trois véhicules et plus - collisions multiples,,,,,,,,,,,1,1,1,1.0,5
201400048836,0014-07-18 10:28:00,14,7,18,10,28,910,216,AUTOROUTE A6,,,Plein jour,Hors agglomération,Hors intersection,Normale,Deux véhicules - côté,,,,,,,,,,,1,1,1,1.0,3
201400048837,0014-07-18 17:55:00,14,7,18,17,55,910,340,AUTOROUTE A6,,,Plein jour,Hors agglomération,Hors intersection,Normale,Deux véhicules - côté,,,,,,,,,,,1,1,1,1.0,3
201400048838,0014-07-19 16:20:00,14,7,19,16,20,910,659,AUTOROUTE A6,,,Plein jour,Hors agglomération,Hors intersection,Normale,Sans collision,,,,,,,,,,,1,1,1,1.0,7
201400048839,0014-07-19 18:02:00,14,7,19,18,2,910,687,AUTOROUTE A6,,,Plein jour,Hors agglomération,Hors intersection,Normale,Deux véhicules - côté,,,,,,,,,,,1,1,1,1.0,3
201400048840,0014-07-20 00:30:00,14,7,20,0,30,910,161,AUTOROUTE A126,,,Nuit sans éclairage public,Hors agglomération,Hors intersection,Normale,Trois véhicules et plus - collisions multiples,,,,,,,,,,,3,1,1,1.0,5
201400048841,0014-07-20 05:45:00,14,7,20,5,45,910,161,AUTOROUTE A6,,,Crépuscule ou aube,Hors agglomération,Hors intersection,Normale,Deux véhicules - côté,,,,,,,,,,,2,1,1,1.0,3
201400048842,0014-07-22 09:55:00,14,7,22,9,55,910,689,AUTOROUTE A6,,,Plein jour,Hors agglomération,Hors intersection,Normale,Deux véhicules - arrière,,,,,,,,,,,1,1,1,1.0,2
201400048843,0014-07-22 12:12:00,14,7,22,12,12,940,34,AUTOROUTE A6B,48.7577,2.33595,Plein jour,Hors agglomération,Hors intersection,Temps couvert,Trois véhicules et plus - en chaîne,,,,,,,,,,,1,1,1,8.0,4
201400048844,0014-07-22 17:31:00,14,7,22,17,31,940,38,AUTOROUTE A6A,48.7874,2.34524,Plein jour,Hors agglomération,Hors intersection,Normale,Sans collision,,,,,,,,,,,1,1,1,1.0,7
201400048845,0014-07-23 07:46:00,14,7,23,7,46,910,521,AUTOROUTE A6,,,Plein jour,Hors agglomération,Hors intersection,Normale,Deux véhicules - côté,,,,,,,,,,,1,1,1,1.0,3
201400048846,0014-07-23 10:29:00,14,7,23,10,29,910,136,RD188 PROVINCE / A10 PRO,,,Plein jour,Hors agglomération,Hors intersection,Normale,Sans collision,,,,,,,,,,,1,1,1,1.0,7
201400048847,0014-07-23 12:11:00,14,7,23,12,11,910,161,AUTOROUTE A6,,,Plein jour,Hors agglomération,Hors intersection,Normale,Deux véhicules - côté,,,,,,,,,,,1,1,1,1.0,3
201400048848,0014-07-23 12:32:00,14,7,23,12,32,910,339,RN 104,,,Plein jour,Hors agglomération,Hors intersection,Normale,Deux véhicules - côté,,,,,,,,,,,1,1,1,1.0,3
201400048849,0014-07-23 13:35:00,14,7,23,13,35,940,34,AUTOROUTE A86,48.7563,2.33939,Plein jour,Hors agglomération,Hors intersection,Normale,Sans collision,,,,,,,,,,,1,1,1,1.0,7
201400048850,0014-07-23 18:00:00,14,7,23,18,0,910,377,AUTOROUTE A10,,,Plein jour,Hors agglomération,Hors intersection,Normale,Deux véhicules - arrière,,,,,,,,,,,1,1,1,1.0,2
201400048851,0014-07-24 22:50:00,14,7,24,22,50,910,661,AUTOROUTE A10,,,Nuit sans éclairage public,Hors agglomération,Hors intersection,Normale,Deux véhicules - arrière,,,,,,,,,,,3,1,1,1.0,2
201400048852,0014-07-25 09:10:00,14,7,25,9,10,940,3,AUTOROUTE A6B,48.8006,2.34375,Plein jour,Hors agglomération,Hors intersection,Normale,Sans collision,,,,,,,,,,,1,1,1,1.0,7
201400048853,0014-07-25 11:00:00,14,7,25,11,0,940,3,AUTOROUTE A6A,48.809,2.33943,Plein jour,Hors agglomération,Hors intersection,Normale,Deux véhicules - côté,,,,,,,,,,,1,1,1,1.0,3
201400048854,0014-07-25 16:30:00,14,7,25,16,30,910,136,AUTOROUTE A10,,,Plein jour,Hors agglomération,Hors intersection,Normale,Sans collision,,,,,,,,,,,1,1,1,1.0,7
201400048855,0014-07-26 03:30:00,14,7,26,3,30,910,182,AUTOROUTE A6,,,Nuit sans éclairage public,Hors agglomération,Hors intersection,Normale,Autre collision,,,,,,,,,,,3,1,1,1.0,6
201400048856,0014-07-26 15:28:00,14,7,26,15,28,910,689,AUTOROUTE A6B,,,Plein jour,Hors agglomération,Hors intersection,Normale,Trois véhicules et plus - en chaîne,,,,,,,,,,,1,1,1,1.0,4
201400048857,0014-07-28 07:00:00,14,7,28,7,0,910,64,RN 118,,,Plein jour,Hors agglomération,Hors intersection,Normale,Sans collision,,,,,,,,,,,1,1,1,1.0,7
201400048858,0014-07-28 15:50:00,14,7,28,15,50,940,65,AUTOROUTE A86,48.7551,2.34576,Plein jour,Hors agglomération,Hors intersection,Normale,Autre collision,,,,,,,,,,,1,1,1,1.0,6
201400048859,0014-07-30 00:55:00,14,7,30,0,55,940,43,AUTOROUTE A6B,48.8131,2.3542,Nuit avec éclairage non allumé,Hors agglomération,Hors intersection,Normale,Deux véhicules - côté,,,,,,,,,,,4,1,1,1.0,3
201400048860,0014-07-30 00:55:00,14,7,30,0,55,910,377,RD 444,,,Nuit sans éclairage public,Hors agglomération,Hors intersection,Normale,Autre collision,,,,,,,,,,,3,1,1,1.0,6
201400048861,0014-07-31 08:50:00,14,7,31,8,50,910,161,AUTOROUTE A6,,,Plein jour,Hors agglomération,Hors intersection,Normale,Trois véhicules et plus - en chaîne,,,,,,,,,,,1,1,1,1.0,4
201400048862,0014-07-31 08:45:00,14,7,31,8,45,920,2,AUTOROUTE A86,,,Plein jour,Hors agglomération,Hors intersection,Normale,Deux véhicules - arrière,,,,,,,,,,,1,1,1,1.0,2
201400048863,0014-07-31 15:00:00,14,7,31,15,0,770,251,AUTOROUTE A5A,,,Plein jour,Hors agglomération,Hors intersection,Normale,Deux véhicules - arrière,,,,,,,,,,,1,1,1,1.0,2
201400048864,0014-07-31 16:45:00,14,7,31,16,45,940,3,AUTOROUTE A6B,48.7996,2.34369,Plein jour,Hors agglomération,Hors intersection,Normale,Deux véhicules - arrière,,,,,,,,,,,1,1,1,1.0,2
201400048865,0014-07-31 19:50:00,14,7,31,19,50,910,377,RN20,,,Plein jour,Hors agglomération,Hors intersection,Normale,Deux véhicules - arrière,,,,,,,,,,,1,1,1,1.0,2
201400048866,0014-08-01 23:13:00,14,8,1,23,13,910,86,RN 104,,,Nuit avec éclairage allumé,Hors agglomération,Hors intersection,Normale,Autre collision,,,,,,,,,,,5,1,1,1.0,6
201400048867,0014-08-03 10:50:00,14,8,3,10,50,910,363,RN 104,,,Plein jour,Hors agglomération,Hors intersection,Normale,Autre collision,,,,,,,,,,,1,1,1,1.0,6
201400048868,0014-08-03 13:26:00,14,8,3,13,26,910,689,AUTOROUTE A6A,,,Plein jour,Hors agglomération,Hors intersection,Normale,Deux véhicules - côté,,,,,,,,,,,1,1,1,1.0,3
201400048869,0014-08-06 10:45:00,14,8,6,10,45,910,521,RN 449,,,Plein jour,Hors agglomération,Hors intersection,Pluie légère,Autre collision,,,,,,,,,,,1,1,1,2.0,6
201400048870,0014-08-06 13:05:00,14,8,6,13,5,910,216,AUTOROUTE A6,,,Plein jour,Hors agglomération,Hors intersection,Pluie légère,Deux véhicules - arrière,,,,,,,,,,,1,1,1,2.0,2
201400048871,0014-08-06 15:30:00,14,8,6,15,30,910,340,RN 104,,,Plein jour,Hors agglomération,Hors intersection,Pluie légère,Trois véhicules et plus - en chaîne,,,,,,,,,,,1,1,1,2.0,4
201400048872,0014-08-06 19:45:00,14,8,6,19,45,940,21,AUTOROUTE A6A,48.7597,2.33811,Plein jour,Hors agglomération,Hors intersection,Pluie légère,Trois véhicules et plus - collisions multiples,,,,,,,,,,,1,1,1,2.0,5
201400048873,0014-08-07 10:45:00,14,8,7,10,45,750,113,AUTOROUTE A6B,,,Plein jour,Hors agglomération,Hors intersection,Normale,Trois véhicules et plus - en chaîne,,,,,,,,,,,1,1,1,1.0,4
201400048874,0014-08-07 22:30:00,14,8,7,22,30,910,521,RN 449,,,Nuit sans éclairage public,Hors agglomération,Hors intersection,Temps couvert,Trois véhicules et plus - collisions multiples,,,,,,,,,,,3,1,1,8.0,5
201400048875,0014-08-08 05:55:00,14,8,8,5,55,910,174,RN 104,,,Nuit sans éclairage public,Hors agglomération,Hors intersection,Pluie légère,Deux véhicules - arrière,,,,,,,,,,,3,1,1,2.0,2
201400048876,0014-08-08 20:40:00,14,8,8,20,40,910,377,RN20,,,Crépuscule ou aube,Hors agglomération,Hors intersection,Temps couvert,Deux véhicules - arrière,,,,,,,,,,,2,1,1,8.0,2
201400048877,0014-08-11 01:49:00,14,8,11,1,49,910,521,RN 104,,,Nuit sans éclairage public,Hors agglomération,Hors intersection,Normale,Autre collision,,,,,,,,,,,3,1,1,1.0,6
201400048878,0014-08-11 20:00:00,14,8,11,20,0,910,471,RN 118,,,Plein jour,Hors agglomération,Hors intersection,Pluie légère,Deux véhicules - arrière,,,,,,,,,,,1,1,1,2.0,2
201400048879,0014-08-13 18:40:00,14,8,13,18,40,910,689,AUTOROUTE A6,,,Plein jour,Hors agglomération,Hors intersection,Normale,Deux véhicules - arrière,,,,,,,,,,,1,1,1,1.0,2
201400048880,0014-08-14 18:16:00,14,8,14,18,16,940,38,AUTOROUTE A6B,48.7874,2.34482,Plein jour,Hors agglomération,Hors intersection,Pluie légère,Trois véhicules et plus - en chaîne,,,,,,,,,,,1,1,1,2.0,4
201400048881,0014-08-14 20:02:00,14,8,14,20,2,910,136,AUTOROUTE A10,,,Plein jour,Hors agglomération,Hors intersection,Pluie légère,Sans collision,,,,,,,,,,,1,1,1,2.0,7