accident_id,datetime,annee,mois,jour,heure,minute,departement,commune_insee,adresse,latitude,longitude,luminosite,agglomeration,intersection,meteo,collision,nb_vehicules,nb_usagers,nb_indemnes,nb_tues,nb_blesses_hosp,nb_blesses_legers,age_cond_1,age_cond_2,veh_type_cond_1,veh_type_cond_2,lum_code,agg_code,int_code,atm_code,col_code
201400048882,0014-08-14 20:55:00,14,8,14,20,55,910,174,RN 104,,,Plein jour,Hors agglomération,Hors intersection,Pluie légère,Sans collision,,,,,,,,,,,1,1,1,2.0,7
201400048883,0014-08-15 10:40:00,14,8,15,10,40,910,521,RN 449,,,Plein jour,Hors agglomération,Hors intersection,Normale,Sans collision,,,,,,,,,,,1,1,1,1.0,7
201400048884,0014-08-18 09:20:00,14,8,18,9,20,770,251,AUTOROUTE A5A,,,Plein jour,Hors agglomération,Hors intersection,Pluie légère,Deux véhicules - arrière,,,,,,,,,,,1,1,1,2.0,2
201400048885,0014-08-18 13:33:00,14,8,18,13,33,940,3,AUTOROUTE A6B,48.8008,2.34372,Plein jour,Hors agglomération,Hors intersection,Normale,Trois véhicules et plus - en chaîne,,,,,,,,,,,1,1,1,1.0,4
201400048886,0014-08-18 16:15:00,14,8,18,16,15,940,38,AUTOROUTE A6A,48.7873,2.34529,Plein jour,Hors agglomération,Hors intersection,Normale,Trois véhicules et plus - en chaîne,,,,,,,,,,,1,1,1,1.0,4
201400048887,0014-08-21 15:05:00,14,8,21,15,5,910,286,AUTOROUTE A6,,,Plein jour,Hors agglomération,Hors intersection,Normale,Trois véhicules et plus - collisions multiples,,,,,,,,,,,1,1,1,1.0,5
201400048888,0014-08-22 14:40:00,14,8,22,14,40,910,64,RN 118,,,Plein jour,Hors agglomération,Hors intersection,Normale,Trois véhicules et plus - en chaîne,,,,,,,,,,,1,1,1,1.0,4
201400048889,0014-08-25 10:00:00,14,8,25,10,0,910,286,RD 310,,,Plein jour,Hors agglomération,Hors intersection,Pluie légère,Sans collision,,,,,,,,,,,1,1,1,2.0,7
201400048890,0014-08-25 15:10:00,14,8,25,15,10,910,86,RN 104,,,Plein jour,Hors agglomération,Hors intersection,Pluie forte,Deux véhicules - arrière,,,,,,,,,,,1,1,1,3.0,2
201400048891,0014-08-25 15:08:00,14,8,25,15,8,940,34,AUTOROUTE A6B,48.7569,2.33511,Plein jour,Hors agglomération,Hors intersection,Normale,Trois véhicules et plus - en chaîne,,,,,,,,,,,1,1,1,1.0,4
201400048892,0014-08-25 18:42:00,14,8,25,18,42,910,617,RN 104,,,Plein jour,Hors agglomération,Hors intersection,Pluie forte,Autre collision,,,,,,,,,,,1,1,1,3.0,6
201400048893,0014-08-26 14:50:00,14,8,26,14,50,910,589,AUTOROUTE A6,,,Plein jour,Hors agglomération,Hors intersection,Pluie légère,Deux véhicules - arrière,,,,,,,,,,,1,1,1,2.0,2
201400048894,0014-08-26 16:13:00,14,8,26,16,13,940,65,AUTOROUTE A86,48.7555,2.34368,Plein jour,Hors agglomération,Hors intersection,Normale,Deux véhicules - arrière,,,,,,,,,,,1,1,1,1.0,2
201400048895,0014-08-27 03:30:00,14,8,27,3,30,940,43,AUTOROUTE A6B,48.8129,2.35351,Nuit sans éclairage public,Hors agglomération,Hors intersection,Normale,Autre collision,,,,,,,,,,,3,1,1,1.0,6
201400048896,0014-08-27 08:29:00,14,8,27,8,29,940,21,AUTOROUTE A6B,48.7598,2.33844,Plein jour,Hors agglomération,Hors intersection,Pluie légère,Sans collision,,,,,,,,,,,1,1,1,2.0,7
201400048897,0014-08-27 19:54:00,14,8,27,19,54,910,687,AUTOROUTE A6,,,Plein jour,Hors agglomération,Hors intersection,Normale,Deux véhicules - côté,,,,,,,,,,,1,1,1,1.0,3
201400048898,0014-08-28 09:28:00,14,8,28,9,28,940,38,AUTOROUTE A6B,48.7882,2.34543,Plein jour,Hors agglomération,Hors intersection,Normale,Deux véhicules - arrière,,,,,,,,,,,1,1,1,1.0,2
201400048899,0014-08-29 16:50:00,14,8,29,16,50,940,34,AUTOROUTE A6B,48.7571,2.33487,Plein jour,Hors agglomération,Hors intersection,Normale,Trois véhicules et plus - collisions multiples,,,,,,,,,,,1,1,1,1.0,5
201400048900,0014-08-29 18:00:00,14,8,29,18,0,910,340,RN 104,,,Plein jour,Hors agglomération,Hors intersection,Normale,Deux véhicules - côté,,,,,,,,,,,1,1,1,1.0,3
201400048901,0014-08-29 20:30:00,14,8,29,20,30,910,86,RN 104,,,Plein jour,Hors agglomération,Hors intersection,Normale,Deux véhicules - arrière,,,,,,,,,,,1,1,1,1.0,2
201400048902,0014-08-31 15:00:00,14,8,31,15,0,910,589,AUTOROUTE A6,,,Plein jour,Hors agglomération,Hors intersection,Normale,Trois véhicules et plus - en chaîne,,,,,,,,,,,1,1,1,1.0,4
201400048903,0014-09-01 18:56:00,14,9,1,18,56,910,64,RN 118,,,Plein jour,Hors agglomération,Hors intersection,Normale,Deux véhicules - arrière,,,,,,,,,,,1,1,1,1.0,2
201400048904,0014-09-02 15:23:00,14,9,2,15,23,940,43,AUTOROUTE A6B,48.814,2.35493,Plein jour,Hors agglomération,Hors intersection,Normale,Sans collision,,,,,,,,,,,1,1,1,1.0,7
201400048905,0014-09-02 15:55:00,14,9,2,15,55,910,136,AUTOROUTE A126,,,Plein jour,Hors agglomération,Hors intersection,Normale,Deux véhicules - côté,,,,,,,,,,,1,1,1,1.0,3
201400048906,0014-09-02 17:30:00,14,9,2,17,30,940,34,AUTOROUTE A86,48.7561,2.34111,Plein jour,Hors agglomération,Hors intersection,Normale,Deux véhicules - arrière,,,,,,,,,,,1,1,1,1.0,2
201400048907,0014-09-03 08:00:00,14,9,3,8,0,910,174,RN 104,,,Plein jour,Hors agglomération,Hors intersection,Normale,Deux véhicules - côté,,,,,,,,,,,1,1,1,1.0,3
201400048908,0014-09-03 09:34:00,14,9,3,9,34,910,345,AUTOROUTE A6,,,Plein jour,Hors agglomération,Hors intersection,Normale,Deux véhicules - arrière,,,,,,,,,,,1,1,1,1.0,2
201400048909,0014-09-04 18:35:00,14,9,4,18,35,910,689,AUTOROUTE A10,,,Plein jour,Hors agglomération,Hors intersection,Normale,Deux véhicules - arrière,,,,,,,,,,,1,1,1,1.0,2
201400048910,0014-09-06 17:20:00,14,9,6,17,20,920,2,AUTOROUTE A10,,,Plein jour,Hors agglomération,Hors intersection,Normale,Deux véhicules - arrière,,,,,,,,,,,1,1,1,1.0,2
201400048911,0014-09-07 16:15:00,14,9,7,16,15,910,345,AUTOROUTE A6,,,Plein jour,Hors agglomération,Hors intersection,Normale,Deux véhicules - arrière,,,,,,,,,,,1,1,1,1.0,2
201400048912,0014-09-07 19:51:00,14,9,7,19,51,910,363,RN 104,,,Plein jour,Hors agglomération,Hors intersection,Normale,Deux véhicules - arrière,,,,,,,,,,,1,1,1,1.0,2
201400048913,0014-09-09 08:49:00,14,9,9,8,49,910,182,AUTOROUTE A6,,,Plein jour,Hors agglomération,Hors intersection,Normale,Trois véhicules et plus - en chaîne,,,,,,,,,,,1,1,1,1.0,4
201400048914,0014-09-09 15:00:00,14,9,9,15,0,910,136,RN 188 PARIS / A 10 PROV,,,Plein jour,Hors agglomération,Hors intersection,Normale,Trois véhicules et plus - en chaîne,,,,,,,,,,,1,1,1,1.0,4
201400048915,0014-09-10 18:30:00,14,9,10,18,30,910,161,AUTOROUTE A6,,,Plein jour,Hors agglomération,Hors intersection,Normale,Deux véhicules - arrière,,,,,,,,,,,1,1,1,1.0,2
201400048916,0014-09-10 07:54:00,14,9,10,7,54,940,21,AUTOROUTE A6B,48.7598,2.33844,Plein jour,Hors agglomération,Hors intersection,Normale,Deux véhicules - côté,,,,,,,,,,,1,1,1,1.0,3
201400048917,0014-09-10 21:00:00,14,9,10,21,0,940,38,AUTOROUTE A6B,48.7879,2.34454,Nuit avec éclairage allumé,Hors agglomération,Hors intersection,Normale,Deux véhicules - arrière,,,,,,,,,,,5,1,1,1.0,2
201400048918,0014-09-12 20:06:00,14,9,12,20,6,940,34,AUTOROUTE A6B,48.7529,2.33091,Plein jour,Hors agglomération,Hors intersection,Normale,Trois véhicules et plus - collisions multiples,,,,,,,,,,,1,1,1,1.0,5
201400048919,0014-09-13 10:00:00,14,9,13,10,0,910,553,RN 104,,,Plein jour,Hors agglomération,Hors intersection,Normale,Deux véhicules - arrière,,,,,,,,,,,1,1,1,1.0,2
201400048920,0014-09-14 17:12:00,14,9,14,17,12,920,2,AUTOROUTE A10,,,Plein jour,Hors agglomération,Hors intersection,Normale,Deux véhicules - arrière,,,,,,,,,,,1,1,1,1.0,2
201400048921,0014-09-14 18:00:00,14,9,14,18,0,910,363,AUTOROUTE A10,,,Plein jour,Hors agglomération,Hors intersection,Normale,Trois véhicules et plus - collisions multiples,,,,,,,,,,,1,1,1,1.0,5
201400048922,0014-09-14 20:35:00,14,9,14,20,35,910,689,AUTOROUTE A6,,,Plein jour,Hors agglomération,Hors intersection,Normale,Deux véhicules - côté,,,,,,,,,,,1,1,1,1.0,3
201400048923,0014-09-15 08:22:00,14,9,15,8,22,910,434,AUTOROUTE A6,,,Plein jour,Hors agglomération,Hors intersection,Normale,Trois véhicules et plus - en chaîne,,,,,,,,,,,1,1,1,1.0,4
201400048924,0014-09-15 16:30:00,14,9,15,16,30,910,340,RN 104,,,Plein jour,Hors agglomération,Hors intersection,Normale,Deux véhicules - arrière,,,,,,,,,,,1,1,1,1.0,2
201400048925,0014-09-15 15:20:00,14,9,15,15,20,910,363,RN 104,,,Plein jour,Hors agglomération,Hors intersection,Normale,Autre collision,,,,,,,,,,,1,1,1,1.0,6
201400048926,0014-09-16 08:35:00,14,9,16,8,35,910,434,AUTOROUTE A6,,,Plein jour,Hors agglomération,Hors intersection,Normale,Deux véhicules - arrière,,,,,,,,,,,1,1,1,1.0,2
201400048927,0014-09-18 09:40:00,14,9,18,9,40,910,377,RN 444,,,Plein jour,Hors agglomération,Hors intersection,Normale,Deux véhicules - arrière,,,,,,,,,,,1,1,1,1.0,2
201400048928,0014-09-12 18:00:00,14,9,12,18,0,910,286,AUTOROUTE A6,,,Plein jour,Hors agglomération,Hors intersection,Normale,Deux véhicules - arrière,,,,,,,,,,,1,1,1,1.0,2
201400048929,0014-09-18 17:40:00,14,9,18,17,40,940,34,AUTOROUTE A86,48.761,2.31807,Plein jour,Hors agglomération,Hors intersection,Normale,Trois véhicules et plus - en chaîne,,,,,,,,,,,1,1,1,1.0,4
201400048930,0014-09-18 19:35:00,14,9,18,19,35,940,38,AUTOROUTE A6B,48.7906,2.34451,Plein jour,Hors agglomération,Hors intersection,Normale,Deux véhicules - côté,,,,,,,,,,,1,1,1,1.0,3
201400048931,0014-09-19 10:00:00,14,9,19,10,0,910,589,AUTOROUTE A6,,,Plein jour,Hors agglomération,Hors intersection,Normale,Deux véhicules - côté,,,,,,,,,,,1,1,1,1.0,3
201400048932,0014-09-20 20:25:00,14,9,20,20,25,940,38,AUTOROUTE A6B,48.7874,2.34482,Plein jour,Hors agglomération,Hors intersection,Normale,Deux véhicules - côté,,,,,,,,,,,1,1,1,1.0,3
201400048933,0014-09-20 14:45:00,14,9,20,14,45,910,161,AUTOROUTE A6,,,Plein jour,Hors agglomération,Hors intersection,Normale,Trois véhicules et plus - en chaîne,,,,,,,,,,,1,1,1,1.0,4
201400048934,0014-09-21 03:52:00,14,9,21,3,52,910,235,RN 104,,,Nuit sans éclairage public,Hors agglomération,Hors intersection,Normale,Autre collision,,,,,,,,,,,3,1,1,1.0,6
201400048935,0014-09-21 08:30:00,14,9,21,8,30,910,521,RN 441,,,Plein jour,Hors agglomération,Hors intersection,Normale,Autre collision,,,,,,,,,,,1,1,1,1.0,6
201400048936,0014-09-21 11:23:00,14,9,21,11,23,910,64,RN 118,,,Plein jour,Hors agglomération,Hors intersection,Normale,Autre collision,,,,,,,,,,,1,1,1,1.0,6
201400048937,0014-09-21 12:10:00,14,9,21,12,10,910,477,AUTOROUTE A10,,,Plein jour,Hors agglomération,Hors intersection,Normale,Autre collision,,,,,,,,,,,1,1,1,1.0,6
201400048938,0014-09-21 11:57:00,14,9,21,11,57,910,122,RD 188 CHEVREUSE,,,Plein jour,Hors agglomération,Hors intersection,Normale,Autre collision,,,,,,,,,,,1,1,1,1.0,6
201400048939,0014-09-21 14:15:00,14,9,21,14,15,920,645,RN 385 Ext?rieure,,,Plein jour,Hors agglomération,Hors intersection,Normale,Sans collision,,,,,,,,,,,1,1,1,1.0,7
201400048940,0014-09-21 14:30:00,14,9,21,14,30,940,65,AUTOROUTE A106,48.7595,2.34646,Plein jour,Hors agglomération,Hors intersection,Normale,Autre collision,,,,,,,,,,,1,1,1,1.0,6
201400048941,0014-09-21 15:30:00,14,9,21,15,30,910,521,RN 104,,,Plein jour,Hors agglomération,Hors intersection,Normale,Autre collision,,,,,,,,,,,1,1,1,1.0,6
201400048942,0014-09-21 18:00:00,14,9,21,18,0,910,534,RN 118,,,Plein jour,Hors agglomération,Hors intersection,Normale,Trois véhicules et plus - en chaîne,,,,,,,,,,,1,1,1,1.0,4
201400048943,0014-09-22 08:51:00,14,9,22,8,51,910,64,RN 118,,,Plein jour,Hors agglomération,Hors intersection,Normale,Deux véhicules - arrière,,,,,,,,,,,1,1,1,1.0,2
201400048944,0014-09-22 11:00:00,14,9,22,11,0,910,434,AUTOROUTE A6,,,Plein jour,Hors agglomération,Hors intersection,Normale,Deux véhicules - arrière,,,,,,,,,,,1,1,1,1.0,2
201400048945,0014-09-24 08:45:00,14,9,24,8,45,910,432,AUTOROUTE A6,,,Plein jour,Hors agglomération,Hors intersection,Normale,Deux véhicules - arrière,,,,,,,,,,,1,1,1,1.0,2
201400048946,0014-09-26 19:50:00,14,9,26,19,50,910,182,RN 104,,,Plein jour,Hors agglomération,Hors intersection,Normale,Trois véhicules et plus - en chaîne,,,,,,,,,,,1,1,1,1.0,4
201400048947,0014-09-26 15:08:00,14,9,26,15,8,920,2,AUTOROUTE A86,,,Plein jour,Hors agglomération,Hors intersection,Normale,Sans collision,,,,,,,,,,,1,1,1,1.0,7
201400048948,0014-09-28 21:52:00,14,9,28,21,52,910,617,RN 104,,,Plein jour,Hors agglomération,Hors intersection,Pluie légère,Autre collision,,,,,,,,,,,1,1,1,2.0,6
201400048949,0014-09-29 08:45:00,14,9,29,8,45,940,34,AUTOROUTE A86,48.762,2.31447,Plein jour,Hors agglomération,Hors intersection,Pluie légère,Sans collision,,,,,,,,,,,1,1,1,2.0,7
201400048950,0014-09-29 09:45:00,14,9,29,9,45,910,477,AUTOROUTE A10,,,Plein jour,Hors agglomération,Hors intersection,Pluie légère,Deux véhicules - arrière,,,,,,,,,,,1,1,1,2.0,2
201400048951,0014-09-29 09:15:00,14,9,29,9,15,940,21,AUTOROUTE A6A,48.7703,2.34528,Plein jour,Hors agglomération,Hors intersection,Pluie légère,Deux véhicules - arrière,,,,,,,,,,,1,1,1,2.0,2
201400048952,0014-10-03 07:05:00,14,10,3,7,5,910,689,AUTOROUTE A6A,,,Crépuscule ou aube,Hors agglomération,Hors intersection,Normale,Deux véhicules - côté,,,,,,,,,,,2,1,1,1.0,3
201400048953,0014-10-03 13:45:00,14,10,3,13,45,940,38,AUTOROUTE A6A,48.7904,2.34422,Plein jour,Hors agglomération,Hors intersection,Normale,Deux véhicules - arrière,,,,,,,,,,,1,1,1,1.0,2
201400048954,0014-10-06 06:30:00,14,10,6,6,30,940,38,AUTOROUTE A6A,48.7871,2.34519,Nuit avec éclairage allumé,Hors agglomération,Hors intersection,Pluie légère,Deux véhicules - arrière,,,,,,,,,,,5,1,1,2.0,2
201400048955,0014-10-06 09:00:00,14,10,6,9,0,910,468,AUTOROUTE A6,,,Plein jour,Hors agglomération,Hors intersection,Normale,Deux véhicules - arrière,,,,,,,,,,,1,1,1,1.0,2
201400048956,0014-10-07 09:00:00,14,10,7,9,0,910,235,RN 104,,,Plein jour,Hors agglomération,Hors intersection,Normale,Sans collision,,,,,,,,,,,1,1,1,1.0,7
201400048957,0014-10-07 16:50:00,14,10,7,16,50,910,340,AUTOROUTE A6,,,Plein jour,Hors agglomération,Hors intersection,Normale,Autre collision,,,,,,,,,,,1,1,1,1.0,6
201400048958,0014-10-07 20:14:00,14,10,7,20,14,910,689,AUTOROUTE A6A,,,Plein jour,Hors agglomération,Hors intersection,Pluie légère,Autre collision,,,,,,,,,,,1,1,1,2.0,6
201400048959,0014-10-08 08:00:00,14,10,8,8,0,940,34,AUTOROUTE A86,48.761,2.31807,Plein jour,Hors agglomération,Hors intersection,Temps couvert,Trois véhicules et plus - en chaîne,,,,,,,,,,,1,1,1,8.0,4
201400048960,0014-10-08 09:05:00,14,10,8,9,5,940,21,AUTOROUTE A106,48.7646,2.34416,Plein jour,Hors agglomération,Hors intersection,Pluie forte,Sans collision,,,,,,,,,,,1,1,1,3.0,7
201400048961,0014-10-08 11:50:00,14,10,8,11,50,910,216,AUTOROUTE A6,,,Plein jour,Hors agglomération,Hors intersection,Pluie légère,Deux véhicules - arrière,,,,,,,,,,,1,1,1,2.0,2
201400048962,0014-10-08 11:00:00,14,10,8,11,0,940,38,AUTOROUTE A6A,48.7904,2.34405,Plein jour,Hors agglomération,Hors intersection,Pluie forte,Sans collision,,,,,,,,,,,1,1,1,3.0,7
201400048963,0014-10-08 11:55:00,14,10,8,11,55,910,216,AUTOROUTE A6,,,Plein jour,Hors agglomération,Hors intersection,Pluie légère,Deux véhicules - arrière,,,,,,,,,,,1,1,1,2.0,2
201400048964,0014-10-08 17:30:00,14,10,8,17,30,910,377,BRETELLE A10 / RN20,,,Plein jour,Hors agglomération,Hors intersection,Temps couvert,Sans collision,,,,,,,,,,,1,1,1,8.0,7
201400048965,0014-10-09 00:35:00,14,10,9,0,35,940,43,AUTOROUTE A6B,48.8135,2.35465,Nuit avec éclairage allumé,Hors agglomération,Hors intersection,Normale,Sans collision,,,,,,,,,,,5,1,1,1.0,7
201400048966,0014-10-09 17:45:00,14,10,9,17,45,920,2,AUTOROUTE A10,,,Plein jour,Hors agglomération,Hors intersection,Normale,Deux véhicules - arrière,,,,,,,,,,,1,1,1,1.0,2
201400048967,0014-10-11 10:30:00,14,10,11,10,30,910,687,AUTOROUTE A6,,,Plein jour,Hors agglomération,Hors intersection,Normale,Sans collision,,,,,,,,,,,1,1,1,1.0,7
201400048968,0014-10-12 18:50:00,14,10,12,18,50,940,43,AUTOROUTE A6B,48.8135,2.35448,Crépuscule ou aube,Hors agglomération,Hors intersection,Pluie légère,Deux véhicules - arrière,,,,,,,,,,,2,1,1,2.0,2
201400048969,0014-10-12 21:10:00,14,10,12,21,10,940,21,AUTOROUTE A6B,48.761,2.33965,Crépuscule ou aube,Hors agglomération,Hors intersection,Normale,Deux véhicules - arrière,,,,,,,,,,,2,1,1,1.0,2
201400048970,0014-10-13 09:00:00,14,10,13,9,0,910,687,AUTOROUTE A6,,,Plein jour,Hors agglomération,Hors intersection,Normale,Deux véhicules - arrière,,,,,,,,,,,1,1,1,1.0,2
201400048971,0014-10-13 16:56:00,14,10,13,16,56,910,161,AUTOROUTE A6,,,Plein jour,Hors agglomération,Hors intersection,Normale,Deux véhicules - arrière,,,,,,,,,,,1,1,1,1.0,2
201400048972,0014-10-13 17:30:00,14,10,13,17,30,910,570,RN 104,,,Plein jour,Hors agglomération,Hors intersection,Normale,Deux véhicules - côté,,,,,,,,,,,1,1,1,1.0,3
201400048973,0014-10-14 07:40:00,14,10,14,7,40,910,182,RN 441,,,Crépuscule ou aube,Hors agglomération,Hors intersection,Normale,Deux véhicules - côté,,,,,,,,,,,2,1,1,1.0,3
201400048974,0014-10-14 17:30:00,14,10,14,17,30,910,553,RN 104,,,Plein jour,Hors agglomération,Hors intersection,Normale,Trois véhicules et plus - collisions multiples,,,,,,,,,,,1,1,1,1.0,5
201400048975,0014-10-16 09:32:00,14,10,16,9,32,910,589,AUTOROUTE A6,,,Plein jour,Hors agglomération,Hors intersection,Normale,Deux véhicules - arrière,,,,,,,,,,,1,1,1,1.0,2
201400048976,0014-10-17 08:25:00,14,10,17,8,25,910,521,AUTOROUTE A6,,,Crépuscule ou aube,Hors agglomération,Hors intersection,Pluie légère,Sans collision,,,,,,,,,,,2,1,1,2.0,7
201400048977,0014-10-17 17:07:00,14,10,17,17,7,910,161,AUTOROUTE A126,,,Plein jour,Hors agglomération,Hors intersection,Normale,Deux véhicules - côté,,,,,,,,,,,1,1,1,1.0,3
201400048978,0014-10-17 18:18:00,14,10,17,18,18,910,161,AUTOROUTE A6,,,Crépuscule ou aube,Hors agglomération,Hors intersection,Normale,Trois véhicules et plus - collisions multiples,,,,,,,,,,,2,1,1,1.0,5
201400048979,0014-10-17 21:15:00,14,10,17,21,15,940,34,AUTOROUTE A86,48.7618,2.31487,Nuit sans éclairage public,Hors agglomération,Hors intersection,Normale,Trois véhicules et plus - en chaîne,,,,,,,,,,,3,1,1,1.0,4
201400048980,0014-10-18 20:00:00,14,10,18,20,0,910,64,RN 118,,,Nuit sans éclairage public,Hors agglomération,Hors intersection,Normale,Deux véhicules - arrière,,,,,,,,,,,3,1,1,1.0,2
201400048981,0014-10-18 21:15:00,14,10,18,21,15,910,161,CARREFOUR RN20 / RD120,,,Nuit sans éclairage public,Hors agglomération,Intersection en X,Normale,Deux véhicules - frontale,,,,,,,,,,,3,1,2,1.0,1
201400048982,0014-10-19 18:28:00,14,10,19,18,28,910,689,AUTOROUTE A6,,,Plein jour,Hors agglomération,Hors intersection,Normale,Trois véhicules et plus - collisions multiples,,,,,,,,,,,1,1,1,1.0,5
201400048983,0014-10-20 16:02:00,14,10,20,16,2,910,521,RN 104,,,Plein jour,Hors agglomération,Hors intersection,Temps couvert,Autre collision,,,,,,,,,,,1,1,1,8.0,6
201400048984,0014-10-21 07:53:00,14,10,21,7,53,940,34,AUTOROUTE A6A,48.7567,2.3349,Crépuscule ou aube,Hors agglomération,Hors intersection,Normale,Deux véhicules - côté,,,,,,,,,,,2,1,1,1.0,3
201400048985,0014-10-21 08:00:00,14,10,21,8,0,910,589,AUTOROUTE A6,,,Crépuscule ou aube,Hors agglomération,Hors intersection,Normale,Deux véhicules - arrière,,,,,,,,,,,2,1,1,1.0,2
201400048986,0014-10-21 09:06:00,14,10,21,9,6,910,689,AUTOROUTE A6B,,,Plein jour,Hors agglomération,Hors intersection,Normale,Trois véhicules et plus - collisions multiples,,,,,,,,,,,1,1,1,1.0,5
201400048987,0014-10-21 22:46:00,14,10,21,22,46,770,251,AUTOROUTE A5A,,,Nuit sans éclairage public,Hors agglomération,Hors intersection,Normale,Sans collision,,,,,,,,,,,3,1,1,1.0,7
201400048988,0014-10-22 15:15:00,14,10,22,15,15,910,377,AUTOROUTE A10,,,Plein jour,Hors agglomération,Hors intersection,Normale,Sans collision,,,,,,,,,,,1,1,1,1.0,7
201400048989,0014-10-23 07:50:00,14,10,23,7,50,920,2,AUTOROUTE A86,,,Crépuscule ou aube,Hors agglomération,Hors intersection,Normale,Deux véhicules - arrière,,,,,,,,,,,2,1,1,1.0,2
201400048990,0014-10-24 18:20:00,14,10,24,18,20,940,65,AUTOROUTE A86,48.7555,2.34413,Crépuscule ou aube,Hors agglomération,Hors intersection,Pluie légère,Autre collision,,,,,,,,,,,2,1,1,2.0,6
201400048991,0014-10-24 19:30:00,14,10,24,19,30,940,34,AUTOROUTE A6B,48.7569,2.33511,Crépuscule ou aube,Hors agglomération,Hors intersection,Normale,Deux véhicules - côté,,,,,,,,,,,2,1,1,1.0,3
201400048992,0014-10-24 20:43:00,14,10,24,20,43,910,689,AUTOROUTE A10,,,Nuit sans éclairage public,Hors agglomération,Hors intersection,Normale,Trois véhicules et plus - collisions multiples,,,,,,,,,,,3,1,1,1.0,5
201400048993,0014-10-25 18:25:00,14,10,25,18,25,910,363,RN 104,,,Crépuscule ou aube,Hors agglomération,Hors intersection,Normale,Autre collision,,,,,,,,,,,2,1,1,1.0,6
201400048994,0014-10-27 17:00:00,14,10,27,17,0,910,377,AUTOROUTE A10,,,Plein jour,Hors agglomération,Hors intersection,Normale,Trois véhicules et plus - en chaîne,,,,,,,,,,,1,1,1,1.0,4
201400048995,0014-10-27 18:00:00,14,10,27,18,0,910,174,RN 104,,,Nuit sans éclairage public,Hors agglomération,Hors intersection,Normale,Trois véhicules et plus - en chaîne,,,,,,,,,,,3,1,1,1.0,4
201400048996,0014-10-28 19:00:00,14,10,28,19,0,940,43,AUTOROUTE A6B,48.8158,2.35653,Nuit avec éclairage allumé,Hors agglomération,Hors intersection,Normale,Deux véhicules - côté,,,,,,,,,,,5,1,1,1.0,3
201400048997,0014-10-29 14:38:00,14,10,29,14,38,920,19,RN 385 INT,,,Plein jour,Hors agglomération,Hors intersection,Normale,Trois véhicules et plus - collisions multiples,,,,,,,,,,,1,1,1,1.0,5
201400048998,0014-10-29 16:30:00,14,10,29,16,30,940,37,AUTOROUTE A6A,48.8156,2.33658,Plein jour,Hors agglomération,Hors intersection,Normale,Sans collision,,,,,,,,,,,1,1,1,1.0,7
201400048999,0014-10-29 18:50:00,14,10,29,18,50,920,19,RN 385 Ext?rieure,,,Nuit sans éclairage public,Hors agglomération,Hors intersection,Normale,Deux véhicules - côté,,,,,,,,,,,3,1,1,1.0,3
201400049000,0014-10-31 13:50:00,14,10,31,13,50,940,3,AUTOROUTE A6A,48.7993,2.34235,Plein jour,Hors agglomération,Hors intersection,Normale,Deux véhicules - arrière,,,,,,,,,,,1,1,1,1.0,2
201400049001,0014-10-31 20:45:00,14,10,31,20,45,910,377,RN20,,,Nuit sans éclairage public,Hors agglomération,Hors intersection,Normale,Deux véhicules - côté,,,,,,,,,,,3,1,1,1.0,3
201400049002,0014-10-31 21:45:00,14,10,31,21,45,910,689,AUTOROUTE A6,,,Nuit sans éclairage public,Hors agglomération,Hors intersection,Normale,Trois véhicules et plus - en chaîne,,,,,,,,,,,3,1,1,1.0,4
201400049003,0014-11-01 09:10:00,14,11,1,9,10,910,377,RD 188,,,Plein jour,Hors agglomération,Hors intersection,Normale,Autre collision,,,,,,,,,,,1,1,1,1.0,6
201400049004,0014-11-03 08:04:00,14,11,3,8,4,910,477,AUTOROUTE A126,,,Crépuscule ou aube,Hors agglomération,Hors intersection,Normale,Trois véhicules et plus - en chaîne,,,,,,,,,,,2,1,1,1.0,4
201400049005,0014-11-03 14:20:00,14,11,3,14,20,770,495,A5A PROVINCE / RN 105,,,Plein jour,Hors agglomération,Hors intersection,Normale,Autre collision,,,,,,,,,,,1,1,1,1.0,6
201400049006,0014-11-03 19:00:00,14,11,3,19,0,910,553,RN 104,,,Nuit sans éclairage public,Hors agglomération,Hors intersection,Pluie légère,Deux véhicules - arrière,,,,,,,,,,,3,1,1,2.0,2
201400049007,0014-11-04 09:20:00,14,11,4,9,20,910,553,RN 104,,,Plein jour,Hors agglomération,Hors intersection,Temps couvert,Deux véhicules - arrière,,,,,,,,,,,1,1,1,8.0,2
201400049008,0014-11-04 09:30:00,14,11,4,9,30,920,19,RN 385 INT,,,Plein jour,Hors agglomération,Hors intersection,Normale,Trois véhicules et plus - collisions multiples,,,,,,,,,,,1,1,1,1.0,5
201400049009,0014-11-04 07:50:00,14,11,4,7,50,910,235,RN 104,,,Plein jour,Hors agglomération,Hors intersection,Pluie légère,Trois véhicules et plus - en chaîne,,,,,,,,,,,1,1,1,2.0,4
201400049010,0014-11-04 13:55:00,14,11,4,13,55,910,174,RN 104,,,Plein jour,Hors agglomération,Hors intersection,Normale,Trois véhicules et plus - collisions multiples,,,,,,,,,,,1,1,1,1.0,5
201400049011,0014-11-05 05:10:00,14,11,5,5,10,910,434,AUTOROUTE A6,,,Nuit sans éclairage public,Hors agglomération,Hors intersection,Normale,Trois véhicules et plus - collisions multiples,,,,,,,,,,,3,1,1,1.0,5
201400049012,0014-11-05 09:40:00,14,11,5,9,40,910,617,RN 104,,,Plein jour,Hors agglomération,Hors intersection,Normale,Deux véhicules - arrière,,,,,,,,,,,1,1,1,1.0,2