accident_id,datetime,annee,mois,jour,heure,minute,departement,commune_insee,adresse,latitude,longitude,luminosite,agglomeration,intersection,meteo,collision,nb_vehicules,nb_usagers,nb_indemnes,nb_tues,nb_blesses_hosp,nb_blesses_legers,age_cond_1,age_cond_2,veh_type_cond_1,veh_type_cond_2,lum_code,agg_code,int_code,atm_code,col_code
201400049139,0014-03-21 16:18:00,14,3,21,16,18,202,353,"sans, TOUTES RUES",,,Plein jour,En agglomération,Hors intersection,Normale,Autre collision,,,,,,,,,,,1,2,1,1.0,6
201400049140,0014-03-24 15:56:00,14,3,24,15,56,202,33,"sans, 193 - RN",,,Plein jour,En agglomération,Hors intersection,Normale,Autre collision,,,,,,,,,,,1,2,1,1.0,6
201400049141,0014-03-25 19:05:00,14,3,25,19,5,202,33,"sans, AV DE LA LIBERATIO",,,Nuit avec éclairage allumé,En agglomération,Giratoire,Pluie légère,Deux véhicules - côté,,,,,,,,,,,5,2,6,2.0,3
201400049142,0014-03-26 12:35:00,14,3,26,12,35,202,37,"sans, TOUTES RUES",,,Plein jour,En agglomération,Hors intersection,Pluie légère,Sans collision,,,,,,,,,,,1,2,1,2.0,7
201400049143,0014-03-28 09:30:00,14,3,28,9,30,202,120,"SANS, TOUTES RUES",,,Plein jour,En agglomération,Hors intersection,Normale,Deux véhicules - arrière,,,,,,,,,,,1,2,1,1.0,2
201400049144,0014-03-29 19:00:00,14,3,29,19,0,202,120,"sans, TOUTES RUES",,,Nuit avec éclairage allumé,En agglomération,Hors intersection,Normale,Deux véhicules - côté,,,,,,,,,,,5,2,1,1.0,3
201400049145,0014-03-31 12:28:00,14,3,31,12,28,202,33,"SANS, FRONT DE MER - ROU",,,Plein jour,En agglomération,Hors intersection,Normale,Trois véhicules et plus - en chaîne,,,,,,,,,,,1,2,1,1.0,4
201400049146,0014-04-01 10:15:00,14,4,1,10,15,202,33,"sans, TOUTES RUES",,,Plein jour,En agglomération,Hors intersection,Normale,Autre collision,,,,,,,,,,,1,2,1,1.0,6
201400049147,0014-04-02 11:34:00,14,4,2,11,34,202,33,"sans, SEBASTIANI  - AVEN",,,Plein jour,En agglomération,Hors intersection,Normale,Autre collision,,,,,,,,,,,1,2,1,1.0,6
201400049148,0014-04-03 20:35:00,14,4,3,20,35,202,33,"38, PAOLI DU NR 21 AU 45",,,Nuit avec éclairage allumé,En agglomération,Intersection en T,Normale,Deux véhicules - côté,,,,,,,,,,,5,2,3,1.0,3
201400049149,0014-04-04 06:08:00,14,4,4,6,8,202,120,"sans, TOUTES RUES",,,Nuit avec éclairage allumé,Hors agglomération,Hors intersection,Pluie forte,Autre collision,,,,,,,,,,,5,1,1,3.0,6
201400049150,0014-04-04 14:05:00,14,4,4,14,5,202,33,"SANS, VEZZANI - RUE CESA",,,Plein jour,En agglomération,Hors intersection,Normale,Deux véhicules - côté,,,,,,,,,,,1,2,1,1.0,3
201400049151,0014-04-04 17:20:00,14,4,4,17,20,202,120,"sans, TOUTES RUES",,,Plein jour,En agglomération,Hors intersection,Normale,Deux véhicules - arrière,,,,,,,,,,,1,2,1,1.0,2
201400049152,0014-04-05 00:17:00,14,4,5,0,17,202,37,"sans, TOUTES RUES",,,Nuit sans éclairage public,Hors agglomération,Hors intersection,Normale,Autre collision,,,,,,,,,,,3,1,1,1.0,6
201400049153,0014-04-09 16:22:00,14,4,9,16,22,202,37,"sans, TOUTES RUES",,,Plein jour,Hors agglomération,Hors intersection,Normale,Deux véhicules - frontale,,,,,,,,,,,1,1,1,1.0,1
201400049154,0014-04-11 19:37:00,14,4,11,19,37,202,33,"sans, AV DE LA LIBERATIO",,,Plein jour,En agglomération,Hors intersection,Normale,Deux véhicules - arrière,,,,,,,,,,,1,2,1,1.0,2
201400049155,0014-04-12 07:20:00,14,4,12,7,20,202,33,"sans, TOUTES RUES",,,Plein jour,En agglomération,Hors intersection,Pluie légère,Autre collision,,,,,,,,,,,1,2,1,2.0,6
201400049156,0014-04-12 18:03:00,14,4,12,18,3,202,33,"sans, TOUTES RUES",,,Plein jour,En agglomération,Hors intersection,Normale,Autre collision,,,,,,,,,,,1,2,1,1.0,6
201400049157,0014-04-19 01:55:00,14,4,19,1,55,202,33,"6SANS, FRONT DE MER - RO",,,Nuit avec éclairage allumé,En agglomération,Hors intersection,Normale,Autre collision,,,,,,,,,,,5,2,1,1.0,6
201400049158,0014-04-20 19:02:00,14,4,20,19,2,202,33,"SANS, FRONT DE MER - ROU",,,Crépuscule ou aube,En agglomération,Hors intersection,Normale,Trois véhicules et plus - collisions multiples,,,,,,,,,,,2,2,1,1.0,5
201400049159,0014-04-23 03:15:00,14,4,23,3,15,202,3,"6SANS, TOUTES RUES",,,Nuit avec éclairage allumé,En agglomération,Hors intersection,Normale,Autre collision,,,,,,,,,,,5,2,1,1.0,6
201400049160,0014-04-24 19:00:00,14,4,24,19,0,202,3,"SANS, TOUTES RUES",,,Plein jour,En agglomération,Hors intersection,Pluie légère,Deux véhicules - côté,,,,,,,,,,,1,2,1,2.0,3
201400049161,0014-04-30 01:06:00,14,4,30,1,6,202,33,"SANS, TOUTES RUES",,,Nuit avec éclairage allumé,En agglomération,Hors intersection,Normale,Sans collision,,,,,,,,,,,5,2,1,1.0,7
201400049162,0014-05-01 21:03:00,14,5,1,21,3,202,120,"SANS, TOUTES RUES",,,Nuit sans éclairage public,Hors agglomération,Hors intersection,Normale,Sans collision,,,,,,,,,,,3,1,1,1.0,7
201400049163,0014-05-02 03:30:00,14,5,2,3,30,202,33,"SANS, AV DE LA LIBERATIO",,,Nuit avec éclairage allumé,En agglomération,Hors intersection,Pluie légère,Deux véhicules - arrière,,,,,,,,,,,5,2,1,2.0,2
201400049164,0014-05-01 18:05:00,14,5,1,18,5,202,33,"SANS, AV DE LA LIBERATIO",,,Plein jour,En agglomération,Hors intersection,Normale,Deux véhicules - frontale,,,,,,,,,,,1,2,1,1.0,1
201400049165,0014-05-02 11:00:00,14,5,2,11,0,202,33,"SANS, TOUTES RUES",,,Plein jour,En agglomération,Hors intersection,Normale,Sans collision,,,,,,,,,,,1,2,1,1.0,7
201400049166,0014-05-06 16:40:00,14,5,6,16,40,202,33,"sans, FRONT DE MER - ROU",,,Plein jour,En agglomération,Hors intersection,Normale,Trois véhicules et plus - en chaîne,,,,,,,,,,,1,2,1,1.0,4
201400049167,0014-05-10 01:30:00,14,5,10,1,30,202,33,"sans, AV DE LA LIBERATIO",,,Nuit avec éclairage allumé,En agglomération,Hors intersection,Normale,Autre collision,,,,,,,,,,,5,2,1,1.0,6
201400049168,0014-05-11 02:23:00,14,5,11,2,23,202,33,"sans, TOUTES RUES",,,Nuit avec éclairage allumé,En agglomération,Intersection en X,Normale,Autre collision,,,,,,,,,,,5,2,2,1.0,6
201400049169,0014-05-12 09:55:00,14,5,12,9,55,202,33,"sans, AGLIANI - CHEMIN D",,,Plein jour,En agglomération,Hors intersection,Normale,Autre collision,,,,,,,,,,,1,2,1,1.0,6
201400049170,0014-05-12 18:49:00,14,5,12,18,49,202,33,"sans, SEBASTIANI  - AVEN",,,Plein jour,En agglomération,Hors intersection,Normale,Autre collision,,,,,,,,,,,1,2,1,1.0,6
201400049171,0014-05-14 16:06:00,14,5,14,16,6,202,33,"sans, FURIANI - CHEMIN D",,,Plein jour,En agglomération,Intersection en T,Normale,Deux véhicules - côté,,,,,,,,,,,1,2,3,1.0,3
201400049172,0014-05-16 08:42:00,14,5,16,8,42,202,33,IMPERIALE - ROUTE,,,Plein jour,En agglomération,Hors intersection,Normale,Autre collision,,,,,,,,,,,1,2,1,1.0,6
201400049173,0014-05-16 12:55:00,14,5,16,12,55,202,120,TOUTES RUES,,,Plein jour,Hors agglomération,Hors intersection,Normale,Deux véhicules - arrière,,,,,,,,,,,1,1,1,1.0,2
201400049174,0014-05-19 18:16:00,14,5,19,18,16,202,353,"14, TOUTES RUES",,,Plein jour,Hors agglomération,Hors intersection,Pluie légère,Deux véhicules - arrière,,,,,,,,,,,1,1,1,2.0,2
201400049175,0014-05-21 09:05:00,14,5,21,9,5,202,37,TOUTES RUES,,,Plein jour,Hors agglomération,Hors intersection,Normale,Autre collision,,,,,,,,,,,1,1,1,1.0,6
201400049176,0014-05-22 18:50:00,14,5,22,18,50,202,33,LE MARONI - RES,,,Plein jour,En agglomération,Intersection en X,Normale,Deux véhicules - côté,,,,,,,,,,,1,2,2,1.0,3
201400049177,0014-05-23 16:00:00,14,5,23,16,0,202,33,TOUTES RUES,,,Plein jour,En agglomération,Hors intersection,Normale,Deux véhicules - frontale,,,,,,,,,,,1,2,1,1.0,1
201400049178,0014-05-23 17:08:00,14,5,23,17,8,202,353,TOUTES RUES,,,Plein jour,Hors agglomération,Hors intersection,Normale,Sans collision,,,,,,,,,,,1,1,1,1.0,7
201400049179,0014-05-26 17:27:00,14,5,26,17,27,202,33,TUNNEL,,,Plein jour,En agglomération,Hors intersection,Normale,Autre collision,,,,,,,,,,,1,2,1,1.0,6
201400049180,0014-05-27 20:50:00,14,5,27,20,50,202,37,"11, TOUTES RUES",,,Crépuscule ou aube,En agglomération,Intersection en T,Normale,Deux véhicules - frontale,,,,,,,,,,,2,2,3,1.0,1
201400049181,0014-05-28 08:32:00,14,5,28,8,32,202,120,TOUTES RUES,,,Plein jour,En agglomération,Intersection en T,Normale,Trois véhicules et plus - collisions multiples,,,,,,,,,,,1,2,3,1.0,5
201400049182,0014-05-28 17:40:00,14,5,28,17,40,202,120,TOUTES RUES,,,Plein jour,En agglomération,Hors intersection,Normale,Autre collision,,,,,,,,,,,1,2,1,1.0,6
201400049183,0014-05-29 21:00:00,14,5,29,21,0,202,33,CAPITAINE THEN,,,Nuit avec éclairage allumé,En agglomération,Giratoire,Normale,Deux véhicules - côté,,,,,,,,,,,5,2,6,1.0,3
201400049184,0014-05-30 09:55:00,14,5,30,9,55,202,33,VOIE RAPIDE,,,Plein jour,En agglomération,Hors intersection,Normale,Sans collision,,,,,,,,,,,1,2,1,1.0,7
201400049185,0014-06-03 13:48:00,14,6,3,13,48,202,33,193 - RN,,,Plein jour,En agglomération,Hors intersection,Normale,Trois véhicules et plus - en chaîne,,,,,,,,,,,1,2,1,1.0,4
201400049186,0014-06-04 16:03:00,14,6,4,16,3,202,33,TOUTES RUES,,,Plein jour,En agglomération,Intersection en X,Normale,Deux véhicules - côté,,,,,,,,,,,1,2,2,1.0,3
201400049187,0014-06-06 07:30:00,14,6,6,7,30,202,37,TOUTES RUES,,,Plein jour,Hors agglomération,Hors intersection,Normale,Trois véhicules et plus - en chaîne,,,,,,,,,,,1,1,1,1.0,4
201400049188,0014-06-06 16:50:00,14,6,6,16,50,202,33,VINCETTI - PLACE,,,Plein jour,En agglomération,Hors intersection,Normale,Autre collision,,,,,,,,,,,1,2,1,1.0,6
201400049189,0014-06-09 20:13:00,14,6,9,20,13,202,33,TOUTES RUES,,,Plein jour,En agglomération,Intersection en T,Normale,Deux véhicules - côté,,,,,,,,,,,1,2,3,1.0,3
201400049190,0014-06-11 11:55:00,14,6,11,11,55,202,33,AV DE LA LIBERATIO,,,Plein jour,En agglomération,Intersection en T,Normale,Deux véhicules - côté,,,,,,,,,,,1,2,3,1.0,3
201400049191,0014-06-11 18:23:00,14,6,11,18,23,202,37,"1636, TOUTES RUES",,,Plein jour,En agglomération,Hors intersection,Normale,Deux véhicules - frontale,,,,,,,,,,,1,2,1,1.0,1
201400049192,0014-06-12 15:40:00,14,6,12,15,40,202,33,"9, TOUTES RUES",,,Plein jour,En agglomération,Hors intersection,Normale,Deux véhicules - frontale,,,,,,,,,,,1,2,1,1.0,1
201400049193,0014-06-15 10:41:00,14,6,15,10,41,202,37,TOUTES RUES,,,Plein jour,Hors agglomération,Hors intersection,Pluie légère,Deux véhicules - arrière,,,,,,,,,,,1,1,1,2.0,2
201400049194,0014-06-15 21:05:00,14,6,15,21,5,202,37,TOUTES RUES,,,Nuit avec éclairage allumé,Hors agglomération,Hors intersection,Pluie légère,Autre collision,,,,,,,,,,,5,1,1,2.0,6
201400049195,0014-06-16 11:51:00,14,6,16,11,51,202,353,"23, TOUTES RUES",,,Plein jour,En agglomération,Hors intersection,Normale,Trois véhicules et plus - en chaîne,,,,,,,,,,,1,2,1,1.0,4
201400049196,0014-06-17 20:04:00,14,6,17,20,4,202,33,"sans, CAPITAINE THEN",,,Plein jour,En agglomération,Hors intersection,Normale,Deux véhicules - côté,,,,,,,,,,,1,2,1,1.0,3
201400049197,0014-06-20 17:15:00,14,6,20,17,15,202,37,"SANS, TOUTES RUES",,,Plein jour,Hors agglomération,Hors intersection,Normale,Deux véhicules - côté,,,,,,,,,,,1,1,1,1.0,3
201400049198,0014-06-21 17:10:00,14,6,21,17,10,202,37,"SANS, TOUTES RUES",,,Plein jour,Hors agglomération,Hors intersection,Normale,Autre collision,,,,,,,,,,,1,1,1,1.0,6
201400049199,0014-06-23 09:27:00,14,6,23,9,27,202,120,"sans, TOUTES RUES",,,Plein jour,Hors agglomération,Hors intersection,Normale,Deux véhicules - arrière,,,,,,,,,,,1,1,1,1.0,2
201400049200,0014-06-26 12:23:00,14,6,26,12,23,202,33,"SANS, VEZZANI - RUE CESA",,,Plein jour,En agglomération,Hors intersection,Pluie forte,Deux véhicules - arrière,,,,,,,,,,,1,2,1,3.0,2
201400049201,0014-06-30 21:25:00,14,6,30,21,25,202,33,"571, TOUTES RUES",,,Nuit avec éclairage allumé,Hors agglomération,Hors intersection,Normale,Autre collision,,,,,,,,,,,5,1,1,1.0,6
201400049202,0014-07-08 15:15:00,14,7,8,15,15,202,120,"SANS, TOUTES RUES",,,Plein jour,En agglomération,Intersection en T,Normale,Deux véhicules - côté,,,,,,,,,,,1,2,3,1.0,3
201400049203,0014-07-11 09:00:00,14,7,11,9,0,202,120,"sans, TOUTES RUES",,,Plein jour,En agglomération,Hors intersection,Normale,Deux véhicules - côté,,,,,,,,,,,1,2,1,1.0,3
201400049204,0014-07-11 15:05:00,14,7,11,15,5,202,33,"sans, FRONT DE MER - ROU",,,Plein jour,En agglomération,Hors intersection,Normale,Autre collision,,,,,,,,,,,1,2,1,1.0,6
201400049205,0014-07-15 17:05:00,14,7,15,17,5,202,33,"12, GAUDIN - BLD AUGUSTE",,,Plein jour,En agglomération,Hors intersection,Normale,Autre collision,,,,,,,,,,,1,2,1,1.0,6
201400049206,0014-07-16 08:30:00,14,7,16,8,30,202,33,"sans, FAVALE - COURS",,,Plein jour,En agglomération,Hors intersection,Normale,Autre collision,,,,,,,,,,,1,2,1,1.0,6
201400049207,0014-07-16 17:12:00,14,7,16,17,12,202,33,"sans, TOUTES RUES",,,Plein jour,En agglomération,Hors intersection,Normale,Deux véhicules - frontale,,,,,,,,,,,1,2,1,1.0,1
201400049208,0014-07-18 19:38:00,14,7,18,19,38,202,120,"sans, TOUTES RUES",,,Plein jour,En agglomération,Hors intersection,Normale,Autre collision,,,,,,,,,,,1,2,1,1.0,6
201400049209,0014-07-19 22:10:00,14,7,19,22,10,202,33,"12, PAOLI DU NR 1 A 20 -",,,Nuit avec éclairage allumé,En agglomération,Hors intersection,Normale,Autre collision,,,,,,,,,,,5,2,1,1.0,6
201400049210,0014-07-21 12:18:00,14,7,21,12,18,202,120,"sans, TOUTES RUES",,,Plein jour,En agglomération,Hors intersection,Normale,Autre collision,,,,,,,,,,,1,2,1,1.0,6
201400049211,0014-07-24 11:20:00,14,7,24,11,20,202,33,"sans, TOUTES RUES",,,Plein jour,En agglomération,Hors intersection,Normale,Deux véhicules - côté,,,,,,,,,,,1,2,1,1.0,3
201400049212,0014-07-26 16:08:00,14,7,26,16,8,202,120,"sans, TOUTES RUES",,,Plein jour,Hors agglomération,Hors intersection,Normale,Deux véhicules - côté,,,,,,,,,,,1,1,1,1.0,3
201400049213,0014-07-28 11:00:00,14,7,28,11,0,202,33,"sans, TOUTES RUES",,,Plein jour,Hors agglomération,Intersection en T,Normale,Deux véhicules - côté,,,,,,,,,,,1,1,3,1.0,3
201400049214,0014-07-29 10:40:00,14,7,29,10,40,202,120,"sans, TOUTES RUES",,,Plein jour,En agglomération,Hors intersection,Normale,Deux véhicules - côté,,,,,,,,,,,1,2,1,1.0,3
201400049215,0014-07-30 09:00:00,14,7,30,9,0,202,33,"sans, VEZZANI - RUE CESA",,,Plein jour,En agglomération,Hors intersection,Pluie forte,Autre collision,,,,,,,,,,,1,2,1,3.0,6
201400049216,0014-07-31 20:20:00,14,7,31,20,20,202,37,"sans, TOUTES RUES",,,Plein jour,En agglomération,Intersection en X,Normale,Deux véhicules - côté,,,,,,,,,,,1,2,2,1.0,3
201400049217,0014-08-02 03:44:00,14,8,2,3,44,202,33,"193, 193 - RN",,,Nuit avec éclairage allumé,En agglomération,Hors intersection,Normale,Sans collision,,,,,,,,,,,5,2,1,1.0,7
201400049218,0014-08-03 12:15:00,14,8,3,12,15,202,33,"SANS, TOUTES RUES",,,Plein jour,En agglomération,Hors intersection,Normale,Deux véhicules - arrière,,,,,,,,,,,1,2,1,1.0,2
201400049219,0014-08-05 16:25:00,14,8,5,16,25,202,120,"SANS, TOUTES RUES",,,Plein jour,En agglomération,Hors intersection,Normale,Deux véhicules - côté,,,,,,,,,,,1,2,1,1.0,3
201400049220,0014-08-07 12:05:00,14,8,7,12,5,202,37,"SANS, TOUTES RUES",,,Plein jour,En agglomération,Hors intersection,Normale,Autre collision,,,,,,,,,,,1,2,1,1.0,6
201400049221,0014-08-08 08:43:00,14,8,8,8,43,202,37,"SANS, TOUTES RUES",,,Plein jour,En agglomération,Intersection en T,Normale,Trois véhicules et plus - collisions multiples,,,,,,,,,,,1,2,3,1.0,5
201400049222,0014-08-09 11:02:00,14,8,9,11,2,202,37,"SANS, TOUTES RUES",,,Plein jour,En agglomération,Hors intersection,Normale,Trois véhicules et plus - en chaîne,,,,,,,,,,,1,2,1,1.0,4
201400049223,0014-08-11 16:39:00,14,8,11,16,39,202,33,"SANS, CAPITAINE THEN",,,Plein jour,En agglomération,Hors intersection,Normale,Deux véhicules - frontale,,,,,,,,,,,1,2,1,1.0,1
201400049224,0014-08-12 12:48:00,14,8,12,12,48,202,37,"SANS, TOUTES RUES",,,Plein jour,Hors agglomération,Hors intersection,Normale,Deux véhicules - côté,,,,,,,,,,,1,1,1,1.0,3
201400049225,0014-08-13 13:25:00,14,8,13,13,25,202,33,"SANS, IMPERIALE - ROUTE",,,Plein jour,En agglomération,Hors intersection,Normale,Deux véhicules - côté,,,,,,,,,,,1,2,1,1.0,3
201400049226,0014-08-18 11:08:00,14,8,18,11,8,202,33,"SANS, ROUTE ROYALE",,,Plein jour,En agglomération,Hors intersection,Normale,Autre collision,,,,,,,,,,,1,2,1,1.0,6
201400049227,0014-08-20 01:30:00,14,8,20,1,30,202,33,"SANS, TOUTES RUES",,,Nuit avec éclairage allumé,En agglomération,Hors intersection,Normale,Deux véhicules - frontale,,,,,,,,,,,5,2,1,1.0,1
201400049228,0014-08-19 12:30:00,14,8,19,12,30,202,37,"SANS, TOUTES RUES",,,Plein jour,En agglomération,Hors intersection,Normale,Deux véhicules - arrière,,,,,,,,,,,1,2,1,1.0,2
201400049229,0014-08-27 07:40:00,14,8,27,7,40,202,33,"SANS, ANNONCIADE - CHEMI",,,Plein jour,En agglomération,Hors intersection,Normale,Autre collision,,,,,,,,,,,1,2,1,1.0,6
201400049230,0014-08-27 14:15:00,14,8,27,14,15,202,120,"SANS, TOUTES RUES",,,Plein jour,En agglomération,Hors intersection,Normale,Deux véhicules - arrière,,,,,,,,,,,1,2,1,1.0,2
201400049231,0014-08-28 13:30:00,14,8,28,13,30,202,37,"SANS, TOUTES RUES",,,Plein jour,En agglomération,Hors intersection,Normale,Deux véhicules - frontale,,,,,,,,,,,1,2,1,1.0,1
201400049232,0014-08-29 10:00:00,14,8,29,10,0,202,33,"sans, FRANCOIS VITTORI",,,Plein jour,En agglomération,Hors intersection,Normale,Deux véhicules - frontale,,,,,,,,,,,1,2,1,1.0,1
201400049233,0014-08-29 12:10:00,14,8,29,12,10,202,33,GIRAUD - BD GENERAL,,,Plein jour,En agglomération,Hors intersection,Normale,Deux véhicules - frontale,,,,,,,,,,,1,2,1,1.0,1
201400049234,0014-08-29 09:20:00,14,8,29,9,20,202,37,"SANS, TOUTES RUES",,,Plein jour,En agglomération,Hors intersection,Normale,Deux véhicules - arrière,,,,,,,,,,,1,2,1,1.0,2
201400049235,0014-08-29 18:30:00,14,8,29,18,30,202,37,"sans, TOUTES RUES",,,Plein jour,En agglomération,Intersection en T,Normale,Deux véhicules - côté,,,,,,,,,,,1,2,3,1.0,3
201400049236,0014-08-31 18:05:00,14,8,31,18,5,202,37,"SANS, TOUTES RUES",,,Plein jour,Hors agglomération,Hors intersection,Normale,Deux véhicules - arrière,,,,,,,,,,,1,1,1,1.0,2
201400049237,0014-09-04 17:04:00,14,9,4,17,4,202,37,"SANS, TOUTES RUES",,,Plein jour,En agglomération,Hors intersection,Normale,Deux véhicules - arrière,,,,,,,,,,,1,2,1,1.0,2
201400049238,0014-09-07 05:45:00,14,9,7,5,45,202,33,193 - RN,,,Nuit avec éclairage allumé,En agglomération,Hors intersection,Normale,Autre collision,,,,,,,,,,,5,2,1,1.0,6
201400049239,0014-09-08 12:10:00,14,9,8,12,10,202,120,"SANS, TOUTES RUES",,,Plein jour,En agglomération,Hors intersection,Normale,Trois véhicules et plus - en chaîne,,,,,,,,,,,1,2,1,1.0,4
201400049240,0014-09-11 09:05:00,14,9,11,9,5,202,33,"SANS, TOUTES RUES",,,Plein jour,En agglomération,Hors intersection,Pluie légère,Autre collision,,,,,,,,,,,1,2,1,2.0,6
201400049241,0014-09-12 13:25:00,14,9,12,13,25,202,33,"2, GAUDIN - BLD AUGUSTE",,,Plein jour,En agglomération,Hors intersection,Normale,Autre collision,,,,,,,,,,,1,2,1,1.0,6
201400049242,0014-09-12 16:00:00,14,9,12,16,0,202,33,"sans, AGLIANI - CHEMIN D",,,Plein jour,En agglomération,Hors intersection,Normale,Autre collision,,,,,,,,,,,1,2,1,1.0,6
201400049243,0014-09-17 13:50:00,14,9,17,13,50,202,37,"sans, TOUTES RUES",,,Plein jour,Hors agglomération,Hors intersection,Pluie légère,Autre collision,,,,,,,,,,,1,1,1,2.0,6
201400049244,0014-09-17 16:29:00,14,9,17,16,29,202,120,"sans, TOUTES RUES",,,Plein jour,Hors agglomération,Hors intersection,Normale,Deux véhicules - arrière,,,,,,,,,,,1,1,1,1.0,2
201400049245,0014-09-17 18:55:00,14,9,17,18,55,202,120,"sans, TOUTES RUES",,,Plein jour,Hors agglomération,Hors intersection,Normale,Autre collision,,,,,,,,,,,1,1,1,1.0,6
201400049246,0014-09-22 08:17:00,14,9,22,8,17,202,33,"sans, AV DE LA LIBERATIO",,,Plein jour,En agglomération,Hors intersection,Normale,Autre collision,,,,,,,,,,,1,2,1,1.0,6
201400049247,0014-09-23 07:42:00,14,9,23,7,42,202,37,"SANS, TOUTES RUES",,,Plein jour,En agglomération,Hors intersection,Normale,Deux véhicules - arrière,,,,,,,,,,,1,2,1,1.0,2
201400049248,0014-09-25 15:25:00,14,9,25,15,25,202,37,"sans, TOUTES RUES",,,Plein jour,Hors agglomération,Hors intersection,Pluie légère,Autre collision,,,,,,,,,,,1,1,1,2.0,6
201400049249,0014-09-28 13:00:00,14,9,28,13,0,202,353,TOUTES RUES,,,Plein jour,En agglomération,Hors intersection,Normale,Deux véhicules - arrière,,,,,,,,,,,1,2,1,1.0,2
201400049250,0014-09-29 19:11:00,14,9,29,19,11,202,33,"SANS, VEZZANI - RUE CESA",,,Nuit avec éclairage allumé,En agglomération,Hors intersection,Normale,Deux véhicules - arrière,,,,,,,,,,,5,2,1,1.0,2
201400049251,0014-09-30 09:00:00,14,9,30,9,0,202,33,"SANS, TOUTES RUES",,,Plein jour,En agglomération,Hors intersection,Normale,Autre collision,,,,,,,,,,,1,2,1,1.0,6
201400049252,0014-10-01 18:45:00,14,10,1,18,45,202,33,"SANS, AV DE LA LIBERATIO",,,Nuit avec éclairage allumé,En agglomération,Hors intersection,Normale,Deux véhicules - côté,,,,,,,,,,,5,2,1,1.0,3
201400049253,0014-10-02 17:45:00,14,10,2,17,45,202,33,"SANS, ROUTE ROYALE",,,Plein jour,En agglomération,Intersection en T,Normale,Deux véhicules - côté,,,,,,,,,,,1,2,3,1.0,3
201400049254,0014-10-03 13:50:00,14,10,3,13,50,202,33,"SANS, TOUTES RUES",,,Plein jour,En agglomération,Hors intersection,Normale,Trois véhicules et plus - en chaîne,,,,,,,,,,,1,2,1,1.0,4
201400049255,0014-10-06 16:53:00,14,10,6,16,53,202,33,"1, TOUTES RUES",,,Plein jour,En agglomération,Hors intersection,Normale,Autre collision,,,,,,,,,,,1,2,1,1.0,6
201400049256,0014-10-08 04:15:00,14,10,8,4,15,202,33,"SANS, MONTE PIANO -CHEMI",,,Nuit avec éclairage allumé,En agglomération,Hors intersection,Normale,Autre collision,,,,,,,,,,,5,2,1,1.0,6
201400049257,0014-10-08 21:16:00,14,10,8,21,16,202,33,TOUTES RUES,,,Nuit avec éclairage allumé,En agglomération,Hors intersection,Normale,Sans collision,,,,,,,,,,,5,2,1,1.0,7
201400049258,0014-10-08 17:53:00,14,10,8,17,53,202,37,"SANS, TOUTES RUES",,,Plein jour,Hors agglomération,Hors intersection,Normale,Deux véhicules - côté,,,,,,,,,,,1,1,1,1.0,3
201400049259,0014-10-08 18:15:00,14,10,8,18,15,202,33,"2, MIOT - RUE",,,Plein jour,En agglomération,Hors intersection,Normale,Autre collision,,,,,,,,,,,1,2,1,1.0,6
201400049260,0014-10-08 16:20:00,14,10,8,16,20,202,120,"sans, TOUTES RUES",,,Plein jour,Hors agglomération,Hors intersection,Normale,Deux véhicules - arrière,,,,,,,,,,,1,1,1,1.0,2
201400049261,0014-10-09 08:41:00,14,10,9,8,41,202,33,"sans, ROUTE ROYALE",,,Plein jour,En agglomération,Hors intersection,Normale,Autre collision,,,,,,,,,,,1,2,1,1.0,6
201400049262,0014-10-10 14:34:00,14,10,10,14,34,202,37,"sans, TOUTES RUES",,,Plein jour,Hors agglomération,Hors intersection,Normale,Deux véhicules - frontale,,,,,,,,,,,1,1,1,1.0,1
201400049263,0014-10-11 19:35:00,14,10,11,19,35,202,33,"sans, AV DE LA LIBERATIO",,,Nuit avec éclairage allumé,En agglomération,Intersection en T,Normale,Deux véhicules - côté,,,,,,,,,,,5,2,3,1.0,3
201400049264,0014-10-13 16:30:00,14,10,13,16,30,202,33,"sans, 193 - RN",,,Plein jour,En agglomération,Hors intersection,Normale,Trois véhicules et plus - en chaîne,,,,,,,,,,,1,2,1,1.0,4
201400049265,0014-10-16 16:28:00,14,10,16,16,28,202,120,"SANS, TOUTES RUES",,,Plein jour,Hors agglomération,Hors intersection,Normale,Deux véhicules - arrière,,,,,,,,,,,1,1,1,1.0,2
201400049266,0014-10-17 07:06:00,14,10,17,7,6,202,33,"sans, AV DE LA LIBERATIO",,,Crépuscule ou aube,En agglomération,Hors intersection,Normale,Deux véhicules - côté,,,,,,,,,,,2,2,1,1.0,3
201400049267,0014-10-17 17:32:00,14,10,17,17,32,202,33,"SANS, 193 - RN",,,Plein jour,En agglomération,Giratoire,Normale,Deux véhicules - côté,,,,,,,,,,,1,2,6,1.0,3
201400049268,0014-10-18 12:41:00,14,10,18,12,41,202,33,"sans, VEZZANI - RUE CESA",,,Plein jour,En agglomération,Hors intersection,Normale,Trois véhicules et plus - en chaîne,,,,,,,,,,,1,2,1,1.0,4
201400049269,0014-10-19 09:05:00,14,10,19,9,5,202,33,"16, PAOLI DU NR 1 A 20 -",,,Plein jour,En agglomération,Hors intersection,Normale,Autre collision,,,,,,,,,,,1,2,1,1.0,6
201400049270,0014-10-21 15:58:00,14,10,21,15,58,202,37,"sans, TOUTES RUES",,,Plein jour,En agglomération,Giratoire,Normale,Deux véhicules - côté,,,,,,,,,,,1,2,6,1.0,3