accident_id,datetime,annee,mois,jour,heure,minute,departement,commune_insee,adresse,latitude,longitude,luminosite,agglomeration,intersection,meteo,collision,nb_vehicules,nb_usagers,nb_indemnes,nb_tues,nb_blesses_hosp,nb_blesses_legers,age_cond_1,age_cond_2,veh_type_cond_1,veh_type_cond_2,lum_code,agg_code,int_code,atm_code,col_code
201400049271,0014-10-22 06:45:00,14,10,22,6,45,202,33,"sans, 193 - RN",,,Crépuscule ou aube,En agglomération,Giratoire,Normale,Deux véhicules - côté,,,,,,,,,,,2,2,6,1.0,3
201400049272,0014-10-23 13:41:00,14,10,23,13,41,202,33,"sans, NOGUES",,,Plein jour,En agglomération,Hors intersection,Normale,Autre collision,,,,,,,,,,,1,2,1,1.0,6
201400049273,0014-10-26 19:35:00,14,10,26,19,35,202,33,"SANS, FRANCOIS VITTORI",,,Nuit avec éclairage allumé,En agglomération,Hors intersection,Normale,Trois véhicules et plus - collisions multiples,,,,,,,,,,,5,2,1,1.0,5
201400049274,0014-10-26 22:00:00,14,10,26,22,0,202,37,"SANS, TOUTES RUES",,,Nuit avec éclairage allumé,En agglomération,Hors intersection,Normale,Trois véhicules et plus - collisions multiples,,,,,,,,,,,5,2,1,1.0,5
201400049275,0014-10-31 12:10:00,14,10,31,12,10,202,33,"SANS, CAPITAINE THEN",,,Plein jour,En agglomération,Intersection en X,Normale,Deux véhicules - frontale,,,,,,,,,,,1,2,2,1.0,1
201400049276,0014-11-01 12:36:00,14,11,1,12,36,202,33,"sans, PAOLI DU NR 1 A 20",,,Plein jour,En agglomération,Hors intersection,Normale,Autre collision,,,,,,,,,,,1,2,1,1.0,6
201400049277,0014-11-01 15:17:00,14,11,1,15,17,202,120,"SANS, TOUTES RUES",,,Plein jour,En agglomération,Giratoire,Normale,Deux véhicules - côté,,,,,,,,,,,1,2,6,1.0,3
201400049278,0014-11-02 17:36:00,14,11,2,17,36,202,33,"sans, 193 - RN",,,Plein jour,En agglomération,Hors intersection,Normale,Deux véhicules - arrière,,,,,,,,,,,1,2,1,1.0,2
201400049279,0014-11-04 21:05:00,14,11,4,21,5,202,33,"sans, TUNNEL",,,Nuit avec éclairage allumé,En agglomération,Hors intersection,Normale,Deux véhicules - frontale,,,,,,,,,,,5,2,1,1.0,1
201400049280,0014-11-05 17:15:00,14,11,5,17,15,202,33,"SANS, ROUTE ROYALE",,,Plein jour,En agglomération,Hors intersection,Pluie forte,Deux véhicules - frontale,,,,,,,,,,,1,2,1,3.0,1
201400049281,0014-11-06 15:11:00,14,11,6,15,11,202,120,"SANS, TOUTES RUES",,,Plein jour,En agglomération,Hors intersection,Pluie forte,Autre collision,,,,,,,,,,,1,2,1,3.0,6
201400049282,0014-11-10 14:40:00,14,11,10,14,40,202,33,"SANS, COL DE TEGHIME",,,Plein jour,Hors agglomération,Hors intersection,Pluie légère,Autre collision,,,,,,,,,,,1,1,1,2.0,6
201400049283,0014-11-10 21:43:00,14,11,10,21,43,202,33,"sans, TOUTES RUES",,,Nuit avec éclairage allumé,En agglomération,Hors intersection,Pluie forte,Autre collision,,,,,,,,,,,5,2,1,3.0,6
201400049284,0014-11-11 01:12:00,14,11,11,1,12,202,37,TOUTES RUES,,,Nuit avec éclairage allumé,En agglomération,Hors intersection,Normale,Autre collision,,,,,,,,,,,5,2,1,1.0,6
201400049285,0014-11-11 04:25:00,14,11,11,4,25,202,33,"sans, FRANCOIS VITTORI",,,Nuit avec éclairage allumé,En agglomération,Intersection en X,Normale,Deux véhicules - côté,,,,,,,,,,,5,2,2,1.0,3
201400049286,0014-11-12 10:43:00,14,11,12,10,43,202,33,"1, MIOT - RUE",,,Plein jour,En agglomération,Hors intersection,Normale,Autre collision,,,,,,,,,,,1,2,1,1.0,6
201400049287,0014-11-17 10:50:00,14,11,17,10,50,202,33,"sans, TOUTES RUES",,,Plein jour,En agglomération,Hors intersection,Normale,Deux véhicules - côté,,,,,,,,,,,1,2,1,1.0,3
201400049288,0014-11-17 17:10:00,14,11,17,17,10,202,33,"SANS, TOUTES RUES",,,Nuit avec éclairage allumé,En agglomération,Hors intersection,Pluie légère,Autre collision,,,,,,,,,,,5,2,1,2.0,6
201400049289,0014-11-20 13:40:00,14,11,20,13,40,202,33,"SANS, AV DE LA LIBERATIO",,,Plein jour,En agglomération,Hors intersection,Normale,Autre collision,,,,,,,,,,,1,2,1,1.0,6
201400049290,0014-11-24 13:40:00,14,11,24,13,40,202,33,"sans, ROUTE ROYALE",,,Plein jour,En agglomération,Hors intersection,Normale,Autre collision,,,,,,,,,,,1,2,1,1.0,6
201400049291,0014-11-27 14:00:00,14,11,27,14,0,202,33,"2, TOUTES RUES",,,Plein jour,En agglomération,Hors intersection,Normale,Autre collision,,,,,,,,,,,1,2,1,1.0,6
201400049292,0014-11-30 05:05:00,14,11,30,5,5,202,33,"SANS, FRONT DE MER - ROU",,,Nuit avec éclairage allumé,En agglomération,Hors intersection,Pluie forte,Deux véhicules - frontale,,,,,,,,,,,5,2,1,3.0,1
201400049293,0014-12-01 15:13:00,14,12,1,15,13,202,37,"SANS, TOUTES RUES",,,Plein jour,Hors agglomération,Hors intersection,Normale,Autre collision,,,,,,,,,,,1,1,1,1.0,6
201400049294,0014-12-01 17:05:00,14,12,1,17,5,202,33,"SANS, TOUTES RUES",,,Nuit avec éclairage allumé,En agglomération,Hors intersection,Pluie légère,Deux véhicules - arrière,,,,,,,,,,,5,2,1,2.0,2
201400049295,0014-12-03 18:05:00,14,12,3,18,5,202,37,TOUTES RUES,,,Nuit avec éclairage allumé,En agglomération,Hors intersection,Normale,Trois véhicules et plus - en chaîne,,,,,,,,,,,5,2,1,1.0,4
201400049296,0014-12-03 21:20:00,14,12,3,21,20,202,120,"SANS, TOUTES RUES",,,Nuit sans éclairage public,En agglomération,Hors intersection,Normale,Autre collision,,,,,,,,,,,3,2,1,1.0,6
201400049297,0014-12-05 20:20:00,14,12,5,20,20,202,37,"SANS, TOUTES RUES",,,Nuit avec éclairage allumé,Hors agglomération,Hors intersection,Normale,Deux véhicules - arrière,,,,,,,,,,,5,1,1,1.0,2
201400049298,0014-12-05 13:50:00,14,12,5,13,50,202,33,"8, VINCETTI - PLACE",,,Plein jour,En agglomération,Hors intersection,Pluie légère,Autre collision,,,,,,,,,,,1,2,1,2.0,6
201400049299,0014-12-06 12:30:00,14,12,6,12,30,202,120,"sans, TOUTES RUES",,,Plein jour,En agglomération,Hors intersection,Normale,Deux véhicules - arrière,,,,,,,,,,,1,2,1,1.0,2
201400049300,0014-12-07 06:15:00,14,12,7,6,15,202,33,"SANS, ROUTE ROYALE",,,Nuit avec éclairage allumé,En agglomération,Hors intersection,Normale,Deux véhicules - frontale,,,,,,,,,,,5,2,1,1.0,1
201400049301,0014-12-04 10:05:00,14,12,4,10,5,202,33,"SANS, ROUTE ROYALE",,,Plein jour,En agglomération,Hors intersection,Normale,Trois véhicules et plus - en chaîne,,,,,,,,,,,1,2,1,1.0,4
201400049302,0014-12-08 16:20:00,14,12,8,16,20,202,33,"SANS, ROUTE ROYALE",,,Plein jour,En agglomération,Hors intersection,Normale,Trois véhicules et plus - en chaîne,,,,,,,,,,,1,2,1,1.0,4
201400049303,0014-12-09 13:20:00,14,12,9,13,20,202,33,"SANS, FRONT DE MER - ROU",,,Plein jour,En agglomération,Hors intersection,Normale,Deux véhicules - arrière,,,,,,,,,,,1,2,1,1.0,2
201400049304,0014-12-10 17:30:00,14,12,10,17,30,202,33,"2, ANNONCIADE - CHEMIN D",,,Plein jour,En agglomération,Hors intersection,Normale,Autre collision,,,,,,,,,,,1,2,1,1.0,6
201400049305,0014-12-11 12:40:00,14,12,11,12,40,202,33,"SANS, PAOLI DU NR 1 A 20",,,Plein jour,En agglomération,Hors intersection,Normale,Autre collision,,,,,,,,,,,1,2,1,1.0,6
201400049306,0014-12-11 12:30:00,14,12,11,12,30,202,120,"sans, TOUTES RUES",,,Plein jour,En agglomération,Hors intersection,Normale,Trois véhicules et plus - en chaîne,,,,,,,,,,,1,2,1,1.0,4
201400049307,0014-12-14 19:20:00,14,12,14,19,20,202,33,"SANS, AV DE LA LIBERATIO",,,Nuit avec éclairage allumé,En agglomération,Hors intersection,Normale,Deux véhicules - côté,,,,,,,,,,,5,2,1,1.0,3
201400049308,0014-12-13 18:59:00,14,12,13,18,59,202,33,"SANS, AV DE LA LIBERATIO",,,Nuit avec éclairage allumé,En agglomération,Hors intersection,Normale,Deux véhicules - arrière,,,,,,,,,,,5,2,1,1.0,2
201400049309,0014-12-15 12:40:00,14,12,15,12,40,202,37,"sans, TOUTES RUES",,,Plein jour,En agglomération,Hors intersection,Normale,Autre collision,,,,,,,,,,,1,2,1,1.0,6
201400049310,0014-12-15 12:45:00,14,12,15,12,45,202,33,"sans, FRONT DE MER - ROU",,,Plein jour,En agglomération,Hors intersection,Normale,Trois véhicules et plus - collisions multiples,,,,,,,,,,,1,2,1,1.0,5
201400049311,0014-12-16 08:38:00,14,12,16,8,38,202,120,"SANS, TOUTES RUES",,,Plein jour,En agglomération,Intersection en T,Pluie forte,Deux véhicules - côté,,,,,,,,,,,1,2,3,3.0,3
201400049312,0014-12-19 17:12:00,14,12,19,17,12,202,120,"SANS, TOUTES RUES",,,Plein jour,En agglomération,Hors intersection,Normale,Trois véhicules et plus - collisions multiples,,,,,,,,,,,1,2,1,1.0,5
201400049313,0014-12-19 17:57:00,14,12,19,17,57,202,37,"sans, TOUTES RUES",,,Nuit avec éclairage allumé,En agglomération,Hors intersection,Pluie légère,Deux véhicules - côté,,,,,,,,,,,5,2,1,2.0,3
201400049314,0014-12-19 20:23:00,14,12,19,20,23,202,33,"sans, ROUTE ROYALE",,,Nuit avec éclairage allumé,En agglomération,Hors intersection,Normale,Deux véhicules - frontale,,,,,,,,,,,5,2,1,1.0,1
201400049315,0014-12-21 14:40:00,14,12,21,14,40,202,33,"sans, CAPITAINE THEN",,,Plein jour,En agglomération,Hors intersection,Normale,Deux véhicules - frontale,,,,,,,,,,,1,2,1,1.0,1
201400049316,0014-12-22 17:55:00,14,12,22,17,55,202,33,"SANS, TOUTES RUES",,,Nuit avec éclairage allumé,En agglomération,Hors intersection,Normale,Autre collision,,,,,,,,,,,5,2,1,1.0,6
201400049317,0014-12-23 09:20:00,14,12,23,9,20,202,33,"sans, MISERICORDE - RUE",,,Plein jour,En agglomération,Hors intersection,Normale,Autre collision,,,,,,,,,,,1,2,1,1.0,6
201400049318,0014-12-24 18:05:00,14,12,24,18,5,202,33,"31, GRAZIANI - BLD",,,Nuit avec éclairage allumé,En agglomération,Hors intersection,Normale,Autre collision,,,,,,,,,,,5,2,1,1.0,6
201400049319,0014-12-27 17:48:00,14,12,27,17,48,202,33,"SANS, ROUTE ROYALE",,,Nuit avec éclairage allumé,En agglomération,Hors intersection,Pluie forte,Autre collision,,,,,,,,,,,5,2,1,3.0,6
201400049320,0014-01-07 09:00:00,14,1,7,9,0,690,382,SQUARE JULIEN GRAS,,,Plein jour,En agglomération,Hors intersection,Normale,Deux véhicules - côté,,,,,,,,,,,1,2,1,1.0,3
201400049321,0014-01-08 13:50:00,14,1,8,13,50,690,382,"11, PRESIDENT CARNOT (DU",,,Plein jour,En agglomération,Hors intersection,Normale,Autre collision,,,,,,,,,,,1,2,1,1.0,6
201400049322,0014-01-10 13:10:00,14,1,10,13,10,690,382,"5, RUE NEUVE",,,Plein jour,En agglomération,Hors intersection,Normale,Autre collision,,,,,,,,,,,1,2,1,1.0,6
201400049323,0014-01-11 20:20:00,14,1,11,20,20,690,382,QUAI JEAN MOULIN,,,Nuit avec éclairage allumé,En agglomération,Hors intersection,Normale,Deux véhicules - arrière,,,,,,,,,,,5,2,1,1.0,2
201400049324,0014-01-11 19:35:00,14,1,11,19,35,690,382,"27, JULES COURMONT",,,Nuit avec éclairage allumé,En agglomération,Intersection en X,Normale,Deux véhicules - côté,,,,,,,,,,,5,2,2,1.0,3
201400049325,0014-01-20 09:45:00,14,1,20,9,45,690,382,RUE GRENETTE,,,Plein jour,En agglomération,Autre intersection,Normale,Deux véhicules - côté,,,,,,,,,,,1,2,9,1.0,3
201400049326,0014-01-27 12:59:00,14,1,27,12,59,690,382,PLACE ANTONIN PONCET,,,Plein jour,En agglomération,Autre intersection,Normale,Autre collision,,,,,,,,,,,1,2,9,1.0,6
201400049327,0014-07-10 17:10:00,14,7,10,17,10,690,282,"0, RUE JEAN JAURES",,,Plein jour,En agglomération,Hors intersection,Pluie légère,Autre collision,,,,,,,,,,,1,2,1,2.0,6
201400049328,0014-01-31 12:32:00,14,1,31,12,32,690,382,PONT BONAPARTE,,,Plein jour,En agglomération,Hors intersection,Pluie légère,Autre collision,,,,,,,,,,,1,2,1,2.0,6
201400049329,0014-07-24 11:00:00,14,7,24,11,0,690,282,"., RUE DE LA REPUBLIQUE",,,Plein jour,En agglomération,Intersection en X,Normale,Autre collision,,,,,,,,,,,1,2,2,1.0,6
201400049330,0014-02-01 17:20:00,14,2,1,17,20,690,382,QUAI PERRACHE,,,Nuit avec éclairage non allumé,En agglomération,Intersection en T,Pluie forte,Trois véhicules et plus - collisions multiples,,,,,,,,,,,4,2,3,3.0,5
201400049331,0014-02-04 10:20:00,14,2,4,10,20,690,382,"55, AUGUSTE COMTE",,,Plein jour,En agglomération,Hors intersection,Normale,Autre collision,,,,,,,,,,,1,2,1,1.0,6
201400049332,0014-02-05 12:10:00,14,2,5,12,10,690,382,QUAI JULES COURMONT,,,Plein jour,En agglomération,Hors intersection,Pluie légère,Sans collision,,,,,,,,,,,1,2,1,2.0,7
201400049333,0014-02-08 20:11:00,14,2,8,20,11,690,382,"14, FERRANDIERE (DE LA)",,,Nuit avec éclairage allumé,En agglomération,Intersection en X,Normale,Deux véhicules - côté,,,,,,,,,,,5,2,2,1.0,3
201400049334,0014-02-12 14:10:00,14,2,12,14,10,690,382,"32, QUAI PERRACHE",,,Plein jour,En agglomération,Hors intersection,Normale,Deux véhicules - côté,,,,,,,,,,,1,2,1,1.0,3
201400049335,0014-02-14 18:50:00,14,2,14,18,50,690,382,"5, BELLECOUR",,,Nuit avec éclairage allumé,En agglomération,Hors intersection,Normale,Deux véhicules - arrière,,,,,,,,,,,5,2,1,1.0,2
201400049336,0014-02-21 18:55:00,14,2,21,18,55,690,382,"44, CHARLEMAGNE",,,Nuit avec éclairage allumé,En agglomération,Hors intersection,Normale,Autre collision,,,,,,,,,,,5,2,1,1.0,6
201400049337,0014-03-14 13:25:00,14,3,14,13,25,690,382,"26, BELLECOUR",,,Plein jour,En agglomération,Hors intersection,Normale,Autre collision,,,,,,,,,,,1,2,1,1.0,6
201400049338,0014-03-07 00:25:00,14,3,7,0,25,690,382,"40, JULES COURMONT",,,Nuit avec éclairage allumé,En agglomération,Hors intersection,Normale,Autre collision,,,,,,,,,,,5,2,1,1.0,6
201400049339,0014-03-15 18:00:00,14,3,15,18,0,690,382,"3, MARECHAL JOFFRE (DU)",,,Plein jour,En agglomération,Hors intersection,Normale,Autre collision,,,,,,,,,,,1,2,1,1.0,6
201400049340,0014-03-18 09:00:00,14,3,18,9,0,690,382,"4, COURS DE VERDUN RAMBA",,,Plein jour,En agglomération,Hors intersection,Normale,Trois véhicules et plus - en chaîne,,,,,,,,,,,1,2,1,1.0,4
201400049341,0014-03-23 00:35:00,14,3,23,0,35,690,382,"1, BELLECOUR",,,Nuit avec éclairage allumé,En agglomération,Hors intersection,Normale,Deux véhicules - côté,,,,,,,,,,,5,2,1,1.0,3
201400049342,0014-03-23 05:50:00,14,3,23,5,50,690,382,"12, RUE DU PLAT",,,Nuit avec éclairage allumé,En agglomération,Hors intersection,Normale,Autre collision,,,,,,,,,,,5,2,1,1.0,6
201400049343,0014-03-27 18:35:00,14,3,27,18,35,690,382,"2, CORDELIERS (DES)",,,Plein jour,En agglomération,Hors intersection,Normale,Deux véhicules - côté,,,,,,,,,,,1,2,1,1.0,3
201400049344,0014-04-02 17:00:00,14,4,2,17,0,690,382,"20, QUAI DOCTEUR GAILLET",,,Plein jour,En agglomération,Hors intersection,Normale,Deux véhicules - arrière,,,,,,,,,,,1,2,1,1.0,2
201400049345,0014-04-10 11:10:00,14,4,10,11,10,690,382,"26, BELLECOUR",,,Plein jour,En agglomération,Hors intersection,Normale,Autre collision,,,,,,,,,,,1,2,1,1.0,6
201400049346,0014-04-16 17:55:00,14,4,16,17,55,690,382,"112, PAUL MONTROCHET",,,Plein jour,En agglomération,Hors intersection,Normale,Autre collision,,,,,,,,,,,1,2,1,1.0,6
201400049347,0014-04-06 05:45:00,14,4,6,5,45,690,382,"26, BELLECOUR",,,Nuit avec éclairage allumé,En agglomération,Hors intersection,Normale,Autre collision,,,,,,,,,,,5,2,1,1.0,6
201400049348,0014-04-17 08:50:00,14,4,17,8,50,690,382,DOCTEUR GAILLETON (DU),,,Plein jour,En agglomération,Intersection en T,Normale,Deux véhicules - côté,,,,,,,,,,,1,2,3,1.0,3
201400049349,0014-04-23 12:15:00,14,4,23,12,15,690,382,"50, CHARLEMAGNE",,,Plein jour,En agglomération,Hors intersection,Normale,Sans collision,,,,,,,,,,,1,2,1,1.0,7
201400049350,0014-05-05 09:50:00,14,5,5,9,50,690,382,BARRE (DE LA),,,Plein jour,En agglomération,Hors intersection,Normale,Autre collision,,,,,,,,,,,1,2,1,1.0,6
201400049351,0014-05-11 23:30:00,14,5,11,23,30,690,382,"10, CELESTINS (DES)",,,Nuit avec éclairage allumé,En agglomération,Hors intersection,Normale,Autre collision,,,,,,,,,,,5,2,1,1.0,6
201400049352,0014-05-13 15:20:00,14,5,13,15,20,690,382,"57, PRESIDENT EDOUARD HE",,,Plein jour,En agglomération,Hors intersection,Pluie légère,Autre collision,,,,,,,,,,,1,2,1,2.0,6
201400049353,0014-05-17 04:00:00,14,5,17,4,0,690,382,PONT DE LA GUILLOTIERE,,,Nuit avec éclairage allumé,En agglomération,Hors intersection,Normale,Deux véhicules - arrière,,,,,,,,,,,5,2,1,1.0,2
201400049354,0014-05-25 11:45:00,14,5,25,11,45,690,382,"40, DOCTEUR GAILLETON (D",,,Crépuscule ou aube,En agglomération,Hors intersection,Normale,Trois véhicules et plus - en chaîne,,,,,,,,,,,2,2,1,1.0,4
201400049355,0014-06-03 10:50:00,14,6,3,10,50,690,382,AUGUSTE COMTE,,,Plein jour,En agglomération,Hors intersection,Normale,Autre collision,,,,,,,,,,,1,2,1,1.0,6
201400049356,0014-06-03 19:00:00,14,6,3,19,0,690,382,"56, RUE PRESIDENT EDOUAR",,,Plein jour,En agglomération,Hors intersection,Normale,Autre collision,,,,,,,,,,,1,2,1,1.0,6
201400049357,0014-06-04 15:35:00,14,6,4,15,35,690,382,"8, BELLECOUR",,,Plein jour,En agglomération,Hors intersection,Pluie légère,Deux véhicules - arrière,,,,,,,,,,,1,2,1,2.0,2
201400049358,0014-06-14 01:15:00,14,6,14,1,15,690,382,RUE TUPIN,,,Nuit avec éclairage allumé,En agglomération,Intersection en T,Normale,Deux véhicules - côté,,,,,,,,,,,5,2,3,1.0,3
201400049359,0014-06-17 16:40:00,14,6,17,16,40,690,382,"95, RUE PRESIDENT EDOUAR",,,Plein jour,En agglomération,Hors intersection,Normale,Autre collision,,,,,,,,,,,1,2,1,1.0,6
201400049360,0014-06-14 04:25:00,14,6,14,4,25,690,382,"80, PRESIDENT EDOUARD HE",,,Nuit avec éclairage allumé,En agglomération,Hors intersection,Normale,Autre collision,,,,,,,,,,,5,2,1,1.0,6
201400049361,0014-06-20 10:05:00,14,6,20,10,5,690,382,"SANS, TREMIE 7 DU CENTRE",,,Plein jour,En agglomération,Hors intersection,Normale,Deux véhicules - côté,,,,,,,,,,,1,2,1,1.0,3
201400049362,0014-06-21 22:45:00,14,6,21,22,45,690,382,"55, CHARITE (DE LA)",,,Nuit avec éclairage allumé,En agglomération,Intersection en X,Normale,Autre collision,,,,,,,,,,,5,2,2,1.0,6
201400049363,0014-06-25 17:20:00,14,6,25,17,20,690,382,"BORNE 7 4, PERRACHE",,,Plein jour,En agglomération,Hors intersection,Normale,Deux véhicules - arrière,,,,,,,,,,,1,2,1,1.0,2
201400049364,0014-06-27 19:30:00,14,6,27,19,30,690,382,"26, DELANDINE",,,Plein jour,En agglomération,Intersection en X,Normale,Deux véhicules - côté,,,,,,,,,,,1,2,2,1.0,3
201400049365,0014-07-01 21:05:00,14,7,1,21,5,690,382,"13, JEAN MOULIN",,,Nuit avec éclairage allumé,En agglomération,Hors intersection,Normale,Deux véhicules - arrière,,,,,,,,,,,5,2,1,1.0,2
201400049366,0014-07-05 16:10:00,14,7,5,16,10,690,382,"SANS, PONT DE LA GUILLOT",,,Plein jour,En agglomération,Hors intersection,Normale,Trois véhicules et plus - en chaîne,,,,,,,,,,,1,2,1,1.0,4
201400049367,0014-07-17 10:15:00,14,7,17,10,15,690,382,"1, PLACE DE L'HOPITAL",,,Plein jour,En agglomération,Hors intersection,Normale,Autre collision,,,,,,,,,,,1,2,1,1.0,6
201400049368,0014-07-18 10:50:00,14,7,18,10,50,690,382,"112, CHARLEMAGNE",,,Plein jour,En agglomération,Hors intersection,Normale,Deux véhicules - côté,,,,,,,,,,,1,2,1,1.0,3
201400049369,0014-07-21 17:30:00,14,7,21,17,30,690,382,"12, PERRACHE",,,Plein jour,En agglomération,Hors intersection,Pluie légère,Deux véhicules - arrière,,,,,,,,,,,1,2,1,2.0,2
201400049370,0014-07-29 02:05:00,14,7,29,2,5,690,382,"4, CARNOT",,,Nuit avec éclairage allumé,En agglomération,Intersection en T,Pluie légère,Deux véhicules - côté,,,,,,,,,,,5,2,3,2.0,3
201400049371,0014-08-02 18:50:00,14,8,2,18,50,690,382,"3, BARRE (DE LA)",,,Plein jour,En agglomération,Hors intersection,Normale,Autre collision,,,,,,,,,,,1,2,1,1.0,6
201400049372,0014-08-06 17:10:00,14,8,6,17,10,690,382,RUE DENUZIERE,,,Plein jour,En agglomération,Intersection en X,Normale,Deux véhicules - côté,,,,,,,,,,,1,2,2,1.0,3
201400049373,0014-07-26 01:19:00,14,7,26,1,19,690,382,"38, RAMBAUD",,,Nuit avec éclairage allumé,En agglomération,Hors intersection,Pluie forte,Sans collision,,,,,,,,,,,5,2,1,3.0,7
201400049374,0014-08-27 14:08:00,14,8,27,14,8,690,382,PERRACHE,,,Plein jour,En agglomération,Hors intersection,Normale,Trois véhicules et plus - en chaîne,,,,,,,,,,,1,2,1,1.0,4
201400049375,0014-08-31 01:45:00,14,8,31,1,45,690,382,PERRACHE,,,Nuit avec éclairage allumé,En agglomération,Intersection en T,Normale,Deux véhicules - côté,,,,,,,,,,,5,2,3,1.0,3
201400049376,0014-08-26 15:50:00,14,8,26,15,50,690,382,"85, CHARLEMAGNE",,,Plein jour,En agglomération,Hors intersection,Normale,Deux véhicules - arrière,,,,,,,,,,,1,2,1,1.0,2
201400049377,0014-09-07 04:10:00,14,9,7,4,10,690,382,"13, JEAN MOULIN",,,Nuit avec éclairage allumé,En agglomération,Hors intersection,Normale,Autre collision,,,,,,,,,,,5,2,1,1.0,6
201400049378,0014-09-11 12:50:00,14,9,11,12,50,690,382,"1, JULIEN GRAS",,,Plein jour,En agglomération,Hors intersection,Normale,Deux véhicules - côté,,,,,,,,,,,1,2,1,1.0,3
201400049379,0014-09-16 14:50:00,14,9,16,14,50,690,382,"53, PLACE DE LA REPUBLIQ",,,Plein jour,En agglomération,Hors intersection,Normale,Deux véhicules - côté,,,,,,,,,,,1,2,1,1.0,3
201400049380,0014-09-19 15:18:00,14,9,19,15,18,690,382,"11, PLACE BELLECOUR",,,Plein jour,En agglomération,Hors intersection,Normale,Autre collision,,,,,,,,,,,1,2,1,1.0,6
201400049381,0014-09-19 20:15:00,14,9,19,20,15,690,382,"29, QUAI DOCTEUR GAILLET",,,Nuit avec éclairage allumé,En agglomération,Hors intersection,Normale,Autre collision,,,,,,,,,,,5,2,1,1.0,6
201400049382,0014-09-20 18:00:00,14,9,20,18,0,690,382,"72, CHARLEMAGNE",,,Plein jour,En agglomération,Hors intersection,Normale,Autre collision,,,,,,,,,,,1,2,1,1.0,6
201400049383,0014-12-01 07:30:00,14,12,1,7,30,690,382,RUE CASIMIR PERIER,,,Crépuscule ou aube,En agglomération,Hors intersection,Pluie légère,Autre collision,,,,,,,,,,,2,2,1,2.0,6
201400049384,0014-09-23 12:15:00,14,9,23,12,15,690,382,"8, QUAI DES CELESTINS",,,Plein jour,En agglomération,Hors intersection,Normale,Autre collision,,,,,,,,,,,1,2,1,1.0,6
201400049385,0014-09-25 20:00:00,14,9,25,20,0,690,382,QUAI PERRACHE,,,Nuit avec éclairage allumé,En agglomération,Intersection en T,Normale,Deux véhicules - côté,,,,,,,,,,,5,2,3,1.0,3
201400049386,0014-09-27 05:45:00,14,9,27,5,45,690,382,TREMIE 6 DU CENTRE D ECH,,,Nuit avec éclairage allumé,En agglomération,Hors intersection,Normale,Autre collision,,,,,,,,,,,5,2,1,1.0,6
201400049387,0014-09-29 09:35:00,14,9,29,9,35,690,382,COURS CHARLEMAGNE,,,Plein jour,En agglomération,Intersection en X,Pluie légère,Deux véhicules - côté,,,,,,,,,,,1,2,2,2.0,3
201400049388,0014-09-30 13:00:00,14,9,30,13,0,690,382,"37, QUAI DOCTEUR GAILLET",,,Plein jour,En agglomération,Hors intersection,Normale,Trois véhicules et plus - collisions multiples,,,,,,,,,,,1,2,1,1.0,5
201400049389,0014-12-18 07:05:00,14,12,18,7,5,690,382,"13, PLACE BELLECOUR",,,Nuit avec éclairage allumé,En agglomération,Hors intersection,Normale,Autre collision,,,,,,,,,,,5,2,1,1.0,6
201400049390,0014-10-01 15:30:00,14,10,1,15,30,690,382,RUE TUPIN,,,Plein jour,En agglomération,Hors intersection,Normale,Autre collision,,,,,,,,,,,1,2,1,1.0,6
201400049391,0014-10-11 10:15:00,14,10,11,10,15,690,382,"44, COURS CHARLEMAGNE",,,Plein jour,En agglomération,Hors intersection,Normale,Deux véhicules - arrière,,,,,,,,,,,1,2,1,1.0,2
201400049392,0014-10-12 00:50:00,14,10,12,0,50,690,382,RUE DES ARCHERS,,,Nuit avec éclairage allumé,En agglomération,Intersection en X,Normale,Deux véhicules - côté,,,,,,,,,,,5,2,2,1.0,3
201400049393,0014-10-16 18:20:00,14,10,16,18,20,690,382,"27, JEAN MOULIN",,,Plein jour,En agglomération,Hors intersection,Normale,Autre collision,,,,,,,,,,,1,2,1,1.0,6
201400049394,0014-11-12 21:05:00,14,11,12,21,5,690,382,"42, CONDE (DE)",,,Nuit avec éclairage allumé,En agglomération,Hors intersection,Pluie légère,Autre collision,,,,,,,,,,,5,2,1,2.0,6
201400049395,0014-11-13 08:54:00,14,11,13,8,54,690,382,"15, PLACE CARNOT",,,Plein jour,En agglomération,Hors intersection,Temps couvert,Sans collision,,,,,,,,,,,1,2,1,8.0,7
201400049396,0014-11-21 23:00:00,14,11,21,23,0,690,382,DOCTEUR GAILLETON (DU),,,Nuit avec éclairage allumé,En agglomération,Hors intersection,Normale,Deux véhicules - arrière,,,,,,,,,,,5,2,1,1.0,2
201400049397,0014-11-26 07:15:00,14,11,26,7,15,690,382,"26, QUAI DOCTEUR GAILLET",,,Crépuscule ou aube,En agglomération,Hors intersection,Temps couvert,Deux véhicules - côté,,,,,,,,,,,2,2,1,8.0,3
201400049398,0014-12-02 12:20:00,14,12,2,12,20,690,382,"14, RUE DU PLAT",,,Plein jour,En agglomération,Hors intersection,Normale,Autre collision,,,,,,,,,,,1,2,1,1.0,6
201400049399,0014-12-09 08:04:00,14,12,9,8,4,690,382,"19, PLACE BELLECOUR",,,Plein jour,En agglomération,Hors intersection,Normale,Autre collision,,,,,,,,,,,1,2,1,1.0,6