accident_id,datetime,annee,mois,jour,heure,minute,departement,commune_insee,adresse,latitude,longitude,luminosite,agglomeration,intersection,meteo,collision,nb_vehicules,nb_usagers,nb_indemnes,nb_tues,nb_blesses_hosp,nb_blesses_legers,age_cond_1,age_cond_2,veh_type_cond_1,veh_type_cond_2,lum_code,agg_code,int_code,atm_code,col_code
201400049531,0014-10-13 16:15:00,14,10,13,16,15,590,606,AUTOROUTE A23,,,Plein jour,Hors agglomération,Hors intersection,Normale,Deux véhicules - arrière,,,,,,,,,,,1,1,1,1.0,2
201400049532,0014-10-14 13:00:00,14,10,14,13,0,590,507,AUTOROUTE A1,,,Plein jour,Hors agglomération,Hors intersection,Normale,Autre collision,,,,,,,,,,,1,1,1,1.0,6
201400049533,0014-10-15 04:40:00,14,10,15,4,40,590,260,AUTOROUTE A16,,,Nuit avec éclairage allumé,Hors agglomération,Hors intersection,Normale,Trois véhicules et plus - collisions multiples,,,,,,,,,,,5,1,1,1.0,5
201400049534,0014-10-17 07:10:00,14,10,17,7,10,590,431,AUTOROUTE A25,,,Nuit sans éclairage public,Hors agglomération,Hors intersection,Normale,Autre collision,,,,,,,,,,,3,1,1,1.0,6
201400049535,0014-10-19 06:00:00,14,10,19,6,0,590,426,AUTOROUTE A22,,,Nuit avec éclairage allumé,Hors agglomération,Hors intersection,Normale,Sans collision,,,,,,,,,,,5,1,1,1.0,7
201400049536,0014-10-21 03:50:00,14,10,21,3,50,620,548,AUTOROUTE A16,,,Nuit sans éclairage public,Hors agglomération,Hors intersection,Temps couvert,Sans collision,,,,,,,,,,,3,1,1,8.0,7
201400049537,0014-10-23 08:00:00,14,10,23,8,0,590,560,AUTOROUTE A1,,,Nuit sans éclairage public,Hors agglomération,Hors intersection,Normale,Sans collision,,,,,,,,,,,3,1,1,1.0,7
201400049538,0014-10-25 01:30:00,14,10,25,1,30,590,195,ROUTE DEPARTEMENTALE 652,,,Nuit avec éclairage allumé,Hors agglomération,Hors intersection,Normale,Sans collision,,,,,,,,,,,5,1,1,1.0,7
201400049539,0014-10-26 11:20:00,14,10,26,11,20,590,449,AUTOROUTE A23,,,Plein jour,Hors agglomération,Hors intersection,Normale,Sans collision,,,,,,,,,,,1,1,1,1.0,7
201400049540,0014-10-29 17:00:00,14,10,29,17,0,590,195,AUTOROUTE A25,,,Plein jour,Hors agglomération,Hors intersection,Normale,Sans collision,,,,,,,,,,,1,1,1,1.0,7
201400049541,0014-11-01 10:45:00,14,11,1,10,45,590,124,AUTOROUTE A27,,,Plein jour,Hors agglomération,Hors intersection,Temps éblouissant,Deux véhicules - arrière,,,,,,,,,,,1,1,1,7.0,2
201400049542,0014-11-01 13:40:00,14,11,1,13,40,590,560,AUTOROUTE A1,,,Plein jour,Hors agglomération,Hors intersection,Normale,Deux véhicules - arrière,,,,,,,,,,,1,1,1,1.0,2
201400049543,0014-11-04 07:45:00,14,11,4,7,45,590,646,ROUTE DEPARTEMENTALE 656,,,Plein jour,Hors agglomération,Hors intersection,Pluie légère,Autre collision,,,,,,,,,,,1,1,1,2.0,6
201400049544,0014-11-05 20:20:00,14,11,5,20,20,620,193,AUTOROUTE A16,,,Nuit sans éclairage public,Hors agglomération,Hors intersection,Pluie forte,Autre collision,,,,,,,,,,,3,1,1,3.0,6
201400049545,0014-11-07 06:45:00,14,11,7,6,45,590,378,ROUTE NATIONALE 356,,,Nuit sans éclairage public,Hors agglomération,Hors intersection,Normale,Autre collision,,,,,,,,,,,3,1,1,1.0,6
201400049546,0014-11-07 09:45:00,14,11,7,9,45,590,346,AUTOROUTE A22,,,Plein jour,Hors agglomération,Hors intersection,Pluie légère,Sans collision,,,,,,,,,,,1,1,1,2.0,7
201400049547,0014-11-08 06:00:00,14,11,8,6,0,590,195,AUTOROUTE A25,,,Nuit sans éclairage public,Hors agglomération,Hors intersection,Normale,Autre collision,,,,,,,,,,,3,1,1,1.0,6
201400049548,0014-11-15 02:20:00,14,11,15,2,20,590,350,ROUTE NATIONALE 356,,,Nuit avec éclairage non allumé,Hors agglomération,Hors intersection,Normale,Sans collision,,,,,,,,,,,4,1,1,1.0,7
201400049549,0014-11-11 12:30:00,14,11,11,12,30,590,143,AUTOROUTE A25,,,Plein jour,Hors agglomération,Hors intersection,Normale,Sans collision,,,,,,,,,,,1,1,1,1.0,7
201400049550,0014-11-22 07:00:00,14,11,22,7,0,590,155,AUTOROUTE A16,,,Crépuscule ou aube,Hors agglomération,Hors intersection,Normale,Autre collision,,,,,,,,,,,2,1,1,1.0,6
201400049551,0014-11-24 04:40:00,14,11,24,4,40,590,143,AUTOROUTE A25,,,Nuit sans éclairage public,Hors agglomération,Hors intersection,Normale,Sans collision,,,,,,,,,,,3,1,1,1.0,7
201400049552,0014-11-24 13:45:00,14,11,24,13,45,620,215,AUTOROUTE A1,,,Plein jour,Hors agglomération,Hors intersection,Normale,Trois véhicules et plus - en chaîne,,,,,,,,,,,1,1,1,1.0,4
201400049553,0014-11-29 03:50:00,14,11,29,3,50,590,564,AUTOROUTE A23,,,Nuit sans éclairage public,Hors agglomération,Hors intersection,Normale,Sans collision,,,,,,,,,,,3,1,1,1.0,7
201400049554,0014-11-29 15:55:00,14,11,29,15,55,590,606,AUTOROUTE A23,,,Plein jour,Hors agglomération,Hors intersection,Temps couvert,Sans collision,,,,,,,,,,,1,1,1,8.0,7
201400049555,0014-11-29 21:15:00,14,11,29,21,15,590,603,AUTOROUTE A23,,,Nuit sans éclairage public,Hors agglomération,Hors intersection,Normale,Autre collision,,,,,,,,,,,3,1,1,1.0,6
201400049556,0014-12-04 22:45:00,14,12,4,22,45,590,378,AUTOROUTE A22,,,Nuit avec éclairage allumé,Hors agglomération,Hors intersection,Normale,Autre collision,,,,,,,,,,,5,1,1,1.0,6
201400049557,0014-12-07 01:15:00,14,12,7,1,15,620,239,AUTOROUTE A16,,,Nuit sans éclairage public,Hors agglomération,Hors intersection,Normale,Deux véhicules - frontale,,,,,,,,,,,3,1,1,1.0,1
201400049558,0014-12-14 08:45:00,14,12,14,8,45,590,435,AUTOROUTE A23,,,Plein jour,Hors agglomération,Hors intersection,Brouillard / fumée,Sans collision,,,,,,,,,,,1,1,1,5.0,7
201400049559,0014-12-14 22:30:00,14,12,14,22,30,590,80,AUTOROUTE A23,,,Nuit sans éclairage public,Hors agglomération,Hors intersection,Normale,Sans collision,,,,,,,,,,,3,1,1,1.0,7
201400049560,0014-12-18 05:45:00,14,12,18,5,45,590,343,AUTOROUTE A1,,,Nuit avec éclairage allumé,Hors agglomération,Hors intersection,Temps couvert,Autre collision,,,,,,,,,,,5,1,1,8.0,6
201400049561,0014-12-19 17:45:00,14,12,19,17,45,590,350,ROUTE NATIONALE 356,,,Nuit avec éclairage allumé,Hors agglomération,Hors intersection,Temps couvert,Autre collision,,,,,,,,,,,5,1,1,8.0,6
201400049562,0014-12-21 23:45:00,14,12,21,23,45,590,195,ROUTE DEPARTEMENTALE 652,,,Nuit sans éclairage public,Hors agglomération,Hors intersection,Temps couvert,Sans collision,,,,,,,,,,,3,1,1,8.0,7
201400049563,0014-12-25 12:00:00,14,12,25,12,0,590,43,AUTOROUTE A25,,,Plein jour,Hors agglomération,Hors intersection,Normale,Trois véhicules et plus - en chaîne,,,,,,,,,,,1,1,1,1.0,4
201400049564,0014-12-30 20:20:00,14,12,30,20,20,590,234,AUTOROUTE A21,,,Nuit sans éclairage public,Hors agglomération,Hors intersection,Temps couvert,Sans collision,,,,,,,,,,,3,1,1,8.0,7
201400049565,0014-01-01 03:50:00,14,1,1,3,50,690,386,"0, QUAI DE SERBIE",,,Nuit avec éclairage allumé,En agglomération,Intersection en T,Normale,Deux véhicules - côté,,,,,,,,,,,5,2,3,1.0,3
201400049566,0014-01-04 22:00:00,14,1,4,22,0,690,383,"0, AVENUE GEORGES POMPID",,,Nuit avec éclairage allumé,En agglomération,Intersection en X,Pluie forte,Autre collision,,,,,,,,,,,5,2,2,3.0,6
201400049567,0014-01-04 23:25:00,14,1,4,23,25,690,383,AVENUE LACASSAGNE,,,Nuit avec éclairage allumé,En agglomération,Intersection en X,Pluie légère,Deux véhicules - frontale,,,,,,,,,,,5,2,2,2.0,1
201400049568,0014-01-06 13:40:00,14,1,6,13,40,690,383,"9, RUE DES CUIRASSIERS",,,Plein jour,En agglomération,Hors intersection,Normale,Deux véhicules - côté,,,,,,,,,,,1,2,1,1.0,3
201400049569,0014-01-06 17:55:00,14,1,6,17,55,690,383,"76, COURS GAMBETTA",,,Nuit avec éclairage allumé,En agglomération,Hors intersection,Normale,Sans collision,,,,,,,,,,,5,2,1,1.0,7
201400049570,0014-01-10 14:30:00,14,1,10,14,30,690,383,"38, RUE FERDINAND BUISSO",,,Plein jour,En agglomération,Hors intersection,Normale,Deux véhicules - arrière,,,,,,,,,,,1,2,1,1.0,2
201400049571,0014-01-10 21:20:00,14,1,10,21,20,690,383,"26, RUE JEANNE HACHETTE",,,Nuit avec éclairage allumé,En agglomération,Hors intersection,Normale,Autre collision,,,,,,,,,,,5,2,1,1.0,6
201400049572,0014-01-07 13:30:00,14,1,7,13,30,690,386,"20, QUAI CHARLES DE GAUL",,,Plein jour,En agglomération,Hors intersection,Normale,Trois véhicules et plus - en chaîne,,,,,,,,,,,1,2,1,1.0,4
201400049573,0014-01-13 14:10:00,14,1,13,14,10,690,383,RUE DE LA BALME,,,Plein jour,En agglomération,Hors intersection,Pluie légère,Deux véhicules - côté,,,,,,,,,,,1,2,1,2.0,3
201400049574,0014-01-16 08:30:00,14,1,16,8,30,690,383,"0, AVENUE FELIX FAURE",,,Plein jour,En agglomération,Intersection en T,Normale,Deux véhicules - côté,,,,,,,,,,,1,2,3,1.0,3
201400049575,0014-01-16 19:00:00,14,1,16,19,0,690,383,"0, RUE SAINTE ANNE DE BA",,,Nuit avec éclairage allumé,En agglomération,Intersection en T,Pluie légère,Sans collision,,,,,,,,,,,5,2,3,2.0,7
201400049576,0014-01-16 19:40:00,14,1,16,19,40,690,386,"140, RUE VAUBAN",,,Nuit avec éclairage allumé,En agglomération,Hors intersection,Pluie légère,Sans collision,,,,,,,,,,,5,2,1,2.0,7
201400049577,0014-01-17 13:55:00,14,1,17,13,55,690,383,"17, COURS DE LA LIBERTE",,,Plein jour,En agglomération,Hors intersection,Normale,Autre collision,,,,,,,,,,,1,2,1,1.0,6
201400049578,0014-01-17 16:25:00,14,1,17,16,25,690,383,RUE VIALA,,,Plein jour,En agglomération,Intersection en X,Normale,Deux véhicules - côté,,,,,,,,,,,1,2,2,1.0,3
201400049579,0014-01-17 19:15:00,14,1,17,19,15,690,383,"0, RUE DANTON",,,Nuit avec éclairage allumé,En agglomération,Intersection en X,Normale,Deux véhicules - côté,,,,,,,,,,,5,2,2,1.0,3
201400049580,0014-01-17 19:45:00,14,1,17,19,45,690,383,"0, RUE DE BONNEL",,,Nuit avec éclairage allumé,En agglomération,Hors intersection,Normale,Deux véhicules - côté,,,,,,,,,,,5,2,1,1.0,3
201400049581,0014-01-20 10:30:00,14,1,20,10,30,690,383,"53, BOULEVARD MARIUS VIV",,,Plein jour,En agglomération,Hors intersection,Normale,Deux véhicules - arrière,,,,,,,,,,,1,2,1,1.0,2
201400049582,0014-01-23 07:15:00,14,1,23,7,15,690,386,"170, RUE MICHEL RAMBAUD",,,Plein jour,En agglomération,Hors intersection,Normale,Autre collision,,,,,,,,,,,1,2,1,1.0,6
201400049583,0014-01-29 15:00:00,14,1,29,15,0,690,383,RUE D AUBIGNY,,,Plein jour,En agglomération,Intersection en X,Normale,Deux véhicules - côté,,,,,,,,,,,1,2,2,1.0,3
201400049584,0014-01-31 08:30:00,14,1,31,8,30,690,386,"01, QUAI CHARLES DE GAUL",,,Plein jour,En agglomération,Hors intersection,Brouillard / fumée,Autre collision,,,,,,,,,,,1,2,1,5.0,6
201400049585,0014-01-31 12:25:00,14,1,31,12,25,690,383,"0, COURS LAFAYETTE",,,Plein jour,En agglomération,Intersection en X,Temps couvert,Autre collision,,,,,,,,,,,1,2,2,8.0,6
201400049586,0014-02-04 16:00:00,14,2,4,16,0,690,386,"16, RUE COMMANDANT FAURA",,,Plein jour,En agglomération,Hors intersection,Normale,Autre collision,,,,,,,,,,,1,2,1,1.0,6
201400049587,0014-02-09 05:55:00,14,2,9,5,55,690,386,"30, QUAI CHARLES DE GAUL",,,Nuit avec éclairage allumé,En agglomération,Hors intersection,Normale,Deux véhicules - côté,,,,,,,,,,,5,2,1,1.0,3
201400049588,0014-02-06 11:05:00,14,2,6,11,5,690,387,"116, COURS GAMBETTA",,,Plein jour,En agglomération,Hors intersection,Normale,Autre collision,,,,,,,,,,,1,2,1,1.0,6
201400049589,0014-02-07 00:40:00,14,2,7,0,40,690,386,"0, RUE PROFESSEUR WEILL",,,Nuit avec éclairage allumé,En agglomération,Intersection en X,Normale,Deux véhicules - côté,,,,,,,,,,,5,2,2,1.0,3
201400049590,0014-02-10 19:35:00,14,2,10,19,35,690,386,"88, BOULEVARD DES BELGES",,,Nuit avec éclairage allumé,En agglomération,Hors intersection,Pluie légère,Deux véhicules - côté,,,,,,,,,,,5,2,1,2.0,3
201400049591,0014-02-12 22:00:00,14,2,12,22,0,690,383,"138, AVENUE FELIX FAURE",,,Nuit avec éclairage allumé,En agglomération,Hors intersection,Normale,Autre collision,,,,,,,,,,,5,2,1,1.0,6
201400049592,0014-02-12 08:00:00,14,2,12,8,0,690,386,RUE GARIBALDI,,,Plein jour,En agglomération,Hors intersection,Autre,Deux véhicules - arrière,,,,,,,,,,,1,2,1,9.0,2
201400049593,0014-02-13 20:00:00,14,2,13,20,0,690,383,"0, PLACE D ARSONVAL",,,Nuit avec éclairage allumé,En agglomération,Giratoire,Normale,Autre collision,,,,,,,,,,,5,2,6,1.0,6
201400049594,0014-02-17 19:25:00,14,2,17,19,25,690,383,BOULEVARD PINEL,,,Nuit avec éclairage allumé,En agglomération,Hors intersection,Normale,Autre collision,,,,,,,,,,,5,2,1,1.0,6
201400049595,0014-02-15 20:45:00,14,2,15,20,45,690,386,"0, RUE GARIBALDI",,,Nuit avec éclairage allumé,En agglomération,Intersection en X,Pluie légère,Deux véhicules - frontale,,,,,,,,,,,5,2,2,2.0,1
201400049596,0014-02-19 08:15:00,14,2,19,8,15,690,383,QUAI VICTOR AUGAGNEUR,,,Plein jour,En agglomération,Intersection en X,Temps couvert,Deux véhicules - côté,,,,,,,,,,,1,2,2,8.0,3
201400049597,0014-02-17 11:30:00,14,2,17,11,30,690,387,"70, COURS GAMBETTA",,,Plein jour,En agglomération,Hors intersection,Normale,Deux véhicules - frontale,,,,,,,,,,,1,2,1,1.0,1
201400049598,0014-02-22 03:30:00,14,2,22,3,30,690,386,"92, RUE JULIETTE RECAMIE",,,Nuit avec éclairage allumé,En agglomération,Hors intersection,Normale,Deux véhicules - frontale,,,,,,,,,,,5,2,1,1.0,1
201400049599,0014-02-23 14:55:00,14,2,23,14,55,690,386,"0, RUE DUGUESCLIN",,,Plein jour,En agglomération,Intersection en X,Normale,Deux véhicules - côté,,,,,,,,,,,1,2,2,1.0,3
201400049600,0014-02-27 11:30:00,14,2,27,11,30,690,386,"07, QUAI GENERAL SARRAIL",,,Plein jour,En agglomération,Intersection en T,Normale,Autre collision,,,,,,,,,,,1,2,3,1.0,6
201400049601,0014-02-28 18:15:00,14,2,28,18,15,690,383,"0, RUE BONNAND",,,Nuit avec éclairage allumé,En agglomération,Intersection en X,Normale,Deux véhicules - côté,,,,,,,,,,,5,2,2,1.0,3
201400049602,0014-03-02 06:00:00,14,3,2,6,0,690,386,"38, AVENUE MARECHAL DE S",,,Nuit avec éclairage allumé,En agglomération,Hors intersection,Normale,Autre collision,,,,,,,,,,,5,2,1,1.0,6
201400049603,0014-03-03 08:55:00,14,3,3,8,55,690,383,AVENUE FELIX FAURE,,,Plein jour,En agglomération,Autre intersection,Temps couvert,Deux véhicules - arrière,,,,,,,,,,,1,2,9,8.0,2
201400049604,0014-03-03 16:35:00,14,3,3,16,35,690,383,"199, RUE DE BONNEL",,,Plein jour,En agglomération,Hors intersection,Normale,Autre collision,,,,,,,,,,,1,2,1,1.0,6
201400049605,0014-03-07 21:50:00,14,3,7,21,50,690,386,"126, RUE DE SEZE",,,Nuit avec éclairage allumé,En agglomération,Hors intersection,Normale,Deux véhicules - arrière,,,,,,,,,,,5,2,1,1.0,2
201400049606,0014-03-08 18:35:00,14,3,8,18,35,690,383,"113, BOULEVARD MARIUS VI",,,Crépuscule ou aube,En agglomération,Hors intersection,Normale,Deux véhicules - côté,,,,,,,,,,,2,2,1,1.0,3
201400049607,0014-03-11 20:30:00,14,3,11,20,30,690,383,"5, PLACE D ARSONVAL",,,Nuit avec éclairage allumé,En agglomération,Intersection en T,Normale,Deux véhicules - côté,,,,,,,,,,,5,2,3,1.0,3
201400049608,0014-04-11 20:30:00,14,4,11,20,30,690,383,"5, PLACE D ARSONVAL",,,Nuit avec éclairage allumé,En agglomération,Intersection en T,Normale,Deux véhicules - côté,,,,,,,,,,,5,2,3,1.0,3
201400049609,0014-03-11 20:44:00,14,3,11,20,44,690,383,"0, RUE BARABAN",,,Nuit avec éclairage allumé,En agglomération,Hors intersection,Normale,Deux véhicules - côté,,,,,,,,,,,5,2,1,1.0,3
201400049610,0014-03-12 19:55:00,14,3,12,19,55,690,386,"0, RUE GERMAIN",,,Nuit avec éclairage allumé,En agglomération,Intersection en X,Normale,Deux véhicules - côté,,,,,,,,,,,5,2,2,1.0,3
201400049611,0014-03-12 20:40:00,14,3,12,20,40,690,383,COURS DE LA LIBERTE,,,Nuit avec éclairage allumé,En agglomération,Intersection en X,Normale,Autre collision,,,,,,,,,,,5,2,2,1.0,6
201400049612,0014-03-13 18:00:00,14,3,13,18,0,690,386,"0, RUE DUGUESCLIN",,,Plein jour,En agglomération,Intersection en X,Normale,Deux véhicules - côté,,,,,,,,,,,1,2,2,1.0,3
201400049613,0014-03-16 14:00:00,14,3,16,14,0,690,383,"0, RUE BONNAND",,,Plein jour,En agglomération,Intersection en X,Normale,Deux véhicules - côté,,,,,,,,,,,1,2,2,1.0,3
201400049614,0014-03-17 15:40:00,14,3,17,15,40,690,383,"32, AVENUE GEORGES POMPI",,,Plein jour,En agglomération,Hors intersection,Normale,Deux véhicules - côté,,,,,,,,,,,1,2,1,1.0,3
201400049615,0014-03-18 10:40:00,14,3,18,10,40,690,386,"185, COURS LAFAYETTE",,,Plein jour,En agglomération,Hors intersection,Normale,Deux véhicules - arrière,,,,,,,,,,,1,2,1,1.0,2
201400049616,0014-03-22 13:10:00,14,3,22,13,10,690,383,RUE PAUL BERT,,,Plein jour,En agglomération,Intersection en X,Pluie légère,Deux véhicules - côté,,,,,,,,,,,1,2,2,2.0,3
201400049617,0014-03-27 22:45:00,14,3,27,22,45,690,383,RUE DE BONNEL,,,Nuit avec éclairage allumé,En agglomération,Intersection en X,Normale,Deux véhicules - côté,,,,,,,,,,,5,2,2,1.0,3
201400049618,0014-03-28 12:25:00,14,3,28,12,25,690,386,"80, QUAI CHARLES DE GAUL",,,Plein jour,En agglomération,Hors intersection,Normale,Deux véhicules - arrière,,,,,,,,,,,1,2,1,1.0,2
201400049619,0014-04-01 08:05:00,14,4,1,8,5,690,383,"0, COURS LAFAYETTE",,,Plein jour,En agglomération,Intersection en X,Normale,Deux véhicules - frontale,,,,,,,,,,,1,2,2,1.0,1
201400049620,0014-04-01 08:35:00,14,4,1,8,35,690,383,RUE CLOS SUIPHON,,,Plein jour,En agglomération,Intersection en X,Normale,Deux véhicules - côté,,,,,,,,,,,1,2,2,1.0,3
201400049621,0014-04-03 17:00:00,14,4,3,17,0,690,383,"9, RUE JEAN PIERRE LEVY",,,Plein jour,En agglomération,Hors intersection,Normale,Autre collision,,,,,,,,,,,1,2,1,1.0,6
201400049622,0014-04-01 16:20:00,14,4,1,16,20,690,383,PLACE D ARSONVAL,,,Plein jour,En agglomération,Giratoire,Normale,Autre collision,,,,,,,,,,,1,2,6,1.0,6
201400049623,0014-04-07 00:01:00,14,4,7,0,1,690,383,"111, AVENUE MARECHAL DE",,,Nuit avec éclairage allumé,En agglomération,Intersection en X,Normale,Autre collision,,,,,,,,,,,5,2,2,1.0,6
201400049624,0014-04-16 19:30:00,14,4,16,19,30,690,383,RUE GUILLOUD,,,Plein jour,En agglomération,Intersection en T,Normale,Deux véhicules - côté,,,,,,,,,,,1,2,3,1.0,3
201400049625,0014-04-08 11:05:00,14,4,8,11,5,690,383,"0, RUE GENERAL MOUTON DU",,,Plein jour,En agglomération,Intersection en X,Normale,Autre collision,,,,,,,,,,,1,2,2,1.0,6
201400049626,0014-04-19 16:25:00,14,4,19,16,25,690,383,RUE CLOS SUIPHON,,,Plein jour,En agglomération,Intersection en X,Normale,Deux véhicules - côté,,,,,,,,,,,1,2,2,1.0,3
201400049627,0014-04-15 13:45:00,14,4,15,13,45,690,383,"0, RUE SERVIENT",,,Plein jour,En agglomération,Intersection en X,Normale,Deux véhicules - côté,,,,,,,,,,,1,2,2,1.0,3
201400049628,0014-04-16 13:15:00,14,4,16,13,15,690,383,RUE GABILLOT,,,Plein jour,En agglomération,Intersection en T,Normale,Autre collision,,,,,,,,,,,1,2,3,1.0,6
201400049629,0014-04-17 14:05:00,14,4,17,14,5,690,386,"0, AVENUE MARECHAL DE SA",,,Plein jour,En agglomération,Intersection en X,Normale,Autre collision,,,,,,,,,,,1,2,2,1.0,6
201400049630,0014-04-18 07:30:00,14,4,18,7,30,690,383,"40, RUE ANTOINE CHARIAL",,,Plein jour,En agglomération,Intersection en X,Normale,Autre collision,,,,,,,,,,,1,2,2,1.0,6
201400049631,0014-04-18 14:00:00,14,4,18,14,0,690,383,RUE FERDINAND BUISSON,,,Plein jour,En agglomération,Intersection en T,Normale,Autre collision,,,,,,,,,,,1,2,3,1.0,6
201400049632,0014-04-18 13:50:00,14,4,18,13,50,690,386,"97, BOULEVARD DES BELGES",,,Plein jour,En agglomération,Intersection en T,Normale,Deux véhicules - côté,,,,,,,,,,,1,2,3,1.0,3
201400049633,0014-04-19 10:00:00,14,4,19,10,0,690,383,"1, RUE ANTOINE CHARIAL",,,Plein jour,En agglomération,Intersection en X,Temps éblouissant,Autre collision,,,,,,,,,,,1,2,2,7.0,6
201400049634,0014-04-18 16:35:00,14,4,18,16,35,690,386,"5, RUE VIRICEL",,,Plein jour,En agglomération,Hors intersection,Normale,Autre collision,,,,,,,,,,,1,2,1,1.0,6
201400049635,0014-04-23 09:15:00,14,4,23,9,15,690,383,"0, PLACE D ARSONVAL",,,Plein jour,En agglomération,Hors intersection,Normale,Autre collision,,,,,,,,,,,1,2,1,1.0,6
201400049636,0014-04-24 10:20:00,14,4,24,10,20,690,383,"126, COURS GAMBETTA",,,Plein jour,En agglomération,Hors intersection,Normale,Deux véhicules - côté,,,,,,,,,,,1,2,1,1.0,3
201400049637,0014-04-23 12:30:00,14,4,23,12,30,690,383,"21, AVENUE FELIX FAURE",,,Plein jour,En agglomération,Hors intersection,Normale,Deux véhicules - arrière,,,,,,,,,,,1,2,1,1.0,2
201400049638,0014-04-30 09:40:00,14,4,30,9,40,690,386,"277, COURS LAFAYETTE",,,Plein jour,En agglomération,Hors intersection,Pluie légère,Autre collision,,,,,,,,,,,1,2,1,2.0,6
201400049639,0014-04-30 13:55:00,14,4,30,13,55,690,383,RUE GENERAL MOUTON DUVER,,,Plein jour,En agglomération,Intersection en T,Normale,Deux véhicules - côté,,,,,,,,,,,1,2,3,1.0,3
201400049640,0014-05-05 19:20:00,14,5,5,19,20,690,383,RUE VILLEROY,,,Plein jour,En agglomération,Hors intersection,Normale,Autre collision,,,,,,,,,,,1,2,1,1.0,6
201400049641,0014-05-09 15:00:00,14,5,9,15,0,690,383,"132, AVENUE MARECHAL DE",,,Plein jour,En agglomération,Hors intersection,Normale,Deux véhicules - arrière,,,,,,,,,,,1,2,1,1.0,2
201400049642,0014-05-09 08:45:00,14,5,9,8,45,690,386,BOULEVARD JULES FAVRE,,,Plein jour,En agglomération,Hors intersection,Normale,Deux véhicules - côté,,,,,,,,,,,1,2,1,1.0,3
201400049643,0014-05-15 12:45:00,14,5,15,12,45,690,383,"0, PLACE CHARLES BERAUDI",,,Plein jour,En agglomération,Hors intersection,Normale,Autre collision,,,,,,,,,,,1,2,1,1.0,6
201400049644,0014-05-15 13:50:00,14,5,15,13,50,690,383,RUE DUGUESCLIN,,,Plein jour,En agglomération,Intersection en X,Normale,Deux véhicules - côté,,,,,,,,,,,1,2,2,1.0,3
201400049645,0014-05-15 15:30:00,14,5,15,15,30,690,383,"0, RUE PAUL BERT",,,Plein jour,En agglomération,Intersection en X,Normale,Deux véhicules - côté,,,,,,,,,,,1,2,2,1.0,3
201400049646,0014-04-19 19:00:00,14,4,19,19,0,690,386,COURS VITTON,,,Plein jour,En agglomération,Intersection en X,Normale,Deux véhicules - côté,,,,,,,,,,,1,2,2,1.0,3
201400049647,0014-05-19 10:00:00,14,5,19,10,0,690,383,"0, AVENUE DU CHATEAU",,,Plein jour,En agglomération,Intersection en X,Normale,Deux véhicules - côté,,,,,,,,,,,1,2,2,1.0,3
201400049648,0014-05-16 16:00:00,14,5,16,16,0,690,383,COURS GAMBETTA,,,Plein jour,En agglomération,Hors intersection,Normale,Deux véhicules - côté,,,,,,,,,,,1,2,1,1.0,3
201400049649,0014-05-12 13:00:00,14,5,12,13,0,690,383,RUE PAUL BERT,,,Plein jour,En agglomération,Intersection en X,Normale,Autre collision,,,,,,,,,,,1,2,2,1.0,6
201400049650,0014-05-17 19:20:00,14,5,17,19,20,690,383,"270, RUE DUGUESCLIN",,,Plein jour,En agglomération,Hors intersection,Normale,Deux véhicules - côté,,,,,,,,,,,1,2,1,1.0,3
201400049651,0014-05-17 21:35:00,14,5,17,21,35,690,386,AVENUE MARECHAL DE SAXE,,,Nuit avec éclairage allumé,En agglomération,Intersection en X,Normale,Autre collision,,,,,,,,,,,5,2,2,1.0,6
201400049652,0014-05-19 12:40:00,14,5,19,12,40,690,383,COURS EUGENIE,,,Plein jour,En agglomération,Intersection en X,Normale,Deux véhicules - côté,,,,,,,,,,,1,2,2,1.0,3
201400049653,0014-05-19 15:37:00,14,5,19,15,37,690,386,"0, COURS FRANKLIN ROOSEV",,,Plein jour,En agglomération,Intersection en X,Normale,Deux véhicules - arrière,,,,,,,,,,,1,2,2,1.0,2
201400049654,0014-05-20 10:40:00,14,5,20,10,40,690,386,"52, RUE ROBERT",,,Plein jour,En agglomération,Hors intersection,Normale,Autre collision,,,,,,,,,,,1,2,1,1.0,6
201400049655,0014-05-18 03:15:00,14,5,18,3,15,690,383,RUE DE CREQUI,,,Nuit avec éclairage allumé,En agglomération,Intersection en X,Normale,Deux véhicules - côté,,,,,,,,,,,5,2,2,1.0,3
201400049656,0014-05-20 09:15:00,14,5,20,9,15,690,383,"0, RUE DE CREQUI",,,Plein jour,En agglomération,Intersection en X,Normale,Deux véhicules - côté,,,,,,,,,,,1,2,2,1.0,3
201400049657,0014-05-21 14:00:00,14,5,21,14,0,690,266,PLACE DE LA RECONNAISSAN,,,Plein jour,En agglomération,Intersection en X,Normale,Autre collision,,,,,,,,,,,1,2,2,1.0,6
201400049658,0014-05-23 20:00:00,14,5,23,20,0,690,386,QUAI CHARLES DE GAULLE,,,Plein jour,En agglomération,Hors intersection,Normale,Trois véhicules et plus - collisions multiples,,,,,,,,,,,1,2,1,1.0,5
201400049659,0014-05-23 10:25:00,14,5,23,10,25,690,383,"0, RUE GABILLOT",,,Plein jour,En agglomération,Intersection en X,Normale,Autre collision,,,,,,,,,,,1,2,2,1.0,6
201400049660,0014-05-27 16:50:00,14,5,27,16,50,690,383,"159, COURS DOCTEUR LONG",,,Plein jour,En agglomération,Hors intersection,Normale,Deux véhicules - arrière,,,,,,,,,,,1,2,1,1.0,2