accident_id,datetime,annee,mois,jour,heure,minute,departement,commune_insee,adresse,latitude,longitude,luminosite,agglomeration,intersection,meteo,collision,nb_vehicules,nb_usagers,nb_indemnes,nb_tues,nb_blesses_hosp,nb_blesses_legers,age_cond_1,age_cond_2,veh_type_cond_1,veh_type_cond_2,lum_code,agg_code,int_code,atm_code,col_code
201400049661,0014-05-28 16:50:00,14,5,28,16,50,690,383,QUAI VICTOR AUGAGNEUR,,,Plein jour,En agglomération,Hors intersection,Normale,Autre collision,,,,,,,,,,,1,2,1,1.0,6
201400049662,0014-05-30 04:55:00,14,5,30,4,55,690,383,"21, QUAI VICTOR AUGAGNEU",,,Nuit avec éclairage allumé,En agglomération,Hors intersection,Normale,Autre collision,,,,,,,,,,,5,2,1,1.0,6
201400049663,0014-05-17 23:30:00,14,5,17,23,30,690,386,"110, QUAI CHARLES DE GAU",,,Nuit avec éclairage allumé,En agglomération,Hors intersection,Normale,Deux véhicules - côté,,,,,,,,,,,5,2,1,1.0,3
201400049664,0014-05-30 17:05:00,14,5,30,17,5,690,383,RUE SAINT ANTOINE,,,Plein jour,En agglomération,Intersection en X,Normale,Trois véhicules et plus - collisions multiples,,,,,,,,,,,1,2,2,1.0,5
201400049665,0014-06-02 18:20:00,14,6,2,18,20,690,386,RUE BARREME,,,Plein jour,En agglomération,Intersection en X,Normale,Deux véhicules - côté,,,,,,,,,,,1,2,2,1.0,3
201400049666,0014-06-11 08:00:00,14,6,11,8,0,690,383,AVENUE GEORGES POMPIDOU,,,Plein jour,En agglomération,Hors intersection,Normale,Deux véhicules - côté,,,,,,,,,,,1,2,1,1.0,3
201400049667,0014-06-04 16:30:00,14,6,4,16,30,690,386,COURS VITTON,,,Plein jour,En agglomération,Hors intersection,Normale,Deux véhicules - arrière,,,,,,,,,,,1,2,1,1.0,2
201400049668,0014-06-04 15:05:00,14,6,4,15,5,690,386,"0, BOULEVARD DES BELGES",,,Plein jour,En agglomération,Intersection en T,Pluie légère,Deux véhicules - côté,,,,,,,,,,,1,2,3,2.0,3
201400049669,0014-06-06 08:45:00,14,6,6,8,45,690,386,COURS LAFAYETTE,,,Plein jour,En agglomération,Intersection en T,Normale,Deux véhicules - côté,,,,,,,,,,,1,2,3,1.0,3
201400049670,0014-06-10 10:00:00,14,6,10,10,0,690,383,"27, BOULEVARD EUGENE DER",,,Plein jour,En agglomération,Hors intersection,Normale,Deux véhicules - côté,,,,,,,,,,,1,2,1,1.0,3
201400049671,0014-06-11 09:45:00,14,6,11,9,45,690,386,RUE SULLY,,,Plein jour,En agglomération,Hors intersection,Normale,Autre collision,,,,,,,,,,,1,2,1,1.0,6
201400049672,0014-06-15 07:00:00,14,6,15,7,0,690,386,RUE DU LIEUTENANT COLONE,,,Plein jour,En agglomération,Intersection en X,Normale,Trois véhicules et plus - collisions multiples,,,,,,,,,,,1,2,2,1.0,5
201400049673,0014-06-16 14:55:00,14,6,16,14,55,690,383,RUE LE ROYER,,,Plein jour,En agglomération,Intersection en X,Normale,Autre collision,,,,,,,,,,,1,2,2,1.0,6
201400049674,0014-06-17 11:05:00,14,6,17,11,5,690,386,"16, RUE DUQUESNE",,,Plein jour,En agglomération,Hors intersection,Normale,Sans collision,,,,,,,,,,,1,2,1,1.0,7
201400049675,0014-06-16 20:20:00,14,6,16,20,20,690,383,COURS GAMBETTA,,,Plein jour,En agglomération,Hors intersection,Normale,Deux véhicules - côté,,,,,,,,,,,1,2,1,1.0,3
201400049676,0014-06-17 13:50:00,14,6,17,13,50,690,386,RUE VAUBAN,,,Plein jour,En agglomération,Intersection en X,Normale,Autre collision,,,,,,,,,,,1,2,2,1.0,6
201400049677,0014-06-12 14:50:00,14,6,12,14,50,690,386,"0, QUAI CHARLES DE GAULL",,,Plein jour,En agglomération,Hors intersection,Normale,Sans collision,,,,,,,,,,,1,2,1,1.0,7
201400049678,0014-06-18 12:20:00,14,6,18,12,20,690,383,"45, BOULEVARD MARIUS VIV",,,Plein jour,En agglomération,Hors intersection,Normale,Deux véhicules - côté,,,,,,,,,,,1,2,1,1.0,3
201400049679,0014-06-12 19:30:00,14,6,12,19,30,690,383,"27, RUE MAURICE FLANDIN",,,Plein jour,En agglomération,Hors intersection,Normale,Autre collision,,,,,,,,,,,1,2,1,1.0,6
201400049680,0014-06-18 20:35:00,14,6,18,20,35,690,386,"0, BOULEVARD JULES FAVRE",,,Nuit avec éclairage allumé,En agglomération,Intersection en T,Normale,Deux véhicules - arrière,,,,,,,,,,,5,2,3,1.0,2
201400049681,0014-06-23 12:00:00,14,6,23,12,0,690,383,AVENUE MARECHAL DE SAXE,,,Plein jour,En agglomération,Hors intersection,Normale,Sans collision,,,,,,,,,,,1,2,1,1.0,7
201400049682,0014-06-26 21:00:00,14,6,26,21,0,690,383,RUE DE LA PART DIEU,,,Plein jour,En agglomération,Intersection en X,Normale,Deux véhicules - côté,,,,,,,,,,,1,2,2,1.0,3
201400049683,0014-06-01 14:25:00,14,6,1,14,25,690,386,"0, AVENUE MARECHAL FOCH",,,Plein jour,En agglomération,Intersection en X,Normale,Deux véhicules - côté,,,,,,,,,,,1,2,2,1.0,3
201400049684,0014-06-29 13:20:00,14,6,29,13,20,690,383,AVENUE FELIX FAURE,,,Plein jour,En agglomération,Hors intersection,Normale,Deux véhicules - arrière,,,,,,,,,,,1,2,1,1.0,2
201400049685,0014-06-30 09:25:00,14,6,30,9,25,690,383,"276, RUE GARIBALDI",,,Plein jour,En agglomération,Hors intersection,Normale,Autre collision,,,,,,,,,,,1,2,1,1.0,6
201400049686,0014-06-30 12:50:00,14,6,30,12,50,690,386,AVENUE MARECHAL DE SAXE,,,Plein jour,En agglomération,Intersection en X,Normale,Deux véhicules - côté,,,,,,,,,,,1,2,2,1.0,3
201400049687,0014-06-22 04:05:00,14,6,22,4,5,690,383,"0, AVENUE FELIX FAURE",,,Nuit avec éclairage allumé,En agglomération,Hors intersection,Normale,Autre collision,,,,,,,,,,,5,2,1,1.0,6
201400049688,0014-06-30 18:55:00,14,6,30,18,55,690,383,COURS LAFAYETTE,,,Plein jour,En agglomération,Hors intersection,Normale,Autre collision,,,,,,,,,,,1,2,1,1.0,6
201400049689,0014-07-03 20:15:00,14,7,3,20,15,690,383,"0, BOULEVARD MARIUS VIVI",,,Plein jour,En agglomération,Intersection en X,Normale,Trois véhicules et plus - en chaîne,,,,,,,,,,,1,2,2,1.0,4
201400049690,0014-07-07 16:20:00,14,7,7,16,20,690,386,RUE NOTRE DAME,,,Plein jour,En agglomération,Intersection en X,Normale,Deux véhicules - côté,,,,,,,,,,,1,2,2,1.0,3
201400049691,0014-07-03 14:00:00,14,7,3,14,0,690,383,"208, ROUTE DE GENAS",,,Plein jour,En agglomération,Hors intersection,Normale,Trois véhicules et plus - collisions multiples,,,,,,,,,,,1,2,1,1.0,5
201400049692,0014-07-07 18:00:00,14,7,7,18,0,690,386,"18, BOULEVARD DES BELGES",,,Plein jour,En agglomération,Hors intersection,Pluie forte,Trois véhicules et plus - en chaîne,,,,,,,,,,,1,2,1,3.0,4
201400049693,0014-07-03 20:40:00,14,7,3,20,40,690,386,RUE MOLIERE,,,Plein jour,En agglomération,Intersection en X,Normale,Autre collision,,,,,,,,,,,1,2,2,1.0,6
201400049694,0014-07-08 14:55:00,14,7,8,14,55,690,383,PLACE PIERRE RENAUDEL,,,Plein jour,En agglomération,Intersection en X,Normale,Deux véhicules - côté,,,,,,,,,,,1,2,2,1.0,3
201400049695,0014-07-09 19:25:00,14,7,9,19,25,690,386,COURS RICHARD VITTON,,,Plein jour,En agglomération,Hors intersection,Pluie légère,Deux véhicules - côté,,,,,,,,,,,1,2,1,2.0,3
201400049696,0014-07-13 09:50:00,14,7,13,9,50,690,383,"35, COURS GAMBETTA",,,Plein jour,En agglomération,Hors intersection,Normale,Deux véhicules - arrière,,,,,,,,,,,1,2,1,1.0,2
201400049697,0014-07-16 09:20:00,14,7,16,9,20,690,383,AVENUE FELIX FAURE,,,Plein jour,En agglomération,Intersection en X,Normale,Deux véhicules - côté,,,,,,,,,,,1,2,2,1.0,3
201400049698,0014-07-17 17:50:00,14,7,17,17,50,690,383,BOULEVARD MARIUS VIVIER,,,Plein jour,En agglomération,Hors intersection,Normale,Autre collision,,,,,,,,,,,1,2,1,1.0,6
201400049699,0014-07-21 19:00:00,14,7,21,19,0,690,383,"138, AVENUE FELIX FAURE",,,Plein jour,En agglomération,Hors intersection,Pluie légère,Deux véhicules - côté,,,,,,,,,,,1,2,1,2.0,3
201400049700,0014-07-17 22:45:00,14,7,17,22,45,690,388,"22, COURS ALBERT THOMAS",,,Nuit avec éclairage allumé,En agglomération,Hors intersection,Normale,Autre collision,,,,,,,,,,,5,2,1,1.0,6
201400049701,0014-07-25 12:55:00,14,7,25,12,55,690,386,"114, RUE BOSSUET",,,Plein jour,En agglomération,Hors intersection,Normale,Deux véhicules - côté,,,,,,,,,,,1,2,1,1.0,3
201400049702,0014-07-26 11:30:00,14,7,26,11,30,690,383,"0, QUAI VICTOR AUGAGNEUR",,,Plein jour,En agglomération,Intersection en T,Normale,Deux véhicules - côté,,,,,,,,,,,1,2,3,1.0,3
201400049703,0014-07-26 19:50:00,14,7,26,19,50,690,383,"138, COURS LAFAYETTE",,,Plein jour,En agglomération,Hors intersection,Normale,Deux véhicules - arrière,,,,,,,,,,,1,2,1,1.0,2
201400049704,0014-07-29 09:20:00,14,7,29,9,20,690,383,"31, RUE DES RANCY",,,Plein jour,En agglomération,Hors intersection,Pluie légère,Deux véhicules - côté,,,,,,,,,,,1,2,1,2.0,3
201400049705,0014-07-29 15:00:00,14,7,29,15,0,690,383,263 COURS LAFAYETTE,,,Plein jour,En agglomération,Hors intersection,Temps couvert,Deux véhicules - frontale,,,,,,,,,,,1,2,1,8.0,1
201400049706,0014-07-29 10:15:00,14,7,29,10,15,690,383,AVENUE MARECHAL DE SAXE,,,Plein jour,En agglomération,Intersection en X,Pluie forte,Autre collision,,,,,,,,,,,1,2,2,3.0,6
201400049707,0014-07-19 18:25:00,14,7,19,18,25,690,383,"0, RUE GARIBALDI",,,Plein jour,En agglomération,Intersection en X,Normale,Deux véhicules - côté,,,,,,,,,,,1,2,2,1.0,3
201400049708,0014-08-04 12:40:00,14,8,4,12,40,690,383,RUE TURBIL,,,Plein jour,En agglomération,Intersection en X,Normale,Autre collision,,,,,,,,,,,1,2,2,1.0,6
201400049709,0014-08-07 08:45:00,14,8,7,8,45,690,383,"0, RUE GENERAL MOUTON DU",,,Plein jour,En agglomération,Intersection en T,Normale,Deux véhicules - arrière,,,,,,,,,,,1,2,3,1.0,2
201400049710,0014-08-08 04:50:00,14,8,8,4,50,690,386,RUE DES EMERAUDES,,,Nuit avec éclairage allumé,En agglomération,Intersection en X,Normale,Deux véhicules - côté,,,,,,,,,,,5,2,2,1.0,3
201400049711,0014-08-08 11:25:00,14,8,8,11,25,690,383,12 RUE DOCTEUR REBATEL,,,Plein jour,En agglomération,Hors intersection,Normale,Deux véhicules - arrière,,,,,,,,,,,1,2,1,1.0,2
201400049712,0014-08-18 18:30:00,14,8,18,18,30,690,386,"14, AVENUE VERGUIN",,,Plein jour,En agglomération,Hors intersection,Normale,Sans collision,,,,,,,,,,,1,2,1,1.0,7
201400049713,0014-08-20 10:00:00,14,8,20,10,0,690,383,AVENUE LACASSAGNE,,,Plein jour,En agglomération,Intersection en X,Normale,Deux véhicules - côté,,,,,,,,,,,1,2,2,1.0,3
201400049714,0014-08-26 19:45:00,14,8,26,19,45,690,386,"0, BOULEVARD DES BROTTEA",,,Plein jour,En agglomération,Intersection en T,Normale,Deux véhicules - côté,,,,,,,,,,,1,2,3,1.0,3
201400049715,0014-08-27 08:25:00,14,8,27,8,25,690,386,COURS LAFAYETTE,,,Plein jour,En agglomération,Intersection en X,Normale,Deux véhicules - côté,,,,,,,,,,,1,2,2,1.0,3
201400049716,0014-08-27 09:50:00,14,8,27,9,50,690,383,"86, R FERDINAND BUISSON",,,Plein jour,En agglomération,Hors intersection,Normale,Deux véhicules - côté,,,,,,,,,,,1,2,1,1.0,3
201400049717,0014-08-27 13:35:00,14,8,27,13,35,690,386,"0, RUE LOUIS BLANC",,,Plein jour,En agglomération,Intersection en X,Normale,Deux véhicules - côté,,,,,,,,,,,1,2,2,1.0,3
201400049718,0014-08-28 10:00:00,14,8,28,10,0,690,383,"0, AVENUE DU CHATEAU",,,Plein jour,En agglomération,Intersection en X,Normale,Deux véhicules - côté,,,,,,,,,,,1,2,2,1.0,3
201400049719,0014-08-28 18:05:00,14,8,28,18,5,690,383,"0, RUE TETE D OR",,,Plein jour,En agglomération,Intersection en X,Normale,Deux véhicules - côté,,,,,,,,,,,1,2,2,1.0,3
201400049720,0014-08-29 17:15:00,14,8,29,17,15,690,383,"131, AVENUE FELIX FAURE",,,Plein jour,En agglomération,Hors intersection,Normale,Deux véhicules - côté,,,,,,,,,,,1,2,1,1.0,3
201400049721,0014-09-01 17:30:00,14,9,1,17,30,690,383,"100, RUE SERVIENT",,,Plein jour,En agglomération,Intersection en X,Normale,Deux véhicules - côté,,,,,,,,,,,1,2,2,1.0,3
201400049722,0014-09-02 18:15:00,14,9,2,18,15,690,386,AVENUE MARECHAL FOCH,,,Plein jour,En agglomération,Hors intersection,Normale,Deux véhicules - côté,,,,,,,,,,,1,2,1,1.0,3
201400049723,0014-09-04 08:10:00,14,9,4,8,10,690,383,"52, RUE PAUL BERT",,,Plein jour,En agglomération,Hors intersection,Normale,Autre collision,,,,,,,,,,,1,2,1,1.0,6
201400049724,0014-09-06 23:10:00,14,9,6,23,10,690,383,146 AVENUE FELIX FAURE,,,Nuit avec éclairage allumé,En agglomération,Hors intersection,Normale,Deux véhicules - côté,,,,,,,,,,,5,2,1,1.0,3
201400049725,0014-09-06 20:00:00,14,9,6,20,0,690,383,"9, COURS GAMBETTA",,,Crépuscule ou aube,En agglomération,Hors intersection,Normale,Autre collision,,,,,,,,,,,2,2,1,1.0,6
201400049726,0014-09-08 07:45:00,14,9,8,7,45,690,383,"0, AVENUE FELIX FAURE",,,Plein jour,En agglomération,Hors intersection,Normale,Deux véhicules - côté,,,,,,,,,,,1,2,1,1.0,3
201400049727,0014-09-08 17:15:00,14,9,8,17,15,690,383,RUE FEUILLAT,,,Plein jour,En agglomération,Hors intersection,Normale,Autre collision,,,,,,,,,,,1,2,1,1.0,6
201400049728,0014-09-09 22:05:00,14,9,9,22,5,690,386,BOULEVARD DES BELGES,,,Nuit avec éclairage allumé,En agglomération,Hors intersection,Normale,Deux véhicules - côté,,,,,,,,,,,5,2,1,1.0,3
201400049729,0014-09-10 13:25:00,14,9,10,13,25,690,383,"0, RUE GABILLOT",,,Plein jour,En agglomération,Intersection en T,Normale,Autre collision,,,,,,,,,,,1,2,3,1.0,6
201400049730,0014-09-15 12:45:00,14,9,15,12,45,690,386,RUE JACQUES MOYRON,,,Plein jour,En agglomération,Intersection en T,Normale,Deux véhicules - côté,,,,,,,,,,,1,2,3,1.0,3
201400049731,0014-09-12 15:45:00,14,9,12,15,45,690,383,72 COURS EUGENIE,,,Plein jour,Hors agglomération,Hors intersection,Normale,Autre collision,,,,,,,,,,,1,1,1,1.0,6
201400049732,0014-09-15 13:45:00,14,9,15,13,45,690,386,"0, RUE PIERRE CORNEILLE",,,Plein jour,En agglomération,Intersection en X,Normale,Autre collision,,,,,,,,,,,1,2,2,1.0,6
201400049733,0014-09-16 08:05:00,14,9,16,8,5,690,383,AVENUE ROCKEFELLER,,,Plein jour,En agglomération,Hors intersection,Normale,Deux véhicules - côté,,,,,,,,,,,1,2,1,1.0,3
201400049734,0014-09-16 17:25:00,14,9,16,17,25,690,383,"35, RUE VIALA",,,Plein jour,En agglomération,Hors intersection,Normale,Trois véhicules et plus - collisions multiples,,,,,,,,,,,1,2,1,1.0,5
201400049735,0014-09-17 15:15:00,14,9,17,15,15,690,386,"0, RUE MASSENA",,,Plein jour,En agglomération,Intersection à plus de 4 branches,Normale,Deux véhicules - côté,,,,,,,,,,,1,2,5,1.0,3
201400049736,0014-09-17 13:50:00,14,9,17,13,50,690,386,"122, RUE DE SEZE",,,Plein jour,En agglomération,Hors intersection,Normale,Deux véhicules - côté,,,,,,,,,,,1,2,1,1.0,3
201400049737,0014-09-18 10:10:00,14,9,18,10,10,690,386,RUE GARIBALDI,,,Plein jour,En agglomération,Intersection en X,Normale,Deux véhicules - côté,,,,,,,,,,,1,2,2,1.0,3
201400049738,0014-09-21 04:35:00,14,9,21,4,35,690,386,"20, QUAI CHARLES DE GAUL",,,Nuit avec éclairage allumé,En agglomération,Hors intersection,Normale,Deux véhicules - arrière,,,,,,,,,,,5,2,1,1.0,2
201400049739,0014-09-13 21:15:00,14,9,13,21,15,690,29,"95, BOULEVARD PINEL",,,Crépuscule ou aube,En agglomération,Hors intersection,Normale,Autre collision,,,,,,,,,,,2,2,1,1.0,6
201400049740,0014-09-18 08:20:00,14,9,18,8,20,690,383,RUE SERVIENT,,,Plein jour,En agglomération,Hors intersection,Normale,Deux véhicules - côté,,,,,,,,,,,1,2,1,1.0,3
201400049741,0014-09-23 21:55:00,14,9,23,21,55,690,383,"0, RUE PAUL BERT",,,Nuit avec éclairage allumé,En agglomération,Intersection en X,Normale,Deux véhicules - frontale,,,,,,,,,,,5,2,2,1.0,1
201400049742,0014-09-24 08:25:00,14,9,24,8,25,690,387,"154, COURS GAMBETTA",,,Plein jour,En agglomération,Hors intersection,Normale,Deux véhicules - côté,,,,,,,,,,,1,2,1,1.0,3
201400049743,0014-09-24 17:50:00,14,9,24,17,50,690,383,RUE VENDOME,,,Plein jour,En agglomération,Hors intersection,Pluie légère,Deux véhicules - frontale,,,,,,,,,,,1,2,1,2.0,1
201400049744,0014-09-26 09:00:00,14,9,26,9,0,690,383,"0, AVENUE GEORGES POMPID",,,Plein jour,En agglomération,Autre intersection,Normale,Autre collision,,,,,,,,,,,1,2,9,1.0,6
201400049745,0014-09-28 14:30:00,14,9,28,14,30,690,383,COURS GAMBETTA,,,Plein jour,En agglomération,Hors intersection,Normale,Deux véhicules - arrière,,,,,,,,,,,1,2,1,1.0,2
201400049746,0014-09-29 19:40:00,14,9,29,19,40,690,383,"6, RUE BONNAND",,,Crépuscule ou aube,En agglomération,Hors intersection,Normale,Autre collision,,,,,,,,,,,2,2,1,1.0,6
201400049747,0014-10-02 19:00:00,14,10,2,19,0,690,383,"36, RUE MAURICE FLANDIN",,,Plein jour,En agglomération,Hors intersection,Normale,Deux véhicules - côté,,,,,,,,,,,1,2,1,1.0,3
201400049748,0014-10-03 20:45:00,14,10,3,20,45,690,386,COURS LAFAYETTE,,,Nuit avec éclairage allumé,En agglomération,Intersection en X,Normale,Deux véhicules - côté,,,,,,,,,,,5,2,2,1.0,3
201400049749,0014-10-07 18:30:00,14,10,7,18,30,690,383,AVENUE LACASSAGNE,,,Plein jour,En agglomération,Intersection en X,Normale,Deux véhicules - côté,,,,,,,,,,,1,2,2,1.0,3
201400049750,0014-10-10 21:50:00,14,10,10,21,50,690,383,2 RUE DU DAUPHINE,,,Nuit avec éclairage allumé,En agglomération,Hors intersection,Pluie forte,Deux véhicules - frontale,,,,,,,,,,,5,2,1,3.0,1
201400049751,0014-10-09 17:50:00,14,10,9,17,50,690,383,93 RUE BELLECOMBE,,,Plein jour,En agglomération,Hors intersection,Pluie forte,Autre collision,,,,,,,,,,,1,2,1,3.0,6
201400049752,0014-10-14 18:10:00,14,10,14,18,10,690,383,"0, RUE GENERAL MOUTON DU",,,Plein jour,En agglomération,Intersection en T,Normale,Deux véhicules - côté,,,,,,,,,,,1,2,3,1.0,3
201400049753,0014-10-13 10:40:00,14,10,13,10,40,690,386,235 COURS LAFAYETTE,,,Plein jour,En agglomération,Hors intersection,Pluie légère,Autre collision,,,,,,,,,,,1,2,1,2.0,6
201400049754,0014-10-20 10:40:00,14,10,20,10,40,690,386,"91, COURS LAFAYETTE",,,Plein jour,En agglomération,Hors intersection,Normale,Deux véhicules - côté,,,,,,,,,,,1,2,1,1.0,3
201400049755,0014-10-25 18:25:00,14,10,25,18,25,690,383,"0, BOULEVARD MARIUS VIVI",,,Plein jour,En agglomération,Intersection en X,Normale,Deux véhicules - côté,,,,,,,,,,,1,2,2,1.0,3
201400049756,0014-10-30 11:15:00,14,10,30,11,15,690,386,COURS LAFAYETTE,,,Plein jour,En agglomération,Intersection en T,Normale,Autre collision,,,,,,,,,,,1,2,3,1.0,6
201400049757,0014-10-30 22:50:00,14,10,30,22,50,690,383,AVENUE LACASSAGNE,,,Nuit avec éclairage allumé,En agglomération,Hors intersection,Normale,Deux véhicules - arrière,,,,,,,,,,,5,2,1,1.0,2
201400049758,0014-10-31 06:45:00,14,10,31,6,45,690,383,"0, RUE GARIBALDI",,,Plein jour,En agglomération,Hors intersection,Normale,Autre collision,,,,,,,,,,,1,2,1,1.0,6
201400049759,0014-10-31 18:45:00,14,10,31,18,45,690,383,RUE DE BONNEL,,,Nuit avec éclairage allumé,En agglomération,Hors intersection,Normale,Autre collision,,,,,,,,,,,5,2,1,1.0,6
201400049760,0014-10-19 06:14:00,14,10,19,6,14,690,388,"1, PLACE D ARSONVAL",,,Nuit avec éclairage allumé,En agglomération,Intersection en X,Normale,Deux véhicules - côté,,,,,,,,,,,5,2,2,1.0,3
201400049761,0014-11-01 16:30:00,14,11,1,16,30,690,383,"3, COURS GAMBETTA",,,Plein jour,En agglomération,Hors intersection,Normale,Deux véhicules - arrière,,,,,,,,,,,1,2,1,1.0,2
201400049762,0014-11-06 17:50:00,14,11,6,17,50,690,383,RUE DU DAUPHINE,,,Nuit avec éclairage allumé,En agglomération,Intersection en T,Normale,Deux véhicules - côté,,,,,,,,,,,5,2,3,1.0,3
201400049763,0014-11-05 16:55:00,14,11,5,16,55,690,386,RUE MALESHERBES,,,Plein jour,En agglomération,Intersection en X,Pluie légère,Deux véhicules - côté,,,,,,,,,,,1,2,2,2.0,3
201400049764,0014-11-07 17:00:00,14,11,7,17,0,690,383,"2, COURS ALBERT THOMAS",,,Plein jour,En agglomération,Hors intersection,Normale,Deux véhicules - côté,,,,,,,,,,,1,2,1,1.0,3
201400049765,0014-11-07 12:00:00,14,11,7,12,0,690,386,"123, BOULEVARD STALINGRA",,,Plein jour,En agglomération,Hors intersection,Normale,Autre collision,,,,,,,,,,,1,2,1,1.0,6
201400049766,0014-11-08 18:00:00,14,11,8,18,0,690,386,PONT LAFAYETTE,,,Nuit avec éclairage allumé,En agglomération,Intersection en X,Normale,Deux véhicules - côté,,,,,,,,,,,5,2,2,1.0,3
201400049767,0014-11-12 17:40:00,14,11,12,17,40,690,386,"0, BOULEVARD JULES FAVRE",,,Nuit avec éclairage allumé,En agglomération,Intersection en X,Normale,Deux véhicules - côté,,,,,,,,,,,5,2,2,1.0,3
201400049768,0014-11-07 06:25:00,14,11,7,6,25,690,386,RUE D INKERMANN,,,Crépuscule ou aube,En agglomération,Intersection en X,Normale,Deux véhicules - côté,,,,,,,,,,,2,2,2,1.0,3
201400049769,0014-11-06 16:50:00,14,11,6,16,50,690,383,11 RUE PAUL BERT,,,Crépuscule ou aube,En agglomération,Hors intersection,Normale,Autre collision,,,,,,,,,,,2,2,1,1.0,6
201400049770,0014-11-17 11:15:00,14,11,17,11,15,690,383,"0, RUE BARABAN",,,Plein jour,En agglomération,Intersection en X,Normale,Deux véhicules - côté,,,,,,,,,,,1,2,2,1.0,3
201400049771,0014-11-17 07:30:00,14,11,17,7,30,690,383,RUE SAINT ANTOINE,,,Plein jour,En agglomération,Intersection en X,Pluie légère,Deux véhicules - côté,,,,,,,,,,,1,2,2,2.0,3
201400049772,0014-11-17 13:00:00,14,11,17,13,0,690,383,"1, RUE FEUILLAT",,,Plein jour,En agglomération,Intersection en X,Normale,Deux véhicules - côté,,,,,,,,,,,1,2,2,1.0,3
201400049773,0014-11-20 19:45:00,14,11,20,19,45,690,386,"0, RUE BELLECOMBE",,,Nuit avec éclairage allumé,En agglomération,Intersection en T,Normale,Trois véhicules et plus - collisions multiples,,,,,,,,,,,5,2,3,1.0,5
201400049774,0014-11-21 17:20:00,14,11,21,17,20,690,386,COURS FRANKLIN ROOSEVELT,,,Nuit avec éclairage allumé,En agglomération,Intersection en X,Normale,Autre collision,,,,,,,,,,,5,2,2,1.0,6
201400049775,0014-11-12 14:45:00,14,11,12,14,45,690,386,"51, BOULEVARD DES BELGES",,,Plein jour,En agglomération,Hors intersection,Pluie légère,Deux véhicules - arrière,,,,,,,,,,,1,2,1,2.0,2
201400049776,0014-11-24 19:30:00,14,11,24,19,30,690,383,"0, RUE SERVIENT",,,Nuit avec éclairage allumé,En agglomération,Intersection en X,Normale,Deux véhicules - côté,,,,,,,,,,,5,2,2,1.0,3
201400049777,0014-11-07 04:45:00,14,11,7,4,45,690,386,"1, AVENUE DE GRANDE BRET",,,Nuit avec éclairage allumé,En agglomération,Intersection en X,Brouillard / fumée,Autre collision,,,,,,,,,,,5,2,2,5.0,6
201400049778,0014-11-24 19:45:00,14,11,24,19,45,690,383,"196, AVENUE FELIX FAURE",,,Nuit avec éclairage allumé,En agglomération,Hors intersection,Normale,Autre collision,,,,,,,,,,,5,2,1,1.0,6
201400049779,0014-11-27 07:45:00,14,11,27,7,45,690,383,"42, AVENUE GEORGES POMPI",,,Plein jour,En agglomération,Hors intersection,Temps couvert,Sans collision,,,,,,,,,,,1,2,1,8.0,7
201400049780,0014-11-27 09:45:00,14,11,27,9,45,690,383,"270, COURS LAFAYETTE",,,Plein jour,En agglomération,Hors intersection,Normale,Trois véhicules et plus - en chaîne,,,,,,,,,,,1,2,1,1.0,4
201400049781,0014-11-27 20:30:00,14,11,27,20,30,690,383,AVENUE ROCKEFELLER,,,Nuit avec éclairage allumé,En agglomération,Hors intersection,Normale,Autre collision,,,,,,,,,,,5,2,1,1.0,6
201400049782,0014-11-21 11:45:00,14,11,21,11,45,690,386,"59, RUE GARIBALDI",,,Plein jour,En agglomération,Hors intersection,Normale,Autre collision,,,,,,,,,,,1,2,1,1.0,6
201400049783,0014-11-27 18:15:00,14,11,27,18,15,690,383,"0, AVENUE FELIX FAURE",,,Nuit avec éclairage allumé,En agglomération,Intersection en X,Normale,Deux véhicules - frontale,,,,,,,,,,,5,2,2,1.0,1
201400049784,0014-11-28 12:20:00,14,11,28,12,20,690,383,"111, RUE PAUL BERT",,,Plein jour,En agglomération,Hors intersection,Normale,Autre collision,,,,,,,,,,,1,2,1,1.0,6
201400049785,0014-12-01 08:20:00,14,12,1,8,20,690,383,"47, AVENUE FELIX FAURE",,,Plein jour,En agglomération,,Pluie légère,Sans collision,,,,,,,,,,,1,2,0,2.0,7
201400049786,0014-12-03 08:50:00,14,12,3,8,50,690,383,"0, RUE GABILLOT",,,Plein jour,En agglomération,Hors intersection,Normale,Autre collision,,,,,,,,,,,1,2,1,1.0,6
201400049787,0014-12-05 19:00:00,14,12,5,19,0,690,383,"75, RUE DE LA VILLETTE",,,Nuit avec éclairage allumé,En agglomération,Hors intersection,Normale,Deux véhicules - côté,,,,,,,,,,,5,2,1,1.0,3
201400049788,0014-12-06 19:30:00,14,12,6,19,30,690,383,"106, AVENUE MARECHAL DE",,,Nuit avec éclairage allumé,En agglomération,Intersection en X,Pluie légère,Deux véhicules - côté,,,,,,,,,,,5,2,2,2.0,3
201400049789,0014-12-08 07:35:00,14,12,8,7,35,690,386,"0, RUE GARIBALDI",,,Crépuscule ou aube,En agglomération,Intersection en X,Pluie légère,Autre collision,,,,,,,,,,,2,2,2,2.0,6
201400049790,0014-12-08 17:05:00,14,12,8,17,5,690,383,RUE PAUL BERT,,,Nuit avec éclairage allumé,En agglomération,Intersection en X,Normale,Deux véhicules - côté,,,,,,,,,,,5,2,2,1.0,3
201400049791,0014-12-08 17:40:00,14,12,8,17,40,690,383,"2, RUE FREDERIC MISTRAL",,,Crépuscule ou aube,En agglomération,Hors intersection,Normale,Trois véhicules et plus - collisions multiples,,,,,,,,,,,2,2,1,1.0,5