accident_id,datetime,annee,mois,jour,heure,minute,departement,commune_insee,adresse,latitude,longitude,luminosite,agglomeration,intersection,meteo,collision,nb_vehicules,nb_usagers,nb_indemnes,nb_tues,nb_blesses_hosp,nb_blesses_legers,age_cond_1,age_cond_2,veh_type_cond_1,veh_type_cond_2,lum_code,agg_code,int_code,atm_code,col_code
201400050186,0014-02-20 10:05:00,14,2,20,10,5,570,447,RN 431,,,Plein jour,Hors agglomération,Hors intersection,Normale,Deux véhicules - frontale,,,,,,,,,,,1,1,1,1.0,1
201400050187,0014-03-04 08:30:00,14,3,4,8,30,570,447,RN 431,,,Plein jour,Hors agglomération,Hors intersection,Normale,Autre collision,,,,,,,,,,,1,1,1,1.0,6
201400050188,0014-03-25 20:48:00,14,3,25,20,48,570,463,Autoroute A31,,,Nuit sans éclairage public,Hors agglomération,Hors intersection,Normale,Trois véhicules et plus - en chaîne,,,,,,,,,,,3,1,1,1.0,4
201400050189,0014-04-16 03:00:00,14,4,16,3,0,570,666,Autoroute A31,,,Nuit sans éclairage public,Hors agglomération,Hors intersection,Normale,Deux véhicules - arrière,,,,,,,,,,,3,1,1,1.0,2
201400050190,0014-04-28 01:05:00,14,4,28,1,5,570,663,Autoroute A31,,,Nuit sans éclairage public,Hors agglomération,Hors intersection,Normale,Deux véhicules - arrière,,,,,,,,,,,3,1,1,1.0,2
201400050191,0014-05-24 07:20:00,14,5,24,7,20,570,672,Autoroute A31,,,Plein jour,Hors agglomération,Hors intersection,Pluie légère,Autre collision,,,,,,,,,,,1,1,1,2.0,6
201400050192,0014-06-05 10:30:00,14,6,5,10,30,570,666,Autoroute A31,,,Plein jour,Hors agglomération,Hors intersection,Normale,Autre collision,,,,,,,,,,,1,1,1,1.0,6
201400050193,0014-06-16 08:15:00,14,6,16,8,15,570,194,Autoroute A31,,,Plein jour,Hors agglomération,Hors intersection,Normale,Deux véhicules - côté,,,,,,,,,,,1,1,1,1.0,3
201400050194,0014-06-19 15:40:00,14,6,19,15,40,570,303,Autoroute A31,,,Plein jour,Hors agglomération,Hors intersection,Normale,Sans collision,,,,,,,,,,,1,1,1,1.0,7
201400050195,0014-06-26 01:50:00,14,6,26,1,50,570,343,Autoroute A31,,,Nuit sans éclairage public,Hors agglomération,Hors intersection,Normale,Deux véhicules - arrière,,,,,,,,,,,3,1,1,1.0,2
201400050196,0014-07-21 11:10:00,14,7,21,11,10,570,303,Autoroute A31,,,Plein jour,Hors agglomération,Hors intersection,Pluie forte,Deux véhicules - arrière,,,,,,,,,,,1,1,1,3.0,2
201400050197,0014-07-24 19:50:00,14,7,24,19,50,570,672,Autoroute A31,,,Plein jour,Hors agglomération,Hors intersection,Pluie légère,Deux véhicules - arrière,,,,,,,,,,,1,1,1,2.0,2
201400050198,0014-08-10 23:55:00,14,8,10,23,55,570,534,RN 431,,,Nuit sans éclairage public,Hors agglomération,Hors intersection,Pluie légère,Deux véhicules - arrière,,,,,,,,,,,3,1,1,2.0,2
201400050199,0014-08-22 04:45:00,14,8,22,4,45,570,663,Autoroute A31,,,Nuit avec éclairage non allumé,Hors agglomération,Hors intersection,Normale,Sans collision,,,,,,,,,,,4,1,1,1.0,7
201400050200,0014-08-23 15:45:00,14,8,23,15,45,570,306,Autoroute  A30,,,Plein jour,Hors agglomération,Hors intersection,Normale,Sans collision,,,,,,,,,,,1,1,1,1.0,7
201400050201,0014-09-04 06:30:00,14,9,4,6,30,570,672,Autoroute A31,,,Crépuscule ou aube,Hors agglomération,Hors intersection,Normale,Trois véhicules et plus - collisions multiples,,,,,,,,,,,2,1,1,1.0,5
201400050202,0014-09-09 18:05:00,14,9,9,18,5,570,672,Autoroute A31,,,Plein jour,Hors agglomération,Hors intersection,Normale,Deux véhicules - arrière,,,,,,,,,,,1,1,1,1.0,2
201400050203,0014-09-12 18:18:00,14,9,12,18,18,570,463,Autoroute A31,,,Plein jour,Hors agglomération,Hors intersection,Normale,Deux véhicules - arrière,,,,,,,,,,,1,1,1,1.0,2
201400050204,0014-10-09 11:10:00,14,10,9,11,10,570,663,Autoroute A31,,,Plein jour,Hors agglomération,Hors intersection,Pluie forte,Deux véhicules - côté,,,,,,,,,,,1,1,1,3.0,3
201400050205,0014-10-29 03:00:00,14,10,29,3,0,570,663,Autoroute  A31,,,Nuit sans éclairage public,Hors agglomération,Hors intersection,Normale,Autre collision,,,,,,,,,,,3,1,1,1.0,6
201400050206,0014-11-01 14:25:00,14,11,1,14,25,570,487,Autoroute A31,,,Plein jour,Hors agglomération,Hors intersection,Normale,Deux véhicules - arrière,,,,,,,,,,,1,1,1,1.0,2
201400050207,0014-11-25 18:35:00,14,11,25,18,35,570,463,Autoroute A31,,,Nuit avec éclairage non allumé,Hors agglomération,Hors intersection,Normale,Trois véhicules et plus - en chaîne,,,,,,,,,,,4,1,1,1.0,4
201400050208,0014-12-05 03:22:00,14,12,5,3,22,570,463,Autoroute  A31,,,Nuit avec éclairage non allumé,Hors agglomération,Hors intersection,Normale,Autre collision,,,,,,,,,,,4,1,1,1.0,6
201400050209,0014-12-06 13:05:00,14,12,6,13,5,570,663,Autoroute A31,,,Plein jour,Hors agglomération,Hors intersection,Normale,Trois véhicules et plus - collisions multiples,,,,,,,,,,,1,1,1,1.0,5
201400050210,0014-12-09 07:50:00,14,12,9,7,50,570,463,RN 431,,,Crépuscule ou aube,Hors agglomération,Hors intersection,Pluie légère,Trois véhicules et plus - en chaîne,,,,,,,,,,,2,1,1,2.0,4
201400050211,0014-12-21 06:20:00,14,12,21,6,20,570,534,RN 431,,,Nuit sans éclairage public,Hors agglomération,Hors intersection,Normale,Autre collision,,,,,,,,,,,3,1,1,1.0,6
201400050212,0014-12-03 18:30:00,14,12,3,18,30,570,412,Autoroute A31,,,Nuit sans éclairage public,Hors agglomération,Hors intersection,Normale,Deux véhicules - arrière,,,,,,,,,,,3,1,1,1.0,2
201400050213,0014-01-06 15:00:00,14,1,6,15,0,690,387,"78, AVENUE JEAN JAURES",,,Plein jour,En agglomération,Intersection en X,Normale,Autre collision,,,,,,,,,,,1,2,2,1.0,6
201400050214,0014-01-06 20:34:00,14,1,6,20,34,690,387,"77, AVENUE BERTHELOT",,,Nuit avec éclairage allumé,En agglomération,Intersection en X,Vent fort / tempête,Deux véhicules - côté,,,,,,,,,,,5,2,2,6.0,3
201400050215,0014-01-07 12:50:00,14,1,7,12,50,690,387,RUE DE MARSEILLE,,,Plein jour,En agglomération,Hors intersection,Normale,Autre collision,,,,,,,,,,,1,2,1,1.0,6
201400050216,0014-01-09 17:50:00,14,1,9,17,50,690,387,"0, AVENUE JEAN JAURES",,,Nuit avec éclairage allumé,En agglomération,Intersection en X,Normale,Deux véhicules - frontale,,,,,,,,,,,5,2,2,1.0,1
201400050217,0014-01-10 21:30:00,14,1,10,21,30,690,387,RUE CREPET,,,Nuit avec éclairage allumé,En agglomération,Intersection en X,Normale,Deux véhicules - côté,,,,,,,,,,,5,2,2,1.0,3
201400050218,0014-01-15 16:10:00,14,1,15,16,10,690,387,"19, AVENUE BERTHELOT",,,Plein jour,En agglomération,Hors intersection,Normale,Deux véhicules - côté,,,,,,,,,,,1,2,1,1.0,3
201400050219,0014-01-26 04:40:00,14,1,26,4,40,690,387,"0, AVENUE JEAN JAURES",,,Nuit avec éclairage allumé,En agglomération,Intersection en X,Normale,Deux véhicules - côté,,,,,,,,,,,5,2,2,1.0,3
201400050220,0014-01-19 20:00:00,14,1,19,20,0,690,387,AVENUE JEAN JAURES,,,Nuit avec éclairage allumé,En agglomération,Intersection en X,Autre,Autre collision,,,,,,,,,,,5,2,2,9.0,6
201400050221,0014-01-22 20:50:00,14,1,22,20,50,690,387,"0, RUE DE GERLAND",,,Nuit avec éclairage allumé,En agglomération,Intersection en X,Normale,Deux véhicules - côté,,,,,,,,,,,5,2,2,1.0,3
201400050222,0014-01-24 07:15:00,14,1,24,7,15,690,387,RUE RAOUL SERVANT,,,Nuit avec éclairage allumé,En agglomération,Intersection en X,Normale,Deux véhicules - côté,,,,,,,,,,,5,2,2,1.0,3
201400050223,0014-02-03 11:00:00,14,2,3,11,0,690,387,"187, GRANDE RUE DE LA GU",,,Plein jour,En agglomération,Hors intersection,Normale,Autre collision,,,,,,,,,,,1,2,1,1.0,6
201400050224,0014-02-05 18:25:00,14,2,5,18,25,690,387,"0, RUE GARIBALDI",,,Nuit avec éclairage allumé,En agglomération,Intersection en X,Normale,Autre collision,,,,,,,,,,,5,2,2,1.0,6
201400050225,0014-02-10 08:50:00,14,2,10,8,50,690,387,PONT DE LA GUILLOTIERE,,,Plein jour,En agglomération,Hors intersection,Pluie légère,Deux véhicules - côté,,,,,,,,,,,1,2,1,2.0,3
201400050226,0014-02-12 11:45:00,14,2,12,11,45,690,387,"367, RUE GARIBALDI",,,Plein jour,En agglomération,Hors intersection,Normale,Deux véhicules - côté,,,,,,,,,,,1,2,1,1.0,3
201400050227,0014-02-15 19:30:00,14,2,15,19,30,690,387,BOULEVARD YVES FARGE,,,Nuit avec éclairage allumé,En agglomération,Hors intersection,Pluie légère,Autre collision,,,,,,,,,,,5,2,1,2.0,6
201400050228,0014-02-14 07:25:00,14,2,14,7,25,690,387,"182, AVENUE BERTHELOT",,,Plein jour,En agglomération,Hors intersection,Normale,Autre collision,,,,,,,,,,,1,2,1,1.0,6
201400050229,0014-02-16 16:00:00,14,2,16,16,0,690,387,"71, AVENUE TONY GARNIER",,,Plein jour,En agglomération,Hors intersection,Normale,Deux véhicules - arrière,,,,,,,,,,,1,2,1,1.0,2
201400050230,0014-02-16 19:40:00,14,2,16,19,40,690,387,"0, AVENUE TONY GARNIER",,,Nuit avec éclairage allumé,En agglomération,Intersection en X,Normale,Deux véhicules - côté,,,,,,,,,,,5,2,2,1.0,3
201400050231,0014-02-19 19:30:00,14,2,19,19,30,690,387,"22.23, RUE CHEVREUL",,,Nuit sans éclairage public,En agglomération,Hors intersection,Autre,Sans collision,,,,,,,,,,,3,2,1,9.0,7
201400050232,0014-02-27 11:05:00,14,2,27,11,5,690,387,QUAI CLAUDE BERNARD,,,Plein jour,En agglomération,Hors intersection,Pluie légère,Deux véhicules - côté,,,,,,,,,,,1,2,1,2.0,3
201400050233,0014-03-02 01:50:00,14,3,2,1,50,690,387,"20, AVENUE DEBOURG",,,Nuit avec éclairage allumé,En agglomération,Hors intersection,Normale,Trois véhicules et plus - en chaîne,,,,,,,,,,,5,2,1,1.0,4
201400050234,0014-03-04 07:45:00,14,3,4,7,45,690,387,"0, RUE DE LA THIBAUDIERE",,,Plein jour,En agglomération,Intersection en X,Normale,Deux véhicules - côté,,,,,,,,,,,1,2,2,1.0,3
201400050235,0014-03-07 16:15:00,14,3,7,16,15,690,387,"0, COURS GAMBETTA",,,Plein jour,En agglomération,Intersection en X,Normale,Deux véhicules - côté,,,,,,,,,,,1,2,2,1.0,3
201400050236,0014-03-09 12:50:00,14,3,9,12,50,690,387,"07, RUE BENJAMIN DELESSE",,,Plein jour,En agglomération,Hors intersection,Normale,Autre collision,,,,,,,,,,,1,2,1,1.0,6
201400050237,0014-03-10 13:10:00,14,3,10,13,10,690,387,"1, RUE MARC BLOCH",,,Plein jour,En agglomération,Intersection en X,Normale,Autre collision,,,,,,,,,,,1,2,2,1.0,6
201400050238,0014-03-16 13:10:00,14,3,16,13,10,690,387,"16, PLACE JEAN MACE",,,Plein jour,En agglomération,Hors intersection,Normale,Autre collision,,,,,,,,,,,1,2,1,1.0,6
201400050239,0014-03-17 12:20:00,14,3,17,12,20,690,387,RUE CREPET,,,Plein jour,En agglomération,Intersection en X,Normale,Autre collision,,,,,,,,,,,1,2,2,1.0,6
201400050240,0014-03-17 11:50:00,14,3,17,11,50,690,387,"129, AVENUE JEAN JAURES",,,Plein jour,En agglomération,Hors intersection,Normale,Deux véhicules - côté,,,,,,,,,,,1,2,1,1.0,3
201400050241,0014-03-19 23:30:00,14,3,19,23,30,690,387,"12, COURS GAMBETTA",,,Nuit avec éclairage allumé,En agglomération,Hors intersection,Normale,Deux véhicules - arrière,,,,,,,,,,,5,2,1,1.0,2
201400050242,0014-03-20 16:00:00,14,3,20,16,0,690,387,"96, AVENUE DEBOURG",,,Plein jour,En agglomération,Hors intersection,Normale,Autre collision,,,,,,,,,,,1,2,1,1.0,6
201400050243,0014-03-22 21:35:00,14,3,22,21,35,690,387,AVENUE BERTHELOT,,,Nuit avec éclairage allumé,En agglomération,Intersection en T,Normale,Deux véhicules - côté,,,,,,,,,,,5,2,3,1.0,3
201400050244,0014-03-25 10:40:00,14,3,25,10,40,690,387,"0, RUE JACQUES MONOD",,,Plein jour,En agglomération,Intersection en T,Normale,Deux véhicules - arrière,,,,,,,,,,,1,2,3,1.0,2
201400050245,0014-03-15 19:00:00,14,3,15,19,0,690,387,"0, RUE CREPET",,,Nuit avec éclairage allumé,En agglomération,Intersection en X,Normale,Deux véhicules - côté,,,,,,,,,,,5,2,2,1.0,3
201400050246,0014-03-24 18:30:00,14,3,24,18,30,690,387,AVENUE LECLERC,,,Nuit avec éclairage non allumé,En agglomération,Place,Normale,Deux véhicules - côté,,,,,,,,,,,4,2,7,1.0,3
201400050247,0014-03-26 18:30:00,14,3,26,18,30,690,387,"64, AVENUE JEAN JAURES",,,Crépuscule ou aube,En agglomération,Hors intersection,Normale,Autre collision,,,,,,,,,,,2,2,1,1.0,6
201400050248,0014-03-28 08:25:00,14,3,28,8,25,690,387,BOULEVARD CHAMBAUD DE LA,,,Plein jour,En agglomération,Hors intersection,Normale,Deux véhicules - arrière,,,,,,,,,,,1,2,1,1.0,2
201400050249,0014-03-28 09:20:00,14,3,28,9,20,690,387,"92bis, AVENUE DEBOURG",,,Plein jour,En agglomération,Hors intersection,Normale,Autre collision,,,,,,,,,,,1,2,1,1.0,6
201400050250,0014-04-04 16:45:00,14,4,4,16,45,690,387,"79, BOULEVARD YVES FARGE",,,Plein jour,En agglomération,Hors intersection,Normale,Autre collision,,,,,,,,,,,1,2,1,1.0,6
201400050251,0014-04-01 14:05:00,14,4,1,14,5,690,387,"0, AVENUE DEBOURG",,,Plein jour,En agglomération,Intersection en X,Normale,Deux véhicules - frontale,,,,,,,,,,,1,2,2,1.0,1
201400050252,0014-04-01 18:30:00,14,4,1,18,30,690,387,PONT DE L UNIVERSITE,,,Plein jour,En agglomération,Hors intersection,Normale,Autre collision,,,,,,,,,,,1,2,1,1.0,6
201400050253,0014-04-09 19:00:00,14,4,9,19,0,690,387,PONT DE LA GUILLOTIERE,,,Plein jour,En agglomération,Hors intersection,Normale,Deux véhicules - arrière,,,,,,,,,,,1,2,1,1.0,2
201400050254,0014-04-07 20:30:00,14,4,7,20,30,690,387,"0, PLACE DOCTEUR CHARLES",,,Nuit avec éclairage allumé,En agglomération,Hors intersection,Normale,Deux véhicules - arrière,,,,,,,,,,,5,2,1,1.0,2
201400050255,0014-04-06 04:10:00,14,4,6,4,10,690,387,"0, RUE ANTONIN PERRIN",,,Nuit avec éclairage allumé,En agglomération,Hors intersection,Normale,Deux véhicules - arrière,,,,,,,,,,,5,2,1,1.0,2
201400050256,0014-04-06 19:20:00,14,4,6,19,20,690,387,QUAI CLAUDE BERNARD,,,Crépuscule ou aube,En agglomération,Hors intersection,Normale,Deux véhicules - côté,,,,,,,,,,,2,2,1,1.0,3
201400050257,0014-04-08 10:30:00,14,4,8,10,30,690,387,"18, AVENUE JEAN JAURES",,,Plein jour,En agglomération,Hors intersection,Normale,Deux véhicules - arrière,,,,,,,,,,,1,2,1,1.0,2
201400050258,0014-04-11 13:55:00,14,4,11,13,55,690,387,GRANDE RUE DE LA GUILLOT,,,Plein jour,En agglomération,Hors intersection,Normale,Autre collision,,,,,,,,,,,1,2,1,1.0,6
201400050259,0014-04-15 13:50:00,14,4,15,13,50,690,387,"0, AVENUE TONY GARNIER",,,Plein jour,En agglomération,Intersection en T,Normale,Deux véhicules - côté,,,,,,,,,,,1,2,3,1.0,3
201400050260,0014-04-17 14:32:00,14,4,17,14,32,690,387,"1, AVENUE TONY GARNIER",,,Plein jour,En agglomération,Intersection en X,Normale,Deux véhicules - côté,,,,,,,,,,,1,2,2,1.0,3
201400050261,0014-04-09 08:40:00,14,4,9,8,40,690,387,"82, AVENUE DEBOURG",,,Plein jour,En agglomération,Hors intersection,Normale,Deux véhicules - frontale,,,,,,,,,,,1,2,1,1.0,1
201400050262,0014-04-13 16:00:00,14,4,13,16,0,690,387,"21, ALLEE PIERRE DE COUB",,,Plein jour,En agglomération,Hors intersection,Normale,Deux véhicules - arrière,,,,,,,,,,,1,2,1,1.0,2
201400050263,0014-04-17 18:35:00,14,4,17,18,35,690,387,"0, AVENUE TONY GARNIER",,,Plein jour,En agglomération,Intersection en X,Temps éblouissant,Deux véhicules - frontale,,,,,,,,,,,1,2,2,7.0,1
201400050264,0014-04-16 09:30:00,14,4,16,9,30,690,387,RUE PROFESSEUR GRIGNARD,,,Plein jour,En agglomération,Intersection en X,Normale,Deux véhicules - côté,,,,,,,,,,,1,2,2,1.0,3
201400050265,0014-04-16 11:15:00,14,4,16,11,15,690,387,AVENUE BERTHELOT,,,Plein jour,En agglomération,Intersection en X,Normale,Deux véhicules - côté,,,,,,,,,,,1,2,2,1.0,3
201400050266,0014-04-22 20:50:00,14,4,22,20,50,690,387,"0, RUE SIMON FRYD",,,Nuit avec éclairage allumé,En agglomération,Intersection en X,Pluie légère,Deux véhicules - côté,,,,,,,,,,,5,2,2,2.0,3
201400050267,0014-04-19 11:30:00,14,4,19,11,30,690,387,COURS GAMBETTA,,,Plein jour,En agglomération,Intersection en X,Normale,Deux véhicules - côté,,,,,,,,,,,1,2,2,1.0,3
201400050268,0014-04-23 19:50:00,14,4,23,19,50,690,387,AVENUE DEBOURG,,,Plein jour,En agglomération,Intersection en X,Normale,Deux véhicules - frontale,,,,,,,,,,,1,2,2,1.0,1
201400050269,0014-04-22 09:10:00,14,4,22,9,10,690,387,"0, AVENUE TONY GARNIER",,,Plein jour,En agglomération,Intersection en X,Normale,Sans collision,,,,,,,,,,,1,2,2,1.0,7
201400050270,0014-04-22 16:25:00,14,4,22,16,25,690,387,"1, RUE GARIBALDI",,,Plein jour,En agglomération,Intersection en X,Normale,Deux véhicules - arrière,,,,,,,,,,,1,2,2,1.0,2
201400050271,0014-04-25 18:50:00,14,4,25,18,50,690,387,BOULEVARD YVES FARGE,,,Plein jour,En agglomération,Hors intersection,Normale,Deux véhicules - côté,,,,,,,,,,,1,2,1,1.0,3
201400050272,0014-04-30 13:00:00,14,4,30,13,0,690,387,COURS GAMBETTA,,,Plein jour,En agglomération,Hors intersection,Normale,Deux véhicules - côté,,,,,,,,,,,1,2,1,1.0,3
201400050273,0014-05-04 17:05:00,14,5,4,17,5,690,387,"12, PLACE RASPAIL",,,Plein jour,En agglomération,Hors intersection,Normale,Deux véhicules - arrière,,,,,,,,,,,1,2,1,1.0,2
201400050274,0014-05-10 19:10:00,14,5,10,19,10,690,387,"178, BOULEVARD YVES FARG",,,Plein jour,En agglomération,Hors intersection,Normale,Autre collision,,,,,,,,,,,1,2,1,1.0,6
201400050275,0014-05-12 00:45:00,14,5,12,0,45,690,388,210 AVENUE BERTHELOT,,,Nuit avec éclairage allumé,En agglomération,Hors intersection,Normale,Deux véhicules - côté,,,,,,,,,,,5,2,1,1.0,3
201400050276,0014-04-22 16:24:00,14,4,22,16,24,690,387,"0, RUE MARC BLOCH",,,Plein jour,En agglomération,Hors intersection,Normale,Deux véhicules - arrière,,,,,,,,,,,1,2,1,1.0,2
201400050277,0014-05-13 17:50:00,14,5,13,17,50,690,387,"11, AVENUE LECLERC",,,Plein jour,En agglomération,Hors intersection,Normale,Deux véhicules - côté,,,,,,,,,,,1,2,1,1.0,3
201400050278,0014-05-15 08:05:00,14,5,15,8,5,690,387,RUE PROFESSEUR GRIGNARD,,,Plein jour,En agglomération,Intersection en X,Normale,Deux véhicules - côté,,,,,,,,,,,1,2,2,1.0,3
201400050279,0014-05-18 01:20:00,14,5,18,1,20,690,387,AVENUE TONY GARNIER,,,Nuit avec éclairage allumé,En agglomération,Hors intersection,Normale,Deux véhicules - côté,,,,,,,,,,,5,2,1,1.0,3
201400050280,0014-05-28 18:40:00,14,5,28,18,40,690,387,QUAI CLAUDE BERNARD,,,Plein jour,En agglomération,Hors intersection,Normale,Deux véhicules - côté,,,,,,,,,,,1,2,1,1.0,3
201400050281,0014-05-20 19:20:00,14,5,20,19,20,690,387,PONT PASTEUR,,,Plein jour,En agglomération,Hors intersection,Normale,Deux véhicules - côté,,,,,,,,,,,1,2,1,1.0,3
201400050282,0014-05-23 20:00:00,14,5,23,20,0,690,387,"0, BOULEVARD CHAMBAUD DE",,,Plein jour,En agglomération,Hors intersection,Temps couvert,Sans collision,,,,,,,,,,,1,2,1,8.0,7
201400050283,0014-05-21 10:30:00,14,5,21,10,30,690,387,RUE BECHEVELIN,,,Plein jour,En agglomération,Intersection en X,Normale,Autre collision,,,,,,,,,,,1,2,2,1.0,6
201400050284,0014-05-29 18:10:00,14,5,29,18,10,690,387,"0, AVENUE DEBOURG",,,Plein jour,En agglomération,Intersection en X,Normale,Deux véhicules - côté,,,,,,,,,,,1,2,2,1.0,3
201400050285,0014-05-26 18:45:00,14,5,26,18,45,690,387,AVENUE DEBOURG,,,Plein jour,En agglomération,Intersection en X,Pluie forte,Deux véhicules - côté,,,,,,,,,,,1,2,2,3.0,3
201400050286,0014-05-28 11:50:00,14,5,28,11,50,690,387,RUE DOMER,,,Plein jour,En agglomération,Hors intersection,Normale,Autre collision,,,,,,,,,,,1,2,1,1.0,6
201400050287,0014-05-30 11:30:00,14,5,30,11,30,690,387,"4 bis, RUE DE L UNIVERSI",,,Plein jour,En agglomération,Hors intersection,Normale,Deux véhicules - côté,,,,,,,,,,,1,2,1,1.0,3
201400050288,0014-05-12 11:10:00,14,5,12,11,10,690,387,"0, BOULEVARD CHAMBAUD DE",,,Plein jour,En agglomération,Hors intersection,Normale,Deux véhicules - côté,,,,,,,,,,,1,2,1,1.0,3
201400050289,0014-05-22 14:25:00,14,5,22,14,25,690,387,"0, RUE DE L UNIVERSITE",,,Plein jour,En agglomération,Intersection en X,Pluie forte,Autre collision,,,,,,,,,,,1,2,2,3.0,6
201400050290,0014-05-29 22:10:00,14,5,29,22,10,690,387,RUE CHEVREUL,,,Nuit avec éclairage allumé,En agglomération,Hors intersection,Normale,Autre collision,,,,,,,,,,,5,2,1,1.0,6
201400050291,0014-06-05 23:15:00,14,6,5,23,15,690,387,84 RUE D ANVERS,,,Nuit avec éclairage allumé,Hors agglomération,Hors intersection,Normale,Trois véhicules et plus - collisions multiples,,,,,,,,,,,5,1,1,1.0,5
201400050292,0014-06-03 17:50:00,14,6,3,17,50,690,387,"195, RUE DE GERLAND",,,Plein jour,En agglomération,Hors intersection,Normale,Autre collision,,,,,,,,,,,1,2,1,1.0,6
201400050293,0014-06-11 12:00:00,14,6,11,12,0,690,387,RUE CHEVREUL,,,Plein jour,En agglomération,Hors intersection,Normale,Autre collision,,,,,,,,,,,1,2,1,1.0,6
201400050294,0014-06-12 11:15:00,14,6,12,11,15,690,387,26 COURS GAMBETTA,,,Plein jour,En agglomération,Hors intersection,Normale,Autre collision,,,,,,,,,,,1,2,1,1.0,6
201400050295,0014-06-11 10:20:00,14,6,11,10,20,690,387,"0, GRANDE RUE DE LA GUIL",,,Plein jour,En agglomération,Intersection en X,Normale,Autre collision,,,,,,,,,,,1,2,2,1.0,6
201400050296,0014-06-17 11:18:00,14,6,17,11,18,690,387,"166, AVENUE BERTHELOT",,,Plein jour,En agglomération,Hors intersection,Normale,Trois véhicules et plus - en chaîne,,,,,,,,,,,1,2,1,1.0,4
201400050297,0014-06-25 17:50:00,14,6,25,17,50,690,387,AVENUE DEBOURG,,,Plein jour,En agglomération,Hors intersection,Normale,Deux véhicules - frontale,,,,,,,,,,,1,2,1,1.0,1
201400050298,0014-06-21 19:30:00,14,6,21,19,30,690,387,"0, PONT GALLIENI",,,Plein jour,En agglomération,Hors intersection,Normale,Deux véhicules - côté,,,,,,,,,,,1,2,1,1.0,3
201400050299,0014-06-05 12:55:00,14,6,5,12,55,690,387,RUE GARIBALDI,,,Plein jour,En agglomération,Hors intersection,Normale,Autre collision,,,,,,,,,,,1,2,1,1.0,6
201400050300,0014-06-17 09:38:00,14,6,17,9,38,690,387,RUE DE GERLAND,,,Plein jour,En agglomération,Hors intersection,Normale,Deux véhicules - côté,,,,,,,,,,,1,2,1,1.0,3
201400050301,0014-06-25 11:00:00,14,6,25,11,0,690,387,"0, AVENUE TONY GARNIER",,,Plein jour,En agglomération,Hors intersection,Normale,Autre collision,,,,,,,,,,,1,2,1,1.0,6
201400050302,0014-06-18 21:20:00,14,6,18,21,20,690,387,QUAI CLAUDE BERNARD,,,Crépuscule ou aube,En agglomération,Hors intersection,Pluie légère,Sans collision,,,,,,,,,,,2,2,1,2.0,7
201400050303,0014-07-01 13:50:00,14,7,1,13,50,690,387,BOULEVARD YVES FARGE,,,Plein jour,En agglomération,Intersection en X,Normale,Deux véhicules - côté,,,,,,,,,,,1,2,2,1.0,3
201400050304,0014-07-16 18:00:00,14,7,16,18,0,690,387,"26, RUE PERE CHEVRIER",,,Plein jour,En agglomération,Intersection en X,Normale,Deux véhicules - côté,,,,,,,,,,,1,2,2,1.0,3
201400050305,0014-07-23 17:17:00,14,7,23,17,17,690,387,AVENUE BERTHELOT,,,Plein jour,En agglomération,Hors intersection,Normale,Deux véhicules - arrière,,,,,,,,,,,1,2,1,1.0,2
201400050306,0014-07-09 20:25:00,14,7,9,20,25,690,387,"1, BOULEVARD CHAMBAUD DE",,,Plein jour,En agglomération,Hors intersection,Pluie légère,Autre collision,,,,,,,,,,,1,2,1,2.0,6
201400050307,0014-08-02 21:30:00,14,8,2,21,30,690,387,AVENUE BERTHELOT,,,Crépuscule ou aube,En agglomération,Intersection en X,Normale,Deux véhicules - côté,,,,,,,,,,,2,2,2,1.0,3
201400050308,0014-08-11 12:20:00,14,8,11,12,20,690,387,"0, BOULEVARD CHAMBAUD DE",,,Plein jour,En agglomération,Hors intersection,Pluie légère,Trois véhicules et plus - collisions multiples,,,,,,,,,,,1,2,1,2.0,5
201400050309,0014-08-15 02:50:00,14,8,15,2,50,690,387,"0, BOULEVARD CHAMBAUD DE",,,Nuit avec éclairage allumé,En agglomération,Intersection en X,Pluie légère,Deux véhicules - arrière,,,,,,,,,,,5,2,2,2.0,2
201400050310,0014-08-28 19:15:00,14,8,28,19,15,690,387,RUE DE MARSEILLE,,,Plein jour,En agglomération,Intersection en X,Normale,Autre collision,,,,,,,,,,,1,2,2,1.0,6
201400050311,0014-08-20 11:55:00,14,8,20,11,55,690,387,"0, AVENUE BERTHELOT",,,Plein jour,En agglomération,Hors intersection,Normale,Deux véhicules - arrière,,,,,,,,,,,1,2,1,1.0,2
201400050312,0014-09-09 19:30:00,14,9,9,19,30,690,387,"0, AVENUE LECLERC",,,Plein jour,En agglomération,Intersection en X,Normale,Deux véhicules - côté,,,,,,,,,,,1,2,2,1.0,3
201400050313,0014-09-05 19:25:00,14,9,5,19,25,690,387,20 BD YVES FARGE,,,Plein jour,En agglomération,Hors intersection,Normale,Autre collision,,,,,,,,,,,1,2,1,1.0,6
201400050314,0014-09-03 02:00:00,14,9,3,2,0,690,387,"20, AVENUE DEBOURG",,,Nuit avec éclairage allumé,En agglomération,Hors intersection,Normale,Trois véhicules et plus - collisions multiples,,,,,,,,,,,5,2,1,1.0,5
201400050315,0014-09-12 18:25:00,14,9,12,18,25,690,387,"20, RUE CLEMENT MAROT",,,Plein jour,En agglomération,Hors intersection,Normale,Autre collision,,,,,,,,,,,1,2,1,1.0,6