accident_id,datetime,annee,mois,jour,heure,minute,departement,commune_insee,adresse,latitude,longitude,luminosite,agglomeration,intersection,meteo,collision,nb_vehicules,nb_usagers,nb_indemnes,nb_tues,nb_blesses_hosp,nb_blesses_legers,age_cond_1,age_cond_2,veh_type_cond_1,veh_type_cond_2,lum_code,agg_code,int_code,atm_code,col_code
201400050316,0014-09-04 17:35:00,14,9,4,17,35,690,387,RUE DE GERLAND,,,Plein jour,En agglomération,Intersection en X,Normale,Deux véhicules - côté,,,,,,,,,,,1,2,2,1.0,3
201400050317,0014-09-14 18:30:00,14,9,14,18,30,690,387,AVENUE TONY GARNIER,,,Plein jour,En agglomération,Hors intersection,Normale,Autre collision,,,,,,,,,,,1,2,1,1.0,6
201400050318,0014-09-10 16:00:00,14,9,10,16,0,690,387,"65, BOULEVARD YVES FARGE",,,Plein jour,En agglomération,Hors intersection,Normale,Trois véhicules et plus - en chaîne,,,,,,,,,,,1,2,1,1.0,4
201400050319,0014-09-12 17:40:00,14,9,12,17,40,690,387,"0, RUE JEAN VALLIER",,,Plein jour,En agglomération,Intersection en T,Pluie légère,Deux véhicules - côté,,,,,,,,,,,1,2,3,2.0,3
201400050320,0014-09-06 05:15:00,14,9,6,5,15,690,387,"60, AVENUE BERTHELOT",,,Nuit avec éclairage allumé,En agglomération,Hors intersection,Normale,Autre collision,,,,,,,,,,,5,2,1,1.0,6
201400050321,0014-09-20 03:30:00,14,9,20,3,30,690,387,"0, AVENUE JEAN JAURES",,,Nuit avec éclairage allumé,En agglomération,Intersection en X,Normale,Deux véhicules - côté,,,,,,,,,,,5,2,2,1.0,3
201400050322,0014-09-02 18:15:00,14,9,2,18,15,690,387,"23, RUE CHALLEMEL LACOUR",,,Plein jour,En agglomération,Hors intersection,Normale,Autre collision,,,,,,,,,,,1,2,1,1.0,6
201400050323,0014-09-19 14:45:00,14,9,19,14,45,690,387,RUE CHALLEMEL LACOUR,,,Plein jour,En agglomération,Hors intersection,Normale,Deux véhicules - arrière,,,,,,,,,,,1,2,1,1.0,2
201400050324,0014-09-12 17:30:00,14,9,12,17,30,690,387,"0, AVENUE TONY GARNIER",,,Plein jour,En agglomération,Intersection en X,Normale,Deux véhicules - arrière,,,,,,,,,,,1,2,2,1.0,2
201400050325,0014-09-17 19:00:00,14,9,17,19,0,690,387,PONT PASTEUR,,,Plein jour,En agglomération,Hors intersection,Normale,Trois véhicules et plus - collisions multiples,,,,,,,,,,,1,2,1,1.0,5
201400050326,0014-09-17 17:56:00,14,9,17,17,56,690,387,"94, AVENUE DEBOURG",,,Plein jour,En agglomération,Hors intersection,Normale,Autre collision,,,,,,,,,,,1,2,1,1.0,6
201400050327,0014-09-27 22:10:00,14,9,27,22,10,690,387,38 RUE DE MARSEILLE,,,Nuit avec éclairage allumé,En agglomération,Hors intersection,Normale,Autre collision,,,,,,,,,,,5,2,1,1.0,6
201400050328,0014-10-02 18:10:00,14,10,2,18,10,690,387,"0, RUE MARCEL MERIEUX",,,Plein jour,En agglomération,Intersection en X,Normale,Deux véhicules - côté,,,,,,,,,,,1,2,2,1.0,3
201400050329,0014-10-02 07:00:00,14,10,2,7,0,690,387,"344, RUE GARIBALDI",,,Plein jour,En agglomération,Hors intersection,Normale,Sans collision,,,,,,,,,,,1,2,1,1.0,7
201400050330,0014-10-11 19:55:00,14,10,11,19,55,690,387,AVENUE BERTHELOT,,,Nuit avec éclairage allumé,En agglomération,Intersection en X,Normale,Deux véhicules - côté,,,,,,,,,,,5,2,2,1.0,3
201400050331,0014-10-09 10:40:00,14,10,9,10,40,690,387,"0, RUE FELIX BRUN",,,Plein jour,En agglomération,Intersection en X,Normale,Deux véhicules - côté,,,,,,,,,,,1,2,2,1.0,3
201400050332,0014-10-10 03:40:00,14,10,10,3,40,690,387,AVENUE DEBOURG,,,Nuit avec éclairage non allumé,En agglomération,Intersection en X,Pluie forte,Autre collision,,,,,,,,,,,4,2,2,3.0,6
201400050333,0014-10-11 17:35:00,14,10,11,17,35,690,387,RUE MARCEL MERIEUX,,,Plein jour,En agglomération,Intersection en X,Normale,Deux véhicules - frontale,,,,,,,,,,,1,2,2,1.0,1
201400050334,0014-10-11 02:15:00,14,10,11,2,15,690,387,"0, RUE GARIBALDI",,,Nuit avec éclairage allumé,En agglomération,Intersection en X,Pluie forte,Trois véhicules et plus - collisions multiples,,,,,,,,,,,5,2,2,3.0,5
201400050335,0014-10-18 12:34:00,14,10,18,12,34,690,387,PONT DE L UNIVERSITE,,,Plein jour,En agglomération,Hors intersection,Normale,Deux véhicules - côté,,,,,,,,,,,1,2,1,1.0,3
201400050336,0014-10-08 12:20:00,14,10,8,12,20,690,387,RUE SEBASTIEN GRYPHE,,,Plein jour,En agglomération,Intersection en X,Normale,Autre collision,,,,,,,,,,,1,2,2,1.0,6
201400050337,0014-10-21 14:38:00,14,10,21,14,38,690,387,"15, QUAI CLAUDE BERNARD",,,Plein jour,En agglomération,Hors intersection,Normale,Autre collision,,,,,,,,,,,1,2,1,1.0,6
201400050338,0014-10-23 17:00:00,14,10,23,17,0,690,387,"2, COURS GAMBETTA",,,Plein jour,En agglomération,Hors intersection,Normale,Deux véhicules - côté,,,,,,,,,,,1,2,1,1.0,3
201400050339,0014-10-26 17:35:00,14,10,26,17,35,690,387,AVENUE TONY GARNIER,,,Nuit avec éclairage allumé,En agglomération,Hors intersection,Normale,Deux véhicules - arrière,,,,,,,,,,,5,2,1,1.0,2
201400050340,0014-10-25 17:40:00,14,10,25,17,40,690,387,"1, RUE ANDRE BOLLIER",,,Plein jour,En agglomération,Intersection en X,Normale,Deux véhicules - côté,,,,,,,,,,,1,2,2,1.0,3
201400050341,0014-10-29 15:50:00,14,10,29,15,50,690,387,"62, AVENUE JEAN JAURES",,,Plein jour,En agglomération,Hors intersection,Normale,Deux véhicules - côté,,,,,,,,,,,1,2,1,1.0,3
201400050342,0014-10-30 19:20:00,14,10,30,19,20,690,387,AVENUE LECLERC,,,Nuit avec éclairage allumé,En agglomération,Hors intersection,Normale,Sans collision,,,,,,,,,,,5,2,1,1.0,7
201400050343,0014-10-31 11:05:00,14,10,31,11,5,690,387,"0, AVENUE DEBOURG",,,Plein jour,En agglomération,Hors intersection,Normale,Deux véhicules - côté,,,,,,,,,,,1,2,1,1.0,3
201400050344,0014-11-04 08:35:00,14,11,4,8,35,690,387,"229, RUE MARCEL MERIEUX",,,Plein jour,En agglomération,Hors intersection,Pluie légère,Deux véhicules - côté,,,,,,,,,,,1,2,1,2.0,3
201400050345,0014-11-07 14:10:00,14,11,7,14,10,690,387,AVENUE JEAN JAURES,,,Plein jour,En agglomération,Intersection en X,Pluie légère,Autre collision,,,,,,,,,,,1,2,2,2.0,6
201400050346,0014-11-07 16:30:00,14,11,7,16,30,690,387,"0, RUE SALOMON REINACH",,,Plein jour,En agglomération,Intersection en X,Normale,Sans collision,,,,,,,,,,,1,2,2,1.0,7
201400050347,0014-11-09 16:45:00,14,11,9,16,45,690,387,AVENUE TONY GARNIER,,,Crépuscule ou aube,En agglomération,Hors intersection,Pluie forte,Autre collision,,,,,,,,,,,2,2,1,3.0,6
201400050348,0014-11-10 15:30:00,14,11,10,15,30,690,387,54-56 RUE DU REPOS,,,Plein jour,En agglomération,Hors intersection,Normale,Autre collision,,,,,,,,,,,1,2,1,1.0,6
201400050349,0014-11-09 16:15:00,14,11,9,16,15,690,387,"0, AVENUE JEAN JAURES",,,Plein jour,En agglomération,Intersection en X,Pluie forte,Deux véhicules - frontale,,,,,,,,,,,1,2,2,3.0,1
201400050350,0014-11-13 19:35:00,14,11,13,19,35,690,387,AVENUE JEAN JAURES,,,Nuit avec éclairage allumé,En agglomération,Hors intersection,Normale,Deux véhicules - côté,,,,,,,,,,,5,2,1,1.0,3
201400050351,0014-11-14 17:50:00,14,11,14,17,50,690,387,BOULEVARD CHAMBAUD DE LA,,,Nuit avec éclairage allumé,En agglomération,Hors intersection,Pluie légère,Trois véhicules et plus - collisions multiples,,,,,,,,,,,5,2,1,2.0,5
201400050352,0014-11-16 06:00:00,14,11,16,6,0,690,387,"103, AVENUE BERTHELOT",,,Nuit avec éclairage allumé,En agglomération,Hors intersection,Normale,Deux véhicules - côté,,,,,,,,,,,5,2,1,1.0,3
201400050353,0014-11-17 17:10:00,14,11,17,17,10,690,387,RUE DE L EPARGNE,,,Nuit avec éclairage allumé,En agglomération,Hors intersection,Autre,Deux véhicules - frontale,,,,,,,,,,,5,2,1,9.0,1
201400050354,0014-11-18 17:50:00,14,11,18,17,50,690,387,RUE JABOULAY,,,Nuit avec éclairage allumé,En agglomération,Hors intersection,Pluie légère,Autre collision,,,,,,,,,,,5,2,1,2.0,6
201400050355,0014-11-26 20:00:00,14,11,26,20,0,690,387,"0, AVENUE TONY GARNIER",,,Nuit avec éclairage allumé,En agglomération,Intersection en T,Pluie légère,Autre collision,,,,,,,,,,,5,2,3,2.0,6
201400050356,0014-11-27 11:40:00,14,11,27,11,40,690,387,"12, RUE D ANVERS",,,Plein jour,En agglomération,Hors intersection,Normale,Autre collision,,,,,,,,,,,1,2,1,1.0,6
201400050357,0014-11-29 01:30:00,14,11,29,1,30,690,387,RUE SEBASTIEN GRYPHE,,,Nuit avec éclairage allumé,En agglomération,Intersection en X,Normale,Autre collision,,,,,,,,,,,5,2,2,1.0,6
201400050358,0014-12-01 20:00:00,14,12,1,20,0,690,387,"259, GRANDE RUE DE LA GU",,,Nuit avec éclairage allumé,En agglomération,Hors intersection,Pluie légère,Sans collision,,,,,,,,,,,5,2,1,2.0,7
201400050359,0014-12-06 01:30:00,14,12,6,1,30,690,387,RUE JABOULAY,,,Nuit avec éclairage allumé,En agglomération,Hors intersection,Normale,Autre collision,,,,,,,,,,,5,2,1,1.0,6
201400050360,0014-12-14 09:00:00,14,12,14,9,0,690,387,"0, AVENUE TONY GARNIER",,,Plein jour,En agglomération,Hors intersection,Normale,Deux véhicules - côté,,,,,,,,,,,1,2,1,1.0,3
201400050361,0014-12-18 17:10:00,14,12,18,17,10,690,387,"42, RUE DE L UNIVERSITE",,,Nuit avec éclairage allumé,En agglomération,Intersection en X,Normale,Deux véhicules - côté,,,,,,,,,,,5,2,2,1.0,3
201400050362,0014-12-14 12:26:00,14,12,14,12,26,690,387,BOULEVARD CHAMBAUD DE LA,,,Plein jour,Hors agglomération,Hors intersection,Normale,Deux véhicules - arrière,,,,,,,,,,,1,1,1,1.0,2
201400050363,0014-12-14 23:20:00,14,12,14,23,20,690,387,"0, BOULEVARD CHAMBAUD DE",,,Nuit avec éclairage allumé,En agglomération,Hors intersection,Normale,Autre collision,,,,,,,,,,,5,2,1,1.0,6
201400050364,0014-12-16 15:55:00,14,12,16,15,55,690,387,"1, RUE GEORGES GOUY",,,Plein jour,En agglomération,Hors intersection,Normale,Autre collision,,,,,,,,,,,1,2,1,1.0,6
201400050365,0014-01-09 07:45:00,14,1,9,7,45,690,388,BOULEVARD DES ETATS UNIS,,,Crépuscule ou aube,En agglomération,Intersection en X,Normale,Deux véhicules - côté,,,,,,,,,,,2,2,2,1.0,3
201400050366,0014-01-13 18:45:00,14,1,13,18,45,690,259,"74, AVENUE DE PRESSENSE",,,Nuit avec éclairage allumé,En agglomération,Hors intersection,Pluie légère,Autre collision,,,,,,,,,,,5,2,1,2.0,6
201400050367,0014-01-15 15:10:00,14,1,15,15,10,690,388,AVENUE BERTHELOT,,,Plein jour,En agglomération,Intersection en T,Normale,Deux véhicules - côté,,,,,,,,,,,1,2,3,1.0,3
201400050368,0014-01-21 10:40:00,14,1,21,10,40,690,388,"13, PLACE ANDRE LATARGET",,,Plein jour,En agglomération,Hors intersection,Normale,Autre collision,,,,,,,,,,,1,2,1,1.0,6
201400050369,0014-01-21 12:15:00,14,1,21,12,15,690,388,"106, RUE PROFESSEUR BEAU",,,Plein jour,En agglomération,Hors intersection,Normale,Deux véhicules - côté,,,,,,,,,,,1,2,1,1.0,3
201400050370,0014-01-21 18:45:00,14,1,21,18,45,690,388,"210, AVENUE PAUL SANTY",,,Nuit avec éclairage allumé,En agglomération,Hors intersection,Normale,Autre collision,,,,,,,,,,,5,2,1,1.0,6
201400050371,0014-01-24 13:45:00,14,1,24,13,45,690,388,"98, AVENUE DES FRERES LU",,,Plein jour,En agglomération,Hors intersection,Pluie légère,Deux véhicules - côté,,,,,,,,,,,1,2,1,2.0,3
201400050372,0014-01-27 15:05:00,14,1,27,15,5,690,388,"0, RUE HENRI BARBUSSE",,,Plein jour,En agglomération,Hors intersection,Normale,Autre collision,,,,,,,,,,,1,2,1,1.0,6
201400050373,0014-01-27 07:38:00,14,1,27,7,38,690,388,"44, RUE HENRI BARBUSSE",,,Crépuscule ou aube,En agglomération,Hors intersection,Normale,Autre collision,,,,,,,,,,,2,2,1,1.0,6
201400050374,0014-01-29 20:15:00,14,1,29,20,15,690,388,"105, AVENUE JEAN MERMOZ",,,Nuit avec éclairage allumé,En agglomération,Hors intersection,Normale,Autre collision,,,,,,,,,,,5,2,1,1.0,6
201400050375,0014-01-30 18:25:00,14,1,30,18,25,690,388,"0, AVENUE DES FRERES LUM",,,Nuit avec éclairage allumé,En agglomération,Hors intersection,Pluie légère,Deux véhicules - arrière,,,,,,,,,,,5,2,1,2.0,2
201400050376,0014-02-02 20:20:00,14,2,2,20,20,690,388,"12, AVENUE ROCKEFELLER",,,Nuit avec éclairage allumé,En agglomération,Hors intersection,Normale,Autre collision,,,,,,,,,,,5,2,1,1.0,6
201400050377,0014-02-03 13:25:00,14,2,3,13,25,690,388,"44, RUE HENRI BARBUSSE",,,Plein jour,En agglomération,Hors intersection,Normale,Autre collision,,,,,,,,,,,1,2,1,1.0,6
201400050378,0014-02-09 12:30:00,14,2,9,12,30,690,388,RUE DE L EPARGNE,,,Plein jour,En agglomération,Hors intersection,Normale,Deux véhicules - arrière,,,,,,,,,,,1,2,1,1.0,2
201400050379,0014-02-09 12:55:00,14,2,9,12,55,690,388,"57, RUE MARYSE BASTIE",,,Plein jour,En agglomération,Hors intersection,Normale,Deux véhicules - arrière,,,,,,,,,,,1,2,1,1.0,2
201400050380,0014-02-12 12:30:00,14,2,12,12,30,690,388,"8, RUE GUILLAUME PARADIN",,,Plein jour,En agglomération,Hors intersection,Normale,Autre collision,,,,,,,,,,,1,2,1,1.0,6
201400050381,0014-02-18 09:25:00,14,2,18,9,25,690,383,"105, COURS ALBERT THOMAS",,,Plein jour,En agglomération,Hors intersection,Normale,Autre collision,,,,,,,,,,,1,2,1,1.0,6
201400050382,0014-02-23 14:55:00,14,2,23,14,55,690,388,"12, AVENUE JEAN MERMOZ",,,Plein jour,En agglomération,Hors intersection,Normale,Autre collision,,,,,,,,,,,1,2,1,1.0,6
201400050383,0014-02-11 08:33:00,14,2,11,8,33,690,388,"0, RUE CHALLEMEL LACOUR",,,Plein jour,En agglomération,Intersection en T,Normale,Autre collision,,,,,,,,,,,1,2,3,1.0,6
201400050384,0014-02-14 12:50:00,14,2,14,12,50,690,388,"209, AVENUE PAUL SANTY",,,Plein jour,En agglomération,Hors intersection,Normale,Autre collision,,,,,,,,,,,1,2,1,1.0,6
201400050385,0014-02-25 18:25:00,14,2,25,18,25,690,388,"0, RUE PAUL CAZENEUVE",,,Nuit avec éclairage allumé,En agglomération,Intersection en X,Vent fort / tempête,Trois véhicules et plus - collisions multiples,,,,,,,,,,,5,2,2,6.0,5
201400050386,0014-02-26 18:55:00,14,2,26,18,55,690,388,"0, RUE SAINT MATHIEU",,,Nuit avec éclairage allumé,En agglomération,Intersection en X,Pluie légère,Autre collision,,,,,,,,,,,5,2,2,2.0,6
201400050387,0014-02-27 13:45:00,14,2,27,13,45,690,388,"48, RUE HENRI BARBUSSE",,,Plein jour,En agglomération,Hors intersection,Normale,Autre collision,,,,,,,,,,,1,2,1,1.0,6
201400050388,0014-02-27 17:30:00,14,2,27,17,30,690,388,"0, BOULEVARD DES ETATS U",,,Plein jour,En agglomération,Intersection en T,Normale,Autre collision,,,,,,,,,,,1,2,3,1.0,6
201400050389,0014-03-01 15:30:00,14,3,1,15,30,690,388,"96, AVENUE DES FRERES LU",,,Plein jour,En agglomération,Hors intersection,Normale,Deux véhicules - côté,,,,,,,,,,,1,2,1,1.0,3
201400050390,0014-03-02 06:35:00,14,3,2,6,35,690,388,"1, RUE VILLON",,,Nuit avec éclairage allumé,En agglomération,Intersection en X,Normale,Autre collision,,,,,,,,,,,5,2,2,1.0,6
201400050391,0014-03-02 12:45:00,14,3,2,12,45,690,388,"286, AVENUE BERTHELOT",,,Plein jour,En agglomération,Hors intersection,Normale,Autre collision,,,,,,,,,,,1,2,1,1.0,6
201400050392,0014-03-02 16:25:00,14,3,2,16,25,690,388,"47, RUE SAINT GERVAIS",,,Plein jour,En agglomération,Hors intersection,Normale,Autre collision,,,,,,,,,,,1,2,1,1.0,6
201400050393,0014-03-17 14:00:00,14,3,17,14,0,690,388,"68, RUE PAUL CAZENEUVE",,,Plein jour,En agglomération,Hors intersection,Normale,Autre collision,,,,,,,,,,,1,2,1,1.0,6
201400050394,0014-03-19 09:00:00,14,3,19,9,0,690,388,"111, BOULEVARD DES ETATS",,,Plein jour,En agglomération,Hors intersection,Normale,Autre collision,,,,,,,,,,,1,2,1,1.0,6
201400050395,0014-03-23 14:20:00,14,3,23,14,20,690,388,RUE VILLON,,,Plein jour,En agglomération,Intersection en T,Normale,Autre collision,,,,,,,,,,,1,2,3,1.0,6
201400050396,0014-03-06 11:45:00,14,3,6,11,45,690,388,"82, BOULEVARD DES ETATS",,,Plein jour,En agglomération,Hors intersection,Normale,Autre collision,,,,,,,,,,,1,2,1,1.0,6
201400050397,0014-03-24 22:00:00,14,3,24,22,0,690,388,COURS ALBERT THOMAS,,,Nuit avec éclairage allumé,En agglomération,Intersection en X,Normale,Deux véhicules - côté,,,,,,,,,,,5,2,2,1.0,3
201400050398,0014-03-23 19:20:00,14,3,23,19,20,690,383,"114, COURS ALBERT THOMAS",,,Nuit avec éclairage allumé,En agglomération,Hors intersection,Normale,Deux véhicules - côté,,,,,,,,,,,5,2,1,1.0,3
201400050399,0014-03-27 07:35:00,14,3,27,7,35,690,388,"38, COURS ALBERT THOMAS",,,Crépuscule ou aube,En agglomération,Hors intersection,Normale,Autre collision,,,,,,,,,,,2,2,1,1.0,6
201400050400,0014-03-30 19:40:00,14,3,30,19,40,690,388,"38, AVENUE JEAN MERMOZ",,,Plein jour,En agglomération,Hors intersection,Normale,Deux véhicules - côté,,,,,,,,,,,1,2,1,1.0,3
201400050401,0014-04-01 11:50:00,14,4,1,11,50,690,388,"0, AVENUE ROCKEFELLER",,,Plein jour,En agglomération,Intersection en T,Normale,Deux véhicules - côté,,,,,,,,,,,1,2,3,1.0,3
201400050402,0014-04-02 15:45:00,14,4,2,15,45,690,388,"96, AVENUE JEAN MERMOZ",,,Plein jour,En agglomération,Hors intersection,Normale,Deux véhicules - arrière,,,,,,,,,,,1,2,1,1.0,2
201400050403,0014-04-04 21:55:00,14,4,4,21,55,690,388,ROUTE DE VIENNE,,,Nuit avec éclairage allumé,En agglomération,Hors intersection,Normale,Deux véhicules - arrière,,,,,,,,,,,5,2,1,1.0,2
201400050404,0014-04-07 07:55:00,14,4,7,7,55,690,388,RUE VILLON,,,Plein jour,En agglomération,Hors intersection,Normale,Autre collision,,,,,,,,,,,1,2,1,1.0,6
201400050405,0014-04-07 12:50:00,14,4,7,12,50,690,388,"0, RUE SAINT NESTOR",,,Plein jour,En agglomération,Intersection en X,Normale,Deux véhicules - côté,,,,,,,,,,,1,2,2,1.0,3
201400050406,0014-04-12 19:45:00,14,4,12,19,45,690,388,"39, BOULEVARD DES ETATS",,,Plein jour,En agglomération,Hors intersection,Normale,Autre collision,,,,,,,,,,,1,2,1,1.0,6
201400050407,0014-04-13 18:30:00,14,4,13,18,30,690,388,AVENUE JEAN MERMOZ,,,Plein jour,En agglomération,Intersection en X,Normale,Deux véhicules - côté,,,,,,,,,,,1,2,2,1.0,3
201400050408,0014-04-15 14:25:00,14,4,15,14,25,690,388,"168, RUE CHALLEMEL LACOU",,,Plein jour,En agglomération,Hors intersection,Normale,Autre collision,,,,,,,,,,,1,2,1,1.0,6
201400050409,0014-04-16 13:37:00,14,4,16,13,37,690,388,RUE PROFESSEUR BEAUVISAG,,,Plein jour,En agglomération,Intersection en X,Normale,Autre collision,,,,,,,,,,,1,2,2,1.0,6
201400050410,0014-04-19 08:40:00,14,4,19,8,40,690,388,"46, RUE HENRI BARBUSSE",,,Plein jour,En agglomération,Hors intersection,Normale,Autre collision,,,,,,,,,,,1,2,1,1.0,6
201400050411,0014-04-20 21:20:00,14,4,20,21,20,690,388,"30, RUE DES TUILIERS",,,Nuit avec éclairage allumé,En agglomération,Hors intersection,Pluie légère,Sans collision,,,,,,,,,,,5,2,1,2.0,7
201400050412,0014-04-23 12:20:00,14,4,23,12,20,690,388,AVENUE BERTHELOT,,,Plein jour,En agglomération,Intersection en X,Normale,Deux véhicules - côté,,,,,,,,,,,1,2,2,1.0,3
201400050413,0014-04-19 17:55:00,14,4,19,17,55,690,259,"10, AVENUE VIVIANI",,,Plein jour,En agglomération,Hors intersection,Normale,Deux véhicules - arrière,,,,,,,,,,,1,2,1,1.0,2
201400050414,0014-04-30 18:20:00,14,4,30,18,20,690,388,RUE JOSEPH CHALIER,,,Plein jour,En agglomération,Hors intersection,Normale,Deux véhicules - côté,,,,,,,,,,,1,2,1,1.0,3
201400050415,0014-05-04 19:20:00,14,5,4,19,20,690,388,"160, RUE CHALLEMEL LACOU",,,Plein jour,En agglomération,Hors intersection,Normale,Deux véhicules - côté,,,,,,,,,,,1,2,1,1.0,3
201400050416,0014-05-05 09:35:00,14,5,5,9,35,690,388,"0, RUE PROFESSEUR BEAUVI",,,Plein jour,En agglomération,Intersection en T,Normale,Deux véhicules - côté,,,,,,,,,,,1,2,3,1.0,3
201400050417,0014-05-15 14:30:00,14,5,15,14,30,690,388,RUE JOSEPH CHAPELLE,,,Plein jour,En agglomération,Intersection en X,Normale,Deux véhicules - côté,,,,,,,,,,,1,2,2,1.0,3
201400050418,0014-05-13 14:40:00,14,5,13,14,40,690,388,"0, RUE PAUL CAZENEUVE",,,Plein jour,En agglomération,Intersection en T,Pluie légère,Deux véhicules - frontale,,,,,,,,,,,1,2,3,2.0,1
201400050419,0014-05-15 18:20:00,14,5,15,18,20,690,388,"170, AVENUE PAUL SANTY",,,Plein jour,En agglomération,Hors intersection,Vent fort / tempête,Autre collision,,,,,,,,,,,1,2,1,6.0,6
201400050420,0014-05-18 09:15:00,14,5,18,9,15,690,388,AVENUE DES FRERES LUMIER,,,Plein jour,En agglomération,Hors intersection,Normale,Autre collision,,,,,,,,,,,1,2,1,1.0,6
201400050421,0014-05-16 17:20:00,14,5,16,17,20,690,388,AVENUE VIVIANI,,,Plein jour,En agglomération,Intersection en T,Normale,Deux véhicules - côté,,,,,,,,,,,1,2,3,1.0,3
201400050422,0014-05-27 17:25:00,14,5,27,17,25,690,388,"0, RUE SAINT NESTOR",,,Plein jour,En agglomération,Intersection en X,Normale,Deux véhicules - côté,,,,,,,,,,,1,2,2,1.0,3
201400050423,0014-06-02 16:15:00,14,6,2,16,15,690,388,"0, AVENUE BERTHELOT",,,Plein jour,En agglomération,Hors intersection,Normale,Autre collision,,,,,,,,,,,1,2,1,1.0,6
201400050424,0014-06-10 14:40:00,14,6,10,14,40,690,388,66 BD DES ETATS UNIS,,,Plein jour,En agglomération,Hors intersection,Normale,Deux véhicules - frontale,,,,,,,,,,,1,2,1,1.0,1
201400050425,0014-06-12 13:10:00,14,6,12,13,10,690,388,RUE SAINT MAURICE,,,Plein jour,En agglomération,Intersection en X,Normale,Autre collision,,,,,,,,,,,1,2,2,1.0,6
201400050426,0014-05-22 16:35:00,14,5,22,16,35,690,388,"0, RUE SAINT MAURICE",,,Plein jour,En agglomération,Intersection en X,Vent fort / tempête,Deux véhicules - côté,,,,,,,,,,,1,2,2,6.0,3
201400050427,0014-06-20 08:50:00,14,6,20,8,50,690,388,40 RUE HENRI BARBUSSE,,,Plein jour,En agglomération,Hors intersection,Normale,Autre collision,,,,,,,,,,,1,2,1,1.0,6
201400050428,0014-06-21 19:25:00,14,6,21,19,25,690,388,"0, RUE SAINT GERVAIS",,,Plein jour,En agglomération,Intersection en X,Normale,Deux véhicules - côté,,,,,,,,,,,1,2,2,1.0,3
201400050429,0014-07-07 16:00:00,14,7,7,16,0,690,388,RUE PIERRE DELORE,,,Plein jour,En agglomération,Intersection en X,Pluie légère,Deux véhicules - côté,,,,,,,,,,,1,2,2,2.0,3
201400050430,0014-06-20 17:33:00,14,6,20,17,33,690,388,"1, AVENUE JEAN MERMOZ",,,Plein jour,En agglomération,Intersection en X,Normale,Deux véhicules - côté,,,,,,,,,,,1,2,2,1.0,3
201400050431,0014-07-18 19:30:00,14,7,18,19,30,690,388,"1, BOULEVARD PINEL",,,Plein jour,En agglomération,Intersection en X,Normale,Deux véhicules - côté,,,,,,,,,,,1,2,2,1.0,3
201400050432,0014-07-22 10:00:00,14,7,22,10,0,690,388,"28, RUE SAINT GERVAIS",,,Plein jour,En agglomération,Intersection en X,Pluie légère,Deux véhicules - frontale,,,,,,,,,,,1,2,2,2.0,1
201400050433,0014-07-21 10:25:00,14,7,21,10,25,690,388,"1, RUE BERCHET",,,Plein jour,En agglomération,Intersection en X,Pluie forte,Deux véhicules - côté,,,,,,,,,,,1,2,2,3.0,3
201400050434,0014-07-30 12:05:00,14,7,30,12,5,690,388,"11, RUE AUDIBERT ET LAVI",,,Plein jour,En agglomération,Intersection en X,Pluie légère,Deux véhicules - côté,,,,,,,,,,,1,2,2,2.0,3
201400050435,0014-08-04 09:00:00,14,8,4,9,0,690,388,"0, AVENUE ROCKEFELLER",,,Plein jour,En agglomération,Intersection en T,Normale,Deux véhicules - côté,,,,,,,,,,,1,2,3,1.0,3
201400050436,0014-08-02 08:00:00,14,8,2,8,0,690,259,"20, AVENUE VIVIANI",,,Plein jour,En agglomération,Hors intersection,Normale,Autre collision,,,,,,,,,,,1,2,1,1.0,6
201400050437,0014-08-03 16:15:00,14,8,3,16,15,690,388,RUE DES SERPOLLIERES,,,Plein jour,En agglomération,Intersection en X,Normale,Autre collision,,,,,,,,,,,1,2,2,1.0,6
201400050438,0014-08-05 18:25:00,14,8,5,18,25,690,388,"38, RUE PROFESSEUR TAVER",,,Plein jour,En agglomération,Hors intersection,Normale,Autre collision,,,,,,,,,,,1,2,1,1.0,6
201400050439,0014-08-13 21:50:00,14,8,13,21,50,690,388,AVENUE DES FRERES LUMIER,,,Nuit avec éclairage allumé,En agglomération,Intersection en X,Normale,Deux véhicules - côté,,,,,,,,,,,5,2,2,1.0,3
201400050440,0014-08-29 08:15:00,14,8,29,8,15,690,388,AVENUE PAUL SANTY,,,Plein jour,En agglomération,Hors intersection,Normale,Deux véhicules - côté,,,,,,,,,,,1,2,1,1.0,3
201400050441,0014-08-28 19:20:00,14,8,28,19,20,690,388,"0, RUE CROIX BARRET",,,Plein jour,En agglomération,Intersection en X,Normale,Deux véhicules - côté,,,,,,,,,,,1,2,2,1.0,3
201400050442,0014-09-05 08:30:00,14,9,5,8,30,690,388,"63, BOULEVARD DES ETATS",,,Plein jour,En agglomération,Hors intersection,Normale,Deux véhicules - arrière,,,,,,,,,,,1,2,1,1.0,2
201400050443,0014-09-08 08:40:00,14,9,8,8,40,690,388,AVENUE BERTHELOT,,,Plein jour,En agglomération,Hors intersection,Normale,Deux véhicules - côté,,,,,,,,,,,1,2,1,1.0,3
201400050444,0014-09-09 07:00:00,14,9,9,7,0,690,388,"55, RUE MARYSE BASTIE",,,Crépuscule ou aube,En agglomération,Hors intersection,Temps couvert,Deux véhicules - côté,,,,,,,,,,,2,2,1,8.0,3
201400050445,0014-09-08 17:45:00,14,9,8,17,45,690,388,RUE ROCHAMBEAU,,,Plein jour,En agglomération,Intersection en X,Normale,Deux véhicules - côté,,,,,,,,,,,1,2,2,1.0,3