accident_id,datetime,annee,mois,jour,heure,minute,departement,commune_insee,adresse,latitude,longitude,luminosite,agglomeration,intersection,meteo,collision,nb_vehicules,nb_usagers,nb_indemnes,nb_tues,nb_blesses_hosp,nb_blesses_legers,age_cond_1,age_cond_2,veh_type_cond_1,veh_type_cond_2,lum_code,agg_code,int_code,atm_code,col_code
201400050825,0014-09-17 05:40:00,14,9,17,5,40,690,259,BUS (RD301)  2.800 A 4.4,,,Nuit sans éclairage public,Hors agglomération,Hors intersection,Normale,Deux véhicules - côté,,,,,,,,,,,3,1,1,1.0,3
201400050826,0014-09-17 20:30:00,14,9,17,20,30,690,382,A7   0.000 A 2.278,,,Nuit avec éclairage allumé,Hors agglomération,Hors intersection,Normale,Deux véhicules - côté,,,,,,,,,,,5,1,1,1.0,3
201400050827,0014-09-18 07:40:00,14,9,18,7,40,690,382,A7   0.000 A 2.278,,,Plein jour,Hors agglomération,Hors intersection,Normale,Sans collision,,,,,,,,,,,1,1,1,1.0,7
201400050828,0014-09-07 04:30:00,14,9,7,4,30,690,297,A7   15.770 A 20.110,,,Nuit sans éclairage public,Hors agglomération,Hors intersection,Normale,Autre collision,,,,,,,,,,,3,1,1,1.0,6
201400050829,0014-09-19 17:18:00,14,9,19,17,18,690,297,A47   0.000  A 1.657,,,Plein jour,Hors agglomération,Hors intersection,Normale,Trois véhicules et plus - collisions multiples,,,,,,,,,,,1,1,1,1.0,5
201400050830,0014-09-19 17:15:00,14,9,19,17,15,690,297,,,,Plein jour,Hors agglomération,Hors intersection,Normale,Trois véhicules et plus - collisions multiples,,,,,,,,,,,1,1,1,1.0,5
201400050831,0014-09-21 15:40:00,14,9,21,15,40,690,266,RD383   1.165 A 1.893,,,Plein jour,Hors agglomération,Hors intersection,Normale,Sans collision,,,,,,,,,,,1,1,1,1.0,7
201400050832,0014-09-21 13:25:00,14,9,21,13,25,690,152,A450   0.000 A 1.090,,,Plein jour,Hors agglomération,Hors intersection,Pluie légère,Autre collision,,,,,,,,,,,1,1,1,2.0,6
201400050833,0014-09-22 10:24:00,14,9,22,10,24,690,275,RN346   29.300 A 34.350,,,Plein jour,Hors agglomération,Hors intersection,Normale,Autre collision,,,,,,,,,,,1,1,1,1.0,6
201400050834,0014-09-23 13:20:00,14,9,23,13,20,690,55,A6   435.100 A 437.840,,,Plein jour,Hors agglomération,Hors intersection,Normale,Deux véhicules - côté,,,,,,,,,,,1,1,1,1.0,3
201400050835,0014-09-23 18:20:00,14,9,23,18,20,690,266,RD383   3.750 A 7.640,,,Plein jour,Hors agglomération,Hors intersection,Normale,Deux véhicules - arrière,,,,,,,,,,,1,1,1,1.0,2
201400050836,0014-09-19 14:20:00,14,9,19,14,20,690,91,A47,,,Plein jour,Hors agglomération,Hors intersection,Normale,Autre collision,,,,,,,,,,,1,1,1,1.0,6
201400050837,0014-09-19 15:00:00,14,9,19,15,0,690,297,A7   15.770 A 20.110,,,Plein jour,Hors agglomération,Hors intersection,Normale,Trois véhicules et plus - collisions multiples,,,,,,,,,,,1,1,1,1.0,5
201400050838,0014-09-18 08:40:00,14,9,18,8,40,690,199,A7   7.000 A 8.630,,,Plein jour,Hors agglomération,Hors intersection,Normale,Deux véhicules - arrière,,,,,,,,,,,1,1,1,1.0,2
201400050839,0014-09-15 10:00:00,14,9,15,10,0,380,87,A7N  PK  20+335,45.58486,4.80005,Plein jour,Hors agglomération,Hors intersection,Normale,Trois véhicules et plus - collisions multiples,,,,,,,,,,,1,1,1,1.0,5
201400050840,0014-09-26 17:10:00,14,9,26,17,10,690,266,RD383   3.750 A 7.640,,,Plein jour,Hors agglomération,Hors intersection,Normale,Deux véhicules - frontale,,,,,,,,,,,1,1,1,1.0,1
201400050841,0014-09-26 18:15:00,14,9,26,18,15,380,544,"31, RN7   5.180 A 10.000",,,Plein jour,Hors agglomération,Hors intersection,Normale,Deux véhicules - arrière,,,,,,,,,,,1,1,1,1.0,2
201400050842,0014-09-26 20:00:00,14,9,26,20,0,690,297,A7   15.770 A 20.110,,,Nuit sans éclairage public,Hors agglomération,Hors intersection,Normale,Deux véhicules - arrière,,,,,,,,,,,3,1,1,1.0,2
201400050843,0014-09-29 12:30:00,14,9,29,12,30,690,256,A42     0.560 A 4.020,,,Plein jour,Hors agglomération,Hors intersection,Pluie légère,Sans collision,,,,,,,,,,,1,1,1,2.0,7
201400050844,0014-09-24 09:25:00,14,9,24,9,25,690,270,A46S   47.880 A 49.160,,,Plein jour,Hors agglomération,Hors intersection,Normale,Trois véhicules et plus - en chaîne,,,,,,,,,,,1,1,1,1.0,4
201400050845,0014-09-30 16:24:00,14,9,30,16,24,690,256,RD383   1.893 A 2.321,,,Plein jour,Hors agglomération,Hors intersection,Normale,Trois véhicules et plus - en chaîne,,,,,,,,,,,1,1,1,1.0,4
201400050846,0014-09-16 12:00:00,14,9,16,12,0,690,199,RD383   14.250 A 18.000,,,Plein jour,Hors agglomération,Hors intersection,Normale,Deux véhicules - côté,,,,,,,,,,,1,1,1,1.0,3
201400050847,0014-09-28 19:45:00,14,9,28,19,45,690,29,A43   0.550 A 3.353,,,Crépuscule ou aube,Hors agglomération,Hors intersection,Normale,Trois véhicules et plus - en chaîne,,,,,,,,,,,2,1,1,1.0,4
201400050848,0014-10-03 17:30:00,14,10,3,17,30,690,382,A7   0.000 A 2.278,,,Plein jour,Hors agglomération,Hors intersection,Normale,Trois véhicules et plus - collisions multiples,,,,,,,,,,,1,1,1,1.0,5
201400050849,0014-09-30 18:35:00,14,9,30,18,35,690,389,BPNL   36.318 A 37.781,,,Plein jour,Hors agglomération,Hors intersection,Normale,Trois véhicules et plus - en chaîne,,,,,,,,,,,1,1,1,1.0,4
201400050850,0014-09-20 12:10:00,14,9,20,12,10,690,72,A6   445.323 A 447.390,,,Plein jour,Hors agglomération,Hors intersection,Normale,Trois véhicules et plus - en chaîne,,,,,,,,,,,1,1,1,1.0,4
201400050851,0014-10-04 14:45:00,14,10,4,14,45,690,256,RN346  S/N   25.686 A 29,,,Plein jour,Hors agglomération,Hors intersection,Normale,Trois véhicules et plus - en chaîne,,,,,,,,,,,1,1,1,1.0,4
201400050852,0014-05-16 16:55:00,14,5,16,16,55,690,266,RD383   3.750 A 7.640,,,Plein jour,Hors agglomération,Hors intersection,Normale,Sans collision,,,,,,,,,,,1,1,1,1.0,7
201400050853,0014-09-30 20:00:00,14,9,30,20,0,690,266,RD383   1.165 A 1.893,,,Nuit avec éclairage allumé,Hors agglomération,Hors intersection,Normale,Trois véhicules et plus - en chaîne,,,,,,,,,,,5,1,1,1.0,4
201400050854,0014-10-04 07:50:00,14,10,4,7,50,380,544,D1407  PK 0+100,45.54232,4.84949,Plein jour,Hors agglomération,Place,Normale,Trois véhicules et plus - collisions multiples,,,,,,,,,,,1,1,7,1.0,5
201400050855,0014-10-05 21:00:00,14,10,5,21,0,690,29,RD383   7.640 A 11.044,,,Nuit avec éclairage allumé,Hors agglomération,Hors intersection,Normale,Sans collision,,,,,,,,,,,5,1,1,1.0,7
201400050856,0014-10-07 22:45:00,14,10,7,22,45,690,29,RD383   7.640 A 11.044,,,Nuit avec éclairage allumé,Hors agglomération,Hors intersection,Pluie légère,Autre collision,,,,,,,,,,,5,1,1,2.0,6
201400050857,0014-10-07 07:30:00,14,10,7,7,30,690,199,RD383   14.250 A 18.000,,,Crépuscule ou aube,Hors agglomération,Hors intersection,Normale,Trois véhicules et plus - collisions multiples,,,,,,,,,,,2,1,1,1.0,5
201400050858,0014-10-07 18:30:00,14,10,7,18,30,690,259,BUS (RD301)  2.800 A 4.4,,,Plein jour,Hors agglomération,Hors intersection,Pluie légère,Deux véhicules - arrière,,,,,,,,,,,1,1,1,2.0,2
201400050859,0014-10-04 15:25:00,14,10,4,15,25,380,336,A7N PK 34+000,47.233,0.442,Plein jour,Hors agglomération,Hors intersection,Normale,Deux véhicules - arrière,,,,,,,,,,,1,1,1,1.0,2
201400050860,0014-10-09 17:55:00,14,10,9,17,55,690,272,A46S   57.400 A 61.010,,,Plein jour,Hors agglomération,Hors intersection,Pluie forte,Trois véhicules et plus - collisions multiples,,,,,,,,,,,1,1,1,3.0,5
201400050861,0014-10-09 22:00:00,14,10,9,22,0,690,266,RD383   3.750 A 7.640,,,Nuit avec éclairage non allumé,Hors agglomération,Hors intersection,Pluie légère,Deux véhicules - arrière,,,,,,,,,,,4,1,1,2.0,2
201400050862,0014-10-09 12:15:00,14,10,9,12,15,690,199,RD383   14.250 A 18.000,,,Plein jour,Hors agglomération,Hors intersection,Normale,Deux véhicules - arrière,,,,,,,,,,,1,1,1,1.0,2
201400050863,0014-10-07 22:10:00,14,10,7,22,10,690,29,RD383   7.640 A 11.044,,,Nuit sans éclairage public,Hors agglomération,Hors intersection,Pluie forte,Autre collision,,,,,,,,,,,3,1,1,3.0,6
201400050864,0014-10-12 13:30:00,14,10,12,13,30,690,266,RD383   3.750 A 7.640,,,Plein jour,Hors agglomération,Hors intersection,Pluie légère,Deux véhicules - frontale,,,,,,,,,,,1,1,1,2.0,1
201400050865,0014-10-12 17:15:00,14,10,12,17,15,380,544,A7   25.770 A 27.460,,,Plein jour,Hors agglomération,Hors intersection,Pluie forte,Sans collision,,,,,,,,,,,1,1,1,3.0,7
201400050866,0014-10-12 18:00:00,14,10,12,18,0,690,256,A42     0.560 A 4.020,,,Plein jour,Hors agglomération,Hors intersection,Normale,Autre collision,,,,,,,,,,,1,1,1,1.0,6
201400050867,0014-10-12 18:00:00,14,10,12,18,0,690,389,BPNL   34.614 A 36.285,,,Plein jour,Hors agglomération,Hors intersection,Pluie légère,Autre collision,,,,,,,,,,,1,1,1,2.0,6
201400050868,0014-10-15 07:25:00,14,10,15,7,25,10,275,A42   4.353 A 5.760   GE,,,Plein jour,Hors agglomération,Hors intersection,Normale,Trois véhicules et plus - en chaîne,,,,,,,,,,,1,1,1,1.0,4
201400050869,0014-10-15 23:25:00,14,10,15,23,25,690,55,A6   435.100 A 437.840,,,Nuit sans éclairage public,Hors agglomération,Hors intersection,Normale,Autre collision,,,,,,,,,,,3,1,1,1.0,6
201400050870,0014-10-16 16:00:00,14,10,16,16,0,690,290,A46S   40.883 A 43.680,,,Plein jour,Hors agglomération,Hors intersection,Normale,Deux véhicules - arrière,,,,,,,,,,,1,1,1,1.0,2
201400050871,0014-10-17 01:20:00,14,10,17,1,20,690,281,A46S   49.160 A 53.980,,,Nuit sans éclairage public,Hors agglomération,Hors intersection,Normale,Autre collision,,,,,,,,,,,3,1,1,1.0,6
201400050872,0014-10-17 07:55:00,14,10,17,7,55,690,204,A450   1.740 A 5.100,,,Crépuscule ou aube,Hors agglomération,Hors intersection,Normale,Trois véhicules et plus - collisions multiples,,,,,,,,,,,2,1,1,1.0,5
201400050873,0014-10-18 00:20:00,14,10,18,0,20,690,288,A43   13.029 A 15.971,,,Nuit sans éclairage public,Hors agglomération,Hors intersection,Normale,Sans collision,,,,,,,,,,,3,1,1,1.0,7
201400050874,0014-10-17 17:50:00,14,10,17,17,50,690,290,A43   3.865 A 9.894,,,Plein jour,Hors agglomération,Hors intersection,Normale,Trois véhicules et plus - en chaîne,,,,,,,,,,,1,1,1,1.0,4
201400050875,0014-10-17 08:45:00,14,10,17,8,45,690,266,RD383 2.321 A 3.750,,,Plein jour,Hors agglomération,Hors intersection,Normale,Sans collision,,,,,,,,,,,1,1,1,1.0,7
201400050876,0014-10-20 12:20:00,14,10,20,12,20,10,376,A42   8.310 A 9.500,45.8167,4.9775,Plein jour,Hors agglomération,Hors intersection,Normale,Autre collision,,,,,,,,,,,1,1,1,1.0,6
201400050877,0014-10-20 09:15:00,14,10,20,9,15,690,283,A46S   43.680 A 47.880,,,Plein jour,Hors agglomération,Hors intersection,Normale,Deux véhicules - arrière,,,,,,,,,,,1,1,1,1.0,2
201400050878,0014-10-13 07:10:00,14,10,13,7,10,380,544,D1407  PK 0+150,45.54221,4.85,Nuit sans éclairage public,Hors agglomération,Hors intersection,Pluie légère,Deux véhicules - arrière,,,,,,,,,,,3,1,1,2.0,2
201400050879,0014-10-24 12:30:00,14,10,24,12,30,690,72,A6   445.323 A 447.390,,,Plein jour,Hors agglomération,Hors intersection,Normale,Trois véhicules et plus - en chaîne,,,,,,,,,,,1,1,1,1.0,4
201400050880,0014-10-24 12:00:00,14,10,24,12,0,690,385,A6   453.400 A 455.000,,,Plein jour,Hors agglomération,Hors intersection,Normale,Trois véhicules et plus - en chaîne,,,,,,,,,,,1,1,1,1.0,4
201400050881,0014-10-10 16:20:00,14,10,10,16,20,690,152,A7   4.270 A 7.000,,,Plein jour,Hors agglomération,Hors intersection,Pluie forte,Trois véhicules et plus - collisions multiples,,,,,,,,,,,1,1,1,3.0,5
201400050882,0014-10-26 06:00:00,14,10,26,6,0,690,259,RD383   11.750 A 14.250,,,Nuit avec éclairage allumé,Hors agglomération,Hors intersection,Normale,Deux véhicules - arrière,,,,,,,,,,,5,1,1,1.0,2
201400050883,0014-10-26 11:40:00,14,10,26,11,40,690,72,A6   445.323 A 447.390,,,Plein jour,Hors agglomération,Hors intersection,Normale,Trois véhicules et plus - en chaîne,,,,,,,,,,,1,1,1,1.0,4
201400050884,0014-10-22 18:50:00,14,10,22,18,50,690,266,RD383 2.321 A 3.750,,,Nuit avec éclairage allumé,Hors agglomération,Hors intersection,Temps couvert,Trois véhicules et plus - en chaîne,,,,,,,,,,,5,1,1,8.0,4
201400050885,0014-10-24 19:45:00,14,10,24,19,45,690,290,A43   3.865 A 9.894,,,Nuit sans éclairage public,Hors agglomération,Hors intersection,Normale,Trois véhicules et plus - en chaîne,,,,,,,,,,,3,1,1,1.0,4
201400050886,0014-10-27 19:00:00,14,10,27,19,0,690,266,RD383 2.321 A 3.750,,,Nuit avec éclairage allumé,Hors agglomération,Hors intersection,Normale,Deux véhicules - arrière,,,,,,,,,,,5,1,1,1.0,2
201400050887,0014-10-29 04:00:00,14,10,29,4,0,690,29,A43   0.550 A 3.353,,,Nuit sans éclairage public,Hors agglomération,Hors intersection,Normale,Autre collision,,,,,,,,,,,3,1,1,1.0,6
201400050888,0014-10-31 15:00:00,14,10,31,15,0,690,290,A46S   40.883 A 43.680,,,Plein jour,Hors agglomération,Hors intersection,Normale,Deux véhicules - côté,,,,,,,,,,,1,1,1,1.0,3
201400050889,0014-10-28 19:10:00,14,10,28,19,10,690,276,BUS (RD301)   0.000 A 2.,,,Nuit avec éclairage allumé,Hors agglomération,Hors intersection,Normale,Trois véhicules et plus - collisions multiples,,,,,,,,,,,5,1,1,1.0,5
201400050890,0014-10-22 19:20:00,14,10,22,19,20,690,297,A47   0.000  A 1.657,,,Nuit avec éclairage allumé,Hors agglomération,Hors intersection,Normale,Deux véhicules - côté,,,,,,,,,,,5,1,1,1.0,3
201400050891,0014-11-03 09:15:00,14,11,3,9,15,690,270,A46S   47.880 A 49.160,,,Plein jour,Hors agglomération,Hors intersection,Normale,Deux véhicules - arrière,,,,,,,,,,,1,1,1,1.0,2
201400050892,0014-11-05 07:05:00,14,11,5,7,5,380,544,A7   25.770 A 27.460,,,Nuit sans éclairage public,Hors agglomération,Hors intersection,Pluie légère,Autre collision,,,,,,,,,,,3,1,1,2.0,6
201400050893,0014-11-05 07:55:00,14,11,5,7,55,690,29,RD383   7.640 A 11.044,,,Plein jour,Hors agglomération,Hors intersection,Pluie légère,Autre collision,,,,,,,,,,,1,1,1,2.0,6
201400050894,0014-11-05 07:55:00,14,11,5,7,55,690,29,A43   0.550 A 3.353,,,Plein jour,Hors agglomération,Autre intersection,Pluie légère,Deux véhicules - côté,,,,,,,,,,,1,1,9,2.0,3
201400050895,0014-11-01 18:30:00,14,11,1,18,30,690,193,A7   29.920 A 31.960,,,Nuit sans éclairage public,Hors agglomération,Hors intersection,Normale,Deux véhicules - frontale,,,,,,,,,,,3,1,1,1.0,1
201400050896,0014-10-24 01:30:00,14,10,24,1,30,690,296,A7   10.992 A 13.970,,,Nuit sans éclairage public,Hors agglomération,Hors intersection,Normale,Autre collision,,,,,,,,,,,3,1,1,1.0,6
201400050897,0014-11-06 21:15:00,14,11,6,21,15,690,266,RD383   3.750 A 7.640,,,Plein jour,Hors agglomération,Hors intersection,Normale,Sans collision,,,,,,,,,,,1,1,1,1.0,7
201400050898,0014-11-02 18:30:00,14,11,2,18,30,690,266,RD383 2.321 A 3.750,,,Crépuscule ou aube,Hors agglomération,Hors intersection,Normale,Trois véhicules et plus - en chaîne,,,,,,,,,,,2,1,1,1.0,4
201400050899,0014-11-03 09:40:00,14,11,3,9,40,690,29,RD383   7.640 A 11.044,,,Plein jour,Hors agglomération,Hors intersection,Normale,Deux véhicules - côté,,,,,,,,,,,1,1,1,1.0,3
201400050900,0014-11-07 15:30:00,14,11,7,15,30,10,275,A42   4.353 A 5.760   GE,,,Plein jour,Hors agglomération,Hors intersection,Pluie légère,Autre collision,,,,,,,,,,,1,1,1,2.0,6
201400050901,0014-11-10 08:00:00,14,11,10,8,0,690,29,A43   0.550 A 3.353,,,Plein jour,Hors agglomération,Hors intersection,Temps couvert,Sans collision,,,,,,,,,,,1,1,1,8.0,7
201400050902,0014-11-10 12:10:00,14,11,10,12,10,690,389,BPNL   34.614 A 36.285,,,Plein jour,Hors agglomération,Hors intersection,Normale,Sans collision,,,,,,,,,,,1,1,1,1.0,7
201400050903,0014-11-06 17:55:00,14,11,6,17,55,690,276,A7   8.630 A 10.992,,,Nuit sans éclairage public,Hors agglomération,Hors intersection,Normale,Deux véhicules - côté,,,,,,,,,,,3,1,1,1.0,3
201400050904,0014-11-07 18:50:00,14,11,7,18,50,690,152,A7   4.270 A 7.000,,,Crépuscule ou aube,Hors agglomération,Hors intersection,Pluie légère,Deux véhicules - arrière,,,,,,,,,,,2,1,1,2.0,2
201400050905,0014-11-12 12:35:00,14,11,12,12,35,380,544,A7   25.770 A 27.460,,,Plein jour,Hors agglomération,Hors intersection,Pluie légère,Trois véhicules et plus - en chaîne,,,,,,,,,,,1,1,1,2.0,4
201400050906,0014-11-08 01:50:00,14,11,8,1,50,690,297,A7   15.770 A 20.110,,,Nuit sans éclairage public,Hors agglomération,Hors intersection,Brouillard / fumée,Deux véhicules - arrière,,,,,,,,,,,3,1,1,5.0,2
201400050907,0014-10-28 18:50:00,14,10,28,18,50,690,259,RD383   11.0044 A 11.460,,,Nuit avec éclairage allumé,Hors agglomération,Hors intersection,Normale,Trois véhicules et plus - collisions multiples,,,,,,,,,,,5,1,1,1.0,5
201400050908,0014-11-09 13:20:00,14,11,9,13,20,10,275,A42   4.353 A 5.760   GE,,,Plein jour,Hors agglomération,Hors intersection,Pluie forte,Autre collision,,,,,,,,,,,1,1,1,3.0,6
201400050909,0014-11-09 14:10:00,14,11,9,14,10,690,142,A7   2.278 A 3.690,,,Plein jour,Hors agglomération,Hors intersection,Pluie forte,Autre collision,,,,,,,,,,,1,1,1,3.0,6
201400050910,0014-11-12 19:00:00,14,11,12,19,0,690,29,RD383   7.640 A 11.044,,,Nuit avec éclairage allumé,Hors agglomération,Hors intersection,Normale,Deux véhicules - arrière,,,,,,,,,,,5,1,1,1.0,2
201400050911,0014-11-07 21:20:00,14,11,7,21,20,690,288,A43   13.029 A 15.971,,,Nuit avec éclairage non allumé,Hors agglomération,Hors intersection,Normale,Deux véhicules - arrière,,,,,,,,,,,4,1,1,1.0,2
201400050912,0014-11-06 12:15:00,14,11,6,12,15,690,275,RN346   29.300 A 34.350,,,Plein jour,Hors agglomération,Hors intersection,Normale,Deux véhicules - arrière,,,,,,,,,,,1,1,1,1.0,2
201400050913,0014-11-14 02:00:00,14,11,14,2,0,690,389,BPNL   34.614 A 36.285,,,Nuit avec éclairage non allumé,Hors agglomération,Hors intersection,Normale,Sans collision,,,,,,,,,,,4,1,1,1.0,7
201400050914,0014-11-10 11:30:00,14,11,10,11,30,690,29,A43   0.550 A 3.353,,,Plein jour,Hors agglomération,Hors intersection,Temps couvert,Deux véhicules - côté,,,,,,,,,,,1,1,1,8.0,3
201400050915,0014-11-05 19:30:00,14,11,5,19,30,690,199,RD383   14.250 A 18.000,,,Nuit avec éclairage allumé,Hors agglomération,Hors intersection,Pluie légère,Autre collision,,,,,,,,,,,5,1,1,2.0,6
201400050916,0014-11-17 11:45:00,14,11,17,11,45,690,272,A46S   57.400 A 61.010,,,Plein jour,Hors agglomération,Hors intersection,Normale,Deux véhicules - arrière,,,,,,,,,,,1,1,1,1.0,2
201400050917,0014-11-15 10:10:00,14,11,15,10,10,690,29,A43   0.550 A 3.353,,,Plein jour,Hors agglomération,Hors intersection,Pluie forte,Autre collision,,,,,,,,,,,1,1,1,3.0,6
201400050918,0014-11-19 18:30:00,14,11,19,18,30,690,266,RD383   1.165 A 1.893,,,Nuit avec éclairage allumé,Hors agglomération,Hors intersection,Normale,Trois véhicules et plus - en chaîne,,,,,,,,,,,5,1,1,1.0,4
201400050919,0014-11-19 18:40:00,14,11,19,18,40,690,282,RD302   0.400 A 4.620,,,Nuit sans éclairage public,Hors agglomération,Hors intersection,Normale,Deux véhicules - arrière,,,,,,,,,,,3,1,1,1.0,2
201400050920,0014-11-22 20:30:00,14,11,22,20,30,690,72,A6   445.323 A 447.390,,,Nuit sans éclairage public,Hors agglomération,Hors intersection,Normale,Trois véhicules et plus - en chaîne,,,,,,,,,,,3,1,1,1.0,4
201400050921,0014-11-21 12:00:00,14,11,21,12,0,690,199,RD383   14.250 A 18.000,,,Plein jour,Hors agglomération,Hors intersection,Normale,Sans collision,,,,,,,,,,,1,1,1,1.0,7
201400050922,0014-11-20 19:15:00,14,11,20,19,15,690,290,A43   3.865 A 9.894,,,Nuit avec éclairage allumé,Hors agglomération,Hors intersection,Normale,Deux véhicules - arrière,,,,,,,,,,,5,1,1,1.0,2
201400050923,0014-10-28 14:10:00,14,10,28,14,10,690,297,A47   0.000  A 1.657,,,Plein jour,Hors agglomération,Hors intersection,Normale,Trois véhicules et plus - collisions multiples,,,,,,,,,,,1,1,1,1.0,5
201400050924,0014-11-24 18:05:00,14,11,24,18,5,690,199,A7   7.000 A 8.630,,,Crépuscule ou aube,Hors agglomération,Hors intersection,Normale,Trois véhicules et plus - en chaîne,,,,,,,,,,,2,1,1,1.0,4
201400050925,0014-11-25 18:55:00,14,11,25,18,55,690,290,A43   3.865 A 9.894,,,Plein jour,Hors agglomération,Hors intersection,Normale,Deux véhicules - arrière,,,,,,,,,,,1,1,1,1.0,2
201400050926,0014-11-21 13:39:00,14,11,21,13,39,690,277,RN346   36.215 A 38.000,,,Plein jour,Hors agglomération,Hors intersection,Normale,Deux véhicules - arrière,,,,,,,,,,,1,1,1,1.0,2
201400050927,0014-11-26 02:10:00,14,11,26,2,10,690,276,A7   8.630 A 10.992,,,Nuit avec éclairage non allumé,Hors agglomération,Hors intersection,Normale,Sans collision,,,,,,,,,,,4,1,1,1.0,7
201400050928,0014-11-27 22:50:00,14,11,27,22,50,690,266,RD383   3.750 A 7.640,,,Nuit avec éclairage allumé,Hors agglomération,Hors intersection,Normale,Trois véhicules et plus - collisions multiples,,,,,,,,,,,5,1,1,1.0,5
201400050929,0014-11-27 10:00:00,14,11,27,10,0,690,29,RD383   7.640 A 11.044,,,Plein jour,Hors agglomération,Hors intersection,Normale,Sans collision,,,,,,,,,,,1,1,1,1.0,7
201400050930,0014-11-21 08:05:00,14,11,21,8,5,690,297,A47   0.000  A 1.657,,,Plein jour,Hors agglomération,Hors intersection,Normale,Deux véhicules - arrière,,,,,,,,,,,1,1,1,1.0,2
201400050931,0014-11-18 15:40:00,14,11,18,15,40,690,290,A43   3.865 A 9.894,,,Plein jour,Hors agglomération,Hors intersection,Normale,Trois véhicules et plus - collisions multiples,,,,,,,,,,,1,1,1,1.0,5
201400050932,0014-11-27 07:20:00,14,11,27,7,20,10,249,A42   6.290 A 8.310,,,Plein jour,Hors agglomération,Hors intersection,Pluie légère,Deux véhicules - arrière,,,,,,,,,,,1,1,1,2.0,2
201400050933,0014-12-01 03:00:00,14,12,1,3,0,690,152,A7   4.270 A 7.000,,,Nuit avec éclairage allumé,Hors agglomération,Hors intersection,Normale,Sans collision,,,,,,,,,,,5,1,1,1.0,7
201400050934,0014-10-27 15:35:00,14,10,27,15,35,690,199,RD383   14.250 A 18.000,,,Plein jour,Hors agglomération,Hors intersection,Normale,Trois véhicules et plus - en chaîne,,,,,,,,,,,1,1,1,1.0,4
201400050935,0014-12-04 07:45:00,14,12,4,7,45,690,152,A7   4.270 A 7.000,,,Plein jour,Hors agglomération,Hors intersection,Pluie légère,Deux véhicules - arrière,,,,,,,,,,,1,1,1,2.0,2
201400050936,0014-12-05 02:40:00,14,12,5,2,40,690,34,BPNL   37.781 A 41.124,,,Nuit avec éclairage allumé,Hors agglomération,Hors intersection,Normale,Autre collision,,,,,,,,,,,5,1,1,1.0,6
201400050937,0014-12-04 09:40:00,14,12,4,9,40,690,266,RD383   3.750 A 7.640,,,Plein jour,Hors agglomération,Hors intersection,Normale,Trois véhicules et plus - en chaîne,,,,,,,,,,,1,1,1,1.0,4
201400050938,0014-12-05 07:00:00,14,12,5,7,0,690,275,RN346   29.300 A 34.350,,,Nuit avec éclairage non allumé,Hors agglomération,Hors intersection,Normale,Autre collision,,,,,,,,,,,4,1,1,1.0,6
201400050939,0014-12-06 16:20:00,14,12,6,16,20,690,81,BPNL   34.000 A 34.614,,,Crépuscule ou aube,Hors agglomération,Hors intersection,Normale,Deux véhicules - côté,,,,,,,,,,,2,1,1,1.0,3
201400050940,0014-12-02 19:40:00,14,12,2,19,40,690,279,RD302   5.000 A 6.350,,,Nuit sans éclairage public,Hors agglomération,Hors intersection,Normale,Autre collision,,,,,,,,,,,3,1,1,1.0,6
201400050941,0014-12-07 16:30:00,14,12,7,16,30,690,199,RD383   14.250 A 18.000,,,Plein jour,Hors agglomération,Hors intersection,Normale,Sans collision,,,,,,,,,,,1,1,1,1.0,7
201400050942,0014-12-08 07:40:00,14,12,8,7,40,690,286,A46N   19.955 A 25.180,,,Nuit sans éclairage public,Hors agglomération,Hors intersection,Pluie légère,Deux véhicules - arrière,,,,,,,,,,,3,1,1,2.0,2
201400050943,0014-12-08 13:00:00,14,12,8,13,0,690,297,A47   0.000  A 1.657,,,Plein jour,Hors agglomération,Hors intersection,Normale,Deux véhicules - côté,,,,,,,,,,,1,1,1,1.0,3
201400050944,0014-10-27 16:50:00,14,10,27,16,50,690,199,RD383   14.250 A 18.000,,,Plein jour,Hors agglomération,Hors intersection,Normale,Trois véhicules et plus - en chaîne,,,,,,,,,,,1,1,1,1.0,4
201400050945,0014-12-09 21:00:00,14,12,9,21,0,380,184,A43   15.971 A 18.875,,,Nuit sans éclairage public,Hors agglomération,Hors intersection,Normale,Deux véhicules - arrière,,,,,,,,,,,3,1,1,1.0,2
201400050946,0014-12-10 20:40:00,14,12,10,20,40,690,266,RD383   3.750 A 7.640,,,Nuit avec éclairage allumé,Hors agglomération,Hors intersection,Pluie légère,Sans collision,,,,,,,,,,,5,1,1,2.0,7
201400050947,0014-12-10 20:20:00,14,12,10,20,20,10,275,A42  4.020 A 4.353   GEN,,,Nuit sans éclairage public,Hors agglomération,Hors intersection,Pluie légère,Sans collision,,,,,,,,,,,3,1,1,2.0,7