accident_id,datetime,annee,mois,jour,heure,minute,departement,commune_insee,adresse,latitude,longitude,luminosite,agglomeration,intersection,meteo,collision,nb_vehicules,nb_usagers,nb_indemnes,nb_tues,nb_blesses_hosp,nb_blesses_legers,age_cond_1,age_cond_2,veh_type_cond_1,veh_type_cond_2,lum_code,agg_code,int_code,atm_code,col_code
201400050948,0014-12-11 08:50:00,14,12,11,8,50,690,81,BPNL   34.000 A 34.614,,,Plein jour,Hors agglomération,Hors intersection,Normale,Trois véhicules et plus - en chaîne,,,,,,,,,,,1,1,1,1.0,4
201400050949,0014-12-11 14:40:00,14,12,11,14,40,690,275,RN346   29.300 A 34.350,,,Plein jour,Hors agglomération,Hors intersection,Pluie légère,Trois véhicules et plus - en chaîne,,,,,,,,,,,1,1,1,2.0,4
201400050950,0014-12-12 18:20:00,14,12,12,18,20,690,266,RD383   3.750 A 7.640,,,Nuit sans éclairage public,Hors agglomération,Hors intersection,Normale,Deux véhicules - arrière,,,,,,,,,,,3,1,1,1.0,2
201400050951,0014-12-12 20:40:00,14,12,12,20,40,690,266,RD383   3.750 A 7.640,,,Nuit avec éclairage allumé,Hors agglomération,Hors intersection,Normale,Trois véhicules et plus - collisions multiples,,,,,,,,,,,5,1,1,1.0,5
201400050952,0014-12-13 17:20:00,14,12,13,17,20,690,72,A6   445.323 A 447.390,,,Nuit sans éclairage public,Hors agglomération,Hors intersection,Normale,Trois véhicules et plus - collisions multiples,,,,,,,,,,,3,1,1,1.0,5
201400050953,0014-12-09 17:30:00,14,12,9,17,30,690,297,A7   15.770 A 20.110,,,Nuit avec éclairage non allumé,Hors agglomération,Hors intersection,Normale,Deux véhicules - arrière,,,,,,,,,,,4,1,1,1.0,2
201400050954,0014-10-28 18:45:00,14,10,28,18,45,690,199,A7   7.000 A 8.630,,,Plein jour,Hors agglomération,Hors intersection,Normale,Deux véhicules - arrière,,,,,,,,,,,1,1,1,1.0,2
201400050955,0014-12-09 19:10:00,14,12,9,19,10,690,389,A6   451.790 A 453.400,,,Nuit avec éclairage allumé,Hors agglomération,Hors intersection,Normale,Deux véhicules - arrière,,,,,,,,,,,5,1,1,1.0,2
201400050956,0014-12-11 19:05:00,14,12,11,19,5,380,184,A43   15.971 A 18.875,,,Nuit sans éclairage public,Hors agglomération,Hors intersection,Normale,Deux véhicules - arrière,,,,,,,,,,,3,1,1,1.0,2
201400050957,0014-12-16 02:45:00,14,12,16,2,45,690,290,RN346   38.960 A 40.883,,,Nuit avec éclairage allumé,Hors agglomération,Intersection en Y,Normale,Autre collision,,,,,,,,,,,5,1,4,1.0,6
201400050958,0014-12-17 19:00:00,14,12,17,19,0,690,389,A6   451.790 A 453.400,,,Nuit sans éclairage public,Hors agglomération,Hors intersection,Pluie forte,Deux véhicules - arrière,,,,,,,,,,,3,1,1,3.0,2
201400050959,0014-12-18 14:00:00,14,12,18,14,0,690,29,RD383   7.640 A 11.044,,,Plein jour,Hors agglomération,Hors intersection,Pluie légère,Autre collision,,,,,,,,,,,1,1,1,2.0,6
201400050960,0014-12-20 14:00:00,14,12,20,14,0,690,29,RD383   7.640 A 11.044,,,Plein jour,Hors agglomération,Hors intersection,Pluie légère,Deux véhicules - côté,,,,,,,,,,,1,1,1,2.0,3
201400050961,0014-12-21 12:32:00,14,12,21,12,32,690,163,A46N   2.930 A 7.065,,,Plein jour,Hors agglomération,Hors intersection,Normale,Autre collision,,,,,,,,,,,1,1,1,1.0,6
201400050962,0014-12-22 07:40:00,14,12,22,7,40,690,199,RD383   14.250 A 18.000,,,Crépuscule ou aube,Hors agglomération,Hors intersection,Normale,Deux véhicules - arrière,,,,,,,,,,,2,1,1,1.0,2
201400050963,0014-12-22 11:55:00,14,12,22,11,55,380,449,A43  20+800 peage,45.64907,5.11847,Plein jour,Hors agglomération,Autre intersection,Brouillard / fumée,Deux véhicules - côté,,,,,,,,,,,1,1,9,5.0,3
201400050964,0014-12-23 06:05:00,14,12,23,6,5,10,43,A42 9.900 A 11.118,45.825,5.00878,Nuit sans éclairage public,Hors agglomération,Hors intersection,Brouillard / fumée,Trois véhicules et plus - collisions multiples,,,,,,,,,,,3,1,1,5.0,5
201400050965,0014-12-22 16:20:00,14,12,22,16,20,690,122,A6   433.690 A 435.100,,,Plein jour,Hors agglomération,Hors intersection,Normale,Autre collision,,,,,,,,,,,1,1,1,1.0,6
201400050966,0014-12-19 08:25:00,14,12,19,8,25,690,297,A7   15.770 A 20.110,,,Plein jour,Hors agglomération,Hors intersection,Brouillard / fumée,Sans collision,,,,,,,,,,,1,1,1,5.0,7
201400050967,0014-12-19 19:00:00,14,12,19,19,0,690,29,A43   0.550 A 3.353,,,Nuit avec éclairage allumé,Hors agglomération,Hors intersection,Brouillard / fumée,Trois véhicules et plus - en chaîne,,,,,,,,,,,5,1,1,5.0,4
201400050968,0014-12-03 19:00:00,14,12,3,19,0,690,272,A46S   57.400 A 61.010,,,Nuit sans éclairage public,Hors agglomération,Hors intersection,Normale,Deux véhicules - frontale,,,,,,,,,,,3,1,1,1.0,1
201400050969,0014-12-23 04:20:00,14,12,23,4,20,10,43,A42 9.900 A 11.118,45.8236,5.00264,Nuit sans éclairage public,Hors agglomération,Hors intersection,Brouillard / fumée,Trois véhicules et plus - en chaîne,,,,,,,,,,,3,1,1,5.0,4
201400050970,0014-12-26 17:40:00,14,12,26,17,40,690,29,RD383   7.640 A 11.044,,,Nuit avec éclairage allumé,Hors agglomération,Hors intersection,Normale,Trois véhicules et plus - en chaîne,,,,,,,,,,,5,1,1,1.0,4
201400050971,0014-12-27 13:20:00,14,12,27,13,20,690,199,RD383   14.250 A 18.000,,,Plein jour,Hors agglomération,Hors intersection,Normale,Deux véhicules - arrière,,,,,,,,,,,1,1,1,1.0,2
201400050972,0014-12-22 07:50:00,14,12,22,7,50,690,256,A42     0.560 A 4.020,,,Plein jour,Hors agglomération,Hors intersection,Brouillard / fumée,Sans collision,,,,,,,,,,,1,1,1,5.0,7
201400050973,0014-12-28 12:20:00,14,12,28,12,20,690,29,RD383   7.640 A 11.044,,,Plein jour,Hors agglomération,Hors intersection,Temps couvert,Deux véhicules - côté,,,,,,,,,,,1,1,1,8.0,3
201400050974,0014-12-29 11:14:00,14,12,29,11,14,690,288,A43   13.029 A 15.971,,,Plein jour,Hors agglomération,Hors intersection,Normale,Autre collision,,,,,,,,,,,1,1,1,1.0,6
201400050975,0014-12-30 17:20:00,14,12,30,17,20,380,184,A43   15.971 A 18.875,,,Nuit sans éclairage public,Hors agglomération,Hors intersection,Normale,Deux véhicules - côté,,,,,,,,,,,3,1,1,1.0,3
201400050976,0014-12-18 20:30:00,14,12,18,20,30,690,117,A6   439.400 A 442.500,,,Nuit sans éclairage public,Hors agglomération,Hors intersection,Normale,Deux véhicules - arrière,,,,,,,,,,,3,1,1,1.0,2
201400050977,0014-11-08 18:50:00,14,11,8,18,50,690,29,A43   0.550 A 3.353,,,Crépuscule ou aube,Hors agglomération,Hors intersection,Normale,Trois véhicules et plus - en chaîne,,,,,,,,,,,2,1,1,1.0,4
201400050978,0014-12-15 18:20:00,14,12,15,18,20,690,256,A42     0.560 A 4.020,,,Nuit sans éclairage public,Hors agglomération,Hors intersection,Normale,Deux véhicules - arrière,,,,,,,,,,,3,1,1,1.0,2
201400050979,0014-12-27 19:40:00,14,12,27,19,40,690,29,RD383   7.640 A 11.044,,,Nuit sans éclairage public,Hors agglomération,Hors intersection,Normale,Autre collision,,,,,,,,,,,3,1,1,1.0,6
201400050980,0014-12-23 10:45:00,14,12,23,10,45,380,336,A7   32.870 A 35.680,,,Plein jour,Hors agglomération,Hors intersection,Normale,Autre collision,,,,,,,,,,,1,1,1,1.0,6
201400050981,0014-12-19 13:00:00,14,12,19,13,0,690,259,RD383   11.750 A 14.250,,,Plein jour,Hors agglomération,Hors intersection,Normale,Sans collision,,,,,,,,,,,1,1,1,1.0,7
201400050982,0014-01-02 18:10:00,14,1,2,18,10,690,389,QUAI PAUL SEDALLIAN,,,Nuit avec éclairage allumé,En agglomération,Hors intersection,Normale,Trois véhicules et plus - en chaîne,,,,,,,,,,,5,2,1,1.0,4
201400050983,0014-01-15 12:10:00,14,1,15,12,10,690,389,"16, RUE SERGENT MICHEL B",,,Plein jour,En agglomération,Hors intersection,Normale,Autre collision,,,,,,,,,,,1,2,1,1.0,6
201400050984,0014-01-17 13:20:00,14,1,17,13,20,690,81,"4, AVENUE EDOUARD AYNARD",,,Plein jour,En agglomération,Hors intersection,Normale,Autre collision,,,,,,,,,,,1,2,1,1.0,6
201400050985,0014-01-20 18:10:00,14,1,20,18,10,690,389,"5, QUAI JAYR",,,Nuit avec éclairage allumé,En agglomération,Hors intersection,Normale,Deux véhicules - côté,,,,,,,,,,,5,2,1,1.0,3
201400050986,0014-02-06 09:00:00,14,2,6,9,0,690,389,"15, QUAI PAUL SEDALLIAN",,,Plein jour,En agglomération,Intersection en T,Normale,Deux véhicules - côté,,,,,,,,,,,1,2,3,1.0,3
201400050987,0014-01-29 20:47:00,14,1,29,20,47,690,81,"22, CHEMIN JEAN MARIE VI",,,Nuit avec éclairage allumé,En agglomération,Hors intersection,Temps couvert,Autre collision,,,,,,,,,,,5,2,1,8.0,6
201400050988,0014-01-31 08:15:00,14,1,31,8,15,690,389,"14, RUE GORGE DE LOUP",,,Plein jour,En agglomération,Hors intersection,Normale,Autre collision,,,,,,,,,,,1,2,1,1.0,6
201400050989,0014-01-31 19:10:00,14,1,31,19,10,690,389,RUE MARIETTON,,,Nuit avec éclairage allumé,En agglomération,Intersection en X,Normale,Deux véhicules - frontale,,,,,,,,,,,5,2,2,1.0,1
201400050990,0014-03-05 09:55:00,14,3,5,9,55,690,389,"110, RUE DE SAINT CYR",,,Plein jour,En agglomération,Hors intersection,Normale,Deux véhicules - côté,,,,,,,,,,,1,2,1,1.0,3
201400050991,0014-02-10 07:50:00,14,2,10,7,50,690,389,"34, QUAI JAYR",,,Plein jour,En agglomération,Hors intersection,Temps couvert,Trois véhicules et plus - collisions multiples,,,,,,,,,,,1,2,1,8.0,5
201400050992,0014-02-13 08:10:00,14,2,13,8,10,690,389,AVENUE SIDOINE APOLLINAI,,,Crépuscule ou aube,En agglomération,Hors intersection,Pluie légère,Autre collision,,,,,,,,,,,2,2,1,2.0,6
201400050993,0014-02-13 12:40:00,14,2,13,12,40,690,81,BOULEVARD DU VALVERT,,,Plein jour,En agglomération,Hors intersection,Pluie légère,Deux véhicules - arrière,,,,,,,,,,,1,2,1,2.0,2
201400050994,0014-02-14 00:05:00,14,2,14,0,5,690,389,"93, RUE MARIETTON",,,Nuit avec éclairage allumé,En agglomération,Hors intersection,Temps couvert,Autre collision,,,,,,,,,,,5,2,1,8.0,6
201400050995,0014-02-27 07:25:00,14,2,27,7,25,690,81,"65, AVENUE FRANKLIN ROOS",,,Plein jour,En agglomération,Intersection en X,Normale,Deux véhicules - côté,,,,,,,,,,,1,2,2,1.0,3
201400050996,0014-02-27 09:25:00,14,2,27,9,25,690,389,AVENUE DE CHAMPAGNE,,,Plein jour,En agglomération,Intersection en X,Normale,Deux véhicules - côté,,,,,,,,,,,1,2,2,1.0,3
201400050997,0014-02-28 08:40:00,14,2,28,8,40,690,389,"52, QUAI PAUL SEDALLIAN",,,Plein jour,En agglomération,Hors intersection,Pluie légère,Autre collision,,,,,,,,,,,1,2,1,2.0,6
201400050998,0014-03-02 15:10:00,14,3,2,15,10,690,389,"24, QUAI PAUL SEDALLIAN",,,Plein jour,En agglomération,Hors intersection,Normale,Autre collision,,,,,,,,,,,1,2,1,1.0,6
201400050999,0014-03-02 14:45:00,14,3,2,14,45,690,389,"19, RUE MARIETTON",,,Plein jour,En agglomération,Hors intersection,Normale,Deux véhicules - arrière,,,,,,,,,,,1,2,1,1.0,2
201400051000,0014-03-13 08:15:00,14,3,13,8,15,690,389,"14, RUE JOANNES CARRET",,,Plein jour,En agglomération,Hors intersection,Normale,Deux véhicules - frontale,,,,,,,,,,,1,2,1,1.0,1
201400051001,0014-03-19 07:35:00,14,3,19,7,35,690,81,"13, CHEMIN DU PLAT",,,Plein jour,En agglomération,Intersection en X,Temps éblouissant,Trois véhicules et plus - collisions multiples,,,,,,,,,,,1,2,2,7.0,5
201400051002,0014-03-26 16:05:00,14,3,26,16,5,690,389,"226, AVENUE DU PLATEAU",,,Plein jour,En agglomération,Hors intersection,Normale,Autre collision,,,,,,,,,,,1,2,1,1.0,6
201400051003,0014-03-28 14:55:00,14,3,28,14,55,690,389,"27, QUAI JAYR",,,Plein jour,En agglomération,Hors intersection,Normale,Autre collision,,,,,,,,,,,1,2,1,1.0,6
201400051004,0014-03-29 02:36:00,14,3,29,2,36,690,389,"35, QUAI PIERRE SCIZE",,,Nuit avec éclairage allumé,En agglomération,Hors intersection,Normale,Autre collision,,,,,,,,,,,5,2,1,1.0,6
201400051005,0014-03-29 13:50:00,14,3,29,13,50,690,389,"36B, RUE SERGENT MICHEL",,,Plein jour,En agglomération,Intersection en X,Normale,Deux véhicules - côté,,,,,,,,,,,1,2,2,1.0,3
201400051006,0014-03-29 16:15:00,14,3,29,16,15,690,81,"114, RUE MARIETTON",,,Plein jour,En agglomération,Hors intersection,Normale,Autre collision,,,,,,,,,,,1,2,1,1.0,6
201400051007,0014-04-01 13:20:00,14,4,1,13,20,690,389,"90, RUE MARIETTON",,,Plein jour,En agglomération,Intersection en T,Normale,Deux véhicules - côté,,,,,,,,,,,1,2,3,1.0,3
201400051008,0014-04-01 15:40:00,14,4,1,15,40,690,389,"15, QUAI PAUL SEDALLIAN",,,Plein jour,En agglomération,Hors intersection,Normale,Trois véhicules et plus - en chaîne,,,,,,,,,,,1,2,1,1.0,4
201400051009,0014-04-04 13:50:00,14,4,4,13,50,690,389,QUAI RAOUL CARRIE,,,Plein jour,En agglomération,Intersection en X,Normale,Deux véhicules - côté,,,,,,,,,,,1,2,2,1.0,3
201400051010,0014-04-05 06:28:00,14,4,5,6,28,690,389,"125, AVENUE SIDOINE APOL",,,Crépuscule ou aube,En agglomération,Intersection en X,Normale,Deux véhicules - côté,,,,,,,,,,,2,2,2,1.0,3
201400051011,0014-04-09 13:00:00,14,4,9,13,0,690,389,"28, RUE LOUIS LOUCHEUR",,,Plein jour,En agglomération,Hors intersection,Normale,Deux véhicules - côté,,,,,,,,,,,1,2,1,1.0,3
201400051012,0014-04-10 18:30:00,14,4,10,18,30,690,389,"51, RUE DE SAINT CYR",,,Plein jour,En agglomération,Hors intersection,Normale,Autre collision,,,,,,,,,,,1,2,1,1.0,6
201400051013,0014-04-15 08:05:00,14,4,15,8,5,690,389,RUE PROFESSEUR GUERIN,,,Plein jour,En agglomération,Hors intersection,Normale,Deux véhicules - arrière,,,,,,,,,,,1,2,1,1.0,2
201400051014,0014-04-17 12:25:00,14,4,17,12,25,690,389,"47, RUE DE BOURGOGNE",,,Plein jour,En agglomération,Hors intersection,Normale,Autre collision,,,,,,,,,,,1,2,1,1.0,6
201400051015,0014-04-17 18:10:00,14,4,17,18,10,690,389,"23, RUE HECTOR BERLIOZ",,,Plein jour,En agglomération,Hors intersection,Normale,Autre collision,,,,,,,,,,,1,2,1,1.0,6
201400051016,0014-04-21 06:50:00,14,4,21,6,50,690,389,"SANS, RUE DES DOCTEURS C",,,Crépuscule ou aube,En agglomération,Hors intersection,Pluie légère,Autre collision,,,,,,,,,,,2,2,1,2.0,6
201400051017,0014-04-12 11:40:00,14,4,12,11,40,690,389,"1, RUE DU MARCHE",,,Plein jour,En agglomération,Hors intersection,Normale,Autre collision,,,,,,,,,,,1,2,1,1.0,6
201400051018,0014-04-23 15:45:00,14,4,23,15,45,690,389,"101, RUE DU BOURBONNAIS",,,Plein jour,En agglomération,Hors intersection,Normale,Sans collision,,,,,,,,,,,1,2,1,1.0,7
201400051019,0014-05-04 15:50:00,14,5,4,15,50,690,389,"24, RUE MOUILLARD",,,Plein jour,En agglomération,Hors intersection,Normale,Deux véhicules - arrière,,,,,,,,,,,1,2,1,1.0,2
201400051020,0014-05-22 21:25:00,14,5,22,21,25,690,389,"1, RUE MARIETTON",,,Crépuscule ou aube,En agglomération,Hors intersection,Normale,Deux véhicules - arrière,,,,,,,,,,,2,2,1,1.0,2
201400051021,0014-05-29 17:15:00,14,5,29,17,15,690,389,"12, RUE DE LA CLAIRE",,,Plein jour,En agglomération,Intersection en X,Normale,Deux véhicules - côté,,,,,,,,,,,1,2,2,1.0,3
201400051022,0014-06-10 09:15:00,14,6,10,9,15,690,389,"4, QUAI DU COMMERCE",,,Plein jour,En agglomération,Hors intersection,Normale,Deux véhicules - arrière,,,,,,,,,,,1,2,1,1.0,2
201400051023,0014-06-10 15:20:00,14,6,10,15,20,690,389,"23, AVENUE SIDOINE APOLL",,,Plein jour,En agglomération,Hors intersection,Normale,Deux véhicules - arrière,,,,,,,,,,,1,2,1,1.0,2
201400051024,0014-06-11 17:15:00,14,6,11,17,15,690,389,"242, AVENUE DU PLATEAU",,,Plein jour,En agglomération,Hors intersection,Normale,Autre collision,,,,,,,,,,,1,2,1,1.0,6
201400051025,0014-06-12 09:40:00,14,6,12,9,40,690,389,"18, QUAI ARLOING",,,Plein jour,En agglomération,Hors intersection,Normale,Autre collision,,,,,,,,,,,1,2,1,1.0,6
201400051026,0014-06-12 11:15:00,14,6,12,11,15,690,389,"4, RUE SAINT SIMON",,,Plein jour,En agglomération,Hors intersection,Normale,Deux véhicules - côté,,,,,,,,,,,1,2,1,1.0,3
201400051027,0014-06-13 02:35:00,14,6,13,2,35,690,81,"122, RUE MARIETTON",,,Nuit avec éclairage allumé,En agglomération,Hors intersection,Normale,Autre collision,,,,,,,,,,,5,2,1,1.0,6
201400051028,0014-06-15 23:10:00,14,6,15,23,10,690,389,"15, RUE DE SAINT CYR",,,Nuit avec éclairage allumé,En agglomération,Hors intersection,Normale,Deux véhicules - côté,,,,,,,,,,,5,2,1,1.0,3
201400051029,0014-06-17 23:32:00,14,6,17,23,32,690,389,"21, RUE LOUIS LOUCHEUR",,,Nuit avec éclairage allumé,En agglomération,Hors intersection,Pluie légère,Autre collision,,,,,,,,,,,5,2,1,2.0,6
201400051030,0014-06-22 12:20:00,14,6,22,12,20,690,389,"46, RUE LAURE DIEBOLD",,,Plein jour,En agglomération,Hors intersection,Normale,Autre collision,,,,,,,,,,,1,2,1,1.0,6
201400051031,0014-06-24 19:17:00,14,6,24,19,17,690,81,"12, ROUTE DE CHAMPAGNE",,,Plein jour,En agglomération,Hors intersection,Normale,Deux véhicules - côté,,,,,,,,,,,1,2,1,1.0,3
201400051032,0014-06-25 03:50:00,14,6,25,3,50,690,389,"52, BOULEVARD ANTOINE DE",,,Nuit avec éclairage allumé,En agglomération,Hors intersection,Normale,Autre collision,,,,,,,,,,,5,2,1,1.0,6
201400051033,0014-06-26 08:25:00,14,6,26,8,25,690,81,"53, CHEMIN DE LA SAUVEGA",,,Plein jour,En agglomération,Hors intersection,Normale,Autre collision,,,,,,,,,,,1,2,1,1.0,6
201400051034,0014-06-26 21:40:00,14,6,26,21,40,690,389,"38, RUE SERGENT MICHEL B",,,Crépuscule ou aube,En agglomération,Intersection en T,Normale,Autre collision,,,,,,,,,,,2,2,3,1.0,6
201400051035,0014-06-30 17:00:00,14,6,30,17,0,690,389,"27, AVENUE JOANNES MASSE",,,Plein jour,En agglomération,Hors intersection,Normale,Deux véhicules - côté,,,,,,,,,,,1,2,1,1.0,3
201400051036,0014-07-03 11:15:00,14,7,3,11,15,690,389,"2, AVENUE DE VERDUN",,,Plein jour,En agglomération,Hors intersection,Normale,Autre collision,,,,,,,,,,,1,2,1,1.0,6
201400051037,0014-07-03 10:50:00,14,7,3,10,50,690,389,"44B, QUAI JAYR",,,Plein jour,En agglomération,Hors intersection,Normale,Deux véhicules - arrière,,,,,,,,,,,1,2,1,1.0,2
201400051038,0014-07-05 13:10:00,14,7,5,13,10,690,389,BRETELLE TASSIN VOIE NOR,,,Plein jour,En agglomération,Hors intersection,Normale,Deux véhicules - côté,,,,,,,,,,,1,2,1,1.0,3
201400051039,0014-07-06 19:30:00,14,7,6,19,30,690,389,"2, QUAI DU COMMERCE",,,Plein jour,En agglomération,Hors intersection,Pluie légère,Deux véhicules - arrière,,,,,,,,,,,1,2,1,2.0,2
201400051040,0014-07-09 10:15:00,14,7,9,10,15,690,389,QUAI PAUL SEDALLIAN,,,Plein jour,En agglomération,Hors intersection,Pluie légère,Sans collision,,,,,,,,,,,1,2,1,2.0,7
201400051041,0014-07-19 01:20:00,14,7,19,1,20,690,81,"126, RUE MARIETTON",,,Nuit avec éclairage allumé,En agglomération,Hors intersection,Normale,Sans collision,,,,,,,,,,,5,2,1,1.0,7
201400051042,0014-07-21 09:55:00,14,7,21,9,55,690,389,AVENUE SIDOINE APOLLINAI,,,Plein jour,En agglomération,Intersection en X,Pluie légère,Deux véhicules - côté,,,,,,,,,,,1,2,2,2.0,3
201400051043,0014-07-22 08:50:00,14,7,22,8,50,690,389,"40, QUAI JAYR",,,Plein jour,En agglomération,Autre intersection,Temps couvert,Deux véhicules - côté,,,,,,,,,,,1,2,9,8.0,3
201400051044,0014-07-27 04:35:00,14,7,27,4,35,690,389,"40, QUAI ARLOING",,,Nuit avec éclairage allumé,En agglomération,Hors intersection,Normale,Deux véhicules - arrière,,,,,,,,,,,5,2,1,1.0,2
201400051045,0014-08-10 16:30:00,14,8,10,16,30,690,389,"192, RUE DE SAINT CYR",,,Plein jour,En agglomération,Hors intersection,Normale,Sans collision,,,,,,,,,,,1,2,1,1.0,7
201400051046,0014-08-11 22:10:00,14,8,11,22,10,690,389,"FACE 52, R JOANES CARRET",,,Nuit avec éclairage allumé,En agglomération,Hors intersection,Normale,Trois véhicules et plus - en chaîne,,,,,,,,,,,5,2,1,1.0,4
201400051047,0014-09-19 17:30:00,14,9,19,17,30,690,389,RUE DE SAINT CYR,,,Plein jour,En agglomération,Hors intersection,Normale,Autre collision,,,,,,,,,,,1,2,1,1.0,6
201400051048,0014-10-10 16:25:00,14,10,10,16,25,690,81,AVENUE DU BON PASTEUR,,,Plein jour,En agglomération,Hors intersection,Pluie forte,Deux véhicules - frontale,,,,,,,,,,,1,2,1,3.0,1
201400051049,0014-09-22 23:10:00,14,9,22,23,10,690,389,"10, RUE SERGENT MICHEL B",,,Nuit avec éclairage allumé,En agglomération,Hors intersection,Normale,Autre collision,,,,,,,,,,,5,2,1,1.0,6
201400051050,0014-09-03 12:45:00,14,9,3,12,45,690,389,"7. 7 BIS, RUE MARIETTON",,,Plein jour,En agglomération,Hors intersection,Normale,Autre collision,,,,,,,,,,,1,2,1,1.0,6
201400051051,0014-09-04 13:40:00,14,9,4,13,40,690,389,"00, RUE PROFESSEUR GUERI",,,Plein jour,En agglomération,Hors intersection,Normale,Deux véhicules - côté,,,,,,,,,,,1,2,1,1.0,3
201400051052,0014-09-05 11:00:00,14,9,5,11,0,690,389,"53, RUE DE SAINT CYR",,,Plein jour,En agglomération,Hors intersection,Normale,Autre collision,,,,,,,,,,,1,2,1,1.0,6
201400051053,0014-09-08 16:50:00,14,9,8,16,50,690,389,"90, AVENUE BARTHELEMY BU",,,Plein jour,En agglomération,Hors intersection,Normale,Sans collision,,,,,,,,,,,1,2,1,1.0,7
201400051054,0014-10-02 17:00:00,14,10,2,17,0,690,81,"19, AVENUE GUY DE COLLON",,,Plein jour,En agglomération,Hors intersection,Normale,Deux véhicules - arrière,,,,,,,,,,,1,2,1,1.0,2
201400051055,0014-09-08 16:30:00,14,9,8,16,30,690,389,"5, AVENUE ROSA PARKS",,,Plein jour,En agglomération,Hors intersection,Normale,Autre collision,,,,,,,,,,,1,2,1,1.0,6
201400051056,0014-09-11 19:35:00,14,9,11,19,35,690,389,"18, RUE DE LA CLAIRE",,,Crépuscule ou aube,En agglomération,Intersection en X,Normale,Deux véhicules - côté,,,,,,,,,,,2,2,2,1.0,3
201400051057,0014-09-11 17:45:00,14,9,11,17,45,690,81,AVENUE EDOUARD PAYEN,,,Plein jour,En agglomération,Intersection en X,Normale,Deux véhicules - côté,,,,,,,,,,,1,2,2,1.0,3
201400051058,0014-09-12 09:25:00,14,9,12,9,25,690,389,"55, RUE SERGENT MICHEL B",,,Plein jour,En agglomération,Hors intersection,Normale,Trois véhicules et plus - en chaîne,,,,,,,,,,,1,2,1,1.0,4
201400051059,0014-09-12 15:35:00,14,9,12,15,35,690,81,AVENUE FRANKLIN ROOSEVEL,,,Plein jour,En agglomération,Hors intersection,Normale,Trois véhicules et plus - en chaîne,,,,,,,,,,,1,2,1,1.0,4
201400051060,0014-09-16 12:10:00,14,9,16,12,10,690,389,RUE CHINARD,,,Plein jour,En agglomération,Intersection en X,Normale,Autre collision,,,,,,,,,,,1,2,2,1.0,6
201400051061,0014-09-23 09:40:00,14,9,23,9,40,690,81,"00, AVENUE DU BON PASTEU",,,Plein jour,En agglomération,Hors intersection,Normale,Autre collision,,,,,,,,,,,1,2,1,1.0,6
201400051062,0014-09-27 12:20:00,14,9,27,12,20,690,389,"480, AVENUE BEN GOURION",,,Plein jour,En agglomération,Hors intersection,Normale,Deux véhicules - côté,,,,,,,,,,,1,2,1,1.0,3
201400051063,0014-09-28 17:15:00,14,9,28,17,15,690,389,QUAI PAUL SEDALLIAN,,,Plein jour,En agglomération,Hors intersection,Normale,Sans collision,,,,,,,,,,,1,2,1,1.0,7
201400051064,0014-09-29 15:34:00,14,9,29,15,34,690,389,"29, AVENUE JOANNES MASSE",,,Plein jour,En agglomération,Hors intersection,Pluie légère,Autre collision,,,,,,,,,,,1,2,1,2.0,6
201400051065,0014-09-29 18:05:00,14,9,29,18,5,690,81,"29, CHEMIN DE PONTET ET",,,Plein jour,En agglomération,Hors intersection,Normale,Sans collision,,,,,,,,,,,1,2,1,1.0,7
201400051066,0014-10-04 20:40:00,14,10,4,20,40,690,389,"11, BOULEVARD DE LA DUCH",,,Nuit avec éclairage allumé,En agglomération,Hors intersection,Normale,Autre collision,,,,,,,,,,,5,2,1,1.0,6
201400051067,0014-10-17 16:40:00,14,10,17,16,40,690,389,"47, RUE DES DOCKS",,,Plein jour,En agglomération,Hors intersection,Normale,Autre collision,,,,,,,,,,,1,2,1,1.0,6
201400051068,0014-10-24 14:00:00,14,10,24,14,0,690,389,"39, RUE SERGENT MICHEL B",,,Plein jour,En agglomération,Hors intersection,Normale,Deux véhicules - arrière,,,,,,,,,,,1,2,1,1.0,2
201400051069,0014-10-31 21:15:00,14,10,31,21,15,690,389,"20, PLACE VALMY",,,Nuit avec éclairage allumé,En agglomération,Hors intersection,Normale,Deux véhicules - frontale,,,,,,,,,,,5,2,1,1.0,1
201400051070,0014-11-01 16:00:00,14,11,1,16,0,690,389,"25, RUE TISSOT",,,Plein jour,En agglomération,Hors intersection,Normale,Deux véhicules - côté,,,,,,,,,,,1,2,1,1.0,3
201400051071,0014-11-03 17:40:00,14,11,3,17,40,690,389,"22, AVENUE JOANNES MASSE",,,Nuit avec éclairage allumé,En agglomération,Hors intersection,Pluie forte,Autre collision,,,,,,,,,,,5,2,1,3.0,6
201400051072,0014-11-04 07:50:00,14,11,4,7,50,690,389,"49, RUE MARIETTON",,,Crépuscule ou aube,En agglomération,Hors intersection,Pluie forte,Autre collision,,,,,,,,,,,2,2,1,3.0,6
201400051073,0014-11-07 13:28:00,14,11,7,13,28,690,389,"0.0001, BOULEVARD ANTOIN",,,Plein jour,En agglomération,Hors intersection,Pluie légère,Autre collision,,,,,,,,,,,1,2,1,2.0,6
201400051074,0014-11-12 07:40:00,14,11,12,7,40,690,389,"469, AVENUE BEN GOURI",,,Plein jour,En agglomération,Hors intersection,Pluie légère,Autre collision,,,,,,,,,,,1,2,1,2.0,6