accident_id,datetime,annee,mois,jour,heure,minute,departement,commune_insee,adresse,latitude,longitude,luminosite,agglomeration,intersection,meteo,collision,nb_vehicules,nb_usagers,nb_indemnes,nb_tues,nb_blesses_hosp,nb_blesses_legers,age_cond_1,age_cond_2,veh_type_cond_1,veh_type_cond_2,lum_code,agg_code,int_code,atm_code,col_code
201400051075,0014-10-24 04:30:00,14,10,24,4,30,690,389,"47, QUAI PIERRE SCIZE",,,Nuit avec éclairage allumé,En agglomération,Hors intersection,Normale,Autre collision,,,,,,,,,,,5,2,1,1.0,6
201400051076,0014-11-20 18:00:00,14,11,20,18,0,690,389,"16, QUAI PIERRE SCIZE",,,Nuit avec éclairage allumé,En agglomération,Hors intersection,Normale,Deux véhicules - côté,,,,,,,,,,,5,2,1,1.0,3
201400051077,0014-11-21 12:00:00,14,11,21,12,0,690,389,AVENUE BEN GOURION,,,Plein jour,En agglomération,Hors intersection,Normale,Deux véhicules - côté,,,,,,,,,,,1,2,1,1.0,3
201400051078,0014-11-21 18:35:00,14,11,21,18,35,690,389,"100, AVENUE BARTHELEMY B",,,Nuit avec éclairage allumé,En agglomération,Hors intersection,Normale,Deux véhicules - côté,,,,,,,,,,,5,2,1,1.0,3
201400051079,0014-11-24 11:00:00,14,11,24,11,0,690,389,RUE ROGER SALENGRO,,,Plein jour,Hors agglomération,Intersection en T,Pluie légère,Sans collision,,,,,,,,,,,1,1,3,2.0,7
201400051080,0014-12-05 15:30:00,14,12,5,15,30,690,389,"153, AVENUE BARTHELEMY B",,,Plein jour,En agglomération,Autre intersection,Normale,Trois véhicules et plus - collisions multiples,,,,,,,,,,,1,2,9,1.0,5
201400051081,0014-12-08 08:45:00,14,12,8,8,45,690,389,"2, QUAI DU COMMERCE",,,Plein jour,En agglomération,Hors intersection,Pluie légère,Autre collision,,,,,,,,,,,1,2,1,2.0,6
201400051082,0014-12-09 16:30:00,14,12,9,16,30,690,389,"17, BOULEVARD DE LA DUCH",,,Crépuscule ou aube,En agglomération,Hors intersection,Normale,Autre collision,,,,,,,,,,,2,2,1,1.0,6
201400051083,0014-12-14 18:39:00,14,12,14,18,39,690,389,QUAI RAOUL CARRIE,,,Nuit avec éclairage allumé,En agglomération,Hors intersection,Normale,Deux véhicules - frontale,,,,,,,,,,,5,2,1,1.0,1
201400051084,0014-12-16 07:50:00,14,12,16,7,50,690,389,41 AV SIDOINE APOLLINAI,,,Crépuscule ou aube,En agglomération,Hors intersection,Normale,Deux véhicules - côté,,,,,,,,,,,2,2,1,1.0,3
201400051085,0014-12-16 12:25:00,14,12,16,12,25,690,389,"5, QUAI JAYR",,,Plein jour,En agglomération,Hors intersection,Normale,Deux véhicules - côté,,,,,,,,,,,1,2,1,1.0,3
201400051086,0014-12-20 14:30:00,14,12,20,14,30,690,389,AVENUE BEN GOURION,,,Plein jour,En agglomération,Hors intersection,Normale,Deux véhicules - arrière,,,,,,,,,,,1,2,1,1.0,2
201400051087,0014-12-23 13:30:00,14,12,23,13,30,690,389,RUE DE BOURGOGNE,,,Plein jour,Hors agglomération,Intersection en X,Normale,Deux véhicules - frontale,,,,,,,,,,,1,1,2,1.0,1
201400051088,0014-12-24 23:25:00,14,12,24,23,25,690,389,"17, BOULEVARD DE LA DUCH",,,Nuit avec éclairage allumé,En agglomération,Hors intersection,Normale,Autre collision,,,,,,,,,,,5,2,1,1.0,6
201400051089,0014-12-31 19:00:00,14,12,31,19,0,690,389,RUE VICTOR SCHOELCHER,,,Nuit avec éclairage allumé,En agglomération,Hors intersection,Normale,Deux véhicules - côté,,,,,,,,,,,5,2,1,1.0,3
201400051090,0014-01-01 04:00:00,14,1,1,4,0,830,144,A57,,,Nuit avec éclairage allumé,Hors agglomération,Hors intersection,Normale,Autre collision,,,,,,,,,,,5,1,1,1.0,6
201400051091,0014-01-29 19:45:00,14,1,29,19,45,830,137,A50,,,Nuit sans éclairage public,Hors agglomération,Hors intersection,Normale,Trois véhicules et plus - collisions multiples,,,,,,,,,,,3,1,1,1.0,5
201400051092,0014-03-09 10:40:00,14,3,9,10,40,830,62,A57,,,Plein jour,Hors agglomération,Hors intersection,Normale,Deux véhicules - côté,,,,,,,,,,,1,1,1,1.0,3
201400051093,0014-04-02 08:35:00,14,4,2,8,35,830,137,RN1050 Tremie Leon BOURG,,,Plein jour,Hors agglomération,Hors intersection,Normale,Trois véhicules et plus - en chaîne,,,,,,,,,,,1,1,1,1.0,4
201400051094,0014-01-09 18:00:00,14,1,9,18,0,830,126,A50,,,Nuit sans éclairage public,Hors agglomération,Hors intersection,Normale,Deux véhicules - arrière,,,,,,,,,,,3,1,1,1.0,2
201400051095,0014-01-19 21:13:00,14,1,19,21,13,830,62,A57,,,Nuit sans éclairage public,Hors agglomération,Hors intersection,Temps couvert,Autre collision,,,,,,,,,,,3,1,1,8.0,6
201400051096,0014-03-05 15:30:00,14,3,5,15,30,830,137,A57,,,Plein jour,Hors agglomération,Hors intersection,Normale,Deux véhicules - arrière,,,,,,,,,,,1,1,1,1.0,2
201400051097,0014-03-08 05:50:00,14,3,8,5,50,830,62,A57,,,Nuit sans éclairage public,Hors agglomération,Hors intersection,Normale,Autre collision,,,,,,,,,,,3,1,1,1.0,6
201400051098,0014-03-11 08:25:00,14,3,11,8,25,830,144,A57,,,Plein jour,Hors agglomération,Hors intersection,Normale,Deux véhicules - côté,,,,,,,,,,,1,1,1,1.0,3
201400051099,0014-03-12 14:41:00,14,3,12,14,41,830,137,A57,,,Plein jour,Hors agglomération,Hors intersection,Normale,Trois véhicules et plus - en chaîne,,,,,,,,,,,1,1,1,1.0,4
201400051100,0014-03-15 18:05:00,14,3,15,18,5,830,137,A50,,,Plein jour,Hors agglomération,Hors intersection,Normale,Sans collision,,,,,,,,,,,1,1,1,1.0,7
201400051101,0014-03-28 16:05:00,14,3,28,16,5,830,137,A50,,,Plein jour,Hors agglomération,Hors intersection,Normale,Trois véhicules et plus - collisions multiples,,,,,,,,,,,1,1,1,1.0,5
201400051102,0014-03-31 14:45:00,14,3,31,14,45,830,137,A57,,,Plein jour,Hors agglomération,Hors intersection,Normale,Deux véhicules - arrière,,,,,,,,,,,1,1,1,1.0,2
201400051103,0014-04-09 16:00:00,14,4,9,16,0,830,137,A50,,,Plein jour,Hors agglomération,Hors intersection,Normale,Deux véhicules - arrière,,,,,,,,,,,1,1,1,1.0,2
201400051104,0014-04-09 17:53:00,14,4,9,17,53,830,144,A57,,,Plein jour,Hors agglomération,Hors intersection,Normale,Trois véhicules et plus - en chaîne,,,,,,,,,,,1,1,1,1.0,4
201400051105,0014-04-11 12:05:00,14,4,11,12,5,830,144,A57,,,Plein jour,Hors agglomération,Hors intersection,Normale,Trois véhicules et plus - en chaîne,,,,,,,,,,,1,1,1,1.0,4
201400051106,0014-04-14 08:05:00,14,4,14,8,5,830,137,A50 TUNNEL,,,Plein jour,Hors agglomération,Hors intersection,Normale,Trois véhicules et plus - en chaîne,,,,,,,,,,,1,1,1,1.0,4
201400051107,0014-04-18 17:50:00,14,4,18,17,50,830,69,A570,,,Plein jour,Hors agglomération,Hors intersection,Normale,Trois véhicules et plus - en chaîne,,,,,,,,,,,1,1,1,1.0,4
201400051108,0014-04-18 19:45:00,14,4,18,19,45,830,137,A50,,,Crépuscule ou aube,Hors agglomération,Hors intersection,Normale,Deux véhicules - arrière,,,,,,,,,,,2,1,1,1.0,2
201400051109,0014-05-02 11:50:00,14,5,2,11,50,830,137,A50,,,Plein jour,Hors agglomération,Hors intersection,Normale,Autre collision,,,,,,,,,,,1,1,1,1.0,6
201400051110,0014-05-06 18:00:00,14,5,6,18,0,130,28,A50,,,Plein jour,Hors agglomération,Hors intersection,Normale,Sans collision,,,,,,,,,,,1,1,1,1.0,7
201400051111,0014-05-13 16:18:00,14,5,13,16,18,830,137,A50 TUNNEL,,,Plein jour,Hors agglomération,Hors intersection,Normale,Deux véhicules - côté,,,,,,,,,,,1,1,1,1.0,3
201400051112,0014-05-14 16:45:00,14,5,14,16,45,830,137,A57,,,Plein jour,Hors agglomération,Hors intersection,Normale,Sans collision,,,,,,,,,,,1,1,1,1.0,7
201400051113,0014-05-14 17:45:00,14,5,14,17,45,830,137,A57,,,Plein jour,Hors agglomération,Hors intersection,Normale,Deux véhicules - arrière,,,,,,,,,,,1,1,1,1.0,2
201400051114,0014-05-23 14:30:00,14,5,23,14,30,830,137,A57,,,Plein jour,Hors agglomération,Hors intersection,Normale,Trois véhicules et plus - en chaîne,,,,,,,,,,,1,1,1,1.0,4
201400051115,0014-05-22 12:10:00,14,5,22,12,10,830,144,A57,,,Plein jour,Hors agglomération,Hors intersection,Normale,Trois véhicules et plus - en chaîne,,,,,,,,,,,1,1,1,1.0,4
201400051116,0014-05-28 13:20:00,14,5,28,13,20,830,137,A50,,,Plein jour,Hors agglomération,Hors intersection,Normale,Deux véhicules - côté,,,,,,,,,,,1,1,1,1.0,3
201400051117,0014-05-28 18:34:00,14,5,28,18,34,130,23,A50,,,Plein jour,Hors agglomération,Hors intersection,Normale,Trois véhicules et plus - collisions multiples,,,,,,,,,,,1,1,1,1.0,5
201400051118,0014-05-29 01:40:00,14,5,29,1,40,830,137,A50,,,Nuit avec éclairage allumé,Hors agglomération,Hors intersection,Normale,Deux véhicules - côté,,,,,,,,,,,5,1,1,1.0,3
201400051119,0014-05-30 11:50:00,14,5,30,11,50,830,137,A57,,,Plein jour,Hors agglomération,Hors intersection,Normale,Trois véhicules et plus - collisions multiples,,,,,,,,,,,1,1,1,1.0,5
201400051120,0014-05-30 19:30:00,14,5,30,19,30,830,27,A50,,,Plein jour,Hors agglomération,Hors intersection,Normale,Deux véhicules - côté,,,,,,,,,,,1,1,1,1.0,3
201400051121,0014-06-07 18:40:00,14,6,7,18,40,830,144,A57,,,Plein jour,Hors agglomération,Hors intersection,Normale,Deux véhicules - arrière,,,,,,,,,,,1,1,1,1.0,2
201400051122,0014-06-15 18:15:00,14,6,15,18,15,130,28,A50,,,Plein jour,Hors agglomération,Hors intersection,Pluie légère,Autre collision,,,,,,,,,,,1,1,1,2.0,6
201400051123,0014-06-22 06:20:00,14,6,22,6,20,830,47,A570,,,Plein jour,Hors agglomération,Hors intersection,Normale,Autre collision,,,,,,,,,,,1,1,1,1.0,6
201400051124,0014-06-25 11:55:00,14,6,25,11,55,830,137,A57,,,Plein jour,Hors agglomération,Hors intersection,Normale,Trois véhicules et plus - en chaîne,,,,,,,,,,,1,1,1,1.0,4
201400051125,0014-06-27 15:45:00,14,6,27,15,45,830,137,A57,,,Plein jour,Hors agglomération,Hors intersection,Normale,Deux véhicules - arrière,,,,,,,,,,,1,1,1,1.0,2
201400051126,0014-07-01 19:08:00,14,7,1,19,8,830,90,A50,,,Plein jour,Hors agglomération,Hors intersection,Normale,Deux véhicules - côté,,,,,,,,,,,1,1,1,1.0,3
201400051127,0014-07-04 18:00:00,14,7,4,18,0,830,126,A50,,,Plein jour,Hors agglomération,Hors intersection,Normale,Trois véhicules et plus - collisions multiples,,,,,,,,,,,1,1,1,1.0,5
201400051128,0014-07-05 07:05:00,14,7,5,7,5,830,144,A57,,,Plein jour,Hors agglomération,Hors intersection,Normale,Deux véhicules - arrière,,,,,,,,,,,1,1,1,1.0,2
201400051129,0014-07-08 09:40:00,14,7,8,9,40,830,144,A57,,,Plein jour,Hors agglomération,Hors intersection,Normale,Deux véhicules - côté,,,,,,,,,,,1,1,1,1.0,3
201400051130,0014-07-12 15:10:00,14,7,12,15,10,830,47,A570,,,Plein jour,Hors agglomération,Hors intersection,Normale,Autre collision,,,,,,,,,,,1,1,1,1.0,6
201400051131,0014-07-18 19:23:00,14,7,18,19,23,830,144,A57,,,Plein jour,Hors agglomération,Hors intersection,Normale,Trois véhicules et plus - collisions multiples,,,,,,,,,,,1,1,1,1.0,5
201400051132,0014-07-24 00:25:00,14,7,24,0,25,830,47,A570,,,Nuit sans éclairage public,Hors agglomération,Hors intersection,Normale,Sans collision,,,,,,,,,,,3,1,1,1.0,7
201400051133,0014-07-25 22:20:00,14,7,25,22,20,830,62,A57,,,Nuit sans éclairage public,Hors agglomération,Hors intersection,Normale,Sans collision,,,,,,,,,,,3,1,1,1.0,7
201400051134,0014-07-27 22:55:00,14,7,27,22,55,830,112,A50,,,Nuit sans éclairage public,Hors agglomération,Hors intersection,Normale,Autre collision,,,,,,,,,,,3,1,1,1.0,6
201400051135,0014-08-01 17:45:00,14,8,1,17,45,830,137,A57,,,Plein jour,Hors agglomération,Hors intersection,Normale,Trois véhicules et plus - en chaîne,,,,,,,,,,,1,1,1,1.0,4
201400051136,0014-08-16 15:44:00,14,8,16,15,44,830,137,A57,,,Plein jour,Hors agglomération,Hors intersection,Normale,Trois véhicules et plus - en chaîne,,,,,,,,,,,1,1,1,1.0,4
201400051137,0014-08-17 14:50:00,14,8,17,14,50,830,27,A50,,,Plein jour,Hors agglomération,Hors intersection,Normale,Sans collision,,,,,,,,,,,1,1,1,1.0,7
201400051138,0014-09-07 06:20:00,14,9,7,6,20,830,112,A50,,,Nuit sans éclairage public,Hors agglomération,Hors intersection,Normale,Trois véhicules et plus - collisions multiples,,,,,,,,,,,3,1,1,1.0,5
201400051139,0014-09-11 06:10:00,14,9,11,6,10,830,129,A50,,,Nuit sans éclairage public,Hors agglomération,Hors intersection,Normale,Deux véhicules - arrière,,,,,,,,,,,3,1,1,1.0,2
201400051140,0014-09-11 08:50:00,14,9,11,8,50,830,144,A57,,,Plein jour,Hors agglomération,Hors intersection,Normale,Deux véhicules - arrière,,,,,,,,,,,1,1,1,1.0,2
201400051141,0014-09-11 17:10:00,14,9,11,17,10,830,137,A50,,,Plein jour,Hors agglomération,Hors intersection,Normale,Deux véhicules - arrière,,,,,,,,,,,1,1,1,1.0,2
201400051142,0014-09-12 08:00:00,14,9,12,8,0,830,62,A57,,,Plein jour,Hors agglomération,Hors intersection,Normale,Deux véhicules - arrière,,,,,,,,,,,1,1,1,1.0,2
201400051143,0014-09-13 19:30:00,14,9,13,19,30,830,47,A570,,,Plein jour,Hors agglomération,Hors intersection,Normale,Deux véhicules - arrière,,,,,,,,,,,1,1,1,1.0,2
201400051144,0014-09-14 10:25:00,14,9,14,10,25,830,27,A50,,,Plein jour,Hors agglomération,Hors intersection,Normale,Autre collision,,,,,,,,,,,1,1,1,1.0,6
201400051145,0014-09-26 07:40:00,14,9,26,7,40,830,144,A57,,,Plein jour,Hors agglomération,Hors intersection,Normale,Deux véhicules - arrière,,,,,,,,,,,1,1,1,1.0,2
201400051146,0014-09-30 06:45:00,14,9,30,6,45,830,112,A50,,,Nuit sans éclairage public,Hors agglomération,Hors intersection,Temps couvert,Trois véhicules et plus - collisions multiples,,,,,,,,,,,3,1,1,8.0,5
201400051147,0014-10-06 14:05:00,14,10,6,14,5,830,144,A57,,,Plein jour,Hors agglomération,Hors intersection,Normale,Trois véhicules et plus - en chaîne,,,,,,,,,,,1,1,1,1.0,4
201400051148,0014-10-10 07:20:00,14,10,10,7,20,830,62,A57,,,Crépuscule ou aube,Hors agglomération,Hors intersection,Normale,Deux véhicules - côté,,,,,,,,,,,2,1,1,1.0,3
201400051149,0014-10-13 11:35:00,14,10,13,11,35,830,137,A50,,,Plein jour,Hors agglomération,Hors intersection,Normale,Deux véhicules - côté,,,,,,,,,,,1,1,1,1.0,3
201400051150,0014-10-15 13:30:00,14,10,15,13,30,830,144,A57,,,Plein jour,Hors agglomération,Hors intersection,Normale,Deux véhicules - arrière,,,,,,,,,,,1,1,1,1.0,2
201400051151,0014-10-18 19:25:00,14,10,18,19,25,830,123,A50,,,Nuit sans éclairage public,Hors agglomération,Hors intersection,Normale,Deux véhicules - arrière,,,,,,,,,,,3,1,1,1.0,2
201400051152,0014-10-21 17:03:00,14,10,21,17,3,830,144,A57,,,Plein jour,Hors agglomération,Hors intersection,Normale,Trois véhicules et plus - en chaîne,,,,,,,,,,,1,1,1,1.0,4
201400051153,0014-10-22 19:25:00,14,10,22,19,25,830,62,A570,,,Nuit sans éclairage public,Hors agglomération,Hors intersection,Vent fort / tempête,Trois véhicules et plus - en chaîne,,,,,,,,,,,3,1,1,6.0,4
201400051154,0014-10-23 15:25:00,14,10,23,15,25,830,27,A50,,,Plein jour,Hors agglomération,Hors intersection,Normale,Deux véhicules - arrière,,,,,,,,,,,1,1,1,1.0,2
201400051155,0014-10-23 18:10:00,14,10,23,18,10,830,137,A57,,,Plein jour,Hors agglomération,Hors intersection,Normale,Trois véhicules et plus - collisions multiples,,,,,,,,,,,1,1,1,1.0,5
201400051156,0014-10-26 01:30:00,14,10,26,1,30,830,137,A50,,,Nuit avec éclairage allumé,Hors agglomération,Hors intersection,Normale,Deux véhicules - arrière,,,,,,,,,,,5,1,1,1.0,2
201400051157,0014-10-27 14:30:00,14,10,27,14,30,830,137,A50,,,Plein jour,Hors agglomération,Hors intersection,Normale,Deux véhicules - arrière,,,,,,,,,,,1,1,1,1.0,2
201400051158,0014-10-28 19:00:00,14,10,28,19,0,830,137,A50,,,Nuit sans éclairage public,Hors agglomération,Hors intersection,Normale,Trois véhicules et plus - en chaîne,,,,,,,,,,,3,1,1,1.0,4
201400051159,0014-10-29 18:03:00,14,10,29,18,3,830,144,A57,,,Nuit sans éclairage public,Hors agglomération,Hors intersection,Normale,Deux véhicules - côté,,,,,,,,,,,3,1,1,1.0,3
201400051160,0014-11-04 08:02:00,14,11,4,8,2,830,137,A57,,,Plein jour,Hors agglomération,Hors intersection,Pluie légère,Deux véhicules - côté,,,,,,,,,,,1,1,1,2.0,3
201400051161,0014-11-06 17:45:00,14,11,6,17,45,830,137,A50,,,Nuit sans éclairage public,Hors agglomération,Hors intersection,Pluie légère,Deux véhicules - arrière,,,,,,,,,,,3,1,1,2.0,2
201400051162,0014-11-13 12:10:00,14,11,13,12,10,830,123,A50,,,Plein jour,Hors agglomération,Hors intersection,Pluie forte,Autre collision,,,,,,,,,,,1,1,1,3.0,6
201400051163,0014-11-13 08:10:00,14,11,13,8,10,830,27,A50,,,Plein jour,Hors agglomération,Hors intersection,Normale,Autre collision,,,,,,,,,,,1,1,1,1.0,6
201400051164,0014-11-13 12:48:00,14,11,13,12,48,830,69,A570,,,Plein jour,Hors agglomération,Hors intersection,Normale,Deux véhicules - arrière,,,,,,,,,,,1,1,1,1.0,2
201400051165,0014-11-13 19:50:00,14,11,13,19,50,830,137,A57,,,Nuit avec éclairage non allumé,Hors agglomération,Hors intersection,Normale,Deux véhicules - arrière,,,,,,,,,,,4,1,1,1.0,2
201400051166,0014-11-14 09:30:00,14,11,14,9,30,830,137,A50,,,Plein jour,Hors agglomération,Hors intersection,Normale,Trois véhicules et plus - collisions multiples,,,,,,,,,,,1,1,1,1.0,5
201400051167,0014-11-14 19:25:00,14,11,14,19,25,830,144,A57,,,Nuit avec éclairage non allumé,Hors agglomération,Hors intersection,Pluie légère,Sans collision,,,,,,,,,,,4,1,1,2.0,7
201400051168,0014-11-22 17:00:00,14,11,22,17,0,830,123,A50,,,Plein jour,Hors agglomération,Hors intersection,Normale,Autre collision,,,,,,,,,,,1,1,1,1.0,6
201400051169,0014-11-24 08:25:00,14,11,24,8,25,830,144,A57,,,Plein jour,Hors agglomération,Hors intersection,Normale,Deux véhicules - arrière,,,,,,,,,,,1,1,1,1.0,2
201400051170,0014-11-24 17:45:00,14,11,24,17,45,830,69,A570,,,Nuit sans éclairage public,Hors agglomération,Hors intersection,Pluie légère,Sans collision,,,,,,,,,,,3,1,1,2.0,7
201400051171,0014-11-25 17:00:00,14,11,25,17,0,830,126,A50,,,Crépuscule ou aube,Hors agglomération,Hors intersection,Pluie forte,Deux véhicules - arrière,,,,,,,,,,,2,1,1,3.0,2
201400051172,0014-11-27 17:43:00,14,11,27,17,43,830,137,A50,,,Nuit avec éclairage allumé,Hors agglomération,Hors intersection,Pluie légère,Deux véhicules - côté,,,,,,,,,,,5,1,1,2.0,3
201400051173,0014-12-04 07:35:00,14,12,4,7,35,830,144,A57,,,Nuit avec éclairage allumé,Hors agglomération,Hors intersection,Pluie légère,Sans collision,,,,,,,,,,,5,1,1,2.0,7
201400051174,0014-12-15 08:55:00,14,12,15,8,55,830,137,A50,,,Plein jour,Hors agglomération,Hors intersection,Normale,Deux véhicules - côté,,,,,,,,,,,1,1,1,1.0,3
201400051175,0014-12-16 12:58:00,14,12,16,12,58,830,123,A50,,,Plein jour,Hors agglomération,Hors intersection,Normale,Autre collision,,,,,,,,,,,1,1,1,1.0,6
201400051176,0014-12-16 13:50:00,14,12,16,13,50,830,137,A57,,,Plein jour,Hors agglomération,Hors intersection,Normale,Trois véhicules et plus - en chaîne,,,,,,,,,,,1,1,1,1.0,4
201400051177,0014-12-17 09:10:00,14,12,17,9,10,830,144,A57,,,Plein jour,Hors agglomération,Hors intersection,Normale,Deux véhicules - arrière,,,,,,,,,,,1,1,1,1.0,2
201400051178,0014-12-20 17:10:00,14,12,20,17,10,830,62,A570,,,Crépuscule ou aube,Hors agglomération,Hors intersection,Normale,Deux véhicules - côté,,,,,,,,,,,2,1,1,1.0,3
201400051179,0014-12-26 18:09:00,14,12,26,18,9,830,137,A57,,,Nuit avec éclairage allumé,Hors agglomération,Hors intersection,Normale,Trois véhicules et plus - en chaîne,,,,,,,,,,,5,1,1,1.0,4
201400051180,0014-01-01 04:20:00,14,1,1,4,20,130,71,A7-Sens Lyon vers Marsei,43.40692,5.33003,Nuit sans éclairage public,Hors agglomération,Hors intersection,Normale,Sans collision,,,,,,,,,,,3,1,1,1.0,7
201400051181,0014-01-02 08:30:00,14,1,2,8,30,130,55,TVPCD-Sens Les Ports ver,,,Plein jour,Hors agglomération,Hors intersection,Pluie légère,Autre collision,,,,,,,,,,,1,1,1,2.0,6
201400051182,0014-01-02 10:25:00,14,1,2,10,25,130,33,A55-SENS MARTIGUES/MARSE,43.37316,5.18628,Plein jour,Hors agglomération,Hors intersection,Temps couvert,Sans collision,,,,,,,,,,,1,1,1,8.0,7
201400051183,0014-01-04 00:30:00,14,1,4,0,30,130,117,A7-Sens Lyon vers Marsei,43.45939,5.23522,Nuit sans éclairage public,Hors agglomération,Hors intersection,Normale,Deux véhicules - côté,,,,,,,,,,,3,1,1,1.0,3
201400051184,0014-01-04 13:15:00,14,1,4,13,15,130,26,A55-Sens Martigues vers,,,Plein jour,Hors agglomération,Hors intersection,Pluie légère,Sans collision,,,,,,,,,,,1,1,1,2.0,7
201400051185,0014-01-06 09:15:00,14,1,6,9,15,130,55,A557-Liaison A7 Marseill,,,Plein jour,Hors agglomération,Hors intersection,Normale,Deux véhicules - arrière,,,,,,,,,,,1,1,1,1.0,2
201400051186,0014-01-09 02:20:00,14,1,9,2,20,130,85,A50-Sens Aubagne vers To,,,Nuit sans éclairage public,Hors agglomération,Hors intersection,Normale,Sans collision,,,,,,,,,,,3,1,1,1.0,7
201400051187,0014-01-10 01:10:00,14,1,10,1,10,130,15,A51-Sens Aix en Provence,43.44783,5.39596,Nuit sans éclairage public,Hors agglomération,Hors intersection,Normale,Autre collision,,,,,,,,,,,3,1,1,1.0,6
201400051188,0014-01-09 10:55:00,14,1,9,10,55,130,71,A55-Sens Martigues vers,43.39475,5.29886,Plein jour,Hors agglomération,Hors intersection,Normale,Deux véhicules - arrière,,,,,,,,,,,1,1,1,1.0,2
201400051189,0014-01-12 19:20:00,14,1,12,19,20,130,55,A7-Sens Lyon vers Marsei,43.33145,5.37758,Nuit sans éclairage public,Hors agglomération,Hors intersection,Normale,Trois véhicules et plus - en chaîne,,,,,,,,,,,3,1,1,1.0,4
201400051190,0014-01-13 21:15:00,14,1,13,21,15,130,5,A502-Sens Aubagne vers T,,,Nuit sans éclairage public,Hors agglomération,Hors intersection,Pluie légère,Deux véhicules - côté,,,,,,,,,,,3,1,1,2.0,3
201400051191,0014-01-13 10:38:00,14,1,13,10,38,130,55,BRETELLE FERRIE  ACCES A,,,Plein jour,Hors agglomération,Hors intersection,Normale,Autre collision,,,,,,,,,,,1,1,1,1.0,6
201400051192,0014-01-14 06:50:00,14,1,14,6,50,130,55,A55-Sens Marseille vers,,,Nuit sans éclairage public,Hors agglomération,Hors intersection,Normale,Deux véhicules - frontale,,,,,,,,,,,3,1,1,1.0,1
201400051193,0014-01-14 16:00:00,14,1,14,16,0,130,71,A7-Sens Lyon vers Marsei,,,Plein jour,Hors agglomération,Hors intersection,Normale,Sans collision,,,,,,,,,,,1,1,1,1.0,7
201400051194,0014-01-14 07:30:00,14,1,14,7,30,130,55,A7-Sens Marseille vers L,,,Nuit avec éclairage allumé,Hors agglomération,Hors intersection,Normale,Trois véhicules et plus - en chaîne,,,,,,,,,,,5,1,1,1.0,4
201400051195,0014-01-16 20:37:00,14,1,16,20,37,130,55,A7-Sens Lyon vers Marsei,,,Nuit sans éclairage public,Hors agglomération,Hors intersection,Pluie légère,Autre collision,,,,,,,,,,,3,1,1,2.0,6
201400051196,0014-01-17 19:30:00,14,1,17,19,30,130,5,A52-Sens Pont de l'Etoil,,,Nuit sans éclairage public,Hors agglomération,Hors intersection,Pluie légère,Sans collision,,,,,,,,,,,3,1,1,2.0,7
201400051197,0014-01-18 15:10:00,14,1,18,15,10,130,71,A7-Sens Lyon vers Marsei,,,Plein jour,Hors agglomération,Hors intersection,Pluie forte,Sans collision,,,,,,,,,,,1,1,1,3.0,7
201400051198,0014-01-18 15:31:00,14,1,18,15,31,130,81,A7-Sens Marseille vers L,,,Plein jour,Hors agglomération,Hors intersection,Pluie légère,Autre collision,,,,,,,,,,,1,1,1,2.0,6
201400051199,0014-01-18 17:40:00,14,1,18,17,40,130,71,A7-Sens Lyon vers Marsei,,,Plein jour,Hors agglomération,Hors intersection,Pluie légère,Deux véhicules - côté,,,,,,,,,,,1,1,1,2.0,3
201400051200,0014-01-14 16:30:00,14,1,14,16,30,130,55,TVPCD-Sens Les Ports ver,,,Plein jour,Hors agglomération,Hors intersection,Normale,Deux véhicules - arrière,,,,,,,,,,,1,1,1,1.0,2
201400051201,0014-01-13 16:15:00,14,1,13,16,15,130,5,A52-Sens Pont de l'Etoil,,,Plein jour,Hors agglomération,Hors intersection,Pluie légère,Sans collision,,,,,,,,,,,1,1,1,2.0,7
201400051202,0014-01-19 16:30:00,14,1,19,16,30,130,5,A502-Sens Toulon par R.N,,,Plein jour,Hors agglomération,Hors intersection,Pluie forte,Sans collision,,,,,,,,,,,1,1,1,3.0,7
201400051203,0014-01-20 18:35:00,14,1,20,18,35,130,71,A55 - Sens Marseille ver,,,Nuit sans éclairage public,Hors agglomération,Hors intersection,Normale,Deux véhicules - arrière,,,,,,,,,,,3,1,1,1.0,2
201400051204,0014-01-21 08:20:00,14,1,21,8,20,130,5,A50-Sens Marseille vers,,,Plein jour,Hors agglomération,Hors intersection,Normale,Deux véhicules - arrière,,,,,,,,,,,1,1,1,1.0,2
201400051205,0014-01-21 08:33:00,14,1,21,8,33,130,88,A55-Sens Marseille vers,,,Plein jour,Hors agglomération,Hors intersection,Pluie légère,Sans collision,,,,,,,,,,,1,1,1,2.0,7
201400051206,0014-01-21 10:50:00,14,1,21,10,50,130,70,A50-Sens Aubagne vers Ma,,,Plein jour,Hors agglomération,Hors intersection,Normale,Trois véhicules et plus - en chaîne,,,,,,,,,,,1,1,1,1.0,4
201400051207,0014-01-22 12:15:00,14,1,22,12,15,130,22,A50-Sens Toulon vers Aub,,,Plein jour,Hors agglomération,Hors intersection,Normale,Deux véhicules - arrière,,,,,,,,,,,1,1,1,1.0,2