accident_id,datetime,annee,mois,jour,heure,minute,departement,commune_insee,adresse,latitude,longitude,luminosite,agglomeration,intersection,meteo,collision,nb_vehicules,nb_usagers,nb_indemnes,nb_tues,nb_blesses_hosp,nb_blesses_legers,age_cond_1,age_cond_2,veh_type_cond_1,veh_type_cond_2,lum_code,agg_code,int_code,atm_code,col_code
201400051208,0014-01-25 21:30:00,14,1,25,21,30,130,26,A55-Sens Marseille vers,,,Nuit avec éclairage non allumé,Hors agglomération,Hors intersection,Normale,Sans collision,,,,,,,,,,,4,1,1,1.0,7
201400051209,0014-01-27 09:55:00,14,1,27,9,55,130,117,A7-Sens Lyon vers Marsei,,,Plein jour,Hors agglomération,Hors intersection,Normale,Trois véhicules et plus - collisions multiples,,,,,,,,,,,1,1,1,1.0,5
201400051210,0014-01-22 12:10:00,14,1,22,12,10,130,55,Tunnel Joliette vers A.5,,,Plein jour,Hors agglomération,Hors intersection,Normale,Trois véhicules et plus - en chaîne,,,,,,,,,,,1,1,1,1.0,4
201400051211,0014-01-29 08:30:00,14,1,29,8,30,130,55,A55-Sens Martigues vers,,,Crépuscule ou aube,Hors agglomération,Hors intersection,Pluie forte,Deux véhicules - arrière,,,,,,,,,,,2,1,1,3.0,2
201400051212,0014-01-29 09:15:00,14,1,29,9,15,130,71,A55-Sens Martigues vers,,,Plein jour,Hors agglomération,Hors intersection,Pluie forte,Trois véhicules et plus - en chaîne,,,,,,,,,,,1,1,1,3.0,4
201400051213,0014-01-30 13:00:00,14,1,30,13,0,130,55,A50-Sens Marseille vers,,,Plein jour,Hors agglomération,Hors intersection,Pluie forte,Sans collision,,,,,,,,,,,1,1,1,3.0,7
201400051214,0014-01-30 13:30:00,14,1,30,13,30,130,55,A7-Sens Marseille vers L,,,Plein jour,Hors agglomération,Hors intersection,Pluie légère,Deux véhicules - arrière,,,,,,,,,,,1,1,1,2.0,2
201400051215,0014-01-31 19:40:00,14,1,31,19,40,130,5,A52-Sens Toulon vers Pon,,,Nuit sans éclairage public,Hors agglomération,Hors intersection,Normale,Deux véhicules - arrière,,,,,,,,,,,3,1,1,1.0,2
201400051216,0014-02-02 03:00:00,14,2,2,3,0,130,55,A557-Liaison A7 Marseill,,,Nuit avec éclairage allumé,Hors agglomération,Hors intersection,Normale,Autre collision,,,,,,,,,,,5,1,1,1.0,6
201400051217,0014-02-02 04:45:00,14,2,2,4,45,130,55,TVPCM-Sens Saint Victor,,,Nuit avec éclairage allumé,Hors agglomération,Hors intersection,Pluie légère,Deux véhicules - arrière,,,,,,,,,,,5,1,1,2.0,2
201400051218,0014-01-31 19:30:00,14,1,31,19,30,130,15,A51-Sens Marseille vers,,,Nuit sans éclairage public,Hors agglomération,Hors intersection,Normale,Trois véhicules et plus - en chaîne,,,,,,,,,,,3,1,1,1.0,4
201400051219,0014-01-30 19:00:00,14,1,30,19,0,130,55,A7-Sens Lyon vers Marsei,,,Nuit sans éclairage public,Hors agglomération,Hors intersection,Pluie légère,Trois véhicules et plus - en chaîne,,,,,,,,,,,3,1,1,2.0,4
201400051220,0014-02-04 03:20:00,14,2,4,3,20,130,55,A55-Sens Martigues vers,,,Nuit sans éclairage public,Hors agglomération,Hors intersection,Pluie légère,Sans collision,,,,,,,,,,,3,1,1,2.0,7
201400051221,0014-02-04 04:55:00,14,2,4,4,55,130,88,A55-Sens Martigues vers,,,Nuit sans éclairage public,Hors agglomération,Hors intersection,Pluie forte,Sans collision,,,,,,,,,,,3,1,1,3.0,7
201400051222,0014-02-04 20:00:00,14,2,4,20,0,130,5,A50-Sens Aubagne vers Ma,,,Nuit sans éclairage public,Hors agglomération,Hors intersection,Normale,Sans collision,,,,,,,,,,,3,1,1,1.0,7
201400051223,0014-02-05 13:30:00,14,2,5,13,30,130,55,A7-Sens Marseille vers L,,,Plein jour,Hors agglomération,Hors intersection,Pluie légère,Autre collision,,,,,,,,,,,1,1,1,2.0,6
201400051224,0014-02-04 19:50:00,14,2,4,19,50,130,15,A51-Sens Aix en Provence,,,Nuit sans éclairage public,Hors agglomération,Hors intersection,Normale,Deux véhicules - côté,,,,,,,,,,,3,1,1,1.0,3
201400051225,0014-02-07 09:37:00,14,2,7,9,37,130,106,A7-Sens Lyon vers Marsei,,,Plein jour,Hors agglomération,Hors intersection,Pluie légère,Trois véhicules et plus - collisions multiples,,,,,,,,,,,1,1,1,2.0,5
201400051226,0014-02-07 08:15:00,14,2,7,8,15,130,55,A50-Sens Aubagne vers Ma,,,Plein jour,Hors agglomération,Hors intersection,Pluie légère,Deux véhicules - arrière,,,,,,,,,,,1,1,1,2.0,2
201400051227,0014-02-06 08:48:00,14,2,6,8,48,130,55,Tunnel Prado Carnage,,,Plein jour,Hors agglomération,Hors intersection,Normale,Trois véhicules et plus - en chaîne,,,,,,,,,,,1,1,1,1.0,4
201400051228,0014-02-07 12:00:00,14,2,7,12,0,130,55,A55-Sens Marseille vers,,,Plein jour,Hors agglomération,Hors intersection,Pluie légère,Sans collision,,,,,,,,,,,1,1,1,2.0,7
201400051229,0014-02-06 15:20:00,14,2,6,15,20,130,71,A7-Sens Lyon vers Marsei,,,Plein jour,Hors agglomération,Hors intersection,Normale,Trois véhicules et plus - en chaîne,,,,,,,,,,,1,1,1,1.0,4
201400051230,0014-02-06 17:15:00,14,2,6,17,15,130,81,A7-Sens Lyon vers Marsei,,,Plein jour,Hors agglomération,Hors intersection,Normale,Trois véhicules et plus - en chaîne,,,,,,,,,,,1,1,1,1.0,4
201400051231,0014-02-05 09:07:00,14,2,5,9,7,130,5,A52-Sens Pont de l'Etoil,,,Plein jour,Hors agglomération,Hors intersection,Pluie forte,Deux véhicules - arrière,,,,,,,,,,,1,1,1,3.0,2
201400051232,0014-02-10 13:40:00,14,2,10,13,40,130,5,A52-Sens Pont de l'Etoil,,,Plein jour,Hors agglomération,Hors intersection,Pluie forte,Autre collision,,,,,,,,,,,1,1,1,3.0,6
201400051233,0014-02-04 18:15:00,14,2,4,18,15,130,55,A7-Sens Lyon vers Marsei,,,Crépuscule ou aube,Hors agglomération,Hors intersection,Normale,Autre collision,,,,,,,,,,,2,1,1,1.0,6
201400051234,0014-02-06 15:30:00,14,2,6,15,30,130,71,A7-Sens Lyon vers Marsei,,,Plein jour,Hors agglomération,Hors intersection,Normale,Deux véhicules - arrière,,,,,,,,,,,1,1,1,1.0,2
201400051235,0014-02-17 07:25:00,14,2,17,7,25,130,56,A55-Sens Martigues vers,,,Plein jour,Hors agglomération,Hors intersection,Normale,Deux véhicules - arrière,,,,,,,,,,,1,1,1,1.0,2
201400051236,0014-02-17 19:00:00,14,2,17,19,0,130,55,A7-Sens Lyon vers Marsei,,,Nuit sans éclairage public,Hors agglomération,Hors intersection,Normale,Deux véhicules - arrière,,,,,,,,,,,3,1,1,1.0,2
201400051237,0014-02-19 09:50:00,14,2,19,9,50,130,55,A7-Sens Lyon vers Marsei,,,Plein jour,Hors agglomération,Hors intersection,Normale,Sans collision,,,,,,,,,,,1,1,1,1.0,7
201400051238,0014-02-24 17:30:00,14,2,24,17,30,130,55,A55-Sens Martigues vers,,,Plein jour,Hors agglomération,Hors intersection,Normale,Trois véhicules et plus - en chaîne,,,,,,,,,,,1,1,1,1.0,4
201400051239,0014-02-19 00:02:00,14,2,19,0,2,130,28,A50-Sens Aubagne vers To,,,Nuit avec éclairage allumé,Hors agglomération,Hors intersection,Normale,Deux véhicules - arrière,,,,,,,,,,,5,1,1,1.0,2
201400051240,0014-02-20 00:10:00,14,2,20,0,10,130,1,A51-Sens Aix en Provence,,,Nuit sans éclairage public,Hors agglomération,Hors intersection,Normale,Sans collision,,,,,,,,,,,3,1,1,1.0,7
201400051241,0014-02-21 08:10:00,14,2,21,8,10,130,117,A7-Sens Marseille vers L,,,Plein jour,Hors agglomération,Hors intersection,Normale,Autre collision,,,,,,,,,,,1,1,1,1.0,6
201400051242,0014-02-23 22:15:00,14,2,23,22,15,130,5,A50-Sens Aubagne vers Ma,,,Nuit sans éclairage public,Hors agglomération,Hors intersection,Normale,Autre collision,,,,,,,,,,,3,1,1,1.0,6
201400051243,0014-02-24 02:35:00,14,2,24,2,35,130,55,A55-Sens Martigues vers,,,Nuit sans éclairage public,Hors agglomération,Hors intersection,Normale,Sans collision,,,,,,,,,,,3,1,1,1.0,7
201400051244,0014-02-26 09:15:00,14,2,26,9,15,130,55,A557-Liaison A7 Marseill,,,Plein jour,Hors agglomération,Hors intersection,Pluie légère,Sans collision,,,,,,,,,,,1,1,1,2.0,7
201400051245,0014-03-02 00:20:00,14,3,2,0,20,130,55,A55-Sens Marseille vers,,,Nuit sans éclairage public,Hors agglomération,Hors intersection,Normale,Deux véhicules - frontale,,,,,,,,,,,3,1,1,1.0,1
201400051246,0014-03-02 08:20:00,14,3,2,8,20,130,43,A55-Sens Martigues vers,,,Plein jour,Hors agglomération,Hors intersection,Normale,Deux véhicules - arrière,,,,,,,,,,,1,1,1,1.0,2
201400051247,0014-03-03 16:05:00,14,3,3,16,5,130,5,A52-Sens Toulon vers Pon,,,Plein jour,Hors agglomération,Hors intersection,Normale,Deux véhicules - côté,,,,,,,,,,,1,1,1,1.0,3
201400051248,0014-03-04 18:15:00,14,3,4,18,15,130,55,A7-Sens Lyon vers Marsei,,,Nuit sans éclairage public,Hors agglomération,Hors intersection,Normale,Trois véhicules et plus - en chaîne,,,,,,,,,,,3,1,1,1.0,4
201400051249,0014-03-07 11:20:00,14,3,7,11,20,130,55,A50-Sens Marseille vers,,,Plein jour,Hors agglomération,Hors intersection,Normale,Deux véhicules - côté,,,,,,,,,,,1,1,1,1.0,3
201400051250,0014-03-07 14:00:00,14,3,7,14,0,130,55,A7-Sens Lyon vers Marsei,,,Plein jour,Hors agglomération,Hors intersection,Normale,Trois véhicules et plus - collisions multiples,,,,,,,,,,,1,1,1,1.0,5
201400051251,0014-03-07 19:35:00,14,3,7,19,35,130,15,A51-Sens Marseille vers,,,Plein jour,Hors agglomération,Hors intersection,Normale,Trois véhicules et plus - en chaîne,,,,,,,,,,,1,1,1,1.0,4
201400051252,0014-03-08 05:10:00,14,3,8,5,10,130,15,A51-Sens Marseille vers,,,Nuit sans éclairage public,Hors agglomération,Hors intersection,Normale,Autre collision,,,,,,,,,,,3,1,1,1.0,6
201400051253,0014-03-09 20:50:00,14,3,9,20,50,130,55,A7-Sens Lyon vers Marsei,,,Nuit sans éclairage public,Hors agglomération,Hors intersection,Normale,Deux véhicules - arrière,,,,,,,,,,,3,1,1,1.0,2
201400051254,0014-03-10 08:10:00,14,3,10,8,10,130,56,A55-Sens Marseille vers,,,Plein jour,Hors agglomération,Hors intersection,Normale,Deux véhicules - arrière,,,,,,,,,,,1,1,1,1.0,2
201400051255,0014-03-11 14:30:00,14,3,11,14,30,130,5,A502-Sens Toulon par R.N,,,Plein jour,Hors agglomération,Hors intersection,Normale,Sans collision,,,,,,,,,,,1,1,1,1.0,7
201400051256,0014-03-03 10:15:00,14,3,3,10,15,130,56,A55-Sens Martigues vers,,,Plein jour,Hors agglomération,Hors intersection,Normale,Autre collision,,,,,,,,,,,1,1,1,1.0,6
201400051257,0014-03-13 11:20:00,14,3,13,11,20,130,26,A55-Sens Marseille vers,,,Plein jour,Hors agglomération,Hors intersection,Normale,Sans collision,,,,,,,,,,,1,1,1,1.0,7
201400051258,0014-03-13 08:05:00,14,3,13,8,5,130,55,A50-Sens Aubagne vers Ma,,,Plein jour,Hors agglomération,Hors intersection,Normale,Deux véhicules - arrière,,,,,,,,,,,1,1,1,1.0,2
201400051259,0014-03-14 11:45:00,14,3,14,11,45,130,70,A50-Sens Aubagne vers Ma,,,Plein jour,Hors agglomération,Hors intersection,Normale,Trois véhicules et plus - en chaîne,,,,,,,,,,,1,1,1,1.0,4
201400051260,0014-03-17 15:15:00,14,3,17,15,15,130,22,A50-Sens Toulon vers Aub,,,Plein jour,Hors agglomération,Hors intersection,Normale,Deux véhicules - arrière,,,,,,,,,,,1,1,1,1.0,2
201400051261,0014-03-18 09:25:00,14,3,18,9,25,130,71,A7-Sens Marseille vers L,,,Plein jour,Hors agglomération,Hors intersection,Normale,Deux véhicules - arrière,,,,,,,,,,,1,1,1,1.0,2
201400051262,0014-03-18 16:05:00,14,3,18,16,5,130,55,A7-Sens Lyon vers Marsei,,,Plein jour,Hors agglomération,Hors intersection,Normale,Trois véhicules et plus - en chaîne,,,,,,,,,,,1,1,1,1.0,4
201400051263,0014-03-18 17:40:00,14,3,18,17,40,130,5,A50-Sens Marseille vers,,,Plein jour,Hors agglomération,Hors intersection,Normale,Trois véhicules et plus - en chaîne,,,,,,,,,,,1,1,1,1.0,4
201400051264,0014-03-19 07:35:00,14,3,19,7,35,130,88,A55-Sens Martigues vers,,,Plein jour,Hors agglomération,Hors intersection,Normale,Sans collision,,,,,,,,,,,1,1,1,1.0,7
201400051265,0014-03-19 16:00:00,14,3,19,16,0,130,70,A50-Sens Aubagne vers Ma,,,Plein jour,Hors agglomération,Hors intersection,Normale,Trois véhicules et plus - en chaîne,,,,,,,,,,,1,1,1,1.0,4
201400051266,0014-03-15 14:40:00,14,3,15,14,40,130,55,A55-Sens Marseille vers,,,Plein jour,Hors agglomération,Hors intersection,Normale,Autre collision,,,,,,,,,,,1,1,1,1.0,6
201400051267,0014-03-21 01:50:00,14,3,21,1,50,130,55,A50-Sens Aubagne vers Ma,,,Nuit sans éclairage public,Hors agglomération,Hors intersection,Normale,Sans collision,,,,,,,,,,,3,1,1,1.0,7
201400051268,0014-03-22 11:45:00,14,3,22,11,45,130,55,A55-Sens Marseille vers,,,Plein jour,Hors agglomération,Hors intersection,Pluie forte,Autre collision,,,,,,,,,,,1,1,1,3.0,6
201400051269,0014-03-22 16:20:00,14,3,22,16,20,130,70,A50-Sens Aubagne vers Ma,,,Plein jour,Hors agglomération,Hors intersection,Pluie forte,Trois véhicules et plus - collisions multiples,,,,,,,,,,,1,1,1,3.0,5
201400051270,0014-03-23 05:40:00,14,3,23,5,40,130,55,A50-Sens Aubagne vers Ma,,,Crépuscule ou aube,Hors agglomération,Hors intersection,Normale,Autre collision,,,,,,,,,,,2,1,1,1.0,6
201400051271,0014-03-25 09:00:00,14,3,25,9,0,130,71,A7-Sens Marseille vers L,,,Plein jour,Hors agglomération,Hors intersection,Normale,Trois véhicules et plus - en chaîne,,,,,,,,,,,1,1,1,1.0,4
201400051272,0014-03-25 17:15:00,14,3,25,17,15,130,117,A7-Sens Lyon vers Marsei,,,Plein jour,Hors agglomération,Hors intersection,Normale,Deux véhicules - arrière,,,,,,,,,,,1,1,1,1.0,2
201400051273,0014-03-28 08:15:00,14,3,28,8,15,130,71,A7-Sens Marseille vers L,,,Plein jour,Hors agglomération,Hors intersection,Normale,Deux véhicules - arrière,,,,,,,,,,,1,1,1,1.0,2
201400051274,0014-03-28 12:20:00,14,3,28,12,20,130,81,A7-Sens Lyon vers Marsei,,,Plein jour,Hors agglomération,Hors intersection,Normale,Sans collision,,,,,,,,,,,1,1,1,1.0,7
201400051275,0014-03-29 17:08:00,14,3,29,17,8,130,5,A50-Sens Marseille vers,,,Plein jour,Hors agglomération,Hors intersection,Normale,Sans collision,,,,,,,,,,,1,1,1,1.0,7
201400051276,0014-03-31 16:40:00,14,3,31,16,40,130,71,A55-Sens Martigues vers,,,Plein jour,Hors agglomération,Hors intersection,Normale,Sans collision,,,,,,,,,,,1,1,1,1.0,7
201400051277,0014-04-01 09:00:00,14,4,1,9,0,130,71,A5501G-Sens Mlle Vieux P,,,Plein jour,Hors agglomération,Hors intersection,Normale,Deux véhicules - arrière,,,,,,,,,,,1,1,1,1.0,2
201400051278,0014-04-01 10:15:00,14,4,1,10,15,130,55,A50-Sens Marseille vers,,,Plein jour,Hors agglomération,Hors intersection,Normale,Autre collision,,,,,,,,,,,1,1,1,1.0,6
201400051279,0014-04-03 06:45:00,14,4,3,6,45,130,55,S10CM-Sens Marseille ver,,,Nuit sans éclairage public,Hors agglomération,Hors intersection,Normale,Deux véhicules - côté,,,,,,,,,,,3,1,1,1.0,3
201400051280,0014-04-03 13:35:00,14,4,3,13,35,130,56,A55-Sens Marseille vers,,,Plein jour,Hors agglomération,Hors intersection,Normale,Deux véhicules - arrière,,,,,,,,,,,1,1,1,1.0,2
201400051281,0014-04-04 08:40:00,14,4,4,8,40,130,55,A55-Sens Marseille vers,,,Plein jour,Hors agglomération,Hors intersection,Pluie légère,Trois véhicules et plus - collisions multiples,,,,,,,,,,,1,1,1,2.0,5
201400051282,0014-04-01 12:30:00,14,4,1,12,30,130,55,A50-Sens Marseille vers,,,Plein jour,Hors agglomération,Hors intersection,Normale,Deux véhicules - arrière,,,,,,,,,,,1,1,1,1.0,2
201400051283,0014-04-07 16:35:00,14,4,7,16,35,130,55,A7-Sens Lyon vers Marsei,,,Plein jour,Hors agglomération,Hors intersection,Normale,Autre collision,,,,,,,,,,,1,1,1,1.0,6
201400051284,0014-04-10 17:30:00,14,4,10,17,30,130,5,A50 - Sens Aubagne vers,,,Plein jour,Hors agglomération,Hors intersection,Normale,Autre collision,,,,,,,,,,,1,1,1,1.0,6
201400051285,0014-04-11 16:23:00,14,4,11,16,23,130,1,A51-Sens Aix en Provence,,,Plein jour,Hors agglomération,Hors intersection,Normale,Deux véhicules - arrière,,,,,,,,,,,1,1,1,1.0,2
201400051286,0014-04-11 18:56:00,14,4,11,18,56,130,55,Tunnel Joliette vers A.5,,,Nuit avec éclairage allumé,Hors agglomération,Hors intersection,Normale,Deux véhicules - arrière,,,,,,,,,,,5,1,1,1.0,2
201400051287,0014-04-13 17:55:00,14,4,13,17,55,130,55,A7-Sens Lyon vers Marsei,,,Plein jour,Hors agglomération,Hors intersection,Normale,Deux véhicules - arrière,,,,,,,,,,,1,1,1,1.0,2
201400051288,0014-04-10 18:30:00,14,4,10,18,30,130,19,A51-Sens Marseille vers,,,Plein jour,Hors agglomération,Hors intersection,Normale,Deux véhicules - arrière,,,,,,,,,,,1,1,1,1.0,2
201400051289,0014-04-14 16:30:00,14,4,14,16,30,130,56,A55-Sens Marseille vers,,,Plein jour,Hors agglomération,Hors intersection,Normale,Deux véhicules - arrière,,,,,,,,,,,1,1,1,1.0,2
201400051290,0014-04-15 07:50:00,14,4,15,7,50,130,85,A50-Sens Toulon vers Aub,,,Plein jour,Hors agglomération,Hors intersection,Normale,Autre collision,,,,,,,,,,,1,1,1,1.0,6
201400051291,0014-04-15 00:40:00,14,4,15,0,40,130,1,A51-Sens Aix en Provence,,,Nuit sans éclairage public,Hors agglomération,Hors intersection,Normale,Deux véhicules - arrière,,,,,,,,,,,3,1,1,1.0,2
201400051292,0014-04-16 16:45:00,14,4,16,16,45,130,71,A55 - Sens Marseille ver,,,Plein jour,Hors agglomération,Hors intersection,Normale,Sans collision,,,,,,,,,,,1,1,1,1.0,7
201400051293,0014-04-17 16:30:00,14,4,17,16,30,130,55,TVPCD-Sens Les Ports ver,43.31415,5.36738,Plein jour,Hors agglomération,Hors intersection,Normale,Deux véhicules - arrière,,,,,,,,,,,1,1,1,1.0,2
201400051294,0014-04-17 19:40:00,14,4,17,19,40,130,55,A7-Sens Lyon vers Marsei,,,Plein jour,Hors agglomération,Hors intersection,Normale,Deux véhicules - arrière,,,,,,,,,,,1,1,1,1.0,2
201400051295,0014-04-18 11:30:00,14,4,18,11,30,130,106,A7-Sens Lyon vers Marsei,,,Plein jour,Hors agglomération,Hors intersection,Normale,Deux véhicules - arrière,,,,,,,,,,,1,1,1,1.0,2
201400051296,0014-04-18 14:20:00,14,4,18,14,20,130,106,A51-Sens Aix en Provence,,,Plein jour,Hors agglomération,Hors intersection,Normale,Autre collision,,,,,,,,,,,1,1,1,1.0,6
201400051297,0014-04-18 15:29:00,14,4,18,15,29,130,117,A7-Sens Lyon vers Marsei,,,Plein jour,Hors agglomération,Hors intersection,Normale,Deux véhicules - côté,,,,,,,,,,,1,1,1,1.0,3
201400051298,0014-04-18 16:25:00,14,4,18,16,25,130,71,A7-Sens Marseille vers L,,,Plein jour,Hors agglomération,Hors intersection,Normale,Trois véhicules et plus - en chaîne,,,,,,,,,,,1,1,1,1.0,4
201400051299,0014-04-18 17:35:00,14,4,18,17,35,130,71,A55 - Sens Marseille ver,,,Plein jour,Hors agglomération,Hors intersection,Normale,Autre collision,,,,,,,,,,,1,1,1,1.0,6
201400051300,0014-04-18 18:30:00,14,4,18,18,30,130,55,A55-Sens Marseille vers,,,Plein jour,Hors agglomération,Hors intersection,Normale,Autre collision,,,,,,,,,,,1,1,1,1.0,6
201400051301,0014-04-20 12:45:00,14,4,20,12,45,130,55,A55-Sens Marseille vers,,,Plein jour,Hors agglomération,Hors intersection,Pluie légère,Autre collision,,,,,,,,,,,1,1,1,2.0,6
201400051302,0014-04-21 00:45:00,14,4,21,0,45,130,55,A50-Sens Aubagne vers Ma,,,Nuit avec éclairage non allumé,Hors agglomération,Hors intersection,Normale,Sans collision,,,,,,,,,,,4,1,1,1.0,7
201400051303,0014-04-20 23:22:00,14,4,20,23,22,130,55,A7-Sens Lyon vers Marsei,,,Nuit sans éclairage public,Hors agglomération,Hors intersection,Normale,Autre collision,,,,,,,,,,,3,1,1,1.0,6
201400051304,0014-04-21 19:10:00,14,4,21,19,10,130,55,A55-Sens Marseille vers,,,Plein jour,Hors agglomération,Hors intersection,Normale,Deux véhicules - côté,,,,,,,,,,,1,1,1,1.0,3
201400051305,0014-04-21 16:37:00,14,4,21,16,37,130,55,A55-Sens Marseille vers,,,Plein jour,Hors agglomération,Hors intersection,Pluie forte,Deux véhicules - arrière,,,,,,,,,,,1,1,1,3.0,2
201400051306,0014-04-22 16:48:00,14,4,22,16,48,130,56,A55-Sens Martigues vers,,,Plein jour,Hors agglomération,Hors intersection,Normale,Trois véhicules et plus - en chaîne,,,,,,,,,,,1,1,1,1.0,4
201400051307,0014-04-22 19:15:00,14,4,22,19,15,130,71,A51-Sens Marseille vers,,,Plein jour,Hors agglomération,Hors intersection,Normale,Sans collision,,,,,,,,,,,1,1,1,1.0,7
201400051308,0014-04-23 17:00:00,14,4,23,17,0,130,70,A50-Sens Aubagne vers Ma,,,Plein jour,Hors agglomération,Hors intersection,Normale,Trois véhicules et plus - en chaîne,,,,,,,,,,,1,1,1,1.0,4
201400051309,0014-04-24 12:00:00,14,4,24,12,0,130,71,A7-Sens Lyon vers Marsei,,,Plein jour,Hors agglomération,Hors intersection,Normale,Autre collision,,,,,,,,,,,1,1,1,1.0,6
201400051310,0014-04-27 06:02:00,14,4,27,6,2,130,55,A50-Sens Aubagne vers Ma,,,Crépuscule ou aube,Hors agglomération,Hors intersection,Normale,Deux véhicules - arrière,,,,,,,,,,,2,1,1,1.0,2
201400051311,0014-04-28 13:55:00,14,4,28,13,55,130,71,A7-Sens Marseille vers L,,,Plein jour,Hors agglomération,Hors intersection,Normale,Trois véhicules et plus - collisions multiples,,,,,,,,,,,1,1,1,1.0,5
201400051312,0014-04-28 14:10:00,14,4,28,14,10,130,70,A50-Sens Aubagne vers Ma,,,Plein jour,Hors agglomération,Hors intersection,Normale,Autre collision,,,,,,,,,,,1,1,1,1.0,6
201400051313,0014-04-30 18:30:00,14,4,30,18,30,130,5,A501-Sens Aubagne vers P,,,Plein jour,Hors agglomération,Hors intersection,Normale,Sans collision,,,,,,,,,,,1,1,1,1.0,7
201400051314,0014-05-04 19:54:00,14,5,4,19,54,130,55,A7-Sens Marseille vers L,,,Plein jour,Hors agglomération,Hors intersection,Normale,Deux véhicules - arrière,,,,,,,,,,,1,1,1,1.0,2
201400051315,0014-05-06 13:00:00,14,5,6,13,0,130,71,A55-Sens Martigues vers,,,Plein jour,Hors agglomération,Hors intersection,Normale,Sans collision,,,,,,,,,,,1,1,1,1.0,7
201400051316,0014-05-07 14:20:00,14,5,7,14,20,130,55,TVPCM-Sens Saint Victor,,,Plein jour,Hors agglomération,Hors intersection,Normale,Deux véhicules - côté,,,,,,,,,,,1,1,1,1.0,3
201400051317,0014-05-08 00:30:00,14,5,8,0,30,130,106,A51-Sens Aix en Provence,,,Nuit sans éclairage public,Hors agglomération,Hors intersection,Normale,Autre collision,,,,,,,,,,,3,1,1,1.0,6
201400051318,0014-05-08 21:00:00,14,5,8,21,0,130,81,A7-Sens Marseille vers L,,,Nuit sans éclairage public,Hors agglomération,Hors intersection,Normale,Deux véhicules - côté,,,,,,,,,,,3,1,1,1.0,3
201400051319,0014-05-09 12:44:00,14,5,9,12,44,130,56,A55-Sens Martigues vers,,,Plein jour,Hors agglomération,Hors intersection,Normale,Sans collision,,,,,,,,,,,1,1,1,1.0,7
201400051320,0014-05-09 16:45:00,14,5,9,16,45,130,71,A7-Sens Lyon vers Marsei,,,Plein jour,Hors agglomération,Hors intersection,Normale,Deux véhicules - arrière,,,,,,,,,,,1,1,1,1.0,2
201400051321,0014-04-29 13:30:00,14,4,29,13,30,130,106,A51-Sens Aix en Provence,,,Plein jour,Hors agglomération,Hors intersection,Normale,Deux véhicules - côté,,,,,,,,,,,1,1,1,1.0,3
201400051322,0014-05-13 10:55:00,14,5,13,10,55,130,19,A51-Sens Aix en Provence,,,Plein jour,Hors agglomération,Hors intersection,Normale,Trois véhicules et plus - collisions multiples,,,,,,,,,,,1,1,1,1.0,5
201400051323,0014-05-13 17:30:00,14,5,13,17,30,130,55,TVPCM-Sens Saint Victor,,,Plein jour,Hors agglomération,Hors intersection,Normale,Deux véhicules - arrière,,,,,,,,,,,1,1,1,1.0,2
201400051324,0014-05-15 08:35:00,14,5,15,8,35,130,5,A50-Sens Aubagne vers Ma,,,Plein jour,Hors agglomération,Hors intersection,Normale,Trois véhicules et plus - collisions multiples,,,,,,,,,,,1,1,1,1.0,5
201400051325,0014-05-15 17:30:00,14,5,15,17,30,130,55,TVPCD-Sens Les Ports ver,,,Plein jour,Hors agglomération,Hors intersection,Normale,Sans collision,,,,,,,,,,,1,1,1,1.0,7
201400051326,0014-05-17 13:50:00,14,5,17,13,50,130,22,A50-Sens Aubagne vers To,,,Plein jour,Hors agglomération,Hors intersection,Normale,Autre collision,,,,,,,,,,,1,1,1,1.0,6
201400051327,0014-05-18 05:55:00,14,5,18,5,55,130,55,A7-Sens Lyon vers Marsei,,,Crépuscule ou aube,Hors agglomération,Hors intersection,Normale,Deux véhicules - arrière,,,,,,,,,,,2,1,1,1.0,2
201400051328,0014-05-18 06:00:00,14,5,18,6,0,130,55,A7-Sens Lyon vers Marsei,,,Crépuscule ou aube,Hors agglomération,Hors intersection,Normale,Trois véhicules et plus - collisions multiples,,,,,,,,,,,2,1,1,1.0,5
201400051329,0014-05-19 13:40:00,14,5,19,13,40,130,55,A7-Sens Lyon vers Marsei,,,Plein jour,Hors agglomération,Hors intersection,Pluie légère,Trois véhicules et plus - en chaîne,,,,,,,,,,,1,1,1,2.0,4
201400051330,0014-05-19 14:45:00,14,5,19,14,45,130,55,A557-Liaison A7 Marseill,,,Plein jour,Hors agglomération,Hors intersection,Pluie légère,Autre collision,,,,,,,,,,,1,1,1,2.0,6
201400051331,0014-05-16 18:35:00,14,5,16,18,35,130,55,A7-Sens Lyon vers Marsei,,,Plein jour,Hors agglomération,Hors intersection,Normale,Trois véhicules et plus - en chaîne,,,,,,,,,,,1,1,1,1.0,4
201400051332,0014-05-21 08:30:00,14,5,21,8,30,130,71,A5501DSens Lyon vers A55,,,Plein jour,Hors agglomération,Hors intersection,Normale,Trois véhicules et plus - en chaîne,,,,,,,,,,,1,1,1,1.0,4