accident_id,datetime,annee,mois,jour,heure,minute,departement,commune_insee,adresse,latitude,longitude,luminosite,agglomeration,intersection,meteo,collision,nb_vehicules,nb_usagers,nb_indemnes,nb_tues,nb_blesses_hosp,nb_blesses_legers,age_cond_1,age_cond_2,veh_type_cond_1,veh_type_cond_2,lum_code,agg_code,int_code,atm_code,col_code
201400051333,0014-05-21 11:55:00,14,5,21,11,55,130,70,A50-Sens Aubagne vers Ma,,,Plein jour,Hors agglomération,Hors intersection,Normale,Trois véhicules et plus - en chaîne,,,,,,,,,,,1,1,1,1.0,4
201400051334,0014-05-21 18:40:00,14,5,21,18,40,130,56,A55-Sens Marseille vers,,,Plein jour,Hors agglomération,Hors intersection,Normale,Deux véhicules - côté,,,,,,,,,,,1,1,1,1.0,3
201400051335,0014-05-24 18:10:00,14,5,24,18,10,130,5,A50-Sens Aubagne vers Ma,,,Plein jour,Hors agglomération,Hors intersection,Normale,Deux véhicules - arrière,,,,,,,,,,,1,1,1,1.0,2
201400051336,0014-05-25 11:50:00,14,5,25,11,50,130,26,A55-Sens Marseille vers,,,Plein jour,Hors agglomération,Hors intersection,Normale,Deux véhicules - arrière,,,,,,,,,,,1,1,1,1.0,2
201400051337,0014-05-26 08:30:00,14,5,26,8,30,130,117,A7-Sens Lyon vers Marsei,,,Plein jour,Hors agglomération,Hors intersection,Normale,Trois véhicules et plus - en chaîne,,,,,,,,,,,1,1,1,1.0,4
201400051338,0014-05-26 07:50:00,14,5,26,7,50,130,43,A55-Sens Marseille vers,,,Plein jour,Hors agglomération,Hors intersection,Normale,Deux véhicules - côté,,,,,,,,,,,1,1,1,1.0,3
201400051339,0014-05-26 19:55:00,14,5,26,19,55,130,5,A52-Sens Pont de l'Etoil,,,Plein jour,Hors agglomération,Hors intersection,Normale,Deux véhicules - arrière,,,,,,,,,,,1,1,1,1.0,2
201400051340,0014-05-27 09:10:00,14,5,27,9,10,130,71,A51-Sens Aix en Provence,,,Plein jour,Hors agglomération,Hors intersection,Normale,Trois véhicules et plus - en chaîne,,,,,,,,,,,1,1,1,1.0,4
201400051341,0014-05-27 09:05:00,14,5,27,9,5,130,15,A51-Sens Marseille vers,,,Plein jour,Hors agglomération,Hors intersection,Normale,Trois véhicules et plus - en chaîne,,,,,,,,,,,1,1,1,1.0,4
201400051342,0014-05-27 20:10:00,14,5,27,20,10,130,15,A51-Sens Marseille vers,,,Plein jour,Hors agglomération,Hors intersection,Normale,Deux véhicules - arrière,,,,,,,,,,,1,1,1,1.0,2
201400051343,0014-05-24 18:00:00,14,5,24,18,0,130,56,A55-Sens Marseille vers,,,Plein jour,Hors agglomération,Hors intersection,Normale,Deux véhicules - arrière,,,,,,,,,,,1,1,1,1.0,2
201400051344,0014-05-28 18:20:00,14,5,28,18,20,130,5,A50-Sens Aubagne vers Ma,,,Plein jour,Hors agglomération,Hors intersection,Normale,Trois véhicules et plus - en chaîne,,,,,,,,,,,1,1,1,1.0,4
201400051345,0014-05-29 18:15:00,14,5,29,18,15,130,55,A7-Sens Marseille vers L,,,Plein jour,Hors agglomération,Hors intersection,Normale,Trois véhicules et plus - en chaîne,,,,,,,,,,,1,1,1,1.0,4
201400051346,0014-05-30 18:55:00,14,5,30,18,55,130,15,A51-Sens Marseille vers,,,Plein jour,Hors agglomération,Hors intersection,Normale,Sans collision,,,,,,,,,,,1,1,1,1.0,7
201400051347,0014-05-31 01:45:00,14,5,31,1,45,130,71,A51-Sens Marseille vers,,,Nuit avec éclairage non allumé,Hors agglomération,Hors intersection,Normale,Autre collision,,,,,,,,,,,4,1,1,1.0,6
201400051348,0014-05-31 15:44:00,14,5,31,15,44,130,15,A51-Sens Marseille vers,,,Plein jour,Hors agglomération,Hors intersection,Normale,Deux véhicules - côté,,,,,,,,,,,1,1,1,1.0,3
201400051349,0014-05-31 17:15:00,14,5,31,17,15,130,5,A50-Sens Marseille vers,,,Plein jour,Hors agglomération,Hors intersection,Temps couvert,Deux véhicules - côté,,,,,,,,,,,1,1,1,8.0,3
201400051350,0014-06-02 17:20:00,14,6,2,17,20,130,55,A55-Sens Marseille vers,,,Plein jour,Hors agglomération,Hors intersection,Normale,Deux véhicules - côté,,,,,,,,,,,1,1,1,1.0,3
201400051351,0014-06-02 18:10:00,14,6,2,18,10,130,19,A51-Sens Aix en Provence,,,Plein jour,Hors agglomération,Hors intersection,Normale,Trois véhicules et plus - collisions multiples,,,,,,,,,,,1,1,1,1.0,5
201400051352,0014-06-05 15:40:00,14,6,5,15,40,130,106,A7-Sens Marseille vers L,,,Plein jour,Hors agglomération,Hors intersection,Normale,Trois véhicules et plus - collisions multiples,,,,,,,,,,,1,1,1,1.0,5
201400051353,0014-06-06 17:25:00,14,6,6,17,25,130,71,A7-Sens Lyon vers Marsei,,,Plein jour,Hors agglomération,Hors intersection,Normale,Trois véhicules et plus - collisions multiples,,,,,,,,,,,1,1,1,1.0,5
201400051354,0014-06-08 02:55:00,14,6,8,2,55,130,71,A55 - Sens Marseille ver,,,Nuit sans éclairage public,Hors agglomération,Hors intersection,Normale,Sans collision,,,,,,,,,,,3,1,1,1.0,7
201400051355,0014-06-08 05:30:00,14,6,8,5,30,130,22,A50-Sens Toulon vers Aub,,,Crépuscule ou aube,Hors agglomération,Hors intersection,Normale,Sans collision,,,,,,,,,,,2,1,1,1.0,7
201400051356,0014-05-17 06:45:00,14,5,17,6,45,130,55,A7-Sens Lyon vers Marsei,,,Crépuscule ou aube,Hors agglomération,Hors intersection,Normale,Deux véhicules - arrière,,,,,,,,,,,2,1,1,1.0,2
201400051357,0014-06-08 19:35:00,14,6,8,19,35,130,55,A50-Sens Marseille vers,,,Plein jour,Hors agglomération,Hors intersection,Normale,Sans collision,,,,,,,,,,,1,1,1,1.0,7
201400051358,0014-06-09 17:00:00,14,6,9,17,0,130,106,A7-Sens Lyon vers Marsei,,,Plein jour,Hors agglomération,Hors intersection,Normale,Sans collision,,,,,,,,,,,1,1,1,1.0,7
201400051359,0014-06-10 18:25:00,14,6,10,18,25,130,55,A7-Sens Lyon vers Marsei,,,Plein jour,Hors agglomération,Hors intersection,Normale,Deux véhicules - arrière,,,,,,,,,,,1,1,1,1.0,2
201400051360,0014-06-04 22:20:00,14,6,4,22,20,130,5,A52-Sens Toulon vers Pon,,,Nuit avec éclairage non allumé,Hors agglomération,Hors intersection,Normale,Autre collision,,,,,,,,,,,4,1,1,1.0,6
201400051361,0014-06-10 19:15:00,14,6,10,19,15,130,5,A50-Sens Marseille vers,,,Plein jour,Hors agglomération,Hors intersection,Normale,Sans collision,,,,,,,,,,,1,1,1,1.0,7
201400051362,0014-10-04 19:45:00,14,10,4,19,45,130,71,A51-Sens Marseille*vers,,,Plein jour,Hors agglomération,Hors intersection,Normale,Deux véhicules - arrière,,,,,,,,,,,1,1,1,1.0,2
201400051363,0014-06-13 12:00:00,14,6,13,12,0,130,71,A7-Sens Marseille vers L,,,Plein jour,Hors agglomération,Hors intersection,Normale,Trois véhicules et plus - en chaîne,,,,,,,,,,,1,1,1,1.0,4
201400051364,0014-06-12 17:40:00,14,6,12,17,40,130,55,A7-Sens Lyon vers Marsei,,,Plein jour,Hors agglomération,Hors intersection,Normale,Trois véhicules et plus - en chaîne,,,,,,,,,,,1,1,1,1.0,4
201400051365,0014-06-15 19:35:00,14,6,15,19,35,130,5,A52-Sens Pont de l'Etoil,,,Plein jour,Hors agglomération,Hors intersection,Temps couvert,Autre collision,,,,,,,,,,,1,1,1,8.0,6
201400051366,0014-06-16 01:30:00,14,6,16,1,30,130,55,TVPCM-Sens Saint Victor,,,Nuit avec éclairage allumé,Hors agglomération,Hors intersection,Normale,Sans collision,,,,,,,,,,,5,1,1,1.0,7
201400051367,0014-06-16 09:30:00,14,6,16,9,30,130,70,A50-Sens Aubagne vers Ma,,,Plein jour,Hors agglomération,Hors intersection,Normale,Trois véhicules et plus - en chaîne,,,,,,,,,,,1,1,1,1.0,4
201400051368,0014-06-13 18:30:00,14,6,13,18,30,130,71,A5501G-Sens Mlle Vieux P,,,Plein jour,Hors agglomération,Hors intersection,Normale,Trois véhicules et plus - collisions multiples,,,,,,,,,,,1,1,1,1.0,5
201400051369,0014-06-17 08:00:00,14,6,17,8,0,130,71,A7-Sens Marseille vers L,,,Plein jour,Hors agglomération,Hors intersection,Normale,Trois véhicules et plus - collisions multiples,,,,,,,,,,,1,1,1,1.0,5
201400051370,0014-06-17 14:05:00,14,6,17,14,5,130,55,Axe Littoral Sens Nord -,,,Plein jour,Hors agglomération,Hors intersection,Normale,Deux véhicules - arrière,,,,,,,,,,,1,1,1,1.0,2
201400051371,0014-06-17 16:55:00,14,6,17,16,55,130,5,A50-Sens Marseille vers,,,Plein jour,Hors agglomération,Hors intersection,Normale,Deux véhicules - arrière,,,,,,,,,,,1,1,1,1.0,2
201400051372,0014-06-19 07:30:00,14,6,19,7,30,130,106,A7-Sens Marseille vers L,,,Plein jour,Hors agglomération,Hors intersection,Normale,Autre collision,,,,,,,,,,,1,1,1,1.0,6
201400051373,0014-06-20 14:55:00,14,6,20,14,55,130,5,A50-Sens Marseille vers,,,Plein jour,Hors agglomération,Hors intersection,Normale,Autre collision,,,,,,,,,,,1,1,1,1.0,6
201400051374,0014-06-22 00:20:00,14,6,22,0,20,130,5,A50-Sens Marseille vers,,,Nuit avec éclairage non allumé,Hors agglomération,Hors intersection,Normale,Autre collision,,,,,,,,,,,4,1,1,1.0,6
201400051375,0014-06-23 07:00:00,14,6,23,7,0,130,55,A7-Sens Marseille vers L,,,Plein jour,Hors agglomération,Hors intersection,Normale,Deux véhicules - arrière,,,,,,,,,,,1,1,1,1.0,2
201400051376,0014-06-22 12:45:00,14,6,22,12,45,130,5,A50-Sens Marseille vers,,,Plein jour,Hors agglomération,Hors intersection,Normale,Deux véhicules - arrière,,,,,,,,,,,1,1,1,1.0,2
201400051377,0014-06-19 14:15:00,14,6,19,14,15,130,55,A50-Sens Aubagne vers Ma,,,Plein jour,Hors agglomération,Hors intersection,Normale,Sans collision,,,,,,,,,,,1,1,1,1.0,7
201400051378,0014-06-24 20:15:00,14,6,24,20,15,130,55,A7-Sens Marseille vers L,,,Plein jour,Hors agglomération,Hors intersection,Normale,Deux véhicules - arrière,,,,,,,,,,,1,1,1,1.0,2
201400051379,0014-06-25 06:25:00,14,6,25,6,25,130,55,A7-Sens Marseille vers L,,,Crépuscule ou aube,Hors agglomération,Hors intersection,Pluie légère,Autre collision,,,,,,,,,,,2,1,1,2.0,6
201400051380,0014-06-26 08:25:00,14,6,26,8,25,130,55,A7-Sens Marseille vers L,,,Plein jour,Hors agglomération,Hors intersection,Normale,Trois véhicules et plus - en chaîne,,,,,,,,,,,1,1,1,1.0,4
201400051381,0014-06-26 15:45:00,14,6,26,15,45,130,56,A55-Sens Martigues vers,,,Plein jour,Hors agglomération,Hors intersection,Normale,Deux véhicules - côté,,,,,,,,,,,1,1,1,1.0,3
201400051382,0014-06-28 04:55:00,14,6,28,4,55,130,5,A50-Sens Aubagne vers Ma,,,Nuit sans éclairage public,Hors agglomération,Hors intersection,Normale,Autre collision,,,,,,,,,,,3,1,1,1.0,6
201400051383,0014-06-29 17:30:00,14,6,29,17,30,130,88,A55-sens Martigues vers,,,Plein jour,Hors agglomération,Hors intersection,Normale,Trois véhicules et plus - collisions multiples,,,,,,,,,,,1,1,1,1.0,5
201400051384,0014-06-30 07:00:00,14,6,30,7,0,130,22,A50-Sens Toulon vers Aub,,,Plein jour,Hors agglomération,Hors intersection,Normale,Trois véhicules et plus - en chaîne,,,,,,,,,,,1,1,1,1.0,4
201400051385,0014-06-30 11:30:00,14,6,30,11,30,130,81,A7-Sens Marseille vers L,,,Plein jour,Hors agglomération,Hors intersection,Normale,Deux véhicules - arrière,,,,,,,,,,,1,1,1,1.0,2
201400051386,0014-06-25 17:45:00,14,6,25,17,45,130,5,A50-Sens Marseille vers,,,Plein jour,Hors agglomération,Hors intersection,Normale,Deux véhicules - arrière,,,,,,,,,,,1,1,1,1.0,2
201400051387,0014-07-01 07:10:00,14,7,1,7,10,130,55,A55-Sens Martigues=vers,,,Plein jour,Hors agglomération,Hors intersection,Normale,Sans collision,,,,,,,,,,,1,1,1,1.0,7
201400051388,0014-07-01 09:00:00,14,7,1,9,0,130,15,A51-Sens Marseille*vers,,,Plein jour,Hors agglomération,Hors intersection,Normale,Sans collision,,,,,,,,,,,1,1,1,1.0,7
201400051389,0014-07-01 13:45:00,14,7,1,13,45,130,26,A55-Sens Marseille vers,,,Plein jour,Hors agglomération,Hors intersection,Normale,Sans collision,,,,,,,,,,,1,1,1,1.0,7
201400051390,0014-07-01 20:00:00,14,7,1,20,0,130,55,A50-Sens Marseille*vers,,,Plein jour,Hors agglomération,Hors intersection,Normale,Deux véhicules - côté,,,,,,,,,,,1,1,1,1.0,3
201400051391,0014-07-03 07:25:00,14,7,3,7,25,130,106,A7-Sens Lyon vers Marsei,,,Plein jour,Hors agglomération,Hors intersection,Normale,Sans collision,,,,,,,,,,,1,1,1,1.0,7
201400051392,0014-07-04 13:55:00,14,7,4,13,55,130,55,Tunnel Prado Car?nage,,,Plein jour,Hors agglomération,Hors intersection,Normale,Deux véhicules - arrière,,,,,,,,,,,1,1,1,1.0,2
201400051393,0014-07-05 17:00:00,14,7,5,17,0,130,5,A50 - Sens Aubagne vers,,,Plein jour,Hors agglomération,Hors intersection,Normale,Deux véhicules - arrière,,,,,,,,,,,1,1,1,1.0,2
201400051394,0014-07-06 12:15:00,14,7,6,12,15,130,5,A50-Sens*Marseille vers,,,Plein jour,Hors agglomération,Hors intersection,Normale,Deux véhicules - arrière,,,,,,,,,,,1,1,1,1.0,2
201400051395,0014-07-06 18:00:00,14,7,6,18,0,130,5,A50 - Sens Aubagne*vers,,,Plein jour,Hors agglomération,Hors intersection,Normale,Autre collision,,,,,,,,,,,1,1,1,1.0,6
201400051396,0014-07-11 15:10:00,14,7,11,15,10,130,1,A51-Sens Aix en Provence,,,Plein jour,Hors agglomération,Hors intersection,Normale,Sans collision,,,,,,,,,,,1,1,1,1.0,7
201400051397,0014-07-12 03:24:00,14,7,12,3,24,130,71,A51-Sens Aix en Provence,,,Nuit sans éclairage public,Hors agglomération,Hors intersection,Normale,Autre collision,,,,,,,,,,,3,1,1,1.0,6
201400051398,0014-07-15 20:30:00,14,7,15,20,30,130,56,A55-Sens Marseille*vers,,,Plein jour,Hors agglomération,Hors intersection,Normale,Deux véhicules - arrière,,,,,,,,,,,1,1,1,1.0,2
201400051399,0014-07-15 08:50:00,14,7,15,8,50,130,55,A7-Sens Lyon vers*Marsei,,,Plein jour,Hors agglomération,Hors intersection,Normale,Deux véhicules - arrière,,,,,,,,,,,1,1,1,1.0,2
201400051400,0014-07-15 19:40:00,14,7,15,19,40,130,55,A7-Sens Lyon vers*Marsei,,,Plein jour,Hors agglomération,Hors intersection,Normale,Deux véhicules - arrière,,,,,,,,,,,1,1,1,1.0,2
201400051401,0014-07-17 18:55:00,14,7,17,18,55,130,71,A7-Sens Lyon vers Marsei,,,Plein jour,Hors agglomération,Hors intersection,Normale,Autre collision,,,,,,,,,,,1,1,1,1.0,6
201400051402,0014-07-18 09:30:00,14,7,18,9,30,130,85,A50-Sens Aubagne vers To,,,Plein jour,Hors agglomération,Hors intersection,Normale,Deux véhicules - côté,,,,,,,,,,,1,1,1,1.0,3
201400051403,0014-07-18 09:30:00,14,7,18,9,30,130,5,A50 - Sens Aubagne vers,,,Plein jour,Hors agglomération,Hors intersection,Normale,Trois véhicules et plus - en chaîne,,,,,,,,,,,1,1,1,1.0,4
201400051404,0014-07-23 13:30:00,14,7,23,13,30,130,26,A55-Sens Marseille;vers,,,Plein jour,Hors agglomération,Hors intersection,Normale,Autre collision,,,,,,,,,,,1,1,1,1.0,6
201400051405,0014-07-24 10:25:00,14,7,24,10,25,130,55,A55-Sens Marseille vers,,,Plein jour,Hors agglomération,Hors intersection,Normale,Sans collision,,,,,,,,,,,1,1,1,1.0,7
201400051406,0014-07-25 09:45:00,14,7,25,9,45,130,106,A7-Sens Lyon vers Marsei,,,Plein jour,Hors agglomération,Hors intersection,Normale,Deux véhicules - côté,,,,,,,,,,,1,1,1,1.0,3
201400051407,0014-07-26 22:50:00,14,7,26,22,50,130,5,A52-Sens Pont de l'Etoil,,,Nuit avec éclairage allumé,Hors agglomération,Hors intersection,Normale,Deux véhicules - frontale,,,,,,,,,,,5,1,1,1.0,1
201400051408,0014-07-30 18:15:00,14,7,30,18,15,130,106,A51-Sens Aix en Provence,,,Plein jour,Hors agglomération,Hors intersection,Normale,Deux véhicules - arrière,,,,,,,,,,,1,1,1,1.0,2
201400051409,0014-08-01 11:15:00,14,8,1,11,15,130,55,A7-Sens Lyon vers Marsei,,,Plein jour,Hors agglomération,Hors intersection,Normale,Autre collision,,,,,,,,,,,1,1,1,1.0,6
201400051410,0014-08-03 00:30:00,14,8,3,0,30,130,71,A51-Sens Marseille*vers,,,Nuit sans éclairage public,Hors agglomération,Hors intersection,Pluie légère,Autre collision,,,,,,,,,,,3,1,1,2.0,6
201400051411,0014-08-04 12:45:00,14,8,4,12,45,130,117,A7-Sens Marseille*vers L,,,Plein jour,Hors agglomération,Hors intersection,Normale,Autre collision,,,,,,,,,,,1,1,1,1.0,6
201400051412,0014-07-31 18:45:00,14,7,31,18,45,130,55,A7-Sens Marseille vers L,,,Plein jour,Hors agglomération,Hors intersection,Normale,Autre collision,,,,,,,,,,,1,1,1,1.0,6
201400051413,0014-08-05 15:15:00,14,8,5,15,15,130,22,A50-Sens Toulon vers Aub,,,Plein jour,Hors agglomération,Hors intersection,Normale,Autre collision,,,,,,,,,,,1,1,1,1.0,6
201400051414,0014-08-07 21:25:00,14,8,7,21,25,130,5,A501-Sens Pont*de l' Eto,,,Nuit sans éclairage public,Hors agglomération,Hors intersection,Normale,Deux véhicules - côté,,,,,,,,,,,3,1,1,1.0,3
201400051415,0014-08-11 18:30:00,14,8,11,18,30,130,55,A7-Sens Marseille*vers L,,,Plein jour,Hors agglomération,Hors intersection,Normale,Deux véhicules - arrière,,,,,,,,,,,1,1,1,1.0,2
201400051416,0014-08-13 16:40:00,14,8,13,16,40,130,55,TVPCD-Sens Les Ports ver,,,Plein jour,Hors agglomération,Hors intersection,Normale,Deux véhicules - côté,,,,,,,,,,,1,1,1,1.0,3
201400051417,0014-08-17 10:44:00,14,8,17,10,44,130,5,A501-Sens*Pont de l' Eto,,,Plein jour,Hors agglomération,Hors intersection,Normale,Autre collision,,,,,,,,,,,1,1,1,1.0,6
201400051418,0014-08-22 08:15:00,14,8,22,8,15,130,70,A50-Sens Aubagne*vers Ma,,,Plein jour,Hors agglomération,Hors intersection,Normale,Deux véhicules - arrière,,,,,,,,,,,1,1,1,1.0,2
201400051419,0014-08-25 09:30:00,14,8,25,9,30,130,1,A51-Sens Marseille*vers,,,Plein jour,Hors agglomération,Hors intersection,Normale,Autre collision,,,,,,,,,,,1,1,1,1.0,6
201400051420,0014-08-29 13:40:00,14,8,29,13,40,130,55,A55-Sens Martigues*vers,,,Plein jour,Hors agglomération,Hors intersection,Normale,Trois véhicules et plus - collisions multiples,,,,,,,,,,,1,1,1,1.0,5
201400051421,0014-09-01 04:15:00,14,9,1,4,15,130,117,A7-Sens Lyon vers Marsei,,,Nuit sans éclairage public,Hors agglomération,Hors intersection,Normale,Sans collision,,,,,,,,,,,3,1,1,1.0,7
201400051422,0014-09-01 16:55:00,14,9,1,16,55,130,55,A50-Sens Marseille vers,,,Plein jour,Hors agglomération,Hors intersection,Normale,Trois véhicules et plus - en chaîne,,,,,,,,,,,1,1,1,1.0,4
201400051423,0014-09-02 16:45:00,14,9,2,16,45,130,55,A55-Sens Martigues vers,,,Plein jour,Hors agglomération,Giratoire,Normale,Sans collision,,,,,,,,,,,1,1,6,1.0,7
201400051424,0014-09-03 22:40:00,14,9,3,22,40,130,55,A55-Sens Martigues vers,,,Nuit sans éclairage public,Hors agglomération,Hors intersection,Normale,Deux véhicules - arrière,,,,,,,,,,,3,1,1,1.0,2
201400051425,0014-09-04 07:35:00,14,9,4,7,35,130,55,A50-Sens Aubagne vers Ma,,,Plein jour,Hors agglomération,Hors intersection,Normale,Sans collision,,,,,,,,,,,1,1,1,1.0,7
201400051426,0014-09-04 09:45:00,14,9,4,9,45,130,5,A501-Sens Pont de l' Eto,,,Plein jour,Hors agglomération,Hors intersection,Normale,Deux véhicules - arrière,,,,,,,,,,,1,1,1,1.0,2
201400051427,0014-09-05 16:45:00,14,9,5,16,45,130,1,A51-Sens Marseille vers,,,Plein jour,Hors agglomération,Hors intersection,Normale,Deux véhicules - arrière,,,,,,,,,,,1,1,1,1.0,2
201400051428,0014-09-06 22:00:00,14,9,6,22,0,130,43,A55-Sens Marseille vers,,,Nuit sans éclairage public,Hors agglomération,Hors intersection,Normale,Deux véhicules - arrière,,,,,,,,,,,3,1,1,1.0,2
201400051429,0014-09-07 01:05:00,14,9,7,1,5,130,55,A7-Sens Lyon vers Marsei,,,Nuit sans éclairage public,Hors agglomération,Hors intersection,Normale,Deux véhicules - arrière,,,,,,,,,,,3,1,1,1.0,2
201400051430,0014-09-07 06:00:00,14,9,7,6,0,130,55,A50-Sens Aubagne vers Ma,,,Nuit sans éclairage public,Hors agglomération,Hors intersection,Normale,Deux véhicules - arrière,,,,,,,,,,,3,1,1,1.0,2
201400051431,0014-09-07 06:50:00,14,9,7,6,50,130,55,A50-Sens Marseille vers,,,Crépuscule ou aube,Hors agglomération,Hors intersection,Normale,Deux véhicules - arrière,,,,,,,,,,,2,1,1,1.0,2
201400051432,0014-09-07 13:55:00,14,9,7,13,55,130,1,A51-Sens Aix en Provence,,,Plein jour,Hors agglomération,Hors intersection,Normale,Sans collision,,,,,,,,,,,1,1,1,1.0,7
201400051433,0014-09-07 14:00:00,14,9,7,14,0,130,1,A51-Sens Aix en Provence,,,Plein jour,Hors agglomération,Hors intersection,Normale,Autre collision,,,,,,,,,,,1,1,1,1.0,6
201400051434,0014-09-07 20:00:00,14,9,7,20,0,130,71,A55-Sens Martigues vers,,,Plein jour,Hors agglomération,Hors intersection,Normale,Sans collision,,,,,,,,,,,1,1,1,1.0,7
201400051435,0014-09-09 18:10:00,14,9,9,18,10,130,55,A7-Sens Lyon vers Marsei,,,Plein jour,Hors agglomération,Hors intersection,Normale,Deux véhicules - arrière,,,,,,,,,,,1,1,1,1.0,2
201400051436,0014-09-05 18:50:00,14,9,5,18,50,130,55,A50-Sens Marseille vers,,,Plein jour,Hors agglomération,Hors intersection,Normale,Deux véhicules - arrière,,,,,,,,,,,1,1,1,1.0,2
201400051437,0014-09-10 17:00:00,14,9,10,17,0,130,71,A7-Sens Marseille vers L,,,Plein jour,Hors agglomération,Hors intersection,Normale,Trois véhicules et plus - collisions multiples,,,,,,,,,,,1,1,1,1.0,5
201400051438,0014-09-11 16:50:00,14,9,11,16,50,130,71,A7-Sens Marseille vers L,,,Plein jour,Hors agglomération,Hors intersection,Normale,Trois véhicules et plus - en chaîne,,,,,,,,,,,1,1,1,1.0,4
201400051439,0014-09-12 07:45:00,14,9,12,7,45,130,117,A7-Sens Lyon vers Marsei,,,Plein jour,Hors agglomération,Hors intersection,Normale,Deux véhicules - arrière,,,,,,,,,,,1,1,1,1.0,2
201400051440,0014-09-13 07:55:00,14,9,13,7,55,130,5,A50-Sens Marseille vers,,,Nuit sans éclairage public,Hors agglomération,Hors intersection,Normale,Autre collision,,,,,,,,,,,3,1,1,1.0,6
201400051441,0014-09-14 06:00:00,14,9,14,6,0,130,70,A50-Sens Marseille vers,,,Nuit sans éclairage public,Hors agglomération,Hors intersection,Normale,Trois véhicules et plus - collisions multiples,,,,,,,,,,,3,1,1,1.0,5
201400051442,0014-09-11 18:30:00,14,9,11,18,30,130,5,A50-Sens Marseille vers,,,Plein jour,Hors agglomération,Hors intersection,Normale,Trois véhicules et plus - en chaîne,,,,,,,,,,,1,1,1,1.0,4
201400051443,0014-09-16 15:50:00,14,9,16,15,50,130,88,A55-Sens Martigues vers,,,Plein jour,Hors agglomération,Hors intersection,Normale,Sans collision,,,,,,,,,,,1,1,1,1.0,7
201400051444,0014-09-16 17:00:00,14,9,16,17,0,130,55,A7-Sens Lyon vers Marsei,,,Plein jour,Hors agglomération,Hors intersection,Normale,Deux véhicules - arrière,,,,,,,,,,,1,1,1,1.0,2
201400051445,0014-09-16 08:20:00,14,9,16,8,20,130,88,A55-Sens Martigues vers,,,Plein jour,Hors agglomération,Hors intersection,Normale,Deux véhicules - arrière,,,,,,,,,,,1,1,1,1.0,2
201400051446,0014-09-17 13:10:00,14,9,17,13,10,130,55,A50-Sens Marseille vers,,,Plein jour,Hors agglomération,Hors intersection,Temps couvert,Sans collision,,,,,,,,,,,1,1,1,8.0,7
201400051447,0014-09-17 14:00:00,14,9,17,14,0,130,55,A7-Sens Lyon vers Marsei,,,Plein jour,Hors agglomération,Hors intersection,Normale,Trois véhicules et plus - en chaîne,,,,,,,,,,,1,1,1,1.0,4
201400051448,0014-09-17 19:10:00,14,9,17,19,10,130,55,A7-Sens Lyon vers Marsei,,,Plein jour,Hors agglomération,Hors intersection,Normale,Deux véhicules - arrière,,,,,,,,,,,1,1,1,1.0,2
201400051449,0014-09-18 16:05:00,14,9,18,16,5,130,1,A51-Sens Aix en Provence,,,Plein jour,Hors agglomération,Hors intersection,Normale,Trois véhicules et plus - en chaîne,,,,,,,,,,,1,1,1,1.0,4
201400051450,0014-09-18 11:45:00,14,9,18,11,45,130,71,A55-Sens Martigues vers,,,Plein jour,Hors agglomération,Hors intersection,Normale,Trois véhicules et plus - collisions multiples,,,,,,,,,,,1,1,1,1.0,5
201400051451,0014-09-21 18:30:00,14,9,21,18,30,130,106,A51-Sens Aix en Provence,,,Plein jour,Hors agglomération,Hors intersection,Normale,Sans collision,,,,,,,,,,,1,1,1,1.0,7
201400051452,0014-09-21 20:05:00,14,9,21,20,5,130,55,A7-Sens Marseille vers L,,,Nuit sans éclairage public,Hors agglomération,Hors intersection,Normale,Trois véhicules et plus - en chaîne,,,,,,,,,,,3,1,1,1.0,4
201400051453,0014-09-12 11:02:00,14,9,12,11,2,130,117,A7-Sens Lyon vers Marsei,,,Plein jour,Hors agglomération,Hors intersection,Normale,Deux véhicules - arrière,,,,,,,,,,,1,1,1,1.0,2
201400051454,0014-09-23 08:38:00,14,9,23,8,38,130,55,TVPCM-Sens Saint Victor,,,Plein jour,Hors agglomération,Autre intersection,Normale,Autre collision,,,,,,,,,,,1,1,9,1.0,6
201400051455,0014-09-24 09:14:00,14,9,24,9,14,130,55,A55-Sens Martigues vers,,,Plein jour,Hors agglomération,Hors intersection,Pluie légère,Sans collision,,,,,,,,,,,1,1,1,2.0,7
201400051456,0014-09-24 09:15:00,14,9,24,9,15,130,55,A55-Sens Marseille vers,,,Plein jour,Hors agglomération,Hors intersection,Pluie légère,Deux véhicules - arrière,,,,,,,,,,,1,1,1,2.0,2
201400051457,0014-09-26 17:36:00,14,9,26,17,36,130,71,A51-Sens Marseille vers,,,Plein jour,Hors agglomération,Hors intersection,Normale,Deux véhicules - arrière,,,,,,,,,,,1,1,1,1.0,2
201400051458,0014-09-30 11:00:00,14,9,30,11,0,130,55,Tunnel Joliette vers A.5,,,Plein jour,Hors agglomération,Hors intersection,Pluie légère,Deux véhicules - côté,,,,,,,,,,,1,1,1,2.0,3
201400051459,0014-09-30 14:15:00,14,9,30,14,15,130,55,A55-Sens Marseille vers,,,Plein jour,Hors agglomération,Hors intersection,Pluie légère,Deux véhicules - côté,,,,,,,,,,,1,1,1,2.0,3