accident_id,datetime,annee,mois,jour,heure,minute,departement,commune_insee,adresse,latitude,longitude,luminosite,agglomeration,intersection,meteo,collision,nb_vehicules,nb_usagers,nb_indemnes,nb_tues,nb_blesses_hosp,nb_blesses_legers,age_cond_1,age_cond_2,veh_type_cond_1,veh_type_cond_2,lum_code,agg_code,int_code,atm_code,col_code
201400051460,0014-10-01 13:35:00,14,10,1,13,35,130,55,A7-Sens Marseille vers*L,,,Plein jour,Hors agglomération,Hors intersection,Normale,Deux véhicules - arrière,,,,,,,,,,,1,1,1,1.0,2
201400051461,0014-10-02 17:10:00,14,10,2,17,10,130,55,A7-Sens Lyon vers Marsei,,,Plein jour,Hors agglomération,Hors intersection,Normale,Deux véhicules - arrière,,,,,,,,,,,1,1,1,1.0,2
201400051462,0014-10-05 21:45:00,14,10,5,21,45,130,55,A7-Sens*Marseille vers L,,,Nuit sans éclairage public,Hors agglomération,Hors intersection,Normale,Autre collision,,,,,,,,,,,3,1,1,1.0,6
201400051463,0014-10-07 11:50:00,14,10,7,11,50,130,55,TVPCD-Sens Les Ports ver,,,Plein jour,Hors agglomération,Hors intersection,Normale,Trois véhicules et plus - en chaîne,,,,,,,,,,,1,1,1,1.0,4
201400051464,0014-10-07 12:40:00,14,10,7,12,40,130,5,A50 - Sens Aubagne*vers,,,Plein jour,Hors agglomération,Hors intersection,Normale,Deux véhicules - côté,,,,,,,,,,,1,1,1,1.0,3
201400051465,0014-10-07 20:45:00,14,10,7,20,45,130,55,A7-Sens Marseille vers*L,,,Nuit sans éclairage public,Hors agglomération,Hors intersection,Normale,Autre collision,,,,,,,,,,,3,1,1,1.0,6
201400051466,0014-10-08 08:30:00,14,10,8,8,30,130,106,A51-Sens Aix en*Provence,,,Plein jour,Hors agglomération,Hors intersection,Normale,Trois véhicules et plus - en chaîne,,,,,,,,,,,1,1,1,1.0,4
201400051467,0014-10-08 14:25:00,14,10,8,14,25,130,71,A55 - Sens*Marseille ver,,,Plein jour,Hors agglomération,Hors intersection,Normale,Sans collision,,,,,,,,,,,1,1,1,1.0,7
201400051468,0014-10-09 07:20:00,14,10,9,7,20,130,55,A55-Sens Marseille*vers,,,Plein jour,Hors agglomération,Hors intersection,Pluie légère,Deux véhicules - arrière,,,,,,,,,,,1,1,1,2.0,2
201400051469,0014-10-10 07:50:00,14,10,10,7,50,130,55,A50-Sens Marseille*vers,,,Plein jour,Hors agglomération,Hors intersection,Normale,Autre collision,,,,,,,,,,,1,1,1,1.0,6
201400051470,0014-10-10 12:20:00,14,10,10,12,20,130,71,A7-Sens Marseille vers*L,,,Plein jour,Hors agglomération,Hors intersection,Normale,Trois véhicules et plus - en chaîne,,,,,,,,,,,1,1,1,1.0,4
201400051471,0014-10-10 13:51:00,14,10,10,13,51,130,5,A50-Sens Aubagne*vers Ma,,,Plein jour,Hors agglomération,Hors intersection,Normale,Autre collision,,,,,,,,,,,1,1,1,1.0,6
201400051472,0014-10-11 15:30:00,14,10,11,15,30,130,19,A51-Sens Aix en*Provence,,,Plein jour,Hors agglomération,Hors intersection,Normale,Trois véhicules et plus - en chaîne,,,,,,,,,,,1,1,1,1.0,4
201400051473,0014-10-12 07:17:00,14,10,12,7,17,130,26,A55-Sens Marseille*vers,,,Crépuscule ou aube,Hors agglomération,Hors intersection,Normale,Autre collision,,,,,,,,,,,2,1,1,1.0,6
201400051474,0014-10-12 01:05:00,14,10,12,1,5,130,55,A55-Sens Martigues*vers,,,Nuit sans éclairage public,Hors agglomération,Hors intersection,Normale,Deux véhicules - côté,,,,,,,,,,,3,1,1,1.0,3
201400051475,0014-10-14 13:40:00,14,10,14,13,40,130,55,A55-Sens Marseille*vers,,,Plein jour,Hors agglomération,Hors intersection,Temps couvert,Trois véhicules et plus - collisions multiples,,,,,,,,,,,1,1,1,8.0,5
201400051476,0014-10-15 07:15:00,14,10,15,7,15,130,5,A501-Sens Pont de*l' Eto,,,Crépuscule ou aube,Hors agglomération,Hors intersection,Normale,Autre collision,,,,,,,,,,,2,1,1,1.0,6
201400051477,0014-10-14 22:00:00,14,10,14,22,0,130,22,A50-Sens Toulon*vers Aub,,,Nuit sans éclairage public,Hors agglomération,Hors intersection,Normale,Autre collision,,,,,,,,,,,3,1,1,1.0,6
201400051478,0014-10-17 08:40:00,14,10,17,8,40,130,55,A50-Sens Aubagne vers*Ma,,,Plein jour,Hors agglomération,Hors intersection,Normale,Deux véhicules - côté,,,,,,,,,,,1,1,1,1.0,3
201400051479,0014-10-18 12:15:00,14,10,18,12,15,130,55,TVPCM-Sens Saint Victor,,,Plein jour,Hors agglomération,Hors intersection,Normale,Autre collision,,,,,,,,,,,1,1,1,1.0,6
201400051480,0014-10-18 05:25:00,14,10,18,5,25,130,55,A55-Sens Martigues*vers,,,Nuit sans éclairage public,Hors agglomération,Hors intersection,Pluie légère,Autre collision,,,,,,,,,,,3,1,1,2.0,6
201400051481,0014-10-17 10:30:00,14,10,17,10,30,130,71,A51-Sens Aix en*Provence,,,Plein jour,Hors agglomération,Hors intersection,Normale,Deux véhicules - côté,,,,,,,,,,,1,1,1,1.0,3
201400051482,0014-10-19 12:50:00,14,10,19,12,50,130,55,A7-Sens Lyon vers*Marsei,,,Plein jour,Hors agglomération,Hors intersection,Normale,Trois véhicules et plus - en chaîne,,,,,,,,,,,1,1,1,1.0,4
201400051483,0014-10-21 14:35:00,14,10,21,14,35,130,55,Tunnel Prado Car?nage,,,Plein jour,Hors agglomération,Hors intersection,Normale,Deux véhicules - arrière,,,,,,,,,,,1,1,1,1.0,2
201400051484,0014-10-21 21:00:00,14,10,21,21,0,130,15,A51-Sens Aix en*Provence,,,Nuit sans éclairage public,Hors agglomération,Hors intersection,Normale,Autre collision,,,,,,,,,,,3,1,1,1.0,6
201400051485,0014-10-21 21:35:00,14,10,21,21,35,130,55,A7-Sens Lyon vers Marsei,,,Nuit sans éclairage public,Hors agglomération,Hors intersection,Normale,Deux véhicules - arrière,,,,,,,,,,,3,1,1,1.0,2
201400051486,0014-10-22 12:20:00,14,10,22,12,20,130,55,A7-Sens Marseille vers*L,,,Plein jour,Hors agglomération,Hors intersection,Vent fort / tempête,Deux véhicules - arrière,,,,,,,,,,,1,1,1,6.0,2
201400051487,0014-10-25 05:13:00,14,10,25,5,13,130,71,A55-Sens Martigues*vers,,,Nuit sans éclairage public,Hors agglomération,Hors intersection,Normale,Autre collision,,,,,,,,,,,3,1,1,1.0,6
201400051488,0014-10-25 15:20:00,14,10,25,15,20,130,33,A55-Sens Martigues*vers,,,Plein jour,Hors agglomération,Hors intersection,Normale,Sans collision,,,,,,,,,,,1,1,1,1.0,7
201400051489,0014-10-22 19:00:00,14,10,22,19,0,130,26,A55-Sens Marseille*vers,,,Nuit sans éclairage public,Hors agglomération,Hors intersection,Normale,Deux véhicules - côté,,,,,,,,,,,3,1,1,1.0,3
201400051490,0014-10-27 18:30:00,14,10,27,18,30,130,55,A55-Sens Marseille*vers,,,Nuit sans éclairage public,Hors agglomération,Hors intersection,Normale,Deux véhicules - arrière,,,,,,,,,,,3,1,1,1.0,2
201400051491,0014-10-24 07:50:00,14,10,24,7,50,130,15,A51-Sens Marseille*vers,,,Plein jour,Hors agglomération,Hors intersection,Normale,Deux véhicules - côté,,,,,,,,,,,1,1,1,1.0,3
201400051492,0014-10-28 18:07:00,14,10,28,18,7,130,71,A7-Sens Lyon*vers Marsei,,,Nuit sans éclairage public,Hors agglomération,Hors intersection,Normale,Deux véhicules - arrière,,,,,,,,,,,3,1,1,1.0,2
201400051493,0014-10-29 12:45:00,14,10,29,12,45,130,55,A7-Sens Marseille vers*L,,,Plein jour,Hors agglomération,Hors intersection,Normale,Deux véhicules - arrière,,,,,,,,,,,1,1,1,1.0,2
201400051494,0014-10-30 07:15:00,14,10,30,7,15,130,55,A7-Sens Lyon vers*Marsei,,,Plein jour,Hors agglomération,Hors intersection,Normale,Deux véhicules - arrière,,,,,,,,,,,1,1,1,1.0,2
201400051495,0014-10-31 17:30:00,14,10,31,17,30,130,1,A51-Sens Marseille*vers,,,Plein jour,Hors agglomération,Hors intersection,Normale,Sans collision,,,,,,,,,,,1,1,1,1.0,7
201400051496,0014-10-31 19:05:00,14,10,31,19,5,130,55,A50-Sens Aubagne vers*Ma,,,Nuit sans éclairage public,Hors agglomération,Hors intersection,Normale,Trois véhicules et plus - en chaîne,,,,,,,,,,,3,1,1,1.0,4
201400051497,0014-11-01 07:00:00,14,11,1,7,0,130,15,A51-Sens Aix en*Provence,,,Crépuscule ou aube,Hors agglomération,Hors intersection,Brouillard / fumée,Sans collision,,,,,,,,,,,2,1,1,5.0,7
201400051498,0014-11-02 08:05:00,14,11,2,8,5,130,1,A51-Sens Aix en*Provence,,,Plein jour,Hors agglomération,Hors intersection,Normale,Deux véhicules - côté,,,,,,,,,,,1,1,1,1.0,3
201400051499,0014-11-03 06:30:00,14,11,3,6,30,130,55,A55-Sens Marseille*vers,,,Nuit avec éclairage allumé,Hors agglomération,Hors intersection,Pluie légère,Sans collision,,,,,,,,,,,5,1,1,2.0,7
201400051500,0014-11-03 07:15:00,14,11,3,7,15,130,85,A50-Sens Toulon vers*Aub,,,Crépuscule ou aube,Hors agglomération,Hors intersection,Pluie forte,Autre collision,,,,,,,,,,,2,1,1,3.0,6
201400051501,0014-11-03 07:35:00,14,11,3,7,35,130,55,A557-Liaison A7*Marseill,,,Plein jour,Hors agglomération,Hors intersection,Pluie légère,Sans collision,,,,,,,,,,,1,1,1,2.0,7
201400051502,0014-10-29 18:50:00,14,10,29,18,50,130,85,A50-Sens Toulon vers*Aub,,,Nuit sans éclairage public,Hors agglomération,Hors intersection,Normale,Sans collision,,,,,,,,,,,3,1,1,1.0,7
201400051503,0014-11-04 07:43:00,14,11,4,7,43,130,56,A55-Sens Martigues*vers,,,Nuit sans éclairage public,Hors agglomération,Hors intersection,Pluie forte,Trois véhicules et plus - en chaîne,,,,,,,,,,,3,1,1,3.0,4
201400051504,0014-11-04 19:35:00,14,11,4,19,35,130,55,A7-Sens Marseille vers*L,,,Nuit sans éclairage public,Hors agglomération,Hors intersection,Pluie légère,Trois véhicules et plus - en chaîne,,,,,,,,,,,3,1,1,2.0,4
201400051505,0014-11-05 15:05:00,14,11,5,15,5,130,1,A51-Sens Aix en*Provence,,,Plein jour,Hors agglomération,Hors intersection,Normale,Deux véhicules - côté,,,,,,,,,,,1,1,1,1.0,3
201400051506,0014-11-06 07:30:00,14,11,6,7,30,130,71,A55-Sens Martigues*vers,,,Plein jour,Hors agglomération,Hors intersection,Normale,Trois véhicules et plus - en chaîne,,,,,,,,,,,1,1,1,1.0,4
201400051507,0014-11-06 10:00:00,14,11,6,10,0,130,55,A55-Sens Marseille*vers,,,Plein jour,Hors agglomération,Hors intersection,Normale,Autre collision,,,,,,,,,,,1,1,1,1.0,6
201400051508,0014-11-06 12:10:00,14,11,6,12,10,130,55,A55-Sens Martigues*vers,,,Plein jour,Hors agglomération,Hors intersection,Normale,Autre collision,,,,,,,,,,,1,1,1,1.0,6
201400051509,0014-11-06 16:40:00,14,11,6,16,40,130,15,A515CM-sortie*Gardanne/B,,,Plein jour,Hors agglomération,Hors intersection,Normale,Deux véhicules - arrière,,,,,,,,,,,1,1,1,1.0,2
201400051510,0014-11-04 03:45:00,14,11,4,3,45,130,55,A55-Sens Marseille*vers,,,Plein jour,Hors agglomération,Hors intersection,Pluie légère,Autre collision,,,,,,,,,,,1,1,1,2.0,6
201400051511,0014-11-07 19:00:00,14,11,7,19,0,130,71,A7-Sens Lyon vers*Marsei,,,Nuit sans éclairage public,Hors agglomération,Hors intersection,Normale,Deux véhicules - arrière,,,,,,,,,,,3,1,1,1.0,2
201400051512,0014-11-07 20:15:00,14,11,7,20,15,130,55,A7-Sens Lyon vers*Marsei,,,Nuit sans éclairage public,Hors agglomération,Hors intersection,Normale,Deux véhicules - arrière,,,,,,,,,,,3,1,1,1.0,2
201400051513,0014-11-04 14:50:00,14,11,4,14,50,130,15,A51-Sens Aix en*Provence,,,Plein jour,Hors agglomération,Hors intersection,Normale,Autre collision,,,,,,,,,,,1,1,1,1.0,6
201400051514,0014-11-08 12:22:00,14,11,8,12,22,130,55,A7-Sens Lyon vers*Marsei,,,Plein jour,Hors agglomération,Hors intersection,Normale,Trois véhicules et plus - en chaîne,,,,,,,,,,,1,1,1,1.0,4
201400051515,0014-11-09 03:20:00,14,11,9,3,20,130,81,A7-Sens Marseille vers*L,,,Nuit sans éclairage public,Hors agglomération,Hors intersection,Normale,Deux véhicules - arrière,,,,,,,,,,,3,1,1,1.0,2
201400051516,0014-11-11 15:20:00,14,11,11,15,20,130,22,A50-Sens Toulon vers*Aub,,,Plein jour,Hors agglomération,Hors intersection,Pluie forte,Deux véhicules - côté,,,,,,,,,,,1,1,1,3.0,3
201400051517,0014-11-11 15:15:00,14,11,11,15,15,130,55,A55-Sens Marseille*vers,,,Plein jour,Hors agglomération,Hors intersection,Temps couvert,Trois véhicules et plus - collisions multiples,,,,,,,,,,,1,1,1,8.0,5
201400051518,0014-11-11 15:16:00,14,11,11,15,16,130,55,A557-Liaison A7*Marseill,,,Plein jour,Hors agglomération,Hors intersection,Normale,Sans collision,,,,,,,,,,,1,1,1,1.0,7
201400051519,0014-11-11 18:13:00,14,11,11,18,13,130,55,A7-Sens Marseille vers*L,,,Nuit sans éclairage public,Hors agglomération,Hors intersection,Pluie légère,Deux véhicules - arrière,,,,,,,,,,,3,1,1,2.0,2
201400051520,0014-11-12 13:55:00,14,11,12,13,55,130,55,A55-Sens Marseille*vers,,,Plein jour,Hors agglomération,Hors intersection,Temps couvert,Sans collision,,,,,,,,,,,1,1,1,8.0,7
201400051521,0014-11-16 06:39:00,14,11,16,6,39,130,55,A7-Sens Lyon vers*Marsei,,,Nuit avec éclairage allumé,Hors agglomération,Hors intersection,Normale,Deux véhicules - arrière,,,,,,,,,,,5,1,1,1.0,2
201400051522,0014-11-13 10:30:00,14,11,13,10,30,130,55,A55-Sens Martigues*vers,,,Plein jour,Hors agglomération,Hors intersection,Normale,Trois véhicules et plus - en chaîne,,,,,,,,,,,1,1,1,1.0,4
201400051523,0014-11-13 14:00:00,14,11,13,14,0,130,55,A7-Sens Lyon vers*Marsei,,,Plein jour,Hors agglomération,Hors intersection,Normale,Sans collision,,,,,,,,,,,1,1,1,1.0,7
201400051524,0014-11-14 15:45:00,14,11,14,15,45,130,55,Tunnel Joliette vers A.5,,,Plein jour,Hors agglomération,Hors intersection,Pluie légère,Deux véhicules - arrière,,,,,,,,,,,1,1,1,2.0,2
201400051525,0014-11-14 17:10:00,14,11,14,17,10,130,55,A7-Sens Lyon vers*Marsei,,,Plein jour,Hors agglomération,Hors intersection,Normale,Deux véhicules - arrière,,,,,,,,,,,1,1,1,1.0,2
201400051526,0014-11-14 18:15:00,14,11,14,18,15,130,5,A52-Sens Pont de*l'Etoil,,,Nuit sans éclairage public,Hors agglomération,Hors intersection,Pluie forte,Trois véhicules et plus - en chaîne,,,,,,,,,,,3,1,1,3.0,4
201400051527,0014-11-15 10:14:00,14,11,15,10,14,130,81,A7-Sens Lyon vers*Marsei,,,Plein jour,Hors agglomération,Hors intersection,Pluie légère,Sans collision,,,,,,,,,,,1,1,1,2.0,7
201400051528,0014-11-15 11:04:00,14,11,15,11,4,130,33,A55-Sens Marseille*vers,,,Plein jour,Hors agglomération,Hors intersection,Pluie légère,Sans collision,,,,,,,,,,,1,1,1,2.0,7
201400051529,0014-11-12 15:15:00,14,11,12,15,15,130,71,A7-Sens Marseille vers*L,,,Plein jour,Hors agglomération,Hors intersection,Temps couvert,Deux véhicules - arrière,,,,,,,,,,,1,1,1,8.0,2
201400051530,0014-11-16 13:30:00,14,11,16,13,30,130,5,A50-Sens Marseille*vers,,,Plein jour,Hors agglomération,Hors intersection,Normale,Deux véhicules - côté,,,,,,,,,,,1,1,1,1.0,3
201400051531,0014-11-16 04:30:00,14,11,16,4,30,130,1,A51-Sens Aix en*Provence,,,Nuit sans éclairage public,Hors agglomération,Hors intersection,Normale,Deux véhicules - arrière,,,,,,,,,,,3,1,1,1.0,2
201400051532,0014-11-16 21:10:00,14,11,16,21,10,130,43,A55-Sens Marseille*vers,,,Nuit sans éclairage public,Hors agglomération,Hors intersection,Normale,Sans collision,,,,,,,,,,,3,1,1,1.0,7
201400051533,0014-11-17 07:29:00,14,11,17,7,29,130,106,A51-Sens Aix en*Provence,,,Plein jour,Hors agglomération,Hors intersection,Normale,Deux véhicules - arrière,,,,,,,,,,,1,1,1,1.0,2
201400051534,0014-11-17 09:40:00,14,11,17,9,40,130,5,A501-Sens*Pont de l'Etoi,,,Plein jour,Hors agglomération,Hors intersection,Normale,Sans collision,,,,,,,,,,,1,1,1,1.0,7
201400051535,0014-11-17 18:05:00,14,11,17,18,5,130,55,A7-Sens Marseille vers*L,,,Nuit sans éclairage public,Hors agglomération,Hors intersection,Normale,Deux véhicules - arrière,,,,,,,,,,,3,1,1,1.0,2
201400051536,0014-11-17 18:55:00,14,11,17,18,55,130,5,A50-Sens Marseille*vers,,,Nuit sans éclairage public,Hors agglomération,Hors intersection,Normale,Deux véhicules - arrière,,,,,,,,,,,3,1,1,1.0,2
201400051537,0014-11-18 18:30:00,14,11,18,18,30,130,55,A7-Sens Lyon vers*Marsei,,,Nuit sans éclairage public,Hors agglomération,Hors intersection,Normale,Trois véhicules et plus - en chaîne,,,,,,,,,,,3,1,1,1.0,4
201400051538,0014-11-18 08:50:00,14,11,18,8,50,130,55,Tunnel Joliette vers A.5,,,Plein jour,Hors agglomération,Hors intersection,Normale,Trois véhicules et plus - en chaîne,,,,,,,,,,,1,1,1,1.0,4
201400051539,0014-11-19 17:50:00,14,11,19,17,50,130,1,A51-Sens Marseille*vers,,,Nuit sans éclairage public,Hors agglomération,Hors intersection,Normale,Deux véhicules - arrière,,,,,,,,,,,3,1,1,1.0,2
201400051540,0014-11-23 19:00:00,14,11,23,19,0,130,55,TVPCM-Sens Saint Victor,,,Nuit avec éclairage allumé,Hors agglomération,Hors intersection,Normale,Deux véhicules - arrière,,,,,,,,,,,5,1,1,1.0,2
201400051541,0014-11-25 02:45:00,14,11,25,2,45,130,1,A51-Sens Aix en*Provence,,,Nuit sans éclairage public,Hors agglomération,Hors intersection,Normale,Autre collision,,,,,,,,,,,3,1,1,1.0,6
201400051542,0014-11-25 07:45:00,14,11,25,7,45,130,55,A7-Sens Marseille vers*L,,,Plein jour,Hors agglomération,Hors intersection,Pluie forte,Trois véhicules et plus - en chaîne,,,,,,,,,,,1,1,1,3.0,4
201400051543,0014-11-25 08:01:00,14,11,25,8,1,130,1,A51-Sens Marseille*vers,,,Plein jour,Hors agglomération,Hors intersection,Pluie forte,Trois véhicules et plus - en chaîne,,,,,,,,,,,1,1,1,3.0,4
201400051544,0014-11-25 15:02:00,14,11,25,15,2,130,88,A55-Sens Martigues*vers,,,Plein jour,Hors agglomération,Hors intersection,Normale,Sans collision,,,,,,,,,,,1,1,1,1.0,7
201400051545,0014-11-25 10:00:00,14,11,25,10,0,130,19,A51-Sens Marseille*vers,,,Plein jour,Hors agglomération,Hors intersection,Pluie légère,Sans collision,,,,,,,,,,,1,1,1,2.0,7
201400051546,0014-11-25 12:50:00,14,11,25,12,50,130,55,Tunnel Prado Car?nage,,,Plein jour,Hors agglomération,Hors intersection,Pluie légère,Deux véhicules - arrière,,,,,,,,,,,1,1,1,2.0,2
201400051547,0014-11-26 07:51:00,14,11,26,7,51,130,33,A55-Sens Marseille*vers,,,Plein jour,Hors agglomération,Hors intersection,Pluie légère,Autre collision,,,,,,,,,,,1,1,1,2.0,6
201400051548,0014-11-26 14:35:00,14,11,26,14,35,130,71,A7-Sens Marseille vers*L,,,Plein jour,Hors agglomération,Hors intersection,Normale,Trois véhicules et plus - en chaîne,,,,,,,,,,,1,1,1,1.0,4
201400051549,0014-11-26 14:46:00,14,11,26,14,46,130,71,A7-Sens Marseille vers*L,,,Plein jour,Hors agglomération,Hors intersection,Normale,Trois véhicules et plus - en chaîne,,,,,,,,,,,1,1,1,1.0,4
201400051550,0014-11-26 19:10:00,14,11,26,19,10,130,55,A55-Sens Marseille*vers,,,Nuit sans éclairage public,Hors agglomération,Hors intersection,Pluie légère,Deux véhicules - arrière,,,,,,,,,,,3,1,1,2.0,2
201400051551,0014-11-27 08:00:00,14,11,27,8,0,130,55,A55-Sens Marseille*vers,,,Plein jour,Hors agglomération,Hors intersection,Pluie légère,Autre collision,,,,,,,,,,,1,1,1,2.0,6
201400051552,0014-11-27 09:15:00,14,11,27,9,15,130,55,Tunnel Joliette vers A.5,,,Plein jour,Hors agglomération,Hors intersection,Temps couvert,Trois véhicules et plus - en chaîne,,,,,,,,,,,1,1,1,8.0,4
201400051553,0014-11-27 09:08:00,14,11,27,9,8,130,117,A7-Sens Lyon vers*Marsei,,,Plein jour,Hors agglomération,Hors intersection,Normale,Deux véhicules - côté,,,,,,,,,,,1,1,1,1.0,3
201400051554,0014-11-27 16:50:00,14,11,27,16,50,130,71,A7-Sens Marseille vers*L,,,Plein jour,Hors agglomération,Hors intersection,Pluie légère,Autre collision,,,,,,,,,,,1,1,1,2.0,6
201400051555,0014-11-28 07:30:00,14,11,28,7,30,130,55,A50-Sens Aubagne vers*Ma,,,Plein jour,Hors agglomération,Hors intersection,Normale,Deux véhicules - côté,,,,,,,,,,,1,1,1,1.0,3
201400051556,0014-11-27 17:15:00,14,11,27,17,15,130,106,A51-Sens Aix en*Provence,,,Nuit sans éclairage public,Hors agglomération,Hors intersection,Pluie légère,Deux véhicules - arrière,,,,,,,,,,,3,1,1,2.0,2
201400051557,0014-11-28 18:00:00,14,11,28,18,0,130,117,A7-Sens Marseille vers*L,,,Nuit sans éclairage public,Hors agglomération,Hors intersection,Normale,Trois véhicules et plus - en chaîne,,,,,,,,,,,3,1,1,1.0,4
201400051558,0014-11-28 21:20:00,14,11,28,21,20,130,85,A50-Sens Toulon vers*Aub,,,Nuit sans éclairage public,Hors agglomération,Hors intersection,Temps couvert,Sans collision,,,,,,,,,,,3,1,1,8.0,7
201400051559,0014-12-02 13:15:00,14,12,2,13,15,130,55,A55-Sens Marseille*vers,,,Plein jour,Hors agglomération,Hors intersection,Pluie légère,Sans collision,,,,,,,,,,,1,1,1,2.0,7
201400051560,0014-12-01 17:45:00,14,12,1,17,45,130,55,A7-Sens Lyon vers*Marsei,,,Nuit sans éclairage public,Hors agglomération,Hors intersection,Pluie légère,Deux véhicules - arrière,,,,,,,,,,,3,1,1,2.0,2
201400051561,0014-12-02 07:25:00,14,12,2,7,25,130,55,A7-Sens Marseille vers*L,,,Nuit avec éclairage allumé,Hors agglomération,Hors intersection,Pluie légère,Trois véhicules et plus - en chaîne,,,,,,,,,,,5,1,1,2.0,4
201400051562,0014-12-02 09:50:00,14,12,2,9,50,130,55,A55-Sens Marseille*vers,,,Plein jour,Hors agglomération,Hors intersection,Pluie légère,Autre collision,,,,,,,,,,,1,1,1,2.0,6
201400051563,0014-12-02 09:30:00,14,12,2,9,30,130,5,A50-Sens Marseille*vers,,,Plein jour,Hors agglomération,Hors intersection,Temps couvert,Trois véhicules et plus - collisions multiples,,,,,,,,,,,1,1,1,8.0,5
201400051564,0014-12-02 08:36:00,14,12,2,8,36,130,5,A50-Sens Aubagne vers*Ma,,,Plein jour,Hors agglomération,Hors intersection,Pluie légère,Trois véhicules et plus - en chaîne,,,,,,,,,,,1,1,1,2.0,4
201400051565,0014-12-02 15:35:00,14,12,2,15,35,130,55,TVPCD-Sens Les Ports*ver,,,Plein jour,Hors agglomération,Hors intersection,Normale,Trois véhicules et plus - en chaîne,,,,,,,,,,,1,1,1,1.0,4
201400051566,0014-12-02 19:00:00,14,12,2,19,0,130,33,A55-SENS*MARTIGUES/MARSE,,,Nuit sans éclairage public,Hors agglomération,Hors intersection,Normale,Trois véhicules et plus - en chaîne,,,,,,,,,,,3,1,1,1.0,4
201400051567,0014-12-03 01:40:00,14,12,3,1,40,130,55,Tunnel Joliette*vers A.5,,,Nuit avec éclairage allumé,Hors agglomération,Hors intersection,Normale,Deux véhicules - arrière,,,,,,,,,,,5,1,1,1.0,2
201400051568,0014-11-27 10:45:00,14,11,27,10,45,130,55,A557-Liaison A7*Marseill,,,Plein jour,Hors agglomération,Hors intersection,Temps couvert,Sans collision,,,,,,,,,,,1,1,1,8.0,7
201400051569,0014-12-02 09:15:00,14,12,2,9,15,130,71,A7-Sens Lyon vers*Marsei,,,Plein jour,Hors agglomération,Hors intersection,Pluie légère,Trois véhicules et plus - en chaîne,,,,,,,,,,,1,1,1,2.0,4
201400051570,0014-12-04 16:55:00,14,12,4,16,55,130,81,A7-Sens Lyon vers*Marsei,,,Crépuscule ou aube,Hors agglomération,Hors intersection,Normale,Deux véhicules - arrière,,,,,,,,,,,2,1,1,1.0,2
201400051571,0014-12-05 07:18:00,14,12,5,7,18,130,55,A55-Sens Martigues*vers,,,Plein jour,Hors agglomération,Hors intersection,Pluie légère,Sans collision,,,,,,,,,,,1,1,1,2.0,7
201400051572,0014-12-06 14:30:00,14,12,6,14,30,130,55,A55-Sens Martigues*vers,,,Plein jour,Hors agglomération,Hors intersection,Pluie légère,Trois véhicules et plus - en chaîne,,,,,,,,,,,1,1,1,2.0,4
201400051573,0014-12-06 19:10:00,14,12,6,19,10,130,5,A50 - Sens Aubagne*vers,,,Nuit sans éclairage public,Hors agglomération,Hors intersection,Pluie légère,Deux véhicules - arrière,,,,,,,,,,,3,1,1,2.0,2
201400051574,0014-12-06 20:00:00,14,12,6,20,0,130,55,A55-Sens Marseille*vers,,,Nuit sans éclairage public,Hors agglomération,Hors intersection,Pluie légère,Deux véhicules - côté,,,,,,,,,,,3,1,1,2.0,3
201400051575,0014-12-08 15:50:00,14,12,8,15,50,130,56,A55-Sens Martigues*vers,,,Plein jour,Hors agglomération,Hors intersection,Normale,Sans collision,,,,,,,,,,,1,1,1,1.0,7
201400051576,0014-12-08 16:45:00,14,12,8,16,45,130,71,F8-Sens Martigues vers*A,,,Plein jour,Hors agglomération,Hors intersection,Normale,Deux véhicules - arrière,,,,,,,,,,,1,1,1,1.0,2
201400051577,0014-12-11 14:35:00,14,12,11,14,35,130,117,A7-Sens Lyon vers*Marsei,,,Plein jour,Hors agglomération,Hors intersection,Normale,Autre collision,,,,,,,,,,,1,1,1,1.0,6
201400051578,0014-12-11 12:30:00,14,12,11,12,30,130,71,A7-Sens Marseille vers*L,,,Plein jour,Hors agglomération,Hors intersection,Normale,Trois véhicules et plus - en chaîne,,,,,,,,,,,1,1,1,1.0,4
201400051579,0014-12-12 05:15:00,14,12,12,5,15,130,71,A7-Sens Lyon vers*Marsei,,,Nuit sans éclairage public,Hors agglomération,Hors intersection,Normale,Deux véhicules - arrière,,,,,,,,,,,3,1,1,1.0,2
201400051580,0014-12-08 19:10:00,14,12,8,19,10,130,81,A7-Sens Marseille vers*L,,,Nuit sans éclairage public,Hors agglomération,Hors intersection,Normale,Deux véhicules - arrière,,,,,,,,,,,3,1,1,1.0,2
201400051581,0014-12-14 05:15:00,14,12,14,5,15,130,55,A50-Sens Aubagne vers*Ma,,,Nuit avec éclairage non allumé,Hors agglomération,Hors intersection,Normale,Trois véhicules et plus - collisions multiples,,,,,,,,,,,4,1,1,1.0,5