accident_id,datetime,annee,mois,jour,heure,minute,departement,commune_insee,adresse,latitude,longitude,luminosite,agglomeration,intersection,meteo,collision,nb_vehicules,nb_usagers,nb_indemnes,nb_tues,nb_blesses_hosp,nb_blesses_legers,age_cond_1,age_cond_2,veh_type_cond_1,veh_type_cond_2,lum_code,agg_code,int_code,atm_code,col_code
201400051708,0014-03-10 06:40:00,14,3,10,6,40,750,101,"1, RUE COQ HERON",,,Nuit avec éclairage allumé,En agglomération,Intersection en X,Normale,Autre collision,,,,,,,,,,,5,2,2,1.0,6
201400051709,0014-03-10 14:20:00,14,3,10,14,20,750,101,"194 bis, RUE DE RIVOLI",,,Plein jour,En agglomération,Intersection en T,Normale,Deux véhicules - arrière,,,,,,,,,,,1,2,3,1.0,2
201400051710,0014-03-13 16:45:00,14,3,13,16,45,750,101,"39, RUE DU LOUVRE",,,Plein jour,En agglomération,Intersection en X,Normale,Autre collision,,,,,,,,,,,1,2,2,1.0,6
201400051711,0014-03-13 21:25:00,14,3,13,21,25,750,101,"2, PLACE ANDRE MALRAUX",,,Nuit avec éclairage allumé,En agglomération,Place,Normale,Deux véhicules - côté,,,,,,,,,,,5,2,7,1.0,3
201400051712,0014-03-14 14:10:00,14,3,14,14,10,750,101,"01, RUE DE TURBIGO",,,Plein jour,En agglomération,Intersection en T,Normale,Autre collision,,,,,,,,,,,1,2,3,1.0,6
201400051713,0014-03-16 04:10:00,14,3,16,4,10,750,101,"99, RUE DE RIVOLI",,,Nuit avec éclairage allumé,En agglomération,Hors intersection,Normale,Deux véhicules - arrière,,,,,,,,,,,5,2,1,1.0,2
201400051714,0014-03-19 07:45:00,14,3,19,7,45,750,101,"9, RUE DES HALLES",,,Plein jour,En agglomération,Intersection en X,Normale,Autre collision,,,,,,,,,,,1,2,2,1.0,6
201400051715,0014-03-25 15:30:00,14,3,25,15,30,750,101,"41, RUE DE RIVOLI",,,Plein jour,En agglomération,Intersection en X,Pluie légère,Autre collision,,,,,,,,,,,1,2,2,2.0,6
201400051716,0014-03-29 03:55:00,14,3,29,3,55,750,101,"1, PLACE DES PYRAMIDES",,,Nuit avec éclairage allumé,En agglomération,Intersection en X,Normale,Deux véhicules - côté,,,,,,,,,,,5,2,2,1.0,3
201400051717,0014-03-31 18:50:00,14,3,31,18,50,750,101,"29, AVENUE DE L OPERA",,,Plein jour,En agglomération,Hors intersection,Normale,Autre collision,,,,,,,,,,,1,2,1,1.0,6
201400051718,0014-04-02 04:05:00,14,4,2,4,5,750,101,QUAI FRANCOIS MITTERRAND,,,Nuit avec éclairage allumé,En agglomération,Intersection en X,Normale,Deux véhicules - côté,,,,,,,,,,,5,2,2,1.0,3
201400051719,0014-04-02 10:30:00,14,4,2,10,30,750,101,"1, QUAI DES TUILERIES",,,Plein jour,En agglomération,Hors intersection,Normale,Sans collision,,,,,,,,,,,1,2,1,1.0,7
201400051720,0014-04-03 14:00:00,14,4,3,14,0,750,101,"27, BOULEVARD DE SEBASTO",,,Plein jour,En agglomération,Intersection en X,Normale,Trois véhicules et plus - en chaîne,,,,,,,,,,,1,2,2,1.0,4
201400051721,0014-04-04 23:22:00,14,4,4,23,22,750,101,"63, RUE DE RIVOLI",,,Nuit avec éclairage allumé,En agglomération,Intersection en T,Normale,Autre collision,,,,,,,,,,,5,2,3,1.0,6
201400051722,0014-04-06 08:20:00,14,4,6,8,20,750,101,RUE SAINT FLORENTIN,,,Plein jour,En agglomération,Intersection en X,Temps couvert,Deux véhicules - côté,,,,,,,,,,,1,2,2,8.0,3
201400051723,0014-04-08 07:45:00,14,4,8,7,45,750,101,"33, RUE DU PONT NEUF",,,Plein jour,En agglomération,Place,Normale,Deux véhicules - côté,,,,,,,,,,,1,2,7,1.0,3
201400051724,0014-04-11 11:45:00,14,4,11,11,45,750,101,"6, PLACE DU CARROUSEL",,,Plein jour,En agglomération,Place,Normale,Autre collision,,,,,,,,,,,1,2,7,1.0,6
201400051725,0014-04-13 03:48:00,14,4,13,3,48,750,101,"36, RUE ETIENNE MARCEL",,,Nuit avec éclairage allumé,En agglomération,Intersection à plus de 4 branches,Normale,Deux véhicules - côté,,,,,,,,,,,5,2,5,1.0,3
201400051726,0014-04-17 16:55:00,14,4,17,16,55,750,101,"41, RUE DE RIVOLI",,,Plein jour,En agglomération,Intersection en X,Normale,Deux véhicules - arrière,,,,,,,,,,,1,2,2,1.0,2
201400051727,0014-04-23 19:30:00,14,4,23,19,30,750,101,"02, RUE DE L AMIRAL DE C",,,Plein jour,En agglomération,Intersection en X,Normale,Deux véhicules - côté,,,,,,,,,,,1,2,2,1.0,3
201400051728,0014-04-30 09:30:00,14,4,30,9,30,750,101,RUE DES PROUVAIRES,,,Plein jour,En agglomération,Intersection en X,Normale,Autre collision,,,,,,,,,,,1,2,2,1.0,6
201400051729,0014-04-30 11:15:00,14,4,30,11,15,750,101,"12, QUAI DU LOUVRE",,,Plein jour,En agglomération,Intersection en T,Normale,Deux véhicules - côté,,,,,,,,,,,1,2,3,1.0,3
201400051730,0014-05-03 18:30:00,14,5,3,18,30,750,104,"1, RUE DE LA CITE",,,Plein jour,En agglomération,Intersection en T,Normale,Autre collision,,,,,,,,,,,1,2,3,1.0,6
201400051731,0014-05-03 21:15:00,14,5,3,21,15,750,101,"20, RUE DU LOUVRE",,,Nuit avec éclairage allumé,En agglomération,Hors intersection,Normale,Autre collision,,,,,,,,,,,5,2,1,1.0,6
201400051732,0014-05-03 02:15:00,14,5,3,2,15,750,101,"162, RUE DE RIVOLI",,,Nuit avec éclairage allumé,En agglomération,Hors intersection,Normale,Deux véhicules - arrière,,,,,,,,,,,5,2,1,1.0,2
201400051733,0014-05-04 15:15:00,14,5,4,15,15,750,101,QUAI DU LOUVRE,,,Plein jour,En agglomération,Intersection en X,Normale,Deux véhicules - arrière,,,,,,,,,,,1,2,2,1.0,2
201400051734,0014-05-05 16:10:00,14,5,5,16,10,750,109,"80, RUE DE CLICHY",,,Plein jour,En agglomération,Intersection en T,Normale,Sans collision,,,,,,,,,,,1,2,3,1.0,7
201400051735,0014-05-08 16:20:00,14,5,8,16,20,750,101,QUAI DES TUILERIES,,,Plein jour,En agglomération,Hors intersection,Pluie légère,Deux véhicules - arrière,,,,,,,,,,,1,2,1,2.0,2
201400051736,0014-05-13 11:30:00,14,5,13,11,30,750,101,"194bis, RUE DE RIVOLI",,,Plein jour,En agglomération,Intersection en T,Normale,Autre collision,,,,,,,,,,,1,2,3,1.0,6
201400051737,0014-05-15 18:15:00,14,5,15,18,15,750,101,QUAI DES TUILERIES,,,Plein jour,En agglomération,Hors intersection,Normale,Autre collision,,,,,,,,,,,1,2,1,1.0,6
201400051738,0014-05-17 17:40:00,14,5,17,17,40,750,101,"9, BOULEVARD DE SEBASTOP",,,Plein jour,En agglomération,Intersection à plus de 4 branches,Temps éblouissant,Autre collision,,,,,,,,,,,1,2,5,7.0,6
201400051739,0014-05-18 00:20:00,14,5,18,0,20,750,101,"45, RUE SAINT HONORE",,,Nuit avec éclairage allumé,En agglomération,Hors intersection,Normale,Autre collision,,,,,,,,,,,5,2,1,1.0,6
201400051740,0014-05-19 11:45:00,14,5,19,11,45,750,101,"218, RUE DE RIVOLI",,,Plein jour,En agglomération,Intersection en T,Normale,Deux véhicules - côté,,,,,,,,,,,1,2,3,1.0,3
201400051741,0014-05-19 13:35:00,14,5,19,13,35,750,101,AVENUE GENERAL LEMONNIER,,,Plein jour,En agglomération,Hors intersection,Normale,Autre collision,,,,,,,,,,,1,2,1,1.0,6
201400051742,0014-05-21 19:05:00,14,5,21,19,5,750,101,"2, PLACE VENDOME",,,Plein jour,En agglomération,Place,Pluie forte,Sans collision,,,,,,,,,,,1,2,7,3.0,7
201400051743,0014-05-23 11:15:00,14,5,23,11,15,750,104,"6, BOULEVARD DU PALAIS",,,Plein jour,En agglomération,Hors intersection,Pluie légère,Deux véhicules - côté,,,,,,,,,,,1,2,1,2.0,3
201400051744,0014-05-24 14:05:00,14,5,24,14,5,750,101,"189, RUE SAINT HONORE",,,Plein jour,En agglomération,Intersection en X,Pluie légère,Sans collision,,,,,,,,,,,1,2,2,2.0,7
201400051745,0014-05-25 12:45:00,14,5,25,12,45,750,101,"2, QUAI FRANCOIS MITTERR",,,Plein jour,En agglomération,Place,Normale,Autre collision,,,,,,,,,,,1,2,7,1.0,6
201400051746,0014-05-28 15:10:00,14,5,28,15,10,750,101,"48, RUE DU LOUVRE",,,Plein jour,En agglomération,Hors intersection,Normale,Deux véhicules - arrière,,,,,,,,,,,1,2,1,1.0,2
201400051747,0014-05-28 18:00:00,14,5,28,18,0,750,101,"2 bis, QUAI DE LA MEGISS",,,Plein jour,En agglomération,Hors intersection,Pluie légère,Sans collision,,,,,,,,,,,1,2,1,2.0,7
201400051748,0014-05-30 09:30:00,14,5,30,9,30,750,102,"19, RUE VIVIENNE",,,Plein jour,En agglomération,Hors intersection,Normale,Autre collision,,,,,,,,,,,1,2,1,1.0,6
201400051749,0014-06-04 11:00:00,14,6,4,11,0,750,101,"162, RUE DE RIVOLI",,,Plein jour,En agglomération,Intersection en T,Pluie légère,Deux véhicules - côté,,,,,,,,,,,1,2,3,2.0,3
201400051750,0014-06-07 06:00:00,14,6,7,6,0,750,101,"0, QUAI FRANCOIS MITTERR",,,Plein jour,En agglomération,Hors intersection,Normale,Autre collision,,,,,,,,,,,1,2,1,1.0,6
201400051751,0014-06-10 18:15:00,14,6,10,18,15,750,101,"114, RUE SAINT HONORE",,,Plein jour,En agglomération,Intersection en X,Pluie légère,Autre collision,,,,,,,,,,,1,2,2,2.0,6
201400051752,0014-06-12 13:30:00,14,6,12,13,30,750,101,"53, RUE DE RIVOLI",,,Plein jour,En agglomération,Intersection en X,Normale,Autre collision,,,,,,,,,,,1,2,2,1.0,6
201400051753,0014-06-13 09:39:00,14,6,13,9,39,750,108,"15, RUE BOISSY D ANGLAS",,,Plein jour,En agglomération,Hors intersection,Normale,Autre collision,,,,,,,,,,,1,2,1,1.0,6
201400051754,0014-06-14 20:50:00,14,6,14,20,50,750,101,"31, RUE DU PONT NEUF",,,Plein jour,En agglomération,Hors intersection,Normale,Autre collision,,,,,,,,,,,1,2,1,1.0,6
201400051755,0014-06-15 17:55:00,14,6,15,17,55,750,101,"1, QUAI DE L HORLOGE",,,Plein jour,En agglomération,Intersection en X,Normale,Deux véhicules - côté,,,,,,,,,,,1,2,2,1.0,3
201400051756,0014-06-20 00:20:00,14,6,20,0,20,750,101,"1, RUE SAINT DENIS",,,Nuit avec éclairage allumé,En agglomération,Hors intersection,Normale,Deux véhicules - frontale,,,,,,,,,,,5,2,1,1.0,1
201400051757,0014-06-21 00:30:00,14,6,21,0,30,750,101,"7, RUE COQ HERON",,,Nuit avec éclairage allumé,En agglomération,Intersection en X,Normale,Deux véhicules - arrière,,,,,,,,,,,5,2,2,1.0,2
201400051758,0014-06-21 02:00:00,14,6,21,2,0,750,101,"2, QUAI DES TUILERIES",,,Nuit avec éclairage allumé,En agglomération,Hors intersection,Normale,Sans collision,,,,,,,,,,,5,2,1,1.0,7
201400051759,0014-06-26 22:00:00,14,6,26,22,0,750,101,"27, RUE ETIENNE MARCEL",,,Nuit avec éclairage allumé,En agglomération,Intersection en X,Normale,Sans collision,,,,,,,,,,,5,2,2,1.0,7
201400051760,0014-06-27 00:40:00,14,6,27,0,40,750,101,QUAI DES TUILERIES,,,Nuit avec éclairage allumé,En agglomération,Intersection en Y,Normale,Autre collision,,,,,,,,,,,5,2,4,1.0,6
201400051761,0014-06-27 09:35:00,14,6,27,9,35,750,101,"32, VOIE GEORGES POMPIDO",,,Plein jour,En agglomération,Hors intersection,Temps éblouissant,Autre collision,,,,,,,,,,,1,2,1,7.0,6
201400051762,0014-06-29 15:30:00,14,6,29,15,30,750,101,"2 ter, QUAI DE LA MEGISS",,,Plein jour,En agglomération,Intersection en T,Pluie légère,Trois véhicules et plus - en chaîne,,,,,,,,,,,1,2,3,2.0,4
201400051763,0014-06-30 18:20:00,14,6,30,18,20,750,101,"1, PLACE DU LOUVRE",,,Plein jour,En agglomération,Place,Normale,Deux véhicules - frontale,,,,,,,,,,,1,2,7,1.0,1
201400051764,0014-07-01 09:05:00,14,7,1,9,5,750,101,"44, RUE DU LOUVRE",,,Plein jour,En agglomération,Hors intersection,Pluie légère,Autre collision,,,,,,,,,,,1,2,1,2.0,6
201400051765,0014-07-02 11:45:00,14,7,2,11,45,750,101,"162, RUE DE RIVOLI",,,Plein jour,En agglomération,Intersection en T,Normale,Autre collision,,,,,,,,,,,1,2,3,1.0,6
201400051766,0014-07-05 20:45:00,14,7,5,20,45,750,101,"30, RUE DU MONT THABOR",,,Plein jour,En agglomération,Intersection en T,Normale,Deux véhicules - côté,,,,,,,,,,,1,2,3,1.0,3
201400051767,0014-07-08 21:25:00,14,7,8,21,25,750,101,"21, BOULEVARD DE SEBASTO",,,Nuit avec éclairage allumé,En agglomération,Intersection en X,Pluie légère,Deux véhicules - arrière,,,,,,,,,,,5,2,2,2.0,2
201400051768,0014-07-12 06:11:00,14,7,12,6,11,750,101,"232, RUE DE RIVOLI",,,Crépuscule ou aube,En agglomération,Intersection en T,Normale,Autre collision,,,,,,,,,,,2,2,3,1.0,6
201400051769,0014-07-18 20:15:00,14,7,18,20,15,750,101,"1, RUE VIVIENNE",,,Plein jour,En agglomération,Intersection en X,Normale,Deux véhicules - côté,,,,,,,,,,,1,2,2,1.0,3
201400051770,0014-07-19 16:50:00,14,7,19,16,50,750,101,QUAI DES TUILERIES,,,Plein jour,En agglomération,Intersection en T,Normale,Deux véhicules - arrière,,,,,,,,,,,1,2,3,1.0,2
201400051771,0014-07-20 08:45:00,14,7,20,8,45,750,101,QUAI FRANCOIS MITTERRAND,,,Plein jour,En agglomération,Place,Normale,Deux véhicules - côté,,,,,,,,,,,1,2,7,1.0,3
201400051772,0014-07-22 11:38:00,14,7,22,11,38,750,101,"33, RUE DE L ARBRE SEC",,,Plein jour,En agglomération,Intersection à plus de 4 branches,Normale,Autre collision,,,,,,,,,,,1,2,5,1.0,6
201400051773,0014-07-23 09:20:00,14,7,23,9,20,750,101,"144, RUE DE RIVOLI",,,Plein jour,En agglomération,Intersection à plus de 4 branches,Normale,Deux véhicules - côté,,,,,,,,,,,1,2,5,1.0,3
201400051774,0014-07-24 13:00:00,14,7,24,13,0,750,101,"22, QUAI DE LA MEGISSERI",,,Plein jour,En agglomération,Intersection à plus de 4 branches,Normale,Deux véhicules - côté,,,,,,,,,,,1,2,5,1.0,3
201400051775,0014-07-24 17:00:00,14,7,24,17,0,750,101,"41, RUE DE RIVOLI",,,Plein jour,En agglomération,Intersection à plus de 4 branches,Normale,Autre collision,,,,,,,,,,,1,2,5,1.0,6
201400051776,0014-07-31 11:35:00,14,7,31,11,35,750,101,"44, RUE DU LOUVRE",,,Plein jour,En agglomération,Hors intersection,Normale,Deux véhicules - arrière,,,,,,,,,,,1,2,1,1.0,2
201400051777,0014-07-31 17:45:00,14,7,31,17,45,750,101,"25, BOULEVARD DE SEBASTO",,,Plein jour,En agglomération,Intersection en X,Normale,Deux véhicules - côté,,,,,,,,,,,1,2,2,1.0,3
201400051778,0014-07-31 20:00:00,14,7,31,20,0,750,101,"106, RUE DE RIVOLI",,,Plein jour,En agglomération,Intersection en T,Normale,Deux véhicules - côté,,,,,,,,,,,1,2,3,1.0,3
201400051779,0014-08-01 18:20:00,14,8,1,18,20,750,101,"208, RUE DE RIVOLI",,,Plein jour,En agglomération,Intersection en T,Normale,Deux véhicules - côté,,,,,,,,,,,1,2,3,1.0,3
201400051780,0014-08-08 11:00:00,14,8,8,11,0,750,101,"22, RUE DU PONT NEUF",,,Plein jour,En agglomération,Intersection en X,Pluie légère,Deux véhicules - côté,,,,,,,,,,,1,2,2,2.0,3
201400051781,0014-08-09 12:05:00,14,8,9,12,5,750,101,"113, RUE DE RIVOLI",,,Plein jour,En agglomération,Place,Normale,Deux véhicules - côté,,,,,,,,,,,1,2,7,1.0,3
201400051782,0014-08-13 12:20:00,14,8,13,12,20,750,101,"208, RUE DE RIVOLI",,,Plein jour,En agglomération,Intersection en T,Normale,Deux véhicules - arrière,,,,,,,,,,,1,2,3,1.0,2
201400051783,0014-08-13 18:15:00,14,8,13,18,15,750,102,"105, BOULEVARD DE SEBAST",,,Plein jour,En agglomération,Hors intersection,Normale,Autre collision,,,,,,,,,,,1,2,1,1.0,6
201400051784,0014-08-18 18:05:00,14,8,18,18,5,750,101,"194, RUE DE RIVOLI",,,Plein jour,En agglomération,Intersection en T,Normale,Deux véhicules - arrière,,,,,,,,,,,1,2,3,1.0,2
201400051785,0014-08-20 22:00:00,14,8,20,22,0,750,101,"85, RUE DE RIVOLI",,,Nuit avec éclairage allumé,En agglomération,Hors intersection,Normale,Autre collision,,,,,,,,,,,5,2,1,1.0,6
201400051786,0014-08-23 21:55:00,14,8,23,21,55,750,101,"121, RUE SAINT DENIS",,,Nuit avec éclairage allumé,En agglomération,Hors intersection,Normale,Autre collision,,,,,,,,,,,5,2,1,1.0,6
201400051787,0014-08-24 21:00:00,14,8,24,21,0,750,101,"1, QUAI DES TUILERIES",,,Nuit avec éclairage allumé,En agglomération,Intersection en Y,Normale,Autre collision,,,,,,,,,,,5,2,4,1.0,6
201400051788,0014-08-28 12:10:00,14,8,28,12,10,750,101,"10, RUE SAINT DENIS",,,Plein jour,En agglomération,Intersection en X,Normale,Autre collision,,,,,,,,,,,1,2,2,1.0,6
201400051789,0014-08-28 14:40:00,14,8,28,14,40,750,101,"2, PLACE DU CARROUSEL",,,Plein jour,En agglomération,Intersection en X,Normale,Autre collision,,,,,,,,,,,1,2,2,1.0,6
201400051790,0014-08-28 16:50:00,14,8,28,16,50,750,101,"28, RUE MOLIERE",,,Plein jour,En agglomération,Intersection en X,Normale,Deux véhicules - côté,,,,,,,,,,,1,2,2,1.0,3
201400051791,0014-08-29 17:25:00,14,8,29,17,25,750,101,"118, RUE DE RIVOLI",,,Plein jour,En agglomération,Intersection en T,Normale,Trois véhicules et plus - en chaîne,,,,,,,,,,,1,2,3,1.0,4
201400051792,0014-08-29 23:30:00,14,8,29,23,30,750,101,"1, QUAI DES TUILERIES",,,Nuit avec éclairage allumé,En agglomération,Hors intersection,Normale,Autre collision,,,,,,,,,,,5,2,1,1.0,6
201400051793,0014-08-30 16:00:00,14,8,30,16,0,750,101,"269, RUE SAINT HONORE",,,Plein jour,En agglomération,Intersection en X,Normale,Deux véhicules - côté,,,,,,,,,,,1,2,2,1.0,3
201400051794,0014-09-05 19:00:00,14,9,5,19,0,750,101,"0, RUE DE L AMIRAL DE CO",,,Plein jour,En agglomération,Intersection en X,Normale,Autre collision,,,,,,,,,,,1,2,2,1.0,6
201400051795,0014-09-10 09:40:00,14,9,10,9,40,750,101,"99, RUE DE RIVOLI",,,Plein jour,En agglomération,Intersection en X,Normale,Trois véhicules et plus - en chaîne,,,,,,,,,,,1,2,2,1.0,4
201400051796,0014-09-12 20:20:00,14,9,12,20,20,750,101,SOUTERRAIN TUILERIES,,,Nuit avec éclairage allumé,En agglomération,Hors intersection,Normale,Deux véhicules - côté,,,,,,,,,,,5,2,1,1.0,3
201400051797,0014-09-13 02:55:00,14,9,13,2,55,750,101,"1, PONT AU CHANGE",,,Nuit avec éclairage allumé,En agglomération,Intersection en X,Normale,Deux véhicules - côté,,,,,,,,,,,5,2,2,1.0,3
201400051798,0014-09-14 21:30:00,14,9,14,21,30,750,101,"15, RUE DU LOUVRE",,,Nuit avec éclairage allumé,En agglomération,Intersection en T,Normale,Autre collision,,,,,,,,,,,5,2,3,1.0,6
201400051799,0014-09-17 16:00:00,14,9,17,16,0,750,101,"14, QUAI DE LA MEGISSERI",,,Plein jour,En agglomération,Intersection en T,Normale,Autre collision,,,,,,,,,,,1,2,3,1.0,6
201400051800,0014-09-18 15:30:00,14,9,18,15,30,750,101,"02, QUAI DU LOUVRE",,,Plein jour,En agglomération,Intersection en X,Temps couvert,Trois véhicules et plus - en chaîne,,,,,,,,,,,1,2,2,8.0,4
201400051801,0014-09-23 16:10:00,14,9,23,16,10,750,101,"3, RUE DU LOUVRE",,,Plein jour,En agglomération,Intersection en X,Normale,Deux véhicules - côté,,,,,,,,,,,1,2,2,1.0,3
201400051802,0014-09-24 05:45:00,14,9,24,5,45,750,101,"45, RUE DE RIVOLI",,,Nuit avec éclairage allumé,En agglomération,Hors intersection,Normale,Sans collision,,,,,,,,,,,5,2,1,1.0,7
201400051803,0014-09-25 09:15:00,14,9,25,9,15,750,101,"15, RUE CROIX DES PETITS",,,Plein jour,En agglomération,Intersection à plus de 4 branches,Normale,Deux véhicules - frontale,,,,,,,,,,,1,2,5,1.0,1
201400051804,0014-09-29 19:25:00,14,9,29,19,25,750,101,"245, RUE SAINT HONORE",,,Nuit avec éclairage allumé,En agglomération,Hors intersection,Normale,Deux véhicules - arrière,,,,,,,,,,,5,2,1,1.0,2
201400051805,0014-10-03 00:10:00,14,10,3,0,10,750,101,"136, RUE DE RIVOLI",,,Nuit avec éclairage allumé,En agglomération,Intersection en X,Normale,Autre collision,,,,,,,,,,,5,2,2,1.0,6
201400051806,0014-10-08 09:30:00,14,10,8,9,30,750,101,"29, AVENUE DE L OPERA",,,Plein jour,En agglomération,Intersection en Y,Pluie forte,Autre collision,,,,,,,,,,,1,2,4,3.0,6
201400051807,0014-10-09 12:15:00,14,10,9,12,15,750,101,"194, RUE SAINT HONORE",,,Plein jour,En agglomération,Intersection en T,Normale,Sans collision,,,,,,,,,,,1,2,3,1.0,7
201400051808,0014-10-10 20:30:00,14,10,10,20,30,750,101,"1, PLACE COLETTE",,,Nuit avec éclairage allumé,En agglomération,Place,Normale,Deux véhicules - arrière,,,,,,,,,,,5,2,7,1.0,2
201400051809,0014-10-13 13:35:00,14,10,13,13,35,750,101,"156, RUE DE RIVOLI",,,Plein jour,En agglomération,Intersection en X,Normale,Autre collision,,,,,,,,,,,1,2,2,1.0,6
201400051810,0014-10-16 19:30:00,14,10,16,19,30,750,101,"15, QUAI DES TUILERIES",,,Nuit avec éclairage allumé,En agglomération,Intersection en Y,Pluie légère,Deux véhicules - arrière,,,,,,,,,,,5,2,4,2.0,2
201400051811,0014-10-19 03:00:00,14,10,19,3,0,750,101,"14, QUAI DU LOUVRE",,,Nuit avec éclairage allumé,En agglomération,Hors intersection,Normale,Deux véhicules - côté,,,,,,,,,,,5,2,1,1.0,3
201400051812,0014-10-23 20:00:00,14,10,23,20,0,750,101,VOIE GEORGES POMPIDOU,,,Nuit avec éclairage allumé,En agglomération,Hors intersection,Pluie légère,Autre collision,,,,,,,,,,,5,2,1,2.0,6
201400051813,0014-10-24 10:30:00,14,10,24,10,30,750,101,"47, RUE DE RIVOLI",,,Plein jour,En agglomération,Hors intersection,Normale,Deux véhicules - côté,,,,,,,,,,,1,2,1,1.0,3
201400051814,0014-10-25 06:40:00,14,10,25,6,40,750,101,"35, RUE ETIENNE MARCEL",,,Nuit sans éclairage public,En agglomération,Intersection en X,Normale,Deux véhicules - frontale,,,,,,,,,,,3,2,2,1.0,1
201400051815,0014-10-25 13:10:00,14,10,25,13,10,750,101,"2, RUE DES HALLES",,,Plein jour,En agglomération,Intersection en X,Pluie légère,Autre collision,,,,,,,,,,,1,2,2,2.0,6
201400051816,0014-10-27 08:10:00,14,10,27,8,10,750,101,"35, RUE ETIENNE MARCEL",,,Plein jour,En agglomération,Intersection en T,Normale,Deux véhicules - côté,,,,,,,,,,,1,2,3,1.0,3
201400051817,0014-10-29 07:00:00,14,10,29,7,0,750,101,"2, PLACE DES PYRAMIDES",,,Nuit sans éclairage public,En agglomération,Place,Normale,Autre collision,,,,,,,,,,,3,2,7,1.0,6
201400051818,0014-11-01 23:30:00,14,11,1,23,30,750,101,"07, BOULEVARD DE SEBASTO",,,Nuit avec éclairage allumé,En agglomération,Intersection à plus de 4 branches,Normale,Deux véhicules - côté,,,,,,,,,,,5,2,5,1.0,3
201400051819,0014-11-02 23:00:00,14,11,2,23,0,750,101,"162, RUE DE RIVOLI",,,Nuit avec éclairage allumé,En agglomération,Intersection en T,Pluie forte,Autre collision,,,,,,,,,,,5,2,3,3.0,6
201400051820,0014-11-04 18:40:00,14,11,4,18,40,750,101,"11, BOULEVARD DE SEBASTO",,,Nuit avec éclairage allumé,En agglomération,Hors intersection,Normale,Autre collision,,,,,,,,,,,5,2,1,1.0,6
201400051821,0014-11-06 01:00:00,14,11,6,1,0,750,101,"1, QUAI DES TUILERIES",,,Nuit avec éclairage allumé,En agglomération,Intersection en Y,Normale,Autre collision,,,,,,,,,,,5,2,4,1.0,6
201400051822,0014-11-06 09:50:00,14,11,6,9,50,750,101,"150, RUE DE RIVOLI",,,Plein jour,En agglomération,Intersection en T,Normale,Autre collision,,,,,,,,,,,1,2,3,1.0,6
201400051823,0014-11-06 14:00:00,14,11,6,14,0,750,101,"21, BOULEVARD DE LA MADE",,,Plein jour,En agglomération,Hors intersection,Normale,Deux véhicules - arrière,,,,,,,,,,,1,2,1,1.0,2
201400051824,0014-11-11 06:40:00,14,11,11,6,40,750,101,"11, BOULEVARD DE LA MADE",,,Nuit avec éclairage allumé,En agglomération,Hors intersection,Normale,Autre collision,,,,,,,,,,,5,2,1,1.0,6
201400051825,0014-11-11 16:20:00,14,11,11,16,20,750,101,"1, QUAI FRANCOIS MITTERR",,,Plein jour,En agglomération,Intersection en X,Normale,Autre collision,,,,,,,,,,,1,2,2,1.0,6
201400051826,0014-11-12 08:15:00,14,11,12,8,15,750,101,QUAI FRANCOIS MITTERRAND,,,Plein jour,En agglomération,Hors intersection,Normale,Sans collision,,,,,,,,,,,1,2,1,1.0,7
201400051827,0014-11-13 09:00:00,14,11,13,9,0,750,101,"10, RUE DU LOUVRE",,,Plein jour,En agglomération,Intersection en X,Normale,Deux véhicules - frontale,,,,,,,,,,,1,2,2,1.0,1
201400051828,0014-11-13 17:30:00,14,11,13,17,30,750,101,QUAI DES TUILERIES,,,Nuit avec éclairage allumé,En agglomération,Intersection en Y,Normale,Sans collision,,,,,,,,,,,5,2,4,1.0,7
201400051829,0014-11-14 16:10:00,14,11,14,16,10,750,101,"41, BOULEVARD DE SEBASTO",,,Plein jour,En agglomération,Intersection en T,Normale,Sans collision,,,,,,,,,,,1,2,3,1.0,7
201400051830,0014-11-15 02:40:00,14,11,15,2,40,750,101,"10, AVENUE DE L OPERA",,,Nuit avec éclairage allumé,En agglomération,Intersection en X,Pluie forte,Deux véhicules - frontale,,,,,,,,,,,5,2,2,3.0,1
201400051831,0014-11-18 14:30:00,14,11,18,14,30,750,101,"31, BOULEVARD DE SEBASTO",,,Plein jour,En agglomération,Intersection en X,Normale,Autre collision,,,,,,,,,,,1,2,2,1.0,6
201400051832,0014-11-20 16:45:00,14,11,20,16,45,750,101,"5, RUE DU LOUVRE",,,Crépuscule ou aube,En agglomération,Hors intersection,Pluie légère,Autre collision,,,,,,,,,,,2,2,1,2.0,6
201400051833,0014-11-24 05:45:00,14,11,24,5,45,750,101,"13, RUE DES PYRAMIDES",,,Nuit avec éclairage allumé,En agglomération,Hors intersection,Normale,Autre collision,,,,,,,,,,,5,2,1,1.0,6
201400051834,0014-11-25 16:45:00,14,11,25,16,45,750,101,BOULEVARD DE SEBASTOPOL,,,Plein jour,En agglomération,Hors intersection,Normale,Autre collision,,,,,,,,,,,1,2,1,1.0,6
201400051835,0014-11-27 19:00:00,14,11,27,19,0,750,101,"19, BOULEVARD DE SEBASTO",,,Nuit avec éclairage allumé,En agglomération,Intersection en T,Normale,Autre collision,,,,,,,,,,,5,2,3,1.0,6
201400051836,0014-11-28 09:45:00,14,11,28,9,45,750,101,"8, RUE SAINT FLORENTIN",,,Plein jour,En agglomération,Hors intersection,Normale,Autre collision,,,,,,,,,,,1,2,1,1.0,6