accident_id,datetime,annee,mois,jour,heure,minute,departement,commune_insee,adresse,latitude,longitude,luminosite,agglomeration,intersection,meteo,collision,nb_vehicules,nb_usagers,nb_indemnes,nb_tues,nb_blesses_hosp,nb_blesses_legers,age_cond_1,age_cond_2,veh_type_cond_1,veh_type_cond_2,lum_code,agg_code,int_code,atm_code,col_code
201400052095,0014-02-09 14:20:00,14,2,9,14,20,750,104,"23, BOULEVARD BEAUMARCHA",,,Plein jour,En agglomération,Hors intersection,Normale,Sans collision,,,,,,,,,,,1,2,1,1.0,7
201400052096,0014-02-07 20:48:00,14,2,7,20,48,750,104,"26, RUE DU RENARD",,,Nuit avec éclairage allumé,En agglomération,Hors intersection,Normale,Deux véhicules - arrière,,,,,,,,,,,5,2,1,1.0,2
201400052097,0014-02-10 12:45:00,14,2,10,12,45,750,104,VOIE GEORGES POMPIDOU,,,Plein jour,En agglomération,Hors intersection,Normale,Deux véhicules - arrière,,,,,,,,,,,1,2,1,1.0,2
201400052098,0014-02-13 08:50:00,14,2,13,8,50,750,104,"16, RUE SAINT MERRI",,,Plein jour,En agglomération,Intersection en X,Pluie légère,Autre collision,,,,,,,,,,,1,2,2,2.0,6
201400052099,0014-02-17 10:50:00,14,2,17,10,50,750,104,"1, BOULEVARD BOURDON",,,Plein jour,En agglomération,Intersection en X,Temps couvert,Deux véhicules - côté,,,,,,,,,,,1,2,2,8.0,3
201400052100,0014-02-18 10:50:00,14,2,18,10,50,750,104,"43, BOULEVARD HENRI IV",,,Plein jour,En agglomération,Intersection en X,Normale,Autre collision,,,,,,,,,,,1,2,2,1.0,6
201400052101,0014-03-04 08:35:00,14,3,4,8,35,750,104,"11, AVENUE VICTORIA",,,Plein jour,En agglomération,Intersection en X,Normale,Autre collision,,,,,,,,,,,1,2,2,1.0,6
201400052102,0014-03-05 12:00:00,14,3,5,12,0,750,104,"2, RUE DE LA COUTELLERIE",,,Plein jour,En agglomération,Hors intersection,Normale,Autre collision,,,,,,,,,,,1,2,1,1.0,6
201400052103,0014-03-05 16:55:00,14,3,5,16,55,750,104,QUAI DE L HOTEL DE VILLE,,,Plein jour,En agglomération,Intersection en T,Normale,Autre collision,,,,,,,,,,,1,2,3,1.0,6
201400052104,0014-03-06 10:05:00,14,3,6,10,5,750,104,QUAI DE L HOTEL DE VILLE,,,Plein jour,En agglomération,Hors intersection,Normale,Deux véhicules - arrière,,,,,,,,,,,1,2,1,1.0,2
201400052105,0014-03-10 02:35:00,14,3,10,2,35,750,104,BOULEVARD BOURDON,,,Nuit avec éclairage allumé,En agglomération,Intersection en T,Normale,Autre collision,,,,,,,,,,,5,2,3,1.0,6
201400052106,0014-03-12 09:15:00,14,3,12,9,15,750,104,"8, QUAI DU MARCHE NEUF",,,Plein jour,En agglomération,Intersection en X,Normale,Deux véhicules - côté,,,,,,,,,,,1,2,2,1.0,3
201400052107,0014-03-18 17:07:00,14,3,18,17,7,750,104,"23, BOULEVARD BEAUMARCHA",,,Plein jour,En agglomération,Hors intersection,Normale,Autre collision,,,,,,,,,,,1,2,1,1.0,6
201400052108,0014-03-21 11:50:00,14,3,21,11,50,750,104,PONT SAINT MICHEL,,,Plein jour,En agglomération,Intersection en X,Normale,Deux véhicules - arrière,,,,,,,,,,,1,2,2,1.0,2
201400052109,0014-03-24 09:25:00,14,3,24,9,25,750,112,PONT MORLAND,,,Plein jour,En agglomération,Hors intersection,Normale,Deux véhicules - côté,,,,,,,,,,,1,2,1,1.0,3
201400052110,0014-03-26 15:17:00,14,3,26,15,17,750,104,"1, PONT MORLAND",,,Plein jour,En agglomération,Hors intersection,Normale,Deux véhicules - côté,,,,,,,,,,,1,2,1,1.0,3
201400052111,0014-03-27 02:00:00,14,3,27,2,0,750,104,"1, BOULEVARD BOURDON",,,Nuit avec éclairage non allumé,En agglomération,Intersection en X,Normale,Sans collision,,,,,,,,,,,4,2,2,1.0,7
201400052112,0014-03-31 15:30:00,14,3,31,15,30,750,104,PONT NOTRE DAME,,,Plein jour,En agglomération,Hors intersection,Normale,Deux véhicules - arrière,,,,,,,,,,,1,2,1,1.0,2
201400052113,0014-03-31 18:30:00,14,3,31,18,30,750,104,"1, QUAI DES CELESTINS",,,Plein jour,En agglomération,Intersection en X,Normale,Deux véhicules - côté,,,,,,,,,,,1,2,2,1.0,3
201400052114,0014-04-02 10:20:00,14,4,2,10,20,750,104,"52, RUE DE RIVOLI",,,Plein jour,En agglomération,Intersection en X,Normale,Deux véhicules - côté,,,,,,,,,,,1,2,2,1.0,3
201400052115,0014-04-02 16:45:00,14,4,2,16,45,750,103,"42, RUE BEAUBOURG",,,Plein jour,En agglomération,Hors intersection,Normale,Deux véhicules - côté,,,,,,,,,,,1,2,1,1.0,3
201400052116,0014-04-04 12:15:00,14,4,4,12,15,750,104,"39, BOULEVARD BOURDON",,,Plein jour,En agglomération,Hors intersection,Normale,Autre collision,,,,,,,,,,,1,2,1,1.0,6
201400052117,0014-04-06 02:00:00,14,4,6,2,0,750,104,"3, RUE DE LA VERRERIE",,,Nuit avec éclairage allumé,En agglomération,Intersection en X,Normale,Autre collision,,,,,,,,,,,5,2,2,1.0,6
201400052118,0014-04-11 17:45:00,14,4,11,17,45,750,104,"02, RUE JACQUES COEUR",,,Plein jour,En agglomération,Intersection en X,Normale,Deux véhicules - côté,,,,,,,,,,,1,2,2,1.0,3
201400052119,0014-04-12 21:10:00,14,4,12,21,10,750,104,"44, RUE DE RIVOLI",,,Nuit avec éclairage allumé,En agglomération,Place,Normale,Deux véhicules - arrière,,,,,,,,,,,5,2,7,1.0,2
201400052120,0014-04-16 21:35:00,14,4,16,21,35,750,104,"34, BOULEVARD HENRI IV",,,Nuit avec éclairage allumé,En agglomération,Intersection en X,Normale,Deux véhicules - arrière,,,,,,,,,,,5,2,2,1.0,2
201400052121,0014-04-20 15:40:00,14,4,20,15,40,750,104,RUE SAINTE CROIX DE LA B,,,Plein jour,En agglomération,Intersection en X,Vent fort / tempête,Autre collision,,,,,,,,,,,1,2,2,6.0,6
201400052122,0014-04-20 18:10:00,14,4,20,18,10,750,104,QUAI DE GESVRES,,,Plein jour,En agglomération,Intersection en X,Normale,Deux véhicules - côté,,,,,,,,,,,1,2,2,1.0,3
201400052123,0014-04-22 19:40:00,14,4,22,19,40,750,104,"2, RUE DE LA COUTELLERIE",,,Crépuscule ou aube,En agglomération,Intersection à plus de 4 branches,Pluie légère,Sans collision,,,,,,,,,,,2,2,5,2.0,7
201400052124,0014-04-25 03:25:00,14,4,25,3,25,750,101,"41, RUE DE RIVOLI",,,Nuit avec éclairage allumé,En agglomération,Hors intersection,Pluie légère,Autre collision,,,,,,,,,,,5,2,1,2.0,6
201400052125,0014-04-28 22:50:00,14,4,28,22,50,750,104,"01, RUE DES TOURNELLES",,,Nuit avec éclairage allumé,En agglomération,Intersection en X,Normale,Autre collision,,,,,,,,,,,5,2,2,1.0,6
201400052126,0014-05-07 20:30:00,14,5,7,20,30,750,109,"10, RUE CHORON",,,Nuit avec éclairage allumé,En agglomération,Hors intersection,Normale,Deux véhicules - côté,,,,,,,,,,,5,2,1,1.0,3
201400052127,0014-05-09 23:00:00,14,5,9,23,0,750,104,QUAI DU MARCHE NEUF,,,Nuit avec éclairage allumé,En agglomération,Intersection en X,Normale,Autre collision,,,,,,,,,,,5,2,2,1.0,6
201400052128,0014-05-10 16:10:00,14,5,10,16,10,750,104,"15, BOULEVARD DU PALAIS",,,Plein jour,En agglomération,Intersection en X,Pluie légère,Autre collision,,,,,,,,,,,1,2,2,2.0,6
201400052129,0014-05-14 08:18:00,14,5,14,8,18,750,104,QUAI DE LA CORSE,,,Plein jour,En agglomération,Intersection en X,Normale,Deux véhicules - arrière,,,,,,,,,,,1,2,2,1.0,2
201400052130,0014-05-16 09:30:00,14,5,16,9,30,750,104,"62, RUE SAINT ANTOINE",,,Plein jour,En agglomération,Intersection en T,Normale,Deux véhicules - arrière,,,,,,,,,,,1,2,3,1.0,2
201400052131,0014-05-16 08:55:00,14,5,16,8,55,750,104,QUAI DE GESVRES,,,Plein jour,En agglomération,Intersection en X,Normale,Deux véhicules - côté,,,,,,,,,,,1,2,2,1.0,3
201400052132,0014-05-21 23:00:00,14,5,21,23,0,750,104,"24, BOULEVARD DE SEBASTO",,,Nuit avec éclairage allumé,En agglomération,Intersection en X,Pluie légère,Deux véhicules - arrière,,,,,,,,,,,5,2,2,2.0,2
201400052133,0014-05-22 10:45:00,14,5,22,10,45,750,104,"44, RUE DE RIVOLI",,,Plein jour,En agglomération,Place,Pluie légère,Autre collision,,,,,,,,,,,1,2,7,2.0,6
201400052134,0014-05-27 12:15:00,14,5,27,12,15,750,104,"44, RUE DE RIVOLI",,,Plein jour,En agglomération,Hors intersection,Normale,Autre collision,,,,,,,,,,,1,2,1,1.0,6
201400052135,0014-05-30 15:55:00,14,5,30,15,55,750,104,"13, RUE SAINT ANTOINE",,,Plein jour,En agglomération,Intersection en X,Normale,Autre collision,,,,,,,,,,,1,2,2,1.0,6
201400052136,0014-05-30 19:30:00,14,5,30,19,30,750,104,RUE SAINT ANTOINE,,,Plein jour,En agglomération,Intersection en X,Normale,Autre collision,,,,,,,,,,,1,2,2,1.0,6
201400052137,0014-06-11 16:30:00,14,6,11,16,30,750,104,"35, RUE SAINT ANTOINE",,,Plein jour,En agglomération,Intersection en X,Normale,Deux véhicules - côté,,,,,,,,,,,1,2,2,1.0,3
201400052138,0014-06-13 10:45:00,14,6,13,10,45,750,104,"48, QUAI DE L HOTEL DE V",,,Plein jour,En agglomération,Intersection en T,Normale,Deux véhicules - côté,,,,,,,,,,,1,2,3,1.0,3
201400052139,0014-06-13 18:30:00,14,6,13,18,30,750,104,"3, RUE DE LOBAU",,,Plein jour,En agglomération,Place,Normale,Deux véhicules - côté,,,,,,,,,,,1,2,7,1.0,3
201400052140,0014-06-15 11:20:00,14,6,15,11,20,750,104,"1, BOULEVARD MORLAND",,,Plein jour,En agglomération,Intersection en X,Normale,Sans collision,,,,,,,,,,,1,2,2,1.0,7
201400052141,0014-06-20 16:30:00,14,6,20,16,30,750,104,"01, RUE DES NONNAINS D H",,,Plein jour,En agglomération,Intersection en X,Normale,Autre collision,,,,,,,,,,,1,2,2,1.0,6
201400052142,0014-06-21 17:20:00,14,6,21,17,20,750,104,"32, RUE DE RIVOLI",,,Plein jour,En agglomération,Intersection en X,Normale,Deux véhicules - côté,,,,,,,,,,,1,2,2,1.0,3
201400052143,0014-06-24 19:20:00,14,6,24,19,20,750,104,"74, RUE FRANCOIS MIRON",,,Plein jour,En agglomération,Hors intersection,Normale,Trois véhicules et plus - collisions multiples,,,,,,,,,,,1,2,1,1.0,5
201400052144,0014-06-24 19:20:00,14,6,24,19,20,750,104,"23, BOULEVARD HENRI IV",,,Plein jour,En agglomération,Hors intersection,Normale,Trois véhicules et plus - en chaîne,,,,,,,,,,,1,2,1,1.0,4
201400052145,0014-06-26 19:40:00,14,6,26,19,40,750,104,"32, RUE DE RIVOLI",,,Plein jour,En agglomération,Hors intersection,Normale,Autre collision,,,,,,,,,,,1,2,1,1.0,6
201400052146,0014-06-27 21:43:00,14,6,27,21,43,750,104,"101, RUE SAINT ANTOINE",,,Nuit avec éclairage allumé,En agglomération,Intersection en Y,Normale,Deux véhicules - arrière,,,,,,,,,,,5,2,4,1.0,2
201400052147,0014-06-28 01:45:00,14,6,28,1,45,750,104,"7, BOULEVARD DE SEBASTOP",,,Nuit avec éclairage allumé,En agglomération,Intersection en X,Normale,Autre collision,,,,,,,,,,,5,2,2,1.0,6
201400052148,0014-06-28 10:50:00,14,6,28,10,50,750,104,"80, RUE SAINT ANTOINE",,,Plein jour,En agglomération,Intersection en X,Pluie légère,Autre collision,,,,,,,,,,,1,2,2,2.0,6
201400052149,0014-06-27 20:15:00,14,6,27,20,15,750,104,"11, AVENUE VICTORIA",,,Crépuscule ou aube,En agglomération,Intersection en T,Normale,Autre collision,,,,,,,,,,,2,2,3,1.0,6
201400052150,0014-07-01 14:30:00,14,7,1,14,30,750,104,"92, QUAI DE L HOTEL DE V",,,Plein jour,En agglomération,Intersection à plus de 4 branches,Normale,Trois véhicules et plus - en chaîne,,,,,,,,,,,1,2,5,1.0,4
201400052151,0014-07-03 09:49:00,14,7,3,9,49,750,104,"21, BOULEVARD BOURDON",,,Plein jour,En agglomération,Hors intersection,Normale,Deux véhicules - arrière,,,,,,,,,,,1,2,1,1.0,2
201400052152,0014-07-05 12:30:00,14,7,5,12,30,750,104,"18, RUE DE L HOTEL DE VI",,,Plein jour,En agglomération,Hors intersection,Normale,Autre collision,,,,,,,,,,,1,2,1,1.0,6
201400052153,0014-07-05 17:10:00,14,7,5,17,10,750,104,QUAI DE L HOTEL DE VILLE,,,Plein jour,En agglomération,Intersection en T,Normale,Deux véhicules - côté,,,,,,,,,,,1,2,3,1.0,3
201400052154,0014-07-07 20:33:00,14,7,7,20,33,750,104,"27, BOULEVARD BEAUMARCHA",,,Crépuscule ou aube,En agglomération,Intersection en X,Pluie légère,Deux véhicules - côté,,,,,,,,,,,2,2,2,2.0,3
201400052155,0014-07-08 01:40:00,14,7,8,1,40,750,104,QUAI DE LA CORSE,,,Nuit avec éclairage allumé,En agglomération,Intersection en X,Pluie légère,Autre collision,,,,,,,,,,,5,2,2,2.0,6
201400052156,0014-07-08 13:00:00,14,7,8,13,0,750,104,"20, RUE DU RENARD",,,Plein jour,En agglomération,Intersection en X,Normale,Autre collision,,,,,,,,,,,1,2,2,1.0,6
201400052157,0014-07-08 16:30:00,14,7,8,16,30,750,103,"19, BOULEVARD SAINT MART",,,Plein jour,En agglomération,Hors intersection,Normale,Deux véhicules - côté,,,,,,,,,,,1,2,1,1.0,3
201400052158,0014-07-09 00:10:00,14,7,9,0,10,750,104,"12, QUAI DE GESVRES",,,Nuit avec éclairage allumé,En agglomération,Intersection en X,Normale,Deux véhicules - arrière,,,,,,,,,,,5,2,2,1.0,2
201400052159,0014-07-09 13:00:00,14,7,9,13,0,750,104,"4, RUE DE LOBAU",,,Plein jour,En agglomération,Hors intersection,Normale,Deux véhicules - côté,,,,,,,,,,,1,2,1,1.0,3
201400052160,0014-07-10 06:00:00,14,7,10,6,0,750,104,"2, PLACE DU CHATELET",,,Crépuscule ou aube,En agglomération,Place,Pluie légère,Deux véhicules - côté,,,,,,,,,,,2,2,7,2.0,3
201400052161,0014-07-11 14:05:00,14,7,11,14,5,750,104,"50, RUE DES ARCHIVES",,,Plein jour,En agglomération,Intersection en X,Pluie légère,Deux véhicules - côté,,,,,,,,,,,1,2,2,2.0,3
201400052162,0014-07-13 23:12:00,14,7,13,23,12,750,104,"1, QUAI DES CELESTINS",,,Nuit avec éclairage allumé,En agglomération,Intersection en X,Pluie légère,Deux véhicules - côté,,,,,,,,,,,5,2,2,2.0,3
201400052163,0014-07-18 16:35:00,14,7,18,16,35,750,104,"34, BOULEVARD HENRI IV",,,Plein jour,En agglomération,Intersection en X,Normale,Deux véhicules - arrière,,,,,,,,,,,1,2,2,1.0,2
201400052164,0014-07-20 03:57:00,14,7,20,3,57,750,104,"43, BOULEVARD HENRI IV",,,Nuit avec éclairage non allumé,En agglomération,Intersection en X,Pluie légère,Autre collision,,,,,,,,,,,4,2,2,2.0,6
201400052165,0014-07-21 15:55:00,14,7,21,15,55,750,104,"19, RUE DU RENARD",,,Plein jour,En agglomération,Intersection en T,Normale,Autre collision,,,,,,,,,,,1,2,3,1.0,6
201400052166,0014-07-22 10:45:00,14,7,22,10,45,750,104,"02, RUE CASTEX",,,Plein jour,En agglomération,Intersection en Y,Normale,Autre collision,,,,,,,,,,,1,2,4,1.0,6
201400052167,0014-07-24 11:40:00,14,7,24,11,40,750,104,"3, PLACE DE LA BASTILLE",,,Plein jour,En agglomération,Place,Normale,Deux véhicules - côté,,,,,,,,,,,1,2,7,1.0,3
201400052168,0014-07-26 23:45:00,14,7,26,23,45,750,104,"16, RUE VIEILLE DU TEMPL",,,Nuit avec éclairage allumé,En agglomération,Intersection en X,Normale,Deux véhicules - arrière,,,,,,,,,,,5,2,2,1.0,2
201400052169,0014-07-30 02:20:00,14,7,30,2,20,750,104,"16, QUAI DE GESVRES",,,Nuit avec éclairage allumé,En agglomération,Hors intersection,Normale,Autre collision,,,,,,,,,,,5,2,1,1.0,6
201400052170,0014-07-30 19:05:00,14,7,30,19,5,750,104,"42, RUE SAINT ANTOINE",,,Plein jour,En agglomération,Intersection en X,Normale,Autre collision,,,,,,,,,,,1,2,2,1.0,6
201400052171,0014-07-31 10:00:00,14,7,31,10,0,750,104,"76, QUAI DE L HOTEL DE V",,,Plein jour,En agglomération,Intersection en X,Normale,Deux véhicules - côté,,,,,,,,,,,1,2,2,1.0,3
201400052172,0014-07-31 08:57:00,14,7,31,8,57,750,104,"1, RUE DE FOURCY",,,Plein jour,En agglomération,Intersection en T,Normale,Autre collision,,,,,,,,,,,1,2,3,1.0,6
201400052173,0014-08-01 20:30:00,14,8,1,20,30,750,104,QUAI DE L HOTEL DE VILLE,,,Plein jour,En agglomération,Hors intersection,Normale,Autre collision,,,,,,,,,,,1,2,1,1.0,6
201400052174,0014-08-07 16:53:00,14,8,7,16,53,750,103,"22, RUE BEAUBOURG",,,Plein jour,En agglomération,Intersection en X,Normale,Sans collision,,,,,,,,,,,1,2,2,1.0,7
201400052175,0014-08-08 10:20:00,14,8,8,10,20,750,104,"66, QUAI DE L HOTEL DE V",,,Plein jour,En agglomération,Intersection à plus de 4 branches,Pluie légère,Deux véhicules - côté,,,,,,,,,,,1,2,5,2.0,3
201400052176,0014-08-08 10:55:00,14,8,8,10,55,750,104,"04, RUE DES ECOUFFES",,,Plein jour,En agglomération,Intersection en X,Pluie légère,Autre collision,,,,,,,,,,,1,2,2,2.0,6
201400052177,0014-08-11 19:10:00,14,8,11,19,10,750,104,"22, RUE DE TURENNE",,,Crépuscule ou aube,En agglomération,Intersection en X,Pluie forte,Trois véhicules et plus - collisions multiples,,,,,,,,,,,2,2,2,3.0,5
201400052178,0014-08-22 15:20:00,14,8,22,15,20,750,104,"12, QUAI DE GESVRES",,,Plein jour,En agglomération,Intersection en X,Normale,Deux véhicules - arrière,,,,,,,,,,,1,2,2,1.0,2
201400052179,0014-08-28 15:00:00,14,8,28,15,0,750,104,"03, PLACE DE LA BASTILLE",,,Plein jour,En agglomération,Hors intersection,Temps couvert,Deux véhicules - arrière,,,,,,,,,,,1,2,1,8.0,2
201400052180,0014-08-28 22:20:00,14,8,28,22,20,750,111,PLACE DE LA BASTILLE,,,Nuit avec éclairage non allumé,En agglomération,Place,Normale,Autre collision,,,,,,,,,,,4,2,7,1.0,6
201400052181,0014-08-31 18:35:00,14,8,31,18,35,750,104,"22, RUE DE TURENNE",,,Plein jour,En agglomération,Intersection en X,Normale,Autre collision,,,,,,,,,,,1,2,2,1.0,6
201400052182,0014-09-10 14:10:00,14,9,10,14,10,750,104,"48, RUE DE RIVOLI",,,Plein jour,En agglomération,Intersection en X,Normale,Deux véhicules - côté,,,,,,,,,,,1,2,2,1.0,3
201400052183,0014-09-17 03:30:00,14,9,17,3,30,750,104,QUAI DES CELESTINS,,,Nuit avec éclairage allumé,En agglomération,Hors intersection,Normale,Deux véhicules - arrière,,,,,,,,,,,5,2,1,1.0,2
201400052184,0014-09-18 15:30:00,14,9,18,15,30,750,104,"29, RUE DE RIVOLI",,,Plein jour,En agglomération,Intersection en T,Normale,Autre collision,,,,,,,,,,,1,2,3,1.0,6
201400052185,0014-09-23 19:00:00,14,9,23,19,0,750,104,"02, RUE DES ARCHIVES",,,Plein jour,En agglomération,Intersection en X,Normale,Autre collision,,,,,,,,,,,1,2,2,1.0,6
201400052186,0014-09-24 12:15:00,14,9,24,12,15,750,104,"52, RUE DE RIVOLI",,,Plein jour,En agglomération,Hors intersection,Normale,Sans collision,,,,,,,,,,,1,2,1,1.0,7
201400052187,0014-09-25 00:45:00,14,9,25,0,45,750,104,"3, PLACE DE LA BASTILLE",,,Nuit avec éclairage allumé,En agglomération,Place,Normale,Autre collision,,,,,,,,,,,5,2,7,1.0,6
201400052188,0014-09-25 12:15:00,14,9,25,12,15,750,104,"3, BOULEVARD BEAUMARCHAI",,,Plein jour,En agglomération,Intersection en Y,Normale,Autre collision,,,,,,,,,,,1,2,4,1.0,6
201400052189,0014-09-26 08:10:00,14,9,26,8,10,750,104,"70, RUE DE RIVOLI",,,Plein jour,En agglomération,Intersection en X,Normale,Sans collision,,,,,,,,,,,1,2,2,1.0,7
201400052190,0014-09-27 15:40:00,14,9,27,15,40,750,104,"33, RUE VIEILLE DU TEMPL",,,Plein jour,En agglomération,Intersection en T,Normale,Autre collision,,,,,,,,,,,1,2,3,1.0,6
201400052191,0014-09-29 09:25:00,14,9,29,9,25,750,104,"31, RUE DE RIVOLI",,,Plein jour,En agglomération,Intersection en X,Pluie légère,Sans collision,,,,,,,,,,,1,2,2,2.0,7
201400052192,0014-09-29 21:40:00,14,9,29,21,40,750,108,"02, QUAI DES TUILERIES",,,Nuit avec éclairage allumé,En agglomération,Intersection en X,Pluie légère,Sans collision,,,,,,,,,,,5,2,2,2.0,7
201400052193,0014-10-03 20:10:00,14,10,3,20,10,750,104,"01, PONT AU CHANGE",,,Crépuscule ou aube,En agglomération,Place,Normale,Deux véhicules - côté,,,,,,,,,,,2,2,7,1.0,3
201400052194,0014-10-06 17:25:00,14,10,6,17,25,750,104,"21 bis, BOULEVARD BOURDO",,,Plein jour,En agglomération,Hors intersection,Pluie légère,Sans collision,,,,,,,,,,,1,2,1,2.0,7
201400052195,0014-10-08 05:00:00,14,10,8,5,0,750,104,"1, BOULEVARD MORLAND",,,Nuit avec éclairage allumé,En agglomération,Intersection en X,Pluie légère,Deux véhicules - arrière,,,,,,,,,,,5,2,2,2.0,2
201400052196,0014-10-19 18:40:00,14,10,19,18,40,750,104,"28, BOULEVARD HENRI IV",,,Plein jour,En agglomération,Hors intersection,Normale,Sans collision,,,,,,,,,,,1,2,1,1.0,7
201400052197,0014-10-21 19:45:00,14,10,21,19,45,750,104,"81, RUE SAINT ANTOINE",,,Nuit avec éclairage non allumé,En agglomération,Intersection en X,Pluie légère,Sans collision,,,,,,,,,,,4,2,2,2.0,7
201400052198,0014-10-28 15:30:00,14,10,28,15,30,750,104,"58, RUE DE LA VERRERIE",,,Plein jour,En agglomération,Intersection en T,Normale,Deux véhicules - côté,,,,,,,,,,,1,2,3,1.0,3
201400052199,0014-11-01 22:45:00,14,11,1,22,45,750,104,"3, RUE DE RIVOLI",,,Nuit avec éclairage allumé,En agglomération,Intersection en T,Normale,Autre collision,,,,,,,,,,,5,2,3,1.0,6
201400052200,0014-11-01 03:39:00,14,11,1,3,39,750,104,"4, RUE SAINT MARTIN",,,Nuit avec éclairage allumé,En agglomération,Intersection en X,Normale,Autre collision,,,,,,,,,,,5,2,2,1.0,6
201400052201,0014-11-05 08:35:00,14,11,5,8,35,750,104,"14, RUE DE RIVOLI",,,Plein jour,En agglomération,Hors intersection,Normale,Trois véhicules et plus - en chaîne,,,,,,,,,,,1,2,1,1.0,4
201400052202,0014-11-07 09:55:00,14,11,7,9,55,750,104,"6, RUE DE RIVOLI",,,Plein jour,En agglomération,Intersection en T,Pluie légère,Deux véhicules - arrière,,,,,,,,,,,1,2,3,2.0,2
201400052203,0014-11-07 19:55:00,14,11,7,19,55,750,104,"4, RUE DE LOBAU",,,Nuit avec éclairage allumé,En agglomération,Hors intersection,Normale,Autre collision,,,,,,,,,,,5,2,1,1.0,6
201400052204,0014-11-09 02:15:00,14,11,9,2,15,750,101,QUAI DES TUILERIES,,,Nuit avec éclairage allumé,En agglomération,Hors intersection,Normale,Autre collision,,,,,,,,,,,5,2,1,1.0,6
201400052205,0014-11-11 09:45:00,14,11,11,9,45,750,104,"18, BOULEVARD HENRI IV",,,Plein jour,En agglomération,Hors intersection,Normale,Autre collision,,,,,,,,,,,1,2,1,1.0,6
201400052206,0014-11-13 07:20:00,14,11,13,7,20,750,104,"7, PLACE DE LA BASTILLE",,,Plein jour,En agglomération,Place,Normale,Deux véhicules - arrière,,,,,,,,,,,1,2,7,1.0,2
201400052207,0014-11-13 06:55:00,14,11,13,6,55,750,104,QUAI DES CELESTINS,,,Nuit avec éclairage allumé,En agglomération,Hors intersection,Normale,Autre collision,,,,,,,,,,,5,2,1,1.0,6
201400052208,0014-11-15 18:45:00,14,11,15,18,45,750,104,"01, PLACE DE L HOTEL DE",,,Nuit avec éclairage allumé,En agglomération,Place,Temps couvert,Deux véhicules - arrière,,,,,,,,,,,5,2,7,8.0,2
201400052209,0014-11-18 11:47:00,14,11,18,11,47,750,104,"24, QUAI DES CELESTINS",,,Plein jour,En agglomération,Intersection en T,Temps couvert,Sans collision,,,,,,,,,,,1,2,3,8.0,7
201400052210,0014-11-25 13:20:00,14,11,25,13,20,750,104,"76, RUE DE RIVOLI",,,Plein jour,En agglomération,Hors intersection,Normale,Autre collision,,,,,,,,,,,1,2,1,1.0,6
201400052211,0014-11-27 22:35:00,14,11,27,22,35,750,104,"12, RUE DU ROI DE SICILE",,,Nuit avec éclairage allumé,En agglomération,Hors intersection,Normale,Deux véhicules - arrière,,,,,,,,,,,5,2,1,1.0,2
201400052212,0014-12-03 07:49:00,14,12,3,7,49,750,104,QUAI HENRI IV,,,Crépuscule ou aube,En agglomération,Intersection en X,Pluie légère,Autre collision,,,,,,,,,,,2,2,2,2.0,6
201400052213,0014-12-04 10:39:00,14,12,4,10,39,750,104,"74, RUE DE RIVOLI",,,Plein jour,En agglomération,Intersection à plus de 4 branches,Normale,Deux véhicules - côté,,,,,,,,,,,1,2,5,1.0,3
201400052214,0014-12-06 15:05:00,14,12,6,15,5,750,104,"12, RUE DES DEUX PONTS",,,Plein jour,En agglomération,Intersection en X,Temps éblouissant,Autre collision,,,,,,,,,,,1,2,2,7.0,6
201400052215,0014-12-09 14:10:00,14,12,9,14,10,750,104,VOIE GEORGES POMPIDOU,,,Plein jour,En agglomération,Hors intersection,Normale,Deux véhicules - arrière,,,,,,,,,,,1,2,1,1.0,2
201400052216,0014-12-09 15:20:00,14,12,9,15,20,750,104,"05, BOULEVARD HENRI IV",,,Plein jour,En agglomération,Intersection en X,Normale,Deux véhicules - côté,,,,,,,,,,,1,2,2,1.0,3
201400052217,0014-12-10 09:55:00,14,12,10,9,55,750,104,"27, RUE DE RIVOLI",,,Plein jour,En agglomération,Hors intersection,Pluie légère,Sans collision,,,,,,,,,,,1,2,1,2.0,7
201400052218,0014-12-13 02:30:00,14,12,13,2,30,750,104,"24, QUAI DES CELESTINS",,,Nuit avec éclairage allumé,En agglomération,Intersection en T,Pluie forte,Sans collision,,,,,,,,,,,5,2,3,3.0,7
201400052219,0014-12-13 18:15:00,14,12,13,18,15,750,104,"30, QUAI DES CELESTINS",,,Nuit avec éclairage allumé,En agglomération,Intersection en T,Pluie légère,Deux véhicules - arrière,,,,,,,,,,,5,2,3,2.0,2
201400052220,0014-12-15 09:25:00,14,12,15,9,25,750,104,"21, RUE SAINT ANTOINE",,,Plein jour,En agglomération,Hors intersection,Pluie légère,Sans collision,,,,,,,,,,,1,2,1,2.0,7
201400052221,0014-12-21 15:30:00,14,12,21,15,30,750,104,"74, RUE DE RIVOLI",,,Plein jour,En agglomération,Intersection en T,Temps couvert,Deux véhicules - côté,,,,,,,,,,,1,2,3,8.0,3
201400052222,0014-12-21 20:30:00,14,12,21,20,30,750,104,"3, PLACE DE LA BASTILLE",,,Nuit avec éclairage allumé,En agglomération,Place,Temps couvert,Deux véhicules - côté,,,,,,,,,,,5,2,7,8.0,3
201400052223,0014-01-02 20:00:00,14,1,2,20,0,750,105,"15, RUE DE LA CLEF",,,Nuit avec éclairage allumé,En agglomération,Hors intersection,Normale,Deux véhicules - côté,,,,,,,,,,,5,2,1,1.0,3
201400052224,0014-01-03 15:05:00,14,1,3,15,5,750,105,"48, RUE SAINT JACQUES",,,Plein jour,En agglomération,Place,Normale,Deux véhicules - côté,,,,,,,,,,,1,2,7,1.0,3