accident_id,datetime,annee,mois,jour,heure,minute,departement,commune_insee,adresse,latitude,longitude,luminosite,agglomeration,intersection,meteo,collision,nb_vehicules,nb_usagers,nb_indemnes,nb_tues,nb_blesses_hosp,nb_blesses_legers,age_cond_1,age_cond_2,veh_type_cond_1,veh_type_cond_2,lum_code,agg_code,int_code,atm_code,col_code
201400052353,0014-10-26 17:40:00,14,10,26,17,40,750,105,"229, RUE SAINT JACQUES",,,Crépuscule ou aube,En agglomération,Intersection en X,Normale,Autre collision,,,,,,,,,,,2,2,2,1.0,6
201400052354,0014-10-31 14:35:00,14,10,31,14,35,750,105,"74, BOULEVARD DE PORT RO",,,Plein jour,En agglomération,Hors intersection,Normale,Deux véhicules - côté,,,,,,,,,,,1,2,1,1.0,3
201400052355,0014-11-04 10:50:00,14,11,4,10,50,750,105,"2, QUAI DE LA TOURNELLE",,,Plein jour,En agglomération,Hors intersection,Normale,Deux véhicules - côté,,,,,,,,,,,1,2,1,1.0,3
201400052356,0014-11-06 08:25:00,14,11,6,8,25,750,105,"98, BOULEVARD SAINT GERM",,,Plein jour,En agglomération,Intersection en X,Normale,Deux véhicules - côté,,,,,,,,,,,1,2,2,1.0,3
201400052357,0014-11-08 03:40:00,14,11,8,3,40,750,105,QUAI SAINT MICHEL,,,Nuit avec éclairage allumé,En agglomération,Intersection en X,Normale,Deux véhicules - côté,,,,,,,,,,,5,2,2,1.0,3
201400052358,0014-11-11 20:55:00,14,11,11,20,55,750,105,"7, RUE DU FER A MOULIN",,,Nuit avec éclairage allumé,En agglomération,Intersection en T,Normale,Deux véhicules - côté,,,,,,,,,,,5,2,3,1.0,3
201400052359,0014-11-13 09:40:00,14,11,13,9,40,750,105,"20, RUE CENSIER",,,Plein jour,En agglomération,Intersection en X,Normale,Autre collision,,,,,,,,,,,1,2,2,1.0,6
201400052360,0014-11-16 18:30:00,14,11,16,18,30,750,105,PONT PETIT PONT,,,Nuit avec éclairage allumé,En agglomération,Intersection en X,Normale,Autre collision,,,,,,,,,,,5,2,2,1.0,6
201400052361,0014-11-17 19:57:00,14,11,17,19,57,750,106,"44, BOULEVARD SAINT MICH",,,Nuit avec éclairage allumé,En agglomération,Intersection en X,Pluie légère,Autre collision,,,,,,,,,,,5,2,2,2.0,6
201400052362,0014-11-18 14:50:00,14,11,18,14,50,750,105,"127, BOULEVARD SAINT MIC",,,Plein jour,En agglomération,Hors intersection,Normale,Autre collision,,,,,,,,,,,1,2,1,1.0,6
201400052363,0014-11-26 17:50:00,14,11,26,17,50,750,105,"94, BOULEVARD DE PORT RO",,,Nuit avec éclairage allumé,En agglomération,Hors intersection,Temps couvert,Autre collision,,,,,,,,,,,5,2,1,8.0,6
201400052364,0014-11-28 17:20:00,14,11,28,17,20,750,105,"10, PLACE DU PANTHEON",,,Nuit sans éclairage public,En agglomération,Hors intersection,Normale,Autre collision,,,,,,,,,,,3,2,1,1.0,6
201400052365,0014-11-28 19:55:00,14,11,28,19,55,750,105,"1, BOULEVARD SAINT MICHE",,,Nuit avec éclairage allumé,En agglomération,Intersection à plus de 4 branches,Normale,Deux véhicules - côté,,,,,,,,,,,5,2,5,1.0,3
201400052366,0014-12-01 16:05:00,14,12,1,16,5,750,105,BOULEVARD DE PORT ROYAL,,,Plein jour,En agglomération,Intersection en X,Normale,Autre collision,,,,,,,,,,,1,2,2,1.0,6
201400052367,0014-12-03 04:15:00,14,12,3,4,15,750,105,"64, BOULEVARD DE PORT RO",,,Nuit avec éclairage allumé,En agglomération,Intersection en X,Pluie légère,Autre collision,,,,,,,,,,,5,2,2,2.0,6
201400052368,0014-12-07 03:00:00,14,12,7,3,0,750,105,"67, QUAI DE LA TOURNELLE",,,Nuit avec éclairage allumé,En agglomération,Intersection en T,Normale,Autre collision,,,,,,,,,,,5,2,3,1.0,6
201400052369,0014-12-11 11:05:00,14,12,11,11,5,750,105,"51bis, BOULEVARD SAINT G",,,Plein jour,En agglomération,Intersection en T,Normale,Autre collision,,,,,,,,,,,1,2,3,1.0,6
201400052370,0014-12-12 09:39:00,14,12,12,9,39,750,105,"75, RUE MONGE",,,Plein jour,En agglomération,Place,Pluie légère,Autre collision,,,,,,,,,,,1,2,7,2.0,6
201400052371,0014-12-13 19:20:00,14,12,13,19,20,750,105,"22, RUE DES ECOLES",,,Nuit avec éclairage allumé,En agglomération,Intersection en X,Normale,Autre collision,,,,,,,,,,,5,2,2,1.0,6
201400052372,0014-12-14 06:35:00,14,12,14,6,35,750,105,BOULEVARD SAINT GERMAIN,,,Nuit avec éclairage allumé,En agglomération,Intersection en X,Normale,Deux véhicules - arrière,,,,,,,,,,,5,2,2,1.0,2
201400052373,0014-12-15 14:05:00,14,12,15,14,5,750,105,"0, RUE GEOFFROY SAINT HI",,,Plein jour,En agglomération,Intersection en T,Pluie légère,Autre collision,,,,,,,,,,,1,2,3,2.0,6
201400052374,0014-12-16 09:10:00,14,12,16,9,10,750,105,"10, RUE DE NAVARRE",,,Plein jour,En agglomération,Hors intersection,Temps couvert,Sans collision,,,,,,,,,,,1,2,1,8.0,7
201400052375,0014-12-18 10:40:00,14,12,18,10,40,750,105,"2, PLACE ALPHONSE LAVERA",,,Plein jour,En agglomération,Intersection en T,Temps couvert,Deux véhicules - arrière,,,,,,,,,,,1,2,3,8.0,2
201400052376,0014-12-18 11:10:00,14,12,18,11,10,750,105,"67, BOULEVARD SAINT GERM",,,Plein jour,En agglomération,Intersection en X,Normale,Deux véhicules - côté,,,,,,,,,,,1,2,2,1.0,3
201400052377,0014-12-19 00:20:00,14,12,19,0,20,750,105,"47 Ter, BOULEVARD SAINT",,,Nuit avec éclairage allumé,En agglomération,Intersection en X,Normale,Deux véhicules - côté,,,,,,,,,,,5,2,2,1.0,3
201400052378,0014-12-20 03:20:00,14,12,20,3,20,750,105,"56, BOULEVARD SAINT MARC",,,Nuit avec éclairage allumé,En agglomération,Intersection en X,Normale,Autre collision,,,,,,,,,,,5,2,2,1.0,6
201400052379,0014-12-23 15:03:00,14,12,23,15,3,750,105,"57, QUAI DE LA TOURNELLE",,,Plein jour,En agglomération,Intersection en X,Normale,Deux véhicules - côté,,,,,,,,,,,1,2,2,1.0,3
201400052380,0014-12-27 17:50:00,14,12,27,17,50,750,105,"49, RUE DES ECOLES",,,Crépuscule ou aube,En agglomération,Intersection en X,Normale,Autre collision,,,,,,,,,,,2,2,2,1.0,6
201400052381,0014-12-28 15:50:00,14,12,28,15,50,750,105,"56, RUE SAINT JACQUES",,,Plein jour,En agglomération,Intersection en X,Temps couvert,Autre collision,,,,,,,,,,,1,2,2,8.0,6
201400052382,0014-01-02 13:15:00,14,1,2,13,15,750,106,"63, RUE DAUPHINE",,,Plein jour,En agglomération,Place,Normale,Autre collision,,,,,,,,,,,1,2,7,1.0,6
201400052383,0014-01-04 11:40:00,14,1,4,11,40,750,106,"38, RUE DU FOUR",,,Plein jour,En agglomération,Intersection à plus de 4 branches,Normale,Autre collision,,,,,,,,,,,1,2,5,1.0,6
201400052384,0014-01-04 12:20:00,14,1,4,12,20,750,106,"3, RUE DU VIEUX COLOMBIE",,,Plein jour,En agglomération,Hors intersection,Normale,Autre collision,,,,,,,,,,,1,2,1,1.0,6
201400052385,0014-01-06 10:55:00,14,1,6,10,55,750,106,"83, BOULEVARD DU MONTPAR",,,Plein jour,En agglomération,Intersection en X,Normale,Autre collision,,,,,,,,,,,1,2,2,1.0,6
201400052386,0014-01-07 09:10:00,14,1,7,9,10,750,106,"55, QUAI DES GRANDS AUGU",,,Plein jour,En agglomération,Hors intersection,Normale,Trois véhicules et plus - en chaîne,,,,,,,,,,,1,2,1,1.0,4
201400052387,0014-01-07 09:50:00,14,1,7,9,50,750,106,"55, QUAI DES GRANDS AUGU",,,Plein jour,En agglomération,Hors intersection,Normale,Deux véhicules - arrière,,,,,,,,,,,1,2,1,1.0,2
201400052388,0014-01-08 13:00:00,14,1,8,13,0,750,106,"62, RUE D ASSAS",,,Plein jour,En agglomération,Intersection en Y,Temps couvert,Autre collision,,,,,,,,,,,1,2,4,8.0,6
201400052389,0014-01-08 13:15:00,14,1,8,13,15,750,106,"80, BOULEVARD RASPAIL",,,Plein jour,En agglomération,Intersection à plus de 4 branches,Normale,Autre collision,,,,,,,,,,,1,2,5,1.0,6
201400052390,0014-01-09 18:40:00,14,1,9,18,40,750,106,"59, RUE BONAPARTE",,,Nuit avec éclairage allumé,En agglomération,Hors intersection,Pluie légère,Autre collision,,,,,,,,,,,5,2,1,2.0,6
201400052391,0014-01-10 11:10:00,14,1,10,11,10,750,106,"49, RUE BONAPARTE",,,Plein jour,En agglomération,Intersection en X,Temps couvert,Autre collision,,,,,,,,,,,1,2,2,8.0,6
201400052392,0014-01-11 15:45:00,14,1,11,15,45,750,106,RUE DE L ECOLE DE MEDECI,,,Plein jour,En agglomération,Intersection à plus de 4 branches,Normale,Autre collision,,,,,,,,,,,1,2,5,1.0,6
201400052393,0014-01-13 17:48:00,14,1,13,17,48,750,106,"08, BOULEVARD SAINT MICH",,,Crépuscule ou aube,En agglomération,Intersection en X,Normale,Autre collision,,,,,,,,,,,2,2,2,1.0,6
201400052394,0014-01-14 13:45:00,14,1,14,13,45,750,106,"7, PLACE DU DIX HUIT JUI",,,Plein jour,En agglomération,Place,Normale,Deux véhicules - arrière,,,,,,,,,,,1,2,7,1.0,2
201400052395,0014-01-15 14:10:00,14,1,15,14,10,750,106,"15, RUE DE VAUGIRARD",,,Plein jour,En agglomération,Intersection en T,Pluie légère,Trois véhicules et plus - collisions multiples,,,,,,,,,,,1,2,3,2.0,5
201400052396,0014-01-16 07:35:00,14,1,16,7,35,750,106,"137, BOULEVARD RASPAIL",,,Nuit avec éclairage allumé,En agglomération,Intersection à plus de 4 branches,Pluie légère,Autre collision,,,,,,,,,,,5,2,5,2.0,6
201400052397,0014-01-18 12:15:00,14,1,18,12,15,750,106,"102, BOULEVARD SAINT GER",,,Plein jour,En agglomération,Intersection en X,Normale,Autre collision,,,,,,,,,,,1,2,2,1.0,6
201400052398,0014-01-18 12:20:00,14,1,18,12,20,750,106,BOULEVARD SAINT MICHEL,,,Plein jour,En agglomération,Intersection en X,Normale,Deux véhicules - côté,,,,,,,,,,,1,2,2,1.0,3
201400052399,0014-01-22 02:33:00,14,1,22,2,33,750,106,"40, RUE JACOB",,,Nuit avec éclairage allumé,En agglomération,Intersection en T,Normale,Autre collision,,,,,,,,,,,5,2,3,1.0,6
201400052400,0014-01-24 18:00:00,14,1,24,18,0,750,106,"139, RUE DE RENNES",,,Crépuscule ou aube,En agglomération,Hors intersection,Normale,Autre collision,,,,,,,,,,,2,2,1,1.0,6
201400052401,0014-02-03 09:20:00,14,2,3,9,20,750,106,"111, RUE DE SEVRES",,,Plein jour,En agglomération,Intersection en Y,Normale,Sans collision,,,,,,,,,,,1,2,4,1.0,7
201400052402,0014-02-03 12:20:00,14,2,3,12,20,750,106,"17, BOULEVARD DU MONTPAR",,,Plein jour,En agglomération,Intersection en X,Normale,Autre collision,,,,,,,,,,,1,2,2,1.0,6
201400052403,0014-02-05 17:15:00,14,2,5,17,15,750,106,"115, BOULEVARD SAINT GER",,,Plein jour,En agglomération,Hors intersection,Pluie légère,Deux véhicules - côté,,,,,,,,,,,1,2,1,2.0,3
201400052404,0014-02-07 22:15:00,14,2,7,22,15,750,106,"117, RUE DE RENNES",,,Nuit avec éclairage allumé,En agglomération,Intersection en X,Normale,Deux véhicules - frontale,,,,,,,,,,,5,2,2,1.0,1
201400052405,0014-02-09 01:13:00,14,2,9,1,13,750,106,"26, BOULEVARD SAINT MICH",,,Nuit avec éclairage allumé,En agglomération,Intersection en X,Normale,Deux véhicules - côté,,,,,,,,,,,5,2,2,1.0,3
201400052406,0014-02-13 08:35:00,14,2,13,8,35,750,106,"2, RUE D ASSAS",,,Plein jour,En agglomération,Intersection en X,Pluie légère,Deux véhicules - côté,,,,,,,,,,,1,2,2,2.0,3
201400052407,0014-02-15 22:40:00,14,2,15,22,40,750,106,"9, CARREFOUR ODEON",,,Nuit avec éclairage allumé,En agglomération,Place,Normale,Autre collision,,,,,,,,,,,5,2,7,1.0,6
201400052408,0014-02-15 14:10:00,14,2,15,14,10,750,106,"15, RUE DE VAUGIRARD",,,Plein jour,En agglomération,Intersection en T,Normale,Deux véhicules - côté,,,,,,,,,,,1,2,3,1.0,3
201400052409,0014-02-20 09:15:00,14,2,20,9,15,750,106,"21, QUAI MALAQUAIS",,,Plein jour,En agglomération,Intersection en T,Pluie légère,Autre collision,,,,,,,,,,,1,2,3,2.0,6
201400052410,0014-02-22 20:07:00,14,2,22,20,7,750,106,RUE DE RENNES,,,Nuit avec éclairage allumé,En agglomération,Intersection à plus de 4 branches,Normale,Autre collision,,,,,,,,,,,5,2,5,1.0,6
201400052411,0014-02-25 18:25:00,14,2,25,18,25,750,106,"125, BOULEVARD SAINT GER",,,Crépuscule ou aube,En agglomération,Hors intersection,Normale,Sans collision,,,,,,,,,,,2,2,1,1.0,7
201400052412,0014-03-01 14:55:00,14,3,1,14,55,750,106,"58, BOULEVARD RASPAIL",,,Plein jour,En agglomération,Intersection en X,Normale,Deux véhicules - arrière,,,,,,,,,,,1,2,2,1.0,2
201400052413,0014-03-04 10:15:00,14,3,4,10,15,750,106,"20, BOULEVARD SAINT MICH",,,Plein jour,En agglomération,Intersection en T,Normale,Autre collision,,,,,,,,,,,1,2,3,1.0,6
201400052414,0014-03-08 10:30:00,14,3,8,10,30,750,106,"69 BIS, RUE DE VAUGIRARD",,,Plein jour,En agglomération,Intersection en T,Normale,Deux véhicules - côté,,,,,,,,,,,1,2,3,1.0,3
201400052415,0014-03-08 20:00:00,14,3,8,20,0,750,106,"27, BOULEVARD DU MONTPAR",,,Nuit avec éclairage allumé,En agglomération,Intersection à plus de 4 branches,Normale,Deux véhicules - côté,,,,,,,,,,,5,2,5,1.0,3
201400052416,0014-03-13 11:41:00,14,3,13,11,41,750,106,"21, QUAI DES GRANDS AUGU",,,Plein jour,En agglomération,Hors intersection,Normale,Autre collision,,,,,,,,,,,1,2,1,1.0,6
201400052417,0014-03-14 16:38:00,14,3,14,16,38,750,106,"84, BOULEVARD RASPAIL",,,Plein jour,En agglomération,Intersection en X,Normale,Autre collision,,,,,,,,,,,1,2,2,1.0,6
201400052418,0014-03-15 19:45:00,14,3,15,19,45,750,106,"74, RUE D ASSAS",,,Nuit avec éclairage allumé,En agglomération,Intersection en Y,Normale,Autre collision,,,,,,,,,,,5,2,4,1.0,6
201400052419,0014-03-18 09:25:00,14,3,18,9,25,750,106,"119, RUE DE SEVRES",,,Plein jour,En agglomération,Hors intersection,Normale,Trois véhicules et plus - en chaîne,,,,,,,,,,,1,2,1,1.0,4
201400052420,0014-03-19 12:40:00,14,3,19,12,40,750,106,"48, RUE SAINT PLACIDE",,,Plein jour,En agglomération,Hors intersection,Normale,Deux véhicules - arrière,,,,,,,,,,,1,2,1,1.0,2
201400052421,0014-03-20 10:09:00,14,3,20,10,9,750,106,"12, RUE NOTRE DAME DES C",,,Plein jour,En agglomération,Intersection en T,Normale,Autre collision,,,,,,,,,,,1,2,3,1.0,6
201400052422,0014-03-21 10:35:00,14,3,21,10,35,750,106,"54, BOULEVARD SAINT MICH",,,Plein jour,En agglomération,Intersection en Y,Normale,Autre collision,,,,,,,,,,,1,2,4,1.0,6
201400052423,0014-03-28 10:40:00,14,3,28,10,40,750,106,"22, BOULEVARD SAINT MICH",,,Plein jour,En agglomération,Intersection en X,Normale,Autre collision,,,,,,,,,,,1,2,2,1.0,6
201400052424,0014-03-29 16:30:00,14,3,29,16,30,750,106,"19, RUE DE VAUGIRARD",,,Plein jour,En agglomération,Intersection en T,Normale,Autre collision,,,,,,,,,,,1,2,3,1.0,6
201400052425,0014-04-01 14:55:00,14,4,1,14,55,750,106,QUAI DES GRANDS AUGUSTIN,,,Plein jour,En agglomération,Intersection en T,Normale,Deux véhicules - côté,,,,,,,,,,,1,2,3,1.0,3
201400052426,0014-04-02 09:19:00,14,4,2,9,19,750,106,"22, BOULEVARD SAINT MICH",,,Plein jour,En agglomération,Intersection en X,Normale,Autre collision,,,,,,,,,,,1,2,2,1.0,6
201400052427,0014-04-10 16:00:00,14,4,10,16,0,750,106,PLACE PAUL CLAUDEL,,,Plein jour,En agglomération,Place,Normale,Sans collision,,,,,,,,,,,1,2,7,1.0,7
201400052428,0014-04-12 14:30:00,14,4,12,14,30,750,106,"2, PLACE EDMOND ROSTAND",,,Plein jour,En agglomération,Place,Normale,Autre collision,,,,,,,,,,,1,2,7,1.0,6
201400052429,0014-04-17 09:45:00,14,4,17,9,45,750,106,"58, RUE DE VAUGIRARD",,,Plein jour,En agglomération,Intersection en X,Normale,Autre collision,,,,,,,,,,,1,2,2,1.0,6
201400052430,0014-04-19 20:15:00,14,4,19,20,15,750,106,"1, RUE DE MEDICIS",,,Nuit avec éclairage allumé,En agglomération,Intersection en X,Temps couvert,Deux véhicules - frontale,,,,,,,,,,,5,2,2,8.0,1
201400052431,0014-04-25 09:00:00,14,4,25,9,0,750,106,"69 bis, RUE DE VAUGIRARD",,,Plein jour,En agglomération,Intersection en T,Pluie légère,Sans collision,,,,,,,,,,,1,2,3,2.0,7
201400052432,0014-04-25 09:10:00,14,4,25,9,10,750,106,"03, BOULEVARD DU MONTPAR",,,Plein jour,En agglomération,Intersection en X,Pluie légère,Sans collision,,,,,,,,,,,1,2,2,2.0,7
201400052433,0014-04-25 13:53:00,14,4,25,13,53,750,106,"166, BOULEVARD SAINT GER",,,Plein jour,En agglomération,Intersection en Y,Normale,Autre collision,,,,,,,,,,,1,2,4,1.0,6
201400052434,0014-04-26 17:05:00,14,4,26,17,5,750,106,"121, RUE DU CHERCHE MIDI",,,Plein jour,En agglomération,Intersection en T,Normale,Autre collision,,,,,,,,,,,1,2,3,1.0,6
201400052435,0014-05-06 17:49:00,14,5,6,17,49,750,106,"112, RUE DE RENNES",,,Plein jour,En agglomération,Intersection à plus de 4 branches,Normale,Deux véhicules - côté,,,,,,,,,,,1,2,5,1.0,3
201400052436,0014-05-07 21:20:00,14,5,7,21,20,750,113,"113, RUE NATIONALE",,,Nuit avec éclairage allumé,En agglomération,Place,Normale,Autre collision,,,,,,,,,,,5,2,7,1.0,6
201400052437,0014-05-12 16:30:00,14,5,12,16,30,750,106,"61, BOULEVARD DU MONTPAR",,,Plein jour,En agglomération,Intersection à plus de 4 branches,Pluie légère,Deux véhicules - côté,,,,,,,,,,,1,2,5,2.0,3
201400052438,0014-05-13 09:30:00,14,5,13,9,30,750,106,"107, RUE DE VAUGIRARD",,,Plein jour,En agglomération,Hors intersection,Normale,Autre collision,,,,,,,,,,,1,2,1,1.0,6
201400052439,0014-05-13 13:04:00,14,5,13,13,4,750,106,"12, BOULEVARD SAINT MICH",,,Plein jour,En agglomération,Hors intersection,Normale,Autre collision,,,,,,,,,,,1,2,1,1.0,6
201400052440,0014-05-16 19:26:00,14,5,16,19,26,750,106,"43, BOULEVARD RASPAIL",,,Plein jour,En agglomération,Intersection en X,Normale,Autre collision,,,,,,,,,,,1,2,2,1.0,6
201400052441,0014-05-18 11:52:00,14,5,18,11,52,750,106,"89, BOULEVARD DU MONTPAR",,,Plein jour,En agglomération,Intersection en X,Normale,Autre collision,,,,,,,,,,,1,2,2,1.0,6
201400052442,0014-05-20 10:30:00,14,5,20,10,30,750,106,"52, RUE SAINT ANDRE DES",,,Plein jour,En agglomération,Intersection en T,Normale,Autre collision,,,,,,,,,,,1,2,3,1.0,6
201400052443,0014-05-21 16:05:00,14,5,21,16,5,750,106,"107, BOULEVARD RASPAIL",,,Plein jour,En agglomération,Intersection en X,Normale,Autre collision,,,,,,,,,,,1,2,2,1.0,6
201400052444,0014-05-23 17:12:00,14,5,23,17,12,750,106,"123, RUE DE RENNES",,,Plein jour,En agglomération,Intersection à plus de 4 branches,Normale,Autre collision,,,,,,,,,,,1,2,5,1.0,6
201400052445,0014-05-26 04:45:00,14,5,26,4,45,750,106,"147, BOULEVARD RASPAIL",,,Nuit avec éclairage allumé,En agglomération,Intersection en X,Pluie légère,Deux véhicules - côté,,,,,,,,,,,5,2,2,2.0,3
201400052446,0014-05-26 17:04:00,14,5,26,17,4,750,106,"97, BOULEVARD DU MONTPAR",,,Plein jour,En agglomération,Intersection en T,Temps couvert,Autre collision,,,,,,,,,,,1,2,3,8.0,6
201400052447,0014-05-27 17:50:00,14,5,27,17,50,750,106,"13, RUE BREA",,,Plein jour,En agglomération,Hors intersection,Normale,Autre collision,,,,,,,,,,,1,2,1,1.0,6
201400052448,0014-05-28 16:40:00,14,5,28,16,40,750,106,"121, BOULEVARD RASPAIL",,,Plein jour,En agglomération,Intersection en X,Pluie légère,Autre collision,,,,,,,,,,,1,2,2,2.0,6
201400052449,0014-05-31 20:40:00,14,5,31,20,40,750,106,"52, RUE DAUPHINE",,,Crépuscule ou aube,En agglomération,Hors intersection,Normale,Autre collision,,,,,,,,,,,2,2,1,1.0,6
201400052450,0014-06-04 14:44:00,14,6,4,14,44,750,106,"107, BOULEVARD RASPAIL",,,Plein jour,En agglomération,Intersection à plus de 4 branches,Pluie forte,Autre collision,,,,,,,,,,,1,2,5,3.0,6
201400052451,0014-06-05 13:20:00,14,6,5,13,20,750,106,RUE DES CANETTES,,,Plein jour,En agglomération,Hors intersection,Normale,Autre collision,,,,,,,,,,,1,2,1,1.0,6
201400052452,0014-06-06 13:35:00,14,6,6,13,35,750,106,"6, BOULEVARD SAINT MICHE",,,Plein jour,En agglomération,Intersection en X,Normale,Deux véhicules - côté,,,,,,,,,,,1,2,2,1.0,3
201400052453,0014-06-11 11:35:00,14,6,11,11,35,750,106,"71, BOULEVARD DU MONTPAR",,,Plein jour,En agglomération,Hors intersection,Normale,Autre collision,,,,,,,,,,,1,2,1,1.0,6
201400052454,0014-06-17 09:00:00,14,6,17,9,0,750,113,"30, BOULEVARD DU GENERAL",,,Plein jour,En agglomération,Intersection à plus de 4 branches,Normale,Deux véhicules - côté,,,,,,,,,,,1,2,5,1.0,3
201400052455,0014-06-18 09:40:00,14,6,18,9,40,750,106,"25, QUAI DES GRANDS AUGU",,,Plein jour,En agglomération,Hors intersection,Normale,Deux véhicules - arrière,,,,,,,,,,,1,2,1,1.0,2
201400052456,0014-06-19 15:10:00,14,6,19,15,10,750,106,"78, RUE D ASSAS",,,Plein jour,En agglomération,Intersection en X,Normale,Autre collision,,,,,,,,,,,1,2,2,1.0,6
201400052457,0014-06-20 08:10:00,14,6,20,8,10,750,106,"57, BOULEVARD DU MONTPAR",,,Plein jour,En agglomération,Place,Normale,Deux véhicules - arrière,,,,,,,,,,,1,2,7,1.0,2
201400052458,0014-06-20 17:55:00,14,6,20,17,55,750,106,"122, RUE DE RENNES",,,Plein jour,En agglomération,Intersection à plus de 4 branches,Normale,Autre collision,,,,,,,,,,,1,2,5,1.0,6
201400052459,0014-06-23 12:15:00,14,6,23,12,15,750,106,"78, BOULEVARD SAINT MICH",,,Plein jour,En agglomération,Intersection en T,Normale,Deux véhicules - arrière,,,,,,,,,,,1,2,3,1.0,2
201400052460,0014-06-24 23:30:00,14,6,24,23,30,750,106,"132, RUE DE VAUGIRARD",,,Nuit avec éclairage allumé,En agglomération,Intersection en X,Normale,Autre collision,,,,,,,,,,,5,2,2,1.0,6
201400052461,0014-06-25 15:05:00,14,6,25,15,5,750,106,"125, RUE DE RENNES",,,Plein jour,En agglomération,Intersection à plus de 4 branches,Normale,Deux véhicules - arrière,,,,,,,,,,,1,2,5,1.0,2
201400052462,0014-06-26 18:40:00,14,6,26,18,40,750,106,RUE DE VAUGIRARD,,,Plein jour,En agglomération,Intersection en X,Normale,Deux véhicules - arrière,,,,,,,,,,,1,2,2,1.0,2
201400052463,0014-06-28 01:24:00,14,6,28,1,24,750,115,PLACE DU DIX HUIT JUIN 1,,,Nuit avec éclairage allumé,En agglomération,Place,Normale,Deux véhicules - côté,,,,,,,,,,,5,2,7,1.0,3
201400052464,0014-06-28 16:40:00,14,6,28,16,40,750,106,"46, RUE DE VAUGIRARD",,,Crépuscule ou aube,En agglomération,Hors intersection,Pluie forte,Sans collision,,,,,,,,,,,2,2,1,3.0,7
201400052465,0014-06-28 13:45:00,14,6,28,13,45,750,106,"93, BOULEVARD DU MONTPAR",,,Plein jour,En agglomération,Intersection en T,Pluie légère,Deux véhicules - arrière,,,,,,,,,,,1,2,3,2.0,2
201400052466,0014-07-01 15:55:00,14,7,1,15,55,750,106,"122, RUE DE RENNES",,,Plein jour,En agglomération,Hors intersection,Normale,Autre collision,,,,,,,,,,,1,2,1,1.0,6
201400052467,0014-07-01 18:40:00,14,7,1,18,40,750,105,RUE SAINT JACQUES,,,Plein jour,En agglomération,Intersection en X,Normale,Deux véhicules - côté,,,,,,,,,,,1,2,2,1.0,3
201400052468,0014-07-03 04:51:00,14,7,3,4,51,750,106,RUE DE RENNES,,,Crépuscule ou aube,En agglomération,Intersection à plus de 4 branches,Normale,Deux véhicules - côté,,,,,,,,,,,2,2,5,1.0,3
201400052469,0014-07-04 09:40:00,14,7,4,9,40,750,106,"123, BOULEVARD RASPAIL",,,Plein jour,En agglomération,Intersection à plus de 4 branches,Normale,Deux véhicules - côté,,,,,,,,,,,1,2,5,1.0,3
201400052470,0014-07-12 00:35:00,14,7,12,0,35,750,106,"48, RUE DE RENNES",,,Nuit avec éclairage allumé,En agglomération,Intersection en X,Normale,Deux véhicules - arrière,,,,,,,,,,,5,2,2,1.0,2
201400052471,0014-07-15 08:40:00,14,7,15,8,40,750,106,"7, RUE DANTON",,,Plein jour,En agglomération,Intersection à plus de 4 branches,Normale,Deux véhicules - côté,,,,,,,,,,,1,2,5,1.0,3
201400052472,0014-07-18 18:00:00,14,7,18,18,0,750,106,"11, RUE VAVIN",,,Plein jour,En agglomération,Hors intersection,Normale,Autre collision,,,,,,,,,,,1,2,1,1.0,6
201400052473,0014-07-24 12:40:00,14,7,24,12,40,750,106,"57, BOULEVARD DU MONTPAR",,,Plein jour,En agglomération,Intersection en T,Normale,Deux véhicules - côté,,,,,,,,,,,1,2,3,1.0,3
201400052474,0014-07-24 15:38:00,14,7,24,15,38,750,106,"73, RUE DE SEVRES",,,Plein jour,En agglomération,Intersection en T,Normale,Deux véhicules - côté,,,,,,,,,,,1,2,3,1.0,3
201400052475,0014-07-28 13:25:00,14,7,28,13,25,750,106,"19, RUE SAINT SULPICE",,,Plein jour,En agglomération,Intersection en X,Normale,Autre collision,,,,,,,,,,,1,2,2,1.0,6
201400052476,0014-07-30 14:00:00,14,7,30,14,0,750,106,"19, BOULEVARD DU MONTPAR",,,Plein jour,En agglomération,Intersection en X,Normale,Autre collision,,,,,,,,,,,1,2,2,1.0,6
201400052477,0014-08-12 09:45:00,14,8,12,9,45,750,106,"1, PLACE ALPHONSE DEVILL",,,Plein jour,En agglomération,Place,Normale,Sans collision,,,,,,,,,,,1,2,7,1.0,7
201400052478,0014-08-14 18:47:00,14,8,14,18,47,750,106,"31, RUE CASSETTE",,,Plein jour,En agglomération,Intersection en X,Temps couvert,Autre collision,,,,,,,,,,,1,2,2,8.0,6
201400052479,0014-08-18 21:20:00,14,8,18,21,20,750,106,"20, BOULEVARD SAINT MICH",,,Nuit avec éclairage allumé,En agglomération,Intersection en T,Normale,Deux véhicules - côté,,,,,,,,,,,5,2,3,1.0,3
201400052480,0014-08-20 16:30:00,14,8,20,16,30,750,106,"47, RUE MAZARINE",,,Plein jour,En agglomération,Hors intersection,Normale,Autre collision,,,,,,,,,,,1,2,1,1.0,6
201400052481,0014-08-25 18:35:00,14,8,25,18,35,750,106,"130, BOULEVARD RASPAIL",,,Plein jour,En agglomération,Intersection en X,Pluie forte,Deux véhicules - côté,,,,,,,,,,,1,2,2,3.0,3