accident_id,datetime,annee,mois,jour,heure,minute,departement,commune_insee,adresse,latitude,longitude,luminosite,agglomeration,intersection,meteo,collision,nb_vehicules,nb_usagers,nb_indemnes,nb_tues,nb_blesses_hosp,nb_blesses_legers,age_cond_1,age_cond_2,veh_type_cond_1,veh_type_cond_2,lum_code,agg_code,int_code,atm_code,col_code
201400052482,0014-08-26 14:45:00,14,8,26,14,45,750,106,"4, RUE DU FOUR",,,Plein jour,En agglomération,Intersection en T,Normale,Autre collision,,,,,,,,,,,1,2,3,1.0,6
201400052483,0014-09-09 10:00:00,14,9,9,10,0,750,106,"2, BOULEVARD SAINT MICHE",,,Plein jour,En agglomération,Hors intersection,Normale,Autre collision,,,,,,,,,,,1,2,1,1.0,6
201400052484,0014-09-11 17:59:00,14,9,11,17,59,750,106,"4, PLACE DU DIX HUIT JUI",,,Plein jour,En agglomération,Place,Normale,Deux véhicules - arrière,,,,,,,,,,,1,2,7,1.0,2
201400052485,0014-09-12 17:15:00,14,9,12,17,15,750,106,"172, BOULEVARD SAINT GER",,,Plein jour,En agglomération,Place,Normale,Deux véhicules - arrière,,,,,,,,,,,1,2,7,1.0,2
201400052486,0014-09-13 17:15:00,14,9,13,17,15,750,106,"5, RUE BREA",,,Plein jour,En agglomération,Hors intersection,Normale,Autre collision,,,,,,,,,,,1,2,1,1.0,6
201400052487,0014-09-14 15:40:00,14,9,14,15,40,750,106,"105, RUE DE RENNES",,,Plein jour,En agglomération,Intersection en T,Normale,Deux véhicules - arrière,,,,,,,,,,,1,2,3,1.0,2
201400052488,0014-09-20 14:10:00,14,9,20,14,10,750,106,"92, BOULEVARD RASPAIL",,,Plein jour,En agglomération,Intersection en X,Normale,Autre collision,,,,,,,,,,,1,2,2,1.0,6
201400052489,0014-09-20 18:03:00,14,9,20,18,3,750,106,"52, BOULEVARD RASPAIL",,,Plein jour,En agglomération,Intersection en X,Pluie légère,Autre collision,,,,,,,,,,,1,2,2,2.0,6
201400052490,0014-09-21 08:50:00,14,9,21,8,50,750,106,RUE DE RENNES,,,Plein jour,En agglomération,Hors intersection,Pluie légère,Sans collision,,,,,,,,,,,1,2,1,2.0,7
201400052491,0014-09-24 14:45:00,14,9,24,14,45,750,106,"139, BOULEVARD SAINT MIC",,,Plein jour,En agglomération,Intersection en T,Normale,Autre collision,,,,,,,,,,,1,2,3,1.0,6
201400052492,0014-09-25 18:20:00,14,9,25,18,20,750,106,"130, BOULEVARD RASPAIL",,,Plein jour,En agglomération,Intersection en X,Normale,Deux véhicules - côté,,,,,,,,,,,1,2,2,1.0,3
201400052493,0014-09-26 16:45:00,14,9,26,16,45,750,106,"11, QUAI DES GRANDS AUGU",,,Plein jour,En agglomération,Hors intersection,Normale,Deux véhicules - côté,,,,,,,,,,,1,2,1,1.0,3
201400052494,0014-09-26 17:40:00,14,9,26,17,40,750,106,"82, RUE BONAPARTE",,,Plein jour,En agglomération,Hors intersection,Normale,Autre collision,,,,,,,,,,,1,2,1,1.0,6
201400052495,0014-09-30 17:20:00,14,9,30,17,20,750,106,"11, RUE DE BUCI",,,Plein jour,En agglomération,Intersection en T,Normale,Autre collision,,,,,,,,,,,1,2,3,1.0,6
201400052496,0014-10-03 08:35:00,14,10,3,8,35,750,106,"43, RUE DE SEVRES",,,Plein jour,En agglomération,Hors intersection,Normale,Sans collision,,,,,,,,,,,1,2,1,1.0,7
201400052497,0014-10-04 00:05:00,14,10,4,0,5,750,106,"93, BOULEVARD DU MONTPAR",,,Nuit avec éclairage allumé,En agglomération,Hors intersection,Normale,Autre collision,,,,,,,,,,,5,2,1,1.0,6
201400052498,0014-10-06 12:30:00,14,10,6,12,30,750,106,"1, PLACE DE L ODEON",,,Plein jour,En agglomération,Place,Normale,Autre collision,,,,,,,,,,,1,2,7,1.0,6
201400052499,0014-10-08 13:35:00,14,10,8,13,35,750,106,"12, RUE AUGUSTE COMTE",,,Plein jour,En agglomération,Intersection en T,Pluie légère,Sans collision,,,,,,,,,,,1,2,3,2.0,7
201400052500,0014-10-08 16:08:00,14,10,8,16,8,750,113,"94, RUE JEANNE D ARC",,,Plein jour,En agglomération,Intersection en X,Normale,Deux véhicules - côté,,,,,,,,,,,1,2,2,1.0,3
201400052501,0014-10-08 19:45:00,14,10,8,19,45,750,106,"39, BOULEVARD DU MONTPAR",,,Nuit avec éclairage allumé,En agglomération,Hors intersection,Pluie légère,Autre collision,,,,,,,,,,,5,2,1,2.0,6
201400052502,0014-10-14 09:55:00,14,10,14,9,55,750,106,"6, RUE PRINCESSE",,,Plein jour,En agglomération,Hors intersection,Normale,Autre collision,,,,,,,,,,,1,2,1,1.0,6
201400052503,0014-10-19 09:24:00,14,10,19,9,24,750,106,"96, BOULEVARD RASPAIL",,,Plein jour,En agglomération,Hors intersection,Normale,Autre collision,,,,,,,,,,,1,2,1,1.0,6
201400052504,0014-10-21 09:15:00,14,10,21,9,15,750,106,"3, PLACE SAINT GERMAIN D",,,Plein jour,En agglomération,Place,Normale,Autre collision,,,,,,,,,,,1,2,7,1.0,6
201400052505,0014-10-24 12:24:00,14,10,24,12,24,750,106,"65, RUE DE VAUGIRARD",,,Plein jour,En agglomération,Hors intersection,Normale,Sans collision,,,,,,,,,,,1,2,1,1.0,7
201400052506,0014-10-25 14:10:00,14,10,25,14,10,750,106,"12, AVENUE DE L OBSERVAT",,,Plein jour,En agglomération,Intersection en X,Temps couvert,Deux véhicules - côté,,,,,,,,,,,1,2,2,8.0,3
201400052507,0014-11-04 09:00:00,14,11,4,9,0,750,106,"17, RUE SAINT ROMAIN",,,Plein jour,En agglomération,Hors intersection,Normale,Deux véhicules - côté,,,,,,,,,,,1,2,1,1.0,3
201400052508,0014-10-31 21:45:00,14,10,31,21,45,750,106,"29, RUE DE L ECOLE DE ME",,,Nuit avec éclairage allumé,En agglomération,Intersection en X,Normale,Sans collision,,,,,,,,,,,5,2,2,1.0,7
201400052509,0014-11-05 16:10:00,14,11,5,16,10,750,106,"27, QUAI DE CONTI",,,Plein jour,En agglomération,Hors intersection,Normale,Autre collision,,,,,,,,,,,1,2,1,1.0,6
201400052510,0014-11-06 10:55:00,14,11,6,10,55,750,106,"92, RUE D ASSAS",,,Plein jour,En agglomération,Hors intersection,Normale,Deux véhicules - côté,,,,,,,,,,,1,2,1,1.0,3
201400052511,0014-11-07 18:18:00,14,11,7,18,18,750,106,"129, RUE DE RENNES",,,Nuit avec éclairage allumé,En agglomération,Hors intersection,Normale,Autre collision,,,,,,,,,,,5,2,1,1.0,6
201400052512,0014-11-07 20:50:00,14,11,7,20,50,750,106,"153, RUE DE RENNES",,,Nuit avec éclairage allumé,En agglomération,Intersection en Y,Normale,Deux véhicules - côté,,,,,,,,,,,5,2,4,1.0,3
201400052513,0014-11-08 13:30:00,14,11,8,13,30,750,106,"117, BOULEVARD SAINT GER",,,Plein jour,En agglomération,Intersection en X,Normale,Deux véhicules - côté,,,,,,,,,,,1,2,2,1.0,3
201400052514,0014-11-14 13:25:00,14,11,14,13,25,750,113,"9, BOULEVARD DE L HOPITA",,,Plein jour,En agglomération,Hors intersection,Pluie légère,Autre collision,,,,,,,,,,,1,2,1,2.0,6
201400052515,0014-11-17 15:58:00,14,11,17,15,58,750,106,"1, RUE DE TOURNON",,,Plein jour,En agglomération,Intersection en X,Pluie légère,Deux véhicules - côté,,,,,,,,,,,1,2,2,2.0,3
201400052516,0014-11-17 17:40:00,14,11,17,17,40,750,106,"11, QUAI DE CONTI",,,Nuit avec éclairage allumé,En agglomération,Intersection en T,Pluie légère,Autre collision,,,,,,,,,,,5,2,3,2.0,6
201400052517,0014-11-20 08:23:00,14,11,20,8,23,750,106,"119, BOULEVARD RASPAIL",,,Plein jour,En agglomération,Intersection en X,Normale,Deux véhicules - côté,,,,,,,,,,,1,2,2,1.0,3
201400052518,0014-11-20 09:30:00,14,11,20,9,30,750,106,"79, RUE DE RENNES",,,Plein jour,En agglomération,Intersection en Y,Normale,Autre collision,,,,,,,,,,,1,2,4,1.0,6
201400052519,0014-11-22 10:25:00,14,11,22,10,25,750,106,"145, BOULEVARD RASPAIL",,,Plein jour,En agglomération,Place,Normale,Deux véhicules - côté,,,,,,,,,,,1,2,7,1.0,3
201400052520,0014-11-25 08:50:00,14,11,25,8,50,750,106,"26, BOULEVARD SAINT MICH",,,Plein jour,En agglomération,Intersection à plus de 4 branches,Temps couvert,Sans collision,,,,,,,,,,,1,2,5,8.0,7
201400052521,0014-11-28 15:35:00,14,11,28,15,35,750,106,"9, BOULEVARD DU MONTPARN",,,Plein jour,En agglomération,Hors intersection,Normale,Deux véhicules - arrière,,,,,,,,,,,1,2,1,1.0,2
201400052522,0014-11-28 17:32:00,14,11,28,17,32,750,106,"9, PLACE SAINT ANDRE DES",,,Nuit avec éclairage allumé,En agglomération,Place,Normale,Deux véhicules - arrière,,,,,,,,,,,5,2,7,1.0,2
201400052523,0014-11-29 07:41:00,14,11,29,7,41,750,106,"02, PLACE EDMOND ROSTAND",,,Crépuscule ou aube,En agglomération,Place,Normale,Sans collision,,,,,,,,,,,2,2,7,1.0,7
201400052524,0014-12-01 22:05:00,14,12,1,22,5,750,106,"132, BOULEVARD SAINT GER",,,Nuit avec éclairage allumé,En agglomération,Intersection en X,Pluie légère,Autre collision,,,,,,,,,,,5,2,2,2.0,6
201400052525,0014-12-04 19:40:00,14,12,4,19,40,750,106,"43, RUE DE SEVRES",,,Nuit avec éclairage allumé,En agglomération,Hors intersection,Normale,Autre collision,,,,,,,,,,,5,2,1,1.0,6
201400052526,0014-12-05 10:25:00,14,12,5,10,25,750,106,"27, RUE DE CONDE",,,Plein jour,En agglomération,Intersection en T,Normale,Deux véhicules - côté,,,,,,,,,,,1,2,3,1.0,3
201400052527,0014-12-09 19:15:00,14,12,9,19,15,750,106,"10, RUE DES CISEAUX",,,Nuit avec éclairage allumé,En agglomération,Intersection en T,Normale,Autre collision,,,,,,,,,,,5,2,3,1.0,6
201400052528,0014-12-10 15:00:00,14,12,10,15,0,750,106,"7, QUAI MALAQUAIS",,,Plein jour,En agglomération,Intersection à plus de 4 branches,Normale,Deux véhicules - arrière,,,,,,,,,,,1,2,5,1.0,2
201400052529,0014-12-11 11:30:00,14,12,11,11,30,750,106,"53 bis, RUE DE SEVRES",,,Plein jour,En agglomération,Intersection en X,Normale,Autre collision,,,,,,,,,,,1,2,2,1.0,6
201400052530,0014-12-11 16:40:00,14,12,11,16,40,750,106,"02, RUE VAVIN",,,Crépuscule ou aube,En agglomération,Intersection en X,Normale,Autre collision,,,,,,,,,,,2,2,2,1.0,6
201400052531,0014-12-11 20:55:00,14,12,11,20,55,750,106,"168, BOULEVARD SAINT GER",,,Nuit avec éclairage allumé,En agglomération,Place,Normale,Autre collision,,,,,,,,,,,5,2,7,1.0,6
201400052532,0014-12-12 08:20:00,14,12,12,8,20,750,106,BOULEVARD SAINT MICHEL,,,Plein jour,En agglomération,Intersection à plus de 4 branches,Pluie légère,Autre collision,,,,,,,,,,,1,2,5,2.0,6
201400052533,0014-12-12 15:05:00,14,12,12,15,5,750,106,"67, RUE DE RENNES",,,Plein jour,En agglomération,Intersection en X,Pluie légère,Sans collision,,,,,,,,,,,1,2,2,2.0,7
201400052534,0014-12-15 18:25:00,14,12,15,18,25,750,106,"9, PLACE SAINT SULPICE",,,Nuit avec éclairage allumé,En agglomération,Place,Pluie légère,Autre collision,,,,,,,,,,,5,2,7,2.0,6
201400052535,0014-12-15 20:25:00,14,12,15,20,25,750,113,"36, AVENUE D ITALIE",,,Nuit avec éclairage allumé,En agglomération,Hors intersection,Pluie légère,Deux véhicules - arrière,,,,,,,,,,,5,2,1,2.0,2
201400052536,0014-12-18 14:45:00,14,12,18,14,45,750,106,"91, BOULEVARD DU MONTPAR",,,Plein jour,En agglomération,Intersection en T,Normale,Deux véhicules - côté,,,,,,,,,,,1,2,3,1.0,3
201400052537,0014-12-19 12:40:00,14,12,19,12,40,750,106,"143/145, RUE DE RENNES",,,Plein jour,En agglomération,Hors intersection,Normale,Autre collision,,,,,,,,,,,1,2,1,1.0,6
201400052538,0014-12-22 12:05:00,14,12,22,12,5,750,106,"15, RUE SEGUIER",,,Plein jour,En agglomération,Hors intersection,Normale,Autre collision,,,,,,,,,,,1,2,1,1.0,6
201400052539,0014-12-27 21:05:00,14,12,27,21,5,750,106,"74, RUE BONAPARTE",,,Nuit avec éclairage allumé,En agglomération,Intersection en X,Pluie légère,Autre collision,,,,,,,,,,,5,2,2,2.0,6
201400052540,0014-01-11 21:05:00,14,1,11,21,5,750,107,"127, RUE SAINT DOMINIQUE",,,Nuit avec éclairage allumé,En agglomération,Hors intersection,Normale,Autre collision,,,,,,,,,,,5,2,1,1.0,6
201400052541,0014-01-11 22:20:00,14,1,11,22,20,750,107,"2, RUE DE BABYLONE",,,Nuit avec éclairage allumé,En agglomération,Place,Normale,Autre collision,,,,,,,,,,,5,2,7,1.0,6
201400052542,0014-01-15 13:35:00,14,1,15,13,35,750,107,QUAI BRANLY,,,Plein jour,En agglomération,Hors intersection,Pluie légère,Sans collision,,,,,,,,,,,1,2,1,2.0,7
201400052543,0014-01-17 10:25:00,14,1,17,10,25,750,107,"42, BOULEVARD RASPAIL",,,Plein jour,En agglomération,Intersection en Y,Temps couvert,Deux véhicules - arrière,,,,,,,,,,,1,2,4,8.0,2
201400052544,0014-01-18 07:10:00,14,1,18,7,10,750,107,QUAI BRANLY,,,Nuit avec éclairage allumé,En agglomération,Intersection en T,Normale,Autre collision,,,,,,,,,,,5,2,3,1.0,6
201400052545,0014-01-22 07:45:00,14,1,22,7,45,750,107,PONT DE LA CONCORDE,,,Crépuscule ou aube,En agglomération,Hors intersection,Normale,Deux véhicules - côté,,,,,,,,,,,2,2,1,1.0,3
201400052546,0014-01-22 17:10:00,14,1,22,17,10,750,107,"49, QUAI D ORSAY",,,Plein jour,En agglomération,Intersection en X,Pluie légère,Sans collision,,,,,,,,,,,1,2,2,2.0,7
201400052547,0014-01-23 16:00:00,14,1,23,16,0,750,107,"71, QUAI BRANLY",,,Plein jour,En agglomération,Intersection en T,Temps couvert,Deux véhicules - côté,,,,,,,,,,,1,2,3,8.0,3
201400052548,0014-01-24 16:45:00,14,1,24,16,45,750,107,BOULEVARD RASPAIL,,,Plein jour,En agglomération,Intersection à plus de 4 branches,Normale,Deux véhicules - arrière,,,,,,,,,,,1,2,5,1.0,2
201400052549,0014-01-29 00:35:00,14,1,29,0,35,750,107,BOULEVARD DES INVALIDES,,,Nuit avec éclairage allumé,En agglomération,Intersection à plus de 4 branches,Pluie légère,Autre collision,,,,,,,,,,,5,2,5,2.0,6
201400052550,0014-01-29 12:10:00,14,1,29,12,10,750,107,"36, AVENUE BOSQUET",,,Plein jour,En agglomération,Intersection en X,Pluie légère,Autre collision,,,,,,,,,,,1,2,2,2.0,6
201400052551,0014-02-04 09:21:00,14,2,4,9,21,750,107,"6, RUE OUDINOT",,,Plein jour,En agglomération,Intersection en T,Normale,Deux véhicules - côté,,,,,,,,,,,1,2,3,1.0,3
201400052552,0014-02-04 12:10:00,14,2,4,12,10,750,107,"11 BIS, BOULEVARD RASPAI",,,Plein jour,En agglomération,Intersection en T,Normale,Autre collision,,,,,,,,,,,1,2,3,1.0,6
201400052553,0014-02-10 15:10:00,14,2,10,15,10,750,107,"04, AVENUE DE LOWENDAL",,,Plein jour,En agglomération,Intersection en Y,Normale,Deux véhicules - côté,,,,,,,,,,,1,2,4,1.0,3
201400052554,0014-02-11 13:25:00,14,2,11,13,25,750,107,AVENUE DE LOWENDAL,,,Plein jour,En agglomération,Hors intersection,Normale,Deux véhicules - côté,,,,,,,,,,,1,2,1,1.0,3
201400052555,0014-02-11 16:30:00,14,2,11,16,30,750,107,"13, RUE EBLE",,,Plein jour,En agglomération,Intersection en T,Pluie légère,Autre collision,,,,,,,,,,,1,2,3,2.0,6
201400052556,0014-02-12 18:45:00,14,2,12,18,45,750,107,"2, BOULEVARD RASPAIL",,,Nuit avec éclairage allumé,En agglomération,Intersection à plus de 4 branches,Pluie forte,Autre collision,,,,,,,,,,,5,2,5,3.0,6
201400052557,0014-02-12 20:30:00,14,2,12,20,30,750,107,"3, QUAI VOLTAIRE",,,Nuit sans éclairage public,En agglomération,Intersection en X,Pluie légère,Deux véhicules - arrière,,,,,,,,,,,3,2,2,2.0,2
201400052558,0014-02-13 16:35:00,14,2,13,16,35,750,107,"9, BOULEVARD RASPAIL",,,Plein jour,En agglomération,Intersection à plus de 4 branches,Normale,Deux véhicules - côté,,,,,,,,,,,1,2,5,1.0,3
201400052559,0014-02-15 12:50:00,14,2,15,12,50,750,107,"17, PLACE JOFFRE",,,Plein jour,En agglomération,Hors intersection,Normale,Deux véhicules - côté,,,,,,,,,,,1,2,1,1.0,3
201400052560,0014-02-16 12:20:00,14,2,16,12,20,750,107,"01, BOULEVARD DE LA TOUR",,,Plein jour,En agglomération,Intersection à plus de 4 branches,Normale,Deux véhicules - arrière,,,,,,,,,,,1,2,5,1.0,2
201400052561,0014-02-17 09:05:00,14,2,17,9,5,750,107,BOULEVARD DES INVALIDES,,,Plein jour,En agglomération,Intersection en X,Temps couvert,Autre collision,,,,,,,,,,,1,2,2,8.0,6
201400052562,0014-02-20 03:50:00,14,2,20,3,50,750,107,PLACE DE LA RESISTANCE,,,Nuit avec éclairage allumé,En agglomération,Place,Normale,Autre collision,,,,,,,,,,,5,2,7,1.0,6
201400052563,0014-02-24 09:50:00,14,2,24,9,50,750,107,BOULEVARD DES INVALIDES,,,Plein jour,En agglomération,Place,Normale,Deux véhicules - côté,,,,,,,,,,,1,2,7,1.0,3
201400052564,0014-02-28 15:10:00,14,2,28,15,10,750,107,PONT DE LA CONCORDE,,,Plein jour,En agglomération,Hors intersection,Temps couvert,Deux véhicules - côté,,,,,,,,,,,1,2,1,8.0,3
201400052565,0014-03-03 12:55:00,14,3,3,12,55,750,107,"51, BOULEVARD DE LA TOUR",,,Plein jour,En agglomération,Hors intersection,Normale,Sans collision,,,,,,,,,,,1,2,1,1.0,7
201400052566,0014-03-05 16:55:00,14,3,5,16,55,750,107,"20, RUE DE BABYLONE",,,Plein jour,En agglomération,Intersection en X,Normale,Autre collision,,,,,,,,,,,1,2,2,1.0,6
201400052567,0014-03-07 01:54:00,14,3,7,1,54,750,107,"23, AVENUE DE LA MOTTE P",,,Nuit avec éclairage allumé,En agglomération,Hors intersection,Normale,Deux véhicules - arrière,,,,,,,,,,,5,2,1,1.0,2
201400052568,0014-03-07 10:45:00,14,3,7,10,45,750,107,QUAI D ORSAY,,,Plein jour,En agglomération,Intersection à plus de 4 branches,Normale,Deux véhicules - côté,,,,,,,,,,,1,2,5,1.0,3
201400052569,0014-03-13 16:25:00,14,3,13,16,25,750,107,"54, RUE DU BAC",,,Plein jour,En agglomération,Intersection en X,Normale,Autre collision,,,,,,,,,,,1,2,2,1.0,6
201400052570,0014-03-15 19:55:00,14,3,15,19,55,750,107,"241, BOULEVARD SAINT GER",,,Nuit avec éclairage allumé,En agglomération,Intersection en Y,Normale,Trois véhicules et plus - en chaîne,,,,,,,,,,,5,2,4,1.0,4
201400052571,0014-03-16 10:55:00,14,3,16,10,55,750,107,"29, RUE DE SEVRES",,,Plein jour,En agglomération,Intersection à plus de 4 branches,Normale,Autre collision,,,,,,,,,,,1,2,5,1.0,6
201400052572,0014-03-18 11:10:00,14,3,18,11,10,750,107,"91, QUAI D ORSAY",,,Plein jour,En agglomération,Place,Normale,Sans collision,,,,,,,,,,,1,2,7,1.0,7
201400052573,0014-03-19 11:10:00,14,3,19,11,10,750,107,"40, AVENUE BOSQUET",,,Plein jour,En agglomération,Hors intersection,Normale,Autre collision,,,,,,,,,,,1,2,1,1.0,6
201400052574,0014-03-20 17:56:00,14,3,20,17,56,750,106,"35, RUE DE SEVRES",,,Plein jour,En agglomération,Intersection en T,Normale,Deux véhicules - arrière,,,,,,,,,,,1,2,3,1.0,2
201400052575,0014-03-21 12:30:00,14,3,21,12,30,750,107,"11, RUE SAINT GUILLAUME",,,Plein jour,En agglomération,Intersection en T,Normale,Autre collision,,,,,,,,,,,1,2,3,1.0,6
201400052576,0014-03-25 11:15:00,14,3,25,11,15,750,107,"175, RUE DE GRENELLE",,,Plein jour,En agglomération,Intersection en T,Pluie légère,Deux véhicules - côté,,,,,,,,,,,1,2,3,2.0,3
201400052577,0014-03-28 12:00:00,14,3,28,12,0,750,107,"1, PLACE JOFFRE",,,Plein jour,En agglomération,Hors intersection,Normale,Deux véhicules - arrière,,,,,,,,,,,1,2,1,1.0,2
201400052578,0014-03-30 21:20:00,14,3,30,21,20,750,107,"19-21, AVENUE BOSQUET",,,Nuit avec éclairage allumé,En agglomération,Intersection en T,Normale,Deux véhicules - côté,,,,,,,,,,,5,2,3,1.0,3
201400052579,0014-04-03 15:45:00,14,4,3,15,45,750,107,RUE DE BELLECHASSE,,,Plein jour,En agglomération,Intersection en X,Normale,Autre collision,,,,,,,,,,,1,2,2,1.0,6
201400052580,0014-04-03 20:45:00,14,4,3,20,45,750,107,"VII-7761, AVENUE DU MARE",,,Nuit avec éclairage allumé,En agglomération,Intersection en X,Normale,Deux véhicules - côté,,,,,,,,,,,5,2,2,1.0,3
201400052581,0014-04-03 04:30:00,14,4,3,4,30,750,107,PLACE DE LA RESISTANCE,,,Nuit avec éclairage allumé,En agglomération,Place,Normale,Sans collision,,,,,,,,,,,5,2,7,1.0,7
201400052582,0014-04-08 19:40:00,14,4,8,19,40,750,107,"41, AVENUE DE LA BOURDON",,,Crépuscule ou aube,En agglomération,Hors intersection,Normale,Autre collision,,,,,,,,,,,2,2,1,1.0,6
201400052583,0014-04-09 17:00:00,14,4,9,17,0,750,107,AVENUE JOSEPH BOUVARD,,,Plein jour,En agglomération,Intersection en X,Normale,Autre collision,,,,,,,,,,,1,2,2,1.0,6
201400052584,0014-04-11 09:15:00,14,4,11,9,15,750,107,"25, AVENUE BOSQUET",,,Plein jour,En agglomération,Hors intersection,Normale,Deux véhicules - côté,,,,,,,,,,,1,2,1,1.0,3
201400052585,0014-04-14 21:36:00,14,4,14,21,36,750,107,AVENUE DU MARECHAL GALLI,,,Nuit avec éclairage allumé,En agglomération,Hors intersection,Normale,Autre collision,,,,,,,,,,,5,2,1,1.0,6
201400052586,0014-04-16 09:00:00,14,4,16,9,0,750,107,"09, BOULEVARD RASPAIL",,,Plein jour,En agglomération,Intersection à plus de 4 branches,Normale,Deux véhicules - côté,,,,,,,,,,,1,2,5,1.0,3
201400052587,0014-04-16 11:30:00,14,4,16,11,30,750,107,"42, AVENUE DUQUESNE",,,Plein jour,En agglomération,Intersection en T,Normale,Autre collision,,,,,,,,,,,1,2,3,1.0,6
201400052588,0014-04-22 11:45:00,14,4,22,11,45,750,107,"18, AVENUE DE LA MOTTE P",,,Plein jour,En agglomération,Hors intersection,Normale,Autre collision,,,,,,,,,,,1,2,1,1.0,6
201400052589,0014-04-24 21:20:00,14,4,24,21,20,750,107,QUAI D ORSAY,,,Crépuscule ou aube,En agglomération,Place,Normale,Deux véhicules - côté,,,,,,,,,,,2,2,7,1.0,3
201400052590,0014-04-25 10:40:00,14,4,25,10,40,750,107,AVENUE FREDERIC LE PLAY,,,Plein jour,En agglomération,Hors intersection,Temps couvert,Autre collision,,,,,,,,,,,1,2,1,8.0,6
201400052591,0014-04-29 18:50:00,14,4,29,18,50,750,106,"47, RUE DE SEVRES",,,Crépuscule ou aube,En agglomération,Intersection en T,Pluie légère,Deux véhicules - côté,,,,,,,,,,,2,2,3,2.0,3
201400052592,0014-04-30 12:25:00,14,4,30,12,25,750,107,RUE SAINT DOMINIQUE,,,Plein jour,En agglomération,Hors intersection,Normale,Deux véhicules - arrière,,,,,,,,,,,1,2,1,1.0,2
201400052593,0014-05-02 00:01:00,14,5,2,0,1,750,107,QUAI BRANLY,,,Nuit avec éclairage allumé,En agglomération,Intersection à plus de 4 branches,Pluie légère,Deux véhicules - côté,,,,,,,,,,,5,2,5,2.0,3
201400052594,0014-05-05 18:00:00,14,5,5,18,0,750,107,"72, RUE DE SEVRES",,,Plein jour,En agglomération,Hors intersection,Normale,Autre collision,,,,,,,,,,,1,2,1,1.0,6
201400052595,0014-05-06 10:25:00,14,5,6,10,25,750,107,"27, QUAI VOLTAIRE",,,Plein jour,En agglomération,Intersection en T,Normale,Sans collision,,,,,,,,,,,1,2,3,1.0,7
201400052596,0014-05-06 16:36:00,14,5,6,16,36,750,107,RUE DE SEVRES,,,Plein jour,En agglomération,Intersection en X,Normale,Deux véhicules - arrière,,,,,,,,,,,1,2,2,1.0,2
201400052597,0014-05-08 02:10:00,14,5,8,2,10,750,107,RUE D ESTREES,,,Nuit avec éclairage allumé,En agglomération,Intersection à plus de 4 branches,Normale,Deux véhicules - côté,,,,,,,,,,,5,2,5,1.0,3
201400052598,0014-05-08 18:10:00,14,5,8,18,10,750,107,AVENUE DE LA MOTTE PICQU,,,Plein jour,En agglomération,Place,Pluie légère,Autre collision,,,,,,,,,,,1,2,7,2.0,6
201400052599,0014-05-10 03:46:00,14,5,10,3,46,750,107,QUAI BRANLY,,,Nuit avec éclairage allumé,En agglomération,Hors intersection,Normale,Autre collision,,,,,,,,,,,5,2,1,1.0,6
201400052600,0014-05-10 20:10:00,14,5,10,20,10,750,107,"33, QUAI D ORSAY",,,Plein jour,En agglomération,Intersection en T,Pluie légère,Deux véhicules - côté,,,,,,,,,,,1,2,3,2.0,3
201400052601,0014-05-13 21:45:00,14,5,13,21,45,750,107,"83, AVENUE BOSQUET",,,Nuit avec éclairage allumé,En agglomération,Hors intersection,Normale,Autre collision,,,,,,,,,,,5,2,1,1.0,6
201400052602,0014-05-15 14:20:00,14,5,15,14,20,750,107,"49, RUE SAINT DOMINIQUE",,,Plein jour,En agglomération,Hors intersection,Normale,Deux véhicules - côté,,,,,,,,,,,1,2,1,1.0,3
201400052603,0014-05-16 11:10:00,14,5,16,11,10,750,107,"41, QUAI D ORSAY",,,Plein jour,En agglomération,Intersection en X,Normale,Deux véhicules - côté,,,,,,,,,,,1,2,2,1.0,3
201400052604,0014-05-16 16:30:00,14,5,16,16,30,750,107,"35, AVENUE BOSQUET",,,Plein jour,En agglomération,Intersection en X,Normale,Autre collision,,,,,,,,,,,1,2,2,1.0,6
201400052605,0014-05-19 09:10:00,14,5,19,9,10,750,107,"33, BOULEVARD DES INVALI",,,Plein jour,En agglomération,Intersection en X,Normale,Deux véhicules - frontale,,,,,,,,,,,1,2,2,1.0,1
201400052606,0014-05-20 10:55:00,14,5,20,10,55,750,107,QUAI D ORSAY,,,Plein jour,En agglomération,Place,Normale,Deux véhicules - arrière,,,,,,,,,,,1,2,7,1.0,2
201400052607,0014-05-22 10:15:00,14,5,22,10,15,750,107,AVENUE DUQUESNE,,,Plein jour,En agglomération,Intersection en X,Pluie forte,Sans collision,,,,,,,,,,,1,2,2,3.0,7
201400052608,0014-05-24 00:20:00,14,5,24,0,20,750,107,"66, RUE SAINT DOMINIQUE",,,Nuit avec éclairage allumé,En agglomération,Intersection en T,Pluie légère,Deux véhicules - arrière,,,,,,,,,,,5,2,3,2.0,2
201400052609,0014-05-27 19:10:00,14,5,27,19,10,750,107,"7, RUE VANEAU",,,Plein jour,En agglomération,Intersection en T,Normale,Deux véhicules - arrière,,,,,,,,,,,1,2,3,1.0,2
201400052610,0014-05-28 17:15:00,14,5,28,17,15,750,107,"9, QUAI VOLTAIRE",,,Plein jour,En agglomération,Intersection en T,Pluie légère,Sans collision,,,,,,,,,,,1,2,3,2.0,7
201400052611,0014-05-30 17:25:00,14,5,30,17,25,750,107,QUAI BRANLY,,,Plein jour,En agglomération,Hors intersection,Normale,Autre collision,,,,,,,,,,,1,2,1,1.0,6