accident_id,datetime,annee,mois,jour,heure,minute,departement,commune_insee,adresse,latitude,longitude,luminosite,agglomeration,intersection,meteo,collision,nb_vehicules,nb_usagers,nb_indemnes,nb_tues,nb_blesses_hosp,nb_blesses_legers,age_cond_1,age_cond_2,veh_type_cond_1,veh_type_cond_2,lum_code,agg_code,int_code,atm_code,col_code
201400052871,0014-04-25 18:20:00,14,4,25,18,20,750,108,"136, AVENUE DES CHAMPS E",,,Plein jour,En agglomération,Intersection en X,Temps couvert,Deux véhicules - arrière,,,,,,,,,,,1,2,2,8.0,2
201400052872,0014-04-26 00:35:00,14,4,26,0,35,750,108,"106, RUE LA BOETIE",,,Nuit avec éclairage allumé,En agglomération,Hors intersection,Normale,Deux véhicules - côté,,,,,,,,,,,5,2,1,1.0,3
201400052873,0014-04-26 02:30:00,14,4,26,2,30,750,108,"50, AVENUE MONTAIGNE",,,Nuit avec éclairage allumé,En agglomération,Hors intersection,Normale,Deux véhicules - arrière,,,,,,,,,,,5,2,1,1.0,2
201400052874,0014-04-27 00:25:00,14,4,27,0,25,750,108,"99, AVENUE DES CHAMPS EL",,,Nuit avec éclairage allumé,En agglomération,Intersection en X,Normale,Autre collision,,,,,,,,,,,5,2,2,1.0,6
201400052875,0014-04-28 10:00:00,14,4,28,10,0,750,108,"37, RUE DE L ARCADE",,,Plein jour,En agglomération,Intersection en X,Pluie légère,Deux véhicules - arrière,,,,,,,,,,,1,2,2,2.0,2
201400052876,0014-04-28 14:15:00,14,4,28,14,15,750,108,"22, RUE DE NAPLES",,,Plein jour,En agglomération,Intersection en X,Temps couvert,Deux véhicules - côté,,,,,,,,,,,1,2,2,8.0,3
201400052877,0014-04-29 19:40:00,14,4,29,19,40,750,108,"18, RUE ROYALE",,,Crépuscule ou aube,En agglomération,Intersection en X,Pluie légère,Sans collision,,,,,,,,,,,2,2,2,2.0,7
201400052878,0014-04-30 08:35:00,14,4,30,8,35,750,108,"67, RUE DE MONCEAU",,,Plein jour,En agglomération,Intersection en T,Normale,Deux véhicules - arrière,,,,,,,,,,,1,2,3,1.0,2
201400052879,0014-05-01 12:00:00,14,5,1,12,0,750,108,PLACE DE LA CONCORDE,,,Plein jour,En agglomération,Place,Pluie légère,Sans collision,,,,,,,,,,,1,2,7,2.0,7
201400052880,0014-05-04 17:30:00,14,5,4,17,30,750,108,"27, BOULEVARD DE COURCEL",,,Plein jour,En agglomération,Hors intersection,Normale,Deux véhicules - côté,,,,,,,,,,,1,2,1,1.0,3
201400052881,0014-05-05 18:00:00,14,5,5,18,0,750,108,PLACE DE LA CONCORDE,,,Plein jour,En agglomération,Place,Normale,Deux véhicules - arrière,,,,,,,,,,,1,2,7,1.0,2
201400052882,0014-05-07 09:20:00,14,5,7,9,20,750,108,AVENUE DES CHAMPS ELYSEE,,,Plein jour,En agglomération,Place,Normale,Trois véhicules et plus - en chaîne,,,,,,,,,,,1,2,7,1.0,4
201400052883,0014-05-09 07:45:00,14,5,9,7,45,750,108,"91, AVENUE DES CHAMPS EL",,,Plein jour,En agglomération,Intersection en X,Pluie légère,Deux véhicules - arrière,,,,,,,,,,,1,2,2,2.0,2
201400052884,0014-05-12 17:00:00,14,5,12,17,0,750,108,"40, AVENUE GEORGE V",,,Plein jour,En agglomération,Place,Pluie légère,Sans collision,,,,,,,,,,,1,2,7,2.0,7
201400052885,0014-05-12 17:30:00,14,5,12,17,30,750,108,"89, RUE DU FAUBOURG SAIN",,,Plein jour,En agglomération,Hors intersection,Normale,Deux véhicules - côté,,,,,,,,,,,1,2,1,1.0,3
201400052886,0014-05-12 18:13:00,14,5,12,18,13,750,108,"7, AVENUE DE MESSINE",,,Plein jour,En agglomération,Hors intersection,Normale,Autre collision,,,,,,,,,,,1,2,1,1.0,6
201400052887,0014-05-13 15:30:00,14,5,13,15,30,750,108,"49, RUE DE LONDRES",,,Plein jour,En agglomération,Hors intersection,Pluie légère,Deux véhicules - arrière,,,,,,,,,,,1,2,1,2.0,2
201400052888,0014-05-14 16:30:00,14,5,14,16,30,750,108,AVENUE DES CHAMPS ELYSEE,,,Plein jour,En agglomération,Hors intersection,Normale,Deux véhicules - arrière,,,,,,,,,,,1,2,1,1.0,2
201400052889,0014-05-14 19:20:00,14,5,14,19,20,750,108,"41, RUE DE LABORDE",,,Plein jour,En agglomération,Intersection en T,Normale,Autre collision,,,,,,,,,,,1,2,3,1.0,6
201400052890,0014-05-15 15:15:00,14,5,15,15,15,750,108,AVENUE DE MARIGNY,,,Plein jour,En agglomération,Hors intersection,Normale,Autre collision,,,,,,,,,,,1,2,1,1.0,6
201400052891,0014-05-19 13:45:00,14,5,19,13,45,750,108,"42, RUE VIGNON",,,Plein jour,En agglomération,Intersection à plus de 4 branches,Normale,Autre collision,,,,,,,,,,,1,2,5,1.0,6
201400052892,0014-05-20 00:55:00,14,5,20,0,55,750,108,"16, RUE DE LISBONNE",,,Nuit avec éclairage allumé,En agglomération,Intersection en X,Normale,Deux véhicules - côté,,,,,,,,,,,5,2,2,1.0,3
201400052893,0014-05-20 23:45:00,14,5,20,23,45,750,108,AVENUE DE FRIEDLAND,,,Nuit avec éclairage allumé,En agglomération,Intersection en T,Normale,Autre collision,,,,,,,,,,,5,2,3,1.0,6
201400052894,0014-05-21 11:45:00,14,5,21,11,45,750,108,RUE DE VIENNE,,,Plein jour,En agglomération,Place,Pluie forte,Autre collision,,,,,,,,,,,1,2,7,3.0,6
201400052895,0014-05-22 11:30:00,14,5,22,11,30,750,108,"08, RUE DE TEHERAN",,,Plein jour,En agglomération,Hors intersection,Pluie légère,Deux véhicules - côté,,,,,,,,,,,1,2,1,2.0,3
201400052896,0014-05-22 18:00:00,14,5,22,18,0,750,108,AVENUE DES CHAMPS ELYSEE,,,Plein jour,En agglomération,Place,Normale,Deux véhicules - côté,,,,,,,,,,,1,2,7,1.0,3
201400052897,0014-05-23 07:40:00,14,5,23,7,40,750,108,"45, BOULEVARD DES BATIGN",,,Plein jour,En agglomération,Intersection en X,Normale,Autre collision,,,,,,,,,,,1,2,2,1.0,6
201400052898,0014-05-23 14:00:00,14,5,23,14,0,750,108,"41, AVENUE DE FRIEDLAND",,,Plein jour,En agglomération,Intersection en X,Normale,Deux véhicules - côté,,,,,,,,,,,1,2,2,1.0,3
201400052899,0014-05-24 15:00:00,14,5,24,15,0,750,108,"2, RUE DE VEZELAY",,,Plein jour,En agglomération,Intersection en X,Normale,Deux véhicules - côté,,,,,,,,,,,1,2,2,1.0,3
201400052900,0014-05-24 16:05:00,14,5,24,16,5,750,108,"27, BOULEVARD DE COURCEL",,,Plein jour,En agglomération,Hors intersection,Pluie légère,Deux véhicules - côté,,,,,,,,,,,1,2,1,2.0,3
201400052901,0014-05-25 17:45:00,14,5,25,17,45,750,108,"11, BOULEVARD MALESHERBE",,,Plein jour,En agglomération,Intersection en X,Normale,Deux véhicules - côté,,,,,,,,,,,1,2,2,1.0,3
201400052902,0014-05-27 02:05:00,14,5,27,2,5,750,117,"22, AVENUE DE WAGRAM",,,Nuit avec éclairage allumé,En agglomération,Intersection en T,Normale,Deux véhicules - arrière,,,,,,,,,,,5,2,3,1.0,2
201400052903,0014-05-29 01:20:00,14,5,29,1,20,750,108,PLACE DE LA CONCORDE,,,Nuit avec éclairage allumé,En agglomération,Place,Normale,Deux véhicules - côté,,,,,,,,,,,5,2,7,1.0,3
201400052904,0014-05-30 15:15:00,14,5,30,15,15,750,108,"5, RUE DU HAVRE",,,Plein jour,En agglomération,Intersection à plus de 4 branches,Normale,Deux véhicules - côté,,,,,,,,,,,1,2,5,1.0,3
201400052905,0014-05-30 18:50:00,14,5,30,18,50,750,108,AVENUE DES CHAMPS ELYSEE,,,Plein jour,En agglomération,Place,Normale,Deux véhicules - côté,,,,,,,,,,,1,2,7,1.0,3
201400052906,0014-05-30 17:50:00,14,5,30,17,50,750,108,"99, RUE D AMSTERDAM",,,Plein jour,En agglomération,Hors intersection,Normale,Autre collision,,,,,,,,,,,1,2,1,1.0,6
201400052907,0014-06-02 09:00:00,14,6,2,9,0,750,108,"82, BOULEVARD HAUSSMANN",,,Plein jour,En agglomération,Hors intersection,Normale,Deux véhicules - côté,,,,,,,,,,,1,2,1,1.0,3
201400052908,0014-06-02 11:30:00,14,6,2,11,30,750,108,BOULEVARD HAUSSMANN,,,Plein jour,En agglomération,Intersection à plus de 4 branches,Normale,Autre collision,,,,,,,,,,,1,2,5,1.0,6
201400052909,0014-06-02 17:45:00,14,6,2,17,45,750,108,"46, AVENUE GEORGE V",,,Plein jour,En agglomération,Intersection en X,Normale,Deux véhicules - côté,,,,,,,,,,,1,2,2,1.0,3
201400052910,0014-06-03 17:15:00,14,6,3,17,15,750,108,"14, RUE DE SAINT PETERSB",,,Plein jour,En agglomération,Place,Normale,Deux véhicules - côté,,,,,,,,,,,1,2,7,1.0,3
201400052911,0014-06-03 13:14:00,14,6,3,13,14,750,108,RUE DE MIROMESNIL,,,Plein jour,En agglomération,Hors intersection,Normale,Deux véhicules - arrière,,,,,,,,,,,1,2,1,1.0,2
201400052912,0014-06-05 14:00:00,14,6,5,14,0,750,108,AVENUE DES CHAMPS ELYSEE,,,Plein jour,En agglomération,Place,Normale,Autre collision,,,,,,,,,,,1,2,7,1.0,6
201400052913,0014-06-05 14:45:00,14,6,5,14,45,750,108,"41 bis, BOULEVARD DES BA",,,Plein jour,En agglomération,Intersection en T,Normale,Deux véhicules - côté,,,,,,,,,,,1,2,3,1.0,3
201400052914,0014-06-05 15:25:00,14,6,5,15,25,750,108,"10, PLACE DE LA CONCORDE",,,Plein jour,En agglomération,Place,Normale,Autre collision,,,,,,,,,,,1,2,7,1.0,6
201400052915,0014-06-05 21:20:00,14,6,5,21,20,750,108,"99, AVENUE DES CHAMPS EL",,,Plein jour,En agglomération,Intersection en X,Normale,Deux véhicules - côté,,,,,,,,,,,1,2,2,1.0,3
201400052916,0014-06-06 02:45:00,14,6,6,2,45,750,108,PLACE DE L ALMA,,,Nuit avec éclairage allumé,En agglomération,Place,Normale,Sans collision,,,,,,,,,,,5,2,7,1.0,7
201400052917,0014-06-10 09:20:00,14,6,10,9,20,750,108,"109, AVENUE DES CHAMPS E",,,Plein jour,En agglomération,Hors intersection,Normale,Sans collision,,,,,,,,,,,1,2,1,1.0,7
201400052918,0014-06-10 18:20:00,14,6,10,18,20,750,108,"40, AVENUE DE FRIEDLAND",,,Plein jour,En agglomération,Hors intersection,Temps couvert,Autre collision,,,,,,,,,,,1,2,1,8.0,6
201400052919,0014-06-11 14:05:00,14,6,11,14,5,750,108,"18, RUE TRONCHET",,,Plein jour,En agglomération,Intersection en T,Normale,Autre collision,,,,,,,,,,,1,2,3,1.0,6
201400052920,0014-06-11 15:50:00,14,6,11,15,50,750,108,"8, BOULEVARD MALESHERBES",,,Crépuscule ou aube,En agglomération,Intersection en T,Normale,Deux véhicules - côté,,,,,,,,,,,2,2,3,1.0,3
201400052921,0014-06-12 09:50:00,14,6,12,9,50,750,108,BOULEVARD MALESHERBES,,,Plein jour,En agglomération,Intersection en X,Normale,Deux véhicules - arrière,,,,,,,,,,,1,2,2,1.0,2
201400052922,0014-06-12 17:30:00,14,6,12,17,30,750,108,"72, GALERIE ELYSEES LA B",,,Plein jour,En agglomération,Intersection en X,Normale,Autre collision,,,,,,,,,,,1,2,2,1.0,6
201400052923,0014-06-12 18:15:00,14,6,12,18,15,750,108,"4, PLACE DE LA CONCORDE",,,Plein jour,En agglomération,Place,Normale,Deux véhicules - côté,,,,,,,,,,,1,2,7,1.0,3
201400052924,0014-06-13 12:10:00,14,6,13,12,10,750,108,"69, BOULEVARD HAUSSMANN",,,Plein jour,En agglomération,Intersection en X,Normale,Sans collision,,,,,,,,,,,1,2,2,1.0,7
201400052925,0014-06-13 15:05:00,14,6,13,15,5,750,108,RUE DE LA VILLE L EVEQUE,,,Plein jour,En agglomération,Intersection en T,Normale,Deux véhicules - côté,,,,,,,,,,,1,2,3,1.0,3
201400052926,0014-06-13 17:20:00,14,6,13,17,20,750,108,BOULEVARD DES BATIGNOLLE,,,Plein jour,En agglomération,Intersection à plus de 4 branches,Normale,Trois véhicules et plus - en chaîne,,,,,,,,,,,1,2,5,1.0,4
201400052927,0014-06-14 15:30:00,14,6,14,15,30,750,108,"14, RUE DE SAINT PETERSB",,,Plein jour,En agglomération,Place,Normale,Deux véhicules - frontale,,,,,,,,,,,1,2,7,1.0,1
201400052928,0014-06-17 16:20:00,14,6,17,16,20,750,108,"45, BOULEVARD DES BATIGN",,,Plein jour,En agglomération,Hors intersection,Normale,Deux véhicules - arrière,,,,,,,,,,,1,2,1,1.0,2
201400052929,0014-06-18 17:15:00,14,6,18,17,15,750,108,"79, AVENUE DES CHAMPS EL",,,Plein jour,En agglomération,Intersection en X,Normale,Autre collision,,,,,,,,,,,1,2,2,1.0,6
201400052930,0014-06-19 16:10:00,14,6,19,16,10,750,108,"14, BOULEVARD DE LA MADE",,,Plein jour,En agglomération,Intersection en T,Normale,Autre collision,,,,,,,,,,,1,2,3,1.0,6
201400052931,0014-06-19 20:10:00,14,6,19,20,10,750,108,"55, AVENUE DES CHAMPS EL",,,Plein jour,En agglomération,Intersection en X,Normale,Autre collision,,,,,,,,,,,1,2,2,1.0,6
201400052932,0014-06-20 00:05:00,14,6,20,0,5,750,108,"45, BOULEVARD DES BATIGN",,,Nuit avec éclairage allumé,En agglomération,Intersection en X,Normale,Deux véhicules - côté,,,,,,,,,,,5,2,2,1.0,3
201400052933,0014-06-20 16:00:00,14,6,20,16,0,750,108,PLACE DE LA CONCORDE,,,Plein jour,En agglomération,Place,Normale,Autre collision,,,,,,,,,,,1,2,7,1.0,6
201400052934,0014-06-22 05:20:00,14,6,22,5,20,750,108,"4, PLACE DE LA CONCORDE",,,Crépuscule ou aube,En agglomération,Place,Normale,Autre collision,,,,,,,,,,,2,2,7,1.0,6
201400052935,0014-06-22 19:00:00,14,6,22,19,0,750,108,AVENUE PERCIER,,,Plein jour,En agglomération,Intersection en T,Normale,Sans collision,,,,,,,,,,,1,2,3,1.0,7
201400052936,0014-06-22 19:05:00,14,6,22,19,5,750,108,"12, AVENUE PERCIER",,,Plein jour,En agglomération,Intersection en T,Normale,Sans collision,,,,,,,,,,,1,2,3,1.0,7
201400052937,0014-06-23 13:50:00,14,6,23,13,50,750,108,"121, BOULEVARD HAUSSMANN",,,Plein jour,En agglomération,Intersection en T,Normale,Deux véhicules - arrière,,,,,,,,,,,1,2,3,1.0,2
201400052938,0014-06-22 21:15:00,14,6,22,21,15,750,108,"38, RUE DU FAUBOURG SAIN",,,Plein jour,En agglomération,Hors intersection,Normale,Autre collision,,,,,,,,,,,1,2,1,1.0,6
201400052939,0014-06-23 16:20:00,14,6,23,16,20,750,108,"2, PLACE SAINT AUGUSTIN",,,Plein jour,En agglomération,Intersection à plus de 4 branches,Normale,Deux véhicules - arrière,,,,,,,,,,,1,2,5,1.0,2
201400052940,0014-06-26 18:15:00,14,6,26,18,15,750,108,PLACE DE LA CONCORDE,,,Plein jour,En agglomération,Place,Normale,Deux véhicules - côté,,,,,,,,,,,1,2,7,1.0,3
201400052941,0014-06-28 07:00:00,14,6,28,7,0,750,108,"65 bis, RUE DE MIROMESNI",,,Plein jour,En agglomération,Intersection en X,Normale,Autre collision,,,,,,,,,,,1,2,2,1.0,6
201400052942,0014-06-28 15:30:00,14,6,28,15,30,750,109,"70, RUE D AMSTERDAM",,,Plein jour,En agglomération,Hors intersection,Pluie forte,Sans collision,,,,,,,,,,,1,2,1,3.0,7
201400052943,0014-06-28 22:05:00,14,6,28,22,5,750,108,ROND POINT CHAMPS ELYSEE,,,Nuit avec éclairage allumé,En agglomération,Place,Pluie légère,Deux véhicules - côté,,,,,,,,,,,5,2,7,2.0,3
201400052944,0014-06-29 23:30:00,14,6,29,23,30,750,108,"159, BOULEVARD HAUSSMANN",,,Nuit avec éclairage allumé,En agglomération,Intersection en X,Normale,Deux véhicules - arrière,,,,,,,,,,,5,2,2,1.0,2
201400052945,0014-06-30 23:20:00,14,6,30,23,20,750,108,AVENUE HOCHE,,,Nuit avec éclairage allumé,En agglomération,Intersection en X,Normale,Autre collision,,,,,,,,,,,5,2,2,1.0,6
201400052946,0014-07-02 07:30:00,14,7,2,7,30,750,108,COURS LA REINE,,,Plein jour,En agglomération,Intersection à plus de 4 branches,Normale,Deux véhicules - côté,,,,,,,,,,,1,2,5,1.0,3
201400052947,0014-07-03 17:50:00,14,7,3,17,50,750,108,AVENUE DES CHAMPS ELYSEE,,,Plein jour,En agglomération,Hors intersection,Normale,Deux véhicules - arrière,,,,,,,,,,,1,2,1,1.0,2
201400052948,0014-07-04 15:20:00,14,7,4,15,20,750,108,"1, PLACE DE LA CONCORDE",,,Plein jour,En agglomération,Place,Normale,Deux véhicules - côté,,,,,,,,,,,1,2,7,1.0,3
201400052949,0014-07-04 15:15:00,14,7,4,15,15,750,108,"93, AVENUE DES CHAMPS EL",,,Plein jour,En agglomération,Intersection en X,Normale,Deux véhicules - arrière,,,,,,,,,,,1,2,2,1.0,2
201400052950,0014-07-04 20:30:00,14,7,4,20,30,750,108,"1, PLACE DE LA CONCORDE",,,Plein jour,En agglomération,Place,Normale,Deux véhicules - arrière,,,,,,,,,,,1,2,7,1.0,2
201400052951,0014-07-05 14:40:00,14,7,5,14,40,750,108,AVENUE DE MARIGNY,,,Plein jour,En agglomération,Hors intersection,Normale,Autre collision,,,,,,,,,,,1,2,1,1.0,6
201400052952,0014-07-06 14:05:00,14,7,6,14,5,750,108,RUE BALZAC,,,Plein jour,En agglomération,Intersection en X,Pluie forte,Autre collision,,,,,,,,,,,1,2,2,3.0,6
201400052953,0014-07-07 20:50:00,14,7,7,20,50,750,108,"15, AVENUE DE FRIEDLAND",,,Plein jour,En agglomération,Place,Pluie légère,Sans collision,,,,,,,,,,,1,2,7,2.0,7
201400052954,0014-07-08 19:00:00,14,7,8,19,0,750,108,PLACE DE LA CONCORDE,,,Plein jour,En agglomération,Hors intersection,Pluie légère,Deux véhicules - côté,,,,,,,,,,,1,2,1,2.0,3
201400052955,0014-07-09 17:50:00,14,7,9,17,50,750,108,"51, AVENUE GEORGE V",,,Plein jour,En agglomération,Intersection en X,Pluie légère,Deux véhicules - côté,,,,,,,,,,,1,2,2,2.0,3
201400052956,0014-07-10 00:55:00,14,7,10,0,55,750,108,"9, RUE DE ROME",,,Nuit avec éclairage allumé,En agglomération,Intersection en T,Pluie forte,Deux véhicules - arrière,,,,,,,,,,,5,2,3,3.0,2
201400052957,0014-07-10 10:20:00,14,7,10,10,20,750,108,"135, AVENUE DES CHAMPS E",,,Plein jour,En agglomération,Intersection à plus de 4 branches,Pluie légère,Sans collision,,,,,,,,,,,1,2,5,2.0,7
201400052958,0014-07-09 21:25:00,14,7,9,21,25,750,108,"55, AVENUE DES CHAMPS EL",,,Crépuscule ou aube,En agglomération,Intersection en X,Pluie forte,Deux véhicules - frontale,,,,,,,,,,,2,2,2,3.0,1
201400052959,0014-07-10 22:35:00,14,7,10,22,35,750,108,"111, BOULEVARD HAUSSMANN",,,Nuit avec éclairage allumé,En agglomération,Intersection en Y,Pluie légère,Deux véhicules - côté,,,,,,,,,,,5,2,4,2.0,3
201400052960,0014-07-16 08:00:00,14,7,16,8,0,750,108,PLACE CLEMENCEAU,,,Plein jour,En agglomération,Place,Normale,Deux véhicules - côté,,,,,,,,,,,1,2,7,1.0,3
201400052961,0014-07-16 15:15:00,14,7,16,15,15,750,108,"156, AVENUE DES CHAMPS E",,,Plein jour,En agglomération,Hors intersection,Normale,Sans collision,,,,,,,,,,,1,2,1,1.0,7
201400052962,0014-07-17 01:20:00,14,7,17,1,20,750,108,AVENUE DES CHAMPS ELYSEE,,,Nuit avec éclairage allumé,En agglomération,Place,Normale,Deux véhicules - côté,,,,,,,,,,,5,2,7,1.0,3
201400052963,0014-07-19 10:40:00,14,7,19,10,40,750,108,ROND POINT CHAMPS ELYSEE,,,Plein jour,En agglomération,Place,Normale,Deux véhicules - côté,,,,,,,,,,,1,2,7,1.0,3
201400052964,0014-07-19 19:40:00,14,7,19,19,40,750,117,"74, AVENUE DE CLICHY",,,Plein jour,En agglomération,Intersection en T,Temps couvert,Deux véhicules - côté,,,,,,,,,,,1,2,3,8.0,3
201400052965,0014-07-22 13:50:00,14,7,22,13,50,750,108,"01, AVENUE MYRON HERRICK",,,Plein jour,En agglomération,Intersection en X,Normale,Deux véhicules - côté,,,,,,,,,,,1,2,2,1.0,3
201400052966,0014-07-22 15:30:00,14,7,22,15,30,750,108,"1, BOULEVARD MALESHERBES",,,Plein jour,En agglomération,Place,Temps couvert,Deux véhicules - côté,,,,,,,,,,,1,2,7,8.0,3
201400052967,0014-07-24 06:40:00,14,7,24,6,40,750,108,"6, PLACE SAINT AUGUSTIN",,,Plein jour,En agglomération,Place,Normale,Autre collision,,,,,,,,,,,1,2,7,1.0,6
201400052968,0014-07-25 15:10:00,14,7,25,15,10,750,108,"11BIS, RUE DU CIRQUE",,,Plein jour,En agglomération,Hors intersection,Normale,Deux véhicules - côté,,,,,,,,,,,1,2,1,1.0,3
201400052969,0014-07-27 08:15:00,14,7,27,8,15,750,117,AVENUE DE LA PORTE DES T,,,Plein jour,En agglomération,Intersection en X,Normale,Deux véhicules - côté,,,,,,,,,,,1,2,2,1.0,3
201400052970,0014-07-30 13:10:00,14,7,30,13,10,750,108,PLACE DE LA CONCORDE,,,Plein jour,En agglomération,Place,Normale,Deux véhicules - côté,,,,,,,,,,,1,2,7,1.0,3
201400052971,0014-07-31 04:45:00,14,7,31,4,45,750,108,"38, AVENUE GEORGE V",,,Nuit sans éclairage public,En agglomération,Intersection à plus de 4 branches,Normale,Autre collision,,,,,,,,,,,3,2,5,1.0,6
201400052972,0014-07-31 13:50:00,14,7,31,13,50,750,108,"45, AVENUE HOCHE",,,Plein jour,En agglomération,Intersection en X,Normale,Autre collision,,,,,,,,,,,1,2,2,1.0,6
201400052973,0014-07-31 16:50:00,14,7,31,16,50,750,108,AVENUE GEORGE V,,,Plein jour,En agglomération,Hors intersection,Normale,Autre collision,,,,,,,,,,,1,2,1,1.0,6
201400052974,0014-07-31 18:30:00,14,7,31,18,30,750,108,RUE SAINT LAZARE,,,Plein jour,En agglomération,Place,Normale,Autre collision,,,,,,,,,,,1,2,7,1.0,6
201400052975,0014-08-02 15:20:00,14,8,2,15,20,750,108,AVENUE WINSTON CHURCHILL,,,Plein jour,En agglomération,Hors intersection,Normale,Autre collision,,,,,,,,,,,1,2,1,1.0,6
201400052976,0014-08-02 18:00:00,14,8,2,18,0,750,108,RUE DE LISBONNE,,,Plein jour,En agglomération,Intersection en X,Pluie forte,Deux véhicules - côté,,,,,,,,,,,1,2,2,3.0,3
201400052977,0014-08-06 14:10:00,14,8,6,14,10,750,108,"14, AVENUE GEORGE V",,,Plein jour,En agglomération,Intersection en Y,Pluie légère,Deux véhicules - côté,,,,,,,,,,,1,2,4,2.0,3
201400052978,0014-08-06 14:00:00,14,8,6,14,0,750,108,PLACE DE LA CONCORDE,,,Plein jour,En agglomération,Place,Pluie légère,Deux véhicules - côté,,,,,,,,,,,1,2,7,2.0,3
201400052979,0014-08-07 14:30:00,14,8,7,14,30,750,108,"119, AVENUE DES CHAMPS E",,,Plein jour,En agglomération,Hors intersection,Pluie légère,Sans collision,,,,,,,,,,,1,2,1,2.0,7
201400052980,0014-08-13 18:00:00,14,8,13,18,0,750,108,"96 bis, BOULEVARD HAUSSM",,,Plein jour,En agglomération,Intersection en T,Pluie légère,Deux véhicules - arrière,,,,,,,,,,,1,2,3,2.0,2
201400052981,0014-08-13 20:15:00,14,8,13,20,15,750,108,RUE DU FAUBOURG SAINT HO,,,Plein jour,En agglomération,Intersection à plus de 4 branches,Temps couvert,Deux véhicules - arrière,,,,,,,,,,,1,2,5,8.0,2
201400052982,0014-08-15 20:40:00,14,8,15,20,40,750,108,PLACE DE LA CONCORDE,,,Crépuscule ou aube,En agglomération,Place,Pluie légère,Deux véhicules - côté,,,,,,,,,,,2,2,7,2.0,3
201400052983,0014-08-17 19:00:00,14,8,17,19,0,750,108,RUE TRONCHET,,,Plein jour,En agglomération,Intersection en X,Normale,Deux véhicules - côté,,,,,,,,,,,1,2,2,1.0,3
201400052984,0014-08-20 15:30:00,14,8,20,15,30,750,108,"25, RUE MARBEUF",,,Plein jour,En agglomération,Hors intersection,Normale,Autre collision,,,,,,,,,,,1,2,1,1.0,6
201400052985,0014-08-21 09:20:00,14,8,21,9,20,750,108,"13, RUE D AMSTERDAM",,,Plein jour,En agglomération,Hors intersection,Normale,Deux véhicules - côté,,,,,,,,,,,1,2,1,1.0,3
201400052986,0014-08-22 10:10:00,14,8,22,10,10,750,108,"7, BOULEVARD MALESHERBES",,,Plein jour,En agglomération,Intersection en T,Normale,Autre collision,,,,,,,,,,,1,2,3,1.0,6
201400052987,0014-08-22 14:30:00,14,8,22,14,30,750,108,"1, PLACE DE LA CONCORDE",,,Plein jour,En agglomération,Place,Normale,Deux véhicules - côté,,,,,,,,,,,1,2,7,1.0,3
201400052988,0014-08-22 18:00:00,14,8,22,18,0,750,108,RUE DE TEHERAN,,,Plein jour,En agglomération,Intersection en X,Normale,Deux véhicules - côté,,,,,,,,,,,1,2,2,1.0,3
201400052989,0014-08-24 00:10:00,14,8,24,0,10,750,108,"49, RUE FRANCOIS 1ER",,,Nuit avec éclairage allumé,En agglomération,Intersection en X,Normale,Autre collision,,,,,,,,,,,5,2,2,1.0,6
201400052990,0014-08-25 14:05:00,14,8,25,14,5,750,108,COURS ALBERT 1ER,,,Plein jour,En agglomération,Hors intersection,Pluie légère,Sans collision,,,,,,,,,,,1,2,1,2.0,7
201400052991,0014-08-26 12:30:00,14,8,26,12,30,750,117,"6, AVENUE CARNOT",,,Plein jour,En agglomération,Hors intersection,Pluie légère,Deux véhicules - côté,,,,,,,,,,,1,2,1,2.0,3
201400052992,0014-08-27 12:50:00,14,8,27,12,50,750,108,"30, RUE DU FAUBOURG SAIN",,,Plein jour,En agglomération,Intersection en T,Temps couvert,Autre collision,,,,,,,,,,,1,2,3,8.0,6
201400052993,0014-08-28 16:20:00,14,8,28,16,20,750,108,RUE DE MIROMESNIL,,,Plein jour,En agglomération,Intersection en X,Normale,Deux véhicules - côté,,,,,,,,,,,1,2,2,1.0,3
201400052994,0014-08-28 17:30:00,14,8,28,17,30,750,108,"156, AVENUE DES CHAMPS E",,,Plein jour,En agglomération,Hors intersection,Normale,Autre collision,,,,,,,,,,,1,2,1,1.0,6
201400052995,0014-08-30 18:15:00,14,8,30,18,15,750,108,PLACE DE LA CONCORDE,,,Plein jour,En agglomération,Place,Normale,Autre collision,,,,,,,,,,,1,2,7,1.0,6
201400052996,0014-09-01 15:30:00,14,9,1,15,30,750,108,"3, RUE DE LA TREMOILLE",,,Plein jour,En agglomération,Intersection en X,Normale,Autre collision,,,,,,,,,,,1,2,2,1.0,6
201400052997,0014-09-03 11:30:00,14,9,3,11,30,750,108,"8, BOULEVARD MALESHERBES",,,Plein jour,En agglomération,Intersection en X,Normale,Autre collision,,,,,,,,,,,1,2,2,1.0,6
201400052998,0014-09-06 12:20:00,14,9,6,12,20,750,117,AVENUE DE LA PORTE DE CL,,,Plein jour,En agglomération,Intersection en Y,Normale,Deux véhicules - arrière,,,,,,,,,,,1,2,4,1.0,2
201400052999,0014-09-08 16:40:00,14,9,8,16,40,750,108,PLACE DE LA CONCORDE,,,Plein jour,En agglomération,Place,Normale,Autre collision,,,,,,,,,,,1,2,7,1.0,6
201400053000,0014-09-08 18:00:00,14,9,8,18,0,750,108,COURS LA REINE,,,Crépuscule ou aube,En agglomération,Intersection à plus de 4 branches,Normale,Sans collision,,,,,,,,,,,2,2,5,1.0,7
201400053001,0014-09-09 08:10:00,14,9,9,8,10,750,108,"1, AVENUE BEAUCOUR",,,Plein jour,En agglomération,Hors intersection,Normale,Autre collision,,,,,,,,,,,1,2,1,1.0,6
201400053002,0014-09-11 10:05:00,14,9,11,10,5,750,108,PLACE DE LA CONCORDE,,,Plein jour,En agglomération,Place,Normale,Deux véhicules - côté,,,,,,,,,,,1,2,7,1.0,3