accident_id,datetime,annee,mois,jour,heure,minute,departement,commune_insee,adresse,latitude,longitude,luminosite,agglomeration,intersection,meteo,collision,nb_vehicules,nb_usagers,nb_indemnes,nb_tues,nb_blesses_hosp,nb_blesses_legers,age_cond_1,age_cond_2,veh_type_cond_1,veh_type_cond_2,lum_code,agg_code,int_code,atm_code,col_code
201400053003,0014-09-11 16:10:00,14,9,11,16,10,750,108,AVENUE DES CHAMPS ELYSEE,,,Plein jour,En agglomération,Hors intersection,Normale,Deux véhicules - arrière,,,,,,,,,,,1,2,1,1.0,2
201400053004,0014-09-11 20:40:00,14,9,11,20,40,750,116,AVENUE FOCH,,,Nuit avec éclairage allumé,En agglomération,Hors intersection,Normale,Deux véhicules - arrière,,,,,,,,,,,5,2,1,1.0,2
201400053005,0014-09-13 14:15:00,14,9,13,14,15,750,108,"19, RUE VERNET",,,Plein jour,En agglomération,Intersection en X,Normale,Autre collision,,,,,,,,,,,1,2,2,1.0,6
201400053006,0014-09-13 17:00:00,14,9,13,17,0,750,108,"5, PLACE DE DUBLIN",,,Plein jour,En agglomération,Place,Normale,Autre collision,,,,,,,,,,,1,2,7,1.0,6
201400053007,0014-09-15 20:45:00,14,9,15,20,45,750,108,"15, RUE DE ROME",,,Nuit sans éclairage public,En agglomération,Hors intersection,Normale,Autre collision,,,,,,,,,,,3,2,1,1.0,6
201400053008,0014-09-16 07:30:00,14,9,16,7,30,750,108,"1, ROND POINT CHAMPS ELY",,,Plein jour,En agglomération,Place,Normale,Deux véhicules - côté,,,,,,,,,,,1,2,7,1.0,3
201400053009,0014-09-16 10:40:00,14,9,16,10,40,750,108,ROND POINT CHAMPS ELYSEE,,,Plein jour,En agglomération,Place,Normale,Deux véhicules - arrière,,,,,,,,,,,1,2,7,1.0,2
201400053010,0014-09-16 20:15:00,14,9,16,20,15,750,108,"25, RUE DE PONTHIEU",,,Plein jour,En agglomération,Hors intersection,Normale,Autre collision,,,,,,,,,,,1,2,1,1.0,6
201400053011,0014-09-17 08:30:00,14,9,17,8,30,750,108,PLACE DE LA CONCORDE,,,Plein jour,En agglomération,Place,Normale,Deux véhicules - côté,,,,,,,,,,,1,2,7,1.0,3
201400053012,0014-09-17 11:20:00,14,9,17,11,20,750,108,"156, AVENUE DES CHAMPS E",,,Plein jour,En agglomération,Hors intersection,Normale,Trois véhicules et plus - en chaîne,,,,,,,,,,,1,2,1,1.0,4
201400053013,0014-09-19 10:40:00,14,9,19,10,40,750,108,"22, AVENUE DE WAGRAM",,,Plein jour,En agglomération,Hors intersection,Normale,Autre collision,,,,,,,,,,,1,2,1,1.0,6
201400053014,0014-09-20 19:15:00,14,9,20,19,15,750,108,VOIE GEORGES POMPIDOU,,,Crépuscule ou aube,En agglomération,Intersection en Y,Pluie légère,Sans collision,,,,,,,,,,,2,2,4,2.0,7
201400053015,0014-09-22 20:50:00,14,9,22,20,50,750,108,PONT DES INVALIDES,,,Nuit avec éclairage allumé,En agglomération,Intersection en X,Normale,Autre collision,,,,,,,,,,,5,2,2,1.0,6
201400053016,0014-09-23 08:00:00,14,9,23,8,0,750,108,AVENUE DES CHAMPS ELYSEE,,,Plein jour,En agglomération,Hors intersection,Normale,Trois véhicules et plus - en chaîne,,,,,,,,,,,1,2,1,1.0,4
201400053017,0014-09-24 11:45:00,14,9,24,11,45,750,108,"39, AVENUE GEORGE V",,,Plein jour,En agglomération,Intersection à plus de 4 branches,Normale,Deux véhicules - côté,,,,,,,,,,,1,2,5,1.0,3
201400053018,0014-09-25 16:15:00,14,9,25,16,15,750,108,"5, RUE ROYALE",,,Plein jour,En agglomération,Hors intersection,Normale,Sans collision,,,,,,,,,,,1,2,1,1.0,7
201400053019,0014-09-27 03:15:00,14,9,27,3,15,750,108,"1, SOUTERRAIN ALMA",,,Nuit avec éclairage allumé,En agglomération,Hors intersection,Normale,Autre collision,,,,,,,,,,,5,2,1,1.0,6
201400053020,0014-09-27 09:20:00,14,9,27,9,20,750,108,PLACE DE L ALMA,,,Plein jour,En agglomération,Place,Normale,Autre collision,,,,,,,,,,,1,2,7,1.0,6
201400053021,0014-09-27 14:30:00,14,9,27,14,30,750,108,"34, RUE PASQUIER",,,Plein jour,En agglomération,Intersection en X,Normale,Deux véhicules - côté,,,,,,,,,,,1,2,2,1.0,3
201400053022,0014-09-28 02:54:00,14,9,28,2,54,750,108,"2, ROND POINT CHAMPS ELY",,,Nuit avec éclairage allumé,En agglomération,Place,Normale,Deux véhicules - côté,,,,,,,,,,,5,2,7,1.0,3
201400053023,0014-09-29 07:45:00,14,9,29,7,45,750,108,"23, RUE DE SAINT PETERSB",,,Crépuscule ou aube,En agglomération,Hors intersection,Normale,Sans collision,,,,,,,,,,,2,2,1,1.0,7
201400053024,0014-09-29 09:40:00,14,9,29,9,40,750,108,"44, AVENUE GEORGE V",,,Plein jour,En agglomération,Hors intersection,Pluie légère,Autre collision,,,,,,,,,,,1,2,1,2.0,6
201400053025,0014-09-30 10:30:00,14,9,30,10,30,750,108,PLACE CLEMENCEAU,,,Plein jour,En agglomération,Intersection en X,Normale,Deux véhicules - côté,,,,,,,,,,,1,2,2,1.0,3
201400053026,0014-09-30 12:40:00,14,9,30,12,40,750,108,"07, AVENUE DE FRIEDLAND",,,Plein jour,En agglomération,Hors intersection,Normale,Deux véhicules - côté,,,,,,,,,,,1,2,1,1.0,3
201400053027,0014-09-30 13:00:00,14,9,30,13,0,750,108,"35, RUE DU FAUBOURG SAIN",,,Plein jour,En agglomération,Hors intersection,Normale,Deux véhicules - arrière,,,,,,,,,,,1,2,1,1.0,2
201400053028,0014-10-01 15:05:00,14,10,1,15,5,750,108,"25, AVENUE DES CHAMPS EL",,,Plein jour,En agglomération,Hors intersection,Normale,Autre collision,,,,,,,,,,,1,2,1,1.0,6
201400053029,0014-10-01 18:45:00,14,10,1,18,45,750,108,"6, PLACE DE LA CONCORDE",,,Plein jour,En agglomération,Hors intersection,Temps éblouissant,Deux véhicules - arrière,,,,,,,,,,,1,2,1,7.0,2
201400053030,0014-10-02 13:10:00,14,10,2,13,10,750,108,"8, PLACE DE LA CONCORDE",,,Plein jour,En agglomération,Place,Normale,Deux véhicules - côté,,,,,,,,,,,1,2,7,1.0,3
201400053031,0014-10-03 12:20:00,14,10,3,12,20,750,108,"51, RUE FRANCOIS 1ER",,,Plein jour,En agglomération,Intersection en T,Normale,Sans collision,,,,,,,,,,,1,2,3,1.0,7
201400053032,0014-10-03 21:18:00,14,10,3,21,18,750,108,"4, PLACE DE LA CONCORDE",,,Nuit avec éclairage allumé,En agglomération,Place,Normale,Sans collision,,,,,,,,,,,5,2,7,1.0,7
201400053033,0014-10-05 14:05:00,14,10,5,14,5,750,108,"17, RUE CLEMENT MAROT",,,Plein jour,En agglomération,Intersection en X,Normale,Deux véhicules - côté,,,,,,,,,,,1,2,2,1.0,3
201400053034,0014-10-06 01:40:00,14,10,6,1,40,750,108,"126, AVENUE DES CHAMPS E",,,Nuit avec éclairage allumé,En agglomération,Intersection en X,Normale,Deux véhicules - arrière,,,,,,,,,,,5,2,2,1.0,2
201400053035,0014-10-06 16:15:00,14,10,6,16,15,750,108,AVENUE DES CHAMPS ELYSEE,,,Plein jour,En agglomération,Place,Pluie légère,Deux véhicules - arrière,,,,,,,,,,,1,2,7,2.0,2
201400053036,0014-10-06 19:15:00,14,10,6,19,15,750,108,"46, AVENUE GEORGE V",,,Nuit avec éclairage allumé,En agglomération,Intersection en X,Pluie forte,Autre collision,,,,,,,,,,,5,2,2,3.0,6
201400053037,0014-10-06 16:30:00,14,10,6,16,30,750,108,"16, AVENUE HOCHE",,,Plein jour,En agglomération,Intersection à plus de 4 branches,Pluie légère,Sans collision,,,,,,,,,,,1,2,5,2.0,7
201400053038,0014-10-07 10:00:00,14,10,7,10,0,750,108,"26, AVENUE DES CHAMPS EL",,,Plein jour,En agglomération,Intersection en X,Normale,Deux véhicules - arrière,,,,,,,,,,,1,2,2,1.0,2
201400053039,0014-10-06 21:30:00,14,10,6,21,30,750,108,"06, AVENUE DE FRIEDLAND",,,Nuit avec éclairage allumé,En agglomération,Intersection en Y,Pluie légère,Deux véhicules - côté,,,,,,,,,,,5,2,4,2.0,3
201400053040,0014-10-07 19:00:00,14,10,7,19,0,750,108,"7, RUE DU FAUBOURG SAINT",,,Nuit avec éclairage allumé,En agglomération,Hors intersection,Normale,Deux véhicules - arrière,,,,,,,,,,,5,2,1,1.0,2
201400053041,0014-10-08 14:30:00,14,10,8,14,30,750,108,"18, RUE DE MARIGNAN",,,Plein jour,En agglomération,Hors intersection,Normale,Deux véhicules - côté,,,,,,,,,,,1,2,1,1.0,3
201400053042,0014-10-09 14:20:00,14,10,9,14,20,750,108,"3, PLACE DE LA MADELEINE",,,Plein jour,En agglomération,Place,Normale,Autre collision,,,,,,,,,,,1,2,7,1.0,6
201400053043,0014-10-12 02:00:00,14,10,12,2,0,750,108,PLACE DE LA CONCORDE,,,Nuit avec éclairage allumé,En agglomération,Place,Normale,Sans collision,,,,,,,,,,,5,2,7,1.0,7
201400053044,0014-10-13 08:00:00,14,10,13,8,0,750,108,"25, AVENUE DE FRIEDLAND",,,Plein jour,En agglomération,Intersection en Y,Normale,Deux véhicules - côté,,,,,,,,,,,1,2,4,1.0,3
201400053045,0014-10-13 08:31:00,14,10,13,8,31,750,108,AVENUE GABRIEL,,,Plein jour,En agglomération,Intersection en T,Normale,Autre collision,,,,,,,,,,,1,2,3,1.0,6
201400053046,0014-10-14 13:55:00,14,10,14,13,55,750,108,"2, COURS LA REINE",,,Plein jour,En agglomération,Intersection en X,Normale,Autre collision,,,,,,,,,,,1,2,2,1.0,6
201400053047,0014-10-15 11:00:00,14,10,15,11,0,750,108,"1, ROND POINT CHAMPS ELY",,,Plein jour,En agglomération,Intersection à plus de 4 branches,Normale,Deux véhicules - arrière,,,,,,,,,,,1,2,5,1.0,2
201400053048,0014-10-15 12:45:00,14,10,15,12,45,750,108,"1, PLACE DE LA CONCORDE",,,Plein jour,En agglomération,Place,Pluie légère,Deux véhicules - côté,,,,,,,,,,,1,2,7,2.0,3
201400053049,0014-10-15 14:30:00,14,10,15,14,30,750,108,"233 bis, RUE DU FAUBOURG",,,Plein jour,En agglomération,Intersection en T,Normale,Deux véhicules - frontale,,,,,,,,,,,1,2,3,1.0,1
201400053050,0014-10-15 16:30:00,14,10,15,16,30,750,108,"1, AVENUE CESAR CAIRE",,,Plein jour,En agglomération,Intersection en T,Pluie légère,Deux véhicules - côté,,,,,,,,,,,1,2,3,2.0,3
201400053051,0014-10-15 23:40:00,14,10,15,23,40,750,108,AVENUE DES CHAMPS ELYSEE,,,Nuit avec éclairage allumé,En agglomération,Hors intersection,Pluie légère,Deux véhicules - arrière,,,,,,,,,,,5,2,1,2.0,2
201400053052,0014-10-16 11:15:00,14,10,16,11,15,750,108,"48, BOULEVARD MALESHERBE",,,Plein jour,En agglomération,Intersection en X,Normale,Deux véhicules - arrière,,,,,,,,,,,1,2,2,1.0,2
201400053053,0014-10-17 19:35:00,14,10,17,19,35,750,108,"50, RUE DE MIROMESNIL",,,Crépuscule ou aube,En agglomération,Hors intersection,Normale,Deux véhicules - arrière,,,,,,,,,,,2,2,1,1.0,2
201400053054,0014-10-18 01:05:00,14,10,18,1,5,750,108,"61, RUE DE ROME",,,Nuit avec éclairage allumé,En agglomération,Intersection à plus de 4 branches,Normale,Autre collision,,,,,,,,,,,5,2,5,1.0,6
201400053055,0014-10-18 22:30:00,14,10,18,22,30,750,108,"11, AVENUE GEORGE V",,,Nuit avec éclairage allumé,En agglomération,Intersection en Y,Normale,Deux véhicules - côté,,,,,,,,,,,5,2,4,1.0,3
201400053056,0014-10-19 19:45:00,14,10,19,19,45,750,108,"4, PLACE DE LA CONCORDE",,,Nuit avec éclairage allumé,En agglomération,Place,Normale,Deux véhicules - côté,,,,,,,,,,,5,2,7,1.0,3
201400053057,0014-10-20 17:45:00,14,10,20,17,45,750,108,"20, RUE DU BOCCADOR",,,Plein jour,En agglomération,Intersection en X,Normale,Deux véhicules - côté,,,,,,,,,,,1,2,2,1.0,3
201400053058,0014-10-21 14:30:00,14,10,21,14,30,750,108,AVENUE WINSTON CHURCHILL,,,Plein jour,En agglomération,Hors intersection,Pluie légère,Trois véhicules et plus - en chaîne,,,,,,,,,,,1,2,1,2.0,4
201400053059,0014-10-21 17:45:00,14,10,21,17,45,750,108,COURS ALBERT 1ER,,,Plein jour,En agglomération,Place,Pluie légère,Autre collision,,,,,,,,,,,1,2,7,2.0,6
201400053060,0014-10-21 20:00:00,14,10,21,20,0,750,108,"49, AVENUE GEORGE V",,,Nuit avec éclairage allumé,En agglomération,Intersection en X,Pluie légère,Deux véhicules - côté,,,,,,,,,,,5,2,2,2.0,3
201400053061,0014-10-21 20:45:00,14,10,21,20,45,750,108,"91, AVENUE DES CHAMPS EL",,,Nuit avec éclairage allumé,En agglomération,Intersection en X,Pluie légère,Deux véhicules - arrière,,,,,,,,,,,5,2,2,2.0,2
201400053062,0014-10-22 23:50:00,14,10,22,23,50,750,108,"02, PLACE DE LA CONCORDE",,,Nuit avec éclairage allumé,En agglomération,Place,Normale,Autre collision,,,,,,,,,,,5,2,7,1.0,6
201400053063,0014-10-24 11:15:00,14,10,24,11,15,750,108,"01, AVENUE DE MARIGNY",,,Plein jour,En agglomération,Intersection en T,Normale,Deux véhicules - côté,,,,,,,,,,,1,2,3,1.0,3
201400053064,0014-10-24 13:30:00,14,10,24,13,30,750,108,"69, RUE DE COURCELLES",,,Plein jour,En agglomération,Hors intersection,Normale,Trois véhicules et plus - en chaîne,,,,,,,,,,,1,2,1,1.0,4
201400053065,0014-10-29 15:05:00,14,10,29,15,5,750,108,"52, RUE DE LA BIENFAISAN",,,Plein jour,En agglomération,Hors intersection,Normale,Deux véhicules - côté,,,,,,,,,,,1,2,1,1.0,3
201400053066,0014-10-30 10:20:00,14,10,30,10,20,750,108,PLACE DE LA CONCORDE,,,Plein jour,En agglomération,Place,Normale,Deux véhicules - côté,,,,,,,,,,,1,2,7,1.0,3
201400053067,0014-10-30 17:30:00,14,10,30,17,30,750,108,"12, RUE DE ROME",,,Crépuscule ou aube,En agglomération,Intersection en T,Normale,Autre collision,,,,,,,,,,,2,2,3,1.0,6
201400053068,0014-10-31 09:50:00,14,10,31,9,50,750,108,"20, AVENUE DE WAGRAM",,,Plein jour,En agglomération,Hors intersection,Normale,Sans collision,,,,,,,,,,,1,2,1,1.0,7
201400053069,0014-10-31 12:30:00,14,10,31,12,30,750,108,"27, RUE ROYALE",,,Plein jour,En agglomération,Intersection en T,Normale,Autre collision,,,,,,,,,,,1,2,3,1.0,6
201400053070,0014-10-31 22:15:00,14,10,31,22,15,750,108,"24, AVENUE DES CHAMPS EL",,,Nuit avec éclairage allumé,En agglomération,Hors intersection,Normale,Deux véhicules - arrière,,,,,,,,,,,5,2,1,1.0,2
201400053071,0014-11-01 23:10:00,14,11,1,23,10,750,108,"135, AVENUE DES CHAMPS E",,,Nuit avec éclairage allumé,En agglomération,Place,Normale,Trois véhicules et plus - en chaîne,,,,,,,,,,,5,2,7,1.0,4
201400053072,0014-11-03 12:45:00,14,11,3,12,45,750,108,"39bis, RUE DU COLISEE",,,Plein jour,En agglomération,Hors intersection,Normale,Deux véhicules - côté,,,,,,,,,,,1,2,1,1.0,3
201400053073,0014-11-05 18:45:00,14,11,5,18,45,750,108,"34, RUE FRANCOIS 1ER",,,Nuit avec éclairage allumé,En agglomération,Intersection en T,Normale,Deux véhicules - côté,,,,,,,,,,,5,2,3,1.0,3
201400053074,0014-11-07 12:30:00,14,11,7,12,30,750,108,"53, BOULEVARD DE COURCEL",,,Plein jour,En agglomération,Place,Normale,Sans collision,,,,,,,,,,,1,2,7,1.0,7
201400053075,0014-11-07 15:40:00,14,11,7,15,40,750,108,"16, AVENUE GABRIEL",,,Plein jour,En agglomération,Hors intersection,Normale,Sans collision,,,,,,,,,,,1,2,1,1.0,7
201400053076,0014-11-08 21:00:00,14,11,8,21,0,750,108,PLACE DE L ALMA,,,Nuit avec éclairage allumé,En agglomération,Intersection en T,Normale,Sans collision,,,,,,,,,,,5,2,3,1.0,7
201400053077,0014-11-10 16:15:00,14,11,10,16,15,750,108,"2, AVENUE WINSTON CHURCH",,,Plein jour,En agglomération,Hors intersection,Normale,Autre collision,,,,,,,,,,,1,2,1,1.0,6
201400053078,0014-11-10 19:40:00,14,11,10,19,40,750,108,AVENUE GENERAL EISENHOWE,,,Nuit avec éclairage allumé,En agglomération,Place,Normale,Deux véhicules - côté,,,,,,,,,,,5,2,7,1.0,3
201400053079,0014-11-12 15:15:00,14,11,12,15,15,750,108,"19, AVENUE DE FRIEDLAND",,,Plein jour,En agglomération,Intersection en T,Normale,Autre collision,,,,,,,,,,,1,2,3,1.0,6
201400053080,0014-11-13 11:15:00,14,11,13,11,15,750,108,"21, BOULEVARD DE COURCEL",,,Plein jour,En agglomération,Hors intersection,Normale,Deux véhicules - côté,,,,,,,,,,,1,2,1,1.0,3
201400053081,0014-11-14 08:50:00,14,11,14,8,50,750,108,"17BIS, RUE D AMSTERDAM",,,Plein jour,En agglomération,Hors intersection,Normale,Deux véhicules - côté,,,,,,,,,,,1,2,1,1.0,3
201400053082,0014-11-14 11:30:00,14,11,14,11,30,750,108,"8, AVENUE MARCEAU",,,Plein jour,En agglomération,Hors intersection,Pluie légère,Deux véhicules - frontale,,,,,,,,,,,1,2,1,2.0,1
201400053083,0014-11-15 02:55:00,14,11,15,2,55,750,108,AVENUE DES CHAMPS ELYSEE,,,Nuit avec éclairage allumé,En agglomération,Intersection en X,Pluie légère,Autre collision,,,,,,,,,,,5,2,2,2.0,6
201400053084,0014-11-16 06:30:00,14,11,16,6,30,750,108,"1, PLACE SAINT AUGUSTIN",,,Nuit avec éclairage allumé,En agglomération,Place,Normale,Deux véhicules - côté,,,,,,,,,,,5,2,7,1.0,3
201400053085,0014-11-15 21:15:00,14,11,15,21,15,750,108,"45, RUE DE SAINT PETERSB",,,Nuit avec éclairage allumé,En agglomération,Hors intersection,Normale,Autre collision,,,,,,,,,,,5,2,1,1.0,6
201400053086,0014-11-17 10:30:00,14,11,17,10,30,750,108,"46, AVENUE MARCEAU",,,Plein jour,En agglomération,Intersection en X,Normale,Deux véhicules - côté,,,,,,,,,,,1,2,2,1.0,3
201400053087,0014-11-17 17:48:00,14,11,17,17,48,750,108,RUE DE COURCELLES,,,Nuit avec éclairage allumé,En agglomération,Hors intersection,Pluie forte,Autre collision,,,,,,,,,,,5,2,1,3.0,6
201400053088,0014-11-19 00:10:00,14,11,19,0,10,750,108,RUE DE BERRI,,,Nuit avec éclairage allumé,En agglomération,Intersection en X,Normale,Deux véhicules - côté,,,,,,,,,,,5,2,2,1.0,3
201400053089,0014-11-20 09:30:00,14,11,20,9,30,750,108,"51, AVENUE GEORGE V",,,Plein jour,En agglomération,Intersection en X,Normale,Deux véhicules - côté,,,,,,,,,,,1,2,2,1.0,3
201400053090,0014-11-23 05:55:00,14,11,23,5,55,750,108,"4, AVENUE DE FRIEDLAND",,,Nuit avec éclairage allumé,En agglomération,Intersection en T,Normale,Deux véhicules - côté,,,,,,,,,,,5,2,3,1.0,3
201400053091,0014-11-23 16:35:00,14,11,23,16,35,750,108,AVENUE DES CHAMPS ELYSEE,,,Plein jour,En agglomération,Intersection en T,Normale,Deux véhicules - côté,,,,,,,,,,,1,2,3,1.0,3
201400053092,0014-11-24 18:30:00,14,11,24,18,30,750,108,AVENUE DE MESSINE,,,Crépuscule ou aube,En agglomération,Intersection en T,Normale,Deux véhicules - arrière,,,,,,,,,,,2,2,3,1.0,2
201400053093,0014-11-24 18:50:00,14,11,24,18,50,750,108,"33, RUE DE SAINT PETERSB",,,Nuit avec éclairage allumé,En agglomération,Intersection en Y,Normale,Autre collision,,,,,,,,,,,5,2,4,1.0,6
201400053094,0014-11-25 12:00:00,14,11,25,12,0,750,108,"26, AVENUE DES CHAMPS EL",,,Plein jour,En agglomération,Hors intersection,Normale,Deux véhicules - arrière,,,,,,,,,,,1,2,1,1.0,2
201400053095,0014-11-25 12:00:00,14,11,25,12,0,750,108,PLACE DE LA CONCORDE,,,Plein jour,En agglomération,Place,Normale,Autre collision,,,,,,,,,,,1,2,7,1.0,6
201400053096,0014-11-25 15:20:00,14,11,25,15,20,750,108,"27, AVENUE DE FRIEDLAND",,,Plein jour,En agglomération,Intersection en T,Temps couvert,Deux véhicules - frontale,,,,,,,,,,,1,2,3,8.0,1
201400053097,0014-11-26 10:30:00,14,11,26,10,30,750,107,PONT ALEXANDRE III,,,Plein jour,En agglomération,Intersection en X,Normale,Deux véhicules - côté,,,,,,,,,,,1,2,2,1.0,3
201400053098,0014-11-27 06:05:00,14,11,27,6,5,750,108,AVENUE DES CHAMPS ELYSEE,,,Nuit avec éclairage allumé,En agglomération,Hors intersection,Normale,Deux véhicules - côté,,,,,,,,,,,5,2,1,1.0,3
201400053099,0014-11-29 21:15:00,14,11,29,21,15,750,108,"11, PLACE SAINT AUGUSTIN",,,Nuit avec éclairage allumé,En agglomération,Place,Normale,Deux véhicules - frontale,,,,,,,,,,,5,2,7,1.0,1
201400053100,0014-12-01 18:40:00,14,12,1,18,40,750,108,RUE DE LA TREMOILLE,,,Nuit avec éclairage allumé,En agglomération,Intersection en X,Normale,Deux véhicules - côté,,,,,,,,,,,5,2,2,1.0,3
201400053101,0014-12-02 00:10:00,14,12,2,0,10,750,108,"124, RUE LA BOETIE",,,Nuit avec éclairage allumé,En agglomération,Intersection en T,Pluie légère,Autre collision,,,,,,,,,,,5,2,3,2.0,6
201400053102,0014-12-02 09:45:00,14,12,2,9,45,750,116,"1, AVENUE D IENA",,,Plein jour,En agglomération,Intersection en X,Autre,Sans collision,,,,,,,,,,,1,2,2,9.0,7
201400053103,0014-12-02 11:10:00,14,12,2,11,10,750,108,"152, AVENUE DES CHAMPS E",,,Plein jour,En agglomération,Hors intersection,Normale,Autre collision,,,,,,,,,,,1,2,1,1.0,6
201400053104,0014-12-03 11:45:00,14,12,3,11,45,750,108,"3, PLACE DE LA MADELEINE",,,Plein jour,En agglomération,Place,Normale,Autre collision,,,,,,,,,,,1,2,7,1.0,6
201400053105,0014-12-03 19:15:00,14,12,3,19,15,750,108,"44, RUE DE ROME",,,Nuit avec éclairage allumé,En agglomération,Intersection en X,Normale,Deux véhicules - côté,,,,,,,,,,,5,2,2,1.0,3
201400053106,0014-12-03 22:40:00,14,12,3,22,40,750,108,AVENUE DES CHAMPS ELYSEE,,,Nuit avec éclairage allumé,En agglomération,Hors intersection,Normale,Deux véhicules - arrière,,,,,,,,,,,5,2,1,1.0,2
201400053107,0014-12-03 21:00:00,14,12,3,21,0,750,108,AVENUE DES CHAMPS ELYSEE,,,Nuit avec éclairage allumé,En agglomération,Hors intersection,Temps couvert,Autre collision,,,,,,,,,,,5,2,1,8.0,6
201400053108,0014-12-04 14:20:00,14,12,4,14,20,750,108,"7, PLACE DE L ALMA",,,Plein jour,En agglomération,Place,Normale,Deux véhicules - côté,,,,,,,,,,,1,2,7,1.0,3
201400053109,0014-12-04 18:20:00,14,12,4,18,20,750,108,"254, RUE DU FAUBOURG SAI",,,Nuit avec éclairage allumé,En agglomération,Intersection à plus de 4 branches,Pluie légère,Autre collision,,,,,,,,,,,5,2,5,2.0,6
201400053110,0014-12-05 17:30:00,14,12,5,17,30,750,108,PONT DE L ALMA,,,Nuit avec éclairage allumé,En agglomération,Hors intersection,Normale,Trois véhicules et plus - collisions multiples,,,,,,,,,,,5,2,1,1.0,5
201400053111,0014-12-05 17:35:00,14,12,5,17,35,750,108,"29, AVENUE MONTAIGNE",,,Nuit avec éclairage allumé,En agglomération,Intersection en T,Normale,Sans collision,,,,,,,,,,,5,2,3,1.0,7
201400053112,0014-12-06 19:00:00,14,12,6,19,0,750,108,"20, PLACE DE LA MADELEIN",,,Nuit avec éclairage allumé,En agglomération,Place,Normale,Deux véhicules - côté,,,,,,,,,,,5,2,7,1.0,3
201400053113,0014-12-08 02:40:00,14,12,8,2,40,750,108,AVENUE DES CHAMPS ELYSEE,,,Nuit avec éclairage allumé,En agglomération,Place,Normale,Sans collision,,,,,,,,,,,5,2,7,1.0,7
201400053114,0014-12-08 13:10:00,14,12,8,13,10,750,108,"32, AVENUE DE FRIEDLAND",,,Plein jour,En agglomération,Intersection en X,Pluie légère,Sans collision,,,,,,,,,,,1,2,2,2.0,7
201400053115,0014-12-08 16:00:00,14,12,8,16,0,750,108,COURS LA REINE,,,Plein jour,En agglomération,Hors intersection,Pluie légère,Deux véhicules - côté,,,,,,,,,,,1,2,1,2.0,3
201400053116,0014-12-08 20:15:00,14,12,8,20,15,750,108,"4, PLACE DE LA CONCORDE",,,Nuit avec éclairage allumé,En agglomération,Place,Normale,Deux véhicules - côté,,,,,,,,,,,5,2,7,1.0,3
201400053117,0014-12-09 15:50:00,14,12,9,15,50,750,108,"116, BOULEVARD HAUSSMANN",,,Plein jour,En agglomération,Place,Normale,Autre collision,,,,,,,,,,,1,2,7,1.0,6
201400053118,0014-12-10 10:45:00,14,12,10,10,45,750,108,"38, AVENUE DE FRIEDLAND",,,Plein jour,En agglomération,Intersection en T,Pluie légère,Deux véhicules - arrière,,,,,,,,,,,1,2,3,2.0,2
201400053119,0014-12-10 12:10:00,14,12,10,12,10,750,108,"63, AVENUE DES CHAMPS EL",,,Plein jour,En agglomération,Hors intersection,Normale,Autre collision,,,,,,,,,,,1,2,1,1.0,6
201400053120,0014-12-10 11:30:00,14,12,10,11,30,750,108,PLACE DE LA CONCORDE,,,Plein jour,En agglomération,Place,Temps couvert,Sans collision,,,,,,,,,,,1,2,7,8.0,7
201400053121,0014-12-10 13:55:00,14,12,10,13,55,750,108,"4, RUE LARRIBE",,,Plein jour,En agglomération,Intersection en T,Pluie légère,Autre collision,,,,,,,,,,,1,2,3,2.0,6
201400053122,0014-12-11 13:30:00,14,12,11,13,30,750,108,"3, RUE D EDIMBOURG",,,Plein jour,En agglomération,Hors intersection,Pluie légère,Autre collision,,,,,,,,,,,1,2,1,2.0,6
201400053123,0014-12-12 08:00:00,14,12,12,8,0,750,108,"51, RUE DE COURCELLES",,,Plein jour,En agglomération,Hors intersection,Pluie légère,Deux véhicules - côté,,,,,,,,,,,1,2,1,2.0,3
201400053124,0014-12-12 13:15:00,14,12,12,13,15,750,108,"62, RUE DE ROME",,,Plein jour,En agglomération,Intersection en T,Pluie légère,Trois véhicules et plus - en chaîne,,,,,,,,,,,1,2,3,2.0,4
201400053125,0014-12-12 13:45:00,14,12,12,13,45,750,108,"86, BOULEVARD MALESHERBE",,,Plein jour,En agglomération,Intersection en T,Temps couvert,Deux véhicules - arrière,,,,,,,,,,,1,2,3,8.0,2
201400053126,0014-12-13 00:01:00,14,12,13,0,1,750,108,"5, PLACE DE L ALMA",,,Nuit avec éclairage allumé,En agglomération,Place,Pluie forte,Deux véhicules - côté,,,,,,,,,,,5,2,7,3.0,3
201400053127,0014-12-16 00:40:00,14,12,16,0,40,750,108,COURS LA REINE,,,Nuit avec éclairage allumé,En agglomération,Intersection en X,Normale,Deux véhicules - côté,,,,,,,,,,,5,2,2,1.0,3
201400053128,0014-12-16 15:00:00,14,12,16,15,0,750,108,PLACE SAINT AUGUSTIN,,,Plein jour,En agglomération,Place,Normale,Deux véhicules - arrière,,,,,,,,,,,1,2,7,1.0,2
201400053129,0014-12-16 17:15:00,14,12,16,17,15,750,108,"51, AVENUE GEORGE V",,,Nuit avec éclairage allumé,En agglomération,Intersection en X,Normale,Deux véhicules - côté,,,,,,,,,,,5,2,2,1.0,3
201400053130,0014-12-17 08:45:00,14,12,17,8,45,750,108,PLACE DE LA CONCORDE,,,Plein jour,En agglomération,Intersection en T,Pluie forte,Trois véhicules et plus - collisions multiples,,,,,,,,,,,1,2,3,3.0,5