accident_id,datetime,annee,mois,jour,heure,minute,departement,commune_insee,adresse,latitude,longitude,luminosite,agglomeration,intersection,meteo,collision,nb_vehicules,nb_usagers,nb_indemnes,nb_tues,nb_blesses_hosp,nb_blesses_legers,age_cond_1,age_cond_2,veh_type_cond_1,veh_type_cond_2,lum_code,agg_code,int_code,atm_code,col_code
201400053131,0014-12-17 14:00:00,14,12,17,14,0,750,108,"27, PLACE DE LA MADELEIN",,,Plein jour,En agglomération,Place,Pluie légère,Deux véhicules - arrière,,,,,,,,,,,1,2,7,2.0,2
201400053132,0014-12-17 18:30:00,14,12,17,18,30,750,108,PLACE DE LA CONCORDE,,,Nuit avec éclairage allumé,En agglomération,Place,Pluie légère,Deux véhicules - côté,,,,,,,,,,,5,2,7,2.0,3
201400053133,0014-12-19 10:55:00,14,12,19,10,55,750,108,PLACE CHARLES DE GAULLE,,,Plein jour,En agglomération,Place,Pluie légère,Deux véhicules - arrière,,,,,,,,,,,1,2,7,2.0,2
201400053134,0014-12-20 12:00:00,14,12,20,12,0,750,108,"2, COUR DE ROME",,,Plein jour,En agglomération,Place,Normale,Autre collision,,,,,,,,,,,1,2,7,1.0,6
201400053135,0014-12-20 18:10:00,14,12,20,18,10,750,108,"20, AVENUE HOCHE",,,Nuit avec éclairage allumé,En agglomération,Hors intersection,Pluie légère,Autre collision,,,,,,,,,,,5,2,1,2.0,6
201400053136,0014-12-20 20:05:00,14,12,20,20,5,750,108,"12, AVENUE MARCEAU",,,Nuit avec éclairage allumé,En agglomération,Hors intersection,Pluie légère,Deux véhicules - arrière,,,,,,,,,,,5,2,1,2.0,2
201400053137,0014-12-22 17:40:00,14,12,22,17,40,750,108,PLACE DE LA CONCORDE,,,Nuit avec éclairage allumé,En agglomération,Hors intersection,Temps couvert,Autre collision,,,,,,,,,,,5,2,1,8.0,6
201400053138,0014-12-23 09:15:00,14,12,23,9,15,750,108,"35, BOULEVARD DE COURCEL",,,Plein jour,En agglomération,Intersection à plus de 4 branches,Normale,Deux véhicules - arrière,,,,,,,,,,,1,2,5,1.0,2
201400053139,0014-12-23 20:15:00,14,12,23,20,15,750,108,"83, BOULEVARD MALESHERBE",,,Nuit avec éclairage allumé,En agglomération,Intersection en X,Normale,Deux véhicules - côté,,,,,,,,,,,5,2,2,1.0,3
201400053140,0014-12-25 19:30:00,14,12,25,19,30,750,108,RUE DU FAUBOURG SAINT HO,,,Nuit avec éclairage allumé,En agglomération,Intersection en X,Normale,Deux véhicules - côté,,,,,,,,,,,5,2,2,1.0,3
201400053141,0014-12-26 14:10:00,14,12,26,14,10,750,108,AVENUE DE MARIGNY,,,Plein jour,En agglomération,Intersection en X,Normale,Autre collision,,,,,,,,,,,1,2,2,1.0,6
201400053142,0014-12-28 01:45:00,14,12,28,1,45,750,108,RUE D AMSTERDAM,,,Nuit avec éclairage allumé,En agglomération,Place,Temps couvert,Autre collision,,,,,,,,,,,5,2,7,8.0,6
201400053143,0014-12-29 00:10:00,14,12,29,0,10,750,108,PLACE CHARLES DE GAULLE,,,Nuit avec éclairage allumé,En agglomération,Place,Normale,Deux véhicules - côté,,,,,,,,,,,5,2,7,1.0,3
201400053144,0014-12-29 14:25:00,14,12,29,14,25,750,108,AVENUE MONTAIGNE,,,Plein jour,En agglomération,Hors intersection,Normale,Autre collision,,,,,,,,,,,1,2,1,1.0,6
201400053145,0014-12-31 13:15:00,14,12,31,13,15,750,108,"9-11, RUE DU HAVRE",,,Plein jour,En agglomération,Intersection en T,Normale,Autre collision,,,,,,,,,,,1,2,3,1.0,6
201400053146,0014-03-06 19:00:00,14,3,6,19,0,750,108,PLACE DE LA CONCORDE,,,Crépuscule ou aube,En agglomération,Hors intersection,Normale,Deux véhicules - côté,,,,,,,,,,,2,2,1,1.0,3
201400053147,0014-01-03 21:25:00,14,1,3,21,25,750,109,"20, BOULEVARD MONTMARTRE",,,Nuit avec éclairage non allumé,En agglomération,Hors intersection,Normale,Sans collision,,,,,,,,,,,4,2,1,1.0,7
201400053148,0014-01-08 15:30:00,14,1,8,15,30,750,109,"02, RUE HALEVY",,,Plein jour,En agglomération,Place,Normale,Deux véhicules - côté,,,,,,,,,,,1,2,7,1.0,3
201400053149,0014-01-15 14:30:00,14,1,15,14,30,750,109,"57, RUE DE LA VICTOIRE",,,Plein jour,En agglomération,Intersection en X,Pluie légère,Deux véhicules - côté,,,,,,,,,,,1,2,2,2.0,3
201400053150,0014-01-17 02:30:00,14,1,17,2,30,750,109,"16, RUE DU FAUBOURG MONT",,,Nuit avec éclairage allumé,En agglomération,Intersection en T,Normale,Deux véhicules - côté,,,,,,,,,,,5,2,3,1.0,3
201400053151,0014-01-17 14:00:00,14,1,17,14,0,750,109,"7, RUE DU FAUBOURG POISS",,,Plein jour,En agglomération,Hors intersection,Normale,Deux véhicules - côté,,,,,,,,,,,1,2,1,1.0,3
201400053152,0014-01-22 12:50:00,14,1,22,12,50,750,109,"25, RUE BLEUE",,,Plein jour,En agglomération,Hors intersection,Normale,Autre collision,,,,,,,,,,,1,2,1,1.0,6
201400053153,0014-01-23 15:30:00,14,1,23,15,30,750,109,"6, BOULEVARD MONTMARTRE",,,Plein jour,En agglomération,Hors intersection,Pluie légère,Sans collision,,,,,,,,,,,1,2,1,2.0,7
201400053154,0014-01-23 15:10:00,14,1,23,15,10,750,109,"64, RUE D AMSTERDAM",,,Plein jour,En agglomération,Hors intersection,Normale,Autre collision,,,,,,,,,,,1,2,1,1.0,6
201400053155,0014-01-23 18:55:00,14,1,23,18,55,750,109,"22, RUE DE MOGADOR",,,Nuit avec éclairage allumé,En agglomération,Intersection en X,Pluie légère,Deux véhicules - côté,,,,,,,,,,,5,2,2,2.0,3
201400053156,0014-01-24 09:10:00,14,1,24,9,10,750,109,"24, BOULEVARD POISSONNIE",,,Crépuscule ou aube,En agglomération,Hors intersection,Normale,Autre collision,,,,,,,,,,,2,2,1,1.0,6
201400053157,0014-01-25 00:25:00,14,1,25,0,25,750,109,"70, BOULEVARD HAUSSMANN",,,Nuit avec éclairage allumé,En agglomération,Intersection à plus de 4 branches,Normale,Autre collision,,,,,,,,,,,5,2,5,1.0,6
201400053158,0014-01-25 03:20:00,14,1,25,3,20,750,109,"8, BOULEVARD POISSONNIER",,,Nuit avec éclairage allumé,En agglomération,Hors intersection,Pluie légère,Sans collision,,,,,,,,,,,5,2,1,2.0,7
201400053159,0014-01-25 07:05:00,14,1,25,7,5,750,109,"06, RUE DE DOUAI",,,Nuit avec éclairage allumé,En agglomération,Intersection à plus de 4 branches,Pluie légère,Sans collision,,,,,,,,,,,5,2,5,2.0,7
201400053160,0014-01-26 11:05:00,14,1,26,11,5,750,103,"339, RUE SAINT MARTIN",,,Plein jour,En agglomération,Intersection en X,Normale,Deux véhicules - arrière,,,,,,,,,,,1,2,2,1.0,2
201400053161,0014-02-01 00:15:00,14,2,1,0,15,750,109,"22, RUE DE MOGADOR",,,Nuit avec éclairage allumé,En agglomération,Intersection en X,Pluie légère,Deux véhicules - côté,,,,,,,,,,,5,2,2,2.0,3
201400053162,0014-02-01 23:45:00,14,2,1,23,45,750,109,"51 bis, RUE CONDORCET",,,Nuit avec éclairage allumé,En agglomération,Intersection en T,Normale,Autre collision,,,,,,,,,,,5,2,3,1.0,6
201400053163,0014-02-05 15:25:00,14,2,5,15,25,750,109,"41, RUE DE CLICHY",,,Plein jour,En agglomération,Intersection en X,Normale,Autre collision,,,,,,,,,,,1,2,2,1.0,6
201400053164,0014-02-06 08:25:00,14,2,6,8,25,750,109,"106, RUE D AMSTERDAM",,,Plein jour,En agglomération,Hors intersection,Normale,Autre collision,,,,,,,,,,,1,2,1,1.0,6
201400053165,0014-02-06 13:10:00,14,2,6,13,10,750,109,"2, RUE LAMARTINE",,,Plein jour,En agglomération,Intersection en X,Pluie forte,Autre collision,,,,,,,,,,,1,2,2,3.0,6
201400053166,0014-02-08 20:00:00,14,2,8,20,0,750,109,"06, RUE DROUOT",,,Nuit avec éclairage allumé,En agglomération,Intersection en X,Normale,Autre collision,,,,,,,,,,,5,2,2,1.0,6
201400053167,0014-02-11 19:30:00,14,2,11,19,30,750,109,"35, RUE DE MAUBEUGE",,,Nuit avec éclairage allumé,En agglomération,Hors intersection,Pluie légère,Deux véhicules - arrière,,,,,,,,,,,5,2,1,2.0,2
201400053168,0014-02-12 09:25:00,14,2,12,9,25,750,109,"5, RUE HALEVY",,,Plein jour,En agglomération,Intersection à plus de 4 branches,Normale,Deux véhicules - côté,,,,,,,,,,,1,2,5,1.0,3
201400053169,0014-02-14 10:50:00,14,2,14,10,50,750,109,"4, RUE DE PROVENCE",,,Plein jour,En agglomération,Intersection à plus de 4 branches,Pluie légère,Autre collision,,,,,,,,,,,1,2,5,2.0,6
201400053170,0014-02-16 16:00:00,14,2,16,16,0,750,109,"22, BOULEVARD POISSONNIE",,,Plein jour,En agglomération,Intersection en T,Normale,Deux véhicules - côté,,,,,,,,,,,1,2,3,1.0,3
201400053171,0014-02-17 12:40:00,14,2,17,12,40,750,109,"2 bis, PLACE D ESTIENNE",,,Plein jour,En agglomération,Place,Normale,Autre collision,,,,,,,,,,,1,2,7,1.0,6
201400053172,0014-02-19 11:35:00,14,2,19,11,35,750,102,"8, RUE DU SENTIER",,,Plein jour,En agglomération,Intersection en T,Pluie légère,Sans collision,,,,,,,,,,,1,2,3,2.0,7
201400053173,0014-02-19 14:24:00,14,2,19,14,24,750,109,"41, BOULEVARD HAUSSMANN",,,Plein jour,En agglomération,Intersection en T,Normale,Autre collision,,,,,,,,,,,1,2,3,1.0,6
201400053174,0014-02-20 09:25:00,14,2,20,9,25,750,109,"15 BIS, RUE DE CLICHY",,,Plein jour,En agglomération,Intersection en T,Pluie légère,Autre collision,,,,,,,,,,,1,2,3,2.0,6
201400053175,0014-02-20 22:15:00,14,2,20,22,15,750,109,"85, RUE DE DUNKERQUE",,,Nuit avec éclairage allumé,En agglomération,Intersection en X,Pluie légère,Deux véhicules - côté,,,,,,,,,,,5,2,2,2.0,3
201400053176,0014-02-25 21:50:00,14,2,25,21,50,750,109,"50, RUE LA FAYETTE",,,Nuit avec éclairage allumé,En agglomération,Intersection en X,Normale,Deux véhicules - arrière,,,,,,,,,,,5,2,2,1.0,2
201400053177,0014-02-27 12:30:00,14,2,27,12,30,750,109,"89, RUE DE ROCHECHOUART",,,Plein jour,En agglomération,Hors intersection,Pluie légère,Autre collision,,,,,,,,,,,1,2,1,2.0,6
201400053178,0014-02-28 06:50:00,14,2,28,6,50,750,109,"14, PLACE KOSSUTH",,,Nuit avec éclairage allumé,En agglomération,Place,Pluie légère,Deux véhicules - côté,,,,,,,,,,,5,2,7,2.0,3
201400053179,0014-02-28 12:45:00,14,2,28,12,45,750,109,"12, BOULEVARD DES CAPUCI",,,Plein jour,En agglomération,Place,Normale,Autre collision,,,,,,,,,,,1,2,7,1.0,6
201400053180,0014-02-28 22:10:00,14,2,28,22,10,750,109,"4bis, RUE DE CHATEAUDUN",,,Nuit avec éclairage allumé,En agglomération,Intersection en X,Normale,Deux véhicules - côté,,,,,,,,,,,5,2,2,1.0,3
201400053181,0014-03-06 13:45:00,14,3,6,13,45,750,109,"23, RUE AUBER",,,Plein jour,En agglomération,Intersection à plus de 4 branches,Normale,Autre collision,,,,,,,,,,,1,2,5,1.0,6
201400053182,0014-03-06 14:30:00,14,3,6,14,30,750,109,"29, BOULEVARD DE CLICHY",,,Plein jour,En agglomération,Intersection en T,Normale,Deux véhicules - arrière,,,,,,,,,,,1,2,3,1.0,2
201400053183,0014-03-13 12:50:00,14,3,13,12,50,750,109,PLACE DIAGHILEV,,,Plein jour,En agglomération,Place,Normale,Deux véhicules - côté,,,,,,,,,,,1,2,7,1.0,3
201400053184,0014-03-19 05:15:00,14,3,19,5,15,750,109,"17, BOULEVARD DE ROCHECH",,,Nuit avec éclairage allumé,En agglomération,Intersection à plus de 4 branches,Normale,Autre collision,,,,,,,,,,,5,2,5,1.0,6
201400053185,0014-03-20 17:10:00,14,3,20,17,10,750,109,"32, RUE NOTRE DAME DE LO",,,Plein jour,En agglomération,Place,Normale,Autre collision,,,,,,,,,,,1,2,7,1.0,6
201400053186,0014-03-21 09:00:00,14,3,21,9,0,750,109,"53, RUE DE CHATEAUDUN",,,Plein jour,En agglomération,Hors intersection,Pluie légère,Deux véhicules - côté,,,,,,,,,,,1,2,1,2.0,3
201400053187,0014-03-22 02:15:00,14,3,22,2,15,750,109,"28, PLACE SAINT GEORGES",,,Nuit avec éclairage allumé,En agglomération,Place,Normale,Autre collision,,,,,,,,,,,5,2,7,1.0,6
201400053188,0014-03-23 01:55:00,14,3,23,1,55,750,109,"39, RUE VICTOR MASSE",,,Nuit avec éclairage allumé,En agglomération,Intersection à plus de 4 branches,Normale,Autre collision,,,,,,,,,,,5,2,5,1.0,6
201400053189,0014-03-28 13:30:00,14,3,28,13,30,750,109,"51, BOULEVARD HAUSSMANN",,,Plein jour,En agglomération,Intersection en X,Normale,Deux véhicules - côté,,,,,,,,,,,1,2,2,1.0,3
201400053190,0014-03-28 20:10:00,14,3,28,20,10,750,109,RUE PIERRE FONTAINE,,,Nuit avec éclairage allumé,En agglomération,Hors intersection,Normale,Deux véhicules - arrière,,,,,,,,,,,5,2,1,1.0,2
201400053191,0014-04-03 15:20:00,14,4,3,15,20,750,109,"2, RUE DE MOGADOR",,,Plein jour,En agglomération,Hors intersection,Normale,Deux véhicules - côté,,,,,,,,,,,1,2,1,1.0,3
201400053192,0014-04-04 09:20:00,14,4,4,9,20,750,109,"155, BOULEVARD DE MAGENT",,,Plein jour,En agglomération,Hors intersection,Normale,Autre collision,,,,,,,,,,,1,2,1,1.0,6
201400053193,0014-04-04 13:25:00,14,4,4,13,25,750,109,"66, BOULEVARD HAUSSMANN",,,Plein jour,En agglomération,Hors intersection,Normale,Autre collision,,,,,,,,,,,1,2,1,1.0,6
201400053194,0014-04-06 16:15:00,14,4,6,16,15,750,109,"61, RUE SAINT LAZARE",,,Plein jour,En agglomération,Intersection en T,Normale,Deux véhicules - arrière,,,,,,,,,,,1,2,3,1.0,2
201400053195,0014-04-08 13:00:00,14,4,8,13,0,750,109,"0, RUE DE MAUBEUGE",,,Plein jour,En agglomération,Intersection en X,Normale,Autre collision,,,,,,,,,,,1,2,2,1.0,6
201400053196,0014-04-08 21:02:00,14,4,8,21,2,750,109,"107, RUE DE PROVENCE",,,Nuit avec éclairage allumé,En agglomération,Hors intersection,Normale,Autre collision,,,,,,,,,,,5,2,1,1.0,6
201400053197,0014-04-11 09:05:00,14,4,11,9,5,750,109,"49, RUE DE LA ROCHEFOUCA",,,Plein jour,En agglomération,Intersection en X,Normale,Deux véhicules - côté,,,,,,,,,,,1,2,2,1.0,3
201400053198,0014-04-15 09:35:00,14,4,15,9,35,750,109,"102, RUE SAINT LAZARE",,,Plein jour,En agglomération,Hors intersection,Normale,Deux véhicules - arrière,,,,,,,,,,,1,2,1,1.0,2
201400053199,0014-04-18 22:10:00,14,4,18,22,10,750,109,"87, RUE DE DUNKERQUE",,,Nuit avec éclairage allumé,En agglomération,Intersection en X,Normale,Deux véhicules - côté,,,,,,,,,,,5,2,2,1.0,3
201400053200,0014-04-20 02:50:00,14,4,20,2,50,750,109,RUE ROUGEMONT,,,Nuit avec éclairage allumé,En agglomération,Intersection en T,Normale,Autre collision,,,,,,,,,,,5,2,3,1.0,6
201400053201,0014-04-21 19:40:00,14,4,21,19,40,750,109,"2, BOULEVARD MONTMARTRE",,,Plein jour,En agglomération,Intersection en X,Pluie légère,Deux véhicules - côté,,,,,,,,,,,1,2,2,2.0,3
201400053202,0014-04-24 19:20:00,14,4,24,19,20,750,109,"19, RUE DE VINTIMILLE",,,Plein jour,En agglomération,Intersection en X,Normale,Deux véhicules - côté,,,,,,,,,,,1,2,2,1.0,3
201400053203,0014-04-27 02:20:00,14,4,27,2,20,750,109,"20, BOULEVARD MONTMARTRE",,,Nuit avec éclairage allumé,En agglomération,Hors intersection,Normale,Autre collision,,,,,,,,,,,5,2,1,1.0,6
201400053204,0014-04-28 10:22:00,14,4,28,10,22,750,109,"55, RUE DE CHATEAUDUN",,,Plein jour,En agglomération,Hors intersection,Pluie légère,Deux véhicules - arrière,,,,,,,,,,,1,2,1,2.0,2
201400053205,0014-04-28 15:00:00,14,4,28,15,0,750,109,"73, RUE BLANCHE",,,Plein jour,En agglomération,Intersection en X,Pluie légère,Autre collision,,,,,,,,,,,1,2,2,2.0,6
201400053206,0014-05-02 12:45:00,14,5,2,12,45,750,109,"42, RUE SAINT GEORGES",,,Plein jour,En agglomération,Intersection en X,Normale,Deux véhicules - côté,,,,,,,,,,,1,2,2,1.0,3
201400053207,0014-05-05 13:00:00,14,5,5,13,0,750,109,"01, RUE DE MOGADOR",,,Plein jour,En agglomération,Intersection en X,Normale,Sans collision,,,,,,,,,,,1,2,2,1.0,7
201400053208,0014-05-07 17:15:00,14,5,7,17,15,750,109,"65bis, RUE DES MARTYRS",,,Plein jour,En agglomération,Intersection en Y,Normale,Deux véhicules - côté,,,,,,,,,,,1,2,4,1.0,3
201400053209,0014-05-07 18:20:00,14,5,7,18,20,750,109,"9, BOULEVARD DE ROCHECHO",,,Plein jour,En agglomération,Hors intersection,Normale,Deux véhicules - côté,,,,,,,,,,,1,2,1,1.0,3
201400053210,0014-05-08 00:25:00,14,5,8,0,25,750,109,"59, BOULEVARD DE CLICHY",,,Nuit avec éclairage allumé,En agglomération,Place,Normale,Autre collision,,,,,,,,,,,5,2,7,1.0,6
201400053211,0014-05-11 19:50:00,14,5,11,19,50,750,109,"34, RUE TRONCHET",,,Plein jour,En agglomération,Intersection à plus de 4 branches,Normale,Deux véhicules - côté,,,,,,,,,,,1,2,5,1.0,3
201400053212,0014-05-13 07:50:00,14,5,13,7,50,750,109,"80, RUE SAINT LAZARE",,,Plein jour,En agglomération,Intersection en T,Normale,Deux véhicules - côté,,,,,,,,,,,1,2,3,1.0,3
201400053213,0014-05-13 08:40:00,14,5,13,8,40,750,109,"21, RUE AUBER",,,Plein jour,En agglomération,Intersection à plus de 4 branches,Normale,Deux véhicules - côté,,,,,,,,,,,1,2,5,1.0,3
201400053214,0014-05-14 01:23:00,14,5,14,1,23,750,109,"18, RUE SAINT LAZARE",,,Nuit avec éclairage allumé,En agglomération,Hors intersection,Normale,Autre collision,,,,,,,,,,,5,2,1,1.0,6
201400053215,0014-05-13 13:30:00,14,5,13,13,30,750,109,"32, BOULEVARD POISSONNIE",,,Plein jour,En agglomération,Hors intersection,Normale,Autre collision,,,,,,,,,,,1,2,1,1.0,6
201400053216,0014-05-16 14:20:00,14,5,16,14,20,750,109,"35, RUE DE CAUMARTIN",,,Plein jour,En agglomération,Hors intersection,Normale,Autre collision,,,,,,,,,,,1,2,1,1.0,6
201400053217,0014-05-23 03:43:00,14,5,23,3,43,750,109,"66, BOULEVARD HAUSSMANN",,,Nuit avec éclairage allumé,En agglomération,Intersection en X,Normale,Deux véhicules - arrière,,,,,,,,,,,5,2,2,1.0,2
201400053218,0014-05-24 11:45:00,14,5,24,11,45,750,109,"38, BOULEVARD HAUSSMANN",,,Plein jour,En agglomération,Intersection à plus de 4 branches,Temps couvert,Deux véhicules - arrière,,,,,,,,,,,1,2,5,8.0,2
201400053219,0014-05-24 14:00:00,14,5,24,14,0,750,109,"39, BOULEVARD DE ROCHECH",,,Plein jour,En agglomération,Intersection à plus de 4 branches,Pluie légère,Deux véhicules - arrière,,,,,,,,,,,1,2,5,2.0,2
201400053220,0014-05-25 02:10:00,14,5,25,2,10,750,109,"26, RUE DE MONTHOLON",,,Nuit avec éclairage non allumé,En agglomération,Intersection à plus de 4 branches,Normale,Autre collision,,,,,,,,,,,4,2,5,1.0,6
201400053221,0014-05-31 04:30:00,14,5,31,4,30,750,109,"1, BOULEVARD DE ROCHECHO",,,Nuit avec éclairage allumé,En agglomération,Intersection en X,Normale,Deux véhicules - arrière,,,,,,,,,,,5,2,2,1.0,2
201400053222,0014-06-05 12:52:00,14,6,5,12,52,750,109,"101, RUE SAINT LAZARE",,,Plein jour,En agglomération,Intersection en T,Normale,Autre collision,,,,,,,,,,,1,2,3,1.0,6
201400053223,0014-06-12 17:50:00,14,6,12,17,50,750,109,"14, RUE DE CAUMARTIN",,,Plein jour,En agglomération,Intersection en X,Normale,Deux véhicules - arrière,,,,,,,,,,,1,2,2,1.0,2
201400053224,0014-06-16 16:00:00,14,6,16,16,0,750,109,"15, RUE DE CHATEAUDUN",,,Plein jour,En agglomération,Intersection à plus de 4 branches,Normale,Autre collision,,,,,,,,,,,1,2,5,1.0,6
201400053225,0014-06-16 18:20:00,14,6,16,18,20,750,109,"26, RUE D AMSTERDAM",,,Plein jour,En agglomération,Intersection en T,Normale,Autre collision,,,,,,,,,,,1,2,3,1.0,6
201400053226,0014-06-18 12:35:00,14,6,18,12,35,750,109,"2, RUE SAINT LAZARE",,,Plein jour,En agglomération,Intersection en T,Normale,Sans collision,,,,,,,,,,,1,2,3,1.0,7
201400053227,0014-06-21 04:00:00,14,6,21,4,0,750,109,"77, BOULEVARD DE CLICHY",,,Nuit avec éclairage allumé,En agglomération,Hors intersection,Normale,Autre collision,,,,,,,,,,,5,2,1,1.0,6
201400053228,0014-06-21 12:15:00,14,6,21,12,15,750,109,"81, RUE LA FAYETTE",,,Plein jour,En agglomération,Hors intersection,Normale,Autre collision,,,,,,,,,,,1,2,1,1.0,6
201400053229,0014-06-23 19:00:00,14,6,23,19,0,750,109,"59, RUE DE MAUBEUGE",,,Plein jour,En agglomération,Hors intersection,Normale,Autre collision,,,,,,,,,,,1,2,1,1.0,6
201400053230,0014-06-25 15:13:00,14,6,25,15,13,750,109,"68, RUE LA FAYETTE",,,Plein jour,En agglomération,Intersection en X,Temps éblouissant,Autre collision,,,,,,,,,,,1,2,2,7.0,6
201400053231,0014-07-02 03:00:00,14,7,2,3,0,750,109,"84, RUE DE CLICHY",,,Nuit avec éclairage allumé,En agglomération,Hors intersection,Normale,Autre collision,,,,,,,,,,,5,2,1,1.0,6
201400053232,0014-07-02 15:04:00,14,7,2,15,4,750,109,"76, RUE DE ROCHECHOUART",,,Plein jour,En agglomération,Intersection à plus de 4 branches,Normale,Autre collision,,,,,,,,,,,1,2,5,1.0,6
201400053233,0014-07-08 18:10:00,14,7,8,18,10,750,109,"51, BOULEVARD DE CLICHY",,,Plein jour,En agglomération,Hors intersection,Normale,Deux véhicules - côté,,,,,,,,,,,1,2,1,1.0,3
201400053234,0014-07-08 20:45:00,14,7,8,20,45,750,109,"41, RUE DE CHATEAUDUN",,,Plein jour,En agglomération,Intersection en X,Pluie légère,Deux véhicules - côté,,,,,,,,,,,1,2,2,2.0,3
201400053235,0014-07-09 16:05:00,14,7,9,16,5,750,109,"47, BOULEVARD DE ROCHECH",,,Plein jour,En agglomération,Intersection à plus de 4 branches,Pluie légère,Trois véhicules et plus - en chaîne,,,,,,,,,,,1,2,5,2.0,4
201400053236,0014-07-11 16:30:00,14,7,11,16,30,750,109,"51, BOULEVARD HAUSSMANN",,,Plein jour,En agglomération,Intersection en X,Temps couvert,Sans collision,,,,,,,,,,,1,2,2,8.0,7
201400053237,0014-07-14 16:54:00,14,7,14,16,54,750,109,"71, RUE DE PROVENCE",,,Plein jour,En agglomération,Hors intersection,Normale,Autre collision,,,,,,,,,,,1,2,1,1.0,6
201400053238,0014-07-14 20:30:00,14,7,14,20,30,750,109,"49, RUE DU FAUBOURG MONT",,,Plein jour,En agglomération,Intersection à plus de 4 branches,Normale,Autre collision,,,,,,,,,,,1,2,5,1.0,6
201400053239,0014-07-29 12:10:00,14,7,29,12,10,750,109,"02, BOULEVARD HAUSSMANN",,,Plein jour,En agglomération,Intersection en T,Normale,Deux véhicules - côté,,,,,,,,,,,1,2,3,1.0,3
201400053240,0014-07-30 19:00:00,14,7,30,19,0,750,109,"03, RUE DE DOUAI",,,Plein jour,En agglomération,Intersection à plus de 4 branches,Normale,Sans collision,,,,,,,,,,,1,2,5,1.0,7
201400053241,0014-08-05 17:45:00,14,8,5,17,45,750,109,"1, RUE CLAUZEL",,,Plein jour,En agglomération,Intersection en T,Normale,Deux véhicules - arrière,,,,,,,,,,,1,2,3,1.0,2
201400053242,0014-08-10 03:52:00,14,8,10,3,52,750,109,"52, BOULEVARD HAUSSMANN",,,Nuit avec éclairage allumé,En agglomération,Hors intersection,Pluie légère,Autre collision,,,,,,,,,,,5,2,1,2.0,6
201400053243,0014-08-12 14:05:00,14,8,12,14,5,750,109,"43, RUE DE LA CHAUSSEE D",,,Plein jour,En agglomération,Intersection en X,Normale,Autre collision,,,,,,,,,,,1,2,2,1.0,6
201400053244,0014-08-16 15:00:00,14,8,16,15,0,750,109,"2, BOULEVARD POISSONNIER",,,Plein jour,En agglomération,Intersection en X,Normale,Deux véhicules - côté,,,,,,,,,,,1,2,2,1.0,3
201400053245,0014-08-22 18:20:00,14,8,22,18,20,750,109,"2, RUE PIERRE FONTAINE",,,Plein jour,En agglomération,Intersection à plus de 4 branches,Temps couvert,Sans collision,,,,,,,,,,,1,2,5,8.0,7
201400053246,0014-08-25 09:15:00,14,8,25,9,15,750,109,"73, RUE SAINT LAZARE",,,Plein jour,En agglomération,Intersection en X,Pluie légère,Deux véhicules - frontale,,,,,,,,,,,1,2,2,2.0,1
201400053247,0014-08-26 10:40:00,14,8,26,10,40,750,109,"13, RUE DE CHATEAUDUN",,,Plein jour,En agglomération,Place,Temps couvert,Autre collision,,,,,,,,,,,1,2,7,8.0,6
201400053248,0014-08-30 16:30:00,14,8,30,16,30,750,109,PLACE BLANCHE,,,Plein jour,En agglomération,Place,Normale,Deux véhicules - côté,,,,,,,,,,,1,2,7,1.0,3
201400053249,0014-09-07 22:35:00,14,9,7,22,35,750,109,PLACE DE L OPERA,,,Nuit avec éclairage allumé,En agglomération,Intersection en X,Normale,Deux véhicules - frontale,,,,,,,,,,,5,2,2,1.0,1
201400053250,0014-09-08 13:50:00,14,9,8,13,50,750,109,"48, RUE DE PROVENCE",,,Plein jour,En agglomération,Intersection en X,Normale,Autre collision,,,,,,,,,,,1,2,2,1.0,6
201400053251,0014-09-12 05:43:00,14,9,12,5,43,750,109,"2, RUE JULES LEFEBVRE",,,Nuit avec éclairage allumé,En agglomération,Intersection en T,Normale,Autre collision,,,,,,,,,,,5,2,3,1.0,6
201400053252,0014-09-16 13:50:00,14,9,16,13,50,750,109,"44, RUE DE PROVENCE",,,Plein jour,En agglomération,Hors intersection,Normale,Autre collision,,,,,,,,,,,1,2,1,1.0,6
201400053253,0014-09-20 12:00:00,14,9,20,12,0,750,109,"23, BOULEVARD DE CLICHY",,,Plein jour,En agglomération,Hors intersection,Normale,Deux véhicules - arrière,,,,,,,,,,,1,2,1,1.0,2
201400053254,0014-09-21 13:50:00,14,9,21,13,50,750,109,"1, BOULEVARD HAUSSMANN",,,Plein jour,En agglomération,Intersection à plus de 4 branches,Pluie légère,Autre collision,,,,,,,,,,,1,2,5,2.0,6
201400053255,0014-09-23 12:15:00,14,9,23,12,15,750,109,"31, RUE DE CHATEAUDUN",,,Plein jour,En agglomération,Intersection en X,Normale,Autre collision,,,,,,,,,,,1,2,2,1.0,6
201400053256,0014-09-23 22:50:00,14,9,23,22,50,750,109,"3, BOULEVARD DE CLICHY",,,Nuit avec éclairage allumé,En agglomération,Hors intersection,Normale,Deux véhicules - arrière,,,,,,,,,,,5,2,1,1.0,2
201400053257,0014-09-29 12:45:00,14,9,29,12,45,750,109,"30, BOULEVARD DES CAPUCI",,,Plein jour,En agglomération,Intersection à plus de 4 branches,Normale,Autre collision,,,,,,,,,,,1,2,5,1.0,6
201400053258,0014-09-29 17:30:00,14,9,29,17,30,750,109,"06, RUE BLANCHE",,,Plein jour,En agglomération,Place,Temps couvert,Autre collision,,,,,,,,,,,1,2,7,8.0,6
201400053259,0014-09-29 19:15:00,14,9,29,19,15,750,109,"56 bis, RUE DE CHATEAUDU",,,Plein jour,En agglomération,Hors intersection,Normale,Autre collision,,,,,,,,,,,1,2,1,1.0,6