accident_id,datetime,annee,mois,jour,heure,minute,departement,commune_insee,adresse,latitude,longitude,luminosite,agglomeration,intersection,meteo,collision,nb_vehicules,nb_usagers,nb_indemnes,nb_tues,nb_blesses_hosp,nb_blesses_legers,age_cond_1,age_cond_2,veh_type_cond_1,veh_type_cond_2,lum_code,agg_code,int_code,atm_code,col_code
201400053386,0014-05-07 19:10:00,14,5,7,19,10,750,110,"21, RUE LOUIS BLANC",,,Plein jour,En agglomération,Intersection en X,Normale,Deux véhicules - côté,,,,,,,,,,,1,2,2,1.0,3
201400053387,0014-05-08 13:00:00,14,5,8,13,0,750,110,"1, BOULEVARD DE STRASBOU",,,Plein jour,En agglomération,Intersection en X,Normale,Trois véhicules et plus - collisions multiples,,,,,,,,,,,1,2,2,1.0,5
201400053388,0014-05-08 17:50:00,14,5,8,17,50,750,110,"2, BOULEVARD SAINT MARTI",,,Plein jour,En agglomération,Place,Pluie légère,Autre collision,,,,,,,,,,,1,2,7,2.0,6
201400053389,0014-05-09 10:05:00,14,5,9,10,5,750,110,"67, BOULEVARD DE STRASBO",,,Plein jour,En agglomération,Intersection en T,Normale,Autre collision,,,,,,,,,,,1,2,3,1.0,6
201400053390,0014-05-11 14:25:00,14,5,11,14,25,750,110,"274, RUE DU FAUBOURG SAI",,,Plein jour,En agglomération,Intersection à plus de 4 branches,Pluie légère,Deux véhicules - côté,,,,,,,,,,,1,2,5,2.0,3
201400053391,0014-05-15 22:45:00,14,5,15,22,45,750,110,"1, BOULEVARD DE STRASBOU",,,Nuit avec éclairage allumé,En agglomération,Intersection en X,Normale,Deux véhicules - côté,,,,,,,,,,,5,2,2,1.0,3
201400053392,0014-05-16 14:30:00,14,5,16,14,30,750,110,"180, RUE DU FAUBOURG SAI",,,Plein jour,En agglomération,Intersection en T,Normale,Autre collision,,,,,,,,,,,1,2,3,1.0,6
201400053393,0014-05-18 02:15:00,14,5,18,2,15,750,110,"16, BOULEVARD SAINT DENI",,,Nuit avec éclairage allumé,En agglomération,Intersection en X,Normale,Deux véhicules - côté,,,,,,,,,,,5,2,2,1.0,3
201400053394,0014-05-20 09:30:00,14,5,20,9,30,750,110,"54, BOULEVARD DE MAGENTA",,,Plein jour,En agglomération,Intersection à plus de 4 branches,Normale,Autre collision,,,,,,,,,,,1,2,5,1.0,6
201400053395,0014-05-20 18:40:00,14,5,20,18,40,750,110,"41, BOULEVARD DE LA VILL",,,Plein jour,En agglomération,Hors intersection,Pluie légère,Autre collision,,,,,,,,,,,1,2,1,2.0,6
201400053396,0014-05-21 07:40:00,14,5,21,7,40,750,110,RUE DU FAUBOURG POISSONN,,,Plein jour,En agglomération,Intersection en X,Pluie légère,Deux véhicules - côté,,,,,,,,,,,1,2,2,2.0,3
201400053397,0014-05-21 18:30:00,14,5,21,18,30,750,110,"30, RUE DU BUISSON SAINT",,,Plein jour,En agglomération,Intersection en T,Pluie forte,Autre collision,,,,,,,,,,,1,2,3,3.0,6
201400053398,0014-05-26 17:35:00,14,5,26,17,35,750,110,"51, BOULEVARD DE STRASBO",,,Plein jour,En agglomération,Intersection en X,Pluie légère,Autre collision,,,,,,,,,,,1,2,2,2.0,6
201400053399,0014-05-27 13:10:00,14,5,27,13,10,750,110,"223, RUE LA FAYETTE",,,Plein jour,En agglomération,Intersection en X,Normale,Deux véhicules - frontale,,,,,,,,,,,1,2,2,1.0,1
201400053400,0014-05-28 22:30:00,14,5,28,22,30,750,110,"200, RUE DU FAUBOURG SAI",,,Nuit avec éclairage allumé,En agglomération,Intersection en T,Pluie légère,Autre collision,,,,,,,,,,,5,2,3,2.0,6
201400053401,0014-05-28 22:44:00,14,5,28,22,44,750,110,"1, AVENUE CLAUDE VELLEFA",,,Nuit avec éclairage allumé,En agglomération,Intersection à plus de 4 branches,Normale,Deux véhicules - frontale,,,,,,,,,,,5,2,5,1.0,1
201400053402,0014-05-29 11:30:00,14,5,29,11,30,750,110,"169, BOULEVARD DE LA VIL",,,Plein jour,En agglomération,Hors intersection,Normale,Autre collision,,,,,,,,,,,1,2,1,1.0,6
201400053403,0014-05-29 17:40:00,14,5,29,17,40,750,110,"21, RUE DE LA GRANGE AUX",,,Plein jour,En agglomération,Intersection en T,Normale,Autre collision,,,,,,,,,,,1,2,3,1.0,6
201400053404,0014-05-31 17:00:00,14,5,31,17,0,750,110,"06, RUE SIBOUR",,,Plein jour,En agglomération,Intersection à plus de 4 branches,Normale,Autre collision,,,,,,,,,,,1,2,5,1.0,6
201400053405,0014-06-04 17:50:00,14,6,4,17,50,750,110,"7, RUE DU HUIT MAI 1945",,,Plein jour,En agglomération,Intersection en T,Normale,Deux véhicules - côté,,,,,,,,,,,1,2,3,1.0,3
201400053406,0014-06-06 19:20:00,14,6,6,19,20,750,110,"228, RUE DU FAUBOURG SAI",,,Plein jour,En agglomération,Hors intersection,Normale,Deux véhicules - côté,,,,,,,,,,,1,2,1,1.0,3
201400053407,0014-06-08 04:25:00,14,6,8,4,25,750,110,"1, RUE DE L AQUEDUC",,,Nuit avec éclairage allumé,En agglomération,Intersection en Y,Pluie légère,Autre collision,,,,,,,,,,,5,2,4,2.0,6
201400053408,0014-06-08 04:50:00,14,6,8,4,50,750,110,"34, RUE D ENGHIEN",,,Nuit avec éclairage allumé,En agglomération,Intersection en X,Pluie légère,Deux véhicules - côté,,,,,,,,,,,5,2,2,2.0,3
201400053409,0014-06-09 16:50:00,14,6,9,16,50,750,110,"12, RUE PHILIPPE DE GIRA",,,Plein jour,En agglomération,Intersection en X,Temps couvert,Deux véhicules - côté,,,,,,,,,,,1,2,2,8.0,3
201400053410,0014-06-10 17:50:00,14,6,10,17,50,750,110,"66, BOULEVARD DE STRASBO",,,Plein jour,En agglomération,Hors intersection,Temps couvert,Deux véhicules - côté,,,,,,,,,,,1,2,1,8.0,3
201400053411,0014-06-12 15:40:00,14,6,12,15,40,750,110,"02, BOULEVARD DE BONNE N",,,Plein jour,En agglomération,Intersection en X,Normale,Autre collision,,,,,,,,,,,1,2,2,1.0,6
201400053412,0014-06-13 12:50:00,14,6,13,12,50,750,110,"2, BOULEVARD DE DENAIN",,,Plein jour,En agglomération,Intersection en X,Normale,Deux véhicules - arrière,,,,,,,,,,,1,2,2,1.0,2
201400053413,0014-06-13 23:15:00,14,6,13,23,15,750,110,"82, RUE DU FAUBOURG SAIN",,,Nuit avec éclairage allumé,En agglomération,Hors intersection,Normale,Autre collision,,,,,,,,,,,5,2,1,1.0,6
201400053414,0014-06-14 00:10:00,14,6,14,0,10,750,110,"20, BOULEVARD DE STRASBO",,,Nuit avec éclairage allumé,En agglomération,Hors intersection,Normale,Autre collision,,,,,,,,,,,5,2,1,1.0,6
201400053415,0014-06-14 06:15:00,14,6,14,6,15,750,110,"200, RUE LA FAYETTE",,,Plein jour,En agglomération,Intersection en X,Pluie légère,Deux véhicules - arrière,,,,,,,,,,,1,2,2,2.0,2
201400053416,0014-06-15 17:00:00,14,6,15,17,0,750,110,"207, RUE DU FAUBOURG SAI",,,Plein jour,En agglomération,Hors intersection,Normale,Deux véhicules - arrière,,,,,,,,,,,1,2,1,1.0,2
201400053417,0014-06-15 18:30:00,14,6,15,18,30,750,110,"228, RUE DU FAUBOURG SAI",,,Plein jour,En agglomération,Hors intersection,Normale,Deux véhicules - arrière,,,,,,,,,,,1,2,1,1.0,2
201400053418,0014-06-16 17:35:00,14,6,16,17,35,750,111,"72, RUE DU FAUBOURG DU T",,,Plein jour,En agglomération,Hors intersection,Normale,Autre collision,,,,,,,,,,,1,2,1,1.0,6
201400053419,0014-06-17 09:30:00,14,6,17,9,30,750,110,"19, AVENUE CLAUDE VELLEF",,,Plein jour,En agglomération,Hors intersection,Normale,Deux véhicules - côté,,,,,,,,,,,1,2,1,1.0,3
201400053420,0014-06-21 23:35:00,14,6,21,23,35,750,110,"1, BOULEVARD DE STRASBOU",,,Nuit avec éclairage allumé,En agglomération,Intersection en X,Normale,Deux véhicules - côté,,,,,,,,,,,5,2,2,1.0,3
201400053421,0014-06-24 16:15:00,14,6,24,16,15,750,110,"116, QUAI DE JEMMAPES",,,Plein jour,En agglomération,Hors intersection,Normale,Autre collision,,,,,,,,,,,1,2,1,1.0,6
201400053422,0014-06-25 08:20:00,14,6,25,8,20,750,110,"42, RUE DES PETITES ECUR",,,Plein jour,En agglomération,Hors intersection,Normale,Autre collision,,,,,,,,,,,1,2,1,1.0,6
201400053423,0014-06-26 15:50:00,14,6,26,15,50,750,110,"21, RUE DE DUNKERQUE",,,Plein jour,En agglomération,Hors intersection,Temps éblouissant,Deux véhicules - frontale,,,,,,,,,,,1,2,1,7.0,1
201400053424,0014-06-27 00:30:00,14,6,27,0,30,750,110,"20, RUE LOUIS BLANC",,,Nuit avec éclairage allumé,En agglomération,Intersection en T,Normale,Deux véhicules - arrière,,,,,,,,,,,5,2,3,1.0,2
201400053425,0014-06-28 22:30:00,14,6,28,22,30,750,110,"131, BOULEVARD DE MAGENT",,,Nuit avec éclairage allumé,En agglomération,Hors intersection,Pluie légère,Autre collision,,,,,,,,,,,5,2,1,2.0,6
201400053426,0014-06-29 02:20:00,14,6,29,2,20,750,110,"138, BOULEVARD DE MAGENT",,,Nuit avec éclairage allumé,En agglomération,Hors intersection,Pluie légère,Autre collision,,,,,,,,,,,5,2,1,2.0,6
201400053427,0014-06-29 05:30:00,14,6,29,5,30,750,110,"173, RUE LA FAYETTE",,,Crépuscule ou aube,En agglomération,Hors intersection,Pluie légère,Deux véhicules - frontale,,,,,,,,,,,2,2,1,2.0,1
201400053428,0014-07-04 17:00:00,14,7,4,17,0,750,110,"20, RUE DU FAUBOURG POIS",,,Plein jour,En agglomération,Intersection en T,Normale,Autre collision,,,,,,,,,,,1,2,3,1.0,6
201400053429,0014-07-08 13:45:00,14,7,8,13,45,750,110,"116, RUE DU FAUBOURG SAI",,,Plein jour,En agglomération,Intersection en X,Normale,Deux véhicules - arrière,,,,,,,,,,,1,2,2,1.0,2
201400053430,0014-07-09 23:30:00,14,7,9,23,30,750,110,"37, AVENUE CLAUDE VELLEF",,,Nuit avec éclairage allumé,En agglomération,Intersection en Y,Pluie légère,Deux véhicules - côté,,,,,,,,,,,5,2,4,2.0,3
201400053431,0014-07-12 09:15:00,14,7,12,9,15,750,110,"62, BOULEVARD DE MAGENTA",,,Plein jour,En agglomération,Intersection en X,Temps couvert,Deux véhicules - côté,,,,,,,,,,,1,2,2,8.0,3
201400053432,0014-07-12 09:30:00,14,7,12,9,30,750,110,"13, BOULEVARD DE STRASBO",,,Plein jour,En agglomération,Intersection en T,Normale,Deux véhicules - côté,,,,,,,,,,,1,2,3,1.0,3
201400053433,0014-07-13 11:30:00,14,7,13,11,30,750,110,"1, AVENUE CLAUDE VELLEFA",,,Plein jour,En agglomération,Place,Pluie légère,Autre collision,,,,,,,,,,,1,2,7,2.0,6
201400053434,0014-07-15 10:30:00,14,7,15,10,30,750,110,"03, RUE PHILIPPE DE GIRA",,,Plein jour,En agglomération,Hors intersection,Normale,Deux véhicules - côté,,,,,,,,,,,1,2,1,1.0,3
201400053435,0014-07-16 15:00:00,14,7,16,15,0,750,110,"34, BOULEVARD DE BONNE N",,,Plein jour,En agglomération,Hors intersection,Normale,Deux véhicules - côté,,,,,,,,,,,1,2,1,1.0,3
201400053436,0014-07-16 18:10:00,14,7,16,18,10,750,110,"160, RUE DU FAUBOURG SAI",,,Plein jour,En agglomération,Intersection en X,Normale,Sans collision,,,,,,,,,,,1,2,2,1.0,7
201400053437,0014-07-17 08:50:00,14,7,17,8,50,750,110,"18, RUE DU FAUBOURG POIS",,,Plein jour,En agglomération,Intersection en X,Normale,Deux véhicules - côté,,,,,,,,,,,1,2,2,1.0,3
201400053438,0014-07-18 09:20:00,14,7,18,9,20,750,110,"133, RUE DU FAUBOURG SAI",,,Plein jour,En agglomération,Intersection en X,Normale,Deux véhicules - côté,,,,,,,,,,,1,2,2,1.0,3
201400053439,0014-07-19 17:55:00,14,7,19,17,55,750,110,"42, RUE DU FAUBOURG POIS",,,Plein jour,En agglomération,Intersection en X,Normale,Deux véhicules - côté,,,,,,,,,,,1,2,2,1.0,3
201400053440,0014-07-21 07:00:00,14,7,21,7,0,750,110,"8, RUE DE DUNKERQUE",,,Plein jour,En agglomération,Hors intersection,Temps couvert,Autre collision,,,,,,,,,,,1,2,1,8.0,6
201400053441,0014-07-22 10:00:00,14,7,22,10,0,750,110,"52, RUE LOUIS BLANC",,,Plein jour,En agglomération,Intersection en T,Normale,Deux véhicules - frontale,,,,,,,,,,,1,2,3,1.0,1
201400053442,0014-07-22 16:10:00,14,7,22,16,10,750,110,"27, RUE DU FAUBOURG DU T",,,Plein jour,En agglomération,Intersection en X,Normale,Autre collision,,,,,,,,,,,1,2,2,1.0,6
201400053443,0014-07-23 17:10:00,14,7,23,17,10,750,110,"16, RUE DU FAUBOURG SAIN",,,Plein jour,En agglomération,Hors intersection,Normale,Autre collision,,,,,,,,,,,1,2,1,1.0,6
201400053444,0014-07-24 22:30:00,14,7,24,22,30,750,110,"89 TER, BOULEVARD DE LA",,,Nuit avec éclairage allumé,En agglomération,Intersection à plus de 4 branches,Normale,Deux véhicules - côté,,,,,,,,,,,5,2,5,1.0,3
201400053445,0014-07-25 09:25:00,14,7,25,9,25,750,110,"70, BOULEVARD DE MAGENTA",,,Plein jour,En agglomération,Intersection à plus de 4 branches,Normale,Autre collision,,,,,,,,,,,1,2,5,1.0,6
201400053446,0014-07-27 02:36:00,14,7,27,2,36,750,110,"36, QUAI DE JEMMAPES",,,Nuit avec éclairage allumé,En agglomération,Intersection en X,Normale,Autre collision,,,,,,,,,,,5,2,2,1.0,6
201400053447,0014-07-28 02:15:00,14,7,28,2,15,750,110,"119, BOULEVARD DE MAGENT",,,Nuit avec éclairage allumé,En agglomération,Hors intersection,Pluie forte,Autre collision,,,,,,,,,,,5,2,1,3.0,6
201400053448,0014-07-28 21:05:00,14,7,28,21,5,750,110,"85, BOULEVARD DE MAGENTA",,,Plein jour,En agglomération,Intersection en X,Normale,Deux véhicules - côté,,,,,,,,,,,1,2,2,1.0,3
201400053449,0014-07-29 10:15:00,14,7,29,10,15,750,110,"211, RUE LA FAYETTE",,,Plein jour,En agglomération,Intersection en X,Normale,Deux véhicules - côté,,,,,,,,,,,1,2,2,1.0,3
201400053450,0014-07-30 22:55:00,14,7,30,22,55,750,110,"148, QUAI DE JEMMAPES",,,Nuit avec éclairage allumé,En agglomération,Intersection en X,Normale,Autre collision,,,,,,,,,,,5,2,2,1.0,6
201400053451,0014-08-01 09:00:00,14,8,1,9,0,750,110,"39, QUAI DE VALMY",,,Plein jour,En agglomération,Hors intersection,Normale,Trois véhicules et plus - en chaîne,,,,,,,,,,,1,2,1,1.0,4
201400053452,0014-08-02 15:40:00,14,8,2,15,40,750,110,"86, BOULEVARD DE MAGENTA",,,Plein jour,En agglomération,Hors intersection,Normale,Autre collision,,,,,,,,,,,1,2,1,1.0,6
201400053453,0014-08-06 01:08:00,14,8,6,1,8,750,110,"103, BOULEVARD DE MAGENT",,,Plein jour,En agglomération,Hors intersection,Normale,Autre collision,,,,,,,,,,,1,2,1,1.0,6
201400053454,0014-08-08 23:30:00,14,8,8,23,30,750,110,"78, QUAI DE JEMMAPES",,,Nuit avec éclairage allumé,En agglomération,Hors intersection,Pluie légère,Autre collision,,,,,,,,,,,5,2,1,2.0,6
201400053455,0014-08-13 01:10:00,14,8,13,1,10,750,110,"55, BOULEVARD DE STRASBO",,,Nuit avec éclairage allumé,En agglomération,Intersection en X,Normale,Deux véhicules - côté,,,,,,,,,,,5,2,2,1.0,3
201400053456,0014-08-15 13:30:00,14,8,15,13,30,750,110,"133, BOULEVARD DE MAGENT",,,Plein jour,En agglomération,Hors intersection,Normale,Autre collision,,,,,,,,,,,1,2,1,1.0,6
201400053457,0014-08-19 17:20:00,14,8,19,17,20,750,110,"44, AVENUE CLAUDE VELLEF",,,Plein jour,En agglomération,Intersection en X,Normale,Deux véhicules - côté,,,,,,,,,,,1,2,2,1.0,3
201400053458,0014-08-19 18:00:00,14,8,19,18,0,750,110,"222, RUE DU FAUBOURG SAI",,,Plein jour,En agglomération,Intersection en X,Temps couvert,Deux véhicules - côté,,,,,,,,,,,1,2,2,8.0,3
201400053459,0014-08-24 01:35:00,14,8,24,1,35,750,110,"3, BOULEVARD DE LA CHAPE",,,Nuit avec éclairage allumé,En agglomération,Hors intersection,Normale,Autre collision,,,,,,,,,,,5,2,1,1.0,6
201400053460,0014-08-26 08:45:00,14,8,26,8,45,750,110,"0, RUE DU FAUBOURG SAINT",,,Plein jour,En agglomération,Intersection en X,Temps couvert,Deux véhicules - côté,,,,,,,,,,,1,2,2,8.0,3
201400053461,0014-08-30 06:15:00,14,8,30,6,15,750,110,"30, RUE DE DUNKERQUE",,,Nuit avec éclairage allumé,En agglomération,Intersection en X,Normale,Autre collision,,,,,,,,,,,5,2,2,1.0,6
201400053462,0014-08-31 07:58:00,14,8,31,7,58,750,110,"215, RUE LA FAYETTE",,,Plein jour,En agglomération,Intersection en X,Normale,Deux véhicules - côté,,,,,,,,,,,1,2,2,1.0,3
201400053463,0014-09-01 13:35:00,14,9,1,13,35,750,110,"96, RUE D HAUTEVILLE",,,Plein jour,En agglomération,Hors intersection,Normale,Deux véhicules - arrière,,,,,,,,,,,1,2,1,1.0,2
201400053464,0014-09-01 19:45:00,14,9,1,19,45,750,110,"209, RUE DU FAUBOURG SAI",,,Plein jour,En agglomération,Intersection en T,Normale,Autre collision,,,,,,,,,,,1,2,3,1.0,6
201400053465,0014-09-03 20:40:00,14,9,3,20,40,750,110,"129, RUE DU FAUBOURG SAI",,,Nuit avec éclairage allumé,En agglomération,Intersection en X,Normale,Autre collision,,,,,,,,,,,5,2,2,1.0,6
201400053466,0014-09-06 06:25:00,14,9,6,6,25,750,110,"64, BOULEVARD DE MAGENTA",,,Crépuscule ou aube,En agglomération,Hors intersection,Normale,Autre collision,,,,,,,,,,,2,2,1,1.0,6
201400053467,0014-09-06 23:20:00,14,9,6,23,20,750,110,"9, PLACE DE LA BATAILLE",,,Nuit avec éclairage allumé,En agglomération,Place,Normale,Deux véhicules - côté,,,,,,,,,,,5,2,7,1.0,3
201400053468,0014-09-11 11:00:00,14,9,11,11,0,750,110,"151, BOULEVARD DE LA VIL",,,Plein jour,En agglomération,Intersection en X,Normale,Autre collision,,,,,,,,,,,1,2,2,1.0,6
201400053469,0014-09-11 16:30:00,14,9,11,16,30,750,110,"87, QUAI DE VALMY",,,Plein jour,En agglomération,Hors intersection,Normale,Sans collision,,,,,,,,,,,1,2,1,1.0,7
201400053470,0014-09-12 15:10:00,14,9,12,15,10,750,110,"2, BOULEVARD DE STRASBOU",,,Plein jour,En agglomération,Intersection en X,Normale,Autre collision,,,,,,,,,,,1,2,2,1.0,6
201400053471,0014-09-13 14:30:00,14,9,13,14,30,750,110,"43, RUE DU FAUBOURG SAIN",,,Plein jour,En agglomération,Intersection en T,Normale,Trois véhicules et plus - en chaîne,,,,,,,,,,,1,2,3,1.0,4
201400053472,0014-09-13 20:40:00,14,9,13,20,40,750,110,QUAI DE VALMY,,,Crépuscule ou aube,En agglomération,Hors intersection,Normale,Deux véhicules - arrière,,,,,,,,,,,2,2,1,1.0,2
201400053473,0014-09-15 15:10:00,14,9,15,15,10,750,110,"52, RUE DE CHABROL",,,Plein jour,En agglomération,Hors intersection,Normale,Autre collision,,,,,,,,,,,1,2,1,1.0,6
201400053474,0014-09-15 17:10:00,14,9,15,17,10,750,110,"145, BOULEVARD DE MAGENT",,,Plein jour,En agglomération,Hors intersection,Normale,Autre collision,,,,,,,,,,,1,2,1,1.0,6
201400053475,0014-09-16 09:00:00,14,9,16,9,0,750,110,"147, RUE DU FAUBOURG SAI",,,Plein jour,En agglomération,Intersection en X,Normale,Deux véhicules - côté,,,,,,,,,,,1,2,2,1.0,3
201400053476,0014-09-16 12:00:00,14,9,16,12,0,750,110,"157, BOULEVARD DE MAGENT",,,Plein jour,En agglomération,Hors intersection,Normale,Autre collision,,,,,,,,,,,1,2,1,1.0,6
201400053477,0014-09-19 09:05:00,14,9,19,9,5,750,110,"86, QUAI DE JEMMAPES",,,Plein jour,En agglomération,Hors intersection,Normale,Sans collision,,,,,,,,,,,1,2,1,1.0,7
201400053478,0014-09-19 12:10:00,14,9,19,12,10,750,110,"22, RUE DU FAUBOURG POIS",,,Plein jour,En agglomération,Intersection en T,Normale,Deux véhicules - côté,,,,,,,,,,,1,2,3,1.0,3
201400053479,0014-09-20 14:35:00,14,9,20,14,35,750,110,"230 bis, RUE DU FAUBOURG",,,Plein jour,En agglomération,Intersection en X,Normale,Autre collision,,,,,,,,,,,1,2,2,1.0,6
201400053480,0014-09-20 22:10:00,14,9,20,22,10,750,110,"48, RUE D HAUTEVILLE",,,Nuit avec éclairage allumé,En agglomération,Intersection en X,Normale,Autre collision,,,,,,,,,,,5,2,2,1.0,6
201400053481,0014-09-22 09:25:00,14,9,22,9,25,750,110,"0, RUE DU FAUBOURG SAINT",,,Plein jour,En agglomération,Intersection en X,Normale,Deux véhicules - côté,,,,,,,,,,,1,2,2,1.0,3
201400053482,0014-09-25 09:05:00,14,9,25,9,5,750,110,"2, RUE EUGENE VARLIN",,,Plein jour,En agglomération,Intersection en X,Normale,Deux véhicules - frontale,,,,,,,,,,,1,2,2,1.0,1
201400053483,0014-09-25 17:15:00,14,9,25,17,15,750,110,"36, BOULEVARD DE STRASBO",,,Plein jour,En agglomération,Intersection en X,Normale,Autre collision,,,,,,,,,,,1,2,2,1.0,6
201400053484,0014-09-26 00:01:00,14,9,26,0,1,750,110,"59, QUAI DE VALMY",,,Nuit avec éclairage allumé,En agglomération,Hors intersection,Normale,Autre collision,,,,,,,,,,,5,2,1,1.0,6
201400053485,0014-09-26 19:15:00,14,9,26,19,15,750,110,"38, RUE LOUIS BLANC",,,Crépuscule ou aube,En agglomération,Intersection en X,Normale,Autre collision,,,,,,,,,,,2,2,2,1.0,6
201400053486,0014-10-04 01:25:00,14,10,4,1,25,750,110,"53, BOULEVARD DE MAGENTA",,,Nuit avec éclairage allumé,En agglomération,Hors intersection,Normale,Autre collision,,,,,,,,,,,5,2,1,1.0,6
201400053487,0014-10-06 12:05:00,14,10,6,12,5,750,110,"202, RUE LA FAYETTE",,,Plein jour,En agglomération,Intersection en X,Normale,Autre collision,,,,,,,,,,,1,2,2,1.0,6
201400053488,0014-10-06 18:50:00,14,10,6,18,50,750,110,"162, RUE DU FAUBOURG SAI",,,Nuit avec éclairage allumé,En agglomération,Hors intersection,Pluie forte,Autre collision,,,,,,,,,,,5,2,1,3.0,6
201400053489,0014-10-06 21:30:00,14,10,6,21,30,750,110,"162, RUE LA FAYETTE",,,Nuit avec éclairage allumé,En agglomération,Intersection en X,Pluie légère,Autre collision,,,,,,,,,,,5,2,2,2.0,6
201400053490,0014-10-07 19:00:00,14,10,7,19,0,750,110,"281, BOULEVARD DE MAGENT",,,Crépuscule ou aube,En agglomération,Intersection en T,Normale,Autre collision,,,,,,,,,,,2,2,3,1.0,6
201400053491,0014-10-09 10:55:00,14,10,9,10,55,750,110,"206, RUE LA FAYETTE",,,Plein jour,En agglomération,Intersection en X,Normale,Deux véhicules - frontale,,,,,,,,,,,1,2,2,1.0,1
201400053492,0014-10-09 18:35:00,14,10,9,18,35,750,110,"4, BOULEVARD SAINT DENIS",,,Crépuscule ou aube,En agglomération,Intersection en X,Normale,Autre collision,,,,,,,,,,,2,2,2,1.0,6
201400053493,0014-10-09 19:00:00,14,10,9,19,0,750,110,"66, AVENUE CLAUDE VELLEF",,,Nuit avec éclairage allumé,En agglomération,Hors intersection,Pluie légère,Deux véhicules - arrière,,,,,,,,,,,5,2,1,2.0,2
201400053494,0014-10-12 00:15:00,14,10,12,0,15,750,110,"196, RUE LA FAYETTE",,,Nuit avec éclairage allumé,En agglomération,Hors intersection,Normale,Deux véhicules - arrière,,,,,,,,,,,5,2,1,1.0,2
201400053495,0014-10-12 15:45:00,14,10,12,15,45,750,110,"225, RUE DU FAUBOURG SAI",,,Plein jour,En agglomération,Intersection en T,Pluie légère,Deux véhicules - arrière,,,,,,,,,,,1,2,3,2.0,2
201400053496,0014-10-14 05:50:00,14,10,14,5,50,750,110,"229, RUE DU FAUBOURG SAI",,,Nuit avec éclairage allumé,En agglomération,Intersection en X,Normale,Deux véhicules - côté,,,,,,,,,,,5,2,2,1.0,3
201400053497,0014-10-14 08:55:00,14,10,14,8,55,750,110,"243, RUE LA FAYETTE",,,Plein jour,En agglomération,Intersection en Y,Normale,Deux véhicules - arrière,,,,,,,,,,,1,2,4,1.0,2
201400053498,0014-10-15 07:53:00,14,10,15,7,53,750,110,"126, BOULEVARD DE MAGENT",,,Crépuscule ou aube,En agglomération,Hors intersection,Normale,Autre collision,,,,,,,,,,,2,2,1,1.0,6
201400053499,0014-10-15 11:00:00,14,10,15,11,0,750,110,"138, RUE LA FAYETTE",,,Plein jour,En agglomération,Intersection à plus de 4 branches,Pluie légère,Autre collision,,,,,,,,,,,1,2,5,2.0,6
201400053500,0014-10-15 20:15:00,14,10,15,20,15,750,110,"228, RUE LA FAYETTE",,,Nuit sans éclairage public,En agglomération,Hors intersection,Normale,Deux véhicules - côté,,,,,,,,,,,3,2,1,1.0,3
201400053501,0014-10-16 19:10:00,14,10,16,19,10,750,110,"114, BOULEVARD DE MAGENT",,,Nuit avec éclairage allumé,En agglomération,Hors intersection,Pluie légère,Trois véhicules et plus - collisions multiples,,,,,,,,,,,5,2,1,2.0,5
201400053502,0014-10-17 10:00:00,14,10,17,10,0,750,110,"179, QUAI DE VALMY",,,Plein jour,En agglomération,Intersection en X,Normale,Deux véhicules - côté,,,,,,,,,,,1,2,2,1.0,3
201400053503,0014-10-20 18:00:00,14,10,20,18,0,750,110,"71, BOULEVARD DE STRASBO",,,Crépuscule ou aube,En agglomération,Hors intersection,Pluie légère,Sans collision,,,,,,,,,,,2,2,1,2.0,7
201400053504,0014-10-24 12:05:00,14,10,24,12,5,750,110,"39, RUE DE DUNKERQUE",,,Plein jour,En agglomération,Intersection en X,Normale,Deux véhicules - côté,,,,,,,,,,,1,2,2,1.0,3
201400053505,0014-10-24 20:10:00,14,10,24,20,10,750,110,"165, QUAI DE VALMY",,,Nuit avec éclairage allumé,En agglomération,Intersection en T,Temps couvert,Autre collision,,,,,,,,,,,5,2,3,8.0,6
201400053506,0014-10-26 20:00:00,14,10,26,20,0,750,110,"60, RUE LOUIS BLANC",,,Nuit avec éclairage allumé,En agglomération,Intersection en X,Normale,Deux véhicules - arrière,,,,,,,,,,,5,2,2,1.0,2
201400053507,0014-10-29 17:00:00,14,10,29,17,0,750,110,"143, RUE LA FAYETTE",,,Crépuscule ou aube,En agglomération,Intersection en X,Normale,Deux véhicules - côté,,,,,,,,,,,2,2,2,1.0,3
201400053508,0014-10-30 08:25:00,14,10,30,8,25,750,110,"72, RUE DU FAUBOURG SAIN",,,Plein jour,En agglomération,Intersection en X,Normale,Deux véhicules - côté,,,,,,,,,,,1,2,2,1.0,3
201400053509,0014-10-30 15:15:00,14,10,30,15,15,750,110,"7, PLACE FRANZ LISZT",,,Plein jour,En agglomération,Place,Normale,Autre collision,,,,,,,,,,,1,2,7,1.0,6
201400053510,0014-10-30 16:10:00,14,10,30,16,10,750,110,"35, QUAI DE VALMY",,,Plein jour,En agglomération,Hors intersection,Normale,Autre collision,,,,,,,,,,,1,2,1,1.0,6
201400053511,0014-10-31 16:00:00,14,10,31,16,0,750,110,"97, RUE DE MAUBEUGE",,,Plein jour,En agglomération,Intersection en X,Normale,Autre collision,,,,,,,,,,,1,2,2,1.0,6
201400053512,0014-11-01 13:50:00,14,11,1,13,50,750,110,"0, RUE LA FAYETTE",,,Plein jour,En agglomération,Hors intersection,Normale,Deux véhicules - arrière,,,,,,,,,,,1,2,1,1.0,2