accident_id,datetime,annee,mois,jour,heure,minute,departement,commune_insee,adresse,latitude,longitude,luminosite,agglomeration,intersection,meteo,collision,nb_vehicules,nb_usagers,nb_indemnes,nb_tues,nb_blesses_hosp,nb_blesses_legers,age_cond_1,age_cond_2,veh_type_cond_1,veh_type_cond_2,lum_code,agg_code,int_code,atm_code,col_code
201400053513,0014-11-01 17:45:00,14,11,1,17,45,750,110,"205, RUE DU FAUBOURG SAI",,,Nuit avec éclairage allumé,En agglomération,Hors intersection,Normale,Autre collision,,,,,,,,,,,5,2,1,1.0,6
201400053514,0014-11-01 18:40:00,14,11,1,18,40,750,110,"1, RUE DU HUIT MAI 1945",,,Nuit avec éclairage allumé,En agglomération,Place,Normale,Autre collision,,,,,,,,,,,5,2,7,1.0,6
201400053515,0014-11-03 05:10:00,14,11,3,5,10,750,110,"12, BOULEVARD DE BONNE N",,,Nuit avec éclairage allumé,En agglomération,Hors intersection,Normale,Deux véhicules - arrière,,,,,,,,,,,5,2,1,1.0,2
201400053516,0014-11-03 14:45:00,14,11,3,14,45,750,110,"31, BOULEVARD DE MAGENTA",,,Plein jour,En agglomération,Hors intersection,Pluie légère,Deux véhicules - arrière,,,,,,,,,,,1,2,1,2.0,2
201400053517,0014-11-03 19:45:00,14,11,3,19,45,750,110,"4, BOULEVARD SAINT MARTI",,,Nuit avec éclairage allumé,En agglomération,Hors intersection,Pluie légère,Deux véhicules - côté,,,,,,,,,,,5,2,1,2.0,3
201400053518,0014-11-05 18:25:00,14,11,5,18,25,750,110,"52, RUE DES PETITES ECUR",,,Nuit avec éclairage allumé,En agglomération,Hors intersection,Normale,Deux véhicules - côté,,,,,,,,,,,5,2,1,1.0,3
201400053519,0014-11-05 20:30:00,14,11,5,20,30,750,110,"8, BOULEVARD DE DENAIN",,,Nuit avec éclairage allumé,En agglomération,Hors intersection,Normale,Autre collision,,,,,,,,,,,5,2,1,1.0,6
201400053520,0014-11-06 12:30:00,14,11,6,12,30,750,110,"168, RUE LA FAYETTE",,,Plein jour,En agglomération,Intersection en Y,Normale,Deux véhicules - côté,,,,,,,,,,,1,2,4,1.0,3
201400053521,0014-11-06 12:05:00,14,11,6,12,5,750,110,"13, BOULEVARD DE MAGENTA",,,Plein jour,En agglomération,Hors intersection,Normale,Autre collision,,,,,,,,,,,1,2,1,1.0,6
201400053522,0014-11-10 15:40:00,14,11,10,15,40,750,110,"142, BOULEVARD DE MAGENT",,,Plein jour,En agglomération,Hors intersection,Normale,Autre collision,,,,,,,,,,,1,2,1,1.0,6
201400053523,0014-11-11 16:30:00,14,11,11,16,30,750,110,"147, RUE LA FAYETTE",,,Plein jour,En agglomération,Hors intersection,Normale,Autre collision,,,,,,,,,,,1,2,1,1.0,6
201400053524,0014-11-12 13:05:00,14,11,12,13,5,750,110,BOULEVARD DE LA CHAPELLE,,,Plein jour,En agglomération,Intersection à plus de 4 branches,Normale,Autre collision,,,,,,,,,,,1,2,5,1.0,6
201400053525,0014-11-14 23:50:00,14,11,14,23,50,750,110,"14, BOULEVARD SAINT DENI",,,Nuit avec éclairage allumé,En agglomération,Intersection en X,Normale,Deux véhicules - côté,,,,,,,,,,,5,2,2,1.0,3
201400053526,0014-11-16 20:00:00,14,11,16,20,0,750,110,"33, BOULEVARD DE LA CHAP",,,Nuit avec éclairage allumé,En agglomération,Hors intersection,Pluie légère,Autre collision,,,,,,,,,,,5,2,1,2.0,6
201400053527,0014-11-16 23:00:00,14,11,16,23,0,750,110,"19, RUE BICHAT",,,Nuit avec éclairage allumé,En agglomération,Intersection en T,Temps couvert,Autre collision,,,,,,,,,,,5,2,3,8.0,6
201400053528,0014-11-19 08:45:00,14,11,19,8,45,750,110,"196, BOULEVARD SAINT MAR",,,Plein jour,En agglomération,Intersection en T,Normale,Autre collision,,,,,,,,,,,1,2,3,1.0,6
201400053529,0014-11-19 16:00:00,14,11,19,16,0,750,110,"210, RUE SAINT MAUR",,,Plein jour,En agglomération,Hors intersection,Normale,Autre collision,,,,,,,,,,,1,2,1,1.0,6
201400053530,0014-11-19 23:50:00,14,11,19,23,50,750,110,"92, BOULEVARD DE MAGENTA",,,Nuit avec éclairage allumé,En agglomération,Intersection en X,Normale,Deux véhicules - arrière,,,,,,,,,,,5,2,2,1.0,2
201400053531,0014-11-20 08:50:00,14,11,20,8,50,750,110,"1, BOULEVARD DE STRASBOU",,,Plein jour,En agglomération,Intersection en T,Normale,Deux véhicules - arrière,,,,,,,,,,,1,2,3,1.0,2
201400053532,0014-11-20 20:15:00,14,11,20,20,15,750,110,"17, RUE CHAUDRON",,,Nuit avec éclairage allumé,En agglomération,Intersection en X,Normale,Deux véhicules - côté,,,,,,,,,,,5,2,2,1.0,3
201400053533,0014-11-24 10:30:00,14,11,24,10,30,750,110,"158, RUE LA FAYETTE",,,Plein jour,En agglomération,Intersection en X,Pluie légère,Deux véhicules - arrière,,,,,,,,,,,1,2,2,2.0,2
201400053534,0014-11-24 19:15:00,14,11,24,19,15,750,110,"68, RUE DU CHATEAU D EAU",,,Nuit avec éclairage allumé,En agglomération,Hors intersection,Normale,Autre collision,,,,,,,,,,,5,2,1,1.0,6
201400053535,0014-11-26 10:50:00,14,11,26,10,50,750,110,"204, RUE SAINT MAUR",,,Plein jour,En agglomération,Intersection en T,Normale,Autre collision,,,,,,,,,,,1,2,3,1.0,6
201400053536,0014-11-26 17:10:00,14,11,26,17,10,750,110,"86, RUE DE MAUBEUGE",,,Nuit avec éclairage allumé,En agglomération,Intersection à plus de 4 branches,Pluie légère,Sans collision,,,,,,,,,,,5,2,5,2.0,7
201400053537,0014-11-28 15:15:00,14,11,28,15,15,750,110,"50, RUE DU CHATEAU D EAU",,,Plein jour,En agglomération,Hors intersection,Normale,Autre collision,,,,,,,,,,,1,2,1,1.0,6
201400053538,0014-11-28 18:05:00,14,11,28,18,5,750,110,"33, QUAI DE VALMY",,,Nuit avec éclairage allumé,En agglomération,Hors intersection,Normale,Sans collision,,,,,,,,,,,5,2,1,1.0,7
201400053539,0014-11-29 05:30:00,14,11,29,5,30,750,110,"123, BOULEVARD DE MAGENT",,,Nuit avec éclairage allumé,En agglomération,Hors intersection,Normale,Autre collision,,,,,,,,,,,5,2,1,1.0,6
201400053540,0014-11-30 15:40:00,14,11,30,15,40,750,110,"222, RUE DU FAUBOURG SAI",,,Plein jour,En agglomération,Intersection en T,Normale,Autre collision,,,,,,,,,,,1,2,3,1.0,6
201400053541,0014-12-01 10:00:00,14,12,1,10,0,750,110,"155, BOULEVARD DE LA VIL",,,Plein jour,En agglomération,Hors intersection,Normale,Deux véhicules - arrière,,,,,,,,,,,1,2,1,1.0,2
201400053542,0014-12-02 17:20:00,14,12,2,17,20,750,110,"132, RUE LA FAYETTE",,,Crépuscule ou aube,En agglomération,Intersection à plus de 4 branches,Pluie légère,Autre collision,,,,,,,,,,,2,2,5,2.0,6
201400053543,0014-12-03 19:30:00,14,12,3,19,30,750,110,"150, RUE DU FAUBOURG SAI",,,Nuit avec éclairage allumé,En agglomération,Intersection en X,Normale,Sans collision,,,,,,,,,,,5,2,2,1.0,7
201400053544,0014-12-04 20:30:00,14,12,4,20,30,750,110,"166, BOULEVARD DE MAGENT",,,Nuit avec éclairage allumé,En agglomération,Hors intersection,Normale,Deux véhicules - arrière,,,,,,,,,,,5,2,1,1.0,2
201400053545,0014-12-05 13:30:00,14,12,5,13,30,750,110,"88, RUE DU FAUBOURG SAIN",,,Plein jour,En agglomération,Intersection en T,Normale,Deux véhicules - côté,,,,,,,,,,,1,2,3,1.0,3
201400053546,0014-12-04 21:40:00,14,12,4,21,40,750,110,"147, RUE LA FAYETTE",,,Nuit avec éclairage allumé,En agglomération,Intersection en X,Normale,Autre collision,,,,,,,,,,,5,2,2,1.0,6
201400053547,0014-12-07 09:30:00,14,12,7,9,30,750,110,"156, RUE LA FAYETTE",,,Plein jour,En agglomération,Intersection en X,Normale,Deux véhicules - côté,,,,,,,,,,,1,2,2,1.0,3
201400053548,0014-12-07 17:15:00,14,12,7,17,15,750,110,"11, RUE DU HUIT MAI 1945",,,Nuit avec éclairage allumé,En agglomération,Intersection en T,Pluie légère,Autre collision,,,,,,,,,,,5,2,3,2.0,6
201400053549,0014-12-07 19:05:00,14,12,7,19,5,750,110,"154, BOULEVARD DE MAGENT",,,Plein jour,En agglomération,Intersection en Y,Normale,Autre collision,,,,,,,,,,,1,2,4,1.0,6
201400053550,0014-12-12 07:40:00,14,12,12,7,40,750,110,"83, QUAI DE VALMY",,,Nuit avec éclairage allumé,En agglomération,Intersection en X,Pluie légère,Autre collision,,,,,,,,,,,5,2,2,2.0,6
201400053551,0014-12-13 01:05:00,14,12,13,1,5,750,110,"99, BOULEVARD DE MAGENTA",,,Nuit avec éclairage allumé,En agglomération,Intersection à plus de 4 branches,Pluie forte,Autre collision,,,,,,,,,,,5,2,5,3.0,6
201400053552,0014-12-13 02:33:00,14,12,13,2,33,750,110,"72, BOULEVARD DE MAGENTA",,,Nuit avec éclairage allumé,En agglomération,Intersection en Y,Pluie légère,Autre collision,,,,,,,,,,,5,2,4,2.0,6
201400053553,0014-12-15 14:20:00,14,12,15,14,20,750,110,"40, BOULEVARD DE BONNE N",,,Plein jour,En agglomération,Hors intersection,Normale,Deux véhicules - arrière,,,,,,,,,,,1,2,1,1.0,2
201400053554,0014-12-16 00:30:00,14,12,16,0,30,750,110,"52, AVENUE CLAUDE VELLEF",,,Nuit avec éclairage allumé,En agglomération,Hors intersection,Normale,Deux véhicules - arrière,,,,,,,,,,,5,2,1,1.0,2
201400053555,0014-12-16 09:20:00,14,12,16,9,20,750,110,"100, RUE DU FAUBOURG SAI",,,Plein jour,En agglomération,Hors intersection,Pluie légère,Autre collision,,,,,,,,,,,1,2,1,2.0,6
201400053556,0014-12-24 22:45:00,14,12,24,22,45,750,110,"162, RUE LA FAYETTE",,,Nuit avec éclairage allumé,En agglomération,Intersection en X,Normale,Autre collision,,,,,,,,,,,5,2,2,1.0,6
201400053557,0014-12-27 14:00:00,14,12,27,14,0,750,110,"164, BOULEVARD DE MAGENT",,,Plein jour,En agglomération,Hors intersection,Normale,Deux véhicules - arrière,,,,,,,,,,,1,2,1,1.0,2
201400053558,0014-12-27 17:50:00,14,12,27,17,50,750,110,"40, BOULEVARD DE BONNE N",,,Nuit avec éclairage allumé,En agglomération,Hors intersection,Normale,Deux véhicules - côté,,,,,,,,,,,5,2,1,1.0,3
201400053559,0014-12-29 17:25:00,14,12,29,17,25,750,110,"46, BOULEVARD DE STRASBO",,,Nuit avec éclairage allumé,En agglomération,Hors intersection,Normale,Deux véhicules - arrière,,,,,,,,,,,5,2,1,1.0,2
201400053560,0014-01-04 20:37:00,14,1,4,20,37,750,111,"35, AVENUE PARMENTIER",,,Nuit avec éclairage allumé,En agglomération,Intersection en X,Normale,Deux véhicules - côté,,,,,,,,,,,5,2,2,1.0,3
201400053561,0014-01-06 11:45:00,14,1,6,11,45,750,111,"5, PLACE LEON BLUM",,,Plein jour,En agglomération,Hors intersection,Normale,Autre collision,,,,,,,,,,,1,2,1,1.0,6
201400053562,0014-01-07 12:50:00,14,1,7,12,50,750,111,"15, BOULEVARD DE CHARONN",,,Plein jour,En agglomération,Hors intersection,Normale,Autre collision,,,,,,,,,,,1,2,1,1.0,6
201400053563,0014-01-07 18:20:00,14,1,7,18,20,750,111,"1, PLACE LEON BLUM",,,Nuit avec éclairage allumé,En agglomération,Place,Normale,Deux véhicules - côté,,,,,,,,,,,5,2,7,1.0,3
201400053564,0014-01-08 13:40:00,14,1,8,13,40,750,111,"32, RUE FAIDHERBE",,,Plein jour,En agglomération,Intersection en X,Normale,Deux véhicules - côté,,,,,,,,,,,1,2,2,1.0,3
201400053565,0014-01-10 16:50:00,14,1,10,16,50,750,111,"142, AVENUE PARMENTIER",,,Plein jour,En agglomération,Intersection en T,Normale,Autre collision,,,,,,,,,,,1,2,3,1.0,6
201400053566,0014-01-10 18:00:00,14,1,10,18,0,750,111,"98, AVENUE DE LA REPUBLI",,,Nuit avec éclairage allumé,En agglomération,Intersection en Y,Normale,Autre collision,,,,,,,,,,,5,2,4,1.0,6
201400053567,0014-01-11 07:05:00,14,1,11,7,5,750,111,"189, RUE DE CHARONNE",,,Crépuscule ou aube,En agglomération,Hors intersection,Pluie légère,Deux véhicules - frontale,,,,,,,,,,,2,2,1,2.0,1
201400053568,0014-01-11 16:10:00,14,1,11,16,10,750,111,"21, RUE DE LA ROQUETTE",,,Plein jour,En agglomération,Hors intersection,Normale,Deux véhicules - frontale,,,,,,,,,,,1,2,1,1.0,1
201400053569,0014-01-13 15:45:00,14,1,13,15,45,750,111,"150, AVENUE PARMENTIER",,,Plein jour,En agglomération,Intersection en X,Normale,Deux véhicules - arrière,,,,,,,,,,,1,2,2,1.0,2
201400053570,0014-01-14 09:50:00,14,1,14,9,50,750,111,"90, AVENUE DE LA REPUBLI",,,Plein jour,En agglomération,Intersection en X,Pluie légère,Deux véhicules - frontale,,,,,,,,,,,1,2,2,2.0,1
201400053571,0014-01-15 15:35:00,14,1,15,15,35,750,111,"127 bis, BOULEVARD VOLTA",,,Plein jour,En agglomération,Intersection en T,Pluie légère,Sans collision,,,,,,,,,,,1,2,3,2.0,7
201400053572,0014-01-16 08:30:00,14,1,16,8,30,750,111,"20, RUE MORET",,,Crépuscule ou aube,En agglomération,Hors intersection,Pluie légère,Deux véhicules - côté,,,,,,,,,,,2,2,1,2.0,3
201400053573,0014-01-16 16:30:00,14,1,16,16,30,750,111,"101, BOULEVARD RICHARD L",,,Plein jour,En agglomération,Intersection à plus de 4 branches,Pluie légère,Deux véhicules - côté,,,,,,,,,,,1,2,5,2.0,3
201400053574,0014-01-17 09:50:00,14,1,17,9,50,750,111,"29, RUE RICHARD LENOIR",,,Plein jour,En agglomération,Intersection en T,Normale,Deux véhicules - côté,,,,,,,,,,,1,2,3,1.0,3
201400053575,0014-01-17 14:25:00,14,1,17,14,25,750,111,"28, BOULEVARD BEAUMARCHA",,,Plein jour,En agglomération,Intersection en X,Normale,Autre collision,,,,,,,,,,,1,2,2,1.0,6
201400053576,0014-01-17 17:50:00,14,1,17,17,50,750,111,"33, RUE OBERKAMPF",,,Nuit avec éclairage allumé,En agglomération,Intersection en X,Normale,Deux véhicules - côté,,,,,,,,,,,5,2,2,1.0,3
201400053577,0014-01-17 18:45:00,14,1,17,18,45,750,111,"04, RUE POPINCOURT",,,Nuit avec éclairage allumé,En agglomération,Hors intersection,Normale,Deux véhicules - arrière,,,,,,,,,,,5,2,1,1.0,2
201400053578,0014-01-21 14:25:00,14,1,21,14,25,750,110,"129, RUE DU FAUBOURG DU",,,Plein jour,En agglomération,Intersection en T,Normale,Autre collision,,,,,,,,,,,1,2,3,1.0,6
201400053579,0014-01-22 20:20:00,14,1,22,20,20,750,111,"136, AVENUE PARMENTIER",,,Nuit avec éclairage allumé,En agglomération,Hors intersection,Pluie légère,Deux véhicules - côté,,,,,,,,,,,5,2,1,2.0,3
201400053580,0014-01-22 22:15:00,14,1,22,22,15,750,111,"170, AVENUE LEDRU ROLLIN",,,Nuit avec éclairage allumé,En agglomération,Intersection à plus de 4 branches,Pluie légère,Autre collision,,,,,,,,,,,5,2,5,2.0,6
201400053581,0014-01-22 23:20:00,14,1,22,23,20,750,111,"117, AVENUE PARMENTIER",,,Nuit avec éclairage allumé,En agglomération,Intersection en T,Pluie légère,Deux véhicules - arrière,,,,,,,,,,,5,2,3,2.0,2
201400053582,0014-01-23 14:25:00,14,1,23,14,25,750,111,"26, BOULEVARD DES FILLES",,,Plein jour,En agglomération,Intersection en X,Pluie légère,Autre collision,,,,,,,,,,,1,2,2,2.0,6
201400053583,0014-01-24 13:25:00,14,1,24,13,25,750,111,"273, RUE DU FAUBOURG SAI",,,Plein jour,En agglomération,Hors intersection,Normale,Deux véhicules - arrière,,,,,,,,,,,1,2,1,1.0,2
201400053584,0014-01-24 20:20:00,14,1,24,20,20,750,120,"1, AVENUE DE LA PORTE DE",,,Nuit avec éclairage allumé,En agglomération,Intersection en X,Normale,Deux véhicules - côté,,,,,,,,,,,5,2,2,1.0,3
201400053585,0014-01-24 21:25:00,14,1,24,21,25,750,111,"37, BOULEVARD DE BELLEVI",,,Nuit avec éclairage allumé,En agglomération,Intersection à plus de 4 branches,Temps couvert,Deux véhicules - côté,,,,,,,,,,,5,2,5,8.0,3
201400053586,0014-01-26 18:30:00,14,1,26,18,30,750,111,"12, PLACE DE LA BASTILLE",,,Nuit sans éclairage public,En agglomération,Place,Pluie légère,Deux véhicules - côté,,,,,,,,,,,3,2,7,2.0,3
201400053587,0014-01-26 19:20:00,14,1,26,19,20,750,111,"296, BOULEVARD VOLTAIRE",,,Nuit avec éclairage allumé,En agglomération,Hors intersection,Pluie légère,Autre collision,,,,,,,,,,,5,2,1,2.0,6
201400053588,0014-01-27 18:00:00,14,1,27,18,0,750,111,"147, RUE DU FAUBOURG SAI",,,Nuit avec éclairage allumé,En agglomération,Intersection à plus de 4 branches,Normale,Deux véhicules - frontale,,,,,,,,,,,5,2,5,1.0,1
201400053589,0014-01-28 19:25:00,14,1,28,19,25,750,111,"79, AVENUE DE LA REPUBLI",,,Nuit sans éclairage public,En agglomération,Intersection à plus de 4 branches,Pluie légère,Deux véhicules - frontale,,,,,,,,,,,3,2,5,2.0,1
201400053590,0014-01-29 15:45:00,14,1,29,15,45,750,111,"19, AVENUE PHILIPPE AUGU",,,Plein jour,En agglomération,Intersection en X,Pluie légère,Autre collision,,,,,,,,,,,1,2,2,2.0,6
201400053591,0014-02-01 14:30:00,14,2,1,14,30,750,111,"8, AVENUE DE TAILLEBOURG",,,Plein jour,En agglomération,Intersection en Y,Normale,Deux véhicules - côté,,,,,,,,,,,1,2,4,1.0,3
201400053592,0014-02-03 20:40:00,14,2,3,20,40,750,111,"169, RUE DE LA ROQUETTE",,,Nuit avec éclairage allumé,En agglomération,Hors intersection,Normale,Deux véhicules - côté,,,,,,,,,,,5,2,1,1.0,3
201400053593,0014-02-04 01:15:00,14,2,4,1,15,750,111,"51, AVENUE DE LA REPUBLI",,,Nuit avec éclairage allumé,En agglomération,Hors intersection,Normale,Deux véhicules - arrière,,,,,,,,,,,5,2,1,1.0,2
201400053594,0014-02-05 21:35:00,14,2,5,21,35,750,112,"1, RUE DE POMMARD",,,Nuit avec éclairage allumé,En agglomération,Intersection en X,Normale,Autre collision,,,,,,,,,,,5,2,2,1.0,6
201400053595,0014-02-06 13:30:00,14,2,6,13,30,750,111,"6, BOULEVARD DES FILLES",,,Plein jour,En agglomération,Hors intersection,Pluie forte,Sans collision,,,,,,,,,,,1,2,1,3.0,7
201400053596,0014-02-06 18:30:00,14,2,6,18,30,750,111,"60, RUE DE LA ROQUETTE",,,Nuit avec éclairage allumé,En agglomération,Hors intersection,Temps couvert,Autre collision,,,,,,,,,,,5,2,1,8.0,6
201400053597,0014-02-08 23:32:00,14,2,8,23,32,750,111,PLACE DE LA REPUBLIQUE,,,Nuit avec éclairage allumé,En agglomération,Place,Normale,Autre collision,,,,,,,,,,,5,2,7,1.0,6
201400053598,0014-02-07 23:17:00,14,2,7,23,17,750,111,"110, AVENUE DE LA REPUBL",,,Nuit avec éclairage allumé,En agglomération,Hors intersection,Normale,Deux véhicules - côté,,,,,,,,,,,5,2,1,1.0,3
201400053599,0014-02-10 17:45:00,14,2,10,17,45,750,111,"26, BOULEVARD BEAUMARCHA",,,Plein jour,En agglomération,Intersection en X,Normale,Deux véhicules - frontale,,,,,,,,,,,1,2,2,1.0,1
201400053600,0014-02-11 09:15:00,14,2,11,9,15,750,111,"72, BOULEVARD VOLTAIRE",,,Plein jour,En agglomération,Hors intersection,Normale,Deux véhicules - arrière,,,,,,,,,,,1,2,1,1.0,2
201400053601,0014-02-12 11:20:00,14,2,12,11,20,750,111,"303, RUE DU FAUBOURG SAI",,,Plein jour,En agglomération,Intersection en T,Normale,Autre collision,,,,,,,,,,,1,2,3,1.0,6
201400053602,0014-02-12 14:20:00,14,2,12,14,20,750,111,"71, BOULEVARD DE BELLEVI",,,Plein jour,En agglomération,Intersection en T,Normale,Deux véhicules - arrière,,,,,,,,,,,1,2,3,1.0,2
201400053603,0014-02-12 23:45:00,14,2,12,23,45,750,111,BOULEVARD VOLTAIRE,,,Nuit avec éclairage allumé,En agglomération,Intersection en X,Pluie légère,Deux véhicules - côté,,,,,,,,,,,5,2,2,2.0,3
201400053604,0014-02-13 09:40:00,14,2,13,9,40,750,103,"3, PLACE DE LA REPUBLIQU",,,Plein jour,En agglomération,Place,Pluie légère,Deux véhicules - côté,,,,,,,,,,,1,2,7,2.0,3
201400053605,0014-02-14 18:20:00,14,2,14,18,20,750,111,BOULEVARD DE CHARONNE,,,Nuit avec éclairage allumé,En agglomération,Intersection en X,Normale,Autre collision,,,,,,,,,,,5,2,2,1.0,6
201400053606,0014-02-14 22:10:00,14,2,14,22,10,750,111,"273, RUE DU FAUBOURG SAI",,,Nuit avec éclairage allumé,En agglomération,Hors intersection,Normale,Deux véhicules - arrière,,,,,,,,,,,5,2,1,1.0,2
201400053607,0014-02-19 13:00:00,14,2,19,13,0,750,111,"92, RUE DE MONTREUIL",,,Plein jour,En agglomération,Hors intersection,Normale,Autre collision,,,,,,,,,,,1,2,1,1.0,6
201400053608,0014-02-19 22:15:00,14,2,19,22,15,750,111,"152, BOULEVARD VOLTAIRE",,,Nuit avec éclairage allumé,En agglomération,Intersection en X,Normale,Deux véhicules - arrière,,,,,,,,,,,5,2,2,1.0,2
201400053609,0014-02-22 09:35:00,14,2,22,9,35,750,111,"109, BOULEVARD DE MENILM",,,Plein jour,En agglomération,Intersection en T,Pluie légère,Deux véhicules - côté,,,,,,,,,,,1,2,3,2.0,3
201400053610,0014-02-22 10:15:00,14,2,22,10,15,750,111,"132, AVENUE PARMENTIER",,,Plein jour,En agglomération,Intersection en T,Pluie légère,Deux véhicules - arrière,,,,,,,,,,,1,2,3,2.0,2
201400053611,0014-02-22 18:30:00,14,2,22,18,30,750,111,"115, AVENUE LEDRU ROLLIN",,,Nuit avec éclairage allumé,En agglomération,Intersection en X,Normale,Deux véhicules - côté,,,,,,,,,,,5,2,2,1.0,3
201400053612,0014-02-22 22:55:00,14,2,22,22,55,750,111,RUE DE CHARONNE,,,Nuit avec éclairage allumé,En agglomération,Intersection en X,Normale,Deux véhicules - côté,,,,,,,,,,,5,2,2,1.0,3
201400053613,0014-02-24 16:05:00,14,2,24,16,5,750,111,"68, RUE DE LA FONTAINE A",,,Plein jour,En agglomération,Intersection en X,Normale,Deux véhicules - côté,,,,,,,,,,,1,2,2,1.0,3
201400053614,0014-02-24 22:43:00,14,2,24,22,43,750,111,"113, AVENUE LEDRU ROLLIN",,,Nuit avec éclairage allumé,En agglomération,Intersection en X,Normale,Autre collision,,,,,,,,,,,5,2,2,1.0,6
201400053615,0014-02-25 15:00:00,14,2,25,15,0,750,111,"8, RUE DES GONCOURT",,,Plein jour,En agglomération,Intersection en T,Pluie légère,Autre collision,,,,,,,,,,,1,2,3,2.0,6
201400053616,0014-02-28 14:20:00,14,2,28,14,20,750,111,"110, RUE AMELOT",,,Plein jour,En agglomération,Hors intersection,Normale,Deux véhicules - arrière,,,,,,,,,,,1,2,1,1.0,2
201400053617,0014-02-28 14:35:00,14,2,28,14,35,750,111,"07, AVENUE PHILIPPE AUGU",,,Plein jour,En agglomération,Hors intersection,Temps couvert,Trois véhicules et plus - en chaîne,,,,,,,,,,,1,2,1,8.0,4
201400053618,0014-03-01 11:20:00,14,3,1,11,20,750,111,"18, AVENUE DE LA REPUBLI",,,Plein jour,En agglomération,Intersection en T,Pluie légère,Autre collision,,,,,,,,,,,1,2,3,2.0,6
201400053619,0014-03-02 11:30:00,14,3,2,11,30,750,111,"33bis, BOULEVARD RICHARD",,,Plein jour,En agglomération,Intersection en X,Normale,Autre collision,,,,,,,,,,,1,2,2,1.0,6
201400053620,0014-03-03 08:40:00,14,3,3,8,40,750,111,"123, RUE DE LA ROQUETTE",,,Plein jour,En agglomération,Hors intersection,Normale,Sans collision,,,,,,,,,,,1,2,1,1.0,7
201400053621,0014-03-03 10:40:00,14,3,3,10,40,750,111,"54, RUE DE LA FOLIE REGN",,,Plein jour,En agglomération,Hors intersection,Normale,Autre collision,,,,,,,,,,,1,2,1,1.0,6
201400053622,0014-03-03 12:05:00,14,3,3,12,5,750,111,"125, RUE DE CHARONNE",,,Plein jour,En agglomération,Intersection en T,Normale,Autre collision,,,,,,,,,,,1,2,3,1.0,6
201400053623,0014-03-04 20:20:00,14,3,4,20,20,750,111,"230, BOULEVARD VOLTAIRE",,,Nuit avec éclairage allumé,En agglomération,Intersection en T,Normale,Autre collision,,,,,,,,,,,5,2,3,1.0,6
201400053624,0014-03-06 11:00:00,14,3,6,11,0,750,111,"103, AVENUE LEDRU ROLLIN",,,Plein jour,En agglomération,Intersection en X,Normale,Autre collision,,,,,,,,,,,1,2,2,1.0,6
201400053625,0014-03-07 08:40:00,14,3,7,8,40,750,111,"79, AVENUE DE LA REPUBLI",,,Plein jour,En agglomération,Intersection en T,Normale,Deux véhicules - côté,,,,,,,,,,,1,2,3,1.0,3
201400053626,0014-03-07 15:10:00,14,3,7,15,10,750,111,"15, BOULEVARD DE CHARONN",,,Plein jour,En agglomération,Hors intersection,Normale,Autre collision,,,,,,,,,,,1,2,1,1.0,6
201400053627,0014-03-07 21:00:00,14,3,7,21,0,750,111,"95Bis, BOULEVARD RICHARD",,,Nuit avec éclairage allumé,En agglomération,Intersection à plus de 4 branches,Normale,Deux véhicules - arrière,,,,,,,,,,,5,2,5,1.0,2
201400053628,0014-03-08 14:05:00,14,3,8,14,5,750,111,"111, BOULEVARD DE CHARON",,,Plein jour,En agglomération,Intersection à plus de 4 branches,Normale,Autre collision,,,,,,,,,,,1,2,5,1.0,6
201400053629,0014-03-08 19:55:00,14,3,8,19,55,750,111,"32, BOULEVARD DU TEMPLE",,,Nuit avec éclairage allumé,En agglomération,Hors intersection,Normale,Deux véhicules - côté,,,,,,,,,,,5,2,1,1.0,3
201400053630,0014-03-09 13:55:00,14,3,9,13,55,750,111,"113, BOULEVARD DE CHARON",,,Plein jour,En agglomération,Intersection à plus de 4 branches,Temps éblouissant,Autre collision,,,,,,,,,,,1,2,5,7.0,6
201400053631,0014-03-09 18:20:00,14,3,9,18,20,750,111,"205, BOULEVARD VOLTAIRE",,,Plein jour,En agglomération,Intersection en X,Normale,Deux véhicules - côté,,,,,,,,,,,1,2,2,1.0,3
201400053632,0014-03-11 08:25:00,14,3,11,8,25,750,111,"19, BOULEVARD DE BELLEVI",,,Plein jour,En agglomération,Intersection en T,Normale,Autre collision,,,,,,,,,,,1,2,3,1.0,6
201400053633,0014-03-11 19:50:00,14,3,11,19,50,750,111,"149, BOULEVARD VOLTAIRE",,,Nuit avec éclairage allumé,En agglomération,Intersection en X,Normale,Autre collision,,,,,,,,,,,5,2,2,1.0,6
201400053634,0014-03-14 20:10:00,14,3,14,20,10,750,111,"18, BOULEVARD RICHARD LE",,,Nuit avec éclairage allumé,En agglomération,Intersection en X,Normale,Autre collision,,,,,,,,,,,5,2,2,1.0,6
201400053635,0014-03-14 21:05:00,14,3,14,21,5,750,111,"13, AVENUE DE LA REPUBLI",,,Nuit avec éclairage allumé,En agglomération,Intersection en X,Normale,Deux véhicules - côté,,,,,,,,,,,5,2,2,1.0,3
201400053636,0014-03-16 12:50:00,14,3,16,12,50,750,111,"123, RUE DU FAUBOURG SAI",,,Crépuscule ou aube,En agglomération,Intersection en T,Normale,Deux véhicules - côté,,,,,,,,,,,2,2,3,1.0,3