accident_id,datetime,annee,mois,jour,heure,minute,departement,commune_insee,adresse,latitude,longitude,luminosite,agglomeration,intersection,meteo,collision,nb_vehicules,nb_usagers,nb_indemnes,nb_tues,nb_blesses_hosp,nb_blesses_legers,age_cond_1,age_cond_2,veh_type_cond_1,veh_type_cond_2,lum_code,agg_code,int_code,atm_code,col_code
201400053767,0014-07-19 18:50:00,14,7,19,18,50,750,112,"2, AVENUE DU TRONE",,,Plein jour,En agglomération,Place,Normale,Autre collision,,,,,,,,,,,1,2,7,1.0,6
201400053768,0014-07-20 05:55:00,14,7,20,5,55,750,111,AVENUE PARMENTIER,,,Crépuscule ou aube,En agglomération,Intersection à plus de 4 branches,Pluie légère,Deux véhicules - côté,,,,,,,,,,,2,2,5,2.0,3
201400053769,0014-07-20 17:05:00,14,7,20,17,5,750,111,"76, BOULEVARD VOLTAIRE",,,Plein jour,En agglomération,Intersection en T,Normale,Deux véhicules - côté,,,,,,,,,,,1,2,3,1.0,3
201400053770,0014-07-21 11:10:00,14,7,21,11,10,750,112,"238 bis, RUE DU FAUBOURG",,,Plein jour,En agglomération,Intersection en T,Normale,Autre collision,,,,,,,,,,,1,2,3,1.0,6
201400053771,0014-07-22 19:10:00,14,7,22,19,10,750,111,"57, RUE DE MALTE",,,Plein jour,En agglomération,Intersection en X,Normale,Deux véhicules - côté,,,,,,,,,,,1,2,2,1.0,3
201400053772,0014-07-23 14:20:00,14,7,23,14,20,750,111,"95, RUE DU CHEMIN VERT",,,Plein jour,En agglomération,Intersection en T,Normale,Autre collision,,,,,,,,,,,1,2,3,1.0,6
201400053773,0014-07-23 22:43:00,14,7,23,22,43,750,111,"54, BOULEVARD VOLTAIRE",,,Nuit avec éclairage allumé,En agglomération,Intersection à plus de 4 branches,Normale,Deux véhicules - côté,,,,,,,,,,,5,2,5,1.0,3
201400053774,0014-07-24 01:00:00,14,7,24,1,0,750,111,"164, AVENUE LEDRU ROLLIN",,,Nuit avec éclairage allumé,En agglomération,Intersection en X,Normale,Autre collision,,,,,,,,,,,5,2,2,1.0,6
201400053775,0014-07-24 10:00:00,14,7,24,10,0,750,111,"101, BOULEVARD RICHARD L",,,Plein jour,En agglomération,Intersection en X,Normale,Deux véhicules - côté,,,,,,,,,,,1,2,2,1.0,3
201400053776,0014-07-26 14:45:00,14,7,26,14,45,750,111,"28, BOULEVARD BEAUMARCHA",,,Plein jour,En agglomération,Intersection en X,Normale,Deux véhicules - côté,,,,,,,,,,,1,2,2,1.0,3
201400053777,0014-07-28 17:40:00,14,7,28,17,40,750,111,"83, RUE DE MONTREUIL",,,Plein jour,En agglomération,Intersection à plus de 4 branches,Normale,Autre collision,,,,,,,,,,,1,2,5,1.0,6
201400053778,0014-07-29 19:00:00,14,7,29,19,0,750,111,"47, RUE DU FAUBOURG SAIN",,,Plein jour,En agglomération,Intersection en T,Normale,Deux véhicules - côté,,,,,,,,,,,1,2,3,1.0,3
201400053779,0014-08-01 17:45:00,14,8,1,17,45,750,111,"35, BOULEVARD DE BELLEVI",,,Plein jour,En agglomération,Intersection à plus de 4 branches,Normale,Autre collision,,,,,,,,,,,1,2,5,1.0,6
201400053780,0014-08-02 02:50:00,14,8,2,2,50,750,111,RUE OBERKAMPF,,,Nuit avec éclairage allumé,En agglomération,Intersection en X,Normale,Autre collision,,,,,,,,,,,5,2,2,1.0,6
201400053781,0014-08-02 09:48:00,14,8,2,9,48,750,111,"91, AVENUE LEDRU ROLLIN",,,Plein jour,En agglomération,Intersection en X,Normale,Deux véhicules - côté,,,,,,,,,,,1,2,2,1.0,3
201400053782,0014-08-03 02:05:00,14,8,3,2,5,750,111,BOULEVARD DU TEMPLE,,,Nuit avec éclairage allumé,En agglomération,Intersection en X,Normale,Autre collision,,,,,,,,,,,5,2,2,1.0,6
201400053783,0014-08-05 17:00:00,14,8,5,17,0,750,111,"196, BOULEVARD VOLTAIRE",,,Plein jour,En agglomération,Hors intersection,Normale,Autre collision,,,,,,,,,,,1,2,1,1.0,6
201400053784,0014-08-05 20:35:00,14,8,5,20,35,750,111,"5, BOULEVARD JULES FERRY",,,Crépuscule ou aube,En agglomération,Hors intersection,Normale,Autre collision,,,,,,,,,,,2,2,1,1.0,6
201400053785,0014-08-09 20:25:00,14,8,9,20,25,750,111,PLACE DE LA BASTILLE,,,Crépuscule ou aube,En agglomération,Place,Normale,Autre collision,,,,,,,,,,,2,2,7,1.0,6
201400053786,0014-08-09 22:55:00,14,8,9,22,55,750,111,PLACE DE LA NATION,,,Nuit avec éclairage allumé,En agglomération,Place,Normale,Deux véhicules - arrière,,,,,,,,,,,5,2,7,1.0,2
201400053787,0014-08-10 21:20:00,14,8,10,21,20,750,111,"120, BOULEVARD RICHARD L",,,Nuit avec éclairage allumé,En agglomération,Intersection en X,Normale,Autre collision,,,,,,,,,,,5,2,2,1.0,6
201400053788,0014-08-11 13:45:00,14,8,11,13,45,750,111,BOULEVARD JULES FERRY,,,Plein jour,En agglomération,Hors intersection,Normale,Autre collision,,,,,,,,,,,1,2,1,1.0,6
201400053789,0014-08-11 21:40:00,14,8,11,21,40,750,111,"59, AVENUE DE LA REPUBLI",,,Nuit avec éclairage allumé,En agglomération,Intersection en X,Normale,Autre collision,,,,,,,,,,,5,2,2,1.0,6
201400053790,0014-08-12 12:50:00,14,8,12,12,50,750,111,"241, BOULEVARD VOLTAIRE",,,Plein jour,En agglomération,Hors intersection,Normale,Deux véhicules - côté,,,,,,,,,,,1,2,1,1.0,3
201400053791,0014-08-12 19:30:00,14,8,12,19,30,750,111,"1, BOULEVARD DE MENILMON",,,Plein jour,En agglomération,Intersection à plus de 4 branches,Pluie légère,Autre collision,,,,,,,,,,,1,2,5,2.0,6
201400053792,0014-08-19 13:30:00,14,8,19,13,30,750,111,"60, RUE DE MONTREUIL",,,Plein jour,En agglomération,Intersection en T,Normale,Autre collision,,,,,,,,,,,1,2,3,1.0,6
201400053793,0014-08-20 13:30:00,14,8,20,13,30,750,111,"11, AVENUE DE LA REPUBLI",,,Plein jour,En agglomération,Intersection en T,Normale,Autre collision,,,,,,,,,,,1,2,3,1.0,6
201400053794,0014-08-20 21:00:00,14,8,20,21,0,750,111,"42, BOULEVARD RICHARD LE",,,Crépuscule ou aube,En agglomération,Intersection à plus de 4 branches,Normale,Autre collision,,,,,,,,,,,2,2,5,1.0,6
201400053795,0014-08-21 17:25:00,14,8,21,17,25,750,111,"123, AVENUE LEDRU ROLLIN",,,Plein jour,En agglomération,Hors intersection,Normale,Deux véhicules - côté,,,,,,,,,,,1,2,1,1.0,3
201400053796,0014-08-25 22:35:00,14,8,25,22,35,750,111,"228, BOULEVARD VOLTAIRE",,,Nuit avec éclairage allumé,En agglomération,Intersection en X,Pluie forte,Sans collision,,,,,,,,,,,5,2,2,3.0,7
201400053797,0014-08-26 12:15:00,14,8,26,12,15,750,111,"87, BOULEVARD RICHARD LE",,,Plein jour,En agglomération,Intersection à plus de 4 branches,Pluie légère,Deux véhicules - côté,,,,,,,,,,,1,2,5,2.0,3
201400053798,0014-08-31 17:28:00,14,8,31,17,28,750,111,"147, RUE DU CHEMIN VERT",,,Plein jour,En agglomération,Intersection en T,Normale,Autre collision,,,,,,,,,,,1,2,3,1.0,6
201400053799,0014-09-01 21:20:00,14,9,1,21,20,750,112,"30, PLACE DE LA NATION",,,Nuit avec éclairage allumé,En agglomération,Place,Normale,Autre collision,,,,,,,,,,,5,2,7,1.0,6
201400053800,0014-09-02 11:15:00,14,9,2,11,15,750,111,"49-51, BOULEVARD DE MENI",,,Plein jour,En agglomération,Hors intersection,Normale,Deux véhicules - côté,,,,,,,,,,,1,2,1,1.0,3
201400053801,0014-09-04 15:35:00,14,9,4,15,35,750,111,"1, RUE DE BELFORT",,,Plein jour,En agglomération,Intersection en X,Normale,Deux véhicules - côté,,,,,,,,,,,1,2,2,1.0,3
201400053802,0014-09-05 09:15:00,14,9,5,9,15,750,111,"323, RUE DU FAUBOURG SAI",,,Plein jour,En agglomération,Place,Normale,Deux véhicules - côté,,,,,,,,,,,1,2,7,1.0,3
201400053803,0014-09-05 12:45:00,14,9,5,12,45,750,111,"103, BOULEVARD RICHARD L",,,Plein jour,En agglomération,Intersection à plus de 4 branches,Normale,Deux véhicules - côté,,,,,,,,,,,1,2,5,1.0,3
201400053804,0014-09-06 19:15:00,14,9,6,19,15,750,111,"49, AVENUE DE LA REPUBLI",,,Plein jour,En agglomération,Hors intersection,Normale,Sans collision,,,,,,,,,,,1,2,1,1.0,7
201400053805,0014-09-06 20:10:00,14,9,6,20,10,750,111,"95, AVENUE PHILIPPE AUGU",,,Crépuscule ou aube,En agglomération,Intersection en X,Normale,Autre collision,,,,,,,,,,,2,2,2,1.0,6
201400053806,0014-09-08 15:10:00,14,9,8,15,10,750,111,"24, RUE AMELOT",,,Plein jour,En agglomération,Intersection en X,Normale,Autre collision,,,,,,,,,,,1,2,2,1.0,6
201400053807,0014-09-09 09:15:00,14,9,9,9,15,750,111,"75, RUE OBERKAMPF",,,Plein jour,En agglomération,Hors intersection,Normale,Trois véhicules et plus - en chaîne,,,,,,,,,,,1,2,1,1.0,4
201400053808,0014-09-09 16:45:00,14,9,9,16,45,750,111,"17, RUE KELLER",,,Plein jour,En agglomération,Hors intersection,Normale,Autre collision,,,,,,,,,,,1,2,1,1.0,6
201400053809,0014-09-09 17:30:00,14,9,9,17,30,750,111,"287, RUE DU FAUBOURG SAI",,,Plein jour,En agglomération,Intersection en X,Normale,Autre collision,,,,,,,,,,,1,2,2,1.0,6
201400053810,0014-09-09 23:55:00,14,9,9,23,55,750,111,RUE DE CHARONNE,,,Nuit avec éclairage allumé,En agglomération,Intersection en X,Normale,Autre collision,,,,,,,,,,,5,2,2,1.0,6
201400053811,0014-09-11 11:20:00,14,9,11,11,20,750,111,"143, BOULEVARD DE MENILM",,,Plein jour,En agglomération,Intersection en X,Normale,Autre collision,,,,,,,,,,,1,2,2,1.0,6
201400053812,0014-09-11 11:45:00,14,9,11,11,45,750,111,"138, AVENUE LEDRU ROLLIN",,,Plein jour,En agglomération,Intersection en X,Normale,Autre collision,,,,,,,,,,,1,2,2,1.0,6
201400053813,0014-09-11 18:55:00,14,9,11,18,55,750,104,"28, BOULEVARD BEAUMARCHA",,,Plein jour,En agglomération,Intersection en Y,Normale,Autre collision,,,,,,,,,,,1,2,4,1.0,6
201400053814,0014-09-12 09:15:00,14,9,12,9,15,750,111,"1, AVENUE DE TAILLEBOURG",,,Plein jour,En agglomération,Place,Normale,Deux véhicules - côté,,,,,,,,,,,1,2,7,1.0,3
201400053815,0014-09-12 13:05:00,14,9,12,13,5,750,111,"75, BOULEVARD DE MENILMO",,,Plein jour,En agglomération,Hors intersection,Normale,Autre collision,,,,,,,,,,,1,2,1,1.0,6
201400053816,0014-09-12 14:20:00,14,9,12,14,20,750,111,"124, BOULEVARD VOLTAIRE",,,Plein jour,En agglomération,Intersection en X,Normale,Deux véhicules - côté,,,,,,,,,,,1,2,2,1.0,3
201400053817,0014-09-13 08:30:00,14,9,13,8,30,750,120,"3, CITE CHAMPAGNE",,,Plein jour,En agglomération,Intersection en T,Normale,Autre collision,,,,,,,,,,,1,2,3,1.0,6
201400053818,0014-09-13 22:15:00,14,9,13,22,15,750,111,"123, BOULEVARD DE MENILM",,,Nuit avec éclairage allumé,En agglomération,Intersection en T,Normale,Autre collision,,,,,,,,,,,5,2,3,1.0,6
201400053819,0014-09-15 18:20:00,14,9,15,18,20,750,111,"10, AVENUE DE LA REPUBLI",,,Plein jour,En agglomération,Hors intersection,Normale,Deux véhicules - côté,,,,,,,,,,,1,2,1,1.0,3
201400053820,0014-09-15 19:00:00,14,9,15,19,0,750,111,"4, PLACE LEON BLUM",,,Plein jour,En agglomération,Place,Normale,Deux véhicules - arrière,,,,,,,,,,,1,2,7,1.0,2
201400053821,0014-09-16 08:05:00,14,9,16,8,5,750,111,"134, RUE DU CHEMIN VERT",,,Plein jour,En agglomération,Intersection en T,Normale,Autre collision,,,,,,,,,,,1,2,3,1.0,6
201400053822,0014-09-16 15:25:00,14,9,16,15,25,750,111,"1, AVENUE PARMENTIER",,,Plein jour,En agglomération,Hors intersection,Normale,Deux véhicules - côté,,,,,,,,,,,1,2,1,1.0,3
201400053823,0014-09-16 21:25:00,14,9,16,21,25,750,111,PLACE DE LA NATION,,,Nuit avec éclairage allumé,En agglomération,Place,Normale,Deux véhicules - côté,,,,,,,,,,,5,2,7,1.0,3
201400053824,0014-09-18 13:15:00,14,9,18,13,15,750,111,"26, AVENUE DE LA REPUBLI",,,Plein jour,En agglomération,Intersection en X,Normale,Deux véhicules - frontale,,,,,,,,,,,1,2,2,1.0,1
201400053825,0014-09-19 01:10:00,14,9,19,1,10,750,111,"35, RUE OBERKAMPF",,,Nuit avec éclairage allumé,En agglomération,Intersection en X,Normale,Trois véhicules et plus - collisions multiples,,,,,,,,,,,5,2,2,1.0,5
201400053826,0014-09-21 06:30:00,14,9,21,6,30,750,111,"11, RUE LOUIS BONNET",,,Nuit avec éclairage allumé,En agglomération,Hors intersection,Pluie légère,Autre collision,,,,,,,,,,,5,2,1,2.0,6
201400053827,0014-09-23 20:30:00,14,9,23,20,30,750,111,"43, BOULEVARD VOLTAIRE",,,Nuit avec éclairage allumé,En agglomération,Intersection en X,Normale,Deux véhicules - frontale,,,,,,,,,,,5,2,2,1.0,1
201400053828,0014-09-24 23:00:00,14,9,24,23,0,750,111,"face au 51, AVENUE PARME",,,Nuit avec éclairage allumé,En agglomération,Intersection en T,Normale,Autre collision,,,,,,,,,,,5,2,3,1.0,6
201400053829,0014-09-25 04:00:00,14,9,25,4,0,750,111,"79, BOULEVARD RICHARD LE",,,Nuit avec éclairage allumé,En agglomération,Hors intersection,Normale,Autre collision,,,,,,,,,,,5,2,1,1.0,6
201400053830,0014-09-25 17:25:00,14,9,25,17,25,750,111,"1, PLACE DE LA NATION",,,Plein jour,En agglomération,Intersection en X,Normale,Deux véhicules - frontale,,,,,,,,,,,1,2,2,1.0,1
201400053831,0014-09-25 19:50:00,14,9,25,19,50,750,111,"8, PLACE DE LA REPUBLIQU",,,Crépuscule ou aube,En agglomération,Place,Normale,Deux véhicules - côté,,,,,,,,,,,2,2,7,1.0,3
201400053832,0014-09-26 01:30:00,14,9,26,1,30,750,111,"46, AVENUE DE LA REPUBLI",,,Nuit avec éclairage allumé,En agglomération,Intersection à plus de 4 branches,Normale,Autre collision,,,,,,,,,,,5,2,5,1.0,6
201400053833,0014-09-26 08:05:00,14,9,26,8,5,750,111,"143, RUE DU FAUBOURG SAI",,,Plein jour,En agglomération,Intersection à plus de 4 branches,Normale,Deux véhicules - arrière,,,,,,,,,,,1,2,5,1.0,2
201400053834,0014-09-26 16:00:00,14,9,26,16,0,750,111,"41, AVENUE DE LA REPUBLI",,,Plein jour,En agglomération,Intersection à plus de 4 branches,Normale,Deux véhicules - arrière,,,,,,,,,,,1,2,5,1.0,2
201400053835,0014-09-26 23:40:00,14,9,26,23,40,750,111,"17, PLACE DE LA NATION",,,Nuit sans éclairage public,En agglomération,Place,Normale,Deux véhicules - arrière,,,,,,,,,,,3,2,7,1.0,2
201400053836,0014-09-27 21:45:00,14,9,27,21,45,750,111,"11, AVENUE PARMENTIER",,,Nuit avec éclairage allumé,En agglomération,Hors intersection,Normale,Trois véhicules et plus - en chaîne,,,,,,,,,,,5,2,1,1.0,4
201400053837,0014-09-28 15:15:00,14,9,28,15,15,750,111,"9, RUE DE LA FONTAINE AU",,,Plein jour,En agglomération,Hors intersection,Normale,Deux véhicules - arrière,,,,,,,,,,,1,2,1,1.0,2
201400053838,0014-09-28 17:00:00,14,9,28,17,0,750,111,"115, RUE DU CHEMIN VERT",,,Plein jour,En agglomération,Intersection en X,Normale,Autre collision,,,,,,,,,,,1,2,2,1.0,6
201400053839,0014-09-29 08:10:00,14,9,29,8,10,750,111,"153, BOULEVARD VOLTAIRE",,,Plein jour,En agglomération,Hors intersection,Pluie légère,Deux véhicules - arrière,,,,,,,,,,,1,2,1,2.0,2
201400053840,0014-09-29 17:55:00,14,9,29,17,55,750,111,"119, AVENUE PARMENTIER",,,Plein jour,En agglomération,Intersection en T,Normale,Trois véhicules et plus - en chaîne,,,,,,,,,,,1,2,3,1.0,4
201400053841,0014-10-01 07:30:00,14,10,1,7,30,750,111,"8, PLACE DE LA REPUBLIQU",,,Plein jour,En agglomération,Place,Normale,Deux véhicules - côté,,,,,,,,,,,1,2,7,1.0,3
201400053842,0014-10-02 15:15:00,14,10,2,15,15,750,111,"127 bis, BOULEVARD VOLTA",,,Plein jour,En agglomération,Intersection en Y,Normale,Deux véhicules - côté,,,,,,,,,,,1,2,4,1.0,3
201400053843,0014-10-04 22:10:00,14,10,4,22,10,750,111,BOULEVARD RICHARD LENOIR,,,Nuit avec éclairage allumé,En agglomération,Intersection en X,Normale,Sans collision,,,,,,,,,,,5,2,2,1.0,7
201400053844,0014-10-05 07:20:00,14,10,5,7,20,750,112,"1, RUE BECCARIA",,,Crépuscule ou aube,En agglomération,Intersection en X,Pluie légère,Sans collision,,,,,,,,,,,2,2,2,2.0,7
201400053845,0014-10-05 11:10:00,14,10,5,11,10,750,111,"199, BOULEVARD VOLTAIRE",,,Plein jour,En agglomération,Intersection en Y,Normale,Autre collision,,,,,,,,,,,1,2,4,1.0,6
201400053846,0014-10-07 06:00:00,14,10,7,6,0,750,111,"10, RUE RAMPON",,,Nuit avec éclairage allumé,En agglomération,Intersection en X,Pluie légère,Deux véhicules - côté,,,,,,,,,,,5,2,2,2.0,3
201400053847,0014-10-07 14:30:00,14,10,7,14,30,750,111,"67, AVENUE PARMENTIER",,,Plein jour,En agglomération,Hors intersection,Normale,Autre collision,,,,,,,,,,,1,2,1,1.0,6
201400053848,0014-10-08 10:35:00,14,10,8,10,35,750,111,"81, RUE LEON FROT",,,Plein jour,En agglomération,Intersection en X,Pluie légère,Autre collision,,,,,,,,,,,1,2,2,2.0,6
201400053849,0014-10-08 11:40:00,14,10,8,11,40,750,111,"76, BOULEVARD VOLTAIRE",,,Plein jour,En agglomération,Hors intersection,Pluie légère,Sans collision,,,,,,,,,,,1,2,1,2.0,7
201400053850,0014-10-08 12:50:00,14,10,8,12,50,750,111,"51, AVENUE DE LA REPUBLI",,,Plein jour,En agglomération,Hors intersection,Pluie légère,Sans collision,,,,,,,,,,,1,2,1,2.0,7
201400053851,0014-10-08 13:50:00,14,10,8,13,50,750,111,AVENUE PARMENTIER,,,Plein jour,En agglomération,Intersection en T,Temps couvert,Deux véhicules - côté,,,,,,,,,,,1,2,3,8.0,3
201400053852,0014-10-08 20:38:00,14,10,8,20,38,750,111,"133, BOULEVARD VOLTAIRE",,,Nuit avec éclairage allumé,En agglomération,Intersection en X,Pluie forte,Deux véhicules - frontale,,,,,,,,,,,5,2,2,3.0,1
201400053853,0014-10-08 22:06:00,14,10,8,22,6,750,111,"225, RUE DU FAUBOURG SAI",,,Nuit avec éclairage allumé,En agglomération,Intersection en X,Pluie légère,Autre collision,,,,,,,,,,,5,2,2,2.0,6
201400053854,0014-10-10 10:15:00,14,10,10,10,15,750,111,"60, AVENUE DE LA REPUBLI",,,Plein jour,En agglomération,Hors intersection,Normale,Autre collision,,,,,,,,,,,1,2,1,1.0,6
201400053855,0014-10-12 06:00:00,14,10,12,6,0,750,111,"86, AVENUE PARMENTIER",,,Nuit avec éclairage allumé,En agglomération,Intersection à plus de 4 branches,Normale,Deux véhicules - arrière,,,,,,,,,,,5,2,5,1.0,2
201400053856,0014-10-13 11:15:00,14,10,13,11,15,750,111,"05, BOULEVARD JULES FERR",,,Plein jour,En agglomération,Hors intersection,Normale,Sans collision,,,,,,,,,,,1,2,1,1.0,7
201400053857,0014-10-16 15:15:00,14,10,16,15,15,750,111,"87, AVENUE PARMENTIER",,,Plein jour,En agglomération,Hors intersection,Normale,Deux véhicules - frontale,,,,,,,,,,,1,2,1,1.0,1
201400053858,0014-10-16 17:35:00,14,10,16,17,35,750,111,"31, RUE SAINT MAUR",,,Plein jour,En agglomération,Intersection en X,Normale,Autre collision,,,,,,,,,,,1,2,2,1.0,6
201400053859,0014-10-17 03:20:00,14,10,17,3,20,750,110,"114, BOULEVARD DE MAGENT",,,Nuit avec éclairage allumé,En agglomération,Intersection à plus de 4 branches,Pluie forte,Autre collision,,,,,,,,,,,5,2,5,3.0,6
201400053860,0014-10-18 02:50:00,14,10,18,2,50,750,111,"66, AVENUE DE LA REPUBLI",,,Nuit avec éclairage allumé,En agglomération,Hors intersection,Normale,Deux véhicules - côté,,,,,,,,,,,5,2,1,1.0,3
201400053861,0014-10-18 23:40:00,14,10,18,23,40,750,111,"296, BOULEVARD VOLTAIRE",,,Nuit avec éclairage allumé,En agglomération,Place,Normale,Autre collision,,,,,,,,,,,5,2,7,1.0,6
201400053862,0014-10-21 19:45:00,14,10,21,19,45,750,111,"183, RUE DU FAUBOURG SAI",,,Nuit avec éclairage allumé,En agglomération,Intersection à plus de 4 branches,Pluie légère,Deux véhicules - côté,,,,,,,,,,,5,2,5,2.0,3
201400053863,0014-10-22 14:50:00,14,10,22,14,50,750,111,"130, AVENUE LEDRU ROLLIN",,,Plein jour,En agglomération,Intersection en X,Normale,Autre collision,,,,,,,,,,,1,2,2,1.0,6
201400053864,0014-10-22 16:15:00,14,10,22,16,15,750,111,"96, AVENUE PARMENTIER",,,Plein jour,En agglomération,Hors intersection,Normale,Deux véhicules - côté,,,,,,,,,,,1,2,1,1.0,3
201400053865,0014-10-23 11:00:00,14,10,23,11,0,750,111,"01, CITE D ANGOULEME",,,Plein jour,En agglomération,Intersection en T,Normale,Autre collision,,,,,,,,,,,1,2,3,1.0,6
201400053866,0014-10-24 12:20:00,14,10,24,12,20,750,111,"58 bis, BOULEVARD RICHAR",,,Plein jour,En agglomération,Hors intersection,Normale,Autre collision,,,,,,,,,,,1,2,1,1.0,6
201400053867,0014-10-25 15:00:00,14,10,25,15,0,750,111,"137, RUE DU CHEMIN VERT",,,Plein jour,En agglomération,Intersection en T,Normale,Autre collision,,,,,,,,,,,1,2,3,1.0,6
201400053868,0014-10-27 09:00:00,14,10,27,9,0,750,111,"2, AVENUE PHILIPPE AUGUS",,,Plein jour,En agglomération,Place,Normale,Deux véhicules - arrière,,,,,,,,,,,1,2,7,1.0,2
201400053869,0014-10-28 14:00:00,14,10,28,14,0,750,111,"198, BOULEVARD VOLTAIRE",,,Plein jour,En agglomération,Hors intersection,Normale,Deux véhicules - arrière,,,,,,,,,,,1,2,1,1.0,2
201400053870,0014-10-28 18:00:00,14,10,28,18,0,750,111,"150, RUE OBERKAMPF",,,Nuit avec éclairage allumé,En agglomération,Intersection en T,Normale,Autre collision,,,,,,,,,,,5,2,3,1.0,6
201400053871,0014-10-30 12:00:00,14,10,30,12,0,750,111,"16, BOULEVARD RICHARD LE",,,Plein jour,En agglomération,Intersection en Y,Normale,Deux véhicules - côté,,,,,,,,,,,1,2,4,1.0,3
201400053872,0014-10-31 10:05:00,14,10,31,10,5,750,111,"95, BOULEVARD VOLTAIRE",,,Plein jour,En agglomération,Hors intersection,Normale,Deux véhicules - arrière,,,,,,,,,,,1,2,1,1.0,2
201400053873,0014-10-31 13:00:00,14,10,31,13,0,750,111,"3, AVENUE DU TRONE",,,Plein jour,En agglomération,Place,Temps éblouissant,Deux véhicules - côté,,,,,,,,,,,1,2,7,7.0,3
201400053874,0014-11-01 03:25:00,14,11,1,3,25,750,111,"160, RUE DE CHARONNE",,,Nuit avec éclairage allumé,En agglomération,Intersection en X,Normale,Deux véhicules - côté,,,,,,,,,,,5,2,2,1.0,3
201400053875,0014-11-02 02:50:00,14,11,2,2,50,750,111,"23, BOULEVARD VOLTAIRE",,,Nuit avec éclairage allumé,En agglomération,Intersection en X,Normale,Deux véhicules - côté,,,,,,,,,,,5,2,2,1.0,3
201400053876,0014-11-03 20:45:00,14,11,3,20,45,750,111,"165, RUE DE CHARONNE",,,Nuit avec éclairage allumé,En agglomération,Intersection en X,Pluie légère,Deux véhicules - côté,,,,,,,,,,,5,2,2,2.0,3
201400053877,0014-11-03 21:15:00,14,11,3,21,15,750,111,"74-76, BOULEVARD VOLTAIR",,,Nuit avec éclairage allumé,En agglomération,Intersection en T,Pluie légère,Deux véhicules - côté,,,,,,,,,,,5,2,3,2.0,3
201400053878,0014-11-04 18:20:00,14,11,4,18,20,750,111,"3, PLACE LEON BLUM",,,Nuit avec éclairage allumé,En agglomération,Hors intersection,Normale,Autre collision,,,,,,,,,,,5,2,1,1.0,6
201400053879,0014-11-04 17:36:00,14,11,4,17,36,750,112,"280, RUE DU FAUBOURG SAI",,,Plein jour,En agglomération,Place,Normale,Deux véhicules - côté,,,,,,,,,,,1,2,7,1.0,3
201400053880,0014-11-05 20:50:00,14,11,5,20,50,750,111,"129, AVENUE PHILIPPE AUG",,,Nuit avec éclairage allumé,En agglomération,Intersection à plus de 4 branches,Normale,Autre collision,,,,,,,,,,,5,2,5,1.0,6
201400053881,0014-11-06 07:30:00,14,11,6,7,30,750,111,"110, RUE DU CHEMIN VERT",,,Plein jour,En agglomération,Intersection en X,Normale,Deux véhicules - côté,,,,,,,,,,,1,2,2,1.0,3
201400053882,0014-11-08 17:15:00,14,11,8,17,15,750,111,"131, BOULEVARD RICHARD L",,,Crépuscule ou aube,En agglomération,Intersection en X,Normale,Deux véhicules - frontale,,,,,,,,,,,2,2,2,1.0,1
201400053883,0014-11-11 01:50:00,14,11,11,1,50,750,111,"21, RUE DU CHEMIN VERT",,,Nuit avec éclairage allumé,En agglomération,Intersection en T,Normale,Autre collision,,,,,,,,,,,5,2,3,1.0,6
201400053884,0014-11-11 16:10:00,14,11,11,16,10,750,111,"22, RUE DE LA FOLIE MERI",,,Plein jour,En agglomération,Intersection en T,Temps couvert,Sans collision,,,,,,,,,,,1,2,3,8.0,7
201400053885,0014-11-11 20:45:00,14,11,11,20,45,750,111,"48, BOULEVARD VOLTAIRE",,,Nuit avec éclairage allumé,En agglomération,Intersection à plus de 4 branches,Normale,Deux véhicules - côté,,,,,,,,,,,5,2,5,1.0,3
201400053886,0014-11-16 17:05:00,14,11,16,17,5,750,111,"112, AVENUE DE LA REPUBL",,,Nuit avec éclairage allumé,En agglomération,Intersection en Y,Pluie forte,Trois véhicules et plus - collisions multiples,,,,,,,,,,,5,2,4,3.0,5
201400053887,0014-11-18 02:10:00,14,11,18,2,10,750,111,AVENUE DE TAILLEBOURG,,,Nuit avec éclairage allumé,En agglomération,Place,Normale,Autre collision,,,,,,,,,,,5,2,7,1.0,6
201400053888,0014-11-18 16:00:00,14,11,18,16,0,750,111,"17, PLACE DE LA NATION",,,Plein jour,En agglomération,Place,Pluie légère,Deux véhicules - côté,,,,,,,,,,,1,2,7,2.0,3
201400053889,0014-11-18 17:45:00,14,11,18,17,45,750,111,"103, AVENUE DE LA REPUBL",,,Nuit avec éclairage allumé,En agglomération,Intersection en T,Pluie légère,Autre collision,,,,,,,,,,,5,2,3,2.0,6
201400053890,0014-11-20 18:10:00,14,11,20,18,10,750,111,"3, PLACE LEON BLUM",,,Nuit avec éclairage allumé,En agglomération,Place,Pluie légère,Autre collision,,,,,,,,,,,5,2,7,2.0,6
201400053891,0014-11-21 22:25:00,14,11,21,22,25,750,111,"38, BOULEVARD RICHARD LE",,,Nuit avec éclairage allumé,En agglomération,Hors intersection,Normale,Deux véhicules - côté,,,,,,,,,,,5,2,1,1.0,3
201400053892,0014-11-24 18:30:00,14,11,24,18,30,750,111,"95, BOULEVARD RICHARD LE",,,Nuit avec éclairage allumé,En agglomération,Hors intersection,Normale,Deux véhicules - arrière,,,,,,,,,,,5,2,1,1.0,2