accident_id,datetime,annee,mois,jour,heure,minute,departement,commune_insee,adresse,latitude,longitude,luminosite,agglomeration,intersection,meteo,collision,nb_vehicules,nb_usagers,nb_indemnes,nb_tues,nb_blesses_hosp,nb_blesses_legers,age_cond_1,age_cond_2,veh_type_cond_1,veh_type_cond_2,lum_code,agg_code,int_code,atm_code,col_code
201400054019,0014-03-07 17:50:00,14,3,7,17,50,750,112,"42, BOULEVARD DE LA BAST",,,Plein jour,En agglomération,Hors intersection,Normale,Trois véhicules et plus - en chaîne,,,,,,,,,,,1,2,1,1.0,4
201400054020,0014-03-08 17:20:00,14,3,8,17,20,750,112,"51, AVENUE DE SAINT MAUR",,,Plein jour,En agglomération,Intersection en T,Normale,Deux véhicules - côté,,,,,,,,,,,1,2,3,1.0,3
201400054021,0014-03-08 19:35:00,14,3,8,19,35,750,112,"88, BOULEVARD DIDEROT",,,Nuit avec éclairage allumé,En agglomération,Intersection en X,Normale,Autre collision,,,,,,,,,,,5,2,2,1.0,6
201400054022,0014-03-10 02:25:00,14,3,10,2,25,750,112,"84, AVENUE DE SAINT MAND",,,Nuit avec éclairage allumé,En agglomération,Intersection en T,Normale,Autre collision,,,,,,,,,,,5,2,3,1.0,6
201400054023,0014-03-12 15:20:00,14,3,12,15,20,750,112,ROUTE DE LA FERME,,,Plein jour,En agglomération,Intersection en T,Normale,Deux véhicules - frontale,,,,,,,,,,,1,2,3,1.0,1
201400054024,0014-03-12 18:30:00,14,3,12,18,30,750,112,ECHANGEUR BERCY,,,Nuit avec éclairage allumé,En agglomération,Intersection à plus de 4 branches,Normale,Deux véhicules - arrière,,,,,,,,,,,5,2,5,1.0,2
201400054025,0014-03-12 18:20:00,14,3,12,18,20,750,112,BOULEVARD PONIATOWSKI,,,Crépuscule ou aube,En agglomération,Intersection en X,Normale,Deux véhicules - côté,,,,,,,,,,,2,2,2,1.0,3
201400054026,0014-03-13 18:20:00,14,3,13,18,20,750,112,"146, BOULEVARD DIDEROT",,,Crépuscule ou aube,En agglomération,Hors intersection,Normale,Deux véhicules - côté,,,,,,,,,,,2,2,1,1.0,3
201400054027,0014-03-14 10:30:00,14,3,14,10,30,750,112,"1, RUE PROUDHON",,,Plein jour,En agglomération,Intersection en X,Normale,Sans collision,,,,,,,,,,,1,2,2,1.0,7
201400054028,0014-03-14 16:20:00,14,3,14,16,20,750,112,"41, BOULEVARD DIDEROT",,,Plein jour,En agglomération,Intersection en X,Normale,Autre collision,,,,,,,,,,,1,2,2,1.0,6
201400054029,0014-03-15 17:50:00,14,3,15,17,50,750,112,"100, QUAI DE LA RAPEE",,,Plein jour,En agglomération,Intersection en T,Normale,Autre collision,,,,,,,,,,,1,2,3,1.0,6
201400054030,0014-03-16 00:55:00,14,3,16,0,55,750,112,"100, RUE DU FAUBOURG SAI",,,Nuit avec éclairage allumé,En agglomération,Intersection à plus de 4 branches,Normale,Autre collision,,,,,,,,,,,5,2,5,1.0,6
201400054031,0014-03-16 06:30:00,14,3,16,6,30,750,112,BOULEVARD DE BERCY,,,Crépuscule ou aube,En agglomération,Intersection en X,Normale,Autre collision,,,,,,,,,,,2,2,2,1.0,6
201400054032,0014-03-19 09:30:00,14,3,19,9,30,750,112,AVENUE DU TREMBLAY,,,Plein jour,En agglomération,Hors intersection,Normale,Autre collision,,,,,,,,,,,1,2,1,1.0,6
201400054033,0014-03-19 17:50:00,14,3,19,17,50,750,112,QUAI DE BERCY,,,Plein jour,En agglomération,Hors intersection,Normale,Deux véhicules - arrière,,,,,,,,,,,1,2,1,1.0,2
201400054034,0014-03-20 08:55:00,14,3,20,8,55,750,112,"17, RUE DE LYON",,,Plein jour,En agglomération,Hors intersection,Normale,Deux véhicules - côté,,,,,,,,,,,1,2,1,1.0,3
201400054035,0014-03-21 15:25:00,14,3,21,15,25,750,112,PLACE FELIX EBOUE,,,Plein jour,En agglomération,Place,Normale,Deux véhicules - côté,,,,,,,,,,,1,2,7,1.0,3
201400054036,0014-03-21 22:20:00,14,3,21,22,20,750,112,"5 bis, RUE DU COLONEL OU",,,Nuit avec éclairage allumé,En agglomération,Hors intersection,Normale,Autre collision,,,,,,,,,,,5,2,1,1.0,6
201400054037,0014-03-22 11:15:00,14,3,22,11,15,750,104,PLACE DE LA BASTILLE,,,Plein jour,En agglomération,Place,Pluie légère,Deux véhicules - côté,,,,,,,,,,,1,2,7,2.0,3
201400054038,0014-03-24 13:55:00,14,3,24,13,55,750,112,ROUTE DE LA PYRAMIDE,,,Plein jour,En agglomération,Hors intersection,Temps couvert,Deux véhicules - côté,,,,,,,,,,,1,2,1,8.0,3
201400054039,0014-03-25 11:30:00,14,3,25,11,30,750,112,"37, RUE DE REUILLY",,,Plein jour,En agglomération,Intersection en T,Pluie légère,Autre collision,,,,,,,,,,,1,2,3,2.0,6
201400054040,0014-03-25 13:00:00,14,3,25,13,0,750,112,ESPLANADE SAINT LOUIS,,,Plein jour,En agglomération,Place,Pluie légère,Deux véhicules - côté,,,,,,,,,,,1,2,7,2.0,3
201400054041,0014-03-26 09:40:00,14,3,26,9,40,750,112,"16, AVENUE DU BEL AIR",,,Plein jour,En agglomération,Hors intersection,Normale,Deux véhicules - arrière,,,,,,,,,,,1,2,1,1.0,2
201400054042,0014-03-26 14:00:00,14,3,26,14,0,750,112,"139, AVENUE DAUMESNIL",,,Plein jour,En agglomération,Hors intersection,Normale,Autre collision,,,,,,,,,,,1,2,1,1.0,6
201400054043,0014-03-26 22:05:00,14,3,26,22,5,750,112,AVENUE DAUMESNIL,,,Nuit avec éclairage allumé,En agglomération,Intersection en X,Normale,Autre collision,,,,,,,,,,,5,2,2,1.0,6
201400054044,0014-03-27 08:48:00,14,3,27,8,48,750,112,"36, BOULEVARD DIDEROT",,,Plein jour,En agglomération,Intersection en X,Normale,Trois véhicules et plus - en chaîne,,,,,,,,,,,1,2,2,1.0,4
201400054045,0014-03-30 18:30:00,14,3,30,18,30,750,112,AVENUE DU TREMBLAY,,,Plein jour,En agglomération,Hors intersection,Normale,Sans collision,,,,,,,,,,,1,2,1,1.0,7
201400054046,0014-03-31 00:45:00,14,3,31,0,45,750,112,AVENUE DE NOGENT,,,Nuit avec éclairage allumé,En agglomération,Intersection en X,Normale,Deux véhicules - arrière,,,,,,,,,,,5,2,2,1.0,2
201400054047,0014-03-31 09:20:00,14,3,31,9,20,750,112,"109, AVENUE DAUMESNIL",,,Plein jour,En agglomération,Intersection en T,Normale,Deux véhicules - arrière,,,,,,,,,,,1,2,3,1.0,2
201400054048,0014-03-31 09:05:00,14,3,31,9,5,750,112,"33, RUE DE REUILLY",,,Plein jour,En agglomération,Intersection en X,Normale,Deux véhicules - arrière,,,,,,,,,,,1,2,2,1.0,2
201400054049,0014-03-31 06:08:00,14,3,31,6,8,750,112,"244, RUE DE CHARENTON",,,Nuit avec éclairage allumé,En agglomération,Hors intersection,Normale,Deux véhicules - frontale,,,,,,,,,,,5,2,1,1.0,1
201400054050,0014-04-01 15:40:00,14,4,1,15,40,750,112,"304, RUE DE CHARENTON",,,Plein jour,En agglomération,Hors intersection,Normale,Autre collision,,,,,,,,,,,1,2,1,1.0,6
201400054051,0014-04-02 11:40:00,14,4,2,11,40,750,112,"127, RUE DE CHARENTON",,,Plein jour,En agglomération,Intersection en X,Normale,Autre collision,,,,,,,,,,,1,2,2,1.0,6
201400054052,0014-04-03 08:33:00,14,4,3,8,33,750,112,"11, RUE DE CHALON",,,Plein jour,En agglomération,Intersection en T,Normale,Deux véhicules - côté,,,,,,,,,,,1,2,3,1.0,3
201400054053,0014-04-01 18:15:00,14,4,1,18,15,750,112,"54, BOULEVARD DIDEROT",,,Plein jour,En agglomération,Intersection en Y,Normale,Deux véhicules - côté,,,,,,,,,,,1,2,4,1.0,3
201400054054,0014-04-04 20:00:00,14,4,4,20,0,750,112,"128, AVENUE DAUMESNIL",,,Crépuscule ou aube,En agglomération,Intersection en X,Normale,Deux véhicules - arrière,,,,,,,,,,,2,2,2,1.0,2
201400054055,0014-04-05 15:35:00,14,4,5,15,35,750,112,"120, BOULEVARD DIDEROT",,,Plein jour,En agglomération,Hors intersection,Normale,Autre collision,,,,,,,,,,,1,2,1,1.0,6
201400054056,0014-04-05 19:10:00,14,4,5,19,10,750,112,"205, RUE DE BERCY",,,Plein jour,En agglomération,Hors intersection,Normale,Deux véhicules - côté,,,,,,,,,,,1,2,1,1.0,3
201400054057,0014-04-05 18:25:00,14,4,5,18,25,750,112,QUAI DE LA RAPEE,,,Plein jour,En agglomération,Hors intersection,Normale,Trois véhicules et plus - en chaîne,,,,,,,,,,,1,2,1,1.0,4
201400054058,0014-04-04 20:30:00,14,4,4,20,30,750,112,PLACE DE LA NATION,,,Nuit avec éclairage allumé,En agglomération,Place,Normale,Deux véhicules - côté,,,,,,,,,,,5,2,7,1.0,3
201400054059,0014-04-07 09:10:00,14,4,7,9,10,750,112,"117, BOULEVARD PONIATOWS",,,Plein jour,En agglomération,Intersection en X,Normale,Deux véhicules - côté,,,,,,,,,,,1,2,2,1.0,3
201400054060,0014-04-07 11:20:00,14,4,7,11,20,750,112,"2, RUE DE LA LANCETTE",,,Plein jour,En agglomération,Intersection en T,Normale,Autre collision,,,,,,,,,,,1,2,3,1.0,6
201400054061,0014-04-07 17:48:00,14,4,7,17,48,750,112,"212, AVENUE DAUMESNIL",,,Plein jour,En agglomération,Hors intersection,Normale,Autre collision,,,,,,,,,,,1,2,1,1.0,6
201400054062,0014-04-09 16:40:00,14,4,9,16,40,750,112,"1, ROUTE DAUPHINE",,,Plein jour,En agglomération,Intersection en T,Normale,Deux véhicules - arrière,,,,,,,,,,,1,2,3,1.0,2
201400054063,0014-04-10 16:20:00,14,4,10,16,20,750,112,BOULEVARD PONIATOWSKI,,,Plein jour,En agglomération,Intersection en T,Normale,Deux véhicules - côté,,,,,,,,,,,1,2,3,1.0,3
201400054064,0014-04-10 16:30:00,14,4,10,16,30,750,112,PLACE DE LA BASTILLE,,,Plein jour,En agglomération,Place,Normale,Deux véhicules - côté,,,,,,,,,,,1,2,7,1.0,3
201400054065,0014-04-12 19:00:00,14,4,12,19,0,750,112,BOULEVARD PONIATOWSKI,,,Plein jour,En agglomération,Intersection en T,Normale,Autre collision,,,,,,,,,,,1,2,3,1.0,6
201400054066,0014-04-12 19:50:00,14,4,12,19,50,750,112,QUAI DE BERCY,,,Plein jour,En agglomération,Autre intersection,Normale,Deux véhicules - côté,,,,,,,,,,,1,2,9,1.0,3
201400054067,0014-04-10 09:30:00,14,4,10,9,30,750,112,AVENUE DAUMESNIL,,,Plein jour,En agglomération,Hors intersection,Normale,Deux véhicules - côté,,,,,,,,,,,1,2,1,1.0,3
201400054068,0014-04-15 06:40:00,14,4,15,6,40,750,112,AVENUE DAUMESNIL,,,Crépuscule ou aube,En agglomération,Intersection en X,Normale,Deux véhicules - arrière,,,,,,,,,,,2,2,2,1.0,2
201400054069,0014-04-15 17:20:00,14,4,15,17,20,750,112,CARREFOUR DE CONSERVATIO,,,Plein jour,En agglomération,Intersection à plus de 4 branches,Normale,Deux véhicules - côté,,,,,,,,,,,1,2,5,1.0,3
201400054070,0014-04-16 00:25:00,14,4,16,0,25,750,112,BOULEVARD PONIATOWSKI,,,Nuit avec éclairage allumé,En agglomération,Intersection à plus de 4 branches,Normale,Deux véhicules - côté,,,,,,,,,,,5,2,5,1.0,3
201400054071,0014-04-16 07:00:00,14,4,16,7,0,750,112,"35, AVENUE COURTELINE",,,Plein jour,En agglomération,Intersection en T,Normale,Deux véhicules - côté,,,,,,,,,,,1,2,3,1.0,3
201400054072,0014-04-16 18:00:00,14,4,16,18,0,750,112,PLACE DE LA NATION,,,Plein jour,En agglomération,Place,Normale,Deux véhicules - frontale,,,,,,,,,,,1,2,7,1.0,1
201400054073,0014-04-15 13:40:00,14,4,15,13,40,750,112,"52, AVENUE DE SAINT MAUR",,,Plein jour,En agglomération,Intersection à plus de 4 branches,Normale,Deux véhicules - côté,,,,,,,,,,,1,2,5,1.0,3
201400054074,0014-04-16 13:30:00,14,4,16,13,30,750,112,"70, BOULEVARD DE REUILLY",,,Plein jour,En agglomération,Hors intersection,Normale,Deux véhicules - côté,,,,,,,,,,,1,2,1,1.0,3
201400054075,0014-04-18 14:30:00,14,4,18,14,30,750,112,"2, RUE DE RAMBOUILLET",,,Plein jour,En agglomération,Intersection en X,Normale,Deux véhicules - arrière,,,,,,,,,,,1,2,2,1.0,2
201400054076,0014-04-19 14:10:00,14,4,19,14,10,750,112,"253, AVENUE DAUMESNIL",,,Plein jour,En agglomération,Intersection à plus de 4 branches,Normale,Autre collision,,,,,,,,,,,1,2,5,1.0,6
201400054077,0014-04-19 13:25:00,14,4,19,13,25,750,112,"218, AVENUE DAUMESNIL",,,Plein jour,En agglomération,Hors intersection,Normale,Deux véhicules - côté,,,,,,,,,,,1,2,1,1.0,3
201400054078,0014-04-21 06:20:00,14,4,21,6,20,750,112,QUAI DE BERCY,,,Crépuscule ou aube,En agglomération,Intersection en Y,Normale,Deux véhicules - côté,,,,,,,,,,,2,2,4,1.0,3
201400054079,0014-04-21 15:00:00,14,4,21,15,0,750,112,"21b, BOULEVARD DIDEROT",,,Plein jour,En agglomération,Intersection à plus de 4 branches,Normale,Sans collision,,,,,,,,,,,1,2,5,1.0,7
201400054080,0014-04-23 14:00:00,14,4,23,14,0,750,112,ROUTE DE CEINTURE DU LAC,,,Plein jour,En agglomération,Hors intersection,Normale,Autre collision,,,,,,,,,,,1,2,1,1.0,6
201400054081,0014-04-24 09:53:00,14,4,24,9,53,750,112,BOULEVARD SOULT,,,Plein jour,En agglomération,Intersection à plus de 4 branches,Normale,Deux véhicules - côté,,,,,,,,,,,1,2,5,1.0,3
201400054082,0014-04-24 13:40:00,14,4,24,13,40,750,112,AVENUE DAUMESNIL,,,Plein jour,En agglomération,Intersection en Y,Normale,Deux véhicules - côté,,,,,,,,,,,1,2,4,1.0,3
201400054083,0014-04-24 15:45:00,14,4,24,15,45,750,112,CARREFOUR DE BEAUTE,,,Plein jour,En agglomération,Place,Normale,Deux véhicules - côté,,,,,,,,,,,1,2,7,1.0,3
201400054084,0014-04-24 14:30:00,14,4,24,14,30,750,112,ROUTE DE LA PYRAMIDE,,,Plein jour,En agglomération,Place,Normale,Autre collision,,,,,,,,,,,1,2,7,1.0,6
201400054085,0014-04-24 15:50:00,14,4,24,15,50,750,112,ROUTE DE LA PYRAMIDE,,,Plein jour,En agglomération,Place,Normale,Deux véhicules - arrière,,,,,,,,,,,1,2,7,1.0,2
201400054086,0014-04-25 08:50:00,14,4,25,8,50,750,112,"38, COURS DE VINCENNES",,,Plein jour,En agglomération,Hors intersection,Pluie légère,Sans collision,,,,,,,,,,,1,2,1,2.0,7
201400054087,0014-04-25 09:15:00,14,4,25,9,15,750,112,"26, RUE CHALIGNY",,,Plein jour,En agglomération,Intersection en X,Temps couvert,Autre collision,,,,,,,,,,,1,2,2,8.0,6
201400054088,0014-04-26 09:50:00,14,4,26,9,50,750,112,AVENUE DES TERROIRS DE F,,,Plein jour,En agglomération,Intersection en X,Pluie légère,Autre collision,,,,,,,,,,,1,2,2,2.0,6
201400054089,0014-04-26 11:00:00,14,4,26,11,0,750,112,RUE ROBERT ETLIN,,,Plein jour,En agglomération,Intersection en X,Pluie légère,Deux véhicules - arrière,,,,,,,,,,,1,2,2,2.0,2
201400054090,0014-04-26 15:40:00,14,4,26,15,40,750,112,AVENUE DU TREMBLAY,,,Plein jour,En agglomération,Intersection en X,Normale,Trois véhicules et plus - en chaîne,,,,,,,,,,,1,2,2,1.0,4
201400054091,0014-04-24 21:30:00,14,4,24,21,30,750,111,"210, BOULEVARD VOLTAIRE",,,Nuit avec éclairage allumé,En agglomération,Intersection en T,Pluie légère,Deux véhicules - côté,,,,,,,,,,,5,2,3,2.0,3
201400054092,0014-04-27 14:30:00,14,4,27,14,30,750,112,AVENUE DE SAINT MAURICE,,,Plein jour,En agglomération,Intersection en Y,Normale,Deux véhicules - côté,,,,,,,,,,,1,2,4,1.0,3
201400054093,0014-04-27 20:50:00,14,4,27,20,50,750,112,"76-78, RUE DE REUILLY",,,Nuit avec éclairage allumé,En agglomération,Intersection en T,Normale,Autre collision,,,,,,,,,,,5,2,3,1.0,6
201400054094,0014-04-28 12:20:00,14,4,28,12,20,750,112,"314, RUE DE CHARENTON",,,Plein jour,En agglomération,Hors intersection,Normale,Deux véhicules - frontale,,,,,,,,,,,1,2,1,1.0,1
201400054095,0014-04-29 12:25:00,14,4,29,12,25,750,112,RUE DU SERGENT BAUCHAT,,,Plein jour,En agglomération,Intersection en X,Normale,Autre collision,,,,,,,,,,,1,2,2,1.0,6
201400054096,0014-05-01 22:20:00,14,5,1,22,20,750,112,QUAI DE BERCY,,,Nuit avec éclairage allumé,En agglomération,Hors intersection,Pluie légère,Autre collision,,,,,,,,,,,5,2,1,2.0,6
201400054097,0014-05-03 22:55:00,14,5,3,22,55,750,112,"26, PLACE DE LA NATION",,,Nuit avec éclairage allumé,En agglomération,Place,Normale,Autre collision,,,,,,,,,,,5,2,7,1.0,6
201400054098,0014-05-03 22:55:00,14,5,3,22,55,750,112,AVENUE DE SAINT MAURICE,,,Nuit avec éclairage allumé,En agglomération,Hors intersection,Normale,Autre collision,,,,,,,,,,,5,2,1,1.0,6
201400054099,0014-05-04 09:20:00,14,5,4,9,20,750,112,"271, AVENUE DAUMESNIL",,,Plein jour,En agglomération,Intersection en X,Normale,Autre collision,,,,,,,,,,,1,2,2,1.0,6
201400054100,0014-05-05 12:55:00,14,5,5,12,55,750,112,"5, AVENUE DAUMESNIL",,,Plein jour,En agglomération,Intersection en T,Normale,Autre collision,,,,,,,,,,,1,2,3,1.0,6
201400054101,0014-05-05 15:45:00,14,5,5,15,45,750,112,"126, QUAI DE BERCY",,,Plein jour,En agglomération,Intersection en T,Temps éblouissant,Deux véhicules - côté,,,,,,,,,,,1,2,3,7.0,3
201400054102,0014-05-05 19:05:00,14,5,5,19,5,750,112,"26, RUE MARSOULAN",,,Plein jour,En agglomération,Hors intersection,Normale,Autre collision,,,,,,,,,,,1,2,1,1.0,6
201400054103,0014-05-05 19:35:00,14,5,5,19,35,750,112,AVENUE DE NOGENT,,,Plein jour,En agglomération,Intersection en T,Normale,Deux véhicules - côté,,,,,,,,,,,1,2,3,1.0,3
201400054104,0014-05-06 13:35:00,14,5,6,13,35,750,112,"259, RUE DE CHARENTON",,,Plein jour,En agglomération,Hors intersection,Normale,Autre collision,,,,,,,,,,,1,2,1,1.0,6
201400054105,0014-05-07 17:10:00,14,5,7,17,10,750,112,"18, RUE LOUIS BRAILLE",,,Plein jour,En agglomération,Intersection en X,Normale,Deux véhicules - côté,,,,,,,,,,,1,2,2,1.0,3
201400054106,0014-05-08 03:55:00,14,5,8,3,55,750,112,BOULEVARD DIDEROT,,,Nuit avec éclairage allumé,En agglomération,Intersection en X,Normale,Deux véhicules - côté,,,,,,,,,,,5,2,2,1.0,3
201400054107,0014-05-08 19:30:00,14,5,8,19,30,750,112,"26, BOULEVARD DE REUILLY",,,Plein jour,En agglomération,Intersection en Y,Pluie légère,Sans collision,,,,,,,,,,,1,2,4,2.0,7
201400054108,0014-05-09 22:49:00,14,5,9,22,49,750,112,AVENUE DE LA PORTE DE CH,,,Nuit avec éclairage allumé,En agglomération,Intersection en X,Normale,Deux véhicules - côté,,,,,,,,,,,5,2,2,1.0,3
201400054109,0014-05-11 18:00:00,14,5,11,18,0,750,112,"11, ROUTE DES FORTIFICAT",,,Plein jour,En agglomération,Hors intersection,Pluie légère,Autre collision,,,,,,,,,,,1,2,1,2.0,6
201400054110,0014-05-12 12:10:00,14,5,12,12,10,750,112,"266, RUE DE CHARENTON",,,Plein jour,En agglomération,Intersection en X,Normale,Autre collision,,,,,,,,,,,1,2,2,1.0,6
201400054111,0014-05-12 19:40:00,14,5,12,19,40,750,112,"65, AVENUE DE SAINT MAND",,,Plein jour,En agglomération,Hors intersection,Normale,Deux véhicules - côté,,,,,,,,,,,1,2,1,1.0,3
201400054112,0014-05-12 20:55:00,14,5,12,20,55,750,112,"61, BOULEVARD PONIATOWSK",,,Plein jour,En agglomération,Hors intersection,Normale,Deux véhicules - arrière,,,,,,,,,,,1,2,1,1.0,2
201400054113,0014-05-14 09:55:00,14,5,14,9,55,750,112,"100, RUE DU FAUBOURG SAI",,,Plein jour,En agglomération,Intersection en X,Normale,Autre collision,,,,,,,,,,,1,2,2,1.0,6
201400054114,0014-05-14 10:10:00,14,5,14,10,10,750,112,"97, AVENUE DAUMESNIL",,,Plein jour,En agglomération,Intersection en T,Normale,Autre collision,,,,,,,,,,,1,2,3,1.0,6
201400054115,0014-05-14 12:50:00,14,5,14,12,50,750,112,"234, RUE DU FAUBOURG SAI",,,Plein jour,En agglomération,Hors intersection,Normale,Deux véhicules - arrière,,,,,,,,,,,1,2,1,1.0,2
201400054116,0014-05-14 17:50:00,14,5,14,17,50,750,112,"184, AVENUE DAUMESNIL",,,Plein jour,En agglomération,Hors intersection,Normale,Deux véhicules - arrière,,,,,,,,,,,1,2,1,1.0,2
201400054117,0014-05-15 15:00:00,14,5,15,15,0,750,112,"0, PLACE DE LA NATION",,,Crépuscule ou aube,En agglomération,Place,Normale,Deux véhicules - côté,,,,,,,,,,,2,2,7,1.0,3
201400054118,0014-05-16 13:50:00,14,5,16,13,50,750,112,"70, AVENUE DAUMESNIL",,,Plein jour,En agglomération,Intersection en T,Normale,Deux véhicules - frontale,,,,,,,,,,,1,2,3,1.0,1
201400054119,0014-05-19 18:00:00,14,5,19,18,0,750,112,"48, BOULEVARD DIDEROT",,,Plein jour,En agglomération,Intersection en X,Normale,Autre collision,,,,,,,,,,,1,2,2,1.0,6
201400054120,0014-05-22 08:30:00,14,5,22,8,30,750,112,"79, RUE DE PICPUS",,,Plein jour,En agglomération,Intersection en T,Normale,Autre collision,,,,,,,,,,,1,2,3,1.0,6
201400054121,0014-05-22 16:46:00,14,5,22,16,46,750,112,"85, BOULEVARD DIDEROT",,,Plein jour,En agglomération,Hors intersection,Normale,Deux véhicules - côté,,,,,,,,,,,1,2,1,1.0,3
201400054122,0014-05-22 21:30:00,14,5,22,21,30,750,112,RUE DE CHARENTON,,,Nuit avec éclairage allumé,En agglomération,Intersection en X,Pluie légère,Deux véhicules - côté,,,,,,,,,,,5,2,2,2.0,3
201400054123,0014-05-22 13:20:00,14,5,22,13,20,750,112,"92, AVENUE DU DOCTEUR AR",,,Plein jour,En agglomération,Intersection en X,Normale,Autre collision,,,,,,,,,,,1,2,2,1.0,6
201400054124,0014-05-23 16:00:00,14,5,23,16,0,750,112,"119, BOULEVARD PONIATOWS",,,Plein jour,En agglomération,Intersection à plus de 4 branches,Temps couvert,Sans collision,,,,,,,,,,,1,2,5,8.0,7
201400054125,0014-05-24 17:00:00,14,5,24,17,0,750,112,ROUTE DU PESAGE,,,Plein jour,En agglomération,Intersection en T,Pluie forte,Deux véhicules - côté,,,,,,,,,,,1,2,3,3.0,3
201400054126,0014-05-24 17:15:00,14,5,24,17,15,750,112,ROUTE DE LA PYRAMIDE,,,Plein jour,En agglomération,Intersection en X,Pluie légère,Autre collision,,,,,,,,,,,1,2,2,2.0,6
201400054127,0014-05-25 17:00:00,14,5,25,17,0,750,112,CARREFOUR DE CONSERVATIO,,,Plein jour,En agglomération,Place,Normale,Deux véhicules - côté,,,,,,,,,,,1,2,7,1.0,3
201400054128,0014-05-25 17:00:00,14,5,25,17,0,750,112,"32, AVENUE DU GENERAL MI",,,Plein jour,En agglomération,Hors intersection,Normale,Deux véhicules - côté,,,,,,,,,,,1,2,1,1.0,3
201400054129,0014-05-25 17:00:00,14,5,25,17,0,750,112,"30, RUE CLAUDE DECAEN",,,Plein jour,En agglomération,Hors intersection,Normale,Autre collision,,,,,,,,,,,1,2,1,1.0,6
201400054130,0014-05-25 21:00:00,14,5,25,21,0,750,112,"1, AVENUE DES CANADIENS",,,Plein jour,En agglomération,Hors intersection,Normale,Autre collision,,,,,,,,,,,1,2,1,1.0,6
201400054131,0014-05-27 16:45:00,14,5,27,16,45,750,112,"246, RUE DU FAUBOURG SAI",,,Plein jour,En agglomération,Hors intersection,Normale,Deux véhicules - frontale,,,,,,,,,,,1,2,1,1.0,1
201400054132,0014-05-27 17:55:00,14,5,27,17,55,750,112,"21, BOULEVARD PONIATOWSK",,,Plein jour,En agglomération,Hors intersection,Normale,Autre collision,,,,,,,,,,,1,2,1,1.0,6
201400054133,0014-05-28 10:30:00,14,5,28,10,30,750,112,"59, AVENUE LEDRU ROLLIN",,,Plein jour,En agglomération,Intersection en X,Normale,Autre collision,,,,,,,,,,,1,2,2,1.0,6
201400054134,0014-05-28 17:40:00,14,5,28,17,40,750,112,QUAI DE BERCY,,,Plein jour,En agglomération,Hors intersection,Normale,Deux véhicules - côté,,,,,,,,,,,1,2,1,1.0,3
201400054135,0014-05-29 16:55:00,14,5,29,16,55,750,112,ROUTE DE CEINTURE DU LAC,,,Plein jour,En agglomération,Hors intersection,Normale,Autre collision,,,,,,,,,,,1,2,1,1.0,6
201400054136,0014-05-31 11:00:00,14,5,31,11,0,750,112,PLACE FELIX EBOUE,,,Plein jour,En agglomération,Place,Normale,Deux véhicules - arrière,,,,,,,,,,,1,2,7,1.0,2
201400054137,0014-05-31 22:50:00,14,5,31,22,50,750,112,AVENUE DAUMESNIL,,,Nuit avec éclairage allumé,En agglomération,Intersection en X,Normale,Autre collision,,,,,,,,,,,5,2,2,1.0,6
201400054138,0014-06-03 16:50:00,14,6,3,16,50,750,112,AVENUE DE LA PORTE DE CH,,,Plein jour,En agglomération,Hors intersection,Normale,Autre collision,,,,,,,,,,,1,2,1,1.0,6
201400054139,0014-06-04 09:00:00,14,6,4,9,0,750,112,"37, AVENUE DU DOCTEUR AR",,,Plein jour,En agglomération,Intersection en T,Pluie légère,Deux véhicules - côté,,,,,,,,,,,1,2,3,2.0,3
201400054140,0014-06-04 09:45:00,14,6,4,9,45,750,112,"46, BOULEVARD DE LA BAST",,,Plein jour,En agglomération,Hors intersection,Pluie légère,Deux véhicules - côté,,,,,,,,,,,1,2,1,2.0,3
201400054141,0014-06-05 07:55:00,14,6,5,7,55,750,112,"64, AVENUE DAUMESNIL",,,Plein jour,En agglomération,Hors intersection,Normale,Autre collision,,,,,,,,,,,1,2,1,1.0,6
201400054142,0014-06-06 08:35:00,14,6,6,8,35,750,112,"47, BOULEVARD DE PICPUS",,,Plein jour,En agglomération,Hors intersection,Normale,Deux véhicules - côté,,,,,,,,,,,1,2,1,1.0,3
201400054143,0014-06-06 19:40:00,14,6,6,19,40,750,112,"94, RUE DU FAUBOURG SAIN",,,Plein jour,En agglomération,Intersection à plus de 4 branches,Normale,Autre collision,,,,,,,,,,,1,2,5,1.0,6
201400054144,0014-06-06 19:45:00,14,6,6,19,45,750,112,ROUTE DE LA PYRAMIDE,,,Plein jour,En agglomération,Hors intersection,Normale,Deux véhicules - arrière,,,,,,,,,,,1,2,1,1.0,2
201400054145,0014-06-07 11:50:00,14,6,7,11,50,750,112,ROUTE DE LA PYRAMIDE,,,Plein jour,En agglomération,Place,Normale,Deux véhicules - côté,,,,,,,,,,,1,2,7,1.0,3
201400054146,0014-06-09 20:35:00,14,6,9,20,35,750,112,"51, AVENUE DE SAINT MAUR",,,Nuit avec éclairage allumé,En agglomération,Hors intersection,Normale,Autre collision,,,,,,,,,,,5,2,1,1.0,6
201400054147,0014-06-09 15:50:00,14,6,9,15,50,750,112,AVENUE DU GENERAL MICHEL,,,Plein jour,En agglomération,Intersection en X,Pluie légère,Autre collision,,,,,,,,,,,1,2,2,2.0,6
201400054148,0014-06-11 07:50:00,14,6,11,7,50,750,112,BOULEVARD PERIPHERIQUE I,,,Plein jour,En agglomération,Intersection en Y,Normale,Deux véhicules - côté,,,,,,,,,,,1,2,4,1.0,3
201400054149,0014-06-11 20:00:00,14,6,11,20,0,750,112,"00, ROUTE ROYALE DE BEAU",,,Plein jour,En agglomération,Hors intersection,Normale,Autre collision,,,,,,,,,,,1,2,1,1.0,6