accident_id,datetime,annee,mois,jour,heure,minute,departement,commune_insee,adresse,latitude,longitude,luminosite,agglomeration,intersection,meteo,collision,nb_vehicules,nb_usagers,nb_indemnes,nb_tues,nb_blesses_hosp,nb_blesses_legers,age_cond_1,age_cond_2,veh_type_cond_1,veh_type_cond_2,lum_code,agg_code,int_code,atm_code,col_code
201400054150,0014-06-12 19:40:00,14,6,12,19,40,750,112,"15, RUE DE WATTIGNIES",,,Plein jour,En agglomération,Intersection en X,Temps éblouissant,Deux véhicules - côté,,,,,,,,,,,1,2,2,7.0,3
201400054151,0014-06-13 17:15:00,14,6,13,17,15,750,112,QUAI DE BERCY,,,Plein jour,En agglomération,Hors intersection,Normale,Autre collision,,,,,,,,,,,1,2,1,1.0,6
201400054152,0014-06-13 20:10:00,14,6,13,20,10,750,112,PLACE DE LA NATION,,,Plein jour,En agglomération,Place,Normale,Deux véhicules - côté,,,,,,,,,,,1,2,7,1.0,3
201400054153,0014-06-13 22:23:00,14,6,13,22,23,750,112,BOULEVARD SOULT,,,Nuit avec éclairage allumé,En agglomération,Place,Normale,Deux véhicules - côté,,,,,,,,,,,5,2,7,1.0,3
201400054154,0014-06-14 06:20:00,14,6,14,6,20,750,112,"1, AVENUE LEDRU ROLLIN",,,Crépuscule ou aube,En agglomération,Intersection en X,Normale,Autre collision,,,,,,,,,,,2,2,2,1.0,6
201400054155,0014-06-14 16:25:00,14,6,14,16,25,750,112,"46, AVENUE DES TERROIRS",,,Plein jour,En agglomération,Hors intersection,Normale,Deux véhicules - côté,,,,,,,,,,,1,2,1,1.0,3
201400054156,0014-06-16 08:50:00,14,6,16,8,50,750,112,RUE LOUIS BRAILLE,,,Plein jour,En agglomération,Intersection en X,Normale,Autre collision,,,,,,,,,,,1,2,2,1.0,6
201400054157,0014-06-16 11:40:00,14,6,16,11,40,750,112,QUAI DE BERCY,,,Plein jour,En agglomération,Intersection en X,Normale,Deux véhicules - frontale,,,,,,,,,,,1,2,2,1.0,1
201400054158,0014-06-17 17:00:00,14,6,17,17,0,750,112,RUE DE FECAMP,,,Plein jour,En agglomération,Intersection à plus de 4 branches,Normale,Autre collision,,,,,,,,,,,1,2,5,1.0,6
201400054159,0014-06-17 18:00:00,14,6,17,18,0,750,112,"10, AVENUE DE LA PORTE D",,,Plein jour,En agglomération,Hors intersection,Normale,Autre collision,,,,,,,,,,,1,2,1,1.0,6
201400054160,0014-06-18 09:05:00,14,6,18,9,5,750,112,"82, AVENUE DE SAINT MAND",,,Plein jour,En agglomération,Intersection à plus de 4 branches,Normale,Deux véhicules - arrière,,,,,,,,,,,1,2,5,1.0,2
201400054161,0014-06-18 15:20:00,14,6,18,15,20,750,112,RUE DU SAHEL,,,Plein jour,En agglomération,Hors intersection,Normale,Autre collision,,,,,,,,,,,1,2,1,1.0,6
201400054162,0014-06-18 18:20:00,14,6,18,18,20,750,112,"320, RUE DE CHARENTON",,,Plein jour,En agglomération,Intersection en X,Normale,Deux véhicules - côté,,,,,,,,,,,1,2,2,1.0,3
201400054163,0014-06-18 23:00:00,14,6,18,23,0,750,112,"0, BOULEVARD PERIPHERIQU",,,Nuit avec éclairage allumé,En agglomération,Hors intersection,Pluie légère,Deux véhicules - côté,,,,,,,,,,,5,2,1,2.0,3
201400054164,0014-06-19 14:30:00,14,6,19,14,30,750,112,"205, RUE DE BERCY",,,Plein jour,En agglomération,Hors intersection,Normale,Autre collision,,,,,,,,,,,1,2,1,1.0,6
201400054165,0014-06-19 16:10:00,14,6,19,16,10,750,112,"01, QUAI DE BERCY",,,Plein jour,En agglomération,Intersection en X,Normale,Deux véhicules - frontale,,,,,,,,,,,1,2,2,1.0,1
201400054166,0014-06-19 21:40:00,14,6,19,21,40,750,112,"13, AVENUE DAUMESNIL",,,Nuit avec éclairage allumé,En agglomération,Intersection en X,Normale,Deux véhicules - arrière,,,,,,,,,,,5,2,2,1.0,2
201400054167,0014-06-20 16:45:00,14,6,20,16,45,750,112,"12, RUE VAN GOGH",,,Plein jour,En agglomération,Intersection en Y,Normale,Deux véhicules - côté,,,,,,,,,,,1,2,4,1.0,3
201400054168,0014-06-21 03:00:00,14,6,21,3,0,750,112,AVENUE DE NOGENT,,,Nuit avec éclairage allumé,En agglomération,Hors intersection,Normale,Sans collision,,,,,,,,,,,5,2,1,1.0,7
201400054169,0014-06-23 01:30:00,14,6,23,1,30,750,112,QUAI DE LA RAPEE,,,Nuit avec éclairage allumé,En agglomération,Hors intersection,Normale,Autre collision,,,,,,,,,,,5,2,1,1.0,6
201400054170,0014-06-23 13:45:00,14,6,23,13,45,750,112,"75, BOULEVARD PONIATOWSK",,,Plein jour,En agglomération,Hors intersection,Normale,Deux véhicules - arrière,,,,,,,,,,,1,2,1,1.0,2
201400054171,0014-06-25 12:55:00,14,6,25,12,55,750,112,QUAI DE BERCY,,,Plein jour,En agglomération,Hors intersection,Normale,Sans collision,,,,,,,,,,,1,2,1,1.0,7
201400054172,0014-06-25 13:50:00,14,6,25,13,50,750,112,"237, RUE DE CHARENTON",,,Plein jour,En agglomération,Intersection en X,Normale,Autre collision,,,,,,,,,,,1,2,2,1.0,6
201400054173,0014-06-25 14:00:00,14,6,25,14,0,750,112,"210, RUE DE BERCY",,,Plein jour,En agglomération,Intersection en X,Normale,Autre collision,,,,,,,,,,,1,2,2,1.0,6
201400054174,0014-06-26 02:05:00,14,6,26,2,5,750,112,PLACE DE LA BASTILLE,,,Nuit avec éclairage allumé,En agglomération,Place,Normale,Deux véhicules - côté,,,,,,,,,,,5,2,7,1.0,3
201400054175,0014-06-26 10:30:00,14,6,26,10,30,750,112,AVENUE DU TREMBLAY,,,Plein jour,En agglomération,Hors intersection,Normale,Autre collision,,,,,,,,,,,1,2,1,1.0,6
201400054176,0014-06-26 16:20:00,14,6,26,16,20,750,112,"72, AVENUE DE SAINT MAND",,,Plein jour,En agglomération,Hors intersection,Normale,Deux véhicules - arrière,,,,,,,,,,,1,2,1,1.0,2
201400054177,0014-06-26 16:50:00,14,6,26,16,50,750,112,"/, AVENUE DAUMESNIL",,,Plein jour,En agglomération,Intersection en X,Normale,Autre collision,,,,,,,,,,,1,2,2,1.0,6
201400054178,0014-06-26 20:10:00,14,6,26,20,10,750,112,QUAI DE BERCY,,,Plein jour,En agglomération,Hors intersection,Normale,Deux véhicules - arrière,,,,,,,,,,,1,2,1,1.0,2
201400054179,0014-06-30 07:50:00,14,6,30,7,50,750,112,"56, QUAI DE LA RAPEE",,,Plein jour,En agglomération,Hors intersection,Normale,Deux véhicules - arrière,,,,,,,,,,,1,2,1,1.0,2
201400054180,0014-07-01 06:45:00,14,7,1,6,45,750,112,"126, QUAI DE BERCY",,,Plein jour,En agglomération,Intersection en T,Normale,Deux véhicules - côté,,,,,,,,,,,1,2,3,1.0,3
201400054181,0014-07-02 12:20:00,14,7,2,12,20,750,112,"47, BOULEVARD DIDEROT",,,Plein jour,En agglomération,Hors intersection,Normale,Autre collision,,,,,,,,,,,1,2,1,1.0,6
201400054182,0014-07-03 09:40:00,14,7,3,9,40,750,112,"/, ROUTE ROYALE DE BEAUT",,,Plein jour,En agglomération,Hors intersection,Normale,Trois véhicules et plus - en chaîne,,,,,,,,,,,1,2,1,1.0,4
201400054183,0014-07-05 00:05:00,14,7,5,0,5,750,112,ROUTE DE LA FERME,,,Nuit avec éclairage allumé,En agglomération,Hors intersection,Normale,Autre collision,,,,,,,,,,,5,2,1,1.0,6
201400054184,0014-07-05 20:15:00,14,7,5,20,15,750,112,"98, QUAI DE LA RAPEE",,,Plein jour,En agglomération,Intersection à plus de 4 branches,Normale,Deux véhicules - arrière,,,,,,,,,,,1,2,5,1.0,2
201400054185,0014-07-03 13:40:00,14,7,3,13,40,750,112,"94, QUAI DE LA RAPEE",,,Plein jour,En agglomération,Hors intersection,Normale,Autre collision,,,,,,,,,,,1,2,1,1.0,6
201400054186,0014-07-07 18:15:00,14,7,7,18,15,750,113,PONT DE BERCY,,,Plein jour,En agglomération,Hors intersection,Pluie légère,Deux véhicules - côté,,,,,,,,,,,1,2,1,2.0,3
201400054187,0014-07-07 20:25:00,14,7,7,20,25,750,112,", AVENUE COURTELINE",,,Plein jour,En agglomération,Intersection en X,Pluie forte,Deux véhicules - côté,,,,,,,,,,,1,2,2,3.0,3
201400054188,0014-07-08 16:20:00,14,7,8,16,20,750,112,AVENUE DU TREMBLAY,,,Plein jour,En agglomération,Intersection en X,Normale,Deux véhicules - côté,,,,,,,,,,,1,2,2,1.0,3
201400054189,0014-07-12 20:05:00,14,7,12,20,5,750,112,"141, AVENUE DAUMESNIL",,,Crépuscule ou aube,En agglomération,Hors intersection,Normale,Autre collision,,,,,,,,,,,2,2,1,1.0,6
201400054190,0014-07-12 22:45:00,14,7,12,22,45,750,112,AVENUE DE NOGENT,,,Nuit sans éclairage public,En agglomération,Intersection en X,Normale,Deux véhicules - côté,,,,,,,,,,,3,2,2,1.0,3
201400054191,0014-07-17 21:00:00,14,7,17,21,0,750,112,AVENUE DAUMESNIL,,,Crépuscule ou aube,En agglomération,Hors intersection,Normale,Autre collision,,,,,,,,,,,2,2,1,1.0,6
201400054192,0014-07-18 00:45:00,14,7,18,0,45,750,112,PLACE DE LA NATION,,,Nuit avec éclairage allumé,En agglomération,Place,Normale,Autre collision,,,,,,,,,,,5,2,7,1.0,6
201400054193,0014-07-18 15:55:00,14,7,18,15,55,750,112,"0, AVENUE DE NOGENT",,,Plein jour,En agglomération,Intersection en X,Normale,Autre collision,,,,,,,,,,,1,2,2,1.0,6
201400054194,0014-07-19 16:35:00,14,7,19,16,35,750,112,"25, AVENUE DE SAINT MAND",,,Plein jour,En agglomération,Hors intersection,Normale,Deux véhicules - côté,,,,,,,,,,,1,2,1,1.0,3
201400054195,0014-07-21 18:15:00,14,7,21,18,15,750,112,"2, RUE CROZATIER",,,Plein jour,En agglomération,Place,Normale,Autre collision,,,,,,,,,,,1,2,7,1.0,6
201400054196,0014-07-23 23:05:00,14,7,23,23,5,750,112,ROUTE DE LA PYRAMIDE,,,Nuit avec éclairage allumé,En agglomération,Place,Normale,Deux véhicules - côté,,,,,,,,,,,5,2,7,1.0,3
201400054197,0014-07-23 14:00:00,14,7,23,14,0,750,112,"78, RUE DE REUILLY",,,Plein jour,En agglomération,Intersection en T,Normale,Autre collision,,,,,,,,,,,1,2,3,1.0,6
201400054198,0014-07-23 18:15:00,14,7,23,18,15,750,112,"36, RUE DE REUILLY",,,Plein jour,En agglomération,Hors intersection,Normale,Autre collision,,,,,,,,,,,1,2,1,1.0,6
201400054199,0014-07-23 20:26:00,14,7,23,20,26,750,112,"2, BOULEVARD DIDEROT",,,Plein jour,En agglomération,Intersection en T,Normale,Deux véhicules - côté,,,,,,,,,,,1,2,3,1.0,3
201400054200,0014-07-24 16:40:00,14,7,24,16,40,750,112,QUAI DE LA RAPEE,,,Plein jour,En agglomération,Hors intersection,Normale,Trois véhicules et plus - en chaîne,,,,,,,,,,,1,2,1,1.0,4
201400054201,0014-07-24 19:29:00,14,7,24,19,29,750,112,"100, RUE CLAUDE DECAEN",,,Plein jour,En agglomération,Intersection en T,Normale,Autre collision,,,,,,,,,,,1,2,3,1.0,6
201400054202,0014-07-25 09:05:00,14,7,25,9,5,750,112,"271, AVENUE DAUMESNIL",,,Plein jour,En agglomération,Intersection en X,Normale,Autre collision,,,,,,,,,,,1,2,2,1.0,6
201400054203,0014-07-26 12:50:00,14,7,26,12,50,750,112,AVENUE DAUMESNIL,,,Plein jour,En agglomération,Intersection à plus de 4 branches,Normale,Autre collision,,,,,,,,,,,1,2,5,1.0,6
201400054204,0014-07-27 19:15:00,14,7,27,19,15,750,112,ROUTE DE BOURDON,,,Plein jour,En agglomération,Hors intersection,Normale,Deux véhicules - côté,,,,,,,,,,,1,2,1,1.0,3
201400054205,0014-07-29 23:15:00,14,7,29,23,15,750,112,AVENUE DAUMESNIL,,,Nuit avec éclairage allumé,En agglomération,Place,Normale,Autre collision,,,,,,,,,,,5,2,7,1.0,6
201400054206,0014-07-30 19:50:00,14,7,30,19,50,750,112,"., ROUTE DAUPHINE",,,Plein jour,En agglomération,Hors intersection,Normale,Deux véhicules - côté,,,,,,,,,,,1,2,1,1.0,3
201400054207,0014-08-01 17:10:00,14,8,1,17,10,750,112,BOULEVARD PONIATOWSKI,,,Plein jour,En agglomération,Place,Normale,Deux véhicules - côté,,,,,,,,,,,1,2,7,1.0,3
201400054208,0014-08-01 20:40:00,14,8,1,20,40,750,112,"26, PLACE DE LA NATION",,,Plein jour,En agglomération,Place,Normale,Deux véhicules - côté,,,,,,,,,,,1,2,7,1.0,3
201400054209,0014-08-07 20:50:00,14,8,7,20,50,750,112,"47, RUE DE LYON",,,Crépuscule ou aube,En agglomération,Intersection en Y,Pluie légère,Deux véhicules - côté,,,,,,,,,,,2,2,4,2.0,3
201400054210,0014-08-07 20:55:00,14,8,7,20,55,750,112,QUAI DE BERCY,,,Nuit avec éclairage allumé,En agglomération,Intersection en Y,Pluie légère,Autre collision,,,,,,,,,,,5,2,4,2.0,6
201400054211,0014-08-08 01:25:00,14,8,8,1,25,750,112,AVENUE DU DOCTEUR ARNOLD,,,Nuit avec éclairage allumé,En agglomération,Intersection en X,Normale,Autre collision,,,,,,,,,,,5,2,2,1.0,6
201400054212,0014-08-10 11:30:00,14,8,10,11,30,750,112,"39, RUE PROUDHON",,,Plein jour,En agglomération,Intersection en X,Pluie légère,Autre collision,,,,,,,,,,,1,2,2,2.0,6
201400054213,0014-08-11 09:00:00,14,8,11,9,0,750,112,"256, AVENUE DAUMESNIL",,,Plein jour,En agglomération,Intersection en X,Normale,Deux véhicules - côté,,,,,,,,,,,1,2,2,1.0,3
201400054214,0014-08-11 19:00:00,14,8,11,19,0,750,112,QUAI DE BERCY,,,Plein jour,En agglomération,Intersection en Y,Pluie forte,Autre collision,,,,,,,,,,,1,2,4,3.0,6
201400054215,0014-08-12 11:40:00,14,8,12,11,40,750,112,"81, AVENUE DE SAINT MAND",,,Plein jour,En agglomération,Hors intersection,Normale,Autre collision,,,,,,,,,,,1,2,1,1.0,6
201400054216,0014-08-12 18:15:00,14,8,12,18,15,750,112,AVENUE DE NOGENT,,,Plein jour,En agglomération,Hors intersection,Normale,Deux véhicules - côté,,,,,,,,,,,1,2,1,1.0,3
201400054217,0014-08-14 13:45:00,14,8,14,13,45,750,112,BOULEVARD DIDEROT,,,Plein jour,En agglomération,Hors intersection,Normale,Autre collision,,,,,,,,,,,1,2,1,1.0,6
201400054218,0014-08-14 18:35:00,14,8,14,18,35,750,112,BOULEVARD SOULT,,,Plein jour,En agglomération,Intersection à plus de 4 branches,Normale,Deux véhicules - côté,,,,,,,,,,,1,2,5,1.0,3
201400054219,0014-08-16 02:20:00,14,8,16,2,20,750,120,COURS DE VINCENNES,,,Nuit avec éclairage allumé,En agglomération,Intersection en X,Normale,Autre collision,,,,,,,,,,,5,2,2,1.0,6
201400054220,0014-08-16 15:53:00,14,8,16,15,53,750,112,RUE DE CHARENTON,,,Plein jour,En agglomération,Intersection en X,Normale,Deux véhicules - côté,,,,,,,,,,,1,2,2,1.0,3
201400054221,0014-08-16 17:00:00,14,8,16,17,0,750,112,"120, COURS DE VINCENNES",,,Plein jour,En agglomération,Intersection en X,Normale,Deux véhicules - arrière,,,,,,,,,,,1,2,2,1.0,2
201400054222,0014-08-16 19:45:00,14,8,16,19,45,750,112,RUE DE CHARENTON,,,Plein jour,En agglomération,Intersection en X,Normale,Autre collision,,,,,,,,,,,1,2,2,1.0,6
201400054223,0014-08-18 18:30:00,14,8,18,18,30,750,112,AVENUE DE SAINT MANDE,,,Plein jour,En agglomération,Intersection à plus de 4 branches,Normale,Deux véhicules - frontale,,,,,,,,,,,1,2,5,1.0,1
201400054224,0014-08-19 08:45:00,14,8,19,8,45,750,112,"139, RUE DE BERCY",,,Plein jour,En agglomération,Hors intersection,Normale,Autre collision,,,,,,,,,,,1,2,1,1.0,6
201400054225,0014-08-19 17:15:00,14,8,19,17,15,750,112,AVENUE DU POLYGONE,,,Plein jour,En agglomération,Hors intersection,Normale,Autre collision,,,,,,,,,,,1,2,1,1.0,6
201400054226,0014-08-21 01:30:00,14,8,21,1,30,750,112,"38, COURS DE VINCENNES",,,Nuit avec éclairage allumé,En agglomération,Hors intersection,Normale,Autre collision,,,,,,,,,,,5,2,1,1.0,6
201400054227,0014-08-21 09:15:00,14,8,21,9,15,750,112,"32, RUE BARON LE ROY",,,Plein jour,En agglomération,Hors intersection,Normale,Autre collision,,,,,,,,,,,1,2,1,1.0,6
201400054228,0014-08-22 17:20:00,14,8,22,17,20,750,112,"32, AVENUE DAUMESNIL",,,Plein jour,En agglomération,Intersection en T,Temps couvert,Deux véhicules - frontale,,,,,,,,,,,1,2,3,8.0,1
201400054229,0014-08-24 13:40:00,14,8,24,13,40,750,112,"263, AVENUE DAUMESNIL",,,Plein jour,En agglomération,Hors intersection,Normale,Deux véhicules - arrière,,,,,,,,,,,1,2,1,1.0,2
201400054230,0014-08-26 08:20:00,14,8,26,8,20,750,112,"39, RUE PROUDHON",,,Plein jour,En agglomération,Intersection en X,Pluie légère,Deux véhicules - côté,,,,,,,,,,,1,2,2,2.0,3
201400054231,0014-08-26 14:55:00,14,8,26,14,55,750,112,"30, RUE DE LYON",,,Plein jour,En agglomération,Hors intersection,Normale,Autre collision,,,,,,,,,,,1,2,1,1.0,6
201400054232,0014-08-27 12:45:00,14,8,27,12,45,750,112,"42, RUE DU FAUBOURG SAIN",,,Plein jour,En agglomération,Intersection en T,Normale,Autre collision,,,,,,,,,,,1,2,3,1.0,6
201400054233,0014-08-30 12:00:00,14,8,30,12,0,750,112,"30, RUE DE REUILLY",,,Plein jour,En agglomération,Hors intersection,Normale,Deux véhicules - arrière,,,,,,,,,,,1,2,1,1.0,2
201400054234,0014-08-30 23:10:00,14,8,30,23,10,750,120,PORTE DE VINCENNES,,,Nuit avec éclairage allumé,En agglomération,Hors intersection,Pluie légère,Sans collision,,,,,,,,,,,5,2,1,2.0,7
201400054235,0014-08-31 12:50:00,14,8,31,12,50,750,112,ROUTE DE LA PYRAMIDE,,,Plein jour,En agglomération,Hors intersection,Normale,Sans collision,,,,,,,,,,,1,2,1,1.0,7
201400054236,0014-08-31 16:10:00,14,8,31,16,10,750,111,"72, RUE DU FAUBOURG SAIN",,,Plein jour,En agglomération,Intersection en T,Normale,Deux véhicules - arrière,,,,,,,,,,,1,2,3,1.0,2
201400054237,0014-09-01 18:00:00,14,9,1,18,0,750,112,"293, AVENUE DAUMESNIL",,,Plein jour,En agglomération,Intersection en Y,Normale,Deux véhicules - côté,,,,,,,,,,,1,2,4,1.0,3
201400054238,0014-09-03 15:00:00,14,9,3,15,0,750,112,"656Bis, AVENUE DAUMESNIL",,,Plein jour,En agglomération,Intersection en X,Normale,Sans collision,,,,,,,,,,,1,2,2,1.0,7
201400054239,0014-09-03 21:00:00,14,9,3,21,0,750,112,ROUTE DE LA PYRAMIDE,,,Nuit avec éclairage non allumé,En agglomération,Place,Normale,Deux véhicules - côté,,,,,,,,,,,4,2,7,1.0,3
201400054240,0014-09-04 08:00:00,14,9,4,8,0,750,112,"34, QUAI DE LA RAPEE",,,Plein jour,En agglomération,Hors intersection,Normale,Deux véhicules - arrière,,,,,,,,,,,1,2,1,1.0,2
201400054241,0014-09-04 11:30:00,14,9,4,11,30,750,111,"46, AVENUE PHILIPPE AUGU",,,Plein jour,En agglomération,Intersection en T,Normale,Deux véhicules - côté,,,,,,,,,,,1,2,3,1.0,3
201400054242,0014-09-04 15:43:00,14,9,4,15,43,750,112,"199, AVENUE DAUMESNIL",,,Plein jour,En agglomération,Place,Normale,Deux véhicules - arrière,,,,,,,,,,,1,2,7,1.0,2
201400054243,0014-09-05 14:20:00,14,9,5,14,20,750,112,"98, RUE DU FAUBOURG SAIN",,,Plein jour,En agglomération,Intersection à plus de 4 branches,Normale,Autre collision,,,,,,,,,,,1,2,5,1.0,6
201400054244,0014-09-09 11:40:00,14,9,9,11,40,750,112,"1, QUAI DE BERCY",,,Plein jour,En agglomération,Hors intersection,Normale,Deux véhicules - arrière,,,,,,,,,,,1,2,1,1.0,2
201400054245,0014-09-09 19:20:00,14,9,9,19,20,750,112,BOULEVARD PERIPHERIQUE I,,,Plein jour,En agglomération,Hors intersection,Normale,Autre collision,,,,,,,,,,,1,2,1,1.0,6
201400054246,0014-09-10 08:25:00,14,9,10,8,25,750,112,"01, AVENUE DU GENERAL DO",,,Plein jour,En agglomération,Intersection en X,Normale,Deux véhicules - côté,,,,,,,,,,,1,2,2,1.0,3
201400054247,0014-09-10 16:30:00,14,9,10,16,30,750,112,QUAI DE LA RAPEE,,,Plein jour,En agglomération,Intersection en Y,Normale,Trois véhicules et plus - en chaîne,,,,,,,,,,,1,2,4,1.0,4
201400054248,0014-09-10 20:00:00,14,9,10,20,0,750,112,ROUTE DE CEINTURE DU LAC,,,Crépuscule ou aube,En agglomération,Hors intersection,Normale,Autre collision,,,,,,,,,,,2,2,1,1.0,6
201400054249,0014-09-11 13:35:00,14,9,11,13,35,750,112,"97, BOULEVARD DIDEROT",,,Plein jour,En agglomération,Intersection en X,Normale,Deux véhicules - côté,,,,,,,,,,,1,2,2,1.0,3
201400054250,0014-09-13 00:01:00,14,9,13,0,1,750,112,"31, RUE DE REUILLY",,,Nuit avec éclairage allumé,En agglomération,Hors intersection,Normale,Deux véhicules - côté,,,,,,,,,,,5,2,1,1.0,3
201400054251,0014-09-14 04:10:00,14,9,14,4,10,750,112,"69, QUAI DE LA RAPEE",,,Nuit avec éclairage allumé,En agglomération,Hors intersection,Normale,Autre collision,,,,,,,,,,,5,2,1,1.0,6
201400054252,0014-09-14 19:00:00,14,9,14,19,0,750,112,"146, BOULEVARD DIDEROT",,,Plein jour,En agglomération,Hors intersection,Normale,Deux véhicules - côté,,,,,,,,,,,1,2,1,1.0,3
201400054253,0014-09-14 21:00:00,14,9,14,21,0,750,112,BOULEVARD PERIPHERIQUE,,,Nuit sans éclairage public,En agglomération,Hors intersection,Normale,Deux véhicules - côté,,,,,,,,,,,3,2,1,1.0,3
201400054254,0014-09-15 15:30:00,14,9,15,15,30,750,112,AVENUE DE NOGENT,,,Plein jour,En agglomération,Hors intersection,Normale,Autre collision,,,,,,,,,,,1,2,1,1.0,6
201400054255,0014-09-15 16:30:00,14,9,15,16,30,750,112,BOULEVARD DE BERCY,,,Plein jour,En agglomération,Intersection en X,Normale,Deux véhicules - côté,,,,,,,,,,,1,2,2,1.0,3
201400054256,0014-09-16 04:20:00,14,9,16,4,20,750,112,COURS DE VINCENNES,,,Nuit avec éclairage allumé,En agglomération,Intersection à plus de 4 branches,Normale,Deux véhicules - côté,,,,,,,,,,,5,2,5,1.0,3
201400054257,0014-09-17 02:15:00,14,9,17,2,15,750,112,BOULEVARD DE BERCY,,,Nuit avec éclairage allumé,En agglomération,Hors intersection,Normale,Autre collision,,,,,,,,,,,5,2,1,1.0,6
201400054258,0014-09-18 15:30:00,14,9,18,15,30,750,112,QUAI DE LA RAPEE,,,Plein jour,En agglomération,Intersection en Y,Normale,Sans collision,,,,,,,,,,,1,2,4,1.0,7
201400054259,0014-09-18 16:50:00,14,9,18,16,50,750,112,"52, BOULEVARD DIDEROT",,,Plein jour,En agglomération,Intersection en T,Normale,Autre collision,,,,,,,,,,,1,2,3,1.0,6
201400054260,0014-09-18 19:45:00,14,9,18,19,45,750,112,AVENUE DAUMESNIL,,,Plein jour,En agglomération,Intersection en X,Normale,Deux véhicules - arrière,,,,,,,,,,,1,2,2,1.0,2
201400054261,0014-09-18 22:50:00,14,9,18,22,50,750,112,"78, COURS DE VINCENNES",,,Nuit avec éclairage allumé,En agglomération,Intersection en X,Normale,Deux véhicules - frontale,,,,,,,,,,,5,2,2,1.0,1
201400054262,0014-09-19 10:30:00,14,9,19,10,30,750,112,"222, RUE DE CHARENTON",,,Plein jour,En agglomération,Intersection en Y,Normale,Deux véhicules - arrière,,,,,,,,,,,1,2,4,1.0,2
201400054263,0014-09-19 21:10:00,14,9,19,21,10,750,112,"131, BOULEVARD DIDEROT",,,Nuit avec éclairage allumé,En agglomération,Intersection en X,Normale,Autre collision,,,,,,,,,,,5,2,2,1.0,6
201400054264,0014-09-21 16:25:00,14,9,21,16,25,750,112,"117, RUE DE REUILLY",,,Plein jour,En agglomération,Hors intersection,Normale,Autre collision,,,,,,,,,,,1,2,1,1.0,6
201400054265,0014-09-21 18:05:00,14,9,21,18,5,750,112,"9, RUE DE WATTIGNIES",,,Plein jour,En agglomération,Intersection en X,Normale,Autre collision,,,,,,,,,,,1,2,2,1.0,6
201400054266,0014-09-22 15:15:00,14,9,22,15,15,750,112,"120, RUE DE LYON",,,Plein jour,En agglomération,Hors intersection,Normale,Autre collision,,,,,,,,,,,1,2,1,1.0,6
201400054267,0014-09-23 09:45:00,14,9,23,9,45,750,112,"20, COURS DE VINCENNES",,,Plein jour,En agglomération,Hors intersection,Normale,Deux véhicules - arrière,,,,,,,,,,,1,2,1,1.0,2
201400054268,0014-09-23 15:45:00,14,9,23,15,45,750,112,BOULEVARD DE LA GUYANE,,,Plein jour,En agglomération,Intersection à plus de 4 branches,Normale,Deux véhicules - arrière,,,,,,,,,,,1,2,5,1.0,2
201400054269,0014-09-24 19:00:00,14,9,24,19,0,750,112,ROUTE DE LA PYRAMIDE,,,Crépuscule ou aube,En agglomération,Hors intersection,Pluie légère,Deux véhicules - côté,,,,,,,,,,,2,2,1,2.0,3
201400054270,0014-09-24 23:34:00,14,9,24,23,34,750,112,ESPLANADE SAINT LOUIS,,,Nuit avec éclairage allumé,En agglomération,Place,Normale,Sans collision,,,,,,,,,,,5,2,7,1.0,7
201400054271,0014-09-24 21:10:00,14,9,24,21,10,750,112,"6, AVENUE DU DOCTEUR ARN",,,Nuit avec éclairage allumé,En agglomération,Intersection en T,Normale,Deux véhicules - arrière,,,,,,,,,,,5,2,3,1.0,2
201400054272,0014-09-25 20:00:00,14,9,25,20,0,750,112,"88, BOULEVARD DIDEROT",,,Nuit avec éclairage allumé,En agglomération,Intersection en X,Normale,Deux véhicules - côté,,,,,,,,,,,5,2,2,1.0,3
201400054273,0014-09-26 09:15:00,14,9,26,9,15,750,112,ROUTE DE LA PYRAMIDE,,,Plein jour,En agglomération,Place,Normale,Deux véhicules - côté,,,,,,,,,,,1,2,7,1.0,3
201400054274,0014-09-27 17:00:00,14,9,27,17,0,750,112,"0, AVENUE DES CANADIENS",,,Plein jour,En agglomération,Intersection en Y,Normale,Deux véhicules - frontale,,,,,,,,,,,1,2,4,1.0,1
201400054275,0014-09-28 04:00:00,14,9,28,4,0,750,112,QUAI DE BERCY,,,Nuit sans éclairage public,En agglomération,Intersection en Y,Normale,Autre collision,,,,,,,,,,,3,2,4,1.0,6
201400054276,0014-09-28 05:50:00,14,9,28,5,50,750,112,BOULEVARD DE BERCY,,,Nuit sans éclairage public,En agglomération,Hors intersection,Normale,Autre collision,,,,,,,,,,,3,2,1,1.0,6
201400054277,0014-09-29 08:55:00,14,9,29,8,55,750,112,"50, BOULEVARD DE LA BAST",,,Plein jour,En agglomération,Intersection en Y,Pluie légère,Sans collision,,,,,,,,,,,1,2,4,2.0,7
201400054278,0014-09-29 16:20:00,14,9,29,16,20,750,112,PLACE DE LA NATION,,,Plein jour,En agglomération,Place,Normale,Deux véhicules - frontale,,,,,,,,,,,1,2,7,1.0,1
201400054279,0014-09-30 18:35:00,14,9,30,18,35,750,112,"248, RUE DE CHARENTON",,,Plein jour,En agglomération,Hors intersection,Normale,Autre collision,,,,,,,,,,,1,2,1,1.0,6
201400054280,0014-10-01 02:00:00,14,10,1,2,0,750,112,"189, RUE DE BERCY",,,Nuit avec éclairage allumé,En agglomération,Hors intersection,Normale,Deux véhicules - arrière,,,,,,,,,,,5,2,1,1.0,2
201400054281,0014-10-01 08:15:00,14,10,1,8,15,750,112,"117, AVENUE DU GENERAL M",,,Plein jour,En agglomération,Intersection à plus de 4 branches,Normale,Autre collision,,,,,,,,,,,1,2,5,1.0,6