accident_id,datetime,annee,mois,jour,heure,minute,departement,commune_insee,adresse,latitude,longitude,luminosite,agglomeration,intersection,meteo,collision,nb_vehicules,nb_usagers,nb_indemnes,nb_tues,nb_blesses_hosp,nb_blesses_legers,age_cond_1,age_cond_2,veh_type_cond_1,veh_type_cond_2,lum_code,agg_code,int_code,atm_code,col_code
201400054282,0014-10-03 08:40:00,14,10,3,8,40,750,112,BOULEVARD SOULT,,,Plein jour,En agglomération,Intersection en X,Normale,Deux véhicules - côté,,,,,,,,,,,1,2,2,1.0,3
201400054283,0014-10-03 16:15:00,14,10,3,16,15,750,112,"157, RUE DE BERCY",,,Plein jour,En agglomération,Intersection en X,Normale,Deux véhicules - arrière,,,,,,,,,,,1,2,2,1.0,2
201400054284,0014-10-03 18:05:00,14,10,3,18,5,750,112,QUAI DE LA RAPEE,,,Plein jour,En agglomération,Hors intersection,Pluie légère,Autre collision,,,,,,,,,,,1,2,1,2.0,6
201400054285,0014-10-05 21:00:00,14,10,5,21,0,750,112,"190, AVENUE DAUMESNIL",,,Nuit avec éclairage allumé,En agglomération,Intersection en T,Normale,Deux véhicules - côté,,,,,,,,,,,5,2,3,1.0,3
201400054286,0014-10-06 19:50:00,14,10,6,19,50,750,112,"51, AVENUE DAUMESNIL",,,Nuit avec éclairage allumé,En agglomération,Hors intersection,Pluie légère,Autre collision,,,,,,,,,,,5,2,1,2.0,6
201400054287,0014-10-06 20:00:00,14,10,6,20,0,750,112,"102, AVENUE DE SAINT MAN",,,Nuit avec éclairage allumé,En agglomération,Intersection en T,Pluie légère,Autre collision,,,,,,,,,,,5,2,3,2.0,6
201400054288,0014-10-07 08:30:00,14,10,7,8,30,750,112,"54, BOULEVARD DE PICPUS",,,Plein jour,En agglomération,Intersection en T,Normale,Sans collision,,,,,,,,,,,1,2,3,1.0,7
201400054289,0014-10-07 18:00:00,14,10,7,18,0,750,111,AVENUE PHILIPPE AUGUSTE,,,Crépuscule ou aube,En agglomération,Intersection en X,Pluie légère,Deux véhicules - côté,,,,,,,,,,,2,2,2,2.0,3
201400054290,0014-10-08 07:50:00,14,10,8,7,50,750,112,"13, AVENUE DAUMESNIL",,,Crépuscule ou aube,En agglomération,Intersection en X,Pluie forte,Deux véhicules - arrière,,,,,,,,,,,2,2,2,3.0,2
201400054291,0014-10-07 15:15:00,14,10,7,15,15,750,112,AVENUE DU TREMBLAY,,,Plein jour,En agglomération,Intersection en X,Temps couvert,Autre collision,,,,,,,,,,,1,2,2,8.0,6
201400054292,0014-10-08 16:30:00,14,10,8,16,30,750,112,"1, RUE ABEL",,,Plein jour,En agglomération,Intersection à plus de 4 branches,Normale,Autre collision,,,,,,,,,,,1,2,5,1.0,6
201400054293,0014-10-08 20:30:00,14,10,8,20,30,750,112,"8, COURS DE VINCENNES",,,Nuit avec éclairage allumé,En agglomération,Intersection en X,Vent fort / tempête,Autre collision,,,,,,,,,,,5,2,2,6.0,6
201400054294,0014-10-09 00:15:00,14,10,9,0,15,750,112,"31, AVENUE DAUMESNIL",,,Nuit avec éclairage allumé,En agglomération,Hors intersection,Pluie légère,Deux véhicules - arrière,,,,,,,,,,,5,2,1,2.0,2
201400054295,0014-10-09 11:30:00,14,10,9,11,30,750,112,"14, AVENUE DE LA PORTE D",,,Plein jour,En agglomération,Hors intersection,Normale,Deux véhicules - arrière,,,,,,,,,,,1,2,1,1.0,2
201400054296,0014-10-10 06:50:00,14,10,10,6,50,750,112,"129, AVENUE DAUMESNIL",,,Nuit avec éclairage allumé,En agglomération,Intersection en X,Normale,Autre collision,,,,,,,,,,,5,2,2,1.0,6
201400054297,0014-10-10 10:00:00,14,10,10,10,0,750,112,"8, RUE CHALIGNY",,,Plein jour,En agglomération,Hors intersection,Normale,Deux véhicules - arrière,,,,,,,,,,,1,2,1,1.0,2
201400054298,0014-10-10 16:50:00,14,10,10,16,50,750,112,"107, RUE DE REUILLY",,,Plein jour,En agglomération,Hors intersection,Normale,Autre collision,,,,,,,,,,,1,2,1,1.0,6
201400054299,0014-10-11 03:20:00,14,10,11,3,20,750,112,"115, BOULEVARD PONIATOWS",,,Nuit avec éclairage allumé,En agglomération,Hors intersection,Normale,Deux véhicules - côté,,,,,,,,,,,5,2,1,1.0,3
201400054300,0014-10-11 11:00:00,14,10,11,11,0,750,112,ROUTE ROYALE DE BEAUTE,,,Plein jour,En agglomération,Intersection en X,Normale,Sans collision,,,,,,,,,,,1,2,2,1.0,7
201400054301,0014-10-11 18:35:00,14,10,11,18,35,750,112,RUE ERNEST LAVISSE,,,Plein jour,En agglomération,Hors intersection,Normale,Autre collision,,,,,,,,,,,1,2,1,1.0,6
201400054302,0014-10-12 05:30:00,14,10,12,5,30,750,112,AVENUE DE NOGENT,,,Nuit avec éclairage allumé,En agglomération,Hors intersection,Normale,Autre collision,,,,,,,,,,,5,2,1,1.0,6
201400054303,0014-10-12 06:15:00,14,10,12,6,15,750,112,QUAI DE BERCY,,,Nuit avec éclairage allumé,En agglomération,Hors intersection,Normale,Autre collision,,,,,,,,,,,5,2,1,1.0,6
201400054304,0014-10-13 20:15:00,14,10,13,20,15,750,112,"102, BOULEVARD DE LA GUY",,,Nuit avec éclairage allumé,En agglomération,Hors intersection,Normale,Autre collision,,,,,,,,,,,5,2,1,1.0,6
201400054305,0014-10-15 18:30:00,14,10,15,18,30,750,112,"02, RUE DES COLONNES DU",,,Crépuscule ou aube,En agglomération,Intersection en X,Normale,Deux véhicules - arrière,,,,,,,,,,,2,2,2,1.0,2
201400054306,0014-10-16 08:35:00,14,10,16,8,35,750,112,"102, RUE DE REUILLY",,,Plein jour,En agglomération,Hors intersection,Pluie légère,Sans collision,,,,,,,,,,,1,2,1,2.0,7
201400054307,0014-10-16 07:45:00,14,10,16,7,45,750,112,AVENUE DE NOGENT,,,Crépuscule ou aube,En agglomération,Intersection en X,Normale,Deux véhicules - frontale,,,,,,,,,,,2,2,2,1.0,1
201400054308,0014-10-16 14:40:00,14,10,16,14,40,750,112,"127, RUE DU FAUBOURG SAI",,,Plein jour,En agglomération,Intersection en T,Normale,Autre collision,,,,,,,,,,,1,2,3,1.0,6
201400054309,0014-10-17 19:00:00,14,10,17,19,0,750,112,QUAI DE BERCY,,,Nuit avec éclairage allumé,En agglomération,Hors intersection,Normale,Deux véhicules - arrière,,,,,,,,,,,5,2,1,1.0,2
201400054310,0014-10-17 22:35:00,14,10,17,22,35,750,112,"71, RUE DE LYON",,,Nuit avec éclairage allumé,En agglomération,Hors intersection,Normale,Deux véhicules - arrière,,,,,,,,,,,5,2,1,1.0,2
201400054311,0014-10-18 02:40:00,14,10,18,2,40,750,112,"/, PONT D AUSTERLITZ",,,Nuit avec éclairage allumé,En agglomération,Hors intersection,Normale,Autre collision,,,,,,,,,,,5,2,1,1.0,6
201400054312,0014-10-18 14:45:00,14,10,18,14,45,750,112,AVENUE DE LA PORTE DE VI,,,Plein jour,En agglomération,Intersection en Y,Normale,Deux véhicules - côté,,,,,,,,,,,1,2,4,1.0,3
201400054313,0014-10-18 19:00:00,14,10,18,19,0,750,112,"40, COURS DE VINCENNES",,,Nuit avec éclairage allumé,En agglomération,Hors intersection,Normale,Autre collision,,,,,,,,,,,5,2,1,1.0,6
201400054314,0014-10-21 21:00:00,14,10,21,21,0,750,112,"40, BOULEVARD DE BERCY",,,Nuit avec éclairage allumé,En agglomération,Hors intersection,Normale,Autre collision,,,,,,,,,,,5,2,1,1.0,6
201400054315,0014-10-23 15:25:00,14,10,23,15,25,750,112,PLACE DE LA BASTILLE,,,Plein jour,En agglomération,Place,Normale,Deux véhicules - côté,,,,,,,,,,,1,2,7,1.0,3
201400054316,0014-10-23 19:00:00,14,10,23,19,0,750,112,BOULEVARD PONIATOWSKI,,,Nuit avec éclairage allumé,En agglomération,Hors intersection,Normale,Deux véhicules - côté,,,,,,,,,,,5,2,1,1.0,3
201400054317,0014-10-24 08:05:00,14,10,24,8,5,750,112,"67, AVENUE DAUMESNIL",,,Plein jour,En agglomération,Intersection en X,Normale,Autre collision,,,,,,,,,,,1,2,2,1.0,6
201400054318,0014-10-24 09:00:00,14,10,24,9,0,750,112,"45, BOULEVARD DE PICPUS",,,Plein jour,En agglomération,Hors intersection,Normale,Deux véhicules - côté,,,,,,,,,,,1,2,1,1.0,3
201400054319,0014-10-24 17:40:00,14,10,24,17,40,750,112,QUAI DE LA RAPEE,,,Plein jour,En agglomération,Hors intersection,Pluie légère,Deux véhicules - côté,,,,,,,,,,,1,2,1,2.0,3
201400054320,0014-10-24 21:45:00,14,10,24,21,45,750,112,RUE MONTGALLET,,,Nuit avec éclairage allumé,En agglomération,Intersection en X,Normale,Trois véhicules et plus - collisions multiples,,,,,,,,,,,5,2,2,1.0,5
201400054321,0014-10-25 19:45:00,14,10,25,19,45,750,112,ROUTE DE LA PYRAMIDE,,,Nuit avec éclairage allumé,En agglomération,Hors intersection,Normale,Autre collision,,,,,,,,,,,5,2,1,1.0,6
201400054322,0014-10-26 20:05:00,14,10,26,20,5,750,112,"16, AVENUE DAUMESNIL",,,Nuit avec éclairage allumé,En agglomération,Intersection en X,Normale,Sans collision,,,,,,,,,,,5,2,2,1.0,7
201400054323,0014-10-27 09:15:00,14,10,27,9,15,750,112,"131, BOULEVARD DIDEROT",,,Plein jour,En agglomération,Intersection en X,Normale,Deux véhicules - côté,,,,,,,,,,,1,2,2,1.0,3
201400054324,0014-10-27 18:30:00,14,10,27,18,30,750,112,"237, RUE DE CHARENTON",,,Nuit avec éclairage allumé,En agglomération,Intersection en X,Normale,Deux véhicules - côté,,,,,,,,,,,5,2,2,1.0,3
201400054325,0014-10-28 16:35:00,14,10,28,16,35,750,112,"23, AVENUE DU GENERAL MI",,,Plein jour,En agglomération,Intersection en T,Normale,Autre collision,,,,,,,,,,,1,2,3,1.0,6
201400054326,0014-10-28 16:20:00,14,10,28,16,20,750,112,QUAI DE LA RAPEE,,,Plein jour,En agglomération,Hors intersection,Normale,Trois véhicules et plus - en chaîne,,,,,,,,,,,1,2,1,1.0,4
201400054327,0014-10-28 18:15:00,14,10,28,18,15,750,112,"58, AVENUE DAUMESNIL",,,Nuit avec éclairage allumé,En agglomération,Intersection en T,Normale,Autre collision,,,,,,,,,,,5,2,3,1.0,6
201400054328,0014-10-29 12:35:00,14,10,29,12,35,750,112,"170, BOULEVARD DIDEROT",,,Plein jour,En agglomération,Intersection en X,Normale,Deux véhicules - arrière,,,,,,,,,,,1,2,2,1.0,2
201400054329,0014-10-29 20:20:00,14,10,29,20,20,750,112,"145, RUE DE BERCY",,,Nuit avec éclairage allumé,En agglomération,Hors intersection,Normale,Autre collision,,,,,,,,,,,5,2,1,1.0,6
201400054330,0014-10-31 11:00:00,14,10,31,11,0,750,112,"54, QUAI DE LA RAPEE",,,Plein jour,En agglomération,Hors intersection,Normale,Deux véhicules - côté,,,,,,,,,,,1,2,1,1.0,3
201400054331,0014-10-31 12:10:00,14,10,31,12,10,750,112,"2, PLACE EDOUARD RENARD",,,Plein jour,En agglomération,Hors intersection,Normale,Autre collision,,,,,,,,,,,1,2,1,1.0,6
201400054332,0014-10-31 16:35:00,14,10,31,16,35,750,112,"21, RUE MONTERA",,,Plein jour,En agglomération,Intersection en X,Normale,Autre collision,,,,,,,,,,,1,2,2,1.0,6
201400054333,0014-10-31 20:30:00,14,10,31,20,30,750,112,"296, RUE DE CHARENTON",,,Nuit avec éclairage allumé,En agglomération,Intersection en X,Normale,Deux véhicules - arrière,,,,,,,,,,,5,2,2,1.0,2
201400054334,0014-11-02 12:45:00,14,11,2,12,45,750,112,AVENUE DE NOGENT,,,Plein jour,En agglomération,Hors intersection,Normale,Autre collision,,,,,,,,,,,1,2,1,1.0,6
201400054335,0014-11-02 22:33:00,14,11,2,22,33,750,112,BOULEVARD PONIATOWSKI,,,Nuit avec éclairage allumé,En agglomération,Intersection à plus de 4 branches,Pluie légère,Autre collision,,,,,,,,,,,5,2,5,2.0,6
201400054336,0014-11-03 18:45:00,14,11,3,18,45,750,112,"21, BOULEVARD DIDEROT",,,Nuit avec éclairage allumé,En agglomération,Hors intersection,Pluie forte,Autre collision,,,,,,,,,,,5,2,1,3.0,6
201400054337,0014-11-03 20:30:00,14,11,3,20,30,750,112,"131, BOULEVARD DIDEROT",,,Nuit avec éclairage allumé,En agglomération,Intersection en X,Pluie légère,Autre collision,,,,,,,,,,,5,2,2,2.0,6
201400054338,0014-11-04 14:20:00,14,11,4,14,20,750,112,"103, BOULEVARD SOULT",,,Plein jour,En agglomération,Hors intersection,Normale,Autre collision,,,,,,,,,,,1,2,1,1.0,6
201400054339,0014-11-06 14:40:00,14,11,6,14,40,750,112,"257, AVENUE DAUMESNIL",,,Plein jour,En agglomération,Intersection en T,Normale,Deux véhicules - côté,,,,,,,,,,,1,2,3,1.0,3
201400054340,0014-11-07 06:40:00,14,11,7,6,40,750,112,"31, RUE BARON LE ROY",,,Nuit avec éclairage allumé,En agglomération,Intersection en T,Pluie légère,Autre collision,,,,,,,,,,,5,2,3,2.0,6
201400054341,0014-11-07 07:00:00,14,11,7,7,0,750,112,"130, AVENUE DAUMESNIL",,,Nuit avec éclairage allumé,En agglomération,Intersection en X,Pluie forte,Autre collision,,,,,,,,,,,5,2,2,3.0,6
201400054342,0014-11-08 17:15:00,14,11,8,17,15,750,112,"6, RUE ABEL",,,Nuit avec éclairage allumé,En agglomération,Hors intersection,Normale,Trois véhicules et plus - collisions multiples,,,,,,,,,,,5,2,1,1.0,5
201400054343,0014-11-08 21:15:00,14,11,8,21,15,750,112,"30, AVENUE DAUMESNIL",,,Nuit sans éclairage public,En agglomération,Intersection en X,Normale,Deux véhicules - arrière,,,,,,,,,,,3,2,2,1.0,2
201400054344,0014-10-30 04:25:00,14,10,30,4,25,750,112,ESPLANADE SAINT LOUIS,,,Nuit avec éclairage allumé,En agglomération,Place,Normale,Sans collision,,,,,,,,,,,5,2,7,1.0,7
201400054345,0014-11-13 09:20:00,14,11,13,9,20,750,112,COURS DE VINCENNES,,,Plein jour,En agglomération,Giratoire,Normale,Deux véhicules - côté,,,,,,,,,,,1,2,6,1.0,3
201400054346,0014-11-14 08:50:00,14,11,14,8,50,750,112,"9, PLACE FELIX EBOUE",,,Plein jour,En agglomération,Hors intersection,Normale,Autre collision,,,,,,,,,,,1,2,1,1.0,6
201400054347,0014-11-14 14:10:00,14,11,14,14,10,750,112,AVENUE DU TREMBLAY,,,Plein jour,En agglomération,Intersection à plus de 4 branches,Pluie légère,Deux véhicules - arrière,,,,,,,,,,,1,2,5,2.0,2
201400054348,0014-11-15 09:20:00,14,11,15,9,20,750,112,"12 bis, RUE DE PICPUS",,,Plein jour,En agglomération,Intersection en X,Pluie légère,Deux véhicules - côté,,,,,,,,,,,1,2,2,2.0,3
201400054349,0014-11-15 14:16:00,14,11,15,14,16,750,112,"17, RUE DE COTTE",,,Plein jour,En agglomération,Intersection en X,Normale,Autre collision,,,,,,,,,,,1,2,2,1.0,6
201400054350,0014-11-15 18:00:00,14,11,15,18,0,750,112,AVENUE DU TREMBLAY,,,Nuit avec éclairage allumé,En agglomération,Hors intersection,Normale,Autre collision,,,,,,,,,,,5,2,1,1.0,6
201400054351,0014-11-16 12:00:00,14,11,16,12,0,750,112,"76, AVENUE DE SAINT MAUR",,,Plein jour,En agglomération,Hors intersection,Temps couvert,Deux véhicules - frontale,,,,,,,,,,,1,2,1,8.0,1
201400054352,0014-11-17 18:20:00,14,11,17,18,20,750,112,"60, BOULEVARD DE BERCY",,,Nuit avec éclairage allumé,En agglomération,Intersection en X,Pluie forte,Autre collision,,,,,,,,,,,5,2,2,3.0,6
201400054353,0014-11-17 19:00:00,14,11,17,19,0,750,112,RUE DU FAUBOURG SAINT AN,,,Nuit avec éclairage non allumé,En agglomération,Place,Pluie légère,Deux véhicules - côté,,,,,,,,,,,4,2,7,2.0,3
201400054354,0014-11-18 17:05:00,14,11,18,17,5,750,112,"94, RUE DU FAUBOURG SAIN",,,Nuit avec éclairage allumé,En agglomération,Intersection en T,Pluie légère,Autre collision,,,,,,,,,,,5,2,3,2.0,6
201400054355,0014-11-18 18:05:00,14,11,18,18,5,750,112,"273, AVENUE DAUMESNIL",,,Nuit avec éclairage allumé,En agglomération,Intersection en X,Pluie légère,Deux véhicules - côté,,,,,,,,,,,5,2,2,2.0,3
201400054356,0014-11-20 00:45:00,14,11,20,0,45,750,112,"30, RUE DU FAUBOURG SAIN",,,Nuit avec éclairage non allumé,En agglomération,Hors intersection,Normale,Autre collision,,,,,,,,,,,4,2,1,1.0,6
201400054357,0014-11-20 10:00:00,14,11,20,10,0,750,112,AVENUE DE SAINT MAURICE,,,Plein jour,En agglomération,Intersection en Y,Normale,Trois véhicules et plus - en chaîne,,,,,,,,,,,1,2,4,1.0,4
201400054358,0014-11-22 17:30:00,14,11,22,17,30,750,112,"0, AVENUE DE NOGENT   VI",,,Nuit avec éclairage allumé,En agglomération,Intersection en X,Normale,Deux véhicules - côté,,,,,,,,,,,5,2,2,1.0,3
201400054359,0014-11-23 22:10:00,14,11,23,22,10,750,112,"10, BOULEVARD DIDEROT",,,Nuit avec éclairage allumé,En agglomération,Intersection en X,Pluie légère,Deux véhicules - frontale,,,,,,,,,,,5,2,2,2.0,1
201400054360,0014-11-25 08:05:00,14,11,25,8,5,750,112,"20, RUE DE REUILLY",,,Plein jour,En agglomération,Hors intersection,Normale,Deux véhicules - arrière,,,,,,,,,,,1,2,1,1.0,2
201400054361,0014-11-25 21:25:00,14,11,25,21,25,750,112,"2, AVENUE DE CORBERA",,,Nuit avec éclairage allumé,En agglomération,Intersection en X,Normale,Deux véhicules - arrière,,,,,,,,,,,5,2,2,1.0,2
201400054362,0014-11-26 08:20:00,14,11,26,8,20,750,112,QUAI DE BERCY,,,Plein jour,En agglomération,Hors intersection,Pluie légère,Sans collision,,,,,,,,,,,1,2,1,2.0,7
201400054363,0014-11-27 07:20:00,14,11,27,7,20,750,112,"52, AVENUE LEDRU ROLLIN",,,Crépuscule ou aube,En agglomération,Intersection en X,Pluie légère,Deux véhicules - côté,,,,,,,,,,,2,2,2,2.0,3
201400054364,0014-11-27 09:30:00,14,11,27,9,30,750,112,"32, BOULEVARD DIDEROT",,,Plein jour,En agglomération,Hors intersection,Pluie légère,Deux véhicules - côté,,,,,,,,,,,1,2,1,2.0,3
201400054365,0014-11-27 17:15:00,14,11,27,17,15,750,112,ESPLANADE SAINT LOUIS,,,Nuit avec éclairage allumé,En agglomération,Place,Normale,Deux véhicules - côté,,,,,,,,,,,5,2,7,1.0,3
201400054366,0014-11-27 18:55:00,14,11,27,18,55,750,112,RUE DE REUILLY,,,Nuit avec éclairage allumé,En agglomération,Hors intersection,Normale,Autre collision,,,,,,,,,,,5,2,1,1.0,6
201400054367,0014-11-30 07:00:00,14,11,30,7,0,750,112,"78, RUE DE REUILLY",,,Crépuscule ou aube,En agglomération,Intersection en T,Normale,Autre collision,,,,,,,,,,,2,2,3,1.0,6
201400054368,0014-12-01 16:40:00,14,12,1,16,40,750,112,"94, AVENUE DU GENERAL MI",,,Nuit avec éclairage allumé,En agglomération,Intersection en Y,Normale,Autre collision,,,,,,,,,,,5,2,4,1.0,6
201400054369,0014-12-01 18:35:00,14,12,1,18,35,750,112,"246, RUE DU FAUBOURG SAI",,,Nuit avec éclairage allumé,En agglomération,Intersection en X,Pluie légère,Deux véhicules - côté,,,,,,,,,,,5,2,2,2.0,3
201400054370,0014-12-01 19:10:00,14,12,1,19,10,750,112,QUAI DE BERCY,,,Nuit avec éclairage allumé,En agglomération,Hors intersection,Pluie légère,Deux véhicules - arrière,,,,,,,,,,,5,2,1,2.0,2
201400054371,0014-12-01 19:05:00,14,12,1,19,5,750,111,"88, AVENUE LEDRU ROLLIN",,,Nuit avec éclairage allumé,En agglomération,Hors intersection,Normale,Autre collision,,,,,,,,,,,5,2,1,1.0,6
201400054372,0014-12-02 09:15:00,14,12,2,9,15,750,112,"128, QUAI DE BERCY",,,Plein jour,En agglomération,Intersection en T,Temps couvert,Autre collision,,,,,,,,,,,1,2,3,8.0,6
201400054373,0014-12-03 07:10:00,14,12,3,7,10,750,112,"197, AVENUE DAUMESNIL",,,Nuit avec éclairage allumé,En agglomération,Place,Pluie légère,Autre collision,,,,,,,,,,,5,2,7,2.0,6
201400054374,0014-12-03 10:50:00,14,12,3,10,50,750,112,"30, BOULEVARD DIDEROT",,,Plein jour,En agglomération,Intersection en X,Normale,Autre collision,,,,,,,,,,,1,2,2,1.0,6
201400054375,0014-12-05 10:00:00,14,12,5,10,0,750,112,AVENUE DE NOGENT,,,Plein jour,En agglomération,Hors intersection,Normale,Deux véhicules - côté,,,,,,,,,,,1,2,1,1.0,3
201400054376,0014-12-05 17:30:00,14,12,5,17,30,750,112,"246, AVENUE DAUMESNIL",,,Nuit avec éclairage allumé,En agglomération,Intersection à plus de 4 branches,Normale,Autre collision,,,,,,,,,,,5,2,5,1.0,6
201400054377,0014-12-05 21:00:00,14,12,5,21,0,750,112,ROUTE DE LA TOURELLE,,,Nuit avec éclairage allumé,En agglomération,Intersection en T,Pluie légère,Deux véhicules - côté,,,,,,,,,,,5,2,3,2.0,3
201400054378,0014-12-06 12:00:00,14,12,6,12,0,750,112,"17, BOULEVARD DIDEROT",,,Plein jour,En agglomération,Hors intersection,Normale,Autre collision,,,,,,,,,,,1,2,1,1.0,6
201400054379,0014-12-05 21:05:00,14,12,5,21,5,750,112,"65, RUE DE LYON",,,Crépuscule ou aube,En agglomération,Hors intersection,Normale,Deux véhicules - arrière,,,,,,,,,,,2,2,1,1.0,2
201400054380,0014-12-06 18:40:00,14,12,6,18,40,750,112,AVENUE DE LA PORTE DE CH,,,Nuit avec éclairage allumé,En agglomération,Intersection en X,Normale,Trois véhicules et plus - collisions multiples,,,,,,,,,,,5,2,2,1.0,5
201400054381,0014-12-06 16:17:00,14,12,6,16,17,750,112,"210, RUE DE BERCY",,,Plein jour,En agglomération,Intersection à plus de 4 branches,Normale,Autre collision,,,,,,,,,,,1,2,5,1.0,6
201400054382,0014-12-07 14:45:00,14,12,7,14,45,750,112,"60, BOULEVARD DE BERCY",,,Plein jour,En agglomération,Intersection en X,Pluie légère,Autre collision,,,,,,,,,,,1,2,2,2.0,6
201400054383,0014-12-08 09:30:00,14,12,8,9,30,750,111,PLACE DE LA BASTILLE,,,Plein jour,En agglomération,Place,Temps couvert,Deux véhicules - côté,,,,,,,,,,,1,2,7,8.0,3
201400054384,0014-12-07 21:40:00,14,12,7,21,40,750,112,RUE DE CHARENTON,,,Nuit avec éclairage allumé,En agglomération,Intersection à plus de 4 branches,Pluie légère,Deux véhicules - côté,,,,,,,,,,,5,2,5,2.0,3
201400054385,0014-12-09 08:15:00,14,12,9,8,15,750,112,"42, ALLEE VIVALDI",,,Plein jour,En agglomération,Intersection en T,Normale,Deux véhicules - côté,,,,,,,,,,,1,2,3,1.0,3
201400054386,0014-12-09 11:15:00,14,12,9,11,15,750,112,"13, AVENUE DAUMESNIL",,,Plein jour,En agglomération,Intersection en X,Temps couvert,Deux véhicules - arrière,,,,,,,,,,,1,2,2,8.0,2
201400054387,0014-12-12 08:50:00,14,12,12,8,50,750,112,"73, RUE DE LYON",,,Plein jour,En agglomération,Intersection en Y,Pluie légère,Autre collision,,,,,,,,,,,1,2,4,2.0,6
201400054388,0014-12-12 11:05:00,14,12,12,11,5,750,112,"104, RUE DU FAUBOURG SAI",,,Plein jour,En agglomération,Intersection en T,Normale,Deux véhicules - côté,,,,,,,,,,,1,2,3,1.0,3
201400054389,0014-12-12 18:40:00,14,12,12,18,40,750,112,"72, RUE DE REUILLY",,,Nuit avec éclairage allumé,En agglomération,Intersection en T,Pluie légère,Autre collision,,,,,,,,,,,5,2,3,2.0,6
201400054390,0014-12-12 20:05:00,14,12,12,20,5,750,112,"57, BOULEVARD DIDEROT",,,Nuit avec éclairage allumé,En agglomération,Hors intersection,Pluie forte,Sans collision,,,,,,,,,,,5,2,1,3.0,7
201400054391,0014-12-12 23:35:00,14,12,12,23,35,750,112,"20, BOULEVARD PONIATOWSK",,,Nuit avec éclairage allumé,En agglomération,Intersection à plus de 4 branches,Pluie forte,Autre collision,,,,,,,,,,,5,2,5,3.0,6
201400054392,0014-12-15 06:20:00,14,12,15,6,20,750,112,"130, RUE DE LYON",,,Nuit avec éclairage allumé,En agglomération,Intersection en Y,Pluie légère,Autre collision,,,,,,,,,,,5,2,4,2.0,6
201400054393,0014-12-15 19:30:00,14,12,15,19,30,750,112,"2, RUE DU RENDEZ VOUS",,,Nuit avec éclairage allumé,En agglomération,Intersection à plus de 4 branches,Pluie légère,Deux véhicules - côté,,,,,,,,,,,5,2,5,2.0,3
201400054394,0014-12-16 17:05:00,14,12,16,17,5,750,112,"47, AVENUE DU GENERAL MI",,,Nuit avec éclairage allumé,En agglomération,Intersection en Y,Normale,Autre collision,,,,,,,,,,,5,2,4,1.0,6
201400054395,0014-12-17 07:10:00,14,12,17,7,10,750,112,PLACE DE L ILE DE LA REU,,,Nuit avec éclairage allumé,En agglomération,Intersection en X,Pluie légère,Autre collision,,,,,,,,,,,5,2,2,2.0,6
201400054396,0014-12-17 16:05:00,14,12,17,16,5,750,112,"2180, RUE DU FAUBOURG SA",,,Crépuscule ou aube,En agglomération,Hors intersection,Pluie légère,Autre collision,,,,,,,,,,,2,2,1,2.0,6
201400054397,0014-12-19 08:40:00,14,12,19,8,40,750,112,AVENUE DAUMESNIL,,,Crépuscule ou aube,En agglomération,Hors intersection,Temps couvert,Autre collision,,,,,,,,,,,2,2,1,8.0,6
201400054398,0014-12-20 09:40:00,14,12,20,9,40,750,112,AVENUE DE NOGENT,,,Plein jour,En agglomération,Hors intersection,Normale,Deux véhicules - arrière,,,,,,,,,,,1,2,1,1.0,2
201400054399,0014-12-21 00:01:00,14,12,21,0,1,750,112,ROUTE DE LA PYRAMIDE,,,Nuit avec éclairage allumé,En agglomération,Hors intersection,Normale,Deux véhicules - arrière,,,,,,,,,,,5,2,1,1.0,2
201400054400,0014-12-21 14:15:00,14,12,21,14,15,750,112,"45, RUE DE LYON",,,Plein jour,En agglomération,Intersection en T,Temps couvert,Deux véhicules - côté,,,,,,,,,,,1,2,3,8.0,3
201400054401,0014-12-24 16:40:00,14,12,24,16,40,750,112,QUAI DE LA RAPEE,,,Nuit avec éclairage allumé,En agglomération,Intersection à plus de 4 branches,Pluie légère,Deux véhicules - côté,,,,,,,,,,,5,2,5,2.0,3
201400054402,0014-12-28 02:25:00,14,12,28,2,25,750,112,QUAI DE LA RAPEE,,,Nuit avec éclairage allumé,En agglomération,Hors intersection,Pluie légère,Autre collision,,,,,,,,,,,5,2,1,2.0,6
201400054403,0014-12-28 20:15:00,14,12,28,20,15,750,112,RUE JOSEPH KESSEL,,,Nuit avec éclairage allumé,En agglomération,Intersection en X,Normale,Deux véhicules - côté,,,,,,,,,,,5,2,2,1.0,3
201400054404,0014-12-31 12:40:00,14,12,31,12,40,750,112,PLACE FELIX EBOUE,,,Plein jour,En agglomération,Giratoire,Normale,Deux véhicules - côté,,,,,,,,,,,1,2,6,1.0,3
201400054405,0014-12-31 13:30:00,14,12,31,13,30,750,112,"13, AVENUE DU DOCTEUR AR",,,Plein jour,En agglomération,Hors intersection,Normale,Sans collision,,,,,,,,,,,1,2,1,1.0,7
201400054406,0014-01-02 19:50:00,14,1,2,19,50,750,113,"1, RUE EUGENE OUDINE",,,Nuit avec éclairage allumé,En agglomération,Intersection en T,Normale,Autre collision,,,,,,,,,,,5,2,3,1.0,6
201400054407,0014-01-02 05:55:00,14,1,2,5,55,750,113,AVENUE DE LA PORTE D IVR,,,Nuit avec éclairage allumé,En agglomération,Intersection en Y,Normale,Autre collision,,,,,,,,,,,5,2,4,1.0,6