accident_id,datetime,annee,mois,jour,heure,minute,departement,commune_insee,adresse,latitude,longitude,luminosite,agglomeration,intersection,meteo,collision,nb_vehicules,nb_usagers,nb_indemnes,nb_tues,nb_blesses_hosp,nb_blesses_legers,age_cond_1,age_cond_2,veh_type_cond_1,veh_type_cond_2,lum_code,agg_code,int_code,atm_code,col_code
201400054408,0014-01-03 13:15:00,14,1,3,13,15,750,113,"16, RUE BRILLAT SAVARIN",,,Plein jour,En agglomération,Intersection en Y,Normale,Autre collision,,,,,,,,,,,1,2,4,1.0,6
201400054409,0014-01-03 15:35:00,14,1,3,15,35,750,113,"12, AVENUE D IVRY",,,Plein jour,En agglomération,Hors intersection,Normale,Sans collision,,,,,,,,,,,1,2,1,1.0,7
201400054410,0014-01-07 18:05:00,14,1,7,18,5,750,113,"120, RUE DE TOLBIAC",,,Nuit avec éclairage allumé,En agglomération,Hors intersection,Temps couvert,Autre collision,,,,,,,,,,,5,2,1,8.0,6
201400054411,0014-01-07 18:20:00,14,1,7,18,20,750,113,"132, RUE DE TOLBIAC",,,Nuit avec éclairage allumé,En agglomération,Intersection en Y,Normale,Deux véhicules - côté,,,,,,,,,,,5,2,4,1.0,3
201400054412,0014-01-09 01:50:00,14,1,9,1,50,750,113,AVENUE DE LA PORTE DE CH,,,Nuit avec éclairage allumé,En agglomération,Hors intersection,Normale,Autre collision,,,,,,,,,,,5,2,1,1.0,6
201400054413,0014-01-11 10:50:00,14,1,11,10,50,750,113,"112, AVENUE D IVRY",,,Plein jour,En agglomération,Intersection à plus de 4 branches,Normale,Deux véhicules - côté,,,,,,,,,,,1,2,5,1.0,3
201400054414,0014-01-11 16:00:00,14,1,11,16,0,750,113,"213, BOULEVARD VINCENT A",,,Plein jour,En agglomération,Hors intersection,Normale,Deux véhicules - arrière,,,,,,,,,,,1,2,1,1.0,2
201400054415,0014-01-12 18:00:00,14,1,12,18,0,750,113,"81, BOULEVARD MASSENA",,,Nuit avec éclairage allumé,En agglomération,Hors intersection,Normale,Autre collision,,,,,,,,,,,5,2,1,1.0,6
201400054416,0014-01-13 11:45:00,14,1,13,11,45,750,113,"7, BOULEVARD DU GENERAL",,,Plein jour,En agglomération,Intersection en X,Normale,Autre collision,,,,,,,,,,,1,2,2,1.0,6
201400054417,0014-01-13 17:55:00,14,1,13,17,55,750,113,"24, AVENUE DES GOBELINS",,,Nuit avec éclairage allumé,En agglomération,Intersection en X,Normale,Autre collision,,,,,,,,,,,5,2,2,1.0,6
201400054418,0014-01-14 19:05:00,14,1,14,19,5,750,113,"96, BOULEVARD DE L HOPIT",,,Nuit avec éclairage allumé,En agglomération,Intersection en X,Normale,Autre collision,,,,,,,,,,,5,2,2,1.0,6
201400054419,0014-01-15 13:20:00,14,1,15,13,20,750,113,QUAI D AUSTERLITZ,,,Plein jour,En agglomération,Intersection à plus de 4 branches,Pluie légère,Autre collision,,,,,,,,,,,1,2,5,2.0,6
201400054420,0014-01-15 19:10:00,14,1,15,19,10,750,113,"48, BOULEVARD ARAGO",,,Nuit avec éclairage allumé,En agglomération,Intersection en X,Pluie forte,Deux véhicules - côté,,,,,,,,,,,5,2,2,3.0,3
201400054421,0014-01-15 19:44:00,14,1,15,19,44,750,113,"167, RUE DE TOLBIAC",,,Nuit avec éclairage allumé,En agglomération,Intersection en T,Pluie légère,Deux véhicules - côté,,,,,,,,,,,5,2,3,2.0,3
201400054422,0014-01-16 15:15:00,14,1,16,15,15,750,113,RUE NEUVE TOLBIAC,,,Plein jour,En agglomération,Intersection en X,Pluie légère,Deux véhicules - côté,,,,,,,,,,,1,2,2,2.0,3
201400054423,0014-01-19 14:50:00,14,1,19,14,50,750,113,"48, BOULEVARD ARAGO",,,Plein jour,En agglomération,Intersection en X,Normale,Deux véhicules - côté,,,,,,,,,,,1,2,2,1.0,3
201400054424,0014-01-19 20:50:00,14,1,19,20,50,750,113,"66, AVENUE DES GOBELINS",,,Nuit avec éclairage allumé,En agglomération,Intersection en T,Normale,Autre collision,,,,,,,,,,,5,2,3,1.0,6
201400054425,0014-01-20 23:00:00,14,1,20,23,0,750,113,"133, RUE DE LA SANTE",,,Nuit avec éclairage allumé,En agglomération,Hors intersection,Normale,Autre collision,,,,,,,,,,,5,2,1,1.0,6
201400054426,0014-01-22 13:45:00,14,1,22,13,45,750,113,"43, BOULEVARD SAINT MARC",,,Plein jour,En agglomération,Intersection à plus de 4 branches,Normale,Autre collision,,,,,,,,,,,1,2,5,1.0,6
201400054427,0014-01-22 14:55:00,14,1,22,14,55,750,113,RUE DU DOCTEUR BOURNEVIL,,,Plein jour,En agglomération,Intersection en T,Pluie légère,Deux véhicules - côté,,,,,,,,,,,1,2,3,2.0,3
201400054428,0014-01-23 09:55:00,14,1,23,9,55,750,113,"123, BOULEVARD MASSENA",,,Crépuscule ou aube,En agglomération,Intersection en X,Normale,Sans collision,,,,,,,,,,,2,2,2,1.0,7
201400054429,0014-01-24 13:45:00,14,1,24,13,45,750,113,"26, RUE PINEL",,,Plein jour,En agglomération,Hors intersection,Normale,Deux véhicules - côté,,,,,,,,,,,1,2,1,1.0,3
201400054430,0014-01-24 20:50:00,14,1,24,20,50,750,113,"83, BOULEVARD DE L HOPIT",,,Nuit avec éclairage allumé,En agglomération,Intersection en Y,Normale,Deux véhicules - côté,,,,,,,,,,,5,2,4,1.0,3
201400054431,0014-01-25 04:33:00,14,1,25,4,33,750,113,"55, AVENUE D ITALIE",,,Nuit avec éclairage allumé,En agglomération,Intersection en X,Pluie forte,Autre collision,,,,,,,,,,,5,2,2,3.0,6
201400054432,0014-01-25 13:25:00,14,1,25,13,25,750,113,"129bis, AVENUE DE CHOISY",,,Plein jour,En agglomération,Hors intersection,Temps couvert,Autre collision,,,,,,,,,,,1,2,1,8.0,6
201400054433,0014-01-26 15:40:00,14,1,26,15,40,750,113,"49, AVENUE DES GOBELINS",,,Plein jour,En agglomération,Intersection en X,Pluie forte,Autre collision,,,,,,,,,,,1,2,2,3.0,6
201400054434,0014-01-27 08:45:00,14,1,27,8,45,750,113,BOULEVARD PERIPHERIQUE,,,Plein jour,En agglomération,Place,Normale,Autre collision,,,,,,,,,,,1,2,7,1.0,6
201400054435,0014-01-28 06:55:00,14,1,28,6,55,750,113,"23, AVENUE DE LA PORTE D",,,Nuit avec éclairage allumé,En agglomération,Hors intersection,Normale,Deux véhicules - côté,,,,,,,,,,,5,2,1,1.0,3
201400054436,0014-01-31 18:20:00,14,1,31,18,20,750,113,"213, RUE DE TOLBIAC",,,Nuit avec éclairage allumé,En agglomération,Intersection en X,Normale,Autre collision,,,,,,,,,,,5,2,2,1.0,6
201400054437,0014-02-01 16:55:00,14,2,1,16,55,750,113,"53, AVENUE DES GOBELINS",,,Plein jour,En agglomération,Intersection en T,Normale,Sans collision,,,,,,,,,,,1,2,3,1.0,7
201400054438,0014-02-02 02:20:00,14,2,2,2,20,750,113,"29, AVENUE D ITALIE",,,Nuit avec éclairage allumé,En agglomération,Hors intersection,Normale,Autre collision,,,,,,,,,,,5,2,1,1.0,6
201400054439,0014-02-03 08:50:00,14,2,3,8,50,750,113,"72, BOULEVARD AUGUSTE BL",,,Plein jour,En agglomération,Intersection en X,Normale,Deux véhicules - côté,,,,,,,,,,,1,2,2,1.0,3
201400054440,0014-02-04 07:05:00,14,2,4,7,5,750,113,"110, AVENUE D ITALIE",,,Nuit avec éclairage allumé,En agglomération,Intersection en T,Normale,Autre collision,,,,,,,,,,,5,2,3,1.0,6
201400054441,0014-02-04 19:00:00,14,2,4,19,0,750,113,"18, RUE DE LA GLACIERE",,,Nuit avec éclairage allumé,En agglomération,Intersection en T,Normale,Autre collision,,,,,,,,,,,5,2,3,1.0,6
201400054442,0014-02-05 16:30:00,14,2,5,16,30,750,113,AVENUE D ITALIE,,,Plein jour,En agglomération,Intersection en X,Normale,Deux véhicules - arrière,,,,,,,,,,,1,2,2,1.0,2
201400054443,0014-02-08 12:30:00,14,2,8,12,30,750,113,"5, BOULEVARD DE L HOPITA",,,Plein jour,En agglomération,Intersection en T,Normale,Autre collision,,,,,,,,,,,1,2,3,1.0,6
201400054444,0014-02-08 15:25:00,14,2,8,15,25,750,113,"12, RUE NEUVE TOLBIAC",,,Plein jour,En agglomération,Intersection en T,Normale,Deux véhicules - côté,,,,,,,,,,,1,2,3,1.0,3
201400054445,0014-02-11 22:30:00,14,2,11,22,30,750,113,QUAI D AUSTERLITZ,,,Nuit avec éclairage allumé,En agglomération,Intersection en X,Autre,Deux véhicules - frontale,,,,,,,,,,,5,2,2,9.0,1
201400054446,0014-02-13 09:00:00,14,2,13,9,0,750,113,"91, BOULEVARD DE L HOPIT",,,Plein jour,En agglomération,Hors intersection,Temps couvert,Trois véhicules et plus - en chaîne,,,,,,,,,,,1,2,1,8.0,4
201400054447,0014-02-14 10:15:00,14,2,14,10,15,750,113,"72, BOULEVARD VINCENT AU",,,Plein jour,En agglomération,Hors intersection,Pluie légère,Deux véhicules - côté,,,,,,,,,,,1,2,1,2.0,3
201400054448,0014-02-14 19:05:00,14,2,14,19,5,750,113,"2, RUE JEAN ANTOINE DE B",,,Nuit avec éclairage allumé,En agglomération,Intersection en T,Temps couvert,Deux véhicules - côté,,,,,,,,,,,5,2,3,8.0,3
201400054449,0014-02-16 00:05:00,14,2,16,0,5,750,113,"4, AVENUE DE LA PORTE DE",,,Nuit avec éclairage allumé,En agglomération,Intersection en X,Normale,Deux véhicules - côté,,,,,,,,,,,5,2,2,1.0,3
201400054450,0014-02-18 08:25:00,14,2,18,8,25,750,113,"16, RUE DE LA GLACIERE",,,Plein jour,En agglomération,Hors intersection,Normale,Autre collision,,,,,,,,,,,1,2,1,1.0,6
201400054451,0014-02-20 21:10:00,14,2,20,21,10,750,113,"17, BOULEVARD VINCENT AU",,,Nuit avec éclairage allumé,En agglomération,Hors intersection,Normale,Autre collision,,,,,,,,,,,5,2,1,1.0,6
201400054452,0014-02-22 20:30:00,14,2,22,20,30,750,113,"117, BOULEVARD DE L HOPI",,,Nuit avec éclairage allumé,En agglomération,Intersection en Y,Normale,Deux véhicules - côté,,,,,,,,,,,5,2,4,1.0,3
201400054453,0014-02-23 15:50:00,14,2,23,15,50,750,113,"18, RUE BRILLAT SAVARIN",,,Plein jour,En agglomération,Intersection en Y,Normale,Sans collision,,,,,,,,,,,1,2,4,1.0,7
201400054454,0014-02-23 16:25:00,14,2,23,16,25,750,113,"104, AVENUE D ITALIE",,,Plein jour,En agglomération,Intersection en Y,Normale,Autre collision,,,,,,,,,,,1,2,4,1.0,6
201400054455,0014-02-25 09:00:00,14,2,25,9,0,750,113,"55, QUAI D AUSTERLITZ",,,Plein jour,En agglomération,Hors intersection,Pluie légère,Trois véhicules et plus - collisions multiples,,,,,,,,,,,1,2,1,2.0,5
201400054456,0014-02-26 13:30:00,14,2,26,13,30,750,113,"105, RUE DE TOLBIAC",,,Plein jour,En agglomération,Hors intersection,Normale,Autre collision,,,,,,,,,,,1,2,1,1.0,6
201400054457,0014-02-26 20:20:00,14,2,26,20,20,750,113,"43-45, RUE ESQUIROL",,,Nuit avec éclairage allumé,En agglomération,Intersection à plus de 4 branches,Normale,Autre collision,,,,,,,,,,,5,2,5,1.0,6
201400054458,0014-02-27 00:10:00,14,2,27,0,10,750,113,"5, AVENUE D ITALIE",,,Nuit sans éclairage public,En agglomération,Hors intersection,Normale,Autre collision,,,,,,,,,,,3,2,1,1.0,6
201400054459,0014-02-27 21:55:00,14,2,27,21,55,750,113,"20, AVENUE D ITALIE",,,Nuit avec éclairage allumé,En agglomération,Hors intersection,Pluie légère,Trois véhicules et plus - collisions multiples,,,,,,,,,,,5,2,1,2.0,5
201400054460,0014-02-28 14:45:00,14,2,28,14,45,750,113,"5, BOULEVARD DE L HOPITA",,,Plein jour,En agglomération,Hors intersection,Normale,Autre collision,,,,,,,,,,,1,2,1,1.0,6
201400054461,0014-03-03 08:20:00,14,3,3,8,20,750,113,"83, BOULEVARD DE L HOPIT",,,Plein jour,En agglomération,Hors intersection,Normale,Deux véhicules - arrière,,,,,,,,,,,1,2,1,1.0,2
201400054462,0014-03-03 16:40:00,14,3,3,16,40,750,113,"22, AVENUE PIERRE MENDES",,,Plein jour,En agglomération,Hors intersection,Temps couvert,Deux véhicules - côté,,,,,,,,,,,1,2,1,8.0,3
201400054463,0014-03-05 20:25:00,14,3,5,20,25,750,113,"26, AVENUE D ITALIE",,,Nuit avec éclairage allumé,En agglomération,Hors intersection,Normale,Deux véhicules - côté,,,,,,,,,,,5,2,1,1.0,3
201400054464,0014-03-06 14:40:00,14,3,6,14,40,750,113,"45, RUE BOUSSINGAULT",,,Plein jour,En agglomération,Hors intersection,Normale,Deux véhicules - côté,,,,,,,,,,,1,2,1,1.0,3
201400054465,0014-03-08 17:55:00,14,3,8,17,55,750,113,"2, AVENUE DE LA PORTE D",,,Plein jour,En agglomération,Intersection à plus de 4 branches,Normale,Deux véhicules - côté,,,,,,,,,,,1,2,5,1.0,3
201400054466,0014-03-08 19:50:00,14,3,8,19,50,750,113,BOULEVARD AUGUSTE BLANQU,,,Nuit avec éclairage allumé,En agglomération,Intersection en T,Normale,Autre collision,,,,,,,,,,,5,2,3,1.0,6
201400054467,0014-03-11 09:50:00,14,3,11,9,50,750,113,"56, AVENUE D ITALIE",,,Plein jour,En agglomération,Intersection en T,Normale,Deux véhicules - côté,,,,,,,,,,,1,2,3,1.0,3
201400054468,0014-03-11 20:35:00,14,3,11,20,35,750,113,"87, RUE DE TOLBIAC",,,Nuit avec éclairage allumé,En agglomération,Intersection en T,Normale,Deux véhicules - frontale,,,,,,,,,,,5,2,3,1.0,1
201400054469,0014-03-14 12:20:00,14,3,14,12,20,750,113,"56, AVENUE D ITALIE",,,Plein jour,En agglomération,Intersection en T,Normale,Deux véhicules - côté,,,,,,,,,,,1,2,3,1.0,3
201400054470,0014-03-16 08:40:00,14,3,16,8,40,750,113,"197, RUE DE TOLBIAC",,,Plein jour,En agglomération,Hors intersection,Normale,Autre collision,,,,,,,,,,,1,2,1,1.0,6
201400054471,0014-03-17 18:30:00,14,3,17,18,30,750,113,RUE JACQUES DESTREE,,,Plein jour,En agglomération,Intersection en Y,Normale,Deux véhicules - arrière,,,,,,,,,,,1,2,4,1.0,2
201400054472,0014-03-18 10:10:00,14,3,18,10,10,750,113,"96, BOULEVARD KELLERMANN",,,Plein jour,En agglomération,Intersection en T,Normale,Autre collision,,,,,,,,,,,1,2,3,1.0,6
201400054473,0014-03-18 18:05:00,14,3,18,18,5,750,113,"106, RUE DE PATAY",,,Plein jour,En agglomération,Hors intersection,Normale,Autre collision,,,,,,,,,,,1,2,1,1.0,6
201400054474,0014-03-18 21:00:00,14,3,18,21,0,750,113,"180, BOULEVARD VINCENT A",,,Nuit avec éclairage allumé,En agglomération,Hors intersection,Normale,Autre collision,,,,,,,,,,,5,2,1,1.0,6
201400054475,0014-03-20 17:25:00,14,3,20,17,25,750,113,"10, RUE NEUVE TOLBIAC",,,Plein jour,En agglomération,Intersection en T,Normale,Deux véhicules - côté,,,,,,,,,,,1,2,3,1.0,3
201400054476,0014-03-20 05:10:00,14,3,20,5,10,750,113,AVENUE DE CHOISY,,,Nuit avec éclairage allumé,En agglomération,Hors intersection,Normale,Autre collision,,,,,,,,,,,5,2,1,1.0,6
201400054477,0014-03-21 18:55:00,14,3,21,18,55,750,113,"89, RUE DE LA SANTE",,,Crépuscule ou aube,En agglomération,Intersection en T,Normale,Deux véhicules - côté,,,,,,,,,,,2,2,3,1.0,3
201400054478,0014-03-24 11:55:00,14,3,24,11,55,750,113,"19, RUE DES CINQ DIAMANT",,,Plein jour,En agglomération,Hors intersection,Normale,Deux véhicules - arrière,,,,,,,,,,,1,2,1,1.0,2
201400054479,0014-03-24 18:15:00,14,3,24,18,15,750,113,"46, BOULEVARD MASSENA",,,Plein jour,En agglomération,Intersection en T,Normale,Deux véhicules - arrière,,,,,,,,,,,1,2,3,1.0,2
201400054480,0014-03-28 16:45:00,14,3,28,16,45,750,113,"24, RUE REGNAULT",,,Plein jour,En agglomération,Intersection à plus de 4 branches,Normale,Autre collision,,,,,,,,,,,1,2,5,1.0,6
201400054481,0014-03-28 17:15:00,14,3,28,17,15,750,113,"53, BOULEVARD ARAGO",,,Plein jour,En agglomération,Intersection en X,Normale,Deux véhicules - frontale,,,,,,,,,,,1,2,2,1.0,1
201400054482,0014-03-31 16:00:00,14,3,31,16,0,750,113,"13, AVENUE DE LA PORTE D",,,Plein jour,En agglomération,Intersection en X,Normale,Deux véhicules - côté,,,,,,,,,,,1,2,2,1.0,3
201400054483,0014-04-02 18:30:00,14,4,2,18,30,750,113,"27, AVENUE D ITALIE",,,Plein jour,En agglomération,Hors intersection,Normale,Autre collision,,,,,,,,,,,1,2,1,1.0,6
201400054484,0014-04-03 13:00:00,14,4,3,13,0,750,113,"86, AVENUE D ITALIE",,,Plein jour,En agglomération,Intersection en X,Normale,Sans collision,,,,,,,,,,,1,2,2,1.0,7
201400054485,0014-04-05 04:45:00,14,4,5,4,45,750,113,AVENUE DE LA PORTE D ITA,,,Nuit avec éclairage allumé,En agglomération,Intersection en X,Normale,Autre collision,,,,,,,,,,,5,2,2,1.0,6
201400054486,0014-04-06 17:15:00,14,4,6,17,15,750,113,"7, RUE DE L ESPERANCE",,,Plein jour,En agglomération,Intersection à plus de 4 branches,Normale,Autre collision,,,,,,,,,,,1,2,5,1.0,6
201400054487,0014-04-07 10:30:00,14,4,7,10,30,750,113,"80, AVENUE D ITALIE",,,Plein jour,En agglomération,Intersection en X,Normale,Deux véhicules - frontale,,,,,,,,,,,1,2,2,1.0,1
201400054488,0014-04-09 14:45:00,14,4,9,14,45,750,113,"105, RUE DE TOLBIAC",,,Plein jour,En agglomération,Hors intersection,Normale,Deux véhicules - arrière,,,,,,,,,,,1,2,1,1.0,2
201400054489,0014-04-10 09:10:00,14,4,10,9,10,750,113,"90, RUE DE LA GLACIERE",,,Plein jour,En agglomération,Hors intersection,Normale,Deux véhicules - côté,,,,,,,,,,,1,2,1,1.0,3
201400054490,0014-04-12 19:25:00,14,4,12,19,25,750,113,"44, RUE DU DESSOUS DES B",,,Plein jour,En agglomération,Hors intersection,Normale,Autre collision,,,,,,,,,,,1,2,1,1.0,6
201400054491,0014-04-14 08:35:00,14,4,14,8,35,750,113,"116, AVENUE D ITALIE",,,Plein jour,En agglomération,Hors intersection,Normale,Deux véhicules - arrière,,,,,,,,,,,1,2,1,1.0,2
201400054492,0014-04-14 11:00:00,14,4,14,11,0,750,113,"120, AVENUE DE CHOISY",,,Plein jour,En agglomération,Hors intersection,Normale,Deux véhicules - arrière,,,,,,,,,,,1,2,1,1.0,2
201400054493,0014-04-16 21:05:00,14,4,16,21,5,750,113,AVENUE DE LA PORTE D ITA,,,Nuit avec éclairage allumé,En agglomération,Intersection en Y,Normale,Autre collision,,,,,,,,,,,5,2,4,1.0,6
201400054494,0014-04-17 12:15:00,14,4,17,12,15,750,113,"107, AVENUE D ITALIE",,,Plein jour,En agglomération,Hors intersection,Normale,Autre collision,,,,,,,,,,,1,2,1,1.0,6
201400054495,0014-04-17 22:14:00,14,4,17,22,14,750,113,AVENUE D ITALIE,,,Nuit avec éclairage allumé,En agglomération,Intersection en X,Normale,Autre collision,,,,,,,,,,,5,2,2,1.0,6
201400054496,0014-04-19 17:35:00,14,4,19,17,35,750,113,"55/57, AVENUE D ITALIE",,,Plein jour,En agglomération,Intersection en X,Temps couvert,Sans collision,,,,,,,,,,,1,2,2,8.0,7
201400054497,0014-04-20 18:50:00,14,4,20,18,50,750,113,"55, AVENUE D ITALIE",,,Plein jour,En agglomération,Intersection en X,Normale,Autre collision,,,,,,,,,,,1,2,2,1.0,6
201400054498,0014-04-20 23:15:00,14,4,20,23,15,750,113,AVENUE DE LA PORTE D ITA,,,Nuit avec éclairage allumé,En agglomération,Intersection en Y,Normale,Deux véhicules - arrière,,,,,,,,,,,5,2,4,1.0,2
201400054499,0014-04-24 18:20:00,14,4,24,18,20,750,113,"23, BOULEVARD MASSENA",,,Plein jour,En agglomération,Intersection en T,Normale,Trois véhicules et plus - en chaîne,,,,,,,,,,,1,2,3,1.0,4
201400054500,0014-04-25 12:15:00,14,4,25,12,15,750,113,"111, AVENUE D IVRY",,,Plein jour,En agglomération,Intersection en T,Pluie légère,Deux véhicules - frontale,,,,,,,,,,,1,2,3,2.0,1
201400054501,0014-04-29 01:10:00,14,4,29,1,10,750,113,"56, BOULEVARD AUGUSTE BL",,,Nuit avec éclairage allumé,En agglomération,Hors intersection,Normale,Autre collision,,,,,,,,,,,5,2,1,1.0,6
201400054502,0014-04-29 15:00:00,14,4,29,15,0,750,113,"140, RUE DE TOLBIAC",,,Plein jour,En agglomération,Hors intersection,Normale,Autre collision,,,,,,,,,,,1,2,1,1.0,6
201400054503,0014-04-29 15:50:00,14,4,29,15,50,750,113,"52, BOULEVARD DE L HOPIT",,,Plein jour,En agglomération,Hors intersection,Pluie légère,Autre collision,,,,,,,,,,,1,2,1,2.0,6
201400054504,0014-05-01 23:00:00,14,5,1,23,0,750,113,"25, AVENUE DE LA PORTE D",,,Nuit avec éclairage allumé,En agglomération,Intersection en Y,Pluie légère,Deux véhicules - côté,,,,,,,,,,,5,2,4,2.0,3
201400054505,0014-05-02 19:00:00,14,5,2,19,0,750,113,"82, BOULEVARD VINCENT AU",,,Plein jour,En agglomération,Hors intersection,Normale,Autre collision,,,,,,,,,,,1,2,1,1.0,6
201400054506,0014-05-04 20:35:00,14,5,4,20,35,750,113,"656, BOULEVARD MASSENA",,,Plein jour,En agglomération,Hors intersection,Normale,Autre collision,,,,,,,,,,,1,2,1,1.0,6
201400054507,0014-05-06 13:35:00,14,5,6,13,35,750,113,"163, AVENUE D ITALIE",,,Plein jour,En agglomération,Intersection à plus de 4 branches,Normale,Autre collision,,,,,,,,,,,1,2,5,1.0,6
201400054508,0014-05-07 10:30:00,14,5,7,10,30,750,113,"18, QUAI D AUSTERLITZ",,,Plein jour,En agglomération,Intersection en T,Normale,Deux véhicules - arrière,,,,,,,,,,,1,2,3,1.0,2
201400054509,0014-05-07 13:40:00,14,5,7,13,40,750,113,"94, RUE DE LA GLACIERE",,,Plein jour,En agglomération,Hors intersection,Pluie légère,Deux véhicules - côté,,,,,,,,,,,1,2,1,2.0,3
201400054510,0014-05-07 18:25:00,14,5,7,18,25,750,113,"3, BOULEVARD DE L HOPITA",,,Plein jour,En agglomération,Intersection en T,Normale,Autre collision,,,,,,,,,,,1,2,3,1.0,6
201400054511,0014-05-11 01:20:00,14,5,11,1,20,750,113,PONT DE BERCY,,,Nuit avec éclairage allumé,En agglomération,Intersection en X,Normale,Autre collision,,,,,,,,,,,5,2,2,1.0,6
201400054512,0014-05-11 16:15:00,14,5,11,16,15,750,113,"13, RUE JEAN BAPTISTE BE",,,Plein jour,En agglomération,Hors intersection,Temps couvert,Deux véhicules - arrière,,,,,,,,,,,1,2,1,8.0,2
201400054513,0014-05-12 13:00:00,14,5,12,13,0,750,113,RUE DE DOMREMY,,,Plein jour,En agglomération,Intersection en T,Pluie légère,Autre collision,,,,,,,,,,,1,2,3,2.0,6
201400054514,0014-05-12 19:20:00,14,5,12,19,20,750,113,"5, BOULEVARD DE L HOPITA",,,Plein jour,En agglomération,Intersection en X,Normale,Autre collision,,,,,,,,,,,1,2,2,1.0,6
201400054515,0014-05-13 14:35:00,14,5,13,14,35,750,113,"64, BOULEVARD AUGUSTE BL",,,Plein jour,En agglomération,Intersection en T,Pluie légère,Deux véhicules - côté,,,,,,,,,,,1,2,3,2.0,3
201400054516,0014-05-13 16:05:00,14,5,13,16,5,750,113,"3, AVENUE D ITALIE",,,Plein jour,En agglomération,Hors intersection,Normale,Sans collision,,,,,,,,,,,1,2,1,1.0,7
201400054517,0014-05-14 12:30:00,14,5,14,12,30,750,113,"27, PORTE D ITALIE",,,Plein jour,En agglomération,Intersection en T,Normale,Deux véhicules - arrière,,,,,,,,,,,1,2,3,1.0,2
201400054518,0014-05-14 16:20:00,14,5,14,16,20,750,113,"8, AVENUE CAFFIERI",,,Plein jour,En agglomération,Intersection en X,Normale,Deux véhicules - côté,,,,,,,,,,,1,2,2,1.0,3
201400054519,0014-05-15 20:55:00,14,5,15,20,55,750,113,"147, BOULEVARD AUGUSTE B",,,Crépuscule ou aube,En agglomération,Hors intersection,Normale,Autre collision,,,,,,,,,,,2,2,1,1.0,6
201400054520,0014-05-17 10:00:00,14,5,17,10,0,750,113,PORTE D ITALIE,,,Plein jour,En agglomération,Intersection en Y,Normale,Deux véhicules - côté,,,,,,,,,,,1,2,4,1.0,3
201400054521,0014-05-17 13:10:00,14,5,17,13,10,750,113,"46, RUE ALBERT",,,Plein jour,En agglomération,Intersection en Y,Normale,Deux véhicules - côté,,,,,,,,,,,1,2,4,1.0,3
201400054522,0014-05-17 18:50:00,14,5,17,18,50,750,113,"45, BOULEVARD SAINT MARC",,,Plein jour,En agglomération,Hors intersection,Normale,Deux véhicules - côté,,,,,,,,,,,1,2,1,1.0,3
201400054523,0014-05-21 06:50:00,14,5,21,6,50,750,113,"2, BOULEVARD PERIPHERIQU",,,Plein jour,En agglomération,Intersection en X,Temps couvert,Autre collision,,,,,,,,,,,1,2,2,8.0,6
201400054524,0014-05-21 20:30:00,14,5,21,20,30,750,113,"140, AVENUE D ITALIE",,,Crépuscule ou aube,En agglomération,Intersection en T,Pluie forte,Autre collision,,,,,,,,,,,2,2,3,3.0,6
201400054525,0014-05-21 22:30:00,14,5,21,22,30,750,113,"40, AVENUE D ITALIE",,,Nuit sans éclairage public,En agglomération,Hors intersection,Pluie forte,Deux véhicules - arrière,,,,,,,,,,,3,2,1,3.0,2
201400054526,0014-05-22 17:15:00,14,5,22,17,15,750,113,"143, RUE NATIONALE",,,Plein jour,En agglomération,Hors intersection,Normale,Autre collision,,,,,,,,,,,1,2,1,1.0,6
201400054527,0014-05-23 17:00:00,14,5,23,17,0,750,113,"33, BOULEVARD KELLERMANN",,,Crépuscule ou aube,En agglomération,Intersection en T,Pluie légère,Autre collision,,,,,,,,,,,2,2,3,2.0,6
201400054528,0014-05-23 23:20:00,14,5,23,23,20,750,113,"186, RUE DE TOLBIAC",,,Nuit avec éclairage allumé,En agglomération,Intersection à plus de 4 branches,Pluie forte,Deux véhicules - côté,,,,,,,,,,,5,2,5,3.0,3
201400054529,0014-05-24 02:50:00,14,5,24,2,50,750,113,"31, AVENUE DES GOBELINS",,,Nuit avec éclairage allumé,En agglomération,Hors intersection,Pluie forte,Autre collision,,,,,,,,,,,5,2,1,3.0,6
201400054530,0014-05-24 17:00:00,14,5,24,17,0,750,113,"01, AVENUE D ITALIE",,,Plein jour,En agglomération,Hors intersection,Pluie forte,Deux véhicules - arrière,,,,,,,,,,,1,2,1,3.0,2
201400054531,0014-05-24 22:55:00,14,5,24,22,55,750,105,"93, BOULEVARD DE PORT RO",,,Nuit avec éclairage allumé,En agglomération,Hors intersection,Normale,Deux véhicules - frontale,,,,,,,,,,,5,2,1,1.0,1
201400054532,0014-05-26 10:15:00,14,5,26,10,15,750,113,BOULEVARD DU GENERAL JEA,,,Plein jour,En agglomération,Intersection à plus de 4 branches,Pluie légère,Autre collision,,,,,,,,,,,1,2,5,2.0,6
201400054533,0014-05-27 08:45:00,14,5,27,8,45,750,113,"105, RUE DE TOLBIAC",,,Plein jour,En agglomération,Hors intersection,Normale,Autre collision,,,,,,,,,,,1,2,1,1.0,6
201400054534,0014-05-27 11:30:00,14,5,27,11,30,750,113,"27, AVENUE DE LA PORTE D",,,Plein jour,En agglomération,Intersection en T,Normale,Deux véhicules - arrière,,,,,,,,,,,1,2,3,1.0,2