accident_id,datetime,annee,mois,jour,heure,minute,departement,commune_insee,adresse,latitude,longitude,luminosite,agglomeration,intersection,meteo,collision,nb_vehicules,nb_usagers,nb_indemnes,nb_tues,nb_blesses_hosp,nb_blesses_legers,age_cond_1,age_cond_2,veh_type_cond_1,veh_type_cond_2,lum_code,agg_code,int_code,atm_code,col_code
201400054535,0014-05-28 13:00:00,14,5,28,13,0,750,113,"33, AVENUE DES GOBELINS",,,Plein jour,En agglomération,Intersection en X,Normale,Deux véhicules - frontale,,,,,,,,,,,1,2,2,1.0,1
201400054536,0014-05-28 17:20:00,14,5,28,17,20,750,113,"16, AVENUE D IVRY",,,Plein jour,En agglomération,Hors intersection,Normale,Autre collision,,,,,,,,,,,1,2,1,1.0,6
201400054537,0014-05-29 16:05:00,14,5,29,16,5,750,113,"39, BOULEVARD DE PORT RO",,,Plein jour,En agglomération,Intersection en X,Normale,Deux véhicules - côté,,,,,,,,,,,1,2,2,1.0,3
201400054538,0014-05-30 04:00:00,14,5,30,4,0,750,113,QUAI D AUSTERLITZ,,,Nuit avec éclairage allumé,En agglomération,Intersection à plus de 4 branches,Normale,Autre collision,,,,,,,,,,,5,2,5,1.0,6
201400054539,0014-05-30 17:51:00,14,5,30,17,51,750,113,"115, BOULEVARD MASSENA",,,Plein jour,En agglomération,Intersection en X,Normale,Autre collision,,,,,,,,,,,1,2,2,1.0,6
201400054540,0014-05-30 21:55:00,14,5,30,21,55,750,113,BOULEVARD VINCENT AURIOL,,,Nuit avec éclairage allumé,En agglomération,Intersection en X,Normale,Autre collision,,,,,,,,,,,5,2,2,1.0,6
201400054541,0014-06-02 13:55:00,14,6,2,13,55,750,113,"73, BOULEVARD VINCENT AU",,,Plein jour,En agglomération,Hors intersection,Normale,Autre collision,,,,,,,,,,,1,2,1,1.0,6
201400054542,0014-06-02 16:35:00,14,6,2,16,35,750,113,"213, BOULEVARD VINCENT A",,,Plein jour,En agglomération,Place,Normale,Deux véhicules - côté,,,,,,,,,,,1,2,7,1.0,3
201400054543,0014-06-03 10:30:00,14,6,3,10,30,750,113,"3, QUAI FRANCOIS MAURIAC",,,Plein jour,En agglomération,Intersection en X,Normale,Deux véhicules - côté,,,,,,,,,,,1,2,2,1.0,3
201400054544,0014-06-04 15:05:00,14,6,4,15,5,750,113,"156, RUE DE TOLBIAC",,,Plein jour,En agglomération,Intersection en T,Pluie légère,Deux véhicules - arrière,,,,,,,,,,,1,2,3,2.0,2
201400054545,0014-06-06 16:35:00,14,6,6,16,35,750,113,"13, QUAI PANHARD ET LEVA",,,Plein jour,En agglomération,Hors intersection,Normale,Deux véhicules - côté,,,,,,,,,,,1,2,1,1.0,3
201400054546,0014-06-07 13:45:00,14,6,7,13,45,750,113,PORTE D ITALIE,,,Plein jour,En agglomération,Intersection en Y,Normale,Deux véhicules - arrière,,,,,,,,,,,1,2,4,1.0,2
201400054547,0014-06-07 15:00:00,14,6,7,15,0,750,113,"169, BOULEVARD VINCENT A",,,Plein jour,En agglomération,Intersection à plus de 4 branches,Normale,Deux véhicules - côté,,,,,,,,,,,1,2,5,1.0,3
201400054548,0014-06-07 20:30:00,14,6,7,20,30,750,113,RUE DE TOLBIAC,,,Plein jour,En agglomération,Intersection en X,Normale,Autre collision,,,,,,,,,,,1,2,2,1.0,6
201400054549,0014-06-09 08:55:00,14,6,9,8,55,750,113,"129 bis, RUE DE TOLBIAC",,,Plein jour,En agglomération,Hors intersection,Normale,Autre collision,,,,,,,,,,,1,2,1,1.0,6
201400054550,0014-06-10 03:50:00,14,6,10,3,50,750,113,"1, PORTE D ITALIE",,,Nuit avec éclairage allumé,En agglomération,Intersection en Y,Pluie légère,Deux véhicules - côté,,,,,,,,,,,5,2,4,2.0,3
201400054551,0014-06-12 22:50:00,14,6,12,22,50,750,113,"205, BOULEVARD VINCENT A",,,Nuit avec éclairage allumé,En agglomération,Hors intersection,Normale,Deux véhicules - arrière,,,,,,,,,,,5,2,1,1.0,2
201400054552,0014-06-13 20:05:00,14,6,13,20,5,750,113,"60, RUE DE TOLBIAC",,,Plein jour,En agglomération,Intersection à plus de 4 branches,Normale,Autre collision,,,,,,,,,,,1,2,5,1.0,6
201400054553,0014-06-15 23:15:00,14,6,15,23,15,750,113,"144, BOULEVARD DE L HOPI",,,Nuit avec éclairage allumé,En agglomération,Intersection en X,Normale,Autre collision,,,,,,,,,,,5,2,2,1.0,6
201400054554,0014-06-16 08:50:00,14,6,16,8,50,750,113,"44, RUE DU DESSOUS DES B",,,Plein jour,En agglomération,Hors intersection,Normale,Deux véhicules - arrière,,,,,,,,,,,1,2,1,1.0,2
201400054555,0014-06-17 18:10:00,14,6,17,18,10,750,113,"8, RUE DU DOCTEUR LAUREN",,,Plein jour,En agglomération,Hors intersection,Normale,Autre collision,,,,,,,,,,,1,2,1,1.0,6
201400054556,0014-06-18 10:35:00,14,6,18,10,35,750,113,"18, BOULEVARD AUGUSTE BL",,,Plein jour,En agglomération,Intersection en X,Normale,Deux véhicules - arrière,,,,,,,,,,,1,2,2,1.0,2
201400054557,0014-06-18 14:55:00,14,6,18,14,55,750,113,RUE NEUVE TOLBIAC,,,Plein jour,En agglomération,Intersection en X,Normale,Deux véhicules - frontale,,,,,,,,,,,1,2,2,1.0,1
201400054558,0014-06-19 18:10:00,14,6,19,18,10,750,113,"36, RUE DES PEUPLIERS",,,Plein jour,En agglomération,Intersection en X,Normale,Autre collision,,,,,,,,,,,1,2,2,1.0,6
201400054559,0014-06-19 18:30:00,14,6,19,18,30,750,113,"4, RUE DE RUNGIS",,,Plein jour,En agglomération,Hors intersection,Normale,Deux véhicules - arrière,,,,,,,,,,,1,2,1,1.0,2
201400054560,0014-06-21 00:50:00,14,6,21,0,50,750,113,"109, BOULEVARD DE L HOPI",,,Nuit avec éclairage allumé,En agglomération,Intersection à plus de 4 branches,Normale,Autre collision,,,,,,,,,,,5,2,5,1.0,6
201400054561,0014-06-23 02:00:00,14,6,23,2,0,750,113,"21, RUE NEUVE TOLBIAC",,,Nuit avec éclairage allumé,En agglomération,Intersection en X,Normale,Deux véhicules - frontale,,,,,,,,,,,5,2,2,1.0,1
201400054562,0014-06-23 09:35:00,14,6,23,9,35,750,113,"164, RUE JEANNE D ARC",,,Plein jour,En agglomération,Hors intersection,Normale,Deux véhicules - côté,,,,,,,,,,,1,2,1,1.0,3
201400054563,0014-06-23 13:35:00,14,6,23,13,35,750,113,"37, AVENUE D ITALIE",,,Plein jour,En agglomération,Hors intersection,Normale,Deux véhicules - arrière,,,,,,,,,,,1,2,1,1.0,2
201400054564,0014-06-23 13:35:00,14,6,23,13,35,750,114,"11, RUE DE L AMIRAL MOUC",,,Plein jour,En agglomération,Hors intersection,Normale,Deux véhicules - côté,,,,,,,,,,,1,2,1,1.0,3
201400054565,0014-06-24 19:40:00,14,6,24,19,40,750,113,PORTE D ITALIE,,,Plein jour,En agglomération,Intersection en X,Normale,Deux véhicules - côté,,,,,,,,,,,1,2,2,1.0,3
201400054566,0014-06-26 12:25:00,14,6,26,12,25,750,113,"55, BOULEVARD DE PORT RO",,,Plein jour,En agglomération,Hors intersection,Normale,Deux véhicules - côté,,,,,,,,,,,1,2,1,1.0,3
201400054567,0014-06-26 05:50:00,14,6,26,5,50,750,113,"4, PLACE D ITALIE",,,Crépuscule ou aube,En agglomération,Place,Normale,Sans collision,,,,,,,,,,,2,2,7,1.0,7
201400054568,0014-06-27 22:20:00,14,6,27,22,20,750,113,"73, BOULEVARD MASSENA",,,Nuit avec éclairage allumé,En agglomération,Intersection en T,Normale,Autre collision,,,,,,,,,,,5,2,3,1.0,6
201400054569,0014-06-30 17:55:00,14,6,30,17,55,750,113,AVENUE DE LA PORTE D IVR,,,Crépuscule ou aube,En agglomération,Intersection en X,Normale,Deux véhicules - côté,,,,,,,,,,,2,2,2,1.0,3
201400054570,0014-07-01 07:55:00,14,7,1,7,55,750,113,"43, QUAI PANHARD ET LEVA",,,Plein jour,En agglomération,Hors intersection,Normale,Autre collision,,,,,,,,,,,1,2,1,1.0,6
201400054571,0014-07-01 09:00:00,14,7,1,9,0,750,113,"177, RUE DE TOLBIAC",,,Plein jour,En agglomération,Intersection en T,Normale,Deux véhicules - côté,,,,,,,,,,,1,2,3,1.0,3
201400054572,0014-07-01 20:05:00,14,7,1,20,5,750,113,"142, BOULEVARD DE L HOPI",,,Plein jour,En agglomération,Intersection en X,Normale,Deux véhicules - côté,,,,,,,,,,,1,2,2,1.0,3
201400054573,0014-07-02 11:20:00,14,7,2,11,20,750,113,"34, RUE DE TOLBIAC",,,Plein jour,En agglomération,Hors intersection,Normale,Trois véhicules et plus - en chaîne,,,,,,,,,,,1,2,1,1.0,4
201400054574,0014-07-02 18:40:00,14,7,2,18,40,750,113,"23, AVENUE DE LA PORTE D",,,Plein jour,En agglomération,Intersection en Y,Normale,Deux véhicules - arrière,,,,,,,,,,,1,2,4,1.0,2
201400054575,0014-07-03 08:50:00,14,7,3,8,50,750,113,"80, BOULEVARD AUGUSTE BL",,,Plein jour,En agglomération,Hors intersection,Normale,Deux véhicules - côté,,,,,,,,,,,1,2,1,1.0,3
201400054576,0014-07-03 12:50:00,14,7,3,12,50,750,113,"188, RUE DE TOLBIAC",,,Plein jour,En agglomération,Hors intersection,Normale,Deux véhicules - côté,,,,,,,,,,,1,2,1,1.0,3
201400054577,0014-07-03 19:05:00,14,7,3,19,5,750,113,AVENUE PIERRE MENDES FRA,,,Plein jour,En agglomération,Intersection en T,Normale,Deux véhicules - côté,,,,,,,,,,,1,2,3,1.0,3
201400054578,0014-07-03 21:00:00,14,7,3,21,0,750,113,AVENUE DE LA PORTE D IVR,,,Plein jour,En agglomération,Hors intersection,Normale,Autre collision,,,,,,,,,,,1,2,1,1.0,6
201400054579,0014-07-08 12:25:00,14,7,8,12,25,750,113,"111, RUE DE TOLBIAC",,,Plein jour,En agglomération,Intersection à plus de 4 branches,Normale,Deux véhicules - côté,,,,,,,,,,,1,2,5,1.0,3
201400054580,0014-07-08 19:50:00,14,7,8,19,50,750,113,BOULEVARD MASSENA,,,Plein jour,En agglomération,Intersection à plus de 4 branches,Pluie forte,Deux véhicules - côté,,,,,,,,,,,1,2,5,3.0,3
201400054581,0014-07-09 15:50:00,14,7,9,15,50,750,113,"36, QUAI D AUSTERLITZ",,,Plein jour,En agglomération,Hors intersection,Pluie légère,Autre collision,,,,,,,,,,,1,2,1,2.0,6
201400054582,0014-07-10 14:55:00,14,7,10,14,55,750,113,"184, AVENUE DE CHOISY",,,Plein jour,En agglomération,Hors intersection,Normale,Autre collision,,,,,,,,,,,1,2,1,1.0,6
201400054583,0014-07-11 20:35:00,14,7,11,20,35,750,113,"72, RUE DE TOLBIAC",,,Plein jour,En agglomération,Intersection en T,Normale,Deux véhicules - côté,,,,,,,,,,,1,2,3,1.0,3
201400054584,0014-07-11 22:15:00,14,7,11,22,15,750,113,RUE DE TOLBIAC,,,Nuit avec éclairage allumé,En agglomération,Intersection en X,Normale,Deux véhicules - côté,,,,,,,,,,,5,2,2,1.0,3
201400054585,0014-07-12 00:30:00,14,7,12,0,30,750,113,"137, BOULEVARD DE L HOPI",,,Nuit avec éclairage allumé,En agglomération,Hors intersection,Normale,Autre collision,,,,,,,,,,,5,2,1,1.0,6
201400054586,0014-07-15 09:40:00,14,7,15,9,40,750,113,"23, RUE WATT",,,Plein jour,En agglomération,Hors intersection,Normale,Autre collision,,,,,,,,,,,1,2,1,1.0,6
201400054587,0014-07-16 10:05:00,14,7,16,10,5,750,113,"138, AVENUE D ITALIE",,,Plein jour,En agglomération,Intersection en T,Normale,Sans collision,,,,,,,,,,,1,2,3,1.0,7
201400054588,0014-07-17 09:15:00,14,7,17,9,15,750,113,AVENUE DE FRANCE,,,Plein jour,En agglomération,Intersection en T,Normale,Deux véhicules - côté,,,,,,,,,,,1,2,3,1.0,3
201400054589,0014-07-19 14:50:00,14,7,19,14,50,750,113,"21, AVENUE D ITALIE",,,Plein jour,En agglomération,Hors intersection,Normale,Deux véhicules - frontale,,,,,,,,,,,1,2,1,1.0,1
201400054590,0014-07-23 08:30:00,14,7,23,8,30,750,113,"122, RUE DE TOLBIAC",,,Plein jour,En agglomération,Intersection à plus de 4 branches,Normale,Deux véhicules - côté,,,,,,,,,,,1,2,5,1.0,3
201400054591,0014-07-23 17:00:00,14,7,23,17,0,750,113,"82, BOULEVARD MASSENA",,,Plein jour,En agglomération,Intersection à plus de 4 branches,Normale,Deux véhicules - côté,,,,,,,,,,,1,2,5,1.0,3
201400054592,0014-07-24 19:30:00,14,7,24,19,30,750,113,"3, RUE NEUVE TOLBIAC",,,Plein jour,En agglomération,Intersection en T,Normale,Trois véhicules et plus - en chaîne,,,,,,,,,,,1,2,3,1.0,4
201400054593,0014-07-25 01:03:00,14,7,25,1,3,750,113,"162, AVENUE D ITALIE",,,Nuit avec éclairage allumé,En agglomération,Hors intersection,Normale,Deux véhicules - côté,,,,,,,,,,,5,2,1,1.0,3
201400054594,0014-07-26 05:50:00,14,7,26,5,50,750,113,"9, PLACE D ITALIE",,,Crépuscule ou aube,En agglomération,Place,Normale,Sans collision,,,,,,,,,,,2,2,7,1.0,7
201400054595,0014-07-27 17:20:00,14,7,27,17,20,750,113,"37, QUAI D IVRY",,,Plein jour,En agglomération,Intersection à plus de 4 branches,Normale,Deux véhicules - côté,,,,,,,,,,,1,2,5,1.0,3
201400054596,0014-07-28 15:10:00,14,7,28,15,10,750,113,"9, BOULEVARD DE L HOPITA",,,Plein jour,En agglomération,Hors intersection,Normale,Autre collision,,,,,,,,,,,1,2,1,1.0,6
201400054597,0014-07-28 16:58:00,14,7,28,16,58,750,113,"181, BOULEVARD VINCENT A",,,Plein jour,En agglomération,Hors intersection,Normale,Autre collision,,,,,,,,,,,1,2,1,1.0,6
201400054598,0014-08-01 13:25:00,14,8,1,13,25,750,113,"193, RUE DE TOLBIAC",,,Plein jour,En agglomération,Intersection à plus de 4 branches,Normale,Autre collision,,,,,,,,,,,1,2,5,1.0,6
201400054599,0014-08-01 13:25:00,14,8,1,13,25,750,113,"2, BOULEVARD MASSENA",,,Plein jour,En agglomération,Intersection à plus de 4 branches,Normale,Deux véhicules - côté,,,,,,,,,,,1,2,5,1.0,3
201400054600,0014-08-01 17:25:00,14,8,1,17,25,750,113,"2, RUE RENE GOSCINNY",,,Plein jour,En agglomération,Hors intersection,Normale,Autre collision,,,,,,,,,,,1,2,1,1.0,6
201400054601,0014-08-01 19:20:00,14,8,1,19,20,750,113,"207, RUE DE TOLBIAC",,,Plein jour,En agglomération,Intersection en X,Normale,Trois véhicules et plus - en chaîne,,,,,,,,,,,1,2,2,1.0,4
201400054602,0014-08-04 19:50:00,14,8,4,19,50,750,113,"1, RUE PAUL BOURGET",,,Plein jour,En agglomération,Intersection en X,Normale,Autre collision,,,,,,,,,,,1,2,2,1.0,6
201400054603,0014-08-06 10:45:00,14,8,6,10,45,750,113,"169, BOULEVARD DE L HOPI",,,Plein jour,En agglomération,Place,Pluie légère,Deux véhicules - arrière,,,,,,,,,,,1,2,7,2.0,2
201400054604,0014-08-07 02:30:00,14,8,7,2,30,750,113,"188, RUE DE TOLBIAC",,,Nuit avec éclairage allumé,En agglomération,Intersection à plus de 4 branches,Temps couvert,Deux véhicules - côté,,,,,,,,,,,5,2,5,8.0,3
201400054605,0014-08-08 03:45:00,14,8,8,3,45,750,105,"47 ter, BOULEVARD SAINT",,,Nuit avec éclairage allumé,En agglomération,Place,Normale,Deux véhicules - frontale,,,,,,,,,,,5,2,7,1.0,1
201400054606,0014-08-11 17:20:00,14,8,11,17,20,750,113,"159, AVENUE DE CHOISY",,,Plein jour,En agglomération,Intersection en T,Normale,Autre collision,,,,,,,,,,,1,2,3,1.0,6
201400054607,0014-08-12 09:45:00,14,8,12,9,45,750,113,RUE DE LA POTERNE DES PE,,,Plein jour,En agglomération,Intersection en T,Temps éblouissant,Deux véhicules - côté,,,,,,,,,,,1,2,3,7.0,3
201400054608,0014-08-12 10:20:00,14,8,12,10,20,750,113,"5, BOULEVARD DE L HOPITA",,,Plein jour,En agglomération,Intersection en T,Normale,Autre collision,,,,,,,,,,,1,2,3,1.0,6
201400054609,0014-08-12 13:30:00,14,8,12,13,30,750,113,"1, RUE JACQUES DESTREE",,,Plein jour,En agglomération,Intersection en T,Pluie légère,Deux véhicules - côté,,,,,,,,,,,1,2,3,2.0,3
201400054610,0014-08-15 00:15:00,14,8,15,0,15,750,113,"5 BIS, BOULEVARD DE L HO",,,Nuit avec éclairage allumé,En agglomération,Intersection en T,Pluie légère,Sans collision,,,,,,,,,,,5,2,3,2.0,7
201400054611,0014-08-15 15:35:00,14,8,15,15,35,750,113,AVENUE DE LA PORTE D ITA,,,Plein jour,En agglomération,Intersection en X,Normale,Deux véhicules - arrière,,,,,,,,,,,1,2,2,1.0,2
201400054612,0014-08-17 16:10:00,14,8,17,16,10,750,113,PLACE D ITALIE,,,Plein jour,En agglomération,Place,Normale,Autre collision,,,,,,,,,,,1,2,7,1.0,6
201400054613,0014-08-18 08:40:00,14,8,18,8,40,750,113,"21, AVENUE PIERRE DE COU",,,Plein jour,En agglomération,Hors intersection,Normale,Deux véhicules - côté,,,,,,,,,,,1,2,1,1.0,3
201400054614,0014-08-19 21:15:00,14,8,19,21,15,750,113,"72, BOULEVARD MASSENA",,,Nuit avec éclairage allumé,En agglomération,Hors intersection,Normale,Autre collision,,,,,,,,,,,5,2,1,1.0,6
201400054615,0014-08-19 22:00:00,14,8,19,22,0,750,113,"105, AVENUE D ITALIE",,,Nuit avec éclairage allumé,En agglomération,Intersection en T,Normale,Deux véhicules - arrière,,,,,,,,,,,5,2,3,1.0,2
201400054616,0014-08-22 20:40:00,14,8,22,20,40,750,113,"23, QUAI PANHARD ET LEVA",,,Nuit avec éclairage allumé,En agglomération,Hors intersection,Pluie légère,Deux véhicules - arrière,,,,,,,,,,,5,2,1,2.0,2
201400054617,0014-08-28 12:56:00,14,8,28,12,56,750,113,"51, BOULEVARD MASSENA",,,Plein jour,En agglomération,Intersection en X,Pluie légère,Deux véhicules - côté,,,,,,,,,,,1,2,2,2.0,3
201400054618,0014-08-28 15:25:00,14,8,28,15,25,750,113,"23, RUE DE LA FONTAINE A",,,Plein jour,En agglomération,Hors intersection,Normale,Autre collision,,,,,,,,,,,1,2,1,1.0,6
201400054619,0014-08-29 12:50:00,14,8,29,12,50,750,113,"30, PLACE D ITALIE",,,Plein jour,En agglomération,Place,Normale,Autre collision,,,,,,,,,,,1,2,7,1.0,6
201400054620,0014-08-31 06:40:00,14,8,31,6,40,750,113,"133, RUE DE LA SANTE",,,Nuit avec éclairage allumé,En agglomération,Hors intersection,Normale,Autre collision,,,,,,,,,,,5,2,1,1.0,6
201400054621,0014-09-04 11:50:00,14,9,4,11,50,750,113,"111, BOULEVARD MASSENA",,,Crépuscule ou aube,En agglomération,Intersection en X,Normale,Deux véhicules - côté,,,,,,,,,,,2,2,2,1.0,3
201400054622,0014-09-05 21:25:00,14,9,5,21,25,750,113,"34, BOULEVARD KELLERMANN",,,Nuit avec éclairage allumé,En agglomération,Intersection en T,Normale,Autre collision,,,,,,,,,,,5,2,3,1.0,6
201400054623,0014-09-06 19:12:00,14,9,6,19,12,750,113,"20bis, BOULEVARD ARAGO",,,Plein jour,En agglomération,Intersection en X,Normale,Autre collision,,,,,,,,,,,1,2,2,1.0,6
201400054624,0014-09-08 13:20:00,14,9,8,13,20,750,113,"22, RUE BOURGON",,,Plein jour,En agglomération,Hors intersection,Normale,Autre collision,,,,,,,,,,,1,2,1,1.0,6
201400054625,0014-09-08 14:35:00,14,9,8,14,35,750,113,"16, BOULEVARD ARAGO",,,Plein jour,En agglomération,Intersection en T,Normale,Deux véhicules - côté,,,,,,,,,,,1,2,3,1.0,3
201400054626,0014-09-10 09:10:00,14,9,10,9,10,750,113,"95, RUE DE L AMIRAL MOUC",,,Plein jour,En agglomération,Hors intersection,Normale,Autre collision,,,,,,,,,,,1,2,1,1.0,6
201400054627,0014-09-11 21:10:00,14,9,11,21,10,750,113,"88, AVENUE D ITALIE",,,Nuit avec éclairage allumé,En agglomération,Intersection en T,Normale,Autre collision,,,,,,,,,,,5,2,3,1.0,6
201400054628,0014-09-11 23:00:00,14,9,11,23,0,750,113,"131, BOULEVARD VINCENT A",,,Nuit avec éclairage allumé,En agglomération,Intersection à plus de 4 branches,Normale,Deux véhicules - arrière,,,,,,,,,,,5,2,5,1.0,2
201400054629,0014-09-12 08:55:00,14,9,12,8,55,750,113,"72, BOULEVARD MASSENA",,,Plein jour,En agglomération,Hors intersection,Normale,Autre collision,,,,,,,,,,,1,2,1,1.0,6
201400054630,0014-09-12 11:45:00,14,9,12,11,45,750,113,"70, RUE JEANNE D ARC",,,Plein jour,En agglomération,Intersection en T,Normale,Deux véhicules - arrière,,,,,,,,,,,1,2,3,1.0,2
201400054631,0014-09-12 21:30:00,14,9,12,21,30,750,113,"18, RUE DE TOLBIAC",,,Nuit avec éclairage allumé,En agglomération,Intersection en T,Normale,Deux véhicules - côté,,,,,,,,,,,5,2,3,1.0,3
201400054632,0014-09-14 20:00:00,14,9,14,20,0,750,113,ECHANGEUR IVRY,,,Nuit avec éclairage allumé,En agglomération,Hors intersection,Normale,Deux véhicules - arrière,,,,,,,,,,,5,2,1,1.0,2
201400054633,0014-09-15 17:45:00,14,9,15,17,45,750,113,RUE CHARLES LEROY,,,Plein jour,En agglomération,Hors intersection,Normale,Autre collision,,,,,,,,,,,1,2,1,1.0,6
201400054634,0014-09-16 10:05:00,14,9,16,10,5,750,113,"13, AVENUE DE LA PORTE D",,,Plein jour,En agglomération,Hors intersection,Normale,Autre collision,,,,,,,,,,,1,2,1,1.0,6
201400054635,0014-09-17 18:55:00,14,9,17,18,55,750,105,QUAI SAINT BERNARD,,,Plein jour,En agglomération,Hors intersection,Normale,Autre collision,,,,,,,,,,,1,2,1,1.0,6
201400054636,0014-09-19 12:00:00,14,9,19,12,0,750,113,"12, PLACE D ITALIE",,,Plein jour,En agglomération,Place,Normale,Deux véhicules - côté,,,,,,,,,,,1,2,7,1.0,3
201400054637,0014-09-19 14:45:00,14,9,19,14,45,750,113,"61, AVENUE DE CHOISY",,,Plein jour,En agglomération,Intersection en T,Normale,Autre collision,,,,,,,,,,,1,2,3,1.0,6
201400054638,0014-09-19 14:00:00,14,9,19,14,0,750,113,"63, QUAI D AUSTERLITZ",,,Plein jour,En agglomération,Intersection en Y,Normale,Deux véhicules - côté,,,,,,,,,,,1,2,4,1.0,3
201400054639,0014-09-19 21:20:00,14,9,19,21,20,750,113,"232, RUE DE TOLBIAC",,,Nuit avec éclairage allumé,En agglomération,Intersection en X,Normale,Autre collision,,,,,,,,,,,5,2,2,1.0,6
201400054640,0014-09-20 14:45:00,14,9,20,14,45,750,113,RUE DU CHATEAU DES RENTI,,,Plein jour,En agglomération,Intersection en X,Normale,Deux véhicules - arrière,,,,,,,,,,,1,2,2,1.0,2
201400054641,0014-09-20 20:50:00,14,9,20,20,50,750,113,"16, BOULEVARD ARAGO",,,Nuit avec éclairage allumé,En agglomération,Intersection en T,Temps couvert,Deux véhicules - arrière,,,,,,,,,,,5,2,3,8.0,2
201400054642,0014-09-21 05:40:00,14,9,21,5,40,750,113,"140, AVENUE D ITALIE",,,Nuit avec éclairage allumé,En agglomération,Intersection en T,Pluie forte,Autre collision,,,,,,,,,,,5,2,3,3.0,6
201400054643,0014-09-21 12:20:00,14,9,21,12,20,750,113,"110, RUE JEANNE D ARC",,,Plein jour,En agglomération,Hors intersection,Normale,Autre collision,,,,,,,,,,,1,2,1,1.0,6
201400054644,0014-09-23 01:50:00,14,9,23,1,50,750,113,"106, AVENUE D ITALIE",,,Nuit avec éclairage allumé,En agglomération,Hors intersection,Normale,Autre collision,,,,,,,,,,,5,2,1,1.0,6
201400054645,0014-09-24 09:10:00,14,9,24,9,10,750,113,"98, RUE DE TOLBIAC",,,Plein jour,En agglomération,Intersection à plus de 4 branches,Normale,Deux véhicules - arrière,,,,,,,,,,,1,2,5,1.0,2
201400054646,0014-09-24 12:55:00,14,9,24,12,55,750,113,QUAI D IVRY,,,Plein jour,En agglomération,Hors intersection,Normale,Deux véhicules - arrière,,,,,,,,,,,1,2,1,1.0,2
201400054647,0014-09-24 20:20:00,14,9,24,20,20,750,113,RUE DE LA VISTULE,,,Nuit avec éclairage allumé,En agglomération,Intersection à plus de 4 branches,Normale,Deux véhicules - arrière,,,,,,,,,,,5,2,5,1.0,2
201400054648,0014-09-25 18:00:00,14,9,25,18,0,750,113,"150, BOULEVARD MASSENA",,,Plein jour,En agglomération,Intersection en X,Normale,Deux véhicules - côté,,,,,,,,,,,1,2,2,1.0,3
201400054649,0014-09-17 12:30:00,14,9,17,12,30,750,113,"83, AVENUE D ITALIE",,,Plein jour,En agglomération,Intersection en T,Normale,Autre collision,,,,,,,,,,,1,2,3,1.0,6
201400054650,0014-09-26 22:45:00,14,9,26,22,45,750,113,"18, QUAI D AUSTERLITZ",,,Nuit avec éclairage allumé,En agglomération,Intersection en T,Normale,Deux véhicules - arrière,,,,,,,,,,,5,2,3,1.0,2
201400054651,0014-09-27 15:20:00,14,9,27,15,20,750,113,"69, AVENUE D ITALIE",,,Plein jour,En agglomération,Intersection en T,Normale,Deux véhicules - arrière,,,,,,,,,,,1,2,3,1.0,2
201400054652,0014-09-27 14:25:00,14,9,27,14,25,750,113,BOULEVARD VINCENT AURIOL,,,Plein jour,En agglomération,Intersection en X,Normale,Deux véhicules - arrière,,,,,,,,,,,1,2,2,1.0,2
201400054653,0014-09-27 22:25:00,14,9,27,22,25,750,113,PORTE D IVRY,,,Nuit avec éclairage allumé,En agglomération,Intersection en X,Normale,Deux véhicules - arrière,,,,,,,,,,,5,2,2,1.0,2
201400054654,0014-09-28 22:50:00,14,9,28,22,50,750,113,"24, QUAI D AUSTERLITZ",,,Nuit avec éclairage non allumé,En agglomération,Hors intersection,Normale,Deux véhicules - arrière,,,,,,,,,,,4,2,1,1.0,2
201400054655,0014-09-29 15:55:00,14,9,29,15,55,750,113,"8, RUE DES DEUX AVENUES",,,Plein jour,En agglomération,Hors intersection,Normale,Autre collision,,,,,,,,,,,1,2,1,1.0,6
201400054656,0014-09-30 12:30:00,14,9,30,12,30,750,113,"16, RUE DUNOIS",,,Plein jour,En agglomération,Intersection en X,Normale,Autre collision,,,,,,,,,,,1,2,2,1.0,6
201400054657,0014-09-30 15:35:00,14,9,30,15,35,750,113,"229, RUE DE TOLBIAC",,,Plein jour,En agglomération,Intersection en X,Normale,Deux véhicules - frontale,,,,,,,,,,,1,2,2,1.0,1
201400054658,0014-09-30 18:15:00,14,9,30,18,15,750,113,"27, AVENUE DE LA PORTE D",,,Plein jour,En agglomération,Intersection en T,Normale,Deux véhicules - côté,,,,,,,,,,,1,2,3,1.0,3
201400054659,0014-10-01 16:40:00,14,10,1,16,40,750,113,"48, BOULEVARD ARAGO",,,Plein jour,En agglomération,Intersection en X,Normale,Deux véhicules - côté,,,,,,,,,,,1,2,2,1.0,3
201400054660,0014-10-02 08:00:00,14,10,2,8,0,750,113,"45, BOULEVARD VINCENT AU",,,Plein jour,En agglomération,Intersection en T,Normale,Deux véhicules - côté,,,,,,,,,,,1,2,3,1.0,3
201400054661,0014-10-03 23:45:00,14,10,3,23,45,750,113,"39, BOULEVARD VINCENT AU",,,Nuit avec éclairage allumé,En agglomération,Hors intersection,Normale,Deux véhicules - côté,,,,,,,,,,,5,2,1,1.0,3
201400054662,0014-10-02 23:45:00,14,10,2,23,45,750,113,"01, PLACE D ITALIE",,,Nuit avec éclairage allumé,En agglomération,Place,Normale,Deux véhicules - arrière,,,,,,,,,,,5,2,7,1.0,2
201400054663,0014-10-03 15:00:00,14,10,3,15,0,750,113,"48, BOULEVARD MASSENA",,,Plein jour,En agglomération,Intersection en X,Normale,Deux véhicules - côté,,,,,,,,,,,1,2,2,1.0,3