accident_id,datetime,annee,mois,jour,heure,minute,departement,commune_insee,adresse,latitude,longitude,luminosite,agglomeration,intersection,meteo,collision,nb_vehicules,nb_usagers,nb_indemnes,nb_tues,nb_blesses_hosp,nb_blesses_legers,age_cond_1,age_cond_2,veh_type_cond_1,veh_type_cond_2,lum_code,agg_code,int_code,atm_code,col_code
201400054921,0014-08-29 19:10:00,14,8,29,19,10,750,114,"2, RUE D ARCUEIL",,,Plein jour,En agglomération,Intersection en X,Normale,Autre collision,,,,,,,,,,,1,2,2,1.0,6
201400054922,0014-08-30 20:30:00,14,8,30,20,30,750,114,"10, BOULEVARD BRUNE",,,Nuit avec éclairage allumé,En agglomération,Hors intersection,Normale,Autre collision,,,,,,,,,,,5,2,1,1.0,6
201400054923,0014-08-31 20:30:00,14,8,31,20,30,750,114,"11, RUE D ALESIA",,,Nuit avec éclairage allumé,En agglomération,Hors intersection,Normale,Deux véhicules - frontale,,,,,,,,,,,5,2,1,1.0,1
201400054924,0014-09-02 18:05:00,14,9,2,18,5,750,114,"27, RUE DU DEPART",,,Plein jour,En agglomération,Intersection à plus de 4 branches,Normale,Deux véhicules - côté,,,,,,,,,,,1,2,5,1.0,3
201400054925,0014-09-03 15:30:00,14,9,3,15,30,750,114,"VV181, RUE D ALESIA",,,Plein jour,En agglomération,Intersection en T,Normale,Autre collision,,,,,,,,,,,1,2,3,1.0,6
201400054926,0014-09-03 20:00:00,14,9,3,20,0,750,114,BOULEVARD PERIPHERIQUE,,,Crépuscule ou aube,En agglomération,Hors intersection,Normale,Deux véhicules - côté,,,,,,,,,,,2,2,1,1.0,3
201400054927,0014-09-04 10:40:00,14,9,4,10,40,750,114,"223, RUE D ALESIA",,,Plein jour,En agglomération,Intersection en T,Temps couvert,Autre collision,,,,,,,,,,,1,2,3,8.0,6
201400054928,0014-09-05 20:40:00,14,9,5,20,40,750,114,AVENUE JEAN MOULIN,,,Nuit avec éclairage allumé,En agglomération,Intersection en X,Normale,Autre collision,,,,,,,,,,,5,2,2,1.0,6
201400054929,0014-09-06 00:15:00,14,9,6,0,15,750,114,"232, BOULEVARD RASPAIL",,,Nuit avec éclairage allumé,En agglomération,Intersection à plus de 4 branches,Normale,Deux véhicules - côté,,,,,,,,,,,5,2,5,1.0,3
201400054930,0014-09-07 06:00:00,14,9,7,6,0,750,114,"74, BOULEVARD EDGAR QUIN",,,Nuit avec éclairage allumé,En agglomération,Intersection en T,Normale,Trois véhicules et plus - collisions multiples,,,,,,,,,,,5,2,3,1.0,5
201400054931,0014-09-08 21:00:00,14,9,8,21,0,750,114,BOULEVARD PERIPHERIQUE,,,Nuit avec éclairage allumé,En agglomération,Hors intersection,Normale,Deux véhicules - côté,,,,,,,,,,,5,2,1,1.0,3
201400054932,0014-09-09 18:15:00,14,9,9,18,15,750,114,"43, AVENUE DU GENERAL LE",,,Plein jour,En agglomération,Intersection en X,Normale,Deux véhicules - arrière,,,,,,,,,,,1,2,2,1.0,2
201400054933,0014-09-12 10:30:00,14,9,12,10,30,750,114,"117, BOULEVARD JOURDAN",,,Plein jour,En agglomération,Intersection en X,Normale,Deux véhicules - côté,,,,,,,,,,,1,2,2,1.0,3
201400054934,0014-09-09 08:00:00,14,9,9,8,0,750,114,"119, AVENUE DU GENERAL L",,,Plein jour,En agglomération,Hors intersection,Normale,Deux véhicules - arrière,,,,,,,,,,,1,2,1,1.0,2
201400054935,0014-09-13 15:25:00,14,9,13,15,25,750,114,AVENUE DE LA PORTE DE CH,,,Plein jour,En agglomération,Intersection en Y,Normale,Autre collision,,,,,,,,,,,1,2,4,1.0,6
201400054936,0014-09-14 03:32:00,14,9,14,3,32,750,114,"14, RUE D ODESSA",,,Nuit avec éclairage allumé,En agglomération,Hors intersection,Normale,Autre collision,,,,,,,,,,,5,2,1,1.0,6
201400054937,0014-09-14 17:30:00,14,9,14,17,30,750,114,"42, BOULEVARD JOURDAN",,,Plein jour,En agglomération,Hors intersection,Normale,Sans collision,,,,,,,,,,,1,2,1,1.0,7
201400054938,0014-09-16 18:45:00,14,9,16,18,45,750,114,"2, PLACE FERDINAND BRUNO",,,Plein jour,En agglomération,Hors intersection,Normale,Autre collision,,,,,,,,,,,1,2,1,1.0,6
201400054939,0014-09-18 07:30:00,14,9,18,7,30,750,114,"15, BOULEVARD ROMAIN ROL",,,Plein jour,En agglomération,Intersection en X,Normale,Autre collision,,,,,,,,,,,1,2,2,1.0,6
201400054940,0014-09-23 10:50:00,14,9,23,10,50,750,114,"84, BOULEVARD DU MONTPAR",,,Plein jour,En agglomération,Intersection en X,Normale,Autre collision,,,,,,,,,,,1,2,2,1.0,6
201400054941,0014-09-24 10:15:00,14,9,24,10,15,750,114,"81, BOULEVARD BRUNE",,,Plein jour,En agglomération,Intersection en X,Normale,Deux véhicules - arrière,,,,,,,,,,,1,2,2,1.0,2
201400054942,0014-09-24 10:58:00,14,9,24,10,58,750,114,"185, AVENUE DU MAINE",,,Plein jour,En agglomération,Hors intersection,Normale,Autre collision,,,,,,,,,,,1,2,1,1.0,6
201400054943,0014-09-24 17:35:00,14,9,24,17,35,750,114,"71bis, RUE DE LA TOMBE I",,,Plein jour,En agglomération,Hors intersection,Normale,Deux véhicules - arrière,,,,,,,,,,,1,2,1,1.0,2
201400054944,0014-09-25 17:30:00,14,9,25,17,30,750,107,"5, AVENUE DE VILLARS",,,Plein jour,En agglomération,Hors intersection,Normale,Autre collision,,,,,,,,,,,1,2,1,1.0,6
201400054945,0014-09-25 18:40:00,14,9,25,18,40,750,114,"1, BOULEVARD BRUNE",,,Plein jour,En agglomération,Intersection à plus de 4 branches,Normale,Deux véhicules - arrière,,,,,,,,,,,1,2,5,1.0,2
201400054946,0014-09-26 10:50:00,14,9,26,10,50,750,114,"141, BOULEVARD BRUNE",,,Plein jour,En agglomération,Intersection en X,Normale,Autre collision,,,,,,,,,,,1,2,2,1.0,6
201400054947,0014-10-02 15:50:00,14,10,2,15,50,750,114,PLACE VICTOR ET HELENE B,,,Plein jour,En agglomération,Place,Normale,Deux véhicules - côté,,,,,,,,,,,1,2,7,1.0,3
201400054948,0014-10-03 08:00:00,14,10,3,8,0,750,114,PLACE DENFERT ROCHEREAU,,,Plein jour,En agglomération,Place,Normale,Deux véhicules - côté,,,,,,,,,,,1,2,7,1.0,3
201400054949,0014-10-06 19:20:00,14,10,6,19,20,750,114,"232, BOULEVARD RASPAIL",,,Nuit avec éclairage allumé,En agglomération,Intersection en Y,Pluie forte,Sans collision,,,,,,,,,,,5,2,4,3.0,7
201400054950,0014-10-07 19:00:00,14,10,7,19,0,750,114,"170, RUE D ALESIA",,,Nuit avec éclairage allumé,En agglomération,Intersection en X,Pluie légère,Autre collision,,,,,,,,,,,5,2,2,2.0,6
201400054951,0014-10-07 22:30:00,14,10,7,22,30,750,114,"26, AVENUE JEAN MOULIN",,,Nuit avec éclairage allumé,En agglomération,Intersection en X,Normale,Deux véhicules - arrière,,,,,,,,,,,5,2,2,1.0,2
201400054952,0014-10-08 11:25:00,14,10,8,11,25,750,114,"52, RUE D ALESIA",,,Plein jour,En agglomération,Hors intersection,Pluie forte,Autre collision,,,,,,,,,,,1,2,1,3.0,6
201400054953,0014-10-10 20:45:00,14,10,10,20,45,750,114,"28, BOULEVARD JOURDAN",,,Nuit avec éclairage allumé,En agglomération,Intersection en X,Normale,Deux véhicules - arrière,,,,,,,,,,,5,2,2,1.0,2
201400054954,0014-10-12 06:30:00,14,10,12,6,30,750,114,"105, RUE VERCINGETORIX",,,Nuit avec éclairage allumé,En agglomération,Intersection en X,Normale,Sans collision,,,,,,,,,,,5,2,2,1.0,7
201400054955,0014-10-12 11:50:00,14,10,12,11,50,750,114,"125, BOULEVARD BRUNE",,,Plein jour,En agglomération,Hors intersection,Normale,Deux véhicules - arrière,,,,,,,,,,,1,2,1,1.0,2
201400054956,0014-10-15 16:00:00,14,10,15,16,0,750,114,"63, AVENUE DU GENERAL LE",,,Plein jour,En agglomération,Hors intersection,Pluie légère,Deux véhicules - arrière,,,,,,,,,,,1,2,1,2.0,2
201400054957,0014-10-16 01:00:00,14,10,16,1,0,750,114,AVENUE DU DOCTEUR LANNEL,,,Nuit avec éclairage allumé,En agglomération,Hors intersection,Pluie légère,Deux véhicules - côté,,,,,,,,,,,5,2,1,2.0,3
201400054958,0014-10-17 04:30:00,14,10,17,4,30,750,114,"1, AVENUE PIERRE MASSE",,,Nuit avec éclairage allumé,En agglomération,Hors intersection,Pluie légère,Autre collision,,,,,,,,,,,5,2,1,2.0,6
201400054959,0014-10-19 06:20:00,14,10,19,6,20,750,114,"176, RUE D ALESIA",,,Nuit avec éclairage allumé,En agglomération,Hors intersection,Normale,Deux véhicules - frontale,,,,,,,,,,,5,2,1,1.0,1
201400054960,0014-10-19 19:40:00,14,10,19,19,40,750,114,"20, AVENUE DU GENERAL LE",,,Nuit sans éclairage public,En agglomération,Intersection en T,Normale,Deux véhicules - côté,,,,,,,,,,,3,2,3,1.0,3
201400054961,0014-10-21 02:35:00,14,10,21,2,35,750,114,AVENUE DAVID WEILL,,,Nuit avec éclairage allumé,En agglomération,Hors intersection,Normale,Sans collision,,,,,,,,,,,5,2,1,1.0,7
201400054962,0014-10-22 20:00:00,14,10,22,20,0,750,114,"58, RUE DES PLANTES",,,Nuit avec éclairage allumé,En agglomération,Intersection en T,Normale,Autre collision,,,,,,,,,,,5,2,3,1.0,6
201400054963,0014-10-23 09:00:00,14,10,23,9,0,750,114,"1, BOULEVARD DU MONTPARN",,,Plein jour,En agglomération,Intersection en X,Normale,Trois véhicules et plus - collisions multiples,,,,,,,,,,,1,2,2,1.0,5
201400054964,0014-10-24 01:45:00,14,10,24,1,45,750,115,"1, PLACE DU MOULIN DE JA",,,Nuit avec éclairage allumé,En agglomération,Intersection en X,Normale,Deux véhicules - arrière,,,,,,,,,,,5,2,2,1.0,2
201400054965,0014-10-27 15:25:00,14,10,27,15,25,750,114,"170, RUE D ALESIA",,,Plein jour,En agglomération,Intersection en X,Normale,Autre collision,,,,,,,,,,,1,2,2,1.0,6
201400054966,0014-10-28 17:15:00,14,10,28,17,15,750,114,BOULEVARD PERIPHERIQUE I,,,Crépuscule ou aube,En agglomération,Intersection en Y,Normale,Deux véhicules - arrière,,,,,,,,,,,2,2,4,1.0,2
201400054967,0014-10-29 23:30:00,14,10,29,23,30,750,114,AVENUE DU GENERAL LECLER,,,Nuit avec éclairage allumé,En agglomération,Intersection en T,Normale,Autre collision,,,,,,,,,,,5,2,3,1.0,6
201400054968,0014-10-30 06:35:00,14,10,30,6,35,750,114,"35, BOULEVARD ROMAIN ROL",,,Nuit avec éclairage allumé,En agglomération,Intersection en Y,Normale,Autre collision,,,,,,,,,,,5,2,4,1.0,6
201400054969,0014-11-01 02:30:00,14,11,1,2,30,750,114,"151, AVENUE PAUL VAILLAN",,,Nuit avec éclairage allumé,En agglomération,Intersection en X,Normale,Autre collision,,,,,,,,,,,5,2,2,1.0,6
201400054970,0014-11-03 13:35:00,14,11,3,13,35,750,114,RUE D ALESIA,,,Plein jour,En agglomération,Intersection à plus de 4 branches,Pluie légère,Deux véhicules - côté,,,,,,,,,,,1,2,5,2.0,3
201400054971,0014-11-04 08:45:00,14,11,4,8,45,750,114,RUE DU CHATEAU,,,Plein jour,En agglomération,Place,Temps couvert,Deux véhicules - côté,,,,,,,,,,,1,2,7,8.0,3
201400054972,0014-11-04 16:45:00,14,11,4,16,45,750,114,"119, AVENUE DU GENERAL L",,,Plein jour,En agglomération,Hors intersection,Normale,Deux véhicules - arrière,,,,,,,,,,,1,2,1,1.0,2
201400054973,0014-11-05 08:35:00,14,11,5,8,35,750,114,"68, AVENUE DENFERT ROCHE",,,Plein jour,En agglomération,Hors intersection,Normale,Deux véhicules - frontale,,,,,,,,,,,1,2,1,1.0,1
201400054974,0014-11-05 17:15:00,14,11,5,17,15,750,114,"162, RUE D ALESIA",,,Crépuscule ou aube,En agglomération,Intersection en T,Normale,Deux véhicules - côté,,,,,,,,,,,2,2,3,1.0,3
201400054975,0014-11-08 01:00:00,14,11,8,1,0,750,115,"35, QUAI ANDRE CITROEN",,,Nuit avec éclairage allumé,En agglomération,Intersection en T,Normale,Deux véhicules - côté,,,,,,,,,,,5,2,3,1.0,3
201400054976,0014-11-10 14:30:00,14,11,10,14,30,750,114,"179, RUE VERCINGETORIX",,,Plein jour,En agglomération,Intersection en T,Normale,Trois véhicules et plus - en chaîne,,,,,,,,,,,1,2,3,1.0,4
201400054977,0014-11-11 20:15:00,14,11,11,20,15,750,114,"45, AVENUE JEAN MOULIN",,,Nuit avec éclairage allumé,En agglomération,Intersection en T,Normale,Deux véhicules - côté,,,,,,,,,,,5,2,3,1.0,3
201400054978,0014-11-15 16:30:00,14,11,15,16,30,750,114,AVENUE LUCIEN DESCAVES,,,Plein jour,En agglomération,Hors intersection,Pluie légère,Sans collision,,,,,,,,,,,1,2,1,2.0,7
201400054979,0014-11-16 19:10:00,14,11,16,19,10,750,114,"18, RUE DE LA TOMBE ISSO",,,Nuit avec éclairage allumé,En agglomération,Intersection en T,Pluie légère,Autre collision,,,,,,,,,,,5,2,3,2.0,6
201400054980,0014-11-17 08:25:00,14,11,17,8,25,750,114,PLACE PABLO PICASSO,,,Plein jour,En agglomération,Intersection à plus de 4 branches,Normale,Deux véhicules - arrière,,,,,,,,,,,1,2,5,1.0,2
201400054981,0014-11-17 08:15:00,14,11,17,8,15,750,114,BOULEVARD PERIPHERIQUE,,,Plein jour,En agglomération,Hors intersection,Normale,Deux véhicules - côté,,,,,,,,,,,1,2,1,1.0,3
201400054982,0014-11-18 09:00:00,14,11,18,9,0,750,114,"85, RUE D ALESIA",,,Plein jour,En agglomération,Hors intersection,Pluie légère,Sans collision,,,,,,,,,,,1,2,1,2.0,7
201400054983,0014-11-19 16:50:00,14,11,19,16,50,750,114,"50, BOULEVARD JOURDAN",,,Crépuscule ou aube,En agglomération,Intersection en X,Normale,Deux véhicules - frontale,,,,,,,,,,,2,2,2,1.0,1
201400054984,0014-11-20 13:40:00,14,11,20,13,40,750,114,PLACE DE LA PORTE DE VAN,,,Plein jour,En agglomération,Intersection à plus de 4 branches,Normale,Deux véhicules - côté,,,,,,,,,,,1,2,5,1.0,3
201400054985,0014-11-21 05:50:00,14,11,21,5,50,750,114,"5 bis, RUE D ALESIA",,,Nuit avec éclairage allumé,En agglomération,Hors intersection,Normale,Autre collision,,,,,,,,,,,5,2,1,1.0,6
201400054986,0014-11-24 09:10:00,14,11,24,9,10,750,114,RUE RAYMOND LOSSERAND,,,Plein jour,En agglomération,Intersection en T,Pluie légère,Autre collision,,,,,,,,,,,1,2,3,2.0,6
201400054987,0014-11-24 08:50:00,14,11,24,8,50,750,114,"11 TER, RUE D ALESIA",,,Plein jour,En agglomération,Hors intersection,Pluie légère,Deux véhicules - frontale,,,,,,,,,,,1,2,1,2.0,1
201400054988,0014-11-24 20:30:00,14,11,24,20,30,750,114,"34, AVENUE DU GENERAL LE",,,Nuit avec éclairage allumé,En agglomération,Intersection en X,Normale,Deux véhicules - arrière,,,,,,,,,,,5,2,2,1.0,2
201400054989,0014-11-25 17:20:00,14,11,25,17,20,750,114,"42, AVENUE REILLE",,,Crépuscule ou aube,En agglomération,Hors intersection,Normale,Autre collision,,,,,,,,,,,2,2,1,1.0,6
201400054990,0014-11-26 21:00:00,14,11,26,21,0,750,114,"105, BOULEVARD JOURDAN",,,Nuit avec éclairage allumé,En agglomération,Hors intersection,Normale,Sans collision,,,,,,,,,,,5,2,1,1.0,7
201400054991,0014-11-29 23:20:00,14,11,29,23,20,750,114,"232, RUE VERCINGETORIX",,,Nuit avec éclairage allumé,En agglomération,Intersection en T,Normale,Autre collision,,,,,,,,,,,5,2,3,1.0,6
201400054992,0014-11-30 14:10:00,14,11,30,14,10,750,114,RUE VERCINGETORIX,,,Plein jour,En agglomération,Intersection en X,Normale,Deux véhicules - arrière,,,,,,,,,,,1,2,2,1.0,2
201400054993,0014-11-30 17:48:00,14,11,30,17,48,750,114,RUE D ALESIA,,,Nuit avec éclairage allumé,En agglomération,Intersection en X,Normale,Autre collision,,,,,,,,,,,5,2,2,1.0,6
201400054994,0014-12-02 15:35:00,14,12,2,15,35,750,114,"250, BOULEVARD RASPAIL",,,Plein jour,En agglomération,Intersection en Y,Pluie légère,Sans collision,,,,,,,,,,,1,2,4,2.0,7
201400054995,0014-12-02 16:40:00,14,12,2,16,40,750,114,"11, RUE DE LA CITE UNIVE",,,Nuit avec éclairage allumé,En agglomération,Intersection en T,Normale,Autre collision,,,,,,,,,,,5,2,3,1.0,6
201400054996,0014-12-02 19:55:00,14,12,2,19,55,750,114,BOULEVARD ROMAIN ROLLAND,,,Nuit avec éclairage allumé,En agglomération,Intersection en T,Pluie légère,Autre collision,,,,,,,,,,,5,2,3,2.0,6
201400054997,0014-12-04 19:51:00,14,12,4,19,51,750,113,PORTE DE GENTILLY,,,Nuit avec éclairage non allumé,En agglomération,Hors intersection,Normale,Deux véhicules - côté,,,,,,,,,,,4,2,1,1.0,3
201400054998,0014-12-07 07:30:00,14,12,7,7,30,750,114,PLACE VICTOR BASCH,,,Crépuscule ou aube,En agglomération,Place,Normale,Sans collision,,,,,,,,,,,2,2,7,1.0,7
201400054999,0014-12-08 11:10:00,14,12,8,11,10,750,114,"5, VILLA COEUR DE VEY",,,Plein jour,En agglomération,Hors intersection,Normale,Autre collision,,,,,,,,,,,1,2,1,1.0,6
201400055000,0014-12-08 18:40:00,14,12,8,18,40,750,114,"10, AVENUE RENE COTY",,,Nuit avec éclairage allumé,En agglomération,Intersection à plus de 4 branches,Autre,Deux véhicules - arrière,,,,,,,,,,,5,2,5,9.0,2
201400055001,0014-12-09 09:45:00,14,12,9,9,45,750,114,"1, BOULEVARD ADOLPHE PIN",,,Plein jour,En agglomération,Intersection en T,Normale,Deux véhicules - côté,,,,,,,,,,,1,2,3,1.0,3
201400055002,0014-12-09 12:40:00,14,12,9,12,40,750,114,"8, RUE MAURICE BOUCHOR",,,Plein jour,En agglomération,Intersection en T,Normale,Autre collision,,,,,,,,,,,1,2,3,1.0,6
201400055003,0014-12-09 13:25:00,14,12,9,13,25,750,114,"7, BOULEVARD JOURDAN",,,Plein jour,En agglomération,Hors intersection,Normale,Deux véhicules - côté,,,,,,,,,,,1,2,1,1.0,3
201400055004,0014-12-09 17:10:00,14,12,9,17,10,750,114,"216, AVENUE DU MAINE",,,Nuit avec éclairage allumé,En agglomération,Hors intersection,Normale,Deux véhicules - côté,,,,,,,,,,,5,2,1,1.0,3
201400055005,0014-12-09 18:00:00,14,12,9,18,0,750,114,"19, AVENUE RENE COTY",,,Nuit avec éclairage allumé,En agglomération,Intersection en Y,Normale,Sans collision,,,,,,,,,,,5,2,4,1.0,7
201400055006,0014-12-10 08:40:00,14,12,10,8,40,750,114,"54, BOULEVARD EDGAR QUIN",,,Plein jour,En agglomération,Intersection à plus de 4 branches,Pluie légère,Deux véhicules - côté,,,,,,,,,,,1,2,5,2.0,3
201400055007,0014-12-10 17:03:00,14,12,10,17,3,750,114,RUE DE LA TOMBE ISSOIRE,,,Crépuscule ou aube,En agglomération,Intersection en T,Pluie légère,Autre collision,,,,,,,,,,,2,2,3,2.0,6
201400055008,0014-12-11 23:15:00,14,12,11,23,15,750,114,"95, BOULEVARD DE PORT RO",,,Nuit avec éclairage allumé,En agglomération,Intersection en X,Normale,Autre collision,,,,,,,,,,,5,2,2,1.0,6
201400055009,0014-12-12 12:45:00,14,12,12,12,45,750,114,"122, AVENUE DU GENERAL L",,,Plein jour,En agglomération,Hors intersection,Pluie forte,Autre collision,,,,,,,,,,,1,2,1,3.0,6
201400055010,0014-12-12 22:40:00,14,12,12,22,40,750,114,"89, BOULEVARD BRUNE",,,Nuit avec éclairage allumé,En agglomération,Intersection en X,Pluie légère,Deux véhicules - côté,,,,,,,,,,,5,2,2,2.0,3
201400055011,0014-12-14 20:20:00,14,12,14,20,20,750,115,"78 BIS, RUE DE LA CONVEN",,,Nuit avec éclairage allumé,En agglomération,Hors intersection,Normale,Deux véhicules - côté,,,,,,,,,,,5,2,1,1.0,3
201400055012,0014-12-15 08:20:00,14,12,15,8,20,750,114,"170, RUE D ALESIA",,,Plein jour,En agglomération,Intersection en X,Pluie légère,Autre collision,,,,,,,,,,,1,2,2,2.0,6
201400055013,0014-12-15 17:25:00,14,12,15,17,25,750,114,"52, RUE DE LA TOMBE ISSO",,,Nuit avec éclairage allumé,En agglomération,Intersection en Y,Pluie légère,Autre collision,,,,,,,,,,,5,2,4,2.0,6
201400055014,0014-12-17 10:30:00,14,12,17,10,30,750,114,"174, BOULEVARD DU MONTPA",,,Plein jour,En agglomération,Intersection en X,Pluie légère,Deux véhicules - frontale,,,,,,,,,,,1,2,2,2.0,1
201400055015,0014-12-17 22:20:00,14,12,17,22,20,750,114,"59, BOULEVARD SAINT JACQ",,,Nuit avec éclairage allumé,En agglomération,Intersection en T,Pluie forte,Autre collision,,,,,,,,,,,5,2,3,3.0,6
201400055016,0014-12-18 20:00:00,14,12,18,20,0,750,114,"1, AVENUE DU COLONEL HEN",,,Nuit avec éclairage allumé,En agglomération,Place,Normale,Deux véhicules - arrière,,,,,,,,,,,5,2,7,1.0,2
201400055017,0014-12-18 19:55:00,14,12,18,19,55,750,114,"18, RUE DES PLANTES",,,Nuit avec éclairage allumé,En agglomération,Hors intersection,Normale,Trois véhicules et plus - en chaîne,,,,,,,,,,,5,2,1,1.0,4
201400055018,0014-12-19 18:35:00,14,12,19,18,35,750,114,"1, RUE PATURLE",,,Nuit avec éclairage allumé,En agglomération,Intersection à plus de 4 branches,Pluie légère,Autre collision,,,,,,,,,,,5,2,5,2.0,6
201400055019,0014-12-20 11:50:00,14,12,20,11,50,750,114,"56, RUE HALLE",,,Plein jour,En agglomération,Intersection en T,Normale,Autre collision,,,,,,,,,,,1,2,3,1.0,6
201400055020,0014-12-21 19:05:00,14,12,21,19,5,750,114,PLACE DENFERT ROCHEREAU,,,Nuit avec éclairage allumé,En agglomération,Place,Normale,Sans collision,,,,,,,,,,,5,2,7,1.0,7
201400055021,0014-12-21 19:35:00,14,12,21,19,35,750,114,"3, BOULEVARD EDGAR QUINE",,,Nuit avec éclairage allumé,En agglomération,Hors intersection,Normale,Deux véhicules - arrière,,,,,,,,,,,5,2,1,1.0,2
201400055022,0014-01-04 06:50:00,14,1,4,6,50,750,115,RUE LINOIS,,,Nuit avec éclairage allumé,En agglomération,Intersection à plus de 4 branches,Normale,Autre collision,,,,,,,,,,,5,2,5,1.0,6
201400055023,0014-01-04 09:45:00,14,1,4,9,45,750,115,"346, RUE LECOURBE",,,Plein jour,En agglomération,Intersection en X,Normale,Autre collision,,,,,,,,,,,1,2,2,1.0,6
201400055024,0014-01-04 23:45:00,14,1,4,23,45,750,115,RUE CAMBRONNE,,,Nuit avec éclairage allumé,En agglomération,Intersection en X,Normale,Deux véhicules - côté,,,,,,,,,,,5,2,2,1.0,3
201400055025,0014-01-06 10:20:00,14,1,6,10,20,750,115,"1, QUAI BRANLY",,,Plein jour,En agglomération,Intersection en X,Normale,Deux véhicules - côté,,,,,,,,,,,1,2,2,1.0,3
201400055026,0014-01-06 20:05:00,14,1,6,20,5,750,115,"6, RUE DE LA PORTE D ISS",,,Nuit avec éclairage allumé,En agglomération,Hors intersection,Pluie légère,Deux véhicules - côté,,,,,,,,,,,5,2,1,2.0,3
201400055027,0014-01-07 10:05:00,14,1,7,10,5,750,115,"22, RUE DE VOUILLE",,,Plein jour,En agglomération,Hors intersection,Temps couvert,Deux véhicules - côté,,,,,,,,,,,1,2,1,8.0,3
201400055028,0014-01-09 18:15:00,14,1,9,18,15,750,115,"146, RUE SAINT CHARLES",,,Nuit avec éclairage allumé,En agglomération,Intersection en X,Normale,Deux véhicules - côté,,,,,,,,,,,5,2,2,1.0,3
201400055029,0014-01-10 14:08:00,14,1,10,14,8,750,115,"161 bis, AVENUE DE SUFFR",,,Plein jour,En agglomération,Intersection en T,Normale,Deux véhicules - côté,,,,,,,,,,,1,2,3,1.0,3
201400055030,0014-01-11 10:55:00,14,1,11,10,55,750,115,"154, RUE LECOURBE",,,Plein jour,En agglomération,Intersection en X,Normale,Deux véhicules - côté,,,,,,,,,,,1,2,2,1.0,3
201400055031,0014-01-11 14:50:00,14,1,11,14,50,750,115,"163, RUE DE LA CROIX NIV",,,Plein jour,En agglomération,Intersection en X,Temps couvert,Deux véhicules - côté,,,,,,,,,,,1,2,2,8.0,3
201400055032,0014-01-13 16:05:00,14,1,13,16,5,750,115,"73, QUAI BRANLY",,,Plein jour,En agglomération,Intersection en T,Temps éblouissant,Autre collision,,,,,,,,,,,1,2,3,7.0,6
201400055033,0014-01-15 09:45:00,14,1,15,9,45,750,115,RUE DESNOUETTES,,,Plein jour,En agglomération,Intersection en T,Pluie légère,Autre collision,,,,,,,,,,,1,2,3,2.0,6
201400055034,0014-01-15 14:00:00,14,1,15,14,0,750,115,"20, RUE LEBLANC",,,Plein jour,En agglomération,Hors intersection,Pluie légère,Deux véhicules - côté,,,,,,,,,,,1,2,1,2.0,3
201400055035,0014-01-15 19:20:00,14,1,15,19,20,750,115,"48, RUE DE DANTZIG",,,Nuit avec éclairage allumé,En agglomération,Intersection en T,Pluie légère,Sans collision,,,,,,,,,,,5,2,3,2.0,7
201400055036,0014-01-15 20:25:00,14,1,15,20,25,750,115,PORT DE GRENELLE,,,Nuit sans éclairage public,En agglomération,Hors intersection,Pluie légère,Autre collision,,,,,,,,,,,3,2,1,2.0,6
201400055037,0014-01-16 15:40:00,14,1,16,15,40,750,115,PLACE DES INSURGES DE VA,,,Plein jour,En agglomération,Place,Normale,Deux véhicules - côté,,,,,,,,,,,1,2,7,1.0,3
201400055038,0014-01-17 10:50:00,14,1,17,10,50,750,115,"222, RUE DE LA CONVENTIO",,,Plein jour,En agglomération,Intersection en T,Normale,Autre collision,,,,,,,,,,,1,2,3,1.0,6
201400055039,0014-01-18 07:08:00,14,1,18,7,8,750,115,"20, RUE DE LA CROIX NIVE",,,Nuit avec éclairage allumé,En agglomération,Hors intersection,Normale,Deux véhicules - frontale,,,,,,,,,,,5,2,1,1.0,1
201400055040,0014-01-22 15:45:00,14,1,22,15,45,750,115,"10, AVENUE DU MAINE",,,Plein jour,En agglomération,Intersection en T,Pluie légère,Deux véhicules - côté,,,,,,,,,,,1,2,3,2.0,3
201400055041,0014-01-24 14:50:00,14,1,24,14,50,750,115,"18, BOULEVARD DE GRENELL",,,Plein jour,En agglomération,Hors intersection,Normale,Deux véhicules - côté,,,,,,,,,,,1,2,1,1.0,3
201400055042,0014-01-27 08:30:00,14,1,27,8,30,750,115,"2, RUE LOUIS ARMAND",,,Plein jour,En agglomération,Place,Normale,Autre collision,,,,,,,,,,,1,2,7,1.0,6
201400055043,0014-01-27 08:55:00,14,1,27,8,55,750,115,"125, RUE CAMBRONNE",,,Plein jour,En agglomération,Intersection en X,Normale,Autre collision,,,,,,,,,,,1,2,2,1.0,6
201400055044,0014-01-27 12:30:00,14,1,27,12,30,750,115,"8, RUE JACQUES BAUDRY",,,Plein jour,En agglomération,Hors intersection,Pluie légère,Sans collision,,,,,,,,,,,1,2,1,2.0,7
201400055045,0014-01-27 19:10:00,14,1,27,19,10,750,115,"274, RUE LECOURBE",,,Nuit avec éclairage allumé,En agglomération,Intersection en X,Normale,Deux véhicules - arrière,,,,,,,,,,,5,2,2,1.0,2
201400055046,0014-01-27 23:00:00,14,1,27,23,0,750,115,BOULEVARD GENERAL MARTIA,,,Nuit avec éclairage allumé,En agglomération,Intersection en X,Normale,Sans collision,,,,,,,,,,,5,2,2,1.0,7