accident_id,datetime,annee,mois,jour,heure,minute,departement,commune_insee,adresse,latitude,longitude,luminosite,agglomeration,intersection,meteo,collision,nb_vehicules,nb_usagers,nb_indemnes,nb_tues,nb_blesses_hosp,nb_blesses_legers,age_cond_1,age_cond_2,veh_type_cond_1,veh_type_cond_2,lum_code,agg_code,int_code,atm_code,col_code
201400055047,0014-01-28 17:50:00,14,1,28,17,50,750,115,"44, RUE DE LA CONVENTION",,,Nuit avec éclairage allumé,En agglomération,Intersection en X,Pluie légère,Autre collision,,,,,,,,,,,5,2,2,2.0,6
201400055048,0014-01-29 18:30:00,14,1,29,18,30,750,115,"74, RUE SAINT CHARLES",,,Nuit avec éclairage allumé,En agglomération,Intersection en T,Normale,Autre collision,,,,,,,,,,,5,2,3,1.0,6
201400055049,0014-01-31 07:35:00,14,1,31,7,35,750,115,BOULEVARD LEFEBVRE,,,Crépuscule ou aube,En agglomération,Intersection à plus de 4 branches,Brouillard / fumée,Deux véhicules - côté,,,,,,,,,,,2,2,5,5.0,3
201400055050,0014-02-01 08:15:00,14,2,1,8,15,750,115,"224, RUE DE LA CROIX NIV",,,Nuit avec éclairage allumé,En agglomération,Intersection à plus de 4 branches,Pluie légère,Autre collision,,,,,,,,,,,5,2,5,2.0,6
201400055051,0014-02-01 14:20:00,14,2,1,14,20,750,115,"6, RUE ANTOINE BOURDELLE",,,Plein jour,En agglomération,Intersection en T,Normale,Autre collision,,,,,,,,,,,1,2,3,1.0,6
201400055052,0014-02-01 16:30:00,14,2,1,16,30,750,115,"375 BIS, RUE DE VAUGIRAR",,,Plein jour,En agglomération,Intersection en X,Normale,Autre collision,,,,,,,,,,,1,2,2,1.0,6
201400055053,0014-02-02 01:07:00,14,2,2,1,7,750,115,"90, QUAI ANDRE CITROEN",,,Nuit avec éclairage allumé,En agglomération,Place,Normale,Deux véhicules - arrière,,,,,,,,,,,5,2,7,1.0,2
201400055054,0014-02-02 17:40:00,14,2,2,17,40,750,107,AVENUE DE SUFFREN,,,Plein jour,En agglomération,Intersection en X,Normale,Sans collision,,,,,,,,,,,1,2,2,1.0,7
201400055055,0014-02-05 20:45:00,14,2,5,20,45,750,115,QUAI ANDRE CITROEN,,,Nuit avec éclairage allumé,En agglomération,Intersection en X,Normale,Autre collision,,,,,,,,,,,5,2,2,1.0,6
201400055056,0014-02-07 16:00:00,14,2,7,16,0,750,115,"19, RUE DU DOCTEUR FINLA",,,Plein jour,En agglomération,Intersection en T,Normale,Deux véhicules - arrière,,,,,,,,,,,1,2,3,1.0,2
201400055057,0014-02-07 15:30:00,14,2,7,15,30,750,115,"23, RUE DU COMMERCE",,,Plein jour,En agglomération,Intersection en X,Normale,Autre collision,,,,,,,,,,,1,2,2,1.0,6
201400055058,0014-02-08 17:55:00,14,2,8,17,55,750,115,"11, RUE LINOIS",,,Nuit avec éclairage allumé,En agglomération,Intersection en T,Pluie légère,Autre collision,,,,,,,,,,,5,2,3,2.0,6
201400055059,0014-02-09 06:30:00,14,2,9,6,30,750,115,"110, RUE CAMBRONNE",,,Nuit avec éclairage allumé,En agglomération,Intersection en X,Normale,Autre collision,,,,,,,,,,,5,2,2,1.0,6
201400055060,0014-02-09 06:30:00,14,2,9,6,30,750,115,"18, RUE DE L ARRIVEE",,,Nuit avec éclairage allumé,En agglomération,Hors intersection,Normale,Autre collision,,,,,,,,,,,5,2,1,1.0,6
201400055061,0014-02-11 09:40:00,14,2,11,9,40,750,115,"100, RUE DE SEVRES",,,Plein jour,En agglomération,Hors intersection,Normale,Deux véhicules - côté,,,,,,,,,,,1,2,1,1.0,3
201400055062,0014-02-11 21:00:00,14,2,11,21,0,750,115,"214, RUE DE LA CONVENTIO",,,Nuit avec éclairage allumé,En agglomération,Hors intersection,Pluie légère,Deux véhicules - arrière,,,,,,,,,,,5,2,1,2.0,2
201400055063,0014-02-13 07:25:00,14,2,13,7,25,750,107,"15, BOULEVARD RASPAIL",,,Nuit avec éclairage allumé,En agglomération,Intersection à plus de 4 branches,Pluie forte,Deux véhicules - arrière,,,,,,,,,,,5,2,5,3.0,2
201400055064,0014-02-14 05:05:00,14,2,14,5,5,750,115,RUE CAMBRONNE,,,Nuit avec éclairage allumé,En agglomération,Intersection en X,Normale,Autre collision,,,,,,,,,,,5,2,2,1.0,6
201400055065,0014-02-15 16:00:00,14,2,15,16,0,750,115,"227, RUE DE LA CONVENTIO",,,Plein jour,En agglomération,Intersection en X,Normale,Autre collision,,,,,,,,,,,1,2,2,1.0,6
201400055066,0014-02-15 20:20:00,14,2,15,20,20,750,115,"103, RUE CAMBRONNE",,,Nuit avec éclairage allumé,En agglomération,Intersection en X,Pluie légère,Autre collision,,,,,,,,,,,5,2,2,2.0,6
201400055067,0014-02-15 20:15:00,14,2,15,20,15,750,115,"196, RUE DE LA CONVENTIO",,,Nuit avec éclairage allumé,En agglomération,Intersection en X,Normale,Autre collision,,,,,,,,,,,5,2,2,1.0,6
201400055068,0014-02-16 14:55:00,14,2,16,14,55,750,115,"18, BOULEVARD DE GRENELL",,,Plein jour,En agglomération,Intersection en X,Normale,Autre collision,,,,,,,,,,,1,2,2,1.0,6
201400055069,0014-02-17 20:25:00,14,2,17,20,25,750,115,"0, RUE DES ENTREPRENEURS",,,Nuit avec éclairage allumé,En agglomération,Intersection en X,Normale,Deux véhicules - frontale,,,,,,,,,,,5,2,2,1.0,1
201400055070,0014-02-18 10:25:00,14,2,18,10,25,750,115,"61, BOULEVARD PASTEUR",,,Plein jour,En agglomération,Intersection en T,Normale,Autre collision,,,,,,,,,,,1,2,3,1.0,6
201400055071,0014-02-20 08:55:00,14,2,20,8,55,750,115,"52, RUE DE LA CONVENTION",,,Plein jour,En agglomération,Intersection en X,Pluie légère,Sans collision,,,,,,,,,,,1,2,2,2.0,7
201400055072,0014-02-23 16:45:00,14,2,23,16,45,750,115,"53, QUAI DE GRENELLE",,,Plein jour,En agglomération,Intersection en X,Normale,Autre collision,,,,,,,,,,,1,2,2,1.0,6
201400055073,0014-02-25 15:50:00,14,2,25,15,50,750,115,"88, RUE DE LA FEDERATION",,,Plein jour,En agglomération,Intersection en Y,Normale,Autre collision,,,,,,,,,,,1,2,4,1.0,6
201400055074,0014-02-26 05:35:00,14,2,26,5,35,750,115,"19, QUAI DE GRENELLE",,,Nuit avec éclairage allumé,En agglomération,Intersection en T,Normale,Sans collision,,,,,,,,,,,5,2,3,1.0,7
201400055075,0014-02-26 19:45:00,14,2,26,19,45,750,115,"1, QUAI ANDRE CITROEN",,,Nuit avec éclairage allumé,En agglomération,Intersection en X,Normale,Autre collision,,,,,,,,,,,5,2,2,1.0,6
201400055076,0014-02-27 09:55:00,14,2,27,9,55,750,115,"189, RUE DE LA CONVENTIO",,,Plein jour,En agglomération,Intersection en X,Pluie forte,Autre collision,,,,,,,,,,,1,2,2,3.0,6
201400055077,0014-02-27 09:48:00,14,2,27,9,48,750,115,"6, RUE LOUIS ARMAND",,,Plein jour,En agglomération,Hors intersection,Pluie forte,Deux véhicules - côté,,,,,,,,,,,1,2,1,3.0,3
201400055078,0014-02-27 15:50:00,14,2,27,15,50,750,115,"189, RUE DE LA CONVENTIO",,,Plein jour,En agglomération,Hors intersection,Pluie légère,Autre collision,,,,,,,,,,,1,2,1,2.0,6
201400055079,0014-02-27 19:15:00,14,2,27,19,15,750,115,RUE DE LA CONVENTION,,,Nuit avec éclairage allumé,En agglomération,Intersection en X,Pluie légère,Autre collision,,,,,,,,,,,5,2,2,2.0,6
201400055080,0014-02-28 03:15:00,14,2,28,3,15,750,115,RUE DU COMMERCE,,,Nuit avec éclairage allumé,En agglomération,Intersection en X,Normale,Deux véhicules - côté,,,,,,,,,,,5,2,2,1.0,3
201400055081,0014-02-28 09:30:00,14,2,28,9,30,750,115,BOULEVARD GARIBALDI,,,Plein jour,En agglomération,Intersection en X,Pluie légère,Autre collision,,,,,,,,,,,1,2,2,2.0,6
201400055082,0014-03-01 06:20:00,14,3,1,6,20,750,115,"1, RUE DE L ARRIVEE",,,Nuit avec éclairage allumé,En agglomération,Intersection à plus de 4 branches,Pluie légère,Trois véhicules et plus - en chaîne,,,,,,,,,,,5,2,5,2.0,4
201400055083,0014-03-01 13:20:00,14,3,1,13,20,750,115,"1, RUE CAMBRONNE",,,Plein jour,En agglomération,Place,Normale,Deux véhicules - côté,,,,,,,,,,,1,2,7,1.0,3
201400055084,0014-03-02 10:30:00,14,3,2,10,30,750,115,"105, RUE DE LOURMEL",,,Plein jour,En agglomération,Intersection en X,Pluie légère,Deux véhicules - côté,,,,,,,,,,,1,2,2,2.0,3
201400055085,0014-03-04 15:02:00,14,3,4,15,2,750,115,"56-62, RUE DE VOUILLE",,,Plein jour,En agglomération,Intersection en X,Normale,Deux véhicules - côté,,,,,,,,,,,1,2,2,1.0,3
201400055086,0014-03-06 09:45:00,14,3,6,9,45,750,115,"27, BOULEVARD DE GRENELL",,,Plein jour,En agglomération,Intersection en X,Normale,Autre collision,,,,,,,,,,,1,2,2,1.0,6
201400055087,0014-03-08 02:48:00,14,3,8,2,48,750,114,"143, RUE DU CHATEAU",,,Nuit avec éclairage allumé,En agglomération,Place,Normale,Autre collision,,,,,,,,,,,5,2,7,1.0,6
201400055088,0014-03-10 18:50:00,14,3,10,18,50,750,115,"25, RUE DE LA CONVENTION",,,Plein jour,En agglomération,Intersection en X,Normale,Deux véhicules - côté,,,,,,,,,,,1,2,2,1.0,3
201400055089,0014-03-11 07:05:00,14,3,11,7,5,750,115,"4, RUE DU DEPART",,,Crépuscule ou aube,En agglomération,Hors intersection,Normale,Autre collision,,,,,,,,,,,2,2,1,1.0,6
201400055090,0014-03-11 12:50:00,14,3,11,12,50,750,115,"2, RUE DU COMMERCE",,,Plein jour,En agglomération,Intersection en X,Normale,Autre collision,,,,,,,,,,,1,2,2,1.0,6
201400055091,0014-03-11 14:20:00,14,3,11,14,20,750,115,PONT DE GRENELLE,,,Plein jour,En agglomération,Hors intersection,Normale,Deux véhicules - côté,,,,,,,,,,,1,2,1,1.0,3
201400055092,0014-03-11 22:15:00,14,3,11,22,15,750,115,"19, RUE THIBOUMERY",,,Nuit avec éclairage allumé,En agglomération,Hors intersection,Normale,Autre collision,,,,,,,,,,,5,2,1,1.0,6
201400055093,0014-03-11 22:35:00,14,3,11,22,35,750,115,"1, PLACE CAMBRONNE",,,Nuit avec éclairage allumé,En agglomération,Place,Normale,Sans collision,,,,,,,,,,,5,2,7,1.0,7
201400055094,0014-03-12 06:25:00,14,3,12,6,25,750,115,"148, RUE DE LA CROIX NIV",,,Nuit avec éclairage allumé,En agglomération,Intersection en X,Normale,Autre collision,,,,,,,,,,,5,2,2,1.0,6
201400055095,0014-03-13 11:20:00,14,3,13,11,20,750,115,"362, RUE LECOURBE",,,Plein jour,En agglomération,Place,Normale,Autre collision,,,,,,,,,,,1,2,7,1.0,6
201400055096,0014-03-13 12:15:00,14,3,13,12,15,750,115,"34, BOULEVARD DE VAUGIRA",,,Plein jour,En agglomération,Hors intersection,Normale,Autre collision,,,,,,,,,,,1,2,1,1.0,6
201400055097,0014-03-13 14:50:00,14,3,13,14,50,750,115,"61, RUE HENRY FARMAN",,,Plein jour,En agglomération,Hors intersection,Normale,Deux véhicules - côté,,,,,,,,,,,1,2,1,1.0,3
201400055098,0014-03-13 16:35:00,14,3,13,16,35,750,115,"25, RUE DE LA CROIX NIVE",,,Plein jour,En agglomération,Intersection en T,Normale,Autre collision,,,,,,,,,,,1,2,3,1.0,6
201400055099,0014-03-15 18:20:00,14,3,15,18,20,750,115,"34, BOULEVARD DE GRENELL",,,Plein jour,En agglomération,Intersection en X,Normale,Autre collision,,,,,,,,,,,1,2,2,1.0,6
201400055100,0014-03-16 17:50:00,14,3,16,17,50,750,115,"32, BOULEVARD DU MONTPAR",,,Plein jour,En agglomération,Intersection en X,Normale,Autre collision,,,,,,,,,,,1,2,2,1.0,6
201400055101,0014-03-19 15:50:00,14,3,19,15,50,750,115,"59, BOULEVARD LEFEBVRE",,,Plein jour,En agglomération,Intersection en X,Normale,Sans collision,,,,,,,,,,,1,2,2,1.0,7
201400055102,0014-03-20 13:15:00,14,3,20,13,15,750,115,"196, RUE DE LA CROIX NIV",,,Plein jour,En agglomération,Intersection en Y,Normale,Autre collision,,,,,,,,,,,1,2,4,1.0,6
201400055103,0014-03-20 15:35:00,14,3,20,15,35,750,115,"68, BOULEVARD PASTEUR",,,Plein jour,En agglomération,Intersection à plus de 4 branches,Normale,Deux véhicules - côté,,,,,,,,,,,1,2,5,1.0,3
201400055104,0014-03-20 15:50:00,14,3,20,15,50,750,115,"68, BOULEVARD PASTEUR",,,Plein jour,En agglomération,Intersection à plus de 4 branches,Normale,Autre collision,,,,,,,,,,,1,2,5,1.0,6
201400055105,0014-03-23 23:40:00,14,3,23,23,40,750,115,"63, RUE DE LA CROIX NIVE",,,Nuit avec éclairage allumé,En agglomération,Intersection en T,Normale,Deux véhicules - arrière,,,,,,,,,,,5,2,3,1.0,2
201400055106,0014-03-24 09:25:00,14,3,24,9,25,750,115,"190, RUE CORBON",,,Plein jour,En agglomération,Intersection à plus de 4 branches,Normale,Autre collision,,,,,,,,,,,1,2,5,1.0,6
201400055107,0014-03-25 14:10:00,14,3,25,14,10,750,115,PONT MIRABEAU,,,Plein jour,En agglomération,Intersection en X,Pluie légère,Deux véhicules - côté,,,,,,,,,,,1,2,2,2.0,3
201400055108,0014-03-25 15:45:00,14,3,25,15,45,750,115,"34, RUE LINOIS",,,Plein jour,En agglomération,Intersection en X,Temps couvert,Autre collision,,,,,,,,,,,1,2,2,8.0,6
201400055109,0014-03-26 08:30:00,14,3,26,8,30,750,115,"62, BOULEVARD DU MONTPAR",,,Plein jour,En agglomération,Intersection à plus de 4 branches,Normale,Deux véhicules - côté,,,,,,,,,,,1,2,5,1.0,3
201400055110,0014-03-26 08:50:00,14,3,26,8,50,750,115,"33, BOULEVARD GENERAL MA",,,Plein jour,En agglomération,Hors intersection,Normale,Deux véhicules - arrière,,,,,,,,,,,1,2,1,1.0,2
201400055111,0014-03-26 11:00:00,14,3,26,11,0,750,115,"12, RUE MARMONTEL",,,Plein jour,En agglomération,Intersection en X,Normale,Deux véhicules - côté,,,,,,,,,,,1,2,2,1.0,3
201400055112,0014-03-26 13:30:00,14,3,26,13,30,750,115,"2, AVENUE DE LA PORTE DE",,,Plein jour,En agglomération,Intersection en X,Normale,Deux véhicules - côté,,,,,,,,,,,1,2,2,1.0,3
201400055113,0014-04-01 11:55:00,14,4,1,11,55,750,115,"24, RUE LECOURBE",,,Plein jour,En agglomération,Intersection en T,Normale,Autre collision,,,,,,,,,,,1,2,3,1.0,6
201400055114,0014-04-02 15:48:00,14,4,2,15,48,750,115,"163 bis, RUE DE VAUGIRAR",,,Plein jour,En agglomération,Hors intersection,Normale,Autre collision,,,,,,,,,,,1,2,1,1.0,6
201400055115,0014-04-02 16:30:00,14,4,2,16,30,750,115,"85, AVENUE DE SEGUR",,,Plein jour,En agglomération,Intersection en T,Normale,Deux véhicules - côté,,,,,,,,,,,1,2,3,1.0,3
201400055116,0014-04-03 14:15:00,14,4,3,14,15,750,115,"84, RUE CAMBRONNE",,,Plein jour,En agglomération,Intersection à plus de 4 branches,Normale,Autre collision,,,,,,,,,,,1,2,5,1.0,6
201400055117,0014-04-07 01:30:00,14,4,7,1,30,750,115,"230, RUE DE VAUGIRARD",,,Nuit avec éclairage allumé,En agglomération,Intersection en X,Normale,Deux véhicules - côté,,,,,,,,,,,5,2,2,1.0,3
201400055118,0014-04-07 13:00:00,14,4,7,13,0,750,115,AVENUE DE LA PORTE BRANC,,,Plein jour,En agglomération,Intersection à plus de 4 branches,Normale,Sans collision,,,,,,,,,,,1,2,5,1.0,7
201400055119,0014-04-07 17:05:00,14,4,7,17,5,750,115,"14, AVENUE EMILE ZOLA",,,Plein jour,En agglomération,Intersection en T,Normale,Autre collision,,,,,,,,,,,1,2,3,1.0,6
201400055120,0014-04-08 17:20:00,14,4,8,17,20,750,115,"325, RUE LECOURBE",,,Plein jour,En agglomération,Intersection en T,Normale,Autre collision,,,,,,,,,,,1,2,3,1.0,6
201400055121,0014-04-08 19:15:00,14,4,8,19,15,750,115,"52, BOULEVARD DE VAUGIRA",,,Plein jour,En agglomération,Hors intersection,Normale,Autre collision,,,,,,,,,,,1,2,1,1.0,6
201400055122,0014-04-09 09:15:00,14,4,9,9,15,750,115,ROND POINT DU PONT MIRAB,,,Plein jour,En agglomération,Place,Normale,Sans collision,,,,,,,,,,,1,2,7,1.0,7
201400055123,0014-04-09 19:35:00,14,4,9,19,35,750,115,"5, BOULEVARD LEFEBVRE",,,Plein jour,En agglomération,Intersection en X,Normale,Autre collision,,,,,,,,,,,1,2,2,1.0,6
201400055124,0014-04-09 20:15:00,14,4,9,20,15,750,115,RUE DE LOURMEL,,,Nuit avec éclairage allumé,En agglomération,Intersection en X,Normale,Deux véhicules - côté,,,,,,,,,,,5,2,2,1.0,3
201400055125,0014-04-10 19:45:00,14,4,10,19,45,750,115,"., RUE PEGOUD",,,Plein jour,En agglomération,Intersection en Y,Normale,Sans collision,,,,,,,,,,,1,2,4,1.0,7
201400055126,0014-04-11 03:50:00,14,4,11,3,50,750,115,QUAI ANDRE CITROEN,,,Nuit avec éclairage allumé,En agglomération,Place,Normale,Deux véhicules - côté,,,,,,,,,,,5,2,7,1.0,3
201400055127,0014-04-13 12:25:00,14,4,13,12,25,750,115,"44, RUE DE LA CONVENTION",,,Plein jour,En agglomération,Intersection en X,Temps couvert,Autre collision,,,,,,,,,,,1,2,2,8.0,6
201400055128,0014-04-14 15:45:00,14,4,14,15,45,750,115,PORTE BRANCION,,,Plein jour,En agglomération,Intersection à plus de 4 branches,Normale,Deux véhicules - côté,,,,,,,,,,,1,2,5,1.0,3
201400055129,0014-04-16 01:55:00,14,4,16,1,55,750,115,"59, RUE BRANCION",,,Nuit avec éclairage allumé,En agglomération,Hors intersection,Normale,Autre collision,,,,,,,,,,,5,2,1,1.0,6
201400055130,0014-04-17 08:35:00,14,4,17,8,35,750,115,"36, BOULEVARD GARIBALDI",,,Plein jour,En agglomération,Hors intersection,Normale,Autre collision,,,,,,,,,,,1,2,1,1.0,6
201400055131,0014-04-19 21:40:00,14,4,19,21,40,750,115,"24, RUE DU COLONEL PIERR",,,Nuit avec éclairage allumé,En agglomération,Hors intersection,Normale,Deux véhicules - arrière,,,,,,,,,,,5,2,1,1.0,2
201400055132,0014-04-22 16:55:00,14,4,22,16,55,750,115,"42, RUE PAUL BARRUEL",,,Plein jour,En agglomération,Intersection en X,Pluie forte,Deux véhicules - arrière,,,,,,,,,,,1,2,2,3.0,2
201400055133,0014-04-25 12:15:00,14,4,25,12,15,750,115,"250, RUE DE VAUGIRARD",,,Plein jour,En agglomération,Intersection en T,Pluie légère,Deux véhicules - arrière,,,,,,,,,,,1,2,3,2.0,2
201400055134,0014-04-26 06:40:00,14,4,26,6,40,750,107,"59, QUAI BRANLY",,,Crépuscule ou aube,En agglomération,Hors intersection,Normale,Sans collision,,,,,,,,,,,2,2,1,1.0,7
201400055135,0014-04-26 16:10:00,14,4,26,16,10,750,115,"23, AVENUE EMILE ZOL",,,Plein jour,En agglomération,Intersection en Y,Temps couvert,Sans collision,,,,,,,,,,,1,2,4,8.0,7
201400055136,0014-04-27 19:20:00,14,4,27,19,20,750,115,"341, RUE LECOURBE",,,Plein jour,En agglomération,Intersection en X,Temps couvert,Sans collision,,,,,,,,,,,1,2,2,8.0,7
201400055137,0014-04-27 22:10:00,14,4,27,22,10,750,115,"135, RUE DE LA CONVENTIO",,,Nuit avec éclairage allumé,En agglomération,Intersection en X,Normale,Deux véhicules - arrière,,,,,,,,,,,5,2,2,1.0,2
201400055138,0014-04-28 18:00:00,14,4,28,18,0,750,115,"123, RUE CAMBRONNE",,,Plein jour,En agglomération,Hors intersection,Normale,Autre collision,,,,,,,,,,,1,2,1,1.0,6
201400055139,0014-04-29 14:05:00,14,4,29,14,5,750,115,RUE LOUIS ARMAND,,,Plein jour,En agglomération,Intersection en T,Normale,Deux véhicules - arrière,,,,,,,,,,,1,2,3,1.0,2
201400055140,0014-04-29 16:40:00,14,4,29,16,40,750,115,"1, PLACE DU MOULIN DE JA",,,Plein jour,En agglomération,Intersection en Y,Pluie légère,Deux véhicules - arrière,,,,,,,,,,,1,2,4,2.0,2
201400055141,0014-04-29 18:10:00,14,4,29,18,10,750,115,"213, RUE DE VAUGIRARD",,,Plein jour,En agglomération,Intersection en T,Pluie légère,Autre collision,,,,,,,,,,,1,2,3,2.0,6
201400055142,0014-04-29 20:15:00,14,4,29,20,15,750,115,"121, RUE DE LA CROIX NIV",,,Crépuscule ou aube,En agglomération,Hors intersection,Pluie légère,Sans collision,,,,,,,,,,,2,2,1,2.0,7
201400055143,0014-04-30 11:00:00,14,4,30,11,0,750,115,AVENUE DE LOWENDAL,,,Plein jour,En agglomération,Intersection en X,Normale,Deux véhicules - arrière,,,,,,,,,,,1,2,2,1.0,2
201400055144,0014-05-01 06:50:00,14,5,1,6,50,750,115,"24, RUE DE VOUILLE",,,Plein jour,En agglomération,Intersection en X,Normale,Deux véhicules - côté,,,,,,,,,,,1,2,2,1.0,3
201400055145,0014-05-01 19:50:00,14,5,1,19,50,750,115,"121, BOULEVARD DE GRENEL",,,Crépuscule ou aube,En agglomération,Hors intersection,Pluie légère,Deux véhicules - côté,,,,,,,,,,,2,2,1,2.0,3
201400055146,0014-05-05 20:10:00,14,5,5,20,10,750,115,"348, RUE DE VAUGIRARD",,,Plein jour,En agglomération,Intersection en T,Normale,Autre collision,,,,,,,,,,,1,2,3,1.0,6
201400055147,0014-05-05 22:25:00,14,5,5,22,25,750,115,"5, BOULEVARD LEFEBVRE",,,Nuit avec éclairage allumé,En agglomération,Intersection en X,Normale,Sans collision,,,,,,,,,,,5,2,2,1.0,7
201400055148,0014-05-07 15:15:00,14,5,7,15,15,750,115,"68, BOULEVARD DU MONTPAR",,,Plein jour,En agglomération,Place,Temps couvert,Autre collision,,,,,,,,,,,1,2,7,8.0,6
201400055149,0014-05-07 19:45:00,14,5,7,19,45,750,115,"19, RUE LINOIS",,,Crépuscule ou aube,En agglomération,Hors intersection,Normale,Autre collision,,,,,,,,,,,2,2,1,1.0,6
201400055150,0014-05-10 06:30:00,14,5,10,6,30,750,115,RUE D ALENCON,,,Plein jour,En agglomération,Intersection en T,Normale,Autre collision,,,,,,,,,,,1,2,3,1.0,6
201400055151,0014-05-10 12:00:00,14,5,10,12,0,750,115,"58, BOULEVARD PASTEUR",,,Plein jour,En agglomération,Hors intersection,Pluie légère,Deux véhicules - côté,,,,,,,,,,,1,2,1,2.0,3
201400055152,0014-05-10 15:00:00,14,5,10,15,0,750,115,"165, RUE DE LA CONVENTIO",,,Plein jour,En agglomération,Hors intersection,Pluie légère,Autre collision,,,,,,,,,,,1,2,1,2.0,6
201400055153,0014-05-11 10:40:00,14,5,11,10,40,750,115,"109, RUE LECOURBE",,,Plein jour,En agglomération,Intersection à plus de 4 branches,Normale,Autre collision,,,,,,,,,,,1,2,5,1.0,6
201400055154,0014-05-12 09:30:00,14,5,12,9,30,750,115,"165, RUE DE SEVRES",,,Plein jour,En agglomération,Intersection en X,Normale,Deux véhicules - côté,,,,,,,,,,,1,2,2,1.0,3
201400055155,0014-05-13 20:56:00,14,5,13,20,56,750,115,RUE DE LA CONVENTION,,,Plein jour,En agglomération,Intersection en X,Normale,Deux véhicules - côté,,,,,,,,,,,1,2,2,1.0,3
201400055156,0014-05-13 20:30:00,14,5,13,20,30,750,115,"55, AVENUE EMILE ZOLA",,,Crépuscule ou aube,En agglomération,Hors intersection,Normale,Deux véhicules - côté,,,,,,,,,,,2,2,1,1.0,3
201400055157,0014-05-15 12:00:00,14,5,15,12,0,750,115,QUAI ANDRE CITROEN,,,Plein jour,En agglomération,Hors intersection,Normale,Deux véhicules - arrière,,,,,,,,,,,1,2,1,1.0,2
201400055158,0014-05-16 14:44:00,14,5,16,14,44,750,115,"85, BOULEVARD PASTEUR",,,Plein jour,En agglomération,Hors intersection,Normale,Autre collision,,,,,,,,,,,1,2,1,1.0,6
201400055159,0014-05-16 20:15:00,14,5,16,20,15,750,115,"228, RUE SAINT CHARLES",,,Crépuscule ou aube,En agglomération,Hors intersection,Normale,Deux véhicules - frontale,,,,,,,,,,,2,2,1,1.0,1
201400055160,0014-05-17 17:40:00,14,5,17,17,40,750,115,"62B, RUE DES ENTREPRENEU",,,Plein jour,En agglomération,Hors intersection,Normale,Autre collision,,,,,,,,,,,1,2,1,1.0,6
201400055161,0014-05-20 20:00:00,14,5,20,20,0,750,115,"32, RUE DE L AMIRAL ROUS",,,Crépuscule ou aube,En agglomération,Hors intersection,Pluie légère,Autre collision,,,,,,,,,,,2,2,1,2.0,6
201400055162,0014-05-21 14:15:00,14,5,21,14,15,750,115,"27, QUAI DE GRENELLE",,,Plein jour,En agglomération,Intersection en T,Pluie légère,Trois véhicules et plus - en chaîne,,,,,,,,,,,1,2,3,2.0,4
201400055163,0014-05-22 10:00:00,14,5,22,10,0,750,115,"224, RUE DE LA CROIX NIV",,,Plein jour,En agglomération,Intersection en X,Pluie légère,Autre collision,,,,,,,,,,,1,2,2,2.0,6
201400055164,0014-05-23 17:50:00,14,5,23,17,50,750,115,"61, RUE DU COMMERCE",,,Plein jour,En agglomération,Hors intersection,Normale,Deux véhicules - arrière,,,,,,,,,,,1,2,1,1.0,2
201400055165,0014-05-24 19:35:00,14,5,24,19,35,750,115,"43, RUE DE DANTZIG",,,Plein jour,En agglomération,Intersection en T,Normale,Deux véhicules - arrière,,,,,,,,,,,1,2,3,1.0,2
201400055166,0014-05-28 20:55:00,14,5,28,20,55,750,115,"24, BOULEVARD DE VAUGIRA",,,Crépuscule ou aube,En agglomération,Intersection en T,Pluie légère,Autre collision,,,,,,,,,,,2,2,3,2.0,6
201400055167,0014-06-01 13:15:00,14,6,1,13,15,750,115,"50, RUE HENRY FARMAN",,,Plein jour,En agglomération,Hors intersection,Normale,Deux véhicules - frontale,,,,,,,,,,,1,2,1,1.0,1
201400055168,0014-06-02 20:30:00,14,6,2,20,30,750,115,"61, RUE BLOMET",,,Plein jour,En agglomération,Intersection en T,Normale,Autre collision,,,,,,,,,,,1,2,3,1.0,6
201400055169,0014-06-04 09:40:00,14,6,4,9,40,750,115,"39/43, QUAI ANDRE CITROE",,,Plein jour,En agglomération,Hors intersection,Pluie légère,Autre collision,,,,,,,,,,,1,2,1,2.0,6
201400055170,0014-06-04 11:15:00,14,6,4,11,15,750,115,"9, RUE BELLART",,,Plein jour,En agglomération,Intersection en Y,Pluie légère,Deux véhicules - côté,,,,,,,,,,,1,2,4,2.0,3
201400055171,0014-06-06 11:30:00,14,6,6,11,30,750,115,"20, RUE DE VOUILLE",,,Plein jour,En agglomération,Hors intersection,Normale,Autre collision,,,,,,,,,,,1,2,1,1.0,6
201400055172,0014-06-06 23:20:00,14,6,6,23,20,750,115,PORTE DE SEVRES,,,Nuit avec éclairage allumé,En agglomération,Intersection en Y,Normale,Autre collision,,,,,,,,,,,5,2,4,1.0,6
201400055173,0014-06-07 10:50:00,14,6,7,10,50,750,115,"60, AVENUE DE LA MOTTE P",,,Plein jour,En agglomération,Hors intersection,Temps couvert,Deux véhicules - côté,,,,,,,,,,,1,2,1,8.0,3
201400055174,0014-06-10 09:40:00,14,6,10,9,40,750,115,"55, RUE DES MORILLONS",,,Plein jour,En agglomération,Hors intersection,Normale,Deux véhicules - côté,,,,,,,,,,,1,2,1,1.0,3
201400055175,0014-06-10 12:10:00,14,6,10,12,10,750,115,PLACE CAMBRONNE,,,Plein jour,En agglomération,Place,Pluie légère,Autre collision,,,,,,,,,,,1,2,7,2.0,6
201400055176,0014-06-10 21:20:00,14,6,10,21,20,750,115,RUE PEGOUD,,,Crépuscule ou aube,En agglomération,Intersection en T,Normale,Deux véhicules - côté,,,,,,,,,,,2,2,3,1.0,3