accident_id,datetime,annee,mois,jour,heure,minute,departement,commune_insee,adresse,latitude,longitude,luminosite,agglomeration,intersection,meteo,collision,nb_vehicules,nb_usagers,nb_indemnes,nb_tues,nb_blesses_hosp,nb_blesses_legers,age_cond_1,age_cond_2,veh_type_cond_1,veh_type_cond_2,lum_code,agg_code,int_code,atm_code,col_code
201400055177,0014-06-10 22:30:00,14,6,10,22,30,750,115,"198, RUE DE VAUGIRARD",,,Nuit avec éclairage allumé,En agglomération,Intersection en X,Normale,Deux véhicules - côté,,,,,,,,,,,5,2,2,1.0,3
201400055178,0014-06-11 13:00:00,14,6,11,13,0,750,115,"2, RUE LINOIS",,,Plein jour,En agglomération,Intersection en X,Normale,Deux véhicules - côté,,,,,,,,,,,1,2,2,1.0,3
201400055179,0014-06-11 16:30:00,14,6,11,16,30,750,115,"48, AVENUE EMILE ZOLA",,,Plein jour,En agglomération,Hors intersection,Normale,Autre collision,,,,,,,,,,,1,2,1,1.0,6
201400055180,0014-06-12 09:45:00,14,6,12,9,45,750,115,"135, RUE DE LA CONVENTIO",,,Plein jour,En agglomération,Intersection en X,Normale,Trois véhicules et plus - collisions multiples,,,,,,,,,,,1,2,2,1.0,5
201400055181,0014-06-16 17:25:00,14,6,16,17,25,750,115,"1, RUE DU LAOS",,,Plein jour,En agglomération,Hors intersection,Normale,Deux véhicules - côté,,,,,,,,,,,1,2,1,1.0,3
201400055182,0014-06-17 19:40:00,14,6,17,19,40,750,115,"31, RUE JACQUES BAUDRY",,,Plein jour,En agglomération,Intersection en T,Normale,Deux véhicules - arrière,,,,,,,,,,,1,2,3,1.0,2
201400055183,0014-06-18 10:55:00,14,6,18,10,55,750,115,"63, BOULEVARD DE GRENELL",,,Plein jour,En agglomération,Intersection à plus de 4 branches,Normale,Autre collision,,,,,,,,,,,1,2,5,1.0,6
201400055184,0014-06-18 13:05:00,14,6,18,13,5,750,115,"347, RUE DE VAUGIRARD",,,Plein jour,En agglomération,Intersection en X,Normale,Autre collision,,,,,,,,,,,1,2,2,1.0,6
201400055185,0014-06-18 13:55:00,14,6,18,13,55,750,115,"7, RUE FENOUX",,,Plein jour,En agglomération,Hors intersection,Normale,Autre collision,,,,,,,,,,,1,2,1,1.0,6
201400055186,0014-06-18 16:30:00,14,6,18,16,30,750,115,"311, RUE DE VAUGIRARD",,,Plein jour,En agglomération,Intersection en T,Normale,Autre collision,,,,,,,,,,,1,2,3,1.0,6
201400055187,0014-06-19 19:55:00,14,6,19,19,55,750,115,"34, RUE DE DANTZIG",,,Plein jour,En agglomération,Intersection en X,Normale,Autre collision,,,,,,,,,,,1,2,2,1.0,6
201400055188,0014-06-19 22:10:00,14,6,19,22,10,750,115,"2, PLACE CAMBRONNE",,,Nuit avec éclairage allumé,En agglomération,Place,Normale,Autre collision,,,,,,,,,,,5,2,7,1.0,6
201400055189,0014-06-20 13:20:00,14,6,20,13,20,750,115,"32, RUE DE LOURMEL",,,Plein jour,En agglomération,Hors intersection,Normale,Deux véhicules - côté,,,,,,,,,,,1,2,1,1.0,3
201400055190,0014-06-20 17:20:00,14,6,20,17,20,750,115,"1, RUE GASTON DE CAILLAV",,,Plein jour,En agglomération,Intersection en X,Normale,Deux véhicules - côté,,,,,,,,,,,1,2,2,1.0,3
201400055191,0014-06-20 20:40:00,14,6,20,20,40,750,115,"85, RUE DE LA CROIX NIVE",,,Plein jour,En agglomération,Intersection à plus de 4 branches,Normale,Deux véhicules - arrière,,,,,,,,,,,1,2,5,1.0,2
201400055192,0014-06-21 15:50:00,14,6,21,15,50,750,115,"47, RUE DE VOUILLE",,,Plein jour,En agglomération,Hors intersection,Normale,Deux véhicules - côté,,,,,,,,,,,1,2,1,1.0,3
201400055193,0014-06-23 11:45:00,14,6,23,11,45,750,115,"23, RUE SANTOS DUMONT",,,Plein jour,En agglomération,Intersection en T,Normale,Autre collision,,,,,,,,,,,1,2,3,1.0,6
201400055194,0014-06-23 17:10:00,14,6,23,17,10,750,115,ROND POINT DU PONT MIRAB,,,Plein jour,En agglomération,Intersection en X,Normale,Sans collision,,,,,,,,,,,1,2,2,1.0,7
201400055195,0014-06-24 10:15:00,14,6,24,10,15,750,115,"55, RUE DE DANTZIG",,,Plein jour,En agglomération,Hors intersection,Normale,Deux véhicules - arrière,,,,,,,,,,,1,2,1,1.0,2
201400055196,0014-06-25 20:30:00,14,6,25,20,30,750,115,"41, QUAI ANDRE CITROEN",,,Crépuscule ou aube,En agglomération,Intersection en X,Normale,Autre collision,,,,,,,,,,,2,2,2,1.0,6
201400055197,0014-06-27 14:50:00,14,6,27,14,50,750,115,"165, RUE DE JAVEL",,,Plein jour,En agglomération,Hors intersection,Normale,Autre collision,,,,,,,,,,,1,2,1,1.0,6
201400055198,0014-06-27 15:05:00,14,6,27,15,5,750,115,"9, RUE CAMBRONNE",,,Plein jour,En agglomération,Hors intersection,Normale,Sans collision,,,,,,,,,,,1,2,1,1.0,7
201400055199,0014-06-28 23:15:00,14,6,28,23,15,750,115,"113, BOULEVARD DE GRENEL",,,Nuit avec éclairage allumé,En agglomération,Intersection en X,Pluie forte,Sans collision,,,,,,,,,,,5,2,2,3.0,7
201400055200,0014-06-29 00:01:00,14,6,29,0,1,750,115,"227, RUE LECOURBE",,,Nuit avec éclairage allumé,En agglomération,Intersection en X,Pluie légère,Deux véhicules - frontale,,,,,,,,,,,5,2,2,2.0,1
201400055201,0014-07-01 17:30:00,14,7,1,17,30,750,115,"18, BOULEVARD DE VAUGIRA",,,Plein jour,En agglomération,Hors intersection,Normale,Autre collision,,,,,,,,,,,1,2,1,1.0,6
201400055202,0014-07-02 09:45:00,14,7,2,9,45,750,115,"114, RUE DE LA CROIX NIV",,,Plein jour,En agglomération,Intersection en X,Normale,Deux véhicules - côté,,,,,,,,,,,1,2,2,1.0,3
201400055203,0014-07-02 11:30:00,14,7,2,11,30,750,115,"6, RUE DU COLONEL PIERRE",,,Plein jour,En agglomération,Hors intersection,Normale,Autre collision,,,,,,,,,,,1,2,1,1.0,6
201400055204,0014-07-04 02:30:00,14,7,4,2,30,750,115,QUAI ANDRE CITROEN,,,Nuit avec éclairage allumé,En agglomération,Hors intersection,Normale,Autre collision,,,,,,,,,,,5,2,1,1.0,6
201400055205,0014-07-05 17:30:00,14,7,5,17,30,750,107,"20, AVENUE DUQUESNE",,,Plein jour,En agglomération,Intersection en X,Normale,Autre collision,,,,,,,,,,,1,2,2,1.0,6
201400055206,0014-07-07 13:30:00,14,7,7,13,30,750,115,"32, RUE LECOURBE",,,Plein jour,En agglomération,Hors intersection,Normale,Deux véhicules - arrière,,,,,,,,,,,1,2,1,1.0,2
201400055207,0014-07-08 15:45:00,14,7,8,15,45,750,115,"69, RUE DES ENTREPRENEUR",,,Plein jour,En agglomération,Hors intersection,Pluie forte,Autre collision,,,,,,,,,,,1,2,1,3.0,6
201400055208,0014-07-09 08:12:00,14,7,9,8,12,750,115,"114, RUE DE LA CONVENTIO",,,Plein jour,En agglomération,Intersection en X,Normale,Deux véhicules - arrière,,,,,,,,,,,1,2,2,1.0,2
201400055209,0014-07-09 08:45:00,14,7,9,8,45,750,115,"45, RUE DE VOUILLE",,,Plein jour,En agglomération,Intersection en X,Normale,Autre collision,,,,,,,,,,,1,2,2,1.0,6
201400055210,0014-07-13 02:15:00,14,7,13,2,15,750,115,"22, RUE SAINT AMAND",,,Nuit avec éclairage allumé,En agglomération,Hors intersection,Temps couvert,Autre collision,,,,,,,,,,,5,2,1,8.0,6
201400055211,0014-07-15 21:00:00,14,7,15,21,0,750,115,RUE DE LA CROIX NIVERT,,,Crépuscule ou aube,En agglomération,Intersection en X,Normale,Deux véhicules - côté,,,,,,,,,,,2,2,2,1.0,3
201400055212,0014-07-15 10:50:00,14,7,15,10,50,750,115,RUE DE LA PORTE D ISSY,,,Plein jour,En agglomération,Intersection en X,Normale,Autre collision,,,,,,,,,,,1,2,2,1.0,6
201400055213,0014-07-20 17:55:00,14,7,20,17,55,750,115,"2, AVENUE DU MAINE",,,Plein jour,En agglomération,Intersection à plus de 4 branches,Normale,Deux véhicules - arrière,,,,,,,,,,,1,2,5,1.0,2
201400055214,0014-07-21 09:00:00,14,7,21,9,0,750,115,"10, RUE DE L ARMORIQUE",,,Plein jour,En agglomération,Intersection en Y,Temps couvert,Deux véhicules - côté,,,,,,,,,,,1,2,4,8.0,3
201400055215,0014-07-22 18:45:00,14,7,22,18,45,750,115,"6, RUE DE LA CROIX NIVER",,,Plein jour,En agglomération,Hors intersection,Normale,Autre collision,,,,,,,,,,,1,2,1,1.0,6
201400055216,0014-07-22 21:25:00,14,7,22,21,25,750,115,"11, RUE DE L ARRIVEE",,,Crépuscule ou aube,En agglomération,Hors intersection,Normale,Autre collision,,,,,,,,,,,2,2,1,1.0,6
201400055217,0014-07-25 22:05:00,14,7,25,22,5,750,115,"40, QUAI D ISSY LES MOUL",,,Crépuscule ou aube,En agglomération,Intersection en T,Normale,Deux véhicules - arrière,,,,,,,,,,,2,2,3,1.0,2
201400055218,0014-07-28 15:35:00,14,7,28,15,35,750,115,RUE DES QUATRE FRERES PE,,,Plein jour,En agglomération,Intersection en X,Normale,Autre collision,,,,,,,,,,,1,2,2,1.0,6
201400055219,0014-08-03 21:40:00,14,8,3,21,40,750,115,"50, AVENUE DU MAINE",,,Nuit avec éclairage allumé,En agglomération,Hors intersection,Normale,Deux véhicules - côté,,,,,,,,,,,5,2,1,1.0,3
201400055220,0014-08-05 17:55:00,14,8,5,17,55,750,115,"45, BOULEVARD LEFEBVRE",,,Plein jour,En agglomération,Hors intersection,Normale,Sans collision,,,,,,,,,,,1,2,1,1.0,7
201400055221,0014-08-07 19:15:00,14,8,7,19,15,750,115,PLACE D ALLERAY,,,Plein jour,En agglomération,Place,Normale,Deux véhicules - côté,,,,,,,,,,,1,2,7,1.0,3
201400055222,0014-08-08 12:30:00,14,8,8,12,30,750,107,"32, BOULEVARD RASPAIL",,,Plein jour,En agglomération,Hors intersection,Pluie légère,Deux véhicules - arrière,,,,,,,,,,,1,2,1,2.0,2
201400055223,0014-08-09 15:30:00,14,8,9,15,30,750,115,"10, RUE PAUL BARRUEL",,,Plein jour,En agglomération,Hors intersection,Normale,Deux véhicules - côté,,,,,,,,,,,1,2,1,1.0,3
201400055224,0014-08-11 15:35:00,14,8,11,15,35,750,115,"37, RUE D ALLERAY",,,Plein jour,En agglomération,Intersection en T,Normale,Autre collision,,,,,,,,,,,1,2,3,1.0,6
201400055225,0014-08-11 16:10:00,14,8,11,16,10,750,115,"70, BOULEVARD GARIBALDI",,,Plein jour,En agglomération,Hors intersection,Normale,Deux véhicules - côté,,,,,,,,,,,1,2,1,1.0,3
201400055226,0014-08-14 08:45:00,14,8,14,8,45,750,115,RUE PAUL BARRUEL,,,Plein jour,En agglomération,Place,Normale,Deux véhicules - côté,,,,,,,,,,,1,2,7,1.0,3
201400055227,0014-08-14 17:00:00,14,8,14,17,0,750,115,"88, RUE DE LA FEDERATION",,,Plein jour,En agglomération,Intersection en Y,Normale,Autre collision,,,,,,,,,,,1,2,4,1.0,6
201400055228,0014-08-19 15:00:00,14,8,19,15,0,750,115,BOULEVARD VICTOR,,,Plein jour,En agglomération,Intersection en X,Normale,Deux véhicules - côté,,,,,,,,,,,1,2,2,1.0,3
201400055229,0014-08-22 14:05:00,14,8,22,14,5,750,115,"21, RUE DESAIX",,,Plein jour,En agglomération,Hors intersection,Normale,Deux véhicules - arrière,,,,,,,,,,,1,2,1,1.0,2
201400055230,0014-08-22 17:30:00,14,8,22,17,30,750,115,BOULEVARD PERIPHERIQUE,,,Plein jour,En agglomération,Hors intersection,Normale,Deux véhicules - arrière,,,,,,,,,,,1,2,1,1.0,2
201400055231,0014-08-23 12:25:00,14,8,23,12,25,750,115,"29, RUE DE LOURMEL",,,Plein jour,En agglomération,Hors intersection,Normale,Deux véhicules - arrière,,,,,,,,,,,1,2,1,1.0,2
201400055232,0014-08-23 14:55:00,14,8,23,14,55,750,115,"21, RUE DE L ABBE GROULT",,,Plein jour,En agglomération,Intersection en X,Normale,Deux véhicules - côté,,,,,,,,,,,1,2,2,1.0,3
201400055233,0014-08-24 02:35:00,14,8,24,2,35,750,115,"25, AVENUE EMILE ZOLA",,,Nuit avec éclairage allumé,En agglomération,Intersection en X,Normale,Autre collision,,,,,,,,,,,5,2,2,1.0,6
201400055234,0014-08-24 22:45:00,14,8,24,22,45,750,115,"1, RUE DE L AMIRAL ROUSS",,,Nuit avec éclairage allumé,En agglomération,Intersection en X,Normale,Deux véhicules - côté,,,,,,,,,,,5,2,2,1.0,3
201400055235,0014-08-25 19:15:00,14,8,25,19,15,750,115,"53, QUAI DE GRENELLE",,,Plein jour,En agglomération,Intersection en X,Pluie légère,Deux véhicules - arrière,,,,,,,,,,,1,2,2,2.0,2
201400055236,0014-08-26 13:20:00,14,8,26,13,20,750,115,"54, RUE DE LA CONVENTION",,,Plein jour,En agglomération,Hors intersection,Pluie légère,Deux véhicules - arrière,,,,,,,,,,,1,2,1,2.0,2
201400055237,0014-08-28 14:20:00,14,8,28,14,20,750,115,"204 BIS, RUE DE LA CONVE",,,Plein jour,En agglomération,Hors intersection,Normale,Autre collision,,,,,,,,,,,1,2,1,1.0,6
201400055238,0014-09-03 13:45:00,14,9,3,13,45,750,115,"42, RUE DU THEATRE",,,Plein jour,En agglomération,Place,Normale,Autre collision,,,,,,,,,,,1,2,7,1.0,6
201400055239,0014-09-05 08:15:00,14,9,5,8,15,750,115,"64, RUE DUTOT",,,Plein jour,En agglomération,Intersection en X,Normale,Autre collision,,,,,,,,,,,1,2,2,1.0,6
201400055240,0014-09-06 03:20:00,14,9,6,3,20,750,115,"30, RUE BRANCION",,,Nuit avec éclairage allumé,En agglomération,Intersection en X,Normale,Autre collision,,,,,,,,,,,5,2,2,1.0,6
201400055241,0014-09-06 12:30:00,14,9,6,12,30,750,115,"32, RUE GEORGES PITARD",,,Plein jour,En agglomération,Hors intersection,Normale,Autre collision,,,,,,,,,,,1,2,1,1.0,6
201400055242,0014-09-07 23:25:00,14,9,7,23,25,750,115,"254, RUE DE LA CONVENTIO",,,Nuit avec éclairage allumé,En agglomération,Intersection à plus de 4 branches,Normale,Autre collision,,,,,,,,,,,5,2,5,1.0,6
201400055243,0014-09-08 07:00:00,14,9,8,7,0,750,115,"39, QUAI DE GRENELLE",,,Plein jour,En agglomération,Hors intersection,Normale,Deux véhicules - côté,,,,,,,,,,,1,2,1,1.0,3
201400055244,0014-09-08 15:10:00,14,9,8,15,10,750,115,"24, BOULEVARD DE VAUGIRA",,,Plein jour,En agglomération,Intersection en T,Normale,Autre collision,,,,,,,,,,,1,2,3,1.0,6
201400055245,0014-09-08 19:25:00,14,9,8,19,25,750,115,"23, BOULEVARD VICTOR",,,Plein jour,En agglomération,Intersection en X,Normale,Sans collision,,,,,,,,,,,1,2,2,1.0,7
201400055246,0014-09-09 07:30:00,14,9,9,7,30,750,115,PLACE DES INSURGES DE VA,,,Plein jour,En agglomération,Place,Normale,Deux véhicules - côté,,,,,,,,,,,1,2,7,1.0,3
201400055247,0014-09-09 16:20:00,14,9,9,16,20,750,115,"2, RUE LECOURBE",,,Plein jour,En agglomération,Hors intersection,Normale,Autre collision,,,,,,,,,,,1,2,1,1.0,6
201400055248,0014-09-09 21:35:00,14,9,9,21,35,750,115,"13, RUE BARGUE",,,Nuit avec éclairage allumé,En agglomération,Intersection en T,Normale,Autre collision,,,,,,,,,,,5,2,3,1.0,6
201400055249,0014-09-12 13:15:00,14,9,12,13,15,750,115,"60, RUE DE LA CROIX NIVE",,,Plein jour,En agglomération,Intersection en T,Normale,Autre collision,,,,,,,,,,,1,2,3,1.0,6
201400055250,0014-09-12 14:15:00,14,9,12,14,15,750,115,"75, RUE DE LOURMEL",,,Plein jour,En agglomération,Intersection en X,Normale,Autre collision,,,,,,,,,,,1,2,2,1.0,6
201400055251,0014-09-14 20:30:00,14,9,14,20,30,750,115,"1, ROND POINT DU PONT MI",,,Nuit avec éclairage allumé,En agglomération,Intersection en X,Normale,Sans collision,,,,,,,,,,,5,2,2,1.0,7
201400055252,0014-09-17 18:20:00,14,9,17,18,20,750,115,"1, PLACE RAOUL DAUTRY",,,Plein jour,En agglomération,Intersection en T,Normale,Autre collision,,,,,,,,,,,1,2,3,1.0,6
201400055253,0014-09-17 20:00:00,14,9,17,20,0,750,115,QUAI ANDRE CITROEN,,,Nuit avec éclairage allumé,En agglomération,Hors intersection,Normale,Deux véhicules - côté,,,,,,,,,,,5,2,1,1.0,3
201400055254,0014-09-18 00:01:00,14,9,18,0,1,750,114,BOULEVARD PERIPHERIQUE,,,Nuit avec éclairage allumé,En agglomération,Intersection en Y,Normale,Autre collision,,,,,,,,,,,5,2,4,1.0,6
201400055255,0014-09-18 05:00:00,14,9,18,5,0,750,115,"49, RUE DE DANTZIG",,,Nuit avec éclairage allumé,En agglomération,Hors intersection,Normale,Autre collision,,,,,,,,,,,5,2,1,1.0,6
201400055256,0014-09-18 16:45:00,14,9,18,16,45,750,115,"07, RUE LINOIS",,,Plein jour,En agglomération,Intersection en T,Pluie légère,Deux véhicules - frontale,,,,,,,,,,,1,2,3,2.0,1
201400055257,0014-09-20 11:35:00,14,9,20,11,35,750,115,"02, AVENUE DU MAINE",,,Plein jour,En agglomération,Hors intersection,Normale,Deux véhicules - arrière,,,,,,,,,,,1,2,1,1.0,2
201400055258,0014-09-21 14:45:00,14,9,21,14,45,750,115,RUE DE LA CONVENTION,,,Plein jour,En agglomération,Intersection en X,Normale,Deux véhicules - côté,,,,,,,,,,,1,2,2,1.0,3
201400055259,0014-09-21 20:45:00,14,9,21,20,45,750,115,"108, RUE DE LA CONVENTIO",,,Nuit avec éclairage allumé,En agglomération,Intersection en X,Pluie légère,Deux véhicules - côté,,,,,,,,,,,5,2,2,2.0,3
201400055260,0014-09-22 16:15:00,14,9,22,16,15,750,115,"214, RUE DE LA CONVENTIO",,,Plein jour,En agglomération,Intersection en X,Normale,Autre collision,,,,,,,,,,,1,2,2,1.0,6
201400055261,0014-09-22 19:40:00,14,9,22,19,40,750,115,"50, BOULEVARD PASTEUR",,,Crépuscule ou aube,En agglomération,Intersection en X,Normale,Deux véhicules - côté,,,,,,,,,,,2,2,2,1.0,3
201400055262,0014-09-24 02:04:00,14,9,24,2,4,750,115,RUE DE VAUGIRARD,,,Nuit avec éclairage allumé,En agglomération,Intersection en X,Normale,Deux véhicules - côté,,,,,,,,,,,5,2,2,1.0,3
201400055263,0014-09-24 10:35:00,14,9,24,10,35,750,115,"346, RUE LECOURBE",,,Plein jour,En agglomération,Intersection en X,Normale,Autre collision,,,,,,,,,,,1,2,2,1.0,6
201400055264,0014-09-24 18:25:00,14,9,24,18,25,750,115,"79, RUE DU COMMERCE",,,Plein jour,En agglomération,Hors intersection,Normale,Autre collision,,,,,,,,,,,1,2,1,1.0,6
201400055265,0014-09-24 18:00:00,14,9,24,18,0,750,115,"16, RUE JEAN REY",,,Plein jour,En agglomération,Hors intersection,Normale,Deux véhicules - arrière,,,,,,,,,,,1,2,1,1.0,2
201400055266,0014-09-24 20:25:00,14,9,24,20,25,750,115,"44, AVENUE DE SUFFREN",,,Nuit avec éclairage allumé,En agglomération,Hors intersection,Normale,Sans collision,,,,,,,,,,,5,2,1,1.0,7
201400055267,0014-09-25 17:00:00,14,9,25,17,0,750,115,NON DENOMMEE AD/15,,,Plein jour,En agglomération,Hors intersection,Normale,Deux véhicules - arrière,,,,,,,,,,,1,2,1,1.0,2
201400055268,0014-09-28 22:30:00,14,9,28,22,30,750,115,"193, RUE DE VAUGIRARD",,,Nuit avec éclairage allumé,En agglomération,Intersection en X,Normale,Deux véhicules - frontale,,,,,,,,,,,5,2,2,1.0,1
201400055269,0014-09-29 09:35:00,14,9,29,9,35,750,115,"116, RUE DE LA CONVENTIO",,,Plein jour,En agglomération,Intersection en T,Pluie légère,Deux véhicules - arrière,,,,,,,,,,,1,2,3,2.0,2
201400055270,0014-09-29 18:10:00,14,9,29,18,10,750,115,"196, RUE DE LA CONVENTIO",,,Plein jour,En agglomération,Intersection en X,Normale,Autre collision,,,,,,,,,,,1,2,2,1.0,6
201400055271,0014-09-29 17:55:00,14,9,29,17,55,750,115,"225, RUE DE VAUGIRARD",,,Plein jour,En agglomération,Hors intersection,Normale,Deux véhicules - côté,,,,,,,,,,,1,2,1,1.0,3
201400055272,0014-09-30 19:15:00,14,9,30,19,15,750,115,"100, RUE DE LA CONVENTIO",,,Plein jour,En agglomération,Hors intersection,Normale,Deux véhicules - arrière,,,,,,,,,,,1,2,1,1.0,2
201400055273,0014-09-30 20:30:00,14,9,30,20,30,750,115,"16, RUE LINOIS",,,Nuit avec éclairage allumé,En agglomération,Intersection en X,Normale,Deux véhicules - frontale,,,,,,,,,,,5,2,2,1.0,1
201400055274,0014-10-01 13:40:00,14,10,1,13,40,750,115,"142, RUE SAINT CHARLES",,,Plein jour,En agglomération,Intersection en T,Normale,Autre collision,,,,,,,,,,,1,2,3,1.0,6
201400055275,0014-10-01 13:50:00,14,10,1,13,50,750,115,BOULEVARD PERIPHERIQUE,,,Plein jour,En agglomération,Hors intersection,Normale,Trois véhicules et plus - en chaîne,,,,,,,,,,,1,2,1,1.0,4
201400055276,0014-10-01 15:30:00,14,10,1,15,30,750,115,"104, RUE LECOURBE",,,Plein jour,En agglomération,Hors intersection,Normale,Autre collision,,,,,,,,,,,1,2,1,1.0,6
201400055277,0014-10-01 21:50:00,14,10,1,21,50,750,115,"44, RUE LINOIS",,,Nuit sans éclairage public,En agglomération,Hors intersection,Normale,Deux véhicules - côté,,,,,,,,,,,3,2,1,1.0,3
201400055278,0014-10-02 10:10:00,14,10,2,10,10,750,115,"285, RUE DE VAUGIRARD",,,Plein jour,En agglomération,Hors intersection,Normale,Deux véhicules - arrière,,,,,,,,,,,1,2,1,1.0,2
201400055279,0014-10-02 13:00:00,14,10,2,13,0,750,115,PONT DE GRENELLE,,,Plein jour,En agglomération,Hors intersection,Normale,Deux véhicules - côté,,,,,,,,,,,1,2,1,1.0,3
201400055280,0014-10-02 15:25:00,14,10,2,15,25,750,115,"114, RUE DE LA CROIX NIV",,,Plein jour,En agglomération,Hors intersection,Normale,Autre collision,,,,,,,,,,,1,2,1,1.0,6
201400055281,0014-10-03 16:00:00,14,10,3,16,0,750,115,PLACE DES INSURGES DE VA,,,Plein jour,En agglomération,Place,Normale,Deux véhicules - côté,,,,,,,,,,,1,2,7,1.0,3
201400055282,0014-10-05 13:55:00,14,10,5,13,55,750,115,"245, RUE LECOURBE",,,Plein jour,En agglomération,Intersection en T,Normale,Deux véhicules - côté,,,,,,,,,,,1,2,3,1.0,3
201400055283,0014-10-07 15:15:00,14,10,7,15,15,750,115,"38, RUE FALGUIERE",,,Plein jour,En agglomération,Hors intersection,Normale,Autre collision,,,,,,,,,,,1,2,1,1.0,6
201400055284,0014-10-08 07:30:00,14,10,8,7,30,750,115,"20, BOULEVARD PASTEUR",,,Plein jour,En agglomération,Intersection en X,Pluie légère,Autre collision,,,,,,,,,,,1,2,2,2.0,6
201400055285,0014-10-08 08:35:00,14,10,8,8,35,750,115,"65, AVENUE DE LA MOTTE P",,,Plein jour,En agglomération,Intersection en X,Pluie forte,Sans collision,,,,,,,,,,,1,2,2,3.0,7
201400055286,0014-10-09 22:20:00,14,10,9,22,20,750,115,"27, QUAI DE GRENELLE",,,Nuit avec éclairage allumé,En agglomération,Intersection en T,Pluie légère,Trois véhicules et plus - collisions multiples,,,,,,,,,,,5,2,3,2.0,5
201400055287,0014-10-11 08:40:00,14,10,11,8,40,750,115,"361, RUE LECOURBE",,,Plein jour,En agglomération,Hors intersection,Pluie légère,Sans collision,,,,,,,,,,,1,2,1,2.0,7
201400055288,0014-10-11 17:45:00,14,10,11,17,45,750,115,"53, BOULEVARD DE GRENELL",,,Plein jour,En agglomération,Intersection en Y,Normale,Sans collision,,,,,,,,,,,1,2,4,1.0,7
201400055289,0014-10-09 15:30:00,14,10,9,15,30,750,115,"90, RUE DE LA CROIX NIVE",,,Plein jour,En agglomération,Intersection en T,Normale,Deux véhicules - côté,,,,,,,,,,,1,2,3,1.0,3
201400055290,0014-10-13 17:23:00,14,10,13,17,23,750,115,"112, RUE SAINT CHARLES",,,Plein jour,En agglomération,Intersection en X,Normale,Autre collision,,,,,,,,,,,1,2,2,1.0,6
201400055291,0014-10-15 12:05:00,14,10,15,12,5,750,115,"1, PLACE DE LA PORTE DE",,,Plein jour,En agglomération,Place,Pluie légère,Autre collision,,,,,,,,,,,1,2,7,2.0,6
201400055292,0014-10-15 17:00:00,14,10,15,17,0,750,115,RUE DES ENTREPRENEURS,,,Plein jour,En agglomération,Intersection en X,Temps couvert,Autre collision,,,,,,,,,,,1,2,2,8.0,6
201400055293,0014-10-16 20:00:00,14,10,16,20,0,750,115,"393, RUE DE VAUGIRARD",,,Nuit avec éclairage allumé,En agglomération,Intersection en T,Pluie légère,Autre collision,,,,,,,,,,,5,2,3,2.0,6
201400055294,0014-10-16 19:50:00,14,10,16,19,50,750,115,"44, BOULEVARD VICTOR",,,Nuit avec éclairage allumé,En agglomération,Hors intersection,Pluie légère,Autre collision,,,,,,,,,,,5,2,1,2.0,6
201400055295,0014-10-18 11:00:00,14,10,18,11,0,750,115,AVENUE DE LA PORTE DE LA,,,Plein jour,En agglomération,Intersection en Y,Normale,Deux véhicules - côté,,,,,,,,,,,1,2,4,1.0,3
201400055296,0014-10-18 12:00:00,14,10,18,12,0,750,115,"29, RUE CAMBRONNE",,,Plein jour,En agglomération,Intersection en T,Normale,Autre collision,,,,,,,,,,,1,2,3,1.0,6
201400055297,0014-10-20 12:30:00,14,10,20,12,30,750,115,"86, RUE DE LA FEDERATION",,,Plein jour,En agglomération,Intersection en Y,Normale,Autre collision,,,,,,,,,,,1,2,4,1.0,6
201400055298,0014-10-22 11:30:00,14,10,22,11,30,750,115,"54, RUE DE LA CONVENTION",,,Plein jour,En agglomération,Hors intersection,Normale,Deux véhicules - côté,,,,,,,,,,,1,2,1,1.0,3
201400055299,0014-10-22 14:55:00,14,10,22,14,55,750,115,"1, AVENUE ERNEST RENAN",,,Plein jour,En agglomération,Intersection en T,Normale,Deux véhicules - arrière,,,,,,,,,,,1,2,3,1.0,2
201400055300,0014-10-23 20:15:00,14,10,23,20,15,750,115,"4, RUE LOUIS ARMAND",,,Nuit avec éclairage allumé,En agglomération,Place,Normale,Trois véhicules et plus - en chaîne,,,,,,,,,,,5,2,7,1.0,4
201400055301,0014-10-25 15:10:00,14,10,25,15,10,750,107,QUAI BRANLY,,,Plein jour,En agglomération,Hors intersection,Pluie légère,Autre collision,,,,,,,,,,,1,2,1,2.0,6
201400055302,0014-10-26 06:30:00,14,10,26,6,30,750,115,"152, RUE DE LA CONVENTIO",,,Nuit avec éclairage allumé,En agglomération,Intersection à plus de 4 branches,Temps couvert,Deux véhicules - côté,,,,,,,,,,,5,2,5,8.0,3
201400055303,0014-10-27 10:30:00,14,10,27,10,30,750,115,"88, RUE DE LA FEDERATION",,,Plein jour,En agglomération,Intersection en T,Normale,Autre collision,,,,,,,,,,,1,2,3,1.0,6
201400055304,0014-10-27 14:50:00,14,10,27,14,50,750,115,"84, RUE CAMBRONNE",,,Plein jour,En agglomération,Intersection à plus de 4 branches,Normale,Deux véhicules - côté,,,,,,,,,,,1,2,5,1.0,3
201400055305,0014-10-27 15:27:00,14,10,27,15,27,750,115,RUE DE LA CONVENTION,,,Plein jour,En agglomération,Intersection en X,Normale,Autre collision,,,,,,,,,,,1,2,2,1.0,6
201400055306,0014-10-27 17:50:00,14,10,27,17,50,750,115,AVENUE EMILE ZOLA,,,Crépuscule ou aube,En agglomération,Place,Normale,Deux véhicules - arrière,,,,,,,,,,,2,2,7,1.0,2