accident_id,datetime,annee,mois,jour,heure,minute,departement,commune_insee,adresse,latitude,longitude,luminosite,agglomeration,intersection,meteo,collision,nb_vehicules,nb_usagers,nb_indemnes,nb_tues,nb_blesses_hosp,nb_blesses_legers,age_cond_1,age_cond_2,veh_type_cond_1,veh_type_cond_2,lum_code,agg_code,int_code,atm_code,col_code
201400055433,0014-02-20 15:50:00,14,2,20,15,50,750,116,AVENUE GEORGES LAFONT,,,Plein jour,En agglomération,Intersection en Y,Pluie légère,Deux véhicules - arrière,,,,,,,,,,,1,2,4,2.0,2
201400055434,0014-02-21 14:30:00,14,2,21,14,30,750,116,"4, RUE COROT",,,Plein jour,En agglomération,Intersection en T,Normale,Autre collision,,,,,,,,,,,1,2,3,1.0,6
201400055435,0014-02-21 18:30:00,14,2,21,18,30,750,116,VOIE GEORGES POMPIDOU,,,Crépuscule ou aube,En agglomération,Hors intersection,Temps couvert,Autre collision,,,,,,,,,,,2,2,1,8.0,6
201400055436,0014-02-23 15:10:00,14,2,23,15,10,750,116,BOULEVARD MURAT,,,Plein jour,En agglomération,Intersection en Y,Normale,Deux véhicules - côté,,,,,,,,,,,1,2,4,1.0,3
201400055437,0014-02-24 13:00:00,14,2,24,13,0,750,116,"0, ROUTE DES TRIBUNES",,,Plein jour,En agglomération,Intersection en Y,Normale,Autre collision,,,,,,,,,,,1,2,4,1.0,6
201400055438,0014-02-24 18:15:00,14,2,24,18,15,750,116,AVENUE DE L HIPPODROME,,,Nuit avec éclairage allumé,En agglomération,Hors intersection,Normale,Trois véhicules et plus - en chaîne,,,,,,,,,,,5,2,1,1.0,4
201400055439,0014-02-26 17:45:00,14,2,26,17,45,750,116,"3, AVENUE VICTOR HUGO",,,Plein jour,En agglomération,Intersection en X,Normale,Deux véhicules - côté,,,,,,,,,,,1,2,2,1.0,3
201400055440,0014-02-26 17:30:00,14,2,26,17,30,750,116,"11, AVENUE D EYLAU",,,Plein jour,En agglomération,Hors intersection,Normale,Autre collision,,,,,,,,,,,1,2,1,1.0,6
201400055441,0014-02-27 09:30:00,14,2,27,9,30,750,116,"160, AVENUE DE VERSAILLE",,,Plein jour,En agglomération,Hors intersection,Pluie forte,Autre collision,,,,,,,,,,,1,2,1,3.0,6
201400055442,0014-02-27 15:00:00,14,2,27,15,0,750,116,"132, AVENUE DE MALAKOFF",,,Plein jour,En agglomération,Hors intersection,Pluie légère,Deux véhicules - arrière,,,,,,,,,,,1,2,1,2.0,2
201400055443,0014-03-01 09:15:00,14,3,1,9,15,750,116,PLACE CLEMENT ADER,,,Plein jour,En agglomération,Intersection à plus de 4 branches,Temps couvert,Deux véhicules - côté,,,,,,,,,,,1,2,5,8.0,3
201400055444,0014-03-03 08:30:00,14,3,3,8,30,750,116,ALLEE DU BORD DE L EAU,,,Plein jour,En agglomération,Intersection en T,Normale,Sans collision,,,,,,,,,,,1,2,3,1.0,7
201400055445,0014-03-05 12:00:00,14,3,5,12,0,750,116,"64, AVENUE DE NEW YORK",,,Plein jour,En agglomération,Intersection en X,Normale,Deux véhicules - côté,,,,,,,,,,,1,2,2,1.0,3
201400055446,0014-03-05 11:35:00,14,3,5,11,35,750,116,PLACE CHARLES DE GAULLE,,,Plein jour,En agglomération,Place,Normale,Deux véhicules - côté,,,,,,,,,,,1,2,7,1.0,3
201400055447,0014-03-05 15:10:00,14,3,5,15,10,750,116,"22, AVENUE PIERRE 1ER DE",,,Plein jour,En agglomération,Intersection en X,Normale,Deux véhicules - côté,,,,,,,,,,,1,2,2,1.0,3
201400055448,0014-03-05 17:00:00,14,3,5,17,0,750,116,PLACE DU MARECHAL DE LAT,,,Plein jour,En agglomération,Place,Normale,Deux véhicules - côté,,,,,,,,,,,1,2,7,1.0,3
201400055449,0014-03-06 13:00:00,14,3,6,13,0,750,116,"01, RUE DE SIAM",,,Plein jour,En agglomération,Intersection en Y,Temps éblouissant,Autre collision,,,,,,,,,,,1,2,4,7.0,6
201400055450,0014-03-06 19:00:00,14,3,6,19,0,750,116,"30, AVENUE D IENA",,,Nuit avec éclairage allumé,En agglomération,Hors intersection,Normale,Deux véhicules - côté,,,,,,,,,,,5,2,1,1.0,3
201400055451,0014-03-07 02:55:00,14,3,7,2,55,750,116,"66, AVENUE DE VERSAILLES",,,Nuit avec éclairage allumé,En agglomération,Hors intersection,Normale,Autre collision,,,,,,,,,,,5,2,1,1.0,6
201400055452,0014-03-08 16:15:00,14,3,8,16,15,750,116,ROUTE DE SEVRES A NEUILL,,,Plein jour,En agglomération,Intersection en X,Normale,Deux véhicules - arrière,,,,,,,,,,,1,2,2,1.0,2
201400055453,0014-03-09 18:30:00,14,3,9,18,30,750,116,"65 bis, RUE NICOLO",,,Plein jour,En agglomération,Hors intersection,Normale,Autre collision,,,,,,,,,,,1,2,1,1.0,6
201400055454,0014-03-10 10:05:00,14,3,10,10,5,750,116,RUE BENJAMIN FRANKLIN,,,Plein jour,En agglomération,Place,Normale,Trois véhicules et plus - collisions multiples,,,,,,,,,,,1,2,7,1.0,5
201400055455,0014-03-10 18:40:00,14,3,10,18,40,750,116,"170, AVENUE DE VERSAILLE",,,Plein jour,En agglomération,Place,Normale,Deux véhicules - côté,,,,,,,,,,,1,2,7,1.0,3
201400055456,0014-03-10 20:40:00,14,3,10,20,40,750,116,PLACE CLEMENT ADER,,,Nuit avec éclairage allumé,En agglomération,Place,Normale,Autre collision,,,,,,,,,,,5,2,7,1.0,6
201400055457,0014-03-11 18:40:00,14,3,11,18,40,750,116,"123, AVENUE DE VERSAILLE",,,Crépuscule ou aube,En agglomération,Hors intersection,Normale,Deux véhicules - côté,,,,,,,,,,,2,2,1,1.0,3
201400055458,0014-03-12 09:05:00,14,3,12,9,5,750,116,"42, AVENUE DE VERSAILLES",,,Plein jour,En agglomération,Hors intersection,Normale,Autre collision,,,,,,,,,,,1,2,1,1.0,6
201400055459,0014-03-13 12:40:00,14,3,13,12,40,750,116,"16, AVENUE DE VERSAILLES",,,Plein jour,En agglomération,Hors intersection,Normale,Trois véhicules et plus - en chaîne,,,,,,,,,,,1,2,1,1.0,4
201400055460,0014-03-13 18:45:00,14,3,13,18,45,750,116,"51, AVENUE VICTOR HUGO",,,Crépuscule ou aube,En agglomération,Intersection en X,Normale,Autre collision,,,,,,,,,,,2,2,2,1.0,6
201400055461,0014-03-13 22:20:00,14,3,13,22,20,750,116,"11, BOULEVARD LANNES",,,Nuit sans éclairage public,En agglomération,Intersection en T,Normale,Deux véhicules - arrière,,,,,,,,,,,3,2,3,1.0,2
201400055462,0014-03-14 07:00:00,14,3,14,7,0,750,116,"91, RUE DE LONGCHAMP",,,Crépuscule ou aube,En agglomération,Place,Normale,Deux véhicules - arrière,,,,,,,,,,,2,2,7,1.0,2
201400055463,0014-03-14 11:10:00,14,3,14,11,10,750,116,"1, AVENUE PAUL DOUMER",,,Plein jour,En agglomération,Intersection en X,Normale,Deux véhicules - arrière,,,,,,,,,,,1,2,2,1.0,2
201400055464,0014-03-14 13:15:00,14,3,14,13,15,750,116,"97, RUE DU RANELAGH",,,Plein jour,En agglomération,Hors intersection,Normale,Deux véhicules - côté,,,,,,,,,,,1,2,1,1.0,3
201400055465,0014-03-15 01:10:00,14,3,15,1,10,750,116,"22, AVENUE MOZART",,,Nuit avec éclairage allumé,En agglomération,Intersection en T,Normale,Sans collision,,,,,,,,,,,5,2,3,1.0,7
201400055466,0014-03-15 00:15:00,14,3,15,0,15,750,116,ROUTE DES TRIBUNES,,,Nuit avec éclairage allumé,En agglomération,Intersection en Y,Normale,Deux véhicules - côté,,,,,,,,,,,5,2,4,1.0,3
201400055467,0014-03-15 15:10:00,14,3,15,15,10,750,116,"11, AVENUE DU PRESIDENT",,,Plein jour,En agglomération,Hors intersection,Normale,Deux véhicules - arrière,,,,,,,,,,,1,2,1,1.0,2
201400055468,0014-03-16 02:50:00,14,3,16,2,50,750,116,AVENUE DE L HIPPODROME,,,Nuit avec éclairage allumé,Hors agglomération,Hors intersection,Normale,Autre collision,,,,,,,,,,,5,1,1,1.0,6
201400055469,0014-03-16 06:30:00,14,3,16,6,30,750,116,AVENUE DE NEW YORK,,,Crépuscule ou aube,En agglomération,Intersection en X,Normale,Deux véhicules - côté,,,,,,,,,,,2,2,2,1.0,3
201400055470,0014-03-16 12:20:00,14,3,16,12,20,750,116,PLACE DE LA PORTE MAILLO,,,Plein jour,En agglomération,Place,Normale,Deux véhicules - arrière,,,,,,,,,,,1,2,7,1.0,2
201400055471,0014-03-16 19:15:00,14,3,16,19,15,750,117,PLACE DE LA PORTE MAILLO,,,Nuit avec éclairage allumé,En agglomération,Place,Normale,Autre collision,,,,,,,,,,,5,2,7,1.0,6
201400055472,0014-03-18 12:30:00,14,3,18,12,30,750,116,AVENUE D EYLAU,,,Plein jour,En agglomération,Place,Normale,Deux véhicules - arrière,,,,,,,,,,,1,2,7,1.0,2
201400055473,0014-03-18 19:15:00,14,3,18,19,15,750,116,"27, BOULEVARD SUCHET",,,Crépuscule ou aube,En agglomération,Hors intersection,Normale,Deux véhicules - côté,,,,,,,,,,,2,2,1,1.0,3
201400055474,0014-03-20 09:30:00,14,3,20,9,30,750,116,AVENUE GEORGES LAFONT,,,Plein jour,En agglomération,Intersection en Y,Normale,Deux véhicules - arrière,,,,,,,,,,,1,2,4,1.0,2
201400055475,0014-03-21 10:40:00,14,3,21,10,40,750,116,"10, AVENUE DU PRESIDENT",,,Plein jour,En agglomération,Intersection en X,Normale,Deux véhicules - côté,,,,,,,,,,,1,2,2,1.0,3
201400055476,0014-03-22 06:20:00,14,3,22,6,20,750,116,AVENUE ALBERT DE MUN,,,Crépuscule ou aube,En agglomération,Intersection en X,Normale,Sans collision,,,,,,,,,,,2,2,2,1.0,7
201400055477,0014-03-23 15:15:00,14,3,23,15,15,750,116,"34, BOULEVARD DE L AMIRA",,,Plein jour,En agglomération,Intersection à plus de 4 branches,Pluie légère,Sans collision,,,,,,,,,,,1,2,5,2.0,7
201400055478,0014-03-25 08:40:00,14,3,25,8,40,750,116,"26, AVENUE DE NEW YORK",,,Plein jour,En agglomération,Hors intersection,Pluie légère,Deux véhicules - arrière,,,,,,,,,,,1,2,1,2.0,2
201400055479,0014-03-25 11:45:00,14,3,25,11,45,750,116,AVENUE VICTOR HUGO,,,Plein jour,En agglomération,Intersection à plus de 4 branches,Pluie légère,Autre collision,,,,,,,,,,,1,2,5,2.0,6
201400055480,0014-03-26 09:15:00,14,3,26,9,15,750,116,"104, AVENUE GEORGES LAFO",,,Plein jour,En agglomération,Place,Normale,Deux véhicules - arrière,,,,,,,,,,,1,2,7,1.0,2
201400055481,0014-03-26 11:45:00,14,3,26,11,45,750,116,PLACE CHARLES DE GAULLE,,,Plein jour,En agglomération,Place,Normale,Deux véhicules - côté,,,,,,,,,,,1,2,7,1.0,3
201400055482,0014-03-26 15:15:00,14,3,26,15,15,750,116,"50, AVENUE FOCH",,,Plein jour,En agglomération,Intersection en T,Normale,Deux véhicules - arrière,,,,,,,,,,,1,2,3,1.0,2
201400055483,0014-03-27 08:05:00,14,3,27,8,5,750,116,"18, BOULEVARD EXELMANS",,,Plein jour,En agglomération,Hors intersection,Normale,Sans collision,,,,,,,,,,,1,2,1,1.0,7
201400055484,0014-03-27 15:40:00,14,3,27,15,40,750,116,"116, AVENUE DU PRESIDENT",,,Plein jour,En agglomération,Hors intersection,Normale,Deux véhicules - côté,,,,,,,,,,,1,2,1,1.0,3
201400055485,0014-03-27 19:10:00,14,3,27,19,10,750,116,"1, PORTE DAUPHINE",,,Nuit avec éclairage allumé,En agglomération,Place,Normale,Deux véhicules - côté,,,,,,,,,,,5,2,7,1.0,3
201400055486,0014-03-28 16:25:00,14,3,28,16,25,750,116,AVENUE BUGEAUD,,,Plein jour,En agglomération,Intersection en X,Normale,Autre collision,,,,,,,,,,,1,2,2,1.0,6
201400055487,0014-03-28 18:55:00,14,3,28,18,55,750,116,"69, RUE D AUTEUIL",,,Crépuscule ou aube,En agglomération,Hors intersection,Normale,Deux véhicules - arrière,,,,,,,,,,,2,2,1,1.0,2
201400055488,0014-03-29 02:25:00,14,3,29,2,25,750,116,AVENUE GEORGES LAFONT,,,Nuit avec éclairage allumé,En agglomération,Place,Normale,Autre collision,,,,,,,,,,,5,2,7,1.0,6
201400055489,0014-04-02 19:50:00,14,4,2,19,50,750,116,VOIE GEORGES POMPIDOU,,,Plein jour,En agglomération,Hors intersection,Normale,Deux véhicules - arrière,,,,,,,,,,,1,2,1,1.0,2
201400055490,0014-04-03 00:20:00,14,4,3,0,20,750,116,PLACE CHARLES DE GAULLE,,,Nuit avec éclairage allumé,En agglomération,Place,Normale,Deux véhicules - arrière,,,,,,,,,,,5,2,7,1.0,2
201400055491,0014-04-03 10:15:00,14,4,3,10,15,750,116,"11, AVENUE DE LA GRANDE",,,Plein jour,En agglomération,Hors intersection,Normale,Trois véhicules et plus - en chaîne,,,,,,,,,,,1,2,1,1.0,4
201400055492,0014-04-04 09:40:00,14,4,4,9,40,750,116,ROUTE DE SEVRES A NEUILL,,,Plein jour,En agglomération,Intersection en X,Normale,Autre collision,,,,,,,,,,,1,2,2,1.0,6
201400055493,0014-04-05 15:20:00,14,4,5,15,20,750,116,"122, RUE DE LONGCHAMP",,,Plein jour,En agglomération,Intersection en X,Normale,Autre collision,,,,,,,,,,,1,2,2,1.0,6
201400055494,0014-04-06 09:30:00,14,4,6,9,30,750,116,"5, PLACE DE LA PORTE DE",,,Plein jour,En agglomération,Place,Normale,Deux véhicules - côté,,,,,,,,,,,1,2,7,1.0,3
201400055495,0014-04-06 11:30:00,14,4,6,11,30,750,116,ROUTE DES TRIBUNES,,,Plein jour,En agglomération,Hors intersection,Normale,Deux véhicules - côté,,,,,,,,,,,1,2,1,1.0,3
201400055496,0014-04-06 17:15:00,14,4,6,17,15,750,116,"190, AVENUE VICTOR HUGO",,,Plein jour,En agglomération,Hors intersection,Normale,Deux véhicules - frontale,,,,,,,,,,,1,2,1,1.0,1
201400055497,0014-04-07 16:05:00,14,4,7,16,5,750,116,"81, AVENUE FOCH",,,Plein jour,En agglomération,Intersection à plus de 4 branches,Normale,Deux véhicules - côté,,,,,,,,,,,1,2,5,1.0,3
201400055498,0014-04-07 22:25:00,14,4,7,22,25,750,116,CHAUSSEE LA MUETTE,,,Nuit avec éclairage allumé,En agglomération,Intersection en T,Normale,Deux véhicules - frontale,,,,,,,,,,,5,2,3,1.0,1
201400055499,0014-04-08 08:10:00,14,4,8,8,10,750,116,"12, RUE FRANCOIS MILLET",,,Plein jour,En agglomération,Intersection en X,Normale,Autre collision,,,,,,,,,,,1,2,2,1.0,6
201400055500,0014-04-08 12:25:00,14,4,8,12,25,750,116,"13, AVENUE D EYLAU",,,Plein jour,En agglomération,Hors intersection,Normale,Deux véhicules - arrière,,,,,,,,,,,1,2,1,1.0,2
201400055501,0014-04-08 13:25:00,14,4,8,13,25,750,108,PLACE DE L ALMA,,,Plein jour,En agglomération,Place,Normale,Autre collision,,,,,,,,,,,1,2,7,1.0,6
201400055502,0014-04-08 19:15:00,14,4,8,19,15,750,116,"43, AVENUE GEORGES MANDE",,,Plein jour,En agglomération,Intersection en X,Normale,Deux véhicules - arrière,,,,,,,,,,,1,2,2,1.0,2
201400055503,0014-04-09 01:05:00,14,4,9,1,5,750,116,ROUTE DE SURESNES,,,Nuit avec éclairage allumé,En agglomération,Intersection à plus de 4 branches,Normale,Autre collision,,,,,,,,,,,5,2,5,1.0,6
201400055504,0014-04-08 23:40:00,14,4,8,23,40,750,116,"11, BOULEVARD LANNES",,,Nuit avec éclairage allumé,En agglomération,Intersection en T,Normale,Sans collision,,,,,,,,,,,5,2,3,1.0,7
201400055505,0014-04-09 18:20:00,14,4,9,18,20,750,116,PLACE VICTOR HUGO,,,Plein jour,En agglomération,Place,Normale,Deux véhicules - arrière,,,,,,,,,,,1,2,7,1.0,2
201400055506,0014-04-09 23:50:00,14,4,9,23,50,750,116,RUE JOSEPH ET MARIE HACK,,,Nuit avec éclairage allumé,En agglomération,Place,Normale,Deux véhicules - côté,,,,,,,,,,,5,2,7,1.0,3
201400055507,0014-04-09 13:45:00,14,4,9,13,45,750,116,AVENUE DU PRESIDENT KENN,,,Plein jour,En agglomération,Intersection à plus de 4 branches,Normale,Deux véhicules - arrière,,,,,,,,,,,1,2,5,1.0,2
201400055508,0014-04-09 11:15:00,14,4,9,11,15,750,116,AVENUE DE VERSAILLES,,,Plein jour,En agglomération,Intersection à plus de 4 branches,Normale,Autre collision,,,,,,,,,,,1,2,5,1.0,6
201400055509,0014-04-10 14:30:00,14,4,10,14,30,750,116,AVENUE VICTOR HUGO,,,Plein jour,En agglomération,Place,Normale,Deux véhicules - côté,,,,,,,,,,,1,2,7,1.0,3
201400055510,0014-04-11 02:00:00,14,4,11,2,0,750,116,ALLEE DE LA REINE MARGUE,,,Nuit avec éclairage allumé,En agglomération,Hors intersection,Normale,Autre collision,,,,,,,,,,,5,2,1,1.0,6
201400055511,0014-04-11 08:00:00,14,4,11,8,0,750,116,VOIE GEORGES POMPIDOU,,,Plein jour,En agglomération,Hors intersection,Normale,Deux véhicules - arrière,,,,,,,,,,,1,2,1,1.0,2
201400055512,0014-04-12 00:15:00,14,4,12,0,15,750,116,"85, AVENUE DE LA GRANDE",,,Nuit avec éclairage allumé,En agglomération,Hors intersection,Normale,Deux véhicules - côté,,,,,,,,,,,5,2,1,1.0,3
201400055513,0014-04-12 08:00:00,14,4,12,8,0,750,116,AVENUE DE LA PORTE D AUT,,,Plein jour,En agglomération,Intersection en T,Normale,Deux véhicules - frontale,,,,,,,,,,,1,2,3,1.0,1
201400055514,0014-04-13 08:45:00,14,4,13,8,45,750,116,ALLEE DE LONGCHAMP,,,Plein jour,En agglomération,Intersection en X,Normale,Trois véhicules et plus - collisions multiples,,,,,,,,,,,1,2,2,1.0,5
201400055515,0014-04-14 18:45:00,14,4,14,18,45,750,116,"5, RUE BOILEAU",,,Plein jour,En agglomération,Hors intersection,Normale,Autre collision,,,,,,,,,,,1,2,1,1.0,6
201400055516,0014-04-15 10:10:00,14,4,15,10,10,750,116,PORTE DAUPHINE,,,Plein jour,En agglomération,Hors intersection,Normale,Deux véhicules - arrière,,,,,,,,,,,1,2,1,1.0,2
201400055517,0014-04-16 10:00:00,14,4,16,10,0,750,116,"9 bis, RUE DE BOULAINVIL",,,Plein jour,En agglomération,Hors intersection,Temps éblouissant,Deux véhicules - arrière,,,,,,,,,,,1,2,1,7.0,2
201400055518,0014-04-15 13:45:00,14,4,15,13,45,750,116,PLACE CLEMENT ADER,,,Plein jour,En agglomération,Intersection à plus de 4 branches,Normale,Trois véhicules et plus - collisions multiples,,,,,,,,,,,1,2,5,1.0,5
201400055519,0014-04-16 20:00:00,14,4,16,20,0,750,116,"11, AVENUE MARCEAU",,,Crépuscule ou aube,En agglomération,Intersection en Y,Normale,Trois véhicules et plus - en chaîne,,,,,,,,,,,2,2,4,1.0,4
201400055520,0014-04-16 20:15:00,14,4,16,20,15,750,116,AVENUE DU PRESIDENT KENN,,,Nuit avec éclairage allumé,En agglomération,Place,Normale,Deux véhicules - arrière,,,,,,,,,,,5,2,7,1.0,2
201400055521,0014-04-17 11:05:00,14,4,17,11,5,750,116,"18, AVENUE DU PRESIDENT",,,Plein jour,En agglomération,Hors intersection,Temps éblouissant,Autre collision,,,,,,,,,,,1,2,1,7.0,6
201400055522,0014-04-17 11:05:00,14,4,17,11,5,750,116,"22, AVENUE VICTOR HUGO",,,Plein jour,En agglomération,Hors intersection,Normale,Deux véhicules - frontale,,,,,,,,,,,1,2,1,1.0,1
201400055523,0014-04-17 16:15:00,14,4,17,16,15,750,116,ALLEE DU BORD DE L EAU,,,Plein jour,En agglomération,Intersection en T,Normale,Trois véhicules et plus - en chaîne,,,,,,,,,,,1,2,3,1.0,4
201400055524,0014-04-17 11:50:00,14,4,17,11,50,750,116,ALLEE DU BORD DE L EAU,,,Plein jour,En agglomération,Hors intersection,Normale,Deux véhicules - arrière,,,,,,,,,,,1,2,1,1.0,2
201400055525,0014-04-23 09:05:00,14,4,23,9,5,750,116,"2, AVENUE RAYMOND POINCA",,,Plein jour,En agglomération,Place,Normale,Autre collision,,,,,,,,,,,1,2,7,1.0,6
201400055526,0014-04-23 13:00:00,14,4,23,13,0,750,116,"44, AVENUE DU PRESIDENT",,,Plein jour,En agglomération,Hors intersection,Normale,Autre collision,,,,,,,,,,,1,2,1,1.0,6
201400055527,0014-04-24 10:08:00,14,4,24,10,8,750,116,"5, PLACE DE LA PORTE DE",,,Plein jour,En agglomération,Place,Normale,Deux véhicules - côté,,,,,,,,,,,1,2,7,1.0,3
201400055528,0014-04-24 15:15:00,14,4,24,15,15,750,116,"2, AVENUE DE NEW YORK",,,Plein jour,En agglomération,Intersection en T,Normale,Deux véhicules - arrière,,,,,,,,,,,1,2,3,1.0,2
201400055529,0014-04-25 22:06:00,14,4,25,22,6,750,116,"02, RUE LAURISTON",,,Nuit avec éclairage allumé,En agglomération,Intersection en T,Normale,Autre collision,,,,,,,,,,,5,2,3,1.0,6
201400055530,0014-04-26 17:20:00,14,4,26,17,20,750,116,"88, RUE CHARDON LAGACHE",,,Plein jour,En agglomération,Intersection en T,Normale,Deux véhicules - côté,,,,,,,,,,,1,2,3,1.0,3
201400055531,0014-04-27 12:35:00,14,4,27,12,35,750,116,ROUTE DES TRIBUNES,,,Plein jour,En agglomération,Hors intersection,Normale,Trois véhicules et plus - en chaîne,,,,,,,,,,,1,2,1,1.0,4
201400055532,0014-04-28 09:15:00,14,4,28,9,15,750,116,"7, AVENUE DE LAMBALLE",,,Plein jour,En agglomération,Intersection en X,Pluie légère,Sans collision,,,,,,,,,,,1,2,2,2.0,7
201400055533,0014-04-28 14:35:00,14,4,28,14,35,750,116,"89, AVENUE DE LA GRANDE",,,Plein jour,En agglomération,Place,Normale,Trois véhicules et plus - en chaîne,,,,,,,,,,,1,2,7,1.0,4
201400055534,0014-04-28 16:15:00,14,4,28,16,15,750,116,"15, AVENUE PIERRE 1ER DE",,,Plein jour,En agglomération,Intersection en X,Normale,Sans collision,,,,,,,,,,,1,2,2,1.0,7
201400055535,0014-04-28 18:15:00,14,4,28,18,15,750,116,AVENUE DU PRESIDENT KENN,,,Plein jour,En agglomération,Intersection à plus de 4 branches,Normale,Deux véhicules - côté,,,,,,,,,,,1,2,5,1.0,3
201400055536,0014-04-28 21:40:00,14,4,28,21,40,750,116,AVENUE EDOUARD VAILLANT,,,Nuit avec éclairage allumé,En agglomération,Hors intersection,Normale,Deux véhicules - arrière,,,,,,,,,,,5,2,1,1.0,2
201400055537,0014-04-29 18:15:00,14,4,29,18,15,750,116,"14, AVENUE FOCH",,,Plein jour,En agglomération,Giratoire,Pluie légère,Autre collision,,,,,,,,,,,1,2,6,2.0,6
201400055538,0014-05-01 13:40:00,14,5,1,13,40,750,116,PLACE DU MARECHAL DE LAT,,,Plein jour,En agglomération,Place,Pluie forte,Deux véhicules - côté,,,,,,,,,,,1,2,7,3.0,3
201400055539,0014-05-03 02:30:00,14,5,3,2,30,750,116,"14, SQUARE ALBONI",,,Nuit avec éclairage allumé,En agglomération,Hors intersection,Normale,Autre collision,,,,,,,,,,,5,2,1,1.0,6
201400055540,0014-05-03 10:20:00,14,5,3,10,20,750,116,ROUTE DES TRIBUNES,,,Plein jour,En agglomération,Hors intersection,Normale,Sans collision,,,,,,,,,,,1,2,1,1.0,7
201400055541,0014-05-03 12:45:00,14,5,3,12,45,750,116,RUE DE BOULAINVILLIERS,,,Plein jour,En agglomération,Hors intersection,Normale,Deux véhicules - arrière,,,,,,,,,,,1,2,1,1.0,2
201400055542,0014-05-04 11:40:00,14,5,4,11,40,750,116,ROUTE DES TRIBUNES,,,Plein jour,En agglomération,Hors intersection,Normale,Autre collision,,,,,,,,,,,1,2,1,1.0,6
201400055543,0014-05-05 10:20:00,14,5,5,10,20,750,116,PLACE DE LA PORTE MAILLO,,,Plein jour,En agglomération,Place,Normale,Deux véhicules - côté,,,,,,,,,,,1,2,7,1.0,3
201400055544,0014-05-05 18:45:00,14,5,5,18,45,750,116,"32, AVENUE KLEBER",,,Plein jour,En agglomération,Hors intersection,Normale,Autre collision,,,,,,,,,,,1,2,1,1.0,6
201400055545,0014-05-05 13:40:00,14,5,5,13,40,750,116,AVENUE FOCH,,,Plein jour,En agglomération,Intersection à plus de 4 branches,Normale,Deux véhicules - côté,,,,,,,,,,,1,2,5,1.0,3
201400055546,0014-05-06 12:15:00,14,5,6,12,15,750,116,"98, AVENUE RAYMOND POINC",,,Plein jour,En agglomération,Hors intersection,Normale,Autre collision,,,,,,,,,,,1,2,1,1.0,6
201400055547,0014-05-08 22:40:00,14,5,8,22,40,750,116,PLACE DE LA PORTE D AUTE,,,Nuit avec éclairage allumé,En agglomération,Place,Normale,Deux véhicules - côté,,,,,,,,,,,5,2,7,1.0,3
201400055548,0014-05-09 15:00:00,14,5,9,15,0,750,116,"48 BIS, RUE D AUTEUIL",,,Plein jour,En agglomération,Intersection à plus de 4 branches,Normale,Autre collision,,,,,,,,,,,1,2,5,1.0,6
201400055549,0014-05-09 21:00:00,14,5,9,21,0,750,116,AVENUE DU PRESIDENT KENN,,,Plein jour,En agglomération,Intersection à plus de 4 branches,Normale,Deux véhicules - côté,,,,,,,,,,,1,2,5,1.0,3
201400055550,0014-05-10 06:25:00,14,5,10,6,25,750,116,"72, AVENUE D IENA",,,Crépuscule ou aube,En agglomération,Hors intersection,Normale,Autre collision,,,,,,,,,,,2,2,1,1.0,6
201400055551,0014-05-10 09:45:00,14,5,10,9,45,750,116,"128, BOULEVARD MURAT",,,Plein jour,En agglomération,Place,Pluie légère,Sans collision,,,,,,,,,,,1,2,7,2.0,7
201400055552,0014-05-10 10:40:00,14,5,10,10,40,750,116,"38, AVENUE DE NEW YORK",,,Plein jour,En agglomération,Hors intersection,Pluie forte,Sans collision,,,,,,,,,,,1,2,1,3.0,7
201400055553,0014-05-11 11:15:00,14,5,11,11,15,750,116,ROUTE DES TRIBUNES,,,Plein jour,En agglomération,Hors intersection,Pluie légère,Autre collision,,,,,,,,,,,1,2,1,2.0,6
201400055554,0014-05-13 16:55:00,14,5,13,16,55,750,116,"3, AVENUE GORDON BENNETT",,,Plein jour,En agglomération,Intersection en T,Pluie légère,Deux véhicules - côté,,,,,,,,,,,1,2,3,2.0,3
201400055555,0014-05-14 12:00:00,14,5,14,12,0,750,116,"45, AVENUE DE LA GRANDE",,,Plein jour,En agglomération,Hors intersection,Normale,Deux véhicules - arrière,,,,,,,,,,,1,2,1,1.0,2
201400055556,0014-05-14 16:00:00,14,5,14,16,0,750,116,"13, RUE RAYNOUARD",,,Plein jour,En agglomération,Intersection en T,Normale,Deux véhicules - arrière,,,,,,,,,,,1,2,3,1.0,2
201400055557,0014-05-14 17:40:00,14,5,14,17,40,750,116,"1, RUE JEAN DE LA FONTAI",,,Plein jour,En agglomération,Place,Normale,Deux véhicules - frontale,,,,,,,,,,,1,2,7,1.0,1
201400055558,0014-05-14 19:15:00,14,5,14,19,15,750,116,"4, BOULEVARD ANDRE MAURO",,,Plein jour,En agglomération,Intersection en T,Normale,Deux véhicules - arrière,,,,,,,,,,,1,2,3,1.0,2
201400055559,0014-05-16 13:30:00,14,5,16,13,30,750,116,RUE DE LONGCHAMP,,,Plein jour,En agglomération,Intersection en X,Normale,Autre collision,,,,,,,,,,,1,2,2,1.0,6
201400055560,0014-05-16 15:40:00,14,5,16,15,40,750,117,"75, AVENUE DE LA GRANDE",,,Plein jour,En agglomération,Intersection en T,Normale,Deux véhicules - côté,,,,,,,,,,,1,2,3,1.0,3
201400055561,0014-05-17 17:00:00,14,5,17,17,0,750,116,"33, AVENUE DU PRESIDENT",,,Plein jour,En agglomération,Intersection à plus de 4 branches,Normale,Deux véhicules - arrière,,,,,,,,,,,1,2,5,1.0,2
201400055562,0014-05-19 10:10:00,14,5,19,10,10,750,116,"66, AVENUE KLEBER",,,Plein jour,En agglomération,Intersection en T,Normale,Autre collision,,,,,,,,,,,1,2,3,1.0,6