accident_id,datetime,annee,mois,jour,heure,minute,departement,commune_insee,adresse,latitude,longitude,luminosite,agglomeration,intersection,meteo,collision,nb_vehicules,nb_usagers,nb_indemnes,nb_tues,nb_blesses_hosp,nb_blesses_legers,age_cond_1,age_cond_2,veh_type_cond_1,veh_type_cond_2,lum_code,agg_code,int_code,atm_code,col_code
201400055823,0014-11-25 10:15:00,14,11,25,10,15,750,116,VOIE GEORGES POMPIDOU,,,Plein jour,En agglomération,Hors intersection,Pluie légère,Deux véhicules - côté,,,,,,,,,,,1,2,1,2.0,3
201400055824,0014-11-25 20:10:00,14,11,25,20,10,750,116,AVENUE GEORGES LAFONT,,,Nuit avec éclairage allumé,En agglomération,Place,Normale,Autre collision,,,,,,,,,,,5,2,7,1.0,6
201400055825,0014-11-26 10:10:00,14,11,26,10,10,750,116,"4, RUE DE L ASSOMPTION",,,Plein jour,En agglomération,Hors intersection,Temps couvert,Sans collision,,,,,,,,,,,1,2,1,8.0,7
201400055826,0014-11-26 20:20:00,14,11,26,20,20,750,116,"106, AVENUE KLEBER",,,Nuit avec éclairage allumé,En agglomération,Hors intersection,Pluie légère,Deux véhicules - arrière,,,,,,,,,,,5,2,1,2.0,2
201400055827,0014-11-27 08:30:00,14,11,27,8,30,750,116,"., PLACE DU MARECHAL DE",,,Plein jour,En agglomération,Place,Pluie légère,Deux véhicules - arrière,,,,,,,,,,,1,2,7,2.0,2
201400055828,0014-11-28 03:30:00,14,11,28,3,30,750,116,"1, AVENUE FOCH",,,Nuit avec éclairage allumé,En agglomération,Intersection en X,Normale,Deux véhicules - arrière,,,,,,,,,,,5,2,2,1.0,2
201400055829,0014-11-28 10:15:00,14,11,28,10,15,750,116,"120, RUE JEAN DE LA FONT",,,Plein jour,En agglomération,Intersection en X,Normale,Deux véhicules - côté,,,,,,,,,,,1,2,2,1.0,3
201400055830,0014-11-30 02:15:00,14,11,30,2,15,750,116,"27, RUE DE REMUSAT",,,Nuit avec éclairage allumé,En agglomération,Intersection en Y,Normale,Deux véhicules - arrière,,,,,,,,,,,5,2,4,1.0,2
201400055831,0014-11-29 15:00:00,14,11,29,15,0,750,116,"33, RUE GROS",,,Plein jour,En agglomération,Intersection en T,Normale,Autre collision,,,,,,,,,,,1,2,3,1.0,6
201400055832,0014-11-30 18:10:00,14,11,30,18,10,750,116,ALLEE DE LA REINE MARGUE,,,Nuit avec éclairage allumé,En agglomération,Intersection en T,Normale,Deux véhicules - côté,,,,,,,,,,,5,2,3,1.0,3
201400055833,0014-12-02 09:10:00,14,12,2,9,10,750,116,RUE COPERNIC,,,Plein jour,En agglomération,Intersection à plus de 4 branches,Normale,Deux véhicules - arrière,,,,,,,,,,,1,2,5,1.0,2
201400055834,0014-12-02 16:00:00,14,12,2,16,0,750,116,ROUTE DE SURESNES,,,Plein jour,En agglomération,Place,Normale,Deux véhicules - arrière,,,,,,,,,,,1,2,7,1.0,2
201400055835,0014-12-02 17:30:00,14,12,2,17,30,750,116,ALLEE DU BORD DE L EAU,,,Nuit avec éclairage allumé,En agglomération,Hors intersection,Normale,Deux véhicules - arrière,,,,,,,,,,,5,2,1,1.0,2
201400055836,0014-12-02 21:45:00,14,12,2,21,45,750,117,"03, AVENUE DE LA GRANDE",,,Nuit avec éclairage allumé,En agglomération,Place,Temps couvert,Deux véhicules - arrière,,,,,,,,,,,5,2,7,8.0,2
201400055837,0014-12-03 19:25:00,14,12,3,19,25,750,116,"61, AVENUE GEORGES MANDE",,,Nuit avec éclairage allumé,En agglomération,Intersection en Y,Normale,Autre collision,,,,,,,,,,,5,2,4,1.0,6
201400055838,0014-12-03 18:20:00,14,12,3,18,20,750,116,PLACE DE COLOMBIE,,,Nuit avec éclairage allumé,En agglomération,Place,Temps couvert,Deux véhicules - côté,,,,,,,,,,,5,2,7,8.0,3
201400055839,0014-12-04 15:15:00,14,12,4,15,15,750,116,"58, RUE DE PASSY",,,Plein jour,En agglomération,Hors intersection,Normale,Autre collision,,,,,,,,,,,1,2,1,1.0,6
201400055840,0014-12-05 17:50:00,14,12,5,17,50,750,116,RUE ALFRED BRUNEAU,,,Nuit avec éclairage allumé,En agglomération,Place,Normale,Autre collision,,,,,,,,,,,5,2,7,1.0,6
201400055841,0014-12-06 12:00:00,14,12,6,12,0,750,116,PLACE DE COLOMBIE,,,Plein jour,En agglomération,Place,Normale,Sans collision,,,,,,,,,,,1,2,7,1.0,7
201400055842,0014-12-06 11:05:00,14,12,6,11,5,750,116,BOULEVARD PERIPHERIQUE,,,Plein jour,En agglomération,Hors intersection,Normale,Trois véhicules et plus - en chaîne,,,,,,,,,,,1,2,1,1.0,4
201400055843,0014-12-07 13:50:00,14,12,7,13,50,750,116,"62, RUE RAYNOUARD",,,Plein jour,En agglomération,Intersection en T,Pluie légère,Deux véhicules - arrière,,,,,,,,,,,1,2,3,2.0,2
201400055844,0014-12-08 08:05:00,14,12,8,8,5,750,116,"69, AVENUE PAUL DOUMER",,,Crépuscule ou aube,En agglomération,Intersection à plus de 4 branches,Temps couvert,Deux véhicules - côté,,,,,,,,,,,2,2,5,8.0,3
201400055845,0014-12-08 10:30:00,14,12,8,10,30,750,116,PORTE D AUTEUIL,,,Plein jour,En agglomération,Place,Pluie légère,Deux véhicules - côté,,,,,,,,,,,1,2,7,2.0,3
201400055846,0014-12-09 09:30:00,14,12,9,9,30,750,116,AVENUE DE MALAKOFF,,,Plein jour,En agglomération,Place,Normale,Deux véhicules - côté,,,,,,,,,,,1,2,7,1.0,3
201400055847,0014-12-10 16:30:00,14,12,10,16,30,750,116,"19, BOULEVARD DE MONTMOR",,,Nuit avec éclairage allumé,En agglomération,Hors intersection,Normale,Autre collision,,,,,,,,,,,5,2,1,1.0,6
201400055848,0014-12-10 21:23:00,14,12,10,21,23,750,116,AVENUE GEORGES LAFONT,,,Nuit avec éclairage allumé,En agglomération,Intersection en X,Normale,Autre collision,,,,,,,,,,,5,2,2,1.0,6
201400055849,0014-12-12 08:15:00,14,12,12,8,15,750,116,"75, RUE D AUTEUIL",,,Plein jour,En agglomération,Hors intersection,Temps couvert,Autre collision,,,,,,,,,,,1,2,1,8.0,6
201400055850,0014-12-12 15:50:00,14,12,12,15,50,750,116,"54, BOULEVARD EMILE AUGI",,,Plein jour,En agglomération,Intersection en X,Pluie légère,Deux véhicules - côté,,,,,,,,,,,1,2,2,2.0,3
201400055851,0014-12-12 16:45:00,14,12,12,16,45,750,116,"88, RUE DE LA POMPE",,,Nuit avec éclairage allumé,En agglomération,Hors intersection,Pluie légère,Autre collision,,,,,,,,,,,5,2,1,2.0,6
201400055852,0014-12-12 13:25:00,14,12,12,13,25,750,116,"24, RUE DECAMPS",,,Plein jour,En agglomération,Hors intersection,Normale,Deux véhicules - côté,,,,,,,,,,,1,2,1,1.0,3
201400055853,0014-12-15 10:00:00,14,12,15,10,0,750,116,AVENUE DE NEW YORK,,,Plein jour,En agglomération,Place,Temps couvert,Autre collision,,,,,,,,,,,1,2,7,8.0,6
201400055854,0014-12-15 17:20:00,14,12,15,17,20,750,116,RUE FELICIEN DAVID,,,Nuit avec éclairage allumé,En agglomération,Intersection en T,Pluie légère,Autre collision,,,,,,,,,,,5,2,3,2.0,6
201400055855,0014-12-15 18:05:00,14,12,15,18,5,750,116,"01, PLACE DU TROCADERO E",,,Nuit avec éclairage allumé,En agglomération,Place,Pluie légère,Deux véhicules - côté,,,,,,,,,,,5,2,7,2.0,3
201400055856,0014-12-15 19:10:00,14,12,15,19,10,750,116,"40, RUE DE LUBECK",,,Nuit avec éclairage allumé,En agglomération,Intersection à plus de 4 branches,Pluie légère,Autre collision,,,,,,,,,,,5,2,5,2.0,6
201400055857,0014-12-15 19:20:00,14,12,15,19,20,750,116,BOULEVARD PERIPHERIQUE I,,,Nuit avec éclairage allumé,En agglomération,Hors intersection,Pluie légère,Autre collision,,,,,,,,,,,5,2,1,2.0,6
201400055858,0014-12-16 11:00:00,14,12,16,11,0,750,116,ALLEE DE LA REINE MARGUE,,,Plein jour,En agglomération,Hors intersection,Normale,Deux véhicules - arrière,,,,,,,,,,,1,2,1,1.0,2
201400055859,0014-12-16 16:20:00,14,12,16,16,20,750,116,AVENUE DU PRESIDENT WILS,,,Plein jour,En agglomération,Hors intersection,Normale,Autre collision,,,,,,,,,,,1,2,1,1.0,6
201400055860,0014-12-16 18:00:00,14,12,16,18,0,750,116,"48, AVENUE GEORGES MANDE",,,Nuit avec éclairage allumé,En agglomération,Hors intersection,Normale,Autre collision,,,,,,,,,,,5,2,1,1.0,6
201400055861,0014-12-16 20:05:00,14,12,16,20,5,750,116,AVENUE DE LA PORTE DE SA,,,Nuit avec éclairage allumé,En agglomération,Intersection en X,Normale,Deux véhicules - arrière,,,,,,,,,,,5,2,2,1.0,2
201400055862,0014-12-17 09:30:00,14,12,17,9,30,750,116,BOULEVARD DE L AMIRAL BR,,,Plein jour,En agglomération,Intersection à plus de 4 branches,Pluie légère,Deux véhicules - côté,,,,,,,,,,,1,2,5,2.0,3
201400055863,0014-12-17 09:30:00,14,12,17,9,30,750,116,ALLEE DU BORD DE L EAU,,,Plein jour,En agglomération,Intersection en T,Pluie légère,Deux véhicules - arrière,,,,,,,,,,,1,2,3,2.0,2
201400055864,0014-12-17 12:00:00,14,12,17,12,0,750,116,"71, AVENUE DE VERSAILLES",,,Plein jour,En agglomération,Hors intersection,Pluie légère,Autre collision,,,,,,,,,,,1,2,1,2.0,6
201400055865,0014-12-18 08:50:00,14,12,18,8,50,750,116,BOULEVARD PERIPHERIQUE E,,,Plein jour,En agglomération,Hors intersection,Normale,Deux véhicules - arrière,,,,,,,,,,,1,2,1,1.0,2
201400055866,0014-12-18 15:00:00,14,12,18,15,0,750,116,"1040, AVENUE DE VERSAILL",,,Plein jour,En agglomération,Hors intersection,Normale,Deux véhicules - arrière,,,,,,,,,,,1,2,1,1.0,2
201400055867,0014-12-14 12:30:00,14,12,14,12,30,750,116,PLACE DU MARECHAL DE LAT,,,Plein jour,En agglomération,Place,Normale,Deux véhicules - côté,,,,,,,,,,,1,2,7,1.0,3
201400055868,0014-12-19 16:20:00,14,12,19,16,20,750,116,PLACE DE LA PORTE DE PAS,,,Nuit avec éclairage allumé,En agglomération,Place,Pluie légère,Deux véhicules - côté,,,,,,,,,,,5,2,7,2.0,3
201400055869,0014-12-26 17:05:00,14,12,26,17,5,750,116,"98, BOULEVARD MURAT",,,Nuit avec éclairage allumé,En agglomération,Hors intersection,Normale,Deux véhicules - arrière,,,,,,,,,,,5,2,1,1.0,2
201400055870,0014-12-26 17:30:00,14,12,26,17,30,750,116,AVENUE DE VERSAILLES,,,Nuit avec éclairage allumé,En agglomération,Intersection en X,Normale,Deux véhicules - frontale,,,,,,,,,,,5,2,2,1.0,1
201400055871,0014-12-28 17:00:00,14,12,28,17,0,750,116,AVENUE DU RECTEUR POINCA,,,Crépuscule ou aube,En agglomération,Intersection en X,Normale,Autre collision,,,,,,,,,,,2,2,2,1.0,6
201400055872,0014-12-29 09:15:00,14,12,29,9,15,750,116,BOULEVARD LANNES,,,Plein jour,En agglomération,Place,Normale,Deux véhicules - frontale,,,,,,,,,,,1,2,7,1.0,1
201400055873,0014-12-29 23:30:00,14,12,29,23,30,750,116,"19, RUE DU DOCTEUR BLANC",,,Nuit avec éclairage allumé,En agglomération,Hors intersection,Normale,Autre collision,,,,,,,,,,,5,2,1,1.0,6
201400055874,0014-12-30 18:15:00,14,12,30,18,15,750,116,"7, AVENUE DE LA GRANDE A",,,Nuit avec éclairage allumé,En agglomération,Hors intersection,Normale,Autre collision,,,,,,,,,,,5,2,1,1.0,6
201400055875,0014-01-15 13:30:00,14,1,15,13,30,750,116,"65, AVENUE KLEBER",,,Plein jour,En agglomération,Hors intersection,Pluie légère,Deux véhicules - côté,,,,,,,,,,,1,2,1,2.0,3
201400055876,0014-01-16 13:00:00,14,1,16,13,0,750,116,ROUTE DE LA PTE DAUPHINE,,,Plein jour,En agglomération,Intersection à plus de 4 branches,Pluie légère,Deux véhicules - côté,,,,,,,,,,,1,2,5,2.0,3
201400055877,0014-12-31 23:45:00,14,12,31,23,45,750,117,"5, RUE GUY MOQUET",,,Nuit avec éclairage allumé,En agglomération,Hors intersection,Normale,Autre collision,,,,,,,,,,,5,2,1,1.0,6
201400055878,0014-01-01 05:50:00,14,1,1,5,50,750,117,"147, RUE CARDINET",,,Nuit avec éclairage allumé,En agglomération,Intersection à plus de 4 branches,Normale,Deux véhicules - arrière,,,,,,,,,,,5,2,5,1.0,2
201400055879,0014-01-02 16:00:00,14,1,2,16,0,750,117,"163, AVENUE DE CLICHY",,,Plein jour,En agglomération,Intersection en T,Normale,Autre collision,,,,,,,,,,,1,2,3,1.0,6
201400055880,0014-01-04 10:00:00,14,1,4,10,0,750,117,"99, RUE LEMERCIER",,,Plein jour,En agglomération,Intersection en X,Normale,Autre collision,,,,,,,,,,,1,2,2,1.0,6
201400055881,0014-01-04 16:30:00,14,1,4,16,30,750,117,"31, RUE GUY MOQUET",,,Plein jour,En agglomération,Hors intersection,Pluie légère,Autre collision,,,,,,,,,,,1,2,1,2.0,6
201400055882,0014-01-04 21:50:00,14,1,4,21,50,750,117,"27, AVENUE NIEL",,,Nuit avec éclairage allumé,En agglomération,Intersection à plus de 4 branches,Normale,Autre collision,,,,,,,,,,,5,2,5,1.0,6
201400055883,0014-01-05 11:20:00,14,1,5,11,20,750,117,"1, PLACE DU MARECHAL JUI",,,Plein jour,En agglomération,Place,Normale,Sans collision,,,,,,,,,,,1,2,7,1.0,7
201400055884,0014-01-06 02:43:00,14,1,6,2,43,750,117,"2, PLACE DE LA PORTE MAI",,,Nuit avec éclairage allumé,En agglomération,Place,Autre,Autre collision,,,,,,,,,,,5,2,7,9.0,6
201400055885,0014-01-07 17:00:00,14,1,7,17,0,750,117,"98, AVENUE DE CLICHY",,,Crépuscule ou aube,En agglomération,Intersection en X,Pluie légère,Deux véhicules - côté,,,,,,,,,,,2,2,2,2.0,3
201400055886,0014-01-09 16:00:00,14,1,9,16,0,750,117,"5, AVENUE DE LA PORTE DE",,,Plein jour,En agglomération,Hors intersection,Pluie légère,Deux véhicules - côté,,,,,,,,,,,1,2,1,2.0,3
201400055887,0014-01-09 22:00:00,14,1,9,22,0,750,117,PLACE DE VERDUN,,,Nuit avec éclairage allumé,En agglomération,Place,Normale,Deux véhicules - côté,,,,,,,,,,,5,2,7,1.0,3
201400055888,0014-01-11 16:50:00,14,1,11,16,50,750,117,"31, AVENUE NIEL",,,Plein jour,En agglomération,Intersection à plus de 4 branches,Normale,Deux véhicules - côté,,,,,,,,,,,1,2,5,1.0,3
201400055889,0014-01-13 01:00:00,14,1,13,1,0,750,117,AVENUE DE LA GRANDE ARME,,,Nuit avec éclairage allumé,En agglomération,Place,Normale,Deux véhicules - côté,,,,,,,,,,,5,2,7,1.0,3
201400055890,0014-01-13 08:30:00,14,1,13,8,30,750,117,BOULEVARD BERTHIER,,,Crépuscule ou aube,En agglomération,Intersection en Y,Normale,Deux véhicules - côté,,,,,,,,,,,2,2,4,1.0,3
201400055891,0014-01-13 11:40:00,14,1,13,11,40,750,116,PLACE DE LA PORTE MAILLO,,,Plein jour,En agglomération,Place,Normale,Sans collision,,,,,,,,,,,1,2,7,1.0,7
201400055892,0014-01-13 14:00:00,14,1,13,14,0,750,117,PLACE DU GENERAL KOENIG,,,Plein jour,En agglomération,Place,Normale,Autre collision,,,,,,,,,,,1,2,7,1.0,6
201400055893,0014-01-14 08:05:00,14,1,14,8,5,750,117,BOULEVARD DE DIXMUDE,,,Crépuscule ou aube,En agglomération,Intersection en Y,Pluie légère,Autre collision,,,,,,,,,,,2,2,4,2.0,6
201400055894,0014-01-16 07:55:00,14,1,16,7,55,750,117,RUE ALPHONSE DE NEUVILLE,,,Crépuscule ou aube,En agglomération,Intersection à plus de 4 branches,Pluie légère,Autre collision,,,,,,,,,,,2,2,5,2.0,6
201400055895,0014-01-16 08:40:00,14,1,16,8,40,750,117,"14, AVENUE DE LA GRANDE",,,Plein jour,En agglomération,Intersection en Y,Pluie forte,Sans collision,,,,,,,,,,,1,2,4,3.0,7
201400055896,0014-01-16 23:30:00,14,1,16,23,30,750,117,"110, AVENUE DE VILLIERS",,,Nuit avec éclairage allumé,En agglomération,Intersection en Y,Normale,Sans collision,,,,,,,,,,,5,2,4,1.0,7
201400055897,0014-01-17 17:00:00,14,1,17,17,0,750,117,"35, AVENUE DE SAINT OUEN",,,Plein jour,En agglomération,Hors intersection,Normale,Autre collision,,,,,,,,,,,1,2,1,1.0,6
201400055898,0014-01-18 03:45:00,14,1,18,3,45,750,117,"180, AVENUE DE CLICHY",,,Nuit avec éclairage allumé,En agglomération,Intersection en T,Normale,Autre collision,,,,,,,,,,,5,2,3,1.0,6
201400055899,0014-01-18 22:10:00,14,1,18,22,10,750,117,PORTE DE CHAMPERRET,,,Nuit avec éclairage allumé,En agglomération,Intersection en X,Normale,Autre collision,,,,,,,,,,,5,2,2,1.0,6
201400055900,0014-01-21 15:20:00,14,1,21,15,20,750,117,"176, AVENUE DE CLICHY",,,Plein jour,En agglomération,Hors intersection,Normale,Autre collision,,,,,,,,,,,1,2,1,1.0,6
201400055901,0014-01-22 23:05:00,14,1,22,23,5,750,117,BOULEVARD DE REIMS,,,Nuit avec éclairage allumé,En agglomération,Intersection à plus de 4 branches,Pluie légère,Deux véhicules - côté,,,,,,,,,,,5,2,5,2.0,3
201400055902,0014-01-25 10:00:00,14,1,25,10,0,750,117,"28bis, RUE GUERSANT",,,Plein jour,En agglomération,Intersection en X,Normale,Sans collision,,,,,,,,,,,1,2,2,1.0,7
201400055903,0014-01-25 13:00:00,14,1,25,13,0,750,117,"29, RUE JEAN LECLAIRE",,,Plein jour,En agglomération,Hors intersection,Normale,Autre collision,,,,,,,,,,,1,2,1,1.0,6
201400055904,0014-01-26 14:50:00,14,1,26,14,50,750,117,"165, RUE DE ROME",,,Plein jour,En agglomération,Intersection à plus de 4 branches,Pluie légère,Autre collision,,,,,,,,,,,1,2,5,2.0,6
201400055905,0014-01-27 09:10:00,14,1,27,9,10,750,117,"9, RUE DES MOINES",,,Plein jour,En agglomération,Intersection en X,Normale,Sans collision,,,,,,,,,,,1,2,2,1.0,7
201400055906,0014-01-27 13:10:00,14,1,27,13,10,750,117,"73, BOULEVARD BESSIERES",,,Plein jour,En agglomération,Hors intersection,Normale,Deux véhicules - arrière,,,,,,,,,,,1,2,1,1.0,2
201400055907,0014-01-29 13:50:00,14,1,29,13,50,750,117,"face au 02, PLACE DE LA",,,Plein jour,En agglomération,Place,Pluie légère,Sans collision,,,,,,,,,,,1,2,7,2.0,7
201400055908,0014-01-29 20:10:00,14,1,29,20,10,750,117,"80, AVENUE DE WAGRAM",,,Nuit avec éclairage allumé,En agglomération,Intersection à plus de 4 branches,Temps couvert,Autre collision,,,,,,,,,,,5,2,5,8.0,6
201400055909,0014-01-29 22:45:00,14,1,29,22,45,750,117,"43, RUE DE TOCQUEVILLE",,,Nuit avec éclairage allumé,En agglomération,Intersection en Y,Pluie légère,Deux véhicules - côté,,,,,,,,,,,5,2,4,2.0,3
201400055910,0014-02-02 00:05:00,14,2,2,0,5,750,117,RUE DE LA JONQUIERE,,,Nuit avec éclairage allumé,En agglomération,Intersection en X,Normale,Deux véhicules - côté,,,,,,,,,,,5,2,2,1.0,3
201400055911,0014-02-03 18:20:00,14,2,3,18,20,750,117,"8, RUE SAUFFROY",,,Nuit avec éclairage allumé,En agglomération,Hors intersection,Normale,Autre collision,,,,,,,,,,,5,2,1,1.0,6
201400055912,0014-02-04 07:25:00,14,2,4,7,25,750,117,"33, AVENUE DE VILLIERS",,,Crépuscule ou aube,En agglomération,Intersection à plus de 4 branches,Normale,Deux véhicules - côté,,,,,,,,,,,2,2,5,1.0,3
201400055913,0014-02-05 19:15:00,14,2,5,19,15,750,117,"118, RUE DE COURCELLES",,,Nuit avec éclairage allumé,En agglomération,Hors intersection,Pluie légère,Trois véhicules et plus - en chaîne,,,,,,,,,,,5,2,1,2.0,4
201400055914,0014-02-06 18:12:00,14,2,6,18,12,750,117,"2, BOULEVARD PERSHING",,,Nuit avec éclairage allumé,En agglomération,Intersection en Y,Pluie légère,Deux véhicules - côté,,,,,,,,,,,5,2,4,2.0,3
201400055915,0014-02-11 13:00:00,14,2,11,13,0,750,117,"7, AVENUE DE VILLIERS",,,Plein jour,En agglomération,Intersection en Y,Normale,Deux véhicules - côté,,,,,,,,,,,1,2,4,1.0,3
201400055916,0014-02-10 20:50:00,14,2,10,20,50,750,117,PORTE D ASNIERES,,,Nuit sans éclairage public,En agglomération,Hors intersection,Normale,Trois véhicules et plus - en chaîne,,,,,,,,,,,3,2,1,1.0,4
201400055917,0014-02-11 18:40:00,14,2,11,18,40,750,117,"8, AVENUE DES TERNES",,,Nuit avec éclairage allumé,En agglomération,Hors intersection,Pluie légère,Deux véhicules - arrière,,,,,,,,,,,5,2,1,2.0,2
201400055918,0014-02-12 12:35:00,14,2,12,12,35,750,117,"5, PLACE DE CLICHY",,,Plein jour,En agglomération,Place,Normale,Deux véhicules - arrière,,,,,,,,,,,1,2,7,1.0,2
201400055919,0014-02-12 13:00:00,14,2,12,13,0,750,117,"19, AVENUE DE LA GRANDE",,,Plein jour,En agglomération,Hors intersection,Normale,Deux véhicules - côté,,,,,,,,,,,1,2,1,1.0,3
201400055920,0014-02-12 16:30:00,14,2,12,16,30,750,117,"6, RUE MEISSONIER",,,Plein jour,En agglomération,Hors intersection,Pluie légère,Autre collision,,,,,,,,,,,1,2,1,2.0,6
201400055921,0014-02-12 17:50:00,14,2,12,17,50,750,117,"126, AVENUE DE CLICHY",,,Nuit avec éclairage allumé,En agglomération,Intersection en X,Pluie légère,Deux véhicules - côté,,,,,,,,,,,5,2,2,2.0,3
201400055922,0014-02-13 09:30:00,14,2,13,9,30,750,117,"1, PLACE DE WAGRAM",,,Plein jour,En agglomération,Place,Pluie légère,Sans collision,,,,,,,,,,,1,2,7,2.0,7
201400055923,0014-02-13 07:40:00,14,2,13,7,40,750,117,"05, PLACE DE LA PORTE DE",,,Crépuscule ou aube,En agglomération,Hors intersection,Pluie légère,Autre collision,,,,,,,,,,,2,2,1,2.0,6
201400055924,0014-02-13 18:00:00,14,2,13,18,0,750,117,BOULEVARD GOUVION SAINT,,,Nuit avec éclairage allumé,En agglomération,Hors intersection,Temps couvert,Deux véhicules - côté,,,,,,,,,,,5,2,1,8.0,3
201400055925,0014-02-14 11:40:00,14,2,14,11,40,750,117,"111, RUE DE COURCELLES",,,Plein jour,En agglomération,Hors intersection,Pluie légère,Deux véhicules - arrière,,,,,,,,,,,1,2,1,2.0,2
201400055926,0014-02-16 21:20:00,14,2,16,21,20,750,117,"44, AVENUE DE LA GRANDE",,,Nuit avec éclairage allumé,En agglomération,Hors intersection,Normale,Autre collision,,,,,,,,,,,5,2,1,1.0,6
201400055927,0014-02-19 21:20:00,14,2,19,21,20,750,117,RUE DES BATIGNOLLES,,,Nuit avec éclairage allumé,En agglomération,Intersection en X,Normale,Autre collision,,,,,,,,,,,5,2,2,1.0,6
201400055928,0014-02-20 04:05:00,14,2,20,4,5,750,117,BOULEVARD BESSIERES,,,Nuit avec éclairage allumé,En agglomération,Intersection à plus de 4 branches,Normale,Deux véhicules - côté,,,,,,,,,,,5,2,5,1.0,3
201400055929,0014-02-20 10:20:00,14,2,20,10,20,750,117,"75, RUE POUCHET",,,Plein jour,En agglomération,Intersection en X,Pluie légère,Autre collision,,,,,,,,,,,1,2,2,2.0,6
201400055930,0014-02-20 15:05:00,14,2,20,15,5,750,117,"209, BOULEVARD PEREIRE",,,Plein jour,En agglomération,Intersection à plus de 4 branches,Pluie forte,Autre collision,,,,,,,,,,,1,2,5,3.0,6
201400055931,0014-02-21 12:15:00,14,2,21,12,15,750,117,"01, PLACE DE LA PORTE MA",,,Plein jour,En agglomération,Place,Normale,Deux véhicules - côté,,,,,,,,,,,1,2,7,1.0,3
201400055932,0014-02-23 00:10:00,14,2,23,0,10,750,117,"135, RUE DE ROME",,,Nuit avec éclairage allumé,En agglomération,Intersection en X,Normale,Autre collision,,,,,,,,,,,5,2,2,1.0,6
201400055933,0014-02-23 20:20:00,14,2,23,20,20,750,117,"24, BOULEVARD BESSIERES",,,Nuit avec éclairage allumé,En agglomération,Intersection à plus de 4 branches,Normale,Autre collision,,,,,,,,,,,5,2,5,1.0,6
201400055934,0014-02-24 09:40:00,14,2,24,9,40,750,117,"15, RUE POUCHET",,,Plein jour,En agglomération,Hors intersection,Normale,Autre collision,,,,,,,,,,,1,2,1,1.0,6
201400055935,0014-02-24 17:00:00,14,2,24,17,0,750,117,"02, PLACE DE LA PORTE MA",,,Plein jour,En agglomération,Intersection en Y,Normale,Deux véhicules - côté,,,,,,,,,,,1,2,4,1.0,3
201400055936,0014-02-25 10:00:00,14,2,25,10,0,750,117,"25, RUE GUY MOQUET",,,Plein jour,En agglomération,Hors intersection,Normale,Sans collision,,,,,,,,,,,1,2,1,1.0,7
201400055937,0014-02-25 14:00:00,14,2,25,14,0,750,117,"66bis, AVENUE DE VILLIER",,,Plein jour,En agglomération,Hors intersection,Normale,Autre collision,,,,,,,,,,,1,2,1,1.0,6
201400055938,0014-02-26 00:50:00,14,2,26,0,50,750,117,AVENUE DE LA PORTE D ASN,,,Nuit avec éclairage allumé,En agglomération,Intersection en Y,Normale,Deux véhicules - côté,,,,,,,,,,,5,2,4,1.0,3
201400055939,0014-02-26 17:10:00,14,2,26,17,10,750,117,"142, AVENUE DE LA PORTE",,,Plein jour,En agglomération,Intersection en T,Normale,Deux véhicules - côté,,,,,,,,,,,1,2,3,1.0,3
201400055940,0014-02-27 15:10:00,14,2,27,15,10,750,117,"72, AVENUE DE WAGRAM",,,Plein jour,En agglomération,Intersection en X,Pluie légère,Deux véhicules - arrière,,,,,,,,,,,1,2,2,2.0,2
201400055941,0014-02-27 15:55:00,14,2,27,15,55,750,117,AVENUE DE CLICHY,,,Plein jour,En agglomération,Hors intersection,Pluie légère,Deux véhicules - arrière,,,,,,,,,,,1,2,1,2.0,2
201400055942,0014-02-27 16:55:00,14,2,27,16,55,750,117,"02, AVENUE DE VILLIERS",,,Plein jour,En agglomération,Intersection en X,Normale,Autre collision,,,,,,,,,,,1,2,2,1.0,6
201400055943,0014-02-28 01:22:00,14,2,28,1,22,750,117,"2, PLACE DE LA PORTE MAI",,,Nuit avec éclairage allumé,En agglomération,Hors intersection,Normale,Autre collision,,,,,,,,,,,5,2,1,1.0,6
201400055944,0014-02-28 09:20:00,14,2,28,9,20,750,117,BOULEVARD PERIPHERIQUE,,,Plein jour,En agglomération,Hors intersection,Pluie légère,Sans collision,,,,,,,,,,,1,2,1,2.0,7
201400055945,0014-02-28 14:00:00,14,2,28,14,0,750,117,"2, PLACE DE LA PORTE MAI",,,Plein jour,En agglomération,Place,Pluie légère,Deux véhicules - côté,,,,,,,,,,,1,2,7,2.0,3
201400055946,0014-03-02 11:15:00,14,3,2,11,15,750,117,"133, AVENUE DE VILLIERS",,,Plein jour,En agglomération,Intersection à plus de 4 branches,Normale,Autre collision,,,,,,,,,,,1,2,5,1.0,6
201400055947,0014-03-02 21:00:00,14,3,2,21,0,750,117,"7, BOULEVARD BERTHIER",,,Nuit avec éclairage allumé,En agglomération,Hors intersection,Normale,Autre collision,,,,,,,,,,,5,2,1,1.0,6
201400055948,0014-03-03 07:40:00,14,3,3,7,40,750,117,"41, AVENUE DE VILLIERS",,,Plein jour,En agglomération,Intersection en T,Normale,Sans collision,,,,,,,,,,,1,2,3,1.0,7
201400055949,0014-03-03 15:30:00,14,3,3,15,30,750,117,"1, AVENUE DE WAGRAM",,,Plein jour,En agglomération,Place,Pluie forte,Autre collision,,,,,,,,,,,1,2,7,3.0,6