accident_id,datetime,annee,mois,jour,heure,minute,departement,commune_insee,adresse,latitude,longitude,luminosite,agglomeration,intersection,meteo,collision,nb_vehicules,nb_usagers,nb_indemnes,nb_tues,nb_blesses_hosp,nb_blesses_legers,age_cond_1,age_cond_2,veh_type_cond_1,veh_type_cond_2,lum_code,agg_code,int_code,atm_code,col_code
201400056209,0014-10-28 12:30:00,14,10,28,12,30,750,117,"4, PLACE DE LA PORTE DE",,,Plein jour,En agglomération,Intersection à plus de 4 branches,Normale,Deux véhicules - côté,,,,,,,,,,,1,2,5,1.0,3
201400056210,0014-10-30 17:50:00,14,10,30,17,50,750,117,"99, BOULEVARD BESSIERES",,,Nuit avec éclairage allumé,En agglomération,Intersection en T,Normale,Deux véhicules - côté,,,,,,,,,,,5,2,3,1.0,3
201400056211,0014-10-31 14:45:00,14,10,31,14,45,750,117,"04, BOULEVARD DE COURCEL",,,Plein jour,En agglomération,Hors intersection,Normale,Autre collision,,,,,,,,,,,1,2,1,1.0,6
201400056212,0014-10-31 17:20:00,14,10,31,17,20,750,117,"164, RUE DE SAUSSURE",,,Crépuscule ou aube,En agglomération,Intersection en X,Normale,Deux véhicules - côté,,,,,,,,,,,2,2,2,1.0,3
201400056213,0014-11-03 18:50:00,14,11,3,18,50,750,117,"46, BOULEVARD BESSIERES",,,Nuit avec éclairage allumé,En agglomération,Intersection en X,Pluie légère,Autre collision,,,,,,,,,,,5,2,2,2.0,6
201400056214,0014-11-03 20:25:00,14,11,3,20,25,750,117,"2, RUE JULIETTE LAMBER",,,Nuit avec éclairage allumé,En agglomération,Hors intersection,Pluie légère,Autre collision,,,,,,,,,,,5,2,1,2.0,6
201400056215,0014-11-04 09:30:00,14,11,4,9,30,750,117,"/, PORTE D ASNIERES",,,Plein jour,En agglomération,Intersection en Y,Normale,Deux véhicules - arrière,,,,,,,,,,,1,2,4,1.0,2
201400056216,0014-11-04 13:30:00,14,11,4,13,30,750,117,"64, RUE LEGENDRE",,,Plein jour,En agglomération,Intersection en X,Normale,Deux véhicules - côté,,,,,,,,,,,1,2,2,1.0,3
201400056217,0014-11-04 14:40:00,14,11,4,14,40,750,117,"63, BOULEVARD BESSIERES",,,Plein jour,En agglomération,Hors intersection,Normale,Deux véhicules - côté,,,,,,,,,,,1,2,1,1.0,3
201400056218,0014-11-04 17:00:00,14,11,4,17,0,750,117,"91, AVENUE DE CLICHY",,,Plein jour,En agglomération,Intersection en T,Normale,Deux véhicules - arrière,,,,,,,,,,,1,2,3,1.0,2
201400056219,0014-11-05 19:40:00,14,11,5,19,40,750,117,"112, AVENUE DE CLICHY",,,Nuit avec éclairage allumé,En agglomération,Intersection en X,Normale,Autre collision,,,,,,,,,,,5,2,2,1.0,6
201400056220,0014-11-08 18:20:00,14,11,8,18,20,750,117,"2, PLACE DE LA PORTE MAI",,,Nuit avec éclairage allumé,En agglomération,Place,Normale,Deux véhicules - côté,,,,,,,,,,,5,2,7,1.0,3
201400056221,0014-11-10 16:00:00,14,11,10,16,0,750,117,"187, AVENUE DE CLICHY",,,Plein jour,En agglomération,Intersection à plus de 4 branches,Normale,Autre collision,,,,,,,,,,,1,2,5,1.0,6
201400056222,0014-11-12 07:45:00,14,11,12,7,45,750,117,"/, AVENUE DE LA PORTE DE",,,Plein jour,En agglomération,Intersection à plus de 4 branches,Normale,Deux véhicules - côté,,,,,,,,,,,1,2,5,1.0,3
201400056223,0014-11-13 10:20:00,14,11,13,10,20,750,117,"25, BOULEVARD DE LA SOMM",,,Plein jour,En agglomération,Intersection à plus de 4 branches,Normale,Autre collision,,,,,,,,,,,1,2,5,1.0,6
201400056224,0014-11-14 12:05:00,14,11,14,12,5,750,117,"18, AVENUE DE VILLIERS",,,Plein jour,En agglomération,Intersection en X,Pluie légère,Deux véhicules - frontale,,,,,,,,,,,1,2,2,2.0,1
201400056225,0014-11-14 13:40:00,14,11,14,13,40,750,117,"35, BOULEVARD BERTHIER",,,Plein jour,En agglomération,Intersection en X,Pluie légère,Sans collision,,,,,,,,,,,1,2,2,2.0,7
201400056226,0014-11-14 14:30:00,14,11,14,14,30,750,117,"124, RUE DE COURCELLES",,,Plein jour,En agglomération,Hors intersection,Pluie légère,Deux véhicules - frontale,,,,,,,,,,,1,2,1,2.0,1
201400056227,0014-11-15 10:20:00,14,11,15,10,20,750,117,"47, AVENUE DES TERNES",,,Plein jour,En agglomération,Hors intersection,Pluie légère,Deux véhicules - côté,,,,,,,,,,,1,2,1,2.0,3
201400056228,0014-11-15 23:20:00,14,11,15,23,20,750,117,BOULEVARD BERTHIER,,,Nuit avec éclairage allumé,En agglomération,Intersection en T,Normale,Deux véhicules - arrière,,,,,,,,,,,5,2,3,1.0,2
201400056229,0014-11-18 01:15:00,14,11,18,1,15,750,117,"134, BOULEVARD BERTHIER",,,Nuit avec éclairage allumé,En agglomération,Intersection en X,Normale,Autre collision,,,,,,,,,,,5,2,2,1.0,6
201400056230,0014-11-18 16:55:00,14,11,18,16,55,750,117,"01, AVENUE STEPHANE MALL",,,Nuit avec éclairage allumé,En agglomération,Intersection à plus de 4 branches,Pluie légère,Deux véhicules - côté,,,,,,,,,,,5,2,5,2.0,3
201400056231,0014-11-18 19:30:00,14,11,18,19,30,750,117,"92, BOULEVARD DES BATIGN",,,Nuit avec éclairage allumé,En agglomération,Intersection en T,Pluie légère,Sans collision,,,,,,,,,,,5,2,3,2.0,7
201400056232,0014-11-20 10:45:00,14,11,20,10,45,750,117,"70, BOULEVARD BESSIERES",,,Plein jour,En agglomération,Hors intersection,Normale,Deux véhicules - côté,,,,,,,,,,,1,2,1,1.0,3
201400056233,0014-11-20 16:40:00,14,11,20,16,40,750,117,"118, BOULEVARD BESSIERES",,,Nuit avec éclairage allumé,En agglomération,Hors intersection,Pluie légère,Autre collision,,,,,,,,,,,5,2,1,2.0,6
201400056234,0014-11-21 11:40:00,14,11,21,11,40,750,117,"160, BOULEVARD MALESHERB",,,Plein jour,En agglomération,Hors intersection,Normale,Autre collision,,,,,,,,,,,1,2,1,1.0,6
201400056235,0014-11-22 19:50:00,14,11,22,19,50,750,117,"21, BOULEVARD GOUVION SA",,,Nuit avec éclairage allumé,En agglomération,Intersection à plus de 4 branches,Normale,Deux véhicules - côté,,,,,,,,,,,5,2,5,1.0,3
201400056236,0014-11-23 17:45:00,14,11,23,17,45,750,117,"83, RUE DE SAUSSURE",,,Nuit avec éclairage allumé,En agglomération,Intersection en X,Normale,Autre collision,,,,,,,,,,,5,2,2,1.0,6
201400056237,0014-11-25 09:15:00,14,11,25,9,15,750,117,PLACE DU BRESIL,,,Plein jour,En agglomération,Place,Pluie légère,Deux véhicules - arrière,,,,,,,,,,,1,2,7,2.0,2
201400056238,0014-11-25 14:45:00,14,11,25,14,45,750,117,"18, AVENUE DE VILLIERS",,,Plein jour,En agglomération,Intersection en X,Normale,Deux véhicules - côté,,,,,,,,,,,1,2,2,1.0,3
201400056239,0014-11-25 15:00:00,14,11,25,15,0,750,118,"14, AVENUE DE SAINT OUEN",,,Plein jour,En agglomération,Intersection en T,Normale,Autre collision,,,,,,,,,,,1,2,3,1.0,6
201400056240,0014-11-26 17:00:00,14,11,26,17,0,750,117,"190, AVENUE DE CLICHY",,,Nuit avec éclairage allumé,En agglomération,Hors intersection,Pluie légère,Autre collision,,,,,,,,,,,5,2,1,2.0,6
201400056241,0014-11-26 18:45:00,14,11,26,18,45,750,117,"11, PORTE D ASNIERES",,,Nuit avec éclairage allumé,En agglomération,Hors intersection,Pluie légère,Sans collision,,,,,,,,,,,5,2,1,2.0,7
201400056242,0014-11-27 12:38:00,14,11,27,12,38,750,117,"51, RUE DES EPINETTES",,,Plein jour,En agglomération,Hors intersection,Normale,Autre collision,,,,,,,,,,,1,2,1,1.0,6
201400056243,0014-11-29 16:25:00,14,11,29,16,25,750,117,"14, RUE PAUL BODIN",,,Plein jour,En agglomération,Intersection en T,Temps couvert,Autre collision,,,,,,,,,,,1,2,3,8.0,6
201400056244,0014-12-01 23:25:00,14,12,1,23,25,750,117,"91, AVENUE DE WAGRAM",,,Nuit avec éclairage allumé,En agglomération,Intersection à plus de 4 branches,Normale,Deux véhicules - côté,,,,,,,,,,,5,2,5,1.0,3
201400056245,0014-12-02 20:10:00,14,12,2,20,10,750,117,PLACE PAUL LEAUTAUD,,,Crépuscule ou aube,En agglomération,Place,Normale,Deux véhicules - côté,,,,,,,,,,,2,2,7,1.0,3
201400056246,0014-12-04 19:10:00,14,12,4,19,10,750,117,"/, RUE ALPHONSE DE NEUVI",,,Nuit avec éclairage allumé,En agglomération,Intersection en X,Pluie légère,Trois véhicules et plus - en chaîne,,,,,,,,,,,5,2,2,2.0,4
201400056247,0014-12-05 18:35:00,14,12,5,18,35,750,117,"13, AVENUE NIEL",,,Nuit avec éclairage allumé,En agglomération,Intersection à plus de 4 branches,Normale,Deux véhicules - côté,,,,,,,,,,,5,2,5,1.0,3
201400056248,0014-12-05 21:30:00,14,12,5,21,30,750,117,"144, AVENUE DE CLICHY",,,Nuit avec éclairage allumé,En agglomération,Intersection en T,Normale,Deux véhicules - côté,,,,,,,,,,,5,2,3,1.0,3
201400056249,0014-12-07 12:40:00,14,12,7,12,40,750,117,"13, RUE DES BATIGNOLLES",,,Plein jour,En agglomération,Intersection en X,Temps couvert,Sans collision,,,,,,,,,,,1,2,2,8.0,7
201400056250,0014-12-07 15:50:00,14,12,7,15,50,750,117,"14, BOULEVARD DU FORT DE",,,Plein jour,En agglomération,Hors intersection,Temps couvert,Deux véhicules - côté,,,,,,,,,,,1,2,1,8.0,3
201400056251,0014-12-08 23:50:00,14,12,8,23,50,750,117,"114, AVENUE DE VILLIERS",,,Nuit avec éclairage allumé,En agglomération,Place,Temps couvert,Sans collision,,,,,,,,,,,5,2,7,8.0,7
201400056252,0014-12-09 11:10:00,14,12,9,11,10,750,117,"40, BOULEVARD DE COURCEL",,,Plein jour,En agglomération,Hors intersection,Normale,Deux véhicules - côté,,,,,,,,,,,1,2,1,1.0,3
201400056253,0014-12-09 12:55:00,14,12,9,12,55,750,117,"31, AVENUE DE CLICHY",,,Plein jour,En agglomération,Intersection en X,Normale,Autre collision,,,,,,,,,,,1,2,2,1.0,6
201400056254,0014-12-11 17:45:00,14,12,11,17,45,750,117,"74, AVENUE DE WAGRAM",,,Nuit sans éclairage public,En agglomération,Intersection en X,Pluie légère,Autre collision,,,,,,,,,,,3,2,2,2.0,6
201400056255,0014-12-12 11:45:00,14,12,12,11,45,750,117,"125, AVENUE DE SAINT OUE",,,Plein jour,En agglomération,Intersection à plus de 4 branches,Pluie légère,Autre collision,,,,,,,,,,,1,2,5,2.0,6
201400056256,0014-12-12 15:40:00,14,12,12,15,40,750,117,"7, RUE DE TOCQUEVILLE",,,Plein jour,En agglomération,Intersection en X,Pluie légère,Autre collision,,,,,,,,,,,1,2,2,2.0,6
201400056257,0014-12-12 19:45:00,14,12,12,19,45,750,117,"/, RUE JOUFFROY D ABBANS",,,Nuit avec éclairage allumé,En agglomération,Intersection en X,Pluie forte,Deux véhicules - côté,,,,,,,,,,,5,2,2,3.0,3
201400056258,0014-12-13 10:40:00,14,12,13,10,40,750,117,"34, AVENUE DE LA PORTE D",,,Plein jour,En agglomération,Intersection en Y,Pluie légère,Deux véhicules - côté,,,,,,,,,,,1,2,4,2.0,3
201400056259,0014-12-14 15:20:00,14,12,14,15,20,750,117,"5, AVENUE CARNOT",,,Plein jour,En agglomération,Intersection en X,Normale,Sans collision,,,,,,,,,,,1,2,2,1.0,7
201400056260,0014-12-15 09:30:00,14,12,15,9,30,750,117,"46, AVENUE DE VILLIERS",,,Plein jour,En agglomération,Intersection en Y,Pluie légère,Deux véhicules - côté,,,,,,,,,,,1,2,4,2.0,3
201400056261,0014-12-15 19:25:00,14,12,15,19,25,750,117,BOULEVARD PERIPHERIQUE E,,,Nuit avec éclairage allumé,En agglomération,Hors intersection,Pluie légère,Deux véhicules - arrière,,,,,,,,,,,5,2,1,2.0,2
201400056262,0014-12-15 22:00:00,14,12,15,22,0,750,117,"75, AVENUE DE CLICHY",,,Nuit avec éclairage allumé,En agglomération,Intersection en T,Pluie légère,Deux véhicules - côté,,,,,,,,,,,5,2,3,2.0,3
201400056263,0014-12-16 07:45:00,14,12,16,7,45,750,117,"/, PLACE DU GENERAL KOEN",,,Nuit avec éclairage allumé,En agglomération,Place,Pluie légère,Deux véhicules - côté,,,,,,,,,,,5,2,7,2.0,3
201400056264,0014-12-16 13:45:00,14,12,16,13,45,750,117,"72, BOULEVARD BERTHIER",,,Plein jour,En agglomération,Hors intersection,Normale,Deux véhicules - arrière,,,,,,,,,,,1,2,1,1.0,2
201400056265,0014-12-18 09:55:00,14,12,18,9,55,750,117,"54, RUE DES DAMES",,,Plein jour,En agglomération,Intersection en T,Normale,Trois véhicules et plus - en chaîne,,,,,,,,,,,1,2,3,1.0,4
201400056266,0014-12-18 19:40:00,14,12,18,19,40,750,117,"181 ter, AVENUE DE CLICH",,,Nuit avec éclairage allumé,En agglomération,Hors intersection,Normale,Autre collision,,,,,,,,,,,5,2,1,1.0,6
201400056267,0014-12-19 08:10:00,14,12,19,8,10,750,117,"8, RUE ALPHONSE DE NEUVI",,,Plein jour,En agglomération,Hors intersection,Temps couvert,Autre collision,,,,,,,,,,,1,2,1,8.0,6
201400056268,0014-12-19 18:15:00,14,12,19,18,15,750,117,"109, AVENUE DE SAINT OUE",,,Nuit avec éclairage allumé,En agglomération,Hors intersection,Pluie forte,Deux véhicules - côté,,,,,,,,,,,5,2,1,3.0,3
201400056269,0014-12-22 12:25:00,14,12,22,12,25,750,117,"101, AVENUE DES TERNES",,,Plein jour,En agglomération,Hors intersection,Normale,Deux véhicules - arrière,,,,,,,,,,,1,2,1,1.0,2
201400056270,0014-12-22 17:20:00,14,12,22,17,20,750,117,BOULEVARD DE L YSER,,,Nuit avec éclairage non allumé,En agglomération,Intersection en T,Pluie légère,Deux véhicules - arrière,,,,,,,,,,,4,2,3,2.0,2
201400056271,0014-12-27 16:50:00,14,12,27,16,50,750,117,"214, RUE DE COURCELLES",,,Plein jour,En agglomération,Intersection à plus de 4 branches,Normale,Deux véhicules - côté,,,,,,,,,,,1,2,5,1.0,3
201400056272,0014-12-27 22:00:00,14,12,27,22,0,750,117,"57, BOULEVARD GOUVION SA",,,Nuit avec éclairage allumé,En agglomération,Intersection en X,Pluie légère,Autre collision,,,,,,,,,,,5,2,2,2.0,6
201400056273,0014-12-28 12:10:00,14,12,28,12,10,750,117,"16, AVENUE DE VILLIERS",,,Plein jour,En agglomération,Intersection en X,Normale,Autre collision,,,,,,,,,,,1,2,2,1.0,6
201400056274,0014-12-29 09:30:00,14,12,29,9,30,750,117,"38, RUE DES APENNINS",,,Plein jour,En agglomération,Intersection en T,Normale,Autre collision,,,,,,,,,,,1,2,3,1.0,6
201400056275,0014-01-02 19:05:00,14,1,2,19,5,750,118,"11, RUE CUSTINE",,,Nuit avec éclairage allumé,En agglomération,Intersection à plus de 4 branches,Normale,Deux véhicules - côté,,,,,,,,,,,5,2,5,1.0,3
201400056276,0014-01-03 18:30:00,14,1,3,18,30,750,118,AVENUE DE SAINT OUEN,,,Nuit avec éclairage allumé,En agglomération,Intersection en X,Pluie légère,Autre collision,,,,,,,,,,,5,2,2,2.0,6
201400056277,0014-01-03 18:00:00,14,1,3,18,0,750,118,"36, RUE STEPHENSON",,,Nuit avec éclairage allumé,En agglomération,Intersection en T,Pluie légère,Autre collision,,,,,,,,,,,5,2,3,2.0,6
201400056278,0014-01-04 15:05:00,14,1,4,15,5,750,118,", RUE DES POISSONNIERS",,,Plein jour,En agglomération,Intersection en T,Temps couvert,Deux véhicules - côté,,,,,,,,,,,1,2,3,8.0,3
201400056279,0014-01-06 13:23:00,14,1,6,13,23,750,118,RUE FRANCIS DE CROISSET,,,Plein jour,En agglomération,Hors intersection,Normale,Autre collision,,,,,,,,,,,1,2,1,1.0,6
201400056280,0014-01-08 20:10:00,14,1,8,20,10,750,118,"94, BOULEVARD NEY",,,Nuit avec éclairage allumé,En agglomération,Hors intersection,Pluie légère,Sans collision,,,,,,,,,,,5,2,1,2.0,7
201400056281,0014-01-09 09:25:00,14,1,9,9,25,750,118,RUE ORDENER,,,Plein jour,En agglomération,Intersection à plus de 4 branches,Normale,Deux véhicules - côté,,,,,,,,,,,1,2,5,1.0,3
201400056282,0014-01-10 01:20:00,14,1,10,1,20,750,118,"59, RUE CAULAINCOURT",,,Nuit avec éclairage allumé,En agglomération,Hors intersection,Normale,Autre collision,,,,,,,,,,,5,2,1,1.0,6
201400056283,0014-01-11 18:30:00,14,1,11,18,30,750,118,"15, RUE DAMREMONT",,,Nuit avec éclairage allumé,En agglomération,Intersection en X,Normale,Deux véhicules - côté,,,,,,,,,,,5,2,2,1.0,3
201400056284,0014-01-13 12:40:00,14,1,13,12,40,750,118,"28, AVENUE DE LA PORTE D",,,Plein jour,En agglomération,Intersection en X,Normale,Autre collision,,,,,,,,,,,1,2,2,1.0,6
201400056285,0014-01-16 13:10:00,14,1,16,13,10,750,118,"7, BOULEVARD BARBES",,,Plein jour,En agglomération,Intersection en Y,Pluie légère,Deux véhicules - côté,,,,,,,,,,,1,2,4,2.0,3
201400056286,0014-01-17 12:35:00,14,1,17,12,35,750,118,"07, PLACE ALBERT KAHN",,,Plein jour,En agglomération,Place,Normale,Deux véhicules - arrière,,,,,,,,,,,1,2,7,1.0,2
201400056287,0014-01-13 15:30:00,14,1,13,15,30,750,118,AVENUE DE LA PORTE DE SA,,,Plein jour,En agglomération,Intersection en X,Pluie légère,Sans collision,,,,,,,,,,,1,2,2,2.0,7
201400056288,0014-01-18 11:45:00,14,1,18,11,45,750,118,"35, RUE RAMEY",,,Plein jour,En agglomération,Hors intersection,Normale,Deux véhicules - arrière,,,,,,,,,,,1,2,1,1.0,2
201400056289,0014-01-20 15:45:00,14,1,20,15,45,750,118,"110, BOULEVARD DE CLICHY",,,Plein jour,En agglomération,Intersection en T,Pluie légère,Autre collision,,,,,,,,,,,1,2,3,2.0,6
201400056290,0014-01-21 16:50:00,14,1,21,16,50,750,118,"52, AVENUE DE SAINT OUEN",,,Nuit avec éclairage allumé,En agglomération,Intersection en X,Normale,Autre collision,,,,,,,,,,,5,2,2,1.0,6
201400056291,0014-01-22 19:30:00,14,1,22,19,30,750,118,"39, RUE DE LA CHAPELLE",,,Nuit avec éclairage allumé,En agglomération,Intersection en T,Pluie légère,Autre collision,,,,,,,,,,,5,2,3,2.0,6
201400056292,0014-01-25 02:00:00,14,1,25,2,0,750,118,"74, RUE RIQUET",,,Nuit avec éclairage allumé,En agglomération,Intersection en T,Pluie légère,Autre collision,,,,,,,,,,,5,2,3,2.0,6
201400056293,0014-01-26 21:15:00,14,1,26,21,15,750,118,"4, BOULEVARD BARBES",,,Nuit avec éclairage allumé,En agglomération,Intersection en T,Pluie légère,Autre collision,,,,,,,,,,,5,2,3,2.0,6
201400056294,0014-01-27 16:45:00,14,1,27,16,45,750,118,"66, BOULEVARD DE ROCHECH",,,Plein jour,En agglomération,Intersection en X,Pluie légère,Deux véhicules - côté,,,,,,,,,,,1,2,2,2.0,3
201400056295,0014-01-30 20:30:00,14,1,30,20,30,750,118,"2, RUE BURQ",,,Nuit avec éclairage allumé,En agglomération,Intersection en T,Normale,Autre collision,,,,,,,,,,,5,2,3,1.0,6
201400056296,0014-01-31 10:25:00,14,1,31,10,25,750,118,"16, RUE STEPHENSON",,,Plein jour,En agglomération,Intersection en X,Normale,Deux véhicules - côté,,,,,,,,,,,1,2,2,1.0,3
201400056297,0014-02-01 22:30:00,14,2,1,22,30,750,118,"14, AVENUE DE SAINT OUEN",,,Nuit avec éclairage allumé,En agglomération,Hors intersection,Normale,Autre collision,,,,,,,,,,,5,2,1,1.0,6
201400056298,0014-02-02 10:10:00,14,2,2,10,10,750,118,"120, BOULEVARD DE CLICHY",,,Plein jour,En agglomération,Place,Normale,Deux véhicules - arrière,,,,,,,,,,,1,2,7,1.0,2
201400056299,0014-02-02 20:55:00,14,2,2,20,55,750,118,"2, RUE ORDENER",,,Nuit avec éclairage allumé,En agglomération,Intersection en X,Normale,Autre collision,,,,,,,,,,,5,2,2,1.0,6
201400056300,0014-02-03 17:50:00,14,2,3,17,50,750,118,"117, RUE ORDENER",,,Nuit avec éclairage allumé,En agglomération,Intersection en T,Normale,Autre collision,,,,,,,,,,,5,2,3,1.0,6
201400056301,0014-02-06 18:30:00,14,2,6,18,30,750,118,"26, RUE LABAT",,,Nuit avec éclairage allumé,En agglomération,Intersection à plus de 4 branches,Normale,Autre collision,,,,,,,,,,,5,2,5,1.0,6
201400056302,0014-02-07 16:30:00,14,2,7,16,30,750,118,"87, RUE DE CLIGNANCOURT",,,Plein jour,En agglomération,Intersection à plus de 4 branches,Normale,Deux véhicules - arrière,,,,,,,,,,,1,2,5,1.0,2
201400056303,0014-02-07 18:10:00,14,2,7,18,10,750,118,"144, BOULEVARD NEY",,,Nuit avec éclairage allumé,En agglomération,Hors intersection,Normale,Deux véhicules - arrière,,,,,,,,,,,5,2,1,1.0,2
201400056304,0014-02-08 19:00:00,14,2,8,19,0,750,118,"87, BOULEVARD NEY",,,Nuit avec éclairage allumé,En agglomération,Intersection en X,Pluie légère,Autre collision,,,,,,,,,,,5,2,2,2.0,6
201400056305,0014-02-09 06:10:00,14,2,9,6,10,750,118,"2, PLACE BLANCHE",,,Nuit avec éclairage allumé,En agglomération,Place,Normale,Autre collision,,,,,,,,,,,5,2,7,1.0,6
201400056306,0014-02-09 12:35:00,14,2,9,12,35,750,118,"64, RUE VAUVENARGUES",,,Plein jour,En agglomération,Intersection à plus de 4 branches,Temps couvert,Deux véhicules - arrière,,,,,,,,,,,1,2,5,8.0,2
201400056307,0014-02-09 17:15:00,14,2,9,17,15,750,118,"121, RUE DES POISSONNIER",,,Plein jour,En agglomération,Intersection en T,Normale,Autre collision,,,,,,,,,,,1,2,3,1.0,6
201400056308,0014-02-10 07:55:00,14,2,10,7,55,750,118,"10, RUE JEAN HENRI FABRE",,,Plein jour,En agglomération,Hors intersection,Normale,Autre collision,,,,,,,,,,,1,2,1,1.0,6
201400056309,0014-02-11 09:40:00,14,2,11,9,40,750,118,"57, AVENUE DE SAINT OUEN",,,Plein jour,En agglomération,Intersection en T,Normale,Deux véhicules - frontale,,,,,,,,,,,1,2,3,1.0,1
201400056310,0014-02-11 16:00:00,14,2,11,16,0,750,118,"75, RUE RIQUET",,,Plein jour,En agglomération,Intersection en T,Pluie légère,Autre collision,,,,,,,,,,,1,2,3,2.0,6
201400056311,0014-02-12 09:50:00,14,2,12,9,50,750,118,"22, BOULEVARD DE CLICHY",,,Plein jour,En agglomération,Hors intersection,Normale,Autre collision,,,,,,,,,,,1,2,1,1.0,6
201400056312,0014-02-12 14:15:00,14,2,12,14,15,750,118,"2, RUE CAULAINCOURT",,,Plein jour,En agglomération,Intersection à plus de 4 branches,Normale,Autre collision,,,,,,,,,,,1,2,5,1.0,6
201400056313,0014-02-12 18:55:00,14,2,12,18,55,750,118,"55, RUE MARX DORMOY",,,Nuit avec éclairage allumé,En agglomération,Intersection en T,Pluie forte,Autre collision,,,,,,,,,,,5,2,3,3.0,6
201400056314,0014-02-13 01:20:00,14,2,13,1,20,750,118,"05, RUE DE LA CHAPELLE",,,Nuit avec éclairage allumé,En agglomération,Intersection en X,Normale,Deux véhicules - arrière,,,,,,,,,,,5,2,2,1.0,2
201400056315,0014-02-14 21:00:00,14,2,14,21,0,750,118,"1, AVENUE DE LA PORTE D",,,Nuit avec éclairage allumé,En agglomération,Intersection en X,Normale,Sans collision,,,,,,,,,,,5,2,2,1.0,7
201400056316,0014-02-15 01:40:00,14,2,15,1,40,750,110,BOULEVARD DE MAGENTA,,,Nuit avec éclairage allumé,En agglomération,Intersection à plus de 4 branches,Normale,Deux véhicules - côté,,,,,,,,,,,5,2,5,1.0,3
201400056317,0014-02-16 13:30:00,14,2,16,13,30,750,118,"2, IMPASSE DE LA CHAPELL",,,Plein jour,En agglomération,Intersection en T,Normale,Autre collision,,,,,,,,,,,1,2,3,1.0,6
201400056318,0014-02-19 09:20:00,14,2,19,9,20,750,118,"37, BOULEVARD ORNANO",,,Plein jour,En agglomération,Intersection en Y,Temps couvert,Deux véhicules - arrière,,,,,,,,,,,1,2,4,8.0,2
201400056319,0014-02-21 12:45:00,14,2,21,12,45,750,118,"8, RUE DU MONT CENIS",,,Plein jour,En agglomération,Intersection en T,Normale,Autre collision,,,,,,,,,,,1,2,3,1.0,6
201400056320,0014-02-21 19:50:00,14,2,21,19,50,750,118,PLACE PIGALLE,,,Nuit avec éclairage allumé,En agglomération,Place,Normale,Deux véhicules - côté,,,,,,,,,,,5,2,7,1.0,3
201400056321,0014-02-22 06:40:00,14,2,22,6,40,750,118,"69, RUE ORDENER",,,Nuit avec éclairage allumé,En agglomération,Intersection en X,Pluie forte,Autre collision,,,,,,,,,,,5,2,2,3.0,6
201400056322,0014-02-22 19:26:00,14,2,22,19,26,750,118,"88, BOULEVARD BARBES",,,Nuit avec éclairage allumé,En agglomération,Intersection en X,Normale,Deux véhicules - côté,,,,,,,,,,,5,2,2,1.0,3
201400056323,0014-02-23 06:05:00,14,2,23,6,5,750,118,"55, BOULEVARD ORNANO",,,Nuit avec éclairage allumé,En agglomération,Place,Normale,Autre collision,,,,,,,,,,,5,2,7,1.0,6
201400056324,0014-02-26 17:00:00,14,2,26,17,0,750,118,RUE DU CARDINAL DUBOIS,,,Plein jour,En agglomération,Intersection en T,Normale,Autre collision,,,,,,,,,,,1,2,3,1.0,6
201400056325,0014-02-27 10:40:00,14,2,27,10,40,750,118,"9, RUE JEAN VARENNE",,,Plein jour,En agglomération,Hors intersection,Pluie légère,Autre collision,,,,,,,,,,,1,2,1,2.0,6
201400056326,0014-02-27 13:00:00,14,2,27,13,0,750,118,BOULEVARD BARBES,,,Plein jour,En agglomération,Intersection en T,Pluie légère,Autre collision,,,,,,,,,,,1,2,3,2.0,6
201400056327,0014-03-02 06:30:00,14,3,2,6,30,750,118,"67, BOULEVARD NEY",,,Crépuscule ou aube,En agglomération,Intersection en Y,Normale,Deux véhicules - arrière,,,,,,,,,,,2,2,4,1.0,2
201400056328,0014-03-03 18:50:00,14,3,3,18,50,750,118,"94, RUE ORDENER",,,Nuit avec éclairage allumé,En agglomération,Hors intersection,Pluie légère,Autre collision,,,,,,,,,,,5,2,1,2.0,6
201400056329,0014-03-04 08:25:00,14,3,4,8,25,750,118,BOULEVARD DE LA CHAPELLE,,,Plein jour,En agglomération,Intersection en Y,Temps couvert,Autre collision,,,,,,,,,,,1,2,4,8.0,6
201400056330,0014-03-05 08:40:00,14,3,5,8,40,750,118,"107, RUE ORDENER",,,Plein jour,En agglomération,Hors intersection,Normale,Deux véhicules - côté,,,,,,,,,,,1,2,1,1.0,3
201400056331,0014-03-05 12:05:00,14,3,5,12,5,750,118,"1, AVENUE DE LA PORTE DE",,,Plein jour,En agglomération,Intersection en X,Normale,Deux véhicules - côté,,,,,,,,,,,1,2,2,1.0,3
201400056332,0014-03-13 13:30:00,14,3,13,13,30,750,118,"27, RUE CUSTINE",,,Plein jour,En agglomération,Hors intersection,Normale,Autre collision,,,,,,,,,,,1,2,1,1.0,6
201400056333,0014-03-14 10:50:00,14,3,14,10,50,750,118,"13, RUE CAVALLOTTI",,,Plein jour,En agglomération,Hors intersection,Normale,Autre collision,,,,,,,,,,,1,2,1,1.0,6