accident_id,datetime,annee,mois,jour,heure,minute,departement,commune_insee,adresse,latitude,longitude,luminosite,agglomeration,intersection,meteo,collision,nb_vehicules,nb_usagers,nb_indemnes,nb_tues,nb_blesses_hosp,nb_blesses_legers,age_cond_1,age_cond_2,veh_type_cond_1,veh_type_cond_2,lum_code,agg_code,int_code,atm_code,col_code
201400056463,0014-07-07 11:45:00,14,7,7,11,45,750,118,"16, AVENUE DE CLICHY",,,Plein jour,En agglomération,Place,Normale,Deux véhicules - côté,,,,,,,,,,,1,2,7,1.0,3
201400056464,0014-07-07 19:30:00,14,7,7,19,30,750,118,"32, AVENUE DE LA PORTE D",,,Plein jour,En agglomération,Intersection en T,Temps couvert,Autre collision,,,,,,,,,,,1,2,3,8.0,6
201400056465,0014-07-08 15:00:00,14,7,8,15,0,750,118,"33BIS, RUE DOUDEAUVILLE",,,Plein jour,En agglomération,Intersection en T,Pluie légère,Autre collision,,,,,,,,,,,1,2,3,2.0,6
201400056466,0014-07-08 18:45:00,14,7,8,18,45,750,118,"37, BOULEVARD BARBES",,,Plein jour,En agglomération,Hors intersection,Temps couvert,Autre collision,,,,,,,,,,,1,2,1,8.0,6
201400056467,0014-07-10 12:25:00,14,7,10,12,25,750,118,"66, BOULEVARD DE ROCHECH",,,Plein jour,En agglomération,Intersection à plus de 4 branches,Normale,Sans collision,,,,,,,,,,,1,2,5,1.0,7
201400056468,0014-07-10 15:05:00,14,7,10,15,5,750,118,"129, RUE ORDENER",,,Plein jour,En agglomération,Hors intersection,Temps couvert,Autre collision,,,,,,,,,,,1,2,1,8.0,6
201400056469,0014-07-11 21:45:00,14,7,11,21,45,750,118,"27, RUE DU DEPARTEMENT",,,Nuit avec éclairage allumé,En agglomération,Intersection en T,Normale,Autre collision,,,,,,,,,,,5,2,3,1.0,6
201400056470,0014-07-12 10:35:00,14,7,12,10,35,750,118,"2, RUE ANDRE DEL SARTE",,,Plein jour,En agglomération,Intersection en T,Normale,Autre collision,,,,,,,,,,,1,2,3,1.0,6
201400056471,0014-07-15 13:20:00,14,7,15,13,20,750,118,"78, BOULEVARD ORNANO",,,Plein jour,En agglomération,Hors intersection,Normale,Deux véhicules - arrière,,,,,,,,,,,1,2,1,1.0,2
201400056472,0014-07-16 09:13:00,14,7,16,9,13,750,118,"23, RUE CAULAINCOURT",,,Plein jour,En agglomération,Intersection en X,Normale,Trois véhicules et plus - en chaîne,,,,,,,,,,,1,2,2,1.0,4
201400056473,0014-07-16 10:20:00,14,7,16,10,20,750,118,"41, RUE DE LA CHAPELLE",,,Plein jour,En agglomération,Intersection en T,Normale,Deux véhicules - côté,,,,,,,,,,,1,2,3,1.0,3
201400056474,0014-07-18 12:40:00,14,7,18,12,40,750,118,"50, RUE DE LA GOUTTE D O",,,Plein jour,En agglomération,Hors intersection,Normale,Autre collision,,,,,,,,,,,1,2,1,1.0,6
201400056475,0014-07-18 12:40:00,14,7,18,12,40,750,118,"42, BOULEVARD DE ROCHECH",,,Plein jour,En agglomération,Hors intersection,Normale,Autre collision,,,,,,,,,,,1,2,1,1.0,6
201400056476,0014-07-19 12:50:00,14,7,19,12,50,750,118,"44, RUE ORDENER",,,Plein jour,En agglomération,Intersection à plus de 4 branches,Normale,Autre collision,,,,,,,,,,,1,2,5,1.0,6
201400056477,0014-07-19 14:40:00,14,7,19,14,40,750,118,RUE ORDENER,,,Plein jour,En agglomération,Intersection à plus de 4 branches,Normale,Deux véhicules - arrière,,,,,,,,,,,1,2,5,1.0,2
201400056478,0014-07-20 15:55:00,14,7,20,15,55,750,118,"112, BOULEVARD DE LA CHA",,,Plein jour,En agglomération,Intersection en T,Normale,Deux véhicules - côté,,,,,,,,,,,1,2,3,1.0,3
201400056479,0014-07-20 19:15:00,14,7,20,19,15,750,118,"13, BOULEVARD BARBES",,,Plein jour,En agglomération,Intersection en T,Temps couvert,Autre collision,,,,,,,,,,,1,2,3,8.0,6
201400056480,0014-07-23 12:50:00,14,7,23,12,50,750,118,"29, RUE DU NORD",,,Plein jour,En agglomération,Intersection en X,Normale,Autre collision,,,,,,,,,,,1,2,2,1.0,6
201400056481,0014-07-24 12:00:00,14,7,24,12,0,750,118,"21, RUE EUGENE SUE",,,Plein jour,En agglomération,Hors intersection,Normale,Deux véhicules - arrière,,,,,,,,,,,1,2,1,1.0,2
201400056482,0014-07-27 21:20:00,14,7,27,21,20,750,118,BOULEVARD NEY,,,Nuit avec éclairage allumé,En agglomération,Intersection en X,Normale,Deux véhicules - côté,,,,,,,,,,,5,2,2,1.0,3
201400056483,0014-07-28 23:50:00,14,7,28,23,50,750,118,BOULEVARD DE LA CHAPELLE,,,Nuit avec éclairage allumé,En agglomération,Hors intersection,Normale,Autre collision,,,,,,,,,,,5,2,1,1.0,6
201400056484,0014-07-30 00:50:00,14,7,30,0,50,750,110,"209, RUE DU FAUBOURG SAI",,,Nuit avec éclairage allumé,En agglomération,Intersection en T,Normale,Deux véhicules - côté,,,,,,,,,,,5,2,3,1.0,3
201400056485,0014-07-30 08:30:00,14,7,30,8,30,750,118,"83, BOULEVARD ORNANO",,,Plein jour,En agglomération,Intersection à plus de 4 branches,Normale,Deux véhicules - côté,,,,,,,,,,,1,2,5,1.0,3
201400056486,0014-07-31 19:35:00,14,7,31,19,35,750,118,"3, RUE ANDRE DEL SARTE",,,Plein jour,En agglomération,Hors intersection,Normale,Deux véhicules - côté,,,,,,,,,,,1,2,1,1.0,3
201400056487,0014-08-03 19:15:00,14,8,3,19,15,750,118,"29, RUE RAMEY",,,Plein jour,En agglomération,Intersection à plus de 4 branches,Normale,Autre collision,,,,,,,,,,,1,2,5,1.0,6
201400056488,0014-08-04 16:35:00,14,8,4,16,35,750,118,"0, RUE JOSEPH DIJON",,,Plein jour,En agglomération,Intersection en X,Normale,Autre collision,,,,,,,,,,,1,2,2,1.0,6
201400056489,0014-08-04 18:10:00,14,8,4,18,10,750,118,"32, AVENUE DE LA PORTE D",,,Plein jour,En agglomération,Intersection en Y,Normale,Deux véhicules - côté,,,,,,,,,,,1,2,4,1.0,3
201400056490,0014-08-05 19:05:00,14,8,5,19,5,750,118,"77, RUE ORDENER",,,Plein jour,En agglomération,Intersection à plus de 4 branches,Normale,Autre collision,,,,,,,,,,,1,2,5,1.0,6
201400056491,0014-08-06 20:20:00,14,8,6,20,20,750,118,"24, BOULEVARD DE ROCHECH",,,Plein jour,En agglomération,Intersection en Y,Normale,Deux véhicules - arrière,,,,,,,,,,,1,2,4,1.0,2
201400056492,0014-08-08 12:50:00,14,8,8,12,50,750,118,"67, RUE BELLIARD",,,Plein jour,En agglomération,Hors intersection,Pluie légère,Deux véhicules - frontale,,,,,,,,,,,1,2,1,2.0,1
201400056493,0014-08-08 22:15:00,14,8,8,22,15,750,118,RUE DAMREMONT,,,Nuit avec éclairage allumé,En agglomération,Intersection à plus de 4 branches,Pluie légère,Deux véhicules - côté,,,,,,,,,,,5,2,5,2.0,3
201400056494,0014-08-11 14:25:00,14,8,11,14,25,750,118,"48, AVENUE DE CLICHY",,,Plein jour,En agglomération,Intersection en Y,Normale,Autre collision,,,,,,,,,,,1,2,4,1.0,6
201400056495,0014-08-14 19:25:00,14,8,14,19,25,750,118,RUE HERMEL,,,Plein jour,En agglomération,Intersection en X,Temps couvert,Deux véhicules - côté,,,,,,,,,,,1,2,2,8.0,3
201400056496,0014-08-16 14:00:00,14,8,16,14,0,750,118,RUE JEAN HENRI FABRE,,,Plein jour,En agglomération,Intersection à plus de 4 branches,Normale,Autre collision,,,,,,,,,,,1,2,5,1.0,6
201400056497,0014-08-19 02:55:00,14,8,19,2,55,750,118,"18, BOULEVARD DE CLICHY",,,Nuit avec éclairage allumé,En agglomération,Place,Normale,Autre collision,,,,,,,,,,,5,2,7,1.0,6
201400056498,0014-08-19 21:10:00,14,8,19,21,10,750,118,"71, RUE ORDENER",,,Crépuscule ou aube,En agglomération,Intersection à plus de 4 branches,Normale,Deux véhicules - frontale,,,,,,,,,,,2,2,5,1.0,1
201400056499,0014-08-23 02:50:00,14,8,23,2,50,750,118,"88, BOULEVARD BARBES",,,Nuit avec éclairage allumé,En agglomération,Intersection en X,Normale,Deux véhicules - frontale,,,,,,,,,,,5,2,2,1.0,1
201400056500,0014-08-23 05:00:00,14,8,23,5,0,750,118,"32, AVENUE DE LA PORTE D",,,Nuit avec éclairage allumé,En agglomération,Hors intersection,Pluie légère,Deux véhicules - arrière,,,,,,,,,,,5,2,1,2.0,2
201400056501,0014-08-24 09:00:00,14,8,24,9,0,750,118,RUE D ORAN,,,Plein jour,En agglomération,Intersection en X,Normale,Autre collision,,,,,,,,,,,1,2,2,1.0,6
201400056502,0014-08-31 20:50:00,14,8,31,20,50,750,118,"55, RUE HERMEL",,,Nuit avec éclairage allumé,En agglomération,Intersection en X,Normale,Deux véhicules - côté,,,,,,,,,,,5,2,2,1.0,3
201400056503,0014-09-01 14:07:00,14,9,1,14,7,750,118,RUE BECQUEREL,,,Plein jour,En agglomération,Intersection à plus de 4 branches,Normale,Deux véhicules - côté,,,,,,,,,,,1,2,5,1.0,3
201400056504,0014-09-01 18:25:00,14,9,1,18,25,750,118,AVENUE DE LA PORTE DE CL,,,Plein jour,En agglomération,Intersection en X,Normale,Deux véhicules - côté,,,,,,,,,,,1,2,2,1.0,3
201400056505,0014-09-01 22:40:00,14,9,1,22,40,750,118,AVENUE DE LA PORTE DE CL,,,Nuit avec éclairage allumé,En agglomération,Intersection à plus de 4 branches,Normale,Autre collision,,,,,,,,,,,5,2,5,1.0,6
201400056506,0014-09-03 18:45:00,14,9,3,18,45,750,118,"16, RUE EUGENE SUE",,,Plein jour,En agglomération,Intersection en X,Normale,Deux véhicules - arrière,,,,,,,,,,,1,2,2,1.0,2
201400056507,0014-09-04 18:20:00,14,9,4,18,20,750,118,"43, RUE MARCADET",,,Plein jour,En agglomération,Intersection à plus de 4 branches,Normale,Deux véhicules - côté,,,,,,,,,,,1,2,5,1.0,3
201400056508,0014-09-05 23:00:00,14,9,5,23,0,750,118,"5, RUE EUGENE CARRIERE",,,Nuit avec éclairage allumé,En agglomération,Intersection en Y,Normale,Autre collision,,,,,,,,,,,5,2,4,1.0,6
201400056509,0014-09-05 13:30:00,14,9,5,13,30,750,118,"150, BOULEVARD NEY",,,Plein jour,En agglomération,Intersection en Y,Temps couvert,Deux véhicules - côté,,,,,,,,,,,1,2,4,8.0,3
201400056510,0014-09-10 12:35:00,14,9,10,12,35,750,118,"69, RUE ORDENER",,,Plein jour,En agglomération,Hors intersection,Normale,Autre collision,,,,,,,,,,,1,2,1,1.0,6
201400056511,0014-09-10 18:15:00,14,9,10,18,15,750,118,"100, RUE DU POTEAU",,,Plein jour,En agglomération,Intersection en Y,Normale,Autre collision,,,,,,,,,,,1,2,4,1.0,6
201400056512,0014-09-12 07:55:00,14,9,12,7,55,750,118,"120, RUE CAULAINCOURT",,,Plein jour,En agglomération,Hors intersection,Normale,Deux véhicules - côté,,,,,,,,,,,1,2,1,1.0,3
201400056513,0014-09-16 09:35:00,14,9,16,9,35,750,118,"92, BOULEVARD NEY",,,Plein jour,En agglomération,Hors intersection,Normale,Autre collision,,,,,,,,,,,1,2,1,1.0,6
201400056514,0014-09-19 12:40:00,14,9,19,12,40,750,118,"2, RUE ROBERT PLANQUETTE",,,Plein jour,En agglomération,Hors intersection,Normale,Autre collision,,,,,,,,,,,1,2,1,1.0,6
201400056515,0014-09-20 17:00:00,14,9,20,17,0,750,118,"10, RUE RONSARD",,,Plein jour,En agglomération,Intersection en Y,Normale,Deux véhicules - arrière,,,,,,,,,,,1,2,4,1.0,2
201400056516,0014-09-22 13:55:00,14,9,22,13,55,750,118,"101, BOULEVARD NEY",,,Plein jour,En agglomération,Intersection en X,Normale,Deux véhicules - arrière,,,,,,,,,,,1,2,2,1.0,2
201400056517,0014-09-23 10:00:00,14,9,23,10,0,750,118,"31, RUE ORDENER",,,Plein jour,En agglomération,Hors intersection,Normale,Deux véhicules - arrière,,,,,,,,,,,1,2,1,1.0,2
201400056518,0014-09-23 16:30:00,14,9,23,16,30,750,118,"25, RUE RICHOMME",,,Plein jour,En agglomération,Hors intersection,Normale,Sans collision,,,,,,,,,,,1,2,1,1.0,7
201400056519,0014-09-23 13:30:00,14,9,23,13,30,750,118,"0, PLACE BLANCHE",,,Plein jour,En agglomération,Place,Normale,Autre collision,,,,,,,,,,,1,2,7,1.0,6
201400056520,0014-09-24 19:40:00,14,9,24,19,40,750,118,BOULEVARD DE ROCHECHOUAR,,,Nuit avec éclairage allumé,En agglomération,Intersection en T,Pluie légère,Deux véhicules - côté,,,,,,,,,,,5,2,3,2.0,3
201400056521,0014-09-25 13:30:00,14,9,25,13,30,750,118,"32, BOULEVARD ORNANO",,,Plein jour,En agglomération,Intersection en T,Normale,Deux véhicules - arrière,,,,,,,,,,,1,2,3,1.0,2
201400056522,0014-09-26 18:25:00,14,9,26,18,25,750,118,"155, RUE ORDENER",,,Plein jour,En agglomération,Intersection en X,Normale,Deux véhicules - côté,,,,,,,,,,,1,2,2,1.0,3
201400056523,0014-09-28 22:40:00,14,9,28,22,40,750,118,"100, RUE DE LA CHAPELLE",,,Nuit avec éclairage allumé,En agglomération,Hors intersection,Normale,Autre collision,,,,,,,,,,,5,2,1,1.0,6
201400056524,0014-09-28 23:40:00,14,9,28,23,40,750,118,"30, AVENUE DE LA PORTE D",,,Nuit avec éclairage allumé,En agglomération,Hors intersection,Normale,Autre collision,,,,,,,,,,,5,2,1,1.0,6
201400056525,0014-09-29 16:10:00,14,9,29,16,10,750,118,"92, BOULEVARD NEY",,,Plein jour,En agglomération,Hors intersection,Normale,Deux véhicules - arrière,,,,,,,,,,,1,2,1,1.0,2
201400056526,0014-09-29 21:15:00,14,9,29,21,15,750,118,"123, RUE ORDENER",,,Nuit avec éclairage allumé,En agglomération,Intersection en X,Temps couvert,Sans collision,,,,,,,,,,,5,2,2,8.0,7
201400056527,0014-10-01 19:00:00,14,10,1,19,0,750,118,"10, RUE DAMREMONT",,,Crépuscule ou aube,En agglomération,Hors intersection,Normale,Autre collision,,,,,,,,,,,2,2,1,1.0,6
201400056528,0014-10-02 01:10:00,14,10,2,1,10,750,118,"28, BOULEVARD BARBES",,,Nuit avec éclairage allumé,En agglomération,Hors intersection,Normale,Autre collision,,,,,,,,,,,5,2,1,1.0,6
201400056529,0014-10-02 15:15:00,14,10,2,15,15,750,118,"160, RUE DES POISSONNIER",,,Plein jour,En agglomération,Intersection à plus de 4 branches,Normale,Deux véhicules - côté,,,,,,,,,,,1,2,5,1.0,3
201400056530,0014-10-02 17:40:00,14,10,2,17,40,750,118,"83, RUE DAMREMONT",,,Plein jour,En agglomération,Intersection à plus de 4 branches,Normale,Deux véhicules - arrière,,,,,,,,,,,1,2,5,1.0,2
201400056531,0014-10-03 08:55:00,14,10,3,8,55,750,118,"15, BOULEVARD ORNANO",,,Plein jour,En agglomération,Intersection en X,Normale,Deux véhicules - côté,,,,,,,,,,,1,2,2,1.0,3
201400056532,0014-10-03 14:10:00,14,10,3,14,10,750,118,"90, RUE DE LA CHAPELLE",,,Plein jour,En agglomération,Intersection en X,Normale,Autre collision,,,,,,,,,,,1,2,2,1.0,6
201400056533,0014-10-03 18:50:00,14,10,3,18,50,750,118,"44, BOULEVARD DE ROCHECH",,,Plein jour,En agglomération,Hors intersection,Normale,Autre collision,,,,,,,,,,,1,2,1,1.0,6
201400056534,0014-10-05 22:50:00,14,10,5,22,50,750,118,"0, PASSAGE RAMEY",,,Nuit avec éclairage allumé,En agglomération,Intersection en T,Normale,Autre collision,,,,,,,,,,,5,2,3,1.0,6
201400056535,0014-10-06 19:00:00,14,10,6,19,0,750,118,"02, RUE CAULAINCOURT",,,Nuit avec éclairage allumé,En agglomération,Place,Pluie légère,Autre collision,,,,,,,,,,,5,2,7,2.0,6
201400056536,0014-10-06 20:20:00,14,10,6,20,20,750,118,"129, BOULEVARD NEY",,,Nuit avec éclairage allumé,En agglomération,Hors intersection,Pluie légère,Deux véhicules - côté,,,,,,,,,,,5,2,1,2.0,3
201400056537,0014-10-06 21:00:00,14,10,6,21,0,750,118,RUE DE LA CHAPELLE,,,Nuit avec éclairage allumé,En agglomération,Intersection à plus de 4 branches,Pluie forte,Autre collision,,,,,,,,,,,5,2,5,3.0,6
201400056538,0014-10-08 12:30:00,14,10,8,12,30,750,118,"11, RUE CARPEAUX",,,Plein jour,En agglomération,Hors intersection,Pluie légère,Sans collision,,,,,,,,,,,1,2,1,2.0,7
201400056539,0014-10-09 13:40:00,14,10,9,13,40,750,118,"190, RUE MARCADET",,,Plein jour,En agglomération,Intersection en T,Normale,Deux véhicules - arrière,,,,,,,,,,,1,2,3,1.0,2
201400056540,0014-10-09 15:25:00,14,10,9,15,25,750,118,"123, RUE ORDENER",,,Plein jour,En agglomération,Intersection en X,Normale,Autre collision,,,,,,,,,,,1,2,2,1.0,6
201400056541,0014-10-11 02:43:00,14,10,11,2,43,750,118,"4, BOULEVARD BARBES",,,Nuit avec éclairage allumé,En agglomération,Hors intersection,Normale,Autre collision,,,,,,,,,,,5,2,1,1.0,6
201400056542,0014-10-11 20:00:00,14,10,11,20,0,750,118,"67, BOULEVARD BARBES",,,Nuit avec éclairage allumé,En agglomération,Intersection en X,Normale,Autre collision,,,,,,,,,,,5,2,2,1.0,6
201400056543,0014-10-11 20:15:00,14,10,11,20,15,750,118,"44, BOULEVARD ORNANO",,,Nuit avec éclairage allumé,En agglomération,Intersection en X,Normale,Deux véhicules - frontale,,,,,,,,,,,5,2,2,1.0,1
201400056544,0014-10-12 10:25:00,14,10,12,10,25,750,118,"39, RUE DE LA CHARBONNIE",,,Plein jour,En agglomération,Intersection en T,Normale,Autre collision,,,,,,,,,,,1,2,3,1.0,6
201400056545,0014-10-12 17:45:00,14,10,12,17,45,750,118,"158, RUE DAMREMONT",,,Crépuscule ou aube,En agglomération,Intersection en X,Pluie légère,Deux véhicules - côté,,,,,,,,,,,2,2,2,2.0,3
201400056546,0014-10-12 18:00:00,14,10,12,18,0,750,118,"12, RUE DE LA BARRIERE B",,,Nuit avec éclairage allumé,En agglomération,Hors intersection,Pluie légère,Deux véhicules - arrière,,,,,,,,,,,5,2,1,2.0,2
201400056547,0014-10-13 08:10:00,14,10,13,8,10,750,118,"96, RUE DU POTEAU",,,Plein jour,En agglomération,Intersection en T,Normale,Autre collision,,,,,,,,,,,1,2,3,1.0,6
201400056548,0014-10-13 09:15:00,14,10,13,9,15,750,118,"142, RUE LAMARCK",,,Plein jour,En agglomération,Intersection en T,Normale,Autre collision,,,,,,,,,,,1,2,3,1.0,6
201400056549,0014-10-14 12:10:00,14,10,14,12,10,750,118,"34, RUE RAMEY",,,Plein jour,En agglomération,Intersection à plus de 4 branches,Normale,Deux véhicules - côté,,,,,,,,,,,1,2,5,1.0,3
201400056550,0014-10-16 01:35:00,14,10,16,1,35,750,118,"80 bis, BOULEVARD ORNANO",,,Nuit avec éclairage allumé,En agglomération,Intersection en Y,Normale,Deux véhicules - arrière,,,,,,,,,,,5,2,4,1.0,2
201400056551,0014-10-16 16:30:00,14,10,16,16,30,750,118,RUE BELLIARD,,,Plein jour,En agglomération,Intersection à plus de 4 branches,Normale,Autre collision,,,,,,,,,,,1,2,5,1.0,6
201400056552,0014-10-17 02:00:00,14,10,17,2,0,750,110,"119, BOULEVARD DE MAGENT",,,Nuit avec éclairage allumé,En agglomération,Hors intersection,Pluie forte,Autre collision,,,,,,,,,,,5,2,1,3.0,6
201400056553,0014-10-17 17:25:00,14,10,17,17,25,750,118,"46, RUE ORDENER",,,Plein jour,En agglomération,Intersection à plus de 4 branches,Normale,Autre collision,,,,,,,,,,,1,2,5,1.0,6
201400056554,0014-10-19 03:50:00,14,10,19,3,50,750,118,"164, BOULEVARD NEY",,,Nuit avec éclairage allumé,En agglomération,Hors intersection,Normale,Autre collision,,,,,,,,,,,5,2,1,1.0,6
201400056555,0014-10-19 17:15:00,14,10,19,17,15,750,118,"65, BOULEVARD ORNANO",,,Plein jour,En agglomération,Hors intersection,Normale,Deux véhicules - arrière,,,,,,,,,,,1,2,1,1.0,2
201400056556,0014-10-19 18:30:00,14,10,19,18,30,750,118,"232, RUE CHAMPIONNET",,,Plein jour,En agglomération,Hors intersection,Normale,Autre collision,,,,,,,,,,,1,2,1,1.0,6
201400056557,0014-10-19 18:45:00,14,10,19,18,45,750,118,"80 bis, BOULEVARD ORNANO",,,Crépuscule ou aube,En agglomération,Hors intersection,Normale,Deux véhicules - frontale,,,,,,,,,,,2,2,1,1.0,1
201400056558,0014-10-20 23:30:00,14,10,20,23,30,750,118,"23, BOULEVARD NEY",,,Nuit avec éclairage allumé,En agglomération,Hors intersection,Normale,Autre collision,,,,,,,,,,,5,2,1,1.0,6
201400056559,0014-10-21 16:15:00,14,10,21,16,15,750,118,"62, RUE DE LA CHAPELLE",,,Plein jour,En agglomération,Place,Normale,Trois véhicules et plus - en chaîne,,,,,,,,,,,1,2,7,1.0,4
201400056560,0014-10-22 09:30:00,14,10,22,9,30,750,118,"50, RUE MARX DORMOY",,,Plein jour,En agglomération,Hors intersection,Normale,Deux véhicules - côté,,,,,,,,,,,1,2,1,1.0,3
201400056561,0014-10-22 18:15:00,14,10,22,18,15,750,118,"36, RUE LEPIC",,,Plein jour,En agglomération,Intersection en X,Normale,Autre collision,,,,,,,,,,,1,2,2,1.0,6
201400056562,0014-10-23 08:40:00,14,10,23,8,40,750,118,"115 BIS, RUE ORDENER",,,Plein jour,En agglomération,Intersection en T,Normale,Deux véhicules - côté,,,,,,,,,,,1,2,3,1.0,3
201400056563,0014-10-23 17:40:00,14,10,23,17,40,750,118,"12, RUE RENE BINET",,,Plein jour,En agglomération,Intersection en T,Normale,Sans collision,,,,,,,,,,,1,2,3,1.0,7
201400056564,0014-10-24 12:00:00,14,10,24,12,0,750,118,"154, RUE DAMREMONT",,,Plein jour,En agglomération,Hors intersection,Normale,Deux véhicules - côté,,,,,,,,,,,1,2,1,1.0,3
201400056565,0014-10-25 18:50:00,14,10,25,18,50,750,118,"81, RUE ORDENER",,,Nuit avec éclairage allumé,En agglomération,Hors intersection,Temps couvert,Autre collision,,,,,,,,,,,5,2,1,8.0,6
201400056566,0014-10-26 04:50:00,14,10,26,4,50,750,118,"24, RUE DE LA CHAPELLE",,,Nuit avec éclairage allumé,En agglomération,Intersection en T,Normale,Deux véhicules - arrière,,,,,,,,,,,5,2,3,1.0,2
201400056567,0014-10-26 15:35:00,14,10,26,15,35,750,118,"17, RUE DE JESSAINT",,,Plein jour,En agglomération,Intersection en X,Normale,Autre collision,,,,,,,,,,,1,2,2,1.0,6
201400056568,0014-10-28 18:30:00,14,10,28,18,30,750,118,"14, RUE MARX DORMOY",,,Nuit avec éclairage allumé,En agglomération,Hors intersection,Normale,Deux véhicules - côté,,,,,,,,,,,5,2,1,1.0,3
201400056569,0014-10-29 00:25:00,14,10,29,0,25,750,118,"10, AVENUE DE SAINT OUEN",,,Nuit avec éclairage allumé,En agglomération,Intersection en T,Normale,Deux véhicules - côté,,,,,,,,,,,5,2,3,1.0,3
201400056570,0014-10-30 01:40:00,14,10,30,1,40,750,118,BOULEVARD DE LA CHAPELLE,,,Nuit avec éclairage allumé,En agglomération,Place,Normale,Deux véhicules - côté,,,,,,,,,,,5,2,7,1.0,3
201400056571,0014-10-31 07:40:00,14,10,31,7,40,750,119,"54, RUE D AUBERVILLIERS",,,Plein jour,En agglomération,Intersection en X,Normale,Deux véhicules - côté,,,,,,,,,,,1,2,2,1.0,3
201400056572,0014-10-30 21:30:00,14,10,30,21,30,750,118,"38, AVENUE DE LA PORTE D",,,Nuit avec éclairage allumé,En agglomération,Intersection en Y,Normale,Deux véhicules - arrière,,,,,,,,,,,5,2,4,1.0,2
201400056573,0014-10-31 19:00:00,14,10,31,19,0,750,118,"4, BOULEVARD BARBES",,,Nuit avec éclairage allumé,En agglomération,Intersection en Y,Normale,Autre collision,,,,,,,,,,,5,2,4,1.0,6
201400056574,0014-11-01 07:10:00,14,11,1,7,10,750,110,"153, BOULEVARD DE MAGENT",,,Nuit avec éclairage allumé,En agglomération,Intersection en Y,Normale,Autre collision,,,,,,,,,,,5,2,4,1.0,6
201400056575,0014-11-01 19:30:00,14,11,1,19,30,750,118,BOULEVARD PERIPHERIQUE,,,Nuit avec éclairage allumé,En agglomération,Hors intersection,Normale,Trois véhicules et plus - en chaîne,,,,,,,,,,,5,2,1,1.0,4
201400056576,0014-11-01 18:50:00,14,11,1,18,50,750,118,BOULEVARD PERIPHERIQUE,,,Nuit avec éclairage allumé,En agglomération,Hors intersection,Normale,Sans collision,,,,,,,,,,,5,2,1,1.0,7
201400056577,0014-11-02 20:50:00,14,11,2,20,50,750,118,"60, RUE PHILIPPE DE GIRA",,,Nuit avec éclairage allumé,En agglomération,Intersection à plus de 4 branches,Pluie légère,Autre collision,,,,,,,,,,,5,2,5,2.0,6
201400056578,0014-11-03 22:00:00,14,11,3,22,0,750,118,"75, BOULEVARD BARBES",,,Nuit avec éclairage allumé,En agglomération,Hors intersection,Pluie légère,Autre collision,,,,,,,,,,,5,2,1,2.0,6
201400056579,0014-11-04 11:15:00,14,11,4,11,15,750,118,"54, RUE DE L EVANGILE",,,Plein jour,En agglomération,Hors intersection,Temps couvert,Deux véhicules - côté,,,,,,,,,,,1,2,1,8.0,3
201400056580,0014-11-04 17:05:00,14,11,4,17,5,750,118,"14, PLACE DE CLICHY",,,Crépuscule ou aube,En agglomération,Place,Normale,Deux véhicules - côté,,,,,,,,,,,2,2,7,1.0,3
201400056581,0014-11-05 16:45:00,14,11,5,16,45,750,109,"26, BOULEVARD DE ROCHECH",,,Plein jour,En agglomération,Hors intersection,Normale,Autre collision,,,,,,,,,,,1,2,1,1.0,6
201400056582,0014-11-06 06:30:00,14,11,6,6,30,750,118,"47, BOULEVARD ORNANO",,,Nuit avec éclairage allumé,En agglomération,Place,Normale,Autre collision,,,,,,,,,,,5,2,7,1.0,6
201400056583,0014-11-07 16:45:00,14,11,7,16,45,750,118,"76, RUE MARX DORMOY",,,Plein jour,En agglomération,Hors intersection,Normale,Autre collision,,,,,,,,,,,1,2,1,1.0,6
201400056584,0014-11-09 19:10:00,14,11,9,19,10,750,118,"60, RUE ORDENER",,,Nuit avec éclairage allumé,En agglomération,Hors intersection,Normale,Autre collision,,,,,,,,,,,5,2,1,1.0,6
201400056585,0014-11-13 02:50:00,14,11,13,2,50,750,118,"63, RUE MARX DORMOY",,,Nuit avec éclairage allumé,En agglomération,Intersection en T,Normale,Sans collision,,,,,,,,,,,5,2,3,1.0,7
201400056586,0014-11-14 11:45:00,14,11,14,11,45,750,118,"92, BOULEVARD NEY",,,Plein jour,En agglomération,Hors intersection,Pluie forte,Deux véhicules - arrière,,,,,,,,,,,1,2,1,3.0,2
201400056587,0014-11-14 19:55:00,14,11,14,19,55,750,118,"36, AVENUE DE LA PORTE D",,,Nuit avec éclairage allumé,En agglomération,Intersection en T,Normale,Autre collision,,,,,,,,,,,5,2,3,1.0,6
201400056588,0014-11-18 18:09:00,14,11,18,18,9,750,118,"118, BOULEVARD NEY",,,Nuit avec éclairage allumé,En agglomération,Intersection en T,Normale,Autre collision,,,,,,,,,,,5,2,3,1.0,6
201400056589,0014-11-19 09:20:00,14,11,19,9,20,750,118,"63, RUE MARX DORMOY",,,Plein jour,En agglomération,Hors intersection,Normale,Sans collision,,,,,,,,,,,1,2,1,1.0,7
201400056590,0014-11-19 14:30:00,14,11,19,14,30,750,118,"41, RUE ORDENER",,,Plein jour,En agglomération,Intersection en T,Normale,Deux véhicules - côté,,,,,,,,,,,1,2,3,1.0,3