accident_id,datetime,annee,mois,jour,heure,minute,departement,commune_insee,adresse,latitude,longitude,luminosite,agglomeration,intersection,meteo,collision,nb_vehicules,nb_usagers,nb_indemnes,nb_tues,nb_blesses_hosp,nb_blesses_legers,age_cond_1,age_cond_2,veh_type_cond_1,veh_type_cond_2,lum_code,agg_code,int_code,atm_code,col_code
201400056591,0014-11-19 21:30:00,14,11,19,21,30,750,118,"47, RUE LEPIC",,,Nuit avec éclairage allumé,En agglomération,Intersection en X,Normale,Autre collision,,,,,,,,,,,5,2,2,1.0,6
201400056592,0014-11-19 22:15:00,14,11,19,22,15,750,118,"90, BOULEVARD NEY",,,Nuit avec éclairage allumé,En agglomération,Hors intersection,Normale,Deux véhicules - côté,,,,,,,,,,,5,2,1,1.0,3
201400056593,0014-11-20 20:15:00,14,11,20,20,15,750,118,"51, BOULEVARD BARBES",,,Nuit avec éclairage allumé,En agglomération,Hors intersection,Pluie légère,Autre collision,,,,,,,,,,,5,2,1,2.0,6
201400056594,0014-11-21 07:40:00,14,11,21,7,40,750,118,"80, RUE DE LA CHAPELLE",,,Crépuscule ou aube,En agglomération,Hors intersection,Temps couvert,Deux véhicules - côté,,,,,,,,,,,2,2,1,8.0,3
201400056595,0014-11-22 05:30:00,14,11,22,5,30,750,118,"2, BOULEVARD BARBES",,,Nuit avec éclairage allumé,En agglomération,Intersection en X,Normale,Autre collision,,,,,,,,,,,5,2,2,1.0,6
201400056596,0014-11-23 04:25:00,14,11,23,4,25,750,118,RUE DU PROFESSEUR GOSSET,,,Nuit avec éclairage allumé,En agglomération,Hors intersection,Temps couvert,Deux véhicules - frontale,,,,,,,,,,,5,2,1,8.0,1
201400056597,0014-11-24 23:15:00,14,11,24,23,15,750,118,RUE DE CLIGNANCOURT,,,Nuit avec éclairage allumé,En agglomération,Hors intersection,Pluie légère,Autre collision,,,,,,,,,,,5,2,1,2.0,6
201400056598,0014-11-25 21:37:00,14,11,25,21,37,750,118,"94, BOULEVARD BARBES",,,Nuit avec éclairage allumé,En agglomération,Hors intersection,Pluie légère,Sans collision,,,,,,,,,,,5,2,1,2.0,7
201400056599,0014-11-26 19:25:00,14,11,26,19,25,750,118,"114, BOULEVARD NEY",,,Nuit avec éclairage allumé,En agglomération,Intersection en X,Temps couvert,Autre collision,,,,,,,,,,,5,2,2,8.0,6
201400056600,0014-11-27 09:51:00,14,11,27,9,51,750,118,"80, BOULEVARD DE CLICHY",,,Plein jour,En agglomération,Intersection à plus de 4 branches,Normale,Autre collision,,,,,,,,,,,1,2,5,1.0,6
201400056601,0014-11-27 18:37:00,14,11,27,18,37,750,117,BOULEVARD PERIPHERIQUE E,,,Nuit avec éclairage allumé,En agglomération,Hors intersection,Normale,Deux véhicules - arrière,,,,,,,,,,,5,2,1,1.0,2
201400056602,0014-11-27 21:45:00,14,11,27,21,45,750,118,"32, AVENUE DE CLICHY",,,Nuit avec éclairage allumé,En agglomération,Hors intersection,Normale,Autre collision,,,,,,,,,,,5,2,1,1.0,6
201400056603,0014-11-28 07:40:00,14,11,28,7,40,750,118,"20, RUE DE L EVANGILE",,,Crépuscule ou aube,En agglomération,Intersection en T,Normale,Deux véhicules - frontale,,,,,,,,,,,2,2,3,1.0,1
201400056604,0014-11-28 12:45:00,14,11,28,12,45,750,118,"125, RUE CAULAINCOURT",,,Plein jour,En agglomération,Hors intersection,Normale,Deux véhicules - arrière,,,,,,,,,,,1,2,1,1.0,2
201400056605,0014-11-28 19:45:00,14,11,28,19,45,750,118,"0, RUE DES POISSONNIERS",,,Nuit avec éclairage allumé,En agglomération,Intersection à plus de 4 branches,Normale,Autre collision,,,,,,,,,,,5,2,5,1.0,6
201400056606,0014-11-29 01:45:00,14,11,29,1,45,750,118,AVENUE DE LA PORTE DE CL,,,Nuit avec éclairage allumé,En agglomération,Hors intersection,Normale,Sans collision,,,,,,,,,,,5,2,1,1.0,7
201400056607,0014-12-02 19:10:00,14,12,2,19,10,750,118,"2, RUE JEAN FRANCOIS LEP",,,Nuit avec éclairage allumé,En agglomération,Hors intersection,Pluie légère,Autre collision,,,,,,,,,,,5,2,1,2.0,6
201400056608,0014-12-03 20:30:00,14,12,3,20,30,750,118,"56, BOULEVARD NEY",,,Nuit avec éclairage allumé,En agglomération,Intersection en Y,Normale,Autre collision,,,,,,,,,,,5,2,4,1.0,6
201400056609,0014-12-04 15:20:00,14,12,4,15,20,750,118,"06, RUE CAULAINCOURT",,,Plein jour,En agglomération,Hors intersection,Temps couvert,Autre collision,,,,,,,,,,,1,2,1,8.0,6
201400056610,0014-12-05 18:25:00,14,12,5,18,25,750,118,"90, BOULEVARD NEY",,,Nuit avec éclairage allumé,En agglomération,Hors intersection,Normale,Deux véhicules - côté,,,,,,,,,,,5,2,1,1.0,3
201400056611,0014-12-05 19:45:00,14,12,5,19,45,750,118,"1, RUE ETEX",,,Nuit avec éclairage allumé,En agglomération,Intersection en X,Normale,Deux véhicules - côté,,,,,,,,,,,5,2,2,1.0,3
201400056612,0014-12-10 11:00:00,14,12,10,11,0,750,118,"67, BOULEVARD BARBES",,,Plein jour,En agglomération,Intersection en X,Pluie légère,Autre collision,,,,,,,,,,,1,2,2,2.0,6
201400056613,0014-12-10 05:15:00,14,12,10,5,15,750,118,"142, RUE DES POISSONNIER",,,Nuit avec éclairage allumé,En agglomération,Hors intersection,Pluie légère,Autre collision,,,,,,,,,,,5,2,1,2.0,6
201400056614,0014-12-12 11:30:00,14,12,12,11,30,750,118,"49 bis, RUE CUSTINE",,,Plein jour,En agglomération,Intersection en T,Pluie légère,Autre collision,,,,,,,,,,,1,2,3,2.0,6
201400056615,0014-12-12 22:10:00,14,12,12,22,10,750,118,"12, AVENUE DE CLICHY",,,Nuit avec éclairage allumé,En agglomération,Hors intersection,Pluie forte,Autre collision,,,,,,,,,,,5,2,1,3.0,6
201400056616,0014-12-14 14:50:00,14,12,14,14,50,750,118,"140, BOULEVARD NEY",,,Plein jour,En agglomération,Intersection en X,Temps couvert,Deux véhicules - arrière,,,,,,,,,,,1,2,2,8.0,2
201400056617,0014-12-14 20:00:00,14,12,14,20,0,750,118,RUE DOUDEAUVILLE,,,Nuit avec éclairage allumé,En agglomération,Intersection en X,Normale,Autre collision,,,,,,,,,,,5,2,2,1.0,6
201400056618,0014-12-15 17:00:00,14,12,15,17,0,750,118,"144, BOULEVARD NEY",,,Nuit avec éclairage allumé,En agglomération,Intersection en X,Pluie légère,Autre collision,,,,,,,,,,,5,2,2,2.0,6
201400056619,0014-12-18 02:40:00,14,12,18,2,40,750,118,"73, BOULEVARD BARBES",,,Nuit avec éclairage allumé,En agglomération,Hors intersection,Pluie légère,Autre collision,,,,,,,,,,,5,2,1,2.0,6
201400056620,0014-12-17 21:05:00,14,12,17,21,5,750,118,BOULEVARD NEY,,,Nuit avec éclairage allumé,En agglomération,Hors intersection,Pluie légère,Autre collision,,,,,,,,,,,5,2,1,2.0,6
201400056621,0014-12-19 17:30:00,14,12,19,17,30,750,118,"140, BOULEVARD DE CLICHY",,,Crépuscule ou aube,En agglomération,Hors intersection,Pluie légère,Deux véhicules - arrière,,,,,,,,,,,2,2,1,2.0,2
201400056622,0014-12-19 23:00:00,14,12,19,23,0,750,118,"36, BOULEVARD ORNANO",,,Nuit avec éclairage allumé,En agglomération,Intersection en Y,Normale,Autre collision,,,,,,,,,,,5,2,4,1.0,6
201400056623,0014-12-21 16:00:00,14,12,21,16,0,750,118,"127, RUE CAULAINCOURT",,,Plein jour,En agglomération,Hors intersection,Normale,Deux véhicules - côté,,,,,,,,,,,1,2,1,1.0,3
201400056624,0014-12-21 18:10:00,14,12,21,18,10,750,118,"11, RUE FERDINAND FLOCON",,,Nuit avec éclairage allumé,En agglomération,Intersection à plus de 4 branches,Normale,Autre collision,,,,,,,,,,,5,2,5,1.0,6
201400056625,0014-12-22 10:25:00,14,12,22,10,25,750,118,"18, RUE CORTOT",,,Plein jour,En agglomération,Hors intersection,Normale,Sans collision,,,,,,,,,,,1,2,1,1.0,7
201400056626,0014-12-22 10:25:00,14,12,22,10,25,750,118,"18, RUE CORTOT",,,Plein jour,En agglomération,Hors intersection,Normale,Sans collision,,,,,,,,,,,1,2,1,1.0,7
201400056627,0014-12-22 12:50:00,14,12,22,12,50,750,118,"15, AVENUE DE LA PORTE D",,,Plein jour,En agglomération,Intersection en T,Normale,Deux véhicules - arrière,,,,,,,,,,,1,2,3,1.0,2
201400056628,0014-12-23 13:00:00,14,12,23,13,0,750,118,"64, RUE LAMARCK",,,Plein jour,En agglomération,Intersection en X,Pluie légère,Sans collision,,,,,,,,,,,1,2,2,2.0,7
201400056629,0014-12-23 18:10:00,14,12,23,18,10,750,118,"102, RUE DE CLIGNANCOURT",,,Nuit avec éclairage allumé,En agglomération,Intersection à plus de 4 branches,Normale,Deux véhicules - côté,,,,,,,,,,,5,2,5,1.0,3
201400056630,0014-12-26 12:30:00,14,12,26,12,30,750,118,"101, BOULEVARD NEY",,,Plein jour,En agglomération,Hors intersection,Normale,Autre collision,,,,,,,,,,,1,2,1,1.0,6
201400056631,0014-12-27 03:10:00,14,12,27,3,10,750,118,"0, RUE DOUDEAUVILLE",,,Nuit avec éclairage allumé,En agglomération,Intersection en X,Pluie forte,Deux véhicules - côté,,,,,,,,,,,5,2,2,3.0,3
201400056632,0014-12-27 15:15:00,14,12,27,15,15,750,118,"78, BOULEVARD BARBES",,,Plein jour,En agglomération,Intersection à plus de 4 branches,Normale,Sans collision,,,,,,,,,,,1,2,5,1.0,7
201400056633,0014-12-27 19:35:00,14,12,27,19,35,750,118,BOULEVARD PERIPHERIQUE I,,,Nuit avec éclairage allumé,En agglomération,Hors intersection,Pluie forte,Autre collision,,,,,,,,,,,5,2,1,3.0,6
201400056634,0014-12-29 16:30:00,14,12,29,16,30,750,118,BOULEVARD PERIPHERIQUE,,,Plein jour,En agglomération,Hors intersection,Normale,Deux véhicules - côté,,,,,,,,,,,1,2,1,1.0,3
201400056635,0014-12-30 16:40:00,14,12,30,16,40,750,118,BOULEVARD ORNANO,,,Crépuscule ou aube,En agglomération,Intersection à plus de 4 branches,Normale,Deux véhicules - côté,,,,,,,,,,,2,2,5,1.0,3
201400056636,0014-01-22 07:05:00,14,1,22,7,5,750,118,AVENUE DE LA PORTE DE LA,,,Nuit avec éclairage allumé,En agglomération,Intersection à plus de 4 branches,Normale,Deux véhicules - arrière,,,,,,,,,,,5,2,5,1.0,2
201400056637,0014-01-01 05:25:00,14,1,1,5,25,750,119,"35, AVENUE CORENTIN CARI",,,Nuit avec éclairage allumé,En agglomération,Intersection à plus de 4 branches,Normale,Autre collision,,,,,,,,,,,5,2,5,1.0,6
201400056638,0014-01-02 07:17:00,14,1,2,7,17,750,119,"98, AVENUE DE FLANDRE",,,Nuit avec éclairage allumé,En agglomération,Intersection à plus de 4 branches,Autre,Autre collision,,,,,,,,,,,5,2,5,9.0,6
201400056639,0014-01-03 10:45:00,14,1,3,10,45,750,119,"28, AVENUE MATHURIN MORE",,,Plein jour,En agglomération,Intersection en X,Normale,Autre collision,,,,,,,,,,,1,2,2,1.0,6
201400056640,0014-01-03 23:35:00,14,1,3,23,35,750,119,"195, RUE DE BELLEVILLE",,,Nuit avec éclairage allumé,En agglomération,Hors intersection,Normale,Deux véhicules - côté,,,,,,,,,,,5,2,1,1.0,3
201400056641,0014-01-05 13:15:00,14,1,5,13,15,750,119,PLACE DU COLONEL FABIEN,,,Plein jour,En agglomération,Hors intersection,Temps couvert,Deux véhicules - arrière,,,,,,,,,,,1,2,1,8.0,2
201400056642,0014-01-07 11:55:00,14,1,7,11,55,750,119,"247, RUE DE BELLEVILLE",,,Plein jour,En agglomération,Intersection en X,Normale,Autre collision,,,,,,,,,,,1,2,2,1.0,6
201400056643,0014-01-09 08:25:00,14,1,9,8,25,750,119,RUE DE CRIMEE,,,Plein jour,En agglomération,Intersection en X,Normale,Deux véhicules - côté,,,,,,,,,,,1,2,2,1.0,3
201400056644,0014-01-09 14:50:00,14,1,9,14,50,750,119,RUE SIGMUND FREUD,,,Plein jour,En agglomération,Hors intersection,Pluie légère,Autre collision,,,,,,,,,,,1,2,1,2.0,6
201400056645,0014-01-09 16:45:00,14,1,9,16,45,750,119,PORTE D AUBERVILLIERS,,,Crépuscule ou aube,En agglomération,Place,Normale,Deux véhicules - côté,,,,,,,,,,,2,2,7,1.0,3
201400056646,0014-01-10 12:25:00,14,1,10,12,25,750,119,PLACE AUGUSTE BARON,,,Plein jour,En agglomération,Intersection en Y,Normale,Autre collision,,,,,,,,,,,1,2,4,1.0,6
201400056647,0014-01-11 02:13:00,14,1,11,2,13,750,119,"94, BOULEVARD DE LA VILL",,,Nuit avec éclairage allumé,En agglomération,Intersection en T,Pluie légère,Autre collision,,,,,,,,,,,5,2,3,2.0,6
201400056648,0014-01-11 15:10:00,14,1,11,15,10,750,119,"0, BOULEVARD PERIPHERIQU",,,Plein jour,En agglomération,Hors intersection,Normale,Trois véhicules et plus - en chaîne,,,,,,,,,,,1,2,1,1.0,4
201400056649,0014-01-11 17:55:00,14,1,11,17,55,750,119,BOULEVARD PERIPHERIQUE,,,Nuit avec éclairage allumé,En agglomération,Hors intersection,Normale,Deux véhicules - côté,,,,,,,,,,,5,2,1,1.0,3
201400056650,0014-01-11 22:30:00,14,1,11,22,30,750,119,"104, AVENUE DE FLANDRE",,,Nuit avec éclairage allumé,En agglomération,Hors intersection,Normale,Autre collision,,,,,,,,,,,5,2,1,1.0,6
201400056651,0014-01-14 08:36:00,14,1,14,8,36,750,119,RUE MANIN,,,Plein jour,En agglomération,Intersection à plus de 4 branches,Pluie légère,Autre collision,,,,,,,,,,,1,2,5,2.0,6
201400056652,0014-01-14 13:15:00,14,1,14,13,15,750,119,PLACE DE LA PORTE DE PAN,,,Plein jour,En agglomération,Place,Temps couvert,Deux véhicules - arrière,,,,,,,,,,,1,2,7,8.0,2
201400056653,0014-01-15 18:00:00,14,1,15,18,0,750,119,"118, AVENUE DE FLANDRE",,,Nuit avec éclairage allumé,En agglomération,Intersection en X,Pluie légère,Sans collision,,,,,,,,,,,5,2,2,2.0,7
201400056654,0014-01-16 19:50:00,14,1,16,19,50,750,119,"225, RUE DE CRIMEE",,,Nuit avec éclairage allumé,En agglomération,Hors intersection,Normale,Autre collision,,,,,,,,,,,5,2,1,1.0,6
201400056655,0014-01-17 09:35:00,14,1,17,9,35,750,119,"18, AVENUE CORENTIN CARI",,,Plein jour,En agglomération,Hors intersection,Normale,Deux véhicules - arrière,,,,,,,,,,,1,2,1,1.0,2
201400056656,0014-01-17 10:20:00,14,1,17,10,20,750,119,PLACE DE LA PORTE DE PAN,,,Plein jour,En agglomération,Place,Normale,Deux véhicules - côté,,,,,,,,,,,1,2,7,1.0,3
201400056657,0014-01-17 14:05:00,14,1,17,14,5,750,119,"18, RUE DE CRIMEE",,,Plein jour,En agglomération,Hors intersection,Normale,Autre collision,,,,,,,,,,,1,2,1,1.0,6
201400056658,0014-01-18 13:55:00,14,1,18,13,55,750,119,"22, RUE DES LILAS",,,Plein jour,En agglomération,Hors intersection,Normale,Deux véhicules - arrière,,,,,,,,,,,1,2,1,1.0,2
201400056659,0014-01-19 03:35:00,14,1,19,3,35,750,119,RUE ANDRE DANJON,,,Nuit avec éclairage allumé,En agglomération,Intersection en X,Pluie légère,Autre collision,,,,,,,,,,,5,2,2,2.0,6
201400056660,0014-01-21 08:50:00,14,1,21,8,50,750,119,"163, RUE DE BELLEVILLE",,,Plein jour,En agglomération,Hors intersection,Normale,Sans collision,,,,,,,,,,,1,2,1,1.0,7
201400056661,0014-01-21 17:45:00,14,1,21,17,45,750,119,"117, RUE MANIN",,,Nuit avec éclairage allumé,En agglomération,Hors intersection,Normale,Deux véhicules - arrière,,,,,,,,,,,5,2,1,1.0,2
201400056662,0014-01-25 14:35:00,14,1,25,14,35,750,119,"11, AVENUE SIMON BOLIVAR",,,Plein jour,En agglomération,Hors intersection,Normale,Deux véhicules - côté,,,,,,,,,,,1,2,1,1.0,3
201400056663,0014-01-26 01:50:00,14,1,26,1,50,750,119,"30, AVENUE DE FLANDRE",,,Nuit sans éclairage public,En agglomération,Hors intersection,Normale,Deux véhicules - arrière,,,,,,,,,,,3,2,1,1.0,2
201400056664,0014-01-28 14:00:00,14,1,28,14,0,750,119,"25, AVENUE SIMON BOLIVAR",,,Plein jour,En agglomération,Hors intersection,Normale,Autre collision,,,,,,,,,,,1,2,1,1.0,6
201400056665,0014-01-28 18:35:00,14,1,28,18,35,750,119,"1, RUE ALPHONSE AULARD",,,Nuit sans éclairage public,En agglomération,Intersection en T,Normale,Autre collision,,,,,,,,,,,3,2,3,1.0,6
201400056666,0014-01-28 20:15:00,14,1,28,20,15,750,119,"37, RUE D HAUTPOUL",,,Nuit avec éclairage allumé,En agglomération,Intersection à plus de 4 branches,Pluie légère,Autre collision,,,,,,,,,,,5,2,5,2.0,6
201400056667,0014-01-29 07:20:00,14,1,29,7,20,750,119,PLACE AUGUSTE BARON,,,Plein jour,En agglomération,Place,Pluie légère,Deux véhicules - arrière,,,,,,,,,,,1,2,7,2.0,2
201400056668,0014-01-29 19:40:00,14,1,29,19,40,750,119,"51, RUE DE L OURCQ",,,Nuit avec éclairage allumé,En agglomération,Hors intersection,Pluie légère,Autre collision,,,,,,,,,,,5,2,1,2.0,6
201400056669,0014-01-29 20:00:00,14,1,29,20,0,750,119,"26 bis, RUE DE L OURCQ",,,Nuit avec éclairage allumé,En agglomération,Intersection en X,Pluie légère,Deux véhicules - côté,,,,,,,,,,,5,2,2,2.0,3
201400056670,0014-01-29 21:05:00,14,1,29,21,5,750,119,"114, RUE PETIT",,,Nuit avec éclairage allumé,En agglomération,Intersection en T,Temps couvert,Autre collision,,,,,,,,,,,5,2,3,8.0,6
201400056671,0014-01-30 09:20:00,14,1,30,9,20,750,119,"57, AVENUE JEAN JAURES",,,Plein jour,En agglomération,Intersection en T,Normale,Deux véhicules - arrière,,,,,,,,,,,1,2,3,1.0,2
201400056672,0014-01-30 16:00:00,14,1,30,16,0,750,119,"59, RUE DE BELLEVILLE",,,Plein jour,En agglomération,Hors intersection,Temps couvert,Sans collision,,,,,,,,,,,1,2,1,8.0,7
201400056673,0014-01-31 12:50:00,14,1,31,12,50,750,119,"7, AVENUE DE LA PORTE DE",,,Plein jour,En agglomération,Hors intersection,Normale,Deux véhicules - arrière,,,,,,,,,,,1,2,1,1.0,2
201400056674,0014-02-02 01:10:00,14,2,2,1,10,750,119,RUE DE CRIMEE,,,Nuit avec éclairage allumé,En agglomération,Intersection en X,Normale,Autre collision,,,,,,,,,,,5,2,2,1.0,6
201400056675,0014-02-02 03:10:00,14,2,2,3,10,750,119,BOULEVARD D INDOCHINE,,,Nuit avec éclairage allumé,En agglomération,Hors intersection,Normale,Autre collision,,,,,,,,,,,5,2,1,1.0,6
201400056676,0014-02-05 12:50:00,14,2,5,12,50,750,119,"17, RUE BARBANEGRE",,,Plein jour,En agglomération,Intersection en X,Normale,Autre collision,,,,,,,,,,,1,2,2,1.0,6
201400056677,0014-02-06 19:50:00,14,2,6,19,50,750,119,RUE BOTZARIS,,,Nuit avec éclairage allumé,En agglomération,Intersection en X,Normale,Deux véhicules - côté,,,,,,,,,,,5,2,2,1.0,3
201400056678,0014-02-07 06:50:00,14,2,7,6,50,750,119,PLACE DE LA PORTE DE PAN,,,Nuit avec éclairage allumé,En agglomération,Place,Vent fort / tempête,Deux véhicules - arrière,,,,,,,,,,,5,2,7,6.0,2
201400056679,0014-02-12 09:40:00,14,2,12,9,40,750,119,"22, RUE DES BOIS",,,Plein jour,En agglomération,Intersection en X,Normale,Deux véhicules - arrière,,,,,,,,,,,1,2,2,1.0,2
201400056680,0014-02-13 09:00:00,14,2,13,9,0,750,119,"148, BOULEVARD DE LA VIL",,,Plein jour,En agglomération,Hors intersection,Pluie légère,Deux véhicules - côté,,,,,,,,,,,1,2,1,2.0,3
201400056681,0014-02-13 21:40:00,14,2,13,21,40,750,119,"83, RUE DE L OURCQ",,,Nuit avec éclairage allumé,En agglomération,Hors intersection,Normale,Sans collision,,,,,,,,,,,5,2,1,1.0,7
201400056682,0014-02-15 11:43:00,14,2,15,11,43,750,120,"8, RUE DE BELLEVILLE",,,Plein jour,En agglomération,Intersection en T,Normale,Autre collision,,,,,,,,,,,1,2,3,1.0,6
201400056683,0014-02-15 17:50:00,14,2,15,17,50,750,119,"44 bis, AVENUE JEAN JAUR",,,Nuit avec éclairage allumé,En agglomération,Hors intersection,Normale,Autre collision,,,,,,,,,,,5,2,1,1.0,6
201400056684,0014-02-16 12:20:00,14,2,16,12,20,750,119,"33, RUE DES LILAS",,,Plein jour,En agglomération,Intersection en T,Normale,Autre collision,,,,,,,,,,,1,2,3,1.0,6
201400056685,0014-02-16 21:10:00,14,2,16,21,10,750,119,RUE FESSART,,,Nuit avec éclairage allumé,En agglomération,Intersection en X,Normale,Sans collision,,,,,,,,,,,5,2,2,1.0,7
201400056686,0014-02-17 19:05:00,14,2,17,19,5,750,119,"115, AVENUE JEAN JAURES",,,Nuit avec éclairage allumé,En agglomération,Hors intersection,Normale,Deux véhicules - arrière,,,,,,,,,,,5,2,1,1.0,2
201400056687,0014-02-18 14:00:00,14,2,18,14,0,750,119,"183, AVENUE JEAN JAURES",,,Plein jour,En agglomération,Hors intersection,Normale,Autre collision,,,,,,,,,,,1,2,1,1.0,6
201400056688,0014-02-19 01:20:00,14,2,19,1,20,750,119,"143, BOULEVARD SERURIER",,,Nuit avec éclairage allumé,En agglomération,Hors intersection,Normale,Autre collision,,,,,,,,,,,5,2,1,1.0,6
201400056689,0014-02-19 12:30:00,14,2,19,12,30,750,119,"22 BIS, RUE MANIN",,,Plein jour,En agglomération,Hors intersection,Temps couvert,Trois véhicules et plus - en chaîne,,,,,,,,,,,1,2,1,8.0,4
201400056690,0014-02-20 10:00:00,14,2,20,10,0,750,119,"70, AVENUE JEAN JAURES",,,Plein jour,En agglomération,Intersection en Y,Pluie légère,Deux véhicules - arrière,,,,,,,,,,,1,2,4,2.0,2
201400056691,0014-02-20 12:45:00,14,2,20,12,45,750,119,"20, AVENUE DE LA PORTE D",,,Plein jour,En agglomération,Hors intersection,Normale,Autre collision,,,,,,,,,,,1,2,1,1.0,6
201400056692,0014-02-22 15:30:00,14,2,22,15,30,750,119,AVENUE RENE FONCK,,,Plein jour,En agglomération,Hors intersection,Normale,Autre collision,,,,,,,,,,,1,2,1,1.0,6
201400056693,0014-02-24 00:05:00,14,2,24,0,5,750,119,PLACE AUGUSTE BARON,,,Nuit avec éclairage allumé,En agglomération,Intersection en Y,Normale,Autre collision,,,,,,,,,,,5,2,4,1.0,6
201400056694,0014-02-24 08:20:00,14,2,24,8,20,750,119,"196, BOULEVARD DE LA VIL",,,Plein jour,En agglomération,Intersection en Y,Normale,Autre collision,,,,,,,,,,,1,2,4,1.0,6
201400056695,0014-02-25 13:55:00,14,2,25,13,55,750,119,"75, AVENUE DE FLANDRE",,,Plein jour,En agglomération,Hors intersection,Normale,Deux véhicules - arrière,,,,,,,,,,,1,2,1,1.0,2
201400056696,0014-02-26 16:00:00,14,2,26,16,0,750,119,"14, AVENUE DE FLANDRE",,,Plein jour,En agglomération,Hors intersection,Normale,Trois véhicules et plus - en chaîne,,,,,,,,,,,1,2,1,1.0,4
201400056697,0014-02-27 10:50:00,14,2,27,10,50,750,119,"99, AVENUE DE FLANDRE",,,Plein jour,En agglomération,Hors intersection,Pluie forte,Deux véhicules - côté,,,,,,,,,,,1,2,1,3.0,3
201400056698,0014-02-27 15:50:00,14,2,27,15,50,750,119,RUE DE L OURCQ,,,Plein jour,En agglomération,Hors intersection,Normale,Autre collision,,,,,,,,,,,1,2,1,1.0,6
201400056699,0014-02-27 23:45:00,14,2,27,23,45,750,110,"192, BOULEVARD DE LA VIL",,,Nuit avec éclairage allumé,En agglomération,Intersection en T,Pluie légère,Trois véhicules et plus - collisions multiples,,,,,,,,,,,5,2,3,2.0,5
201400056700,0014-03-01 10:00:00,14,3,1,10,0,750,119,"94, AVENUE JEAN JAURES",,,Plein jour,En agglomération,Intersection en T,Pluie légère,Autre collision,,,,,,,,,,,1,2,3,2.0,6
201400056701,0014-03-03 08:50:00,14,3,3,8,50,750,119,"53, RUE COMPANS",,,Plein jour,En agglomération,Hors intersection,Normale,Autre collision,,,,,,,,,,,1,2,1,1.0,6
201400056702,0014-03-03 15:50:00,14,3,3,15,50,750,119,"108, AVENUE SIMON BOLIVA",,,Plein jour,En agglomération,Hors intersection,Pluie légère,Deux véhicules - côté,,,,,,,,,,,1,2,1,2.0,3
201400056703,0014-03-04 08:00:00,14,3,4,8,0,750,119,"176, RUE DE CRIMEE",,,Plein jour,En agglomération,Intersection en T,Normale,Autre collision,,,,,,,,,,,1,2,3,1.0,6
201400056704,0014-03-06 10:30:00,14,3,6,10,30,750,119,BOULEVARD PERIPHERIQUE E,,,Plein jour,En agglomération,Intersection en Y,Normale,Deux véhicules - arrière,,,,,,,,,,,1,2,4,1.0,2
201400056705,0014-03-06 15:30:00,14,3,6,15,30,750,119,"54, AVENUE DE FLANDRE",,,Plein jour,En agglomération,Intersection en T,Normale,Deux véhicules - arrière,,,,,,,,,,,1,2,3,1.0,2
201400056706,0014-03-07 07:15:00,14,3,7,7,15,750,119,AVENUE JEAN JAURES,,,Crépuscule ou aube,En agglomération,Intersection en T,Normale,Deux véhicules - côté,,,,,,,,,,,2,2,3,1.0,3
201400056707,0014-03-08 10:10:00,14,3,8,10,10,750,119,"27, AVENUE DE FLANDRE",,,Plein jour,En agglomération,Intersection en X,Normale,Trois véhicules et plus - en chaîne,,,,,,,,,,,1,2,2,1.0,4
201400056708,0014-03-09 16:10:00,14,3,9,16,10,750,119,BOULEVARD D INDOCHINE,,,Nuit avec éclairage allumé,En agglomération,Hors intersection,Normale,Sans collision,,,,,,,,,,,5,2,1,1.0,7
201400056709,0014-03-09 21:30:00,14,3,9,21,30,750,119,"2, AVENUE DE FLANDRE",,,Nuit avec éclairage allumé,En agglomération,Hors intersection,Normale,Autre collision,,,,,,,,,,,5,2,1,1.0,6
201400056710,0014-03-10 10:45:00,14,3,10,10,45,750,119,"144, AVENUE DE FLANDRE",,,Plein jour,En agglomération,Hors intersection,Normale,Deux véhicules - côté,,,,,,,,,,,1,2,1,1.0,3
201400056711,0014-03-13 18:20:00,14,3,13,18,20,750,119,PLACE DU COLONEL FABIEN,,,Plein jour,En agglomération,Place,Normale,Deux véhicules - côté,,,,,,,,,,,1,2,7,1.0,3
201400056712,0014-03-22 10:30:00,14,3,22,10,30,750,119,AVENUE RENE FONCK,,,Plein jour,En agglomération,Intersection en Y,Pluie légère,Sans collision,,,,,,,,,,,1,2,4,2.0,7
201400056713,0014-03-22 12:45:00,14,3,22,12,45,750,119,"28bis, AVENUE CORENTIN C",,,Plein jour,En agglomération,Hors intersection,Normale,Deux véhicules - côté,,,,,,,,,,,1,2,1,1.0,3
201400056714,0014-03-23 19:10:00,14,3,23,19,10,750,119,"1, PLACE AUGUSTE BARON",,,Nuit avec éclairage allumé,En agglomération,Place,Normale,Trois véhicules et plus - en chaîne,,,,,,,,,,,5,2,7,1.0,4
201400056715,0014-03-25 09:50:00,14,3,25,9,50,750,119,"7, AVENUE DE LA PORTE DE",,,Plein jour,En agglomération,Hors intersection,Pluie légère,Sans collision,,,,,,,,,,,1,2,1,2.0,7
201400056716,0014-03-28 23:30:00,14,3,28,23,30,750,119,AVENUE CORENTIN CARIOU,,,Nuit avec éclairage allumé,En agglomération,Hors intersection,Normale,Deux véhicules - arrière,,,,,,,,,,,5,2,1,1.0,2
201400056717,0014-03-30 12:50:00,14,3,30,12,50,750,119,AVENUE DE LA PORTE DES L,,,Plein jour,En agglomération,Place,Normale,Sans collision,,,,,,,,,,,1,2,7,1.0,7