accident_id,datetime,annee,mois,jour,heure,minute,departement,commune_insee,adresse,latitude,longitude,luminosite,agglomeration,intersection,meteo,collision,nb_vehicules,nb_usagers,nb_indemnes,nb_tues,nb_blesses_hosp,nb_blesses_legers,age_cond_1,age_cond_2,veh_type_cond_1,veh_type_cond_2,lum_code,agg_code,int_code,atm_code,col_code
201400056977,0014-01-09 18:40:00,14,1,9,18,40,750,120,AVENUE DE LA PORTE DE MO,,,Nuit avec éclairage allumé,En agglomération,Intersection en Y,Normale,Deux véhicules - côté,,,,,,,,,,,5,2,4,1.0,3
201400056978,0014-01-10 09:00:00,14,1,10,9,0,750,120,"0, RUE DE BAGNOLET",,,Plein jour,En agglomération,Intersection en Y,Normale,Deux véhicules - côté,,,,,,,,,,,1,2,4,1.0,3
201400056979,0014-01-14 08:20:00,14,1,14,8,20,750,120,"2, AVENUE DU PROFESSEUR",,,Plein jour,En agglomération,Intersection en X,Pluie légère,Deux véhicules - arrière,,,,,,,,,,,1,2,2,2.0,2
201400056980,0014-01-14 12:05:00,14,1,14,12,5,750,120,"132, RUE DE BAGNOLET",,,Plein jour,En agglomération,Hors intersection,Pluie légère,Deux véhicules - arrière,,,,,,,,,,,1,2,1,2.0,2
201400056981,0014-01-14 20:40:00,14,1,14,20,40,750,120,"134, RUE DE BELLEVILLE",,,Nuit avec éclairage allumé,En agglomération,Hors intersection,Normale,Autre collision,,,,,,,,,,,5,2,1,1.0,6
201400056982,0014-01-15 08:10:00,14,1,15,8,10,750,120,"0, RUE PELLEPORT",,,Nuit avec éclairage allumé,En agglomération,Intersection en T,Pluie légère,Autre collision,,,,,,,,,,,5,2,3,2.0,6
201400056983,0014-01-15 16:50:00,14,1,15,16,50,750,120,"126, RUE DE MENILMONTANT",,,Plein jour,En agglomération,Intersection en X,Pluie légère,Deux véhicules - côté,,,,,,,,,,,1,2,2,2.0,3
201400056984,0014-01-17 05:45:00,14,1,17,5,45,750,120,"56, BOULEVARD MORTIER",,,Nuit avec éclairage allumé,En agglomération,Intersection en X,Normale,Autre collision,,,,,,,,,,,5,2,2,1.0,6
201400056985,0014-01-20 08:25:00,14,1,20,8,25,750,120,"28, BOULEVARD DE MENILMO",,,Plein jour,En agglomération,Intersection en T,Normale,Deux véhicules - côté,,,,,,,,,,,1,2,3,1.0,3
201400056986,0014-01-21 08:45:00,14,1,21,8,45,750,120,"0, AVENUE IBSEN",,,Plein jour,En agglomération,Intersection en X,Normale,Deux véhicules - arrière,,,,,,,,,,,1,2,2,1.0,2
201400056987,0014-01-24 14:05:00,14,1,24,14,5,750,120,"69, RUE DE MENILMONTANT",,,Plein jour,En agglomération,Intersection à plus de 4 branches,Normale,Autre collision,,,,,,,,,,,1,2,5,1.0,6
201400056988,0014-01-26 13:15:00,14,1,26,13,15,750,120,"2, RUE ORFILA",,,Plein jour,En agglomération,Intersection en X,Normale,Sans collision,,,,,,,,,,,1,2,2,1.0,7
201400056989,0014-01-25 17:40:00,14,1,25,17,40,750,119,"134, RUE DE BELLEVILLE",,,Crépuscule ou aube,En agglomération,Intersection en X,Pluie légère,Deux véhicules - côté,,,,,,,,,,,2,2,2,2.0,3
201400056990,0014-01-26 19:10:00,14,1,26,19,10,750,120,"2, AVENUE DE LA PORTE DE",,,Nuit avec éclairage allumé,En agglomération,Hors intersection,Pluie légère,Autre collision,,,,,,,,,,,5,2,1,2.0,6
201400056991,0014-01-26 02:30:00,14,1,26,2,30,750,120,PLACE DE LA PORTE DE BAG,,,Nuit avec éclairage allumé,En agglomération,Hors intersection,Pluie légère,Autre collision,,,,,,,,,,,5,2,1,2.0,6
201400056992,0014-01-28 08:50:00,14,1,28,8,50,750,120,"89, RUE DES PYRENEES",,,Crépuscule ou aube,En agglomération,Hors intersection,Pluie légère,Autre collision,,,,,,,,,,,2,2,1,2.0,6
201400056993,0014-01-28 19:10:00,14,1,28,19,10,750,120,", RUE DES PYRENEES",,,Nuit avec éclairage allumé,En agglomération,Intersection en T,Pluie légère,Autre collision,,,,,,,,,,,5,2,3,2.0,6
201400056994,0014-01-29 11:45:00,14,1,29,11,45,750,120,"28, RUE BELGRAND",,,Plein jour,En agglomération,Hors intersection,Pluie légère,Autre collision,,,,,,,,,,,1,2,1,2.0,6
201400056995,0014-01-30 09:30:00,14,1,30,9,30,750,120,"0, BOULEVARD PERIPHERIQU",,,Plein jour,En agglomération,Hors intersection,Normale,Deux véhicules - arrière,,,,,,,,,,,1,2,1,1.0,2
201400056996,0014-01-31 12:25:00,14,1,31,12,25,750,120,"112, RUE DE BELLEVILLE",,,Plein jour,En agglomération,Hors intersection,Normale,Autre collision,,,,,,,,,,,1,2,1,1.0,6
201400056997,0014-01-31 17:45:00,14,1,31,17,45,750,120,"125, AVENUE GAMBETTA",,,Nuit avec éclairage allumé,En agglomération,Hors intersection,Normale,Autre collision,,,,,,,,,,,5,2,1,1.0,6
201400056998,0014-02-01 21:35:00,14,2,1,21,35,750,120,"21, AVENUE GAMBETTA",,,Nuit avec éclairage allumé,En agglomération,Intersection en T,Normale,Deux véhicules - côté,,,,,,,,,,,5,2,3,1.0,3
201400056999,0014-02-02 16:00:00,14,2,2,16,0,750,120,"5, RUE PAGANINI",,,Plein jour,En agglomération,Hors intersection,Normale,Deux véhicules - arrière,,,,,,,,,,,1,2,1,1.0,2
201400057000,0014-02-04 15:10:00,14,2,4,15,10,750,120,"115, RUE DES PYRENEES",,,Plein jour,En agglomération,Intersection à plus de 4 branches,Normale,Trois véhicules et plus - collisions multiples,,,,,,,,,,,1,2,5,1.0,5
201400057001,0014-02-05 21:45:00,14,2,5,21,45,750,120,"121, BOULEVARD MORTIER",,,Nuit avec éclairage allumé,En agglomération,Intersection en X,Pluie légère,Autre collision,,,,,,,,,,,5,2,2,2.0,6
201400057002,0014-02-11 07:40:00,14,2,11,7,40,750,120,"188, RUE DE BELLEVILLE",,,Plein jour,En agglomération,Intersection en T,Temps couvert,Deux véhicules - arrière,,,,,,,,,,,1,2,3,8.0,2
201400057003,0014-02-11 08:45:00,14,2,11,8,45,750,120,"69, BOULEVARD DAVOUT",,,Plein jour,En agglomération,Intersection en X,Normale,Deux véhicules - frontale,,,,,,,,,,,1,2,2,1.0,1
201400057004,0014-02-11 19:30:00,14,2,11,19,30,750,120,"236, RUE DE BELLEVILLE",,,Nuit avec éclairage allumé,En agglomération,Intersection en X,Pluie légère,Autre collision,,,,,,,,,,,5,2,2,2.0,6
201400057005,0014-02-13 08:50:00,14,2,13,8,50,750,120,"33, BOULEVARD MORTIER",,,Plein jour,En agglomération,Intersection en T,Pluie légère,Autre collision,,,,,,,,,,,1,2,3,2.0,6
201400057006,0014-02-13 14:40:00,14,2,13,14,40,750,120,"44, BOULEVARD DE MENILMO",,,Plein jour,En agglomération,Place,Pluie forte,Sans collision,,,,,,,,,,,1,2,7,3.0,7
201400057007,0014-02-14 14:00:00,14,2,14,14,0,750,120,"22, AVENUE DU PROFESSEUR",,,Plein jour,En agglomération,Intersection en T,Pluie légère,Deux véhicules - côté,,,,,,,,,,,1,2,3,2.0,3
201400057008,0014-02-14 16:35:00,14,2,14,16,35,750,120,"17, AVENUE GAMBETTA",,,Plein jour,En agglomération,Hors intersection,Normale,Trois véhicules et plus - en chaîne,,,,,,,,,,,1,2,1,1.0,4
201400057009,0014-02-15 12:05:00,14,2,15,12,5,750,120,"289, RUE DES PYRENEES",,,Plein jour,En agglomération,Hors intersection,Normale,Deux véhicules - côté,,,,,,,,,,,1,2,1,1.0,3
201400057010,0014-02-16 19:05:00,14,2,16,19,5,750,120,"XX5586, PLACE DE LA PORT",,,Nuit avec éclairage allumé,En agglomération,Place,Normale,Sans collision,,,,,,,,,,,5,2,7,1.0,7
201400057011,0014-02-16 21:15:00,14,2,16,21,15,750,120,"angle, AVENUE DU PROFESS",,,Nuit avec éclairage allumé,En agglomération,Intersection en X,Pluie légère,Deux véhicules - côté,,,,,,,,,,,5,2,2,2.0,3
201400057012,0014-02-17 12:30:00,14,2,17,12,30,750,120,"141, RUE D AVRON",,,Plein jour,En agglomération,Hors intersection,Normale,Autre collision,,,,,,,,,,,1,2,1,1.0,6
201400057013,0014-02-19 10:45:00,14,2,19,10,45,750,120,"4, RUE JULIEN LACROIX",,,Plein jour,En agglomération,Hors intersection,Temps couvert,Autre collision,,,,,,,,,,,1,2,1,8.0,6
201400057014,0014-02-19 18:35:00,14,2,19,18,35,750,120,PLACE DE LA PORTE DE MON,,,Nuit avec éclairage allumé,En agglomération,Place,Normale,Deux véhicules - côté,,,,,,,,,,,5,2,7,1.0,3
201400057015,0014-02-21 23:20:00,14,2,21,23,20,750,120,"0, BOULEVARD DAVOUT",,,Nuit avec éclairage allumé,En agglomération,Intersection à plus de 4 branches,Normale,Deux véhicules - côté,,,,,,,,,,,5,2,5,1.0,3
201400057016,0014-02-23 02:40:00,14,2,23,2,40,750,120,RUE D AVRON,,,Nuit avec éclairage allumé,En agglomération,Intersection en X,Normale,Deux véhicules - côté,,,,,,,,,,,5,2,2,1.0,3
201400057017,0014-02-24 16:00:00,14,2,24,16,0,750,120,"30, BOULEVARD DE MENILMO",,,Plein jour,En agglomération,Intersection en X,Normale,Deux véhicules - côté,,,,,,,,,,,1,2,2,1.0,3
201400057018,0014-02-24 18:00:00,14,2,24,18,0,750,120,"1, AVENUE CARTELLIER",,,Nuit avec éclairage allumé,En agglomération,Intersection en Y,Normale,Autre collision,,,,,,,,,,,5,2,4,1.0,6
201400057019,0014-02-27 09:30:00,14,2,27,9,30,750,120,"231, RUE DES PYRENEES",,,Plein jour,En agglomération,Hors intersection,Pluie forte,Autre collision,,,,,,,,,,,1,2,1,3.0,6
201400057020,0014-02-27 16:15:00,14,2,27,16,15,750,120,"140, RUE DE MENILMONTANT",,,Plein jour,En agglomération,Hors intersection,Pluie légère,Autre collision,,,,,,,,,,,1,2,1,2.0,6
201400057021,0014-02-27 18:25:00,14,2,27,18,25,750,120,"0, AVENUE IBSEN",,,Nuit sans éclairage public,En agglomération,Intersection en Y,Pluie légère,Deux véhicules - côté,,,,,,,,,,,3,2,4,2.0,3
201400057022,0014-03-01 19:20:00,14,3,1,19,20,750,120,"ANGLE, BOULEVARD DE MENI",,,Nuit avec éclairage allumé,En agglomération,Intersection à plus de 4 branches,Normale,Deux véhicules - côté,,,,,,,,,,,5,2,5,1.0,3
201400057023,0014-03-03 19:20:00,14,3,3,19,20,750,120,"0, AVENUE BENOIT FRACHON",,,Nuit avec éclairage allumé,En agglomération,Intersection en T,Normale,Deux véhicules - côté,,,,,,,,,,,5,2,3,1.0,3
201400057024,0014-03-05 11:40:00,14,3,5,11,40,750,120,"129, BOULEVARD DAVOUT",,,Plein jour,En agglomération,Hors intersection,Normale,Autre collision,,,,,,,,,,,1,2,1,1.0,6
201400057025,0014-03-07 13:50:00,14,3,7,13,50,750,120,"105, BOULEVARD DAVOUT",,,Plein jour,En agglomération,Intersection à plus de 4 branches,Normale,Deux véhicules - côté,,,,,,,,,,,1,2,5,1.0,3
201400057026,0014-03-07 15:50:00,14,3,7,15,50,750,120,"288, RUE DES PYRENEES",,,Plein jour,En agglomération,Hors intersection,Normale,Deux véhicules - arrière,,,,,,,,,,,1,2,1,1.0,2
201400057027,0014-03-13 08:00:00,14,3,13,8,0,750,120,"7, RUE DE BAGNOLET",,,Plein jour,En agglomération,Hors intersection,Normale,Autre collision,,,,,,,,,,,1,2,1,1.0,6
201400057028,0014-03-13 09:50:00,14,3,13,9,50,750,120,"0, RUE DE BELLEVILLE",,,Plein jour,En agglomération,Intersection à plus de 4 branches,Normale,Deux véhicules - côté,,,,,,,,,,,1,2,5,1.0,3
201400057029,0014-03-13 19:10:00,14,3,13,19,10,750,120,"104, RUE LOUIS LUMIERE",,,Nuit avec éclairage allumé,En agglomération,Intersection en T,Normale,Autre collision,,,,,,,,,,,5,2,3,1.0,6
201400057030,0014-03-14 17:15:00,14,3,14,17,15,750,120,"10, AVENUE DE LA PORTE D",,,Plein jour,En agglomération,Intersection en X,Normale,Autre collision,,,,,,,,,,,1,2,2,1.0,6
201400057031,0014-03-15 04:10:00,14,3,15,4,10,750,120,"22, BOULEVARD DE BELLEVI",,,Nuit avec éclairage allumé,En agglomération,Intersection en T,Normale,Deux véhicules - côté,,,,,,,,,,,5,2,3,1.0,3
201400057032,0014-03-15 17:35:00,14,3,15,17,35,750,120,"132, RUE D AVRON",,,Plein jour,En agglomération,Intersection en T,Normale,Deux véhicules - arrière,,,,,,,,,,,1,2,3,1.0,2
201400057033,0014-03-16 02:30:00,14,3,16,2,30,750,120,"72, BOULEVARD DAVOUT",,,Nuit avec éclairage allumé,En agglomération,Intersection en X,Normale,Autre collision,,,,,,,,,,,5,2,2,1.0,6
201400057034,0014-03-20 10:00:00,14,3,20,10,0,750,120,"36, RUE ORFILA",,,Plein jour,En agglomération,Hors intersection,Normale,Autre collision,,,,,,,,,,,1,2,1,1.0,6
201400057035,0014-03-20 18:20:00,14,3,20,18,20,750,120,"139, RUE DE BAGNOLET",,,Plein jour,En agglomération,Intersection en T,Normale,Autre collision,,,,,,,,,,,1,2,3,1.0,6
201400057036,0014-03-21 10:05:00,14,3,21,10,5,750,120,"74, AVENUE GAMBETTA",,,Plein jour,En agglomération,Hors intersection,Pluie légère,Autre collision,,,,,,,,,,,1,2,1,2.0,6
201400057037,0014-03-22 06:35:00,14,3,22,6,35,750,120,"240, RUE DE BELLEVILLE",,,Crépuscule ou aube,En agglomération,Intersection en X,Normale,Deux véhicules - frontale,,,,,,,,,,,2,2,2,1.0,1
201400057038,0014-03-25 12:50:00,14,3,25,12,50,750,119,"81, RUE DE BELLEVILLE",,,Plein jour,En agglomération,Hors intersection,Pluie légère,Sans collision,,,,,,,,,,,1,2,1,2.0,7
201400057039,0014-03-26 14:40:00,14,3,26,14,40,750,120,"69, RUE PELLEPORT",,,Plein jour,En agglomération,Intersection à plus de 4 branches,Normale,Autre collision,,,,,,,,,,,1,2,5,1.0,6
201400057040,0014-03-26 16:15:00,14,3,26,16,15,750,120,"13, RUE OLIVIER METRA",,,Plein jour,En agglomération,Hors intersection,Normale,Autre collision,,,,,,,,,,,1,2,1,1.0,6
201400057041,0014-03-27 10:45:00,14,3,27,10,45,750,120,"121, AVENUE GAMBETTA",,,Plein jour,En agglomération,Intersection en T,Normale,Autre collision,,,,,,,,,,,1,2,3,1.0,6
201400057042,0014-03-29 09:15:00,14,3,29,9,15,750,120,"14, BOULEVARD DE CHARONN",,,Plein jour,En agglomération,Intersection en X,Normale,Deux véhicules - arrière,,,,,,,,,,,1,2,2,1.0,2
201400057043,0014-03-31 10:30:00,14,3,31,10,30,750,120,"235, RUE DES PYRENEES",,,Plein jour,En agglomération,Intersection en X,Normale,Deux véhicules - frontale,,,,,,,,,,,1,2,2,1.0,1
201400057044,0014-04-01 16:35:00,14,4,1,16,35,750,120,"4, RUE VIDAL DE LA BLACH",,,Plein jour,En agglomération,Hors intersection,Normale,Autre collision,,,,,,,,,,,1,2,1,1.0,6
201400057045,0014-04-03 09:30:00,14,4,3,9,30,750,120,"67, RUE DES VIGNOLES",,,Plein jour,En agglomération,Intersection en X,Normale,Autre collision,,,,,,,,,,,1,2,2,1.0,6
201400057046,0014-04-03 15:30:00,14,4,3,15,30,750,120,"XX-8027, SQUARE DE LA SA",,,Plein jour,En agglomération,Intersection en T,Normale,Autre collision,,,,,,,,,,,1,2,3,1.0,6
201400057047,0014-04-05 16:55:00,14,4,5,16,55,750,120,"317, RUE DES PYRENEES",,,Plein jour,En agglomération,Intersection en Y,Normale,Autre collision,,,,,,,,,,,1,2,4,1.0,6
201400057048,0014-04-05 19:45:00,14,4,5,19,45,750,120,"72, BOULEVARD DAVOUT",,,Crépuscule ou aube,En agglomération,Intersection en X,Normale,Deux véhicules - côté,,,,,,,,,,,2,2,2,1.0,3
201400057049,0014-04-06 15:20:00,14,4,6,15,20,750,120,"0, BOULEVARD PERIPHERIQU",,,Plein jour,En agglomération,Hors intersection,Normale,Deux véhicules - arrière,,,,,,,,,,,1,2,1,1.0,2
201400057050,0014-04-06 15:30:00,14,4,6,15,30,750,120,"259, AVENUE GAMBETTA",,,Plein jour,En agglomération,Hors intersection,Normale,Autre collision,,,,,,,,,,,1,2,1,1.0,6
201400057051,0014-04-05 23:55:00,14,4,5,23,55,750,120,"0, PLACE DU MAQUIS DU VE",,,Nuit avec éclairage allumé,En agglomération,Hors intersection,Normale,Deux véhicules - arrière,,,,,,,,,,,5,2,1,1.0,2
201400057052,0014-04-08 08:25:00,14,4,8,8,25,750,120,"43, RUE DES ORTEAUX",,,Plein jour,En agglomération,Intersection en X,Normale,Autre collision,,,,,,,,,,,1,2,2,1.0,6
201400057053,0014-04-09 18:10:00,14,4,9,18,10,750,120,"112, RUE DE MENILMONTANT",,,Plein jour,En agglomération,Hors intersection,Normale,Autre collision,,,,,,,,,,,1,2,1,1.0,6
201400057054,0014-04-10 00:50:00,14,4,10,0,50,750,120,"234, RUE DES PYRENEES",,,Nuit avec éclairage allumé,En agglomération,Hors intersection,Normale,Deux véhicules - côté,,,,,,,,,,,5,2,1,1.0,3
201400057055,0014-04-10 15:55:00,14,4,10,15,55,750,120,RUE DES PYRENEES,,,Plein jour,En agglomération,Intersection en X,Normale,Sans collision,,,,,,,,,,,1,2,2,1.0,7
201400057056,0014-04-10 17:35:00,14,4,10,17,35,750,120,"104, RUE ORFILA",,,Plein jour,En agglomération,Intersection en X,Normale,Autre collision,,,,,,,,,,,1,2,2,1.0,6
201400057057,0014-04-12 14:50:00,14,4,12,14,50,750,120,"0, RUE VITRUVE",,,Plein jour,En agglomération,Intersection en X,Normale,Autre collision,,,,,,,,,,,1,2,2,1.0,6
201400057058,0014-04-12 18:15:00,14,4,12,18,15,750,120,RUE DE LAGNY,,,Plein jour,En agglomération,Intersection en X,Normale,Trois véhicules et plus - en chaîne,,,,,,,,,,,1,2,2,1.0,4
201400057059,0014-04-10 11:10:00,14,4,10,11,10,750,120,"0, AVENUE CARTELLIER",,,Plein jour,En agglomération,Intersection en Y,Normale,Deux véhicules - arrière,,,,,,,,,,,1,2,4,1.0,2
201400057060,0014-04-10 12:30:00,14,4,10,12,30,750,120,"0, RUE PELLEPORT",,,Plein jour,En agglomération,Intersection en X,Normale,Autre collision,,,,,,,,,,,1,2,2,1.0,6
201400057061,0014-04-15 18:33:00,14,4,15,18,33,750,112,"0, ROUTE DE LA GERBE",,,Plein jour,En agglomération,Intersection en T,Normale,Deux véhicules - frontale,,,,,,,,,,,1,2,3,1.0,1
201400057062,0014-04-16 14:35:00,14,4,16,14,35,750,120,"9, AVENUE GAMBETTA",,,Plein jour,En agglomération,Intersection en T,Normale,Deux véhicules - côté,,,,,,,,,,,1,2,3,1.0,3
201400057063,0014-04-16 18:15:00,14,4,16,18,15,750,120,"38, RUE DE MENILMONTANT",,,Plein jour,En agglomération,Intersection en T,Normale,Autre collision,,,,,,,,,,,1,2,3,1.0,6
201400057064,0014-04-16 21:10:00,14,4,16,21,10,750,120,"168, RUE DES PYRENEES",,,Nuit avec éclairage allumé,En agglomération,Hors intersection,Normale,Autre collision,,,,,,,,,,,5,2,1,1.0,6
201400057065,0014-04-17 09:45:00,14,4,17,9,45,750,120,"05, RUE STENDHAL",,,Plein jour,En agglomération,Intersection en X,Normale,Autre collision,,,,,,,,,,,1,2,2,1.0,6
201400057066,0014-04-22 18:40:00,14,4,22,18,40,750,120,"154, BOULEVARD MORTIER",,,Plein jour,En agglomération,Hors intersection,Temps couvert,Deux véhicules - arrière,,,,,,,,,,,1,2,1,8.0,2
201400057067,0014-04-23 15:00:00,14,4,23,15,0,750,120,"97, RUE D AVRON",,,Plein jour,En agglomération,Intersection en X,Normale,Autre collision,,,,,,,,,,,1,2,2,1.0,6
201400057068,0014-04-25 10:15:00,14,4,25,10,15,750,120,"128, RUE DE BAGNOLET",,,Plein jour,En agglomération,Hors intersection,Pluie légère,Sans collision,,,,,,,,,,,1,2,1,2.0,7
201400057069,0014-04-28 12:05:00,14,4,28,12,5,750,120,"284, RUE DE BELLEVILLE",,,Plein jour,En agglomération,Hors intersection,Pluie légère,Autre collision,,,,,,,,,,,1,2,1,2.0,6
201400057070,0014-04-29 12:16:00,14,4,29,12,16,750,120,"328, RUE DE BELLEVILLE",,,Plein jour,En agglomération,Intersection à plus de 4 branches,Normale,Autre collision,,,,,,,,,,,1,2,5,1.0,6
201400057071,0014-04-30 18:10:00,14,4,30,18,10,750,120,"0, RUE BELGRAND",,,Plein jour,En agglomération,Intersection à plus de 4 branches,Pluie légère,Autre collision,,,,,,,,,,,1,2,5,2.0,6
201400057072,0014-05-02 13:45:00,14,5,2,13,45,750,120,"24, RUE DE BELLEVILLE",,,Plein jour,En agglomération,Hors intersection,Pluie légère,Deux véhicules - côté,,,,,,,,,,,1,2,1,2.0,3
201400057073,0014-05-05 17:50:00,14,5,5,17,50,750,120,"26, RUE DES ORTEAUX",,,Plein jour,En agglomération,Intersection en X,Normale,Autre collision,,,,,,,,,,,1,2,2,1.0,6
201400057074,0014-05-06 08:45:00,14,5,6,8,45,750,120,RUE PELLEPORT,,,Plein jour,En agglomération,Intersection en X,Pluie légère,Autre collision,,,,,,,,,,,1,2,2,2.0,6
201400057075,0014-05-07 18:10:00,14,5,7,18,10,750,120,"0, RUE DES GLAIEULS",,,Plein jour,En agglomération,Hors intersection,Normale,Autre collision,,,,,,,,,,,1,2,1,1.0,6
201400057076,0014-05-07 19:45:00,14,5,7,19,45,750,120,"79, RUE DE MENILMONTANT",,,Plein jour,En agglomération,Intersection en T,Normale,Autre collision,,,,,,,,,,,1,2,3,1.0,6
201400057077,0014-05-07 23:25:00,14,5,7,23,25,750,120,"1, COURS DE VINCENNES",,,Nuit avec éclairage allumé,En agglomération,Intersection en X,Normale,Deux véhicules - côté,,,,,,,,,,,5,2,2,1.0,3
201400057078,0014-05-12 16:20:00,14,5,12,16,20,750,120,"6, BOULEVARD DE BELLEVIL",,,Plein jour,En agglomération,Intersection en X,Normale,Autre collision,,,,,,,,,,,1,2,2,1.0,6
201400057079,0014-05-13 09:35:00,14,5,13,9,35,750,120,AVENUE LEON GAUMONT,,,Plein jour,En agglomération,Hors intersection,Normale,Autre collision,,,,,,,,,,,1,2,1,1.0,6
201400057080,0014-05-14 11:10:00,14,5,14,11,10,750,120,"0, RUE DE BAGNOLET",,,Plein jour,En agglomération,Intersection en T,Normale,Deux véhicules - côté,,,,,,,,,,,1,2,3,1.0,3
201400057081,0014-05-14 18:00:00,14,5,14,18,0,750,120,"0, PORTE DE VINCENNES",,,Plein jour,En agglomération,Intersection en X,Normale,Deux véhicules - côté,,,,,,,,,,,1,2,2,1.0,3
201400057082,0014-05-14 21:10:00,14,5,14,21,10,750,120,"angle, RUE D AVRON",,,Plein jour,En agglomération,Intersection en T,Normale,Deux véhicules - côté,,,,,,,,,,,1,2,3,1.0,3
201400057083,0014-05-15 13:25:00,14,5,15,13,25,750,120,"25, RUE DES PYRENEES",,,Plein jour,En agglomération,Intersection en T,Normale,Deux véhicules - côté,,,,,,,,,,,1,2,3,1.0,3
201400057084,0014-05-15 20:30:00,14,5,15,20,30,750,111,"66, BOULEVARD VOLTAIRE",,,Crépuscule ou aube,En agglomération,Hors intersection,Normale,Trois véhicules et plus - en chaîne,,,,,,,,,,,2,2,1,1.0,4
201400057085,0014-05-16 20:30:00,14,5,16,20,30,750,120,"128, RUE PELLEPORT",,,Crépuscule ou aube,En agglomération,Intersection en X,Normale,Autre collision,,,,,,,,,,,2,2,2,1.0,6
201400057086,0014-05-17 16:05:00,14,5,17,16,5,750,120,"75, RUE DES PYRENEES",,,Plein jour,En agglomération,Hors intersection,Normale,Deux véhicules - côté,,,,,,,,,,,1,2,1,1.0,3
201400057087,0014-05-17 19:15:00,14,5,17,19,15,750,120,"9, RUE DE BAGNOLET",,,Plein jour,En agglomération,Hors intersection,Normale,Autre collision,,,,,,,,,,,1,2,1,1.0,6
201400057088,0014-05-19 19:00:00,14,5,19,19,0,750,120,"66, RUE DES COURONNES",,,Plein jour,En agglomération,Hors intersection,Normale,Autre collision,,,,,,,,,,,1,2,1,1.0,6
201400057089,0014-05-23 10:10:00,14,5,23,10,10,750,120,"87, RUE DE LAGNY",,,Plein jour,En agglomération,Intersection en X,Normale,Deux véhicules - côté,,,,,,,,,,,1,2,2,1.0,3
201400057090,0014-05-23 15:20:00,14,5,23,15,20,750,120,"162, RUE DE MENILMONTANT",,,Plein jour,En agglomération,Intersection en X,Normale,Autre collision,,,,,,,,,,,1,2,2,1.0,6
201400057091,0014-05-23 23:10:00,14,5,23,23,10,750,120,"118, RUE DES PYRENEES",,,Nuit avec éclairage allumé,En agglomération,Intersection en X,Pluie légère,Deux véhicules - côté,,,,,,,,,,,5,2,2,2.0,3
201400057092,0014-05-27 20:00:00,14,5,27,20,0,750,120,"141, AVENUE GAMBETTA",,,Plein jour,En agglomération,Hors intersection,Temps couvert,Deux véhicules - côté,,,,,,,,,,,1,2,1,8.0,3
201400057093,0014-05-28 18:58:00,14,5,28,18,58,750,120,"0, BOULEVARD PERIPHERIQU",,,Plein jour,En agglomération,Hors intersection,Normale,Sans collision,,,,,,,,,,,1,2,1,1.0,7
201400057094,0014-05-28 22:30:00,14,5,28,22,30,750,120,"57, AVENUE GAMBETTA",,,Nuit avec éclairage allumé,En agglomération,Hors intersection,Pluie légère,Autre collision,,,,,,,,,,,5,2,1,2.0,6
201400057095,0014-05-31 16:40:00,14,5,31,16,40,750,120,"0, RUE D AVRON",,,Plein jour,En agglomération,Intersection en X,Normale,Autre collision,,,,,,,,,,,1,2,2,1.0,6
201400057096,0014-06-03 18:40:00,14,6,3,18,40,750,120,"45-47, RUE D AVRON",,,Plein jour,En agglomération,Hors intersection,Normale,Deux véhicules - côté,,,,,,,,,,,1,2,1,1.0,3
201400057097,0014-06-06 06:45:00,14,6,6,6,45,750,120,"152, BOULEVARD DE CHARON",,,Plein jour,En agglomération,Intersection à plus de 4 branches,Normale,Sans collision,,,,,,,,,,,1,2,5,1.0,7
201400057098,0014-06-06 17:50:00,14,6,6,17,50,750,120,"42bis, RUE BELGRAND",,,Plein jour,En agglomération,Intersection en X,Normale,Deux véhicules - côté,,,,,,,,,,,1,2,2,1.0,3
201400057099,0014-06-07 04:40:00,14,6,7,4,40,750,120,"35, RUE DES TOURELLES",,,Nuit avec éclairage allumé,En agglomération,Hors intersection,Normale,Autre collision,,,,,,,,,,,5,2,1,1.0,6
201400057100,0014-06-08 03:00:00,14,6,8,3,0,750,120,AVENUE LEON GAUMONT,,,Nuit avec éclairage allumé,En agglomération,Hors intersection,Pluie légère,Autre collision,,,,,,,,,,,5,2,1,2.0,6
201400057101,0014-06-09 10:55:00,14,6,9,10,55,750,120,"254, RUE DES PYRENEES",,,Plein jour,En agglomération,Intersection en X,Normale,Deux véhicules - côté,,,,,,,,,,,1,2,2,1.0,3
201400057102,0014-06-11 13:15:00,14,6,11,13,15,750,120,"110, RUE DE BELLEVILLE",,,Crépuscule ou aube,En agglomération,Hors intersection,Normale,Autre collision,,,,,,,,,,,2,2,1,1.0,6
201400057103,0014-05-31 04:55:00,14,5,31,4,55,750,120,RUE DES PYRENEES,,,Crépuscule ou aube,En agglomération,Intersection en X,Normale,Deux véhicules - arrière,,,,,,,,,,,2,2,2,1.0,2
201400057104,0014-06-12 19:45:00,14,6,12,19,45,750,120,"2, RUE DE BUZENVAL",,,Plein jour,En agglomération,Intersection en X,Normale,Deux véhicules - frontale,,,,,,,,,,,1,2,2,1.0,1
201400057105,0014-06-13 20:00:00,14,6,13,20,0,750,120,"10, RUE DE BELLEVILLE",,,Plein jour,En agglomération,Hors intersection,Normale,Autre collision,,,,,,,,,,,1,2,1,1.0,6