accident_id,datetime,annee,mois,jour,heure,minute,departement,commune_insee,adresse,latitude,longitude,luminosite,agglomeration,intersection,meteo,collision,nb_vehicules,nb_usagers,nb_indemnes,nb_tues,nb_blesses_hosp,nb_blesses_legers,age_cond_1,age_cond_2,veh_type_cond_1,veh_type_cond_2,lum_code,agg_code,int_code,atm_code,col_code
201400057360,0014-03-12 20:30:00,14,3,12,20,30,750,120,BOULEVARD PERIPHERIQUE I,,,Nuit avec éclairage allumé,En agglomération,Hors intersection,Normale,Autre collision,,,,,,,,,,,5,2,1,1.0,6
201400057361,0014-03-17 12:20:00,14,3,17,12,20,750,111,"09, BOULEVARD VOLTAIRE",,,Plein jour,En agglomération,Intersection en X,Normale,Deux véhicules - côté,,,,,,,,,,,1,2,2,1.0,3
201400057362,0014-03-18 09:20:00,14,3,18,9,20,750,118,"26, RUE ORDENER",,,Plein jour,En agglomération,Intersection en T,Normale,Deux véhicules - côté,,,,,,,,,,,1,2,3,1.0,3
201400057363,0014-03-20 09:30:00,14,3,20,9,30,750,118,"25, RUE MARCADET",,,Plein jour,En agglomération,Intersection en X,Normale,Deux véhicules - côté,,,,,,,,,,,1,2,2,1.0,3
201400057364,0014-03-20 18:55:00,14,3,20,18,55,750,120,"155, RUE DES PYRENEES",,,Nuit avec éclairage allumé,En agglomération,Intersection en X,Normale,Deux véhicules - côté,,,,,,,,,,,5,2,2,1.0,3
201400057365,0014-03-21 00:35:00,14,3,21,0,35,750,113,"213, RUE DE TOLBIAC",,,Nuit avec éclairage allumé,En agglomération,Intersection en X,Normale,Autre collision,,,,,,,,,,,5,2,2,1.0,6
201400057366,0014-03-22 13:15:00,14,3,22,13,15,750,120,BOULEVARD PERIPHERIQUE I,,,Plein jour,En agglomération,Hors intersection,Normale,Deux véhicules - arrière,,,,,,,,,,,1,2,1,1.0,2
201400057367,0014-03-24 12:01:00,14,3,24,12,1,750,116,PLACE DE LA PORTE DE SAI,,,Plein jour,En agglomération,Hors intersection,Normale,Deux véhicules - arrière,,,,,,,,,,,1,2,1,1.0,2
201400057368,0014-03-24 18:45:00,14,3,24,18,45,750,116,ALLEE DU BORD DE L EAU,,,Crépuscule ou aube,En agglomération,Intersection en T,Normale,Deux véhicules - frontale,,,,,,,,,,,2,2,3,1.0,1
201400057369,0014-03-24 23:10:00,14,3,24,23,10,750,101,"12, QUAI FRANCOIS MITTER",,,Nuit avec éclairage allumé,En agglomération,Intersection en X,Normale,Deux véhicules - côté,,,,,,,,,,,5,2,2,1.0,3
201400057370,0014-03-25 16:00:00,14,3,25,16,0,750,117,"99, RUE DE COURCELLES",,,Plein jour,En agglomération,Hors intersection,Temps couvert,Autre collision,,,,,,,,,,,1,2,1,8.0,6
201400057371,0014-03-26 15:55:00,14,3,26,15,55,750,116,"62, AVENUE MOZART",,,Plein jour,En agglomération,Hors intersection,Normale,Deux véhicules - arrière,,,,,,,,,,,1,2,1,1.0,2
201400057372,0014-03-27 01:06:00,14,3,27,1,6,750,112,"148, BOULEVARD DIDEROT",,,Nuit avec éclairage allumé,En agglomération,Intersection en T,Normale,Autre collision,,,,,,,,,,,5,2,3,1.0,6
201400057373,0014-03-27 06:20:00,14,3,27,6,20,750,120,PORTE DE BAGNOLET,,,Crépuscule ou aube,En agglomération,Intersection en Y,Normale,Autre collision,,,,,,,,,,,2,2,4,1.0,6
201400057374,0014-03-28 13:18:00,14,3,28,13,18,750,106,"6, BOULEVARD SAINT MICHE",,,Plein jour,En agglomération,Intersection en X,Normale,Deux véhicules - arrière,,,,,,,,,,,1,2,2,1.0,2
201400057375,0014-03-29 11:58:00,14,3,29,11,58,750,112,BOULEVARD PERIPHERIQUE E,,,Plein jour,En agglomération,Hors intersection,Normale,Trois véhicules et plus - en chaîne,,,,,,,,,,,1,2,1,1.0,4
201400057376,0014-03-29 22:35:00,14,3,29,22,35,750,113,QUAI D AUSTERLITZ,,,Nuit avec éclairage allumé,En agglomération,Intersection en X,Normale,Deux véhicules - côté,,,,,,,,,,,5,2,2,1.0,3
201400057377,0014-03-30 08:40:00,14,3,30,8,40,750,112,BOULEVARD PERIPHERIQUE E,,,Crépuscule ou aube,En agglomération,Hors intersection,Normale,Trois véhicules et plus - en chaîne,,,,,,,,,,,2,2,1,1.0,4
201400057378,0014-03-30 23:05:00,14,3,30,23,5,750,117,"200, BOULEVARD MALESHERB",,,Nuit avec éclairage allumé,En agglomération,Intersection en T,Normale,Deux véhicules - frontale,,,,,,,,,,,5,2,3,1.0,1
201400057379,0014-03-31 15:58:00,14,3,31,15,58,750,120,"41, RUE DES MONTIBOEUFS",,,Plein jour,En agglomération,Intersection en Y,Normale,Autre collision,,,,,,,,,,,1,2,4,1.0,6
201400057380,0014-04-01 08:55:00,14,4,1,8,55,750,101,"96, RUE DE RIVOLI",,,Plein jour,En agglomération,Intersection à plus de 4 branches,Normale,Deux véhicules - côté,,,,,,,,,,,1,2,5,1.0,3
201400057381,0014-04-01 21:30:00,14,4,1,21,30,750,118,"51, RUE ORDENER",,,Nuit avec éclairage allumé,En agglomération,Hors intersection,Normale,Autre collision,,,,,,,,,,,5,2,1,1.0,6
201400057382,0014-04-02 08:15:00,14,4,2,8,15,750,114,BOULEVARD PERIPHERIQUE I,,,Plein jour,En agglomération,Hors intersection,Normale,Deux véhicules - côté,,,,,,,,,,,1,2,1,1.0,3
201400057383,0014-04-02 14:20:00,14,4,2,14,20,750,115,QUAI BRANLY,,,Plein jour,En agglomération,Intersection en Y,Normale,Deux véhicules - côté,,,,,,,,,,,1,2,4,1.0,3
201400057384,0014-04-03 19:20:00,14,4,3,19,20,750,120,"162, BOULEVARD DAVOUT",,,Nuit avec éclairage allumé,En agglomération,Hors intersection,Normale,Autre collision,,,,,,,,,,,5,2,1,1.0,6
201400057385,0014-04-03 19:20:00,14,4,3,19,20,750,116,"115, RUE DE LA POMPE",,,Plein jour,En agglomération,Hors intersection,Normale,Deux véhicules - côté,,,,,,,,,,,1,2,1,1.0,3
201400057386,0014-04-03 23:53:00,14,4,3,23,53,750,114,BOULEVARD PERIPHERIQUE E,,,Nuit avec éclairage allumé,En agglomération,Hors intersection,Normale,Autre collision,,,,,,,,,,,5,2,1,1.0,6
201400057387,0014-04-04 07:50:00,14,4,4,7,50,750,113,"30, RUE SAINT HIPPOLYTE",,,Plein jour,En agglomération,Intersection en X,Normale,Deux véhicules - côté,,,,,,,,,,,1,2,2,1.0,3
201400057388,0014-04-04 08:38:00,14,4,4,8,38,750,105,"52, BOULEVARD SAINT GERM",,,Plein jour,En agglomération,Intersection en T,Normale,Autre collision,,,,,,,,,,,1,2,3,1.0,6
201400057389,0014-04-05 03:55:00,14,4,5,3,55,750,101,"46, RUE SAINT HONORE",,,Nuit avec éclairage allumé,En agglomération,Hors intersection,Normale,Autre collision,,,,,,,,,,,5,2,1,1.0,6
201400057390,0014-04-07 17:40:00,14,4,7,17,40,750,115,"80, RUE DES ENTREPRENEUR",,,Plein jour,En agglomération,Intersection en T,Normale,Autre collision,,,,,,,,,,,1,2,3,1.0,6
201400057391,0014-04-07 22:05:00,14,4,7,22,5,750,108,"59, RUE DE COURCELLES",,,Nuit avec éclairage allumé,En agglomération,Intersection en Y,Normale,Deux véhicules - côté,,,,,,,,,,,5,2,4,1.0,3
201400057392,0014-04-08 18:25:00,14,4,8,18,25,750,120,"108, BOULEVARD DAVOUT",,,Plein jour,En agglomération,Hors intersection,Normale,Autre collision,,,,,,,,,,,1,2,1,1.0,6
201400057393,0014-04-08 21:25:00,14,4,8,21,25,750,106,"23, BOULEVARD DU MONTPAR",,,Nuit avec éclairage allumé,En agglomération,Intersection en X,Normale,Deux véhicules - arrière,,,,,,,,,,,5,2,2,1.0,2
201400057394,0014-04-10 03:23:00,14,4,10,3,23,750,113,"42, AVENUE DES GOBELINS",,,Nuit avec éclairage allumé,En agglomération,Hors intersection,Normale,Autre collision,,,,,,,,,,,5,2,1,1.0,6
201400057395,0014-04-09 12:40:00,14,4,9,12,40,750,104,"52, RUE DE RIVOLI",,,Plein jour,En agglomération,Hors intersection,Normale,Autre collision,,,,,,,,,,,1,2,1,1.0,6
201400057396,0014-04-09 12:40:00,14,4,9,12,40,750,113,BOULEVARD PERIPHERIQUE I,,,Plein jour,En agglomération,Hors intersection,Normale,Autre collision,,,,,,,,,,,1,2,1,1.0,6
201400057397,0014-04-10 16:04:00,14,4,10,16,4,750,111,"151, RUE DE LA ROQUETTE",,,Plein jour,En agglomération,Intersection en T,Normale,Deux véhicules - côté,,,,,,,,,,,1,2,3,1.0,3
201400057398,0014-04-13 05:15:00,14,4,13,5,15,750,102,"101, RUE DE RICHELIEU",,,Nuit avec éclairage allumé,En agglomération,Hors intersection,Normale,Autre collision,,,,,,,,,,,5,2,1,1.0,6
201400057399,0014-04-13 05:50:00,14,4,13,5,50,750,115,"9, RUE BALARD",,,Nuit avec éclairage allumé,En agglomération,Intersection à plus de 4 branches,Normale,Deux véhicules - côté,,,,,,,,,,,5,2,5,1.0,3
201400057400,0014-04-14 09:50:00,14,4,14,9,50,750,113,"XIII-9395, AVENUE D IVRY",,,Plein jour,En agglomération,Intersection à plus de 4 branches,Normale,Autre collision,,,,,,,,,,,1,2,5,1.0,6
201400057401,0014-04-15 15:30:00,14,4,15,15,30,750,120,"109, RUE ORFILA",,,Plein jour,En agglomération,Intersection à plus de 4 branches,Normale,Autre collision,,,,,,,,,,,1,2,5,1.0,6
201400057402,0014-04-15 21:40:00,14,4,15,21,40,750,115,"4, RUE LOUIS ARMAND",,,Nuit avec éclairage allumé,En agglomération,Place,Normale,Deux véhicules - côté,,,,,,,,,,,5,2,7,1.0,3
201400057403,0014-04-17 10:15:00,14,4,17,10,15,750,112,"20, BOULEVARD DE LA GUYA",,,Plein jour,En agglomération,Hors intersection,Normale,Autre collision,,,,,,,,,,,1,2,1,1.0,6
201400057404,0014-04-18 06:40:00,14,4,18,6,40,750,116,AVENUE DE L HIPPODROME,,,Plein jour,En agglomération,Hors intersection,Normale,Autre collision,,,,,,,,,,,1,2,1,1.0,6
201400057405,0014-04-18 07:15:00,14,4,18,7,15,750,105,"56, BOULEVARD SAINT MARC",,,Plein jour,En agglomération,Intersection en X,Pluie légère,Autre collision,,,,,,,,,,,1,2,2,2.0,6
201400057406,0014-04-18 09:01:00,14,4,18,9,1,750,110,"120, RUE DU FAUBOURG SAI",,,Plein jour,En agglomération,Intersection en T,Normale,Autre collision,,,,,,,,,,,1,2,3,1.0,6
201400057407,0014-04-20 21:50:00,14,4,20,21,50,750,101,QUAI DES TUILERIES,,,Nuit avec éclairage allumé,En agglomération,Intersection en T,Normale,Autre collision,,,,,,,,,,,5,2,3,1.0,6
201400057408,0014-04-21 15:55:00,14,4,21,15,55,750,104,"92, RUE DE RIVOLI",,,Plein jour,En agglomération,Hors intersection,Normale,Autre collision,,,,,,,,,,,1,2,1,1.0,6
201400057409,0014-04-21 17:50:00,14,4,21,17,50,750,104,"1, QUAI DE L HOTEL DE VI",,,Plein jour,En agglomération,Intersection en T,Normale,Deux véhicules - côté,,,,,,,,,,,1,2,3,1.0,3
201400057410,0014-04-23 10:45:00,14,4,23,10,45,750,115,"2, RUE LUCIEN BOSSOUTROT",,,Plein jour,En agglomération,Intersection en X,Normale,Autre collision,,,,,,,,,,,1,2,2,1.0,6
201400057411,0014-04-23 14:02:00,14,4,23,14,2,750,113,"100, RUE DU CHATEAU DES",,,Plein jour,En agglomération,Hors intersection,Normale,Autre collision,,,,,,,,,,,1,2,1,1.0,6
201400057412,0014-04-24 18:40:00,14,4,24,18,40,750,115,"35, BOULEVARD GARIBALDI",,,Plein jour,En agglomération,Intersection en T,Normale,Autre collision,,,,,,,,,,,1,2,3,1.0,6
201400057413,0014-04-26 03:05:00,14,4,26,3,5,750,117,PLACE DE VERDUN,,,Nuit avec éclairage allumé,En agglomération,Place,Normale,Deux véhicules - côté,,,,,,,,,,,5,2,7,1.0,3
201400057414,0014-04-27 06:00:00,14,4,27,6,0,750,115,"85, RUE DUTOT",,,Crépuscule ou aube,En agglomération,Hors intersection,Normale,Deux véhicules - arrière,,,,,,,,,,,2,2,1,1.0,2
201400057415,0014-04-28 09:40:00,14,4,28,9,40,750,116,ALLEE DE LONGCHAMP,,,Plein jour,En agglomération,Intersection en X,Temps couvert,Deux véhicules - côté,,,,,,,,,,,1,2,2,8.0,3
201400057416,0014-04-29 13:05:00,14,4,29,13,5,750,114,"5/7, AVENUE DU DOCTEUR L",,,Plein jour,En agglomération,Hors intersection,Normale,Deux véhicules - arrière,,,,,,,,,,,1,2,1,1.0,2
201400057417,0014-04-30 11:01:00,14,4,30,11,1,750,116,AVENUE FOCH,,,Plein jour,En agglomération,Intersection en X,Normale,Deux véhicules - côté,,,,,,,,,,,1,2,2,1.0,3
201400057418,0014-04-30 19:30:00,14,4,30,19,30,750,115,"41, RUE DESNOUETTES",,,Plein jour,En agglomération,Hors intersection,Normale,Deux véhicules - arrière,,,,,,,,,,,1,2,1,1.0,2
201400057419,0014-05-02 00:05:00,14,5,2,0,5,750,117,"19, BOULEVARD BESSIERES",,,Nuit avec éclairage allumé,En agglomération,Hors intersection,Pluie forte,Sans collision,,,,,,,,,,,5,2,1,3.0,7
201400057420,0014-05-02 00:01:00,14,5,2,0,1,750,120,"44, RUE SAINT BLAISE",,,Nuit avec éclairage allumé,En agglomération,Hors intersection,Pluie légère,Sans collision,,,,,,,,,,,5,2,1,2.0,7
201400057421,0014-05-04 01:44:00,14,5,4,1,44,750,111,"15, RUE DU CHEMIN VERT",,,Nuit avec éclairage allumé,En agglomération,Intersection à plus de 4 branches,Normale,Autre collision,,,,,,,,,,,5,2,5,1.0,6
201400057422,0014-05-05 05:30:00,14,5,5,5,30,750,104,QUAI DES CELESTINS,,,Nuit avec éclairage allumé,En agglomération,Hors intersection,Normale,Autre collision,,,,,,,,,,,5,2,1,1.0,6
201400057423,0014-05-08 00:01:00,14,5,8,0,1,750,117,BOULEVARD PERIPHERIQUE,,,Nuit avec éclairage allumé,Hors agglomération,Hors intersection,Normale,Deux véhicules - arrière,,,,,,,,,,,5,1,1,1.0,2
201400057424,0014-05-08 02:00:00,14,5,8,2,0,750,108,"34, AVENUE MONTAIGNE",,,Nuit avec éclairage allumé,En agglomération,Intersection en X,Normale,Autre collision,,,,,,,,,,,5,2,2,1.0,6
201400057425,0014-05-10 16:05:00,14,5,10,16,5,750,109,"04, PLACE DE CLICHY",,,Plein jour,En agglomération,Place,Pluie légère,Deux véhicules - côté,,,,,,,,,,,1,2,7,2.0,3
201400057426,0014-05-11 18:05:00,14,5,11,18,5,750,107,"0, TOUR EIFFEL",,,Plein jour,En agglomération,Hors intersection,Pluie légère,Autre collision,,,,,,,,,,,1,2,1,2.0,6
201400057427,0014-05-13 12:45:00,14,5,13,12,45,750,118,RUE CAULAINCOURT,,,Plein jour,En agglomération,Intersection en Y,Normale,Deux véhicules - côté,,,,,,,,,,,1,2,4,1.0,3
201400057428,0014-05-13 16:50:00,14,5,13,16,50,750,115,"15, RUE BARGUE",,,Plein jour,En agglomération,Intersection à plus de 4 branches,Normale,Autre collision,,,,,,,,,,,1,2,5,1.0,6
201400057429,0014-05-14 08:20:00,14,5,14,8,20,750,113,"83, BOULEVARD SAINT MARC",,,Plein jour,En agglomération,Hors intersection,Normale,Autre collision,,,,,,,,,,,1,2,1,1.0,6
201400057430,0014-05-15 12:49:00,14,5,15,12,49,750,111,BOULEVARD VOLTAIRE,,,Plein jour,En agglomération,Intersection en X,Normale,Deux véhicules - côté,,,,,,,,,,,1,2,2,1.0,3
201400057431,0014-05-15 16:49:00,14,5,15,16,49,750,116,AVENUE DU MAHATMA GANDHI,,,Plein jour,En agglomération,Hors intersection,Normale,Autre collision,,,,,,,,,,,1,2,1,1.0,6
201400057432,0014-05-15 21:00:00,14,5,15,21,0,750,114,BOULEVARD PERIPHERIQUE,,,Nuit avec éclairage allumé,En agglomération,Hors intersection,Normale,Autre collision,,,,,,,,,,,5,2,1,1.0,6
201400057433,0014-05-16 22:40:00,14,5,16,22,40,750,115,RUE DU THEATRE,,,Nuit avec éclairage allumé,En agglomération,Intersection en X,Normale,Deux véhicules - côté,,,,,,,,,,,5,2,2,1.0,3
201400057434,0014-05-17 21:15:00,14,5,17,21,15,750,110,"155, BOULEVARD DE LA VIL",,,Nuit avec éclairage allumé,En agglomération,Hors intersection,Normale,Autre collision,,,,,,,,,,,5,2,1,1.0,6
201400057435,0014-05-18 06:05:00,14,5,18,6,5,750,110,"84, BOULEVARD DE MAGENTA",,,Crépuscule ou aube,En agglomération,Intersection en T,Normale,Autre collision,,,,,,,,,,,2,2,3,1.0,6
201400057436,0014-05-18 06:15:00,14,5,18,6,15,750,118,"94, BOULEVARD BARBES",,,Crépuscule ou aube,En agglomération,Hors intersection,Normale,Autre collision,,,,,,,,,,,2,2,1,1.0,6
201400057437,0014-05-19 12:30:00,14,5,19,12,30,750,112,QUAI DE BERCY,,,Plein jour,En agglomération,Hors intersection,Normale,Deux véhicules - arrière,,,,,,,,,,,1,2,1,1.0,2
201400057438,0014-05-19 13:30:00,14,5,19,13,30,750,113,"64, RUE DE TOLBIAC",,,Plein jour,En agglomération,Intersection en X,Normale,Deux véhicules - frontale,,,,,,,,,,,1,2,2,1.0,1
201400057439,0014-05-20 17:30:00,14,5,20,17,30,750,113,"03, RUE PAULIN MERY",,,Plein jour,En agglomération,Hors intersection,Pluie forte,Autre collision,,,,,,,,,,,1,2,1,3.0,6
201400057440,0014-05-21 11:27:00,14,5,21,11,27,750,114,"face au 84, BOULEVARD AR",,,Plein jour,En agglomération,Intersection en T,Pluie forte,Deux véhicules - arrière,,,,,,,,,,,1,2,3,3.0,2
201400057441,0014-05-21 14:15:00,14,5,21,14,15,750,114,BOULEVARD PERIPHERIQUE I,,,Plein jour,En agglomération,Hors intersection,Normale,Trois véhicules et plus - en chaîne,,,,,,,,,,,1,2,1,1.0,4
201400057442,0014-05-21 21:30:00,14,5,21,21,30,750,106,"35, QUAI VOLTAIRE",,,Crépuscule ou aube,En agglomération,Intersection en T,Pluie légère,Deux véhicules - côté,,,,,,,,,,,2,2,3,2.0,3
201400057443,0014-05-22 00:20:00,14,5,22,0,20,750,108,"4, AVENUE DE FRIEDLAND",,,Nuit avec éclairage allumé,En agglomération,Intersection en T,Normale,Deux véhicules - côté,,,,,,,,,,,5,2,3,1.0,3
201400057444,0014-05-22 05:20:00,14,5,22,5,20,750,104,"40, QUAI DES CELESTINS",,,Nuit avec éclairage allumé,En agglomération,Hors intersection,Normale,Autre collision,,,,,,,,,,,5,2,1,1.0,6
201400057445,0014-05-22 22:38:00,14,5,22,22,38,750,108,AVENUE DE WAGRAM,,,Nuit avec éclairage allumé,En agglomération,Intersection en X,Normale,Deux véhicules - côté,,,,,,,,,,,5,2,2,1.0,3
201400057446,0014-05-25 07:02:00,14,5,25,7,2,750,107,QUAI D ORSAY,,,Plein jour,En agglomération,Intersection en X,Normale,Autre collision,,,,,,,,,,,1,2,2,1.0,6
201400057447,0014-05-25 20:05:00,14,5,25,20,5,750,107,BOULEVARD RASPAIL,,,Plein jour,En agglomération,Intersection à plus de 4 branches,Normale,Deux véhicules - côté,,,,,,,,,,,1,2,5,1.0,3
201400057448,0014-05-26 01:35:00,14,5,26,1,35,750,119,"67, AVENUE CORENTIN CARI",,,Nuit avec éclairage allumé,En agglomération,Hors intersection,Normale,Deux véhicules - arrière,,,,,,,,,,,5,2,1,1.0,2
201400057449,0014-05-28 09:40:00,14,5,28,9,40,750,112,AVENUE DAUMESNIL,,,Plein jour,En agglomération,Intersection en X,Pluie légère,Autre collision,,,,,,,,,,,1,2,2,2.0,6
201400057450,0014-05-28 21:05:00,14,5,28,21,5,750,117,"29, BOULEVARD PEREIRE",,,Crépuscule ou aube,En agglomération,Intersection en Y,Pluie forte,Deux véhicules - arrière,,,,,,,,,,,2,2,4,3.0,2
201400057451,0014-05-28 20:05:00,14,5,28,20,5,750,118,"62, RUE CUSTINE",,,Nuit avec éclairage allumé,En agglomération,Hors intersection,Normale,Trois véhicules et plus - collisions multiples,,,,,,,,,,,5,2,1,1.0,5
201400057452,0014-05-29 01:05:00,14,5,29,1,5,750,117,RUE BAYEN,,,Nuit avec éclairage allumé,En agglomération,Intersection à plus de 4 branches,Normale,Autre collision,,,,,,,,,,,5,2,5,1.0,6
201400057453,0014-05-29 02:30:00,14,5,29,2,30,750,103,"5bis, RUE FROISSART",,,Nuit avec éclairage allumé,En agglomération,Hors intersection,Normale,Autre collision,,,,,,,,,,,5,2,1,1.0,6
201400057454,0014-05-31 14:10:00,14,5,31,14,10,750,117,"146, AVENUE DE CLICHY",,,Plein jour,En agglomération,Intersection en T,Normale,Autre collision,,,,,,,,,,,1,2,3,1.0,6
201400057455,0014-06-01 16:40:00,14,6,1,16,40,750,117,AVENUE DE LA PORTE DE SA,,,Plein jour,En agglomération,Intersection en Y,Normale,Deux véhicules - côté,,,,,,,,,,,1,2,4,1.0,3
201400057456,0014-06-01 21:50:00,14,6,1,21,50,750,116,PLACE DE COLOMBIE,,,Crépuscule ou aube,En agglomération,Place,Normale,Deux véhicules - côté,,,,,,,,,,,2,2,7,1.0,3
201400057457,0014-06-02 21:25:00,14,6,2,21,25,750,104,BOULEVARD DU PALAIS,,,Nuit avec éclairage allumé,En agglomération,Intersection en X,Normale,Deux véhicules - côté,,,,,,,,,,,5,2,2,1.0,3
201400057458,0014-06-03 00:05:00,14,6,3,0,5,750,107,"65, QUAI BRANLY",,,Nuit avec éclairage allumé,En agglomération,Hors intersection,Normale,Autre collision,,,,,,,,,,,5,2,1,1.0,6
201400057459,0014-06-04 01:45:00,14,6,4,1,45,750,114,"165, AVENUE DU MAINE",,,Nuit avec éclairage allumé,En agglomération,Intersection en Y,Pluie légère,Deux véhicules - côté,,,,,,,,,,,5,2,4,2.0,3
201400057460,0014-06-04 06:59:00,14,6,4,6,59,750,119,"42, RUE D AUBERVILLIERS",,,Plein jour,En agglomération,Intersection en T,Pluie légère,Autre collision,,,,,,,,,,,1,2,3,2.0,6
201400057461,0014-06-04 09:45:00,14,6,4,9,45,750,108,VOIE GEORGES POMPIDOU,,,Plein jour,En agglomération,Hors intersection,Pluie légère,Trois véhicules et plus - en chaîne,,,,,,,,,,,1,2,1,2.0,4
201400057462,0014-06-06 09:25:00,14,6,6,9,25,750,105,BOULEVARD SAINT MICHEL,,,Plein jour,En agglomération,Hors intersection,Normale,Autre collision,,,,,,,,,,,1,2,1,1.0,6
201400057463,0014-06-06 11:55:00,14,6,6,11,55,750,109,"35, RUE DU FAUBOURG POIS",,,Plein jour,En agglomération,Hors intersection,Normale,Deux véhicules - côté,,,,,,,,,,,1,2,1,1.0,3
201400057464,0014-06-06 23:55:00,14,6,6,23,55,750,108,BOULEVARD DE LA MADELEIN,,,Nuit avec éclairage allumé,En agglomération,Place,Normale,Autre collision,,,,,,,,,,,5,2,7,1.0,6
201400057465,0014-06-07 04:00:00,14,6,7,4,0,750,114,"00, PLACE DU VINGT CINQ",,,Nuit avec éclairage allumé,En agglomération,Hors intersection,Normale,Autre collision,,,,,,,,,,,5,2,1,1.0,6
201400057466,0014-06-07 04:50:00,14,6,7,4,50,750,113,"51, BOULEVARD AUGUSTE BL",,,Nuit avec éclairage allumé,En agglomération,Hors intersection,Normale,Autre collision,,,,,,,,,,,5,2,1,1.0,6
201400057467,0014-06-07 14:15:00,14,6,7,14,15,750,117,"55, AVENUE DE SAINT OUEN",,,Plein jour,En agglomération,Intersection à plus de 4 branches,Normale,Autre collision,,,,,,,,,,,1,2,5,1.0,6
201400057468,0014-06-08 04:15:00,14,6,8,4,15,750,119,PLACE AUGUSTE BARON,,,Nuit avec éclairage allumé,En agglomération,Place,Pluie forte,Autre collision,,,,,,,,,,,5,2,7,3.0,6
201400057469,0014-06-07 22:10:00,14,6,7,22,10,750,112,PORTE DE VINCENNES,,,Plein jour,En agglomération,Intersection en Y,Normale,Autre collision,,,,,,,,,,,1,2,4,1.0,6
201400057470,0014-06-09 01:35:00,14,6,9,1,35,750,113,"12, AVENUE PIERRE MENDES",,,Nuit avec éclairage allumé,En agglomération,Hors intersection,Normale,Deux véhicules - arrière,,,,,,,,,,,5,2,1,1.0,2
201400057471,0014-06-11 00:40:00,14,6,11,0,40,750,118,"16-18, AVENUE DE CLICHY",,,Nuit avec éclairage allumé,En agglomération,Intersection en T,Normale,Trois véhicules et plus - collisions multiples,,,,,,,,,,,5,2,3,1.0,5
201400057472,0014-06-11 10:10:00,14,6,11,10,10,750,118,"109, RUE ORDENER",,,Plein jour,En agglomération,Hors intersection,Normale,Autre collision,,,,,,,,,,,1,2,1,1.0,6
201400057473,0014-06-11 13:40:00,14,6,11,13,40,750,118,"14, BOULEVARD BARBES",,,Plein jour,En agglomération,Hors intersection,Normale,Autre collision,,,,,,,,,,,1,2,1,1.0,6
201400057474,0014-06-11 15:25:00,14,6,11,15,25,750,117,"20, RUE TOULOUSE LAUTREC",,,Plein jour,En agglomération,Hors intersection,Normale,Autre collision,,,,,,,,,,,1,2,1,1.0,6
201400057475,0014-06-11 19:00:00,14,6,11,19,0,750,118,"84, BOULEVARD NEY",,,Plein jour,En agglomération,Hors intersection,Normale,Autre collision,,,,,,,,,,,1,2,1,1.0,6
201400057476,0014-06-13 09:25:00,14,6,13,9,25,750,115,"0, RUE DE VOUILLE",,,Plein jour,En agglomération,Intersection en X,Normale,Deux véhicules - frontale,,,,,,,,,,,1,2,2,1.0,1
201400057477,0014-06-15 01:50:00,14,6,15,1,50,750,117,BOULEVARD BERTHIER,,,Nuit avec éclairage allumé,En agglomération,Intersection à plus de 4 branches,Normale,Deux véhicules - frontale,,,,,,,,,,,5,2,5,1.0,1
201400057478,0014-06-16 15:30:00,14,6,16,15,30,750,111,AVENUE DE LA REPUBLIQUE,,,Plein jour,En agglomération,Intersection à plus de 4 branches,Normale,Deux véhicules - frontale,,,,,,,,,,,1,2,5,1.0,1
201400057479,0014-06-17 04:35:00,14,6,17,4,35,750,101,"228, RUE DE RIVOLI",,,Nuit avec éclairage allumé,En agglomération,Hors intersection,Normale,Autre collision,,,,,,,,,,,5,2,1,1.0,6
201400057480,0014-06-17 12:10:00,14,6,17,12,10,750,117,BOULEVARD PERIPHERIQUE E,,,Plein jour,En agglomération,Hors intersection,Normale,Trois véhicules et plus - en chaîne,,,,,,,,,,,1,2,1,1.0,4
201400057481,0014-06-17 14:20:00,14,6,17,14,20,750,116,PLACE DE LA PORTE MAILLO,,,Plein jour,En agglomération,Hors intersection,Normale,Autre collision,,,,,,,,,,,1,2,1,1.0,6
201400057482,0014-06-17 18:40:00,14,6,17,18,40,750,118,"92, BOULEVARD NEY",,,Plein jour,En agglomération,Hors intersection,Normale,Deux véhicules - arrière,,,,,,,,,,,1,2,1,1.0,2
201400057483,0014-06-18 08:10:00,14,6,18,8,10,750,112,RUE DE DIJON,,,Plein jour,En agglomération,Intersection en T,Normale,Autre collision,,,,,,,,,,,1,2,3,1.0,6
201400057484,0014-06-18 14:40:00,14,6,18,14,40,750,113,"0, RUE NATIONALE",,,Plein jour,En agglomération,Intersection en X,Normale,Autre collision,,,,,,,,,,,1,2,2,1.0,6
201400057485,0014-06-18 17:28:00,14,6,18,17,28,750,118,BOULEVARD PERIPHERIQUE I,,,Plein jour,En agglomération,Hors intersection,Normale,Sans collision,,,,,,,,,,,1,2,1,1.0,7
201400057486,0014-06-19 18:00:00,14,6,19,18,0,750,120,"108, COURS DE VINCENNES",,,Plein jour,En agglomération,Hors intersection,Normale,Autre collision,,,,,,,,,,,1,2,1,1.0,6
201400057487,0014-06-20 21:50:00,14,6,20,21,50,750,110,RUE DU FAUBOURG SAINT MA,,,Nuit avec éclairage allumé,En agglomération,Intersection en X,Normale,Autre collision,,,,,,,,,,,5,2,2,1.0,6
201400057488,0014-06-22 18:05:00,14,6,22,18,5,750,119,"171, BOULEVARD SERURIER",,,Plein jour,En agglomération,Hors intersection,Normale,Autre collision,,,,,,,,,,,1,2,1,1.0,6