accident_id,datetime,annee,mois,jour,heure,minute,departement,commune_insee,adresse,latitude,longitude,luminosite,agglomeration,intersection,meteo,collision,nb_vehicules,nb_usagers,nb_indemnes,nb_tues,nb_blesses_hosp,nb_blesses_legers,age_cond_1,age_cond_2,veh_type_cond_1,veh_type_cond_2,lum_code,agg_code,int_code,atm_code,col_code
201400057489,0014-06-23 03:45:00,14,6,23,3,45,750,112,AVENUE DE NOGENT,,,Nuit avec éclairage allumé,En agglomération,Hors intersection,Normale,Deux véhicules - arrière,,,,,,,,,,,5,2,1,1.0,2
201400057490,0014-06-23 12:25:00,14,6,23,12,25,750,120,AVENUE DE LA PORTE DE VI,,,Plein jour,En agglomération,Intersection en X,Normale,Deux véhicules - côté,,,,,,,,,,,1,2,2,1.0,3
201400057491,0014-06-23 19:05:00,14,6,23,19,5,750,114,"97, AVENUE DENFERT ROCHE",,,Plein jour,En agglomération,Place,Normale,Autre collision,,,,,,,,,,,1,2,7,1.0,6
201400057492,0014-06-24 10:25:00,14,6,24,10,25,750,106,"15, QUAI MALAQUAIS",,,Plein jour,En agglomération,Intersection en T,Normale,Deux véhicules - arrière,,,,,,,,,,,1,2,3,1.0,2
201400057493,0014-06-24 23:50:00,14,6,24,23,50,750,113,BOULEVARD PERIPHERIQUE,,,Nuit avec éclairage allumé,En agglomération,Hors intersection,Normale,Autre collision,,,,,,,,,,,5,2,1,1.0,6
201400057494,0014-06-25 01:30:00,14,6,25,1,30,750,114,"232, BOULEVARD RASPAIL",,,Nuit avec éclairage allumé,En agglomération,Intersection en T,Normale,Autre collision,,,,,,,,,,,5,2,3,1.0,6
201400057495,0014-06-25 19:29:00,14,6,25,19,29,750,113,BOULEVARD PERIPHERIQUE,,,Crépuscule ou aube,En agglomération,Hors intersection,Normale,Deux véhicules - arrière,,,,,,,,,,,2,2,1,1.0,2
201400057496,0014-06-27 02:10:00,14,6,27,2,10,750,119,PORTE DE LA VILLETTE,,,Nuit avec éclairage allumé,En agglomération,Intersection en Y,Normale,Deux véhicules - arrière,,,,,,,,,,,5,2,4,1.0,2
201400057497,0014-06-28 21:09:00,14,6,28,21,9,750,118,"29, RUE BELLIARD",,,Nuit avec éclairage allumé,En agglomération,Hors intersection,Pluie forte,Autre collision,,,,,,,,,,,5,2,1,3.0,6
201400057498,0014-06-29 23:30:00,14,6,29,23,30,750,119,"47, RUE ARMAND CARREL",,,Nuit avec éclairage allumé,En agglomération,Hors intersection,Normale,Autre collision,,,,,,,,,,,5,2,1,1.0,6
201400057499,0014-07-01 17:11:00,14,7,1,17,11,750,113,"127, BOULEVARD VINCENT A",,,Plein jour,En agglomération,Intersection à plus de 4 branches,Normale,Autre collision,,,,,,,,,,,1,2,5,1.0,6
201400057500,0014-07-01 21:50:00,14,7,1,21,50,750,104,QUAI DE GESVRES,,,Crépuscule ou aube,En agglomération,Intersection à plus de 4 branches,Normale,Autre collision,,,,,,,,,,,2,2,5,1.0,6
201400057501,0014-07-02 00:01:00,14,7,2,0,1,750,116,ALLEE DE LA REINE MARGUE,,,Nuit avec éclairage allumé,En agglomération,Hors intersection,Normale,Deux véhicules - côté,,,,,,,,,,,5,2,1,1.0,3
201400057502,0014-07-03 22:40:00,14,7,3,22,40,750,112,AVENUE DAUMESNIL,,,Nuit avec éclairage allumé,En agglomération,Intersection en X,Normale,Deux véhicules - arrière,,,,,,,,,,,5,2,2,1.0,2
201400057503,0014-07-04 00:45:00,14,7,4,0,45,750,112,AVENUE DU TREMBLAY,,,Nuit avec éclairage allumé,En agglomération,Intersection en Y,Normale,Autre collision,,,,,,,,,,,5,2,4,1.0,6
201400057504,0014-07-05 05:15:00,14,7,5,5,15,750,111,"95, AVENUE PHILIPPE AUGU",,,Nuit avec éclairage allumé,En agglomération,Intersection en X,Temps couvert,Autre collision,,,,,,,,,,,5,2,2,8.0,6
201400057505,0014-07-09 19:15:00,14,7,9,19,15,750,115,"54, RUE DE VOUILLE",,,Plein jour,En agglomération,Intersection en X,Pluie forte,Deux véhicules - côté,,,,,,,,,,,1,2,2,3.0,3
201400057506,0014-07-12 17:15:00,14,7,12,17,15,750,117,"1, AVENUE BRUNETIERE",,,Plein jour,En agglomération,Intersection en Y,Normale,Autre collision,,,,,,,,,,,1,2,4,1.0,6
201400057507,0014-07-19 01:57:00,14,7,19,1,57,750,110,"S-8412, RUE LA FAYETTE",,,Nuit avec éclairage allumé,En agglomération,Intersection en X,Normale,Deux véhicules - côté,,,,,,,,,,,5,2,2,1.0,3
201400057508,0014-07-20 14:08:00,14,7,20,14,8,750,116,PLACE DE BEYROUTH,,,Plein jour,En agglomération,Place,Normale,Deux véhicules - côté,,,,,,,,,,,1,2,7,1.0,3
201400057509,0014-07-20 16:25:00,14,7,20,16,25,750,106,"175, BOULEVARD SAINT GER",,,Plein jour,En agglomération,Intersection en X,Normale,Autre collision,,,,,,,,,,,1,2,2,1.0,6
201400057510,0014-07-20 17:50:00,14,7,20,17,50,750,118,BOULEVARD PERIPHERIQUE I,,,Plein jour,En agglomération,Hors intersection,Normale,Autre collision,,,,,,,,,,,1,2,1,1.0,6
201400057511,0014-07-21 16:50:00,14,7,21,16,50,750,117,"168 bis, RUE CARDINET",,,Plein jour,En agglomération,Intersection en T,Normale,Deux véhicules - côté,,,,,,,,,,,1,2,3,1.0,3
201400057512,0014-07-24 16:30:00,14,7,24,16,30,750,108,"95, AVENUE DES CHAMPS EL",,,Plein jour,En agglomération,Hors intersection,Normale,Deux véhicules - arrière,,,,,,,,,,,1,2,1,1.0,2
201400057513,0014-07-26 05:10:00,14,7,26,5,10,750,117,"104, BOULEVARD MALESHERB",,,Crépuscule ou aube,En agglomération,Hors intersection,Normale,Autre collision,,,,,,,,,,,2,2,1,1.0,6
201400057514,0014-07-29 12:10:00,14,7,29,12,10,750,104,RUE D ARCOLE,,,Plein jour,En agglomération,Intersection en X,Normale,Deux véhicules - côté,,,,,,,,,,,1,2,2,1.0,3
201400057515,0014-07-31 18:15:00,14,7,31,18,15,750,119,BOULEVARD PERIPHERIQUE,,,Plein jour,En agglomération,Hors intersection,Normale,Autre collision,,,,,,,,,,,1,2,1,1.0,6
201400057516,0014-08-01 15:43:00,14,8,1,15,43,750,114,"119, AVENUE DU GENERAL L",,,Plein jour,En agglomération,Hors intersection,Normale,Autre collision,,,,,,,,,,,1,2,1,1.0,6
201400057517,0014-08-02 16:20:00,14,8,2,16,20,750,116,"63, AVENUE MOZART",,,Plein jour,En agglomération,Intersection en X,Normale,Deux véhicules - côté,,,,,,,,,,,1,2,2,1.0,3
201400057518,0014-08-02 19:50:00,14,8,2,19,50,750,107,QUAI D ORSAY,,,Plein jour,En agglomération,Place,Normale,Deux véhicules - côté,,,,,,,,,,,1,2,7,1.0,3
201400057519,0014-08-03 18:35:00,14,8,3,18,35,750,115,"02-04, RUE LOUIS ARMAND",,,Plein jour,En agglomération,Hors intersection,Normale,Autre collision,,,,,,,,,,,1,2,1,1.0,6
201400057520,0014-08-04 22:35:00,14,8,4,22,35,750,116,ALLEE DE LONGCHAMP,,,Nuit avec éclairage allumé,En agglomération,Intersection en X,Normale,Deux véhicules - côté,,,,,,,,,,,5,2,2,1.0,3
201400057521,0014-08-05 12:48:00,14,8,5,12,48,750,112,RUE PARROT,,,Plein jour,En agglomération,Intersection en X,Normale,Autre collision,,,,,,,,,,,1,2,2,1.0,6
201400057522,0014-08-05 19:50:00,14,8,5,19,50,750,114,"13, RUE ALAIN",,,Plein jour,En agglomération,Hors intersection,Normale,Autre collision,,,,,,,,,,,1,2,1,1.0,6
201400057523,0014-08-07 17:45:00,14,8,7,17,45,750,112,BOULEVARD PERIPHERIQUE,,,Plein jour,En agglomération,Hors intersection,Normale,Deux véhicules - arrière,,,,,,,,,,,1,2,1,1.0,2
201400057524,0014-08-08 00:20:00,14,8,8,0,20,750,120,BOULEVARD PERIPHERIQUE I,,,Nuit avec éclairage allumé,En agglomération,Hors intersection,Normale,Autre collision,,,,,,,,,,,5,2,1,1.0,6
201400057525,0014-08-12 20:25:00,14,8,12,20,25,750,109,"2, BOULEVARD MONTMARTRE",,,Crépuscule ou aube,En agglomération,Hors intersection,Normale,Autre collision,,,,,,,,,,,2,2,1,1.0,6
201400057526,0014-08-13 03:15:00,14,8,13,3,15,750,120,AVENUE DE LA PORTE DE VI,,,Nuit avec éclairage allumé,En agglomération,Intersection en X,Normale,Autre collision,,,,,,,,,,,5,2,2,1.0,6
201400057527,0014-08-13 18:45:00,14,8,13,18,45,750,114,AVENUE ERNEST REYER,,,Plein jour,En agglomération,Hors intersection,Normale,Sans collision,,,,,,,,,,,1,2,1,1.0,7
201400057528,0014-08-16 16:20:00,14,8,16,16,20,750,118,"38, BOULEVARD DE ROCHECH",,,Plein jour,En agglomération,Giratoire,Normale,Autre collision,,,,,,,,,,,1,2,6,1.0,6
201400057529,0014-08-18 19:30:00,14,8,18,19,30,750,113,"28, BOULEVARD VINCENT AU",,,Plein jour,En agglomération,Hors intersection,Normale,Autre collision,,,,,,,,,,,1,2,1,1.0,6
201400057530,0014-08-23 06:30:00,14,8,23,6,30,750,113,BOULEVARD MASSENA,,,Crépuscule ou aube,En agglomération,Intersection en X,Normale,Deux véhicules - côté,,,,,,,,,,,2,2,2,1.0,3
201400057531,0014-08-24 04:20:00,14,8,24,4,20,750,113,QUAI DE LA GARE,,,Nuit avec éclairage allumé,En agglomération,Intersection en T,Normale,Deux véhicules - côté,,,,,,,,,,,5,2,3,1.0,3
201400057532,0014-08-26 07:54:00,14,8,26,7,54,750,119,BOULEVARD PERIPHERIQUE I,,,Plein jour,En agglomération,Hors intersection,Normale,Deux véhicules - arrière,,,,,,,,,,,1,2,1,1.0,2
201400057533,0014-08-26 14:12:00,14,8,26,14,12,750,102,"67, RUE REAUMUR",,,Plein jour,En agglomération,Hors intersection,Normale,Autre collision,,,,,,,,,,,1,2,1,1.0,6
201400057534,0014-08-27 02:25:00,14,8,27,2,25,750,120,BOULEVARD PERIPHERIQUE I,,,Nuit avec éclairage non allumé,En agglomération,Intersection en Y,Normale,Sans collision,,,,,,,,,,,4,2,4,1.0,7
201400057535,0014-08-27 09:45:00,14,8,27,9,45,750,115,"/, QUAI DE GRENELLE",,,Plein jour,En agglomération,Intersection en X,Normale,Autre collision,,,,,,,,,,,1,2,2,1.0,6
201400057536,0014-08-27 16:00:00,14,8,27,16,0,750,116,PORTE MAILLOT,,,Plein jour,En agglomération,Intersection en Y,Normale,Autre collision,,,,,,,,,,,1,2,4,1.0,6
201400057537,0014-08-28 08:10:00,14,8,28,8,10,750,105,"2, RUE LINNE",,,Plein jour,En agglomération,Intersection en X,Normale,Deux véhicules - côté,,,,,,,,,,,1,2,2,1.0,3
201400057538,0014-08-29 15:25:00,14,8,29,15,25,750,115,"37, AVENUE DE LOWENDAL",,,Plein jour,En agglomération,Intersection en X,Normale,Deux véhicules - arrière,,,,,,,,,,,1,2,2,1.0,2
201400057539,0014-08-30 13:55:00,14,8,30,13,55,750,108,"24, RUE DE VIENNE",,,Plein jour,En agglomération,Intersection en X,Normale,Autre collision,,,,,,,,,,,1,2,2,1.0,6
201400057540,0014-08-30 17:30:00,14,8,30,17,30,750,120,"15, RUE DU LIEUTENANT CH",,,Plein jour,En agglomération,Hors intersection,Normale,Autre collision,,,,,,,,,,,1,2,1,1.0,6
201400057541,0014-08-31 15:00:00,14,8,31,15,0,750,119,"68, RUE MANIN",,,Plein jour,En agglomération,Hors intersection,Normale,Autre collision,,,,,,,,,,,1,2,1,1.0,6
201400057542,0014-08-31 21:22:00,14,8,31,21,22,750,119,"/, PLACE SKANDERBEG",,,Nuit avec éclairage allumé,En agglomération,Place,Normale,Deux véhicules - côté,,,,,,,,,,,5,2,7,1.0,3
201400057543,0014-09-02 02:10:00,14,9,2,2,10,750,112,"56, RUE DU FAUBOURG SAIN",,,Nuit avec éclairage allumé,En agglomération,Intersection en T,Normale,Deux véhicules - frontale,,,,,,,,,,,5,2,3,1.0,1
201400057544,0014-09-03 17:11:00,14,9,3,17,11,750,116,BOULEVARD PERIPHERIQUE E,,,Plein jour,En agglomération,Hors intersection,Normale,Autre collision,,,,,,,,,,,1,2,1,1.0,6
201400057545,0014-09-04 05:45:00,14,9,4,5,45,750,112,BOULEVARD PERIPHERIQUE,,,Nuit avec éclairage allumé,En agglomération,Intersection en Y,Normale,Autre collision,,,,,,,,,,,5,2,4,1.0,6
201400057546,0014-09-04 12:25:00,14,9,4,12,25,750,112,"54, AVENUE DAUMESNIL",,,Plein jour,En agglomération,Hors intersection,Normale,Autre collision,,,,,,,,,,,1,2,1,1.0,6
201400057547,0014-09-04 15:00:00,14,9,4,15,0,750,115,RUE LECOURBE,,,Plein jour,En agglomération,Intersection en X,Normale,Autre collision,,,,,,,,,,,1,2,2,1.0,6
201400057548,0014-09-04 15:30:00,14,9,4,15,30,750,117,"167, BOULEVARD PEREIRE",,,Plein jour,En agglomération,Intersection à plus de 4 branches,Normale,Autre collision,,,,,,,,,,,1,2,5,1.0,6
201400057549,0014-09-07 18:30:00,14,9,7,18,30,750,107,BOULEVARD SAINT GERMAIN,,,Plein jour,En agglomération,Intersection en X,Normale,Deux véhicules - côté,,,,,,,,,,,1,2,2,1.0,3
201400057550,0014-09-09 00:25:00,14,9,9,0,25,750,105,"--, QUAI DE LA TOURNELLE",,,Nuit avec éclairage allumé,En agglomération,Intersection en X,Normale,Deux véhicules - côté,,,,,,,,,,,5,2,2,1.0,3
201400057551,0014-09-10 17:40:00,14,9,10,17,40,750,116,"56, AVENUE THEOPHILE GAU",,,Plein jour,En agglomération,Intersection en X,Normale,Deux véhicules - côté,,,,,,,,,,,1,2,2,1.0,3
201400057552,0014-09-10 22:40:00,14,9,10,22,40,750,108,VOIE GEORGES POMPIDOU,,,Nuit avec éclairage allumé,En agglomération,Hors intersection,Normale,Autre collision,,,,,,,,,,,5,2,1,1.0,6
201400057553,0014-09-11 02:00:00,14,9,11,2,0,750,114,BOULEVARD PERIPHERIQUE I,,,Nuit avec éclairage allumé,En agglomération,Hors intersection,Normale,Autre collision,,,,,,,,,,,5,2,1,1.0,6
201400057554,0014-09-12 00:05:00,14,9,12,0,5,750,107,"02, RUE MONTALEMBERT",,,Nuit avec éclairage allumé,En agglomération,Intersection en Y,Normale,Autre collision,,,,,,,,,,,5,2,4,1.0,6
201400057555,0014-09-12 06:45:00,14,9,12,6,45,750,118,"2, RUE ORDENER",,,Crépuscule ou aube,En agglomération,Intersection en X,Normale,Autre collision,,,,,,,,,,,2,2,2,1.0,6
201400057556,0014-09-12 16:40:00,14,9,12,16,40,750,119,"122, AVENUE DE FLANDRE",,,Plein jour,En agglomération,Intersection en X,Normale,Autre collision,,,,,,,,,,,1,2,2,1.0,6
201400057557,0014-09-13 02:40:00,14,9,13,2,40,750,112,AVENUE DE NOGENT   VINCE,,,Nuit avec éclairage allumé,En agglomération,Intersection à plus de 4 branches,Normale,Deux véhicules - côté,,,,,,,,,,,5,2,5,1.0,3
201400057558,0014-09-15 17:29:00,14,9,15,17,29,750,119,"202, AVENUE JEAN JAURES",,,Plein jour,En agglomération,Hors intersection,Normale,Autre collision,,,,,,,,,,,1,2,1,1.0,6
201400057559,0014-09-15 19:00:00,14,9,15,19,0,750,106,"147, BOULEVARD RASPAIL",,,Plein jour,En agglomération,Place,Normale,Autre collision,,,,,,,,,,,1,2,7,1.0,6
201400057560,0014-09-17 07:45:00,14,9,17,7,45,750,115,"119, RUE DE LA CROIX NIV",,,Plein jour,En agglomération,Hors intersection,Normale,Autre collision,,,,,,,,,,,1,2,1,1.0,6
201400057561,0014-09-17 15:10:00,14,9,17,15,10,750,108,"11, AVENUE MONTAIGNE",,,Plein jour,En agglomération,Place,Normale,Deux véhicules - arrière,,,,,,,,,,,1,2,7,1.0,2
201400057562,0014-09-18 23:40:00,14,9,18,23,40,750,117,"67, RUE LA CONDAMINE",,,Nuit avec éclairage allumé,En agglomération,Intersection en X,Normale,Deux véhicules - arrière,,,,,,,,,,,5,2,2,1.0,2
201400057563,0014-09-19 08:13:00,14,9,19,8,13,750,112,"19, RUE JULES CESAR",,,Plein jour,En agglomération,Intersection à plus de 4 branches,Normale,Autre collision,,,,,,,,,,,1,2,5,1.0,6
201400057564,0014-09-20 05:45:00,14,9,20,5,45,750,114,"130, AVENUE DU GENERAL L",,,Nuit avec éclairage allumé,En agglomération,Intersection en T,Normale,Deux véhicules - côté,,,,,,,,,,,5,2,3,1.0,3
201400057565,0014-09-21 18:45:00,14,9,21,18,45,750,120,"98, RUE DE MENILMONTANT",,,Plein jour,En agglomération,Hors intersection,Normale,Autre collision,,,,,,,,,,,1,2,1,1.0,6
201400057566,0014-09-22 14:00:00,14,9,22,14,0,750,119,"108, AVENUE DE FLANDRE",,,Plein jour,En agglomération,Hors intersection,Normale,Autre collision,,,,,,,,,,,1,2,1,1.0,6
201400057567,0014-09-23 01:05:00,14,9,23,1,5,750,110,"96, BOULEVARD DE MAGENTA",,,Nuit avec éclairage allumé,En agglomération,Hors intersection,Normale,Autre collision,,,,,,,,,,,5,2,1,1.0,6
201400057568,0014-09-23 15:55:00,14,9,23,15,55,750,119,"98, AVENUE SIMON BOLIVAR",,,Plein jour,En agglomération,Intersection en X,Normale,Deux véhicules - côté,,,,,,,,,,,1,2,2,1.0,3
201400057569,0014-09-23 20:00:00,14,9,23,20,0,750,112,PORTE DE CHARENTON,,,Nuit avec éclairage allumé,En agglomération,Hors intersection,Normale,Autre collision,,,,,,,,,,,5,2,1,1.0,6
201400057570,0014-09-24 00:05:00,14,9,24,0,5,750,116,"51, RUE MOLITOR",,,Nuit avec éclairage allumé,En agglomération,Intersection en X,Normale,Deux véhicules - côté,,,,,,,,,,,5,2,2,1.0,3
201400057571,0014-09-26 07:52:00,14,9,26,7,52,750,118,"4, BOULEVARD NEY",,,Plein jour,En agglomération,Hors intersection,Normale,Trois véhicules et plus - en chaîne,,,,,,,,,,,1,2,1,1.0,4
201400057572,0014-09-26 08:55:00,14,9,26,8,55,750,116,"1, PLACE DE LA PORTE MAI",,,Plein jour,En agglomération,Place,Normale,Deux véhicules - côté,,,,,,,,,,,1,2,7,1.0,3
201400057573,0014-09-27 02:30:00,14,9,27,2,30,750,110,"31, RUE BICHAT",,,Nuit avec éclairage allumé,En agglomération,Intersection en X,Brouillard / fumée,Deux véhicules - côté,,,,,,,,,,,5,2,2,5.0,3
201400057574,0014-09-30 15:10:00,14,9,30,15,10,750,116,PORTE DE SAINT CLOUD,,,Plein jour,En agglomération,Intersection en Y,Normale,Sans collision,,,,,,,,,,,1,2,4,1.0,7
201400057575,0014-10-01 03:46:00,14,10,1,3,46,750,115,"02-04, RUE DU COMMERCE",,,Nuit avec éclairage allumé,En agglomération,Hors intersection,Normale,Sans collision,,,,,,,,,,,5,2,1,1.0,7
201400057576,0014-10-02 03:00:00,14,10,2,3,0,750,119,AVENUE DE LA PORTE CHAUM,,,Nuit avec éclairage non allumé,En agglomération,Intersection en X,Normale,Autre collision,,,,,,,,,,,4,2,2,1.0,6
201400057577,0014-10-02 09:50:00,14,10,2,9,50,750,102,"45, AVENUE DE L OPERA",,,Plein jour,En agglomération,Hors intersection,Normale,Deux véhicules - côté,,,,,,,,,,,1,2,1,1.0,3
201400057578,0014-10-03 04:15:00,14,10,3,4,15,750,116,ALLEE DE LONGCHAMP,,,Nuit avec éclairage allumé,En agglomération,Intersection en X,Normale,Autre collision,,,,,,,,,,,5,2,2,1.0,6
201400057579,0014-10-03 07:26:00,14,10,3,7,26,750,116,"47, BOULEVARD SUCHET",,,Crépuscule ou aube,En agglomération,Intersection en X,Normale,Deux véhicules - côté,,,,,,,,,,,2,2,2,1.0,3
201400057580,0014-10-03 08:15:00,14,10,3,8,15,750,119,"124, RUE COMPANS",,,Plein jour,En agglomération,Hors intersection,Normale,Autre collision,,,,,,,,,,,1,2,1,1.0,6
201400057581,0014-10-05 06:36:00,14,10,5,6,36,750,112,BOULEVARD PONIATOWSKI,,,Crépuscule ou aube,En agglomération,Intersection à plus de 4 branches,Normale,Autre collision,,,,,,,,,,,2,2,5,1.0,6
201400057582,0014-10-05 19:30:00,14,10,5,19,30,750,102,"95, BOULEVARD DE SEBASTO",,,Nuit avec éclairage allumé,En agglomération,Hors intersection,Normale,Autre collision,,,,,,,,,,,5,2,1,1.0,6
201400057583,0014-10-06 21:00:00,14,10,6,21,0,750,110,"96, BOULEVARD DE MAGENTA",,,Nuit avec éclairage allumé,En agglomération,Hors intersection,Pluie forte,Autre collision,,,,,,,,,,,5,2,1,3.0,6
201400057584,0014-10-06 21:00:00,14,10,6,21,0,750,118,AVENUE DE LA PORTE DE CL,,,Nuit sans éclairage public,En agglomération,Intersection en Y,Pluie légère,Deux véhicules - côté,,,,,,,,,,,3,2,4,2.0,3
201400057585,0014-10-09 01:50:00,14,10,9,1,50,750,113,BOULEVARD PERIPHERIQUE,,,Nuit avec éclairage allumé,En agglomération,Hors intersection,Normale,Deux véhicules - arrière,,,,,,,,,,,5,2,1,1.0,2
201400057586,0014-10-10 04:30:00,14,10,10,4,30,750,116,ALLEE DE LONGCHAMP,,,Nuit avec éclairage allumé,En agglomération,Intersection en X,Normale,Deux véhicules - côté,,,,,,,,,,,5,2,2,1.0,3
201400057587,0014-10-11 07:08:00,14,10,11,7,8,750,118,"38, AVENUE DE LA PORTE D",,,Nuit avec éclairage allumé,En agglomération,Intersection en T,Pluie légère,Autre collision,,,,,,,,,,,5,2,3,2.0,6
201400057588,0014-10-11 21:10:00,14,10,11,21,10,750,114,RUE FROIDEVAUX,,,Nuit avec éclairage allumé,En agglomération,Intersection en X,Normale,Deux véhicules - côté,,,,,,,,,,,5,2,2,1.0,3
201400057589,0014-10-12 04:20:00,14,10,12,4,20,750,117,"6, BOULEVARD DU BOIS LE",,,Nuit avec éclairage allumé,En agglomération,Hors intersection,Normale,Deux véhicules - côté,,,,,,,,,,,5,2,1,1.0,3
201400057590,0014-10-14 12:20:00,14,10,14,12,20,750,112,PORTE DOREE,,,Plein jour,En agglomération,Hors intersection,Normale,Deux véhicules - côté,,,,,,,,,,,1,2,1,1.0,3
201400057591,0014-10-14 17:00:00,14,10,14,17,0,750,118,"33, RUE DE LA CHAPELLE",,,Plein jour,En agglomération,Intersection en T,Normale,Autre collision,,,,,,,,,,,1,2,3,1.0,6
201400057592,0014-10-14 19:50:00,14,10,14,19,50,750,108,"92, AVENUE DES CHAMPS EL",,,Nuit avec éclairage allumé,En agglomération,Intersection en X,Normale,Trois véhicules et plus - collisions multiples,,,,,,,,,,,5,2,2,1.0,5
201400057593,0014-10-18 02:15:00,14,10,18,2,15,750,112,AVENUE DE NOGENT,,,Nuit avec éclairage allumé,En agglomération,Hors intersection,Normale,Deux véhicules - côté,,,,,,,,,,,5,2,1,1.0,3
201400057594,0014-10-18 04:37:00,14,10,18,4,37,750,105,QUAI SAINT BERNARD,,,Nuit avec éclairage allumé,En agglomération,Intersection en X,Normale,Deux véhicules - frontale,,,,,,,,,,,5,2,2,1.0,1
201400057595,0014-10-20 19:10:00,14,10,20,19,10,750,105,"63, BOULEVARD SAINT MICH",,,Nuit avec éclairage allumé,En agglomération,Intersection en X,Normale,Autre collision,,,,,,,,,,,5,2,2,1.0,6
201400057596,0014-10-20 18:55:00,14,10,20,18,55,750,120,"108, COURS DE VINCENNES",,,Nuit avec éclairage allumé,En agglomération,Hors intersection,Normale,Autre collision,,,,,,,,,,,5,2,1,1.0,6
201400057597,0014-10-22 06:30:00,14,10,22,6,30,750,102,RUE DU QUATRE SEPTEMBRE,,,Plein jour,En agglomération,Intersection à plus de 4 branches,Normale,Deux véhicules - côté,,,,,,,,,,,1,2,5,1.0,3
201400057598,0014-10-26 00:42:00,14,10,26,0,42,750,110,BOULEVARD DE MAGENTA,,,Nuit avec éclairage allumé,En agglomération,Intersection en X,Normale,Trois véhicules et plus - en chaîne,,,,,,,,,,,5,2,2,1.0,4
201400057599,0014-10-27 17:35:00,14,10,27,17,35,750,112,BOULEVARD PERIPHERIQUE I,,,Nuit avec éclairage allumé,En agglomération,Hors intersection,Normale,Trois véhicules et plus - en chaîne,,,,,,,,,,,5,2,1,1.0,4
201400057600,0014-10-27 22:40:00,14,10,27,22,40,750,117,"17, RUE GUY MOQUET",,,Nuit avec éclairage allumé,En agglomération,Intersection en X,Normale,Autre collision,,,,,,,,,,,5,2,2,1.0,6
201400057601,0014-10-28 19:10:00,14,10,28,19,10,750,104,"08, RUE DE RIVOLI",,,Nuit avec éclairage allumé,En agglomération,Intersection en T,Normale,Autre collision,,,,,,,,,,,5,2,3,1.0,6
201400057602,0014-10-31 20:05:00,14,10,31,20,5,750,114,"161, AVENUE DU MAINE",,,Nuit avec éclairage allumé,En agglomération,Intersection en Y,Normale,Autre collision,,,,,,,,,,,5,2,4,1.0,6
201400057603,0014-11-02 03:35:00,14,11,2,3,35,750,117,"132, RUE DE COURCELLES",,,Nuit avec éclairage allumé,En agglomération,Intersection en X,Normale,Trois véhicules et plus - collisions multiples,,,,,,,,,,,5,2,2,1.0,5
201400057604,0014-11-04 08:55:00,14,11,4,8,55,750,116,"81, AVENUE KLEBER",,,Plein jour,En agglomération,Intersection à plus de 4 branches,Normale,Autre collision,,,,,,,,,,,1,2,5,1.0,6
201400057605,0014-11-05 07:19:00,14,11,5,7,19,750,107,"21, BOULEVARD DES INVALI",,,Nuit avec éclairage allumé,En agglomération,Intersection en Y,Normale,Deux véhicules - côté,,,,,,,,,,,5,2,4,1.0,3
201400057606,0014-11-05 18:05:00,14,11,5,18,5,750,113,"07, BOULEVARD DU GENERAL",,,Nuit avec éclairage allumé,En agglomération,Hors intersection,Normale,Autre collision,,,,,,,,,,,5,2,1,1.0,6
201400057607,0014-11-06 03:58:00,14,11,6,3,58,750,117,"26, AVENUE DES TERNES",,,Nuit avec éclairage allumé,En agglomération,Hors intersection,Normale,Autre collision,,,,,,,,,,,5,2,1,1.0,6
201400057608,0014-11-06 05:30:00,14,11,6,5,30,750,116,ALLEE DE LA REINE MARGUE,,,Crépuscule ou aube,En agglomération,Hors intersection,Normale,Autre collision,,,,,,,,,,,2,2,1,1.0,6
201400057609,0014-11-08 09:15:00,14,11,8,9,15,750,114,"19, AVENUE DE LA PORTE D",,,Plein jour,En agglomération,Intersection en T,Normale,Autre collision,,,,,,,,,,,1,2,3,1.0,6
201400057610,0014-11-10 17:30:00,14,11,10,17,30,750,115,"34, RUE BALARD",,,Nuit avec éclairage allumé,En agglomération,Hors intersection,Normale,Autre collision,,,,,,,,,,,5,2,1,1.0,6
201400057611,0014-11-14 20:10:00,14,11,14,20,10,750,111,"28, BOULEVARD VOLTAIRE",,,Nuit avec éclairage allumé,En agglomération,Intersection en X,Normale,Deux véhicules - frontale,,,,,,,,,,,5,2,2,1.0,1
201400057612,0014-11-14 23:42:00,14,11,14,23,42,750,120,BOULEVARD PERIPHERIQUE,,,Nuit avec éclairage allumé,En agglomération,Hors intersection,Normale,Deux véhicules - arrière,,,,,,,,,,,5,2,1,1.0,2
201400057613,0014-11-15 12:25:00,14,11,15,12,25,750,112,RUE PROUDHON,,,Plein jour,En agglomération,Hors intersection,Normale,Sans collision,,,,,,,,,,,1,2,1,1.0,7
201400057614,0014-11-19 10:13:00,14,11,19,10,13,750,117,"81, AVENUE DES TERNES",,,Plein jour,En agglomération,Hors intersection,Normale,Deux véhicules - côté,,,,,,,,,,,1,2,1,1.0,3
201400057615,0014-11-19 17:40:00,14,11,19,17,40,750,109,"16, RUE AUBER",,,Plein jour,En agglomération,Hors intersection,Normale,Autre collision,,,,,,,,,,,1,2,1,1.0,6
201400057616,0014-11-20 02:01:00,14,11,20,2,1,750,119,BOULEVARD PERIPHERIQUE I,,,Nuit avec éclairage allumé,En agglomération,Hors intersection,Normale,Deux véhicules - arrière,,,,,,,,,,,5,2,1,1.0,2