accident_id,datetime,annee,mois,jour,heure,minute,departement,commune_insee,adresse,latitude,longitude,luminosite,agglomeration,intersection,meteo,collision,nb_vehicules,nb_usagers,nb_indemnes,nb_tues,nb_blesses_hosp,nb_blesses_legers,age_cond_1,age_cond_2,veh_type_cond_1,veh_type_cond_2,lum_code,agg_code,int_code,atm_code,col_code
201400057617,0014-11-20 17:40:00,14,11,20,17,40,750,119,"10, AVENUE JEAN JAURES",,,Crépuscule ou aube,En agglomération,Intersection en X,Normale,Autre collision,,,,,,,,,,,2,2,2,1.0,6
201400057618,0014-11-21 08:30:00,14,11,21,8,30,750,118,BOULEVARD PERIPHERIQUE I,,,Plein jour,En agglomération,Intersection en Y,Normale,Autre collision,,,,,,,,,,,1,2,4,1.0,6
201400057619,0014-11-23 19:02:00,14,11,23,19,2,750,116,"46, AVENUE DU PRESIDENT",,,Nuit avec éclairage allumé,En agglomération,Hors intersection,Normale,Deux véhicules - côté,,,,,,,,,,,5,2,1,1.0,3
201400057620,0014-11-24 17:30:00,14,11,24,17,30,750,112,"17, RUE LOUIS BRAILLE",,,Nuit avec éclairage allumé,En agglomération,Intersection en X,Normale,Autre collision,,,,,,,,,,,5,2,2,1.0,6
201400057621,0014-11-25 08:45:00,14,11,25,8,45,750,117,"98, AVENUE DE CLICHY",,,Plein jour,En agglomération,Intersection en X,Normale,Deux véhicules - côté,,,,,,,,,,,1,2,2,1.0,3
201400057622,0014-11-27 00:27:00,14,11,27,0,27,750,114,BOULEVARD PERIPHERIQUE,,,Nuit avec éclairage allumé,En agglomération,Hors intersection,Normale,Autre collision,,,,,,,,,,,5,2,1,1.0,6
201400057623,0014-11-27 08:05:00,14,11,27,8,5,750,111,"101, BOULEVARD RICHARD L",,,Plein jour,En agglomération,Intersection en X,Normale,Deux véhicules - côté,,,,,,,,,,,1,2,2,1.0,3
201400057624,0014-11-28 07:25:00,14,11,28,7,25,750,102,RUE DAUNOU,,,Plein jour,En agglomération,Intersection en X,Normale,Deux véhicules - côté,,,,,,,,,,,1,2,2,1.0,3
201400057625,0014-11-28 13:35:00,14,11,28,13,35,750,120,"2, AVENUE LEON GAUMONT",,,Plein jour,En agglomération,Intersection en X,Normale,Autre collision,,,,,,,,,,,1,2,2,1.0,6
201400057626,0014-11-29 03:50:00,14,11,29,3,50,750,109,PLACE SAINT GEORGES,,,Nuit avec éclairage allumé,En agglomération,Place,Normale,Autre collision,,,,,,,,,,,5,2,7,1.0,6
201400057627,0014-11-29 21:37:00,14,11,29,21,37,750,102,"/, PLACE DE L OPERA",,,Nuit avec éclairage allumé,En agglomération,Place,Normale,Deux véhicules - côté,,,,,,,,,,,5,2,7,1.0,3
201400057628,0014-11-30 01:18:00,14,11,30,1,18,750,118,"/, BOULEVARD DE LA CHAPE",,,Nuit avec éclairage allumé,En agglomération,Intersection en X,Normale,Deux véhicules - côté,,,,,,,,,,,5,2,2,1.0,3
201400057629,0014-11-30 21:00:00,14,11,30,21,0,750,115,RUE GRAMME,,,Nuit avec éclairage allumé,En agglomération,Intersection en X,Normale,Deux véhicules - côté,,,,,,,,,,,5,2,2,1.0,3
201400057630,0014-12-03 15:05:00,14,12,3,15,5,750,118,"58, BOULEVARD DE LA CHAP",,,Plein jour,En agglomération,Intersection en X,Normale,Autre collision,,,,,,,,,,,1,2,2,1.0,6
201400057631,0014-12-03 22:00:00,14,12,3,22,0,750,118,RUE DE L EVANGILE,,,Nuit avec éclairage allumé,En agglomération,Intersection en T,Normale,Deux véhicules - côté,,,,,,,,,,,5,2,3,1.0,3
201400057632,0014-12-04 08:55:00,14,12,4,8,55,750,116,AVENUE EDOUARD VAILLANT,,,Plein jour,En agglomération,Intersection en X,Normale,Deux véhicules - côté,,,,,,,,,,,1,2,2,1.0,3
201400057633,0014-12-04 17:55:00,14,12,4,17,55,750,119,"45, RUE DE BELLEVILLE",,,Nuit avec éclairage allumé,En agglomération,Hors intersection,Normale,Deux véhicules - côté,,,,,,,,,,,5,2,1,1.0,3
201400057634,0014-12-06 06:30:00,14,12,6,6,30,750,118,BOULEVARD PERIPHERIQUE,,,Nuit avec éclairage allumé,En agglomération,Hors intersection,Normale,Autre collision,,,,,,,,,,,5,2,1,1.0,6
201400057635,0014-12-08 08:50:00,14,12,8,8,50,750,120,"1, AVENUE DU DOCTEUR GLE",,,Plein jour,En agglomération,Place,Normale,Deux véhicules - côté,,,,,,,,,,,1,2,7,1.0,3
201400057636,0014-12-09 18:30:00,14,12,9,18,30,750,114,BOULEVARD PERIPHERIQUE E,,,Nuit avec éclairage allumé,En agglomération,Hors intersection,Normale,Autre collision,,,,,,,,,,,5,2,1,1.0,6
201400057637,0014-12-10 13:30:00,14,12,10,13,30,750,116,AVENUE DU MAHATMA GANDHI,,,Plein jour,En agglomération,Intersection en X,Pluie légère,Deux véhicules - arrière,,,,,,,,,,,1,2,2,2.0,2
201400057638,0014-12-10 16:30:00,14,12,10,16,30,750,102,"19, BOULEVARD POISSONNIE",,,Nuit avec éclairage allumé,En agglomération,Hors intersection,Pluie légère,Autre collision,,,,,,,,,,,5,2,1,2.0,6
201400057639,0014-12-13 05:44:00,14,12,13,5,44,750,110,BOULEVARD DE MAGENTA,,,Nuit avec éclairage allumé,En agglomération,Intersection en Y,Pluie légère,Autre collision,,,,,,,,,,,5,2,4,2.0,6
201400057640,0014-12-17 17:50:00,14,12,17,17,50,750,116,"6 TER, BOULEVARD D AUTEU",,,Nuit avec éclairage allumé,En agglomération,Hors intersection,Normale,Autre collision,,,,,,,,,,,5,2,1,1.0,6
201400057641,0014-12-17 21:30:00,14,12,17,21,30,750,105,"50, BOULEVARD SAINT MARC",,,Nuit avec éclairage allumé,En agglomération,Intersection en X,Pluie légère,Deux véhicules - frontale,,,,,,,,,,,5,2,2,2.0,1
201400057642,0014-12-18 09:36:00,14,12,18,9,36,750,118,"53, RUE MARX DORMOY",,,Plein jour,En agglomération,Hors intersection,Pluie légère,Trois véhicules et plus - collisions multiples,,,,,,,,,,,1,2,1,2.0,5
201400057643,0014-12-18 14:00:00,14,12,18,14,0,750,115,"50, RUE DE VOUILLE",,,Plein jour,En agglomération,Hors intersection,Normale,Deux véhicules - côté,,,,,,,,,,,1,2,1,1.0,3
201400057644,0014-12-18 23:10:00,14,12,18,23,10,750,117,"11, BOULEVARD BERTHIER",,,Nuit avec éclairage allumé,En agglomération,Hors intersection,Normale,Deux véhicules - côté,,,,,,,,,,,5,2,1,1.0,3
201400057645,0014-12-19 14:05:00,14,12,19,14,5,750,115,"163, RUE DE LA CROIX NIV",,,Plein jour,En agglomération,Intersection en X,Pluie légère,Autre collision,,,,,,,,,,,1,2,2,2.0,6
201400057646,0014-12-19 21:15:00,14,12,19,21,15,750,112,ROUTE DE CEINTURE DU LAC,,,Nuit avec éclairage allumé,En agglomération,Hors intersection,Normale,Autre collision,,,,,,,,,,,5,2,1,1.0,6
201400057647,0014-12-19 22:00:00,14,12,19,22,0,750,119,BOULEVARD PERIPHERIQUE,,,Nuit avec éclairage allumé,En agglomération,Hors intersection,Normale,Deux véhicules - côté,,,,,,,,,,,5,2,1,1.0,3
201400057648,0014-12-20 12:30:00,14,12,20,12,30,750,116,"70, QUAI LOUIS BLERIOT",,,Plein jour,En agglomération,Hors intersection,Normale,Deux véhicules - arrière,,,,,,,,,,,1,2,1,1.0,2
201400057649,0014-12-21 02:59:00,14,12,21,2,59,750,114,"1, AVENUE PIERRE MASSE",,,Nuit avec éclairage allumé,En agglomération,Hors intersection,Normale,Autre collision,,,,,,,,,,,5,2,1,1.0,6
201400057650,0014-12-21 16:25:00,14,12,21,16,25,750,106,"23, BOULEVARD DU MONTPAR",,,Plein jour,En agglomération,Hors intersection,Normale,Autre collision,,,,,,,,,,,1,2,1,1.0,6
201400057651,0014-12-21 21:30:00,14,12,21,21,30,750,103,"13, PLACE DE LA REPUBLIQ",,,Nuit avec éclairage allumé,En agglomération,Place,Normale,Deux véhicules - frontale,,,,,,,,,,,5,2,7,1.0,1
201400057652,0014-12-23 21:40:00,14,12,23,21,40,750,120,PORTE DES LILAS,,,Nuit avec éclairage allumé,En agglomération,Hors intersection,Normale,Autre collision,,,,,,,,,,,5,2,1,1.0,6
201400057653,0014-12-24 22:00:00,14,12,24,22,0,750,117,"/, BOULEVARD DES BATIGNO",,,Nuit avec éclairage allumé,En agglomération,Intersection en X,Normale,Autre collision,,,,,,,,,,,5,2,2,1.0,6
201400057654,0014-12-26 15:33:00,14,12,26,15,33,750,107,"264, BOULEVARD SAINT GER",,,Plein jour,En agglomération,Hors intersection,Normale,Autre collision,,,,,,,,,,,1,2,1,1.0,6
201400057655,0014-12-27 21:25:00,14,12,27,21,25,750,112,"171, AVENUE DAUMESNIL",,,Nuit avec éclairage allumé,En agglomération,Intersection en T,Normale,Deux véhicules - arrière,,,,,,,,,,,5,2,3,1.0,2
201400057656,0014-12-28 00:52:00,14,12,28,0,52,750,120,"129, BOULEVARD DAVOUT",,,Nuit avec éclairage allumé,En agglomération,Hors intersection,Normale,Autre collision,,,,,,,,,,,5,2,1,1.0,6
201400057657,0014-12-28 15:24:00,14,12,28,15,24,750,112,BOULEVARD PONIATOWSKI,,,Plein jour,En agglomération,Intersection à plus de 4 branches,Normale,Deux véhicules - côté,,,,,,,,,,,1,2,5,1.0,3
201400057658,0014-12-29 05:35:00,14,12,29,5,35,750,105,"1, QUAI SAINT MICHEL",,,Nuit avec éclairage allumé,En agglomération,Intersection en X,Normale,Deux véhicules - côté,,,,,,,,,,,5,2,2,1.0,3
201400057659,0014-01-01 01:50:00,14,1,1,1,50,750,119,BOULEVARD PERIPHERIQUE I,,,Nuit avec éclairage allumé,En agglomération,Intersection en Y,Normale,Autre collision,,,,,,,,,,,5,2,4,1.0,6
201400057660,0014-01-01 06:10:00,14,1,1,6,10,750,117,PORTE DE CLICHY,,,Nuit avec éclairage allumé,En agglomération,Hors intersection,Normale,Autre collision,,,,,,,,,,,5,2,1,1.0,6
201400057661,0014-01-02 09:00:00,14,1,2,9,0,750,120,ECHANGEUR BAGNOLET,,,Plein jour,En agglomération,Hors intersection,Normale,Autre collision,,,,,,,,,,,1,2,1,1.0,6
201400057662,0014-01-02 17:40:00,14,1,2,17,40,750,117,PORTE DE SAINT OUEN,,,Nuit avec éclairage allumé,En agglomération,Hors intersection,Normale,Trois véhicules et plus - en chaîne,,,,,,,,,,,5,2,1,1.0,4
201400057663,0014-01-02 15:20:00,14,1,2,15,20,750,116,PORTE DE SAINT CLOUD,,,Plein jour,En agglomération,Hors intersection,Normale,Trois véhicules et plus - en chaîne,,,,,,,,,,,1,2,1,1.0,4
201400057664,0014-01-04 05:10:00,14,1,4,5,10,750,119,PORTE DE PANTIN,,,Nuit avec éclairage allumé,En agglomération,Hors intersection,Normale,Autre collision,,,,,,,,,,,5,2,1,1.0,6
201400057665,0014-01-04 16:50:00,14,1,4,16,50,750,120,PORTE DE BAGNOLET,,,Crépuscule ou aube,En agglomération,Intersection en Y,Normale,Autre collision,,,,,,,,,,,2,2,4,1.0,6
201400057666,0014-01-05 14:20:00,14,1,5,14,20,750,112,ECHANGEUR BERCY,,,Plein jour,En agglomération,Hors intersection,Normale,Trois véhicules et plus - en chaîne,,,,,,,,,,,1,2,1,1.0,4
201400057667,0014-01-05 19:50:00,14,1,5,19,50,750,114,PORTE DE CHATILLON,,,Nuit avec éclairage allumé,En agglomération,Intersection en Y,Normale,Sans collision,,,,,,,,,,,5,2,4,1.0,7
201400057668,0014-01-06 06:40:00,14,1,6,6,40,750,113,PORTE D IVRY,,,Nuit avec éclairage allumé,En agglomération,Intersection en Y,Normale,Trois véhicules et plus - en chaîne,,,,,,,,,,,5,2,4,1.0,4
201400057669,0014-01-06 07:35:00,14,1,6,7,35,750,115,PORTE DE LA PLAINE,,,Nuit avec éclairage allumé,En agglomération,Hors intersection,Normale,Deux véhicules - côté,,,,,,,,,,,5,2,1,1.0,3
201400057670,0014-01-06 13:00:00,14,1,6,13,0,750,119,PORTE DES LILAS,,,Plein jour,En agglomération,Hors intersection,Normale,Autre collision,,,,,,,,,,,1,2,1,1.0,6
201400057671,0014-01-07 08:25:00,14,1,7,8,25,750,117,PORTE DE CHAMPERRET,,,Plein jour,En agglomération,Intersection en Y,Normale,Autre collision,,,,,,,,,,,1,2,4,1.0,6
201400057672,0014-01-07 16:55:00,14,1,7,16,55,750,120,PORTE DE BAGNOLET,,,Plein jour,En agglomération,Hors intersection,Normale,Deux véhicules - arrière,,,,,,,,,,,1,2,1,1.0,2
201400057673,0014-01-07 18:35:00,14,1,7,18,35,750,112,ECHANGEUR BERCY,,,Nuit avec éclairage allumé,En agglomération,Hors intersection,Normale,Deux véhicules - arrière,,,,,,,,,,,5,2,1,1.0,2
201400057674,0014-01-08 00:01:00,14,1,8,0,1,750,112,ECHANGEUR BERCY,,,Nuit avec éclairage allumé,En agglomération,Hors intersection,Normale,Deux véhicules - côté,,,,,,,,,,,5,2,1,1.0,3
201400057675,0014-01-08 11:20:00,14,1,8,11,20,750,113,QUAI D IVRY,,,Plein jour,En agglomération,Hors intersection,Normale,Trois véhicules et plus - en chaîne,,,,,,,,,,,1,2,1,1.0,4
201400057676,0014-01-08 14:15:00,14,1,8,14,15,750,112,PORTE DE CHARENTON,,,Plein jour,En agglomération,Hors intersection,Normale,Trois véhicules et plus - en chaîne,,,,,,,,,,,1,2,1,1.0,4
201400057677,0014-01-08 14:40:00,14,1,8,14,40,750,113,QUAI D IVRY,,,Plein jour,En agglomération,Hors intersection,Normale,Deux véhicules - côté,,,,,,,,,,,1,2,1,1.0,3
201400057678,0014-01-10 15:35:00,14,1,10,15,35,750,115,PORTE DE SEVRES,,,Plein jour,En agglomération,Hors intersection,Normale,Trois véhicules et plus - en chaîne,,,,,,,,,,,1,2,1,1.0,4
201400057679,0014-01-14 08:00:00,14,1,14,8,0,750,113,PORTE D ITALIE,,,Crépuscule ou aube,En agglomération,Hors intersection,Pluie légère,Sans collision,,,,,,,,,,,2,2,1,2.0,7
201400057680,0014-01-14 10:00:00,14,1,14,10,0,750,119,PORTE DE LA VILLETTE,,,Plein jour,En agglomération,Hors intersection,Pluie légère,Deux véhicules - arrière,,,,,,,,,,,1,2,1,2.0,2
201400057681,0014-01-14 09:05:00,14,1,14,9,5,750,119,PORTE D AUBERVILLIERS,,,Plein jour,En agglomération,Hors intersection,Normale,Deux véhicules - arrière,,,,,,,,,,,1,2,1,1.0,2
201400057682,0014-01-15 08:30:00,14,1,15,8,30,750,112,PORTE DE CHARENTON,,,Plein jour,En agglomération,Hors intersection,Pluie légère,Sans collision,,,,,,,,,,,1,2,1,2.0,7
201400057683,0014-01-16 10:00:00,14,1,16,10,0,750,119,PORTE DES LILAS,,,Plein jour,En agglomération,Hors intersection,Pluie légère,Deux véhicules - côté,,,,,,,,,,,1,2,1,2.0,3
201400057684,0014-01-17 08:50:00,14,1,17,8,50,750,115,PORTE BRANCION,,,Plein jour,En agglomération,Hors intersection,Normale,Deux véhicules - arrière,,,,,,,,,,,1,2,1,1.0,2
201400057685,0014-01-17 11:55:00,14,1,17,11,55,750,120,PORTE DE BAGNOLET,,,Plein jour,En agglomération,Hors intersection,Normale,Deux véhicules - arrière,,,,,,,,,,,1,2,1,1.0,2
201400057686,0014-01-18 19:15:00,14,1,18,19,15,750,114,PORTE D ORLEANS,,,Nuit avec éclairage allumé,En agglomération,Hors intersection,Normale,Deux véhicules - côté,,,,,,,,,,,5,2,1,1.0,3
201400057687,0014-01-20 12:40:00,14,1,20,12,40,750,114,PORTE DE CHATILLON,,,Plein jour,En agglomération,Hors intersection,Pluie légère,Trois véhicules et plus - en chaîne,,,,,,,,,,,1,2,1,2.0,4
201400057688,0014-01-21 17:25:00,14,1,21,17,25,750,118,PORTE DE SAINT OUEN,,,Nuit avec éclairage allumé,En agglomération,Hors intersection,Normale,Autre collision,,,,,,,,,,,5,2,1,1.0,6
201400057689,0014-01-22 12:50:00,14,1,22,12,50,750,116,PORTE D AUTEUIL,,,Nuit avec éclairage allumé,En agglomération,Hors intersection,Normale,Autre collision,,,,,,,,,,,5,2,1,1.0,6
201400057690,0014-01-23 15:40:00,14,1,23,15,40,750,120,PORTE DES LILAS,,,Plein jour,En agglomération,Hors intersection,Pluie légère,Autre collision,,,,,,,,,,,1,2,1,2.0,6
201400057691,0014-01-24 09:00:00,14,1,24,9,0,750,113,QUAI D IVRY,,,Plein jour,En agglomération,Hors intersection,Normale,Deux véhicules - côté,,,,,,,,,,,1,2,1,1.0,3
201400057692,0014-01-24 23:10:00,14,1,24,23,10,750,120,PORTE DE BAGNOLET,,,Nuit avec éclairage allumé,En agglomération,Hors intersection,Normale,Deux véhicules - arrière,,,,,,,,,,,5,2,1,1.0,2
201400057693,0014-01-25 12:45:00,14,1,25,12,45,750,120,PORTE DE BAGNOLET,,,Plein jour,En agglomération,Hors intersection,Normale,Autre collision,,,,,,,,,,,1,2,1,1.0,6
201400057694,0014-01-26 01:15:00,14,1,26,1,15,750,113,PORTE D ITALIE,,,Nuit avec éclairage allumé,En agglomération,Hors intersection,Normale,Deux véhicules - arrière,,,,,,,,,,,5,2,1,1.0,2
201400057695,0014-01-26 18:30:00,14,1,26,18,30,750,112,PORTE DE CHARENTON,,,Nuit avec éclairage allumé,En agglomération,Hors intersection,Pluie légère,Trois véhicules et plus - en chaîne,,,,,,,,,,,5,2,1,2.0,4
201400057696,0014-01-28 17:15:00,14,1,28,17,15,750,117,PORTE D ASNIERES,,,Nuit avec éclairage allumé,En agglomération,Hors intersection,Normale,Deux véhicules - arrière,,,,,,,,,,,5,2,1,1.0,2
201400057697,0014-01-28 18:00:00,14,1,28,18,0,750,113,PORTE D IVRY,,,Nuit avec éclairage allumé,En agglomération,Hors intersection,Normale,Deux véhicules - côté,,,,,,,,,,,5,2,1,1.0,3
201400057698,0014-01-28 22:15:00,14,1,28,22,15,750,112,PORTE DE CHARENTON,,,Nuit avec éclairage allumé,En agglomération,Hors intersection,Pluie légère,Autre collision,,,,,,,,,,,5,2,1,2.0,6
201400057699,0014-01-29 09:15:00,14,1,29,9,15,750,116,PORTE DE SAINT CLOUD,,,Plein jour,En agglomération,Intersection en Y,Pluie légère,Deux véhicules - arrière,,,,,,,,,,,1,2,4,2.0,2
201400057700,0014-01-30 10:00:00,14,1,30,10,0,750,113,PORTE D ITALIE,,,Plein jour,En agglomération,Hors intersection,Normale,Autre collision,,,,,,,,,,,1,2,1,1.0,6
201400057701,0014-01-30 17:00:00,14,1,30,17,0,750,120,PORTE DE BAGNOLET,,,Crépuscule ou aube,En agglomération,Hors intersection,Normale,Deux véhicules - arrière,,,,,,,,,,,2,2,1,1.0,2
201400057702,0014-01-31 09:20:00,14,1,31,9,20,750,115,PORTE BRANCION,,,Plein jour,En agglomération,Hors intersection,Normale,Deux véhicules - arrière,,,,,,,,,,,1,2,1,1.0,2
201400057703,0014-02-01 13:15:00,14,2,1,13,15,750,120,PORTE DE BAGNOLET,,,Plein jour,En agglomération,Hors intersection,Normale,Autre collision,,,,,,,,,,,1,2,1,1.0,6
201400057704,0014-02-01 21:25:00,14,2,1,21,25,750,120,PORTE DE MONTREUIL,,,Nuit avec éclairage allumé,En agglomération,Hors intersection,Normale,Trois véhicules et plus - en chaîne,,,,,,,,,,,5,2,1,1.0,4
201400057705,0014-02-02 07:00:00,14,2,2,7,0,750,113,PORTE D IVRY,,,Nuit avec éclairage allumé,En agglomération,Hors intersection,Normale,Autre collision,,,,,,,,,,,5,2,1,1.0,6
201400057706,0014-02-03 06:10:00,14,2,3,6,10,750,113,PORTE D IVRY,,,Crépuscule ou aube,En agglomération,Hors intersection,Normale,Trois véhicules et plus - en chaîne,,,,,,,,,,,2,2,1,1.0,4
201400057707,0014-02-03 08:50:00,14,2,3,8,50,750,117,PORTE D ASNIERES,,,Plein jour,En agglomération,Hors intersection,Normale,Deux véhicules - arrière,,,,,,,,,,,1,2,1,1.0,2
201400057708,0014-02-04 10:40:00,14,2,4,10,40,750,119,PORTE D AUBERVILLIERS,,,Plein jour,En agglomération,Hors intersection,Normale,Deux véhicules - arrière,,,,,,,,,,,1,2,1,1.0,2
201400057709,0014-02-04 12:50:00,14,2,4,12,50,750,117,PORTE DE CHAMPERRET,,,Plein jour,En agglomération,Hors intersection,Normale,Autre collision,,,,,,,,,,,1,2,1,1.0,6
201400057710,0014-02-05 07:30:00,14,2,5,7,30,750,120,PORTE DE MONTREUIL,,,Plein jour,En agglomération,Hors intersection,Normale,Deux véhicules - côté,,,,,,,,,,,1,2,1,1.0,3
201400057711,0014-02-05 07:45:00,14,2,5,7,45,750,113,PORTE D IVRY,,,Plein jour,En agglomération,Hors intersection,Normale,Sans collision,,,,,,,,,,,1,2,1,1.0,7
201400057712,0014-02-05 12:15:00,14,2,5,12,15,750,113,PORTE D IVRY,,,Plein jour,En agglomération,Intersection en Y,Normale,Sans collision,,,,,,,,,,,1,2,4,1.0,7
201400057713,0014-02-05 18:10:00,14,2,5,18,10,750,120,PORTE DE BAGNOLET,,,Nuit avec éclairage allumé,En agglomération,Hors intersection,Normale,Trois véhicules et plus - en chaîne,,,,,,,,,,,5,2,1,1.0,4
201400057714,0014-02-05 19:50:00,14,2,5,19,50,750,118,PORTE DE LA CHAPELLE,,,Nuit avec éclairage allumé,En agglomération,Hors intersection,Normale,Deux véhicules - arrière,,,,,,,,,,,5,2,1,1.0,2
201400057715,0014-02-06 18:00:00,14,2,6,18,0,750,113,PORTE D IVRY,,,Crépuscule ou aube,En agglomération,Hors intersection,Normale,Autre collision,,,,,,,,,,,2,2,1,1.0,6
201400057716,0014-02-06 19:20:00,14,2,6,19,20,750,116,PORTE D AUTEUIL,,,Nuit avec éclairage allumé,En agglomération,Intersection en Y,Normale,Deux véhicules - côté,,,,,,,,,,,5,2,4,1.0,3
201400057717,0014-02-08 10:25:00,14,2,8,10,25,750,114,PORTE D ORLEANS,,,Plein jour,En agglomération,Hors intersection,Normale,Trois véhicules et plus - en chaîne,,,,,,,,,,,1,2,1,1.0,4
201400057718,0014-02-08 19:20:00,14,2,8,19,20,750,112,PORTE DE CHARENTON,,,Nuit avec éclairage allumé,En agglomération,Hors intersection,Normale,Deux véhicules - arrière,,,,,,,,,,,5,2,1,1.0,2
201400057719,0014-02-10 06:30:00,14,2,10,6,30,750,117,PORTE MAILLOT,,,Nuit avec éclairage allumé,En agglomération,Hors intersection,Normale,Deux véhicules - arrière,,,,,,,,,,,5,2,1,1.0,2
201400057720,0014-02-11 08:55:00,14,2,11,8,55,750,119,PORTE DE LA VILLETTE,,,Plein jour,En agglomération,Hors intersection,Normale,Deux véhicules - arrière,,,,,,,,,,,1,2,1,1.0,2
201400057721,0014-02-11 14:50:00,14,2,11,14,50,750,120,PORTE DE VINCENNES,,,Plein jour,En agglomération,Intersection en Y,Normale,Deux véhicules - arrière,,,,,,,,,,,1,2,4,1.0,2
201400057722,0014-02-12 09:15:00,14,2,12,9,15,750,113,PORTE D ITALIE,,,Plein jour,En agglomération,Hors intersection,Normale,Trois véhicules et plus - en chaîne,,,,,,,,,,,1,2,1,1.0,4
201400057723,0014-02-13 00:31:00,14,2,13,0,31,750,117,PORTE DE SAINT OUEN,,,Nuit avec éclairage allumé,En agglomération,Hors intersection,Normale,Deux véhicules - côté,,,,,,,,,,,5,2,1,1.0,3
201400057724,0014-02-13 01:15:00,14,2,13,1,15,750,120,ECHANGEUR BAGNOLET,,,Nuit avec éclairage non allumé,En agglomération,Hors intersection,Normale,Sans collision,,,,,,,,,,,4,2,1,1.0,7
201400057725,0014-02-13 13:25:00,14,2,13,13,25,750,113,BOULEVARD PERIPHERIQUE,,,Plein jour,En agglomération,Hors intersection,Normale,Deux véhicules - côté,,,,,,,,,,,1,2,1,1.0,3
201400057726,0014-02-13 13:33:00,14,2,13,13,33,750,119,PORTE DE LA VILLETTE,,,Plein jour,En agglomération,Hors intersection,Pluie forte,Trois véhicules et plus - en chaîne,,,,,,,,,,,1,2,1,3.0,4
201400057727,0014-02-14 08:30:00,14,2,14,8,30,750,114,PORTE D ORLEANS,,,Plein jour,En agglomération,Hors intersection,Pluie légère,Deux véhicules - arrière,,,,,,,,,,,1,2,1,2.0,2
201400057728,0014-02-14 12:35:00,14,2,14,12,35,750,118,PORTE DE CLIGNANCOURT,,,Plein jour,En agglomération,Hors intersection,Pluie légère,Deux véhicules - arrière,,,,,,,,,,,1,2,1,2.0,2
201400057729,0014-02-14 16:20:00,14,2,14,16,20,750,115,PORTE BRANCION,,,Plein jour,En agglomération,Hors intersection,Normale,Sans collision,,,,,,,,,,,1,2,1,1.0,7
201400057730,0014-02-16 13:30:00,14,2,16,13,30,750,113,PORTE D IVRY,,,Plein jour,En agglomération,Hors intersection,Normale,Deux véhicules - arrière,,,,,,,,,,,1,2,1,1.0,2
201400057731,0014-02-18 12:45:00,14,2,18,12,45,750,118,PORTE DE CLIGNANCOURT,,,Plein jour,En agglomération,Intersection en Y,Normale,Trois véhicules et plus - en chaîne,,,,,,,,,,,1,2,4,1.0,4
201400057732,0014-02-19 08:45:00,14,2,19,8,45,750,120,ECHANGEUR BAGNOLET,,,Plein jour,En agglomération,Hors intersection,Pluie légère,Autre collision,,,,,,,,,,,1,2,1,2.0,6
201400057733,0014-02-19 23:05:00,14,2,19,23,5,750,115,ECHANGEUR ISSY,,,Nuit avec éclairage allumé,En agglomération,Intersection en Y,Normale,Trois véhicules et plus - collisions multiples,,,,,,,,,,,5,2,4,1.0,5
201400057734,0014-02-20 17:10:00,14,2,20,17,10,750,112,ECHANGEUR BERCY,,,Plein jour,En agglomération,Hors intersection,Pluie légère,Deux véhicules - côté,,,,,,,,,,,1,2,1,2.0,3
201400057735,0014-02-20 20:50:00,14,2,20,20,50,750,117,PORTE DE CHAMPERRET,,,Nuit avec éclairage allumé,En agglomération,Intersection en Y,Pluie légère,Autre collision,,,,,,,,,,,5,2,4,2.0,6
201400057736,0014-02-21 17:45:00,14,2,21,17,45,750,115,PORTE BRANCION,,,Crépuscule ou aube,En agglomération,Hors intersection,Normale,Trois véhicules et plus - en chaîne,,,,,,,,,,,2,2,1,1.0,4
201400057737,0014-02-21 23:30:00,14,2,21,23,30,750,112,BOULEVARD PERIPHERIQUE E,,,Nuit avec éclairage allumé,En agglomération,Hors intersection,Normale,Deux véhicules - côté,,,,,,,,,,,5,2,1,1.0,3
201400057738,0014-02-23 13:20:00,14,2,23,13,20,750,116,ECHANGEUR MUETTE,,,Plein jour,En agglomération,Hors intersection,Normale,Deux véhicules - arrière,,,,,,,,,,,1,2,1,1.0,2
201400057739,0014-02-24 16:50:00,14,2,24,16,50,750,120,PORTE DES LILAS,,,Plein jour,En agglomération,Intersection en Y,Normale,Deux véhicules - côté,,,,,,,,,,,1,2,4,1.0,3
201400057740,0014-02-25 09:25:00,14,2,25,9,25,750,120,PORTE DES LILAS,,,Plein jour,En agglomération,Hors intersection,Normale,Autre collision,,,,,,,,,,,1,2,1,1.0,6
201400057741,0014-02-25 12:40:00,14,2,25,12,40,750,113,PORTE D ITALIE,,,Plein jour,En agglomération,Hors intersection,Normale,Trois véhicules et plus - en chaîne,,,,,,,,,,,1,2,1,1.0,4
201400057742,0014-02-26 10:00:00,14,2,26,10,0,750,113,PORTE D ITALIE,,,Plein jour,En agglomération,Hors intersection,Normale,Trois véhicules et plus - en chaîne,,,,,,,,,,,1,2,1,1.0,4
201400057743,0014-02-27 08:45:00,14,2,27,8,45,750,120,PORTE DE BAGNOLET,,,Plein jour,En agglomération,Hors intersection,Pluie légère,Sans collision,,,,,,,,,,,1,2,1,2.0,7
201400057744,0014-02-27 10:45:00,14,2,27,10,45,750,116,ECHANGEUR MUETTE,,,Plein jour,En agglomération,Hors intersection,Pluie légère,Deux véhicules - arrière,,,,,,,,,,,1,2,1,2.0,2