accident_id,datetime,annee,mois,jour,heure,minute,departement,commune_insee,adresse,latitude,longitude,luminosite,agglomeration,intersection,meteo,collision,nb_vehicules,nb_usagers,nb_indemnes,nb_tues,nb_blesses_hosp,nb_blesses_legers,age_cond_1,age_cond_2,veh_type_cond_1,veh_type_cond_2,lum_code,agg_code,int_code,atm_code,col_code
201400058140,0014-11-25 17:40:00,14,11,25,17,40,750,119,PORTE DE PANTIN,,,Nuit avec éclairage allumé,En agglomération,Hors intersection,Normale,Trois véhicules et plus - en chaîne,,,,,,,,,,,5,2,1,1.0,4
201400058141,0014-11-26 00:01:00,14,11,26,0,1,750,113,BOULEVARD PERIPHERIQUE E,,,Nuit avec éclairage allumé,En agglomération,Hors intersection,Pluie légère,Sans collision,,,,,,,,,,,5,2,1,2.0,7
201400058142,0014-11-26 08:45:00,14,11,26,8,45,750,114,PORTE DE CHATILLON,,,Plein jour,En agglomération,Hors intersection,Temps couvert,Deux véhicules - arrière,,,,,,,,,,,1,2,1,8.0,2
201400058143,0014-11-26 18:35:00,14,11,26,18,35,750,114,ECHANGEUR ORLEANS,,,Nuit avec éclairage allumé,En agglomération,Hors intersection,Normale,Deux véhicules - arrière,,,,,,,,,,,5,2,1,1.0,2
201400058144,0014-11-27 16:55:00,14,11,27,16,55,750,116,ECHANGEUR MUETTE,,,Nuit avec éclairage allumé,En agglomération,Hors intersection,Normale,Deux véhicules - arrière,,,,,,,,,,,5,2,1,1.0,2
201400058145,0014-11-28 12:50:00,14,11,28,12,50,750,118,PORTE DE LA CHAPELLE,,,Plein jour,En agglomération,Hors intersection,Normale,Sans collision,,,,,,,,,,,1,2,1,1.0,7
201400058146,0014-11-28 15:10:00,14,11,28,15,10,750,117,PORTE DE CLICHY,,,Plein jour,En agglomération,Hors intersection,Normale,Deux véhicules - arrière,,,,,,,,,,,1,2,1,1.0,2
201400058147,0014-11-29 16:30:00,14,11,29,16,30,750,120,ECHANGEUR BAGNOLET,,,Plein jour,En agglomération,Hors intersection,Normale,Sans collision,,,,,,,,,,,1,2,1,1.0,7
201400058148,0014-11-30 02:35:00,14,11,30,2,35,750,119,PORTE DE PANTIN,,,Nuit avec éclairage allumé,En agglomération,Hors intersection,Normale,Sans collision,,,,,,,,,,,5,2,1,1.0,7
201400058149,0014-11-30 10:30:00,14,11,30,10,30,750,116,PORTE DE SAINT CLOUD,,,Plein jour,En agglomération,Intersection en Y,Normale,Deux véhicules - arrière,,,,,,,,,,,1,2,4,1.0,2
201400058150,0014-11-30 20:55:00,14,11,30,20,55,750,112,ECHANGEUR BERCY,,,Nuit avec éclairage allumé,En agglomération,Hors intersection,Pluie légère,Trois véhicules et plus - collisions multiples,,,,,,,,,,,5,2,1,2.0,5
201400058151,0014-11-30 21:20:00,14,11,30,21,20,750,113,PORTE D IVRY,,,Nuit avec éclairage allumé,En agglomération,Hors intersection,Normale,Deux véhicules - côté,,,,,,,,,,,5,2,1,1.0,3
201400058152,0014-12-03 16:25:00,14,12,3,16,25,750,116,ECHANGEUR MUETTE,,,Plein jour,En agglomération,Hors intersection,Normale,Deux véhicules - arrière,,,,,,,,,,,1,2,1,1.0,2
201400058153,0014-12-04 14:50:00,14,12,4,14,50,750,116,PORTE DE SAINT CLOUD,,,Plein jour,En agglomération,Hors intersection,Normale,Deux véhicules - côté,,,,,,,,,,,1,2,1,1.0,3
201400058154,0014-12-05 18:25:00,14,12,5,18,25,750,116,SOUTERRAIN DAUPHINE,,,Nuit avec éclairage allumé,En agglomération,Hors intersection,Normale,Deux véhicules - côté,,,,,,,,,,,5,2,1,1.0,3
201400058155,0014-12-06 18:45:00,14,12,6,18,45,750,116,PORTE D AUTEUIL,,,Nuit avec éclairage allumé,En agglomération,Hors intersection,Normale,Deux véhicules - côté,,,,,,,,,,,5,2,1,1.0,3
201400058156,0014-12-07 18:30:00,14,12,7,18,30,750,116,PORTE MAILLOT,,,Nuit avec éclairage allumé,En agglomération,Hors intersection,Pluie légère,Trois véhicules et plus - en chaîne,,,,,,,,,,,5,2,1,2.0,4
201400058157,0014-12-07 21:00:00,14,12,7,21,0,750,120,PORTE DE BAGNOLET,,,Nuit avec éclairage allumé,En agglomération,Intersection en Y,Pluie légère,Trois véhicules et plus - en chaîne,,,,,,,,,,,5,2,4,2.0,4
201400058158,0014-12-08 18:40:00,14,12,8,18,40,750,119,PORTE D AUBERVILLIERS,,,Nuit avec éclairage allumé,En agglomération,Hors intersection,Normale,Deux véhicules - côté,,,,,,,,,,,5,2,1,1.0,3
201400058159,0014-12-09 07:25:00,14,12,9,7,25,750,116,PORTE DAUPHINE,,,Nuit avec éclairage allumé,En agglomération,Hors intersection,Normale,Sans collision,,,,,,,,,,,5,2,1,1.0,7
201400058160,0014-12-10 18:50:00,14,12,10,18,50,750,114,PORTE D ORLEANS,,,Crépuscule ou aube,En agglomération,Hors intersection,Pluie légère,Deux véhicules - arrière,,,,,,,,,,,2,2,1,2.0,2
201400058161,0014-12-10 20:15:00,14,12,10,20,15,750,113,ECHANGEUR BERCY,,,Nuit avec éclairage allumé,En agglomération,Hors intersection,Normale,Deux véhicules - côté,,,,,,,,,,,5,2,1,1.0,3
201400058162,0014-12-12 10:30:00,14,12,12,10,30,750,120,PORTE DE BAGNOLET,,,Plein jour,En agglomération,Hors intersection,Pluie légère,Deux véhicules - côté,,,,,,,,,,,1,2,1,2.0,3
201400058163,0014-12-13 08:00:00,14,12,13,8,0,750,117,ECHANGEUR MAILLOT,,,Nuit avec éclairage allumé,En agglomération,Hors intersection,Normale,Autre collision,,,,,,,,,,,5,2,1,1.0,6
201400058164,0014-12-13 12:10:00,14,12,13,12,10,750,117,PORTE DE SAINT OUEN,,,Plein jour,En agglomération,Intersection en Y,Pluie légère,Trois véhicules et plus - en chaîne,,,,,,,,,,,1,2,4,2.0,4
201400058165,0014-12-15 06:50:00,14,12,15,6,50,750,114,PORTE D ORLEANS,,,Nuit avec éclairage allumé,En agglomération,Hors intersection,Normale,Deux véhicules - côté,,,,,,,,,,,5,2,1,1.0,3
201400058166,0014-12-15 07:40:00,14,12,15,7,40,750,120,PORTE DE MONTREUIL,,,Nuit avec éclairage allumé,En agglomération,Hors intersection,Pluie légère,Trois véhicules et plus - en chaîne,,,,,,,,,,,5,2,1,2.0,4
201400058167,0014-12-15 09:40:00,14,12,15,9,40,750,118,PORTE DE LA CHAPELLE,,,Plein jour,En agglomération,Hors intersection,Pluie légère,Sans collision,,,,,,,,,,,1,2,1,2.0,7
201400058168,0014-12-15 13:30:00,14,12,15,13,30,750,120,PORTE DE MONTREUIL,,,Plein jour,En agglomération,Hors intersection,Normale,Deux véhicules - arrière,,,,,,,,,,,1,2,1,1.0,2
201400058169,0014-12-15 14:50:00,14,12,15,14,50,750,119,PORTE DE LA VILLETTE,,,Plein jour,En agglomération,Hors intersection,Pluie légère,Sans collision,,,,,,,,,,,1,2,1,2.0,7
201400058170,0014-12-16 17:15:00,14,12,16,17,15,750,117,PORTE D ASNIERES,,,Nuit avec éclairage allumé,En agglomération,Hors intersection,Normale,Deux véhicules - côté,,,,,,,,,,,5,2,1,1.0,3
201400058171,0014-12-17 00:05:00,14,12,17,0,5,750,112,ECHANGEUR BERCY,,,Nuit avec éclairage allumé,En agglomération,Hors intersection,Normale,Autre collision,,,,,,,,,,,5,2,1,1.0,6
201400058172,0014-12-17 10:40:00,14,12,17,10,40,750,112,ECHANGEUR BERCY,,,Plein jour,En agglomération,Hors intersection,Pluie légère,Deux véhicules - côté,,,,,,,,,,,1,2,1,2.0,3
201400058173,0014-12-17 09:25:00,14,12,17,9,25,750,114,PORTE DE GENTILLY,,,Plein jour,En agglomération,Hors intersection,Pluie légère,Trois véhicules et plus - en chaîne,,,,,,,,,,,1,2,1,2.0,4
201400058174,0014-12-16 18:30:00,14,12,16,18,30,750,113,PORTE D IVRY,,,Nuit avec éclairage allumé,En agglomération,Hors intersection,Pluie légère,Deux véhicules - arrière,,,,,,,,,,,5,2,1,2.0,2
201400058175,0014-12-17 15:00:00,14,12,17,15,0,750,116,PORTE DE SAINT CLOUD,,,Plein jour,En agglomération,Hors intersection,Pluie légère,Deux véhicules - côté,,,,,,,,,,,1,2,1,2.0,3
201400058176,0014-12-18 06:20:00,14,12,18,6,20,750,115,PORTE BRANCION,,,Nuit avec éclairage allumé,En agglomération,Hors intersection,Normale,Trois véhicules et plus - en chaîne,,,,,,,,,,,5,2,1,1.0,4
201400058177,0014-12-19 00:10:00,14,12,19,0,10,750,116,PORTE DE SAINT CLOUD,,,Nuit avec éclairage allumé,En agglomération,Hors intersection,Normale,Autre collision,,,,,,,,,,,5,2,1,1.0,6
201400058178,0014-12-19 08:51:00,14,12,19,8,51,750,120,PORTE DES LILAS,,,Plein jour,En agglomération,Hors intersection,Normale,Deux véhicules - côté,,,,,,,,,,,1,2,1,1.0,3
201400058179,0014-12-19 16:30:00,14,12,19,16,30,750,119,PORTE DE LA VILLETTE,,,Crépuscule ou aube,En agglomération,Hors intersection,Temps couvert,Deux véhicules - arrière,,,,,,,,,,,2,2,1,8.0,2
201400058180,0014-12-20 14:45:00,14,12,20,14,45,750,114,PORTE BRANCION,,,Plein jour,En agglomération,Hors intersection,Normale,Trois véhicules et plus - en chaîne,,,,,,,,,,,1,2,1,1.0,4
201400058181,0014-12-20 20:10:00,14,12,20,20,10,750,116,PORTE DAUPHINE,,,Nuit avec éclairage allumé,En agglomération,Hors intersection,Normale,Trois véhicules et plus - en chaîne,,,,,,,,,,,5,2,1,1.0,4
201400058182,0014-12-22 01:55:00,14,12,22,1,55,750,117,PORTE DE CHAMPERRET,,,Nuit avec éclairage allumé,En agglomération,Hors intersection,Normale,Autre collision,,,,,,,,,,,5,2,1,1.0,6
201400058183,0014-12-22 07:50:00,14,12,22,7,50,750,112,ECHANGEUR BERCY,,,Plein jour,En agglomération,Intersection en Y,Normale,Deux véhicules - côté,,,,,,,,,,,1,2,4,1.0,3
201400058184,0014-12-22 16:55:00,14,12,22,16,55,750,113,QUAI D IVRY,,,Nuit avec éclairage allumé,En agglomération,Hors intersection,Normale,Deux véhicules - arrière,,,,,,,,,,,5,2,1,1.0,2
201400058185,0014-12-27 00:55:00,14,12,27,0,55,750,120,ECHANGEUR BAGNOLET,,,Nuit avec éclairage allumé,En agglomération,Hors intersection,Pluie forte,Autre collision,,,,,,,,,,,5,2,1,3.0,6
201400058186,0014-12-27 19:00:00,14,12,27,19,0,750,118,PORTE DE CLIGNANCOURT,,,Nuit sans éclairage public,En agglomération,Hors intersection,Pluie légère,Trois véhicules et plus - en chaîne,,,,,,,,,,,3,2,1,2.0,4
201400058187,0014-12-28 19:25:00,14,12,28,19,25,750,113,PORTE D IVRY,,,Nuit avec éclairage allumé,En agglomération,Hors intersection,Normale,Trois véhicules et plus - en chaîne,,,,,,,,,,,5,2,1,1.0,4
201400058188,0014-12-29 15:03:00,14,12,29,15,3,750,119,PORTE DE LA VILLETTE,,,Plein jour,En agglomération,Hors intersection,Normale,Autre collision,,,,,,,,,,,1,2,1,1.0,6
201400058189,0014-12-29 14:25:00,14,12,29,14,25,750,112,PORTE DOREE,,,Plein jour,En agglomération,Hors intersection,Normale,Deux véhicules - côté,,,,,,,,,,,1,2,1,1.0,3
201400058190,0014-12-30 10:50:00,14,12,30,10,50,750,116,ECHANGEUR MUETTE,,,Plein jour,En agglomération,Hors intersection,Normale,Autre collision,,,,,,,,,,,1,2,1,1.0,6
201400058191,0014-12-31 16:10:00,14,12,31,16,10,750,119,PORTE DE PANTIN,,,Plein jour,En agglomération,Hors intersection,Normale,Deux véhicules - côté,,,,,,,,,,,1,2,1,1.0,3
201400058192,0014-01-10 16:00:00,14,1,10,16,0,972,29,RN2 anse collat,,,Plein jour,En agglomération,Hors intersection,Normale,Autre collision,,,,,,,,,,,1,2,1,1.0,6
201400058193,0014-02-08 15:30:00,14,2,8,15,30,972,5,,,,Plein jour,Hors agglomération,Hors intersection,Normale,Deux véhicules - frontale,,,,,,,,,,,1,1,1,1.0,1
201400058194,0014-03-15 09:00:00,14,3,15,9,0,972,29,,,,Plein jour,Hors agglomération,Hors intersection,Normale,Deux véhicules - côté,,,,,,,,,,,1,1,1,1.0,3
201400058195,0014-03-19 21:30:00,14,3,19,21,30,972,29,quartier Anse Madame,,,Nuit sans éclairage public,En agglomération,Hors intersection,Normale,Sans collision,,,,,,,,,,,3,2,1,1.0,7
201400058196,0014-03-21 08:30:00,14,3,21,8,30,972,34,RN2 BOURG BELLEFONTAINE,,,Plein jour,En agglomération,Hors intersection,Normale,Deux véhicules - côté,,,,,,,,,,,1,2,1,1.0,3
201400058197,0014-03-21 10:15:00,14,3,21,10,15,972,29,Fond Bernier  - RN 2,,,Plein jour,En agglomération,Intersection en Y,Normale,Deux véhicules - frontale,,,,,,,,,,,1,2,4,1.0,1
201400058198,0014-05-05 06:45:00,14,5,5,6,45,972,5,RN2 choiseul,,,Plein jour,En agglomération,Hors intersection,Normale,Deux véhicules - arrière,,,,,,,,,,,1,2,1,1.0,2
201400058199,0014-07-27 22:15:00,14,7,27,22,15,972,29,RN 2 - Anse Gouraud,,,Nuit avec éclairage allumé,En agglomération,Hors intersection,Normale,Autre collision,,,,,,,,,,,5,2,1,1.0,6
201400058200,0014-08-20 04:15:00,14,8,20,4,15,972,29,bD DU 25 JUIN 1935 - d54,,,Nuit avec éclairage allumé,En agglomération,Hors intersection,Normale,Sans collision,,,,,,,,,,,5,2,1,1.0,7
201400058201,0014-09-06 19:45:00,14,9,6,19,45,972,29,route de l'universit?,,,Nuit avec éclairage allumé,En agglomération,Hors intersection,Normale,Deux véhicules - frontale,,,,,,,,,,,5,2,1,1.0,1
201400058202,0014-10-04 01:00:00,14,10,4,1,0,972,5,route nationale,,,Nuit avec éclairage allumé,En agglomération,Intersection en X,Normale,Deux véhicules - côté,,,,,,,,,,,5,2,2,1.0,3
201400058203,0014-11-03 17:15:00,14,11,3,17,15,972,5,,,,Plein jour,Hors agglomération,Hors intersection,Normale,Deux véhicules - frontale,,,,,,,,,,,1,1,1,1.0,1
201400058204,0014-01-26 13:00:00,14,1,26,13,0,972,24,chemin kevin jeanne rose,,,Plein jour,En agglomération,Hors intersection,Normale,Deux véhicules - frontale,,,,,,,,,,,1,2,1,1.0,1
201400058205,0014-02-15 15:45:00,14,2,15,15,45,972,24,RN4 Face espace Cartesia,,,Plein jour,En agglomération,Hors intersection,Normale,Autre collision,,,,,,,,,,,1,2,1,1.0,6
201400058206,0014-03-04 07:45:00,14,3,4,7,45,972,24,quartier Choisy,,,Plein jour,En agglomération,Hors intersection,Normale,Deux véhicules - frontale,,,,,,,,,,,1,2,1,1.0,1
201400058207,0014-04-11 18:30:00,14,4,11,18,30,972,24,,,,Nuit avec éclairage allumé,Hors agglomération,Hors intersection,Normale,Deux véhicules - frontale,,,,,,,,,,,5,1,1,1.0,1
201400058208,0014-11-15 14:45:00,14,11,15,14,45,972,24,,,,Plein jour,Hors agglomération,Hors intersection,Normale,Sans collision,,,,,,,,,,,1,1,1,1.0,7
201400058209,0014-11-30 05:00:00,14,11,30,5,0,972,24,780 VOIE COMMUNALE GOURO,,,Nuit avec éclairage allumé,En agglomération,Hors intersection,Normale,Autre collision,,,,,,,,,,,5,2,1,1.0,6
201400058210,0014-12-19 18:15:00,14,12,19,18,15,972,24,,,,Nuit sans éclairage public,Hors agglomération,Hors intersection,Pluie légère,Deux véhicules - frontale,,,,,,,,,,,3,1,1,2.0,1
201400058211,0014-01-01 00:30:00,14,1,1,0,30,972,19,,,,Nuit avec éclairage allumé,Hors agglomération,Hors intersection,Pluie forte,Sans collision,,,,,,,,,,,5,1,1,3.0,7
201400058212,0014-01-17 07:00:00,14,1,17,7,0,972,18,,,,Plein jour,Hors agglomération,Hors intersection,Normale,Sans collision,,,,,,,,,,,1,1,1,1.0,7
201400058213,0014-04-16 17:15:00,14,4,16,17,15,972,4,,,,Plein jour,Hors agglomération,Hors intersection,Normale,Autre collision,,,,,,,,,,,1,1,1,1.0,6
201400058214,0014-05-26 23:30:00,14,5,26,23,30,972,18,,,,Nuit avec éclairage allumé,Hors agglomération,Hors intersection,Pluie légère,Autre collision,,,,,,,,,,,5,1,1,2.0,6
201400058215,0014-07-04 07:45:00,14,7,4,7,45,972,33,,,,Plein jour,Hors agglomération,Hors intersection,Temps éblouissant,Sans collision,,,,,,,,,,,1,1,1,7.0,7
201400058216,0014-07-18 14:45:00,14,7,18,14,45,972,18,,,,Plein jour,Hors agglomération,Hors intersection,Normale,Autre collision,,,,,,,,,,,1,1,1,1.0,6
201400058217,0014-12-27 10:15:00,14,12,27,10,15,972,4,avenue G?n?ral de Gaulle,,,Plein jour,En agglomération,Hors intersection,Normale,Autre collision,,,,,,,,,,,1,2,1,1.0,6
201400058218,0014-01-04 06:00:00,14,1,4,6,0,972,10,,,,Crépuscule ou aube,Hors agglomération,Hors intersection,Normale,Deux véhicules - frontale,,,,,,,,,,,2,1,1,1.0,1
201400058219,0014-02-19 16:45:00,14,2,19,16,45,972,10,Lotissement COTONNERIE,,,Plein jour,En agglomération,Hors intersection,Normale,Sans collision,,,,,,,,,,,1,2,1,1.0,7
201400058220,0014-03-25 17:45:00,14,3,25,17,45,972,10,,,,Plein jour,Hors agglomération,Hors intersection,Normale,Deux véhicules - côté,,,,,,,,,,,1,1,1,1.0,3
201400058221,0014-04-05 16:00:00,14,4,5,16,0,972,32,quartier ravine plate,,,Plein jour,En agglomération,Hors intersection,Normale,Deux véhicules - frontale,,,,,,,,,,,1,2,1,1.0,1
201400058222,0014-05-27 15:15:00,14,5,27,15,15,972,32,MORNE CARRIERE,,,Plein jour,En agglomération,Hors intersection,Normale,Deux véhicules - côté,,,,,,,,,,,1,2,1,1.0,3
201400058223,0014-06-07 12:30:00,14,6,7,12,30,972,10,RUE HOMERE CLEMENT,,,Plein jour,En agglomération,Hors intersection,Pluie légère,Autre collision,,,,,,,,,,,1,2,1,2.0,6
201400058224,0014-07-15 09:45:00,14,7,15,9,45,972,10,,,,Plein jour,Hors agglomération,Hors intersection,Temps éblouissant,Deux véhicules - frontale,,,,,,,,,,,1,1,1,7.0,1
201400058225,0014-07-30 12:15:00,14,7,30,12,15,972,10,RN2006,,,Plein jour,En agglomération,Hors intersection,Normale,Deux véhicules - côté,,,,,,,,,,,1,2,1,1.0,3
201400058226,0014-11-04 14:00:00,14,11,4,14,0,972,10,,,,Plein jour,Hors agglomération,Hors intersection,Normale,Trois véhicules et plus - collisions multiples,,,,,,,,,,,1,1,1,1.0,5
201400058227,0014-11-14 22:45:00,14,11,14,22,45,972,10,,,,Nuit avec éclairage allumé,En agglomération,Hors intersection,Pluie légère,Autre collision,,,,,,,,,,,5,2,1,2.0,6
201400058228,0014-02-04 07:45:00,14,2,4,7,45,972,7,,,,Plein jour,Hors agglomération,Hors intersection,Normale,Deux véhicules - côté,,,,,,,,,,,1,1,1,1.0,3
201400058229,0014-03-24 06:30:00,14,3,24,6,30,972,7,morne vert,,,Plein jour,En agglomération,Hors intersection,Temps éblouissant,Autre collision,,,,,,,,,,,1,2,1,7.0,6
201400058230,0014-05-18 11:45:00,14,5,18,11,45,972,7,,,,Plein jour,Hors agglomération,Hors intersection,Normale,Deux véhicules - côté,,,,,,,,,,,1,1,1,1.0,3
201400058231,0014-12-13 23:15:00,14,12,13,23,15,972,7,morne vert,,,Nuit sans éclairage public,En agglomération,Hors intersection,Normale,Sans collision,,,,,,,,,,,3,2,1,1.0,7
201400058232,0014-06-12 21:30:00,14,6,12,21,30,972,20,,,,Nuit avec éclairage allumé,Hors agglomération,Hors intersection,Normale,Sans collision,,,,,,,,,,,5,1,1,1.0,7
201400058233,0014-09-19 17:45:00,14,9,19,17,45,972,26,,,,Crépuscule ou aube,Hors agglomération,Hors intersection,Normale,Deux véhicules - frontale,,,,,,,,,,,2,1,1,1.0,1
201400058234,0014-12-08 11:45:00,14,12,8,11,45,972,17,,,,Plein jour,Hors agglomération,Hors intersection,Normale,Deux véhicules - frontale,,,,,,,,,,,1,1,1,1.0,1
201400058235,0014-09-05 09:00:00,14,9,5,9,0,972,21,D7a quartier m?decin,,,Plein jour,En agglomération,Hors intersection,Normale,Deux véhicules - frontale,,,,,,,,,,,1,2,1,1.0,1
201400058236,0014-01-27 07:45:00,14,1,27,7,45,972,30,,,,Plein jour,Hors agglomération,Hors intersection,Normale,Trois véhicules et plus - collisions multiples,,,,,,,,,,,1,1,1,1.0,5
201400058237,0014-06-10 08:00:00,14,6,10,8,0,972,30,,,,Plein jour,Hors agglomération,Hors intersection,Normale,Deux véhicules - frontale,,,,,,,,,,,1,1,1,1.0,1
201400058238,0014-07-06 17:45:00,14,7,6,17,45,972,30,route de la mose,,,Plein jour,En agglomération,Hors intersection,Normale,Deux véhicules - frontale,,,,,,,,,,,1,2,1,1.0,1
201400058239,0014-09-06 05:45:00,14,9,6,5,45,972,30,,,,Crépuscule ou aube,Hors agglomération,Hors intersection,Pluie légère,Trois véhicules et plus - collisions multiples,,,,,,,,,,,2,1,1,2.0,5
201400058240,0014-10-22 19:15:00,14,10,22,19,15,972,30,rue de Beaus?jour,,,Nuit avec éclairage allumé,En agglomération,Hors intersection,Normale,Deux véhicules - côté,,,,,,,,,,,5,2,1,1.0,3
201400058241,0014-12-04 07:45:00,14,12,4,7,45,972,30,,,,Plein jour,Hors agglomération,Giratoire,Normale,Autre collision,,,,,,,,,,,1,1,6,1.0,6
201400058242,0014-12-31 10:45:00,14,12,31,10,45,972,30,,,,Plein jour,Hors agglomération,Hors intersection,Normale,Deux véhicules - frontale,,,,,,,,,,,1,1,1,1.0,1
201400058243,0014-01-24 21:15:00,14,1,24,21,15,972,22,,,,Nuit avec éclairage allumé,Hors agglomération,Hors intersection,Pluie légère,Deux véhicules - frontale,,,,,,,,,,,5,1,1,2.0,1
201400058244,0014-08-11 13:30:00,14,8,11,13,30,972,12,,,,Plein jour,Hors agglomération,Hors intersection,Pluie légère,Deux véhicules - côté,,,,,,,,,,,1,1,1,2.0,3
201400058245,0014-01-01 09:00:00,14,1,1,9,0,972,28,quartier cit? union RN1,,,Plein jour,En agglomération,Hors intersection,Normale,Trois véhicules et plus - collisions multiples,,,,,,,,,,,1,2,1,1.0,5
201400058246,0014-07-07 21:15:00,14,7,7,21,15,972,28,RN1,,,Nuit avec éclairage allumé,En agglomération,Hors intersection,Normale,Trois véhicules et plus - collisions multiples,,,,,,,,,,,5,2,1,1.0,5
201400058247,0014-11-08 16:45:00,14,11,8,16,45,972,28,CD25 - BON AIR SUD,,,Plein jour,En agglomération,Hors intersection,Normale,Autre collision,,,,,,,,,,,1,2,1,1.0,6
201400058248,0014-12-05 20:15:00,14,12,5,20,15,972,28,,,,Nuit sans éclairage public,Hors agglomération,Hors intersection,Normale,Deux véhicules - côté,,,,,,,,,,,3,1,1,1.0,3
201400058249,0014-04-04 04:45:00,14,4,4,4,45,972,3,,,,Nuit sans éclairage public,Hors agglomération,Hors intersection,Normale,Autre collision,,,,,,,,,,,3,1,1,1.0,6
201400058250,0014-05-13 11:45:00,14,5,13,11,45,972,16,,,,Plein jour,Hors agglomération,Hors intersection,Normale,Autre collision,,,,,,,,,,,1,1,1,1.0,6
201400058251,0014-06-08 22:00:00,14,6,8,22,0,972,1,rue principle - RN3,,,Nuit avec éclairage allumé,En agglomération,Hors intersection,Normale,Autre collision,,,,,,,,,,,5,2,1,1.0,6
201400058252,0014-07-14 17:15:00,14,7,14,17,15,972,15,,,,Plein jour,Hors agglomération,Hors intersection,Normale,Autre collision,,,,,,,,,,,1,1,1,1.0,6
201400058253,0014-07-16 10:15:00,14,7,16,10,15,972,15,,,,Plein jour,Hors agglomération,Hors intersection,Normale,Deux véhicules - côté,,,,,,,,,,,1,1,1,1.0,3
201400058254,0014-01-16 20:00:00,14,1,16,20,0,971,4,ALLEE DES PERES BLANCS,,,Nuit avec éclairage allumé,En agglomération,Hors intersection,Normale,Deux véhicules - frontale,,,,,,,,,,,5,2,1,1.0,1
201400058255,0014-01-27 19:15:00,14,1,27,19,15,971,24,,,,Nuit avec éclairage allumé,Hors agglomération,Hors intersection,Pluie légère,Autre collision,,,,,,,,,,,5,1,1,2.0,6
201400058256,0014-02-24 11:45:00,14,2,24,11,45,971,24,all?e des cocotiers,,,Plein jour,En agglomération,Hors intersection,Normale,Autre collision,,,,,,,,,,,1,2,1,1.0,6
201400058257,0014-03-30 02:15:00,14,3,30,2,15,971,24,,,,Nuit sans éclairage public,Hors agglomération,Hors intersection,Normale,Autre collision,,,,,,,,,,,3,1,1,1.0,6
201400058258,0014-10-29 01:00:00,14,10,29,1,0,971,24,,,,Nuit sans éclairage public,Hors agglomération,Hors intersection,Normale,Autre collision,,,,,,,,,,,3,1,1,1.0,6
201400058259,0014-11-08 23:45:00,14,11,8,23,45,971,24,,,,Nuit sans éclairage public,Hors agglomération,Hors intersection,Pluie légère,Autre collision,,,,,,,,,,,3,1,1,2.0,6
201400058260,0014-11-23 04:30:00,14,11,23,4,30,971,24,,,,Nuit sans éclairage public,Hors agglomération,Hors intersection,Pluie forte,Sans collision,,,,,,,,,,,3,1,1,3.0,7
201400058261,0014-03-04 19:00:00,14,3,4,19,0,971,34,rue Rachez Ongles RN2,,,Nuit avec éclairage non allumé,En agglomération,Hors intersection,Normale,Deux véhicules - frontale,,,,,,,,,,,4,2,1,1.0,1
201400058262,0014-03-11 07:30:00,14,3,11,7,30,971,34,,,,Plein jour,Hors agglomération,Hors intersection,Normale,Autre collision,,,,,,,,,,,1,1,1,1.0,6
201400058263,0014-03-13 07:15:00,14,3,13,7,15,971,34,BOULEVARD DES HABISSOIS,,,Plein jour,En agglomération,Hors intersection,Temps éblouissant,Deux véhicules - arrière,,,,,,,,,,,1,2,1,7.0,2
201400058264,0014-09-07 11:30:00,14,9,7,11,30,971,34,,,,Plein jour,Hors agglomération,Hors intersection,Normale,Deux véhicules - frontale,,,,,,,,,,,1,1,1,1.0,1
201400058265,0014-09-15 19:00:00,14,9,15,19,0,971,34,Rachez Ongle - RN2,,,Nuit avec éclairage allumé,En agglomération,Hors intersection,Normale,Deux véhicules - côté,,,,,,,,,,,5,2,1,1.0,3
201400058266,0014-10-02 14:15:00,14,10,2,14,15,971,34,"RN2, rue Arnould Nicolas",,,Plein jour,En agglomération,Hors intersection,Normale,Deux véhicules - frontale,,,,,,,,,,,1,2,1,1.0,1
201400058267,0014-11-17 18:15:00,14,11,17,18,15,971,34,,,,Nuit sans éclairage public,Hors agglomération,Hors intersection,Pluie légère,Autre collision,,,,,,,,,,,3,1,1,2.0,6
201400058268,0014-11-11 12:30:00,14,11,11,12,30,971,6,,,,Plein jour,Hors agglomération,Hors intersection,Normale,Deux véhicules - frontale,,,,,,,,,,,1,1,1,1.0,1
201400058269,0014-11-12 10:00:00,14,11,12,10,0,971,6,Galet - Malendure,,,Plein jour,En agglomération,Hors intersection,Normale,Deux véhicules - arrière,,,,,,,,,,,1,2,1,1.0,2
201400058270,0014-12-20 14:30:00,14,12,20,14,30,971,6,,,,Plein jour,Hors agglomération,Hors intersection,Normale,Deux véhicules - frontale,,,,,,,,,,,1,1,1,1.0,1
201400058271,0014-07-10 01:00:00,14,7,10,1,0,971,21,,,,Nuit sans éclairage public,Hors agglomération,Hors intersection,Normale,Autre collision,,,,,,,,,,,3,1,1,1.0,6