accident_id,datetime,annee,mois,jour,heure,minute,departement,commune_insee,adresse,latitude,longitude,luminosite,agglomeration,intersection,meteo,collision,nb_vehicules,nb_usagers,nb_indemnes,nb_tues,nb_blesses_hosp,nb_blesses_legers,age_cond_1,age_cond_2,veh_type_cond_1,veh_type_cond_2,lum_code,agg_code,int_code,atm_code,col_code
201400058412,0014-02-11 07:45:00,14,2,11,7,45,973,5,,,,Plein jour,Hors agglomération,Hors intersection,Temps couvert,Deux véhicules - arrière,,,,,,,,,,,1,1,1,8.0,2
201400058413,0014-03-01 22:00:00,14,3,1,22,0,973,5,,,,Nuit avec éclairage allumé,Hors agglomération,Hors intersection,Normale,Deux véhicules - côté,,,,,,,,,,,5,1,1,1.0,3
201400058414,0014-03-23 11:30:00,14,3,23,11,30,973,5,,,,Plein jour,Hors agglomération,Hors intersection,Normale,Deux véhicules - frontale,,,,,,,,,,,1,1,1,1.0,1
201400058415,0014-05-15 21:15:00,14,5,15,21,15,973,5,,,,Nuit sans éclairage public,Hors agglomération,Hors intersection,Normale,Deux véhicules - côté,,,,,,,,,,,3,1,1,1.0,3
201400058416,0014-06-09 17:30:00,14,6,9,17,30,973,5,,,,Plein jour,Hors agglomération,Hors intersection,Normale,Deux véhicules - frontale,,,,,,,,,,,1,1,1,1.0,1
201400058417,0014-07-01 17:15:00,14,7,1,17,15,973,5,,,,Plein jour,Hors agglomération,Hors intersection,Normale,Deux véhicules - frontale,,,,,,,,,,,1,1,1,1.0,1
201400058418,0014-07-26 06:45:00,14,7,26,6,45,973,5,,,,Crépuscule ou aube,Hors agglomération,Hors intersection,Normale,Deux véhicules - frontale,,,,,,,,,,,2,1,1,1.0,1
201400058419,0014-07-21 18:15:00,14,7,21,18,15,973,5,,,,Plein jour,Hors agglomération,Hors intersection,Normale,Deux véhicules - côté,,,,,,,,,,,1,1,1,1.0,3
201400058420,0014-11-06 07:00:00,14,11,6,7,0,973,5,,,,Plein jour,Hors agglomération,Hors intersection,Normale,Deux véhicules - arrière,,,,,,,,,,,1,1,1,1.0,2
201400058421,0014-11-14 16:15:00,14,11,14,16,15,973,13,,,,Plein jour,Hors agglomération,Hors intersection,Normale,Deux véhicules - arrière,,,,,,,,,,,1,1,1,1.0,2
201400058422,0014-11-21 17:00:00,14,11,21,17,0,973,13,,,,Plein jour,Hors agglomération,Hors intersection,Normale,Deux véhicules - arrière,,,,,,,,,,,1,1,1,1.0,2
201400058423,0014-02-12 15:45:00,14,2,12,15,45,973,4,,,,Plein jour,En agglomération,Hors intersection,Normale,Autre collision,,,,,,,,,,,1,2,1,1.0,6
201400058424,0014-08-14 05:45:00,14,8,14,5,45,973,4,,,,Crépuscule ou aube,Hors agglomération,Hors intersection,Normale,Deux véhicules - frontale,,,,,,,,,,,2,1,1,1.0,1
201400058425,0014-08-30 09:00:00,14,8,30,9,0,973,4,Avenue Guidiglo,,,Plein jour,En agglomération,Hors intersection,Normale,Deux véhicules - côté,,,,,,,,,,,1,2,1,1.0,3
201400058426,0014-09-21 15:30:00,14,9,21,15,30,973,4,4 avenue  De Gaulle,,,Plein jour,En agglomération,Autre intersection,Normale,Deux véhicules - frontale,,,,,,,,,,,1,2,9,1.0,1
201400058427,0014-10-20 05:45:00,14,10,20,5,45,973,4,,,,Crépuscule ou aube,Hors agglomération,Hors intersection,Normale,Deux véhicules - frontale,,,,,,,,,,,2,1,1,1.0,1
201400058428,0014-11-24 03:30:00,14,11,24,3,30,973,4,,,,Nuit sans éclairage public,Hors agglomération,Hors intersection,Normale,Sans collision,,,,,,,,,,,3,1,1,1.0,7
201400058429,0014-12-07 14:45:00,14,12,7,14,45,973,4,Avenue de France,,,Plein jour,En agglomération,Hors intersection,Normale,Sans collision,,,,,,,,,,,1,2,1,1.0,7
201400058430,0014-01-09 17:30:00,14,1,9,17,30,973,12,,,,Plein jour,Hors agglomération,Hors intersection,Normale,Autre collision,,,,,,,,,,,1,1,1,1.0,6
201400058431,0014-04-07 18:00:00,14,4,7,18,0,973,12,rue Inkerman,,,Plein jour,En agglomération,Hors intersection,Normale,Deux véhicules - côté,,,,,,,,,,,1,2,1,1.0,3
201400058432,0014-06-08 17:30:00,14,6,8,17,30,973,12,,,,Plein jour,Hors agglomération,Hors intersection,Normale,Sans collision,,,,,,,,,,,1,1,1,1.0,7
201400058433,0014-07-18 05:00:00,14,7,18,5,0,973,12,,,,Nuit sans éclairage public,Hors agglomération,Hors intersection,Normale,Sans collision,,,,,,,,,,,3,1,1,1.0,7
201400058434,0014-12-10 17:15:00,14,12,10,17,15,973,12,Rues VERDEROSA / BASTIE,,,Plein jour,En agglomération,Intersection en T,Normale,Deux véhicules - côté,,,,,,,,,,,1,2,3,1.0,3
201400058435,0014-01-10 22:45:00,14,1,10,22,45,973,3,,,,Nuit sans éclairage public,Hors agglomération,Hors intersection,Pluie légère,Autre collision,,,,,,,,,,,3,1,1,2.0,6
201400058436,0014-03-28 15:15:00,14,3,28,15,15,973,3,,,,Plein jour,Hors agglomération,Hors intersection,Normale,Deux véhicules - arrière,,,,,,,,,,,1,1,1,1.0,2
201400058437,0014-04-04 16:15:00,14,4,4,16,15,973,8,,,,Nuit sans éclairage public,Hors agglomération,Hors intersection,Temps couvert,Deux véhicules - frontale,,,,,,,,,,,3,1,1,8.0,1
201400058438,0014-12-05 20:30:00,14,12,5,20,30,973,8,RN2,,,Nuit sans éclairage public,En agglomération,Hors intersection,Temps couvert,Sans collision,,,,,,,,,,,3,2,1,8.0,7
201400058439,0014-09-28 12:15:00,14,9,28,12,15,973,10,D6,,,Plein jour,En agglomération,Hors intersection,Normale,Deux véhicules - arrière,,,,,,,,,,,1,2,1,1.0,2
201400058440,0014-01-18 00:15:00,14,1,18,0,15,973,11,avenue Symphorien,,,Nuit avec éclairage allumé,En agglomération,Hors intersection,Normale,Deux véhicules - côté,,,,,,,,,,,5,2,1,1.0,3
201400058441,0014-01-26 19:30:00,14,1,26,19,30,973,11,rue Hector Rivierez,,,Nuit avec éclairage allumé,En agglomération,Hors intersection,Normale,Autre collision,,,,,,,,,,,5,2,1,1.0,6
201400058442,0014-02-12 13:00:00,14,2,12,13,0,973,11,"Symphorien,lavandiers",,,Plein jour,En agglomération,Hors intersection,Normale,Deux véhicules - frontale,,,,,,,,,,,1,2,1,1.0,1
201400058443,0014-03-10 20:15:00,14,3,10,20,15,973,11,,,,Nuit avec éclairage allumé,Hors agglomération,Autre intersection,Normale,Deux véhicules - côté,,,,,,,,,,,5,1,9,1.0,3
201400058444,0014-03-26 22:30:00,14,3,26,22,30,973,11,all?e des bombarac?es,,,Nuit avec éclairage allumé,En agglomération,Hors intersection,Normale,Autre collision,,,,,,,,,,,5,2,1,1.0,6
201400058445,0014-04-02 15:00:00,14,4,2,15,0,973,11,boulevard du Maroni,,,Plein jour,En agglomération,Hors intersection,Normale,Deux véhicules - côté,,,,,,,,,,,1,2,1,1.0,3
201400058446,0014-04-21 12:45:00,14,4,21,12,45,973,11,route de Saint Maurice,,,Plein jour,En agglomération,Autre intersection,Normale,Autre collision,,,,,,,,,,,1,2,9,1.0,6
201400058447,0014-04-26 15:30:00,14,4,26,15,30,973,11,,,,Plein jour,Hors agglomération,Hors intersection,Normale,Sans collision,,,,,,,,,,,1,1,1,1.0,7
201400058448,0014-05-10 20:45:00,14,5,10,20,45,973,11,PAUL CASTAING/GLYCERIAS,,,Nuit avec éclairage allumé,En agglomération,Hors intersection,Normale,Deux véhicules - côté,,,,,,,,,,,5,2,1,1.0,3
201400058449,0014-05-13 20:15:00,14,5,13,20,15,973,11,rue des maripas,,,Nuit avec éclairage allumé,En agglomération,Hors intersection,Normale,Deux véhicules - côté,,,,,,,,,,,5,2,1,1.0,3
201400058450,0014-05-25 00:30:00,14,5,25,0,30,973,11,avenue F?lix Ebou?,,,Nuit avec éclairage allumé,En agglomération,Hors intersection,Normale,Autre collision,,,,,,,,,,,5,2,1,1.0,6
201400058451,0014-06-07 15:45:00,14,6,7,15,45,973,11,15 bd du maroni,,,Plein jour,En agglomération,Hors intersection,Normale,Autre collision,,,,,,,,,,,1,2,1,1.0,6
201400058452,0014-09-02 15:45:00,14,9,2,15,45,973,11,,,,Plein jour,En agglomération,Hors intersection,Normale,Deux véhicules - arrière,,,,,,,,,,,1,2,1,1.0,2
201400058453,0014-09-06 21:45:00,14,9,6,21,45,973,11,avenue Symphorien,,,Nuit avec éclairage allumé,En agglomération,Hors intersection,Normale,Deux véhicules - côté,,,,,,,,,,,5,2,1,1.0,3
201400058454,0014-09-13 22:15:00,14,9,13,22,15,973,11,all?e du lac bleu,,,Nuit avec éclairage allumé,En agglomération,Hors intersection,Normale,Deux véhicules - côté,,,,,,,,,,,5,2,1,1.0,3
201400058455,0014-09-21 06:15:00,14,9,21,6,15,973,11,,,,Plein jour,Hors agglomération,Hors intersection,Normale,Autre collision,,,,,,,,,,,1,1,1,1.0,6
201400058456,0014-10-27 22:00:00,14,10,27,22,0,973,11,Avenue GASTON MONNERVILL,,,Nuit avec éclairage allumé,En agglomération,Hors intersection,Normale,Deux véhicules - frontale,,,,,,,,,,,5,2,1,1.0,1
201400058457,0014-12-21 02:30:00,14,12,21,2,30,973,11,avenue de la Marne,,,Nuit avec éclairage allumé,En agglomération,Hors intersection,Normale,Deux véhicules - côté,,,,,,,,,,,5,2,1,1.0,3
201400058458,0014-04-21 19:15:00,14,4,21,19,15,973,6,,,,Nuit sans éclairage public,Hors agglomération,Hors intersection,Pluie légère,Deux véhicules - arrière,,,,,,,,,,,3,1,1,2.0,2
201400058459,0014-05-15 11:30:00,14,5,15,11,30,973,6,,,,Plein jour,Hors agglomération,Hors intersection,Normale,Sans collision,,,,,,,,,,,1,1,1,1.0,7
201400058460,0014-08-13 14:15:00,14,8,13,14,15,973,6,,,,Plein jour,Hors agglomération,Hors intersection,Normale,Sans collision,,,,,,,,,,,1,1,1,1.0,7
201400058461,0014-08-24 20:00:00,14,8,24,20,0,973,6,,,,Nuit sans éclairage public,Hors agglomération,Hors intersection,Normale,Deux véhicules - frontale,,,,,,,,,,,3,1,1,1.0,1
201400058462,0014-11-16 19:30:00,14,11,16,19,30,973,6,,,,Nuit sans éclairage public,Hors agglomération,Hors intersection,Normale,Sans collision,,,,,,,,,,,3,1,1,1.0,7
201400058463,0014-11-26 05:30:00,14,11,26,5,30,973,6,,,,Nuit sans éclairage public,Hors agglomération,Hors intersection,Normale,Deux véhicules - arrière,,,,,,,,,,,3,1,1,1.0,2
201400058464,0014-12-31 21:45:00,14,12,31,21,45,974,8,,,,Nuit sans éclairage public,Hors agglomération,Hors intersection,Normale,Deux véhicules - frontale,,,,,,,,,,,3,1,1,1.0,1
201400058465,0014-05-04 15:15:00,14,5,4,15,15,974,8,chemin boeuf mort,,,Plein jour,En agglomération,Hors intersection,Normale,Sans collision,,,,,,,,,,,1,2,1,1.0,7
201400058466,0014-05-15 07:30:00,14,5,15,7,30,974,8,Avenue de La Palestine,,,Plein jour,En agglomération,Hors intersection,Normale,Deux véhicules - arrière,,,,,,,,,,,1,2,1,1.0,2
201400058467,0014-05-29 12:15:00,14,5,29,12,15,974,8,,,,Plein jour,Hors agglomération,Hors intersection,Normale,Deux véhicules - arrière,,,,,,,,,,,1,1,1,1.0,2
201400058468,0014-04-26 20:15:00,14,4,26,20,15,974,20,,,,Nuit avec éclairage non allumé,Hors agglomération,Hors intersection,Normale,Autre collision,,,,,,,,,,,4,1,1,1.0,6
201400058469,0014-06-09 12:45:00,14,6,9,12,45,974,20,,,,Plein jour,Hors agglomération,Hors intersection,Normale,Deux véhicules - frontale,,,,,,,,,,,1,1,1,1.0,1
201400058470,0014-08-09 23:15:00,14,8,9,23,15,974,18,,,,Nuit avec éclairage allumé,Hors agglomération,Hors intersection,Normale,Deux véhicules - frontale,,,,,,,,,,,5,1,1,1.0,1
201400058471,0014-08-20 16:30:00,14,8,20,16,30,974,18,rue Antoine Roussin,,,Plein jour,En agglomération,Hors intersection,Normale,Deux véhicules - frontale,,,,,,,,,,,1,2,1,1.0,1
201400058472,0014-09-14 00:01:00,14,9,14,0,1,974,20,,,,Nuit sans éclairage public,Hors agglomération,Hors intersection,Normale,Autre collision,,,,,,,,,,,3,1,1,1.0,6
201400058473,0014-10-10 18:00:00,14,10,10,18,0,974,20,,,,Nuit sans éclairage public,En agglomération,Hors intersection,Normale,Trois véhicules et plus - collisions multiples,,,,,,,,,,,3,2,1,1.0,5
201400058474,0014-11-20 18:45:00,14,11,20,18,45,974,18,route tabur,,,Nuit sans éclairage public,En agglomération,Hors intersection,Normale,Deux véhicules - frontale,,,,,,,,,,,3,2,1,1.0,1
201400058475,0014-11-25 07:15:00,14,11,25,7,15,974,20,,,,Plein jour,Hors agglomération,Intersection en X,Normale,Trois véhicules et plus - collisions multiples,,,,,,,,,,,1,1,2,1.0,5
201400058476,0014-12-08 18:00:00,14,12,8,18,0,974,18,62 R. DE LA GDE MONTEE,,,Plein jour,En agglomération,Hors intersection,Normale,Deux véhicules - côté,,,,,,,,,,,1,2,1,1.0,3
201400058477,0014-02-04 05:30:00,14,2,4,5,30,974,10,RN2 ROND POINT DE BRAS C,,,Crépuscule ou aube,En agglomération,Giratoire,Normale,Autre collision,,,,,,,,,,,2,2,6,1.0,6
201400058478,0014-04-22 14:45:00,14,4,22,14,45,974,10,chemin pr?voisy,,,Plein jour,En agglomération,Hors intersection,Normale,Autre collision,,,,,,,,,,,1,2,1,1.0,6
201400058479,0014-04-27 16:00:00,14,4,27,16,0,974,10,,,,Plein jour,Hors agglomération,Hors intersection,Pluie légère,Deux véhicules - côté,,,,,,,,,,,1,1,1,2.0,3
201400058480,0014-06-05 11:00:00,14,6,5,11,0,974,10,,,,Plein jour,Hors agglomération,Hors intersection,Normale,Deux véhicules - frontale,,,,,,,,,,,1,1,1,1.0,1
201400058481,0014-06-14 19:45:00,14,6,14,19,45,974,10,rue Furcy Pitou,,,Nuit avec éclairage allumé,En agglomération,Hors intersection,Normale,Autre collision,,,,,,,,,,,5,2,1,1.0,6
201400058482,0014-06-17 12:00:00,14,6,17,12,0,974,10,,,,Plein jour,Hors agglomération,Hors intersection,Normale,Autre collision,,,,,,,,,,,1,1,1,1.0,6
201400058483,0014-07-03 19:15:00,14,7,3,19,15,974,10,,,,Nuit sans éclairage public,Hors agglomération,Hors intersection,Normale,Autre collision,,,,,,,,,,,3,1,1,1.0,6
201400058484,0014-07-05 13:45:00,14,7,5,13,45,974,10,ROND POINT BRAS CANOT,,,Nuit avec éclairage allumé,En agglomération,Hors intersection,Normale,Deux véhicules - frontale,,,,,,,,,,,5,2,1,1.0,1
201400058485,0014-07-12 15:15:00,14,7,12,15,15,974,10,,,,Plein jour,Hors agglomération,Hors intersection,Normale,Autre collision,,,,,,,,,,,1,1,1,1.0,6
201400058486,0014-08-27 12:45:00,14,8,27,12,45,974,10,,,,Plein jour,En agglomération,Hors intersection,Normale,Deux véhicules - arrière,,,,,,,,,,,1,2,1,1.0,2
201400058487,0014-10-19 10:00:00,14,10,19,10,0,974,10,,,,Plein jour,Hors agglomération,Hors intersection,Pluie forte,Deux véhicules - frontale,,,,,,,,,,,1,1,1,3.0,1
201400058488,0014-10-10 20:15:00,14,10,10,20,15,974,2,,,,Nuit sans éclairage public,Hors agglomération,Hors intersection,Normale,Autre collision,,,,,,,,,,,3,1,1,1.0,6
201400058489,0014-11-19 20:15:00,14,11,19,20,15,974,2,,,,Nuit avec éclairage allumé,Hors agglomération,Hors intersection,Normale,Deux véhicules - côté,,,,,,,,,,,5,1,1,1.0,3
201400058490,0014-05-08 20:30:00,14,5,8,20,30,974,19,,,,Nuit sans éclairage public,Hors agglomération,Hors intersection,Pluie forte,Autre collision,,,,,,,,,,,3,1,1,3.0,6
201400058491,0014-06-28 08:45:00,14,6,28,8,45,974,19,ravine glissante,,,Plein jour,En agglomération,Hors intersection,Normale,Deux véhicules - frontale,,,,,,,,,,,1,2,1,1.0,1
201400058492,0014-07-11 20:00:00,14,7,11,20,0,974,19,,,,Nuit sans éclairage public,Hors agglomération,Hors intersection,Normale,Autre collision,,,,,,,,,,,3,1,1,1.0,6
201400058493,0014-11-24 15:00:00,14,11,24,15,0,974,19,chemin du petit brul?,,,Plein jour,En agglomération,Hors intersection,Normale,Deux véhicules - frontale,,,,,,,,,,,1,2,1,1.0,1
201400058494,0014-02-10 19:00:00,14,2,10,19,0,974,21,,,,Nuit sans éclairage public,Hors agglomération,Hors intersection,Normale,Autre collision,,,,,,,,,,,3,1,1,1.0,6
201400058495,0014-02-14 16:00:00,14,2,14,16,0,974,21,,,,Plein jour,Hors agglomération,Hors intersection,Pluie légère,Sans collision,,,,,,,,,,,1,1,1,2.0,7
201400058496,0014-03-03 15:45:00,14,3,3,15,45,974,21,Rue GeorgesPOMPIDOU,,,Plein jour,En agglomération,Hors intersection,Normale,Autre collision,,,,,,,,,,,1,2,1,1.0,6
201400058497,0014-05-17 07:30:00,14,5,17,7,30,974,6,7 rue de l'?glise,,,Plein jour,En agglomération,Hors intersection,Temps éblouissant,Autre collision,,,,,,,,,,,1,2,1,7.0,6
201400058498,0014-01-29 14:30:00,14,1,29,14,30,974,15,,,,Nuit sans éclairage public,Hors agglomération,Hors intersection,Normale,Autre collision,,,,,,,,,,,3,1,1,1.0,6
201400058499,0014-02-16 16:45:00,14,2,16,16,45,974,15,,,,Plein jour,Hors agglomération,Hors intersection,Normale,Trois véhicules et plus - collisions multiples,,,,,,,,,,,1,1,1,1.0,5
201400058500,0014-03-10 05:00:00,14,3,10,5,0,974,15,,,,Nuit sans éclairage public,Hors agglomération,Hors intersection,Normale,Autre collision,,,,,,,,,,,3,1,1,1.0,6
201400058501,0014-03-29 01:30:00,14,3,29,1,30,974,15,,,,Nuit sans éclairage public,Hors agglomération,Hors intersection,Normale,Deux véhicules - côté,,,,,,,,,,,3,1,1,1.0,3
201400058502,0014-03-28 17:30:00,14,3,28,17,30,974,15,Chauss?e royale,,,Plein jour,En agglomération,Hors intersection,Normale,Trois véhicules et plus - collisions multiples,,,,,,,,,,,1,2,1,1.0,5
201400058503,0014-05-18 12:30:00,14,5,18,12,30,974,15,,,,Plein jour,Hors agglomération,Hors intersection,Normale,Autre collision,,,,,,,,,,,1,1,1,1.0,6
201400058504,0014-05-29 19:15:00,14,5,29,19,15,974,15,Route de Bois de Nèfles,,,Nuit sans éclairage public,Hors agglomération,Hors intersection,Normale,Deux véhicules - frontale,,,,,,,,,,,3,1,1,1.0,1
201400058505,0014-06-27 14:30:00,14,6,27,14,30,974,15,chauss?e royale,,,Plein jour,En agglomération,Hors intersection,Normale,Deux véhicules - côté,,,,,,,,,,,1,2,1,1.0,3
201400058506,0014-08-16 04:00:00,14,8,16,4,0,974,15,Chemin pavad? -Savanna,,,Nuit sans éclairage public,En agglomération,Hors intersection,Normale,Sans collision,,,,,,,,,,,3,2,1,1.0,7
201400058507,0014-08-21 22:15:00,14,8,21,22,15,974,15,,,,Nuit sans éclairage public,Hors agglomération,Hors intersection,Normale,Deux véhicules - frontale,,,,,,,,,,,3,1,1,1.0,1
201400058508,0014-09-07 18:00:00,14,9,7,18,0,974,15,,,,Plein jour,Hors agglomération,Giratoire,Normale,Trois véhicules et plus - collisions multiples,,,,,,,,,,,1,1,6,1.0,5
201400058509,0014-09-08 17:15:00,14,9,8,17,15,974,15,,,,Plein jour,Hors agglomération,Intersection en X,Normale,Deux véhicules - frontale,,,,,,,,,,,1,1,2,1.0,1
201400058510,0014-09-10 15:00:00,14,9,10,15,0,974,15,Chemin Pav?,,,Plein jour,En agglomération,Hors intersection,Normale,Autre collision,,,,,,,,,,,1,2,1,1.0,6
201400058511,0014-09-28 17:00:00,14,9,28,17,0,974,15,,,,Plein jour,En agglomération,Hors intersection,Normale,Deux véhicules - côté,,,,,,,,,,,1,2,1,1.0,3
201400058512,0014-11-08 11:00:00,14,11,8,11,0,974,15,,,,Plein jour,En agglomération,Hors intersection,Normale,Deux véhicules - côté,,,,,,,,,,,1,2,1,1.0,3
201400058513,0014-12-14 01:15:00,14,12,14,1,15,974,15,,,,Nuit sans éclairage public,Hors agglomération,Hors intersection,Normale,Autre collision,,,,,,,,,,,3,1,1,1.0,6
201400058514,0014-01-05 04:30:00,14,1,5,4,30,974,15,,,,Nuit sans éclairage public,Hors agglomération,Hors intersection,Normale,Autre collision,,,,,,,,,,,3,1,1,1.0,6
201400058515,0014-04-20 19:00:00,14,4,20,19,0,974,15,,,,Nuit sans éclairage public,Hors agglomération,Hors intersection,Normale,Deux véhicules - côté,,,,,,,,,,,3,1,1,1.0,3
201400058516,0014-04-26 00:30:00,14,4,26,0,30,974,15,52 rue du G. De Gaulle,,,Nuit avec éclairage allumé,En agglomération,Hors intersection,Normale,Deux véhicules - côté,,,,,,,,,,,5,2,1,1.0,3
201400058517,0014-05-14 13:30:00,14,5,14,13,30,974,15,,,,Plein jour,Hors agglomération,Hors intersection,Normale,Deux véhicules - côté,,,,,,,,,,,1,1,1,1.0,3
201400058518,0014-06-05 19:30:00,14,6,5,19,30,974,15,av du G?n?ral de Gaulle,,,Nuit sans éclairage public,En agglomération,Hors intersection,Normale,Deux véhicules - côté,,,,,,,,,,,3,2,1,1.0,3
201400058519,0014-07-26 06:30:00,14,7,26,6,30,974,15,,,,Plein jour,Hors agglomération,Hors intersection,Normale,Deux véhicules - frontale,,,,,,,,,,,1,1,1,1.0,1
201400058520,0014-08-26 18:45:00,14,8,26,18,45,974,15,,,,Nuit sans éclairage public,Hors agglomération,Hors intersection,Pluie forte,Deux véhicules - frontale,,,,,,,,,,,3,1,1,3.0,1
201400058521,0014-10-06 12:30:00,14,10,6,12,30,974,15,,,,Plein jour,Hors agglomération,Hors intersection,Normale,Autre collision,,,,,,,,,,,1,1,1,1.0,6
201400058522,0014-10-07 04:30:00,14,10,7,4,30,974,15,,,,Nuit sans éclairage public,Hors agglomération,Hors intersection,Normale,Autre collision,,,,,,,,,,,3,1,1,1.0,6
201400058523,0014-10-13 14:30:00,14,10,13,14,30,974,15,,,,Plein jour,Hors agglomération,Hors intersection,Normale,Trois véhicules et plus - collisions multiples,,,,,,,,,,,1,1,1,1.0,5
201400058524,0014-12-19 20:15:00,14,12,19,20,15,974,15,,,,Nuit sans éclairage public,Hors agglomération,Hors intersection,Temps couvert,Deux véhicules - côté,,,,,,,,,,,3,1,1,8.0,3
201400058525,0014-03-23 06:00:00,14,3,23,6,0,974,23,,,,Crépuscule ou aube,Hors agglomération,Hors intersection,Pluie légère,Sans collision,,,,,,,,,,,2,1,1,2.0,7
201400058526,0014-06-21 08:30:00,14,6,21,8,30,974,15,rue jean albany,,,Plein jour,En agglomération,Hors intersection,Normale,Autre collision,,,,,,,,,,,1,2,1,1.0,6
201400058527,0014-07-16 16:00:00,14,7,16,16,0,974,15,,,,Plein jour,Hors agglomération,Hors intersection,Normale,Deux véhicules - frontale,,,,,,,,,,,1,1,1,1.0,1
201400058528,0014-11-19 12:30:00,14,11,19,12,30,974,15,,,,Plein jour,Hors agglomération,Hors intersection,Normale,Sans collision,,,,,,,,,,,1,1,1,1.0,7
201400058529,0014-12-09 14:45:00,14,12,9,14,45,974,22,195 rue Marius LEBLOND,,,Plein jour,En agglomération,Hors intersection,Normale,Deux véhicules - frontale,,,,,,,,,,,1,2,1,1.0,1
201400058530,0014-01-12 00:45:00,14,1,12,0,45,974,14,rue Pigas,,,Nuit avec éclairage allumé,En agglomération,Hors intersection,Normale,Autre collision,,,,,,,,,,,5,2,1,1.0,6
201400058531,0014-01-25 16:15:00,14,1,25,16,15,974,14,,,,Plein jour,Hors agglomération,Hors intersection,Normale,Autre collision,,,,,,,,,,,1,1,1,1.0,6
201400058532,0014-10-19 18:00:00,14,10,19,18,0,974,14,189 avenue principale,,,Plein jour,En agglomération,Hors intersection,Normale,Deux véhicules - côté,,,,,,,,,,,1,2,1,1.0,3
201400058533,0014-10-22 06:45:00,14,10,22,6,45,974,14,"route de cilaos, RN5",,,Plein jour,En agglomération,Intersection en T,Normale,Deux véhicules - frontale,,,,,,,,,,,1,2,3,1.0,1
201400058534,0014-02-27 08:30:00,14,2,27,8,30,974,14,rue du Ouaki,,,Plein jour,En agglomération,Hors intersection,Normale,Deux véhicules - côté,,,,,,,,,,,1,2,1,1.0,3
201400058535,0014-04-09 11:00:00,14,4,9,11,0,974,14,,,,Nuit sans éclairage public,Hors agglomération,Hors intersection,Normale,Autre collision,,,,,,,,,,,3,1,1,1.0,6
201400058536,0014-04-12 01:30:00,14,4,12,1,30,974,14,av dr Raymond Verg?s,,,Nuit sans éclairage public,En agglomération,Hors intersection,Pluie forte,Autre collision,,,,,,,,,,,3,2,1,3.0,6
201400058537,0014-05-03 04:45:00,14,5,3,4,45,974,14,,,,Nuit sans éclairage public,Hors agglomération,Hors intersection,Normale,Autre collision,,,,,,,,,,,3,1,1,1.0,6
201400058538,0014-05-07 03:00:00,14,5,7,3,0,974,14,Rue Leconte Delisle,,,Nuit avec éclairage allumé,En agglomération,Hors intersection,Normale,Deux véhicules - arrière,,,,,,,,,,,5,2,1,1.0,2
201400058539,0014-05-22 19:15:00,14,5,22,19,15,974,14,boulevard front de mer,,,Nuit avec éclairage allumé,En agglomération,Hors intersection,Normale,Autre collision,,,,,,,,,,,5,2,1,1.0,6
201400058540,0014-05-29 00:15:00,14,5,29,0,15,974,14,RN5,,,Nuit sans éclairage public,En agglomération,Hors intersection,Normale,Deux véhicules - côté,,,,,,,,,,,3,2,1,1.0,3
201400058541,0014-06-28 14:15:00,14,6,28,14,15,974,14,,,,Plein jour,Hors agglomération,Hors intersection,Normale,Deux véhicules - frontale,,,,,,,,,,,1,1,1,1.0,1
201400058542,0014-01-16 19:00:00,14,1,16,19,0,974,22,,,,Nuit sans éclairage public,Hors agglomération,Hors intersection,Normale,Sans collision,,,,,,,,,,,3,1,1,1.0,7
201400058543,0014-04-13 12:00:00,14,4,13,12,0,974,49,,,,Plein jour,Hors agglomération,Hors intersection,Pluie légère,Autre collision,,,,,,,,,,,1,1,1,2.0,6
201400058544,0014-05-11 09:45:00,14,5,11,9,45,974,22,,,,Plein jour,Hors agglomération,Hors intersection,Normale,Deux véhicules - frontale,,,,,,,,,,,1,1,1,1.0,1
201400058545,0014-06-15 09:00:00,14,6,15,9,0,974,22,160 chemin des acacias,,,Plein jour,En agglomération,Intersection en T,Normale,Deux véhicules - côté,,,,,,,,,,,1,2,3,1.0,3
201400058546,0014-08-17 12:15:00,14,8,17,12,15,974,49,,,,Plein jour,Hors agglomération,Hors intersection,Normale,Autre collision,,,,,,,,,,,1,1,1,1.0,6
201400058547,0014-03-11 10:45:00,14,3,11,10,45,974,12,,,,Plein jour,Hors agglomération,Hors intersection,Normale,Deux véhicules - frontale,,,,,,,,,,,1,1,1,1.0,1
201400058548,0014-03-25 10:00:00,14,3,25,10,0,974,12,RN2 rue rapha?l BABET ST,,,Plein jour,En agglomération,Hors intersection,Normale,Deux véhicules - côté,,,,,,,,,,,1,2,1,1.0,3
201400058549,0014-04-04 17:45:00,14,4,4,17,45,974,5,Mah? de la bourdonnais,,,Plein jour,En agglomération,Hors intersection,Normale,Autre collision,,,,,,,,,,,1,2,1,1.0,6