accident_id,datetime,annee,mois,jour,heure,minute,departement,commune_insee,adresse,latitude,longitude,luminosite,agglomeration,intersection,meteo,collision,nb_vehicules,nb_usagers,nb_indemnes,nb_tues,nb_blesses_hosp,nb_blesses_legers,age_cond_1,age_cond_2,veh_type_cond_1,veh_type_cond_2,lum_code,agg_code,int_code,atm_code,col_code
201400058550,0014-04-23 01:15:00,14,4,23,1,15,974,5,,,,Plein jour,Hors agglomération,Hors intersection,Temps éblouissant,Autre collision,,,,,,,,,,,1,1,1,7.0,6
201400058551,0014-05-20 20:30:00,14,5,20,20,30,974,12,,,,Nuit sans éclairage public,Hors agglomération,Hors intersection,Normale,Sans collision,,,,,,,,,,,3,1,1,1.0,7
201400058552,0014-06-04 17:15:00,14,6,4,17,15,974,12,,,,Plein jour,Hors agglomération,Hors intersection,Normale,Autre collision,,,,,,,,,,,1,1,1,1.0,6
201400058553,0014-06-12 11:30:00,14,6,12,11,30,974,5,,,,Plein jour,Hors agglomération,Giratoire,Normale,Deux véhicules - arrière,,,,,,,,,,,1,1,6,1.0,2
201400058554,0014-06-22 11:30:00,14,6,22,11,30,974,12,,,,Plein jour,Hors agglomération,Hors intersection,Normale,Autre collision,,,,,,,,,,,1,1,1,1.0,6
201400058555,0014-12-03 11:30:00,14,12,3,11,30,974,12,,,,Plein jour,Hors agglomération,Hors intersection,Normale,Deux véhicules - frontale,,,,,,,,,,,1,1,1,1.0,1
201400058556,0014-02-13 08:00:00,14,2,13,8,0,974,22,,,,Plein jour,Hors agglomération,Hors intersection,Normale,Deux véhicules - frontale,,,,,,,,,,,1,1,1,1.0,1
201400058557,0014-03-19 21:45:00,14,3,19,21,45,974,22,,,,Nuit sans éclairage public,Hors agglomération,Hors intersection,Normale,Autre collision,,,,,,,,,,,3,1,1,1.0,6
201400058558,0014-04-19 21:15:00,14,4,19,21,15,974,22,Avenue G?n?ral DE GAULLE,,,Nuit avec éclairage allumé,En agglomération,Hors intersection,Normale,Deux véhicules - côté,,,,,,,,,,,5,2,1,1.0,3
201400058559,0014-06-10 16:15:00,14,6,10,16,15,974,22,,,,Plein jour,Hors agglomération,Hors intersection,Normale,Deux véhicules - côté,,,,,,,,,,,1,1,1,1.0,3
201400058560,0014-06-27 22:00:00,14,6,27,22,0,974,22,rue de l'Europe,,,Nuit avec éclairage allumé,En agglomération,Hors intersection,Normale,Deux véhicules - frontale,,,,,,,,,,,5,2,1,1.0,1
201400058561,0014-09-26 22:15:00,14,9,26,22,15,974,22,rue hubert DELISLE,,,Nuit avec éclairage allumé,En agglomération,Giratoire,Normale,Deux véhicules - côté,,,,,,,,,,,5,2,6,1.0,3
201400058562,0014-11-28 18:45:00,14,11,28,18,45,974,22,RUE U GENERAL AILLERET,,,Crépuscule ou aube,En agglomération,Hors intersection,Normale,Deux véhicules - frontale,,,,,,,,,,,2,2,1,1.0,1
201400058563,0014-11-28 20:45:00,14,11,28,20,45,974,22,190 CHARLES BAUDELAIRE,,,Nuit avec éclairage allumé,En agglomération,Hors intersection,Normale,Deux véhicules - côté,,,,,,,,,,,5,2,1,1.0,3
201400058564,0014-01-12 15:45:00,14,1,12,15,45,976,11,,,,Plein jour,Hors agglomération,Hors intersection,Temps couvert,Deux véhicules - côté,,,,,,,,,,,1,1,1,8.0,3
201400058565,0014-04-05 04:00:00,14,4,5,4,0,976,11,,,,Nuit sans éclairage public,Hors agglomération,Hors intersection,Normale,Deux véhicules - frontale,,,,,,,,,,,3,1,1,1.0,1
201400058566,0014-05-03 07:30:00,14,5,3,7,30,976,11,rue de la MJC,,,Plein jour,En agglomération,Hors intersection,Normale,Autre collision,,,,,,,,,,,1,2,1,1.0,6
201400058567,0014-05-08 18:30:00,14,5,8,18,30,976,11,,,,Crépuscule ou aube,Hors agglomération,Hors intersection,Normale,Deux véhicules - frontale,,,,,,,,,,,2,1,1,1.0,1
201400058568,0014-12-15 17:45:00,14,12,15,17,45,976,11,,,,Plein jour,Hors agglomération,Hors intersection,Normale,Deux véhicules - frontale,,,,,,,,,,,1,1,1,1.0,1
201400058569,0014-12-18 16:30:00,14,12,18,16,30,976,11,,,,Plein jour,En agglomération,Hors intersection,Normale,Autre collision,,,,,,,,,,,1,2,1,1.0,6
201400058570,0014-04-28 19:15:00,14,4,28,19,15,976,15,,,,Nuit sans éclairage public,Hors agglomération,Hors intersection,Normale,Autre collision,,,,,,,,,,,3,1,1,1.0,6
201400058571,0014-09-25 08:00:00,14,9,25,8,0,976,11,,,,Nuit avec éclairage allumé,Hors agglomération,Hors intersection,Normale,Autre collision,,,,,,,,,,,5,1,1,1.0,6
201400058572,0014-12-01 13:15:00,14,12,1,13,15,976,15,Rue du Lyc?e,,,Plein jour,En agglomération,Hors intersection,Normale,Deux véhicules - côté,,,,,,,,,,,1,2,1,1.0,3
201400058573,0014-01-12 12:00:00,14,1,12,12,0,976,16,,,,Plein jour,Hors agglomération,Hors intersection,Normale,Trois véhicules et plus - collisions multiples,,,,,,,,,,,1,1,1,1.0,5
201400058574,0014-08-17 20:45:00,14,8,17,20,45,976,16,Merereni,,,Nuit avec éclairage allumé,En agglomération,Hors intersection,Normale,Autre collision,,,,,,,,,,,5,2,1,1.0,6
201400058575,0014-11-13 22:00:00,14,11,13,22,0,976,16,ccd1-COMBANI,,,Nuit sans éclairage public,En agglomération,Hors intersection,Normale,Deux véhicules - frontale,,,,,,,,,,,3,2,1,1.0,1
201400058576,0014-01-22 14:15:00,14,1,22,14,15,971,3,,,,Plein jour,Hors agglomération,Hors intersection,Normale,Deux véhicules - côté,,,,,,,,,,,1,1,1,1.0,3
201400058577,0014-02-16 21:00:00,14,2,16,21,0,971,4,,,,Nuit sans éclairage public,Hors agglomération,Hors intersection,Normale,Autre collision,,,,,,,,,,,3,1,1,1.0,6
201400058578,0014-02-26 20:00:00,14,2,26,20,0,971,3,,,,Nuit sans éclairage public,Hors agglomération,Hors intersection,Normale,Autre collision,,,,,,,,,,,3,1,1,1.0,6
201400058579,0014-03-12 17:45:00,14,3,12,17,45,971,3,,,,Crépuscule ou aube,Hors agglomération,Hors intersection,Normale,Deux véhicules - arrière,,,,,,,,,,,2,1,1,1.0,2
201400058580,0014-04-03 19:45:00,14,4,3,19,45,971,3,,,,Nuit sans éclairage public,Hors agglomération,Hors intersection,Normale,Trois véhicules et plus - collisions multiples,,,,,,,,,,,3,1,1,1.0,5
201400058581,0014-04-17 04:15:00,14,4,17,4,15,971,3,,,,Nuit avec éclairage allumé,Hors agglomération,Hors intersection,Pluie légère,Trois véhicules et plus - en chaîne,,,,,,,,,,,5,1,1,2.0,4
201400058582,0014-05-03 11:15:00,14,5,3,11,15,971,3,,,,Plein jour,Hors agglomération,Hors intersection,Normale,Deux véhicules - frontale,,,,,,,,,,,1,1,1,1.0,1
201400058583,0014-05-21 19:30:00,14,5,21,19,30,971,3,,,,Nuit avec éclairage allumé,Hors agglomération,Hors intersection,Normale,Autre collision,,,,,,,,,,,5,1,1,1.0,6
201400058584,0014-05-28 19:00:00,14,5,28,19,0,971,3,,,,Nuit sans éclairage public,Hors agglomération,Hors intersection,Normale,Deux véhicules - frontale,,,,,,,,,,,3,1,1,1.0,1
201400058585,0014-07-19 00:30:00,14,7,19,0,30,971,3,,,,Nuit sans éclairage public,Hors agglomération,Hors intersection,Normale,Sans collision,,,,,,,,,,,3,1,1,1.0,7
201400058586,0014-07-31 00:30:00,14,7,31,0,30,971,3,,,,Nuit sans éclairage public,Hors agglomération,Hors intersection,Normale,Autre collision,,,,,,,,,,,3,1,1,1.0,6
201400058587,0014-08-25 02:15:00,14,8,25,2,15,971,3,,,,Nuit avec éclairage allumé,Hors agglomération,Hors intersection,Pluie légère,Autre collision,,,,,,,,,,,5,1,1,2.0,6
201400058588,0014-09-10 21:00:00,14,9,10,21,0,971,3,,,,Nuit sans éclairage public,Hors agglomération,Hors intersection,Normale,Autre collision,,,,,,,,,,,3,1,1,1.0,6
201400058589,0014-10-23 06:45:00,14,10,23,6,45,971,3,rond point de houelbourg,,,Plein jour,En agglomération,Giratoire,Normale,Trois véhicules et plus - collisions multiples,,,,,,,,,,,1,2,6,1.0,5
201400058590,0014-11-14 15:00:00,14,11,14,15,0,971,3,rue Jean Jaur?s,,,Plein jour,En agglomération,Hors intersection,Normale,Deux véhicules - frontale,,,,,,,,,,,1,2,1,1.0,1
201400058591,0014-10-04 17:30:00,14,10,4,17,30,973,60,rue mitterrand,,,Plein jour,En agglomération,Intersection en T,Normale,Deux véhicules - côté,,,,,,,,,,,1,2,3,1.0,3
201400058592,0014-01-31 16:45:00,14,1,31,16,45,976,12,Dzoumogn?,,,Plein jour,En agglomération,Hors intersection,Normale,Autre collision,,,,,,,,,,,1,2,1,1.0,6
201400058593,0014-03-23 18:45:00,14,3,23,18,45,976,12,RN 01 M'tsahara,,,Nuit avec éclairage allumé,En agglomération,Hors intersection,Normale,Deux véhicules - côté,,,,,,,,,,,5,2,1,1.0,3
201400058594,0014-03-28 16:15:00,14,3,28,16,15,976,12,Route nationale 1,,,Plein jour,En agglomération,Hors intersection,Pluie légère,Deux véhicules - frontale,,,,,,,,,,,1,2,1,2.0,1
201400058595,0014-05-09 02:30:00,14,5,9,2,30,976,12,,,,Nuit sans éclairage public,Hors agglomération,Hors intersection,Normale,Sans collision,,,,,,,,,,,3,1,1,1.0,7
201400058596,0014-07-27 15:45:00,14,7,27,15,45,976,12,,,,Plein jour,Hors agglomération,Hors intersection,Normale,Deux véhicules - frontale,,,,,,,,,,,1,1,1,1.0,1
201400058597,0014-11-29 13:30:00,14,11,29,13,30,976,12,,,,Plein jour,En agglomération,Hors intersection,Normale,Autre collision,,,,,,,,,,,1,2,1,1.0,6
201400058598,0014-01-10 12:00:00,14,1,10,12,0,976,4,"Routa nationale, lyc?e",,,Plein jour,En agglomération,Hors intersection,Normale,Deux véhicules - frontale,,,,,,,,,,,1,2,1,1.0,1
201400058599,0014-03-02 15:15:00,14,3,2,15,15,976,4,,,,Plein jour,Hors agglomération,Hors intersection,Normale,Deux véhicules - côté,,,,,,,,,,,1,1,1,1.0,3
201400058600,0014-03-24 21:45:00,14,3,24,21,45,976,4,,,,Nuit sans éclairage public,Hors agglomération,Hors intersection,Pluie forte,Autre collision,,,,,,,,,,,3,1,1,3.0,6
201400058601,0014-05-01 20:30:00,14,5,1,20,30,976,4,,,,Nuit sans éclairage public,Hors agglomération,Hors intersection,Normale,Deux véhicules - frontale,,,,,,,,,,,3,1,1,1.0,1
201400058602,0014-05-13 05:30:00,14,5,13,5,30,976,3,,,,Crépuscule ou aube,Hors agglomération,Hors intersection,Normale,Deux véhicules - frontale,,,,,,,,,,,2,1,1,1.0,1
201400058603,0014-05-17 08:00:00,14,5,17,8,0,976,4,Poltela,,,Plein jour,En agglomération,Hors intersection,Normale,Sans collision,,,,,,,,,,,1,2,1,1.0,7
201400058604,0014-08-03 18:15:00,14,8,3,18,15,976,4,,,,Crépuscule ou aube,Hors agglomération,Hors intersection,Normale,Sans collision,,,,,,,,,,,2,1,1,1.0,7
201400058605,0014-08-04 08:45:00,14,8,4,8,45,976,4,,,,Plein jour,Hors agglomération,Hors intersection,Normale,Trois véhicules et plus - collisions multiples,,,,,,,,,,,1,1,1,1.0,5
201400058606,0014-08-15 08:30:00,14,8,15,8,30,976,4,,,,Plein jour,Hors agglomération,Autre intersection,Normale,Trois véhicules et plus - collisions multiples,,,,,,,,,,,1,1,9,1.0,5
201400058607,0014-11-06 13:00:00,14,11,6,13,0,976,4,route nationale 3,,,Plein jour,En agglomération,Hors intersection,Normale,Autre collision,,,,,,,,,,,1,2,1,1.0,6
201400058608,0014-11-29 11:45:00,14,11,29,11,45,976,4,,,,Plein jour,Hors agglomération,Hors intersection,Normale,Trois véhicules et plus - collisions multiples,,,,,,,,,,,1,1,1,1.0,5
201400058609,0014-12-15 15:00:00,14,12,15,15,0,976,4,MRAMADOUDOU,,,Plein jour,En agglomération,Hors intersection,Normale,Autre collision,,,,,,,,,,,1,2,1,1.0,6
201400058610,0014-12-20 11:45:00,14,12,20,11,45,976,4,,,,Plein jour,Hors agglomération,Hors intersection,Normale,Deux véhicules - arrière,,,,,,,,,,,1,1,1,1.0,2
201400058611,0014-01-06 10:30:00,14,1,6,10,30,973,9,route de Montjoly,,,Plein jour,En agglomération,Hors intersection,Normale,Trois véhicules et plus - en chaîne,,,,,,,,,,,1,2,1,1.0,4
201400058612,0014-01-11 11:00:00,14,1,11,11,0,973,9,rue Sylvestre Lixef,,,Plein jour,En agglomération,Hors intersection,Normale,Deux véhicules - côté,,,,,,,,,,,1,2,1,1.0,3
201400058613,0014-01-28 14:00:00,14,1,28,14,0,973,9,AVENUE MICHOTTE,,,Plein jour,En agglomération,Hors intersection,Normale,Autre collision,,,,,,,,,,,1,2,1,1.0,6
201400058614,0014-01-30 15:00:00,14,1,30,15,0,973,9,,,,Plein jour,Hors agglomération,Hors intersection,Normale,Deux véhicules - frontale,,,,,,,,,,,1,1,1,1.0,1
201400058615,0014-02-03 10:45:00,14,2,3,10,45,973,9,route de remire,,,Plein jour,En agglomération,Hors intersection,Normale,Deux véhicules - côté,,,,,,,,,,,1,2,1,1.0,3
201400058616,0014-02-17 00:45:00,14,2,17,0,45,973,9,AVENUE GASTON MONNERVILL,,,Nuit avec éclairage allumé,En agglomération,Hors intersection,Normale,Deux véhicules - côté,,,,,,,,,,,5,2,1,1.0,3
201400058617,0014-03-28 12:00:00,14,3,28,12,0,973,9,,,,Plein jour,Hors agglomération,Hors intersection,Normale,Deux véhicules - côté,,,,,,,,,,,1,1,1,1.0,3
201400058618,0014-03-27 19:30:00,14,3,27,19,30,973,9,Route de R?mire,,,Nuit avec éclairage allumé,En agglomération,Hors intersection,Normale,Deux véhicules - frontale,,,,,,,,,,,5,2,1,1.0,1
201400058619,0014-05-08 10:00:00,14,5,8,10,0,973,9,255 rue St Ange Methon,,,Plein jour,En agglomération,Hors intersection,Normale,Autre collision,,,,,,,,,,,1,2,1,1.0,6
201400058620,0014-06-05 22:00:00,14,6,5,22,0,973,9,rue lixef,,,Nuit avec éclairage allumé,En agglomération,Hors intersection,Temps couvert,Deux véhicules - côté,,,,,,,,,,,5,2,1,8.0,3
201400058621,0014-07-11 14:30:00,14,7,11,14,30,973,9,Route de R?mire,,,Plein jour,En agglomération,Hors intersection,Normale,Sans collision,,,,,,,,,,,1,2,1,1.0,7
201400058622,0014-07-06 19:30:00,14,7,6,19,30,973,9,avenue Cyprien Gildon,,,Nuit sans éclairage public,En agglomération,Hors intersection,Normale,Sans collision,,,,,,,,,,,3,2,1,1.0,7
201400058623,0014-07-15 08:45:00,14,7,15,8,45,973,9,,,,Plein jour,Hors agglomération,Hors intersection,Normale,Deux véhicules - côté,,,,,,,,,,,1,1,1,1.0,3
201400058624,0014-07-30 16:45:00,14,7,30,16,45,973,9,Route de R?mire,,,Plein jour,En agglomération,Hors intersection,Normale,Sans collision,,,,,,,,,,,1,2,1,1.0,7
201400058625,0014-08-10 11:15:00,14,8,10,11,15,973,9,route de remire,,,Plein jour,En agglomération,Hors intersection,Normale,Deux véhicules - côté,,,,,,,,,,,1,2,1,1.0,3
201400058626,0014-08-30 20:00:00,14,8,30,20,0,973,9,avenue G. Monnerville,,,Nuit avec éclairage allumé,En agglomération,Hors intersection,Normale,Deux véhicules - côté,,,,,,,,,,,5,2,1,1.0,3
201400058627,0014-09-04 17:30:00,14,9,4,17,30,973,9,Avenue Morne Coco,,,Plein jour,En agglomération,Hors intersection,Normale,Deux véhicules - frontale,,,,,,,,,,,1,2,1,1.0,1
201400058628,0014-09-24 06:30:00,14,9,24,6,30,973,9,Avenue Leon Gontran Dama,,,Plein jour,En agglomération,Hors intersection,Normale,Deux véhicules - côté,,,,,,,,,,,1,2,1,1.0,3
201400058629,0014-09-24 21:15:00,14,9,24,21,15,973,9,route de Montjoly,,,Nuit avec éclairage allumé,En agglomération,Hors intersection,Normale,Deux véhicules - côté,,,,,,,,,,,5,2,1,1.0,3
201400058630,0014-10-07 15:15:00,14,10,7,15,15,973,9,,,,Plein jour,Hors agglomération,Hors intersection,Pluie légère,Trois véhicules et plus - collisions multiples,,,,,,,,,,,1,1,1,2.0,5
201400058631,0014-10-26 06:15:00,14,10,26,6,15,973,9,962 route des plages RD1,,,Crépuscule ou aube,En agglomération,Hors intersection,Normale,Autre collision,,,,,,,,,,,2,2,1,1.0,6
201400058632,0014-11-14 01:30:00,14,11,14,1,30,973,9,,,,Nuit avec éclairage allumé,Hors agglomération,Hors intersection,Normale,Deux véhicules - frontale,,,,,,,,,,,5,1,1,1.0,1
201400058633,0014-11-24 20:15:00,14,11,24,20,15,973,9,Route de Montjoly,,,Nuit avec éclairage allumé,En agglomération,Hors intersection,Normale,Deux véhicules - côté,,,,,,,,,,,5,2,1,1.0,3
201400058634,0014-12-27 21:30:00,14,12,27,21,30,973,9,,,,Nuit avec éclairage allumé,En agglomération,Hors intersection,Normale,Deux véhicules - côté,,,,,,,,,,,5,2,1,1.0,3
201400058635,0014-12-21 21:00:00,14,12,21,21,0,974,15,,,,Nuit sans éclairage public,Hors agglomération,Hors intersection,Normale,Autre collision,,,,,,,,,,,3,1,1,1.0,6
201400058636,0014-05-23 17:45:00,14,5,23,17,45,974,13,,,,Crépuscule ou aube,Hors agglomération,Hors intersection,Pluie légère,Trois véhicules et plus - collisions multiples,,,,,,,,,,,2,1,1,2.0,5
201400058637,0014-05-31 12:30:00,14,5,31,12,30,974,13,Adrien Lagourgue,,,Plein jour,En agglomération,Hors intersection,Normale,Trois véhicules et plus - collisions multiples,,,,,,,,,,,1,2,1,1.0,5
201400058638,0014-07-17 06:45:00,14,7,17,6,45,974,13,rue de la cie des indes,,,Plein jour,En agglomération,Hors intersection,Normale,Autre collision,,,,,,,,,,,1,2,1,1.0,6
201400058639,0014-11-18 18:00:00,14,11,18,18,0,974,13,rue alexandre b?gue,,,Crépuscule ou aube,En agglomération,Hors intersection,Normale,Deux véhicules - frontale,,,,,,,,,,,2,2,1,1.0,1
201400058640,0014-12-01 16:15:00,14,12,1,16,15,974,13,Rue du general Lambert,,,Plein jour,En agglomération,Giratoire,Normale,Deux véhicules - frontale,,,,,,,,,,,1,2,6,1.0,1
201400058641,0014-02-17 05:30:00,14,2,17,5,30,973,4,,,,Nuit sans éclairage public,Hors agglomération,Hors intersection,Normale,Autre collision,,,,,,,,,,,3,1,1,1.0,6
201400058642,0014-03-15 10:45:00,14,3,15,10,45,973,4,,,,Plein jour,Hors agglomération,Hors intersection,Normale,Deux véhicules - arrière,,,,,,,,,,,1,1,1,1.0,2
201400058643,0014-04-01 13:15:00,14,4,1,13,15,973,4,,,,Plein jour,Hors agglomération,Hors intersection,Normale,Deux véhicules - frontale,,,,,,,,,,,1,1,1,1.0,1
201400058644,0014-04-06 03:30:00,14,4,6,3,30,973,4,,,,Nuit sans éclairage public,Hors agglomération,Hors intersection,Normale,Deux véhicules - frontale,,,,,,,,,,,3,1,1,1.0,1
201400058645,0014-04-22 11:15:00,14,4,22,11,15,973,4,,,,Plein jour,Hors agglomération,Hors intersection,Pluie forte,Deux véhicules - côté,,,,,,,,,,,1,1,1,3.0,3
201400058646,0014-05-27 14:45:00,14,5,27,14,45,973,4,rue blaise cendrars,,,Plein jour,En agglomération,Hors intersection,Normale,Deux véhicules - côté,,,,,,,,,,,1,2,1,1.0,3
201400058647,0014-06-20 04:45:00,14,6,20,4,45,973,4,,,,Nuit avec éclairage allumé,Hors agglomération,Hors intersection,Pluie légère,Deux véhicules - frontale,,,,,,,,,,,5,1,1,2.0,1
201400058648,0014-01-02 18:00:00,14,1,2,18,0,973,7,rue des Tropiques,,,Nuit avec éclairage allumé,En agglomération,Hors intersection,Normale,Deux véhicules - frontale,,,,,,,,,,,5,2,1,1.0,1
201400058649,0014-01-09 20:00:00,14,1,9,20,0,973,7,RN2/RUE DES TAMARINS,,,Nuit avec éclairage allumé,En agglomération,Hors intersection,Normale,Trois véhicules et plus - collisions multiples,,,,,,,,,,,5,2,1,1.0,5
201400058650,0014-01-30 15:45:00,14,1,30,15,45,973,7,Route nationale 2 PK 1.1,,,Nuit avec éclairage allumé,En agglomération,Hors intersection,Pluie légère,Deux véhicules - arrière,,,,,,,,,,,5,2,1,2.0,2
201400058651,0014-02-10 01:30:00,14,2,10,1,30,973,7,,,,Nuit sans éclairage public,Hors agglomération,Hors intersection,Pluie légère,Sans collision,,,,,,,,,,,3,1,1,2.0,7
201400058652,0014-02-21 07:15:00,14,2,21,7,15,973,7,,,,Plein jour,Hors agglomération,Hors intersection,Normale,Deux véhicules - frontale,,,,,,,,,,,1,1,1,1.0,1
201400058653,0014-03-26 07:30:00,14,3,26,7,30,973,7,rue champ de cannes,,,Plein jour,En agglomération,Intersection en X,Normale,Deux véhicules - côté,,,,,,,,,,,1,2,2,1.0,3
201400058654,0014-04-05 15:30:00,14,4,5,15,30,973,7,,,,Plein jour,Hors agglomération,Hors intersection,Normale,Autre collision,,,,,,,,,,,1,1,1,1.0,6
201400058655,0014-04-16 17:45:00,14,4,16,17,45,973,7,,,,Nuit avec éclairage allumé,Hors agglomération,Hors intersection,Normale,Deux véhicules - frontale,,,,,,,,,,,5,1,1,1.0,1
201400058656,0014-05-03 12:30:00,14,5,3,12,30,973,7,PK05 - RN 02,,,Plein jour,En agglomération,Hors intersection,Normale,Trois véhicules et plus - collisions multiples,,,,,,,,,,,1,2,1,1.0,5
201400058657,0014-05-25 20:30:00,14,5,25,20,30,973,7,RN2 PK5,,,Nuit avec éclairage non allumé,En agglomération,Hors intersection,Pluie légère,Deux véhicules - côté,,,,,,,,,,,4,2,1,2.0,3
201400058658,0014-06-23 06:15:00,14,6,23,6,15,973,7,,,,Crépuscule ou aube,Hors agglomération,Hors intersection,Pluie forte,Autre collision,,,,,,,,,,,2,1,1,3.0,6
201400058659,0014-06-22 23:00:00,14,6,22,23,0,973,7,,,,Nuit sans éclairage public,Hors agglomération,Hors intersection,Pluie légère,Autre collision,,,,,,,,,,,3,1,1,2.0,6
201400058660,0014-07-18 06:30:00,14,7,18,6,30,973,7,route nationale 4,,,Plein jour,En agglomération,Hors intersection,Normale,Deux véhicules - frontale,,,,,,,,,,,1,2,1,1.0,1
201400058661,0014-07-19 19:30:00,14,7,19,19,30,973,7,,,,Nuit avec éclairage allumé,En agglomération,Intersection en X,Normale,Deux véhicules - côté,,,,,,,,,,,5,2,2,1.0,3
201400058662,0014-08-28 12:30:00,14,8,28,12,30,973,7,RUE DE LA CABRESE,,,Plein jour,En agglomération,Hors intersection,Normale,Autre collision,,,,,,,,,,,1,2,1,1.0,6
201400058663,0014-08-29 11:30:00,14,8,29,11,30,973,7,,,,Plein jour,Hors agglomération,Hors intersection,Normale,Deux véhicules - côté,,,,,,,,,,,1,1,1,1.0,3
201400058664,0014-08-30 22:45:00,14,8,30,22,45,973,7,,,,Nuit sans éclairage public,Hors agglomération,Hors intersection,Normale,Deux véhicules - frontale,,,,,,,,,,,3,1,1,1.0,1
201400058665,0014-11-08 08:15:00,14,11,8,8,15,973,7,,,,Plein jour,Hors agglomération,Hors intersection,Normale,Deux véhicules - arrière,,,,,,,,,,,1,1,1,1.0,2
201400058666,0014-11-08 16:45:00,14,11,8,16,45,973,7,,,,Plein jour,Hors agglomération,Hors intersection,Normale,Deux véhicules - frontale,,,,,,,,,,,1,1,1,1.0,1
201400058667,0014-11-20 18:00:00,14,11,20,18,0,973,7,intersection Bagasse RN2,,,Plein jour,En agglomération,Hors intersection,Normale,Deux véhicules - frontale,,,,,,,,,,,1,2,1,1.0,1
201400058668,0014-12-01 09:00:00,14,12,1,9,0,973,7,Int. RN2/Rue Bagasse,,,Plein jour,En agglomération,Hors intersection,Normale,Deux véhicules - côté,,,,,,,,,,,1,2,1,1.0,3
201400058669,0014-02-28 20:15:00,14,2,28,20,15,974,15,"203, rue du cendragon",,,Nuit sans éclairage public,En agglomération,Hors intersection,Normale,Autre collision,,,,,,,,,,,3,2,1,1.0,6
201400058670,0014-11-07 15:30:00,14,11,7,15,30,974,15,,,,Plein jour,Hors agglomération,Hors intersection,Normale,Deux véhicules - arrière,,,,,,,,,,,1,1,1,1.0,2
201400058671,0014-11-25 12:15:00,14,11,25,12,15,974,15,,,,Plein jour,Hors agglomération,Hors intersection,Normale,Trois véhicules et plus - collisions multiples,,,,,,,,,,,1,1,1,1.0,5
201400058672,0014-12-10 17:00:00,14,12,10,17,0,974,15,,,,Crépuscule ou aube,Hors agglomération,Hors intersection,Pluie légère,Deux véhicules - frontale,,,,,,,,,,,2,1,1,2.0,1
201400058673,0014-07-30 17:00:00,14,7,30,17,0,974,15,rue prisami,,,Plein jour,En agglomération,Hors intersection,Normale,Sans collision,,,,,,,,,,,1,2,1,1.0,7
201400058674,0014-05-25 18:30:00,14,5,25,18,30,972,30,Tartane,,,Plein jour,En agglomération,Hors intersection,Normale,Deux véhicules - frontale,,,,,,,,,,,1,2,1,1.0,1
201400058675,0014-04-05 00:30:00,14,4,5,0,30,974,1,,,,Nuit sans éclairage public,Hors agglomération,Hors intersection,Normale,Sans collision,,,,,,,,,,,3,1,1,1.0,7
201400058676,0014-02-03 11:45:00,14,2,3,11,45,974,13,,,,Plein jour,Hors agglomération,Hors intersection,Normale,Deux véhicules - côté,,,,,,,,,,,1,1,1,1.0,3
201400058677,0014-03-17 09:15:00,14,3,17,9,15,974,13,,,,Plein jour,Hors agglomération,Hors intersection,Normale,Deux véhicules - côté,,,,,,,,,,,1,1,1,1.0,3
201400058678,0014-05-24 12:00:00,14,5,24,12,0,974,13,,,,Plein jour,Hors agglomération,Hors intersection,Normale,Autre collision,,,,,,,,,,,1,1,1,1.0,6
201400058679,0014-10-24 13:30:00,14,10,24,13,30,974,13,,,,Plein jour,Hors agglomération,Hors intersection,Normale,Deux véhicules - côté,,,,,,,,,,,1,1,1,1.0,3
201400058680,0014-02-09 07:45:00,14,2,9,7,45,971,32,,,,Plein jour,Hors agglomération,Hors intersection,Normale,Deux véhicules - frontale,,,,,,,,,,,1,1,1,1.0,1
201400058681,0014-03-15 23:15:00,14,3,15,23,15,971,32,,,,Nuit avec éclairage allumé,Hors agglomération,Hors intersection,Normale,Deux véhicules - frontale,,,,,,,,,,,5,1,1,1.0,1
201400058682,0014-07-08 11:45:00,14,7,8,11,45,971,9,,,,Plein jour,Hors agglomération,Hors intersection,Normale,Deux véhicules - côté,,,,,,,,,,,1,1,1,1.0,3
201400058683,0014-09-21 15:30:00,14,9,21,15,30,971,9,,,,Plein jour,Hors agglomération,Hors intersection,Normale,Deux véhicules - côté,,,,,,,,,,,1,1,1,1.0,3
201400058684,0014-09-20 17:30:00,14,9,20,17,30,974,14,Rue cartouche,,,Plein jour,En agglomération,Hors intersection,Temps éblouissant,Autre collision,,,,,,,,,,,1,2,1,7.0,6
201400058685,0014-10-27 14:30:00,14,10,27,14,30,974,14,Chemin Champignons,,,Plein jour,En agglomération,Hors intersection,Normale,Deux véhicules - frontale,,,,,,,,,,,1,2,1,1.0,1
201400058686,0014-11-29 09:45:00,14,11,29,9,45,974,14,,,,Plein jour,Hors agglomération,Hors intersection,Normale,Autre collision,,,,,,,,,,,1,1,1,1.0,6