accident_id,datetime,annee,mois,jour,heure,minute,departement,commune_insee,adresse,latitude,longitude,luminosite,agglomeration,intersection,meteo,collision,nb_vehicules,nb_usagers,nb_indemnes,nb_tues,nb_blesses_hosp,nb_blesses_legers,age_cond_1,age_cond_2,veh_type_cond_1,veh_type_cond_2,lum_code,agg_code,int_code,atm_code,col_code
201400058947,0014-03-13 14:45:00,14,3,13,14,45,972,9,"RN1, GENERAL DE GAULLE (",,,Plein jour,En agglomération,Hors intersection,Normale,Autre collision,,,,,,,,,,,1,2,1,1.0,6
201400058948,0014-03-16 01:10:00,14,3,16,1,10,972,9,"RD40, SOLEIL LEVANT (BOU",,,Nuit avec éclairage allumé,Hors agglomération,Hors intersection,Temps couvert,Sans collision,,,,,,,,,,,5,1,1,8.0,7
201400058949,0014-03-17 08:04:00,14,3,17,8,4,972,9,"RD13, CHATEAUBOEUF (ROUT",,,Plein jour,En agglomération,Hors intersection,Normale,Deux véhicules - côté,,,,,,,,,,,1,2,1,1.0,3
201400058950,0014-03-18 18:15:00,14,3,18,18,15,972,9,"Comm, GODISSARD (BOULEVA",,,Crépuscule ou aube,Hors agglomération,Hors intersection,Temps couvert,Sans collision,,,,,,,,,,,2,1,1,8.0,7
201400058951,0014-03-21 08:00:00,14,3,21,8,0,972,9,"RN1, GENERAL DE GAULLE (",,,Plein jour,En agglomération,Hors intersection,Normale,Autre collision,,,,,,,,,,,1,2,1,1.0,6
201400058952,0014-03-22 20:00:00,14,3,22,20,0,972,9,"Comm, GOUVERNEUR PONTON",,,Nuit avec éclairage allumé,En agglomération,Hors intersection,Normale,Sans collision,,,,,,,,,,,5,2,1,1.0,7
201400058953,0014-03-25 15:15:00,14,3,25,15,15,972,9,"RD 45, PROFESSEUR RAYMON",,,Plein jour,En agglomération,Hors intersection,Normale,Deux véhicules - côté,,,,,,,,,,,1,2,1,1.0,3
201400058954,0014-03-27 08:40:00,14,3,27,8,40,972,9,"Comm, GERARD NOUVET (RUE",,,Plein jour,En agglomération,Hors intersection,Normale,Autre collision,,,,,,,,,,,1,2,1,1.0,6
201400058955,0014-03-27 20:33:00,14,3,27,20,33,972,9,"RN1, GENERAL DE GAULLE (",,,Nuit avec éclairage allumé,En agglomération,Hors intersection,Normale,Autre collision,,,,,,,,,,,5,2,1,1.0,6
201400058956,0014-03-28 20:00:00,14,3,28,20,0,972,9,"RD47, RAVINE VILAINE (CH",,,Nuit avec éclairage allumé,Hors agglomération,Hors intersection,Normale,Autre collision,,,,,,,,,,,5,1,1,1.0,6
201400058957,0014-03-31 15:15:00,14,3,31,15,15,972,9,"RD13A, JAMBETTE (ROUTE D",,,Plein jour,Hors agglomération,Hors intersection,Normale,Autre collision,,,,,,,,,,,1,1,1,1.0,6
201400058958,0014-04-02 10:55:00,14,4,2,10,55,972,9,"2Rocade, RD 41",,,Plein jour,En agglomération,Hors intersection,Normale,Deux véhicules - frontale,,,,,,,,,,,1,2,1,1.0,1
201400058959,0014-04-05 12:05:00,14,4,5,12,5,972,9,"6Comm, FELIX EBOUE (RUE)",,,Plein jour,En agglomération,Hors intersection,Normale,Autre collision,,,,,,,,,,,1,2,1,1.0,6
201400058960,0014-04-07 13:50:00,14,4,7,13,50,972,9,"6RD42, ALFASSA (BOULEVAR",,,Plein jour,En agglomération,Hors intersection,Normale,Autre collision,,,,,,,,,,,1,2,1,1.0,6
201400058961,0014-04-09 11:50:00,14,4,9,11,50,972,9,"6Comm, SALVATOR ALLENDE",,,Plein jour,En agglomération,Hors intersection,Normale,Autre collision,,,,,,,,,,,1,2,1,1.0,6
201400058962,0014-04-11 18:20:00,14,4,11,18,20,972,9,"1RN3, BALATA (ROUTE DE)",,,Crépuscule ou aube,En agglomération,Hors intersection,Normale,Deux véhicules - frontale,,,,,,,,,,,2,2,1,1.0,1
201400058963,0014-04-19 16:17:00,14,4,19,16,17,972,9,"RD 41, RD 41",,,Plein jour,En agglomération,Hors intersection,Normale,Autre collision,,,,,,,,,,,1,2,1,1.0,6
201400058964,0014-04-19 22:10:00,14,4,19,22,10,972,9,"A1, AUTOROUTE (A1)",,,Nuit avec éclairage allumé,En agglomération,Hors intersection,Normale,Sans collision,,,,,,,,,,,5,2,1,1.0,7
201400058965,0014-04-20 04:55:00,14,4,20,4,55,972,9,"Rocade, RD 41",,,Crépuscule ou aube,En agglomération,Hors intersection,Normale,Sans collision,,,,,,,,,,,2,2,1,1.0,7
201400058966,0014-04-23 08:15:00,14,4,23,8,15,972,9,"Comm, VICTOR SEVERE (RUE",,,Plein jour,En agglomération,Hors intersection,Normale,Autre collision,,,,,,,,,,,1,2,1,1.0,6
201400058967,0014-04-24 16:48:00,14,4,24,16,48,972,9,"Comm, KERLYS (RUE DE )",,,Plein jour,En agglomération,Hors intersection,Normale,Autre collision,,,,,,,,,,,1,2,1,1.0,6
201400058968,0014-05-01 04:55:00,14,5,1,4,55,972,9,"A1, AUTOROUTE (A1)",,,Crépuscule ou aube,Hors agglomération,Hors intersection,Normale,Autre collision,,,,,,,,,,,2,1,1,1.0,6
201400058969,0014-05-02 21:10:00,14,5,2,21,10,972,9,"Comm, AURELIE DICANOT (R",,,Nuit avec éclairage allumé,En agglomération,Hors intersection,Normale,Autre collision,,,,,,,,,,,5,2,1,1.0,6
201400058970,0014-05-03 21:38:00,14,5,3,21,38,972,9,"RD 48, RELIGIEUSES (ROUT",,,Nuit avec éclairage allumé,En agglomération,Hors intersection,Normale,Deux véhicules - frontale,,,,,,,,,,,5,2,1,1.0,1
201400058971,0014-05-06 06:30:00,14,5,6,6,30,972,9,"RD 40, SOLEIL LEVANT (BO",,,Plein jour,En agglomération,Hors intersection,Normale,Autre collision,,,,,,,,,,,1,2,1,1.0,6
201400058972,0014-05-07 12:30:00,14,5,7,12,30,972,9,"RN9, RN9",,,Plein jour,En agglomération,Hors intersection,Normale,Deux véhicules - côté,,,,,,,,,,,1,2,1,1.0,3
201400058973,0014-05-09 07:35:00,14,5,9,7,35,972,9,"Comm, T.S.F. (BOULEVARD)",,,Plein jour,En agglomération,Hors intersection,Temps couvert,Sans collision,,,,,,,,,,,1,2,1,8.0,7
201400058974,0014-05-10 10:30:00,14,5,10,10,30,972,9,"Comm, DILLON (AVENUE DE)",,,Plein jour,En agglomération,Intersection en T,Normale,Autre collision,,,,,,,,,,,1,2,3,1.0,6
201400058975,0014-05-11 13:55:00,14,5,11,13,55,972,9,"Comm, ABATTOIR (RUE DE L",,,Plein jour,En agglomération,Hors intersection,Normale,Sans collision,,,,,,,,,,,1,2,1,1.0,7
201400058976,0014-05-16 13:55:00,14,5,16,13,55,972,9,"RD 59, VICTOR LAMON (AVE",,,Plein jour,En agglomération,Hors intersection,Normale,Deux véhicules - arrière,,,,,,,,,,,1,2,1,1.0,2
201400058977,0014-05-19 08:57:00,14,5,19,8,57,972,9,"Comm, NELSON MANDELA (BO",,,Plein jour,En agglomération,Intersection en T,Normale,Deux véhicules - côté,,,,,,,,,,,1,2,3,1.0,3
201400058978,0014-05-20 19:15:00,14,5,20,19,15,972,9,"RN2, ROBERT ATTULY (BOUL",,,Nuit avec éclairage allumé,En agglomération,Hors intersection,Normale,Deux véhicules - arrière,,,,,,,,,,,5,2,1,1.0,2
201400058979,0014-05-26 10:50:00,14,5,26,10,50,972,9,"RD45, PROFESSEUR RAYMOND",,,Plein jour,En agglomération,Hors intersection,Normale,Autre collision,,,,,,,,,,,1,2,1,1.0,6
201400058980,0014-05-27 11:30:00,14,5,27,11,30,972,9,"Comm, SALVATOR ALLENDE (",,,Plein jour,En agglomération,Hors intersection,Normale,Autre collision,,,,,,,,,,,1,2,1,1.0,6
201400058981,0014-05-29 14:45:00,14,5,29,14,45,972,9,"RD49, ENTRAIDE (ROUTE DE",,,Plein jour,En agglomération,Hors intersection,Normale,Deux véhicules - arrière,,,,,,,,,,,1,2,1,1.0,2
201400058982,0014-05-31 05:40:00,14,5,31,5,40,972,9,"RD 41, RD 41",,,Crépuscule ou aube,En agglomération,Hors intersection,Normale,Sans collision,,,,,,,,,,,2,2,1,1.0,7
201400058983,0014-06-03 06:45:00,14,6,3,6,45,972,9,"RD41, RD 41",,,Plein jour,En agglomération,Hors intersection,Normale,Trois véhicules et plus - en chaîne,,,,,,,,,,,1,2,1,1.0,4
201400058984,0014-06-04 11:45:00,14,6,4,11,45,972,9,"RD13A, JAMBETTE (ROUTE D",,,Plein jour,Hors agglomération,Hors intersection,Normale,Autre collision,,,,,,,,,,,1,1,1,1.0,6
201400058985,0014-06-05 19:35:00,14,6,5,19,35,972,9,"RN1, AUTOROUTE (A1)",,,Nuit avec éclairage allumé,Hors agglomération,Hors intersection,Normale,Autre collision,,,,,,,,,,,5,1,1,1.0,6
201400058986,0014-06-06 14:55:00,14,6,6,14,55,972,9,"RD 48, RELIGIEUSES (ROUT",,,Plein jour,En agglomération,Hors intersection,Normale,Autre collision,,,,,,,,,,,1,2,1,1.0,6
201400058987,0014-06-09 19:35:00,14,6,9,19,35,972,9,"RD44, CLUNY (ROUTE DE)",,,Nuit avec éclairage allumé,En agglomération,Hors intersection,Normale,Autre collision,,,,,,,,,,,5,2,1,1.0,6
201400058988,0014-06-11 10:15:00,14,6,11,10,15,972,9,"RD 53, POINTE DES NEGRES",,,Plein jour,En agglomération,Hors intersection,Normale,Autre collision,,,,,,,,,,,1,2,1,1.0,6
201400058989,0014-06-12 23:05:00,14,6,12,23,5,972,9,"Com, ERNEST DEPROGE (RUE",,,Nuit avec éclairage allumé,En agglomération,Intersection en X,Normale,Autre collision,,,,,,,,,,,5,2,2,1.0,6
201400058990,0014-06-18 19:30:00,14,6,18,19,30,972,9,"Comm, FERNAND GABOLY (RU",,,Nuit avec éclairage allumé,Hors agglomération,Hors intersection,Normale,Autre collision,,,,,,,,,,,5,1,1,1.0,6
201400058991,0014-06-22 04:40:00,14,6,22,4,40,972,9,"RN3, BALATA (ROUTE DE)",,,Nuit avec éclairage allumé,En agglomération,Hors intersection,Normale,Deux véhicules - frontale,,,,,,,,,,,5,2,1,1.0,1
201400058992,0014-06-26 08:55:00,14,6,26,8,55,972,9,"RD 49, MOUTTE (ROUTE DE)",,,Plein jour,Hors agglomération,Intersection en T,Normale,Autre collision,,,,,,,,,,,1,1,3,1.0,6
201400058993,0014-06-27 08:15:00,14,6,27,8,15,972,9,"RN1, GENERAL DE GAULLE (",,,Plein jour,En agglomération,Hors intersection,Normale,Autre collision,,,,,,,,,,,1,2,1,1.0,6
201400058994,0014-06-28 03:30:00,14,6,28,3,30,972,9,"RD13, CHATEAUBOEUF (ROUT",,,Nuit avec éclairage allumé,En agglomération,Hors intersection,Normale,Sans collision,,,,,,,,,,,5,2,1,1.0,7
201400058995,0014-07-01 10:05:00,14,7,1,10,5,972,9,"Comm, NELSON MANDELA (BO",,,Plein jour,En agglomération,Intersection en T,Normale,Deux véhicules - côté,,,,,,,,,,,1,2,3,1.0,3
201400058996,0014-07-04 15:05:00,14,7,4,15,5,972,9,"6RN1, GENERAL DE GAULLE",,,Plein jour,En agglomération,Autre intersection,Normale,Autre collision,,,,,,,,,,,1,2,9,1.0,6
201400058997,0014-07-04 11:30:00,14,7,4,11,30,972,9,"RD46, Rue Xavier ORVILLE",,,Plein jour,En agglomération,Hors intersection,Normale,Autre collision,,,,,,,,,,,1,2,1,1.0,6
201400058998,0014-07-16 15:55:00,14,7,16,15,55,972,9,"RD 46, Rue Xavier ORVILL",,,Plein jour,En agglomération,Hors intersection,Normale,Autre collision,,,,,,,,,,,1,2,1,1.0,6
201400058999,0014-07-17 13:15:00,14,7,17,13,15,972,9,"RD 40, SOLEIL LEVANT (BO",,,Plein jour,Hors agglomération,Hors intersection,Normale,Autre collision,,,,,,,,,,,1,1,1,1.0,6
201400059000,0014-07-18 10:55:00,14,7,18,10,55,972,9,"Comm, MORNE VENTE (RUE D",,,Plein jour,Hors agglomération,Hors intersection,Normale,Autre collision,,,,,,,,,,,1,1,1,1.0,6
201400059001,0014-07-23 14:45:00,14,7,23,14,45,972,9,"RN4, REDOUTE (ROUTE DE L",,,Plein jour,Hors agglomération,Hors intersection,Normale,Sans collision,,,,,,,,,,,1,1,1,1.0,7
201400059002,0014-07-24 21:00:00,14,7,24,21,0,972,9,"RN1, MAURICE BISHOP (AVE",,,Nuit avec éclairage allumé,En agglomération,Hors intersection,Normale,Autre collision,,,,,,,,,,,5,2,1,1.0,6
201400059003,0014-07-29 09:35:00,14,7,29,9,35,972,9,"RN4, FOLIE (ROUTE DE LA)",,,Plein jour,En agglomération,Hors intersection,Normale,Autre collision,,,,,,,,,,,1,2,1,1.0,6
201400059004,0014-08-02 16:55:00,14,8,2,16,55,972,9,"RD13, CHATEAUBOEUF (ROUT",,,Plein jour,En agglomération,Hors intersection,Normale,Deux véhicules - arrière,,,,,,,,,,,1,2,1,1.0,2
201400059005,0014-08-03 22:15:00,14,8,3,22,15,972,9,"A1, AUTOROUTE (A1)",,,Nuit sans éclairage public,Hors agglomération,Hors intersection,Normale,Autre collision,,,,,,,,,,,3,1,1,1.0,6
201400059006,0014-08-08 14:50:00,14,8,8,14,50,972,9,"Comm, TANNERIE (RUE DE L",,,Plein jour,En agglomération,Hors intersection,Normale,Autre collision,,,,,,,,,,,1,2,1,1.0,6
201400059007,0014-08-10 15:15:00,14,8,10,15,15,972,9,"Comm, SALVATOR ALLENDE (",,,Plein jour,En agglomération,Hors intersection,Normale,Deux véhicules - côté,,,,,,,,,,,1,2,1,1.0,3
201400059008,0014-08-15 12:25:00,14,8,15,12,25,972,9,"RN3, BALATA (ROUTE DE)",,,Plein jour,Hors agglomération,Hors intersection,Normale,Deux véhicules - frontale,,,,,,,,,,,1,1,1,1.0,1
201400059009,0014-08-20 05:50:00,14,8,20,5,50,972,9,"1, AUTOROUTE (A1)",,,Plein jour,Hors agglomération,Hors intersection,Normale,Autre collision,,,,,,,,,,,1,1,1,1.0,6
201400059010,0014-08-22 20:40:00,14,8,22,20,40,972,9,"51, JEAN JAURES (AVENUE)",,,Nuit avec éclairage allumé,En agglomération,Intersection en X,Normale,Deux véhicules - côté,,,,,,,,,,,5,2,2,1.0,3
201400059011,0014-08-26 00:10:00,14,8,26,0,10,972,9,"14 A, ARAWAKS (AVENUE DE",,,Nuit avec éclairage allumé,En agglomération,Hors intersection,Normale,Autre collision,,,,,,,,,,,5,2,1,1.0,6
201400059012,0014-08-30 06:25:00,14,8,30,6,25,972,9,"1, AUTOROUTE (A1)",,,Plein jour,Hors agglomération,Hors intersection,Pluie légère,Sans collision,,,,,,,,,,,1,1,1,2.0,7
201400059013,0014-08-30 13:11:00,14,8,30,13,11,972,9,"47, RAVINE VILAINE (CHEM",,,Plein jour,Hors agglomération,Intersection en T,Normale,Deux véhicules - côté,,,,,,,,,,,1,1,3,1.0,3
201400059014,0014-09-01 09:05:00,14,9,1,9,5,972,9,"Comm, JUDES TURIAF (AVEN",,,Plein jour,En agglomération,Hors intersection,Normale,Deux véhicules - côté,,,,,,,,,,,1,2,1,1.0,3
201400059015,0014-09-02 20:55:00,14,9,2,20,55,972,9,"45, PROFESSEUR RAYMOND G",,,Nuit avec éclairage allumé,En agglomération,Hors intersection,Normale,Deux véhicules - côté,,,,,,,,,,,5,2,1,1.0,3
201400059016,0014-09-03 18:55:00,14,9,3,18,55,972,9,"48, RELIGIEUSES (ROUTE D",,,Nuit avec éclairage allumé,En agglomération,Hors intersection,Normale,Autre collision,,,,,,,,,,,5,2,1,1.0,6
201400059017,0014-09-04 14:00:00,14,9,4,14,0,972,9,"43, CONDORCET (AVENUE)",,,Plein jour,En agglomération,Hors intersection,Normale,Autre collision,,,,,,,,,,,1,2,1,1.0,6
201400059018,0014-09-05 08:10:00,14,9,5,8,10,972,9,"13 A, JAMBETTE (ROUTE DE",,,Plein jour,Hors agglomération,Hors intersection,Normale,Autre collision,,,,,,,,,,,1,1,1,1.0,6
201400059019,0014-09-14 18:30:00,14,9,14,18,30,972,9,"3, BALATA (ROUTE DE)",,,Nuit sans éclairage public,Hors agglomération,Hors intersection,Normale,Autre collision,,,,,,,,,,,3,1,1,1.0,6
201400059020,0014-09-15 19:25:00,14,9,15,19,25,972,9,"45, PROFESSEUR RAYMOND G",,,Nuit avec éclairage allumé,En agglomération,Hors intersection,Normale,Autre collision,,,,,,,,,,,5,2,1,1.0,6
201400059021,0014-09-18 07:50:00,14,9,18,7,50,972,9,"13A, JAMBETTE (ROUTE DE",,,Plein jour,En agglomération,Hors intersection,Normale,Autre collision,,,,,,,,,,,1,2,1,1.0,6
201400059022,0014-09-24 21:20:00,14,9,24,21,20,972,9,"31, GENERAL DE GAULLE (B",,,Nuit avec éclairage allumé,En agglomération,Intersection en X,Pluie légère,Deux véhicules - frontale,,,,,,,,,,,5,2,2,2.0,1
201400059023,0014-09-26 21:40:00,14,9,26,21,40,972,9,"641, RD 41",,,Nuit sans éclairage public,En agglomération,Hors intersection,Normale,Deux véhicules - frontale,,,,,,,,,,,3,2,1,1.0,1
201400059024,0014-09-28 09:40:00,14,9,28,9,40,972,9,"74, FOLIE (ROUTE DE LA)",,,Plein jour,En agglomération,Hors intersection,Normale,Autre collision,,,,,,,,,,,1,2,1,1.0,6
201400059025,0014-09-29 21:30:00,14,9,29,21,30,972,9,"61, GENERAL DE GAULLE (B",,,Nuit avec éclairage allumé,En agglomération,Hors intersection,Normale,Autre collision,,,,,,,,,,,5,2,1,1.0,6
201400059026,0014-09-30 11:10:00,14,9,30,11,10,972,9,"61, GENERAL DE GAULLE (B",,,Plein jour,En agglomération,Hors intersection,Normale,Autre collision,,,,,,,,,,,1,2,1,1.0,6
201400059027,0014-10-04 18:09:00,14,10,4,18,9,972,9,"651, JEAN JAURES (AVENUE",,,Crépuscule ou aube,En agglomération,Hors intersection,Normale,Trois véhicules et plus - collisions multiples,,,,,,,,,,,2,2,1,1.0,5
201400059028,0014-10-08 22:07:00,14,10,8,22,7,972,9,"21, GENERAL DE GAULLE (B",,,Nuit avec éclairage allumé,En agglomération,Hors intersection,Normale,Deux véhicules - frontale,,,,,,,,,,,5,2,1,1.0,1
201400059029,0014-10-09 12:25:00,14,10,9,12,25,972,9,"313 A, RD 13",,,Plein jour,En agglomération,Intersection en X,Pluie légère,Deux véhicules - frontale,,,,,,,,,,,1,2,2,2.0,1
201400059030,0014-10-12 08:23:00,14,10,12,8,23,972,9,"751, ABBE LAVIGNE (AVENU",,,Plein jour,En agglomération,Hors intersection,Normale,Autre collision,,,,,,,,,,,1,2,1,1.0,6
201400059031,0014-10-13 19:45:00,14,10,13,19,45,972,9,"340, SOLEIL LEVANT (BOUL",,,Nuit avec éclairage allumé,En agglomération,Hors intersection,Normale,Deux véhicules - frontale,,,,,,,,,,,5,2,1,1.0,1
201400059032,0014-10-14 06:55:00,14,10,14,6,55,972,9,"64, REDOUTE (ROUTE DE LA",,,Plein jour,En agglomération,Intersection en T,Pluie forte,Trois véhicules et plus - collisions multiples,,,,,,,,,,,1,2,3,3.0,5
201400059033,0014-10-14 15:30:00,14,10,14,15,30,972,9,"213, CHATEAUBOEUF (ROUTE",,,Plein jour,En agglomération,Hors intersection,Normale,Deux véhicules - frontale,,,,,,,,,,,1,2,1,1.0,1
201400059034,0014-10-16 16:50:00,14,10,16,16,50,972,9,"4, FOLIE (ROUTE DE LA)",,,Plein jour,En agglomération,Hors intersection,Normale,Autre collision,,,,,,,,,,,1,2,1,1.0,6
201400059035,0014-10-17 12:00:00,14,10,17,12,0,972,9,"1, GENERAL DE GAULLE (BL",,,Plein jour,En agglomération,Hors intersection,Normale,Deux véhicules - côté,,,,,,,,,,,1,2,1,1.0,3
201400059036,0014-10-17 13:55:00,14,10,17,13,55,972,9,"45, DIDIER (ROUTE DE)",,,Plein jour,Hors agglomération,Hors intersection,Normale,Deux véhicules - côté,,,,,,,,,,,1,1,1,1.0,3
201400059037,0014-10-19 06:50:00,14,10,19,6,50,972,9,"4, FOLIE (ROUTE DE LA)",,,Plein jour,En agglomération,Hors intersection,Normale,Sans collision,,,,,,,,,,,1,2,1,1.0,7
201400059038,0014-10-22 05:35:00,14,10,22,5,35,972,9,"47, RAVINE VILAINE (CHEM",,,Crépuscule ou aube,Hors agglomération,Hors intersection,Temps couvert,Autre collision,,,,,,,,,,,2,1,1,8.0,6
201400059039,0014-10-24 07:56:00,14,10,24,7,56,972,9,"Comm, PAVE (RUE DU)",,,Plein jour,En agglomération,Intersection en T,Normale,Autre collision,,,,,,,,,,,1,2,3,1.0,6
201400059040,0014-10-29 03:00:00,14,10,29,3,0,972,9,"40, SOLEIL LEVANT (BOULE",,,Nuit avec éclairage allumé,En agglomération,Hors intersection,Normale,Deux véhicules - frontale,,,,,,,,,,,5,2,1,1.0,1
201400059041,0014-10-31 21:15:00,14,10,31,21,15,972,9,"1, MAURICE BISHOP (AVENU",,,Nuit avec éclairage allumé,En agglomération,Intersection en T,Normale,Autre collision,,,,,,,,,,,5,2,3,1.0,6
201400059042,0014-11-03 16:45:00,14,11,3,16,45,972,9,"13, CHATEAUBOEUF (ROUTE",,,Plein jour,Hors agglomération,Hors intersection,Normale,Autre collision,,,,,,,,,,,1,1,1,1.0,6
201400059043,0014-11-06 18:55:00,14,11,6,18,55,972,9,"Comm, VICTOR SEVERE (RUE",,,Nuit avec éclairage allumé,En agglomération,Hors intersection,Normale,Autre collision,,,,,,,,,,,5,2,1,1.0,6
201400059044,0014-11-07 08:30:00,14,11,7,8,30,972,9,"13, CHATEAUBOEUF (ROUTE",,,Plein jour,En agglomération,Hors intersection,Normale,Autre collision,,,,,,,,,,,1,2,1,1.0,6
201400059045,0014-11-14 06:30:00,14,11,14,6,30,972,9,"Comm, MOREAU DE JONES (R",,,Nuit avec éclairage allumé,En agglomération,Hors intersection,Normale,Autre collision,,,,,,,,,,,5,2,1,1.0,6
201400059046,0014-11-16 02:00:00,14,11,16,2,0,972,9,"41, RD 41",,,Nuit avec éclairage allumé,En agglomération,Hors intersection,Normale,Autre collision,,,,,,,,,,,5,2,1,1.0,6
201400059047,0014-11-25 06:40:00,14,11,25,6,40,972,9,"13, CHATEAUBOEUF (ROUTE",,,Plein jour,En agglomération,Hors intersection,Normale,Autre collision,,,,,,,,,,,1,2,1,1.0,6
201400059048,0014-11-25 11:15:00,14,11,25,11,15,972,9,"Comm, OSMAN NADEAU (CHEM",,,Plein jour,Hors agglomération,Intersection en T,Normale,Autre collision,,,,,,,,,,,1,1,3,1.0,6
201400059049,0014-11-28 19:00:00,14,11,28,19,0,972,9,"Comm, NORD (BOULEVARD DU",,,Nuit avec éclairage allumé,Hors agglomération,Hors intersection,Normale,Deux véhicules - arrière,,,,,,,,,,,5,1,1,1.0,2
201400059050,0014-11-29 18:15:00,14,11,29,18,15,972,9,"1, MAURICE BISHOP (AVENU",,,Nuit avec éclairage allumé,En agglomération,Hors intersection,Normale,Autre collision,,,,,,,,,,,5,2,1,1.0,6
201400059051,0014-11-30 02:15:00,14,11,30,2,15,972,9,"1, GENERAL DE GAULLE (BL",,,Nuit avec éclairage allumé,En agglomération,Hors intersection,Normale,Autre collision,,,,,,,,,,,5,2,1,1.0,6
201400059052,0014-12-04 09:20:00,14,12,4,9,20,972,9,"1, AUTOROUTE (A1)",,,Plein jour,Hors agglomération,Hors intersection,Normale,Autre collision,,,,,,,,,,,1,1,1,1.0,6
201400059053,0014-12-04 20:15:00,14,12,4,20,15,972,9,"1, GENERAL DE GAULLE (BL",,,Nuit avec éclairage allumé,En agglomération,Intersection en T,Normale,Deux véhicules - côté,,,,,,,,,,,5,2,3,1.0,3
201400059054,0014-12-04 11:15:00,14,12,4,11,15,972,9,"1, GENERAL DE GAULLE (BL",,,Plein jour,En agglomération,Hors intersection,Temps couvert,Autre collision,,,,,,,,,,,1,2,1,8.0,6
201400059055,0014-12-06 17:30:00,14,12,6,17,30,972,9,"Comm, LEOPOLD SEDAR SENG",,,Plein jour,En agglomération,Hors intersection,Normale,Sans collision,,,,,,,,,,,1,2,1,1.0,7
201400059056,0014-12-11 13:25:00,14,12,11,13,25,972,9,"3, BALATA (ROUTE DE)",,,Plein jour,Hors agglomération,Hors intersection,Normale,Deux véhicules - frontale,,,,,,,,,,,1,1,1,1.0,1
201400059057,0014-12-12 07:44:00,14,12,12,7,44,972,9,"47, RAVINE VILAINE (CHEM",,,Plein jour,Hors agglomération,Intersection en T,Normale,Deux véhicules - côté,,,,,,,,,,,1,1,3,1.0,3
201400059058,0014-12-13 05:25:00,14,12,13,5,25,972,9,"13A, JAMBETTE (ROUTE DE)",,,Crépuscule ou aube,Hors agglomération,Hors intersection,Temps couvert,Sans collision,,,,,,,,,,,2,1,1,8.0,7
201400059059,0014-12-14 04:10:00,14,12,14,4,10,972,9,"1, MAURICE BISHOP (AVENU",,,Nuit avec éclairage allumé,En agglomération,Hors intersection,Normale,Autre collision,,,,,,,,,,,5,2,1,1.0,6
201400059060,0014-12-16 07:55:00,14,12,16,7,55,972,9,"4, REDOUTE (ROUTE DE LA)",,,Plein jour,Hors agglomération,Hors intersection,Normale,Autre collision,,,,,,,,,,,1,1,1,1.0,6
201400059061,0014-12-18 08:34:00,14,12,18,8,34,972,9,"Comm, HUGUES DESPOINTES",,,Plein jour,Hors agglomération,Intersection en T,Normale,Deux véhicules - côté,,,,,,,,,,,1,1,3,1.0,3
201400059062,0014-12-19 19:35:00,14,12,19,19,35,972,9,"51, ABBE LAVIGNE (AVENUE",,,Nuit avec éclairage allumé,En agglomération,Hors intersection,Normale,Autre collision,,,,,,,,,,,5,2,1,1.0,6
201400059063,0014-12-24 20:50:00,14,12,24,20,50,972,9,"Comm, RAOUL FOLLEREAU (A",,,Nuit avec éclairage allumé,En agglomération,Intersection en T,Normale,Autre collision,,,,,,,,,,,5,2,3,1.0,6
201400059064,0014-12-25 19:55:00,14,12,25,19,55,972,9,"Comm, CITADELLE (RUE DE",,,Nuit avec éclairage allumé,Hors agglomération,Hors intersection,Normale,Sans collision,,,,,,,,,,,5,1,1,1.0,7
201400059065,0014-12-26 13:24:00,14,12,26,13,24,972,9,"40, SOLEIL LEVANT (BOULE",,,Plein jour,Hors agglomération,Hors intersection,Normale,Deux véhicules - côté,,,,,,,,,,,1,1,1,1.0,3
201400059066,0014-12-27 09:30:00,14,12,27,9,30,972,9,"48, RELIGIEUSES (ROUTE D",,,Plein jour,En agglomération,Hors intersection,Normale,Autre collision,,,,,,,,,,,1,2,1,1.0,6
201400059067,0014-12-27 11:20:00,14,12,27,11,20,972,9,SOLEIL LEVANT (BOULEVARD,,,Plein jour,En agglomération,Hors intersection,Normale,Sans collision,,,,,,,,,,,1,2,1,1.0,7
201400059068,0014-12-26 16:00:00,14,12,26,16,0,972,9,"Comm, ISAMBERT (RUE)",,,Plein jour,En agglomération,Hors intersection,Normale,Autre collision,,,,,,,,,,,1,2,1,1.0,6
201400059069,0014-12-28 20:40:00,14,12,28,20,40,972,9,"13A, JAMBETTE (ROUTE DE)",,,Nuit avec éclairage allumé,Hors agglomération,Hors intersection,Temps couvert,Autre collision,,,,,,,,,,,5,1,1,8.0,6
201400059070,0014-12-30 07:40:00,14,12,30,7,40,972,9,"13A, JAMBETTE (ROUTE DE)",,,Plein jour,Hors agglomération,Hors intersection,Temps couvert,Sans collision,,,,,,,,,,,1,1,1,8.0,7
201400059071,0014-12-30 11:00:00,14,12,30,11,0,972,9,"1, MAURICE BISHOP (AVENU",,,Plein jour,En agglomération,Hors intersection,Normale,Autre collision,,,,,,,,,,,1,2,1,1.0,6
201400059072,0014-12-31 16:10:00,14,12,31,16,10,972,9,"Comm, FRANKLIN ROOSVELT",,,Plein jour,En agglomération,Intersection en X,Normale,Autre collision,,,,,,,,,,,1,2,2,1.0,6
201400059073,0014-01-07 15:12:00,14,1,7,15,12,972,13,6ROUTE DEPARTEMENTALE 3,,,Plein jour,En agglomération,Hors intersection,Normale,Autre collision,,,,,,,,,,,1,2,1,1.0,6
201400059074,0014-01-18 05:15:00,14,1,18,5,15,972,13,6AUTOROUTE A1,,,Nuit avec éclairage allumé,Hors agglomération,Hors intersection,Normale,Autre collision,,,,,,,,,,,5,1,1,1.0,6
201400059075,0014-01-23 22:17:00,14,1,23,22,17,972,13,"6320, BASSE GONDEAU (CHE",,,Nuit avec éclairage allumé,En agglomération,Hors intersection,Normale,Autre collision,,,,,,,,,,,5,2,1,1.0,6