accident_id,datetime,annee,mois,jour,heure,minute,departement,commune_insee,adresse,latitude,longitude,luminosite,agglomeration,intersection,meteo,collision,nb_vehicules,nb_usagers,nb_indemnes,nb_tues,nb_blesses_hosp,nb_blesses_legers,age_cond_1,age_cond_2,veh_type_cond_1,veh_type_cond_2,lum_code,agg_code,int_code,atm_code,col_code
201400059076,0014-02-06 18:25:00,14,2,6,18,25,972,13,ROUTE NATIONALE 1,,,Nuit avec éclairage allumé,Hors agglomération,Giratoire,Normale,Deux véhicules - côté,,,,,,,,,,,5,1,6,1.0,3
201400059077,0014-02-07 06:40:00,14,2,7,6,40,972,13,MAHAULT,,,Plein jour,Hors agglomération,Hors intersection,Pluie légère,Autre collision,,,,,,,,,,,1,1,1,2.0,6
201400059078,0014-02-08 19:40:00,14,2,8,19,40,972,13,MAHAULT,,,Nuit sans éclairage public,Hors agglomération,Hors intersection,Normale,Deux véhicules - côté,,,,,,,,,,,3,1,1,1.0,3
201400059079,0014-02-18 13:30:00,14,2,18,13,30,972,13,ROUTE DEPARTEMENTALE 3,,,Plein jour,Hors agglomération,Hors intersection,Normale,Deux véhicules - frontale,,,,,,,,,,,1,1,1,1.0,1
201400059080,0014-02-12 22:45:00,14,2,12,22,45,972,13,ROUTE DEPARTEMENTALE 14,,,Nuit avec éclairage allumé,Hors agglomération,Hors intersection,Normale,Deux véhicules - côté,,,,,,,,,,,5,1,1,1.0,3
201400059081,0014-02-22 22:55:00,14,2,22,22,55,972,13,PELLETIER (ROUTE DE),,,Nuit sans éclairage public,Hors agglomération,Hors intersection,Normale,Deux véhicules - frontale,,,,,,,,,,,3,1,1,1.0,1
201400059082,0014-03-03 06:20:00,14,3,3,6,20,972,13,7ROUTE DEPARTEMENTALE 15,,,Plein jour,En agglomération,Hors intersection,Normale,Autre collision,,,,,,,,,,,1,2,1,1.0,6
201400059083,0014-03-13 03:05:00,14,3,13,3,5,972,13,6ROUTE DEPARTEMENTALE 14,,,Nuit avec éclairage allumé,En agglomération,Hors intersection,Normale,Autre collision,,,,,,,,,,,5,2,1,1.0,6
201400059084,0014-03-14 01:20:00,14,3,14,1,20,972,13,7ROUTE DEPARTEMENTALE 14,,,Nuit avec éclairage allumé,En agglomération,Hors intersection,Normale,Autre collision,,,,,,,,,,,5,2,1,1.0,6
201400059085,0014-03-14 15:52:00,14,3,14,15,52,972,13,3AUTOROUTE A1,,,Plein jour,Hors agglomération,Hors intersection,Normale,Deux véhicules - frontale,,,,,,,,,,,1,1,1,1.0,1
201400059086,0014-03-20 08:00:00,14,3,20,8,0,972,13,3ROUTE NATIONALE 5,,,Plein jour,Hors agglomération,Hors intersection,Normale,Deux véhicules - frontale,,,,,,,,,,,1,1,1,1.0,1
201400059087,0014-03-26 07:12:00,14,3,26,7,12,972,13,6AUTOROUTE A1,,,Plein jour,Hors agglomération,Hors intersection,Normale,Autre collision,,,,,,,,,,,1,1,1,1.0,6
201400059088,0014-03-26 07:52:00,14,3,26,7,52,972,13,"31, LA PLAINE PETIT MANO",,,Plein jour,En agglomération,Intersection en X,Pluie forte,Deux véhicules - frontale,,,,,,,,,,,1,2,2,3.0,1
201400059089,0014-03-30 20:40:00,14,3,30,20,40,972,13,1ROUTE DEPARTEMENTALE 3,,,Nuit avec éclairage allumé,En agglomération,Hors intersection,Normale,Deux véhicules - frontale,,,,,,,,,,,5,2,1,1.0,1
201400059090,0014-04-03 08:41:00,14,4,3,8,41,972,13,MORNE PITAULT (ROUTE DE),,,Plein jour,Hors agglomération,Hors intersection,Normale,Autre collision,,,,,,,,,,,1,1,1,1.0,6
201400059091,0014-04-03 11:04:00,14,4,3,11,4,972,13,ROUTE DEPARTEMENTALE 3,,,Plein jour,Hors agglomération,Hors intersection,Normale,Sans collision,,,,,,,,,,,1,1,1,1.0,7
201400059092,0014-04-08 19:10:00,14,4,8,19,10,972,13,ROUTE DEPARTEMENTALE 14,,,Nuit avec éclairage allumé,Hors agglomération,Hors intersection,Normale,Autre collision,,,,,,,,,,,5,1,1,1.0,6
201400059093,0014-04-09 06:50:00,14,4,9,6,50,972,13,ROUTE DEPARTEMENTALE 3,,,Plein jour,Hors agglomération,Hors intersection,Normale,Autre collision,,,,,,,,,,,1,1,1,1.0,6
201400059094,0014-04-14 18:37:00,14,4,14,18,37,972,13,ROUTE DEPARTEMENTALE 3,,,Crépuscule ou aube,Hors agglomération,Intersection en X,Normale,Deux véhicules - côté,,,,,,,,,,,2,1,2,1.0,3
201400059095,0014-04-17 22:47:00,14,4,17,22,47,972,13,AUTOROUTE A1,,,Nuit avec éclairage non allumé,Hors agglomération,Hors intersection,Normale,Deux véhicules - côté,,,,,,,,,,,4,1,1,1.0,3
201400059096,0014-04-19 02:31:00,14,4,19,2,31,972,13,ROUTE NATIONALE 5,,,Nuit sans éclairage public,Hors agglomération,Hors intersection,Normale,Trois véhicules et plus - en chaîne,,,,,,,,,,,3,1,1,1.0,4
201400059097,0014-04-19 17:20:00,14,4,19,17,20,972,13,ROUTE NATIONALE 6,,,Crépuscule ou aube,Hors agglomération,Hors intersection,Normale,Trois véhicules et plus - en chaîne,,,,,,,,,,,2,1,1,1.0,4
201400059098,0014-04-27 16:30:00,14,4,27,16,30,972,13,ROUTE DEPARTEMENTALE 13,,,Plein jour,Hors agglomération,Hors intersection,Normale,Deux véhicules - côté,,,,,,,,,,,1,1,1,1.0,3
201400059099,0014-05-02 07:53:00,14,5,2,7,53,972,13,AUTOROUTE A1,,,Plein jour,Hors agglomération,Hors intersection,Normale,Trois véhicules et plus - collisions multiples,,,,,,,,,,,1,1,1,1.0,5
201400059100,0014-05-03 09:44:00,14,5,3,9,44,972,13,AUTOROUTE A1,,,Plein jour,Hors agglomération,Hors intersection,Normale,Deux véhicules - arrière,,,,,,,,,,,1,1,1,1.0,2
201400059101,0014-05-04 21:45:00,14,5,4,21,45,972,13,AUTOROUTE A1,,,Nuit sans éclairage public,Hors agglomération,Hors intersection,Normale,Autre collision,,,,,,,,,,,3,1,1,1.0,6
201400059102,0014-05-10 21:05:00,14,5,10,21,5,972,13,BASSE GONDEAU (CHEMIN RU,,,Nuit sans éclairage public,Hors agglomération,Hors intersection,Normale,Deux véhicules - côté,,,,,,,,,,,3,1,1,1.0,3
201400059103,0014-05-17 05:08:00,14,5,17,5,8,972,13,AUTOROUTE A1,,,Nuit avec éclairage non allumé,Hors agglomération,Hors intersection,Normale,Deux véhicules - arrière,,,,,,,,,,,4,1,1,1.0,2
201400059104,0014-05-19 10:15:00,14,5,19,10,15,972,13,Z I LES MANGLES,,,Plein jour,En agglomération,Hors intersection,Normale,Autre collision,,,,,,,,,,,1,2,1,1.0,6
201400059105,0014-05-23 19:40:00,14,5,23,19,40,972,13,ROUTE DEPARTEMENTALE 3,,,Nuit avec éclairage allumé,En agglomération,Hors intersection,Normale,Autre collision,,,,,,,,,,,5,2,1,1.0,6
201400059106,0014-05-28 13:40:00,14,5,28,13,40,972,13,ROUTE DEPARTEMENTALE 3,,,Plein jour,En agglomération,Hors intersection,Normale,Autre collision,,,,,,,,,,,1,2,1,1.0,6
201400059107,0014-05-29 19:42:00,14,5,29,19,42,972,13,ROUTE DEPARTEMENTALE 3,,,Nuit avec éclairage allumé,En agglomération,Intersection en T,Normale,Deux véhicules - côté,,,,,,,,,,,5,2,3,1.0,3
201400059108,0014-06-03 16:00:00,14,6,3,16,0,972,13,6Z I CALIFORNIE,,,Plein jour,En agglomération,Hors intersection,Normale,Autre collision,,,,,,,,,,,1,2,1,1.0,6
201400059109,0014-06-06 09:25:00,14,6,6,9,25,972,13,6ROUTE NATIONALE 1,,,Plein jour,En agglomération,Hors intersection,Normale,Autre collision,,,,,,,,,,,1,2,1,1.0,6
201400059110,0014-06-06 12:13:00,14,6,6,12,13,972,13,3ROUTE NATIONALE 5,,,Plein jour,En agglomération,Hors intersection,Normale,Deux véhicules - frontale,,,,,,,,,,,1,2,1,1.0,1
201400059111,0014-06-09 17:40:00,14,6,9,17,40,972,13,"34, ROUTE NATIONALE 1",,,Plein jour,En agglomération,Hors intersection,Normale,Deux véhicules - frontale,,,,,,,,,,,1,2,1,1.0,1
201400059112,0014-06-12 12:35:00,14,6,12,12,35,972,13,2ROUTE DEPARTEMENTALE 3,,,Plein jour,En agglomération,Hors intersection,Autre,Deux véhicules - frontale,,,,,,,,,,,1,2,1,9.0,1
201400059113,0014-06-22 00:49:00,14,6,22,0,49,972,13,AUTOROUTE A1,,,Nuit avec éclairage allumé,Hors agglomération,Hors intersection,Pluie légère,Autre collision,,,,,,,,,,,5,1,1,2.0,6
201400059114,0014-06-22 18:00:00,14,6,22,18,0,972,13,"197, DUCHESNES 1",,,Plein jour,Hors agglomération,Hors intersection,Normale,Sans collision,,,,,,,,,,,1,1,1,1.0,7
201400059115,0014-07-07 09:50:00,14,7,7,9,50,972,13,AUTOROUTE A1,,,Plein jour,Hors agglomération,Hors intersection,Normale,Autre collision,,,,,,,,,,,1,1,1,1.0,6
201400059116,0014-07-11 08:22:00,14,7,11,8,22,972,13,ROUTE NATIONALE 5,,,Plein jour,Hors agglomération,Hors intersection,Normale,Deux véhicules - arrière,,,,,,,,,,,1,1,1,1.0,2
201400059117,0014-07-17 17:10:00,14,7,17,17,10,972,13,"16, ACAJOU PROLONGEE",,,Plein jour,Hors agglomération,Hors intersection,Normale,Deux véhicules - frontale,,,,,,,,,,,1,1,1,1.0,1
201400059118,0014-07-20 16:34:00,14,7,20,16,34,972,13,MORNE PITAULT (ROUTE DE),,,Plein jour,Hors agglomération,Hors intersection,Normale,Deux véhicules - frontale,,,,,,,,,,,1,1,1,1.0,1
201400059119,0014-07-21 00:26:00,14,7,21,0,26,972,13,ROUTE NATIONALE 5,,,Nuit avec éclairage allumé,Hors agglomération,Hors intersection,Normale,Sans collision,,,,,,,,,,,5,1,1,1.0,7
201400059120,0014-07-31 15:43:00,14,7,31,15,43,972,13,MORNE PITAULT (ROUTE DE),,,Plein jour,Hors agglomération,Hors intersection,Normale,Deux véhicules - frontale,,,,,,,,,,,1,1,1,1.0,1
201400059121,0014-08-09 20:55:00,14,8,9,20,55,972,13,"1, MAIRIE",,,Nuit avec éclairage allumé,En agglomération,Hors intersection,Normale,Deux véhicules - frontale,,,,,,,,,,,5,2,1,1.0,1
201400059122,0014-08-14 22:55:00,14,8,14,22,55,972,13,AUTOROUTE A1,,,Nuit avec éclairage allumé,Hors agglomération,Hors intersection,Normale,Deux véhicules - arrière,,,,,,,,,,,5,1,1,1.0,2
201400059123,0014-08-15 03:22:00,14,8,15,3,22,972,13,ROUTE NATIONALE 1,,,Nuit avec éclairage allumé,Hors agglomération,Hors intersection,Normale,Deux véhicules - côté,,,,,,,,,,,5,1,1,1.0,3
201400059124,0014-08-23 17:35:00,14,8,23,17,35,972,13,ROUTE DEPARTEMENTALE 3,,,Plein jour,Hors agglomération,Intersection en T,Normale,Deux véhicules - côté,,,,,,,,,,,1,1,3,1.0,3
201400059125,0014-08-26 12:00:00,14,8,26,12,0,972,13,AUTOROUTE A1,,,Plein jour,Hors agglomération,Hors intersection,Normale,Trois véhicules et plus - en chaîne,,,,,,,,,,,1,1,1,1.0,4
201400059126,0014-08-26 14:14:00,14,8,26,14,14,972,13,AUTOROUTE A1,,,Plein jour,Hors agglomération,Hors intersection,Normale,Deux véhicules - côté,,,,,,,,,,,1,1,1,1.0,3
201400059127,0014-08-31 20:27:00,14,8,31,20,27,972,13,ROUTE DEPARTEMENTALE 13,,,Nuit avec éclairage allumé,Hors agglomération,Hors intersection,Normale,Autre collision,,,,,,,,,,,5,1,1,1.0,6
201400059128,0014-09-03 08:40:00,14,9,3,8,40,972,13,3ROUTE DEPARTEMENTALE 15,,,Nuit avec éclairage allumé,En agglomération,Hors intersection,Normale,Deux véhicules - frontale,,,,,,,,,,,5,2,1,1.0,1
201400059129,0014-09-09 09:00:00,14,9,9,9,0,972,13,1ROUTE DEPARTEMENTALE 15,,,Plein jour,En agglomération,Hors intersection,Normale,Deux véhicules - frontale,,,,,,,,,,,1,2,1,1.0,1
201400059130,0014-09-12 08:00:00,14,9,12,8,0,972,13,3ROUTE DEPARTEMENTALE 14,,,Plein jour,En agglomération,Intersection en T,Pluie forte,Deux véhicules - frontale,,,,,,,,,,,1,2,3,3.0,1
201400059131,0014-09-16 13:15:00,14,9,16,13,15,972,13,"21, VIEUX PONT (CHEMIN D",,,Plein jour,En agglomération,Hors intersection,Normale,Deux véhicules - frontale,,,,,,,,,,,1,2,1,1.0,1
201400059132,0014-09-20 08:15:00,14,9,20,8,15,972,13,3AUTOROUTE A1,,,Plein jour,Hors agglomération,Hors intersection,Normale,Deux véhicules - frontale,,,,,,,,,,,1,1,1,1.0,1
201400059133,0014-09-28 05:30:00,14,9,28,5,30,972,13,5AUTOROUTE A1,,,Crépuscule ou aube,Hors agglomération,Hors intersection,Normale,Trois véhicules et plus - collisions multiples,,,,,,,,,,,2,1,1,1.0,5
201400059134,0014-09-28 18:53:00,14,9,28,18,53,972,13,1ROUTE DEPARTEMENTALE 3,,,Crépuscule ou aube,En agglomération,Hors intersection,Normale,Deux véhicules - frontale,,,,,,,,,,,2,2,1,1.0,1
201400059135,0014-10-01 08:00:00,14,10,1,8,0,972,13,1Z I LES MANGLES,,,Plein jour,En agglomération,Hors intersection,Normale,Deux véhicules - frontale,,,,,,,,,,,1,2,1,1.0,1
201400059136,0014-10-02 19:25:00,14,10,2,19,25,972,13,4AUTOROUTE A1,,,Nuit sans éclairage public,Hors agglomération,Hors intersection,Normale,Trois véhicules et plus - collisions multiples,,,,,,,,,,,3,1,1,1.0,5
201400059137,0014-10-04 13:15:00,14,10,4,13,15,972,13,6VIEUX CHEMIN CALIFORNIE,,,Plein jour,En agglomération,Hors intersection,,Trois véhicules et plus - collisions multiples,,,,,,,,,,,1,2,1,,5
201400059138,0014-10-04 14:50:00,14,10,4,14,50,972,13,6ROUTE DEPARTEMENTALE 14,,,Plein jour,En agglomération,Hors intersection,Normale,Autre collision,,,,,,,,,,,1,2,1,1.0,6
201400059139,0014-10-04 23:45:00,14,10,4,23,45,972,13,6ROUTE DEPARTEMENTALE 15,,,Nuit sans éclairage public,En agglomération,Hors intersection,Normale,Trois véhicules et plus - collisions multiples,,,,,,,,,,,3,2,1,1.0,5
201400059140,0014-10-16 10:00:00,14,10,16,10,0,972,13,3AUTOROUTE A1,,,Plein jour,Hors agglomération,Hors intersection,Normale,Deux véhicules - frontale,,,,,,,,,,,1,1,1,1.0,1
201400059141,0014-10-22 07:30:00,14,10,22,7,30,972,13,2AUTOROUTE A1,,,Plein jour,Hors agglomération,Hors intersection,Normale,Deux véhicules - frontale,,,,,,,,,,,1,1,1,1.0,1
201400059142,0014-10-25 02:05:00,14,10,25,2,5,972,13,6ROUTE NATIONALE 6,,,Nuit sans éclairage public,En agglomération,Hors intersection,Normale,Autre collision,,,,,,,,,,,3,2,1,1.0,6
201400059143,0014-10-27 00:45:00,14,10,27,0,45,972,13,6ROUTE NATIONALE 1,,,Nuit sans éclairage public,En agglomération,Hors intersection,Normale,Autre collision,,,,,,,,,,,3,2,1,1.0,6
201400059144,0014-10-30 18:10:00,14,10,30,18,10,972,13,1ROUTE DEPARTEMENTALE 3,,,Crépuscule ou aube,En agglomération,Hors intersection,Normale,Autre collision,,,,,,,,,,,2,2,1,1.0,6
201400059145,0014-10-31 23:25:00,14,10,31,23,25,972,13,2ROUTE NATIONALE 5,,,Nuit sans éclairage public,En agglomération,Hors intersection,Normale,Deux véhicules - côté,,,,,,,,,,,3,2,1,1.0,3
201400059146,0014-11-01 05:45:00,14,11,1,5,45,972,13,BELFORT (CHEMIN RURAL N?,,,Nuit sans éclairage public,Hors agglomération,Hors intersection,Normale,Autre collision,,,,,,,,,,,3,1,1,1.0,6
201400059147,0014-11-03 12:20:00,14,11,3,12,20,972,13,ROUTE DEPARTEMENTALE 3,,,Plein jour,Hors agglomération,Hors intersection,Normale,Deux véhicules - arrière,,,,,,,,,,,1,1,1,1.0,2
201400059148,0014-11-06 14:30:00,14,11,6,14,30,972,13,AUTOROUTE A1,,,Plein jour,Hors agglomération,Hors intersection,Normale,Trois véhicules et plus - en chaîne,,,,,,,,,,,1,1,1,1.0,4
201400059149,0014-11-13 19:45:00,14,11,13,19,45,972,13,ROUTE DEPARTEMENTALE 15,,,Nuit avec éclairage allumé,Hors agglomération,Hors intersection,Normale,Autre collision,,,,,,,,,,,5,1,1,1.0,6
201400059150,0014-11-17 10:10:00,14,11,17,10,10,972,13,AUTOROUTE A1,,,Plein jour,Hors agglomération,Hors intersection,Normale,Deux véhicules - arrière,,,,,,,,,,,1,1,1,1.0,2
201400059151,0014-11-21 11:25:00,14,11,21,11,25,972,13,BELLEVUE (CHEMIN RURAL D,,,Plein jour,Hors agglomération,Hors intersection,Normale,Deux véhicules - frontale,,,,,,,,,,,1,1,1,1.0,1
201400059152,0014-11-26 14:15:00,14,11,26,14,15,972,13,ROUTE NATIONALE 1,,,Plein jour,Hors agglomération,Hors intersection,Normale,Autre collision,,,,,,,,,,,1,1,1,1.0,6
201400059153,0014-12-02 16:45:00,14,12,2,16,45,972,13,AUTOROUTE A1,,,Plein jour,Hors agglomération,Hors intersection,Normale,Deux véhicules - arrière,,,,,,,,,,,1,1,1,1.0,2
201400059154,0014-12-02 17:10:00,14,12,2,17,10,972,13,BOIS D'INDE (CITE),,,Plein jour,En agglomération,Hors intersection,Normale,Autre collision,,,,,,,,,,,1,2,1,1.0,6
201400059155,0014-12-05 14:50:00,14,12,5,14,50,972,13,AUTOROUTE A1,,,Plein jour,Hors agglomération,Hors intersection,Normale,Deux véhicules - côté,,,,,,,,,,,1,1,1,1.0,3
201400059156,0014-12-10 12:05:00,14,12,10,12,5,972,13,ROUTE DEPARTEMENTALE 15,,,Plein jour,Hors agglomération,Hors intersection,Normale,Deux véhicules - côté,,,,,,,,,,,1,1,1,1.0,3
201400059157,0014-12-10 15:30:00,14,12,10,15,30,972,13,BOIS CARRE (RUE DU),,,Plein jour,Hors agglomération,Hors intersection,Normale,Deux véhicules - frontale,,,,,,,,,,,1,1,1,1.0,1
201400059158,0014-12-13 00:50:00,14,12,13,0,50,972,13,ROUTE NATIONALE 1,,,Nuit sans éclairage public,Hors agglomération,Hors intersection,Normale,Deux véhicules - arrière,,,,,,,,,,,3,1,1,1.0,2
201400059159,0014-12-20 00:50:00,14,12,20,0,50,972,13,ROUTE DEPARTEMENTALE 3,,,Nuit avec éclairage allumé,En agglomération,Intersection en T,Normale,Deux véhicules - frontale,,,,,,,,,,,5,2,3,1.0,1
201400059160,0014-12-20 14:50:00,14,12,20,14,50,972,13,"6, FOUR A CHAUX (CHEMIN",,,Plein jour,En agglomération,Hors intersection,Normale,Deux véhicules - frontale,,,,,,,,,,,1,2,1,1.0,1
201400059161,0014-12-25 12:10:00,14,12,25,12,10,972,13,AUTOROUTE A1,,,Plein jour,Hors agglomération,Hors intersection,Normale,Autre collision,,,,,,,,,,,1,1,1,1.0,6
201400059162,0014-12-28 01:30:00,14,12,28,1,30,972,13,ROUTE DEPARTEMENTALE 3,,,Nuit sans éclairage public,Hors agglomération,Hors intersection,Normale,Deux véhicules - frontale,,,,,,,,,,,3,1,1,1.0,1
201400059163,0014-12-28 09:30:00,14,12,28,9,30,972,13,ROUTE DEPARTEMENTALE 15,,,Plein jour,Hors agglomération,Hors intersection,Normale,Deux véhicules - arrière,,,,,,,,,,,1,1,1,1.0,2
201400059164,0014-10-02 12:53:00,14,10,2,12,53,973,2,"1168, MONTABO (ROUTE DE)",,,Plein jour,Hors agglomération,Hors intersection,Normale,Deux véhicules - arrière,,,,,,,,,,,1,1,1,1.0,2
201400059165,0014-09-09 23:10:00,14,9,9,23,10,973,2,3TROUBIRAN (CHEMIN DE),,,Nuit avec éclairage allumé,Hors agglomération,Intersection en X,Pluie légère,Deux véhicules - frontale,,,,,,,,,,,5,1,2,2.0,1
201400059166,0014-01-06 09:20:00,14,1,6,9,20,973,2,2ROUTE NATIONALE II,,,Plein jour,Hors agglomération,Hors intersection,Normale,Deux véhicules - frontale,,,,,,,,,,,1,1,1,1.0,1
201400059167,0014-01-06 18:15:00,14,1,6,18,15,973,2,"3794, BADUEL (ROUTE DE)",,,Plein jour,En agglomération,Intersection en T,Pluie forte,Deux véhicules - frontale,,,,,,,,,,,1,2,3,3.0,1
201400059168,0014-01-08 13:25:00,14,1,8,13,25,973,2,"31, CATAYEE (JUSTIN)",,,Plein jour,En agglomération,Intersection en X,Vent fort / tempête,Deux véhicules - frontale,,,,,,,,,,,1,2,2,6.0,1
201400059169,0014-01-10 07:50:00,14,1,10,7,50,973,2,"12019, RABAN (ROUTE DE)",,,Plein jour,En agglomération,Hors intersection,,Deux véhicules - arrière,,,,,,,,,,,1,2,1,,2
201400059170,0014-01-12 20:38:00,14,1,12,20,38,973,2,"31296, MADELEINE (ROUTE",,,Nuit avec éclairage allumé,Hors agglomération,Hors intersection,Normale,Deux véhicules - arrière,,,,,,,,,,,5,1,1,1.0,2
201400059171,0014-01-13 16:10:00,14,1,13,16,10,973,2,"513, MONTABO (ROUTE DE)",,,Plein jour,En agglomération,Hors intersection,,Trois véhicules et plus - collisions multiples,,,,,,,,,,,1,2,1,,5
201400059172,0014-01-13 17:15:00,14,1,13,17,15,973,2,"2462, MADELEINE (ROUTE D",,,Plein jour,Hors agglomération,Hors intersection,Normale,Deux véhicules - frontale,,,,,,,,,,,1,1,1,1.0,1
201400059173,0014-01-15 16:50:00,14,1,15,16,50,973,2,"32371, SAINT ANTOINE (CH",,,Plein jour,Hors agglomération,Intersection en Y,Pluie forte,Deux véhicules - arrière,,,,,,,,,,,1,1,4,3.0,2
201400059174,0014-01-16 15:40:00,14,1,16,15,40,973,2,"18, ZEPHIR (ROCADE)",,,Plein jour,En agglomération,Hors intersection,Normale,Deux véhicules - côté,,,,,,,,,,,1,2,1,1.0,3
201400059175,0014-01-17 11:20:00,14,1,17,11,20,973,2,MADELEINE (ROUTE DE LA),,,Plein jour,En agglomération,Hors intersection,Normale,Deux véhicules - côté,,,,,,,,,,,1,2,1,1.0,3
201400059176,0014-01-18 16:30:00,14,1,18,16,30,973,2,VOLTAIRE(AVENUE),,,Plein jour,En agglomération,Hors intersection,Normale,Deux véhicules - côté,,,,,,,,,,,1,2,1,1.0,3
201400059177,0014-01-14 10:00:00,14,1,14,10,0,973,2,1MONTABO (ROUTE DE) 1,,,Plein jour,En agglomération,Hors intersection,Normale,Deux véhicules - frontale,,,,,,,,,,,1,2,1,1.0,1
201400059178,0014-01-20 17:25:00,14,1,20,17,25,973,2,BADUEL (ROND POINT DE),,,Plein jour,En agglomération,Hors intersection,Normale,Deux véhicules - côté,,,,,,,,,,,1,2,1,1.0,3
201400059179,0014-01-22 15:10:00,14,1,22,15,10,973,2,"1, LIBERTE (AVENUE DE LA",,,Plein jour,En agglomération,Intersection en T,Normale,Deux véhicules - côté,,,,,,,,,,,1,2,3,1.0,3
201400059180,0014-01-26 10:25:00,14,1,26,10,25,973,2,"1, BOUDINOT (AUGUSTE) CI",,,Plein jour,En agglomération,Intersection en T,Normale,Autre collision,,,,,,,,,,,1,2,3,1.0,6
201400059181,0014-01-27 13:18:00,14,1,27,13,18,973,2,"3343, BADUEL (ROUTE DE)",,,Plein jour,Hors agglomération,Hors intersection,Normale,Deux véhicules - côté,,,,,,,,,,,1,1,1,1.0,3
201400059182,0014-01-31 14:20:00,14,1,31,14,20,973,2,"29, CABASSOU (ROUTE DE)",,,Plein jour,Hors agglomération,Hors intersection,Pluie légère,Deux véhicules - côté,,,,,,,,,,,1,1,1,2.0,3
201400059183,0014-02-01 18:25:00,14,2,1,18,25,973,2,"185, TROUBIRAN (CHEMIN D",,,Plein jour,En agglomération,Hors intersection,Normale,Deux véhicules - frontale,,,,,,,,,,,1,2,1,1.0,1
201400059184,0014-02-01 19:10:00,14,2,1,19,10,973,2,"386, BADUEL (ROUTE DE)",,,Crépuscule ou aube,En agglomération,Hors intersection,Normale,Deux véhicules - frontale,,,,,,,,,,,2,2,1,1.0,1
201400059185,0014-02-03 15:00:00,14,2,3,15,0,973,2,6JUBELIN (BOULEVARD),,,Plein jour,En agglomération,Hors intersection,Normale,Autre collision,,,,,,,,,,,1,2,1,1.0,6
201400059186,0014-02-05 19:46:00,14,2,5,19,46,973,2,"23880, MONTABO (ROUTE DE",,,Nuit avec éclairage allumé,Hors agglomération,Hors intersection,,Trois véhicules et plus - collisions multiples,,,,,,,,,,,5,1,1,,5
201400059187,0014-10-14 12:15:00,14,10,14,12,15,973,2,"35, DIGUE RONJON",,,Plein jour,Hors agglomération,Hors intersection,Normale,Deux véhicules - arrière,,,,,,,,,,,1,1,1,1.0,2
201400059188,0014-02-06 12:45:00,14,2,6,12,45,973,2,3CRIQUE FOUILLEE (ROND P,,,Plein jour,Hors agglomération,Hors intersection,Normale,Deux véhicules - côté,,,,,,,,,,,1,1,1,1.0,3
201400059189,0014-02-07 16:40:00,14,2,7,16,40,973,2,"318, BADUEL (ROUTE DE)",,,Plein jour,En agglomération,Hors intersection,Normale,Deux véhicules - frontale,,,,,,,,,,,1,2,1,1.0,1
201400059190,0014-12-19 12:15:00,14,12,19,12,15,973,2,TIGRE (ROUTE DU),,,Plein jour,Hors agglomération,Hors intersection,Normale,Deux véhicules - côté,,,,,,,,,,,1,1,1,1.0,3
201400059191,0014-12-13 14:44:00,14,12,13,14,44,973,2,CABASSOU (ROUTE DE),,,Plein jour,En agglomération,Intersection en T,Normale,Deux véhicules - côté,,,,,,,,,,,1,2,3,1.0,3
201400059192,0014-02-12 18:20:00,14,2,12,18,20,973,2,"140B, SUZINI (CARREFOUR)",,,Crépuscule ou aube,Hors agglomération,Hors intersection,Normale,Deux véhicules - frontale,,,,,,,,,,,2,1,1,1.0,1
201400059193,0014-02-14 15:20:00,14,2,14,15,20,973,2,3MADELEINE (ROUTE DE LA),,,Plein jour,En agglomération,Intersection en T,Pluie forte,Deux véhicules - frontale,,,,,,,,,,,1,2,3,3.0,1
201400059194,0014-02-18 18:40:00,14,2,18,18,40,973,2,"11369, MADELEINE (ROUTE",,,Plein jour,Hors agglomération,Hors intersection,Normale,Deux véhicules - frontale,,,,,,,,,,,1,1,1,1.0,1
201400059195,0014-02-18 19:35:00,14,2,18,19,35,973,2,"33, MONTABO (ROUTE DE) 1",,,Nuit avec éclairage allumé,En agglomération,Hors intersection,Normale,Deux véhicules - frontale,,,,,,,,,,,5,2,1,1.0,1
201400059196,0014-02-19 08:29:00,14,2,19,8,29,973,2,"31, RABAN (ROUTE DE)",,,Plein jour,En agglomération,Intersection en T,Pluie forte,Deux véhicules - frontale,,,,,,,,,,,1,2,3,3.0,1
201400059197,0014-02-20 11:47:00,14,2,20,11,47,973,2,"3822, MONTABO (ROUTE DE)",,,Plein jour,Hors agglomération,Hors intersection,Normale,Deux véhicules - arrière,,,,,,,,,,,1,1,1,1.0,2
201400059198,0014-02-21 09:50:00,14,2,21,9,50,973,2,"11315, MADELEINE (ROUTE",,,Plein jour,Hors agglomération,Hors intersection,Normale,Autre collision,,,,,,,,,,,1,1,1,1.0,6
201400059199,0014-02-26 16:45:00,14,2,26,16,45,973,2,"31357, MADELEINE (ROUTE",,,Plein jour,Hors agglomération,Intersection en X,Pluie forte,Trois véhicules et plus - collisions multiples,,,,,,,,,,,1,1,2,3.0,5
201400059200,0014-02-27 20:20:00,14,2,27,20,20,973,2,"311, CONSTANT CHLORE(RUE",,,Nuit avec éclairage allumé,En agglomération,Intersection en X,Pluie légère,Deux véhicules - côté,,,,,,,,,,,5,2,2,2.0,3
201400059201,0014-02-28 11:30:00,14,2,28,11,30,973,2,"32788, MADELEINE (ROUTE",,,Plein jour,Hors agglomération,Hors intersection,Normale,Deux véhicules - frontale,,,,,,,,,,,1,1,1,1.0,1
201400059202,0014-03-06 17:35:00,14,3,6,17,35,973,2,MARINGOUINS (ROND-POINT),,,Plein jour,En agglomération,Hors intersection,Normale,Deux véhicules - arrière,,,,,,,,,,,1,2,1,1.0,2
201400059203,0014-03-06 19:30:00,14,3,6,19,30,973,2,BONHOMME (CITE),,,Nuit avec éclairage allumé,En agglomération,Hors intersection,Normale,Autre collision,,,,,,,,,,,5,2,1,1.0,6