accident_id,datetime,annee,mois,jour,heure,minute,departement,commune_insee,adresse,latitude,longitude,luminosite,agglomeration,intersection,meteo,collision,nb_vehicules,nb_usagers,nb_indemnes,nb_tues,nb_blesses_hosp,nb_blesses_legers,age_cond_1,age_cond_2,veh_type_cond_1,veh_type_cond_2,lum_code,agg_code,int_code,atm_code,col_code
201400059204,0014-03-06 15:06:00,14,3,6,15,6,973,2,COLLERY (ZONE INDUSTRIEL,,,Plein jour,Hors agglomération,Autre intersection,Normale,Deux véhicules - côté,,,,,,,,,,,1,1,9,1.0,3
201400059205,0014-03-06 13:00:00,14,3,6,13,0,973,2,"5, MANGO (ROUTE)",,,Plein jour,En agglomération,Hors intersection,Normale,Autre collision,,,,,,,,,,,1,2,1,1.0,6
201400059206,0014-03-08 14:40:00,14,3,8,14,40,973,2,"28, TECLE (EUGENE) CITE",,,Plein jour,En agglomération,Hors intersection,Normale,Autre collision,,,,,,,,,,,1,2,1,1.0,6
201400059207,0014-03-15 22:45:00,14,3,15,22,45,973,2,DIGUE RONJON,,,Nuit avec éclairage allumé,En agglomération,Hors intersection,Normale,Deux véhicules - côté,,,,,,,,,,,5,2,1,1.0,3
201400059208,0014-03-12 07:25:00,14,3,12,7,25,973,2,"679, BADUEL (ROUTE DE)",,,Plein jour,Hors agglomération,Hors intersection,Normale,Deux véhicules - côté,,,,,,,,,,,1,1,1,1.0,3
201400059209,0014-03-14 20:10:00,14,3,14,20,10,973,2,"15, ESTREES (AVENUE D')",,,Nuit avec éclairage allumé,En agglomération,Hors intersection,Normale,Deux véhicules - frontale,,,,,,,,,,,5,2,1,1.0,1
201400059210,0014-03-15 23:10:00,14,3,15,23,10,973,2,CABASSOU (ROUTE DE),,,Nuit avec éclairage allumé,En agglomération,Hors intersection,Normale,Deux véhicules - arrière,,,,,,,,,,,5,2,1,1.0,2
201400059211,0014-03-19 17:25:00,14,3,19,17,25,973,2,"BP6021, EBOUE (ROCADE FE",,,Plein jour,Hors agglomération,Hors intersection,Normale,Deux véhicules - côté,,,,,,,,,,,1,1,1,1.0,3
201400059212,0014-03-20 18:50:00,14,3,20,18,50,973,2,"1296, MADELEINE (ROUTE D",,,Nuit avec éclairage non allumé,Hors agglomération,Autre intersection,Normale,Deux véhicules - frontale,,,,,,,,,,,4,1,9,1.0,1
201400059213,0014-03-21 18:10:00,14,3,21,18,10,973,2,"1696, BADUEL (ROUTE DE)",,,Plein jour,En agglomération,Hors intersection,Normale,Deux véhicules - côté,,,,,,,,,,,1,2,1,1.0,3
201400059214,0014-03-26 18:45:00,14,3,26,18,45,973,2,"1254, MADELEINE (ROUTE D",,,Nuit avec éclairage allumé,En agglomération,Hors intersection,Normale,Autre collision,,,,,,,,,,,5,2,1,1.0,6
201400059215,0014-03-28 21:20:00,14,3,28,21,20,973,2,"77, DE GAULLE (AVENUE)",,,Nuit avec éclairage allumé,En agglomération,Hors intersection,Normale,Autre collision,,,,,,,,,,,5,2,1,1.0,6
201400059216,0014-03-28 12:00:00,14,3,28,12,0,973,2,ROUTE NATIONALE 1,,,Plein jour,Hors agglomération,Hors intersection,Normale,Deux véhicules - côté,,,,,,,,,,,1,1,1,1.0,3
201400059217,0014-03-31 10:40:00,14,3,31,10,40,973,2,"12, ADJUDANT PINDARD (RU",,,Plein jour,En agglomération,Hors intersection,Normale,Autre collision,,,,,,,,,,,1,2,1,1.0,6
201400059218,0014-03-31 18:02:00,14,3,31,18,2,973,2,"0.5, JADFARD (RENE)",,,Plein jour,En agglomération,Hors intersection,Normale,Autre collision,,,,,,,,,,,1,2,1,1.0,6
201400059219,0014-03-31 12:14:00,14,3,31,12,14,973,2,MONTABO (ROUTE DE) 4,,,Plein jour,Hors agglomération,Intersection en T,Normale,Deux véhicules - côté,,,,,,,,,,,1,1,3,1.0,3
201400059220,0014-04-03 16:30:00,14,4,3,16,30,973,2,"2357, MADELEINE (ROUTE D",,,Plein jour,En agglomération,Hors intersection,Normale,Autre collision,,,,,,,,,,,1,2,1,1.0,6
201400059221,0014-04-05 00:40:00,14,4,5,0,40,973,2,HAMEAU DES ENCENS (RUE D,,,Nuit avec éclairage allumé,En agglomération,Intersection en T,Normale,Deux véhicules - frontale,,,,,,,,,,,5,2,3,1.0,1
201400059222,0014-04-06 06:15:00,14,4,6,6,15,973,2,"4160, MONTABO (ROUTE DE)",,,Plein jour,En agglomération,Hors intersection,Normale,Deux véhicules - arrière,,,,,,,,,,,1,2,1,1.0,2
201400059223,0014-04-09 10:42:00,14,4,9,10,42,973,2,"18, EUGENE GOBERT(RUE)",,,Plein jour,En agglomération,Hors intersection,Normale,Deux véhicules - côté,,,,,,,,,,,1,2,1,1.0,3
201400059224,0014-04-09 18:25:00,14,4,9,18,25,973,2,"1918, MONTABO (ROUTE DE)",,,Plein jour,En agglomération,Hors intersection,Normale,Deux véhicules - côté,,,,,,,,,,,1,2,1,1.0,3
201400059225,0014-04-13 16:15:00,14,4,13,16,15,973,2,"36, PREVOT (ERNEST)",,,Plein jour,En agglomération,Hors intersection,Normale,Autre collision,,,,,,,,,,,1,2,1,1.0,6
201400059226,0014-04-11 15:15:00,14,4,11,15,15,973,2,"1053, CABASSOU (ROUTE DE",,,Plein jour,Hors agglomération,Intersection en T,Normale,Deux véhicules - côté,,,,,,,,,,,1,1,3,1.0,3
201400059227,0014-04-20 11:55:00,14,4,20,11,55,973,2,PREVOT (ERNEST),,,Plein jour,En agglomération,Hors intersection,Normale,Autre collision,,,,,,,,,,,1,2,1,1.0,6
201400059228,0014-04-24 19:44:00,14,4,24,19,44,973,2,KET TAI (CARREFOUR),,,Nuit avec éclairage allumé,En agglomération,Giratoire,Normale,Deux véhicules - côté,,,,,,,,,,,5,2,6,1.0,3
201400059229,0014-04-25 19:35:00,14,4,25,19,35,973,2,"2371, BADUEL (ROUTE DE)",,,Nuit avec éclairage allumé,En agglomération,Hors intersection,Normale,Deux véhicules - côté,,,,,,,,,,,5,2,1,1.0,3
201400059230,0014-04-27 21:11:00,14,4,27,21,11,973,2,"27, DALHIAS (RUE DES) CI",,,Nuit avec éclairage allumé,Hors agglomération,Hors intersection,Normale,Deux véhicules - frontale,,,,,,,,,,,5,1,1,1.0,1
201400059231,0014-05-01 02:55:00,14,5,1,2,55,973,2,JUBELIN (BOULEVARD),,,Nuit sans éclairage public,En agglomération,Intersection en X,Normale,Deux véhicules - frontale,,,,,,,,,,,3,2,2,1.0,1
201400059232,0014-05-02 18:56:00,14,5,2,18,56,973,2,"62, MANGUES (RUE DES - C",,,Nuit avec éclairage allumé,Hors agglomération,Hors intersection,Normale,Autre collision,,,,,,,,,,,5,1,1,1.0,6
201400059233,0014-05-08 07:55:00,14,5,8,7,55,973,2,COLOMB (CHRISTOPHE),,,Plein jour,En agglomération,Intersection en T,Normale,Deux véhicules - côté,,,,,,,,,,,1,2,3,1.0,3
201400059234,0014-05-08 08:15:00,14,5,8,8,15,973,2,"01, FLAMBOYANTS (RUE DES",,,Plein jour,Hors agglomération,Intersection en T,Normale,Autre collision,,,,,,,,,,,1,1,3,1.0,6
201400059235,0014-05-10 00:20:00,14,5,10,0,20,973,2,"01, ROUGET DE L ' ISLE",,,Nuit avec éclairage allumé,En agglomération,Intersection en X,Normale,Deux véhicules - côté,,,,,,,,,,,5,2,2,1.0,3
201400059236,0014-05-11 08:40:00,14,5,11,8,40,973,2,"1560, TROUBIRAN (CHEMIN",,,Plein jour,Hors agglomération,Hors intersection,Normale,Deux véhicules - arrière,,,,,,,,,,,1,1,1,1.0,2
201400059237,0014-05-18 22:10:00,14,5,18,22,10,973,2,"24, LAFAURIE (CITE)",,,Plein jour,En agglomération,Hors intersection,Normale,Deux véhicules - côté,,,,,,,,,,,1,2,1,1.0,3
201400059238,0014-05-19 06:45:00,14,5,19,6,45,973,2,"7, TROUBIRAN (CHEMIN DE)",,,Plein jour,En agglomération,Hors intersection,Temps couvert,Autre collision,,,,,,,,,,,1,2,1,8.0,6
201400059239,0014-05-21 15:30:00,14,5,21,15,30,973,2,TIGRE (ROUTE DU),,,Plein jour,En agglomération,Intersection en T,Normale,Deux véhicules - côté,,,,,,,,,,,1,2,3,1.0,3
201400059240,0014-05-24 10:31:00,14,5,24,10,31,973,2,"13, BOUDINOT (AUGUSTE) C",,,Plein jour,Hors agglomération,Hors intersection,Normale,Deux véhicules - côté,,,,,,,,,,,1,1,1,1.0,3
201400059241,0014-05-26 11:42:00,14,5,26,11,42,973,2,"14, DALHIAS (RUE DES) CI",,,Plein jour,Hors agglomération,Intersection en X,Normale,Deux véhicules - côté,,,,,,,,,,,1,1,2,1.0,3
201400059242,0014-06-02 06:00:00,14,6,2,6,0,973,2,"71, KET TAI (CARREFOUR)",,,Crépuscule ou aube,En agglomération,Giratoire,Normale,Autre collision,,,,,,,,,,,2,2,6,1.0,6
201400059243,0014-06-07 20:05:00,14,6,7,20,5,973,2,"32496, MONTABO (ROUTE DE",,,Nuit avec éclairage allumé,Hors agglomération,Hors intersection,Normale,Deux véhicules - frontale,,,,,,,,,,,5,1,1,1.0,1
201400059244,0014-06-08 20:15:00,14,6,8,20,15,973,2,"3275, MONTABO (ROUTE DE",,,Nuit avec éclairage allumé,Hors agglomération,Intersection en X,Normale,Deux véhicules - frontale,,,,,,,,,,,5,1,2,1.0,1
201400059245,0014-06-09 15:00:00,14,6,9,15,0,973,2,"30, TIGRE (ROUTE DU)",,,Plein jour,Hors agglomération,Intersection en T,Pluie légère,Deux véhicules - frontale,,,,,,,,,,,1,1,3,2.0,1
201400059246,0014-06-05 13:40:00,14,6,5,13,40,973,2,"215, DERBES (GEORGES)",,,Plein jour,En agglomération,Intersection en X,Pluie légère,Deux véhicules - frontale,,,,,,,,,,,1,2,2,2.0,1
201400059247,0014-06-10 06:20:00,14,6,10,6,20,973,2,"72346, BADUEL (ROUTE DE)",,,Plein jour,Hors agglomération,Hors intersection,,Autre collision,,,,,,,,,,,1,1,1,,6
201400059248,0014-06-20 22:25:00,14,6,20,22,25,973,2,3FELIX EBOUE (Rue),,,Nuit avec éclairage allumé,En agglomération,Intersection en X,Normale,Deux véhicules - frontale,,,,,,,,,,,5,2,2,1.0,1
201400059249,0014-06-26 02:15:00,14,6,26,2,15,973,2,"71299, MONTABO (ROUTE DE",,,Nuit avec éclairage allumé,Hors agglomération,Intersection en T,,Autre collision,,,,,,,,,,,5,1,3,,6
201400059250,0014-06-30 08:00:00,14,6,30,8,0,973,2,"32738, MONTABO (ROUTE DE",,,Plein jour,Hors agglomération,Hors intersection,,Deux véhicules - frontale,,,,,,,,,,,1,1,1,,1
201400059251,0014-07-01 12:30:00,14,7,1,12,30,973,2,"1235, RABAN (ROUTE DE)",,,Plein jour,Hors agglomération,Intersection en Y,Normale,Deux véhicules - côté,,,,,,,,,,,1,1,4,1.0,3
201400059252,0014-07-03 12:15:00,14,7,3,12,15,973,2,"493, MADELEINE (ROUTE DE",,,Plein jour,En agglomération,Hors intersection,Normale,Deux véhicules - côté,,,,,,,,,,,1,2,1,1.0,3
201400059253,0014-07-08 10:25:00,14,7,8,10,25,973,2,"10, REPUBLIQUE (BD DE LA",,,Plein jour,En agglomération,Hors intersection,Pluie légère,Deux véhicules - arrière,,,,,,,,,,,1,2,1,2.0,2
201400059254,0014-07-08 12:35:00,14,7,8,12,35,973,2,"471, BADUEL (ROUTE DE)",,,Plein jour,Hors agglomération,Hors intersection,Pluie légère,Autre collision,,,,,,,,,,,1,1,1,2.0,6
201400059255,0014-07-12 10:00:00,14,7,12,10,0,973,2,LAFAURIE (CITE),,,Plein jour,Hors agglomération,Intersection en T,Normale,Deux véhicules - côté,,,,,,,,,,,1,1,3,1.0,3
201400059256,0014-07-12 21:40:00,14,7,12,21,40,973,2,"40, JUBELIN (BOULEVARD)",,,Nuit avec éclairage allumé,En agglomération,Intersection en X,Normale,Deux véhicules - côté,,,,,,,,,,,5,2,2,1.0,3
201400059257,0014-08-07 01:40:00,14,8,7,1,40,973,2,"61503, RABAN (ROUTE DE)",,,Nuit avec éclairage allumé,Hors agglomération,Hors intersection,Normale,Autre collision,,,,,,,,,,,5,1,1,1.0,6
201400059258,0014-08-14 00:05:00,14,8,14,0,5,973,2,7ZONE COLLERY I OU II,,,Nuit avec éclairage allumé,Hors agglomération,Hors intersection,Normale,Autre collision,,,,,,,,,,,5,1,1,1.0,6
201400059259,0014-08-14 08:25:00,14,8,14,8,25,973,2,"12682, MADELEINE (ROUTE",,,Plein jour,Hors agglomération,Hors intersection,Normale,Autre collision,,,,,,,,,,,1,1,1,1.0,6
201400059260,0014-08-14 12:00:00,14,8,14,12,0,973,2,"30, BADUEL (ROUTE DE)",,,Plein jour,En agglomération,Intersection en T,Pluie légère,Deux véhicules - frontale,,,,,,,,,,,1,2,3,2.0,1
201400059261,0014-08-13 20:40:00,14,8,13,20,40,973,2,3ARAGO (FRANCOIS),,,Nuit avec éclairage allumé,En agglomération,Intersection en X,Pluie légère,Deux véhicules - frontale,,,,,,,,,,,5,2,2,2.0,1
201400059262,0014-08-14 15:25:00,14,8,14,15,25,973,2,"12210, TIGRE (ROUTE DU)",,,Plein jour,Hors agglomération,Hors intersection,Normale,Deux véhicules - frontale,,,,,,,,,,,1,1,1,1.0,1
201400059263,0014-08-16 08:25:00,14,8,16,8,25,973,2,"10, BRASSE (LIEUTENANT)",,,Plein jour,En agglomération,Hors intersection,Normale,Autre collision,,,,,,,,,,,1,2,1,1.0,6
201400059264,0014-08-30 01:45:00,14,8,30,1,45,973,2,ROUTE NATIONALE 1,,,Nuit avec éclairage allumé,Hors agglomération,Hors intersection,Normale,Sans collision,,,,,,,,,,,5,1,1,1.0,7
201400059265,0014-09-05 18:00:00,14,9,5,18,0,973,2,6MADELEINE (ROUTE DE LA),,,Plein jour,Hors agglomération,Hors intersection,Normale,Autre collision,,,,,,,,,,,1,1,1,1.0,6
201400059266,0014-09-06 12:00:00,14,9,6,12,0,973,2,"329, CABASSOU (CITE)",,,Plein jour,Hors agglomération,Hors intersection,Normale,Deux véhicules - frontale,,,,,,,,,,,1,1,1,1.0,1
201400059267,0014-09-08 12:20:00,14,9,8,12,20,973,2,"34062, MONTABO (DOMAINE",,,Plein jour,Hors agglomération,Hors intersection,Normale,Deux véhicules - frontale,,,,,,,,,,,1,1,1,1.0,1
201400059268,0014-09-09 10:50:00,14,9,9,10,50,973,2,"626, DE GAULLE (AVENUE)",,,Plein jour,En agglomération,Hors intersection,Normale,Autre collision,,,,,,,,,,,1,2,1,1.0,6
201400059269,0014-09-12 08:40:00,14,9,12,8,40,973,2,3TIGRE (ROUTE DU),,,Plein jour,Hors agglomération,Intersection en T,Pluie forte,Deux véhicules - frontale,,,,,,,,,,,1,1,3,3.0,1
201400059270,0014-09-12 18:10:00,14,9,12,18,10,973,2,"3419, MANGO (ROUTE)",,,Plein jour,Hors agglomération,Hors intersection,,Deux véhicules - frontale,,,,,,,,,,,1,1,1,,1
201400059271,0014-09-14 07:10:00,14,9,14,7,10,973,2,"316, HEDER (AVENUE LEOPO",,,Plein jour,En agglomération,Intersection en X,Pluie forte,Deux véhicules - frontale,,,,,,,,,,,1,2,2,3.0,1
201400059272,0014-09-15 19:45:00,14,9,15,19,45,973,2,"20.5, MARINGOUINS (ROND-",,,Nuit avec éclairage allumé,Hors agglomération,Giratoire,,Deux véhicules - frontale,,,,,,,,,,,5,1,6,,1
201400059273,0014-09-16 08:20:00,14,9,16,8,20,973,2,3MONTABO (ROUTE DE) 1,,,Plein jour,En agglomération,Hors intersection,Normale,Deux véhicules - frontale,,,,,,,,,,,1,2,1,1.0,1
201400059274,0014-09-19 20:45:00,14,9,19,20,45,973,2,"38, ZONE COLLERY I OU II",,,Nuit sans éclairage public,Hors agglomération,Hors intersection,Normale,Autre collision,,,,,,,,,,,3,1,1,1.0,6
201400059275,0014-09-20 17:25:00,14,9,20,17,25,973,2,2CRIQUE FOUILLEE (ROND P,,,Plein jour,Hors agglomération,Hors intersection,,Deux véhicules - frontale,,,,,,,,,,,1,1,1,,1
201400059276,0014-09-23 17:10:00,14,9,23,17,10,973,2,"325, CABASSOU (ROUTE DE)",,,Plein jour,Hors agglomération,Intersection en X,Pluie légère,Deux véhicules - frontale,,,,,,,,,,,1,1,2,2.0,1
201400059277,0014-09-23 20:21:00,14,9,23,20,21,973,2,1RABAN (ROUTE DE),,,Nuit avec éclairage allumé,Hors agglomération,Hors intersection,Normale,Autre collision,,,,,,,,,,,5,1,1,1.0,6
201400059278,0014-09-19 07:30:00,14,9,19,7,30,973,2,6FLAMBOYANTS (RUE DES),,,Plein jour,En agglomération,Intersection en X,Pluie forte,Autre collision,,,,,,,,,,,1,2,2,3.0,6
201400059279,0014-10-01 17:10:00,14,10,1,17,10,973,2,MONTABO (ROUTE DE) 2,,,Plein jour,Hors agglomération,Intersection en T,Normale,Deux véhicules - frontale,,,,,,,,,,,1,1,3,1.0,1
201400059280,0014-10-02 19:25:00,14,10,2,19,25,973,2,"0.5, BOULEVARD DES CITES",,,Nuit avec éclairage allumé,En agglomération,Hors intersection,Normale,Deux véhicules - côté,,,,,,,,,,,5,2,1,1.0,3
201400059281,0014-10-03 13:37:00,14,10,3,13,37,973,2,MADELEINE (ROUTE DE LA),,,Plein jour,Hors agglomération,Hors intersection,Normale,Deux véhicules - côté,,,,,,,,,,,1,1,1,1.0,3
201400059282,0014-10-06 17:03:00,14,10,6,17,3,973,2,"1, SOURCE DE BADUEL (CHE",,,Plein jour,En agglomération,Hors intersection,Normale,Deux véhicules - côté,,,,,,,,,,,1,2,1,1.0,3
201400059283,0014-10-17 07:51:00,14,10,17,7,51,973,2,CHATENAY (CITE),,,Plein jour,En agglomération,Intersection en T,Normale,Deux véhicules - côté,,,,,,,,,,,1,2,3,1.0,3
201400059284,0014-10-17 14:00:00,14,10,17,14,0,973,2,"1436, FELIX EBOUE(ROCADE",,,Plein jour,Hors agglomération,Hors intersection,Normale,Trois véhicules et plus - collisions multiples,,,,,,,,,,,1,1,1,1.0,5
201400059285,0014-10-22 20:12:00,14,10,22,20,12,973,2,"25, CESAIRE (CITE)",,,Nuit avec éclairage allumé,En agglomération,Hors intersection,Autre,Deux véhicules - arrière,,,,,,,,,,,5,2,1,9.0,2
201400059286,0014-10-24 19:54:00,14,10,24,19,54,973,2,ARON (ANDRE),,,Nuit avec éclairage allumé,En agglomération,Intersection en T,Normale,Deux véhicules - côté,,,,,,,,,,,5,2,3,1.0,3
201400059287,0014-10-27 17:40:00,14,10,27,17,40,973,2,"1010, MONTABO (DOMAINE D",,,Plein jour,En agglomération,Hors intersection,Normale,Autre collision,,,,,,,,,,,1,2,1,1.0,6
201400059288,0014-10-31 13:14:00,14,10,31,13,14,973,2,"471, BADUEL (ROUTE DE)",,,Plein jour,En agglomération,Hors intersection,Normale,Deux véhicules - côté,,,,,,,,,,,1,2,1,1.0,3
201400059289,0014-11-01 16:15:00,14,11,1,16,15,973,2,"1816, EBOUE (ROCADE FELI",,,Plein jour,En agglomération,Hors intersection,Normale,Deux véhicules - côté,,,,,,,,,,,1,2,1,1.0,3
201400059290,0014-11-03 16:00:00,14,11,3,16,0,973,2,"1, PATIENT (LOTISSEMENT)",,,Plein jour,En agglomération,Hors intersection,Normale,Deux véhicules - côté,,,,,,,,,,,1,2,1,1.0,3
201400059291,0014-11-13 11:45:00,14,11,13,11,45,973,2,"208, CABASSOU (ROUTE DE)",,,Plein jour,Hors agglomération,Hors intersection,Normale,Autre collision,,,,,,,,,,,1,1,1,1.0,6
201400059292,0014-11-17 07:42:00,14,11,17,7,42,973,2,"2059, MADELEINE (ROUTE D",,,Plein jour,En agglomération,Intersection en X,Normale,Deux véhicules - côté,,,,,,,,,,,1,2,2,1.0,3
201400059293,0014-11-25 08:33:00,14,11,25,8,33,973,2,"1436, BADUEL (ROUTE DE)",,,Plein jour,Hors agglomération,Hors intersection,Normale,Deux véhicules - côté,,,,,,,,,,,1,1,1,1.0,3
201400059294,0014-11-28 09:15:00,14,11,28,9,15,973,2,"1491, HILAIRE(CHEMIN)",,,Plein jour,En agglomération,Intersection en T,Normale,Deux véhicules - côté,,,,,,,,,,,1,2,3,1.0,3
201400059295,0014-11-29 07:07:00,14,11,29,7,7,973,2,"1491, MADELEINE (ROUTE D",,,Plein jour,En agglomération,Hors intersection,Normale,Deux véhicules - côté,,,,,,,,,,,1,2,1,1.0,3
201400059296,0014-11-29 16:25:00,14,11,29,16,25,973,2,"14, 14 ET 22 JUIN 1962",,,Plein jour,En agglomération,Intersection en T,Normale,Deux véhicules - côté,,,,,,,,,,,1,2,3,1.0,3
201400059297,0014-12-01 17:30:00,14,12,1,17,30,973,2,"0.5, MADELEINE (ROUTE DE",,,Plein jour,En agglomération,Hors intersection,Normale,Deux véhicules - côté,,,,,,,,,,,1,2,1,1.0,3
201400059298,0014-12-01 18:10:00,14,12,1,18,10,973,2,"2788, MADELEINE (ROUTE D",,,Plein jour,En agglomération,Hors intersection,Normale,Deux véhicules - côté,,,,,,,,,,,1,2,1,1.0,3
201400059299,0014-12-02 16:00:00,14,12,2,16,0,973,2,"2496, MONTABO (ROUTE DE)",,,Plein jour,Hors agglomération,Intersection en T,Normale,Trois véhicules et plus - collisions multiples,,,,,,,,,,,1,1,3,1.0,5
201400059300,0014-12-02 20:38:00,14,12,2,20,38,973,2,"45, HEDER (AVENUE LEOPOL",,,Nuit avec éclairage allumé,En agglomération,Hors intersection,Normale,Deux véhicules - côté,,,,,,,,,,,5,2,1,1.0,3
201400059301,0014-12-03 11:55:00,14,12,3,11,55,973,2,HEDER (AVENUE LEOPOLD),,,Plein jour,En agglomération,Hors intersection,Normale,Autre collision,,,,,,,,,,,1,2,1,1.0,6
201400059302,0014-12-04 06:49:00,14,12,4,6,49,973,2,"1, BOUDINOT (AUGUSTE) CI",,,Plein jour,Hors agglomération,Hors intersection,Normale,Autre collision,,,,,,,,,,,1,1,1,1.0,6
201400059303,0014-12-06 20:30:00,14,12,6,20,30,973,2,HORTH (CITE),,,Nuit avec éclairage allumé,Hors agglomération,Intersection en T,Pluie légère,Deux véhicules - côté,,,,,,,,,,,5,1,3,2.0,3
201400059304,0014-12-03 18:30:00,14,12,3,18,30,973,2,"23, JUBELIN (BOULEVARD)",,,Nuit avec éclairage allumé,En agglomération,Hors intersection,Normale,Deux véhicules - côté,,,,,,,,,,,5,2,1,1.0,3
201400059305,0014-12-05 17:31:00,14,12,5,17,31,973,2,"15, POLYCARPE (VERMONT)",,,Plein jour,En agglomération,Intersection en X,Normale,Autre collision,,,,,,,,,,,1,2,2,1.0,6
201400059306,0014-12-08 14:56:00,14,12,8,14,56,973,2,"2000, MADELEINE (ROUTE D",,,Plein jour,En agglomération,Hors intersection,Normale,Deux véhicules - côté,,,,,,,,,,,1,2,1,1.0,3
201400059307,0014-12-08 20:20:00,14,12,8,20,20,973,2,"3667, MONTABO (ROUTE DE)",,,Nuit avec éclairage allumé,Hors agglomération,Hors intersection,Normale,Autre collision,,,,,,,,,,,5,1,1,1.0,6
201400059308,0014-12-10 00:35:00,14,12,10,0,35,973,2,"1, JUBELIN (BOULEVARD)",,,Nuit avec éclairage allumé,En agglomération,Intersection en X,Normale,Deux véhicules - côté,,,,,,,,,,,5,2,2,1.0,3
201400059309,0014-12-12 09:00:00,14,12,12,9,0,973,2,"1357, MADELEINE (ROUTE D",,,Plein jour,En agglomération,Hors intersection,Normale,Deux véhicules - côté,,,,,,,,,,,1,2,1,1.0,3
201400059310,0014-12-13 13:40:00,14,12,13,13,40,973,2,"1427, RABAN (ROUTE DE)",,,Plein jour,En agglomération,Hors intersection,Pluie légère,Deux véhicules - frontale,,,,,,,,,,,1,2,1,2.0,1
201400059311,0014-12-13 19:41:00,14,12,13,19,41,973,2,"05, BRUTUS (CITE)",,,Nuit avec éclairage allumé,En agglomération,Hors intersection,Normale,Deux véhicules - arrière,,,,,,,,,,,5,2,1,1.0,2
201400059312,0014-12-16 08:43:00,14,12,16,8,43,973,2,"1, ROUTE NATIONALE II",,,Plein jour,Hors agglomération,Hors intersection,Normale,Deux véhicules - arrière,,,,,,,,,,,1,1,1,1.0,2
201400059313,0014-12-15 11:50:00,14,12,15,11,50,973,2,MANGO (ROUTE),,,Plein jour,Hors agglomération,Hors intersection,Normale,Autre collision,,,,,,,,,,,1,1,1,1.0,6
201400059314,0014-12-17 13:24:00,14,12,17,13,24,973,2,"2687, MONTABO (ROUTE DE)",,,Plein jour,En agglomération,Hors intersection,Normale,Deux véhicules - frontale,,,,,,,,,,,1,2,1,1.0,1
201400059315,0014-12-17 14:23:00,14,12,17,14,23,973,2,"8, FLAMBOYANTS (RUE DES)",,,Plein jour,Hors agglomération,Hors intersection,Normale,Deux véhicules - arrière,,,,,,,,,,,1,1,1,1.0,2
201400059316,0014-12-17 20:00:00,14,12,17,20,0,973,2,"1, ROUTE NATIONALE 1",,,Nuit avec éclairage allumé,Hors agglomération,Hors intersection,Normale,Deux véhicules - côté,,,,,,,,,,,5,1,1,1.0,3
201400059317,0014-12-19 21:50:00,14,12,19,21,50,973,2,"0.5, KET TAI (CARREFOUR)",,,Nuit avec éclairage allumé,En agglomération,Hors intersection,Normale,Deux véhicules - côté,,,,,,,,,,,5,2,1,1.0,3
201400059318,0014-12-20 11:40:00,14,12,20,11,40,973,2,"0, ROUTE NATIONALE II",,,Plein jour,Hors agglomération,Hors intersection,Normale,Trois véhicules et plus - collisions multiples,,,,,,,,,,,1,1,1,1.0,5
201400059319,0014-12-20 12:44:00,14,12,20,12,44,973,2,MADELEINE (ROUTE DE LA),,,Plein jour,En agglomération,Hors intersection,Normale,Deux véhicules - côté,,,,,,,,,,,1,2,1,1.0,3
201400059320,0014-12-21 23:00:00,14,12,21,23,0,973,2,"2957, MONTABO (ROUTE DE)",,,Nuit avec éclairage allumé,En agglomération,Hors intersection,Normale,Autre collision,,,,,,,,,,,5,2,1,1.0,6
201400059321,0014-12-22 18:11:00,14,12,22,18,11,973,2,MARINGOUINS (ROND-POINT),,,Nuit avec éclairage allumé,Hors agglomération,Hors intersection,Normale,Autre collision,,,,,,,,,,,5,1,1,1.0,6
201400059322,0014-12-23 16:05:00,14,12,23,16,5,973,2,"1, ROUTE NATIONALE 1",,,Plein jour,Hors agglomération,Hors intersection,Pluie légère,Trois véhicules et plus - collisions multiples,,,,,,,,,,,1,1,1,2.0,5
201400059323,0014-12-24 09:38:00,14,12,24,9,38,973,2,"0.5, ROUTE NATIONALE 1",,,Plein jour,En agglomération,Hors intersection,Pluie légère,Trois véhicules et plus - en chaîne,,,,,,,,,,,1,2,1,2.0,4
201400059324,0014-12-24 18:53:00,14,12,24,18,53,973,2,"1, TROUBIRAN (CHEMIN DE)",,,Nuit avec éclairage allumé,Hors agglomération,Hors intersection,Normale,Autre collision,,,,,,,,,,,5,1,1,1.0,6
201400059325,0014-12-27 13:00:00,14,12,27,13,0,973,2,"1, REPUBLIQUE (BD DE LA)",,,Plein jour,Hors agglomération,Hors intersection,Pluie légère,Deux véhicules - arrière,,,,,,,,,,,1,1,1,2.0,2
201400059326,0014-01-20 15:20:00,14,1,20,15,20,973,2,"36, CHARLERY (GUSTAVE)",,,Plein jour,Hors agglomération,Hors intersection,Normale,Deux véhicules - arrière,,,,,,,,,,,1,1,1,1.0,2
201400059327,0014-01-01 01:10:00,14,1,1,1,10,974,7,AVENUE TITAN,,,Nuit avec éclairage allumé,En agglomération,Intersection en T,Normale,Deux véhicules - côté,,,,,,,,,,,5,2,3,1.0,3
201400059328,0014-01-24 17:15:00,14,1,24,17,15,974,7,14 JUILLET 1789(AVENUE D,,,Plein jour,En agglomération,Hors intersection,Normale,Autre collision,,,,,,,,,,,1,2,1,1.0,6
201400059329,0014-01-01 04:14:00,14,1,1,4,14,974,7,AVENUE TITAN,,,Crépuscule ou aube,En agglomération,Hors intersection,Normale,Autre collision,,,,,,,,,,,2,2,1,1.0,6
201400059330,0014-01-08 19:50:00,14,1,8,19,50,974,7,CARPAYE(AVENUE),,,Nuit avec éclairage allumé,En agglomération,Hors intersection,Normale,Autre collision,,,,,,,,,,,5,2,1,1.0,6
201400059331,0014-01-09 16:45:00,14,1,9,16,45,974,7,BREST (BOULEVARD),,,Plein jour,En agglomération,Intersection en X,Normale,Deux véhicules - côté,,,,,,,,,,,1,2,2,1.0,3