accident_id,datetime,annee,mois,jour,heure,minute,departement,commune_insee,adresse,latitude,longitude,luminosite,agglomeration,intersection,meteo,collision,nb_vehicules,nb_usagers,nb_indemnes,nb_tues,nb_blesses_hosp,nb_blesses_legers,age_cond_1,age_cond_2,veh_type_cond_1,veh_type_cond_2,lum_code,agg_code,int_code,atm_code,col_code
201400059332,0014-01-12 20:35:00,14,1,12,20,35,974,7,CARPAYE(AVENUE),,,Crépuscule ou aube,En agglomération,Hors intersection,Normale,Autre collision,,,,,,,,,,,2,2,1,1.0,6
201400059333,0014-01-16 18:30:00,14,1,16,18,30,974,7,CARPAYE(AVENUE),,,Plein jour,En agglomération,Hors intersection,Normale,Autre collision,,,,,,,,,,,1,2,1,1.0,6
201400059334,0014-01-17 12:10:00,14,1,17,12,10,974,7,LABOUDONNAIS M (RUE),,,Plein jour,En agglomération,Hors intersection,Normale,Deux véhicules - arrière,,,,,,,,,,,1,2,1,1.0,2
201400059335,0014-01-21 08:10:00,14,1,21,8,10,974,7,BANVILLE(RUELLE),,,Plein jour,En agglomération,Intersection en X,Normale,Sans collision,,,,,,,,,,,1,2,2,1.0,7
201400059336,0014-01-31 15:12:00,14,1,31,15,12,974,7,BOUVET (AVENUE),,,Plein jour,En agglomération,Hors intersection,Normale,Autre collision,,,,,,,,,,,1,2,1,1.0,6
201400059337,0014-02-01 06:24:00,14,2,1,6,24,974,7,LABOUDONNAIS M (RUE),,,Plein jour,En agglomération,Hors intersection,Normale,Deux véhicules - arrière,,,,,,,,,,,1,2,1,1.0,2
201400059338,0014-02-05 20:30:00,14,2,5,20,30,974,7,CARPAYE(AVENUE),,,Nuit avec éclairage allumé,Hors agglomération,Hors intersection,Pluie légère,Deux véhicules - côté,,,,,,,,,,,5,1,1,2.0,3
201400059339,0014-02-07 17:33:00,14,2,7,17,33,974,7,"546, CARPAYE(AVENUE)",,,Plein jour,En agglomération,Hors intersection,Normale,Deux véhicules - arrière,,,,,,,,,,,1,2,1,1.0,2
201400059340,0014-02-09 18:00:00,14,2,9,18,0,974,7,14 JUILLET 1789(AVENUE D,,,Plein jour,En agglomération,Hors intersection,Normale,Sans collision,,,,,,,,,,,1,2,1,1.0,7
201400059341,0014-02-10 08:30:00,14,2,10,8,30,974,7,ROUTE DU SACRE COEUR,,,Plein jour,Hors agglomération,Hors intersection,Normale,Autre collision,,,,,,,,,,,1,1,1,1.0,6
201400059342,0014-02-12 08:56:00,14,2,12,8,56,974,7,ROND POINT ROSE DES VENT,,,Plein jour,En agglomération,Hors intersection,Normale,Autre collision,,,,,,,,,,,1,2,1,1.0,6
201400059343,0014-02-22 14:40:00,14,2,22,14,40,974,7,GANDHI MAHATMA (ALLEE),,,Plein jour,Hors agglomération,Autre intersection,Normale,Autre collision,,,,,,,,,,,1,1,9,1.0,6
201400059344,0014-03-02 19:55:00,14,3,2,19,55,974,7,COMMUNE DE PARIS (AVENUE,,,Nuit avec éclairage allumé,En agglomération,Intersection en T,Normale,Deux véhicules - côté,,,,,,,,,,,5,2,3,1.0,3
201400059345,0014-03-04 22:30:00,14,3,4,22,30,974,7,ROUTE DU SACRE COEUR,,,Crépuscule ou aube,Hors agglomération,Hors intersection,Normale,Sans collision,,,,,,,,,,,2,1,1,1.0,7
201400059346,0014-03-06 12:40:00,14,3,6,12,40,974,7,L'ABBE LOUISE(RUELLE),,,Plein jour,En agglomération,Intersection en X,Normale,Autre collision,,,,,,,,,,,1,2,2,1.0,6
201400059347,0014-03-07 10:40:00,14,3,7,10,40,974,7,ROND POINT BUTTE CITRONN,,,Plein jour,Hors agglomération,Hors intersection,Normale,Deux véhicules - côté,,,,,,,,,,,1,1,1,1.0,3
201400059348,0014-03-08 21:40:00,14,3,8,21,40,974,7,LENINE (AVENUE),,,Nuit avec éclairage allumé,En agglomération,Hors intersection,Normale,Deux véhicules - frontale,,,,,,,,,,,5,2,1,1.0,1
201400059349,0014-03-09 07:20:00,14,3,9,7,20,974,7,CARPAYE(AVENUE),,,Plein jour,En agglomération,Hors intersection,Normale,Deux véhicules - frontale,,,,,,,,,,,1,2,1,1.0,1
201400059350,0014-03-19 09:00:00,14,3,19,9,0,974,7,"48 bis, BOSCH (RUE)",,,Plein jour,En agglomération,Intersection en X,Normale,Sans collision,,,,,,,,,,,1,2,2,1.0,7
201400059351,0014-03-20 17:05:00,14,3,20,17,5,974,7,ROUTE DU SACRE COEUR,,,Plein jour,En agglomération,Hors intersection,Normale,Deux véhicules - arrière,,,,,,,,,,,1,2,1,1.0,2
201400059352,0014-03-26 17:05:00,14,3,26,17,5,974,7,ROND POINT BUTTE CITRONN,,,Plein jour,En agglomération,Hors intersection,Normale,Deux véhicules - arrière,,,,,,,,,,,1,2,1,1.0,2
201400059353,0014-03-28 10:00:00,14,3,28,10,0,974,7,MARINE(BOULEVARD),,,Plein jour,En agglomération,Hors intersection,Normale,Deux véhicules - frontale,,,,,,,,,,,1,2,1,1.0,1
201400059354,0014-03-29 05:30:00,14,3,29,5,30,974,7,ROUTE DU SACRE COEUR,,,Crépuscule ou aube,Hors agglomération,Hors intersection,Normale,Sans collision,,,,,,,,,,,2,1,1,1.0,7
201400059355,0014-04-02 18:10:00,14,4,2,18,10,974,7,BD DE LA COMPAGNIE DES,,,Crépuscule ou aube,En agglomération,Intersection en X,Normale,Deux véhicules - frontale,,,,,,,,,,,2,2,2,1.0,1
201400059356,0014-04-04 07:50:00,14,4,4,7,50,974,7,"0, ROND POINT SACRE COEU",,,Plein jour,En agglomération,Hors intersection,Normale,Sans collision,,,,,,,,,,,1,2,1,1.0,7
201400059357,0014-04-05 23:15:00,14,4,5,23,15,974,7,"1, ROND POINT DES DANSEU",,,Nuit avec éclairage allumé,En agglomération,Hors intersection,Normale,Deux véhicules - côté,,,,,,,,,,,5,2,1,1.0,3
201400059358,0014-04-15 17:20:00,14,4,15,17,20,974,7,MASCAREIGNES(BOULEVARD),,,Crépuscule ou aube,Hors agglomération,Hors intersection,Pluie légère,Deux véhicules - arrière,,,,,,,,,,,2,1,1,2.0,2
201400059359,0014-04-16 08:00:00,14,4,16,8,0,974,7,DE GAULLE(RUE),,,Plein jour,En agglomération,Hors intersection,Normale,Deux véhicules - frontale,,,,,,,,,,,1,2,1,1.0,1
201400059360,0014-04-22 17:17:00,14,4,22,17,17,974,7,DE GAULLE(RUE),,,Plein jour,En agglomération,Hors intersection,Normale,Deux véhicules - arrière,,,,,,,,,,,1,2,1,1.0,2
201400059361,0014-04-26 13:00:00,14,4,26,13,0,974,7,RUE JEAN MOULIN,,,Plein jour,Hors agglomération,Hors intersection,Normale,Deux véhicules - frontale,,,,,,,,,,,1,1,1,1.0,1
201400059362,0014-04-28 21:50:00,14,4,28,21,50,974,7,8 ALLEE LOUIS GUILLOUX,,,Nuit avec éclairage allumé,Hors agglomération,Hors intersection,Normale,Autre collision,,,,,,,,,,,5,1,1,1.0,6
201400059363,0014-04-29 17:30:00,14,4,29,17,30,974,7,AVENUE TITAN,,,Crépuscule ou aube,En agglomération,Hors intersection,Normale,Deux véhicules - arrière,,,,,,,,,,,2,2,1,1.0,2
201400059364,0014-05-03 19:45:00,14,5,3,19,45,974,7,JAURES (RUE),,,Crépuscule ou aube,En agglomération,Hors intersection,Normale,Deux véhicules - frontale,,,,,,,,,,,2,2,1,1.0,1
201400059365,0014-05-06 12:20:00,14,5,6,12,20,974,7,VERDUN (BOULEVARD),,,Plein jour,En agglomération,Intersection en X,Normale,Deux véhicules - côté,,,,,,,,,,,1,2,2,1.0,3
201400059366,0014-05-08 17:30:00,14,5,8,17,30,974,7,RUELLE VAN DICK,,,Crépuscule ou aube,En agglomération,Hors intersection,Normale,Autre collision,,,,,,,,,,,2,2,1,1.0,6
201400059367,0014-05-12 02:45:00,14,5,12,2,45,974,7,ROUTE NATIONALE N? 4,,,Nuit sans éclairage public,En agglomération,Hors intersection,Normale,Deux véhicules - côté,,,,,,,,,,,3,2,1,1.0,3
201400059368,0014-05-17 17:20:00,14,5,17,17,20,974,7,CARPAYE(AVENUE),,,Crépuscule ou aube,En agglomération,Hors intersection,Normale,Sans collision,,,,,,,,,,,2,2,1,1.0,7
201400059369,0014-05-26 07:10:00,14,5,26,7,10,974,7,LEPERVENCHE LEON(RUE),,,Plein jour,En agglomération,Hors intersection,Normale,Autre collision,,,,,,,,,,,1,2,1,1.0,6
201400059370,0014-05-27 17:45:00,14,5,27,17,45,974,7,ROUTE DU SACRE COEUR,,,Crépuscule ou aube,En agglomération,Hors intersection,Temps couvert,Deux véhicules - frontale,,,,,,,,,,,2,2,1,8.0,1
201400059371,0014-06-03 10:35:00,14,6,3,10,35,974,7,BREST (BOULEVARD),,,Plein jour,Hors agglomération,Intersection en Y,Normale,Deux véhicules - côté,,,,,,,,,,,1,1,4,1.0,3
201400059372,0014-06-04 07:48:00,14,6,4,7,48,974,7,ROND POINT ROSE DES VENT,,,Plein jour,En agglomération,Giratoire,Normale,Deux véhicules - arrière,,,,,,,,,,,1,2,6,1.0,2
201400059373,0014-06-06 18:45:00,14,6,6,18,45,974,7,ROUTE NATIONALE N? 4,,,Crépuscule ou aube,En agglomération,Hors intersection,Normale,Deux véhicules - arrière,,,,,,,,,,,2,2,1,1.0,2
201400059374,0014-06-07 00:08:00,14,6,7,0,8,974,7,ROUTE NATIONALE N? 1,,,Nuit sans éclairage public,En agglomération,Hors intersection,Normale,Trois véhicules et plus - collisions multiples,,,,,,,,,,,3,2,1,1.0,5
201400059375,0014-06-11 15:55:00,14,6,11,15,55,974,7,CARPAYE(AVENUE),,,Plein jour,En agglomération,Hors intersection,Normale,Trois véhicules et plus - en chaîne,,,,,,,,,,,1,2,1,1.0,4
201400059376,0014-06-13 19:25:00,14,6,13,19,25,974,7,19 MARS 1946(AVENUE DU),,,Nuit sans éclairage public,En agglomération,Intersection en T,Normale,Deux véhicules - côté,,,,,,,,,,,3,2,3,1.0,3
201400059377,0014-06-21 09:50:00,14,6,21,9,50,974,7,RUE JACQUES PREVERT,,,Plein jour,En agglomération,Hors intersection,Normale,Deux véhicules - côté,,,,,,,,,,,1,2,1,1.0,3
201400059378,0014-06-29 01:20:00,14,6,29,1,20,974,7,BD DE LA COMPAGNIE DES I,,,Nuit avec éclairage non allumé,En agglomération,Hors intersection,Normale,Sans collision,,,,,,,,,,,4,2,1,1.0,7
201400059379,0014-07-12 06:50:00,14,7,12,6,50,974,7,ROUTE DU SACRE COEUR,,,Crépuscule ou aube,Hors agglomération,Hors intersection,Normale,Sans collision,,,,,,,,,,,2,1,1,1.0,7
201400059380,0014-07-12 16:20:00,14,7,12,16,20,974,7,ARAGON LOUIS(AVENUE),,,Plein jour,En agglomération,Hors intersection,Normale,Autre collision,,,,,,,,,,,1,2,1,1.0,6
201400059381,0014-07-21 14:10:00,14,7,21,14,10,974,7,SUAREZ ANDRE(RUE),,,Plein jour,En agglomération,Intersection en T,Normale,Deux véhicules - côté,,,,,,,,,,,1,2,3,1.0,3
201400059382,0014-07-30 18:35:00,14,7,30,18,35,974,7,CARPAYE(AVENUE),,,Nuit avec éclairage non allumé,En agglomération,Hors intersection,Pluie légère,Deux véhicules - côté,,,,,,,,,,,4,2,1,2.0,3
201400059383,0014-08-01 20:20:00,14,8,1,20,20,974,7,CARPAYE(AVENUE),,,Nuit avec éclairage allumé,En agglomération,Hors intersection,Normale,Autre collision,,,,,,,,,,,5,2,1,1.0,6
201400059384,0014-08-03 19:30:00,14,8,3,19,30,974,7,ROUTE DU SACRE COEUR,,,Nuit avec éclairage allumé,Hors agglomération,Hors intersection,Normale,Sans collision,,,,,,,,,,,5,1,1,1.0,7
201400059385,0014-08-07 21:00:00,14,8,7,21,0,974,7,ROUTE NATIONALE N? 1,,,Nuit sans éclairage public,Hors agglomération,Hors intersection,Normale,Autre collision,,,,,,,,,,,3,1,1,1.0,6
201400059386,0014-08-09 06:10:00,14,8,9,6,10,974,7,ROUTE NATIONALE N? 1,,,Crépuscule ou aube,Hors agglomération,Hors intersection,Normale,Deux véhicules - arrière,,,,,,,,,,,2,1,1,1.0,2
201400059387,0014-08-11 13:20:00,14,8,11,13,20,974,7,19 MARS 1946(AVENUE DU),,,Plein jour,En agglomération,Intersection en T,Normale,Deux véhicules - côté,,,,,,,,,,,1,2,3,1.0,3
201400059388,0014-08-14 06:10:00,14,8,14,6,10,974,7,ROND POINT SACRE COEUR,,,Crépuscule ou aube,Hors agglomération,Hors intersection,Normale,Deux véhicules - côté,,,,,,,,,,,2,1,1,1.0,3
201400059389,0014-08-19 06:45:00,14,8,19,6,45,974,7,DE GAULLE(RUE),,,Crépuscule ou aube,En agglomération,Intersection en X,Normale,Deux véhicules - côté,,,,,,,,,,,2,2,2,1.0,3
201400059390,0014-08-19 17:25:00,14,8,19,17,25,974,7,14 JUILLET 1789(AVENUE D,,,Plein jour,En agglomération,Hors intersection,Normale,Deux véhicules - côté,,,,,,,,,,,1,2,1,1.0,3
201400059391,0014-08-21 07:50:00,14,8,21,7,50,974,7,28 NOVEMBRE 1942(AVENUE),,,Plein jour,En agglomération,Hors intersection,Normale,Deux véhicules - arrière,,,,,,,,,,,1,2,1,1.0,2
201400059392,0014-08-21 12:30:00,14,8,21,12,30,974,7,ROUTE DU SACRE COEUR,,,Plein jour,Hors agglomération,Hors intersection,Normale,Deux véhicules - côté,,,,,,,,,,,1,1,1,1.0,3
201400059393,0014-08-23 16:20:00,14,8,23,16,20,974,7,CARPAYE(AVENUE),,,Plein jour,En agglomération,Hors intersection,Normale,Deux véhicules - arrière,,,,,,,,,,,1,2,1,1.0,2
201400059394,0014-08-26 11:00:00,14,8,26,11,0,974,7,RUE JACQUES DUCLOS,,,Plein jour,En agglomération,Hors intersection,Pluie légère,Deux véhicules - côté,,,,,,,,,,,1,2,1,2.0,3
201400059395,0014-09-05 21:10:00,14,9,5,21,10,974,7,19 MARS 1946(AVENUE DU),,,Nuit sans éclairage public,En agglomération,Intersection en T,Normale,Deux véhicules - côté,,,,,,,,,,,3,2,3,1.0,3
201400059396,0014-09-09 07:06:00,14,9,9,7,6,974,7,VERDUN (BOULEVARD),,,Plein jour,En agglomération,Intersection en X,Normale,Deux véhicules - côté,,,,,,,,,,,1,2,2,1.0,3
201400059397,0014-09-11 07:45:00,14,9,11,7,45,974,7,RUE JACQUES PREVERT,,,Plein jour,En agglomération,Hors intersection,Normale,Deux véhicules - côté,,,,,,,,,,,1,2,1,1.0,3
201400059398,0014-09-17 11:10:00,14,9,17,11,10,974,7,FRANKEL (RUE),,,Plein jour,En agglomération,Hors intersection,Normale,Deux véhicules - arrière,,,,,,,,,,,1,2,1,1.0,2
201400059399,0014-09-22 13:10:00,14,9,22,13,10,974,7,BOSSE (RUE),,,Plein jour,En agglomération,Hors intersection,Normale,Autre collision,,,,,,,,,,,1,2,1,1.0,6
201400059400,0014-09-25 10:05:00,14,9,25,10,5,974,7,PARIS (AVENUE),,,Plein jour,Hors agglomération,Hors intersection,Normale,Autre collision,,,,,,,,,,,1,1,1,1.0,6
201400059401,0014-09-26 19:49:00,14,9,26,19,49,974,7,BD DE LA COMPAGNIE DES I,,,Nuit avec éclairage allumé,En agglomération,Hors intersection,Normale,Deux véhicules - arrière,,,,,,,,,,,5,2,1,1.0,2
201400059402,0014-09-27 00:30:00,14,9,27,0,30,974,7,VERDUN (BOULEVARD),,,Nuit avec éclairage allumé,En agglomération,Hors intersection,Normale,Sans collision,,,,,,,,,,,5,2,1,1.0,7
201400059403,0014-10-03 16:24:00,14,10,3,16,24,974,7,GRENOBLE(RUE),,,Plein jour,En agglomération,Hors intersection,Normale,Deux véhicules - frontale,,,,,,,,,,,1,2,1,1.0,1
201400059404,0014-10-11 21:30:00,14,10,11,21,30,974,7,RUE JACQUES DUCLOS,,,Nuit avec éclairage allumé,En agglomération,Hors intersection,Normale,Deux véhicules - côté,,,,,,,,,,,5,2,1,1.0,3
201400059405,0014-10-17 13:15:00,14,10,17,13,15,974,7,MASCAREIGNES(BOULEVARD),,,Plein jour,En agglomération,Hors intersection,Normale,Deux véhicules - arrière,,,,,,,,,,,1,2,1,1.0,2
201400059406,0014-10-25 00:35:00,14,10,25,0,35,974,7,ROUTE NATIONALE N? 1,,,Nuit sans éclairage public,Hors agglomération,Hors intersection,Normale,Trois véhicules et plus - en chaîne,,,,,,,,,,,3,1,1,1.0,4
201400059407,0014-11-08 19:25:00,14,11,8,19,25,974,7,CARPAYE(AVENUE),,,Nuit avec éclairage non allumé,En agglomération,Hors intersection,Normale,Sans collision,,,,,,,,,,,4,2,1,1.0,7
201400059408,0014-11-12 08:40:00,14,11,12,8,40,974,7,INDE(RUE),,,Plein jour,En agglomération,Hors intersection,Normale,Deux véhicules - arrière,,,,,,,,,,,1,2,1,1.0,2
201400059409,0014-11-15 07:00:00,14,11,15,7,0,974,7,ROUTE NATIONALE N? 1,,,Plein jour,Hors agglomération,Hors intersection,Normale,Sans collision,,,,,,,,,,,1,1,1,1.0,7
201400059410,0014-11-23 21:00:00,14,11,23,21,0,974,7,ROUTE NATIONALE N? 1,,,Nuit sans éclairage public,Hors agglomération,Hors intersection,Normale,Sans collision,,,,,,,,,,,3,1,1,1.0,7
201400059411,0014-11-24 07:50:00,14,11,24,7,50,974,7,COMMUNE DE PARIS (AVENUE,,,Plein jour,En agglomération,Hors intersection,Normale,Deux véhicules - côté,,,,,,,,,,,1,2,1,1.0,3
201400059412,0014-11-30 11:45:00,14,11,30,11,45,974,7,CARPAYE(AVENUE),,,Plein jour,En agglomération,Intersection en T,Normale,Deux véhicules - côté,,,,,,,,,,,1,2,3,1.0,3
201400059413,0014-12-02 09:25:00,14,12,2,9,25,974,7,INDE(RUE),,,Plein jour,En agglomération,Hors intersection,Normale,Deux véhicules - côté,,,,,,,,,,,1,2,1,1.0,3
201400059414,0014-12-02 16:41:00,14,12,2,16,41,974,7,ROUTE NATIONALE N? 1,,,Plein jour,Hors agglomération,Hors intersection,Normale,Deux véhicules - côté,,,,,,,,,,,1,1,1,1.0,3
201400059415,0014-12-04 20:00:00,14,12,4,20,0,974,7,MASCAREIGNES(BOULEVARD),,,Nuit sans éclairage public,En agglomération,Giratoire,Normale,Sans collision,,,,,,,,,,,3,2,6,1.0,7
201400059416,0014-12-05 09:25:00,14,12,5,9,25,974,7,BD DE LA COMPAGNIE DES I,,,Plein jour,Hors agglomération,Hors intersection,Normale,Autre collision,,,,,,,,,,,1,1,1,1.0,6
201400059417,0014-12-09 20:50:00,14,12,9,20,50,974,7,VERGES(AVENUE),,,Nuit sans éclairage public,En agglomération,Hors intersection,Normale,Sans collision,,,,,,,,,,,3,2,1,1.0,7
201400059418,0014-12-12 22:45:00,14,12,12,22,45,974,7,CARPAYE(AVENUE),,,Nuit avec éclairage allumé,En agglomération,Hors intersection,Normale,Sans collision,,,,,,,,,,,5,2,1,1.0,7
201400059419,0014-12-13 08:10:00,14,12,13,8,10,974,7,PARIS (AVENUE),,,Plein jour,En agglomération,Hors intersection,Normale,Autre collision,,,,,,,,,,,1,2,1,1.0,6
201400059420,0014-12-16 16:45:00,14,12,16,16,45,974,7,PARIS (AVENUE),,,Plein jour,En agglomération,Intersection en X,Normale,Deux véhicules - côté,,,,,,,,,,,1,2,2,1.0,3
201400059421,0014-12-19 23:45:00,14,12,19,23,45,974,7,ROUTE NATIONALE N? 1,,,Nuit sans éclairage public,Hors agglomération,Hors intersection,Pluie légère,Trois véhicules et plus - collisions multiples,,,,,,,,,,,3,1,1,2.0,5
201400059422,0014-12-22 17:05:00,14,12,22,17,5,974,7,ROUTE NATIONALE N? 1,,,Plein jour,Hors agglomération,Hors intersection,Normale,Deux véhicules - arrière,,,,,,,,,,,1,1,1,1.0,2
201400059423,0014-12-23 20:50:00,14,12,23,20,50,974,7,BD DE LA COMPAGNIE DES I,,,Nuit sans éclairage public,Hors agglomération,Hors intersection,Normale,Deux véhicules - frontale,,,,,,,,,,,3,1,1,1.0,1
201400059424,0014-12-26 22:15:00,14,12,26,22,15,974,7,CARPAYE(AVENUE),,,Nuit avec éclairage allumé,En agglomération,Hors intersection,Normale,Sans collision,,,,,,,,,,,5,2,1,1.0,7
201400059425,0014-12-27 23:10:00,14,12,27,23,10,974,7,TAMATAVE (BOULEVARD),,,Nuit sans éclairage public,Hors agglomération,Hors intersection,Normale,Sans collision,,,,,,,,,,,3,1,1,1.0,7
201400059426,0014-10-31 23:54:00,14,10,31,23,54,974,7,2CARPAYE(AVENUE),,,Nuit avec éclairage non allumé,En agglomération,Intersection en X,Normale,Deux véhicules - frontale,,,,,,,,,,,4,2,2,1.0,1
201400059427,0014-01-10 19:35:00,14,1,10,19,35,974,9,PATELIN (chemin),,,Crépuscule ou aube,Hors agglomération,Hors intersection,Normale,Deux véhicules - côté,,,,,,,,,,,2,1,1,1.0,3
201400059428,0014-01-15 12:05:00,14,1,15,12,5,974,9,ROCADE SUD(RUE),,,Plein jour,Hors agglomération,Hors intersection,Normale,Autre collision,,,,,,,,,,,1,1,1,1.0,6
201400059429,0014-01-15 20:50:00,14,1,15,20,50,974,9,Salazie (route de),,,Nuit sans éclairage public,Hors agglomération,Hors intersection,Normale,Deux véhicules - côté,,,,,,,,,,,3,1,1,1.0,3
201400059430,0014-01-26 18:35:00,14,1,26,18,35,974,9,PATELIN (chemin),,,Crépuscule ou aube,Hors agglomération,Hors intersection,Normale,Deux véhicules - côté,,,,,,,,,,,2,1,1,1.0,3
201400059431,0014-01-29 19:25:00,14,1,29,19,25,974,9,RN2 SENS ST BENOIT ST DE,,,Nuit avec éclairage allumé,En agglomération,Hors intersection,Pluie légère,Sans collision,,,,,,,,,,,5,2,1,2.0,7
201400059432,0014-03-20 17:05:00,14,3,20,17,5,974,9,DE BOURBON(AVENUE),,,Plein jour,En agglomération,Hors intersection,Normale,Deux véhicules - côté,,,,,,,,,,,1,2,1,1.0,3
201400059433,0014-03-09 16:45:00,14,3,9,16,45,974,9,Rio (chemin),,,Plein jour,En agglomération,Hors intersection,Normale,Deux véhicules - arrière,,,,,,,,,,,1,2,1,1.0,2
201400059434,0014-03-24 19:00:00,14,3,24,19,0,974,9,MASCAREIGNES (Avenue des,,,Crépuscule ou aube,En agglomération,Hors intersection,Normale,Sans collision,,,,,,,,,,,2,2,1,1.0,7
201400059435,0014-03-25 19:45:00,14,3,25,19,45,974,9,Lefaguyes (chemin),,,Nuit avec éclairage non allumé,En agglomération,Hors intersection,Normale,Deux véhicules - arrière,,,,,,,,,,,4,2,1,1.0,2
201400059436,0014-03-05 13:20:00,14,3,5,13,20,974,9,"1827, LAGOURGUE(CHEMIN)",,,Plein jour,En agglomération,Hors intersection,Normale,Deux véhicules - côté,,,,,,,,,,,1,2,1,1.0,3
201400059437,0014-03-12 13:00:00,14,3,12,13,0,974,9,RN2 SENS STE SUZANNE ST,,,Plein jour,Hors agglomération,Hors intersection,Normale,Deux véhicules - arrière,,,,,,,,,,,1,1,1,1.0,2
201400059438,0014-03-13 08:10:00,14,3,13,8,10,974,9,Lefaguyes (chemin),,,Plein jour,En agglomération,Hors intersection,Pluie légère,Deux véhicules - arrière,,,,,,,,,,,1,2,1,2.0,2
201400059439,0014-03-22 12:50:00,14,3,22,12,50,974,9,Salazie (route de),,,Plein jour,En agglomération,Hors intersection,Pluie forte,Sans collision,,,,,,,,,,,1,2,1,3.0,7
201400059440,0014-04-04 18:30:00,14,4,4,18,30,974,9,DE LA REPUBLIQUE(AVENUE),,,Crépuscule ou aube,En agglomération,Hors intersection,Normale,Deux véhicules - côté,,,,,,,,,,,2,2,1,1.0,3
201400059441,0014-03-26 10:10:00,14,3,26,10,10,974,9,LETCHIS(RUE),,,Plein jour,Hors agglomération,Hors intersection,Normale,Sans collision,,,,,,,,,,,1,1,1,1.0,7
201400059442,0014-03-31 08:10:00,14,3,31,8,10,974,9,BALANCE (Chemin),,,Plein jour,En agglomération,Hors intersection,Normale,Autre collision,,,,,,,,,,,1,2,1,1.0,6
201400059443,0014-01-18 23:55:00,14,1,18,23,55,974,9,ILE DE FRANCE(AVENUE),,,Nuit sans éclairage public,En agglomération,Hors intersection,Normale,Sans collision,,,,,,,,,,,3,2,1,1.0,7
201400059444,0014-01-24 16:30:00,14,1,24,16,30,974,9,Salazie (route de),,,Plein jour,En agglomération,Hors intersection,Normale,Sans collision,,,,,,,,,,,1,2,1,1.0,7
201400059445,0014-01-29 21:54:00,14,1,29,21,54,974,9,1 SECT STA,,,Nuit avec éclairage allumé,En agglomération,Hors intersection,Normale,Sans collision,,,,,,,,,,,5,2,1,1.0,7
201400059446,0014-01-11 20:00:00,14,1,11,20,0,974,9,DE LA GARE(RUE),,,Nuit avec éclairage allumé,En agglomération,Hors intersection,Normale,Autre collision,,,,,,,,,,,5,2,1,1.0,6
201400059447,0014-02-09 15:50:00,14,2,9,15,50,974,9,RN2 SENS STE SUZANNE ST,,,Plein jour,En agglomération,Hors intersection,Normale,Deux véhicules - côté,,,,,,,,,,,1,2,1,1.0,3
201400059448,0014-02-19 06:50:00,14,2,19,6,50,974,9,MASCAREIGNES (Avenue des,,,Plein jour,En agglomération,Hors intersection,Normale,Deux véhicules - côté,,,,,,,,,,,1,2,1,1.0,3
201400059449,0014-02-21 08:00:00,14,2,21,8,0,974,9,ILE DE FRANCE(AVENUE),,,Plein jour,En agglomération,Hors intersection,Normale,Sans collision,,,,,,,,,,,1,2,1,1.0,7
201400059450,0014-02-26 20:20:00,14,2,26,20,20,974,9,"716, MAUNIER(RUE)",,,Nuit avec éclairage allumé,En agglomération,Hors intersection,Normale,Deux véhicules - côté,,,,,,,,,,,5,2,1,1.0,3
201400059451,0014-03-16 22:25:00,14,3,16,22,25,974,9,RN2 SENS STE SUZANNE ST,,,Nuit avec éclairage allumé,En agglomération,Hors intersection,Pluie légère,Sans collision,,,,,,,,,,,5,2,1,2.0,7
201400059452,0014-02-26 08:45:00,14,2,26,8,45,974,9,Salazie (route de),,,Plein jour,En agglomération,Hors intersection,Pluie forte,Sans collision,,,,,,,,,,,1,2,1,3.0,7
201400059453,0014-04-04 03:10:00,14,4,4,3,10,974,9,PENTE SASSY (chemin de l,,,Nuit avec éclairage allumé,En agglomération,Hors intersection,Pluie légère,Sans collision,,,,,,,,,,,5,2,1,2.0,7
201400059454,0014-04-15 09:50:00,14,4,15,9,50,974,9,MIGUEL(CHEMIN),,,Plein jour,En agglomération,Hors intersection,Normale,Deux véhicules - côté,,,,,,,,,,,1,2,1,1.0,3
201400059455,0014-04-25 17:50:00,14,4,25,17,50,974,9,MELODIUM(RUE),,,Plein jour,En agglomération,Hors intersection,Normale,Autre collision,,,,,,,,,,,1,2,1,1.0,6
201400059456,0014-04-25 16:15:00,14,4,25,16,15,974,9,PATELIN (chemin),,,Plein jour,En agglomération,Hors intersection,Normale,Sans collision,,,,,,,,,,,1,2,1,1.0,7
201400059457,0014-04-14 12:22:00,14,4,14,12,22,974,9,rue andropolis,,,Plein jour,En agglomération,Hors intersection,Pluie légère,Deux véhicules - frontale,,,,,,,,,,,1,2,1,2.0,1
201400059458,0014-04-14 13:30:00,14,4,14,13,30,974,9,Salazie (route de),,,Plein jour,En agglomération,Hors intersection,Pluie forte,Deux véhicules - frontale,,,,,,,,,,,1,2,1,3.0,1
201400059459,0014-05-03 12:50:00,14,5,3,12,50,974,9,"IGNORE, BOIS ROUGE (chem",,,Plein jour,En agglomération,Intersection en X,Normale,Deux véhicules - côté,,,,,,,,,,,1,2,2,1.0,3
201400059460,0014-05-08 12:30:00,14,5,8,12,30,974,9,DU PETIT BAZAR(RUELLE),,,Plein jour,Hors agglomération,Hors intersection,Normale,Trois véhicules et plus - collisions multiples,,,,,,,,,,,1,1,1,1.0,5
201400059461,0014-05-15 06:05:00,14,5,15,6,5,974,9,Lefaguyes (chemin),,,Crépuscule ou aube,Hors agglomération,Hors intersection,Normale,Autre collision,,,,,,,,,,,2,1,1,1.0,6
201400059462,0014-05-17 18:35:00,14,5,17,18,35,974,9,DU LYCEE(RUE),,,Nuit avec éclairage allumé,En agglomération,Hors intersection,Normale,Deux véhicules - arrière,,,,,,,,,,,5,2,1,1.0,2
201400059463,0014-05-21 18:40:00,14,5,21,18,40,974,9,RN2 SENS STE SUZANNE ST,,,Nuit avec éclairage allumé,Hors agglomération,Hors intersection,Normale,Sans collision,,,,,,,,,,,5,1,1,1.0,7