accident_id,datetime,annee,mois,jour,heure,minute,departement,commune_insee,adresse,latitude,longitude,luminosite,agglomeration,intersection,meteo,collision,nb_vehicules,nb_usagers,nb_indemnes,nb_tues,nb_blesses_hosp,nb_blesses_legers,age_cond_1,age_cond_2,veh_type_cond_1,veh_type_cond_2,lum_code,agg_code,int_code,atm_code,col_code
201400059464,0014-05-23 16:55:00,14,5,23,16,55,974,9,CHEMIN VALENTIN,,,Plein jour,Hors agglomération,Hors intersection,Normale,Deux véhicules - frontale,,,,,,,,,,,1,1,1,1.0,1
201400059465,0014-05-23 20:45:00,14,5,23,20,45,974,9,PENTE SASSY (chemin de l,,,Nuit avec éclairage allumé,Hors agglomération,Hors intersection,Normale,Deux véhicules - côté,,,,,,,,,,,5,1,1,1.0,3
201400059466,0014-05-29 15:15:00,14,5,29,15,15,974,9,CAMBUSTON (rue de),,,Plein jour,Hors agglomération,Giratoire,Normale,Deux véhicules - côté,,,,,,,,,,,1,1,6,1.0,3
201400059467,0014-06-06 11:50:00,14,6,6,11,50,974,9,MINGARD(RUE),,,Plein jour,En agglomération,Hors intersection,Normale,Deux véhicules - arrière,,,,,,,,,,,1,2,1,1.0,2
201400059468,0014-06-08 18:35:00,14,6,8,18,35,974,9,ILE DE FRANCE(AVENUE),,,Crépuscule ou aube,Hors agglomération,Hors intersection,Normale,Deux véhicules - frontale,,,,,,,,,,,2,1,1,1.0,1
201400059469,0014-11-12 07:45:00,14,11,12,7,45,974,9,LAGOURGUE(CHEMIN),,,Plein jour,Hors agglomération,Hors intersection,Normale,Deux véhicules - côté,,,,,,,,,,,1,1,1,1.0,3
201400059470,0014-06-13 11:25:00,14,6,13,11,25,974,9,PENTE SASSY (chemin de l,,,Plein jour,Hors agglomération,Hors intersection,Normale,Deux véhicules - côté,,,,,,,,,,,1,1,1,1.0,3
201400059471,0014-06-22 23:25:00,14,6,22,23,25,974,9,"00, RN2 SENS STE SUZANNE",,,Nuit sans éclairage public,Hors agglomération,Hors intersection,Normale,Sans collision,,,,,,,,,,,3,1,1,1.0,7
201400059472,0014-06-28 21:10:00,14,6,28,21,10,974,9,MASCAREIGNES (Avenue des,,,Nuit avec éclairage allumé,En agglomération,Hors intersection,Normale,Deux véhicules - arrière,,,,,,,,,,,5,2,1,1.0,2
201400059473,0014-06-30 16:35:00,14,6,30,16,35,974,9,RN2 SENS STE SUZANNE ST,,,Plein jour,Hors agglomération,Hors intersection,Normale,Deux véhicules - arrière,,,,,,,,,,,1,1,1,1.0,2
201400059474,0014-04-21 15:10:00,14,4,21,15,10,974,9,"284, BLARD (chemin)",,,Plein jour,En agglomération,Hors intersection,Normale,Autre collision,,,,,,,,,,,1,2,1,1.0,6
201400059475,0014-04-21 03:30:00,14,4,21,3,30,974,9,CAMBUSTON (rue de),,,Nuit sans éclairage public,En agglomération,Hors intersection,Normale,Sans collision,,,,,,,,,,,3,2,1,1.0,7
201400059476,0014-04-03 08:00:00,14,4,3,8,0,974,9,7Salazie (route de),,,Plein jour,En agglomération,Intersection en X,,Autre collision,,,,,,,,,,,1,2,2,,6
201400059477,0014-04-19 23:10:00,14,4,19,23,10,974,9,"31, ROCADE SUD(RUE)",,,Nuit avec éclairage allumé,En agglomération,Hors intersection,Pluie légère,Deux véhicules - frontale,,,,,,,,,,,5,2,1,2.0,1
201400059478,0014-08-01 18:40:00,14,8,1,18,40,974,9,CHAMPS BORNE (ROUTE DE),,,Nuit avec éclairage allumé,Hors agglomération,Hors intersection,Normale,Autre collision,,,,,,,,,,,5,1,1,1.0,6
201400059479,0014-08-08 21:10:00,14,8,8,21,10,974,9,DE LA REPUBLIQUE(AVENUE),,,Nuit avec éclairage allumé,En agglomération,Giratoire,Normale,Deux véhicules - arrière,,,,,,,,,,,5,2,6,1.0,2
201400059480,0014-08-09 10:25:00,14,8,9,10,25,974,9,RN2 SENS STE SUZANNE ST,,,Plein jour,Hors agglomération,Hors intersection,Normale,Autre collision,,,,,,,,,,,1,1,1,1.0,6
201400059481,0014-08-09 20:10:00,14,8,9,20,10,974,9,PATELIN (chemin),,,Nuit avec éclairage allumé,Hors agglomération,Hors intersection,Normale,Sans collision,,,,,,,,,,,5,1,1,1.0,7
201400059482,0014-08-16 01:10:00,14,8,16,1,10,974,9,CRESSONNIERE (rue de la),,,Nuit avec éclairage allumé,Hors agglomération,Hors intersection,Normale,Deux véhicules - côté,,,,,,,,,,,5,1,1,1.0,3
201400059483,0014-08-27 12:10:00,14,8,27,12,10,974,9,CRESSONNIERE (rue de la),,,Plein jour,Hors agglomération,Hors intersection,Normale,Autre collision,,,,,,,,,,,1,1,1,1.0,6
201400059484,0014-09-09 08:15:00,14,9,9,8,15,974,9,CAMBUSTON (rue de),,,Plein jour,En agglomération,Hors intersection,Normale,Autre collision,,,,,,,,,,,1,2,1,1.0,6
201400059485,0014-09-11 15:30:00,14,9,11,15,30,974,9,DE LA COMMUNAUTE(RUE),,,Plein jour,En agglomération,Hors intersection,Normale,Deux véhicules - côté,,,,,,,,,,,1,2,1,1.0,3
201400059486,0014-09-14 05:10:00,14,9,14,5,10,974,9,RN2 SENS STE SUZANNE ST,,,Plein jour,Hors agglomération,Hors intersection,Normale,Sans collision,,,,,,,,,,,1,1,1,1.0,7
201400059487,0014-09-16 16:40:00,14,9,16,16,40,974,9,DU BUTOR(RUE),,,Plein jour,En agglomération,Intersection en T,Normale,Deux véhicules - côté,,,,,,,,,,,1,2,3,1.0,3
201400059488,0014-09-07 19:10:00,14,9,7,19,10,974,9,DE LA GARE(RUE),,,Nuit avec éclairage allumé,En agglomération,Hors intersection,Normale,Autre collision,,,,,,,,,,,5,2,1,1.0,6
201400059489,0014-09-05 17:25:00,14,9,5,17,25,974,9,PENTE SASSY (chemin de l,,,Plein jour,Hors agglomération,Hors intersection,Normale,Deux véhicules - côté,,,,,,,,,,,1,1,1,1.0,3
201400059490,0014-09-02 15:15:00,14,9,2,15,15,974,9,MINGARD(RUE),,,Plein jour,Hors agglomération,Hors intersection,Normale,Deux véhicules - côté,,,,,,,,,,,1,1,1,1.0,3
201400059491,0014-09-01 08:55:00,14,9,1,8,55,974,9,Rue Victoria,,,Plein jour,Hors agglomération,Hors intersection,Normale,Deux véhicules - frontale,,,,,,,,,,,1,1,1,1.0,1
201400059492,0014-05-01 23:10:00,14,5,1,23,10,974,9,3? SECT STA,,,Nuit sans éclairage public,En agglomération,Hors intersection,Normale,Sans collision,,,,,,,,,,,3,2,1,1.0,7
201400059493,0014-06-01 09:30:00,14,6,1,9,30,974,9,3? SECT STA,,,Plein jour,En agglomération,Hors intersection,Normale,Deux véhicules - arrière,,,,,,,,,,,1,2,1,1.0,2
201400059494,0014-06-19 09:15:00,14,6,19,9,15,974,9,Salazie (route de),,,Plein jour,Hors agglomération,Hors intersection,Pluie légère,Autre collision,,,,,,,,,,,1,1,1,2.0,6
201400059495,0014-06-27 10:30:00,14,6,27,10,30,974,9,RN2 SENS ST BENOIT ST DE,,,Plein jour,Hors agglomération,Hors intersection,Normale,Deux véhicules - côté,,,,,,,,,,,1,1,1,1.0,3
201400059496,0014-07-09 17:25:00,14,7,9,17,25,974,9,", Salazie (route de)",,,Plein jour,Hors agglomération,Hors intersection,Normale,Sans collision,,,,,,,,,,,1,1,1,1.0,7
201400059497,0014-07-12 17:10:00,14,7,12,17,10,974,9,DE LA GARE(RUE),,,Plein jour,En agglomération,Hors intersection,Normale,Autre collision,,,,,,,,,,,1,2,1,1.0,6
201400059498,0014-07-19 23:45:00,14,7,19,23,45,974,9,Salazie (route de),,,Nuit sans éclairage public,Hors agglomération,Hors intersection,Normale,Sans collision,,,,,,,,,,,3,1,1,1.0,7
201400059499,0014-07-25 08:10:00,14,7,25,8,10,974,9,RN2 SENS ST BENOIT ST DE,,,Plein jour,En agglomération,Autre intersection,Normale,Sans collision,,,,,,,,,,,1,2,9,1.0,7
201400059500,0014-07-31 17:25:00,14,7,31,17,25,974,9,DU CENTRE(CHEMIN),,,Plein jour,En agglomération,Hors intersection,Normale,Autre collision,,,,,,,,,,,1,2,1,1.0,6
201400059501,0014-09-28 19:55:00,14,9,28,19,55,974,9,RN2 SENS ST BENOIT ST DE,,,Nuit sans éclairage public,Hors agglomération,Hors intersection,Normale,Autre collision,,,,,,,,,,,3,1,1,1.0,6
201400059502,0014-10-10 11:45:00,14,10,10,11,45,974,9,Lefaguyes (chemin),,,Plein jour,Hors agglomération,Hors intersection,Normale,Autre collision,,,,,,,,,,,1,1,1,1.0,6
201400059503,0014-10-11 16:30:00,14,10,11,16,30,974,9,CRESSONNIERE (rue de la),,,Plein jour,Hors agglomération,Hors intersection,Normale,Deux véhicules - côté,,,,,,,,,,,1,1,1,1.0,3
201400059504,0014-10-12 17:10:00,14,10,12,17,10,974,9,PENTE SASSY (chemin de l,,,Plein jour,Hors agglomération,Hors intersection,Normale,Deux véhicules - côté,,,,,,,,,,,1,1,1,1.0,3
201400059505,0014-10-17 16:25:00,14,10,17,16,25,974,9,DU LYCEE(RUE),,,Plein jour,En agglomération,Hors intersection,Normale,Deux véhicules - côté,,,,,,,,,,,1,2,1,1.0,3
201400059506,0014-10-23 18:10:00,14,10,23,18,10,974,9,CHAMPS BORNE (ROUTE DE),,,Plein jour,Hors agglomération,Intersection en T,Normale,Deux véhicules - côté,,,,,,,,,,,1,1,3,1.0,3
201400059507,0014-11-12 09:45:00,14,11,12,9,45,974,9,MASCAREIGNES (Avenue des,,,Plein jour,En agglomération,Hors intersection,Normale,Deux véhicules - arrière,,,,,,,,,,,1,2,1,1.0,2
201400059508,0014-08-13 15:05:00,14,8,13,15,5,974,9,CAMBUSTON (rue de),,,Plein jour,En agglomération,Hors intersection,Normale,Sans collision,,,,,,,,,,,1,2,1,1.0,7
201400059509,0014-11-18 00:35:00,14,11,18,0,35,974,9,MILLE ROCHES(RUE),,,Plein jour,Hors agglomération,Hors intersection,Normale,Sans collision,,,,,,,,,,,1,1,1,1.0,7
201400059510,0014-11-23 11:25:00,14,11,23,11,25,974,9,CAMBUSTON (rue de),,,Plein jour,En agglomération,Hors intersection,Normale,Autre collision,,,,,,,,,,,1,2,1,1.0,6
201400059511,0014-11-24 08:25:00,14,11,24,8,25,974,9,DE LA COMMUNAUTE(RUE),,,Plein jour,En agglomération,Hors intersection,Normale,Trois véhicules et plus - en chaîne,,,,,,,,,,,1,2,1,1.0,4
201400059512,0014-11-29 22:35:00,14,11,29,22,35,974,9,CAMBUSTON (rue de),,,Nuit avec éclairage allumé,En agglomération,Hors intersection,Normale,Autre collision,,,,,,,,,,,5,2,1,1.0,6
201400059513,0014-11-29 00:35:00,14,11,29,0,35,974,9,BEL OMBRE (chemin),,,Nuit avec éclairage allumé,Hors agglomération,Hors intersection,Normale,Autre collision,,,,,,,,,,,5,1,1,1.0,6
201400059514,0014-11-30 00:20:00,14,11,30,0,20,974,9,Grand Canal ( chemin),,,Nuit avec éclairage allumé,Hors agglomération,Hors intersection,Normale,Autre collision,,,,,,,,,,,5,1,1,1.0,6
201400059515,0014-12-03 13:10:00,14,12,3,13,10,974,9,"0, BOIS ROUGE (chemin du",,,Plein jour,Hors agglomération,Hors intersection,Normale,Deux véhicules - arrière,,,,,,,,,,,1,1,1,1.0,2
201400059516,0014-12-10 17:05:00,14,12,10,17,5,974,9,ROCADE SUD(RUE),,,Plein jour,En agglomération,Hors intersection,Normale,Autre collision,,,,,,,,,,,1,2,1,1.0,6
201400059517,0014-12-10 16:25:00,14,12,10,16,25,974,9,RN2 SENS STE SUZANNE ST,,,Plein jour,Hors agglomération,Hors intersection,Normale,Trois véhicules et plus - en chaîne,,,,,,,,,,,1,1,1,1.0,4
201400059518,0014-12-16 15:25:00,14,12,16,15,25,974,9,Salazie (route de),,,Plein jour,Hors agglomération,Hors intersection,Normale,Deux véhicules - frontale,,,,,,,,,,,1,1,1,1.0,1
201400059519,0014-12-16 16:05:00,14,12,16,16,5,974,9,Salazie (route de),,,Plein jour,Hors agglomération,Hors intersection,Normale,Sans collision,,,,,,,,,,,1,1,1,1.0,7
201400059520,0014-12-19 22:17:00,14,12,19,22,17,974,9,Ravine creuse (chemin),,,Nuit avec éclairage allumé,En agglomération,Hors intersection,Normale,Autre collision,,,,,,,,,,,5,2,1,1.0,6
201400059521,0014-12-20 17:45:00,14,12,20,17,45,974,9,MIGUEL(CHEMIN),,,Plein jour,En agglomération,Hors intersection,Normale,Autre collision,,,,,,,,,,,1,2,1,1.0,6
201400059522,0014-12-24 09:55:00,14,12,24,9,55,974,9,D'EAU(CHEMIN),,,Plein jour,En agglomération,Hors intersection,Normale,Sans collision,,,,,,,,,,,1,2,1,1.0,7
201400059523,0014-12-26 17:10:00,14,12,26,17,10,974,9,BELZOR(RUE),,,Plein jour,En agglomération,Hors intersection,Pluie forte,Autre collision,,,,,,,,,,,1,2,1,3.0,6
201400059524,0014-12-31 21:55:00,14,12,31,21,55,974,9,RN2 SENS STE SUZANNE ST,,,Nuit sans éclairage public,Hors agglomération,Hors intersection,Normale,Deux véhicules - arrière,,,,,,,,,,,3,1,1,1.0,2
201400059525,0014-11-09 04:00:00,14,11,9,4,0,974,9,DE BOURBON(AVENUE),,,Plein jour,En agglomération,Hors intersection,Normale,Deux véhicules - côté,,,,,,,,,,,1,2,1,1.0,3
201400059526,0014-11-14 13:10:00,14,11,14,13,10,974,9,MENCIOL (CHEMIN),,,Plein jour,En agglomération,Hors intersection,Normale,Deux véhicules - frontale,,,,,,,,,,,1,2,1,1.0,1
201400059527,0014-11-26 20:05:00,14,11,26,20,5,974,9,RN2 SENS STE SUZANNE ST,,,Nuit sans éclairage public,Hors agglomération,Hors intersection,Normale,Autre collision,,,,,,,,,,,3,1,1,1.0,6
201400059528,0014-12-01 09:40:00,14,12,1,9,40,974,9,GAUCHE(RUE),,,Plein jour,En agglomération,Hors intersection,Normale,Autre collision,,,,,,,,,,,1,2,1,1.0,6
201400059529,0014-01-01 02:29:00,14,1,1,2,29,974,11,3LITTORAL (ROUTE 1 DU),,,Nuit sans éclairage public,Hors agglomération,Hors intersection,Normale,Deux véhicules - frontale,,,,,,,,,,,3,1,1,1.0,1
201400059530,0014-01-10 12:15:00,14,1,10,12,15,974,11,3 rue Bouvet,,,Plein jour,En agglomération,Intersection en X,Pluie légère,Autre collision,,,,,,,,,,,1,2,2,2.0,6
201400059531,0014-01-12 19:35:00,14,1,12,19,35,974,11,3LECLERC (DU MARECHAL),,,Nuit avec éclairage allumé,En agglomération,Intersection en X,Pluie légère,Autre collision,,,,,,,,,,,5,2,2,2.0,6
201400059532,0014-01-18 20:52:00,14,1,18,20,52,974,11,JOFFRE (BOULEVARD),,,Nuit avec éclairage allumé,En agglomération,Autre intersection,Normale,Deux véhicules - côté,,,,,,,,,,,5,2,9,1.0,3
201400059533,0014-01-21 18:55:00,14,1,21,18,55,974,11,VILLENEUVE (RUE ALEXIS D,,,Crépuscule ou aube,En agglomération,Intersection en X,Normale,Deux véhicules - côté,,,,,,,,,,,2,2,2,1.0,3
201400059534,0014-01-24 13:25:00,14,1,24,13,25,974,11,GAULLE (DU GENERAL DE),,,Plein jour,En agglomération,Hors intersection,Temps couvert,Autre collision,,,,,,,,,,,1,2,1,8.0,6
201400059535,0014-01-23 06:25:00,14,1,23,6,25,974,11,JAURES (BLD 2 JEAN),,,Crépuscule ou aube,En agglomération,Intersection en X,Normale,Autre collision,,,,,,,,,,,2,2,2,1.0,6
201400059536,0014-01-29 00:01:00,14,1,29,0,1,974,11,LANCASTEL (BOULEVARD),,,Nuit avec éclairage non allumé,En agglomération,Hors intersection,Normale,Autre collision,,,,,,,,,,,4,2,1,1.0,6
201400059537,0014-01-31 22:30:00,14,1,31,22,30,974,11,JAURES (BLD 1 JEAN),,,Nuit avec éclairage allumé,En agglomération,Intersection à plus de 4 branches,Normale,Deux véhicules - côté,,,,,,,,,,,5,2,5,1.0,3
201400059538,0014-02-02 21:00:00,14,2,2,21,0,974,11,"9BIS, FURCREAS (CHEMIN D",,,Nuit avec éclairage allumé,Hors agglomération,Hors intersection,Normale,Autre collision,,,,,,,,,,,5,1,1,1.0,6
201400059539,0014-02-13 08:00:00,14,2,13,8,0,974,11,COCOTIERS (AVENUE DES),,,Plein jour,En agglomération,Hors intersection,Normale,Deux véhicules - arrière,,,,,,,,,,,1,2,1,1.0,2
201400059540,0014-02-13 07:10:00,14,2,13,7,10,974,11,BRASSENS (AVENUE GEORGES,,,Plein jour,Hors agglomération,Hors intersection,Normale,Deux véhicules - arrière,,,,,,,,,,,1,1,1,1.0,2
201400059541,0014-02-14 23:55:00,14,2,14,23,55,974,11,APRES (RUE D'),,,Nuit avec éclairage allumé,En agglomération,Intersection en X,Normale,Deux véhicules - côté,,,,,,,,,,,5,2,2,1.0,3
201400059542,0014-02-18 12:48:00,14,2,18,12,48,974,11,"20, FOUCQUE (AVENUE HIPP",,,Plein jour,En agglomération,Hors intersection,Normale,Autre collision,,,,,,,,,,,1,2,1,1.0,6
201400059543,0014-02-21 21:44:00,14,2,21,21,44,974,11,MAC AULIFFE (RUE VICTOR),,,Nuit avec éclairage allumé,En agglomération,Intersection en X,Normale,Deux véhicules - côté,,,,,,,,,,,5,2,2,1.0,3
201400059544,0014-02-28 20:21:00,14,2,28,20,21,974,11,CHAUDRON (BLD 2 DU),,,Nuit avec éclairage non allumé,En agglomération,Hors intersection,Normale,Autre collision,,,,,,,,,,,4,2,1,1.0,6
201400059545,0014-03-02 08:30:00,14,3,2,8,30,974,11,"0, MONTAGNE (ROUTE DE LA",,,Plein jour,En agglomération,Intersection en Y,Normale,Deux véhicules - côté,,,,,,,,,,,1,2,4,1.0,3
201400059546,0014-03-02 02:55:00,14,3,2,2,55,974,11,JAURES (BLD 1 JEAN),,,Nuit avec éclairage allumé,En agglomération,Hors intersection,Normale,Trois véhicules et plus - collisions multiples,,,,,,,,,,,5,2,1,1.0,5
201400059547,0014-03-08 00:55:00,14,3,8,0,55,974,11,MACE (BOULEVARD GABRIEL),,,Nuit avec éclairage allumé,En agglomération,Hors intersection,Normale,Trois véhicules et plus - collisions multiples,,,,,,,,,,,5,2,1,1.0,5
201400059548,0014-03-18 14:20:00,14,3,18,14,20,974,11,"156, GAULLE (DU GENERAL",,,Plein jour,En agglomération,Autre intersection,Temps couvert,Autre collision,,,,,,,,,,,1,2,9,8.0,6
201400059549,0014-03-21 12:50:00,14,3,21,12,50,974,11,"0, REYDELLET (ROUTE JULE",,,Plein jour,En agglomération,Intersection en Y,Normale,Autre collision,,,,,,,,,,,1,2,4,1.0,6
201400059550,0014-03-21 14:10:00,14,3,21,14,10,974,11,"16, DORET 1 (BOULEVARD)",,,Plein jour,En agglomération,Hors intersection,Normale,Deux véhicules - côté,,,,,,,,,,,1,2,1,1.0,3
201400059551,0014-03-29 17:29:00,14,3,29,17,29,974,11,"367, LECLERC (DU MARECHA",,,Plein jour,En agglomération,Autre intersection,Normale,Deux véhicules - côté,,,,,,,,,,,1,2,9,1.0,3
201400059552,0014-03-21 10:20:00,14,3,21,10,20,974,11,"1, PAILLES-EN-QUEUE (IMP",,,Plein jour,En agglomération,Hors intersection,Normale,Autre collision,,,,,,,,,,,1,2,1,1.0,6
201400059553,0014-03-28 23:50:00,14,3,28,23,50,974,11,"0, PASTEUR (RUE)",,,Nuit avec éclairage allumé,En agglomération,Intersection en X,Normale,Deux véhicules - côté,,,,,,,,,,,5,2,2,1.0,3
201400059554,0014-04-02 07:00:00,14,4,2,7,0,974,11,"1, JAURES (BOULEVARD JEA",,,Plein jour,En agglomération,Hors intersection,Normale,Autre collision,,,,,,,,,,,1,2,1,1.0,6
201400059555,0014-04-05 02:30:00,14,4,5,2,30,974,11,RN2/043,,,Nuit avec éclairage allumé,En agglomération,Hors intersection,Normale,Deux véhicules - arrière,,,,,,,,,,,5,2,1,1.0,2
201400059556,0014-03-22 19:20:00,14,3,22,19,20,974,11,"15, MONGAILLARD (ROUTE D",,,Nuit sans éclairage public,En agglomération,Intersection en Y,Pluie légère,Deux véhicules - frontale,,,,,,,,,,,3,2,4,2.0,1
201400059557,0014-04-19 01:10:00,14,4,19,1,10,974,11,BOSQUET (RUE DU),,,Nuit sans éclairage public,En agglomération,Hors intersection,Normale,Deux véhicules - frontale,,,,,,,,,,,3,2,1,1.0,1
201400059558,0014-04-15 19:30:00,14,4,15,19,30,974,11,JAURES (BOULEVARD JEAN),,,Nuit avec éclairage allumé,En agglomération,Intersection en X,Temps couvert,Deux véhicules - côté,,,,,,,,,,,5,2,2,8.0,3
201400059559,0014-04-19 23:35:00,14,4,19,23,35,974,11,"2, EUCALYPTUS (CHEMIN DE",,,Nuit avec éclairage allumé,Hors agglomération,Hors intersection,Normale,Sans collision,,,,,,,,,,,5,1,1,1.0,7
201400059560,0014-04-07 21:00:00,14,4,7,21,0,974,11,"4, MONTAGNE (ROUTE DE LA",,,Nuit avec éclairage allumé,En agglomération,Hors intersection,Normale,Autre collision,,,,,,,,,,,5,2,1,1.0,6
201400059561,0014-04-24 16:15:00,14,4,24,16,15,974,11,"121, BOIS DE NEFLES (ROU",,,Plein jour,En agglomération,Hors intersection,Normale,Autre collision,,,,,,,,,,,1,2,1,1.0,6
201400059562,0014-04-26 06:35:00,14,4,26,6,35,974,11,RAMBAUD (LEOPOLD),,,Plein jour,En agglomération,Autre intersection,Normale,Deux véhicules - côté,,,,,,,,,,,1,2,9,1.0,3
201400059563,0014-05-03 00:35:00,14,5,3,0,35,974,11,"128, RAMBAUD (LEOPOLD)",,,Nuit avec éclairage allumé,En agglomération,Hors intersection,Normale,Deux véhicules - arrière,,,,,,,,,,,5,2,1,1.0,2
201400059564,0014-05-07 21:45:00,14,5,7,21,45,974,11,"0, LECLERC (DU MARECHAL)",,,Nuit avec éclairage allumé,En agglomération,Intersection en X,Pluie légère,Autre collision,,,,,,,,,,,5,2,2,2.0,6
201400059565,0014-05-02 16:54:00,14,5,2,16,54,974,11,"212, LECLERC (DU MARECHA",,,Plein jour,En agglomération,Hors intersection,Normale,Autre collision,,,,,,,,,,,1,2,1,1.0,6
201400059566,0014-05-05 12:48:00,14,5,5,12,48,974,11,"9, TURPIN (RUELLE)",,,Plein jour,En agglomération,Hors intersection,Normale,Autre collision,,,,,,,,,,,1,2,1,1.0,6
201400059567,0014-05-10 17:00:00,14,5,10,17,0,974,11,"100, LORY LES BAS (RUE)",,,Plein jour,Hors agglomération,Hors intersection,Normale,Autre collision,,,,,,,,,,,1,1,1,1.0,6
201400059568,0014-05-23 18:00:00,14,5,23,18,0,974,11,LECONTE DE LISLE (AVENUE,,,Crépuscule ou aube,En agglomération,Intersection en X,Normale,Deux véhicules - côté,,,,,,,,,,,2,2,2,1.0,3
201400059569,0014-05-19 07:05:00,14,5,19,7,5,974,11,"5, MACE (ROUTE GABRIEL)",,,Plein jour,Hors agglomération,Hors intersection,Normale,Deux véhicules - côté,,,,,,,,,,,1,1,1,1.0,3
201400059570,0014-05-21 12:05:00,14,5,21,12,5,974,11,"22, CHAMP FLEURI",,,Plein jour,En agglomération,Hors intersection,Normale,Deux véhicules - frontale,,,,,,,,,,,1,2,1,1.0,1
201400059571,0014-05-21 11:35:00,14,5,21,11,35,974,11,GAULLE (DU GENERAL DE),,,Plein jour,En agglomération,Intersection en X,Normale,Autre collision,,,,,,,,,,,1,2,2,1.0,6
201400059572,0014-06-13 23:50:00,14,6,13,23,50,974,11,CHAUDRON  (BLD 1 DU),,,Nuit sans éclairage public,En agglomération,Giratoire,Normale,Deux véhicules - arrière,,,,,,,,,,,3,2,6,1.0,2
201400059573,0014-06-23 16:55:00,14,6,23,16,55,974,11,"0, LECLERC (DU MARECHAL)",,,Plein jour,En agglomération,Hors intersection,Normale,Deux véhicules - côté,,,,,,,,,,,1,2,1,1.0,3
201400059574,0014-07-04 11:30:00,14,7,4,11,30,974,11,KERVEGUEN (GABRIEL DE),,,Plein jour,En agglomération,Hors intersection,Normale,Autre collision,,,,,,,,,,,1,2,1,1.0,6
201400059575,0014-07-19 16:35:00,14,7,19,16,35,974,11,LECLERC (DU MARECHAL),,,Plein jour,En agglomération,Hors intersection,Normale,Deux véhicules - côté,,,,,,,,,,,1,2,1,1.0,3
201400059576,0014-07-11 06:15:00,14,7,11,6,15,974,11,"0, BOIS DE NEFLES (ROUTE",,,Crépuscule ou aube,En agglomération,Intersection en Y,Normale,Autre collision,,,,,,,,,,,2,2,4,1.0,6
201400059577,0014-07-25 12:36:00,14,7,25,12,36,974,11,"339, PARIS (RUE DE)",,,Plein jour,En agglomération,Intersection en X,Pluie légère,Deux véhicules - frontale,,,,,,,,,,,1,2,2,2.0,1
201400059578,0014-08-05 09:35:00,14,8,5,9,35,974,11,"362, LECLERC (DU MARECH",,,Plein jour,En agglomération,Intersection en X,Autre,Deux véhicules - frontale,,,,,,,,,,,1,2,2,9.0,1
201400059579,0014-08-31 08:00:00,14,8,31,8,0,974,11,6LITTORAL (ROUTE 1 DU),,,Plein jour,Hors agglomération,Hors intersection,Normale,Deux véhicules - frontale,,,,,,,,,,,1,1,1,1.0,1
201400059580,0014-06-30 16:45:00,14,6,30,16,45,974,11,GANDHI (BOULEVARD DU MAH,,,Plein jour,Hors agglomération,Hors intersection,Normale,Deux véhicules - côté,,,,,,,,,,,1,1,1,1.0,3
201400059581,0014-08-21 16:00:00,14,8,21,16,0,974,11,3EGLISE (DE),,,Plein jour,En agglomération,Intersection en X,Pluie légère,Deux véhicules - frontale,,,,,,,,,,,1,2,2,2.0,1
201400059582,0014-09-19 19:35:00,14,9,19,19,35,974,11,3JAURES (BOULEVARD JEAN),,,Nuit avec éclairage allumé,En agglomération,Intersection en X,Pluie légère,Deux véhicules - frontale,,,,,,,,,,,5,2,2,2.0,1
201400059583,0014-09-20 17:50:00,14,9,20,17,50,974,11,2GAULLE (DU GENERAL DE),,,Plein jour,En agglomération,Intersection en X,Normale,Deux véhicules - frontale,,,,,,,,,,,1,2,2,1.0,1
201400059584,0014-09-25 08:31:00,14,9,25,8,31,974,11,6OCEAN (BOULEVARD DE L'),,,Plein jour,En agglomération,Intersection en X,Pluie légère,Autre collision,,,,,,,,,,,1,2,2,2.0,6
201400059585,0014-09-10 18:06:00,14,9,10,18,6,974,11,3JACOB,,,Crépuscule ou aube,En agglomération,Intersection en X,Pluie légère,Autre collision,,,,,,,,,,,2,2,2,2.0,6
201400059586,0014-09-27 19:30:00,14,9,27,19,30,974,11,"60, MACE (BOULEVARD GABR",,,Nuit avec éclairage allumé,En agglomération,Intersection en X,Normale,Autre collision,,,,,,,,,,,5,2,2,1.0,6
201400059587,0014-10-18 15:26:00,14,10,18,15,26,974,11,"26, FOUCQUE (AVENUE HIPP",,,Plein jour,En agglomération,Giratoire,Normale,Autre collision,,,,,,,,,,,1,2,6,1.0,6
201400059588,0014-10-31 15:28:00,14,10,31,15,28,974,11,LITTORAL (ROUTE 1 DU),,,Plein jour,Hors agglomération,Hors intersection,Normale,Deux véhicules - arrière,,,,,,,,,,,1,1,1,1.0,2
201400059589,0014-10-31 19:06:00,14,10,31,19,6,974,11,JAURES (BOULEVARD JEAN),,,Nuit avec éclairage allumé,Hors agglomération,Hors intersection,Normale,Deux véhicules - arrière,,,,,,,,,,,5,1,1,1.0,2
201400059590,0014-11-06 20:20:00,14,11,6,20,20,974,11,RIVIERE DES PLUIES (ROUT,,,Nuit sans éclairage public,En agglomération,Intersection en X,Normale,Deux véhicules - côté,,,,,,,,,,,3,2,2,1.0,3
201400059591,0014-11-06 11:25:00,14,11,6,11,25,974,11,"15, CHAUDRON  (BLD 1 DU)",,,Plein jour,Hors agglomération,Hors intersection,Normale,Trois véhicules et plus - collisions multiples,,,,,,,,,,,1,1,1,1.0,5
201400059592,0014-12-17 12:43:00,14,12,17,12,43,974,11,DODU 1 (RUE JULIETTE),,,Plein jour,En agglomération,Intersection en X,Normale,Autre collision,,,,,,,,,,,1,2,2,1.0,6