accident_id,datetime,annee,mois,jour,heure,minute,departement,commune_insee,adresse,latitude,longitude,luminosite,agglomeration,intersection,meteo,collision,nb_vehicules,nb_usagers,nb_indemnes,nb_tues,nb_blesses_hosp,nb_blesses_legers,age_cond_1,age_cond_2,veh_type_cond_1,veh_type_cond_2,lum_code,agg_code,int_code,atm_code,col_code
201400059725,0014-07-05 18:05:00,14,7,5,18,5,974,16,"SANS, CAMBRAI (LIGNE)",,,Crépuscule ou aube,Hors agglomération,Intersection en T,Normale,Deux véhicules - côté,,,,,,,,,,,2,1,3,1.0,3
201400059726,0014-07-06 13:15:00,14,7,6,13,15,974,16,"sans, BADAMIER (CHEMIN)",,,Plein jour,Hors agglomération,Hors intersection,Normale,Deux véhicules - frontale,,,,,,,,,,,1,1,1,1.0,1
201400059727,0014-07-08 15:20:00,14,7,8,15,20,974,16,"200, CONCESSION CONDE (C",,,Plein jour,Hors agglomération,Hors intersection,Normale,Deux véhicules - côté,,,,,,,,,,,1,1,1,1.0,3
201400059728,0014-07-08 23:55:00,14,7,8,23,55,974,16,"SANS, FRERE (CHEMIN PETI",,,Nuit sans éclairage public,Hors agglomération,Hors intersection,Normale,Sans collision,,,,,,,,,,,3,1,1,1.0,7
201400059729,0014-07-09 17:00:00,14,7,9,17,0,974,16,"SANS, FOUR A CHAUX 1 (RU",,,Plein jour,En agglomération,Intersection en X,Normale,Sans collision,,,,,,,,,,,1,2,2,1.0,7
201400059730,0014-07-10 10:55:00,14,7,10,10,55,974,16,"SANS, CHARETTE (CHEMIN)",,,Plein jour,Hors agglomération,Hors intersection,Normale,Deux véhicules - arrière,,,,,,,,,,,1,1,1,1.0,2
201400059731,0014-07-10 20:36:00,14,7,10,20,36,974,16,"SANS, HIPPOLYTE  PIOT (",,,Nuit avec éclairage allumé,En agglomération,Intersection en T,Normale,Deux véhicules - frontale,,,,,,,,,,,5,2,3,1.0,1
201400059732,0014-07-11 23:30:00,14,7,11,23,30,974,16,ANCIENNE RN 1,,,Nuit avec éclairage non allumé,Hors agglomération,Hors intersection,Temps couvert,Sans collision,,,,,,,,,,,4,1,1,8.0,7
201400059733,0014-07-16 09:00:00,14,7,16,9,0,974,16,RN3 (1),,,Plein jour,Hors agglomération,Hors intersection,Normale,Autre collision,,,,,,,,,,,1,1,1,1.0,6
201400059734,0014-07-16 14:25:00,14,7,16,14,25,974,16,"22, PRESIDENT MITTERAND(",,,Plein jour,En agglomération,Hors intersection,Normale,Sans collision,,,,,,,,,,,1,2,1,1.0,7
201400059735,0014-07-19 07:55:00,14,7,19,7,55,974,16,"226, GENERAL DE GAULLE(A",,,Plein jour,En agglomération,Hors intersection,Normale,Sans collision,,,,,,,,,,,1,2,1,1.0,7
201400059736,0014-07-20 07:35:00,14,7,20,7,35,974,16,RN1,,,Crépuscule ou aube,Hors agglomération,Hors intersection,Normale,Sans collision,,,,,,,,,,,2,1,1,1.0,7
201400059737,0014-07-20 13:25:00,14,7,20,13,25,974,16,"40, HERMANN (RUE JULES)",,,Plein jour,En agglomération,Hors intersection,Normale,Sans collision,,,,,,,,,,,1,2,1,1.0,7
201400059738,0014-07-22 08:15:00,14,7,22,8,15,974,16,RN1,,,Plein jour,Hors agglomération,Hors intersection,Normale,Deux véhicules - arrière,,,,,,,,,,,1,1,1,1.0,2
201400059739,0014-07-24 12:20:00,14,7,24,12,20,974,16,RN1,,,Plein jour,Hors agglomération,Hors intersection,Normale,Trois véhicules et plus - en chaîne,,,,,,,,,,,1,1,1,1.0,4
201400059740,0014-07-25 12:55:00,14,7,25,12,55,974,16,"109, HOARAU (CHEMIN EMMA",,,Plein jour,Hors agglomération,Hors intersection,Normale,Deux véhicules - frontale,,,,,,,,,,,1,1,1,1.0,1
201400059741,0014-07-25 17:30:00,14,7,25,17,30,974,16,RN1 (ROUTE NATIONALE),,,Plein jour,Hors agglomération,Hors intersection,Normale,Sans collision,,,,,,,,,,,1,1,1,1.0,7
201400059742,0014-07-26 01:30:00,14,7,26,1,30,974,16,"118, PARADIS (LIGNE) (1)",,,Nuit sans éclairage public,Hors agglomération,Hors intersection,Normale,Sans collision,,,,,,,,,,,3,1,1,1.0,7
201400059743,0014-07-27 21:40:00,14,7,27,21,40,974,16,"SANS, PRESIDENT MITTERAN",,,Nuit sans éclairage public,En agglomération,Hors intersection,Normale,Sans collision,,,,,,,,,,,3,2,1,1.0,7
201400059744,0014-07-29 15:55:00,14,7,29,15,55,974,16,"162, LEBLOND 2 (RUE MARI",,,Plein jour,En agglomération,Hors intersection,Normale,Deux véhicules - arrière,,,,,,,,,,,1,2,1,1.0,2
201400059745,0014-07-30 10:25:00,14,7,30,10,25,974,16,RN3 (2),,,Plein jour,Hors agglomération,Hors intersection,Normale,Sans collision,,,,,,,,,,,1,1,1,1.0,7
201400059746,0014-08-01 19:20:00,14,8,1,19,20,974,16,RN3 (1),,,Nuit sans éclairage public,Hors agglomération,Hors intersection,Normale,Trois véhicules et plus - en chaîne,,,,,,,,,,,3,1,1,1.0,4
201400059747,0014-08-02 06:00:00,14,8,2,6,0,974,16,"SANS, RECHERCHANT (RUE",,,Plein jour,Hors agglomération,Intersection en X,Normale,Deux véhicules - frontale,,,,,,,,,,,1,1,2,1.0,1
201400059748,0014-08-03 16:45:00,14,8,3,16,45,974,16,RN3 (2),,,Plein jour,Hors agglomération,Hors intersection,Normale,Sans collision,,,,,,,,,,,1,1,1,1.0,7
201400059749,0014-08-03 19:25:00,14,8,3,19,25,974,16,RN3 (1),,,Nuit sans éclairage public,Hors agglomération,Hors intersection,Normale,Deux véhicules - arrière,,,,,,,,,,,3,1,1,1.0,2
201400059750,0014-08-06 21:29:00,14,8,6,21,29,974,16,RN1,,,Nuit sans éclairage public,Hors agglomération,Hors intersection,Normale,Sans collision,,,,,,,,,,,3,1,1,1.0,7
201400059751,0014-08-08 13:20:00,14,8,8,13,20,974,16,"SANS, ANCIENNE RN 1",,,Plein jour,Hors agglomération,Intersection en T,Normale,Deux véhicules - côté,,,,,,,,,,,1,1,3,1.0,3
201400059752,0014-08-08 15:40:00,14,8,8,15,40,974,16,"SANS, BASSIN PLAT(CHEMIN",,,Plein jour,Hors agglomération,Hors intersection,Normale,Deux véhicules - côté,,,,,,,,,,,1,1,1,1.0,3
201400059753,0014-08-09 12:50:00,14,8,9,12,50,974,16,"SANS, BOIS NOIRS (ALLEE",,,Plein jour,Hors agglomération,Intersection en T,Normale,Deux véhicules - côté,,,,,,,,,,,1,1,3,1.0,3
201400059754,0014-08-10 06:10:00,14,8,10,6,10,974,16,"SANS, DELISLES (ROUTE HU",,,Crépuscule ou aube,En agglomération,Hors intersection,Normale,Autre collision,,,,,,,,,,,2,2,1,1.0,6
201400059755,0014-08-11 11:30:00,14,8,11,11,30,974,16,"SANS, LORION (RUE LUC)",,,Plein jour,En agglomération,Intersection en T,Normale,Deux véhicules - côté,,,,,,,,,,,1,2,3,1.0,3
201400059756,0014-08-13 23:05:00,14,8,13,23,5,974,16,RN1 (ROUTE NATIONALE),,,Nuit sans éclairage public,Hors agglomération,Hors intersection,Normale,Sans collision,,,,,,,,,,,3,1,1,1.0,7
201400059757,0014-08-15 21:20:00,14,8,15,21,20,974,16,RN1 (ROUTE NATIONALE),,,Nuit sans éclairage public,Hors agglomération,Hors intersection,Normale,Sans collision,,,,,,,,,,,3,1,1,1.0,7
201400059758,0014-08-17 10:05:00,14,8,17,10,5,974,16,RN1 (ROUTE NATIONALE),,,Plein jour,Hors agglomération,Hors intersection,Normale,Autre collision,,,,,,,,,,,1,1,1,1.0,6
201400059759,0014-08-18 20:30:00,14,8,18,20,30,974,16,RN3 (2),,,Nuit sans éclairage public,Hors agglomération,Hors intersection,Pluie légère,Deux véhicules - arrière,,,,,,,,,,,3,1,1,2.0,2
201400059760,0014-08-20 08:30:00,14,8,20,8,30,974,16,"SANS, PARADIS (LIGNE) (1",,,Plein jour,Hors agglomération,Intersection en T,Normale,Trois véhicules et plus - en chaîne,,,,,,,,,,,1,1,3,1.0,4
201400059761,0014-08-20 21:00:00,14,8,20,21,0,974,16,"SANS, DONAT (AVENUE LUC)",,,Nuit avec éclairage allumé,En agglomération,Hors intersection,Normale,Deux véhicules - frontale,,,,,,,,,,,5,2,1,1.0,1
201400059762,0014-08-21 17:15:00,14,8,21,17,15,974,16,"SANS, DONAT (AVENUE LUC)",,,Plein jour,En agglomération,Hors intersection,Normale,Sans collision,,,,,,,,,,,1,2,1,1.0,7
201400059763,0014-08-25 17:05:00,14,8,25,17,5,974,16,"SANS, MITTERAND (AVENUE",,,Plein jour,En agglomération,Giratoire,Normale,Deux véhicules - côté,,,,,,,,,,,1,2,6,1.0,3
201400059764,0014-05-28 23:54:00,14,5,28,23,54,974,16,"157, AUGUSTIN ARCHAMBAUD",,,Nuit avec éclairage allumé,En agglomération,Hors intersection,Normale,Sans collision,,,,,,,,,,,5,2,1,1.0,7
201400059765,0014-08-26 17:05:00,14,8,26,17,5,974,16,RN3 (1),,,Plein jour,Hors agglomération,Hors intersection,Pluie légère,Trois véhicules et plus - en chaîne,,,,,,,,,,,1,1,1,2.0,4
201400059766,0014-08-26 17:40:00,14,8,26,17,40,974,16,RN3 (1),,,Plein jour,Hors agglomération,Hors intersection,Pluie légère,Deux véhicules - arrière,,,,,,,,,,,1,1,1,2.0,2
201400059767,0014-08-29 22:50:00,14,8,29,22,50,974,16,"SANS, ANCIENNE RN 1",,,Nuit sans éclairage public,Hors agglomération,Hors intersection,Normale,Deux véhicules - arrière,,,,,,,,,,,3,1,1,1.0,2
201400059768,0014-09-02 07:30:00,14,9,2,7,30,974,16,"SANS, LORION (RUE LUC)",,,Plein jour,En agglomération,Hors intersection,Normale,Sans collision,,,,,,,,,,,1,2,1,1.0,7
201400059769,0014-09-05 16:20:00,14,9,5,16,20,974,16,RN1 (ROUTE NATIONALE),,,Plein jour,Hors agglomération,Hors intersection,Normale,Sans collision,,,,,,,,,,,1,1,1,1.0,7
201400059770,0014-09-05 23:05:00,14,9,5,23,5,974,16,"SANS, BARQUISSEAU (RUE D",,,Nuit avec éclairage allumé,En agglomération,Hors intersection,Normale,Sans collision,,,,,,,,,,,5,2,1,1.0,7
201400059771,0014-09-06 08:30:00,14,9,6,8,30,974,16,"61, BABET (RUE AUGUSTE)",,,Plein jour,En agglomération,Hors intersection,Normale,Sans collision,,,,,,,,,,,1,2,1,1.0,7
201400059772,0014-09-06 09:20:00,14,9,6,9,20,974,16,"SANS, ASSISES (CHEMIN DE",,,Plein jour,En agglomération,Hors intersection,Normale,Sans collision,,,,,,,,,,,1,2,1,1.0,7
201400059773,0014-09-07 01:20:00,14,9,7,1,20,974,16,", THOREZ (CHEMIN MAURICE",,,Nuit sans éclairage public,Hors agglomération,Hors intersection,Normale,Sans collision,,,,,,,,,,,3,1,1,1.0,7
201400059774,0014-09-09 07:10:00,14,9,9,7,10,974,16,"SANS, LENORMAND (CHEMIN)",,,Plein jour,Hors agglomération,Hors intersection,Normale,Deux véhicules - côté,,,,,,,,,,,1,1,1,1.0,3
201400059775,0014-09-17 15:10:00,14,9,17,15,10,974,16,"SANS, CAYENNE (RUE DE LA",,,Plein jour,En agglomération,Hors intersection,Normale,Sans collision,,,,,,,,,,,1,2,1,1.0,7
201400059776,0014-09-17 16:20:00,14,9,17,16,20,974,16,"461, ANTOINE PICARD(CHEM",,,Plein jour,Hors agglomération,Hors intersection,Normale,Deux véhicules - côté,,,,,,,,,,,1,1,1,1.0,3
201400059777,0014-09-17 17:50:00,14,9,17,17,50,974,16,"SANS, PRESIDENT MITTERAN",,,Plein jour,En agglomération,Hors intersection,Normale,Sans collision,,,,,,,,,,,1,2,1,1.0,7
201400059778,0014-09-18 06:50:00,14,9,18,6,50,974,16,"SANS, PASTEUR (RUE)",,,Crépuscule ou aube,En agglomération,Hors intersection,Normale,Sans collision,,,,,,,,,,,2,2,1,1.0,7
201400059779,0014-09-19 06:40:00,14,9,19,6,40,974,16,"268, LEBLOND 1 (RUE MARI",,,Crépuscule ou aube,En agglomération,Hors intersection,Normale,Sans collision,,,,,,,,,,,2,2,1,1.0,7
201400059780,0014-09-19 23:25:00,14,9,19,23,25,974,16,"SANS, DES OLIVINES(RUE)",,,Nuit sans éclairage public,Hors agglomération,Hors intersection,Normale,Sans collision,,,,,,,,,,,3,1,1,1.0,7
201400059781,0014-09-20 18:20:00,14,9,20,18,20,974,16,RN1,,,Crépuscule ou aube,Hors agglomération,Hors intersection,Normale,Deux véhicules - arrière,,,,,,,,,,,2,1,1,1.0,2
201400059782,0014-09-25 07:10:00,14,9,25,7,10,974,16,"SANS, GAGARINE (RUE YOUR",,,Crépuscule ou aube,En agglomération,Hors intersection,Normale,Sans collision,,,,,,,,,,,2,2,1,1.0,7
201400059783,0014-09-28 10:00:00,14,9,28,10,0,974,16,"SANS, BANK (BOULEVARD)",,,Plein jour,En agglomération,Hors intersection,Normale,Sans collision,,,,,,,,,,,1,2,1,1.0,7
201400059784,0014-09-29 17:50:00,14,9,29,17,50,974,16,"SANS, MAURICE THOREZ(CHE",,,Crépuscule ou aube,Hors agglomération,Hors intersection,Normale,Deux véhicules - frontale,,,,,,,,,,,2,1,1,1.0,1
201400059785,0014-09-29 10:00:00,14,9,29,10,0,974,16,"SANS, LEBLOND 1 (RUE MAR",,,Plein jour,En agglomération,Intersection en X,Normale,Sans collision,,,,,,,,,,,1,2,2,1.0,7
201400059786,0014-09-30 15:40:00,14,9,30,15,40,974,16,"SANS, PRESBYTERE (RUE DU",,,Plein jour,En agglomération,Intersection en X,Normale,Sans collision,,,,,,,,,,,1,2,2,1.0,7
201400059787,0014-09-30 23:04:00,14,9,30,23,4,974,16,"SANS, BAILLIE (CHEMIN)",,,Nuit sans éclairage public,Hors agglomération,Hors intersection,Normale,Sans collision,,,,,,,,,,,3,1,1,1.0,7
201400059788,0014-10-01 07:40:00,14,10,1,7,40,974,16,RN2 (1),,,Plein jour,Hors agglomération,Hors intersection,Normale,Deux véhicules - arrière,,,,,,,,,,,1,1,1,1.0,2
201400059789,0014-10-01 15:00:00,14,10,1,15,0,974,16,"SANS, DONAT(RUE LUC)",,,Plein jour,En agglomération,Hors intersection,Normale,Sans collision,,,,,,,,,,,1,2,1,1.0,7
201400059790,0014-10-07 17:00:00,14,10,7,17,0,974,16,RN3 (3),,,Plein jour,Hors agglomération,Hors intersection,Normale,Trois véhicules et plus - en chaîne,,,,,,,,,,,1,1,1,1.0,4
201400059791,0014-10-03 07:10:00,14,10,3,7,10,974,16,"110, MAHY (RUE FRANCOIS",,,Crépuscule ou aube,En agglomération,Hors intersection,Normale,Sans collision,,,,,,,,,,,2,2,1,1.0,7
201400059792,0014-10-04 03:30:00,14,10,4,3,30,974,16,"SANS, GENERAL DE GAULLE",,,Nuit avec éclairage allumé,En agglomération,Giratoire,Normale,Sans collision,,,,,,,,,,,5,2,6,1.0,7
201400059793,0014-10-05 18:45:00,14,10,5,18,45,974,16,"111, HIPPOLYTE  PIOT (RU",,,Crépuscule ou aube,En agglomération,Hors intersection,Normale,Trois véhicules et plus - collisions multiples,,,,,,,,,,,2,2,1,1.0,5
201400059794,0014-10-06 13:10:00,14,10,6,13,10,974,16,"2, BASSIN PLAT(CHEMIN)",,,Plein jour,Hors agglomération,Hors intersection,Normale,Sans collision,,,,,,,,,,,1,1,1,1.0,7
201400059795,0014-10-07 19:10:00,14,10,7,19,10,974,16,RN1 (ROUTE NATIONALE),,,Nuit sans éclairage public,Hors agglomération,Hors intersection,Normale,Deux véhicules - arrière,,,,,,,,,,,3,1,1,1.0,2
201400059796,0014-10-09 16:05:00,14,10,9,16,5,974,16,RN3 (1),,,Plein jour,Hors agglomération,Intersection en T,Normale,Sans collision,,,,,,,,,,,1,1,3,1.0,7
201400059797,0014-10-13 08:05:00,14,10,13,8,5,974,16,RN3 (1),,,Plein jour,Hors agglomération,Hors intersection,Pluie légère,Sans collision,,,,,,,,,,,1,1,1,2.0,7
201400059798,0014-10-13 12:15:00,14,10,13,12,15,974,16,"SANS, LIGNE PARADIS(ROUT",,,Plein jour,Hors agglomération,Intersection en X,Normale,Deux véhicules - côté,,,,,,,,,,,1,1,2,1.0,3
201400059799,0014-10-13 14:00:00,14,10,13,14,0,974,16,RN1 (ROUTE NATIONALE),,,Plein jour,Hors agglomération,Autre intersection,Normale,Deux véhicules - arrière,,,,,,,,,,,1,1,9,1.0,2
201400059800,0014-10-13 14:30:00,14,10,13,14,30,974,16,"8, PASTEUR (RUE)",,,Plein jour,En agglomération,Hors intersection,Normale,Deux véhicules - arrière,,,,,,,,,,,1,2,1,1.0,2
201400059801,0014-10-16 18:50:00,14,10,16,18,50,974,16,"130, DU LYCEE(RUE)",,,Crépuscule ou aube,En agglomération,Intersection en T,Normale,Deux véhicules - côté,,,,,,,,,,,2,2,3,1.0,3
201400059802,0014-10-17 15:35:00,14,10,17,15,35,974,16,"44 BIS, CONCESSION CONDE",,,Plein jour,Hors agglomération,Hors intersection,Normale,Sans collision,,,,,,,,,,,1,1,1,1.0,7
201400059803,0014-10-17 19:15:00,14,10,17,19,15,974,16,"SANS, BABET (RUE AUGUSTE",,,Nuit avec éclairage allumé,En agglomération,Intersection en T,Normale,Deux véhicules - arrière,,,,,,,,,,,5,2,3,1.0,2
201400059804,0014-10-18 03:00:00,14,10,18,3,0,974,16,RN2 (1),,,Nuit sans éclairage public,Hors agglomération,Hors intersection,Normale,Deux véhicules - frontale,,,,,,,,,,,3,1,1,1.0,1
201400059805,0014-10-20 02:35:00,14,10,20,2,35,974,16,RN1,,,Nuit sans éclairage public,Hors agglomération,Hors intersection,Normale,Sans collision,,,,,,,,,,,3,1,1,1.0,7
201400059806,0014-10-22 20:05:00,14,10,22,20,5,974,16,"119, ANCIENNE RN 1",,,Nuit sans éclairage public,Hors agglomération,Hors intersection,Normale,Sans collision,,,,,,,,,,,3,1,1,1.0,7
201400059807,0014-10-23 09:30:00,14,10,23,9,30,974,16,RN2 (1),,,Plein jour,Hors agglomération,Hors intersection,Normale,Sans collision,,,,,,,,,,,1,1,1,1.0,7
201400059808,0014-10-26 03:30:00,14,10,26,3,30,974,16,RN1 (ROUTE NATIONALE),,,Nuit sans éclairage public,Hors agglomération,Hors intersection,Normale,Sans collision,,,,,,,,,,,3,1,1,1.0,7
201400059809,0014-10-26 10:00:00,14,10,26,10,0,974,16,RN1 (ROUTE NATIONALE),,,Plein jour,Hors agglomération,Hors intersection,Normale,Deux véhicules - côté,,,,,,,,,,,1,1,1,1.0,3
201400059810,0014-10-28 23:00:00,14,10,28,23,0,974,16,RN1 (ROUTE NATIONALE),,,Nuit sans éclairage public,Hors agglomération,Hors intersection,Normale,Sans collision,,,,,,,,,,,3,1,1,1.0,7
201400059811,0014-10-29 12:45:00,14,10,29,12,45,974,16,"SANS, STEPHANE (CHEMIN)",,,Plein jour,Hors agglomération,Intersection en X,Normale,Deux véhicules - côté,,,,,,,,,,,1,1,2,1.0,3
201400059812,0014-10-30 08:35:00,14,10,30,8,35,974,16,"SANS, ANCIENNE RN 1",,,Plein jour,Hors agglomération,Hors intersection,Normale,Sans collision,,,,,,,,,,,1,1,1,1.0,7
201400059813,0014-11-03 07:20:00,14,11,3,7,20,974,16,"SANS, GENERAL DE GAULLE",,,Plein jour,En agglomération,Intersection en X,Normale,Sans collision,,,,,,,,,,,1,2,2,1.0,7
201400059814,0014-11-06 11:45:00,14,11,6,11,45,974,16,"SANS, PARADIS (LIGNE) (1",,,Plein jour,Hors agglomération,Autre intersection,Normale,Deux véhicules - arrière,,,,,,,,,,,1,1,9,1.0,2
201400059815,0014-11-06 17:31:00,14,11,6,17,31,974,16,"72, AUBEPINES (CHEMINS D",,,Crépuscule ou aube,Hors agglomération,Hors intersection,Normale,Deux véhicules - frontale,,,,,,,,,,,2,1,1,1.0,1
201400059816,0014-11-06 18:00:00,14,11,6,18,0,974,16,"SANS, LORION (RUE LUC)",,,Crépuscule ou aube,En agglomération,Hors intersection,Normale,Sans collision,,,,,,,,,,,2,2,1,1.0,7
201400059817,0014-11-06 15:00:00,14,11,6,15,0,974,16,RN3 (1),,,Plein jour,Hors agglomération,Hors intersection,Normale,Deux véhicules - arrière,,,,,,,,,,,1,1,1,1.0,2
201400059818,0014-11-08 18:40:00,14,11,8,18,40,974,16,RN3 (1),,,Crépuscule ou aube,Hors agglomération,Hors intersection,Normale,Trois véhicules et plus - en chaîne,,,,,,,,,,,2,1,1,1.0,4
201400059819,0014-11-09 00:26:00,14,11,9,0,26,974,16,"SANS, BONS ENFANTS (RUE",,,Nuit avec éclairage allumé,En agglomération,Intersection en X,Normale,Deux véhicules - côté,,,,,,,,,,,5,2,2,1.0,3
201400059820,0014-11-11 04:00:00,14,11,11,4,0,974,16,"SANS, DELISLES (ROUTE HU",,,Nuit avec éclairage allumé,En agglomération,Intersection en T,Normale,Sans collision,,,,,,,,,,,5,2,3,1.0,7
201400059821,0014-11-12 05:20:00,14,11,12,5,20,974,16,RN1 (ROUTE NATIONALE),,,Nuit sans éclairage public,Hors agglomération,Hors intersection,Normale,Sans collision,,,,,,,,,,,3,1,1,1.0,7
201400059822,0014-11-12 09:30:00,14,11,12,9,30,974,16,"SANS, CEDRES (ALLEE DES)",,,Plein jour,Hors agglomération,Hors intersection,Normale,Sans collision,,,,,,,,,,,1,1,1,1.0,7
201400059823,0014-11-13 01:30:00,14,11,13,1,30,974,16,"SANS, MITTERAND (AVENUE",,,Nuit sans éclairage public,En agglomération,Intersection en T,Normale,Sans collision,,,,,,,,,,,3,2,3,1.0,7
201400059824,0014-11-13 12:30:00,14,11,13,12,30,974,16,RN3 (1),,,Plein jour,Hors agglomération,Hors intersection,Normale,Sans collision,,,,,,,,,,,1,1,1,1.0,7
201400059825,0014-11-13 17:45:00,14,11,13,17,45,974,16,"SANS, CONCESSION CONDE (",,,Plein jour,Hors agglomération,Hors intersection,Normale,Deux véhicules - frontale,,,,,,,,,,,1,1,1,1.0,1
201400059826,0014-11-14 07:10:00,14,11,14,7,10,974,16,"SANS, BASSIN PLAT(CHEMIN",,,Crépuscule ou aube,Hors agglomération,Intersection en T,Normale,Deux véhicules - arrière,,,,,,,,,,,2,1,3,1.0,2
201400059827,0014-11-15 11:55:00,14,11,15,11,55,974,16,"SANS, D28 LIGNE DES BAMB",,,Plein jour,En agglomération,Hors intersection,Normale,Sans collision,,,,,,,,,,,1,2,1,1.0,7
201400059828,0014-11-16 02:15:00,14,11,16,2,15,974,16,"SANS, BADAMIER (CHEMIN)",,,Nuit sans éclairage public,Hors agglomération,Hors intersection,Normale,Sans collision,,,,,,,,,,,3,1,1,1.0,7
201400059829,0014-11-16 21:05:00,14,11,16,21,5,974,16,"SANS, PARADIS (LIGNE) (1",,,Nuit sans éclairage public,Hors agglomération,Intersection en X,Normale,Deux véhicules - côté,,,,,,,,,,,3,1,2,1.0,3
201400059830,0014-11-19 19:40:00,14,11,19,19,40,974,16,RN3 (1),,,Nuit sans éclairage public,Hors agglomération,Hors intersection,Normale,Sans collision,,,,,,,,,,,3,1,1,1.0,7
201400059831,0014-11-20 07:25:00,14,11,20,7,25,974,16,"18, ISAUTIER (AVENUE CHA",,,Crépuscule ou aube,En agglomération,Hors intersection,Normale,Deux véhicules - côté,,,,,,,,,,,2,2,1,1.0,3
201400059832,0014-11-20 16:20:00,14,11,20,16,20,974,16,RN2 (1),,,Plein jour,En agglomération,Hors intersection,Normale,Deux véhicules - arrière,,,,,,,,,,,1,2,1,1.0,2
201400059833,0014-11-23 15:40:00,14,11,23,15,40,974,16,"SANS, GAGARINE (RUE YOUR",,,Plein jour,En agglomération,Hors intersection,Normale,Sans collision,,,,,,,,,,,1,2,1,1.0,7
201400059834,0014-11-23 16:45:00,14,11,23,16,45,974,16,"SANS, RN3 (ANCIENNE ROUT",,,Plein jour,Hors agglomération,Hors intersection,Normale,Deux véhicules - frontale,,,,,,,,,,,1,1,1,1.0,1
201400059835,0014-11-26 04:25:00,14,11,26,4,25,974,16,RN1 (ROUTE NATIONALE),,,Nuit sans éclairage public,Hors agglomération,Hors intersection,Normale,Sans collision,,,,,,,,,,,3,1,1,1.0,7
201400059836,0014-11-28 16:40:00,14,11,28,16,40,974,16,"SANS, BADAMIER (CHEMIN)",,,Plein jour,Hors agglomération,Hors intersection,Normale,Sans collision,,,,,,,,,,,1,1,1,1.0,7
201400059837,0014-11-28 15:45:00,14,11,28,15,45,974,16,RN3 (1),,,Plein jour,Hors agglomération,Hors intersection,Normale,Sans collision,,,,,,,,,,,1,1,1,1.0,7
201400059838,0014-11-29 04:06:00,14,11,29,4,6,974,16,RN2 (2),,,Nuit sans éclairage public,Hors agglomération,Hors intersection,Normale,Deux véhicules - frontale,,,,,,,,,,,3,1,1,1.0,1
201400059839,0014-11-30 10:40:00,14,11,30,10,40,974,16,RN3 (1),,,Plein jour,Hors agglomération,Hors intersection,Normale,Deux véhicules - côté,,,,,,,,,,,1,1,1,1.0,3
201400059840,0014-12-01 15:35:00,14,12,1,15,35,974,16,RN3 (1),,,Plein jour,Hors agglomération,Hors intersection,Normale,Deux véhicules - arrière,,,,,,,,,,,1,1,1,1.0,2
201400059841,0014-12-05 11:29:00,14,12,5,11,29,974,16,"48, CAUMONT",,,Plein jour,En agglomération,Hors intersection,Normale,Sans collision,,,,,,,,,,,1,2,1,1.0,7
201400059842,0014-12-05 21:00:00,14,12,5,21,0,974,16,"SANS, MAURICE THOREZ(CHE",,,Nuit sans éclairage public,Hors agglomération,Hors intersection,Normale,Deux véhicules - frontale,,,,,,,,,,,3,1,1,1.0,1
201400059843,0014-12-07 09:10:00,14,12,7,9,10,974,16,"695, ANTOINE PICARD(CHEM",,,Plein jour,Hors agglomération,Hors intersection,Normale,Deux véhicules - côté,,,,,,,,,,,1,1,1,1.0,3
201400059844,0014-12-14 21:30:00,14,12,14,21,30,974,16,"72, CONCESSION CONDE (CH",,,Nuit sans éclairage public,Hors agglomération,Hors intersection,Normale,Deux véhicules - frontale,,,,,,,,,,,3,1,1,1.0,1
201400059845,0014-12-17 07:30:00,14,12,17,7,30,974,16,"sans, CEDRES (ALLEE DES)",,,Crépuscule ou aube,Hors agglomération,Giratoire,Normale,Deux véhicules - arrière,,,,,,,,,,,2,1,6,1.0,2
201400059846,0014-12-17 15:30:00,14,12,17,15,30,974,16,"SANS, ROLLAND GARROS (CH",,,Plein jour,Hors agglomération,Hors intersection,Pluie légère,Sans collision,,,,,,,,,,,1,1,1,2.0,7
201400059847,0014-12-20 11:05:00,14,12,20,11,5,974,16,RN2 (1),,,Plein jour,Hors agglomération,Hors intersection,Normale,Deux véhicules - arrière,,,,,,,,,,,1,1,1,1.0,2
201400059848,0014-12-20 22:20:00,14,12,20,22,20,974,16,"SANS, LYCEE (CHEMIN DU)",,,Nuit sans éclairage public,En agglomération,Hors intersection,Normale,Sans collision,,,,,,,,,,,3,2,1,1.0,7
201400059849,0014-12-23 18:45:00,14,12,23,18,45,974,16,"SANS, MAHATMA GANDHI(RUE",,,Crépuscule ou aube,En agglomération,Hors intersection,Normale,Deux véhicules - côté,,,,,,,,,,,2,2,1,1.0,3
201400059850,0014-12-24 17:00:00,14,12,24,17,0,974,16,"SANS, MAURICE THOREZ(CHE",,,Plein jour,En agglomération,Hors intersection,Normale,Sans collision,,,,,,,,,,,1,2,1,1.0,7
201400059851,0014-12-24 18:50:00,14,12,24,18,50,974,16,"SANS, MITTERAND (AVENUE",,,Crépuscule ou aube,En agglomération,Hors intersection,Normale,Sans collision,,,,,,,,,,,2,2,1,1.0,7
201400059852,0014-12-27 01:40:00,14,12,27,1,40,974,16,"SANS, IRFA (CHEMIN DE L'",,,Nuit sans éclairage public,Hors agglomération,Hors intersection,Normale,Sans collision,,,,,,,,,,,3,1,1,1.0,7
201400059853,0014-12-28 11:00:00,14,12,28,11,0,974,16,RN3 (1),,,Plein jour,Hors agglomération,Hors intersection,Normale,Sans collision,,,,,,,,,,,1,1,1,1.0,7
201400059854,0014-12-13 16:10:00,14,12,13,16,10,974,16,"SANS, PARADIS (LIGNE) (1",,,Plein jour,Hors agglomération,Intersection en X,Normale,Trois véhicules et plus - collisions multiples,,,,,,,,,,,1,1,2,1.0,5